city,station_name,time,aqi,pm25,pm10,pm1,no2,so2,co,o3,humidity,temperature,pressure,wind,rain
Jakarta,The Pakubuwono Menteng,2026-05-29 23:54:39,89,89,30,70,,,,,56,28.9,,,
Depok,Cinere - Nafas,2026-05-28 01:30:22,-,72,22,50,,,,,57,26.9,,,
Bogor,Kabupaten Bogor Leuwiliang,2026-05-29 23:00:00,71,64,30,,4,10,0,71,,,,,
Tangerang,Tangerang Pasir Jaya,2026-05-29 23:00:00,57,57,33,,59,63,0,26,,,,,
Bekasi,Bekasi Kayuringin,2026-05-29 08:00:00,-,95,48,,48,13,0,2,,,,,
Jakarta,The Pakubuwono Menteng,2026-05-29 23:57:40,86,86,28,71,,,,,56,28.9,,,
Depok,Cinere - Nafas,2026-05-28 01:30:22,-,72,22,50,,,,,57,26.9,,,
Bogor,Kabupaten Bogor Leuwiliang,2026-05-29 23:00:00,71,64,30,,4,10,0,71,,,,,
Tangerang,Tangerang Pasir Jaya,2026-05-29 23:00:00,57,57,33,,59,63,0,26,,,,,
Bekasi,Bekasi Kayuringin,2026-05-29 08:00:00,-,95,48,,48,13,0,2,,,,,
Jakarta,The Pakubuwono Menteng,2026-05-29 23:57:40,86,86,28,71,,,,,56,28.9,,,
Depok,Cinere - Nafas,2026-05-28 01:30:22,-,72,22,50,,,,,57,26.9,,,
Bogor,Kabupaten Bogor Leuwiliang,2026-05-29 23:00:00,71,64,30,,4,10,0,71,,,,,
Tangerang,Tangerang Pasir Jaya,2026-05-29 23:00:00,57,57,33,,59,63,0,26,,,,,
Bekasi,Bekasi Kayuringin,2026-05-29 08:00:00,-,95,48,,48,13,0,2,,,,,
Jakarta,The Pakubuwono Menteng,2026-05-29 23:59:39,84,84,26,67,,,,,56,28.9,,,
Depok,Cinere - Nafas,2026-05-28 01:30:22,-,72,22,50,,,,,57,26.9,,,
Bogor,Kabupaten Bogor Leuwiliang,2026-05-29 23:00:00,71,64,30,,4,10,0,71,,,,,
Tangerang,Tangerang Pasir Jaya,2026-05-29 23:00:00,57,57,33,,59,63,0,26,,,,,
Bekasi,Bekasi Kayuringin,2026-05-29 08:00:00,-,95,48,,48,13,0,2,,,,,
Jakarta,The Pakubuwono Menteng,2026-05-29 23:59:39,84,84,26,67,,,,,56,28.9,,,
Depok,Cinere - Nafas,2026-05-28 01:30:22,-,72,22,50,,,,,57,26.9,,,
Bogor,Kabupaten Bogor Leuwiliang,2026-05-30 00:00:00,71,64,31,,4,10,0,71,,,,,
Tangerang,Tangerang Pasir Jaya,2026-05-30 00:00:00,57,57,33,,59,63,0,26,,,,,
Bekasi,Bekasi Kayuringin,2026-05-29 08:00:00,-,95,48,,48,13,0,2,,,,,
Jakarta,The Pakubuwono Menteng,2026-05-30 00:01:39,79,79,24,65,,,,,56,28.9,,,
Depok,Cinere - Nafas,2026-05-28 01:30:22,-,72,22,50,,,,,57,26.9,,,
Bogor,Kabupaten Bogor Leuwiliang,2026-05-30 00:00:00,71,64,31,,4,10,0,71,,,,,
Tangerang,Tangerang Pasir Jaya,2026-05-30 00:00:00,57,57,33,,59,63,0,26,,,,,
Bekasi,Bekasi Kayuringin,2026-05-29 08:00:00,-,95,48,,48,13,0,2,,,,,
Jakarta,The Pakubuwono Menteng,2026-05-30 00:03:39,80,80,25,62,,,,,56,28.9,,,
Depok,Cinere - Nafas,2026-05-28 01:30:22,-,72,22,50,,,,,57,26.9,,,
Bogor,Kabupaten Bogor Leuwiliang,2026-05-30 00:00:00,71,64,31,,4,10,0,71,,,,,
Tangerang,Tangerang Pasir Jaya,2026-05-30 00:00:00,57,57,33,,59,63,0,26,,,,,
Bekasi,Bekasi Kayuringin,2026-05-29 08:00:00,-,95,48,,48,13,0,2,,,,,
Jakarta,The Pakubuwono Menteng,2026-05-30 00:03:39,80,80,25,62,,,,,56,28.9,,,
Depok,Cinere - Nafas,2026-05-28 01:30:22,-,72,22,50,,,,,57,26.9,,,
Bogor,Kabupaten Bogor Leuwiliang,2026-05-30 00:00:00,71,64,31,,4,10,0,71,,,,,
Tangerang,Tangerang Pasir Jaya,2026-05-30 00:00:00,57,57,33,,59,63,0,26,,,,,
Bekasi,Bekasi Kayuringin,2026-05-29 08:00:00,-,95,48,,48,13,0,2,,,,,
Jakarta,The Pakubuwono Menteng,2026-05-30 00:05:39,80,80,29,70,,,,,56,28.9,,,
Depok,Cinere - Nafas,2026-05-28 01:30:22,-,72,22,50,,,,,57,26.9,,,
Bogor,Kabupaten Bogor Leuwiliang,2026-05-30 00:00:00,71,64,31,,4,10,0,71,,,,,
Tangerang,Tangerang Pasir Jaya,2026-05-30 00:00:00,57,57,33,,59,63,0,26,,,,,
Bekasi,Bekasi Kayuringin,2026-05-29 08:00:00,-,95,48,,48,13,0,2,,,,,
Jakarta,The Pakubuwono Menteng,2026-05-30 00:05:39,80,80,29,70,,,,,56,28.9,,,
Depok,Cinere - Nafas,2026-05-28 01:30:22,-,72,22,50,,,,,57,26.9,,,
Bogor,Kabupaten Bogor Leuwiliang,2026-05-30 00:00:00,71,64,31,,4,10,0,71,,,,,
Tangerang,Tangerang Pasir Jaya,2026-05-30 00:00:00,57,57,33,,59,63,0,26,,,,,
Bekasi,Bekasi Kayuringin,2026-05-29 08:00:00,-,95,48,,48,13,0,2,,,,,
Jakarta,The Pakubuwono Menteng,2026-05-30 00:07:39,81,81,25,68,,,,,56,28.9,,,
Depok,Cinere - Nafas,2026-05-28 01:30:22,-,72,22,50,,,,,57,26.9,,,
Bogor,Kabupaten Bogor Leuwiliang,2026-05-30 00:00:00,71,64,31,,4,10,0,71,,,,,
Tangerang,Tangerang Pasir Jaya,2026-05-30 00:00:00,57,57,33,,59,63,0,26,,,,,
Bekasi,Bekasi Kayuringin,2026-05-29 08:00:00,-,95,48,,48,13,0,2,,,,,
Jakarta,The Pakubuwono Menteng,2026-05-30 00:07:39,81,81,25,68,,,,,56,28.9,,,
Depok,Cinere - Nafas,2026-05-28 01:30:22,-,72,22,50,,,,,57,26.9,,,
Bogor,Kabupaten Bogor Leuwiliang,2026-05-30 00:00:00,71,64,31,,4,10,0,71,,,,,
Tangerang,Tangerang Pasir Jaya,2026-05-30 00:00:00,57,57,33,,59,63,0,26,,,,,
Bekasi,Bekasi Kayuringin,2026-05-29 08:00:00,-,95,48,,48,13,0,2,,,,,
Jakarta,The Pakubuwono Menteng,2026-05-30 00:07:39,81,81,25,68,,,,,56,28.9,,,
Depok,Cinere - Nafas,2026-05-28 01:30:22,-,72,22,50,,,,,57,26.9,,,
Bogor,Kabupaten Bogor Leuwiliang,2026-05-30 00:00:00,71,64,31,,4,10,0,71,,,,,
Tangerang,Tangerang Pasir Jaya,2026-05-30 00:00:00,57,57,33,,59,63,0,26,,,,,
Bekasi,Bekasi Kayuringin,2026-05-29 08:00:00,-,95,48,,48,13,0,2,,,,,
Jakarta,The Pakubuwono Menteng,2026-05-30 00:10:39,79,79,24,67,,,,,56,28.9,,,
Depok,Cinere - Nafas,2026-05-28 01:30:22,-,72,22,50,,,,,57,26.9,,,
Bogor,Kabupaten Bogor Leuwiliang,2026-05-30 00:00:00,71,64,31,,4,10,0,71,,,,,
Tangerang,Tangerang Pasir Jaya,2026-05-30 00:00:00,57,57,33,,59,63,0,26,,,,,
Bekasi,Bekasi Kayuringin,2026-05-29 08:00:00,-,95,48,,48,13,0,2,,,,,
Jakarta,The Pakubuwono Menteng,2026-05-30 00:10:39,79,79,24,67,,,,,56,28.9,,,
Depok,Cinere - Nafas,2026-05-28 01:30:22,-,72,22,50,,,,,57,26.9,,,
Bogor,Kabupaten Bogor Leuwiliang,2026-05-30 00:00:00,71,64,31,,4,10,0,71,,,,,
Tangerang,Tangerang Pasir Jaya,2026-05-30 00:00:00,57,57,33,,59,63,0,26,,,,,
Bekasi,Bekasi Kayuringin,2026-05-29 08:00:00,-,95,48,,48,13,0,2,,,,,
Jakarta,The Pakubuwono Menteng,2026-05-30 00:12:39,86,86,28,69,,,,,56,28.9,,,
Depok,Cinere - Nafas,2026-05-28 01:30:22,-,72,22,50,,,,,57,26.9,,,
Bogor,Kabupaten Bogor Leuwiliang,2026-05-30 00:00:00,71,64,31,,4,10,0,71,,,,,
Tangerang,Tangerang Pasir Jaya,2026-05-30 00:00:00,57,57,33,,59,63,0,26,,,,,
Bekasi,Bekasi Kayuringin,2026-05-29 08:00:00,-,95,48,,48,13,0,2,,,,,
Jakarta,The Pakubuwono Menteng,2026-05-30 00:15:39,83,83,27,68,,,,,56,28.9,,,
Depok,Cinere - Nafas,2026-05-28 01:30:22,-,72,22,50,,,,,57,26.9,,,
Bogor,Kabupaten Bogor Leuwiliang,2026-05-30 00:00:00,71,64,31,,4,10,0,71,,,,,
Tangerang,Tangerang Pasir Jaya,2026-05-30 00:00:00,57,57,33,,59,63,0,26,,,,,
Bekasi,Bekasi Kayuringin,2026-05-29 08:00:00,-,95,48,,48,13,0,2,,,,,
Jakarta,The Pakubuwono Menteng,2026-05-30 00:15:39,83,83,27,68,,,,,56,28.9,,,
Depok,Cinere - Nafas,2026-05-28 01:30:22,-,72,22,50,,,,,57,26.9,,,
Bogor,Kabupaten Bogor Leuwiliang,2026-05-30 00:00:00,71,64,31,,4,10,0,71,,,,,
Tangerang,Tangerang Pasir Jaya,2026-05-30 00:00:00,57,57,33,,59,63,0,26,,,,,
Bekasi,Bekasi Kayuringin,2026-05-29 08:00:00,-,95,48,,48,13,0,2,,,,,
Jakarta,The Pakubuwono Menteng,2026-05-30 00:15:39,83,83,27,68,,,,,56,28.9,,,
Depok,Cinere - Nafas,2026-05-28 01:30:22,-,72,22,50,,,,,57,26.9,,,
Bogor,Kabupaten Bogor Leuwiliang,2026-05-30 00:00:00,71,64,31,,4,10,0,71,,,,,
Tangerang,Tangerang Pasir Jaya,2026-05-30 00:00:00,57,57,33,,59,63,0,26,,,,,
Bekasi,Bekasi Kayuringin,2026-05-29 08:00:00,-,95,48,,48,13,0,2,,,,,
Jakarta,The Pakubuwono Menteng,2026-05-30 00:17:39,79,79,26,66,,,,,56,28.9,,,
Depok,Cinere - Nafas,2026-05-28 01:30:22,-,72,22,50,,,,,57,26.9,,,
Bogor,Kabupaten Bogor Leuwiliang,2026-05-30 00:00:00,71,64,31,,4,10,0,71,,,,,
Tangerang,Tangerang Pasir Jaya,2026-05-30 00:00:00,57,57,33,,59,63,0,26,,,,,
Bekasi,Bekasi Kayuringin,2026-05-29 08:00:00,-,95,48,,48,13,0,2,,,,,
Jakarta,The Pakubuwono Menteng,2026-05-30 00:17:39,79,79,26,66,,,,,56,28.9,,,
Depok,Cinere - Nafas,2026-05-28 01:30:22,-,72,22,50,,,,,57,26.9,,,
Bogor,Kabupaten Bogor Leuwiliang,2026-05-30 00:00:00,71,64,31,,4,10,0,71,,,,,
Tangerang,Tangerang Pasir Jaya,2026-05-30 00:00:00,57,57,33,,59,63,0,26,,,,,
Bekasi,Bekasi Kayuringin,2026-05-29 08:00:00,-,95,48,,48,13,0,2,,,,,
Jakarta,The Pakubuwono Menteng,2026-05-30 00:21:39,87,87,30,70,,,,,56,28.9,,,
Depok,Cinere - Nafas,2026-05-28 01:30:22,-,72,22,50,,,,,57,26.9,,,
Bogor,Kabupaten Bogor Leuwiliang,2026-05-30 00:00:00,71,64,31,,4,10,0,71,,,,,
Tangerang,Tangerang Pasir Jaya,2026-05-30 00:00:00,57,57,33,,59,63,0,26,,,,,
Bekasi,Bekasi Kayuringin,2026-05-29 08:00:00,-,95,48,,48,13,0,2,,,,,
Jakarta,The Pakubuwono Menteng,2026-05-30 00:21:39,87,87,30,70,,,,,56,28.9,,,
Depok,Cinere - Nafas,2026-05-28 01:30:22,-,72,22,50,,,,,57,26.9,,,
Bogor,Kabupaten Bogor Leuwiliang,2026-05-30 00:00:00,71,64,31,,4,10,0,71,,,,,
Tangerang,Tangerang Pasir Jaya,2026-05-30 00:00:00,57,57,33,,59,63,0,26,,,,,
Bekasi,Bekasi Kayuringin,2026-05-29 08:00:00,-,95,48,,48,13,0,2,,,,,
Jakarta,The Pakubuwono Menteng,2026-05-30 00:21:39,87,87,30,70,,,,,56,28.9,,,
Depok,Cinere - Nafas,2026-05-28 01:30:22,-,72,22,50,,,,,57,26.9,,,
Bogor,Kabupaten Bogor Leuwiliang,2026-05-30 00:00:00,71,64,31,,4,10,0,71,,,,,
Tangerang,Tangerang Pasir Jaya,2026-05-30 00:00:00,57,57,33,,59,63,0,26,,,,,
Bekasi,Bekasi Kayuringin,2026-05-29 08:00:00,-,95,48,,48,13,0,2,,,,,
Jakarta,The Pakubuwono Menteng,2026-05-30 00:23:39,83,83,28,66,,,,,56,28.9,,,
Depok,Cinere - Nafas,2026-05-28 01:30:22,-,72,22,50,,,,,57,26.9,,,
Bogor,Kabupaten Bogor Leuwiliang,2026-05-30 00:00:00,71,64,31,,4,10,0,71,,,,,
Tangerang,Tangerang Pasir Jaya,2026-05-30 00:00:00,57,57,33,,59,63,0,26,,,,,
Bekasi,Bekasi Kayuringin,2026-05-29 08:00:00,-,95,48,,48,13,0,2,,,,,
Jakarta,The Pakubuwono Menteng,2026-05-30 00:23:39,83,83,28,66,,,,,56,28.9,,,
Depok,Cinere - Nafas,2026-05-28 01:30:22,-,72,22,50,,,,,57,26.9,,,
Bogor,Kabupaten Bogor Leuwiliang,2026-05-30 00:00:00,71,64,31,,4,10,0,71,,,,,
Tangerang,Tangerang Pasir Jaya,2026-05-30 00:00:00,57,57,33,,59,63,0,26,,,,,
Bekasi,Bekasi Kayuringin,2026-05-29 08:00:00,-,95,48,,48,13,0,2,,,,,
Jakarta,The Pakubuwono Menteng,2026-05-30 00:26:39,84,84,30,66,,,,,56,28.9,,,
Depok,Cinere - Nafas,2026-05-28 01:30:22,-,72,22,50,,,,,57,26.9,,,
Bogor,Kabupaten Bogor Leuwiliang,2026-05-30 00:00:00,71,64,31,,4,10,0,71,,,,,
Tangerang,Tangerang Pasir Jaya,2026-05-30 00:00:00,57,57,33,,59,63,0,26,,,,,
Bekasi,Bekasi Kayuringin,2026-05-29 08:00:00,-,95,48,,48,13,0,2,,,,,
Jakarta,The Pakubuwono Menteng,2026-05-30 00:26:39,84,84,30,66,,,,,56,28.9,,,
Depok,Cinere - Nafas,2026-05-28 01:30:22,-,72,22,50,,,,,57,26.9,,,
Bogor,Kabupaten Bogor Leuwiliang,2026-05-30 00:00:00,71,64,31,,4,10,0,71,,,,,
Tangerang,Tangerang Pasir Jaya,2026-05-30 00:00:00,57,57,33,,59,63,0,26,,,,,
Bekasi,Bekasi Kayuringin,2026-05-29 08:00:00,-,95,48,,48,13,0,2,,,,,
Jakarta,The Pakubuwono Menteng,2026-05-30 00:29:40,91,91,31,70,,,,,56,28.9,,,
Depok,Cinere - Nafas,2026-05-28 01:30:22,-,72,22,50,,,,,57,26.9,,,
Bogor,Kabupaten Bogor Leuwiliang,2026-05-30 00:00:00,71,64,31,,4,10,0,71,,,,,
Tangerang,Tangerang Pasir Jaya,2026-05-30 00:00:00,57,57,33,,59,63,0,26,,,,,
Bekasi,Bekasi Kayuringin,2026-05-29 08:00:00,-,95,48,,48,13,0,2,,,,,
Jakarta,The Pakubuwono Menteng,2026-05-30 00:29:40,91,91,31,70,,,,,56,28.9,,,
Depok,Cinere - Nafas,2026-05-28 01:30:22,-,72,22,50,,,,,57,26.9,,,
Bogor,Kabupaten Bogor Leuwiliang,2026-05-30 00:00:00,71,64,31,,4,10,0,71,,,,,
Tangerang,Tangerang Pasir Jaya,2026-05-30 00:00:00,57,57,33,,59,63,0,26,,,,,
Bekasi,Bekasi Kayuringin,2026-05-29 08:00:00,-,95,48,,48,13,0,2,,,,,
Jakarta,The Pakubuwono Menteng,2026-05-30 00:32:40,92,92,34,71,,,,,57,28.9,,,
Depok,Cinere - Nafas,2026-05-28 01:30:22,-,72,22,50,,,,,57,26.9,,,
Bogor,Kabupaten Bogor Leuwiliang,2026-05-30 00:00:00,71,64,31,,4,10,0,71,,,,,
Tangerang,Tangerang Pasir Jaya,2026-05-30 00:00:00,57,57,33,,59,63,0,26,,,,,
Bekasi,Bekasi Kayuringin,2026-05-29 08:00:00,-,95,48,,48,13,0,2,,,,,
Jakarta,The Pakubuwono Menteng,2026-05-30 00:32:40,92,92,34,71,,,,,57,28.9,,,
Depok,Cinere - Nafas,2026-05-28 01:30:22,-,72,22,50,,,,,57,26.9,,,
Bogor,Kabupaten Bogor Leuwiliang,2026-05-30 00:00:00,71,64,31,,4,10,0,71,,,,,
Tangerang,Tangerang Pasir Jaya,2026-05-30 00:00:00,57,57,33,,59,63,0,26,,,,,
Bekasi,Bekasi Kayuringin,2026-05-29 08:00:00,-,95,48,,48,13,0,2,,,,,
Jakarta,The Pakubuwono Menteng,2026-05-30 00:34:40,99,99,35,74,,,,,56,28.9,,,
Depok,Cinere - Nafas,2026-05-28 01:30:22,-,72,22,50,,,,,57,26.9,,,
Bogor,Kabupaten Bogor Leuwiliang,2026-05-30 00:00:00,71,64,31,,4,10,0,71,,,,,
Tangerang,Tangerang Pasir Jaya,2026-05-30 00:00:00,57,57,33,,59,63,0,26,,,,,
Bekasi,Bekasi Kayuringin,2026-05-29 08:00:00,-,95,48,,48,13,0,2,,,,,
Jakarta,The Pakubuwono Menteng,2026-05-30 00:34:40,99,99,35,74,,,,,56,28.9,,,
Depok,Cinere - Nafas,2026-05-28 01:30:22,-,72,22,50,,,,,57,26.9,,,
Bogor,Kabupaten Bogor Leuwiliang,2026-05-30 00:00:00,71,64,31,,4,10,0,71,,,,,
Tangerang,Tangerang Pasir Jaya,2026-05-30 00:00:00,57,57,33,,59,63,0,26,,,,,
Bekasi,Bekasi Kayuringin,2026-05-29 08:00:00,-,95,48,,48,13,0,2,,,,,
Jakarta,The Pakubuwono Menteng,2026-05-30 00:36:40,92,92,33,72,,,,,56,28.9,,,
Depok,Cinere - Nafas,2026-05-28 01:30:22,-,72,22,50,,,,,57,26.9,,,
Bogor,Kabupaten Bogor Leuwiliang,2026-05-30 00:00:00,71,64,31,,4,10,0,71,,,,,
Tangerang,Tangerang Pasir Jaya,2026-05-30 00:00:00,57,57,33,,59,63,0,26,,,,,
Bekasi,Bekasi Kayuringin,2026-05-29 08:00:00,-,95,48,,48,13,0,2,,,,,
Jakarta,The Pakubuwono Menteng,2026-05-30 00:36:40,92,92,33,72,,,,,56,28.9,,,
Depok,Cinere - Nafas,2026-05-28 01:30:22,-,72,22,50,,,,,57,26.9,,,
Bogor,Kabupaten Bogor Leuwiliang,2026-05-30 00:00:00,71,64,31,,4,10,0,71,,,,,
Tangerang,Tangerang Pasir Jaya,2026-05-30 00:00:00,57,57,33,,59,63,0,26,,,,,
Bekasi,Bekasi Kayuringin,2026-05-29 08:00:00,-,95,48,,48,13,0,2,,,,,
Jakarta,The Pakubuwono Menteng,2026-05-30 00:38:40,97,97,34,75,,,,,57,28.9,,,
Depok,Cinere - Nafas,2026-05-28 01:30:22,-,72,22,50,,,,,57,26.9,,,
Bogor,Kabupaten Bogor Leuwiliang,2026-05-30 00:00:00,71,64,31,,4,10,0,71,,,,,
Tangerang,Tangerang Pasir Jaya,2026-05-30 00:00:00,57,57,33,,59,63,0,26,,,,,
Bekasi,Bekasi Kayuringin,2026-05-29 08:00:00,-,95,48,,48,13,0,2,,,,,
Jakarta,The Pakubuwono Menteng,2026-05-30 00:38:40,97,97,34,75,,,,,57,28.9,,,
Depok,Cinere - Nafas,2026-05-28 01:30:22,-,72,22,50,,,,,57,26.9,,,
Bogor,Kabupaten Bogor Leuwiliang,2026-05-30 00:00:00,71,64,31,,4,10,0,71,,,,,
Tangerang,Tangerang Pasir Jaya,2026-05-30 00:00:00,57,57,33,,59,63,0,26,,,,,
Bekasi,Bekasi Kayuringin,2026-05-29 08:00:00,-,95,48,,48,13,0,2,,,,,
Jakarta,The Pakubuwono Menteng,2026-05-30 00:41:40,95,95,33,73,,,,,57,28.9,,,
Depok,Cinere - Nafas,2026-05-28 01:30:22,-,72,22,50,,,,,57,26.9,,,
Bogor,Kabupaten Bogor Leuwiliang,2026-05-30 00:00:00,71,64,31,,4,10,0,71,,,,,
Tangerang,Tangerang Pasir Jaya,2026-05-30 00:00:00,57,57,33,,59,63,0,26,,,,,
Bekasi,Bekasi Kayuringin,2026-05-29 08:00:00,-,95,48,,48,13,0,2,,,,,
Jakarta,The Pakubuwono Menteng,2026-05-30 00:41:40,95,95,33,73,,,,,57,28.9,,,
Depok,Cinere - Nafas,2026-05-28 01:30:22,-,72,22,50,,,,,57,26.9,,,
Bogor,Kabupaten Bogor Leuwiliang,2026-05-30 00:00:00,71,64,31,,4,10,0,71,,,,,
Tangerang,Tangerang Pasir Jaya,2026-05-30 00:00:00,57,57,33,,59,63,0,26,,,,,
Bekasi,Bekasi Kayuringin,2026-05-29 08:00:00,-,95,48,,48,13,0,2,,,,,
Jakarta,The Pakubuwono Menteng,2026-05-30 00:43:40,93,93,33,72,,,,,57,28.8,,,
Depok,Cinere - Nafas,2026-05-28 01:30:22,-,72,22,50,,,,,57,26.9,,,
Bogor,Kabupaten Bogor Leuwiliang,2026-05-30 00:00:00,71,64,31,,4,10,0,71,,,,,
Tangerang,Tangerang Pasir Jaya,2026-05-30 00:00:00,57,57,33,,59,63,0,26,,,,,
Bekasi,Bekasi Kayuringin,2026-05-29 08:00:00,-,95,48,,48,13,0,2,,,,,
Jakarta,The Pakubuwono Menteng,2026-05-30 00:43:40,93,93,33,72,,,,,57,28.8,,,
Depok,Cinere - Nafas,2026-05-28 01:30:22,-,72,22,50,,,,,57,26.9,,,
Bogor,Kabupaten Bogor Leuwiliang,2026-05-30 00:00:00,71,64,31,,4,10,0,71,,,,,
Tangerang,Tangerang Pasir Jaya,2026-05-30 00:00:00,57,57,33,,59,63,0,26,,,,,
Bekasi,Bekasi Kayuringin,2026-05-29 08:00:00,-,95,48,,48,13,0,2,,,,,
Jakarta,The Pakubuwono Menteng,2026-05-30 00:43:40,93,93,33,72,,,,,57,28.8,,,
Depok,Cinere - Nafas,2026-05-28 01:30:22,-,72,22,50,,,,,57,26.9,,,
Bogor,Kabupaten Bogor Leuwiliang,2026-05-30 00:00:00,71,64,31,,4,10,0,71,,,,,
Tangerang,Tangerang Pasir Jaya,2026-05-30 00:00:00,57,57,33,,59,63,0,26,,,,,
Bekasi,Bekasi Kayuringin,2026-05-29 08:00:00,-,95,48,,48,13,0,2,,,,,
Jakarta,The Pakubuwono Menteng,2026-05-30 00:46:40,97,97,37,76,,,,,57,28.8,,,
Depok,Cinere - Nafas,2026-05-28 01:30:22,-,72,22,50,,,,,57,26.9,,,
Bogor,Kabupaten Bogor Leuwiliang,2026-05-30 00:00:00,71,64,31,,4,10,0,71,,,,,
Tangerang,Tangerang Pasir Jaya,2026-05-30 00:00:00,57,57,33,,59,63,0,26,,,,,
Bekasi,Bekasi Kayuringin,2026-05-29 08:00:00,-,95,48,,48,13,0,2,,,,,
Jakarta,The Pakubuwono Menteng,2026-05-30 00:46:40,97,97,37,76,,,,,57,28.8,,,
Depok,Cinere - Nafas,2026-05-28 01:30:22,-,72,22,50,,,,,57,26.9,,,
Bogor,Kabupaten Bogor Leuwiliang,2026-05-30 00:00:00,71,64,31,,4,10,0,71,,,,,
Tangerang,Tangerang Pasir Jaya,2026-05-30 00:00:00,57,57,33,,59,63,0,26,,,,,
Bekasi,Bekasi Kayuringin,2026-05-29 08:00:00,-,95,48,,48,13,0,2,,,,,
Jakarta,The Pakubuwono Menteng,2026-05-30 00:49:40,103,103,41,79,,,,,57,28.8,,,
Depok,Cinere - Nafas,2026-05-28 01:30:22,-,72,22,50,,,,,57,26.9,,,
Bogor,Kabupaten Bogor Leuwiliang,2026-05-30 00:00:00,71,64,31,,4,10,0,71,,,,,
Tangerang,Tangerang Pasir Jaya,2026-05-30 00:00:00,57,57,33,,59,63,0,26,,,,,
Bekasi,Bekasi Kayuringin,2026-05-29 08:00:00,-,95,48,,48,13,0,2,,,,,
Jakarta,The Pakubuwono Menteng,2026-05-30 00:52:40,101,101,38,76,,,,,57,28.8,,,
Depok,Cinere - Nafas,2026-05-28 01:30:22,-,72,22,50,,,,,57,26.9,,,
Bogor,Kabupaten Bogor Leuwiliang,2026-05-30 00:00:00,71,64,31,,4,10,0,71,,,,,
Tangerang,Tangerang Pasir Jaya,2026-05-30 00:00:00,57,57,33,,59,63,0,26,,,,,
Bekasi,Bekasi Kayuringin,2026-05-29 08:00:00,-,95,48,,48,13,0,2,,,,,
Jakarta,The Pakubuwono Menteng,2026-05-30 00:52:40,101,101,38,76,,,,,57,28.8,,,
Depok,Cinere - Nafas,2026-05-28 01:30:22,-,72,22,50,,,,,57,26.9,,,
Bogor,Kabupaten Bogor Leuwiliang,2026-05-30 00:00:00,71,64,31,,4,10,0,71,,,,,
Tangerang,Tangerang Pasir Jaya,2026-05-30 00:00:00,57,57,33,,59,63,0,26,,,,,
Bekasi,Bekasi Kayuringin,2026-05-29 08:00:00,-,95,48,,48,13,0,2,,,,,
Jakarta,The Pakubuwono Menteng,2026-05-30 00:54:40,96,96,35,74,,,,,57,28.8,,,
Depok,Cinere - Nafas,2026-05-28 01:30:22,-,72,22,50,,,,,57,26.9,,,
Bogor,Kabupaten Bogor Leuwiliang,2026-05-30 00:00:00,71,64,31,,4,10,0,71,,,,,
Tangerang,Tangerang Pasir Jaya,2026-05-30 00:00:00,57,57,33,,59,63,0,26,,,,,
Bekasi,Bekasi Kayuringin,2026-05-29 08:00:00,-,95,48,,48,13,0,2,,,,,
Jakarta,The Pakubuwono Menteng,2026-05-30 00:54:40,96,96,35,74,,,,,57,28.8,,,
Depok,Cinere - Nafas,2026-05-28 01:30:22,-,72,22,50,,,,,57,26.9,,,
Bogor,Kabupaten Bogor Leuwiliang,2026-05-30 00:00:00,71,64,31,,4,10,0,71,,,,,
Tangerang,Tangerang Pasir Jaya,2026-05-30 00:00:00,57,57,33,,59,63,0,26,,,,,
Bekasi,Bekasi Kayuringin,2026-05-29 08:00:00,-,95,48,,48,13,0,2,,,,,
Jakarta,The Pakubuwono Menteng,2026-05-30 00:56:40,95,95,33,73,,,,,57,28.8,,,
Depok,Cinere - Nafas,2026-05-28 01:30:22,-,72,22,50,,,,,57,26.9,,,
Bogor,Kabupaten Bogor Leuwiliang,2026-05-30 00:00:00,71,64,31,,4,10,0,71,,,,,
Tangerang,Tangerang Pasir Jaya,2026-05-30 00:00:00,57,57,33,,59,63,0,26,,,,,
Bekasi,Bekasi Kayuringin,2026-05-29 08:00:00,-,95,48,,48,13,0,2,,,,,
Jakarta,The Pakubuwono Menteng,2026-05-30 00:56:40,95,95,33,73,,,,,57,28.8,,,
Depok,Cinere - Nafas,2026-05-28 01:30:22,-,72,22,50,,,,,57,26.9,,,
Bogor,Kabupaten Bogor Leuwiliang,2026-05-30 00:00:00,71,64,31,,4,10,0,71,,,,,
Tangerang,Tangerang Pasir Jaya,2026-05-30 00:00:00,57,57,33,,59,63,0,26,,,,,
Bekasi,Bekasi Kayuringin,2026-05-29 08:00:00,-,95,48,,48,13,0,2,,,,,
Jakarta,The Pakubuwono Menteng,2026-05-30 00:56:40,95,95,33,73,,,,,57,28.8,,,
Depok,Cinere - Nafas,2026-05-28 01:30:22,-,72,22,50,,,,,57,26.9,,,
Bogor,Kabupaten Bogor Leuwiliang,2026-05-30 00:00:00,71,64,31,,4,10,0,71,,,,,
Tangerang,Tangerang Pasir Jaya,2026-05-30 00:00:00,57,57,33,,59,63,0,26,,,,,
Bekasi,Bekasi Kayuringin,2026-05-29 08:00:00,-,95,48,,48,13,0,2,,,,,
Jakarta,The Pakubuwono Menteng,2026-05-30 00:58:40,99,99,36,73,,,,,57,28.8,,,
Depok,Cinere - Nafas,2026-05-28 01:30:22,-,72,22,50,,,,,57,26.9,,,
Bogor,Kabupaten Bogor Leuwiliang,2026-05-30 00:00:00,71,64,31,,4,10,0,71,,,,,
Tangerang,Tangerang Pasir Jaya,2026-05-30 00:00:00,57,57,33,,59,63,0,26,,,,,
Bekasi,Bekasi Kayuringin,2026-05-29 08:00:00,-,95,48,,48,13,0,2,,,,,
Jakarta,The Pakubuwono Menteng,2026-05-30 00:58:40,99,99,36,73,,,,,57,28.8,,,
Depok,Cinere - Nafas,2026-05-28 01:30:22,-,72,22,50,,,,,57,26.9,,,
Bogor,Kabupaten Bogor Leuwiliang,2026-05-30 00:00:00,71,64,31,,4,10,0,71,,,,,
Tangerang,Tangerang Pasir Jaya,2026-05-30 00:00:00,57,57,33,,59,63,0,26,,,,,
Bekasi,Bekasi Kayuringin,2026-05-29 08:00:00,-,95,48,,48,13,0,2,,,,,
Jakarta,The Pakubuwono Menteng,2026-05-30 01:01:40,99,99,38,77,,,,,57,28.8,,,
Depok,Cinere - Nafas,2026-05-28 01:30:22,-,72,22,50,,,,,57,26.9,,,
Bogor,Kabupaten Bogor Leuwiliang,2026-05-30 01:00:00,71,64,31,,4,10,0,71,,,,,
Tangerang,Tangerang Pasir Jaya,2026-05-30 01:00:00,57,57,33,,59,63,0,26,,,,,
Bekasi,Bekasi Kayuringin,2026-05-29 08:00:00,-,95,48,,48,13,0,2,,,,,
Jakarta,The Pakubuwono Menteng,2026-05-30 01:04:40,97,97,34,75,,,,,57,28.8,,,
Depok,Cinere - Nafas,2026-05-28 01:30:22,-,72,22,50,,,,,57,26.9,,,
Bogor,Kabupaten Bogor Leuwiliang,2026-05-30 01:00:00,71,64,31,,4,10,0,71,,,,,
Tangerang,Tangerang Pasir Jaya,2026-05-30 01:00:00,57,57,33,,59,63,0,26,,,,,
Bekasi,Bekasi Kayuringin,2026-05-29 08:00:00,-,95,48,,48,13,0,2,,,,,
Jakarta,The Pakubuwono Menteng,2026-05-30 01:04:40,97,97,34,75,,,,,57,28.8,,,
Depok,Cinere - Nafas,2026-05-28 01:30:22,-,72,22,50,,,,,57,26.9,,,
Bogor,Kabupaten Bogor Leuwiliang,2026-05-30 01:00:00,71,64,31,,4,10,0,71,,,,,
Tangerang,Tangerang Pasir Jaya,2026-05-30 01:00:00,57,57,33,,59,63,0,26,,,,,
Bekasi,Bekasi Kayuringin,2026-05-29 08:00:00,-,95,48,,48,13,0,2,,,,,
Jakarta,The Pakubuwono Menteng,2026-05-30 01:04:40,97,97,34,75,,,,,57,28.8,,,
Depok,Cinere - Nafas,2026-05-28 01:30:22,-,72,22,50,,,,,57,26.9,,,
Bogor,Kabupaten Bogor Leuwiliang,2026-05-30 01:00:00,71,64,31,,4,10,0,71,,,,,
Tangerang,Tangerang Pasir Jaya,2026-05-30 01:00:00,57,57,33,,59,63,0,26,,,,,
Bekasi,Bekasi Kayuringin,2026-05-29 08:00:00,-,95,48,,48,13,0,2,,,,,
Jakarta,The Pakubuwono Menteng,2026-05-30 01:06:40,93,93,34,72,,,,,57,28.8,,,
Depok,Cinere - Nafas,2026-05-28 01:30:22,-,72,22,50,,,,,57,26.9,,,
Bogor,Kabupaten Bogor Leuwiliang,2026-05-30 01:00:00,71,64,31,,4,10,0,71,,,,,
Tangerang,Tangerang Pasir Jaya,2026-05-30 01:00:00,57,57,33,,59,63,0,26,,,,,
Bekasi,Bekasi Kayuringin,2026-05-29 08:00:00,-,95,48,,48,13,0,2,,,,,
Jakarta,The Pakubuwono Menteng,2026-05-30 01:06:40,93,93,34,72,,,,,57,28.8,,,
Depok,Cinere - Nafas,2026-05-28 01:30:22,-,72,22,50,,,,,57,26.9,,,
Bogor,Kabupaten Bogor Leuwiliang,2026-05-30 01:00:00,71,64,31,,4,10,0,71,,,,,
Tangerang,Tangerang Pasir Jaya,2026-05-30 01:00:00,57,57,33,,59,63,0,26,,,,,
Bekasi,Bekasi Kayuringin,2026-05-29 08:00:00,-,95,48,,48,13,0,2,,,,,
Jakarta,The Pakubuwono Menteng,2026-05-30 01:09:40,94,94,34,72,,,,,57,28.8,,,
Depok,Cinere - Nafas,2026-05-28 01:30:22,-,72,22,50,,,,,57,26.9,,,
Bogor,Kabupaten Bogor Leuwiliang,2026-05-30 01:00:00,71,64,31,,4,10,0,71,,,,,
Tangerang,Tangerang Pasir Jaya,2026-05-30 01:00:00,57,57,33,,59,63,0,26,,,,,
Bekasi,Bekasi Kayuringin,2026-05-29 08:00:00,-,95,48,,48,13,0,2,,,,,
Jakarta,The Pakubuwono Menteng,2026-05-30 01:09:40,94,94,34,72,,,,,57,28.8,,,
Depok,Cinere - Nafas,2026-05-28 01:30:22,-,72,22,50,,,,,57,26.9,,,
Bogor,Kabupaten Bogor Leuwiliang,2026-05-30 01:00:00,71,64,31,,4,10,0,71,,,,,
Tangerang,Tangerang Pasir Jaya,2026-05-30 01:00:00,57,57,33,,59,63,0,26,,,,,
Bekasi,Bekasi Kayuringin,2026-05-29 08:00:00,-,95,48,,48,13,0,2,,,,,
Jakarta,The Pakubuwono Menteng,2026-05-30 01:11:41,97,97,35,77,,,,,57,28.8,,,
Depok,Cinere - Nafas,2026-05-28 01:30:22,-,72,22,50,,,,,57,26.9,,,
Bogor,Kabupaten Bogor Leuwiliang,2026-05-30 01:00:00,71,64,31,,4,10,0,71,,,,,
Tangerang,Tangerang Pasir Jaya,2026-05-30 01:00:00,57,57,33,,59,63,0,26,,,,,
Bekasi,Bekasi Kayuringin,2026-05-29 08:00:00,-,95,48,,48,13,0,2,,,,,
Jakarta,The Pakubuwono Menteng,2026-05-30 01:11:41,97,97,35,77,,,,,57,28.8,,,
Depok,Cinere - Nafas,2026-05-28 01:30:22,-,72,22,50,,,,,57,26.9,,,
Bogor,Kabupaten Bogor Leuwiliang,2026-05-30 01:00:00,71,64,31,,4,10,0,71,,,,,
Tangerang,Tangerang Pasir Jaya,2026-05-30 01:00:00,57,57,33,,59,63,0,26,,,,,
Bekasi,Bekasi Kayuringin,2026-05-29 08:00:00,-,95,48,,48,13,0,2,,,,,
Jakarta,The Pakubuwono Menteng,2026-05-30 01:13:41,100,100,37,77,,,,,57,28.8,,,
Depok,Cinere - Nafas,2026-05-28 01:30:22,-,72,22,50,,,,,57,26.9,,,
Bogor,Kabupaten Bogor Leuwiliang,2026-05-30 01:00:00,71,64,31,,4,10,0,71,,,,,
Tangerang,Tangerang Pasir Jaya,2026-05-30 01:00:00,57,57,33,,59,63,0,26,,,,,
Bekasi,Bekasi Kayuringin,2026-05-29 08:00:00,-,95,48,,48,13,0,2,,,,,
Jakarta,The Pakubuwono Menteng,2026-05-30 01:13:41,100,100,37,77,,,,,57,28.8,,,
Depok,Cinere - Nafas,2026-05-28 01:30:22,-,72,22,50,,,,,57,26.9,,,
Bogor,Kabupaten Bogor Leuwiliang,2026-05-30 01:00:00,71,64,31,,4,10,0,71,,,,,
Tangerang,Tangerang Pasir Jaya,2026-05-30 01:00:00,57,57,33,,59,63,0,26,,,,,
Bekasi,Bekasi Kayuringin,2026-05-29 08:00:00,-,95,48,,48,13,0,2,,,,,
Jakarta,The Pakubuwono Menteng,2026-05-30 01:16:40,97,97,36,74,,,,,57,28.8,,,
Depok,Cinere - Nafas,2026-05-28 01:30:22,-,72,22,50,,,,,57,26.9,,,
Bogor,Kabupaten Bogor Leuwiliang,2026-05-30 01:00:00,71,64,31,,4,10,0,71,,,,,
Tangerang,Tangerang Pasir Jaya,2026-05-30 01:00:00,57,57,33,,59,63,0,26,,,,,
Bekasi,Bekasi Kayuringin,2026-05-29 08:00:00,-,95,48,,48,13,0,2,,,,,
Jakarta,The Pakubuwono Menteng,2026-05-30 01:16:40,97,97,36,74,,,,,57,28.8,,,
Depok,Cinere - Nafas,2026-05-28 01:30:22,-,72,22,50,,,,,57,26.9,,,
Bogor,Kabupaten Bogor Leuwiliang,2026-05-30 01:00:00,71,64,31,,4,10,0,71,,,,,
Tangerang,Tangerang Pasir Jaya,2026-05-30 01:00:00,57,57,33,,59,63,0,26,,,,,
Bekasi,Bekasi Kayuringin,2026-05-29 08:00:00,-,95,48,,48,13,0,2,,,,,
Jakarta,The Pakubuwono Menteng,2026-05-30 01:19:41,97,97,37,76,,,,,57,28.8,,,
Depok,Cinere - Nafas,2026-05-28 01:30:22,-,72,22,50,,,,,57,26.9,,,
Bogor,Kabupaten Bogor Leuwiliang,2026-05-30 01:00:00,71,64,31,,4,10,0,71,,,,,
Tangerang,Tangerang Pasir Jaya,2026-05-30 01:00:00,57,57,33,,59,63,0,26,,,,,
Bekasi,Bekasi Kayuringin,2026-05-29 08:00:00,-,95,48,,48,13,0,2,,,,,
Jakarta,The Pakubuwono Menteng,2026-05-30 01:19:41,97,97,37,76,,,,,57,28.8,,,
Depok,Cinere - Nafas,2026-05-28 01:30:22,-,72,22,50,,,,,57,26.9,,,
Bogor,Kabupaten Bogor Leuwiliang,2026-05-30 01:00:00,71,64,31,,4,10,0,71,,,,,
Tangerang,Tangerang Pasir Jaya,2026-05-30 01:00:00,57,57,33,,59,63,0,26,,,,,
Bekasi,Bekasi Kayuringin,2026-05-29 08:00:00,-,95,48,,48,13,0,2,,,,,
Jakarta,The Pakubuwono Menteng,2026-05-30 01:21:41,94,94,35,74,,,,,57,28.7,,,
Depok,Cinere - Nafas,2026-05-28 01:30:22,-,72,22,50,,,,,57,26.9,,,
Bogor,Kabupaten Bogor Leuwiliang,2026-05-30 01:00:00,71,64,31,,4,10,0,71,,,,,
Tangerang,Tangerang Pasir Jaya,2026-05-30 01:00:00,57,57,33,,59,63,0,26,,,,,
Bekasi,Bekasi Kayuringin,2026-05-29 08:00:00,-,95,48,,48,13,0,2,,,,,
Jakarta,The Pakubuwono Menteng,2026-05-30 01:21:41,94,94,35,74,,,,,57,28.7,,,
Depok,Cinere - Nafas,2026-05-28 01:30:22,-,72,22,50,,,,,57,26.9,,,
Bogor,Kabupaten Bogor Leuwiliang,2026-05-30 01:00:00,71,64,31,,4,10,0,71,,,,,
Tangerang,Tangerang Pasir Jaya,2026-05-30 01:00:00,57,57,33,,59,63,0,26,,,,,
Bekasi,Bekasi Kayuringin,2026-05-29 08:00:00,-,95,48,,48,13,0,2,,,,,
Jakarta,The Pakubuwono Menteng,2026-05-30 01:21:41,94,94,35,74,,,,,57,28.7,,,
Depok,Cinere - Nafas,2026-05-28 01:30:22,-,72,22,50,,,,,57,26.9,,,
Bogor,Kabupaten Bogor Leuwiliang,2026-05-30 01:00:00,71,64,31,,4,10,0,71,,,,,
Tangerang,Tangerang Pasir Jaya,2026-05-30 01:00:00,57,57,33,,59,63,0,26,,,,,
Bekasi,Bekasi Kayuringin,2026-05-29 08:00:00,-,95,48,,48,13,0,2,,,,,
Jakarta,The Pakubuwono Menteng,2026-05-30 01:23:41,99,99,38,77,,,,,58,28.7,,,
Depok,Cinere - Nafas,2026-05-28 01:30:22,-,72,22,50,,,,,57,26.9,,,
Bogor,Kabupaten Bogor Leuwiliang,2026-05-30 01:00:00,71,64,31,,4,10,0,71,,,,,
Tangerang,Tangerang Pasir Jaya,2026-05-30 01:00:00,57,57,33,,59,63,0,26,,,,,
Bekasi,Bekasi Kayuringin,2026-05-29 08:00:00,-,95,48,,48,13,0,2,,,,,
Jakarta,The Pakubuwono Menteng,2026-05-30 01:23:41,99,99,38,77,,,,,58,28.7,,,
Depok,Cinere - Nafas,2026-05-28 01:30:22,-,72,22,50,,,,,57,26.9,,,
Bogor,Kabupaten Bogor Leuwiliang,2026-05-30 01:00:00,71,64,31,,4,10,0,71,,,,,
Tangerang,Tangerang Pasir Jaya,2026-05-30 01:00:00,57,57,33,,59,63,0,26,,,,,
Bekasi,Bekasi Kayuringin,2026-05-29 08:00:00,-,95,48,,48,13,0,2,,,,,
Jakarta,The Pakubuwono Menteng,2026-05-30 01:26:41,104,104,41,77,,,,,58,28.7,,,
Depok,Cinere - Nafas,2026-05-28 01:30:22,-,72,22,50,,,,,57,26.9,,,
Bogor,Kabupaten Bogor Leuwiliang,2026-05-30 01:00:00,71,64,31,,4,10,0,71,,,,,
Tangerang,Tangerang Pasir Jaya,2026-05-30 01:00:00,57,57,33,,59,63,0,26,,,,,
Bekasi,Bekasi Kayuringin,2026-05-29 08:00:00,-,95,48,,48,13,0,2,,,,,
Jakarta,The Pakubuwono Menteng,2026-05-30 01:28:41,98,98,38,76,,,,,58,28.7,,,
Depok,Cinere - Nafas,2026-05-28 01:30:22,-,72,22,50,,,,,57,26.9,,,
Bogor,Kabupaten Bogor Leuwiliang,2026-05-30 01:00:00,71,64,31,,4,10,0,71,,,,,
Tangerang,Tangerang Pasir Jaya,2026-05-30 01:00:00,57,57,33,,59,63,0,26,,,,,
Bekasi,Bekasi Kayuringin,2026-05-29 08:00:00,-,95,48,,48,13,0,2,,,,,
Jakarta,The Pakubuwono Menteng,2026-05-30 01:28:41,98,98,38,76,,,,,58,28.7,,,
Depok,Cinere - Nafas,2026-05-28 01:30:22,-,72,22,50,,,,,57,26.9,,,
Bogor,Kabupaten Bogor Leuwiliang,2026-05-30 01:00:00,71,64,31,,4,10,0,71,,,,,
Tangerang,Tangerang Pasir Jaya,2026-05-30 01:00:00,57,57,33,,59,63,0,26,,,,,
Bekasi,Bekasi Kayuringin,2026-05-29 08:00:00,-,95,48,,48,13,0,2,,,,,
Jakarta,The Pakubuwono Menteng,2026-05-30 01:31:41,101,101,38,79,,,,,58,28.7,,,
Depok,Cinere - Nafas,2026-05-28 01:30:22,-,72,22,50,,,,,57,26.9,,,
Bogor,Kabupaten Bogor Leuwiliang,2026-05-30 01:00:00,71,64,31,,4,10,0,71,,,,,
Tangerang,Tangerang Pasir Jaya,2026-05-30 01:00:00,57,57,33,,59,63,0,26,,,,,
Bekasi,Bekasi Kayuringin,2026-05-29 08:00:00,-,95,48,,48,13,0,2,,,,,
Jakarta,The Pakubuwono Menteng,2026-05-30 01:31:41,101,101,38,79,,,,,58,28.7,,,
Depok,Cinere - Nafas,2026-05-28 01:30:22,-,72,22,50,,,,,57,26.9,,,
Bogor,Kabupaten Bogor Leuwiliang,2026-05-30 01:00:00,71,64,31,,4,10,0,71,,,,,
Tangerang,Tangerang Pasir Jaya,2026-05-30 01:00:00,57,57,33,,59,63,0,26,,,,,
Bekasi,Bekasi Kayuringin,2026-05-29 08:00:00,-,95,48,,48,13,0,2,,,,,
Jakarta,The Pakubuwono Menteng,2026-05-30 01:33:41,100,100,38,79,,,,,58,28.7,,,
Depok,Cinere - Nafas,2026-05-28 01:30:22,-,72,22,50,,,,,57,26.9,,,
Bogor,Kabupaten Bogor Leuwiliang,2026-05-30 01:00:00,71,64,31,,4,10,0,71,,,,,
Tangerang,Tangerang Pasir Jaya,2026-05-30 01:00:00,57,57,33,,59,63,0,26,,,,,
Bekasi,Bekasi Kayuringin,2026-05-29 08:00:00,-,95,48,,48,13,0,2,,,,,
Jakarta,The Pakubuwono Menteng,2026-05-30 01:33:41,100,100,38,79,,,,,58,28.7,,,
Depok,Cinere - Nafas,2026-05-28 01:30:22,-,72,22,50,,,,,57,26.9,,,
Bogor,Kabupaten Bogor Leuwiliang,2026-05-30 01:00:00,71,64,31,,4,10,0,71,,,,,
Tangerang,Tangerang Pasir Jaya,2026-05-30 01:00:00,57,57,33,,59,63,0,26,,,,,
Bekasi,Bekasi Kayuringin,2026-05-29 08:00:00,-,95,48,,48,13,0,2,,,,,
Jakarta,The Pakubuwono Menteng,2026-05-30 01:35:41,107,107,42,77,,,,,58,28.7,,,
Depok,Cinere - Nafas,2026-05-28 01:30:22,-,72,22,50,,,,,57,26.9,,,
Bogor,Kabupaten Bogor Leuwiliang,2026-05-30 01:00:00,71,64,31,,4,10,0,71,,,,,
Tangerang,Tangerang Pasir Jaya,2026-05-30 01:00:00,57,57,33,,59,63,0,26,,,,,
Bekasi,Bekasi Kayuringin,2026-05-29 08:00:00,-,95,48,,48,13,0,2,,,,,
Jakarta,The Pakubuwono Menteng,2026-05-30 01:35:41,107,107,42,77,,,,,58,28.7,,,
Depok,Cinere - Nafas,2026-05-28 01:30:22,-,72,22,50,,,,,57,26.9,,,
Bogor,Kabupaten Bogor Leuwiliang,2026-05-30 01:00:00,71,64,31,,4,10,0,71,,,,,
Tangerang,Tangerang Pasir Jaya,2026-05-30 01:00:00,57,57,33,,59,63,0,26,,,,,
Bekasi,Bekasi Kayuringin,2026-05-29 08:00:00,-,95,48,,48,13,0,2,,,,,
Jakarta,The Pakubuwono Menteng,2026-05-30 01:35:41,107,107,42,77,,,,,58,28.7,,,
Depok,Cinere - Nafas,2026-05-28 01:30:22,-,72,22,50,,,,,57,26.9,,,
Bogor,Kabupaten Bogor Leuwiliang,2026-05-30 01:00:00,71,64,31,,4,10,0,71,,,,,
Tangerang,Tangerang Pasir Jaya,2026-05-30 01:00:00,57,57,33,,59,63,0,26,,,,,
Bekasi,Bekasi Kayuringin,2026-05-29 08:00:00,-,95,48,,48,13,0,2,,,,,
Jakarta,The Pakubuwono Menteng,2026-05-30 01:38:41,98,98,37,75,,,,,58,28.7,,,
Depok,Cinere - Nafas,2026-05-28 01:30:22,-,72,22,50,,,,,57,26.9,,,
Bogor,Kabupaten Bogor Leuwiliang,2026-05-30 01:00:00,71,64,31,,4,10,0,71,,,,,
Tangerang,Tangerang Pasir Jaya,2026-05-30 01:00:00,57,57,33,,59,63,0,26,,,,,
Bekasi,Bekasi Kayuringin,2026-05-29 08:00:00,-,95,48,,48,13,0,2,,,,,
Jakarta,The Pakubuwono Menteng,2026-05-30 01:40:41,100,100,39,76,,,,,58,28.7,,,
Depok,Cinere - Nafas,2026-05-28 01:30:22,-,72,22,50,,,,,57,26.9,,,
Bogor,Kabupaten Bogor Leuwiliang,2026-05-30 01:00:00,71,64,31,,4,10,0,71,,,,,
Tangerang,Tangerang Pasir Jaya,2026-05-30 01:00:00,57,57,33,,59,63,0,26,,,,,
Bekasi,Bekasi Kayuringin,2026-05-29 08:00:00,-,95,48,,48,13,0,2,,,,,
Jakarta,The Pakubuwono Menteng,2026-05-30 01:40:41,100,100,39,76,,,,,58,28.7,,,
Depok,Cinere - Nafas,2026-05-28 01:30:22,-,72,22,50,,,,,57,26.9,,,
Bogor,Kabupaten Bogor Leuwiliang,2026-05-30 01:00:00,71,64,31,,4,10,0,71,,,,,
Tangerang,Tangerang Pasir Jaya,2026-05-30 01:00:00,57,57,33,,59,63,0,26,,,,,
Bekasi,Bekasi Kayuringin,2026-05-29 08:00:00,-,95,48,,48,13,0,2,,,,,
Jakarta,The Pakubuwono Menteng,2026-05-30 01:43:41,106,106,42,79,,,,,58,28.7,,,
Depok,Cinere - Nafas,2026-05-28 01:30:22,-,72,22,50,,,,,57,26.9,,,
Bogor,Kabupaten Bogor Leuwiliang,2026-05-30 01:00:00,71,64,31,,4,10,0,71,,,,,
Tangerang,Tangerang Pasir Jaya,2026-05-30 01:00:00,57,57,33,,59,63,0,26,,,,,
Bekasi,Bekasi Kayuringin,2026-05-29 08:00:00,-,95,48,,48,13,0,2,,,,,
Jakarta,The Pakubuwono Menteng,2026-05-30 01:43:41,106,106,42,79,,,,,58,28.7,,,
Depok,Cinere - Nafas,2026-05-28 01:30:22,-,72,22,50,,,,,57,26.9,,,
Bogor,Kabupaten Bogor Leuwiliang,2026-05-30 01:00:00,71,64,31,,4,10,0,71,,,,,
Tangerang,Tangerang Pasir Jaya,2026-05-30 01:00:00,57,57,33,,59,63,0,26,,,,,
Bekasi,Bekasi Kayuringin,2026-05-29 08:00:00,-,95,48,,48,13,0,2,,,,,
Jakarta,The Pakubuwono Menteng,2026-05-30 01:45:41,106,106,40,81,,,,,58,28.6,,,
Depok,Cinere - Nafas,2026-05-28 01:30:22,-,72,22,50,,,,,57,26.9,,,
Bogor,Kabupaten Bogor Leuwiliang,2026-05-30 01:00:00,71,64,31,,4,10,0,71,,,,,
Tangerang,Tangerang Pasir Jaya,2026-05-30 01:00:00,57,57,33,,59,63,0,26,,,,,
Bekasi,Bekasi Kayuringin,2026-05-29 08:00:00,-,95,48,,48,13,0,2,,,,,
Jakarta,The Pakubuwono Menteng,2026-05-30 01:45:41,106,106,40,81,,,,,58,28.6,,,
Depok,Cinere - Nafas,2026-05-28 01:30:22,-,72,22,50,,,,,57,26.9,,,
Bogor,Kabupaten Bogor Leuwiliang,2026-05-30 01:00:00,71,64,31,,4,10,0,71,,,,,
Tangerang,Tangerang Pasir Jaya,2026-05-30 01:00:00,57,57,33,,59,63,0,26,,,,,
Bekasi,Bekasi Kayuringin,2026-05-29 08:00:00,-,95,48,,48,13,0,2,,,,,
Jakarta,The Pakubuwono Menteng,2026-05-30 01:45:41,106,106,40,81,,,,,58,28.6,,,
Depok,Cinere - Nafas,2026-05-28 01:30:22,-,72,22,50,,,,,57,26.9,,,
Bogor,Kabupaten Bogor Leuwiliang,2026-05-30 01:00:00,71,64,31,,4,10,0,71,,,,,
Tangerang,Tangerang Pasir Jaya,2026-05-30 01:00:00,57,57,33,,59,63,0,26,,,,,
Bekasi,Bekasi Kayuringin,2026-05-29 08:00:00,-,95,48,,48,13,0,2,,,,,
Jakarta,The Pakubuwono Menteng,2026-05-30 01:48:41,101,101,38,77,,,,,58,28.6,,,
Depok,Cinere - Nafas,2026-05-28 01:30:22,-,72,22,50,,,,,57,26.9,,,
Bogor,Kabupaten Bogor Leuwiliang,2026-05-30 01:00:00,71,64,31,,4,10,0,71,,,,,
Tangerang,Tangerang Pasir Jaya,2026-05-30 01:00:00,57,57,33,,59,63,0,26,,,,,
Bekasi,Bekasi Kayuringin,2026-05-29 08:00:00,-,95,48,,48,13,0,2,,,,,
Jakarta,The Pakubuwono Menteng,2026-05-30 01:50:41,104,104,40,78,,,,,58,28.6,,,
Depok,Cinere - Nafas,2026-05-28 01:30:22,-,72,22,50,,,,,57,26.9,,,
Bogor,Kabupaten Bogor Leuwiliang,2026-05-30 01:00:00,71,64,31,,4,10,0,71,,,,,
Tangerang,Tangerang Pasir Jaya,2026-05-30 01:00:00,57,57,33,,59,63,0,26,,,,,
Bekasi,Bekasi Kayuringin,2026-05-29 08:00:00,-,95,48,,48,13,0,2,,,,,
Jakarta,The Pakubuwono Menteng,2026-05-30 01:50:41,104,104,40,78,,,,,58,28.6,,,
Depok,Cinere - Nafas,2026-05-28 01:30:22,-,72,22,50,,,,,57,26.9,,,
Bogor,Kabupaten Bogor Leuwiliang,2026-05-30 01:00:00,71,64,31,,4,10,0,71,,,,,
Tangerang,Tangerang Pasir Jaya,2026-05-30 01:00:00,57,57,33,,59,63,0,26,,,,,
Bekasi,Bekasi Kayuringin,2026-05-29 08:00:00,-,95,48,,48,13,0,2,,,,,
Jakarta,The Pakubuwono Menteng,2026-05-30 01:52:41,103,103,39,78,,,,,58,28.6,,,
Depok,Cinere - Nafas,2026-05-28 01:30:22,-,72,22,50,,,,,57,26.9,,,
Bogor,Kabupaten Bogor Leuwiliang,2026-05-30 01:00:00,71,64,31,,4,10,0,71,,,,,
Tangerang,Tangerang Pasir Jaya,2026-05-30 01:00:00,57,57,33,,59,63,0,26,,,,,
Bekasi,Bekasi Kayuringin,2026-05-29 08:00:00,-,95,48,,48,13,0,2,,,,,
Jakarta,The Pakubuwono Menteng,2026-05-30 01:52:41,103,103,39,78,,,,,58,28.6,,,
Depok,Cinere - Nafas,2026-05-28 01:30:22,-,72,22,50,,,,,57,26.9,,,
Bogor,Kabupaten Bogor Leuwiliang,2026-05-30 01:00:00,71,64,31,,4,10,0,71,,,,,
Tangerang,Tangerang Pasir Jaya,2026-05-30 01:00:00,57,57,33,,59,63,0,26,,,,,
Bekasi,Bekasi Kayuringin,2026-05-29 08:00:00,-,95,48,,48,13,0,2,,,,,
Jakarta,The Pakubuwono Menteng,2026-05-30 01:54:41,104,104,40,79,,,,,59,28.6,,,
Depok,Cinere - Nafas,2026-05-28 01:30:22,-,72,22,50,,,,,57,26.9,,,
Bogor,Kabupaten Bogor Leuwiliang,2026-05-30 01:00:00,71,64,31,,4,10,0,71,,,,,
Tangerang,Tangerang Pasir Jaya,2026-05-30 01:00:00,57,57,33,,59,63,0,26,,,,,
Bekasi,Bekasi Kayuringin,2026-05-29 08:00:00,-,95,48,,48,13,0,2,,,,,
Jakarta,The Pakubuwono Menteng,2026-05-30 01:54:41,104,104,40,79,,,,,59,28.6,,,
Depok,Cinere - Nafas,2026-05-28 01:30:22,-,72,22,50,,,,,57,26.9,,,
Bogor,Kabupaten Bogor Leuwiliang,2026-05-30 01:00:00,71,64,31,,4,10,0,71,,,,,
Tangerang,Tangerang Pasir Jaya,2026-05-30 01:00:00,57,57,33,,59,63,0,26,,,,,
Bekasi,Bekasi Kayuringin,2026-05-29 08:00:00,-,95,48,,48,13,0,2,,,,,
Jakarta,The Pakubuwono Menteng,2026-05-30 01:57:41,100,100,40,79,,,,,59,28.5,,,
Depok,Cinere - Nafas,2026-05-28 01:30:22,-,72,22,50,,,,,57,26.9,,,
Bogor,Kabupaten Bogor Leuwiliang,2026-05-30 01:00:00,71,64,31,,4,10,0,71,,,,,
Tangerang,Tangerang Pasir Jaya,2026-05-30 01:00:00,57,57,33,,59,63,0,26,,,,,
Bekasi,Bekasi Kayuringin,2026-05-29 08:00:00,-,95,48,,48,13,0,2,,,,,
Jakarta,The Pakubuwono Menteng,2026-05-30 01:57:41,100,100,40,79,,,,,59,28.5,,,
Depok,Cinere - Nafas,2026-05-28 01:30:22,-,72,22,50,,,,,57,26.9,,,
Bogor,Kabupaten Bogor Leuwiliang,2026-05-30 01:00:00,71,64,31,,4,10,0,71,,,,,
Tangerang,Tangerang Pasir Jaya,2026-05-30 01:00:00,57,57,33,,59,63,0,26,,,,,
Bekasi,Bekasi Kayuringin,2026-05-29 08:00:00,-,95,48,,48,13,0,2,,,,,
Jakarta,The Pakubuwono Menteng,2026-05-30 01:57:41,100,100,40,79,,,,,59,28.5,,,
Depok,Cinere - Nafas,2026-05-28 01:30:22,-,72,22,50,,,,,57,26.9,,,
Bogor,Kabupaten Bogor Leuwiliang,2026-05-30 01:00:00,71,64,31,,4,10,0,71,,,,,
Tangerang,Tangerang Pasir Jaya,2026-05-30 01:00:00,57,57,33,,59,63,0,26,,,,,
Bekasi,Bekasi Kayuringin,2026-05-29 08:00:00,-,95,48,,48,13,0,2,,,,,
Jakarta,The Pakubuwono Menteng,2026-05-30 02:00:42,100,100,39,76,,,,,59,28.5,,,
Depok,Cinere - Nafas,2026-05-28 01:30:22,-,72,22,50,,,,,57,26.9,,,
Bogor,Kabupaten Bogor Leuwiliang,2026-05-30 01:00:00,71,64,31,,4,10,0,71,,,,,
Tangerang,Tangerang Pasir Jaya,2026-05-30 01:00:00,57,57,33,,59,63,0,26,,,,,
Bekasi,Bekasi Kayuringin,2026-05-29 08:00:00,-,95,48,,48,13,0,2,,,,,
Jakarta,The Pakubuwono Menteng,2026-05-30 02:02:42,106,106,41,79,,,,,59,28.5,,,
Depok,Cinere - Nafas,2026-05-28 01:30:22,-,72,22,50,,,,,57,26.9,,,
Bogor,Kabupaten Bogor Leuwiliang,2026-05-30 02:00:00,71,65,31,,4,10,0,71,,,,,
Tangerang,Tangerang Pasir Jaya,2026-05-30 02:00:00,57,57,33,,59,63,0,26,,,,,
Bekasi,Bekasi Kayuringin,2026-05-29 08:00:00,-,95,48,,48,13,0,2,,,,,
Jakarta,The Pakubuwono Menteng,2026-05-30 02:02:42,106,106,41,79,,,,,59,28.5,,,
Depok,Cinere - Nafas,2026-05-28 01:30:22,-,72,22,50,,,,,57,26.9,,,
Bogor,Kabupaten Bogor Leuwiliang,2026-05-30 02:00:00,71,65,31,,4,10,0,71,,,,,
Tangerang,Tangerang Pasir Jaya,2026-05-30 02:00:00,57,57,33,,59,63,0,26,,,,,
Bekasi,Bekasi Kayuringin,2026-05-29 08:00:00,-,95,48,,48,13,0,2,,,,,
Jakarta,The Pakubuwono Menteng,2026-05-30 02:04:42,101,101,38,77,,,,,59,28.5,,,
Depok,Cinere - Nafas,2026-05-28 01:30:22,-,72,22,50,,,,,57,26.9,,,
Bogor,Kabupaten Bogor Leuwiliang,2026-05-30 02:00:00,71,65,31,,4,10,0,71,,,,,
Tangerang,Tangerang Pasir Jaya,2026-05-30 02:00:00,57,57,33,,59,63,0,26,,,,,
Bekasi,Bekasi Kayuringin,2026-05-29 08:00:00,-,95,48,,48,13,0,2,,,,,
Jakarta,The Pakubuwono Menteng,2026-05-30 02:07:42,102,102,41,79,,,,,59,28.5,,,
Depok,Cinere - Nafas,2026-05-28 01:30:22,-,72,22,50,,,,,57,26.9,,,
Bogor,Kabupaten Bogor Leuwiliang,2026-05-30 02:00:00,71,65,31,,4,10,0,71,,,,,
Tangerang,Tangerang Pasir Jaya,2026-05-30 02:00:00,57,57,33,,59,63,0,26,,,,,
Bekasi,Bekasi Kayuringin,2026-05-29 08:00:00,-,95,48,,48,13,0,2,,,,,
Jakarta,The Pakubuwono Menteng,2026-05-30 02:07:42,102,102,41,79,,,,,59,28.5,,,
Depok,Cinere - Nafas,2026-05-28 01:30:22,-,72,22,50,,,,,57,26.9,,,
Bogor,Kabupaten Bogor Leuwiliang,2026-05-30 02:00:00,71,65,31,,4,10,0,71,,,,,
Tangerang,Tangerang Pasir Jaya,2026-05-30 02:00:00,57,57,33,,59,63,0,26,,,,,
Bekasi,Bekasi Kayuringin,2026-05-29 08:00:00,-,95,48,,48,13,0,2,,,,,
Jakarta,The Pakubuwono Menteng,2026-05-30 02:08:42,101,101,41,80,,,,,59,28.5,,,
Depok,Cinere - Nafas,2026-05-28 01:30:22,-,72,22,50,,,,,57,26.9,,,
Bogor,Kabupaten Bogor Leuwiliang,2026-05-30 02:00:00,71,65,31,,4,10,0,71,,,,,
Tangerang,Tangerang Pasir Jaya,2026-05-30 02:00:00,57,57,33,,59,63,0,26,,,,,
Bekasi,Bekasi Kayuringin,2026-05-29 08:00:00,-,95,48,,48,13,0,2,,,,,
Jakarta,The Pakubuwono Menteng,2026-05-30 02:08:42,101,101,41,80,,,,,59,28.5,,,
Depok,Cinere - Nafas,2026-05-28 01:30:22,-,72,22,50,,,,,57,26.9,,,
Bogor,Kabupaten Bogor Leuwiliang,2026-05-30 02:00:00,71,65,31,,4,10,0,71,,,,,
Tangerang,Tangerang Pasir Jaya,2026-05-30 02:00:00,57,57,33,,59,63,0,26,,,,,
Bekasi,Bekasi Kayuringin,2026-05-29 08:00:00,-,95,48,,48,13,0,2,,,,,
Jakarta,The Pakubuwono Menteng,2026-05-30 02:10:42,105,105,41,83,,,,,59,28.5,,,
Depok,Cinere - Nafas,2026-05-28 01:30:22,-,72,22,50,,,,,57,26.9,,,
Bogor,Kabupaten Bogor Leuwiliang,2026-05-30 02:00:00,71,65,31,,4,10,0,71,,,,,
Tangerang,Tangerang Pasir Jaya,2026-05-30 02:00:00,57,57,33,,59,63,0,26,,,,,
Bekasi,Bekasi Kayuringin,2026-05-29 08:00:00,-,95,48,,48,13,0,2,,,,,
Jakarta,The Pakubuwono Menteng,2026-05-30 02:13:51,105,105,41,80,,,,,59,28.5,,,
Depok,Cinere - Nafas,2026-05-28 01:30:22,-,72,22,50,,,,,57,26.9,,,
Bogor,Kabupaten Bogor Leuwiliang,2026-05-30 02:00:00,71,65,31,,4,10,0,71,,,,,
Tangerang,Tangerang Pasir Jaya,2026-05-30 02:00:00,57,57,33,,59,63,0,26,,,,,
Bekasi,Bekasi Kayuringin,2026-05-29 08:00:00,-,95,48,,48,13,0,2,,,,,
Jakarta,The Pakubuwono Menteng,2026-05-30 02:13:51,105,105,41,80,,,,,59,28.5,,,
Depok,Cinere - Nafas,2026-05-28 01:30:22,-,72,22,50,,,,,57,26.9,,,
Bogor,Kabupaten Bogor Leuwiliang,2026-05-30 02:00:00,71,65,31,,4,10,0,71,,,,,
Tangerang,Tangerang Pasir Jaya,2026-05-30 02:00:00,57,57,33,,59,63,0,26,,,,,
Bekasi,Bekasi Kayuringin,2026-05-29 08:00:00,-,95,48,,48,13,0,2,,,,,
Jakarta,The Pakubuwono Menteng,2026-05-30 02:13:51,105,105,41,80,,,,,59,28.5,,,
Depok,Cinere - Nafas,2026-05-28 01:30:22,-,72,22,50,,,,,57,26.9,,,
Bogor,Kabupaten Bogor Leuwiliang,2026-05-30 02:00:00,71,65,31,,4,10,0,71,,,,,
Tangerang,Tangerang Pasir Jaya,2026-05-30 02:00:00,57,57,33,,59,63,0,26,,,,,
Bekasi,Bekasi Kayuringin,2026-05-29 08:00:00,-,95,48,,48,13,0,2,,,,,
Jakarta,The Pakubuwono Menteng,2026-05-30 02:15:42,104,104,41,79,,,,,59,28.5,,,
Depok,Cinere - Nafas,2026-05-28 01:30:22,-,72,22,50,,,,,57,26.9,,,
Bogor,Kabupaten Bogor Leuwiliang,2026-05-30 02:00:00,71,65,31,,4,10,0,71,,,,,
Tangerang,Tangerang Pasir Jaya,2026-05-30 02:00:00,57,57,33,,59,63,0,26,,,,,
Bekasi,Bekasi Kayuringin,2026-05-29 08:00:00,-,95,48,,48,13,0,2,,,,,
Jakarta,The Pakubuwono Menteng,2026-05-30 02:15:42,104,104,41,79,,,,,59,28.5,,,
Depok,Cinere - Nafas,2026-05-28 01:30:22,-,72,22,50,,,,,57,26.9,,,
Bogor,Kabupaten Bogor Leuwiliang,2026-05-30 02:00:00,71,65,31,,4,10,0,71,,,,,
Tangerang,Tangerang Pasir Jaya,2026-05-30 02:00:00,57,57,33,,59,63,0,26,,,,,
Bekasi,Bekasi Kayuringin,2026-05-29 08:00:00,-,95,48,,48,13,0,2,,,,,
Jakarta,The Pakubuwono Menteng,2026-05-30 02:17:42,103,103,40,79,,,,,59,28.5,,,
Depok,Cinere - Nafas,2026-05-28 01:30:22,-,72,22,50,,,,,57,26.9,,,
Bogor,Kabupaten Bogor Leuwiliang,2026-05-30 02:00:00,71,65,31,,4,10,0,71,,,,,
Tangerang,Tangerang Pasir Jaya,2026-05-30 02:00:00,57,57,33,,59,63,0,26,,,,,
Bekasi,Bekasi Kayuringin,2026-05-29 08:00:00,-,95,48,,48,13,0,2,,,,,
Jakarta,The Pakubuwono Menteng,2026-05-30 02:17:42,103,103,40,79,,,,,59,28.5,,,
Depok,Cinere - Nafas,2026-05-28 01:30:22,-,72,22,50,,,,,57,26.9,,,
Bogor,Kabupaten Bogor Leuwiliang,2026-05-30 02:00:00,71,65,31,,4,10,0,71,,,,,
Tangerang,Tangerang Pasir Jaya,2026-05-30 02:00:00,57,57,33,,59,63,0,26,,,,,
Bekasi,Bekasi Kayuringin,2026-05-29 08:00:00,-,95,48,,48,13,0,2,,,,,
Jakarta,The Pakubuwono Menteng,2026-05-30 02:17:42,103,103,40,79,,,,,59,28.5,,,
Depok,Cinere - Nafas,2026-05-28 01:30:22,-,72,22,50,,,,,57,26.9,,,
Bogor,Kabupaten Bogor Leuwiliang,2026-05-30 02:00:00,71,65,31,,4,10,0,71,,,,,
Tangerang,Tangerang Pasir Jaya,2026-05-30 02:00:00,57,57,33,,59,63,0,26,,,,,
Bekasi,Bekasi Kayuringin,2026-05-29 08:00:00,-,95,48,,48,13,0,2,,,,,
Jakarta,The Pakubuwono Menteng,2026-05-30 02:20:42,105,105,40,79,,,,,59,28.4,,,
Depok,Cinere - Nafas,2026-05-28 01:30:22,-,72,22,50,,,,,57,26.9,,,
Bogor,Kabupaten Bogor Leuwiliang,2026-05-30 02:00:00,71,65,31,,4,10,0,71,,,,,
Tangerang,Tangerang Pasir Jaya,2026-05-30 02:00:00,57,57,33,,59,63,0,26,,,,,
Bekasi,Bekasi Kayuringin,2026-05-29 08:00:00,-,95,48,,48,13,0,2,,,,,
Jakarta,The Pakubuwono Menteng,2026-05-30 02:23:42,107,107,41,78,,,,,59,28.4,,,
Depok,Cinere - Nafas,2026-05-28 01:30:22,-,72,22,50,,,,,57,26.9,,,
Bogor,Kabupaten Bogor Leuwiliang,2026-05-30 02:00:00,71,65,31,,4,10,0,71,,,,,
Tangerang,Tangerang Pasir Jaya,2026-05-30 02:00:00,57,57,33,,59,63,0,26,,,,,
Bekasi,Bekasi Kayuringin,2026-05-29 08:00:00,-,95,48,,48,13,0,2,,,,,
Jakarta,The Pakubuwono Menteng,2026-05-30 02:23:42,107,107,41,78,,,,,59,28.4,,,
Depok,Cinere - Nafas,2026-05-28 01:30:22,-,72,22,50,,,,,57,26.9,,,
Bogor,Kabupaten Bogor Leuwiliang,2026-05-30 02:00:00,71,65,31,,4,10,0,71,,,,,
Tangerang,Tangerang Pasir Jaya,2026-05-30 02:00:00,57,57,33,,59,63,0,26,,,,,
Bekasi,Bekasi Kayuringin,2026-05-29 08:00:00,-,95,48,,48,13,0,2,,,,,
Jakarta,The Pakubuwono Menteng,2026-05-30 02:25:42,111,111,45,84,,,,,59,28.4,,,
Depok,Cinere - Nafas,2026-05-28 01:30:22,-,72,22,50,,,,,57,26.9,,,
Bogor,Kabupaten Bogor Leuwiliang,2026-05-30 02:00:00,71,65,31,,4,10,0,71,,,,,
Tangerang,Tangerang Pasir Jaya,2026-05-30 02:00:00,57,57,33,,59,63,0,26,,,,,
Bekasi,Bekasi Kayuringin,2026-05-29 08:00:00,-,95,48,,48,13,0,2,,,,,
Jakarta,The Pakubuwono Menteng,2026-05-30 02:25:42,111,111,45,84,,,,,59,28.4,,,
Depok,Cinere - Nafas,2026-05-28 01:30:22,-,72,22,50,,,,,57,26.9,,,
Bogor,Kabupaten Bogor Leuwiliang,2026-05-30 02:00:00,71,65,31,,4,10,0,71,,,,,
Tangerang,Tangerang Pasir Jaya,2026-05-30 02:00:00,57,57,33,,59,63,0,26,,,,,
Bekasi,Bekasi Kayuringin,2026-05-29 08:00:00,-,95,48,,48,13,0,2,,,,,
Jakarta,The Pakubuwono Menteng,2026-05-30 02:25:42,111,111,45,84,,,,,59,28.4,,,
Depok,Cinere - Nafas,2026-05-28 01:30:22,-,72,22,50,,,,,57,26.9,,,
Bogor,Kabupaten Bogor Leuwiliang,2026-05-30 02:00:00,71,65,31,,4,10,0,71,,,,,
Tangerang,Tangerang Pasir Jaya,2026-05-30 02:00:00,57,57,33,,59,63,0,26,,,,,
Bekasi,Bekasi Kayuringin,2026-05-29 08:00:00,-,95,48,,48,13,0,2,,,,,
Jakarta,The Pakubuwono Menteng,2026-05-30 02:28:42,112,112,44,83,,,,,59,28.4,,,
Depok,Cinere - Nafas,2026-05-28 01:30:22,-,72,22,50,,,,,57,26.9,,,
Bogor,Kabupaten Bogor Leuwiliang,2026-05-30 02:00:00,71,65,31,,4,10,0,71,,,,,
Tangerang,Tangerang Pasir Jaya,2026-05-30 02:00:00,57,57,33,,59,63,0,26,,,,,
Bekasi,Bekasi Kayuringin,2026-05-29 08:00:00,-,95,48,,48,13,0,2,,,,,
Jakarta,The Pakubuwono Menteng,2026-05-30 02:28:42,112,112,44,83,,,,,59,28.4,,,
Depok,Cinere - Nafas,2026-05-28 01:30:22,-,72,22,50,,,,,57,26.9,,,
Bogor,Kabupaten Bogor Leuwiliang,2026-05-30 02:00:00,71,65,31,,4,10,0,71,,,,,
Tangerang,Tangerang Pasir Jaya,2026-05-30 02:00:00,57,57,33,,59,63,0,26,,,,,
Bekasi,Bekasi Kayuringin,2026-05-29 08:00:00,-,95,48,,48,13,0,2,,,,,
Jakarta,The Pakubuwono Menteng,2026-05-30 02:30:42,109,109,44,83,,,,,59,28.4,,,
Depok,Cinere - Nafas,2026-05-28 01:30:22,-,72,22,50,,,,,57,26.9,,,
Bogor,Kabupaten Bogor Leuwiliang,2026-05-30 02:00:00,71,65,31,,4,10,0,71,,,,,
Tangerang,Tangerang Pasir Jaya,2026-05-30 02:00:00,57,57,33,,59,63,0,26,,,,,
Bekasi,Bekasi Kayuringin,2026-05-29 08:00:00,-,95,48,,48,13,0,2,,,,,
Jakarta,The Pakubuwono Menteng,2026-05-30 02:30:42,109,109,44,83,,,,,59,28.4,,,
Depok,Cinere - Nafas,2026-05-28 01:30:22,-,72,22,50,,,,,57,26.9,,,
Bogor,Kabupaten Bogor Leuwiliang,2026-05-30 02:00:00,71,65,31,,4,10,0,71,,,,,
Tangerang,Tangerang Pasir Jaya,2026-05-30 02:00:00,57,57,33,,59,63,0,26,,,,,
Bekasi,Bekasi Kayuringin,2026-05-29 08:00:00,-,95,48,,48,13,0,2,,,,,
Jakarta,The Pakubuwono Menteng,2026-05-30 02:34:42,113,113,45,83,,,,,59,28.4,,,
Depok,Cinere - Nafas,2026-05-28 01:30:22,-,72,22,50,,,,,57,26.9,,,
Bogor,Kabupaten Bogor Leuwiliang,2026-05-30 02:00:00,71,65,31,,4,10,0,71,,,,,
Tangerang,Tangerang Pasir Jaya,2026-05-30 02:00:00,57,57,33,,59,63,0,26,,,,,
Bekasi,Bekasi Kayuringin,2026-05-29 08:00:00,-,95,48,,48,13,0,2,,,,,
Jakarta,The Pakubuwono Menteng,2026-05-30 02:36:42,113,113,45,83,,,,,59,28.4,,,
Depok,Cinere - Nafas,2026-05-28 01:30:22,-,72,22,50,,,,,57,26.9,,,
Bogor,Kabupaten Bogor Leuwiliang,2026-05-30 02:00:00,71,65,31,,4,10,0,71,,,,,
Tangerang,Tangerang Pasir Jaya,2026-05-30 02:00:00,57,57,33,,59,63,0,26,,,,,
Bekasi,Bekasi Kayuringin,2026-05-29 08:00:00,-,95,48,,48,13,0,2,,,,,
Jakarta,The Pakubuwono Menteng,2026-05-30 02:36:42,113,113,45,83,,,,,59,28.4,,,
Depok,Cinere - Nafas,2026-05-28 01:30:22,-,72,22,50,,,,,57,26.9,,,
Bogor,Kabupaten Bogor Leuwiliang,2026-05-30 02:00:00,71,65,31,,4,10,0,71,,,,,
Tangerang,Tangerang Pasir Jaya,2026-05-30 02:00:00,57,57,33,,59,63,0,26,,,,,
Bekasi,Bekasi Kayuringin,2026-05-29 08:00:00,-,95,48,,48,13,0,2,,,,,
Jakarta,The Pakubuwono Menteng,2026-05-30 02:38:42,113,113,44,86,,,,,59,28.4,,,
Depok,Cinere - Nafas,2026-05-28 01:30:22,-,72,22,50,,,,,57,26.9,,,
Bogor,Kabupaten Bogor Leuwiliang,2026-05-30 02:00:00,71,65,31,,4,10,0,71,,,,,
Tangerang,Tangerang Pasir Jaya,2026-05-30 02:00:00,57,57,33,,59,63,0,26,,,,,
Bekasi,Bekasi Kayuringin,2026-05-29 08:00:00,-,95,48,,48,13,0,2,,,,,
Jakarta,The Pakubuwono Menteng,2026-05-30 02:38:42,113,113,44,86,,,,,59,28.4,,,
Depok,Cinere - Nafas,2026-05-28 01:30:22,-,72,22,50,,,,,57,26.9,,,
Bogor,Kabupaten Bogor Leuwiliang,2026-05-30 02:00:00,71,65,31,,4,10,0,71,,,,,
Tangerang,Tangerang Pasir Jaya,2026-05-30 02:00:00,57,57,33,,59,63,0,26,,,,,
Bekasi,Bekasi Kayuringin,2026-05-29 08:00:00,-,95,48,,48,13,0,2,,,,,
Jakarta,The Pakubuwono Menteng,2026-05-30 02:38:42,113,113,44,86,,,,,59,28.4,,,
Depok,Cinere - Nafas,2026-05-28 01:30:22,-,72,22,50,,,,,57,26.9,,,
Bogor,Kabupaten Bogor Leuwiliang,2026-05-30 02:00:00,71,65,31,,4,10,0,71,,,,,
Tangerang,Tangerang Pasir Jaya,2026-05-30 02:00:00,57,57,33,,59,63,0,26,,,,,
Bekasi,Bekasi Kayuringin,2026-05-29 08:00:00,-,95,48,,48,13,0,2,,,,,
Jakarta,The Pakubuwono Menteng,2026-05-30 02:40:42,113,113,45,84,,,,,59,28.4,,,
Depok,Cinere - Nafas,2026-05-28 01:30:22,-,72,22,50,,,,,57,26.9,,,
Bogor,Kabupaten Bogor Leuwiliang,2026-05-30 02:00:00,71,65,31,,4,10,0,71,,,,,
Tangerang,Tangerang Pasir Jaya,2026-05-30 02:00:00,57,57,33,,59,63,0,26,,,,,
Bekasi,Bekasi Kayuringin,2026-05-29 08:00:00,-,95,48,,48,13,0,2,,,,,
Jakarta,The Pakubuwono Menteng,2026-05-30 02:40:42,113,113,45,84,,,,,59,28.4,,,
Depok,Cinere - Nafas,2026-05-28 01:30:22,-,72,22,50,,,,,57,26.9,,,
Bogor,Kabupaten Bogor Leuwiliang,2026-05-30 02:00:00,71,65,31,,4,10,0,71,,,,,
Tangerang,Tangerang Pasir Jaya,2026-05-30 02:00:00,57,57,33,,59,63,0,26,,,,,
Bekasi,Bekasi Kayuringin,2026-05-29 08:00:00,-,95,48,,48,13,0,2,,,,,
Jakarta,The Pakubuwono Menteng,2026-05-30 02:43:42,114,114,44,83,,,,,59,28.4,,,
Depok,Cinere - Nafas,2026-05-28 01:30:22,-,72,22,50,,,,,57,26.9,,,
Bogor,Kabupaten Bogor Leuwiliang,2026-05-30 02:00:00,71,65,31,,4,10,0,71,,,,,
Tangerang,Tangerang Pasir Jaya,2026-05-30 02:00:00,57,57,33,,59,63,0,26,,,,,
Bekasi,Bekasi Kayuringin,2026-05-29 08:00:00,-,95,48,,48,13,0,2,,,,,
Jakarta,The Pakubuwono Menteng,2026-05-30 02:43:42,114,114,44,83,,,,,59,28.4,,,
Depok,Cinere - Nafas,2026-05-28 01:30:22,-,72,22,50,,,,,57,26.9,,,
Bogor,Kabupaten Bogor Leuwiliang,2026-05-30 02:00:00,71,65,31,,4,10,0,71,,,,,
Tangerang,Tangerang Pasir Jaya,2026-05-30 02:00:00,57,57,33,,59,63,0,26,,,,,
Bekasi,Bekasi Kayuringin,2026-05-29 08:00:00,-,95,48,,48,13,0,2,,,,,
Jakarta,The Pakubuwono Menteng,2026-05-30 02:48:42,115,115,47,85,,,,,60,28.4,,,
Depok,Cinere - Nafas,2026-05-28 01:30:22,-,72,22,50,,,,,57,26.9,,,
Bogor,Kabupaten Bogor Leuwiliang,2026-05-30 02:00:00,71,65,31,,4,10,0,71,,,,,
Tangerang,Tangerang Pasir Jaya,2026-05-30 02:00:00,57,57,33,,59,63,0,26,,,,,
Bekasi,Bekasi Kayuringin,2026-05-29 08:00:00,-,95,48,,48,13,0,2,,,,,
Jakarta,The Pakubuwono Menteng,2026-05-30 02:48:42,115,115,47,85,,,,,60,28.4,,,
Depok,Cinere - Nafas,2026-05-28 01:30:22,-,72,22,50,,,,,57,26.9,,,
Bogor,Kabupaten Bogor Leuwiliang,2026-05-30 02:00:00,71,65,31,,4,10,0,71,,,,,
Tangerang,Tangerang Pasir Jaya,2026-05-30 02:00:00,57,57,33,,59,63,0,26,,,,,
Bekasi,Bekasi Kayuringin,2026-05-29 08:00:00,-,95,48,,48,13,0,2,,,,,
Jakarta,The Pakubuwono Menteng,2026-05-30 02:49:42,123,123,50,85,,,,,60,28.4,,,
Depok,Cinere - Nafas,2026-05-28 01:30:22,-,72,22,50,,,,,57,26.9,,,
Bogor,Kabupaten Bogor Leuwiliang,2026-05-30 02:00:00,71,65,31,,4,10,0,71,,,,,
Tangerang,Tangerang Pasir Jaya,2026-05-30 02:00:00,57,57,33,,59,63,0,26,,,,,
Bekasi,Bekasi Kayuringin,2026-05-29 08:00:00,-,95,48,,48,13,0,2,,,,,
Jakarta,The Pakubuwono Menteng,2026-05-30 02:49:42,123,123,50,85,,,,,60,28.4,,,
Depok,Cinere - Nafas,2026-05-28 01:30:22,-,72,22,50,,,,,57,26.9,,,
Bogor,Kabupaten Bogor Leuwiliang,2026-05-30 02:00:00,71,65,31,,4,10,0,71,,,,,
Tangerang,Tangerang Pasir Jaya,2026-05-30 02:00:00,57,57,33,,59,63,0,26,,,,,
Bekasi,Bekasi Kayuringin,2026-05-29 08:00:00,-,95,48,,48,13,0,2,,,,,
Jakarta,The Pakubuwono Menteng,2026-05-30 02:52:43,125,125,50,89,,,,,60,28.3,,,
Depok,Cinere - Nafas,2026-05-28 01:30:22,-,72,22,50,,,,,57,26.9,,,
Bogor,Kabupaten Bogor Leuwiliang,2026-05-30 02:00:00,71,65,31,,4,10,0,71,,,,,
Tangerang,Tangerang Pasir Jaya,2026-05-30 02:00:00,57,57,33,,59,63,0,26,,,,,
Bekasi,Bekasi Kayuringin,2026-05-29 08:00:00,-,95,48,,48,13,0,2,,,,,
Jakarta,The Pakubuwono Menteng,2026-05-30 02:52:43,125,125,50,89,,,,,60,28.3,,,
Depok,Cinere - Nafas,2026-05-28 01:30:22,-,72,22,50,,,,,57,26.9,,,
Bogor,Kabupaten Bogor Leuwiliang,2026-05-30 02:00:00,71,65,31,,4,10,0,71,,,,,
Tangerang,Tangerang Pasir Jaya,2026-05-30 02:00:00,57,57,33,,59,63,0,26,,,,,
Bekasi,Bekasi Kayuringin,2026-05-29 08:00:00,-,95,48,,48,13,0,2,,,,,
Jakarta,The Pakubuwono Menteng,2026-05-30 02:54:42,124,124,50,90,,,,,60,28.3,,,
Depok,Cinere - Nafas,2026-05-28 01:30:22,-,72,22,50,,,,,57,26.9,,,
Bogor,Kabupaten Bogor Leuwiliang,2026-05-30 02:00:00,71,65,31,,4,10,0,71,,,,,
Tangerang,Tangerang Pasir Jaya,2026-05-30 02:00:00,57,57,33,,59,63,0,26,,,,,
Bekasi,Bekasi Kayuringin,2026-05-29 08:00:00,-,95,48,,48,13,0,2,,,,,
Jakarta,The Pakubuwono Menteng,2026-05-30 02:54:42,124,124,50,90,,,,,60,28.3,,,
Depok,Cinere - Nafas,2026-05-28 01:30:22,-,72,22,50,,,,,57,26.9,,,
Bogor,Kabupaten Bogor Leuwiliang,2026-05-30 02:00:00,71,65,31,,4,10,0,71,,,,,
Tangerang,Tangerang Pasir Jaya,2026-05-30 02:00:00,57,57,33,,59,63,0,26,,,,,
Bekasi,Bekasi Kayuringin,2026-05-29 08:00:00,-,95,48,,48,13,0,2,,,,,
Jakarta,The Pakubuwono Menteng,2026-05-30 02:56:43,120,120,48,89,,,,,60,28.3,,,
Depok,Cinere - Nafas,2026-05-28 01:30:22,-,72,22,50,,,,,57,26.9,,,
Bogor,Kabupaten Bogor Leuwiliang,2026-05-30 02:00:00,71,65,31,,4,10,0,71,,,,,
Tangerang,Tangerang Pasir Jaya,2026-05-30 02:00:00,57,57,33,,59,63,0,26,,,,,
Bekasi,Bekasi Kayuringin,2026-05-29 08:00:00,-,95,48,,48,13,0,2,,,,,
Jakarta,The Pakubuwono Menteng,2026-05-30 02:58:42,122,122,50,88,,,,,60,28.3,,,
Depok,Cinere - Nafas,2026-05-28 01:30:22,-,72,22,50,,,,,57,26.9,,,
Bogor,Kabupaten Bogor Leuwiliang,2026-05-30 02:00:00,71,65,31,,4,10,0,71,,,,,
Tangerang,Tangerang Pasir Jaya,2026-05-30 02:00:00,57,57,33,,59,63,0,26,,,,,
Bekasi,Bekasi Kayuringin,2026-05-29 08:00:00,-,95,48,,48,13,0,2,,,,,
Jakarta,The Pakubuwono Menteng,2026-05-30 02:58:42,122,122,50,88,,,,,60,28.3,,,
Depok,Cinere - Nafas,2026-05-28 01:30:22,-,72,22,50,,,,,57,26.9,,,
Bogor,Kabupaten Bogor Leuwiliang,2026-05-30 02:00:00,71,65,31,,4,10,0,71,,,,,
Tangerang,Tangerang Pasir Jaya,2026-05-30 02:00:00,57,57,33,,59,63,0,26,,,,,
Bekasi,Bekasi Kayuringin,2026-05-29 08:00:00,-,95,48,,48,13,0,2,,,,,
Jakarta,The Pakubuwono Menteng,2026-05-30 03:00:43,123,123,49,89,,,,,60,28.3,,,
Depok,Cinere - Nafas,2026-05-28 01:30:22,-,72,22,50,,,,,57,26.9,,,
Bogor,Kabupaten Bogor Leuwiliang,2026-05-30 02:00:00,71,65,31,,4,10,0,71,,,,,
Tangerang,Tangerang Pasir Jaya,2026-05-30 02:00:00,57,57,33,,59,63,0,26,,,,,
Bekasi,Bekasi Kayuringin,2026-05-29 08:00:00,-,95,48,,48,13,0,2,,,,,
Jakarta,The Pakubuwono Menteng,2026-05-30 03:00:43,123,123,49,89,,,,,60,28.3,,,
Depok,Cinere - Nafas,2026-05-28 01:30:22,-,72,22,50,,,,,57,26.9,,,
Bogor,Kabupaten Bogor Leuwiliang,2026-05-30 02:00:00,71,65,31,,4,10,0,71,,,,,
Tangerang,Tangerang Pasir Jaya,2026-05-30 02:00:00,57,57,33,,59,63,0,26,,,,,
Bekasi,Bekasi Kayuringin,2026-05-29 08:00:00,-,95,48,,48,13,0,2,,,,,
Jakarta,The Pakubuwono Menteng,2026-05-30 03:00:43,123,123,49,89,,,,,60,28.3,,,
Depok,Cinere - Nafas,2026-05-28 01:30:22,-,72,22,50,,,,,57,26.9,,,
Bogor,Kabupaten Bogor Leuwiliang,2026-05-30 02:00:00,71,65,31,,4,10,0,71,,,,,
Tangerang,Tangerang Pasir Jaya,2026-05-30 02:00:00,57,57,33,,59,63,0,26,,,,,
Bekasi,Bekasi Kayuringin,2026-05-29 08:00:00,-,95,48,,48,13,0,2,,,,,
Jakarta,The Pakubuwono Menteng,2026-05-30 03:03:43,126,126,51,89,,,,,60,28.3,,,
Depok,Cinere - Nafas,2026-05-28 01:30:22,-,72,22,50,,,,,57,26.9,,,
Bogor,Kabupaten Bogor Leuwiliang,2026-05-30 03:00:00,71,66,32,,4,10,0,71,,,,,
Tangerang,Tangerang Pasir Jaya,2026-05-30 03:00:00,57,57,33,,59,63,0,26,,,,,
Bekasi,Bekasi Kayuringin,2026-05-29 08:00:00,-,95,48,,48,13,0,2,,,,,
Jakarta,The Pakubuwono Menteng,2026-05-30 03:05:43,123,123,50,89,,,,,60,28.2,,,
Depok,Cinere - Nafas,2026-05-28 01:30:22,-,72,22,50,,,,,57,26.9,,,
Bogor,Kabupaten Bogor Leuwiliang,2026-05-30 03:00:00,71,66,32,,4,10,0,71,,,,,
Tangerang,Tangerang Pasir Jaya,2026-05-30 03:00:00,57,57,33,,59,63,0,26,,,,,
Bekasi,Bekasi Kayuringin,2026-05-29 08:00:00,-,95,48,,48,13,0,2,,,,,
Jakarta,The Pakubuwono Menteng,2026-05-30 03:05:43,123,123,50,89,,,,,60,28.2,,,
Depok,Cinere - Nafas,2026-05-28 01:30:22,-,72,22,50,,,,,57,26.9,,,
Bogor,Kabupaten Bogor Leuwiliang,2026-05-30 03:00:00,71,66,32,,4,10,0,71,,,,,
Tangerang,Tangerang Pasir Jaya,2026-05-30 03:00:00,57,57,33,,59,63,0,26,,,,,
Bekasi,Bekasi Kayuringin,2026-05-29 08:00:00,-,95,48,,48,13,0,2,,,,,
Jakarta,The Pakubuwono Menteng,2026-05-30 03:07:43,126,126,51,90,,,,,60,28.2,,,
Depok,Cinere - Nafas,2026-05-28 01:30:22,-,72,22,50,,,,,57,26.9,,,
Bogor,Kabupaten Bogor Leuwiliang,2026-05-30 03:00:00,71,66,32,,4,10,0,71,,,,,
Tangerang,Tangerang Pasir Jaya,2026-05-30 03:00:00,57,57,33,,59,63,0,26,,,,,
Bekasi,Bekasi Kayuringin,2026-05-29 08:00:00,-,95,48,,48,13,0,2,,,,,
Jakarta,The Pakubuwono Menteng,2026-05-30 03:07:43,126,126,51,90,,,,,60,28.2,,,
Depok,Cinere - Nafas,2026-05-28 01:30:22,-,72,22,50,,,,,57,26.9,,,
Bogor,Kabupaten Bogor Leuwiliang,2026-05-30 03:00:00,71,66,32,,4,10,0,71,,,,,
Tangerang,Tangerang Pasir Jaya,2026-05-30 03:00:00,57,57,33,,59,63,0,26,,,,,
Bekasi,Bekasi Kayuringin,2026-05-29 08:00:00,-,95,48,,48,13,0,2,,,,,
Jakarta,The Pakubuwono Menteng,2026-05-30 03:09:43,126,126,51,90,,,,,60,28.2,,,
Depok,Cinere - Nafas,2026-05-28 01:30:22,-,72,22,50,,,,,57,26.9,,,
Bogor,Kabupaten Bogor Leuwiliang,2026-05-30 03:00:00,71,66,32,,4,10,0,71,,,,,
Tangerang,Tangerang Pasir Jaya,2026-05-30 03:00:00,57,57,33,,59,63,0,26,,,,,
Bekasi,Bekasi Kayuringin,2026-05-29 08:00:00,-,95,48,,48,13,0,2,,,,,
Jakarta,The Pakubuwono Menteng,2026-05-30 03:11:43,126,126,50,90,,,,,60,28.2,,,
Depok,Cinere - Nafas,2026-05-28 01:30:22,-,72,22,50,,,,,57,26.9,,,
Bogor,Kabupaten Bogor Leuwiliang,2026-05-30 03:00:00,71,66,32,,4,10,0,71,,,,,
Tangerang,Tangerang Pasir Jaya,2026-05-30 03:00:00,57,57,33,,59,63,0,26,,,,,
Bekasi,Bekasi Kayuringin,2026-05-29 08:00:00,-,95,48,,48,13,0,2,,,,,
Jakarta,The Pakubuwono Menteng,2026-05-30 03:11:43,126,126,50,90,,,,,60,28.2,,,
Depok,Cinere - Nafas,2026-05-28 01:30:22,-,72,22,50,,,,,57,26.9,,,
Bogor,Kabupaten Bogor Leuwiliang,2026-05-30 03:00:00,71,66,32,,4,10,0,71,,,,,
Tangerang,Tangerang Pasir Jaya,2026-05-30 03:00:00,57,57,33,,59,63,0,26,,,,,
Bekasi,Bekasi Kayuringin,2026-05-29 08:00:00,-,95,48,,48,13,0,2,,,,,
Jakarta,The Pakubuwono Menteng,2026-05-30 03:13:44,126,126,50,90,,,,,60,28.2,,,
Depok,Cinere - Nafas,2026-05-28 01:30:22,-,72,22,50,,,,,57,26.9,,,
Bogor,Kabupaten Bogor Leuwiliang,2026-05-30 03:00:00,71,66,32,,4,10,0,71,,,,,
Tangerang,Tangerang Pasir Jaya,2026-05-30 03:00:00,57,57,33,,59,63,0,26,,,,,
Bekasi,Bekasi Kayuringin,2026-05-29 08:00:00,-,95,48,,48,13,0,2,,,,,
Jakarta,The Pakubuwono Menteng,2026-05-30 03:13:44,126,126,50,90,,,,,60,28.2,,,
Depok,Cinere - Nafas,2026-05-28 01:30:22,-,72,22,50,,,,,57,26.9,,,
Bogor,Kabupaten Bogor Leuwiliang,2026-05-30 03:00:00,71,66,32,,4,10,0,71,,,,,
Tangerang,Tangerang Pasir Jaya,2026-05-30 03:00:00,57,57,33,,59,63,0,26,,,,,
Bekasi,Bekasi Kayuringin,2026-05-29 08:00:00,-,95,48,,48,13,0,2,,,,,
Jakarta,The Pakubuwono Menteng,2026-05-30 03:15:43,126,126,50,90,,,,,60,28.2,,,
Depok,Cinere - Nafas,2026-05-28 01:30:22,-,72,22,50,,,,,57,26.9,,,
Bogor,Kabupaten Bogor Leuwiliang,2026-05-30 03:00:00,71,66,32,,4,10,0,71,,,,,
Tangerang,Tangerang Pasir Jaya,2026-05-30 03:00:00,57,57,33,,59,63,0,26,,,,,
Bekasi,Bekasi Kayuringin,2026-05-29 08:00:00,-,95,48,,48,13,0,2,,,,,
Jakarta,The Pakubuwono Menteng,2026-05-30 03:15:43,126,126,50,90,,,,,60,28.2,,,
Depok,Cinere - Nafas,2026-05-28 01:30:22,-,72,22,50,,,,,57,26.9,,,
Bogor,Kabupaten Bogor Leuwiliang,2026-05-30 03:00:00,71,66,32,,4,10,0,71,,,,,
Tangerang,Tangerang Pasir Jaya,2026-05-30 03:00:00,57,57,33,,59,63,0,26,,,,,
Bekasi,Bekasi Kayuringin,2026-05-29 08:00:00,-,95,48,,48,13,0,2,,,,,
Jakarta,The Pakubuwono Menteng,2026-05-30 03:17:43,124,124,50,90,,,,,60,28.2,,,
Depok,Cinere - Nafas,2026-05-28 01:30:22,-,72,22,50,,,,,57,26.9,,,
Bogor,Kabupaten Bogor Leuwiliang,2026-05-30 03:00:00,71,66,32,,4,10,0,71,,,,,
Tangerang,Tangerang Pasir Jaya,2026-05-30 03:00:00,57,57,33,,59,63,0,26,,,,,
Bekasi,Bekasi Kayuringin,2026-05-29 08:00:00,-,95,48,,48,13,0,2,,,,,
Jakarta,The Pakubuwono Menteng,2026-05-30 03:17:43,124,124,50,90,,,,,60,28.2,,,
Depok,Cinere - Nafas,2026-05-28 01:30:22,-,72,22,50,,,,,57,26.9,,,
Bogor,Kabupaten Bogor Leuwiliang,2026-05-30 03:00:00,71,66,32,,4,10,0,71,,,,,
Tangerang,Tangerang Pasir Jaya,2026-05-30 03:00:00,57,57,33,,59,63,0,26,,,,,
Bekasi,Bekasi Kayuringin,2026-05-29 08:00:00,-,95,48,,48,13,0,2,,,,,
Jakarta,The Pakubuwono Menteng,2026-05-30 03:20:43,125,125,50,90,,,,,60,28.2,,,
Depok,Cinere - Nafas,2026-05-28 01:30:22,-,72,22,50,,,,,57,26.9,,,
Bogor,Kabupaten Bogor Leuwiliang,2026-05-30 03:00:00,71,66,32,,4,10,0,71,,,,,
Tangerang,Tangerang Pasir Jaya,2026-05-30 03:00:00,57,57,33,,59,63,0,26,,,,,
Bekasi,Bekasi Kayuringin,2026-05-29 08:00:00,-,95,48,,48,13,0,2,,,,,
Jakarta,The Pakubuwono Menteng,2026-05-30 03:20:43,125,125,50,90,,,,,60,28.2,,,
Depok,Cinere - Nafas,2026-05-28 01:30:22,-,72,22,50,,,,,57,26.9,,,
Bogor,Kabupaten Bogor Leuwiliang,2026-05-30 03:00:00,71,66,32,,4,10,0,71,,,,,
Tangerang,Tangerang Pasir Jaya,2026-05-30 03:00:00,57,57,33,,59,63,0,26,,,,,
Bekasi,Bekasi Kayuringin,2026-05-29 08:00:00,-,95,48,,48,13,0,2,,,,,
Jakarta,The Pakubuwono Menteng,2026-05-30 03:23:43,126,126,50,91,,,,,60,28.2,,,
Depok,Cinere - Nafas,2026-05-28 01:30:22,-,72,22,50,,,,,57,26.9,,,
Bogor,Kabupaten Bogor Leuwiliang,2026-05-30 03:00:00,71,66,32,,4,10,0,71,,,,,
Tangerang,Tangerang Pasir Jaya,2026-05-30 03:00:00,57,57,33,,59,63,0,26,,,,,
Bekasi,Bekasi Kayuringin,2026-05-29 08:00:00,-,95,48,,48,13,0,2,,,,,
Jakarta,The Pakubuwono Menteng,2026-05-30 03:23:43,126,126,50,91,,,,,60,28.2,,,
Depok,Cinere - Nafas,2026-05-28 01:30:22,-,72,22,50,,,,,57,26.9,,,
Bogor,Kabupaten Bogor Leuwiliang,2026-05-30 03:00:00,71,66,32,,4,10,0,71,,,,,
Tangerang,Tangerang Pasir Jaya,2026-05-30 03:00:00,57,57,33,,59,63,0,26,,,,,
Bekasi,Bekasi Kayuringin,2026-05-29 08:00:00,-,95,48,,48,13,0,2,,,,,
Jakarta,The Pakubuwono Menteng,2026-05-30 03:23:43,126,126,50,91,,,,,60,28.2,,,
Depok,Cinere - Nafas,2026-05-28 01:30:22,-,72,22,50,,,,,57,26.9,,,
Bogor,Kabupaten Bogor Leuwiliang,2026-05-30 03:00:00,71,66,32,,4,10,0,71,,,,,
Tangerang,Tangerang Pasir Jaya,2026-05-30 03:00:00,57,57,33,,59,63,0,26,,,,,
Bekasi,Bekasi Kayuringin,2026-05-29 08:00:00,-,95,48,,48,13,0,2,,,,,
Jakarta,The Pakubuwono Menteng,2026-05-30 03:25:43,122,122,50,89,,,,,60,28.1,,,
Depok,Cinere - Nafas,2026-05-28 01:30:22,-,72,22,50,,,,,57,26.9,,,
Bogor,Kabupaten Bogor Leuwiliang,2026-05-30 03:00:00,71,66,32,,4,10,0,71,,,,,
Tangerang,Tangerang Pasir Jaya,2026-05-30 03:00:00,57,57,33,,59,63,0,26,,,,,
Bekasi,Bekasi Kayuringin,2026-05-29 08:00:00,-,95,48,,48,13,0,2,,,,,
Jakarta,The Pakubuwono Menteng,2026-05-30 03:25:43,122,122,50,89,,,,,60,28.1,,,
Depok,Cinere - Nafas,2026-05-28 01:30:22,-,72,22,50,,,,,57,26.9,,,
Bogor,Kabupaten Bogor Leuwiliang,2026-05-30 03:00:00,71,66,32,,4,10,0,71,,,,,
Tangerang,Tangerang Pasir Jaya,2026-05-30 03:00:00,57,57,33,,59,63,0,26,,,,,
Bekasi,Bekasi Kayuringin,2026-05-29 08:00:00,-,95,48,,48,13,0,2,,,,,
Jakarta,The Pakubuwono Menteng,2026-05-30 03:28:43,125,125,50,90,,,,,60,28.2,,,
Depok,Cinere - Nafas,2026-05-28 01:30:22,-,72,22,50,,,,,57,26.9,,,
Bogor,Kabupaten Bogor Leuwiliang,2026-05-30 03:00:00,71,66,32,,4,10,0,71,,,,,
Tangerang,Tangerang Pasir Jaya,2026-05-30 03:00:00,57,57,33,,59,63,0,26,,,,,
Bekasi,Bekasi Kayuringin,2026-05-29 08:00:00,-,95,48,,48,13,0,2,,,,,
Jakarta,The Pakubuwono Menteng,2026-05-30 03:31:43,126,126,52,90,,,,,60,28.2,,,
Depok,Cinere - Nafas,2026-05-28 01:30:22,-,72,22,50,,,,,57,26.9,,,
Bogor,Kabupaten Bogor Leuwiliang,2026-05-30 03:00:00,71,66,32,,4,10,0,71,,,,,
Tangerang,Tangerang Pasir Jaya,2026-05-30 03:00:00,57,57,33,,59,63,0,26,,,,,
Bekasi,Bekasi Kayuringin,2026-05-29 08:00:00,-,95,48,,48,13,0,2,,,,,
Jakarta,The Pakubuwono Menteng,2026-05-30 03:31:43,126,126,52,90,,,,,60,28.2,,,
Depok,Cinere - Nafas,2026-05-28 01:30:22,-,72,22,50,,,,,57,26.9,,,
Bogor,Kabupaten Bogor Leuwiliang,2026-05-30 03:00:00,71,66,32,,4,10,0,71,,,,,
Tangerang,Tangerang Pasir Jaya,2026-05-30 03:00:00,57,57,33,,59,63,0,26,,,,,
Bekasi,Bekasi Kayuringin,2026-05-29 08:00:00,-,95,48,,48,13,0,2,,,,,
Jakarta,The Pakubuwono Menteng,2026-05-30 03:31:43,126,126,52,90,,,,,60,28.2,,,
Depok,Cinere - Nafas,2026-05-28 01:30:22,-,72,22,50,,,,,57,26.9,,,
Bogor,Kabupaten Bogor Leuwiliang,2026-05-30 03:00:00,71,66,32,,4,10,0,71,,,,,
Tangerang,Tangerang Pasir Jaya,2026-05-30 03:00:00,57,57,33,,59,63,0,26,,,,,
Bekasi,Bekasi Kayuringin,2026-05-29 08:00:00,-,95,48,,48,13,0,2,,,,,
Jakarta,The Pakubuwono Menteng,2026-05-30 03:33:43,121,121,50,90,,,,,60,28.2,,,
Depok,Cinere - Nafas,2026-05-28 01:30:22,-,72,22,50,,,,,57,26.9,,,
Bogor,Kabupaten Bogor Leuwiliang,2026-05-30 03:00:00,71,66,32,,4,10,0,71,,,,,
Tangerang,Tangerang Pasir Jaya,2026-05-30 03:00:00,57,57,33,,59,63,0,26,,,,,
Bekasi,Bekasi Kayuringin,2026-05-29 08:00:00,-,95,48,,48,13,0,2,,,,,
Jakarta,The Pakubuwono Menteng,2026-05-30 03:33:43,121,121,50,90,,,,,60,28.2,,,
Depok,Cinere - Nafas,2026-05-28 01:30:22,-,72,22,50,,,,,57,26.9,,,
Bogor,Kabupaten Bogor Leuwiliang,2026-05-30 03:00:00,71,66,32,,4,10,0,71,,,,,
Tangerang,Tangerang Pasir Jaya,2026-05-30 03:00:00,57,57,33,,59,63,0,26,,,,,
Bekasi,Bekasi Kayuringin,2026-05-29 08:00:00,-,95,48,,48,13,0,2,,,,,
Jakarta,The Pakubuwono Menteng,2026-05-30 03:35:43,122,122,50,88,,,,,60,28.2,,,
Depok,Cinere - Nafas,2026-05-28 01:30:22,-,72,22,50,,,,,57,26.9,,,
Bogor,Kabupaten Bogor Leuwiliang,2026-05-30 03:00:00,71,66,32,,4,10,0,71,,,,,
Tangerang,Tangerang Pasir Jaya,2026-05-30 03:00:00,57,57,33,,59,63,0,26,,,,,
Bekasi,Bekasi Kayuringin,2026-05-29 08:00:00,-,95,48,,48,13,0,2,,,,,
Jakarta,The Pakubuwono Menteng,2026-05-30 03:35:43,122,122,50,88,,,,,60,28.2,,,
Depok,Cinere - Nafas,2026-05-28 01:30:22,-,72,22,50,,,,,57,26.9,,,
Bogor,Kabupaten Bogor Leuwiliang,2026-05-30 03:00:00,71,66,32,,4,10,0,71,,,,,
Tangerang,Tangerang Pasir Jaya,2026-05-30 03:00:00,57,57,33,,59,63,0,26,,,,,
Bekasi,Bekasi Kayuringin,2026-05-29 08:00:00,-,95,48,,48,13,0,2,,,,,
Jakarta,The Pakubuwono Menteng,2026-05-30 03:37:43,122,122,50,88,,,,,60,28.2,,,
Depok,Cinere - Nafas,2026-05-28 01:30:22,-,72,22,50,,,,,57,26.9,,,
Bogor,Kabupaten Bogor Leuwiliang,2026-05-30 03:00:00,71,66,32,,4,10,0,71,,,,,
Tangerang,Tangerang Pasir Jaya,2026-05-30 03:00:00,57,57,33,,59,63,0,26,,,,,
Bekasi,Bekasi Kayuringin,2026-05-29 08:00:00,-,95,48,,48,13,0,2,,,,,
Jakarta,The Pakubuwono Menteng,2026-05-30 03:40:43,126,126,50,88,,,,,60,28.2,,,
Depok,Cinere - Nafas,2026-05-28 01:30:22,-,72,22,50,,,,,57,26.9,,,
Bogor,Kabupaten Bogor Leuwiliang,2026-05-30 03:00:00,71,66,32,,4,10,0,71,,,,,
Tangerang,Tangerang Pasir Jaya,2026-05-30 03:00:00,57,57,33,,59,63,0,26,,,,,
Bekasi,Bekasi Kayuringin,2026-05-29 08:00:00,-,95,48,,48,13,0,2,,,,,
Jakarta,The Pakubuwono Menteng,2026-05-30 03:40:43,126,126,50,88,,,,,60,28.2,,,
Depok,Cinere - Nafas,2026-05-28 01:30:22,-,72,22,50,,,,,57,26.9,,,
Bogor,Kabupaten Bogor Leuwiliang,2026-05-30 03:00:00,71,66,32,,4,10,0,71,,,,,
Tangerang,Tangerang Pasir Jaya,2026-05-30 03:00:00,57,57,33,,59,63,0,26,,,,,
Bekasi,Bekasi Kayuringin,2026-05-29 08:00:00,-,95,48,,48,13,0,2,,,,,
Jakarta,The Pakubuwono Menteng,2026-05-30 03:42:43,121,121,49,88,,,,,60,28.2,,,
Depok,Cinere - Nafas,2026-05-28 01:30:22,-,72,22,50,,,,,57,26.9,,,
Bogor,Kabupaten Bogor Leuwiliang,2026-05-30 03:00:00,71,66,32,,4,10,0,71,,,,,
Tangerang,Tangerang Pasir Jaya,2026-05-30 03:00:00,57,57,33,,59,63,0,26,,,,,
Bekasi,Bekasi Kayuringin,2026-05-29 08:00:00,-,95,48,,48,13,0,2,,,,,
Jakarta,The Pakubuwono Menteng,2026-05-30 03:42:43,121,121,49,88,,,,,60,28.2,,,
Depok,Cinere - Nafas,2026-05-28 01:30:22,-,72,22,50,,,,,57,26.9,,,
Bogor,Kabupaten Bogor Leuwiliang,2026-05-30 03:00:00,71,66,32,,4,10,0,71,,,,,
Tangerang,Tangerang Pasir Jaya,2026-05-30 03:00:00,57,57,33,,59,63,0,26,,,,,
Bekasi,Bekasi Kayuringin,2026-05-29 08:00:00,-,95,48,,48,13,0,2,,,,,
Jakarta,The Pakubuwono Menteng,2026-05-30 03:44:44,117,117,48,87,,,,,60,28.2,,,
Depok,Cinere - Nafas,2026-05-28 01:30:22,-,72,22,50,,,,,57,26.9,,,
Bogor,Kabupaten Bogor Leuwiliang,2026-05-30 03:00:00,71,66,32,,4,10,0,71,,,,,
Tangerang,Tangerang Pasir Jaya,2026-05-30 03:00:00,57,57,33,,59,63,0,26,,,,,
Bekasi,Bekasi Kayuringin,2026-05-29 08:00:00,-,95,48,,48,13,0,2,,,,,
Jakarta,The Pakubuwono Menteng,2026-05-30 03:44:44,117,117,48,87,,,,,60,28.2,,,
Depok,Cinere - Nafas,2026-05-28 01:30:22,-,72,22,50,,,,,57,26.9,,,
Bogor,Kabupaten Bogor Leuwiliang,2026-05-30 03:00:00,71,66,32,,4,10,0,71,,,,,
Tangerang,Tangerang Pasir Jaya,2026-05-30 03:00:00,57,57,33,,59,63,0,26,,,,,
Bekasi,Bekasi Kayuringin,2026-05-29 08:00:00,-,95,48,,48,13,0,2,,,,,
Jakarta,The Pakubuwono Menteng,2026-05-30 03:47:44,121,121,49,90,,,,,60,28.2,,,
Depok,Cinere - Nafas,2026-05-28 01:30:22,-,72,22,50,,,,,57,26.9,,,
Bogor,Kabupaten Bogor Leuwiliang,2026-05-30 03:00:00,71,66,32,,4,10,0,71,,,,,
Tangerang,Tangerang Pasir Jaya,2026-05-30 03:00:00,57,57,33,,59,63,0,26,,,,,
Bekasi,Bekasi Kayuringin,2026-05-29 08:00:00,-,95,48,,48,13,0,2,,,,,
Jakarta,The Pakubuwono Menteng,2026-05-30 03:47:44,121,121,49,90,,,,,60,28.2,,,
Depok,Cinere - Nafas,2026-05-28 01:30:22,-,72,22,50,,,,,57,26.9,,,
Bogor,Kabupaten Bogor Leuwiliang,2026-05-30 03:00:00,71,66,32,,4,10,0,71,,,,,
Tangerang,Tangerang Pasir Jaya,2026-05-30 03:00:00,57,57,33,,59,63,0,26,,,,,
Bekasi,Bekasi Kayuringin,2026-05-29 08:00:00,-,95,48,,48,13,0,2,,,,,
Jakarta,The Pakubuwono Menteng,2026-05-30 03:49:44,123,123,49,89,,,,,60,28.2,,,
Depok,Cinere - Nafas,2026-05-28 01:30:22,-,72,22,50,,,,,57,26.9,,,
Bogor,Kabupaten Bogor Leuwiliang,2026-05-30 03:00:00,71,66,32,,4,10,0,71,,,,,
Tangerang,Tangerang Pasir Jaya,2026-05-30 03:00:00,57,57,33,,59,63,0,26,,,,,
Bekasi,Bekasi Kayuringin,2026-05-29 08:00:00,-,95,48,,48,13,0,2,,,,,
Jakarta,The Pakubuwono Menteng,2026-05-30 03:49:44,123,123,49,89,,,,,60,28.2,,,
Depok,Cinere - Nafas,2026-05-28 01:30:22,-,72,22,50,,,,,57,26.9,,,
Bogor,Kabupaten Bogor Leuwiliang,2026-05-30 03:00:00,71,66,32,,4,10,0,71,,,,,
Tangerang,Tangerang Pasir Jaya,2026-05-30 03:00:00,57,57,33,,59,63,0,26,,,,,
Bekasi,Bekasi Kayuringin,2026-05-29 08:00:00,-,95,48,,48,13,0,2,,,,,
Jakarta,The Pakubuwono Menteng,2026-05-30 03:51:44,121,121,50,87,,,,,60,28.2,,,
Depok,Cinere - Nafas,2026-05-28 01:30:22,-,72,22,50,,,,,57,26.9,,,
Bogor,Kabupaten Bogor Leuwiliang,2026-05-30 03:00:00,71,66,32,,4,10,0,71,,,,,
Tangerang,Tangerang Pasir Jaya,2026-05-30 03:00:00,57,57,33,,59,63,0,26,,,,,
Bekasi,Bekasi Kayuringin,2026-05-29 08:00:00,-,95,48,,48,13,0,2,,,,,
Jakarta,The Pakubuwono Menteng,2026-05-30 03:53:44,121,121,48,86,,,,,60,28.2,,,
Depok,Cinere - Nafas,2026-05-28 01:30:22,-,72,22,50,,,,,57,26.9,,,
Bogor,Kabupaten Bogor Leuwiliang,2026-05-30 03:00:00,71,66,32,,4,10,0,71,,,,,
Tangerang,Tangerang Pasir Jaya,2026-05-30 03:00:00,57,57,33,,59,63,0,26,,,,,
Bekasi,Bekasi Kayuringin,2026-05-29 08:00:00,-,95,48,,48,13,0,2,,,,,
Jakarta,The Pakubuwono Menteng,2026-05-30 03:53:44,121,121,48,86,,,,,60,28.2,,,
Depok,Cinere - Nafas,2026-05-28 01:30:22,-,72,22,50,,,,,57,26.9,,,
Bogor,Kabupaten Bogor Leuwiliang,2026-05-30 03:00:00,71,66,32,,4,10,0,71,,,,,
Tangerang,Tangerang Pasir Jaya,2026-05-30 03:00:00,57,57,33,,59,63,0,26,,,,,
Bekasi,Bekasi Kayuringin,2026-05-29 08:00:00,-,95,48,,48,13,0,2,,,,,
Jakarta,The Pakubuwono Menteng,2026-05-30 03:55:44,123,123,50,87,,,,,60,28.2,,,
Depok,Cinere - Nafas,2026-05-28 01:30:22,-,72,22,50,,,,,57,26.9,,,
Bogor,Kabupaten Bogor Leuwiliang,2026-05-30 03:00:00,71,66,32,,4,10,0,71,,,,,
Tangerang,Tangerang Pasir Jaya,2026-05-30 03:00:00,57,57,33,,59,63,0,26,,,,,
Bekasi,Bekasi Kayuringin,2026-05-29 08:00:00,-,95,48,,48,13,0,2,,,,,
Jakarta,The Pakubuwono Menteng,2026-05-30 03:55:44,123,123,50,87,,,,,60,28.2,,,
Depok,Cinere - Nafas,2026-05-28 01:30:22,-,72,22,50,,,,,57,26.9,,,
Bogor,Kabupaten Bogor Leuwiliang,2026-05-30 03:00:00,71,66,32,,4,10,0,71,,,,,
Tangerang,Tangerang Pasir Jaya,2026-05-30 03:00:00,57,57,33,,59,63,0,26,,,,,
Bekasi,Bekasi Kayuringin,2026-05-29 08:00:00,-,95,48,,48,13,0,2,,,,,
Jakarta,The Pakubuwono Menteng,2026-05-30 03:58:44,120,120,48,88,,,,,60,28.2,,,
Depok,Cinere - Nafas,2026-05-28 01:30:22,-,72,22,50,,,,,57,26.9,,,
Bogor,Kabupaten Bogor Leuwiliang,2026-05-30 03:00:00,71,66,32,,4,10,0,71,,,,,
Tangerang,Tangerang Pasir Jaya,2026-05-30 03:00:00,57,57,33,,59,63,0,26,,,,,
Bekasi,Bekasi Kayuringin,2026-05-29 08:00:00,-,95,48,,48,13,0,2,,,,,
Jakarta,The Pakubuwono Menteng,2026-05-30 03:58:44,120,120,48,88,,,,,60,28.2,,,
Depok,Cinere - Nafas,2026-05-28 01:30:22,-,72,22,50,,,,,57,26.9,,,
Bogor,Kabupaten Bogor Leuwiliang,2026-05-30 03:00:00,71,66,32,,4,10,0,71,,,,,
Tangerang,Tangerang Pasir Jaya,2026-05-30 03:00:00,57,57,33,,59,63,0,26,,,,,
Bekasi,Bekasi Kayuringin,2026-05-29 08:00:00,-,95,48,,48,13,0,2,,,,,
Jakarta,The Pakubuwono Menteng,2026-05-30 04:00:44,120,120,50,86,,,,,60,28.2,,,
Depok,Cinere - Nafas,2026-05-28 01:30:22,-,72,22,50,,,,,57,26.9,,,
Bogor,Kabupaten Bogor Leuwiliang,2026-05-30 03:00:00,71,66,32,,4,10,0,71,,,,,
Tangerang,Tangerang Pasir Jaya,2026-05-30 03:00:00,57,57,33,,59,63,0,26,,,,,
Bekasi,Bekasi Kayuringin,2026-05-29 08:00:00,-,95,48,,48,13,0,2,,,,,
Jakarta,The Pakubuwono Menteng,2026-05-30 04:00:44,120,120,50,86,,,,,60,28.2,,,
Depok,Cinere - Nafas,2026-05-28 01:30:22,-,72,22,50,,,,,57,26.9,,,
Bogor,Kabupaten Bogor Leuwiliang,2026-05-30 03:00:00,71,66,32,,4,10,0,71,,,,,
Tangerang,Tangerang Pasir Jaya,2026-05-30 03:00:00,57,57,33,,59,63,0,26,,,,,
Bekasi,Bekasi Kayuringin,2026-05-29 08:00:00,-,95,48,,48,13,0,2,,,,,
Jakarta,The Pakubuwono Menteng,2026-05-30 04:00:44,120,120,50,86,,,,,60,28.2,,,
Depok,Cinere - Nafas,2026-05-28 01:30:22,-,72,22,50,,,,,57,26.9,,,
Bogor,Kabupaten Bogor Leuwiliang,2026-05-30 04:00:00,71,68,33,,4,10,0,71,,,,,
Tangerang,Tangerang Pasir Jaya,2026-05-30 04:00:00,56,56,32,,59,63,0,26,,,,,
Bekasi,Bekasi Kayuringin,2026-05-29 08:00:00,-,95,48,,48,13,0,2,,,,,
Jakarta,The Pakubuwono Menteng,2026-05-30 04:00:44,120,120,50,86,,,,,60,28.2,,,
Depok,Cinere - Nafas,2026-05-28 01:30:22,-,72,22,50,,,,,57,26.9,,,
Bogor,Kabupaten Bogor Leuwiliang,2026-05-30 04:00:00,71,68,33,,4,10,0,71,,,,,
Tangerang,Tangerang Pasir Jaya,2026-05-30 04:00:00,56,56,32,,59,63,0,26,,,,,
Bekasi,Bekasi Kayuringin,2026-05-29 08:00:00,-,95,48,,48,13,0,2,,,,,
Jakarta,The Pakubuwono Menteng,2026-05-30 04:01:44,120,120,50,87,,,,,60,28.3,,,
Depok,Cinere - Nafas,2026-05-28 01:30:22,-,72,22,50,,,,,57,26.9,,,
Bogor,Kabupaten Bogor Leuwiliang,2026-05-30 04:00:00,71,68,33,,4,10,0,71,,,,,
Tangerang,Tangerang Pasir Jaya,2026-05-30 04:00:00,56,56,32,,59,63,0,26,,,,,
Bekasi,Bekasi Kayuringin,2026-05-29 08:00:00,-,95,48,,48,13,0,2,,,,,
Jakarta,The Pakubuwono Menteng,2026-05-30 04:06:44,125,125,50,90,,,,,60,28.2,,,
Depok,Cinere - Nafas,2026-05-28 01:30:22,-,72,22,50,,,,,57,26.9,,,
Bogor,Kabupaten Bogor Leuwiliang,2026-05-30 04:00:00,71,68,33,,4,10,0,71,,,,,
Tangerang,Tangerang Pasir Jaya,2026-05-30 04:00:00,56,56,32,,59,63,0,26,,,,,
Bekasi,Bekasi Kayuringin,2026-05-29 08:00:00,-,95,48,,48,13,0,2,,,,,
Jakarta,The Pakubuwono Menteng,2026-05-30 04:06:44,125,125,50,90,,,,,60,28.2,,,
Depok,Cinere - Nafas,2026-05-28 01:30:22,-,72,22,50,,,,,57,26.9,,,
Bogor,Kabupaten Bogor Leuwiliang,2026-05-30 04:00:00,71,68,33,,4,10,0,71,,,,,
Tangerang,Tangerang Pasir Jaya,2026-05-30 04:00:00,56,56,32,,59,63,0,26,,,,,
Bekasi,Bekasi Kayuringin,2026-05-29 08:00:00,-,95,48,,48,13,0,2,,,,,
Jakarta,The Pakubuwono Menteng,2026-05-30 04:08:44,122,122,50,90,,,,,60,28.2,,,
Depok,Cinere - Nafas,2026-05-28 01:30:22,-,72,22,50,,,,,57,26.9,,,
Bogor,Kabupaten Bogor Leuwiliang,2026-05-30 04:00:00,71,68,33,,4,10,0,71,,,,,
Tangerang,Tangerang Pasir Jaya,2026-05-30 04:00:00,56,56,32,,59,63,0,26,,,,,
Bekasi,Bekasi Kayuringin,2026-05-29 08:00:00,-,95,48,,48,13,0,2,,,,,
Jakarta,The Pakubuwono Menteng,2026-05-30 04:08:44,122,122,50,90,,,,,60,28.2,,,
Depok,Cinere - Nafas,2026-05-28 01:30:22,-,72,22,50,,,,,57,26.9,,,
Bogor,Kabupaten Bogor Leuwiliang,2026-05-30 04:00:00,71,68,33,,4,10,0,71,,,,,
Tangerang,Tangerang Pasir Jaya,2026-05-30 04:00:00,56,56,32,,59,63,0,26,,,,,
Bekasi,Bekasi Kayuringin,2026-05-29 08:00:00,-,95,48,,48,13,0,2,,,,,
Jakarta,The Pakubuwono Menteng,2026-05-30 04:10:44,123,123,50,89,,,,,60,28.2,,,
Depok,Cinere - Nafas,2026-05-28 01:30:22,-,72,22,50,,,,,57,26.9,,,
Bogor,Kabupaten Bogor Leuwiliang,2026-05-30 04:00:00,71,68,33,,4,10,0,71,,,,,
Tangerang,Tangerang Pasir Jaya,2026-05-30 04:00:00,56,56,32,,59,63,0,26,,,,,
Bekasi,Bekasi Kayuringin,2026-05-29 08:00:00,-,95,48,,48,13,0,2,,,,,
Jakarta,The Pakubuwono Menteng,2026-05-30 04:10:44,123,123,50,89,,,,,60,28.2,,,
Depok,Cinere - Nafas,2026-05-28 01:30:22,-,72,22,50,,,,,57,26.9,,,
Bogor,Kabupaten Bogor Leuwiliang,2026-05-30 04:00:00,71,68,33,,4,10,0,71,,,,,
Tangerang,Tangerang Pasir Jaya,2026-05-30 04:00:00,56,56,32,,59,63,0,26,,,,,
Bekasi,Bekasi Kayuringin,2026-05-29 08:00:00,-,95,48,,48,13,0,2,,,,,
Jakarta,The Pakubuwono Menteng,2026-05-30 04:12:44,125,125,50,89,,,,,60,28.2,,,
Depok,Cinere - Nafas,2026-05-28 01:30:22,-,72,22,50,,,,,57,26.9,,,
Bogor,Kabupaten Bogor Leuwiliang,2026-05-30 04:00:00,71,68,33,,4,10,0,71,,,,,
Tangerang,Tangerang Pasir Jaya,2026-05-30 04:00:00,56,56,32,,59,63,0,26,,,,,
Bekasi,Bekasi Kayuringin,2026-05-29 08:00:00,-,95,48,,48,13,0,2,,,,,
Jakarta,The Pakubuwono Menteng,2026-05-30 04:12:44,125,125,50,89,,,,,60,28.2,,,
Depok,Cinere - Nafas,2026-05-28 01:30:22,-,72,22,50,,,,,57,26.9,,,
Bogor,Kabupaten Bogor Leuwiliang,2026-05-30 04:00:00,71,68,33,,4,10,0,71,,,,,
Tangerang,Tangerang Pasir Jaya,2026-05-30 04:00:00,56,56,32,,59,63,0,26,,,,,
Bekasi,Bekasi Kayuringin,2026-05-29 08:00:00,-,95,48,,48,13,0,2,,,,,
Jakarta,The Pakubuwono Menteng,2026-05-30 04:15:44,126,126,50,91,,,,,60,28.2,,,
Depok,Cinere - Nafas,2026-05-28 01:30:22,-,72,22,50,,,,,57,26.9,,,
Bogor,Kabupaten Bogor Leuwiliang,2026-05-30 04:00:00,71,68,33,,4,10,0,71,,,,,
Tangerang,Tangerang Pasir Jaya,2026-05-30 04:00:00,56,56,32,,59,63,0,26,,,,,
Bekasi,Bekasi Kayuringin,2026-05-29 08:00:00,-,95,48,,48,13,0,2,,,,,
Jakarta,The Pakubuwono Menteng,2026-05-30 04:15:44,126,126,50,91,,,,,60,28.2,,,
Depok,Cinere - Nafas,2026-05-28 01:30:22,-,72,22,50,,,,,57,26.9,,,
Bogor,Kabupaten Bogor Leuwiliang,2026-05-30 04:00:00,71,68,33,,4,10,0,71,,,,,
Tangerang,Tangerang Pasir Jaya,2026-05-30 04:00:00,56,56,32,,59,63,0,26,,,,,
Bekasi,Bekasi Kayuringin,2026-05-29 08:00:00,-,95,48,,48,13,0,2,,,,,
Jakarta,The Pakubuwono Menteng,2026-05-30 04:17:44,126,126,52,93,,,,,60,28.2,,,
Depok,Cinere - Nafas,2026-05-28 01:30:22,-,72,22,50,,,,,57,26.9,,,
Bogor,Kabupaten Bogor Leuwiliang,2026-05-30 04:00:00,71,68,33,,4,10,0,71,,,,,
Tangerang,Tangerang Pasir Jaya,2026-05-30 04:00:00,56,56,32,,59,63,0,26,,,,,
Bekasi,Bekasi Kayuringin,2026-05-29 08:00:00,-,95,48,,48,13,0,2,,,,,
Jakarta,The Pakubuwono Menteng,2026-05-30 04:19:44,126,126,50,90,,,,,60,28.2,,,
Depok,Cinere - Nafas,2026-05-28 01:30:22,-,72,22,50,,,,,57,26.9,,,
Bogor,Kabupaten Bogor Leuwiliang,2026-05-30 04:00:00,71,68,33,,4,10,0,71,,,,,
Tangerang,Tangerang Pasir Jaya,2026-05-30 04:00:00,56,56,32,,59,63,0,26,,,,,
Bekasi,Bekasi Kayuringin,2026-05-29 08:00:00,-,95,48,,48,13,0,2,,,,,
Jakarta,The Pakubuwono Menteng,2026-05-30 04:19:44,126,126,50,90,,,,,60,28.2,,,
Depok,Cinere - Nafas,2026-05-28 01:30:22,-,72,22,50,,,,,57,26.9,,,
Bogor,Kabupaten Bogor Leuwiliang,2026-05-30 04:00:00,71,68,33,,4,10,0,71,,,,,
Tangerang,Tangerang Pasir Jaya,2026-05-30 04:00:00,56,56,32,,59,63,0,26,,,,,
Bekasi,Bekasi Kayuringin,2026-05-29 08:00:00,-,95,48,,48,13,0,2,,,,,
Jakarta,The Pakubuwono Menteng,2026-05-30 04:22:44,129,129,52,94,,,,,60,28.2,,,
Depok,Cinere - Nafas,2026-05-28 01:30:22,-,72,22,50,,,,,57,26.9,,,
Bogor,Kabupaten Bogor Leuwiliang,2026-05-30 04:00:00,71,68,33,,4,10,0,71,,,,,
Tangerang,Tangerang Pasir Jaya,2026-05-30 04:00:00,56,56,32,,59,63,0,26,,,,,
Bekasi,Bekasi Kayuringin,2026-05-29 08:00:00,-,95,48,,48,13,0,2,,,,,
Jakarta,The Pakubuwono Menteng,2026-05-30 04:22:44,129,129,52,94,,,,,60,28.2,,,
Depok,Cinere - Nafas,2026-05-28 01:30:22,-,72,22,50,,,,,57,26.9,,,
Bogor,Kabupaten Bogor Leuwiliang,2026-05-30 04:00:00,71,68,33,,4,10,0,71,,,,,
Tangerang,Tangerang Pasir Jaya,2026-05-30 04:00:00,56,56,32,,59,63,0,26,,,,,
Bekasi,Bekasi Kayuringin,2026-05-29 08:00:00,-,95,48,,48,13,0,2,,,,,
Jakarta,The Pakubuwono Menteng,2026-05-30 04:24:45,128,128,51,94,,,,,60,28.2,,,
Depok,Cinere - Nafas,2026-05-28 01:30:22,-,72,22,50,,,,,57,26.9,,,
Bogor,Kabupaten Bogor Leuwiliang,2026-05-30 04:00:00,71,68,33,,4,10,0,71,,,,,
Tangerang,Tangerang Pasir Jaya,2026-05-30 04:00:00,56,56,32,,59,63,0,26,,,,,
Bekasi,Bekasi Kayuringin,2026-05-29 08:00:00,-,95,48,,48,13,0,2,,,,,
Jakarta,The Pakubuwono Menteng,2026-05-30 04:24:45,128,128,51,94,,,,,60,28.2,,,
Depok,Cinere - Nafas,2026-05-28 01:30:22,-,72,22,50,,,,,57,26.9,,,
Bogor,Kabupaten Bogor Leuwiliang,2026-05-30 04:00:00,71,68,33,,4,10,0,71,,,,,
Tangerang,Tangerang Pasir Jaya,2026-05-30 04:00:00,56,56,32,,59,63,0,26,,,,,
Bekasi,Bekasi Kayuringin,2026-05-29 08:00:00,-,95,48,,48,13,0,2,,,,,
Jakarta,The Pakubuwono Menteng,2026-05-30 04:26:45,126,126,51,89,,,,,61,28.2,,,
Depok,Cinere - Nafas,2026-05-28 01:30:22,-,72,22,50,,,,,57,26.9,,,
Bogor,Kabupaten Bogor Leuwiliang,2026-05-30 04:00:00,71,68,33,,4,10,0,71,,,,,
Tangerang,Tangerang Pasir Jaya,2026-05-30 04:00:00,56,56,32,,59,63,0,26,,,,,
Bekasi,Bekasi Kayuringin,2026-05-29 08:00:00,-,95,48,,48,13,0,2,,,,,
Jakarta,The Pakubuwono Menteng,2026-05-30 04:26:45,126,126,51,89,,,,,61,28.2,,,
Depok,Cinere - Nafas,2026-05-28 01:30:22,-,72,22,50,,,,,57,26.9,,,
Bogor,Kabupaten Bogor Leuwiliang,2026-05-30 04:00:00,71,68,33,,4,10,0,71,,,,,
Tangerang,Tangerang Pasir Jaya,2026-05-30 04:00:00,56,56,32,,59,63,0,26,,,,,
Bekasi,Bekasi Kayuringin,2026-05-29 08:00:00,-,95,48,,48,13,0,2,,,,,
Jakarta,The Pakubuwono Menteng,2026-05-30 04:28:45,127,127,53,94,,,,,60,28.2,,,
Depok,Cinere - Nafas,2026-05-28 01:30:22,-,72,22,50,,,,,57,26.9,,,
Bogor,Kabupaten Bogor Leuwiliang,2026-05-30 04:00:00,71,68,33,,4,10,0,71,,,,,
Tangerang,Tangerang Pasir Jaya,2026-05-30 04:00:00,56,56,32,,59,63,0,26,,,,,
Bekasi,Bekasi Kayuringin,2026-05-29 08:00:00,-,95,48,,48,13,0,2,,,,,
Jakarta,The Pakubuwono Menteng,2026-05-30 04:30:45,130,130,53,91,,,,,60,28.2,,,
Depok,Cinere - Nafas,2026-05-28 01:30:22,-,72,22,50,,,,,57,26.9,,,
Bogor,Kabupaten Bogor Leuwiliang,2026-05-30 04:00:00,71,68,33,,4,10,0,71,,,,,
Tangerang,Tangerang Pasir Jaya,2026-05-30 04:00:00,56,56,32,,59,63,0,26,,,,,
Bekasi,Bekasi Kayuringin,2026-05-29 08:00:00,-,95,48,,48,13,0,2,,,,,
Jakarta,The Pakubuwono Menteng,2026-05-30 04:32:45,129,129,52,93,,,,,60,28.2,,,
Depok,Cinere - Nafas,2026-05-28 01:30:22,-,72,22,50,,,,,57,26.9,,,
Bogor,Kabupaten Bogor Leuwiliang,2026-05-30 04:00:00,71,68,33,,4,10,0,71,,,,,
Tangerang,Tangerang Pasir Jaya,2026-05-30 04:00:00,56,56,32,,59,63,0,26,,,,,
Bekasi,Bekasi Kayuringin,2026-05-29 08:00:00,-,95,48,,48,13,0,2,,,,,
Jakarta,The Pakubuwono Menteng,2026-05-30 04:32:45,129,129,52,93,,,,,60,28.2,,,
Depok,Cinere - Nafas,2026-05-28 01:30:22,-,72,22,50,,,,,57,26.9,,,
Bogor,Kabupaten Bogor Leuwiliang,2026-05-30 04:00:00,71,68,33,,4,10,0,71,,,,,
Tangerang,Tangerang Pasir Jaya,2026-05-30 04:00:00,56,56,32,,59,63,0,26,,,,,
Bekasi,Bekasi Kayuringin,2026-05-29 08:00:00,-,95,48,,48,13,0,2,,,,,
Jakarta,The Pakubuwono Menteng,2026-05-30 04:33:45,129,129,52,93,,,,,60,28.2,,,
Depok,Cinere - Nafas,2026-05-28 01:30:22,-,72,22,50,,,,,57,26.9,,,
Bogor,Kabupaten Bogor Leuwiliang,2026-05-30 04:00:00,71,68,33,,4,10,0,71,,,,,
Tangerang,Tangerang Pasir Jaya,2026-05-30 04:00:00,56,56,32,,59,63,0,26,,,,,
Bekasi,Bekasi Kayuringin,2026-05-29 08:00:00,-,95,48,,48,13,0,2,,,,,
Jakarta,The Pakubuwono Menteng,2026-05-30 04:33:45,129,129,52,93,,,,,60,28.2,,,
Depok,Cinere - Nafas,2026-05-28 01:30:22,-,72,22,50,,,,,57,26.9,,,
Bogor,Kabupaten Bogor Leuwiliang,2026-05-30 04:00:00,71,68,33,,4,10,0,71,,,,,
Tangerang,Tangerang Pasir Jaya,2026-05-30 04:00:00,56,56,32,,59,63,0,26,,,,,
Bekasi,Bekasi Kayuringin,2026-05-29 08:00:00,-,95,48,,48,13,0,2,,,,,
Jakarta,The Pakubuwono Menteng,2026-05-30 04:36:45,131,131,53,94,,,,,60,28.2,,,
Depok,Cinere - Nafas,2026-05-28 01:30:22,-,72,22,50,,,,,57,26.9,,,
Bogor,Kabupaten Bogor Leuwiliang,2026-05-30 04:00:00,71,68,33,,4,10,0,71,,,,,
Tangerang,Tangerang Pasir Jaya,2026-05-30 04:00:00,56,56,32,,59,63,0,26,,,,,
Bekasi,Bekasi Kayuringin,2026-05-29 08:00:00,-,95,48,,48,13,0,2,,,,,
Jakarta,The Pakubuwono Menteng,2026-05-30 04:38:45,129,129,53,93,,,,,61,28.2,,,
Depok,Cinere - Nafas,2026-05-28 01:30:22,-,72,22,50,,,,,57,26.9,,,
Bogor,Kabupaten Bogor Leuwiliang,2026-05-30 04:00:00,71,68,33,,4,10,0,71,,,,,
Tangerang,Tangerang Pasir Jaya,2026-05-30 04:00:00,56,56,32,,59,63,0,26,,,,,
Bekasi,Bekasi Kayuringin,2026-05-29 08:00:00,-,95,48,,48,13,0,2,,,,,
Jakarta,The Pakubuwono Menteng,2026-05-30 04:38:45,129,129,53,93,,,,,61,28.2,,,
Depok,Cinere - Nafas,2026-05-28 01:30:22,-,72,22,50,,,,,57,26.9,,,
Bogor,Kabupaten Bogor Leuwiliang,2026-05-30 04:00:00,71,68,33,,4,10,0,71,,,,,
Tangerang,Tangerang Pasir Jaya,2026-05-30 04:00:00,56,56,32,,59,63,0,26,,,,,
Bekasi,Bekasi Kayuringin,2026-05-29 08:00:00,-,95,48,,48,13,0,2,,,,,
Jakarta,The Pakubuwono Menteng,2026-05-30 04:40:45,135,135,53,95,,,,,60,28.2,,,
Depok,Cinere - Nafas,2026-05-28 01:30:22,-,72,22,50,,,,,57,26.9,,,
Bogor,Kabupaten Bogor Leuwiliang,2026-05-30 04:00:00,71,68,33,,4,10,0,71,,,,,
Tangerang,Tangerang Pasir Jaya,2026-05-30 04:00:00,56,56,32,,59,63,0,26,,,,,
Bekasi,Bekasi Kayuringin,2026-05-29 08:00:00,-,95,48,,48,13,0,2,,,,,
Jakarta,The Pakubuwono Menteng,2026-05-30 04:42:45,129,129,51,93,,,,,60,28.3,,,
Depok,Cinere - Nafas,2026-05-28 01:30:22,-,72,22,50,,,,,57,26.9,,,
Bogor,Kabupaten Bogor Leuwiliang,2026-05-30 04:00:00,71,68,33,,4,10,0,71,,,,,
Tangerang,Tangerang Pasir Jaya,2026-05-30 04:00:00,56,56,32,,59,63,0,26,,,,,
Bekasi,Bekasi Kayuringin,2026-05-29 08:00:00,-,95,48,,48,13,0,2,,,,,
Jakarta,The Pakubuwono Menteng,2026-05-30 04:42:45,129,129,51,93,,,,,60,28.3,,,
Depok,Cinere - Nafas,2026-05-28 01:30:22,-,72,22,50,,,,,57,26.9,,,
Bogor,Kabupaten Bogor Leuwiliang,2026-05-30 04:00:00,71,68,33,,4,10,0,71,,,,,
Tangerang,Tangerang Pasir Jaya,2026-05-30 04:00:00,56,56,32,,59,63,0,26,,,,,
Bekasi,Bekasi Kayuringin,2026-05-29 08:00:00,-,95,48,,48,13,0,2,,,,,
Jakarta,The Pakubuwono Menteng,2026-05-30 04:44:45,126,126,52,90,,,,,60,28.3,,,
Depok,Cinere - Nafas,2026-05-28 01:30:22,-,72,22,50,,,,,57,26.9,,,
Bogor,Kabupaten Bogor Leuwiliang,2026-05-30 04:00:00,71,68,33,,4,10,0,71,,,,,
Tangerang,Tangerang Pasir Jaya,2026-05-30 04:00:00,56,56,32,,59,63,0,26,,,,,
Bekasi,Bekasi Kayuringin,2026-05-29 08:00:00,-,95,48,,48,13,0,2,,,,,
Jakarta,The Pakubuwono Menteng,2026-05-30 04:44:45,126,126,52,90,,,,,60,28.3,,,
Depok,Cinere - Nafas,2026-05-28 01:30:22,-,72,22,50,,,,,57,26.9,,,
Bogor,Kabupaten Bogor Leuwiliang,2026-05-30 04:00:00,71,68,33,,4,10,0,71,,,,,
Tangerang,Tangerang Pasir Jaya,2026-05-30 04:00:00,56,56,32,,59,63,0,26,,,,,
Bekasi,Bekasi Kayuringin,2026-05-29 08:00:00,-,95,48,,48,13,0,2,,,,,
Jakarta,The Pakubuwono Menteng,2026-05-30 04:46:45,126,126,50,89,,,,,60,28.3,,,
Depok,Cinere - Nafas,2026-05-28 01:30:22,-,72,22,50,,,,,57,26.9,,,
Bogor,Kabupaten Bogor Leuwiliang,2026-05-30 04:00:00,71,68,33,,4,10,0,71,,,,,
Tangerang,Tangerang Pasir Jaya,2026-05-30 04:00:00,56,56,32,,59,63,0,26,,,,,
Bekasi,Bekasi Kayuringin,2026-05-29 08:00:00,-,95,48,,48,13,0,2,,,,,
Jakarta,The Pakubuwono Menteng,2026-05-30 04:46:45,126,126,50,89,,,,,60,28.3,,,
Depok,Cinere - Nafas,2026-05-28 01:30:22,-,72,22,50,,,,,57,26.9,,,
Bogor,Kabupaten Bogor Leuwiliang,2026-05-30 04:00:00,71,68,33,,4,10,0,71,,,,,
Tangerang,Tangerang Pasir Jaya,2026-05-30 04:00:00,56,56,32,,59,63,0,26,,,,,
Bekasi,Bekasi Kayuringin,2026-05-29 08:00:00,-,95,48,,48,13,0,2,,,,,
Jakarta,The Pakubuwono Menteng,2026-05-30 04:48:45,120,120,48,89,,,,,60,28.3,,,
Depok,Cinere - Nafas,2026-05-28 01:30:22,-,72,22,50,,,,,57,26.9,,,
Bogor,Kabupaten Bogor Leuwiliang,2026-05-30 04:00:00,71,68,33,,4,10,0,71,,,,,
Tangerang,Tangerang Pasir Jaya,2026-05-30 04:00:00,56,56,32,,59,63,0,26,,,,,
Bekasi,Bekasi Kayuringin,2026-05-29 08:00:00,-,95,48,,48,13,0,2,,,,,
Jakarta,The Pakubuwono Menteng,2026-05-30 04:48:45,120,120,48,89,,,,,60,28.3,,,
Depok,Cinere - Nafas,2026-05-28 01:30:22,-,72,22,50,,,,,57,26.9,,,
Bogor,Kabupaten Bogor Leuwiliang,2026-05-30 04:00:00,71,68,33,,4,10,0,71,,,,,
Tangerang,Tangerang Pasir Jaya,2026-05-30 04:00:00,56,56,32,,59,63,0,26,,,,,
Bekasi,Bekasi Kayuringin,2026-05-29 08:00:00,-,95,48,,48,13,0,2,,,,,
Jakarta,The Pakubuwono Menteng,2026-05-30 04:50:45,119,119,49,87,,,,,59,28.3,,,
Depok,Cinere - Nafas,2026-05-28 01:30:22,-,72,22,50,,,,,57,26.9,,,
Bogor,Kabupaten Bogor Leuwiliang,2026-05-30 04:00:00,71,68,33,,4,10,0,71,,,,,
Tangerang,Tangerang Pasir Jaya,2026-05-30 04:00:00,56,56,32,,59,63,0,26,,,,,
Bekasi,Bekasi Kayuringin,2026-05-29 08:00:00,-,95,48,,48,13,0,2,,,,,
Jakarta,The Pakubuwono Menteng,2026-05-30 04:52:45,121,121,48,88,,,,,59,28.3,,,
Depok,Cinere - Nafas,2026-05-28 01:30:22,-,72,22,50,,,,,57,26.9,,,
Bogor,Kabupaten Bogor Leuwiliang,2026-05-30 04:00:00,71,68,33,,4,10,0,71,,,,,
Tangerang,Tangerang Pasir Jaya,2026-05-30 04:00:00,56,56,32,,59,63,0,26,,,,,
Bekasi,Bekasi Kayuringin,2026-05-29 08:00:00,-,95,48,,48,13,0,2,,,,,
Jakarta,The Pakubuwono Menteng,2026-05-30 04:54:45,121,121,49,87,,,,,59,28.3,,,
Depok,Cinere - Nafas,2026-05-28 01:30:22,-,72,22,50,,,,,57,26.9,,,
Bogor,Kabupaten Bogor Leuwiliang,2026-05-30 04:00:00,71,68,33,,4,10,0,71,,,,,
Tangerang,Tangerang Pasir Jaya,2026-05-30 04:00:00,56,56,32,,59,63,0,26,,,,,
Bekasi,Bekasi Kayuringin,2026-05-29 08:00:00,-,95,48,,48,13,0,2,,,,,
Jakarta,The Pakubuwono Menteng,2026-05-30 04:54:45,121,121,49,87,,,,,59,28.3,,,
Depok,Cinere - Nafas,2026-05-28 01:30:22,-,72,22,50,,,,,57,26.9,,,
Bogor,Kabupaten Bogor Leuwiliang,2026-05-30 04:00:00,71,68,33,,4,10,0,71,,,,,
Tangerang,Tangerang Pasir Jaya,2026-05-30 04:00:00,56,56,32,,59,63,0,26,,,,,
Bekasi,Bekasi Kayuringin,2026-05-29 08:00:00,-,95,48,,48,13,0,2,,,,,
Jakarta,The Pakubuwono Menteng,2026-05-30 04:56:45,123,123,50,87,,,,,59,28.3,,,
Depok,Cinere - Nafas,2026-05-28 01:30:22,-,72,22,50,,,,,57,26.9,,,
Bogor,Kabupaten Bogor Leuwiliang,2026-05-30 04:00:00,71,68,33,,4,10,0,71,,,,,
Tangerang,Tangerang Pasir Jaya,2026-05-30 04:00:00,56,56,32,,59,63,0,26,,,,,
Bekasi,Bekasi Kayuringin,2026-05-29 08:00:00,-,95,48,,48,13,0,2,,,,,
Jakarta,The Pakubuwono Menteng,2026-05-30 04:56:45,123,123,50,87,,,,,59,28.3,,,
Depok,Cinere - Nafas,2026-05-28 01:30:22,-,72,22,50,,,,,57,26.9,,,
Bogor,Kabupaten Bogor Leuwiliang,2026-05-30 04:00:00,71,68,33,,4,10,0,71,,,,,
Tangerang,Tangerang Pasir Jaya,2026-05-30 04:00:00,56,56,32,,59,63,0,26,,,,,
Bekasi,Bekasi Kayuringin,2026-05-29 08:00:00,-,95,48,,48,13,0,2,,,,,
Jakarta,The Pakubuwono Menteng,2026-05-30 04:58:45,119,119,49,86,,,,,59,28.4,,,
Depok,Cinere - Nafas,2026-05-28 01:30:22,-,72,22,50,,,,,57,26.9,,,
Bogor,Kabupaten Bogor Leuwiliang,2026-05-30 04:00:00,71,68,33,,4,10,0,71,,,,,
Tangerang,Tangerang Pasir Jaya,2026-05-30 04:00:00,56,56,32,,59,63,0,26,,,,,
Bekasi,Bekasi Kayuringin,2026-05-29 08:00:00,-,95,48,,48,13,0,2,,,,,
Jakarta,The Pakubuwono Menteng,2026-05-30 04:58:45,119,119,49,86,,,,,59,28.4,,,
Depok,Cinere - Nafas,2026-05-28 01:30:22,-,72,22,50,,,,,57,26.9,,,
Bogor,Kabupaten Bogor Leuwiliang,2026-05-30 04:00:00,71,68,33,,4,10,0,71,,,,,
Tangerang,Tangerang Pasir Jaya,2026-05-30 04:00:00,56,56,32,,59,63,0,26,,,,,
Bekasi,Bekasi Kayuringin,2026-05-29 08:00:00,-,95,48,,48,13,0,2,,,,,
Jakarta,The Pakubuwono Menteng,2026-05-30 05:00:45,118,118,48,86,,,,,59,28.4,,,
Depok,Cinere - Nafas,2026-05-28 01:30:22,-,72,22,50,,,,,57,26.9,,,
Bogor,Kabupaten Bogor Leuwiliang,2026-05-30 04:00:00,71,68,33,,4,10,0,71,,,,,
Tangerang,Tangerang Pasir Jaya,2026-05-30 04:00:00,56,56,32,,59,63,0,26,,,,,
Bekasi,Bekasi Kayuringin,2026-05-29 08:00:00,-,95,48,,48,13,0,2,,,,,
Jakarta,The Pakubuwono Menteng,2026-05-30 05:00:45,118,118,48,86,,,,,59,28.4,,,
Depok,Cinere - Nafas,2026-05-28 01:30:22,-,72,22,50,,,,,57,26.9,,,
Bogor,Kabupaten Bogor Leuwiliang,2026-05-30 05:00:00,71,69,34,,4,10,0,71,,,,,
Tangerang,Tangerang Pasir Jaya,2026-05-30 05:00:00,55,55,31,,59,63,0,26,,,,,
Bekasi,Bekasi Kayuringin,2026-05-29 08:00:00,-,95,48,,48,13,0,2,,,,,
Jakarta,The Pakubuwono Menteng,2026-05-30 05:02:45,118,118,48,85,,,,,59,28.4,,,
Depok,Cinere - Nafas,2026-05-28 01:30:22,-,72,22,50,,,,,57,26.9,,,
Bogor,Kabupaten Bogor Leuwiliang,2026-05-30 05:00:00,71,69,34,,4,10,0,71,,,,,
Tangerang,Tangerang Pasir Jaya,2026-05-30 05:00:00,55,55,31,,59,63,0,26,,,,,
Bekasi,Bekasi Kayuringin,2026-05-29 08:00:00,-,95,48,,48,13,0,2,,,,,
Jakarta,The Pakubuwono Menteng,2026-05-30 05:04:45,116,116,46,85,,,,,59,28.4,,,
Depok,Cinere - Nafas,2026-05-28 01:30:22,-,72,22,50,,,,,57,26.9,,,
Bogor,Kabupaten Bogor Leuwiliang,2026-05-30 05:00:00,71,69,34,,4,10,0,71,,,,,
Tangerang,Tangerang Pasir Jaya,2026-05-30 05:00:00,55,55,31,,59,63,0,26,,,,,
Bekasi,Bekasi Kayuringin,2026-05-29 08:00:00,-,95,48,,48,13,0,2,,,,,
Jakarta,The Pakubuwono Menteng,2026-05-30 05:04:45,116,116,46,85,,,,,59,28.4,,,
Depok,Cinere - Nafas,2026-05-28 01:30:22,-,72,22,50,,,,,57,26.9,,,
Bogor,Kabupaten Bogor Leuwiliang,2026-05-30 05:00:00,71,69,34,,4,10,0,71,,,,,
Tangerang,Tangerang Pasir Jaya,2026-05-30 05:00:00,55,55,31,,59,63,0,26,,,,,
Bekasi,Bekasi Kayuringin,2026-05-29 08:00:00,-,95,48,,48,13,0,2,,,,,
Jakarta,The Pakubuwono Menteng,2026-05-30 05:06:45,116,116,47,86,,,,,58,28.4,,,
Depok,Cinere - Nafas,2026-05-28 01:30:22,-,72,22,50,,,,,57,26.9,,,
Bogor,Kabupaten Bogor Leuwiliang,2026-05-30 05:00:00,71,69,34,,4,10,0,71,,,,,
Tangerang,Tangerang Pasir Jaya,2026-05-30 05:00:00,55,55,31,,59,63,0,26,,,,,
Bekasi,Bekasi Kayuringin,2026-05-29 08:00:00,-,95,48,,48,13,0,2,,,,,
Jakarta,The Pakubuwono Menteng,2026-05-30 05:06:45,116,116,47,86,,,,,58,28.4,,,
Depok,Cinere - Nafas,2026-05-28 01:30:22,-,72,22,50,,,,,57,26.9,,,
Bogor,Kabupaten Bogor Leuwiliang,2026-05-30 05:00:00,71,69,34,,4,10,0,71,,,,,
Tangerang,Tangerang Pasir Jaya,2026-05-30 05:00:00,55,55,31,,59,63,0,26,,,,,
Bekasi,Bekasi Kayuringin,2026-05-29 08:00:00,-,95,48,,48,13,0,2,,,,,
Jakarta,The Pakubuwono Menteng,2026-05-30 05:08:45,114,114,45,83,,,,,58,28.4,,,
Depok,Cinere - Nafas,2026-05-28 01:30:22,-,72,22,50,,,,,57,26.9,,,
Bogor,Kabupaten Bogor Leuwiliang,2026-05-30 05:00:00,71,69,34,,4,10,0,71,,,,,
Tangerang,Tangerang Pasir Jaya,2026-05-30 05:00:00,55,55,31,,59,63,0,26,,,,,
Bekasi,Bekasi Kayuringin,2026-05-29 08:00:00,-,95,48,,48,13,0,2,,,,,
Jakarta,The Pakubuwono Menteng,2026-05-30 05:10:46,115,115,46,84,,,,,58,28.5,,,
Depok,Cinere - Nafas,2026-05-28 01:30:22,-,72,22,50,,,,,57,26.9,,,
Bogor,Kabupaten Bogor Leuwiliang,2026-05-30 05:00:00,71,69,34,,4,10,0,71,,,,,
Tangerang,Tangerang Pasir Jaya,2026-05-30 05:00:00,55,55,31,,59,63,0,26,,,,,
Bekasi,Bekasi Kayuringin,2026-05-29 08:00:00,-,95,48,,48,13,0,2,,,,,
Jakarta,The Pakubuwono Menteng,2026-05-30 05:10:46,115,115,46,84,,,,,58,28.5,,,
Depok,Cinere - Nafas,2026-05-28 01:30:22,-,72,22,50,,,,,57,26.9,,,
Bogor,Kabupaten Bogor Leuwiliang,2026-05-30 05:00:00,71,69,34,,4,10,0,71,,,,,
Tangerang,Tangerang Pasir Jaya,2026-05-30 05:00:00,55,55,31,,59,63,0,26,,,,,
Bekasi,Bekasi Kayuringin,2026-05-29 08:00:00,-,95,48,,48,13,0,2,,,,,
Jakarta,The Pakubuwono Menteng,2026-05-30 05:12:46,114,114,47,84,,,,,58,28.5,,,
Depok,Cinere - Nafas,2026-05-28 01:30:22,-,72,22,50,,,,,57,26.9,,,
Bogor,Kabupaten Bogor Leuwiliang,2026-05-30 05:00:00,71,69,34,,4,10,0,71,,,,,
Tangerang,Tangerang Pasir Jaya,2026-05-30 05:00:00,55,55,31,,59,63,0,26,,,,,
Bekasi,Bekasi Kayuringin,2026-05-29 08:00:00,-,95,48,,48,13,0,2,,,,,
Jakarta,The Pakubuwono Menteng,2026-05-30 05:14:48,120,120,47,87,,,,,58,28.5,,,
Depok,Cinere - Nafas,2026-05-28 01:30:22,-,72,22,50,,,,,57,26.9,,,
Bogor,Kabupaten Bogor Leuwiliang,2026-05-30 05:00:00,71,69,34,,4,10,0,71,,,,,
Tangerang,Tangerang Pasir Jaya,2026-05-30 05:00:00,55,55,31,,59,63,0,26,,,,,
Bekasi,Bekasi Kayuringin,2026-05-29 08:00:00,-,95,48,,48,13,0,2,,,,,
Jakarta,The Pakubuwono Menteng,2026-05-30 05:14:48,120,120,47,87,,,,,58,28.5,,,
Depok,Cinere - Nafas,2026-05-28 01:30:22,-,72,22,50,,,,,57,26.9,,,
Bogor,Kabupaten Bogor Leuwiliang,2026-05-30 05:00:00,71,69,34,,4,10,0,71,,,,,
Tangerang,Tangerang Pasir Jaya,2026-05-30 05:00:00,55,55,31,,59,63,0,26,,,,,
Bekasi,Bekasi Kayuringin,2026-05-29 08:00:00,-,95,48,,48,13,0,2,,,,,
Jakarta,The Pakubuwono Menteng,2026-05-30 05:16:46,111,111,44,84,,,,,58,28.5,,,
Depok,Cinere - Nafas,2026-05-28 01:30:22,-,72,22,50,,,,,57,26.9,,,
Bogor,Kabupaten Bogor Leuwiliang,2026-05-30 05:00:00,71,69,34,,4,10,0,71,,,,,
Tangerang,Tangerang Pasir Jaya,2026-05-30 05:00:00,55,55,31,,59,63,0,26,,,,,
Bekasi,Bekasi Kayuringin,2026-05-29 08:00:00,-,95,48,,48,13,0,2,,,,,
Jakarta,The Pakubuwono Menteng,2026-05-30 05:16:46,111,111,44,84,,,,,58,28.5,,,
Depok,Cinere - Nafas,2026-05-28 01:30:22,-,72,22,50,,,,,57,26.9,,,
Bogor,Kabupaten Bogor Leuwiliang,2026-05-30 05:00:00,71,69,34,,4,10,0,71,,,,,
Tangerang,Tangerang Pasir Jaya,2026-05-30 05:00:00,55,55,31,,59,63,0,26,,,,,
Bekasi,Bekasi Kayuringin,2026-05-29 08:00:00,-,95,48,,48,13,0,2,,,,,
Jakarta,The Pakubuwono Menteng,2026-05-30 05:18:46,113,113,44,83,,,,,58,28.5,,,
Depok,Cinere - Nafas,2026-05-28 01:30:22,-,72,22,50,,,,,57,26.9,,,
Bogor,Kabupaten Bogor Leuwiliang,2026-05-30 05:00:00,71,69,34,,4,10,0,71,,,,,
Tangerang,Tangerang Pasir Jaya,2026-05-30 05:00:00,55,55,31,,59,63,0,26,,,,,
Bekasi,Bekasi Kayuringin,2026-05-29 08:00:00,-,95,48,,48,13,0,2,,,,,
Jakarta,The Pakubuwono Menteng,2026-05-30 05:18:46,113,113,44,83,,,,,58,28.5,,,
Depok,Cinere - Nafas,2026-05-28 01:30:22,-,72,22,50,,,,,57,26.9,,,
Bogor,Kabupaten Bogor Leuwiliang,2026-05-30 05:00:00,71,69,34,,4,10,0,71,,,,,
Tangerang,Tangerang Pasir Jaya,2026-05-30 05:00:00,55,55,31,,59,63,0,26,,,,,
Bekasi,Bekasi Kayuringin,2026-05-29 08:00:00,-,95,48,,48,13,0,2,,,,,
Jakarta,The Pakubuwono Menteng,2026-05-30 05:20:46,115,115,45,83,,,,,58,28.5,,,
Depok,Cinere - Nafas,2026-05-28 01:30:22,-,72,22,50,,,,,57,26.9,,,
Bogor,Kabupaten Bogor Leuwiliang,2026-05-30 05:00:00,71,69,34,,4,10,0,71,,,,,
Tangerang,Tangerang Pasir Jaya,2026-05-30 05:00:00,55,55,31,,59,63,0,26,,,,,
Bekasi,Bekasi Kayuringin,2026-05-29 08:00:00,-,95,48,,48,13,0,2,,,,,
Jakarta,The Pakubuwono Menteng,2026-05-30 05:20:46,115,115,45,83,,,,,58,28.5,,,
Depok,Cinere - Nafas,2026-05-28 01:30:22,-,72,22,50,,,,,57,26.9,,,
Bogor,Kabupaten Bogor Leuwiliang,2026-05-30 05:00:00,71,69,34,,4,10,0,71,,,,,
Tangerang,Tangerang Pasir Jaya,2026-05-30 05:00:00,55,55,31,,59,63,0,26,,,,,
Bekasi,Bekasi Kayuringin,2026-05-29 08:00:00,-,95,48,,48,13,0,2,,,,,
Jakarta,The Pakubuwono Menteng,2026-05-30 05:22:46,113,113,44,83,,,,,58,28.5,,,
Depok,Cinere - Nafas,2026-05-28 01:30:22,-,72,22,50,,,,,57,26.9,,,
Bogor,Kabupaten Bogor Leuwiliang,2026-05-30 05:00:00,71,69,34,,4,10,0,71,,,,,
Tangerang,Tangerang Pasir Jaya,2026-05-30 05:00:00,55,55,31,,59,63,0,26,,,,,
Bekasi,Bekasi Kayuringin,2026-05-29 08:00:00,-,95,48,,48,13,0,2,,,,,
Jakarta,The Pakubuwono Menteng,2026-05-30 05:22:46,113,113,44,83,,,,,58,28.5,,,
Depok,Cinere - Nafas,2026-05-28 01:30:22,-,72,22,50,,,,,57,26.9,,,
Bogor,Kabupaten Bogor Leuwiliang,2026-05-30 05:00:00,71,69,34,,4,10,0,71,,,,,
Tangerang,Tangerang Pasir Jaya,2026-05-30 05:00:00,55,55,31,,59,63,0,26,,,,,
Bekasi,Bekasi Kayuringin,2026-05-29 08:00:00,-,95,48,,48,13,0,2,,,,,
Jakarta,The Pakubuwono Menteng,2026-05-30 05:27:46,114,114,47,84,,,,,58,28.5,,,
Depok,Cinere - Nafas,2026-05-28 01:30:22,-,72,22,50,,,,,57,26.9,,,
Bogor,Kabupaten Bogor Leuwiliang,2026-05-30 05:00:00,71,69,34,,4,10,0,71,,,,,
Tangerang,Tangerang Pasir Jaya,2026-05-30 05:00:00,55,55,31,,59,63,0,26,,,,,
Bekasi,Bekasi Kayuringin,2026-05-29 08:00:00,-,95,48,,48,13,0,2,,,,,
Jakarta,The Pakubuwono Menteng,2026-05-30 05:27:46,114,114,47,84,,,,,58,28.5,,,
Depok,Cinere - Nafas,2026-05-28 01:30:22,-,72,22,50,,,,,57,26.9,,,
Bogor,Kabupaten Bogor Leuwiliang,2026-05-30 05:00:00,71,69,34,,4,10,0,71,,,,,
Tangerang,Tangerang Pasir Jaya,2026-05-30 05:00:00,55,55,31,,59,63,0,26,,,,,
Bekasi,Bekasi Kayuringin,2026-05-29 08:00:00,-,95,48,,48,13,0,2,,,,,
Jakarta,The Pakubuwono Menteng,2026-05-30 05:28:46,116,116,47,84,,,,,58,28.5,,,
Depok,Cinere - Nafas,2026-05-28 01:30:22,-,72,22,50,,,,,57,26.9,,,
Bogor,Kabupaten Bogor Leuwiliang,2026-05-30 05:00:00,71,69,34,,4,10,0,71,,,,,
Tangerang,Tangerang Pasir Jaya,2026-05-30 05:00:00,55,55,31,,59,63,0,26,,,,,
Bekasi,Bekasi Kayuringin,2026-05-29 08:00:00,-,95,48,,48,13,0,2,,,,,
Jakarta,The Pakubuwono Menteng,2026-05-30 05:28:46,116,116,47,84,,,,,58,28.5,,,
Depok,Cinere - Nafas,2026-05-28 01:30:22,-,72,22,50,,,,,57,26.9,,,
Bogor,Kabupaten Bogor Leuwiliang,2026-05-30 05:00:00,71,69,34,,4,10,0,71,,,,,
Tangerang,Tangerang Pasir Jaya,2026-05-30 05:00:00,55,55,31,,59,63,0,26,,,,,
Bekasi,Bekasi Kayuringin,2026-05-29 08:00:00,-,95,48,,48,13,0,2,,,,,
Jakarta,The Pakubuwono Menteng,2026-05-30 05:30:46,115,115,46,84,,,,,58,28.5,,,
Depok,Cinere - Nafas,2026-05-28 01:30:22,-,72,22,50,,,,,57,26.9,,,
Bogor,Kabupaten Bogor Leuwiliang,2026-05-30 05:00:00,71,69,34,,4,10,0,71,,,,,
Tangerang,Tangerang Pasir Jaya,2026-05-30 05:00:00,55,55,31,,59,63,0,26,,,,,
Bekasi,Bekasi Kayuringin,2026-05-29 08:00:00,-,95,48,,48,13,0,2,,,,,
Jakarta,The Pakubuwono Menteng,2026-05-30 05:30:46,115,115,46,84,,,,,58,28.5,,,
Depok,Cinere - Nafas,2026-05-28 01:30:22,-,72,22,50,,,,,57,26.9,,,
Bogor,Kabupaten Bogor Leuwiliang,2026-05-30 05:00:00,71,69,34,,4,10,0,71,,,,,
Tangerang,Tangerang Pasir Jaya,2026-05-30 05:00:00,55,55,31,,59,63,0,26,,,,,
Bekasi,Bekasi Kayuringin,2026-05-29 08:00:00,-,95,48,,48,13,0,2,,,,,
Jakarta,The Pakubuwono Menteng,2026-05-30 05:32:46,116,116,47,86,,,,,58,28.5,,,
Depok,Cinere - Nafas,2026-05-28 01:30:22,-,72,22,50,,,,,57,26.9,,,
Bogor,Kabupaten Bogor Leuwiliang,2026-05-30 05:00:00,71,69,34,,4,10,0,71,,,,,
Tangerang,Tangerang Pasir Jaya,2026-05-30 05:00:00,55,55,31,,59,63,0,26,,,,,
Bekasi,Bekasi Kayuringin,2026-05-29 08:00:00,-,95,48,,48,13,0,2,,,,,
Jakarta,The Pakubuwono Menteng,2026-05-30 05:32:46,116,116,47,86,,,,,58,28.5,,,
Depok,Cinere - Nafas,2026-05-28 01:30:22,-,72,22,50,,,,,57,26.9,,,
Bogor,Kabupaten Bogor Leuwiliang,2026-05-30 05:00:00,71,69,34,,4,10,0,71,,,,,
Tangerang,Tangerang Pasir Jaya,2026-05-30 05:00:00,55,55,31,,59,63,0,26,,,,,
Bekasi,Bekasi Kayuringin,2026-05-29 08:00:00,-,95,48,,48,13,0,2,,,,,
Jakarta,The Pakubuwono Menteng,2026-05-30 05:35:46,117,117,47,85,,,,,59,28.5,,,
Depok,Cinere - Nafas,2026-05-28 01:30:22,-,72,22,50,,,,,57,26.9,,,
Bogor,Kabupaten Bogor Leuwiliang,2026-05-30 05:00:00,71,69,34,,4,10,0,71,,,,,
Tangerang,Tangerang Pasir Jaya,2026-05-30 05:00:00,55,55,31,,59,63,0,26,,,,,
Bekasi,Bekasi Kayuringin,2026-05-29 08:00:00,-,95,48,,48,13,0,2,,,,,
Jakarta,The Pakubuwono Menteng,2026-05-30 05:35:46,117,117,47,85,,,,,59,28.5,,,
Depok,Cinere - Nafas,2026-05-28 01:30:22,-,72,22,50,,,,,57,26.9,,,
Bogor,Kabupaten Bogor Leuwiliang,2026-05-30 05:00:00,71,69,34,,4,10,0,71,,,,,
Tangerang,Tangerang Pasir Jaya,2026-05-30 05:00:00,55,55,31,,59,63,0,26,,,,,
Bekasi,Bekasi Kayuringin,2026-05-29 08:00:00,-,95,48,,48,13,0,2,,,,,
Jakarta,The Pakubuwono Menteng,2026-05-30 05:37:46,119,119,48,86,,,,,59,28.5,,,
Depok,Cinere - Nafas,2026-05-28 01:30:22,-,72,22,50,,,,,57,26.9,,,
Bogor,Kabupaten Bogor Leuwiliang,2026-05-30 05:00:00,71,69,34,,4,10,0,71,,,,,
Tangerang,Tangerang Pasir Jaya,2026-05-30 05:00:00,55,55,31,,59,63,0,26,,,,,
Bekasi,Bekasi Kayuringin,2026-05-29 08:00:00,-,95,48,,48,13,0,2,,,,,
Jakarta,The Pakubuwono Menteng,2026-05-30 05:39:46,122,122,49,87,,,,,59,28.5,,,
Depok,Cinere - Nafas,2026-05-28 01:30:22,-,72,22,50,,,,,57,26.9,,,
Bogor,Kabupaten Bogor Leuwiliang,2026-05-30 05:00:00,71,69,34,,4,10,0,71,,,,,
Tangerang,Tangerang Pasir Jaya,2026-05-30 05:00:00,55,55,31,,59,63,0,26,,,,,
Bekasi,Bekasi Kayuringin,2026-05-29 08:00:00,-,95,48,,48,13,0,2,,,,,
Jakarta,The Pakubuwono Menteng,2026-05-30 05:39:46,122,122,49,87,,,,,59,28.5,,,
Depok,Cinere - Nafas,2026-05-28 01:30:22,-,72,22,50,,,,,57,26.9,,,
Bogor,Kabupaten Bogor Leuwiliang,2026-05-30 05:00:00,71,69,34,,4,10,0,71,,,,,
Tangerang,Tangerang Pasir Jaya,2026-05-30 05:00:00,55,55,31,,59,63,0,26,,,,,
Bekasi,Bekasi Kayuringin,2026-05-29 08:00:00,-,95,48,,48,13,0,2,,,,,
Jakarta,The Pakubuwono Menteng,2026-05-30 05:41:46,118,118,49,88,,,,,59,28.5,,,
Depok,Cinere - Nafas,2026-05-28 01:30:22,-,72,22,50,,,,,57,26.9,,,
Bogor,Kabupaten Bogor Leuwiliang,2026-05-30 05:00:00,71,69,34,,4,10,0,71,,,,,
Tangerang,Tangerang Pasir Jaya,2026-05-30 05:00:00,55,55,31,,59,63,0,26,,,,,
Bekasi,Bekasi Kayuringin,2026-05-29 08:00:00,-,95,48,,48,13,0,2,,,,,
Jakarta,The Pakubuwono Menteng,2026-05-30 05:41:46,118,118,49,88,,,,,59,28.5,,,
Depok,Cinere - Nafas,2026-05-28 01:30:22,-,72,22,50,,,,,57,26.9,,,
Bogor,Kabupaten Bogor Leuwiliang,2026-05-30 05:00:00,71,69,34,,4,10,0,71,,,,,
Tangerang,Tangerang Pasir Jaya,2026-05-30 05:00:00,55,55,31,,59,63,0,26,,,,,
Bekasi,Bekasi Kayuringin,2026-05-29 08:00:00,-,95,48,,48,13,0,2,,,,,
Jakarta,The Pakubuwono Menteng,2026-05-30 05:43:46,120,120,48,85,,,,,59,28.5,,,
Depok,Cinere - Nafas,2026-05-28 01:30:22,-,72,22,50,,,,,57,26.9,,,
Bogor,Kabupaten Bogor Leuwiliang,2026-05-30 05:00:00,71,69,34,,4,10,0,71,,,,,
Tangerang,Tangerang Pasir Jaya,2026-05-30 05:00:00,55,55,31,,59,63,0,26,,,,,
Bekasi,Bekasi Kayuringin,2026-05-29 08:00:00,-,95,48,,48,13,0,2,,,,,
Jakarta,The Pakubuwono Menteng,2026-05-30 05:45:46,121,121,49,86,,,,,59,28.5,,,
Depok,Cinere - Nafas,2026-05-28 01:30:22,-,72,22,50,,,,,57,26.9,,,
Bogor,Kabupaten Bogor Leuwiliang,2026-05-30 05:00:00,71,69,34,,4,10,0,71,,,,,
Tangerang,Tangerang Pasir Jaya,2026-05-30 05:00:00,55,55,31,,59,63,0,26,,,,,
Bekasi,Bekasi Kayuringin,2026-05-29 08:00:00,-,95,48,,48,13,0,2,,,,,
Jakarta,The Pakubuwono Menteng,2026-05-30 05:45:46,121,121,49,86,,,,,59,28.5,,,
Depok,Cinere - Nafas,2026-05-28 01:30:22,-,72,22,50,,,,,57,26.9,,,
Bogor,Kabupaten Bogor Leuwiliang,2026-05-30 05:00:00,71,69,34,,4,10,0,71,,,,,
Tangerang,Tangerang Pasir Jaya,2026-05-30 05:00:00,55,55,31,,59,63,0,26,,,,,
Bekasi,Bekasi Kayuringin,2026-05-29 08:00:00,-,95,48,,48,13,0,2,,,,,
Jakarta,The Pakubuwono Menteng,2026-05-30 05:47:46,121,121,50,89,,,,,59,28.5,,,
Depok,Cinere - Nafas,2026-05-28 01:30:22,-,72,22,50,,,,,57,26.9,,,
Bogor,Kabupaten Bogor Leuwiliang,2026-05-30 05:00:00,71,69,34,,4,10,0,71,,,,,
Tangerang,Tangerang Pasir Jaya,2026-05-30 05:00:00,55,55,31,,59,63,0,26,,,,,
Bekasi,Bekasi Kayuringin,2026-05-29 08:00:00,-,95,48,,48,13,0,2,,,,,
Jakarta,The Pakubuwono Menteng,2026-05-30 05:49:46,121,121,49,87,,,,,59,28.5,,,
Depok,Cinere - Nafas,2026-05-28 01:30:22,-,72,22,50,,,,,57,26.9,,,
Bogor,Kabupaten Bogor Leuwiliang,2026-05-30 05:00:00,71,69,34,,4,10,0,71,,,,,
Tangerang,Tangerang Pasir Jaya,2026-05-30 05:00:00,55,55,31,,59,63,0,26,,,,,
Bekasi,Bekasi Kayuringin,2026-05-29 08:00:00,-,95,48,,48,13,0,2,,,,,
Jakarta,The Pakubuwono Menteng,2026-05-30 05:49:46,121,121,49,87,,,,,59,28.5,,,
Depok,Cinere - Nafas,2026-05-28 01:30:22,-,72,22,50,,,,,57,26.9,,,
Bogor,Kabupaten Bogor Leuwiliang,2026-05-30 05:00:00,71,69,34,,4,10,0,71,,,,,
Tangerang,Tangerang Pasir Jaya,2026-05-30 05:00:00,55,55,31,,59,63,0,26,,,,,
Bekasi,Bekasi Kayuringin,2026-05-29 08:00:00,-,95,48,,48,13,0,2,,,,,
Jakarta,The Pakubuwono Menteng,2026-05-30 05:51:46,121,121,50,88,,,,,59,28.5,,,
Depok,Cinere - Nafas,2026-05-28 01:30:22,-,72,22,50,,,,,57,26.9,,,
Bogor,Kabupaten Bogor Leuwiliang,2026-05-30 05:00:00,71,69,34,,4,10,0,71,,,,,
Tangerang,Tangerang Pasir Jaya,2026-05-30 05:00:00,55,55,31,,59,63,0,26,,,,,
Bekasi,Bekasi Kayuringin,2026-05-29 08:00:00,-,95,48,,48,13,0,2,,,,,
Jakarta,The Pakubuwono Menteng,2026-05-30 05:51:46,121,121,50,88,,,,,59,28.5,,,
Depok,Cinere - Nafas,2026-05-28 01:30:22,-,72,22,50,,,,,57,26.9,,,
Bogor,Kabupaten Bogor Leuwiliang,2026-05-30 05:00:00,71,69,34,,4,10,0,71,,,,,
Tangerang,Tangerang Pasir Jaya,2026-05-30 05:00:00,55,55,31,,59,63,0,26,,,,,
Bekasi,Bekasi Kayuringin,2026-05-29 08:00:00,-,95,48,,48,13,0,2,,,,,
Jakarta,The Pakubuwono Menteng,2026-05-30 05:53:48,124,124,51,88,,,,,59,28.5,,,
Depok,Cinere - Nafas,2026-05-28 01:30:22,-,72,22,50,,,,,57,26.9,,,
Bogor,Kabupaten Bogor Leuwiliang,2026-05-30 05:00:00,71,69,34,,4,10,0,71,,,,,
Tangerang,Tangerang Pasir Jaya,2026-05-30 05:00:00,55,55,31,,59,63,0,26,,,,,
Bekasi,Bekasi Kayuringin,2026-05-29 08:00:00,-,95,48,,48,13,0,2,,,,,
Jakarta,The Pakubuwono Menteng,2026-05-30 05:53:48,124,124,51,88,,,,,59,28.5,,,
Depok,Cinere - Nafas,2026-05-28 01:30:22,-,72,22,50,,,,,57,26.9,,,
Bogor,Kabupaten Bogor Leuwiliang,2026-05-30 05:00:00,71,69,34,,4,10,0,71,,,,,
Tangerang,Tangerang Pasir Jaya,2026-05-30 05:00:00,55,55,31,,59,63,0,26,,,,,
Bekasi,Bekasi Kayuringin,2026-05-29 08:00:00,-,95,48,,48,13,0,2,,,,,
Jakarta,The Pakubuwono Menteng,2026-05-30 05:55:48,125,125,51,89,,,,,59,28.5,,,
Depok,Cinere - Nafas,2026-05-28 01:30:22,-,72,22,50,,,,,57,26.9,,,
Bogor,Kabupaten Bogor Leuwiliang,2026-05-30 05:00:00,71,69,34,,4,10,0,71,,,,,
Tangerang,Tangerang Pasir Jaya,2026-05-30 05:00:00,55,55,31,,59,63,0,26,,,,,
Bekasi,Bekasi Kayuringin,2026-05-29 08:00:00,-,95,48,,48,13,0,2,,,,,
Jakarta,The Pakubuwono Menteng,2026-05-30 05:55:48,125,125,51,89,,,,,59,28.5,,,
Depok,Cinere - Nafas,2026-05-28 01:30:22,-,72,22,50,,,,,57,26.9,,,
Bogor,Kabupaten Bogor Leuwiliang,2026-05-30 05:00:00,71,69,34,,4,10,0,71,,,,,
Tangerang,Tangerang Pasir Jaya,2026-05-30 05:00:00,55,55,31,,59,63,0,26,,,,,
Bekasi,Bekasi Kayuringin,2026-05-29 08:00:00,-,95,48,,48,13,0,2,,,,,
Jakarta,The Pakubuwono Menteng,2026-05-30 05:57:46,127,127,51,91,,,,,59,28.5,,,
Depok,Cinere - Nafas,2026-05-28 01:30:22,-,72,22,50,,,,,57,26.9,,,
Bogor,Kabupaten Bogor Leuwiliang,2026-05-30 05:00:00,71,69,34,,4,10,0,71,,,,,
Tangerang,Tangerang Pasir Jaya,2026-05-30 05:00:00,55,55,31,,59,63,0,26,,,,,
Bekasi,Bekasi Kayuringin,2026-05-29 08:00:00,-,95,48,,48,13,0,2,,,,,
Jakarta,The Pakubuwono Menteng,2026-05-30 06:00:47,123,123,49,89,,,,,59,28.5,,,
Depok,Cinere - Nafas,2026-05-28 01:30:22,-,72,22,50,,,,,57,26.9,,,
Bogor,Kabupaten Bogor Leuwiliang,2026-05-30 05:00:00,71,69,34,,4,10,0,71,,,,,
Tangerang,Tangerang Pasir Jaya,2026-05-30 05:00:00,55,55,31,,59,63,0,26,,,,,
Bekasi,Bekasi Kayuringin,2026-05-29 08:00:00,-,95,48,,48,13,0,2,,,,,
Jakarta,The Pakubuwono Menteng,2026-05-30 06:00:47,123,123,49,89,,,,,59,28.5,,,
Depok,Cinere - Nafas,2026-05-28 01:30:22,-,72,22,50,,,,,57,26.9,,,
Bogor,Kabupaten Bogor Leuwiliang,2026-05-30 05:00:00,71,69,34,,4,10,0,71,,,,,
Tangerang,Tangerang Pasir Jaya,2026-05-30 05:00:00,55,55,31,,59,63,0,26,,,,,
Bekasi,Bekasi Kayuringin,2026-05-29 08:00:00,-,95,48,,48,13,0,2,,,,,
Jakarta,The Pakubuwono Menteng,2026-05-30 06:02:47,118,118,48,88,,,,,58,28.5,,,
Depok,Cinere - Nafas,2026-05-28 01:30:22,-,72,22,50,,,,,57,26.9,,,
Bogor,Kabupaten Bogor Leuwiliang,2026-05-30 06:00:00,71,69,34,,4,10,0,71,,,,,
Tangerang,Tangerang Pasir Jaya,2026-05-30 06:00:00,54,54,30,,59,63,0,26,,,,,
Bekasi,Bekasi Kayuringin,2026-05-29 08:00:00,-,95,48,,48,13,0,2,,,,,
Jakarta,The Pakubuwono Menteng,2026-05-30 06:02:47,118,118,48,88,,,,,58,28.5,,,
Depok,Cinere - Nafas,2026-05-28 01:30:22,-,72,22,50,,,,,57,26.9,,,
Bogor,Kabupaten Bogor Leuwiliang,2026-05-30 06:00:00,71,69,34,,4,10,0,71,,,,,
Tangerang,Tangerang Pasir Jaya,2026-05-30 06:00:00,54,54,30,,59,63,0,26,,,,,
Bekasi,Bekasi Kayuringin,2026-05-29 08:00:00,-,95,48,,48,13,0,2,,,,,
Jakarta,The Pakubuwono Menteng,2026-05-30 06:04:46,122,122,48,89,,,,,58,28.5,,,
Depok,Cinere - Nafas,2026-05-28 01:30:22,-,72,22,50,,,,,57,26.9,,,
Bogor,Kabupaten Bogor Leuwiliang,2026-05-30 06:00:00,71,69,34,,4,10,0,71,,,,,
Tangerang,Tangerang Pasir Jaya,2026-05-30 06:00:00,54,54,30,,59,63,0,26,,,,,
Bekasi,Bekasi Kayuringin,2026-05-29 08:00:00,-,95,48,,48,13,0,2,,,,,
Jakarta,The Pakubuwono Menteng,2026-05-30 06:04:46,122,122,48,89,,,,,58,28.5,,,
Depok,Cinere - Nafas,2026-05-28 01:30:22,-,72,22,50,,,,,57,26.9,,,
Bogor,Kabupaten Bogor Leuwiliang,2026-05-30 06:00:00,71,69,34,,4,10,0,71,,,,,
Tangerang,Tangerang Pasir Jaya,2026-05-30 06:00:00,54,54,30,,59,63,0,26,,,,,
Bekasi,Bekasi Kayuringin,2026-05-29 08:00:00,-,95,48,,48,13,0,2,,,,,
Jakarta,The Pakubuwono Menteng,2026-05-30 06:06:47,122,122,49,89,,,,,58,28.5,,,
Depok,Cinere - Nafas,2026-05-28 01:30:22,-,72,22,50,,,,,57,26.9,,,
Bogor,Kabupaten Bogor Leuwiliang,2026-05-30 06:00:00,71,69,34,,4,10,0,71,,,,,
Tangerang,Tangerang Pasir Jaya,2026-05-30 06:00:00,54,54,30,,59,63,0,26,,,,,
Bekasi,Bekasi Kayuringin,2026-05-29 08:00:00,-,95,48,,48,13,0,2,,,,,
Jakarta,The Pakubuwono Menteng,2026-05-30 06:06:47,122,122,49,89,,,,,58,28.5,,,
Depok,Cinere - Nafas,2026-05-28 01:30:22,-,72,22,50,,,,,57,26.9,,,
Bogor,Kabupaten Bogor Leuwiliang,2026-05-30 06:00:00,71,69,34,,4,10,0,71,,,,,
Tangerang,Tangerang Pasir Jaya,2026-05-30 06:00:00,54,54,30,,59,63,0,26,,,,,
Bekasi,Bekasi Kayuringin,2026-05-29 08:00:00,-,95,48,,48,13,0,2,,,,,
Jakarta,The Pakubuwono Menteng,2026-05-30 06:08:47,124,124,50,88,,,,,59,28.5,,,
Depok,Cinere - Nafas,2026-05-28 01:30:22,-,72,22,50,,,,,57,26.9,,,
Bogor,Kabupaten Bogor Leuwiliang,2026-05-30 06:00:00,71,69,34,,4,10,0,71,,,,,
Tangerang,Tangerang Pasir Jaya,2026-05-30 06:00:00,54,54,30,,59,63,0,26,,,,,
Bekasi,Bekasi Kayuringin,2026-05-29 08:00:00,-,95,48,,48,13,0,2,,,,,
Jakarta,The Pakubuwono Menteng,2026-05-30 06:08:47,124,124,50,88,,,,,59,28.5,,,
Depok,Cinere - Nafas,2026-05-28 01:30:22,-,72,22,50,,,,,57,26.9,,,
Bogor,Kabupaten Bogor Leuwiliang,2026-05-30 06:00:00,71,69,34,,4,10,0,71,,,,,
Tangerang,Tangerang Pasir Jaya,2026-05-30 06:00:00,54,54,30,,59,63,0,26,,,,,
Bekasi,Bekasi Kayuringin,2026-05-29 08:00:00,-,95,48,,48,13,0,2,,,,,
Jakarta,The Pakubuwono Menteng,2026-05-30 06:11:47,125,125,51,88,,,,,59,28.5,,,
Depok,Cinere - Nafas,2026-05-28 01:30:22,-,72,22,50,,,,,57,26.9,,,
Bogor,Kabupaten Bogor Leuwiliang,2026-05-30 06:00:00,71,69,34,,4,10,0,71,,,,,
Tangerang,Tangerang Pasir Jaya,2026-05-30 06:00:00,54,54,30,,59,63,0,26,,,,,
Bekasi,Bekasi Kayuringin,2026-05-29 08:00:00,-,95,48,,48,13,0,2,,,,,
Jakarta,The Pakubuwono Menteng,2026-05-30 06:11:47,125,125,51,88,,,,,59,28.5,,,
Depok,Cinere - Nafas,2026-05-28 01:30:22,-,72,22,50,,,,,57,26.9,,,
Bogor,Kabupaten Bogor Leuwiliang,2026-05-30 06:00:00,71,69,34,,4,10,0,71,,,,,
Tangerang,Tangerang Pasir Jaya,2026-05-30 06:00:00,54,54,30,,59,63,0,26,,,,,
Bekasi,Bekasi Kayuringin,2026-05-29 08:00:00,-,95,48,,48,13,0,2,,,,,
Jakarta,The Pakubuwono Menteng,2026-05-30 06:13:47,131,131,53,94,,,,,59,28.5,,,
Depok,Cinere - Nafas,2026-05-28 01:30:22,-,72,22,50,,,,,57,26.9,,,
Bogor,Kabupaten Bogor Leuwiliang,2026-05-30 06:00:00,71,69,34,,4,10,0,71,,,,,
Tangerang,Tangerang Pasir Jaya,2026-05-30 06:00:00,54,54,30,,59,63,0,26,,,,,
Bekasi,Bekasi Kayuringin,2026-05-29 08:00:00,-,95,48,,48,13,0,2,,,,,
Jakarta,The Pakubuwono Menteng,2026-05-30 06:13:47,131,131,53,94,,,,,59,28.5,,,
Depok,Cinere - Nafas,2026-05-28 01:30:22,-,72,22,50,,,,,57,26.9,,,
Bogor,Kabupaten Bogor Leuwiliang,2026-05-30 06:00:00,71,69,34,,4,10,0,71,,,,,
Tangerang,Tangerang Pasir Jaya,2026-05-30 06:00:00,54,54,30,,59,63,0,26,,,,,
Bekasi,Bekasi Kayuringin,2026-05-29 08:00:00,-,95,48,,48,13,0,2,,,,,
Jakarta,The Pakubuwono Menteng,2026-05-30 06:15:47,130,130,53,94,,,,,59,28.5,,,
Depok,Cinere - Nafas,2026-05-28 01:30:22,-,72,22,50,,,,,57,26.9,,,
Bogor,Kabupaten Bogor Leuwiliang,2026-05-30 06:00:00,71,69,34,,4,10,0,71,,,,,
Tangerang,Tangerang Pasir Jaya,2026-05-30 06:00:00,54,54,30,,59,63,0,26,,,,,
Bekasi,Bekasi Kayuringin,2026-05-29 08:00:00,-,95,48,,48,13,0,2,,,,,
Jakarta,The Pakubuwono Menteng,2026-05-30 06:15:47,130,130,53,94,,,,,59,28.5,,,
Depok,Cinere - Nafas,2026-05-28 01:30:22,-,72,22,50,,,,,57,26.9,,,
Bogor,Kabupaten Bogor Leuwiliang,2026-05-30 06:00:00,71,69,34,,4,10,0,71,,,,,
Tangerang,Tangerang Pasir Jaya,2026-05-30 06:00:00,54,54,30,,59,63,0,26,,,,,
Bekasi,Bekasi Kayuringin,2026-05-29 08:00:00,-,95,48,,48,13,0,2,,,,,
Jakarta,The Pakubuwono Menteng,2026-05-30 06:17:47,134,134,53,96,,,,,59,28.5,,,
Depok,Cinere - Nafas,2026-05-28 01:30:22,-,72,22,50,,,,,57,26.9,,,
Bogor,Kabupaten Bogor Leuwiliang,2026-05-30 06:00:00,71,69,34,,4,10,0,71,,,,,
Tangerang,Tangerang Pasir Jaya,2026-05-30 06:00:00,54,54,30,,59,63,0,26,,,,,
Bekasi,Bekasi Kayuringin,2026-05-29 08:00:00,-,95,48,,48,13,0,2,,,,,
Jakarta,The Pakubuwono Menteng,2026-05-30 06:20:47,141,141,56,99,,,,,59,28.6,,,
Depok,Cinere - Nafas,2026-05-28 01:30:22,-,72,22,50,,,,,57,26.9,,,
Bogor,Kabupaten Bogor Leuwiliang,2026-05-30 06:00:00,71,69,34,,4,10,0,71,,,,,
Tangerang,Tangerang Pasir Jaya,2026-05-30 06:00:00,54,54,30,,59,63,0,26,,,,,
Bekasi,Bekasi Kayuringin,2026-05-29 08:00:00,-,95,48,,48,13,0,2,,,,,
Jakarta,The Pakubuwono Menteng,2026-05-30 06:20:47,141,141,56,99,,,,,59,28.6,,,
Depok,Cinere - Nafas,2026-05-28 01:30:22,-,72,22,50,,,,,57,26.9,,,
Bogor,Kabupaten Bogor Leuwiliang,2026-05-30 06:00:00,71,69,34,,4,10,0,71,,,,,
Tangerang,Tangerang Pasir Jaya,2026-05-30 06:00:00,54,54,30,,59,63,0,26,,,,,
Bekasi,Bekasi Kayuringin,2026-05-29 08:00:00,-,95,48,,48,13,0,2,,,,,
Jakarta,The Pakubuwono Menteng,2026-05-30 06:22:47,142,142,55,99,,,,,59,28.5,,,
Depok,Cinere - Nafas,2026-05-28 01:30:22,-,72,22,50,,,,,57,26.9,,,
Bogor,Kabupaten Bogor Leuwiliang,2026-05-30 06:00:00,71,69,34,,4,10,0,71,,,,,
Tangerang,Tangerang Pasir Jaya,2026-05-30 06:00:00,54,54,30,,59,63,0,26,,,,,
Bekasi,Bekasi Kayuringin,2026-05-29 08:00:00,-,95,48,,48,13,0,2,,,,,
Jakarta,The Pakubuwono Menteng,2026-05-30 06:23:47,140,140,54,99,,,,,59,28.6,,,
Depok,Cinere - Nafas,2026-05-28 01:30:22,-,72,22,50,,,,,57,26.9,,,
Bogor,Kabupaten Bogor Leuwiliang,2026-05-30 06:00:00,71,69,34,,4,10,0,71,,,,,
Tangerang,Tangerang Pasir Jaya,2026-05-30 06:00:00,54,54,30,,59,63,0,26,,,,,
Bekasi,Bekasi Kayuringin,2026-05-29 08:00:00,-,95,48,,48,13,0,2,,,,,
Jakarta,The Pakubuwono Menteng,2026-05-30 06:25:47,149,149,56,103,,,,,59,28.6,,,
Depok,Cinere - Nafas,2026-05-28 01:30:22,-,72,22,50,,,,,57,26.9,,,
Bogor,Kabupaten Bogor Leuwiliang,2026-05-30 06:00:00,71,69,34,,4,10,0,71,,,,,
Tangerang,Tangerang Pasir Jaya,2026-05-30 06:00:00,54,54,30,,59,63,0,26,,,,,
Bekasi,Bekasi Kayuringin,2026-05-29 08:00:00,-,95,48,,48,13,0,2,,,,,
Jakarta,The Pakubuwono Menteng,2026-05-30 06:25:47,149,149,56,103,,,,,59,28.6,,,
Depok,Cinere - Nafas,2026-05-28 01:30:22,-,72,22,50,,,,,57,26.9,,,
Bogor,Kabupaten Bogor Leuwiliang,2026-05-30 06:00:00,71,69,34,,4,10,0,71,,,,,
Tangerang,Tangerang Pasir Jaya,2026-05-30 06:00:00,54,54,30,,59,63,0,26,,,,,
Bekasi,Bekasi Kayuringin,2026-05-29 08:00:00,-,95,48,,48,13,0,2,,,,,
Jakarta,The Pakubuwono Menteng,2026-05-30 06:27:47,138,138,54,97,,,,,59,28.6,,,
Depok,Cinere - Nafas,2026-05-28 01:30:22,-,72,22,50,,,,,57,26.9,,,
Bogor,Kabupaten Bogor Leuwiliang,2026-05-30 06:00:00,71,69,34,,4,10,0,71,,,,,
Tangerang,Tangerang Pasir Jaya,2026-05-30 06:00:00,54,54,30,,59,63,0,26,,,,,
Bekasi,Bekasi Kayuringin,2026-05-29 08:00:00,-,95,48,,48,13,0,2,,,,,
Jakarta,The Pakubuwono Menteng,2026-05-30 06:27:47,138,138,54,97,,,,,59,28.6,,,
Depok,Cinere - Nafas,2026-05-28 01:30:22,-,72,22,50,,,,,57,26.9,,,
Bogor,Kabupaten Bogor Leuwiliang,2026-05-30 06:00:00,71,69,34,,4,10,0,71,,,,,
Tangerang,Tangerang Pasir Jaya,2026-05-30 06:00:00,54,54,30,,59,63,0,26,,,,,
Bekasi,Bekasi Kayuringin,2026-05-29 08:00:00,-,95,48,,48,13,0,2,,,,,
Jakarta,The Pakubuwono Menteng,2026-05-30 06:29:47,135,135,54,95,,,,,59,28.6,,,
Depok,Cinere - Nafas,2026-05-28 01:30:22,-,72,22,50,,,,,57,26.9,,,
Bogor,Kabupaten Bogor Leuwiliang,2026-05-30 06:00:00,71,69,34,,4,10,0,71,,,,,
Tangerang,Tangerang Pasir Jaya,2026-05-30 06:00:00,54,54,30,,59,63,0,26,,,,,
Bekasi,Bekasi Kayuringin,2026-05-29 08:00:00,-,95,48,,48,13,0,2,,,,,
Jakarta,The Pakubuwono Menteng,2026-05-30 06:31:47,136,136,53,96,,,,,59,28.6,,,
Depok,Cinere - Nafas,2026-05-28 01:30:22,-,72,22,50,,,,,57,26.9,,,
Bogor,Kabupaten Bogor Leuwiliang,2026-05-30 06:00:00,71,69,34,,4,10,0,71,,,,,
Tangerang,Tangerang Pasir Jaya,2026-05-30 06:00:00,54,54,30,,59,63,0,26,,,,,
Bekasi,Bekasi Kayuringin,2026-05-29 08:00:00,-,95,48,,48,13,0,2,,,,,
Jakarta,The Pakubuwono Menteng,2026-05-30 06:31:47,136,136,53,96,,,,,59,28.6,,,
Depok,Cinere - Nafas,2026-05-28 01:30:22,-,72,22,50,,,,,57,26.9,,,
Bogor,Kabupaten Bogor Leuwiliang,2026-05-30 06:00:00,71,69,34,,4,10,0,71,,,,,
Tangerang,Tangerang Pasir Jaya,2026-05-30 06:00:00,54,54,30,,59,63,0,26,,,,,
Bekasi,Bekasi Kayuringin,2026-05-29 08:00:00,-,95,48,,48,13,0,2,,,,,
Jakarta,The Pakubuwono Menteng,2026-05-30 06:33:47,132,132,53,94,,,,,58,28.6,,,
Depok,Cinere - Nafas,2026-05-28 01:30:22,-,72,22,50,,,,,57,26.9,,,
Bogor,Kabupaten Bogor Leuwiliang,2026-05-30 06:00:00,71,69,34,,4,10,0,71,,,,,
Tangerang,Tangerang Pasir Jaya,2026-05-30 06:00:00,54,54,30,,59,63,0,26,,,,,
Bekasi,Bekasi Kayuringin,2026-05-29 08:00:00,-,95,48,,48,13,0,2,,,,,
Jakarta,The Pakubuwono Menteng,2026-05-30 06:34:47,135,135,54,95,,,,,59,28.6,,,
Depok,Cinere - Nafas,2026-05-28 01:30:22,-,72,22,50,,,,,57,26.9,,,
Bogor,Kabupaten Bogor Leuwiliang,2026-05-30 06:00:00,71,69,34,,4,10,0,71,,,,,
Tangerang,Tangerang Pasir Jaya,2026-05-30 06:00:00,54,54,30,,59,63,0,26,,,,,
Bekasi,Bekasi Kayuringin,2026-05-29 08:00:00,-,95,48,,48,13,0,2,,,,,
Jakarta,The Pakubuwono Menteng,2026-05-30 06:34:47,135,135,54,95,,,,,59,28.6,,,
Depok,Cinere - Nafas,2026-05-28 01:30:22,-,72,22,50,,,,,57,26.9,,,
Bogor,Kabupaten Bogor Leuwiliang,2026-05-30 06:00:00,71,69,34,,4,10,0,71,,,,,
Tangerang,Tangerang Pasir Jaya,2026-05-30 06:00:00,54,54,30,,59,63,0,26,,,,,
Bekasi,Bekasi Kayuringin,2026-05-29 08:00:00,-,95,48,,48,13,0,2,,,,,
Jakarta,The Pakubuwono Menteng,2026-05-30 06:37:47,136,136,53,96,,,,,59,28.6,,,
Depok,Cinere - Nafas,2026-05-28 01:30:22,-,72,22,50,,,,,57,26.9,,,
Bogor,Kabupaten Bogor Leuwiliang,2026-05-30 06:00:00,71,69,34,,4,10,0,71,,,,,
Tangerang,Tangerang Pasir Jaya,2026-05-30 06:00:00,54,54,30,,59,63,0,26,,,,,
Bekasi,Bekasi Kayuringin,2026-05-29 08:00:00,-,95,48,,48,13,0,2,,,,,
Jakarta,The Pakubuwono Menteng,2026-05-30 06:37:47,136,136,53,96,,,,,59,28.6,,,
Depok,Cinere - Nafas,2026-05-28 01:30:22,-,72,22,50,,,,,57,26.9,,,
Bogor,Kabupaten Bogor Leuwiliang,2026-05-30 06:00:00,71,69,34,,4,10,0,71,,,,,
Tangerang,Tangerang Pasir Jaya,2026-05-30 06:00:00,54,54,30,,59,63,0,26,,,,,
Bekasi,Bekasi Kayuringin,2026-05-29 08:00:00,-,95,48,,48,13,0,2,,,,,
Jakarta,The Pakubuwono Menteng,2026-05-30 06:39:47,136,136,54,95,,,,,58,28.6,,,
Depok,Cinere - Nafas,2026-05-28 01:30:22,-,72,22,50,,,,,57,26.9,,,
Bogor,Kabupaten Bogor Leuwiliang,2026-05-30 06:00:00,71,69,34,,4,10,0,71,,,,,
Tangerang,Tangerang Pasir Jaya,2026-05-30 06:00:00,54,54,30,,59,63,0,26,,,,,
Bekasi,Bekasi Kayuringin,2026-05-29 08:00:00,-,95,48,,48,13,0,2,,,,,
Jakarta,The Pakubuwono Menteng,2026-05-30 06:39:47,136,136,54,95,,,,,58,28.6,,,
Depok,Cinere - Nafas,2026-05-28 01:30:22,-,72,22,50,,,,,57,26.9,,,
Bogor,Kabupaten Bogor Leuwiliang,2026-05-30 06:00:00,71,69,34,,4,10,0,71,,,,,
Tangerang,Tangerang Pasir Jaya,2026-05-30 06:00:00,54,54,30,,59,63,0,26,,,,,
Bekasi,Bekasi Kayuringin,2026-05-29 08:00:00,-,95,48,,48,13,0,2,,,,,
Jakarta,The Pakubuwono Menteng,2026-05-30 06:41:47,133,133,53,94,,,,,58,28.6,,,
Depok,Cinere - Nafas,2026-05-28 01:30:22,-,72,22,50,,,,,57,26.9,,,
Bogor,Kabupaten Bogor Leuwiliang,2026-05-30 06:00:00,71,69,34,,4,10,0,71,,,,,
Tangerang,Tangerang Pasir Jaya,2026-05-30 06:00:00,54,54,30,,59,63,0,26,,,,,
Bekasi,Bekasi Kayuringin,2026-05-29 08:00:00,-,95,48,,48,13,0,2,,,,,
Jakarta,The Pakubuwono Menteng,2026-05-30 06:43:47,149,149,56,100,,,,,58,28.6,,,
Depok,Cinere - Nafas,2026-05-28 01:30:22,-,72,22,50,,,,,57,26.9,,,
Bogor,Kabupaten Bogor Leuwiliang,2026-05-30 06:00:00,71,69,34,,4,10,0,71,,,,,
Tangerang,Tangerang Pasir Jaya,2026-05-30 06:00:00,54,54,30,,59,63,0,26,,,,,
Bekasi,Bekasi Kayuringin,2026-05-29 08:00:00,-,95,48,,48,13,0,2,,,,,
Jakarta,The Pakubuwono Menteng,2026-05-30 06:43:47,149,149,56,100,,,,,58,28.6,,,
Depok,Cinere - Nafas,2026-05-28 01:30:22,-,72,22,50,,,,,57,26.9,,,
Bogor,Kabupaten Bogor Leuwiliang,2026-05-30 06:00:00,71,69,34,,4,10,0,71,,,,,
Tangerang,Tangerang Pasir Jaya,2026-05-30 06:00:00,54,54,30,,59,63,0,26,,,,,
Bekasi,Bekasi Kayuringin,2026-05-29 08:00:00,-,95,48,,48,13,0,2,,,,,
Jakarta,The Pakubuwono Menteng,2026-05-30 06:45:48,150,150,58,111,,,,,58,28.6,,,
Depok,Cinere - Nafas,2026-05-28 01:30:22,-,72,22,50,,,,,57,26.9,,,
Bogor,Kabupaten Bogor Leuwiliang,2026-05-30 06:00:00,71,69,34,,4,10,0,71,,,,,
Tangerang,Tangerang Pasir Jaya,2026-05-30 06:00:00,54,54,30,,59,63,0,26,,,,,
Bekasi,Bekasi Kayuringin,2026-05-29 08:00:00,-,95,48,,48,13,0,2,,,,,
Jakarta,The Pakubuwono Menteng,2026-05-30 06:48:47,140,140,56,103,,,,,58,28.7,,,
Depok,Cinere - Nafas,2026-05-28 01:30:22,-,72,22,50,,,,,57,26.9,,,
Bogor,Kabupaten Bogor Leuwiliang,2026-05-30 06:00:00,71,69,34,,4,10,0,71,,,,,
Tangerang,Tangerang Pasir Jaya,2026-05-30 06:00:00,54,54,30,,59,63,0,26,,,,,
Bekasi,Bekasi Kayuringin,2026-05-29 08:00:00,-,95,48,,48,13,0,2,,,,,
Jakarta,The Pakubuwono Menteng,2026-05-30 06:48:47,140,140,56,103,,,,,58,28.7,,,
Depok,Cinere - Nafas,2026-05-28 01:30:22,-,72,22,50,,,,,57,26.9,,,
Bogor,Kabupaten Bogor Leuwiliang,2026-05-30 06:00:00,71,69,34,,4,10,0,71,,,,,
Tangerang,Tangerang Pasir Jaya,2026-05-30 06:00:00,54,54,30,,59,63,0,26,,,,,
Bekasi,Bekasi Kayuringin,2026-05-29 08:00:00,-,95,48,,48,13,0,2,,,,,
Jakarta,The Pakubuwono Menteng,2026-05-30 06:50:48,141,141,55,101,,,,,58,28.7,,,
Depok,Cinere - Nafas,2026-05-28 01:30:22,-,72,22,50,,,,,57,26.9,,,
Bogor,Kabupaten Bogor Leuwiliang,2026-05-30 06:00:00,71,69,34,,4,10,0,71,,,,,
Tangerang,Tangerang Pasir Jaya,2026-05-30 06:00:00,54,54,30,,59,63,0,26,,,,,
Bekasi,Bekasi Kayuringin,2026-05-29 08:00:00,-,95,48,,48,13,0,2,,,,,
Jakarta,The Pakubuwono Menteng,2026-05-30 06:50:48,141,141,55,101,,,,,58,28.7,,,
Depok,Cinere - Nafas,2026-05-28 01:30:22,-,72,22,50,,,,,57,26.9,,,
Bogor,Kabupaten Bogor Leuwiliang,2026-05-30 06:00:00,71,69,34,,4,10,0,71,,,,,
Tangerang,Tangerang Pasir Jaya,2026-05-30 06:00:00,54,54,30,,59,63,0,26,,,,,
Bekasi,Bekasi Kayuringin,2026-05-29 08:00:00,-,95,48,,48,13,0,2,,,,,
Jakarta,The Pakubuwono Menteng,2026-05-30 06:52:48,143,143,56,105,,,,,58,28.7,,,
Depok,Cinere - Nafas,2026-05-28 01:30:22,-,72,22,50,,,,,57,26.9,,,
Bogor,Kabupaten Bogor Leuwiliang,2026-05-30 06:00:00,71,69,34,,4,10,0,71,,,,,
Tangerang,Tangerang Pasir Jaya,2026-05-30 06:00:00,54,54,30,,59,63,0,26,,,,,
Bekasi,Bekasi Kayuringin,2026-05-29 08:00:00,-,95,48,,48,13,0,2,,,,,
Jakarta,The Pakubuwono Menteng,2026-05-30 06:52:48,143,143,56,105,,,,,58,28.7,,,
Depok,Cinere - Nafas,2026-05-28 01:30:22,-,72,22,50,,,,,57,26.9,,,
Bogor,Kabupaten Bogor Leuwiliang,2026-05-30 06:00:00,71,69,34,,4,10,0,71,,,,,
Tangerang,Tangerang Pasir Jaya,2026-05-30 06:00:00,54,54,30,,59,63,0,26,,,,,
Bekasi,Bekasi Kayuringin,2026-05-29 08:00:00,-,95,48,,48,13,0,2,,,,,
Jakarta,The Pakubuwono Menteng,2026-05-30 06:53:48,141,141,55,99,,,,,58,28.7,,,
Depok,Cinere - Nafas,2026-05-28 01:30:22,-,72,22,50,,,,,57,26.9,,,
Bogor,Kabupaten Bogor Leuwiliang,2026-05-30 06:00:00,71,69,34,,4,10,0,71,,,,,
Tangerang,Tangerang Pasir Jaya,2026-05-30 06:00:00,54,54,30,,59,63,0,26,,,,,
Bekasi,Bekasi Kayuringin,2026-05-29 08:00:00,-,95,48,,48,13,0,2,,,,,
Jakarta,The Pakubuwono Menteng,2026-05-30 06:53:48,141,141,55,99,,,,,58,28.7,,,
Depok,Cinere - Nafas,2026-05-28 01:30:22,-,72,22,50,,,,,57,26.9,,,
Bogor,Kabupaten Bogor Leuwiliang,2026-05-30 06:00:00,71,69,34,,4,10,0,71,,,,,
Tangerang,Tangerang Pasir Jaya,2026-05-30 06:00:00,54,54,30,,59,63,0,26,,,,,
Bekasi,Bekasi Kayuringin,2026-05-29 08:00:00,-,95,48,,48,13,0,2,,,,,
Jakarta,The Pakubuwono Menteng,2026-05-30 06:56:48,150,150,57,106,,,,,58,28.7,,,
Depok,Cinere - Nafas,2026-05-28 01:30:22,-,72,22,50,,,,,57,26.9,,,
Bogor,Kabupaten Bogor Leuwiliang,2026-05-30 06:00:00,71,69,34,,4,10,0,71,,,,,
Tangerang,Tangerang Pasir Jaya,2026-05-30 06:00:00,54,54,30,,59,63,0,26,,,,,
Bekasi,Bekasi Kayuringin,2026-05-29 08:00:00,-,95,48,,48,13,0,2,,,,,
Jakarta,The Pakubuwono Menteng,2026-05-30 06:56:48,150,150,57,106,,,,,58,28.7,,,
Depok,Cinere - Nafas,2026-05-28 01:30:22,-,72,22,50,,,,,57,26.9,,,
Bogor,Kabupaten Bogor Leuwiliang,2026-05-30 06:00:00,71,69,34,,4,10,0,71,,,,,
Tangerang,Tangerang Pasir Jaya,2026-05-30 06:00:00,54,54,30,,59,63,0,26,,,,,
Bekasi,Bekasi Kayuringin,2026-05-29 08:00:00,-,95,48,,48,13,0,2,,,,,
Jakarta,The Pakubuwono Menteng,2026-05-30 06:59:48,153,153,58,113,,,,,58,28.8,,,
Depok,Cinere - Nafas,2026-05-28 01:30:22,-,72,22,50,,,,,57,26.9,,,
Bogor,Kabupaten Bogor Leuwiliang,2026-05-30 06:00:00,71,69,34,,4,10,0,71,,,,,
Tangerang,Tangerang Pasir Jaya,2026-05-30 06:00:00,54,54,30,,59,63,0,26,,,,,
Bekasi,Bekasi Kayuringin,2026-05-29 08:00:00,-,95,48,,48,13,0,2,,,,,
Jakarta,The Pakubuwono Menteng,2026-05-30 06:59:48,153,153,58,113,,,,,58,28.8,,,
Depok,Cinere - Nafas,2026-05-28 01:30:22,-,72,22,50,,,,,57,26.9,,,
Bogor,Kabupaten Bogor Leuwiliang,2026-05-30 06:00:00,71,69,34,,4,10,0,71,,,,,
Tangerang,Tangerang Pasir Jaya,2026-05-30 06:00:00,54,54,30,,59,63,0,26,,,,,
Bekasi,Bekasi Kayuringin,2026-05-29 08:00:00,-,95,48,,48,13,0,2,,,,,
Jakarta,The Pakubuwono Menteng,2026-05-30 07:01:48,155,155,59,118,,,,,58,28.8,,,
Depok,Cinere - Nafas,2026-05-28 01:30:22,-,72,22,50,,,,,57,26.9,,,
Bogor,Kabupaten Bogor Leuwiliang,2026-05-30 06:00:00,71,69,34,,4,10,0,71,,,,,
Tangerang,Tangerang Pasir Jaya,2026-05-30 06:00:00,54,54,30,,59,63,0,26,,,,,
Bekasi,Bekasi Kayuringin,2026-05-29 08:00:00,-,95,48,,48,13,0,2,,,,,
Jakarta,The Pakubuwono Menteng,2026-05-30 07:01:48,155,155,59,118,,,,,58,28.8,,,
Depok,Cinere - Nafas,2026-05-28 01:30:22,-,72,22,50,,,,,57,26.9,,,
Bogor,Kabupaten Bogor Leuwiliang,2026-05-30 06:00:00,71,69,34,,4,10,0,71,,,,,
Tangerang,Tangerang Pasir Jaya,2026-05-30 06:00:00,54,54,30,,59,63,0,26,,,,,
Bekasi,Bekasi Kayuringin,2026-05-29 08:00:00,-,95,48,,48,13,0,2,,,,,
Jakarta,The Pakubuwono Menteng,2026-05-30 07:03:48,153,153,59,116,,,,,58,28.8,,,
Depok,Cinere - Nafas,2026-05-28 01:30:22,-,72,22,50,,,,,57,26.9,,,
Bogor,Kabupaten Bogor Leuwiliang,2026-05-30 07:00:00,71,69,34,,4,10,0,71,,,,,
Tangerang,Tangerang Pasir Jaya,2026-05-30 07:00:00,49,49,28,,59,63,0,26,,,,,
Bekasi,Bekasi Kayuringin,2026-05-29 08:00:00,-,95,48,,48,13,0,2,,,,,
Jakarta,The Pakubuwono Menteng,2026-05-30 07:03:48,153,153,59,116,,,,,58,28.8,,,
Depok,Cinere - Nafas,2026-05-28 01:30:22,-,72,22,50,,,,,57,26.9,,,
Bogor,Kabupaten Bogor Leuwiliang,2026-05-30 07:00:00,71,69,34,,4,10,0,71,,,,,
Tangerang,Tangerang Pasir Jaya,2026-05-30 07:00:00,49,49,28,,59,63,0,26,,,,,
Bekasi,Bekasi Kayuringin,2026-05-29 08:00:00,-,95,48,,48,13,0,2,,,,,
Jakarta,The Pakubuwono Menteng,2026-05-30 07:06:48,157,157,60,128,,,,,58,28.9,,,
Depok,Cinere - Nafas,2026-05-28 01:30:22,-,72,22,50,,,,,57,26.9,,,
Bogor,Kabupaten Bogor Leuwiliang,2026-05-30 07:00:00,71,69,34,,4,10,0,71,,,,,
Tangerang,Tangerang Pasir Jaya,2026-05-30 07:00:00,49,49,28,,59,63,0,26,,,,,
Bekasi,Bekasi Kayuringin,2026-05-29 08:00:00,-,95,48,,48,13,0,2,,,,,
Jakarta,The Pakubuwono Menteng,2026-05-30 07:08:48,154,154,59,115,,,,,58,28.9,,,
Depok,Cinere - Nafas,2026-05-28 01:30:22,-,72,22,50,,,,,57,26.9,,,
Bogor,Kabupaten Bogor Leuwiliang,2026-05-30 07:00:00,71,69,34,,4,10,0,71,,,,,
Tangerang,Tangerang Pasir Jaya,2026-05-30 07:00:00,49,49,28,,59,63,0,26,,,,,
Bekasi,Bekasi Kayuringin,2026-05-29 08:00:00,-,95,48,,48,13,0,2,,,,,
Jakarta,The Pakubuwono Menteng,2026-05-30 07:08:48,154,154,59,115,,,,,58,28.9,,,
Depok,Cinere - Nafas,2026-05-28 01:30:22,-,72,22,50,,,,,57,26.9,,,
Bogor,Kabupaten Bogor Leuwiliang,2026-05-30 07:00:00,71,69,34,,4,10,0,71,,,,,
Tangerang,Tangerang Pasir Jaya,2026-05-30 07:00:00,49,49,28,,59,63,0,26,,,,,
Bekasi,Bekasi Kayuringin,2026-05-29 08:00:00,-,95,48,,48,13,0,2,,,,,
Jakarta,The Pakubuwono Menteng,2026-05-30 07:08:48,154,154,59,115,,,,,58,28.9,,,
Depok,Cinere - Nafas,2026-05-28 01:30:22,-,72,22,50,,,,,57,26.9,,,
Bogor,Kabupaten Bogor Leuwiliang,2026-05-30 07:00:00,71,69,34,,4,10,0,71,,,,,
Tangerang,Tangerang Pasir Jaya,2026-05-30 07:00:00,49,49,28,,59,63,0,26,,,,,
Bekasi,Bekasi Kayuringin,2026-05-29 08:00:00,-,95,48,,48,13,0,2,,,,,
Jakarta,The Pakubuwono Menteng,2026-05-30 07:10:48,156,156,61,124,,,,,58,28.9,,,
Depok,Cinere - Nafas,2026-05-28 01:30:22,-,72,22,50,,,,,57,26.9,,,
Bogor,Kabupaten Bogor Leuwiliang,2026-05-30 07:00:00,71,69,34,,4,10,0,71,,,,,
Tangerang,Tangerang Pasir Jaya,2026-05-30 07:00:00,49,49,28,,59,63,0,26,,,,,
Bekasi,Bekasi Kayuringin,2026-05-29 08:00:00,-,95,48,,48,13,0,2,,,,,
Jakarta,The Pakubuwono Menteng,2026-05-30 07:10:48,156,156,61,124,,,,,58,28.9,,,
Depok,Cinere - Nafas,2026-05-28 01:30:22,-,72,22,50,,,,,57,26.9,,,
Bogor,Kabupaten Bogor Leuwiliang,2026-05-30 07:00:00,71,69,34,,4,10,0,71,,,,,
Tangerang,Tangerang Pasir Jaya,2026-05-30 07:00:00,49,49,28,,59,63,0,26,,,,,
Bekasi,Bekasi Kayuringin,2026-05-29 08:00:00,-,95,48,,48,13,0,2,,,,,
Jakarta,The Pakubuwono Menteng,2026-05-30 07:13:48,156,156,60,123,,,,,58,28.9,,,
Depok,Cinere - Nafas,2026-05-28 01:30:22,-,72,22,50,,,,,57,26.9,,,
Bogor,Kabupaten Bogor Leuwiliang,2026-05-30 07:00:00,71,69,34,,4,10,0,71,,,,,
Tangerang,Tangerang Pasir Jaya,2026-05-30 07:00:00,49,49,28,,59,63,0,26,,,,,
Bekasi,Bekasi Kayuringin,2026-05-29 08:00:00,-,95,48,,48,13,0,2,,,,,
Jakarta,The Pakubuwono Menteng,2026-05-30 07:13:48,156,156,60,123,,,,,58,28.9,,,
Depok,Cinere - Nafas,2026-05-28 01:30:22,-,72,22,50,,,,,57,26.9,,,
Bogor,Kabupaten Bogor Leuwiliang,2026-05-30 07:00:00,71,69,34,,4,10,0,71,,,,,
Tangerang,Tangerang Pasir Jaya,2026-05-30 07:00:00,49,49,28,,59,63,0,26,,,,,
Bekasi,Bekasi Kayuringin,2026-05-29 08:00:00,-,95,48,,48,13,0,2,,,,,
Jakarta,The Pakubuwono Menteng,2026-05-30 07:16:48,152,152,58,115,,,,,58,28.9,,,
Depok,Cinere - Nafas,2026-05-28 01:30:22,-,72,22,50,,,,,57,26.9,,,
Bogor,Kabupaten Bogor Leuwiliang,2026-05-30 07:00:00,71,69,34,,4,10,0,71,,,,,
Tangerang,Tangerang Pasir Jaya,2026-05-30 07:00:00,49,49,28,,59,63,0,26,,,,,
Bekasi,Bekasi Kayuringin,2026-05-29 08:00:00,-,95,48,,48,13,0,2,,,,,
Jakarta,The Pakubuwono Menteng,2026-05-30 07:16:48,152,152,58,115,,,,,58,28.9,,,
Depok,Cinere - Nafas,2026-05-28 01:30:22,-,72,22,50,,,,,57,26.9,,,
Bogor,Kabupaten Bogor Leuwiliang,2026-05-30 07:00:00,71,69,34,,4,10,0,71,,,,,
Tangerang,Tangerang Pasir Jaya,2026-05-30 07:00:00,49,49,28,,59,63,0,26,,,,,
Bekasi,Bekasi Kayuringin,2026-05-29 08:00:00,-,95,48,,48,13,0,2,,,,,
Jakarta,The Pakubuwono Menteng,2026-05-30 07:18:48,155,155,60,118,,,,,58,29,,,
Depok,Cinere - Nafas,2026-05-28 01:30:22,-,72,22,50,,,,,57,26.9,,,
Bogor,Kabupaten Bogor Leuwiliang,2026-05-30 07:00:00,71,69,34,,4,10,0,71,,,,,
Tangerang,Tangerang Pasir Jaya,2026-05-30 07:00:00,49,49,28,,59,63,0,26,,,,,
Bekasi,Bekasi Kayuringin,2026-05-29 08:00:00,-,95,48,,48,13,0,2,,,,,
Jakarta,The Pakubuwono Menteng,2026-05-30 07:18:48,155,155,60,118,,,,,58,29,,,
Depok,Cinere - Nafas,2026-05-28 01:30:22,-,72,22,50,,,,,57,26.9,,,
Bogor,Kabupaten Bogor Leuwiliang,2026-05-30 07:00:00,71,69,34,,4,10,0,71,,,,,
Tangerang,Tangerang Pasir Jaya,2026-05-30 07:00:00,49,49,28,,59,63,0,26,,,,,
Bekasi,Bekasi Kayuringin,2026-05-29 08:00:00,-,95,48,,48,13,0,2,,,,,
Jakarta,The Pakubuwono Menteng,2026-05-30 07:21:49,157,157,61,129,,,,,58,29,,,
Depok,Cinere - Nafas,2026-05-28 01:30:22,-,72,22,50,,,,,57,26.9,,,
Bogor,Kabupaten Bogor Leuwiliang,2026-05-30 07:00:00,71,69,34,,4,10,0,71,,,,,
Tangerang,Tangerang Pasir Jaya,2026-05-30 07:00:00,49,49,28,,59,63,0,26,,,,,
Bekasi,Bekasi Kayuringin,2026-05-29 08:00:00,-,95,48,,48,13,0,2,,,,,
Jakarta,The Pakubuwono Menteng,2026-05-30 07:21:49,157,157,61,129,,,,,58,29,,,
Depok,Cinere - Nafas,2026-05-28 01:30:22,-,72,22,50,,,,,57,26.9,,,
Bogor,Kabupaten Bogor Leuwiliang,2026-05-30 07:00:00,71,69,34,,4,10,0,71,,,,,
Tangerang,Tangerang Pasir Jaya,2026-05-30 07:00:00,49,49,28,,59,63,0,26,,,,,
Bekasi,Bekasi Kayuringin,2026-05-29 08:00:00,-,95,48,,48,13,0,2,,,,,
Jakarta,The Pakubuwono Menteng,2026-05-30 07:23:48,159,159,61,135,,,,,58,29,,,
Depok,Cinere - Nafas,2026-05-28 01:30:22,-,72,22,50,,,,,57,26.9,,,
Bogor,Kabupaten Bogor Leuwiliang,2026-05-30 07:00:00,71,69,34,,4,10,0,71,,,,,
Tangerang,Tangerang Pasir Jaya,2026-05-30 07:00:00,49,49,28,,59,63,0,26,,,,,
Bekasi,Bekasi Kayuringin,2026-05-29 08:00:00,-,95,48,,48,13,0,2,,,,,
Jakarta,The Pakubuwono Menteng,2026-05-30 07:23:48,159,159,61,135,,,,,58,29,,,
Depok,Cinere - Nafas,2026-05-28 01:30:22,-,72,22,50,,,,,57,26.9,,,
Bogor,Kabupaten Bogor Leuwiliang,2026-05-30 07:00:00,71,69,34,,4,10,0,71,,,,,
Tangerang,Tangerang Pasir Jaya,2026-05-30 07:00:00,49,49,28,,59,63,0,26,,,,,
Bekasi,Bekasi Kayuringin,2026-05-29 08:00:00,-,95,48,,48,13,0,2,,,,,
Jakarta,The Pakubuwono Menteng,2026-05-30 07:26:49,157,157,61,130,,,,,58,29.1,,,
Depok,Cinere - Nafas,2026-05-28 01:30:22,-,72,22,50,,,,,57,26.9,,,
Bogor,Kabupaten Bogor Leuwiliang,2026-05-30 07:00:00,71,69,34,,4,10,0,71,,,,,
Tangerang,Tangerang Pasir Jaya,2026-05-30 07:00:00,49,49,28,,59,63,0,26,,,,,
Bekasi,Bekasi Kayuringin,2026-05-29 08:00:00,-,95,48,,48,13,0,2,,,,,
Jakarta,The Pakubuwono Menteng,2026-05-30 07:26:49,157,157,61,130,,,,,58,29.1,,,
Depok,Cinere - Nafas,2026-05-28 01:30:22,-,72,22,50,,,,,57,26.9,,,
Bogor,Kabupaten Bogor Leuwiliang,2026-05-30 07:00:00,71,69,34,,4,10,0,71,,,,,
Tangerang,Tangerang Pasir Jaya,2026-05-30 07:00:00,49,49,28,,59,63,0,26,,,,,
Bekasi,Bekasi Kayuringin,2026-05-29 08:00:00,-,95,48,,48,13,0,2,,,,,
Jakarta,The Pakubuwono Menteng,2026-05-30 07:26:49,157,157,61,130,,,,,58,29.1,,,
Depok,Cinere - Nafas,2026-05-28 01:30:22,-,72,22,50,,,,,57,26.9,,,
Bogor,Kabupaten Bogor Leuwiliang,2026-05-30 07:00:00,71,69,34,,4,10,0,71,,,,,
Tangerang,Tangerang Pasir Jaya,2026-05-30 07:00:00,49,49,28,,59,63,0,26,,,,,
Bekasi,Bekasi Kayuringin,2026-05-29 08:00:00,-,95,48,,48,13,0,2,,,,,
Jakarta,The Pakubuwono Menteng,2026-05-30 07:28:49,159,159,62,135,,,,,57,29.1,,,
Depok,Cinere - Nafas,2026-05-28 01:30:22,-,72,22,50,,,,,57,26.9,,,
Bogor,Kabupaten Bogor Leuwiliang,2026-05-30 07:00:00,71,69,34,,4,10,0,71,,,,,
Tangerang,Tangerang Pasir Jaya,2026-05-30 07:00:00,49,49,28,,59,63,0,26,,,,,
Bekasi,Bekasi Kayuringin,2026-05-29 08:00:00,-,95,48,,48,13,0,2,,,,,
Jakarta,The Pakubuwono Menteng,2026-05-30 07:30:49,159,159,62,131,,,,,57,29.1,,,
Depok,Cinere - Nafas,2026-05-28 01:30:22,-,72,22,50,,,,,57,26.9,,,
Bogor,Kabupaten Bogor Leuwiliang,2026-05-30 07:00:00,71,69,34,,4,10,0,71,,,,,
Tangerang,Tangerang Pasir Jaya,2026-05-30 07:00:00,49,49,28,,59,63,0,26,,,,,
Bekasi,Bekasi Kayuringin,2026-05-29 08:00:00,-,95,48,,48,13,0,2,,,,,
Jakarta,The Pakubuwono Menteng,2026-05-30 07:32:52,158,158,62,135,,,,,57,29.1,,,
Depok,Cinere - Nafas,2026-05-28 01:30:22,-,72,22,50,,,,,57,26.9,,,
Bogor,Kabupaten Bogor Leuwiliang,2026-05-30 07:00:00,71,69,34,,4,10,0,71,,,,,
Tangerang,Tangerang Pasir Jaya,2026-05-30 07:00:00,49,49,28,,59,63,0,26,,,,,
Bekasi,Bekasi Kayuringin,2026-05-29 08:00:00,-,95,48,,48,13,0,2,,,,,
Jakarta,The Pakubuwono Menteng,2026-05-30 07:32:52,158,158,62,135,,,,,57,29.1,,,
Depok,Cinere - Nafas,2026-05-28 01:30:22,-,72,22,50,,,,,57,26.9,,,
Bogor,Kabupaten Bogor Leuwiliang,2026-05-30 07:00:00,71,69,34,,4,10,0,71,,,,,
Tangerang,Tangerang Pasir Jaya,2026-05-30 07:00:00,49,49,28,,59,63,0,26,,,,,
Bekasi,Bekasi Kayuringin,2026-05-29 08:00:00,-,95,48,,48,13,0,2,,,,,
Jakarta,The Pakubuwono Menteng,2026-05-30 07:34:49,159,159,62,134,,,,,57,29.2,,,
Depok,Cinere - Nafas,2026-05-28 01:30:22,-,72,22,50,,,,,57,26.9,,,
Bogor,Kabupaten Bogor Leuwiliang,2026-05-30 07:00:00,71,69,34,,4,10,0,71,,,,,
Tangerang,Tangerang Pasir Jaya,2026-05-30 07:00:00,49,49,28,,59,63,0,26,,,,,
Bekasi,Bekasi Kayuringin,2026-05-29 08:00:00,-,95,48,,48,13,0,2,,,,,
Jakarta,The Pakubuwono Menteng,2026-05-30 07:34:49,159,159,62,134,,,,,57,29.2,,,
Depok,Cinere - Nafas,2026-05-28 01:30:22,-,72,22,50,,,,,57,26.9,,,
Bogor,Kabupaten Bogor Leuwiliang,2026-05-30 07:00:00,71,69,34,,4,10,0,71,,,,,
Tangerang,Tangerang Pasir Jaya,2026-05-30 07:00:00,49,49,28,,59,63,0,26,,,,,
Bekasi,Bekasi Kayuringin,2026-05-29 08:00:00,-,95,48,,48,13,0,2,,,,,
Jakarta,The Pakubuwono Menteng,2026-05-30 07:36:52,158,158,61,130,,,,,57,29.2,,,
Depok,Cinere - Nafas,2026-05-28 01:30:22,-,72,22,50,,,,,57,26.9,,,
Bogor,Kabupaten Bogor Leuwiliang,2026-05-30 07:00:00,71,69,34,,4,10,0,71,,,,,
Tangerang,Tangerang Pasir Jaya,2026-05-30 07:00:00,49,49,28,,59,63,0,26,,,,,
Bekasi,Bekasi Kayuringin,2026-05-29 08:00:00,-,95,48,,48,13,0,2,,,,,
Jakarta,The Pakubuwono Menteng,2026-05-30 07:36:52,158,158,61,130,,,,,57,29.2,,,
Depok,Cinere - Nafas,2026-05-28 01:30:22,-,72,22,50,,,,,57,26.9,,,
Bogor,Kabupaten Bogor Leuwiliang,2026-05-30 07:00:00,71,69,34,,4,10,0,71,,,,,
Tangerang,Tangerang Pasir Jaya,2026-05-30 07:00:00,49,49,28,,59,63,0,26,,,,,
Bekasi,Bekasi Kayuringin,2026-05-29 08:00:00,-,95,48,,48,13,0,2,,,,,
Jakarta,The Pakubuwono Menteng,2026-05-30 07:38:49,159,159,62,135,,,,,57,29.2,,,
Depok,Cinere - Nafas,2026-05-28 01:30:22,-,72,22,50,,,,,57,26.9,,,
Bogor,Kabupaten Bogor Leuwiliang,2026-05-30 07:00:00,71,69,34,,4,10,0,71,,,,,
Tangerang,Tangerang Pasir Jaya,2026-05-30 07:00:00,49,49,28,,59,63,0,26,,,,,
Bekasi,Bekasi Kayuringin,2026-05-29 08:00:00,-,95,48,,48,13,0,2,,,,,
Jakarta,The Pakubuwono Menteng,2026-05-30 07:38:49,159,159,62,135,,,,,57,29.2,,,
Depok,Cinere - Nafas,2026-05-28 01:30:22,-,72,22,50,,,,,57,26.9,,,
Bogor,Kabupaten Bogor Leuwiliang,2026-05-30 07:00:00,71,69,34,,4,10,0,71,,,,,
Tangerang,Tangerang Pasir Jaya,2026-05-30 07:00:00,49,49,28,,59,63,0,26,,,,,
Bekasi,Bekasi Kayuringin,2026-05-29 08:00:00,-,95,48,,48,13,0,2,,,,,
Jakarta,The Pakubuwono Menteng,2026-05-30 07:41:49,159,159,62,133,,,,,57,29.2,,,
Depok,Cinere - Nafas,2026-05-28 01:30:22,-,72,22,50,,,,,57,26.9,,,
Bogor,Kabupaten Bogor Leuwiliang,2026-05-30 07:00:00,71,69,34,,4,10,0,71,,,,,
Tangerang,Tangerang Pasir Jaya,2026-05-30 07:00:00,49,49,28,,59,63,0,26,,,,,
Bekasi,Bekasi Kayuringin,2026-05-29 08:00:00,-,95,48,,48,13,0,2,,,,,
Jakarta,The Pakubuwono Menteng,2026-05-30 07:43:49,158,158,62,134,,,,,57,29.2,,,
Depok,Cinere - Nafas,2026-05-28 01:30:22,-,72,22,50,,,,,57,26.9,,,
Bogor,Kabupaten Bogor Leuwiliang,2026-05-30 07:00:00,71,69,34,,4,10,0,71,,,,,
Tangerang,Tangerang Pasir Jaya,2026-05-30 07:00:00,49,49,28,,59,63,0,26,,,,,
Bekasi,Bekasi Kayuringin,2026-05-29 08:00:00,-,95,48,,48,13,0,2,,,,,
Jakarta,The Pakubuwono Menteng,2026-05-30 07:43:49,158,158,62,134,,,,,57,29.2,,,
Depok,Cinere - Nafas,2026-05-28 01:30:22,-,72,22,50,,,,,57,26.9,,,
Bogor,Kabupaten Bogor Leuwiliang,2026-05-30 07:00:00,71,69,34,,4,10,0,71,,,,,
Tangerang,Tangerang Pasir Jaya,2026-05-30 07:00:00,49,49,28,,59,63,0,26,,,,,
Bekasi,Bekasi Kayuringin,2026-05-29 08:00:00,-,95,48,,48,13,0,2,,,,,
Jakarta,The Pakubuwono Menteng,2026-05-30 07:45:49,163,163,65,140,,,,,57,29.2,,,
Depok,Cinere - Nafas,2026-05-28 01:30:22,-,72,22,50,,,,,57,26.9,,,
Bogor,Kabupaten Bogor Leuwiliang,2026-05-30 07:00:00,71,69,34,,4,10,0,71,,,,,
Tangerang,Tangerang Pasir Jaya,2026-05-30 07:00:00,49,49,28,,59,63,0,26,,,,,
Bekasi,Bekasi Kayuringin,2026-05-29 08:00:00,-,95,48,,48,13,0,2,,,,,
Jakarta,The Pakubuwono Menteng,2026-05-30 07:45:49,163,163,65,140,,,,,57,29.2,,,
Depok,Cinere - Nafas,2026-05-28 01:30:22,-,72,22,50,,,,,57,26.9,,,
Bogor,Kabupaten Bogor Leuwiliang,2026-05-30 07:00:00,71,69,34,,4,10,0,71,,,,,
Tangerang,Tangerang Pasir Jaya,2026-05-30 07:00:00,49,49,28,,59,63,0,26,,,,,
Bekasi,Bekasi Kayuringin,2026-05-29 08:00:00,-,95,48,,48,13,0,2,,,,,
Jakarta,The Pakubuwono Menteng,2026-05-30 07:47:50,160,160,62,133,,,,,57,29.3,,,
Depok,Cinere - Nafas,2026-05-28 01:30:22,-,72,22,50,,,,,57,26.9,,,
Bogor,Kabupaten Bogor Leuwiliang,2026-05-30 07:00:00,71,69,34,,4,10,0,71,,,,,
Tangerang,Tangerang Pasir Jaya,2026-05-30 07:00:00,49,49,28,,59,63,0,26,,,,,
Bekasi,Bekasi Kayuringin,2026-05-29 08:00:00,-,95,48,,48,13,0,2,,,,,
Jakarta,The Pakubuwono Menteng,2026-05-30 07:47:50,160,160,62,133,,,,,57,29.3,,,
Depok,Cinere - Nafas,2026-05-28 01:30:22,-,72,22,50,,,,,57,26.9,,,
Bogor,Kabupaten Bogor Leuwiliang,2026-05-30 07:00:00,71,69,34,,4,10,0,71,,,,,
Tangerang,Tangerang Pasir Jaya,2026-05-30 07:00:00,49,49,28,,59,63,0,26,,,,,
Bekasi,Bekasi Kayuringin,2026-05-29 08:00:00,-,95,48,,48,13,0,2,,,,,
Jakarta,The Pakubuwono Menteng,2026-05-30 07:48:49,160,160,61,132,,,,,57,29.3,,,
Depok,Cinere - Nafas,2026-05-28 01:30:22,-,72,22,50,,,,,57,26.9,,,
Bogor,Kabupaten Bogor Leuwiliang,2026-05-30 07:00:00,71,69,34,,4,10,0,71,,,,,
Tangerang,Tangerang Pasir Jaya,2026-05-30 07:00:00,49,49,28,,59,63,0,26,,,,,
Bekasi,Bekasi Kayuringin,2026-05-29 08:00:00,-,95,48,,48,13,0,2,,,,,
Jakarta,The Pakubuwono Menteng,2026-05-30 07:48:49,160,160,61,132,,,,,57,29.3,,,
Depok,Cinere - Nafas,2026-05-28 01:30:22,-,72,22,50,,,,,57,26.9,,,
Bogor,Kabupaten Bogor Leuwiliang,2026-05-30 07:00:00,71,69,34,,4,10,0,71,,,,,
Tangerang,Tangerang Pasir Jaya,2026-05-30 07:00:00,49,49,28,,59,63,0,26,,,,,
Bekasi,Bekasi Kayuringin,2026-05-29 08:00:00,-,95,48,,48,13,0,2,,,,,
Jakarta,The Pakubuwono Menteng,2026-05-30 07:51:49,157,157,61,130,,,,,57,29.3,,,
Depok,Cinere - Nafas,2026-05-28 01:30:22,-,72,22,50,,,,,57,26.9,,,
Bogor,Kabupaten Bogor Leuwiliang,2026-05-30 07:00:00,71,69,34,,4,10,0,71,,,,,
Tangerang,Tangerang Pasir Jaya,2026-05-30 07:00:00,49,49,28,,59,63,0,26,,,,,
Bekasi,Bekasi Kayuringin,2026-05-29 08:00:00,-,95,48,,48,13,0,2,,,,,
Jakarta,The Pakubuwono Menteng,2026-05-30 07:53:49,157,157,61,129,,,,,57,29.3,,,
Depok,Cinere - Nafas,2026-05-28 01:30:22,-,72,22,50,,,,,57,26.9,,,
Bogor,Kabupaten Bogor Leuwiliang,2026-05-30 07:00:00,71,69,34,,4,10,0,71,,,,,
Tangerang,Tangerang Pasir Jaya,2026-05-30 07:00:00,49,49,28,,59,63,0,26,,,,,
Bekasi,Bekasi Kayuringin,2026-05-29 08:00:00,-,95,48,,48,13,0,2,,,,,
Jakarta,The Pakubuwono Menteng,2026-05-30 07:53:49,157,157,61,129,,,,,57,29.3,,,
Depok,Cinere - Nafas,2026-05-28 01:30:22,-,72,22,50,,,,,57,26.9,,,
Bogor,Kabupaten Bogor Leuwiliang,2026-05-30 07:00:00,71,69,34,,4,10,0,71,,,,,
Tangerang,Tangerang Pasir Jaya,2026-05-30 07:00:00,49,49,28,,59,63,0,26,,,,,
Bekasi,Bekasi Kayuringin,2026-05-29 08:00:00,-,95,48,,48,13,0,2,,,,,
Jakarta,The Pakubuwono Menteng,2026-05-30 07:55:49,156,156,60,131,,,,,57,29.3,,,
Depok,Cinere - Nafas,2026-05-28 01:30:22,-,72,22,50,,,,,57,26.9,,,
Bogor,Kabupaten Bogor Leuwiliang,2026-05-30 07:00:00,71,69,34,,4,10,0,71,,,,,
Tangerang,Tangerang Pasir Jaya,2026-05-30 07:00:00,49,49,28,,59,63,0,26,,,,,
Bekasi,Bekasi Kayuringin,2026-05-29 08:00:00,-,95,48,,48,13,0,2,,,,,
Jakarta,The Pakubuwono Menteng,2026-05-30 07:55:49,156,156,60,131,,,,,57,29.3,,,
Depok,Cinere - Nafas,2026-05-28 01:30:22,-,72,22,50,,,,,57,26.9,,,
Bogor,Kabupaten Bogor Leuwiliang,2026-05-30 07:00:00,71,69,34,,4,10,0,71,,,,,
Tangerang,Tangerang Pasir Jaya,2026-05-30 07:00:00,49,49,28,,59,63,0,26,,,,,
Bekasi,Bekasi Kayuringin,2026-05-29 08:00:00,-,95,48,,48,13,0,2,,,,,
Jakarta,The Pakubuwono Menteng,2026-05-30 07:58:49,157,157,61,130,,,,,56,29.4,,,
Depok,Cinere - Nafas,2026-05-28 01:30:22,-,72,22,50,,,,,57,26.9,,,
Bogor,Kabupaten Bogor Leuwiliang,2026-05-30 07:00:00,71,69,34,,4,10,0,71,,,,,
Tangerang,Tangerang Pasir Jaya,2026-05-30 07:00:00,49,49,28,,59,63,0,26,,,,,
Bekasi,Bekasi Kayuringin,2026-05-29 08:00:00,-,95,48,,48,13,0,2,,,,,
Jakarta,The Pakubuwono Menteng,2026-05-30 07:58:49,157,157,61,130,,,,,56,29.4,,,
Depok,Cinere - Nafas,2026-05-28 01:30:22,-,72,22,50,,,,,57,26.9,,,
Bogor,Kabupaten Bogor Leuwiliang,2026-05-30 07:00:00,71,69,34,,4,10,0,71,,,,,
Tangerang,Tangerang Pasir Jaya,2026-05-30 07:00:00,49,49,28,,59,63,0,26,,,,,
Bekasi,Bekasi Kayuringin,2026-05-29 08:00:00,-,95,48,,48,13,0,2,,,,,
Jakarta,The Pakubuwono Menteng,2026-05-30 08:00:49,156,156,60,130,,,,,56,29.4,,,
Depok,Cinere - Nafas,2026-05-28 01:30:22,-,72,22,50,,,,,57,26.9,,,
Bogor,Kabupaten Bogor Leuwiliang,2026-05-30 07:00:00,71,69,34,,4,10,0,71,,,,,
Tangerang,Tangerang Pasir Jaya,2026-05-30 07:00:00,49,49,28,,59,63,0,26,,,,,
Bekasi,Bekasi Kayuringin,2026-05-29 08:00:00,-,95,48,,48,13,0,2,,,,,
Jakarta,The Pakubuwono Menteng,2026-05-30 08:00:49,156,156,60,130,,,,,56,29.4,,,
Depok,Cinere - Nafas,2026-05-28 01:30:22,-,72,22,50,,,,,57,26.9,,,
Bogor,Kabupaten Bogor Leuwiliang,2026-05-30 07:00:00,71,69,34,,4,10,0,71,,,,,
Tangerang,Tangerang Pasir Jaya,2026-05-30 07:00:00,49,49,28,,59,63,0,26,,,,,
Bekasi,Bekasi Kayuringin,2026-05-29 08:00:00,-,95,48,,48,13,0,2,,,,,
Jakarta,The Pakubuwono Menteng,2026-05-30 08:02:49,156,156,60,126,,,,,56,29.5,,,
Depok,Cinere - Nafas,2026-05-28 01:30:22,-,72,22,50,,,,,57,26.9,,,
Bogor,Kabupaten Bogor Leuwiliang,2026-05-30 08:00:00,71,69,34,,4,10,0,71,,,,,
Tangerang,Tangerang Pasir Jaya,2026-05-30 08:00:00,46,46,28,,59,63,0,26,,,,,
Bekasi,Bekasi Kayuringin,2026-05-29 08:00:00,-,95,48,,48,13,0,2,,,,,
Jakarta,The Pakubuwono Menteng,2026-05-30 08:02:49,156,156,60,126,,,,,56,29.5,,,
Depok,Cinere - Nafas,2026-05-28 01:30:22,-,72,22,50,,,,,57,26.9,,,
Bogor,Kabupaten Bogor Leuwiliang,2026-05-30 08:00:00,71,69,34,,4,10,0,71,,,,,
Tangerang,Tangerang Pasir Jaya,2026-05-30 08:00:00,46,46,28,,59,63,0,26,,,,,
Bekasi,Bekasi Kayuringin,2026-05-29 08:00:00,-,95,48,,48,13,0,2,,,,,
Jakarta,The Pakubuwono Menteng,2026-05-30 08:05:49,155,155,61,122,,,,,57,29.6,,,
Depok,Cinere - Nafas,2026-05-28 01:30:22,-,72,22,50,,,,,57,26.9,,,
Bogor,Kabupaten Bogor Leuwiliang,2026-05-30 08:00:00,71,69,34,,4,10,0,71,,,,,
Tangerang,Tangerang Pasir Jaya,2026-05-30 08:00:00,46,46,28,,59,63,0,26,,,,,
Bekasi,Bekasi Kayuringin,2026-05-29 08:00:00,-,95,48,,48,13,0,2,,,,,
Jakarta,The Pakubuwono Menteng,2026-05-30 08:05:49,155,155,61,122,,,,,57,29.6,,,
Depok,Cinere - Nafas,2026-05-28 01:30:22,-,72,22,50,,,,,57,26.9,,,
Bogor,Kabupaten Bogor Leuwiliang,2026-05-30 08:00:00,71,69,34,,4,10,0,71,,,,,
Tangerang,Tangerang Pasir Jaya,2026-05-30 08:00:00,46,46,28,,59,63,0,26,,,,,
Bekasi,Bekasi Kayuringin,2026-05-29 08:00:00,-,95,48,,48,13,0,2,,,,,
Jakarta,The Pakubuwono Menteng,2026-05-30 08:07:49,158,158,61,132,,,,,56,29.6,,,
Depok,Cinere - Nafas,2026-05-28 01:30:22,-,72,22,50,,,,,57,26.9,,,
Bogor,Kabupaten Bogor Leuwiliang,2026-05-30 08:00:00,71,69,34,,4,10,0,71,,,,,
Tangerang,Tangerang Pasir Jaya,2026-05-30 08:00:00,46,46,28,,59,63,0,26,,,,,
Bekasi,Bekasi Kayuringin,2026-05-29 08:00:00,-,95,48,,48,13,0,2,,,,,
Jakarta,The Pakubuwono Menteng,2026-05-30 08:07:49,158,158,61,132,,,,,56,29.6,,,
Depok,Cinere - Nafas,2026-05-28 01:30:22,-,72,22,50,,,,,57,26.9,,,
Bogor,Kabupaten Bogor Leuwiliang,2026-05-30 08:00:00,71,69,34,,4,10,0,71,,,,,
Tangerang,Tangerang Pasir Jaya,2026-05-30 08:00:00,46,46,28,,59,63,0,26,,,,,
Bekasi,Bekasi Kayuringin,2026-05-29 08:00:00,-,95,48,,48,13,0,2,,,,,
Jakarta,The Pakubuwono Menteng,2026-05-30 08:09:52,158,158,61,131,,,,,56,29.6,,,
Depok,Cinere - Nafas,2026-05-28 01:30:22,-,72,22,50,,,,,57,26.9,,,
Bogor,Kabupaten Bogor Leuwiliang,2026-05-30 08:00:00,71,69,34,,4,10,0,71,,,,,
Tangerang,Tangerang Pasir Jaya,2026-05-30 08:00:00,46,46,28,,59,63,0,26,,,,,
Bekasi,Bekasi Kayuringin,2026-05-29 08:00:00,-,95,48,,48,13,0,2,,,,,
Jakarta,The Pakubuwono Menteng,2026-05-30 08:09:52,158,158,61,131,,,,,56,29.6,,,
Depok,Cinere - Nafas,2026-05-28 01:30:22,-,72,22,50,,,,,57,26.9,,,
Bogor,Kabupaten Bogor Leuwiliang,2026-05-30 08:00:00,71,69,34,,4,10,0,71,,,,,
Tangerang,Tangerang Pasir Jaya,2026-05-30 08:00:00,46,46,28,,59,63,0,26,,,,,
Bekasi,Bekasi Kayuringin,2026-05-29 08:00:00,-,95,48,,48,13,0,2,,,,,
Jakarta,The Pakubuwono Menteng,2026-05-30 08:12:49,155,155,59,125,,,,,56,29.7,,,
Depok,Cinere - Nafas,2026-05-28 01:30:22,-,72,22,50,,,,,57,26.9,,,
Bogor,Kabupaten Bogor Leuwiliang,2026-05-30 08:00:00,71,69,34,,4,10,0,71,,,,,
Tangerang,Tangerang Pasir Jaya,2026-05-30 08:00:00,46,46,28,,59,63,0,26,,,,,
Bekasi,Bekasi Kayuringin,2026-05-29 08:00:00,-,95,48,,48,13,0,2,,,,,
Jakarta,The Pakubuwono Menteng,2026-05-30 08:12:49,155,155,59,125,,,,,56,29.7,,,
Depok,Cinere - Nafas,2026-05-28 01:30:22,-,72,22,50,,,,,57,26.9,,,
Bogor,Kabupaten Bogor Leuwiliang,2026-05-30 08:00:00,71,69,34,,4,10,0,71,,,,,
Tangerang,Tangerang Pasir Jaya,2026-05-30 08:00:00,46,46,28,,59,63,0,26,,,,,
Bekasi,Bekasi Kayuringin,2026-05-29 08:00:00,-,95,48,,48,13,0,2,,,,,
Jakarta,The Pakubuwono Menteng,2026-05-30 08:14:49,155,155,59,120,,,,,56,29.8,,,
Depok,Cinere - Nafas,2026-05-28 01:30:22,-,72,22,50,,,,,57,26.9,,,
Bogor,Kabupaten Bogor Leuwiliang,2026-05-30 08:00:00,71,69,34,,4,10,0,71,,,,,
Tangerang,Tangerang Pasir Jaya,2026-05-30 08:00:00,46,46,28,,59,63,0,26,,,,,
Bekasi,Bekasi Kayuringin,2026-05-29 08:00:00,-,95,48,,48,13,0,2,,,,,
Jakarta,The Pakubuwono Menteng,2026-05-30 08:16:49,154,154,59,117,,,,,56,29.9,,,
Depok,Cinere - Nafas,2026-05-28 01:30:22,-,72,22,50,,,,,57,26.9,,,
Bogor,Kabupaten Bogor Leuwiliang,2026-05-30 08:00:00,71,69,34,,4,10,0,71,,,,,
Tangerang,Tangerang Pasir Jaya,2026-05-30 08:00:00,46,46,28,,59,63,0,26,,,,,
Bekasi,Bekasi Kayuringin,2026-05-29 08:00:00,-,95,48,,48,13,0,2,,,,,
Jakarta,The Pakubuwono Menteng,2026-05-30 08:18:49,153,153,59,115,,,,,55,29.9,,,
Depok,Cinere - Nafas,2026-05-28 01:30:22,-,72,22,50,,,,,57,26.9,,,
Bogor,Kabupaten Bogor Leuwiliang,2026-05-30 08:00:00,71,69,34,,4,10,0,71,,,,,
Tangerang,Tangerang Pasir Jaya,2026-05-30 08:00:00,46,46,28,,59,63,0,26,,,,,
Bekasi,Bekasi Kayuringin,2026-05-29 08:00:00,-,95,48,,48,13,0,2,,,,,
Jakarta,The Pakubuwono Menteng,2026-05-30 08:18:49,153,153,59,115,,,,,55,29.9,,,
Depok,Cinere - Nafas,2026-05-28 01:30:22,-,72,22,50,,,,,57,26.9,,,
Bogor,Kabupaten Bogor Leuwiliang,2026-05-30 08:00:00,71,69,34,,4,10,0,71,,,,,
Tangerang,Tangerang Pasir Jaya,2026-05-30 08:00:00,46,46,28,,59,63,0,26,,,,,
Bekasi,Bekasi Kayuringin,2026-05-29 08:00:00,-,95,48,,48,13,0,2,,,,,
Jakarta,The Pakubuwono Menteng,2026-05-30 08:18:49,153,153,59,115,,,,,55,29.9,,,
Depok,Cinere - Nafas,2026-05-28 01:30:22,-,72,22,50,,,,,57,26.9,,,
Bogor,Kabupaten Bogor Leuwiliang,2026-05-30 08:00:00,71,69,34,,4,10,0,71,,,,,
Tangerang,Tangerang Pasir Jaya,2026-05-30 08:00:00,46,46,28,,59,63,0,26,,,,,
Bekasi,Bekasi Kayuringin,2026-05-29 08:00:00,-,95,48,,48,13,0,2,,,,,
Jakarta,The Pakubuwono Menteng,2026-05-30 08:20:49,154,154,59,121,,,,,55,30,,,
Depok,Cinere - Nafas,2026-05-28 01:30:22,-,72,22,50,,,,,57,26.9,,,
Bogor,Kabupaten Bogor Leuwiliang,2026-05-30 08:00:00,71,69,34,,4,10,0,71,,,,,
Tangerang,Tangerang Pasir Jaya,2026-05-30 08:00:00,46,46,28,,59,63,0,26,,,,,
Bekasi,Bekasi Kayuringin,2026-05-29 08:00:00,-,95,48,,48,13,0,2,,,,,
Jakarta,The Pakubuwono Menteng,2026-05-30 08:20:49,154,154,59,121,,,,,55,30,,,
Depok,Cinere - Nafas,2026-05-28 01:30:22,-,72,22,50,,,,,57,26.9,,,
Bogor,Kabupaten Bogor Leuwiliang,2026-05-30 08:00:00,71,69,34,,4,10,0,71,,,,,
Tangerang,Tangerang Pasir Jaya,2026-05-30 08:00:00,46,46,28,,59,63,0,26,,,,,
Bekasi,Bekasi Kayuringin,2026-05-29 08:00:00,-,95,48,,48,13,0,2,,,,,
Jakarta,The Pakubuwono Menteng,2026-05-30 08:22:50,154,154,59,117,,,,,55,30.1,,,
Depok,Cinere - Nafas,2026-05-28 01:30:22,-,72,22,50,,,,,57,26.9,,,
Bogor,Kabupaten Bogor Leuwiliang,2026-05-30 08:00:00,71,69,34,,4,10,0,71,,,,,
Tangerang,Tangerang Pasir Jaya,2026-05-30 08:00:00,46,46,28,,59,63,0,26,,,,,
Bekasi,Bekasi Kayuringin,2026-05-29 08:00:00,-,95,48,,48,13,0,2,,,,,
Jakarta,The Pakubuwono Menteng,2026-05-30 08:22:50,154,154,59,117,,,,,55,30.1,,,
Depok,Cinere - Nafas,2026-05-28 01:30:22,-,72,22,50,,,,,57,26.9,,,
Bogor,Kabupaten Bogor Leuwiliang,2026-05-30 08:00:00,71,69,34,,4,10,0,71,,,,,
Tangerang,Tangerang Pasir Jaya,2026-05-30 08:00:00,46,46,28,,59,63,0,26,,,,,
Bekasi,Bekasi Kayuringin,2026-05-29 08:00:00,-,95,48,,48,13,0,2,,,,,
Jakarta,The Pakubuwono Menteng,2026-05-30 08:25:50,156,156,60,119,,,,,54,30.1,,,
Depok,Cinere - Nafas,2026-05-28 01:30:22,-,72,22,50,,,,,57,26.9,,,
Bogor,Kabupaten Bogor Leuwiliang,2026-05-30 08:00:00,71,69,34,,4,10,0,71,,,,,
Tangerang,Tangerang Pasir Jaya,2026-05-30 08:00:00,46,46,28,,59,63,0,26,,,,,
Bekasi,Bekasi Kayuringin,2026-05-29 08:00:00,-,95,48,,48,13,0,2,,,,,
Jakarta,The Pakubuwono Menteng,2026-05-30 08:28:50,157,157,60,131,,,,,54,30.2,,,
Depok,Cinere - Nafas,2026-05-28 01:30:22,-,72,22,50,,,,,57,26.9,,,
Bogor,Kabupaten Bogor Leuwiliang,2026-05-30 08:00:00,71,69,34,,4,10,0,71,,,,,
Tangerang,Tangerang Pasir Jaya,2026-05-30 08:00:00,46,46,28,,59,63,0,26,,,,,
Bekasi,Bekasi Kayuringin,2026-05-29 08:00:00,-,95,48,,48,13,0,2,,,,,
Jakarta,The Pakubuwono Menteng,2026-05-30 08:28:50,157,157,60,131,,,,,54,30.2,,,
Depok,Cinere - Nafas,2026-05-28 01:30:22,-,72,22,50,,,,,57,26.9,,,
Bogor,Kabupaten Bogor Leuwiliang,2026-05-30 08:00:00,71,69,34,,4,10,0,71,,,,,
Tangerang,Tangerang Pasir Jaya,2026-05-30 08:00:00,46,46,28,,59,63,0,26,,,,,
Bekasi,Bekasi Kayuringin,2026-05-29 08:00:00,-,95,48,,48,13,0,2,,,,,
Jakarta,The Pakubuwono Menteng,2026-05-30 08:30:50,154,154,59,115,,,,,54,30.3,,,
Depok,Cinere - Nafas,2026-05-28 01:30:22,-,72,22,50,,,,,57,26.9,,,
Bogor,Kabupaten Bogor Leuwiliang,2026-05-30 08:00:00,71,69,34,,4,10,0,71,,,,,
Tangerang,Tangerang Pasir Jaya,2026-05-30 08:00:00,46,46,28,,59,63,0,26,,,,,
Bekasi,Bekasi Kayuringin,2026-05-29 08:00:00,-,95,48,,48,13,0,2,,,,,
Jakarta,The Pakubuwono Menteng,2026-05-30 08:30:50,154,154,59,115,,,,,54,30.3,,,
Depok,Cinere - Nafas,2026-05-28 01:30:22,-,72,22,50,,,,,57,26.9,,,
Bogor,Kabupaten Bogor Leuwiliang,2026-05-30 08:00:00,71,69,34,,4,10,0,71,,,,,
Tangerang,Tangerang Pasir Jaya,2026-05-30 08:00:00,46,46,28,,59,63,0,26,,,,,
Bekasi,Bekasi Kayuringin,2026-05-29 08:00:00,-,95,48,,48,13,0,2,,,,,
Jakarta,The Pakubuwono Menteng,2026-05-30 08:32:50,153,153,58,113,,,,,55,30.3,,,
Depok,Cinere - Nafas,2026-05-28 01:30:22,-,72,22,50,,,,,57,26.9,,,
Bogor,Kabupaten Bogor Leuwiliang,2026-05-30 08:00:00,71,69,34,,4,10,0,71,,,,,
Tangerang,Tangerang Pasir Jaya,2026-05-30 08:00:00,46,46,28,,59,63,0,26,,,,,
Bekasi,Bekasi Kayuringin,2026-05-29 08:00:00,-,95,48,,48,13,0,2,,,,,
Jakarta,The Pakubuwono Menteng,2026-05-30 08:32:50,153,153,58,113,,,,,55,30.3,,,
Depok,Cinere - Nafas,2026-05-28 01:30:22,-,72,22,50,,,,,57,26.9,,,
Bogor,Kabupaten Bogor Leuwiliang,2026-05-30 08:00:00,71,69,34,,4,10,0,71,,,,,
Tangerang,Tangerang Pasir Jaya,2026-05-30 08:00:00,46,46,28,,59,63,0,26,,,,,
Bekasi,Bekasi Kayuringin,2026-05-29 08:00:00,-,95,48,,48,13,0,2,,,,,
Jakarta,The Pakubuwono Menteng,2026-05-30 08:32:50,153,153,58,113,,,,,55,30.3,,,
Depok,Cinere - Nafas,2026-05-28 01:30:22,-,72,22,50,,,,,57,26.9,,,
Bogor,Kabupaten Bogor Leuwiliang,2026-05-30 08:00:00,71,69,34,,4,10,0,71,,,,,
Tangerang,Tangerang Pasir Jaya,2026-05-30 08:00:00,46,46,28,,59,63,0,26,,,,,
Bekasi,Bekasi Kayuringin,2026-05-29 08:00:00,-,95,48,,48,13,0,2,,,,,
Jakarta,The Pakubuwono Menteng,2026-05-30 08:34:51,152,152,58,111,,,,,55,30.4,,,
Depok,Cinere - Nafas,2026-05-28 01:30:22,-,72,22,50,,,,,57,26.9,,,
Bogor,Kabupaten Bogor Leuwiliang,2026-05-30 08:00:00,71,69,34,,4,10,0,71,,,,,
Tangerang,Tangerang Pasir Jaya,2026-05-30 08:00:00,46,46,28,,59,63,0,26,,,,,
Bekasi,Bekasi Kayuringin,2026-05-29 08:00:00,-,95,48,,48,13,0,2,,,,,
Jakarta,The Pakubuwono Menteng,2026-05-30 08:34:51,152,152,58,111,,,,,55,30.4,,,
Depok,Cinere - Nafas,2026-05-28 01:30:22,-,72,22,50,,,,,57,26.9,,,
Bogor,Kabupaten Bogor Leuwiliang,2026-05-30 08:00:00,71,69,34,,4,10,0,71,,,,,
Tangerang,Tangerang Pasir Jaya,2026-05-30 08:00:00,46,46,28,,59,63,0,26,,,,,
Bekasi,Bekasi Kayuringin,2026-05-29 08:00:00,-,95,48,,48,13,0,2,,,,,
Jakarta,The Pakubuwono Menteng,2026-05-30 08:39:50,151,151,56,108,,,,,53,30.5,,,
Depok,Cinere - Nafas,2026-05-28 01:30:22,-,72,22,50,,,,,57,26.9,,,
Bogor,Kabupaten Bogor Leuwiliang,2026-05-30 08:00:00,71,69,34,,4,10,0,71,,,,,
Tangerang,Tangerang Pasir Jaya,2026-05-30 08:00:00,46,46,28,,59,63,0,26,,,,,
Bekasi,Bekasi Kayuringin,2026-05-29 08:00:00,-,95,48,,48,13,0,2,,,,,
Jakarta,The Pakubuwono Menteng,2026-05-30 08:39:50,151,151,56,108,,,,,53,30.5,,,
Depok,Cinere - Nafas,2026-05-28 01:30:22,-,72,22,50,,,,,57,26.9,,,
Bogor,Kabupaten Bogor Leuwiliang,2026-05-30 08:00:00,71,69,34,,4,10,0,71,,,,,
Tangerang,Tangerang Pasir Jaya,2026-05-30 08:00:00,46,46,28,,59,63,0,26,,,,,
Bekasi,Bekasi Kayuringin,2026-05-29 08:00:00,-,95,48,,48,13,0,2,,,,,
Jakarta,The Pakubuwono Menteng,2026-05-30 08:41:50,150,150,56,107,,,,,53,30.6,,,
Depok,Cinere - Nafas,2026-05-28 01:30:22,-,72,22,50,,,,,57,26.9,,,
Bogor,Kabupaten Bogor Leuwiliang,2026-05-30 08:00:00,71,69,34,,4,10,0,71,,,,,
Tangerang,Tangerang Pasir Jaya,2026-05-30 08:00:00,46,46,28,,59,63,0,26,,,,,
Bekasi,Bekasi Kayuringin,2026-05-29 08:00:00,-,95,48,,48,13,0,2,,,,,
Jakarta,The Pakubuwono Menteng,2026-05-30 08:41:50,150,150,56,107,,,,,53,30.6,,,
Depok,Cinere - Nafas,2026-05-28 01:30:22,-,72,22,50,,,,,57,26.9,,,
Bogor,Kabupaten Bogor Leuwiliang,2026-05-30 08:00:00,71,69,34,,4,10,0,71,,,,,
Tangerang,Tangerang Pasir Jaya,2026-05-30 08:00:00,46,46,28,,59,63,0,26,,,,,
Bekasi,Bekasi Kayuringin,2026-05-29 08:00:00,-,95,48,,48,13,0,2,,,,,
Jakarta,The Pakubuwono Menteng,2026-05-30 08:43:50,151,151,57,106,,,,,53,30.6,,,
Depok,Cinere - Nafas,2026-05-28 01:30:22,-,72,22,50,,,,,57,26.9,,,
Bogor,Kabupaten Bogor Leuwiliang,2026-05-30 08:00:00,71,69,34,,4,10,0,71,,,,,
Tangerang,Tangerang Pasir Jaya,2026-05-30 08:00:00,46,46,28,,59,63,0,26,,,,,
Bekasi,Bekasi Kayuringin,2026-05-29 08:00:00,-,95,48,,48,13,0,2,,,,,
Jakarta,The Pakubuwono Menteng,2026-05-30 08:43:50,151,151,57,106,,,,,53,30.6,,,
Depok,Cinere - Nafas,2026-05-28 01:30:22,-,72,22,50,,,,,57,26.9,,,
Bogor,Kabupaten Bogor Leuwiliang,2026-05-30 08:00:00,71,69,34,,4,10,0,71,,,,,
Tangerang,Tangerang Pasir Jaya,2026-05-30 08:00:00,46,46,28,,59,63,0,26,,,,,
Bekasi,Bekasi Kayuringin,2026-05-29 08:00:00,-,95,48,,48,13,0,2,,,,,
Jakarta,The Pakubuwono Menteng,2026-05-30 08:45:50,152,152,58,112,,,,,53,30.6,,,
Depok,Cinere - Nafas,2026-05-28 01:30:22,-,72,22,50,,,,,57,26.9,,,
Bogor,Kabupaten Bogor Leuwiliang,2026-05-30 08:00:00,71,69,34,,4,10,0,71,,,,,
Tangerang,Tangerang Pasir Jaya,2026-05-30 08:00:00,46,46,28,,59,63,0,26,,,,,
Bekasi,Bekasi Kayuringin,2026-05-29 08:00:00,-,95,48,,48,13,0,2,,,,,
Jakarta,The Pakubuwono Menteng,2026-05-30 08:45:50,152,152,58,112,,,,,53,30.6,,,
Depok,Cinere - Nafas,2026-05-28 01:30:22,-,72,22,50,,,,,57,26.9,,,
Bogor,Kabupaten Bogor Leuwiliang,2026-05-30 08:00:00,71,69,34,,4,10,0,71,,,,,
Tangerang,Tangerang Pasir Jaya,2026-05-30 08:00:00,46,46,28,,59,63,0,26,,,,,
Bekasi,Bekasi Kayuringin,2026-05-29 08:00:00,-,95,48,,48,13,0,2,,,,,
Jakarta,The Pakubuwono Menteng,2026-05-30 08:47:50,152,152,57,113,,,,,52,30.6,,,
Depok,Cinere - Nafas,2026-05-28 01:30:22,-,72,22,50,,,,,57,26.9,,,
Bogor,Kabupaten Bogor Leuwiliang,2026-05-30 08:00:00,71,69,34,,4,10,0,71,,,,,
Tangerang,Tangerang Pasir Jaya,2026-05-30 08:00:00,46,46,28,,59,63,0,26,,,,,
Bekasi,Bekasi Kayuringin,2026-05-29 08:00:00,-,95,48,,48,13,0,2,,,,,
Jakarta,The Pakubuwono Menteng,2026-05-30 08:49:53,150,150,57,112,,,,,52,30.7,,,
Depok,Cinere - Nafas,2026-05-28 01:30:22,-,72,22,50,,,,,57,26.9,,,
Bogor,Kabupaten Bogor Leuwiliang,2026-05-30 08:00:00,71,69,34,,4,10,0,71,,,,,
Tangerang,Tangerang Pasir Jaya,2026-05-30 08:00:00,46,46,28,,59,63,0,26,,,,,
Bekasi,Bekasi Kayuringin,2026-05-29 08:00:00,-,95,48,,48,13,0,2,,,,,
Jakarta,The Pakubuwono Menteng,2026-05-30 08:49:53,150,150,57,112,,,,,52,30.7,,,
Depok,Cinere - Nafas,2026-05-28 01:30:22,-,72,22,50,,,,,57,26.9,,,
Bogor,Kabupaten Bogor Leuwiliang,2026-05-30 08:00:00,71,69,34,,4,10,0,71,,,,,
Tangerang,Tangerang Pasir Jaya,2026-05-30 08:00:00,46,46,28,,59,63,0,26,,,,,
Bekasi,Bekasi Kayuringin,2026-05-29 08:00:00,-,95,48,,48,13,0,2,,,,,
Jakarta,The Pakubuwono Menteng,2026-05-30 08:51:50,150,150,57,109,,,,,52,30.7,,,
Depok,Cinere - Nafas,2026-05-28 01:30:22,-,72,22,50,,,,,57,26.9,,,
Bogor,Kabupaten Bogor Leuwiliang,2026-05-30 08:00:00,71,69,34,,4,10,0,71,,,,,
Tangerang,Tangerang Pasir Jaya,2026-05-30 08:00:00,46,46,28,,59,63,0,26,,,,,
Bekasi,Bekasi Kayuringin,2026-05-29 08:00:00,-,95,48,,48,13,0,2,,,,,
Jakarta,The Pakubuwono Menteng,2026-05-30 08:51:50,150,150,57,109,,,,,52,30.7,,,
Depok,Cinere - Nafas,2026-05-28 01:30:22,-,72,22,50,,,,,57,26.9,,,
Bogor,Kabupaten Bogor Leuwiliang,2026-05-30 08:00:00,71,69,34,,4,10,0,71,,,,,
Tangerang,Tangerang Pasir Jaya,2026-05-30 08:00:00,46,46,28,,59,63,0,26,,,,,
Bekasi,Bekasi Kayuringin,2026-05-29 08:00:00,-,95,48,,48,13,0,2,,,,,
Jakarta,The Pakubuwono Menteng,2026-05-30 08:51:50,150,150,57,109,,,,,52,30.7,,,
Depok,Cinere - Nafas,2026-05-28 01:30:22,-,72,22,50,,,,,57,26.9,,,
Bogor,Kabupaten Bogor Leuwiliang,2026-05-30 08:00:00,71,69,34,,4,10,0,71,,,,,
Tangerang,Tangerang Pasir Jaya,2026-05-30 08:00:00,46,46,28,,59,63,0,26,,,,,
Bekasi,Bekasi Kayuringin,2026-05-29 08:00:00,-,95,48,,48,13,0,2,,,,,
Jakarta,The Pakubuwono Menteng,2026-05-30 08:54:50,151,151,57,113,,,,,52,30.7,,,
Depok,Cinere - Nafas,2026-05-28 01:30:22,-,72,22,50,,,,,57,26.9,,,
Bogor,Kabupaten Bogor Leuwiliang,2026-05-30 08:00:00,71,69,34,,4,10,0,71,,,,,
Tangerang,Tangerang Pasir Jaya,2026-05-30 08:00:00,46,46,28,,59,63,0,26,,,,,
Bekasi,Bekasi Kayuringin,2026-05-29 08:00:00,-,95,48,,48,13,0,2,,,,,
Jakarta,The Pakubuwono Menteng,2026-05-30 08:54:50,151,151,57,113,,,,,52,30.7,,,
Depok,Cinere - Nafas,2026-05-28 01:30:22,-,72,22,50,,,,,57,26.9,,,
Bogor,Kabupaten Bogor Leuwiliang,2026-05-30 08:00:00,71,69,34,,4,10,0,71,,,,,
Tangerang,Tangerang Pasir Jaya,2026-05-30 08:00:00,46,46,28,,59,63,0,26,,,,,
Bekasi,Bekasi Kayuringin,2026-05-29 08:00:00,-,95,48,,48,13,0,2,,,,,
Jakarta,The Pakubuwono Menteng,2026-05-30 08:56:50,155,155,60,120,,,,,52,30.7,,,
Depok,Cinere - Nafas,2026-05-28 01:30:22,-,72,22,50,,,,,57,26.9,,,
Bogor,Kabupaten Bogor Leuwiliang,2026-05-30 08:00:00,71,69,34,,4,10,0,71,,,,,
Tangerang,Tangerang Pasir Jaya,2026-05-30 08:00:00,46,46,28,,59,63,0,26,,,,,
Bekasi,Bekasi Kayuringin,2026-05-29 08:00:00,-,95,48,,48,13,0,2,,,,,
Jakarta,The Pakubuwono Menteng,2026-05-30 08:56:50,155,155,60,120,,,,,52,30.7,,,
Depok,Cinere - Nafas,2026-05-28 01:30:22,-,72,22,50,,,,,57,26.9,,,
Bogor,Kabupaten Bogor Leuwiliang,2026-05-30 08:00:00,71,69,34,,4,10,0,71,,,,,
Tangerang,Tangerang Pasir Jaya,2026-05-30 08:00:00,46,46,28,,59,63,0,26,,,,,
Bekasi,Bekasi Kayuringin,2026-05-29 08:00:00,-,95,48,,48,13,0,2,,,,,
Jakarta,The Pakubuwono Menteng,2026-05-30 08:58:50,158,158,61,131,,,,,52,30.8,,,
Depok,Cinere - Nafas,2026-05-28 01:30:22,-,72,22,50,,,,,57,26.9,,,
Bogor,Kabupaten Bogor Leuwiliang,2026-05-30 08:00:00,71,69,34,,4,10,0,71,,,,,
Tangerang,Tangerang Pasir Jaya,2026-05-30 08:00:00,46,46,28,,59,63,0,26,,,,,
Bekasi,Bekasi Kayuringin,2026-05-29 08:00:00,-,95,48,,48,13,0,2,,,,,
Jakarta,The Pakubuwono Menteng,2026-05-30 09:01:50,156,156,60,128,,,,,52,30.9,,,
Depok,Cinere - Nafas,2026-05-28 01:30:22,-,72,22,50,,,,,57,26.9,,,
Bogor,Kabupaten Bogor Leuwiliang,2026-05-30 09:00:00,71,69,34,,4,10,0,71,,,,,
Tangerang,Tangerang Pasir Jaya,2026-05-30 09:00:00,47,47,28,,59,63,0,26,,,,,
Bekasi,Bekasi Kayuringin,2026-05-29 08:00:00,-,95,48,,48,13,0,2,,,,,
Jakarta,The Pakubuwono Menteng,2026-05-30 09:03:51,157,157,61,130,,,,,52,30.9,,,
Depok,Cinere - Nafas,2026-05-28 01:30:22,-,72,22,50,,,,,57,26.9,,,
Bogor,Kabupaten Bogor Leuwiliang,2026-05-30 09:00:00,71,69,34,,4,10,0,71,,,,,
Tangerang,Tangerang Pasir Jaya,2026-05-30 09:00:00,47,47,28,,59,63,0,26,,,,,
Bekasi,Bekasi Kayuringin,2026-05-29 08:00:00,-,95,48,,48,13,0,2,,,,,
Jakarta,The Pakubuwono Menteng,2026-05-30 09:03:51,157,157,61,130,,,,,52,30.9,,,
Depok,Cinere - Nafas,2026-05-28 01:30:22,-,72,22,50,,,,,57,26.9,,,
Bogor,Kabupaten Bogor Leuwiliang,2026-05-30 09:00:00,71,69,34,,4,10,0,71,,,,,
Tangerang,Tangerang Pasir Jaya,2026-05-30 09:00:00,47,47,28,,59,63,0,26,,,,,
Bekasi,Bekasi Kayuringin,2026-05-29 08:00:00,-,95,48,,48,13,0,2,,,,,
Jakarta,The Pakubuwono Menteng,2026-05-30 09:04:51,156,156,60,127,,,,,52,30.9,,,
Depok,Cinere - Nafas,2026-05-28 01:30:22,-,72,22,50,,,,,57,26.9,,,
Bogor,Kabupaten Bogor Leuwiliang,2026-05-30 09:00:00,71,69,34,,4,10,0,71,,,,,
Tangerang,Tangerang Pasir Jaya,2026-05-30 09:00:00,47,47,28,,59,63,0,26,,,,,
Bekasi,Bekasi Kayuringin,2026-05-29 08:00:00,-,95,48,,48,13,0,2,,,,,
Jakarta,The Pakubuwono Menteng,2026-05-30 09:04:51,156,156,60,127,,,,,52,30.9,,,
Depok,Cinere - Nafas,2026-05-28 01:30:22,-,72,22,50,,,,,57,26.9,,,
Bogor,Kabupaten Bogor Leuwiliang,2026-05-30 09:00:00,71,69,34,,4,10,0,71,,,,,
Tangerang,Tangerang Pasir Jaya,2026-05-30 09:00:00,47,47,28,,59,63,0,26,,,,,
Bekasi,Bekasi Kayuringin,2026-05-29 08:00:00,-,95,48,,48,13,0,2,,,,,
Jakarta,The Pakubuwono Menteng,2026-05-30 09:06:51,153,153,58,117,,,,,52,31,,,
Depok,Cinere - Nafas,2026-05-28 01:30:22,-,72,22,50,,,,,57,26.9,,,
Bogor,Kabupaten Bogor Leuwiliang,2026-05-30 09:00:00,71,69,34,,4,10,0,71,,,,,
Tangerang,Tangerang Pasir Jaya,2026-05-30 09:00:00,47,47,28,,59,63,0,26,,,,,
Bekasi,Bekasi Kayuringin,2026-05-29 08:00:00,-,95,48,,48,13,0,2,,,,,
Jakarta,The Pakubuwono Menteng,2026-05-30 09:06:51,153,153,58,117,,,,,52,31,,,
Depok,Cinere - Nafas,2026-05-28 01:30:22,-,72,22,50,,,,,57,26.9,,,
Bogor,Kabupaten Bogor Leuwiliang,2026-05-30 09:00:00,71,69,34,,4,10,0,71,,,,,
Tangerang,Tangerang Pasir Jaya,2026-05-30 09:00:00,47,47,28,,59,63,0,26,,,,,
Bekasi,Bekasi Kayuringin,2026-05-29 08:00:00,-,95,48,,48,13,0,2,,,,,
Jakarta,The Pakubuwono Menteng,2026-05-30 09:09:51,155,155,61,126,,,,,52,31,,,
Depok,Cinere - Nafas,2026-05-28 01:30:22,-,72,22,50,,,,,57,26.9,,,
Bogor,Kabupaten Bogor Leuwiliang,2026-05-30 09:00:00,71,69,34,,4,10,0,71,,,,,
Tangerang,Tangerang Pasir Jaya,2026-05-30 09:00:00,47,47,28,,59,63,0,26,,,,,
Bekasi,Bekasi Kayuringin,2026-05-29 08:00:00,-,95,48,,48,13,0,2,,,,,
Jakarta,The Pakubuwono Menteng,2026-05-30 09:11:51,159,159,61,136,,,,,52,31.1,,,
Depok,Cinere - Nafas,2026-05-28 01:30:22,-,72,22,50,,,,,57,26.9,,,
Bogor,Kabupaten Bogor Leuwiliang,2026-05-30 09:00:00,71,69,34,,4,10,0,71,,,,,
Tangerang,Tangerang Pasir Jaya,2026-05-30 09:00:00,47,47,28,,59,63,0,26,,,,,
Bekasi,Bekasi Kayuringin,2026-05-29 08:00:00,-,95,48,,48,13,0,2,,,,,
Jakarta,The Pakubuwono Menteng,2026-05-30 09:11:51,159,159,61,136,,,,,52,31.1,,,
Depok,Cinere - Nafas,2026-05-28 01:30:22,-,72,22,50,,,,,57,26.9,,,
Bogor,Kabupaten Bogor Leuwiliang,2026-05-30 09:00:00,71,69,34,,4,10,0,71,,,,,
Tangerang,Tangerang Pasir Jaya,2026-05-30 09:00:00,47,47,28,,59,63,0,26,,,,,
Bekasi,Bekasi Kayuringin,2026-05-29 08:00:00,-,95,48,,48,13,0,2,,,,,
Jakarta,The Pakubuwono Menteng,2026-05-30 09:13:51,161,161,64,141,,,,,51,31.1,,,
Depok,Cinere - Nafas,2026-05-28 01:30:22,-,72,22,50,,,,,57,26.9,,,
Bogor,Kabupaten Bogor Leuwiliang,2026-05-30 09:00:00,71,69,34,,4,10,0,71,,,,,
Tangerang,Tangerang Pasir Jaya,2026-05-30 09:00:00,47,47,28,,59,63,0,26,,,,,
Bekasi,Bekasi Kayuringin,2026-05-29 08:00:00,-,95,48,,48,13,0,2,,,,,
Jakarta,The Pakubuwono Menteng,2026-05-30 09:13:51,161,161,64,141,,,,,51,31.1,,,
Depok,Cinere - Nafas,2026-05-28 01:30:22,-,72,22,50,,,,,57,26.9,,,
Bogor,Kabupaten Bogor Leuwiliang,2026-05-30 09:00:00,71,69,34,,4,10,0,71,,,,,
Tangerang,Tangerang Pasir Jaya,2026-05-30 09:00:00,47,47,28,,59,63,0,26,,,,,
Bekasi,Bekasi Kayuringin,2026-05-29 08:00:00,-,95,48,,48,13,0,2,,,,,
Jakarta,The Pakubuwono Menteng,2026-05-30 09:15:51,159,159,61,135,,,,,51,31.2,,,
Depok,Cinere - Nafas,2026-05-28 01:30:22,-,72,22,50,,,,,57,26.9,,,
Bogor,Kabupaten Bogor Leuwiliang,2026-05-30 09:00:00,71,69,34,,4,10,0,71,,,,,
Tangerang,Tangerang Pasir Jaya,2026-05-30 09:00:00,47,47,28,,59,63,0,26,,,,,
Bekasi,Bekasi Kayuringin,2026-05-29 08:00:00,-,95,48,,48,13,0,2,,,,,
Jakarta,The Pakubuwono Menteng,2026-05-30 09:15:51,159,159,61,135,,,,,51,31.2,,,
Depok,Cinere - Nafas,2026-05-28 01:30:22,-,72,22,50,,,,,57,26.9,,,
Bogor,Kabupaten Bogor Leuwiliang,2026-05-30 09:00:00,71,69,34,,4,10,0,71,,,,,
Tangerang,Tangerang Pasir Jaya,2026-05-30 09:00:00,47,47,28,,59,63,0,26,,,,,
Bekasi,Bekasi Kayuringin,2026-05-29 08:00:00,-,95,48,,48,13,0,2,,,,,
Jakarta,The Pakubuwono Menteng,2026-05-30 09:15:51,159,159,61,135,,,,,51,31.2,,,
Depok,Cinere - Nafas,2026-05-28 01:30:22,-,72,22,50,,,,,57,26.9,,,
Bogor,Kabupaten Bogor Leuwiliang,2026-05-30 09:00:00,71,69,34,,4,10,0,71,,,,,
Tangerang,Tangerang Pasir Jaya,2026-05-30 09:00:00,47,47,28,,59,63,0,26,,,,,
Bekasi,Bekasi Kayuringin,2026-05-29 08:00:00,-,95,48,,48,13,0,2,,,,,
Jakarta,The Pakubuwono Menteng,2026-05-30 09:17:51,158,158,61,134,,,,,51,31.2,,,
Depok,Cinere - Nafas,2026-05-28 01:30:22,-,72,22,50,,,,,57,26.9,,,
Bogor,Kabupaten Bogor Leuwiliang,2026-05-30 09:00:00,71,69,34,,4,10,0,71,,,,,
Tangerang,Tangerang Pasir Jaya,2026-05-30 09:00:00,47,47,28,,59,63,0,26,,,,,
Bekasi,Bekasi Kayuringin,2026-05-29 08:00:00,-,95,48,,48,13,0,2,,,,,
Jakarta,The Pakubuwono Menteng,2026-05-30 09:20:51,158,158,61,132,,,,,51,31.3,,,
Depok,Cinere - Nafas,2026-05-28 01:30:22,-,72,22,50,,,,,57,26.9,,,
Bogor,Kabupaten Bogor Leuwiliang,2026-05-30 09:00:00,71,69,34,,4,10,0,71,,,,,
Tangerang,Tangerang Pasir Jaya,2026-05-30 09:00:00,47,47,28,,59,63,0,26,,,,,
Bekasi,Bekasi Kayuringin,2026-05-29 08:00:00,-,95,48,,48,13,0,2,,,,,
Jakarta,The Pakubuwono Menteng,2026-05-30 09:22:51,155,155,59,123,,,,,51,31.3,,,
Depok,Cinere - Nafas,2026-05-28 01:30:22,-,72,22,50,,,,,57,26.9,,,
Bogor,Kabupaten Bogor Leuwiliang,2026-05-30 09:00:00,71,69,34,,4,10,0,71,,,,,
Tangerang,Tangerang Pasir Jaya,2026-05-30 09:00:00,47,47,28,,59,63,0,26,,,,,
Bekasi,Bekasi Kayuringin,2026-05-29 08:00:00,-,95,48,,48,13,0,2,,,,,
Jakarta,The Pakubuwono Menteng,2026-05-30 09:22:51,155,155,59,123,,,,,51,31.3,,,
Depok,Cinere - Nafas,2026-05-28 01:30:22,-,72,22,50,,,,,57,26.9,,,
Bogor,Kabupaten Bogor Leuwiliang,2026-05-30 09:00:00,71,69,34,,4,10,0,71,,,,,
Tangerang,Tangerang Pasir Jaya,2026-05-30 09:00:00,47,47,28,,59,63,0,26,,,,,
Bekasi,Bekasi Kayuringin,2026-05-29 08:00:00,-,95,48,,48,13,0,2,,,,,
Jakarta,The Pakubuwono Menteng,2026-05-30 09:22:51,155,155,59,123,,,,,51,31.3,,,
Depok,Cinere - Nafas,2026-05-28 01:30:22,-,72,22,50,,,,,57,26.9,,,
Bogor,Kabupaten Bogor Leuwiliang,2026-05-30 09:00:00,71,69,34,,4,10,0,71,,,,,
Tangerang,Tangerang Pasir Jaya,2026-05-30 09:00:00,47,47,28,,59,63,0,26,,,,,
Bekasi,Bekasi Kayuringin,2026-05-29 08:00:00,-,95,48,,48,13,0,2,,,,,
Jakarta,The Pakubuwono Menteng,2026-05-30 09:24:51,157,157,60,128,,,,,50,31.3,,,
Depok,Cinere - Nafas,2026-05-28 01:30:22,-,72,22,50,,,,,57,26.9,,,
Bogor,Kabupaten Bogor Leuwiliang,2026-05-30 09:00:00,71,69,34,,4,10,0,71,,,,,
Tangerang,Tangerang Pasir Jaya,2026-05-30 09:00:00,47,47,28,,59,63,0,26,,,,,
Bekasi,Bekasi Kayuringin,2026-05-29 08:00:00,-,95,48,,48,13,0,2,,,,,
Jakarta,The Pakubuwono Menteng,2026-05-30 09:24:51,157,157,60,128,,,,,50,31.3,,,
Depok,Cinere - Nafas,2026-05-28 01:30:22,-,72,22,50,,,,,57,26.9,,,
Bogor,Kabupaten Bogor Leuwiliang,2026-05-30 09:00:00,71,69,34,,4,10,0,71,,,,,
Tangerang,Tangerang Pasir Jaya,2026-05-30 09:00:00,47,47,28,,59,63,0,26,,,,,
Bekasi,Bekasi Kayuringin,2026-05-29 08:00:00,-,95,48,,48,13,0,2,,,,,
Jakarta,The Pakubuwono Menteng,2026-05-30 09:26:51,156,156,60,130,,,,,50,31.3,,,
Depok,Cinere - Nafas,2026-05-28 01:30:22,-,72,22,50,,,,,57,26.9,,,
Bogor,Kabupaten Bogor Leuwiliang,2026-05-30 09:00:00,71,69,34,,4,10,0,71,,,,,
Tangerang,Tangerang Pasir Jaya,2026-05-30 09:00:00,47,47,28,,59,63,0,26,,,,,
Bekasi,Bekasi Kayuringin,2026-05-29 08:00:00,-,95,48,,48,13,0,2,,,,,
Jakarta,The Pakubuwono Menteng,2026-05-30 09:26:51,156,156,60,130,,,,,50,31.3,,,
Depok,Cinere - Nafas,2026-05-28 01:30:22,-,72,22,50,,,,,57,26.9,,,
Bogor,Kabupaten Bogor Leuwiliang,2026-05-30 09:00:00,71,69,34,,4,10,0,71,,,,,
Tangerang,Tangerang Pasir Jaya,2026-05-30 09:00:00,47,47,28,,59,63,0,26,,,,,
Bekasi,Bekasi Kayuringin,2026-05-29 08:00:00,-,95,48,,48,13,0,2,,,,,
Jakarta,The Pakubuwono Menteng,2026-05-30 09:29:51,158,158,61,131,,,,,51,31.4,,,
Depok,Cinere - Nafas,2026-05-28 01:30:22,-,72,22,50,,,,,57,26.9,,,
Bogor,Kabupaten Bogor Leuwiliang,2026-05-30 09:00:00,71,69,34,,4,10,0,71,,,,,
Tangerang,Tangerang Pasir Jaya,2026-05-30 09:00:00,47,47,28,,59,63,0,26,,,,,
Bekasi,Bekasi Kayuringin,2026-05-29 08:00:00,-,95,48,,48,13,0,2,,,,,
Jakarta,The Pakubuwono Menteng,2026-05-30 09:29:51,158,158,61,131,,,,,51,31.4,,,
Depok,Cinere - Nafas,2026-05-28 01:30:22,-,72,22,50,,,,,57,26.9,,,
Bogor,Kabupaten Bogor Leuwiliang,2026-05-30 09:00:00,71,69,34,,4,10,0,71,,,,,
Tangerang,Tangerang Pasir Jaya,2026-05-30 09:00:00,47,47,28,,59,63,0,26,,,,,
Bekasi,Bekasi Kayuringin,2026-05-29 08:00:00,-,95,48,,48,13,0,2,,,,,
Jakarta,The Pakubuwono Menteng,2026-05-30 09:31:53,155,155,60,121,,,,,50,31.4,,,
Depok,Cinere - Nafas,2026-05-28 01:30:22,-,72,22,50,,,,,57,26.9,,,
Bogor,Kabupaten Bogor Leuwiliang,2026-05-30 09:00:00,71,69,34,,4,10,0,71,,,,,
Tangerang,Tangerang Pasir Jaya,2026-05-30 09:00:00,47,47,28,,59,63,0,26,,,,,
Bekasi,Bekasi Kayuringin,2026-05-29 08:00:00,-,95,48,,48,13,0,2,,,,,
Jakarta,The Pakubuwono Menteng,2026-05-30 09:33:51,154,154,60,120,,,,,51,31.4,,,
Depok,Cinere - Nafas,2026-05-28 01:30:22,-,72,22,50,,,,,57,26.9,,,
Bogor,Kabupaten Bogor Leuwiliang,2026-05-30 09:00:00,71,69,34,,4,10,0,71,,,,,
Tangerang,Tangerang Pasir Jaya,2026-05-30 09:00:00,47,47,28,,59,63,0,26,,,,,
Bekasi,Bekasi Kayuringin,2026-05-29 08:00:00,-,95,48,,48,13,0,2,,,,,
Jakarta,The Pakubuwono Menteng,2026-05-30 09:33:51,154,154,60,120,,,,,51,31.4,,,
Depok,Cinere - Nafas,2026-05-28 01:30:22,-,72,22,50,,,,,57,26.9,,,
Bogor,Kabupaten Bogor Leuwiliang,2026-05-30 09:00:00,71,69,34,,4,10,0,71,,,,,
Tangerang,Tangerang Pasir Jaya,2026-05-30 09:00:00,47,47,28,,59,63,0,26,,,,,
Bekasi,Bekasi Kayuringin,2026-05-29 08:00:00,-,95,48,,48,13,0,2,,,,,
Jakarta,The Pakubuwono Menteng,2026-05-30 09:33:51,154,154,60,120,,,,,51,31.4,,,
Depok,Cinere - Nafas,2026-05-28 01:30:22,-,72,22,50,,,,,57,26.9,,,
Bogor,Kabupaten Bogor Leuwiliang,2026-05-30 09:00:00,71,69,34,,4,10,0,71,,,,,
Tangerang,Tangerang Pasir Jaya,2026-05-30 09:00:00,47,47,28,,59,63,0,26,,,,,
Bekasi,Bekasi Kayuringin,2026-05-29 08:00:00,-,95,48,,48,13,0,2,,,,,
Jakarta,The Pakubuwono Menteng,2026-05-30 09:36:51,153,153,58,113,,,,,50,31.5,,,
Depok,Cinere - Nafas,2026-05-28 01:30:22,-,72,22,50,,,,,57,26.9,,,
Bogor,Kabupaten Bogor Leuwiliang,2026-05-30 09:00:00,71,69,34,,4,10,0,71,,,,,
Tangerang,Tangerang Pasir Jaya,2026-05-30 09:00:00,47,47,28,,59,63,0,26,,,,,
Bekasi,Bekasi Kayuringin,2026-05-29 08:00:00,-,95,48,,48,13,0,2,,,,,
Jakarta,The Pakubuwono Menteng,2026-05-30 09:36:51,153,153,58,113,,,,,50,31.5,,,
Depok,Cinere - Nafas,2026-05-28 01:30:22,-,72,22,50,,,,,57,26.9,,,
Bogor,Kabupaten Bogor Leuwiliang,2026-05-30 09:00:00,71,69,34,,4,10,0,71,,,,,
Tangerang,Tangerang Pasir Jaya,2026-05-30 09:00:00,47,47,28,,59,63,0,26,,,,,
Bekasi,Bekasi Kayuringin,2026-05-29 08:00:00,-,95,48,,48,13,0,2,,,,,
Jakarta,The Pakubuwono Menteng,2026-05-30 09:38:52,154,154,59,120,,,,,50,31.4,,,
Depok,Cinere - Nafas,2026-05-28 01:30:22,-,72,22,50,,,,,57,26.9,,,
Bogor,Kabupaten Bogor Leuwiliang,2026-05-30 09:00:00,71,69,34,,4,10,0,71,,,,,
Tangerang,Tangerang Pasir Jaya,2026-05-30 09:00:00,47,47,28,,59,63,0,26,,,,,
Bekasi,Bekasi Kayuringin,2026-05-29 08:00:00,-,95,48,,48,13,0,2,,,,,
Jakarta,The Pakubuwono Menteng,2026-05-30 09:38:52,154,154,59,120,,,,,50,31.4,,,
Depok,Cinere - Nafas,2026-05-28 01:30:22,-,72,22,50,,,,,57,26.9,,,
Bogor,Kabupaten Bogor Leuwiliang,2026-05-30 09:00:00,71,69,34,,4,10,0,71,,,,,
Tangerang,Tangerang Pasir Jaya,2026-05-30 09:00:00,47,47,28,,59,63,0,26,,,,,
Bekasi,Bekasi Kayuringin,2026-05-29 08:00:00,-,95,48,,48,13,0,2,,,,,
Jakarta,The Pakubuwono Menteng,2026-05-30 09:41:52,152,152,58,116,,,,,49,31.5,,,
Depok,Cinere - Nafas,2026-05-28 01:30:22,-,72,22,50,,,,,57,26.9,,,
Bogor,Kabupaten Bogor Leuwiliang,2026-05-30 09:00:00,71,69,34,,4,10,0,71,,,,,
Tangerang,Tangerang Pasir Jaya,2026-05-30 09:00:00,47,47,28,,59,63,0,26,,,,,
Bekasi,Bekasi Kayuringin,2026-05-29 08:00:00,-,95,48,,48,13,0,2,,,,,
Jakarta,The Pakubuwono Menteng,2026-05-30 09:41:52,152,152,58,116,,,,,49,31.5,,,
Depok,Cinere - Nafas,2026-05-28 01:30:22,-,72,22,50,,,,,57,26.9,,,
Bogor,Kabupaten Bogor Leuwiliang,2026-05-30 09:00:00,71,69,34,,4,10,0,71,,,,,
Tangerang,Tangerang Pasir Jaya,2026-05-30 09:00:00,47,47,28,,59,63,0,26,,,,,
Bekasi,Bekasi Kayuringin,2026-05-29 08:00:00,-,95,48,,48,13,0,2,,,,,
Jakarta,The Pakubuwono Menteng,2026-05-30 09:43:52,152,152,58,117,,,,,49,31.5,,,
Depok,Cinere - Nafas,2026-05-28 01:30:22,-,72,22,50,,,,,57,26.9,,,
Bogor,Kabupaten Bogor Leuwiliang,2026-05-30 09:00:00,71,69,34,,4,10,0,71,,,,,
Tangerang,Tangerang Pasir Jaya,2026-05-30 09:00:00,47,47,28,,59,63,0,26,,,,,
Bekasi,Bekasi Kayuringin,2026-05-29 08:00:00,-,95,48,,48,13,0,2,,,,,
Jakarta,The Pakubuwono Menteng,2026-05-30 09:45:54,151,151,57,115,,,,,49,31.5,,,
Depok,Cinere - Nafas,2026-05-28 01:30:22,-,72,22,50,,,,,57,26.9,,,
Bogor,Kabupaten Bogor Leuwiliang,2026-05-30 09:00:00,71,69,34,,4,10,0,71,,,,,
Tangerang,Tangerang Pasir Jaya,2026-05-30 09:00:00,47,47,28,,59,63,0,26,,,,,
Bekasi,Bekasi Kayuringin,2026-05-29 08:00:00,-,95,48,,48,13,0,2,,,,,
Jakarta,The Pakubuwono Menteng,2026-05-30 09:45:54,151,151,57,115,,,,,49,31.5,,,
Depok,Cinere - Nafas,2026-05-28 01:30:22,-,72,22,50,,,,,57,26.9,,,
Bogor,Kabupaten Bogor Leuwiliang,2026-05-30 09:00:00,71,69,34,,4,10,0,71,,,,,
Tangerang,Tangerang Pasir Jaya,2026-05-30 09:00:00,47,47,28,,59,63,0,26,,,,,
Bekasi,Bekasi Kayuringin,2026-05-29 08:00:00,-,95,48,,48,13,0,2,,,,,
Jakarta,The Pakubuwono Menteng,2026-05-30 09:48:52,150,150,57,112,,,,,50,31.5,,,
Depok,Cinere - Nafas,2026-05-28 01:30:22,-,72,22,50,,,,,57,26.9,,,
Bogor,Kabupaten Bogor Leuwiliang,2026-05-30 09:00:00,71,69,34,,4,10,0,71,,,,,
Tangerang,Tangerang Pasir Jaya,2026-05-30 09:00:00,47,47,28,,59,63,0,26,,,,,
Bekasi,Bekasi Kayuringin,2026-05-29 08:00:00,-,95,48,,48,13,0,2,,,,,
Jakarta,The Pakubuwono Menteng,2026-05-30 09:48:52,150,150,57,112,,,,,50,31.5,,,
Depok,Cinere - Nafas,2026-05-28 01:30:22,-,72,22,50,,,,,57,26.9,,,
Bogor,Kabupaten Bogor Leuwiliang,2026-05-30 09:00:00,71,69,34,,4,10,0,71,,,,,
Tangerang,Tangerang Pasir Jaya,2026-05-30 09:00:00,47,47,28,,59,63,0,26,,,,,
Bekasi,Bekasi Kayuringin,2026-05-29 08:00:00,-,95,48,,48,13,0,2,,,,,
Jakarta,The Pakubuwono Menteng,2026-05-30 09:50:52,150,150,56,110,,,,,49,31.5,,,
Depok,Cinere - Nafas,2026-05-28 01:30:22,-,72,22,50,,,,,57,26.9,,,
Bogor,Kabupaten Bogor Leuwiliang,2026-05-30 09:00:00,71,69,34,,4,10,0,71,,,,,
Tangerang,Tangerang Pasir Jaya,2026-05-30 09:00:00,47,47,28,,59,63,0,26,,,,,
Bekasi,Bekasi Kayuringin,2026-05-29 08:00:00,-,95,48,,48,13,0,2,,,,,
Jakarta,The Pakubuwono Menteng,2026-05-30 09:50:52,150,150,56,110,,,,,49,31.5,,,
Depok,Cinere - Nafas,2026-05-28 01:30:22,-,72,22,50,,,,,57,26.9,,,
Bogor,Kabupaten Bogor Leuwiliang,2026-05-30 09:00:00,71,69,34,,4,10,0,71,,,,,
Tangerang,Tangerang Pasir Jaya,2026-05-30 09:00:00,47,47,28,,59,63,0,26,,,,,
Bekasi,Bekasi Kayuringin,2026-05-29 08:00:00,-,95,48,,48,13,0,2,,,,,
Jakarta,The Pakubuwono Menteng,2026-05-30 09:52:52,150,150,57,108,,,,,49,31.5,,,
Depok,Cinere - Nafas,2026-05-28 01:30:22,-,72,22,50,,,,,57,26.9,,,
Bogor,Kabupaten Bogor Leuwiliang,2026-05-30 09:00:00,71,69,34,,4,10,0,71,,,,,
Tangerang,Tangerang Pasir Jaya,2026-05-30 09:00:00,47,47,28,,59,63,0,26,,,,,
Bekasi,Bekasi Kayuringin,2026-05-29 08:00:00,-,95,48,,48,13,0,2,,,,,
Jakarta,The Pakubuwono Menteng,2026-05-30 09:52:52,150,150,57,108,,,,,49,31.5,,,
Depok,Cinere - Nafas,2026-05-28 01:30:22,-,72,22,50,,,,,57,26.9,,,
Bogor,Kabupaten Bogor Leuwiliang,2026-05-30 09:00:00,71,69,34,,4,10,0,71,,,,,
Tangerang,Tangerang Pasir Jaya,2026-05-30 09:00:00,47,47,28,,59,63,0,26,,,,,
Bekasi,Bekasi Kayuringin,2026-05-29 08:00:00,-,95,48,,48,13,0,2,,,,,
Jakarta,The Pakubuwono Menteng,2026-05-30 09:54:52,148,148,56,107,,,,,50,31.6,,,
Depok,Cinere - Nafas,2026-05-28 01:30:22,-,72,22,50,,,,,57,26.9,,,
Bogor,Kabupaten Bogor Leuwiliang,2026-05-30 09:00:00,71,69,34,,4,10,0,71,,,,,
Tangerang,Tangerang Pasir Jaya,2026-05-30 09:00:00,47,47,28,,59,63,0,26,,,,,
Bekasi,Bekasi Kayuringin,2026-05-29 08:00:00,-,95,48,,48,13,0,2,,,,,
Jakarta,The Pakubuwono Menteng,2026-05-30 09:54:52,148,148,56,107,,,,,50,31.6,,,
Depok,Cinere - Nafas,2026-05-28 01:30:22,-,72,22,50,,,,,57,26.9,,,
Bogor,Kabupaten Bogor Leuwiliang,2026-05-30 09:00:00,71,69,34,,4,10,0,71,,,,,
Tangerang,Tangerang Pasir Jaya,2026-05-30 09:00:00,47,47,28,,59,63,0,26,,,,,
Bekasi,Bekasi Kayuringin,2026-05-29 08:00:00,-,95,48,,48,13,0,2,,,,,
Jakarta,The Pakubuwono Menteng,2026-05-30 09:57:52,156,156,60,126,,,,,50,31.6,,,
Depok,Cinere - Nafas,2026-05-28 01:30:22,-,72,22,50,,,,,57,26.9,,,
Bogor,Kabupaten Bogor Leuwiliang,2026-05-30 09:00:00,71,69,34,,4,10,0,71,,,,,
Tangerang,Tangerang Pasir Jaya,2026-05-30 09:00:00,47,47,28,,59,63,0,26,,,,,
Bekasi,Bekasi Kayuringin,2026-05-29 08:00:00,-,95,48,,48,13,0,2,,,,,
Jakarta,The Pakubuwono Menteng,2026-05-30 09:57:52,156,156,60,126,,,,,50,31.6,,,
Depok,Cinere - Nafas,2026-05-28 01:30:22,-,72,22,50,,,,,57,26.9,,,
Bogor,Kabupaten Bogor Leuwiliang,2026-05-30 09:00:00,71,69,34,,4,10,0,71,,,,,
Tangerang,Tangerang Pasir Jaya,2026-05-30 09:00:00,47,47,28,,59,63,0,26,,,,,
Bekasi,Bekasi Kayuringin,2026-05-29 08:00:00,-,95,48,,48,13,0,2,,,,,
Jakarta,The Pakubuwono Menteng,2026-05-30 09:59:52,157,157,61,135,,,,,50,31.6,,,
Depok,Cinere - Nafas,2026-05-28 01:30:22,-,72,22,50,,,,,57,26.9,,,
Bogor,Kabupaten Bogor Leuwiliang,2026-05-30 09:00:00,71,69,34,,4,10,0,71,,,,,
Tangerang,Tangerang Pasir Jaya,2026-05-30 09:00:00,47,47,28,,59,63,0,26,,,,,
Bekasi,Bekasi Kayuringin,2026-05-29 08:00:00,-,95,48,,48,13,0,2,,,,,
Jakarta,The Pakubuwono Menteng,2026-05-30 09:59:52,157,157,61,135,,,,,50,31.6,,,
Depok,Cinere - Nafas,2026-05-28 01:30:22,-,72,22,50,,,,,57,26.9,,,
Bogor,Kabupaten Bogor Leuwiliang,2026-05-30 09:00:00,71,69,34,,4,10,0,71,,,,,
Tangerang,Tangerang Pasir Jaya,2026-05-30 09:00:00,47,47,28,,59,63,0,26,,,,,
Bekasi,Bekasi Kayuringin,2026-05-29 08:00:00,-,95,48,,48,13,0,2,,,,,
Jakarta,The Pakubuwono Menteng,2026-05-30 10:01:52,157,157,60,131,,,,,49,31.6,,,
Depok,Cinere - Nafas,2026-05-28 01:30:22,-,72,22,50,,,,,57,26.9,,,
Bogor,Kabupaten Bogor Leuwiliang,2026-05-30 10:00:00,71,70,35,,4,10,0,71,,,,,
Tangerang,Tangerang Pasir Jaya,2026-05-30 10:00:00,46,46,28,,59,63,0,26,,,,,
Bekasi,Bekasi Kayuringin,2026-05-29 08:00:00,-,95,48,,48,13,0,2,,,,,
Jakarta,The Pakubuwono Menteng,2026-05-30 10:01:52,157,157,60,131,,,,,49,31.6,,,
Depok,Cinere - Nafas,2026-05-28 01:30:22,-,72,22,50,,,,,57,26.9,,,
Bogor,Kabupaten Bogor Leuwiliang,2026-05-30 10:00:00,71,70,35,,4,10,0,71,,,,,
Tangerang,Tangerang Pasir Jaya,2026-05-30 10:00:00,46,46,28,,59,63,0,26,,,,,
Bekasi,Bekasi Kayuringin,2026-05-29 08:00:00,-,95,48,,48,13,0,2,,,,,
Jakarta,The Pakubuwono Menteng,2026-05-30 10:03:52,158,158,61,135,,,,,50,31.7,,,
Depok,Cinere - Nafas,2026-05-28 01:30:22,-,72,22,50,,,,,57,26.9,,,
Bogor,Kabupaten Bogor Leuwiliang,2026-05-30 10:00:00,71,70,35,,4,10,0,71,,,,,
Tangerang,Tangerang Pasir Jaya,2026-05-30 10:00:00,46,46,28,,59,63,0,26,,,,,
Bekasi,Bekasi Kayuringin,2026-05-29 08:00:00,-,95,48,,48,13,0,2,,,,,
Jakarta,The Pakubuwono Menteng,2026-05-30 10:05:52,157,157,60,133,,,,,50,31.7,,,
Depok,Cinere - Nafas,2026-05-28 01:30:22,-,72,22,50,,,,,57,26.9,,,
Bogor,Kabupaten Bogor Leuwiliang,2026-05-30 10:00:00,71,70,35,,4,10,0,71,,,,,
Tangerang,Tangerang Pasir Jaya,2026-05-30 10:00:00,46,46,28,,59,63,0,26,,,,,
Bekasi,Bekasi Kayuringin,2026-05-29 08:00:00,-,95,48,,48,13,0,2,,,,,
Jakarta,The Pakubuwono Menteng,2026-05-30 10:05:52,157,157,60,133,,,,,50,31.7,,,
Depok,Cinere - Nafas,2026-05-28 01:30:22,-,72,22,50,,,,,57,26.9,,,
Bogor,Kabupaten Bogor Leuwiliang,2026-05-30 10:00:00,71,70,35,,4,10,0,71,,,,,
Tangerang,Tangerang Pasir Jaya,2026-05-30 10:00:00,46,46,28,,59,63,0,26,,,,,
Bekasi,Bekasi Kayuringin,2026-05-29 08:00:00,-,95,48,,48,13,0,2,,,,,
Jakarta,The Pakubuwono Menteng,2026-05-30 10:08:52,163,163,66,150,,,,,50,31.8,,,
Depok,Cinere - Nafas,2026-05-28 01:30:22,-,72,22,50,,,,,57,26.9,,,
Bogor,Kabupaten Bogor Leuwiliang,2026-05-30 10:00:00,71,70,35,,4,10,0,71,,,,,
Tangerang,Tangerang Pasir Jaya,2026-05-30 10:00:00,46,46,28,,59,63,0,26,,,,,
Bekasi,Bekasi Kayuringin,2026-05-29 08:00:00,-,95,48,,48,13,0,2,,,,,
Jakarta,The Pakubuwono Menteng,2026-05-30 10:08:52,163,163,66,150,,,,,50,31.8,,,
Depok,Cinere - Nafas,2026-05-28 01:30:22,-,72,22,50,,,,,57,26.9,,,
Bogor,Kabupaten Bogor Leuwiliang,2026-05-30 10:00:00,71,70,35,,4,10,0,71,,,,,
Tangerang,Tangerang Pasir Jaya,2026-05-30 10:00:00,46,46,28,,59,63,0,26,,,,,
Bekasi,Bekasi Kayuringin,2026-05-29 08:00:00,-,95,48,,48,13,0,2,,,,,
Jakarta,The Pakubuwono Menteng,2026-05-30 10:10:52,166,166,67,151,,,,,49,31.9,,,
Depok,Cinere - Nafas,2026-05-28 01:30:22,-,72,22,50,,,,,57,26.9,,,
Bogor,Kabupaten Bogor Leuwiliang,2026-05-30 10:00:00,71,70,35,,4,10,0,71,,,,,
Tangerang,Tangerang Pasir Jaya,2026-05-30 10:00:00,46,46,28,,59,63,0,26,,,,,
Bekasi,Bekasi Kayuringin,2026-05-29 08:00:00,-,95,48,,48,13,0,2,,,,,
Jakarta,The Pakubuwono Menteng,2026-05-30 10:10:52,166,166,67,151,,,,,49,31.9,,,
Depok,Cinere - Nafas,2026-05-28 01:30:22,-,72,22,50,,,,,57,26.9,,,
Bogor,Kabupaten Bogor Leuwiliang,2026-05-30 10:00:00,71,70,35,,4,10,0,71,,,,,
Tangerang,Tangerang Pasir Jaya,2026-05-30 10:00:00,46,46,28,,59,63,0,26,,,,,
Bekasi,Bekasi Kayuringin,2026-05-29 08:00:00,-,95,48,,48,13,0,2,,,,,
Jakarta,The Pakubuwono Menteng,2026-05-30 10:12:52,166,166,67,151,,,,,49,31.9,,,
Depok,Cinere - Nafas,2026-05-28 01:30:22,-,72,22,50,,,,,57,26.9,,,
Bogor,Kabupaten Bogor Leuwiliang,2026-05-30 10:00:00,71,70,35,,4,10,0,71,,,,,
Tangerang,Tangerang Pasir Jaya,2026-05-30 10:00:00,46,46,28,,59,63,0,26,,,,,
Bekasi,Bekasi Kayuringin,2026-05-29 08:00:00,-,95,48,,48,13,0,2,,,,,
Jakarta,The Pakubuwono Menteng,2026-05-30 10:12:52,166,166,67,151,,,,,49,31.9,,,
Depok,Cinere - Nafas,2026-05-28 01:30:22,-,72,22,50,,,,,57,26.9,,,
Bogor,Kabupaten Bogor Leuwiliang,2026-05-30 10:00:00,71,70,35,,4,10,0,71,,,,,
Tangerang,Tangerang Pasir Jaya,2026-05-30 10:00:00,46,46,28,,59,63,0,26,,,,,
Bekasi,Bekasi Kayuringin,2026-05-29 08:00:00,-,95,48,,48,13,0,2,,,,,
Jakarta,The Pakubuwono Menteng,2026-05-30 10:14:52,171,171,72,154,,,,,49,32,,,
Depok,Cinere - Nafas,2026-05-28 01:30:22,-,72,22,50,,,,,57,26.9,,,
Bogor,Kabupaten Bogor Leuwiliang,2026-05-30 10:00:00,71,70,35,,4,10,0,71,,,,,
Tangerang,Tangerang Pasir Jaya,2026-05-30 10:00:00,46,46,28,,59,63,0,26,,,,,
Bekasi,Bekasi Kayuringin,2026-05-29 08:00:00,-,95,48,,48,13,0,2,,,,,
Jakarta,The Pakubuwono Menteng,2026-05-30 10:14:52,171,171,72,154,,,,,49,32,,,
Depok,Cinere - Nafas,2026-05-28 01:30:22,-,72,22,50,,,,,57,26.9,,,
Bogor,Kabupaten Bogor Leuwiliang,2026-05-30 10:00:00,71,70,35,,4,10,0,71,,,,,
Tangerang,Tangerang Pasir Jaya,2026-05-30 10:00:00,46,46,28,,59,63,0,26,,,,,
Bekasi,Bekasi Kayuringin,2026-05-29 08:00:00,-,95,48,,48,13,0,2,,,,,
Jakarta,The Pakubuwono Menteng,2026-05-30 10:17:52,170,170,71,154,,,,,49,32,,,
Depok,Cinere - Nafas,2026-05-28 01:30:22,-,72,22,50,,,,,57,26.9,,,
Bogor,Kabupaten Bogor Leuwiliang,2026-05-30 10:00:00,71,70,35,,4,10,0,71,,,,,
Tangerang,Tangerang Pasir Jaya,2026-05-30 10:00:00,46,46,28,,59,63,0,26,,,,,
Bekasi,Bekasi Kayuringin,2026-05-29 08:00:00,-,95,48,,48,13,0,2,,,,,
Jakarta,The Pakubuwono Menteng,2026-05-30 10:19:52,158,158,62,135,,,,,47,32,,,
Depok,Cinere - Nafas,2026-05-28 01:30:22,-,72,22,50,,,,,57,26.9,,,
Bogor,Kabupaten Bogor Leuwiliang,2026-05-30 10:00:00,71,70,35,,4,10,0,71,,,,,
Tangerang,Tangerang Pasir Jaya,2026-05-30 10:00:00,46,46,28,,59,63,0,26,,,,,
Bekasi,Bekasi Kayuringin,2026-05-29 08:00:00,-,95,48,,48,13,0,2,,,,,
Jakarta,The Pakubuwono Menteng,2026-05-30 10:19:52,158,158,62,135,,,,,47,32,,,
Depok,Cinere - Nafas,2026-05-28 01:30:22,-,72,22,50,,,,,57,26.9,,,
Bogor,Kabupaten Bogor Leuwiliang,2026-05-30 10:00:00,71,70,35,,4,10,0,71,,,,,
Tangerang,Tangerang Pasir Jaya,2026-05-30 10:00:00,46,46,28,,59,63,0,26,,,,,
Bekasi,Bekasi Kayuringin,2026-05-29 08:00:00,-,95,48,,48,13,0,2,,,,,
Jakarta,The Pakubuwono Menteng,2026-05-30 10:21:52,154,154,59,116,,,,,46,32,,,
Depok,Cinere - Nafas,2026-05-28 01:30:22,-,72,22,50,,,,,57,26.9,,,
Bogor,Kabupaten Bogor Leuwiliang,2026-05-30 10:00:00,71,70,35,,4,10,0,71,,,,,
Tangerang,Tangerang Pasir Jaya,2026-05-30 10:00:00,46,46,28,,59,63,0,26,,,,,
Bekasi,Bekasi Kayuringin,2026-05-29 08:00:00,-,95,48,,48,13,0,2,,,,,
Jakarta,The Pakubuwono Menteng,2026-05-30 10:21:52,154,154,59,116,,,,,46,32,,,
Depok,Cinere - Nafas,2026-05-28 01:30:22,-,72,22,50,,,,,57,26.9,,,
Bogor,Kabupaten Bogor Leuwiliang,2026-05-30 10:00:00,71,70,35,,4,10,0,71,,,,,
Tangerang,Tangerang Pasir Jaya,2026-05-30 10:00:00,46,46,28,,59,63,0,26,,,,,
Bekasi,Bekasi Kayuringin,2026-05-29 08:00:00,-,95,48,,48,13,0,2,,,,,
Jakarta,The Pakubuwono Menteng,2026-05-30 10:24:52,145,145,56,104,,,,,45,32.09,,,
Depok,Cinere - Nafas,2026-05-28 01:30:22,-,72,22,50,,,,,57,26.9,,,
Bogor,Kabupaten Bogor Leuwiliang,2026-05-30 10:00:00,71,70,35,,4,10,0,71,,,,,
Tangerang,Tangerang Pasir Jaya,2026-05-30 10:00:00,46,46,28,,59,63,0,26,,,,,
Bekasi,Bekasi Kayuringin,2026-05-29 08:00:00,-,95,48,,48,13,0,2,,,,,
Jakarta,The Pakubuwono Menteng,2026-05-30 10:24:52,145,145,56,104,,,,,45,32.09,,,
Depok,Cinere - Nafas,2026-05-28 01:30:22,-,72,22,50,,,,,57,26.9,,,
Bogor,Kabupaten Bogor Leuwiliang,2026-05-30 10:00:00,71,70,35,,4,10,0,71,,,,,
Tangerang,Tangerang Pasir Jaya,2026-05-30 10:00:00,46,46,28,,59,63,0,26,,,,,
Bekasi,Bekasi Kayuringin,2026-05-29 08:00:00,-,95,48,,48,13,0,2,,,,,
Jakarta,The Pakubuwono Menteng,2026-05-30 10:24:52,145,145,56,104,,,,,45,32.09,,,
Depok,Cinere - Nafas,2026-05-28 01:30:22,-,72,22,50,,,,,57,26.9,,,
Bogor,Kabupaten Bogor Leuwiliang,2026-05-30 10:00:00,71,70,35,,4,10,0,71,,,,,
Tangerang,Tangerang Pasir Jaya,2026-05-30 10:00:00,46,46,28,,59,63,0,26,,,,,
Bekasi,Bekasi Kayuringin,2026-05-29 08:00:00,-,95,48,,48,13,0,2,,,,,
Jakarta,The Pakubuwono Menteng,2026-05-30 10:26:53,143,143,56,101,,,,,44,32.09,,,
Depok,Cinere - Nafas,2026-05-28 01:30:22,-,72,22,50,,,,,57,26.9,,,
Bogor,Kabupaten Bogor Leuwiliang,2026-05-30 10:00:00,71,70,35,,4,10,0,71,,,,,
Tangerang,Tangerang Pasir Jaya,2026-05-30 10:00:00,46,46,28,,59,63,0,26,,,,,
Bekasi,Bekasi Kayuringin,2026-05-29 08:00:00,-,95,48,,48,13,0,2,,,,,
Jakarta,The Pakubuwono Menteng,2026-05-30 10:28:53,138,138,54,99,,,,,44,32.09,,,
Depok,Cinere - Nafas,2026-05-28 01:30:22,-,72,22,50,,,,,57,26.9,,,
Bogor,Kabupaten Bogor Leuwiliang,2026-05-30 10:00:00,71,70,35,,4,10,0,71,,,,,
Tangerang,Tangerang Pasir Jaya,2026-05-30 10:00:00,46,46,28,,59,63,0,26,,,,,
Bekasi,Bekasi Kayuringin,2026-05-29 08:00:00,-,95,48,,48,13,0,2,,,,,
Jakarta,The Pakubuwono Menteng,2026-05-30 10:28:53,138,138,54,99,,,,,44,32.09,,,
Depok,Cinere - Nafas,2026-05-28 01:30:22,-,72,22,50,,,,,57,26.9,,,
Bogor,Kabupaten Bogor Leuwiliang,2026-05-30 10:00:00,71,70,35,,4,10,0,71,,,,,
Tangerang,Tangerang Pasir Jaya,2026-05-30 10:00:00,46,46,28,,59,63,0,26,,,,,
Bekasi,Bekasi Kayuringin,2026-05-29 08:00:00,-,95,48,,48,13,0,2,,,,,
Jakarta,The Pakubuwono Menteng,2026-05-30 10:31:53,152,152,58,113,,,,,45,32.09,,,
Depok,Cinere - Nafas,2026-05-28 01:30:22,-,72,22,50,,,,,57,26.9,,,
Bogor,Kabupaten Bogor Leuwiliang,2026-05-30 10:00:00,71,70,35,,4,10,0,71,,,,,
Tangerang,Tangerang Pasir Jaya,2026-05-30 10:00:00,46,46,28,,59,63,0,26,,,,,
Bekasi,Bekasi Kayuringin,2026-05-29 08:00:00,-,95,48,,48,13,0,2,,,,,
Jakarta,The Pakubuwono Menteng,2026-05-30 10:31:53,152,152,58,113,,,,,45,32.09,,,
Depok,Cinere - Nafas,2026-05-28 01:30:22,-,72,22,50,,,,,57,26.9,,,
Bogor,Kabupaten Bogor Leuwiliang,2026-05-30 10:00:00,71,70,35,,4,10,0,71,,,,,
Tangerang,Tangerang Pasir Jaya,2026-05-30 10:00:00,46,46,28,,59,63,0,26,,,,,
Bekasi,Bekasi Kayuringin,2026-05-29 08:00:00,-,95,48,,48,13,0,2,,,,,
Jakarta,The Pakubuwono Menteng,2026-05-30 10:31:53,152,152,58,113,,,,,45,32.09,,,
Depok,Cinere - Nafas,2026-05-28 01:30:22,-,72,22,50,,,,,57,26.9,,,
Bogor,Kabupaten Bogor Leuwiliang,2026-05-30 10:00:00,71,70,35,,4,10,0,71,,,,,
Tangerang,Tangerang Pasir Jaya,2026-05-30 10:00:00,46,46,28,,59,63,0,26,,,,,
Bekasi,Bekasi Kayuringin,2026-05-29 08:00:00,-,95,48,,48,13,0,2,,,,,
Jakarta,The Pakubuwono Menteng,2026-05-30 10:33:53,150,150,57,107,,,,,45,32.2,,,
Depok,Cinere - Nafas,2026-05-28 01:30:22,-,72,22,50,,,,,57,26.9,,,
Bogor,Kabupaten Bogor Leuwiliang,2026-05-30 10:00:00,71,70,35,,4,10,0,71,,,,,
Tangerang,Tangerang Pasir Jaya,2026-05-30 10:00:00,46,46,28,,59,63,0,26,,,,,
Bekasi,Bekasi Kayuringin,2026-05-29 08:00:00,-,95,48,,48,13,0,2,,,,,
Jakarta,The Pakubuwono Menteng,2026-05-30 10:33:53,150,150,57,107,,,,,45,32.2,,,
Depok,Cinere - Nafas,2026-05-28 01:30:22,-,72,22,50,,,,,57,26.9,,,
Bogor,Kabupaten Bogor Leuwiliang,2026-05-30 10:00:00,71,70,35,,4,10,0,71,,,,,
Tangerang,Tangerang Pasir Jaya,2026-05-30 10:00:00,46,46,28,,59,63,0,26,,,,,
Bekasi,Bekasi Kayuringin,2026-05-29 08:00:00,-,95,48,,48,13,0,2,,,,,
Jakarta,The Pakubuwono Menteng,2026-05-30 10:36:53,150,150,56,111,,,,,45,32.2,,,
Depok,Cinere - Nafas,2026-05-28 01:30:22,-,72,22,50,,,,,57,26.9,,,
Bogor,Kabupaten Bogor Leuwiliang,2026-05-30 10:00:00,71,70,35,,4,10,0,71,,,,,
Tangerang,Tangerang Pasir Jaya,2026-05-30 10:00:00,46,46,28,,59,63,0,26,,,,,
Bekasi,Bekasi Kayuringin,2026-05-29 08:00:00,-,95,48,,48,13,0,2,,,,,
Jakarta,The Pakubuwono Menteng,2026-05-30 10:36:53,150,150,56,111,,,,,45,32.2,,,
Depok,Cinere - Nafas,2026-05-28 01:30:22,-,72,22,50,,,,,57,26.9,,,
Bogor,Kabupaten Bogor Leuwiliang,2026-05-30 10:00:00,71,70,35,,4,10,0,71,,,,,
Tangerang,Tangerang Pasir Jaya,2026-05-30 10:00:00,46,46,28,,59,63,0,26,,,,,
Bekasi,Bekasi Kayuringin,2026-05-29 08:00:00,-,95,48,,48,13,0,2,,,,,
Jakarta,The Pakubuwono Menteng,2026-05-30 10:39:53,152,152,57,116,,,,,46,32.3,,,
Depok,Cinere - Nafas,2026-05-28 01:30:22,-,72,22,50,,,,,57,26.9,,,
Bogor,Kabupaten Bogor Leuwiliang,2026-05-30 10:00:00,71,70,35,,4,10,0,71,,,,,
Tangerang,Tangerang Pasir Jaya,2026-05-30 10:00:00,46,46,28,,59,63,0,26,,,,,
Bekasi,Bekasi Kayuringin,2026-05-29 08:00:00,-,95,48,,48,13,0,2,,,,,
Jakarta,The Pakubuwono Menteng,2026-05-30 10:41:53,152,152,57,113,,,,,45,32.3,,,
Depok,Cinere - Nafas,2026-05-28 01:30:22,-,72,22,50,,,,,57,26.9,,,
Bogor,Kabupaten Bogor Leuwiliang,2026-05-30 10:00:00,71,70,35,,4,10,0,71,,,,,
Tangerang,Tangerang Pasir Jaya,2026-05-30 10:00:00,46,46,28,,59,63,0,26,,,,,
Bekasi,Bekasi Kayuringin,2026-05-29 08:00:00,-,95,48,,48,13,0,2,,,,,
Jakarta,The Pakubuwono Menteng,2026-05-30 10:41:53,152,152,57,113,,,,,45,32.3,,,
Depok,Cinere - Nafas,2026-05-28 01:30:22,-,72,22,50,,,,,57,26.9,,,
Bogor,Kabupaten Bogor Leuwiliang,2026-05-30 10:00:00,71,70,35,,4,10,0,71,,,,,
Tangerang,Tangerang Pasir Jaya,2026-05-30 10:00:00,46,46,28,,59,63,0,26,,,,,
Bekasi,Bekasi Kayuringin,2026-05-29 08:00:00,-,95,48,,48,13,0,2,,,,,
Jakarta,The Pakubuwono Menteng,2026-05-30 10:43:53,150,150,56,108,,,,,45,32.3,,,
Depok,Cinere - Nafas,2026-05-28 01:30:22,-,72,22,50,,,,,57,26.9,,,
Bogor,Kabupaten Bogor Leuwiliang,2026-05-30 10:00:00,71,70,35,,4,10,0,71,,,,,
Tangerang,Tangerang Pasir Jaya,2026-05-30 10:00:00,46,46,28,,59,63,0,26,,,,,
Bekasi,Bekasi Kayuringin,2026-05-29 08:00:00,-,95,48,,48,13,0,2,,,,,
Jakarta,The Pakubuwono Menteng,2026-05-30 10:43:53,150,150,56,108,,,,,45,32.3,,,
Depok,Cinere - Nafas,2026-05-28 01:30:22,-,72,22,50,,,,,57,26.9,,,
Bogor,Kabupaten Bogor Leuwiliang,2026-05-30 10:00:00,71,70,35,,4,10,0,71,,,,,
Tangerang,Tangerang Pasir Jaya,2026-05-30 10:00:00,46,46,28,,59,63,0,26,,,,,
Bekasi,Bekasi Kayuringin,2026-05-29 08:00:00,-,95,48,,48,13,0,2,,,,,
Jakarta,The Pakubuwono Menteng,2026-05-30 10:45:53,143,143,56,105,,,,,46,32.4,,,
Depok,Cinere - Nafas,2026-05-28 01:30:22,-,72,22,50,,,,,57,26.9,,,
Bogor,Kabupaten Bogor Leuwiliang,2026-05-30 10:00:00,71,70,35,,4,10,0,71,,,,,
Tangerang,Tangerang Pasir Jaya,2026-05-30 10:00:00,46,46,28,,59,63,0,26,,,,,
Bekasi,Bekasi Kayuringin,2026-05-29 08:00:00,-,95,48,,48,13,0,2,,,,,
Jakarta,The Pakubuwono Menteng,2026-05-30 10:45:53,143,143,56,105,,,,,46,32.4,,,
Depok,Cinere - Nafas,2026-05-28 01:30:22,-,72,22,50,,,,,57,26.9,,,
Bogor,Kabupaten Bogor Leuwiliang,2026-05-30 10:00:00,71,70,35,,4,10,0,71,,,,,
Tangerang,Tangerang Pasir Jaya,2026-05-30 10:00:00,46,46,28,,59,63,0,26,,,,,
Bekasi,Bekasi Kayuringin,2026-05-29 08:00:00,-,95,48,,48,13,0,2,,,,,
Jakarta,The Pakubuwono Menteng,2026-05-30 10:48:53,143,143,55,105,,,,,45,32.5,,,
Depok,Cinere - Nafas,2026-05-28 01:30:22,-,72,22,50,,,,,57,26.9,,,
Bogor,Kabupaten Bogor Leuwiliang,2026-05-30 10:00:00,71,70,35,,4,10,0,71,,,,,
Tangerang,Tangerang Pasir Jaya,2026-05-30 10:00:00,46,46,28,,59,63,0,26,,,,,
Bekasi,Bekasi Kayuringin,2026-05-29 08:00:00,-,95,48,,48,13,0,2,,,,,
Jakarta,The Pakubuwono Menteng,2026-05-30 10:48:53,143,143,55,105,,,,,45,32.5,,,
Depok,Cinere - Nafas,2026-05-28 01:30:22,-,72,22,50,,,,,57,26.9,,,
Bogor,Kabupaten Bogor Leuwiliang,2026-05-30 10:00:00,71,70,35,,4,10,0,71,,,,,
Tangerang,Tangerang Pasir Jaya,2026-05-30 10:00:00,46,46,28,,59,63,0,26,,,,,
Bekasi,Bekasi Kayuringin,2026-05-29 08:00:00,-,95,48,,48,13,0,2,,,,,
Jakarta,The Pakubuwono Menteng,2026-05-30 10:50:53,141,141,55,101,,,,,45,32.5,,,
Depok,Cinere - Nafas,2026-05-28 01:30:22,-,72,22,50,,,,,57,26.9,,,
Bogor,Kabupaten Bogor Leuwiliang,2026-05-30 10:00:00,71,70,35,,4,10,0,71,,,,,
Tangerang,Tangerang Pasir Jaya,2026-05-30 10:00:00,46,46,28,,59,63,0,26,,,,,
Bekasi,Bekasi Kayuringin,2026-05-29 08:00:00,-,95,48,,48,13,0,2,,,,,
Jakarta,The Pakubuwono Menteng,2026-05-30 10:50:53,141,141,55,101,,,,,45,32.5,,,
Depok,Cinere - Nafas,2026-05-28 01:30:22,-,72,22,50,,,,,57,26.9,,,
Bogor,Kabupaten Bogor Leuwiliang,2026-05-30 10:00:00,71,70,35,,4,10,0,71,,,,,
Tangerang,Tangerang Pasir Jaya,2026-05-30 10:00:00,46,46,28,,59,63,0,26,,,,,
Bekasi,Bekasi Kayuringin,2026-05-29 08:00:00,-,95,48,,48,13,0,2,,,,,
Jakarta,The Pakubuwono Menteng,2026-05-30 10:52:53,144,144,56,106,,,,,44,32.59,,,
Depok,Cinere - Nafas,2026-05-28 01:30:22,-,72,22,50,,,,,57,26.9,,,
Bogor,Kabupaten Bogor Leuwiliang,2026-05-30 10:00:00,71,70,35,,4,10,0,71,,,,,
Tangerang,Tangerang Pasir Jaya,2026-05-30 10:00:00,46,46,28,,59,63,0,26,,,,,
Bekasi,Bekasi Kayuringin,2026-05-29 08:00:00,-,95,48,,48,13,0,2,,,,,
Jakarta,The Pakubuwono Menteng,2026-05-30 10:52:53,144,144,56,106,,,,,44,32.59,,,
Depok,Cinere - Nafas,2026-05-28 01:30:22,-,72,22,50,,,,,57,26.9,,,
Bogor,Kabupaten Bogor Leuwiliang,2026-05-30 10:00:00,71,70,35,,4,10,0,71,,,,,
Tangerang,Tangerang Pasir Jaya,2026-05-30 10:00:00,46,46,28,,59,63,0,26,,,,,
Bekasi,Bekasi Kayuringin,2026-05-29 08:00:00,-,95,48,,48,13,0,2,,,,,
Jakarta,The Pakubuwono Menteng,2026-05-30 10:55:53,152,152,58,116,,,,,44,32.7,,,
Depok,Cinere - Nafas,2026-05-28 01:30:22,-,72,22,50,,,,,57,26.9,,,
Bogor,Kabupaten Bogor Leuwiliang,2026-05-30 10:00:00,71,70,35,,4,10,0,71,,,,,
Tangerang,Tangerang Pasir Jaya,2026-05-30 10:00:00,46,46,28,,59,63,0,26,,,,,
Bekasi,Bekasi Kayuringin,2026-05-29 08:00:00,-,95,48,,48,13,0,2,,,,,
Jakarta,The Pakubuwono Menteng,2026-05-30 10:55:53,152,152,58,116,,,,,44,32.7,,,
Depok,Cinere - Nafas,2026-05-28 01:30:22,-,72,22,50,,,,,57,26.9,,,
Bogor,Kabupaten Bogor Leuwiliang,2026-05-30 10:00:00,71,70,35,,4,10,0,71,,,,,
Tangerang,Tangerang Pasir Jaya,2026-05-30 10:00:00,46,46,28,,59,63,0,26,,,,,
Bekasi,Bekasi Kayuringin,2026-05-29 08:00:00,-,95,48,,48,13,0,2,,,,,
Jakarta,The Pakubuwono Menteng,2026-05-30 10:55:53,152,152,58,116,,,,,44,32.7,,,
Depok,Cinere - Nafas,2026-05-28 01:30:22,-,72,22,50,,,,,57,26.9,,,
Bogor,Kabupaten Bogor Leuwiliang,2026-05-30 10:00:00,71,70,35,,4,10,0,71,,,,,
Tangerang,Tangerang Pasir Jaya,2026-05-30 10:00:00,46,46,28,,59,63,0,26,,,,,
Bekasi,Bekasi Kayuringin,2026-05-29 08:00:00,-,95,48,,48,13,0,2,,,,,
Jakarta,The Pakubuwono Menteng,2026-05-30 10:57:53,151,151,57,111,,,,,45,32.7,,,
Depok,Cinere - Nafas,2026-05-28 01:30:22,-,72,22,50,,,,,57,26.9,,,
Bogor,Kabupaten Bogor Leuwiliang,2026-05-30 10:00:00,71,70,35,,4,10,0,71,,,,,
Tangerang,Tangerang Pasir Jaya,2026-05-30 10:00:00,46,46,28,,59,63,0,26,,,,,
Bekasi,Bekasi Kayuringin,2026-05-29 08:00:00,-,95,48,,48,13,0,2,,,,,
Jakarta,The Pakubuwono Menteng,2026-05-30 10:57:53,151,151,57,111,,,,,45,32.7,,,
Depok,Cinere - Nafas,2026-05-28 01:30:22,-,72,22,50,,,,,57,26.9,,,
Bogor,Kabupaten Bogor Leuwiliang,2026-05-30 10:00:00,71,70,35,,4,10,0,71,,,,,
Tangerang,Tangerang Pasir Jaya,2026-05-30 10:00:00,46,46,28,,59,63,0,26,,,,,
Bekasi,Bekasi Kayuringin,2026-05-29 08:00:00,-,95,48,,48,13,0,2,,,,,
Jakarta,The Pakubuwono Menteng,2026-05-30 11:00:53,152,152,58,116,,,,,44,32.8,,,
Depok,Cinere - Nafas,2026-05-28 01:30:22,-,72,22,50,,,,,57,26.9,,,
Bogor,Kabupaten Bogor Leuwiliang,2026-05-30 10:00:00,71,70,35,,4,10,0,71,,,,,
Tangerang,Tangerang Pasir Jaya,2026-05-30 10:00:00,46,46,28,,59,63,0,26,,,,,
Bekasi,Bekasi Kayuringin,2026-05-29 08:00:00,-,95,48,,48,13,0,2,,,,,
Jakarta,The Pakubuwono Menteng,2026-05-30 11:03:53,153,153,58,121,,,,,45,32.9,,,
Depok,Cinere - Nafas,2026-05-28 01:30:22,-,72,22,50,,,,,57,26.9,,,
Bogor,Kabupaten Bogor Leuwiliang,2026-05-30 11:00:00,71,70,35,,4,10,0,71,,,,,
Tangerang,Tangerang Pasir Jaya,2026-05-30 11:00:00,45,45,28,,59,63,0,26,,,,,
Bekasi,Bekasi Kayuringin,2026-05-29 08:00:00,-,95,48,,48,13,0,2,,,,,
Jakarta,The Pakubuwono Menteng,2026-05-30 11:03:53,153,153,58,121,,,,,45,32.9,,,
Depok,Cinere - Nafas,2026-05-28 01:30:22,-,72,22,50,,,,,57,26.9,,,
Bogor,Kabupaten Bogor Leuwiliang,2026-05-30 11:00:00,71,70,35,,4,10,0,71,,,,,
Tangerang,Tangerang Pasir Jaya,2026-05-30 11:00:00,45,45,28,,59,63,0,26,,,,,
Bekasi,Bekasi Kayuringin,2026-05-29 08:00:00,-,95,48,,48,13,0,2,,,,,
Jakarta,The Pakubuwono Menteng,2026-05-30 11:05:53,154,154,58,119,,,,,44,33,,,
Depok,Cinere - Nafas,2026-05-28 01:30:22,-,72,22,50,,,,,57,26.9,,,
Bogor,Kabupaten Bogor Leuwiliang,2026-05-30 11:00:00,71,70,35,,4,10,0,71,,,,,
Tangerang,Tangerang Pasir Jaya,2026-05-30 11:00:00,45,45,28,,59,63,0,26,,,,,
Bekasi,Bekasi Kayuringin,2026-05-29 08:00:00,-,95,48,,48,13,0,2,,,,,
Jakarta,The Pakubuwono Menteng,2026-05-30 11:05:53,154,154,58,119,,,,,44,33,,,
Depok,Cinere - Nafas,2026-05-28 01:30:22,-,72,22,50,,,,,57,26.9,,,
Bogor,Kabupaten Bogor Leuwiliang,2026-05-30 11:00:00,71,70,35,,4,10,0,71,,,,,
Tangerang,Tangerang Pasir Jaya,2026-05-30 11:00:00,45,45,28,,59,63,0,26,,,,,
Bekasi,Bekasi Kayuringin,2026-05-29 08:00:00,-,95,48,,48,13,0,2,,,,,
Jakarta,The Pakubuwono Menteng,2026-05-30 11:07:53,153,153,59,119,,,,,43,33.09,,,
Depok,Cinere - Nafas,2026-05-28 01:30:22,-,72,22,50,,,,,57,26.9,,,
Bogor,Kabupaten Bogor Leuwiliang,2026-05-30 11:00:00,71,70,35,,4,10,0,71,,,,,
Tangerang,Tangerang Pasir Jaya,2026-05-30 11:00:00,45,45,28,,59,63,0,26,,,,,
Bekasi,Bekasi Kayuringin,2026-05-29 08:00:00,-,95,48,,48,13,0,2,,,,,
Jakarta,The Pakubuwono Menteng,2026-05-30 11:07:53,153,153,59,119,,,,,43,33.09,,,
Depok,Cinere - Nafas,2026-05-28 01:30:22,-,72,22,50,,,,,57,26.9,,,
Bogor,Kabupaten Bogor Leuwiliang,2026-05-30 11:00:00,71,70,35,,4,10,0,71,,,,,
Tangerang,Tangerang Pasir Jaya,2026-05-30 11:00:00,45,45,28,,59,63,0,26,,,,,
Bekasi,Bekasi Kayuringin,2026-05-29 08:00:00,-,95,48,,48,13,0,2,,,,,
Jakarta,The Pakubuwono Menteng,2026-05-30 11:09:53,155,155,59,128,,,,,43,33.09,,,
Depok,Cinere - Nafas,2026-05-28 01:30:22,-,72,22,50,,,,,57,26.9,,,
Bogor,Kabupaten Bogor Leuwiliang,2026-05-30 11:00:00,71,70,35,,4,10,0,71,,,,,
Tangerang,Tangerang Pasir Jaya,2026-05-30 11:00:00,45,45,28,,59,63,0,26,,,,,
Bekasi,Bekasi Kayuringin,2026-05-29 08:00:00,-,95,48,,48,13,0,2,,,,,
Jakarta,The Pakubuwono Menteng,2026-05-30 11:09:53,155,155,59,128,,,,,43,33.09,,,
Depok,Cinere - Nafas,2026-05-28 01:30:22,-,72,22,50,,,,,57,26.9,,,
Bogor,Kabupaten Bogor Leuwiliang,2026-05-30 11:00:00,71,70,35,,4,10,0,71,,,,,
Tangerang,Tangerang Pasir Jaya,2026-05-30 11:00:00,45,45,28,,59,63,0,26,,,,,
Bekasi,Bekasi Kayuringin,2026-05-29 08:00:00,-,95,48,,48,13,0,2,,,,,
Jakarta,The Pakubuwono Menteng,2026-05-30 11:11:54,155,155,58,121,,,,,43,33.2,,,
Depok,Cinere - Nafas,2026-05-28 01:30:22,-,72,22,50,,,,,57,26.9,,,
Bogor,Kabupaten Bogor Leuwiliang,2026-05-30 11:00:00,71,70,35,,4,10,0,71,,,,,
Tangerang,Tangerang Pasir Jaya,2026-05-30 11:00:00,45,45,28,,59,63,0,26,,,,,
Bekasi,Bekasi Kayuringin,2026-05-29 08:00:00,-,95,48,,48,13,0,2,,,,,
Jakarta,The Pakubuwono Menteng,2026-05-30 11:11:54,155,155,58,121,,,,,43,33.2,,,
Depok,Cinere - Nafas,2026-05-28 01:30:22,-,72,22,50,,,,,57,26.9,,,
Bogor,Kabupaten Bogor Leuwiliang,2026-05-30 11:00:00,71,70,35,,4,10,0,71,,,,,
Tangerang,Tangerang Pasir Jaya,2026-05-30 11:00:00,45,45,28,,59,63,0,26,,,,,
Bekasi,Bekasi Kayuringin,2026-05-29 08:00:00,-,95,48,,48,13,0,2,,,,,
Jakarta,The Pakubuwono Menteng,2026-05-30 11:13:54,154,154,59,121,,,,,43,33.09,,,
Depok,Cinere - Nafas,2026-05-28 01:30:22,-,72,22,50,,,,,57,26.9,,,
Bogor,Kabupaten Bogor Leuwiliang,2026-05-30 11:00:00,71,70,35,,4,10,0,71,,,,,
Tangerang,Tangerang Pasir Jaya,2026-05-30 11:00:00,45,45,28,,59,63,0,26,,,,,
Bekasi,Bekasi Kayuringin,2026-05-29 08:00:00,-,95,48,,48,13,0,2,,,,,
Jakarta,The Pakubuwono Menteng,2026-05-30 11:13:54,154,154,59,121,,,,,43,33.09,,,
Depok,Cinere - Nafas,2026-05-28 01:30:22,-,72,22,50,,,,,57,26.9,,,
Bogor,Kabupaten Bogor Leuwiliang,2026-05-30 11:00:00,71,70,35,,4,10,0,71,,,,,
Tangerang,Tangerang Pasir Jaya,2026-05-30 11:00:00,45,45,28,,59,63,0,26,,,,,
Bekasi,Bekasi Kayuringin,2026-05-29 08:00:00,-,95,48,,48,13,0,2,,,,,
Jakarta,The Pakubuwono Menteng,2026-05-30 11:13:54,154,154,59,121,,,,,43,33.09,,,
Depok,Cinere - Nafas,2026-05-28 01:30:22,-,72,22,50,,,,,57,26.9,,,
Bogor,Kabupaten Bogor Leuwiliang,2026-05-30 11:00:00,71,70,35,,4,10,0,71,,,,,
Tangerang,Tangerang Pasir Jaya,2026-05-30 11:00:00,45,45,28,,59,63,0,26,,,,,
Bekasi,Bekasi Kayuringin,2026-05-29 08:00:00,-,95,48,,48,13,0,2,,,,,
Jakarta,The Pakubuwono Menteng,2026-05-30 11:13:54,154,154,59,121,,,,,43,33.09,,,
Depok,Cinere - Nafas,2026-05-28 01:30:22,-,72,22,50,,,,,57,26.9,,,
Bogor,Kabupaten Bogor Leuwiliang,2026-05-30 11:00:00,71,70,35,,4,10,0,71,,,,,
Tangerang,Tangerang Pasir Jaya,2026-05-30 11:00:00,45,45,28,,59,63,0,26,,,,,
Bekasi,Bekasi Kayuringin,2026-05-29 08:00:00,-,95,48,,48,13,0,2,,,,,
Jakarta,The Pakubuwono Menteng,2026-05-30 11:17:54,156,156,60,130,,,,,45,33.09,,,
Depok,Cinere - Nafas,2026-05-28 01:30:22,-,72,22,50,,,,,57,26.9,,,
Bogor,Kabupaten Bogor Leuwiliang,2026-05-30 11:00:00,71,70,35,,4,10,0,71,,,,,
Tangerang,Tangerang Pasir Jaya,2026-05-30 11:00:00,45,45,28,,59,63,0,26,,,,,
Bekasi,Bekasi Kayuringin,2026-05-29 08:00:00,-,95,48,,48,13,0,2,,,,,
Jakarta,The Pakubuwono Menteng,2026-05-30 11:17:54,156,156,60,130,,,,,45,33.09,,,
Depok,Cinere - Nafas,2026-05-28 01:30:22,-,72,22,50,,,,,57,26.9,,,
Bogor,Kabupaten Bogor Leuwiliang,2026-05-30 11:00:00,71,70,35,,4,10,0,71,,,,,
Tangerang,Tangerang Pasir Jaya,2026-05-30 11:00:00,45,45,28,,59,63,0,26,,,,,
Bekasi,Bekasi Kayuringin,2026-05-29 08:00:00,-,95,48,,48,13,0,2,,,,,
Jakarta,The Pakubuwono Menteng,2026-05-30 11:17:54,156,156,60,130,,,,,45,33.09,,,
Depok,Cinere - Nafas,2026-05-28 01:30:22,-,72,22,50,,,,,57,26.9,,,
Bogor,Kabupaten Bogor Leuwiliang,2026-05-30 11:00:00,71,70,35,,4,10,0,71,,,,,
Tangerang,Tangerang Pasir Jaya,2026-05-30 11:00:00,45,45,28,,59,63,0,26,,,,,
Bekasi,Bekasi Kayuringin,2026-05-29 08:00:00,-,95,48,,48,13,0,2,,,,,
Jakarta,The Pakubuwono Menteng,2026-05-30 11:17:54,156,156,60,130,,,,,45,33.09,,,
Depok,Cinere - Nafas,2026-05-28 01:30:22,-,72,22,50,,,,,57,26.9,,,
Bogor,Kabupaten Bogor Leuwiliang,2026-05-30 11:00:00,71,70,35,,4,10,0,71,,,,,
Tangerang,Tangerang Pasir Jaya,2026-05-30 11:00:00,45,45,28,,59,63,0,26,,,,,
Bekasi,Bekasi Kayuringin,2026-05-29 08:00:00,-,95,48,,48,13,0,2,,,,,
Jakarta,The Pakubuwono Menteng,2026-05-30 11:17:54,156,156,60,130,,,,,45,33.09,,,
Depok,Cinere - Nafas,2026-05-28 01:30:22,-,72,22,50,,,,,57,26.9,,,
Bogor,Kabupaten Bogor Leuwiliang,2026-05-30 11:00:00,71,70,35,,4,10,0,71,,,,,
Tangerang,Tangerang Pasir Jaya,2026-05-30 11:00:00,45,45,28,,59,63,0,26,,,,,
Bekasi,Bekasi Kayuringin,2026-05-29 08:00:00,-,95,48,,48,13,0,2,,,,,
Jakarta,The Pakubuwono Menteng,2026-05-30 11:24:54,158,158,61,135,,,,,43,33.4,,,
Depok,Cinere - Nafas,2026-05-28 01:30:22,-,72,22,50,,,,,57,26.9,,,
Bogor,Kabupaten Bogor Leuwiliang,2026-05-30 11:00:00,71,70,35,,4,10,0,71,,,,,
Tangerang,Tangerang Pasir Jaya,2026-05-30 11:00:00,45,45,28,,59,63,0,26,,,,,
Bekasi,Bekasi Kayuringin,2026-05-29 08:00:00,-,95,48,,48,13,0,2,,,,,
Jakarta,The Pakubuwono Menteng,2026-05-30 11:24:54,158,158,61,135,,,,,43,33.4,,,
Depok,Cinere - Nafas,2026-05-28 01:30:22,-,72,22,50,,,,,57,26.9,,,
Bogor,Kabupaten Bogor Leuwiliang,2026-05-30 11:00:00,71,70,35,,4,10,0,71,,,,,
Tangerang,Tangerang Pasir Jaya,2026-05-30 11:00:00,45,45,28,,59,63,0,26,,,,,
Bekasi,Bekasi Kayuringin,2026-05-29 08:00:00,-,95,48,,48,13,0,2,,,,,
Jakarta,The Pakubuwono Menteng,2026-05-30 11:27:54,168,168,69,153,,,,,44,33.4,,,
Depok,Cinere - Nafas,2026-05-28 01:30:22,-,72,22,50,,,,,57,26.9,,,
Bogor,Kabupaten Bogor Leuwiliang,2026-05-30 11:00:00,71,70,35,,4,10,0,71,,,,,
Tangerang,Tangerang Pasir Jaya,2026-05-30 11:00:00,45,45,28,,59,63,0,26,,,,,
Bekasi,Bekasi Kayuringin,2026-05-29 08:00:00,-,95,48,,48,13,0,2,,,,,
Jakarta,The Pakubuwono Menteng,2026-05-30 11:27:54,168,168,69,153,,,,,44,33.4,,,
Depok,Cinere - Nafas,2026-05-28 01:30:22,-,72,22,50,,,,,57,26.9,,,
Bogor,Kabupaten Bogor Leuwiliang,2026-05-30 11:00:00,71,70,35,,4,10,0,71,,,,,
Tangerang,Tangerang Pasir Jaya,2026-05-30 11:00:00,45,45,28,,59,63,0,26,,,,,
Bekasi,Bekasi Kayuringin,2026-05-29 08:00:00,-,95,48,,48,13,0,2,,,,,
Jakarta,The Pakubuwono Menteng,2026-05-30 11:30:54,170,170,70,155,,,,,44,33.4,,,
Depok,Cinere - Nafas,2026-05-28 01:30:22,-,72,22,50,,,,,57,26.9,,,
Bogor,Kabupaten Bogor Leuwiliang,2026-05-30 11:00:00,71,70,35,,4,10,0,71,,,,,
Tangerang,Tangerang Pasir Jaya,2026-05-30 11:00:00,45,45,28,,59,63,0,26,,,,,
Bekasi,Bekasi Kayuringin,2026-05-29 08:00:00,-,95,48,,48,13,0,2,,,,,
Jakarta,The Pakubuwono Menteng,2026-05-30 11:30:54,170,170,70,155,,,,,44,33.4,,,
Depok,Cinere - Nafas,2026-05-28 01:30:22,-,72,22,50,,,,,57,26.9,,,
Bogor,Kabupaten Bogor Leuwiliang,2026-05-30 11:00:00,71,70,35,,4,10,0,71,,,,,
Tangerang,Tangerang Pasir Jaya,2026-05-30 11:00:00,45,45,28,,59,63,0,26,,,,,
Bekasi,Bekasi Kayuringin,2026-05-29 08:00:00,-,95,48,,48,13,0,2,,,,,
Jakarta,The Pakubuwono Menteng,2026-05-30 11:33:54,169,169,71,154,,,,,45,33.4,,,
Depok,Cinere - Nafas,2026-05-28 01:30:22,-,72,22,50,,,,,57,26.9,,,
Bogor,Kabupaten Bogor Leuwiliang,2026-05-30 11:00:00,71,70,35,,4,10,0,71,,,,,
Tangerang,Tangerang Pasir Jaya,2026-05-30 11:00:00,45,45,28,,59,63,0,26,,,,,
Bekasi,Bekasi Kayuringin,2026-05-29 08:00:00,-,95,48,,48,13,0,2,,,,,
Jakarta,The Pakubuwono Menteng,2026-05-30 11:33:54,169,169,71,154,,,,,45,33.4,,,
Depok,Cinere - Nafas,2026-05-28 01:30:22,-,72,22,50,,,,,57,26.9,,,
Bogor,Kabupaten Bogor Leuwiliang,2026-05-30 11:00:00,71,70,35,,4,10,0,71,,,,,
Tangerang,Tangerang Pasir Jaya,2026-05-30 11:00:00,45,45,28,,59,63,0,26,,,,,
Bekasi,Bekasi Kayuringin,2026-05-29 08:00:00,-,95,48,,48,13,0,2,,,,,
Jakarta,The Pakubuwono Menteng,2026-05-30 11:33:54,169,169,71,154,,,,,45,33.4,,,
Depok,Cinere - Nafas,2026-05-28 01:30:22,-,72,22,50,,,,,57,26.9,,,
Bogor,Kabupaten Bogor Leuwiliang,2026-05-30 11:00:00,71,70,35,,4,10,0,71,,,,,
Tangerang,Tangerang Pasir Jaya,2026-05-30 11:00:00,45,45,28,,59,63,0,26,,,,,
Bekasi,Bekasi Kayuringin,2026-05-29 08:00:00,-,95,48,,48,13,0,2,,,,,
Jakarta,The Pakubuwono Menteng,2026-05-30 11:35:54,165,165,67,151,,,,,45,33.5,,,
Depok,Cinere - Nafas,2026-05-28 01:30:22,-,72,22,50,,,,,57,26.9,,,
Bogor,Kabupaten Bogor Leuwiliang,2026-05-30 11:00:00,71,70,35,,4,10,0,71,,,,,
Tangerang,Tangerang Pasir Jaya,2026-05-30 11:00:00,45,45,28,,59,63,0,26,,,,,
Bekasi,Bekasi Kayuringin,2026-05-29 08:00:00,-,95,48,,48,13,0,2,,,,,
Jakarta,The Pakubuwono Menteng,2026-05-30 11:35:54,165,165,67,151,,,,,45,33.5,,,
Depok,Cinere - Nafas,2026-05-28 01:30:22,-,72,22,50,,,,,57,26.9,,,
Bogor,Kabupaten Bogor Leuwiliang,2026-05-30 11:00:00,71,70,35,,4,10,0,71,,,,,
Tangerang,Tangerang Pasir Jaya,2026-05-30 11:00:00,45,45,28,,59,63,0,26,,,,,
Bekasi,Bekasi Kayuringin,2026-05-29 08:00:00,-,95,48,,48,13,0,2,,,,,
Jakarta,The Pakubuwono Menteng,2026-05-30 11:38:54,169,169,70,154,,,,,44,33.59,,,
Depok,Cinere - Nafas,2026-05-28 01:30:22,-,72,22,50,,,,,57,26.9,,,
Bogor,Kabupaten Bogor Leuwiliang,2026-05-30 11:00:00,71,70,35,,4,10,0,71,,,,,
Tangerang,Tangerang Pasir Jaya,2026-05-30 11:00:00,45,45,28,,59,63,0,26,,,,,
Bekasi,Bekasi Kayuringin,2026-05-29 08:00:00,-,95,48,,48,13,0,2,,,,,
Jakarta,The Pakubuwono Menteng,2026-05-30 11:38:54,169,169,70,154,,,,,44,33.59,,,
Depok,Cinere - Nafas,2026-05-28 01:30:22,-,72,22,50,,,,,57,26.9,,,
Bogor,Kabupaten Bogor Leuwiliang,2026-05-30 11:00:00,71,70,35,,4,10,0,71,,,,,
Tangerang,Tangerang Pasir Jaya,2026-05-30 11:00:00,45,45,28,,59,63,0,26,,,,,
Bekasi,Bekasi Kayuringin,2026-05-29 08:00:00,-,95,48,,48,13,0,2,,,,,
Jakarta,The Pakubuwono Menteng,2026-05-30 11:41:54,171,171,73,155,,,,,44,33.59,,,
Depok,Cinere - Nafas,2026-05-28 01:30:22,-,72,22,50,,,,,57,26.9,,,
Bogor,Kabupaten Bogor Leuwiliang,2026-05-30 11:00:00,71,70,35,,4,10,0,71,,,,,
Tangerang,Tangerang Pasir Jaya,2026-05-30 11:00:00,45,45,28,,59,63,0,26,,,,,
Bekasi,Bekasi Kayuringin,2026-05-29 08:00:00,-,95,48,,48,13,0,2,,,,,
Jakarta,The Pakubuwono Menteng,2026-05-30 11:41:54,171,171,73,155,,,,,44,33.59,,,
Depok,Cinere - Nafas,2026-05-28 01:30:22,-,72,22,50,,,,,57,26.9,,,
Bogor,Kabupaten Bogor Leuwiliang,2026-05-30 11:00:00,71,70,35,,4,10,0,71,,,,,
Tangerang,Tangerang Pasir Jaya,2026-05-30 11:00:00,45,45,28,,59,63,0,26,,,,,
Bekasi,Bekasi Kayuringin,2026-05-29 08:00:00,-,95,48,,48,13,0,2,,,,,
Jakarta,The Pakubuwono Menteng,2026-05-30 11:41:54,171,171,73,155,,,,,44,33.59,,,
Depok,Cinere - Nafas,2026-05-28 01:30:22,-,72,22,50,,,,,57,26.9,,,
Bogor,Kabupaten Bogor Leuwiliang,2026-05-30 11:00:00,71,70,35,,4,10,0,71,,,,,
Tangerang,Tangerang Pasir Jaya,2026-05-30 11:00:00,45,45,28,,59,63,0,26,,,,,
Bekasi,Bekasi Kayuringin,2026-05-29 08:00:00,-,95,48,,48,13,0,2,,,,,
Jakarta,The Pakubuwono Menteng,2026-05-30 11:43:54,166,166,68,152,,,,,44,33.7,,,
Depok,Cinere - Nafas,2026-05-28 01:30:22,-,72,22,50,,,,,57,26.9,,,
Bogor,Kabupaten Bogor Leuwiliang,2026-05-30 11:00:00,71,70,35,,4,10,0,71,,,,,
Tangerang,Tangerang Pasir Jaya,2026-05-30 11:00:00,45,45,28,,59,63,0,26,,,,,
Bekasi,Bekasi Kayuringin,2026-05-29 08:00:00,-,95,48,,48,13,0,2,,,,,
Jakarta,The Pakubuwono Menteng,2026-05-30 11:43:54,166,166,68,152,,,,,44,33.7,,,
Depok,Cinere - Nafas,2026-05-28 01:30:22,-,72,22,50,,,,,57,26.9,,,
Bogor,Kabupaten Bogor Leuwiliang,2026-05-30 11:00:00,71,70,35,,4,10,0,71,,,,,
Tangerang,Tangerang Pasir Jaya,2026-05-30 11:00:00,45,45,28,,59,63,0,26,,,,,
Bekasi,Bekasi Kayuringin,2026-05-29 08:00:00,-,95,48,,48,13,0,2,,,,,
Jakarta,The Pakubuwono Menteng,2026-05-30 11:46:54,170,170,71,153,,,,,44,33.8,,,
Depok,Cinere - Nafas,2026-05-28 01:30:22,-,72,22,50,,,,,57,26.9,,,
Bogor,Kabupaten Bogor Leuwiliang,2026-05-30 11:00:00,71,70,35,,4,10,0,71,,,,,
Tangerang,Tangerang Pasir Jaya,2026-05-30 11:00:00,45,45,28,,59,63,0,26,,,,,
Bekasi,Bekasi Kayuringin,2026-05-29 08:00:00,-,95,48,,48,13,0,2,,,,,
Jakarta,The Pakubuwono Menteng,2026-05-30 11:46:54,170,170,71,153,,,,,44,33.8,,,
Depok,Cinere - Nafas,2026-05-28 01:30:22,-,72,22,50,,,,,57,26.9,,,
Bogor,Kabupaten Bogor Leuwiliang,2026-05-30 11:00:00,71,70,35,,4,10,0,71,,,,,
Tangerang,Tangerang Pasir Jaya,2026-05-30 11:00:00,45,45,28,,59,63,0,26,,,,,
Bekasi,Bekasi Kayuringin,2026-05-29 08:00:00,-,95,48,,48,13,0,2,,,,,
Jakarta,The Pakubuwono Menteng,2026-05-30 11:49:54,168,168,70,154,,,,,43,34.09,,,
Depok,Cinere - Nafas,2026-05-28 01:30:22,-,72,22,50,,,,,57,26.9,,,
Bogor,Kabupaten Bogor Leuwiliang,2026-05-30 11:00:00,71,70,35,,4,10,0,71,,,,,
Tangerang,Tangerang Pasir Jaya,2026-05-30 11:00:00,45,45,28,,59,63,0,26,,,,,
Bekasi,Bekasi Kayuringin,2026-05-29 08:00:00,-,95,48,,48,13,0,2,,,,,
Jakarta,The Pakubuwono Menteng,2026-05-30 11:49:54,168,168,70,154,,,,,43,34.09,,,
Depok,Cinere - Nafas,2026-05-28 01:30:22,-,72,22,50,,,,,57,26.9,,,
Bogor,Kabupaten Bogor Leuwiliang,2026-05-30 11:00:00,71,70,35,,4,10,0,71,,,,,
Tangerang,Tangerang Pasir Jaya,2026-05-30 11:00:00,45,45,28,,59,63,0,26,,,,,
Bekasi,Bekasi Kayuringin,2026-05-29 08:00:00,-,95,48,,48,13,0,2,,,,,
Jakarta,The Pakubuwono Menteng,2026-05-30 11:51:54,168,168,71,154,,,,,43,34.5,,,
Depok,Cinere - Nafas,2026-05-28 01:30:22,-,72,22,50,,,,,57,26.9,,,
Bogor,Kabupaten Bogor Leuwiliang,2026-05-30 11:00:00,71,70,35,,4,10,0,71,,,,,
Tangerang,Tangerang Pasir Jaya,2026-05-30 11:00:00,45,45,28,,59,63,0,26,,,,,
Bekasi,Bekasi Kayuringin,2026-05-29 08:00:00,-,95,48,,48,13,0,2,,,,,
Jakarta,The Pakubuwono Menteng,2026-05-30 11:51:54,168,168,71,154,,,,,43,34.5,,,
Depok,Cinere - Nafas,2026-05-28 01:30:22,-,72,22,50,,,,,57,26.9,,,
Bogor,Kabupaten Bogor Leuwiliang,2026-05-30 11:00:00,71,70,35,,4,10,0,71,,,,,
Tangerang,Tangerang Pasir Jaya,2026-05-30 11:00:00,45,45,28,,59,63,0,26,,,,,
Bekasi,Bekasi Kayuringin,2026-05-29 08:00:00,-,95,48,,48,13,0,2,,,,,
Jakarta,The Pakubuwono Menteng,2026-05-30 11:54:54,165,165,65,152,,,,,43,35,,,
Depok,Cinere - Nafas,2026-05-28 01:30:22,-,72,22,50,,,,,57,26.9,,,
Bogor,Kabupaten Bogor Leuwiliang,2026-05-30 11:00:00,71,70,35,,4,10,0,71,,,,,
Tangerang,Tangerang Pasir Jaya,2026-05-30 11:00:00,45,45,28,,59,63,0,26,,,,,
Bekasi,Bekasi Kayuringin,2026-05-29 08:00:00,-,95,48,,48,13,0,2,,,,,
Jakarta,The Pakubuwono Menteng,2026-05-30 11:54:54,165,165,65,152,,,,,43,35,,,
Depok,Cinere - Nafas,2026-05-28 01:30:22,-,72,22,50,,,,,57,26.9,,,
Bogor,Kabupaten Bogor Leuwiliang,2026-05-30 11:00:00,71,70,35,,4,10,0,71,,,,,
Tangerang,Tangerang Pasir Jaya,2026-05-30 11:00:00,45,45,28,,59,63,0,26,,,,,
Bekasi,Bekasi Kayuringin,2026-05-29 08:00:00,-,95,48,,48,13,0,2,,,,,
Jakarta,The Pakubuwono Menteng,2026-05-30 11:54:54,165,165,65,152,,,,,43,35,,,
Depok,Cinere - Nafas,2026-05-28 01:30:22,-,72,22,50,,,,,57,26.9,,,
Bogor,Kabupaten Bogor Leuwiliang,2026-05-30 11:00:00,71,70,35,,4,10,0,71,,,,,
Tangerang,Tangerang Pasir Jaya,2026-05-30 11:00:00,45,45,28,,59,63,0,26,,,,,
Bekasi,Bekasi Kayuringin,2026-05-29 08:00:00,-,95,48,,48,13,0,2,,,,,
Jakarta,The Pakubuwono Menteng,2026-05-30 11:57:55,164,164,67,151,,,,,41,35.59,,,
Depok,Cinere - Nafas,2026-05-28 01:30:22,-,72,22,50,,,,,57,26.9,,,
Bogor,Kabupaten Bogor Leuwiliang,2026-05-30 11:00:00,71,70,35,,4,10,0,71,,,,,
Tangerang,Tangerang Pasir Jaya,2026-05-30 11:00:00,45,45,28,,59,63,0,26,,,,,
Bekasi,Bekasi Kayuringin,2026-05-29 08:00:00,-,95,48,,48,13,0,2,,,,,
Jakarta,The Pakubuwono Menteng,2026-05-30 11:59:55,163,163,65,151,,,,,41,35.9,,,
Depok,Cinere - Nafas,2026-05-28 01:30:22,-,72,22,50,,,,,57,26.9,,,
Bogor,Kabupaten Bogor Leuwiliang,2026-05-30 11:00:00,71,70,35,,4,10,0,71,,,,,
Tangerang,Tangerang Pasir Jaya,2026-05-30 11:00:00,45,45,28,,59,63,0,26,,,,,
Bekasi,Bekasi Kayuringin,2026-05-29 08:00:00,-,95,48,,48,13,0,2,,,,,
Jakarta,The Pakubuwono Menteng,2026-05-30 12:01:55,163,163,64,151,,,,,41,36.2,,,
Depok,Cinere - Nafas,2026-05-28 01:30:22,-,72,22,50,,,,,57,26.9,,,
Bogor,Kabupaten Bogor Leuwiliang,2026-05-30 12:00:00,71,70,35,,4,10,0,71,,,,,
Tangerang,Tangerang Pasir Jaya,2026-05-30 12:00:00,45,45,28,,59,63,0,26,,,,,
Bekasi,Bekasi Kayuringin,2026-05-29 08:00:00,-,95,48,,48,13,0,2,,,,,
Jakarta,The Pakubuwono Menteng,2026-05-30 12:01:55,163,163,64,151,,,,,41,36.2,,,
Depok,Cinere - Nafas,2026-05-28 01:30:22,-,72,22,50,,,,,57,26.9,,,
Bogor,Kabupaten Bogor Leuwiliang,2026-05-30 12:00:00,71,70,35,,4,10,0,71,,,,,
Tangerang,Tangerang Pasir Jaya,2026-05-30 12:00:00,45,45,28,,59,63,0,26,,,,,
Bekasi,Bekasi Kayuringin,2026-05-29 08:00:00,-,95,48,,48,13,0,2,,,,,
Jakarta,The Pakubuwono Menteng,2026-05-30 12:03:55,162,162,62,150,,,,,40,36.4,,,
Depok,Cinere - Nafas,2026-05-28 01:30:22,-,72,22,50,,,,,57,26.9,,,
Bogor,Kabupaten Bogor Leuwiliang,2026-05-30 12:00:00,71,70,35,,4,10,0,71,,,,,
Tangerang,Tangerang Pasir Jaya,2026-05-30 12:00:00,45,45,28,,59,63,0,26,,,,,
Bekasi,Bekasi Kayuringin,2026-05-29 08:00:00,-,95,48,,48,13,0,2,,,,,
Jakarta,The Pakubuwono Menteng,2026-05-30 12:03:55,162,162,62,150,,,,,40,36.4,,,
Depok,Cinere - Nafas,2026-05-28 01:30:22,-,72,22,50,,,,,57,26.9,,,
Bogor,Kabupaten Bogor Leuwiliang,2026-05-30 12:00:00,71,70,35,,4,10,0,71,,,,,
Tangerang,Tangerang Pasir Jaya,2026-05-30 12:00:00,45,45,28,,59,63,0,26,,,,,
Bekasi,Bekasi Kayuringin,2026-05-29 08:00:00,-,95,48,,48,13,0,2,,,,,
Jakarta,The Pakubuwono Menteng,2026-05-30 12:05:55,163,163,64,151,,,,,39,36.5,,,
Depok,Cinere - Nafas,2026-05-28 01:30:22,-,72,22,50,,,,,57,26.9,,,
Bogor,Kabupaten Bogor Leuwiliang,2026-05-30 12:00:00,71,70,35,,4,10,0,71,,,,,
Tangerang,Tangerang Pasir Jaya,2026-05-30 12:00:00,45,45,28,,59,63,0,26,,,,,
Bekasi,Bekasi Kayuringin,2026-05-29 08:00:00,-,95,48,,48,13,0,2,,,,,
Jakarta,The Pakubuwono Menteng,2026-05-30 12:05:55,163,163,64,151,,,,,39,36.5,,,
Depok,Cinere - Nafas,2026-05-28 01:30:22,-,72,22,50,,,,,57,26.9,,,
Bogor,Kabupaten Bogor Leuwiliang,2026-05-30 12:00:00,71,70,35,,4,10,0,71,,,,,
Tangerang,Tangerang Pasir Jaya,2026-05-30 12:00:00,45,45,28,,59,63,0,26,,,,,
Bekasi,Bekasi Kayuringin,2026-05-29 08:00:00,-,95,48,,48,13,0,2,,,,,
Jakarta,The Pakubuwono Menteng,2026-05-30 12:05:55,163,163,64,151,,,,,39,36.5,,,
Depok,Cinere - Nafas,2026-05-28 01:30:22,-,72,22,50,,,,,57,26.9,,,
Bogor,Kabupaten Bogor Leuwiliang,2026-05-30 12:00:00,71,70,35,,4,10,0,71,,,,,
Tangerang,Tangerang Pasir Jaya,2026-05-30 12:00:00,45,45,28,,59,63,0,26,,,,,
Bekasi,Bekasi Kayuringin,2026-05-29 08:00:00,-,95,48,,48,13,0,2,,,,,
Jakarta,The Pakubuwono Menteng,2026-05-30 12:08:55,162,162,64,149,,,,,39,36.4,,,
Depok,Cinere - Nafas,2026-05-28 01:30:22,-,72,22,50,,,,,57,26.9,,,
Bogor,Kabupaten Bogor Leuwiliang,2026-05-30 12:00:00,71,70,35,,4,10,0,71,,,,,
Tangerang,Tangerang Pasir Jaya,2026-05-30 12:00:00,45,45,28,,59,63,0,26,,,,,
Bekasi,Bekasi Kayuringin,2026-05-29 08:00:00,-,95,48,,48,13,0,2,,,,,
Jakarta,The Pakubuwono Menteng,2026-05-30 12:08:55,162,162,64,149,,,,,39,36.4,,,
Depok,Cinere - Nafas,2026-05-28 01:30:22,-,72,22,50,,,,,57,26.9,,,
Bogor,Kabupaten Bogor Leuwiliang,2026-05-30 12:00:00,71,70,35,,4,10,0,71,,,,,
Tangerang,Tangerang Pasir Jaya,2026-05-30 12:00:00,45,45,28,,59,63,0,26,,,,,
Bekasi,Bekasi Kayuringin,2026-05-29 08:00:00,-,95,48,,48,13,0,2,,,,,
Jakarta,The Pakubuwono Menteng,2026-05-30 12:12:55,165,165,66,151,,,,,38,36.2,,,
Depok,Cinere - Nafas,2026-05-28 01:30:22,-,72,22,50,,,,,57,26.9,,,
Bogor,Kabupaten Bogor Leuwiliang,2026-05-30 12:00:00,71,70,35,,4,10,0,71,,,,,
Tangerang,Tangerang Pasir Jaya,2026-05-30 12:00:00,45,45,28,,59,63,0,26,,,,,
Bekasi,Bekasi Kayuringin,2026-05-29 08:00:00,-,95,48,,48,13,0,2,,,,,
Jakarta,The Pakubuwono Menteng,2026-05-30 12:12:55,165,165,66,151,,,,,38,36.2,,,
Depok,Cinere - Nafas,2026-05-28 01:30:22,-,72,22,50,,,,,57,26.9,,,
Bogor,Kabupaten Bogor Leuwiliang,2026-05-30 12:00:00,71,70,35,,4,10,0,71,,,,,
Tangerang,Tangerang Pasir Jaya,2026-05-30 12:00:00,45,45,28,,59,63,0,26,,,,,
Bekasi,Bekasi Kayuringin,2026-05-29 08:00:00,-,95,48,,48,13,0,2,,,,,
Jakarta,The Pakubuwono Menteng,2026-05-30 12:14:55,162,162,64,150,,,,,39,36,,,
Depok,Cinere - Nafas,2026-05-28 01:30:22,-,72,22,50,,,,,57,26.9,,,
Bogor,Kabupaten Bogor Leuwiliang,2026-05-30 12:00:00,71,70,35,,4,10,0,71,,,,,
Tangerang,Tangerang Pasir Jaya,2026-05-30 12:00:00,45,45,28,,59,63,0,26,,,,,
Bekasi,Bekasi Kayuringin,2026-05-29 08:00:00,-,95,48,,48,13,0,2,,,,,
Jakarta,The Pakubuwono Menteng,2026-05-30 12:14:55,162,162,64,150,,,,,39,36,,,
Depok,Cinere - Nafas,2026-05-28 01:30:22,-,72,22,50,,,,,57,26.9,,,
Bogor,Kabupaten Bogor Leuwiliang,2026-05-30 12:00:00,71,70,35,,4,10,0,71,,,,,
Tangerang,Tangerang Pasir Jaya,2026-05-30 12:00:00,45,45,28,,59,63,0,26,,,,,
Bekasi,Bekasi Kayuringin,2026-05-29 08:00:00,-,95,48,,48,13,0,2,,,,,
Jakarta,The Pakubuwono Menteng,2026-05-30 12:16:55,161,161,62,144,,,,,39,35.8,,,
Depok,Cinere - Nafas,2026-05-28 01:30:22,-,72,22,50,,,,,57,26.9,,,
Bogor,Kabupaten Bogor Leuwiliang,2026-05-30 12:00:00,71,70,35,,4,10,0,71,,,,,
Tangerang,Tangerang Pasir Jaya,2026-05-30 12:00:00,45,45,28,,59,63,0,26,,,,,
Bekasi,Bekasi Kayuringin,2026-05-29 08:00:00,-,95,48,,48,13,0,2,,,,,
Jakarta,The Pakubuwono Menteng,2026-05-30 12:16:55,161,161,62,144,,,,,39,35.8,,,
Depok,Cinere - Nafas,2026-05-28 01:30:22,-,72,22,50,,,,,57,26.9,,,
Bogor,Kabupaten Bogor Leuwiliang,2026-05-30 12:00:00,71,70,35,,4,10,0,71,,,,,
Tangerang,Tangerang Pasir Jaya,2026-05-30 12:00:00,45,45,28,,59,63,0,26,,,,,
Bekasi,Bekasi Kayuringin,2026-05-29 08:00:00,-,95,48,,48,13,0,2,,,,,
Jakarta,The Pakubuwono Menteng,2026-05-30 12:18:55,161,161,62,148,,,,,40,35.59,,,
Depok,Cinere - Nafas,2026-05-28 01:30:22,-,72,22,50,,,,,57,26.9,,,
Bogor,Kabupaten Bogor Leuwiliang,2026-05-30 12:00:00,71,70,35,,4,10,0,71,,,,,
Tangerang,Tangerang Pasir Jaya,2026-05-30 12:00:00,45,45,28,,59,63,0,26,,,,,
Bekasi,Bekasi Kayuringin,2026-05-29 08:00:00,-,95,48,,48,13,0,2,,,,,
Jakarta,The Pakubuwono Menteng,2026-05-30 12:18:55,161,161,62,148,,,,,40,35.59,,,
Depok,Cinere - Nafas,2026-05-28 01:30:22,-,72,22,50,,,,,57,26.9,,,
Bogor,Kabupaten Bogor Leuwiliang,2026-05-30 12:00:00,71,70,35,,4,10,0,71,,,,,
Tangerang,Tangerang Pasir Jaya,2026-05-30 12:00:00,45,45,28,,59,63,0,26,,,,,
Bekasi,Bekasi Kayuringin,2026-05-29 08:00:00,-,95,48,,48,13,0,2,,,,,
Jakarta,The Pakubuwono Menteng,2026-05-30 12:21:55,163,163,64,150,,,,,41,35.3,,,
Depok,Cinere - Nafas,2026-05-28 01:30:22,-,72,22,50,,,,,57,26.9,,,
Bogor,Kabupaten Bogor Leuwiliang,2026-05-30 12:00:00,71,70,35,,4,10,0,71,,,,,
Tangerang,Tangerang Pasir Jaya,2026-05-30 12:00:00,45,45,28,,59,63,0,26,,,,,
Bekasi,Bekasi Kayuringin,2026-05-29 08:00:00,-,95,48,,48,13,0,2,,,,,
Jakarta,The Pakubuwono Menteng,2026-05-30 12:23:55,158,158,61,139,,,,,41,35.09,,,
Depok,Cinere - Nafas,2026-05-28 01:30:22,-,72,22,50,,,,,57,26.9,,,
Bogor,Kabupaten Bogor Leuwiliang,2026-05-30 12:00:00,71,70,35,,4,10,0,71,,,,,
Tangerang,Tangerang Pasir Jaya,2026-05-30 12:00:00,45,45,28,,59,63,0,26,,,,,
Bekasi,Bekasi Kayuringin,2026-05-29 08:00:00,-,95,48,,48,13,0,2,,,,,
Jakarta,The Pakubuwono Menteng,2026-05-30 12:23:55,158,158,61,139,,,,,41,35.09,,,
Depok,Cinere - Nafas,2026-05-28 01:30:22,-,72,22,50,,,,,57,26.9,,,
Bogor,Kabupaten Bogor Leuwiliang,2026-05-30 12:00:00,71,70,35,,4,10,0,71,,,,,
Tangerang,Tangerang Pasir Jaya,2026-05-30 12:00:00,45,45,28,,59,63,0,26,,,,,
Bekasi,Bekasi Kayuringin,2026-05-29 08:00:00,-,95,48,,48,13,0,2,,,,,
Jakarta,The Pakubuwono Menteng,2026-05-30 12:26:55,157,157,60,130,,,,,42,34.7,,,
Depok,Cinere - Nafas,2026-05-28 01:30:22,-,72,22,50,,,,,57,26.9,,,
Bogor,Kabupaten Bogor Leuwiliang,2026-05-30 12:00:00,71,70,35,,4,10,0,71,,,,,
Tangerang,Tangerang Pasir Jaya,2026-05-30 12:00:00,45,45,28,,59,63,0,26,,,,,
Bekasi,Bekasi Kayuringin,2026-05-29 08:00:00,-,95,48,,48,13,0,2,,,,,
Jakarta,The Pakubuwono Menteng,2026-05-30 12:26:55,157,157,60,130,,,,,42,34.7,,,
Depok,Cinere - Nafas,2026-05-28 01:30:22,-,72,22,50,,,,,57,26.9,,,
Bogor,Kabupaten Bogor Leuwiliang,2026-05-30 12:00:00,71,70,35,,4,10,0,71,,,,,
Tangerang,Tangerang Pasir Jaya,2026-05-30 12:00:00,45,45,28,,59,63,0,26,,,,,
Bekasi,Bekasi Kayuringin,2026-05-29 08:00:00,-,95,48,,48,13,0,2,,,,,
Jakarta,The Pakubuwono Menteng,2026-05-30 12:28:55,156,156,60,130,,,,,43,34.59,,,
Depok,Cinere - Nafas,2026-05-28 01:30:22,-,72,22,50,,,,,57,26.9,,,
Bogor,Kabupaten Bogor Leuwiliang,2026-05-30 12:00:00,71,70,35,,4,10,0,71,,,,,
Tangerang,Tangerang Pasir Jaya,2026-05-30 12:00:00,45,45,28,,59,63,0,26,,,,,
Bekasi,Bekasi Kayuringin,2026-05-29 08:00:00,-,95,48,,48,13,0,2,,,,,
Jakarta,The Pakubuwono Menteng,2026-05-30 12:28:55,156,156,60,130,,,,,43,34.59,,,
Depok,Cinere - Nafas,2026-05-28 01:30:22,-,72,22,50,,,,,57,26.9,,,
Bogor,Kabupaten Bogor Leuwiliang,2026-05-30 12:00:00,71,70,35,,4,10,0,71,,,,,
Tangerang,Tangerang Pasir Jaya,2026-05-30 12:00:00,45,45,28,,59,63,0,26,,,,,
Bekasi,Bekasi Kayuringin,2026-05-29 08:00:00,-,95,48,,48,13,0,2,,,,,
Jakarta,The Pakubuwono Menteng,2026-05-30 12:30:55,157,157,60,131,,,,,42,34.5,,,
Depok,Cinere - Nafas,2026-05-28 01:30:22,-,72,22,50,,,,,57,26.9,,,
Bogor,Kabupaten Bogor Leuwiliang,2026-05-30 12:00:00,71,70,35,,4,10,0,71,,,,,
Tangerang,Tangerang Pasir Jaya,2026-05-30 12:00:00,45,45,28,,59,63,0,26,,,,,
Bekasi,Bekasi Kayuringin,2026-05-29 08:00:00,-,95,48,,48,13,0,2,,,,,
Jakarta,The Pakubuwono Menteng,2026-05-30 12:30:55,157,157,60,131,,,,,42,34.5,,,
Depok,Cinere - Nafas,2026-05-28 01:30:22,-,72,22,50,,,,,57,26.9,,,
Bogor,Kabupaten Bogor Leuwiliang,2026-05-30 12:00:00,71,70,35,,4,10,0,71,,,,,
Tangerang,Tangerang Pasir Jaya,2026-05-30 12:00:00,45,45,28,,59,63,0,26,,,,,
Bekasi,Bekasi Kayuringin,2026-05-29 08:00:00,-,95,48,,48,13,0,2,,,,,
Jakarta,The Pakubuwono Menteng,2026-05-30 12:32:55,156,156,59,125,,,,,42,34.4,,,
Depok,Cinere - Nafas,2026-05-28 01:30:22,-,72,22,50,,,,,57,26.9,,,
Bogor,Kabupaten Bogor Leuwiliang,2026-05-30 12:00:00,71,70,35,,4,10,0,71,,,,,
Tangerang,Tangerang Pasir Jaya,2026-05-30 12:00:00,45,45,28,,59,63,0,26,,,,,
Bekasi,Bekasi Kayuringin,2026-05-29 08:00:00,-,95,48,,48,13,0,2,,,,,
Jakarta,The Pakubuwono Menteng,2026-05-30 12:34:55,154,154,59,120,,,,,42,34.3,,,
Depok,Cinere - Nafas,2026-05-28 01:30:22,-,72,22,50,,,,,57,26.9,,,
Bogor,Kabupaten Bogor Leuwiliang,2026-05-30 12:00:00,71,70,35,,4,10,0,71,,,,,
Tangerang,Tangerang Pasir Jaya,2026-05-30 12:00:00,45,45,28,,59,63,0,26,,,,,
Bekasi,Bekasi Kayuringin,2026-05-29 08:00:00,-,95,48,,48,13,0,2,,,,,
Jakarta,The Pakubuwono Menteng,2026-05-30 12:34:55,154,154,59,120,,,,,42,34.3,,,
Depok,Cinere - Nafas,2026-05-28 01:30:22,-,72,22,50,,,,,57,26.9,,,
Bogor,Kabupaten Bogor Leuwiliang,2026-05-30 12:00:00,71,70,35,,4,10,0,71,,,,,
Tangerang,Tangerang Pasir Jaya,2026-05-30 12:00:00,45,45,28,,59,63,0,26,,,,,
Bekasi,Bekasi Kayuringin,2026-05-29 08:00:00,-,95,48,,48,13,0,2,,,,,
Jakarta,The Pakubuwono Menteng,2026-05-30 12:36:56,153,153,59,121,,,,,42,34.2,,,
Depok,Cinere - Nafas,2026-05-28 01:30:22,-,72,22,50,,,,,57,26.9,,,
Bogor,Kabupaten Bogor Leuwiliang,2026-05-30 12:00:00,71,70,35,,4,10,0,71,,,,,
Tangerang,Tangerang Pasir Jaya,2026-05-30 12:00:00,45,45,28,,59,63,0,26,,,,,
Bekasi,Bekasi Kayuringin,2026-05-29 08:00:00,-,95,48,,48,13,0,2,,,,,
Jakarta,The Pakubuwono Menteng,2026-05-30 12:36:56,153,153,59,121,,,,,42,34.2,,,
Depok,Cinere - Nafas,2026-05-28 01:30:22,-,72,22,50,,,,,57,26.9,,,
Bogor,Kabupaten Bogor Leuwiliang,2026-05-30 12:00:00,71,70,35,,4,10,0,71,,,,,
Tangerang,Tangerang Pasir Jaya,2026-05-30 12:00:00,45,45,28,,59,63,0,26,,,,,
Bekasi,Bekasi Kayuringin,2026-05-29 08:00:00,-,95,48,,48,13,0,2,,,,,
Jakarta,The Pakubuwono Menteng,2026-05-30 12:39:56,153,153,58,115,,,,,42,34.09,,,
Depok,Cinere - Nafas,2026-05-28 01:30:22,-,72,22,50,,,,,57,26.9,,,
Bogor,Kabupaten Bogor Leuwiliang,2026-05-30 12:00:00,71,70,35,,4,10,0,71,,,,,
Tangerang,Tangerang Pasir Jaya,2026-05-30 12:00:00,45,45,28,,59,63,0,26,,,,,
Bekasi,Bekasi Kayuringin,2026-05-29 08:00:00,-,95,48,,48,13,0,2,,,,,
Jakarta,The Pakubuwono Menteng,2026-05-30 12:39:56,153,153,58,115,,,,,42,34.09,,,
Depok,Cinere - Nafas,2026-05-28 01:30:22,-,72,22,50,,,,,57,26.9,,,
Bogor,Kabupaten Bogor Leuwiliang,2026-05-30 12:00:00,71,70,35,,4,10,0,71,,,,,
Tangerang,Tangerang Pasir Jaya,2026-05-30 12:00:00,45,45,28,,59,63,0,26,,,,,
Bekasi,Bekasi Kayuringin,2026-05-29 08:00:00,-,95,48,,48,13,0,2,,,,,
Jakarta,The Pakubuwono Menteng,2026-05-30 12:41:56,152,152,58,118,,,,,42,34,,,
Depok,Cinere - Nafas,2026-05-28 01:30:22,-,72,22,50,,,,,57,26.9,,,
Bogor,Kabupaten Bogor Leuwiliang,2026-05-30 12:00:00,71,70,35,,4,10,0,71,,,,,
Tangerang,Tangerang Pasir Jaya,2026-05-30 12:00:00,45,45,28,,59,63,0,26,,,,,
Bekasi,Bekasi Kayuringin,2026-05-29 08:00:00,-,95,48,,48,13,0,2,,,,,
Jakarta,The Pakubuwono Menteng,2026-05-30 12:41:56,152,152,58,118,,,,,42,34,,,
Depok,Cinere - Nafas,2026-05-28 01:30:22,-,72,22,50,,,,,57,26.9,,,
Bogor,Kabupaten Bogor Leuwiliang,2026-05-30 12:00:00,71,70,35,,4,10,0,71,,,,,
Tangerang,Tangerang Pasir Jaya,2026-05-30 12:00:00,45,45,28,,59,63,0,26,,,,,
Bekasi,Bekasi Kayuringin,2026-05-29 08:00:00,-,95,48,,48,13,0,2,,,,,
Jakarta,The Pakubuwono Menteng,2026-05-30 12:42:56,152,152,57,116,,,,,42,34,,,
Depok,Cinere - Nafas,2026-05-28 01:30:22,-,72,22,50,,,,,57,26.9,,,
Bogor,Kabupaten Bogor Leuwiliang,2026-05-30 12:00:00,71,70,35,,4,10,0,71,,,,,
Tangerang,Tangerang Pasir Jaya,2026-05-30 12:00:00,45,45,28,,59,63,0,26,,,,,
Bekasi,Bekasi Kayuringin,2026-05-29 08:00:00,-,95,48,,48,13,0,2,,,,,
Jakarta,The Pakubuwono Menteng,2026-05-30 12:43:56,154,154,59,120,,,,,43,34,,,
Depok,Cinere - Nafas,2026-05-28 01:30:22,-,72,22,50,,,,,57,26.9,,,
Bogor,Kabupaten Bogor Leuwiliang,2026-05-30 12:00:00,71,70,35,,4,10,0,71,,,,,
Tangerang,Tangerang Pasir Jaya,2026-05-30 12:00:00,45,45,28,,59,63,0,26,,,,,
Bekasi,Bekasi Kayuringin,2026-05-29 08:00:00,-,95,48,,48,13,0,2,,,,,
Jakarta,The Pakubuwono Menteng,2026-05-30 12:43:56,154,154,59,120,,,,,43,34,,,
Depok,Cinere - Nafas,2026-05-28 01:30:22,-,72,22,50,,,,,57,26.9,,,
Bogor,Kabupaten Bogor Leuwiliang,2026-05-30 12:00:00,71,70,35,,4,10,0,71,,,,,
Tangerang,Tangerang Pasir Jaya,2026-05-30 12:00:00,45,45,28,,59,63,0,26,,,,,
Bekasi,Bekasi Kayuringin,2026-05-29 08:00:00,-,95,48,,48,13,0,2,,,,,
Jakarta,The Pakubuwono Menteng,2026-05-30 12:47:56,151,151,57,112,,,,,44,34.3,,,
Depok,Cinere - Nafas,2026-05-28 01:30:22,-,72,22,50,,,,,57,26.9,,,
Bogor,Kabupaten Bogor Leuwiliang,2026-05-30 12:00:00,71,70,35,,4,10,0,71,,,,,
Tangerang,Tangerang Pasir Jaya,2026-05-30 12:00:00,45,45,28,,59,63,0,26,,,,,
Bekasi,Bekasi Kayuringin,2026-05-29 08:00:00,-,95,48,,48,13,0,2,,,,,
Jakarta,The Pakubuwono Menteng,2026-05-30 12:47:56,151,151,57,112,,,,,44,34.3,,,
Depok,Cinere - Nafas,2026-05-28 01:30:22,-,72,22,50,,,,,57,26.9,,,
Bogor,Kabupaten Bogor Leuwiliang,2026-05-30 12:00:00,71,70,35,,4,10,0,71,,,,,
Tangerang,Tangerang Pasir Jaya,2026-05-30 12:00:00,45,45,28,,59,63,0,26,,,,,
Bekasi,Bekasi Kayuringin,2026-05-29 08:00:00,-,95,48,,48,13,0,2,,,,,
Jakarta,The Pakubuwono Menteng,2026-05-30 12:49:56,152,152,57,112,,,,,43,34.59,,,
Depok,Cinere - Nafas,2026-05-28 01:30:22,-,72,22,50,,,,,57,26.9,,,
Bogor,Kabupaten Bogor Leuwiliang,2026-05-30 12:00:00,71,70,35,,4,10,0,71,,,,,
Tangerang,Tangerang Pasir Jaya,2026-05-30 12:00:00,45,45,28,,59,63,0,26,,,,,
Bekasi,Bekasi Kayuringin,2026-05-29 08:00:00,-,95,48,,48,13,0,2,,,,,
Jakarta,The Pakubuwono Menteng,2026-05-30 12:49:56,152,152,57,112,,,,,43,34.59,,,
Depok,Cinere - Nafas,2026-05-28 01:30:22,-,72,22,50,,,,,57,26.9,,,
Bogor,Kabupaten Bogor Leuwiliang,2026-05-30 12:00:00,71,70,35,,4,10,0,71,,,,,
Tangerang,Tangerang Pasir Jaya,2026-05-30 12:00:00,45,45,28,,59,63,0,26,,,,,
Bekasi,Bekasi Kayuringin,2026-05-29 08:00:00,-,95,48,,48,13,0,2,,,,,
Jakarta,The Pakubuwono Menteng,2026-05-30 12:51:56,151,151,57,111,,,,,42,35,,,
Depok,Cinere - Nafas,2026-05-28 01:30:22,-,72,22,50,,,,,57,26.9,,,
Bogor,Kabupaten Bogor Leuwiliang,2026-05-30 12:00:00,71,70,35,,4,10,0,71,,,,,
Tangerang,Tangerang Pasir Jaya,2026-05-30 12:00:00,45,45,28,,59,63,0,26,,,,,
Bekasi,Bekasi Kayuringin,2026-05-29 08:00:00,-,95,48,,48,13,0,2,,,,,
Jakarta,The Pakubuwono Menteng,2026-05-30 12:51:56,151,151,57,111,,,,,42,35,,,
Depok,Cinere - Nafas,2026-05-28 01:30:22,-,72,22,50,,,,,57,26.9,,,
Bogor,Kabupaten Bogor Leuwiliang,2026-05-30 12:00:00,71,70,35,,4,10,0,71,,,,,
Tangerang,Tangerang Pasir Jaya,2026-05-30 12:00:00,45,45,28,,59,63,0,26,,,,,
Bekasi,Bekasi Kayuringin,2026-05-29 08:00:00,-,95,48,,48,13,0,2,,,,,
Jakarta,The Pakubuwono Menteng,2026-05-30 12:53:56,152,152,57,116,,,,,41,35.3,,,
Depok,Cinere - Nafas,2026-05-28 01:30:22,-,72,22,50,,,,,57,26.9,,,
Bogor,Kabupaten Bogor Leuwiliang,2026-05-30 12:00:00,71,70,35,,4,10,0,71,,,,,
Tangerang,Tangerang Pasir Jaya,2026-05-30 12:00:00,45,45,28,,59,63,0,26,,,,,
Bekasi,Bekasi Kayuringin,2026-05-29 08:00:00,-,95,48,,48,13,0,2,,,,,
Jakarta,The Pakubuwono Menteng,2026-05-30 12:56:56,153,153,58,114,,,,,40,35.5,,,
Depok,Cinere - Nafas,2026-05-28 01:30:22,-,72,22,50,,,,,57,26.9,,,
Bogor,Kabupaten Bogor Leuwiliang,2026-05-30 12:00:00,71,70,35,,4,10,0,71,,,,,
Tangerang,Tangerang Pasir Jaya,2026-05-30 12:00:00,45,45,28,,59,63,0,26,,,,,
Bekasi,Bekasi Kayuringin,2026-05-29 08:00:00,-,95,48,,48,13,0,2,,,,,
Jakarta,The Pakubuwono Menteng,2026-05-30 12:56:56,153,153,58,114,,,,,40,35.5,,,
Depok,Cinere - Nafas,2026-05-28 01:30:22,-,72,22,50,,,,,57,26.9,,,
Bogor,Kabupaten Bogor Leuwiliang,2026-05-30 12:00:00,71,70,35,,4,10,0,71,,,,,
Tangerang,Tangerang Pasir Jaya,2026-05-30 12:00:00,45,45,28,,59,63,0,26,,,,,
Bekasi,Bekasi Kayuringin,2026-05-29 08:00:00,-,95,48,,48,13,0,2,,,,,
Jakarta,The Pakubuwono Menteng,2026-05-30 12:56:56,153,153,58,114,,,,,40,35.5,,,
Depok,Cinere - Nafas,2026-05-28 01:30:22,-,72,22,50,,,,,57,26.9,,,
Bogor,Kabupaten Bogor Leuwiliang,2026-05-30 12:00:00,71,70,35,,4,10,0,71,,,,,
Tangerang,Tangerang Pasir Jaya,2026-05-30 12:00:00,45,45,28,,59,63,0,26,,,,,
Bekasi,Bekasi Kayuringin,2026-05-29 08:00:00,-,95,48,,48,13,0,2,,,,,
Jakarta,The Pakubuwono Menteng,2026-05-30 12:58:56,153,153,58,116,,,,,39,35.5,,,
Depok,Cinere - Nafas,2026-05-28 01:30:22,-,72,22,50,,,,,57,26.9,,,
Bogor,Kabupaten Bogor Leuwiliang,2026-05-30 12:00:00,71,70,35,,4,10,0,71,,,,,
Tangerang,Tangerang Pasir Jaya,2026-05-30 12:00:00,45,45,28,,59,63,0,26,,,,,
Bekasi,Bekasi Kayuringin,2026-05-29 08:00:00,-,95,48,,48,13,0,2,,,,,
Jakarta,The Pakubuwono Menteng,2026-05-30 12:58:56,153,153,58,116,,,,,39,35.5,,,
Depok,Cinere - Nafas,2026-05-28 01:30:22,-,72,22,50,,,,,57,26.9,,,
Bogor,Kabupaten Bogor Leuwiliang,2026-05-30 12:00:00,71,70,35,,4,10,0,71,,,,,
Tangerang,Tangerang Pasir Jaya,2026-05-30 12:00:00,45,45,28,,59,63,0,26,,,,,
Bekasi,Bekasi Kayuringin,2026-05-29 08:00:00,-,95,48,,48,13,0,2,,,,,
Jakarta,The Pakubuwono Menteng,2026-05-30 13:00:56,154,154,59,118,,,,,39,35.7,,,
Depok,Cinere - Nafas,2026-05-28 01:30:22,-,72,22,50,,,,,57,26.9,,,
Bogor,Kabupaten Bogor Leuwiliang,2026-05-30 12:00:00,71,70,35,,4,10,0,71,,,,,
Tangerang,Tangerang Pasir Jaya,2026-05-30 12:00:00,45,45,28,,59,63,0,26,,,,,
Bekasi,Bekasi Kayuringin,2026-05-29 08:00:00,-,95,48,,48,13,0,2,,,,,
Jakarta,The Pakubuwono Menteng,2026-05-30 13:00:56,154,154,59,118,,,,,39,35.7,,,
Depok,Cinere - Nafas,2026-05-28 01:30:22,-,72,22,50,,,,,57,26.9,,,
Bogor,Kabupaten Bogor Leuwiliang,2026-05-30 12:00:00,71,70,35,,4,10,0,71,,,,,
Tangerang,Tangerang Pasir Jaya,2026-05-30 12:00:00,45,45,28,,59,63,0,26,,,,,
Bekasi,Bekasi Kayuringin,2026-05-29 08:00:00,-,95,48,,48,13,0,2,,,,,
Jakarta,The Pakubuwono Menteng,2026-05-30 13:03:56,152,152,57,119,,,,,39,35.8,,,
Depok,Cinere - Nafas,2026-05-28 01:30:22,-,72,22,50,,,,,57,26.9,,,
Bogor,Kabupaten Bogor Leuwiliang,2026-05-30 13:00:00,71,70,35,,4,10,0,71,,,,,
Tangerang,Tangerang Pasir Jaya,2026-05-30 13:00:00,45,45,28,,59,63,0,26,,,,,
Bekasi,Bekasi Kayuringin,2026-05-29 08:00:00,-,95,48,,48,13,0,2,,,,,
Jakarta,The Pakubuwono Menteng,2026-05-30 13:03:56,152,152,57,119,,,,,39,35.8,,,
Depok,Cinere - Nafas,2026-05-28 01:30:22,-,72,22,50,,,,,57,26.9,,,
Bogor,Kabupaten Bogor Leuwiliang,2026-05-30 13:00:00,71,70,35,,4,10,0,71,,,,,
Tangerang,Tangerang Pasir Jaya,2026-05-30 13:00:00,45,45,28,,59,63,0,26,,,,,
Bekasi,Bekasi Kayuringin,2026-05-29 08:00:00,-,95,48,,48,13,0,2,,,,,
Jakarta,The Pakubuwono Menteng,2026-05-30 13:05:56,152,152,58,115,,,,,39,35.9,,,
Depok,Cinere - Nafas,2026-05-28 01:30:22,-,72,22,50,,,,,57,26.9,,,
Bogor,Kabupaten Bogor Leuwiliang,2026-05-30 13:00:00,71,70,35,,4,10,0,71,,,,,
Tangerang,Tangerang Pasir Jaya,2026-05-30 13:00:00,45,45,28,,59,63,0,26,,,,,
Bekasi,Bekasi Kayuringin,2026-05-29 08:00:00,-,95,48,,48,13,0,2,,,,,
Jakarta,The Pakubuwono Menteng,2026-05-30 13:07:56,152,152,57,115,,,,,40,36,,,
Depok,Cinere - Nafas,2026-05-28 01:30:22,-,72,22,50,,,,,57,26.9,,,
Bogor,Kabupaten Bogor Leuwiliang,2026-05-30 13:00:00,71,70,35,,4,10,0,71,,,,,
Tangerang,Tangerang Pasir Jaya,2026-05-30 13:00:00,45,45,28,,59,63,0,26,,,,,
Bekasi,Bekasi Kayuringin,2026-05-29 08:00:00,-,95,48,,48,13,0,2,,,,,
Jakarta,The Pakubuwono Menteng,2026-05-30 13:07:56,152,152,57,115,,,,,40,36,,,
Depok,Cinere - Nafas,2026-05-28 01:30:22,-,72,22,50,,,,,57,26.9,,,
Bogor,Kabupaten Bogor Leuwiliang,2026-05-30 13:00:00,71,70,35,,4,10,0,71,,,,,
Tangerang,Tangerang Pasir Jaya,2026-05-30 13:00:00,45,45,28,,59,63,0,26,,,,,
Bekasi,Bekasi Kayuringin,2026-05-29 08:00:00,-,95,48,,48,13,0,2,,,,,
Jakarta,The Pakubuwono Menteng,2026-05-30 13:10:57,152,152,57,115,,,,,40,36.09,,,
Depok,Cinere - Nafas,2026-05-28 01:30:22,-,72,22,50,,,,,57,26.9,,,
Bogor,Kabupaten Bogor Leuwiliang,2026-05-30 13:00:00,71,70,35,,4,10,0,71,,,,,
Tangerang,Tangerang Pasir Jaya,2026-05-30 13:00:00,45,45,28,,59,63,0,26,,,,,
Bekasi,Bekasi Kayuringin,2026-05-29 08:00:00,-,95,48,,48,13,0,2,,,,,
Jakarta,The Pakubuwono Menteng,2026-05-30 13:10:57,152,152,57,115,,,,,40,36.09,,,
Depok,Cinere - Nafas,2026-05-28 01:30:22,-,72,22,50,,,,,57,26.9,,,
Bogor,Kabupaten Bogor Leuwiliang,2026-05-30 13:00:00,71,70,35,,4,10,0,71,,,,,
Tangerang,Tangerang Pasir Jaya,2026-05-30 13:00:00,45,45,28,,59,63,0,26,,,,,
Bekasi,Bekasi Kayuringin,2026-05-29 08:00:00,-,95,48,,48,13,0,2,,,,,
Jakarta,The Pakubuwono Menteng,2026-05-30 13:12:57,151,151,57,115,,,,,40,36.09,,,
Depok,Cinere - Nafas,2026-05-28 01:30:22,-,72,22,50,,,,,57,26.9,,,
Bogor,Kabupaten Bogor Leuwiliang,2026-05-30 13:00:00,71,70,35,,4,10,0,71,,,,,
Tangerang,Tangerang Pasir Jaya,2026-05-30 13:00:00,45,45,28,,59,63,0,26,,,,,
Bekasi,Bekasi Kayuringin,2026-05-29 08:00:00,-,95,48,,48,13,0,2,,,,,
Jakarta,The Pakubuwono Menteng,2026-05-30 13:12:57,151,151,57,115,,,,,40,36.09,,,
Depok,Cinere - Nafas,2026-05-28 01:30:22,-,72,22,50,,,,,57,26.9,,,
Bogor,Kabupaten Bogor Leuwiliang,2026-05-30 13:00:00,71,70,35,,4,10,0,71,,,,,
Tangerang,Tangerang Pasir Jaya,2026-05-30 13:00:00,45,45,28,,59,63,0,26,,,,,
Bekasi,Bekasi Kayuringin,2026-05-29 08:00:00,-,95,48,,48,13,0,2,,,,,
Jakarta,The Pakubuwono Menteng,2026-05-30 13:14:57,152,152,57,117,,,,,41,36.2,,,
Depok,Cinere - Nafas,2026-05-28 01:30:22,-,72,22,50,,,,,57,26.9,,,
Bogor,Kabupaten Bogor Leuwiliang,2026-05-30 13:00:00,71,70,35,,4,10,0,71,,,,,
Tangerang,Tangerang Pasir Jaya,2026-05-30 13:00:00,45,45,28,,59,63,0,26,,,,,
Bekasi,Bekasi Kayuringin,2026-05-29 08:00:00,-,95,48,,48,13,0,2,,,,,
Jakarta,The Pakubuwono Menteng,2026-05-30 13:16:57,151,151,57,111,,,,,40,36.09,,,
Depok,Cinere - Nafas,2026-05-28 01:30:22,-,72,22,50,,,,,57,26.9,,,
Bogor,Kabupaten Bogor Leuwiliang,2026-05-30 13:00:00,71,70,35,,4,10,0,71,,,,,
Tangerang,Tangerang Pasir Jaya,2026-05-30 13:00:00,45,45,28,,59,63,0,26,,,,,
Bekasi,Bekasi Kayuringin,2026-05-29 08:00:00,-,95,48,,48,13,0,2,,,,,
Jakarta,The Pakubuwono Menteng,2026-05-30 13:16:57,151,151,57,111,,,,,40,36.09,,,
Depok,Cinere - Nafas,2026-05-28 01:30:22,-,72,22,50,,,,,57,26.9,,,
Bogor,Kabupaten Bogor Leuwiliang,2026-05-30 13:00:00,71,70,35,,4,10,0,71,,,,,
Tangerang,Tangerang Pasir Jaya,2026-05-30 13:00:00,45,45,28,,59,63,0,26,,,,,
Bekasi,Bekasi Kayuringin,2026-05-29 08:00:00,-,95,48,,48,13,0,2,,,,,
Jakarta,The Pakubuwono Menteng,2026-05-30 13:19:57,153,153,58,118,,,,,41,36.09,,,
Depok,Cinere - Nafas,2026-05-28 01:30:22,-,72,22,50,,,,,57,26.9,,,
Bogor,Kabupaten Bogor Leuwiliang,2026-05-30 13:00:00,71,70,35,,4,10,0,71,,,,,
Tangerang,Tangerang Pasir Jaya,2026-05-30 13:00:00,45,45,28,,59,63,0,26,,,,,
Bekasi,Bekasi Kayuringin,2026-05-29 08:00:00,-,95,48,,48,13,0,2,,,,,
Jakarta,The Pakubuwono Menteng,2026-05-30 13:19:57,153,153,58,118,,,,,41,36.09,,,
Depok,Cinere - Nafas,2026-05-28 01:30:22,-,72,22,50,,,,,57,26.9,,,
Bogor,Kabupaten Bogor Leuwiliang,2026-05-30 13:00:00,71,70,35,,4,10,0,71,,,,,
Tangerang,Tangerang Pasir Jaya,2026-05-30 13:00:00,45,45,28,,59,63,0,26,,,,,
Bekasi,Bekasi Kayuringin,2026-05-29 08:00:00,-,95,48,,48,13,0,2,,,,,
Jakarta,The Pakubuwono Menteng,2026-05-30 13:19:57,153,153,58,118,,,,,41,36.09,,,
Depok,Cinere - Nafas,2026-05-28 01:30:22,-,72,22,50,,,,,57,26.9,,,
Bogor,Kabupaten Bogor Leuwiliang,2026-05-30 13:00:00,71,70,35,,4,10,0,71,,,,,
Tangerang,Tangerang Pasir Jaya,2026-05-30 13:00:00,45,45,28,,59,63,0,26,,,,,
Bekasi,Bekasi Kayuringin,2026-05-29 08:00:00,-,95,48,,48,13,0,2,,,,,
Jakarta,The Pakubuwono Menteng,2026-05-30 13:21:57,152,152,58,118,,,,,41,36,,,
Depok,Cinere - Nafas,2026-05-28 01:30:22,-,72,22,50,,,,,57,26.9,,,
Bogor,Kabupaten Bogor Leuwiliang,2026-05-30 13:00:00,71,70,35,,4,10,0,71,,,,,
Tangerang,Tangerang Pasir Jaya,2026-05-30 13:00:00,45,45,28,,59,63,0,26,,,,,
Bekasi,Bekasi Kayuringin,2026-05-29 08:00:00,-,95,48,,48,13,0,2,,,,,
Jakarta,The Pakubuwono Menteng,2026-05-30 13:21:57,152,152,58,118,,,,,41,36,,,
Depok,Cinere - Nafas,2026-05-28 01:30:22,-,72,22,50,,,,,57,26.9,,,
Bogor,Kabupaten Bogor Leuwiliang,2026-05-30 13:00:00,71,70,35,,4,10,0,71,,,,,
Tangerang,Tangerang Pasir Jaya,2026-05-30 13:00:00,45,45,28,,59,63,0,26,,,,,
Bekasi,Bekasi Kayuringin,2026-05-29 08:00:00,-,95,48,,48,13,0,2,,,,,
Jakarta,The Pakubuwono Menteng,2026-05-30 13:23:57,153,153,58,119,,,,,41,35.9,,,
Depok,Cinere - Nafas,2026-05-28 01:30:22,-,72,22,50,,,,,57,26.9,,,
Bogor,Kabupaten Bogor Leuwiliang,2026-05-30 13:00:00,71,70,35,,4,10,0,71,,,,,
Tangerang,Tangerang Pasir Jaya,2026-05-30 13:00:00,45,45,28,,59,63,0,26,,,,,
Bekasi,Bekasi Kayuringin,2026-05-29 08:00:00,-,95,48,,48,13,0,2,,,,,
Jakarta,The Pakubuwono Menteng,2026-05-30 13:23:57,153,153,58,119,,,,,41,35.9,,,
Depok,Cinere - Nafas,2026-05-28 01:30:22,-,72,22,50,,,,,57,26.9,,,
Bogor,Kabupaten Bogor Leuwiliang,2026-05-30 13:00:00,71,70,35,,4,10,0,71,,,,,
Tangerang,Tangerang Pasir Jaya,2026-05-30 13:00:00,45,45,28,,59,63,0,26,,,,,
Bekasi,Bekasi Kayuringin,2026-05-29 08:00:00,-,95,48,,48,13,0,2,,,,,
Jakarta,The Pakubuwono Menteng,2026-05-30 13:26:57,153,153,58,118,,,,,42,35.59,,,
Depok,Cinere - Nafas,2026-05-28 01:30:22,-,72,22,50,,,,,57,26.9,,,
Bogor,Kabupaten Bogor Leuwiliang,2026-05-30 13:00:00,71,70,35,,4,10,0,71,,,,,
Tangerang,Tangerang Pasir Jaya,2026-05-30 13:00:00,45,45,28,,59,63,0,26,,,,,
Bekasi,Bekasi Kayuringin,2026-05-29 08:00:00,-,95,48,,48,13,0,2,,,,,
Jakarta,The Pakubuwono Menteng,2026-05-30 13:28:57,154,154,58,121,,,,,42,35.4,,,
Depok,Cinere - Nafas,2026-05-28 01:30:22,-,72,22,50,,,,,57,26.9,,,
Bogor,Kabupaten Bogor Leuwiliang,2026-05-30 13:00:00,71,70,35,,4,10,0,71,,,,,
Tangerang,Tangerang Pasir Jaya,2026-05-30 13:00:00,45,45,28,,59,63,0,26,,,,,
Bekasi,Bekasi Kayuringin,2026-05-29 08:00:00,-,95,48,,48,13,0,2,,,,,
Jakarta,The Pakubuwono Menteng,2026-05-30 13:28:57,154,154,58,121,,,,,42,35.4,,,
Depok,Cinere - Nafas,2026-05-28 01:30:22,-,72,22,50,,,,,57,26.9,,,
Bogor,Kabupaten Bogor Leuwiliang,2026-05-30 13:00:00,71,70,35,,4,10,0,71,,,,,
Tangerang,Tangerang Pasir Jaya,2026-05-30 13:00:00,45,45,28,,59,63,0,26,,,,,
Bekasi,Bekasi Kayuringin,2026-05-29 08:00:00,-,95,48,,48,13,0,2,,,,,
Jakarta,The Pakubuwono Menteng,2026-05-30 13:30:57,153,153,58,118,,,,,42,35.3,,,
Depok,Cinere - Nafas,2026-05-28 01:30:22,-,72,22,50,,,,,57,26.9,,,
Bogor,Kabupaten Bogor Leuwiliang,2026-05-30 13:00:00,71,70,35,,4,10,0,71,,,,,
Tangerang,Tangerang Pasir Jaya,2026-05-30 13:00:00,45,45,28,,59,63,0,26,,,,,
Bekasi,Bekasi Kayuringin,2026-05-29 08:00:00,-,95,48,,48,13,0,2,,,,,
Jakarta,The Pakubuwono Menteng,2026-05-30 13:30:57,153,153,58,118,,,,,42,35.3,,,
Depok,Cinere - Nafas,2026-05-28 01:30:22,-,72,22,50,,,,,57,26.9,,,
Bogor,Kabupaten Bogor Leuwiliang,2026-05-30 13:00:00,71,70,35,,4,10,0,71,,,,,
Tangerang,Tangerang Pasir Jaya,2026-05-30 13:00:00,45,45,28,,59,63,0,26,,,,,
Bekasi,Bekasi Kayuringin,2026-05-29 08:00:00,-,95,48,,48,13,0,2,,,,,
Jakarta,The Pakubuwono Menteng,2026-05-30 13:33:57,154,154,59,118,,,,,43,34.9,,,
Depok,Cinere - Nafas,2026-05-28 01:30:22,-,72,22,50,,,,,57,26.9,,,
Bogor,Kabupaten Bogor Leuwiliang,2026-05-30 13:00:00,71,70,35,,4,10,0,71,,,,,
Tangerang,Tangerang Pasir Jaya,2026-05-30 13:00:00,45,45,28,,59,63,0,26,,,,,
Bekasi,Bekasi Kayuringin,2026-05-29 08:00:00,-,95,48,,48,13,0,2,,,,,
Jakarta,The Pakubuwono Menteng,2026-05-30 13:33:57,154,154,59,118,,,,,43,34.9,,,
Depok,Cinere - Nafas,2026-05-28 01:30:22,-,72,22,50,,,,,57,26.9,,,
Bogor,Kabupaten Bogor Leuwiliang,2026-05-30 13:00:00,71,70,35,,4,10,0,71,,,,,
Tangerang,Tangerang Pasir Jaya,2026-05-30 13:00:00,45,45,28,,59,63,0,26,,,,,
Bekasi,Bekasi Kayuringin,2026-05-29 08:00:00,-,95,48,,48,13,0,2,,,,,
Jakarta,The Pakubuwono Menteng,2026-05-30 13:35:57,154,154,59,126,,,,,43,34.8,,,
Depok,Cinere - Nafas,2026-05-28 01:30:22,-,72,22,50,,,,,57,26.9,,,
Bogor,Kabupaten Bogor Leuwiliang,2026-05-30 13:00:00,71,70,35,,4,10,0,71,,,,,
Tangerang,Tangerang Pasir Jaya,2026-05-30 13:00:00,45,45,28,,59,63,0,26,,,,,
Bekasi,Bekasi Kayuringin,2026-05-29 08:00:00,-,95,48,,48,13,0,2,,,,,
Jakarta,The Pakubuwono Menteng,2026-05-30 13:35:57,154,154,59,126,,,,,43,34.8,,,
Depok,Cinere - Nafas,2026-05-28 01:30:22,-,72,22,50,,,,,57,26.9,,,
Bogor,Kabupaten Bogor Leuwiliang,2026-05-30 13:00:00,71,70,35,,4,10,0,71,,,,,
Tangerang,Tangerang Pasir Jaya,2026-05-30 13:00:00,45,45,28,,59,63,0,26,,,,,
Bekasi,Bekasi Kayuringin,2026-05-29 08:00:00,-,95,48,,48,13,0,2,,,,,
Jakarta,The Pakubuwono Menteng,2026-05-30 13:35:57,154,154,59,126,,,,,43,34.8,,,
Depok,Cinere - Nafas,2026-05-28 01:30:22,-,72,22,50,,,,,57,26.9,,,
Bogor,Kabupaten Bogor Leuwiliang,2026-05-30 13:00:00,71,70,35,,4,10,0,71,,,,,
Tangerang,Tangerang Pasir Jaya,2026-05-30 13:00:00,45,45,28,,59,63,0,26,,,,,
Bekasi,Bekasi Kayuringin,2026-05-29 08:00:00,-,95,48,,48,13,0,2,,,,,
Jakarta,The Pakubuwono Menteng,2026-05-30 13:37:57,153,153,58,121,,,,,44,34.59,,,
Depok,Cinere - Nafas,2026-05-28 01:30:22,-,72,22,50,,,,,57,26.9,,,
Bogor,Kabupaten Bogor Leuwiliang,2026-05-30 13:00:00,71,70,35,,4,10,0,71,,,,,
Tangerang,Tangerang Pasir Jaya,2026-05-30 13:00:00,45,45,28,,59,63,0,26,,,,,
Bekasi,Bekasi Kayuringin,2026-05-29 08:00:00,-,95,48,,48,13,0,2,,,,,
Jakarta,The Pakubuwono Menteng,2026-05-30 13:40:57,152,152,58,117,,,,,43,34.7,,,
Depok,Cinere - Nafas,2026-05-28 01:30:22,-,72,22,50,,,,,57,26.9,,,
Bogor,Kabupaten Bogor Leuwiliang,2026-05-30 13:00:00,71,70,35,,4,10,0,71,,,,,
Tangerang,Tangerang Pasir Jaya,2026-05-30 13:00:00,45,45,28,,59,63,0,26,,,,,
Bekasi,Bekasi Kayuringin,2026-05-29 08:00:00,-,95,48,,48,13,0,2,,,,,
Jakarta,The Pakubuwono Menteng,2026-05-30 13:40:57,152,152,58,117,,,,,43,34.7,,,
Depok,Cinere - Nafas,2026-05-28 01:30:22,-,72,22,50,,,,,57,26.9,,,
Bogor,Kabupaten Bogor Leuwiliang,2026-05-30 13:00:00,71,70,35,,4,10,0,71,,,,,
Tangerang,Tangerang Pasir Jaya,2026-05-30 13:00:00,45,45,28,,59,63,0,26,,,,,
Bekasi,Bekasi Kayuringin,2026-05-29 08:00:00,-,95,48,,48,13,0,2,,,,,
Jakarta,The Pakubuwono Menteng,2026-05-30 13:42:57,153,153,59,118,,,,,43,34.59,,,
Depok,Cinere - Nafas,2026-05-28 01:30:22,-,72,22,50,,,,,57,26.9,,,
Bogor,Kabupaten Bogor Leuwiliang,2026-05-30 13:00:00,71,70,35,,4,10,0,71,,,,,
Tangerang,Tangerang Pasir Jaya,2026-05-30 13:00:00,45,45,28,,59,63,0,26,,,,,
Bekasi,Bekasi Kayuringin,2026-05-29 08:00:00,-,95,48,,48,13,0,2,,,,,
Jakarta,The Pakubuwono Menteng,2026-05-30 13:42:57,153,153,59,118,,,,,43,34.59,,,
Depok,Cinere - Nafas,2026-05-28 01:30:22,-,72,22,50,,,,,57,26.9,,,
Bogor,Kabupaten Bogor Leuwiliang,2026-05-30 13:00:00,71,70,35,,4,10,0,71,,,,,
Tangerang,Tangerang Pasir Jaya,2026-05-30 13:00:00,45,45,28,,59,63,0,26,,,,,
Bekasi,Bekasi Kayuringin,2026-05-29 08:00:00,-,95,48,,48,13,0,2,,,,,
Jakarta,The Pakubuwono Menteng,2026-05-30 13:44:57,153,153,59,115,,,,,44,34.5,,,
Depok,Cinere - Nafas,2026-05-28 01:30:22,-,72,22,50,,,,,57,26.9,,,
Bogor,Kabupaten Bogor Leuwiliang,2026-05-30 13:00:00,71,70,35,,4,10,0,71,,,,,
Tangerang,Tangerang Pasir Jaya,2026-05-30 13:00:00,45,45,28,,59,63,0,26,,,,,
Bekasi,Bekasi Kayuringin,2026-05-29 08:00:00,-,95,48,,48,13,0,2,,,,,
Jakarta,The Pakubuwono Menteng,2026-05-30 13:44:57,153,153,59,115,,,,,44,34.5,,,
Depok,Cinere - Nafas,2026-05-28 01:30:22,-,72,22,50,,,,,57,26.9,,,
Bogor,Kabupaten Bogor Leuwiliang,2026-05-30 13:00:00,71,70,35,,4,10,0,71,,,,,
Tangerang,Tangerang Pasir Jaya,2026-05-30 13:00:00,45,45,28,,59,63,0,26,,,,,
Bekasi,Bekasi Kayuringin,2026-05-29 08:00:00,-,95,48,,48,13,0,2,,,,,
Jakarta,The Pakubuwono Menteng,2026-05-30 13:46:57,152,152,58,115,,,,,44,34.3,,,
Depok,Cinere - Nafas,2026-05-28 01:30:22,-,72,22,50,,,,,57,26.9,,,
Bogor,Kabupaten Bogor Leuwiliang,2026-05-30 13:00:00,71,70,35,,4,10,0,71,,,,,
Tangerang,Tangerang Pasir Jaya,2026-05-30 13:00:00,45,45,28,,59,63,0,26,,,,,
Bekasi,Bekasi Kayuringin,2026-05-29 08:00:00,-,95,48,,48,13,0,2,,,,,
Jakarta,The Pakubuwono Menteng,2026-05-30 13:46:57,152,152,58,115,,,,,44,34.3,,,
Depok,Cinere - Nafas,2026-05-28 01:30:22,-,72,22,50,,,,,57,26.9,,,
Bogor,Kabupaten Bogor Leuwiliang,2026-05-30 13:00:00,71,70,35,,4,10,0,71,,,,,
Tangerang,Tangerang Pasir Jaya,2026-05-30 13:00:00,45,45,28,,59,63,0,26,,,,,
Bekasi,Bekasi Kayuringin,2026-05-29 08:00:00,-,95,48,,48,13,0,2,,,,,
Jakarta,The Pakubuwono Menteng,2026-05-30 13:48:57,153,153,58,116,,,,,44,34.09,,,
Depok,Cinere - Nafas,2026-05-28 01:30:22,-,72,22,50,,,,,57,26.9,,,
Bogor,Kabupaten Bogor Leuwiliang,2026-05-30 13:00:00,71,70,35,,4,10,0,71,,,,,
Tangerang,Tangerang Pasir Jaya,2026-05-30 13:00:00,45,45,28,,59,63,0,26,,,,,
Bekasi,Bekasi Kayuringin,2026-05-29 08:00:00,-,95,48,,48,13,0,2,,,,,
Jakarta,The Pakubuwono Menteng,2026-05-30 13:48:57,153,153,58,116,,,,,44,34.09,,,
Depok,Cinere - Nafas,2026-05-28 01:30:22,-,72,22,50,,,,,57,26.9,,,
Bogor,Kabupaten Bogor Leuwiliang,2026-05-30 13:00:00,71,70,35,,4,10,0,71,,,,,
Tangerang,Tangerang Pasir Jaya,2026-05-30 13:00:00,45,45,28,,59,63,0,26,,,,,
Bekasi,Bekasi Kayuringin,2026-05-29 08:00:00,-,95,48,,48,13,0,2,,,,,
Jakarta,The Pakubuwono Menteng,2026-05-30 13:51:57,152,152,58,115,,,,,45,34.09,,,
Depok,Cinere - Nafas,2026-05-28 01:30:22,-,72,22,50,,,,,57,26.9,,,
Bogor,Kabupaten Bogor Leuwiliang,2026-05-30 13:00:00,71,70,35,,4,10,0,71,,,,,
Tangerang,Tangerang Pasir Jaya,2026-05-30 13:00:00,45,45,28,,59,63,0,26,,,,,
Bekasi,Bekasi Kayuringin,2026-05-29 08:00:00,-,95,48,,48,13,0,2,,,,,
Jakarta,The Pakubuwono Menteng,2026-05-30 13:53:58,151,151,57,110,,,,,45,34.2,,,
Depok,Cinere - Nafas,2026-05-28 01:30:22,-,72,22,50,,,,,57,26.9,,,
Bogor,Kabupaten Bogor Leuwiliang,2026-05-30 13:00:00,71,70,35,,4,10,0,71,,,,,
Tangerang,Tangerang Pasir Jaya,2026-05-30 13:00:00,45,45,28,,59,63,0,26,,,,,
Bekasi,Bekasi Kayuringin,2026-05-29 08:00:00,-,95,48,,48,13,0,2,,,,,
Jakarta,The Pakubuwono Menteng,2026-05-30 13:53:58,151,151,57,110,,,,,45,34.2,,,
Depok,Cinere - Nafas,2026-05-28 01:30:22,-,72,22,50,,,,,57,26.9,,,
Bogor,Kabupaten Bogor Leuwiliang,2026-05-30 13:00:00,71,70,35,,4,10,0,71,,,,,
Tangerang,Tangerang Pasir Jaya,2026-05-30 13:00:00,45,45,28,,59,63,0,26,,,,,
Bekasi,Bekasi Kayuringin,2026-05-29 08:00:00,-,95,48,,48,13,0,2,,,,,
Jakarta,The Pakubuwono Menteng,2026-05-30 13:55:59,151,151,57,111,,,,,44,34.2,,,
Depok,Cinere - Nafas,2026-05-28 01:30:22,-,72,22,50,,,,,57,26.9,,,
Bogor,Kabupaten Bogor Leuwiliang,2026-05-30 13:00:00,71,70,35,,4,10,0,71,,,,,
Tangerang,Tangerang Pasir Jaya,2026-05-30 13:00:00,45,45,28,,59,63,0,26,,,,,
Bekasi,Bekasi Kayuringin,2026-05-29 08:00:00,-,95,48,,48,13,0,2,,,,,
Jakarta,The Pakubuwono Menteng,2026-05-30 13:55:59,151,151,57,111,,,,,44,34.2,,,
Depok,Cinere - Nafas,2026-05-28 01:30:22,-,72,22,50,,,,,57,26.9,,,
Bogor,Kabupaten Bogor Leuwiliang,2026-05-30 13:00:00,71,70,35,,4,10,0,71,,,,,
Tangerang,Tangerang Pasir Jaya,2026-05-30 13:00:00,45,45,28,,59,63,0,26,,,,,
Bekasi,Bekasi Kayuringin,2026-05-29 08:00:00,-,95,48,,48,13,0,2,,,,,
Jakarta,The Pakubuwono Menteng,2026-05-30 13:57:58,151,151,56,111,,,,,44,34.4,,,
Depok,Cinere - Nafas,2026-05-28 01:30:22,-,72,22,50,,,,,57,26.9,,,
Bogor,Kabupaten Bogor Leuwiliang,2026-05-30 13:00:00,71,70,35,,4,10,0,71,,,,,
Tangerang,Tangerang Pasir Jaya,2026-05-30 13:00:00,45,45,28,,59,63,0,26,,,,,
Bekasi,Bekasi Kayuringin,2026-05-29 08:00:00,-,95,48,,48,13,0,2,,,,,
Jakarta,The Pakubuwono Menteng,2026-05-30 13:57:58,151,151,56,111,,,,,44,34.4,,,
Depok,Cinere - Nafas,2026-05-28 01:30:22,-,72,22,50,,,,,57,26.9,,,
Bogor,Kabupaten Bogor Leuwiliang,2026-05-30 13:00:00,71,70,35,,4,10,0,71,,,,,
Tangerang,Tangerang Pasir Jaya,2026-05-30 13:00:00,45,45,28,,59,63,0,26,,,,,
Bekasi,Bekasi Kayuringin,2026-05-29 08:00:00,-,95,48,,48,13,0,2,,,,,
Jakarta,The Pakubuwono Menteng,2026-05-30 13:57:58,151,151,56,111,,,,,44,34.4,,,
Depok,Cinere - Nafas,2026-05-28 01:30:22,-,72,22,50,,,,,57,26.9,,,
Bogor,Kabupaten Bogor Leuwiliang,2026-05-30 13:00:00,71,70,35,,4,10,0,71,,,,,
Tangerang,Tangerang Pasir Jaya,2026-05-30 13:00:00,45,45,28,,59,63,0,26,,,,,
Bekasi,Bekasi Kayuringin,2026-05-29 08:00:00,-,95,48,,48,13,0,2,,,,,
Jakarta,The Pakubuwono Menteng,2026-05-30 14:00:58,149,149,56,105,,,,,44,34.5,,,
Depok,Cinere - Nafas,2026-05-28 01:30:22,-,72,22,50,,,,,57,26.9,,,
Bogor,Kabupaten Bogor Leuwiliang,2026-05-30 13:00:00,71,70,35,,4,10,0,71,,,,,
Tangerang,Tangerang Pasir Jaya,2026-05-30 13:00:00,45,45,28,,59,63,0,26,,,,,
Bekasi,Bekasi Kayuringin,2026-05-29 08:00:00,-,95,48,,48,13,0,2,,,,,
Jakarta,The Pakubuwono Menteng,2026-05-30 14:00:58,149,149,56,105,,,,,44,34.5,,,
Depok,Cinere - Nafas,2026-05-28 01:30:22,-,72,22,50,,,,,57,26.9,,,
Bogor,Kabupaten Bogor Leuwiliang,2026-05-30 14:00:00,71,70,35,,4,10,0,71,,,,,
Tangerang,Tangerang Pasir Jaya,2026-05-30 14:00:00,50,50,29,,59,63,0,26,,,,,
Bekasi,Bekasi Kayuringin,2026-05-29 08:00:00,-,95,48,,48,13,0,2,,,,,
Jakarta,The Pakubuwono Menteng,2026-05-30 14:02:58,151,151,57,110,,,,,44,34.59,,,
Depok,Cinere - Nafas,2026-05-28 01:30:22,-,72,22,50,,,,,57,26.9,,,
Bogor,Kabupaten Bogor Leuwiliang,2026-05-30 14:00:00,71,70,35,,4,10,0,71,,,,,
Tangerang,Tangerang Pasir Jaya,2026-05-30 14:00:00,50,50,29,,59,63,0,26,,,,,
Bekasi,Bekasi Kayuringin,2026-05-29 08:00:00,-,95,48,,48,13,0,2,,,,,
Jakarta,The Pakubuwono Menteng,2026-05-30 14:05:58,151,151,57,109,,,,,43,34.7,,,
Depok,Cinere - Nafas,2026-05-28 01:30:22,-,72,22,50,,,,,57,26.9,,,
Bogor,Kabupaten Bogor Leuwiliang,2026-05-30 14:00:00,71,70,35,,4,10,0,71,,,,,
Tangerang,Tangerang Pasir Jaya,2026-05-30 14:00:00,50,50,29,,59,63,0,26,,,,,
Bekasi,Bekasi Kayuringin,2026-05-29 08:00:00,-,95,48,,48,13,0,2,,,,,
Jakarta,The Pakubuwono Menteng,2026-05-30 14:05:58,151,151,57,109,,,,,43,34.7,,,
Depok,Cinere - Nafas,2026-05-28 01:30:22,-,72,22,50,,,,,57,26.9,,,
Bogor,Kabupaten Bogor Leuwiliang,2026-05-30 14:00:00,71,70,35,,4,10,0,71,,,,,
Tangerang,Tangerang Pasir Jaya,2026-05-30 14:00:00,50,50,29,,59,63,0,26,,,,,
Bekasi,Bekasi Kayuringin,2026-05-29 08:00:00,-,95,48,,48,13,0,2,,,,,
Jakarta,The Pakubuwono Menteng,2026-05-30 14:08:58,151,151,57,111,,,,,44,34.8,,,
Depok,Cinere - Nafas,2026-05-28 01:30:22,-,72,22,50,,,,,57,26.9,,,
Bogor,Kabupaten Bogor Leuwiliang,2026-05-30 14:00:00,71,70,35,,4,10,0,71,,,,,
Tangerang,Tangerang Pasir Jaya,2026-05-30 14:00:00,50,50,29,,59,63,0,26,,,,,
Bekasi,Bekasi Kayuringin,2026-05-29 08:00:00,-,95,48,,48,13,0,2,,,,,
Jakarta,The Pakubuwono Menteng,2026-05-30 14:08:58,151,151,57,111,,,,,44,34.8,,,
Depok,Cinere - Nafas,2026-05-28 01:30:22,-,72,22,50,,,,,57,26.9,,,
Bogor,Kabupaten Bogor Leuwiliang,2026-05-30 14:00:00,71,70,35,,4,10,0,71,,,,,
Tangerang,Tangerang Pasir Jaya,2026-05-30 14:00:00,50,50,29,,59,63,0,26,,,,,
Bekasi,Bekasi Kayuringin,2026-05-29 08:00:00,-,95,48,,48,13,0,2,,,,,
Jakarta,The Pakubuwono Menteng,2026-05-30 14:10:58,151,151,58,116,,,,,44,34.9,,,
Depok,Cinere - Nafas,2026-05-28 01:30:22,-,72,22,50,,,,,57,26.9,,,
Bogor,Kabupaten Bogor Leuwiliang,2026-05-30 14:00:00,71,70,35,,4,10,0,71,,,,,
Tangerang,Tangerang Pasir Jaya,2026-05-30 14:00:00,50,50,29,,59,63,0,26,,,,,
Bekasi,Bekasi Kayuringin,2026-05-29 08:00:00,-,95,48,,48,13,0,2,,,,,
Jakarta,The Pakubuwono Menteng,2026-05-30 14:10:58,151,151,58,116,,,,,44,34.9,,,
Depok,Cinere - Nafas,2026-05-28 01:30:22,-,72,22,50,,,,,57,26.9,,,
Bogor,Kabupaten Bogor Leuwiliang,2026-05-30 14:00:00,71,70,35,,4,10,0,71,,,,,
Tangerang,Tangerang Pasir Jaya,2026-05-30 14:00:00,50,50,29,,59,63,0,26,,,,,
Bekasi,Bekasi Kayuringin,2026-05-29 08:00:00,-,95,48,,48,13,0,2,,,,,
Jakarta,The Pakubuwono Menteng,2026-05-30 14:12:58,150,150,57,112,,,,,44,34.9,,,
Depok,Cinere - Nafas,2026-05-28 01:30:22,-,72,22,50,,,,,57,26.9,,,
Bogor,Kabupaten Bogor Leuwiliang,2026-05-30 14:00:00,71,70,35,,4,10,0,71,,,,,
Tangerang,Tangerang Pasir Jaya,2026-05-30 14:00:00,50,50,29,,59,63,0,26,,,,,
Bekasi,Bekasi Kayuringin,2026-05-29 08:00:00,-,95,48,,48,13,0,2,,,,,
Jakarta,The Pakubuwono Menteng,2026-05-30 14:12:58,150,150,57,112,,,,,44,34.9,,,
Depok,Cinere - Nafas,2026-05-28 01:30:22,-,72,22,50,,,,,57,26.9,,,
Bogor,Kabupaten Bogor Leuwiliang,2026-05-30 14:00:00,71,70,35,,4,10,0,71,,,,,
Tangerang,Tangerang Pasir Jaya,2026-05-30 14:00:00,50,50,29,,59,63,0,26,,,,,
Bekasi,Bekasi Kayuringin,2026-05-29 08:00:00,-,95,48,,48,13,0,2,,,,,
Jakarta,The Pakubuwono Menteng,2026-05-30 14:14:58,150,150,57,111,,,,,44,34.9,,,
Depok,Cinere - Nafas,2026-05-28 01:30:22,-,72,22,50,,,,,57,26.9,,,
Bogor,Kabupaten Bogor Leuwiliang,2026-05-30 14:00:00,71,70,35,,4,10,0,71,,,,,
Tangerang,Tangerang Pasir Jaya,2026-05-30 14:00:00,50,50,29,,59,63,0,26,,,,,
Bekasi,Bekasi Kayuringin,2026-05-29 08:00:00,-,95,48,,48,13,0,2,,,,,
Jakarta,The Pakubuwono Menteng,2026-05-30 14:16:58,151,151,57,111,,,,,44,34.9,,,
Depok,Cinere - Nafas,2026-05-28 01:30:22,-,72,22,50,,,,,57,26.9,,,
Bogor,Kabupaten Bogor Leuwiliang,2026-05-30 14:00:00,71,70,35,,4,10,0,71,,,,,
Tangerang,Tangerang Pasir Jaya,2026-05-30 14:00:00,50,50,29,,59,63,0,26,,,,,
Bekasi,Bekasi Kayuringin,2026-05-29 08:00:00,-,95,48,,48,13,0,2,,,,,
Jakarta,The Pakubuwono Menteng,2026-05-30 14:16:58,151,151,57,111,,,,,44,34.9,,,
Depok,Cinere - Nafas,2026-05-28 01:30:22,-,72,22,50,,,,,57,26.9,,,
Bogor,Kabupaten Bogor Leuwiliang,2026-05-30 14:00:00,71,70,35,,4,10,0,71,,,,,
Tangerang,Tangerang Pasir Jaya,2026-05-30 14:00:00,50,50,29,,59,63,0,26,,,,,
Bekasi,Bekasi Kayuringin,2026-05-29 08:00:00,-,95,48,,48,13,0,2,,,,,
Jakarta,The Pakubuwono Menteng,2026-05-30 14:18:58,152,152,57,110,,,,,44,35,,,
Depok,Cinere - Nafas,2026-05-28 01:30:22,-,72,22,50,,,,,57,26.9,,,
Bogor,Kabupaten Bogor Leuwiliang,2026-05-30 14:00:00,71,70,35,,4,10,0,71,,,,,
Tangerang,Tangerang Pasir Jaya,2026-05-30 14:00:00,50,50,29,,59,63,0,26,,,,,
Bekasi,Bekasi Kayuringin,2026-05-29 08:00:00,-,95,48,,48,13,0,2,,,,,
Jakarta,The Pakubuwono Menteng,2026-05-30 14:18:58,152,152,57,110,,,,,44,35,,,
Depok,Cinere - Nafas,2026-05-28 01:30:22,-,72,22,50,,,,,57,26.9,,,
Bogor,Kabupaten Bogor Leuwiliang,2026-05-30 14:00:00,71,70,35,,4,10,0,71,,,,,
Tangerang,Tangerang Pasir Jaya,2026-05-30 14:00:00,50,50,29,,59,63,0,26,,,,,
Bekasi,Bekasi Kayuringin,2026-05-29 08:00:00,-,95,48,,48,13,0,2,,,,,
Jakarta,The Pakubuwono Menteng,2026-05-30 14:20:58,150,150,57,112,,,,,43,35.09,,,
Depok,Cinere - Nafas,2026-05-28 01:30:22,-,72,22,50,,,,,57,26.9,,,
Bogor,Kabupaten Bogor Leuwiliang,2026-05-30 14:00:00,71,70,35,,4,10,0,71,,,,,
Tangerang,Tangerang Pasir Jaya,2026-05-30 14:00:00,50,50,29,,59,63,0,26,,,,,
Bekasi,Bekasi Kayuringin,2026-05-29 08:00:00,-,95,48,,48,13,0,2,,,,,
Jakarta,The Pakubuwono Menteng,2026-05-30 14:22:58,148,148,56,108,,,,,43,35.09,,,
Depok,Cinere - Nafas,2026-05-28 01:30:22,-,72,22,50,,,,,57,26.9,,,
Bogor,Kabupaten Bogor Leuwiliang,2026-05-30 14:00:00,71,70,35,,4,10,0,71,,,,,
Tangerang,Tangerang Pasir Jaya,2026-05-30 14:00:00,50,50,29,,59,63,0,26,,,,,
Bekasi,Bekasi Kayuringin,2026-05-29 08:00:00,-,95,48,,48,13,0,2,,,,,
Jakarta,The Pakubuwono Menteng,2026-05-30 14:22:58,148,148,56,108,,,,,43,35.09,,,
Depok,Cinere - Nafas,2026-05-28 01:30:22,-,72,22,50,,,,,57,26.9,,,
Bogor,Kabupaten Bogor Leuwiliang,2026-05-30 14:00:00,71,70,35,,4,10,0,71,,,,,
Tangerang,Tangerang Pasir Jaya,2026-05-30 14:00:00,50,50,29,,59,63,0,26,,,,,
Bekasi,Bekasi Kayuringin,2026-05-29 08:00:00,-,95,48,,48,13,0,2,,,,,
Jakarta,The Pakubuwono Menteng,2026-05-30 14:24:58,151,151,56,111,,,,,43,35.09,,,
Depok,Cinere - Nafas,2026-05-28 01:30:22,-,72,22,50,,,,,57,26.9,,,
Bogor,Kabupaten Bogor Leuwiliang,2026-05-30 14:00:00,71,70,35,,4,10,0,71,,,,,
Tangerang,Tangerang Pasir Jaya,2026-05-30 14:00:00,50,50,29,,59,63,0,26,,,,,
Bekasi,Bekasi Kayuringin,2026-05-29 08:00:00,-,95,48,,48,13,0,2,,,,,
Jakarta,The Pakubuwono Menteng,2026-05-30 14:24:58,151,151,56,111,,,,,43,35.09,,,
Depok,Cinere - Nafas,2026-05-28 01:30:22,-,72,22,50,,,,,57,26.9,,,
Bogor,Kabupaten Bogor Leuwiliang,2026-05-30 14:00:00,71,70,35,,4,10,0,71,,,,,
Tangerang,Tangerang Pasir Jaya,2026-05-30 14:00:00,50,50,29,,59,63,0,26,,,,,
Bekasi,Bekasi Kayuringin,2026-05-29 08:00:00,-,95,48,,48,13,0,2,,,,,
Jakarta,The Pakubuwono Menteng,2026-05-30 14:26:58,143,143,56,108,,,,,43,35.09,,,
Depok,Cinere - Nafas,2026-05-28 01:30:22,-,72,22,50,,,,,57,26.9,,,
Bogor,Kabupaten Bogor Leuwiliang,2026-05-30 14:00:00,71,70,35,,4,10,0,71,,,,,
Tangerang,Tangerang Pasir Jaya,2026-05-30 14:00:00,50,50,29,,59,63,0,26,,,,,
Bekasi,Bekasi Kayuringin,2026-05-29 08:00:00,-,95,48,,48,13,0,2,,,,,
Jakarta,The Pakubuwono Menteng,2026-05-30 14:28:58,146,146,56,103,,,,,43,35.09,,,
Depok,Cinere - Nafas,2026-05-28 01:30:22,-,72,22,50,,,,,57,26.9,,,
Bogor,Kabupaten Bogor Leuwiliang,2026-05-30 14:00:00,71,70,35,,4,10,0,71,,,,,
Tangerang,Tangerang Pasir Jaya,2026-05-30 14:00:00,50,50,29,,59,63,0,26,,,,,
Bekasi,Bekasi Kayuringin,2026-05-29 08:00:00,-,95,48,,48,13,0,2,,,,,
Jakarta,The Pakubuwono Menteng,2026-05-30 14:28:58,146,146,56,103,,,,,43,35.09,,,
Depok,Cinere - Nafas,2026-05-28 01:30:22,-,72,22,50,,,,,57,26.9,,,
Bogor,Kabupaten Bogor Leuwiliang,2026-05-30 14:00:00,71,70,35,,4,10,0,71,,,,,
Tangerang,Tangerang Pasir Jaya,2026-05-30 14:00:00,50,50,29,,59,63,0,26,,,,,
Bekasi,Bekasi Kayuringin,2026-05-29 08:00:00,-,95,48,,48,13,0,2,,,,,
Jakarta,The Pakubuwono Menteng,2026-05-30 14:31:58,149,149,56,109,,,,,44,35.09,,,
Depok,Cinere - Nafas,2026-05-28 01:30:22,-,72,22,50,,,,,57,26.9,,,
Bogor,Kabupaten Bogor Leuwiliang,2026-05-30 14:00:00,71,70,35,,4,10,0,71,,,,,
Tangerang,Tangerang Pasir Jaya,2026-05-30 14:00:00,50,50,29,,59,63,0,26,,,,,
Bekasi,Bekasi Kayuringin,2026-05-29 08:00:00,-,95,48,,48,13,0,2,,,,,
Jakarta,The Pakubuwono Menteng,2026-05-30 14:31:58,149,149,56,109,,,,,44,35.09,,,
Depok,Cinere - Nafas,2026-05-28 01:30:22,-,72,22,50,,,,,57,26.9,,,
Bogor,Kabupaten Bogor Leuwiliang,2026-05-30 14:00:00,71,70,35,,4,10,0,71,,,,,
Tangerang,Tangerang Pasir Jaya,2026-05-30 14:00:00,50,50,29,,59,63,0,26,,,,,
Bekasi,Bekasi Kayuringin,2026-05-29 08:00:00,-,95,48,,48,13,0,2,,,,,
Jakarta,The Pakubuwono Menteng,2026-05-30 14:31:58,149,149,56,109,,,,,44,35.09,,,
Depok,Cinere - Nafas,2026-05-28 01:30:22,-,72,22,50,,,,,57,26.9,,,
Bogor,Kabupaten Bogor Leuwiliang,2026-05-30 14:00:00,71,70,35,,4,10,0,71,,,,,
Tangerang,Tangerang Pasir Jaya,2026-05-30 14:00:00,50,50,29,,59,63,0,26,,,,,
Bekasi,Bekasi Kayuringin,2026-05-29 08:00:00,-,95,48,,48,13,0,2,,,,,
Jakarta,The Pakubuwono Menteng,2026-05-30 14:33:59,142,142,55,106,,,,,43,35.2,,,
Depok,Cinere - Nafas,2026-05-28 01:30:22,-,72,22,50,,,,,57,26.9,,,
Bogor,Kabupaten Bogor Leuwiliang,2026-05-30 14:00:00,71,70,35,,4,10,0,71,,,,,
Tangerang,Tangerang Pasir Jaya,2026-05-30 14:00:00,50,50,29,,59,63,0,26,,,,,
Bekasi,Bekasi Kayuringin,2026-05-29 08:00:00,-,95,48,,48,13,0,2,,,,,
Jakarta,The Pakubuwono Menteng,2026-05-30 14:35:58,146,146,56,103,,,,,43,35.2,,,
Depok,Cinere - Nafas,2026-05-28 01:30:22,-,72,22,50,,,,,57,26.9,,,
Bogor,Kabupaten Bogor Leuwiliang,2026-05-30 14:00:00,71,70,35,,4,10,0,71,,,,,
Tangerang,Tangerang Pasir Jaya,2026-05-30 14:00:00,50,50,29,,59,63,0,26,,,,,
Bekasi,Bekasi Kayuringin,2026-05-29 08:00:00,-,95,48,,48,13,0,2,,,,,
Jakarta,The Pakubuwono Menteng,2026-05-30 14:37:59,141,141,54,101,,,,,43,35.09,,,
Depok,Cinere - Nafas,2026-05-28 01:30:22,-,72,22,50,,,,,57,26.9,,,
Bogor,Kabupaten Bogor Leuwiliang,2026-05-30 14:00:00,71,70,35,,4,10,0,71,,,,,
Tangerang,Tangerang Pasir Jaya,2026-05-30 14:00:00,50,50,29,,59,63,0,26,,,,,
Bekasi,Bekasi Kayuringin,2026-05-29 08:00:00,-,95,48,,48,13,0,2,,,,,
Jakarta,The Pakubuwono Menteng,2026-05-30 14:37:59,141,141,54,101,,,,,43,35.09,,,
Depok,Cinere - Nafas,2026-05-28 01:30:22,-,72,22,50,,,,,57,26.9,,,
Bogor,Kabupaten Bogor Leuwiliang,2026-05-30 14:00:00,71,70,35,,4,10,0,71,,,,,
Tangerang,Tangerang Pasir Jaya,2026-05-30 14:00:00,50,50,29,,59,63,0,26,,,,,
Bekasi,Bekasi Kayuringin,2026-05-29 08:00:00,-,95,48,,48,13,0,2,,,,,
Jakarta,The Pakubuwono Menteng,2026-05-30 14:37:59,141,141,54,101,,,,,43,35.09,,,
Depok,Cinere - Nafas,2026-05-28 01:30:22,-,72,22,50,,,,,57,26.9,,,
Bogor,Kabupaten Bogor Leuwiliang,2026-05-30 14:00:00,71,70,35,,4,10,0,71,,,,,
Tangerang,Tangerang Pasir Jaya,2026-05-30 14:00:00,50,50,29,,59,63,0,26,,,,,
Bekasi,Bekasi Kayuringin,2026-05-29 08:00:00,-,95,48,,48,13,0,2,,,,,
Jakarta,The Pakubuwono Menteng,2026-05-30 14:39:59,148,148,55,106,,,,,43,35.09,,,
Depok,Cinere - Nafas,2026-05-28 01:30:22,-,72,22,50,,,,,57,26.9,,,
Bogor,Kabupaten Bogor Leuwiliang,2026-05-30 14:00:00,71,70,35,,4,10,0,71,,,,,
Tangerang,Tangerang Pasir Jaya,2026-05-30 14:00:00,50,50,29,,59,63,0,26,,,,,
Bekasi,Bekasi Kayuringin,2026-05-29 08:00:00,-,95,48,,48,13,0,2,,,,,
Jakarta,The Pakubuwono Menteng,2026-05-30 14:39:59,148,148,55,106,,,,,43,35.09,,,
Depok,Cinere - Nafas,2026-05-28 01:30:22,-,72,22,50,,,,,57,26.9,,,
Bogor,Kabupaten Bogor Leuwiliang,2026-05-30 14:00:00,71,70,35,,4,10,0,71,,,,,
Tangerang,Tangerang Pasir Jaya,2026-05-30 14:00:00,50,50,29,,59,63,0,26,,,,,
Bekasi,Bekasi Kayuringin,2026-05-29 08:00:00,-,95,48,,48,13,0,2,,,,,
Jakarta,The Pakubuwono Menteng,2026-05-30 14:42:59,141,141,54,105,,,,,43,35,,,
Depok,Cinere - Nafas,2026-05-28 01:30:22,-,72,22,50,,,,,57,26.9,,,
Bogor,Kabupaten Bogor Leuwiliang,2026-05-30 14:00:00,71,70,35,,4,10,0,71,,,,,
Tangerang,Tangerang Pasir Jaya,2026-05-30 14:00:00,50,50,29,,59,63,0,26,,,,,
Bekasi,Bekasi Kayuringin,2026-05-29 08:00:00,-,95,48,,48,13,0,2,,,,,
Jakarta,The Pakubuwono Menteng,2026-05-30 14:42:59,141,141,54,105,,,,,43,35,,,
Depok,Cinere - Nafas,2026-05-28 01:30:22,-,72,22,50,,,,,57,26.9,,,
Bogor,Kabupaten Bogor Leuwiliang,2026-05-30 14:00:00,71,70,35,,4,10,0,71,,,,,
Tangerang,Tangerang Pasir Jaya,2026-05-30 14:00:00,50,50,29,,59,63,0,26,,,,,
Bekasi,Bekasi Kayuringin,2026-05-29 08:00:00,-,95,48,,48,13,0,2,,,,,
Jakarta,The Pakubuwono Menteng,2026-05-30 14:44:59,141,141,55,101,,,,,44,35,,,
Depok,Cinere - Nafas,2026-05-28 01:30:22,-,72,22,50,,,,,57,26.9,,,
Bogor,Kabupaten Bogor Leuwiliang,2026-05-30 14:00:00,71,70,35,,4,10,0,71,,,,,
Tangerang,Tangerang Pasir Jaya,2026-05-30 14:00:00,50,50,29,,59,63,0,26,,,,,
Bekasi,Bekasi Kayuringin,2026-05-29 08:00:00,-,95,48,,48,13,0,2,,,,,
Jakarta,The Pakubuwono Menteng,2026-05-30 14:44:59,141,141,55,101,,,,,44,35,,,
Depok,Cinere - Nafas,2026-05-28 01:30:22,-,72,22,50,,,,,57,26.9,,,
Bogor,Kabupaten Bogor Leuwiliang,2026-05-30 14:00:00,71,70,35,,4,10,0,71,,,,,
Tangerang,Tangerang Pasir Jaya,2026-05-30 14:00:00,50,50,29,,59,63,0,26,,,,,
Bekasi,Bekasi Kayuringin,2026-05-29 08:00:00,-,95,48,,48,13,0,2,,,,,
Jakarta,The Pakubuwono Menteng,2026-05-30 14:49:59,141,141,54,98,,,,,44,35.09,,,
Depok,Cinere - Nafas,2026-05-28 01:30:22,-,72,22,50,,,,,57,26.9,,,
Bogor,Kabupaten Bogor Leuwiliang,2026-05-30 14:00:00,71,70,35,,4,10,0,71,,,,,
Tangerang,Tangerang Pasir Jaya,2026-05-30 14:00:00,50,50,29,,59,63,0,26,,,,,
Bekasi,Bekasi Kayuringin,2026-05-29 08:00:00,-,95,48,,48,13,0,2,,,,,
Jakarta,The Pakubuwono Menteng,2026-05-30 14:49:59,141,141,54,98,,,,,44,35.09,,,
Depok,Cinere - Nafas,2026-05-28 01:30:22,-,72,22,50,,,,,57,26.9,,,
Bogor,Kabupaten Bogor Leuwiliang,2026-05-30 14:00:00,71,70,35,,4,10,0,71,,,,,
Tangerang,Tangerang Pasir Jaya,2026-05-30 14:00:00,50,50,29,,59,63,0,26,,,,,
Bekasi,Bekasi Kayuringin,2026-05-29 08:00:00,-,95,48,,48,13,0,2,,,,,
Jakarta,The Pakubuwono Menteng,2026-05-30 14:51:59,141,141,55,101,,,,,43,35.09,,,
Depok,Cinere - Nafas,2026-05-28 01:30:22,-,72,22,50,,,,,57,26.9,,,
Bogor,Kabupaten Bogor Leuwiliang,2026-05-30 14:00:00,71,70,35,,4,10,0,71,,,,,
Tangerang,Tangerang Pasir Jaya,2026-05-30 14:00:00,50,50,29,,59,63,0,26,,,,,
Bekasi,Bekasi Kayuringin,2026-05-29 08:00:00,-,95,48,,48,13,0,2,,,,,
Jakarta,The Pakubuwono Menteng,2026-05-30 14:51:59,141,141,55,101,,,,,43,35.09,,,
Depok,Cinere - Nafas,2026-05-28 01:30:22,-,72,22,50,,,,,57,26.9,,,
Bogor,Kabupaten Bogor Leuwiliang,2026-05-30 14:00:00,71,70,35,,4,10,0,71,,,,,
Tangerang,Tangerang Pasir Jaya,2026-05-30 14:00:00,50,50,29,,59,63,0,26,,,,,
Bekasi,Bekasi Kayuringin,2026-05-29 08:00:00,-,95,48,,48,13,0,2,,,,,
Jakarta,The Pakubuwono Menteng,2026-05-30 14:53:59,143,143,55,106,,,,,43,35.2,,,
Depok,Cinere - Nafas,2026-05-28 01:30:22,-,72,22,50,,,,,57,26.9,,,
Bogor,Kabupaten Bogor Leuwiliang,2026-05-30 14:00:00,71,70,35,,4,10,0,71,,,,,
Tangerang,Tangerang Pasir Jaya,2026-05-30 14:00:00,50,50,29,,59,63,0,26,,,,,
Bekasi,Bekasi Kayuringin,2026-05-29 08:00:00,-,95,48,,48,13,0,2,,,,,
Jakarta,The Pakubuwono Menteng,2026-05-30 14:53:59,143,143,55,106,,,,,43,35.2,,,
Depok,Cinere - Nafas,2026-05-28 01:30:22,-,72,22,50,,,,,57,26.9,,,
Bogor,Kabupaten Bogor Leuwiliang,2026-05-30 14:00:00,71,70,35,,4,10,0,71,,,,,
Tangerang,Tangerang Pasir Jaya,2026-05-30 14:00:00,50,50,29,,59,63,0,26,,,,,
Bekasi,Bekasi Kayuringin,2026-05-29 08:00:00,-,95,48,,48,13,0,2,,,,,
Jakarta,The Pakubuwono Menteng,2026-05-30 14:55:59,145,145,55,104,,,,,43,35.2,,,
Depok,Cinere - Nafas,2026-05-28 01:30:22,-,72,22,50,,,,,57,26.9,,,
Bogor,Kabupaten Bogor Leuwiliang,2026-05-30 14:00:00,71,70,35,,4,10,0,71,,,,,
Tangerang,Tangerang Pasir Jaya,2026-05-30 14:00:00,50,50,29,,59,63,0,26,,,,,
Bekasi,Bekasi Kayuringin,2026-05-29 08:00:00,-,95,48,,48,13,0,2,,,,,
Jakarta,The Pakubuwono Menteng,2026-05-30 14:55:59,145,145,55,104,,,,,43,35.2,,,
Depok,Cinere - Nafas,2026-05-28 01:30:22,-,72,22,50,,,,,57,26.9,,,
Bogor,Kabupaten Bogor Leuwiliang,2026-05-30 14:00:00,71,70,35,,4,10,0,71,,,,,
Tangerang,Tangerang Pasir Jaya,2026-05-30 14:00:00,50,50,29,,59,63,0,26,,,,,
Bekasi,Bekasi Kayuringin,2026-05-29 08:00:00,-,95,48,,48,13,0,2,,,,,
Jakarta,The Pakubuwono Menteng,2026-05-30 14:57:59,143,143,54,100,,,,,43,35.09,,,
Depok,Cinere - Nafas,2026-05-28 01:30:22,-,72,22,50,,,,,57,26.9,,,
Bogor,Kabupaten Bogor Leuwiliang,2026-05-30 14:00:00,71,70,35,,4,10,0,71,,,,,
Tangerang,Tangerang Pasir Jaya,2026-05-30 14:00:00,50,50,29,,59,63,0,26,,,,,
Bekasi,Bekasi Kayuringin,2026-05-29 08:00:00,-,95,48,,48,13,0,2,,,,,
Jakarta,The Pakubuwono Menteng,2026-05-30 14:57:59,143,143,54,100,,,,,43,35.09,,,
Depok,Cinere - Nafas,2026-05-28 01:30:22,-,72,22,50,,,,,57,26.9,,,
Bogor,Kabupaten Bogor Leuwiliang,2026-05-30 14:00:00,71,70,35,,4,10,0,71,,,,,
Tangerang,Tangerang Pasir Jaya,2026-05-30 14:00:00,50,50,29,,59,63,0,26,,,,,
Bekasi,Bekasi Kayuringin,2026-05-29 08:00:00,-,95,48,,48,13,0,2,,,,,
Jakarta,The Pakubuwono Menteng,2026-05-30 14:59:59,143,143,55,100,,,,,43,35.09,,,
Depok,Cinere - Nafas,2026-05-28 01:30:22,-,72,22,50,,,,,57,26.9,,,
Bogor,Kabupaten Bogor Leuwiliang,2026-05-30 14:00:00,71,70,35,,4,10,0,71,,,,,
Tangerang,Tangerang Pasir Jaya,2026-05-30 14:00:00,50,50,29,,59,63,0,26,,,,,
Bekasi,Bekasi Kayuringin,2026-05-29 08:00:00,-,95,48,,48,13,0,2,,,,,
Jakarta,The Pakubuwono Menteng,2026-05-30 14:59:59,143,143,55,100,,,,,43,35.09,,,
Depok,Cinere - Nafas,2026-05-28 01:30:22,-,72,22,50,,,,,57,26.9,,,
Bogor,Kabupaten Bogor Leuwiliang,2026-05-30 14:00:00,71,70,35,,4,10,0,71,,,,,
Tangerang,Tangerang Pasir Jaya,2026-05-30 14:00:00,50,50,29,,59,63,0,26,,,,,
Bekasi,Bekasi Kayuringin,2026-05-29 08:00:00,-,95,48,,48,13,0,2,,,,,
Jakarta,The Pakubuwono Menteng,2026-05-30 15:02:59,138,138,54,98,,,,,43,35.09,,,
Depok,Cinere - Nafas,2026-05-28 01:30:22,-,72,22,50,,,,,57,26.9,,,
Bogor,Kabupaten Bogor Leuwiliang,2026-05-30 15:00:00,71,70,35,,4,10,0,71,,,,,
Tangerang,Tangerang Pasir Jaya,2026-05-30 15:00:00,54,54,30,,59,63,0,26,,,,,
Bekasi,Bekasi Kayuringin,2026-05-29 08:00:00,-,95,48,,48,13,0,2,,,,,
Jakarta,The Pakubuwono Menteng,2026-05-30 15:02:59,138,138,54,98,,,,,43,35.09,,,
Depok,Cinere - Nafas,2026-05-28 01:30:22,-,72,22,50,,,,,57,26.9,,,
Bogor,Kabupaten Bogor Leuwiliang,2026-05-30 15:00:00,71,70,35,,4,10,0,71,,,,,
Tangerang,Tangerang Pasir Jaya,2026-05-30 15:00:00,54,54,30,,59,63,0,26,,,,,
Bekasi,Bekasi Kayuringin,2026-05-29 08:00:00,-,95,48,,48,13,0,2,,,,,
Jakarta,The Pakubuwono Menteng,2026-05-30 15:05:59,139,139,54,99,,,,,43,35,,,
Depok,Cinere - Nafas,2026-05-28 01:30:22,-,72,22,50,,,,,57,26.9,,,
Bogor,Kabupaten Bogor Leuwiliang,2026-05-30 15:00:00,71,70,35,,4,10,0,71,,,,,
Tangerang,Tangerang Pasir Jaya,2026-05-30 15:00:00,54,54,30,,59,63,0,26,,,,,
Bekasi,Bekasi Kayuringin,2026-05-29 08:00:00,-,95,48,,48,13,0,2,,,,,
Jakarta,The Pakubuwono Menteng,2026-05-30 15:05:59,139,139,54,99,,,,,43,35,,,
Depok,Cinere - Nafas,2026-05-28 01:30:22,-,72,22,50,,,,,57,26.9,,,
Bogor,Kabupaten Bogor Leuwiliang,2026-05-30 15:00:00,71,70,35,,4,10,0,71,,,,,
Tangerang,Tangerang Pasir Jaya,2026-05-30 15:00:00,54,54,30,,59,63,0,26,,,,,
Bekasi,Bekasi Kayuringin,2026-05-29 08:00:00,-,95,48,,48,13,0,2,,,,,
Jakarta,The Pakubuwono Menteng,2026-05-30 15:07:59,141,141,55,103,,,,,43,35,,,
Depok,Cinere - Nafas,2026-05-28 01:30:22,-,72,22,50,,,,,57,26.9,,,
Bogor,Kabupaten Bogor Leuwiliang,2026-05-30 15:00:00,71,70,35,,4,10,0,71,,,,,
Tangerang,Tangerang Pasir Jaya,2026-05-30 15:00:00,54,54,30,,59,63,0,26,,,,,
Bekasi,Bekasi Kayuringin,2026-05-29 08:00:00,-,95,48,,48,13,0,2,,,,,
Jakarta,The Pakubuwono Menteng,2026-05-30 15:07:59,141,141,55,103,,,,,43,35,,,
Depok,Cinere - Nafas,2026-05-28 01:30:22,-,72,22,50,,,,,57,26.9,,,
Bogor,Kabupaten Bogor Leuwiliang,2026-05-30 15:00:00,71,70,35,,4,10,0,71,,,,,
Tangerang,Tangerang Pasir Jaya,2026-05-30 15:00:00,54,54,30,,59,63,0,26,,,,,
Bekasi,Bekasi Kayuringin,2026-05-29 08:00:00,-,95,48,,48,13,0,2,,,,,
Jakarta,The Pakubuwono Menteng,2026-05-30 15:09:59,138,138,54,97,,,,,43,34.9,,,
Depok,Cinere - Nafas,2026-05-28 01:30:22,-,72,22,50,,,,,57,26.9,,,
Bogor,Kabupaten Bogor Leuwiliang,2026-05-30 15:00:00,71,70,35,,4,10,0,71,,,,,
Tangerang,Tangerang Pasir Jaya,2026-05-30 15:00:00,54,54,30,,59,63,0,26,,,,,
Bekasi,Bekasi Kayuringin,2026-05-29 08:00:00,-,95,48,,48,13,0,2,,,,,
Jakarta,The Pakubuwono Menteng,2026-05-30 15:11:59,141,141,55,101,,,,,43,34.7,,,
Depok,Cinere - Nafas,2026-05-28 01:30:22,-,72,22,50,,,,,57,26.9,,,
Bogor,Kabupaten Bogor Leuwiliang,2026-05-30 15:00:00,71,70,35,,4,10,0,71,,,,,
Tangerang,Tangerang Pasir Jaya,2026-05-30 15:00:00,54,54,30,,59,63,0,26,,,,,
Bekasi,Bekasi Kayuringin,2026-05-29 08:00:00,-,95,48,,48,13,0,2,,,,,
Jakarta,The Pakubuwono Menteng,2026-05-30 15:11:59,141,141,55,101,,,,,43,34.7,,,
Depok,Cinere - Nafas,2026-05-28 01:30:22,-,72,22,50,,,,,57,26.9,,,
Bogor,Kabupaten Bogor Leuwiliang,2026-05-30 15:00:00,71,70,35,,4,10,0,71,,,,,
Tangerang,Tangerang Pasir Jaya,2026-05-30 15:00:00,54,54,30,,59,63,0,26,,,,,
Bekasi,Bekasi Kayuringin,2026-05-29 08:00:00,-,95,48,,48,13,0,2,,,,,
Jakarta,The Pakubuwono Menteng,2026-05-30 15:14:59,135,135,53,95,,,,,44,34.5,,,
Depok,Cinere - Nafas,2026-05-28 01:30:22,-,72,22,50,,,,,57,26.9,,,
Bogor,Kabupaten Bogor Leuwiliang,2026-05-30 15:00:00,71,70,35,,4,10,0,71,,,,,
Tangerang,Tangerang Pasir Jaya,2026-05-30 15:00:00,54,54,30,,59,63,0,26,,,,,
Bekasi,Bekasi Kayuringin,2026-05-29 08:00:00,-,95,48,,48,13,0,2,,,,,
Jakarta,The Pakubuwono Menteng,2026-05-30 15:14:59,135,135,53,95,,,,,44,34.5,,,
Depok,Cinere - Nafas,2026-05-28 01:30:22,-,72,22,50,,,,,57,26.9,,,
Bogor,Kabupaten Bogor Leuwiliang,2026-05-30 15:00:00,71,70,35,,4,10,0,71,,,,,
Tangerang,Tangerang Pasir Jaya,2026-05-30 15:00:00,54,54,30,,59,63,0,26,,,,,
Bekasi,Bekasi Kayuringin,2026-05-29 08:00:00,-,95,48,,48,13,0,2,,,,,
Jakarta,The Pakubuwono Menteng,2026-05-30 15:14:59,135,135,53,95,,,,,44,34.5,,,
Depok,Cinere - Nafas,2026-05-28 01:30:22,-,72,22,50,,,,,57,26.9,,,
Bogor,Kabupaten Bogor Leuwiliang,2026-05-30 15:00:00,71,70,35,,4,10,0,71,,,,,
Tangerang,Tangerang Pasir Jaya,2026-05-30 15:00:00,54,54,30,,59,63,0,26,,,,,
Bekasi,Bekasi Kayuringin,2026-05-29 08:00:00,-,95,48,,48,13,0,2,,,,,
Jakarta,The Pakubuwono Menteng,2026-05-30 15:16:59,138,138,53,97,,,,,44,34.4,,,
Depok,Cinere - Nafas,2026-05-28 01:30:22,-,72,22,50,,,,,57,26.9,,,
Bogor,Kabupaten Bogor Leuwiliang,2026-05-30 15:00:00,71,70,35,,4,10,0,71,,,,,
Tangerang,Tangerang Pasir Jaya,2026-05-30 15:00:00,54,54,30,,59,63,0,26,,,,,
Bekasi,Bekasi Kayuringin,2026-05-29 08:00:00,-,95,48,,48,13,0,2,,,,,
Jakarta,The Pakubuwono Menteng,2026-05-30 15:16:59,138,138,53,97,,,,,44,34.4,,,
Depok,Cinere - Nafas,2026-05-28 01:30:22,-,72,22,50,,,,,57,26.9,,,
Bogor,Kabupaten Bogor Leuwiliang,2026-05-30 15:00:00,71,70,35,,4,10,0,71,,,,,
Tangerang,Tangerang Pasir Jaya,2026-05-30 15:00:00,54,54,30,,59,63,0,26,,,,,
Bekasi,Bekasi Kayuringin,2026-05-29 08:00:00,-,95,48,,48,13,0,2,,,,,
Jakarta,The Pakubuwono Menteng,2026-05-30 15:18:59,138,138,54,98,,,,,44,34.3,,,
Depok,Cinere - Nafas,2026-05-28 01:30:22,-,72,22,50,,,,,57,26.9,,,
Bogor,Kabupaten Bogor Leuwiliang,2026-05-30 15:00:00,71,70,35,,4,10,0,71,,,,,
Tangerang,Tangerang Pasir Jaya,2026-05-30 15:00:00,54,54,30,,59,63,0,26,,,,,
Bekasi,Bekasi Kayuringin,2026-05-29 08:00:00,-,95,48,,48,13,0,2,,,,,
Jakarta,The Pakubuwono Menteng,2026-05-30 15:18:59,138,138,54,98,,,,,44,34.3,,,
Depok,Cinere - Nafas,2026-05-28 01:30:22,-,72,22,50,,,,,57,26.9,,,
Bogor,Kabupaten Bogor Leuwiliang,2026-05-30 15:00:00,71,70,35,,4,10,0,71,,,,,
Tangerang,Tangerang Pasir Jaya,2026-05-30 15:00:00,54,54,30,,59,63,0,26,,,,,
Bekasi,Bekasi Kayuringin,2026-05-29 08:00:00,-,95,48,,48,13,0,2,,,,,
Jakarta,The Pakubuwono Menteng,2026-05-30 15:22:00,138,138,54,97,,,,,44,34,,,
Depok,Cinere - Nafas,2026-05-28 01:30:22,-,72,22,50,,,,,57,26.9,,,
Bogor,Kabupaten Bogor Leuwiliang,2026-05-30 15:00:00,71,70,35,,4,10,0,71,,,,,
Tangerang,Tangerang Pasir Jaya,2026-05-30 15:00:00,54,54,30,,59,63,0,26,,,,,
Bekasi,Bekasi Kayuringin,2026-05-29 08:00:00,-,95,48,,48,13,0,2,,,,,
Jakarta,The Pakubuwono Menteng,2026-05-30 15:22:00,138,138,54,97,,,,,44,34,,,
Depok,Cinere - Nafas,2026-05-28 01:30:22,-,72,22,50,,,,,57,26.9,,,
Bogor,Kabupaten Bogor Leuwiliang,2026-05-30 15:00:00,71,70,35,,4,10,0,71,,,,,
Tangerang,Tangerang Pasir Jaya,2026-05-30 15:00:00,54,54,30,,59,63,0,26,,,,,
Bekasi,Bekasi Kayuringin,2026-05-29 08:00:00,-,95,48,,48,13,0,2,,,,,
Jakarta,The Pakubuwono Menteng,2026-05-30 15:25:00,133,133,53,97,,,,,45,33.9,,,
Depok,Cinere - Nafas,2026-05-28 01:30:22,-,72,22,50,,,,,57,26.9,,,
Bogor,Kabupaten Bogor Leuwiliang,2026-05-30 15:00:00,71,70,35,,4,10,0,71,,,,,
Tangerang,Tangerang Pasir Jaya,2026-05-30 15:00:00,54,54,30,,59,63,0,26,,,,,
Bekasi,Bekasi Kayuringin,2026-05-29 08:00:00,-,95,48,,48,13,0,2,,,,,
Jakarta,The Pakubuwono Menteng,2026-05-30 15:25:00,133,133,53,97,,,,,45,33.9,,,
Depok,Cinere - Nafas,2026-05-28 01:30:22,-,72,22,50,,,,,57,26.9,,,
Bogor,Kabupaten Bogor Leuwiliang,2026-05-30 15:00:00,71,70,35,,4,10,0,71,,,,,
Tangerang,Tangerang Pasir Jaya,2026-05-30 15:00:00,54,54,30,,59,63,0,26,,,,,
Bekasi,Bekasi Kayuringin,2026-05-29 08:00:00,-,95,48,,48,13,0,2,,,,,
Jakarta,The Pakubuwono Menteng,2026-05-30 15:27:00,133,133,52,96,,,,,45,33.9,,,
Depok,Cinere - Nafas,2026-05-28 01:30:22,-,72,22,50,,,,,57,26.9,,,
Bogor,Kabupaten Bogor Leuwiliang,2026-05-30 15:00:00,71,70,35,,4,10,0,71,,,,,
Tangerang,Tangerang Pasir Jaya,2026-05-30 15:00:00,54,54,30,,59,63,0,26,,,,,
Bekasi,Bekasi Kayuringin,2026-05-29 08:00:00,-,95,48,,48,13,0,2,,,,,
Jakarta,The Pakubuwono Menteng,2026-05-30 15:29:00,136,136,53,97,,,,,45,33.7,,,
Depok,Cinere - Nafas,2026-05-28 01:30:22,-,72,22,50,,,,,57,26.9,,,
Bogor,Kabupaten Bogor Leuwiliang,2026-05-30 15:00:00,71,70,35,,4,10,0,71,,,,,
Tangerang,Tangerang Pasir Jaya,2026-05-30 15:00:00,54,54,30,,59,63,0,26,,,,,
Bekasi,Bekasi Kayuringin,2026-05-29 08:00:00,-,95,48,,48,13,0,2,,,,,
Jakarta,The Pakubuwono Menteng,2026-05-30 15:29:00,136,136,53,97,,,,,45,33.7,,,
Depok,Cinere - Nafas,2026-05-28 01:30:22,-,72,22,50,,,,,57,26.9,,,
Bogor,Kabupaten Bogor Leuwiliang,2026-05-30 15:00:00,71,70,35,,4,10,0,71,,,,,
Tangerang,Tangerang Pasir Jaya,2026-05-30 15:00:00,54,54,30,,59,63,0,26,,,,,
Bekasi,Bekasi Kayuringin,2026-05-29 08:00:00,-,95,48,,48,13,0,2,,,,,
Jakarta,The Pakubuwono Menteng,2026-05-30 15:31:00,130,130,52,94,,,,,45,33.7,,,
Depok,Cinere - Nafas,2026-05-28 01:30:22,-,72,22,50,,,,,57,26.9,,,
Bogor,Kabupaten Bogor Leuwiliang,2026-05-30 15:00:00,71,70,35,,4,10,0,71,,,,,
Tangerang,Tangerang Pasir Jaya,2026-05-30 15:00:00,54,54,30,,59,63,0,26,,,,,
Bekasi,Bekasi Kayuringin,2026-05-29 08:00:00,-,95,48,,48,13,0,2,,,,,
Jakarta,The Pakubuwono Menteng,2026-05-30 15:33:00,134,134,53,95,,,,,45,33.59,,,
Depok,Cinere - Nafas,2026-05-28 01:30:22,-,72,22,50,,,,,57,26.9,,,
Bogor,Kabupaten Bogor Leuwiliang,2026-05-30 15:00:00,71,70,35,,4,10,0,71,,,,,
Tangerang,Tangerang Pasir Jaya,2026-05-30 15:00:00,54,54,30,,59,63,0,26,,,,,
Bekasi,Bekasi Kayuringin,2026-05-29 08:00:00,-,95,48,,48,13,0,2,,,,,
Jakarta,The Pakubuwono Menteng,2026-05-30 15:33:00,134,134,53,95,,,,,45,33.59,,,
Depok,Cinere - Nafas,2026-05-28 01:30:22,-,72,22,50,,,,,57,26.9,,,
Bogor,Kabupaten Bogor Leuwiliang,2026-05-30 15:00:00,71,70,35,,4,10,0,71,,,,,
Tangerang,Tangerang Pasir Jaya,2026-05-30 15:00:00,54,54,30,,59,63,0,26,,,,,
Bekasi,Bekasi Kayuringin,2026-05-29 08:00:00,-,95,48,,48,13,0,2,,,,,
Jakarta,The Pakubuwono Menteng,2026-05-30 15:35:00,138,138,54,96,,,,,45,33.5,,,
Depok,Cinere - Nafas,2026-05-28 01:30:22,-,72,22,50,,,,,57,26.9,,,
Bogor,Kabupaten Bogor Leuwiliang,2026-05-30 15:00:00,71,70,35,,4,10,0,71,,,,,
Tangerang,Tangerang Pasir Jaya,2026-05-30 15:00:00,54,54,30,,59,63,0,26,,,,,
Bekasi,Bekasi Kayuringin,2026-05-29 08:00:00,-,95,48,,48,13,0,2,,,,,
Jakarta,The Pakubuwono Menteng,2026-05-30 15:35:00,138,138,54,96,,,,,45,33.5,,,
Depok,Cinere - Nafas,2026-05-28 01:30:22,-,72,22,50,,,,,57,26.9,,,
Bogor,Kabupaten Bogor Leuwiliang,2026-05-30 15:00:00,71,70,35,,4,10,0,71,,,,,
Tangerang,Tangerang Pasir Jaya,2026-05-30 15:00:00,54,54,30,,59,63,0,26,,,,,
Bekasi,Bekasi Kayuringin,2026-05-29 08:00:00,-,95,48,,48,13,0,2,,,,,
Jakarta,The Pakubuwono Menteng,2026-05-30 15:37:00,134,134,54,96,,,,,46,33.5,,,
Depok,Cinere - Nafas,2026-05-28 01:30:22,-,72,22,50,,,,,57,26.9,,,
Bogor,Kabupaten Bogor Leuwiliang,2026-05-30 15:00:00,71,70,35,,4,10,0,71,,,,,
Tangerang,Tangerang Pasir Jaya,2026-05-30 15:00:00,54,54,30,,59,63,0,26,,,,,
Bekasi,Bekasi Kayuringin,2026-05-29 08:00:00,-,95,48,,48,13,0,2,,,,,
Jakarta,The Pakubuwono Menteng,2026-05-30 15:37:00,134,134,54,96,,,,,46,33.5,,,
Depok,Cinere - Nafas,2026-05-28 01:30:22,-,72,22,50,,,,,57,26.9,,,
Bogor,Kabupaten Bogor Leuwiliang,2026-05-30 15:00:00,71,70,35,,4,10,0,71,,,,,
Tangerang,Tangerang Pasir Jaya,2026-05-30 15:00:00,54,54,30,,59,63,0,26,,,,,
Bekasi,Bekasi Kayuringin,2026-05-29 08:00:00,-,95,48,,48,13,0,2,,,,,
Jakarta,The Pakubuwono Menteng,2026-05-30 15:39:00,135,135,53,98,,,,,46,33.4,,,
Depok,Cinere - Nafas,2026-05-28 01:30:22,-,72,22,50,,,,,57,26.9,,,
Bogor,Kabupaten Bogor Leuwiliang,2026-05-30 15:00:00,71,70,35,,4,10,0,71,,,,,
Tangerang,Tangerang Pasir Jaya,2026-05-30 15:00:00,54,54,30,,59,63,0,26,,,,,
Bekasi,Bekasi Kayuringin,2026-05-29 08:00:00,-,95,48,,48,13,0,2,,,,,
Jakarta,The Pakubuwono Menteng,2026-05-30 15:39:00,135,135,53,98,,,,,46,33.4,,,
Depok,Cinere - Nafas,2026-05-28 01:30:22,-,72,22,50,,,,,57,26.9,,,
Bogor,Kabupaten Bogor Leuwiliang,2026-05-30 15:00:00,71,70,35,,4,10,0,71,,,,,
Tangerang,Tangerang Pasir Jaya,2026-05-30 15:00:00,54,54,30,,59,63,0,26,,,,,
Bekasi,Bekasi Kayuringin,2026-05-29 08:00:00,-,95,48,,48,13,0,2,,,,,
Jakarta,The Pakubuwono Menteng,2026-05-30 15:41:00,131,131,52,95,,,,,46,33.4,,,
Depok,Cinere - Nafas,2026-05-28 01:30:22,-,72,22,50,,,,,57,26.9,,,
Bogor,Kabupaten Bogor Leuwiliang,2026-05-30 15:00:00,71,70,35,,4,10,0,71,,,,,
Tangerang,Tangerang Pasir Jaya,2026-05-30 15:00:00,54,54,30,,59,63,0,26,,,,,
Bekasi,Bekasi Kayuringin,2026-05-29 08:00:00,-,95,48,,48,13,0,2,,,,,
Jakarta,The Pakubuwono Menteng,2026-05-30 15:43:00,134,134,53,96,,,,,46,33.4,,,
Depok,Cinere - Nafas,2026-05-28 01:30:22,-,72,22,50,,,,,57,26.9,,,
Bogor,Kabupaten Bogor Leuwiliang,2026-05-30 15:00:00,71,70,35,,4,10,0,71,,,,,
Tangerang,Tangerang Pasir Jaya,2026-05-30 15:00:00,54,54,30,,59,63,0,26,,,,,
Bekasi,Bekasi Kayuringin,2026-05-29 08:00:00,-,95,48,,48,13,0,2,,,,,
Jakarta,The Pakubuwono Menteng,2026-05-30 15:43:00,134,134,53,96,,,,,46,33.4,,,
Depok,Cinere - Nafas,2026-05-28 01:30:22,-,72,22,50,,,,,57,26.9,,,
Bogor,Kabupaten Bogor Leuwiliang,2026-05-30 15:00:00,71,70,35,,4,10,0,71,,,,,
Tangerang,Tangerang Pasir Jaya,2026-05-30 15:00:00,54,54,30,,59,63,0,26,,,,,
Bekasi,Bekasi Kayuringin,2026-05-29 08:00:00,-,95,48,,48,13,0,2,,,,,
Jakarta,The Pakubuwono Menteng,2026-05-30 15:46:00,135,135,53,95,,,,,46,33.3,,,
Depok,Cinere - Nafas,2026-05-28 01:30:22,-,72,22,50,,,,,57,26.9,,,
Bogor,Kabupaten Bogor Leuwiliang,2026-05-30 15:00:00,71,70,35,,4,10,0,71,,,,,
Tangerang,Tangerang Pasir Jaya,2026-05-30 15:00:00,54,54,30,,59,63,0,26,,,,,
Bekasi,Bekasi Kayuringin,2026-05-29 08:00:00,-,95,48,,48,13,0,2,,,,,
Jakarta,The Pakubuwono Menteng,2026-05-30 15:46:00,135,135,53,95,,,,,46,33.3,,,
Depok,Cinere - Nafas,2026-05-28 01:30:22,-,72,22,50,,,,,57,26.9,,,
Bogor,Kabupaten Bogor Leuwiliang,2026-05-30 15:00:00,71,70,35,,4,10,0,71,,,,,
Tangerang,Tangerang Pasir Jaya,2026-05-30 15:00:00,54,54,30,,59,63,0,26,,,,,
Bekasi,Bekasi Kayuringin,2026-05-29 08:00:00,-,95,48,,48,13,0,2,,,,,
Jakarta,The Pakubuwono Menteng,2026-05-30 15:48:00,135,135,52,96,,,,,46,33.2,,,
Depok,Cinere - Nafas,2026-05-28 01:30:22,-,72,22,50,,,,,57,26.9,,,
Bogor,Kabupaten Bogor Leuwiliang,2026-05-30 15:00:00,71,70,35,,4,10,0,71,,,,,
Tangerang,Tangerang Pasir Jaya,2026-05-30 15:00:00,54,54,30,,59,63,0,26,,,,,
Bekasi,Bekasi Kayuringin,2026-05-29 08:00:00,-,95,48,,48,13,0,2,,,,,
Jakarta,The Pakubuwono Menteng,2026-05-30 15:48:00,135,135,52,96,,,,,46,33.2,,,
Depok,Cinere - Nafas,2026-05-28 01:30:22,-,72,22,50,,,,,57,26.9,,,
Bogor,Kabupaten Bogor Leuwiliang,2026-05-30 15:00:00,71,70,35,,4,10,0,71,,,,,
Tangerang,Tangerang Pasir Jaya,2026-05-30 15:00:00,54,54,30,,59,63,0,26,,,,,
Bekasi,Bekasi Kayuringin,2026-05-29 08:00:00,-,95,48,,48,13,0,2,,,,,
Jakarta,The Pakubuwono Menteng,2026-05-30 15:50:00,136,136,53,94,,,,,46,33,,,
Depok,Cinere - Nafas,2026-05-28 01:30:22,-,72,22,50,,,,,57,26.9,,,
Bogor,Kabupaten Bogor Leuwiliang,2026-05-30 15:00:00,71,70,35,,4,10,0,71,,,,,
Tangerang,Tangerang Pasir Jaya,2026-05-30 15:00:00,54,54,30,,59,63,0,26,,,,,
Bekasi,Bekasi Kayuringin,2026-05-29 08:00:00,-,95,48,,48,13,0,2,,,,,
Jakarta,The Pakubuwono Menteng,2026-05-30 15:50:00,136,136,53,94,,,,,46,33,,,
Depok,Cinere - Nafas,2026-05-28 01:30:22,-,72,22,50,,,,,57,26.9,,,
Bogor,Kabupaten Bogor Leuwiliang,2026-05-30 15:00:00,71,70,35,,4,10,0,71,,,,,
Tangerang,Tangerang Pasir Jaya,2026-05-30 15:00:00,54,54,30,,59,63,0,26,,,,,
Bekasi,Bekasi Kayuringin,2026-05-29 08:00:00,-,95,48,,48,13,0,2,,,,,
Jakarta,The Pakubuwono Menteng,2026-05-30 15:52:00,130,130,52,95,,,,,46,32.8,,,
Depok,Cinere - Nafas,2026-05-28 01:30:22,-,72,22,50,,,,,57,26.9,,,
Bogor,Kabupaten Bogor Leuwiliang,2026-05-30 15:00:00,71,70,35,,4,10,0,71,,,,,
Tangerang,Tangerang Pasir Jaya,2026-05-30 15:00:00,54,54,30,,59,63,0,26,,,,,
Bekasi,Bekasi Kayuringin,2026-05-29 08:00:00,-,95,48,,48,13,0,2,,,,,
Jakarta,The Pakubuwono Menteng,2026-05-30 15:54:00,130,130,52,95,,,,,47,32.7,,,
Depok,Cinere - Nafas,2026-05-28 01:30:22,-,72,22,50,,,,,57,26.9,,,
Bogor,Kabupaten Bogor Leuwiliang,2026-05-30 15:00:00,71,70,35,,4,10,0,71,,,,,
Tangerang,Tangerang Pasir Jaya,2026-05-30 15:00:00,54,54,30,,59,63,0,26,,,,,
Bekasi,Bekasi Kayuringin,2026-05-29 08:00:00,-,95,48,,48,13,0,2,,,,,
Jakarta,The Pakubuwono Menteng,2026-05-30 15:54:00,130,130,52,95,,,,,47,32.7,,,
Depok,Cinere - Nafas,2026-05-28 01:30:22,-,72,22,50,,,,,57,26.9,,,
Bogor,Kabupaten Bogor Leuwiliang,2026-05-30 15:00:00,71,70,35,,4,10,0,71,,,,,
Tangerang,Tangerang Pasir Jaya,2026-05-30 15:00:00,54,54,30,,59,63,0,26,,,,,
Bekasi,Bekasi Kayuringin,2026-05-29 08:00:00,-,95,48,,48,13,0,2,,,,,
Jakarta,The Pakubuwono Menteng,2026-05-30 15:56:01,130,130,52,95,,,,,47,32.59,,,
Depok,Cinere - Nafas,2026-05-28 01:30:22,-,72,22,50,,,,,57,26.9,,,
Bogor,Kabupaten Bogor Leuwiliang,2026-05-30 15:00:00,71,70,35,,4,10,0,71,,,,,
Tangerang,Tangerang Pasir Jaya,2026-05-30 15:00:00,54,54,30,,59,63,0,26,,,,,
Bekasi,Bekasi Kayuringin,2026-05-29 08:00:00,-,95,48,,48,13,0,2,,,,,
Jakarta,The Pakubuwono Menteng,2026-05-30 15:56:01,130,130,52,95,,,,,47,32.59,,,
Depok,Cinere - Nafas,2026-05-28 01:30:22,-,72,22,50,,,,,57,26.9,,,
Bogor,Kabupaten Bogor Leuwiliang,2026-05-30 15:00:00,71,70,35,,4,10,0,71,,,,,
Tangerang,Tangerang Pasir Jaya,2026-05-30 15:00:00,54,54,30,,59,63,0,26,,,,,
Bekasi,Bekasi Kayuringin,2026-05-29 08:00:00,-,95,48,,48,13,0,2,,,,,
Jakarta,The Pakubuwono Menteng,2026-05-30 15:59:01,131,131,51,94,,,,,48,32.4,,,
Depok,Cinere - Nafas,2026-05-28 01:30:22,-,72,22,50,,,,,57,26.9,,,
Bogor,Kabupaten Bogor Leuwiliang,2026-05-30 15:00:00,71,70,35,,4,10,0,71,,,,,
Tangerang,Tangerang Pasir Jaya,2026-05-30 15:00:00,54,54,30,,59,63,0,26,,,,,
Bekasi,Bekasi Kayuringin,2026-05-29 08:00:00,-,95,48,,48,13,0,2,,,,,
Jakarta,The Pakubuwono Menteng,2026-05-30 15:59:01,131,131,51,94,,,,,48,32.4,,,
Depok,Cinere - Nafas,2026-05-28 01:30:22,-,72,22,50,,,,,57,26.9,,,
Bogor,Kabupaten Bogor Leuwiliang,2026-05-30 15:00:00,71,70,35,,4,10,0,71,,,,,
Tangerang,Tangerang Pasir Jaya,2026-05-30 15:00:00,54,54,30,,59,63,0,26,,,,,
Bekasi,Bekasi Kayuringin,2026-05-29 08:00:00,-,95,48,,48,13,0,2,,,,,
Jakarta,The Pakubuwono Menteng,2026-05-30 15:59:01,131,131,51,94,,,,,48,32.4,,,
Depok,Cinere - Nafas,2026-05-28 01:30:22,-,72,22,50,,,,,57,26.9,,,
Bogor,Kabupaten Bogor Leuwiliang,2026-05-30 15:00:00,71,70,35,,4,10,0,71,,,,,
Tangerang,Tangerang Pasir Jaya,2026-05-30 15:00:00,54,54,30,,59,63,0,26,,,,,
Bekasi,Bekasi Kayuringin,2026-05-29 08:00:00,-,95,48,,48,13,0,2,,,,,
Jakarta,The Pakubuwono Menteng,2026-05-30 16:01:01,128,128,51,93,,,,,48,32.4,,,
Depok,Cinere - Nafas,2026-05-28 01:30:22,-,72,22,50,,,,,57,26.9,,,
Bogor,Kabupaten Bogor Leuwiliang,2026-05-30 15:00:00,71,70,35,,4,10,0,71,,,,,
Tangerang,Tangerang Pasir Jaya,2026-05-30 15:00:00,54,54,30,,59,63,0,26,,,,,
Bekasi,Bekasi Kayuringin,2026-05-29 08:00:00,-,95,48,,48,13,0,2,,,,,
Jakarta,The Pakubuwono Menteng,2026-05-30 16:01:01,128,128,51,93,,,,,48,32.4,,,
Depok,Cinere - Nafas,2026-05-28 01:30:22,-,72,22,50,,,,,57,26.9,,,
Bogor,Kabupaten Bogor Leuwiliang,2026-05-30 16:00:00,71,70,35,,4,10,0,71,,,,,
Tangerang,Tangerang Pasir Jaya,2026-05-30 16:00:00,59,59,32,,59,63,0,26,,,,,
Bekasi,Bekasi Kayuringin,2026-05-29 08:00:00,-,95,48,,48,13,0,2,,,,,
Jakarta,The Pakubuwono Menteng,2026-05-30 16:03:01,125,125,50,89,,,,,48,32.3,,,
Depok,Cinere - Nafas,2026-05-28 01:30:22,-,72,22,50,,,,,57,26.9,,,
Bogor,Kabupaten Bogor Leuwiliang,2026-05-30 16:00:00,71,70,35,,4,10,0,71,,,,,
Tangerang,Tangerang Pasir Jaya,2026-05-30 16:00:00,59,59,32,,59,63,0,26,,,,,
Bekasi,Bekasi Kayuringin,2026-05-29 08:00:00,-,95,48,,48,13,0,2,,,,,
Jakarta,The Pakubuwono Menteng,2026-05-30 16:06:01,127,127,51,92,,,,,48,32.2,,,
Depok,Cinere - Nafas,2026-05-28 01:30:22,-,72,22,50,,,,,57,26.9,,,
Bogor,Kabupaten Bogor Leuwiliang,2026-05-30 16:00:00,71,70,35,,4,10,0,71,,,,,
Tangerang,Tangerang Pasir Jaya,2026-05-30 16:00:00,59,59,32,,59,63,0,26,,,,,
Bekasi,Bekasi Kayuringin,2026-05-29 08:00:00,-,95,48,,48,13,0,2,,,,,
Jakarta,The Pakubuwono Menteng,2026-05-30 16:06:01,127,127,51,92,,,,,48,32.2,,,
Depok,Cinere - Nafas,2026-05-28 01:30:22,-,72,22,50,,,,,57,26.9,,,
Bogor,Kabupaten Bogor Leuwiliang,2026-05-30 16:00:00,71,70,35,,4,10,0,71,,,,,
Tangerang,Tangerang Pasir Jaya,2026-05-30 16:00:00,59,59,32,,59,63,0,26,,,,,
Bekasi,Bekasi Kayuringin,2026-05-29 08:00:00,-,95,48,,48,13,0,2,,,,,
Jakarta,The Pakubuwono Menteng,2026-05-30 16:08:01,126,126,51,90,,,,,49,32.09,,,
Depok,Cinere - Nafas,2026-05-28 01:30:22,-,72,22,50,,,,,57,26.9,,,
Bogor,Kabupaten Bogor Leuwiliang,2026-05-30 16:00:00,71,70,35,,4,10,0,71,,,,,
Tangerang,Tangerang Pasir Jaya,2026-05-30 16:00:00,59,59,32,,59,63,0,26,,,,,
Bekasi,Bekasi Kayuringin,2026-05-29 08:00:00,-,95,48,,48,13,0,2,,,,,
Jakarta,The Pakubuwono Menteng,2026-05-30 16:08:01,126,126,51,90,,,,,49,32.09,,,
Depok,Cinere - Nafas,2026-05-28 01:30:22,-,72,22,50,,,,,57,26.9,,,
Bogor,Kabupaten Bogor Leuwiliang,2026-05-30 16:00:00,71,70,35,,4,10,0,71,,,,,
Tangerang,Tangerang Pasir Jaya,2026-05-30 16:00:00,59,59,32,,59,63,0,26,,,,,
Bekasi,Bekasi Kayuringin,2026-05-29 08:00:00,-,95,48,,48,13,0,2,,,,,
Jakarta,The Pakubuwono Menteng,2026-05-30 16:10:01,128,128,51,94,,,,,48,32.09,,,
Depok,Cinere - Nafas,2026-05-28 01:30:22,-,72,22,50,,,,,57,26.9,,,
Bogor,Kabupaten Bogor Leuwiliang,2026-05-30 16:00:00,71,70,35,,4,10,0,71,,,,,
Tangerang,Tangerang Pasir Jaya,2026-05-30 16:00:00,59,59,32,,59,63,0,26,,,,,
Bekasi,Bekasi Kayuringin,2026-05-29 08:00:00,-,95,48,,48,13,0,2,,,,,
Jakarta,The Pakubuwono Menteng,2026-05-30 16:10:01,128,128,51,94,,,,,48,32.09,,,
Depok,Cinere - Nafas,2026-05-28 01:30:22,-,72,22,50,,,,,57,26.9,,,
Bogor,Kabupaten Bogor Leuwiliang,2026-05-30 16:00:00,71,70,35,,4,10,0,71,,,,,
Tangerang,Tangerang Pasir Jaya,2026-05-30 16:00:00,59,59,32,,59,63,0,26,,,,,
Bekasi,Bekasi Kayuringin,2026-05-29 08:00:00,-,95,48,,48,13,0,2,,,,,
Jakarta,The Pakubuwono Menteng,2026-05-30 16:12:01,128,128,52,94,,,,,49,32.09,,,
Depok,Cinere - Nafas,2026-05-28 01:30:22,-,72,22,50,,,,,57,26.9,,,
Bogor,Kabupaten Bogor Leuwiliang,2026-05-30 16:00:00,71,70,35,,4,10,0,71,,,,,
Tangerang,Tangerang Pasir Jaya,2026-05-30 16:00:00,59,59,32,,59,63,0,26,,,,,
Bekasi,Bekasi Kayuringin,2026-05-29 08:00:00,-,95,48,,48,13,0,2,,,,,
Jakarta,The Pakubuwono Menteng,2026-05-30 16:12:01,128,128,52,94,,,,,49,32.09,,,
Depok,Cinere - Nafas,2026-05-28 01:30:22,-,72,22,50,,,,,57,26.9,,,
Bogor,Kabupaten Bogor Leuwiliang,2026-05-30 16:00:00,71,70,35,,4,10,0,71,,,,,
Tangerang,Tangerang Pasir Jaya,2026-05-30 16:00:00,59,59,32,,59,63,0,26,,,,,
Bekasi,Bekasi Kayuringin,2026-05-29 08:00:00,-,95,48,,48,13,0,2,,,,,
Jakarta,The Pakubuwono Menteng,2026-05-30 16:15:01,130,130,52,94,,,,,49,32.2,,,
Depok,Cinere - Nafas,2026-05-28 01:30:22,-,72,22,50,,,,,57,26.9,,,
Bogor,Kabupaten Bogor Leuwiliang,2026-05-30 16:00:00,71,70,35,,4,10,0,71,,,,,
Tangerang,Tangerang Pasir Jaya,2026-05-30 16:00:00,59,59,32,,59,63,0,26,,,,,
Bekasi,Bekasi Kayuringin,2026-05-29 08:00:00,-,95,48,,48,13,0,2,,,,,
Jakarta,The Pakubuwono Menteng,2026-05-30 16:17:01,125,125,51,92,,,,,49,32.2,,,
Depok,Cinere - Nafas,2026-05-28 01:30:22,-,72,22,50,,,,,57,26.9,,,
Bogor,Kabupaten Bogor Leuwiliang,2026-05-30 16:00:00,71,70,35,,4,10,0,71,,,,,
Tangerang,Tangerang Pasir Jaya,2026-05-30 16:00:00,59,59,32,,59,63,0,26,,,,,
Bekasi,Bekasi Kayuringin,2026-05-29 08:00:00,-,95,48,,48,13,0,2,,,,,
Jakarta,The Pakubuwono Menteng,2026-05-30 16:17:01,125,125,51,92,,,,,49,32.2,,,
Depok,Cinere - Nafas,2026-05-28 01:30:22,-,72,22,50,,,,,57,26.9,,,
Bogor,Kabupaten Bogor Leuwiliang,2026-05-30 16:00:00,71,70,35,,4,10,0,71,,,,,
Tangerang,Tangerang Pasir Jaya,2026-05-30 16:00:00,59,59,32,,59,63,0,26,,,,,
Bekasi,Bekasi Kayuringin,2026-05-29 08:00:00,-,95,48,,48,13,0,2,,,,,
Jakarta,The Pakubuwono Menteng,2026-05-30 16:19:01,123,123,50,89,,,,,48,32.2,,,
Depok,Cinere - Nafas,2026-05-28 01:30:22,-,72,22,50,,,,,57,26.9,,,
Bogor,Kabupaten Bogor Leuwiliang,2026-05-30 16:00:00,71,70,35,,4,10,0,71,,,,,
Tangerang,Tangerang Pasir Jaya,2026-05-30 16:00:00,59,59,32,,59,63,0,26,,,,,
Bekasi,Bekasi Kayuringin,2026-05-29 08:00:00,-,95,48,,48,13,0,2,,,,,
Jakarta,The Pakubuwono Menteng,2026-05-30 16:19:01,123,123,50,89,,,,,48,32.2,,,
Depok,Cinere - Nafas,2026-05-28 01:30:22,-,72,22,50,,,,,57,26.9,,,
Bogor,Kabupaten Bogor Leuwiliang,2026-05-30 16:00:00,71,70,35,,4,10,0,71,,,,,
Tangerang,Tangerang Pasir Jaya,2026-05-30 16:00:00,59,59,32,,59,63,0,26,,,,,
Bekasi,Bekasi Kayuringin,2026-05-29 08:00:00,-,95,48,,48,13,0,2,,,,,
Jakarta,The Pakubuwono Menteng,2026-05-30 16:21:01,123,123,49,90,,,,,48,32.2,,,
Depok,Cinere - Nafas,2026-05-28 01:30:22,-,72,22,50,,,,,57,26.9,,,
Bogor,Kabupaten Bogor Leuwiliang,2026-05-30 16:00:00,71,70,35,,4,10,0,71,,,,,
Tangerang,Tangerang Pasir Jaya,2026-05-30 16:00:00,59,59,32,,59,63,0,26,,,,,
Bekasi,Bekasi Kayuringin,2026-05-29 08:00:00,-,95,48,,48,13,0,2,,,,,
Jakarta,The Pakubuwono Menteng,2026-05-30 16:21:01,123,123,49,90,,,,,48,32.2,,,
Depok,Cinere - Nafas,2026-05-28 01:30:22,-,72,22,50,,,,,57,26.9,,,
Bogor,Kabupaten Bogor Leuwiliang,2026-05-30 16:00:00,71,70,35,,4,10,0,71,,,,,
Tangerang,Tangerang Pasir Jaya,2026-05-30 16:00:00,59,59,32,,59,63,0,26,,,,,
Bekasi,Bekasi Kayuringin,2026-05-29 08:00:00,-,95,48,,48,13,0,2,,,,,
Jakarta,The Pakubuwono Menteng,2026-05-30 16:24:01,126,126,50,90,,,,,49,32.09,,,
Depok,Cinere - Nafas,2026-05-28 01:30:22,-,72,22,50,,,,,57,26.9,,,
Bogor,Kabupaten Bogor Leuwiliang,2026-05-30 16:00:00,71,70,35,,4,10,0,71,,,,,
Tangerang,Tangerang Pasir Jaya,2026-05-30 16:00:00,59,59,32,,59,63,0,26,,,,,
Bekasi,Bekasi Kayuringin,2026-05-29 08:00:00,-,95,48,,48,13,0,2,,,,,
Jakarta,The Pakubuwono Menteng,2026-05-30 16:24:01,126,126,50,90,,,,,49,32.09,,,
Depok,Cinere - Nafas,2026-05-28 01:30:22,-,72,22,50,,,,,57,26.9,,,
Bogor,Kabupaten Bogor Leuwiliang,2026-05-30 16:00:00,71,70,35,,4,10,0,71,,,,,
Tangerang,Tangerang Pasir Jaya,2026-05-30 16:00:00,59,59,32,,59,63,0,26,,,,,
Bekasi,Bekasi Kayuringin,2026-05-29 08:00:00,-,95,48,,48,13,0,2,,,,,
Jakarta,The Pakubuwono Menteng,2026-05-30 16:26:01,123,123,49,90,,,,,49,32,,,
Depok,Cinere - Nafas,2026-05-28 01:30:22,-,72,22,50,,,,,57,26.9,,,
Bogor,Kabupaten Bogor Leuwiliang,2026-05-30 16:00:00,71,70,35,,4,10,0,71,,,,,
Tangerang,Tangerang Pasir Jaya,2026-05-30 16:00:00,59,59,32,,59,63,0,26,,,,,
Bekasi,Bekasi Kayuringin,2026-05-29 08:00:00,-,95,48,,48,13,0,2,,,,,
Jakarta,The Pakubuwono Menteng,2026-05-30 16:28:01,119,119,48,89,,,,,49,31.9,,,
Depok,Cinere - Nafas,2026-05-28 01:30:22,-,72,22,50,,,,,57,26.9,,,
Bogor,Kabupaten Bogor Leuwiliang,2026-05-30 16:00:00,71,70,35,,4,10,0,71,,,,,
Tangerang,Tangerang Pasir Jaya,2026-05-30 16:00:00,59,59,32,,59,63,0,26,,,,,
Bekasi,Bekasi Kayuringin,2026-05-29 08:00:00,-,95,48,,48,13,0,2,,,,,
Jakarta,The Pakubuwono Menteng,2026-05-30 16:28:01,119,119,48,89,,,,,49,31.9,,,
Depok,Cinere - Nafas,2026-05-28 01:30:22,-,72,22,50,,,,,57,26.9,,,
Bogor,Kabupaten Bogor Leuwiliang,2026-05-30 16:00:00,71,70,35,,4,10,0,71,,,,,
Tangerang,Tangerang Pasir Jaya,2026-05-30 16:00:00,59,59,32,,59,63,0,26,,,,,
Bekasi,Bekasi Kayuringin,2026-05-29 08:00:00,-,95,48,,48,13,0,2,,,,,
Jakarta,The Pakubuwono Menteng,2026-05-30 16:30:01,123,123,50,90,,,,,49,31.8,,,
Depok,Cinere - Nafas,2026-05-28 01:30:22,-,72,22,50,,,,,57,26.9,,,
Bogor,Kabupaten Bogor Leuwiliang,2026-05-30 16:00:00,71,70,35,,4,10,0,71,,,,,
Tangerang,Tangerang Pasir Jaya,2026-05-30 16:00:00,59,59,32,,59,63,0,26,,,,,
Bekasi,Bekasi Kayuringin,2026-05-29 08:00:00,-,95,48,,48,13,0,2,,,,,
Jakarta,The Pakubuwono Menteng,2026-05-30 16:30:01,123,123,50,90,,,,,49,31.8,,,
Depok,Cinere - Nafas,2026-05-28 01:30:22,-,72,22,50,,,,,57,26.9,,,
Bogor,Kabupaten Bogor Leuwiliang,2026-05-30 16:00:00,71,70,35,,4,10,0,71,,,,,
Tangerang,Tangerang Pasir Jaya,2026-05-30 16:00:00,59,59,32,,59,63,0,26,,,,,
Bekasi,Bekasi Kayuringin,2026-05-29 08:00:00,-,95,48,,48,13,0,2,,,,,
Jakarta,The Pakubuwono Menteng,2026-05-30 16:32:01,120,120,46,88,,,,,48,31.7,,,
Depok,Cinere - Nafas,2026-05-28 01:30:22,-,72,22,50,,,,,57,26.9,,,
Bogor,Kabupaten Bogor Leuwiliang,2026-05-30 16:00:00,71,70,35,,4,10,0,71,,,,,
Tangerang,Tangerang Pasir Jaya,2026-05-30 16:00:00,59,59,32,,59,63,0,26,,,,,
Bekasi,Bekasi Kayuringin,2026-05-29 08:00:00,-,95,48,,48,13,0,2,,,,,
Jakarta,The Pakubuwono Menteng,2026-05-30 16:32:01,120,120,46,88,,,,,48,31.7,,,
Depok,Cinere - Nafas,2026-05-28 01:30:22,-,72,22,50,,,,,57,26.9,,,
Bogor,Kabupaten Bogor Leuwiliang,2026-05-30 16:00:00,71,70,35,,4,10,0,71,,,,,
Tangerang,Tangerang Pasir Jaya,2026-05-30 16:00:00,59,59,32,,59,63,0,26,,,,,
Bekasi,Bekasi Kayuringin,2026-05-29 08:00:00,-,95,48,,48,13,0,2,,,,,
Jakarta,The Pakubuwono Menteng,2026-05-30 16:34:01,120,120,48,87,,,,,49,31.6,,,
Depok,Cinere - Nafas,2026-05-28 01:30:22,-,72,22,50,,,,,57,26.9,,,
Bogor,Kabupaten Bogor Leuwiliang,2026-05-30 16:00:00,71,70,35,,4,10,0,71,,,,,
Tangerang,Tangerang Pasir Jaya,2026-05-30 16:00:00,59,59,32,,59,63,0,26,,,,,
Bekasi,Bekasi Kayuringin,2026-05-29 08:00:00,-,95,48,,48,13,0,2,,,,,
Jakarta,The Pakubuwono Menteng,2026-05-30 16:34:01,120,120,48,87,,,,,49,31.6,,,
Depok,Cinere - Nafas,2026-05-28 01:30:22,-,72,22,50,,,,,57,26.9,,,
Bogor,Kabupaten Bogor Leuwiliang,2026-05-30 16:00:00,71,70,35,,4,10,0,71,,,,,
Tangerang,Tangerang Pasir Jaya,2026-05-30 16:00:00,59,59,32,,59,63,0,26,,,,,
Bekasi,Bekasi Kayuringin,2026-05-29 08:00:00,-,95,48,,48,13,0,2,,,,,
Jakarta,The Pakubuwono Menteng,2026-05-30 16:37:01,117,117,45,87,,,,,50,31.5,,,
Depok,Cinere - Nafas,2026-05-28 01:30:22,-,72,22,50,,,,,57,26.9,,,
Bogor,Kabupaten Bogor Leuwiliang,2026-05-30 16:00:00,71,70,35,,4,10,0,71,,,,,
Tangerang,Tangerang Pasir Jaya,2026-05-30 16:00:00,59,59,32,,59,63,0,26,,,,,
Bekasi,Bekasi Kayuringin,2026-05-29 08:00:00,-,95,48,,48,13,0,2,,,,,
Jakarta,The Pakubuwono Menteng,2026-05-30 16:37:01,117,117,45,87,,,,,50,31.5,,,
Depok,Cinere - Nafas,2026-05-28 01:30:22,-,72,22,50,,,,,57,26.9,,,
Bogor,Kabupaten Bogor Leuwiliang,2026-05-30 16:00:00,71,70,35,,4,10,0,71,,,,,
Tangerang,Tangerang Pasir Jaya,2026-05-30 16:00:00,59,59,32,,59,63,0,26,,,,,
Bekasi,Bekasi Kayuringin,2026-05-29 08:00:00,-,95,48,,48,13,0,2,,,,,
Jakarta,The Pakubuwono Menteng,2026-05-30 16:39:01,121,121,49,85,,,,,50,31.5,,,
Depok,Cinere - Nafas,2026-05-28 01:30:22,-,72,22,50,,,,,57,26.9,,,
Bogor,Kabupaten Bogor Leuwiliang,2026-05-30 16:00:00,71,70,35,,4,10,0,71,,,,,
Tangerang,Tangerang Pasir Jaya,2026-05-30 16:00:00,59,59,32,,59,63,0,26,,,,,
Bekasi,Bekasi Kayuringin,2026-05-29 08:00:00,-,95,48,,48,13,0,2,,,,,
Jakarta,The Pakubuwono Menteng,2026-05-30 16:40:02,121,121,48,89,,,,,50,31.5,,,
Depok,Cinere - Nafas,2026-05-28 01:30:22,-,72,22,50,,,,,57,26.9,,,
Bogor,Kabupaten Bogor Leuwiliang,2026-05-30 16:00:00,71,70,35,,4,10,0,71,,,,,
Tangerang,Tangerang Pasir Jaya,2026-05-30 16:00:00,59,59,32,,59,63,0,26,,,,,
Bekasi,Bekasi Kayuringin,2026-05-29 08:00:00,-,95,48,,48,13,0,2,,,,,
Jakarta,The Pakubuwono Menteng,2026-05-30 16:40:02,121,121,48,89,,,,,50,31.5,,,
Depok,Cinere - Nafas,2026-05-28 01:30:22,-,72,22,50,,,,,57,26.9,,,
Bogor,Kabupaten Bogor Leuwiliang,2026-05-30 16:00:00,71,70,35,,4,10,0,71,,,,,
Tangerang,Tangerang Pasir Jaya,2026-05-30 16:00:00,59,59,32,,59,63,0,26,,,,,
Bekasi,Bekasi Kayuringin,2026-05-29 08:00:00,-,95,48,,48,13,0,2,,,,,
Jakarta,The Pakubuwono Menteng,2026-05-30 16:43:01,120,120,49,87,,,,,50,31.4,,,
Depok,Cinere - Nafas,2026-05-28 01:30:22,-,72,22,50,,,,,57,26.9,,,
Bogor,Kabupaten Bogor Leuwiliang,2026-05-30 16:00:00,71,70,35,,4,10,0,71,,,,,
Tangerang,Tangerang Pasir Jaya,2026-05-30 16:00:00,59,59,32,,59,63,0,26,,,,,
Bekasi,Bekasi Kayuringin,2026-05-29 08:00:00,-,95,48,,48,13,0,2,,,,,
Jakarta,The Pakubuwono Menteng,2026-05-30 16:43:01,120,120,49,87,,,,,50,31.4,,,
Depok,Cinere - Nafas,2026-05-28 01:30:22,-,72,22,50,,,,,57,26.9,,,
Bogor,Kabupaten Bogor Leuwiliang,2026-05-30 16:00:00,71,70,35,,4,10,0,71,,,,,
Tangerang,Tangerang Pasir Jaya,2026-05-30 16:00:00,59,59,32,,59,63,0,26,,,,,
Bekasi,Bekasi Kayuringin,2026-05-29 08:00:00,-,95,48,,48,13,0,2,,,,,
Jakarta,The Pakubuwono Menteng,2026-05-30 16:45:02,120,120,48,89,,,,,50,31.4,,,
Depok,Cinere - Nafas,2026-05-28 01:30:22,-,72,22,50,,,,,57,26.9,,,
Bogor,Kabupaten Bogor Leuwiliang,2026-05-30 16:00:00,71,70,35,,4,10,0,71,,,,,
Tangerang,Tangerang Pasir Jaya,2026-05-30 16:00:00,59,59,32,,59,63,0,26,,,,,
Bekasi,Bekasi Kayuringin,2026-05-29 08:00:00,-,95,48,,48,13,0,2,,,,,
Jakarta,The Pakubuwono Menteng,2026-05-30 16:45:02,120,120,48,89,,,,,50,31.4,,,
Depok,Cinere - Nafas,2026-05-28 01:30:22,-,72,22,50,,,,,57,26.9,,,
Bogor,Kabupaten Bogor Leuwiliang,2026-05-30 16:00:00,71,70,35,,4,10,0,71,,,,,
Tangerang,Tangerang Pasir Jaya,2026-05-30 16:00:00,59,59,32,,59,63,0,26,,,,,
Bekasi,Bekasi Kayuringin,2026-05-29 08:00:00,-,95,48,,48,13,0,2,,,,,
Jakarta,The Pakubuwono Menteng,2026-05-30 16:47:01,121,121,49,90,,,,,49,31.4,,,
Depok,Cinere - Nafas,2026-05-28 01:30:22,-,72,22,50,,,,,57,26.9,,,
Bogor,Kabupaten Bogor Leuwiliang,2026-05-30 16:00:00,71,70,35,,4,10,0,71,,,,,
Tangerang,Tangerang Pasir Jaya,2026-05-30 16:00:00,59,59,32,,59,63,0,26,,,,,
Bekasi,Bekasi Kayuringin,2026-05-29 08:00:00,-,95,48,,48,13,0,2,,,,,
Jakarta,The Pakubuwono Menteng,2026-05-30 16:49:02,118,118,47,88,,,,,50,31.4,,,
Depok,Cinere - Nafas,2026-05-28 01:30:22,-,72,22,50,,,,,57,26.9,,,
Bogor,Kabupaten Bogor Leuwiliang,2026-05-30 16:00:00,71,70,35,,4,10,0,71,,,,,
Tangerang,Tangerang Pasir Jaya,2026-05-30 16:00:00,59,59,32,,59,63,0,26,,,,,
Bekasi,Bekasi Kayuringin,2026-05-29 08:00:00,-,95,48,,48,13,0,2,,,,,
Jakarta,The Pakubuwono Menteng,2026-05-30 16:51:02,117,117,45,87,,,,,50,31.3,,,
Depok,Cinere - Nafas,2026-05-28 01:30:22,-,72,22,50,,,,,57,26.9,,,
Bogor,Kabupaten Bogor Leuwiliang,2026-05-30 16:00:00,71,70,35,,4,10,0,71,,,,,
Tangerang,Tangerang Pasir Jaya,2026-05-30 16:00:00,59,59,32,,59,63,0,26,,,,,
Bekasi,Bekasi Kayuringin,2026-05-29 08:00:00,-,95,48,,48,13,0,2,,,,,
Jakarta,The Pakubuwono Menteng,2026-05-30 16:51:02,117,117,45,87,,,,,50,31.3,,,
Depok,Cinere - Nafas,2026-05-28 01:30:22,-,72,22,50,,,,,57,26.9,,,
Bogor,Kabupaten Bogor Leuwiliang,2026-05-30 16:00:00,71,70,35,,4,10,0,71,,,,,
Tangerang,Tangerang Pasir Jaya,2026-05-30 16:00:00,59,59,32,,59,63,0,26,,,,,
Bekasi,Bekasi Kayuringin,2026-05-29 08:00:00,-,95,48,,48,13,0,2,,,,,
Jakarta,The Pakubuwono Menteng,2026-05-30 16:53:02,115,115,44,85,,,,,51,31.3,,,
Depok,Cinere - Nafas,2026-05-28 01:30:22,-,72,22,50,,,,,57,26.9,,,
Bogor,Kabupaten Bogor Leuwiliang,2026-05-30 16:00:00,71,70,35,,4,10,0,71,,,,,
Tangerang,Tangerang Pasir Jaya,2026-05-30 16:00:00,59,59,32,,59,63,0,26,,,,,
Bekasi,Bekasi Kayuringin,2026-05-29 08:00:00,-,95,48,,48,13,0,2,,,,,
Jakarta,The Pakubuwono Menteng,2026-05-30 16:53:02,115,115,44,85,,,,,51,31.3,,,
Depok,Cinere - Nafas,2026-05-28 01:30:22,-,72,22,50,,,,,57,26.9,,,
Bogor,Kabupaten Bogor Leuwiliang,2026-05-30 16:00:00,71,70,35,,4,10,0,71,,,,,
Tangerang,Tangerang Pasir Jaya,2026-05-30 16:00:00,59,59,32,,59,63,0,26,,,,,
Bekasi,Bekasi Kayuringin,2026-05-29 08:00:00,-,95,48,,48,13,0,2,,,,,
Jakarta,The Pakubuwono Menteng,2026-05-30 16:55:02,116,116,46,87,,,,,51,31.2,,,
Depok,Cinere - Nafas,2026-05-28 01:30:22,-,72,22,50,,,,,57,26.9,,,
Bogor,Kabupaten Bogor Leuwiliang,2026-05-30 16:00:00,71,70,35,,4,10,0,71,,,,,
Tangerang,Tangerang Pasir Jaya,2026-05-30 16:00:00,59,59,32,,59,63,0,26,,,,,
Bekasi,Bekasi Kayuringin,2026-05-29 08:00:00,-,95,48,,48,13,0,2,,,,,
Jakarta,The Pakubuwono Menteng,2026-05-30 16:55:02,116,116,46,87,,,,,51,31.2,,,
Depok,Cinere - Nafas,2026-05-28 01:30:22,-,72,22,50,,,,,57,26.9,,,
Bogor,Kabupaten Bogor Leuwiliang,2026-05-30 16:00:00,71,70,35,,4,10,0,71,,,,,
Tangerang,Tangerang Pasir Jaya,2026-05-30 16:00:00,59,59,32,,59,63,0,26,,,,,
Bekasi,Bekasi Kayuringin,2026-05-29 08:00:00,-,95,48,,48,13,0,2,,,,,
Jakarta,The Pakubuwono Menteng,2026-05-30 16:57:02,114,114,45,86,,,,,51,31.2,,,
Depok,Cinere - Nafas,2026-05-28 01:30:22,-,72,22,50,,,,,57,26.9,,,
Bogor,Kabupaten Bogor Leuwiliang,2026-05-30 16:00:00,71,70,35,,4,10,0,71,,,,,
Tangerang,Tangerang Pasir Jaya,2026-05-30 16:00:00,59,59,32,,59,63,0,26,,,,,
Bekasi,Bekasi Kayuringin,2026-05-29 08:00:00,-,95,48,,48,13,0,2,,,,,
Jakarta,The Pakubuwono Menteng,2026-05-30 16:57:02,114,114,45,86,,,,,51,31.2,,,
Depok,Cinere - Nafas,2026-05-28 01:30:22,-,72,22,50,,,,,57,26.9,,,
Bogor,Kabupaten Bogor Leuwiliang,2026-05-30 16:00:00,71,70,35,,4,10,0,71,,,,,
Tangerang,Tangerang Pasir Jaya,2026-05-30 16:00:00,59,59,32,,59,63,0,26,,,,,
Bekasi,Bekasi Kayuringin,2026-05-29 08:00:00,-,95,48,,48,13,0,2,,,,,
Jakarta,The Pakubuwono Menteng,2026-05-30 17:00:02,108,108,42,83,,,,,51,31.1,,,
Depok,Cinere - Nafas,2026-05-28 01:30:22,-,72,22,50,,,,,57,26.9,,,
Bogor,Kabupaten Bogor Leuwiliang,2026-05-30 16:00:00,71,70,35,,4,10,0,71,,,,,
Tangerang,Tangerang Pasir Jaya,2026-05-30 16:00:00,59,59,32,,59,63,0,26,,,,,
Bekasi,Bekasi Kayuringin,2026-05-29 08:00:00,-,95,48,,48,13,0,2,,,,,
Jakarta,The Pakubuwono Menteng,2026-05-30 17:00:02,108,108,42,83,,,,,51,31.1,,,
Depok,Cinere - Nafas,2026-05-28 01:30:22,-,72,22,50,,,,,57,26.9,,,
Bogor,Kabupaten Bogor Leuwiliang,2026-05-30 16:00:00,71,70,35,,4,10,0,71,,,,,
Tangerang,Tangerang Pasir Jaya,2026-05-30 16:00:00,59,59,32,,59,63,0,26,,,,,
Bekasi,Bekasi Kayuringin,2026-05-29 08:00:00,-,95,48,,48,13,0,2,,,,,
Jakarta,The Pakubuwono Menteng,2026-05-30 17:02:02,111,111,43,83,,,,,51,31.1,,,
Depok,Cinere - Nafas,2026-05-28 01:30:22,-,72,22,50,,,,,57,26.9,,,
Bogor,Kabupaten Bogor Leuwiliang,2026-05-30 17:00:00,71,70,35,,4,10,0,71,,,,,
Tangerang,Tangerang Pasir Jaya,2026-05-30 17:00:00,60,60,33,,59,63,0,26,,,,,
Bekasi,Bekasi Kayuringin,2026-05-29 08:00:00,-,95,48,,48,13,0,2,,,,,
Jakarta,The Pakubuwono Menteng,2026-05-30 17:02:02,111,111,43,83,,,,,51,31.1,,,
Depok,Cinere - Nafas,2026-05-28 01:30:22,-,72,22,50,,,,,57,26.9,,,
Bogor,Kabupaten Bogor Leuwiliang,2026-05-30 17:00:00,71,70,35,,4,10,0,71,,,,,
Tangerang,Tangerang Pasir Jaya,2026-05-30 17:00:00,60,60,33,,59,63,0,26,,,,,
Bekasi,Bekasi Kayuringin,2026-05-29 08:00:00,-,95,48,,48,13,0,2,,,,,
Jakarta,The Pakubuwono Menteng,2026-05-30 17:04:02,115,115,45,83,,,,,51,31.1,,,
Depok,Cinere - Nafas,2026-05-28 01:30:22,-,72,22,50,,,,,57,26.9,,,
Bogor,Kabupaten Bogor Leuwiliang,2026-05-30 17:00:00,71,70,35,,4,10,0,71,,,,,
Tangerang,Tangerang Pasir Jaya,2026-05-30 17:00:00,60,60,33,,59,63,0,26,,,,,
Bekasi,Bekasi Kayuringin,2026-05-29 08:00:00,-,95,48,,48,13,0,2,,,,,
Jakarta,The Pakubuwono Menteng,2026-05-30 17:04:02,115,115,45,83,,,,,51,31.1,,,
Depok,Cinere - Nafas,2026-05-28 01:30:22,-,72,22,50,,,,,57,26.9,,,
Bogor,Kabupaten Bogor Leuwiliang,2026-05-30 17:00:00,71,70,35,,4,10,0,71,,,,,
Tangerang,Tangerang Pasir Jaya,2026-05-30 17:00:00,60,60,33,,59,63,0,26,,,,,
Bekasi,Bekasi Kayuringin,2026-05-29 08:00:00,-,95,48,,48,13,0,2,,,,,
Jakarta,The Pakubuwono Menteng,2026-05-30 17:07:02,113,113,45,83,,,,,51,31,,,
Depok,Cinere - Nafas,2026-05-28 01:30:22,-,72,22,50,,,,,57,26.9,,,
Bogor,Kabupaten Bogor Leuwiliang,2026-05-30 17:00:00,71,70,35,,4,10,0,71,,,,,
Tangerang,Tangerang Pasir Jaya,2026-05-30 17:00:00,60,60,33,,59,63,0,26,,,,,
Bekasi,Bekasi Kayuringin,2026-05-29 08:00:00,-,95,48,,48,13,0,2,,,,,
Jakarta,The Pakubuwono Menteng,2026-05-30 17:07:02,113,113,45,83,,,,,51,31,,,
Depok,Cinere - Nafas,2026-05-28 01:30:22,-,72,22,50,,,,,57,26.9,,,
Bogor,Kabupaten Bogor Leuwiliang,2026-05-30 17:00:00,71,70,35,,4,10,0,71,,,,,
Tangerang,Tangerang Pasir Jaya,2026-05-30 17:00:00,60,60,33,,59,63,0,26,,,,,
Bekasi,Bekasi Kayuringin,2026-05-29 08:00:00,-,95,48,,48,13,0,2,,,,,
Jakarta,The Pakubuwono Menteng,2026-05-30 17:09:02,108,108,42,83,,,,,52,31,,,
Depok,Cinere - Nafas,2026-05-28 01:30:22,-,72,22,50,,,,,57,26.9,,,
Bogor,Kabupaten Bogor Leuwiliang,2026-05-30 17:00:00,71,70,35,,4,10,0,71,,,,,
Tangerang,Tangerang Pasir Jaya,2026-05-30 17:00:00,60,60,33,,59,63,0,26,,,,,
Bekasi,Bekasi Kayuringin,2026-05-29 08:00:00,-,95,48,,48,13,0,2,,,,,
Jakarta,The Pakubuwono Menteng,2026-05-30 17:09:02,108,108,42,83,,,,,52,31,,,
Depok,Cinere - Nafas,2026-05-28 01:30:22,-,72,22,50,,,,,57,26.9,,,
Bogor,Kabupaten Bogor Leuwiliang,2026-05-30 17:00:00,71,70,35,,4,10,0,71,,,,,
Tangerang,Tangerang Pasir Jaya,2026-05-30 17:00:00,60,60,33,,59,63,0,26,,,,,
Bekasi,Bekasi Kayuringin,2026-05-29 08:00:00,-,95,48,,48,13,0,2,,,,,
Jakarta,The Pakubuwono Menteng,2026-05-30 17:11:02,103,103,38,82,,,,,52,31,,,
Depok,Cinere - Nafas,2026-05-28 01:30:22,-,72,22,50,,,,,57,26.9,,,
Bogor,Kabupaten Bogor Leuwiliang,2026-05-30 17:00:00,71,70,35,,4,10,0,71,,,,,
Tangerang,Tangerang Pasir Jaya,2026-05-30 17:00:00,60,60,33,,59,63,0,26,,,,,
Bekasi,Bekasi Kayuringin,2026-05-29 08:00:00,-,95,48,,48,13,0,2,,,,,
Jakarta,The Pakubuwono Menteng,2026-05-30 17:13:02,113,113,43,83,,,,,52,30.9,,,
Depok,Cinere - Nafas,2026-05-28 01:30:22,-,72,22,50,,,,,57,26.9,,,
Bogor,Kabupaten Bogor Leuwiliang,2026-05-30 17:00:00,71,70,35,,4,10,0,71,,,,,
Tangerang,Tangerang Pasir Jaya,2026-05-30 17:00:00,60,60,33,,59,63,0,26,,,,,
Bekasi,Bekasi Kayuringin,2026-05-29 08:00:00,-,95,48,,48,13,0,2,,,,,
Jakarta,The Pakubuwono Menteng,2026-05-30 17:13:02,113,113,43,83,,,,,52,30.9,,,
Depok,Cinere - Nafas,2026-05-28 01:30:22,-,72,22,50,,,,,57,26.9,,,
Bogor,Kabupaten Bogor Leuwiliang,2026-05-30 17:00:00,71,70,35,,4,10,0,71,,,,,
Tangerang,Tangerang Pasir Jaya,2026-05-30 17:00:00,60,60,33,,59,63,0,26,,,,,
Bekasi,Bekasi Kayuringin,2026-05-29 08:00:00,-,95,48,,48,13,0,2,,,,,
Jakarta,The Pakubuwono Menteng,2026-05-30 17:16:02,106,106,41,79,,,,,52,30.9,,,
Depok,Cinere - Nafas,2026-05-28 01:30:22,-,72,22,50,,,,,57,26.9,,,
Bogor,Kabupaten Bogor Leuwiliang,2026-05-30 17:00:00,71,70,35,,4,10,0,71,,,,,
Tangerang,Tangerang Pasir Jaya,2026-05-30 17:00:00,60,60,33,,59,63,0,26,,,,,
Bekasi,Bekasi Kayuringin,2026-05-29 08:00:00,-,95,48,,48,13,0,2,,,,,
Jakarta,The Pakubuwono Menteng,2026-05-30 17:16:02,106,106,41,79,,,,,52,30.9,,,
Depok,Cinere - Nafas,2026-05-28 01:30:22,-,72,22,50,,,,,57,26.9,,,
Bogor,Kabupaten Bogor Leuwiliang,2026-05-30 17:00:00,71,70,35,,4,10,0,71,,,,,
Tangerang,Tangerang Pasir Jaya,2026-05-30 17:00:00,60,60,33,,59,63,0,26,,,,,
Bekasi,Bekasi Kayuringin,2026-05-29 08:00:00,-,95,48,,48,13,0,2,,,,,
Jakarta,The Pakubuwono Menteng,2026-05-30 17:18:02,110,110,42,83,,,,,52,30.9,,,
Depok,Cinere - Nafas,2026-05-28 01:30:22,-,72,22,50,,,,,57,26.9,,,
Bogor,Kabupaten Bogor Leuwiliang,2026-05-30 17:00:00,71,70,35,,4,10,0,71,,,,,
Tangerang,Tangerang Pasir Jaya,2026-05-30 17:00:00,60,60,33,,59,63,0,26,,,,,
Bekasi,Bekasi Kayuringin,2026-05-29 08:00:00,-,95,48,,48,13,0,2,,,,,
Jakarta,The Pakubuwono Menteng,2026-05-30 17:18:02,110,110,42,83,,,,,52,30.9,,,
Depok,Cinere - Nafas,2026-05-28 01:30:22,-,72,22,50,,,,,57,26.9,,,
Bogor,Kabupaten Bogor Leuwiliang,2026-05-30 17:00:00,71,70,35,,4,10,0,71,,,,,
Tangerang,Tangerang Pasir Jaya,2026-05-30 17:00:00,60,60,33,,59,63,0,26,,,,,
Bekasi,Bekasi Kayuringin,2026-05-29 08:00:00,-,95,48,,48,13,0,2,,,,,
Jakarta,The Pakubuwono Menteng,2026-05-30 17:20:02,109,109,44,83,,,,,51,30.9,,,
Depok,Cinere - Nafas,2026-05-28 01:30:22,-,72,22,50,,,,,57,26.9,,,
Bogor,Kabupaten Bogor Leuwiliang,2026-05-30 17:00:00,71,70,35,,4,10,0,71,,,,,
Tangerang,Tangerang Pasir Jaya,2026-05-30 17:00:00,60,60,33,,59,63,0,26,,,,,
Bekasi,Bekasi Kayuringin,2026-05-29 08:00:00,-,95,48,,48,13,0,2,,,,,
Jakarta,The Pakubuwono Menteng,2026-05-30 17:22:02,156,156,60,118,,,,,51,30.9,,,
Depok,Cinere - Nafas,2026-05-28 01:30:22,-,72,22,50,,,,,57,26.9,,,
Bogor,Kabupaten Bogor Leuwiliang,2026-05-30 17:00:00,71,70,35,,4,10,0,71,,,,,
Tangerang,Tangerang Pasir Jaya,2026-05-30 17:00:00,60,60,33,,59,63,0,26,,,,,
Bekasi,Bekasi Kayuringin,2026-05-29 08:00:00,-,95,48,,48,13,0,2,,,,,
Jakarta,The Pakubuwono Menteng,2026-05-30 17:22:02,156,156,60,118,,,,,51,30.9,,,
Depok,Cinere - Nafas,2026-05-28 01:30:22,-,72,22,50,,,,,57,26.9,,,
Bogor,Kabupaten Bogor Leuwiliang,2026-05-30 17:00:00,71,70,35,,4,10,0,71,,,,,
Tangerang,Tangerang Pasir Jaya,2026-05-30 17:00:00,60,60,33,,59,63,0,26,,,,,
Bekasi,Bekasi Kayuringin,2026-05-29 08:00:00,-,95,48,,48,13,0,2,,,,,
Jakarta,The Pakubuwono Menteng,2026-05-30 17:25:03,99,99,35,75,,,,,51,30.9,,,
Depok,Cinere - Nafas,2026-05-28 01:30:22,-,72,22,50,,,,,57,26.9,,,
Bogor,Kabupaten Bogor Leuwiliang,2026-05-30 17:00:00,71,70,35,,4,10,0,71,,,,,
Tangerang,Tangerang Pasir Jaya,2026-05-30 17:00:00,60,60,33,,59,63,0,26,,,,,
Bekasi,Bekasi Kayuringin,2026-05-29 08:00:00,-,95,48,,48,13,0,2,,,,,
Jakarta,The Pakubuwono Menteng,2026-05-30 17:25:03,99,99,35,75,,,,,51,30.9,,,
Depok,Cinere - Nafas,2026-05-28 01:30:22,-,72,22,50,,,,,57,26.9,,,
Bogor,Kabupaten Bogor Leuwiliang,2026-05-30 17:00:00,71,70,35,,4,10,0,71,,,,,
Tangerang,Tangerang Pasir Jaya,2026-05-30 17:00:00,60,60,33,,59,63,0,26,,,,,
Bekasi,Bekasi Kayuringin,2026-05-29 08:00:00,-,95,48,,48,13,0,2,,,,,
Jakarta,The Pakubuwono Menteng,2026-05-30 17:27:02,99,99,37,79,,,,,52,30.8,,,
Depok,Cinere - Nafas,2026-05-28 01:30:22,-,72,22,50,,,,,57,26.9,,,
Bogor,Kabupaten Bogor Leuwiliang,2026-05-30 17:00:00,71,70,35,,4,10,0,71,,,,,
Tangerang,Tangerang Pasir Jaya,2026-05-30 17:00:00,60,60,33,,59,63,0,26,,,,,
Bekasi,Bekasi Kayuringin,2026-05-29 08:00:00,-,95,48,,48,13,0,2,,,,,
Jakarta,The Pakubuwono Menteng,2026-05-30 17:27:02,99,99,37,79,,,,,52,30.8,,,
Depok,Cinere - Nafas,2026-05-28 01:30:22,-,72,22,50,,,,,57,26.9,,,
Bogor,Kabupaten Bogor Leuwiliang,2026-05-30 17:00:00,71,70,35,,4,10,0,71,,,,,
Tangerang,Tangerang Pasir Jaya,2026-05-30 17:00:00,60,60,33,,59,63,0,26,,,,,
Bekasi,Bekasi Kayuringin,2026-05-29 08:00:00,-,95,48,,48,13,0,2,,,,,
Jakarta,The Pakubuwono Menteng,2026-05-30 17:27:02,99,99,37,79,,,,,52,30.8,,,
Depok,Cinere - Nafas,2026-05-28 01:30:22,-,72,22,50,,,,,57,26.9,,,
Bogor,Kabupaten Bogor Leuwiliang,2026-05-30 17:00:00,71,70,35,,4,10,0,71,,,,,
Tangerang,Tangerang Pasir Jaya,2026-05-30 17:00:00,60,60,33,,59,63,0,26,,,,,
Bekasi,Bekasi Kayuringin,2026-05-29 08:00:00,-,95,48,,48,13,0,2,,,,,
Jakarta,The Pakubuwono Menteng,2026-05-30 17:29:03,112,112,44,82,,,,,52,30.8,,,
Depok,Cinere - Nafas,2026-05-28 01:30:22,-,72,22,50,,,,,57,26.9,,,
Bogor,Kabupaten Bogor Leuwiliang,2026-05-30 17:00:00,71,70,35,,4,10,0,71,,,,,
Tangerang,Tangerang Pasir Jaya,2026-05-30 17:00:00,60,60,33,,59,63,0,26,,,,,
Bekasi,Bekasi Kayuringin,2026-05-29 08:00:00,-,95,48,,48,13,0,2,,,,,
Jakarta,The Pakubuwono Menteng,2026-05-30 17:29:03,112,112,44,82,,,,,52,30.8,,,
Depok,Cinere - Nafas,2026-05-28 01:30:22,-,72,22,50,,,,,57,26.9,,,
Bogor,Kabupaten Bogor Leuwiliang,2026-05-30 17:00:00,71,70,35,,4,10,0,71,,,,,
Tangerang,Tangerang Pasir Jaya,2026-05-30 17:00:00,60,60,33,,59,63,0,26,,,,,
Bekasi,Bekasi Kayuringin,2026-05-29 08:00:00,-,95,48,,48,13,0,2,,,,,
Jakarta,The Pakubuwono Menteng,2026-05-30 17:31:03,101,101,40,78,,,,,52,30.8,,,
Depok,Cinere - Nafas,2026-05-28 01:30:22,-,72,22,50,,,,,57,26.9,,,
Bogor,Kabupaten Bogor Leuwiliang,2026-05-30 17:00:00,71,70,35,,4,10,0,71,,,,,
Tangerang,Tangerang Pasir Jaya,2026-05-30 17:00:00,60,60,33,,59,63,0,26,,,,,
Bekasi,Bekasi Kayuringin,2026-05-29 08:00:00,-,95,48,,48,13,0,2,,,,,
Jakarta,The Pakubuwono Menteng,2026-05-30 17:34:03,109,109,42,79,,,,,52,30.8,,,
Depok,Cinere - Nafas,2026-05-28 01:30:22,-,72,22,50,,,,,57,26.9,,,
Bogor,Kabupaten Bogor Leuwiliang,2026-05-30 17:00:00,71,70,35,,4,10,0,71,,,,,
Tangerang,Tangerang Pasir Jaya,2026-05-30 17:00:00,60,60,33,,59,63,0,26,,,,,
Bekasi,Bekasi Kayuringin,2026-05-29 08:00:00,-,95,48,,48,13,0,2,,,,,
Jakarta,The Pakubuwono Menteng,2026-05-30 17:34:03,109,109,42,79,,,,,52,30.8,,,
Depok,Cinere - Nafas,2026-05-28 01:30:22,-,72,22,50,,,,,57,26.9,,,
Bogor,Kabupaten Bogor Leuwiliang,2026-05-30 17:00:00,71,70,35,,4,10,0,71,,,,,
Tangerang,Tangerang Pasir Jaya,2026-05-30 17:00:00,60,60,33,,59,63,0,26,,,,,
Bekasi,Bekasi Kayuringin,2026-05-29 08:00:00,-,95,48,,48,13,0,2,,,,,
Jakarta,The Pakubuwono Menteng,2026-05-30 17:36:03,98,98,37,74,,,,,52,30.8,,,
Depok,Cinere - Nafas,2026-05-28 01:30:22,-,72,22,50,,,,,57,26.9,,,
Bogor,Kabupaten Bogor Leuwiliang,2026-05-30 17:00:00,71,70,35,,4,10,0,71,,,,,
Tangerang,Tangerang Pasir Jaya,2026-05-30 17:00:00,60,60,33,,59,63,0,26,,,,,
Bekasi,Bekasi Kayuringin,2026-05-29 08:00:00,-,95,48,,48,13,0,2,,,,,
Jakarta,The Pakubuwono Menteng,2026-05-30 17:36:03,98,98,37,74,,,,,52,30.8,,,
Depok,Cinere - Nafas,2026-05-28 01:30:22,-,72,22,50,,,,,57,26.9,,,
Bogor,Kabupaten Bogor Leuwiliang,2026-05-30 17:00:00,71,70,35,,4,10,0,71,,,,,
Tangerang,Tangerang Pasir Jaya,2026-05-30 17:00:00,60,60,33,,59,63,0,26,,,,,
Bekasi,Bekasi Kayuringin,2026-05-29 08:00:00,-,95,48,,48,13,0,2,,,,,
Jakarta,The Pakubuwono Menteng,2026-05-30 17:36:03,98,98,37,74,,,,,52,30.8,,,
Depok,Cinere - Nafas,2026-05-28 01:30:22,-,72,22,50,,,,,57,26.9,,,
Bogor,Kabupaten Bogor Leuwiliang,2026-05-30 17:00:00,71,70,35,,4,10,0,71,,,,,
Tangerang,Tangerang Pasir Jaya,2026-05-30 17:00:00,60,60,33,,59,63,0,26,,,,,
Bekasi,Bekasi Kayuringin,2026-05-29 08:00:00,-,95,48,,48,13,0,2,,,,,
Jakarta,The Pakubuwono Menteng,2026-05-30 17:39:03,156,156,60,124,,,,,52,30.8,,,
Depok,Cinere - Nafas,2026-05-28 01:30:22,-,72,22,50,,,,,57,26.9,,,
Bogor,Kabupaten Bogor Leuwiliang,2026-05-30 17:00:00,71,70,35,,4,10,0,71,,,,,
Tangerang,Tangerang Pasir Jaya,2026-05-30 17:00:00,60,60,33,,59,63,0,26,,,,,
Bekasi,Bekasi Kayuringin,2026-05-29 08:00:00,-,95,48,,48,13,0,2,,,,,
Jakarta,The Pakubuwono Menteng,2026-05-30 17:39:03,156,156,60,124,,,,,52,30.8,,,
Depok,Cinere - Nafas,2026-05-28 01:30:22,-,72,22,50,,,,,57,26.9,,,
Bogor,Kabupaten Bogor Leuwiliang,2026-05-30 17:00:00,71,70,35,,4,10,0,71,,,,,
Tangerang,Tangerang Pasir Jaya,2026-05-30 17:00:00,60,60,33,,59,63,0,26,,,,,
Bekasi,Bekasi Kayuringin,2026-05-29 08:00:00,-,95,48,,48,13,0,2,,,,,
Jakarta,The Pakubuwono Menteng,2026-05-30 17:41:03,110,110,43,83,,,,,52,30.7,,,
Depok,Cinere - Nafas,2026-05-28 01:30:22,-,72,22,50,,,,,57,26.9,,,
Bogor,Kabupaten Bogor Leuwiliang,2026-05-30 17:00:00,71,70,35,,4,10,0,71,,,,,
Tangerang,Tangerang Pasir Jaya,2026-05-30 17:00:00,60,60,33,,59,63,0,26,,,,,
Bekasi,Bekasi Kayuringin,2026-05-29 08:00:00,-,95,48,,48,13,0,2,,,,,
Jakarta,The Pakubuwono Menteng,2026-05-30 17:43:03,97,97,35,70,,,,,52,30.7,,,
Depok,Cinere - Nafas,2026-05-28 01:30:22,-,72,22,50,,,,,57,26.9,,,
Bogor,Kabupaten Bogor Leuwiliang,2026-05-30 17:00:00,71,70,35,,4,10,0,71,,,,,
Tangerang,Tangerang Pasir Jaya,2026-05-30 17:00:00,60,60,33,,59,63,0,26,,,,,
Bekasi,Bekasi Kayuringin,2026-05-29 08:00:00,-,95,48,,48,13,0,2,,,,,
Jakarta,The Pakubuwono Menteng,2026-05-30 17:45:03,97,97,34,75,,,,,52,30.7,,,
Depok,Cinere - Nafas,2026-05-28 01:30:22,-,72,22,50,,,,,57,26.9,,,
Bogor,Kabupaten Bogor Leuwiliang,2026-05-30 17:00:00,71,70,35,,4,10,0,71,,,,,
Tangerang,Tangerang Pasir Jaya,2026-05-30 17:00:00,60,60,33,,59,63,0,26,,,,,
Bekasi,Bekasi Kayuringin,2026-05-29 08:00:00,-,95,48,,48,13,0,2,,,,,
Jakarta,The Pakubuwono Menteng,2026-05-30 17:45:03,97,97,34,75,,,,,52,30.7,,,
Depok,Cinere - Nafas,2026-05-28 01:30:22,-,72,22,50,,,,,57,26.9,,,
Bogor,Kabupaten Bogor Leuwiliang,2026-05-30 17:00:00,71,70,35,,4,10,0,71,,,,,
Tangerang,Tangerang Pasir Jaya,2026-05-30 17:00:00,60,60,33,,59,63,0,26,,,,,
Bekasi,Bekasi Kayuringin,2026-05-29 08:00:00,-,95,48,,48,13,0,2,,,,,
Jakarta,The Pakubuwono Menteng,2026-05-30 17:47:03,89,89,29,72,,,,,52,30.6,,,
Depok,Cinere - Nafas,2026-05-28 01:30:22,-,72,22,50,,,,,57,26.9,,,
Bogor,Kabupaten Bogor Leuwiliang,2026-05-30 17:00:00,71,70,35,,4,10,0,71,,,,,
Tangerang,Tangerang Pasir Jaya,2026-05-30 17:00:00,60,60,33,,59,63,0,26,,,,,
Bekasi,Bekasi Kayuringin,2026-05-29 08:00:00,-,95,48,,48,13,0,2,,,,,
Jakarta,The Pakubuwono Menteng,2026-05-30 17:47:03,89,89,29,72,,,,,52,30.6,,,
Depok,Cinere - Nafas,2026-05-28 01:30:22,-,72,22,50,,,,,57,26.9,,,
Bogor,Kabupaten Bogor Leuwiliang,2026-05-30 17:00:00,71,70,35,,4,10,0,71,,,,,
Tangerang,Tangerang Pasir Jaya,2026-05-30 17:00:00,60,60,33,,59,63,0,26,,,,,
Bekasi,Bekasi Kayuringin,2026-05-29 08:00:00,-,95,48,,48,13,0,2,,,,,
Jakarta,The Pakubuwono Menteng,2026-05-30 17:49:03,92,92,31,73,,,,,52,30.6,,,
Depok,Cinere - Nafas,2026-05-28 01:30:22,-,72,22,50,,,,,57,26.9,,,
Bogor,Kabupaten Bogor Leuwiliang,2026-05-30 17:00:00,71,70,35,,4,10,0,71,,,,,
Tangerang,Tangerang Pasir Jaya,2026-05-30 17:00:00,60,60,33,,59,63,0,26,,,,,
Bekasi,Bekasi Kayuringin,2026-05-29 08:00:00,-,95,48,,48,13,0,2,,,,,
Jakarta,The Pakubuwono Menteng,2026-05-30 17:49:03,92,92,31,73,,,,,52,30.6,,,
Depok,Cinere - Nafas,2026-05-28 01:30:22,-,72,22,50,,,,,57,26.9,,,
Bogor,Kabupaten Bogor Leuwiliang,2026-05-30 17:00:00,71,70,35,,4,10,0,71,,,,,
Tangerang,Tangerang Pasir Jaya,2026-05-30 17:00:00,60,60,33,,59,63,0,26,,,,,
Bekasi,Bekasi Kayuringin,2026-05-29 08:00:00,-,95,48,,48,13,0,2,,,,,
Jakarta,The Pakubuwono Menteng,2026-05-30 17:52:03,87,87,30,70,,,,,52,30.5,,,
Depok,Cinere - Nafas,2026-05-28 01:30:22,-,72,22,50,,,,,57,26.9,,,
Bogor,Kabupaten Bogor Leuwiliang,2026-05-30 17:00:00,71,70,35,,4,10,0,71,,,,,
Tangerang,Tangerang Pasir Jaya,2026-05-30 17:00:00,60,60,33,,59,63,0,26,,,,,
Bekasi,Bekasi Kayuringin,2026-05-29 08:00:00,-,95,48,,48,13,0,2,,,,,
Jakarta,The Pakubuwono Menteng,2026-05-30 17:53:03,91,91,31,72,,,,,52,30.5,,,
Depok,Cinere - Nafas,2026-05-28 01:30:22,-,72,22,50,,,,,57,26.9,,,
Bogor,Kabupaten Bogor Leuwiliang,2026-05-30 17:00:00,71,70,35,,4,10,0,71,,,,,
Tangerang,Tangerang Pasir Jaya,2026-05-30 17:00:00,60,60,33,,59,63,0,26,,,,,
Bekasi,Bekasi Kayuringin,2026-05-29 08:00:00,-,95,48,,48,13,0,2,,,,,
Jakarta,The Pakubuwono Menteng,2026-05-30 17:53:03,91,91,31,72,,,,,52,30.5,,,
Depok,Cinere - Nafas,2026-05-28 01:30:22,-,72,22,50,,,,,57,26.9,,,
Bogor,Kabupaten Bogor Leuwiliang,2026-05-30 17:00:00,71,70,35,,4,10,0,71,,,,,
Tangerang,Tangerang Pasir Jaya,2026-05-30 17:00:00,60,60,33,,59,63,0,26,,,,,
Bekasi,Bekasi Kayuringin,2026-05-29 08:00:00,-,95,48,,48,13,0,2,,,,,
Jakarta,The Pakubuwono Menteng,2026-05-30 17:56:03,94,94,32,73,,,,,53,30.5,,,
Depok,Cinere - Nafas,2026-05-28 01:30:22,-,72,22,50,,,,,57,26.9,,,
Bogor,Kabupaten Bogor Leuwiliang,2026-05-30 17:00:00,71,70,35,,4,10,0,71,,,,,
Tangerang,Tangerang Pasir Jaya,2026-05-30 17:00:00,60,60,33,,59,63,0,26,,,,,
Bekasi,Bekasi Kayuringin,2026-05-29 08:00:00,-,95,48,,48,13,0,2,,,,,
Jakarta,The Pakubuwono Menteng,2026-05-30 17:56:03,94,94,32,73,,,,,53,30.5,,,
Depok,Cinere - Nafas,2026-05-28 01:30:22,-,72,22,50,,,,,57,26.9,,,
Bogor,Kabupaten Bogor Leuwiliang,2026-05-30 17:00:00,71,70,35,,4,10,0,71,,,,,
Tangerang,Tangerang Pasir Jaya,2026-05-30 17:00:00,60,60,33,,59,63,0,26,,,,,
Bekasi,Bekasi Kayuringin,2026-05-29 08:00:00,-,95,48,,48,13,0,2,,,,,
Jakarta,The Pakubuwono Menteng,2026-05-30 17:58:03,98,98,34,73,,,,,53,30.5,,,
Depok,Cinere - Nafas,2026-05-28 01:30:22,-,72,22,50,,,,,57,26.9,,,
Bogor,Kabupaten Bogor Leuwiliang,2026-05-30 17:00:00,71,70,35,,4,10,0,71,,,,,
Tangerang,Tangerang Pasir Jaya,2026-05-30 17:00:00,60,60,33,,59,63,0,26,,,,,
Bekasi,Bekasi Kayuringin,2026-05-29 08:00:00,-,95,48,,48,13,0,2,,,,,
Jakarta,The Pakubuwono Menteng,2026-05-30 17:58:03,98,98,34,73,,,,,53,30.5,,,
Depok,Cinere - Nafas,2026-05-28 01:30:22,-,72,22,50,,,,,57,26.9,,,
Bogor,Kabupaten Bogor Leuwiliang,2026-05-30 17:00:00,71,70,35,,4,10,0,71,,,,,
Tangerang,Tangerang Pasir Jaya,2026-05-30 17:00:00,60,60,33,,59,63,0,26,,,,,
Bekasi,Bekasi Kayuringin,2026-05-29 08:00:00,-,95,48,,48,13,0,2,,,,,
Jakarta,The Pakubuwono Menteng,2026-05-30 18:00:03,93,93,32,71,,,,,53,30.5,,,
Depok,Cinere - Nafas,2026-05-28 01:30:22,-,72,22,50,,,,,57,26.9,,,
Bogor,Kabupaten Bogor Leuwiliang,2026-05-30 17:00:00,71,70,35,,4,10,0,71,,,,,
Tangerang,Tangerang Pasir Jaya,2026-05-30 17:00:00,60,60,33,,59,63,0,26,,,,,
Bekasi,Bekasi Kayuringin,2026-05-29 08:00:00,-,95,48,,48,13,0,2,,,,,
Jakarta,The Pakubuwono Menteng,2026-05-30 18:00:03,93,93,32,71,,,,,53,30.5,,,
Depok,Cinere - Nafas,2026-05-28 01:30:22,-,72,22,50,,,,,57,26.9,,,
Bogor,Kabupaten Bogor Leuwiliang,2026-05-30 17:00:00,71,70,35,,4,10,0,71,,,,,
Tangerang,Tangerang Pasir Jaya,2026-05-30 17:00:00,60,60,33,,59,63,0,26,,,,,
Bekasi,Bekasi Kayuringin,2026-05-29 08:00:00,-,95,48,,48,13,0,2,,,,,
Jakarta,The Pakubuwono Menteng,2026-05-30 18:02:03,94,94,34,71,,,,,53,30.4,,,
Depok,Cinere - Nafas,2026-05-28 01:30:22,-,72,22,50,,,,,57,26.9,,,
Bogor,Kabupaten Bogor Leuwiliang,2026-05-30 18:00:00,71,70,35,,4,10,0,71,,,,,
Tangerang,Tangerang Pasir Jaya,2026-05-30 18:00:00,61,61,33,,59,63,0,26,,,,,
Bekasi,Bekasi Kayuringin,2026-05-29 08:00:00,-,95,48,,48,13,0,2,,,,,
Jakarta,The Pakubuwono Menteng,2026-05-30 18:02:03,94,94,34,71,,,,,53,30.4,,,
Depok,Cinere - Nafas,2026-05-28 01:30:22,-,72,22,50,,,,,57,26.9,,,
Bogor,Kabupaten Bogor Leuwiliang,2026-05-30 18:00:00,71,70,35,,4,10,0,71,,,,,
Tangerang,Tangerang Pasir Jaya,2026-05-30 18:00:00,61,61,33,,59,63,0,26,,,,,
Bekasi,Bekasi Kayuringin,2026-05-29 08:00:00,-,95,48,,48,13,0,2,,,,,
Jakarta,The Pakubuwono Menteng,2026-05-30 18:05:03,93,93,31,71,,,,,53,30.5,,,
Depok,Cinere - Nafas,2026-05-28 01:30:22,-,72,22,50,,,,,57,26.9,,,
Bogor,Kabupaten Bogor Leuwiliang,2026-05-30 18:00:00,71,70,35,,4,10,0,71,,,,,
Tangerang,Tangerang Pasir Jaya,2026-05-30 18:00:00,61,61,33,,59,63,0,26,,,,,
Bekasi,Bekasi Kayuringin,2026-05-29 08:00:00,-,95,48,,48,13,0,2,,,,,
Jakarta,The Pakubuwono Menteng,2026-05-30 18:07:06,94,94,32,72,,,,,53,30.4,,,
Depok,Cinere - Nafas,2026-05-28 01:30:22,-,72,22,50,,,,,57,26.9,,,
Bogor,Kabupaten Bogor Leuwiliang,2026-05-30 18:00:00,71,70,35,,4,10,0,71,,,,,
Tangerang,Tangerang Pasir Jaya,2026-05-30 18:00:00,61,61,33,,59,63,0,26,,,,,
Bekasi,Bekasi Kayuringin,2026-05-29 08:00:00,-,95,48,,48,13,0,2,,,,,
Jakarta,The Pakubuwono Menteng,2026-05-30 18:07:06,94,94,32,72,,,,,53,30.4,,,
Depok,Cinere - Nafas,2026-05-28 01:30:22,-,72,22,50,,,,,57,26.9,,,
Bogor,Kabupaten Bogor Leuwiliang,2026-05-30 18:00:00,71,70,35,,4,10,0,71,,,,,
Tangerang,Tangerang Pasir Jaya,2026-05-30 18:00:00,61,61,33,,59,63,0,26,,,,,
Bekasi,Bekasi Kayuringin,2026-05-29 08:00:00,-,95,48,,48,13,0,2,,,,,
Jakarta,The Pakubuwono Menteng,2026-05-30 18:09:03,92,92,34,73,,,,,53,30.4,,,
Depok,Cinere - Nafas,2026-05-28 01:30:22,-,72,22,50,,,,,57,26.9,,,
Bogor,Kabupaten Bogor Leuwiliang,2026-05-30 18:00:00,71,70,35,,4,10,0,71,,,,,
Tangerang,Tangerang Pasir Jaya,2026-05-30 18:00:00,61,61,33,,59,63,0,26,,,,,
Bekasi,Bekasi Kayuringin,2026-05-29 08:00:00,-,95,48,,48,13,0,2,,,,,
Jakarta,The Pakubuwono Menteng,2026-05-30 18:09:03,92,92,34,73,,,,,53,30.4,,,
Depok,Cinere - Nafas,2026-05-28 01:30:22,-,72,22,50,,,,,57,26.9,,,
Bogor,Kabupaten Bogor Leuwiliang,2026-05-30 18:00:00,71,70,35,,4,10,0,71,,,,,
Tangerang,Tangerang Pasir Jaya,2026-05-30 18:00:00,61,61,33,,59,63,0,26,,,,,
Bekasi,Bekasi Kayuringin,2026-05-29 08:00:00,-,95,48,,48,13,0,2,,,,,
Jakarta,The Pakubuwono Menteng,2026-05-30 18:09:03,92,92,34,73,,,,,53,30.4,,,
Depok,Cinere - Nafas,2026-05-28 01:30:22,-,72,22,50,,,,,57,26.9,,,
Bogor,Kabupaten Bogor Leuwiliang,2026-05-30 18:00:00,71,70,35,,4,10,0,71,,,,,
Tangerang,Tangerang Pasir Jaya,2026-05-30 18:00:00,61,61,33,,59,63,0,26,,,,,
Bekasi,Bekasi Kayuringin,2026-05-29 08:00:00,-,95,48,,48,13,0,2,,,,,
Jakarta,The Pakubuwono Menteng,2026-05-30 18:12:04,90,90,29,70,,,,,53,30.5,,,
Depok,Cinere - Nafas,2026-05-28 01:30:22,-,72,22,50,,,,,57,26.9,,,
Bogor,Kabupaten Bogor Leuwiliang,2026-05-30 18:00:00,71,70,35,,4,10,0,71,,,,,
Tangerang,Tangerang Pasir Jaya,2026-05-30 18:00:00,61,61,33,,59,63,0,26,,,,,
Bekasi,Bekasi Kayuringin,2026-05-29 08:00:00,-,95,48,,48,13,0,2,,,,,
Jakarta,The Pakubuwono Menteng,2026-05-30 18:12:04,90,90,29,70,,,,,53,30.5,,,
Depok,Cinere - Nafas,2026-05-28 01:30:22,-,72,22,50,,,,,57,26.9,,,
Bogor,Kabupaten Bogor Leuwiliang,2026-05-30 18:00:00,71,70,35,,4,10,0,71,,,,,
Tangerang,Tangerang Pasir Jaya,2026-05-30 18:00:00,61,61,33,,59,63,0,26,,,,,
Bekasi,Bekasi Kayuringin,2026-05-29 08:00:00,-,95,48,,48,13,0,2,,,,,
Jakarta,The Pakubuwono Menteng,2026-05-30 18:14:04,91,91,31,73,,,,,53,30.4,,,
Depok,Cinere - Nafas,2026-05-28 01:30:22,-,72,22,50,,,,,57,26.9,,,
Bogor,Kabupaten Bogor Leuwiliang,2026-05-30 18:00:00,71,70,35,,4,10,0,71,,,,,
Tangerang,Tangerang Pasir Jaya,2026-05-30 18:00:00,61,61,33,,59,63,0,26,,,,,
Bekasi,Bekasi Kayuringin,2026-05-29 08:00:00,-,95,48,,48,13,0,2,,,,,
Jakarta,The Pakubuwono Menteng,2026-05-30 18:14:04,91,91,31,73,,,,,53,30.4,,,
Depok,Cinere - Nafas,2026-05-28 01:30:22,-,72,22,50,,,,,57,26.9,,,
Bogor,Kabupaten Bogor Leuwiliang,2026-05-30 18:00:00,71,70,35,,4,10,0,71,,,,,
Tangerang,Tangerang Pasir Jaya,2026-05-30 18:00:00,61,61,33,,59,63,0,26,,,,,
Bekasi,Bekasi Kayuringin,2026-05-29 08:00:00,-,95,48,,48,13,0,2,,,,,
Jakarta,The Pakubuwono Menteng,2026-05-30 18:16:04,93,93,32,73,,,,,53,30.4,,,
Depok,Cinere - Nafas,2026-05-28 01:30:22,-,72,22,50,,,,,57,26.9,,,
Bogor,Kabupaten Bogor Leuwiliang,2026-05-30 18:00:00,71,70,35,,4,10,0,71,,,,,
Tangerang,Tangerang Pasir Jaya,2026-05-30 18:00:00,61,61,33,,59,63,0,26,,,,,
Bekasi,Bekasi Kayuringin,2026-05-29 08:00:00,-,95,48,,48,13,0,2,,,,,
Jakarta,The Pakubuwono Menteng,2026-05-30 18:19:04,92,92,33,70,,,,,53,30.4,,,
Depok,Cinere - Nafas,2026-05-28 01:30:22,-,72,22,50,,,,,57,26.9,,,
Bogor,Kabupaten Bogor Leuwiliang,2026-05-30 18:00:00,71,70,35,,4,10,0,71,,,,,
Tangerang,Tangerang Pasir Jaya,2026-05-30 18:00:00,61,61,33,,59,63,0,26,,,,,
Bekasi,Bekasi Kayuringin,2026-05-29 08:00:00,-,95,48,,48,13,0,2,,,,,
Jakarta,The Pakubuwono Menteng,2026-05-30 18:19:04,92,92,33,70,,,,,53,30.4,,,
Depok,Cinere - Nafas,2026-05-28 01:30:22,-,72,22,50,,,,,57,26.9,,,
Bogor,Kabupaten Bogor Leuwiliang,2026-05-30 18:00:00,71,70,35,,4,10,0,71,,,,,
Tangerang,Tangerang Pasir Jaya,2026-05-30 18:00:00,61,61,33,,59,63,0,26,,,,,
Bekasi,Bekasi Kayuringin,2026-05-29 08:00:00,-,95,48,,48,13,0,2,,,,,
Jakarta,The Pakubuwono Menteng,2026-05-30 18:21:04,88,88,29,70,,,,,53,30.5,,,
Depok,Cinere - Nafas,2026-05-28 01:30:22,-,72,22,50,,,,,57,26.9,,,
Bogor,Kabupaten Bogor Leuwiliang,2026-05-30 18:00:00,71,70,35,,4,10,0,71,,,,,
Tangerang,Tangerang Pasir Jaya,2026-05-30 18:00:00,61,61,33,,59,63,0,26,,,,,
Bekasi,Bekasi Kayuringin,2026-05-29 08:00:00,-,95,48,,48,13,0,2,,,,,
Jakarta,The Pakubuwono Menteng,2026-05-30 18:21:04,88,88,29,70,,,,,53,30.5,,,
Depok,Cinere - Nafas,2026-05-28 01:30:22,-,72,22,50,,,,,57,26.9,,,
Bogor,Kabupaten Bogor Leuwiliang,2026-05-30 18:00:00,71,70,35,,4,10,0,71,,,,,
Tangerang,Tangerang Pasir Jaya,2026-05-30 18:00:00,61,61,33,,59,63,0,26,,,,,
Bekasi,Bekasi Kayuringin,2026-05-29 08:00:00,-,95,48,,48,13,0,2,,,,,
Jakarta,The Pakubuwono Menteng,2026-05-30 18:23:04,87,87,28,70,,,,,53,30.4,,,
Depok,Cinere - Nafas,2026-05-28 01:30:22,-,72,22,50,,,,,57,26.9,,,
Bogor,Kabupaten Bogor Leuwiliang,2026-05-30 18:00:00,71,70,35,,4,10,0,71,,,,,
Tangerang,Tangerang Pasir Jaya,2026-05-30 18:00:00,61,61,33,,59,63,0,26,,,,,
Bekasi,Bekasi Kayuringin,2026-05-29 08:00:00,-,95,48,,48,13,0,2,,,,,
Jakarta,The Pakubuwono Menteng,2026-05-30 18:23:04,87,87,28,70,,,,,53,30.4,,,
Depok,Cinere - Nafas,2026-05-28 01:30:22,-,72,22,50,,,,,57,26.9,,,
Bogor,Kabupaten Bogor Leuwiliang,2026-05-30 18:00:00,71,70,35,,4,10,0,71,,,,,
Tangerang,Tangerang Pasir Jaya,2026-05-30 18:00:00,61,61,33,,59,63,0,26,,,,,
Bekasi,Bekasi Kayuringin,2026-05-29 08:00:00,-,95,48,,48,13,0,2,,,,,
Jakarta,The Pakubuwono Menteng,2026-05-30 18:26:04,91,91,31,72,,,,,53,30.5,,,
Depok,Cinere - Nafas,2026-05-28 01:30:22,-,72,22,50,,,,,57,26.9,,,
Bogor,Kabupaten Bogor Leuwiliang,2026-05-30 18:00:00,71,70,35,,4,10,0,71,,,,,
Tangerang,Tangerang Pasir Jaya,2026-05-30 18:00:00,61,61,33,,59,63,0,26,,,,,
Bekasi,Bekasi Kayuringin,2026-05-29 08:00:00,-,95,48,,48,13,0,2,,,,,
Jakarta,The Pakubuwono Menteng,2026-05-30 18:26:04,91,91,31,72,,,,,53,30.5,,,
Depok,Cinere - Nafas,2026-05-28 01:30:22,-,72,22,50,,,,,57,26.9,,,
Bogor,Kabupaten Bogor Leuwiliang,2026-05-30 18:00:00,71,70,35,,4,10,0,71,,,,,
Tangerang,Tangerang Pasir Jaya,2026-05-30 18:00:00,61,61,33,,59,63,0,26,,,,,
Bekasi,Bekasi Kayuringin,2026-05-29 08:00:00,-,95,48,,48,13,0,2,,,,,
Jakarta,The Pakubuwono Menteng,2026-05-30 18:28:04,93,93,33,72,,,,,53,30.5,,,
Depok,Cinere - Nafas,2026-05-28 01:30:22,-,72,22,50,,,,,57,26.9,,,
Bogor,Kabupaten Bogor Leuwiliang,2026-05-30 18:00:00,71,70,35,,4,10,0,71,,,,,
Tangerang,Tangerang Pasir Jaya,2026-05-30 18:00:00,61,61,33,,59,63,0,26,,,,,
Bekasi,Bekasi Kayuringin,2026-05-29 08:00:00,-,95,48,,48,13,0,2,,,,,
Jakarta,The Pakubuwono Menteng,2026-05-30 18:28:04,93,93,33,72,,,,,53,30.5,,,
Depok,Cinere - Nafas,2026-05-28 01:30:22,-,72,22,50,,,,,57,26.9,,,
Bogor,Kabupaten Bogor Leuwiliang,2026-05-30 18:00:00,71,70,35,,4,10,0,71,,,,,
Tangerang,Tangerang Pasir Jaya,2026-05-30 18:00:00,61,61,33,,59,63,0,26,,,,,
Bekasi,Bekasi Kayuringin,2026-05-29 08:00:00,-,95,48,,48,13,0,2,,,,,
Jakarta,The Pakubuwono Menteng,2026-05-30 18:30:04,91,91,30,72,,,,,53,30.5,,,
Depok,Cinere - Nafas,2026-05-28 01:30:22,-,72,22,50,,,,,57,26.9,,,
Bogor,Kabupaten Bogor Leuwiliang,2026-05-30 18:00:00,71,70,35,,4,10,0,71,,,,,
Tangerang,Tangerang Pasir Jaya,2026-05-30 18:00:00,61,61,33,,59,63,0,26,,,,,
Bekasi,Bekasi Kayuringin,2026-05-29 08:00:00,-,95,48,,48,13,0,2,,,,,
Jakarta,The Pakubuwono Menteng,2026-05-30 18:30:04,91,91,30,72,,,,,53,30.5,,,
Depok,Cinere - Nafas,2026-05-28 01:30:22,-,72,22,50,,,,,57,26.9,,,
Bogor,Kabupaten Bogor Leuwiliang,2026-05-30 18:00:00,71,70,35,,4,10,0,71,,,,,
Tangerang,Tangerang Pasir Jaya,2026-05-30 18:00:00,61,61,33,,59,63,0,26,,,,,
Bekasi,Bekasi Kayuringin,2026-05-29 08:00:00,-,95,48,,48,13,0,2,,,,,
Jakarta,The Pakubuwono Menteng,2026-05-30 18:33:04,87,87,30,72,,,,,54,30.5,,,
Depok,Cinere - Nafas,2026-05-28 01:30:22,-,72,22,50,,,,,57,26.9,,,
Bogor,Kabupaten Bogor Leuwiliang,2026-05-30 18:00:00,71,70,35,,4,10,0,71,,,,,
Tangerang,Tangerang Pasir Jaya,2026-05-30 18:00:00,61,61,33,,59,63,0,26,,,,,
Bekasi,Bekasi Kayuringin,2026-05-29 08:00:00,-,95,48,,48,13,0,2,,,,,
Jakarta,The Pakubuwono Menteng,2026-05-30 18:33:04,87,87,30,72,,,,,54,30.5,,,
Depok,Cinere - Nafas,2026-05-28 01:30:22,-,72,22,50,,,,,57,26.9,,,
Bogor,Kabupaten Bogor Leuwiliang,2026-05-30 18:00:00,71,70,35,,4,10,0,71,,,,,
Tangerang,Tangerang Pasir Jaya,2026-05-30 18:00:00,61,61,33,,59,63,0,26,,,,,
Bekasi,Bekasi Kayuringin,2026-05-29 08:00:00,-,95,48,,48,13,0,2,,,,,
Jakarta,The Pakubuwono Menteng,2026-05-30 18:35:04,88,88,31,72,,,,,54,30.5,,,
Depok,Cinere - Nafas,2026-05-28 01:30:22,-,72,22,50,,,,,57,26.9,,,
Bogor,Kabupaten Bogor Leuwiliang,2026-05-30 18:00:00,71,70,35,,4,10,0,71,,,,,
Tangerang,Tangerang Pasir Jaya,2026-05-30 18:00:00,61,61,33,,59,63,0,26,,,,,
Bekasi,Bekasi Kayuringin,2026-05-29 08:00:00,-,95,48,,48,13,0,2,,,,,
Jakarta,The Pakubuwono Menteng,2026-05-30 18:35:04,88,88,31,72,,,,,54,30.5,,,
Depok,Cinere - Nafas,2026-05-28 01:30:22,-,72,22,50,,,,,57,26.9,,,
Bogor,Kabupaten Bogor Leuwiliang,2026-05-30 18:00:00,71,70,35,,4,10,0,71,,,,,
Tangerang,Tangerang Pasir Jaya,2026-05-30 18:00:00,61,61,33,,59,63,0,26,,,,,
Bekasi,Bekasi Kayuringin,2026-05-29 08:00:00,-,95,48,,48,13,0,2,,,,,
Jakarta,The Pakubuwono Menteng,2026-05-30 18:37:04,89,89,30,71,,,,,54,30.5,,,
Depok,Cinere - Nafas,2026-05-28 01:30:22,-,72,22,50,,,,,57,26.9,,,
Bogor,Kabupaten Bogor Leuwiliang,2026-05-30 18:00:00,71,70,35,,4,10,0,71,,,,,
Tangerang,Tangerang Pasir Jaya,2026-05-30 18:00:00,61,61,33,,59,63,0,26,,,,,
Bekasi,Bekasi Kayuringin,2026-05-29 08:00:00,-,95,48,,48,13,0,2,,,,,
Jakarta,The Pakubuwono Menteng,2026-05-30 18:37:04,89,89,30,71,,,,,54,30.5,,,
Depok,Cinere - Nafas,2026-05-28 01:30:22,-,72,22,50,,,,,57,26.9,,,
Bogor,Kabupaten Bogor Leuwiliang,2026-05-30 18:00:00,71,70,35,,4,10,0,71,,,,,
Tangerang,Tangerang Pasir Jaya,2026-05-30 18:00:00,61,61,33,,59,63,0,26,,,,,
Bekasi,Bekasi Kayuringin,2026-05-29 08:00:00,-,95,48,,48,13,0,2,,,,,
Jakarta,The Pakubuwono Menteng,2026-05-30 18:40:04,94,94,34,73,,,,,54,30.5,,,
Depok,Cinere - Nafas,2026-05-28 01:30:22,-,72,22,50,,,,,57,26.9,,,
Bogor,Kabupaten Bogor Leuwiliang,2026-05-30 18:00:00,71,70,35,,4,10,0,71,,,,,
Tangerang,Tangerang Pasir Jaya,2026-05-30 18:00:00,61,61,33,,59,63,0,26,,,,,
Bekasi,Bekasi Kayuringin,2026-05-29 08:00:00,-,95,48,,48,13,0,2,,,,,
Jakarta,The Pakubuwono Menteng,2026-05-30 18:40:04,94,94,34,73,,,,,54,30.5,,,
Depok,Cinere - Nafas,2026-05-28 01:30:22,-,72,22,50,,,,,57,26.9,,,
Bogor,Kabupaten Bogor Leuwiliang,2026-05-30 18:00:00,71,70,35,,4,10,0,71,,,,,
Tangerang,Tangerang Pasir Jaya,2026-05-30 18:00:00,61,61,33,,59,63,0,26,,,,,
Bekasi,Bekasi Kayuringin,2026-05-29 08:00:00,-,95,48,,48,13,0,2,,,,,
Jakarta,The Pakubuwono Menteng,2026-05-30 18:42:04,94,94,32,73,,,,,54,30.5,,,
Depok,Cinere - Nafas,2026-05-28 01:30:22,-,72,22,50,,,,,57,26.9,,,
Bogor,Kabupaten Bogor Leuwiliang,2026-05-30 18:00:00,71,70,35,,4,10,0,71,,,,,
Tangerang,Tangerang Pasir Jaya,2026-05-30 18:00:00,61,61,33,,59,63,0,26,,,,,
Bekasi,Bekasi Kayuringin,2026-05-29 08:00:00,-,95,48,,48,13,0,2,,,,,
Jakarta,The Pakubuwono Menteng,2026-05-30 18:44:04,91,91,31,73,,,,,53,30.5,,,
Depok,Cinere - Nafas,2026-05-28 01:30:22,-,72,22,50,,,,,57,26.9,,,
Bogor,Kabupaten Bogor Leuwiliang,2026-05-30 18:00:00,71,70,35,,4,10,0,71,,,,,
Tangerang,Tangerang Pasir Jaya,2026-05-30 18:00:00,61,61,33,,59,63,0,26,,,,,
Bekasi,Bekasi Kayuringin,2026-05-29 08:00:00,-,95,48,,48,13,0,2,,,,,
Jakarta,The Pakubuwono Menteng,2026-05-30 18:44:04,91,91,31,73,,,,,53,30.5,,,
Depok,Cinere - Nafas,2026-05-28 01:30:22,-,72,22,50,,,,,57,26.9,,,
Bogor,Kabupaten Bogor Leuwiliang,2026-05-30 18:00:00,71,70,35,,4,10,0,71,,,,,
Tangerang,Tangerang Pasir Jaya,2026-05-30 18:00:00,61,61,33,,59,63,0,26,,,,,
Bekasi,Bekasi Kayuringin,2026-05-29 08:00:00,-,95,48,,48,13,0,2,,,,,
Jakarta,The Pakubuwono Menteng,2026-05-30 18:47:04,88,88,32,71,,,,,53,30.5,,,
Depok,Cinere - Nafas,2026-05-28 01:30:22,-,72,22,50,,,,,57,26.9,,,
Bogor,Kabupaten Bogor Leuwiliang,2026-05-30 18:00:00,71,70,35,,4,10,0,71,,,,,
Tangerang,Tangerang Pasir Jaya,2026-05-30 18:00:00,61,61,33,,59,63,0,26,,,,,
Bekasi,Bekasi Kayuringin,2026-05-29 08:00:00,-,95,48,,48,13,0,2,,,,,
Jakarta,The Pakubuwono Menteng,2026-05-30 18:47:04,88,88,32,71,,,,,53,30.5,,,
Depok,Cinere - Nafas,2026-05-28 01:30:22,-,72,22,50,,,,,57,26.9,,,
Bogor,Kabupaten Bogor Leuwiliang,2026-05-30 18:00:00,71,70,35,,4,10,0,71,,,,,
Tangerang,Tangerang Pasir Jaya,2026-05-30 18:00:00,61,61,33,,59,63,0,26,,,,,
Bekasi,Bekasi Kayuringin,2026-05-29 08:00:00,-,95,48,,48,13,0,2,,,,,
Jakarta,The Pakubuwono Menteng,2026-05-30 18:48:04,91,91,31,72,,,,,54,30.4,,,
Depok,Cinere - Nafas,2026-05-28 01:30:22,-,72,22,50,,,,,57,26.9,,,
Bogor,Kabupaten Bogor Leuwiliang,2026-05-30 18:00:00,71,70,35,,4,10,0,71,,,,,
Tangerang,Tangerang Pasir Jaya,2026-05-30 18:00:00,61,61,33,,59,63,0,26,,,,,
Bekasi,Bekasi Kayuringin,2026-05-29 08:00:00,-,95,48,,48,13,0,2,,,,,
Jakarta,The Pakubuwono Menteng,2026-05-30 18:48:04,91,91,31,72,,,,,54,30.4,,,
Depok,Cinere - Nafas,2026-05-28 01:30:22,-,72,22,50,,,,,57,26.9,,,
Bogor,Kabupaten Bogor Leuwiliang,2026-05-30 18:00:00,71,70,35,,4,10,0,71,,,,,
Tangerang,Tangerang Pasir Jaya,2026-05-30 18:00:00,61,61,33,,59,63,0,26,,,,,
Bekasi,Bekasi Kayuringin,2026-05-29 08:00:00,-,95,48,,48,13,0,2,,,,,
Jakarta,The Pakubuwono Menteng,2026-05-30 18:48:04,91,91,31,72,,,,,54,30.4,,,
Depok,Cinere - Nafas,2026-05-28 01:30:22,-,72,22,50,,,,,57,26.9,,,
Bogor,Kabupaten Bogor Leuwiliang,2026-05-30 18:00:00,71,70,35,,4,10,0,71,,,,,
Tangerang,Tangerang Pasir Jaya,2026-05-30 18:00:00,61,61,33,,59,63,0,26,,,,,
Bekasi,Bekasi Kayuringin,2026-05-29 08:00:00,-,95,48,,48,13,0,2,,,,,
Jakarta,The Pakubuwono Menteng,2026-05-30 18:48:04,91,91,31,72,,,,,54,30.4,,,
Depok,Cinere - Nafas,2026-05-28 01:30:22,-,72,22,50,,,,,57,26.9,,,
Bogor,Kabupaten Bogor Leuwiliang,2026-05-30 18:00:00,71,70,35,,4,10,0,71,,,,,
Tangerang,Tangerang Pasir Jaya,2026-05-30 18:00:00,61,61,33,,59,63,0,26,,,,,
Bekasi,Bekasi Kayuringin,2026-05-29 08:00:00,-,95,48,,48,13,0,2,,,,,
Jakarta,The Pakubuwono Menteng,2026-05-30 18:53:04,88,88,30,73,,,,,54,30.4,,,
Depok,Cinere - Nafas,2026-05-28 01:30:22,-,72,22,50,,,,,57,26.9,,,
Bogor,Kabupaten Bogor Leuwiliang,2026-05-30 18:00:00,71,70,35,,4,10,0,71,,,,,
Tangerang,Tangerang Pasir Jaya,2026-05-30 18:00:00,61,61,33,,59,63,0,26,,,,,
Bekasi,Bekasi Kayuringin,2026-05-29 08:00:00,-,95,48,,48,13,0,2,,,,,
Jakarta,The Pakubuwono Menteng,2026-05-30 18:55:04,92,92,32,73,,,,,54,30.4,,,
Depok,Cinere - Nafas,2026-05-28 01:30:22,-,72,22,50,,,,,57,26.9,,,
Bogor,Kabupaten Bogor Leuwiliang,2026-05-30 18:00:00,71,70,35,,4,10,0,71,,,,,
Tangerang,Tangerang Pasir Jaya,2026-05-30 18:00:00,61,61,33,,59,63,0,26,,,,,
Bekasi,Bekasi Kayuringin,2026-05-29 08:00:00,-,95,48,,48,13,0,2,,,,,
Jakarta,The Pakubuwono Menteng,2026-05-30 18:55:04,92,92,32,73,,,,,54,30.4,,,
Depok,Cinere - Nafas,2026-05-28 01:30:22,-,72,22,50,,,,,57,26.9,,,
Bogor,Kabupaten Bogor Leuwiliang,2026-05-30 18:00:00,71,70,35,,4,10,0,71,,,,,
Tangerang,Tangerang Pasir Jaya,2026-05-30 18:00:00,61,61,33,,59,63,0,26,,,,,
Bekasi,Bekasi Kayuringin,2026-05-29 08:00:00,-,95,48,,48,13,0,2,,,,,
Jakarta,The Pakubuwono Menteng,2026-05-30 18:57:04,92,92,32,73,,,,,54,30.4,,,
Depok,Cinere - Nafas,2026-05-28 01:30:22,-,72,22,50,,,,,57,26.9,,,
Bogor,Kabupaten Bogor Leuwiliang,2026-05-30 18:00:00,71,70,35,,4,10,0,71,,,,,
Tangerang,Tangerang Pasir Jaya,2026-05-30 18:00:00,61,61,33,,59,63,0,26,,,,,
Bekasi,Bekasi Kayuringin,2026-05-29 08:00:00,-,95,48,,48,13,0,2,,,,,
Jakarta,The Pakubuwono Menteng,2026-05-30 18:57:04,92,92,32,73,,,,,54,30.4,,,
Depok,Cinere - Nafas,2026-05-28 01:30:22,-,72,22,50,,,,,57,26.9,,,
Bogor,Kabupaten Bogor Leuwiliang,2026-05-30 18:00:00,71,70,35,,4,10,0,71,,,,,
Tangerang,Tangerang Pasir Jaya,2026-05-30 18:00:00,61,61,33,,59,63,0,26,,,,,
Bekasi,Bekasi Kayuringin,2026-05-29 08:00:00,-,95,48,,48,13,0,2,,,,,
Jakarta,The Pakubuwono Menteng,2026-05-30 19:00:04,96,96,34,75,,,,,54,30.4,,,
Depok,Cinere - Nafas,2026-05-28 01:30:22,-,72,22,50,,,,,57,26.9,,,
Bogor,Kabupaten Bogor Leuwiliang,2026-05-30 18:00:00,71,70,35,,4,10,0,71,,,,,
Tangerang,Tangerang Pasir Jaya,2026-05-30 18:00:00,61,61,33,,59,63,0,26,,,,,
Bekasi,Bekasi Kayuringin,2026-05-29 08:00:00,-,95,48,,48,13,0,2,,,,,
Jakarta,The Pakubuwono Menteng,2026-05-30 19:00:04,96,96,34,75,,,,,54,30.4,,,
Depok,Cinere - Nafas,2026-05-28 01:30:22,-,72,22,50,,,,,57,26.9,,,
Bogor,Kabupaten Bogor Leuwiliang,2026-05-30 18:00:00,71,70,35,,4,10,0,71,,,,,
Tangerang,Tangerang Pasir Jaya,2026-05-30 18:00:00,61,61,33,,59,63,0,26,,,,,
Bekasi,Bekasi Kayuringin,2026-05-29 08:00:00,-,95,48,,48,13,0,2,,,,,
Jakarta,The Pakubuwono Menteng,2026-05-30 19:02:05,94,94,32,72,,,,,54,30.4,,,
Depok,Cinere - Nafas,2026-05-28 01:30:22,-,72,22,50,,,,,57,26.9,,,
Bogor,Kabupaten Bogor Leuwiliang,2026-05-30 19:00:00,71,70,35,,4,10,0,71,,,,,
Tangerang,Tangerang Pasir Jaya,2026-05-30 19:00:00,61,61,33,,59,63,0,26,,,,,
Bekasi,Bekasi Kayuringin,2026-05-29 08:00:00,-,95,48,,48,13,0,2,,,,,
Jakarta,The Pakubuwono Menteng,2026-05-30 19:02:05,94,94,32,72,,,,,54,30.4,,,
Depok,Cinere - Nafas,2026-05-28 01:30:22,-,72,22,50,,,,,57,26.9,,,
Bogor,Kabupaten Bogor Leuwiliang,2026-05-30 19:00:00,71,70,35,,4,10,0,71,,,,,
Tangerang,Tangerang Pasir Jaya,2026-05-30 19:00:00,61,61,33,,59,63,0,26,,,,,
Bekasi,Bekasi Kayuringin,2026-05-29 08:00:00,-,95,48,,48,13,0,2,,,,,
Jakarta,The Pakubuwono Menteng,2026-05-30 19:04:05,95,95,35,74,,,,,54,30.4,,,
Depok,Cinere - Nafas,2026-05-28 01:30:22,-,72,22,50,,,,,57,26.9,,,
Bogor,Kabupaten Bogor Leuwiliang,2026-05-30 19:00:00,71,70,35,,4,10,0,71,,,,,
Tangerang,Tangerang Pasir Jaya,2026-05-30 19:00:00,61,61,33,,59,63,0,26,,,,,
Bekasi,Bekasi Kayuringin,2026-05-29 08:00:00,-,95,48,,48,13,0,2,,,,,
Jakarta,The Pakubuwono Menteng,2026-05-30 19:06:05,97,97,36,73,,,,,54,30.4,,,
Depok,Cinere - Nafas,2026-05-28 01:30:22,-,72,22,50,,,,,57,26.9,,,
Bogor,Kabupaten Bogor Leuwiliang,2026-05-30 19:00:00,71,70,35,,4,10,0,71,,,,,
Tangerang,Tangerang Pasir Jaya,2026-05-30 19:00:00,61,61,33,,59,63,0,26,,,,,
Bekasi,Bekasi Kayuringin,2026-05-29 08:00:00,-,95,48,,48,13,0,2,,,,,
Jakarta,The Pakubuwono Menteng,2026-05-30 19:06:05,97,97,36,73,,,,,54,30.4,,,
Depok,Cinere - Nafas,2026-05-28 01:30:22,-,72,22,50,,,,,57,26.9,,,
Bogor,Kabupaten Bogor Leuwiliang,2026-05-30 19:00:00,71,70,35,,4,10,0,71,,,,,
Tangerang,Tangerang Pasir Jaya,2026-05-30 19:00:00,61,61,33,,59,63,0,26,,,,,
Bekasi,Bekasi Kayuringin,2026-05-29 08:00:00,-,95,48,,48,13,0,2,,,,,
Jakarta,The Pakubuwono Menteng,2026-05-30 19:08:05,92,92,33,73,,,,,54,30.4,,,
Depok,Cinere - Nafas,2026-05-28 01:30:22,-,72,22,50,,,,,57,26.9,,,
Bogor,Kabupaten Bogor Leuwiliang,2026-05-30 19:00:00,71,70,35,,4,10,0,71,,,,,
Tangerang,Tangerang Pasir Jaya,2026-05-30 19:00:00,61,61,33,,59,63,0,26,,,,,
Bekasi,Bekasi Kayuringin,2026-05-29 08:00:00,-,95,48,,48,13,0,2,,,,,
Jakarta,The Pakubuwono Menteng,2026-05-30 19:08:05,92,92,33,73,,,,,54,30.4,,,
Depok,Cinere - Nafas,2026-05-28 01:30:22,-,72,22,50,,,,,57,26.9,,,
Bogor,Kabupaten Bogor Leuwiliang,2026-05-30 19:00:00,71,70,35,,4,10,0,71,,,,,
Tangerang,Tangerang Pasir Jaya,2026-05-30 19:00:00,61,61,33,,59,63,0,26,,,,,
Bekasi,Bekasi Kayuringin,2026-05-29 08:00:00,-,95,48,,48,13,0,2,,,,,
Jakarta,The Pakubuwono Menteng,2026-05-30 19:10:05,92,92,34,73,,,,,54,30.4,,,
Depok,Cinere - Nafas,2026-05-28 01:30:22,-,72,22,50,,,,,57,26.9,,,
Bogor,Kabupaten Bogor Leuwiliang,2026-05-30 19:00:00,71,70,35,,4,10,0,71,,,,,
Tangerang,Tangerang Pasir Jaya,2026-05-30 19:00:00,61,61,33,,59,63,0,26,,,,,
Bekasi,Bekasi Kayuringin,2026-05-29 08:00:00,-,95,48,,48,13,0,2,,,,,
Jakarta,The Pakubuwono Menteng,2026-05-30 19:10:05,92,92,34,73,,,,,54,30.4,,,
Depok,Cinere - Nafas,2026-05-28 01:30:22,-,72,22,50,,,,,57,26.9,,,
Bogor,Kabupaten Bogor Leuwiliang,2026-05-30 19:00:00,71,70,35,,4,10,0,71,,,,,
Tangerang,Tangerang Pasir Jaya,2026-05-30 19:00:00,61,61,33,,59,63,0,26,,,,,
Bekasi,Bekasi Kayuringin,2026-05-29 08:00:00,-,95,48,,48,13,0,2,,,,,
Jakarta,The Pakubuwono Menteng,2026-05-30 19:13:05,92,92,31,73,,,,,54,30.4,,,
Depok,Cinere - Nafas,2026-05-28 01:30:22,-,72,22,50,,,,,57,26.9,,,
Bogor,Kabupaten Bogor Leuwiliang,2026-05-30 19:00:00,71,70,35,,4,10,0,71,,,,,
Tangerang,Tangerang Pasir Jaya,2026-05-30 19:00:00,61,61,33,,59,63,0,26,,,,,
Bekasi,Bekasi Kayuringin,2026-05-29 08:00:00,-,95,48,,48,13,0,2,,,,,
Jakarta,The Pakubuwono Menteng,2026-05-30 19:13:05,92,92,31,73,,,,,54,30.4,,,
Depok,Cinere - Nafas,2026-05-28 01:30:22,-,72,22,50,,,,,57,26.9,,,
Bogor,Kabupaten Bogor Leuwiliang,2026-05-30 19:00:00,71,70,35,,4,10,0,71,,,,,
Tangerang,Tangerang Pasir Jaya,2026-05-30 19:00:00,61,61,33,,59,63,0,26,,,,,
Bekasi,Bekasi Kayuringin,2026-05-29 08:00:00,-,95,48,,48,13,0,2,,,,,
Jakarta,The Pakubuwono Menteng,2026-05-30 19:15:05,91,91,30,70,,,,,54,30.4,,,
Depok,Cinere - Nafas,2026-05-28 01:30:22,-,72,22,50,,,,,57,26.9,,,
Bogor,Kabupaten Bogor Leuwiliang,2026-05-30 19:00:00,71,70,35,,4,10,0,71,,,,,
Tangerang,Tangerang Pasir Jaya,2026-05-30 19:00:00,61,61,33,,59,63,0,26,,,,,
Bekasi,Bekasi Kayuringin,2026-05-29 08:00:00,-,95,48,,48,13,0,2,,,,,
Jakarta,The Pakubuwono Menteng,2026-05-30 19:15:05,91,91,30,70,,,,,54,30.4,,,
Depok,Cinere - Nafas,2026-05-28 01:30:22,-,72,22,50,,,,,57,26.9,,,
Bogor,Kabupaten Bogor Leuwiliang,2026-05-30 19:00:00,71,70,35,,4,10,0,71,,,,,
Tangerang,Tangerang Pasir Jaya,2026-05-30 19:00:00,61,61,33,,59,63,0,26,,,,,
Bekasi,Bekasi Kayuringin,2026-05-29 08:00:00,-,95,48,,48,13,0,2,,,,,
Jakarta,The Pakubuwono Menteng,2026-05-30 19:15:05,91,91,30,70,,,,,54,30.4,,,
Depok,Cinere - Nafas,2026-05-28 01:30:22,-,72,22,50,,,,,57,26.9,,,
Bogor,Kabupaten Bogor Leuwiliang,2026-05-30 19:00:00,71,70,35,,4,10,0,71,,,,,
Tangerang,Tangerang Pasir Jaya,2026-05-30 19:00:00,61,61,33,,59,63,0,26,,,,,
Bekasi,Bekasi Kayuringin,2026-05-29 08:00:00,-,95,48,,48,13,0,2,,,,,
Jakarta,The Pakubuwono Menteng,2026-05-30 19:17:05,93,93,33,71,,,,,54,30.4,,,
Depok,Cinere - Nafas,2026-05-28 01:30:22,-,72,22,50,,,,,57,26.9,,,
Bogor,Kabupaten Bogor Leuwiliang,2026-05-30 19:00:00,71,70,35,,4,10,0,71,,,,,
Tangerang,Tangerang Pasir Jaya,2026-05-30 19:00:00,61,61,33,,59,63,0,26,,,,,
Bekasi,Bekasi Kayuringin,2026-05-29 08:00:00,-,95,48,,48,13,0,2,,,,,
Jakarta,The Pakubuwono Menteng,2026-05-30 19:20:05,91,91,32,70,,,,,54,30.4,,,
Depok,Cinere - Nafas,2026-05-28 01:30:22,-,72,22,50,,,,,57,26.9,,,
Bogor,Kabupaten Bogor Leuwiliang,2026-05-30 19:00:00,71,70,35,,4,10,0,71,,,,,
Tangerang,Tangerang Pasir Jaya,2026-05-30 19:00:00,61,61,33,,59,63,0,26,,,,,
Bekasi,Bekasi Kayuringin,2026-05-29 08:00:00,-,95,48,,48,13,0,2,,,,,
Jakarta,The Pakubuwono Menteng,2026-05-30 19:20:05,91,91,32,70,,,,,54,30.4,,,
Depok,Cinere - Nafas,2026-05-28 01:30:22,-,72,22,50,,,,,57,26.9,,,
Bogor,Kabupaten Bogor Leuwiliang,2026-05-30 19:00:00,71,70,35,,4,10,0,71,,,,,
Tangerang,Tangerang Pasir Jaya,2026-05-30 19:00:00,61,61,33,,59,63,0,26,,,,,
Bekasi,Bekasi Kayuringin,2026-05-29 08:00:00,-,95,48,,48,13,0,2,,,,,
Jakarta,The Pakubuwono Menteng,2026-05-30 19:22:05,93,93,31,74,,,,,54,30.4,,,
Depok,Cinere - Nafas,2026-05-28 01:30:22,-,72,22,50,,,,,57,26.9,,,
Bogor,Kabupaten Bogor Leuwiliang,2026-05-30 19:00:00,71,70,35,,4,10,0,71,,,,,
Tangerang,Tangerang Pasir Jaya,2026-05-30 19:00:00,61,61,33,,59,63,0,26,,,,,
Bekasi,Bekasi Kayuringin,2026-05-29 08:00:00,-,95,48,,48,13,0,2,,,,,
Jakarta,The Pakubuwono Menteng,2026-05-30 19:22:05,93,93,31,74,,,,,54,30.4,,,
Depok,Cinere - Nafas,2026-05-28 01:30:22,-,72,22,50,,,,,57,26.9,,,
Bogor,Kabupaten Bogor Leuwiliang,2026-05-30 19:00:00,71,70,35,,4,10,0,71,,,,,
Tangerang,Tangerang Pasir Jaya,2026-05-30 19:00:00,61,61,33,,59,63,0,26,,,,,
Bekasi,Bekasi Kayuringin,2026-05-29 08:00:00,-,95,48,,48,13,0,2,,,,,
Jakarta,The Pakubuwono Menteng,2026-05-30 19:24:05,91,91,30,72,,,,,54,30.4,,,
Depok,Cinere - Nafas,2026-05-28 01:30:22,-,72,22,50,,,,,57,26.9,,,
Bogor,Kabupaten Bogor Leuwiliang,2026-05-30 19:00:00,71,70,35,,4,10,0,71,,,,,
Tangerang,Tangerang Pasir Jaya,2026-05-30 19:00:00,61,61,33,,59,63,0,26,,,,,
Bekasi,Bekasi Kayuringin,2026-05-29 08:00:00,-,95,48,,48,13,0,2,,,,,
Jakarta,The Pakubuwono Menteng,2026-05-30 19:24:05,91,91,30,72,,,,,54,30.4,,,
Depok,Cinere - Nafas,2026-05-28 01:30:22,-,72,22,50,,,,,57,26.9,,,
Bogor,Kabupaten Bogor Leuwiliang,2026-05-30 19:00:00,71,70,35,,4,10,0,71,,,,,
Tangerang,Tangerang Pasir Jaya,2026-05-30 19:00:00,61,61,33,,59,63,0,26,,,,,
Bekasi,Bekasi Kayuringin,2026-05-29 08:00:00,-,95,48,,48,13,0,2,,,,,
Jakarta,The Pakubuwono Menteng,2026-05-30 19:27:05,91,91,30,71,,,,,54,30.4,,,
Depok,Cinere - Nafas,2026-05-28 01:30:22,-,72,22,50,,,,,57,26.9,,,
Bogor,Kabupaten Bogor Leuwiliang,2026-05-30 19:00:00,71,70,35,,4,10,0,71,,,,,
Tangerang,Tangerang Pasir Jaya,2026-05-30 19:00:00,61,61,33,,59,63,0,26,,,,,
Bekasi,Bekasi Kayuringin,2026-05-29 08:00:00,-,95,48,,48,13,0,2,,,,,
Jakarta,The Pakubuwono Menteng,2026-05-30 19:27:05,91,91,30,71,,,,,54,30.4,,,
Depok,Cinere - Nafas,2026-05-28 01:30:22,-,72,22,50,,,,,57,26.9,,,
Bogor,Kabupaten Bogor Leuwiliang,2026-05-30 19:00:00,71,70,35,,4,10,0,71,,,,,
Tangerang,Tangerang Pasir Jaya,2026-05-30 19:00:00,61,61,33,,59,63,0,26,,,,,
Bekasi,Bekasi Kayuringin,2026-05-29 08:00:00,-,95,48,,48,13,0,2,,,,,
Jakarta,The Pakubuwono Menteng,2026-05-30 19:30:05,91,91,31,70,,,,,53,30.4,,,
Depok,Cinere - Nafas,2026-05-28 01:30:22,-,72,22,50,,,,,57,26.9,,,
Bogor,Kabupaten Bogor Leuwiliang,2026-05-30 19:00:00,71,70,35,,4,10,0,71,,,,,
Tangerang,Tangerang Pasir Jaya,2026-05-30 19:00:00,61,61,33,,59,63,0,26,,,,,
Bekasi,Bekasi Kayuringin,2026-05-29 08:00:00,-,95,48,,48,13,0,2,,,,,
Jakarta,The Pakubuwono Menteng,2026-05-30 19:32:05,91,91,30,70,,,,,54,30.4,,,
Depok,Cinere - Nafas,2026-05-28 01:30:22,-,72,22,50,,,,,57,26.9,,,
Bogor,Kabupaten Bogor Leuwiliang,2026-05-30 19:00:00,71,70,35,,4,10,0,71,,,,,
Tangerang,Tangerang Pasir Jaya,2026-05-30 19:00:00,61,61,33,,59,63,0,26,,,,,
Bekasi,Bekasi Kayuringin,2026-05-29 08:00:00,-,95,48,,48,13,0,2,,,,,
Jakarta,The Pakubuwono Menteng,2026-05-30 19:32:05,91,91,30,70,,,,,54,30.4,,,
Depok,Cinere - Nafas,2026-05-28 01:30:22,-,72,22,50,,,,,57,26.9,,,
Bogor,Kabupaten Bogor Leuwiliang,2026-05-30 19:00:00,71,70,35,,4,10,0,71,,,,,
Tangerang,Tangerang Pasir Jaya,2026-05-30 19:00:00,61,61,33,,59,63,0,26,,,,,
Bekasi,Bekasi Kayuringin,2026-05-29 08:00:00,-,95,48,,48,13,0,2,,,,,
Jakarta,The Pakubuwono Menteng,2026-05-30 19:34:05,89,89,31,71,,,,,54,30.4,,,
Depok,Cinere - Nafas,2026-05-28 01:30:22,-,72,22,50,,,,,57,26.9,,,
Bogor,Kabupaten Bogor Leuwiliang,2026-05-30 19:00:00,71,70,35,,4,10,0,71,,,,,
Tangerang,Tangerang Pasir Jaya,2026-05-30 19:00:00,61,61,33,,59,63,0,26,,,,,
Bekasi,Bekasi Kayuringin,2026-05-29 08:00:00,-,95,48,,48,13,0,2,,,,,
Jakarta,The Pakubuwono Menteng,2026-05-30 19:34:05,89,89,31,71,,,,,54,30.4,,,
Depok,Cinere - Nafas,2026-05-28 01:30:22,-,72,22,50,,,,,57,26.9,,,
Bogor,Kabupaten Bogor Leuwiliang,2026-05-30 19:00:00,71,70,35,,4,10,0,71,,,,,
Tangerang,Tangerang Pasir Jaya,2026-05-30 19:00:00,61,61,33,,59,63,0,26,,,,,
Bekasi,Bekasi Kayuringin,2026-05-29 08:00:00,-,95,48,,48,13,0,2,,,,,
Jakarta,The Pakubuwono Menteng,2026-05-30 19:36:05,88,88,30,72,,,,,54,30.4,,,
Depok,Cinere - Nafas,2026-05-28 01:30:22,-,72,22,50,,,,,57,26.9,,,
Bogor,Kabupaten Bogor Leuwiliang,2026-05-30 19:00:00,71,70,35,,4,10,0,71,,,,,
Tangerang,Tangerang Pasir Jaya,2026-05-30 19:00:00,61,61,33,,59,63,0,26,,,,,
Bekasi,Bekasi Kayuringin,2026-05-29 08:00:00,-,95,48,,48,13,0,2,,,,,
Jakarta,The Pakubuwono Menteng,2026-05-30 19:36:05,88,88,30,72,,,,,54,30.4,,,
Depok,Cinere - Nafas,2026-05-28 01:30:22,-,72,22,50,,,,,57,26.9,,,
Bogor,Kabupaten Bogor Leuwiliang,2026-05-30 19:00:00,71,70,35,,4,10,0,71,,,,,
Tangerang,Tangerang Pasir Jaya,2026-05-30 19:00:00,61,61,33,,59,63,0,26,,,,,
Bekasi,Bekasi Kayuringin,2026-05-29 08:00:00,-,95,48,,48,13,0,2,,,,,
Jakarta,The Pakubuwono Menteng,2026-05-30 19:38:05,87,87,31,71,,,,,54,30.4,,,
Depok,Cinere - Nafas,2026-05-28 01:30:22,-,72,22,50,,,,,57,26.9,,,
Bogor,Kabupaten Bogor Leuwiliang,2026-05-30 19:00:00,71,70,35,,4,10,0,71,,,,,
Tangerang,Tangerang Pasir Jaya,2026-05-30 19:00:00,61,61,33,,59,63,0,26,,,,,
Bekasi,Bekasi Kayuringin,2026-05-29 08:00:00,-,95,48,,48,13,0,2,,,,,
Jakarta,The Pakubuwono Menteng,2026-05-30 19:38:05,87,87,31,71,,,,,54,30.4,,,
Depok,Cinere - Nafas,2026-05-28 01:30:22,-,72,22,50,,,,,57,26.9,,,
Bogor,Kabupaten Bogor Leuwiliang,2026-05-30 19:00:00,71,70,35,,4,10,0,71,,,,,
Tangerang,Tangerang Pasir Jaya,2026-05-30 19:00:00,61,61,33,,59,63,0,26,,,,,
Bekasi,Bekasi Kayuringin,2026-05-29 08:00:00,-,95,48,,48,13,0,2,,,,,
Jakarta,The Pakubuwono Menteng,2026-05-30 19:41:05,92,92,32,73,,,,,54,30.4,,,
Depok,Cinere - Nafas,2026-05-28 01:30:22,-,72,22,50,,,,,57,26.9,,,
Bogor,Kabupaten Bogor Leuwiliang,2026-05-30 19:00:00,71,70,35,,4,10,0,71,,,,,
Tangerang,Tangerang Pasir Jaya,2026-05-30 19:00:00,61,61,33,,59,63,0,26,,,,,
Bekasi,Bekasi Kayuringin,2026-05-29 08:00:00,-,95,48,,48,13,0,2,,,,,
Jakarta,The Pakubuwono Menteng,2026-05-30 19:41:05,92,92,32,73,,,,,54,30.4,,,
Depok,Cinere - Nafas,2026-05-28 01:30:22,-,72,22,50,,,,,57,26.9,,,
Bogor,Kabupaten Bogor Leuwiliang,2026-05-30 19:00:00,71,70,35,,4,10,0,71,,,,,
Tangerang,Tangerang Pasir Jaya,2026-05-30 19:00:00,61,61,33,,59,63,0,26,,,,,
Bekasi,Bekasi Kayuringin,2026-05-29 08:00:00,-,95,48,,48,13,0,2,,,,,
Jakarta,The Pakubuwono Menteng,2026-05-30 19:43:05,93,93,31,73,,,,,54,30.4,,,
Depok,Cinere - Nafas,2026-05-28 01:30:22,-,72,22,50,,,,,57,26.9,,,
Bogor,Kabupaten Bogor Leuwiliang,2026-05-30 19:00:00,71,70,35,,4,10,0,71,,,,,
Tangerang,Tangerang Pasir Jaya,2026-05-30 19:00:00,61,61,33,,59,63,0,26,,,,,
Bekasi,Bekasi Kayuringin,2026-05-29 08:00:00,-,95,48,,48,13,0,2,,,,,
Jakarta,The Pakubuwono Menteng,2026-05-30 19:45:05,94,94,33,74,,,,,54,30.4,,,
Depok,Cinere - Nafas,2026-05-28 01:30:22,-,72,22,50,,,,,57,26.9,,,
Bogor,Kabupaten Bogor Leuwiliang,2026-05-30 19:00:00,71,70,35,,4,10,0,71,,,,,
Tangerang,Tangerang Pasir Jaya,2026-05-30 19:00:00,61,61,33,,59,63,0,26,,,,,
Bekasi,Bekasi Kayuringin,2026-05-29 08:00:00,-,95,48,,48,13,0,2,,,,,
Jakarta,The Pakubuwono Menteng,2026-05-30 19:45:05,94,94,33,74,,,,,54,30.4,,,
Depok,Cinere - Nafas,2026-05-28 01:30:22,-,72,22,50,,,,,57,26.9,,,
Bogor,Kabupaten Bogor Leuwiliang,2026-05-30 19:00:00,71,70,35,,4,10,0,71,,,,,
Tangerang,Tangerang Pasir Jaya,2026-05-30 19:00:00,61,61,33,,59,63,0,26,,,,,
Bekasi,Bekasi Kayuringin,2026-05-29 08:00:00,-,95,48,,48,13,0,2,,,,,
Jakarta,The Pakubuwono Menteng,2026-05-30 19:47:07,91,91,31,72,,,,,53,30.4,,,
Depok,Cinere - Nafas,2026-05-28 01:30:22,-,72,22,50,,,,,57,26.9,,,
Bogor,Kabupaten Bogor Leuwiliang,2026-05-30 19:00:00,71,70,35,,4,10,0,71,,,,,
Tangerang,Tangerang Pasir Jaya,2026-05-30 19:00:00,61,61,33,,59,63,0,26,,,,,
Bekasi,Bekasi Kayuringin,2026-05-29 08:00:00,-,95,48,,48,13,0,2,,,,,
Jakarta,The Pakubuwono Menteng,2026-05-30 19:47:07,91,91,31,72,,,,,53,30.4,,,
Depok,Cinere - Nafas,2026-05-28 01:30:22,-,72,22,50,,,,,57,26.9,,,
Bogor,Kabupaten Bogor Leuwiliang,2026-05-30 19:00:00,71,70,35,,4,10,0,71,,,,,
Tangerang,Tangerang Pasir Jaya,2026-05-30 19:00:00,61,61,33,,59,63,0,26,,,,,
Bekasi,Bekasi Kayuringin,2026-05-29 08:00:00,-,95,48,,48,13,0,2,,,,,
Jakarta,The Pakubuwono Menteng,2026-05-30 19:49:05,93,93,32,73,,,,,53,30.4,,,
Depok,Cinere - Nafas,2026-05-28 01:30:22,-,72,22,50,,,,,57,26.9,,,
Bogor,Kabupaten Bogor Leuwiliang,2026-05-30 19:00:00,71,70,35,,4,10,0,71,,,,,
Tangerang,Tangerang Pasir Jaya,2026-05-30 19:00:00,61,61,33,,59,63,0,26,,,,,
Bekasi,Bekasi Kayuringin,2026-05-29 08:00:00,-,95,48,,48,13,0,2,,,,,
Jakarta,The Pakubuwono Menteng,2026-05-30 19:49:05,93,93,32,73,,,,,53,30.4,,,
Depok,Cinere - Nafas,2026-05-28 01:30:22,-,72,22,50,,,,,57,26.9,,,
Bogor,Kabupaten Bogor Leuwiliang,2026-05-30 19:00:00,71,70,35,,4,10,0,71,,,,,
Tangerang,Tangerang Pasir Jaya,2026-05-30 19:00:00,61,61,33,,59,63,0,26,,,,,
Bekasi,Bekasi Kayuringin,2026-05-29 08:00:00,-,95,48,,48,13,0,2,,,,,
Jakarta,The Pakubuwono Menteng,2026-05-30 19:51:06,92,92,32,74,,,,,54,30.4,,,
Depok,Cinere - Nafas,2026-05-28 01:30:22,-,72,22,50,,,,,57,26.9,,,
Bogor,Kabupaten Bogor Leuwiliang,2026-05-30 19:00:00,71,70,35,,4,10,0,71,,,,,
Tangerang,Tangerang Pasir Jaya,2026-05-30 19:00:00,61,61,33,,59,63,0,26,,,,,
Bekasi,Bekasi Kayuringin,2026-05-29 08:00:00,-,95,48,,48,13,0,2,,,,,
Jakarta,The Pakubuwono Menteng,2026-05-30 19:53:06,93,93,33,72,,,,,54,30.4,,,
Depok,Cinere - Nafas,2026-05-28 01:30:22,-,72,22,50,,,,,57,26.9,,,
Bogor,Kabupaten Bogor Leuwiliang,2026-05-30 19:00:00,71,70,35,,4,10,0,71,,,,,
Tangerang,Tangerang Pasir Jaya,2026-05-30 19:00:00,61,61,33,,59,63,0,26,,,,,
Bekasi,Bekasi Kayuringin,2026-05-29 08:00:00,-,95,48,,48,13,0,2,,,,,
Jakarta,The Pakubuwono Menteng,2026-05-30 19:53:06,93,93,33,72,,,,,54,30.4,,,
Depok,Cinere - Nafas,2026-05-28 01:30:22,-,72,22,50,,,,,57,26.9,,,
Bogor,Kabupaten Bogor Leuwiliang,2026-05-30 19:00:00,71,70,35,,4,10,0,71,,,,,
Tangerang,Tangerang Pasir Jaya,2026-05-30 19:00:00,61,61,33,,59,63,0,26,,,,,
Bekasi,Bekasi Kayuringin,2026-05-29 08:00:00,-,95,48,,48,13,0,2,,,,,
Jakarta,The Pakubuwono Menteng,2026-05-30 19:55:05,94,94,32,73,,,,,54,30.4,,,
Depok,Cinere - Nafas,2026-05-28 01:30:22,-,72,22,50,,,,,57,26.9,,,
Bogor,Kabupaten Bogor Leuwiliang,2026-05-30 19:00:00,71,70,35,,4,10,0,71,,,,,
Tangerang,Tangerang Pasir Jaya,2026-05-30 19:00:00,61,61,33,,59,63,0,26,,,,,
Bekasi,Bekasi Kayuringin,2026-05-29 08:00:00,-,95,48,,48,13,0,2,,,,,
Jakarta,The Pakubuwono Menteng,2026-05-30 19:55:05,94,94,32,73,,,,,54,30.4,,,
Depok,Cinere - Nafas,2026-05-28 01:30:22,-,72,22,50,,,,,57,26.9,,,
Bogor,Kabupaten Bogor Leuwiliang,2026-05-30 19:00:00,71,70,35,,4,10,0,71,,,,,
Tangerang,Tangerang Pasir Jaya,2026-05-30 19:00:00,61,61,33,,59,63,0,26,,,,,
Bekasi,Bekasi Kayuringin,2026-05-29 08:00:00,-,95,48,,48,13,0,2,,,,,
Jakarta,The Pakubuwono Menteng,2026-05-30 19:57:06,94,94,33,73,,,,,54,30.4,,,
Depok,Cinere - Nafas,2026-05-28 01:30:22,-,72,22,50,,,,,57,26.9,,,
Bogor,Kabupaten Bogor Leuwiliang,2026-05-30 19:00:00,71,70,35,,4,10,0,71,,,,,
Tangerang,Tangerang Pasir Jaya,2026-05-30 19:00:00,61,61,33,,59,63,0,26,,,,,
Bekasi,Bekasi Kayuringin,2026-05-29 08:00:00,-,95,48,,48,13,0,2,,,,,
Jakarta,The Pakubuwono Menteng,2026-05-30 19:57:06,94,94,33,73,,,,,54,30.4,,,
Depok,Cinere - Nafas,2026-05-28 01:30:22,-,72,22,50,,,,,57,26.9,,,
Bogor,Kabupaten Bogor Leuwiliang,2026-05-30 19:00:00,71,70,35,,4,10,0,71,,,,,
Tangerang,Tangerang Pasir Jaya,2026-05-30 19:00:00,61,61,33,,59,63,0,26,,,,,
Bekasi,Bekasi Kayuringin,2026-05-29 08:00:00,-,95,48,,48,13,0,2,,,,,
Jakarta,The Pakubuwono Menteng,2026-05-30 20:00:06,94,94,32,72,,,,,54,30.5,,,
Depok,Cinere - Nafas,2026-05-28 01:30:22,-,72,22,50,,,,,57,26.9,,,
Bogor,Kabupaten Bogor Leuwiliang,2026-05-30 19:00:00,71,70,35,,4,10,0,71,,,,,
Tangerang,Tangerang Pasir Jaya,2026-05-30 19:00:00,61,61,33,,59,63,0,26,,,,,
Bekasi,Bekasi Kayuringin,2026-05-29 08:00:00,-,95,48,,48,13,0,2,,,,,
Jakarta,The Pakubuwono Menteng,2026-05-30 20:00:06,94,94,32,72,,,,,54,30.5,,,
Depok,Cinere - Nafas,2026-05-28 01:30:22,-,72,22,50,,,,,57,26.9,,,
Bogor,Kabupaten Bogor Leuwiliang,2026-05-30 19:00:00,71,70,35,,4,10,0,71,,,,,
Tangerang,Tangerang Pasir Jaya,2026-05-30 19:00:00,61,61,33,,59,63,0,26,,,,,
Bekasi,Bekasi Kayuringin,2026-05-29 08:00:00,-,95,48,,48,13,0,2,,,,,
Jakarta,The Pakubuwono Menteng,2026-05-30 20:02:06,99,99,35,75,,,,,54,30.4,,,
Depok,Cinere - Nafas,2026-05-28 01:30:22,-,72,22,50,,,,,57,26.9,,,
Bogor,Kabupaten Bogor Leuwiliang,2026-05-30 20:00:00,71,71,36,,4,10,0,71,,,,,
Tangerang,Tangerang Pasir Jaya,2026-05-30 20:00:00,62,62,33,,59,63,0,26,,,,,
Bekasi,Bekasi Kayuringin,2026-05-29 08:00:00,-,95,48,,48,13,0,2,,,,,
Jakarta,The Pakubuwono Menteng,2026-05-30 20:02:06,99,99,35,75,,,,,54,30.4,,,
Depok,Cinere - Nafas,2026-05-28 01:30:22,-,72,22,50,,,,,57,26.9,,,
Bogor,Kabupaten Bogor Leuwiliang,2026-05-30 20:00:00,71,71,36,,4,10,0,71,,,,,
Tangerang,Tangerang Pasir Jaya,2026-05-30 20:00:00,62,62,33,,59,63,0,26,,,,,
Bekasi,Bekasi Kayuringin,2026-05-29 08:00:00,-,95,48,,48,13,0,2,,,,,
Jakarta,The Pakubuwono Menteng,2026-05-30 20:04:06,92,92,31,73,,,,,54,30.4,,,
Depok,Cinere - Nafas,2026-05-28 01:30:22,-,72,22,50,,,,,57,26.9,,,
Bogor,Kabupaten Bogor Leuwiliang,2026-05-30 20:00:00,71,71,36,,4,10,0,71,,,,,
Tangerang,Tangerang Pasir Jaya,2026-05-30 20:00:00,62,62,33,,59,63,0,26,,,,,
Bekasi,Bekasi Kayuringin,2026-05-29 08:00:00,-,95,48,,48,13,0,2,,,,,
Jakarta,The Pakubuwono Menteng,2026-05-30 20:06:06,95,95,36,74,,,,,54,30.4,,,
Depok,Cinere - Nafas,2026-05-28 01:30:22,-,72,22,50,,,,,57,26.9,,,
Bogor,Kabupaten Bogor Leuwiliang,2026-05-30 20:00:00,71,71,36,,4,10,0,71,,,,,
Tangerang,Tangerang Pasir Jaya,2026-05-30 20:00:00,62,62,33,,59,63,0,26,,,,,
Bekasi,Bekasi Kayuringin,2026-05-29 08:00:00,-,95,48,,48,13,0,2,,,,,
Jakarta,The Pakubuwono Menteng,2026-05-30 20:06:06,95,95,36,74,,,,,54,30.4,,,
Depok,Cinere - Nafas,2026-05-28 01:30:22,-,72,22,50,,,,,57,26.9,,,
Bogor,Kabupaten Bogor Leuwiliang,2026-05-30 20:00:00,71,71,36,,4,10,0,71,,,,,
Tangerang,Tangerang Pasir Jaya,2026-05-30 20:00:00,62,62,33,,59,63,0,26,,,,,
Bekasi,Bekasi Kayuringin,2026-05-29 08:00:00,-,95,48,,48,13,0,2,,,,,
Jakarta,The Pakubuwono Menteng,2026-05-30 20:08:06,97,97,34,75,,,,,54,30.4,,,
Depok,Cinere - Nafas,2026-05-28 01:30:22,-,72,22,50,,,,,57,26.9,,,
Bogor,Kabupaten Bogor Leuwiliang,2026-05-30 20:00:00,71,71,36,,4,10,0,71,,,,,
Tangerang,Tangerang Pasir Jaya,2026-05-30 20:00:00,62,62,33,,59,63,0,26,,,,,
Bekasi,Bekasi Kayuringin,2026-05-29 08:00:00,-,95,48,,48,13,0,2,,,,,
Jakarta,The Pakubuwono Menteng,2026-05-30 20:08:06,97,97,34,75,,,,,54,30.4,,,
Depok,Cinere - Nafas,2026-05-28 01:30:22,-,72,22,50,,,,,57,26.9,,,
Bogor,Kabupaten Bogor Leuwiliang,2026-05-30 20:00:00,71,71,36,,4,10,0,71,,,,,
Tangerang,Tangerang Pasir Jaya,2026-05-30 20:00:00,62,62,33,,59,63,0,26,,,,,
Bekasi,Bekasi Kayuringin,2026-05-29 08:00:00,-,95,48,,48,13,0,2,,,,,
Jakarta,The Pakubuwono Menteng,2026-05-30 20:11:09,100,100,38,76,,,,,54,30.4,,,
Depok,Cinere - Nafas,2026-05-28 01:30:22,-,72,22,50,,,,,57,26.9,,,
Bogor,Kabupaten Bogor Leuwiliang,2026-05-30 20:00:00,71,71,36,,4,10,0,71,,,,,
Tangerang,Tangerang Pasir Jaya,2026-05-30 20:00:00,62,62,33,,59,63,0,26,,,,,
Bekasi,Bekasi Kayuringin,2026-05-29 08:00:00,-,95,48,,48,13,0,2,,,,,
Jakarta,The Pakubuwono Menteng,2026-05-30 20:11:09,100,100,38,76,,,,,54,30.4,,,
Depok,Cinere - Nafas,2026-05-28 01:30:22,-,72,22,50,,,,,57,26.9,,,
Bogor,Kabupaten Bogor Leuwiliang,2026-05-30 20:00:00,71,71,36,,4,10,0,71,,,,,
Tangerang,Tangerang Pasir Jaya,2026-05-30 20:00:00,62,62,33,,59,63,0,26,,,,,
Bekasi,Bekasi Kayuringin,2026-05-29 08:00:00,-,95,48,,48,13,0,2,,,,,
Jakarta,The Pakubuwono Menteng,2026-05-30 20:13:06,97,97,34,74,,,,,54,30.4,,,
Depok,Cinere - Nafas,2026-05-28 01:30:22,-,72,22,50,,,,,57,26.9,,,
Bogor,Kabupaten Bogor Leuwiliang,2026-05-30 20:00:00,71,71,36,,4,10,0,71,,,,,
Tangerang,Tangerang Pasir Jaya,2026-05-30 20:00:00,62,62,33,,59,63,0,26,,,,,
Bekasi,Bekasi Kayuringin,2026-05-29 08:00:00,-,95,48,,48,13,0,2,,,,,
Jakarta,The Pakubuwono Menteng,2026-05-30 20:13:06,97,97,34,74,,,,,54,30.4,,,
Depok,Cinere - Nafas,2026-05-28 01:30:22,-,72,22,50,,,,,57,26.9,,,
Bogor,Kabupaten Bogor Leuwiliang,2026-05-30 20:00:00,71,71,36,,4,10,0,71,,,,,
Tangerang,Tangerang Pasir Jaya,2026-05-30 20:00:00,62,62,33,,59,63,0,26,,,,,
Bekasi,Bekasi Kayuringin,2026-05-29 08:00:00,-,95,48,,48,13,0,2,,,,,
Jakarta,The Pakubuwono Menteng,2026-05-30 20:15:06,94,94,35,75,,,,,54,30.4,,,
Depok,Cinere - Nafas,2026-05-28 01:30:22,-,72,22,50,,,,,57,26.9,,,
Bogor,Kabupaten Bogor Leuwiliang,2026-05-30 20:00:00,71,71,36,,4,10,0,71,,,,,
Tangerang,Tangerang Pasir Jaya,2026-05-30 20:00:00,62,62,33,,59,63,0,26,,,,,
Bekasi,Bekasi Kayuringin,2026-05-29 08:00:00,-,95,48,,48,13,0,2,,,,,
Jakarta,The Pakubuwono Menteng,2026-05-30 20:15:06,94,94,35,75,,,,,54,30.4,,,
Depok,Cinere - Nafas,2026-05-28 01:30:22,-,72,22,50,,,,,57,26.9,,,
Bogor,Kabupaten Bogor Leuwiliang,2026-05-30 20:00:00,71,71,36,,4,10,0,71,,,,,
Tangerang,Tangerang Pasir Jaya,2026-05-30 20:00:00,62,62,33,,59,63,0,26,,,,,
Bekasi,Bekasi Kayuringin,2026-05-29 08:00:00,-,95,48,,48,13,0,2,,,,,
Jakarta,The Pakubuwono Menteng,2026-05-30 20:17:06,104,104,41,82,,,,,55,30.4,,,
Depok,Cinere - Nafas,2026-05-28 01:30:22,-,72,22,50,,,,,57,26.9,,,
Bogor,Kabupaten Bogor Leuwiliang,2026-05-30 20:00:00,71,71,36,,4,10,0,71,,,,,
Tangerang,Tangerang Pasir Jaya,2026-05-30 20:00:00,62,62,33,,59,63,0,26,,,,,
Bekasi,Bekasi Kayuringin,2026-05-29 08:00:00,-,95,48,,48,13,0,2,,,,,
Jakarta,The Pakubuwono Menteng,2026-05-30 20:19:06,111,111,43,84,,,,,56,30.3,,,
Depok,Cinere - Nafas,2026-05-28 01:30:22,-,72,22,50,,,,,57,26.9,,,
Bogor,Kabupaten Bogor Leuwiliang,2026-05-30 20:00:00,71,71,36,,4,10,0,71,,,,,
Tangerang,Tangerang Pasir Jaya,2026-05-30 20:00:00,62,62,33,,59,63,0,26,,,,,
Bekasi,Bekasi Kayuringin,2026-05-29 08:00:00,-,95,48,,48,13,0,2,,,,,
Jakarta,The Pakubuwono Menteng,2026-05-30 20:19:06,111,111,43,84,,,,,56,30.3,,,
Depok,Cinere - Nafas,2026-05-28 01:30:22,-,72,22,50,,,,,57,26.9,,,
Bogor,Kabupaten Bogor Leuwiliang,2026-05-30 20:00:00,71,71,36,,4,10,0,71,,,,,
Tangerang,Tangerang Pasir Jaya,2026-05-30 20:00:00,62,62,33,,59,63,0,26,,,,,
Bekasi,Bekasi Kayuringin,2026-05-29 08:00:00,-,95,48,,48,13,0,2,,,,,
Jakarta,The Pakubuwono Menteng,2026-05-30 20:22:06,115,115,44,83,,,,,55,30.3,,,
Depok,Cinere - Nafas,2026-05-28 01:30:22,-,72,22,50,,,,,57,26.9,,,
Bogor,Kabupaten Bogor Leuwiliang,2026-05-30 20:00:00,71,71,36,,4,10,0,71,,,,,
Tangerang,Tangerang Pasir Jaya,2026-05-30 20:00:00,62,62,33,,59,63,0,26,,,,,
Bekasi,Bekasi Kayuringin,2026-05-29 08:00:00,-,95,48,,48,13,0,2,,,,,
Jakarta,The Pakubuwono Menteng,2026-05-30 20:22:06,115,115,44,83,,,,,55,30.3,,,
Depok,Cinere - Nafas,2026-05-28 01:30:22,-,72,22,50,,,,,57,26.9,,,
Bogor,Kabupaten Bogor Leuwiliang,2026-05-30 20:00:00,71,71,36,,4,10,0,71,,,,,
Tangerang,Tangerang Pasir Jaya,2026-05-30 20:00:00,62,62,33,,59,63,0,26,,,,,
Bekasi,Bekasi Kayuringin,2026-05-29 08:00:00,-,95,48,,48,13,0,2,,,,,
Jakarta,The Pakubuwono Menteng,2026-05-30 20:24:06,123,123,48,88,,,,,56,30.2,,,
Depok,Cinere - Nafas,2026-05-28 01:30:22,-,72,22,50,,,,,57,26.9,,,
Bogor,Kabupaten Bogor Leuwiliang,2026-05-30 20:00:00,71,71,36,,4,10,0,71,,,,,
Tangerang,Tangerang Pasir Jaya,2026-05-30 20:00:00,62,62,33,,59,63,0,26,,,,,
Bekasi,Bekasi Kayuringin,2026-05-29 08:00:00,-,95,48,,48,13,0,2,,,,,
Jakarta,The Pakubuwono Menteng,2026-05-30 20:24:06,123,123,48,88,,,,,56,30.2,,,
Depok,Cinere - Nafas,2026-05-28 01:30:22,-,72,22,50,,,,,57,26.9,,,
Bogor,Kabupaten Bogor Leuwiliang,2026-05-30 20:00:00,71,71,36,,4,10,0,71,,,,,
Tangerang,Tangerang Pasir Jaya,2026-05-30 20:00:00,62,62,33,,59,63,0,26,,,,,
Bekasi,Bekasi Kayuringin,2026-05-29 08:00:00,-,95,48,,48,13,0,2,,,,,
Jakarta,The Pakubuwono Menteng,2026-05-30 20:26:08,126,126,50,89,,,,,55,30.1,,,
Depok,Cinere - Nafas,2026-05-28 01:30:22,-,72,22,50,,,,,57,26.9,,,
Bogor,Kabupaten Bogor Leuwiliang,2026-05-30 20:00:00,71,71,36,,4,10,0,71,,,,,
Tangerang,Tangerang Pasir Jaya,2026-05-30 20:00:00,62,62,33,,59,63,0,26,,,,,
Bekasi,Bekasi Kayuringin,2026-05-29 08:00:00,-,95,48,,48,13,0,2,,,,,
Jakarta,The Pakubuwono Menteng,2026-05-30 20:26:08,126,126,50,89,,,,,55,30.1,,,
Depok,Cinere - Nafas,2026-05-28 01:30:22,-,72,22,50,,,,,57,26.9,,,
Bogor,Kabupaten Bogor Leuwiliang,2026-05-30 20:00:00,71,71,36,,4,10,0,71,,,,,
Tangerang,Tangerang Pasir Jaya,2026-05-30 20:00:00,62,62,33,,59,63,0,26,,,,,
Bekasi,Bekasi Kayuringin,2026-05-29 08:00:00,-,95,48,,48,13,0,2,,,,,
Jakarta,The Pakubuwono Menteng,2026-05-30 20:28:06,124,124,49,89,,,,,55,30,,,
Depok,Cinere - Nafas,2026-05-28 01:30:22,-,72,22,50,,,,,57,26.9,,,
Bogor,Kabupaten Bogor Leuwiliang,2026-05-30 20:00:00,71,71,36,,4,10,0,71,,,,,
Tangerang,Tangerang Pasir Jaya,2026-05-30 20:00:00,62,62,33,,59,63,0,26,,,,,
Bekasi,Bekasi Kayuringin,2026-05-29 08:00:00,-,95,48,,48,13,0,2,,,,,
Jakarta,The Pakubuwono Menteng,2026-05-30 20:31:06,127,127,50,91,,,,,56,29.8,,,
Depok,Cinere - Nafas,2026-05-28 01:30:22,-,72,22,50,,,,,57,26.9,,,
Bogor,Kabupaten Bogor Leuwiliang,2026-05-30 20:00:00,71,71,36,,4,10,0,71,,,,,
Tangerang,Tangerang Pasir Jaya,2026-05-30 20:00:00,62,62,33,,59,63,0,26,,,,,
Bekasi,Bekasi Kayuringin,2026-05-29 08:00:00,-,95,48,,48,13,0,2,,,,,
Jakarta,The Pakubuwono Menteng,2026-05-30 20:31:06,127,127,50,91,,,,,56,29.8,,,
Depok,Cinere - Nafas,2026-05-28 01:30:22,-,72,22,50,,,,,57,26.9,,,
Bogor,Kabupaten Bogor Leuwiliang,2026-05-30 20:00:00,71,71,36,,4,10,0,71,,,,,
Tangerang,Tangerang Pasir Jaya,2026-05-30 20:00:00,62,62,33,,59,63,0,26,,,,,
Bekasi,Bekasi Kayuringin,2026-05-29 08:00:00,-,95,48,,48,13,0,2,,,,,
Jakarta,The Pakubuwono Menteng,2026-05-30 20:33:06,122,122,49,89,,,,,57,29.7,,,
Depok,Cinere - Nafas,2026-05-28 01:30:22,-,72,22,50,,,,,57,26.9,,,
Bogor,Kabupaten Bogor Leuwiliang,2026-05-30 20:00:00,71,71,36,,4,10,0,71,,,,,
Tangerang,Tangerang Pasir Jaya,2026-05-30 20:00:00,62,62,33,,59,63,0,26,,,,,
Bekasi,Bekasi Kayuringin,2026-05-29 08:00:00,-,95,48,,48,13,0,2,,,,,
Jakarta,The Pakubuwono Menteng,2026-05-30 20:33:06,122,122,49,89,,,,,57,29.7,,,
Depok,Cinere - Nafas,2026-05-28 01:30:22,-,72,22,50,,,,,57,26.9,,,
Bogor,Kabupaten Bogor Leuwiliang,2026-05-30 20:00:00,71,71,36,,4,10,0,71,,,,,
Tangerang,Tangerang Pasir Jaya,2026-05-30 20:00:00,62,62,33,,59,63,0,26,,,,,
Bekasi,Bekasi Kayuringin,2026-05-29 08:00:00,-,95,48,,48,13,0,2,,,,,
Jakarta,The Pakubuwono Menteng,2026-05-30 20:35:07,123,123,49,89,,,,,57,29.6,,,
Depok,Cinere - Nafas,2026-05-28 01:30:22,-,72,22,50,,,,,57,26.9,,,
Bogor,Kabupaten Bogor Leuwiliang,2026-05-30 20:00:00,71,71,36,,4,10,0,71,,,,,
Tangerang,Tangerang Pasir Jaya,2026-05-30 20:00:00,62,62,33,,59,63,0,26,,,,,
Bekasi,Bekasi Kayuringin,2026-05-29 08:00:00,-,95,48,,48,13,0,2,,,,,
Jakarta,The Pakubuwono Menteng,2026-05-30 20:35:07,123,123,49,89,,,,,57,29.6,,,
Depok,Cinere - Nafas,2026-05-28 01:30:22,-,72,22,50,,,,,57,26.9,,,
Bogor,Kabupaten Bogor Leuwiliang,2026-05-30 20:00:00,71,71,36,,4,10,0,71,,,,,
Tangerang,Tangerang Pasir Jaya,2026-05-30 20:00:00,62,62,33,,59,63,0,26,,,,,
Bekasi,Bekasi Kayuringin,2026-05-29 08:00:00,-,95,48,,48,13,0,2,,,,,
Jakarta,The Pakubuwono Menteng,2026-05-30 20:37:06,125,125,50,89,,,,,57,29.5,,,
Depok,Cinere - Nafas,2026-05-28 01:30:22,-,72,22,50,,,,,57,26.9,,,
Bogor,Kabupaten Bogor Leuwiliang,2026-05-30 20:00:00,71,71,36,,4,10,0,71,,,,,
Tangerang,Tangerang Pasir Jaya,2026-05-30 20:00:00,62,62,33,,59,63,0,26,,,,,
Bekasi,Bekasi Kayuringin,2026-05-29 08:00:00,-,95,48,,48,13,0,2,,,,,
Jakarta,The Pakubuwono Menteng,2026-05-30 20:39:07,128,128,51,90,,,,,57,29.4,,,
Depok,Cinere - Nafas,2026-05-28 01:30:22,-,72,22,50,,,,,57,26.9,,,
Bogor,Kabupaten Bogor Leuwiliang,2026-05-30 20:00:00,71,71,36,,4,10,0,71,,,,,
Tangerang,Tangerang Pasir Jaya,2026-05-30 20:00:00,62,62,33,,59,63,0,26,,,,,
Bekasi,Bekasi Kayuringin,2026-05-29 08:00:00,-,95,48,,48,13,0,2,,,,,
Jakarta,The Pakubuwono Menteng,2026-05-30 20:39:07,128,128,51,90,,,,,57,29.4,,,
Depok,Cinere - Nafas,2026-05-28 01:30:22,-,72,22,50,,,,,57,26.9,,,
Bogor,Kabupaten Bogor Leuwiliang,2026-05-30 20:00:00,71,71,36,,4,10,0,71,,,,,
Tangerang,Tangerang Pasir Jaya,2026-05-30 20:00:00,62,62,33,,59,63,0,26,,,,,
Bekasi,Bekasi Kayuringin,2026-05-29 08:00:00,-,95,48,,48,13,0,2,,,,,
Jakarta,The Pakubuwono Menteng,2026-05-30 20:41:07,128,128,52,89,,,,,58,29.3,,,
Depok,Cinere - Nafas,2026-05-28 01:30:22,-,72,22,50,,,,,57,26.9,,,
Bogor,Kabupaten Bogor Leuwiliang,2026-05-30 20:00:00,71,71,36,,4,10,0,71,,,,,
Tangerang,Tangerang Pasir Jaya,2026-05-30 20:00:00,62,62,33,,59,63,0,26,,,,,
Bekasi,Bekasi Kayuringin,2026-05-29 08:00:00,-,95,48,,48,13,0,2,,,,,
Jakarta,The Pakubuwono Menteng,2026-05-30 20:43:07,128,128,51,93,,,,,57,29.3,,,
Depok,Cinere - Nafas,2026-05-28 01:30:22,-,72,22,50,,,,,57,26.9,,,
Bogor,Kabupaten Bogor Leuwiliang,2026-05-30 20:00:00,71,71,36,,4,10,0,71,,,,,
Tangerang,Tangerang Pasir Jaya,2026-05-30 20:00:00,62,62,33,,59,63,0,26,,,,,
Bekasi,Bekasi Kayuringin,2026-05-29 08:00:00,-,95,48,,48,13,0,2,,,,,
Jakarta,The Pakubuwono Menteng,2026-05-30 20:43:07,128,128,51,93,,,,,57,29.3,,,
Depok,Cinere - Nafas,2026-05-28 01:30:22,-,72,22,50,,,,,57,26.9,,,
Bogor,Kabupaten Bogor Leuwiliang,2026-05-30 20:00:00,71,71,36,,4,10,0,71,,,,,
Tangerang,Tangerang Pasir Jaya,2026-05-30 20:00:00,62,62,33,,59,63,0,26,,,,,
Bekasi,Bekasi Kayuringin,2026-05-29 08:00:00,-,95,48,,48,13,0,2,,,,,
Jakarta,The Pakubuwono Menteng,2026-05-30 20:45:07,135,135,53,95,,,,,57,29.2,,,
Depok,Cinere - Nafas,2026-05-28 01:30:22,-,72,22,50,,,,,57,26.9,,,
Bogor,Kabupaten Bogor Leuwiliang,2026-05-30 20:00:00,71,71,36,,4,10,0,71,,,,,
Tangerang,Tangerang Pasir Jaya,2026-05-30 20:00:00,62,62,33,,59,63,0,26,,,,,
Bekasi,Bekasi Kayuringin,2026-05-29 08:00:00,-,95,48,,48,13,0,2,,,,,
Jakarta,The Pakubuwono Menteng,2026-05-30 20:45:07,135,135,53,95,,,,,57,29.2,,,
Depok,Cinere - Nafas,2026-05-28 01:30:22,-,72,22,50,,,,,57,26.9,,,
Bogor,Kabupaten Bogor Leuwiliang,2026-05-30 20:00:00,71,71,36,,4,10,0,71,,,,,
Tangerang,Tangerang Pasir Jaya,2026-05-30 20:00:00,62,62,33,,59,63,0,26,,,,,
Bekasi,Bekasi Kayuringin,2026-05-29 08:00:00,-,95,48,,48,13,0,2,,,,,
Jakarta,The Pakubuwono Menteng,2026-05-30 20:47:08,127,127,51,93,,,,,58,29.2,,,
Depok,Cinere - Nafas,2026-05-28 01:30:22,-,72,22,50,,,,,57,26.9,,,
Bogor,Kabupaten Bogor Leuwiliang,2026-05-30 20:00:00,71,71,36,,4,10,0,71,,,,,
Tangerang,Tangerang Pasir Jaya,2026-05-30 20:00:00,62,62,33,,59,63,0,26,,,,,
Bekasi,Bekasi Kayuringin,2026-05-29 08:00:00,-,95,48,,48,13,0,2,,,,,
Jakarta,The Pakubuwono Menteng,2026-05-30 20:47:08,127,127,51,93,,,,,58,29.2,,,
Depok,Cinere - Nafas,2026-05-28 01:30:22,-,72,22,50,,,,,57,26.9,,,
Bogor,Kabupaten Bogor Leuwiliang,2026-05-30 20:00:00,71,71,36,,4,10,0,71,,,,,
Tangerang,Tangerang Pasir Jaya,2026-05-30 20:00:00,62,62,33,,59,63,0,26,,,,,
Bekasi,Bekasi Kayuringin,2026-05-29 08:00:00,-,95,48,,48,13,0,2,,,,,
Jakarta,The Pakubuwono Menteng,2026-05-30 20:49:08,130,130,52,94,,,,,57,29.2,,,
Depok,Cinere - Nafas,2026-05-28 01:30:22,-,72,22,50,,,,,57,26.9,,,
Bogor,Kabupaten Bogor Leuwiliang,2026-05-30 20:00:00,71,71,36,,4,10,0,71,,,,,
Tangerang,Tangerang Pasir Jaya,2026-05-30 20:00:00,62,62,33,,59,63,0,26,,,,,
Bekasi,Bekasi Kayuringin,2026-05-29 08:00:00,-,95,48,,48,13,0,2,,,,,
Jakarta,The Pakubuwono Menteng,2026-05-30 20:49:08,130,130,52,94,,,,,57,29.2,,,
Depok,Cinere - Nafas,2026-05-28 01:30:22,-,72,22,50,,,,,57,26.9,,,
Bogor,Kabupaten Bogor Leuwiliang,2026-05-30 20:00:00,71,71,36,,4,10,0,71,,,,,
Tangerang,Tangerang Pasir Jaya,2026-05-30 20:00:00,62,62,33,,59,63,0,26,,,,,
Bekasi,Bekasi Kayuringin,2026-05-29 08:00:00,-,95,48,,48,13,0,2,,,,,
Jakarta,The Pakubuwono Menteng,2026-05-30 20:51:07,130,130,51,94,,,,,57,29.2,,,
Depok,Cinere - Nafas,2026-05-28 01:30:22,-,72,22,50,,,,,57,26.9,,,
Bogor,Kabupaten Bogor Leuwiliang,2026-05-30 20:00:00,71,71,36,,4,10,0,71,,,,,
Tangerang,Tangerang Pasir Jaya,2026-05-30 20:00:00,62,62,33,,59,63,0,26,,,,,
Bekasi,Bekasi Kayuringin,2026-05-29 08:00:00,-,95,48,,48,13,0,2,,,,,
Jakarta,The Pakubuwono Menteng,2026-05-30 20:51:07,130,130,51,94,,,,,57,29.2,,,
Depok,Cinere - Nafas,2026-05-28 01:30:22,-,72,22,50,,,,,57,26.9,,,
Bogor,Kabupaten Bogor Leuwiliang,2026-05-30 20:00:00,71,71,36,,4,10,0,71,,,,,
Tangerang,Tangerang Pasir Jaya,2026-05-30 20:00:00,62,62,33,,59,63,0,26,,,,,
Bekasi,Bekasi Kayuringin,2026-05-29 08:00:00,-,95,48,,48,13,0,2,,,,,
Jakarta,The Pakubuwono Menteng,2026-05-30 20:54:07,136,136,53,96,,,,,57,29.1,,,
Depok,Cinere - Nafas,2026-05-28 01:30:22,-,72,22,50,,,,,57,26.9,,,
Bogor,Kabupaten Bogor Leuwiliang,2026-05-30 20:00:00,71,71,36,,4,10,0,71,,,,,
Tangerang,Tangerang Pasir Jaya,2026-05-30 20:00:00,62,62,33,,59,63,0,26,,,,,
Bekasi,Bekasi Kayuringin,2026-05-29 08:00:00,-,95,48,,48,13,0,2,,,,,
Jakarta,The Pakubuwono Menteng,2026-05-30 20:56:08,128,128,51,90,,,,,57,29.1,,,
Depok,Cinere - Nafas,2026-05-28 01:30:22,-,72,22,50,,,,,57,26.9,,,
Bogor,Kabupaten Bogor Leuwiliang,2026-05-30 20:00:00,71,71,36,,4,10,0,71,,,,,
Tangerang,Tangerang Pasir Jaya,2026-05-30 20:00:00,62,62,33,,59,63,0,26,,,,,
Bekasi,Bekasi Kayuringin,2026-05-29 08:00:00,-,95,48,,48,13,0,2,,,,,
Jakarta,The Pakubuwono Menteng,2026-05-30 20:56:08,128,128,51,90,,,,,57,29.1,,,
Depok,Cinere - Nafas,2026-05-28 01:30:22,-,72,22,50,,,,,57,26.9,,,
Bogor,Kabupaten Bogor Leuwiliang,2026-05-30 20:00:00,71,71,36,,4,10,0,71,,,,,
Tangerang,Tangerang Pasir Jaya,2026-05-30 20:00:00,62,62,33,,59,63,0,26,,,,,
Bekasi,Bekasi Kayuringin,2026-05-29 08:00:00,-,95,48,,48,13,0,2,,,,,
Jakarta,The Pakubuwono Menteng,2026-05-30 20:58:07,126,126,50,90,,,,,57,29.1,,,
Depok,Cinere - Nafas,2026-05-28 01:30:22,-,72,22,50,,,,,57,26.9,,,
Bogor,Kabupaten Bogor Leuwiliang,2026-05-30 20:00:00,71,71,36,,4,10,0,71,,,,,
Tangerang,Tangerang Pasir Jaya,2026-05-30 20:00:00,62,62,33,,59,63,0,26,,,,,
Bekasi,Bekasi Kayuringin,2026-05-29 08:00:00,-,95,48,,48,13,0,2,,,,,
Jakarta,The Pakubuwono Menteng,2026-05-30 20:58:07,126,126,50,90,,,,,57,29.1,,,
Depok,Cinere - Nafas,2026-05-28 01:30:22,-,72,22,50,,,,,57,26.9,,,
Bogor,Kabupaten Bogor Leuwiliang,2026-05-30 20:00:00,71,71,36,,4,10,0,71,,,,,
Tangerang,Tangerang Pasir Jaya,2026-05-30 20:00:00,62,62,33,,59,63,0,26,,,,,
Bekasi,Bekasi Kayuringin,2026-05-29 08:00:00,-,95,48,,48,13,0,2,,,,,
Jakarta,The Pakubuwono Menteng,2026-05-30 21:00:07,126,126,50,90,,,,,58,29.1,,,
Depok,Cinere - Nafas,2026-05-28 01:30:22,-,72,22,50,,,,,57,26.9,,,
Bogor,Kabupaten Bogor Leuwiliang,2026-05-30 20:00:00,71,71,36,,4,10,0,71,,,,,
Tangerang,Tangerang Pasir Jaya,2026-05-30 20:00:00,62,62,33,,59,63,0,26,,,,,
Bekasi,Bekasi Kayuringin,2026-05-29 08:00:00,-,95,48,,48,13,0,2,,,,,
Jakarta,The Pakubuwono Menteng,2026-05-30 21:00:07,126,126,50,90,,,,,58,29.1,,,
Depok,Cinere - Nafas,2026-05-28 01:30:22,-,72,22,50,,,,,57,26.9,,,
Bogor,Kabupaten Bogor Leuwiliang,2026-05-30 20:00:00,71,71,36,,4,10,0,71,,,,,
Tangerang,Tangerang Pasir Jaya,2026-05-30 20:00:00,62,62,33,,59,63,0,26,,,,,
Bekasi,Bekasi Kayuringin,2026-05-29 08:00:00,-,95,48,,48,13,0,2,,,,,
Jakarta,The Pakubuwono Menteng,2026-05-30 21:03:07,123,123,49,90,,,,,58,29,,,
Depok,Cinere - Nafas,2026-05-28 01:30:22,-,72,22,50,,,,,57,26.9,,,
Bogor,Kabupaten Bogor Leuwiliang,2026-05-30 21:00:00,72,72,37,,4,10,0,71,,,,,
Tangerang,Tangerang Pasir Jaya,2026-05-30 21:00:00,63,63,34,,59,63,0,26,,,,,
Bekasi,Bekasi Kayuringin,2026-05-29 08:00:00,-,95,48,,48,13,0,2,,,,,
Jakarta,The Pakubuwono Menteng,2026-05-30 21:03:07,123,123,49,90,,,,,58,29,,,
Depok,Cinere - Nafas,2026-05-28 01:30:22,-,72,22,50,,,,,57,26.9,,,
Bogor,Kabupaten Bogor Leuwiliang,2026-05-30 21:00:00,72,72,37,,4,10,0,71,,,,,
Tangerang,Tangerang Pasir Jaya,2026-05-30 21:00:00,63,63,34,,59,63,0,26,,,,,
Bekasi,Bekasi Kayuringin,2026-05-29 08:00:00,-,95,48,,48,13,0,2,,,,,
Jakarta,The Pakubuwono Menteng,2026-05-30 21:05:07,126,126,50,88,,,,,58,29,,,
Depok,Cinere - Nafas,2026-05-28 01:30:22,-,72,22,50,,,,,57,26.9,,,
Bogor,Kabupaten Bogor Leuwiliang,2026-05-30 21:00:00,72,72,37,,4,10,0,71,,,,,
Tangerang,Tangerang Pasir Jaya,2026-05-30 21:00:00,63,63,34,,59,63,0,26,,,,,
Bekasi,Bekasi Kayuringin,2026-05-29 08:00:00,-,95,48,,48,13,0,2,,,,,
Jakarta,The Pakubuwono Menteng,2026-05-30 21:07:07,138,138,53,96,,,,,59,29,,,
Depok,Cinere - Nafas,2026-05-28 01:30:22,-,72,22,50,,,,,57,26.9,,,
Bogor,Kabupaten Bogor Leuwiliang,2026-05-30 21:00:00,72,72,37,,4,10,0,71,,,,,
Tangerang,Tangerang Pasir Jaya,2026-05-30 21:00:00,63,63,34,,59,63,0,26,,,,,
Bekasi,Bekasi Kayuringin,2026-05-29 08:00:00,-,95,48,,48,13,0,2,,,,,
Jakarta,The Pakubuwono Menteng,2026-05-30 21:07:07,138,138,53,96,,,,,59,29,,,
Depok,Cinere - Nafas,2026-05-28 01:30:22,-,72,22,50,,,,,57,26.9,,,
Bogor,Kabupaten Bogor Leuwiliang,2026-05-30 21:00:00,72,72,37,,4,10,0,71,,,,,
Tangerang,Tangerang Pasir Jaya,2026-05-30 21:00:00,63,63,34,,59,63,0,26,,,,,
Bekasi,Bekasi Kayuringin,2026-05-29 08:00:00,-,95,48,,48,13,0,2,,,,,
Jakarta,The Pakubuwono Menteng,2026-05-30 21:09:08,137,137,53,96,,,,,59,29,,,
Depok,Cinere - Nafas,2026-05-28 01:30:22,-,72,22,50,,,,,57,26.9,,,
Bogor,Kabupaten Bogor Leuwiliang,2026-05-30 21:00:00,72,72,37,,4,10,0,71,,,,,
Tangerang,Tangerang Pasir Jaya,2026-05-30 21:00:00,63,63,34,,59,63,0,26,,,,,
Bekasi,Bekasi Kayuringin,2026-05-29 08:00:00,-,95,48,,48,13,0,2,,,,,
Jakarta,The Pakubuwono Menteng,2026-05-30 21:09:08,137,137,53,96,,,,,59,29,,,
Depok,Cinere - Nafas,2026-05-28 01:30:22,-,72,22,50,,,,,57,26.9,,,
Bogor,Kabupaten Bogor Leuwiliang,2026-05-30 21:00:00,72,72,37,,4,10,0,71,,,,,
Tangerang,Tangerang Pasir Jaya,2026-05-30 21:00:00,63,63,34,,59,63,0,26,,,,,
Bekasi,Bekasi Kayuringin,2026-05-29 08:00:00,-,95,48,,48,13,0,2,,,,,
Jakarta,The Pakubuwono Menteng,2026-05-30 21:11:07,131,131,53,93,,,,,59,28.9,,,
Depok,Cinere - Nafas,2026-05-28 01:30:22,-,72,22,50,,,,,57,26.9,,,
Bogor,Kabupaten Bogor Leuwiliang,2026-05-30 21:00:00,72,72,37,,4,10,0,71,,,,,
Tangerang,Tangerang Pasir Jaya,2026-05-30 21:00:00,63,63,34,,59,63,0,26,,,,,
Bekasi,Bekasi Kayuringin,2026-05-29 08:00:00,-,95,48,,48,13,0,2,,,,,
Jakarta,The Pakubuwono Menteng,2026-05-30 21:11:07,131,131,53,93,,,,,59,28.9,,,
Depok,Cinere - Nafas,2026-05-28 01:30:22,-,72,22,50,,,,,57,26.9,,,
Bogor,Kabupaten Bogor Leuwiliang,2026-05-30 21:00:00,72,72,37,,4,10,0,71,,,,,
Tangerang,Tangerang Pasir Jaya,2026-05-30 21:00:00,63,63,34,,59,63,0,26,,,,,
Bekasi,Bekasi Kayuringin,2026-05-29 08:00:00,-,95,48,,48,13,0,2,,,,,
Jakarta,The Pakubuwono Menteng,2026-05-30 21:13:07,135,135,53,94,,,,,59,28.9,,,
Depok,Cinere - Nafas,2026-05-28 01:30:22,-,72,22,50,,,,,57,26.9,,,
Bogor,Kabupaten Bogor Leuwiliang,2026-05-30 21:00:00,72,72,37,,4,10,0,71,,,,,
Tangerang,Tangerang Pasir Jaya,2026-05-30 21:00:00,63,63,34,,59,63,0,26,,,,,
Bekasi,Bekasi Kayuringin,2026-05-29 08:00:00,-,95,48,,48,13,0,2,,,,,
Jakarta,The Pakubuwono Menteng,2026-05-30 21:13:07,135,135,53,94,,,,,59,28.9,,,
Depok,Cinere - Nafas,2026-05-28 01:30:22,-,72,22,50,,,,,57,26.9,,,
Bogor,Kabupaten Bogor Leuwiliang,2026-05-30 21:00:00,72,72,37,,4,10,0,71,,,,,
Tangerang,Tangerang Pasir Jaya,2026-05-30 21:00:00,63,63,34,,59,63,0,26,,,,,
Bekasi,Bekasi Kayuringin,2026-05-29 08:00:00,-,95,48,,48,13,0,2,,,,,
Jakarta,The Pakubuwono Menteng,2026-05-30 21:15:09,139,139,54,96,,,,,59,28.9,,,
Depok,Cinere - Nafas,2026-05-28 01:30:22,-,72,22,50,,,,,57,26.9,,,
Bogor,Kabupaten Bogor Leuwiliang,2026-05-30 21:00:00,72,72,37,,4,10,0,71,,,,,
Tangerang,Tangerang Pasir Jaya,2026-05-30 21:00:00,63,63,34,,59,63,0,26,,,,,
Bekasi,Bekasi Kayuringin,2026-05-29 08:00:00,-,95,48,,48,13,0,2,,,,,
Jakarta,The Pakubuwono Menteng,2026-05-30 21:18:08,134,134,53,93,,,,,59,28.9,,,
Depok,Cinere - Nafas,2026-05-28 01:30:22,-,72,22,50,,,,,57,26.9,,,
Bogor,Kabupaten Bogor Leuwiliang,2026-05-30 21:00:00,72,72,37,,4,10,0,71,,,,,
Tangerang,Tangerang Pasir Jaya,2026-05-30 21:00:00,63,63,34,,59,63,0,26,,,,,
Bekasi,Bekasi Kayuringin,2026-05-29 08:00:00,-,95,48,,48,13,0,2,,,,,
Jakarta,The Pakubuwono Menteng,2026-05-30 21:18:08,134,134,53,93,,,,,59,28.9,,,
Depok,Cinere - Nafas,2026-05-28 01:30:22,-,72,22,50,,,,,57,26.9,,,
Bogor,Kabupaten Bogor Leuwiliang,2026-05-30 21:00:00,72,72,37,,4,10,0,71,,,,,
Tangerang,Tangerang Pasir Jaya,2026-05-30 21:00:00,63,63,34,,59,63,0,26,,,,,
Bekasi,Bekasi Kayuringin,2026-05-29 08:00:00,-,95,48,,48,13,0,2,,,,,
Jakarta,The Pakubuwono Menteng,2026-05-30 21:20:12,131,131,53,93,,,,,59,28.8,,,
Depok,Cinere - Nafas,2026-05-28 01:30:22,-,72,22,50,,,,,57,26.9,,,
Bogor,Kabupaten Bogor Leuwiliang,2026-05-30 21:00:00,72,72,37,,4,10,0,71,,,,,
Tangerang,Tangerang Pasir Jaya,2026-05-30 21:00:00,63,63,34,,59,63,0,26,,,,,
Bekasi,Bekasi Kayuringin,2026-05-29 08:00:00,-,95,48,,48,13,0,2,,,,,
Jakarta,The Pakubuwono Menteng,2026-05-30 21:20:12,131,131,53,93,,,,,59,28.8,,,
Depok,Cinere - Nafas,2026-05-28 01:30:22,-,72,22,50,,,,,57,26.9,,,
Bogor,Kabupaten Bogor Leuwiliang,2026-05-30 21:00:00,72,72,37,,4,10,0,71,,,,,
Tangerang,Tangerang Pasir Jaya,2026-05-30 21:00:00,63,63,34,,59,63,0,26,,,,,
Bekasi,Bekasi Kayuringin,2026-05-29 08:00:00,-,95,48,,48,13,0,2,,,,,
Jakarta,The Pakubuwono Menteng,2026-05-30 21:22:08,129,129,51,93,,,,,59,28.8,,,
Depok,Cinere - Nafas,2026-05-28 01:30:22,-,72,22,50,,,,,57,26.9,,,
Bogor,Kabupaten Bogor Leuwiliang,2026-05-30 21:00:00,72,72,37,,4,10,0,71,,,,,
Tangerang,Tangerang Pasir Jaya,2026-05-30 21:00:00,63,63,34,,59,63,0,26,,,,,
Bekasi,Bekasi Kayuringin,2026-05-29 08:00:00,-,95,48,,48,13,0,2,,,,,
Jakarta,The Pakubuwono Menteng,2026-05-30 21:22:08,129,129,51,93,,,,,59,28.8,,,
Depok,Cinere - Nafas,2026-05-28 01:30:22,-,72,22,50,,,,,57,26.9,,,
Bogor,Kabupaten Bogor Leuwiliang,2026-05-30 21:00:00,72,72,37,,4,10,0,71,,,,,
Tangerang,Tangerang Pasir Jaya,2026-05-30 21:00:00,63,63,34,,59,63,0,26,,,,,
Bekasi,Bekasi Kayuringin,2026-05-29 08:00:00,-,95,48,,48,13,0,2,,,,,
Jakarta,The Pakubuwono Menteng,2026-05-30 21:24:11,131,131,52,92,,,,,59,28.8,,,
Depok,Cinere - Nafas,2026-05-28 01:30:22,-,72,22,50,,,,,57,26.9,,,
Bogor,Kabupaten Bogor Leuwiliang,2026-05-30 21:00:00,72,72,37,,4,10,0,71,,,,,
Tangerang,Tangerang Pasir Jaya,2026-05-30 21:00:00,63,63,34,,59,63,0,26,,,,,
Bekasi,Bekasi Kayuringin,2026-05-29 08:00:00,-,95,48,,48,13,0,2,,,,,
Jakarta,The Pakubuwono Menteng,2026-05-30 21:24:11,131,131,52,92,,,,,59,28.8,,,
Depok,Cinere - Nafas,2026-05-28 01:30:22,-,72,22,50,,,,,57,26.9,,,
Bogor,Kabupaten Bogor Leuwiliang,2026-05-30 21:00:00,72,72,37,,4,10,0,71,,,,,
Tangerang,Tangerang Pasir Jaya,2026-05-30 21:00:00,63,63,34,,59,63,0,26,,,,,
Bekasi,Bekasi Kayuringin,2026-05-29 08:00:00,-,95,48,,48,13,0,2,,,,,
Jakarta,The Pakubuwono Menteng,2026-05-30 21:24:11,131,131,52,92,,,,,59,28.8,,,
Depok,Cinere - Nafas,2026-05-28 01:30:22,-,72,22,50,,,,,57,26.9,,,
Bogor,Kabupaten Bogor Leuwiliang,2026-05-30 21:00:00,72,72,37,,4,10,0,71,,,,,
Tangerang,Tangerang Pasir Jaya,2026-05-30 21:00:00,63,63,34,,59,63,0,26,,,,,
Bekasi,Bekasi Kayuringin,2026-05-29 08:00:00,-,95,48,,48,13,0,2,,,,,
Jakarta,The Pakubuwono Menteng,2026-05-30 21:27:09,120,120,49,89,,,,,58,28.8,,,
Depok,Cinere - Nafas,2026-05-28 01:30:22,-,72,22,50,,,,,57,26.9,,,
Bogor,Kabupaten Bogor Leuwiliang,2026-05-30 21:00:00,72,72,37,,4,10,0,71,,,,,
Tangerang,Tangerang Pasir Jaya,2026-05-30 21:00:00,63,63,34,,59,63,0,26,,,,,
Bekasi,Bekasi Kayuringin,2026-05-29 08:00:00,-,95,48,,48,13,0,2,,,,,
Jakarta,The Pakubuwono Menteng,2026-05-30 21:27:09,120,120,49,89,,,,,58,28.8,,,
Depok,Cinere - Nafas,2026-05-28 01:30:22,-,72,22,50,,,,,57,26.9,,,
Bogor,Kabupaten Bogor Leuwiliang,2026-05-30 21:00:00,72,72,37,,4,10,0,71,,,,,
Tangerang,Tangerang Pasir Jaya,2026-05-30 21:00:00,63,63,34,,59,63,0,26,,,,,
Bekasi,Bekasi Kayuringin,2026-05-29 08:00:00,-,95,48,,48,13,0,2,,,,,
Jakarta,The Pakubuwono Menteng,2026-05-30 21:29:08,125,125,50,89,,,,,59,28.8,,,
Depok,Cinere - Nafas,2026-05-28 01:30:22,-,72,22,50,,,,,57,26.9,,,
Bogor,Kabupaten Bogor Leuwiliang,2026-05-30 21:00:00,72,72,37,,4,10,0,71,,,,,
Tangerang,Tangerang Pasir Jaya,2026-05-30 21:00:00,63,63,34,,59,63,0,26,,,,,
Bekasi,Bekasi Kayuringin,2026-05-29 08:00:00,-,95,48,,48,13,0,2,,,,,
Jakarta,The Pakubuwono Menteng,2026-05-30 21:32:08,128,128,51,89,,,,,58,28.9,,,
Depok,Cinere - Nafas,2026-05-28 01:30:22,-,72,22,50,,,,,57,26.9,,,
Bogor,Kabupaten Bogor Leuwiliang,2026-05-30 21:00:00,72,72,37,,4,10,0,71,,,,,
Tangerang,Tangerang Pasir Jaya,2026-05-30 21:00:00,63,63,34,,59,63,0,26,,,,,
Bekasi,Bekasi Kayuringin,2026-05-29 08:00:00,-,95,48,,48,13,0,2,,,,,
Jakarta,The Pakubuwono Menteng,2026-05-30 21:32:08,128,128,51,89,,,,,58,28.9,,,
Depok,Cinere - Nafas,2026-05-28 01:30:22,-,72,22,50,,,,,57,26.9,,,
Bogor,Kabupaten Bogor Leuwiliang,2026-05-30 21:00:00,72,72,37,,4,10,0,71,,,,,
Tangerang,Tangerang Pasir Jaya,2026-05-30 21:00:00,63,63,34,,59,63,0,26,,,,,
Bekasi,Bekasi Kayuringin,2026-05-29 08:00:00,-,95,48,,48,13,0,2,,,,,
Jakarta,The Pakubuwono Menteng,2026-05-30 21:34:09,130,130,51,93,,,,,59,28.9,,,
Depok,Cinere - Nafas,2026-05-28 01:30:22,-,72,22,50,,,,,57,26.9,,,
Bogor,Kabupaten Bogor Leuwiliang,2026-05-30 21:00:00,72,72,37,,4,10,0,71,,,,,
Tangerang,Tangerang Pasir Jaya,2026-05-30 21:00:00,63,63,34,,59,63,0,26,,,,,
Bekasi,Bekasi Kayuringin,2026-05-29 08:00:00,-,95,48,,48,13,0,2,,,,,
Jakarta,The Pakubuwono Menteng,2026-05-30 21:34:09,130,130,51,93,,,,,59,28.9,,,
Depok,Cinere - Nafas,2026-05-28 01:30:22,-,72,22,50,,,,,57,26.9,,,
Bogor,Kabupaten Bogor Leuwiliang,2026-05-30 21:00:00,72,72,37,,4,10,0,71,,,,,
Tangerang,Tangerang Pasir Jaya,2026-05-30 21:00:00,63,63,34,,59,63,0,26,,,,,
Bekasi,Bekasi Kayuringin,2026-05-29 08:00:00,-,95,48,,48,13,0,2,,,,,
Jakarta,The Pakubuwono Menteng,2026-05-30 21:36:08,138,138,53,96,,,,,58,28.9,,,
Depok,Cinere - Nafas,2026-05-28 01:30:22,-,72,22,50,,,,,57,26.9,,,
Bogor,Kabupaten Bogor Leuwiliang,2026-05-30 21:00:00,72,72,37,,4,10,0,71,,,,,
Tangerang,Tangerang Pasir Jaya,2026-05-30 21:00:00,63,63,34,,59,63,0,26,,,,,
Bekasi,Bekasi Kayuringin,2026-05-29 08:00:00,-,95,48,,48,13,0,2,,,,,
Jakarta,The Pakubuwono Menteng,2026-05-30 21:36:08,138,138,53,96,,,,,58,28.9,,,
Depok,Cinere - Nafas,2026-05-28 01:30:22,-,72,22,50,,,,,57,26.9,,,
Bogor,Kabupaten Bogor Leuwiliang,2026-05-30 21:00:00,72,72,37,,4,10,0,71,,,,,
Tangerang,Tangerang Pasir Jaya,2026-05-30 21:00:00,63,63,34,,59,63,0,26,,,,,
Bekasi,Bekasi Kayuringin,2026-05-29 08:00:00,-,95,48,,48,13,0,2,,,,,
Jakarta,The Pakubuwono Menteng,2026-05-30 21:39:08,146,146,55,100,,,,,59,28.9,,,
Depok,Cinere - Nafas,2026-05-28 01:30:22,-,72,22,50,,,,,57,26.9,,,
Bogor,Kabupaten Bogor Leuwiliang,2026-05-30 21:00:00,72,72,37,,4,10,0,71,,,,,
Tangerang,Tangerang Pasir Jaya,2026-05-30 21:00:00,63,63,34,,59,63,0,26,,,,,
Bekasi,Bekasi Kayuringin,2026-05-29 08:00:00,-,95,48,,48,13,0,2,,,,,
Jakarta,The Pakubuwono Menteng,2026-05-30 21:39:08,146,146,55,100,,,,,59,28.9,,,
Depok,Cinere - Nafas,2026-05-28 01:30:22,-,72,22,50,,,,,57,26.9,,,
Bogor,Kabupaten Bogor Leuwiliang,2026-05-30 21:00:00,72,72,37,,4,10,0,71,,,,,
Tangerang,Tangerang Pasir Jaya,2026-05-30 21:00:00,63,63,34,,59,63,0,26,,,,,
Bekasi,Bekasi Kayuringin,2026-05-29 08:00:00,-,95,48,,48,13,0,2,,,,,
Jakarta,The Pakubuwono Menteng,2026-05-30 21:41:08,141,141,55,101,,,,,59,28.9,,,
Depok,Cinere - Nafas,2026-05-28 01:30:22,-,72,22,50,,,,,57,26.9,,,
Bogor,Kabupaten Bogor Leuwiliang,2026-05-30 21:00:00,72,72,37,,4,10,0,71,,,,,
Tangerang,Tangerang Pasir Jaya,2026-05-30 21:00:00,63,63,34,,59,63,0,26,,,,,
Bekasi,Bekasi Kayuringin,2026-05-29 08:00:00,-,95,48,,48,13,0,2,,,,,
Jakarta,The Pakubuwono Menteng,2026-05-30 21:43:08,153,153,58,116,,,,,60,28.8,,,
Depok,Cinere - Nafas,2026-05-28 01:30:22,-,72,22,50,,,,,57,26.9,,,
Bogor,Kabupaten Bogor Leuwiliang,2026-05-30 21:00:00,72,72,37,,4,10,0,71,,,,,
Tangerang,Tangerang Pasir Jaya,2026-05-30 21:00:00,63,63,34,,59,63,0,26,,,,,
Bekasi,Bekasi Kayuringin,2026-05-29 08:00:00,-,95,48,,48,13,0,2,,,,,
Jakarta,The Pakubuwono Menteng,2026-05-30 21:43:08,153,153,58,116,,,,,60,28.8,,,
Depok,Cinere - Nafas,2026-05-28 01:30:22,-,72,22,50,,,,,57,26.9,,,
Bogor,Kabupaten Bogor Leuwiliang,2026-05-30 21:00:00,72,72,37,,4,10,0,71,,,,,
Tangerang,Tangerang Pasir Jaya,2026-05-30 21:00:00,63,63,34,,59,63,0,26,,,,,
Bekasi,Bekasi Kayuringin,2026-05-29 08:00:00,-,95,48,,48,13,0,2,,,,,
Jakarta,The Pakubuwono Menteng,2026-05-30 21:45:08,148,148,56,107,,,,,59,28.8,,,
Depok,Cinere - Nafas,2026-05-28 01:30:22,-,72,22,50,,,,,57,26.9,,,
Bogor,Kabupaten Bogor Leuwiliang,2026-05-30 21:00:00,72,72,37,,4,10,0,71,,,,,
Tangerang,Tangerang Pasir Jaya,2026-05-30 21:00:00,63,63,34,,59,63,0,26,,,,,
Bekasi,Bekasi Kayuringin,2026-05-29 08:00:00,-,95,48,,48,13,0,2,,,,,
Jakarta,The Pakubuwono Menteng,2026-05-30 21:45:08,148,148,56,107,,,,,59,28.8,,,
Depok,Cinere - Nafas,2026-05-28 01:30:22,-,72,22,50,,,,,57,26.9,,,
Bogor,Kabupaten Bogor Leuwiliang,2026-05-30 21:00:00,72,72,37,,4,10,0,71,,,,,
Tangerang,Tangerang Pasir Jaya,2026-05-30 21:00:00,63,63,34,,59,63,0,26,,,,,
Bekasi,Bekasi Kayuringin,2026-05-29 08:00:00,-,95,48,,48,13,0,2,,,,,
Jakarta,The Pakubuwono Menteng,2026-05-30 21:47:08,143,143,55,101,,,,,59,28.8,,,
Depok,Cinere - Nafas,2026-05-28 01:30:22,-,72,22,50,,,,,57,26.9,,,
Bogor,Kabupaten Bogor Leuwiliang,2026-05-30 21:00:00,72,72,37,,4,10,0,71,,,,,
Tangerang,Tangerang Pasir Jaya,2026-05-30 21:00:00,63,63,34,,59,63,0,26,,,,,
Bekasi,Bekasi Kayuringin,2026-05-29 08:00:00,-,95,48,,48,13,0,2,,,,,
Jakarta,The Pakubuwono Menteng,2026-05-30 21:47:08,143,143,55,101,,,,,59,28.8,,,
Depok,Cinere - Nafas,2026-05-28 01:30:22,-,72,22,50,,,,,57,26.9,,,
Bogor,Kabupaten Bogor Leuwiliang,2026-05-30 21:00:00,72,72,37,,4,10,0,71,,,,,
Tangerang,Tangerang Pasir Jaya,2026-05-30 21:00:00,63,63,34,,59,63,0,26,,,,,
Bekasi,Bekasi Kayuringin,2026-05-29 08:00:00,-,95,48,,48,13,0,2,,,,,
Jakarta,The Pakubuwono Menteng,2026-05-30 21:49:08,147,147,56,105,,,,,60,28.8,,,
Depok,Cinere - Nafas,2026-05-28 01:30:22,-,72,22,50,,,,,57,26.9,,,
Bogor,Kabupaten Bogor Leuwiliang,2026-05-30 21:00:00,72,72,37,,4,10,0,71,,,,,
Tangerang,Tangerang Pasir Jaya,2026-05-30 21:00:00,63,63,34,,59,63,0,26,,,,,
Bekasi,Bekasi Kayuringin,2026-05-29 08:00:00,-,95,48,,48,13,0,2,,,,,
Jakarta,The Pakubuwono Menteng,2026-05-30 21:49:08,147,147,56,105,,,,,60,28.8,,,
Depok,Cinere - Nafas,2026-05-28 01:30:22,-,72,22,50,,,,,57,26.9,,,
Bogor,Kabupaten Bogor Leuwiliang,2026-05-30 21:00:00,72,72,37,,4,10,0,71,,,,,
Tangerang,Tangerang Pasir Jaya,2026-05-30 21:00:00,63,63,34,,59,63,0,26,,,,,
Bekasi,Bekasi Kayuringin,2026-05-29 08:00:00,-,95,48,,48,13,0,2,,,,,
Jakarta,The Pakubuwono Menteng,2026-05-30 21:51:08,150,150,57,105,,,,,61,28.7,,,
Depok,Cinere - Nafas,2026-05-28 01:30:22,-,72,22,50,,,,,57,26.9,,,
Bogor,Kabupaten Bogor Leuwiliang,2026-05-30 21:00:00,72,72,37,,4,10,0,71,,,,,
Tangerang,Tangerang Pasir Jaya,2026-05-30 21:00:00,63,63,34,,59,63,0,26,,,,,
Bekasi,Bekasi Kayuringin,2026-05-29 08:00:00,-,95,48,,48,13,0,2,,,,,
Jakarta,The Pakubuwono Menteng,2026-05-30 21:53:08,153,153,58,115,,,,,61,28.7,,,
Depok,Cinere - Nafas,2026-05-28 01:30:22,-,72,22,50,,,,,57,26.9,,,
Bogor,Kabupaten Bogor Leuwiliang,2026-05-30 21:00:00,72,72,37,,4,10,0,71,,,,,
Tangerang,Tangerang Pasir Jaya,2026-05-30 21:00:00,63,63,34,,59,63,0,26,,,,,
Bekasi,Bekasi Kayuringin,2026-05-29 08:00:00,-,95,48,,48,13,0,2,,,,,
Jakarta,The Pakubuwono Menteng,2026-05-30 21:55:08,147,147,56,106,,,,,61,28.7,,,
Depok,Cinere - Nafas,2026-05-28 01:30:22,-,72,22,50,,,,,57,26.9,,,
Bogor,Kabupaten Bogor Leuwiliang,2026-05-30 21:00:00,72,72,37,,4,10,0,71,,,,,
Tangerang,Tangerang Pasir Jaya,2026-05-30 21:00:00,63,63,34,,59,63,0,26,,,,,
Bekasi,Bekasi Kayuringin,2026-05-29 08:00:00,-,95,48,,48,13,0,2,,,,,
Jakarta,The Pakubuwono Menteng,2026-05-30 21:55:08,147,147,56,106,,,,,61,28.7,,,
Depok,Cinere - Nafas,2026-05-28 01:30:22,-,72,22,50,,,,,57,26.9,,,
Bogor,Kabupaten Bogor Leuwiliang,2026-05-30 21:00:00,72,72,37,,4,10,0,71,,,,,
Tangerang,Tangerang Pasir Jaya,2026-05-30 21:00:00,63,63,34,,59,63,0,26,,,,,
Bekasi,Bekasi Kayuringin,2026-05-29 08:00:00,-,95,48,,48,13,0,2,,,,,
Jakarta,The Pakubuwono Menteng,2026-05-30 21:57:08,143,143,56,100,,,,,61,28.7,,,
Depok,Cinere - Nafas,2026-05-28 01:30:22,-,72,22,50,,,,,57,26.9,,,
Bogor,Kabupaten Bogor Leuwiliang,2026-05-30 21:00:00,72,72,37,,4,10,0,71,,,,,
Tangerang,Tangerang Pasir Jaya,2026-05-30 21:00:00,63,63,34,,59,63,0,26,,,,,
Bekasi,Bekasi Kayuringin,2026-05-29 08:00:00,-,95,48,,48,13,0,2,,,,,
Jakarta,The Pakubuwono Menteng,2026-05-30 21:57:08,143,143,56,100,,,,,61,28.7,,,
Depok,Cinere - Nafas,2026-05-28 01:30:22,-,72,22,50,,,,,57,26.9,,,
Bogor,Kabupaten Bogor Leuwiliang,2026-05-30 21:00:00,72,72,37,,4,10,0,71,,,,,
Tangerang,Tangerang Pasir Jaya,2026-05-30 21:00:00,63,63,34,,59,63,0,26,,,,,
Bekasi,Bekasi Kayuringin,2026-05-29 08:00:00,-,95,48,,48,13,0,2,,,,,
Jakarta,The Pakubuwono Menteng,2026-05-30 21:59:08,150,150,56,106,,,,,61,28.7,,,
Depok,Cinere - Nafas,2026-05-28 01:30:22,-,72,22,50,,,,,57,26.9,,,
Bogor,Kabupaten Bogor Leuwiliang,2026-05-30 21:00:00,72,72,37,,4,10,0,71,,,,,
Tangerang,Tangerang Pasir Jaya,2026-05-30 21:00:00,63,63,34,,59,63,0,26,,,,,
Bekasi,Bekasi Kayuringin,2026-05-29 08:00:00,-,95,48,,48,13,0,2,,,,,
Jakarta,The Pakubuwono Menteng,2026-05-30 21:59:08,150,150,56,106,,,,,61,28.7,,,
Depok,Cinere - Nafas,2026-05-28 01:30:22,-,72,22,50,,,,,57,26.9,,,
Bogor,Kabupaten Bogor Leuwiliang,2026-05-30 21:00:00,72,72,37,,4,10,0,71,,,,,
Tangerang,Tangerang Pasir Jaya,2026-05-30 21:00:00,63,63,34,,59,63,0,26,,,,,
Bekasi,Bekasi Kayuringin,2026-05-29 08:00:00,-,95,48,,48,13,0,2,,,,,
Jakarta,The Pakubuwono Menteng,2026-05-30 22:01:08,151,151,57,107,,,,,61,28.7,,,
Depok,Cinere - Nafas,2026-05-28 01:30:22,-,72,22,50,,,,,57,26.9,,,
Bogor,Kabupaten Bogor Leuwiliang,2026-05-30 21:00:00,72,72,37,,4,10,0,71,,,,,
Tangerang,Tangerang Pasir Jaya,2026-05-30 21:00:00,63,63,34,,59,63,0,26,,,,,
Bekasi,Bekasi Kayuringin,2026-05-29 08:00:00,-,95,48,,48,13,0,2,,,,,
Jakarta,The Pakubuwono Menteng,2026-05-30 22:01:08,151,151,57,107,,,,,61,28.7,,,
Depok,Cinere - Nafas,2026-05-28 01:30:22,-,72,22,50,,,,,57,26.9,,,
Bogor,Kabupaten Bogor Leuwiliang,2026-05-30 22:00:00,74,74,38,,4,10,0,71,,,,,
Tangerang,Tangerang Pasir Jaya,2026-05-30 22:00:00,65,65,35,,59,63,0,26,,,,,
Bekasi,Bekasi Kayuringin,2026-05-29 08:00:00,-,95,48,,48,13,0,2,,,,,
Jakarta,The Pakubuwono Menteng,2026-05-30 22:03:09,144,144,57,101,,,,,60,28.7,,,
Depok,Cinere - Nafas,2026-05-28 01:30:22,-,72,22,50,,,,,57,26.9,,,
Bogor,Kabupaten Bogor Leuwiliang,2026-05-30 22:00:00,74,74,38,,4,10,0,71,,,,,
Tangerang,Tangerang Pasir Jaya,2026-05-30 22:00:00,65,65,35,,59,63,0,26,,,,,
Bekasi,Bekasi Kayuringin,2026-05-29 08:00:00,-,95,48,,48,13,0,2,,,,,
Jakarta,The Pakubuwono Menteng,2026-05-30 22:06:09,151,151,57,109,,,,,60,28.7,,,
Depok,Cinere - Nafas,2026-05-28 01:30:22,-,72,22,50,,,,,57,26.9,,,
Bogor,Kabupaten Bogor Leuwiliang,2026-05-30 22:00:00,74,74,38,,4,10,0,71,,,,,
Tangerang,Tangerang Pasir Jaya,2026-05-30 22:00:00,65,65,35,,59,63,0,26,,,,,
Bekasi,Bekasi Kayuringin,2026-05-29 08:00:00,-,95,48,,48,13,0,2,,,,,
Jakarta,The Pakubuwono Menteng,2026-05-30 22:06:09,151,151,57,109,,,,,60,28.7,,,
Depok,Cinere - Nafas,2026-05-28 01:30:22,-,72,22,50,,,,,57,26.9,,,
Bogor,Kabupaten Bogor Leuwiliang,2026-05-30 22:00:00,74,74,38,,4,10,0,71,,,,,
Tangerang,Tangerang Pasir Jaya,2026-05-30 22:00:00,65,65,35,,59,63,0,26,,,,,
Bekasi,Bekasi Kayuringin,2026-05-29 08:00:00,-,95,48,,48,13,0,2,,,,,
Jakarta,The Pakubuwono Menteng,2026-05-30 22:08:09,158,158,61,131,,,,,61,28.7,,,
Depok,Cinere - Nafas,2026-05-28 01:30:22,-,72,22,50,,,,,57,26.9,,,
Bogor,Kabupaten Bogor Leuwiliang,2026-05-30 22:00:00,74,74,38,,4,10,0,71,,,,,
Tangerang,Tangerang Pasir Jaya,2026-05-30 22:00:00,65,65,35,,59,63,0,26,,,,,
Bekasi,Bekasi Kayuringin,2026-05-29 08:00:00,-,95,48,,48,13,0,2,,,,,
Jakarta,The Pakubuwono Menteng,2026-05-30 22:08:09,158,158,61,131,,,,,61,28.7,,,
Depok,Cinere - Nafas,2026-05-28 01:30:22,-,72,22,50,,,,,57,26.9,,,
Bogor,Kabupaten Bogor Leuwiliang,2026-05-30 22:00:00,74,74,38,,4,10,0,71,,,,,
Tangerang,Tangerang Pasir Jaya,2026-05-30 22:00:00,65,65,35,,59,63,0,26,,,,,
Bekasi,Bekasi Kayuringin,2026-05-29 08:00:00,-,95,48,,48,13,0,2,,,,,
Jakarta,The Pakubuwono Menteng,2026-05-30 22:10:09,154,154,59,115,,,,,61,28.7,,,
Depok,Cinere - Nafas,2026-05-28 01:30:22,-,72,22,50,,,,,57,26.9,,,
Bogor,Kabupaten Bogor Leuwiliang,2026-05-30 22:00:00,74,74,38,,4,10,0,71,,,,,
Tangerang,Tangerang Pasir Jaya,2026-05-30 22:00:00,65,65,35,,59,63,0,26,,,,,
Bekasi,Bekasi Kayuringin,2026-05-29 08:00:00,-,95,48,,48,13,0,2,,,,,
Jakarta,The Pakubuwono Menteng,2026-05-30 22:10:09,154,154,59,115,,,,,61,28.7,,,
Depok,Cinere - Nafas,2026-05-28 01:30:22,-,72,22,50,,,,,57,26.9,,,
Bogor,Kabupaten Bogor Leuwiliang,2026-05-30 22:00:00,74,74,38,,4,10,0,71,,,,,
Tangerang,Tangerang Pasir Jaya,2026-05-30 22:00:00,65,65,35,,59,63,0,26,,,,,
Bekasi,Bekasi Kayuringin,2026-05-29 08:00:00,-,95,48,,48,13,0,2,,,,,
Jakarta,The Pakubuwono Menteng,2026-05-30 22:12:09,151,151,57,111,,,,,61,28.7,,,
Depok,Cinere - Nafas,2026-05-28 01:30:22,-,72,22,50,,,,,57,26.9,,,
Bogor,Kabupaten Bogor Leuwiliang,2026-05-30 22:00:00,74,74,38,,4,10,0,71,,,,,
Tangerang,Tangerang Pasir Jaya,2026-05-30 22:00:00,65,65,35,,59,63,0,26,,,,,
Bekasi,Bekasi Kayuringin,2026-05-29 08:00:00,-,95,48,,48,13,0,2,,,,,
Jakarta,The Pakubuwono Menteng,2026-05-30 22:12:09,151,151,57,111,,,,,61,28.7,,,
Depok,Cinere - Nafas,2026-05-28 01:30:22,-,72,22,50,,,,,57,26.9,,,
Bogor,Kabupaten Bogor Leuwiliang,2026-05-30 22:00:00,74,74,38,,4,10,0,71,,,,,
Tangerang,Tangerang Pasir Jaya,2026-05-30 22:00:00,65,65,35,,59,63,0,26,,,,,
Bekasi,Bekasi Kayuringin,2026-05-29 08:00:00,-,95,48,,48,13,0,2,,,,,
Jakarta,The Pakubuwono Menteng,2026-05-30 22:14:09,151,151,56,107,,,,,60,28.7,,,
Depok,Cinere - Nafas,2026-05-28 01:30:22,-,72,22,50,,,,,57,26.9,,,
Bogor,Kabupaten Bogor Leuwiliang,2026-05-30 22:00:00,74,74,38,,4,10,0,71,,,,,
Tangerang,Tangerang Pasir Jaya,2026-05-30 22:00:00,65,65,35,,59,63,0,26,,,,,
Bekasi,Bekasi Kayuringin,2026-05-29 08:00:00,-,95,48,,48,13,0,2,,,,,
Jakarta,The Pakubuwono Menteng,2026-05-30 22:16:09,150,150,56,105,,,,,60,28.7,,,
Depok,Cinere - Nafas,2026-05-28 01:30:22,-,72,22,50,,,,,57,26.9,,,
Bogor,Kabupaten Bogor Leuwiliang,2026-05-30 22:00:00,74,74,38,,4,10,0,71,,,,,
Tangerang,Tangerang Pasir Jaya,2026-05-30 22:00:00,65,65,35,,59,63,0,26,,,,,
Bekasi,Bekasi Kayuringin,2026-05-29 08:00:00,-,95,48,,48,13,0,2,,,,,
Jakarta,The Pakubuwono Menteng,2026-05-30 22:16:09,150,150,56,105,,,,,60,28.7,,,
Depok,Cinere - Nafas,2026-05-28 01:30:22,-,72,22,50,,,,,57,26.9,,,
Bogor,Kabupaten Bogor Leuwiliang,2026-05-30 22:00:00,74,74,38,,4,10,0,71,,,,,
Tangerang,Tangerang Pasir Jaya,2026-05-30 22:00:00,65,65,35,,59,63,0,26,,,,,
Bekasi,Bekasi Kayuringin,2026-05-29 08:00:00,-,95,48,,48,13,0,2,,,,,
Jakarta,The Pakubuwono Menteng,2026-05-30 22:19:10,153,153,58,116,,,,,61,28.7,,,
Depok,Cinere - Nafas,2026-05-28 01:30:22,-,72,22,50,,,,,57,26.9,,,
Bogor,Kabupaten Bogor Leuwiliang,2026-05-30 22:00:00,74,74,38,,4,10,0,71,,,,,
Tangerang,Tangerang Pasir Jaya,2026-05-30 22:00:00,65,65,35,,59,63,0,26,,,,,
Bekasi,Bekasi Kayuringin,2026-05-29 08:00:00,-,95,48,,48,13,0,2,,,,,
Jakarta,The Pakubuwono Menteng,2026-05-30 22:19:10,153,153,58,116,,,,,61,28.7,,,
Depok,Cinere - Nafas,2026-05-28 01:30:22,-,72,22,50,,,,,57,26.9,,,
Bogor,Kabupaten Bogor Leuwiliang,2026-05-30 22:00:00,74,74,38,,4,10,0,71,,,,,
Tangerang,Tangerang Pasir Jaya,2026-05-30 22:00:00,65,65,35,,59,63,0,26,,,,,
Bekasi,Bekasi Kayuringin,2026-05-29 08:00:00,-,95,48,,48,13,0,2,,,,,
Jakarta,The Pakubuwono Menteng,2026-05-30 22:21:09,152,152,57,110,,,,,61,28.7,,,
Depok,Cinere - Nafas,2026-05-28 01:30:22,-,72,22,50,,,,,57,26.9,,,
Bogor,Kabupaten Bogor Leuwiliang,2026-05-30 22:00:00,74,74,38,,4,10,0,71,,,,,
Tangerang,Tangerang Pasir Jaya,2026-05-30 22:00:00,65,65,35,,59,63,0,26,,,,,
Bekasi,Bekasi Kayuringin,2026-05-29 08:00:00,-,95,48,,48,13,0,2,,,,,
Jakarta,The Pakubuwono Menteng,2026-05-30 22:21:09,152,152,57,110,,,,,61,28.7,,,
Depok,Cinere - Nafas,2026-05-28 01:30:22,-,72,22,50,,,,,57,26.9,,,
Bogor,Kabupaten Bogor Leuwiliang,2026-05-30 22:00:00,74,74,38,,4,10,0,71,,,,,
Tangerang,Tangerang Pasir Jaya,2026-05-30 22:00:00,65,65,35,,59,63,0,26,,,,,
Bekasi,Bekasi Kayuringin,2026-05-29 08:00:00,-,95,48,,48,13,0,2,,,,,
Jakarta,The Pakubuwono Menteng,2026-05-30 22:23:10,154,154,58,115,,,,,61,28.6,,,
Depok,Cinere - Nafas,2026-05-28 01:30:22,-,72,22,50,,,,,57,26.9,,,
Bogor,Kabupaten Bogor Leuwiliang,2026-05-30 22:00:00,74,74,38,,4,10,0,71,,,,,
Tangerang,Tangerang Pasir Jaya,2026-05-30 22:00:00,65,65,35,,59,63,0,26,,,,,
Bekasi,Bekasi Kayuringin,2026-05-29 08:00:00,-,95,48,,48,13,0,2,,,,,
Jakarta,The Pakubuwono Menteng,2026-05-30 22:23:10,154,154,58,115,,,,,61,28.6,,,
Depok,Cinere - Nafas,2026-05-28 01:30:22,-,72,22,50,,,,,57,26.9,,,
Bogor,Kabupaten Bogor Leuwiliang,2026-05-30 22:00:00,74,74,38,,4,10,0,71,,,,,
Tangerang,Tangerang Pasir Jaya,2026-05-30 22:00:00,65,65,35,,59,63,0,26,,,,,
Bekasi,Bekasi Kayuringin,2026-05-29 08:00:00,-,95,48,,48,13,0,2,,,,,
Jakarta,The Pakubuwono Menteng,2026-05-30 22:25:09,153,153,58,114,,,,,61,28.6,,,
Depok,Cinere - Nafas,2026-05-28 01:30:22,-,72,22,50,,,,,57,26.9,,,
Bogor,Kabupaten Bogor Leuwiliang,2026-05-30 22:00:00,74,74,38,,4,10,0,71,,,,,
Tangerang,Tangerang Pasir Jaya,2026-05-30 22:00:00,65,65,35,,59,63,0,26,,,,,
Bekasi,Bekasi Kayuringin,2026-05-29 08:00:00,-,95,48,,48,13,0,2,,,,,
Jakarta,The Pakubuwono Menteng,2026-05-30 22:27:09,155,155,59,116,,,,,61,28.6,,,
Depok,Cinere - Nafas,2026-05-28 01:30:22,-,72,22,50,,,,,57,26.9,,,
Bogor,Kabupaten Bogor Leuwiliang,2026-05-30 22:00:00,74,74,38,,4,10,0,71,,,,,
Tangerang,Tangerang Pasir Jaya,2026-05-30 22:00:00,65,65,35,,59,63,0,26,,,,,
Bekasi,Bekasi Kayuringin,2026-05-29 08:00:00,-,95,48,,48,13,0,2,,,,,
Jakarta,The Pakubuwono Menteng,2026-05-30 22:27:09,155,155,59,116,,,,,61,28.6,,,
Depok,Cinere - Nafas,2026-05-28 01:30:22,-,72,22,50,,,,,57,26.9,,,
Bogor,Kabupaten Bogor Leuwiliang,2026-05-30 22:00:00,74,74,38,,4,10,0,71,,,,,
Tangerang,Tangerang Pasir Jaya,2026-05-30 22:00:00,65,65,35,,59,63,0,26,,,,,
Bekasi,Bekasi Kayuringin,2026-05-29 08:00:00,-,95,48,,48,13,0,2,,,,,
Jakarta,The Pakubuwono Menteng,2026-05-30 22:29:09,154,154,59,121,,,,,61,28.6,,,
Depok,Cinere - Nafas,2026-05-28 01:30:22,-,72,22,50,,,,,57,26.9,,,
Bogor,Kabupaten Bogor Leuwiliang,2026-05-30 22:00:00,74,74,38,,4,10,0,71,,,,,
Tangerang,Tangerang Pasir Jaya,2026-05-30 22:00:00,65,65,35,,59,63,0,26,,,,,
Bekasi,Bekasi Kayuringin,2026-05-29 08:00:00,-,95,48,,48,13,0,2,,,,,
Jakarta,The Pakubuwono Menteng,2026-05-30 22:29:09,154,154,59,121,,,,,61,28.6,,,
Depok,Cinere - Nafas,2026-05-28 01:30:22,-,72,22,50,,,,,57,26.9,,,
Bogor,Kabupaten Bogor Leuwiliang,2026-05-30 22:00:00,74,74,38,,4,10,0,71,,,,,
Tangerang,Tangerang Pasir Jaya,2026-05-30 22:00:00,65,65,35,,59,63,0,26,,,,,
Bekasi,Bekasi Kayuringin,2026-05-29 08:00:00,-,95,48,,48,13,0,2,,,,,
Jakarta,The Pakubuwono Menteng,2026-05-30 22:31:09,155,155,60,115,,,,,61,28.6,,,
Depok,Cinere - Nafas,2026-05-28 01:30:22,-,72,22,50,,,,,57,26.9,,,
Bogor,Kabupaten Bogor Leuwiliang,2026-05-30 22:00:00,74,74,38,,4,10,0,71,,,,,
Tangerang,Tangerang Pasir Jaya,2026-05-30 22:00:00,65,65,35,,59,63,0,26,,,,,
Bekasi,Bekasi Kayuringin,2026-05-29 08:00:00,-,95,48,,48,13,0,2,,,,,
Jakarta,The Pakubuwono Menteng,2026-05-30 22:31:09,155,155,60,115,,,,,61,28.6,,,
Depok,Cinere - Nafas,2026-05-28 01:30:22,-,72,22,50,,,,,57,26.9,,,
Bogor,Kabupaten Bogor Leuwiliang,2026-05-30 22:00:00,74,74,38,,4,10,0,71,,,,,
Tangerang,Tangerang Pasir Jaya,2026-05-30 22:00:00,65,65,35,,59,63,0,26,,,,,
Bekasi,Bekasi Kayuringin,2026-05-29 08:00:00,-,95,48,,48,13,0,2,,,,,
Jakarta,The Pakubuwono Menteng,2026-05-30 22:34:09,153,153,58,114,,,,,61,28.5,,,
Depok,Cinere - Nafas,2026-05-28 01:30:22,-,72,22,50,,,,,57,26.9,,,
Bogor,Kabupaten Bogor Leuwiliang,2026-05-30 22:00:00,74,74,38,,4,10,0,71,,,,,
Tangerang,Tangerang Pasir Jaya,2026-05-30 22:00:00,65,65,35,,59,63,0,26,,,,,
Bekasi,Bekasi Kayuringin,2026-05-29 08:00:00,-,95,48,,48,13,0,2,,,,,
Jakarta,The Pakubuwono Menteng,2026-05-30 22:34:09,153,153,58,114,,,,,61,28.5,,,
Depok,Cinere - Nafas,2026-05-28 01:30:22,-,72,22,50,,,,,57,26.9,,,
Bogor,Kabupaten Bogor Leuwiliang,2026-05-30 22:00:00,74,74,38,,4,10,0,71,,,,,
Tangerang,Tangerang Pasir Jaya,2026-05-30 22:00:00,65,65,35,,59,63,0,26,,,,,
Bekasi,Bekasi Kayuringin,2026-05-29 08:00:00,-,95,48,,48,13,0,2,,,,,
Jakarta,The Pakubuwono Menteng,2026-05-30 22:36:09,152,152,58,112,,,,,61,28.5,,,
Depok,Cinere - Nafas,2026-05-28 01:30:22,-,72,22,50,,,,,57,26.9,,,
Bogor,Kabupaten Bogor Leuwiliang,2026-05-30 22:00:00,74,74,38,,4,10,0,71,,,,,
Tangerang,Tangerang Pasir Jaya,2026-05-30 22:00:00,65,65,35,,59,63,0,26,,,,,
Bekasi,Bekasi Kayuringin,2026-05-29 08:00:00,-,95,48,,48,13,0,2,,,,,
Jakarta,The Pakubuwono Menteng,2026-05-30 22:38:09,154,154,59,115,,,,,61,28.5,,,
Depok,Cinere - Nafas,2026-05-28 01:30:22,-,72,22,50,,,,,57,26.9,,,
Bogor,Kabupaten Bogor Leuwiliang,2026-05-30 22:00:00,74,74,38,,4,10,0,71,,,,,
Tangerang,Tangerang Pasir Jaya,2026-05-30 22:00:00,65,65,35,,59,63,0,26,,,,,
Bekasi,Bekasi Kayuringin,2026-05-29 08:00:00,-,95,48,,48,13,0,2,,,,,
Jakarta,The Pakubuwono Menteng,2026-05-30 22:38:09,154,154,59,115,,,,,61,28.5,,,
Depok,Cinere - Nafas,2026-05-28 01:30:22,-,72,22,50,,,,,57,26.9,,,
Bogor,Kabupaten Bogor Leuwiliang,2026-05-30 22:00:00,74,74,38,,4,10,0,71,,,,,
Tangerang,Tangerang Pasir Jaya,2026-05-30 22:00:00,65,65,35,,59,63,0,26,,,,,
Bekasi,Bekasi Kayuringin,2026-05-29 08:00:00,-,95,48,,48,13,0,2,,,,,
Jakarta,The Pakubuwono Menteng,2026-05-30 22:40:09,154,154,59,115,,,,,61,28.4,,,
Depok,Cinere - Nafas,2026-05-28 01:30:22,-,72,22,50,,,,,57,26.9,,,
Bogor,Kabupaten Bogor Leuwiliang,2026-05-30 22:00:00,74,74,38,,4,10,0,71,,,,,
Tangerang,Tangerang Pasir Jaya,2026-05-30 22:00:00,65,65,35,,59,63,0,26,,,,,
Bekasi,Bekasi Kayuringin,2026-05-29 08:00:00,-,95,48,,48,13,0,2,,,,,
Jakarta,The Pakubuwono Menteng,2026-05-30 22:40:09,154,154,59,115,,,,,61,28.4,,,
Depok,Cinere - Nafas,2026-05-28 01:30:22,-,72,22,50,,,,,57,26.9,,,
Bogor,Kabupaten Bogor Leuwiliang,2026-05-30 22:00:00,74,74,38,,4,10,0,71,,,,,
Tangerang,Tangerang Pasir Jaya,2026-05-30 22:00:00,65,65,35,,59,63,0,26,,,,,
Bekasi,Bekasi Kayuringin,2026-05-29 08:00:00,-,95,48,,48,13,0,2,,,,,
Jakarta,The Pakubuwono Menteng,2026-05-30 22:42:10,154,154,60,120,,,,,61,28.4,,,
Depok,Cinere - Nafas,2026-05-28 01:30:22,-,72,22,50,,,,,57,26.9,,,
Bogor,Kabupaten Bogor Leuwiliang,2026-05-30 22:00:00,74,74,38,,4,10,0,71,,,,,
Tangerang,Tangerang Pasir Jaya,2026-05-30 22:00:00,65,65,35,,59,63,0,26,,,,,
Bekasi,Bekasi Kayuringin,2026-05-29 08:00:00,-,95,48,,48,13,0,2,,,,,
Jakarta,The Pakubuwono Menteng,2026-05-30 22:42:10,154,154,60,120,,,,,61,28.4,,,
Depok,Cinere - Nafas,2026-05-28 01:30:22,-,72,22,50,,,,,57,26.9,,,
Bogor,Kabupaten Bogor Leuwiliang,2026-05-30 22:00:00,74,74,38,,4,10,0,71,,,,,
Tangerang,Tangerang Pasir Jaya,2026-05-30 22:00:00,65,65,35,,59,63,0,26,,,,,
Bekasi,Bekasi Kayuringin,2026-05-29 08:00:00,-,95,48,,48,13,0,2,,,,,
Jakarta,The Pakubuwono Menteng,2026-05-30 22:45:09,154,154,59,113,,,,,61,28.4,,,
Depok,Cinere - Nafas,2026-05-28 01:30:22,-,72,22,50,,,,,57,26.9,,,
Bogor,Kabupaten Bogor Leuwiliang,2026-05-30 22:00:00,74,74,38,,4,10,0,71,,,,,
Tangerang,Tangerang Pasir Jaya,2026-05-30 22:00:00,65,65,35,,59,63,0,26,,,,,
Bekasi,Bekasi Kayuringin,2026-05-29 08:00:00,-,95,48,,48,13,0,2,,,,,
Jakarta,The Pakubuwono Menteng,2026-05-30 22:47:09,153,153,58,116,,,,,61,28.4,,,
Depok,Cinere - Nafas,2026-05-28 01:30:22,-,72,22,50,,,,,57,26.9,,,
Bogor,Kabupaten Bogor Leuwiliang,2026-05-30 22:00:00,74,74,38,,4,10,0,71,,,,,
Tangerang,Tangerang Pasir Jaya,2026-05-30 22:00:00,65,65,35,,59,63,0,26,,,,,
Bekasi,Bekasi Kayuringin,2026-05-29 08:00:00,-,95,48,,48,13,0,2,,,,,
Jakarta,The Pakubuwono Menteng,2026-05-30 22:47:09,153,153,58,116,,,,,61,28.4,,,
Depok,Cinere - Nafas,2026-05-28 01:30:22,-,72,22,50,,,,,57,26.9,,,
Bogor,Kabupaten Bogor Leuwiliang,2026-05-30 22:00:00,74,74,38,,4,10,0,71,,,,,
Tangerang,Tangerang Pasir Jaya,2026-05-30 22:00:00,65,65,35,,59,63,0,26,,,,,
Bekasi,Bekasi Kayuringin,2026-05-29 08:00:00,-,95,48,,48,13,0,2,,,,,
Jakarta,The Pakubuwono Menteng,2026-05-30 22:48:09,154,154,59,115,,,,,61,28.4,,,
Depok,Cinere - Nafas,2026-05-28 01:30:22,-,72,22,50,,,,,57,26.9,,,
Bogor,Kabupaten Bogor Leuwiliang,2026-05-30 22:00:00,74,74,38,,4,10,0,71,,,,,
Tangerang,Tangerang Pasir Jaya,2026-05-30 22:00:00,65,65,35,,59,63,0,26,,,,,
Bekasi,Bekasi Kayuringin,2026-05-29 08:00:00,-,95,48,,48,13,0,2,,,,,
Jakarta,The Pakubuwono Menteng,2026-05-30 22:50:09,155,155,59,118,,,,,61,28.4,,,
Depok,Cinere - Nafas,2026-05-28 01:30:22,-,72,22,50,,,,,57,26.9,,,
Bogor,Kabupaten Bogor Leuwiliang,2026-05-30 22:00:00,74,74,38,,4,10,0,71,,,,,
Tangerang,Tangerang Pasir Jaya,2026-05-30 22:00:00,65,65,35,,59,63,0,26,,,,,
Bekasi,Bekasi Kayuringin,2026-05-29 08:00:00,-,95,48,,48,13,0,2,,,,,
Jakarta,The Pakubuwono Menteng,2026-05-30 22:50:09,155,155,59,118,,,,,61,28.4,,,
Depok,Cinere - Nafas,2026-05-28 01:30:22,-,72,22,50,,,,,57,26.9,,,
Bogor,Kabupaten Bogor Leuwiliang,2026-05-30 22:00:00,74,74,38,,4,10,0,71,,,,,
Tangerang,Tangerang Pasir Jaya,2026-05-30 22:00:00,65,65,35,,59,63,0,26,,,,,
Bekasi,Bekasi Kayuringin,2026-05-29 08:00:00,-,95,48,,48,13,0,2,,,,,
Jakarta,The Pakubuwono Menteng,2026-05-30 22:52:10,154,154,59,117,,,,,61,28.4,,,
Depok,Cinere - Nafas,2026-05-28 01:30:22,-,72,22,50,,,,,57,26.9,,,
Bogor,Kabupaten Bogor Leuwiliang,2026-05-30 22:00:00,74,74,38,,4,10,0,71,,,,,
Tangerang,Tangerang Pasir Jaya,2026-05-30 22:00:00,65,65,35,,59,63,0,26,,,,,
Bekasi,Bekasi Kayuringin,2026-05-29 08:00:00,-,95,48,,48,13,0,2,,,,,
Jakarta,The Pakubuwono Menteng,2026-05-30 22:52:10,154,154,59,117,,,,,61,28.4,,,
Depok,Cinere - Nafas,2026-05-28 01:30:22,-,72,22,50,,,,,57,26.9,,,
Bogor,Kabupaten Bogor Leuwiliang,2026-05-30 22:00:00,74,74,38,,4,10,0,71,,,,,
Tangerang,Tangerang Pasir Jaya,2026-05-30 22:00:00,65,65,35,,59,63,0,26,,,,,
Bekasi,Bekasi Kayuringin,2026-05-29 08:00:00,-,95,48,,48,13,0,2,,,,,
Jakarta,The Pakubuwono Menteng,2026-05-30 22:54:10,152,152,58,111,,,,,61,28.4,,,
Depok,Cinere - Nafas,2026-05-28 01:30:22,-,72,22,50,,,,,57,26.9,,,
Bogor,Kabupaten Bogor Leuwiliang,2026-05-30 22:00:00,74,74,38,,4,10,0,71,,,,,
Tangerang,Tangerang Pasir Jaya,2026-05-30 22:00:00,65,65,35,,59,63,0,26,,,,,
Bekasi,Bekasi Kayuringin,2026-05-29 08:00:00,-,95,48,,48,13,0,2,,,,,
Jakarta,The Pakubuwono Menteng,2026-05-30 22:54:10,152,152,58,111,,,,,61,28.4,,,
Depok,Cinere - Nafas,2026-05-28 01:30:22,-,72,22,50,,,,,57,26.9,,,
Bogor,Kabupaten Bogor Leuwiliang,2026-05-30 22:00:00,74,74,38,,4,10,0,71,,,,,
Tangerang,Tangerang Pasir Jaya,2026-05-30 22:00:00,65,65,35,,59,63,0,26,,,,,
Bekasi,Bekasi Kayuringin,2026-05-29 08:00:00,-,95,48,,48,13,0,2,,,,,
Jakarta,The Pakubuwono Menteng,2026-05-30 22:57:10,155,155,60,116,,,,,60,28.5,,,
Depok,Cinere - Nafas,2026-05-28 01:30:22,-,72,22,50,,,,,57,26.9,,,
Bogor,Kabupaten Bogor Leuwiliang,2026-05-30 22:00:00,74,74,38,,4,10,0,71,,,,,
Tangerang,Tangerang Pasir Jaya,2026-05-30 22:00:00,65,65,35,,59,63,0,26,,,,,
Bekasi,Bekasi Kayuringin,2026-05-29 08:00:00,-,95,48,,48,13,0,2,,,,,
Jakarta,The Pakubuwono Menteng,2026-05-30 22:57:10,155,155,60,116,,,,,60,28.5,,,
Depok,Cinere - Nafas,2026-05-28 01:30:22,-,72,22,50,,,,,57,26.9,,,
Bogor,Kabupaten Bogor Leuwiliang,2026-05-30 22:00:00,74,74,38,,4,10,0,71,,,,,
Tangerang,Tangerang Pasir Jaya,2026-05-30 22:00:00,65,65,35,,59,63,0,26,,,,,
Bekasi,Bekasi Kayuringin,2026-05-29 08:00:00,-,95,48,,48,13,0,2,,,,,
Jakarta,The Pakubuwono Menteng,2026-05-30 22:59:10,159,159,61,130,,,,,62,28.5,,,
Depok,Cinere - Nafas,2026-05-28 01:30:22,-,72,22,50,,,,,57,26.9,,,
Bogor,Kabupaten Bogor Leuwiliang,2026-05-30 22:00:00,74,74,38,,4,10,0,71,,,,,
Tangerang,Tangerang Pasir Jaya,2026-05-30 22:00:00,65,65,35,,59,63,0,26,,,,,
Bekasi,Bekasi Kayuringin,2026-05-29 08:00:00,-,95,48,,48,13,0,2,,,,,
Jakarta,The Pakubuwono Menteng,2026-05-30 23:01:10,158,158,61,131,,,,,62,28.5,,,
Depok,Cinere - Nafas,2026-05-28 01:30:22,-,72,22,50,,,,,57,26.9,,,
Bogor,Kabupaten Bogor Leuwiliang,2026-05-30 22:00:00,74,74,38,,4,10,0,71,,,,,
Tangerang,Tangerang Pasir Jaya,2026-05-30 22:00:00,65,65,35,,59,63,0,26,,,,,
Bekasi,Bekasi Kayuringin,2026-05-29 08:00:00,-,95,48,,48,13,0,2,,,,,
Jakarta,The Pakubuwono Menteng,2026-05-30 23:03:10,158,158,61,131,,,,,62,28.5,,,
Depok,Cinere - Nafas,2026-05-28 01:30:22,-,72,22,50,,,,,57,26.9,,,
Bogor,Kabupaten Bogor Leuwiliang,2026-05-30 23:00:00,74,74,38,,4,10,0,71,,,,,
Tangerang,Tangerang Pasir Jaya,2026-05-30 23:00:00,65,65,35,,59,63,0,26,,,,,
Bekasi,Bekasi Kayuringin,2026-05-29 08:00:00,-,95,48,,48,13,0,2,,,,,
Jakarta,The Pakubuwono Menteng,2026-05-30 23:03:10,158,158,61,131,,,,,62,28.5,,,
Depok,Cinere - Nafas,2026-05-28 01:30:22,-,72,22,50,,,,,57,26.9,,,
Bogor,Kabupaten Bogor Leuwiliang,2026-05-30 23:00:00,74,74,38,,4,10,0,71,,,,,
Tangerang,Tangerang Pasir Jaya,2026-05-30 23:00:00,65,65,35,,59,63,0,26,,,,,
Bekasi,Bekasi Kayuringin,2026-05-29 08:00:00,-,95,48,,48,13,0,2,,,,,
Jakarta,The Pakubuwono Menteng,2026-05-30 23:05:11,159,159,61,133,,,,,62,28.5,,,
Depok,Cinere - Nafas,2026-05-28 01:30:22,-,72,22,50,,,,,57,26.9,,,
Bogor,Kabupaten Bogor Leuwiliang,2026-05-30 23:00:00,74,74,38,,4,10,0,71,,,,,
Tangerang,Tangerang Pasir Jaya,2026-05-30 23:00:00,65,65,35,,59,63,0,26,,,,,
Bekasi,Bekasi Kayuringin,2026-05-29 08:00:00,-,95,48,,48,13,0,2,,,,,
Jakarta,The Pakubuwono Menteng,2026-05-30 23:05:11,159,159,61,133,,,,,62,28.5,,,
Depok,Cinere - Nafas,2026-05-28 01:30:22,-,72,22,50,,,,,57,26.9,,,
Bogor,Kabupaten Bogor Leuwiliang,2026-05-30 23:00:00,74,74,38,,4,10,0,71,,,,,
Tangerang,Tangerang Pasir Jaya,2026-05-30 23:00:00,65,65,35,,59,63,0,26,,,,,
Bekasi,Bekasi Kayuringin,2026-05-29 08:00:00,-,95,48,,48,13,0,2,,,,,
Jakarta,The Pakubuwono Menteng,2026-05-30 23:07:10,160,160,61,132,,,,,62,28.5,,,
Depok,Cinere - Nafas,2026-05-28 01:30:22,-,72,22,50,,,,,57,26.9,,,
Bogor,Kabupaten Bogor Leuwiliang,2026-05-30 23:00:00,74,74,38,,4,10,0,71,,,,,
Tangerang,Tangerang Pasir Jaya,2026-05-30 23:00:00,65,65,35,,59,63,0,26,,,,,
Bekasi,Bekasi Kayuringin,2026-05-29 08:00:00,-,95,48,,48,13,0,2,,,,,
Jakarta,The Pakubuwono Menteng,2026-05-30 23:07:10,160,160,61,132,,,,,62,28.5,,,
Depok,Cinere - Nafas,2026-05-28 01:30:22,-,72,22,50,,,,,57,26.9,,,
Bogor,Kabupaten Bogor Leuwiliang,2026-05-30 23:00:00,74,74,38,,4,10,0,71,,,,,
Tangerang,Tangerang Pasir Jaya,2026-05-30 23:00:00,65,65,35,,59,63,0,26,,,,,
Bekasi,Bekasi Kayuringin,2026-05-29 08:00:00,-,95,48,,48,13,0,2,,,,,
Jakarta,The Pakubuwono Menteng,2026-05-30 23:09:10,159,159,62,133,,,,,62,28.6,,,
Depok,Cinere - Nafas,2026-05-28 01:30:22,-,72,22,50,,,,,57,26.9,,,
Bogor,Kabupaten Bogor Leuwiliang,2026-05-30 23:00:00,74,74,38,,4,10,0,71,,,,,
Tangerang,Tangerang Pasir Jaya,2026-05-30 23:00:00,65,65,35,,59,63,0,26,,,,,
Bekasi,Bekasi Kayuringin,2026-05-29 08:00:00,-,95,48,,48,13,0,2,,,,,
Jakarta,The Pakubuwono Menteng,2026-05-30 23:11:10,156,156,60,127,,,,,62,28.6,,,
Depok,Cinere - Nafas,2026-05-28 01:30:22,-,72,22,50,,,,,57,26.9,,,
Bogor,Kabupaten Bogor Leuwiliang,2026-05-30 23:00:00,74,74,38,,4,10,0,71,,,,,
Tangerang,Tangerang Pasir Jaya,2026-05-30 23:00:00,65,65,35,,59,63,0,26,,,,,
Bekasi,Bekasi Kayuringin,2026-05-29 08:00:00,-,95,48,,48,13,0,2,,,,,
Jakarta,The Pakubuwono Menteng,2026-05-30 23:11:10,156,156,60,127,,,,,62,28.6,,,
Depok,Cinere - Nafas,2026-05-28 01:30:22,-,72,22,50,,,,,57,26.9,,,
Bogor,Kabupaten Bogor Leuwiliang,2026-05-30 23:00:00,74,74,38,,4,10,0,71,,,,,
Tangerang,Tangerang Pasir Jaya,2026-05-30 23:00:00,65,65,35,,59,63,0,26,,,,,
Bekasi,Bekasi Kayuringin,2026-05-29 08:00:00,-,95,48,,48,13,0,2,,,,,
Jakarta,The Pakubuwono Menteng,2026-05-30 23:14:10,156,156,60,123,,,,,61,28.6,,,
Depok,Cinere - Nafas,2026-05-28 01:30:22,-,72,22,50,,,,,57,26.9,,,
Bogor,Kabupaten Bogor Leuwiliang,2026-05-30 23:00:00,74,74,38,,4,10,0,71,,,,,
Tangerang,Tangerang Pasir Jaya,2026-05-30 23:00:00,65,65,35,,59,63,0,26,,,,,
Bekasi,Bekasi Kayuringin,2026-05-29 08:00:00,-,95,48,,48,13,0,2,,,,,
Jakarta,The Pakubuwono Menteng,2026-05-30 23:14:10,156,156,60,123,,,,,61,28.6,,,
Depok,Cinere - Nafas,2026-05-28 01:30:22,-,72,22,50,,,,,57,26.9,,,
Bogor,Kabupaten Bogor Leuwiliang,2026-05-30 23:00:00,74,74,38,,4,10,0,71,,,,,
Tangerang,Tangerang Pasir Jaya,2026-05-30 23:00:00,65,65,35,,59,63,0,26,,,,,
Bekasi,Bekasi Kayuringin,2026-05-29 08:00:00,-,95,48,,48,13,0,2,,,,,
Jakarta,The Pakubuwono Menteng,2026-05-30 23:16:10,157,157,60,124,,,,,61,28.6,,,
Depok,Cinere - Nafas,2026-05-28 01:30:22,-,72,22,50,,,,,57,26.9,,,
Bogor,Kabupaten Bogor Leuwiliang,2026-05-30 23:00:00,74,74,38,,4,10,0,71,,,,,
Tangerang,Tangerang Pasir Jaya,2026-05-30 23:00:00,65,65,35,,59,63,0,26,,,,,
Bekasi,Bekasi Kayuringin,2026-05-29 08:00:00,-,95,48,,48,13,0,2,,,,,
Jakarta,The Pakubuwono Menteng,2026-05-30 23:18:10,155,155,60,126,,,,,61,28.6,,,
Depok,Cinere - Nafas,2026-05-28 01:30:22,-,72,22,50,,,,,57,26.9,,,
Bogor,Kabupaten Bogor Leuwiliang,2026-05-30 23:00:00,74,74,38,,4,10,0,71,,,,,
Tangerang,Tangerang Pasir Jaya,2026-05-30 23:00:00,65,65,35,,59,63,0,26,,,,,
Bekasi,Bekasi Kayuringin,2026-05-29 08:00:00,-,95,48,,48,13,0,2,,,,,
Jakarta,The Pakubuwono Menteng,2026-05-30 23:18:10,155,155,60,126,,,,,61,28.6,,,
Depok,Cinere - Nafas,2026-05-28 01:30:22,-,72,22,50,,,,,57,26.9,,,
Bogor,Kabupaten Bogor Leuwiliang,2026-05-30 23:00:00,74,74,38,,4,10,0,71,,,,,
Tangerang,Tangerang Pasir Jaya,2026-05-30 23:00:00,65,65,35,,59,63,0,26,,,,,
Bekasi,Bekasi Kayuringin,2026-05-29 08:00:00,-,95,48,,48,13,0,2,,,,,
Jakarta,The Pakubuwono Menteng,2026-05-30 23:20:10,155,155,60,123,,,,,60,28.6,,,
Depok,Cinere - Nafas,2026-05-28 01:30:22,-,72,22,50,,,,,57,26.9,,,
Bogor,Kabupaten Bogor Leuwiliang,2026-05-30 23:00:00,74,74,38,,4,10,0,71,,,,,
Tangerang,Tangerang Pasir Jaya,2026-05-30 23:00:00,65,65,35,,59,63,0,26,,,,,
Bekasi,Bekasi Kayuringin,2026-05-29 08:00:00,-,95,48,,48,13,0,2,,,,,
Jakarta,The Pakubuwono Menteng,2026-05-30 23:20:10,155,155,60,123,,,,,60,28.6,,,
Depok,Cinere - Nafas,2026-05-28 01:30:22,-,72,22,50,,,,,57,26.9,,,
Bogor,Kabupaten Bogor Leuwiliang,2026-05-30 23:00:00,74,74,38,,4,10,0,71,,,,,
Tangerang,Tangerang Pasir Jaya,2026-05-30 23:00:00,65,65,35,,59,63,0,26,,,,,
Bekasi,Bekasi Kayuringin,2026-05-29 08:00:00,-,95,48,,48,13,0,2,,,,,
Jakarta,The Pakubuwono Menteng,2026-05-30 23:22:10,155,155,60,119,,,,,60,28.6,,,
Depok,Cinere - Nafas,2026-05-28 01:30:22,-,72,22,50,,,,,57,26.9,,,
Bogor,Kabupaten Bogor Leuwiliang,2026-05-30 23:00:00,74,74,38,,4,10,0,71,,,,,
Tangerang,Tangerang Pasir Jaya,2026-05-30 23:00:00,65,65,35,,59,63,0,26,,,,,
Bekasi,Bekasi Kayuringin,2026-05-29 08:00:00,-,95,48,,48,13,0,2,,,,,
Jakarta,The Pakubuwono Menteng,2026-05-30 23:24:10,154,154,60,122,,,,,60,28.6,,,
Depok,Cinere - Nafas,2026-05-28 01:30:22,-,72,22,50,,,,,57,26.9,,,
Bogor,Kabupaten Bogor Leuwiliang,2026-05-30 23:00:00,74,74,38,,4,10,0,71,,,,,
Tangerang,Tangerang Pasir Jaya,2026-05-30 23:00:00,65,65,35,,59,63,0,26,,,,,
Bekasi,Bekasi Kayuringin,2026-05-29 08:00:00,-,95,48,,48,13,0,2,,,,,
Jakarta,The Pakubuwono Menteng,2026-05-30 23:24:10,154,154,60,122,,,,,60,28.6,,,
Depok,Cinere - Nafas,2026-05-28 01:30:22,-,72,22,50,,,,,57,26.9,,,
Bogor,Kabupaten Bogor Leuwiliang,2026-05-30 23:00:00,74,74,38,,4,10,0,71,,,,,
Tangerang,Tangerang Pasir Jaya,2026-05-30 23:00:00,65,65,35,,59,63,0,26,,,,,
Bekasi,Bekasi Kayuringin,2026-05-29 08:00:00,-,95,48,,48,13,0,2,,,,,
Jakarta,The Pakubuwono Menteng,2026-05-30 23:26:10,158,158,61,132,,,,,61,28.6,,,
Depok,Cinere - Nafas,2026-05-28 01:30:22,-,72,22,50,,,,,57,26.9,,,
Bogor,Kabupaten Bogor Leuwiliang,2026-05-30 23:00:00,74,74,38,,4,10,0,71,,,,,
Tangerang,Tangerang Pasir Jaya,2026-05-30 23:00:00,65,65,35,,59,63,0,26,,,,,
Bekasi,Bekasi Kayuringin,2026-05-29 08:00:00,-,95,48,,48,13,0,2,,,,,
Jakarta,The Pakubuwono Menteng,2026-05-30 23:26:10,158,158,61,132,,,,,61,28.6,,,
Depok,Cinere - Nafas,2026-05-28 01:30:22,-,72,22,50,,,,,57,26.9,,,
Bogor,Kabupaten Bogor Leuwiliang,2026-05-30 23:00:00,74,74,38,,4,10,0,71,,,,,
Tangerang,Tangerang Pasir Jaya,2026-05-30 23:00:00,65,65,35,,59,63,0,26,,,,,
Bekasi,Bekasi Kayuringin,2026-05-29 08:00:00,-,95,48,,48,13,0,2,,,,,
Jakarta,The Pakubuwono Menteng,2026-05-30 23:28:10,159,159,61,130,,,,,61,28.6,,,
Depok,Cinere - Nafas,2026-05-28 01:30:22,-,72,22,50,,,,,57,26.9,,,
Bogor,Kabupaten Bogor Leuwiliang,2026-05-30 23:00:00,74,74,38,,4,10,0,71,,,,,
Tangerang,Tangerang Pasir Jaya,2026-05-30 23:00:00,65,65,35,,59,63,0,26,,,,,
Bekasi,Bekasi Kayuringin,2026-05-29 08:00:00,-,95,48,,48,13,0,2,,,,,
Jakarta,The Pakubuwono Menteng,2026-05-30 23:28:10,159,159,61,130,,,,,61,28.6,,,
Depok,Cinere - Nafas,2026-05-28 01:30:22,-,72,22,50,,,,,57,26.9,,,
Bogor,Kabupaten Bogor Leuwiliang,2026-05-30 23:00:00,74,74,38,,4,10,0,71,,,,,
Tangerang,Tangerang Pasir Jaya,2026-05-30 23:00:00,65,65,35,,59,63,0,26,,,,,
Bekasi,Bekasi Kayuringin,2026-05-29 08:00:00,-,95,48,,48,13,0,2,,,,,
Jakarta,The Pakubuwono Menteng,2026-05-30 23:30:10,158,158,61,130,,,,,62,28.6,,,
Depok,Cinere - Nafas,2026-05-28 01:30:22,-,72,22,50,,,,,57,26.9,,,
Bogor,Kabupaten Bogor Leuwiliang,2026-05-30 23:00:00,74,74,38,,4,10,0,71,,,,,
Tangerang,Tangerang Pasir Jaya,2026-05-30 23:00:00,65,65,35,,59,63,0,26,,,,,
Bekasi,Bekasi Kayuringin,2026-05-29 08:00:00,-,95,48,,48,13,0,2,,,,,
Jakarta,The Pakubuwono Menteng,2026-05-30 23:30:10,158,158,61,130,,,,,62,28.6,,,
Depok,Cinere - Nafas,2026-05-28 01:30:22,-,72,22,50,,,,,57,26.9,,,
Bogor,Kabupaten Bogor Leuwiliang,2026-05-30 23:00:00,74,74,38,,4,10,0,71,,,,,
Tangerang,Tangerang Pasir Jaya,2026-05-30 23:00:00,65,65,35,,59,63,0,26,,,,,
Bekasi,Bekasi Kayuringin,2026-05-29 08:00:00,-,95,48,,48,13,0,2,,,,,
Jakarta,The Pakubuwono Menteng,2026-05-30 23:32:11,159,159,61,128,,,,,62,28.6,,,
Depok,Cinere - Nafas,2026-05-28 01:30:22,-,72,22,50,,,,,57,26.9,,,
Bogor,Kabupaten Bogor Leuwiliang,2026-05-30 23:00:00,74,74,38,,4,10,0,71,,,,,
Tangerang,Tangerang Pasir Jaya,2026-05-30 23:00:00,65,65,35,,59,63,0,26,,,,,
Bekasi,Bekasi Kayuringin,2026-05-29 08:00:00,-,95,48,,48,13,0,2,,,,,
Jakarta,The Pakubuwono Menteng,2026-05-30 23:34:10,157,157,61,129,,,,,62,28.5,,,
Depok,Cinere - Nafas,2026-05-28 01:30:22,-,72,22,50,,,,,57,26.9,,,
Bogor,Kabupaten Bogor Leuwiliang,2026-05-30 23:00:00,74,74,38,,4,10,0,71,,,,,
Tangerang,Tangerang Pasir Jaya,2026-05-30 23:00:00,65,65,35,,59,63,0,26,,,,,
Bekasi,Bekasi Kayuringin,2026-05-29 08:00:00,-,95,48,,48,13,0,2,,,,,
Jakarta,The Pakubuwono Menteng,2026-05-30 23:36:11,157,157,60,125,,,,,62,28.5,,,
Depok,Cinere - Nafas,2026-05-28 01:30:22,-,72,22,50,,,,,57,26.9,,,
Bogor,Kabupaten Bogor Leuwiliang,2026-05-30 23:00:00,74,74,38,,4,10,0,71,,,,,
Tangerang,Tangerang Pasir Jaya,2026-05-30 23:00:00,65,65,35,,59,63,0,26,,,,,
Bekasi,Bekasi Kayuringin,2026-05-29 08:00:00,-,95,48,,48,13,0,2,,,,,
Jakarta,The Pakubuwono Menteng,2026-05-30 23:36:11,157,157,60,125,,,,,62,28.5,,,
Depok,Cinere - Nafas,2026-05-28 01:30:22,-,72,22,50,,,,,57,26.9,,,
Bogor,Kabupaten Bogor Leuwiliang,2026-05-30 23:00:00,74,74,38,,4,10,0,71,,,,,
Tangerang,Tangerang Pasir Jaya,2026-05-30 23:00:00,65,65,35,,59,63,0,26,,,,,
Bekasi,Bekasi Kayuringin,2026-05-29 08:00:00,-,95,48,,48,13,0,2,,,,,
Jakarta,The Pakubuwono Menteng,2026-05-30 23:38:13,158,158,61,125,,,,,62,28.5,,,
Depok,Cinere - Nafas,2026-05-28 01:30:22,-,72,22,50,,,,,57,26.9,,,
Bogor,Kabupaten Bogor Leuwiliang,2026-05-30 23:00:00,74,74,38,,4,10,0,71,,,,,
Tangerang,Tangerang Pasir Jaya,2026-05-30 23:00:00,65,65,35,,59,63,0,26,,,,,
Bekasi,Bekasi Kayuringin,2026-05-29 08:00:00,-,95,48,,48,13,0,2,,,,,
Jakarta,The Pakubuwono Menteng,2026-05-30 23:38:13,158,158,61,125,,,,,62,28.5,,,
Depok,Cinere - Nafas,2026-05-28 01:30:22,-,72,22,50,,,,,57,26.9,,,
Bogor,Kabupaten Bogor Leuwiliang,2026-05-30 23:00:00,74,74,38,,4,10,0,71,,,,,
Tangerang,Tangerang Pasir Jaya,2026-05-30 23:00:00,65,65,35,,59,63,0,26,,,,,
Bekasi,Bekasi Kayuringin,2026-05-29 08:00:00,-,95,48,,48,13,0,2,,,,,
Jakarta,The Pakubuwono Menteng,2026-05-30 23:40:11,159,159,62,134,,,,,63,28.5,,,
Depok,Cinere - Nafas,2026-05-28 01:30:22,-,72,22,50,,,,,57,26.9,,,
Bogor,Kabupaten Bogor Leuwiliang,2026-05-30 23:00:00,74,74,38,,4,10,0,71,,,,,
Tangerang,Tangerang Pasir Jaya,2026-05-30 23:00:00,65,65,35,,59,63,0,26,,,,,
Bekasi,Bekasi Kayuringin,2026-05-29 08:00:00,-,95,48,,48,13,0,2,,,,,
Jakarta,The Pakubuwono Menteng,2026-05-30 23:40:11,159,159,62,134,,,,,63,28.5,,,
Depok,Cinere - Nafas,2026-05-28 01:30:22,-,72,22,50,,,,,57,26.9,,,
Bogor,Kabupaten Bogor Leuwiliang,2026-05-30 23:00:00,74,74,38,,4,10,0,71,,,,,
Tangerang,Tangerang Pasir Jaya,2026-05-30 23:00:00,65,65,35,,59,63,0,26,,,,,
Bekasi,Bekasi Kayuringin,2026-05-29 08:00:00,-,95,48,,48,13,0,2,,,,,
Jakarta,The Pakubuwono Menteng,2026-05-30 23:42:11,157,157,61,125,,,,,63,28.5,,,
Depok,Cinere - Nafas,2026-05-28 01:30:22,-,72,22,50,,,,,57,26.9,,,
Bogor,Kabupaten Bogor Leuwiliang,2026-05-30 23:00:00,74,74,38,,4,10,0,71,,,,,
Tangerang,Tangerang Pasir Jaya,2026-05-30 23:00:00,65,65,35,,59,63,0,26,,,,,
Bekasi,Bekasi Kayuringin,2026-05-29 08:00:00,-,95,48,,48,13,0,2,,,,,
Jakarta,The Pakubuwono Menteng,2026-05-30 23:44:11,162,162,63,141,,,,,63,28.5,,,
Depok,Cinere - Nafas,2026-05-28 01:30:22,-,72,22,50,,,,,57,26.9,,,
Bogor,Kabupaten Bogor Leuwiliang,2026-05-30 23:00:00,74,74,38,,4,10,0,71,,,,,
Tangerang,Tangerang Pasir Jaya,2026-05-30 23:00:00,65,65,35,,59,63,0,26,,,,,
Bekasi,Bekasi Kayuringin,2026-05-29 08:00:00,-,95,48,,48,13,0,2,,,,,
Jakarta,The Pakubuwono Menteng,2026-05-30 23:44:11,162,162,63,141,,,,,63,28.5,,,
Depok,Cinere - Nafas,2026-05-28 01:30:22,-,72,22,50,,,,,57,26.9,,,
Bogor,Kabupaten Bogor Leuwiliang,2026-05-30 23:00:00,74,74,38,,4,10,0,71,,,,,
Tangerang,Tangerang Pasir Jaya,2026-05-30 23:00:00,65,65,35,,59,63,0,26,,,,,
Bekasi,Bekasi Kayuringin,2026-05-29 08:00:00,-,95,48,,48,13,0,2,,,,,
Jakarta,The Pakubuwono Menteng,2026-05-30 23:46:11,160,160,62,140,,,,,62,28.5,,,
Depok,Cinere - Nafas,2026-05-28 01:30:22,-,72,22,50,,,,,57,26.9,,,
Bogor,Kabupaten Bogor Leuwiliang,2026-05-30 23:00:00,74,74,38,,4,10,0,71,,,,,
Tangerang,Tangerang Pasir Jaya,2026-05-30 23:00:00,65,65,35,,59,63,0,26,,,,,
Bekasi,Bekasi Kayuringin,2026-05-29 08:00:00,-,95,48,,48,13,0,2,,,,,
Jakarta,The Pakubuwono Menteng,2026-05-30 23:46:11,160,160,62,140,,,,,62,28.5,,,
Depok,Cinere - Nafas,2026-05-28 01:30:22,-,72,22,50,,,,,57,26.9,,,
Bogor,Kabupaten Bogor Leuwiliang,2026-05-30 23:00:00,74,74,38,,4,10,0,71,,,,,
Tangerang,Tangerang Pasir Jaya,2026-05-30 23:00:00,65,65,35,,59,63,0,26,,,,,
Bekasi,Bekasi Kayuringin,2026-05-29 08:00:00,-,95,48,,48,13,0,2,,,,,
Jakarta,The Pakubuwono Menteng,2026-05-30 23:49:11,161,161,62,135,,,,,62,28.5,,,
Depok,Cinere - Nafas,2026-05-28 01:30:22,-,72,22,50,,,,,57,26.9,,,
Bogor,Kabupaten Bogor Leuwiliang,2026-05-30 23:00:00,74,74,38,,4,10,0,71,,,,,
Tangerang,Tangerang Pasir Jaya,2026-05-30 23:00:00,65,65,35,,59,63,0,26,,,,,
Bekasi,Bekasi Kayuringin,2026-05-29 08:00:00,-,95,48,,48,13,0,2,,,,,
Jakarta,The Pakubuwono Menteng,2026-05-30 23:49:11,161,161,62,135,,,,,62,28.5,,,
Depok,Cinere - Nafas,2026-05-28 01:30:22,-,72,22,50,,,,,57,26.9,,,
Bogor,Kabupaten Bogor Leuwiliang,2026-05-30 23:00:00,74,74,38,,4,10,0,71,,,,,
Tangerang,Tangerang Pasir Jaya,2026-05-30 23:00:00,65,65,35,,59,63,0,26,,,,,
Bekasi,Bekasi Kayuringin,2026-05-29 08:00:00,-,95,48,,48,13,0,2,,,,,
Jakarta,The Pakubuwono Menteng,2026-05-30 23:51:11,165,165,67,150,,,,,62,28.5,,,
Depok,Cinere - Nafas,2026-05-28 01:30:22,-,72,22,50,,,,,57,26.9,,,
Bogor,Kabupaten Bogor Leuwiliang,2026-05-30 23:00:00,74,74,38,,4,10,0,71,,,,,
Tangerang,Tangerang Pasir Jaya,2026-05-30 23:00:00,65,65,35,,59,63,0,26,,,,,
Bekasi,Bekasi Kayuringin,2026-05-29 08:00:00,-,95,48,,48,13,0,2,,,,,
Jakarta,The Pakubuwono Menteng,2026-05-30 23:51:11,165,165,67,150,,,,,62,28.5,,,
Depok,Cinere - Nafas,2026-05-28 01:30:22,-,72,22,50,,,,,57,26.9,,,
Bogor,Kabupaten Bogor Leuwiliang,2026-05-30 23:00:00,74,74,38,,4,10,0,71,,,,,
Tangerang,Tangerang Pasir Jaya,2026-05-30 23:00:00,65,65,35,,59,63,0,26,,,,,
Bekasi,Bekasi Kayuringin,2026-05-29 08:00:00,-,95,48,,48,13,0,2,,,,,
Jakarta,The Pakubuwono Menteng,2026-05-30 23:53:11,158,158,61,131,,,,,62,28.5,,,
Depok,Cinere - Nafas,2026-05-28 01:30:22,-,72,22,50,,,,,57,26.9,,,
Bogor,Kabupaten Bogor Leuwiliang,2026-05-30 23:00:00,74,74,38,,4,10,0,71,,,,,
Tangerang,Tangerang Pasir Jaya,2026-05-30 23:00:00,65,65,35,,59,63,0,26,,,,,
Bekasi,Bekasi Kayuringin,2026-05-29 08:00:00,-,95,48,,48,13,0,2,,,,,
Jakarta,The Pakubuwono Menteng,2026-05-30 23:55:11,158,158,61,125,,,,,62,28.5,,,
Depok,Cinere - Nafas,2026-05-28 01:30:22,-,72,22,50,,,,,57,26.9,,,
Bogor,Kabupaten Bogor Leuwiliang,2026-05-30 23:00:00,74,74,38,,4,10,0,71,,,,,
Tangerang,Tangerang Pasir Jaya,2026-05-30 23:00:00,65,65,35,,59,63,0,26,,,,,
Bekasi,Bekasi Kayuringin,2026-05-29 08:00:00,-,95,48,,48,13,0,2,,,,,
Jakarta,The Pakubuwono Menteng,2026-05-30 23:55:11,158,158,61,125,,,,,62,28.5,,,
Depok,Cinere - Nafas,2026-05-28 01:30:22,-,72,22,50,,,,,57,26.9,,,
Bogor,Kabupaten Bogor Leuwiliang,2026-05-30 23:00:00,74,74,38,,4,10,0,71,,,,,
Tangerang,Tangerang Pasir Jaya,2026-05-30 23:00:00,65,65,35,,59,63,0,26,,,,,
Bekasi,Bekasi Kayuringin,2026-05-29 08:00:00,-,95,48,,48,13,0,2,,,,,
