city,station_name,time,aqi,pm25,pm10,pm1,no2,so2,co,o3,humidity,temperature,pressure,wind,rain
Jakarta,The Pakubuwono Menteng,2026-04-29 23:57:44,81,81,25,66,,,,,54,31.1,,,
Depok,Cinere - Nafas,2026-04-29 23:57:54,172,172,75,152,,,,,63,27.8,,,
Bogor,Kabupaten Bogor Leuwiliang,2026-04-29 23:00:00,80,80,43,,4,9,0,80,,,,,
Tangerang,Tangerang Pasir Jaya,2026-04-29 23:00:00,132,132,57,,58,63,0,65,,,,,
Bekasi,Bekasi Kayuringin,2026-04-29 23:00:00,90,90,42,,42,15,0,7,,,,,
Jakarta,The Pakubuwono Menteng,2026-04-29 23:58:44,89,89,32,71,,,,,54,31.1,,,
Depok,Cinere - Nafas,2026-04-29 23:57:54,172,172,75,152,,,,,63,27.8,,,
Bogor,Kabupaten Bogor Leuwiliang,2026-04-29 23:00:00,80,80,43,,4,9,0,80,,,,,
Tangerang,Tangerang Pasir Jaya,2026-04-29 23:00:00,132,132,57,,58,63,0,65,,,,,
Bekasi,Bekasi Kayuringin,2026-04-29 23:00:00,90,90,42,,42,15,0,7,,,,,
Jakarta,The Pakubuwono Menteng,2026-04-30 00:00:44,81,81,26,67,,,,,54,31.1,,,
Depok,Cinere - Nafas,2026-04-29 23:59:57,171,171,74,153,,,,,63,27.8,,,
Bogor,Kabupaten Bogor Leuwiliang,2026-04-29 23:00:00,80,80,43,,4,9,0,80,,,,,
Tangerang,Tangerang Pasir Jaya,2026-04-29 23:00:00,132,132,57,,58,63,0,65,,,,,
Bekasi,Bekasi Kayuringin,2026-04-29 23:00:00,90,90,42,,42,15,0,7,,,,,
Jakarta,The Pakubuwono Menteng,2026-04-30 00:01:44,86,86,28,64,,,,,54,31.1,,,
Depok,Cinere - Nafas,2026-04-30 00:01:57,173,173,76,153,,,,,63,27.8,,,
Bogor,Kabupaten Bogor Leuwiliang,2026-04-29 23:00:00,80,80,43,,4,9,0,80,,,,,
Tangerang,Tangerang Pasir Jaya,2026-04-29 23:00:00,132,132,57,,58,63,0,65,,,,,
Bekasi,Bekasi Kayuringin,2026-04-29 23:00:00,90,90,42,,42,15,0,7,,,,,
Jakarta,The Pakubuwono Menteng,2026-04-30 00:03:44,90,90,30,69,,,,,55,31.1,,,
Depok,Cinere - Nafas,2026-04-30 00:03:57,173,173,77,154,,,,,63,27.8,,,
Bogor,Kabupaten Bogor Leuwiliang,2026-04-29 23:00:00,80,80,43,,4,9,0,80,,,,,
Tangerang,Tangerang Pasir Jaya,2026-04-29 23:00:00,132,132,57,,58,63,0,65,,,,,
Bekasi,Bekasi Kayuringin,2026-04-29 23:00:00,90,90,42,,42,15,0,7,,,,,
Jakarta,The Pakubuwono Menteng,2026-04-30 00:04:44,88,88,30,69,,,,,55,31.1,,,
Depok,Cinere - Nafas,2026-04-30 00:04:57,173,173,76,154,,,,,63,27.8,,,
Bogor,Kabupaten Bogor Leuwiliang,2026-04-29 23:00:00,80,80,43,,4,9,0,80,,,,,
Tangerang,Tangerang Pasir Jaya,2026-04-29 23:00:00,132,132,57,,58,63,0,65,,,,,
Bekasi,Bekasi Kayuringin,2026-04-29 23:00:00,90,90,42,,42,15,0,7,,,,,
Jakarta,The Pakubuwono Menteng,2026-04-30 00:05:44,88,88,29,70,,,,,54,31.1,,,
Depok,Cinere - Nafas,2026-04-30 00:05:57,174,174,78,155,,,,,63,27.8,,,
Bogor,Kabupaten Bogor Leuwiliang,2026-04-29 23:00:00,80,80,43,,4,9,0,80,,,,,
Tangerang,Tangerang Pasir Jaya,2026-04-29 23:00:00,132,132,57,,58,63,0,65,,,,,
Bekasi,Bekasi Kayuringin,2026-04-29 23:00:00,90,90,42,,42,15,0,7,,,,,
Jakarta,The Pakubuwono Menteng,2026-04-30 00:06:44,91,91,31,70,,,,,55,31.1,,,
Depok,Cinere - Nafas,2026-04-30 00:06:57,174,174,79,154,,,,,63,27.8,,,
Bogor,Kabupaten Bogor Leuwiliang,2026-04-29 23:00:00,80,80,43,,4,9,0,80,,,,,
Tangerang,Tangerang Pasir Jaya,2026-04-29 23:00:00,132,132,57,,58,63,0,65,,,,,
Bekasi,Bekasi Kayuringin,2026-04-29 23:00:00,90,90,42,,42,15,0,7,,,,,
Jakarta,The Pakubuwono Menteng,2026-04-30 00:07:44,83,83,27,66,,,,,54,31.1,,,
Depok,Cinere - Nafas,2026-04-30 00:07:57,173,173,76,155,,,,,63,27.7,,,
Bogor,Kabupaten Bogor Leuwiliang,2026-04-29 23:00:00,80,80,43,,4,9,0,80,,,,,
Tangerang,Tangerang Pasir Jaya,2026-04-29 23:00:00,132,132,57,,58,63,0,65,,,,,
Bekasi,Bekasi Kayuringin,2026-04-29 23:00:00,90,90,42,,42,15,0,7,,,,,
Jakarta,The Pakubuwono Menteng,2026-04-30 00:08:44,81,81,25,66,,,,,54,31.1,,,
Depok,Cinere - Nafas,2026-04-30 00:08:57,173,173,76,154,,,,,63,27.7,,,
Bogor,Kabupaten Bogor Leuwiliang,2026-04-29 23:00:00,80,80,43,,4,9,0,80,,,,,
Tangerang,Tangerang Pasir Jaya,2026-04-29 23:00:00,132,132,57,,58,63,0,65,,,,,
Bekasi,Bekasi Kayuringin,2026-04-29 23:00:00,90,90,42,,42,15,0,7,,,,,
Jakarta,The Pakubuwono Menteng,2026-04-30 00:09:44,84,84,27,68,,,,,54,31.1,,,
Depok,Cinere - Nafas,2026-04-30 00:09:57,173,173,75,154,,,,,63,27.7,,,
Bogor,Kabupaten Bogor Leuwiliang,2026-04-30 00:00:00,81,81,44,,4,9,0,80,,,,,
Tangerang,Tangerang Pasir Jaya,2026-04-30 00:00:00,141,141,58,,58,63,0,65,,,,,
Bekasi,Bekasi Kayuringin,2026-04-30 00:00:00,83,83,40,,42,15,0,7,,,,,
Jakarta,The Pakubuwono Menteng,2026-04-30 00:10:44,86,86,27,68,,,,,54,31.1,,,
Depok,Cinere - Nafas,2026-04-30 00:09:57,173,173,75,154,,,,,63,27.7,,,
Bogor,Kabupaten Bogor Leuwiliang,2026-04-30 00:00:00,81,81,44,,4,9,0,80,,,,,
Tangerang,Tangerang Pasir Jaya,2026-04-30 00:00:00,141,141,58,,58,63,0,65,,,,,
Bekasi,Bekasi Kayuringin,2026-04-30 00:00:00,83,83,40,,42,15,0,7,,,,,
Jakarta,The Pakubuwono Menteng,2026-04-30 00:12:44,91,91,32,72,,,,,54,31.1,,,
Depok,Cinere - Nafas,2026-04-30 00:12:17,173,173,77,155,,,,,63,27.7,,,
Bogor,Kabupaten Bogor Leuwiliang,2026-04-30 00:00:00,81,81,44,,4,9,0,80,,,,,
Tangerang,Tangerang Pasir Jaya,2026-04-30 00:00:00,141,141,58,,58,63,0,65,,,,,
Bekasi,Bekasi Kayuringin,2026-04-30 00:00:00,83,83,40,,42,15,0,7,,,,,
Jakarta,The Pakubuwono Menteng,2026-04-30 00:14:44,82,82,25,67,,,,,54,31.1,,,
Depok,Cinere - Nafas,2026-04-30 00:14:17,174,174,78,155,,,,,64,27.7,,,
Bogor,Kabupaten Bogor Leuwiliang,2026-04-30 00:00:00,81,81,44,,4,9,0,80,,,,,
Tangerang,Tangerang Pasir Jaya,2026-04-30 00:00:00,141,141,58,,58,63,0,65,,,,,
Bekasi,Bekasi Kayuringin,2026-04-30 00:00:00,83,83,40,,42,15,0,7,,,,,
Jakarta,The Pakubuwono Menteng,2026-04-30 00:15:44,81,81,25,67,,,,,54,31.1,,,
Depok,Cinere - Nafas,2026-04-30 00:15:17,172,172,76,154,,,,,64,27.7,,,
Bogor,Kabupaten Bogor Leuwiliang,2026-04-30 00:00:00,81,81,44,,4,9,0,80,,,,,
Tangerang,Tangerang Pasir Jaya,2026-04-30 00:00:00,141,141,58,,58,63,0,65,,,,,
Bekasi,Bekasi Kayuringin,2026-04-30 00:00:00,83,83,40,,42,15,0,7,,,,,
Jakarta,The Pakubuwono Menteng,2026-04-30 00:16:44,87,87,28,67,,,,,55,31.1,,,
Depok,Cinere - Nafas,2026-04-30 00:15:17,172,172,76,154,,,,,64,27.7,,,
Bogor,Kabupaten Bogor Leuwiliang,2026-04-30 00:00:00,81,81,44,,4,9,0,80,,,,,
Tangerang,Tangerang Pasir Jaya,2026-04-30 00:00:00,141,141,58,,58,63,0,65,,,,,
Bekasi,Bekasi Kayuringin,2026-04-30 00:00:00,83,83,40,,42,15,0,7,,,,,
Jakarta,The Pakubuwono Menteng,2026-04-30 00:17:44,86,86,27,65,,,,,55,31.1,,,
Depok,Cinere - Nafas,2026-04-30 00:17:35,173,173,78,153,,,,,64,27.6,,,
Bogor,Kabupaten Bogor Leuwiliang,2026-04-30 00:00:00,81,81,44,,4,9,0,80,,,,,
Tangerang,Tangerang Pasir Jaya,2026-04-30 00:00:00,141,141,58,,58,63,0,65,,,,,
Bekasi,Bekasi Kayuringin,2026-04-30 00:00:00,83,83,40,,42,15,0,7,,,,,
Jakarta,The Pakubuwono Menteng,2026-04-30 00:17:44,86,86,27,65,,,,,55,31.1,,,
Depok,Cinere - Nafas,2026-04-30 00:17:35,173,173,78,153,,,,,64,27.6,,,
Bogor,Kabupaten Bogor Leuwiliang,2026-04-30 00:00:00,81,81,44,,4,9,0,80,,,,,
Tangerang,Tangerang Pasir Jaya,2026-04-30 00:00:00,141,141,58,,58,63,0,65,,,,,
Bekasi,Bekasi Kayuringin,2026-04-30 00:00:00,83,83,40,,42,15,0,7,,,,,
Jakarta,The Pakubuwono Menteng,2026-04-30 00:18:44,82,82,25,65,,,,,55,31,,,
Depok,Cinere - Nafas,2026-04-30 00:18:35,171,171,74,154,,,,,64,27.6,,,
Bogor,Kabupaten Bogor Leuwiliang,2026-04-30 00:00:00,81,81,44,,4,9,0,80,,,,,
Tangerang,Tangerang Pasir Jaya,2026-04-30 00:00:00,141,141,58,,58,63,0,65,,,,,
Bekasi,Bekasi Kayuringin,2026-04-30 00:00:00,83,83,40,,42,15,0,7,,,,,
Jakarta,The Pakubuwono Menteng,2026-04-30 00:20:44,79,79,23,64,,,,,55,31,,,
Depok,Cinere - Nafas,2026-04-30 00:20:35,172,172,77,154,,,,,64,27.6,,,
Bogor,Kabupaten Bogor Leuwiliang,2026-04-30 00:00:00,81,81,44,,4,9,0,80,,,,,
Tangerang,Tangerang Pasir Jaya,2026-04-30 00:00:00,141,141,58,,58,63,0,65,,,,,
Bekasi,Bekasi Kayuringin,2026-04-30 00:00:00,83,83,40,,42,15,0,7,,,,,
Jakarta,The Pakubuwono Menteng,2026-04-30 00:22:44,85,85,26,70,,,,,55,31,,,
Depok,Cinere - Nafas,2026-04-30 00:21:36,172,172,75,153,,,,,64,27.6,,,
Bogor,Kabupaten Bogor Leuwiliang,2026-04-30 00:00:00,81,81,44,,4,9,0,80,,,,,
Tangerang,Tangerang Pasir Jaya,2026-04-30 00:00:00,141,141,58,,58,63,0,65,,,,,
Bekasi,Bekasi Kayuringin,2026-04-30 00:00:00,83,83,40,,42,15,0,7,,,,,
Jakarta,The Pakubuwono Menteng,2026-04-30 00:23:45,76,76,23,63,,,,,55,31.1,,,
Depok,Cinere - Nafas,2026-04-30 00:24:01,171,171,73,153,,,,,64,27.6,,,
Bogor,Kabupaten Bogor Leuwiliang,2026-04-30 00:00:00,81,81,44,,4,9,0,80,,,,,
Tangerang,Tangerang Pasir Jaya,2026-04-30 00:00:00,141,141,58,,58,63,0,65,,,,,
Bekasi,Bekasi Kayuringin,2026-04-30 00:00:00,83,83,40,,42,15,0,7,,,,,
Jakarta,The Pakubuwono Menteng,2026-04-30 00:24:44,76,76,23,63,,,,,55,31.1,,,
Depok,Cinere - Nafas,2026-04-30 00:25:01,170,170,72,152,,,,,64,27.6,,,
Bogor,Kabupaten Bogor Leuwiliang,2026-04-30 00:00:00,81,81,44,,4,9,0,80,,,,,
Tangerang,Tangerang Pasir Jaya,2026-04-30 00:00:00,141,141,58,,58,63,0,65,,,,,
Bekasi,Bekasi Kayuringin,2026-04-30 00:00:00,83,83,40,,42,15,0,7,,,,,
Jakarta,The Pakubuwono Menteng,2026-04-30 00:25:44,78,78,23,63,,,,,55,31,,,
Depok,Cinere - Nafas,2026-04-30 00:26:01,170,170,73,153,,,,,64,27.6,,,
Bogor,Kabupaten Bogor Leuwiliang,2026-04-30 00:00:00,81,81,44,,4,9,0,80,,,,,
Tangerang,Tangerang Pasir Jaya,2026-04-30 00:00:00,141,141,58,,58,63,0,65,,,,,
Bekasi,Bekasi Kayuringin,2026-04-30 00:00:00,83,83,40,,42,15,0,7,,,,,
Jakarta,The Pakubuwono Menteng,2026-04-30 00:26:44,81,81,25,62,,,,,55,31,,,
Depok,Cinere - Nafas,2026-04-30 00:27:01,171,171,74,153,,,,,64,27.6,,,
Bogor,Kabupaten Bogor Leuwiliang,2026-04-30 00:00:00,81,81,44,,4,9,0,80,,,,,
Tangerang,Tangerang Pasir Jaya,2026-04-30 00:00:00,141,141,58,,58,63,0,65,,,,,
Bekasi,Bekasi Kayuringin,2026-04-30 00:00:00,83,83,40,,42,15,0,7,,,,,
Jakarta,The Pakubuwono Menteng,2026-04-30 00:28:44,78,78,23,59,,,,,55,31,,,
Depok,Cinere - Nafas,2026-04-30 00:28:01,170,170,72,152,,,,,64,27.6,,,
Bogor,Kabupaten Bogor Leuwiliang,2026-04-30 00:00:00,81,81,44,,4,9,0,80,,,,,
Tangerang,Tangerang Pasir Jaya,2026-04-30 00:00:00,141,141,58,,58,63,0,65,,,,,
Bekasi,Bekasi Kayuringin,2026-04-30 00:00:00,83,83,40,,42,15,0,7,,,,,
Jakarta,The Pakubuwono Menteng,2026-04-30 00:29:44,73,73,21,59,,,,,55,31,,,
Depok,Cinere - Nafas,2026-04-30 00:28:01,170,170,72,152,,,,,64,27.6,,,
Bogor,Kabupaten Bogor Leuwiliang,2026-04-30 00:00:00,81,81,44,,4,9,0,80,,,,,
Tangerang,Tangerang Pasir Jaya,2026-04-30 00:00:00,141,141,58,,58,63,0,65,,,,,
Bekasi,Bekasi Kayuringin,2026-04-30 00:00:00,83,83,40,,42,15,0,7,,,,,
Jakarta,The Pakubuwono Menteng,2026-04-30 00:30:44,82,82,27,66,,,,,55,31,,,
Depok,Cinere - Nafas,2026-04-30 00:30:18,169,169,72,152,,,,,64,27.6,,,
Bogor,Kabupaten Bogor Leuwiliang,2026-04-30 00:00:00,81,81,44,,4,9,0,80,,,,,
Tangerang,Tangerang Pasir Jaya,2026-04-30 00:00:00,141,141,58,,58,63,0,65,,,,,
Bekasi,Bekasi Kayuringin,2026-04-30 00:00:00,83,83,40,,42,15,0,7,,,,,
Jakarta,The Pakubuwono Menteng,2026-04-30 00:31:44,73,73,22,61,,,,,55,31,,,
Depok,Cinere - Nafas,2026-04-30 00:31:52,170,170,75,151,,,,,0,0,,,
Bogor,Kabupaten Bogor Leuwiliang,2026-04-30 00:00:00,81,81,44,,4,9,0,80,,,,,
Tangerang,Tangerang Pasir Jaya,2026-04-30 00:00:00,141,141,58,,58,63,0,65,,,,,
Bekasi,Bekasi Kayuringin,2026-04-30 00:00:00,83,83,40,,42,15,0,7,,,,,
Jakarta,The Pakubuwono Menteng,2026-04-30 00:32:44,74,74,23,61,,,,,55,31,,,
Depok,Cinere - Nafas,2026-04-30 00:32:54,170,170,74,152,,,,,0,0,,,
Bogor,Kabupaten Bogor Leuwiliang,2026-04-30 00:00:00,81,81,44,,4,9,0,80,,,,,
Tangerang,Tangerang Pasir Jaya,2026-04-30 00:00:00,141,141,58,,58,63,0,65,,,,,
Bekasi,Bekasi Kayuringin,2026-04-30 00:00:00,83,83,40,,42,15,0,7,,,,,
Jakarta,The Pakubuwono Menteng,2026-04-30 00:34:44,84,84,27,69,,,,,55,31,,,
Depok,Cinere - Nafas,2026-04-30 00:33:53,169,169,73,152,,,,,0,0,,,
Bogor,Kabupaten Bogor Leuwiliang,2026-04-30 00:00:00,81,81,44,,4,9,0,80,,,,,
Tangerang,Tangerang Pasir Jaya,2026-04-30 00:00:00,141,141,58,,58,63,0,65,,,,,
Bekasi,Bekasi Kayuringin,2026-04-30 00:00:00,83,83,40,,42,15,0,7,,,,,
Jakarta,The Pakubuwono Menteng,2026-04-30 00:35:45,79,79,23,65,,,,,55,31,,,
Depok,Cinere - Nafas,2026-04-30 00:33:53,169,169,73,152,,,,,0,0,,,
Bogor,Kabupaten Bogor Leuwiliang,2026-04-30 00:00:00,81,81,44,,4,9,0,80,,,,,
Tangerang,Tangerang Pasir Jaya,2026-04-30 00:00:00,141,141,58,,58,63,0,65,,,,,
Bekasi,Bekasi Kayuringin,2026-04-30 00:00:00,83,83,40,,42,15,0,7,,,,,
Jakarta,The Pakubuwono Menteng,2026-04-30 00:36:44,80,80,26,67,,,,,55,31,,,
Depok,Cinere - Nafas,2026-04-30 00:36:03,172,172,75,154,,,,,0,0,,,
Bogor,Kabupaten Bogor Leuwiliang,2026-04-30 00:00:00,81,81,44,,4,9,0,80,,,,,
Tangerang,Tangerang Pasir Jaya,2026-04-30 00:00:00,141,141,58,,58,63,0,65,,,,,
Bekasi,Bekasi Kayuringin,2026-04-30 00:00:00,83,83,40,,42,15,0,7,,,,,
Jakarta,The Pakubuwono Menteng,2026-04-30 00:37:44,81,81,26,60,,,,,55,31,,,
Depok,Cinere - Nafas,2026-04-30 00:37:03,169,169,72,152,,,,,0,0,,,
Bogor,Kabupaten Bogor Leuwiliang,2026-04-30 00:00:00,81,81,44,,4,9,0,80,,,,,
Tangerang,Tangerang Pasir Jaya,2026-04-30 00:00:00,141,141,58,,58,63,0,65,,,,,
Bekasi,Bekasi Kayuringin,2026-04-30 00:00:00,83,83,40,,42,15,0,7,,,,,
Jakarta,The Pakubuwono Menteng,2026-04-30 00:38:45,77,77,24,60,,,,,55,31,,,
Depok,Cinere - Nafas,2026-04-30 00:39:03,171,171,73,152,,,,,0,0,,,
Bogor,Kabupaten Bogor Leuwiliang,2026-04-30 00:00:00,81,81,44,,4,9,0,80,,,,,
Tangerang,Tangerang Pasir Jaya,2026-04-30 00:00:00,141,141,58,,58,63,0,65,,,,,
Bekasi,Bekasi Kayuringin,2026-04-30 00:00:00,83,83,40,,42,15,0,7,,,,,
Jakarta,The Pakubuwono Menteng,2026-04-30 00:40:45,72,72,20,62,,,,,55,31,,,
Depok,Cinere - Nafas,2026-04-30 00:40:03,169,169,72,152,,,,,0,0,,,
Bogor,Kabupaten Bogor Leuwiliang,2026-04-30 00:00:00,81,81,44,,4,9,0,80,,,,,
Tangerang,Tangerang Pasir Jaya,2026-04-30 00:00:00,141,141,58,,58,63,0,65,,,,,
Bekasi,Bekasi Kayuringin,2026-04-30 00:00:00,83,83,40,,42,15,0,7,,,,,
Jakarta,The Pakubuwono Menteng,2026-04-30 00:41:44,77,77,24,62,,,,,55,31,,,
Depok,Cinere - Nafas,2026-04-30 00:41:03,168,168,71,153,,,,,0,0,,,
Bogor,Kabupaten Bogor Leuwiliang,2026-04-30 00:00:00,81,81,44,,4,9,0,80,,,,,
Tangerang,Tangerang Pasir Jaya,2026-04-30 00:00:00,141,141,58,,58,63,0,65,,,,,
Bekasi,Bekasi Kayuringin,2026-04-30 00:00:00,83,83,40,,42,15,0,7,,,,,
Jakarta,The Pakubuwono Menteng,2026-04-30 00:42:44,71,71,20,56,,,,,55,31,,,
Depok,Cinere - Nafas,2026-04-30 00:42:03,171,171,75,153,,,,,0,0,,,
Bogor,Kabupaten Bogor Leuwiliang,2026-04-30 00:00:00,81,81,44,,4,9,0,80,,,,,
Tangerang,Tangerang Pasir Jaya,2026-04-30 00:00:00,141,141,58,,58,63,0,65,,,,,
Bekasi,Bekasi Kayuringin,2026-04-30 00:00:00,83,83,40,,42,15,0,7,,,,,
Jakarta,The Pakubuwono Menteng,2026-04-30 00:43:44,72,72,21,50,,,,,55,31,,,
Depok,Cinere - Nafas,2026-04-30 00:43:03,172,172,75,154,,,,,0,0,,,
Bogor,Kabupaten Bogor Leuwiliang,2026-04-30 00:00:00,81,81,44,,4,9,0,80,,,,,
Tangerang,Tangerang Pasir Jaya,2026-04-30 00:00:00,141,141,58,,58,63,0,65,,,,,
Bekasi,Bekasi Kayuringin,2026-04-30 00:00:00,83,83,40,,42,15,0,7,,,,,
Jakarta,The Pakubuwono Menteng,2026-04-30 00:44:45,70,70,21,48,,,,,55,31,,,
Depok,Cinere - Nafas,2026-04-30 00:44:03,170,170,74,152,,,,,0,0,,,
Bogor,Kabupaten Bogor Leuwiliang,2026-04-30 00:00:00,81,81,44,,4,9,0,80,,,,,
Tangerang,Tangerang Pasir Jaya,2026-04-30 00:00:00,141,141,58,,58,63,0,65,,,,,
Bekasi,Bekasi Kayuringin,2026-04-30 00:00:00,83,83,40,,42,15,0,7,,,,,
Jakarta,The Pakubuwono Menteng,2026-04-30 00:45:45,76,76,24,60,,,,,55,31,,,
Depok,Cinere - Nafas,2026-04-30 00:45:03,172,172,73,154,,,,,0,0,,,
Bogor,Kabupaten Bogor Leuwiliang,2026-04-30 00:00:00,81,81,44,,4,9,0,80,,,,,
Tangerang,Tangerang Pasir Jaya,2026-04-30 00:00:00,141,141,58,,58,63,0,65,,,,,
Bekasi,Bekasi Kayuringin,2026-04-30 00:00:00,83,83,40,,42,15,0,7,,,,,
Jakarta,The Pakubuwono Menteng,2026-04-30 00:46:45,74,74,22,59,,,,,55,31,,,
Depok,Cinere - Nafas,2026-04-30 00:46:03,171,171,74,153,,,,,0,0,,,
Bogor,Kabupaten Bogor Leuwiliang,2026-04-30 00:00:00,81,81,44,,4,9,0,80,,,,,
Tangerang,Tangerang Pasir Jaya,2026-04-30 00:00:00,141,141,58,,58,63,0,65,,,,,
Bekasi,Bekasi Kayuringin,2026-04-30 00:00:00,83,83,40,,42,15,0,7,,,,,
Jakarta,The Pakubuwono Menteng,2026-04-30 00:49:45,84,84,27,67,,,,,55,31,,,
Depok,Cinere - Nafas,2026-04-30 00:49:03,170,170,73,152,,,,,0,0,,,
Bogor,Kabupaten Bogor Leuwiliang,2026-04-30 00:00:00,81,81,44,,4,9,0,80,,,,,
Tangerang,Tangerang Pasir Jaya,2026-04-30 00:00:00,141,141,58,,58,63,0,65,,,,,
Bekasi,Bekasi Kayuringin,2026-04-30 00:00:00,83,83,40,,42,15,0,7,,,,,
Jakarta,The Pakubuwono Menteng,2026-04-30 00:50:45,80,80,24,61,,,,,55,31,,,
Depok,Cinere - Nafas,2026-04-30 00:50:03,171,171,74,153,,,,,0,0,,,
Bogor,Kabupaten Bogor Leuwiliang,2026-04-30 00:00:00,81,81,44,,4,9,0,80,,,,,
Tangerang,Tangerang Pasir Jaya,2026-04-30 00:00:00,141,141,58,,58,63,0,65,,,,,
Bekasi,Bekasi Kayuringin,2026-04-30 00:00:00,83,83,40,,42,15,0,7,,,,,
Jakarta,The Pakubuwono Menteng,2026-04-30 00:51:45,78,78,27,61,,,,,55,31,,,
Depok,Cinere - Nafas,2026-04-30 00:51:03,171,171,75,154,,,,,0,0,,,
Bogor,Kabupaten Bogor Leuwiliang,2026-04-30 00:00:00,81,81,44,,4,9,0,80,,,,,
Tangerang,Tangerang Pasir Jaya,2026-04-30 00:00:00,141,141,58,,58,63,0,65,,,,,
Bekasi,Bekasi Kayuringin,2026-04-30 00:00:00,83,83,40,,42,15,0,7,,,,,
Jakarta,The Pakubuwono Menteng,2026-04-30 00:52:45,81,81,25,63,,,,,55,31,,,
Depok,Cinere - Nafas,2026-04-30 00:52:03,167,167,72,152,,,,,0,0,,,
Bogor,Kabupaten Bogor Leuwiliang,2026-04-30 00:00:00,81,81,44,,4,9,0,80,,,,,
Tangerang,Tangerang Pasir Jaya,2026-04-30 00:00:00,141,141,58,,58,63,0,65,,,,,
Bekasi,Bekasi Kayuringin,2026-04-30 00:00:00,83,83,40,,42,15,0,7,,,,,
Jakarta,The Pakubuwono Menteng,2026-04-30 00:53:45,75,75,22,58,,,,,55,31,,,
Depok,Cinere - Nafas,2026-04-30 00:53:53,168,168,71,152,,,,,0,0,,,
Bogor,Kabupaten Bogor Leuwiliang,2026-04-30 00:00:00,81,81,44,,4,9,0,80,,,,,
Tangerang,Tangerang Pasir Jaya,2026-04-30 00:00:00,141,141,58,,58,63,0,65,,,,,
Bekasi,Bekasi Kayuringin,2026-04-30 00:00:00,83,83,40,,42,15,0,7,,,,,
Jakarta,The Pakubuwono Menteng,2026-04-30 00:54:45,75,75,23,54,,,,,55,31,,,
Depok,Cinere - Nafas,2026-04-30 00:53:53,168,168,71,152,,,,,0,0,,,
Bogor,Kabupaten Bogor Leuwiliang,2026-04-30 00:00:00,81,81,44,,4,9,0,80,,,,,
Tangerang,Tangerang Pasir Jaya,2026-04-30 00:00:00,141,141,58,,58,63,0,65,,,,,
Bekasi,Bekasi Kayuringin,2026-04-30 00:00:00,83,83,40,,42,15,0,7,,,,,
Jakarta,The Pakubuwono Menteng,2026-04-30 00:55:45,74,74,23,57,,,,,55,31,,,
Depok,Cinere - Nafas,2026-04-30 00:55:05,170,170,72,152,,,,,0,0,,,
Bogor,Kabupaten Bogor Leuwiliang,2026-04-30 00:00:00,81,81,44,,4,9,0,80,,,,,
Tangerang,Tangerang Pasir Jaya,2026-04-30 00:00:00,141,141,58,,58,63,0,65,,,,,
Bekasi,Bekasi Kayuringin,2026-04-30 00:00:00,83,83,40,,42,15,0,7,,,,,
Jakarta,The Pakubuwono Menteng,2026-04-30 00:56:45,79,79,25,59,,,,,55,31,,,
Depok,Cinere - Nafas,2026-04-30 00:57:05,170,170,72,153,,,,,0,0,,,
Bogor,Kabupaten Bogor Leuwiliang,2026-04-30 00:00:00,81,81,44,,4,9,0,80,,,,,
Tangerang,Tangerang Pasir Jaya,2026-04-30 00:00:00,141,141,58,,58,63,0,65,,,,,
Bekasi,Bekasi Kayuringin,2026-04-30 00:00:00,83,83,40,,42,15,0,7,,,,,
Jakarta,The Pakubuwono Menteng,2026-04-30 00:58:45,78,78,23,64,,,,,55,30.9,,,
Depok,Cinere - Nafas,2026-04-30 00:58:06,170,170,73,152,,,,,0,0,,,
Bogor,Kabupaten Bogor Leuwiliang,2026-04-30 00:00:00,81,81,44,,4,9,0,80,,,,,
Tangerang,Tangerang Pasir Jaya,2026-04-30 00:00:00,141,141,58,,58,63,0,65,,,,,
Bekasi,Bekasi Kayuringin,2026-04-30 00:00:00,83,83,40,,42,15,0,7,,,,,
Jakarta,The Pakubuwono Menteng,2026-04-30 00:59:45,83,83,27,62,,,,,55,30.9,,,
Depok,Cinere - Nafas,2026-04-30 00:58:06,170,170,73,152,,,,,0,0,,,
Bogor,Kabupaten Bogor Leuwiliang,2026-04-30 00:00:00,81,81,44,,4,9,0,80,,,,,
Tangerang,Tangerang Pasir Jaya,2026-04-30 00:00:00,141,141,58,,58,63,0,65,,,,,
Bekasi,Bekasi Kayuringin,2026-04-30 00:00:00,83,83,40,,42,15,0,7,,,,,
Jakarta,The Pakubuwono Menteng,2026-04-30 01:01:45,85,85,27,67,,,,,55,31,,,
Depok,Cinere - Nafas,2026-04-30 01:00:22,169,169,72,152,,,,,0,0,,,
Bogor,Kabupaten Bogor Leuwiliang,2026-04-30 00:00:00,81,81,44,,4,9,0,80,,,,,
Tangerang,Tangerang Pasir Jaya,2026-04-30 00:00:00,141,141,58,,58,63,0,65,,,,,
Bekasi,Bekasi Kayuringin,2026-04-30 00:00:00,83,83,40,,42,15,0,7,,,,,
Jakarta,The Pakubuwono Menteng,2026-04-30 01:02:45,88,88,30,66,,,,,56,30.9,,,
Depok,Cinere - Nafas,2026-04-30 01:02:31,168,168,71,151,,,,,0,0,,,
Bogor,Kabupaten Bogor Leuwiliang,2026-04-30 00:00:00,81,81,44,,4,9,0,80,,,,,
Tangerang,Tangerang Pasir Jaya,2026-04-30 00:00:00,141,141,58,,58,63,0,65,,,,,
Bekasi,Bekasi Kayuringin,2026-04-30 00:00:00,83,83,40,,42,15,0,7,,,,,
Jakarta,The Pakubuwono Menteng,2026-04-30 01:03:45,86,86,30,65,,,,,55,30.9,,,
Depok,Cinere - Nafas,2026-04-30 01:03:32,166,166,70,151,,,,,0,0,,,
Bogor,Kabupaten Bogor Leuwiliang,2026-04-30 00:00:00,81,81,44,,4,9,0,80,,,,,
Tangerang,Tangerang Pasir Jaya,2026-04-30 00:00:00,141,141,58,,58,63,0,65,,,,,
Bekasi,Bekasi Kayuringin,2026-04-30 00:00:00,83,83,40,,42,15,0,7,,,,,
Jakarta,The Pakubuwono Menteng,2026-04-30 01:03:45,86,86,30,65,,,,,55,30.9,,,
Depok,Cinere - Nafas,2026-04-30 01:03:32,166,166,70,151,,,,,0,0,,,
Bogor,Kabupaten Bogor Leuwiliang,2026-04-30 00:00:00,81,81,44,,4,9,0,80,,,,,
Tangerang,Tangerang Pasir Jaya,2026-04-30 00:00:00,141,141,58,,58,63,0,65,,,,,
Bekasi,Bekasi Kayuringin,2026-04-30 00:00:00,83,83,40,,42,15,0,7,,,,,
Jakarta,The Pakubuwono Menteng,2026-04-30 01:04:45,86,86,28,69,,,,,55,30.9,,,
Depok,Cinere - Nafas,2026-04-30 01:04:31,166,166,69,150,,,,,0,0,,,
Bogor,Kabupaten Bogor Leuwiliang,2026-04-30 00:00:00,81,81,44,,4,9,0,80,,,,,
Tangerang,Tangerang Pasir Jaya,2026-04-30 00:00:00,141,141,58,,58,63,0,65,,,,,
Bekasi,Bekasi Kayuringin,2026-04-30 00:00:00,83,83,40,,42,15,0,7,,,,,
Jakarta,The Pakubuwono Menteng,2026-04-30 01:07:45,92,92,32,70,,,,,55,30.9,,,
Depok,Cinere - Nafas,2026-04-30 01:07:31,166,166,69,150,,,,,0,0,,,
Bogor,Kabupaten Bogor Leuwiliang,2026-04-30 00:00:00,81,81,44,,4,9,0,80,,,,,
Tangerang,Tangerang Pasir Jaya,2026-04-30 00:00:00,141,141,58,,58,63,0,65,,,,,
Bekasi,Bekasi Kayuringin,2026-04-30 00:00:00,83,83,40,,42,15,0,7,,,,,
Jakarta,The Pakubuwono Menteng,2026-04-30 01:08:45,94,94,32,71,,,,,56,30.9,,,
Depok,Cinere - Nafas,2026-04-30 01:08:32,167,167,70,151,,,,,0,0,,,
Bogor,Kabupaten Bogor Leuwiliang,2026-04-30 00:00:00,81,81,44,,4,9,0,80,,,,,
Tangerang,Tangerang Pasir Jaya,2026-04-30 00:00:00,141,141,58,,58,63,0,65,,,,,
Bekasi,Bekasi Kayuringin,2026-04-30 00:00:00,83,83,40,,42,15,0,7,,,,,
Jakarta,The Pakubuwono Menteng,2026-04-30 01:09:45,94,94,34,72,,,,,56,30.9,,,
Depok,Cinere - Nafas,2026-04-30 01:09:32,166,166,67,150,,,,,0,0,,,
Bogor,Kabupaten Bogor Leuwiliang,2026-04-30 01:00:00,81,81,44,,4,9,0,80,,,,,
Tangerang,Tangerang Pasir Jaya,2026-04-30 01:00:00,147,147,59,,58,63,0,65,,,,,
Bekasi,Bekasi Kayuringin,2026-04-30 01:00:00,79,79,39,,42,15,0,7,,,,,
Jakarta,The Pakubuwono Menteng,2026-04-30 01:10:45,87,87,27,70,,,,,56,30.9,,,
Depok,Cinere - Nafas,2026-04-30 01:09:32,166,166,67,150,,,,,0,0,,,
Bogor,Kabupaten Bogor Leuwiliang,2026-04-30 01:00:00,81,81,44,,4,9,0,80,,,,,
Tangerang,Tangerang Pasir Jaya,2026-04-30 01:00:00,147,147,59,,58,63,0,65,,,,,
Bekasi,Bekasi Kayuringin,2026-04-30 01:00:00,79,79,39,,42,15,0,7,,,,,
Jakarta,The Pakubuwono Menteng,2026-04-30 01:11:45,83,83,26,66,,,,,56,30.9,,,
Depok,Cinere - Nafas,2026-04-30 01:11:43,164,164,66,149,,,,,0,0,,,
Bogor,Kabupaten Bogor Leuwiliang,2026-04-30 01:00:00,81,81,44,,4,9,0,80,,,,,
Tangerang,Tangerang Pasir Jaya,2026-04-30 01:00:00,147,147,59,,58,63,0,65,,,,,
Bekasi,Bekasi Kayuringin,2026-04-30 01:00:00,79,79,39,,42,15,0,7,,,,,
Jakarta,The Pakubuwono Menteng,2026-04-30 01:12:45,81,81,25,65,,,,,55,30.9,,,
Depok,Cinere - Nafas,2026-04-30 01:12:44,166,166,69,150,,,,,0,0,,,
Bogor,Kabupaten Bogor Leuwiliang,2026-04-30 01:00:00,81,81,44,,4,9,0,80,,,,,
Tangerang,Tangerang Pasir Jaya,2026-04-30 01:00:00,147,147,59,,58,63,0,65,,,,,
Bekasi,Bekasi Kayuringin,2026-04-30 01:00:00,79,79,39,,42,15,0,7,,,,,
Jakarta,The Pakubuwono Menteng,2026-04-30 01:13:45,78,78,24,59,,,,,55,30.9,,,
Depok,Cinere - Nafas,2026-04-30 01:13:44,165,165,67,149,,,,,0,0,,,
Bogor,Kabupaten Bogor Leuwiliang,2026-04-30 01:00:00,81,81,44,,4,9,0,80,,,,,
Tangerang,Tangerang Pasir Jaya,2026-04-30 01:00:00,147,147,59,,58,63,0,65,,,,,
Bekasi,Bekasi Kayuringin,2026-04-30 01:00:00,79,79,39,,42,15,0,7,,,,,
Jakarta,The Pakubuwono Menteng,2026-04-30 01:14:45,78,78,24,61,,,,,55,30.9,,,
Depok,Cinere - Nafas,2026-04-30 01:14:43,165,165,67,148,,,,,0,0,,,
Bogor,Kabupaten Bogor Leuwiliang,2026-04-30 01:00:00,81,81,44,,4,9,0,80,,,,,
Tangerang,Tangerang Pasir Jaya,2026-04-30 01:00:00,147,147,59,,58,63,0,65,,,,,
Bekasi,Bekasi Kayuringin,2026-04-30 01:00:00,79,79,39,,42,15,0,7,,,,,
Jakarta,The Pakubuwono Menteng,2026-04-30 01:16:45,95,95,34,73,,,,,56,30.9,,,
Depok,Cinere - Nafas,2026-04-30 01:15:44,165,165,67,148,,,,,0,0,,,
Bogor,Kabupaten Bogor Leuwiliang,2026-04-30 01:00:00,81,81,44,,4,9,0,80,,,,,
Tangerang,Tangerang Pasir Jaya,2026-04-30 01:00:00,147,147,59,,58,63,0,65,,,,,
Bekasi,Bekasi Kayuringin,2026-04-30 01:00:00,79,79,39,,42,15,0,7,,,,,
Jakarta,The Pakubuwono Menteng,2026-04-30 01:17:45,88,88,29,73,,,,,55,30.9,,,
Depok,Cinere - Nafas,2026-04-30 01:17:49,164,164,66,147,,,,,0,0,,,
Bogor,Kabupaten Bogor Leuwiliang,2026-04-30 01:00:00,81,81,44,,4,9,0,80,,,,,
Tangerang,Tangerang Pasir Jaya,2026-04-30 01:00:00,147,147,59,,58,63,0,65,,,,,
Bekasi,Bekasi Kayuringin,2026-04-30 01:00:00,79,79,39,,42,15,0,7,,,,,
Jakarta,The Pakubuwono Menteng,2026-04-30 01:18:45,91,91,29,70,,,,,55,30.9,,,
Depok,Cinere - Nafas,2026-04-30 01:18:49,165,165,67,150,,,,,0,0,,,
Bogor,Kabupaten Bogor Leuwiliang,2026-04-30 01:00:00,81,81,44,,4,9,0,80,,,,,
Tangerang,Tangerang Pasir Jaya,2026-04-30 01:00:00,147,147,59,,58,63,0,65,,,,,
Bekasi,Bekasi Kayuringin,2026-04-30 01:00:00,79,79,39,,42,15,0,7,,,,,
Jakarta,The Pakubuwono Menteng,2026-04-30 01:19:45,79,79,24,62,,,,,55,30.9,,,
Depok,Cinere - Nafas,2026-04-30 01:19:49,164,164,66,143,,,,,0,0,,,
Bogor,Kabupaten Bogor Leuwiliang,2026-04-30 01:00:00,81,81,44,,4,9,0,80,,,,,
Tangerang,Tangerang Pasir Jaya,2026-04-30 01:00:00,147,147,59,,58,63,0,65,,,,,
Bekasi,Bekasi Kayuringin,2026-04-30 01:00:00,79,79,39,,42,15,0,7,,,,,
Jakarta,The Pakubuwono Menteng,2026-04-30 01:21:45,80,80,27,64,,,,,55,30.9,,,
Depok,Cinere - Nafas,2026-04-30 01:21:49,166,166,69,150,,,,,0,0,,,
Bogor,Kabupaten Bogor Leuwiliang,2026-04-30 01:00:00,81,81,44,,4,9,0,80,,,,,
Tangerang,Tangerang Pasir Jaya,2026-04-30 01:00:00,147,147,59,,58,63,0,65,,,,,
Bekasi,Bekasi Kayuringin,2026-04-30 01:00:00,79,79,39,,42,15,0,7,,,,,
Jakarta,The Pakubuwono Menteng,2026-04-30 01:22:45,82,82,28,65,,,,,55,30.9,,,
Depok,Cinere - Nafas,2026-04-30 01:22:49,164,164,66,144,,,,,0,0,,,
Bogor,Kabupaten Bogor Leuwiliang,2026-04-30 01:00:00,81,81,44,,4,9,0,80,,,,,
Tangerang,Tangerang Pasir Jaya,2026-04-30 01:00:00,147,147,59,,58,63,0,65,,,,,
Bekasi,Bekasi Kayuringin,2026-04-30 01:00:00,79,79,39,,42,15,0,7,,,,,
Jakarta,The Pakubuwono Menteng,2026-04-30 01:23:45,78,78,23,57,,,,,55,30.9,,,
Depok,Cinere - Nafas,2026-04-30 01:23:49,162,162,64,141,,,,,0,0,,,
Bogor,Kabupaten Bogor Leuwiliang,2026-04-30 01:00:00,81,81,44,,4,9,0,80,,,,,
Tangerang,Tangerang Pasir Jaya,2026-04-30 01:00:00,147,147,59,,58,63,0,65,,,,,
Bekasi,Bekasi Kayuringin,2026-04-30 01:00:00,79,79,39,,42,15,0,7,,,,,
Jakarta,The Pakubuwono Menteng,2026-04-30 01:24:45,84,84,28,64,,,,,55,30.9,,,
Depok,Cinere - Nafas,2026-04-30 01:24:49,165,165,66,145,,,,,0,0,,,
Bogor,Kabupaten Bogor Leuwiliang,2026-04-30 01:00:00,81,81,44,,4,9,0,80,,,,,
Tangerang,Tangerang Pasir Jaya,2026-04-30 01:00:00,147,147,59,,58,63,0,65,,,,,
Bekasi,Bekasi Kayuringin,2026-04-30 01:00:00,79,79,39,,42,15,0,7,,,,,
Jakarta,The Pakubuwono Menteng,2026-04-30 01:25:45,91,91,33,70,,,,,55,30.9,,,
Depok,Cinere - Nafas,2026-04-30 01:26:58,162,162,66,140,,,,,0,0,,,
Bogor,Kabupaten Bogor Leuwiliang,2026-04-30 01:00:00,81,81,44,,4,9,0,80,,,,,
Tangerang,Tangerang Pasir Jaya,2026-04-30 01:00:00,147,147,59,,58,63,0,65,,,,,
Bekasi,Bekasi Kayuringin,2026-04-30 01:00:00,79,79,39,,42,15,0,7,,,,,
Jakarta,The Pakubuwono Menteng,2026-04-30 01:28:45,87,87,29,66,,,,,56,30.9,,,
Depok,Cinere - Nafas,2026-04-30 01:28:58,164,164,68,141,,,,,0,0,,,
Bogor,Kabupaten Bogor Leuwiliang,2026-04-30 01:00:00,81,81,44,,4,9,0,80,,,,,
Tangerang,Tangerang Pasir Jaya,2026-04-30 01:00:00,147,147,59,,58,63,0,65,,,,,
Bekasi,Bekasi Kayuringin,2026-04-30 01:00:00,79,79,39,,42,15,0,7,,,,,
Jakarta,The Pakubuwono Menteng,2026-04-30 01:29:46,79,79,25,63,,,,,55,30.9,,,
Depok,Cinere - Nafas,2026-04-30 01:29:58,163,163,65,141,,,,,0,0,,,
Bogor,Kabupaten Bogor Leuwiliang,2026-04-30 01:00:00,81,81,44,,4,9,0,80,,,,,
Tangerang,Tangerang Pasir Jaya,2026-04-30 01:00:00,147,147,59,,58,63,0,65,,,,,
Bekasi,Bekasi Kayuringin,2026-04-30 01:00:00,79,79,39,,42,15,0,7,,,,,
Jakarta,The Pakubuwono Menteng,2026-04-30 01:29:46,79,79,25,63,,,,,55,30.9,,,
Depok,Cinere - Nafas,2026-04-30 01:29:58,163,163,65,141,,,,,0,0,,,
Bogor,Kabupaten Bogor Leuwiliang,2026-04-30 01:00:00,81,81,44,,4,9,0,80,,,,,
Tangerang,Tangerang Pasir Jaya,2026-04-30 01:00:00,147,147,59,,58,63,0,65,,,,,
Bekasi,Bekasi Kayuringin,2026-04-30 01:00:00,79,79,39,,42,15,0,7,,,,,
Jakarta,The Pakubuwono Menteng,2026-04-30 01:30:46,77,77,24,61,,,,,55,30.9,,,
Depok,Cinere - Nafas,2026-04-30 01:29:58,163,163,65,141,,,,,0,0,,,
Bogor,Kabupaten Bogor Leuwiliang,2026-04-30 01:00:00,81,81,44,,4,9,0,80,,,,,
Tangerang,Tangerang Pasir Jaya,2026-04-30 01:00:00,147,147,59,,58,63,0,65,,,,,
Bekasi,Bekasi Kayuringin,2026-04-30 01:00:00,79,79,39,,42,15,0,7,,,,,
Jakarta,The Pakubuwono Menteng,2026-04-30 01:31:45,75,75,24,58,,,,,55,30.9,,,
Depok,Cinere - Nafas,2026-04-30 01:29:58,163,163,65,141,,,,,0,0,,,
Bogor,Kabupaten Bogor Leuwiliang,2026-04-30 01:00:00,81,81,44,,4,9,0,80,,,,,
Tangerang,Tangerang Pasir Jaya,2026-04-30 01:00:00,147,147,59,,58,63,0,65,,,,,
Bekasi,Bekasi Kayuringin,2026-04-30 01:00:00,79,79,39,,42,15,0,7,,,,,
Jakarta,The Pakubuwono Menteng,2026-04-30 01:32:46,77,77,26,61,,,,,55,30.9,,,
Depok,Cinere - Nafas,2026-04-30 01:32:23,166,166,69,149,,,,,0,0,,,
Bogor,Kabupaten Bogor Leuwiliang,2026-04-30 01:00:00,81,81,44,,4,9,0,80,,,,,
Tangerang,Tangerang Pasir Jaya,2026-04-30 01:00:00,147,147,59,,58,63,0,65,,,,,
Bekasi,Bekasi Kayuringin,2026-04-30 01:00:00,79,79,39,,42,15,0,7,,,,,
Jakarta,The Pakubuwono Menteng,2026-04-30 01:33:46,78,78,25,63,,,,,55,30.9,,,
Depok,Cinere - Nafas,2026-04-30 01:33:23,166,166,68,150,,,,,0,0,,,
Bogor,Kabupaten Bogor Leuwiliang,2026-04-30 01:00:00,81,81,44,,4,9,0,80,,,,,
Tangerang,Tangerang Pasir Jaya,2026-04-30 01:00:00,147,147,59,,58,63,0,65,,,,,
Bekasi,Bekasi Kayuringin,2026-04-30 01:00:00,79,79,39,,42,15,0,7,,,,,
Jakarta,The Pakubuwono Menteng,2026-04-30 01:36:46,83,83,25,66,,,,,55,30.9,,,
Depok,Cinere - Nafas,2026-04-30 01:36:40,166,166,68,148,,,,,0,0,,,
Bogor,Kabupaten Bogor Leuwiliang,2026-04-30 01:00:00,81,81,44,,4,9,0,80,,,,,
Tangerang,Tangerang Pasir Jaya,2026-04-30 01:00:00,147,147,59,,58,63,0,65,,,,,
Bekasi,Bekasi Kayuringin,2026-04-30 01:00:00,79,79,39,,42,15,0,7,,,,,
Jakarta,The Pakubuwono Menteng,2026-04-30 01:37:46,83,83,26,63,,,,,55,30.9,,,
Depok,Cinere - Nafas,2026-04-30 01:38:04,172,172,75,154,,,,,0,0,,,
Bogor,Kabupaten Bogor Leuwiliang,2026-04-30 01:00:00,81,81,44,,4,9,0,80,,,,,
Tangerang,Tangerang Pasir Jaya,2026-04-30 01:00:00,147,147,59,,58,63,0,65,,,,,
Bekasi,Bekasi Kayuringin,2026-04-30 01:00:00,79,79,39,,42,15,0,7,,,,,
Jakarta,The Pakubuwono Menteng,2026-04-30 01:38:46,87,87,30,70,,,,,55,30.9,,,
Depok,Cinere - Nafas,2026-04-30 01:39:04,172,172,75,155,,,,,0,0,,,
Bogor,Kabupaten Bogor Leuwiliang,2026-04-30 01:00:00,81,81,44,,4,9,0,80,,,,,
Tangerang,Tangerang Pasir Jaya,2026-04-30 01:00:00,147,147,59,,58,63,0,65,,,,,
Bekasi,Bekasi Kayuringin,2026-04-30 01:00:00,79,79,39,,42,15,0,7,,,,,
Jakarta,The Pakubuwono Menteng,2026-04-30 01:39:46,85,85,27,68,,,,,56,30.9,,,
Depok,Cinere - Nafas,2026-04-30 01:39:04,172,172,75,155,,,,,0,0,,,
Bogor,Kabupaten Bogor Leuwiliang,2026-04-30 01:00:00,81,81,44,,4,9,0,80,,,,,
Tangerang,Tangerang Pasir Jaya,2026-04-30 01:00:00,147,147,59,,58,63,0,65,,,,,
Bekasi,Bekasi Kayuringin,2026-04-30 01:00:00,79,79,39,,42,15,0,7,,,,,
Jakarta,The Pakubuwono Menteng,2026-04-30 01:39:46,85,85,27,68,,,,,56,30.9,,,
Depok,Cinere - Nafas,2026-04-30 01:39:04,172,172,75,155,,,,,0,0,,,
Bogor,Kabupaten Bogor Leuwiliang,2026-04-30 01:00:00,81,81,44,,4,9,0,80,,,,,
Tangerang,Tangerang Pasir Jaya,2026-04-30 01:00:00,147,147,59,,58,63,0,65,,,,,
Bekasi,Bekasi Kayuringin,2026-04-30 01:00:00,79,79,39,,42,15,0,7,,,,,
Jakarta,The Pakubuwono Menteng,2026-04-30 01:41:46,87,87,30,68,,,,,56,30.9,,,
Depok,Cinere - Nafas,2026-04-30 01:41:42,167,167,69,150,,,,,0,0,,,
Bogor,Kabupaten Bogor Leuwiliang,2026-04-30 01:00:00,81,81,44,,4,9,0,80,,,,,
Tangerang,Tangerang Pasir Jaya,2026-04-30 01:00:00,147,147,59,,58,63,0,65,,,,,
Bekasi,Bekasi Kayuringin,2026-04-30 01:00:00,79,79,39,,42,15,0,7,,,,,
Jakarta,The Pakubuwono Menteng,2026-04-30 01:42:46,80,80,25,65,,,,,56,30.9,,,
Depok,Cinere - Nafas,2026-04-30 01:42:42,164,164,68,145,,,,,0,0,,,
Bogor,Kabupaten Bogor Leuwiliang,2026-04-30 01:00:00,81,81,44,,4,9,0,80,,,,,
Tangerang,Tangerang Pasir Jaya,2026-04-30 01:00:00,147,147,59,,58,63,0,65,,,,,
Bekasi,Bekasi Kayuringin,2026-04-30 01:00:00,79,79,39,,42,15,0,7,,,,,
Jakarta,The Pakubuwono Menteng,2026-04-30 01:43:46,87,87,30,67,,,,,56,30.9,,,
Depok,Cinere - Nafas,2026-04-30 01:42:42,164,164,68,145,,,,,0,0,,,
Bogor,Kabupaten Bogor Leuwiliang,2026-04-30 01:00:00,81,81,44,,4,9,0,80,,,,,
Tangerang,Tangerang Pasir Jaya,2026-04-30 01:00:00,147,147,59,,58,63,0,65,,,,,
Bekasi,Bekasi Kayuringin,2026-04-30 01:00:00,79,79,39,,42,15,0,7,,,,,
Jakarta,The Pakubuwono Menteng,2026-04-30 01:45:46,87,87,28,70,,,,,56,30.9,,,
Depok,Cinere - Nafas,2026-04-30 01:45:48,163,163,66,141,,,,,0,0,,,
Bogor,Kabupaten Bogor Leuwiliang,2026-04-30 01:00:00,81,81,44,,4,9,0,80,,,,,
Tangerang,Tangerang Pasir Jaya,2026-04-30 01:00:00,147,147,59,,58,63,0,65,,,,,
Bekasi,Bekasi Kayuringin,2026-04-30 01:00:00,79,79,39,,42,15,0,7,,,,,
Jakarta,The Pakubuwono Menteng,2026-04-30 01:46:46,79,79,26,66,,,,,56,30.9,,,
Depok,Cinere - Nafas,2026-04-30 01:46:48,165,165,67,141,,,,,0,0,,,
Bogor,Kabupaten Bogor Leuwiliang,2026-04-30 01:00:00,81,81,44,,4,9,0,80,,,,,
Tangerang,Tangerang Pasir Jaya,2026-04-30 01:00:00,147,147,59,,58,63,0,65,,,,,
Bekasi,Bekasi Kayuringin,2026-04-30 01:00:00,79,79,39,,42,15,0,7,,,,,
Jakarta,The Pakubuwono Menteng,2026-04-30 01:48:46,81,81,25,63,,,,,55,30.9,,,
Depok,Cinere - Nafas,2026-04-30 01:48:48,162,162,65,145,,,,,0,0,,,
Bogor,Kabupaten Bogor Leuwiliang,2026-04-30 01:00:00,81,81,44,,4,9,0,80,,,,,
Tangerang,Tangerang Pasir Jaya,2026-04-30 01:00:00,147,147,59,,58,63,0,65,,,,,
Bekasi,Bekasi Kayuringin,2026-04-30 01:00:00,79,79,39,,42,15,0,7,,,,,
Jakarta,The Pakubuwono Menteng,2026-04-30 01:49:46,78,78,23,63,,,,,55,30.9,,,
Depok,Cinere - Nafas,2026-04-30 01:49:48,163,163,67,141,,,,,0,0,,,
Bogor,Kabupaten Bogor Leuwiliang,2026-04-30 01:00:00,81,81,44,,4,9,0,80,,,,,
Tangerang,Tangerang Pasir Jaya,2026-04-30 01:00:00,147,147,59,,58,63,0,65,,,,,
Bekasi,Bekasi Kayuringin,2026-04-30 01:00:00,79,79,39,,42,15,0,7,,,,,
Jakarta,The Pakubuwono Menteng,2026-04-30 01:50:46,81,81,25,62,,,,,55,30.9,,,
Depok,Cinere - Nafas,2026-04-30 01:50:48,163,163,66,143,,,,,0,0,,,
Bogor,Kabupaten Bogor Leuwiliang,2026-04-30 01:00:00,81,81,44,,4,9,0,80,,,,,
Tangerang,Tangerang Pasir Jaya,2026-04-30 01:00:00,147,147,59,,58,63,0,65,,,,,
Bekasi,Bekasi Kayuringin,2026-04-30 01:00:00,79,79,39,,42,15,0,7,,,,,
Jakarta,The Pakubuwono Menteng,2026-04-30 01:51:46,79,79,26,63,,,,,55,30.9,,,
Depok,Cinere - Nafas,2026-04-30 01:50:48,163,163,66,143,,,,,0,0,,,
Bogor,Kabupaten Bogor Leuwiliang,2026-04-30 01:00:00,81,81,44,,4,9,0,80,,,,,
Tangerang,Tangerang Pasir Jaya,2026-04-30 01:00:00,147,147,59,,58,63,0,65,,,,,
Bekasi,Bekasi Kayuringin,2026-04-30 01:00:00,79,79,39,,42,15,0,7,,,,,
Jakarta,The Pakubuwono Menteng,2026-04-30 01:52:46,84,84,27,67,,,,,55,30.9,,,
Depok,Cinere - Nafas,2026-04-30 01:53:13,163,163,65,138,,,,,0,0,,,
Bogor,Kabupaten Bogor Leuwiliang,2026-04-30 01:00:00,81,81,44,,4,9,0,80,,,,,
Tangerang,Tangerang Pasir Jaya,2026-04-30 01:00:00,147,147,59,,58,63,0,65,,,,,
Bekasi,Bekasi Kayuringin,2026-04-30 01:00:00,79,79,39,,42,15,0,7,,,,,
Jakarta,The Pakubuwono Menteng,2026-04-30 01:52:46,84,84,27,67,,,,,55,30.9,,,
Depok,Cinere - Nafas,2026-04-30 01:53:13,163,163,65,138,,,,,0,0,,,
Bogor,Kabupaten Bogor Leuwiliang,2026-04-30 01:00:00,81,81,44,,4,9,0,80,,,,,
Tangerang,Tangerang Pasir Jaya,2026-04-30 01:00:00,147,147,59,,58,63,0,65,,,,,
Bekasi,Bekasi Kayuringin,2026-04-30 01:00:00,79,79,39,,42,15,0,7,,,,,
Jakarta,The Pakubuwono Menteng,2026-04-30 01:55:46,91,91,33,70,,,,,55,30.9,,,
Depok,Cinere - Nafas,2026-04-30 01:55:31,163,163,66,140,,,,,0,0,,,
Bogor,Kabupaten Bogor Leuwiliang,2026-04-30 01:00:00,81,81,44,,4,9,0,80,,,,,
Tangerang,Tangerang Pasir Jaya,2026-04-30 01:00:00,147,147,59,,58,63,0,65,,,,,
Bekasi,Bekasi Kayuringin,2026-04-30 01:00:00,79,79,39,,42,15,0,7,,,,,
Jakarta,The Pakubuwono Menteng,2026-04-30 01:56:46,93,93,35,73,,,,,55,30.9,,,
Depok,Cinere - Nafas,2026-04-30 01:56:30,165,165,67,143,,,,,0,0,,,
Bogor,Kabupaten Bogor Leuwiliang,2026-04-30 01:00:00,81,81,44,,4,9,0,80,,,,,
Tangerang,Tangerang Pasir Jaya,2026-04-30 01:00:00,147,147,59,,58,63,0,65,,,,,
Bekasi,Bekasi Kayuringin,2026-04-30 01:00:00,79,79,39,,42,15,0,7,,,,,
Jakarta,The Pakubuwono Menteng,2026-04-30 01:57:46,87,87,29,70,,,,,56,30.9,,,
Depok,Cinere - Nafas,2026-04-30 01:57:31,164,164,66,139,,,,,0,0,,,
Bogor,Kabupaten Bogor Leuwiliang,2026-04-30 01:00:00,81,81,44,,4,9,0,80,,,,,
Tangerang,Tangerang Pasir Jaya,2026-04-30 01:00:00,147,147,59,,58,63,0,65,,,,,
Bekasi,Bekasi Kayuringin,2026-04-30 01:00:00,79,79,39,,42,15,0,7,,,,,
Jakarta,The Pakubuwono Menteng,2026-04-30 01:58:46,88,88,30,69,,,,,55,30.9,,,
Depok,Cinere - Nafas,2026-04-30 01:58:54,163,163,65,138,,,,,0,0,,,
Bogor,Kabupaten Bogor Leuwiliang,2026-04-30 01:00:00,81,81,44,,4,9,0,80,,,,,
Tangerang,Tangerang Pasir Jaya,2026-04-30 01:00:00,147,147,59,,58,63,0,65,,,,,
Bekasi,Bekasi Kayuringin,2026-04-30 01:00:00,79,79,39,,42,15,0,7,,,,,
Jakarta,The Pakubuwono Menteng,2026-04-30 01:58:46,88,88,30,69,,,,,55,30.9,,,
Depok,Cinere - Nafas,2026-04-30 01:58:54,163,163,65,138,,,,,0,0,,,
Bogor,Kabupaten Bogor Leuwiliang,2026-04-30 01:00:00,81,81,44,,4,9,0,80,,,,,
Tangerang,Tangerang Pasir Jaya,2026-04-30 01:00:00,147,147,59,,58,63,0,65,,,,,
Bekasi,Bekasi Kayuringin,2026-04-30 01:00:00,79,79,39,,42,15,0,7,,,,,
Jakarta,The Pakubuwono Menteng,2026-04-30 01:59:46,88,88,28,66,,,,,55,30.9,,,
Depok,Cinere - Nafas,2026-04-30 01:59:54,164,164,66,145,,,,,0,0,,,
Bogor,Kabupaten Bogor Leuwiliang,2026-04-30 01:00:00,81,81,44,,4,9,0,80,,,,,
Tangerang,Tangerang Pasir Jaya,2026-04-30 01:00:00,147,147,59,,58,63,0,65,,,,,
Bekasi,Bekasi Kayuringin,2026-04-30 01:00:00,79,79,39,,42,15,0,7,,,,,
Jakarta,The Pakubuwono Menteng,2026-04-30 01:59:46,88,88,28,66,,,,,55,30.9,,,
Depok,Cinere - Nafas,2026-04-30 01:59:54,164,164,66,145,,,,,0,0,,,
Bogor,Kabupaten Bogor Leuwiliang,2026-04-30 01:00:00,81,81,44,,4,9,0,80,,,,,
Tangerang,Tangerang Pasir Jaya,2026-04-30 01:00:00,147,147,59,,58,63,0,65,,,,,
Bekasi,Bekasi Kayuringin,2026-04-30 01:00:00,79,79,39,,42,15,0,7,,,,,
Jakarta,The Pakubuwono Menteng,2026-04-30 02:02:46,87,87,29,66,,,,,56,30.9,,,
Depok,Cinere - Nafas,2026-04-30 02:03:54,165,165,67,143,,,,,0,0,,,
Bogor,Kabupaten Bogor Leuwiliang,2026-04-30 01:00:00,81,81,44,,4,9,0,80,,,,,
Tangerang,Tangerang Pasir Jaya,2026-04-30 01:00:00,147,147,59,,58,63,0,65,,,,,
Bekasi,Bekasi Kayuringin,2026-04-30 01:00:00,79,79,39,,42,15,0,7,,,,,
Jakarta,The Pakubuwono Menteng,2026-04-30 02:04:46,81,81,25,68,,,,,56,30.9,,,
Depok,Cinere - Nafas,2026-04-30 02:04:54,162,162,65,141,,,,,0,0,,,
Bogor,Kabupaten Bogor Leuwiliang,2026-04-30 01:00:00,81,81,44,,4,9,0,80,,,,,
Tangerang,Tangerang Pasir Jaya,2026-04-30 01:00:00,147,147,59,,58,63,0,65,,,,,
Bekasi,Bekasi Kayuringin,2026-04-30 01:00:00,79,79,39,,42,15,0,7,,,,,
Jakarta,The Pakubuwono Menteng,2026-04-30 02:05:46,81,81,25,62,,,,,56,30.9,,,
Depok,Cinere - Nafas,2026-04-30 02:04:54,162,162,65,141,,,,,0,0,,,
Bogor,Kabupaten Bogor Leuwiliang,2026-04-30 01:00:00,81,81,44,,4,9,0,80,,,,,
Tangerang,Tangerang Pasir Jaya,2026-04-30 01:00:00,147,147,59,,58,63,0,65,,,,,
Bekasi,Bekasi Kayuringin,2026-04-30 01:00:00,79,79,39,,42,15,0,7,,,,,
Jakarta,The Pakubuwono Menteng,2026-04-30 02:06:47,85,85,29,67,,,,,56,30.9,,,
Depok,Cinere - Nafas,2026-04-30 02:07:24,166,166,67,148,,,,,0,0,,,
Bogor,Kabupaten Bogor Leuwiliang,2026-04-30 01:00:00,81,81,44,,4,9,0,80,,,,,
Tangerang,Tangerang Pasir Jaya,2026-04-30 01:00:00,147,147,59,,58,63,0,65,,,,,
Bekasi,Bekasi Kayuringin,2026-04-30 01:00:00,79,79,39,,42,15,0,7,,,,,
Jakarta,The Pakubuwono Menteng,2026-04-30 02:07:46,80,80,27,66,,,,,56,30.9,,,
Depok,Cinere - Nafas,2026-04-30 02:08:24,162,162,66,147,,,,,0,0,,,
Bogor,Kabupaten Bogor Leuwiliang,2026-04-30 01:00:00,81,81,44,,4,9,0,80,,,,,
Tangerang,Tangerang Pasir Jaya,2026-04-30 01:00:00,147,147,59,,58,63,0,65,,,,,
Bekasi,Bekasi Kayuringin,2026-04-30 01:00:00,79,79,39,,42,15,0,7,,,,,
Jakarta,The Pakubuwono Menteng,2026-04-30 02:10:46,79,79,25,62,,,,,55,30.8,,,
Depok,Cinere - Nafas,2026-04-30 02:10:24,163,163,66,142,,,,,0,0,,,
Bogor,Kabupaten Bogor Leuwiliang,2026-04-30 02:00:00,81,81,44,,4,9,0,80,,,,,
Tangerang,Tangerang Pasir Jaya,2026-04-30 02:00:00,150,150,60,,58,63,0,65,,,,,
Bekasi,Bekasi Kayuringin,2026-04-30 02:00:00,74,74,37,,42,15,0,7,,,,,
Jakarta,The Pakubuwono Menteng,2026-04-30 02:10:46,79,79,25,62,,,,,55,30.8,,,
Depok,Cinere - Nafas,2026-04-30 02:10:24,163,163,66,142,,,,,0,0,,,
Bogor,Kabupaten Bogor Leuwiliang,2026-04-30 02:00:00,81,81,44,,4,9,0,80,,,,,
Tangerang,Tangerang Pasir Jaya,2026-04-30 02:00:00,150,150,60,,58,63,0,65,,,,,
Bekasi,Bekasi Kayuringin,2026-04-30 02:00:00,74,74,37,,42,15,0,7,,,,,
Jakarta,The Pakubuwono Menteng,2026-04-30 02:11:46,76,76,24,61,,,,,55,30.9,,,
Depok,Cinere - Nafas,2026-04-30 02:11:24,163,163,65,144,,,,,0,0,,,
Bogor,Kabupaten Bogor Leuwiliang,2026-04-30 02:00:00,81,81,44,,4,9,0,80,,,,,
Tangerang,Tangerang Pasir Jaya,2026-04-30 02:00:00,150,150,60,,58,63,0,65,,,,,
Bekasi,Bekasi Kayuringin,2026-04-30 02:00:00,74,74,37,,42,15,0,7,,,,,
Jakarta,The Pakubuwono Menteng,2026-04-30 02:13:46,87,87,29,69,,,,,55,30.9,,,
Depok,Cinere - Nafas,2026-04-30 02:12:24,165,165,68,150,,,,,0,0,,,
Bogor,Kabupaten Bogor Leuwiliang,2026-04-30 02:00:00,81,81,44,,4,9,0,80,,,,,
Tangerang,Tangerang Pasir Jaya,2026-04-30 02:00:00,150,150,60,,58,63,0,65,,,,,
Bekasi,Bekasi Kayuringin,2026-04-30 02:00:00,74,74,37,,42,15,0,7,,,,,
Jakarta,The Pakubuwono Menteng,2026-04-30 02:14:46,80,80,25,63,,,,,55,30.9,,,
Depok,Cinere - Nafas,2026-04-30 02:12:24,165,165,68,150,,,,,0,0,,,
Bogor,Kabupaten Bogor Leuwiliang,2026-04-30 02:00:00,81,81,44,,4,9,0,80,,,,,
Tangerang,Tangerang Pasir Jaya,2026-04-30 02:00:00,150,150,60,,58,63,0,65,,,,,
Bekasi,Bekasi Kayuringin,2026-04-30 02:00:00,74,74,37,,42,15,0,7,,,,,
Jakarta,The Pakubuwono Menteng,2026-04-30 02:15:46,86,86,27,64,,,,,55,30.9,,,
Depok,Cinere - Nafas,2026-04-30 02:15:37,163,163,66,145,,,,,0,0,,,
Bogor,Kabupaten Bogor Leuwiliang,2026-04-30 02:00:00,81,81,44,,4,9,0,80,,,,,
Tangerang,Tangerang Pasir Jaya,2026-04-30 02:00:00,150,150,60,,58,63,0,65,,,,,
Bekasi,Bekasi Kayuringin,2026-04-30 02:00:00,74,74,37,,42,15,0,7,,,,,
Jakarta,The Pakubuwono Menteng,2026-04-30 02:17:46,77,77,23,64,,,,,56,30.9,,,
Depok,Cinere - Nafas,2026-04-30 02:16:48,164,164,66,141,,,,,0,0,,,
Bogor,Kabupaten Bogor Leuwiliang,2026-04-30 02:00:00,81,81,44,,4,9,0,80,,,,,
Tangerang,Tangerang Pasir Jaya,2026-04-30 02:00:00,150,150,60,,58,63,0,65,,,,,
Bekasi,Bekasi Kayuringin,2026-04-30 02:00:00,74,74,37,,42,15,0,7,,,,,
Jakarta,The Pakubuwono Menteng,2026-04-30 02:18:47,85,85,31,62,,,,,56,30.8,,,
Depok,Cinere - Nafas,2026-04-30 02:18:48,164,164,67,148,,,,,0,0,,,
Bogor,Kabupaten Bogor Leuwiliang,2026-04-30 02:00:00,81,81,44,,4,9,0,80,,,,,
Tangerang,Tangerang Pasir Jaya,2026-04-30 02:00:00,150,150,60,,58,63,0,65,,,,,
Bekasi,Bekasi Kayuringin,2026-04-30 02:00:00,74,74,37,,42,15,0,7,,,,,
Jakarta,The Pakubuwono Menteng,2026-04-30 02:19:46,80,80,25,64,,,,,56,30.9,,,
Depok,Cinere - Nafas,2026-04-30 02:18:48,164,164,67,148,,,,,0,0,,,
Bogor,Kabupaten Bogor Leuwiliang,2026-04-30 02:00:00,81,81,44,,4,9,0,80,,,,,
Tangerang,Tangerang Pasir Jaya,2026-04-30 02:00:00,150,150,60,,58,63,0,65,,,,,
Bekasi,Bekasi Kayuringin,2026-04-30 02:00:00,74,74,37,,42,15,0,7,,,,,
Jakarta,The Pakubuwono Menteng,2026-04-30 02:20:46,86,86,29,71,,,,,55,30.8,,,
Depok,Cinere - Nafas,2026-04-30 02:18:48,164,164,67,148,,,,,0,0,,,
Bogor,Kabupaten Bogor Leuwiliang,2026-04-30 02:00:00,81,81,44,,4,9,0,80,,,,,
Tangerang,Tangerang Pasir Jaya,2026-04-30 02:00:00,150,150,60,,58,63,0,65,,,,,
Bekasi,Bekasi Kayuringin,2026-04-30 02:00:00,74,74,37,,42,15,0,7,,,,,
Jakarta,The Pakubuwono Menteng,2026-04-30 02:21:46,78,78,25,67,,,,,55,30.9,,,
Depok,Cinere - Nafas,2026-04-30 02:21:14,165,165,68,146,,,,,0,0,,,
Bogor,Kabupaten Bogor Leuwiliang,2026-04-30 02:00:00,81,81,44,,4,9,0,80,,,,,
Tangerang,Tangerang Pasir Jaya,2026-04-30 02:00:00,150,150,60,,58,63,0,65,,,,,
Bekasi,Bekasi Kayuringin,2026-04-30 02:00:00,74,74,37,,42,15,0,7,,,,,
Jakarta,The Pakubuwono Menteng,2026-04-30 02:23:47,91,91,30,70,,,,,55,30.8,,,
Depok,Cinere - Nafas,2026-04-30 02:21:14,165,165,68,146,,,,,0,0,,,
Bogor,Kabupaten Bogor Leuwiliang,2026-04-30 02:00:00,81,81,44,,4,9,0,80,,,,,
Tangerang,Tangerang Pasir Jaya,2026-04-30 02:00:00,150,150,60,,58,63,0,65,,,,,
Bekasi,Bekasi Kayuringin,2026-04-30 02:00:00,74,74,37,,42,15,0,7,,,,,
Jakarta,The Pakubuwono Menteng,2026-04-30 02:24:47,87,87,28,68,,,,,55,30.8,,,
Depok,Cinere - Nafas,2026-04-30 02:24:31,161,161,66,146,,,,,0,0,,,
Bogor,Kabupaten Bogor Leuwiliang,2026-04-30 02:00:00,81,81,44,,4,9,0,80,,,,,
Tangerang,Tangerang Pasir Jaya,2026-04-30 02:00:00,150,150,60,,58,63,0,65,,,,,
Bekasi,Bekasi Kayuringin,2026-04-30 02:00:00,74,74,37,,42,15,0,7,,,,,
Jakarta,The Pakubuwono Menteng,2026-04-30 02:25:47,91,91,31,72,,,,,55,30.8,,,
Depok,Cinere - Nafas,2026-04-30 02:24:31,161,161,66,146,,,,,0,0,,,
Bogor,Kabupaten Bogor Leuwiliang,2026-04-30 02:00:00,81,81,44,,4,9,0,80,,,,,
Tangerang,Tangerang Pasir Jaya,2026-04-30 02:00:00,150,150,60,,58,63,0,65,,,,,
Bekasi,Bekasi Kayuringin,2026-04-30 02:00:00,74,74,37,,42,15,0,7,,,,,
Jakarta,The Pakubuwono Menteng,2026-04-30 02:26:47,93,93,33,72,,,,,55,30.8,,,
Depok,Cinere - Nafas,2026-04-30 02:26:26,164,164,65,148,,,,,0,0,,,
Bogor,Kabupaten Bogor Leuwiliang,2026-04-30 02:00:00,81,81,44,,4,9,0,80,,,,,
Tangerang,Tangerang Pasir Jaya,2026-04-30 02:00:00,150,150,60,,58,63,0,65,,,,,
Bekasi,Bekasi Kayuringin,2026-04-30 02:00:00,74,74,37,,42,15,0,7,,,,,
Jakarta,The Pakubuwono Menteng,2026-04-30 02:27:47,93,93,33,71,,,,,56,30.8,,,
Depok,Cinere - Nafas,2026-04-30 02:27:26,162,162,65,141,,,,,0,0,,,
Bogor,Kabupaten Bogor Leuwiliang,2026-04-30 02:00:00,81,81,44,,4,9,0,80,,,,,
Tangerang,Tangerang Pasir Jaya,2026-04-30 02:00:00,150,150,60,,58,63,0,65,,,,,
Bekasi,Bekasi Kayuringin,2026-04-30 02:00:00,74,74,37,,42,15,0,7,,,,,
Jakarta,The Pakubuwono Menteng,2026-04-30 02:28:47,87,87,31,72,,,,,56,30.8,,,
Depok,Cinere - Nafas,2026-04-30 02:28:26,163,163,65,144,,,,,0,0,,,
Bogor,Kabupaten Bogor Leuwiliang,2026-04-30 02:00:00,81,81,44,,4,9,0,80,,,,,
Tangerang,Tangerang Pasir Jaya,2026-04-30 02:00:00,150,150,60,,58,63,0,65,,,,,
Bekasi,Bekasi Kayuringin,2026-04-30 02:00:00,74,74,37,,42,15,0,7,,,,,
Jakarta,The Pakubuwono Menteng,2026-04-30 02:29:47,85,85,28,70,,,,,56,30.8,,,
Depok,Cinere - Nafas,2026-04-30 02:28:26,163,163,65,144,,,,,0,0,,,
Bogor,Kabupaten Bogor Leuwiliang,2026-04-30 02:00:00,81,81,44,,4,9,0,80,,,,,
Tangerang,Tangerang Pasir Jaya,2026-04-30 02:00:00,150,150,60,,58,63,0,65,,,,,
Bekasi,Bekasi Kayuringin,2026-04-30 02:00:00,74,74,37,,42,15,0,7,,,,,
Jakarta,The Pakubuwono Menteng,2026-04-30 02:31:47,88,88,29,71,,,,,56,30.8,,,
Depok,Cinere - Nafas,2026-04-30 02:30:55,164,164,68,149,,,,,0,0,,,
Bogor,Kabupaten Bogor Leuwiliang,2026-04-30 02:00:00,81,81,44,,4,9,0,80,,,,,
Tangerang,Tangerang Pasir Jaya,2026-04-30 02:00:00,150,150,60,,58,63,0,65,,,,,
Bekasi,Bekasi Kayuringin,2026-04-30 02:00:00,74,74,37,,42,15,0,7,,,,,
Jakarta,The Pakubuwono Menteng,2026-04-30 02:33:47,92,92,31,73,,,,,56,30.8,,,
Depok,Cinere - Nafas,2026-04-30 02:32:55,163,163,68,141,,,,,0,0,,,
Bogor,Kabupaten Bogor Leuwiliang,2026-04-30 02:00:00,81,81,44,,4,9,0,80,,,,,
Tangerang,Tangerang Pasir Jaya,2026-04-30 02:00:00,150,150,60,,58,63,0,65,,,,,
Bekasi,Bekasi Kayuringin,2026-04-30 02:00:00,74,74,37,,42,15,0,7,,,,,
Jakarta,The Pakubuwono Menteng,2026-04-30 02:34:47,88,88,32,71,,,,,56,30.8,,,
Depok,Cinere - Nafas,2026-04-30 02:33:55,165,165,68,143,,,,,0,0,,,
Bogor,Kabupaten Bogor Leuwiliang,2026-04-30 02:00:00,81,81,44,,4,9,0,80,,,,,
Tangerang,Tangerang Pasir Jaya,2026-04-30 02:00:00,150,150,60,,58,63,0,65,,,,,
Bekasi,Bekasi Kayuringin,2026-04-30 02:00:00,74,74,37,,42,15,0,7,,,,,
Jakarta,The Pakubuwono Menteng,2026-04-30 02:35:47,88,88,30,71,,,,,56,30.8,,,
Depok,Cinere - Nafas,2026-04-30 02:34:55,165,165,67,149,,,,,0,0,,,
Bogor,Kabupaten Bogor Leuwiliang,2026-04-30 02:00:00,81,81,44,,4,9,0,80,,,,,
Tangerang,Tangerang Pasir Jaya,2026-04-30 02:00:00,150,150,60,,58,63,0,65,,,,,
Bekasi,Bekasi Kayuringin,2026-04-30 02:00:00,74,74,37,,42,15,0,7,,,,,
Jakarta,The Pakubuwono Menteng,2026-04-30 02:35:47,88,88,30,71,,,,,56,30.8,,,
Depok,Cinere - Nafas,2026-04-30 02:34:55,165,165,67,149,,,,,0,0,,,
Bogor,Kabupaten Bogor Leuwiliang,2026-04-30 02:00:00,81,81,44,,4,9,0,80,,,,,
Tangerang,Tangerang Pasir Jaya,2026-04-30 02:00:00,150,150,60,,58,63,0,65,,,,,
Bekasi,Bekasi Kayuringin,2026-04-30 02:00:00,74,74,37,,42,15,0,7,,,,,
Jakarta,The Pakubuwono Menteng,2026-04-30 02:37:47,94,94,33,72,,,,,56,30.8,,,
Depok,Cinere - Nafas,2026-04-30 02:36:55,166,166,70,150,,,,,0,0,,,
Bogor,Kabupaten Bogor Leuwiliang,2026-04-30 02:00:00,81,81,44,,4,9,0,80,,,,,
Tangerang,Tangerang Pasir Jaya,2026-04-30 02:00:00,150,150,60,,58,63,0,65,,,,,
Bekasi,Bekasi Kayuringin,2026-04-30 02:00:00,74,74,37,,42,15,0,7,,,,,
Jakarta,The Pakubuwono Menteng,2026-04-30 02:38:47,101,101,37,76,,,,,56,30.8,,,
Depok,Cinere - Nafas,2026-04-30 02:37:55,167,167,69,151,,,,,0,0,,,
Bogor,Kabupaten Bogor Leuwiliang,2026-04-30 02:00:00,81,81,44,,4,9,0,80,,,,,
Tangerang,Tangerang Pasir Jaya,2026-04-30 02:00:00,150,150,60,,58,63,0,65,,,,,
Bekasi,Bekasi Kayuringin,2026-04-30 02:00:00,74,74,37,,42,15,0,7,,,,,
Jakarta,The Pakubuwono Menteng,2026-04-30 02:39:47,113,113,44,83,,,,,56,30.8,,,
Depok,Cinere - Nafas,2026-04-30 02:38:55,167,167,70,152,,,,,0,0,,,
Bogor,Kabupaten Bogor Leuwiliang,2026-04-30 02:00:00,81,81,44,,4,9,0,80,,,,,
Tangerang,Tangerang Pasir Jaya,2026-04-30 02:00:00,150,150,60,,58,63,0,65,,,,,
Bekasi,Bekasi Kayuringin,2026-04-30 02:00:00,74,74,37,,42,15,0,7,,,,,
Jakarta,The Pakubuwono Menteng,2026-04-30 02:40:47,113,113,45,83,,,,,56,30.8,,,
Depok,Cinere - Nafas,2026-04-30 02:39:55,171,171,73,153,,,,,0,0,,,
Bogor,Kabupaten Bogor Leuwiliang,2026-04-30 02:00:00,81,81,44,,4,9,0,80,,,,,
Tangerang,Tangerang Pasir Jaya,2026-04-30 02:00:00,150,150,60,,58,63,0,65,,,,,
Bekasi,Bekasi Kayuringin,2026-04-30 02:00:00,74,74,37,,42,15,0,7,,,,,
Jakarta,The Pakubuwono Menteng,2026-04-30 02:42:47,114,114,44,83,,,,,56,30.8,,,
Depok,Cinere - Nafas,2026-04-30 02:41:55,169,169,72,152,,,,,0,0,,,
Bogor,Kabupaten Bogor Leuwiliang,2026-04-30 02:00:00,81,81,44,,4,9,0,80,,,,,
Tangerang,Tangerang Pasir Jaya,2026-04-30 02:00:00,150,150,60,,58,63,0,65,,,,,
Bekasi,Bekasi Kayuringin,2026-04-30 02:00:00,74,74,37,,42,15,0,7,,,,,
Jakarta,The Pakubuwono Menteng,2026-04-30 02:44:47,118,118,45,88,,,,,56,30.7,,,
Depok,Cinere - Nafas,2026-04-30 02:43:55,171,171,74,153,,,,,0,0,,,
Bogor,Kabupaten Bogor Leuwiliang,2026-04-30 02:00:00,81,81,44,,4,9,0,80,,,,,
Tangerang,Tangerang Pasir Jaya,2026-04-30 02:00:00,150,150,60,,58,63,0,65,,,,,
Bekasi,Bekasi Kayuringin,2026-04-30 02:00:00,74,74,37,,42,15,0,7,,,,,
Jakarta,The Pakubuwono Menteng,2026-04-30 02:45:47,118,118,47,84,,,,,56,30.7,,,
Depok,Cinere - Nafas,2026-04-30 02:44:55,171,171,74,153,,,,,0,0,,,
Bogor,Kabupaten Bogor Leuwiliang,2026-04-30 02:00:00,81,81,44,,4,9,0,80,,,,,
Tangerang,Tangerang Pasir Jaya,2026-04-30 02:00:00,150,150,60,,58,63,0,65,,,,,
Bekasi,Bekasi Kayuringin,2026-04-30 02:00:00,74,74,37,,42,15,0,7,,,,,
Jakarta,The Pakubuwono Menteng,2026-04-30 02:45:47,118,118,47,84,,,,,56,30.7,,,
Depok,Cinere - Nafas,2026-04-30 02:45:55,170,170,75,153,,,,,0,0,,,
Bogor,Kabupaten Bogor Leuwiliang,2026-04-30 02:00:00,81,81,44,,4,9,0,80,,,,,
Tangerang,Tangerang Pasir Jaya,2026-04-30 02:00:00,150,150,60,,58,63,0,65,,,,,
Bekasi,Bekasi Kayuringin,2026-04-30 02:00:00,74,74,37,,42,15,0,7,,,,,
Jakarta,The Pakubuwono Menteng,2026-04-30 02:46:47,117,117,47,87,,,,,56,30.7,,,
Depok,Cinere - Nafas,2026-04-30 02:45:55,170,170,75,153,,,,,0,0,,,
Bogor,Kabupaten Bogor Leuwiliang,2026-04-30 02:00:00,81,81,44,,4,9,0,80,,,,,
Tangerang,Tangerang Pasir Jaya,2026-04-30 02:00:00,150,150,60,,58,63,0,65,,,,,
Bekasi,Bekasi Kayuringin,2026-04-30 02:00:00,74,74,37,,42,15,0,7,,,,,
Jakarta,The Pakubuwono Menteng,2026-04-30 02:47:47,117,117,46,87,,,,,57,30.7,,,
Depok,Cinere - Nafas,2026-04-30 02:47:55,170,170,72,153,,,,,0,0,,,
Bogor,Kabupaten Bogor Leuwiliang,2026-04-30 02:00:00,81,81,44,,4,9,0,80,,,,,
Tangerang,Tangerang Pasir Jaya,2026-04-30 02:00:00,150,150,60,,58,63,0,65,,,,,
Bekasi,Bekasi Kayuringin,2026-04-30 02:00:00,74,74,37,,42,15,0,7,,,,,
Jakarta,The Pakubuwono Menteng,2026-04-30 02:48:47,125,125,50,89,,,,,56,30.7,,,
Depok,Cinere - Nafas,2026-04-30 02:48:56,170,170,74,152,,,,,0,0,,,
Bogor,Kabupaten Bogor Leuwiliang,2026-04-30 02:00:00,81,81,44,,4,9,0,80,,,,,
Tangerang,Tangerang Pasir Jaya,2026-04-30 02:00:00,150,150,60,,58,63,0,65,,,,,
Bekasi,Bekasi Kayuringin,2026-04-30 02:00:00,74,74,37,,42,15,0,7,,,,,
Jakarta,The Pakubuwono Menteng,2026-04-30 02:50:47,141,141,55,98,,,,,57,30.7,,,
Depok,Cinere - Nafas,2026-04-30 02:50:56,169,169,72,153,,,,,0,0,,,
Bogor,Kabupaten Bogor Leuwiliang,2026-04-30 02:00:00,81,81,44,,4,9,0,80,,,,,
Tangerang,Tangerang Pasir Jaya,2026-04-30 02:00:00,150,150,60,,58,63,0,65,,,,,
Bekasi,Bekasi Kayuringin,2026-04-30 02:00:00,74,74,37,,42,15,0,7,,,,,
Jakarta,The Pakubuwono Menteng,2026-04-30 02:52:47,146,146,56,105,,,,,57,30.6,,,
Depok,Cinere - Nafas,2026-04-30 02:52:56,170,170,72,152,,,,,0,0,,,
Bogor,Kabupaten Bogor Leuwiliang,2026-04-30 02:00:00,81,81,44,,4,9,0,80,,,,,
Tangerang,Tangerang Pasir Jaya,2026-04-30 02:00:00,150,150,60,,58,63,0,65,,,,,
Bekasi,Bekasi Kayuringin,2026-04-30 02:00:00,74,74,37,,42,15,0,7,,,,,
Jakarta,The Pakubuwono Menteng,2026-04-30 02:53:47,143,143,55,105,,,,,57,30.6,,,
Depok,Cinere - Nafas,2026-04-30 02:52:56,170,170,72,152,,,,,0,0,,,
Bogor,Kabupaten Bogor Leuwiliang,2026-04-30 02:00:00,81,81,44,,4,9,0,80,,,,,
Tangerang,Tangerang Pasir Jaya,2026-04-30 02:00:00,150,150,60,,58,63,0,65,,,,,
Bekasi,Bekasi Kayuringin,2026-04-30 02:00:00,74,74,37,,42,15,0,7,,,,,
Jakarta,The Pakubuwono Menteng,2026-04-30 02:54:47,144,144,56,105,,,,,57,30.6,,,
Depok,Cinere - Nafas,2026-04-30 02:52:56,170,170,72,152,,,,,0,0,,,
Bogor,Kabupaten Bogor Leuwiliang,2026-04-30 02:00:00,81,81,44,,4,9,0,80,,,,,
Tangerang,Tangerang Pasir Jaya,2026-04-30 02:00:00,150,150,60,,58,63,0,65,,,,,
Bekasi,Bekasi Kayuringin,2026-04-30 02:00:00,74,74,37,,42,15,0,7,,,,,
Jakarta,The Pakubuwono Menteng,2026-04-30 02:55:47,146,146,56,106,,,,,57,30.6,,,
Depok,Cinere - Nafas,2026-04-30 02:55:15,170,170,72,153,,,,,0,0,,,
Bogor,Kabupaten Bogor Leuwiliang,2026-04-30 02:00:00,81,81,44,,4,9,0,80,,,,,
Tangerang,Tangerang Pasir Jaya,2026-04-30 02:00:00,150,150,60,,58,63,0,65,,,,,
Bekasi,Bekasi Kayuringin,2026-04-30 02:00:00,74,74,37,,42,15,0,7,,,,,
Jakarta,The Pakubuwono Menteng,2026-04-30 02:57:47,151,151,57,112,,,,,57,30.6,,,
Depok,Cinere - Nafas,2026-04-30 02:56:15,169,169,72,152,,,,,0,0,,,
Bogor,Kabupaten Bogor Leuwiliang,2026-04-30 02:00:00,81,81,44,,4,9,0,80,,,,,
Tangerang,Tangerang Pasir Jaya,2026-04-30 02:00:00,150,150,60,,58,63,0,65,,,,,
Bekasi,Bekasi Kayuringin,2026-04-30 02:00:00,74,74,37,,42,15,0,7,,,,,
Jakarta,The Pakubuwono Menteng,2026-04-30 02:58:47,144,144,55,105,,,,,57,30.6,,,
Depok,Cinere - Nafas,2026-04-30 02:58:34,169,169,71,152,,,,,0,0,,,
Bogor,Kabupaten Bogor Leuwiliang,2026-04-30 02:00:00,81,81,44,,4,9,0,80,,,,,
Tangerang,Tangerang Pasir Jaya,2026-04-30 02:00:00,150,150,60,,58,63,0,65,,,,,
Bekasi,Bekasi Kayuringin,2026-04-30 02:00:00,74,74,37,,42,15,0,7,,,,,
Jakarta,The Pakubuwono Menteng,2026-04-30 02:59:47,150,150,57,108,,,,,57,30.5,,,
Depok,Cinere - Nafas,2026-04-30 02:59:34,171,171,75,153,,,,,0,0,,,
Bogor,Kabupaten Bogor Leuwiliang,2026-04-30 02:00:00,81,81,44,,4,9,0,80,,,,,
Tangerang,Tangerang Pasir Jaya,2026-04-30 02:00:00,150,150,60,,58,63,0,65,,,,,
Bekasi,Bekasi Kayuringin,2026-04-30 02:00:00,74,74,37,,42,15,0,7,,,,,
Jakarta,The Pakubuwono Menteng,2026-04-30 02:59:47,150,150,57,108,,,,,57,30.5,,,
Depok,Cinere - Nafas,2026-04-30 02:59:34,171,171,75,153,,,,,0,0,,,
Bogor,Kabupaten Bogor Leuwiliang,2026-04-30 02:00:00,81,81,44,,4,9,0,80,,,,,
Tangerang,Tangerang Pasir Jaya,2026-04-30 02:00:00,150,150,60,,58,63,0,65,,,,,
Bekasi,Bekasi Kayuringin,2026-04-30 02:00:00,74,74,37,,42,15,0,7,,,,,
Jakarta,The Pakubuwono Menteng,2026-04-30 03:01:48,152,152,57,119,,,,,58,30.5,,,
Depok,Cinere - Nafas,2026-04-30 03:01:34,174,174,76,155,,,,,0,0,,,
Bogor,Kabupaten Bogor Leuwiliang,2026-04-30 02:00:00,81,81,44,,4,9,0,80,,,,,
Tangerang,Tangerang Pasir Jaya,2026-04-30 02:00:00,150,150,60,,58,63,0,65,,,,,
Bekasi,Bekasi Kayuringin,2026-04-30 02:00:00,74,74,37,,42,15,0,7,,,,,
Jakarta,The Pakubuwono Menteng,2026-04-30 03:02:47,153,153,58,117,,,,,58,30.5,,,
Depok,Cinere - Nafas,2026-04-30 03:01:34,174,174,76,155,,,,,0,0,,,
Bogor,Kabupaten Bogor Leuwiliang,2026-04-30 02:00:00,81,81,44,,4,9,0,80,,,,,
Tangerang,Tangerang Pasir Jaya,2026-04-30 02:00:00,150,150,60,,58,63,0,65,,,,,
Bekasi,Bekasi Kayuringin,2026-04-30 02:00:00,74,74,37,,42,15,0,7,,,,,
Jakarta,The Pakubuwono Menteng,2026-04-30 03:04:47,153,153,58,118,,,,,58,30.5,,,
Depok,Cinere - Nafas,2026-04-30 03:04:51,174,174,76,155,,,,,0,0,,,
Bogor,Kabupaten Bogor Leuwiliang,2026-04-30 02:00:00,81,81,44,,4,9,0,80,,,,,
Tangerang,Tangerang Pasir Jaya,2026-04-30 02:00:00,150,150,60,,58,63,0,65,,,,,
Bekasi,Bekasi Kayuringin,2026-04-30 02:00:00,74,74,37,,42,15,0,7,,,,,
Jakarta,The Pakubuwono Menteng,2026-04-30 03:05:47,152,152,58,116,,,,,57,30.4,,,
Depok,Cinere - Nafas,2026-04-30 03:05:51,172,172,75,153,,,,,0,0,,,
Bogor,Kabupaten Bogor Leuwiliang,2026-04-30 02:00:00,81,81,44,,4,9,0,80,,,,,
Tangerang,Tangerang Pasir Jaya,2026-04-30 02:00:00,150,150,60,,58,63,0,65,,,,,
Bekasi,Bekasi Kayuringin,2026-04-30 02:00:00,74,74,37,,42,15,0,7,,,,,
Jakarta,The Pakubuwono Menteng,2026-04-30 03:06:47,153,153,58,117,,,,,58,30.4,,,
Depok,Cinere - Nafas,2026-04-30 03:06:51,173,173,75,154,,,,,0,0,,,
Bogor,Kabupaten Bogor Leuwiliang,2026-04-30 02:00:00,81,81,44,,4,9,0,80,,,,,
Tangerang,Tangerang Pasir Jaya,2026-04-30 02:00:00,150,150,60,,58,63,0,65,,,,,
Bekasi,Bekasi Kayuringin,2026-04-30 02:00:00,74,74,37,,42,15,0,7,,,,,
Jakarta,The Pakubuwono Menteng,2026-04-30 03:07:47,154,154,60,120,,,,,58,30.4,,,
Depok,Cinere - Nafas,2026-04-30 03:07:51,174,174,76,155,,,,,0,0,,,
Bogor,Kabupaten Bogor Leuwiliang,2026-04-30 02:00:00,81,81,44,,4,9,0,80,,,,,
Tangerang,Tangerang Pasir Jaya,2026-04-30 02:00:00,150,150,60,,58,63,0,65,,,,,
Bekasi,Bekasi Kayuringin,2026-04-30 02:00:00,74,74,37,,42,15,0,7,,,,,
Jakarta,The Pakubuwono Menteng,2026-04-30 03:08:47,157,157,60,129,,,,,58,30.4,,,
Depok,Cinere - Nafas,2026-04-30 03:08:51,173,173,77,155,,,,,0,0,,,
Bogor,Kabupaten Bogor Leuwiliang,2026-04-30 02:00:00,81,81,44,,4,9,0,80,,,,,
Tangerang,Tangerang Pasir Jaya,2026-04-30 02:00:00,150,150,60,,58,63,0,65,,,,,
Bekasi,Bekasi Kayuringin,2026-04-30 02:00:00,74,74,37,,42,15,0,7,,,,,
Jakarta,The Pakubuwono Menteng,2026-04-30 03:09:48,157,157,61,135,,,,,58,30.4,,,
Depok,Cinere - Nafas,2026-04-30 03:09:51,174,174,79,155,,,,,0,0,,,
Bogor,Kabupaten Bogor Leuwiliang,2026-04-30 03:00:00,81,81,44,,4,9,0,80,,,,,
Tangerang,Tangerang Pasir Jaya,2026-04-30 03:00:00,152,152,61,,58,63,0,65,,,,,
Bekasi,Bekasi Kayuringin,2026-04-30 03:00:00,69,69,36,,42,15,0,7,,,,,
Jakarta,The Pakubuwono Menteng,2026-04-30 03:11:47,157,157,61,128,,,,,58,30.4,,,
Depok,Cinere - Nafas,2026-04-30 03:11:51,176,176,79,157,,,,,0,0,,,
Bogor,Kabupaten Bogor Leuwiliang,2026-04-30 03:00:00,81,81,44,,4,9,0,80,,,,,
Tangerang,Tangerang Pasir Jaya,2026-04-30 03:00:00,152,152,61,,58,63,0,65,,,,,
Bekasi,Bekasi Kayuringin,2026-04-30 03:00:00,69,69,36,,42,15,0,7,,,,,
Jakarta,The Pakubuwono Menteng,2026-04-30 03:12:48,157,157,61,131,,,,,58,30.3,,,
Depok,Cinere - Nafas,2026-04-30 03:11:51,176,176,79,157,,,,,0,0,,,
Bogor,Kabupaten Bogor Leuwiliang,2026-04-30 03:00:00,81,81,44,,4,9,0,80,,,,,
Tangerang,Tangerang Pasir Jaya,2026-04-30 03:00:00,152,152,61,,58,63,0,65,,,,,
Bekasi,Bekasi Kayuringin,2026-04-30 03:00:00,69,69,36,,42,15,0,7,,,,,
Jakarta,The Pakubuwono Menteng,2026-04-30 03:13:48,158,158,61,136,,,,,58,30.3,,,
Depok,Cinere - Nafas,2026-04-30 03:13:11,177,177,80,158,,,,,0,0,,,
Bogor,Kabupaten Bogor Leuwiliang,2026-04-30 03:00:00,81,81,44,,4,9,0,80,,,,,
Tangerang,Tangerang Pasir Jaya,2026-04-30 03:00:00,152,152,61,,58,63,0,65,,,,,
Bekasi,Bekasi Kayuringin,2026-04-30 03:00:00,69,69,36,,42,15,0,7,,,,,
Jakarta,The Pakubuwono Menteng,2026-04-30 03:14:48,156,156,60,130,,,,,58,30.3,,,
Depok,Cinere - Nafas,2026-04-30 03:13:11,177,177,80,158,,,,,0,0,,,
Bogor,Kabupaten Bogor Leuwiliang,2026-04-30 03:00:00,81,81,44,,4,9,0,80,,,,,
Tangerang,Tangerang Pasir Jaya,2026-04-30 03:00:00,152,152,61,,58,63,0,65,,,,,
Bekasi,Bekasi Kayuringin,2026-04-30 03:00:00,69,69,36,,42,15,0,7,,,,,
Jakarta,The Pakubuwono Menteng,2026-04-30 03:15:48,156,156,60,121,,,,,58,30.3,,,
Depok,Cinere - Nafas,2026-04-30 03:15:20,177,177,81,157,,,,,0,0,,,
Bogor,Kabupaten Bogor Leuwiliang,2026-04-30 03:00:00,81,81,44,,4,9,0,80,,,,,
Tangerang,Tangerang Pasir Jaya,2026-04-30 03:00:00,152,152,61,,58,63,0,65,,,,,
Bekasi,Bekasi Kayuringin,2026-04-30 03:00:00,69,69,36,,42,15,0,7,,,,,
Jakarta,The Pakubuwono Menteng,2026-04-30 03:16:48,155,155,59,126,,,,,58,30.3,,,
Depok,Cinere - Nafas,2026-04-30 03:16:20,177,177,81,157,,,,,0,0,,,
Bogor,Kabupaten Bogor Leuwiliang,2026-04-30 03:00:00,81,81,44,,4,9,0,80,,,,,
Tangerang,Tangerang Pasir Jaya,2026-04-30 03:00:00,152,152,61,,58,63,0,65,,,,,
Bekasi,Bekasi Kayuringin,2026-04-30 03:00:00,69,69,36,,42,15,0,7,,,,,
Jakarta,The Pakubuwono Menteng,2026-04-30 03:18:48,153,153,58,116,,,,,58,30.3,,,
Depok,Cinere - Nafas,2026-04-30 03:18:20,175,175,78,156,,,,,0,0,,,
Bogor,Kabupaten Bogor Leuwiliang,2026-04-30 03:00:00,81,81,44,,4,9,0,80,,,,,
Tangerang,Tangerang Pasir Jaya,2026-04-30 03:00:00,152,152,61,,58,63,0,65,,,,,
Bekasi,Bekasi Kayuringin,2026-04-30 03:00:00,69,69,36,,42,15,0,7,,,,,
Jakarta,The Pakubuwono Menteng,2026-04-30 03:19:48,152,152,58,118,,,,,58,30.3,,,
Depok,Cinere - Nafas,2026-04-30 03:19:20,174,174,77,155,,,,,0,0,,,
Bogor,Kabupaten Bogor Leuwiliang,2026-04-30 03:00:00,81,81,44,,4,9,0,80,,,,,
Tangerang,Tangerang Pasir Jaya,2026-04-30 03:00:00,152,152,61,,58,63,0,65,,,,,
Bekasi,Bekasi Kayuringin,2026-04-30 03:00:00,69,69,36,,42,15,0,7,,,,,
Jakarta,The Pakubuwono Menteng,2026-04-30 03:20:48,155,155,60,124,,,,,58,30.3,,,
Depok,Cinere - Nafas,2026-04-30 03:21:20,177,177,81,157,,,,,0,0,,,
Bogor,Kabupaten Bogor Leuwiliang,2026-04-30 03:00:00,81,81,44,,4,9,0,80,,,,,
Tangerang,Tangerang Pasir Jaya,2026-04-30 03:00:00,152,152,61,,58,63,0,65,,,,,
Bekasi,Bekasi Kayuringin,2026-04-30 03:00:00,69,69,36,,42,15,0,7,,,,,
Jakarta,The Pakubuwono Menteng,2026-04-30 03:22:48,158,158,62,135,,,,,58,30.3,,,
Depok,Cinere - Nafas,2026-04-30 03:22:20,178,178,81,157,,,,,0,0,,,
Bogor,Kabupaten Bogor Leuwiliang,2026-04-30 03:00:00,81,81,44,,4,9,0,80,,,,,
Tangerang,Tangerang Pasir Jaya,2026-04-30 03:00:00,152,152,61,,58,63,0,65,,,,,
Bekasi,Bekasi Kayuringin,2026-04-30 03:00:00,69,69,36,,42,15,0,7,,,,,
Jakarta,The Pakubuwono Menteng,2026-04-30 03:23:48,160,160,62,137,,,,,58,30.3,,,
Depok,Cinere - Nafas,2026-04-30 03:23:43,180,180,82,158,,,,,0,0,,,
Bogor,Kabupaten Bogor Leuwiliang,2026-04-30 03:00:00,81,81,44,,4,9,0,80,,,,,
Tangerang,Tangerang Pasir Jaya,2026-04-30 03:00:00,152,152,61,,58,63,0,65,,,,,
Bekasi,Bekasi Kayuringin,2026-04-30 03:00:00,69,69,36,,42,15,0,7,,,,,
Jakarta,The Pakubuwono Menteng,2026-04-30 03:24:48,158,158,61,134,,,,,58,30.3,,,
Depok,Cinere - Nafas,2026-04-30 03:23:43,180,180,82,158,,,,,0,0,,,
Bogor,Kabupaten Bogor Leuwiliang,2026-04-30 03:00:00,81,81,44,,4,9,0,80,,,,,
Tangerang,Tangerang Pasir Jaya,2026-04-30 03:00:00,152,152,61,,58,63,0,65,,,,,
Bekasi,Bekasi Kayuringin,2026-04-30 03:00:00,69,69,36,,42,15,0,7,,,,,
Jakarta,The Pakubuwono Menteng,2026-04-30 03:25:48,161,161,65,142,,,,,58,30.3,,,
Depok,Cinere - Nafas,2026-04-30 03:23:43,180,180,82,158,,,,,0,0,,,
Bogor,Kabupaten Bogor Leuwiliang,2026-04-30 03:00:00,81,81,44,,4,9,0,80,,,,,
Tangerang,Tangerang Pasir Jaya,2026-04-30 03:00:00,152,152,61,,58,63,0,65,,,,,
Bekasi,Bekasi Kayuringin,2026-04-30 03:00:00,69,69,36,,42,15,0,7,,,,,
Jakarta,The Pakubuwono Menteng,2026-04-30 03:26:48,161,161,63,140,,,,,58,30.3,,,
Depok,Cinere - Nafas,2026-04-30 03:23:43,180,180,82,158,,,,,0,0,,,
Bogor,Kabupaten Bogor Leuwiliang,2026-04-30 03:00:00,81,81,44,,4,9,0,80,,,,,
Tangerang,Tangerang Pasir Jaya,2026-04-30 03:00:00,152,152,61,,58,63,0,65,,,,,
Bekasi,Bekasi Kayuringin,2026-04-30 03:00:00,69,69,36,,42,15,0,7,,,,,
Jakarta,The Pakubuwono Menteng,2026-04-30 03:27:51,160,160,62,138,,,,,58,30.3,,,
Depok,Cinere - Nafas,2026-04-30 03:27:01,183,183,86,161,,,,,0,0,,,
Bogor,Kabupaten Bogor Leuwiliang,2026-04-30 03:00:00,81,81,44,,4,9,0,80,,,,,
Tangerang,Tangerang Pasir Jaya,2026-04-30 03:00:00,152,152,61,,58,63,0,65,,,,,
Bekasi,Bekasi Kayuringin,2026-04-30 03:00:00,69,69,36,,42,15,0,7,,,,,
Jakarta,The Pakubuwono Menteng,2026-04-30 03:28:48,158,158,61,137,,,,,58,30.3,,,
Depok,Cinere - Nafas,2026-04-30 03:28:01,182,182,86,160,,,,,0,0,,,
Bogor,Kabupaten Bogor Leuwiliang,2026-04-30 03:00:00,81,81,44,,4,9,0,80,,,,,
Tangerang,Tangerang Pasir Jaya,2026-04-30 03:00:00,152,152,61,,58,63,0,65,,,,,
Bekasi,Bekasi Kayuringin,2026-04-30 03:00:00,69,69,36,,42,15,0,7,,,,,
Jakarta,The Pakubuwono Menteng,2026-04-30 03:29:48,158,158,61,131,,,,,57,30.3,,,
Depok,Cinere - Nafas,2026-04-30 03:29:03,184,184,86,161,,,,,0,0,,,
Bogor,Kabupaten Bogor Leuwiliang,2026-04-30 03:00:00,81,81,44,,4,9,0,80,,,,,
Tangerang,Tangerang Pasir Jaya,2026-04-30 03:00:00,152,152,61,,58,63,0,65,,,,,
Bekasi,Bekasi Kayuringin,2026-04-30 03:00:00,69,69,36,,42,15,0,7,,,,,
Jakarta,The Pakubuwono Menteng,2026-04-30 03:32:48,159,159,61,133,,,,,57,30.3,,,
Depok,Cinere - Nafas,2026-04-30 03:33:01,178,178,82,158,,,,,0,0,,,
Bogor,Kabupaten Bogor Leuwiliang,2026-04-30 03:00:00,81,81,44,,4,9,0,80,,,,,
Tangerang,Tangerang Pasir Jaya,2026-04-30 03:00:00,152,152,61,,58,63,0,65,,,,,
Bekasi,Bekasi Kayuringin,2026-04-30 03:00:00,69,69,36,,42,15,0,7,,,,,
Jakarta,The Pakubuwono Menteng,2026-04-30 03:33:48,157,157,61,131,,,,,57,30.3,,,
Depok,Cinere - Nafas,2026-04-30 03:34:01,180,180,82,158,,,,,0,0,,,
Bogor,Kabupaten Bogor Leuwiliang,2026-04-30 03:00:00,81,81,44,,4,9,0,80,,,,,
Tangerang,Tangerang Pasir Jaya,2026-04-30 03:00:00,152,152,61,,58,63,0,65,,,,,
Bekasi,Bekasi Kayuringin,2026-04-30 03:00:00,69,69,36,,42,15,0,7,,,,,
Jakarta,The Pakubuwono Menteng,2026-04-30 03:34:48,157,157,61,129,,,,,57,30.3,,,
Depok,Cinere - Nafas,2026-04-30 03:35:01,178,178,82,158,,,,,0,0,,,
Bogor,Kabupaten Bogor Leuwiliang,2026-04-30 03:00:00,81,81,44,,4,9,0,80,,,,,
Tangerang,Tangerang Pasir Jaya,2026-04-30 03:00:00,152,152,61,,58,63,0,65,,,,,
Bekasi,Bekasi Kayuringin,2026-04-30 03:00:00,69,69,36,,42,15,0,7,,,,,
Jakarta,The Pakubuwono Menteng,2026-04-30 03:35:48,154,154,59,118,,,,,57,30.3,,,
Depok,Cinere - Nafas,2026-04-30 03:36:01,178,178,83,157,,,,,0,0,,,
Bogor,Kabupaten Bogor Leuwiliang,2026-04-30 03:00:00,81,81,44,,4,9,0,80,,,,,
Tangerang,Tangerang Pasir Jaya,2026-04-30 03:00:00,152,152,61,,58,63,0,65,,,,,
Bekasi,Bekasi Kayuringin,2026-04-30 03:00:00,69,69,36,,42,15,0,7,,,,,
Jakarta,The Pakubuwono Menteng,2026-04-30 03:36:48,155,155,59,126,,,,,57,30.3,,,
Depok,Cinere - Nafas,2026-04-30 03:37:01,177,177,80,157,,,,,0,0,,,
Bogor,Kabupaten Bogor Leuwiliang,2026-04-30 03:00:00,81,81,44,,4,9,0,80,,,,,
Tangerang,Tangerang Pasir Jaya,2026-04-30 03:00:00,152,152,61,,58,63,0,65,,,,,
Bekasi,Bekasi Kayuringin,2026-04-30 03:00:00,69,69,36,,42,15,0,7,,,,,
Jakarta,The Pakubuwono Menteng,2026-04-30 03:37:48,151,151,57,110,,,,,57,30.3,,,
Depok,Cinere - Nafas,2026-04-30 03:38:01,177,177,80,157,,,,,0,0,,,
Bogor,Kabupaten Bogor Leuwiliang,2026-04-30 03:00:00,81,81,44,,4,9,0,80,,,,,
Tangerang,Tangerang Pasir Jaya,2026-04-30 03:00:00,152,152,61,,58,63,0,65,,,,,
Bekasi,Bekasi Kayuringin,2026-04-30 03:00:00,69,69,36,,42,15,0,7,,,,,
Jakarta,The Pakubuwono Menteng,2026-04-30 03:38:48,153,153,59,113,,,,,57,30.3,,,
Depok,Cinere - Nafas,2026-04-30 03:39:01,176,176,80,157,,,,,0,0,,,
Bogor,Kabupaten Bogor Leuwiliang,2026-04-30 03:00:00,81,81,44,,4,9,0,80,,,,,
Tangerang,Tangerang Pasir Jaya,2026-04-30 03:00:00,152,152,61,,58,63,0,65,,,,,
Bekasi,Bekasi Kayuringin,2026-04-30 03:00:00,69,69,36,,42,15,0,7,,,,,
Jakarta,The Pakubuwono Menteng,2026-04-30 03:39:48,148,148,56,111,,,,,57,30.3,,,
Depok,Cinere - Nafas,2026-04-30 03:40:01,178,178,81,157,,,,,0,0,,,
Bogor,Kabupaten Bogor Leuwiliang,2026-04-30 03:00:00,81,81,44,,4,9,0,80,,,,,
Tangerang,Tangerang Pasir Jaya,2026-04-30 03:00:00,152,152,61,,58,63,0,65,,,,,
Bekasi,Bekasi Kayuringin,2026-04-30 03:00:00,69,69,36,,42,15,0,7,,,,,
Jakarta,The Pakubuwono Menteng,2026-04-30 03:41:48,152,152,58,112,,,,,57,30.3,,,
Depok,Cinere - Nafas,2026-04-30 03:42:01,175,175,78,156,,,,,0,0,,,
Bogor,Kabupaten Bogor Leuwiliang,2026-04-30 03:00:00,81,81,44,,4,9,0,80,,,,,
Tangerang,Tangerang Pasir Jaya,2026-04-30 03:00:00,152,152,61,,58,63,0,65,,,,,
Bekasi,Bekasi Kayuringin,2026-04-30 03:00:00,69,69,36,,42,15,0,7,,,,,
Jakarta,The Pakubuwono Menteng,2026-04-30 03:42:48,150,150,56,110,,,,,57,30.4,,,
Depok,Cinere - Nafas,2026-04-30 03:43:01,176,176,78,156,,,,,0,0,,,
Bogor,Kabupaten Bogor Leuwiliang,2026-04-30 03:00:00,81,81,44,,4,9,0,80,,,,,
Tangerang,Tangerang Pasir Jaya,2026-04-30 03:00:00,152,152,61,,58,63,0,65,,,,,
Bekasi,Bekasi Kayuringin,2026-04-30 03:00:00,69,69,36,,42,15,0,7,,,,,
Jakarta,The Pakubuwono Menteng,2026-04-30 03:43:48,151,151,57,110,,,,,56,30.4,,,
Depok,Cinere - Nafas,2026-04-30 03:44:01,179,179,82,157,,,,,0,0,,,
Bogor,Kabupaten Bogor Leuwiliang,2026-04-30 03:00:00,81,81,44,,4,9,0,80,,,,,
Tangerang,Tangerang Pasir Jaya,2026-04-30 03:00:00,152,152,61,,58,63,0,65,,,,,
Bekasi,Bekasi Kayuringin,2026-04-30 03:00:00,69,69,36,,42,15,0,7,,,,,
Jakarta,The Pakubuwono Menteng,2026-04-30 03:45:49,149,149,56,105,,,,,56,30.4,,,
Depok,Cinere - Nafas,2026-04-30 03:46:01,176,176,80,156,,,,,0,0,,,
Bogor,Kabupaten Bogor Leuwiliang,2026-04-30 03:00:00,81,81,44,,4,9,0,80,,,,,
Tangerang,Tangerang Pasir Jaya,2026-04-30 03:00:00,152,152,61,,58,63,0,65,,,,,
Bekasi,Bekasi Kayuringin,2026-04-30 03:00:00,69,69,36,,42,15,0,7,,,,,
Jakarta,The Pakubuwono Menteng,2026-04-30 03:46:49,150,150,56,106,,,,,56,30.4,,,
Depok,Cinere - Nafas,2026-04-30 03:47:01,177,177,81,157,,,,,0,0,,,
Bogor,Kabupaten Bogor Leuwiliang,2026-04-30 03:00:00,81,81,44,,4,9,0,80,,,,,
Tangerang,Tangerang Pasir Jaya,2026-04-30 03:00:00,152,152,61,,58,63,0,65,,,,,
Bekasi,Bekasi Kayuringin,2026-04-30 03:00:00,69,69,36,,42,15,0,7,,,,,
Jakarta,The Pakubuwono Menteng,2026-04-30 03:47:48,145,145,55,104,,,,,56,30.4,,,
Depok,Cinere - Nafas,2026-04-30 03:48:01,177,177,79,156,,,,,0,0,,,
Bogor,Kabupaten Bogor Leuwiliang,2026-04-30 03:00:00,81,81,44,,4,9,0,80,,,,,
Tangerang,Tangerang Pasir Jaya,2026-04-30 03:00:00,152,152,61,,58,63,0,65,,,,,
Bekasi,Bekasi Kayuringin,2026-04-30 03:00:00,69,69,36,,42,15,0,7,,,,,
Jakarta,The Pakubuwono Menteng,2026-04-30 03:48:48,149,149,56,106,,,,,56,30.4,,,
Depok,Cinere - Nafas,2026-04-30 03:49:01,177,177,78,157,,,,,0,0,,,
Bogor,Kabupaten Bogor Leuwiliang,2026-04-30 03:00:00,81,81,44,,4,9,0,80,,,,,
Tangerang,Tangerang Pasir Jaya,2026-04-30 03:00:00,152,152,61,,58,63,0,65,,,,,
Bekasi,Bekasi Kayuringin,2026-04-30 03:00:00,69,69,36,,42,15,0,7,,,,,
Jakarta,The Pakubuwono Menteng,2026-04-30 03:49:48,151,151,57,111,,,,,56,30.5,,,
Depok,Cinere - Nafas,2026-04-30 03:50:01,177,177,81,156,,,,,0,0,,,
Bogor,Kabupaten Bogor Leuwiliang,2026-04-30 03:00:00,81,81,44,,4,9,0,80,,,,,
Tangerang,Tangerang Pasir Jaya,2026-04-30 03:00:00,152,152,61,,58,63,0,65,,,,,
Bekasi,Bekasi Kayuringin,2026-04-30 03:00:00,69,69,36,,42,15,0,7,,,,,
Jakarta,The Pakubuwono Menteng,2026-04-30 03:50:49,153,153,59,113,,,,,56,30.5,,,
Depok,Cinere - Nafas,2026-04-30 03:52:01,176,176,77,156,,,,,0,0,,,
Bogor,Kabupaten Bogor Leuwiliang,2026-04-30 03:00:00,81,81,44,,4,9,0,80,,,,,
Tangerang,Tangerang Pasir Jaya,2026-04-30 03:00:00,152,152,61,,58,63,0,65,,,,,
Bekasi,Bekasi Kayuringin,2026-04-30 03:00:00,69,69,36,,42,15,0,7,,,,,
Jakarta,The Pakubuwono Menteng,2026-04-30 03:52:48,154,154,58,117,,,,,56,30.5,,,
Depok,Cinere - Nafas,2026-04-30 03:53:01,176,176,78,156,,,,,0,0,,,
Bogor,Kabupaten Bogor Leuwiliang,2026-04-30 03:00:00,81,81,44,,4,9,0,80,,,,,
Tangerang,Tangerang Pasir Jaya,2026-04-30 03:00:00,152,152,61,,58,63,0,65,,,,,
Bekasi,Bekasi Kayuringin,2026-04-30 03:00:00,69,69,36,,42,15,0,7,,,,,
Jakarta,The Pakubuwono Menteng,2026-04-30 03:53:48,153,153,58,118,,,,,56,30.5,,,
Depok,Cinere - Nafas,2026-04-30 03:54:01,175,175,78,156,,,,,0,0,,,
Bogor,Kabupaten Bogor Leuwiliang,2026-04-30 03:00:00,81,81,44,,4,9,0,80,,,,,
Tangerang,Tangerang Pasir Jaya,2026-04-30 03:00:00,152,152,61,,58,63,0,65,,,,,
Bekasi,Bekasi Kayuringin,2026-04-30 03:00:00,69,69,36,,42,15,0,7,,,,,
Jakarta,The Pakubuwono Menteng,2026-04-30 03:54:48,154,154,59,119,,,,,56,30.5,,,
Depok,Cinere - Nafas,2026-04-30 03:55:01,176,176,80,156,,,,,0,0,,,
Bogor,Kabupaten Bogor Leuwiliang,2026-04-30 03:00:00,81,81,44,,4,9,0,80,,,,,
Tangerang,Tangerang Pasir Jaya,2026-04-30 03:00:00,152,152,61,,58,63,0,65,,,,,
Bekasi,Bekasi Kayuringin,2026-04-30 03:00:00,69,69,36,,42,15,0,7,,,,,
Jakarta,The Pakubuwono Menteng,2026-04-30 03:55:48,153,153,58,123,,,,,56,30.5,,,
Depok,Cinere - Nafas,2026-04-30 03:56:01,175,175,78,156,,,,,0,0,,,
Bogor,Kabupaten Bogor Leuwiliang,2026-04-30 03:00:00,81,81,44,,4,9,0,80,,,,,
Tangerang,Tangerang Pasir Jaya,2026-04-30 03:00:00,152,152,61,,58,63,0,65,,,,,
Bekasi,Bekasi Kayuringin,2026-04-30 03:00:00,69,69,36,,42,15,0,7,,,,,
Jakarta,The Pakubuwono Menteng,2026-04-30 03:56:49,152,152,57,113,,,,,56,30.4,,,
Depok,Cinere - Nafas,2026-04-30 03:57:01,175,175,78,157,,,,,0,0,,,
Bogor,Kabupaten Bogor Leuwiliang,2026-04-30 03:00:00,81,81,44,,4,9,0,80,,,,,
Tangerang,Tangerang Pasir Jaya,2026-04-30 03:00:00,152,152,61,,58,63,0,65,,,,,
Bekasi,Bekasi Kayuringin,2026-04-30 03:00:00,69,69,36,,42,15,0,7,,,,,
Jakarta,The Pakubuwono Menteng,2026-04-30 03:57:49,153,153,58,117,,,,,56,30.5,,,
Depok,Cinere - Nafas,2026-04-30 03:58:01,175,175,77,156,,,,,0,0,,,
Bogor,Kabupaten Bogor Leuwiliang,2026-04-30 03:00:00,81,81,44,,4,9,0,80,,,,,
Tangerang,Tangerang Pasir Jaya,2026-04-30 03:00:00,152,152,61,,58,63,0,65,,,,,
Bekasi,Bekasi Kayuringin,2026-04-30 03:00:00,69,69,36,,42,15,0,7,,,,,
Jakarta,The Pakubuwono Menteng,2026-04-30 03:59:49,153,153,59,121,,,,,56,30.5,,,
Depok,Cinere - Nafas,2026-04-30 04:00:01,177,177,79,156,,,,,0,0,,,
Bogor,Kabupaten Bogor Leuwiliang,2026-04-30 03:00:00,81,81,44,,4,9,0,80,,,,,
Tangerang,Tangerang Pasir Jaya,2026-04-30 03:00:00,152,152,61,,58,63,0,65,,,,,
Bekasi,Bekasi Kayuringin,2026-04-30 03:00:00,69,69,36,,42,15,0,7,,,,,
Jakarta,The Pakubuwono Menteng,2026-04-30 04:01:49,147,147,55,109,,,,,56,30.5,,,
Depok,Cinere - Nafas,2026-04-30 04:02:02,175,175,78,156,,,,,0,0,,,
Bogor,Kabupaten Bogor Leuwiliang,2026-04-30 03:00:00,81,81,44,,4,9,0,80,,,,,
Tangerang,Tangerang Pasir Jaya,2026-04-30 03:00:00,152,152,61,,58,63,0,65,,,,,
Bekasi,Bekasi Kayuringin,2026-04-30 03:00:00,69,69,36,,42,15,0,7,,,,,
Jakarta,The Pakubuwono Menteng,2026-04-30 04:02:49,146,146,56,104,,,,,56,30.5,,,
Depok,Cinere - Nafas,2026-04-30 04:03:01,174,174,76,155,,,,,0,0,,,
Bogor,Kabupaten Bogor Leuwiliang,2026-04-30 03:00:00,81,81,44,,4,9,0,80,,,,,
Tangerang,Tangerang Pasir Jaya,2026-04-30 03:00:00,152,152,61,,58,63,0,65,,,,,
Bekasi,Bekasi Kayuringin,2026-04-30 03:00:00,69,69,36,,42,15,0,7,,,,,
Jakarta,The Pakubuwono Menteng,2026-04-30 04:03:49,153,153,59,118,,,,,55,30.5,,,
Depok,Cinere - Nafas,2026-04-30 04:04:01,174,174,77,155,,,,,0,0,,,
Bogor,Kabupaten Bogor Leuwiliang,2026-04-30 03:00:00,81,81,44,,4,9,0,80,,,,,
Tangerang,Tangerang Pasir Jaya,2026-04-30 03:00:00,152,152,61,,58,63,0,65,,,,,
Bekasi,Bekasi Kayuringin,2026-04-30 03:00:00,69,69,36,,42,15,0,7,,,,,
Jakarta,The Pakubuwono Menteng,2026-04-30 04:03:49,153,153,59,118,,,,,55,30.5,,,
Depok,Cinere - Nafas,2026-04-30 04:04:01,174,174,77,155,,,,,0,0,,,
Bogor,Kabupaten Bogor Leuwiliang,2026-04-30 03:00:00,81,81,44,,4,9,0,80,,,,,
Tangerang,Tangerang Pasir Jaya,2026-04-30 03:00:00,152,152,61,,58,63,0,65,,,,,
Bekasi,Bekasi Kayuringin,2026-04-30 03:00:00,69,69,36,,42,15,0,7,,,,,
Jakarta,The Pakubuwono Menteng,2026-04-30 04:04:49,153,153,59,118,,,,,55,30.5,,,
Depok,Cinere - Nafas,2026-04-30 04:05:01,174,174,77,154,,,,,0,0,,,
Bogor,Kabupaten Bogor Leuwiliang,2026-04-30 03:00:00,81,81,44,,4,9,0,80,,,,,
Tangerang,Tangerang Pasir Jaya,2026-04-30 03:00:00,152,152,61,,58,63,0,65,,,,,
Bekasi,Bekasi Kayuringin,2026-04-30 03:00:00,69,69,36,,42,15,0,7,,,,,
Jakarta,The Pakubuwono Menteng,2026-04-30 04:06:49,151,151,57,109,,,,,55,30.4,,,
Depok,Cinere - Nafas,2026-04-30 04:07:02,174,174,78,155,,,,,0,0,,,
Bogor,Kabupaten Bogor Leuwiliang,2026-04-30 03:00:00,81,81,44,,4,9,0,80,,,,,
Tangerang,Tangerang Pasir Jaya,2026-04-30 03:00:00,152,152,61,,58,63,0,65,,,,,
Bekasi,Bekasi Kayuringin,2026-04-30 03:00:00,69,69,36,,42,15,0,7,,,,,
Jakarta,The Pakubuwono Menteng,2026-04-30 04:07:49,152,152,58,120,,,,,55,30.4,,,
Depok,Cinere - Nafas,2026-04-30 04:08:01,176,176,78,156,,,,,0,0,,,
Bogor,Kabupaten Bogor Leuwiliang,2026-04-30 03:00:00,81,81,44,,4,9,0,80,,,,,
Tangerang,Tangerang Pasir Jaya,2026-04-30 03:00:00,152,152,61,,58,63,0,65,,,,,
Bekasi,Bekasi Kayuringin,2026-04-30 03:00:00,69,69,36,,42,15,0,7,,,,,
Jakarta,The Pakubuwono Menteng,2026-04-30 04:08:49,152,152,58,111,,,,,55,30.5,,,
Depok,Cinere - Nafas,2026-04-30 04:09:01,173,173,76,156,,,,,0,0,,,
Bogor,Kabupaten Bogor Leuwiliang,2026-04-30 04:00:00,81,81,44,,4,9,0,80,,,,,
Tangerang,Tangerang Pasir Jaya,2026-04-30 04:00:00,152,152,61,,58,63,0,65,,,,,
Bekasi,Bekasi Kayuringin,2026-04-30 04:00:00,66,66,34,,42,15,0,7,,,,,
Jakarta,The Pakubuwono Menteng,2026-04-30 04:10:49,150,150,56,105,,,,,55,30.4,,,
Depok,Cinere - Nafas,2026-04-30 04:11:01,173,173,76,156,,,,,0,0,,,
Bogor,Kabupaten Bogor Leuwiliang,2026-04-30 04:00:00,81,81,44,,4,9,0,80,,,,,
Tangerang,Tangerang Pasir Jaya,2026-04-30 04:00:00,152,152,61,,58,63,0,65,,,,,
Bekasi,Bekasi Kayuringin,2026-04-30 04:00:00,66,66,34,,42,15,0,7,,,,,
Jakarta,The Pakubuwono Menteng,2026-04-30 04:11:49,144,144,56,105,,,,,55,30.4,,,
Depok,Cinere - Nafas,2026-04-30 04:11:01,173,173,76,156,,,,,0,0,,,
Bogor,Kabupaten Bogor Leuwiliang,2026-04-30 04:00:00,81,81,44,,4,9,0,80,,,,,
Tangerang,Tangerang Pasir Jaya,2026-04-30 04:00:00,152,152,61,,58,63,0,65,,,,,
Bekasi,Bekasi Kayuringin,2026-04-30 04:00:00,66,66,34,,42,15,0,7,,,,,
Jakarta,The Pakubuwono Menteng,2026-04-30 04:12:49,145,145,56,102,,,,,55,30.4,,,
Depok,Cinere - Nafas,2026-04-30 04:11:01,173,173,76,156,,,,,0,0,,,
Bogor,Kabupaten Bogor Leuwiliang,2026-04-30 04:00:00,81,81,44,,4,9,0,80,,,,,
Tangerang,Tangerang Pasir Jaya,2026-04-30 04:00:00,152,152,61,,58,63,0,65,,,,,
Bekasi,Bekasi Kayuringin,2026-04-30 04:00:00,66,66,34,,42,15,0,7,,,,,
Jakarta,The Pakubuwono Menteng,2026-04-30 04:14:49,143,143,56,106,,,,,55,30.4,,,
Depok,Cinere - Nafas,2026-04-30 04:14:29,174,174,77,156,,,,,0,0,,,
Bogor,Kabupaten Bogor Leuwiliang,2026-04-30 04:00:00,81,81,44,,4,9,0,80,,,,,
Tangerang,Tangerang Pasir Jaya,2026-04-30 04:00:00,152,152,61,,58,63,0,65,,,,,
Bekasi,Bekasi Kayuringin,2026-04-30 04:00:00,66,66,34,,42,15,0,7,,,,,
Jakarta,The Pakubuwono Menteng,2026-04-30 04:15:49,143,143,56,105,,,,,55,30.4,,,
Depok,Cinere - Nafas,2026-04-30 04:15:52,175,175,77,155,,,,,0,0,,,
Bogor,Kabupaten Bogor Leuwiliang,2026-04-30 04:00:00,81,81,44,,4,9,0,80,,,,,
Tangerang,Tangerang Pasir Jaya,2026-04-30 04:00:00,152,152,61,,58,63,0,65,,,,,
Bekasi,Bekasi Kayuringin,2026-04-30 04:00:00,66,66,34,,42,15,0,7,,,,,
Jakarta,The Pakubuwono Menteng,2026-04-30 04:16:49,143,143,56,107,,,,,55,30.3,,,
Depok,Cinere - Nafas,2026-04-30 04:16:52,174,174,77,156,,,,,0,0,,,
Bogor,Kabupaten Bogor Leuwiliang,2026-04-30 04:00:00,81,81,44,,4,9,0,80,,,,,
Tangerang,Tangerang Pasir Jaya,2026-04-30 04:00:00,152,152,61,,58,63,0,65,,,,,
Bekasi,Bekasi Kayuringin,2026-04-30 04:00:00,66,66,34,,42,15,0,7,,,,,
Jakarta,The Pakubuwono Menteng,2026-04-30 04:17:49,139,139,54,100,,,,,55,30.4,,,
Depok,Cinere - Nafas,2026-04-30 04:17:52,175,175,78,155,,,,,0,0,,,
Bogor,Kabupaten Bogor Leuwiliang,2026-04-30 04:00:00,81,81,44,,4,9,0,80,,,,,
Tangerang,Tangerang Pasir Jaya,2026-04-30 04:00:00,152,152,61,,58,63,0,65,,,,,
Bekasi,Bekasi Kayuringin,2026-04-30 04:00:00,66,66,34,,42,15,0,7,,,,,
Jakarta,The Pakubuwono Menteng,2026-04-30 04:17:49,139,139,54,100,,,,,55,30.4,,,
Depok,Cinere - Nafas,2026-04-30 04:17:52,175,175,78,155,,,,,0,0,,,
Bogor,Kabupaten Bogor Leuwiliang,2026-04-30 04:00:00,81,81,44,,4,9,0,80,,,,,
Tangerang,Tangerang Pasir Jaya,2026-04-30 04:00:00,152,152,61,,58,63,0,65,,,,,
Bekasi,Bekasi Kayuringin,2026-04-30 04:00:00,66,66,34,,42,15,0,7,,,,,
Jakarta,The Pakubuwono Menteng,2026-04-30 04:19:49,144,144,56,106,,,,,55,30.4,,,
Depok,Cinere - Nafas,2026-04-30 04:19:52,175,175,77,156,,,,,0,0,,,
Bogor,Kabupaten Bogor Leuwiliang,2026-04-30 04:00:00,81,81,44,,4,9,0,80,,,,,
Tangerang,Tangerang Pasir Jaya,2026-04-30 04:00:00,152,152,61,,58,63,0,65,,,,,
Bekasi,Bekasi Kayuringin,2026-04-30 04:00:00,66,66,34,,42,15,0,7,,,,,
Jakarta,The Pakubuwono Menteng,2026-04-30 04:21:49,151,151,57,109,,,,,55,30.3,,,
Depok,Cinere - Nafas,2026-04-30 04:21:52,174,174,77,156,,,,,0,0,,,
Bogor,Kabupaten Bogor Leuwiliang,2026-04-30 04:00:00,81,81,44,,4,9,0,80,,,,,
Tangerang,Tangerang Pasir Jaya,2026-04-30 04:00:00,152,152,61,,58,63,0,65,,,,,
Bekasi,Bekasi Kayuringin,2026-04-30 04:00:00,66,66,34,,42,15,0,7,,,,,
Jakarta,The Pakubuwono Menteng,2026-04-30 04:22:49,150,150,56,106,,,,,55,30.3,,,
Depok,Cinere - Nafas,2026-04-30 04:22:52,173,173,76,154,,,,,0,0,,,
Bogor,Kabupaten Bogor Leuwiliang,2026-04-30 04:00:00,81,81,44,,4,9,0,80,,,,,
Tangerang,Tangerang Pasir Jaya,2026-04-30 04:00:00,152,152,61,,58,63,0,65,,,,,
Bekasi,Bekasi Kayuringin,2026-04-30 04:00:00,66,66,34,,42,15,0,7,,,,,
Jakarta,The Pakubuwono Menteng,2026-04-30 04:23:49,143,143,56,101,,,,,55,30.3,,,
Depok,Cinere - Nafas,2026-04-30 04:23:52,172,172,76,154,,,,,0,0,,,
Bogor,Kabupaten Bogor Leuwiliang,2026-04-30 04:00:00,81,81,44,,4,9,0,80,,,,,
Tangerang,Tangerang Pasir Jaya,2026-04-30 04:00:00,152,152,61,,58,63,0,65,,,,,
Bekasi,Bekasi Kayuringin,2026-04-30 04:00:00,66,66,34,,42,15,0,7,,,,,
Jakarta,The Pakubuwono Menteng,2026-04-30 04:24:49,140,140,55,103,,,,,54,30.3,,,
Depok,Cinere - Nafas,2026-04-30 04:24:52,174,174,78,155,,,,,0,0,,,
Bogor,Kabupaten Bogor Leuwiliang,2026-04-30 04:00:00,81,81,44,,4,9,0,80,,,,,
Tangerang,Tangerang Pasir Jaya,2026-04-30 04:00:00,152,152,61,,58,63,0,65,,,,,
Bekasi,Bekasi Kayuringin,2026-04-30 04:00:00,66,66,34,,42,15,0,7,,,,,
Jakarta,The Pakubuwono Menteng,2026-04-30 04:25:49,141,141,55,101,,,,,55,30.3,,,
Depok,Cinere - Nafas,2026-04-30 04:25:52,175,175,78,156,,,,,0,0,,,
Bogor,Kabupaten Bogor Leuwiliang,2026-04-30 04:00:00,81,81,44,,4,9,0,80,,,,,
Tangerang,Tangerang Pasir Jaya,2026-04-30 04:00:00,152,152,61,,58,63,0,65,,,,,
Bekasi,Bekasi Kayuringin,2026-04-30 04:00:00,66,66,34,,42,15,0,7,,,,,
Jakarta,The Pakubuwono Menteng,2026-04-30 04:26:49,138,138,54,101,,,,,54,30.3,,,
Depok,Cinere - Nafas,2026-04-30 04:26:52,173,173,76,154,,,,,0,0,,,
Bogor,Kabupaten Bogor Leuwiliang,2026-04-30 04:00:00,81,81,44,,4,9,0,80,,,,,
Tangerang,Tangerang Pasir Jaya,2026-04-30 04:00:00,152,152,61,,58,63,0,65,,,,,
Bekasi,Bekasi Kayuringin,2026-04-30 04:00:00,66,66,34,,42,15,0,7,,,,,
Jakarta,The Pakubuwono Menteng,2026-04-30 04:27:49,131,131,53,95,,,,,55,30.2,,,
Depok,Cinere - Nafas,2026-04-30 04:27:53,175,175,77,155,,,,,0,0,,,
Bogor,Kabupaten Bogor Leuwiliang,2026-04-30 04:00:00,81,81,44,,4,9,0,80,,,,,
Tangerang,Tangerang Pasir Jaya,2026-04-30 04:00:00,152,152,61,,58,63,0,65,,,,,
Bekasi,Bekasi Kayuringin,2026-04-30 04:00:00,66,66,34,,42,15,0,7,,,,,
Jakarta,The Pakubuwono Menteng,2026-04-30 04:30:49,127,127,52,94,,,,,54,30.2,,,
Depok,Cinere - Nafas,2026-04-30 04:30:52,173,173,78,155,,,,,0,0,,,
Bogor,Kabupaten Bogor Leuwiliang,2026-04-30 04:00:00,81,81,44,,4,9,0,80,,,,,
Tangerang,Tangerang Pasir Jaya,2026-04-30 04:00:00,152,152,61,,58,63,0,65,,,,,
Bekasi,Bekasi Kayuringin,2026-04-30 04:00:00,66,66,34,,42,15,0,7,,,,,
Jakarta,The Pakubuwono Menteng,2026-04-30 04:30:49,127,127,52,94,,,,,54,30.2,,,
Depok,Cinere - Nafas,2026-04-30 04:30:52,173,173,78,155,,,,,0,0,,,
Bogor,Kabupaten Bogor Leuwiliang,2026-04-30 04:00:00,81,81,44,,4,9,0,80,,,,,
Tangerang,Tangerang Pasir Jaya,2026-04-30 04:00:00,152,152,61,,58,63,0,65,,,,,
Bekasi,Bekasi Kayuringin,2026-04-30 04:00:00,66,66,34,,42,15,0,7,,,,,
Jakarta,The Pakubuwono Menteng,2026-04-30 04:31:49,127,127,52,90,,,,,54,30.2,,,
Depok,Cinere - Nafas,2026-04-30 04:31:52,172,172,75,155,,,,,0,0,,,
Bogor,Kabupaten Bogor Leuwiliang,2026-04-30 04:00:00,81,81,44,,4,9,0,80,,,,,
Tangerang,Tangerang Pasir Jaya,2026-04-30 04:00:00,152,152,61,,58,63,0,65,,,,,
Bekasi,Bekasi Kayuringin,2026-04-30 04:00:00,66,66,34,,42,15,0,7,,,,,
Jakarta,The Pakubuwono Menteng,2026-04-30 04:32:49,124,124,51,89,,,,,54,30.1,,,
Depok,Cinere - Nafas,2026-04-30 04:32:52,173,173,76,155,,,,,0,0,,,
Bogor,Kabupaten Bogor Leuwiliang,2026-04-30 04:00:00,81,81,44,,4,9,0,80,,,,,
Tangerang,Tangerang Pasir Jaya,2026-04-30 04:00:00,152,152,61,,58,63,0,65,,,,,
Bekasi,Bekasi Kayuringin,2026-04-30 04:00:00,66,66,34,,42,15,0,7,,,,,
Jakarta,The Pakubuwono Menteng,2026-04-30 04:33:49,127,127,51,90,,,,,54,30.2,,,
Depok,Cinere - Nafas,2026-04-30 04:33:52,173,173,76,155,,,,,0,0,,,
Bogor,Kabupaten Bogor Leuwiliang,2026-04-30 04:00:00,81,81,44,,4,9,0,80,,,,,
Tangerang,Tangerang Pasir Jaya,2026-04-30 04:00:00,152,152,61,,58,63,0,65,,,,,
Bekasi,Bekasi Kayuringin,2026-04-30 04:00:00,66,66,34,,42,15,0,7,,,,,
Jakarta,The Pakubuwono Menteng,2026-04-30 04:34:49,121,121,48,89,,,,,54,30.2,,,
Depok,Cinere - Nafas,2026-04-30 04:34:52,174,174,77,155,,,,,0,0,,,
Bogor,Kabupaten Bogor Leuwiliang,2026-04-30 04:00:00,81,81,44,,4,9,0,80,,,,,
Tangerang,Tangerang Pasir Jaya,2026-04-30 04:00:00,152,152,61,,58,63,0,65,,,,,
Bekasi,Bekasi Kayuringin,2026-04-30 04:00:00,66,66,34,,42,15,0,7,,,,,
Jakarta,The Pakubuwono Menteng,2026-04-30 04:36:50,126,126,51,92,,,,,54,30.1,,,
Depok,Cinere - Nafas,2026-04-30 04:36:52,174,174,77,156,,,,,0,0,,,
Bogor,Kabupaten Bogor Leuwiliang,2026-04-30 04:00:00,81,81,44,,4,9,0,80,,,,,
Tangerang,Tangerang Pasir Jaya,2026-04-30 04:00:00,152,152,61,,58,63,0,65,,,,,
Bekasi,Bekasi Kayuringin,2026-04-30 04:00:00,66,66,34,,42,15,0,7,,,,,
Jakarta,The Pakubuwono Menteng,2026-04-30 04:37:49,121,121,48,88,,,,,54,30.1,,,
Depok,Cinere - Nafas,2026-04-30 04:38:52,175,175,76,155,,,,,0,0,,,
Bogor,Kabupaten Bogor Leuwiliang,2026-04-30 04:00:00,81,81,44,,4,9,0,80,,,,,
Tangerang,Tangerang Pasir Jaya,2026-04-30 04:00:00,152,152,61,,58,63,0,65,,,,,
Bekasi,Bekasi Kayuringin,2026-04-30 04:00:00,66,66,34,,42,15,0,7,,,,,
Jakarta,The Pakubuwono Menteng,2026-04-30 04:39:49,126,126,50,90,,,,,54,30.1,,,
Depok,Cinere - Nafas,2026-04-30 04:39:52,174,174,77,156,,,,,0,0,,,
Bogor,Kabupaten Bogor Leuwiliang,2026-04-30 04:00:00,81,81,44,,4,9,0,80,,,,,
Tangerang,Tangerang Pasir Jaya,2026-04-30 04:00:00,152,152,61,,58,63,0,65,,,,,
Bekasi,Bekasi Kayuringin,2026-04-30 04:00:00,66,66,34,,42,15,0,7,,,,,
Jakarta,The Pakubuwono Menteng,2026-04-30 04:40:49,119,119,47,88,,,,,54,30.1,,,
Depok,Cinere - Nafas,2026-04-30 04:40:52,176,176,80,156,,,,,0,0,,,
Bogor,Kabupaten Bogor Leuwiliang,2026-04-30 04:00:00,81,81,44,,4,9,0,80,,,,,
Tangerang,Tangerang Pasir Jaya,2026-04-30 04:00:00,152,152,61,,58,63,0,65,,,,,
Bekasi,Bekasi Kayuringin,2026-04-30 04:00:00,66,66,34,,42,15,0,7,,,,,
Jakarta,The Pakubuwono Menteng,2026-04-30 04:41:49,124,124,49,89,,,,,54,30.1,,,
Depok,Cinere - Nafas,2026-04-30 04:41:52,175,175,79,156,,,,,0,0,,,
Bogor,Kabupaten Bogor Leuwiliang,2026-04-30 04:00:00,81,81,44,,4,9,0,80,,,,,
Tangerang,Tangerang Pasir Jaya,2026-04-30 04:00:00,152,152,61,,58,63,0,65,,,,,
Bekasi,Bekasi Kayuringin,2026-04-30 04:00:00,66,66,34,,42,15,0,7,,,,,
Jakarta,The Pakubuwono Menteng,2026-04-30 04:43:49,117,117,46,83,,,,,54,30.1,,,
Depok,Cinere - Nafas,2026-04-30 04:43:52,176,176,78,156,,,,,0,0,,,
Bogor,Kabupaten Bogor Leuwiliang,2026-04-30 04:00:00,81,81,44,,4,9,0,80,,,,,
Tangerang,Tangerang Pasir Jaya,2026-04-30 04:00:00,152,152,61,,58,63,0,65,,,,,
Bekasi,Bekasi Kayuringin,2026-04-30 04:00:00,66,66,34,,42,15,0,7,,,,,
Jakarta,The Pakubuwono Menteng,2026-04-30 04:43:49,117,117,46,83,,,,,54,30.1,,,
Depok,Cinere - Nafas,2026-04-30 04:43:52,176,176,78,156,,,,,0,0,,,
Bogor,Kabupaten Bogor Leuwiliang,2026-04-30 04:00:00,81,81,44,,4,9,0,80,,,,,
Tangerang,Tangerang Pasir Jaya,2026-04-30 04:00:00,152,152,61,,58,63,0,65,,,,,
Bekasi,Bekasi Kayuringin,2026-04-30 04:00:00,66,66,34,,42,15,0,7,,,,,
Jakarta,The Pakubuwono Menteng,2026-04-30 04:44:49,119,119,47,85,,,,,54,30.1,,,
Depok,Cinere - Nafas,2026-04-30 04:44:53,175,175,79,156,,,,,0,0,,,
Bogor,Kabupaten Bogor Leuwiliang,2026-04-30 04:00:00,81,81,44,,4,9,0,80,,,,,
Tangerang,Tangerang Pasir Jaya,2026-04-30 04:00:00,152,152,61,,58,63,0,65,,,,,
Bekasi,Bekasi Kayuringin,2026-04-30 04:00:00,66,66,34,,42,15,0,7,,,,,
Jakarta,The Pakubuwono Menteng,2026-04-30 04:45:49,116,116,47,86,,,,,54,30.1,,,
Depok,Cinere - Nafas,2026-04-30 04:45:53,176,176,80,156,,,,,0,0,,,
Bogor,Kabupaten Bogor Leuwiliang,2026-04-30 04:00:00,81,81,44,,4,9,0,80,,,,,
Tangerang,Tangerang Pasir Jaya,2026-04-30 04:00:00,152,152,61,,58,63,0,65,,,,,
Bekasi,Bekasi Kayuringin,2026-04-30 04:00:00,66,66,34,,42,15,0,7,,,,,
Jakarta,The Pakubuwono Menteng,2026-04-30 04:47:50,112,112,45,83,,,,,54,30.1,,,
Depok,Cinere - Nafas,2026-04-30 04:47:52,176,176,79,156,,,,,0,0,,,
Bogor,Kabupaten Bogor Leuwiliang,2026-04-30 04:00:00,81,81,44,,4,9,0,80,,,,,
Tangerang,Tangerang Pasir Jaya,2026-04-30 04:00:00,152,152,61,,58,63,0,65,,,,,
Bekasi,Bekasi Kayuringin,2026-04-30 04:00:00,66,66,34,,42,15,0,7,,,,,
Jakarta,The Pakubuwono Menteng,2026-04-30 04:48:50,118,118,48,87,,,,,54,30.1,,,
Depok,Cinere - Nafas,2026-04-30 04:48:53,175,175,78,156,,,,,0,0,,,
Bogor,Kabupaten Bogor Leuwiliang,2026-04-30 04:00:00,81,81,44,,4,9,0,80,,,,,
Tangerang,Tangerang Pasir Jaya,2026-04-30 04:00:00,152,152,61,,58,63,0,65,,,,,
Bekasi,Bekasi Kayuringin,2026-04-30 04:00:00,66,66,34,,42,15,0,7,,,,,
Jakarta,The Pakubuwono Menteng,2026-04-30 04:50:49,116,116,44,86,,,,,54,30.1,,,
Depok,Cinere - Nafas,2026-04-30 04:50:52,176,176,81,157,,,,,0,0,,,
Bogor,Kabupaten Bogor Leuwiliang,2026-04-30 04:00:00,81,81,44,,4,9,0,80,,,,,
Tangerang,Tangerang Pasir Jaya,2026-04-30 04:00:00,152,152,61,,58,63,0,65,,,,,
Bekasi,Bekasi Kayuringin,2026-04-30 04:00:00,66,66,34,,42,15,0,7,,,,,
Jakarta,The Pakubuwono Menteng,2026-04-30 04:51:50,122,122,48,88,,,,,54,30.1,,,
Depok,Cinere - Nafas,2026-04-30 04:51:53,176,176,79,157,,,,,0,0,,,
Bogor,Kabupaten Bogor Leuwiliang,2026-04-30 04:00:00,81,81,44,,4,9,0,80,,,,,
Tangerang,Tangerang Pasir Jaya,2026-04-30 04:00:00,152,152,61,,58,63,0,65,,,,,
Bekasi,Bekasi Kayuringin,2026-04-30 04:00:00,66,66,34,,42,15,0,7,,,,,
Jakarta,The Pakubuwono Menteng,2026-04-30 04:52:49,116,116,45,86,,,,,54,30.2,,,
Depok,Cinere - Nafas,2026-04-30 04:52:53,176,176,79,156,,,,,0,0,,,
Bogor,Kabupaten Bogor Leuwiliang,2026-04-30 04:00:00,81,81,44,,4,9,0,80,,,,,
Tangerang,Tangerang Pasir Jaya,2026-04-30 04:00:00,152,152,61,,58,63,0,65,,,,,
Bekasi,Bekasi Kayuringin,2026-04-30 04:00:00,66,66,34,,42,15,0,7,,,,,
Jakarta,The Pakubuwono Menteng,2026-04-30 04:53:49,118,118,48,88,,,,,54,30.1,,,
Depok,Cinere - Nafas,2026-04-30 04:53:52,177,177,80,157,,,,,0,0,,,
Bogor,Kabupaten Bogor Leuwiliang,2026-04-30 04:00:00,81,81,44,,4,9,0,80,,,,,
Tangerang,Tangerang Pasir Jaya,2026-04-30 04:00:00,152,152,61,,58,63,0,65,,,,,
Bekasi,Bekasi Kayuringin,2026-04-30 04:00:00,66,66,34,,42,15,0,7,,,,,
Jakarta,The Pakubuwono Menteng,2026-04-30 04:54:49,120,120,50,86,,,,,54,30.1,,,
Depok,Cinere - Nafas,2026-04-30 04:54:53,177,177,79,156,,,,,0,0,,,
Bogor,Kabupaten Bogor Leuwiliang,2026-04-30 04:00:00,81,81,44,,4,9,0,80,,,,,
Tangerang,Tangerang Pasir Jaya,2026-04-30 04:00:00,152,152,61,,58,63,0,65,,,,,
Bekasi,Bekasi Kayuringin,2026-04-30 04:00:00,66,66,34,,42,15,0,7,,,,,
Jakarta,The Pakubuwono Menteng,2026-04-30 04:55:50,117,117,47,87,,,,,54,30.1,,,
Depok,Cinere - Nafas,2026-04-30 04:55:52,178,178,80,157,,,,,0,0,,,
Bogor,Kabupaten Bogor Leuwiliang,2026-04-30 04:00:00,81,81,44,,4,9,0,80,,,,,
Tangerang,Tangerang Pasir Jaya,2026-04-30 04:00:00,152,152,61,,58,63,0,65,,,,,
Bekasi,Bekasi Kayuringin,2026-04-30 04:00:00,66,66,34,,42,15,0,7,,,,,
Jakarta,The Pakubuwono Menteng,2026-04-30 04:57:50,118,118,47,87,,,,,54,30.1,,,
Depok,Cinere - Nafas,2026-04-30 04:57:53,177,177,80,156,,,,,0,0,,,
Bogor,Kabupaten Bogor Leuwiliang,2026-04-30 04:00:00,81,81,44,,4,9,0,80,,,,,
Tangerang,Tangerang Pasir Jaya,2026-04-30 04:00:00,152,152,61,,58,63,0,65,,,,,
Bekasi,Bekasi Kayuringin,2026-04-30 04:00:00,66,66,34,,42,15,0,7,,,,,
Jakarta,The Pakubuwono Menteng,2026-04-30 04:58:53,119,119,47,89,,,,,54,30.1,,,
Depok,Cinere - Nafas,2026-04-30 04:58:53,176,176,81,157,,,,,0,0,,,
Bogor,Kabupaten Bogor Leuwiliang,2026-04-30 04:00:00,81,81,44,,4,9,0,80,,,,,
Tangerang,Tangerang Pasir Jaya,2026-04-30 04:00:00,152,152,61,,58,63,0,65,,,,,
Bekasi,Bekasi Kayuringin,2026-04-30 04:00:00,66,66,34,,42,15,0,7,,,,,
Jakarta,The Pakubuwono Menteng,2026-04-30 04:59:50,125,125,51,90,,,,,54,30.1,,,
Depok,Cinere - Nafas,2026-04-30 04:59:53,178,178,81,157,,,,,0,0,,,
Bogor,Kabupaten Bogor Leuwiliang,2026-04-30 04:00:00,81,81,44,,4,9,0,80,,,,,
Tangerang,Tangerang Pasir Jaya,2026-04-30 04:00:00,152,152,61,,58,63,0,65,,,,,
Bekasi,Bekasi Kayuringin,2026-04-30 04:00:00,66,66,34,,42,15,0,7,,,,,
Jakarta,The Pakubuwono Menteng,2026-04-30 05:00:50,123,123,49,89,,,,,54,30.1,,,
Depok,Cinere - Nafas,2026-04-30 05:00:53,177,177,80,157,,,,,0,0,,,
Bogor,Kabupaten Bogor Leuwiliang,2026-04-30 04:00:00,81,81,44,,4,9,0,80,,,,,
Tangerang,Tangerang Pasir Jaya,2026-04-30 04:00:00,152,152,61,,58,63,0,65,,,,,
Bekasi,Bekasi Kayuringin,2026-04-30 04:00:00,66,66,34,,42,15,0,7,,,,,
Jakarta,The Pakubuwono Menteng,2026-04-30 05:01:50,126,126,51,90,,,,,54,30.1,,,
Depok,Cinere - Nafas,2026-04-30 05:01:53,177,177,80,156,,,,,0,0,,,
Bogor,Kabupaten Bogor Leuwiliang,2026-04-30 04:00:00,81,81,44,,4,9,0,80,,,,,
Tangerang,Tangerang Pasir Jaya,2026-04-30 04:00:00,152,152,61,,58,63,0,65,,,,,
Bekasi,Bekasi Kayuringin,2026-04-30 04:00:00,66,66,34,,42,15,0,7,,,,,
Jakarta,The Pakubuwono Menteng,2026-04-30 05:02:50,125,125,50,90,,,,,54,30.1,,,
Depok,Cinere - Nafas,2026-04-30 05:02:53,177,177,79,158,,,,,0,0,,,
Bogor,Kabupaten Bogor Leuwiliang,2026-04-30 04:00:00,81,81,44,,4,9,0,80,,,,,
Tangerang,Tangerang Pasir Jaya,2026-04-30 04:00:00,152,152,61,,58,63,0,65,,,,,
Bekasi,Bekasi Kayuringin,2026-04-30 04:00:00,66,66,34,,42,15,0,7,,,,,
Jakarta,The Pakubuwono Menteng,2026-04-30 05:03:50,124,124,50,90,,,,,54,30.1,,,
Depok,Cinere - Nafas,2026-04-30 05:03:54,177,177,79,157,,,,,0,0,,,
Bogor,Kabupaten Bogor Leuwiliang,2026-04-30 04:00:00,81,81,44,,4,9,0,80,,,,,
Tangerang,Tangerang Pasir Jaya,2026-04-30 04:00:00,152,152,61,,58,63,0,65,,,,,
Bekasi,Bekasi Kayuringin,2026-04-30 04:00:00,66,66,34,,42,15,0,7,,,,,
Jakarta,The Pakubuwono Menteng,2026-04-30 05:05:50,121,121,47,88,,,,,54,30.1,,,
Depok,Cinere - Nafas,2026-04-30 05:05:53,176,176,81,157,,,,,0,0,,,
Bogor,Kabupaten Bogor Leuwiliang,2026-04-30 04:00:00,81,81,44,,4,9,0,80,,,,,
Tangerang,Tangerang Pasir Jaya,2026-04-30 04:00:00,152,152,61,,58,63,0,65,,,,,
Bekasi,Bekasi Kayuringin,2026-04-30 04:00:00,66,66,34,,42,15,0,7,,,,,
Jakarta,The Pakubuwono Menteng,2026-04-30 05:07:50,124,124,50,87,,,,,54,30,,,
Depok,Cinere - Nafas,2026-04-30 05:07:53,178,178,80,157,,,,,0,0,,,
Bogor,Kabupaten Bogor Leuwiliang,2026-04-30 04:00:00,81,81,44,,4,9,0,80,,,,,
Tangerang,Tangerang Pasir Jaya,2026-04-30 04:00:00,152,152,61,,58,63,0,65,,,,,
Bekasi,Bekasi Kayuringin,2026-04-30 04:00:00,66,66,34,,42,15,0,7,,,,,
Jakarta,The Pakubuwono Menteng,2026-04-30 05:08:50,120,120,49,88,,,,,54,30,,,
Depok,Cinere - Nafas,2026-04-30 05:07:53,178,178,80,157,,,,,0,0,,,
Bogor,Kabupaten Bogor Leuwiliang,2026-04-30 04:00:00,81,81,44,,4,9,0,80,,,,,
Tangerang,Tangerang Pasir Jaya,2026-04-30 04:00:00,152,152,61,,58,63,0,65,,,,,
Bekasi,Bekasi Kayuringin,2026-04-30 04:00:00,66,66,34,,42,15,0,7,,,,,
Jakarta,The Pakubuwono Menteng,2026-04-30 05:09:50,118,118,47,86,,,,,54,30,,,
Depok,Cinere - Nafas,2026-04-30 05:07:53,178,178,80,157,,,,,0,0,,,
Bogor,Kabupaten Bogor Leuwiliang,2026-04-30 05:00:00,81,81,43,,4,9,0,80,,,,,
Tangerang,Tangerang Pasir Jaya,2026-04-30 05:00:00,152,152,61,,58,63,0,65,,,,,
Bekasi,Bekasi Kayuringin,2026-04-30 05:00:00,62,62,33,,42,15,0,7,,,,,
Jakarta,The Pakubuwono Menteng,2026-04-30 05:10:50,124,124,50,90,,,,,54,30,,,
Depok,Cinere - Nafas,2026-04-30 05:10:11,177,177,81,157,,,,,0,0,,,
Bogor,Kabupaten Bogor Leuwiliang,2026-04-30 05:00:00,81,81,43,,4,9,0,80,,,,,
Tangerang,Tangerang Pasir Jaya,2026-04-30 05:00:00,152,152,61,,58,63,0,65,,,,,
Bekasi,Bekasi Kayuringin,2026-04-30 05:00:00,62,62,33,,42,15,0,7,,,,,
Jakarta,The Pakubuwono Menteng,2026-04-30 05:11:50,123,123,48,90,,,,,54,30,,,
Depok,Cinere - Nafas,2026-04-30 05:11:11,176,176,81,156,,,,,0,0,,,
Bogor,Kabupaten Bogor Leuwiliang,2026-04-30 05:00:00,81,81,43,,4,9,0,80,,,,,
Tangerang,Tangerang Pasir Jaya,2026-04-30 05:00:00,152,152,61,,58,63,0,65,,,,,
Bekasi,Bekasi Kayuringin,2026-04-30 05:00:00,62,62,33,,42,15,0,7,,,,,
Jakarta,The Pakubuwono Menteng,2026-04-30 05:12:50,122,122,49,87,,,,,54,30,,,
Depok,Cinere - Nafas,2026-04-30 05:12:12,178,178,83,158,,,,,0,0,,,
Bogor,Kabupaten Bogor Leuwiliang,2026-04-30 05:00:00,81,81,43,,4,9,0,80,,,,,
Tangerang,Tangerang Pasir Jaya,2026-04-30 05:00:00,152,152,61,,58,63,0,65,,,,,
Bekasi,Bekasi Kayuringin,2026-04-30 05:00:00,62,62,33,,42,15,0,7,,,,,
Jakarta,The Pakubuwono Menteng,2026-04-30 05:13:50,120,120,48,87,,,,,54,29.9,,,
Depok,Cinere - Nafas,2026-04-30 05:14:04,178,178,81,156,,,,,0,0,,,
Bogor,Kabupaten Bogor Leuwiliang,2026-04-30 05:00:00,81,81,43,,4,9,0,80,,,,,
Tangerang,Tangerang Pasir Jaya,2026-04-30 05:00:00,152,152,61,,58,63,0,65,,,,,
Bekasi,Bekasi Kayuringin,2026-04-30 05:00:00,62,62,33,,42,15,0,7,,,,,
Jakarta,The Pakubuwono Menteng,2026-04-30 05:14:50,116,116,46,86,,,,,54,29.9,,,
Depok,Cinere - Nafas,2026-04-30 05:14:04,178,178,81,156,,,,,0,0,,,
Bogor,Kabupaten Bogor Leuwiliang,2026-04-30 05:00:00,81,81,43,,4,9,0,80,,,,,
Tangerang,Tangerang Pasir Jaya,2026-04-30 05:00:00,152,152,61,,58,63,0,65,,,,,
Bekasi,Bekasi Kayuringin,2026-04-30 05:00:00,62,62,33,,42,15,0,7,,,,,
Jakarta,The Pakubuwono Menteng,2026-04-30 05:16:50,126,126,50,90,,,,,54,29.9,,,
Depok,Cinere - Nafas,2026-04-30 05:16:26,177,177,81,158,,,,,0,0,,,
Bogor,Kabupaten Bogor Leuwiliang,2026-04-30 05:00:00,81,81,43,,4,9,0,80,,,,,
Tangerang,Tangerang Pasir Jaya,2026-04-30 05:00:00,152,152,61,,58,63,0,65,,,,,
Bekasi,Bekasi Kayuringin,2026-04-30 05:00:00,62,62,33,,42,15,0,7,,,,,
Jakarta,The Pakubuwono Menteng,2026-04-30 05:18:50,114,114,46,85,,,,,54,29.9,,,
Depok,Cinere - Nafas,2026-04-30 05:17:26,178,178,81,157,,,,,0,0,,,
Bogor,Kabupaten Bogor Leuwiliang,2026-04-30 05:00:00,81,81,43,,4,9,0,80,,,,,
Tangerang,Tangerang Pasir Jaya,2026-04-30 05:00:00,152,152,61,,58,63,0,65,,,,,
Bekasi,Bekasi Kayuringin,2026-04-30 05:00:00,62,62,33,,42,15,0,7,,,,,
Jakarta,The Pakubuwono Menteng,2026-04-30 05:19:50,123,123,50,87,,,,,54,29.9,,,
Depok,Cinere - Nafas,2026-04-30 05:19:31,177,177,80,157,,,,,0,0,,,
Bogor,Kabupaten Bogor Leuwiliang,2026-04-30 05:00:00,81,81,43,,4,9,0,80,,,,,
Tangerang,Tangerang Pasir Jaya,2026-04-30 05:00:00,152,152,61,,58,63,0,65,,,,,
Bekasi,Bekasi Kayuringin,2026-04-30 05:00:00,62,62,33,,42,15,0,7,,,,,
Jakarta,The Pakubuwono Menteng,2026-04-30 05:20:50,118,118,47,86,,,,,54,29.9,,,
Depok,Cinere - Nafas,2026-04-30 05:19:31,177,177,80,157,,,,,0,0,,,
Bogor,Kabupaten Bogor Leuwiliang,2026-04-30 05:00:00,81,81,43,,4,9,0,80,,,,,
Tangerang,Tangerang Pasir Jaya,2026-04-30 05:00:00,152,152,61,,58,63,0,65,,,,,
Bekasi,Bekasi Kayuringin,2026-04-30 05:00:00,62,62,33,,42,15,0,7,,,,,
Jakarta,The Pakubuwono Menteng,2026-04-30 05:21:50,119,119,48,87,,,,,54,29.9,,,
Depok,Cinere - Nafas,2026-04-30 05:21:33,178,178,81,157,,,,,0,0,,,
Bogor,Kabupaten Bogor Leuwiliang,2026-04-30 05:00:00,81,81,43,,4,9,0,80,,,,,
Tangerang,Tangerang Pasir Jaya,2026-04-30 05:00:00,152,152,61,,58,63,0,65,,,,,
Bekasi,Bekasi Kayuringin,2026-04-30 05:00:00,62,62,33,,42,15,0,7,,,,,
Jakarta,The Pakubuwono Menteng,2026-04-30 05:22:50,120,120,50,87,,,,,54,29.9,,,
Depok,Cinere - Nafas,2026-04-30 05:22:33,178,178,81,157,,,,,0,0,,,
Bogor,Kabupaten Bogor Leuwiliang,2026-04-30 05:00:00,81,81,43,,4,9,0,80,,,,,
Tangerang,Tangerang Pasir Jaya,2026-04-30 05:00:00,152,152,61,,58,63,0,65,,,,,
Bekasi,Bekasi Kayuringin,2026-04-30 05:00:00,62,62,33,,42,15,0,7,,,,,
Jakarta,The Pakubuwono Menteng,2026-04-30 05:22:50,120,120,50,87,,,,,54,29.9,,,
Depok,Cinere - Nafas,2026-04-30 05:22:33,178,178,81,157,,,,,0,0,,,
Bogor,Kabupaten Bogor Leuwiliang,2026-04-30 05:00:00,81,81,43,,4,9,0,80,,,,,
Tangerang,Tangerang Pasir Jaya,2026-04-30 05:00:00,152,152,61,,58,63,0,65,,,,,
Bekasi,Bekasi Kayuringin,2026-04-30 05:00:00,62,62,33,,42,15,0,7,,,,,
Jakarta,The Pakubuwono Menteng,2026-04-30 05:23:50,121,121,50,88,,,,,54,29.9,,,
Depok,Cinere - Nafas,2026-04-30 05:23:33,177,177,80,156,,,,,0,0,,,
Bogor,Kabupaten Bogor Leuwiliang,2026-04-30 05:00:00,81,81,43,,4,9,0,80,,,,,
Tangerang,Tangerang Pasir Jaya,2026-04-30 05:00:00,152,152,61,,58,63,0,65,,,,,
Bekasi,Bekasi Kayuringin,2026-04-30 05:00:00,62,62,33,,42,15,0,7,,,,,
Jakarta,The Pakubuwono Menteng,2026-04-30 05:26:50,120,120,48,88,,,,,54,29.9,,,
Depok,Cinere - Nafas,2026-04-30 05:26:33,175,175,78,156,,,,,0,0,,,
Bogor,Kabupaten Bogor Leuwiliang,2026-04-30 05:00:00,81,81,43,,4,9,0,80,,,,,
Tangerang,Tangerang Pasir Jaya,2026-04-30 05:00:00,152,152,61,,58,63,0,65,,,,,
Bekasi,Bekasi Kayuringin,2026-04-30 05:00:00,62,62,33,,42,15,0,7,,,,,
Jakarta,The Pakubuwono Menteng,2026-04-30 05:27:50,114,114,45,86,,,,,54,29.9,,,
Depok,Cinere - Nafas,2026-04-30 05:28:01,176,176,80,156,,,,,0,0,,,
Bogor,Kabupaten Bogor Leuwiliang,2026-04-30 05:00:00,81,81,43,,4,9,0,80,,,,,
Tangerang,Tangerang Pasir Jaya,2026-04-30 05:00:00,152,152,61,,58,63,0,65,,,,,
Bekasi,Bekasi Kayuringin,2026-04-30 05:00:00,62,62,33,,42,15,0,7,,,,,
Jakarta,The Pakubuwono Menteng,2026-04-30 05:28:51,114,114,45,85,,,,,54,29.9,,,
Depok,Cinere - Nafas,2026-04-30 05:29:12,178,178,80,156,,,,,0,0,,,
Bogor,Kabupaten Bogor Leuwiliang,2026-04-30 05:00:00,81,81,43,,4,9,0,80,,,,,
Tangerang,Tangerang Pasir Jaya,2026-04-30 05:00:00,152,152,61,,58,63,0,65,,,,,
Bekasi,Bekasi Kayuringin,2026-04-30 05:00:00,62,62,33,,42,15,0,7,,,,,
Jakarta,The Pakubuwono Menteng,2026-04-30 05:29:50,116,116,45,86,,,,,54,29.9,,,
Depok,Cinere - Nafas,2026-04-30 05:29:12,178,178,80,156,,,,,0,0,,,
Bogor,Kabupaten Bogor Leuwiliang,2026-04-30 05:00:00,81,81,43,,4,9,0,80,,,,,
Tangerang,Tangerang Pasir Jaya,2026-04-30 05:00:00,152,152,61,,58,63,0,65,,,,,
Bekasi,Bekasi Kayuringin,2026-04-30 05:00:00,62,62,33,,42,15,0,7,,,,,
Jakarta,The Pakubuwono Menteng,2026-04-30 05:30:50,116,116,45,85,,,,,54,29.9,,,
Depok,Cinere - Nafas,2026-04-30 05:30:45,177,177,80,157,,,,,0,0,,,
Bogor,Kabupaten Bogor Leuwiliang,2026-04-30 05:00:00,81,81,43,,4,9,0,80,,,,,
Tangerang,Tangerang Pasir Jaya,2026-04-30 05:00:00,152,152,61,,58,63,0,65,,,,,
Bekasi,Bekasi Kayuringin,2026-04-30 05:00:00,62,62,33,,42,15,0,7,,,,,
Jakarta,The Pakubuwono Menteng,2026-04-30 05:32:51,109,109,43,84,,,,,54,29.8,,,
Depok,Cinere - Nafas,2026-04-30 05:32:45,178,178,80,157,,,,,0,0,,,
Bogor,Kabupaten Bogor Leuwiliang,2026-04-30 05:00:00,81,81,43,,4,9,0,80,,,,,
Tangerang,Tangerang Pasir Jaya,2026-04-30 05:00:00,152,152,61,,58,63,0,65,,,,,
Bekasi,Bekasi Kayuringin,2026-04-30 05:00:00,62,62,33,,42,15,0,7,,,,,
Jakarta,The Pakubuwono Menteng,2026-04-30 05:33:51,116,116,45,84,,,,,54,29.9,,,
Depok,Cinere - Nafas,2026-04-30 05:33:45,178,178,81,156,,,,,0,0,,,
Bogor,Kabupaten Bogor Leuwiliang,2026-04-30 05:00:00,81,81,43,,4,9,0,80,,,,,
Tangerang,Tangerang Pasir Jaya,2026-04-30 05:00:00,152,152,61,,58,63,0,65,,,,,
Bekasi,Bekasi Kayuringin,2026-04-30 05:00:00,62,62,33,,42,15,0,7,,,,,
Jakarta,The Pakubuwono Menteng,2026-04-30 05:34:51,113,113,45,81,,,,,54,29.9,,,
Depok,Cinere - Nafas,2026-04-30 05:35:14,177,177,82,157,,,,,0,0,,,
Bogor,Kabupaten Bogor Leuwiliang,2026-04-30 05:00:00,81,81,43,,4,9,0,80,,,,,
Tangerang,Tangerang Pasir Jaya,2026-04-30 05:00:00,152,152,61,,58,63,0,65,,,,,
Bekasi,Bekasi Kayuringin,2026-04-30 05:00:00,62,62,33,,42,15,0,7,,,,,
Jakarta,The Pakubuwono Menteng,2026-04-30 05:35:51,110,110,42,79,,,,,54,29.8,,,
Depok,Cinere - Nafas,2026-04-30 05:35:14,177,177,82,157,,,,,0,0,,,
Bogor,Kabupaten Bogor Leuwiliang,2026-04-30 05:00:00,81,81,43,,4,9,0,80,,,,,
Tangerang,Tangerang Pasir Jaya,2026-04-30 05:00:00,152,152,61,,58,63,0,65,,,,,
Bekasi,Bekasi Kayuringin,2026-04-30 05:00:00,62,62,33,,42,15,0,7,,,,,
Jakarta,The Pakubuwono Menteng,2026-04-30 05:36:51,114,114,44,84,,,,,54,29.9,,,
Depok,Cinere - Nafas,2026-04-30 05:36:35,176,176,79,157,,,,,0,0,,,
Bogor,Kabupaten Bogor Leuwiliang,2026-04-30 05:00:00,81,81,43,,4,9,0,80,,,,,
Tangerang,Tangerang Pasir Jaya,2026-04-30 05:00:00,152,152,61,,58,63,0,65,,,,,
Bekasi,Bekasi Kayuringin,2026-04-30 05:00:00,62,62,33,,42,15,0,7,,,,,
Jakarta,The Pakubuwono Menteng,2026-04-30 05:36:51,114,114,44,84,,,,,54,29.9,,,
Depok,Cinere - Nafas,2026-04-30 05:36:35,176,176,79,157,,,,,0,0,,,
Bogor,Kabupaten Bogor Leuwiliang,2026-04-30 05:00:00,81,81,43,,4,9,0,80,,,,,
Tangerang,Tangerang Pasir Jaya,2026-04-30 05:00:00,152,152,61,,58,63,0,65,,,,,
Bekasi,Bekasi Kayuringin,2026-04-30 05:00:00,62,62,33,,42,15,0,7,,,,,
Jakarta,The Pakubuwono Menteng,2026-04-30 05:38:51,112,112,42,83,,,,,54,29.9,,,
Depok,Cinere - Nafas,2026-04-30 05:38:36,176,176,79,157,,,,,0,0,,,
Bogor,Kabupaten Bogor Leuwiliang,2026-04-30 05:00:00,81,81,43,,4,9,0,80,,,,,
Tangerang,Tangerang Pasir Jaya,2026-04-30 05:00:00,152,152,61,,58,63,0,65,,,,,
Bekasi,Bekasi Kayuringin,2026-04-30 05:00:00,62,62,33,,42,15,0,7,,,,,
Jakarta,The Pakubuwono Menteng,2026-04-30 05:40:51,113,113,44,82,,,,,54,29.9,,,
Depok,Cinere - Nafas,2026-04-30 05:40:34,177,177,80,157,,,,,0,0,,,
Bogor,Kabupaten Bogor Leuwiliang,2026-04-30 05:00:00,81,81,43,,4,9,0,80,,,,,
Tangerang,Tangerang Pasir Jaya,2026-04-30 05:00:00,152,152,61,,58,63,0,65,,,,,
Bekasi,Bekasi Kayuringin,2026-04-30 05:00:00,62,62,33,,42,15,0,7,,,,,
Jakarta,The Pakubuwono Menteng,2026-04-30 05:41:51,111,111,44,84,,,,,54,29.9,,,
Depok,Cinere - Nafas,2026-04-30 05:42:14,176,176,80,157,,,,,0,0,,,
Bogor,Kabupaten Bogor Leuwiliang,2026-04-30 05:00:00,81,81,43,,4,9,0,80,,,,,
Tangerang,Tangerang Pasir Jaya,2026-04-30 05:00:00,152,152,61,,58,63,0,65,,,,,
Bekasi,Bekasi Kayuringin,2026-04-30 05:00:00,62,62,33,,42,15,0,7,,,,,
Jakarta,The Pakubuwono Menteng,2026-04-30 05:42:53,110,110,42,83,,,,,55,29.9,,,
Depok,Cinere - Nafas,2026-04-30 05:42:14,176,176,80,157,,,,,0,0,,,
Bogor,Kabupaten Bogor Leuwiliang,2026-04-30 05:00:00,81,81,43,,4,9,0,80,,,,,
Tangerang,Tangerang Pasir Jaya,2026-04-30 05:00:00,152,152,61,,58,63,0,65,,,,,
Bekasi,Bekasi Kayuringin,2026-04-30 05:00:00,62,62,33,,42,15,0,7,,,,,
Jakarta,The Pakubuwono Menteng,2026-04-30 05:44:51,115,115,45,83,,,,,55,29.9,,,
Depok,Cinere - Nafas,2026-04-30 05:44:50,178,178,81,157,,,,,0,0,,,
Bogor,Kabupaten Bogor Leuwiliang,2026-04-30 05:00:00,81,81,43,,4,9,0,80,,,,,
Tangerang,Tangerang Pasir Jaya,2026-04-30 05:00:00,152,152,61,,58,63,0,65,,,,,
Bekasi,Bekasi Kayuringin,2026-04-30 05:00:00,62,62,33,,42,15,0,7,,,,,
Jakarta,The Pakubuwono Menteng,2026-04-30 05:45:51,115,115,45,83,,,,,55,30,,,
Depok,Cinere - Nafas,2026-04-30 05:46:18,177,177,81,156,,,,,0,0,,,
Bogor,Kabupaten Bogor Leuwiliang,2026-04-30 05:00:00,81,81,43,,4,9,0,80,,,,,
Tangerang,Tangerang Pasir Jaya,2026-04-30 05:00:00,152,152,61,,58,63,0,65,,,,,
Bekasi,Bekasi Kayuringin,2026-04-30 05:00:00,62,62,33,,42,15,0,7,,,,,
Jakarta,The Pakubuwono Menteng,2026-04-30 05:46:51,116,116,47,85,,,,,55,29.9,,,
Depok,Cinere - Nafas,2026-04-30 05:47:18,179,179,83,157,,,,,0,0,,,
Bogor,Kabupaten Bogor Leuwiliang,2026-04-30 05:00:00,81,81,43,,4,9,0,80,,,,,
Tangerang,Tangerang Pasir Jaya,2026-04-30 05:00:00,152,152,61,,58,63,0,65,,,,,
Bekasi,Bekasi Kayuringin,2026-04-30 05:00:00,62,62,33,,42,15,0,7,,,,,
Jakarta,The Pakubuwono Menteng,2026-04-30 05:47:51,118,118,46,87,,,,,55,29.9,,,
Depok,Cinere - Nafas,2026-04-30 05:48:18,179,179,83,158,,,,,0,0,,,
Bogor,Kabupaten Bogor Leuwiliang,2026-04-30 05:00:00,81,81,43,,4,9,0,80,,,,,
Tangerang,Tangerang Pasir Jaya,2026-04-30 05:00:00,152,152,61,,58,63,0,65,,,,,
Bekasi,Bekasi Kayuringin,2026-04-30 05:00:00,62,62,33,,42,15,0,7,,,,,
Jakarta,The Pakubuwono Menteng,2026-04-30 05:48:51,118,118,47,87,,,,,55,29.9,,,
Depok,Cinere - Nafas,2026-04-30 05:48:18,179,179,83,158,,,,,0,0,,,
Bogor,Kabupaten Bogor Leuwiliang,2026-04-30 05:00:00,81,81,43,,4,9,0,80,,,,,
Tangerang,Tangerang Pasir Jaya,2026-04-30 05:00:00,152,152,61,,58,63,0,65,,,,,
Bekasi,Bekasi Kayuringin,2026-04-30 05:00:00,62,62,33,,42,15,0,7,,,,,
Jakarta,The Pakubuwono Menteng,2026-04-30 05:50:51,115,115,49,85,,,,,55,30,,,
Depok,Cinere - Nafas,2026-04-30 05:48:18,179,179,83,158,,,,,0,0,,,
Bogor,Kabupaten Bogor Leuwiliang,2026-04-30 05:00:00,81,81,43,,4,9,0,80,,,,,
Tangerang,Tangerang Pasir Jaya,2026-04-30 05:00:00,152,152,61,,58,63,0,65,,,,,
Bekasi,Bekasi Kayuringin,2026-04-30 05:00:00,62,62,33,,42,15,0,7,,,,,
Jakarta,The Pakubuwono Menteng,2026-04-30 05:51:51,113,113,44,83,,,,,55,30,,,
Depok,Cinere - Nafas,2026-04-30 05:48:18,179,179,83,158,,,,,0,0,,,
Bogor,Kabupaten Bogor Leuwiliang,2026-04-30 05:00:00,81,81,43,,4,9,0,80,,,,,
Tangerang,Tangerang Pasir Jaya,2026-04-30 05:00:00,152,152,61,,58,63,0,65,,,,,
Bekasi,Bekasi Kayuringin,2026-04-30 05:00:00,62,62,33,,42,15,0,7,,,,,
Jakarta,The Pakubuwono Menteng,2026-04-30 05:52:51,123,123,49,87,,,,,55,30,,,
Depok,Cinere - Nafas,2026-04-30 05:53:04,178,178,81,157,,,,,0,0,,,
Bogor,Kabupaten Bogor Leuwiliang,2026-04-30 05:00:00,81,81,43,,4,9,0,80,,,,,
Tangerang,Tangerang Pasir Jaya,2026-04-30 05:00:00,152,152,61,,58,63,0,65,,,,,
Bekasi,Bekasi Kayuringin,2026-04-30 05:00:00,62,62,33,,42,15,0,7,,,,,
Jakarta,The Pakubuwono Menteng,2026-04-30 05:53:54,117,117,45,86,,,,,55,30,,,
Depok,Cinere - Nafas,2026-04-30 05:54:04,178,178,83,158,,,,,0,0,,,
Bogor,Kabupaten Bogor Leuwiliang,2026-04-30 05:00:00,81,81,43,,4,9,0,80,,,,,
Tangerang,Tangerang Pasir Jaya,2026-04-30 05:00:00,152,152,61,,58,63,0,65,,,,,
Bekasi,Bekasi Kayuringin,2026-04-30 05:00:00,62,62,33,,42,15,0,7,,,,,
Jakarta,The Pakubuwono Menteng,2026-04-30 05:54:51,118,118,45,85,,,,,55,30,,,
Depok,Cinere - Nafas,2026-04-30 05:55:04,180,180,83,159,,,,,0,0,,,
Bogor,Kabupaten Bogor Leuwiliang,2026-04-30 05:00:00,81,81,43,,4,9,0,80,,,,,
Tangerang,Tangerang Pasir Jaya,2026-04-30 05:00:00,152,152,61,,58,63,0,65,,,,,
Bekasi,Bekasi Kayuringin,2026-04-30 05:00:00,62,62,33,,42,15,0,7,,,,,
Jakarta,The Pakubuwono Menteng,2026-04-30 05:55:51,123,123,50,90,,,,,55,30,,,
Depok,Cinere - Nafas,2026-04-30 05:56:04,177,177,81,157,,,,,0,0,,,
Bogor,Kabupaten Bogor Leuwiliang,2026-04-30 05:00:00,81,81,43,,4,9,0,80,,,,,
Tangerang,Tangerang Pasir Jaya,2026-04-30 05:00:00,152,152,61,,58,63,0,65,,,,,
Bekasi,Bekasi Kayuringin,2026-04-30 05:00:00,62,62,33,,42,15,0,7,,,,,
Jakarta,The Pakubuwono Menteng,2026-04-30 05:57:51,127,127,50,89,,,,,55,30,,,
Depok,Cinere - Nafas,2026-04-30 05:58:04,178,178,82,157,,,,,0,0,,,
Bogor,Kabupaten Bogor Leuwiliang,2026-04-30 05:00:00,81,81,43,,4,9,0,80,,,,,
Tangerang,Tangerang Pasir Jaya,2026-04-30 05:00:00,152,152,61,,58,63,0,65,,,,,
Bekasi,Bekasi Kayuringin,2026-04-30 05:00:00,62,62,33,,42,15,0,7,,,,,
Jakarta,The Pakubuwono Menteng,2026-04-30 05:58:51,124,124,51,92,,,,,55,30.1,,,
Depok,Cinere - Nafas,2026-04-30 05:59:04,178,178,81,156,,,,,0,0,,,
Bogor,Kabupaten Bogor Leuwiliang,2026-04-30 05:00:00,81,81,43,,4,9,0,80,,,,,
Tangerang,Tangerang Pasir Jaya,2026-04-30 05:00:00,152,152,61,,58,63,0,65,,,,,
Bekasi,Bekasi Kayuringin,2026-04-30 05:00:00,62,62,33,,42,15,0,7,,,,,
Jakarta,The Pakubuwono Menteng,2026-04-30 05:59:51,119,119,47,87,,,,,55,30,,,
Depok,Cinere - Nafas,2026-04-30 06:00:04,178,178,83,157,,,,,0,0,,,
Bogor,Kabupaten Bogor Leuwiliang,2026-04-30 05:00:00,81,81,43,,4,9,0,80,,,,,
Tangerang,Tangerang Pasir Jaya,2026-04-30 05:00:00,152,152,61,,58,63,0,65,,,,,
Bekasi,Bekasi Kayuringin,2026-04-30 05:00:00,62,62,33,,42,15,0,7,,,,,
Jakarta,The Pakubuwono Menteng,2026-04-30 06:00:51,120,120,47,87,,,,,55,30.1,,,
Depok,Cinere - Nafas,2026-04-30 06:01:04,176,176,80,157,,,,,0,0,,,
Bogor,Kabupaten Bogor Leuwiliang,2026-04-30 05:00:00,81,81,43,,4,9,0,80,,,,,
Tangerang,Tangerang Pasir Jaya,2026-04-30 05:00:00,152,152,61,,58,63,0,65,,,,,
Bekasi,Bekasi Kayuringin,2026-04-30 05:00:00,62,62,33,,42,15,0,7,,,,,
Jakarta,The Pakubuwono Menteng,2026-04-30 06:01:51,116,116,47,84,,,,,55,30,,,
Depok,Cinere - Nafas,2026-04-30 06:02:04,176,176,80,156,,,,,0,0,,,
Bogor,Kabupaten Bogor Leuwiliang,2026-04-30 05:00:00,81,81,43,,4,9,0,80,,,,,
Tangerang,Tangerang Pasir Jaya,2026-04-30 05:00:00,152,152,61,,58,63,0,65,,,,,
Bekasi,Bekasi Kayuringin,2026-04-30 05:00:00,62,62,33,,42,15,0,7,,,,,
Jakarta,The Pakubuwono Menteng,2026-04-30 06:04:51,120,120,48,88,,,,,55,30.1,,,
Depok,Cinere - Nafas,2026-04-30 06:05:04,177,177,80,156,,,,,0,0,,,
Bogor,Kabupaten Bogor Leuwiliang,2026-04-30 05:00:00,81,81,43,,4,9,0,80,,,,,
Tangerang,Tangerang Pasir Jaya,2026-04-30 05:00:00,152,152,61,,58,63,0,65,,,,,
Bekasi,Bekasi Kayuringin,2026-04-30 05:00:00,62,62,33,,42,15,0,7,,,,,
Jakarta,The Pakubuwono Menteng,2026-04-30 06:05:51,124,124,50,89,,,,,55,30.1,,,
Depok,Cinere - Nafas,2026-04-30 06:06:04,177,177,78,156,,,,,0,0,,,
Bogor,Kabupaten Bogor Leuwiliang,2026-04-30 05:00:00,81,81,43,,4,9,0,80,,,,,
Tangerang,Tangerang Pasir Jaya,2026-04-30 05:00:00,152,152,61,,58,63,0,65,,,,,
Bekasi,Bekasi Kayuringin,2026-04-30 05:00:00,62,62,33,,42,15,0,7,,,,,
Jakarta,The Pakubuwono Menteng,2026-04-30 06:05:51,124,124,50,89,,,,,55,30.1,,,
Depok,Cinere - Nafas,2026-04-30 06:06:04,177,177,78,156,,,,,0,0,,,
Bogor,Kabupaten Bogor Leuwiliang,2026-04-30 05:00:00,81,81,43,,4,9,0,80,,,,,
Tangerang,Tangerang Pasir Jaya,2026-04-30 05:00:00,152,152,61,,58,63,0,65,,,,,
Bekasi,Bekasi Kayuringin,2026-04-30 05:00:00,62,62,33,,42,15,0,7,,,,,
Jakarta,The Pakubuwono Menteng,2026-04-30 06:06:51,121,121,50,86,,,,,55,30.1,,,
Depok,Cinere - Nafas,2026-04-30 06:07:04,177,177,79,156,,,,,0,0,,,
Bogor,Kabupaten Bogor Leuwiliang,2026-04-30 05:00:00,81,81,43,,4,9,0,80,,,,,
Tangerang,Tangerang Pasir Jaya,2026-04-30 05:00:00,152,152,61,,58,63,0,65,,,,,
Bekasi,Bekasi Kayuringin,2026-04-30 05:00:00,62,62,33,,42,15,0,7,,,,,
Jakarta,The Pakubuwono Menteng,2026-04-30 06:07:51,127,127,51,89,,,,,55,30.1,,,
Depok,Cinere - Nafas,2026-04-30 06:08:04,177,177,81,157,,,,,0,0,,,
Bogor,Kabupaten Bogor Leuwiliang,2026-04-30 05:00:00,81,81,43,,4,9,0,80,,,,,
Tangerang,Tangerang Pasir Jaya,2026-04-30 05:00:00,152,152,61,,58,63,0,65,,,,,
Bekasi,Bekasi Kayuringin,2026-04-30 05:00:00,62,62,33,,42,15,0,7,,,,,
Jakarta,The Pakubuwono Menteng,2026-04-30 06:08:51,130,130,52,94,,,,,56,30,,,
Depok,Cinere - Nafas,2026-04-30 06:09:05,177,177,81,156,,,,,0,0,,,
Bogor,Kabupaten Bogor Leuwiliang,2026-04-30 06:00:00,81,81,44,,4,9,0,80,,,,,
Tangerang,Tangerang Pasir Jaya,2026-04-30 06:00:00,153,153,61,,58,63,0,65,,,,,
Bekasi,Bekasi Kayuringin,2026-04-30 06:00:00,60,60,33,,42,15,0,7,,,,,
Jakarta,The Pakubuwono Menteng,2026-04-30 06:09:52,129,129,51,92,,,,,55,30,,,
Depok,Cinere - Nafas,2026-04-30 06:10:04,177,177,80,157,,,,,0,0,,,
Bogor,Kabupaten Bogor Leuwiliang,2026-04-30 06:00:00,81,81,44,,4,9,0,80,,,,,
Tangerang,Tangerang Pasir Jaya,2026-04-30 06:00:00,153,153,61,,58,63,0,65,,,,,
Bekasi,Bekasi Kayuringin,2026-04-30 06:00:00,60,60,33,,42,15,0,7,,,,,
Jakarta,The Pakubuwono Menteng,2026-04-30 06:11:51,127,127,51,91,,,,,56,30,,,
Depok,Cinere - Nafas,2026-04-30 06:12:04,176,176,79,156,,,,,0,0,,,
Bogor,Kabupaten Bogor Leuwiliang,2026-04-30 06:00:00,81,81,44,,4,9,0,80,,,,,
Tangerang,Tangerang Pasir Jaya,2026-04-30 06:00:00,153,153,61,,58,63,0,65,,,,,
Bekasi,Bekasi Kayuringin,2026-04-30 06:00:00,60,60,33,,42,15,0,7,,,,,
Jakarta,The Pakubuwono Menteng,2026-04-30 06:13:51,132,132,53,96,,,,,56,30,,,
Depok,Cinere - Nafas,2026-04-30 06:14:04,178,178,81,157,,,,,0,0,,,
Bogor,Kabupaten Bogor Leuwiliang,2026-04-30 06:00:00,81,81,44,,4,9,0,80,,,,,
Tangerang,Tangerang Pasir Jaya,2026-04-30 06:00:00,153,153,61,,58,63,0,65,,,,,
Bekasi,Bekasi Kayuringin,2026-04-30 06:00:00,60,60,33,,42,15,0,7,,,,,
Jakarta,The Pakubuwono Menteng,2026-04-30 06:14:52,131,131,52,94,,,,,56,30,,,
Depok,Cinere - Nafas,2026-04-30 06:15:04,180,180,83,158,,,,,0,0,,,
Bogor,Kabupaten Bogor Leuwiliang,2026-04-30 06:00:00,81,81,44,,4,9,0,80,,,,,
Tangerang,Tangerang Pasir Jaya,2026-04-30 06:00:00,153,153,61,,58,63,0,65,,,,,
Bekasi,Bekasi Kayuringin,2026-04-30 06:00:00,60,60,33,,42,15,0,7,,,,,
Jakarta,The Pakubuwono Menteng,2026-04-30 06:15:52,131,131,52,93,,,,,56,30,,,
Depok,Cinere - Nafas,2026-04-30 06:16:04,179,179,82,159,,,,,0,0,,,
Bogor,Kabupaten Bogor Leuwiliang,2026-04-30 06:00:00,81,81,44,,4,9,0,80,,,,,
Tangerang,Tangerang Pasir Jaya,2026-04-30 06:00:00,153,153,61,,58,63,0,65,,,,,
Bekasi,Bekasi Kayuringin,2026-04-30 06:00:00,60,60,33,,42,15,0,7,,,,,
Jakarta,The Pakubuwono Menteng,2026-04-30 06:16:52,126,126,51,89,,,,,56,29.9,,,
Depok,Cinere - Nafas,2026-04-30 06:17:04,179,179,81,158,,,,,0,0,,,
Bogor,Kabupaten Bogor Leuwiliang,2026-04-30 06:00:00,81,81,44,,4,9,0,80,,,,,
Tangerang,Tangerang Pasir Jaya,2026-04-30 06:00:00,153,153,61,,58,63,0,65,,,,,
Bekasi,Bekasi Kayuringin,2026-04-30 06:00:00,60,60,33,,42,15,0,7,,,,,
Jakarta,The Pakubuwono Menteng,2026-04-30 06:17:52,130,130,52,94,,,,,56,29.9,,,
Depok,Cinere - Nafas,2026-04-30 06:18:05,179,179,82,159,,,,,0,0,,,
Bogor,Kabupaten Bogor Leuwiliang,2026-04-30 06:00:00,81,81,44,,4,9,0,80,,,,,
Tangerang,Tangerang Pasir Jaya,2026-04-30 06:00:00,153,153,61,,58,63,0,65,,,,,
Bekasi,Bekasi Kayuringin,2026-04-30 06:00:00,60,60,33,,42,15,0,7,,,,,
Jakarta,The Pakubuwono Menteng,2026-04-30 06:18:52,128,128,51,92,,,,,56,29.9,,,
Depok,Cinere - Nafas,2026-04-30 06:19:05,177,177,81,158,,,,,0,0,,,
Bogor,Kabupaten Bogor Leuwiliang,2026-04-30 06:00:00,81,81,44,,4,9,0,80,,,,,
Tangerang,Tangerang Pasir Jaya,2026-04-30 06:00:00,153,153,61,,58,63,0,65,,,,,
Bekasi,Bekasi Kayuringin,2026-04-30 06:00:00,60,60,33,,42,15,0,7,,,,,
Jakarta,The Pakubuwono Menteng,2026-04-30 06:19:52,121,121,49,89,,,,,56,29.9,,,
Depok,Cinere - Nafas,2026-04-30 06:20:05,178,178,81,159,,,,,0,0,,,
Bogor,Kabupaten Bogor Leuwiliang,2026-04-30 06:00:00,81,81,44,,4,9,0,80,,,,,
Tangerang,Tangerang Pasir Jaya,2026-04-30 06:00:00,153,153,61,,58,63,0,65,,,,,
Bekasi,Bekasi Kayuringin,2026-04-30 06:00:00,60,60,33,,42,15,0,7,,,,,
Jakarta,The Pakubuwono Menteng,2026-04-30 06:20:52,123,123,48,88,,,,,56,29.9,,,
Depok,Cinere - Nafas,2026-04-30 06:21:05,179,179,83,158,,,,,0,0,,,
Bogor,Kabupaten Bogor Leuwiliang,2026-04-30 06:00:00,81,81,44,,4,9,0,80,,,,,
Tangerang,Tangerang Pasir Jaya,2026-04-30 06:00:00,153,153,61,,58,63,0,65,,,,,
Bekasi,Bekasi Kayuringin,2026-04-30 06:00:00,60,60,33,,42,15,0,7,,,,,
Jakarta,The Pakubuwono Menteng,2026-04-30 06:21:52,126,126,50,90,,,,,56,29.9,,,
Depok,Cinere - Nafas,2026-04-30 06:22:05,177,177,80,158,,,,,0,0,,,
Bogor,Kabupaten Bogor Leuwiliang,2026-04-30 06:00:00,81,81,44,,4,9,0,80,,,,,
Tangerang,Tangerang Pasir Jaya,2026-04-30 06:00:00,153,153,61,,58,63,0,65,,,,,
Bekasi,Bekasi Kayuringin,2026-04-30 06:00:00,60,60,33,,42,15,0,7,,,,,
Jakarta,The Pakubuwono Menteng,2026-04-30 06:24:52,126,126,51,89,,,,,56,29.9,,,
Depok,Cinere - Nafas,2026-04-30 06:25:05,178,178,82,159,,,,,0,0,,,
Bogor,Kabupaten Bogor Leuwiliang,2026-04-30 06:00:00,81,81,44,,4,9,0,80,,,,,
Tangerang,Tangerang Pasir Jaya,2026-04-30 06:00:00,153,153,61,,58,63,0,65,,,,,
Bekasi,Bekasi Kayuringin,2026-04-30 06:00:00,60,60,33,,42,15,0,7,,,,,
Jakarta,The Pakubuwono Menteng,2026-04-30 06:25:52,128,128,51,89,,,,,56,29.9,,,
Depok,Cinere - Nafas,2026-04-30 06:26:05,178,178,83,157,,,,,0,0,,,
Bogor,Kabupaten Bogor Leuwiliang,2026-04-30 06:00:00,81,81,44,,4,9,0,80,,,,,
Tangerang,Tangerang Pasir Jaya,2026-04-30 06:00:00,153,153,61,,58,63,0,65,,,,,
Bekasi,Bekasi Kayuringin,2026-04-30 06:00:00,60,60,33,,42,15,0,7,,,,,
Jakarta,The Pakubuwono Menteng,2026-04-30 06:26:52,123,123,49,89,,,,,56,29.9,,,
Depok,Cinere - Nafas,2026-04-30 06:27:05,179,179,83,157,,,,,0,0,,,
Bogor,Kabupaten Bogor Leuwiliang,2026-04-30 06:00:00,81,81,44,,4,9,0,80,,,,,
Tangerang,Tangerang Pasir Jaya,2026-04-30 06:00:00,153,153,61,,58,63,0,65,,,,,
Bekasi,Bekasi Kayuringin,2026-04-30 06:00:00,60,60,33,,42,15,0,7,,,,,
Jakarta,The Pakubuwono Menteng,2026-04-30 06:27:52,126,126,51,90,,,,,56,29.9,,,
Depok,Cinere - Nafas,2026-04-30 06:28:05,181,181,83,160,,,,,0,0,,,
Bogor,Kabupaten Bogor Leuwiliang,2026-04-30 06:00:00,81,81,44,,4,9,0,80,,,,,
Tangerang,Tangerang Pasir Jaya,2026-04-30 06:00:00,153,153,61,,58,63,0,65,,,,,
Bekasi,Bekasi Kayuringin,2026-04-30 06:00:00,60,60,33,,42,15,0,7,,,,,
Jakarta,The Pakubuwono Menteng,2026-04-30 06:28:52,127,127,51,91,,,,,56,29.9,,,
Depok,Cinere - Nafas,2026-04-30 06:29:05,179,179,81,160,,,,,0,0,,,
Bogor,Kabupaten Bogor Leuwiliang,2026-04-30 06:00:00,81,81,44,,4,9,0,80,,,,,
Tangerang,Tangerang Pasir Jaya,2026-04-30 06:00:00,153,153,61,,58,63,0,65,,,,,
Bekasi,Bekasi Kayuringin,2026-04-30 06:00:00,60,60,33,,42,15,0,7,,,,,
Jakarta,The Pakubuwono Menteng,2026-04-30 06:28:52,127,127,51,91,,,,,56,29.9,,,
Depok,Cinere - Nafas,2026-04-30 06:30:05,180,180,84,159,,,,,0,0,,,
Bogor,Kabupaten Bogor Leuwiliang,2026-04-30 06:00:00,81,81,44,,4,9,0,80,,,,,
Tangerang,Tangerang Pasir Jaya,2026-04-30 06:00:00,153,153,61,,58,63,0,65,,,,,
Bekasi,Bekasi Kayuringin,2026-04-30 06:00:00,60,60,33,,42,15,0,7,,,,,
Jakarta,The Pakubuwono Menteng,2026-04-30 06:30:52,125,125,51,89,,,,,56,29.9,,,
Depok,Cinere - Nafas,2026-04-30 06:31:05,181,181,83,159,,,,,0,0,,,
Bogor,Kabupaten Bogor Leuwiliang,2026-04-30 06:00:00,81,81,44,,4,9,0,80,,,,,
Tangerang,Tangerang Pasir Jaya,2026-04-30 06:00:00,153,153,61,,58,63,0,65,,,,,
Bekasi,Bekasi Kayuringin,2026-04-30 06:00:00,60,60,33,,42,15,0,7,,,,,
Jakarta,The Pakubuwono Menteng,2026-04-30 06:32:52,128,128,52,90,,,,,56,29.9,,,
Depok,Cinere - Nafas,2026-04-30 06:33:05,179,179,83,159,,,,,0,0,,,
Bogor,Kabupaten Bogor Leuwiliang,2026-04-30 06:00:00,81,81,44,,4,9,0,80,,,,,
Tangerang,Tangerang Pasir Jaya,2026-04-30 06:00:00,153,153,61,,58,63,0,65,,,,,
Bekasi,Bekasi Kayuringin,2026-04-30 06:00:00,60,60,33,,42,15,0,7,,,,,
Jakarta,The Pakubuwono Menteng,2026-04-30 06:33:52,130,130,52,90,,,,,56,29.9,,,
Depok,Cinere - Nafas,2026-04-30 06:34:05,178,178,82,157,,,,,0,0,,,
Bogor,Kabupaten Bogor Leuwiliang,2026-04-30 06:00:00,81,81,44,,4,9,0,80,,,,,
Tangerang,Tangerang Pasir Jaya,2026-04-30 06:00:00,153,153,61,,58,63,0,65,,,,,
Bekasi,Bekasi Kayuringin,2026-04-30 06:00:00,60,60,33,,42,15,0,7,,,,,
Jakarta,The Pakubuwono Menteng,2026-04-30 06:34:52,123,123,51,90,,,,,56,29.9,,,
Depok,Cinere - Nafas,2026-04-30 06:35:05,179,179,84,158,,,,,0,0,,,
Bogor,Kabupaten Bogor Leuwiliang,2026-04-30 06:00:00,81,81,44,,4,9,0,80,,,,,
Tangerang,Tangerang Pasir Jaya,2026-04-30 06:00:00,153,153,61,,58,63,0,65,,,,,
Bekasi,Bekasi Kayuringin,2026-04-30 06:00:00,60,60,33,,42,15,0,7,,,,,
Jakarta,The Pakubuwono Menteng,2026-04-30 06:35:52,121,121,48,88,,,,,56,30,,,
Depok,Cinere - Nafas,2026-04-30 06:36:05,177,177,81,158,,,,,0,0,,,
Bogor,Kabupaten Bogor Leuwiliang,2026-04-30 06:00:00,81,81,44,,4,9,0,80,,,,,
Tangerang,Tangerang Pasir Jaya,2026-04-30 06:00:00,153,153,61,,58,63,0,65,,,,,
Bekasi,Bekasi Kayuringin,2026-04-30 06:00:00,60,60,33,,42,15,0,7,,,,,
Jakarta,The Pakubuwono Menteng,2026-04-30 06:36:52,133,133,53,96,,,,,56,30,,,
Depok,Cinere - Nafas,2026-04-30 06:37:05,178,178,80,158,,,,,0,0,,,
Bogor,Kabupaten Bogor Leuwiliang,2026-04-30 06:00:00,81,81,44,,4,9,0,80,,,,,
Tangerang,Tangerang Pasir Jaya,2026-04-30 06:00:00,153,153,61,,58,63,0,65,,,,,
Bekasi,Bekasi Kayuringin,2026-04-30 06:00:00,60,60,33,,42,15,0,7,,,,,
Jakarta,The Pakubuwono Menteng,2026-04-30 06:38:52,126,126,51,91,,,,,56,30,,,
Depok,Cinere - Nafas,2026-04-30 06:39:05,180,180,83,158,,,,,0,0,,,
Bogor,Kabupaten Bogor Leuwiliang,2026-04-30 06:00:00,81,81,44,,4,9,0,80,,,,,
Tangerang,Tangerang Pasir Jaya,2026-04-30 06:00:00,153,153,61,,58,63,0,65,,,,,
Bekasi,Bekasi Kayuringin,2026-04-30 06:00:00,60,60,33,,42,15,0,7,,,,,
Jakarta,The Pakubuwono Menteng,2026-04-30 06:39:52,125,125,50,89,,,,,56,30,,,
Depok,Cinere - Nafas,2026-04-30 06:40:05,182,182,86,160,,,,,0,0,,,
Bogor,Kabupaten Bogor Leuwiliang,2026-04-30 06:00:00,81,81,44,,4,9,0,80,,,,,
Tangerang,Tangerang Pasir Jaya,2026-04-30 06:00:00,153,153,61,,58,63,0,65,,,,,
Bekasi,Bekasi Kayuringin,2026-04-30 06:00:00,60,60,33,,42,15,0,7,,,,,
Jakarta,The Pakubuwono Menteng,2026-04-30 06:39:52,125,125,50,89,,,,,56,30,,,
Depok,Cinere - Nafas,2026-04-30 06:40:05,182,182,86,160,,,,,0,0,,,
Bogor,Kabupaten Bogor Leuwiliang,2026-04-30 06:00:00,81,81,44,,4,9,0,80,,,,,
Tangerang,Tangerang Pasir Jaya,2026-04-30 06:00:00,153,153,61,,58,63,0,65,,,,,
Bekasi,Bekasi Kayuringin,2026-04-30 06:00:00,60,60,33,,42,15,0,7,,,,,
Jakarta,The Pakubuwono Menteng,2026-04-30 06:41:52,113,113,45,84,,,,,56,30,,,
Depok,Cinere - Nafas,2026-04-30 06:42:05,185,185,89,162,,,,,0,0,,,
Bogor,Kabupaten Bogor Leuwiliang,2026-04-30 06:00:00,81,81,44,,4,9,0,80,,,,,
Tangerang,Tangerang Pasir Jaya,2026-04-30 06:00:00,153,153,61,,58,63,0,65,,,,,
Bekasi,Bekasi Kayuringin,2026-04-30 06:00:00,60,60,33,,42,15,0,7,,,,,
Jakarta,The Pakubuwono Menteng,2026-04-30 06:42:52,121,121,49,87,,,,,56,30,,,
Depok,Cinere - Nafas,2026-04-30 06:43:05,188,188,91,165,,,,,0,0,,,
Bogor,Kabupaten Bogor Leuwiliang,2026-04-30 06:00:00,81,81,44,,4,9,0,80,,,,,
Tangerang,Tangerang Pasir Jaya,2026-04-30 06:00:00,153,153,61,,58,63,0,65,,,,,
Bekasi,Bekasi Kayuringin,2026-04-30 06:00:00,60,60,33,,42,15,0,7,,,,,
Jakarta,The Pakubuwono Menteng,2026-04-30 06:44:52,131,131,53,95,,,,,56,30.1,,,
Depok,Cinere - Nafas,2026-04-30 06:45:05,188,188,91,165,,,,,0,0,,,
Bogor,Kabupaten Bogor Leuwiliang,2026-04-30 06:00:00,81,81,44,,4,9,0,80,,,,,
Tangerang,Tangerang Pasir Jaya,2026-04-30 06:00:00,153,153,61,,58,63,0,65,,,,,
Bekasi,Bekasi Kayuringin,2026-04-30 06:00:00,60,60,33,,42,15,0,7,,,,,
Jakarta,The Pakubuwono Menteng,2026-04-30 06:45:52,132,132,53,94,,,,,56,30.1,,,
Depok,Cinere - Nafas,2026-04-30 06:46:05,187,187,90,164,,,,,0,0,,,
Bogor,Kabupaten Bogor Leuwiliang,2026-04-30 06:00:00,81,81,44,,4,9,0,80,,,,,
Tangerang,Tangerang Pasir Jaya,2026-04-30 06:00:00,153,153,61,,58,63,0,65,,,,,
Bekasi,Bekasi Kayuringin,2026-04-30 06:00:00,60,60,33,,42,15,0,7,,,,,
Jakarta,The Pakubuwono Menteng,2026-04-30 06:46:52,126,126,52,90,,,,,56,30.1,,,
Depok,Cinere - Nafas,2026-04-30 06:47:05,190,190,93,165,,,,,0,0,,,
Bogor,Kabupaten Bogor Leuwiliang,2026-04-30 06:00:00,81,81,44,,4,9,0,80,,,,,
Tangerang,Tangerang Pasir Jaya,2026-04-30 06:00:00,153,153,61,,58,63,0,65,,,,,
Bekasi,Bekasi Kayuringin,2026-04-30 06:00:00,60,60,33,,42,15,0,7,,,,,
Jakarta,The Pakubuwono Menteng,2026-04-30 06:47:52,125,125,50,90,,,,,56,30.1,,,
Depok,Cinere - Nafas,2026-04-30 06:48:05,188,188,90,165,,,,,0,0,,,
Bogor,Kabupaten Bogor Leuwiliang,2026-04-30 06:00:00,81,81,44,,4,9,0,80,,,,,
Tangerang,Tangerang Pasir Jaya,2026-04-30 06:00:00,153,153,61,,58,63,0,65,,,,,
Bekasi,Bekasi Kayuringin,2026-04-30 06:00:00,60,60,33,,42,15,0,7,,,,,
Jakarta,The Pakubuwono Menteng,2026-04-30 06:48:52,125,125,50,89,,,,,56,30.2,,,
Depok,Cinere - Nafas,2026-04-30 06:49:05,186,186,89,165,,,,,0,0,,,
Bogor,Kabupaten Bogor Leuwiliang,2026-04-30 06:00:00,81,81,44,,4,9,0,80,,,,,
Tangerang,Tangerang Pasir Jaya,2026-04-30 06:00:00,153,153,61,,58,63,0,65,,,,,
Bekasi,Bekasi Kayuringin,2026-04-30 06:00:00,60,60,33,,42,15,0,7,,,,,
Jakarta,The Pakubuwono Menteng,2026-04-30 06:50:52,131,131,53,96,,,,,56,30.2,,,
Depok,Cinere - Nafas,2026-04-30 06:51:05,186,186,89,165,,,,,0,0,,,
Bogor,Kabupaten Bogor Leuwiliang,2026-04-30 06:00:00,81,81,44,,4,9,0,80,,,,,
Tangerang,Tangerang Pasir Jaya,2026-04-30 06:00:00,153,153,61,,58,63,0,65,,,,,
Bekasi,Bekasi Kayuringin,2026-04-30 06:00:00,60,60,33,,42,15,0,7,,,,,
Jakarta,The Pakubuwono Menteng,2026-04-30 06:51:52,129,129,52,93,,,,,56,30.2,,,
Depok,Cinere - Nafas,2026-04-30 06:51:05,186,186,89,165,,,,,0,0,,,
Bogor,Kabupaten Bogor Leuwiliang,2026-04-30 06:00:00,81,81,44,,4,9,0,80,,,,,
Tangerang,Tangerang Pasir Jaya,2026-04-30 06:00:00,153,153,61,,58,63,0,65,,,,,
Bekasi,Bekasi Kayuringin,2026-04-30 06:00:00,60,60,33,,42,15,0,7,,,,,
Jakarta,The Pakubuwono Menteng,2026-04-30 06:52:52,132,132,52,94,,,,,56,30.2,,,
Depok,Cinere - Nafas,2026-04-30 06:53:23,182,182,87,162,,,,,0,0,,,
Bogor,Kabupaten Bogor Leuwiliang,2026-04-30 06:00:00,81,81,44,,4,9,0,80,,,,,
Tangerang,Tangerang Pasir Jaya,2026-04-30 06:00:00,153,153,61,,58,63,0,65,,,,,
Bekasi,Bekasi Kayuringin,2026-04-30 06:00:00,60,60,33,,42,15,0,7,,,,,
Jakarta,The Pakubuwono Menteng,2026-04-30 06:53:52,128,128,51,90,,,,,56,30.2,,,
Depok,Cinere - Nafas,2026-04-30 06:54:23,183,183,85,161,,,,,0,0,,,
Bogor,Kabupaten Bogor Leuwiliang,2026-04-30 06:00:00,81,81,44,,4,9,0,80,,,,,
Tangerang,Tangerang Pasir Jaya,2026-04-30 06:00:00,153,153,61,,58,63,0,65,,,,,
Bekasi,Bekasi Kayuringin,2026-04-30 06:00:00,60,60,33,,42,15,0,7,,,,,
Jakarta,The Pakubuwono Menteng,2026-04-30 06:54:52,122,122,50,89,,,,,56,30.2,,,
Depok,Cinere - Nafas,2026-04-30 06:55:23,182,182,86,161,,,,,0,0,,,
Bogor,Kabupaten Bogor Leuwiliang,2026-04-30 06:00:00,81,81,44,,4,9,0,80,,,,,
Tangerang,Tangerang Pasir Jaya,2026-04-30 06:00:00,153,153,61,,58,63,0,65,,,,,
Bekasi,Bekasi Kayuringin,2026-04-30 06:00:00,60,60,33,,42,15,0,7,,,,,
Jakarta,The Pakubuwono Menteng,2026-04-30 06:55:52,119,119,47,87,,,,,56,30.2,,,
Depok,Cinere - Nafas,2026-04-30 06:56:23,184,184,87,162,,,,,0,0,,,
Bogor,Kabupaten Bogor Leuwiliang,2026-04-30 06:00:00,81,81,44,,4,9,0,80,,,,,
Tangerang,Tangerang Pasir Jaya,2026-04-30 06:00:00,153,153,61,,58,63,0,65,,,,,
Bekasi,Bekasi Kayuringin,2026-04-30 06:00:00,60,60,33,,42,15,0,7,,,,,
Jakarta,The Pakubuwono Menteng,2026-04-30 06:56:53,123,123,48,88,,,,,56,30.1,,,
Depok,Cinere - Nafas,2026-04-30 06:57:23,183,183,88,162,,,,,0,0,,,
Bogor,Kabupaten Bogor Leuwiliang,2026-04-30 06:00:00,81,81,44,,4,9,0,80,,,,,
Tangerang,Tangerang Pasir Jaya,2026-04-30 06:00:00,153,153,61,,58,63,0,65,,,,,
Bekasi,Bekasi Kayuringin,2026-04-30 06:00:00,60,60,33,,42,15,0,7,,,,,
Jakarta,The Pakubuwono Menteng,2026-04-30 06:57:53,123,123,50,87,,,,,56,30.2,,,
Depok,Cinere - Nafas,2026-04-30 06:58:23,181,181,84,161,,,,,0,0,,,
Bogor,Kabupaten Bogor Leuwiliang,2026-04-30 06:00:00,81,81,44,,4,9,0,80,,,,,
Tangerang,Tangerang Pasir Jaya,2026-04-30 06:00:00,153,153,61,,58,63,0,65,,,,,
Bekasi,Bekasi Kayuringin,2026-04-30 06:00:00,60,60,33,,42,15,0,7,,,,,
Jakarta,The Pakubuwono Menteng,2026-04-30 07:00:53,123,123,50,87,,,,,56,30.2,,,
Depok,Cinere - Nafas,2026-04-30 07:01:23,178,178,83,159,,,,,0,0,,,
Bogor,Kabupaten Bogor Leuwiliang,2026-04-30 06:00:00,81,81,44,,4,9,0,80,,,,,
Tangerang,Tangerang Pasir Jaya,2026-04-30 06:00:00,153,153,61,,58,63,0,65,,,,,
Bekasi,Bekasi Kayuringin,2026-04-30 06:00:00,60,60,33,,42,15,0,7,,,,,
Jakarta,The Pakubuwono Menteng,2026-04-30 07:01:53,119,119,48,85,,,,,56,30.2,,,
Depok,Cinere - Nafas,2026-04-30 07:02:23,179,179,82,159,,,,,0,0,,,
Bogor,Kabupaten Bogor Leuwiliang,2026-04-30 06:00:00,81,81,44,,4,9,0,80,,,,,
Tangerang,Tangerang Pasir Jaya,2026-04-30 06:00:00,153,153,61,,58,63,0,65,,,,,
Bekasi,Bekasi Kayuringin,2026-04-30 06:00:00,60,60,33,,42,15,0,7,,,,,
Jakarta,The Pakubuwono Menteng,2026-04-30 07:02:53,119,119,47,86,,,,,56,30.3,,,
Depok,Cinere - Nafas,2026-04-30 07:03:23,178,178,81,159,,,,,0,0,,,
Bogor,Kabupaten Bogor Leuwiliang,2026-04-30 06:00:00,81,81,44,,4,9,0,80,,,,,
Tangerang,Tangerang Pasir Jaya,2026-04-30 06:00:00,153,153,61,,58,63,0,65,,,,,
Bekasi,Bekasi Kayuringin,2026-04-30 06:00:00,60,60,33,,42,15,0,7,,,,,
Jakarta,The Pakubuwono Menteng,2026-04-30 07:03:53,120,120,48,87,,,,,56,30.3,,,
Depok,Cinere - Nafas,2026-04-30 07:04:23,179,179,83,158,,,,,0,0,,,
Bogor,Kabupaten Bogor Leuwiliang,2026-04-30 06:00:00,81,81,44,,4,9,0,80,,,,,
Tangerang,Tangerang Pasir Jaya,2026-04-30 06:00:00,153,153,61,,58,63,0,65,,,,,
Bekasi,Bekasi Kayuringin,2026-04-30 06:00:00,60,60,33,,42,15,0,7,,,,,
Jakarta,The Pakubuwono Menteng,2026-04-30 07:04:53,133,133,53,94,,,,,56,30.3,,,
Depok,Cinere - Nafas,2026-04-30 07:05:23,178,178,82,158,,,,,0,0,,,
Bogor,Kabupaten Bogor Leuwiliang,2026-04-30 06:00:00,81,81,44,,4,9,0,80,,,,,
Tangerang,Tangerang Pasir Jaya,2026-04-30 06:00:00,153,153,61,,58,63,0,65,,,,,
Bekasi,Bekasi Kayuringin,2026-04-30 06:00:00,60,60,33,,42,15,0,7,,,,,
Jakarta,The Pakubuwono Menteng,2026-04-30 07:05:53,130,130,51,90,,,,,56,30.3,,,
Depok,Cinere - Nafas,2026-04-30 07:06:24,175,175,80,157,,,,,0,0,,,
Bogor,Kabupaten Bogor Leuwiliang,2026-04-30 06:00:00,81,81,44,,4,9,0,80,,,,,
Tangerang,Tangerang Pasir Jaya,2026-04-30 06:00:00,153,153,61,,58,63,0,65,,,,,
Bekasi,Bekasi Kayuringin,2026-04-30 06:00:00,60,60,33,,42,15,0,7,,,,,
Jakarta,The Pakubuwono Menteng,2026-04-30 07:06:53,133,133,52,95,,,,,56,30.3,,,
Depok,Cinere - Nafas,2026-04-30 07:07:23,176,176,79,156,,,,,0,0,,,
Bogor,Kabupaten Bogor Leuwiliang,2026-04-30 06:00:00,81,81,44,,4,9,0,80,,,,,
Tangerang,Tangerang Pasir Jaya,2026-04-30 06:00:00,153,153,61,,58,63,0,65,,,,,
Bekasi,Bekasi Kayuringin,2026-04-30 06:00:00,60,60,33,,42,15,0,7,,,,,
Jakarta,The Pakubuwono Menteng,2026-04-30 07:07:53,130,130,52,94,,,,,56,30.4,,,
Depok,Cinere - Nafas,2026-04-30 07:08:23,176,176,78,156,,,,,0,0,,,
Bogor,Kabupaten Bogor Leuwiliang,2026-04-30 07:00:00,82,82,44,,4,9,0,80,,,,,
Tangerang,Tangerang Pasir Jaya,2026-04-30 07:00:00,153,153,62,,58,63,0,65,,,,,
Bekasi,Bekasi Kayuringin,2026-04-30 07:00:00,58,58,32,,42,15,0,7,,,,,
Jakarta,The Pakubuwono Menteng,2026-04-30 07:09:53,128,128,52,94,,,,,56,30.4,,,
Depok,Cinere - Nafas,2026-04-30 07:10:23,174,174,77,156,,,,,0,0,,,
Bogor,Kabupaten Bogor Leuwiliang,2026-04-30 07:00:00,82,82,44,,4,9,0,80,,,,,
Tangerang,Tangerang Pasir Jaya,2026-04-30 07:00:00,153,153,62,,58,63,0,65,,,,,
Bekasi,Bekasi Kayuringin,2026-04-30 07:00:00,58,58,32,,42,15,0,7,,,,,
Jakarta,The Pakubuwono Menteng,2026-04-30 07:10:53,136,136,53,95,,,,,56,30.4,,,
Depok,Cinere - Nafas,2026-04-30 07:11:23,175,175,79,156,,,,,0,0,,,
Bogor,Kabupaten Bogor Leuwiliang,2026-04-30 07:00:00,82,82,44,,4,9,0,80,,,,,
Tangerang,Tangerang Pasir Jaya,2026-04-30 07:00:00,153,153,62,,58,63,0,65,,,,,
Bekasi,Bekasi Kayuringin,2026-04-30 07:00:00,58,58,32,,42,15,0,7,,,,,
Jakarta,The Pakubuwono Menteng,2026-04-30 07:11:53,130,130,52,94,,,,,56,30.4,,,
Depok,Cinere - Nafas,2026-04-30 07:12:24,176,176,78,156,,,,,0,0,,,
Bogor,Kabupaten Bogor Leuwiliang,2026-04-30 07:00:00,82,82,44,,4,9,0,80,,,,,
Tangerang,Tangerang Pasir Jaya,2026-04-30 07:00:00,153,153,62,,58,63,0,65,,,,,
Bekasi,Bekasi Kayuringin,2026-04-30 07:00:00,58,58,32,,42,15,0,7,,,,,
Jakarta,The Pakubuwono Menteng,2026-04-30 07:13:54,130,130,52,93,,,,,56,30.4,,,
Depok,Cinere - Nafas,2026-04-30 07:14:23,174,174,75,156,,,,,0,0,,,
Bogor,Kabupaten Bogor Leuwiliang,2026-04-30 07:00:00,82,82,44,,4,9,0,80,,,,,
Tangerang,Tangerang Pasir Jaya,2026-04-30 07:00:00,153,153,62,,58,63,0,65,,,,,
Bekasi,Bekasi Kayuringin,2026-04-30 07:00:00,58,58,32,,42,15,0,7,,,,,
Jakarta,The Pakubuwono Menteng,2026-04-30 07:14:53,137,137,54,95,,,,,56,30.4,,,
Depok,Cinere - Nafas,2026-04-30 07:15:23,175,175,80,156,,,,,0,0,,,
Bogor,Kabupaten Bogor Leuwiliang,2026-04-30 07:00:00,82,82,44,,4,9,0,80,,,,,
Tangerang,Tangerang Pasir Jaya,2026-04-30 07:00:00,153,153,62,,58,63,0,65,,,,,
Bekasi,Bekasi Kayuringin,2026-04-30 07:00:00,58,58,32,,42,15,0,7,,,,,
Jakarta,The Pakubuwono Menteng,2026-04-30 07:15:53,136,136,52,94,,,,,56,30.4,,,
Depok,Cinere - Nafas,2026-04-30 07:16:23,174,174,78,156,,,,,0,0,,,
Bogor,Kabupaten Bogor Leuwiliang,2026-04-30 07:00:00,82,82,44,,4,9,0,80,,,,,
Tangerang,Tangerang Pasir Jaya,2026-04-30 07:00:00,153,153,62,,58,63,0,65,,,,,
Bekasi,Bekasi Kayuringin,2026-04-30 07:00:00,58,58,32,,42,15,0,7,,,,,
Jakarta,The Pakubuwono Menteng,2026-04-30 07:16:53,133,133,53,94,,,,,56,30.5,,,
Depok,Cinere - Nafas,2026-04-30 07:17:23,176,176,79,157,,,,,0,0,,,
Bogor,Kabupaten Bogor Leuwiliang,2026-04-30 07:00:00,82,82,44,,4,9,0,80,,,,,
Tangerang,Tangerang Pasir Jaya,2026-04-30 07:00:00,153,153,62,,58,63,0,65,,,,,
Bekasi,Bekasi Kayuringin,2026-04-30 07:00:00,58,58,32,,42,15,0,7,,,,,
Jakarta,The Pakubuwono Menteng,2026-04-30 07:17:53,137,137,54,96,,,,,56,30.4,,,
Depok,Cinere - Nafas,2026-04-30 07:19:23,175,175,79,156,,,,,0,0,,,
Bogor,Kabupaten Bogor Leuwiliang,2026-04-30 07:00:00,82,82,44,,4,9,0,80,,,,,
Tangerang,Tangerang Pasir Jaya,2026-04-30 07:00:00,153,153,62,,58,63,0,65,,,,,
Bekasi,Bekasi Kayuringin,2026-04-30 07:00:00,58,58,32,,42,15,0,7,,,,,
Jakarta,The Pakubuwono Menteng,2026-04-30 07:18:53,138,138,54,97,,,,,56,30.4,,,
Depok,Cinere - Nafas,2026-04-30 07:19:23,175,175,79,156,,,,,0,0,,,
Bogor,Kabupaten Bogor Leuwiliang,2026-04-30 07:00:00,82,82,44,,4,9,0,80,,,,,
Tangerang,Tangerang Pasir Jaya,2026-04-30 07:00:00,153,153,62,,58,63,0,65,,,,,
Bekasi,Bekasi Kayuringin,2026-04-30 07:00:00,58,58,32,,42,15,0,7,,,,,
Jakarta,The Pakubuwono Menteng,2026-04-30 07:20:53,136,136,53,95,,,,,56,30.4,,,
Depok,Cinere - Nafas,2026-04-30 07:21:23,178,178,82,157,,,,,0,0,,,
Bogor,Kabupaten Bogor Leuwiliang,2026-04-30 07:00:00,82,82,44,,4,9,0,80,,,,,
Tangerang,Tangerang Pasir Jaya,2026-04-30 07:00:00,153,153,62,,58,63,0,65,,,,,
Bekasi,Bekasi Kayuringin,2026-04-30 07:00:00,58,58,32,,42,15,0,7,,,,,
Jakarta,The Pakubuwono Menteng,2026-04-30 07:21:53,139,139,54,97,,,,,56,30.5,,,
Depok,Cinere - Nafas,2026-04-30 07:22:23,177,177,80,157,,,,,0,0,,,
Bogor,Kabupaten Bogor Leuwiliang,2026-04-30 07:00:00,82,82,44,,4,9,0,80,,,,,
Tangerang,Tangerang Pasir Jaya,2026-04-30 07:00:00,153,153,62,,58,63,0,65,,,,,
Bekasi,Bekasi Kayuringin,2026-04-30 07:00:00,58,58,32,,42,15,0,7,,,,,
Jakarta,The Pakubuwono Menteng,2026-04-30 07:22:53,133,133,52,94,,,,,56,30.4,,,
Depok,Cinere - Nafas,2026-04-30 07:23:24,177,177,81,158,,,,,0,0,,,
Bogor,Kabupaten Bogor Leuwiliang,2026-04-30 07:00:00,82,82,44,,4,9,0,80,,,,,
Tangerang,Tangerang Pasir Jaya,2026-04-30 07:00:00,153,153,62,,58,63,0,65,,,,,
Bekasi,Bekasi Kayuringin,2026-04-30 07:00:00,58,58,32,,42,15,0,7,,,,,
Jakarta,The Pakubuwono Menteng,2026-04-30 07:23:53,137,137,54,95,,,,,56,30.5,,,
Depok,Cinere - Nafas,2026-04-30 07:24:23,176,176,80,158,,,,,0,0,,,
Bogor,Kabupaten Bogor Leuwiliang,2026-04-30 07:00:00,82,82,44,,4,9,0,80,,,,,
Tangerang,Tangerang Pasir Jaya,2026-04-30 07:00:00,153,153,62,,58,63,0,65,,,,,
Bekasi,Bekasi Kayuringin,2026-04-30 07:00:00,58,58,32,,42,15,0,7,,,,,
Jakarta,The Pakubuwono Menteng,2026-04-30 07:24:53,139,139,55,96,,,,,56,30.4,,,
Depok,Cinere - Nafas,2026-04-30 07:25:23,176,176,81,157,,,,,0,0,,,
Bogor,Kabupaten Bogor Leuwiliang,2026-04-30 07:00:00,82,82,44,,4,9,0,80,,,,,
Tangerang,Tangerang Pasir Jaya,2026-04-30 07:00:00,153,153,62,,58,63,0,65,,,,,
Bekasi,Bekasi Kayuringin,2026-04-30 07:00:00,58,58,32,,42,15,0,7,,,,,
Jakarta,The Pakubuwono Menteng,2026-04-30 07:25:53,145,145,56,103,,,,,56,30.5,,,
Depok,Cinere - Nafas,2026-04-30 07:25:23,176,176,81,157,,,,,0,0,,,
Bogor,Kabupaten Bogor Leuwiliang,2026-04-30 07:00:00,82,82,44,,4,9,0,80,,,,,
Tangerang,Tangerang Pasir Jaya,2026-04-30 07:00:00,153,153,62,,58,63,0,65,,,,,
Bekasi,Bekasi Kayuringin,2026-04-30 07:00:00,58,58,32,,42,15,0,7,,,,,
Jakarta,The Pakubuwono Menteng,2026-04-30 07:28:53,138,138,54,96,,,,,56,30.5,,,
Depok,Cinere - Nafas,2026-04-30 07:29:43,176,176,80,156,,,,,0,0,,,
Bogor,Kabupaten Bogor Leuwiliang,2026-04-30 07:00:00,82,82,44,,4,9,0,80,,,,,
Tangerang,Tangerang Pasir Jaya,2026-04-30 07:00:00,153,153,62,,58,63,0,65,,,,,
Bekasi,Bekasi Kayuringin,2026-04-30 07:00:00,58,58,32,,42,15,0,7,,,,,
Jakarta,The Pakubuwono Menteng,2026-04-30 07:29:53,143,143,55,100,,,,,56,30.5,,,
Depok,Cinere - Nafas,2026-04-30 07:30:43,176,176,78,156,,,,,0,0,,,
Bogor,Kabupaten Bogor Leuwiliang,2026-04-30 07:00:00,82,82,44,,4,9,0,80,,,,,
Tangerang,Tangerang Pasir Jaya,2026-04-30 07:00:00,153,153,62,,58,63,0,65,,,,,
Bekasi,Bekasi Kayuringin,2026-04-30 07:00:00,58,58,32,,42,15,0,7,,,,,
Jakarta,The Pakubuwono Menteng,2026-04-30 07:30:53,146,146,56,101,,,,,56,30.5,,,
Depok,Cinere - Nafas,2026-04-30 07:31:43,175,175,78,156,,,,,0,0,,,
Bogor,Kabupaten Bogor Leuwiliang,2026-04-30 07:00:00,82,82,44,,4,9,0,80,,,,,
Tangerang,Tangerang Pasir Jaya,2026-04-30 07:00:00,153,153,62,,58,63,0,65,,,,,
Bekasi,Bekasi Kayuringin,2026-04-30 07:00:00,58,58,32,,42,15,0,7,,,,,
Jakarta,The Pakubuwono Menteng,2026-04-30 07:30:53,146,146,56,101,,,,,56,30.5,,,
Depok,Cinere - Nafas,2026-04-30 07:31:43,175,175,78,156,,,,,0,0,,,
Bogor,Kabupaten Bogor Leuwiliang,2026-04-30 07:00:00,82,82,44,,4,9,0,80,,,,,
Tangerang,Tangerang Pasir Jaya,2026-04-30 07:00:00,153,153,62,,58,63,0,65,,,,,
Bekasi,Bekasi Kayuringin,2026-04-30 07:00:00,58,58,32,,42,15,0,7,,,,,
Jakarta,The Pakubuwono Menteng,2026-04-30 07:31:53,142,142,56,98,,,,,56,30.5,,,
Depok,Cinere - Nafas,2026-04-30 07:32:43,177,177,80,158,,,,,0,0,,,
Bogor,Kabupaten Bogor Leuwiliang,2026-04-30 07:00:00,82,82,44,,4,9,0,80,,,,,
Tangerang,Tangerang Pasir Jaya,2026-04-30 07:00:00,153,153,62,,58,63,0,65,,,,,
Bekasi,Bekasi Kayuringin,2026-04-30 07:00:00,58,58,32,,42,15,0,7,,,,,
Jakarta,The Pakubuwono Menteng,2026-04-30 07:32:53,138,138,54,96,,,,,56,30.5,,,
Depok,Cinere - Nafas,2026-04-30 07:33:43,178,178,82,158,,,,,0,0,,,
Bogor,Kabupaten Bogor Leuwiliang,2026-04-30 07:00:00,82,82,44,,4,9,0,80,,,,,
Tangerang,Tangerang Pasir Jaya,2026-04-30 07:00:00,153,153,62,,58,63,0,65,,,,,
Bekasi,Bekasi Kayuringin,2026-04-30 07:00:00,58,58,32,,42,15,0,7,,,,,
Jakarta,The Pakubuwono Menteng,2026-04-30 07:33:53,144,144,55,105,,,,,56,30.5,,,
Depok,Cinere - Nafas,2026-04-30 07:34:43,177,177,79,157,,,,,0,0,,,
Bogor,Kabupaten Bogor Leuwiliang,2026-04-30 07:00:00,82,82,44,,4,9,0,80,,,,,
Tangerang,Tangerang Pasir Jaya,2026-04-30 07:00:00,153,153,62,,58,63,0,65,,,,,
Bekasi,Bekasi Kayuringin,2026-04-30 07:00:00,58,58,32,,42,15,0,7,,,,,
Jakarta,The Pakubuwono Menteng,2026-04-30 07:35:53,150,150,56,105,,,,,56,30.4,,,
Depok,Cinere - Nafas,2026-04-30 07:37:43,177,177,80,157,,,,,0,0,,,
Bogor,Kabupaten Bogor Leuwiliang,2026-04-30 07:00:00,82,82,44,,4,9,0,80,,,,,
Tangerang,Tangerang Pasir Jaya,2026-04-30 07:00:00,153,153,62,,58,63,0,65,,,,,
Bekasi,Bekasi Kayuringin,2026-04-30 07:00:00,58,58,32,,42,15,0,7,,,,,
Jakarta,The Pakubuwono Menteng,2026-04-30 07:37:53,150,150,56,106,,,,,56,30.4,,,
Depok,Cinere - Nafas,2026-04-30 07:38:43,177,177,79,156,,,,,0,0,,,
Bogor,Kabupaten Bogor Leuwiliang,2026-04-30 07:00:00,82,82,44,,4,9,0,80,,,,,
Tangerang,Tangerang Pasir Jaya,2026-04-30 07:00:00,153,153,62,,58,63,0,65,,,,,
Bekasi,Bekasi Kayuringin,2026-04-30 07:00:00,58,58,32,,42,15,0,7,,,,,
Jakarta,The Pakubuwono Menteng,2026-04-30 07:38:53,150,150,56,109,,,,,56,30.4,,,
Depok,Cinere - Nafas,2026-04-30 07:39:43,172,172,75,154,,,,,0,0,,,
Bogor,Kabupaten Bogor Leuwiliang,2026-04-30 07:00:00,82,82,44,,4,9,0,80,,,,,
Tangerang,Tangerang Pasir Jaya,2026-04-30 07:00:00,153,153,62,,58,63,0,65,,,,,
Bekasi,Bekasi Kayuringin,2026-04-30 07:00:00,58,58,32,,42,15,0,7,,,,,
Jakarta,The Pakubuwono Menteng,2026-04-30 07:39:54,149,149,56,102,,,,,56,30.4,,,
Depok,Cinere - Nafas,2026-04-30 07:40:43,168,168,72,152,,,,,0,0,,,
Bogor,Kabupaten Bogor Leuwiliang,2026-04-30 07:00:00,82,82,44,,4,9,0,80,,,,,
Tangerang,Tangerang Pasir Jaya,2026-04-30 07:00:00,153,153,62,,58,63,0,65,,,,,
Bekasi,Bekasi Kayuringin,2026-04-30 07:00:00,58,58,32,,42,15,0,7,,,,,
Jakarta,The Pakubuwono Menteng,2026-04-30 07:40:54,143,143,55,98,,,,,56,30.4,,,
Depok,Cinere - Nafas,2026-04-30 07:41:43,172,172,75,155,,,,,0,0,,,
Bogor,Kabupaten Bogor Leuwiliang,2026-04-30 07:00:00,82,82,44,,4,9,0,80,,,,,
Tangerang,Tangerang Pasir Jaya,2026-04-30 07:00:00,153,153,62,,58,63,0,65,,,,,
Bekasi,Bekasi Kayuringin,2026-04-30 07:00:00,58,58,32,,42,15,0,7,,,,,
Jakarta,The Pakubuwono Menteng,2026-04-30 07:41:54,150,150,56,111,,,,,56,30.4,,,
Depok,Cinere - Nafas,2026-04-30 07:42:43,168,168,71,152,,,,,0,0,,,
Bogor,Kabupaten Bogor Leuwiliang,2026-04-30 07:00:00,82,82,44,,4,9,0,80,,,,,
Tangerang,Tangerang Pasir Jaya,2026-04-30 07:00:00,153,153,62,,58,63,0,65,,,,,
Bekasi,Bekasi Kayuringin,2026-04-30 07:00:00,58,58,32,,42,15,0,7,,,,,
Jakarta,The Pakubuwono Menteng,2026-04-30 07:43:54,151,151,57,109,,,,,56,30.4,,,
Depok,Cinere - Nafas,2026-04-30 07:44:43,170,170,73,152,,,,,0,0,,,
Bogor,Kabupaten Bogor Leuwiliang,2026-04-30 07:00:00,82,82,44,,4,9,0,80,,,,,
Tangerang,Tangerang Pasir Jaya,2026-04-30 07:00:00,153,153,62,,58,63,0,65,,,,,
Bekasi,Bekasi Kayuringin,2026-04-30 07:00:00,58,58,32,,42,15,0,7,,,,,
Jakarta,The Pakubuwono Menteng,2026-04-30 07:43:54,151,151,57,109,,,,,56,30.4,,,
Depok,Cinere - Nafas,2026-04-30 07:44:43,170,170,73,152,,,,,0,0,,,
Bogor,Kabupaten Bogor Leuwiliang,2026-04-30 07:00:00,82,82,44,,4,9,0,80,,,,,
Tangerang,Tangerang Pasir Jaya,2026-04-30 07:00:00,153,153,62,,58,63,0,65,,,,,
Bekasi,Bekasi Kayuringin,2026-04-30 07:00:00,58,58,32,,42,15,0,7,,,,,
Jakarta,The Pakubuwono Menteng,2026-04-30 07:45:54,146,146,56,105,,,,,56,30.4,,,
Depok,Cinere - Nafas,2026-04-30 07:46:43,166,166,70,150,,,,,0,0,,,
Bogor,Kabupaten Bogor Leuwiliang,2026-04-30 07:00:00,82,82,44,,4,9,0,80,,,,,
Tangerang,Tangerang Pasir Jaya,2026-04-30 07:00:00,153,153,62,,58,63,0,65,,,,,
Bekasi,Bekasi Kayuringin,2026-04-30 07:00:00,58,58,32,,42,15,0,7,,,,,
Jakarta,The Pakubuwono Menteng,2026-04-30 07:46:54,152,152,58,111,,,,,56,30.4,,,
Depok,Cinere - Nafas,2026-04-30 07:47:44,186,186,88,165,,,,,0,0,,,
Bogor,Kabupaten Bogor Leuwiliang,2026-04-30 07:00:00,82,82,44,,4,9,0,80,,,,,
Tangerang,Tangerang Pasir Jaya,2026-04-30 07:00:00,153,153,62,,58,63,0,65,,,,,
Bekasi,Bekasi Kayuringin,2026-04-30 07:00:00,58,58,32,,42,15,0,7,,,,,
Jakarta,The Pakubuwono Menteng,2026-04-30 07:47:54,153,153,58,112,,,,,56,30.4,,,
Depok,Cinere - Nafas,2026-04-30 07:48:43,177,177,80,158,,,,,0,0,,,
Bogor,Kabupaten Bogor Leuwiliang,2026-04-30 07:00:00,82,82,44,,4,9,0,80,,,,,
Tangerang,Tangerang Pasir Jaya,2026-04-30 07:00:00,153,153,62,,58,63,0,65,,,,,
Bekasi,Bekasi Kayuringin,2026-04-30 07:00:00,58,58,32,,42,15,0,7,,,,,
Jakarta,The Pakubuwono Menteng,2026-04-30 07:48:54,151,151,57,111,,,,,56,30.4,,,
Depok,Cinere - Nafas,2026-04-30 07:49:43,172,172,75,154,,,,,0,0,,,
Bogor,Kabupaten Bogor Leuwiliang,2026-04-30 07:00:00,82,82,44,,4,9,0,80,,,,,
Tangerang,Tangerang Pasir Jaya,2026-04-30 07:00:00,153,153,62,,58,63,0,65,,,,,
Bekasi,Bekasi Kayuringin,2026-04-30 07:00:00,58,58,32,,42,15,0,7,,,,,
Jakarta,The Pakubuwono Menteng,2026-04-30 07:50:54,152,152,58,112,,,,,56,30.4,,,
Depok,Cinere - Nafas,2026-04-30 07:50:43,172,172,75,154,,,,,0,0,,,
Bogor,Kabupaten Bogor Leuwiliang,2026-04-30 07:00:00,82,82,44,,4,9,0,80,,,,,
Tangerang,Tangerang Pasir Jaya,2026-04-30 07:00:00,153,153,62,,58,63,0,65,,,,,
Bekasi,Bekasi Kayuringin,2026-04-30 07:00:00,58,58,32,,42,15,0,7,,,,,
Jakarta,The Pakubuwono Menteng,2026-04-30 07:51:54,152,152,57,109,,,,,56,30.4,,,
Depok,Cinere - Nafas,2026-04-30 07:52:14,173,173,76,155,,,,,0,0,,,
Bogor,Kabupaten Bogor Leuwiliang,2026-04-30 07:00:00,82,82,44,,4,9,0,80,,,,,
Tangerang,Tangerang Pasir Jaya,2026-04-30 07:00:00,153,153,62,,58,63,0,65,,,,,
Bekasi,Bekasi Kayuringin,2026-04-30 07:00:00,58,58,32,,42,15,0,7,,,,,
Jakarta,The Pakubuwono Menteng,2026-04-30 07:52:54,153,153,58,113,,,,,56,30.4,,,
Depok,Cinere - Nafas,2026-04-30 07:52:14,173,173,76,155,,,,,0,0,,,
Bogor,Kabupaten Bogor Leuwiliang,2026-04-30 07:00:00,82,82,44,,4,9,0,80,,,,,
Tangerang,Tangerang Pasir Jaya,2026-04-30 07:00:00,153,153,62,,58,63,0,65,,,,,
Bekasi,Bekasi Kayuringin,2026-04-30 07:00:00,58,58,32,,42,15,0,7,,,,,
Jakarta,The Pakubuwono Menteng,2026-04-30 07:53:54,151,151,57,108,,,,,56,30.4,,,
Depok,Cinere - Nafas,2026-04-30 07:54:31,194,194,98,167,,,,,0,0,,,
Bogor,Kabupaten Bogor Leuwiliang,2026-04-30 07:00:00,82,82,44,,4,9,0,80,,,,,
Tangerang,Tangerang Pasir Jaya,2026-04-30 07:00:00,153,153,62,,58,63,0,65,,,,,
Bekasi,Bekasi Kayuringin,2026-04-30 07:00:00,58,58,32,,42,15,0,7,,,,,
Jakarta,The Pakubuwono Menteng,2026-04-30 07:55:54,153,153,57,116,,,,,56,30.4,,,
Depok,Cinere - Nafas,2026-04-30 07:56:31,184,184,86,162,,,,,0,0,,,
Bogor,Kabupaten Bogor Leuwiliang,2026-04-30 07:00:00,82,82,44,,4,9,0,80,,,,,
Tangerang,Tangerang Pasir Jaya,2026-04-30 07:00:00,153,153,62,,58,63,0,65,,,,,
Bekasi,Bekasi Kayuringin,2026-04-30 07:00:00,58,58,32,,42,15,0,7,,,,,
Jakarta,The Pakubuwono Menteng,2026-04-30 07:56:54,152,152,57,110,,,,,56,30.4,,,
Depok,Cinere - Nafas,2026-04-30 07:57:31,176,176,77,155,,,,,0,0,,,
Bogor,Kabupaten Bogor Leuwiliang,2026-04-30 07:00:00,82,82,44,,4,9,0,80,,,,,
Tangerang,Tangerang Pasir Jaya,2026-04-30 07:00:00,153,153,62,,58,63,0,65,,,,,
Bekasi,Bekasi Kayuringin,2026-04-30 07:00:00,58,58,32,,42,15,0,7,,,,,
Jakarta,The Pakubuwono Menteng,2026-04-30 07:57:54,151,151,57,110,,,,,56,30.4,,,
Depok,Cinere - Nafas,2026-04-30 07:58:32,172,172,75,153,,,,,0,0,,,
Bogor,Kabupaten Bogor Leuwiliang,2026-04-30 07:00:00,82,82,44,,4,9,0,80,,,,,
Tangerang,Tangerang Pasir Jaya,2026-04-30 07:00:00,153,153,62,,58,63,0,65,,,,,
Bekasi,Bekasi Kayuringin,2026-04-30 07:00:00,58,58,32,,42,15,0,7,,,,,
Jakarta,The Pakubuwono Menteng,2026-04-30 07:58:54,153,153,58,118,,,,,56,30.4,,,
Depok,Cinere - Nafas,2026-04-30 07:59:31,174,174,77,154,,,,,0,0,,,
Bogor,Kabupaten Bogor Leuwiliang,2026-04-30 07:00:00,82,82,44,,4,9,0,80,,,,,
Tangerang,Tangerang Pasir Jaya,2026-04-30 07:00:00,153,153,62,,58,63,0,65,,,,,
Bekasi,Bekasi Kayuringin,2026-04-30 07:00:00,58,58,32,,42,15,0,7,,,,,
Jakarta,The Pakubuwono Menteng,2026-04-30 07:59:54,153,153,58,118,,,,,56,30.4,,,
Depok,Cinere - Nafas,2026-04-30 08:00:31,170,170,72,153,,,,,0,0,,,
Bogor,Kabupaten Bogor Leuwiliang,2026-04-30 07:00:00,82,82,44,,4,9,0,80,,,,,
Tangerang,Tangerang Pasir Jaya,2026-04-30 07:00:00,153,153,62,,58,63,0,65,,,,,
Bekasi,Bekasi Kayuringin,2026-04-30 07:00:00,58,58,32,,42,15,0,7,,,,,
Jakarta,The Pakubuwono Menteng,2026-04-30 08:00:54,153,153,58,121,,,,,56,30.4,,,
Depok,Cinere - Nafas,2026-04-30 08:01:31,170,170,72,152,,,,,0,0,,,
Bogor,Kabupaten Bogor Leuwiliang,2026-04-30 07:00:00,82,82,44,,4,9,0,80,,,,,
Tangerang,Tangerang Pasir Jaya,2026-04-30 07:00:00,153,153,62,,58,63,0,65,,,,,
Bekasi,Bekasi Kayuringin,2026-04-30 07:00:00,58,58,32,,42,15,0,7,,,,,
Jakarta,The Pakubuwono Menteng,2026-04-30 08:01:54,153,153,59,116,,,,,57,30.4,,,
Depok,Cinere - Nafas,2026-04-30 08:02:31,172,172,72,153,,,,,0,0,,,
Bogor,Kabupaten Bogor Leuwiliang,2026-04-30 07:00:00,82,82,44,,4,9,0,80,,,,,
Tangerang,Tangerang Pasir Jaya,2026-04-30 07:00:00,153,153,62,,58,63,0,65,,,,,
Bekasi,Bekasi Kayuringin,2026-04-30 07:00:00,58,58,32,,42,15,0,7,,,,,
Jakarta,The Pakubuwono Menteng,2026-04-30 08:03:54,152,152,59,114,,,,,56,30.4,,,
Depok,Cinere - Nafas,2026-04-30 08:04:32,168,168,70,151,,,,,0,0,,,
Bogor,Kabupaten Bogor Leuwiliang,2026-04-30 07:00:00,82,82,44,,4,9,0,80,,,,,
Tangerang,Tangerang Pasir Jaya,2026-04-30 07:00:00,153,153,62,,58,63,0,65,,,,,
Bekasi,Bekasi Kayuringin,2026-04-30 07:00:00,58,58,32,,42,15,0,7,,,,,
Jakarta,The Pakubuwono Menteng,2026-04-30 08:05:54,154,154,59,116,,,,,56,30.4,,,
Depok,Cinere - Nafas,2026-04-30 08:06:32,169,169,71,152,,,,,0,0,,,
Bogor,Kabupaten Bogor Leuwiliang,2026-04-30 07:00:00,82,82,44,,4,9,0,80,,,,,
Tangerang,Tangerang Pasir Jaya,2026-04-30 07:00:00,153,153,62,,58,63,0,65,,,,,
Bekasi,Bekasi Kayuringin,2026-04-30 07:00:00,58,58,32,,42,15,0,7,,,,,
Jakarta,The Pakubuwono Menteng,2026-04-30 08:06:54,151,151,58,110,,,,,56,30.4,,,
Depok,Cinere - Nafas,2026-04-30 08:06:32,169,169,71,152,,,,,0,0,,,
Bogor,Kabupaten Bogor Leuwiliang,2026-04-30 07:00:00,82,82,44,,4,9,0,80,,,,,
Tangerang,Tangerang Pasir Jaya,2026-04-30 07:00:00,153,153,62,,58,63,0,65,,,,,
Bekasi,Bekasi Kayuringin,2026-04-30 07:00:00,58,58,32,,42,15,0,7,,,,,
Jakarta,The Pakubuwono Menteng,2026-04-30 08:08:54,153,153,59,115,,,,,56,30.4,,,
Depok,Cinere - Nafas,2026-04-30 08:06:32,169,169,71,152,,,,,0,0,,,
Bogor,Kabupaten Bogor Leuwiliang,2026-04-30 07:00:00,82,82,44,,4,9,0,80,,,,,
Tangerang,Tangerang Pasir Jaya,2026-04-30 07:00:00,153,153,62,,58,63,0,65,,,,,
Bekasi,Bekasi Kayuringin,2026-04-30 07:00:00,58,58,32,,42,15,0,7,,,,,
Jakarta,The Pakubuwono Menteng,2026-04-30 08:09:54,153,153,58,116,,,,,56,30.3,,,
Depok,Cinere - Nafas,2026-04-30 08:09:32,176,176,78,156,,,,,0,0,,,
Bogor,Kabupaten Bogor Leuwiliang,2026-04-30 07:00:00,82,82,44,,4,9,0,80,,,,,
Tangerang,Tangerang Pasir Jaya,2026-04-30 07:00:00,153,153,62,,58,63,0,65,,,,,
Bekasi,Bekasi Kayuringin,2026-04-30 07:00:00,58,58,32,,42,15,0,7,,,,,
Jakarta,The Pakubuwono Menteng,2026-04-30 08:09:54,153,153,58,116,,,,,56,30.3,,,
Depok,Cinere - Nafas,2026-04-30 08:09:32,176,176,78,156,,,,,0,0,,,
Bogor,Kabupaten Bogor Leuwiliang,2026-04-30 08:00:00,82,82,44,,4,9,0,80,,,,,
Tangerang,Tangerang Pasir Jaya,2026-04-30 08:00:00,154,154,62,,58,63,0,65,,,,,
Bekasi,Bekasi Kayuringin,2026-04-30 08:00:00,59,59,32,,42,15,0,7,,,,,
Jakarta,The Pakubuwono Menteng,2026-04-30 08:11:54,154,154,59,118,,,,,56,30.4,,,
Depok,Cinere - Nafas,2026-04-30 08:11:32,168,168,71,152,,,,,0,0,,,
Bogor,Kabupaten Bogor Leuwiliang,2026-04-30 08:00:00,82,82,44,,4,9,0,80,,,,,
Tangerang,Tangerang Pasir Jaya,2026-04-30 08:00:00,154,154,62,,58,63,0,65,,,,,
Bekasi,Bekasi Kayuringin,2026-04-30 08:00:00,59,59,32,,42,15,0,7,,,,,
Jakarta,The Pakubuwono Menteng,2026-04-30 08:12:54,152,152,57,113,,,,,56,30.4,,,
Depok,Cinere - Nafas,2026-04-30 08:12:32,168,168,71,151,,,,,0,0,,,
Bogor,Kabupaten Bogor Leuwiliang,2026-04-30 08:00:00,82,82,44,,4,9,0,80,,,,,
Tangerang,Tangerang Pasir Jaya,2026-04-30 08:00:00,154,154,62,,58,63,0,65,,,,,
Bekasi,Bekasi Kayuringin,2026-04-30 08:00:00,59,59,32,,42,15,0,7,,,,,
Jakarta,The Pakubuwono Menteng,2026-04-30 08:13:54,152,152,57,110,,,,,56,30.4,,,
Depok,Cinere - Nafas,2026-04-30 08:14:32,161,161,64,139,,,,,0,0,,,
Bogor,Kabupaten Bogor Leuwiliang,2026-04-30 08:00:00,82,82,44,,4,9,0,80,,,,,
Tangerang,Tangerang Pasir Jaya,2026-04-30 08:00:00,154,154,62,,58,63,0,65,,,,,
Bekasi,Bekasi Kayuringin,2026-04-30 08:00:00,59,59,32,,42,15,0,7,,,,,
Jakarta,The Pakubuwono Menteng,2026-04-30 08:14:54,150,150,57,102,,,,,56,30.4,,,
Depok,Cinere - Nafas,2026-04-30 08:15:32,162,162,63,135,,,,,0,0,,,
Bogor,Kabupaten Bogor Leuwiliang,2026-04-30 08:00:00,82,82,44,,4,9,0,80,,,,,
Tangerang,Tangerang Pasir Jaya,2026-04-30 08:00:00,154,154,62,,58,63,0,65,,,,,
Bekasi,Bekasi Kayuringin,2026-04-30 08:00:00,59,59,32,,42,15,0,7,,,,,
Jakarta,The Pakubuwono Menteng,2026-04-30 08:15:57,152,152,57,109,,,,,56,30.4,,,
Depok,Cinere - Nafas,2026-04-30 08:16:32,165,165,67,143,,,,,0,0,,,
Bogor,Kabupaten Bogor Leuwiliang,2026-04-30 08:00:00,82,82,44,,4,9,0,80,,,,,
Tangerang,Tangerang Pasir Jaya,2026-04-30 08:00:00,154,154,62,,58,63,0,65,,,,,
Bekasi,Bekasi Kayuringin,2026-04-30 08:00:00,59,59,32,,42,15,0,7,,,,,
Jakarta,The Pakubuwono Menteng,2026-04-30 08:17:54,152,152,57,106,,,,,56,30.4,,,
Depok,Cinere - Nafas,2026-04-30 08:17:32,163,163,65,143,,,,,0,0,,,
Bogor,Kabupaten Bogor Leuwiliang,2026-04-30 08:00:00,82,82,44,,4,9,0,80,,,,,
Tangerang,Tangerang Pasir Jaya,2026-04-30 08:00:00,154,154,62,,58,63,0,65,,,,,
Bekasi,Bekasi Kayuringin,2026-04-30 08:00:00,59,59,32,,42,15,0,7,,,,,
Jakarta,The Pakubuwono Menteng,2026-04-30 08:19:54,153,153,58,115,,,,,56,30.5,,,
Depok,Cinere - Nafas,2026-04-30 08:19:32,161,161,65,135,,,,,0,0,,,
Bogor,Kabupaten Bogor Leuwiliang,2026-04-30 08:00:00,82,82,44,,4,9,0,80,,,,,
Tangerang,Tangerang Pasir Jaya,2026-04-30 08:00:00,154,154,62,,58,63,0,65,,,,,
Bekasi,Bekasi Kayuringin,2026-04-30 08:00:00,59,59,32,,42,15,0,7,,,,,
Jakarta,The Pakubuwono Menteng,2026-04-30 08:20:55,152,152,58,113,,,,,56,30.5,,,
Depok,Cinere - Nafas,2026-04-30 08:20:32,161,161,63,134,,,,,0,0,,,
Bogor,Kabupaten Bogor Leuwiliang,2026-04-30 08:00:00,82,82,44,,4,9,0,80,,,,,
Tangerang,Tangerang Pasir Jaya,2026-04-30 08:00:00,154,154,62,,58,63,0,65,,,,,
Bekasi,Bekasi Kayuringin,2026-04-30 08:00:00,59,59,32,,42,15,0,7,,,,,
Jakarta,The Pakubuwono Menteng,2026-04-30 08:21:55,151,151,57,111,,,,,56,30.5,,,
Depok,Cinere - Nafas,2026-04-30 08:21:32,161,161,64,140,,,,,0,0,,,
Bogor,Kabupaten Bogor Leuwiliang,2026-04-30 08:00:00,82,82,44,,4,9,0,80,,,,,
Tangerang,Tangerang Pasir Jaya,2026-04-30 08:00:00,154,154,62,,58,63,0,65,,,,,
Bekasi,Bekasi Kayuringin,2026-04-30 08:00:00,59,59,32,,42,15,0,7,,,,,
Jakarta,The Pakubuwono Menteng,2026-04-30 08:21:55,151,151,57,111,,,,,56,30.5,,,
Depok,Cinere - Nafas,2026-04-30 08:21:32,161,161,64,140,,,,,0,0,,,
Bogor,Kabupaten Bogor Leuwiliang,2026-04-30 08:00:00,82,82,44,,4,9,0,80,,,,,
Tangerang,Tangerang Pasir Jaya,2026-04-30 08:00:00,154,154,62,,58,63,0,65,,,,,
Bekasi,Bekasi Kayuringin,2026-04-30 08:00:00,59,59,32,,42,15,0,7,,,,,
Jakarta,The Pakubuwono Menteng,2026-04-30 08:24:55,154,154,59,116,,,,,56,30.5,,,
Depok,Cinere - Nafas,2026-04-30 08:24:32,161,161,63,138,,,,,0,0,,,
Bogor,Kabupaten Bogor Leuwiliang,2026-04-30 08:00:00,82,82,44,,4,9,0,80,,,,,
Tangerang,Tangerang Pasir Jaya,2026-04-30 08:00:00,154,154,62,,58,63,0,65,,,,,
Bekasi,Bekasi Kayuringin,2026-04-30 08:00:00,59,59,32,,42,15,0,7,,,,,
Jakarta,The Pakubuwono Menteng,2026-04-30 08:25:55,154,154,59,115,,,,,56,30.5,,,
Depok,Cinere - Nafas,2026-04-30 08:25:32,159,159,62,130,,,,,0,0,,,
Bogor,Kabupaten Bogor Leuwiliang,2026-04-30 08:00:00,82,82,44,,4,9,0,80,,,,,
Tangerang,Tangerang Pasir Jaya,2026-04-30 08:00:00,154,154,62,,58,63,0,65,,,,,
Bekasi,Bekasi Kayuringin,2026-04-30 08:00:00,59,59,32,,42,15,0,7,,,,,
Jakarta,The Pakubuwono Menteng,2026-04-30 08:25:55,154,154,59,115,,,,,56,30.5,,,
Depok,Cinere - Nafas,2026-04-30 08:25:32,159,159,62,130,,,,,0,0,,,
Bogor,Kabupaten Bogor Leuwiliang,2026-04-30 08:00:00,82,82,44,,4,9,0,80,,,,,
Tangerang,Tangerang Pasir Jaya,2026-04-30 08:00:00,154,154,62,,58,63,0,65,,,,,
Bekasi,Bekasi Kayuringin,2026-04-30 08:00:00,59,59,32,,42,15,0,7,,,,,
Jakarta,The Pakubuwono Menteng,2026-04-30 08:27:55,154,154,59,116,,,,,56,30.5,,,
Depok,Cinere - Nafas,2026-04-30 08:26:32,160,160,62,129,,,,,0,0,,,
Bogor,Kabupaten Bogor Leuwiliang,2026-04-30 08:00:00,82,82,44,,4,9,0,80,,,,,
Tangerang,Tangerang Pasir Jaya,2026-04-30 08:00:00,154,154,62,,58,63,0,65,,,,,
Bekasi,Bekasi Kayuringin,2026-04-30 08:00:00,59,59,32,,42,15,0,7,,,,,
Jakarta,The Pakubuwono Menteng,2026-04-30 08:28:55,154,154,59,117,,,,,56,30.5,,,
Depok,Cinere - Nafas,2026-04-30 08:28:36,163,163,67,144,,,,,0,0,,,
Bogor,Kabupaten Bogor Leuwiliang,2026-04-30 08:00:00,82,82,44,,4,9,0,80,,,,,
Tangerang,Tangerang Pasir Jaya,2026-04-30 08:00:00,154,154,62,,58,63,0,65,,,,,
Bekasi,Bekasi Kayuringin,2026-04-30 08:00:00,59,59,32,,42,15,0,7,,,,,
Jakarta,The Pakubuwono Menteng,2026-04-30 08:29:55,152,152,57,110,,,,,56,30.5,,,
Depok,Cinere - Nafas,2026-04-30 08:29:36,165,165,67,145,,,,,0,0,,,
Bogor,Kabupaten Bogor Leuwiliang,2026-04-30 08:00:00,82,82,44,,4,9,0,80,,,,,
Tangerang,Tangerang Pasir Jaya,2026-04-30 08:00:00,154,154,62,,58,63,0,65,,,,,
Bekasi,Bekasi Kayuringin,2026-04-30 08:00:00,59,59,32,,42,15,0,7,,,,,
Jakarta,The Pakubuwono Menteng,2026-04-30 08:30:55,153,153,58,113,,,,,56,30.5,,,
Depok,Cinere - Nafas,2026-04-30 08:30:36,162,162,66,141,,,,,0,0,,,
Bogor,Kabupaten Bogor Leuwiliang,2026-04-30 08:00:00,82,82,44,,4,9,0,80,,,,,
Tangerang,Tangerang Pasir Jaya,2026-04-30 08:00:00,154,154,62,,58,63,0,65,,,,,
Bekasi,Bekasi Kayuringin,2026-04-30 08:00:00,59,59,32,,42,15,0,7,,,,,
Jakarta,The Pakubuwono Menteng,2026-04-30 08:31:55,151,151,57,109,,,,,56,30.5,,,
Depok,Cinere - Nafas,2026-04-30 08:31:36,164,164,66,142,,,,,0,0,,,
Bogor,Kabupaten Bogor Leuwiliang,2026-04-30 08:00:00,82,82,44,,4,9,0,80,,,,,
Tangerang,Tangerang Pasir Jaya,2026-04-30 08:00:00,154,154,62,,58,63,0,65,,,,,
Bekasi,Bekasi Kayuringin,2026-04-30 08:00:00,59,59,32,,42,15,0,7,,,,,
Jakarta,The Pakubuwono Menteng,2026-04-30 08:33:55,150,150,57,109,,,,,56,30.5,,,
Depok,Cinere - Nafas,2026-04-30 08:33:36,166,166,70,150,,,,,0,0,,,
Bogor,Kabupaten Bogor Leuwiliang,2026-04-30 08:00:00,82,82,44,,4,9,0,80,,,,,
Tangerang,Tangerang Pasir Jaya,2026-04-30 08:00:00,154,154,62,,58,63,0,65,,,,,
Bekasi,Bekasi Kayuringin,2026-04-30 08:00:00,59,59,32,,42,15,0,7,,,,,
Jakarta,The Pakubuwono Menteng,2026-04-30 08:35:55,151,151,57,105,,,,,56,30.6,,,
Depok,Cinere - Nafas,2026-04-30 08:35:36,167,167,70,150,,,,,0,0,,,
Bogor,Kabupaten Bogor Leuwiliang,2026-04-30 08:00:00,82,82,44,,4,9,0,80,,,,,
Tangerang,Tangerang Pasir Jaya,2026-04-30 08:00:00,154,154,62,,58,63,0,65,,,,,
Bekasi,Bekasi Kayuringin,2026-04-30 08:00:00,59,59,32,,42,15,0,7,,,,,
Jakarta,The Pakubuwono Menteng,2026-04-30 08:36:55,152,152,58,111,,,,,56,30.6,,,
Depok,Cinere - Nafas,2026-04-30 08:36:36,168,168,71,151,,,,,0,0,,,
Bogor,Kabupaten Bogor Leuwiliang,2026-04-30 08:00:00,82,82,44,,4,9,0,80,,,,,
Tangerang,Tangerang Pasir Jaya,2026-04-30 08:00:00,154,154,62,,58,63,0,65,,,,,
Bekasi,Bekasi Kayuringin,2026-04-30 08:00:00,59,59,32,,42,15,0,7,,,,,
Jakarta,The Pakubuwono Menteng,2026-04-30 08:36:55,152,152,58,111,,,,,56,30.6,,,
Depok,Cinere - Nafas,2026-04-30 08:36:36,168,168,71,151,,,,,0,0,,,
Bogor,Kabupaten Bogor Leuwiliang,2026-04-30 08:00:00,82,82,44,,4,9,0,80,,,,,
Tangerang,Tangerang Pasir Jaya,2026-04-30 08:00:00,154,154,62,,58,63,0,65,,,,,
Bekasi,Bekasi Kayuringin,2026-04-30 08:00:00,59,59,32,,42,15,0,7,,,,,
Jakarta,The Pakubuwono Menteng,2026-04-30 08:37:55,146,146,55,100,,,,,56,30.6,,,
Depok,Cinere - Nafas,2026-04-30 08:37:36,167,167,70,151,,,,,0,0,,,
Bogor,Kabupaten Bogor Leuwiliang,2026-04-30 08:00:00,82,82,44,,4,9,0,80,,,,,
Tangerang,Tangerang Pasir Jaya,2026-04-30 08:00:00,154,154,62,,58,63,0,65,,,,,
Bekasi,Bekasi Kayuringin,2026-04-30 08:00:00,59,59,32,,42,15,0,7,,,,,
Jakarta,The Pakubuwono Menteng,2026-04-30 08:38:55,151,151,57,105,,,,,56,30.7,,,
Depok,Cinere - Nafas,2026-04-30 08:38:36,166,166,68,150,,,,,0,0,,,
Bogor,Kabupaten Bogor Leuwiliang,2026-04-30 08:00:00,82,82,44,,4,9,0,80,,,,,
Tangerang,Tangerang Pasir Jaya,2026-04-30 08:00:00,154,154,62,,58,63,0,65,,,,,
Bekasi,Bekasi Kayuringin,2026-04-30 08:00:00,59,59,32,,42,15,0,7,,,,,
Jakarta,The Pakubuwono Menteng,2026-04-30 08:40:55,128,128,51,90,,,,,56,30.7,,,
Depok,Cinere - Nafas,2026-04-30 08:40:36,166,166,70,150,,,,,0,0,,,
Bogor,Kabupaten Bogor Leuwiliang,2026-04-30 08:00:00,82,82,44,,4,9,0,80,,,,,
Tangerang,Tangerang Pasir Jaya,2026-04-30 08:00:00,154,154,62,,58,63,0,65,,,,,
Bekasi,Bekasi Kayuringin,2026-04-30 08:00:00,59,59,32,,42,15,0,7,,,,,
Jakarta,The Pakubuwono Menteng,2026-04-30 08:41:55,128,128,51,90,,,,,56,30.7,,,
Depok,Cinere - Nafas,2026-04-30 08:42:57,164,164,66,145,,,,,0,0,,,
Bogor,Kabupaten Bogor Leuwiliang,2026-04-30 08:00:00,82,82,44,,4,9,0,80,,,,,
Tangerang,Tangerang Pasir Jaya,2026-04-30 08:00:00,154,154,62,,58,63,0,65,,,,,
Bekasi,Bekasi Kayuringin,2026-04-30 08:00:00,59,59,32,,42,15,0,7,,,,,
Jakarta,The Pakubuwono Menteng,2026-04-30 08:43:55,126,126,51,90,,,,,56,30.8,,,
Depok,Cinere - Nafas,2026-04-30 08:43:57,165,165,67,147,,,,,0,0,,,
Bogor,Kabupaten Bogor Leuwiliang,2026-04-30 08:00:00,82,82,44,,4,9,0,80,,,,,
Tangerang,Tangerang Pasir Jaya,2026-04-30 08:00:00,154,154,62,,58,63,0,65,,,,,
Bekasi,Bekasi Kayuringin,2026-04-30 08:00:00,59,59,32,,42,15,0,7,,,,,
Jakarta,The Pakubuwono Menteng,2026-04-30 08:44:55,125,125,50,89,,,,,56,30.9,,,
Depok,Cinere - Nafas,2026-04-30 08:44:57,164,164,66,144,,,,,0,0,,,
Bogor,Kabupaten Bogor Leuwiliang,2026-04-30 08:00:00,82,82,44,,4,9,0,80,,,,,
Tangerang,Tangerang Pasir Jaya,2026-04-30 08:00:00,154,154,62,,58,63,0,65,,,,,
Bekasi,Bekasi Kayuringin,2026-04-30 08:00:00,59,59,32,,42,15,0,7,,,,,
Jakarta,The Pakubuwono Menteng,2026-04-30 08:45:55,130,130,52,94,,,,,56,30.9,,,
Depok,Cinere - Nafas,2026-04-30 08:45:57,166,166,68,144,,,,,0,0,,,
Bogor,Kabupaten Bogor Leuwiliang,2026-04-30 08:00:00,82,82,44,,4,9,0,80,,,,,
Tangerang,Tangerang Pasir Jaya,2026-04-30 08:00:00,154,154,62,,58,63,0,65,,,,,
Bekasi,Bekasi Kayuringin,2026-04-30 08:00:00,59,59,32,,42,15,0,7,,,,,
Jakarta,The Pakubuwono Menteng,2026-04-30 08:46:56,126,126,51,94,,,,,56,30.9,,,
Depok,Cinere - Nafas,2026-04-30 08:46:57,165,165,66,146,,,,,0,0,,,
Bogor,Kabupaten Bogor Leuwiliang,2026-04-30 08:00:00,82,82,44,,4,9,0,80,,,,,
Tangerang,Tangerang Pasir Jaya,2026-04-30 08:00:00,154,154,62,,58,63,0,65,,,,,
Bekasi,Bekasi Kayuringin,2026-04-30 08:00:00,59,59,32,,42,15,0,7,,,,,
Jakarta,The Pakubuwono Menteng,2026-04-30 08:47:55,124,124,50,89,,,,,55,30.9,,,
Depok,Cinere - Nafas,2026-04-30 08:47:57,166,166,69,146,,,,,0,0,,,
Bogor,Kabupaten Bogor Leuwiliang,2026-04-30 08:00:00,82,82,44,,4,9,0,80,,,,,
Tangerang,Tangerang Pasir Jaya,2026-04-30 08:00:00,154,154,62,,58,63,0,65,,,,,
Bekasi,Bekasi Kayuringin,2026-04-30 08:00:00,59,59,32,,42,15,0,7,,,,,
Jakarta,The Pakubuwono Menteng,2026-04-30 08:48:55,116,116,47,85,,,,,55,30.9,,,
Depok,Cinere - Nafas,2026-04-30 08:48:57,165,165,67,150,,,,,0,0,,,
Bogor,Kabupaten Bogor Leuwiliang,2026-04-30 08:00:00,82,82,44,,4,9,0,80,,,,,
Tangerang,Tangerang Pasir Jaya,2026-04-30 08:00:00,154,154,62,,58,63,0,65,,,,,
Bekasi,Bekasi Kayuringin,2026-04-30 08:00:00,59,59,32,,42,15,0,7,,,,,
Jakarta,The Pakubuwono Menteng,2026-04-30 08:49:55,116,116,44,84,,,,,55,31,,,
Depok,Cinere - Nafas,2026-04-30 08:49:57,166,166,67,150,,,,,0,0,,,
Bogor,Kabupaten Bogor Leuwiliang,2026-04-30 08:00:00,82,82,44,,4,9,0,80,,,,,
Tangerang,Tangerang Pasir Jaya,2026-04-30 08:00:00,154,154,62,,58,63,0,65,,,,,
Bekasi,Bekasi Kayuringin,2026-04-30 08:00:00,59,59,32,,42,15,0,7,,,,,
Jakarta,The Pakubuwono Menteng,2026-04-30 08:51:57,125,125,50,88,,,,,55,31,,,
Depok,Cinere - Nafas,2026-04-30 08:51:57,165,165,68,143,,,,,0,0,,,
Bogor,Kabupaten Bogor Leuwiliang,2026-04-30 08:00:00,82,82,44,,4,9,0,80,,,,,
Tangerang,Tangerang Pasir Jaya,2026-04-30 08:00:00,154,154,62,,58,63,0,65,,,,,
Bekasi,Bekasi Kayuringin,2026-04-30 08:00:00,59,59,32,,42,15,0,7,,,,,
Jakarta,The Pakubuwono Menteng,2026-04-30 08:52:55,114,114,45,85,,,,,55,31.1,,,
Depok,Cinere - Nafas,2026-04-30 08:52:57,165,165,68,150,,,,,0,0,,,
Bogor,Kabupaten Bogor Leuwiliang,2026-04-30 08:00:00,82,82,44,,4,9,0,80,,,,,
Tangerang,Tangerang Pasir Jaya,2026-04-30 08:00:00,154,154,62,,58,63,0,65,,,,,
Bekasi,Bekasi Kayuringin,2026-04-30 08:00:00,59,59,32,,42,15,0,7,,,,,
Jakarta,The Pakubuwono Menteng,2026-04-30 08:53:55,121,121,48,86,,,,,55,31.1,,,
Depok,Cinere - Nafas,2026-04-30 08:53:57,167,167,69,151,,,,,0,0,,,
Bogor,Kabupaten Bogor Leuwiliang,2026-04-30 08:00:00,82,82,44,,4,9,0,80,,,,,
Tangerang,Tangerang Pasir Jaya,2026-04-30 08:00:00,154,154,62,,58,63,0,65,,,,,
Bekasi,Bekasi Kayuringin,2026-04-30 08:00:00,59,59,32,,42,15,0,7,,,,,
Jakarta,The Pakubuwono Menteng,2026-04-30 08:55:55,118,118,47,87,,,,,55,31.1,,,
Depok,Cinere - Nafas,2026-04-30 08:55:57,166,166,68,148,,,,,0,0,,,
Bogor,Kabupaten Bogor Leuwiliang,2026-04-30 08:00:00,82,82,44,,4,9,0,80,,,,,
Tangerang,Tangerang Pasir Jaya,2026-04-30 08:00:00,154,154,62,,58,63,0,65,,,,,
Bekasi,Bekasi Kayuringin,2026-04-30 08:00:00,59,59,32,,42,15,0,7,,,,,
Jakarta,The Pakubuwono Menteng,2026-04-30 08:56:55,118,118,48,86,,,,,55,31.2,,,
Depok,Cinere - Nafas,2026-04-30 08:56:57,166,166,69,150,,,,,0,0,,,
Bogor,Kabupaten Bogor Leuwiliang,2026-04-30 08:00:00,82,82,44,,4,9,0,80,,,,,
Tangerang,Tangerang Pasir Jaya,2026-04-30 08:00:00,154,154,62,,58,63,0,65,,,,,
Bekasi,Bekasi Kayuringin,2026-04-30 08:00:00,59,59,32,,42,15,0,7,,,,,
Jakarta,The Pakubuwono Menteng,2026-04-30 08:57:55,113,113,45,84,,,,,55,31.2,,,
Depok,Cinere - Nafas,2026-04-30 08:57:57,163,163,67,144,,,,,0,0,,,
Bogor,Kabupaten Bogor Leuwiliang,2026-04-30 08:00:00,82,82,44,,4,9,0,80,,,,,
Tangerang,Tangerang Pasir Jaya,2026-04-30 08:00:00,154,154,62,,58,63,0,65,,,,,
Bekasi,Bekasi Kayuringin,2026-04-30 08:00:00,59,59,32,,42,15,0,7,,,,,
Jakarta,The Pakubuwono Menteng,2026-04-30 08:58:56,127,127,50,91,,,,,54,31.2,,,
Depok,Cinere - Nafas,2026-04-30 08:58:57,165,165,66,150,,,,,0,0,,,
Bogor,Kabupaten Bogor Leuwiliang,2026-04-30 08:00:00,82,82,44,,4,9,0,80,,,,,
Tangerang,Tangerang Pasir Jaya,2026-04-30 08:00:00,154,154,62,,58,63,0,65,,,,,
Bekasi,Bekasi Kayuringin,2026-04-30 08:00:00,59,59,32,,42,15,0,7,,,,,
Jakarta,The Pakubuwono Menteng,2026-04-30 08:59:55,123,123,50,88,,,,,54,31.2,,,
Depok,Cinere - Nafas,2026-04-30 08:59:57,166,166,67,146,,,,,0,0,,,
Bogor,Kabupaten Bogor Leuwiliang,2026-04-30 08:00:00,82,82,44,,4,9,0,80,,,,,
Tangerang,Tangerang Pasir Jaya,2026-04-30 08:00:00,154,154,62,,58,63,0,65,,,,,
Bekasi,Bekasi Kayuringin,2026-04-30 08:00:00,59,59,32,,42,15,0,7,,,,,
Jakarta,The Pakubuwono Menteng,2026-04-30 09:01:55,130,130,51,95,,,,,54,31.3,,,
Depok,Cinere - Nafas,2026-04-30 09:01:57,165,165,69,150,,,,,0,0,,,
Bogor,Kabupaten Bogor Leuwiliang,2026-04-30 08:00:00,82,82,44,,4,9,0,80,,,,,
Tangerang,Tangerang Pasir Jaya,2026-04-30 08:00:00,154,154,62,,58,63,0,65,,,,,
Bekasi,Bekasi Kayuringin,2026-04-30 08:00:00,59,59,32,,42,15,0,7,,,,,
Jakarta,The Pakubuwono Menteng,2026-04-30 09:01:55,130,130,51,95,,,,,54,31.3,,,
Depok,Cinere - Nafas,2026-04-30 09:01:57,165,165,69,150,,,,,0,0,,,
Bogor,Kabupaten Bogor Leuwiliang,2026-04-30 08:00:00,82,82,44,,4,9,0,80,,,,,
Tangerang,Tangerang Pasir Jaya,2026-04-30 08:00:00,154,154,62,,58,63,0,65,,,,,
Bekasi,Bekasi Kayuringin,2026-04-30 08:00:00,59,59,32,,42,15,0,7,,,,,
Jakarta,The Pakubuwono Menteng,2026-04-30 09:03:55,120,120,47,87,,,,,54,31.3,,,
Depok,Cinere - Nafas,2026-04-30 09:03:57,167,167,69,151,,,,,0,0,,,
Bogor,Kabupaten Bogor Leuwiliang,2026-04-30 08:00:00,82,82,44,,4,9,0,80,,,,,
Tangerang,Tangerang Pasir Jaya,2026-04-30 08:00:00,154,154,62,,58,63,0,65,,,,,
Bekasi,Bekasi Kayuringin,2026-04-30 08:00:00,59,59,32,,42,15,0,7,,,,,
Jakarta,The Pakubuwono Menteng,2026-04-30 09:04:55,121,121,48,86,,,,,55,31.4,,,
Depok,Cinere - Nafas,2026-04-30 09:04:57,172,172,73,155,,,,,0,0,,,
Bogor,Kabupaten Bogor Leuwiliang,2026-04-30 08:00:00,82,82,44,,4,9,0,80,,,,,
Tangerang,Tangerang Pasir Jaya,2026-04-30 08:00:00,154,154,62,,58,63,0,65,,,,,
Bekasi,Bekasi Kayuringin,2026-04-30 08:00:00,59,59,32,,42,15,0,7,,,,,
Jakarta,The Pakubuwono Menteng,2026-04-30 09:04:55,121,121,48,86,,,,,55,31.4,,,
Depok,Cinere - Nafas,2026-04-30 09:04:57,172,172,73,155,,,,,0,0,,,
Bogor,Kabupaten Bogor Leuwiliang,2026-04-30 08:00:00,82,82,44,,4,9,0,80,,,,,
Tangerang,Tangerang Pasir Jaya,2026-04-30 08:00:00,154,154,62,,58,63,0,65,,,,,
Bekasi,Bekasi Kayuringin,2026-04-30 08:00:00,59,59,32,,42,15,0,7,,,,,
Jakarta,The Pakubuwono Menteng,2026-04-30 09:06:56,123,123,49,90,,,,,54,31.4,,,
Depok,Cinere - Nafas,2026-04-30 09:06:57,167,167,70,149,,,,,0,0,,,
Bogor,Kabupaten Bogor Leuwiliang,2026-04-30 08:00:00,82,82,44,,4,9,0,80,,,,,
Tangerang,Tangerang Pasir Jaya,2026-04-30 08:00:00,154,154,62,,58,63,0,65,,,,,
Bekasi,Bekasi Kayuringin,2026-04-30 08:00:00,59,59,32,,42,15,0,7,,,,,
Jakarta,The Pakubuwono Menteng,2026-04-30 09:07:55,125,125,50,90,,,,,54,31.4,,,
Depok,Cinere - Nafas,2026-04-30 09:07:57,165,165,66,147,,,,,0,0,,,
Bogor,Kabupaten Bogor Leuwiliang,2026-04-30 08:00:00,82,82,44,,4,9,0,80,,,,,
Tangerang,Tangerang Pasir Jaya,2026-04-30 08:00:00,154,154,62,,58,63,0,65,,,,,
Bekasi,Bekasi Kayuringin,2026-04-30 08:00:00,59,59,32,,42,15,0,7,,,,,
Jakarta,The Pakubuwono Menteng,2026-04-30 09:07:55,125,125,50,90,,,,,54,31.4,,,
Depok,Cinere - Nafas,2026-04-30 09:07:57,165,165,66,147,,,,,0,0,,,
Bogor,Kabupaten Bogor Leuwiliang,2026-04-30 09:00:00,82,82,44,,4,9,0,80,,,,,
Tangerang,Tangerang Pasir Jaya,2026-04-30 09:00:00,155,155,63,,58,63,0,65,,,,,
Bekasi,Bekasi Kayuringin,2026-04-30 09:00:00,60,60,33,,42,15,0,7,,,,,
Jakarta,The Pakubuwono Menteng,2026-04-30 09:10:56,124,124,50,89,,,,,54,31.5,,,
Depok,Cinere - Nafas,2026-04-30 09:10:57,164,164,66,145,,,,,0,0,,,
Bogor,Kabupaten Bogor Leuwiliang,2026-04-30 09:00:00,82,82,44,,4,9,0,80,,,,,
Tangerang,Tangerang Pasir Jaya,2026-04-30 09:00:00,155,155,63,,58,63,0,65,,,,,
Bekasi,Bekasi Kayuringin,2026-04-30 09:00:00,60,60,33,,42,15,0,7,,,,,
Jakarta,The Pakubuwono Menteng,2026-04-30 09:11:55,129,129,51,92,,,,,54,31.5,,,
Depok,Cinere - Nafas,2026-04-30 09:11:57,162,162,65,137,,,,,0,0,,,
Bogor,Kabupaten Bogor Leuwiliang,2026-04-30 09:00:00,82,82,44,,4,9,0,80,,,,,
Tangerang,Tangerang Pasir Jaya,2026-04-30 09:00:00,155,155,63,,58,63,0,65,,,,,
Bekasi,Bekasi Kayuringin,2026-04-30 09:00:00,60,60,33,,42,15,0,7,,,,,
Jakarta,The Pakubuwono Menteng,2026-04-30 09:12:56,128,128,51,91,,,,,53,31.5,,,
Depok,Cinere - Nafas,2026-04-30 09:12:57,162,162,65,144,,,,,0,0,,,
Bogor,Kabupaten Bogor Leuwiliang,2026-04-30 09:00:00,82,82,44,,4,9,0,80,,,,,
Tangerang,Tangerang Pasir Jaya,2026-04-30 09:00:00,155,155,63,,58,63,0,65,,,,,
Bekasi,Bekasi Kayuringin,2026-04-30 09:00:00,60,60,33,,42,15,0,7,,,,,
Jakarta,The Pakubuwono Menteng,2026-04-30 09:13:56,133,133,53,94,,,,,53,31.5,,,
Depok,Cinere - Nafas,2026-04-30 09:13:57,163,163,66,144,,,,,0,0,,,
Bogor,Kabupaten Bogor Leuwiliang,2026-04-30 09:00:00,82,82,44,,4,9,0,80,,,,,
Tangerang,Tangerang Pasir Jaya,2026-04-30 09:00:00,155,155,63,,58,63,0,65,,,,,
Bekasi,Bekasi Kayuringin,2026-04-30 09:00:00,60,60,33,,42,15,0,7,,,,,
Jakarta,The Pakubuwono Menteng,2026-04-30 09:14:56,134,134,53,94,,,,,53,31.5,,,
Depok,Cinere - Nafas,2026-04-30 09:14:57,165,165,67,146,,,,,0,0,,,
Bogor,Kabupaten Bogor Leuwiliang,2026-04-30 09:00:00,82,82,44,,4,9,0,80,,,,,
Tangerang,Tangerang Pasir Jaya,2026-04-30 09:00:00,155,155,63,,58,63,0,65,,,,,
Bekasi,Bekasi Kayuringin,2026-04-30 09:00:00,60,60,33,,42,15,0,7,,,,,
Jakarta,The Pakubuwono Menteng,2026-04-30 09:15:56,133,133,52,96,,,,,52,31.6,,,
Depok,Cinere - Nafas,2026-04-30 09:15:57,165,165,68,150,,,,,0,0,,,
Bogor,Kabupaten Bogor Leuwiliang,2026-04-30 09:00:00,82,82,44,,4,9,0,80,,,,,
Tangerang,Tangerang Pasir Jaya,2026-04-30 09:00:00,155,155,63,,58,63,0,65,,,,,
Bekasi,Bekasi Kayuringin,2026-04-30 09:00:00,60,60,33,,42,15,0,7,,,,,
Jakarta,The Pakubuwono Menteng,2026-04-30 09:16:56,131,131,52,91,,,,,52,31.6,,,
Depok,Cinere - Nafas,2026-04-30 09:16:57,162,162,64,139,,,,,0,0,,,
Bogor,Kabupaten Bogor Leuwiliang,2026-04-30 09:00:00,82,82,44,,4,9,0,80,,,,,
Tangerang,Tangerang Pasir Jaya,2026-04-30 09:00:00,155,155,63,,58,63,0,65,,,,,
Bekasi,Bekasi Kayuringin,2026-04-30 09:00:00,60,60,33,,42,15,0,7,,,,,
Jakarta,The Pakubuwono Menteng,2026-04-30 09:19:56,118,118,48,88,,,,,53,31.6,,,
Depok,Cinere - Nafas,2026-04-30 09:19:58,159,159,62,130,,,,,0,0,,,
Bogor,Kabupaten Bogor Leuwiliang,2026-04-30 09:00:00,82,82,44,,4,9,0,80,,,,,
Tangerang,Tangerang Pasir Jaya,2026-04-30 09:00:00,155,155,63,,58,63,0,65,,,,,
Bekasi,Bekasi Kayuringin,2026-04-30 09:00:00,60,60,33,,42,15,0,7,,,,,
Jakarta,The Pakubuwono Menteng,2026-04-30 09:20:56,123,123,50,90,,,,,52,31.6,,,
Depok,Cinere - Nafas,2026-04-30 09:20:58,160,160,62,134,,,,,0,0,,,
Bogor,Kabupaten Bogor Leuwiliang,2026-04-30 09:00:00,82,82,44,,4,9,0,80,,,,,
Tangerang,Tangerang Pasir Jaya,2026-04-30 09:00:00,155,155,63,,58,63,0,65,,,,,
Bekasi,Bekasi Kayuringin,2026-04-30 09:00:00,60,60,33,,42,15,0,7,,,,,
Jakarta,The Pakubuwono Menteng,2026-04-30 09:21:56,119,119,47,87,,,,,52,31.7,,,
Depok,Cinere - Nafas,2026-04-30 09:21:57,161,161,64,141,,,,,0,0,,,
Bogor,Kabupaten Bogor Leuwiliang,2026-04-30 09:00:00,82,82,44,,4,9,0,80,,,,,
Tangerang,Tangerang Pasir Jaya,2026-04-30 09:00:00,155,155,63,,58,63,0,65,,,,,
Bekasi,Bekasi Kayuringin,2026-04-30 09:00:00,60,60,33,,42,15,0,7,,,,,
Jakarta,The Pakubuwono Menteng,2026-04-30 09:21:56,119,119,47,87,,,,,52,31.7,,,
Depok,Cinere - Nafas,2026-04-30 09:21:57,161,161,64,141,,,,,0,0,,,
Bogor,Kabupaten Bogor Leuwiliang,2026-04-30 09:00:00,82,82,44,,4,9,0,80,,,,,
Tangerang,Tangerang Pasir Jaya,2026-04-30 09:00:00,155,155,63,,58,63,0,65,,,,,
Bekasi,Bekasi Kayuringin,2026-04-30 09:00:00,60,60,33,,42,15,0,7,,,,,
Jakarta,The Pakubuwono Menteng,2026-04-30 09:22:56,124,124,50,89,,,,,53,31.7,,,
Depok,Cinere - Nafas,2026-04-30 09:22:58,161,161,64,136,,,,,0,0,,,
Bogor,Kabupaten Bogor Leuwiliang,2026-04-30 09:00:00,82,82,44,,4,9,0,80,,,,,
Tangerang,Tangerang Pasir Jaya,2026-04-30 09:00:00,155,155,63,,58,63,0,65,,,,,
Bekasi,Bekasi Kayuringin,2026-04-30 09:00:00,60,60,33,,42,15,0,7,,,,,
Jakarta,The Pakubuwono Menteng,2026-04-30 09:23:56,128,128,52,94,,,,,53,31.7,,,
Depok,Cinere - Nafas,2026-04-30 09:23:58,163,163,65,141,,,,,0,0,,,
Bogor,Kabupaten Bogor Leuwiliang,2026-04-30 09:00:00,82,82,44,,4,9,0,80,,,,,
Tangerang,Tangerang Pasir Jaya,2026-04-30 09:00:00,155,155,63,,58,63,0,65,,,,,
Bekasi,Bekasi Kayuringin,2026-04-30 09:00:00,60,60,33,,42,15,0,7,,,,,
Jakarta,The Pakubuwono Menteng,2026-04-30 09:25:56,118,118,47,87,,,,,53,31.8,,,
Depok,Cinere - Nafas,2026-04-30 09:25:57,161,161,64,136,,,,,0,0,,,
Bogor,Kabupaten Bogor Leuwiliang,2026-04-30 09:00:00,82,82,44,,4,9,0,80,,,,,
Tangerang,Tangerang Pasir Jaya,2026-04-30 09:00:00,155,155,63,,58,63,0,65,,,,,
Bekasi,Bekasi Kayuringin,2026-04-30 09:00:00,60,60,33,,42,15,0,7,,,,,
Jakarta,The Pakubuwono Menteng,2026-04-30 09:26:56,120,120,48,87,,,,,53,31.8,,,
Depok,Cinere - Nafas,2026-04-30 09:26:58,160,160,62,134,,,,,0,0,,,
Bogor,Kabupaten Bogor Leuwiliang,2026-04-30 09:00:00,82,82,44,,4,9,0,80,,,,,
Tangerang,Tangerang Pasir Jaya,2026-04-30 09:00:00,155,155,63,,58,63,0,65,,,,,
Bekasi,Bekasi Kayuringin,2026-04-30 09:00:00,60,60,33,,42,15,0,7,,,,,
Jakarta,The Pakubuwono Menteng,2026-04-30 09:27:56,124,124,49,89,,,,,53,31.8,,,
Depok,Cinere - Nafas,2026-04-30 09:27:57,163,163,65,142,,,,,0,0,,,
Bogor,Kabupaten Bogor Leuwiliang,2026-04-30 09:00:00,82,82,44,,4,9,0,80,,,,,
Tangerang,Tangerang Pasir Jaya,2026-04-30 09:00:00,155,155,63,,58,63,0,65,,,,,
Bekasi,Bekasi Kayuringin,2026-04-30 09:00:00,60,60,33,,42,15,0,7,,,,,
Jakarta,The Pakubuwono Menteng,2026-04-30 09:29:56,138,138,53,98,,,,,52,31.9,,,
Depok,Cinere - Nafas,2026-04-30 09:29:50,165,165,67,145,,,,,0,0,,,
Bogor,Kabupaten Bogor Leuwiliang,2026-04-30 09:00:00,82,82,44,,4,9,0,80,,,,,
Tangerang,Tangerang Pasir Jaya,2026-04-30 09:00:00,155,155,63,,58,63,0,65,,,,,
Bekasi,Bekasi Kayuringin,2026-04-30 09:00:00,60,60,33,,42,15,0,7,,,,,
Jakarta,The Pakubuwono Menteng,2026-04-30 09:31:56,143,143,56,103,,,,,52,31.9,,,
Depok,Cinere - Nafas,2026-04-30 09:31:01,163,163,67,146,,,,,0,0,,,
Bogor,Kabupaten Bogor Leuwiliang,2026-04-30 09:00:00,82,82,44,,4,9,0,80,,,,,
Tangerang,Tangerang Pasir Jaya,2026-04-30 09:00:00,155,155,63,,58,63,0,65,,,,,
Bekasi,Bekasi Kayuringin,2026-04-30 09:00:00,60,60,33,,42,15,0,7,,,,,
Jakarta,The Pakubuwono Menteng,2026-04-30 09:32:56,142,142,55,102,,,,,52,31.9,,,
Depok,Cinere - Nafas,2026-04-30 09:32:01,165,165,68,150,,,,,0,0,,,
Bogor,Kabupaten Bogor Leuwiliang,2026-04-30 09:00:00,82,82,44,,4,9,0,80,,,,,
Tangerang,Tangerang Pasir Jaya,2026-04-30 09:00:00,155,155,63,,58,63,0,65,,,,,
Bekasi,Bekasi Kayuringin,2026-04-30 09:00:00,60,60,33,,42,15,0,7,,,,,
Jakarta,The Pakubuwono Menteng,2026-04-30 09:34:56,142,142,55,99,,,,,52,31.9,,,
Depok,Cinere - Nafas,2026-04-30 09:34:01,161,161,63,136,,,,,0,0,,,
Bogor,Kabupaten Bogor Leuwiliang,2026-04-30 09:00:00,82,82,44,,4,9,0,80,,,,,
Tangerang,Tangerang Pasir Jaya,2026-04-30 09:00:00,155,155,63,,58,63,0,65,,,,,
Bekasi,Bekasi Kayuringin,2026-04-30 09:00:00,60,60,33,,42,15,0,7,,,,,
Jakarta,The Pakubuwono Menteng,2026-04-30 09:35:56,146,146,55,107,,,,,52,31.9,,,
Depok,Cinere - Nafas,2026-04-30 09:35:01,160,160,62,136,,,,,0,0,,,
Bogor,Kabupaten Bogor Leuwiliang,2026-04-30 09:00:00,82,82,44,,4,9,0,80,,,,,
Tangerang,Tangerang Pasir Jaya,2026-04-30 09:00:00,155,155,63,,58,63,0,65,,,,,
Bekasi,Bekasi Kayuringin,2026-04-30 09:00:00,60,60,33,,42,15,0,7,,,,,
Jakarta,The Pakubuwono Menteng,2026-04-30 09:35:56,146,146,55,107,,,,,52,31.9,,,
Depok,Cinere - Nafas,2026-04-30 09:35:01,160,160,62,136,,,,,0,0,,,
Bogor,Kabupaten Bogor Leuwiliang,2026-04-30 09:00:00,82,82,44,,4,9,0,80,,,,,
Tangerang,Tangerang Pasir Jaya,2026-04-30 09:00:00,155,155,63,,58,63,0,65,,,,,
Bekasi,Bekasi Kayuringin,2026-04-30 09:00:00,60,60,33,,42,15,0,7,,,,,
Jakarta,The Pakubuwono Menteng,2026-04-30 09:36:56,143,143,56,100,,,,,52,31.9,,,
Depok,Cinere - Nafas,2026-04-30 09:36:01,161,161,65,133,,,,,0,0,,,
Bogor,Kabupaten Bogor Leuwiliang,2026-04-30 09:00:00,82,82,44,,4,9,0,80,,,,,
Tangerang,Tangerang Pasir Jaya,2026-04-30 09:00:00,155,155,63,,58,63,0,65,,,,,
Bekasi,Bekasi Kayuringin,2026-04-30 09:00:00,60,60,33,,42,15,0,7,,,,,
Jakarta,The Pakubuwono Menteng,2026-04-30 09:37:56,138,138,54,97,,,,,52,31.9,,,
Depok,Cinere - Nafas,2026-04-30 09:37:01,159,159,62,135,,,,,0,0,,,
Bogor,Kabupaten Bogor Leuwiliang,2026-04-30 09:00:00,82,82,44,,4,9,0,80,,,,,
Tangerang,Tangerang Pasir Jaya,2026-04-30 09:00:00,155,155,63,,58,63,0,65,,,,,
Bekasi,Bekasi Kayuringin,2026-04-30 09:00:00,60,60,33,,42,15,0,7,,,,,
Jakarta,The Pakubuwono Menteng,2026-04-30 09:39:56,138,138,53,98,,,,,52,31.9,,,
Depok,Cinere - Nafas,2026-04-30 09:39:01,160,160,61,132,,,,,0,0,,,
Bogor,Kabupaten Bogor Leuwiliang,2026-04-30 09:00:00,82,82,44,,4,9,0,80,,,,,
Tangerang,Tangerang Pasir Jaya,2026-04-30 09:00:00,155,155,63,,58,63,0,65,,,,,
Bekasi,Bekasi Kayuringin,2026-04-30 09:00:00,60,60,33,,42,15,0,7,,,,,
Jakarta,The Pakubuwono Menteng,2026-04-30 09:41:56,126,126,51,91,,,,,52,31.9,,,
Depok,Cinere - Nafas,2026-04-30 09:41:01,159,159,62,133,,,,,0,0,,,
Bogor,Kabupaten Bogor Leuwiliang,2026-04-30 09:00:00,82,82,44,,4,9,0,80,,,,,
Tangerang,Tangerang Pasir Jaya,2026-04-30 09:00:00,155,155,63,,58,63,0,65,,,,,
Bekasi,Bekasi Kayuringin,2026-04-30 09:00:00,60,60,33,,42,15,0,7,,,,,
Jakarta,The Pakubuwono Menteng,2026-04-30 09:42:56,140,140,55,98,,,,,52,32,,,
Depok,Cinere - Nafas,2026-04-30 09:42:01,159,159,62,132,,,,,0,0,,,
Bogor,Kabupaten Bogor Leuwiliang,2026-04-30 09:00:00,82,82,44,,4,9,0,80,,,,,
Tangerang,Tangerang Pasir Jaya,2026-04-30 09:00:00,155,155,63,,58,63,0,65,,,,,
Bekasi,Bekasi Kayuringin,2026-04-30 09:00:00,60,60,33,,42,15,0,7,,,,,
Jakarta,The Pakubuwono Menteng,2026-04-30 09:43:56,139,139,54,99,,,,,52,32,,,
Depok,Cinere - Nafas,2026-04-30 09:43:01,159,159,62,133,,,,,0,0,,,
Bogor,Kabupaten Bogor Leuwiliang,2026-04-30 09:00:00,82,82,44,,4,9,0,80,,,,,
Tangerang,Tangerang Pasir Jaya,2026-04-30 09:00:00,155,155,63,,58,63,0,65,,,,,
Bekasi,Bekasi Kayuringin,2026-04-30 09:00:00,60,60,33,,42,15,0,7,,,,,
Jakarta,The Pakubuwono Menteng,2026-04-30 09:44:56,138,138,54,97,,,,,51,32,,,
Depok,Cinere - Nafas,2026-04-30 09:44:01,158,158,61,127,,,,,0,0,,,
Bogor,Kabupaten Bogor Leuwiliang,2026-04-30 09:00:00,82,82,44,,4,9,0,80,,,,,
Tangerang,Tangerang Pasir Jaya,2026-04-30 09:00:00,155,155,63,,58,63,0,65,,,,,
Bekasi,Bekasi Kayuringin,2026-04-30 09:00:00,60,60,33,,42,15,0,7,,,,,
Jakarta,The Pakubuwono Menteng,2026-04-30 09:45:56,136,136,54,96,,,,,51,32,,,
Depok,Cinere - Nafas,2026-04-30 09:45:01,155,155,60,120,,,,,0,0,,,
Bogor,Kabupaten Bogor Leuwiliang,2026-04-30 09:00:00,82,82,44,,4,9,0,80,,,,,
Tangerang,Tangerang Pasir Jaya,2026-04-30 09:00:00,155,155,63,,58,63,0,65,,,,,
Bekasi,Bekasi Kayuringin,2026-04-30 09:00:00,60,60,33,,42,15,0,7,,,,,
Jakarta,The Pakubuwono Menteng,2026-04-30 09:46:56,134,134,53,96,,,,,51,32,,,
Depok,Cinere - Nafas,2026-04-30 09:46:01,154,154,60,119,,,,,0,0,,,
Bogor,Kabupaten Bogor Leuwiliang,2026-04-30 09:00:00,82,82,44,,4,9,0,80,,,,,
Tangerang,Tangerang Pasir Jaya,2026-04-30 09:00:00,155,155,63,,58,63,0,65,,,,,
Bekasi,Bekasi Kayuringin,2026-04-30 09:00:00,60,60,33,,42,15,0,7,,,,,
Jakarta,The Pakubuwono Menteng,2026-04-30 09:48:56,138,138,54,99,,,,,51,32,,,
Depok,Cinere - Nafas,2026-04-30 09:48:01,155,155,60,119,,,,,0,0,,,
Bogor,Kabupaten Bogor Leuwiliang,2026-04-30 09:00:00,82,82,44,,4,9,0,80,,,,,
Tangerang,Tangerang Pasir Jaya,2026-04-30 09:00:00,155,155,63,,58,63,0,65,,,,,
Bekasi,Bekasi Kayuringin,2026-04-30 09:00:00,60,60,33,,42,15,0,7,,,,,
Jakarta,The Pakubuwono Menteng,2026-04-30 09:49:56,146,146,56,106,,,,,51,32,,,
Depok,Cinere - Nafas,2026-04-30 09:50:01,154,154,60,114,,,,,0,0,,,
Bogor,Kabupaten Bogor Leuwiliang,2026-04-30 09:00:00,82,82,44,,4,9,0,80,,,,,
Tangerang,Tangerang Pasir Jaya,2026-04-30 09:00:00,155,155,63,,58,63,0,65,,,,,
Bekasi,Bekasi Kayuringin,2026-04-30 09:00:00,60,60,33,,42,15,0,7,,,,,
Jakarta,The Pakubuwono Menteng,2026-04-30 09:50:56,145,145,56,101,,,,,51,32,,,
Depok,Cinere - Nafas,2026-04-30 09:51:01,156,156,60,121,,,,,0,0,,,
Bogor,Kabupaten Bogor Leuwiliang,2026-04-30 09:00:00,82,82,44,,4,9,0,80,,,,,
Tangerang,Tangerang Pasir Jaya,2026-04-30 09:00:00,155,155,63,,58,63,0,65,,,,,
Bekasi,Bekasi Kayuringin,2026-04-30 09:00:00,60,60,33,,42,15,0,7,,,,,
Jakarta,The Pakubuwono Menteng,2026-04-30 09:51:57,134,134,53,96,,,,,51,32,,,
Depok,Cinere - Nafas,2026-04-30 09:52:01,155,155,60,116,,,,,0,0,,,
Bogor,Kabupaten Bogor Leuwiliang,2026-04-30 09:00:00,82,82,44,,4,9,0,80,,,,,
Tangerang,Tangerang Pasir Jaya,2026-04-30 09:00:00,155,155,63,,58,63,0,65,,,,,
Bekasi,Bekasi Kayuringin,2026-04-30 09:00:00,60,60,33,,42,15,0,7,,,,,
Jakarta,The Pakubuwono Menteng,2026-04-30 09:52:56,139,139,54,98,,,,,52,32,,,
Depok,Cinere - Nafas,2026-04-30 09:53:01,156,156,61,126,,,,,0,0,,,
Bogor,Kabupaten Bogor Leuwiliang,2026-04-30 09:00:00,82,82,44,,4,9,0,80,,,,,
Tangerang,Tangerang Pasir Jaya,2026-04-30 09:00:00,155,155,63,,58,63,0,65,,,,,
Bekasi,Bekasi Kayuringin,2026-04-30 09:00:00,60,60,33,,42,15,0,7,,,,,
Jakarta,The Pakubuwono Menteng,2026-04-30 09:53:56,143,143,56,106,,,,,52,32,,,
Depok,Cinere - Nafas,2026-04-30 09:54:01,153,153,58,113,,,,,0,0,,,
Bogor,Kabupaten Bogor Leuwiliang,2026-04-30 09:00:00,82,82,44,,4,9,0,80,,,,,
Tangerang,Tangerang Pasir Jaya,2026-04-30 09:00:00,155,155,63,,58,63,0,65,,,,,
Bekasi,Bekasi Kayuringin,2026-04-30 09:00:00,60,60,33,,42,15,0,7,,,,,
Jakarta,The Pakubuwono Menteng,2026-04-30 09:55:56,151,151,57,108,,,,,51,32,,,
Depok,Cinere - Nafas,2026-04-30 09:56:01,153,153,58,118,,,,,0,0,,,
Bogor,Kabupaten Bogor Leuwiliang,2026-04-30 09:00:00,82,82,44,,4,9,0,80,,,,,
Tangerang,Tangerang Pasir Jaya,2026-04-30 09:00:00,155,155,63,,58,63,0,65,,,,,
Bekasi,Bekasi Kayuringin,2026-04-30 09:00:00,60,60,33,,42,15,0,7,,,,,
Jakarta,The Pakubuwono Menteng,2026-04-30 09:56:56,141,141,55,103,,,,,51,32,,,
Depok,Cinere - Nafas,2026-04-30 09:57:01,152,152,58,115,,,,,0,0,,,
Bogor,Kabupaten Bogor Leuwiliang,2026-04-30 09:00:00,82,82,44,,4,9,0,80,,,,,
Tangerang,Tangerang Pasir Jaya,2026-04-30 09:00:00,155,155,63,,58,63,0,65,,,,,
Bekasi,Bekasi Kayuringin,2026-04-30 09:00:00,60,60,33,,42,15,0,7,,,,,
Jakarta,The Pakubuwono Menteng,2026-04-30 09:57:56,142,142,56,104,,,,,51,32,,,
Depok,Cinere - Nafas,2026-04-30 09:58:01,153,153,59,115,,,,,0,0,,,
Bogor,Kabupaten Bogor Leuwiliang,2026-04-30 09:00:00,82,82,44,,4,9,0,80,,,,,
Tangerang,Tangerang Pasir Jaya,2026-04-30 09:00:00,155,155,63,,58,63,0,65,,,,,
Bekasi,Bekasi Kayuringin,2026-04-30 09:00:00,60,60,33,,42,15,0,7,,,,,
Jakarta,The Pakubuwono Menteng,2026-04-30 09:59:57,137,137,54,97,,,,,51,31.9,,,
Depok,Cinere - Nafas,2026-04-30 10:00:01,152,152,57,110,,,,,0,0,,,
Bogor,Kabupaten Bogor Leuwiliang,2026-04-30 09:00:00,82,82,44,,4,9,0,80,,,,,
Tangerang,Tangerang Pasir Jaya,2026-04-30 09:00:00,155,155,63,,58,63,0,65,,,,,
Bekasi,Bekasi Kayuringin,2026-04-30 09:00:00,60,60,33,,42,15,0,7,,,,,
Jakarta,The Pakubuwono Menteng,2026-04-30 10:00:56,132,132,53,96,,,,,51,31.9,,,
Depok,Cinere - Nafas,2026-04-30 10:01:01,150,150,56,106,,,,,0,0,,,
Bogor,Kabupaten Bogor Leuwiliang,2026-04-30 09:00:00,82,82,44,,4,9,0,80,,,,,
Tangerang,Tangerang Pasir Jaya,2026-04-30 09:00:00,155,155,63,,58,63,0,65,,,,,
Bekasi,Bekasi Kayuringin,2026-04-30 09:00:00,60,60,33,,42,15,0,7,,,,,
Jakarta,The Pakubuwono Menteng,2026-04-30 10:01:57,126,126,50,91,,,,,51,31.9,,,
Depok,Cinere - Nafas,2026-04-30 10:02:01,151,151,58,110,,,,,0,0,,,
Bogor,Kabupaten Bogor Leuwiliang,2026-04-30 09:00:00,82,82,44,,4,9,0,80,,,,,
Tangerang,Tangerang Pasir Jaya,2026-04-30 09:00:00,155,155,63,,58,63,0,65,,,,,
Bekasi,Bekasi Kayuringin,2026-04-30 09:00:00,60,60,33,,42,15,0,7,,,,,
Jakarta,The Pakubuwono Menteng,2026-04-30 10:02:57,123,123,49,90,,,,,51,31.9,,,
Depok,Cinere - Nafas,2026-04-30 10:03:01,151,151,57,108,,,,,0,0,,,
Bogor,Kabupaten Bogor Leuwiliang,2026-04-30 09:00:00,82,82,44,,4,9,0,80,,,,,
Tangerang,Tangerang Pasir Jaya,2026-04-30 09:00:00,155,155,63,,58,63,0,65,,,,,
Bekasi,Bekasi Kayuringin,2026-04-30 09:00:00,60,60,33,,42,15,0,7,,,,,
Jakarta,The Pakubuwono Menteng,2026-04-30 10:03:57,123,123,50,89,,,,,51,31.9,,,
Depok,Cinere - Nafas,2026-04-30 10:04:01,151,151,57,109,,,,,0,0,,,
Bogor,Kabupaten Bogor Leuwiliang,2026-04-30 09:00:00,82,82,44,,4,9,0,80,,,,,
Tangerang,Tangerang Pasir Jaya,2026-04-30 09:00:00,155,155,63,,58,63,0,65,,,,,
Bekasi,Bekasi Kayuringin,2026-04-30 09:00:00,60,60,33,,42,15,0,7,,,,,
Jakarta,The Pakubuwono Menteng,2026-04-30 10:04:57,121,121,49,87,,,,,51,31.9,,,
Depok,Cinere - Nafas,2026-04-30 10:05:01,151,151,57,105,,,,,0,0,,,
Bogor,Kabupaten Bogor Leuwiliang,2026-04-30 09:00:00,82,82,44,,4,9,0,80,,,,,
Tangerang,Tangerang Pasir Jaya,2026-04-30 09:00:00,155,155,63,,58,63,0,65,,,,,
Bekasi,Bekasi Kayuringin,2026-04-30 09:00:00,60,60,33,,42,15,0,7,,,,,
Jakarta,The Pakubuwono Menteng,2026-04-30 10:05:57,124,124,48,88,,,,,51,31.9,,,
Depok,Cinere - Nafas,2026-04-30 10:06:01,151,151,58,106,,,,,0,0,,,
Bogor,Kabupaten Bogor Leuwiliang,2026-04-30 09:00:00,82,82,44,,4,9,0,80,,,,,
Tangerang,Tangerang Pasir Jaya,2026-04-30 09:00:00,155,155,63,,58,63,0,65,,,,,
Bekasi,Bekasi Kayuringin,2026-04-30 09:00:00,60,60,33,,42,15,0,7,,,,,
Jakarta,The Pakubuwono Menteng,2026-04-30 10:06:57,121,121,47,88,,,,,51,31.9,,,
Depok,Cinere - Nafas,2026-04-30 10:08:01,143,143,55,100,,,,,0,0,,,
Bogor,Kabupaten Bogor Leuwiliang,2026-04-30 09:00:00,82,82,44,,4,9,0,80,,,,,
Tangerang,Tangerang Pasir Jaya,2026-04-30 09:00:00,155,155,63,,58,63,0,65,,,,,
Bekasi,Bekasi Kayuringin,2026-04-30 09:00:00,60,60,33,,42,15,0,7,,,,,
Jakarta,The Pakubuwono Menteng,2026-04-30 10:09:57,122,122,48,88,,,,,51,31.9,,,
Depok,Cinere - Nafas,2026-04-30 10:10:01,142,142,56,100,,,,,0,0,,,
Bogor,Kabupaten Bogor Leuwiliang,2026-04-30 10:00:00,81,81,43,,4,9,0,80,,,,,
Tangerang,Tangerang Pasir Jaya,2026-04-30 10:00:00,148,148,63,,58,63,0,65,,,,,
Bekasi,Bekasi Kayuringin,2026-04-30 10:00:00,63,63,33,,41,15,0,7,,,,,
Jakarta,The Pakubuwono Menteng,2026-04-30 10:10:57,114,114,45,84,,,,,51,31.9,,,
Depok,Cinere - Nafas,2026-04-30 10:11:01,146,146,56,98,,,,,0,0,,,
Bogor,Kabupaten Bogor Leuwiliang,2026-04-30 10:00:00,81,81,43,,4,9,0,80,,,,,
Tangerang,Tangerang Pasir Jaya,2026-04-30 10:00:00,148,148,63,,58,63,0,65,,,,,
Bekasi,Bekasi Kayuringin,2026-04-30 10:00:00,63,63,33,,41,15,0,7,,,,,
Jakarta,The Pakubuwono Menteng,2026-04-30 10:11:57,110,110,43,83,,,,,51,32,,,
Depok,Cinere - Nafas,2026-04-30 10:12:01,142,142,56,98,,,,,0,0,,,
Bogor,Kabupaten Bogor Leuwiliang,2026-04-30 10:00:00,81,81,43,,4,9,0,80,,,,,
Tangerang,Tangerang Pasir Jaya,2026-04-30 10:00:00,148,148,63,,58,63,0,65,,,,,
Bekasi,Bekasi Kayuringin,2026-04-30 10:00:00,63,63,33,,41,15,0,7,,,,,
Jakarta,The Pakubuwono Menteng,2026-04-30 10:12:57,111,111,43,84,,,,,51,31.9,,,
Depok,Cinere - Nafas,2026-04-30 10:13:01,152,152,58,108,,,,,0,0,,,
Bogor,Kabupaten Bogor Leuwiliang,2026-04-30 10:00:00,81,81,43,,4,9,0,80,,,,,
Tangerang,Tangerang Pasir Jaya,2026-04-30 10:00:00,148,148,63,,58,63,0,65,,,,,
Bekasi,Bekasi Kayuringin,2026-04-30 10:00:00,63,63,33,,41,15,0,7,,,,,
Jakarta,The Pakubuwono Menteng,2026-04-30 10:13:57,110,110,42,82,,,,,51,31.9,,,
Depok,Cinere - Nafas,2026-04-30 10:14:01,155,155,60,118,,,,,0,0,,,
Bogor,Kabupaten Bogor Leuwiliang,2026-04-30 10:00:00,81,81,43,,4,9,0,80,,,,,
Tangerang,Tangerang Pasir Jaya,2026-04-30 10:00:00,148,148,63,,58,63,0,65,,,,,
Bekasi,Bekasi Kayuringin,2026-04-30 10:00:00,63,63,33,,41,15,0,7,,,,,
Jakarta,The Pakubuwono Menteng,2026-04-30 10:13:57,110,110,42,82,,,,,51,31.9,,,
Depok,Cinere - Nafas,2026-04-30 10:14:01,155,155,60,118,,,,,0,0,,,
Bogor,Kabupaten Bogor Leuwiliang,2026-04-30 10:00:00,81,81,43,,4,9,0,80,,,,,
Tangerang,Tangerang Pasir Jaya,2026-04-30 10:00:00,148,148,63,,58,63,0,65,,,,,
Bekasi,Bekasi Kayuringin,2026-04-30 10:00:00,63,63,33,,41,15,0,7,,,,,
Jakarta,The Pakubuwono Menteng,2026-04-30 10:14:57,106,106,42,81,,,,,51,31.9,,,
Depok,Cinere - Nafas,2026-04-30 10:15:01,146,146,57,106,,,,,0,0,,,
Bogor,Kabupaten Bogor Leuwiliang,2026-04-30 10:00:00,81,81,43,,4,9,0,80,,,,,
Tangerang,Tangerang Pasir Jaya,2026-04-30 10:00:00,148,148,63,,58,63,0,65,,,,,
Bekasi,Bekasi Kayuringin,2026-04-30 10:00:00,63,63,33,,41,15,0,7,,,,,
Jakarta,The Pakubuwono Menteng,2026-04-30 10:14:57,106,106,42,80,,,,,51,31.9,,,
Depok,Cinere - Nafas,2026-04-30 10:18:01,151,151,57,106,,,,,0,0,,,
Bogor,Kabupaten Bogor Leuwiliang,2026-04-30 10:00:00,81,81,43,,4,9,0,80,,,,,
Tangerang,Tangerang Pasir Jaya,2026-04-30 10:00:00,148,148,63,,58,63,0,65,,,,,
Bekasi,Bekasi Kayuringin,2026-04-30 10:00:00,63,63,33,,41,15,0,7,,,,,
Jakarta,The Pakubuwono Menteng,2026-04-30 10:18:57,113,113,45,83,,,,,51,32,,,
Depok,Cinere - Nafas,2026-04-30 10:19:01,151,151,58,107,,,,,0,0,,,
Bogor,Kabupaten Bogor Leuwiliang,2026-04-30 10:00:00,81,81,43,,4,9,0,80,,,,,
Tangerang,Tangerang Pasir Jaya,2026-04-30 10:00:00,148,148,63,,58,63,0,65,,,,,
Bekasi,Bekasi Kayuringin,2026-04-30 10:00:00,63,63,33,,41,15,0,7,,,,,
Jakarta,The Pakubuwono Menteng,2026-04-30 10:18:57,113,113,45,83,,,,,51,32,,,
Depok,Cinere - Nafas,2026-04-30 10:19:01,151,151,58,107,,,,,0,0,,,
Bogor,Kabupaten Bogor Leuwiliang,2026-04-30 10:00:00,81,81,43,,4,9,0,80,,,,,
Tangerang,Tangerang Pasir Jaya,2026-04-30 10:00:00,148,148,63,,58,63,0,65,,,,,
Bekasi,Bekasi Kayuringin,2026-04-30 10:00:00,63,63,33,,41,15,0,7,,,,,
Jakarta,The Pakubuwono Menteng,2026-04-30 10:19:57,108,108,42,79,,,,,51,32,,,
Depok,Cinere - Nafas,2026-04-30 10:20:01,152,152,58,111,,,,,0,0,,,
Bogor,Kabupaten Bogor Leuwiliang,2026-04-30 10:00:00,81,81,43,,4,9,0,80,,,,,
Tangerang,Tangerang Pasir Jaya,2026-04-30 10:00:00,148,148,63,,58,63,0,65,,,,,
Bekasi,Bekasi Kayuringin,2026-04-30 10:00:00,63,63,33,,41,15,0,7,,,,,
Jakarta,The Pakubuwono Menteng,2026-04-30 10:20:57,101,101,39,80,,,,,51,32,,,
Depok,Cinere - Nafas,2026-04-30 10:21:01,151,151,57,107,,,,,0,0,,,
Bogor,Kabupaten Bogor Leuwiliang,2026-04-30 10:00:00,81,81,43,,4,9,0,80,,,,,
Tangerang,Tangerang Pasir Jaya,2026-04-30 10:00:00,148,148,63,,58,63,0,65,,,,,
Bekasi,Bekasi Kayuringin,2026-04-30 10:00:00,63,63,33,,41,15,0,7,,,,,
Jakarta,The Pakubuwono Menteng,2026-04-30 10:21:57,112,112,43,80,,,,,51,32.09,,,
Depok,Cinere - Nafas,2026-04-30 10:22:01,151,151,57,106,,,,,0,0,,,
Bogor,Kabupaten Bogor Leuwiliang,2026-04-30 10:00:00,81,81,43,,4,9,0,80,,,,,
Tangerang,Tangerang Pasir Jaya,2026-04-30 10:00:00,148,148,63,,58,63,0,65,,,,,
Bekasi,Bekasi Kayuringin,2026-04-30 10:00:00,63,63,33,,41,15,0,7,,,,,
Jakarta,The Pakubuwono Menteng,2026-04-30 10:23:57,118,118,47,85,,,,,51,32.09,,,
Depok,Cinere - Nafas,2026-04-30 10:24:02,151,151,57,111,,,,,0,0,,,
Bogor,Kabupaten Bogor Leuwiliang,2026-04-30 10:00:00,81,81,43,,4,9,0,80,,,,,
Tangerang,Tangerang Pasir Jaya,2026-04-30 10:00:00,148,148,63,,58,63,0,65,,,,,
Bekasi,Bekasi Kayuringin,2026-04-30 10:00:00,63,63,33,,41,15,0,7,,,,,
Jakarta,The Pakubuwono Menteng,2026-04-30 10:24:57,123,123,49,87,,,,,51,32.09,,,
Depok,Cinere - Nafas,2026-04-30 10:25:02,151,151,58,113,,,,,0,0,,,
Bogor,Kabupaten Bogor Leuwiliang,2026-04-30 10:00:00,81,81,43,,4,9,0,80,,,,,
Tangerang,Tangerang Pasir Jaya,2026-04-30 10:00:00,148,148,63,,58,63,0,65,,,,,
Bekasi,Bekasi Kayuringin,2026-04-30 10:00:00,63,63,33,,41,15,0,7,,,,,
Jakarta,The Pakubuwono Menteng,2026-04-30 10:25:57,126,126,50,93,,,,,51,32.09,,,
Depok,Cinere - Nafas,2026-04-30 10:27:01,154,154,59,119,,,,,0,0,,,
Bogor,Kabupaten Bogor Leuwiliang,2026-04-30 10:00:00,81,81,43,,4,9,0,80,,,,,
Tangerang,Tangerang Pasir Jaya,2026-04-30 10:00:00,148,148,63,,58,63,0,65,,,,,
Bekasi,Bekasi Kayuringin,2026-04-30 10:00:00,63,63,33,,41,15,0,7,,,,,
Jakarta,The Pakubuwono Menteng,2026-04-30 10:27:57,129,129,51,90,,,,,51,32.09,,,
Depok,Cinere - Nafas,2026-04-30 10:28:01,153,153,59,121,,,,,0,0,,,
Bogor,Kabupaten Bogor Leuwiliang,2026-04-30 10:00:00,81,81,43,,4,9,0,80,,,,,
Tangerang,Tangerang Pasir Jaya,2026-04-30 10:00:00,148,148,63,,58,63,0,65,,,,,
Bekasi,Bekasi Kayuringin,2026-04-30 10:00:00,63,63,33,,41,15,0,7,,,,,
Jakarta,The Pakubuwono Menteng,2026-04-30 10:28:57,128,128,51,90,,,,,51,32.2,,,
Depok,Cinere - Nafas,2026-04-30 10:29:01,154,154,59,119,,,,,0,0,,,
Bogor,Kabupaten Bogor Leuwiliang,2026-04-30 10:00:00,81,81,43,,4,9,0,80,,,,,
Tangerang,Tangerang Pasir Jaya,2026-04-30 10:00:00,148,148,63,,58,63,0,65,,,,,
Bekasi,Bekasi Kayuringin,2026-04-30 10:00:00,63,63,33,,41,15,0,7,,,,,
Jakarta,The Pakubuwono Menteng,2026-04-30 10:29:57,130,130,51,94,,,,,51,32.2,,,
Depok,Cinere - Nafas,2026-04-30 10:30:04,155,155,60,121,,,,,0,0,,,
Bogor,Kabupaten Bogor Leuwiliang,2026-04-30 10:00:00,81,81,43,,4,9,0,80,,,,,
Tangerang,Tangerang Pasir Jaya,2026-04-30 10:00:00,148,148,63,,58,63,0,65,,,,,
Bekasi,Bekasi Kayuringin,2026-04-30 10:00:00,63,63,33,,41,15,0,7,,,,,
Jakarta,The Pakubuwono Menteng,2026-04-30 10:30:57,129,129,51,94,,,,,51,32.2,,,
Depok,Cinere - Nafas,2026-04-30 10:31:04,155,155,59,122,,,,,0,0,,,
Bogor,Kabupaten Bogor Leuwiliang,2026-04-30 10:00:00,81,81,43,,4,9,0,80,,,,,
Tangerang,Tangerang Pasir Jaya,2026-04-30 10:00:00,148,148,63,,58,63,0,65,,,,,
Bekasi,Bekasi Kayuringin,2026-04-30 10:00:00,63,63,33,,41,15,0,7,,,,,
Jakarta,The Pakubuwono Menteng,2026-04-30 10:31:57,129,129,52,94,,,,,51,32.09,,,
Depok,Cinere - Nafas,2026-04-30 10:32:04,155,155,60,120,,,,,0,0,,,
Bogor,Kabupaten Bogor Leuwiliang,2026-04-30 10:00:00,81,81,43,,4,9,0,80,,,,,
Tangerang,Tangerang Pasir Jaya,2026-04-30 10:00:00,148,148,63,,58,63,0,65,,,,,
Bekasi,Bekasi Kayuringin,2026-04-30 10:00:00,63,63,33,,41,15,0,7,,,,,
Jakarta,The Pakubuwono Menteng,2026-04-30 10:32:57,131,131,52,94,,,,,50,32.2,,,
Depok,Cinere - Nafas,2026-04-30 10:33:04,156,156,60,126,,,,,0,0,,,
Bogor,Kabupaten Bogor Leuwiliang,2026-04-30 10:00:00,81,81,43,,4,9,0,80,,,,,
Tangerang,Tangerang Pasir Jaya,2026-04-30 10:00:00,148,148,63,,58,63,0,65,,,,,
Bekasi,Bekasi Kayuringin,2026-04-30 10:00:00,63,63,33,,41,15,0,7,,,,,
Jakarta,The Pakubuwono Menteng,2026-04-30 10:33:57,121,121,48,88,,,,,51,32.2,,,
Depok,Cinere - Nafas,2026-04-30 10:34:04,154,154,59,120,,,,,0,0,,,
Bogor,Kabupaten Bogor Leuwiliang,2026-04-30 10:00:00,81,81,43,,4,9,0,80,,,,,
Tangerang,Tangerang Pasir Jaya,2026-04-30 10:00:00,148,148,63,,58,63,0,65,,,,,
Bekasi,Bekasi Kayuringin,2026-04-30 10:00:00,63,63,33,,41,15,0,7,,,,,
Jakarta,The Pakubuwono Menteng,2026-04-30 10:35:58,126,126,51,90,,,,,51,32.2,,,
Depok,Cinere - Nafas,2026-04-30 10:36:04,155,155,59,119,,,,,0,0,,,
Bogor,Kabupaten Bogor Leuwiliang,2026-04-30 10:00:00,81,81,43,,4,9,0,80,,,,,
Tangerang,Tangerang Pasir Jaya,2026-04-30 10:00:00,148,148,63,,58,63,0,65,,,,,
Bekasi,Bekasi Kayuringin,2026-04-30 10:00:00,63,63,33,,41,15,0,7,,,,,
Jakarta,The Pakubuwono Menteng,2026-04-30 10:37:57,130,130,51,94,,,,,51,32.2,,,
Depok,Cinere - Nafas,2026-04-30 10:38:04,143,143,56,105,,,,,0,0,,,
Bogor,Kabupaten Bogor Leuwiliang,2026-04-30 10:00:00,81,81,43,,4,9,0,80,,,,,
Tangerang,Tangerang Pasir Jaya,2026-04-30 10:00:00,148,148,63,,58,63,0,65,,,,,
Bekasi,Bekasi Kayuringin,2026-04-30 10:00:00,63,63,33,,41,15,0,7,,,,,
Jakarta,The Pakubuwono Menteng,2026-04-30 10:38:57,128,128,51,91,,,,,51,32.2,,,
Depok,Cinere - Nafas,2026-04-30 10:39:04,138,138,54,96,,,,,0,0,,,
Bogor,Kabupaten Bogor Leuwiliang,2026-04-30 10:00:00,81,81,43,,4,9,0,80,,,,,
Tangerang,Tangerang Pasir Jaya,2026-04-30 10:00:00,148,148,63,,58,63,0,65,,,,,
Bekasi,Bekasi Kayuringin,2026-04-30 10:00:00,63,63,33,,41,15,0,7,,,,,
Jakarta,The Pakubuwono Menteng,2026-04-30 10:39:57,129,129,52,94,,,,,51,32.3,,,
Depok,Cinere - Nafas,2026-04-30 10:40:04,131,131,53,94,,,,,0,0,,,
Bogor,Kabupaten Bogor Leuwiliang,2026-04-30 10:00:00,81,81,43,,4,9,0,80,,,,,
Tangerang,Tangerang Pasir Jaya,2026-04-30 10:00:00,148,148,63,,58,63,0,65,,,,,
Bekasi,Bekasi Kayuringin,2026-04-30 10:00:00,63,63,33,,41,15,0,7,,,,,
Jakarta,The Pakubuwono Menteng,2026-04-30 10:40:57,127,127,51,90,,,,,51,32.3,,,
Depok,Cinere - Nafas,2026-04-30 10:41:04,118,118,47,87,,,,,0,0,,,
Bogor,Kabupaten Bogor Leuwiliang,2026-04-30 10:00:00,81,81,43,,4,9,0,80,,,,,
Tangerang,Tangerang Pasir Jaya,2026-04-30 10:00:00,148,148,63,,58,63,0,65,,,,,
Bekasi,Bekasi Kayuringin,2026-04-30 10:00:00,63,63,33,,41,15,0,7,,,,,
Jakarta,The Pakubuwono Menteng,2026-04-30 10:41:58,126,126,51,89,,,,,51,32.3,,,
Depok,Cinere - Nafas,2026-04-30 10:42:04,117,117,49,84,,,,,0,0,,,
Bogor,Kabupaten Bogor Leuwiliang,2026-04-30 10:00:00,81,81,43,,4,9,0,80,,,,,
Tangerang,Tangerang Pasir Jaya,2026-04-30 10:00:00,148,148,63,,58,63,0,65,,,,,
Bekasi,Bekasi Kayuringin,2026-04-30 10:00:00,63,63,33,,41,15,0,7,,,,,
Jakarta,The Pakubuwono Menteng,2026-04-30 10:42:57,129,129,52,93,,,,,51,32.3,,,
Depok,Cinere - Nafas,2026-04-30 10:43:04,115,115,45,83,,,,,0,0,,,
Bogor,Kabupaten Bogor Leuwiliang,2026-04-30 10:00:00,81,81,43,,4,9,0,80,,,,,
Tangerang,Tangerang Pasir Jaya,2026-04-30 10:00:00,148,148,63,,58,63,0,65,,,,,
Bekasi,Bekasi Kayuringin,2026-04-30 10:00:00,63,63,33,,41,15,0,7,,,,,
Jakarta,The Pakubuwono Menteng,2026-04-30 10:43:57,131,131,52,94,,,,,51,32.3,,,
Depok,Cinere - Nafas,2026-04-30 10:44:04,117,117,46,86,,,,,0,0,,,
Bogor,Kabupaten Bogor Leuwiliang,2026-04-30 10:00:00,81,81,43,,4,9,0,80,,,,,
Tangerang,Tangerang Pasir Jaya,2026-04-30 10:00:00,148,148,63,,58,63,0,65,,,,,
Bekasi,Bekasi Kayuringin,2026-04-30 10:00:00,63,63,33,,41,15,0,7,,,,,
Jakarta,The Pakubuwono Menteng,2026-04-30 10:45:58,128,128,52,91,,,,,50,32.4,,,
Depok,Cinere - Nafas,2026-04-30 10:46:04,123,123,50,89,,,,,0,0,,,
Bogor,Kabupaten Bogor Leuwiliang,2026-04-30 10:00:00,81,81,43,,4,9,0,80,,,,,
Tangerang,Tangerang Pasir Jaya,2026-04-30 10:00:00,148,148,63,,58,63,0,65,,,,,
Bekasi,Bekasi Kayuringin,2026-04-30 10:00:00,63,63,33,,41,15,0,7,,,,,
Jakarta,The Pakubuwono Menteng,2026-04-30 10:47:58,130,130,52,94,,,,,50,32.4,,,
Depok,Cinere - Nafas,2026-04-30 10:47:04,124,124,50,90,,,,,0,0,,,
Bogor,Kabupaten Bogor Leuwiliang,2026-04-30 10:00:00,81,81,43,,4,9,0,80,,,,,
Tangerang,Tangerang Pasir Jaya,2026-04-30 10:00:00,148,148,63,,58,63,0,65,,,,,
Bekasi,Bekasi Kayuringin,2026-04-30 10:00:00,63,63,33,,41,15,0,7,,,,,
Jakarta,The Pakubuwono Menteng,2026-04-30 10:48:58,136,136,53,97,,,,,50,32.4,,,
Depok,Cinere - Nafas,2026-04-30 10:48:04,136,136,54,96,,,,,0,0,,,
Bogor,Kabupaten Bogor Leuwiliang,2026-04-30 10:00:00,81,81,43,,4,9,0,80,,,,,
Tangerang,Tangerang Pasir Jaya,2026-04-30 10:00:00,148,148,63,,58,63,0,65,,,,,
Bekasi,Bekasi Kayuringin,2026-04-30 10:00:00,63,63,33,,41,15,0,7,,,,,
Jakarta,The Pakubuwono Menteng,2026-04-30 10:49:58,131,131,52,93,,,,,50,32.5,,,
Depok,Cinere - Nafas,2026-04-30 10:49:04,131,131,52,93,,,,,0,0,,,
Bogor,Kabupaten Bogor Leuwiliang,2026-04-30 10:00:00,81,81,43,,4,9,0,80,,,,,
Tangerang,Tangerang Pasir Jaya,2026-04-30 10:00:00,148,148,63,,58,63,0,65,,,,,
Bekasi,Bekasi Kayuringin,2026-04-30 10:00:00,63,63,33,,41,15,0,7,,,,,
Jakarta,The Pakubuwono Menteng,2026-04-30 10:50:58,129,129,51,93,,,,,50,32.5,,,
Depok,Cinere - Nafas,2026-04-30 10:50:04,130,130,53,92,,,,,0,0,,,
Bogor,Kabupaten Bogor Leuwiliang,2026-04-30 10:00:00,81,81,43,,4,9,0,80,,,,,
Tangerang,Tangerang Pasir Jaya,2026-04-30 10:00:00,148,148,63,,58,63,0,65,,,,,
Bekasi,Bekasi Kayuringin,2026-04-30 10:00:00,63,63,33,,41,15,0,7,,,,,
Jakarta,The Pakubuwono Menteng,2026-04-30 10:51:58,129,129,52,93,,,,,50,32.5,,,
Depok,Cinere - Nafas,2026-04-30 10:51:04,131,131,52,94,,,,,0,0,,,
Bogor,Kabupaten Bogor Leuwiliang,2026-04-30 10:00:00,81,81,43,,4,9,0,80,,,,,
Tangerang,Tangerang Pasir Jaya,2026-04-30 10:00:00,148,148,63,,58,63,0,65,,,,,
Bekasi,Bekasi Kayuringin,2026-04-30 10:00:00,63,63,33,,41,15,0,7,,,,,
Jakarta,The Pakubuwono Menteng,2026-04-30 10:53:58,128,128,51,92,,,,,50,32.59,,,
Depok,Cinere - Nafas,2026-04-30 10:53:04,138,138,54,96,,,,,0,0,,,
Bogor,Kabupaten Bogor Leuwiliang,2026-04-30 10:00:00,81,81,43,,4,9,0,80,,,,,
Tangerang,Tangerang Pasir Jaya,2026-04-30 10:00:00,148,148,63,,58,63,0,65,,,,,
Bekasi,Bekasi Kayuringin,2026-04-30 10:00:00,63,63,33,,41,15,0,7,,,,,
Jakarta,The Pakubuwono Menteng,2026-04-30 10:54:58,131,131,52,94,,,,,51,32.59,,,
Depok,Cinere - Nafas,2026-04-30 10:55:04,145,145,55,98,,,,,0,0,,,
Bogor,Kabupaten Bogor Leuwiliang,2026-04-30 10:00:00,81,81,43,,4,9,0,80,,,,,
Tangerang,Tangerang Pasir Jaya,2026-04-30 10:00:00,148,148,63,,58,63,0,65,,,,,
Bekasi,Bekasi Kayuringin,2026-04-30 10:00:00,63,63,33,,41,15,0,7,,,,,
Jakarta,The Pakubuwono Menteng,2026-04-30 10:56:58,128,128,51,94,,,,,49,32.7,,,
Depok,Cinere - Nafas,2026-04-30 10:56:04,142,142,55,99,,,,,0,0,,,
Bogor,Kabupaten Bogor Leuwiliang,2026-04-30 10:00:00,81,81,43,,4,9,0,80,,,,,
Tangerang,Tangerang Pasir Jaya,2026-04-30 10:00:00,148,148,63,,58,63,0,65,,,,,
Bekasi,Bekasi Kayuringin,2026-04-30 10:00:00,63,63,33,,41,15,0,7,,,,,
Jakarta,The Pakubuwono Menteng,2026-04-30 10:57:58,126,126,51,90,,,,,50,32.7,,,
Depok,Cinere - Nafas,2026-04-30 10:57:05,141,141,56,99,,,,,0,0,,,
Bogor,Kabupaten Bogor Leuwiliang,2026-04-30 10:00:00,81,81,43,,4,9,0,80,,,,,
Tangerang,Tangerang Pasir Jaya,2026-04-30 10:00:00,148,148,63,,58,63,0,65,,,,,
Bekasi,Bekasi Kayuringin,2026-04-30 10:00:00,63,63,33,,41,15,0,7,,,,,
Jakarta,The Pakubuwono Menteng,2026-04-30 10:57:58,126,126,51,90,,,,,50,32.7,,,
Depok,Cinere - Nafas,2026-04-30 10:57:05,141,141,56,99,,,,,0,0,,,
Bogor,Kabupaten Bogor Leuwiliang,2026-04-30 10:00:00,81,81,43,,4,9,0,80,,,,,
Tangerang,Tangerang Pasir Jaya,2026-04-30 10:00:00,148,148,63,,58,63,0,65,,,,,
Bekasi,Bekasi Kayuringin,2026-04-30 10:00:00,63,63,33,,41,15,0,7,,,,,
Jakarta,The Pakubuwono Menteng,2026-04-30 10:59:58,129,129,51,95,,,,,49,32.8,,,
Depok,Cinere - Nafas,2026-04-30 10:59:04,134,134,54,95,,,,,0,0,,,
Bogor,Kabupaten Bogor Leuwiliang,2026-04-30 10:00:00,81,81,43,,4,9,0,80,,,,,
Tangerang,Tangerang Pasir Jaya,2026-04-30 10:00:00,148,148,63,,58,63,0,65,,,,,
Bekasi,Bekasi Kayuringin,2026-04-30 10:00:00,63,63,33,,41,15,0,7,,,,,
Jakarta,The Pakubuwono Menteng,2026-04-30 11:00:58,124,124,49,91,,,,,48,32.8,,,
Depok,Cinere - Nafas,2026-04-30 11:00:04,136,136,53,94,,,,,0,0,,,
Bogor,Kabupaten Bogor Leuwiliang,2026-04-30 10:00:00,81,81,43,,4,9,0,80,,,,,
Tangerang,Tangerang Pasir Jaya,2026-04-30 10:00:00,148,148,63,,58,63,0,65,,,,,
Bekasi,Bekasi Kayuringin,2026-04-30 10:00:00,63,63,33,,41,15,0,7,,,,,
Jakarta,The Pakubuwono Menteng,2026-04-30 11:01:58,126,126,50,89,,,,,48,32.8,,,
Depok,Cinere - Nafas,2026-04-30 11:01:04,131,131,53,94,,,,,0,0,,,
Bogor,Kabupaten Bogor Leuwiliang,2026-04-30 10:00:00,81,81,43,,4,9,0,80,,,,,
Tangerang,Tangerang Pasir Jaya,2026-04-30 10:00:00,148,148,63,,58,63,0,65,,,,,
Bekasi,Bekasi Kayuringin,2026-04-30 10:00:00,63,63,33,,41,15,0,7,,,,,
Jakarta,The Pakubuwono Menteng,2026-04-30 11:02:58,126,126,51,92,,,,,48,32.8,,,
Depok,Cinere - Nafas,2026-04-30 11:02:05,140,140,55,98,,,,,0,0,,,
Bogor,Kabupaten Bogor Leuwiliang,2026-04-30 10:00:00,81,81,43,,4,9,0,80,,,,,
Tangerang,Tangerang Pasir Jaya,2026-04-30 10:00:00,148,148,63,,58,63,0,65,,,,,
Bekasi,Bekasi Kayuringin,2026-04-30 10:00:00,63,63,33,,41,15,0,7,,,,,
Jakarta,The Pakubuwono Menteng,2026-04-30 11:03:58,121,121,49,89,,,,,48,32.8,,,
Depok,Cinere - Nafas,2026-04-30 11:04:04,127,127,52,91,,,,,0,0,,,
Bogor,Kabupaten Bogor Leuwiliang,2026-04-30 10:00:00,81,81,43,,4,9,0,80,,,,,
Tangerang,Tangerang Pasir Jaya,2026-04-30 10:00:00,148,148,63,,58,63,0,65,,,,,
Bekasi,Bekasi Kayuringin,2026-04-30 10:00:00,63,63,33,,41,15,0,7,,,,,
Jakarta,The Pakubuwono Menteng,2026-04-30 11:05:58,125,125,51,90,,,,,48,32.8,,,
Depok,Cinere - Nafas,2026-04-30 11:05:04,115,115,45,84,,,,,0,0,,,
Bogor,Kabupaten Bogor Leuwiliang,2026-04-30 10:00:00,81,81,43,,4,9,0,80,,,,,
Tangerang,Tangerang Pasir Jaya,2026-04-30 10:00:00,148,148,63,,58,63,0,65,,,,,
Bekasi,Bekasi Kayuringin,2026-04-30 10:00:00,63,63,33,,41,15,0,7,,,,,
Jakarta,The Pakubuwono Menteng,2026-04-30 11:07:58,121,121,48,89,,,,,49,32.8,,,
Depok,Cinere - Nafas,2026-04-30 11:07:04,133,133,52,94,,,,,0,0,,,
Bogor,Kabupaten Bogor Leuwiliang,2026-04-30 10:00:00,81,81,43,,4,9,0,80,,,,,
Tangerang,Tangerang Pasir Jaya,2026-04-30 10:00:00,148,148,63,,58,63,0,65,,,,,
Bekasi,Bekasi Kayuringin,2026-04-30 10:00:00,63,63,33,,41,15,0,7,,,,,
Jakarta,The Pakubuwono Menteng,2026-04-30 11:08:58,125,125,51,94,,,,,48,32.8,,,
Depok,Cinere - Nafas,2026-04-30 11:08:04,107,107,42,80,,,,,0,0,,,
Bogor,Kabupaten Bogor Leuwiliang,2026-04-30 10:00:00,81,81,43,,4,9,0,80,,,,,
Tangerang,Tangerang Pasir Jaya,2026-04-30 10:00:00,148,148,63,,58,63,0,65,,,,,
Bekasi,Bekasi Kayuringin,2026-04-30 10:00:00,63,63,33,,41,15,0,7,,,,,
Jakarta,The Pakubuwono Menteng,2026-04-30 11:09:58,123,123,49,90,,,,,49,32.8,,,
Depok,Cinere - Nafas,2026-04-30 11:09:05,114,114,45,80,,,,,0,0,,,
Bogor,Kabupaten Bogor Leuwiliang,2026-04-30 11:00:00,80,79,42,,4,9,0,80,,,,,
Tangerang,Tangerang Pasir Jaya,2026-04-30 11:00:00,147,147,63,,58,63,0,65,,,,,
Bekasi,Bekasi Kayuringin,2026-04-30 11:00:00,63,63,33,,41,15,0,7,,,,,
Jakarta,The Pakubuwono Menteng,2026-04-30 11:10:58,128,128,51,93,,,,,48,32.8,,,
Depok,Cinere - Nafas,2026-04-30 11:10:04,113,113,43,81,,,,,0,0,,,
Bogor,Kabupaten Bogor Leuwiliang,2026-04-30 11:00:00,80,79,42,,4,9,0,80,,,,,
Tangerang,Tangerang Pasir Jaya,2026-04-30 11:00:00,147,147,63,,58,63,0,65,,,,,
Bekasi,Bekasi Kayuringin,2026-04-30 11:00:00,63,63,33,,41,15,0,7,,,,,
Jakarta,The Pakubuwono Menteng,2026-04-30 11:10:58,128,128,51,93,,,,,48,32.8,,,
Depok,Cinere - Nafas,2026-04-30 11:10:04,113,113,43,81,,,,,0,0,,,
Bogor,Kabupaten Bogor Leuwiliang,2026-04-30 11:00:00,80,79,42,,4,9,0,80,,,,,
Tangerang,Tangerang Pasir Jaya,2026-04-30 11:00:00,147,147,63,,58,63,0,65,,,,,
Bekasi,Bekasi Kayuringin,2026-04-30 11:00:00,63,63,33,,41,15,0,7,,,,,
Jakarta,The Pakubuwono Menteng,2026-04-30 11:11:58,127,127,51,93,,,,,48,32.8,,,
Depok,Cinere - Nafas,2026-04-30 11:11:04,119,119,46,84,,,,,0,0,,,
Bogor,Kabupaten Bogor Leuwiliang,2026-04-30 11:00:00,80,79,42,,4,9,0,80,,,,,
Tangerang,Tangerang Pasir Jaya,2026-04-30 11:00:00,147,147,63,,58,63,0,65,,,,,
Bekasi,Bekasi Kayuringin,2026-04-30 11:00:00,63,63,33,,41,15,0,7,,,,,
Jakarta,The Pakubuwono Menteng,2026-04-30 11:14:58,136,136,53,96,,,,,48,32.8,,,
Depok,Cinere - Nafas,2026-04-30 11:14:05,110,110,43,83,,,,,0,0,,,
Bogor,Kabupaten Bogor Leuwiliang,2026-04-30 11:00:00,80,79,42,,4,9,0,80,,,,,
Tangerang,Tangerang Pasir Jaya,2026-04-30 11:00:00,147,147,63,,58,63,0,65,,,,,
Bekasi,Bekasi Kayuringin,2026-04-30 11:00:00,63,63,33,,41,15,0,7,,,,,
Jakarta,The Pakubuwono Menteng,2026-04-30 11:15:59,128,128,51,93,,,,,48,32.8,,,
Depok,Cinere - Nafas,2026-04-30 11:15:04,113,113,44,83,,,,,0,0,,,
Bogor,Kabupaten Bogor Leuwiliang,2026-04-30 11:00:00,80,79,42,,4,9,0,80,,,,,
Tangerang,Tangerang Pasir Jaya,2026-04-30 11:00:00,147,147,63,,58,63,0,65,,,,,
Bekasi,Bekasi Kayuringin,2026-04-30 11:00:00,63,63,33,,41,15,0,7,,,,,
Jakarta,The Pakubuwono Menteng,2026-04-30 11:16:58,129,129,52,95,,,,,48,32.7,,,
Depok,Cinere - Nafas,2026-04-30 11:16:05,112,112,44,83,,,,,0,0,,,
Bogor,Kabupaten Bogor Leuwiliang,2026-04-30 11:00:00,80,79,42,,4,9,0,80,,,,,
Tangerang,Tangerang Pasir Jaya,2026-04-30 11:00:00,147,147,63,,58,63,0,65,,,,,
Bekasi,Bekasi Kayuringin,2026-04-30 11:00:00,63,63,33,,41,15,0,7,,,,,
Jakarta,The Pakubuwono Menteng,2026-04-30 11:17:58,135,135,53,96,,,,,48,32.7,,,
Depok,Cinere - Nafas,2026-04-30 11:17:05,115,115,45,85,,,,,0,0,,,
Bogor,Kabupaten Bogor Leuwiliang,2026-04-30 11:00:00,80,79,42,,4,9,0,80,,,,,
Tangerang,Tangerang Pasir Jaya,2026-04-30 11:00:00,147,147,63,,58,63,0,65,,,,,
Bekasi,Bekasi Kayuringin,2026-04-30 11:00:00,63,63,33,,41,15,0,7,,,,,
Jakarta,The Pakubuwono Menteng,2026-04-30 11:18:59,135,135,53,95,,,,,48,32.7,,,
Depok,Cinere - Nafas,2026-04-30 11:18:05,110,110,43,83,,,,,0,0,,,
Bogor,Kabupaten Bogor Leuwiliang,2026-04-30 11:00:00,80,79,42,,4,9,0,80,,,,,
Tangerang,Tangerang Pasir Jaya,2026-04-30 11:00:00,147,147,63,,58,63,0,65,,,,,
Bekasi,Bekasi Kayuringin,2026-04-30 11:00:00,63,63,33,,41,15,0,7,,,,,
Jakarta,The Pakubuwono Menteng,2026-04-30 11:19:59,131,131,52,96,,,,,48,32.7,,,
Depok,Cinere - Nafas,2026-04-30 11:19:05,108,108,42,81,,,,,0,0,,,
Bogor,Kabupaten Bogor Leuwiliang,2026-04-30 11:00:00,80,79,42,,4,9,0,80,,,,,
Tangerang,Tangerang Pasir Jaya,2026-04-30 11:00:00,147,147,63,,58,63,0,65,,,,,
Bekasi,Bekasi Kayuringin,2026-04-30 11:00:00,63,63,33,,41,15,0,7,,,,,
Jakarta,The Pakubuwono Menteng,2026-04-30 11:20:59,136,136,53,96,,,,,48,32.7,,,
Depok,Cinere - Nafas,2026-04-30 11:20:05,107,107,41,80,,,,,0,0,,,
Bogor,Kabupaten Bogor Leuwiliang,2026-04-30 11:00:00,80,79,42,,4,9,0,80,,,,,
Tangerang,Tangerang Pasir Jaya,2026-04-30 11:00:00,147,147,63,,58,63,0,65,,,,,
Bekasi,Bekasi Kayuringin,2026-04-30 11:00:00,63,63,33,,41,15,0,7,,,,,
Jakarta,The Pakubuwono Menteng,2026-04-30 11:22:58,130,130,51,93,,,,,48,32.59,,,
Depok,Cinere - Nafas,2026-04-30 11:22:05,109,109,43,83,,,,,0,0,,,
Bogor,Kabupaten Bogor Leuwiliang,2026-04-30 11:00:00,80,79,42,,4,9,0,80,,,,,
Tangerang,Tangerang Pasir Jaya,2026-04-30 11:00:00,147,147,63,,58,63,0,65,,,,,
Bekasi,Bekasi Kayuringin,2026-04-30 11:00:00,63,63,33,,41,15,0,7,,,,,
Jakarta,The Pakubuwono Menteng,2026-04-30 11:23:58,126,126,50,92,,,,,48,32.59,,,
Depok,Cinere - Nafas,2026-04-30 11:23:05,109,109,42,82,,,,,0,0,,,
Bogor,Kabupaten Bogor Leuwiliang,2026-04-30 11:00:00,80,79,42,,4,9,0,80,,,,,
Tangerang,Tangerang Pasir Jaya,2026-04-30 11:00:00,147,147,63,,58,63,0,65,,,,,
Bekasi,Bekasi Kayuringin,2026-04-30 11:00:00,63,63,33,,41,15,0,7,,,,,
Jakarta,The Pakubuwono Menteng,2026-04-30 11:24:59,120,120,47,87,,,,,49,32.7,,,
Depok,Cinere - Nafas,2026-04-30 11:24:05,113,113,45,83,,,,,0,0,,,
Bogor,Kabupaten Bogor Leuwiliang,2026-04-30 11:00:00,80,79,42,,4,9,0,80,,,,,
Tangerang,Tangerang Pasir Jaya,2026-04-30 11:00:00,147,147,63,,58,63,0,65,,,,,
Bekasi,Bekasi Kayuringin,2026-04-30 11:00:00,63,63,33,,41,15,0,7,,,,,
Jakarta,The Pakubuwono Menteng,2026-04-30 11:25:58,127,127,50,91,,,,,49,32.59,,,
Depok,Cinere - Nafas,2026-04-30 11:25:05,113,113,43,83,,,,,0,0,,,
Bogor,Kabupaten Bogor Leuwiliang,2026-04-30 11:00:00,80,79,42,,4,9,0,80,,,,,
Tangerang,Tangerang Pasir Jaya,2026-04-30 11:00:00,147,147,63,,58,63,0,65,,,,,
Bekasi,Bekasi Kayuringin,2026-04-30 11:00:00,63,63,33,,41,15,0,7,,,,,
Jakarta,The Pakubuwono Menteng,2026-04-30 11:26:58,125,125,50,93,,,,,49,32.59,,,
Depok,Cinere - Nafas,2026-04-30 11:26:05,118,118,47,86,,,,,0,0,,,
Bogor,Kabupaten Bogor Leuwiliang,2026-04-30 11:00:00,80,79,42,,4,9,0,80,,,,,
Tangerang,Tangerang Pasir Jaya,2026-04-30 11:00:00,147,147,63,,58,63,0,65,,,,,
Bekasi,Bekasi Kayuringin,2026-04-30 11:00:00,63,63,33,,41,15,0,7,,,,,
Jakarta,The Pakubuwono Menteng,2026-04-30 11:27:58,126,126,50,89,,,,,49,32.7,,,
Depok,Cinere - Nafas,2026-04-30 11:27:05,116,116,45,83,,,,,0,0,,,
Bogor,Kabupaten Bogor Leuwiliang,2026-04-30 11:00:00,80,79,42,,4,9,0,80,,,,,
Tangerang,Tangerang Pasir Jaya,2026-04-30 11:00:00,147,147,63,,58,63,0,65,,,,,
Bekasi,Bekasi Kayuringin,2026-04-30 11:00:00,63,63,33,,41,15,0,7,,,,,
Jakarta,The Pakubuwono Menteng,2026-04-30 11:29:59,130,130,52,94,,,,,49,32.7,,,
Depok,Cinere - Nafas,2026-04-30 11:29:05,116,116,46,83,,,,,0,0,,,
Bogor,Kabupaten Bogor Leuwiliang,2026-04-30 11:00:00,80,79,42,,4,9,0,80,,,,,
Tangerang,Tangerang Pasir Jaya,2026-04-30 11:00:00,147,147,63,,58,63,0,65,,,,,
Bekasi,Bekasi Kayuringin,2026-04-30 11:00:00,63,63,33,,41,15,0,7,,,,,
Jakarta,The Pakubuwono Menteng,2026-04-30 11:30:59,131,131,53,95,,,,,48,32.7,,,
Depok,Cinere - Nafas,2026-04-30 11:30:05,115,115,46,83,,,,,0,0,,,
Bogor,Kabupaten Bogor Leuwiliang,2026-04-30 11:00:00,80,79,42,,4,9,0,80,,,,,
Tangerang,Tangerang Pasir Jaya,2026-04-30 11:00:00,147,147,63,,58,63,0,65,,,,,
Bekasi,Bekasi Kayuringin,2026-04-30 11:00:00,63,63,33,,41,15,0,7,,,,,
Jakarta,The Pakubuwono Menteng,2026-04-30 11:31:59,128,128,51,95,,,,,48,32.7,,,
Depok,Cinere - Nafas,2026-04-30 11:31:05,113,113,46,83,,,,,0,0,,,
Bogor,Kabupaten Bogor Leuwiliang,2026-04-30 11:00:00,80,79,42,,4,9,0,80,,,,,
Tangerang,Tangerang Pasir Jaya,2026-04-30 11:00:00,147,147,63,,58,63,0,65,,,,,
Bekasi,Bekasi Kayuringin,2026-04-30 11:00:00,63,63,33,,41,15,0,7,,,,,
Jakarta,The Pakubuwono Menteng,2026-04-30 11:33:59,127,127,51,90,,,,,49,32.7,,,
Depok,Cinere - Nafas,2026-04-30 11:34:05,110,110,43,83,,,,,0,0,,,
Bogor,Kabupaten Bogor Leuwiliang,2026-04-30 11:00:00,80,79,42,,4,9,0,80,,,,,
Tangerang,Tangerang Pasir Jaya,2026-04-30 11:00:00,147,147,63,,58,63,0,65,,,,,
Bekasi,Bekasi Kayuringin,2026-04-30 11:00:00,63,63,33,,41,15,0,7,,,,,
Jakarta,The Pakubuwono Menteng,2026-04-30 11:34:59,124,124,49,90,,,,,49,32.7,,,
Depok,Cinere - Nafas,2026-04-30 11:35:05,111,111,44,82,,,,,0,0,,,
Bogor,Kabupaten Bogor Leuwiliang,2026-04-30 11:00:00,80,79,42,,4,9,0,80,,,,,
Tangerang,Tangerang Pasir Jaya,2026-04-30 11:00:00,147,147,63,,58,63,0,65,,,,,
Bekasi,Bekasi Kayuringin,2026-04-30 11:00:00,63,63,33,,41,15,0,7,,,,,
Jakarta,The Pakubuwono Menteng,2026-04-30 11:35:59,126,126,50,92,,,,,48,32.8,,,
Depok,Cinere - Nafas,2026-04-30 11:36:05,110,110,44,82,,,,,0,0,,,
Bogor,Kabupaten Bogor Leuwiliang,2026-04-30 11:00:00,80,79,42,,4,9,0,80,,,,,
Tangerang,Tangerang Pasir Jaya,2026-04-30 11:00:00,147,147,63,,58,63,0,65,,,,,
Bekasi,Bekasi Kayuringin,2026-04-30 11:00:00,63,63,33,,41,15,0,7,,,,,
Jakarta,The Pakubuwono Menteng,2026-04-30 11:37:59,133,133,52,96,,,,,48,32.8,,,
Depok,Cinere - Nafas,2026-04-30 11:38:05,107,107,42,78,,,,,0,0,,,
Bogor,Kabupaten Bogor Leuwiliang,2026-04-30 11:00:00,80,79,42,,4,9,0,80,,,,,
Tangerang,Tangerang Pasir Jaya,2026-04-30 11:00:00,147,147,63,,58,63,0,65,,,,,
Bekasi,Bekasi Kayuringin,2026-04-30 11:00:00,63,63,33,,41,15,0,7,,,,,
Jakarta,The Pakubuwono Menteng,2026-04-30 11:37:59,133,133,52,96,,,,,48,32.8,,,
Depok,Cinere - Nafas,2026-04-30 11:38:05,107,107,42,78,,,,,0,0,,,
Bogor,Kabupaten Bogor Leuwiliang,2026-04-30 11:00:00,80,79,42,,4,9,0,80,,,,,
Tangerang,Tangerang Pasir Jaya,2026-04-30 11:00:00,147,147,63,,58,63,0,65,,,,,
Bekasi,Bekasi Kayuringin,2026-04-30 11:00:00,63,63,33,,41,15,0,7,,,,,
Jakarta,The Pakubuwono Menteng,2026-04-30 11:38:59,135,135,53,96,,,,,47,32.8,,,
Depok,Cinere - Nafas,2026-04-30 11:39:05,101,101,39,77,,,,,0,0,,,
Bogor,Kabupaten Bogor Leuwiliang,2026-04-30 11:00:00,80,79,42,,4,9,0,80,,,,,
Tangerang,Tangerang Pasir Jaya,2026-04-30 11:00:00,147,147,63,,58,63,0,65,,,,,
Bekasi,Bekasi Kayuringin,2026-04-30 11:00:00,63,63,33,,41,15,0,7,,,,,
Jakarta,The Pakubuwono Menteng,2026-04-30 11:39:59,137,137,54,99,,,,,47,32.8,,,
Depok,Cinere - Nafas,2026-04-30 11:40:05,100,100,39,77,,,,,0,0,,,
Bogor,Kabupaten Bogor Leuwiliang,2026-04-30 11:00:00,80,79,42,,4,9,0,80,,,,,
Tangerang,Tangerang Pasir Jaya,2026-04-30 11:00:00,147,147,63,,58,63,0,65,,,,,
Bekasi,Bekasi Kayuringin,2026-04-30 11:00:00,63,63,33,,41,15,0,7,,,,,
Jakarta,The Pakubuwono Menteng,2026-04-30 11:41:59,133,133,52,97,,,,,47,32.9,,,
Depok,Cinere - Nafas,2026-04-30 11:42:05,105,105,40,79,,,,,0,0,,,
Bogor,Kabupaten Bogor Leuwiliang,2026-04-30 11:00:00,80,79,42,,4,9,0,80,,,,,
Tangerang,Tangerang Pasir Jaya,2026-04-30 11:00:00,147,147,63,,58,63,0,65,,,,,
Bekasi,Bekasi Kayuringin,2026-04-30 11:00:00,63,63,33,,41,15,0,7,,,,,
Jakarta,The Pakubuwono Menteng,2026-04-30 11:43:00,126,126,50,91,,,,,47,32.9,,,
Depok,Cinere - Nafas,2026-04-30 11:43:05,99,99,39,76,,,,,0,0,,,
Bogor,Kabupaten Bogor Leuwiliang,2026-04-30 11:00:00,80,79,42,,4,9,0,80,,,,,
Tangerang,Tangerang Pasir Jaya,2026-04-30 11:00:00,147,147,63,,58,63,0,65,,,,,
Bekasi,Bekasi Kayuringin,2026-04-30 11:00:00,63,63,33,,41,15,0,7,,,,,
Jakarta,The Pakubuwono Menteng,2026-04-30 11:44:59,125,125,51,93,,,,,48,32.9,,,
Depok,Cinere - Nafas,2026-04-30 11:45:05,99,99,36,72,,,,,0,0,,,
Bogor,Kabupaten Bogor Leuwiliang,2026-04-30 11:00:00,80,79,42,,4,9,0,80,,,,,
Tangerang,Tangerang Pasir Jaya,2026-04-30 11:00:00,147,147,63,,58,63,0,65,,,,,
Bekasi,Bekasi Kayuringin,2026-04-30 11:00:00,63,63,33,,41,15,0,7,,,,,
Jakarta,The Pakubuwono Menteng,2026-04-30 11:45:59,125,125,50,92,,,,,47,32.9,,,
Depok,Cinere - Nafas,2026-04-30 11:46:05,94,94,33,73,,,,,0,0,,,
Bogor,Kabupaten Bogor Leuwiliang,2026-04-30 11:00:00,80,79,42,,4,9,0,80,,,,,
Tangerang,Tangerang Pasir Jaya,2026-04-30 11:00:00,147,147,63,,58,63,0,65,,,,,
Bekasi,Bekasi Kayuringin,2026-04-30 11:00:00,63,63,33,,41,15,0,7,,,,,
Jakarta,The Pakubuwono Menteng,2026-04-30 11:46:59,120,120,48,87,,,,,47,32.9,,,
Depok,Cinere - Nafas,2026-04-30 11:47:05,89,89,30,70,,,,,0,0,,,
Bogor,Kabupaten Bogor Leuwiliang,2026-04-30 11:00:00,80,79,42,,4,9,0,80,,,,,
Tangerang,Tangerang Pasir Jaya,2026-04-30 11:00:00,147,147,63,,58,63,0,65,,,,,
Bekasi,Bekasi Kayuringin,2026-04-30 11:00:00,63,63,33,,41,15,0,7,,,,,
Jakarta,The Pakubuwono Menteng,2026-04-30 11:47:59,120,120,48,88,,,,,47,32.9,,,
Depok,Cinere - Nafas,2026-04-30 11:48:05,92,92,30,73,,,,,0,0,,,
Bogor,Kabupaten Bogor Leuwiliang,2026-04-30 11:00:00,80,79,42,,4,9,0,80,,,,,
Tangerang,Tangerang Pasir Jaya,2026-04-30 11:00:00,147,147,63,,58,63,0,65,,,,,
Bekasi,Bekasi Kayuringin,2026-04-30 11:00:00,63,63,33,,41,15,0,7,,,,,
Jakarta,The Pakubuwono Menteng,2026-04-30 11:48:59,126,126,50,88,,,,,47,32.9,,,
Depok,Cinere - Nafas,2026-04-30 11:49:05,94,94,33,73,,,,,0,0,,,
Bogor,Kabupaten Bogor Leuwiliang,2026-04-30 11:00:00,80,79,42,,4,9,0,80,,,,,
Tangerang,Tangerang Pasir Jaya,2026-04-30 11:00:00,147,147,63,,58,63,0,65,,,,,
Bekasi,Bekasi Kayuringin,2026-04-30 11:00:00,63,63,33,,41,15,0,7,,,,,
Jakarta,The Pakubuwono Menteng,2026-04-30 11:49:59,121,121,50,89,,,,,47,32.9,,,
Depok,Cinere - Nafas,2026-04-30 11:50:05,96,96,35,72,,,,,0,0,,,
Bogor,Kabupaten Bogor Leuwiliang,2026-04-30 11:00:00,80,79,42,,4,9,0,80,,,,,
Tangerang,Tangerang Pasir Jaya,2026-04-30 11:00:00,147,147,63,,58,63,0,65,,,,,
Bekasi,Bekasi Kayuringin,2026-04-30 11:00:00,63,63,33,,41,15,0,7,,,,,
Jakarta,The Pakubuwono Menteng,2026-04-30 11:51:59,115,115,45,86,,,,,46,32.9,,,
Depok,Cinere - Nafas,2026-04-30 11:52:05,96,96,34,72,,,,,0,0,,,
Bogor,Kabupaten Bogor Leuwiliang,2026-04-30 11:00:00,80,79,42,,4,9,0,80,,,,,
Tangerang,Tangerang Pasir Jaya,2026-04-30 11:00:00,147,147,63,,58,63,0,65,,,,,
Bekasi,Bekasi Kayuringin,2026-04-30 11:00:00,63,63,33,,41,15,0,7,,,,,
Jakarta,The Pakubuwono Menteng,2026-04-30 11:52:59,117,117,46,87,,,,,46,33,,,
Depok,Cinere - Nafas,2026-04-30 11:53:05,97,97,36,73,,,,,0,0,,,
Bogor,Kabupaten Bogor Leuwiliang,2026-04-30 11:00:00,80,79,42,,4,9,0,80,,,,,
Tangerang,Tangerang Pasir Jaya,2026-04-30 11:00:00,147,147,63,,58,63,0,65,,,,,
Bekasi,Bekasi Kayuringin,2026-04-30 11:00:00,63,63,33,,41,15,0,7,,,,,
Jakarta,The Pakubuwono Menteng,2026-04-30 11:53:59,116,116,46,87,,,,,46,33,,,
Depok,Cinere - Nafas,2026-04-30 11:54:05,97,97,37,74,,,,,0,0,,,
Bogor,Kabupaten Bogor Leuwiliang,2026-04-30 11:00:00,80,79,42,,4,9,0,80,,,,,
Tangerang,Tangerang Pasir Jaya,2026-04-30 11:00:00,147,147,63,,58,63,0,65,,,,,
Bekasi,Bekasi Kayuringin,2026-04-30 11:00:00,63,63,33,,41,15,0,7,,,,,
Jakarta,The Pakubuwono Menteng,2026-04-30 11:54:59,117,117,47,85,,,,,46,33,,,
Depok,Cinere - Nafas,2026-04-30 11:55:06,105,105,42,76,,,,,0,0,,,
Bogor,Kabupaten Bogor Leuwiliang,2026-04-30 11:00:00,80,79,42,,4,9,0,80,,,,,
Tangerang,Tangerang Pasir Jaya,2026-04-30 11:00:00,147,147,63,,58,63,0,65,,,,,
Bekasi,Bekasi Kayuringin,2026-04-30 11:00:00,63,63,33,,41,15,0,7,,,,,
Jakarta,The Pakubuwono Menteng,2026-04-30 11:55:59,118,118,47,85,,,,,46,33.09,,,
Depok,Cinere - Nafas,2026-04-30 11:56:05,104,104,41,79,,,,,0,0,,,
Bogor,Kabupaten Bogor Leuwiliang,2026-04-30 11:00:00,80,79,42,,4,9,0,80,,,,,
Tangerang,Tangerang Pasir Jaya,2026-04-30 11:00:00,147,147,63,,58,63,0,65,,,,,
Bekasi,Bekasi Kayuringin,2026-04-30 11:00:00,63,63,33,,41,15,0,7,,,,,
Jakarta,The Pakubuwono Menteng,2026-04-30 11:57:00,116,116,45,84,,,,,46,33.09,,,
Depok,Cinere - Nafas,2026-04-30 11:57:05,107,107,42,78,,,,,0,0,,,
Bogor,Kabupaten Bogor Leuwiliang,2026-04-30 11:00:00,80,79,42,,4,9,0,80,,,,,
Tangerang,Tangerang Pasir Jaya,2026-04-30 11:00:00,147,147,63,,58,63,0,65,,,,,
Bekasi,Bekasi Kayuringin,2026-04-30 11:00:00,63,63,33,,41,15,0,7,,,,,
Jakarta,The Pakubuwono Menteng,2026-04-30 11:58:59,111,111,45,83,,,,,46,33.09,,,
Depok,Cinere - Nafas,2026-04-30 11:59:05,106,106,41,78,,,,,0,0,,,
Bogor,Kabupaten Bogor Leuwiliang,2026-04-30 11:00:00,80,79,42,,4,9,0,80,,,,,
Tangerang,Tangerang Pasir Jaya,2026-04-30 11:00:00,147,147,63,,58,63,0,65,,,,,
Bekasi,Bekasi Kayuringin,2026-04-30 11:00:00,63,63,33,,41,15,0,7,,,,,
Jakarta,The Pakubuwono Menteng,2026-04-30 12:00:59,108,108,42,84,,,,,46,33.2,,,
Depok,Cinere - Nafas,2026-04-30 12:01:05,104,104,42,80,,,,,0,0,,,
Bogor,Kabupaten Bogor Leuwiliang,2026-04-30 11:00:00,80,79,42,,4,9,0,80,,,,,
Tangerang,Tangerang Pasir Jaya,2026-04-30 11:00:00,147,147,63,,58,63,0,65,,,,,
Bekasi,Bekasi Kayuringin,2026-04-30 11:00:00,63,63,33,,41,15,0,7,,,,,
Jakarta,The Pakubuwono Menteng,2026-04-30 12:01:59,114,114,45,84,,,,,46,33.2,,,
Depok,Cinere - Nafas,2026-04-30 12:02:05,114,114,44,84,,,,,0,0,,,
Bogor,Kabupaten Bogor Leuwiliang,2026-04-30 11:00:00,80,79,42,,4,9,0,80,,,,,
Tangerang,Tangerang Pasir Jaya,2026-04-30 11:00:00,147,147,63,,58,63,0,65,,,,,
Bekasi,Bekasi Kayuringin,2026-04-30 11:00:00,63,63,33,,41,15,0,7,,,,,
Jakarta,The Pakubuwono Menteng,2026-04-30 12:02:59,115,115,44,87,,,,,46,33.2,,,
Depok,Cinere - Nafas,2026-04-30 12:03:05,109,109,43,83,,,,,0,0,,,
Bogor,Kabupaten Bogor Leuwiliang,2026-04-30 11:00:00,80,79,42,,4,9,0,80,,,,,
Tangerang,Tangerang Pasir Jaya,2026-04-30 11:00:00,147,147,63,,58,63,0,65,,,,,
Bekasi,Bekasi Kayuringin,2026-04-30 11:00:00,63,63,33,,41,15,0,7,,,,,
Jakarta,The Pakubuwono Menteng,2026-04-30 12:03:59,106,106,40,82,,,,,46,33.3,,,
Depok,Cinere - Nafas,2026-04-30 12:04:05,97,97,35,73,,,,,0,0,,,
Bogor,Kabupaten Bogor Leuwiliang,2026-04-30 11:00:00,80,79,42,,4,9,0,80,,,,,
Tangerang,Tangerang Pasir Jaya,2026-04-30 11:00:00,147,147,63,,58,63,0,65,,,,,
Bekasi,Bekasi Kayuringin,2026-04-30 11:00:00,63,63,33,,41,15,0,7,,,,,
Jakarta,The Pakubuwono Menteng,2026-04-30 12:03:59,106,106,40,82,,,,,46,33.3,,,
Depok,Cinere - Nafas,2026-04-30 12:04:05,97,97,35,73,,,,,0,0,,,
Bogor,Kabupaten Bogor Leuwiliang,2026-04-30 11:00:00,80,79,42,,4,9,0,80,,,,,
Tangerang,Tangerang Pasir Jaya,2026-04-30 11:00:00,147,147,63,,58,63,0,65,,,,,
Bekasi,Bekasi Kayuringin,2026-04-30 11:00:00,63,63,33,,41,15,0,7,,,,,
Jakarta,The Pakubuwono Menteng,2026-04-30 12:05:59,111,111,44,84,,,,,47,33.4,,,
Depok,Cinere - Nafas,2026-04-30 12:06:06,82,82,25,68,,,,,0,0,,,
Bogor,Kabupaten Bogor Leuwiliang,2026-04-30 11:00:00,80,79,42,,4,9,0,80,,,,,
Tangerang,Tangerang Pasir Jaya,2026-04-30 11:00:00,147,147,63,,58,63,0,65,,,,,
Bekasi,Bekasi Kayuringin,2026-04-30 11:00:00,63,63,33,,41,15,0,7,,,,,
Jakarta,The Pakubuwono Menteng,2026-04-30 12:06:59,115,115,45,83,,,,,46,33.4,,,
Depok,Cinere - Nafas,2026-04-30 12:07:05,87,87,30,70,,,,,0,0,,,
Bogor,Kabupaten Bogor Leuwiliang,2026-04-30 11:00:00,80,79,42,,4,9,0,80,,,,,
Tangerang,Tangerang Pasir Jaya,2026-04-30 11:00:00,147,147,63,,58,63,0,65,,,,,
Bekasi,Bekasi Kayuringin,2026-04-30 11:00:00,63,63,33,,41,15,0,7,,,,,
Jakarta,The Pakubuwono Menteng,2026-04-30 12:07:59,116,116,47,86,,,,,45,33.4,,,
Depok,Cinere - Nafas,2026-04-30 12:08:05,74,74,22,62,,,,,0,0,,,
Bogor,Kabupaten Bogor Leuwiliang,2026-04-30 11:00:00,80,79,42,,4,9,0,80,,,,,
Tangerang,Tangerang Pasir Jaya,2026-04-30 11:00:00,147,147,63,,58,63,0,65,,,,,
Bekasi,Bekasi Kayuringin,2026-04-30 11:00:00,63,63,33,,41,15,0,7,,,,,
Jakarta,The Pakubuwono Menteng,2026-04-30 12:10:00,113,113,44,84,,,,,45,33.4,,,
Depok,Cinere - Nafas,2026-04-30 12:10:06,74,74,22,62,,,,,0,0,,,
Bogor,Kabupaten Bogor Leuwiliang,2026-04-30 12:00:00,80,78,41,,4,9,0,80,,,,,
Tangerang,Tangerang Pasir Jaya,2026-04-30 12:00:00,146,146,63,,58,63,0,65,,,,,
Bekasi,Bekasi Kayuringin,2026-04-30 12:00:00,63,63,33,,40,15,0,7,,,,,
Jakarta,The Pakubuwono Menteng,2026-04-30 12:11:00,112,112,42,85,,,,,45,33.5,,,
Depok,Cinere - Nafas,2026-04-30 12:11:06,101,101,37,76,,,,,0,0,,,
Bogor,Kabupaten Bogor Leuwiliang,2026-04-30 12:00:00,80,78,41,,4,9,0,80,,,,,
Tangerang,Tangerang Pasir Jaya,2026-04-30 12:00:00,146,146,63,,58,63,0,65,,,,,
Bekasi,Bekasi Kayuringin,2026-04-30 12:00:00,63,63,33,,40,15,0,7,,,,,
Jakarta,The Pakubuwono Menteng,2026-04-30 12:12:00,103,103,42,78,,,,,45,33.5,,,
Depok,Cinere - Nafas,2026-04-30 12:12:05,89,89,31,69,,,,,0,0,,,
Bogor,Kabupaten Bogor Leuwiliang,2026-04-30 12:00:00,80,78,41,,4,9,0,80,,,,,
Tangerang,Tangerang Pasir Jaya,2026-04-30 12:00:00,146,146,63,,58,63,0,65,,,,,
Bekasi,Bekasi Kayuringin,2026-04-30 12:00:00,63,63,33,,40,15,0,7,,,,,
Jakarta,The Pakubuwono Menteng,2026-04-30 12:14:00,115,115,45,84,,,,,45,33.5,,,
Depok,Cinere - Nafas,2026-04-30 12:14:05,96,96,36,73,,,,,0,0,,,
Bogor,Kabupaten Bogor Leuwiliang,2026-04-30 12:00:00,80,78,41,,4,9,0,80,,,,,
Tangerang,Tangerang Pasir Jaya,2026-04-30 12:00:00,146,146,63,,58,63,0,65,,,,,
Bekasi,Bekasi Kayuringin,2026-04-30 12:00:00,63,63,33,,40,15,0,7,,,,,
Jakarta,The Pakubuwono Menteng,2026-04-30 12:15:00,113,113,45,85,,,,,46,33.4,,,
Depok,Cinere - Nafas,2026-04-30 12:15:05,90,90,30,68,,,,,0,0,,,
Bogor,Kabupaten Bogor Leuwiliang,2026-04-30 12:00:00,80,78,41,,4,9,0,80,,,,,
Tangerang,Tangerang Pasir Jaya,2026-04-30 12:00:00,146,146,63,,58,63,0,65,,,,,
Bekasi,Bekasi Kayuringin,2026-04-30 12:00:00,63,63,33,,40,15,0,7,,,,,
Jakarta,The Pakubuwono Menteng,2026-04-30 12:16:00,108,108,42,83,,,,,46,33.5,,,
Depok,Cinere - Nafas,2026-04-30 12:16:06,87,87,30,70,,,,,0,0,,,
Bogor,Kabupaten Bogor Leuwiliang,2026-04-30 12:00:00,80,78,41,,4,9,0,80,,,,,
Tangerang,Tangerang Pasir Jaya,2026-04-30 12:00:00,146,146,63,,58,63,0,65,,,,,
Bekasi,Bekasi Kayuringin,2026-04-30 12:00:00,63,63,33,,40,15,0,7,,,,,
Jakarta,The Pakubuwono Menteng,2026-04-30 12:16:00,108,108,42,83,,,,,46,33.5,,,
Depok,Cinere - Nafas,2026-04-30 12:16:06,87,87,30,70,,,,,0,0,,,
Bogor,Kabupaten Bogor Leuwiliang,2026-04-30 12:00:00,80,78,41,,4,9,0,80,,,,,
Tangerang,Tangerang Pasir Jaya,2026-04-30 12:00:00,146,146,63,,58,63,0,65,,,,,
Bekasi,Bekasi Kayuringin,2026-04-30 12:00:00,63,63,33,,40,15,0,7,,,,,
Jakarta,The Pakubuwono Menteng,2026-04-30 12:17:00,112,112,43,83,,,,,46,33.5,,,
Depok,Cinere - Nafas,2026-04-30 12:17:06,92,92,31,73,,,,,0,0,,,
Bogor,Kabupaten Bogor Leuwiliang,2026-04-30 12:00:00,80,78,41,,4,9,0,80,,,,,
Tangerang,Tangerang Pasir Jaya,2026-04-30 12:00:00,146,146,63,,58,63,0,65,,,,,
Bekasi,Bekasi Kayuringin,2026-04-30 12:00:00,63,63,33,,40,15,0,7,,,,,
Jakarta,The Pakubuwono Menteng,2026-04-30 12:18:00,113,113,44,84,,,,,45,33.5,,,
Depok,Cinere - Nafas,2026-04-30 12:20:06,88,88,30,71,,,,,0,0,,,
Bogor,Kabupaten Bogor Leuwiliang,2026-04-30 12:00:00,80,78,41,,4,9,0,80,,,,,
Tangerang,Tangerang Pasir Jaya,2026-04-30 12:00:00,146,146,63,,58,63,0,65,,,,,
Bekasi,Bekasi Kayuringin,2026-04-30 12:00:00,63,63,33,,40,15,0,7,,,,,
Jakarta,The Pakubuwono Menteng,2026-04-30 12:21:00,113,113,44,84,,,,,45,33.4,,,
Depok,Cinere - Nafas,2026-04-30 12:21:06,86,86,28,68,,,,,0,0,,,
Bogor,Kabupaten Bogor Leuwiliang,2026-04-30 12:00:00,80,78,41,,4,9,0,80,,,,,
Tangerang,Tangerang Pasir Jaya,2026-04-30 12:00:00,146,146,63,,58,63,0,65,,,,,
Bekasi,Bekasi Kayuringin,2026-04-30 12:00:00,63,63,33,,40,15,0,7,,,,,
Jakarta,The Pakubuwono Menteng,2026-04-30 12:22:00,115,115,45,85,,,,,45,33.5,,,
Depok,Cinere - Nafas,2026-04-30 12:22:06,85,85,27,68,,,,,0,0,,,
Bogor,Kabupaten Bogor Leuwiliang,2026-04-30 12:00:00,80,78,41,,4,9,0,80,,,,,
Tangerang,Tangerang Pasir Jaya,2026-04-30 12:00:00,146,146,63,,58,63,0,65,,,,,
Bekasi,Bekasi Kayuringin,2026-04-30 12:00:00,63,63,33,,40,15,0,7,,,,,
Jakarta,The Pakubuwono Menteng,2026-04-30 12:23:00,121,121,50,89,,,,,45,33.5,,,
Depok,Cinere - Nafas,2026-04-30 12:23:06,79,79,25,66,,,,,0,0,,,
Bogor,Kabupaten Bogor Leuwiliang,2026-04-30 12:00:00,80,78,41,,4,9,0,80,,,,,
Tangerang,Tangerang Pasir Jaya,2026-04-30 12:00:00,146,146,63,,58,63,0,65,,,,,
Bekasi,Bekasi Kayuringin,2026-04-30 12:00:00,63,63,33,,40,15,0,7,,,,,
Jakarta,The Pakubuwono Menteng,2026-04-30 12:24:00,122,122,49,91,,,,,45,33.5,,,
Depok,Cinere - Nafas,2026-04-30 12:24:06,81,81,26,66,,,,,0,0,,,
Bogor,Kabupaten Bogor Leuwiliang,2026-04-30 12:00:00,80,78,41,,4,9,0,80,,,,,
Tangerang,Tangerang Pasir Jaya,2026-04-30 12:00:00,146,146,63,,58,63,0,65,,,,,
Bekasi,Bekasi Kayuringin,2026-04-30 12:00:00,63,63,33,,40,15,0,7,,,,,
Jakarta,The Pakubuwono Menteng,2026-04-30 12:25:00,116,116,47,88,,,,,45,33.5,,,
Depok,Cinere - Nafas,2026-04-30 12:25:06,77,77,23,62,,,,,0,0,,,
Bogor,Kabupaten Bogor Leuwiliang,2026-04-30 12:00:00,80,78,41,,4,9,0,80,,,,,
Tangerang,Tangerang Pasir Jaya,2026-04-30 12:00:00,146,146,63,,58,63,0,65,,,,,
Bekasi,Bekasi Kayuringin,2026-04-30 12:00:00,63,63,33,,40,15,0,7,,,,,
Jakarta,The Pakubuwono Menteng,2026-04-30 12:27:00,112,112,45,85,,,,,45,33.5,,,
Depok,Cinere - Nafas,2026-04-30 12:27:06,80,80,26,63,,,,,0,0,,,
Bogor,Kabupaten Bogor Leuwiliang,2026-04-30 12:00:00,80,78,41,,4,9,0,80,,,,,
Tangerang,Tangerang Pasir Jaya,2026-04-30 12:00:00,146,146,63,,58,63,0,65,,,,,
Bekasi,Bekasi Kayuringin,2026-04-30 12:00:00,63,63,33,,40,15,0,7,,,,,
Jakarta,The Pakubuwono Menteng,2026-04-30 12:28:00,116,116,45,86,,,,,45,33.5,,,
Depok,Cinere - Nafas,2026-04-30 12:28:06,84,84,27,64,,,,,0,0,,,
Bogor,Kabupaten Bogor Leuwiliang,2026-04-30 12:00:00,80,78,41,,4,9,0,80,,,,,
Tangerang,Tangerang Pasir Jaya,2026-04-30 12:00:00,146,146,63,,58,63,0,65,,,,,
Bekasi,Bekasi Kayuringin,2026-04-30 12:00:00,63,63,33,,40,15,0,7,,,,,
Jakarta,The Pakubuwono Menteng,2026-04-30 12:30:00,107,107,41,83,,,,,46,33.5,,,
Depok,Cinere - Nafas,2026-04-30 12:30:06,91,91,32,71,,,,,0,0,,,
Bogor,Kabupaten Bogor Leuwiliang,2026-04-30 12:00:00,80,78,41,,4,9,0,80,,,,,
Tangerang,Tangerang Pasir Jaya,2026-04-30 12:00:00,146,146,63,,58,63,0,65,,,,,
Bekasi,Bekasi Kayuringin,2026-04-30 12:00:00,63,63,33,,40,15,0,7,,,,,
Jakarta,The Pakubuwono Menteng,2026-04-30 12:30:00,107,107,41,83,,,,,46,33.5,,,
Depok,Cinere - Nafas,2026-04-30 12:30:06,91,91,32,71,,,,,0,0,,,
Bogor,Kabupaten Bogor Leuwiliang,2026-04-30 12:00:00,80,78,41,,4,9,0,80,,,,,
Tangerang,Tangerang Pasir Jaya,2026-04-30 12:00:00,146,146,63,,58,63,0,65,,,,,
Bekasi,Bekasi Kayuringin,2026-04-30 12:00:00,63,63,33,,40,15,0,7,,,,,
Jakarta,The Pakubuwono Menteng,2026-04-30 12:31:00,102,102,37,80,,,,,46,33.5,,,
Depok,Cinere - Nafas,2026-04-30 12:31:06,87,87,30,70,,,,,0,0,,,
Bogor,Kabupaten Bogor Leuwiliang,2026-04-30 12:00:00,80,78,41,,4,9,0,80,,,,,
Tangerang,Tangerang Pasir Jaya,2026-04-30 12:00:00,146,146,63,,58,63,0,65,,,,,
Bekasi,Bekasi Kayuringin,2026-04-30 12:00:00,63,63,33,,40,15,0,7,,,,,
Jakarta,The Pakubuwono Menteng,2026-04-30 12:32:00,99,99,38,79,,,,,46,33.5,,,
Depok,Cinere - Nafas,2026-04-30 12:32:06,96,96,37,75,,,,,0,0,,,
Bogor,Kabupaten Bogor Leuwiliang,2026-04-30 12:00:00,80,78,41,,4,9,0,80,,,,,
Tangerang,Tangerang Pasir Jaya,2026-04-30 12:00:00,146,146,63,,58,63,0,65,,,,,
Bekasi,Bekasi Kayuringin,2026-04-30 12:00:00,63,63,33,,40,15,0,7,,,,,
Jakarta,The Pakubuwono Menteng,2026-04-30 12:34:00,121,121,47,90,,,,,46,33.5,,,
Depok,Cinere - Nafas,2026-04-30 12:34:06,100,100,37,77,,,,,0,0,,,
Bogor,Kabupaten Bogor Leuwiliang,2026-04-30 12:00:00,80,78,41,,4,9,0,80,,,,,
Tangerang,Tangerang Pasir Jaya,2026-04-30 12:00:00,146,146,63,,58,63,0,65,,,,,
Bekasi,Bekasi Kayuringin,2026-04-30 12:00:00,63,63,33,,40,15,0,7,,,,,
Jakarta,The Pakubuwono Menteng,2026-04-30 12:35:00,121,121,48,89,,,,,46,33.5,,,
Depok,Cinere - Nafas,2026-04-30 12:35:06,101,101,38,75,,,,,0,0,,,
Bogor,Kabupaten Bogor Leuwiliang,2026-04-30 12:00:00,80,78,41,,4,9,0,80,,,,,
Tangerang,Tangerang Pasir Jaya,2026-04-30 12:00:00,146,146,63,,58,63,0,65,,,,,
Bekasi,Bekasi Kayuringin,2026-04-30 12:00:00,63,63,33,,40,15,0,7,,,,,
Jakarta,The Pakubuwono Menteng,2026-04-30 12:36:00,118,118,47,88,,,,,45,33.5,,,
Depok,Cinere - Nafas,2026-04-30 12:36:06,113,113,44,81,,,,,0,0,,,
Bogor,Kabupaten Bogor Leuwiliang,2026-04-30 12:00:00,80,78,41,,4,9,0,80,,,,,
Tangerang,Tangerang Pasir Jaya,2026-04-30 12:00:00,146,146,63,,58,63,0,65,,,,,
Bekasi,Bekasi Kayuringin,2026-04-30 12:00:00,63,63,33,,40,15,0,7,,,,,
Jakarta,The Pakubuwono Menteng,2026-04-30 12:37:00,122,122,48,89,,,,,45,33.5,,,
Depok,Cinere - Nafas,2026-04-30 12:37:06,102,102,38,79,,,,,0,0,,,
Bogor,Kabupaten Bogor Leuwiliang,2026-04-30 12:00:00,80,78,41,,4,9,0,80,,,,,
Tangerang,Tangerang Pasir Jaya,2026-04-30 12:00:00,146,146,63,,58,63,0,65,,,,,
Bekasi,Bekasi Kayuringin,2026-04-30 12:00:00,63,63,33,,40,15,0,7,,,,,
Jakarta,The Pakubuwono Menteng,2026-04-30 12:38:00,126,126,51,90,,,,,45,33.4,,,
Depok,Cinere - Nafas,2026-04-30 12:39:06,98,98,36,77,,,,,0,0,,,
Bogor,Kabupaten Bogor Leuwiliang,2026-04-30 12:00:00,80,78,41,,4,9,0,80,,,,,
Tangerang,Tangerang Pasir Jaya,2026-04-30 12:00:00,146,146,63,,58,63,0,65,,,,,
Bekasi,Bekasi Kayuringin,2026-04-30 12:00:00,63,63,33,,40,15,0,7,,,,,
Jakarta,The Pakubuwono Menteng,2026-04-30 12:41:00,124,124,50,90,,,,,45,33.4,,,
Depok,Cinere - Nafas,2026-04-30 12:41:06,96,96,34,74,,,,,0,0,,,
Bogor,Kabupaten Bogor Leuwiliang,2026-04-30 12:00:00,80,78,41,,4,9,0,80,,,,,
Tangerang,Tangerang Pasir Jaya,2026-04-30 12:00:00,146,146,63,,58,63,0,65,,,,,
Bekasi,Bekasi Kayuringin,2026-04-30 12:00:00,63,63,33,,40,15,0,7,,,,,
Jakarta,The Pakubuwono Menteng,2026-04-30 12:42:00,126,126,51,93,,,,,46,33.4,,,
Depok,Cinere - Nafas,2026-04-30 12:42:06,98,98,37,73,,,,,0,0,,,
Bogor,Kabupaten Bogor Leuwiliang,2026-04-30 12:00:00,80,78,41,,4,9,0,80,,,,,
Tangerang,Tangerang Pasir Jaya,2026-04-30 12:00:00,146,146,63,,58,63,0,65,,,,,
Bekasi,Bekasi Kayuringin,2026-04-30 12:00:00,63,63,33,,40,15,0,7,,,,,
Jakarta,The Pakubuwono Menteng,2026-04-30 12:42:00,126,126,51,93,,,,,46,33.4,,,
Depok,Cinere - Nafas,2026-04-30 12:42:06,98,98,37,73,,,,,0,0,,,
Bogor,Kabupaten Bogor Leuwiliang,2026-04-30 12:00:00,80,78,41,,4,9,0,80,,,,,
Tangerang,Tangerang Pasir Jaya,2026-04-30 12:00:00,146,146,63,,58,63,0,65,,,,,
Bekasi,Bekasi Kayuringin,2026-04-30 12:00:00,63,63,33,,40,15,0,7,,,,,
Jakarta,The Pakubuwono Menteng,2026-04-30 12:43:00,127,127,50,94,,,,,46,33.3,,,
Depok,Cinere - Nafas,2026-04-30 12:43:06,97,97,36,74,,,,,0,0,,,
Bogor,Kabupaten Bogor Leuwiliang,2026-04-30 12:00:00,80,78,41,,4,9,0,80,,,,,
Tangerang,Tangerang Pasir Jaya,2026-04-30 12:00:00,146,146,63,,58,63,0,65,,,,,
Bekasi,Bekasi Kayuringin,2026-04-30 12:00:00,63,63,33,,40,15,0,7,,,,,
Jakarta,The Pakubuwono Menteng,2026-04-30 12:44:01,131,131,52,96,,,,,47,33.3,,,
Depok,Cinere - Nafas,2026-04-30 12:44:06,97,97,35,75,,,,,0,0,,,
Bogor,Kabupaten Bogor Leuwiliang,2026-04-30 12:00:00,80,78,41,,4,9,0,80,,,,,
Tangerang,Tangerang Pasir Jaya,2026-04-30 12:00:00,146,146,63,,58,63,0,65,,,,,
Bekasi,Bekasi Kayuringin,2026-04-30 12:00:00,63,63,33,,40,15,0,7,,,,,
Jakarta,The Pakubuwono Menteng,2026-04-30 12:45:00,130,130,52,96,,,,,47,33.3,,,
Depok,Cinere - Nafas,2026-04-30 12:45:06,98,98,35,78,,,,,0,0,,,
Bogor,Kabupaten Bogor Leuwiliang,2026-04-30 12:00:00,80,78,41,,4,9,0,80,,,,,
Tangerang,Tangerang Pasir Jaya,2026-04-30 12:00:00,146,146,63,,58,63,0,65,,,,,
Bekasi,Bekasi Kayuringin,2026-04-30 12:00:00,63,63,33,,40,15,0,7,,,,,
Jakarta,The Pakubuwono Menteng,2026-04-30 12:46:01,135,135,53,96,,,,,47,33.2,,,
Depok,Cinere - Nafas,2026-04-30 12:46:06,96,96,35,75,,,,,0,0,,,
Bogor,Kabupaten Bogor Leuwiliang,2026-04-30 12:00:00,80,78,41,,4,9,0,80,,,,,
Tangerang,Tangerang Pasir Jaya,2026-04-30 12:00:00,146,146,63,,58,63,0,65,,,,,
Bekasi,Bekasi Kayuringin,2026-04-30 12:00:00,63,63,33,,40,15,0,7,,,,,
Jakarta,The Pakubuwono Menteng,2026-04-30 12:49:00,131,131,53,96,,,,,48,32.9,,,
Depok,Cinere - Nafas,2026-04-30 12:49:06,99,99,38,78,,,,,0,0,,,
Bogor,Kabupaten Bogor Leuwiliang,2026-04-30 12:00:00,80,78,41,,4,9,0,80,,,,,
Tangerang,Tangerang Pasir Jaya,2026-04-30 12:00:00,146,146,63,,58,63,0,65,,,,,
Bekasi,Bekasi Kayuringin,2026-04-30 12:00:00,63,63,33,,40,15,0,7,,,,,
Jakarta,The Pakubuwono Menteng,2026-04-30 12:50:00,135,135,53,96,,,,,48,32.7,,,
Depok,Cinere - Nafas,2026-04-30 12:50:06,101,101,38,77,,,,,0,0,,,
Bogor,Kabupaten Bogor Leuwiliang,2026-04-30 12:00:00,80,78,41,,4,9,0,80,,,,,
Tangerang,Tangerang Pasir Jaya,2026-04-30 12:00:00,146,146,63,,58,63,0,65,,,,,
Bekasi,Bekasi Kayuringin,2026-04-30 12:00:00,63,63,33,,40,15,0,7,,,,,
Jakarta,The Pakubuwono Menteng,2026-04-30 12:51:01,135,135,53,96,,,,,48,32.59,,,
Depok,Cinere - Nafas,2026-04-30 12:51:06,101,101,38,76,,,,,0,0,,,
Bogor,Kabupaten Bogor Leuwiliang,2026-04-30 12:00:00,80,78,41,,4,9,0,80,,,,,
Tangerang,Tangerang Pasir Jaya,2026-04-30 12:00:00,146,146,63,,58,63,0,65,,,,,
Bekasi,Bekasi Kayuringin,2026-04-30 12:00:00,63,63,33,,40,15,0,7,,,,,
Jakarta,The Pakubuwono Menteng,2026-04-30 12:52:00,135,135,53,96,,,,,49,32.5,,,
Depok,Cinere - Nafas,2026-04-30 12:52:06,97,97,37,78,,,,,0,0,,,
Bogor,Kabupaten Bogor Leuwiliang,2026-04-30 12:00:00,80,78,41,,4,9,0,80,,,,,
Tangerang,Tangerang Pasir Jaya,2026-04-30 12:00:00,146,146,63,,58,63,0,65,,,,,
Bekasi,Bekasi Kayuringin,2026-04-30 12:00:00,63,63,33,,40,15,0,7,,,,,
Jakarta,The Pakubuwono Menteng,2026-04-30 12:53:00,141,141,56,98,,,,,49,32.4,,,
Depok,Cinere - Nafas,2026-04-30 12:53:06,101,101,38,78,,,,,0,0,,,
Bogor,Kabupaten Bogor Leuwiliang,2026-04-30 12:00:00,80,78,41,,4,9,0,80,,,,,
Tangerang,Tangerang Pasir Jaya,2026-04-30 12:00:00,146,146,63,,58,63,0,65,,,,,
Bekasi,Bekasi Kayuringin,2026-04-30 12:00:00,63,63,33,,40,15,0,7,,,,,
Jakarta,The Pakubuwono Menteng,2026-04-30 12:55:01,140,140,54,99,,,,,50,32.2,,,
Depok,Cinere - Nafas,2026-04-30 12:55:07,97,97,35,74,,,,,0,0,,,
Bogor,Kabupaten Bogor Leuwiliang,2026-04-30 12:00:00,80,78,41,,4,9,0,80,,,,,
Tangerang,Tangerang Pasir Jaya,2026-04-30 12:00:00,146,146,63,,58,63,0,65,,,,,
Bekasi,Bekasi Kayuringin,2026-04-30 12:00:00,63,63,33,,40,15,0,7,,,,,
Jakarta,The Pakubuwono Menteng,2026-04-30 12:55:01,140,140,54,99,,,,,50,32.2,,,
Depok,Cinere - Nafas,2026-04-30 12:55:07,97,97,35,74,,,,,0,0,,,
Bogor,Kabupaten Bogor Leuwiliang,2026-04-30 12:00:00,80,78,41,,4,9,0,80,,,,,
Tangerang,Tangerang Pasir Jaya,2026-04-30 12:00:00,146,146,63,,58,63,0,65,,,,,
Bekasi,Bekasi Kayuringin,2026-04-30 12:00:00,63,63,33,,40,15,0,7,,,,,
Jakarta,The Pakubuwono Menteng,2026-04-30 12:56:01,141,141,55,101,,,,,51,32.09,,,
Depok,Cinere - Nafas,2026-04-30 12:56:06,104,104,40,77,,,,,0,0,,,
Bogor,Kabupaten Bogor Leuwiliang,2026-04-30 12:00:00,80,78,41,,4,9,0,80,,,,,
Tangerang,Tangerang Pasir Jaya,2026-04-30 12:00:00,146,146,63,,58,63,0,65,,,,,
Bekasi,Bekasi Kayuringin,2026-04-30 12:00:00,63,63,33,,40,15,0,7,,,,,
Jakarta,The Pakubuwono Menteng,2026-04-30 12:57:01,141,141,55,101,,,,,51,32,,,
Depok,Cinere - Nafas,2026-04-30 12:57:06,109,109,42,79,,,,,0,0,,,
Bogor,Kabupaten Bogor Leuwiliang,2026-04-30 12:00:00,80,78,41,,4,9,0,80,,,,,
Tangerang,Tangerang Pasir Jaya,2026-04-30 12:00:00,146,146,63,,58,63,0,65,,,,,
Bekasi,Bekasi Kayuringin,2026-04-30 12:00:00,63,63,33,,40,15,0,7,,,,,
Jakarta,The Pakubuwono Menteng,2026-04-30 12:59:01,148,148,56,107,,,,,52,31.7,,,
Depok,Cinere - Nafas,2026-04-30 12:59:06,99,99,38,77,,,,,0,0,,,
Bogor,Kabupaten Bogor Leuwiliang,2026-04-30 12:00:00,80,78,41,,4,9,0,80,,,,,
Tangerang,Tangerang Pasir Jaya,2026-04-30 12:00:00,146,146,63,,58,63,0,65,,,,,
Bekasi,Bekasi Kayuringin,2026-04-30 12:00:00,63,63,33,,40,15,0,7,,,,,
Jakarta,The Pakubuwono Menteng,2026-04-30 13:01:01,143,143,55,102,,,,,52,31.5,,,
Depok,Cinere - Nafas,2026-04-30 13:01:06,100,100,37,75,,,,,0,0,,,
Bogor,Kabupaten Bogor Leuwiliang,2026-04-30 12:00:00,80,78,41,,4,9,0,80,,,,,
Tangerang,Tangerang Pasir Jaya,2026-04-30 12:00:00,146,146,63,,58,63,0,65,,,,,
Bekasi,Bekasi Kayuringin,2026-04-30 12:00:00,63,63,33,,40,15,0,7,,,,,
Jakarta,The Pakubuwono Menteng,2026-04-30 13:02:01,138,138,54,101,,,,,51,31.4,,,
Depok,Cinere - Nafas,2026-04-30 13:02:07,106,106,39,77,,,,,0,0,,,
Bogor,Kabupaten Bogor Leuwiliang,2026-04-30 12:00:00,80,78,41,,4,9,0,80,,,,,
Tangerang,Tangerang Pasir Jaya,2026-04-30 12:00:00,146,146,63,,58,63,0,65,,,,,
Bekasi,Bekasi Kayuringin,2026-04-30 12:00:00,63,63,33,,40,15,0,7,,,,,
Jakarta,The Pakubuwono Menteng,2026-04-30 13:03:01,141,141,55,101,,,,,51,31.3,,,
Depok,Cinere - Nafas,2026-04-30 13:03:06,110,110,42,82,,,,,0,0,,,
Bogor,Kabupaten Bogor Leuwiliang,2026-04-30 12:00:00,80,78,41,,4,9,0,80,,,,,
Tangerang,Tangerang Pasir Jaya,2026-04-30 12:00:00,146,146,63,,58,63,0,65,,,,,
Bekasi,Bekasi Kayuringin,2026-04-30 12:00:00,63,63,33,,40,15,0,7,,,,,
Jakarta,The Pakubuwono Menteng,2026-04-30 13:04:01,137,137,53,97,,,,,51,31.2,,,
Depok,Cinere - Nafas,2026-04-30 13:04:06,101,101,38,78,,,,,0,0,,,
Bogor,Kabupaten Bogor Leuwiliang,2026-04-30 12:00:00,80,78,41,,4,9,0,80,,,,,
Tangerang,Tangerang Pasir Jaya,2026-04-30 12:00:00,146,146,63,,58,63,0,65,,,,,
Bekasi,Bekasi Kayuringin,2026-04-30 12:00:00,63,63,33,,40,15,0,7,,,,,
Jakarta,The Pakubuwono Menteng,2026-04-30 13:05:01,133,133,52,95,,,,,51,31.2,,,
Depok,Cinere - Nafas,2026-04-30 13:05:06,100,100,40,78,,,,,0,0,,,
Bogor,Kabupaten Bogor Leuwiliang,2026-04-30 12:00:00,80,78,41,,4,9,0,80,,,,,
Tangerang,Tangerang Pasir Jaya,2026-04-30 12:00:00,146,146,63,,58,63,0,65,,,,,
Bekasi,Bekasi Kayuringin,2026-04-30 12:00:00,63,63,33,,40,15,0,7,,,,,
Jakarta,The Pakubuwono Menteng,2026-04-30 13:06:01,132,132,52,97,,,,,51,31.1,,,
Depok,Cinere - Nafas,2026-04-30 13:06:06,99,99,37,77,,,,,0,0,,,
Bogor,Kabupaten Bogor Leuwiliang,2026-04-30 12:00:00,80,78,41,,4,9,0,80,,,,,
Tangerang,Tangerang Pasir Jaya,2026-04-30 12:00:00,146,146,63,,58,63,0,65,,,,,
Bekasi,Bekasi Kayuringin,2026-04-30 12:00:00,63,63,33,,40,15,0,7,,,,,
Jakarta,The Pakubuwono Menteng,2026-04-30 13:07:04,133,133,53,96,,,,,51,31,,,
Depok,Cinere - Nafas,2026-04-30 13:07:06,97,97,37,74,,,,,0,0,,,
Bogor,Kabupaten Bogor Leuwiliang,2026-04-30 12:00:00,80,78,41,,4,9,0,80,,,,,
Tangerang,Tangerang Pasir Jaya,2026-04-30 12:00:00,146,146,63,,58,63,0,65,,,,,
Bekasi,Bekasi Kayuringin,2026-04-30 12:00:00,63,63,33,,40,15,0,7,,,,,
Jakarta,The Pakubuwono Menteng,2026-04-30 13:09:01,135,135,52,96,,,,,51,30.9,,,
Depok,Cinere - Nafas,2026-04-30 13:09:06,114,114,45,87,,,,,0,0,,,
Bogor,Kabupaten Bogor Leuwiliang,2026-04-30 13:00:00,80,77,40,,4,9,0,80,,,,,
Tangerang,Tangerang Pasir Jaya,2026-04-30 13:00:00,147,147,63,,58,63,0,65,,,,,
Bekasi,Bekasi Kayuringin,2026-04-30 13:00:00,63,63,33,,39,15,0,7,,,,,
Jakarta,The Pakubuwono Menteng,2026-04-30 13:10:01,131,131,53,96,,,,,51,30.9,,,
Depok,Cinere - Nafas,2026-04-30 13:10:06,99,99,39,77,,,,,0,0,,,
Bogor,Kabupaten Bogor Leuwiliang,2026-04-30 13:00:00,80,77,40,,4,9,0,80,,,,,
Tangerang,Tangerang Pasir Jaya,2026-04-30 13:00:00,147,147,63,,58,63,0,65,,,,,
Bekasi,Bekasi Kayuringin,2026-04-30 13:00:00,63,63,33,,39,15,0,7,,,,,
Jakarta,The Pakubuwono Menteng,2026-04-30 13:11:01,135,135,52,95,,,,,51,30.8,,,
Depok,Cinere - Nafas,2026-04-30 13:11:06,101,101,39,79,,,,,0,0,,,
Bogor,Kabupaten Bogor Leuwiliang,2026-04-30 13:00:00,80,77,40,,4,9,0,80,,,,,
Tangerang,Tangerang Pasir Jaya,2026-04-30 13:00:00,147,147,63,,58,63,0,65,,,,,
Bekasi,Bekasi Kayuringin,2026-04-30 13:00:00,63,63,33,,39,15,0,7,,,,,
Jakarta,The Pakubuwono Menteng,2026-04-30 13:12:01,132,132,53,97,,,,,51,30.9,,,
Depok,Cinere - Nafas,2026-04-30 13:12:06,108,108,42,83,,,,,0,0,,,
Bogor,Kabupaten Bogor Leuwiliang,2026-04-30 13:00:00,80,77,40,,4,9,0,80,,,,,
Tangerang,Tangerang Pasir Jaya,2026-04-30 13:00:00,147,147,63,,58,63,0,65,,,,,
Bekasi,Bekasi Kayuringin,2026-04-30 13:00:00,63,63,33,,39,15,0,7,,,,,
Jakarta,The Pakubuwono Menteng,2026-04-30 13:13:02,129,129,52,94,,,,,51,30.8,,,
Depok,Cinere - Nafas,2026-04-30 13:13:07,106,106,40,79,,,,,0,0,,,
Bogor,Kabupaten Bogor Leuwiliang,2026-04-30 13:00:00,80,77,40,,4,9,0,80,,,,,
Tangerang,Tangerang Pasir Jaya,2026-04-30 13:00:00,147,147,63,,58,63,0,65,,,,,
Bekasi,Bekasi Kayuringin,2026-04-30 13:00:00,63,63,33,,39,15,0,7,,,,,
Jakarta,The Pakubuwono Menteng,2026-04-30 13:15:03,134,134,52,95,,,,,51,30.8,,,
Depok,Cinere - Nafas,2026-04-30 13:15:07,100,100,38,77,,,,,0,0,,,
Bogor,Kabupaten Bogor Leuwiliang,2026-04-30 13:00:00,80,77,40,,4,9,0,80,,,,,
Tangerang,Tangerang Pasir Jaya,2026-04-30 13:00:00,147,147,63,,58,63,0,65,,,,,
Bekasi,Bekasi Kayuringin,2026-04-30 13:00:00,63,63,33,,39,15,0,7,,,,,
Jakarta,The Pakubuwono Menteng,2026-04-30 13:16:01,132,132,53,97,,,,,51,30.8,,,
Depok,Cinere - Nafas,2026-04-30 13:16:07,102,102,40,79,,,,,0,0,,,
Bogor,Kabupaten Bogor Leuwiliang,2026-04-30 13:00:00,80,77,40,,4,9,0,80,,,,,
Tangerang,Tangerang Pasir Jaya,2026-04-30 13:00:00,147,147,63,,58,63,0,65,,,,,
Bekasi,Bekasi Kayuringin,2026-04-30 13:00:00,63,63,33,,39,15,0,7,,,,,
Jakarta,The Pakubuwono Menteng,2026-04-30 13:17:01,132,132,52,94,,,,,51,30.8,,,
Depok,Cinere - Nafas,2026-04-30 13:17:07,106,106,40,81,,,,,0,0,,,
Bogor,Kabupaten Bogor Leuwiliang,2026-04-30 13:00:00,80,77,40,,4,9,0,80,,,,,
Tangerang,Tangerang Pasir Jaya,2026-04-30 13:00:00,147,147,63,,58,63,0,65,,,,,
Bekasi,Bekasi Kayuringin,2026-04-30 13:00:00,63,63,33,,39,15,0,7,,,,,
Jakarta,The Pakubuwono Menteng,2026-04-30 13:19:01,124,124,50,93,,,,,51,30.8,,,
Depok,Cinere - Nafas,2026-04-30 13:19:07,98,98,39,78,,,,,0,0,,,
Bogor,Kabupaten Bogor Leuwiliang,2026-04-30 13:00:00,80,77,40,,4,9,0,80,,,,,
Tangerang,Tangerang Pasir Jaya,2026-04-30 13:00:00,147,147,63,,58,63,0,65,,,,,
Bekasi,Bekasi Kayuringin,2026-04-30 13:00:00,63,63,33,,39,15,0,7,,,,,
Jakarta,The Pakubuwono Menteng,2026-04-30 13:20:01,129,129,52,94,,,,,51,30.8,,,
Depok,Cinere - Nafas,2026-04-30 13:20:07,102,102,38,79,,,,,0,0,,,
Bogor,Kabupaten Bogor Leuwiliang,2026-04-30 13:00:00,80,77,40,,4,9,0,80,,,,,
Tangerang,Tangerang Pasir Jaya,2026-04-30 13:00:00,147,147,63,,58,63,0,65,,,,,
Bekasi,Bekasi Kayuringin,2026-04-30 13:00:00,63,63,33,,39,15,0,7,,,,,
Jakarta,The Pakubuwono Menteng,2026-04-30 13:20:01,129,129,52,94,,,,,51,30.8,,,
Depok,Cinere - Nafas,2026-04-30 13:20:07,102,102,38,79,,,,,0,0,,,
Bogor,Kabupaten Bogor Leuwiliang,2026-04-30 13:00:00,80,77,40,,4,9,0,80,,,,,
Tangerang,Tangerang Pasir Jaya,2026-04-30 13:00:00,147,147,63,,58,63,0,65,,,,,
Bekasi,Bekasi Kayuringin,2026-04-30 13:00:00,63,63,33,,39,15,0,7,,,,,
Jakarta,The Pakubuwono Menteng,2026-04-30 13:22:01,129,129,52,91,,,,,51,30.9,,,
Depok,Cinere - Nafas,2026-04-30 13:22:07,99,99,36,74,,,,,0,0,,,
Bogor,Kabupaten Bogor Leuwiliang,2026-04-30 13:00:00,80,77,40,,4,9,0,80,,,,,
Tangerang,Tangerang Pasir Jaya,2026-04-30 13:00:00,147,147,63,,58,63,0,65,,,,,
Bekasi,Bekasi Kayuringin,2026-04-30 13:00:00,63,63,33,,39,15,0,7,,,,,
Jakarta,The Pakubuwono Menteng,2026-04-30 13:23:02,128,128,50,95,,,,,52,30.9,,,
Depok,Cinere - Nafas,2026-04-30 13:23:07,103,103,39,77,,,,,0,0,,,
Bogor,Kabupaten Bogor Leuwiliang,2026-04-30 13:00:00,80,77,40,,4,9,0,80,,,,,
Tangerang,Tangerang Pasir Jaya,2026-04-30 13:00:00,147,147,63,,58,63,0,65,,,,,
Bekasi,Bekasi Kayuringin,2026-04-30 13:00:00,63,63,33,,39,15,0,7,,,,,
Jakarta,The Pakubuwono Menteng,2026-04-30 13:24:02,123,123,49,89,,,,,52,30.9,,,
Depok,Cinere - Nafas,2026-04-30 13:24:08,104,104,39,77,,,,,0,0,,,
Bogor,Kabupaten Bogor Leuwiliang,2026-04-30 13:00:00,80,77,40,,4,9,0,80,,,,,
Tangerang,Tangerang Pasir Jaya,2026-04-30 13:00:00,147,147,63,,58,63,0,65,,,,,
Bekasi,Bekasi Kayuringin,2026-04-30 13:00:00,63,63,33,,39,15,0,7,,,,,
Jakarta,The Pakubuwono Menteng,2026-04-30 13:25:02,124,124,50,89,,,,,53,30.9,,,
Depok,Cinere - Nafas,2026-04-30 13:25:07,104,104,40,77,,,,,0,0,,,
Bogor,Kabupaten Bogor Leuwiliang,2026-04-30 13:00:00,80,77,40,,4,9,0,80,,,,,
Tangerang,Tangerang Pasir Jaya,2026-04-30 13:00:00,147,147,63,,58,63,0,65,,,,,
Bekasi,Bekasi Kayuringin,2026-04-30 13:00:00,63,63,33,,39,15,0,7,,,,,
Jakarta,The Pakubuwono Menteng,2026-04-30 13:26:01,122,122,49,89,,,,,53,30.9,,,
Depok,Cinere - Nafas,2026-04-30 13:26:07,102,102,39,77,,,,,0,0,,,
Bogor,Kabupaten Bogor Leuwiliang,2026-04-30 13:00:00,80,77,40,,4,9,0,80,,,,,
Tangerang,Tangerang Pasir Jaya,2026-04-30 13:00:00,147,147,63,,58,63,0,65,,,,,
Bekasi,Bekasi Kayuringin,2026-04-30 13:00:00,63,63,33,,39,15,0,7,,,,,
Jakarta,The Pakubuwono Menteng,2026-04-30 13:28:01,117,117,48,86,,,,,54,30.9,,,
Depok,Cinere - Nafas,2026-04-30 13:28:07,101,101,38,76,,,,,0,0,,,
Bogor,Kabupaten Bogor Leuwiliang,2026-04-30 13:00:00,80,77,40,,4,9,0,80,,,,,
Tangerang,Tangerang Pasir Jaya,2026-04-30 13:00:00,147,147,63,,58,63,0,65,,,,,
Bekasi,Bekasi Kayuringin,2026-04-30 13:00:00,63,63,33,,39,15,0,7,,,,,
Jakarta,The Pakubuwono Menteng,2026-04-30 13:30:01,115,115,45,85,,,,,54,30.9,,,
Depok,Cinere - Nafas,2026-04-30 13:30:07,101,101,40,79,,,,,0,0,,,
Bogor,Kabupaten Bogor Leuwiliang,2026-04-30 13:00:00,80,77,40,,4,9,0,80,,,,,
Tangerang,Tangerang Pasir Jaya,2026-04-30 13:00:00,147,147,63,,58,63,0,65,,,,,
Bekasi,Bekasi Kayuringin,2026-04-30 13:00:00,63,63,33,,39,15,0,7,,,,,
Jakarta,The Pakubuwono Menteng,2026-04-30 13:31:02,113,113,45,85,,,,,55,30.8,,,
Depok,Cinere - Nafas,2026-04-30 13:31:07,103,103,40,77,,,,,0,0,,,
Bogor,Kabupaten Bogor Leuwiliang,2026-04-30 13:00:00,80,77,40,,4,9,0,80,,,,,
Tangerang,Tangerang Pasir Jaya,2026-04-30 13:00:00,147,147,63,,58,63,0,65,,,,,
Bekasi,Bekasi Kayuringin,2026-04-30 13:00:00,63,63,33,,39,15,0,7,,,,,
Jakarta,The Pakubuwono Menteng,2026-04-30 13:32:01,114,114,45,84,,,,,55,30.8,,,
Depok,Cinere - Nafas,2026-04-30 13:32:07,101,101,40,79,,,,,0,0,,,
Bogor,Kabupaten Bogor Leuwiliang,2026-04-30 13:00:00,80,77,40,,4,9,0,80,,,,,
Tangerang,Tangerang Pasir Jaya,2026-04-30 13:00:00,147,147,63,,58,63,0,65,,,,,
Bekasi,Bekasi Kayuringin,2026-04-30 13:00:00,63,63,33,,39,15,0,7,,,,,
Jakarta,The Pakubuwono Menteng,2026-04-30 13:33:01,114,114,45,86,,,,,55,30.8,,,
Depok,Cinere - Nafas,2026-04-30 13:33:07,99,99,37,76,,,,,0,0,,,
Bogor,Kabupaten Bogor Leuwiliang,2026-04-30 13:00:00,80,77,40,,4,9,0,80,,,,,
Tangerang,Tangerang Pasir Jaya,2026-04-30 13:00:00,147,147,63,,58,63,0,65,,,,,
Bekasi,Bekasi Kayuringin,2026-04-30 13:00:00,63,63,33,,39,15,0,7,,,,,
Jakarta,The Pakubuwono Menteng,2026-04-30 13:33:01,114,114,45,86,,,,,55,30.8,,,
Depok,Cinere - Nafas,2026-04-30 13:33:07,99,99,37,76,,,,,0,0,,,
Bogor,Kabupaten Bogor Leuwiliang,2026-04-30 13:00:00,80,77,40,,4,9,0,80,,,,,
Tangerang,Tangerang Pasir Jaya,2026-04-30 13:00:00,147,147,63,,58,63,0,65,,,,,
Bekasi,Bekasi Kayuringin,2026-04-30 13:00:00,63,63,33,,39,15,0,7,,,,,
Jakarta,The Pakubuwono Menteng,2026-04-30 13:34:02,119,119,46,86,,,,,55,30.9,,,
Depok,Cinere - Nafas,2026-04-30 13:34:07,98,98,38,77,,,,,0,0,,,
Bogor,Kabupaten Bogor Leuwiliang,2026-04-30 13:00:00,80,77,40,,4,9,0,80,,,,,
Tangerang,Tangerang Pasir Jaya,2026-04-30 13:00:00,147,147,63,,58,63,0,65,,,,,
Bekasi,Bekasi Kayuringin,2026-04-30 13:00:00,63,63,33,,39,15,0,7,,,,,
Jakarta,The Pakubuwono Menteng,2026-04-30 13:36:02,123,123,49,89,,,,,56,30.9,,,
Depok,Cinere - Nafas,2026-04-30 13:36:07,100,100,38,77,,,,,0,0,,,
Bogor,Kabupaten Bogor Leuwiliang,2026-04-30 13:00:00,80,77,40,,4,9,0,80,,,,,
Tangerang,Tangerang Pasir Jaya,2026-04-30 13:00:00,147,147,63,,58,63,0,65,,,,,
Bekasi,Bekasi Kayuringin,2026-04-30 13:00:00,63,63,33,,39,15,0,7,,,,,
Jakarta,The Pakubuwono Menteng,2026-04-30 13:38:02,126,126,49,90,,,,,57,30.9,,,
Depok,Cinere - Nafas,2026-04-30 13:38:07,101,101,37,77,,,,,0,0,,,
Bogor,Kabupaten Bogor Leuwiliang,2026-04-30 13:00:00,80,77,40,,4,9,0,80,,,,,
Tangerang,Tangerang Pasir Jaya,2026-04-30 13:00:00,147,147,63,,58,63,0,65,,,,,
Bekasi,Bekasi Kayuringin,2026-04-30 13:00:00,63,63,33,,39,15,0,7,,,,,
Jakarta,The Pakubuwono Menteng,2026-04-30 13:39:02,123,123,50,88,,,,,57,30.9,,,
Depok,Cinere - Nafas,2026-04-30 13:39:07,96,96,35,72,,,,,0,0,,,
Bogor,Kabupaten Bogor Leuwiliang,2026-04-30 13:00:00,80,77,40,,4,9,0,80,,,,,
Tangerang,Tangerang Pasir Jaya,2026-04-30 13:00:00,147,147,63,,58,63,0,65,,,,,
Bekasi,Bekasi Kayuringin,2026-04-30 13:00:00,63,63,33,,39,15,0,7,,,,,
Jakarta,The Pakubuwono Menteng,2026-04-30 13:40:02,121,121,48,88,,,,,57,30.8,,,
Depok,Cinere - Nafas,2026-04-30 13:40:07,97,97,38,74,,,,,0,0,,,
Bogor,Kabupaten Bogor Leuwiliang,2026-04-30 13:00:00,80,77,40,,4,9,0,80,,,,,
Tangerang,Tangerang Pasir Jaya,2026-04-30 13:00:00,147,147,63,,58,63,0,65,,,,,
Bekasi,Bekasi Kayuringin,2026-04-30 13:00:00,63,63,33,,39,15,0,7,,,,,
Jakarta,The Pakubuwono Menteng,2026-04-30 13:41:02,121,121,48,89,,,,,58,30.7,,,
Depok,Cinere - Nafas,2026-04-30 13:41:07,100,100,37,74,,,,,0,0,,,
Bogor,Kabupaten Bogor Leuwiliang,2026-04-30 13:00:00,80,77,40,,4,9,0,80,,,,,
Tangerang,Tangerang Pasir Jaya,2026-04-30 13:00:00,147,147,63,,58,63,0,65,,,,,
Bekasi,Bekasi Kayuringin,2026-04-30 13:00:00,63,63,33,,39,15,0,7,,,,,
Jakarta,The Pakubuwono Menteng,2026-04-30 13:43:02,121,121,50,88,,,,,58,30.5,,,
Depok,Cinere - Nafas,2026-04-30 13:43:07,116,116,46,83,,,,,0,0,,,
Bogor,Kabupaten Bogor Leuwiliang,2026-04-30 13:00:00,80,77,40,,4,9,0,80,,,,,
Tangerang,Tangerang Pasir Jaya,2026-04-30 13:00:00,147,147,63,,58,63,0,65,,,,,
Bekasi,Bekasi Kayuringin,2026-04-30 13:00:00,63,63,33,,39,15,0,7,,,,,
Jakarta,The Pakubuwono Menteng,2026-04-30 13:44:02,123,123,49,87,,,,,59,30.5,,,
Depok,Cinere - Nafas,2026-04-30 13:44:07,108,108,42,81,,,,,0,0,,,
Bogor,Kabupaten Bogor Leuwiliang,2026-04-30 13:00:00,80,77,40,,4,9,0,80,,,,,
Tangerang,Tangerang Pasir Jaya,2026-04-30 13:00:00,147,147,63,,58,63,0,65,,,,,
Bekasi,Bekasi Kayuringin,2026-04-30 13:00:00,63,63,33,,39,15,0,7,,,,,
Jakarta,The Pakubuwono Menteng,2026-04-30 13:45:02,123,123,49,88,,,,,58,30.5,,,
Depok,Cinere - Nafas,2026-04-30 13:45:07,121,121,47,88,,,,,0,0,,,
Bogor,Kabupaten Bogor Leuwiliang,2026-04-30 13:00:00,80,77,40,,4,9,0,80,,,,,
Tangerang,Tangerang Pasir Jaya,2026-04-30 13:00:00,147,147,63,,58,63,0,65,,,,,
Bekasi,Bekasi Kayuringin,2026-04-30 13:00:00,63,63,33,,39,15,0,7,,,,,
Jakarta,The Pakubuwono Menteng,2026-04-30 13:46:02,126,126,50,90,,,,,59,30.4,,,
Depok,Cinere - Nafas,2026-04-30 13:46:07,128,128,51,94,,,,,0,0,,,
Bogor,Kabupaten Bogor Leuwiliang,2026-04-30 13:00:00,80,77,40,,4,9,0,80,,,,,
Tangerang,Tangerang Pasir Jaya,2026-04-30 13:00:00,147,147,63,,58,63,0,65,,,,,
Bekasi,Bekasi Kayuringin,2026-04-30 13:00:00,63,63,33,,39,15,0,7,,,,,
Jakarta,The Pakubuwono Menteng,2026-04-30 13:47:02,123,123,48,89,,,,,59,30.4,,,
Depok,Cinere - Nafas,2026-04-30 13:47:07,131,131,53,95,,,,,0,0,,,
Bogor,Kabupaten Bogor Leuwiliang,2026-04-30 13:00:00,80,77,40,,4,9,0,80,,,,,
Tangerang,Tangerang Pasir Jaya,2026-04-30 13:00:00,147,147,63,,58,63,0,65,,,,,
Bekasi,Bekasi Kayuringin,2026-04-30 13:00:00,63,63,33,,39,15,0,7,,,,,
Jakarta,The Pakubuwono Menteng,2026-04-30 13:48:02,123,123,50,89,,,,,59,30.4,,,
Depok,Cinere - Nafas,2026-04-30 13:48:07,138,138,53,98,,,,,0,0,,,
Bogor,Kabupaten Bogor Leuwiliang,2026-04-30 13:00:00,80,77,40,,4,9,0,80,,,,,
Tangerang,Tangerang Pasir Jaya,2026-04-30 13:00:00,147,147,63,,58,63,0,65,,,,,
Bekasi,Bekasi Kayuringin,2026-04-30 13:00:00,63,63,33,,39,15,0,7,,,,,
Jakarta,The Pakubuwono Menteng,2026-04-30 13:50:02,122,122,50,88,,,,,59,30.4,,,
Depok,Cinere - Nafas,2026-04-30 13:50:07,139,139,55,100,,,,,0,0,,,
Bogor,Kabupaten Bogor Leuwiliang,2026-04-30 13:00:00,80,77,40,,4,9,0,80,,,,,
Tangerang,Tangerang Pasir Jaya,2026-04-30 13:00:00,147,147,63,,58,63,0,65,,,,,
Bekasi,Bekasi Kayuringin,2026-04-30 13:00:00,63,63,33,,39,15,0,7,,,,,
Jakarta,The Pakubuwono Menteng,2026-04-30 13:51:02,122,122,48,87,,,,,59,30.4,,,
Depok,Cinere - Nafas,2026-04-30 13:51:07,136,136,53,95,,,,,0,0,,,
Bogor,Kabupaten Bogor Leuwiliang,2026-04-30 13:00:00,80,77,40,,4,9,0,80,,,,,
Tangerang,Tangerang Pasir Jaya,2026-04-30 13:00:00,147,147,63,,58,63,0,65,,,,,
Bekasi,Bekasi Kayuringin,2026-04-30 13:00:00,63,63,33,,39,15,0,7,,,,,
Jakarta,The Pakubuwono Menteng,2026-04-30 13:52:02,115,115,46,83,,,,,59,30.4,,,
Depok,Cinere - Nafas,2026-04-30 13:52:07,138,138,53,98,,,,,0,0,,,
Bogor,Kabupaten Bogor Leuwiliang,2026-04-30 13:00:00,80,77,40,,4,9,0,80,,,,,
Tangerang,Tangerang Pasir Jaya,2026-04-30 13:00:00,147,147,63,,58,63,0,65,,,,,
Bekasi,Bekasi Kayuringin,2026-04-30 13:00:00,63,63,33,,39,15,0,7,,,,,
Jakarta,The Pakubuwono Menteng,2026-04-30 13:53:02,114,114,44,84,,,,,59,30.4,,,
Depok,Cinere - Nafas,2026-04-30 13:53:07,141,141,55,105,,,,,0,0,,,
Bogor,Kabupaten Bogor Leuwiliang,2026-04-30 13:00:00,80,77,40,,4,9,0,80,,,,,
Tangerang,Tangerang Pasir Jaya,2026-04-30 13:00:00,147,147,63,,58,63,0,65,,,,,
Bekasi,Bekasi Kayuringin,2026-04-30 13:00:00,63,63,33,,39,15,0,7,,,,,
Jakarta,The Pakubuwono Menteng,2026-04-30 13:54:02,114,114,45,83,,,,,59,30.3,,,
Depok,Cinere - Nafas,2026-04-30 13:54:07,150,150,56,110,,,,,0,0,,,
Bogor,Kabupaten Bogor Leuwiliang,2026-04-30 13:00:00,80,77,40,,4,9,0,80,,,,,
Tangerang,Tangerang Pasir Jaya,2026-04-30 13:00:00,147,147,63,,58,63,0,65,,,,,
Bekasi,Bekasi Kayuringin,2026-04-30 13:00:00,63,63,33,,39,15,0,7,,,,,
Jakarta,The Pakubuwono Menteng,2026-04-30 13:55:02,117,117,47,86,,,,,59,30.4,,,
Depok,Cinere - Nafas,2026-04-30 13:55:07,139,139,54,100,,,,,0,0,,,
Bogor,Kabupaten Bogor Leuwiliang,2026-04-30 13:00:00,80,77,40,,4,9,0,80,,,,,
Tangerang,Tangerang Pasir Jaya,2026-04-30 13:00:00,147,147,63,,58,63,0,65,,,,,
Bekasi,Bekasi Kayuringin,2026-04-30 13:00:00,63,63,33,,39,15,0,7,,,,,
Jakarta,The Pakubuwono Menteng,2026-04-30 13:57:02,120,120,49,86,,,,,59,30.4,,,
Depok,Cinere - Nafas,2026-04-30 13:57:07,138,138,53,98,,,,,0,0,,,
Bogor,Kabupaten Bogor Leuwiliang,2026-04-30 13:00:00,80,77,40,,4,9,0,80,,,,,
Tangerang,Tangerang Pasir Jaya,2026-04-30 13:00:00,147,147,63,,58,63,0,65,,,,,
Bekasi,Bekasi Kayuringin,2026-04-30 13:00:00,63,63,33,,39,15,0,7,,,,,
Jakarta,The Pakubuwono Menteng,2026-04-30 13:59:02,125,125,50,89,,,,,60,30.4,,,
Depok,Cinere - Nafas,2026-04-30 13:59:07,141,141,54,98,,,,,0,0,,,
Bogor,Kabupaten Bogor Leuwiliang,2026-04-30 13:00:00,80,77,40,,4,9,0,80,,,,,
Tangerang,Tangerang Pasir Jaya,2026-04-30 13:00:00,147,147,63,,58,63,0,65,,,,,
Bekasi,Bekasi Kayuringin,2026-04-30 13:00:00,63,63,33,,39,15,0,7,,,,,
Jakarta,The Pakubuwono Menteng,2026-04-30 14:00:02,121,121,49,89,,,,,60,30.4,,,
Depok,Cinere - Nafas,2026-04-30 14:00:07,138,138,55,99,,,,,0,0,,,
Bogor,Kabupaten Bogor Leuwiliang,2026-04-30 13:00:00,80,77,40,,4,9,0,80,,,,,
Tangerang,Tangerang Pasir Jaya,2026-04-30 13:00:00,147,147,63,,58,63,0,65,,,,,
Bekasi,Bekasi Kayuringin,2026-04-30 13:00:00,63,63,33,,39,15,0,7,,,,,
Jakarta,The Pakubuwono Menteng,2026-04-30 14:00:02,121,121,49,89,,,,,60,30.4,,,
Depok,Cinere - Nafas,2026-04-30 14:00:07,138,138,55,99,,,,,0,0,,,
Bogor,Kabupaten Bogor Leuwiliang,2026-04-30 13:00:00,80,77,40,,4,9,0,80,,,,,
Tangerang,Tangerang Pasir Jaya,2026-04-30 13:00:00,147,147,63,,58,63,0,65,,,,,
Bekasi,Bekasi Kayuringin,2026-04-30 13:00:00,63,63,33,,39,15,0,7,,,,,
Jakarta,The Pakubuwono Menteng,2026-04-30 14:01:02,125,125,50,89,,,,,60,30.4,,,
Depok,Cinere - Nafas,2026-04-30 14:01:07,141,141,54,101,,,,,0,0,,,
Bogor,Kabupaten Bogor Leuwiliang,2026-04-30 13:00:00,80,77,40,,4,9,0,80,,,,,
Tangerang,Tangerang Pasir Jaya,2026-04-30 13:00:00,147,147,63,,58,63,0,65,,,,,
Bekasi,Bekasi Kayuringin,2026-04-30 13:00:00,63,63,33,,39,15,0,7,,,,,
Jakarta,The Pakubuwono Menteng,2026-04-30 14:03:03,128,128,51,89,,,,,60,30.4,,,
Depok,Cinere - Nafas,2026-04-30 14:03:07,141,141,55,101,,,,,0,0,,,
Bogor,Kabupaten Bogor Leuwiliang,2026-04-30 13:00:00,80,77,40,,4,9,0,80,,,,,
Tangerang,Tangerang Pasir Jaya,2026-04-30 13:00:00,147,147,63,,58,63,0,65,,,,,
Bekasi,Bekasi Kayuringin,2026-04-30 13:00:00,63,63,33,,39,15,0,7,,,,,
Jakarta,The Pakubuwono Menteng,2026-04-30 14:04:03,126,126,51,90,,,,,61,30.3,,,
Depok,Cinere - Nafas,2026-04-30 14:04:07,144,144,56,101,,,,,0,0,,,
Bogor,Kabupaten Bogor Leuwiliang,2026-04-30 13:00:00,80,77,40,,4,9,0,80,,,,,
Tangerang,Tangerang Pasir Jaya,2026-04-30 13:00:00,147,147,63,,58,63,0,65,,,,,
Bekasi,Bekasi Kayuringin,2026-04-30 13:00:00,63,63,33,,39,15,0,7,,,,,
Jakarta,The Pakubuwono Menteng,2026-04-30 14:05:02,125,125,51,89,,,,,61,30.3,,,
Depok,Cinere - Nafas,2026-04-30 14:05:07,143,143,56,105,,,,,0,0,,,
Bogor,Kabupaten Bogor Leuwiliang,2026-04-30 13:00:00,80,77,40,,4,9,0,80,,,,,
Tangerang,Tangerang Pasir Jaya,2026-04-30 13:00:00,147,147,63,,58,63,0,65,,,,,
Bekasi,Bekasi Kayuringin,2026-04-30 13:00:00,63,63,33,,39,15,0,7,,,,,
Jakarta,The Pakubuwono Menteng,2026-04-30 14:06:02,126,126,51,92,,,,,61,30.3,,,
Depok,Cinere - Nafas,2026-04-30 14:06:08,147,147,56,109,,,,,0,0,,,
Bogor,Kabupaten Bogor Leuwiliang,2026-04-30 13:00:00,80,77,40,,4,9,0,80,,,,,
Tangerang,Tangerang Pasir Jaya,2026-04-30 13:00:00,147,147,63,,58,63,0,65,,,,,
Bekasi,Bekasi Kayuringin,2026-04-30 13:00:00,63,63,33,,39,15,0,7,,,,,
Jakarta,The Pakubuwono Menteng,2026-04-30 14:08:03,125,125,50,92,,,,,61,30.3,,,
Depok,Cinere - Nafas,2026-04-30 14:08:08,143,143,55,106,,,,,0,0,,,
Bogor,Kabupaten Bogor Leuwiliang,2026-04-30 13:00:00,80,77,40,,4,9,0,80,,,,,
Tangerang,Tangerang Pasir Jaya,2026-04-30 13:00:00,147,147,63,,58,63,0,65,,,,,
Bekasi,Bekasi Kayuringin,2026-04-30 13:00:00,63,63,33,,39,15,0,7,,,,,
Jakarta,The Pakubuwono Menteng,2026-04-30 14:09:02,126,126,50,90,,,,,61,30.2,,,
Depok,Cinere - Nafas,2026-04-30 14:09:08,147,147,56,110,,,,,0,0,,,
Bogor,Kabupaten Bogor Leuwiliang,2026-04-30 13:00:00,80,77,40,,4,9,0,80,,,,,
Tangerang,Tangerang Pasir Jaya,2026-04-30 13:00:00,147,147,63,,58,63,0,65,,,,,
Bekasi,Bekasi Kayuringin,2026-04-30 13:00:00,63,63,33,,39,15,0,7,,,,,
Jakarta,The Pakubuwono Menteng,2026-04-30 14:11:02,122,122,49,90,,,,,61,30.2,,,
Depok,Cinere - Nafas,2026-04-30 14:11:08,145,145,56,109,,,,,0,0,,,
Bogor,Kabupaten Bogor Leuwiliang,2026-04-30 14:00:00,80,76,40,,4,9,0,80,,,,,
Tangerang,Tangerang Pasir Jaya,2026-04-30 14:00:00,144,144,63,,58,63,0,65,,,,,
Bekasi,Bekasi Kayuringin,2026-04-30 14:00:00,63,63,33,,39,15,0,7,,,,,
Jakarta,The Pakubuwono Menteng,2026-04-30 14:12:02,112,112,44,84,,,,,61,30.2,,,
Depok,Cinere - Nafas,2026-04-30 14:12:08,141,141,55,105,,,,,0,0,,,
Bogor,Kabupaten Bogor Leuwiliang,2026-04-30 14:00:00,80,76,40,,4,9,0,80,,,,,
Tangerang,Tangerang Pasir Jaya,2026-04-30 14:00:00,144,144,63,,58,63,0,65,,,,,
Bekasi,Bekasi Kayuringin,2026-04-30 14:00:00,63,63,33,,39,15,0,7,,,,,
Jakarta,The Pakubuwono Menteng,2026-04-30 14:13:02,123,123,49,89,,,,,60,30.3,,,
Depok,Cinere - Nafas,2026-04-30 14:13:08,141,141,54,103,,,,,0,0,,,
Bogor,Kabupaten Bogor Leuwiliang,2026-04-30 14:00:00,80,76,40,,4,9,0,80,,,,,
Tangerang,Tangerang Pasir Jaya,2026-04-30 14:00:00,144,144,63,,58,63,0,65,,,,,
Bekasi,Bekasi Kayuringin,2026-04-30 14:00:00,63,63,33,,39,15,0,7,,,,,
Jakarta,The Pakubuwono Menteng,2026-04-30 14:14:03,125,125,49,90,,,,,59,30.2,,,
Depok,Cinere - Nafas,2026-04-30 14:14:08,141,141,55,105,,,,,0,0,,,
Bogor,Kabupaten Bogor Leuwiliang,2026-04-30 14:00:00,80,76,40,,4,9,0,80,,,,,
Tangerang,Tangerang Pasir Jaya,2026-04-30 14:00:00,144,144,63,,58,63,0,65,,,,,
Bekasi,Bekasi Kayuringin,2026-04-30 14:00:00,63,63,33,,39,15,0,7,,,,,
Jakarta,The Pakubuwono Menteng,2026-04-30 14:14:03,125,125,49,90,,,,,59,30.2,,,
Depok,Cinere - Nafas,2026-04-30 14:14:08,141,141,55,105,,,,,0,0,,,
Bogor,Kabupaten Bogor Leuwiliang,2026-04-30 14:00:00,80,76,40,,4,9,0,80,,,,,
Tangerang,Tangerang Pasir Jaya,2026-04-30 14:00:00,144,144,63,,58,63,0,65,,,,,
Bekasi,Bekasi Kayuringin,2026-04-30 14:00:00,63,63,33,,39,15,0,7,,,,,
Jakarta,The Pakubuwono Menteng,2026-04-30 14:15:03,123,123,49,89,,,,,59,30.3,,,
Depok,Cinere - Nafas,2026-04-30 14:15:08,140,140,55,100,,,,,0,0,,,
Bogor,Kabupaten Bogor Leuwiliang,2026-04-30 14:00:00,80,76,40,,4,9,0,80,,,,,
Tangerang,Tangerang Pasir Jaya,2026-04-30 14:00:00,144,144,63,,58,63,0,65,,,,,
Bekasi,Bekasi Kayuringin,2026-04-30 14:00:00,63,63,33,,39,15,0,7,,,,,
Jakarta,The Pakubuwono Menteng,2026-04-30 14:18:03,125,125,51,93,,,,,61,30.3,,,
Depok,Cinere - Nafas,2026-04-30 14:18:08,135,135,54,96,,,,,0,0,,,
Bogor,Kabupaten Bogor Leuwiliang,2026-04-30 14:00:00,80,76,40,,4,9,0,80,,,,,
Tangerang,Tangerang Pasir Jaya,2026-04-30 14:00:00,144,144,63,,58,63,0,65,,,,,
Bekasi,Bekasi Kayuringin,2026-04-30 14:00:00,63,63,33,,39,15,0,7,,,,,
Jakarta,The Pakubuwono Menteng,2026-04-30 14:19:03,125,125,50,92,,,,,61,30.3,,,
Depok,Cinere - Nafas,2026-04-30 14:19:08,138,138,54,100,,,,,0,0,,,
Bogor,Kabupaten Bogor Leuwiliang,2026-04-30 14:00:00,80,76,40,,4,9,0,80,,,,,
Tangerang,Tangerang Pasir Jaya,2026-04-30 14:00:00,144,144,63,,58,63,0,65,,,,,
Bekasi,Bekasi Kayuringin,2026-04-30 14:00:00,63,63,33,,39,15,0,7,,,,,
Jakarta,The Pakubuwono Menteng,2026-04-30 14:20:03,131,131,52,92,,,,,61,30.3,,,
Depok,Cinere - Nafas,2026-04-30 14:20:08,136,136,53,99,,,,,0,0,,,
Bogor,Kabupaten Bogor Leuwiliang,2026-04-30 14:00:00,80,76,40,,4,9,0,80,,,,,
Tangerang,Tangerang Pasir Jaya,2026-04-30 14:00:00,144,144,63,,58,63,0,65,,,,,
Bekasi,Bekasi Kayuringin,2026-04-30 14:00:00,63,63,33,,39,15,0,7,,,,,
Jakarta,The Pakubuwono Menteng,2026-04-30 14:21:03,130,130,51,93,,,,,61,30.4,,,
Depok,Cinere - Nafas,2026-04-30 14:21:08,136,136,53,95,,,,,0,0,,,
Bogor,Kabupaten Bogor Leuwiliang,2026-04-30 14:00:00,80,76,40,,4,9,0,80,,,,,
Tangerang,Tangerang Pasir Jaya,2026-04-30 14:00:00,144,144,63,,58,63,0,65,,,,,
Bekasi,Bekasi Kayuringin,2026-04-30 14:00:00,63,63,33,,39,15,0,7,,,,,
Jakarta,The Pakubuwono Menteng,2026-04-30 14:22:03,127,127,51,91,,,,,61,30.3,,,
Depok,Cinere - Nafas,2026-04-30 14:22:08,136,136,53,97,,,,,0,0,,,
Bogor,Kabupaten Bogor Leuwiliang,2026-04-30 14:00:00,80,76,40,,4,9,0,80,,,,,
Tangerang,Tangerang Pasir Jaya,2026-04-30 14:00:00,144,144,63,,58,63,0,65,,,,,
Bekasi,Bekasi Kayuringin,2026-04-30 14:00:00,63,63,33,,39,15,0,7,,,,,
Jakarta,The Pakubuwono Menteng,2026-04-30 14:23:03,126,126,51,93,,,,,61,30.4,,,
Depok,Cinere - Nafas,2026-04-30 14:23:08,130,130,52,94,,,,,0,0,,,
Bogor,Kabupaten Bogor Leuwiliang,2026-04-30 14:00:00,80,76,40,,4,9,0,80,,,,,
Tangerang,Tangerang Pasir Jaya,2026-04-30 14:00:00,144,144,63,,58,63,0,65,,,,,
Bekasi,Bekasi Kayuringin,2026-04-30 14:00:00,63,63,33,,39,15,0,7,,,,,
Jakarta,The Pakubuwono Menteng,2026-04-30 14:24:03,131,131,52,94,,,,,61,30.4,,,
Depok,Cinere - Nafas,2026-04-30 14:24:08,131,131,52,95,,,,,0,0,,,
Bogor,Kabupaten Bogor Leuwiliang,2026-04-30 14:00:00,80,76,40,,4,9,0,80,,,,,
Tangerang,Tangerang Pasir Jaya,2026-04-30 14:00:00,144,144,63,,58,63,0,65,,,,,
Bekasi,Bekasi Kayuringin,2026-04-30 14:00:00,63,63,33,,39,15,0,7,,,,,
Jakarta,The Pakubuwono Menteng,2026-04-30 14:26:03,126,126,51,90,,,,,61,30.4,,,
Depok,Cinere - Nafas,2026-04-30 14:27:08,125,125,50,91,,,,,0,0,,,
Bogor,Kabupaten Bogor Leuwiliang,2026-04-30 14:00:00,80,76,40,,4,9,0,80,,,,,
Tangerang,Tangerang Pasir Jaya,2026-04-30 14:00:00,144,144,63,,58,63,0,65,,,,,
Bekasi,Bekasi Kayuringin,2026-04-30 14:00:00,63,63,33,,39,15,0,7,,,,,
Jakarta,The Pakubuwono Menteng,2026-04-30 14:27:03,130,130,52,93,,,,,61,30.4,,,
Depok,Cinere - Nafas,2026-04-30 14:27:08,125,125,50,91,,,,,0,0,,,
Bogor,Kabupaten Bogor Leuwiliang,2026-04-30 14:00:00,80,76,40,,4,9,0,80,,,,,
Tangerang,Tangerang Pasir Jaya,2026-04-30 14:00:00,144,144,63,,58,63,0,65,,,,,
Bekasi,Bekasi Kayuringin,2026-04-30 14:00:00,63,63,33,,39,15,0,7,,,,,
Jakarta,The Pakubuwono Menteng,2026-04-30 14:28:03,126,126,50,90,,,,,61,30.5,,,
Depok,Cinere - Nafas,2026-04-30 14:28:08,125,125,51,89,,,,,0,0,,,
Bogor,Kabupaten Bogor Leuwiliang,2026-04-30 14:00:00,80,76,40,,4,9,0,80,,,,,
Tangerang,Tangerang Pasir Jaya,2026-04-30 14:00:00,144,144,63,,58,63,0,65,,,,,
Bekasi,Bekasi Kayuringin,2026-04-30 14:00:00,63,63,33,,39,15,0,7,,,,,
Jakarta,The Pakubuwono Menteng,2026-04-30 14:29:03,128,128,51,93,,,,,61,30.5,,,
Depok,Cinere - Nafas,2026-04-30 14:29:08,126,126,52,92,,,,,0,0,,,
Bogor,Kabupaten Bogor Leuwiliang,2026-04-30 14:00:00,80,76,40,,4,9,0,80,,,,,
Tangerang,Tangerang Pasir Jaya,2026-04-30 14:00:00,144,144,63,,58,63,0,65,,,,,
Bekasi,Bekasi Kayuringin,2026-04-30 14:00:00,63,63,33,,39,15,0,7,,,,,
Jakarta,The Pakubuwono Menteng,2026-04-30 14:30:03,125,125,50,90,,,,,61,30.6,,,
Depok,Cinere - Nafas,2026-04-30 14:30:08,129,129,52,94,,,,,0,0,,,
Bogor,Kabupaten Bogor Leuwiliang,2026-04-30 14:00:00,80,76,40,,4,9,0,80,,,,,
Tangerang,Tangerang Pasir Jaya,2026-04-30 14:00:00,144,144,63,,58,63,0,65,,,,,
Bekasi,Bekasi Kayuringin,2026-04-30 14:00:00,63,63,33,,39,15,0,7,,,,,
Jakarta,The Pakubuwono Menteng,2026-04-30 14:32:03,125,125,51,91,,,,,62,30.7,,,
Depok,Cinere - Nafas,2026-04-30 14:32:08,128,128,51,94,,,,,0,0,,,
Bogor,Kabupaten Bogor Leuwiliang,2026-04-30 14:00:00,80,76,40,,4,9,0,80,,,,,
Tangerang,Tangerang Pasir Jaya,2026-04-30 14:00:00,144,144,63,,58,63,0,65,,,,,
Bekasi,Bekasi Kayuringin,2026-04-30 14:00:00,63,63,33,,39,15,0,7,,,,,
Jakarta,The Pakubuwono Menteng,2026-04-30 14:33:03,121,121,48,88,,,,,61,30.8,,,
Depok,Cinere - Nafas,2026-04-30 14:33:08,128,128,51,93,,,,,0,0,,,
Bogor,Kabupaten Bogor Leuwiliang,2026-04-30 14:00:00,80,76,40,,4,9,0,80,,,,,
Tangerang,Tangerang Pasir Jaya,2026-04-30 14:00:00,144,144,63,,58,63,0,65,,,,,
Bekasi,Bekasi Kayuringin,2026-04-30 14:00:00,63,63,33,,39,15,0,7,,,,,
Jakarta,The Pakubuwono Menteng,2026-04-30 14:34:04,120,120,48,87,,,,,61,30.9,,,
Depok,Cinere - Nafas,2026-04-30 14:34:08,125,125,51,90,,,,,0,0,,,
Bogor,Kabupaten Bogor Leuwiliang,2026-04-30 14:00:00,80,76,40,,4,9,0,80,,,,,
Tangerang,Tangerang Pasir Jaya,2026-04-30 14:00:00,144,144,63,,58,63,0,65,,,,,
Bekasi,Bekasi Kayuringin,2026-04-30 14:00:00,63,63,33,,39,15,0,7,,,,,
Jakarta,The Pakubuwono Menteng,2026-04-30 14:35:03,121,121,47,87,,,,,60,31.1,,,
Depok,Cinere - Nafas,2026-04-30 14:35:08,126,126,51,94,,,,,0,0,,,
Bogor,Kabupaten Bogor Leuwiliang,2026-04-30 14:00:00,80,76,40,,4,9,0,80,,,,,
Tangerang,Tangerang Pasir Jaya,2026-04-30 14:00:00,144,144,63,,58,63,0,65,,,,,
Bekasi,Bekasi Kayuringin,2026-04-30 14:00:00,63,63,33,,39,15,0,7,,,,,
Jakarta,The Pakubuwono Menteng,2026-04-30 14:36:04,115,115,46,86,,,,,60,31.2,,,
Depok,Cinere - Nafas,2026-04-30 14:37:08,130,130,52,94,,,,,0,0,,,
Bogor,Kabupaten Bogor Leuwiliang,2026-04-30 14:00:00,80,76,40,,4,9,0,80,,,,,
Tangerang,Tangerang Pasir Jaya,2026-04-30 14:00:00,144,144,63,,58,63,0,65,,,,,
Bekasi,Bekasi Kayuringin,2026-04-30 14:00:00,63,63,33,,39,15,0,7,,,,,
Jakarta,The Pakubuwono Menteng,2026-04-30 14:39:03,115,115,45,83,,,,,58,31.5,,,
Depok,Cinere - Nafas,2026-04-30 14:39:08,135,135,52,94,,,,,0,0,,,
Bogor,Kabupaten Bogor Leuwiliang,2026-04-30 14:00:00,80,76,40,,4,9,0,80,,,,,
Tangerang,Tangerang Pasir Jaya,2026-04-30 14:00:00,144,144,63,,58,63,0,65,,,,,
Bekasi,Bekasi Kayuringin,2026-04-30 14:00:00,63,63,33,,39,15,0,7,,,,,
Jakarta,The Pakubuwono Menteng,2026-04-30 14:40:03,112,112,45,84,,,,,57,31.6,,,
Depok,Cinere - Nafas,2026-04-30 14:40:08,137,137,53,96,,,,,0,0,,,
Bogor,Kabupaten Bogor Leuwiliang,2026-04-30 14:00:00,80,76,40,,4,9,0,80,,,,,
Tangerang,Tangerang Pasir Jaya,2026-04-30 14:00:00,144,144,63,,58,63,0,65,,,,,
Bekasi,Bekasi Kayuringin,2026-04-30 14:00:00,63,63,33,,39,15,0,7,,,,,
Jakarta,The Pakubuwono Menteng,2026-04-30 14:40:03,112,112,45,84,,,,,57,31.6,,,
Depok,Cinere - Nafas,2026-04-30 14:40:08,137,137,53,96,,,,,0,0,,,
Bogor,Kabupaten Bogor Leuwiliang,2026-04-30 14:00:00,80,76,40,,4,9,0,80,,,,,
Tangerang,Tangerang Pasir Jaya,2026-04-30 14:00:00,144,144,63,,58,63,0,65,,,,,
Bekasi,Bekasi Kayuringin,2026-04-30 14:00:00,63,63,33,,39,15,0,7,,,,,
Jakarta,The Pakubuwono Menteng,2026-04-30 14:41:03,108,108,43,83,,,,,56,31.6,,,
Depok,Cinere - Nafas,2026-04-30 14:41:08,135,135,53,96,,,,,0,0,,,
Bogor,Kabupaten Bogor Leuwiliang,2026-04-30 14:00:00,80,76,40,,4,9,0,80,,,,,
Tangerang,Tangerang Pasir Jaya,2026-04-30 14:00:00,144,144,63,,58,63,0,65,,,,,
Bekasi,Bekasi Kayuringin,2026-04-30 14:00:00,63,63,33,,39,15,0,7,,,,,
Jakarta,The Pakubuwono Menteng,2026-04-30 14:42:03,111,111,41,83,,,,,56,31.6,,,
Depok,Cinere - Nafas,2026-04-30 14:42:08,137,137,53,96,,,,,0,0,,,
Bogor,Kabupaten Bogor Leuwiliang,2026-04-30 14:00:00,80,76,40,,4,9,0,80,,,,,
Tangerang,Tangerang Pasir Jaya,2026-04-30 14:00:00,144,144,63,,58,63,0,65,,,,,
Bekasi,Bekasi Kayuringin,2026-04-30 14:00:00,63,63,33,,39,15,0,7,,,,,
Jakarta,The Pakubuwono Menteng,2026-04-30 14:43:03,108,108,42,81,,,,,56,31.6,,,
Depok,Cinere - Nafas,2026-04-30 14:43:08,132,132,52,94,,,,,0,0,,,
Bogor,Kabupaten Bogor Leuwiliang,2026-04-30 14:00:00,80,76,40,,4,9,0,80,,,,,
Tangerang,Tangerang Pasir Jaya,2026-04-30 14:00:00,144,144,63,,58,63,0,65,,,,,
Bekasi,Bekasi Kayuringin,2026-04-30 14:00:00,63,63,33,,39,15,0,7,,,,,
Jakarta,The Pakubuwono Menteng,2026-04-30 14:44:03,106,106,41,79,,,,,55,31.6,,,
Depok,Cinere - Nafas,2026-04-30 14:44:08,127,127,51,93,,,,,0,0,,,
Bogor,Kabupaten Bogor Leuwiliang,2026-04-30 14:00:00,80,76,40,,4,9,0,80,,,,,
Tangerang,Tangerang Pasir Jaya,2026-04-30 14:00:00,144,144,63,,58,63,0,65,,,,,
Bekasi,Bekasi Kayuringin,2026-04-30 14:00:00,63,63,33,,39,15,0,7,,,,,
Jakarta,The Pakubuwono Menteng,2026-04-30 14:46:03,104,104,38,81,,,,,56,31.5,,,
Depok,Cinere - Nafas,2026-04-30 14:47:08,128,128,52,89,,,,,0,0,,,
Bogor,Kabupaten Bogor Leuwiliang,2026-04-30 14:00:00,80,76,40,,4,9,0,80,,,,,
Tangerang,Tangerang Pasir Jaya,2026-04-30 14:00:00,144,144,63,,58,63,0,65,,,,,
Bekasi,Bekasi Kayuringin,2026-04-30 14:00:00,63,63,33,,39,15,0,7,,,,,
Jakarta,The Pakubuwono Menteng,2026-04-30 14:48:03,103,103,41,81,,,,,56,31.5,,,
Depok,Cinere - Nafas,2026-04-30 14:48:08,126,126,51,89,,,,,0,0,,,
Bogor,Kabupaten Bogor Leuwiliang,2026-04-30 14:00:00,80,76,40,,4,9,0,80,,,,,
Tangerang,Tangerang Pasir Jaya,2026-04-30 14:00:00,144,144,63,,58,63,0,65,,,,,
Bekasi,Bekasi Kayuringin,2026-04-30 14:00:00,63,63,33,,39,15,0,7,,,,,
Jakarta,The Pakubuwono Menteng,2026-04-30 14:49:03,107,107,41,83,,,,,56,31.5,,,
Depok,Cinere - Nafas,2026-04-30 14:49:08,123,123,49,89,,,,,0,0,,,
Bogor,Kabupaten Bogor Leuwiliang,2026-04-30 14:00:00,80,76,40,,4,9,0,80,,,,,
Tangerang,Tangerang Pasir Jaya,2026-04-30 14:00:00,144,144,63,,58,63,0,65,,,,,
Bekasi,Bekasi Kayuringin,2026-04-30 14:00:00,63,63,33,,39,15,0,7,,,,,
Jakarta,The Pakubuwono Menteng,2026-04-30 14:50:03,109,109,42,80,,,,,56,31.5,,,
Depok,Cinere - Nafas,2026-04-30 14:50:08,126,126,50,89,,,,,0,0,,,
Bogor,Kabupaten Bogor Leuwiliang,2026-04-30 14:00:00,80,76,40,,4,9,0,80,,,,,
Tangerang,Tangerang Pasir Jaya,2026-04-30 14:00:00,144,144,63,,58,63,0,65,,,,,
Bekasi,Bekasi Kayuringin,2026-04-30 14:00:00,63,63,33,,39,15,0,7,,,,,
Jakarta,The Pakubuwono Menteng,2026-04-30 14:51:03,104,104,38,79,,,,,56,31.5,,,
Depok,Cinere - Nafas,2026-04-30 14:51:08,125,125,50,89,,,,,0,0,,,
Bogor,Kabupaten Bogor Leuwiliang,2026-04-30 14:00:00,80,76,40,,4,9,0,80,,,,,
Tangerang,Tangerang Pasir Jaya,2026-04-30 14:00:00,144,144,63,,58,63,0,65,,,,,
Bekasi,Bekasi Kayuringin,2026-04-30 14:00:00,63,63,33,,39,15,0,7,,,,,
Jakarta,The Pakubuwono Menteng,2026-04-30 14:52:04,100,100,38,79,,,,,56,31.5,,,
Depok,Cinere - Nafas,2026-04-30 14:52:09,126,126,50,90,,,,,0,0,,,
Bogor,Kabupaten Bogor Leuwiliang,2026-04-30 14:00:00,80,76,40,,4,9,0,80,,,,,
Tangerang,Tangerang Pasir Jaya,2026-04-30 14:00:00,144,144,63,,58,63,0,65,,,,,
Bekasi,Bekasi Kayuringin,2026-04-30 14:00:00,63,63,33,,39,15,0,7,,,,,
Jakarta,The Pakubuwono Menteng,2026-04-30 14:53:04,100,100,37,78,,,,,56,31.6,,,
Depok,Cinere - Nafas,2026-04-30 14:53:09,124,124,50,89,,,,,0,0,,,
Bogor,Kabupaten Bogor Leuwiliang,2026-04-30 14:00:00,80,76,40,,4,9,0,80,,,,,
Tangerang,Tangerang Pasir Jaya,2026-04-30 14:00:00,144,144,63,,58,63,0,65,,,,,
Bekasi,Bekasi Kayuringin,2026-04-30 14:00:00,63,63,33,,39,15,0,7,,,,,
Jakarta,The Pakubuwono Menteng,2026-04-30 14:54:04,101,101,38,78,,,,,56,31.6,,,
Depok,Cinere - Nafas,2026-04-30 14:54:09,121,121,48,89,,,,,0,0,,,
Bogor,Kabupaten Bogor Leuwiliang,2026-04-30 14:00:00,80,76,40,,4,9,0,80,,,,,
Tangerang,Tangerang Pasir Jaya,2026-04-30 14:00:00,144,144,63,,58,63,0,65,,,,,
Bekasi,Bekasi Kayuringin,2026-04-30 14:00:00,63,63,33,,39,15,0,7,,,,,
Jakarta,The Pakubuwono Menteng,2026-04-30 14:55:03,103,103,41,79,,,,,56,31.5,,,
Depok,Cinere - Nafas,2026-04-30 14:56:09,116,116,47,87,,,,,0,0,,,
Bogor,Kabupaten Bogor Leuwiliang,2026-04-30 14:00:00,80,76,40,,4,9,0,80,,,,,
Tangerang,Tangerang Pasir Jaya,2026-04-30 14:00:00,144,144,63,,58,63,0,65,,,,,
Bekasi,Bekasi Kayuringin,2026-04-30 14:00:00,63,63,33,,39,15,0,7,,,,,
Jakarta,The Pakubuwono Menteng,2026-04-30 14:57:04,100,100,39,78,,,,,55,31.5,,,
Depok,Cinere - Nafas,2026-04-30 14:57:09,113,113,44,85,,,,,0,0,,,
Bogor,Kabupaten Bogor Leuwiliang,2026-04-30 14:00:00,80,76,40,,4,9,0,80,,,,,
Tangerang,Tangerang Pasir Jaya,2026-04-30 14:00:00,144,144,63,,58,63,0,65,,,,,
Bekasi,Bekasi Kayuringin,2026-04-30 14:00:00,63,63,33,,39,15,0,7,,,,,
Jakarta,The Pakubuwono Menteng,2026-04-30 14:58:03,97,97,36,74,,,,,55,31.4,,,
Depok,Cinere - Nafas,2026-04-30 14:58:09,116,116,44,86,,,,,0,0,,,
Bogor,Kabupaten Bogor Leuwiliang,2026-04-30 14:00:00,80,76,40,,4,9,0,80,,,,,
Tangerang,Tangerang Pasir Jaya,2026-04-30 14:00:00,144,144,63,,58,63,0,65,,,,,
Bekasi,Bekasi Kayuringin,2026-04-30 14:00:00,63,63,33,,39,15,0,7,,,,,
Jakarta,The Pakubuwono Menteng,2026-04-30 15:00:03,99,99,38,75,,,,,55,31.3,,,
Depok,Cinere - Nafas,2026-04-30 15:00:09,118,118,46,88,,,,,0,0,,,
Bogor,Kabupaten Bogor Leuwiliang,2026-04-30 14:00:00,80,76,40,,4,9,0,80,,,,,
Tangerang,Tangerang Pasir Jaya,2026-04-30 14:00:00,144,144,63,,58,63,0,65,,,,,
Bekasi,Bekasi Kayuringin,2026-04-30 14:00:00,63,63,33,,39,15,0,7,,,,,
Jakarta,The Pakubuwono Menteng,2026-04-30 15:01:04,100,100,37,76,,,,,55,31.3,,,
Depok,Cinere - Nafas,2026-04-30 15:01:09,115,115,46,84,,,,,0,0,,,
Bogor,Kabupaten Bogor Leuwiliang,2026-04-30 14:00:00,80,76,40,,4,9,0,80,,,,,
Tangerang,Tangerang Pasir Jaya,2026-04-30 14:00:00,144,144,63,,58,63,0,65,,,,,
Bekasi,Bekasi Kayuringin,2026-04-30 14:00:00,63,63,33,,39,15,0,7,,,,,
Jakarta,The Pakubuwono Menteng,2026-04-30 15:02:03,101,101,38,74,,,,,55,31.2,,,
Depok,Cinere - Nafas,2026-04-30 15:02:09,116,116,45,86,,,,,0,0,,,
Bogor,Kabupaten Bogor Leuwiliang,2026-04-30 14:00:00,80,76,40,,4,9,0,80,,,,,
Tangerang,Tangerang Pasir Jaya,2026-04-30 14:00:00,144,144,63,,58,63,0,65,,,,,
Bekasi,Bekasi Kayuringin,2026-04-30 14:00:00,63,63,33,,39,15,0,7,,,,,
Jakarta,The Pakubuwono Menteng,2026-04-30 15:03:04,99,99,36,74,,,,,56,31.1,,,
Depok,Cinere - Nafas,2026-04-30 15:03:09,115,115,45,83,,,,,0,0,,,
Bogor,Kabupaten Bogor Leuwiliang,2026-04-30 14:00:00,80,76,40,,4,9,0,80,,,,,
Tangerang,Tangerang Pasir Jaya,2026-04-30 14:00:00,144,144,63,,58,63,0,65,,,,,
Bekasi,Bekasi Kayuringin,2026-04-30 14:00:00,63,63,33,,39,15,0,7,,,,,
Jakarta,The Pakubuwono Menteng,2026-04-30 15:04:04,103,103,39,77,,,,,56,31.1,,,
Depok,Cinere - Nafas,2026-04-30 15:04:09,116,116,47,86,,,,,0,0,,,
Bogor,Kabupaten Bogor Leuwiliang,2026-04-30 14:00:00,80,76,40,,4,9,0,80,,,,,
Tangerang,Tangerang Pasir Jaya,2026-04-30 14:00:00,144,144,63,,58,63,0,65,,,,,
Bekasi,Bekasi Kayuringin,2026-04-30 14:00:00,63,63,33,,39,15,0,7,,,,,
Jakarta,The Pakubuwono Menteng,2026-04-30 15:06:04,98,98,35,74,,,,,56,31.1,,,
Depok,Cinere - Nafas,2026-04-30 15:06:09,118,118,46,86,,,,,0,0,,,
Bogor,Kabupaten Bogor Leuwiliang,2026-04-30 14:00:00,80,76,40,,4,9,0,80,,,,,
Tangerang,Tangerang Pasir Jaya,2026-04-30 14:00:00,144,144,63,,58,63,0,65,,,,,
Bekasi,Bekasi Kayuringin,2026-04-30 14:00:00,63,63,33,,39,15,0,7,,,,,
Jakarta,The Pakubuwono Menteng,2026-04-30 15:08:04,98,98,35,74,,,,,56,31.1,,,
Depok,Cinere - Nafas,2026-04-30 15:08:09,118,118,45,88,,,,,0,0,,,
Bogor,Kabupaten Bogor Leuwiliang,2026-04-30 14:00:00,80,76,40,,4,9,0,80,,,,,
Tangerang,Tangerang Pasir Jaya,2026-04-30 14:00:00,144,144,63,,58,63,0,65,,,,,
Bekasi,Bekasi Kayuringin,2026-04-30 14:00:00,63,63,33,,39,15,0,7,,,,,
Jakarta,The Pakubuwono Menteng,2026-04-30 15:08:04,98,98,35,74,,,,,56,31.1,,,
Depok,Cinere - Nafas,2026-04-30 15:08:09,118,118,45,88,,,,,0,0,,,
Bogor,Kabupaten Bogor Leuwiliang,2026-04-30 14:00:00,80,76,40,,4,9,0,80,,,,,
Tangerang,Tangerang Pasir Jaya,2026-04-30 14:00:00,144,144,63,,58,63,0,65,,,,,
Bekasi,Bekasi Kayuringin,2026-04-30 14:00:00,63,63,33,,39,15,0,7,,,,,
Jakarta,The Pakubuwono Menteng,2026-04-30 15:09:04,97,97,35,74,,,,,56,31.1,,,
Depok,Cinere - Nafas,2026-04-30 15:09:09,123,123,50,88,,,,,0,0,,,
Bogor,Kabupaten Bogor Leuwiliang,2026-04-30 15:00:00,80,75,39,,4,9,0,80,,,,,
Tangerang,Tangerang Pasir Jaya,2026-04-30 15:00:00,144,144,63,,58,63,0,65,,,,,
Bekasi,Bekasi Kayuringin,2026-04-30 15:00:00,63,63,33,,39,15,0,7,,,,,
Jakarta,The Pakubuwono Menteng,2026-04-30 15:10:04,95,95,35,74,,,,,56,31.2,,,
Depok,Cinere - Nafas,2026-04-30 15:10:09,121,121,49,88,,,,,0,0,,,
Bogor,Kabupaten Bogor Leuwiliang,2026-04-30 15:00:00,80,75,39,,4,9,0,80,,,,,
Tangerang,Tangerang Pasir Jaya,2026-04-30 15:00:00,144,144,63,,58,63,0,65,,,,,
Bekasi,Bekasi Kayuringin,2026-04-30 15:00:00,63,63,33,,39,15,0,7,,,,,
Jakarta,The Pakubuwono Menteng,2026-04-30 15:10:04,95,95,35,75,,,,,56,31.2,,,
Depok,Cinere - Nafas,2026-04-30 15:11:09,124,124,50,89,,,,,0,0,,,
Bogor,Kabupaten Bogor Leuwiliang,2026-04-30 15:00:00,80,75,39,,4,9,0,80,,,,,
Tangerang,Tangerang Pasir Jaya,2026-04-30 15:00:00,144,144,63,,58,63,0,65,,,,,
Bekasi,Bekasi Kayuringin,2026-04-30 15:00:00,63,63,33,,39,15,0,7,,,,,
Jakarta,The Pakubuwono Menteng,2026-04-30 15:12:04,97,97,35,74,,,,,55,31.2,,,
Depok,Cinere - Nafas,2026-04-30 15:12:09,123,123,50,89,,,,,0,0,,,
Bogor,Kabupaten Bogor Leuwiliang,2026-04-30 15:00:00,80,75,39,,4,9,0,80,,,,,
Tangerang,Tangerang Pasir Jaya,2026-04-30 15:00:00,144,144,63,,58,63,0,65,,,,,
Bekasi,Bekasi Kayuringin,2026-04-30 15:00:00,63,63,33,,39,15,0,7,,,,,
Jakarta,The Pakubuwono Menteng,2026-04-30 15:15:04,96,96,33,73,,,,,55,31.2,,,
Depok,Cinere - Nafas,2026-04-30 15:15:09,126,126,50,90,,,,,0,0,,,
Bogor,Kabupaten Bogor Leuwiliang,2026-04-30 15:00:00,80,75,39,,4,9,0,80,,,,,
Tangerang,Tangerang Pasir Jaya,2026-04-30 15:00:00,144,144,63,,58,63,0,65,,,,,
Bekasi,Bekasi Kayuringin,2026-04-30 15:00:00,63,63,33,,39,15,0,7,,,,,
Jakarta,The Pakubuwono Menteng,2026-04-30 15:16:04,95,95,34,73,,,,,55,31.2,,,
Depok,Cinere - Nafas,2026-04-30 15:16:09,121,121,49,88,,,,,0,0,,,
Bogor,Kabupaten Bogor Leuwiliang,2026-04-30 15:00:00,80,75,39,,4,9,0,80,,,,,
Tangerang,Tangerang Pasir Jaya,2026-04-30 15:00:00,144,144,63,,58,63,0,65,,,,,
Bekasi,Bekasi Kayuringin,2026-04-30 15:00:00,63,63,33,,39,15,0,7,,,,,
Jakarta,The Pakubuwono Menteng,2026-04-30 15:17:05,98,98,34,74,,,,,55,31.2,,,
Depok,Cinere - Nafas,2026-04-30 15:17:09,118,118,46,84,,,,,0,0,,,
Bogor,Kabupaten Bogor Leuwiliang,2026-04-30 15:00:00,80,75,39,,4,9,0,80,,,,,
Tangerang,Tangerang Pasir Jaya,2026-04-30 15:00:00,144,144,63,,58,63,0,65,,,,,
Bekasi,Bekasi Kayuringin,2026-04-30 15:00:00,63,63,33,,39,15,0,7,,,,,
Jakarta,The Pakubuwono Menteng,2026-04-30 15:18:04,94,94,33,73,,,,,55,31.3,,,
Depok,Cinere - Nafas,2026-04-30 15:18:09,118,118,46,86,,,,,0,0,,,
Bogor,Kabupaten Bogor Leuwiliang,2026-04-30 15:00:00,80,75,39,,4,9,0,80,,,,,
Tangerang,Tangerang Pasir Jaya,2026-04-30 15:00:00,144,144,63,,58,63,0,65,,,,,
Bekasi,Bekasi Kayuringin,2026-04-30 15:00:00,63,63,33,,39,15,0,7,,,,,
Jakarta,The Pakubuwono Menteng,2026-04-30 15:19:04,94,94,32,74,,,,,55,31.3,,,
Depok,Cinere - Nafas,2026-04-30 15:19:09,118,118,46,87,,,,,0,0,,,
Bogor,Kabupaten Bogor Leuwiliang,2026-04-30 15:00:00,80,75,39,,4,9,0,80,,,,,
Tangerang,Tangerang Pasir Jaya,2026-04-30 15:00:00,144,144,63,,58,63,0,65,,,,,
Bekasi,Bekasi Kayuringin,2026-04-30 15:00:00,63,63,33,,39,15,0,7,,,,,
Jakarta,The Pakubuwono Menteng,2026-04-30 15:20:04,95,95,33,72,,,,,55,31.4,,,
Depok,Cinere - Nafas,2026-04-30 15:20:09,122,122,48,88,,,,,0,0,,,
Bogor,Kabupaten Bogor Leuwiliang,2026-04-30 15:00:00,80,75,39,,4,9,0,80,,,,,
Tangerang,Tangerang Pasir Jaya,2026-04-30 15:00:00,144,144,63,,58,63,0,65,,,,,
Bekasi,Bekasi Kayuringin,2026-04-30 15:00:00,63,63,33,,39,15,0,7,,,,,
Jakarta,The Pakubuwono Menteng,2026-04-30 15:21:04,98,98,35,74,,,,,55,31.4,,,
Depok,Cinere - Nafas,2026-04-30 15:21:09,121,121,48,88,,,,,0,0,,,
Bogor,Kabupaten Bogor Leuwiliang,2026-04-30 15:00:00,80,75,39,,4,9,0,80,,,,,
Tangerang,Tangerang Pasir Jaya,2026-04-30 15:00:00,144,144,63,,58,63,0,65,,,,,
Bekasi,Bekasi Kayuringin,2026-04-30 15:00:00,63,63,33,,39,15,0,7,,,,,
Jakarta,The Pakubuwono Menteng,2026-04-30 15:23:04,97,97,34,74,,,,,55,31.5,,,
Depok,Cinere - Nafas,2026-04-30 15:23:09,118,118,47,86,,,,,0,0,,,
Bogor,Kabupaten Bogor Leuwiliang,2026-04-30 15:00:00,80,75,39,,4,9,0,80,,,,,
Tangerang,Tangerang Pasir Jaya,2026-04-30 15:00:00,144,144,63,,58,63,0,65,,,,,
Bekasi,Bekasi Kayuringin,2026-04-30 15:00:00,63,63,33,,39,15,0,7,,,,,
Jakarta,The Pakubuwono Menteng,2026-04-30 15:24:04,95,95,34,72,,,,,55,31.6,,,
Depok,Cinere - Nafas,2026-04-30 15:24:09,124,124,49,89,,,,,0,0,,,
Bogor,Kabupaten Bogor Leuwiliang,2026-04-30 15:00:00,80,75,39,,4,9,0,80,,,,,
Tangerang,Tangerang Pasir Jaya,2026-04-30 15:00:00,144,144,63,,58,63,0,65,,,,,
Bekasi,Bekasi Kayuringin,2026-04-30 15:00:00,63,63,33,,39,15,0,7,,,,,
Jakarta,The Pakubuwono Menteng,2026-04-30 15:25:04,94,94,33,74,,,,,55,31.7,,,
Depok,Cinere - Nafas,2026-04-30 15:25:09,120,120,48,88,,,,,0,0,,,
Bogor,Kabupaten Bogor Leuwiliang,2026-04-30 15:00:00,80,75,39,,4,9,0,80,,,,,
Tangerang,Tangerang Pasir Jaya,2026-04-30 15:00:00,144,144,63,,58,63,0,65,,,,,
Bekasi,Bekasi Kayuringin,2026-04-30 15:00:00,63,63,33,,39,15,0,7,,,,,
Jakarta,The Pakubuwono Menteng,2026-04-30 15:26:04,95,95,34,72,,,,,55,31.8,,,
Depok,Cinere - Nafas,2026-04-30 15:26:09,123,123,48,90,,,,,0,0,,,
Bogor,Kabupaten Bogor Leuwiliang,2026-04-30 15:00:00,80,75,39,,4,9,0,80,,,,,
Tangerang,Tangerang Pasir Jaya,2026-04-30 15:00:00,144,144,63,,58,63,0,65,,,,,
Bekasi,Bekasi Kayuringin,2026-04-30 15:00:00,63,63,33,,39,15,0,7,,,,,
Jakarta,The Pakubuwono Menteng,2026-04-30 15:27:04,94,94,33,72,,,,,54,31.8,,,
Depok,Cinere - Nafas,2026-04-30 15:27:09,123,123,50,87,,,,,0,0,,,
Bogor,Kabupaten Bogor Leuwiliang,2026-04-30 15:00:00,80,75,39,,4,9,0,80,,,,,
Tangerang,Tangerang Pasir Jaya,2026-04-30 15:00:00,144,144,63,,58,63,0,65,,,,,
Bekasi,Bekasi Kayuringin,2026-04-30 15:00:00,63,63,33,,39,15,0,7,,,,,
Jakarta,The Pakubuwono Menteng,2026-04-30 15:28:04,97,97,34,75,,,,,54,31.9,,,
Depok,Cinere - Nafas,2026-04-30 15:28:09,118,118,47,89,,,,,0,0,,,
Bogor,Kabupaten Bogor Leuwiliang,2026-04-30 15:00:00,80,75,39,,4,9,0,80,,,,,
Tangerang,Tangerang Pasir Jaya,2026-04-30 15:00:00,144,144,63,,58,63,0,65,,,,,
Bekasi,Bekasi Kayuringin,2026-04-30 15:00:00,63,63,33,,39,15,0,7,,,,,
Jakarta,The Pakubuwono Menteng,2026-04-30 15:30:04,95,95,32,73,,,,,54,32,,,
Depok,Cinere - Nafas,2026-04-30 15:30:09,122,122,48,87,,,,,0,0,,,
Bogor,Kabupaten Bogor Leuwiliang,2026-04-30 15:00:00,80,75,39,,4,9,0,80,,,,,
Tangerang,Tangerang Pasir Jaya,2026-04-30 15:00:00,144,144,63,,58,63,0,65,,,,,
Bekasi,Bekasi Kayuringin,2026-04-30 15:00:00,63,63,33,,39,15,0,7,,,,,
Jakarta,The Pakubuwono Menteng,2026-04-30 15:31:04,91,91,32,71,,,,,54,32,,,
Depok,Cinere - Nafas,2026-04-30 15:31:09,125,125,50,88,,,,,0,0,,,
Bogor,Kabupaten Bogor Leuwiliang,2026-04-30 15:00:00,80,75,39,,4,9,0,80,,,,,
Tangerang,Tangerang Pasir Jaya,2026-04-30 15:00:00,144,144,63,,58,63,0,65,,,,,
Bekasi,Bekasi Kayuringin,2026-04-30 15:00:00,63,63,33,,39,15,0,7,,,,,
Jakarta,The Pakubuwono Menteng,2026-04-30 15:32:04,87,87,28,69,,,,,53,32,,,
Depok,Cinere - Nafas,2026-04-30 15:32:09,121,121,48,87,,,,,0,0,,,
Bogor,Kabupaten Bogor Leuwiliang,2026-04-30 15:00:00,80,75,39,,4,9,0,80,,,,,
Tangerang,Tangerang Pasir Jaya,2026-04-30 15:00:00,144,144,63,,58,63,0,65,,,,,
Bekasi,Bekasi Kayuringin,2026-04-30 15:00:00,63,63,33,,39,15,0,7,,,,,
Jakarta,The Pakubuwono Menteng,2026-04-30 15:34:04,82,82,25,65,,,,,52,32,,,
Depok,Cinere - Nafas,2026-04-30 15:34:09,122,122,48,87,,,,,0,0,,,
Bogor,Kabupaten Bogor Leuwiliang,2026-04-30 15:00:00,80,75,39,,4,9,0,80,,,,,
Tangerang,Tangerang Pasir Jaya,2026-04-30 15:00:00,144,144,63,,58,63,0,65,,,,,
Bekasi,Bekasi Kayuringin,2026-04-30 15:00:00,63,63,33,,39,15,0,7,,,,,
Jakarta,The Pakubuwono Menteng,2026-04-30 15:35:04,78,78,25,67,,,,,52,32,,,
Depok,Cinere - Nafas,2026-04-30 15:35:09,123,123,49,88,,,,,0,0,,,
Bogor,Kabupaten Bogor Leuwiliang,2026-04-30 15:00:00,80,75,39,,4,9,0,80,,,,,
Tangerang,Tangerang Pasir Jaya,2026-04-30 15:00:00,144,144,63,,58,63,0,65,,,,,
Bekasi,Bekasi Kayuringin,2026-04-30 15:00:00,63,63,33,,39,15,0,7,,,,,
Jakarta,The Pakubuwono Menteng,2026-04-30 15:36:04,77,77,24,64,,,,,53,31.9,,,
Depok,Cinere - Nafas,2026-04-30 15:36:09,120,120,49,87,,,,,0,0,,,
Bogor,Kabupaten Bogor Leuwiliang,2026-04-30 15:00:00,80,75,39,,4,9,0,80,,,,,
Tangerang,Tangerang Pasir Jaya,2026-04-30 15:00:00,144,144,63,,58,63,0,65,,,,,
Bekasi,Bekasi Kayuringin,2026-04-30 15:00:00,63,63,33,,39,15,0,7,,,,,
Jakarta,The Pakubuwono Menteng,2026-04-30 15:37:04,79,79,24,64,,,,,53,31.9,,,
Depok,Cinere - Nafas,2026-04-30 15:37:09,126,126,50,90,,,,,0,0,,,
Bogor,Kabupaten Bogor Leuwiliang,2026-04-30 15:00:00,80,75,39,,4,9,0,80,,,,,
Tangerang,Tangerang Pasir Jaya,2026-04-30 15:00:00,144,144,63,,58,63,0,65,,,,,
Bekasi,Bekasi Kayuringin,2026-04-30 15:00:00,63,63,33,,39,15,0,7,,,,,
Jakarta,The Pakubuwono Menteng,2026-04-30 15:38:04,77,77,23,64,,,,,53,31.9,,,
Depok,Cinere - Nafas,2026-04-30 15:38:09,125,125,50,89,,,,,0,0,,,
Bogor,Kabupaten Bogor Leuwiliang,2026-04-30 15:00:00,80,75,39,,4,9,0,80,,,,,
Tangerang,Tangerang Pasir Jaya,2026-04-30 15:00:00,144,144,63,,58,63,0,65,,,,,
Bekasi,Bekasi Kayuringin,2026-04-30 15:00:00,63,63,33,,39,15,0,7,,,,,
Jakarta,The Pakubuwono Menteng,2026-04-30 15:39:04,74,74,23,61,,,,,52,31.8,,,
Depok,Cinere - Nafas,2026-04-30 15:39:09,123,123,50,89,,,,,0,0,,,
Bogor,Kabupaten Bogor Leuwiliang,2026-04-30 15:00:00,80,75,39,,4,9,0,80,,,,,
Tangerang,Tangerang Pasir Jaya,2026-04-30 15:00:00,144,144,63,,58,63,0,65,,,,,
Bekasi,Bekasi Kayuringin,2026-04-30 15:00:00,63,63,33,,39,15,0,7,,,,,
Jakarta,The Pakubuwono Menteng,2026-04-30 15:40:04,71,71,21,58,,,,,53,31.8,,,
Depok,Cinere - Nafas,2026-04-30 15:40:09,124,124,49,89,,,,,0,0,,,
Bogor,Kabupaten Bogor Leuwiliang,2026-04-30 15:00:00,80,75,39,,4,9,0,80,,,,,
Tangerang,Tangerang Pasir Jaya,2026-04-30 15:00:00,144,144,63,,58,63,0,65,,,,,
Bekasi,Bekasi Kayuringin,2026-04-30 15:00:00,63,63,33,,39,15,0,7,,,,,
Jakarta,The Pakubuwono Menteng,2026-04-30 15:41:05,71,71,20,54,,,,,53,31.7,,,
Depok,Cinere - Nafas,2026-04-30 15:41:10,123,123,50,90,,,,,0,0,,,
Bogor,Kabupaten Bogor Leuwiliang,2026-04-30 15:00:00,80,75,39,,4,9,0,80,,,,,
Tangerang,Tangerang Pasir Jaya,2026-04-30 15:00:00,144,144,63,,58,63,0,65,,,,,
Bekasi,Bekasi Kayuringin,2026-04-30 15:00:00,63,63,33,,39,15,0,7,,,,,
Jakarta,The Pakubuwono Menteng,2026-04-30 15:42:04,73,73,21,56,,,,,53,31.7,,,
Depok,Cinere - Nafas,2026-04-30 15:44:09,138,138,54,97,,,,,0,0,,,
Bogor,Kabupaten Bogor Leuwiliang,2026-04-30 15:00:00,80,75,39,,4,9,0,80,,,,,
Tangerang,Tangerang Pasir Jaya,2026-04-30 15:00:00,144,144,63,,58,63,0,65,,,,,
Bekasi,Bekasi Kayuringin,2026-04-30 15:00:00,63,63,33,,39,15,0,7,,,,,
Jakarta,The Pakubuwono Menteng,2026-04-30 15:45:04,62,62,20,41,,,,,54,31.6,,,
Depok,Cinere - Nafas,2026-04-30 15:45:09,136,136,54,96,,,,,0,0,,,
Bogor,Kabupaten Bogor Leuwiliang,2026-04-30 15:00:00,80,75,39,,4,9,0,80,,,,,
Tangerang,Tangerang Pasir Jaya,2026-04-30 15:00:00,144,144,63,,58,63,0,65,,,,,
Bekasi,Bekasi Kayuringin,2026-04-30 15:00:00,63,63,33,,39,15,0,7,,,,,
Jakarta,The Pakubuwono Menteng,2026-04-30 15:46:04,74,74,22,57,,,,,54,31.6,,,
Depok,Cinere - Nafas,2026-04-30 15:46:09,137,137,54,95,,,,,0,0,,,
Bogor,Kabupaten Bogor Leuwiliang,2026-04-30 15:00:00,80,75,39,,4,9,0,80,,,,,
Tangerang,Tangerang Pasir Jaya,2026-04-30 15:00:00,144,144,63,,58,63,0,65,,,,,
Bekasi,Bekasi Kayuringin,2026-04-30 15:00:00,63,63,33,,39,15,0,7,,,,,
Jakarta,The Pakubuwono Menteng,2026-04-30 15:47:04,79,79,24,62,,,,,54,31.5,,,
Depok,Cinere - Nafas,2026-04-30 15:47:10,136,136,53,96,,,,,0,0,,,
Bogor,Kabupaten Bogor Leuwiliang,2026-04-30 15:00:00,80,75,39,,4,9,0,80,,,,,
Tangerang,Tangerang Pasir Jaya,2026-04-30 15:00:00,144,144,63,,58,63,0,65,,,,,
Bekasi,Bekasi Kayuringin,2026-04-30 15:00:00,63,63,33,,39,15,0,7,,,,,
Jakarta,The Pakubuwono Menteng,2026-04-30 15:48:05,84,84,28,65,,,,,55,31.5,,,
Depok,Cinere - Nafas,2026-04-30 15:48:10,133,133,53,95,,,,,0,0,,,
Bogor,Kabupaten Bogor Leuwiliang,2026-04-30 15:00:00,80,75,39,,4,9,0,80,,,,,
Tangerang,Tangerang Pasir Jaya,2026-04-30 15:00:00,144,144,63,,58,63,0,65,,,,,
Bekasi,Bekasi Kayuringin,2026-04-30 15:00:00,63,63,33,,39,15,0,7,,,,,
Jakarta,The Pakubuwono Menteng,2026-04-30 15:49:04,79,79,23,64,,,,,55,31.5,,,
Depok,Cinere - Nafas,2026-04-30 15:49:09,134,134,52,95,,,,,0,0,,,
Bogor,Kabupaten Bogor Leuwiliang,2026-04-30 15:00:00,80,75,39,,4,9,0,80,,,,,
Tangerang,Tangerang Pasir Jaya,2026-04-30 15:00:00,144,144,63,,58,63,0,65,,,,,
Bekasi,Bekasi Kayuringin,2026-04-30 15:00:00,63,63,33,,39,15,0,7,,,,,
Jakarta,The Pakubuwono Menteng,2026-04-30 15:50:04,78,78,23,57,,,,,55,31.5,,,
Depok,Cinere - Nafas,2026-04-30 15:50:09,131,131,53,96,,,,,0,0,,,
Bogor,Kabupaten Bogor Leuwiliang,2026-04-30 15:00:00,80,75,39,,4,9,0,80,,,,,
Tangerang,Tangerang Pasir Jaya,2026-04-30 15:00:00,144,144,63,,58,63,0,65,,,,,
Bekasi,Bekasi Kayuringin,2026-04-30 15:00:00,63,63,33,,39,15,0,7,,,,,
Jakarta,The Pakubuwono Menteng,2026-04-30 15:52:04,70,70,20,57,,,,,55,31.5,,,
Depok,Cinere - Nafas,2026-04-30 15:52:10,136,136,53,95,,,,,0,0,,,
Bogor,Kabupaten Bogor Leuwiliang,2026-04-30 15:00:00,80,75,39,,4,9,0,80,,,,,
Tangerang,Tangerang Pasir Jaya,2026-04-30 15:00:00,144,144,63,,58,63,0,65,,,,,
Bekasi,Bekasi Kayuringin,2026-04-30 15:00:00,63,63,33,,39,15,0,7,,,,,
Jakarta,The Pakubuwono Menteng,2026-04-30 15:53:05,76,76,23,57,,,,,54,31.5,,,
Depok,Cinere - Nafas,2026-04-30 15:53:10,138,138,53,96,,,,,0,0,,,
Bogor,Kabupaten Bogor Leuwiliang,2026-04-30 15:00:00,80,75,39,,4,9,0,80,,,,,
Tangerang,Tangerang Pasir Jaya,2026-04-30 15:00:00,144,144,63,,58,63,0,65,,,,,
Bekasi,Bekasi Kayuringin,2026-04-30 15:00:00,63,63,33,,39,15,0,7,,,,,
Jakarta,The Pakubuwono Menteng,2026-04-30 15:54:04,79,79,24,60,,,,,54,31.5,,,
Depok,Cinere - Nafas,2026-04-30 15:54:10,138,138,55,99,,,,,0,0,,,
Bogor,Kabupaten Bogor Leuwiliang,2026-04-30 15:00:00,80,75,39,,4,9,0,80,,,,,
Tangerang,Tangerang Pasir Jaya,2026-04-30 15:00:00,144,144,63,,58,63,0,65,,,,,
Bekasi,Bekasi Kayuringin,2026-04-30 15:00:00,63,63,33,,39,15,0,7,,,,,
Jakarta,The Pakubuwono Menteng,2026-04-30 15:55:05,71,71,21,58,,,,,54,31.4,,,
Depok,Cinere - Nafas,2026-04-30 15:55:10,139,139,54,96,,,,,0,0,,,
Bogor,Kabupaten Bogor Leuwiliang,2026-04-30 15:00:00,80,75,39,,4,9,0,80,,,,,
Tangerang,Tangerang Pasir Jaya,2026-04-30 15:00:00,144,144,63,,58,63,0,65,,,,,
Bekasi,Bekasi Kayuringin,2026-04-30 15:00:00,63,63,33,,39,15,0,7,,,,,
Jakarta,The Pakubuwono Menteng,2026-04-30 15:56:04,71,71,21,55,,,,,54,31.4,,,
Depok,Cinere - Nafas,2026-04-30 15:56:10,136,136,54,96,,,,,0,0,,,
Bogor,Kabupaten Bogor Leuwiliang,2026-04-30 15:00:00,80,75,39,,4,9,0,80,,,,,
Tangerang,Tangerang Pasir Jaya,2026-04-30 15:00:00,144,144,63,,58,63,0,65,,,,,
Bekasi,Bekasi Kayuringin,2026-04-30 15:00:00,63,63,33,,39,15,0,7,,,,,
Jakarta,The Pakubuwono Menteng,2026-04-30 15:57:05,74,74,22,56,,,,,54,31.4,,,
Depok,Cinere - Nafas,2026-04-30 15:57:10,134,134,53,95,,,,,0,0,,,
Bogor,Kabupaten Bogor Leuwiliang,2026-04-30 15:00:00,80,75,39,,4,9,0,80,,,,,
Tangerang,Tangerang Pasir Jaya,2026-04-30 15:00:00,144,144,63,,58,63,0,65,,,,,
Bekasi,Bekasi Kayuringin,2026-04-30 15:00:00,63,63,33,,39,15,0,7,,,,,
Jakarta,The Pakubuwono Menteng,2026-04-30 15:58:04,72,72,20,53,,,,,55,31.3,,,
Depok,Cinere - Nafas,2026-04-30 15:58:10,139,139,54,97,,,,,0,0,,,
Bogor,Kabupaten Bogor Leuwiliang,2026-04-30 15:00:00,80,75,39,,4,9,0,80,,,,,
Tangerang,Tangerang Pasir Jaya,2026-04-30 15:00:00,144,144,63,,58,63,0,65,,,,,
Bekasi,Bekasi Kayuringin,2026-04-30 15:00:00,63,63,33,,39,15,0,7,,,,,
Jakarta,The Pakubuwono Menteng,2026-04-30 16:00:05,72,72,20,55,,,,,55,31.3,,,
Depok,Cinere - Nafas,2026-04-30 16:00:10,136,136,53,95,,,,,0,0,,,
Bogor,Kabupaten Bogor Leuwiliang,2026-04-30 15:00:00,80,75,39,,4,9,0,80,,,,,
Tangerang,Tangerang Pasir Jaya,2026-04-30 15:00:00,144,144,63,,58,63,0,65,,,,,
Bekasi,Bekasi Kayuringin,2026-04-30 15:00:00,63,63,33,,39,15,0,7,,,,,
Jakarta,The Pakubuwono Menteng,2026-04-30 16:01:04,73,73,23,60,,,,,55,31.3,,,
Depok,Cinere - Nafas,2026-04-30 16:01:10,140,140,54,98,,,,,0,0,,,
Bogor,Kabupaten Bogor Leuwiliang,2026-04-30 15:00:00,80,75,39,,4,9,0,80,,,,,
Tangerang,Tangerang Pasir Jaya,2026-04-30 15:00:00,144,144,63,,58,63,0,65,,,,,
Bekasi,Bekasi Kayuringin,2026-04-30 15:00:00,63,63,33,,39,15,0,7,,,,,
Jakarta,The Pakubuwono Menteng,2026-04-30 16:02:05,89,89,29,71,,,,,55,31.2,,,
Depok,Cinere - Nafas,2026-04-30 16:03:10,144,144,56,101,,,,,0,0,,,
Bogor,Kabupaten Bogor Leuwiliang,2026-04-30 15:00:00,80,75,39,,4,9,0,80,,,,,
Tangerang,Tangerang Pasir Jaya,2026-04-30 15:00:00,144,144,63,,58,63,0,65,,,,,
Bekasi,Bekasi Kayuringin,2026-04-30 15:00:00,63,63,33,,39,15,0,7,,,,,
Jakarta,The Pakubuwono Menteng,2026-04-30 16:04:05,76,76,23,59,,,,,55,31.2,,,
Depok,Cinere - Nafas,2026-04-30 16:04:10,140,140,55,97,,,,,0,0,,,
Bogor,Kabupaten Bogor Leuwiliang,2026-04-30 15:00:00,80,75,39,,4,9,0,80,,,,,
Tangerang,Tangerang Pasir Jaya,2026-04-30 15:00:00,144,144,63,,58,63,0,65,,,,,
Bekasi,Bekasi Kayuringin,2026-04-30 15:00:00,63,63,33,,39,15,0,7,,,,,
Jakarta,The Pakubuwono Menteng,2026-04-30 16:05:05,75,75,22,55,,,,,55,31.2,,,
Depok,Cinere - Nafas,2026-04-30 16:05:10,139,139,54,97,,,,,0,0,,,
Bogor,Kabupaten Bogor Leuwiliang,2026-04-30 15:00:00,80,75,39,,4,9,0,80,,,,,
Tangerang,Tangerang Pasir Jaya,2026-04-30 15:00:00,144,144,63,,58,63,0,65,,,,,
Bekasi,Bekasi Kayuringin,2026-04-30 15:00:00,63,63,33,,39,15,0,7,,,,,
Jakarta,The Pakubuwono Menteng,2026-04-30 16:06:05,76,76,23,57,,,,,55,31.1,,,
Depok,Cinere - Nafas,2026-04-30 16:06:10,146,146,56,100,,,,,0,0,,,
Bogor,Kabupaten Bogor Leuwiliang,2026-04-30 15:00:00,80,75,39,,4,9,0,80,,,,,
Tangerang,Tangerang Pasir Jaya,2026-04-30 15:00:00,144,144,63,,58,63,0,65,,,,,
Bekasi,Bekasi Kayuringin,2026-04-30 15:00:00,63,63,33,,39,15,0,7,,,,,
Jakarta,The Pakubuwono Menteng,2026-04-30 16:07:05,81,81,24,62,,,,,55,31.1,,,
Depok,Cinere - Nafas,2026-04-30 16:07:10,150,150,56,99,,,,,0,0,,,
Bogor,Kabupaten Bogor Leuwiliang,2026-04-30 15:00:00,80,75,39,,4,9,0,80,,,,,
Tangerang,Tangerang Pasir Jaya,2026-04-30 15:00:00,144,144,63,,58,63,0,65,,,,,
Bekasi,Bekasi Kayuringin,2026-04-30 15:00:00,63,63,33,,39,15,0,7,,,,,
Jakarta,The Pakubuwono Menteng,2026-04-30 16:08:05,78,78,24,64,,,,,56,31.1,,,
Depok,Cinere - Nafas,2026-04-30 16:08:10,141,141,55,99,,,,,0,0,,,
Bogor,Kabupaten Bogor Leuwiliang,2026-04-30 15:00:00,80,75,39,,4,9,0,80,,,,,
Tangerang,Tangerang Pasir Jaya,2026-04-30 15:00:00,144,144,63,,58,63,0,65,,,,,
Bekasi,Bekasi Kayuringin,2026-04-30 15:00:00,63,63,33,,39,15,0,7,,,,,
Jakarta,The Pakubuwono Menteng,2026-04-30 16:09:05,97,97,36,77,,,,,56,31.1,,,
Depok,Cinere - Nafas,2026-04-30 16:09:10,144,144,56,101,,,,,0,0,,,
Bogor,Kabupaten Bogor Leuwiliang,2026-04-30 16:00:00,80,74,38,,4,9,0,80,,,,,
Tangerang,Tangerang Pasir Jaya,2026-04-30 16:00:00,140,140,61,,58,63,0,65,,,,,
Bekasi,Bekasi Kayuringin,2026-04-30 16:00:00,63,63,33,,39,15,0,7,,,,,
Jakarta,The Pakubuwono Menteng,2026-04-30 16:10:05,77,77,23,66,,,,,56,31.1,,,
Depok,Cinere - Nafas,2026-04-30 16:10:10,143,143,56,99,,,,,0,0,,,
Bogor,Kabupaten Bogor Leuwiliang,2026-04-30 16:00:00,80,74,38,,4,9,0,80,,,,,
Tangerang,Tangerang Pasir Jaya,2026-04-30 16:00:00,140,140,61,,58,63,0,65,,,,,
Bekasi,Bekasi Kayuringin,2026-04-30 16:00:00,63,63,33,,39,15,0,7,,,,,
Jakarta,The Pakubuwono Menteng,2026-04-30 16:11:05,72,72,21,57,,,,,56,31.1,,,
Depok,Cinere - Nafas,2026-04-30 16:12:10,138,138,55,96,,,,,0,0,,,
Bogor,Kabupaten Bogor Leuwiliang,2026-04-30 16:00:00,80,74,38,,4,9,0,80,,,,,
Tangerang,Tangerang Pasir Jaya,2026-04-30 16:00:00,140,140,61,,58,63,0,65,,,,,
Bekasi,Bekasi Kayuringin,2026-04-30 16:00:00,63,63,33,,39,15,0,7,,,,,
Jakarta,The Pakubuwono Menteng,2026-04-30 16:14:05,78,78,24,66,,,,,56,31.1,,,
Depok,Cinere - Nafas,2026-04-30 16:14:10,138,138,54,96,,,,,0,0,,,
Bogor,Kabupaten Bogor Leuwiliang,2026-04-30 16:00:00,80,74,38,,4,9,0,80,,,,,
Tangerang,Tangerang Pasir Jaya,2026-04-30 16:00:00,140,140,61,,58,63,0,65,,,,,
Bekasi,Bekasi Kayuringin,2026-04-30 16:00:00,63,63,33,,39,15,0,7,,,,,
Jakarta,The Pakubuwono Menteng,2026-04-30 16:15:05,76,76,22,64,,,,,56,31.2,,,
Depok,Cinere - Nafas,2026-04-30 16:15:10,135,135,53,96,,,,,0,0,,,
Bogor,Kabupaten Bogor Leuwiliang,2026-04-30 16:00:00,80,74,38,,4,9,0,80,,,,,
Tangerang,Tangerang Pasir Jaya,2026-04-30 16:00:00,140,140,61,,58,63,0,65,,,,,
Bekasi,Bekasi Kayuringin,2026-04-30 16:00:00,63,63,33,,39,15,0,7,,,,,
Jakarta,The Pakubuwono Menteng,2026-04-30 16:16:05,77,77,26,63,,,,,56,31.1,,,
Depok,Cinere - Nafas,2026-04-30 16:16:10,135,135,53,95,,,,,0,0,,,
Bogor,Kabupaten Bogor Leuwiliang,2026-04-30 16:00:00,80,74,38,,4,9,0,80,,,,,
Tangerang,Tangerang Pasir Jaya,2026-04-30 16:00:00,140,140,61,,58,63,0,65,,,,,
Bekasi,Bekasi Kayuringin,2026-04-30 16:00:00,63,63,33,,39,15,0,7,,,,,
Jakarta,The Pakubuwono Menteng,2026-04-30 16:17:05,80,80,24,64,,,,,56,31.1,,,
Depok,Cinere - Nafas,2026-04-30 16:17:10,136,136,53,94,,,,,0,0,,,
Bogor,Kabupaten Bogor Leuwiliang,2026-04-30 16:00:00,80,74,38,,4,9,0,80,,,,,
Tangerang,Tangerang Pasir Jaya,2026-04-30 16:00:00,140,140,61,,58,63,0,65,,,,,
Bekasi,Bekasi Kayuringin,2026-04-30 16:00:00,63,63,33,,39,15,0,7,,,,,
Jakarta,The Pakubuwono Menteng,2026-04-30 16:18:05,78,78,24,63,,,,,56,31.1,,,
Depok,Cinere - Nafas,2026-04-30 16:18:10,136,136,54,96,,,,,0,0,,,
Bogor,Kabupaten Bogor Leuwiliang,2026-04-30 16:00:00,80,74,38,,4,9,0,80,,,,,
Tangerang,Tangerang Pasir Jaya,2026-04-30 16:00:00,140,140,61,,58,63,0,65,,,,,
Bekasi,Bekasi Kayuringin,2026-04-30 16:00:00,63,63,33,,39,15,0,7,,,,,
Jakarta,The Pakubuwono Menteng,2026-04-30 16:19:05,79,79,23,65,,,,,56,31.1,,,
Depok,Cinere - Nafas,2026-04-30 16:19:10,116,116,47,85,,,,,0,0,,,
Bogor,Kabupaten Bogor Leuwiliang,2026-04-30 16:00:00,80,74,38,,4,9,0,80,,,,,
Tangerang,Tangerang Pasir Jaya,2026-04-30 16:00:00,140,140,61,,58,63,0,65,,,,,
Bekasi,Bekasi Kayuringin,2026-04-30 16:00:00,63,63,33,,39,15,0,7,,,,,
Jakarta,The Pakubuwono Menteng,2026-04-30 16:19:05,79,79,23,65,,,,,56,31.1,,,
Depok,Cinere - Nafas,2026-04-30 16:19:10,116,116,47,85,,,,,0,0,,,
Bogor,Kabupaten Bogor Leuwiliang,2026-04-30 16:00:00,80,74,38,,4,9,0,80,,,,,
Tangerang,Tangerang Pasir Jaya,2026-04-30 16:00:00,140,140,61,,58,63,0,65,,,,,
Bekasi,Bekasi Kayuringin,2026-04-30 16:00:00,63,63,33,,39,15,0,7,,,,,
Jakarta,The Pakubuwono Menteng,2026-04-30 16:19:05,79,79,23,65,,,,,56,31.1,,,
Depok,Cinere - Nafas,2026-04-30 16:20:10,113,113,45,81,,,,,0,0,,,
Bogor,Kabupaten Bogor Leuwiliang,2026-04-30 16:00:00,80,74,38,,4,9,0,80,,,,,
Tangerang,Tangerang Pasir Jaya,2026-04-30 16:00:00,140,140,61,,58,63,0,65,,,,,
Bekasi,Bekasi Kayuringin,2026-04-30 16:00:00,63,63,33,,39,15,0,7,,,,,
Jakarta,The Pakubuwono Menteng,2026-04-30 16:23:05,76,76,22,61,,,,,56,31.1,,,
Depok,Cinere - Nafas,2026-04-30 16:23:10,106,106,43,79,,,,,0,0,,,
Bogor,Kabupaten Bogor Leuwiliang,2026-04-30 16:00:00,80,74,38,,4,9,0,80,,,,,
Tangerang,Tangerang Pasir Jaya,2026-04-30 16:00:00,140,140,61,,58,63,0,65,,,,,
Bekasi,Bekasi Kayuringin,2026-04-30 16:00:00,63,63,33,,39,15,0,7,,,,,
Jakarta,The Pakubuwono Menteng,2026-04-30 16:24:05,74,74,22,59,,,,,56,31.1,,,
Depok,Cinere - Nafas,2026-04-30 16:24:11,108,108,40,79,,,,,0,0,,,
Bogor,Kabupaten Bogor Leuwiliang,2026-04-30 16:00:00,80,74,38,,4,9,0,80,,,,,
Tangerang,Tangerang Pasir Jaya,2026-04-30 16:00:00,140,140,61,,58,63,0,65,,,,,
Bekasi,Bekasi Kayuringin,2026-04-30 16:00:00,63,63,33,,39,15,0,7,,,,,
Jakarta,The Pakubuwono Menteng,2026-04-30 16:25:05,76,76,22,59,,,,,56,31.1,,,
Depok,Cinere - Nafas,2026-04-30 16:25:10,107,107,41,79,,,,,0,0,,,
Bogor,Kabupaten Bogor Leuwiliang,2026-04-30 16:00:00,80,74,38,,4,9,0,80,,,,,
Tangerang,Tangerang Pasir Jaya,2026-04-30 16:00:00,140,140,61,,58,63,0,65,,,,,
Bekasi,Bekasi Kayuringin,2026-04-30 16:00:00,63,63,33,,39,15,0,7,,,,,
Jakarta,The Pakubuwono Menteng,2026-04-30 16:26:05,77,77,22,57,,,,,56,31.1,,,
Depok,Cinere - Nafas,2026-04-30 16:26:10,108,108,43,80,,,,,0,0,,,
Bogor,Kabupaten Bogor Leuwiliang,2026-04-30 16:00:00,80,74,38,,4,9,0,80,,,,,
Tangerang,Tangerang Pasir Jaya,2026-04-30 16:00:00,140,140,61,,58,63,0,65,,,,,
Bekasi,Bekasi Kayuringin,2026-04-30 16:00:00,63,63,33,,39,15,0,7,,,,,
Jakarta,The Pakubuwono Menteng,2026-04-30 16:27:05,73,73,22,56,,,,,55,31.1,,,
Depok,Cinere - Nafas,2026-04-30 16:27:11,92,92,34,73,,,,,0,0,,,
Bogor,Kabupaten Bogor Leuwiliang,2026-04-30 16:00:00,80,74,38,,4,9,0,80,,,,,
Tangerang,Tangerang Pasir Jaya,2026-04-30 16:00:00,140,140,61,,58,63,0,65,,,,,
Bekasi,Bekasi Kayuringin,2026-04-30 16:00:00,63,63,33,,39,15,0,7,,,,,
Jakarta,The Pakubuwono Menteng,2026-04-30 16:28:05,73,73,21,55,,,,,56,31.1,,,
Depok,Cinere - Nafas,2026-04-30 16:28:10,97,97,37,72,,,,,0,0,,,
Bogor,Kabupaten Bogor Leuwiliang,2026-04-30 16:00:00,80,74,38,,4,9,0,80,,,,,
Tangerang,Tangerang Pasir Jaya,2026-04-30 16:00:00,140,140,61,,58,63,0,65,,,,,
Bekasi,Bekasi Kayuringin,2026-04-30 16:00:00,63,63,33,,39,15,0,7,,,,,
Jakarta,The Pakubuwono Menteng,2026-04-30 16:30:05,75,75,22,55,,,,,56,31,,,
Depok,Cinere - Nafas,2026-04-30 16:30:10,103,103,41,77,,,,,0,0,,,
Bogor,Kabupaten Bogor Leuwiliang,2026-04-30 16:00:00,80,74,38,,4,9,0,80,,,,,
Tangerang,Tangerang Pasir Jaya,2026-04-30 16:00:00,140,140,61,,58,63,0,65,,,,,
Bekasi,Bekasi Kayuringin,2026-04-30 16:00:00,63,63,33,,39,15,0,7,,,,,
Jakarta,The Pakubuwono Menteng,2026-04-30 16:31:05,72,72,21,57,,,,,55,31,,,
Depok,Cinere - Nafas,2026-04-30 16:32:11,118,118,47,83,,,,,0,0,,,
Bogor,Kabupaten Bogor Leuwiliang,2026-04-30 16:00:00,80,74,38,,4,9,0,80,,,,,
Tangerang,Tangerang Pasir Jaya,2026-04-30 16:00:00,140,140,61,,58,63,0,65,,,,,
Bekasi,Bekasi Kayuringin,2026-04-30 16:00:00,63,63,33,,39,15,0,7,,,,,
Jakarta,The Pakubuwono Menteng,2026-04-30 16:33:05,69,69,20,51,,,,,56,31,,,
Depok,Cinere - Nafas,2026-04-30 16:33:11,124,124,50,85,,,,,0,0,,,
Bogor,Kabupaten Bogor Leuwiliang,2026-04-30 16:00:00,80,74,38,,4,9,0,80,,,,,
Tangerang,Tangerang Pasir Jaya,2026-04-30 16:00:00,140,140,61,,58,63,0,65,,,,,
Bekasi,Bekasi Kayuringin,2026-04-30 16:00:00,63,63,33,,39,15,0,7,,,,,
Jakarta,The Pakubuwono Menteng,2026-04-30 16:34:05,75,75,22,55,,,,,56,30.9,,,
Depok,Cinere - Nafas,2026-04-30 16:34:10,123,123,51,87,,,,,0,0,,,
Bogor,Kabupaten Bogor Leuwiliang,2026-04-30 16:00:00,80,74,38,,4,9,0,80,,,,,
Tangerang,Tangerang Pasir Jaya,2026-04-30 16:00:00,140,140,61,,58,63,0,65,,,,,
Bekasi,Bekasi Kayuringin,2026-04-30 16:00:00,63,63,33,,39,15,0,7,,,,,
Jakarta,The Pakubuwono Menteng,2026-04-30 16:34:05,75,75,22,55,,,,,56,30.9,,,
Depok,Cinere - Nafas,2026-04-30 16:35:10,115,115,46,82,,,,,0,0,,,
Bogor,Kabupaten Bogor Leuwiliang,2026-04-30 16:00:00,80,74,38,,4,9,0,80,,,,,
Tangerang,Tangerang Pasir Jaya,2026-04-30 16:00:00,140,140,61,,58,63,0,65,,,,,
Bekasi,Bekasi Kayuringin,2026-04-30 16:00:00,63,63,33,,39,15,0,7,,,,,
Jakarta,The Pakubuwono Menteng,2026-04-30 16:36:05,74,74,21,53,,,,,56,30.9,,,
Depok,Cinere - Nafas,2026-04-30 16:36:11,113,113,45,83,,,,,0,0,,,
Bogor,Kabupaten Bogor Leuwiliang,2026-04-30 16:00:00,80,74,38,,4,9,0,80,,,,,
Tangerang,Tangerang Pasir Jaya,2026-04-30 16:00:00,140,140,61,,58,63,0,65,,,,,
Bekasi,Bekasi Kayuringin,2026-04-30 16:00:00,63,63,33,,39,15,0,7,,,,,
Jakarta,The Pakubuwono Menteng,2026-04-30 16:37:05,77,77,23,62,,,,,56,31,,,
Depok,Cinere - Nafas,2026-04-30 16:37:10,100,100,37,74,,,,,0,0,,,
Bogor,Kabupaten Bogor Leuwiliang,2026-04-30 16:00:00,80,74,38,,4,9,0,80,,,,,
Tangerang,Tangerang Pasir Jaya,2026-04-30 16:00:00,140,140,61,,58,63,0,65,,,,,
Bekasi,Bekasi Kayuringin,2026-04-30 16:00:00,63,63,33,,39,15,0,7,,,,,
Jakarta,The Pakubuwono Menteng,2026-04-30 16:38:05,76,76,22,57,,,,,56,31,,,
Depok,Cinere - Nafas,2026-04-30 16:38:11,98,98,37,71,,,,,0,0,,,
Bogor,Kabupaten Bogor Leuwiliang,2026-04-30 16:00:00,80,74,38,,4,9,0,80,,,,,
Tangerang,Tangerang Pasir Jaya,2026-04-30 16:00:00,140,140,61,,58,63,0,65,,,,,
Bekasi,Bekasi Kayuringin,2026-04-30 16:00:00,63,63,33,,39,15,0,7,,,,,
Jakarta,The Pakubuwono Menteng,2026-04-30 16:39:05,72,72,22,59,,,,,55,30.9,,,
Depok,Cinere - Nafas,2026-04-30 16:39:11,104,104,38,74,,,,,0,0,,,
Bogor,Kabupaten Bogor Leuwiliang,2026-04-30 16:00:00,80,74,38,,4,9,0,80,,,,,
Tangerang,Tangerang Pasir Jaya,2026-04-30 16:00:00,140,140,61,,58,63,0,65,,,,,
Bekasi,Bekasi Kayuringin,2026-04-30 16:00:00,63,63,33,,39,15,0,7,,,,,
Jakarta,The Pakubuwono Menteng,2026-04-30 16:41:05,74,74,22,55,,,,,56,31,,,
Depok,Cinere - Nafas,2026-04-30 16:41:11,108,108,43,77,,,,,0,0,,,
Bogor,Kabupaten Bogor Leuwiliang,2026-04-30 16:00:00,80,74,38,,4,9,0,80,,,,,
Tangerang,Tangerang Pasir Jaya,2026-04-30 16:00:00,140,140,61,,58,63,0,65,,,,,
Bekasi,Bekasi Kayuringin,2026-04-30 16:00:00,63,63,33,,39,15,0,7,,,,,
Jakarta,The Pakubuwono Menteng,2026-04-30 16:42:05,71,71,21,51,,,,,55,31,,,
Depok,Cinere - Nafas,2026-04-30 16:42:10,108,108,42,79,,,,,0,0,,,
Bogor,Kabupaten Bogor Leuwiliang,2026-04-30 16:00:00,80,74,38,,4,9,0,80,,,,,
Tangerang,Tangerang Pasir Jaya,2026-04-30 16:00:00,140,140,61,,58,63,0,65,,,,,
Bekasi,Bekasi Kayuringin,2026-04-30 16:00:00,63,63,33,,39,15,0,7,,,,,
Jakarta,The Pakubuwono Menteng,2026-04-30 16:43:05,71,71,20,53,,,,,55,31,,,
Depok,Cinere - Nafas,2026-04-30 16:43:10,105,105,41,78,,,,,0,0,,,
Bogor,Kabupaten Bogor Leuwiliang,2026-04-30 16:00:00,80,74,38,,4,9,0,80,,,,,
Tangerang,Tangerang Pasir Jaya,2026-04-30 16:00:00,140,140,61,,58,63,0,65,,,,,
Bekasi,Bekasi Kayuringin,2026-04-30 16:00:00,63,63,33,,39,15,0,7,,,,,
Jakarta,The Pakubuwono Menteng,2026-04-30 16:45:06,71,71,20,51,,,,,56,30.9,,,
Depok,Cinere - Nafas,2026-04-30 16:45:11,103,103,42,74,,,,,0,0,,,
Bogor,Kabupaten Bogor Leuwiliang,2026-04-30 16:00:00,80,74,38,,4,9,0,80,,,,,
Tangerang,Tangerang Pasir Jaya,2026-04-30 16:00:00,140,140,61,,58,63,0,65,,,,,
Bekasi,Bekasi Kayuringin,2026-04-30 16:00:00,63,63,33,,39,15,0,7,,,,,
Jakarta,The Pakubuwono Menteng,2026-04-30 16:46:06,72,72,22,55,,,,,56,30.9,,,
Depok,Cinere - Nafas,2026-04-30 16:46:11,100,100,38,76,,,,,0,0,,,
Bogor,Kabupaten Bogor Leuwiliang,2026-04-30 16:00:00,80,74,38,,4,9,0,80,,,,,
Tangerang,Tangerang Pasir Jaya,2026-04-30 16:00:00,140,140,61,,58,63,0,65,,,,,
Bekasi,Bekasi Kayuringin,2026-04-30 16:00:00,63,63,33,,39,15,0,7,,,,,
Jakarta,The Pakubuwono Menteng,2026-04-30 16:47:06,70,70,20,55,,,,,56,30.9,,,
Depok,Cinere - Nafas,2026-04-30 16:47:11,99,99,38,75,,,,,0,0,,,
Bogor,Kabupaten Bogor Leuwiliang,2026-04-30 16:00:00,80,74,38,,4,9,0,80,,,,,
Tangerang,Tangerang Pasir Jaya,2026-04-30 16:00:00,140,140,61,,58,63,0,65,,,,,
Bekasi,Bekasi Kayuringin,2026-04-30 16:00:00,63,63,33,,39,15,0,7,,,,,
Jakarta,The Pakubuwono Menteng,2026-04-30 16:48:06,67,67,20,51,,,,,56,30.9,,,
Depok,Cinere - Nafas,2026-04-30 16:48:11,94,94,35,71,,,,,0,0,,,
Bogor,Kabupaten Bogor Leuwiliang,2026-04-30 16:00:00,80,74,38,,4,9,0,80,,,,,
Tangerang,Tangerang Pasir Jaya,2026-04-30 16:00:00,140,140,61,,58,63,0,65,,,,,
Bekasi,Bekasi Kayuringin,2026-04-30 16:00:00,63,63,33,,39,15,0,7,,,,,
Jakarta,The Pakubuwono Menteng,2026-04-30 16:49:06,71,71,21,55,,,,,56,31,,,
Depok,Cinere - Nafas,2026-04-30 16:49:11,83,83,30,66,,,,,0,0,,,
Bogor,Kabupaten Bogor Leuwiliang,2026-04-30 16:00:00,80,74,38,,4,9,0,80,,,,,
Tangerang,Tangerang Pasir Jaya,2026-04-30 16:00:00,140,140,61,,58,63,0,65,,,,,
Bekasi,Bekasi Kayuringin,2026-04-30 16:00:00,63,63,33,,39,15,0,7,,,,,
Jakarta,The Pakubuwono Menteng,2026-04-30 16:51:06,66,66,18,42,,,,,56,31,,,
Depok,Cinere - Nafas,2026-04-30 16:51:11,70,70,21,38,,,,,0,0,,,
Bogor,Kabupaten Bogor Leuwiliang,2026-04-30 16:00:00,80,74,38,,4,9,0,80,,,,,
Tangerang,Tangerang Pasir Jaya,2026-04-30 16:00:00,140,140,61,,58,63,0,65,,,,,
Bekasi,Bekasi Kayuringin,2026-04-30 16:00:00,63,63,33,,39,15,0,7,,,,,
Jakarta,The Pakubuwono Menteng,2026-04-30 16:52:06,66,66,18,35,,,,,55,31,,,
Depok,Cinere - Nafas,2026-04-30 16:52:11,62,62,18,31,,,,,0,0,,,
Bogor,Kabupaten Bogor Leuwiliang,2026-04-30 16:00:00,80,74,38,,4,9,0,80,,,,,
Tangerang,Tangerang Pasir Jaya,2026-04-30 16:00:00,140,140,61,,58,63,0,65,,,,,
Bekasi,Bekasi Kayuringin,2026-04-30 16:00:00,63,63,33,,39,15,0,7,,,,,
Jakarta,The Pakubuwono Menteng,2026-04-30 16:53:06,64,64,18,35,,,,,56,31,,,
Depok,Cinere - Nafas,2026-04-30 16:53:11,59,59,17,27,,,,,0,0,,,
Bogor,Kabupaten Bogor Leuwiliang,2026-04-30 16:00:00,80,74,38,,4,9,0,80,,,,,
Tangerang,Tangerang Pasir Jaya,2026-04-30 16:00:00,140,140,61,,58,63,0,65,,,,,
Bekasi,Bekasi Kayuringin,2026-04-30 16:00:00,63,63,33,,39,15,0,7,,,,,
Jakarta,The Pakubuwono Menteng,2026-04-30 16:54:06,60,60,16,30,,,,,56,31,,,
Depok,Cinere - Nafas,2026-04-30 16:54:11,59,59,18,27,,,,,0,0,,,
Bogor,Kabupaten Bogor Leuwiliang,2026-04-30 16:00:00,80,74,38,,4,9,0,80,,,,,
Tangerang,Tangerang Pasir Jaya,2026-04-30 16:00:00,140,140,61,,58,63,0,65,,,,,
Bekasi,Bekasi Kayuringin,2026-04-30 16:00:00,63,63,33,,39,15,0,7,,,,,
Jakarta,The Pakubuwono Menteng,2026-04-30 16:55:06,66,66,18,42,,,,,56,31,,,
Depok,Cinere - Nafas,2026-04-30 16:55:11,64,64,20,28,,,,,0,0,,,
Bogor,Kabupaten Bogor Leuwiliang,2026-04-30 16:00:00,80,74,38,,4,9,0,80,,,,,
Tangerang,Tangerang Pasir Jaya,2026-04-30 16:00:00,140,140,61,,58,63,0,65,,,,,
Bekasi,Bekasi Kayuringin,2026-04-30 16:00:00,63,63,33,,39,15,0,7,,,,,
Jakarta,The Pakubuwono Menteng,2026-04-30 16:56:06,64,64,19,43,,,,,56,31,,,
Depok,Cinere - Nafas,2026-04-30 16:56:11,67,67,21,35,,,,,0,0,,,
Bogor,Kabupaten Bogor Leuwiliang,2026-04-30 16:00:00,80,74,38,,4,9,0,80,,,,,
Tangerang,Tangerang Pasir Jaya,2026-04-30 16:00:00,140,140,61,,58,63,0,65,,,,,
Bekasi,Bekasi Kayuringin,2026-04-30 16:00:00,63,63,33,,39,15,0,7,,,,,
Jakarta,The Pakubuwono Menteng,2026-04-30 16:58:06,63,63,17,35,,,,,56,31.1,,,
Depok,Cinere - Nafas,2026-04-30 16:58:11,66,66,20,45,,,,,0,0,,,
Bogor,Kabupaten Bogor Leuwiliang,2026-04-30 16:00:00,80,74,38,,4,9,0,80,,,,,
Tangerang,Tangerang Pasir Jaya,2026-04-30 16:00:00,140,140,61,,58,63,0,65,,,,,
Bekasi,Bekasi Kayuringin,2026-04-30 16:00:00,63,63,33,,39,15,0,7,,,,,
Jakarta,The Pakubuwono Menteng,2026-04-30 16:59:07,61,61,17,35,,,,,56,31.1,,,
Depok,Cinere - Nafas,2026-04-30 16:59:11,66,66,20,35,,,,,0,0,,,
Bogor,Kabupaten Bogor Leuwiliang,2026-04-30 16:00:00,80,74,38,,4,9,0,80,,,,,
Tangerang,Tangerang Pasir Jaya,2026-04-30 16:00:00,140,140,61,,58,63,0,65,,,,,
Bekasi,Bekasi Kayuringin,2026-04-30 16:00:00,63,63,33,,39,15,0,7,,,,,
Jakarta,The Pakubuwono Menteng,2026-04-30 17:00:06,61,61,17,41,,,,,56,31.1,,,
Depok,Cinere - Nafas,2026-04-30 17:00:11,66,66,19,33,,,,,0,0,,,
Bogor,Kabupaten Bogor Leuwiliang,2026-04-30 16:00:00,80,74,38,,4,9,0,80,,,,,
Tangerang,Tangerang Pasir Jaya,2026-04-30 16:00:00,140,140,61,,58,63,0,65,,,,,
Bekasi,Bekasi Kayuringin,2026-04-30 16:00:00,63,63,33,,39,15,0,7,,,,,
Jakarta,The Pakubuwono Menteng,2026-04-30 17:01:06,67,67,20,50,,,,,56,31.1,,,
Depok,Cinere - Nafas,2026-04-30 17:01:11,61,61,17,25,,,,,0,0,,,
Bogor,Kabupaten Bogor Leuwiliang,2026-04-30 16:00:00,80,74,38,,4,9,0,80,,,,,
Tangerang,Tangerang Pasir Jaya,2026-04-30 16:00:00,140,140,61,,58,63,0,65,,,,,
Bekasi,Bekasi Kayuringin,2026-04-30 16:00:00,63,63,33,,39,15,0,7,,,,,
Jakarta,The Pakubuwono Menteng,2026-04-30 17:02:06,71,71,20,51,,,,,56,31.1,,,
Depok,Cinere - Nafas,2026-04-30 17:02:11,48,48,14,21,,,,,0,0,,,
Bogor,Kabupaten Bogor Leuwiliang,2026-04-30 16:00:00,80,74,38,,4,9,0,80,,,,,
Tangerang,Tangerang Pasir Jaya,2026-04-30 16:00:00,140,140,61,,58,63,0,65,,,,,
Bekasi,Bekasi Kayuringin,2026-04-30 16:00:00,63,63,33,,39,15,0,7,,,,,
Jakarta,The Pakubuwono Menteng,2026-04-30 17:04:06,62,62,16,41,,,,,55,31.1,,,
Depok,Cinere - Nafas,2026-04-30 17:04:11,35,35,8,17,,,,,0,0,,,
Bogor,Kabupaten Bogor Leuwiliang,2026-04-30 16:00:00,80,74,38,,4,9,0,80,,,,,
Tangerang,Tangerang Pasir Jaya,2026-04-30 16:00:00,140,140,61,,58,63,0,65,,,,,
Bekasi,Bekasi Kayuringin,2026-04-30 16:00:00,63,63,33,,39,15,0,7,,,,,
Jakarta,The Pakubuwono Menteng,2026-04-30 17:05:06,61,61,16,36,,,,,55,31.1,,,
Depok,Cinere - Nafas,2026-04-30 17:05:11,32,32,7,13,,,,,0,0,,,
Bogor,Kabupaten Bogor Leuwiliang,2026-04-30 16:00:00,80,74,38,,4,9,0,80,,,,,
Tangerang,Tangerang Pasir Jaya,2026-04-30 16:00:00,140,140,61,,58,63,0,65,,,,,
Bekasi,Bekasi Kayuringin,2026-04-30 16:00:00,63,63,33,,39,15,0,7,,,,,
Jakarta,The Pakubuwono Menteng,2026-04-30 17:06:06,53,53,12,27,,,,,55,31.1,,,
Depok,Cinere - Nafas,2026-04-30 17:06:11,44,44,12,22,,,,,0,0,,,
Bogor,Kabupaten Bogor Leuwiliang,2026-04-30 16:00:00,80,74,38,,4,9,0,80,,,,,
Tangerang,Tangerang Pasir Jaya,2026-04-30 16:00:00,140,140,61,,58,63,0,65,,,,,
Bekasi,Bekasi Kayuringin,2026-04-30 16:00:00,63,63,33,,39,15,0,7,,,,,
Jakarta,The Pakubuwono Menteng,2026-04-30 17:07:06,58,58,15,32,,,,,55,31.1,,,
Depok,Cinere - Nafas,2026-04-30 17:07:11,32,32,12,15,,,,,0,0,,,
Bogor,Kabupaten Bogor Leuwiliang,2026-04-30 16:00:00,80,74,38,,4,9,0,80,,,,,
Tangerang,Tangerang Pasir Jaya,2026-04-30 16:00:00,140,140,61,,58,63,0,65,,,,,
Bekasi,Bekasi Kayuringin,2026-04-30 16:00:00,63,63,33,,39,15,0,7,,,,,
Jakarta,The Pakubuwono Menteng,2026-04-30 17:08:06,57,57,16,32,,,,,55,31,,,
Depok,Cinere - Nafas,2026-04-30 17:09:11,33,33,8,20,,,,,0,0,,,
Bogor,Kabupaten Bogor Leuwiliang,2026-04-30 17:00:00,80,74,38,,4,9,0,80,,,,,
Tangerang,Tangerang Pasir Jaya,2026-04-30 17:00:00,140,140,60,,58,63,0,65,,,,,
Bekasi,Bekasi Kayuringin,2026-04-30 17:00:00,63,63,32,,39,15,0,7,,,,,
Jakarta,The Pakubuwono Menteng,2026-04-30 17:10:06,56,56,14,28,,,,,55,31,,,
Depok,Cinere - Nafas,2026-04-30 17:10:11,20,20,5,12,,,,,0,0,,,
Bogor,Kabupaten Bogor Leuwiliang,2026-04-30 17:00:00,80,74,38,,4,9,0,80,,,,,
Tangerang,Tangerang Pasir Jaya,2026-04-30 17:00:00,140,140,60,,58,63,0,65,,,,,
Bekasi,Bekasi Kayuringin,2026-04-30 17:00:00,63,63,32,,39,15,0,7,,,,,
Jakarta,The Pakubuwono Menteng,2026-04-30 17:12:06,56,56,14,25,,,,,55,31,,,
Depok,Cinere - Nafas,2026-04-30 17:12:11,26,26,7,10,,,,,0,0,,,
Bogor,Kabupaten Bogor Leuwiliang,2026-04-30 17:00:00,80,74,38,,4,9,0,80,,,,,
Tangerang,Tangerang Pasir Jaya,2026-04-30 17:00:00,140,140,60,,58,63,0,65,,,,,
Bekasi,Bekasi Kayuringin,2026-04-30 17:00:00,63,63,32,,39,15,0,7,,,,,
Jakarta,The Pakubuwono Menteng,2026-04-30 17:13:06,56,56,14,33,,,,,55,31,,,
Depok,Cinere - Nafas,2026-04-30 17:13:11,11,11,3,3,,,,,0,0,,,
Bogor,Kabupaten Bogor Leuwiliang,2026-04-30 17:00:00,80,74,38,,4,9,0,80,,,,,
Tangerang,Tangerang Pasir Jaya,2026-04-30 17:00:00,140,140,60,,58,63,0,65,,,,,
Bekasi,Bekasi Kayuringin,2026-04-30 17:00:00,63,63,32,,39,15,0,7,,,,,
Jakarta,The Pakubuwono Menteng,2026-04-30 17:14:06,53,53,12,30,,,,,55,31,,,
Depok,Cinere - Nafas,2026-04-30 17:13:11,11,11,3,0,,,,,0,0,,,
Bogor,Kabupaten Bogor Leuwiliang,2026-04-30 17:00:00,80,74,38,,4,9,0,80,,,,,
Tangerang,Tangerang Pasir Jaya,2026-04-30 17:00:00,140,140,60,,58,63,0,65,,,,,
Bekasi,Bekasi Kayuringin,2026-04-30 17:00:00,63,63,32,,39,15,0,7,,,,,
Jakarta,The Pakubuwono Menteng,2026-04-30 17:14:06,53,53,12,30,,,,,55,31,,,
Depok,Cinere - Nafas,2026-04-30 17:13:11,11,11,3,0,,,,,0,0,,,
Bogor,Kabupaten Bogor Leuwiliang,2026-04-30 17:00:00,80,74,38,,4,9,0,80,,,,,
Tangerang,Tangerang Pasir Jaya,2026-04-30 17:00:00,140,140,60,,58,63,0,65,,,,,
Bekasi,Bekasi Kayuringin,2026-04-30 17:00:00,63,63,32,,39,15,0,7,,,,,
Jakarta,The Pakubuwono Menteng,2026-04-30 17:15:06,52,52,12,23,,,,,55,31,,,
Depok,Cinere - Nafas,2026-04-30 17:15:11,4,2,4,0,,,,,0,0,,,
Bogor,Kabupaten Bogor Leuwiliang,2026-04-30 17:00:00,80,74,38,,4,9,0,80,,,,,
Tangerang,Tangerang Pasir Jaya,2026-04-30 17:00:00,140,140,60,,58,63,0,65,,,,,
Bekasi,Bekasi Kayuringin,2026-04-30 17:00:00,63,63,32,,39,15,0,7,,,,,
Jakarta,The Pakubuwono Menteng,2026-04-30 17:17:06,48,48,12,27,,,,,55,31,,,
Depok,Cinere - Nafas,2026-04-30 17:17:11,8,8,2,0,,,,,0,0,,,
Bogor,Kabupaten Bogor Leuwiliang,2026-04-30 17:00:00,80,74,38,,4,9,0,80,,,,,
Tangerang,Tangerang Pasir Jaya,2026-04-30 17:00:00,140,140,60,,58,63,0,65,,,,,
Bekasi,Bekasi Kayuringin,2026-04-30 17:00:00,63,63,32,,39,15,0,7,,,,,
Jakarta,The Pakubuwono Menteng,2026-04-30 17:18:06,52,52,13,26,,,,,55,31,,,
Depok,Cinere - Nafas,2026-04-30 17:18:11,14,14,5,0,,,,,0,0,,,
Bogor,Kabupaten Bogor Leuwiliang,2026-04-30 17:00:00,80,74,38,,4,9,0,80,,,,,
Tangerang,Tangerang Pasir Jaya,2026-04-30 17:00:00,140,140,60,,58,63,0,65,,,,,
Bekasi,Bekasi Kayuringin,2026-04-30 17:00:00,63,63,32,,39,15,0,7,,,,,
Jakarta,The Pakubuwono Menteng,2026-04-30 17:20:06,53,53,13,31,,,,,55,31.1,,,
Depok,Cinere - Nafas,2026-04-30 17:20:11,10,10,2,0,,,,,0,0,,,
Bogor,Kabupaten Bogor Leuwiliang,2026-04-30 17:00:00,80,74,38,,4,9,0,80,,,,,
Tangerang,Tangerang Pasir Jaya,2026-04-30 17:00:00,140,140,60,,58,63,0,65,,,,,
Bekasi,Bekasi Kayuringin,2026-04-30 17:00:00,63,63,32,,39,15,0,7,,,,,
Jakarta,The Pakubuwono Menteng,2026-04-30 17:21:06,47,47,12,25,,,,,55,31.1,,,
Depok,Cinere - Nafas,2026-04-30 17:21:11,15,15,5,1,,,,,0,0,,,
Bogor,Kabupaten Bogor Leuwiliang,2026-04-30 17:00:00,80,74,38,,4,9,0,80,,,,,
Tangerang,Tangerang Pasir Jaya,2026-04-30 17:00:00,140,140,60,,58,63,0,65,,,,,
Bekasi,Bekasi Kayuringin,2026-04-30 17:00:00,63,63,32,,39,15,0,7,,,,,
Jakarta,The Pakubuwono Menteng,2026-04-30 17:22:06,56,56,13,35,,,,,55,31.1,,,
Depok,Cinere - Nafas,2026-04-30 17:22:11,18,18,5,8,,,,,0,0,,,
Bogor,Kabupaten Bogor Leuwiliang,2026-04-30 17:00:00,80,74,38,,4,9,0,80,,,,,
Tangerang,Tangerang Pasir Jaya,2026-04-30 17:00:00,140,140,60,,58,63,0,65,,,,,
Bekasi,Bekasi Kayuringin,2026-04-30 17:00:00,63,63,32,,39,15,0,7,,,,,
Jakarta,The Pakubuwono Menteng,2026-04-30 17:23:06,53,53,15,30,,,,,55,31.2,,,
Depok,Cinere - Nafas,2026-04-30 17:23:11,26,26,7,6,,,,,0,0,,,
Bogor,Kabupaten Bogor Leuwiliang,2026-04-30 17:00:00,80,74,38,,4,9,0,80,,,,,
Tangerang,Tangerang Pasir Jaya,2026-04-30 17:00:00,140,140,60,,58,63,0,65,,,,,
Bekasi,Bekasi Kayuringin,2026-04-30 17:00:00,63,63,32,,39,15,0,7,,,,,
Jakarta,The Pakubuwono Menteng,2026-04-30 17:25:07,63,63,17,34,,,,,55,31.2,,,
Depok,Cinere - Nafas,2026-04-30 17:25:11,28,28,7,11,,,,,0,0,,,
Bogor,Kabupaten Bogor Leuwiliang,2026-04-30 17:00:00,80,74,38,,4,9,0,80,,,,,
Tangerang,Tangerang Pasir Jaya,2026-04-30 17:00:00,140,140,60,,58,63,0,65,,,,,
Bekasi,Bekasi Kayuringin,2026-04-30 17:00:00,63,63,32,,39,15,0,7,,,,,
Jakarta,The Pakubuwono Menteng,2026-04-30 17:25:07,63,63,17,34,,,,,55,31.2,,,
Depok,Cinere - Nafas,2026-04-30 17:25:11,28,28,7,11,,,,,0,0,,,
Bogor,Kabupaten Bogor Leuwiliang,2026-04-30 17:00:00,80,74,38,,4,9,0,80,,,,,
Tangerang,Tangerang Pasir Jaya,2026-04-30 17:00:00,140,140,60,,58,63,0,65,,,,,
Bekasi,Bekasi Kayuringin,2026-04-30 17:00:00,63,63,32,,39,15,0,7,,,,,
Jakarta,The Pakubuwono Menteng,2026-04-30 17:26:06,65,65,17,35,,,,,55,31.2,,,
Depok,Cinere - Nafas,2026-04-30 17:26:11,18,18,4,9,,,,,0,0,,,
Bogor,Kabupaten Bogor Leuwiliang,2026-04-30 17:00:00,80,74,38,,4,9,0,80,,,,,
Tangerang,Tangerang Pasir Jaya,2026-04-30 17:00:00,140,140,60,,58,63,0,65,,,,,
Bekasi,Bekasi Kayuringin,2026-04-30 17:00:00,63,63,32,,39,15,0,7,,,,,
Jakarta,The Pakubuwono Menteng,2026-04-30 17:27:06,56,56,14,26,,,,,55,31.2,,,
Depok,Cinere - Nafas,2026-04-30 17:28:11,35,35,8,17,,,,,0,0,,,
Bogor,Kabupaten Bogor Leuwiliang,2026-04-30 17:00:00,80,74,38,,4,9,0,80,,,,,
Tangerang,Tangerang Pasir Jaya,2026-04-30 17:00:00,140,140,60,,58,63,0,65,,,,,
Bekasi,Bekasi Kayuringin,2026-04-30 17:00:00,63,63,32,,39,15,0,7,,,,,
Jakarta,The Pakubuwono Menteng,2026-04-30 17:29:07,51,51,12,28,,,,,55,31.2,,,
Depok,Cinere - Nafas,2026-04-30 17:29:11,31,31,8,15,,,,,0,0,,,
Bogor,Kabupaten Bogor Leuwiliang,2026-04-30 17:00:00,80,74,38,,4,9,0,80,,,,,
Tangerang,Tangerang Pasir Jaya,2026-04-30 17:00:00,140,140,60,,58,63,0,65,,,,,
Bekasi,Bekasi Kayuringin,2026-04-30 17:00:00,63,63,32,,39,15,0,7,,,,,
Jakarta,The Pakubuwono Menteng,2026-04-30 17:31:07,54,54,14,30,,,,,55,31.2,,,
Depok,Cinere - Nafas,2026-04-30 17:31:11,47,47,11,21,,,,,0,0,,,
Bogor,Kabupaten Bogor Leuwiliang,2026-04-30 17:00:00,80,74,38,,4,9,0,80,,,,,
Tangerang,Tangerang Pasir Jaya,2026-04-30 17:00:00,140,140,60,,58,63,0,65,,,,,
Bekasi,Bekasi Kayuringin,2026-04-30 17:00:00,63,63,32,,39,15,0,7,,,,,
Jakarta,The Pakubuwono Menteng,2026-04-30 17:32:06,36,36,9,26,,,,,55,31.2,,,
Depok,Cinere - Nafas,2026-04-30 17:32:11,26,26,9,19,,,,,0,0,,,
Bogor,Kabupaten Bogor Leuwiliang,2026-04-30 17:00:00,80,74,38,,4,9,0,80,,,,,
Tangerang,Tangerang Pasir Jaya,2026-04-30 17:00:00,140,140,60,,58,63,0,65,,,,,
Bekasi,Bekasi Kayuringin,2026-04-30 17:00:00,63,63,32,,39,15,0,7,,,,,
Jakarta,The Pakubuwono Menteng,2026-04-30 17:33:07,45,45,10,24,,,,,54,31.2,,,
Depok,Cinere - Nafas,2026-04-30 17:33:11,32,32,8,13,,,,,0,0,,,
Bogor,Kabupaten Bogor Leuwiliang,2026-04-30 17:00:00,80,74,38,,4,9,0,80,,,,,
Tangerang,Tangerang Pasir Jaya,2026-04-30 17:00:00,140,140,60,,58,63,0,65,,,,,
Bekasi,Bekasi Kayuringin,2026-04-30 17:00:00,63,63,32,,39,15,0,7,,,,,
Jakarta,The Pakubuwono Menteng,2026-04-30 17:34:07,33,33,11,26,,,,,54,31.2,,,
Depok,Cinere - Nafas,2026-04-30 17:34:11,31,31,12,15,,,,,0,0,,,
Bogor,Kabupaten Bogor Leuwiliang,2026-04-30 17:00:00,80,74,38,,4,9,0,80,,,,,
Tangerang,Tangerang Pasir Jaya,2026-04-30 17:00:00,140,140,60,,58,63,0,65,,,,,
Bekasi,Bekasi Kayuringin,2026-04-30 17:00:00,63,63,32,,39,15,0,7,,,,,
Jakarta,The Pakubuwono Menteng,2026-04-30 17:35:07,46,46,10,20,,,,,54,31.2,,,
Depok,Cinere - Nafas,2026-04-30 17:35:11,28,28,7,15,,,,,0,0,,,
Bogor,Kabupaten Bogor Leuwiliang,2026-04-30 17:00:00,80,74,38,,4,9,0,80,,,,,
Tangerang,Tangerang Pasir Jaya,2026-04-30 17:00:00,140,140,60,,58,63,0,65,,,,,
Bekasi,Bekasi Kayuringin,2026-04-30 17:00:00,63,63,32,,39,15,0,7,,,,,
Jakarta,The Pakubuwono Menteng,2026-04-30 17:36:07,54,54,13,32,,,,,54,31.2,,,
Depok,Cinere - Nafas,2026-04-30 17:36:12,23,23,6,10,,,,,0,0,,,
Bogor,Kabupaten Bogor Leuwiliang,2026-04-30 17:00:00,80,74,38,,4,9,0,80,,,,,
Tangerang,Tangerang Pasir Jaya,2026-04-30 17:00:00,140,140,60,,58,63,0,65,,,,,
Bekasi,Bekasi Kayuringin,2026-04-30 17:00:00,63,63,32,,39,15,0,7,,,,,
Jakarta,The Pakubuwono Menteng,2026-04-30 17:37:07,72,72,22,55,,,,,52,31.2,,,
Depok,Cinere - Nafas,2026-04-30 17:37:12,28,28,8,12,,,,,0,0,,,
Bogor,Kabupaten Bogor Leuwiliang,2026-04-30 17:00:00,80,74,38,,4,9,0,80,,,,,
Tangerang,Tangerang Pasir Jaya,2026-04-30 17:00:00,140,140,60,,58,63,0,65,,,,,
Bekasi,Bekasi Kayuringin,2026-04-30 17:00:00,63,63,32,,39,15,0,7,,,,,
Jakarta,The Pakubuwono Menteng,2026-04-30 17:39:07,72,72,22,46,,,,,52,31.2,,,
Depok,Cinere - Nafas,2026-04-30 17:39:12,30,30,7,13,,,,,0,0,,,
Bogor,Kabupaten Bogor Leuwiliang,2026-04-30 17:00:00,80,74,38,,4,9,0,80,,,,,
Tangerang,Tangerang Pasir Jaya,2026-04-30 17:00:00,140,140,60,,58,63,0,65,,,,,
Bekasi,Bekasi Kayuringin,2026-04-30 17:00:00,63,63,32,,39,15,0,7,,,,,
Jakarta,The Pakubuwono Menteng,2026-04-30 17:40:07,73,73,22,54,,,,,52,31.1,,,
Depok,Cinere - Nafas,2026-04-30 17:40:12,27,27,8,13,,,,,0,0,,,
Bogor,Kabupaten Bogor Leuwiliang,2026-04-30 17:00:00,80,74,38,,4,9,0,80,,,,,
Tangerang,Tangerang Pasir Jaya,2026-04-30 17:00:00,140,140,60,,58,63,0,65,,,,,
Bekasi,Bekasi Kayuringin,2026-04-30 17:00:00,63,63,32,,39,15,0,7,,,,,
Jakarta,The Pakubuwono Menteng,2026-04-30 17:41:07,67,67,21,37,,,,,52,31,,,
Depok,Cinere - Nafas,2026-04-30 17:41:12,35,35,10,18,,,,,0,0,,,
Bogor,Kabupaten Bogor Leuwiliang,2026-04-30 17:00:00,80,74,38,,4,9,0,80,,,,,
Tangerang,Tangerang Pasir Jaya,2026-04-30 17:00:00,140,140,60,,58,63,0,65,,,,,
Bekasi,Bekasi Kayuringin,2026-04-30 17:00:00,63,63,32,,39,15,0,7,,,,,
Jakarta,The Pakubuwono Menteng,2026-04-30 17:42:07,61,61,17,28,,,,,52,30.9,,,
Depok,Cinere - Nafas,2026-04-30 17:42:11,28,28,8,14,,,,,0,0,,,
Bogor,Kabupaten Bogor Leuwiliang,2026-04-30 17:00:00,80,74,38,,4,9,0,80,,,,,
Tangerang,Tangerang Pasir Jaya,2026-04-30 17:00:00,140,140,60,,58,63,0,65,,,,,
Bekasi,Bekasi Kayuringin,2026-04-30 17:00:00,63,63,32,,39,15,0,7,,,,,
Jakarta,The Pakubuwono Menteng,2026-04-30 17:43:07,61,61,16,32,,,,,53,30.8,,,
Depok,Cinere - Nafas,2026-04-30 17:43:12,33,33,7,13,,,,,0,0,,,
Bogor,Kabupaten Bogor Leuwiliang,2026-04-30 17:00:00,80,74,38,,4,9,0,80,,,,,
Tangerang,Tangerang Pasir Jaya,2026-04-30 17:00:00,140,140,60,,58,63,0,65,,,,,
Bekasi,Bekasi Kayuringin,2026-04-30 17:00:00,63,63,32,,39,15,0,7,,,,,
Jakarta,The Pakubuwono Menteng,2026-04-30 17:44:07,48,48,13,28,,,,,53,30.7,,,
Depok,Cinere - Nafas,2026-04-30 17:44:12,33,33,7,16,,,,,0,0,,,
Bogor,Kabupaten Bogor Leuwiliang,2026-04-30 17:00:00,80,74,38,,4,9,0,80,,,,,
Tangerang,Tangerang Pasir Jaya,2026-04-30 17:00:00,140,140,60,,58,63,0,65,,,,,
Bekasi,Bekasi Kayuringin,2026-04-30 17:00:00,63,63,32,,39,15,0,7,,,,,
Jakarta,The Pakubuwono Menteng,2026-04-30 17:46:07,45,45,11,22,,,,,53,30.4,,,
Depok,Cinere - Nafas,2026-04-30 17:46:11,28,28,6,14,,,,,0,0,,,
Bogor,Kabupaten Bogor Leuwiliang,2026-04-30 17:00:00,80,74,38,,4,9,0,80,,,,,
Tangerang,Tangerang Pasir Jaya,2026-04-30 17:00:00,140,140,60,,58,63,0,65,,,,,
Bekasi,Bekasi Kayuringin,2026-04-30 17:00:00,63,63,32,,39,15,0,7,,,,,
Jakarta,The Pakubuwono Menteng,2026-04-30 17:47:07,36,36,10,21,,,,,54,30.3,,,
Depok,Cinere - Nafas,2026-04-30 17:47:12,24,24,6,15,,,,,0,0,,,
Bogor,Kabupaten Bogor Leuwiliang,2026-04-30 17:00:00,80,74,38,,4,9,0,80,,,,,
Tangerang,Tangerang Pasir Jaya,2026-04-30 17:00:00,140,140,60,,58,63,0,65,,,,,
Bekasi,Bekasi Kayuringin,2026-04-30 17:00:00,63,63,32,,39,15,0,7,,,,,
Jakarta,The Pakubuwono Menteng,2026-04-30 17:49:07,33,33,7,20,,,,,55,30,,,
Depok,Cinere - Nafas,2026-04-30 17:49:12,33,33,9,14,,,,,0,0,,,
Bogor,Kabupaten Bogor Leuwiliang,2026-04-30 17:00:00,80,74,38,,4,9,0,80,,,,,
Tangerang,Tangerang Pasir Jaya,2026-04-30 17:00:00,140,140,60,,58,63,0,65,,,,,
Bekasi,Bekasi Kayuringin,2026-04-30 17:00:00,63,63,32,,39,15,0,7,,,,,
Jakarta,The Pakubuwono Menteng,2026-04-30 17:50:07,39,39,9,19,,,,,55,29.8,,,
Depok,Cinere - Nafas,2026-04-30 17:50:12,26,26,6,20,,,,,0,0,,,
Bogor,Kabupaten Bogor Leuwiliang,2026-04-30 17:00:00,80,74,38,,4,9,0,80,,,,,
Tangerang,Tangerang Pasir Jaya,2026-04-30 17:00:00,140,140,60,,58,63,0,65,,,,,
Bekasi,Bekasi Kayuringin,2026-04-30 17:00:00,63,63,32,,39,15,0,7,,,,,
Jakarta,The Pakubuwono Menteng,2026-04-30 17:51:07,35,35,8,23,,,,,55,29.6,,,
Depok,Cinere - Nafas,2026-04-30 17:51:13,42,42,11,15,,,,,0,0,,,
Bogor,Kabupaten Bogor Leuwiliang,2026-04-30 17:00:00,80,74,38,,4,9,0,80,,,,,
Tangerang,Tangerang Pasir Jaya,2026-04-30 17:00:00,140,140,60,,58,63,0,65,,,,,
Bekasi,Bekasi Kayuringin,2026-04-30 17:00:00,63,63,32,,39,15,0,7,,,,,
Jakarta,The Pakubuwono Menteng,2026-04-30 17:52:07,43,43,10,24,,,,,56,29.5,,,
Depok,Cinere - Nafas,2026-04-30 17:52:12,43,43,10,18,,,,,0,0,,,
Bogor,Kabupaten Bogor Leuwiliang,2026-04-30 17:00:00,80,74,38,,4,9,0,80,,,,,
Tangerang,Tangerang Pasir Jaya,2026-04-30 17:00:00,140,140,60,,58,63,0,65,,,,,
Bekasi,Bekasi Kayuringin,2026-04-30 17:00:00,63,63,32,,39,15,0,7,,,,,
Jakarta,The Pakubuwono Menteng,2026-04-30 17:53:07,30,30,7,17,,,,,56,29.3,,,
Depok,Cinere - Nafas,2026-04-30 17:53:12,40,40,9,17,,,,,0,0,,,
Bogor,Kabupaten Bogor Leuwiliang,2026-04-30 17:00:00,80,74,38,,4,9,0,80,,,,,
Tangerang,Tangerang Pasir Jaya,2026-04-30 17:00:00,140,140,60,,58,63,0,65,,,,,
Bekasi,Bekasi Kayuringin,2026-04-30 17:00:00,63,63,32,,39,15,0,7,,,,,
Jakarta,The Pakubuwono Menteng,2026-04-30 17:54:07,38,38,9,20,,,,,55,29.2,,,
Depok,Cinere - Nafas,2026-04-30 17:54:12,32,32,8,16,,,,,0,0,,,
Bogor,Kabupaten Bogor Leuwiliang,2026-04-30 17:00:00,80,74,38,,4,9,0,80,,,,,
Tangerang,Tangerang Pasir Jaya,2026-04-30 17:00:00,140,140,60,,58,63,0,65,,,,,
Bekasi,Bekasi Kayuringin,2026-04-30 17:00:00,63,63,32,,39,15,0,7,,,,,
Jakarta,The Pakubuwono Menteng,2026-04-30 17:55:07,35,35,8,24,,,,,56,29,,,
Depok,Cinere - Nafas,2026-04-30 17:55:12,32,32,8,18,,,,,0,0,,,
Bogor,Kabupaten Bogor Leuwiliang,2026-04-30 17:00:00,80,74,38,,4,9,0,80,,,,,
Tangerang,Tangerang Pasir Jaya,2026-04-30 17:00:00,140,140,60,,58,63,0,65,,,,,
Bekasi,Bekasi Kayuringin,2026-04-30 17:00:00,63,63,32,,39,15,0,7,,,,,
Jakarta,The Pakubuwono Menteng,2026-04-30 17:56:07,30,30,7,14,,,,,56,28.9,,,
Depok,Cinere - Nafas,2026-04-30 17:56:12,24,24,6,15,,,,,0,0,,,
Bogor,Kabupaten Bogor Leuwiliang,2026-04-30 17:00:00,80,74,38,,4,9,0,80,,,,,
Tangerang,Tangerang Pasir Jaya,2026-04-30 17:00:00,140,140,60,,58,63,0,65,,,,,
Bekasi,Bekasi Kayuringin,2026-04-30 17:00:00,63,63,32,,39,15,0,7,,,,,
Jakarta,The Pakubuwono Menteng,2026-04-30 17:58:07,12,12,3,7,,,,,55,28.7,,,
Depok,Cinere - Nafas,2026-04-30 17:58:12,30,30,7,10,,,,,0,0,,,
Bogor,Kabupaten Bogor Leuwiliang,2026-04-30 17:00:00,80,74,38,,4,9,0,80,,,,,
Tangerang,Tangerang Pasir Jaya,2026-04-30 17:00:00,140,140,60,,58,63,0,65,,,,,
Bekasi,Bekasi Kayuringin,2026-04-30 17:00:00,63,63,32,,39,15,0,7,,,,,
Jakarta,The Pakubuwono Menteng,2026-04-30 18:00:07,9,9,3,1,,,,,55,28.6,,,
Depok,Cinere - Nafas,2026-04-30 18:00:12,38,38,9,13,,,,,0,0,,,
Bogor,Kabupaten Bogor Leuwiliang,2026-04-30 17:00:00,80,74,38,,4,9,0,80,,,,,
Tangerang,Tangerang Pasir Jaya,2026-04-30 17:00:00,140,140,60,,58,63,0,65,,,,,
Bekasi,Bekasi Kayuringin,2026-04-30 17:00:00,63,63,32,,39,15,0,7,,,,,
Jakarta,The Pakubuwono Menteng,2026-04-30 18:01:07,18,18,4,10,,,,,55,28.5,,,
Depok,Cinere - Nafas,2026-04-30 18:01:12,30,30,9,15,,,,,0,0,,,
Bogor,Kabupaten Bogor Leuwiliang,2026-04-30 17:00:00,80,74,38,,4,9,0,80,,,,,
Tangerang,Tangerang Pasir Jaya,2026-04-30 17:00:00,140,140,60,,58,63,0,65,,,,,
Bekasi,Bekasi Kayuringin,2026-04-30 17:00:00,63,63,32,,39,15,0,7,,,,,
Jakarta,The Pakubuwono Menteng,2026-04-30 18:02:07,10,10,3,0,,,,,55,28.4,,,
Depok,Cinere - Nafas,2026-04-30 18:02:12,35,35,8,20,,,,,0,0,,,
Bogor,Kabupaten Bogor Leuwiliang,2026-04-30 17:00:00,80,74,38,,4,9,0,80,,,,,
Tangerang,Tangerang Pasir Jaya,2026-04-30 17:00:00,140,140,60,,58,63,0,65,,,,,
Bekasi,Bekasi Kayuringin,2026-04-30 17:00:00,63,63,32,,39,15,0,7,,,,,
Jakarta,The Pakubuwono Menteng,2026-04-30 18:03:07,15,15,3,0,,,,,55,28.4,,,
Depok,Cinere - Nafas,2026-04-30 18:03:12,42,42,10,20,,,,,0,0,,,
Bogor,Kabupaten Bogor Leuwiliang,2026-04-30 17:00:00,80,74,38,,4,9,0,80,,,,,
Tangerang,Tangerang Pasir Jaya,2026-04-30 17:00:00,140,140,60,,58,63,0,65,,,,,
Bekasi,Bekasi Kayuringin,2026-04-30 17:00:00,63,63,32,,39,15,0,7,,,,,
Jakarta,The Pakubuwono Menteng,2026-04-30 18:04:07,10,10,2,0,,,,,54,28.3,,,
Depok,Cinere - Nafas,2026-04-30 18:04:12,35,35,10,18,,,,,0,0,,,
Bogor,Kabupaten Bogor Leuwiliang,2026-04-30 17:00:00,80,74,38,,4,9,0,80,,,,,
Tangerang,Tangerang Pasir Jaya,2026-04-30 17:00:00,140,140,60,,58,63,0,65,,,,,
Bekasi,Bekasi Kayuringin,2026-04-30 17:00:00,63,63,32,,39,15,0,7,,,,,
Jakarta,The Pakubuwono Menteng,2026-04-30 18:04:07,10,10,2,0,,,,,54,28.3,,,
Depok,Cinere - Nafas,2026-04-30 18:04:12,35,35,10,18,,,,,0,0,,,
Bogor,Kabupaten Bogor Leuwiliang,2026-04-30 17:00:00,80,74,38,,4,9,0,80,,,,,
Tangerang,Tangerang Pasir Jaya,2026-04-30 17:00:00,140,140,60,,58,63,0,65,,,,,
Bekasi,Bekasi Kayuringin,2026-04-30 17:00:00,63,63,32,,39,15,0,7,,,,,
Jakarta,The Pakubuwono Menteng,2026-04-30 18:06:07,13,13,3,0,,,,,53,28.2,,,
Depok,Cinere - Nafas,2026-04-30 18:06:12,30,30,7,15,,,,,0,0,,,
Bogor,Kabupaten Bogor Leuwiliang,2026-04-30 17:00:00,80,74,38,,4,9,0,80,,,,,
Tangerang,Tangerang Pasir Jaya,2026-04-30 17:00:00,140,140,60,,58,63,0,65,,,,,
Bekasi,Bekasi Kayuringin,2026-04-30 17:00:00,63,63,32,,39,15,0,7,,,,,
Jakarta,The Pakubuwono Menteng,2026-04-30 18:08:08,18,18,4,0,,,,,55,28.1,,,
Depok,Cinere - Nafas,2026-04-30 18:08:12,20,20,6,13,,,,,0,0,,,
Bogor,Kabupaten Bogor Leuwiliang,2026-04-30 17:00:00,80,74,38,,4,9,0,80,,,,,
Tangerang,Tangerang Pasir Jaya,2026-04-30 17:00:00,140,140,60,,58,63,0,65,,,,,
Bekasi,Bekasi Kayuringin,2026-04-30 17:00:00,63,63,32,,39,15,0,7,,,,,
Jakarta,The Pakubuwono Menteng,2026-04-30 18:10:07,23,23,5,2,,,,,55,28.1,,,
Depok,Cinere - Nafas,2026-04-30 18:09:12,17,17,5,7,,,,,0,0,,,
Bogor,Kabupaten Bogor Leuwiliang,2026-04-30 18:00:00,80,73,37,,4,9,0,80,,,,,
Tangerang,Tangerang Pasir Jaya,2026-04-30 18:00:00,133,133,59,,58,63,0,65,,,,,
Bekasi,Bekasi Kayuringin,2026-04-30 18:00:00,63,63,32,,39,15,0,7,,,,,
Jakarta,The Pakubuwono Menteng,2026-04-30 18:11:08,17,17,4,8,,,,,56,28,,,
Depok,Cinere - Nafas,2026-04-30 18:10:12,14,14,4,5,,,,,0,0,,,
Bogor,Kabupaten Bogor Leuwiliang,2026-04-30 18:00:00,80,73,37,,4,9,0,80,,,,,
Tangerang,Tangerang Pasir Jaya,2026-04-30 18:00:00,133,133,59,,58,63,0,65,,,,,
Bekasi,Bekasi Kayuringin,2026-04-30 18:00:00,63,63,32,,39,15,0,7,,,,,
Jakarta,The Pakubuwono Menteng,2026-04-30 18:12:07,18,18,4,10,,,,,56,28,,,
Depok,Cinere - Nafas,2026-04-30 18:11:12,15,15,3,4,,,,,0,0,,,
Bogor,Kabupaten Bogor Leuwiliang,2026-04-30 18:00:00,80,73,37,,4,9,0,80,,,,,
Tangerang,Tangerang Pasir Jaya,2026-04-30 18:00:00,133,133,59,,58,63,0,65,,,,,
Bekasi,Bekasi Kayuringin,2026-04-30 18:00:00,63,63,32,,39,15,0,7,,,,,
Jakarta,The Pakubuwono Menteng,2026-04-30 18:13:07,23,23,6,6,,,,,55,28,,,
Depok,Cinere - Nafas,2026-04-30 18:12:12,20,20,5,5,,,,,0,0,,,
Bogor,Kabupaten Bogor Leuwiliang,2026-04-30 18:00:00,80,73,37,,4,9,0,80,,,,,
Tangerang,Tangerang Pasir Jaya,2026-04-30 18:00:00,133,133,59,,58,63,0,65,,,,,
Bekasi,Bekasi Kayuringin,2026-04-30 18:00:00,63,63,32,,39,15,0,7,,,,,
Jakarta,The Pakubuwono Menteng,2026-04-30 18:15:07,5,5,2,1,,,,,55,27.9,,,
Depok,Cinere - Nafas,2026-04-30 18:14:12,15,15,3,8,,,,,0,0,,,
Bogor,Kabupaten Bogor Leuwiliang,2026-04-30 18:00:00,80,73,37,,4,9,0,80,,,,,
Tangerang,Tangerang Pasir Jaya,2026-04-30 18:00:00,133,133,59,,58,63,0,65,,,,,
Bekasi,Bekasi Kayuringin,2026-04-30 18:00:00,63,63,32,,39,15,0,7,,,,,
Jakarta,The Pakubuwono Menteng,2026-04-30 18:16:08,12,12,4,3,,,,,55,27.9,,,
Depok,Cinere - Nafas,2026-04-30 18:15:12,21,21,5,8,,,,,0,0,,,
Bogor,Kabupaten Bogor Leuwiliang,2026-04-30 18:00:00,80,73,37,,4,9,0,80,,,,,
Tangerang,Tangerang Pasir Jaya,2026-04-30 18:00:00,133,133,59,,58,63,0,65,,,,,
Bekasi,Bekasi Kayuringin,2026-04-30 18:00:00,63,63,32,,39,15,0,7,,,,,
Jakarta,The Pakubuwono Menteng,2026-04-30 18:16:08,12,12,4,3,,,,,55,27.9,,,
Depok,Cinere - Nafas,2026-04-30 18:16:12,15,15,4,6,,,,,0,0,,,
Bogor,Kabupaten Bogor Leuwiliang,2026-04-30 18:00:00,80,73,37,,4,9,0,80,,,,,
Tangerang,Tangerang Pasir Jaya,2026-04-30 18:00:00,133,133,59,,58,63,0,65,,,,,
Bekasi,Bekasi Kayuringin,2026-04-30 18:00:00,63,63,32,,39,15,0,7,,,,,
Jakarta,The Pakubuwono Menteng,2026-04-30 18:18:08,13,13,3,1,,,,,55,27.9,,,
Depok,Cinere - Nafas,2026-04-30 18:17:12,20,20,5,7,,,,,0,0,,,
Bogor,Kabupaten Bogor Leuwiliang,2026-04-30 18:00:00,80,73,37,,4,9,0,80,,,,,
Tangerang,Tangerang Pasir Jaya,2026-04-30 18:00:00,133,133,59,,58,63,0,65,,,,,
Bekasi,Bekasi Kayuringin,2026-04-30 18:00:00,63,63,32,,39,15,0,7,,,,,
Jakarta,The Pakubuwono Menteng,2026-04-30 18:19:08,13,13,4,3,,,,,56,27.8,,,
Depok,Cinere - Nafas,2026-04-30 18:18:12,19,19,4,7,,,,,0,0,,,
Bogor,Kabupaten Bogor Leuwiliang,2026-04-30 18:00:00,80,73,37,,4,9,0,80,,,,,
Tangerang,Tangerang Pasir Jaya,2026-04-30 18:00:00,133,133,59,,58,63,0,65,,,,,
Bekasi,Bekasi Kayuringin,2026-04-30 18:00:00,63,63,32,,39,15,0,7,,,,,
Jakarta,The Pakubuwono Menteng,2026-04-30 18:20:07,10,10,2,2,,,,,55,27.8,,,
Depok,Cinere - Nafas,2026-04-30 18:18:12,19,19,4,6,,,,,0,0,,,
Bogor,Kabupaten Bogor Leuwiliang,2026-04-30 18:00:00,80,73,37,,4,9,0,80,,,,,
Tangerang,Tangerang Pasir Jaya,2026-04-30 18:00:00,133,133,59,,58,63,0,65,,,,,
Bekasi,Bekasi Kayuringin,2026-04-30 18:00:00,63,63,32,,39,15,0,7,,,,,
Jakarta,The Pakubuwono Menteng,2026-04-30 18:22:08,15,15,3,2,,,,,56,27.7,,,
Depok,Cinere - Nafas,2026-04-30 18:21:12,24,24,6,7,,,,,0,0,,,
Bogor,Kabupaten Bogor Leuwiliang,2026-04-30 18:00:00,80,73,37,,4,9,0,80,,,,,
Tangerang,Tangerang Pasir Jaya,2026-04-30 18:00:00,133,133,59,,58,63,0,65,,,,,
Bekasi,Bekasi Kayuringin,2026-04-30 18:00:00,63,63,32,,39,15,0,7,,,,,
Jakarta,The Pakubuwono Menteng,2026-04-30 18:23:08,20,20,4,5,,,,,56,27.6,,,
Depok,Cinere - Nafas,2026-04-30 18:22:12,25,25,7,15,,,,,0,0,,,
Bogor,Kabupaten Bogor Leuwiliang,2026-04-30 18:00:00,80,73,37,,4,9,0,80,,,,,
Tangerang,Tangerang Pasir Jaya,2026-04-30 18:00:00,133,133,59,,58,63,0,65,,,,,
Bekasi,Bekasi Kayuringin,2026-04-30 18:00:00,63,63,32,,39,15,0,7,,,,,
Jakarta,The Pakubuwono Menteng,2026-04-30 18:24:08,19,19,4,10,,,,,57,27.6,,,
Depok,Cinere - Nafas,2026-04-30 18:23:12,23,23,5,11,,,,,0,0,,,
Bogor,Kabupaten Bogor Leuwiliang,2026-04-30 18:00:00,80,73,37,,4,9,0,80,,,,,
Tangerang,Tangerang Pasir Jaya,2026-04-30 18:00:00,133,133,59,,58,63,0,65,,,,,
Bekasi,Bekasi Kayuringin,2026-04-30 18:00:00,63,63,32,,39,15,0,7,,,,,
Jakarta,The Pakubuwono Menteng,2026-04-30 18:25:08,13,13,3,5,,,,,57,27.6,,,
Depok,Cinere - Nafas,2026-04-30 18:24:12,31,31,7,19,,,,,0,0,,,
Bogor,Kabupaten Bogor Leuwiliang,2026-04-30 18:00:00,80,73,37,,4,9,0,80,,,,,
Tangerang,Tangerang Pasir Jaya,2026-04-30 18:00:00,133,133,59,,58,63,0,65,,,,,
Bekasi,Bekasi Kayuringin,2026-04-30 18:00:00,63,63,32,,39,15,0,7,,,,,
Jakarta,The Pakubuwono Menteng,2026-04-30 18:27:08,11,11,2,1,,,,,57,27.5,,,
Depok,Cinere - Nafas,2026-04-30 18:26:12,35,35,11,20,,,,,0,0,,,
Bogor,Kabupaten Bogor Leuwiliang,2026-04-30 18:00:00,80,73,37,,4,9,0,80,,,,,
Tangerang,Tangerang Pasir Jaya,2026-04-30 18:00:00,133,133,59,,58,63,0,65,,,,,
Bekasi,Bekasi Kayuringin,2026-04-30 18:00:00,63,63,32,,39,15,0,7,,,,,
Jakarta,The Pakubuwono Menteng,2026-04-30 18:29:08,10,10,2,3,,,,,58,27.5,,,
Depok,Cinere - Nafas,2026-04-30 18:28:12,26,26,7,15,,,,,0,0,,,
Bogor,Kabupaten Bogor Leuwiliang,2026-04-30 18:00:00,80,73,37,,4,9,0,80,,,,,
Tangerang,Tangerang Pasir Jaya,2026-04-30 18:00:00,133,133,59,,58,63,0,65,,,,,
Bekasi,Bekasi Kayuringin,2026-04-30 18:00:00,63,63,32,,39,15,0,7,,,,,
Jakarta,The Pakubuwono Menteng,2026-04-30 18:30:08,10,10,4,0,,,,,58,27.4,,,
Depok,Cinere - Nafas,2026-04-30 18:29:13,28,28,7,15,,,,,0,0,,,
Bogor,Kabupaten Bogor Leuwiliang,2026-04-30 18:00:00,80,73,37,,4,9,0,80,,,,,
Tangerang,Tangerang Pasir Jaya,2026-04-30 18:00:00,133,133,59,,58,63,0,65,,,,,
Bekasi,Bekasi Kayuringin,2026-04-30 18:00:00,63,63,32,,39,15,0,7,,,,,
Jakarta,The Pakubuwono Menteng,2026-04-30 18:31:08,13,13,3,1,,,,,58,27.4,,,
Depok,Cinere - Nafas,2026-04-30 18:30:12,27,27,6,13,,,,,0,0,,,
Bogor,Kabupaten Bogor Leuwiliang,2026-04-30 18:00:00,80,73,37,,4,9,0,80,,,,,
Tangerang,Tangerang Pasir Jaya,2026-04-30 18:00:00,133,133,59,,58,63,0,65,,,,,
Bekasi,Bekasi Kayuringin,2026-04-30 18:00:00,63,63,32,,39,15,0,7,,,,,
Jakarta,The Pakubuwono Menteng,2026-04-30 18:31:08,13,13,3,1,,,,,58,27.4,,,
Depok,Cinere - Nafas,2026-04-30 18:30:12,27,27,6,13,,,,,0,0,,,
Bogor,Kabupaten Bogor Leuwiliang,2026-04-30 18:00:00,80,73,37,,4,9,0,80,,,,,
Tangerang,Tangerang Pasir Jaya,2026-04-30 18:00:00,133,133,59,,58,63,0,65,,,,,
Bekasi,Bekasi Kayuringin,2026-04-30 18:00:00,63,63,32,,39,15,0,7,,,,,
Jakarta,The Pakubuwono Menteng,2026-04-30 18:32:08,17,17,4,2,,,,,58,27.4,,,
Depok,Cinere - Nafas,2026-04-30 18:31:12,24,24,6,12,,,,,0,0,,,
Bogor,Kabupaten Bogor Leuwiliang,2026-04-30 18:00:00,80,73,37,,4,9,0,80,,,,,
Tangerang,Tangerang Pasir Jaya,2026-04-30 18:00:00,133,133,59,,58,63,0,65,,,,,
Bekasi,Bekasi Kayuringin,2026-04-30 18:00:00,63,63,32,,39,15,0,7,,,,,
Jakarta,The Pakubuwono Menteng,2026-04-30 18:33:08,18,18,4,8,,,,,59,27.4,,,
Depok,Cinere - Nafas,2026-04-30 18:32:12,30,30,7,11,,,,,0,0,,,
Bogor,Kabupaten Bogor Leuwiliang,2026-04-30 18:00:00,80,73,37,,4,9,0,80,,,,,
Tangerang,Tangerang Pasir Jaya,2026-04-30 18:00:00,133,133,59,,58,63,0,65,,,,,
Bekasi,Bekasi Kayuringin,2026-04-30 18:00:00,63,63,32,,39,15,0,7,,,,,
Jakarta,The Pakubuwono Menteng,2026-04-30 18:35:08,22,22,5,8,,,,,60,27.3,,,
Depok,Cinere - Nafas,2026-04-30 18:34:12,19,19,4,10,,,,,0,0,,,
Bogor,Kabupaten Bogor Leuwiliang,2026-04-30 18:00:00,80,73,37,,4,9,0,80,,,,,
Tangerang,Tangerang Pasir Jaya,2026-04-30 18:00:00,133,133,59,,58,63,0,65,,,,,
Bekasi,Bekasi Kayuringin,2026-04-30 18:00:00,63,63,32,,39,15,0,7,,,,,
Jakarta,The Pakubuwono Menteng,2026-04-30 18:36:08,21,21,5,8,,,,,60,27.3,,,
Depok,Cinere - Nafas,2026-04-30 18:36:12,30,30,8,17,,,,,0,0,,,
Bogor,Kabupaten Bogor Leuwiliang,2026-04-30 18:00:00,80,73,37,,4,9,0,80,,,,,
Tangerang,Tangerang Pasir Jaya,2026-04-30 18:00:00,133,133,59,,58,63,0,65,,,,,
Bekasi,Bekasi Kayuringin,2026-04-30 18:00:00,63,63,32,,39,15,0,7,,,,,
Jakarta,The Pakubuwono Menteng,2026-04-30 18:38:08,22,22,5,12,,,,,61,27.4,,,
Depok,Cinere - Nafas,2026-04-30 18:38:12,28,28,7,15,,,,,0,0,,,
Bogor,Kabupaten Bogor Leuwiliang,2026-04-30 18:00:00,80,73,37,,4,9,0,80,,,,,
Tangerang,Tangerang Pasir Jaya,2026-04-30 18:00:00,133,133,59,,58,63,0,65,,,,,
Bekasi,Bekasi Kayuringin,2026-04-30 18:00:00,63,63,32,,39,15,0,7,,,,,
Jakarta,The Pakubuwono Menteng,2026-04-30 18:39:08,15,15,3,7,,,,,61,27.4,,,
Depok,Cinere - Nafas,2026-04-30 18:39:12,26,26,6,16,,,,,0,0,,,
Bogor,Kabupaten Bogor Leuwiliang,2026-04-30 18:00:00,80,73,37,,4,9,0,80,,,,,
Tangerang,Tangerang Pasir Jaya,2026-04-30 18:00:00,133,133,59,,58,63,0,65,,,,,
Bekasi,Bekasi Kayuringin,2026-04-30 18:00:00,63,63,32,,39,15,0,7,,,,,
Jakarta,The Pakubuwono Menteng,2026-04-30 18:40:08,17,17,4,5,,,,,61,27.4,,,
Depok,Cinere - Nafas,2026-04-30 18:40:13,35,35,8,17,,,,,0,0,,,
Bogor,Kabupaten Bogor Leuwiliang,2026-04-30 18:00:00,80,73,37,,4,9,0,80,,,,,
Tangerang,Tangerang Pasir Jaya,2026-04-30 18:00:00,133,133,59,,58,63,0,65,,,,,
Bekasi,Bekasi Kayuringin,2026-04-30 18:00:00,63,63,32,,39,15,0,7,,,,,
Jakarta,The Pakubuwono Menteng,2026-04-30 18:41:08,24,24,6,14,,,,,61,27.4,,,
Depok,Cinere - Nafas,2026-04-30 18:41:12,53,53,15,26,,,,,0,0,,,
Bogor,Kabupaten Bogor Leuwiliang,2026-04-30 18:00:00,80,73,37,,4,9,0,80,,,,,
Tangerang,Tangerang Pasir Jaya,2026-04-30 18:00:00,133,133,59,,58,63,0,65,,,,,
Bekasi,Bekasi Kayuringin,2026-04-30 18:00:00,63,63,32,,39,15,0,7,,,,,
Jakarta,The Pakubuwono Menteng,2026-04-30 18:43:08,16,16,4,7,,,,,61,27.5,,,
Depok,Cinere - Nafas,2026-04-30 18:43:13,48,48,10,21,,,,,0,0,,,
Bogor,Kabupaten Bogor Leuwiliang,2026-04-30 18:00:00,80,73,37,,4,9,0,80,,,,,
Tangerang,Tangerang Pasir Jaya,2026-04-30 18:00:00,133,133,59,,58,63,0,65,,,,,
Bekasi,Bekasi Kayuringin,2026-04-30 18:00:00,63,63,32,,39,15,0,7,,,,,
Jakarta,The Pakubuwono Menteng,2026-04-30 18:44:08,28,28,6,17,,,,,61,27.5,,,
Depok,Cinere - Nafas,2026-04-30 18:44:13,47,47,13,28,,,,,0,0,,,
Bogor,Kabupaten Bogor Leuwiliang,2026-04-30 18:00:00,80,73,37,,4,9,0,80,,,,,
Tangerang,Tangerang Pasir Jaya,2026-04-30 18:00:00,133,133,59,,58,63,0,65,,,,,
Bekasi,Bekasi Kayuringin,2026-04-30 18:00:00,63,63,32,,39,15,0,7,,,,,
Jakarta,The Pakubuwono Menteng,2026-04-30 18:44:08,28,28,6,17,,,,,61,27.5,,,
Depok,Cinere - Nafas,2026-04-30 18:44:13,47,47,13,28,,,,,0,0,,,
Bogor,Kabupaten Bogor Leuwiliang,2026-04-30 18:00:00,80,73,37,,4,9,0,80,,,,,
Tangerang,Tangerang Pasir Jaya,2026-04-30 18:00:00,133,133,59,,58,63,0,65,,,,,
Bekasi,Bekasi Kayuringin,2026-04-30 18:00:00,63,63,32,,39,15,0,7,,,,,
Jakarta,The Pakubuwono Menteng,2026-04-30 18:45:08,17,17,4,11,,,,,61,27.6,,,
Depok,Cinere - Nafas,2026-04-30 18:45:13,51,51,16,20,,,,,0,0,,,
Bogor,Kabupaten Bogor Leuwiliang,2026-04-30 18:00:00,80,73,37,,4,9,0,80,,,,,
Tangerang,Tangerang Pasir Jaya,2026-04-30 18:00:00,133,133,59,,58,63,0,65,,,,,
Bekasi,Bekasi Kayuringin,2026-04-30 18:00:00,63,63,32,,39,15,0,7,,,,,
Jakarta,The Pakubuwono Menteng,2026-04-30 18:47:08,14,14,3,5,,,,,60,27.6,,,
Depok,Cinere - Nafas,2026-04-30 18:47:13,61,61,17,30,,,,,0,0,,,
Bogor,Kabupaten Bogor Leuwiliang,2026-04-30 18:00:00,80,73,37,,4,9,0,80,,,,,
Tangerang,Tangerang Pasir Jaya,2026-04-30 18:00:00,133,133,59,,58,63,0,65,,,,,
Bekasi,Bekasi Kayuringin,2026-04-30 18:00:00,63,63,32,,39,15,0,7,,,,,
Jakarta,The Pakubuwono Menteng,2026-04-30 18:48:08,17,17,4,6,,,,,60,27.6,,,
Depok,Cinere - Nafas,2026-04-30 18:48:13,51,51,12,26,,,,,0,0,,,
Bogor,Kabupaten Bogor Leuwiliang,2026-04-30 18:00:00,80,73,37,,4,9,0,80,,,,,
Tangerang,Tangerang Pasir Jaya,2026-04-30 18:00:00,133,133,59,,58,63,0,65,,,,,
Bekasi,Bekasi Kayuringin,2026-04-30 18:00:00,63,63,32,,39,15,0,7,,,,,
Jakarta,The Pakubuwono Menteng,2026-04-30 18:50:08,11,11,2,1,,,,,60,27.6,,,
Depok,Cinere - Nafas,2026-04-30 18:50:13,50,50,11,22,,,,,0,0,,,
Bogor,Kabupaten Bogor Leuwiliang,2026-04-30 18:00:00,80,73,37,,4,9,0,80,,,,,
Tangerang,Tangerang Pasir Jaya,2026-04-30 18:00:00,133,133,59,,58,63,0,65,,,,,
Bekasi,Bekasi Kayuringin,2026-04-30 18:00:00,63,63,32,,39,15,0,7,,,,,
Jakarta,The Pakubuwono Menteng,2026-04-30 18:51:08,16,16,4,1,,,,,60,27.6,,,
Depok,Cinere - Nafas,2026-04-30 18:51:13,49,49,13,28,,,,,0,0,,,
Bogor,Kabupaten Bogor Leuwiliang,2026-04-30 18:00:00,80,73,37,,4,9,0,80,,,,,
Tangerang,Tangerang Pasir Jaya,2026-04-30 18:00:00,133,133,59,,58,63,0,65,,,,,
Bekasi,Bekasi Kayuringin,2026-04-30 18:00:00,63,63,32,,39,15,0,7,,,,,
Jakarta,The Pakubuwono Menteng,2026-04-30 18:52:08,24,24,5,5,,,,,60,27.6,,,
Depok,Cinere - Nafas,2026-04-30 18:52:13,51,51,13,27,,,,,0,0,,,
Bogor,Kabupaten Bogor Leuwiliang,2026-04-30 18:00:00,80,73,37,,4,9,0,80,,,,,
Tangerang,Tangerang Pasir Jaya,2026-04-30 18:00:00,133,133,59,,58,63,0,65,,,,,
Bekasi,Bekasi Kayuringin,2026-04-30 18:00:00,63,63,32,,39,15,0,7,,,,,
Jakarta,The Pakubuwono Menteng,2026-04-30 18:53:09,33,33,7,15,,,,,60,27.6,,,
Depok,Cinere - Nafas,2026-04-30 18:53:13,54,54,15,28,,,,,0,0,,,
Bogor,Kabupaten Bogor Leuwiliang,2026-04-30 18:00:00,80,73,37,,4,9,0,80,,,,,
Tangerang,Tangerang Pasir Jaya,2026-04-30 18:00:00,133,133,59,,58,63,0,65,,,,,
Bekasi,Bekasi Kayuringin,2026-04-30 18:00:00,63,63,32,,39,15,0,7,,,,,
Jakarta,The Pakubuwono Menteng,2026-04-30 18:54:08,38,38,9,20,,,,,60,27.6,,,
Depok,Cinere - Nafas,2026-04-30 18:54:14,56,56,17,26,,,,,0,0,,,
Bogor,Kabupaten Bogor Leuwiliang,2026-04-30 18:00:00,80,73,37,,4,9,0,80,,,,,
Tangerang,Tangerang Pasir Jaya,2026-04-30 18:00:00,133,133,59,,58,63,0,65,,,,,
Bekasi,Bekasi Kayuringin,2026-04-30 18:00:00,63,63,32,,39,15,0,7,,,,,
Jakarta,The Pakubuwono Menteng,2026-04-30 18:55:09,29,29,7,15,,,,,60,27.6,,,
Depok,Cinere - Nafas,2026-04-30 18:55:13,57,57,17,24,,,,,0,0,,,
Bogor,Kabupaten Bogor Leuwiliang,2026-04-30 18:00:00,80,73,37,,4,9,0,80,,,,,
Tangerang,Tangerang Pasir Jaya,2026-04-30 18:00:00,133,133,59,,58,63,0,65,,,,,
Bekasi,Bekasi Kayuringin,2026-04-30 18:00:00,63,63,32,,39,15,0,7,,,,,
Jakarta,The Pakubuwono Menteng,2026-04-30 18:58:09,12,12,3,5,,,,,60,27.6,,,
Depok,Cinere - Nafas,2026-04-30 18:58:13,62,62,16,29,,,,,0,0,,,
Bogor,Kabupaten Bogor Leuwiliang,2026-04-30 18:00:00,80,73,37,,4,9,0,80,,,,,
Tangerang,Tangerang Pasir Jaya,2026-04-30 18:00:00,133,133,59,,58,63,0,65,,,,,
Bekasi,Bekasi Kayuringin,2026-04-30 18:00:00,63,63,32,,39,15,0,7,,,,,
Jakarta,The Pakubuwono Menteng,2026-04-30 18:58:09,12,12,3,5,,,,,60,27.6,,,
Depok,Cinere - Nafas,2026-04-30 18:58:13,62,62,16,29,,,,,0,0,,,
Bogor,Kabupaten Bogor Leuwiliang,2026-04-30 18:00:00,80,73,37,,4,9,0,80,,,,,
Tangerang,Tangerang Pasir Jaya,2026-04-30 18:00:00,133,133,59,,58,63,0,65,,,,,
Bekasi,Bekasi Kayuringin,2026-04-30 18:00:00,63,63,32,,39,15,0,7,,,,,
Jakarta,The Pakubuwono Menteng,2026-04-30 18:59:09,18,18,4,7,,,,,60,27.6,,,
Depok,Cinere - Nafas,2026-04-30 18:59:13,61,61,18,33,,,,,0,0,,,
Bogor,Kabupaten Bogor Leuwiliang,2026-04-30 18:00:00,80,73,37,,4,9,0,80,,,,,
Tangerang,Tangerang Pasir Jaya,2026-04-30 18:00:00,133,133,59,,58,63,0,65,,,,,
Bekasi,Bekasi Kayuringin,2026-04-30 18:00:00,63,63,32,,39,15,0,7,,,,,
Jakarta,The Pakubuwono Menteng,2026-04-30 19:00:09,21,21,5,7,,,,,60,27.6,,,
Depok,Cinere - Nafas,2026-04-30 19:00:13,61,61,20,34,,,,,0,0,,,
Bogor,Kabupaten Bogor Leuwiliang,2026-04-30 18:00:00,80,73,37,,4,9,0,80,,,,,
Tangerang,Tangerang Pasir Jaya,2026-04-30 18:00:00,133,133,59,,58,63,0,65,,,,,
Bekasi,Bekasi Kayuringin,2026-04-30 18:00:00,63,63,32,,39,15,0,7,,,,,
Jakarta,The Pakubuwono Menteng,2026-04-30 19:01:09,26,26,7,10,,,,,60,27.6,,,
Depok,Cinere - Nafas,2026-04-30 19:01:13,61,61,17,32,,,,,0,0,,,
Bogor,Kabupaten Bogor Leuwiliang,2026-04-30 18:00:00,80,73,37,,4,9,0,80,,,,,
Tangerang,Tangerang Pasir Jaya,2026-04-30 18:00:00,133,133,59,,58,63,0,65,,,,,
Bekasi,Bekasi Kayuringin,2026-04-30 18:00:00,63,63,32,,39,15,0,7,,,,,
Jakarta,The Pakubuwono Menteng,2026-04-30 19:02:09,15,15,4,6,,,,,61,27.6,,,
Depok,Cinere - Nafas,2026-04-30 19:02:14,67,67,21,42,,,,,0,0,,,
Bogor,Kabupaten Bogor Leuwiliang,2026-04-30 18:00:00,80,73,37,,4,9,0,80,,,,,
Tangerang,Tangerang Pasir Jaya,2026-04-30 18:00:00,133,133,59,,58,63,0,65,,,,,
Bekasi,Bekasi Kayuringin,2026-04-30 18:00:00,63,63,32,,39,15,0,7,,,,,
Jakarta,The Pakubuwono Menteng,2026-04-30 19:04:09,10,10,2,0,,,,,60,27.5,,,
Depok,Cinere - Nafas,2026-04-30 19:04:14,67,67,21,37,,,,,0,0,,,
Bogor,Kabupaten Bogor Leuwiliang,2026-04-30 18:00:00,80,73,37,,4,9,0,80,,,,,
Tangerang,Tangerang Pasir Jaya,2026-04-30 18:00:00,133,133,59,,58,63,0,65,,,,,
Bekasi,Bekasi Kayuringin,2026-04-30 18:00:00,63,63,32,,39,15,0,7,,,,,
Jakarta,The Pakubuwono Menteng,2026-04-30 19:05:09,6,6,1,0,,,,,60,27.5,,,
Depok,Cinere - Nafas,2026-04-30 19:06:13,67,67,20,47,,,,,0,0,,,
Bogor,Kabupaten Bogor Leuwiliang,2026-04-30 18:00:00,80,73,37,,4,9,0,80,,,,,
Tangerang,Tangerang Pasir Jaya,2026-04-30 18:00:00,133,133,59,,58,63,0,65,,,,,
Bekasi,Bekasi Kayuringin,2026-04-30 18:00:00,63,63,32,,39,15,0,7,,,,,
Jakarta,The Pakubuwono Menteng,2026-04-30 19:07:09,19,19,4,0,,,,,60,27.5,,,
Depok,Cinere - Nafas,2026-04-30 19:07:13,72,72,22,47,,,,,0,0,,,
Bogor,Kabupaten Bogor Leuwiliang,2026-04-30 18:00:00,80,73,37,,4,9,0,80,,,,,
Tangerang,Tangerang Pasir Jaya,2026-04-30 18:00:00,133,133,59,,58,63,0,65,,,,,
Bekasi,Bekasi Kayuringin,2026-04-30 18:00:00,63,63,32,,39,15,0,7,,,,,
Jakarta,The Pakubuwono Menteng,2026-04-30 19:08:09,21,21,5,13,,,,,60,27.5,,,
Depok,Cinere - Nafas,2026-04-30 19:08:13,74,74,23,54,,,,,0,0,,,
Bogor,Kabupaten Bogor Leuwiliang,2026-04-30 18:00:00,80,73,37,,4,9,0,80,,,,,
Tangerang,Tangerang Pasir Jaya,2026-04-30 18:00:00,133,133,59,,58,63,0,65,,,,,
Bekasi,Bekasi Kayuringin,2026-04-30 18:00:00,63,63,32,,39,15,0,7,,,,,
Jakarta,The Pakubuwono Menteng,2026-04-30 19:09:09,11,11,3,7,,,,,60,27.5,,,
Depok,Cinere - Nafas,2026-04-30 19:09:13,70,70,21,43,,,,,0,0,,,
Bogor,Kabupaten Bogor Leuwiliang,2026-04-30 18:00:00,80,73,37,,4,9,0,80,,,,,
Tangerang,Tangerang Pasir Jaya,2026-04-30 18:00:00,133,133,59,,58,63,0,65,,,,,
Bekasi,Bekasi Kayuringin,2026-04-30 18:00:00,63,63,32,,39,15,0,7,,,,,
Jakarta,The Pakubuwono Menteng,2026-04-30 19:11:09,19,19,4,2,,,,,60,27.5,,,
Depok,Cinere - Nafas,2026-04-30 19:11:13,65,65,18,30,,,,,0,0,,,
Bogor,Kabupaten Bogor Leuwiliang,2026-04-30 19:00:00,80,72,36,,4,9,0,80,,,,,
Tangerang,Tangerang Pasir Jaya,2026-04-30 19:00:00,128,128,58,,58,63,0,65,,,,,
Bekasi,Bekasi Kayuringin,2026-04-30 19:00:00,61,61,31,,39,15,0,7,,,,,
Jakarta,The Pakubuwono Menteng,2026-04-30 19:11:09,19,19,4,2,,,,,60,27.5,,,
Depok,Cinere - Nafas,2026-04-30 19:11:13,65,65,18,30,,,,,0,0,,,
Bogor,Kabupaten Bogor Leuwiliang,2026-04-30 19:00:00,80,72,36,,4,9,0,80,,,,,
Tangerang,Tangerang Pasir Jaya,2026-04-30 19:00:00,128,128,58,,58,63,0,65,,,,,
Bekasi,Bekasi Kayuringin,2026-04-30 19:00:00,61,61,31,,39,15,0,7,,,,,
Jakarta,The Pakubuwono Menteng,2026-04-30 19:12:09,63,63,18,54,,,,,61,27.5,,,
Depok,Cinere - Nafas,2026-04-30 19:12:13,68,68,21,40,,,,,0,0,,,
Bogor,Kabupaten Bogor Leuwiliang,2026-04-30 19:00:00,80,72,36,,4,9,0,80,,,,,
Tangerang,Tangerang Pasir Jaya,2026-04-30 19:00:00,128,128,58,,58,63,0,65,,,,,
Bekasi,Bekasi Kayuringin,2026-04-30 19:00:00,61,61,31,,39,15,0,7,,,,,
Jakarta,The Pakubuwono Menteng,2026-04-30 19:13:09,66,66,18,51,,,,,61,27.5,,,
Depok,Cinere - Nafas,2026-04-30 19:13:13,67,67,20,33,,,,,0,0,,,
Bogor,Kabupaten Bogor Leuwiliang,2026-04-30 19:00:00,80,72,36,,4,9,0,80,,,,,
Tangerang,Tangerang Pasir Jaya,2026-04-30 19:00:00,128,128,58,,58,63,0,65,,,,,
Bekasi,Bekasi Kayuringin,2026-04-30 19:00:00,61,61,31,,39,15,0,7,,,,,
Jakarta,The Pakubuwono Menteng,2026-04-30 19:14:09,57,57,17,33,,,,,61,27.5,,,
Depok,Cinere - Nafas,2026-04-30 19:14:13,66,66,21,31,,,,,0,0,,,
Bogor,Kabupaten Bogor Leuwiliang,2026-04-30 19:00:00,80,72,36,,4,9,0,80,,,,,
Tangerang,Tangerang Pasir Jaya,2026-04-30 19:00:00,128,128,58,,58,63,0,65,,,,,
Bekasi,Bekasi Kayuringin,2026-04-30 19:00:00,61,61,31,,39,15,0,7,,,,,
Jakarta,The Pakubuwono Menteng,2026-04-30 19:16:09,88,88,31,71,,,,,61,27.5,,,
Depok,Cinere - Nafas,2026-04-30 19:16:13,62,62,17,32,,,,,0,0,,,
Bogor,Kabupaten Bogor Leuwiliang,2026-04-30 19:00:00,80,72,36,,4,9,0,80,,,,,
Tangerang,Tangerang Pasir Jaya,2026-04-30 19:00:00,128,128,58,,58,63,0,65,,,,,
Bekasi,Bekasi Kayuringin,2026-04-30 19:00:00,61,61,31,,39,15,0,7,,,,,
Jakarta,The Pakubuwono Menteng,2026-04-30 19:18:09,82,82,26,70,,,,,61,27.6,,,
Depok,Cinere - Nafas,2026-04-30 19:18:13,62,62,17,30,,,,,0,0,,,
Bogor,Kabupaten Bogor Leuwiliang,2026-04-30 19:00:00,80,72,36,,4,9,0,80,,,,,
Tangerang,Tangerang Pasir Jaya,2026-04-30 19:00:00,128,128,58,,58,63,0,65,,,,,
Bekasi,Bekasi Kayuringin,2026-04-30 19:00:00,61,61,31,,39,15,0,7,,,,,
Jakarta,The Pakubuwono Menteng,2026-04-30 19:19:09,81,81,25,65,,,,,61,27.6,,,
Depok,Cinere - Nafas,2026-04-30 19:19:13,62,62,17,28,,,,,0,0,,,
Bogor,Kabupaten Bogor Leuwiliang,2026-04-30 19:00:00,80,72,36,,4,9,0,80,,,,,
Tangerang,Tangerang Pasir Jaya,2026-04-30 19:00:00,128,128,58,,58,63,0,65,,,,,
Bekasi,Bekasi Kayuringin,2026-04-30 19:00:00,61,61,31,,39,15,0,7,,,,,
Jakarta,The Pakubuwono Menteng,2026-04-30 19:20:09,76,76,22,62,,,,,61,27.6,,,
Depok,Cinere - Nafas,2026-04-30 19:20:14,60,60,17,27,,,,,0,0,,,
Bogor,Kabupaten Bogor Leuwiliang,2026-04-30 19:00:00,80,72,36,,4,9,0,80,,,,,
Tangerang,Tangerang Pasir Jaya,2026-04-30 19:00:00,128,128,58,,58,63,0,65,,,,,
Bekasi,Bekasi Kayuringin,2026-04-30 19:00:00,61,61,31,,39,15,0,7,,,,,
Jakarta,The Pakubuwono Menteng,2026-04-30 19:21:09,86,86,26,70,,,,,61,27.6,,,
Depok,Cinere - Nafas,2026-04-30 19:21:13,62,62,17,33,,,,,0,0,,,
Bogor,Kabupaten Bogor Leuwiliang,2026-04-30 19:00:00,80,72,36,,4,9,0,80,,,,,
Tangerang,Tangerang Pasir Jaya,2026-04-30 19:00:00,128,128,58,,58,63,0,65,,,,,
Bekasi,Bekasi Kayuringin,2026-04-30 19:00:00,61,61,31,,39,15,0,7,,,,,
Jakarta,The Pakubuwono Menteng,2026-04-30 19:22:09,77,77,24,64,,,,,61,27.6,,,
Depok,Cinere - Nafas,2026-04-30 19:22:14,70,70,20,44,,,,,0,0,,,
Bogor,Kabupaten Bogor Leuwiliang,2026-04-30 19:00:00,80,72,36,,4,9,0,80,,,,,
Tangerang,Tangerang Pasir Jaya,2026-04-30 19:00:00,128,128,58,,58,63,0,65,,,,,
Bekasi,Bekasi Kayuringin,2026-04-30 19:00:00,61,61,31,,39,15,0,7,,,,,
Jakarta,The Pakubuwono Menteng,2026-04-30 19:23:09,64,64,17,50,,,,,61,27.7,,,
Depok,Cinere - Nafas,2026-04-30 19:23:14,66,66,19,35,,,,,0,0,,,
Bogor,Kabupaten Bogor Leuwiliang,2026-04-30 19:00:00,80,72,36,,4,9,0,80,,,,,
Tangerang,Tangerang Pasir Jaya,2026-04-30 19:00:00,128,128,58,,58,63,0,65,,,,,
Bekasi,Bekasi Kayuringin,2026-04-30 19:00:00,61,61,31,,39,15,0,7,,,,,
Jakarta,The Pakubuwono Menteng,2026-04-30 19:24:09,67,67,20,49,,,,,61,27.7,,,
Depok,Cinere - Nafas,2026-04-30 19:26:14,73,73,22,51,,,,,0,0,,,
Bogor,Kabupaten Bogor Leuwiliang,2026-04-30 19:00:00,80,72,36,,4,9,0,80,,,,,
Tangerang,Tangerang Pasir Jaya,2026-04-30 19:00:00,128,128,58,,58,63,0,65,,,,,
Bekasi,Bekasi Kayuringin,2026-04-30 19:00:00,61,61,31,,39,15,0,7,,,,,
Jakarta,The Pakubuwono Menteng,2026-04-30 19:26:09,73,73,22,57,,,,,61,27.7,,,
Depok,Cinere - Nafas,2026-04-30 19:26:14,73,73,22,51,,,,,0,0,,,
Bogor,Kabupaten Bogor Leuwiliang,2026-04-30 19:00:00,80,72,36,,4,9,0,80,,,,,
Tangerang,Tangerang Pasir Jaya,2026-04-30 19:00:00,128,128,58,,58,63,0,65,,,,,
Bekasi,Bekasi Kayuringin,2026-04-30 19:00:00,61,61,31,,39,15,0,7,,,,,
Jakarta,The Pakubuwono Menteng,2026-04-30 19:27:09,75,75,22,51,,,,,61,27.7,,,
Depok,Cinere - Nafas,2026-04-30 19:27:14,80,80,25,58,,,,,0,0,,,
Bogor,Kabupaten Bogor Leuwiliang,2026-04-30 19:00:00,80,72,36,,4,9,0,80,,,,,
Tangerang,Tangerang Pasir Jaya,2026-04-30 19:00:00,128,128,58,,58,63,0,65,,,,,
Bekasi,Bekasi Kayuringin,2026-04-30 19:00:00,61,61,31,,39,15,0,7,,,,,
Jakarta,The Pakubuwono Menteng,2026-04-30 19:28:09,64,64,18,49,,,,,60,27.7,,,
Depok,Cinere - Nafas,2026-04-30 19:28:15,82,82,25,58,,,,,0,0,,,
Bogor,Kabupaten Bogor Leuwiliang,2026-04-30 19:00:00,80,72,36,,4,9,0,80,,,,,
Tangerang,Tangerang Pasir Jaya,2026-04-30 19:00:00,128,128,58,,58,63,0,65,,,,,
Bekasi,Bekasi Kayuringin,2026-04-30 19:00:00,61,61,31,,39,15,0,7,,,,,
Jakarta,The Pakubuwono Menteng,2026-04-30 19:29:09,66,66,21,52,,,,,60,27.7,,,
Depok,Cinere - Nafas,2026-04-30 19:29:14,77,77,24,56,,,,,0,0,,,
Bogor,Kabupaten Bogor Leuwiliang,2026-04-30 19:00:00,80,72,36,,4,9,0,80,,,,,
Tangerang,Tangerang Pasir Jaya,2026-04-30 19:00:00,128,128,58,,58,63,0,65,,,,,
Bekasi,Bekasi Kayuringin,2026-04-30 19:00:00,61,61,31,,39,15,0,7,,,,,
Jakarta,The Pakubuwono Menteng,2026-04-30 19:30:09,66,66,20,45,,,,,60,27.7,,,
Depok,Cinere - Nafas,2026-04-30 19:30:14,76,76,25,62,,,,,0,0,,,
Bogor,Kabupaten Bogor Leuwiliang,2026-04-30 19:00:00,80,72,36,,4,9,0,80,,,,,
Tangerang,Tangerang Pasir Jaya,2026-04-30 19:00:00,128,128,58,,58,63,0,65,,,,,
Bekasi,Bekasi Kayuringin,2026-04-30 19:00:00,61,61,31,,39,15,0,7,,,,,
Jakarta,The Pakubuwono Menteng,2026-04-30 19:32:10,45,45,11,25,,,,,60,27.7,,,
Depok,Cinere - Nafas,2026-04-30 19:32:14,79,79,26,60,,,,,0,0,,,
Bogor,Kabupaten Bogor Leuwiliang,2026-04-30 19:00:00,80,72,36,,4,9,0,80,,,,,
Tangerang,Tangerang Pasir Jaya,2026-04-30 19:00:00,128,128,58,,58,63,0,65,,,,,
Bekasi,Bekasi Kayuringin,2026-04-30 19:00:00,61,61,31,,39,15,0,7,,,,,
Jakarta,The Pakubuwono Menteng,2026-04-30 19:33:10,33,33,8,20,,,,,60,27.7,,,
Depok,Cinere - Nafas,2026-04-30 19:33:14,81,81,25,60,,,,,0,0,,,
Bogor,Kabupaten Bogor Leuwiliang,2026-04-30 19:00:00,80,72,36,,4,9,0,80,,,,,
Tangerang,Tangerang Pasir Jaya,2026-04-30 19:00:00,128,128,58,,58,63,0,65,,,,,
Bekasi,Bekasi Kayuringin,2026-04-30 19:00:00,61,61,31,,39,15,0,7,,,,,
Jakarta,The Pakubuwono Menteng,2026-04-30 19:35:10,33,33,7,20,,,,,59,27.8,,,
Depok,Cinere - Nafas,2026-04-30 19:35:14,85,85,28,68,,,,,0,0,,,
Bogor,Kabupaten Bogor Leuwiliang,2026-04-30 19:00:00,80,72,36,,4,9,0,80,,,,,
Tangerang,Tangerang Pasir Jaya,2026-04-30 19:00:00,128,128,58,,58,63,0,65,,,,,
Bekasi,Bekasi Kayuringin,2026-04-30 19:00:00,61,61,31,,39,15,0,7,,,,,
Jakarta,The Pakubuwono Menteng,2026-04-30 19:36:10,47,47,11,25,,,,,60,27.8,,,
Depok,Cinere - Nafas,2026-04-30 19:36:14,83,83,26,66,,,,,0,0,,,
Bogor,Kabupaten Bogor Leuwiliang,2026-04-30 19:00:00,80,72,36,,4,9,0,80,,,,,
Tangerang,Tangerang Pasir Jaya,2026-04-30 19:00:00,128,128,58,,58,63,0,65,,,,,
Bekasi,Bekasi Kayuringin,2026-04-30 19:00:00,61,61,31,,39,15,0,7,,,,,
Jakarta,The Pakubuwono Menteng,2026-04-30 19:37:10,34,34,8,23,,,,,59,27.8,,,
Depok,Cinere - Nafas,2026-04-30 19:37:14,81,81,24,64,,,,,0,0,,,
Bogor,Kabupaten Bogor Leuwiliang,2026-04-30 19:00:00,80,72,36,,4,9,0,80,,,,,
Tangerang,Tangerang Pasir Jaya,2026-04-30 19:00:00,128,128,58,,58,63,0,65,,,,,
Bekasi,Bekasi Kayuringin,2026-04-30 19:00:00,61,61,31,,39,15,0,7,,,,,
Jakarta,The Pakubuwono Menteng,2026-04-30 19:38:10,27,27,6,15,,,,,59,27.8,,,
Depok,Cinere - Nafas,2026-04-30 19:38:14,74,74,24,63,,,,,0,0,,,
Bogor,Kabupaten Bogor Leuwiliang,2026-04-30 19:00:00,80,72,36,,4,9,0,80,,,,,
Tangerang,Tangerang Pasir Jaya,2026-04-30 19:00:00,128,128,58,,58,63,0,65,,,,,
Bekasi,Bekasi Kayuringin,2026-04-30 19:00:00,61,61,31,,39,15,0,7,,,,,
Jakarta,The Pakubuwono Menteng,2026-04-30 19:39:10,24,24,5,17,,,,,59,27.8,,,
Depok,Cinere - Nafas,2026-04-30 19:39:14,79,79,24,62,,,,,0,0,,,
Bogor,Kabupaten Bogor Leuwiliang,2026-04-30 19:00:00,80,72,36,,4,9,0,80,,,,,
Tangerang,Tangerang Pasir Jaya,2026-04-30 19:00:00,128,128,58,,58,63,0,65,,,,,
Bekasi,Bekasi Kayuringin,2026-04-30 19:00:00,61,61,31,,39,15,0,7,,,,,
Jakarta,The Pakubuwono Menteng,2026-04-30 19:40:10,28,28,7,22,,,,,59,27.8,,,
Depok,Cinere - Nafas,2026-04-30 19:40:14,82,82,26,58,,,,,0,0,,,
Bogor,Kabupaten Bogor Leuwiliang,2026-04-30 19:00:00,80,72,36,,4,9,0,80,,,,,
Tangerang,Tangerang Pasir Jaya,2026-04-30 19:00:00,128,128,58,,58,63,0,65,,,,,
Bekasi,Bekasi Kayuringin,2026-04-30 19:00:00,61,61,31,,39,15,0,7,,,,,
Jakarta,The Pakubuwono Menteng,2026-04-30 19:41:10,34,34,10,18,,,,,60,27.7,,,
Depok,Cinere - Nafas,2026-04-30 19:41:14,86,86,27,60,,,,,0,0,,,
Bogor,Kabupaten Bogor Leuwiliang,2026-04-30 19:00:00,80,72,36,,4,9,0,80,,,,,
Tangerang,Tangerang Pasir Jaya,2026-04-30 19:00:00,128,128,58,,58,63,0,65,,,,,
Bekasi,Bekasi Kayuringin,2026-04-30 19:00:00,61,61,31,,39,15,0,7,,,,,
Jakarta,The Pakubuwono Menteng,2026-04-30 19:42:10,30,30,7,13,,,,,60,27.7,,,
Depok,Cinere - Nafas,2026-04-30 19:42:14,82,82,26,61,,,,,0,0,,,
Bogor,Kabupaten Bogor Leuwiliang,2026-04-30 19:00:00,80,72,36,,4,9,0,80,,,,,
Tangerang,Tangerang Pasir Jaya,2026-04-30 19:00:00,128,128,58,,58,63,0,65,,,,,
Bekasi,Bekasi Kayuringin,2026-04-30 19:00:00,61,61,31,,39,15,0,7,,,,,
Jakarta,The Pakubuwono Menteng,2026-04-30 19:43:10,34,34,7,20,,,,,60,27.6,,,
Depok,Cinere - Nafas,2026-04-30 19:43:15,78,78,26,61,,,,,0,0,,,
Bogor,Kabupaten Bogor Leuwiliang,2026-04-30 19:00:00,80,72,36,,4,9,0,80,,,,,
Tangerang,Tangerang Pasir Jaya,2026-04-30 19:00:00,128,128,58,,58,63,0,65,,,,,
Bekasi,Bekasi Kayuringin,2026-04-30 19:00:00,61,61,31,,39,15,0,7,,,,,
Jakarta,The Pakubuwono Menteng,2026-04-30 19:45:10,27,27,7,13,,,,,60,27.6,,,
Depok,Cinere - Nafas,2026-04-30 19:45:14,86,86,27,66,,,,,0,0,,,
Bogor,Kabupaten Bogor Leuwiliang,2026-04-30 19:00:00,80,72,36,,4,9,0,80,,,,,
Tangerang,Tangerang Pasir Jaya,2026-04-30 19:00:00,128,128,58,,58,63,0,65,,,,,
Bekasi,Bekasi Kayuringin,2026-04-30 19:00:00,61,61,31,,39,15,0,7,,,,,
Jakarta,The Pakubuwono Menteng,2026-04-30 19:47:10,28,28,6,16,,,,,60,27.6,,,
Depok,Cinere - Nafas,2026-04-30 19:47:14,85,85,27,66,,,,,0,0,,,
Bogor,Kabupaten Bogor Leuwiliang,2026-04-30 19:00:00,80,72,36,,4,9,0,80,,,,,
Tangerang,Tangerang Pasir Jaya,2026-04-30 19:00:00,128,128,58,,58,63,0,65,,,,,
Bekasi,Bekasi Kayuringin,2026-04-30 19:00:00,61,61,31,,39,15,0,7,,,,,
Jakarta,The Pakubuwono Menteng,2026-04-30 19:48:10,32,32,7,23,,,,,60,27.6,,,
Depok,Cinere - Nafas,2026-04-30 19:48:14,86,86,30,64,,,,,0,0,,,
Bogor,Kabupaten Bogor Leuwiliang,2026-04-30 19:00:00,80,72,36,,4,9,0,80,,,,,
Tangerang,Tangerang Pasir Jaya,2026-04-30 19:00:00,128,128,58,,58,63,0,65,,,,,
Bekasi,Bekasi Kayuringin,2026-04-30 19:00:00,61,61,31,,39,15,0,7,,,,,
Jakarta,The Pakubuwono Menteng,2026-04-30 19:49:10,38,38,10,21,,,,,60,27.6,,,
Depok,Cinere - Nafas,2026-04-30 19:49:14,92,92,32,71,,,,,0,0,,,
Bogor,Kabupaten Bogor Leuwiliang,2026-04-30 19:00:00,80,72,36,,4,9,0,80,,,,,
Tangerang,Tangerang Pasir Jaya,2026-04-30 19:00:00,128,128,58,,58,63,0,65,,,,,
Bekasi,Bekasi Kayuringin,2026-04-30 19:00:00,61,61,31,,39,15,0,7,,,,,
Jakarta,The Pakubuwono Menteng,2026-04-30 19:50:10,38,38,10,21,,,,,60,27.6,,,
Depok,Cinere - Nafas,2026-04-30 19:50:14,91,91,31,67,,,,,0,0,,,
Bogor,Kabupaten Bogor Leuwiliang,2026-04-30 19:00:00,80,72,36,,4,9,0,80,,,,,
Tangerang,Tangerang Pasir Jaya,2026-04-30 19:00:00,128,128,58,,58,63,0,65,,,,,
Bekasi,Bekasi Kayuringin,2026-04-30 19:00:00,61,61,31,,39,15,0,7,,,,,
Jakarta,The Pakubuwono Menteng,2026-04-30 19:51:10,44,44,10,25,,,,,60,27.6,,,
Depok,Cinere - Nafas,2026-04-30 19:51:14,88,88,30,69,,,,,0,0,,,
Bogor,Kabupaten Bogor Leuwiliang,2026-04-30 19:00:00,80,72,36,,4,9,0,80,,,,,
Tangerang,Tangerang Pasir Jaya,2026-04-30 19:00:00,128,128,58,,58,63,0,65,,,,,
Bekasi,Bekasi Kayuringin,2026-04-30 19:00:00,61,61,31,,39,15,0,7,,,,,
Jakarta,The Pakubuwono Menteng,2026-04-30 19:52:10,51,51,14,25,,,,,60,27.6,,,
Depok,Cinere - Nafas,2026-04-30 19:52:14,89,89,33,68,,,,,0,0,,,
Bogor,Kabupaten Bogor Leuwiliang,2026-04-30 19:00:00,80,72,36,,4,9,0,80,,,,,
Tangerang,Tangerang Pasir Jaya,2026-04-30 19:00:00,128,128,58,,58,63,0,65,,,,,
Bekasi,Bekasi Kayuringin,2026-04-30 19:00:00,61,61,31,,39,15,0,7,,,,,
Jakarta,The Pakubuwono Menteng,2026-04-30 19:53:10,49,49,15,28,,,,,61,27.6,,,
Depok,Cinere - Nafas,2026-04-30 19:54:14,91,91,31,70,,,,,0,0,,,
Bogor,Kabupaten Bogor Leuwiliang,2026-04-30 19:00:00,80,72,36,,4,9,0,80,,,,,
Tangerang,Tangerang Pasir Jaya,2026-04-30 19:00:00,128,128,58,,58,63,0,65,,,,,
Bekasi,Bekasi Kayuringin,2026-04-30 19:00:00,61,61,31,,39,15,0,7,,,,,
Jakarta,The Pakubuwono Menteng,2026-04-30 19:55:10,53,53,13,30,,,,,61,27.6,,,
Depok,Cinere - Nafas,2026-04-30 19:55:15,92,92,34,71,,,,,0,0,,,
Bogor,Kabupaten Bogor Leuwiliang,2026-04-30 19:00:00,80,72,36,,4,9,0,80,,,,,
Tangerang,Tangerang Pasir Jaya,2026-04-30 19:00:00,128,128,58,,58,63,0,65,,,,,
Bekasi,Bekasi Kayuringin,2026-04-30 19:00:00,61,61,31,,39,15,0,7,,,,,
Jakarta,The Pakubuwono Menteng,2026-04-30 19:56:10,53,53,15,26,,,,,61,27.7,,,
Depok,Cinere - Nafas,2026-04-30 19:56:14,93,93,32,70,,,,,0,0,,,
Bogor,Kabupaten Bogor Leuwiliang,2026-04-30 19:00:00,80,72,36,,4,9,0,80,,,,,
Tangerang,Tangerang Pasir Jaya,2026-04-30 19:00:00,128,128,58,,58,63,0,65,,,,,
Bekasi,Bekasi Kayuringin,2026-04-30 19:00:00,61,61,31,,39,15,0,7,,,,,
Jakarta,The Pakubuwono Menteng,2026-04-30 19:57:10,52,52,16,27,,,,,61,27.7,,,
Depok,Cinere - Nafas,2026-04-30 19:57:14,87,87,31,70,,,,,0,0,,,
Bogor,Kabupaten Bogor Leuwiliang,2026-04-30 19:00:00,80,72,36,,4,9,0,80,,,,,
Tangerang,Tangerang Pasir Jaya,2026-04-30 19:00:00,128,128,58,,58,63,0,65,,,,,
Bekasi,Bekasi Kayuringin,2026-04-30 19:00:00,61,61,31,,39,15,0,7,,,,,
Jakarta,The Pakubuwono Menteng,2026-04-30 19:58:10,52,52,14,25,,,,,60,27.7,,,
Depok,Cinere - Nafas,2026-04-30 19:58:14,87,87,30,68,,,,,0,0,,,
Bogor,Kabupaten Bogor Leuwiliang,2026-04-30 19:00:00,80,72,36,,4,9,0,80,,,,,
Tangerang,Tangerang Pasir Jaya,2026-04-30 19:00:00,128,128,58,,58,63,0,65,,,,,
Bekasi,Bekasi Kayuringin,2026-04-30 19:00:00,61,61,31,,39,15,0,7,,,,,
Jakarta,The Pakubuwono Menteng,2026-04-30 19:59:10,50,50,12,23,,,,,60,27.7,,,
Depok,Cinere - Nafas,2026-04-30 19:59:15,87,87,31,66,,,,,0,0,,,
Bogor,Kabupaten Bogor Leuwiliang,2026-04-30 19:00:00,80,72,36,,4,9,0,80,,,,,
Tangerang,Tangerang Pasir Jaya,2026-04-30 19:00:00,128,128,58,,58,63,0,65,,,,,
Bekasi,Bekasi Kayuringin,2026-04-30 19:00:00,61,61,31,,39,15,0,7,,,,,
Jakarta,The Pakubuwono Menteng,2026-04-30 20:01:10,57,57,14,30,,,,,61,27.6,,,
Depok,Cinere - Nafas,2026-04-30 20:01:14,87,87,28,68,,,,,0,0,,,
Bogor,Kabupaten Bogor Leuwiliang,2026-04-30 19:00:00,80,72,36,,4,9,0,80,,,,,
Tangerang,Tangerang Pasir Jaya,2026-04-30 19:00:00,128,128,58,,58,63,0,65,,,,,
Bekasi,Bekasi Kayuringin,2026-04-30 19:00:00,61,61,31,,39,15,0,7,,,,,
Jakarta,The Pakubuwono Menteng,2026-04-30 20:02:13,51,51,13,24,,,,,60,27.6,,,
Depok,Cinere - Nafas,2026-04-30 20:02:15,91,91,31,68,,,,,0,0,,,
Bogor,Kabupaten Bogor Leuwiliang,2026-04-30 19:00:00,80,72,36,,4,9,0,80,,,,,
Tangerang,Tangerang Pasir Jaya,2026-04-30 19:00:00,128,128,58,,58,63,0,65,,,,,
Bekasi,Bekasi Kayuringin,2026-04-30 19:00:00,61,61,31,,39,15,0,7,,,,,
Jakarta,The Pakubuwono Menteng,2026-04-30 20:04:10,45,45,10,26,,,,,60,27.6,,,
Depok,Cinere - Nafas,2026-04-30 20:04:14,90,90,31,69,,,,,0,0,,,
Bogor,Kabupaten Bogor Leuwiliang,2026-04-30 19:00:00,80,72,36,,4,9,0,80,,,,,
Tangerang,Tangerang Pasir Jaya,2026-04-30 19:00:00,128,128,58,,58,63,0,65,,,,,
Bekasi,Bekasi Kayuringin,2026-04-30 19:00:00,61,61,31,,39,15,0,7,,,,,
Jakarta,The Pakubuwono Menteng,2026-04-30 20:05:10,36,36,8,22,,,,,60,27.6,,,
Depok,Cinere - Nafas,2026-04-30 20:05:14,93,93,32,72,,,,,0,0,,,
Bogor,Kabupaten Bogor Leuwiliang,2026-04-30 19:00:00,80,72,36,,4,9,0,80,,,,,
Tangerang,Tangerang Pasir Jaya,2026-04-30 19:00:00,128,128,58,,58,63,0,65,,,,,
Bekasi,Bekasi Kayuringin,2026-04-30 19:00:00,61,61,31,,39,15,0,7,,,,,
Jakarta,The Pakubuwono Menteng,2026-04-30 20:06:10,35,35,8,21,,,,,60,27.6,,,
Depok,Cinere - Nafas,2026-04-30 20:06:14,93,93,32,70,,,,,0,0,,,
Bogor,Kabupaten Bogor Leuwiliang,2026-04-30 19:00:00,80,72,36,,4,9,0,80,,,,,
Tangerang,Tangerang Pasir Jaya,2026-04-30 19:00:00,128,128,58,,58,63,0,65,,,,,
Bekasi,Bekasi Kayuringin,2026-04-30 19:00:00,61,61,31,,39,15,0,7,,,,,
Jakarta,The Pakubuwono Menteng,2026-04-30 20:07:10,33,33,8,24,,,,,60,27.6,,,
Depok,Cinere - Nafas,2026-04-30 20:07:14,92,92,32,72,,,,,0,0,,,
Bogor,Kabupaten Bogor Leuwiliang,2026-04-30 19:00:00,80,72,36,,4,9,0,80,,,,,
Tangerang,Tangerang Pasir Jaya,2026-04-30 19:00:00,128,128,58,,58,63,0,65,,,,,
Bekasi,Bekasi Kayuringin,2026-04-30 19:00:00,61,61,31,,39,15,0,7,,,,,
Jakarta,The Pakubuwono Menteng,2026-04-30 20:08:10,33,33,7,24,,,,,60,27.6,,,
Depok,Cinere - Nafas,2026-04-30 20:08:14,92,92,31,71,,,,,0,0,,,
Bogor,Kabupaten Bogor Leuwiliang,2026-04-30 19:00:00,80,72,36,,4,9,0,80,,,,,
Tangerang,Tangerang Pasir Jaya,2026-04-30 19:00:00,128,128,58,,58,63,0,65,,,,,
Bekasi,Bekasi Kayuringin,2026-04-30 19:00:00,61,61,31,,39,15,0,7,,,,,
Jakarta,The Pakubuwono Menteng,2026-04-30 20:09:10,30,30,7,23,,,,,60,27.6,,,
Depok,Cinere - Nafas,2026-04-30 20:09:14,92,92,32,71,,,,,0,0,,,
Bogor,Kabupaten Bogor Leuwiliang,2026-04-30 20:00:00,80,71,35,,4,9,0,80,,,,,
Tangerang,Tangerang Pasir Jaya,2026-04-30 20:00:00,120,120,57,,58,63,0,65,,,,,
Bekasi,Bekasi Kayuringin,2026-04-30 20:00:00,59,59,30,,39,15,0,7,,,,,
Jakarta,The Pakubuwono Menteng,2026-04-30 20:10:10,38,38,8,26,,,,,60,27.6,,,
Depok,Cinere - Nafas,2026-04-30 20:10:14,94,94,32,73,,,,,0,0,,,
Bogor,Kabupaten Bogor Leuwiliang,2026-04-30 20:00:00,80,71,35,,4,9,0,80,,,,,
Tangerang,Tangerang Pasir Jaya,2026-04-30 20:00:00,120,120,57,,58,63,0,65,,,,,
Bekasi,Bekasi Kayuringin,2026-04-30 20:00:00,59,59,30,,39,15,0,7,,,,,
Jakarta,The Pakubuwono Menteng,2026-04-30 20:11:10,43,43,12,30,,,,,60,27.6,,,
Depok,Cinere - Nafas,2026-04-30 20:11:14,93,93,33,70,,,,,0,0,,,
Bogor,Kabupaten Bogor Leuwiliang,2026-04-30 20:00:00,80,71,35,,4,9,0,80,,,,,
Tangerang,Tangerang Pasir Jaya,2026-04-30 20:00:00,120,120,57,,58,63,0,65,,,,,
Bekasi,Bekasi Kayuringin,2026-04-30 20:00:00,59,59,30,,39,15,0,7,,,,,
Jakarta,The Pakubuwono Menteng,2026-04-30 20:13:10,49,49,12,24,,,,,60,27.6,,,
Depok,Cinere - Nafas,2026-04-30 20:13:15,93,93,32,72,,,,,0,0,,,
Bogor,Kabupaten Bogor Leuwiliang,2026-04-30 20:00:00,80,71,35,,4,9,0,80,,,,,
Tangerang,Tangerang Pasir Jaya,2026-04-30 20:00:00,120,120,57,,58,63,0,65,,,,,
Bekasi,Bekasi Kayuringin,2026-04-30 20:00:00,59,59,30,,39,15,0,7,,,,,
Jakarta,The Pakubuwono Menteng,2026-04-30 20:14:10,49,49,12,26,,,,,60,27.6,,,
Depok,Cinere - Nafas,2026-04-30 20:14:14,95,95,35,70,,,,,0,0,,,
Bogor,Kabupaten Bogor Leuwiliang,2026-04-30 20:00:00,80,71,35,,4,9,0,80,,,,,
Tangerang,Tangerang Pasir Jaya,2026-04-30 20:00:00,120,120,57,,58,63,0,65,,,,,
Bekasi,Bekasi Kayuringin,2026-04-30 20:00:00,59,59,30,,39,15,0,7,,,,,
Jakarta,The Pakubuwono Menteng,2026-04-30 20:16:11,56,56,16,35,,,,,60,27.6,,,
Depok,Cinere - Nafas,2026-04-30 20:16:16,95,95,33,73,,,,,0,0,,,
Bogor,Kabupaten Bogor Leuwiliang,2026-04-30 20:00:00,80,71,35,,4,9,0,80,,,,,
Tangerang,Tangerang Pasir Jaya,2026-04-30 20:00:00,120,120,57,,58,63,0,65,,,,,
Bekasi,Bekasi Kayuringin,2026-04-30 20:00:00,59,59,30,,39,15,0,7,,,,,
Jakarta,The Pakubuwono Menteng,2026-04-30 20:17:10,52,52,15,28,,,,,60,27.6,,,
Depok,Cinere - Nafas,2026-04-30 20:17:14,94,94,35,72,,,,,0,0,,,
Bogor,Kabupaten Bogor Leuwiliang,2026-04-30 20:00:00,80,71,35,,4,9,0,80,,,,,
Tangerang,Tangerang Pasir Jaya,2026-04-30 20:00:00,120,120,57,,58,63,0,65,,,,,
Bekasi,Bekasi Kayuringin,2026-04-30 20:00:00,59,59,30,,39,15,0,7,,,,,
Jakarta,The Pakubuwono Menteng,2026-04-30 20:18:10,37,37,12,24,,,,,60,27.7,,,
Depok,Cinere - Nafas,2026-04-30 20:18:15,94,94,36,70,,,,,0,0,,,
Bogor,Kabupaten Bogor Leuwiliang,2026-04-30 20:00:00,80,71,35,,4,9,0,80,,,,,
Tangerang,Tangerang Pasir Jaya,2026-04-30 20:00:00,120,120,57,,58,63,0,65,,,,,
Bekasi,Bekasi Kayuringin,2026-04-30 20:00:00,59,59,30,,39,15,0,7,,,,,
Jakarta,The Pakubuwono Menteng,2026-04-30 20:19:10,47,47,11,30,,,,,60,27.7,,,
Depok,Cinere - Nafas,2026-04-30 20:19:15,92,92,31,71,,,,,0,0,,,
Bogor,Kabupaten Bogor Leuwiliang,2026-04-30 20:00:00,80,71,35,,4,9,0,80,,,,,
Tangerang,Tangerang Pasir Jaya,2026-04-30 20:00:00,120,120,57,,58,63,0,65,,,,,
Bekasi,Bekasi Kayuringin,2026-04-30 20:00:00,59,59,30,,39,15,0,7,,,,,
Jakarta,The Pakubuwono Menteng,2026-04-30 20:20:10,45,45,10,27,,,,,60,27.7,,,
Depok,Cinere - Nafas,2026-04-30 20:20:15,92,92,34,71,,,,,0,0,,,
Bogor,Kabupaten Bogor Leuwiliang,2026-04-30 20:00:00,80,71,35,,4,9,0,80,,,,,
Tangerang,Tangerang Pasir Jaya,2026-04-30 20:00:00,120,120,57,,58,63,0,65,,,,,
Bekasi,Bekasi Kayuringin,2026-04-30 20:00:00,59,59,30,,39,15,0,7,,,,,
Jakarta,The Pakubuwono Menteng,2026-04-30 20:21:10,54,54,16,32,,,,,60,27.8,,,
Depok,Cinere - Nafas,2026-04-30 20:21:14,92,92,33,72,,,,,0,0,,,
Bogor,Kabupaten Bogor Leuwiliang,2026-04-30 20:00:00,80,71,35,,4,9,0,80,,,,,
Tangerang,Tangerang Pasir Jaya,2026-04-30 20:00:00,120,120,57,,58,63,0,65,,,,,
Bekasi,Bekasi Kayuringin,2026-04-30 20:00:00,59,59,30,,39,15,0,7,,,,,
Jakarta,The Pakubuwono Menteng,2026-04-30 20:23:10,58,58,17,33,,,,,60,27.8,,,
Depok,Cinere - Nafas,2026-04-30 20:23:15,94,94,34,73,,,,,0,0,,,
Bogor,Kabupaten Bogor Leuwiliang,2026-04-30 20:00:00,80,71,35,,4,9,0,80,,,,,
Tangerang,Tangerang Pasir Jaya,2026-04-30 20:00:00,120,120,57,,58,63,0,65,,,,,
Bekasi,Bekasi Kayuringin,2026-04-30 20:00:00,59,59,30,,39,15,0,7,,,,,
Jakarta,The Pakubuwono Menteng,2026-04-30 20:24:10,61,61,17,39,,,,,60,27.8,,,
Depok,Cinere - Nafas,2026-04-30 20:24:15,98,98,37,72,,,,,0,0,,,
Bogor,Kabupaten Bogor Leuwiliang,2026-04-30 20:00:00,80,71,35,,4,9,0,80,,,,,
Tangerang,Tangerang Pasir Jaya,2026-04-30 20:00:00,120,120,57,,58,63,0,65,,,,,
Bekasi,Bekasi Kayuringin,2026-04-30 20:00:00,59,59,30,,39,15,0,7,,,,,
Jakarta,The Pakubuwono Menteng,2026-04-30 20:25:10,59,59,17,35,,,,,60,27.8,,,
Depok,Cinere - Nafas,2026-04-30 20:25:15,97,97,36,74,,,,,0,0,,,
Bogor,Kabupaten Bogor Leuwiliang,2026-04-30 20:00:00,80,71,35,,4,9,0,80,,,,,
Tangerang,Tangerang Pasir Jaya,2026-04-30 20:00:00,120,120,57,,58,63,0,65,,,,,
Bekasi,Bekasi Kayuringin,2026-04-30 20:00:00,59,59,30,,39,15,0,7,,,,,
Jakarta,The Pakubuwono Menteng,2026-04-30 20:26:10,64,64,18,42,,,,,60,27.8,,,
Depok,Cinere - Nafas,2026-04-30 20:26:15,95,95,37,73,,,,,0,0,,,
Bogor,Kabupaten Bogor Leuwiliang,2026-04-30 20:00:00,80,71,35,,4,9,0,80,,,,,
Tangerang,Tangerang Pasir Jaya,2026-04-30 20:00:00,120,120,57,,58,63,0,65,,,,,
Bekasi,Bekasi Kayuringin,2026-04-30 20:00:00,59,59,30,,39,15,0,7,,,,,
Jakarta,The Pakubuwono Menteng,2026-04-30 20:27:11,64,64,20,37,,,,,60,27.9,,,
Depok,Cinere - Nafas,2026-04-30 20:27:15,97,97,35,73,,,,,0,0,,,
Bogor,Kabupaten Bogor Leuwiliang,2026-04-30 20:00:00,80,71,35,,4,9,0,80,,,,,
Tangerang,Tangerang Pasir Jaya,2026-04-30 20:00:00,120,120,57,,58,63,0,65,,,,,
Bekasi,Bekasi Kayuringin,2026-04-30 20:00:00,59,59,30,,39,15,0,7,,,,,
Jakarta,The Pakubuwono Menteng,2026-04-30 20:28:11,76,76,22,56,,,,,60,27.9,,,
Depok,Cinere - Nafas,2026-04-30 20:28:15,96,96,37,72,,,,,0,0,,,
Bogor,Kabupaten Bogor Leuwiliang,2026-04-30 20:00:00,80,71,35,,4,9,0,80,,,,,
Tangerang,Tangerang Pasir Jaya,2026-04-30 20:00:00,120,120,57,,58,63,0,65,,,,,
Bekasi,Bekasi Kayuringin,2026-04-30 20:00:00,59,59,30,,39,15,0,7,,,,,
Jakarta,The Pakubuwono Menteng,2026-04-30 20:30:11,65,65,20,47,,,,,60,27.9,,,
Depok,Cinere - Nafas,2026-04-30 20:30:15,97,97,35,72,,,,,0,0,,,
Bogor,Kabupaten Bogor Leuwiliang,2026-04-30 20:00:00,80,71,35,,4,9,0,80,,,,,
Tangerang,Tangerang Pasir Jaya,2026-04-30 20:00:00,120,120,57,,58,63,0,65,,,,,
Bekasi,Bekasi Kayuringin,2026-04-30 20:00:00,59,59,30,,39,15,0,7,,,,,
Jakarta,The Pakubuwono Menteng,2026-04-30 20:32:11,71,71,20,53,,,,,60,27.9,,,
Depok,Cinere - Nafas,2026-04-30 20:32:15,99,99,35,75,,,,,0,0,,,
Bogor,Kabupaten Bogor Leuwiliang,2026-04-30 20:00:00,80,71,35,,4,9,0,80,,,,,
Tangerang,Tangerang Pasir Jaya,2026-04-30 20:00:00,120,120,57,,58,63,0,65,,,,,
Bekasi,Bekasi Kayuringin,2026-04-30 20:00:00,59,59,30,,39,15,0,7,,,,,
Jakarta,The Pakubuwono Menteng,2026-04-30 20:33:11,67,67,19,45,,,,,60,27.9,,,
Depok,Cinere - Nafas,2026-04-30 20:33:15,104,104,41,75,,,,,0,0,,,
Bogor,Kabupaten Bogor Leuwiliang,2026-04-30 20:00:00,80,71,35,,4,9,0,80,,,,,
Tangerang,Tangerang Pasir Jaya,2026-04-30 20:00:00,120,120,57,,58,63,0,65,,,,,
Bekasi,Bekasi Kayuringin,2026-04-30 20:00:00,59,59,30,,39,15,0,7,,,,,
Jakarta,The Pakubuwono Menteng,2026-04-30 20:33:11,67,67,19,45,,,,,60,27.9,,,
Depok,Cinere - Nafas,2026-04-30 20:33:15,104,104,41,75,,,,,0,0,,,
Bogor,Kabupaten Bogor Leuwiliang,2026-04-30 20:00:00,80,71,35,,4,9,0,80,,,,,
Tangerang,Tangerang Pasir Jaya,2026-04-30 20:00:00,120,120,57,,58,63,0,65,,,,,
Bekasi,Bekasi Kayuringin,2026-04-30 20:00:00,59,59,30,,39,15,0,7,,,,,
Jakarta,The Pakubuwono Menteng,2026-04-30 20:34:11,72,72,20,53,,,,,60,27.9,,,
Depok,Cinere - Nafas,2026-04-30 20:34:15,101,101,38,75,,,,,0,0,,,
Bogor,Kabupaten Bogor Leuwiliang,2026-04-30 20:00:00,80,71,35,,4,9,0,80,,,,,
Tangerang,Tangerang Pasir Jaya,2026-04-30 20:00:00,120,120,57,,58,63,0,65,,,,,
Bekasi,Bekasi Kayuringin,2026-04-30 20:00:00,59,59,30,,39,15,0,7,,,,,
Jakarta,The Pakubuwono Menteng,2026-04-30 20:35:11,72,72,20,44,,,,,59,27.9,,,
Depok,Cinere - Nafas,2026-04-30 20:35:15,102,102,41,79,,,,,0,0,,,
Bogor,Kabupaten Bogor Leuwiliang,2026-04-30 20:00:00,80,71,35,,4,9,0,80,,,,,
Tangerang,Tangerang Pasir Jaya,2026-04-30 20:00:00,120,120,57,,58,63,0,65,,,,,
Bekasi,Bekasi Kayuringin,2026-04-30 20:00:00,59,59,30,,39,15,0,7,,,,,
Jakarta,The Pakubuwono Menteng,2026-04-30 20:37:11,76,76,22,53,,,,,60,27.8,,,
Depok,Cinere - Nafas,2026-04-30 20:37:15,97,97,38,74,,,,,0,0,,,
Bogor,Kabupaten Bogor Leuwiliang,2026-04-30 20:00:00,80,71,35,,4,9,0,80,,,,,
Tangerang,Tangerang Pasir Jaya,2026-04-30 20:00:00,120,120,57,,58,63,0,65,,,,,
Bekasi,Bekasi Kayuringin,2026-04-30 20:00:00,59,59,30,,39,15,0,7,,,,,
Jakarta,The Pakubuwono Menteng,2026-04-30 20:38:11,77,77,23,57,,,,,60,27.8,,,
Depok,Cinere - Nafas,2026-04-30 20:38:15,100,100,41,75,,,,,0,0,,,
Bogor,Kabupaten Bogor Leuwiliang,2026-04-30 20:00:00,80,71,35,,4,9,0,80,,,,,
Tangerang,Tangerang Pasir Jaya,2026-04-30 20:00:00,120,120,57,,58,63,0,65,,,,,
Bekasi,Bekasi Kayuringin,2026-04-30 20:00:00,59,59,30,,39,15,0,7,,,,,
Jakarta,The Pakubuwono Menteng,2026-04-30 20:39:11,80,80,25,54,,,,,60,27.8,,,
Depok,Cinere - Nafas,2026-04-30 20:39:15,101,101,42,76,,,,,0,0,,,
Bogor,Kabupaten Bogor Leuwiliang,2026-04-30 20:00:00,80,71,35,,4,9,0,80,,,,,
Tangerang,Tangerang Pasir Jaya,2026-04-30 20:00:00,120,120,57,,58,63,0,65,,,,,
Bekasi,Bekasi Kayuringin,2026-04-30 20:00:00,59,59,30,,39,15,0,7,,,,,
Jakarta,The Pakubuwono Menteng,2026-04-30 20:40:11,76,76,24,63,,,,,60,27.8,,,
Depok,Cinere - Nafas,2026-04-30 20:41:15,108,108,42,78,,,,,0,0,,,
Bogor,Kabupaten Bogor Leuwiliang,2026-04-30 20:00:00,80,71,35,,4,9,0,80,,,,,
Tangerang,Tangerang Pasir Jaya,2026-04-30 20:00:00,120,120,57,,58,63,0,65,,,,,
Bekasi,Bekasi Kayuringin,2026-04-30 20:00:00,59,59,30,,39,15,0,7,,,,,
Jakarta,The Pakubuwono Menteng,2026-04-30 20:42:11,73,73,22,61,,,,,60,27.8,,,
Depok,Cinere - Nafas,2026-04-30 20:42:15,108,108,43,79,,,,,0,0,,,
Bogor,Kabupaten Bogor Leuwiliang,2026-04-30 20:00:00,80,71,35,,4,9,0,80,,,,,
Tangerang,Tangerang Pasir Jaya,2026-04-30 20:00:00,120,120,57,,58,63,0,65,,,,,
Bekasi,Bekasi Kayuringin,2026-04-30 20:00:00,59,59,30,,39,15,0,7,,,,,
Jakarta,The Pakubuwono Menteng,2026-04-30 20:44:11,79,79,23,64,,,,,60,27.8,,,
Depok,Cinere - Nafas,2026-04-30 20:44:15,105,105,42,79,,,,,0,0,,,
Bogor,Kabupaten Bogor Leuwiliang,2026-04-30 20:00:00,80,71,35,,4,9,0,80,,,,,
Tangerang,Tangerang Pasir Jaya,2026-04-30 20:00:00,120,120,57,,58,63,0,65,,,,,
Bekasi,Bekasi Kayuringin,2026-04-30 20:00:00,59,59,30,,39,15,0,7,,,,,
Jakarta,The Pakubuwono Menteng,2026-04-30 20:44:11,79,79,23,64,,,,,60,27.8,,,
Depok,Cinere - Nafas,2026-04-30 20:44:15,105,105,42,79,,,,,0,0,,,
Bogor,Kabupaten Bogor Leuwiliang,2026-04-30 20:00:00,80,71,35,,4,9,0,80,,,,,
Tangerang,Tangerang Pasir Jaya,2026-04-30 20:00:00,120,120,57,,58,63,0,65,,,,,
Bekasi,Bekasi Kayuringin,2026-04-30 20:00:00,59,59,30,,39,15,0,7,,,,,
Jakarta,The Pakubuwono Menteng,2026-04-30 20:45:11,77,77,23,61,,,,,60,27.8,,,
Depok,Cinere - Nafas,2026-04-30 20:45:15,103,103,43,79,,,,,0,0,,,
Bogor,Kabupaten Bogor Leuwiliang,2026-04-30 20:00:00,80,71,35,,4,9,0,80,,,,,
Tangerang,Tangerang Pasir Jaya,2026-04-30 20:00:00,120,120,57,,58,63,0,65,,,,,
Bekasi,Bekasi Kayuringin,2026-04-30 20:00:00,59,59,30,,39,15,0,7,,,,,
Jakarta,The Pakubuwono Menteng,2026-04-30 20:46:11,80,80,27,63,,,,,60,27.8,,,
Depok,Cinere - Nafas,2026-04-30 20:46:15,108,108,43,79,,,,,0,0,,,
Bogor,Kabupaten Bogor Leuwiliang,2026-04-30 20:00:00,80,71,35,,4,9,0,80,,,,,
Tangerang,Tangerang Pasir Jaya,2026-04-30 20:00:00,120,120,57,,58,63,0,65,,,,,
Bekasi,Bekasi Kayuringin,2026-04-30 20:00:00,59,59,30,,39,15,0,7,,,,,
Jakarta,The Pakubuwono Menteng,2026-04-30 20:47:11,78,78,24,66,,,,,60,27.7,,,
Depok,Cinere - Nafas,2026-04-30 20:47:15,100,100,41,79,,,,,0,0,,,
Bogor,Kabupaten Bogor Leuwiliang,2026-04-30 20:00:00,80,71,35,,4,9,0,80,,,,,
Tangerang,Tangerang Pasir Jaya,2026-04-30 20:00:00,120,120,57,,58,63,0,65,,,,,
Bekasi,Bekasi Kayuringin,2026-04-30 20:00:00,59,59,30,,39,15,0,7,,,,,
Jakarta,The Pakubuwono Menteng,2026-04-30 20:48:11,78,78,23,62,,,,,60,27.8,,,
Depok,Cinere - Nafas,2026-04-30 20:48:16,107,107,42,78,,,,,0,0,,,
Bogor,Kabupaten Bogor Leuwiliang,2026-04-30 20:00:00,80,71,35,,4,9,0,80,,,,,
Tangerang,Tangerang Pasir Jaya,2026-04-30 20:00:00,120,120,57,,58,63,0,65,,,,,
Bekasi,Bekasi Kayuringin,2026-04-30 20:00:00,59,59,30,,39,15,0,7,,,,,
Jakarta,The Pakubuwono Menteng,2026-04-30 20:51:11,79,79,23,64,,,,,60,27.8,,,
Depok,Cinere - Nafas,2026-04-30 20:51:16,110,110,43,80,,,,,0,0,,,
Bogor,Kabupaten Bogor Leuwiliang,2026-04-30 20:00:00,80,71,35,,4,9,0,80,,,,,
Tangerang,Tangerang Pasir Jaya,2026-04-30 20:00:00,120,120,57,,58,63,0,65,,,,,
Bekasi,Bekasi Kayuringin,2026-04-30 20:00:00,59,59,30,,39,15,0,7,,,,,
Jakarta,The Pakubuwono Menteng,2026-04-30 20:52:11,72,72,20,63,,,,,60,27.8,,,
Depok,Cinere - Nafas,2026-04-30 20:52:15,114,114,44,80,,,,,0,0,,,
Bogor,Kabupaten Bogor Leuwiliang,2026-04-30 20:00:00,80,71,35,,4,9,0,80,,,,,
Tangerang,Tangerang Pasir Jaya,2026-04-30 20:00:00,120,120,57,,58,63,0,65,,,,,
Bekasi,Bekasi Kayuringin,2026-04-30 20:00:00,59,59,30,,39,15,0,7,,,,,
Jakarta,The Pakubuwono Menteng,2026-04-30 20:53:11,75,75,23,56,,,,,60,27.8,,,
Depok,Cinere - Nafas,2026-04-30 20:53:15,110,110,43,81,,,,,0,0,,,
Bogor,Kabupaten Bogor Leuwiliang,2026-04-30 20:00:00,80,71,35,,4,9,0,80,,,,,
Tangerang,Tangerang Pasir Jaya,2026-04-30 20:00:00,120,120,57,,58,63,0,65,,,,,
Bekasi,Bekasi Kayuringin,2026-04-30 20:00:00,59,59,30,,39,15,0,7,,,,,
Jakarta,The Pakubuwono Menteng,2026-04-30 20:54:11,74,74,22,59,,,,,60,27.8,,,
Depok,Cinere - Nafas,2026-04-30 20:54:15,107,107,42,78,,,,,0,0,,,
Bogor,Kabupaten Bogor Leuwiliang,2026-04-30 20:00:00,80,71,35,,4,9,0,80,,,,,
Tangerang,Tangerang Pasir Jaya,2026-04-30 20:00:00,120,120,57,,58,63,0,65,,,,,
Bekasi,Bekasi Kayuringin,2026-04-30 20:00:00,59,59,30,,39,15,0,7,,,,,
Jakarta,The Pakubuwono Menteng,2026-04-30 20:55:11,74,74,21,60,,,,,60,27.8,,,
Depok,Cinere - Nafas,2026-04-30 20:55:15,107,107,43,80,,,,,0,0,,,
Bogor,Kabupaten Bogor Leuwiliang,2026-04-30 20:00:00,80,71,35,,4,9,0,80,,,,,
Tangerang,Tangerang Pasir Jaya,2026-04-30 20:00:00,120,120,57,,58,63,0,65,,,,,
Bekasi,Bekasi Kayuringin,2026-04-30 20:00:00,59,59,30,,39,15,0,7,,,,,
Jakarta,The Pakubuwono Menteng,2026-04-30 20:56:12,74,74,22,59,,,,,60,27.8,,,
Depok,Cinere - Nafas,2026-04-30 20:56:15,107,107,42,79,,,,,0,0,,,
Bogor,Kabupaten Bogor Leuwiliang,2026-04-30 20:00:00,80,71,35,,4,9,0,80,,,,,
Tangerang,Tangerang Pasir Jaya,2026-04-30 20:00:00,120,120,57,,58,63,0,65,,,,,
Bekasi,Bekasi Kayuringin,2026-04-30 20:00:00,59,59,30,,39,15,0,7,,,,,
Jakarta,The Pakubuwono Menteng,2026-04-30 20:57:11,82,82,25,64,,,,,60,27.8,,,
Depok,Cinere - Nafas,2026-04-30 20:57:15,108,108,42,79,,,,,0,0,,,
Bogor,Kabupaten Bogor Leuwiliang,2026-04-30 20:00:00,80,71,35,,4,9,0,80,,,,,
Tangerang,Tangerang Pasir Jaya,2026-04-30 20:00:00,120,120,57,,58,63,0,65,,,,,
Bekasi,Bekasi Kayuringin,2026-04-30 20:00:00,59,59,30,,39,15,0,7,,,,,
Jakarta,The Pakubuwono Menteng,2026-04-30 20:58:12,76,76,23,62,,,,,60,27.8,,,
Depok,Cinere - Nafas,2026-04-30 20:58:15,109,109,42,76,,,,,0,0,,,
Bogor,Kabupaten Bogor Leuwiliang,2026-04-30 20:00:00,80,71,35,,4,9,0,80,,,,,
Tangerang,Tangerang Pasir Jaya,2026-04-30 20:00:00,120,120,57,,58,63,0,65,,,,,
Bekasi,Bekasi Kayuringin,2026-04-30 20:00:00,59,59,30,,39,15,0,7,,,,,
Jakarta,The Pakubuwono Menteng,2026-04-30 21:00:11,71,71,21,53,,,,,60,27.8,,,
Depok,Cinere - Nafas,2026-04-30 21:00:15,124,124,51,87,,,,,0,0,,,
Bogor,Kabupaten Bogor Leuwiliang,2026-04-30 20:00:00,80,71,35,,4,9,0,80,,,,,
Tangerang,Tangerang Pasir Jaya,2026-04-30 20:00:00,120,120,57,,58,63,0,65,,,,,
Bekasi,Bekasi Kayuringin,2026-04-30 20:00:00,59,59,30,,39,15,0,7,,,,,
Jakarta,The Pakubuwono Menteng,2026-04-30 21:01:11,76,76,22,59,,,,,60,27.8,,,
Depok,Cinere - Nafas,2026-04-30 21:01:15,112,112,44,80,,,,,0,0,,,
Bogor,Kabupaten Bogor Leuwiliang,2026-04-30 20:00:00,80,71,35,,4,9,0,80,,,,,
Tangerang,Tangerang Pasir Jaya,2026-04-30 20:00:00,120,120,57,,58,63,0,65,,,,,
Bekasi,Bekasi Kayuringin,2026-04-30 20:00:00,59,59,30,,39,15,0,7,,,,,
Jakarta,The Pakubuwono Menteng,2026-04-30 21:03:11,73,73,21,58,,,,,60,27.8,,,
Depok,Cinere - Nafas,2026-04-30 21:03:15,113,113,45,83,,,,,0,0,,,
Bogor,Kabupaten Bogor Leuwiliang,2026-04-30 20:00:00,80,71,35,,4,9,0,80,,,,,
Tangerang,Tangerang Pasir Jaya,2026-04-30 20:00:00,120,120,57,,58,63,0,65,,,,,
Bekasi,Bekasi Kayuringin,2026-04-30 20:00:00,59,59,30,,39,15,0,7,,,,,
Jakarta,The Pakubuwono Menteng,2026-04-30 21:04:11,74,74,22,59,,,,,60,27.8,,,
Depok,Cinere - Nafas,2026-04-30 21:04:15,113,113,45,83,,,,,0,0,,,
Bogor,Kabupaten Bogor Leuwiliang,2026-04-30 20:00:00,80,71,35,,4,9,0,80,,,,,
Tangerang,Tangerang Pasir Jaya,2026-04-30 20:00:00,120,120,57,,58,63,0,65,,,,,
Bekasi,Bekasi Kayuringin,2026-04-30 20:00:00,59,59,30,,39,15,0,7,,,,,
Jakarta,The Pakubuwono Menteng,2026-04-30 21:05:11,78,78,23,56,,,,,60,27.8,,,
Depok,Cinere - Nafas,2026-04-30 21:05:15,117,117,48,83,,,,,0,0,,,
Bogor,Kabupaten Bogor Leuwiliang,2026-04-30 20:00:00,80,71,35,,4,9,0,80,,,,,
Tangerang,Tangerang Pasir Jaya,2026-04-30 20:00:00,120,120,57,,58,63,0,65,,,,,
Bekasi,Bekasi Kayuringin,2026-04-30 20:00:00,59,59,30,,39,15,0,7,,,,,
Jakarta,The Pakubuwono Menteng,2026-04-30 21:06:11,72,72,21,49,,,,,60,27.8,,,
Depok,Cinere - Nafas,2026-04-30 21:06:16,121,121,48,86,,,,,0,0,,,
Bogor,Kabupaten Bogor Leuwiliang,2026-04-30 20:00:00,80,71,35,,4,9,0,80,,,,,
Tangerang,Tangerang Pasir Jaya,2026-04-30 20:00:00,120,120,57,,58,63,0,65,,,,,
Bekasi,Bekasi Kayuringin,2026-04-30 20:00:00,59,59,30,,39,15,0,7,,,,,
Jakarta,The Pakubuwono Menteng,2026-04-30 21:07:12,76,76,23,57,,,,,60,27.8,,,
Depok,Cinere - Nafas,2026-04-30 21:07:15,118,118,47,86,,,,,0,0,,,
Bogor,Kabupaten Bogor Leuwiliang,2026-04-30 20:00:00,80,71,35,,4,9,0,80,,,,,
Tangerang,Tangerang Pasir Jaya,2026-04-30 20:00:00,120,120,57,,58,63,0,65,,,,,
Bekasi,Bekasi Kayuringin,2026-04-30 20:00:00,59,59,30,,39,15,0,7,,,,,
Jakarta,The Pakubuwono Menteng,2026-04-30 21:08:11,74,74,23,58,,,,,60,27.8,,,
Depok,Cinere - Nafas,2026-04-30 21:08:15,116,116,46,84,,,,,0,0,,,
Bogor,Kabupaten Bogor Leuwiliang,2026-04-30 20:00:00,80,71,35,,4,9,0,80,,,,,
Tangerang,Tangerang Pasir Jaya,2026-04-30 20:00:00,120,120,57,,58,63,0,65,,,,,
Bekasi,Bekasi Kayuringin,2026-04-30 20:00:00,59,59,30,,39,15,0,7,,,,,
Jakarta,The Pakubuwono Menteng,2026-04-30 21:10:11,76,76,23,54,,,,,60,27.8,,,
Depok,Cinere - Nafas,2026-04-30 21:10:18,118,118,48,85,,,,,0,0,,,
Bogor,Kabupaten Bogor Leuwiliang,2026-04-30 21:00:00,80,69,34,,4,9,0,80,,,,,
Tangerang,Tangerang Pasir Jaya,2026-04-30 21:00:00,115,115,56,,58,63,0,65,,,,,
Bekasi,Bekasi Kayuringin,2026-04-30 21:00:00,58,58,29,,40,15,0,7,,,,,
Jakarta,The Pakubuwono Menteng,2026-04-30 21:11:11,76,76,23,60,,,,,60,27.8,,,
Depok,Cinere - Nafas,2026-04-30 21:11:16,120,120,47,86,,,,,0,0,,,
Bogor,Kabupaten Bogor Leuwiliang,2026-04-30 21:00:00,80,69,34,,4,9,0,80,,,,,
Tangerang,Tangerang Pasir Jaya,2026-04-30 21:00:00,115,115,56,,58,63,0,65,,,,,
Bekasi,Bekasi Kayuringin,2026-04-30 21:00:00,58,58,29,,40,15,0,7,,,,,
Jakarta,The Pakubuwono Menteng,2026-04-30 21:12:11,73,73,23,62,,,,,60,27.8,,,
Depok,Cinere - Nafas,2026-04-30 21:12:16,115,115,45,85,,,,,0,0,,,
Bogor,Kabupaten Bogor Leuwiliang,2026-04-30 21:00:00,80,69,34,,4,9,0,80,,,,,
Tangerang,Tangerang Pasir Jaya,2026-04-30 21:00:00,115,115,56,,58,63,0,65,,,,,
Bekasi,Bekasi Kayuringin,2026-04-30 21:00:00,58,58,29,,40,15,0,7,,,,,
Jakarta,The Pakubuwono Menteng,2026-04-30 21:13:12,72,72,21,55,,,,,60,27.8,,,
Depok,Cinere - Nafas,2026-04-30 21:13:16,115,115,46,83,,,,,0,0,,,
Bogor,Kabupaten Bogor Leuwiliang,2026-04-30 21:00:00,80,69,34,,4,9,0,80,,,,,
Tangerang,Tangerang Pasir Jaya,2026-04-30 21:00:00,115,115,56,,58,63,0,65,,,,,
Bekasi,Bekasi Kayuringin,2026-04-30 21:00:00,58,58,29,,40,15,0,7,,,,,
Jakarta,The Pakubuwono Menteng,2026-04-30 21:14:11,79,79,26,61,,,,,60,27.8,,,
Depok,Cinere - Nafas,2026-04-30 21:14:17,116,116,47,83,,,,,0,0,,,
Bogor,Kabupaten Bogor Leuwiliang,2026-04-30 21:00:00,80,69,34,,4,9,0,80,,,,,
Tangerang,Tangerang Pasir Jaya,2026-04-30 21:00:00,115,115,56,,58,63,0,65,,,,,
Bekasi,Bekasi Kayuringin,2026-04-30 21:00:00,58,58,29,,40,15,0,7,,,,,
Jakarta,The Pakubuwono Menteng,2026-04-30 21:15:12,78,78,24,63,,,,,60,27.8,,,
Depok,Cinere - Nafas,2026-04-30 21:15:18,117,117,47,84,,,,,0,0,,,
Bogor,Kabupaten Bogor Leuwiliang,2026-04-30 21:00:00,80,69,34,,4,9,0,80,,,,,
Tangerang,Tangerang Pasir Jaya,2026-04-30 21:00:00,115,115,56,,58,63,0,65,,,,,
Bekasi,Bekasi Kayuringin,2026-04-30 21:00:00,58,58,29,,40,15,0,7,,,,,
Jakarta,The Pakubuwono Menteng,2026-04-30 21:16:12,73,73,22,54,,,,,60,27.8,,,
Depok,Cinere - Nafas,2026-04-30 21:16:16,116,116,46,83,,,,,0,0,,,
Bogor,Kabupaten Bogor Leuwiliang,2026-04-30 21:00:00,80,69,34,,4,9,0,80,,,,,
Tangerang,Tangerang Pasir Jaya,2026-04-30 21:00:00,115,115,56,,58,63,0,65,,,,,
Bekasi,Bekasi Kayuringin,2026-04-30 21:00:00,58,58,29,,40,15,0,7,,,,,
Jakarta,The Pakubuwono Menteng,2026-04-30 21:19:12,73,73,22,55,,,,,60,27.8,,,
Depok,Cinere - Nafas,2026-04-30 21:19:16,116,116,45,83,,,,,0,0,,,
Bogor,Kabupaten Bogor Leuwiliang,2026-04-30 21:00:00,80,69,34,,4,9,0,80,,,,,
Tangerang,Tangerang Pasir Jaya,2026-04-30 21:00:00,115,115,56,,58,63,0,65,,,,,
Bekasi,Bekasi Kayuringin,2026-04-30 21:00:00,58,58,29,,40,15,0,7,,,,,
Jakarta,The Pakubuwono Menteng,2026-04-30 21:20:12,67,67,18,49,,,,,60,27.8,,,
Depok,Cinere - Nafas,2026-04-30 21:20:16,114,114,45,82,,,,,0,0,,,
Bogor,Kabupaten Bogor Leuwiliang,2026-04-30 21:00:00,80,69,34,,4,9,0,80,,,,,
Tangerang,Tangerang Pasir Jaya,2026-04-30 21:00:00,115,115,56,,58,63,0,65,,,,,
Bekasi,Bekasi Kayuringin,2026-04-30 21:00:00,58,58,29,,40,15,0,7,,,,,
Jakarta,The Pakubuwono Menteng,2026-04-30 21:20:12,67,67,18,49,,,,,60,27.8,,,
Depok,Cinere - Nafas,2026-04-30 21:20:16,114,114,45,82,,,,,0,0,,,
Bogor,Kabupaten Bogor Leuwiliang,2026-04-30 21:00:00,80,69,34,,4,9,0,80,,,,,
Tangerang,Tangerang Pasir Jaya,2026-04-30 21:00:00,115,115,56,,58,63,0,65,,,,,
Bekasi,Bekasi Kayuringin,2026-04-30 21:00:00,58,58,29,,40,15,0,7,,,,,
Jakarta,The Pakubuwono Menteng,2026-04-30 21:21:12,76,76,23,56,,,,,60,27.8,,,
Depok,Cinere - Nafas,2026-04-30 21:21:16,115,115,45,83,,,,,0,0,,,
Bogor,Kabupaten Bogor Leuwiliang,2026-04-30 21:00:00,80,69,34,,4,9,0,80,,,,,
Tangerang,Tangerang Pasir Jaya,2026-04-30 21:00:00,115,115,56,,58,63,0,65,,,,,
Bekasi,Bekasi Kayuringin,2026-04-30 21:00:00,58,58,29,,40,15,0,7,,,,,
Jakarta,The Pakubuwono Menteng,2026-04-30 21:23:12,78,78,25,63,,,,,60,27.8,,,
Depok,Cinere - Nafas,2026-04-30 21:23:16,116,116,46,85,,,,,0,0,,,
Bogor,Kabupaten Bogor Leuwiliang,2026-04-30 21:00:00,80,69,34,,4,9,0,80,,,,,
Tangerang,Tangerang Pasir Jaya,2026-04-30 21:00:00,115,115,56,,58,63,0,65,,,,,
Bekasi,Bekasi Kayuringin,2026-04-30 21:00:00,58,58,29,,40,15,0,7,,,,,
Jakarta,The Pakubuwono Menteng,2026-04-30 21:24:12,72,72,21,61,,,,,60,27.9,,,
Depok,Cinere - Nafas,2026-04-30 21:24:16,116,116,45,83,,,,,0,0,,,
Bogor,Kabupaten Bogor Leuwiliang,2026-04-30 21:00:00,80,69,34,,4,9,0,80,,,,,
Tangerang,Tangerang Pasir Jaya,2026-04-30 21:00:00,115,115,56,,58,63,0,65,,,,,
Bekasi,Bekasi Kayuringin,2026-04-30 21:00:00,58,58,29,,40,15,0,7,,,,,
Jakarta,The Pakubuwono Menteng,2026-04-30 21:25:12,71,71,21,59,,,,,59,27.9,,,
Depok,Cinere - Nafas,2026-04-30 21:25:16,113,113,44,84,,,,,0,0,,,
Bogor,Kabupaten Bogor Leuwiliang,2026-04-30 21:00:00,80,69,34,,4,9,0,80,,,,,
Tangerang,Tangerang Pasir Jaya,2026-04-30 21:00:00,115,115,56,,58,63,0,65,,,,,
Bekasi,Bekasi Kayuringin,2026-04-30 21:00:00,58,58,29,,40,15,0,7,,,,,
Jakarta,The Pakubuwono Menteng,2026-04-30 21:26:12,76,76,22,61,,,,,59,27.9,,,
Depok,Cinere - Nafas,2026-04-30 21:26:16,111,111,44,84,,,,,0,0,,,
Bogor,Kabupaten Bogor Leuwiliang,2026-04-30 21:00:00,80,69,34,,4,9,0,80,,,,,
Tangerang,Tangerang Pasir Jaya,2026-04-30 21:00:00,115,115,56,,58,63,0,65,,,,,
Bekasi,Bekasi Kayuringin,2026-04-30 21:00:00,58,58,29,,40,15,0,7,,,,,
Jakarta,The Pakubuwono Menteng,2026-04-30 21:27:12,76,76,23,60,,,,,59,27.9,,,
Depok,Cinere - Nafas,2026-04-30 21:28:16,112,112,44,83,,,,,0,0,,,
Bogor,Kabupaten Bogor Leuwiliang,2026-04-30 21:00:00,80,69,34,,4,9,0,80,,,,,
Tangerang,Tangerang Pasir Jaya,2026-04-30 21:00:00,115,115,56,,58,63,0,65,,,,,
Bekasi,Bekasi Kayuringin,2026-04-30 21:00:00,58,58,29,,40,15,0,7,,,,,
Jakarta,The Pakubuwono Menteng,2026-04-30 21:29:12,82,82,26,60,,,,,59,27.9,,,
Depok,Cinere - Nafas,2026-04-30 21:29:16,113,113,45,83,,,,,0,0,,,
Bogor,Kabupaten Bogor Leuwiliang,2026-04-30 21:00:00,80,69,34,,4,9,0,80,,,,,
Tangerang,Tangerang Pasir Jaya,2026-04-30 21:00:00,115,115,56,,58,63,0,65,,,,,
Bekasi,Bekasi Kayuringin,2026-04-30 21:00:00,58,58,29,,40,15,0,7,,,,,
Jakarta,The Pakubuwono Menteng,2026-04-30 21:31:12,72,72,20,51,,,,,59,27.9,,,
Depok,Cinere - Nafas,2026-04-30 21:31:16,115,115,45,83,,,,,0,0,,,
Bogor,Kabupaten Bogor Leuwiliang,2026-04-30 21:00:00,80,69,34,,4,9,0,80,,,,,
Tangerang,Tangerang Pasir Jaya,2026-04-30 21:00:00,115,115,56,,58,63,0,65,,,,,
Bekasi,Bekasi Kayuringin,2026-04-30 21:00:00,58,58,29,,40,15,0,7,,,,,
Jakarta,The Pakubuwono Menteng,2026-04-30 21:32:12,78,78,24,56,,,,,59,27.9,,,
Depok,Cinere - Nafas,2026-04-30 21:32:16,117,117,47,82,,,,,0,0,,,
Bogor,Kabupaten Bogor Leuwiliang,2026-04-30 21:00:00,80,69,34,,4,9,0,80,,,,,
Tangerang,Tangerang Pasir Jaya,2026-04-30 21:00:00,115,115,56,,58,63,0,65,,,,,
Bekasi,Bekasi Kayuringin,2026-04-30 21:00:00,58,58,29,,40,15,0,7,,,,,
Jakarta,The Pakubuwono Menteng,2026-04-30 21:32:12,78,78,24,56,,,,,59,27.9,,,
Depok,Cinere - Nafas,2026-04-30 21:32:16,117,117,47,82,,,,,0,0,,,
Bogor,Kabupaten Bogor Leuwiliang,2026-04-30 21:00:00,80,69,34,,4,9,0,80,,,,,
Tangerang,Tangerang Pasir Jaya,2026-04-30 21:00:00,115,115,56,,58,63,0,65,,,,,
Bekasi,Bekasi Kayuringin,2026-04-30 21:00:00,58,58,29,,40,15,0,7,,,,,
Jakarta,The Pakubuwono Menteng,2026-04-30 21:33:12,74,74,24,53,,,,,59,27.9,,,
Depok,Cinere - Nafas,2026-04-30 21:33:16,113,113,45,82,,,,,0,0,,,
Bogor,Kabupaten Bogor Leuwiliang,2026-04-30 21:00:00,80,69,34,,4,9,0,80,,,,,
Tangerang,Tangerang Pasir Jaya,2026-04-30 21:00:00,115,115,56,,58,63,0,65,,,,,
Bekasi,Bekasi Kayuringin,2026-04-30 21:00:00,58,58,29,,40,15,0,7,,,,,
Jakarta,The Pakubuwono Menteng,2026-04-30 21:34:12,66,66,18,54,,,,,59,28,,,
Depok,Cinere - Nafas,2026-04-30 21:34:16,115,115,44,83,,,,,0,0,,,
Bogor,Kabupaten Bogor Leuwiliang,2026-04-30 21:00:00,80,69,34,,4,9,0,80,,,,,
Tangerang,Tangerang Pasir Jaya,2026-04-30 21:00:00,115,115,56,,58,63,0,65,,,,,
Bekasi,Bekasi Kayuringin,2026-04-30 21:00:00,58,58,29,,40,15,0,7,,,,,
Jakarta,The Pakubuwono Menteng,2026-04-30 21:35:12,69,69,20,43,,,,,59,28,,,
Depok,Cinere - Nafas,2026-04-30 21:35:16,117,117,46,85,,,,,0,0,,,
Bogor,Kabupaten Bogor Leuwiliang,2026-04-30 21:00:00,80,69,34,,4,9,0,80,,,,,
Tangerang,Tangerang Pasir Jaya,2026-04-30 21:00:00,115,115,56,,58,63,0,65,,,,,
Bekasi,Bekasi Kayuringin,2026-04-30 21:00:00,58,58,29,,40,15,0,7,,,,,
Jakarta,The Pakubuwono Menteng,2026-04-30 21:37:12,71,71,20,50,,,,,59,28,,,
Depok,Cinere - Nafas,2026-04-30 21:37:16,114,114,47,84,,,,,0,0,,,
Bogor,Kabupaten Bogor Leuwiliang,2026-04-30 21:00:00,80,69,34,,4,9,0,80,,,,,
Tangerang,Tangerang Pasir Jaya,2026-04-30 21:00:00,115,115,56,,58,63,0,65,,,,,
Bekasi,Bekasi Kayuringin,2026-04-30 21:00:00,58,58,29,,40,15,0,7,,,,,
Jakarta,The Pakubuwono Menteng,2026-04-30 21:39:12,71,71,20,42,,,,,59,28,,,
Depok,Cinere - Nafas,2026-04-30 21:39:16,115,115,46,83,,,,,0,0,,,
Bogor,Kabupaten Bogor Leuwiliang,2026-04-30 21:00:00,80,69,34,,4,9,0,80,,,,,
Tangerang,Tangerang Pasir Jaya,2026-04-30 21:00:00,115,115,56,,58,63,0,65,,,,,
Bekasi,Bekasi Kayuringin,2026-04-30 21:00:00,58,58,29,,40,15,0,7,,,,,
Jakarta,The Pakubuwono Menteng,2026-04-30 21:40:12,70,70,19,49,,,,,59,28,,,
Depok,Cinere - Nafas,2026-04-30 21:40:28,118,118,48,84,,,,,0,0,,,
Bogor,Kabupaten Bogor Leuwiliang,2026-04-30 21:00:00,80,69,34,,4,9,0,80,,,,,
Tangerang,Tangerang Pasir Jaya,2026-04-30 21:00:00,115,115,56,,58,63,0,65,,,,,
Bekasi,Bekasi Kayuringin,2026-04-30 21:00:00,58,58,29,,40,15,0,7,,,,,
Jakarta,The Pakubuwono Menteng,2026-04-30 21:41:12,67,67,19,46,,,,,59,28,,,
Depok,Cinere - Nafas,2026-04-30 21:41:16,117,117,48,83,,,,,0,0,,,
Bogor,Kabupaten Bogor Leuwiliang,2026-04-30 21:00:00,80,69,34,,4,9,0,80,,,,,
Tangerang,Tangerang Pasir Jaya,2026-04-30 21:00:00,115,115,56,,58,63,0,65,,,,,
Bekasi,Bekasi Kayuringin,2026-04-30 21:00:00,58,58,29,,40,15,0,7,,,,,
Jakarta,The Pakubuwono Menteng,2026-04-30 21:42:12,72,72,21,58,,,,,59,28,,,
Depok,Cinere - Nafas,2026-04-30 21:42:16,116,116,46,83,,,,,0,0,,,
Bogor,Kabupaten Bogor Leuwiliang,2026-04-30 21:00:00,80,69,34,,4,9,0,80,,,,,
Tangerang,Tangerang Pasir Jaya,2026-04-30 21:00:00,115,115,56,,58,63,0,65,,,,,
Bekasi,Bekasi Kayuringin,2026-04-30 21:00:00,58,58,29,,40,15,0,7,,,,,
Jakarta,The Pakubuwono Menteng,2026-04-30 21:43:12,73,73,21,53,,,,,59,28,,,
Depok,Cinere - Nafas,2026-04-30 21:43:17,118,118,48,83,,,,,0,0,,,
Bogor,Kabupaten Bogor Leuwiliang,2026-04-30 21:00:00,80,69,34,,4,9,0,80,,,,,
Tangerang,Tangerang Pasir Jaya,2026-04-30 21:00:00,115,115,56,,58,63,0,65,,,,,
Bekasi,Bekasi Kayuringin,2026-04-30 21:00:00,58,58,29,,40,15,0,7,,,,,
Jakarta,The Pakubuwono Menteng,2026-04-30 21:44:12,72,72,22,55,,,,,59,28,,,
Depok,Cinere - Nafas,2026-04-30 21:44:16,119,119,47,84,,,,,0,0,,,
Bogor,Kabupaten Bogor Leuwiliang,2026-04-30 21:00:00,80,69,34,,4,9,0,80,,,,,
Tangerang,Tangerang Pasir Jaya,2026-04-30 21:00:00,115,115,56,,58,63,0,65,,,,,
Bekasi,Bekasi Kayuringin,2026-04-30 21:00:00,58,58,29,,40,15,0,7,,,,,
Jakarta,The Pakubuwono Menteng,2026-04-30 21:46:12,79,79,24,62,,,,,59,28.1,,,
Depok,Cinere - Nafas,2026-04-30 21:46:19,121,121,48,86,,,,,0,0,,,
Bogor,Kabupaten Bogor Leuwiliang,2026-04-30 21:00:00,80,69,34,,4,9,0,80,,,,,
Tangerang,Tangerang Pasir Jaya,2026-04-30 21:00:00,115,115,56,,58,63,0,65,,,,,
Bekasi,Bekasi Kayuringin,2026-04-30 21:00:00,58,58,29,,40,15,0,7,,,,,
Jakarta,The Pakubuwono Menteng,2026-04-30 21:48:12,70,70,20,54,,,,,59,28.1,,,
Depok,Cinere - Nafas,2026-04-30 21:48:17,121,121,48,85,,,,,0,0,,,
Bogor,Kabupaten Bogor Leuwiliang,2026-04-30 21:00:00,80,69,34,,4,9,0,80,,,,,
Tangerang,Tangerang Pasir Jaya,2026-04-30 21:00:00,115,115,56,,58,63,0,65,,,,,
Bekasi,Bekasi Kayuringin,2026-04-30 21:00:00,58,58,29,,40,15,0,7,,,,,
Jakarta,The Pakubuwono Menteng,2026-04-30 21:48:12,70,70,20,54,,,,,59,28.1,,,
Depok,Cinere - Nafas,2026-04-30 21:48:17,121,121,48,85,,,,,0,0,,,
Bogor,Kabupaten Bogor Leuwiliang,2026-04-30 21:00:00,80,69,34,,4,9,0,80,,,,,
Tangerang,Tangerang Pasir Jaya,2026-04-30 21:00:00,115,115,56,,58,63,0,65,,,,,
Bekasi,Bekasi Kayuringin,2026-04-30 21:00:00,58,58,29,,40,15,0,7,,,,,
Jakarta,The Pakubuwono Menteng,2026-04-30 21:49:12,68,68,22,50,,,,,59,28.1,,,
Depok,Cinere - Nafas,2026-04-30 21:49:16,120,120,49,87,,,,,0,0,,,
Bogor,Kabupaten Bogor Leuwiliang,2026-04-30 21:00:00,80,69,34,,4,9,0,80,,,,,
Tangerang,Tangerang Pasir Jaya,2026-04-30 21:00:00,115,115,56,,58,63,0,65,,,,,
Bekasi,Bekasi Kayuringin,2026-04-30 21:00:00,58,58,29,,40,15,0,7,,,,,
Jakarta,The Pakubuwono Menteng,2026-04-30 21:50:12,79,79,23,61,,,,,59,28.2,,,
Depok,Cinere - Nafas,2026-04-30 21:50:16,120,120,49,86,,,,,0,0,,,
Bogor,Kabupaten Bogor Leuwiliang,2026-04-30 21:00:00,80,69,34,,4,9,0,80,,,,,
Tangerang,Tangerang Pasir Jaya,2026-04-30 21:00:00,115,115,56,,58,63,0,65,,,,,
Bekasi,Bekasi Kayuringin,2026-04-30 21:00:00,58,58,29,,40,15,0,7,,,,,
Jakarta,The Pakubuwono Menteng,2026-04-30 21:52:12,75,75,23,62,,,,,59,28.2,,,
Depok,Cinere - Nafas,2026-04-30 21:52:16,122,122,48,87,,,,,0,0,,,
Bogor,Kabupaten Bogor Leuwiliang,2026-04-30 21:00:00,80,69,34,,4,9,0,80,,,,,
Tangerang,Tangerang Pasir Jaya,2026-04-30 21:00:00,115,115,56,,58,63,0,65,,,,,
Bekasi,Bekasi Kayuringin,2026-04-30 21:00:00,58,58,29,,40,15,0,7,,,,,
Jakarta,The Pakubuwono Menteng,2026-04-30 21:53:12,78,78,24,61,,,,,59,28.2,,,
Depok,Cinere - Nafas,2026-04-30 21:53:17,120,120,49,85,,,,,0,0,,,
Bogor,Kabupaten Bogor Leuwiliang,2026-04-30 21:00:00,80,69,34,,4,9,0,80,,,,,
Tangerang,Tangerang Pasir Jaya,2026-04-30 21:00:00,115,115,56,,58,63,0,65,,,,,
Bekasi,Bekasi Kayuringin,2026-04-30 21:00:00,58,58,29,,40,15,0,7,,,,,
Jakarta,The Pakubuwono Menteng,2026-04-30 21:54:13,78,78,25,59,,,,,59,28.2,,,
Depok,Cinere - Nafas,2026-04-30 21:54:17,124,124,50,88,,,,,0,0,,,
Bogor,Kabupaten Bogor Leuwiliang,2026-04-30 21:00:00,80,69,34,,4,9,0,80,,,,,
Tangerang,Tangerang Pasir Jaya,2026-04-30 21:00:00,115,115,56,,58,63,0,65,,,,,
Bekasi,Bekasi Kayuringin,2026-04-30 21:00:00,58,58,29,,40,15,0,7,,,,,
Jakarta,The Pakubuwono Menteng,2026-04-30 21:55:12,80,80,25,62,,,,,59,28.2,,,
Depok,Cinere - Nafas,2026-04-30 21:55:17,123,123,50,88,,,,,0,0,,,
Bogor,Kabupaten Bogor Leuwiliang,2026-04-30 21:00:00,80,69,34,,4,9,0,80,,,,,
Tangerang,Tangerang Pasir Jaya,2026-04-30 21:00:00,115,115,56,,58,63,0,65,,,,,
Bekasi,Bekasi Kayuringin,2026-04-30 21:00:00,58,58,29,,40,15,0,7,,,,,
Jakarta,The Pakubuwono Menteng,2026-04-30 21:56:12,79,79,25,64,,,,,59,28.2,,,
Depok,Cinere - Nafas,2026-04-30 21:58:17,118,118,49,86,,,,,0,0,,,
Bogor,Kabupaten Bogor Leuwiliang,2026-04-30 21:00:00,80,69,34,,4,9,0,80,,,,,
Tangerang,Tangerang Pasir Jaya,2026-04-30 21:00:00,115,115,56,,58,63,0,65,,,,,
Bekasi,Bekasi Kayuringin,2026-04-30 21:00:00,58,58,29,,40,15,0,7,,,,,
Jakarta,The Pakubuwono Menteng,2026-04-30 21:58:12,83,83,29,66,,,,,59,28.1,,,
Depok,Cinere - Nafas,2026-04-30 21:58:17,118,118,49,86,,,,,0,0,,,
Bogor,Kabupaten Bogor Leuwiliang,2026-04-30 21:00:00,80,69,34,,4,9,0,80,,,,,
Tangerang,Tangerang Pasir Jaya,2026-04-30 21:00:00,115,115,56,,58,63,0,65,,,,,
Bekasi,Bekasi Kayuringin,2026-04-30 21:00:00,58,58,29,,40,15,0,7,,,,,
Jakarta,The Pakubuwono Menteng,2026-04-30 21:59:12,85,85,27,67,,,,,59,28.1,,,
Depok,Cinere - Nafas,2026-04-30 21:59:16,123,123,51,88,,,,,0,0,,,
Bogor,Kabupaten Bogor Leuwiliang,2026-04-30 21:00:00,80,69,34,,4,9,0,80,,,,,
Tangerang,Tangerang Pasir Jaya,2026-04-30 21:00:00,115,115,56,,58,63,0,65,,,,,
Bekasi,Bekasi Kayuringin,2026-04-30 21:00:00,58,58,29,,40,15,0,7,,,,,
Jakarta,The Pakubuwono Menteng,2026-04-30 22:00:12,82,82,28,68,,,,,59,28.1,,,
Depok,Cinere - Nafas,2026-04-30 22:00:17,123,123,50,88,,,,,0,0,,,
Bogor,Kabupaten Bogor Leuwiliang,2026-04-30 21:00:00,80,69,34,,4,9,0,80,,,,,
Tangerang,Tangerang Pasir Jaya,2026-04-30 21:00:00,115,115,56,,58,63,0,65,,,,,
Bekasi,Bekasi Kayuringin,2026-04-30 21:00:00,58,58,29,,40,15,0,7,,,,,
Jakarta,The Pakubuwono Menteng,2026-04-30 22:01:13,84,84,27,67,,,,,59,28.1,,,
Depok,Cinere - Nafas,2026-04-30 22:01:17,128,128,51,89,,,,,0,0,,,
Bogor,Kabupaten Bogor Leuwiliang,2026-04-30 21:00:00,80,69,34,,4,9,0,80,,,,,
Tangerang,Tangerang Pasir Jaya,2026-04-30 21:00:00,115,115,56,,58,63,0,65,,,,,
Bekasi,Bekasi Kayuringin,2026-04-30 21:00:00,58,58,29,,40,15,0,7,,,,,
Jakarta,The Pakubuwono Menteng,2026-04-30 22:02:13,86,86,28,68,,,,,59,28.1,,,
Depok,Cinere - Nafas,2026-04-30 22:02:17,121,121,50,87,,,,,0,0,,,
Bogor,Kabupaten Bogor Leuwiliang,2026-04-30 21:00:00,80,69,34,,4,9,0,80,,,,,
Tangerang,Tangerang Pasir Jaya,2026-04-30 21:00:00,115,115,56,,58,63,0,65,,,,,
Bekasi,Bekasi Kayuringin,2026-04-30 21:00:00,58,58,29,,40,15,0,7,,,,,
Jakarta,The Pakubuwono Menteng,2026-04-30 22:03:12,261,261,172,130,,,,,59,28.1,,,
Depok,Cinere - Nafas,2026-04-30 22:03:17,123,123,50,87,,,,,0,0,,,
Bogor,Kabupaten Bogor Leuwiliang,2026-04-30 21:00:00,80,69,34,,4,9,0,80,,,,,
Tangerang,Tangerang Pasir Jaya,2026-04-30 21:00:00,115,115,56,,58,63,0,65,,,,,
Bekasi,Bekasi Kayuringin,2026-04-30 21:00:00,58,58,29,,40,15,0,7,,,,,
Jakarta,The Pakubuwono Menteng,2026-04-30 22:03:12,261,261,172,434,,,,,59,28.1,,,
Depok,Cinere - Nafas,2026-04-30 22:04:17,126,126,50,88,,,,,0,0,,,
Bogor,Kabupaten Bogor Leuwiliang,2026-04-30 21:00:00,80,69,34,,4,9,0,80,,,,,
Tangerang,Tangerang Pasir Jaya,2026-04-30 21:00:00,115,115,56,,58,63,0,65,,,,,
Bekasi,Bekasi Kayuringin,2026-04-30 21:00:00,58,58,29,,40,15,0,7,,,,,
Jakarta,The Pakubuwono Menteng,2026-04-30 22:07:13,127,127,50,94,,,,,59,28,,,
Depok,Cinere - Nafas,2026-04-30 22:07:17,131,131,52,92,,,,,0,0,,,
Bogor,Kabupaten Bogor Leuwiliang,2026-04-30 21:00:00,80,69,34,,4,9,0,80,,,,,
Tangerang,Tangerang Pasir Jaya,2026-04-30 21:00:00,115,115,56,,58,63,0,65,,,,,
Bekasi,Bekasi Kayuringin,2026-04-30 21:00:00,58,58,29,,40,15,0,7,,,,,
Jakarta,The Pakubuwono Menteng,2026-04-30 22:08:14,107,107,40,83,,,,,59,28,,,
Depok,Cinere - Nafas,2026-04-30 22:08:17,128,128,51,91,,,,,0,0,,,
Bogor,Kabupaten Bogor Leuwiliang,2026-04-30 21:00:00,80,69,34,,4,9,0,80,,,,,
Tangerang,Tangerang Pasir Jaya,2026-04-30 21:00:00,115,115,56,,58,63,0,65,,,,,
Bekasi,Bekasi Kayuringin,2026-04-30 21:00:00,58,58,29,,40,15,0,7,,,,,
Jakarta,The Pakubuwono Menteng,2026-04-30 22:09:13,103,103,40,79,,,,,59,28,,,
Depok,Cinere - Nafas,2026-04-30 22:09:17,125,125,51,90,,,,,0,0,,,
Bogor,Kabupaten Bogor Leuwiliang,2026-04-30 21:00:00,80,69,34,,4,9,0,80,,,,,
Tangerang,Tangerang Pasir Jaya,2026-04-30 21:00:00,115,115,56,,58,63,0,65,,,,,
Bekasi,Bekasi Kayuringin,2026-04-30 21:00:00,58,58,29,,40,15,0,7,,,,,
Jakarta,The Pakubuwono Menteng,2026-04-30 22:10:13,96,96,35,75,,,,,59,28,,,
Depok,Cinere - Nafas,2026-04-30 22:10:17,131,131,51,91,,,,,0,0,,,
Bogor,Kabupaten Bogor Leuwiliang,2026-04-30 22:00:00,80,68,33,,4,9,0,80,,,,,
Tangerang,Tangerang Pasir Jaya,2026-04-30 22:00:00,108,108,55,,58,63,0,65,,,,,
Bekasi,Bekasi Kayuringin,2026-04-30 22:00:00,57,57,29,,40,15,0,7,,,,,
Jakarta,The Pakubuwono Menteng,2026-04-30 22:11:13,95,95,35,74,,,,,59,28,,,
Depok,Cinere - Nafas,2026-04-30 22:11:17,126,126,50,90,,,,,0,0,,,
Bogor,Kabupaten Bogor Leuwiliang,2026-04-30 22:00:00,80,68,33,,4,9,0,80,,,,,
Tangerang,Tangerang Pasir Jaya,2026-04-30 22:00:00,108,108,55,,58,63,0,65,,,,,
Bekasi,Bekasi Kayuringin,2026-04-30 22:00:00,57,57,29,,40,15,0,7,,,,,
Jakarta,The Pakubuwono Menteng,2026-04-30 22:12:13,94,94,32,73,,,,,59,28,,,
Depok,Cinere - Nafas,2026-04-30 22:12:17,127,127,51,89,,,,,0,0,,,
Bogor,Kabupaten Bogor Leuwiliang,2026-04-30 22:00:00,80,68,33,,4,9,0,80,,,,,
Tangerang,Tangerang Pasir Jaya,2026-04-30 22:00:00,108,108,55,,58,63,0,65,,,,,
Bekasi,Bekasi Kayuringin,2026-04-30 22:00:00,57,57,29,,40,15,0,7,,,,,
Jakarta,The Pakubuwono Menteng,2026-04-30 22:13:13,94,94,34,75,,,,,60,28,,,
Depok,Cinere - Nafas,2026-04-30 22:13:17,126,126,50,89,,,,,0,0,,,
Bogor,Kabupaten Bogor Leuwiliang,2026-04-30 22:00:00,80,68,33,,4,9,0,80,,,,,
Tangerang,Tangerang Pasir Jaya,2026-04-30 22:00:00,108,108,55,,58,63,0,65,,,,,
Bekasi,Bekasi Kayuringin,2026-04-30 22:00:00,57,57,29,,40,15,0,7,,,,,
Jakarta,The Pakubuwono Menteng,2026-04-30 22:14:13,95,95,35,74,,,,,60,28,,,
Depok,Cinere - Nafas,2026-04-30 22:14:17,123,123,50,89,,,,,0,0,,,
Bogor,Kabupaten Bogor Leuwiliang,2026-04-30 22:00:00,80,68,33,,4,9,0,80,,,,,
Tangerang,Tangerang Pasir Jaya,2026-04-30 22:00:00,108,108,55,,58,63,0,65,,,,,
Bekasi,Bekasi Kayuringin,2026-04-30 22:00:00,57,57,29,,40,15,0,7,,,,,
Jakarta,The Pakubuwono Menteng,2026-04-30 22:16:13,94,94,33,73,,,,,60,28,,,
Depok,Cinere - Nafas,2026-04-30 22:16:17,124,124,50,88,,,,,0,0,,,
Bogor,Kabupaten Bogor Leuwiliang,2026-04-30 22:00:00,80,68,33,,4,9,0,80,,,,,
Tangerang,Tangerang Pasir Jaya,2026-04-30 22:00:00,108,108,55,,58,63,0,65,,,,,
Bekasi,Bekasi Kayuringin,2026-04-30 22:00:00,57,57,29,,40,15,0,7,,,,,
Jakarta,The Pakubuwono Menteng,2026-04-30 22:17:13,94,94,33,73,,,,,60,28,,,
Depok,Cinere - Nafas,2026-04-30 22:17:17,124,124,50,87,,,,,0,0,,,
Bogor,Kabupaten Bogor Leuwiliang,2026-04-30 22:00:00,80,68,33,,4,9,0,80,,,,,
Tangerang,Tangerang Pasir Jaya,2026-04-30 22:00:00,108,108,55,,58,63,0,65,,,,,
Bekasi,Bekasi Kayuringin,2026-04-30 22:00:00,57,57,29,,40,15,0,7,,,,,
Jakarta,The Pakubuwono Menteng,2026-04-30 22:19:13,92,92,32,70,,,,,60,28,,,
Depok,Cinere - Nafas,2026-04-30 22:19:17,123,123,49,87,,,,,0,0,,,
Bogor,Kabupaten Bogor Leuwiliang,2026-04-30 22:00:00,80,68,33,,4,9,0,80,,,,,
Tangerang,Tangerang Pasir Jaya,2026-04-30 22:00:00,108,108,55,,58,63,0,65,,,,,
Bekasi,Bekasi Kayuringin,2026-04-30 22:00:00,57,57,29,,40,15,0,7,,,,,
Jakarta,The Pakubuwono Menteng,2026-04-30 22:20:13,90,90,31,71,,,,,59,28,,,
Depok,Cinere - Nafas,2026-04-30 22:20:17,121,121,50,84,,,,,0,0,,,
Bogor,Kabupaten Bogor Leuwiliang,2026-04-30 22:00:00,80,68,33,,4,9,0,80,,,,,
Tangerang,Tangerang Pasir Jaya,2026-04-30 22:00:00,108,108,55,,58,63,0,65,,,,,
Bekasi,Bekasi Kayuringin,2026-04-30 22:00:00,57,57,29,,40,15,0,7,,,,,
Jakarta,The Pakubuwono Menteng,2026-04-30 22:21:13,88,88,31,71,,,,,59,28,,,
Depok,Cinere - Nafas,2026-04-30 22:21:17,123,123,50,88,,,,,0,0,,,
Bogor,Kabupaten Bogor Leuwiliang,2026-04-30 22:00:00,80,68,33,,4,9,0,80,,,,,
Tangerang,Tangerang Pasir Jaya,2026-04-30 22:00:00,108,108,55,,58,63,0,65,,,,,
Bekasi,Bekasi Kayuringin,2026-04-30 22:00:00,57,57,29,,40,15,0,7,,,,,
Jakarta,The Pakubuwono Menteng,2026-04-30 22:22:13,92,92,32,71,,,,,60,28,,,
Depok,Cinere - Nafas,2026-04-30 22:22:18,117,117,46,86,,,,,0,0,,,
Bogor,Kabupaten Bogor Leuwiliang,2026-04-30 22:00:00,80,68,33,,4,9,0,80,,,,,
Tangerang,Tangerang Pasir Jaya,2026-04-30 22:00:00,108,108,55,,58,63,0,65,,,,,
Bekasi,Bekasi Kayuringin,2026-04-30 22:00:00,57,57,29,,40,15,0,7,,,,,
Jakarta,The Pakubuwono Menteng,2026-04-30 22:23:13,90,90,32,70,,,,,60,27.9,,,
Depok,Cinere - Nafas,2026-04-30 22:23:17,123,123,50,86,,,,,0,0,,,
Bogor,Kabupaten Bogor Leuwiliang,2026-04-30 22:00:00,80,68,33,,4,9,0,80,,,,,
Tangerang,Tangerang Pasir Jaya,2026-04-30 22:00:00,108,108,55,,58,63,0,65,,,,,
Bekasi,Bekasi Kayuringin,2026-04-30 22:00:00,57,57,29,,40,15,0,7,,,,,
Jakarta,The Pakubuwono Menteng,2026-04-30 22:23:13,90,90,32,70,,,,,60,27.9,,,
Depok,Cinere - Nafas,2026-04-30 22:23:17,123,123,50,86,,,,,0,0,,,
Bogor,Kabupaten Bogor Leuwiliang,2026-04-30 22:00:00,80,68,33,,4,9,0,80,,,,,
Tangerang,Tangerang Pasir Jaya,2026-04-30 22:00:00,108,108,55,,58,63,0,65,,,,,
Bekasi,Bekasi Kayuringin,2026-04-30 22:00:00,57,57,29,,40,15,0,7,,,,,
Jakarta,The Pakubuwono Menteng,2026-04-30 22:26:13,92,92,32,71,,,,,60,28,,,
Depok,Cinere - Nafas,2026-04-30 22:26:17,119,119,45,85,,,,,0,0,,,
Bogor,Kabupaten Bogor Leuwiliang,2026-04-30 22:00:00,80,68,33,,4,9,0,80,,,,,
Tangerang,Tangerang Pasir Jaya,2026-04-30 22:00:00,108,108,55,,58,63,0,65,,,,,
Bekasi,Bekasi Kayuringin,2026-04-30 22:00:00,57,57,29,,40,15,0,7,,,,,
Jakarta,The Pakubuwono Menteng,2026-04-30 22:27:13,91,91,32,71,,,,,60,28,,,
Depok,Cinere - Nafas,2026-04-30 22:27:17,117,117,45,84,,,,,0,0,,,
Bogor,Kabupaten Bogor Leuwiliang,2026-04-30 22:00:00,80,68,33,,4,9,0,80,,,,,
Tangerang,Tangerang Pasir Jaya,2026-04-30 22:00:00,108,108,55,,58,63,0,65,,,,,
Bekasi,Bekasi Kayuringin,2026-04-30 22:00:00,57,57,29,,40,15,0,7,,,,,
Jakarta,The Pakubuwono Menteng,2026-04-30 22:28:13,91,91,31,71,,,,,60,28,,,
Depok,Cinere - Nafas,2026-04-30 22:28:17,117,117,46,85,,,,,0,0,,,
Bogor,Kabupaten Bogor Leuwiliang,2026-04-30 22:00:00,80,68,33,,4,9,0,80,,,,,
Tangerang,Tangerang Pasir Jaya,2026-04-30 22:00:00,108,108,55,,58,63,0,65,,,,,
Bekasi,Bekasi Kayuringin,2026-04-30 22:00:00,57,57,29,,40,15,0,7,,,,,
Jakarta,The Pakubuwono Menteng,2026-04-30 22:29:13,93,93,33,72,,,,,60,28,,,
Depok,Cinere - Nafas,2026-04-30 22:29:17,119,119,47,86,,,,,0,0,,,
Bogor,Kabupaten Bogor Leuwiliang,2026-04-30 22:00:00,80,68,33,,4,9,0,80,,,,,
Tangerang,Tangerang Pasir Jaya,2026-04-30 22:00:00,108,108,55,,58,63,0,65,,,,,
Bekasi,Bekasi Kayuringin,2026-04-30 22:00:00,57,57,29,,40,15,0,7,,,,,
Jakarta,The Pakubuwono Menteng,2026-04-30 22:30:13,96,96,34,74,,,,,60,28,,,
Depok,Cinere - Nafas,2026-04-30 22:30:17,119,119,48,85,,,,,0,0,,,
Bogor,Kabupaten Bogor Leuwiliang,2026-04-30 22:00:00,80,68,33,,4,9,0,80,,,,,
Tangerang,Tangerang Pasir Jaya,2026-04-30 22:00:00,108,108,55,,58,63,0,65,,,,,
Bekasi,Bekasi Kayuringin,2026-04-30 22:00:00,57,57,29,,40,15,0,7,,,,,
Jakarta,The Pakubuwono Menteng,2026-04-30 22:31:13,92,92,32,73,,,,,60,28,,,
Depok,Cinere - Nafas,2026-04-30 22:31:17,118,118,48,85,,,,,0,0,,,
Bogor,Kabupaten Bogor Leuwiliang,2026-04-30 22:00:00,80,68,33,,4,9,0,80,,,,,
Tangerang,Tangerang Pasir Jaya,2026-04-30 22:00:00,108,108,55,,58,63,0,65,,,,,
Bekasi,Bekasi Kayuringin,2026-04-30 22:00:00,57,57,29,,40,15,0,7,,,,,
Jakarta,The Pakubuwono Menteng,2026-04-30 22:33:13,91,91,30,72,,,,,60,28.1,,,
Depok,Cinere - Nafas,2026-04-30 22:33:17,119,119,47,85,,,,,0,0,,,
Bogor,Kabupaten Bogor Leuwiliang,2026-04-30 22:00:00,80,68,33,,4,9,0,80,,,,,
Tangerang,Tangerang Pasir Jaya,2026-04-30 22:00:00,108,108,55,,58,63,0,65,,,,,
Bekasi,Bekasi Kayuringin,2026-04-30 22:00:00,57,57,29,,40,15,0,7,,,,,
Jakarta,The Pakubuwono Menteng,2026-04-30 22:34:13,95,95,34,73,,,,,59,28.1,,,
Depok,Cinere - Nafas,2026-04-30 22:34:17,120,120,48,87,,,,,0,0,,,
Bogor,Kabupaten Bogor Leuwiliang,2026-04-30 22:00:00,80,68,33,,4,9,0,80,,,,,
Tangerang,Tangerang Pasir Jaya,2026-04-30 22:00:00,108,108,55,,58,63,0,65,,,,,
Bekasi,Bekasi Kayuringin,2026-04-30 22:00:00,57,57,29,,40,15,0,7,,,,,
Jakarta,The Pakubuwono Menteng,2026-04-30 22:36:14,92,92,30,73,,,,,59,28.1,,,
Depok,Cinere - Nafas,2026-04-30 22:36:18,123,123,49,89,,,,,0,0,,,
Bogor,Kabupaten Bogor Leuwiliang,2026-04-30 22:00:00,80,68,33,,4,9,0,80,,,,,
Tangerang,Tangerang Pasir Jaya,2026-04-30 22:00:00,108,108,55,,58,63,0,65,,,,,
Bekasi,Bekasi Kayuringin,2026-04-30 22:00:00,57,57,29,,40,15,0,7,,,,,
Jakarta,The Pakubuwono Menteng,2026-04-30 22:36:14,92,92,30,73,,,,,59,28.1,,,
Depok,Cinere - Nafas,2026-04-30 22:36:18,123,123,49,89,,,,,0,0,,,
Bogor,Kabupaten Bogor Leuwiliang,2026-04-30 22:00:00,80,68,33,,4,9,0,80,,,,,
Tangerang,Tangerang Pasir Jaya,2026-04-30 22:00:00,108,108,55,,58,63,0,65,,,,,
Bekasi,Bekasi Kayuringin,2026-04-30 22:00:00,57,57,29,,40,15,0,7,,,,,
Jakarta,The Pakubuwono Menteng,2026-04-30 22:37:13,90,90,30,71,,,,,59,28.1,,,
Depok,Cinere - Nafas,2026-04-30 22:37:17,123,123,50,87,,,,,0,0,,,
Bogor,Kabupaten Bogor Leuwiliang,2026-04-30 22:00:00,80,68,33,,4,9,0,80,,,,,
Tangerang,Tangerang Pasir Jaya,2026-04-30 22:00:00,108,108,55,,58,63,0,65,,,,,
Bekasi,Bekasi Kayuringin,2026-04-30 22:00:00,57,57,29,,40,15,0,7,,,,,
Jakarta,The Pakubuwono Menteng,2026-04-30 22:38:13,95,95,34,72,,,,,59,28.1,,,
Depok,Cinere - Nafas,2026-04-30 22:38:17,121,121,50,88,,,,,0,0,,,
Bogor,Kabupaten Bogor Leuwiliang,2026-04-30 22:00:00,80,68,33,,4,9,0,80,,,,,
Tangerang,Tangerang Pasir Jaya,2026-04-30 22:00:00,108,108,55,,58,63,0,65,,,,,
Bekasi,Bekasi Kayuringin,2026-04-30 22:00:00,57,57,29,,40,15,0,7,,,,,
Jakarta,The Pakubuwono Menteng,2026-04-30 22:40:13,91,91,31,72,,,,,60,28.1,,,
Depok,Cinere - Nafas,2026-04-30 22:40:18,119,119,48,85,,,,,0,0,,,
Bogor,Kabupaten Bogor Leuwiliang,2026-04-30 22:00:00,80,68,33,,4,9,0,80,,,,,
Tangerang,Tangerang Pasir Jaya,2026-04-30 22:00:00,108,108,55,,58,63,0,65,,,,,
Bekasi,Bekasi Kayuringin,2026-04-30 22:00:00,57,57,29,,40,15,0,7,,,,,
Jakarta,The Pakubuwono Menteng,2026-04-30 22:41:13,91,91,32,70,,,,,59,28.1,,,
Depok,Cinere - Nafas,2026-04-30 22:41:18,125,125,50,88,,,,,0,0,,,
Bogor,Kabupaten Bogor Leuwiliang,2026-04-30 22:00:00,80,68,33,,4,9,0,80,,,,,
Tangerang,Tangerang Pasir Jaya,2026-04-30 22:00:00,108,108,55,,58,63,0,65,,,,,
Bekasi,Bekasi Kayuringin,2026-04-30 22:00:00,57,57,29,,40,15,0,7,,,,,
Jakarta,The Pakubuwono Menteng,2026-04-30 22:42:14,92,92,32,70,,,,,59,28.1,,,
Depok,Cinere - Nafas,2026-04-30 22:42:17,123,123,50,90,,,,,0,0,,,
Bogor,Kabupaten Bogor Leuwiliang,2026-04-30 22:00:00,80,68,33,,4,9,0,80,,,,,
Tangerang,Tangerang Pasir Jaya,2026-04-30 22:00:00,108,108,55,,58,63,0,65,,,,,
Bekasi,Bekasi Kayuringin,2026-04-30 22:00:00,57,57,29,,40,15,0,7,,,,,
Jakarta,The Pakubuwono Menteng,2026-04-30 22:43:14,94,94,32,73,,,,,59,28.1,,,
Depok,Cinere - Nafas,2026-04-30 22:43:17,123,123,50,90,,,,,0,0,,,
Bogor,Kabupaten Bogor Leuwiliang,2026-04-30 22:00:00,80,68,33,,4,9,0,80,,,,,
Tangerang,Tangerang Pasir Jaya,2026-04-30 22:00:00,108,108,55,,58,63,0,65,,,,,
Bekasi,Bekasi Kayuringin,2026-04-30 22:00:00,57,57,29,,40,15,0,7,,,,,
Jakarta,The Pakubuwono Menteng,2026-04-30 22:45:14,94,94,32,75,,,,,59,28.1,,,
Depok,Cinere - Nafas,2026-04-30 22:45:17,138,138,54,96,,,,,0,0,,,
Bogor,Kabupaten Bogor Leuwiliang,2026-04-30 22:00:00,80,68,33,,4,9,0,80,,,,,
Tangerang,Tangerang Pasir Jaya,2026-04-30 22:00:00,108,108,55,,58,63,0,65,,,,,
Bekasi,Bekasi Kayuringin,2026-04-30 22:00:00,57,57,29,,40,15,0,7,,,,,
Jakarta,The Pakubuwono Menteng,2026-04-30 22:47:14,90,90,32,70,,,,,59,28.1,,,
Depok,Cinere - Nafas,2026-04-30 22:47:17,153,153,59,115,,,,,0,0,,,
Bogor,Kabupaten Bogor Leuwiliang,2026-04-30 22:00:00,80,68,33,,4,9,0,80,,,,,
Tangerang,Tangerang Pasir Jaya,2026-04-30 22:00:00,108,108,55,,58,63,0,65,,,,,
Bekasi,Bekasi Kayuringin,2026-04-30 22:00:00,57,57,29,,40,15,0,7,,,,,
Jakarta,The Pakubuwono Menteng,2026-04-30 22:48:14,86,86,31,70,,,,,59,28.1,,,
Depok,Cinere - Nafas,2026-04-30 22:48:17,163,163,66,143,,,,,0,0,,,
Bogor,Kabupaten Bogor Leuwiliang,2026-04-30 22:00:00,80,68,33,,4,9,0,80,,,,,
Tangerang,Tangerang Pasir Jaya,2026-04-30 22:00:00,108,108,55,,58,63,0,65,,,,,
Bekasi,Bekasi Kayuringin,2026-04-30 22:00:00,57,57,29,,40,15,0,7,,,,,
Jakarta,The Pakubuwono Menteng,2026-04-30 22:48:14,86,86,31,70,,,,,59,28.1,,,
Depok,Cinere - Nafas,2026-04-30 22:49:17,161,161,64,134,,,,,0,0,,,
Bogor,Kabupaten Bogor Leuwiliang,2026-04-30 22:00:00,80,68,33,,4,9,0,80,,,,,
Tangerang,Tangerang Pasir Jaya,2026-04-30 22:00:00,108,108,55,,58,63,0,65,,,,,
Bekasi,Bekasi Kayuringin,2026-04-30 22:00:00,57,57,29,,40,15,0,7,,,,,
Jakarta,The Pakubuwono Menteng,2026-04-30 22:49:14,87,87,30,70,,,,,59,28.1,,,
Depok,Cinere - Nafas,2026-04-30 22:49:17,161,161,64,134,,,,,0,0,,,
Bogor,Kabupaten Bogor Leuwiliang,2026-04-30 22:00:00,80,68,33,,4,9,0,80,,,,,
Tangerang,Tangerang Pasir Jaya,2026-04-30 22:00:00,108,108,55,,58,63,0,65,,,,,
Bekasi,Bekasi Kayuringin,2026-04-30 22:00:00,57,57,29,,40,15,0,7,,,,,
Jakarta,The Pakubuwono Menteng,2026-04-30 22:50:14,91,91,30,72,,,,,59,28.2,,,
Depok,Cinere - Nafas,2026-04-30 22:50:17,168,168,72,152,,,,,0,0,,,
Bogor,Kabupaten Bogor Leuwiliang,2026-04-30 22:00:00,80,68,33,,4,9,0,80,,,,,
Tangerang,Tangerang Pasir Jaya,2026-04-30 22:00:00,108,108,55,,58,63,0,65,,,,,
Bekasi,Bekasi Kayuringin,2026-04-30 22:00:00,57,57,29,,40,15,0,7,,,,,
Jakarta,The Pakubuwono Menteng,2026-04-30 22:51:14,86,86,29,71,,,,,59,28.2,,,
Depok,Cinere - Nafas,2026-04-30 22:51:18,171,171,75,154,,,,,0,0,,,
Bogor,Kabupaten Bogor Leuwiliang,2026-04-30 22:00:00,80,68,33,,4,9,0,80,,,,,
Tangerang,Tangerang Pasir Jaya,2026-04-30 22:00:00,108,108,55,,58,63,0,65,,,,,
Bekasi,Bekasi Kayuringin,2026-04-30 22:00:00,57,57,29,,40,15,0,7,,,,,
Jakarta,The Pakubuwono Menteng,2026-04-30 22:53:14,88,88,28,69,,,,,59,28.2,,,
Depok,Cinere - Nafas,2026-04-30 22:53:18,173,173,77,156,,,,,0,0,,,
Bogor,Kabupaten Bogor Leuwiliang,2026-04-30 22:00:00,80,68,33,,4,9,0,80,,,,,
Tangerang,Tangerang Pasir Jaya,2026-04-30 22:00:00,108,108,55,,58,63,0,65,,,,,
Bekasi,Bekasi Kayuringin,2026-04-30 22:00:00,57,57,29,,40,15,0,7,,,,,
Jakarta,The Pakubuwono Menteng,2026-04-30 22:55:14,88,88,30,70,,,,,59,28.2,,,
Depok,Cinere - Nafas,2026-04-30 22:55:18,169,169,72,153,,,,,0,0,,,
Bogor,Kabupaten Bogor Leuwiliang,2026-04-30 22:00:00,80,68,33,,4,9,0,80,,,,,
Tangerang,Tangerang Pasir Jaya,2026-04-30 22:00:00,108,108,55,,58,63,0,65,,,,,
Bekasi,Bekasi Kayuringin,2026-04-30 22:00:00,57,57,29,,40,15,0,7,,,,,
Jakarta,The Pakubuwono Menteng,2026-04-30 22:56:14,88,88,28,72,,,,,59,28.2,,,
Depok,Cinere - Nafas,2026-04-30 22:56:18,170,170,73,152,,,,,0,0,,,
Bogor,Kabupaten Bogor Leuwiliang,2026-04-30 22:00:00,80,68,33,,4,9,0,80,,,,,
Tangerang,Tangerang Pasir Jaya,2026-04-30 22:00:00,108,108,55,,58,63,0,65,,,,,
Bekasi,Bekasi Kayuringin,2026-04-30 22:00:00,57,57,29,,40,15,0,7,,,,,
Jakarta,The Pakubuwono Menteng,2026-04-30 22:57:14,88,88,29,70,,,,,59,28.2,,,
Depok,Cinere - Nafas,2026-04-30 22:57:18,166,166,70,151,,,,,0,0,,,
Bogor,Kabupaten Bogor Leuwiliang,2026-04-30 22:00:00,80,68,33,,4,9,0,80,,,,,
Tangerang,Tangerang Pasir Jaya,2026-04-30 22:00:00,108,108,55,,58,63,0,65,,,,,
Bekasi,Bekasi Kayuringin,2026-04-30 22:00:00,57,57,29,,40,15,0,7,,,,,
Jakarta,The Pakubuwono Menteng,2026-04-30 22:58:14,86,86,28,70,,,,,59,28.2,,,
Depok,Cinere - Nafas,2026-04-30 22:58:18,161,161,63,141,,,,,0,0,,,
Bogor,Kabupaten Bogor Leuwiliang,2026-04-30 22:00:00,80,68,33,,4,9,0,80,,,,,
Tangerang,Tangerang Pasir Jaya,2026-04-30 22:00:00,108,108,55,,58,63,0,65,,,,,
Bekasi,Bekasi Kayuringin,2026-04-30 22:00:00,57,57,29,,40,15,0,7,,,,,
Jakarta,The Pakubuwono Menteng,2026-04-30 23:00:14,84,84,26,66,,,,,59,28.2,,,
Depok,Cinere - Nafas,2026-04-30 23:00:18,159,159,62,131,,,,,0,0,,,
Bogor,Kabupaten Bogor Leuwiliang,2026-04-30 22:00:00,80,68,33,,4,9,0,80,,,,,
Tangerang,Tangerang Pasir Jaya,2026-04-30 22:00:00,108,108,55,,58,63,0,65,,,,,
Bekasi,Bekasi Kayuringin,2026-04-30 22:00:00,57,57,29,,40,15,0,7,,,,,
Jakarta,The Pakubuwono Menteng,2026-04-30 23:00:14,84,84,26,66,,,,,59,28.2,,,
Depok,Cinere - Nafas,2026-04-30 23:00:18,159,159,62,131,,,,,0,0,,,
Bogor,Kabupaten Bogor Leuwiliang,2026-04-30 22:00:00,80,68,33,,4,9,0,80,,,,,
Tangerang,Tangerang Pasir Jaya,2026-04-30 22:00:00,108,108,55,,58,63,0,65,,,,,
Bekasi,Bekasi Kayuringin,2026-04-30 22:00:00,57,57,29,,40,15,0,7,,,,,
Jakarta,The Pakubuwono Menteng,2026-04-30 23:01:14,90,90,31,70,,,,,59,28.3,,,
Depok,Cinere - Nafas,2026-04-30 23:01:18,151,151,57,109,,,,,0,0,,,
Bogor,Kabupaten Bogor Leuwiliang,2026-04-30 22:00:00,80,68,33,,4,9,0,80,,,,,
Tangerang,Tangerang Pasir Jaya,2026-04-30 22:00:00,108,108,55,,58,63,0,65,,,,,
Bekasi,Bekasi Kayuringin,2026-04-30 22:00:00,57,57,29,,40,15,0,7,,,,,
Jakarta,The Pakubuwono Menteng,2026-04-30 23:03:14,87,87,27,70,,,,,59,28.3,,,
Depok,Cinere - Nafas,2026-04-30 23:03:18,141,141,56,101,,,,,0,0,,,
Bogor,Kabupaten Bogor Leuwiliang,2026-04-30 22:00:00,80,68,33,,4,9,0,80,,,,,
Tangerang,Tangerang Pasir Jaya,2026-04-30 22:00:00,108,108,55,,58,63,0,65,,,,,
Bekasi,Bekasi Kayuringin,2026-04-30 22:00:00,57,57,29,,40,15,0,7,,,,,
Jakarta,The Pakubuwono Menteng,2026-04-30 23:04:14,87,87,29,70,,,,,59,28.3,,,
Depok,Cinere - Nafas,2026-04-30 23:04:18,137,137,54,97,,,,,0,0,,,
Bogor,Kabupaten Bogor Leuwiliang,2026-04-30 22:00:00,80,68,33,,4,9,0,80,,,,,
Tangerang,Tangerang Pasir Jaya,2026-04-30 22:00:00,108,108,55,,58,63,0,65,,,,,
Bekasi,Bekasi Kayuringin,2026-04-30 22:00:00,57,57,29,,40,15,0,7,,,,,
Jakarta,The Pakubuwono Menteng,2026-04-30 23:05:14,86,86,27,69,,,,,59,28.3,,,
Depok,Cinere - Nafas,2026-04-30 23:05:18,139,139,55,99,,,,,0,0,,,
Bogor,Kabupaten Bogor Leuwiliang,2026-04-30 22:00:00,80,68,33,,4,9,0,80,,,,,
Tangerang,Tangerang Pasir Jaya,2026-04-30 22:00:00,108,108,55,,58,63,0,65,,,,,
Bekasi,Bekasi Kayuringin,2026-04-30 22:00:00,57,57,29,,40,15,0,7,,,,,
Jakarta,The Pakubuwono Menteng,2026-04-30 23:07:14,82,82,26,69,,,,,59,28.4,,,
Depok,Cinere - Nafas,2026-04-30 23:07:18,140,140,55,99,,,,,0,0,,,
Bogor,Kabupaten Bogor Leuwiliang,2026-04-30 22:00:00,80,68,33,,4,9,0,80,,,,,
Tangerang,Tangerang Pasir Jaya,2026-04-30 22:00:00,108,108,55,,58,63,0,65,,,,,
Bekasi,Bekasi Kayuringin,2026-04-30 22:00:00,57,57,29,,40,15,0,7,,,,,
Jakarta,The Pakubuwono Menteng,2026-04-30 23:08:14,87,87,29,70,,,,,59,28.4,,,
Depok,Cinere - Nafas,2026-04-30 23:08:18,139,139,54,96,,,,,0,0,,,
Bogor,Kabupaten Bogor Leuwiliang,2026-04-30 22:00:00,80,68,33,,4,9,0,80,,,,,
Tangerang,Tangerang Pasir Jaya,2026-04-30 22:00:00,108,108,55,,58,63,0,65,,,,,
Bekasi,Bekasi Kayuringin,2026-04-30 22:00:00,57,57,29,,40,15,0,7,,,,,
Jakarta,The Pakubuwono Menteng,2026-04-30 23:09:14,85,85,27,70,,,,,59,28.4,,,
Depok,Cinere - Nafas,2026-04-30 23:09:18,138,138,54,96,,,,,0,0,,,
Bogor,Kabupaten Bogor Leuwiliang,2026-04-30 23:00:00,80,66,32,,4,9,0,80,,,,,
Tangerang,Tangerang Pasir Jaya,2026-04-30 23:00:00,100,100,54,,58,63,0,65,,,,,
Bekasi,Bekasi Kayuringin,2026-04-30 23:00:00,55,55,28,,40,15,0,7,,,,,
Jakarta,The Pakubuwono Menteng,2026-04-30 23:10:14,86,86,27,68,,,,,59,28.4,,,
Depok,Cinere - Nafas,2026-04-30 23:10:18,137,137,53,95,,,,,0,0,,,
Bogor,Kabupaten Bogor Leuwiliang,2026-04-30 23:00:00,80,66,32,,4,9,0,80,,,,,
Tangerang,Tangerang Pasir Jaya,2026-04-30 23:00:00,100,100,54,,58,63,0,65,,,,,
Bekasi,Bekasi Kayuringin,2026-04-30 23:00:00,55,55,28,,40,15,0,7,,,,,
Jakarta,The Pakubuwono Menteng,2026-04-30 23:11:16,86,86,29,71,,,,,59,28.4,,,
Depok,Cinere - Nafas,2026-04-30 23:11:18,135,135,53,95,,,,,0,0,,,
Bogor,Kabupaten Bogor Leuwiliang,2026-04-30 23:00:00,80,66,32,,4,9,0,80,,,,,
Tangerang,Tangerang Pasir Jaya,2026-04-30 23:00:00,100,100,54,,58,63,0,65,,,,,
Bekasi,Bekasi Kayuringin,2026-04-30 23:00:00,55,55,28,,40,15,0,7,,,,,
Jakarta,The Pakubuwono Menteng,2026-04-30 23:12:14,85,85,27,68,,,,,59,28.4,,,
Depok,Cinere - Nafas,2026-04-30 23:12:18,133,133,53,94,,,,,0,0,,,
Bogor,Kabupaten Bogor Leuwiliang,2026-04-30 23:00:00,80,66,32,,4,9,0,80,,,,,
Tangerang,Tangerang Pasir Jaya,2026-04-30 23:00:00,100,100,54,,58,63,0,65,,,,,
Bekasi,Bekasi Kayuringin,2026-04-30 23:00:00,55,55,28,,40,15,0,7,,,,,
Jakarta,The Pakubuwono Menteng,2026-04-30 23:14:14,88,88,31,70,,,,,59,28.4,,,
Depok,Cinere - Nafas,2026-04-30 23:14:18,133,133,53,93,,,,,0,0,,,
Bogor,Kabupaten Bogor Leuwiliang,2026-04-30 23:00:00,80,66,32,,4,9,0,80,,,,,
Tangerang,Tangerang Pasir Jaya,2026-04-30 23:00:00,100,100,54,,58,63,0,65,,,,,
Bekasi,Bekasi Kayuringin,2026-04-30 23:00:00,55,55,28,,40,15,0,7,,,,,
Jakarta,The Pakubuwono Menteng,2026-04-30 23:16:14,93,93,34,71,,,,,59,28.5,,,
Depok,Cinere - Nafas,2026-04-30 23:16:18,130,130,52,92,,,,,0,0,,,
Bogor,Kabupaten Bogor Leuwiliang,2026-04-30 23:00:00,80,66,32,,4,9,0,80,,,,,
Tangerang,Tangerang Pasir Jaya,2026-04-30 23:00:00,100,100,54,,58,63,0,65,,,,,
Bekasi,Bekasi Kayuringin,2026-04-30 23:00:00,55,55,28,,40,15,0,7,,,,,
Jakarta,The Pakubuwono Menteng,2026-04-30 23:17:14,87,87,27,70,,,,,59,28.5,,,
Depok,Cinere - Nafas,2026-04-30 23:17:18,131,131,52,90,,,,,0,0,,,
Bogor,Kabupaten Bogor Leuwiliang,2026-04-30 23:00:00,80,66,32,,4,9,0,80,,,,,
Tangerang,Tangerang Pasir Jaya,2026-04-30 23:00:00,100,100,54,,58,63,0,65,,,,,
Bekasi,Bekasi Kayuringin,2026-04-30 23:00:00,55,55,28,,40,15,0,7,,,,,
Jakarta,The Pakubuwono Menteng,2026-04-30 23:18:14,87,87,29,70,,,,,59,28.5,,,
Depok,Cinere - Nafas,2026-04-30 23:18:18,125,125,51,89,,,,,0,0,,,
Bogor,Kabupaten Bogor Leuwiliang,2026-04-30 23:00:00,80,66,32,,4,9,0,80,,,,,
Tangerang,Tangerang Pasir Jaya,2026-04-30 23:00:00,100,100,54,,58,63,0,65,,,,,
Bekasi,Bekasi Kayuringin,2026-04-30 23:00:00,55,55,28,,40,15,0,7,,,,,
Jakarta,The Pakubuwono Menteng,2026-04-30 23:19:14,89,89,30,70,,,,,59,28.5,,,
Depok,Cinere - Nafas,2026-04-30 23:19:18,127,127,50,89,,,,,0,0,,,
Bogor,Kabupaten Bogor Leuwiliang,2026-04-30 23:00:00,80,66,32,,4,9,0,80,,,,,
Tangerang,Tangerang Pasir Jaya,2026-04-30 23:00:00,100,100,54,,58,63,0,65,,,,,
Bekasi,Bekasi Kayuringin,2026-04-30 23:00:00,55,55,28,,40,15,0,7,,,,,
Jakarta,The Pakubuwono Menteng,2026-04-30 23:20:14,83,83,27,66,,,,,59,28.5,,,
Depok,Cinere - Nafas,2026-04-30 23:20:18,125,125,50,89,,,,,0,0,,,
Bogor,Kabupaten Bogor Leuwiliang,2026-04-30 23:00:00,80,66,32,,4,9,0,80,,,,,
Tangerang,Tangerang Pasir Jaya,2026-04-30 23:00:00,100,100,54,,58,63,0,65,,,,,
Bekasi,Bekasi Kayuringin,2026-04-30 23:00:00,55,55,28,,40,15,0,7,,,,,
Jakarta,The Pakubuwono Menteng,2026-04-30 23:21:14,91,91,31,73,,,,,59,28.5,,,
Depok,Cinere - Nafas,2026-04-30 23:21:18,125,125,51,89,,,,,0,0,,,
Bogor,Kabupaten Bogor Leuwiliang,2026-04-30 23:00:00,80,66,32,,4,9,0,80,,,,,
Tangerang,Tangerang Pasir Jaya,2026-04-30 23:00:00,100,100,54,,58,63,0,65,,,,,
Bekasi,Bekasi Kayuringin,2026-04-30 23:00:00,55,55,28,,40,15,0,7,,,,,
Jakarta,The Pakubuwono Menteng,2026-04-30 23:22:14,91,91,32,73,,,,,59,28.5,,,
Depok,Cinere - Nafas,2026-04-30 23:24:18,124,124,51,88,,,,,0,0,,,
Bogor,Kabupaten Bogor Leuwiliang,2026-04-30 23:00:00,80,66,32,,4,9,0,80,,,,,
Tangerang,Tangerang Pasir Jaya,2026-04-30 23:00:00,100,100,54,,58,63,0,65,,,,,
Bekasi,Bekasi Kayuringin,2026-04-30 23:00:00,55,55,28,,40,15,0,7,,,,,
Jakarta,The Pakubuwono Menteng,2026-04-30 23:23:15,91,91,31,71,,,,,59,28.5,,,
Depok,Cinere - Nafas,2026-04-30 23:24:18,124,124,51,88,,,,,0,0,,,
Bogor,Kabupaten Bogor Leuwiliang,2026-04-30 23:00:00,80,66,32,,4,9,0,80,,,,,
Tangerang,Tangerang Pasir Jaya,2026-04-30 23:00:00,100,100,54,,58,63,0,65,,,,,
Bekasi,Bekasi Kayuringin,2026-04-30 23:00:00,55,55,28,,40,15,0,7,,,,,
Jakarta,The Pakubuwono Menteng,2026-04-30 23:25:15,86,86,27,71,,,,,59,28.6,,,
Depok,Cinere - Nafas,2026-04-30 23:25:18,124,124,50,90,,,,,0,0,,,
Bogor,Kabupaten Bogor Leuwiliang,2026-04-30 23:00:00,80,66,32,,4,9,0,80,,,,,
Tangerang,Tangerang Pasir Jaya,2026-04-30 23:00:00,100,100,54,,58,63,0,65,,,,,
Bekasi,Bekasi Kayuringin,2026-04-30 23:00:00,55,55,28,,40,15,0,7,,,,,
Jakarta,The Pakubuwono Menteng,2026-04-30 23:26:15,85,85,26,70,,,,,59,28.5,,,
Depok,Cinere - Nafas,2026-04-30 23:26:18,123,123,49,89,,,,,0,0,,,
Bogor,Kabupaten Bogor Leuwiliang,2026-04-30 23:00:00,80,66,32,,4,9,0,80,,,,,
Tangerang,Tangerang Pasir Jaya,2026-04-30 23:00:00,100,100,54,,58,63,0,65,,,,,
Bekasi,Bekasi Kayuringin,2026-04-30 23:00:00,55,55,28,,40,15,0,7,,,,,
Jakarta,The Pakubuwono Menteng,2026-04-30 23:27:15,88,88,27,71,,,,,59,28.6,,,
Depok,Cinere - Nafas,2026-04-30 23:27:18,125,125,50,89,,,,,0,0,,,
Bogor,Kabupaten Bogor Leuwiliang,2026-04-30 23:00:00,80,66,32,,4,9,0,80,,,,,
Tangerang,Tangerang Pasir Jaya,2026-04-30 23:00:00,100,100,54,,58,63,0,65,,,,,
Bekasi,Bekasi Kayuringin,2026-04-30 23:00:00,55,55,28,,40,15,0,7,,,,,
Jakarta,The Pakubuwono Menteng,2026-04-30 23:28:15,83,83,27,71,,,,,59,28.6,,,
Depok,Cinere - Nafas,2026-04-30 23:28:18,130,130,52,88,,,,,0,0,,,
Bogor,Kabupaten Bogor Leuwiliang,2026-04-30 23:00:00,80,66,32,,4,9,0,80,,,,,
Tangerang,Tangerang Pasir Jaya,2026-04-30 23:00:00,100,100,54,,58,63,0,65,,,,,
Bekasi,Bekasi Kayuringin,2026-04-30 23:00:00,55,55,28,,40,15,0,7,,,,,
Jakarta,The Pakubuwono Menteng,2026-04-30 23:30:15,88,88,30,70,,,,,59,28.6,,,
Depok,Cinere - Nafas,2026-04-30 23:30:18,125,125,50,89,,,,,0,0,,,
Bogor,Kabupaten Bogor Leuwiliang,2026-04-30 23:00:00,80,66,32,,4,9,0,80,,,,,
Tangerang,Tangerang Pasir Jaya,2026-04-30 23:00:00,100,100,54,,58,63,0,65,,,,,
Bekasi,Bekasi Kayuringin,2026-04-30 23:00:00,55,55,28,,40,15,0,7,,,,,
Jakarta,The Pakubuwono Menteng,2026-04-30 23:31:15,87,87,27,71,,,,,59,28.6,,,
Depok,Cinere - Nafas,2026-04-30 23:31:18,126,126,52,88,,,,,0,0,,,
Bogor,Kabupaten Bogor Leuwiliang,2026-04-30 23:00:00,80,66,32,,4,9,0,80,,,,,
Tangerang,Tangerang Pasir Jaya,2026-04-30 23:00:00,100,100,54,,58,63,0,65,,,,,
Bekasi,Bekasi Kayuringin,2026-04-30 23:00:00,55,55,28,,40,15,0,7,,,,,
Jakarta,The Pakubuwono Menteng,2026-04-30 23:33:15,87,87,28,70,,,,,59,28.6,,,
Depok,Cinere - Nafas,2026-04-30 23:33:18,130,130,52,94,,,,,0,0,,,
Bogor,Kabupaten Bogor Leuwiliang,2026-04-30 23:00:00,80,66,32,,4,9,0,80,,,,,
Tangerang,Tangerang Pasir Jaya,2026-04-30 23:00:00,100,100,54,,58,63,0,65,,,,,
Bekasi,Bekasi Kayuringin,2026-04-30 23:00:00,55,55,28,,40,15,0,7,,,,,
Jakarta,The Pakubuwono Menteng,2026-04-30 23:34:15,94,94,33,73,,,,,59,28.6,,,
Depok,Cinere - Nafas,2026-04-30 23:34:18,136,136,53,97,,,,,0,0,,,
Bogor,Kabupaten Bogor Leuwiliang,2026-04-30 23:00:00,80,66,32,,4,9,0,80,,,,,
Tangerang,Tangerang Pasir Jaya,2026-04-30 23:00:00,100,100,54,,58,63,0,65,,,,,
Bekasi,Bekasi Kayuringin,2026-04-30 23:00:00,55,55,28,,40,15,0,7,,,,,
Jakarta,The Pakubuwono Menteng,2026-04-30 23:35:15,88,88,28,70,,,,,59,28.6,,,
Depok,Cinere - Nafas,2026-04-30 23:35:18,126,126,52,90,,,,,0,0,,,
Bogor,Kabupaten Bogor Leuwiliang,2026-04-30 23:00:00,80,66,32,,4,9,0,80,,,,,
Tangerang,Tangerang Pasir Jaya,2026-04-30 23:00:00,100,100,54,,58,63,0,65,,,,,
Bekasi,Bekasi Kayuringin,2026-04-30 23:00:00,55,55,28,,40,15,0,7,,,,,
Jakarta,The Pakubuwono Menteng,2026-04-30 23:36:15,85,85,28,69,,,,,60,28.5,,,
Depok,Cinere - Nafas,2026-04-30 23:36:18,125,125,51,89,,,,,0,0,,,
Bogor,Kabupaten Bogor Leuwiliang,2026-04-30 23:00:00,80,66,32,,4,9,0,80,,,,,
Tangerang,Tangerang Pasir Jaya,2026-04-30 23:00:00,100,100,54,,58,63,0,65,,,,,
Bekasi,Bekasi Kayuringin,2026-04-30 23:00:00,55,55,28,,40,15,0,7,,,,,
Jakarta,The Pakubuwono Menteng,2026-04-30 23:37:15,82,82,29,69,,,,,59,28.6,,,
Depok,Cinere - Nafas,2026-04-30 23:37:18,129,129,52,89,,,,,0,0,,,
Bogor,Kabupaten Bogor Leuwiliang,2026-04-30 23:00:00,80,66,32,,4,9,0,80,,,,,
Tangerang,Tangerang Pasir Jaya,2026-04-30 23:00:00,100,100,54,,58,63,0,65,,,,,
Bekasi,Bekasi Kayuringin,2026-04-30 23:00:00,55,55,28,,40,15,0,7,,,,,
Jakarta,The Pakubuwono Menteng,2026-04-30 23:38:15,87,87,30,70,,,,,60,28.6,,,
Depok,Cinere - Nafas,2026-04-30 23:38:18,131,131,53,94,,,,,0,0,,,
Bogor,Kabupaten Bogor Leuwiliang,2026-04-30 23:00:00,80,66,32,,4,9,0,80,,,,,
Tangerang,Tangerang Pasir Jaya,2026-04-30 23:00:00,100,100,54,,58,63,0,65,,,,,
Bekasi,Bekasi Kayuringin,2026-04-30 23:00:00,55,55,28,,40,15,0,7,,,,,
Jakarta,The Pakubuwono Menteng,2026-04-30 23:39:15,87,87,31,71,,,,,60,28.6,,,
Depok,Cinere - Nafas,2026-04-30 23:39:18,135,135,53,95,,,,,0,0,,,
Bogor,Kabupaten Bogor Leuwiliang,2026-04-30 23:00:00,80,66,32,,4,9,0,80,,,,,
Tangerang,Tangerang Pasir Jaya,2026-04-30 23:00:00,100,100,54,,58,63,0,65,,,,,
Bekasi,Bekasi Kayuringin,2026-04-30 23:00:00,55,55,28,,40,15,0,7,,,,,
Jakarta,The Pakubuwono Menteng,2026-04-30 23:40:15,88,88,29,71,,,,,59,28.6,,,
Depok,Cinere - Nafas,2026-04-30 23:41:18,139,139,55,95,,,,,0,0,,,
Bogor,Kabupaten Bogor Leuwiliang,2026-04-30 23:00:00,80,66,32,,4,9,0,80,,,,,
Tangerang,Tangerang Pasir Jaya,2026-04-30 23:00:00,100,100,54,,58,63,0,65,,,,,
Bekasi,Bekasi Kayuringin,2026-04-30 23:00:00,55,55,28,,40,15,0,7,,,,,
Jakarta,The Pakubuwono Menteng,2026-04-30 23:43:15,84,84,28,69,,,,,60,28.6,,,
Depok,Cinere - Nafas,2026-04-30 23:43:18,135,135,53,94,,,,,0,0,,,
Bogor,Kabupaten Bogor Leuwiliang,2026-04-30 23:00:00,80,66,32,,4,9,0,80,,,,,
Tangerang,Tangerang Pasir Jaya,2026-04-30 23:00:00,100,100,54,,58,63,0,65,,,,,
Bekasi,Bekasi Kayuringin,2026-04-30 23:00:00,55,55,28,,40,15,0,7,,,,,
Jakarta,The Pakubuwono Menteng,2026-04-30 23:44:15,94,94,33,70,,,,,59,28.6,,,
Depok,Cinere - Nafas,2026-04-30 23:44:19,134,134,53,94,,,,,0,0,,,
Bogor,Kabupaten Bogor Leuwiliang,2026-04-30 23:00:00,80,66,32,,4,9,0,80,,,,,
Tangerang,Tangerang Pasir Jaya,2026-04-30 23:00:00,100,100,54,,58,63,0,65,,,,,
Bekasi,Bekasi Kayuringin,2026-04-30 23:00:00,55,55,28,,40,15,0,7,,,,,
Jakarta,The Pakubuwono Menteng,2026-04-30 23:45:15,94,94,33,73,,,,,59,28.6,,,
Depok,Cinere - Nafas,2026-04-30 23:45:18,135,135,54,95,,,,,0,0,,,
Bogor,Kabupaten Bogor Leuwiliang,2026-04-30 23:00:00,80,66,32,,4,9,0,80,,,,,
Tangerang,Tangerang Pasir Jaya,2026-04-30 23:00:00,100,100,54,,58,63,0,65,,,,,
Bekasi,Bekasi Kayuringin,2026-04-30 23:00:00,55,55,28,,40,15,0,7,,,,,
Jakarta,The Pakubuwono Menteng,2026-04-30 23:46:15,91,91,33,72,,,,,59,28.6,,,
Depok,Cinere - Nafas,2026-04-30 23:46:19,134,134,53,95,,,,,0,0,,,
Bogor,Kabupaten Bogor Leuwiliang,2026-04-30 23:00:00,80,66,32,,4,9,0,80,,,,,
Tangerang,Tangerang Pasir Jaya,2026-04-30 23:00:00,100,100,54,,58,63,0,65,,,,,
Bekasi,Bekasi Kayuringin,2026-04-30 23:00:00,55,55,28,,40,15,0,7,,,,,
Jakarta,The Pakubuwono Menteng,2026-04-30 23:46:15,91,91,33,72,,,,,59,28.6,,,
Depok,Cinere - Nafas,2026-04-30 23:46:19,134,134,53,95,,,,,0,0,,,
Bogor,Kabupaten Bogor Leuwiliang,2026-04-30 23:00:00,80,66,32,,4,9,0,80,,,,,
Tangerang,Tangerang Pasir Jaya,2026-04-30 23:00:00,100,100,54,,58,63,0,65,,,,,
Bekasi,Bekasi Kayuringin,2026-04-30 23:00:00,55,55,28,,40,15,0,7,,,,,
Jakarta,The Pakubuwono Menteng,2026-04-30 23:48:15,87,87,29,70,,,,,59,28.6,,,
Depok,Cinere - Nafas,2026-04-30 23:48:18,133,133,53,93,,,,,0,0,,,
Bogor,Kabupaten Bogor Leuwiliang,2026-04-30 23:00:00,80,66,32,,4,9,0,80,,,,,
Tangerang,Tangerang Pasir Jaya,2026-04-30 23:00:00,100,100,54,,58,63,0,65,,,,,
Bekasi,Bekasi Kayuringin,2026-04-30 23:00:00,55,55,28,,40,15,0,7,,,,,
Jakarta,The Pakubuwono Menteng,2026-04-30 23:49:15,88,88,28,71,,,,,59,28.6,,,
Depok,Cinere - Nafas,2026-04-30 23:49:19,135,135,53,94,,,,,0,0,,,
Bogor,Kabupaten Bogor Leuwiliang,2026-04-30 23:00:00,80,66,32,,4,9,0,80,,,,,
Tangerang,Tangerang Pasir Jaya,2026-04-30 23:00:00,100,100,54,,58,63,0,65,,,,,
Bekasi,Bekasi Kayuringin,2026-04-30 23:00:00,55,55,28,,40,15,0,7,,,,,
Jakarta,The Pakubuwono Menteng,2026-04-30 23:51:15,96,96,34,72,,,,,60,28.6,,,
Depok,Cinere - Nafas,2026-04-30 23:51:18,131,131,53,93,,,,,0,0,,,
Bogor,Kabupaten Bogor Leuwiliang,2026-04-30 23:00:00,80,66,32,,4,9,0,80,,,,,
Tangerang,Tangerang Pasir Jaya,2026-04-30 23:00:00,100,100,54,,58,63,0,65,,,,,
Bekasi,Bekasi Kayuringin,2026-04-30 23:00:00,55,55,28,,40,15,0,7,,,,,
Jakarta,The Pakubuwono Menteng,2026-04-30 23:52:15,98,98,37,74,,,,,60,28.6,,,
Depok,Cinere - Nafas,2026-04-30 23:52:19,131,131,52,94,,,,,0,0,,,
Bogor,Kabupaten Bogor Leuwiliang,2026-04-30 23:00:00,80,66,32,,4,9,0,80,,,,,
Tangerang,Tangerang Pasir Jaya,2026-04-30 23:00:00,100,100,54,,58,63,0,65,,,,,
Bekasi,Bekasi Kayuringin,2026-04-30 23:00:00,55,55,28,,40,15,0,7,,,,,
Jakarta,The Pakubuwono Menteng,2026-04-30 23:53:15,94,94,35,75,,,,,60,28.6,,,
Depok,Cinere - Nafas,2026-04-30 23:53:19,128,128,52,91,,,,,0,0,,,
Bogor,Kabupaten Bogor Leuwiliang,2026-04-30 23:00:00,80,66,32,,4,9,0,80,,,,,
Tangerang,Tangerang Pasir Jaya,2026-04-30 23:00:00,100,100,54,,58,63,0,65,,,,,
Bekasi,Bekasi Kayuringin,2026-04-30 23:00:00,55,55,28,,40,15,0,7,,,,,
Jakarta,The Pakubuwono Menteng,2026-04-30 23:55:15,93,93,33,72,,,,,60,28.6,,,
Depok,Cinere - Nafas,2026-04-30 23:55:19,131,131,53,94,,,,,0,0,,,
Bogor,Kabupaten Bogor Leuwiliang,2026-04-30 23:00:00,80,66,32,,4,9,0,80,,,,,
Tangerang,Tangerang Pasir Jaya,2026-04-30 23:00:00,100,100,54,,58,63,0,65,,,,,
Bekasi,Bekasi Kayuringin,2026-04-30 23:00:00,55,55,28,,40,15,0,7,,,,,
Jakarta,The Pakubuwono Menteng,2026-04-30 23:56:15,93,93,33,73,,,,,60,28.6,,,
Depok,Cinere - Nafas,2026-04-30 23:56:19,131,131,52,94,,,,,0,0,,,
Bogor,Kabupaten Bogor Leuwiliang,2026-04-30 23:00:00,80,66,32,,4,9,0,80,,,,,
Tangerang,Tangerang Pasir Jaya,2026-04-30 23:00:00,100,100,54,,58,63,0,65,,,,,
Bekasi,Bekasi Kayuringin,2026-04-30 23:00:00,55,55,28,,40,15,0,7,,,,,
Jakarta,The Pakubuwono Menteng,2026-04-30 23:56:15,93,93,33,73,,,,,60,28.6,,,
Depok,Cinere - Nafas,2026-04-30 23:56:19,131,131,52,94,,,,,0,0,,,
Bogor,Kabupaten Bogor Leuwiliang,2026-04-30 23:00:00,80,66,32,,4,9,0,80,,,,,
Tangerang,Tangerang Pasir Jaya,2026-04-30 23:00:00,100,100,54,,58,63,0,65,,,,,
Bekasi,Bekasi Kayuringin,2026-04-30 23:00:00,55,55,28,,40,15,0,7,,,,,
