city,station_name,time,aqi,pm25,pm10,pm1,no2,so2,co,o3,humidity,temperature,pressure,wind,rain
Jakarta,The Pakubuwono Menteng,2026-05-05 23:58:48,96,96,37,74,,,,,58,29,,,
Depok,Cinere - Nafas,2026-05-05 23:58:31,156,156,61,125,,,,,68,26.9,,,
Bogor,Kabupaten Bogor Leuwiliang,2026-05-05 23:00:00,80,58,26,,4,9,0,80,,,,,
Tangerang,Tangerang Pasir Jaya,2026-05-05 23:00:00,69,69,34,,58,63,0,65,,,,,
Bekasi,Bekasi Kayuringin,2026-05-05 23:00:00,44,44,22,,60,13,0,1,,,,,
Jakarta,The Pakubuwono Menteng,2026-05-05 23:59:48,94,94,33,73,,,,,58,29,,,
Depok,Cinere - Nafas,2026-05-05 23:59:31,156,156,60,125,,,,,67,26.9,,,
Bogor,Kabupaten Bogor Leuwiliang,2026-05-05 23:00:00,80,58,26,,4,9,0,80,,,,,
Tangerang,Tangerang Pasir Jaya,2026-05-05 23:00:00,69,69,34,,58,63,0,65,,,,,
Bekasi,Bekasi Kayuringin,2026-05-05 23:00:00,44,44,22,,60,13,0,1,,,,,
Jakarta,The Pakubuwono Menteng,2026-05-06 00:00:48,97,97,35,73,,,,,58,29,,,
Depok,Cinere - Nafas,2026-05-06 00:00:31,155,155,60,120,,,,,67,27,,,
Bogor,Kabupaten Bogor Leuwiliang,2026-05-05 23:00:00,80,58,26,,4,9,0,80,,,,,
Tangerang,Tangerang Pasir Jaya,2026-05-05 23:00:00,69,69,34,,58,63,0,65,,,,,
Bekasi,Bekasi Kayuringin,2026-05-05 23:00:00,44,44,22,,60,13,0,1,,,,,
Jakarta,The Pakubuwono Menteng,2026-05-06 00:02:48,97,97,34,75,,,,,58,29.1,,,
Depok,Cinere - Nafas,2026-05-06 00:02:31,156,156,61,129,,,,,67,27,,,
Bogor,Kabupaten Bogor Leuwiliang,2026-05-06 00:00:00,80,58,25,,4,9,0,80,,,,,
Tangerang,Tangerang Pasir Jaya,2026-05-06 00:00:00,68,68,34,,58,63,0,65,,,,,
Bekasi,Bekasi Kayuringin,2026-05-06 00:00:00,45,45,23,,60,13,0,1,,,,,
Jakarta,The Pakubuwono Menteng,2026-05-06 00:02:48,97,97,34,75,,,,,58,29.1,,,
Depok,Cinere - Nafas,2026-05-06 00:02:31,156,156,61,129,,,,,67,27,,,
Bogor,Kabupaten Bogor Leuwiliang,2026-05-06 00:00:00,80,58,25,,4,9,0,80,,,,,
Tangerang,Tangerang Pasir Jaya,2026-05-06 00:00:00,68,68,34,,58,63,0,65,,,,,
Bekasi,Bekasi Kayuringin,2026-05-06 00:00:00,45,45,23,,60,13,0,1,,,,,
Jakarta,The Pakubuwono Menteng,2026-05-06 00:03:49,94,94,33,75,,,,,58,29.1,,,
Depok,Cinere - Nafas,2026-05-06 00:03:31,157,157,61,129,,,,,67,27,,,
Bogor,Kabupaten Bogor Leuwiliang,2026-05-06 00:00:00,80,58,25,,4,9,0,80,,,,,
Tangerang,Tangerang Pasir Jaya,2026-05-06 00:00:00,68,68,34,,58,63,0,65,,,,,
Bekasi,Bekasi Kayuringin,2026-05-06 00:00:00,45,45,23,,60,13,0,1,,,,,
Jakarta,The Pakubuwono Menteng,2026-05-06 00:05:51,101,101,41,79,,,,,58,29.1,,,
Depok,Cinere - Nafas,2026-05-06 00:03:31,157,157,61,129,,,,,67,27,,,
Bogor,Kabupaten Bogor Leuwiliang,2026-05-06 00:00:00,80,58,25,,4,9,0,80,,,,,
Tangerang,Tangerang Pasir Jaya,2026-05-06 00:00:00,68,68,34,,58,63,0,65,,,,,
Bekasi,Bekasi Kayuringin,2026-05-06 00:00:00,45,45,23,,60,13,0,1,,,,,
Jakarta,The Pakubuwono Menteng,2026-05-06 00:06:49,101,101,39,79,,,,,58,29.1,,,
Depok,Cinere - Nafas,2026-05-06 00:06:32,157,157,61,126,,,,,67,27,,,
Bogor,Kabupaten Bogor Leuwiliang,2026-05-06 00:00:00,80,58,25,,4,9,0,80,,,,,
Tangerang,Tangerang Pasir Jaya,2026-05-06 00:00:00,68,68,34,,58,63,0,65,,,,,
Bekasi,Bekasi Kayuringin,2026-05-06 00:00:00,45,45,23,,60,13,0,1,,,,,
Jakarta,The Pakubuwono Menteng,2026-05-06 00:07:49,105,105,40,79,,,,,58,29.1,,,
Depok,Cinere - Nafas,2026-05-06 00:07:32,157,157,60,130,,,,,67,27,,,
Bogor,Kabupaten Bogor Leuwiliang,2026-05-06 00:00:00,80,58,25,,4,9,0,80,,,,,
Tangerang,Tangerang Pasir Jaya,2026-05-06 00:00:00,68,68,34,,58,63,0,65,,,,,
Bekasi,Bekasi Kayuringin,2026-05-06 00:00:00,45,45,23,,60,13,0,1,,,,,
Jakarta,The Pakubuwono Menteng,2026-05-06 00:08:49,103,103,39,79,,,,,58,29.1,,,
Depok,Cinere - Nafas,2026-05-06 00:08:32,158,158,62,130,,,,,67,27,,,
Bogor,Kabupaten Bogor Leuwiliang,2026-05-06 00:00:00,80,58,25,,4,9,0,80,,,,,
Tangerang,Tangerang Pasir Jaya,2026-05-06 00:00:00,68,68,34,,58,63,0,65,,,,,
Bekasi,Bekasi Kayuringin,2026-05-06 00:00:00,45,45,23,,60,13,0,1,,,,,
Jakarta,The Pakubuwono Menteng,2026-05-06 00:10:49,101,101,38,79,,,,,58,29.1,,,
Depok,Cinere - Nafas,2026-05-06 00:10:32,157,157,60,126,,,,,67,27,,,
Bogor,Kabupaten Bogor Leuwiliang,2026-05-06 00:00:00,80,58,25,,4,9,0,80,,,,,
Tangerang,Tangerang Pasir Jaya,2026-05-06 00:00:00,68,68,34,,58,63,0,65,,,,,
Bekasi,Bekasi Kayuringin,2026-05-06 00:00:00,45,45,23,,60,13,0,1,,,,,
Jakarta,The Pakubuwono Menteng,2026-05-06 00:11:49,100,100,37,78,,,,,58,29.1,,,
Depok,Cinere - Nafas,2026-05-06 00:11:32,156,156,60,128,,,,,67,27,,,
Bogor,Kabupaten Bogor Leuwiliang,2026-05-06 00:00:00,80,58,25,,4,9,0,80,,,,,
Tangerang,Tangerang Pasir Jaya,2026-05-06 00:00:00,68,68,34,,58,63,0,65,,,,,
Bekasi,Bekasi Kayuringin,2026-05-06 00:00:00,45,45,23,,60,13,0,1,,,,,
Jakarta,The Pakubuwono Menteng,2026-05-06 00:13:49,101,101,37,78,,,,,58,29.1,,,
Depok,Cinere - Nafas,2026-05-06 00:13:32,159,159,62,133,,,,,67,27,,,
Bogor,Kabupaten Bogor Leuwiliang,2026-05-06 00:00:00,80,58,25,,4,9,0,80,,,,,
Tangerang,Tangerang Pasir Jaya,2026-05-06 00:00:00,68,68,34,,58,63,0,65,,,,,
Bekasi,Bekasi Kayuringin,2026-05-06 00:00:00,45,45,23,,60,13,0,1,,,,,
Jakarta,The Pakubuwono Menteng,2026-05-06 00:14:49,103,103,40,79,,,,,58,29.1,,,
Depok,Cinere - Nafas,2026-05-06 00:14:32,160,160,62,135,,,,,67,27,,,
Bogor,Kabupaten Bogor Leuwiliang,2026-05-06 00:00:00,80,58,25,,4,9,0,80,,,,,
Tangerang,Tangerang Pasir Jaya,2026-05-06 00:00:00,68,68,34,,58,63,0,65,,,,,
Bekasi,Bekasi Kayuringin,2026-05-06 00:00:00,45,45,23,,60,13,0,1,,,,,
Jakarta,The Pakubuwono Menteng,2026-05-06 00:15:49,101,101,38,76,,,,,58,29.1,,,
Depok,Cinere - Nafas,2026-05-06 00:15:32,159,159,62,136,,,,,67,27,,,
Bogor,Kabupaten Bogor Leuwiliang,2026-05-06 00:00:00,80,58,25,,4,9,0,80,,,,,
Tangerang,Tangerang Pasir Jaya,2026-05-06 00:00:00,68,68,34,,58,63,0,65,,,,,
Bekasi,Bekasi Kayuringin,2026-05-06 00:00:00,45,45,23,,60,13,0,1,,,,,
Jakarta,The Pakubuwono Menteng,2026-05-06 00:15:49,101,101,38,76,,,,,58,29.1,,,
Depok,Cinere - Nafas,2026-05-06 00:16:32,160,160,63,136,,,,,67,27,,,
Bogor,Kabupaten Bogor Leuwiliang,2026-05-06 00:00:00,80,58,25,,4,9,0,80,,,,,
Tangerang,Tangerang Pasir Jaya,2026-05-06 00:00:00,68,68,34,,58,63,0,65,,,,,
Bekasi,Bekasi Kayuringin,2026-05-06 00:00:00,45,45,23,,60,13,0,1,,,,,
Jakarta,The Pakubuwono Menteng,2026-05-06 00:16:49,99,99,39,78,,,,,58,29.1,,,
Depok,Cinere - Nafas,2026-05-06 00:16:32,160,160,63,136,,,,,67,27,,,
Bogor,Kabupaten Bogor Leuwiliang,2026-05-06 00:00:00,80,58,25,,4,9,0,80,,,,,
Tangerang,Tangerang Pasir Jaya,2026-05-06 00:00:00,68,68,34,,58,63,0,65,,,,,
Bekasi,Bekasi Kayuringin,2026-05-06 00:00:00,45,45,23,,60,13,0,1,,,,,
Jakarta,The Pakubuwono Menteng,2026-05-06 00:17:49,96,96,36,76,,,,,58,29.1,,,
Depok,Cinere - Nafas,2026-05-06 00:18:32,160,160,62,138,,,,,67,27,,,
Bogor,Kabupaten Bogor Leuwiliang,2026-05-06 00:00:00,80,58,25,,4,9,0,80,,,,,
Tangerang,Tangerang Pasir Jaya,2026-05-06 00:00:00,68,68,34,,58,63,0,65,,,,,
Bekasi,Bekasi Kayuringin,2026-05-06 00:00:00,45,45,23,,60,13,0,1,,,,,
Jakarta,The Pakubuwono Menteng,2026-05-06 00:20:49,108,108,41,81,,,,,58,29.1,,,
Depok,Cinere - Nafas,2026-05-06 00:20:32,161,161,63,145,,,,,67,27,,,
Bogor,Kabupaten Bogor Leuwiliang,2026-05-06 00:00:00,80,58,25,,4,9,0,80,,,,,
Tangerang,Tangerang Pasir Jaya,2026-05-06 00:00:00,68,68,34,,58,63,0,65,,,,,
Bekasi,Bekasi Kayuringin,2026-05-06 00:00:00,45,45,23,,60,13,0,1,,,,,
Jakarta,The Pakubuwono Menteng,2026-05-06 00:21:49,103,103,40,79,,,,,58,29.2,,,
Depok,Cinere - Nafas,2026-05-06 00:21:33,161,161,62,140,,,,,67,27,,,
Bogor,Kabupaten Bogor Leuwiliang,2026-05-06 00:00:00,80,58,25,,4,9,0,80,,,,,
Tangerang,Tangerang Pasir Jaya,2026-05-06 00:00:00,68,68,34,,58,63,0,65,,,,,
Bekasi,Bekasi Kayuringin,2026-05-06 00:00:00,45,45,23,,60,13,0,1,,,,,
Jakarta,The Pakubuwono Menteng,2026-05-06 00:22:49,108,108,41,81,,,,,58,29.2,,,
Depok,Cinere - Nafas,2026-05-06 00:22:32,160,160,62,136,,,,,68,27,,,
Bogor,Kabupaten Bogor Leuwiliang,2026-05-06 00:00:00,80,58,25,,4,9,0,80,,,,,
Tangerang,Tangerang Pasir Jaya,2026-05-06 00:00:00,68,68,34,,58,63,0,65,,,,,
Bekasi,Bekasi Kayuringin,2026-05-06 00:00:00,45,45,23,,60,13,0,1,,,,,
Jakarta,The Pakubuwono Menteng,2026-05-06 00:23:49,112,112,45,83,,,,,58,29.1,,,
Depok,Cinere - Nafas,2026-05-06 00:23:32,160,160,62,138,,,,,67,27,,,
Bogor,Kabupaten Bogor Leuwiliang,2026-05-06 00:00:00,80,58,25,,4,9,0,80,,,,,
Tangerang,Tangerang Pasir Jaya,2026-05-06 00:00:00,68,68,34,,58,63,0,65,,,,,
Bekasi,Bekasi Kayuringin,2026-05-06 00:00:00,45,45,23,,60,13,0,1,,,,,
Jakarta,The Pakubuwono Menteng,2026-05-06 00:24:49,107,107,41,81,,,,,58,29.2,,,
Depok,Cinere - Nafas,2026-05-06 00:24:33,160,160,62,138,,,,,67,26.9,,,
Bogor,Kabupaten Bogor Leuwiliang,2026-05-06 00:00:00,80,58,25,,4,9,0,80,,,,,
Tangerang,Tangerang Pasir Jaya,2026-05-06 00:00:00,68,68,34,,58,63,0,65,,,,,
Bekasi,Bekasi Kayuringin,2026-05-06 00:00:00,45,45,23,,60,13,0,1,,,,,
Jakarta,The Pakubuwono Menteng,2026-05-06 00:25:49,101,101,38,78,,,,,58,29.2,,,
Depok,Cinere - Nafas,2026-05-06 00:25:32,159,159,62,135,,,,,68,27,,,
Bogor,Kabupaten Bogor Leuwiliang,2026-05-06 00:00:00,80,58,25,,4,9,0,80,,,,,
Tangerang,Tangerang Pasir Jaya,2026-05-06 00:00:00,68,68,34,,58,63,0,65,,,,,
Bekasi,Bekasi Kayuringin,2026-05-06 00:00:00,45,45,23,,60,13,0,1,,,,,
Jakarta,The Pakubuwono Menteng,2026-05-06 00:26:49,99,99,36,77,,,,,58,29.2,,,
Depok,Cinere - Nafas,2026-05-06 00:26:32,160,160,62,138,,,,,68,27,,,
Bogor,Kabupaten Bogor Leuwiliang,2026-05-06 00:00:00,80,58,25,,4,9,0,80,,,,,
Tangerang,Tangerang Pasir Jaya,2026-05-06 00:00:00,68,68,34,,58,63,0,65,,,,,
Bekasi,Bekasi Kayuringin,2026-05-06 00:00:00,45,45,23,,60,13,0,1,,,,,
Jakarta,The Pakubuwono Menteng,2026-05-06 00:29:49,98,98,37,75,,,,,58,29.2,,,
Depok,Cinere - Nafas,2026-05-06 00:29:33,160,160,63,140,,,,,67,26.9,,,
Bogor,Kabupaten Bogor Leuwiliang,2026-05-06 00:00:00,80,58,25,,4,9,0,80,,,,,
Tangerang,Tangerang Pasir Jaya,2026-05-06 00:00:00,68,68,34,,58,63,0,65,,,,,
Bekasi,Bekasi Kayuringin,2026-05-06 00:00:00,45,45,23,,60,13,0,1,,,,,
Jakarta,The Pakubuwono Menteng,2026-05-06 00:30:49,101,101,38,78,,,,,58,29.1,,,
Depok,Cinere - Nafas,2026-05-06 00:30:33,161,161,63,140,,,,,67,27,,,
Bogor,Kabupaten Bogor Leuwiliang,2026-05-06 00:00:00,80,58,25,,4,9,0,80,,,,,
Tangerang,Tangerang Pasir Jaya,2026-05-06 00:00:00,68,68,34,,58,63,0,65,,,,,
Bekasi,Bekasi Kayuringin,2026-05-06 00:00:00,45,45,23,,60,13,0,1,,,,,
Jakarta,The Pakubuwono Menteng,2026-05-06 00:31:49,111,111,44,83,,,,,58,29.2,,,
Depok,Cinere - Nafas,2026-05-06 00:31:33,161,161,63,140,,,,,67,26.9,,,
Bogor,Kabupaten Bogor Leuwiliang,2026-05-06 00:00:00,80,58,25,,4,9,0,80,,,,,
Tangerang,Tangerang Pasir Jaya,2026-05-06 00:00:00,68,68,34,,58,63,0,65,,,,,
Bekasi,Bekasi Kayuringin,2026-05-06 00:00:00,45,45,23,,60,13,0,1,,,,,
Jakarta,The Pakubuwono Menteng,2026-05-06 00:31:49,111,111,44,83,,,,,58,29.2,,,
Depok,Cinere - Nafas,2026-05-06 00:31:33,161,161,63,140,,,,,67,26.9,,,
Bogor,Kabupaten Bogor Leuwiliang,2026-05-06 00:00:00,80,58,25,,4,9,0,80,,,,,
Tangerang,Tangerang Pasir Jaya,2026-05-06 00:00:00,68,68,34,,58,63,0,65,,,,,
Bekasi,Bekasi Kayuringin,2026-05-06 00:00:00,45,45,23,,60,13,0,1,,,,,
Jakarta,The Pakubuwono Menteng,2026-05-06 00:32:49,111,111,43,83,,,,,58,29.2,,,
Depok,Cinere - Nafas,2026-05-06 00:32:33,160,160,62,140,,,,,67,26.9,,,
Bogor,Kabupaten Bogor Leuwiliang,2026-05-06 00:00:00,80,58,25,,4,9,0,80,,,,,
Tangerang,Tangerang Pasir Jaya,2026-05-06 00:00:00,68,68,34,,58,63,0,65,,,,,
Bekasi,Bekasi Kayuringin,2026-05-06 00:00:00,45,45,23,,60,13,0,1,,,,,
Jakarta,The Pakubuwono Menteng,2026-05-06 00:33:49,112,112,45,83,,,,,58,29.2,,,
Depok,Cinere - Nafas,2026-05-06 00:33:33,162,162,63,142,,,,,68,27,,,
Bogor,Kabupaten Bogor Leuwiliang,2026-05-06 00:00:00,80,58,25,,4,9,0,80,,,,,
Tangerang,Tangerang Pasir Jaya,2026-05-06 00:00:00,68,68,34,,58,63,0,65,,,,,
Bekasi,Bekasi Kayuringin,2026-05-06 00:00:00,45,45,23,,60,13,0,1,,,,,
Jakarta,The Pakubuwono Menteng,2026-05-06 00:35:49,105,105,40,79,,,,,58,29.1,,,
Depok,Cinere - Nafas,2026-05-06 00:35:33,160,160,63,136,,,,,68,26.9,,,
Bogor,Kabupaten Bogor Leuwiliang,2026-05-06 00:00:00,80,58,25,,4,9,0,80,,,,,
Tangerang,Tangerang Pasir Jaya,2026-05-06 00:00:00,68,68,34,,58,63,0,65,,,,,
Bekasi,Bekasi Kayuringin,2026-05-06 00:00:00,45,45,23,,60,13,0,1,,,,,
Jakarta,The Pakubuwono Menteng,2026-05-06 00:37:49,108,108,42,79,,,,,58,29.1,,,
Depok,Cinere - Nafas,2026-05-06 00:37:33,163,163,66,150,,,,,67,26.9,,,
Bogor,Kabupaten Bogor Leuwiliang,2026-05-06 00:00:00,80,58,25,,4,9,0,80,,,,,
Tangerang,Tangerang Pasir Jaya,2026-05-06 00:00:00,68,68,34,,58,63,0,65,,,,,
Bekasi,Bekasi Kayuringin,2026-05-06 00:00:00,45,45,23,,60,13,0,1,,,,,
Jakarta,The Pakubuwono Menteng,2026-05-06 00:38:49,107,107,41,80,,,,,58,29.1,,,
Depok,Cinere - Nafas,2026-05-06 00:38:33,166,166,68,151,,,,,67,27,,,
Bogor,Kabupaten Bogor Leuwiliang,2026-05-06 00:00:00,80,58,25,,4,9,0,80,,,,,
Tangerang,Tangerang Pasir Jaya,2026-05-06 00:00:00,68,68,34,,58,63,0,65,,,,,
Bekasi,Bekasi Kayuringin,2026-05-06 00:00:00,45,45,23,,60,13,0,1,,,,,
Jakarta,The Pakubuwono Menteng,2026-05-06 00:39:49,111,111,43,83,,,,,58,29.1,,,
Depok,Cinere - Nafas,2026-05-06 00:39:33,165,165,67,151,,,,,67,26.9,,,
Bogor,Kabupaten Bogor Leuwiliang,2026-05-06 00:00:00,80,58,25,,4,9,0,80,,,,,
Tangerang,Tangerang Pasir Jaya,2026-05-06 00:00:00,68,68,34,,58,63,0,65,,,,,
Bekasi,Bekasi Kayuringin,2026-05-06 00:00:00,45,45,23,,60,13,0,1,,,,,
Jakarta,The Pakubuwono Menteng,2026-05-06 00:40:49,114,114,45,83,,,,,58,29.1,,,
Depok,Cinere - Nafas,2026-05-06 00:40:33,166,166,69,151,,,,,67,26.9,,,
Bogor,Kabupaten Bogor Leuwiliang,2026-05-06 00:00:00,80,58,25,,4,9,0,80,,,,,
Tangerang,Tangerang Pasir Jaya,2026-05-06 00:00:00,68,68,34,,58,63,0,65,,,,,
Bekasi,Bekasi Kayuringin,2026-05-06 00:00:00,45,45,23,,60,13,0,1,,,,,
Jakarta,The Pakubuwono Menteng,2026-05-06 00:41:49,117,117,47,87,,,,,58,29.1,,,
Depok,Cinere - Nafas,2026-05-06 00:41:33,164,164,66,151,,,,,67,26.9,,,
Bogor,Kabupaten Bogor Leuwiliang,2026-05-06 00:00:00,80,58,25,,4,9,0,80,,,,,
Tangerang,Tangerang Pasir Jaya,2026-05-06 00:00:00,68,68,34,,58,63,0,65,,,,,
Bekasi,Bekasi Kayuringin,2026-05-06 00:00:00,45,45,23,,60,13,0,1,,,,,
Jakarta,The Pakubuwono Menteng,2026-05-06 00:42:49,113,113,45,84,,,,,58,29.1,,,
Depok,Cinere - Nafas,2026-05-06 00:42:33,165,165,67,151,,,,,67,26.9,,,
Bogor,Kabupaten Bogor Leuwiliang,2026-05-06 00:00:00,80,58,25,,4,9,0,80,,,,,
Tangerang,Tangerang Pasir Jaya,2026-05-06 00:00:00,68,68,34,,58,63,0,65,,,,,
Bekasi,Bekasi Kayuringin,2026-05-06 00:00:00,45,45,23,,60,13,0,1,,,,,
Jakarta,The Pakubuwono Menteng,2026-05-06 00:44:49,112,112,44,85,,,,,58,29.1,,,
Depok,Cinere - Nafas,2026-05-06 00:44:33,165,165,68,151,,,,,67,26.9,,,
Bogor,Kabupaten Bogor Leuwiliang,2026-05-06 00:00:00,80,58,25,,4,9,0,80,,,,,
Tangerang,Tangerang Pasir Jaya,2026-05-06 00:00:00,68,68,34,,58,63,0,65,,,,,
Bekasi,Bekasi Kayuringin,2026-05-06 00:00:00,45,45,23,,60,13,0,1,,,,,
Jakarta,The Pakubuwono Menteng,2026-05-06 00:44:49,112,112,44,85,,,,,58,29.1,,,
Depok,Cinere - Nafas,2026-05-06 00:45:33,164,164,66,151,,,,,67,26.9,,,
Bogor,Kabupaten Bogor Leuwiliang,2026-05-06 00:00:00,80,58,25,,4,9,0,80,,,,,
Tangerang,Tangerang Pasir Jaya,2026-05-06 00:00:00,68,68,34,,58,63,0,65,,,,,
Bekasi,Bekasi Kayuringin,2026-05-06 00:00:00,45,45,23,,60,13,0,1,,,,,
Jakarta,The Pakubuwono Menteng,2026-05-06 00:46:50,118,118,47,86,,,,,58,29.1,,,
Depok,Cinere - Nafas,2026-05-06 00:46:33,165,165,68,150,,,,,67,26.9,,,
Bogor,Kabupaten Bogor Leuwiliang,2026-05-06 00:00:00,80,58,25,,4,9,0,80,,,,,
Tangerang,Tangerang Pasir Jaya,2026-05-06 00:00:00,68,68,34,,58,63,0,65,,,,,
Bekasi,Bekasi Kayuringin,2026-05-06 00:00:00,45,45,23,,60,13,0,1,,,,,
Jakarta,The Pakubuwono Menteng,2026-05-06 00:47:49,111,111,44,83,,,,,58,29.1,,,
Depok,Cinere - Nafas,2026-05-06 00:47:33,165,165,69,151,,,,,68,26.9,,,
Bogor,Kabupaten Bogor Leuwiliang,2026-05-06 00:00:00,80,58,25,,4,9,0,80,,,,,
Tangerang,Tangerang Pasir Jaya,2026-05-06 00:00:00,68,68,34,,58,63,0,65,,,,,
Bekasi,Bekasi Kayuringin,2026-05-06 00:00:00,45,45,23,,60,13,0,1,,,,,
Jakarta,The Pakubuwono Menteng,2026-05-06 00:48:49,113,113,42,83,,,,,58,29.1,,,
Depok,Cinere - Nafas,2026-05-06 00:48:33,164,164,68,151,,,,,67,26.9,,,
Bogor,Kabupaten Bogor Leuwiliang,2026-05-06 00:00:00,80,58,25,,4,9,0,80,,,,,
Tangerang,Tangerang Pasir Jaya,2026-05-06 00:00:00,68,68,34,,58,63,0,65,,,,,
Bekasi,Bekasi Kayuringin,2026-05-06 00:00:00,45,45,23,,60,13,0,1,,,,,
Jakarta,The Pakubuwono Menteng,2026-05-06 00:49:49,114,114,44,83,,,,,58,29,,,
Depok,Cinere - Nafas,2026-05-06 00:49:33,165,165,67,150,,,,,68,26.9,,,
Bogor,Kabupaten Bogor Leuwiliang,2026-05-06 00:00:00,80,58,25,,4,9,0,80,,,,,
Tangerang,Tangerang Pasir Jaya,2026-05-06 00:00:00,68,68,34,,58,63,0,65,,,,,
Bekasi,Bekasi Kayuringin,2026-05-06 00:00:00,45,45,23,,60,13,0,1,,,,,
Jakarta,The Pakubuwono Menteng,2026-05-06 00:51:49,120,120,48,87,,,,,58,29,,,
Depok,Cinere - Nafas,2026-05-06 00:51:33,166,166,69,151,,,,,68,26.8,,,
Bogor,Kabupaten Bogor Leuwiliang,2026-05-06 00:00:00,80,58,25,,4,9,0,80,,,,,
Tangerang,Tangerang Pasir Jaya,2026-05-06 00:00:00,68,68,34,,58,63,0,65,,,,,
Bekasi,Bekasi Kayuringin,2026-05-06 00:00:00,45,45,23,,60,13,0,1,,,,,
Jakarta,The Pakubuwono Menteng,2026-05-06 00:52:49,119,119,47,88,,,,,58,29,,,
Depok,Cinere - Nafas,2026-05-06 00:52:33,167,167,70,152,,,,,68,26.8,,,
Bogor,Kabupaten Bogor Leuwiliang,2026-05-06 00:00:00,80,58,25,,4,9,0,80,,,,,
Tangerang,Tangerang Pasir Jaya,2026-05-06 00:00:00,68,68,34,,58,63,0,65,,,,,
Bekasi,Bekasi Kayuringin,2026-05-06 00:00:00,45,45,23,,60,13,0,1,,,,,
Jakarta,The Pakubuwono Menteng,2026-05-06 00:53:49,119,119,47,86,,,,,58,29,,,
Depok,Cinere - Nafas,2026-05-06 00:53:33,167,167,69,152,,,,,68,26.8,,,
Bogor,Kabupaten Bogor Leuwiliang,2026-05-06 00:00:00,80,58,25,,4,9,0,80,,,,,
Tangerang,Tangerang Pasir Jaya,2026-05-06 00:00:00,68,68,34,,58,63,0,65,,,,,
Bekasi,Bekasi Kayuringin,2026-05-06 00:00:00,45,45,23,,60,13,0,1,,,,,
Jakarta,The Pakubuwono Menteng,2026-05-06 00:55:49,124,124,49,90,,,,,58,29,,,
Depok,Cinere - Nafas,2026-05-06 00:55:33,170,170,73,154,,,,,68,26.8,,,
Bogor,Kabupaten Bogor Leuwiliang,2026-05-06 00:00:00,80,58,25,,4,9,0,80,,,,,
Tangerang,Tangerang Pasir Jaya,2026-05-06 00:00:00,68,68,34,,58,63,0,65,,,,,
Bekasi,Bekasi Kayuringin,2026-05-06 00:00:00,45,45,23,,60,13,0,1,,,,,
Jakarta,The Pakubuwono Menteng,2026-05-06 00:56:49,116,116,45,86,,,,,58,28.9,,,
Depok,Cinere - Nafas,2026-05-06 00:56:33,170,170,73,154,,,,,68,26.8,,,
Bogor,Kabupaten Bogor Leuwiliang,2026-05-06 00:00:00,80,58,25,,4,9,0,80,,,,,
Tangerang,Tangerang Pasir Jaya,2026-05-06 00:00:00,68,68,34,,58,63,0,65,,,,,
Bekasi,Bekasi Kayuringin,2026-05-06 00:00:00,45,45,23,,60,13,0,1,,,,,
Jakarta,The Pakubuwono Menteng,2026-05-06 00:57:49,118,118,47,86,,,,,58,28.9,,,
Depok,Cinere - Nafas,2026-05-06 00:57:33,171,171,74,154,,,,,68,26.7,,,
Bogor,Kabupaten Bogor Leuwiliang,2026-05-06 00:00:00,80,58,25,,4,9,0,80,,,,,
Tangerang,Tangerang Pasir Jaya,2026-05-06 00:00:00,68,68,34,,58,63,0,65,,,,,
Bekasi,Bekasi Kayuringin,2026-05-06 00:00:00,45,45,23,,60,13,0,1,,,,,
Jakarta,The Pakubuwono Menteng,2026-05-06 00:58:49,123,123,51,90,,,,,58,28.9,,,
Depok,Cinere - Nafas,2026-05-06 00:58:33,171,171,73,155,,,,,68,26.7,,,
Bogor,Kabupaten Bogor Leuwiliang,2026-05-06 00:00:00,80,58,25,,4,9,0,80,,,,,
Tangerang,Tangerang Pasir Jaya,2026-05-06 00:00:00,68,68,34,,58,63,0,65,,,,,
Bekasi,Bekasi Kayuringin,2026-05-06 00:00:00,45,45,23,,60,13,0,1,,,,,
Jakarta,The Pakubuwono Menteng,2026-05-06 00:59:49,123,123,51,90,,,,,59,28.9,,,
Depok,Cinere - Nafas,2026-05-06 00:59:33,171,171,74,154,,,,,68,26.8,,,
Bogor,Kabupaten Bogor Leuwiliang,2026-05-06 00:00:00,80,58,25,,4,9,0,80,,,,,
Tangerang,Tangerang Pasir Jaya,2026-05-06 00:00:00,68,68,34,,58,63,0,65,,,,,
Bekasi,Bekasi Kayuringin,2026-05-06 00:00:00,45,45,23,,60,13,0,1,,,,,
Jakarta,The Pakubuwono Menteng,2026-05-06 01:00:49,131,131,52,94,,,,,59,28.9,,,
Depok,Cinere - Nafas,2026-05-06 01:00:34,170,170,73,154,,,,,68,26.8,,,
Bogor,Kabupaten Bogor Leuwiliang,2026-05-06 00:00:00,80,58,25,,4,9,0,80,,,,,
Tangerang,Tangerang Pasir Jaya,2026-05-06 00:00:00,68,68,34,,58,63,0,65,,,,,
Bekasi,Bekasi Kayuringin,2026-05-06 00:00:00,45,45,23,,60,13,0,1,,,,,
Jakarta,The Pakubuwono Menteng,2026-05-06 01:01:49,123,123,50,89,,,,,59,28.9,,,
Depok,Cinere - Nafas,2026-05-06 01:01:33,172,172,74,155,,,,,68,26.8,,,
Bogor,Kabupaten Bogor Leuwiliang,2026-05-06 01:00:00,80,58,26,,4,9,0,80,,,,,
Tangerang,Tangerang Pasir Jaya,2026-05-06 01:00:00,66,66,34,,58,63,0,65,,,,,
Bekasi,Bekasi Kayuringin,2026-05-06 01:00:00,52,52,24,,61,13,0,1,,,,,
Jakarta,The Pakubuwono Menteng,2026-05-06 01:03:49,122,122,48,89,,,,,59,28.9,,,
Depok,Cinere - Nafas,2026-05-06 01:03:33,171,171,75,155,,,,,68,26.8,,,
Bogor,Kabupaten Bogor Leuwiliang,2026-05-06 01:00:00,80,58,26,,4,9,0,80,,,,,
Tangerang,Tangerang Pasir Jaya,2026-05-06 01:00:00,66,66,34,,58,63,0,65,,,,,
Bekasi,Bekasi Kayuringin,2026-05-06 01:00:00,52,52,24,,61,13,0,1,,,,,
Jakarta,The Pakubuwono Menteng,2026-05-06 01:04:49,126,126,50,90,,,,,59,28.8,,,
Depok,Cinere - Nafas,2026-05-06 01:04:33,171,171,74,155,,,,,68,26.8,,,
Bogor,Kabupaten Bogor Leuwiliang,2026-05-06 01:00:00,80,58,26,,4,9,0,80,,,,,
Tangerang,Tangerang Pasir Jaya,2026-05-06 01:00:00,66,66,34,,58,63,0,65,,,,,
Bekasi,Bekasi Kayuringin,2026-05-06 01:00:00,52,52,24,,61,13,0,1,,,,,
Jakarta,The Pakubuwono Menteng,2026-05-06 01:06:50,128,128,52,92,,,,,59,28.8,,,
Depok,Cinere - Nafas,2026-05-06 01:06:34,170,170,72,153,,,,,68,26.8,,,
Bogor,Kabupaten Bogor Leuwiliang,2026-05-06 01:00:00,80,58,26,,4,9,0,80,,,,,
Tangerang,Tangerang Pasir Jaya,2026-05-06 01:00:00,66,66,34,,58,63,0,65,,,,,
Bekasi,Bekasi Kayuringin,2026-05-06 01:00:00,52,52,24,,61,13,0,1,,,,,
Jakarta,The Pakubuwono Menteng,2026-05-06 01:07:50,130,130,53,94,,,,,59,28.8,,,
Depok,Cinere - Nafas,2026-05-06 01:07:34,169,169,73,153,,,,,68,26.8,,,
Bogor,Kabupaten Bogor Leuwiliang,2026-05-06 01:00:00,80,58,26,,4,9,0,80,,,,,
Tangerang,Tangerang Pasir Jaya,2026-05-06 01:00:00,66,66,34,,58,63,0,65,,,,,
Bekasi,Bekasi Kayuringin,2026-05-06 01:00:00,52,52,24,,61,13,0,1,,,,,
Jakarta,The Pakubuwono Menteng,2026-05-06 01:08:49,135,135,53,96,,,,,59,28.8,,,
Depok,Cinere - Nafas,2026-05-06 01:08:33,169,169,72,153,,,,,68,26.8,,,
Bogor,Kabupaten Bogor Leuwiliang,2026-05-06 01:00:00,80,58,26,,4,9,0,80,,,,,
Tangerang,Tangerang Pasir Jaya,2026-05-06 01:00:00,66,66,34,,58,63,0,65,,,,,
Bekasi,Bekasi Kayuringin,2026-05-06 01:00:00,52,52,24,,61,13,0,1,,,,,
Jakarta,The Pakubuwono Menteng,2026-05-06 01:09:49,139,139,54,98,,,,,59,28.8,,,
Depok,Cinere - Nafas,2026-05-06 01:09:33,170,170,74,153,,,,,68,26.8,,,
Bogor,Kabupaten Bogor Leuwiliang,2026-05-06 01:00:00,80,58,26,,4,9,0,80,,,,,
Tangerang,Tangerang Pasir Jaya,2026-05-06 01:00:00,66,66,34,,58,63,0,65,,,,,
Bekasi,Bekasi Kayuringin,2026-05-06 01:00:00,52,52,24,,61,13,0,1,,,,,
Jakarta,The Pakubuwono Menteng,2026-05-06 01:10:50,132,132,53,95,,,,,59,28.8,,,
Depok,Cinere - Nafas,2026-05-06 01:10:33,171,171,73,153,,,,,68,26.8,,,
Bogor,Kabupaten Bogor Leuwiliang,2026-05-06 01:00:00,80,58,26,,4,9,0,80,,,,,
Tangerang,Tangerang Pasir Jaya,2026-05-06 01:00:00,66,66,34,,58,63,0,65,,,,,
Bekasi,Bekasi Kayuringin,2026-05-06 01:00:00,52,52,24,,61,13,0,1,,,,,
Jakarta,The Pakubuwono Menteng,2026-05-06 01:11:50,138,138,54,98,,,,,59,28.8,,,
Depok,Cinere - Nafas,2026-05-06 01:11:33,168,168,71,152,,,,,68,26.8,,,
Bogor,Kabupaten Bogor Leuwiliang,2026-05-06 01:00:00,80,58,26,,4,9,0,80,,,,,
Tangerang,Tangerang Pasir Jaya,2026-05-06 01:00:00,66,66,34,,58,63,0,65,,,,,
Bekasi,Bekasi Kayuringin,2026-05-06 01:00:00,52,52,24,,61,13,0,1,,,,,
Jakarta,The Pakubuwono Menteng,2026-05-06 01:13:50,136,136,53,96,,,,,59,28.8,,,
Depok,Cinere - Nafas,2026-05-06 01:13:33,169,169,72,153,,,,,68,26.8,,,
Bogor,Kabupaten Bogor Leuwiliang,2026-05-06 01:00:00,80,58,26,,4,9,0,80,,,,,
Tangerang,Tangerang Pasir Jaya,2026-05-06 01:00:00,66,66,34,,58,63,0,65,,,,,
Bekasi,Bekasi Kayuringin,2026-05-06 01:00:00,52,52,24,,61,13,0,1,,,,,
Jakarta,The Pakubuwono Menteng,2026-05-06 01:14:50,136,136,53,94,,,,,59,28.8,,,
Depok,Cinere - Nafas,2026-05-06 01:14:33,168,168,73,153,,,,,68,26.8,,,
Bogor,Kabupaten Bogor Leuwiliang,2026-05-06 01:00:00,80,58,26,,4,9,0,80,,,,,
Tangerang,Tangerang Pasir Jaya,2026-05-06 01:00:00,66,66,34,,58,63,0,65,,,,,
Bekasi,Bekasi Kayuringin,2026-05-06 01:00:00,52,52,24,,61,13,0,1,,,,,
Jakarta,The Pakubuwono Menteng,2026-05-06 01:15:50,130,130,52,93,,,,,59,28.7,,,
Depok,Cinere - Nafas,2026-05-06 01:15:33,170,170,73,154,,,,,68,26.8,,,
Bogor,Kabupaten Bogor Leuwiliang,2026-05-06 01:00:00,80,58,26,,4,9,0,80,,,,,
Tangerang,Tangerang Pasir Jaya,2026-05-06 01:00:00,66,66,34,,58,63,0,65,,,,,
Bekasi,Bekasi Kayuringin,2026-05-06 01:00:00,52,52,24,,61,13,0,1,,,,,
Jakarta,The Pakubuwono Menteng,2026-05-06 01:16:50,132,132,53,94,,,,,59,28.7,,,
Depok,Cinere - Nafas,2026-05-06 01:16:34,171,171,74,153,,,,,68,26.8,,,
Bogor,Kabupaten Bogor Leuwiliang,2026-05-06 01:00:00,80,58,26,,4,9,0,80,,,,,
Tangerang,Tangerang Pasir Jaya,2026-05-06 01:00:00,66,66,34,,58,63,0,65,,,,,
Bekasi,Bekasi Kayuringin,2026-05-06 01:00:00,52,52,24,,61,13,0,1,,,,,
Jakarta,The Pakubuwono Menteng,2026-05-06 01:17:50,127,127,51,92,,,,,59,28.7,,,
Depok,Cinere - Nafas,2026-05-06 01:17:33,170,170,73,153,,,,,68,26.8,,,
Bogor,Kabupaten Bogor Leuwiliang,2026-05-06 01:00:00,80,58,26,,4,9,0,80,,,,,
Tangerang,Tangerang Pasir Jaya,2026-05-06 01:00:00,66,66,34,,58,63,0,65,,,,,
Bekasi,Bekasi Kayuringin,2026-05-06 01:00:00,52,52,24,,61,13,0,1,,,,,
Jakarta,The Pakubuwono Menteng,2026-05-06 01:18:50,127,127,52,93,,,,,59,28.7,,,
Depok,Cinere - Nafas,2026-05-06 01:18:33,169,169,71,152,,,,,68,26.8,,,
Bogor,Kabupaten Bogor Leuwiliang,2026-05-06 01:00:00,80,58,26,,4,9,0,80,,,,,
Tangerang,Tangerang Pasir Jaya,2026-05-06 01:00:00,66,66,34,,58,63,0,65,,,,,
Bekasi,Bekasi Kayuringin,2026-05-06 01:00:00,52,52,24,,61,13,0,1,,,,,
Jakarta,The Pakubuwono Menteng,2026-05-06 01:19:50,132,132,53,96,,,,,59,28.7,,,
Depok,Cinere - Nafas,2026-05-06 01:19:33,169,169,72,152,,,,,68,26.8,,,
Bogor,Kabupaten Bogor Leuwiliang,2026-05-06 01:00:00,80,58,26,,4,9,0,80,,,,,
Tangerang,Tangerang Pasir Jaya,2026-05-06 01:00:00,66,66,34,,58,63,0,65,,,,,
Bekasi,Bekasi Kayuringin,2026-05-06 01:00:00,52,52,24,,61,13,0,1,,,,,
Jakarta,The Pakubuwono Menteng,2026-05-06 01:21:50,135,135,53,95,,,,,59,28.7,,,
Depok,Cinere - Nafas,2026-05-06 01:21:33,168,168,71,152,,,,,68,26.8,,,
Bogor,Kabupaten Bogor Leuwiliang,2026-05-06 01:00:00,80,58,26,,4,9,0,80,,,,,
Tangerang,Tangerang Pasir Jaya,2026-05-06 01:00:00,66,66,34,,58,63,0,65,,,,,
Bekasi,Bekasi Kayuringin,2026-05-06 01:00:00,52,52,24,,61,13,0,1,,,,,
Jakarta,The Pakubuwono Menteng,2026-05-06 01:23:50,140,140,55,100,,,,,60,28.7,,,
Depok,Cinere - Nafas,2026-05-06 01:23:33,170,170,73,153,,,,,68,26.8,,,
Bogor,Kabupaten Bogor Leuwiliang,2026-05-06 01:00:00,80,58,26,,4,9,0,80,,,,,
Tangerang,Tangerang Pasir Jaya,2026-05-06 01:00:00,66,66,34,,58,63,0,65,,,,,
Bekasi,Bekasi Kayuringin,2026-05-06 01:00:00,52,52,24,,61,13,0,1,,,,,
Jakarta,The Pakubuwono Menteng,2026-05-06 01:24:50,136,136,53,95,,,,,60,28.7,,,
Depok,Cinere - Nafas,2026-05-06 01:24:34,168,168,71,152,,,,,68,26.8,,,
Bogor,Kabupaten Bogor Leuwiliang,2026-05-06 01:00:00,80,58,26,,4,9,0,80,,,,,
Tangerang,Tangerang Pasir Jaya,2026-05-06 01:00:00,66,66,34,,58,63,0,65,,,,,
Bekasi,Bekasi Kayuringin,2026-05-06 01:00:00,52,52,24,,61,13,0,1,,,,,
Jakarta,The Pakubuwono Menteng,2026-05-06 01:25:50,136,136,53,96,,,,,59,28.7,,,
Depok,Cinere - Nafas,2026-05-06 01:25:34,169,169,71,151,,,,,68,26.7,,,
Bogor,Kabupaten Bogor Leuwiliang,2026-05-06 01:00:00,80,58,26,,4,9,0,80,,,,,
Tangerang,Tangerang Pasir Jaya,2026-05-06 01:00:00,66,66,34,,58,63,0,65,,,,,
Bekasi,Bekasi Kayuringin,2026-05-06 01:00:00,52,52,24,,61,13,0,1,,,,,
Jakarta,The Pakubuwono Menteng,2026-05-06 01:26:50,135,135,54,96,,,,,60,28.7,,,
Depok,Cinere - Nafas,2026-05-06 01:26:34,169,169,73,153,,,,,68,26.7,,,
Bogor,Kabupaten Bogor Leuwiliang,2026-05-06 01:00:00,80,58,26,,4,9,0,80,,,,,
Tangerang,Tangerang Pasir Jaya,2026-05-06 01:00:00,66,66,34,,58,63,0,65,,,,,
Bekasi,Bekasi Kayuringin,2026-05-06 01:00:00,52,52,24,,61,13,0,1,,,,,
Jakarta,The Pakubuwono Menteng,2026-05-06 01:26:50,135,135,54,96,,,,,60,28.7,,,
Depok,Cinere - Nafas,2026-05-06 01:26:34,169,169,73,153,,,,,68,26.7,,,
Bogor,Kabupaten Bogor Leuwiliang,2026-05-06 01:00:00,80,58,26,,4,9,0,80,,,,,
Tangerang,Tangerang Pasir Jaya,2026-05-06 01:00:00,66,66,34,,58,63,0,65,,,,,
Bekasi,Bekasi Kayuringin,2026-05-06 01:00:00,52,52,24,,61,13,0,1,,,,,
Jakarta,The Pakubuwono Menteng,2026-05-06 01:28:50,126,126,50,91,,,,,59,28.7,,,
Depok,Cinere - Nafas,2026-05-06 01:28:34,168,168,70,153,,,,,68,26.7,,,
Bogor,Kabupaten Bogor Leuwiliang,2026-05-06 01:00:00,80,58,26,,4,9,0,80,,,,,
Tangerang,Tangerang Pasir Jaya,2026-05-06 01:00:00,66,66,34,,58,63,0,65,,,,,
Bekasi,Bekasi Kayuringin,2026-05-06 01:00:00,52,52,24,,61,13,0,1,,,,,
Jakarta,The Pakubuwono Menteng,2026-05-06 01:29:50,123,123,50,90,,,,,59,28.7,,,
Depok,Cinere - Nafas,2026-05-06 01:29:34,169,169,72,152,,,,,68,26.7,,,
Bogor,Kabupaten Bogor Leuwiliang,2026-05-06 01:00:00,80,58,26,,4,9,0,80,,,,,
Tangerang,Tangerang Pasir Jaya,2026-05-06 01:00:00,66,66,34,,58,63,0,65,,,,,
Bekasi,Bekasi Kayuringin,2026-05-06 01:00:00,52,52,24,,61,13,0,1,,,,,
Jakarta,The Pakubuwono Menteng,2026-05-06 01:31:50,121,121,48,88,,,,,59,28.7,,,
Depok,Cinere - Nafas,2026-05-06 01:31:34,169,169,72,154,,,,,68,26.7,,,
Bogor,Kabupaten Bogor Leuwiliang,2026-05-06 01:00:00,80,58,26,,4,9,0,80,,,,,
Tangerang,Tangerang Pasir Jaya,2026-05-06 01:00:00,66,66,34,,58,63,0,65,,,,,
Bekasi,Bekasi Kayuringin,2026-05-06 01:00:00,52,52,24,,61,13,0,1,,,,,
Jakarta,The Pakubuwono Menteng,2026-05-06 01:32:50,117,117,47,87,,,,,59,28.7,,,
Depok,Cinere - Nafas,2026-05-06 01:32:34,168,168,71,153,,,,,68,26.7,,,
Bogor,Kabupaten Bogor Leuwiliang,2026-05-06 01:00:00,80,58,26,,4,9,0,80,,,,,
Tangerang,Tangerang Pasir Jaya,2026-05-06 01:00:00,66,66,34,,58,63,0,65,,,,,
Bekasi,Bekasi Kayuringin,2026-05-06 01:00:00,52,52,24,,61,13,0,1,,,,,
Jakarta,The Pakubuwono Menteng,2026-05-06 01:33:50,113,113,45,84,,,,,59,28.7,,,
Depok,Cinere - Nafas,2026-05-06 01:33:34,169,169,71,152,,,,,68,26.7,,,
Bogor,Kabupaten Bogor Leuwiliang,2026-05-06 01:00:00,80,58,26,,4,9,0,80,,,,,
Tangerang,Tangerang Pasir Jaya,2026-05-06 01:00:00,66,66,34,,58,63,0,65,,,,,
Bekasi,Bekasi Kayuringin,2026-05-06 01:00:00,52,52,24,,61,13,0,1,,,,,
Jakarta,The Pakubuwono Menteng,2026-05-06 01:34:50,125,125,51,90,,,,,59,28.8,,,
Depok,Cinere - Nafas,2026-05-06 01:34:33,169,169,71,152,,,,,68,26.7,,,
Bogor,Kabupaten Bogor Leuwiliang,2026-05-06 01:00:00,80,58,26,,4,9,0,80,,,,,
Tangerang,Tangerang Pasir Jaya,2026-05-06 01:00:00,66,66,34,,58,63,0,65,,,,,
Bekasi,Bekasi Kayuringin,2026-05-06 01:00:00,52,52,24,,61,13,0,1,,,,,
Jakarta,The Pakubuwono Menteng,2026-05-06 01:36:50,127,127,51,93,,,,,59,28.8,,,
Depok,Cinere - Nafas,2026-05-06 01:36:34,168,168,70,152,,,,,68,26.7,,,
Bogor,Kabupaten Bogor Leuwiliang,2026-05-06 01:00:00,80,58,26,,4,9,0,80,,,,,
Tangerang,Tangerang Pasir Jaya,2026-05-06 01:00:00,66,66,34,,58,63,0,65,,,,,
Bekasi,Bekasi Kayuringin,2026-05-06 01:00:00,52,52,24,,61,13,0,1,,,,,
Jakarta,The Pakubuwono Menteng,2026-05-06 01:37:50,130,130,52,95,,,,,59,28.8,,,
Depok,Cinere - Nafas,2026-05-06 01:37:34,168,168,70,152,,,,,68,26.7,,,
Bogor,Kabupaten Bogor Leuwiliang,2026-05-06 01:00:00,80,58,26,,4,9,0,80,,,,,
Tangerang,Tangerang Pasir Jaya,2026-05-06 01:00:00,66,66,34,,58,63,0,65,,,,,
Bekasi,Bekasi Kayuringin,2026-05-06 01:00:00,52,52,24,,61,13,0,1,,,,,
Jakarta,The Pakubuwono Menteng,2026-05-06 01:38:50,134,134,53,93,,,,,59,28.8,,,
Depok,Cinere - Nafas,2026-05-06 01:38:34,169,169,73,153,,,,,68,26.7,,,
Bogor,Kabupaten Bogor Leuwiliang,2026-05-06 01:00:00,80,58,26,,4,9,0,80,,,,,
Tangerang,Tangerang Pasir Jaya,2026-05-06 01:00:00,66,66,34,,58,63,0,65,,,,,
Bekasi,Bekasi Kayuringin,2026-05-06 01:00:00,52,52,24,,61,13,0,1,,,,,
Jakarta,The Pakubuwono Menteng,2026-05-06 01:40:50,137,137,54,97,,,,,59,28.8,,,
Depok,Cinere - Nafas,2026-05-06 01:40:56,168,168,71,152,,,,,69,26.7,,,
Bogor,Kabupaten Bogor Leuwiliang,2026-05-06 01:00:00,80,58,26,,4,9,0,80,,,,,
Tangerang,Tangerang Pasir Jaya,2026-05-06 01:00:00,66,66,34,,58,63,0,65,,,,,
Bekasi,Bekasi Kayuringin,2026-05-06 01:00:00,52,52,24,,61,13,0,1,,,,,
Jakarta,The Pakubuwono Menteng,2026-05-06 01:41:50,138,138,54,98,,,,,59,28.8,,,
Depok,Cinere - Nafas,2026-05-06 01:41:56,168,168,72,152,,,,,69,26.7,,,
Bogor,Kabupaten Bogor Leuwiliang,2026-05-06 01:00:00,80,58,26,,4,9,0,80,,,,,
Tangerang,Tangerang Pasir Jaya,2026-05-06 01:00:00,66,66,34,,58,63,0,65,,,,,
Bekasi,Bekasi Kayuringin,2026-05-06 01:00:00,52,52,24,,61,13,0,1,,,,,
Jakarta,The Pakubuwono Menteng,2026-05-06 01:41:50,138,138,54,98,,,,,59,28.8,,,
Depok,Cinere - Nafas,2026-05-06 01:41:56,168,168,72,152,,,,,69,26.7,,,
Bogor,Kabupaten Bogor Leuwiliang,2026-05-06 01:00:00,80,58,26,,4,9,0,80,,,,,
Tangerang,Tangerang Pasir Jaya,2026-05-06 01:00:00,66,66,34,,58,63,0,65,,,,,
Bekasi,Bekasi Kayuringin,2026-05-06 01:00:00,52,52,24,,61,13,0,1,,,,,
Jakarta,The Pakubuwono Menteng,2026-05-06 01:43:50,136,136,53,98,,,,,59,28.8,,,
Depok,Cinere - Nafas,2026-05-06 01:43:56,171,171,73,153,,,,,68,26.7,,,
Bogor,Kabupaten Bogor Leuwiliang,2026-05-06 01:00:00,80,58,26,,4,9,0,80,,,,,
Tangerang,Tangerang Pasir Jaya,2026-05-06 01:00:00,66,66,34,,58,63,0,65,,,,,
Bekasi,Bekasi Kayuringin,2026-05-06 01:00:00,52,52,24,,61,13,0,1,,,,,
Jakarta,The Pakubuwono Menteng,2026-05-06 01:44:50,141,141,54,101,,,,,60,28.8,,,
Depok,Cinere - Nafas,2026-05-06 01:44:56,170,170,73,154,,,,,68,26.6,,,
Bogor,Kabupaten Bogor Leuwiliang,2026-05-06 01:00:00,80,58,26,,4,9,0,80,,,,,
Tangerang,Tangerang Pasir Jaya,2026-05-06 01:00:00,66,66,34,,58,63,0,65,,,,,
Bekasi,Bekasi Kayuringin,2026-05-06 01:00:00,52,52,24,,61,13,0,1,,,,,
Jakarta,The Pakubuwono Menteng,2026-05-06 01:45:50,140,140,54,96,,,,,59,28.8,,,
Depok,Cinere - Nafas,2026-05-06 01:45:56,170,170,73,153,,,,,68,26.6,,,
Bogor,Kabupaten Bogor Leuwiliang,2026-05-06 01:00:00,80,58,26,,4,9,0,80,,,,,
Tangerang,Tangerang Pasir Jaya,2026-05-06 01:00:00,66,66,34,,58,63,0,65,,,,,
Bekasi,Bekasi Kayuringin,2026-05-06 01:00:00,52,52,24,,61,13,0,1,,,,,
Jakarta,The Pakubuwono Menteng,2026-05-06 01:46:50,134,134,53,95,,,,,59,28.8,,,
Depok,Cinere - Nafas,2026-05-06 01:46:56,172,172,75,154,,,,,68,26.6,,,
Bogor,Kabupaten Bogor Leuwiliang,2026-05-06 01:00:00,80,58,26,,4,9,0,80,,,,,
Tangerang,Tangerang Pasir Jaya,2026-05-06 01:00:00,66,66,34,,58,63,0,65,,,,,
Bekasi,Bekasi Kayuringin,2026-05-06 01:00:00,52,52,24,,61,13,0,1,,,,,
Jakarta,The Pakubuwono Menteng,2026-05-06 01:47:51,135,135,53,95,,,,,59,28.8,,,
Depok,Cinere - Nafas,2026-05-06 01:48:56,171,171,73,154,,,,,69,26.6,,,
Bogor,Kabupaten Bogor Leuwiliang,2026-05-06 01:00:00,80,58,26,,4,9,0,80,,,,,
Tangerang,Tangerang Pasir Jaya,2026-05-06 01:00:00,66,66,34,,58,63,0,65,,,,,
Bekasi,Bekasi Kayuringin,2026-05-06 01:00:00,52,52,24,,61,13,0,1,,,,,
Jakarta,The Pakubuwono Menteng,2026-05-06 01:49:51,138,138,54,96,,,,,59,28.8,,,
Depok,Cinere - Nafas,2026-05-06 01:49:56,172,172,75,155,,,,,69,26.6,,,
Bogor,Kabupaten Bogor Leuwiliang,2026-05-06 01:00:00,80,58,26,,4,9,0,80,,,,,
Tangerang,Tangerang Pasir Jaya,2026-05-06 01:00:00,66,66,34,,58,63,0,65,,,,,
Bekasi,Bekasi Kayuringin,2026-05-06 01:00:00,52,52,24,,61,13,0,1,,,,,
Jakarta,The Pakubuwono Menteng,2026-05-06 01:51:50,136,136,54,96,,,,,59,28.8,,,
Depok,Cinere - Nafas,2026-05-06 01:51:56,172,172,76,156,,,,,68,26.6,,,
Bogor,Kabupaten Bogor Leuwiliang,2026-05-06 01:00:00,80,58,26,,4,9,0,80,,,,,
Tangerang,Tangerang Pasir Jaya,2026-05-06 01:00:00,66,66,34,,58,63,0,65,,,,,
Bekasi,Bekasi Kayuringin,2026-05-06 01:00:00,52,52,24,,61,13,0,1,,,,,
Jakarta,The Pakubuwono Menteng,2026-05-06 01:52:50,136,136,55,97,,,,,59,28.8,,,
Depok,Cinere - Nafas,2026-05-06 01:52:56,172,172,76,155,,,,,69,26.6,,,
Bogor,Kabupaten Bogor Leuwiliang,2026-05-06 01:00:00,80,58,26,,4,9,0,80,,,,,
Tangerang,Tangerang Pasir Jaya,2026-05-06 01:00:00,66,66,34,,58,63,0,65,,,,,
Bekasi,Bekasi Kayuringin,2026-05-06 01:00:00,52,52,24,,61,13,0,1,,,,,
Jakarta,The Pakubuwono Menteng,2026-05-06 01:53:50,140,140,54,100,,,,,59,28.8,,,
Depok,Cinere - Nafas,2026-05-06 01:53:56,174,174,77,156,,,,,69,26.6,,,
Bogor,Kabupaten Bogor Leuwiliang,2026-05-06 01:00:00,80,58,26,,4,9,0,80,,,,,
Tangerang,Tangerang Pasir Jaya,2026-05-06 01:00:00,66,66,34,,58,63,0,65,,,,,
Bekasi,Bekasi Kayuringin,2026-05-06 01:00:00,52,52,24,,61,13,0,1,,,,,
Jakarta,The Pakubuwono Menteng,2026-05-06 01:53:50,140,140,54,100,,,,,59,28.8,,,
Depok,Cinere - Nafas,2026-05-06 01:53:56,174,174,77,156,,,,,69,26.6,,,
Bogor,Kabupaten Bogor Leuwiliang,2026-05-06 01:00:00,80,58,26,,4,9,0,80,,,,,
Tangerang,Tangerang Pasir Jaya,2026-05-06 01:00:00,66,66,34,,58,63,0,65,,,,,
Bekasi,Bekasi Kayuringin,2026-05-06 01:00:00,52,52,24,,61,13,0,1,,,,,
Jakarta,The Pakubuwono Menteng,2026-05-06 01:54:51,143,143,55,100,,,,,60,28.8,,,
Depok,Cinere - Nafas,2026-05-06 01:53:56,174,174,77,156,,,,,69,26.6,,,
Bogor,Kabupaten Bogor Leuwiliang,2026-05-06 01:00:00,80,58,26,,4,9,0,80,,,,,
Tangerang,Tangerang Pasir Jaya,2026-05-06 01:00:00,66,66,34,,58,63,0,65,,,,,
Bekasi,Bekasi Kayuringin,2026-05-06 01:00:00,52,52,24,,61,13,0,1,,,,,
Jakarta,The Pakubuwono Menteng,2026-05-06 01:55:51,140,140,55,105,,,,,60,28.8,,,
Depok,Cinere - Nafas,2026-05-06 01:53:56,174,174,77,156,,,,,69,26.6,,,
Bogor,Kabupaten Bogor Leuwiliang,2026-05-06 01:00:00,80,58,26,,4,9,0,80,,,,,
Tangerang,Tangerang Pasir Jaya,2026-05-06 01:00:00,66,66,34,,58,63,0,65,,,,,
Bekasi,Bekasi Kayuringin,2026-05-06 01:00:00,52,52,24,,61,13,0,1,,,,,
Jakarta,The Pakubuwono Menteng,2026-05-06 01:58:51,140,140,56,100,,,,,60,28.8,,,
Depok,Cinere - Nafas,2026-05-06 01:58:40,177,177,80,159,,,,,68,26.6,,,
Bogor,Kabupaten Bogor Leuwiliang,2026-05-06 01:00:00,80,58,26,,4,9,0,80,,,,,
Tangerang,Tangerang Pasir Jaya,2026-05-06 01:00:00,66,66,34,,58,63,0,65,,,,,
Bekasi,Bekasi Kayuringin,2026-05-06 01:00:00,52,52,24,,61,13,0,1,,,,,
Jakarta,The Pakubuwono Menteng,2026-05-06 01:59:51,144,144,56,101,,,,,60,28.8,,,
Depok,Cinere - Nafas,2026-05-06 01:59:41,178,178,82,158,,,,,69,26.5,,,
Bogor,Kabupaten Bogor Leuwiliang,2026-05-06 01:00:00,80,58,26,,4,9,0,80,,,,,
Tangerang,Tangerang Pasir Jaya,2026-05-06 01:00:00,66,66,34,,58,63,0,65,,,,,
Bekasi,Bekasi Kayuringin,2026-05-06 01:00:00,52,52,24,,61,13,0,1,,,,,
Jakarta,The Pakubuwono Menteng,2026-05-06 02:00:51,148,148,56,105,,,,,60,28.8,,,
Depok,Cinere - Nafas,2026-05-06 02:00:40,176,176,80,157,,,,,69,26.5,,,
Bogor,Kabupaten Bogor Leuwiliang,2026-05-06 01:00:00,80,58,26,,4,9,0,80,,,,,
Tangerang,Tangerang Pasir Jaya,2026-05-06 01:00:00,66,66,34,,58,63,0,65,,,,,
Bekasi,Bekasi Kayuringin,2026-05-06 01:00:00,52,52,24,,61,13,0,1,,,,,
Jakarta,The Pakubuwono Menteng,2026-05-06 02:01:51,143,143,56,106,,,,,60,28.8,,,
Depok,Cinere - Nafas,2026-05-06 02:01:40,175,175,79,157,,,,,69,26.5,,,
Bogor,Kabupaten Bogor Leuwiliang,2026-05-06 02:00:00,80,58,26,,4,9,0,80,,,,,
Tangerang,Tangerang Pasir Jaya,2026-05-06 02:00:00,66,66,34,,58,63,0,65,,,,,
Bekasi,Bekasi Kayuringin,2026-05-06 02:00:00,55,55,25,,61,13,0,1,,,,,
Jakarta,The Pakubuwono Menteng,2026-05-06 02:02:51,141,141,56,101,,,,,60,28.8,,,
Depok,Cinere - Nafas,2026-05-06 02:02:41,177,177,81,159,,,,,69,26.5,,,
Bogor,Kabupaten Bogor Leuwiliang,2026-05-06 02:00:00,80,58,26,,4,9,0,80,,,,,
Tangerang,Tangerang Pasir Jaya,2026-05-06 02:00:00,66,66,34,,58,63,0,65,,,,,
Bekasi,Bekasi Kayuringin,2026-05-06 02:00:00,55,55,25,,61,13,0,1,,,,,
Jakarta,The Pakubuwono Menteng,2026-05-06 02:03:51,137,137,54,97,,,,,60,28.7,,,
Depok,Cinere - Nafas,2026-05-06 02:03:40,177,177,79,158,,,,,69,26.5,,,
Bogor,Kabupaten Bogor Leuwiliang,2026-05-06 02:00:00,80,58,26,,4,9,0,80,,,,,
Tangerang,Tangerang Pasir Jaya,2026-05-06 02:00:00,66,66,34,,58,63,0,65,,,,,
Bekasi,Bekasi Kayuringin,2026-05-06 02:00:00,55,55,25,,61,13,0,1,,,,,
Jakarta,The Pakubuwono Menteng,2026-05-06 02:04:51,136,136,54,97,,,,,60,28.8,,,
Depok,Cinere - Nafas,2026-05-06 02:04:41,177,177,81,157,,,,,69,26.6,,,
Bogor,Kabupaten Bogor Leuwiliang,2026-05-06 02:00:00,80,58,26,,4,9,0,80,,,,,
Tangerang,Tangerang Pasir Jaya,2026-05-06 02:00:00,66,66,34,,58,63,0,65,,,,,
Bekasi,Bekasi Kayuringin,2026-05-06 02:00:00,55,55,25,,61,13,0,1,,,,,
Jakarta,The Pakubuwono Menteng,2026-05-06 02:06:51,136,136,53,97,,,,,60,28.8,,,
Depok,Cinere - Nafas,2026-05-06 02:06:41,176,176,80,158,,,,,69,26.6,,,
Bogor,Kabupaten Bogor Leuwiliang,2026-05-06 02:00:00,80,58,26,,4,9,0,80,,,,,
Tangerang,Tangerang Pasir Jaya,2026-05-06 02:00:00,66,66,34,,58,63,0,65,,,,,
Bekasi,Bekasi Kayuringin,2026-05-06 02:00:00,55,55,25,,61,13,0,1,,,,,
Jakarta,The Pakubuwono Menteng,2026-05-06 02:07:51,127,127,51,89,,,,,60,28.8,,,
Depok,Cinere - Nafas,2026-05-06 02:07:41,176,176,80,157,,,,,69,26.6,,,
Bogor,Kabupaten Bogor Leuwiliang,2026-05-06 02:00:00,80,58,26,,4,9,0,80,,,,,
Tangerang,Tangerang Pasir Jaya,2026-05-06 02:00:00,66,66,34,,58,63,0,65,,,,,
Bekasi,Bekasi Kayuringin,2026-05-06 02:00:00,55,55,25,,61,13,0,1,,,,,
Jakarta,The Pakubuwono Menteng,2026-05-06 02:08:51,127,127,51,94,,,,,60,28.8,,,
Depok,Cinere - Nafas,2026-05-06 02:08:41,179,179,81,159,,,,,69,26.5,,,
Bogor,Kabupaten Bogor Leuwiliang,2026-05-06 02:00:00,80,58,26,,4,9,0,80,,,,,
Tangerang,Tangerang Pasir Jaya,2026-05-06 02:00:00,66,66,34,,58,63,0,65,,,,,
Bekasi,Bekasi Kayuringin,2026-05-06 02:00:00,55,55,25,,61,13,0,1,,,,,
Jakarta,The Pakubuwono Menteng,2026-05-06 02:09:51,130,130,52,94,,,,,60,28.8,,,
Depok,Cinere - Nafas,2026-05-06 02:09:41,179,179,81,159,,,,,69,26.5,,,
Bogor,Kabupaten Bogor Leuwiliang,2026-05-06 02:00:00,80,58,26,,4,9,0,80,,,,,
Tangerang,Tangerang Pasir Jaya,2026-05-06 02:00:00,66,66,34,,58,63,0,65,,,,,
Bekasi,Bekasi Kayuringin,2026-05-06 02:00:00,55,55,25,,61,13,0,1,,,,,
Jakarta,The Pakubuwono Menteng,2026-05-06 02:10:51,132,132,53,95,,,,,60,28.8,,,
Depok,Cinere - Nafas,2026-05-06 02:10:41,178,178,81,159,,,,,69,26.5,,,
Bogor,Kabupaten Bogor Leuwiliang,2026-05-06 02:00:00,80,58,26,,4,9,0,80,,,,,
Tangerang,Tangerang Pasir Jaya,2026-05-06 02:00:00,66,66,34,,58,63,0,65,,,,,
Bekasi,Bekasi Kayuringin,2026-05-06 02:00:00,55,55,25,,61,13,0,1,,,,,
Jakarta,The Pakubuwono Menteng,2026-05-06 02:12:51,128,128,52,94,,,,,60,28.8,,,
Depok,Cinere - Nafas,2026-05-06 02:12:41,177,177,81,158,,,,,69,26.5,,,
Bogor,Kabupaten Bogor Leuwiliang,2026-05-06 02:00:00,80,58,26,,4,9,0,80,,,,,
Tangerang,Tangerang Pasir Jaya,2026-05-06 02:00:00,66,66,34,,58,63,0,65,,,,,
Bekasi,Bekasi Kayuringin,2026-05-06 02:00:00,55,55,25,,61,13,0,1,,,,,
Jakarta,The Pakubuwono Menteng,2026-05-06 02:13:51,135,135,53,95,,,,,60,28.8,,,
Depok,Cinere - Nafas,2026-05-06 02:13:41,177,177,81,159,,,,,69,26.5,,,
Bogor,Kabupaten Bogor Leuwiliang,2026-05-06 02:00:00,80,58,26,,4,9,0,80,,,,,
Tangerang,Tangerang Pasir Jaya,2026-05-06 02:00:00,66,66,34,,58,63,0,65,,,,,
Bekasi,Bekasi Kayuringin,2026-05-06 02:00:00,55,55,25,,61,13,0,1,,,,,
Jakarta,The Pakubuwono Menteng,2026-05-06 02:14:51,127,127,51,93,,,,,60,28.8,,,
Depok,Cinere - Nafas,2026-05-06 02:14:41,177,177,80,158,,,,,69,26.5,,,
Bogor,Kabupaten Bogor Leuwiliang,2026-05-06 02:00:00,80,58,26,,4,9,0,80,,,,,
Tangerang,Tangerang Pasir Jaya,2026-05-06 02:00:00,66,66,34,,58,63,0,65,,,,,
Bekasi,Bekasi Kayuringin,2026-05-06 02:00:00,55,55,25,,61,13,0,1,,,,,
Jakarta,The Pakubuwono Menteng,2026-05-06 02:16:51,128,128,51,92,,,,,60,28.9,,,
Depok,Cinere - Nafas,2026-05-06 02:16:41,177,177,82,160,,,,,69,26.5,,,
Bogor,Kabupaten Bogor Leuwiliang,2026-05-06 02:00:00,80,58,26,,4,9,0,80,,,,,
Tangerang,Tangerang Pasir Jaya,2026-05-06 02:00:00,66,66,34,,58,63,0,65,,,,,
Bekasi,Bekasi Kayuringin,2026-05-06 02:00:00,55,55,25,,61,13,0,1,,,,,
Jakarta,The Pakubuwono Menteng,2026-05-06 02:17:51,126,126,51,90,,,,,60,28.9,,,
Depok,Cinere - Nafas,2026-05-06 02:17:41,177,177,81,159,,,,,69,26.5,,,
Bogor,Kabupaten Bogor Leuwiliang,2026-05-06 02:00:00,80,58,26,,4,9,0,80,,,,,
Tangerang,Tangerang Pasir Jaya,2026-05-06 02:00:00,66,66,34,,58,63,0,65,,,,,
Bekasi,Bekasi Kayuringin,2026-05-06 02:00:00,55,55,25,,61,13,0,1,,,,,
Jakarta,The Pakubuwono Menteng,2026-05-06 02:18:51,125,125,50,89,,,,,59,28.9,,,
Depok,Cinere - Nafas,2026-05-06 02:18:41,177,177,80,159,,,,,69,26.5,,,
Bogor,Kabupaten Bogor Leuwiliang,2026-05-06 02:00:00,80,58,26,,4,9,0,80,,,,,
Tangerang,Tangerang Pasir Jaya,2026-05-06 02:00:00,66,66,34,,58,63,0,65,,,,,
Bekasi,Bekasi Kayuringin,2026-05-06 02:00:00,55,55,25,,61,13,0,1,,,,,
Jakarta,The Pakubuwono Menteng,2026-05-06 02:19:51,125,125,51,89,,,,,59,28.9,,,
Depok,Cinere - Nafas,2026-05-06 02:19:41,178,178,82,159,,,,,69,26.5,,,
Bogor,Kabupaten Bogor Leuwiliang,2026-05-06 02:00:00,80,58,26,,4,9,0,80,,,,,
Tangerang,Tangerang Pasir Jaya,2026-05-06 02:00:00,66,66,34,,58,63,0,65,,,,,
Bekasi,Bekasi Kayuringin,2026-05-06 02:00:00,55,55,25,,61,13,0,1,,,,,
Jakarta,The Pakubuwono Menteng,2026-05-06 02:20:51,123,123,50,89,,,,,59,28.9,,,
Depok,Cinere - Nafas,2026-05-06 02:20:41,177,177,80,159,,,,,69,26.5,,,
Bogor,Kabupaten Bogor Leuwiliang,2026-05-06 02:00:00,80,58,26,,4,9,0,80,,,,,
Tangerang,Tangerang Pasir Jaya,2026-05-06 02:00:00,66,66,34,,58,63,0,65,,,,,
Bekasi,Bekasi Kayuringin,2026-05-06 02:00:00,55,55,25,,61,13,0,1,,,,,
Jakarta,The Pakubuwono Menteng,2026-05-06 02:21:51,123,123,49,91,,,,,59,28.9,,,
Depok,Cinere - Nafas,2026-05-06 02:21:41,177,177,80,158,,,,,69,26.5,,,
Bogor,Kabupaten Bogor Leuwiliang,2026-05-06 02:00:00,80,58,26,,4,9,0,80,,,,,
Tangerang,Tangerang Pasir Jaya,2026-05-06 02:00:00,66,66,34,,58,63,0,65,,,,,
Bekasi,Bekasi Kayuringin,2026-05-06 02:00:00,55,55,25,,61,13,0,1,,,,,
Jakarta,The Pakubuwono Menteng,2026-05-06 02:22:51,125,125,50,91,,,,,59,28.9,,,
Depok,Cinere - Nafas,2026-05-06 02:22:41,175,175,77,158,,,,,69,26.5,,,
Bogor,Kabupaten Bogor Leuwiliang,2026-05-06 02:00:00,80,58,26,,4,9,0,80,,,,,
Tangerang,Tangerang Pasir Jaya,2026-05-06 02:00:00,66,66,34,,58,63,0,65,,,,,
Bekasi,Bekasi Kayuringin,2026-05-06 02:00:00,55,55,25,,61,13,0,1,,,,,
Jakarta,The Pakubuwono Menteng,2026-05-06 02:23:51,122,122,50,89,,,,,59,29,,,
Depok,Cinere - Nafas,2026-05-06 02:23:41,175,175,79,157,,,,,69,26.5,,,
Bogor,Kabupaten Bogor Leuwiliang,2026-05-06 02:00:00,80,58,26,,4,9,0,80,,,,,
Tangerang,Tangerang Pasir Jaya,2026-05-06 02:00:00,66,66,34,,58,63,0,65,,,,,
Bekasi,Bekasi Kayuringin,2026-05-06 02:00:00,55,55,25,,61,13,0,1,,,,,
Jakarta,The Pakubuwono Menteng,2026-05-06 02:25:51,120,120,48,87,,,,,59,29,,,
Depok,Cinere - Nafas,2026-05-06 02:25:41,177,177,78,157,,,,,69,26.5,,,
Bogor,Kabupaten Bogor Leuwiliang,2026-05-06 02:00:00,80,58,26,,4,9,0,80,,,,,
Tangerang,Tangerang Pasir Jaya,2026-05-06 02:00:00,66,66,34,,58,63,0,65,,,,,
Bekasi,Bekasi Kayuringin,2026-05-06 02:00:00,55,55,25,,61,13,0,1,,,,,
Jakarta,The Pakubuwono Menteng,2026-05-06 02:26:51,118,118,47,88,,,,,59,29,,,
Depok,Cinere - Nafas,2026-05-06 02:26:41,175,175,79,157,,,,,69,26.5,,,
Bogor,Kabupaten Bogor Leuwiliang,2026-05-06 02:00:00,80,58,26,,4,9,0,80,,,,,
Tangerang,Tangerang Pasir Jaya,2026-05-06 02:00:00,66,66,34,,58,63,0,65,,,,,
Bekasi,Bekasi Kayuringin,2026-05-06 02:00:00,55,55,25,,61,13,0,1,,,,,
Jakarta,The Pakubuwono Menteng,2026-05-06 02:28:51,117,117,47,88,,,,,59,29,,,
Depok,Cinere - Nafas,2026-05-06 02:28:41,173,173,77,156,,,,,69,26.5,,,
Bogor,Kabupaten Bogor Leuwiliang,2026-05-06 02:00:00,80,58,26,,4,9,0,80,,,,,
Tangerang,Tangerang Pasir Jaya,2026-05-06 02:00:00,66,66,34,,58,63,0,65,,,,,
Bekasi,Bekasi Kayuringin,2026-05-06 02:00:00,55,55,25,,61,13,0,1,,,,,
Jakarta,The Pakubuwono Menteng,2026-05-06 02:29:51,122,122,49,88,,,,,59,29,,,
Depok,Cinere - Nafas,2026-05-06 02:29:41,171,171,74,154,,,,,69,26.5,,,
Bogor,Kabupaten Bogor Leuwiliang,2026-05-06 02:00:00,80,58,26,,4,9,0,80,,,,,
Tangerang,Tangerang Pasir Jaya,2026-05-06 02:00:00,66,66,34,,58,63,0,65,,,,,
Bekasi,Bekasi Kayuringin,2026-05-06 02:00:00,55,55,25,,61,13,0,1,,,,,
Jakarta,The Pakubuwono Menteng,2026-05-06 02:30:51,131,131,52,94,,,,,59,29,,,
Depok,Cinere - Nafas,2026-05-06 02:30:41,171,171,72,153,,,,,69,26.5,,,
Bogor,Kabupaten Bogor Leuwiliang,2026-05-06 02:00:00,80,58,26,,4,9,0,80,,,,,
Tangerang,Tangerang Pasir Jaya,2026-05-06 02:00:00,66,66,34,,58,63,0,65,,,,,
Bekasi,Bekasi Kayuringin,2026-05-06 02:00:00,55,55,25,,61,13,0,1,,,,,
Jakarta,The Pakubuwono Menteng,2026-05-06 02:31:51,124,124,50,90,,,,,59,29,,,
Depok,Cinere - Nafas,2026-05-06 02:31:41,172,172,73,155,,,,,69,26.4,,,
Bogor,Kabupaten Bogor Leuwiliang,2026-05-06 02:00:00,80,58,26,,4,9,0,80,,,,,
Tangerang,Tangerang Pasir Jaya,2026-05-06 02:00:00,66,66,34,,58,63,0,65,,,,,
Bekasi,Bekasi Kayuringin,2026-05-06 02:00:00,55,55,25,,61,13,0,1,,,,,
Jakarta,The Pakubuwono Menteng,2026-05-06 02:31:51,124,124,50,90,,,,,59,29,,,
Depok,Cinere - Nafas,2026-05-06 02:31:41,172,172,73,155,,,,,69,26.4,,,
Bogor,Kabupaten Bogor Leuwiliang,2026-05-06 02:00:00,80,58,26,,4,9,0,80,,,,,
Tangerang,Tangerang Pasir Jaya,2026-05-06 02:00:00,66,66,34,,58,63,0,65,,,,,
Bekasi,Bekasi Kayuringin,2026-05-06 02:00:00,55,55,25,,61,13,0,1,,,,,
Jakarta,The Pakubuwono Menteng,2026-05-06 02:33:51,125,125,50,92,,,,,59,29.1,,,
Depok,Cinere - Nafas,2026-05-06 02:33:41,172,172,75,155,,,,,69,26.5,,,
Bogor,Kabupaten Bogor Leuwiliang,2026-05-06 02:00:00,80,58,26,,4,9,0,80,,,,,
Tangerang,Tangerang Pasir Jaya,2026-05-06 02:00:00,66,66,34,,58,63,0,65,,,,,
Bekasi,Bekasi Kayuringin,2026-05-06 02:00:00,55,55,25,,61,13,0,1,,,,,
Jakarta,The Pakubuwono Menteng,2026-05-06 02:35:51,122,122,50,90,,,,,59,29.1,,,
Depok,Cinere - Nafas,2026-05-06 02:35:41,170,170,72,154,,,,,69,26.4,,,
Bogor,Kabupaten Bogor Leuwiliang,2026-05-06 02:00:00,80,58,26,,4,9,0,80,,,,,
Tangerang,Tangerang Pasir Jaya,2026-05-06 02:00:00,66,66,34,,58,63,0,65,,,,,
Bekasi,Bekasi Kayuringin,2026-05-06 02:00:00,55,55,25,,61,13,0,1,,,,,
Jakarta,The Pakubuwono Menteng,2026-05-06 02:36:51,123,123,49,89,,,,,59,29.1,,,
Depok,Cinere - Nafas,2026-05-06 02:36:41,171,171,72,154,,,,,69,26.4,,,
Bogor,Kabupaten Bogor Leuwiliang,2026-05-06 02:00:00,80,58,26,,4,9,0,80,,,,,
Tangerang,Tangerang Pasir Jaya,2026-05-06 02:00:00,66,66,34,,58,63,0,65,,,,,
Bekasi,Bekasi Kayuringin,2026-05-06 02:00:00,55,55,25,,61,13,0,1,,,,,
Jakarta,The Pakubuwono Menteng,2026-05-06 02:37:51,121,121,48,90,,,,,59,29.1,,,
Depok,Cinere - Nafas,2026-05-06 02:37:41,171,171,75,155,,,,,69,26.4,,,
Bogor,Kabupaten Bogor Leuwiliang,2026-05-06 02:00:00,80,58,26,,4,9,0,80,,,,,
Tangerang,Tangerang Pasir Jaya,2026-05-06 02:00:00,66,66,34,,58,63,0,65,,,,,
Bekasi,Bekasi Kayuringin,2026-05-06 02:00:00,55,55,25,,61,13,0,1,,,,,
Jakarta,The Pakubuwono Menteng,2026-05-06 02:38:52,123,123,49,89,,,,,59,29.1,,,
Depok,Cinere - Nafas,2026-05-06 02:37:41,171,171,75,155,,,,,69,26.4,,,
Bogor,Kabupaten Bogor Leuwiliang,2026-05-06 02:00:00,80,58,26,,4,9,0,80,,,,,
Tangerang,Tangerang Pasir Jaya,2026-05-06 02:00:00,66,66,34,,58,63,0,65,,,,,
Bekasi,Bekasi Kayuringin,2026-05-06 02:00:00,55,55,25,,61,13,0,1,,,,,
Jakarta,The Pakubuwono Menteng,2026-05-06 02:39:51,120,120,49,88,,,,,59,29.1,,,
Depok,Cinere - Nafas,2026-05-06 02:40:05,171,171,75,154,,,,,69,26.4,,,
Bogor,Kabupaten Bogor Leuwiliang,2026-05-06 02:00:00,80,58,26,,4,9,0,80,,,,,
Tangerang,Tangerang Pasir Jaya,2026-05-06 02:00:00,66,66,34,,58,63,0,65,,,,,
Bekasi,Bekasi Kayuringin,2026-05-06 02:00:00,55,55,25,,61,13,0,1,,,,,
Jakarta,The Pakubuwono Menteng,2026-05-06 02:40:52,121,121,50,88,,,,,59,29.1,,,
Depok,Cinere - Nafas,2026-05-06 02:41:05,169,169,72,153,,,,,69,26.4,,,
Bogor,Kabupaten Bogor Leuwiliang,2026-05-06 02:00:00,80,58,26,,4,9,0,80,,,,,
Tangerang,Tangerang Pasir Jaya,2026-05-06 02:00:00,66,66,34,,58,63,0,65,,,,,
Bekasi,Bekasi Kayuringin,2026-05-06 02:00:00,55,55,25,,61,13,0,1,,,,,
Jakarta,The Pakubuwono Menteng,2026-05-06 02:41:51,125,125,51,88,,,,,59,29.1,,,
Depok,Cinere - Nafas,2026-05-06 02:44:05,171,171,73,153,,,,,69,26.3,,,
Bogor,Kabupaten Bogor Leuwiliang,2026-05-06 02:00:00,80,58,26,,4,9,0,80,,,,,
Tangerang,Tangerang Pasir Jaya,2026-05-06 02:00:00,66,66,34,,58,63,0,65,,,,,
Bekasi,Bekasi Kayuringin,2026-05-06 02:00:00,55,55,25,,61,13,0,1,,,,,
Jakarta,The Pakubuwono Menteng,2026-05-06 02:44:52,126,126,51,92,,,,,59,29.1,,,
Depok,Cinere - Nafas,2026-05-06 02:45:27,171,171,75,154,,,,,69,26.4,,,
Bogor,Kabupaten Bogor Leuwiliang,2026-05-06 02:00:00,80,58,26,,4,9,0,80,,,,,
Tangerang,Tangerang Pasir Jaya,2026-05-06 02:00:00,66,66,34,,58,63,0,65,,,,,
Bekasi,Bekasi Kayuringin,2026-05-06 02:00:00,55,55,25,,61,13,0,1,,,,,
Jakarta,The Pakubuwono Menteng,2026-05-06 02:44:52,126,126,51,92,,,,,59,29.1,,,
Depok,Cinere - Nafas,2026-05-06 02:45:27,171,171,75,154,,,,,69,26.4,,,
Bogor,Kabupaten Bogor Leuwiliang,2026-05-06 02:00:00,80,58,26,,4,9,0,80,,,,,
Tangerang,Tangerang Pasir Jaya,2026-05-06 02:00:00,66,66,34,,58,63,0,65,,,,,
Bekasi,Bekasi Kayuringin,2026-05-06 02:00:00,55,55,25,,61,13,0,1,,,,,
Jakarta,The Pakubuwono Menteng,2026-05-06 02:45:52,127,127,52,93,,,,,59,29.1,,,
Depok,Cinere - Nafas,2026-05-06 02:46:27,172,172,75,154,,,,,69,26.4,,,
Bogor,Kabupaten Bogor Leuwiliang,2026-05-06 02:00:00,80,58,26,,4,9,0,80,,,,,
Tangerang,Tangerang Pasir Jaya,2026-05-06 02:00:00,66,66,34,,58,63,0,65,,,,,
Bekasi,Bekasi Kayuringin,2026-05-06 02:00:00,55,55,25,,61,13,0,1,,,,,
Jakarta,The Pakubuwono Menteng,2026-05-06 02:46:52,125,125,50,93,,,,,59,29.1,,,
Depok,Cinere - Nafas,2026-05-06 02:47:27,171,171,73,154,,,,,69,26.4,,,
Bogor,Kabupaten Bogor Leuwiliang,2026-05-06 02:00:00,80,58,26,,4,9,0,80,,,,,
Tangerang,Tangerang Pasir Jaya,2026-05-06 02:00:00,66,66,34,,58,63,0,65,,,,,
Bekasi,Bekasi Kayuringin,2026-05-06 02:00:00,55,55,25,,61,13,0,1,,,,,
Jakarta,The Pakubuwono Menteng,2026-05-06 02:47:52,133,133,53,94,,,,,59,29.1,,,
Depok,Cinere - Nafas,2026-05-06 02:48:27,171,171,73,154,,,,,69,26.4,,,
Bogor,Kabupaten Bogor Leuwiliang,2026-05-06 02:00:00,80,58,26,,4,9,0,80,,,,,
Tangerang,Tangerang Pasir Jaya,2026-05-06 02:00:00,66,66,34,,58,63,0,65,,,,,
Bekasi,Bekasi Kayuringin,2026-05-06 02:00:00,55,55,25,,61,13,0,1,,,,,
Jakarta,The Pakubuwono Menteng,2026-05-06 02:48:52,126,126,50,93,,,,,59,29.1,,,
Depok,Cinere - Nafas,2026-05-06 02:49:27,171,171,73,154,,,,,69,26.4,,,
Bogor,Kabupaten Bogor Leuwiliang,2026-05-06 02:00:00,80,58,26,,4,9,0,80,,,,,
Tangerang,Tangerang Pasir Jaya,2026-05-06 02:00:00,66,66,34,,58,63,0,65,,,,,
Bekasi,Bekasi Kayuringin,2026-05-06 02:00:00,55,55,25,,61,13,0,1,,,,,
Jakarta,The Pakubuwono Menteng,2026-05-06 02:50:52,130,130,51,94,,,,,59,29,,,
Depok,Cinere - Nafas,2026-05-06 02:51:27,170,170,72,153,,,,,69,26.4,,,
Bogor,Kabupaten Bogor Leuwiliang,2026-05-06 02:00:00,80,58,26,,4,9,0,80,,,,,
Tangerang,Tangerang Pasir Jaya,2026-05-06 02:00:00,66,66,34,,58,63,0,65,,,,,
Bekasi,Bekasi Kayuringin,2026-05-06 02:00:00,55,55,25,,61,13,0,1,,,,,
Jakarta,The Pakubuwono Menteng,2026-05-06 02:51:52,126,126,51,94,,,,,59,29,,,
Depok,Cinere - Nafas,2026-05-06 02:53:27,168,168,71,153,,,,,69,26.4,,,
Bogor,Kabupaten Bogor Leuwiliang,2026-05-06 02:00:00,80,58,26,,4,9,0,80,,,,,
Tangerang,Tangerang Pasir Jaya,2026-05-06 02:00:00,66,66,34,,58,63,0,65,,,,,
Bekasi,Bekasi Kayuringin,2026-05-06 02:00:00,55,55,25,,61,13,0,1,,,,,
Jakarta,The Pakubuwono Menteng,2026-05-06 02:53:52,126,126,51,90,,,,,59,29,,,
Depok,Cinere - Nafas,2026-05-06 02:54:27,170,170,73,154,,,,,69,26.4,,,
Bogor,Kabupaten Bogor Leuwiliang,2026-05-06 02:00:00,80,58,26,,4,9,0,80,,,,,
Tangerang,Tangerang Pasir Jaya,2026-05-06 02:00:00,66,66,34,,58,63,0,65,,,,,
Bekasi,Bekasi Kayuringin,2026-05-06 02:00:00,55,55,25,,61,13,0,1,,,,,
Jakarta,The Pakubuwono Menteng,2026-05-06 02:54:52,136,136,54,100,,,,,59,29,,,
Depok,Cinere - Nafas,2026-05-06 02:55:27,170,170,73,153,,,,,69,26.4,,,
Bogor,Kabupaten Bogor Leuwiliang,2026-05-06 02:00:00,80,58,26,,4,9,0,80,,,,,
Tangerang,Tangerang Pasir Jaya,2026-05-06 02:00:00,66,66,34,,58,63,0,65,,,,,
Bekasi,Bekasi Kayuringin,2026-05-06 02:00:00,55,55,25,,61,13,0,1,,,,,
Jakarta,The Pakubuwono Menteng,2026-05-06 02:55:52,138,138,54,96,,,,,59,29,,,
Depok,Cinere - Nafas,2026-05-06 02:56:27,171,171,74,154,,,,,69,26.4,,,
Bogor,Kabupaten Bogor Leuwiliang,2026-05-06 02:00:00,80,58,26,,4,9,0,80,,,,,
Tangerang,Tangerang Pasir Jaya,2026-05-06 02:00:00,66,66,34,,58,63,0,65,,,,,
Bekasi,Bekasi Kayuringin,2026-05-06 02:00:00,55,55,25,,61,13,0,1,,,,,
Jakarta,The Pakubuwono Menteng,2026-05-06 02:56:52,138,138,54,98,,,,,59,29,,,
Depok,Cinere - Nafas,2026-05-06 02:57:27,170,170,73,153,,,,,69,26.4,,,
Bogor,Kabupaten Bogor Leuwiliang,2026-05-06 02:00:00,80,58,26,,4,9,0,80,,,,,
Tangerang,Tangerang Pasir Jaya,2026-05-06 02:00:00,66,66,34,,58,63,0,65,,,,,
Bekasi,Bekasi Kayuringin,2026-05-06 02:00:00,55,55,25,,61,13,0,1,,,,,
Jakarta,The Pakubuwono Menteng,2026-05-06 02:58:52,135,135,53,97,,,,,59,29,,,
Depok,Cinere - Nafas,2026-05-06 02:59:30,171,171,74,153,,,,,69,26.4,,,
Bogor,Kabupaten Bogor Leuwiliang,2026-05-06 02:00:00,80,58,26,,4,9,0,80,,,,,
Tangerang,Tangerang Pasir Jaya,2026-05-06 02:00:00,66,66,34,,58,63,0,65,,,,,
Bekasi,Bekasi Kayuringin,2026-05-06 02:00:00,55,55,25,,61,13,0,1,,,,,
Jakarta,The Pakubuwono Menteng,2026-05-06 02:59:52,139,139,54,105,,,,,59,29,,,
Depok,Cinere - Nafas,2026-05-06 03:00:27,172,172,74,155,,,,,69,26.4,,,
Bogor,Kabupaten Bogor Leuwiliang,2026-05-06 02:00:00,80,58,26,,4,9,0,80,,,,,
Tangerang,Tangerang Pasir Jaya,2026-05-06 02:00:00,66,66,34,,58,63,0,65,,,,,
Bekasi,Bekasi Kayuringin,2026-05-06 02:00:00,55,55,25,,61,13,0,1,,,,,
Jakarta,The Pakubuwono Menteng,2026-05-06 03:00:52,138,138,54,101,,,,,60,29,,,
Depok,Cinere - Nafas,2026-05-06 03:01:31,171,171,76,153,,,,,69,26.4,,,
Bogor,Kabupaten Bogor Leuwiliang,2026-05-06 02:00:00,80,58,26,,4,9,0,80,,,,,
Tangerang,Tangerang Pasir Jaya,2026-05-06 03:00:00,65,63,32,,58,63,0,65,,,,,
Bekasi,Bekasi Kayuringin,2026-05-06 03:00:00,56,56,26,,61,13,0,2,,,,,
Jakarta,The Pakubuwono Menteng,2026-05-06 03:01:54,142,142,56,106,,,,,60,29,,,
Depok,Cinere - Nafas,2026-05-06 03:02:27,170,170,73,153,,,,,69,26.4,,,
Bogor,Kabupaten Bogor Leuwiliang,2026-05-06 03:00:00,80,58,26,,4,9,0,80,,,,,
Tangerang,Tangerang Pasir Jaya,2026-05-06 03:00:00,65,63,32,,58,63,0,65,,,,,
Bekasi,Bekasi Kayuringin,2026-05-06 03:00:00,56,56,26,,61,13,0,2,,,,,
Jakarta,The Pakubuwono Menteng,2026-05-06 03:02:57,147,147,56,106,,,,,60,28.9,,,
Depok,Cinere - Nafas,2026-05-06 03:03:27,170,170,74,154,,,,,69,26.4,,,
Bogor,Kabupaten Bogor Leuwiliang,2026-05-06 03:00:00,80,58,26,,4,9,0,80,,,,,
Tangerang,Tangerang Pasir Jaya,2026-05-06 03:00:00,65,63,32,,58,63,0,65,,,,,
Bekasi,Bekasi Kayuringin,2026-05-06 03:00:00,56,56,26,,61,13,0,2,,,,,
Jakarta,The Pakubuwono Menteng,2026-05-06 03:03:52,143,143,56,104,,,,,60,28.9,,,
Depok,Cinere - Nafas,2026-05-06 03:04:28,170,170,73,153,,,,,69,26.5,,,
Bogor,Kabupaten Bogor Leuwiliang,2026-05-06 03:00:00,80,58,26,,4,9,0,80,,,,,
Tangerang,Tangerang Pasir Jaya,2026-05-06 03:00:00,65,63,32,,58,63,0,65,,,,,
Bekasi,Bekasi Kayuringin,2026-05-06 03:00:00,56,56,26,,61,13,0,2,,,,,
Jakarta,The Pakubuwono Menteng,2026-05-06 03:05:52,142,142,55,100,,,,,60,28.9,,,
Depok,Cinere - Nafas,2026-05-06 03:06:27,171,171,73,154,,,,,69,26.5,,,
Bogor,Kabupaten Bogor Leuwiliang,2026-05-06 03:00:00,80,58,26,,4,9,0,80,,,,,
Tangerang,Tangerang Pasir Jaya,2026-05-06 03:00:00,65,63,32,,58,63,0,65,,,,,
Bekasi,Bekasi Kayuringin,2026-05-06 03:00:00,56,56,26,,61,13,0,2,,,,,
Jakarta,The Pakubuwono Menteng,2026-05-06 03:06:52,141,141,55,100,,,,,60,28.9,,,
Depok,Cinere - Nafas,2026-05-06 03:07:28,171,171,76,153,,,,,69,26.5,,,
Bogor,Kabupaten Bogor Leuwiliang,2026-05-06 03:00:00,80,58,26,,4,9,0,80,,,,,
Tangerang,Tangerang Pasir Jaya,2026-05-06 03:00:00,65,63,32,,58,63,0,65,,,,,
Bekasi,Bekasi Kayuringin,2026-05-06 03:00:00,56,56,26,,61,13,0,2,,,,,
Jakarta,The Pakubuwono Menteng,2026-05-06 03:07:52,146,146,56,107,,,,,60,28.9,,,
Depok,Cinere - Nafas,2026-05-06 03:08:28,172,172,76,155,,,,,69,26.4,,,
Bogor,Kabupaten Bogor Leuwiliang,2026-05-06 03:00:00,80,58,26,,4,9,0,80,,,,,
Tangerang,Tangerang Pasir Jaya,2026-05-06 03:00:00,65,63,32,,58,63,0,65,,,,,
Bekasi,Bekasi Kayuringin,2026-05-06 03:00:00,56,56,26,,61,13,0,2,,,,,
Jakarta,The Pakubuwono Menteng,2026-05-06 03:08:52,143,143,56,106,,,,,60,28.8,,,
Depok,Cinere - Nafas,2026-05-06 03:09:27,172,172,76,154,,,,,69,26.4,,,
Bogor,Kabupaten Bogor Leuwiliang,2026-05-06 03:00:00,80,58,26,,4,9,0,80,,,,,
Tangerang,Tangerang Pasir Jaya,2026-05-06 03:00:00,65,63,32,,58,63,0,65,,,,,
Bekasi,Bekasi Kayuringin,2026-05-06 03:00:00,56,56,26,,61,13,0,2,,,,,
Jakarta,The Pakubuwono Menteng,2026-05-06 03:09:52,146,146,56,103,,,,,60,28.8,,,
Depok,Cinere - Nafas,2026-05-06 03:10:27,172,172,75,154,,,,,69,26.4,,,
Bogor,Kabupaten Bogor Leuwiliang,2026-05-06 03:00:00,80,58,26,,4,9,0,80,,,,,
Tangerang,Tangerang Pasir Jaya,2026-05-06 03:00:00,65,63,32,,58,63,0,65,,,,,
Bekasi,Bekasi Kayuringin,2026-05-06 03:00:00,56,56,26,,61,13,0,2,,,,,
Jakarta,The Pakubuwono Menteng,2026-05-06 03:11:52,142,142,56,107,,,,,60,28.8,,,
Depok,Cinere - Nafas,2026-05-06 03:12:28,174,174,78,155,,,,,69,26.4,,,
Bogor,Kabupaten Bogor Leuwiliang,2026-05-06 03:00:00,80,58,26,,4,9,0,80,,,,,
Tangerang,Tangerang Pasir Jaya,2026-05-06 03:00:00,65,63,32,,58,63,0,65,,,,,
Bekasi,Bekasi Kayuringin,2026-05-06 03:00:00,56,56,26,,61,13,0,2,,,,,
Jakarta,The Pakubuwono Menteng,2026-05-06 03:12:52,143,143,56,106,,,,,60,28.8,,,
Depok,Cinere - Nafas,2026-05-06 03:13:27,172,172,76,154,,,,,69,26.4,,,
Bogor,Kabupaten Bogor Leuwiliang,2026-05-06 03:00:00,80,58,26,,4,9,0,80,,,,,
Tangerang,Tangerang Pasir Jaya,2026-05-06 03:00:00,65,63,32,,58,63,0,65,,,,,
Bekasi,Bekasi Kayuringin,2026-05-06 03:00:00,56,56,26,,61,13,0,2,,,,,
Jakarta,The Pakubuwono Menteng,2026-05-06 03:14:52,150,150,56,105,,,,,60,28.7,,,
Depok,Cinere - Nafas,2026-05-06 03:15:28,172,172,75,154,,,,,69,26.4,,,
Bogor,Kabupaten Bogor Leuwiliang,2026-05-06 03:00:00,80,58,26,,4,9,0,80,,,,,
Tangerang,Tangerang Pasir Jaya,2026-05-06 03:00:00,65,63,32,,58,63,0,65,,,,,
Bekasi,Bekasi Kayuringin,2026-05-06 03:00:00,56,56,26,,61,13,0,2,,,,,
Jakarta,The Pakubuwono Menteng,2026-05-06 03:14:52,150,150,56,105,,,,,60,28.7,,,
Depok,Cinere - Nafas,2026-05-06 03:15:28,172,172,75,154,,,,,69,26.4,,,
Bogor,Kabupaten Bogor Leuwiliang,2026-05-06 03:00:00,80,58,26,,4,9,0,80,,,,,
Tangerang,Tangerang Pasir Jaya,2026-05-06 03:00:00,65,63,32,,58,63,0,65,,,,,
Bekasi,Bekasi Kayuringin,2026-05-06 03:00:00,56,56,26,,61,13,0,2,,,,,
Jakarta,The Pakubuwono Menteng,2026-05-06 03:15:52,151,151,57,111,,,,,61,28.7,,,
Depok,Cinere - Nafas,2026-05-06 03:16:27,173,173,77,156,,,,,69,26.4,,,
Bogor,Kabupaten Bogor Leuwiliang,2026-05-06 03:00:00,80,58,26,,4,9,0,80,,,,,
Tangerang,Tangerang Pasir Jaya,2026-05-06 03:00:00,65,63,32,,58,63,0,65,,,,,
Bekasi,Bekasi Kayuringin,2026-05-06 03:00:00,56,56,26,,61,13,0,2,,,,,
Jakarta,The Pakubuwono Menteng,2026-05-06 03:16:52,149,149,56,109,,,,,61,28.7,,,
Depok,Cinere - Nafas,2026-05-06 03:17:28,174,174,78,155,,,,,69,26.4,,,
Bogor,Kabupaten Bogor Leuwiliang,2026-05-06 03:00:00,80,58,26,,4,9,0,80,,,,,
Tangerang,Tangerang Pasir Jaya,2026-05-06 03:00:00,65,63,32,,58,63,0,65,,,,,
Bekasi,Bekasi Kayuringin,2026-05-06 03:00:00,56,56,26,,61,13,0,2,,,,,
Jakarta,The Pakubuwono Menteng,2026-05-06 03:17:52,150,150,57,108,,,,,61,28.7,,,
Depok,Cinere - Nafas,2026-05-06 03:18:28,174,174,79,155,,,,,69,26.4,,,
Bogor,Kabupaten Bogor Leuwiliang,2026-05-06 03:00:00,80,58,26,,4,9,0,80,,,,,
Tangerang,Tangerang Pasir Jaya,2026-05-06 03:00:00,65,63,32,,58,63,0,65,,,,,
Bekasi,Bekasi Kayuringin,2026-05-06 03:00:00,56,56,26,,61,13,0,2,,,,,
Jakarta,The Pakubuwono Menteng,2026-05-06 03:18:52,150,150,56,105,,,,,61,28.7,,,
Depok,Cinere - Nafas,2026-05-06 03:20:28,172,172,76,153,,,,,69,26.4,,,
Bogor,Kabupaten Bogor Leuwiliang,2026-05-06 03:00:00,80,58,26,,4,9,0,80,,,,,
Tangerang,Tangerang Pasir Jaya,2026-05-06 03:00:00,65,63,32,,58,63,0,65,,,,,
Bekasi,Bekasi Kayuringin,2026-05-06 03:00:00,56,56,26,,61,13,0,2,,,,,
Jakarta,The Pakubuwono Menteng,2026-05-06 03:21:53,148,148,57,110,,,,,61,28.7,,,
Depok,Cinere - Nafas,2026-05-06 03:22:28,173,173,76,155,,,,,69,26.4,,,
Bogor,Kabupaten Bogor Leuwiliang,2026-05-06 03:00:00,80,58,26,,4,9,0,80,,,,,
Tangerang,Tangerang Pasir Jaya,2026-05-06 03:00:00,65,63,32,,58,63,0,65,,,,,
Bekasi,Bekasi Kayuringin,2026-05-06 03:00:00,56,56,26,,61,13,0,2,,,,,
Jakarta,The Pakubuwono Menteng,2026-05-06 03:22:52,151,151,57,111,,,,,61,28.7,,,
Depok,Cinere - Nafas,2026-05-06 03:23:28,172,172,75,154,,,,,69,26.4,,,
Bogor,Kabupaten Bogor Leuwiliang,2026-05-06 03:00:00,80,58,26,,4,9,0,80,,,,,
Tangerang,Tangerang Pasir Jaya,2026-05-06 03:00:00,65,63,32,,58,63,0,65,,,,,
Bekasi,Bekasi Kayuringin,2026-05-06 03:00:00,56,56,26,,61,13,0,2,,,,,
Jakarta,The Pakubuwono Menteng,2026-05-06 03:23:52,146,146,56,109,,,,,61,28.7,,,
Depok,Cinere - Nafas,2026-05-06 03:24:28,173,173,77,155,,,,,69,26.4,,,
Bogor,Kabupaten Bogor Leuwiliang,2026-05-06 03:00:00,80,58,26,,4,9,0,80,,,,,
Tangerang,Tangerang Pasir Jaya,2026-05-06 03:00:00,65,63,32,,58,63,0,65,,,,,
Bekasi,Bekasi Kayuringin,2026-05-06 03:00:00,56,56,26,,61,13,0,2,,,,,
Jakarta,The Pakubuwono Menteng,2026-05-06 03:24:54,151,151,57,110,,,,,61,28.6,,,
Depok,Cinere - Nafas,2026-05-06 03:25:28,172,172,75,154,,,,,69,26.4,,,
Bogor,Kabupaten Bogor Leuwiliang,2026-05-06 03:00:00,80,58,26,,4,9,0,80,,,,,
Tangerang,Tangerang Pasir Jaya,2026-05-06 03:00:00,65,63,32,,58,63,0,65,,,,,
Bekasi,Bekasi Kayuringin,2026-05-06 03:00:00,56,56,26,,61,13,0,2,,,,,
Jakarta,The Pakubuwono Menteng,2026-05-06 03:25:53,151,151,57,112,,,,,61,28.7,,,
Depok,Cinere - Nafas,2026-05-06 03:26:28,173,173,75,154,,,,,69,26.4,,,
Bogor,Kabupaten Bogor Leuwiliang,2026-05-06 03:00:00,80,58,26,,4,9,0,80,,,,,
Tangerang,Tangerang Pasir Jaya,2026-05-06 03:00:00,65,63,32,,58,63,0,65,,,,,
Bekasi,Bekasi Kayuringin,2026-05-06 03:00:00,56,56,26,,61,13,0,2,,,,,
Jakarta,The Pakubuwono Menteng,2026-05-06 03:26:52,150,150,57,110,,,,,61,28.6,,,
Depok,Cinere - Nafas,2026-05-06 03:27:28,172,172,76,154,,,,,69,26.3,,,
Bogor,Kabupaten Bogor Leuwiliang,2026-05-06 03:00:00,80,58,26,,4,9,0,80,,,,,
Tangerang,Tangerang Pasir Jaya,2026-05-06 03:00:00,65,63,32,,58,63,0,65,,,,,
Bekasi,Bekasi Kayuringin,2026-05-06 03:00:00,56,56,26,,61,13,0,2,,,,,
Jakarta,The Pakubuwono Menteng,2026-05-06 03:27:53,150,150,56,111,,,,,61,28.6,,,
Depok,Cinere - Nafas,2026-05-06 03:28:28,171,171,74,153,,,,,69,26.4,,,
Bogor,Kabupaten Bogor Leuwiliang,2026-05-06 03:00:00,80,58,26,,4,9,0,80,,,,,
Tangerang,Tangerang Pasir Jaya,2026-05-06 03:00:00,65,63,32,,58,63,0,65,,,,,
Bekasi,Bekasi Kayuringin,2026-05-06 03:00:00,56,56,26,,61,13,0,2,,,,,
Jakarta,The Pakubuwono Menteng,2026-05-06 03:29:53,153,153,59,116,,,,,61,28.6,,,
Depok,Cinere - Nafas,2026-05-06 03:30:28,172,172,76,153,,,,,69,26.4,,,
Bogor,Kabupaten Bogor Leuwiliang,2026-05-06 03:00:00,80,58,26,,4,9,0,80,,,,,
Tangerang,Tangerang Pasir Jaya,2026-05-06 03:00:00,65,63,32,,58,63,0,65,,,,,
Bekasi,Bekasi Kayuringin,2026-05-06 03:00:00,56,56,26,,61,13,0,2,,,,,
Jakarta,The Pakubuwono Menteng,2026-05-06 03:30:56,151,151,57,112,,,,,61,28.6,,,
Depok,Cinere - Nafas,2026-05-06 03:31:28,171,171,74,154,,,,,69,26.4,,,
Bogor,Kabupaten Bogor Leuwiliang,2026-05-06 03:00:00,80,58,26,,4,9,0,80,,,,,
Tangerang,Tangerang Pasir Jaya,2026-05-06 03:00:00,65,63,32,,58,63,0,65,,,,,
Bekasi,Bekasi Kayuringin,2026-05-06 03:00:00,56,56,26,,61,13,0,2,,,,,
Jakarta,The Pakubuwono Menteng,2026-05-06 03:31:53,153,153,58,118,,,,,61,28.6,,,
Depok,Cinere - Nafas,2026-05-06 03:32:28,172,172,74,154,,,,,69,26.4,,,
Bogor,Kabupaten Bogor Leuwiliang,2026-05-06 03:00:00,80,58,26,,4,9,0,80,,,,,
Tangerang,Tangerang Pasir Jaya,2026-05-06 03:00:00,65,63,32,,58,63,0,65,,,,,
Bekasi,Bekasi Kayuringin,2026-05-06 03:00:00,56,56,26,,61,13,0,2,,,,,
Jakarta,The Pakubuwono Menteng,2026-05-06 03:32:53,152,152,58,116,,,,,61,28.6,,,
Depok,Cinere - Nafas,2026-05-06 03:33:28,173,173,76,154,,,,,69,26.4,,,
Bogor,Kabupaten Bogor Leuwiliang,2026-05-06 03:00:00,80,58,26,,4,9,0,80,,,,,
Tangerang,Tangerang Pasir Jaya,2026-05-06 03:00:00,65,63,32,,58,63,0,65,,,,,
Bekasi,Bekasi Kayuringin,2026-05-06 03:00:00,56,56,26,,61,13,0,2,,,,,
Jakarta,The Pakubuwono Menteng,2026-05-06 03:33:53,152,152,58,116,,,,,61,28.6,,,
Depok,Cinere - Nafas,2026-05-06 03:34:28,173,173,77,155,,,,,69,26.4,,,
Bogor,Kabupaten Bogor Leuwiliang,2026-05-06 03:00:00,80,58,26,,4,9,0,80,,,,,
Tangerang,Tangerang Pasir Jaya,2026-05-06 03:00:00,65,63,32,,58,63,0,65,,,,,
Bekasi,Bekasi Kayuringin,2026-05-06 03:00:00,56,56,26,,61,13,0,2,,,,,
Jakarta,The Pakubuwono Menteng,2026-05-06 03:35:53,151,151,58,115,,,,,61,28.6,,,
Depok,Cinere - Nafas,2026-05-06 03:36:28,171,171,75,154,,,,,69,26.4,,,
Bogor,Kabupaten Bogor Leuwiliang,2026-05-06 03:00:00,80,58,26,,4,9,0,80,,,,,
Tangerang,Tangerang Pasir Jaya,2026-05-06 03:00:00,65,63,32,,58,63,0,65,,,,,
Bekasi,Bekasi Kayuringin,2026-05-06 03:00:00,56,56,26,,61,13,0,2,,,,,
Jakarta,The Pakubuwono Menteng,2026-05-06 03:36:53,153,153,58,113,,,,,61,28.6,,,
Depok,Cinere - Nafas,2026-05-06 03:37:29,171,171,76,154,,,,,69,26.4,,,
Bogor,Kabupaten Bogor Leuwiliang,2026-05-06 03:00:00,80,58,26,,4,9,0,80,,,,,
Tangerang,Tangerang Pasir Jaya,2026-05-06 03:00:00,65,63,32,,58,63,0,65,,,,,
Bekasi,Bekasi Kayuringin,2026-05-06 03:00:00,56,56,26,,61,13,0,2,,,,,
Jakarta,The Pakubuwono Menteng,2026-05-06 03:37:53,152,152,59,118,,,,,61,28.6,,,
Depok,Cinere - Nafas,2026-05-06 03:38:28,172,172,75,153,,,,,69,26.4,,,
Bogor,Kabupaten Bogor Leuwiliang,2026-05-06 03:00:00,80,58,26,,4,9,0,80,,,,,
Tangerang,Tangerang Pasir Jaya,2026-05-06 03:00:00,65,63,32,,58,63,0,65,,,,,
Bekasi,Bekasi Kayuringin,2026-05-06 03:00:00,56,56,26,,61,13,0,2,,,,,
Jakarta,The Pakubuwono Menteng,2026-05-06 03:39:53,152,152,58,117,,,,,61,28.6,,,
Depok,Cinere - Nafas,2026-05-06 03:40:28,169,169,72,152,,,,,69,26.4,,,
Bogor,Kabupaten Bogor Leuwiliang,2026-05-06 03:00:00,80,58,26,,4,9,0,80,,,,,
Tangerang,Tangerang Pasir Jaya,2026-05-06 03:00:00,65,63,32,,58,63,0,65,,,,,
Bekasi,Bekasi Kayuringin,2026-05-06 03:00:00,56,56,26,,61,13,0,2,,,,,
Jakarta,The Pakubuwono Menteng,2026-05-06 03:40:53,152,152,57,115,,,,,61,28.5,,,
Depok,Cinere - Nafas,2026-05-06 03:41:28,169,169,74,153,,,,,69,26.5,,,
Bogor,Kabupaten Bogor Leuwiliang,2026-05-06 03:00:00,80,58,26,,4,9,0,80,,,,,
Tangerang,Tangerang Pasir Jaya,2026-05-06 03:00:00,65,63,32,,58,63,0,65,,,,,
Bekasi,Bekasi Kayuringin,2026-05-06 03:00:00,56,56,26,,61,13,0,2,,,,,
Jakarta,The Pakubuwono Menteng,2026-05-06 03:41:53,151,151,57,115,,,,,61,28.6,,,
Depok,Cinere - Nafas,2026-05-06 03:42:29,171,171,75,152,,,,,69,26.5,,,
Bogor,Kabupaten Bogor Leuwiliang,2026-05-06 03:00:00,80,58,26,,4,9,0,80,,,,,
Tangerang,Tangerang Pasir Jaya,2026-05-06 03:00:00,65,63,32,,58,63,0,65,,,,,
Bekasi,Bekasi Kayuringin,2026-05-06 03:00:00,56,56,26,,61,13,0,2,,,,,
Jakarta,The Pakubuwono Menteng,2026-05-06 03:42:53,152,152,58,109,,,,,61,28.6,,,
Depok,Cinere - Nafas,2026-05-06 03:43:28,170,170,74,153,,,,,69,26.5,,,
Bogor,Kabupaten Bogor Leuwiliang,2026-05-06 03:00:00,80,58,26,,4,9,0,80,,,,,
Tangerang,Tangerang Pasir Jaya,2026-05-06 03:00:00,65,63,32,,58,63,0,65,,,,,
Bekasi,Bekasi Kayuringin,2026-05-06 03:00:00,56,56,26,,61,13,0,2,,,,,
Jakarta,The Pakubuwono Menteng,2026-05-06 03:43:53,151,151,57,111,,,,,61,28.5,,,
Depok,Cinere - Nafas,2026-05-06 03:44:30,170,170,73,152,,,,,69,26.5,,,
Bogor,Kabupaten Bogor Leuwiliang,2026-05-06 03:00:00,80,58,26,,4,9,0,80,,,,,
Tangerang,Tangerang Pasir Jaya,2026-05-06 03:00:00,65,63,32,,58,63,0,65,,,,,
Bekasi,Bekasi Kayuringin,2026-05-06 03:00:00,56,56,26,,61,13,0,2,,,,,
Jakarta,The Pakubuwono Menteng,2026-05-06 03:44:53,151,151,57,111,,,,,61,28.5,,,
Depok,Cinere - Nafas,2026-05-06 03:45:30,171,171,74,153,,,,,69,26.5,,,
Bogor,Kabupaten Bogor Leuwiliang,2026-05-06 03:00:00,80,58,26,,4,9,0,80,,,,,
Tangerang,Tangerang Pasir Jaya,2026-05-06 03:00:00,65,63,32,,58,63,0,65,,,,,
Bekasi,Bekasi Kayuringin,2026-05-06 03:00:00,56,56,26,,61,13,0,2,,,,,
Jakarta,The Pakubuwono Menteng,2026-05-06 03:45:53,151,151,57,110,,,,,61,28.5,,,
Depok,Cinere - Nafas,2026-05-06 03:46:30,169,169,73,152,,,,,69,26.5,,,
Bogor,Kabupaten Bogor Leuwiliang,2026-05-06 03:00:00,80,58,26,,4,9,0,80,,,,,
Tangerang,Tangerang Pasir Jaya,2026-05-06 03:00:00,65,63,32,,58,63,0,65,,,,,
Bekasi,Bekasi Kayuringin,2026-05-06 03:00:00,56,56,26,,61,13,0,2,,,,,
Jakarta,The Pakubuwono Menteng,2026-05-06 03:47:53,152,152,58,116,,,,,61,28.5,,,
Depok,Cinere - Nafas,2026-05-06 03:48:30,170,170,73,153,,,,,69,26.4,,,
Bogor,Kabupaten Bogor Leuwiliang,2026-05-06 03:00:00,80,58,26,,4,9,0,80,,,,,
Tangerang,Tangerang Pasir Jaya,2026-05-06 03:00:00,65,63,32,,58,63,0,65,,,,,
Bekasi,Bekasi Kayuringin,2026-05-06 03:00:00,56,56,26,,61,13,0,2,,,,,
Jakarta,The Pakubuwono Menteng,2026-05-06 03:48:53,152,152,58,116,,,,,61,28.5,,,
Depok,Cinere - Nafas,2026-05-06 03:49:31,169,169,72,153,,,,,69,26.5,,,
Bogor,Kabupaten Bogor Leuwiliang,2026-05-06 03:00:00,80,58,26,,4,9,0,80,,,,,
Tangerang,Tangerang Pasir Jaya,2026-05-06 03:00:00,65,63,32,,58,63,0,65,,,,,
Bekasi,Bekasi Kayuringin,2026-05-06 03:00:00,56,56,26,,61,13,0,2,,,,,
Jakarta,The Pakubuwono Menteng,2026-05-06 03:49:53,147,147,56,108,,,,,61,28.5,,,
Depok,Cinere - Nafas,2026-05-06 03:50:30,168,168,71,151,,,,,69,26.5,,,
Bogor,Kabupaten Bogor Leuwiliang,2026-05-06 03:00:00,80,58,26,,4,9,0,80,,,,,
Tangerang,Tangerang Pasir Jaya,2026-05-06 03:00:00,65,63,32,,58,63,0,65,,,,,
Bekasi,Bekasi Kayuringin,2026-05-06 03:00:00,56,56,26,,61,13,0,2,,,,,
Jakarta,The Pakubuwono Menteng,2026-05-06 03:51:53,151,151,58,113,,,,,61,28.5,,,
Depok,Cinere - Nafas,2026-05-06 03:52:31,168,168,72,152,,,,,69,26.5,,,
Bogor,Kabupaten Bogor Leuwiliang,2026-05-06 03:00:00,80,58,26,,4,9,0,80,,,,,
Tangerang,Tangerang Pasir Jaya,2026-05-06 03:00:00,65,63,32,,58,63,0,65,,,,,
Bekasi,Bekasi Kayuringin,2026-05-06 03:00:00,56,56,26,,61,13,0,2,,,,,
Jakarta,The Pakubuwono Menteng,2026-05-06 03:52:53,151,151,56,109,,,,,61,28.5,,,
Depok,Cinere - Nafas,2026-05-06 03:53:31,168,168,71,152,,,,,69,26.5,,,
Bogor,Kabupaten Bogor Leuwiliang,2026-05-06 03:00:00,80,58,26,,4,9,0,80,,,,,
Tangerang,Tangerang Pasir Jaya,2026-05-06 03:00:00,65,63,32,,58,63,0,65,,,,,
Bekasi,Bekasi Kayuringin,2026-05-06 03:00:00,56,56,26,,61,13,0,2,,,,,
Jakarta,The Pakubuwono Menteng,2026-05-06 03:53:53,151,151,57,110,,,,,61,28.5,,,
Depok,Cinere - Nafas,2026-05-06 03:54:31,168,168,72,153,,,,,69,26.5,,,
Bogor,Kabupaten Bogor Leuwiliang,2026-05-06 03:00:00,80,58,26,,4,9,0,80,,,,,
Tangerang,Tangerang Pasir Jaya,2026-05-06 03:00:00,65,63,32,,58,63,0,65,,,,,
Bekasi,Bekasi Kayuringin,2026-05-06 03:00:00,56,56,26,,61,13,0,2,,,,,
Jakarta,The Pakubuwono Menteng,2026-05-06 03:54:53,151,151,57,112,,,,,61,28.5,,,
Depok,Cinere - Nafas,2026-05-06 03:55:30,166,166,69,151,,,,,69,26.6,,,
Bogor,Kabupaten Bogor Leuwiliang,2026-05-06 03:00:00,80,58,26,,4,9,0,80,,,,,
Tangerang,Tangerang Pasir Jaya,2026-05-06 03:00:00,65,63,32,,58,63,0,65,,,,,
Bekasi,Bekasi Kayuringin,2026-05-06 03:00:00,56,56,26,,61,13,0,2,,,,,
Jakarta,The Pakubuwono Menteng,2026-05-06 03:56:53,151,151,57,111,,,,,61,28.5,,,
Depok,Cinere - Nafas,2026-05-06 03:57:31,167,167,70,151,,,,,69,26.6,,,
Bogor,Kabupaten Bogor Leuwiliang,2026-05-06 03:00:00,80,58,26,,4,9,0,80,,,,,
Tangerang,Tangerang Pasir Jaya,2026-05-06 03:00:00,65,63,32,,58,63,0,65,,,,,
Bekasi,Bekasi Kayuringin,2026-05-06 03:00:00,56,56,26,,61,13,0,2,,,,,
Jakarta,The Pakubuwono Menteng,2026-05-06 03:56:53,151,151,57,111,,,,,61,28.5,,,
Depok,Cinere - Nafas,2026-05-06 03:57:31,167,167,70,151,,,,,69,26.6,,,
Bogor,Kabupaten Bogor Leuwiliang,2026-05-06 03:00:00,80,58,26,,4,9,0,80,,,,,
Tangerang,Tangerang Pasir Jaya,2026-05-06 03:00:00,65,63,32,,58,63,0,65,,,,,
Bekasi,Bekasi Kayuringin,2026-05-06 03:00:00,56,56,26,,61,13,0,2,,,,,
Jakarta,The Pakubuwono Menteng,2026-05-06 03:57:53,153,153,59,115,,,,,61,28.5,,,
Depok,Cinere - Nafas,2026-05-06 03:58:30,168,168,70,151,,,,,68,26.6,,,
Bogor,Kabupaten Bogor Leuwiliang,2026-05-06 03:00:00,80,58,26,,4,9,0,80,,,,,
Tangerang,Tangerang Pasir Jaya,2026-05-06 03:00:00,65,63,32,,58,63,0,65,,,,,
Bekasi,Bekasi Kayuringin,2026-05-06 03:00:00,56,56,26,,61,13,0,2,,,,,
Jakarta,The Pakubuwono Menteng,2026-05-06 03:59:54,151,151,57,112,,,,,61,28.5,,,
Depok,Cinere - Nafas,2026-05-06 04:00:30,166,166,70,151,,,,,68,26.7,,,
Bogor,Kabupaten Bogor Leuwiliang,2026-05-06 03:00:00,80,58,26,,4,9,0,80,,,,,
Tangerang,Tangerang Pasir Jaya,2026-05-06 03:00:00,65,63,32,,58,63,0,65,,,,,
Bekasi,Bekasi Kayuringin,2026-05-06 03:00:00,56,56,26,,61,13,0,2,,,,,
Jakarta,The Pakubuwono Menteng,2026-05-06 04:00:53,151,151,57,114,,,,,61,28.5,,,
Depok,Cinere - Nafas,2026-05-06 04:01:31,165,165,68,149,,,,,68,26.7,,,
Bogor,Kabupaten Bogor Leuwiliang,2026-05-06 04:00:00,80,58,26,,4,9,0,80,,,,,
Tangerang,Tangerang Pasir Jaya,2026-05-06 04:00:00,65,63,33,,58,63,0,65,,,,,
Bekasi,Bekasi Kayuringin,2026-05-06 04:00:00,57,57,26,,61,13,0,2,,,,,
Jakarta,The Pakubuwono Menteng,2026-05-06 04:01:53,151,151,57,111,,,,,61,28.5,,,
Depok,Cinere - Nafas,2026-05-06 04:02:31,165,165,68,150,,,,,68,26.7,,,
Bogor,Kabupaten Bogor Leuwiliang,2026-05-06 04:00:00,80,58,26,,4,9,0,80,,,,,
Tangerang,Tangerang Pasir Jaya,2026-05-06 04:00:00,65,63,33,,58,63,0,65,,,,,
Bekasi,Bekasi Kayuringin,2026-05-06 04:00:00,57,57,26,,61,13,0,2,,,,,
Jakarta,The Pakubuwono Menteng,2026-05-06 04:02:54,151,151,56,111,,,,,61,28.5,,,
Depok,Cinere - Nafas,2026-05-06 04:02:31,165,165,68,150,,,,,68,26.7,,,
Bogor,Kabupaten Bogor Leuwiliang,2026-05-06 04:00:00,80,58,26,,4,9,0,80,,,,,
Tangerang,Tangerang Pasir Jaya,2026-05-06 04:00:00,65,63,33,,58,63,0,65,,,,,
Bekasi,Bekasi Kayuringin,2026-05-06 04:00:00,57,57,26,,61,13,0,2,,,,,
Jakarta,The Pakubuwono Menteng,2026-05-06 04:03:53,141,141,55,100,,,,,61,28.5,,,
Depok,Cinere - Nafas,2026-05-06 04:02:31,165,165,68,150,,,,,68,26.7,,,
Bogor,Kabupaten Bogor Leuwiliang,2026-05-06 04:00:00,80,58,26,,4,9,0,80,,,,,
Tangerang,Tangerang Pasir Jaya,2026-05-06 04:00:00,65,63,33,,58,63,0,65,,,,,
Bekasi,Bekasi Kayuringin,2026-05-06 04:00:00,57,57,26,,61,13,0,2,,,,,
Jakarta,The Pakubuwono Menteng,2026-05-06 04:05:53,131,131,52,94,,,,,61,28.5,,,
Depok,Cinere - Nafas,2026-05-06 04:06:26,165,165,68,149,,,,,68,26.6,,,
Bogor,Kabupaten Bogor Leuwiliang,2026-05-06 04:00:00,80,58,26,,4,9,0,80,,,,,
Tangerang,Tangerang Pasir Jaya,2026-05-06 04:00:00,65,63,33,,58,63,0,65,,,,,
Bekasi,Bekasi Kayuringin,2026-05-06 04:00:00,57,57,26,,61,13,0,2,,,,,
Jakarta,The Pakubuwono Menteng,2026-05-06 04:06:53,131,131,51,94,,,,,61,28.5,,,
Depok,Cinere - Nafas,2026-05-06 04:07:27,164,164,67,146,,,,,68,26.6,,,
Bogor,Kabupaten Bogor Leuwiliang,2026-05-06 04:00:00,80,58,26,,4,9,0,80,,,,,
Tangerang,Tangerang Pasir Jaya,2026-05-06 04:00:00,65,63,33,,58,63,0,65,,,,,
Bekasi,Bekasi Kayuringin,2026-05-06 04:00:00,57,57,26,,61,13,0,2,,,,,
Jakarta,The Pakubuwono Menteng,2026-05-06 04:08:54,130,130,53,94,,,,,61,28.5,,,
Depok,Cinere - Nafas,2026-05-06 04:09:26,163,163,66,146,,,,,68,26.6,,,
Bogor,Kabupaten Bogor Leuwiliang,2026-05-06 04:00:00,80,58,26,,4,9,0,80,,,,,
Tangerang,Tangerang Pasir Jaya,2026-05-06 04:00:00,65,63,33,,58,63,0,65,,,,,
Bekasi,Bekasi Kayuringin,2026-05-06 04:00:00,57,57,26,,61,13,0,2,,,,,
Jakarta,The Pakubuwono Menteng,2026-05-06 04:09:54,136,136,54,96,,,,,61,28.5,,,
Depok,Cinere - Nafas,2026-05-06 04:10:27,162,162,65,146,,,,,68,26.7,,,
Bogor,Kabupaten Bogor Leuwiliang,2026-05-06 04:00:00,80,58,26,,4,9,0,80,,,,,
Tangerang,Tangerang Pasir Jaya,2026-05-06 04:00:00,65,63,33,,58,63,0,65,,,,,
Bekasi,Bekasi Kayuringin,2026-05-06 04:00:00,57,57,26,,61,13,0,2,,,,,
Jakarta,The Pakubuwono Menteng,2026-05-06 04:10:54,128,128,51,94,,,,,61,28.5,,,
Depok,Cinere - Nafas,2026-05-06 04:11:27,162,162,65,144,,,,,68,26.7,,,
Bogor,Kabupaten Bogor Leuwiliang,2026-05-06 04:00:00,80,58,26,,4,9,0,80,,,,,
Tangerang,Tangerang Pasir Jaya,2026-05-06 04:00:00,65,63,33,,58,63,0,65,,,,,
Bekasi,Bekasi Kayuringin,2026-05-06 04:00:00,57,57,26,,61,13,0,2,,,,,
Jakarta,The Pakubuwono Menteng,2026-05-06 04:10:54,128,128,51,94,,,,,61,28.5,,,
Depok,Cinere - Nafas,2026-05-06 04:11:27,162,162,65,144,,,,,68,26.7,,,
Bogor,Kabupaten Bogor Leuwiliang,2026-05-06 04:00:00,80,58,26,,4,9,0,80,,,,,
Tangerang,Tangerang Pasir Jaya,2026-05-06 04:00:00,65,63,33,,58,63,0,65,,,,,
Bekasi,Bekasi Kayuringin,2026-05-06 04:00:00,57,57,26,,61,13,0,2,,,,,
Jakarta,The Pakubuwono Menteng,2026-05-06 04:11:54,129,129,51,94,,,,,61,28.5,,,
Depok,Cinere - Nafas,2026-05-06 04:12:27,163,163,66,145,,,,,68,26.7,,,
Bogor,Kabupaten Bogor Leuwiliang,2026-05-06 04:00:00,80,58,26,,4,9,0,80,,,,,
Tangerang,Tangerang Pasir Jaya,2026-05-06 04:00:00,65,63,33,,58,63,0,65,,,,,
Bekasi,Bekasi Kayuringin,2026-05-06 04:00:00,57,57,26,,61,13,0,2,,,,,
Jakarta,The Pakubuwono Menteng,2026-05-06 04:14:54,120,120,49,88,,,,,61,28.5,,,
Depok,Cinere - Nafas,2026-05-06 04:13:27,163,163,65,143,,,,,68,26.8,,,
Bogor,Kabupaten Bogor Leuwiliang,2026-05-06 04:00:00,80,58,26,,4,9,0,80,,,,,
Tangerang,Tangerang Pasir Jaya,2026-05-06 04:00:00,65,63,33,,58,63,0,65,,,,,
Bekasi,Bekasi Kayuringin,2026-05-06 04:00:00,57,57,26,,61,13,0,2,,,,,
Jakarta,The Pakubuwono Menteng,2026-05-06 04:15:54,120,120,49,88,,,,,61,28.5,,,
Depok,Cinere - Nafas,2026-05-06 04:15:53,162,162,65,141,,,,,68,26.8,,,
Bogor,Kabupaten Bogor Leuwiliang,2026-05-06 04:00:00,80,58,26,,4,9,0,80,,,,,
Tangerang,Tangerang Pasir Jaya,2026-05-06 04:00:00,65,63,33,,58,63,0,65,,,,,
Bekasi,Bekasi Kayuringin,2026-05-06 04:00:00,57,57,26,,61,13,0,2,,,,,
Jakarta,The Pakubuwono Menteng,2026-05-06 04:17:04,122,122,50,89,,,,,61,28.5,,,
Depok,Cinere - Nafas,2026-05-06 04:17:04,160,160,64,138,,,,,68,26.8,,,
Bogor,Kabupaten Bogor Leuwiliang,2026-05-06 04:00:00,80,58,26,,4,9,0,80,,,,,
Tangerang,Tangerang Pasir Jaya,2026-05-06 04:00:00,65,63,33,,58,63,0,65,,,,,
Bekasi,Bekasi Kayuringin,2026-05-06 04:00:00,57,57,26,,61,13,0,2,,,,,
Jakarta,The Pakubuwono Menteng,2026-05-06 04:17:54,118,118,48,87,,,,,61,28.5,,,
Depok,Cinere - Nafas,2026-05-06 04:17:52,160,160,62,135,,,,,68,26.8,,,
Bogor,Kabupaten Bogor Leuwiliang,2026-05-06 04:00:00,80,58,26,,4,9,0,80,,,,,
Tangerang,Tangerang Pasir Jaya,2026-05-06 04:00:00,65,63,33,,58,63,0,65,,,,,
Bekasi,Bekasi Kayuringin,2026-05-06 04:00:00,57,57,26,,61,13,0,2,,,,,
Jakarta,The Pakubuwono Menteng,2026-05-06 04:18:54,124,124,49,89,,,,,61,28.5,,,
Depok,Cinere - Nafas,2026-05-06 04:18:52,160,160,63,136,,,,,68,26.8,,,
Bogor,Kabupaten Bogor Leuwiliang,2026-05-06 04:00:00,80,58,26,,4,9,0,80,,,,,
Tangerang,Tangerang Pasir Jaya,2026-05-06 04:00:00,65,63,33,,58,63,0,65,,,,,
Bekasi,Bekasi Kayuringin,2026-05-06 04:00:00,57,57,26,,61,13,0,2,,,,,
Jakarta,The Pakubuwono Menteng,2026-05-06 04:19:54,126,126,50,90,,,,,61,28.5,,,
Depok,Cinere - Nafas,2026-05-06 04:19:52,160,160,64,136,,,,,68,26.8,,,
Bogor,Kabupaten Bogor Leuwiliang,2026-05-06 04:00:00,80,58,26,,4,9,0,80,,,,,
Tangerang,Tangerang Pasir Jaya,2026-05-06 04:00:00,65,63,33,,58,63,0,65,,,,,
Bekasi,Bekasi Kayuringin,2026-05-06 04:00:00,57,57,26,,61,13,0,2,,,,,
Jakarta,The Pakubuwono Menteng,2026-05-06 04:20:54,124,124,50,89,,,,,61,28.5,,,
Depok,Cinere - Nafas,2026-05-06 04:20:52,160,160,63,139,,,,,68,26.8,,,
Bogor,Kabupaten Bogor Leuwiliang,2026-05-06 04:00:00,80,58,26,,4,9,0,80,,,,,
Tangerang,Tangerang Pasir Jaya,2026-05-06 04:00:00,65,63,33,,58,63,0,65,,,,,
Bekasi,Bekasi Kayuringin,2026-05-06 04:00:00,57,57,26,,61,13,0,2,,,,,
Jakarta,The Pakubuwono Menteng,2026-05-06 04:21:54,126,126,51,92,,,,,61,28.5,,,
Depok,Cinere - Nafas,2026-05-06 04:23:53,160,160,62,137,,,,,68,26.8,,,
Bogor,Kabupaten Bogor Leuwiliang,2026-05-06 04:00:00,80,58,26,,4,9,0,80,,,,,
Tangerang,Tangerang Pasir Jaya,2026-05-06 04:00:00,65,63,33,,58,63,0,65,,,,,
Bekasi,Bekasi Kayuringin,2026-05-06 04:00:00,57,57,26,,61,13,0,2,,,,,
Jakarta,The Pakubuwono Menteng,2026-05-06 04:24:54,125,125,49,89,,,,,61,28.5,,,
Depok,Cinere - Nafas,2026-05-06 04:24:53,161,161,64,140,,,,,68,26.8,,,
Bogor,Kabupaten Bogor Leuwiliang,2026-05-06 04:00:00,80,58,26,,4,9,0,80,,,,,
Tangerang,Tangerang Pasir Jaya,2026-05-06 04:00:00,65,63,33,,58,63,0,65,,,,,
Bekasi,Bekasi Kayuringin,2026-05-06 04:00:00,57,57,26,,61,13,0,2,,,,,
Jakarta,The Pakubuwono Menteng,2026-05-06 04:24:54,125,125,49,89,,,,,61,28.5,,,
Depok,Cinere - Nafas,2026-05-06 04:24:53,161,161,64,140,,,,,68,26.8,,,
Bogor,Kabupaten Bogor Leuwiliang,2026-05-06 04:00:00,80,58,26,,4,9,0,80,,,,,
Tangerang,Tangerang Pasir Jaya,2026-05-06 04:00:00,65,63,33,,58,63,0,65,,,,,
Bekasi,Bekasi Kayuringin,2026-05-06 04:00:00,57,57,26,,61,13,0,2,,,,,
Jakarta,The Pakubuwono Menteng,2026-05-06 04:25:54,128,128,51,94,,,,,61,28.5,,,
Depok,Cinere - Nafas,2026-05-06 04:25:53,162,162,65,144,,,,,68,26.8,,,
Bogor,Kabupaten Bogor Leuwiliang,2026-05-06 04:00:00,80,58,26,,4,9,0,80,,,,,
Tangerang,Tangerang Pasir Jaya,2026-05-06 04:00:00,65,63,33,,58,63,0,65,,,,,
Bekasi,Bekasi Kayuringin,2026-05-06 04:00:00,57,57,26,,61,13,0,2,,,,,
Jakarta,The Pakubuwono Menteng,2026-05-06 04:26:54,131,131,52,94,,,,,61,28.5,,,
Depok,Cinere - Nafas,2026-05-06 04:26:53,161,161,64,142,,,,,67,26.9,,,
Bogor,Kabupaten Bogor Leuwiliang,2026-05-06 04:00:00,80,58,26,,4,9,0,80,,,,,
Tangerang,Tangerang Pasir Jaya,2026-05-06 04:00:00,65,63,33,,58,63,0,65,,,,,
Bekasi,Bekasi Kayuringin,2026-05-06 04:00:00,57,57,26,,61,13,0,2,,,,,
Jakarta,The Pakubuwono Menteng,2026-05-06 04:27:54,129,129,52,93,,,,,61,28.5,,,
Depok,Cinere - Nafas,2026-05-06 04:27:52,160,160,62,136,,,,,67,26.9,,,
Bogor,Kabupaten Bogor Leuwiliang,2026-05-06 04:00:00,80,58,26,,4,9,0,80,,,,,
Tangerang,Tangerang Pasir Jaya,2026-05-06 04:00:00,65,63,33,,58,63,0,65,,,,,
Bekasi,Bekasi Kayuringin,2026-05-06 04:00:00,57,57,26,,61,13,0,2,,,,,
Jakarta,The Pakubuwono Menteng,2026-05-06 04:28:54,128,128,51,93,,,,,61,28.5,,,
Depok,Cinere - Nafas,2026-05-06 04:28:53,160,160,62,137,,,,,67,26.9,,,
Bogor,Kabupaten Bogor Leuwiliang,2026-05-06 04:00:00,80,58,26,,4,9,0,80,,,,,
Tangerang,Tangerang Pasir Jaya,2026-05-06 04:00:00,65,63,33,,58,63,0,65,,,,,
Bekasi,Bekasi Kayuringin,2026-05-06 04:00:00,57,57,26,,61,13,0,2,,,,,
Jakarta,The Pakubuwono Menteng,2026-05-06 04:30:54,131,131,52,94,,,,,61,28.5,,,
Depok,Cinere - Nafas,2026-05-06 04:31:43,160,160,63,136,,,,,67,26.9,,,
Bogor,Kabupaten Bogor Leuwiliang,2026-05-06 04:00:00,80,58,26,,4,9,0,80,,,,,
Tangerang,Tangerang Pasir Jaya,2026-05-06 04:00:00,65,63,33,,58,63,0,65,,,,,
Bekasi,Bekasi Kayuringin,2026-05-06 04:00:00,57,57,26,,61,13,0,2,,,,,
Jakarta,The Pakubuwono Menteng,2026-05-06 04:32:54,124,124,51,91,,,,,61,28.5,,,
Depok,Cinere - Nafas,2026-05-06 04:33:07,161,161,64,140,,,,,67,26.9,,,
Bogor,Kabupaten Bogor Leuwiliang,2026-05-06 04:00:00,80,58,26,,4,9,0,80,,,,,
Tangerang,Tangerang Pasir Jaya,2026-05-06 04:00:00,65,63,33,,58,63,0,65,,,,,
Bekasi,Bekasi Kayuringin,2026-05-06 04:00:00,57,57,26,,61,13,0,2,,,,,
Jakarta,The Pakubuwono Menteng,2026-05-06 04:33:54,129,129,52,94,,,,,61,28.5,,,
Depok,Cinere - Nafas,2026-05-06 04:34:08,161,161,64,140,,,,,67,26.9,,,
Bogor,Kabupaten Bogor Leuwiliang,2026-05-06 04:00:00,80,58,26,,4,9,0,80,,,,,
Tangerang,Tangerang Pasir Jaya,2026-05-06 04:00:00,65,63,33,,58,63,0,65,,,,,
Bekasi,Bekasi Kayuringin,2026-05-06 04:00:00,57,57,26,,61,13,0,2,,,,,
Jakarta,The Pakubuwono Menteng,2026-05-06 04:34:54,124,124,50,90,,,,,61,28.5,,,
Depok,Cinere - Nafas,2026-05-06 04:35:08,161,161,64,136,,,,,67,26.8,,,
Bogor,Kabupaten Bogor Leuwiliang,2026-05-06 04:00:00,80,58,26,,4,9,0,80,,,,,
Tangerang,Tangerang Pasir Jaya,2026-05-06 04:00:00,65,63,33,,58,63,0,65,,,,,
Bekasi,Bekasi Kayuringin,2026-05-06 04:00:00,57,57,26,,61,13,0,2,,,,,
Jakarta,The Pakubuwono Menteng,2026-05-06 04:35:54,126,126,50,90,,,,,61,28.5,,,
Depok,Cinere - Nafas,2026-05-06 04:36:08,160,160,63,136,,,,,67,26.8,,,
Bogor,Kabupaten Bogor Leuwiliang,2026-05-06 04:00:00,80,58,26,,4,9,0,80,,,,,
Tangerang,Tangerang Pasir Jaya,2026-05-06 04:00:00,65,63,33,,58,63,0,65,,,,,
Bekasi,Bekasi Kayuringin,2026-05-06 04:00:00,57,57,26,,61,13,0,2,,,,,
Jakarta,The Pakubuwono Menteng,2026-05-06 04:36:54,122,122,48,89,,,,,61,28.5,,,
Depok,Cinere - Nafas,2026-05-06 04:37:08,160,160,63,136,,,,,68,26.8,,,
Bogor,Kabupaten Bogor Leuwiliang,2026-05-06 04:00:00,80,58,26,,4,9,0,80,,,,,
Tangerang,Tangerang Pasir Jaya,2026-05-06 04:00:00,65,63,33,,58,63,0,65,,,,,
Bekasi,Bekasi Kayuringin,2026-05-06 04:00:00,57,57,26,,61,13,0,2,,,,,
Jakarta,The Pakubuwono Menteng,2026-05-06 04:37:54,123,123,50,88,,,,,61,28.5,,,
Depok,Cinere - Nafas,2026-05-06 04:38:08,160,160,64,135,,,,,67,26.8,,,
Bogor,Kabupaten Bogor Leuwiliang,2026-05-06 04:00:00,80,58,26,,4,9,0,80,,,,,
Tangerang,Tangerang Pasir Jaya,2026-05-06 04:00:00,65,63,33,,58,63,0,65,,,,,
Bekasi,Bekasi Kayuringin,2026-05-06 04:00:00,57,57,26,,61,13,0,2,,,,,
Jakarta,The Pakubuwono Menteng,2026-05-06 04:38:54,122,122,50,89,,,,,61,28.5,,,
Depok,Cinere - Nafas,2026-05-06 04:40:08,159,159,62,136,,,,,67,26.8,,,
Bogor,Kabupaten Bogor Leuwiliang,2026-05-06 04:00:00,80,58,26,,4,9,0,80,,,,,
Tangerang,Tangerang Pasir Jaya,2026-05-06 04:00:00,65,63,33,,58,63,0,65,,,,,
Bekasi,Bekasi Kayuringin,2026-05-06 04:00:00,57,57,26,,61,13,0,2,,,,,
Jakarta,The Pakubuwono Menteng,2026-05-06 04:40:54,123,123,50,90,,,,,61,28.5,,,
Depok,Cinere - Nafas,2026-05-06 04:41:09,161,161,64,139,,,,,67,26.8,,,
Bogor,Kabupaten Bogor Leuwiliang,2026-05-06 04:00:00,80,58,26,,4,9,0,80,,,,,
Tangerang,Tangerang Pasir Jaya,2026-05-06 04:00:00,65,63,33,,58,63,0,65,,,,,
Bekasi,Bekasi Kayuringin,2026-05-06 04:00:00,57,57,26,,61,13,0,2,,,,,
Jakarta,The Pakubuwono Menteng,2026-05-06 04:41:54,123,123,50,90,,,,,61,28.5,,,
Depok,Cinere - Nafas,2026-05-06 04:42:08,160,160,64,135,,,,,68,26.8,,,
Bogor,Kabupaten Bogor Leuwiliang,2026-05-06 04:00:00,80,58,26,,4,9,0,80,,,,,
Tangerang,Tangerang Pasir Jaya,2026-05-06 04:00:00,65,63,33,,58,63,0,65,,,,,
Bekasi,Bekasi Kayuringin,2026-05-06 04:00:00,57,57,26,,61,13,0,2,,,,,
Jakarta,The Pakubuwono Menteng,2026-05-06 04:42:54,126,126,50,90,,,,,61,28.5,,,
Depok,Cinere - Nafas,2026-05-06 04:43:08,161,161,63,141,,,,,68,26.8,,,
Bogor,Kabupaten Bogor Leuwiliang,2026-05-06 04:00:00,80,58,26,,4,9,0,80,,,,,
Tangerang,Tangerang Pasir Jaya,2026-05-06 04:00:00,65,63,33,,58,63,0,65,,,,,
Bekasi,Bekasi Kayuringin,2026-05-06 04:00:00,57,57,26,,61,13,0,2,,,,,
Jakarta,The Pakubuwono Menteng,2026-05-06 04:43:54,125,125,50,89,,,,,61,28.5,,,
Depok,Cinere - Nafas,2026-05-06 04:44:08,161,161,64,140,,,,,67,26.8,,,
Bogor,Kabupaten Bogor Leuwiliang,2026-05-06 04:00:00,80,58,26,,4,9,0,80,,,,,
Tangerang,Tangerang Pasir Jaya,2026-05-06 04:00:00,65,63,33,,58,63,0,65,,,,,
Bekasi,Bekasi Kayuringin,2026-05-06 04:00:00,57,57,26,,61,13,0,2,,,,,
Jakarta,The Pakubuwono Menteng,2026-05-06 04:44:54,125,125,50,88,,,,,61,28.5,,,
Depok,Cinere - Nafas,2026-05-06 04:45:08,162,162,65,141,,,,,68,26.8,,,
Bogor,Kabupaten Bogor Leuwiliang,2026-05-06 04:00:00,80,58,26,,4,9,0,80,,,,,
Tangerang,Tangerang Pasir Jaya,2026-05-06 04:00:00,65,63,33,,58,63,0,65,,,,,
Bekasi,Bekasi Kayuringin,2026-05-06 04:00:00,57,57,26,,61,13,0,2,,,,,
Jakarta,The Pakubuwono Menteng,2026-05-06 04:47:54,129,129,52,94,,,,,62,28.5,,,
Depok,Cinere - Nafas,2026-05-06 04:47:39,160,160,62,134,,,,,68,26.7,,,
Bogor,Kabupaten Bogor Leuwiliang,2026-05-06 04:00:00,80,58,26,,4,9,0,80,,,,,
Tangerang,Tangerang Pasir Jaya,2026-05-06 04:00:00,65,63,33,,58,63,0,65,,,,,
Bekasi,Bekasi Kayuringin,2026-05-06 04:00:00,57,57,26,,61,13,0,2,,,,,
Jakarta,The Pakubuwono Menteng,2026-05-06 04:48:55,126,126,52,92,,,,,61,28.5,,,
Depok,Cinere - Nafas,2026-05-06 04:48:39,161,161,64,140,,,,,68,26.7,,,
Bogor,Kabupaten Bogor Leuwiliang,2026-05-06 04:00:00,80,58,26,,4,9,0,80,,,,,
Tangerang,Tangerang Pasir Jaya,2026-05-06 04:00:00,65,63,33,,58,63,0,65,,,,,
Bekasi,Bekasi Kayuringin,2026-05-06 04:00:00,57,57,26,,61,13,0,2,,,,,
Jakarta,The Pakubuwono Menteng,2026-05-06 04:49:55,124,124,50,90,,,,,61,28.5,,,
Depok,Cinere - Nafas,2026-05-06 04:50:39,163,163,65,147,,,,,68,26.7,,,
Bogor,Kabupaten Bogor Leuwiliang,2026-05-06 04:00:00,80,58,26,,4,9,0,80,,,,,
Tangerang,Tangerang Pasir Jaya,2026-05-06 04:00:00,65,63,33,,58,63,0,65,,,,,
Bekasi,Bekasi Kayuringin,2026-05-06 04:00:00,57,57,26,,61,13,0,2,,,,,
Jakarta,The Pakubuwono Menteng,2026-05-06 04:51:55,128,128,51,92,,,,,62,28.5,,,
Depok,Cinere - Nafas,2026-05-06 04:51:41,164,164,67,147,,,,,68,26.6,,,
Bogor,Kabupaten Bogor Leuwiliang,2026-05-06 04:00:00,80,58,26,,4,9,0,80,,,,,
Tangerang,Tangerang Pasir Jaya,2026-05-06 04:00:00,65,63,33,,58,63,0,65,,,,,
Bekasi,Bekasi Kayuringin,2026-05-06 04:00:00,57,57,26,,61,13,0,2,,,,,
Jakarta,The Pakubuwono Menteng,2026-05-06 04:52:55,126,126,50,89,,,,,61,28.5,,,
Depok,Cinere - Nafas,2026-05-06 04:52:39,163,163,66,147,,,,,68,26.6,,,
Bogor,Kabupaten Bogor Leuwiliang,2026-05-06 04:00:00,80,58,26,,4,9,0,80,,,,,
Tangerang,Tangerang Pasir Jaya,2026-05-06 04:00:00,65,63,33,,58,63,0,65,,,,,
Bekasi,Bekasi Kayuringin,2026-05-06 04:00:00,57,57,26,,61,13,0,2,,,,,
Jakarta,The Pakubuwono Menteng,2026-05-06 04:53:55,123,123,50,89,,,,,62,28.5,,,
Depok,Cinere - Nafas,2026-05-06 04:53:39,164,164,66,149,,,,,68,26.6,,,
Bogor,Kabupaten Bogor Leuwiliang,2026-05-06 04:00:00,80,58,26,,4,9,0,80,,,,,
Tangerang,Tangerang Pasir Jaya,2026-05-06 04:00:00,65,63,33,,58,63,0,65,,,,,
Bekasi,Bekasi Kayuringin,2026-05-06 04:00:00,57,57,26,,61,13,0,2,,,,,
Jakarta,The Pakubuwono Menteng,2026-05-06 04:54:55,120,120,49,89,,,,,62,28.5,,,
Depok,Cinere - Nafas,2026-05-06 04:54:39,162,162,64,141,,,,,68,26.6,,,
Bogor,Kabupaten Bogor Leuwiliang,2026-05-06 04:00:00,80,58,26,,4,9,0,80,,,,,
Tangerang,Tangerang Pasir Jaya,2026-05-06 04:00:00,65,63,33,,58,63,0,65,,,,,
Bekasi,Bekasi Kayuringin,2026-05-06 04:00:00,57,57,26,,61,13,0,2,,,,,
Jakarta,The Pakubuwono Menteng,2026-05-06 04:55:55,122,122,49,90,,,,,61,28.5,,,
Depok,Cinere - Nafas,2026-05-06 04:55:39,165,165,67,150,,,,,68,26.6,,,
Bogor,Kabupaten Bogor Leuwiliang,2026-05-06 04:00:00,80,58,26,,4,9,0,80,,,,,
Tangerang,Tangerang Pasir Jaya,2026-05-06 04:00:00,65,63,33,,58,63,0,65,,,,,
Bekasi,Bekasi Kayuringin,2026-05-06 04:00:00,57,57,26,,61,13,0,2,,,,,
Jakarta,The Pakubuwono Menteng,2026-05-06 04:56:54,123,123,49,89,,,,,61,28.5,,,
Depok,Cinere - Nafas,2026-05-06 04:56:39,163,163,66,149,,,,,68,26.6,,,
Bogor,Kabupaten Bogor Leuwiliang,2026-05-06 04:00:00,80,58,26,,4,9,0,80,,,,,
Tangerang,Tangerang Pasir Jaya,2026-05-06 04:00:00,65,63,33,,58,63,0,65,,,,,
Bekasi,Bekasi Kayuringin,2026-05-06 04:00:00,57,57,26,,61,13,0,2,,,,,
Jakarta,The Pakubuwono Menteng,2026-05-06 04:57:55,121,121,50,90,,,,,61,28.5,,,
Depok,Cinere - Nafas,2026-05-06 04:57:39,165,165,69,147,,,,,68,26.5,,,
Bogor,Kabupaten Bogor Leuwiliang,2026-05-06 04:00:00,80,58,26,,4,9,0,80,,,,,
Tangerang,Tangerang Pasir Jaya,2026-05-06 04:00:00,65,63,33,,58,63,0,65,,,,,
Bekasi,Bekasi Kayuringin,2026-05-06 04:00:00,57,57,26,,61,13,0,2,,,,,
Jakarta,The Pakubuwono Menteng,2026-05-06 04:59:55,126,126,51,90,,,,,62,28.5,,,
Depok,Cinere - Nafas,2026-05-06 04:59:40,164,164,67,147,,,,,68,26.5,,,
Bogor,Kabupaten Bogor Leuwiliang,2026-05-06 04:00:00,80,58,26,,4,9,0,80,,,,,
Tangerang,Tangerang Pasir Jaya,2026-05-06 04:00:00,65,63,33,,58,63,0,65,,,,,
Bekasi,Bekasi Kayuringin,2026-05-06 04:00:00,57,57,26,,61,13,0,2,,,,,
Jakarta,The Pakubuwono Menteng,2026-05-06 05:00:55,125,125,50,90,,,,,61,28.5,,,
Depok,Cinere - Nafas,2026-05-06 05:00:41,163,163,66,148,,,,,68,26.5,,,
Bogor,Kabupaten Bogor Leuwiliang,2026-05-06 04:00:00,80,58,26,,4,9,0,80,,,,,
Tangerang,Tangerang Pasir Jaya,2026-05-06 04:00:00,65,63,33,,58,63,0,65,,,,,
Bekasi,Bekasi Kayuringin,2026-05-06 04:00:00,57,57,26,,61,13,0,2,,,,,
Jakarta,The Pakubuwono Menteng,2026-05-06 05:01:55,123,123,50,87,,,,,61,28.5,,,
Depok,Cinere - Nafas,2026-05-06 05:01:40,165,165,68,150,,,,,68,26.5,,,
Bogor,Kabupaten Bogor Leuwiliang,2026-05-06 05:00:00,80,58,26,,4,9,0,80,,,,,
Tangerang,Tangerang Pasir Jaya,2026-05-06 05:00:00,65,62,32,,58,63,0,65,,,,,
Bekasi,Bekasi Kayuringin,2026-05-06 05:00:00,59,59,27,,62,13,0,2,,,,,
Jakarta,The Pakubuwono Menteng,2026-05-06 05:03:55,123,123,49,89,,,,,61,28.5,,,
Depok,Cinere - Nafas,2026-05-06 05:03:54,164,164,67,150,,,,,69,26.2,,,
Bogor,Kabupaten Bogor Leuwiliang,2026-05-06 05:00:00,80,58,26,,4,9,0,80,,,,,
Tangerang,Tangerang Pasir Jaya,2026-05-06 05:00:00,65,62,32,,58,63,0,65,,,,,
Bekasi,Bekasi Kayuringin,2026-05-06 05:00:00,59,59,27,,62,13,0,2,,,,,
Jakarta,The Pakubuwono Menteng,2026-05-06 05:04:55,124,124,50,90,,,,,61,28.5,,,
Depok,Cinere - Nafas,2026-05-06 05:04:54,164,164,66,151,,,,,69,26.3,,,
Bogor,Kabupaten Bogor Leuwiliang,2026-05-06 05:00:00,80,58,26,,4,9,0,80,,,,,
Tangerang,Tangerang Pasir Jaya,2026-05-06 05:00:00,65,62,32,,58,63,0,65,,,,,
Bekasi,Bekasi Kayuringin,2026-05-06 05:00:00,59,59,27,,62,13,0,2,,,,,
Jakarta,The Pakubuwono Menteng,2026-05-06 05:05:55,123,123,51,89,,,,,61,28.5,,,
Depok,Cinere - Nafas,2026-05-06 05:05:54,166,166,69,152,,,,,69,26.3,,,
Bogor,Kabupaten Bogor Leuwiliang,2026-05-06 05:00:00,80,58,26,,4,9,0,80,,,,,
Tangerang,Tangerang Pasir Jaya,2026-05-06 05:00:00,65,62,32,,58,63,0,65,,,,,
Bekasi,Bekasi Kayuringin,2026-05-06 05:00:00,59,59,27,,62,13,0,2,,,,,
Jakarta,The Pakubuwono Menteng,2026-05-06 05:06:55,123,123,50,89,,,,,62,28.5,,,
Depok,Cinere - Nafas,2026-05-06 05:06:54,166,166,69,151,,,,,69,26.3,,,
Bogor,Kabupaten Bogor Leuwiliang,2026-05-06 05:00:00,80,58,26,,4,9,0,80,,,,,
Tangerang,Tangerang Pasir Jaya,2026-05-06 05:00:00,65,62,32,,58,63,0,65,,,,,
Bekasi,Bekasi Kayuringin,2026-05-06 05:00:00,59,59,27,,62,13,0,2,,,,,
Jakarta,The Pakubuwono Menteng,2026-05-06 05:07:55,123,123,50,89,,,,,61,28.5,,,
Depok,Cinere - Nafas,2026-05-06 05:06:54,166,166,69,151,,,,,69,26.3,,,
Bogor,Kabupaten Bogor Leuwiliang,2026-05-06 05:00:00,80,58,26,,4,9,0,80,,,,,
Tangerang,Tangerang Pasir Jaya,2026-05-06 05:00:00,65,62,32,,58,63,0,65,,,,,
Bekasi,Bekasi Kayuringin,2026-05-06 05:00:00,59,59,27,,62,13,0,2,,,,,
Jakarta,The Pakubuwono Menteng,2026-05-06 05:08:55,124,124,50,90,,,,,61,28.5,,,
Depok,Cinere - Nafas,2026-05-06 05:06:54,166,166,69,151,,,,,69,26.3,,,
Bogor,Kabupaten Bogor Leuwiliang,2026-05-06 05:00:00,80,58,26,,4,9,0,80,,,,,
Tangerang,Tangerang Pasir Jaya,2026-05-06 05:00:00,65,62,32,,58,63,0,65,,,,,
Bekasi,Bekasi Kayuringin,2026-05-06 05:00:00,59,59,27,,62,13,0,2,,,,,
Jakarta,The Pakubuwono Menteng,2026-05-06 05:10:55,127,127,51,90,,,,,62,28.5,,,
Depok,Cinere - Nafas,2026-05-06 05:10:27,166,166,69,151,,,,,69,26.3,,,
Bogor,Kabupaten Bogor Leuwiliang,2026-05-06 05:00:00,80,58,26,,4,9,0,80,,,,,
Tangerang,Tangerang Pasir Jaya,2026-05-06 05:00:00,65,62,32,,58,63,0,65,,,,,
Bekasi,Bekasi Kayuringin,2026-05-06 05:00:00,59,59,27,,62,13,0,2,,,,,
Jakarta,The Pakubuwono Menteng,2026-05-06 05:11:55,131,131,53,94,,,,,62,28.5,,,
Depok,Cinere - Nafas,2026-05-06 05:11:27,164,164,67,151,,,,,69,26.3,,,
Bogor,Kabupaten Bogor Leuwiliang,2026-05-06 05:00:00,80,58,26,,4,9,0,80,,,,,
Tangerang,Tangerang Pasir Jaya,2026-05-06 05:00:00,65,62,32,,58,63,0,65,,,,,
Bekasi,Bekasi Kayuringin,2026-05-06 05:00:00,59,59,27,,62,13,0,2,,,,,
Jakarta,The Pakubuwono Menteng,2026-05-06 05:12:55,131,131,52,94,,,,,62,28.5,,,
Depok,Cinere - Nafas,2026-05-06 05:12:27,164,164,67,150,,,,,69,26.3,,,
Bogor,Kabupaten Bogor Leuwiliang,2026-05-06 05:00:00,80,58,26,,4,9,0,80,,,,,
Tangerang,Tangerang Pasir Jaya,2026-05-06 05:00:00,65,62,32,,58,63,0,65,,,,,
Bekasi,Bekasi Kayuringin,2026-05-06 05:00:00,59,59,27,,62,13,0,2,,,,,
Jakarta,The Pakubuwono Menteng,2026-05-06 05:13:55,128,128,52,94,,,,,62,28.5,,,
Depok,Cinere - Nafas,2026-05-06 05:13:27,164,164,67,150,,,,,69,26.2,,,
Bogor,Kabupaten Bogor Leuwiliang,2026-05-06 05:00:00,80,58,26,,4,9,0,80,,,,,
Tangerang,Tangerang Pasir Jaya,2026-05-06 05:00:00,65,62,32,,58,63,0,65,,,,,
Bekasi,Bekasi Kayuringin,2026-05-06 05:00:00,59,59,27,,62,13,0,2,,,,,
Jakarta,The Pakubuwono Menteng,2026-05-06 05:14:55,131,131,53,96,,,,,62,28.5,,,
Depok,Cinere - Nafas,2026-05-06 05:14:27,165,165,68,150,,,,,69,26.2,,,
Bogor,Kabupaten Bogor Leuwiliang,2026-05-06 05:00:00,80,58,26,,4,9,0,80,,,,,
Tangerang,Tangerang Pasir Jaya,2026-05-06 05:00:00,65,62,32,,58,63,0,65,,,,,
Bekasi,Bekasi Kayuringin,2026-05-06 05:00:00,59,59,27,,62,13,0,2,,,,,
Jakarta,The Pakubuwono Menteng,2026-05-06 05:15:55,129,129,53,95,,,,,62,28.5,,,
Depok,Cinere - Nafas,2026-05-06 05:15:27,167,167,69,152,,,,,69,26.2,,,
Bogor,Kabupaten Bogor Leuwiliang,2026-05-06 05:00:00,80,58,26,,4,9,0,80,,,,,
Tangerang,Tangerang Pasir Jaya,2026-05-06 05:00:00,65,62,32,,58,63,0,65,,,,,
Bekasi,Bekasi Kayuringin,2026-05-06 05:00:00,59,59,27,,62,13,0,2,,,,,
Jakarta,The Pakubuwono Menteng,2026-05-06 05:17:58,130,130,52,94,,,,,62,28.5,,,
Depok,Cinere - Nafas,2026-05-06 05:15:27,167,167,69,152,,,,,69,26.2,,,
Bogor,Kabupaten Bogor Leuwiliang,2026-05-06 05:00:00,80,58,26,,4,9,0,80,,,,,
Tangerang,Tangerang Pasir Jaya,2026-05-06 05:00:00,65,62,32,,58,63,0,65,,,,,
Bekasi,Bekasi Kayuringin,2026-05-06 05:00:00,59,59,27,,62,13,0,2,,,,,
Jakarta,The Pakubuwono Menteng,2026-05-06 05:19:55,128,128,51,94,,,,,62,28.5,,,
Depok,Cinere - Nafas,2026-05-06 05:15:27,167,167,69,152,,,,,69,26.2,,,
Bogor,Kabupaten Bogor Leuwiliang,2026-05-06 05:00:00,80,58,26,,4,9,0,80,,,,,
Tangerang,Tangerang Pasir Jaya,2026-05-06 05:00:00,65,62,32,,58,63,0,65,,,,,
Bekasi,Bekasi Kayuringin,2026-05-06 05:00:00,59,59,27,,62,13,0,2,,,,,
Jakarta,The Pakubuwono Menteng,2026-05-06 05:20:55,130,130,51,93,,,,,62,28.5,,,
Depok,Cinere - Nafas,2026-05-06 05:20:47,165,165,68,150,,,,,70,25.7,,,
Bogor,Kabupaten Bogor Leuwiliang,2026-05-06 05:00:00,80,58,26,,4,9,0,80,,,,,
Tangerang,Tangerang Pasir Jaya,2026-05-06 05:00:00,65,62,32,,58,63,0,65,,,,,
Bekasi,Bekasi Kayuringin,2026-05-06 05:00:00,59,59,27,,62,13,0,2,,,,,
Jakarta,The Pakubuwono Menteng,2026-05-06 05:21:55,127,127,52,94,,,,,62,28.4,,,
Depok,Cinere - Nafas,2026-05-06 05:21:47,164,164,66,150,,,,,70,25.7,,,
Bogor,Kabupaten Bogor Leuwiliang,2026-05-06 05:00:00,80,58,26,,4,9,0,80,,,,,
Tangerang,Tangerang Pasir Jaya,2026-05-06 05:00:00,65,62,32,,58,63,0,65,,,,,
Bekasi,Bekasi Kayuringin,2026-05-06 05:00:00,59,59,27,,62,13,0,2,,,,,
Jakarta,The Pakubuwono Menteng,2026-05-06 05:22:55,126,126,52,94,,,,,62,28.5,,,
Depok,Cinere - Nafas,2026-05-06 05:22:47,166,166,68,151,,,,,70,25.7,,,
Bogor,Kabupaten Bogor Leuwiliang,2026-05-06 05:00:00,80,58,26,,4,9,0,80,,,,,
Tangerang,Tangerang Pasir Jaya,2026-05-06 05:00:00,65,62,32,,58,63,0,65,,,,,
Bekasi,Bekasi Kayuringin,2026-05-06 05:00:00,59,59,27,,62,13,0,2,,,,,
Jakarta,The Pakubuwono Menteng,2026-05-06 05:22:55,126,126,52,94,,,,,62,28.5,,,
Depok,Cinere - Nafas,2026-05-06 05:22:47,166,166,68,151,,,,,70,25.7,,,
Bogor,Kabupaten Bogor Leuwiliang,2026-05-06 05:00:00,80,58,26,,4,9,0,80,,,,,
Tangerang,Tangerang Pasir Jaya,2026-05-06 05:00:00,65,62,32,,58,63,0,65,,,,,
Bekasi,Bekasi Kayuringin,2026-05-06 05:00:00,59,59,27,,62,13,0,2,,,,,
Jakarta,The Pakubuwono Menteng,2026-05-06 05:23:55,128,128,51,93,,,,,62,28.4,,,
Depok,Cinere - Nafas,2026-05-06 05:23:47,164,164,68,150,,,,,70,25.7,,,
Bogor,Kabupaten Bogor Leuwiliang,2026-05-06 05:00:00,80,58,26,,4,9,0,80,,,,,
Tangerang,Tangerang Pasir Jaya,2026-05-06 05:00:00,65,62,32,,58,63,0,65,,,,,
Bekasi,Bekasi Kayuringin,2026-05-06 05:00:00,59,59,27,,62,13,0,2,,,,,
Jakarta,The Pakubuwono Menteng,2026-05-06 05:24:55,126,126,50,90,,,,,62,28.4,,,
Depok,Cinere - Nafas,2026-05-06 05:24:47,165,165,69,147,,,,,70,25.8,,,
Bogor,Kabupaten Bogor Leuwiliang,2026-05-06 05:00:00,80,58,26,,4,9,0,80,,,,,
Tangerang,Tangerang Pasir Jaya,2026-05-06 05:00:00,65,62,32,,58,63,0,65,,,,,
Bekasi,Bekasi Kayuringin,2026-05-06 05:00:00,59,59,27,,62,13,0,2,,,,,
Jakarta,The Pakubuwono Menteng,2026-05-06 05:27:55,126,126,51,94,,,,,62,28.4,,,
Depok,Cinere - Nafas,2026-05-06 05:27:14,165,165,68,148,,,,,70,25.9,,,
Bogor,Kabupaten Bogor Leuwiliang,2026-05-06 05:00:00,80,58,26,,4,9,0,80,,,,,
Tangerang,Tangerang Pasir Jaya,2026-05-06 05:00:00,65,62,32,,58,63,0,65,,,,,
Bekasi,Bekasi Kayuringin,2026-05-06 05:00:00,59,59,27,,62,13,0,2,,,,,
Jakarta,The Pakubuwono Menteng,2026-05-06 05:28:55,126,126,51,91,,,,,62,28.4,,,
Depok,Cinere - Nafas,2026-05-06 05:28:14,166,166,70,151,,,,,70,25.9,,,
Bogor,Kabupaten Bogor Leuwiliang,2026-05-06 05:00:00,80,58,26,,4,9,0,80,,,,,
Tangerang,Tangerang Pasir Jaya,2026-05-06 05:00:00,65,62,32,,58,63,0,65,,,,,
Bekasi,Bekasi Kayuringin,2026-05-06 05:00:00,59,59,27,,62,13,0,2,,,,,
Jakarta,The Pakubuwono Menteng,2026-05-06 05:29:55,130,130,52,92,,,,,62,28.4,,,
Depok,Cinere - Nafas,2026-05-06 05:29:14,165,165,69,151,,,,,70,25.9,,,
Bogor,Kabupaten Bogor Leuwiliang,2026-05-06 05:00:00,80,58,26,,4,9,0,80,,,,,
Tangerang,Tangerang Pasir Jaya,2026-05-06 05:00:00,65,62,32,,58,63,0,65,,,,,
Bekasi,Bekasi Kayuringin,2026-05-06 05:00:00,59,59,27,,62,13,0,2,,,,,
Jakarta,The Pakubuwono Menteng,2026-05-06 05:30:55,123,123,50,90,,,,,61,28.4,,,
Depok,Cinere - Nafas,2026-05-06 05:30:14,165,165,68,147,,,,,70,25.9,,,
Bogor,Kabupaten Bogor Leuwiliang,2026-05-06 05:00:00,80,58,26,,4,9,0,80,,,,,
Tangerang,Tangerang Pasir Jaya,2026-05-06 05:00:00,65,62,32,,58,63,0,65,,,,,
Bekasi,Bekasi Kayuringin,2026-05-06 05:00:00,59,59,27,,62,13,0,2,,,,,
Jakarta,The Pakubuwono Menteng,2026-05-06 05:31:56,124,124,50,89,,,,,62,28.4,,,
Depok,Cinere - Nafas,2026-05-06 05:31:14,165,165,68,151,,,,,70,26,,,
Bogor,Kabupaten Bogor Leuwiliang,2026-05-06 05:00:00,80,58,26,,4,9,0,80,,,,,
Tangerang,Tangerang Pasir Jaya,2026-05-06 05:00:00,65,62,32,,58,63,0,65,,,,,
Bekasi,Bekasi Kayuringin,2026-05-06 05:00:00,59,59,27,,62,13,0,2,,,,,
Jakarta,The Pakubuwono Menteng,2026-05-06 05:32:55,129,129,53,90,,,,,61,28.4,,,
Depok,Cinere - Nafas,2026-05-06 05:32:14,165,165,67,148,,,,,70,26,,,
Bogor,Kabupaten Bogor Leuwiliang,2026-05-06 05:00:00,80,58,26,,4,9,0,80,,,,,
Tangerang,Tangerang Pasir Jaya,2026-05-06 05:00:00,65,62,32,,58,63,0,65,,,,,
Bekasi,Bekasi Kayuringin,2026-05-06 05:00:00,59,59,27,,62,13,0,2,,,,,
Jakarta,The Pakubuwono Menteng,2026-05-06 05:34:56,121,121,48,90,,,,,62,28.4,,,
Depok,Cinere - Nafas,2026-05-06 05:34:14,167,167,71,151,,,,,70,26,,,
Bogor,Kabupaten Bogor Leuwiliang,2026-05-06 05:00:00,80,58,26,,4,9,0,80,,,,,
Tangerang,Tangerang Pasir Jaya,2026-05-06 05:00:00,65,62,32,,58,63,0,65,,,,,
Bekasi,Bekasi Kayuringin,2026-05-06 05:00:00,59,59,27,,62,13,0,2,,,,,
Jakarta,The Pakubuwono Menteng,2026-05-06 05:36:55,125,125,51,89,,,,,62,28.4,,,
Depok,Cinere - Nafas,2026-05-06 05:36:37,170,170,75,154,,,,,70,26.1,,,
Bogor,Kabupaten Bogor Leuwiliang,2026-05-06 05:00:00,80,58,26,,4,9,0,80,,,,,
Tangerang,Tangerang Pasir Jaya,2026-05-06 05:00:00,65,62,32,,58,63,0,65,,,,,
Bekasi,Bekasi Kayuringin,2026-05-06 05:00:00,59,59,27,,62,13,0,2,,,,,
Jakarta,The Pakubuwono Menteng,2026-05-06 05:36:55,125,125,51,89,,,,,62,28.4,,,
Depok,Cinere - Nafas,2026-05-06 05:36:37,170,170,75,154,,,,,70,26.1,,,
Bogor,Kabupaten Bogor Leuwiliang,2026-05-06 05:00:00,80,58,26,,4,9,0,80,,,,,
Tangerang,Tangerang Pasir Jaya,2026-05-06 05:00:00,65,62,32,,58,63,0,65,,,,,
Bekasi,Bekasi Kayuringin,2026-05-06 05:00:00,59,59,27,,62,13,0,2,,,,,
Jakarta,The Pakubuwono Menteng,2026-05-06 05:37:56,122,122,50,89,,,,,62,28.4,,,
Depok,Cinere - Nafas,2026-05-06 05:37:37,168,168,72,151,,,,,70,26.1,,,
Bogor,Kabupaten Bogor Leuwiliang,2026-05-06 05:00:00,80,58,26,,4,9,0,80,,,,,
Tangerang,Tangerang Pasir Jaya,2026-05-06 05:00:00,65,62,32,,58,63,0,65,,,,,
Bekasi,Bekasi Kayuringin,2026-05-06 05:00:00,59,59,27,,62,13,0,2,,,,,
Jakarta,The Pakubuwono Menteng,2026-05-06 05:38:56,118,118,47,88,,,,,62,28.4,,,
Depok,Cinere - Nafas,2026-05-06 05:38:37,167,167,70,151,,,,,70,26.1,,,
Bogor,Kabupaten Bogor Leuwiliang,2026-05-06 05:00:00,80,58,26,,4,9,0,80,,,,,
Tangerang,Tangerang Pasir Jaya,2026-05-06 05:00:00,65,62,32,,58,63,0,65,,,,,
Bekasi,Bekasi Kayuringin,2026-05-06 05:00:00,59,59,27,,62,13,0,2,,,,,
Jakarta,The Pakubuwono Menteng,2026-05-06 05:39:56,123,123,48,90,,,,,62,28.4,,,
Depok,Cinere - Nafas,2026-05-06 05:39:37,168,168,71,152,,,,,69,26.1,,,
Bogor,Kabupaten Bogor Leuwiliang,2026-05-06 05:00:00,80,58,26,,4,9,0,80,,,,,
Tangerang,Tangerang Pasir Jaya,2026-05-06 05:00:00,65,62,32,,58,63,0,65,,,,,
Bekasi,Bekasi Kayuringin,2026-05-06 05:00:00,59,59,27,,62,13,0,2,,,,,
Jakarta,The Pakubuwono Menteng,2026-05-06 05:41:56,125,125,50,91,,,,,62,28.5,,,
Depok,Cinere - Nafas,2026-05-06 05:41:37,166,166,71,151,,,,,70,26.1,,,
Bogor,Kabupaten Bogor Leuwiliang,2026-05-06 05:00:00,80,58,26,,4,9,0,80,,,,,
Tangerang,Tangerang Pasir Jaya,2026-05-06 05:00:00,65,62,32,,58,63,0,65,,,,,
Bekasi,Bekasi Kayuringin,2026-05-06 05:00:00,59,59,27,,62,13,0,2,,,,,
Jakarta,The Pakubuwono Menteng,2026-05-06 05:42:56,119,119,49,88,,,,,62,28.5,,,
Depok,Cinere - Nafas,2026-05-06 05:42:37,166,166,69,150,,,,,69,26.1,,,
Bogor,Kabupaten Bogor Leuwiliang,2026-05-06 05:00:00,80,58,26,,4,9,0,80,,,,,
Tangerang,Tangerang Pasir Jaya,2026-05-06 05:00:00,65,62,32,,58,63,0,65,,,,,
Bekasi,Bekasi Kayuringin,2026-05-06 05:00:00,59,59,27,,62,13,0,2,,,,,
Jakarta,The Pakubuwono Menteng,2026-05-06 05:43:56,118,118,47,85,,,,,62,28.5,,,
Depok,Cinere - Nafas,2026-05-06 05:44:37,165,165,68,150,,,,,69,26.1,,,
Bogor,Kabupaten Bogor Leuwiliang,2026-05-06 05:00:00,80,58,26,,4,9,0,80,,,,,
Tangerang,Tangerang Pasir Jaya,2026-05-06 05:00:00,65,62,32,,58,63,0,65,,,,,
Bekasi,Bekasi Kayuringin,2026-05-06 05:00:00,59,59,27,,62,13,0,2,,,,,
Jakarta,The Pakubuwono Menteng,2026-05-06 05:45:56,122,122,50,86,,,,,61,28.5,,,
Depok,Cinere - Nafas,2026-05-06 05:45:37,166,166,69,152,,,,,69,26.1,,,
Bogor,Kabupaten Bogor Leuwiliang,2026-05-06 05:00:00,80,58,26,,4,9,0,80,,,,,
Tangerang,Tangerang Pasir Jaya,2026-05-06 05:00:00,65,62,32,,58,63,0,65,,,,,
Bekasi,Bekasi Kayuringin,2026-05-06 05:00:00,59,59,27,,62,13,0,2,,,,,
Jakarta,The Pakubuwono Menteng,2026-05-06 05:46:56,125,125,50,88,,,,,61,28.5,,,
Depok,Cinere - Nafas,2026-05-06 05:46:37,166,166,68,151,,,,,69,26.1,,,
Bogor,Kabupaten Bogor Leuwiliang,2026-05-06 05:00:00,80,58,26,,4,9,0,80,,,,,
Tangerang,Tangerang Pasir Jaya,2026-05-06 05:00:00,65,62,32,,58,63,0,65,,,,,
Bekasi,Bekasi Kayuringin,2026-05-06 05:00:00,59,59,27,,62,13,0,2,,,,,
Jakarta,The Pakubuwono Menteng,2026-05-06 05:47:56,128,128,52,91,,,,,61,28.5,,,
Depok,Cinere - Nafas,2026-05-06 05:47:37,166,166,70,151,,,,,69,26.1,,,
Bogor,Kabupaten Bogor Leuwiliang,2026-05-06 05:00:00,80,58,26,,4,9,0,80,,,,,
Tangerang,Tangerang Pasir Jaya,2026-05-06 05:00:00,65,62,32,,58,63,0,65,,,,,
Bekasi,Bekasi Kayuringin,2026-05-06 05:00:00,59,59,27,,62,13,0,2,,,,,
Jakarta,The Pakubuwono Menteng,2026-05-06 05:48:56,125,125,50,92,,,,,61,28.5,,,
Depok,Cinere - Nafas,2026-05-06 05:48:37,166,166,69,150,,,,,69,26.1,,,
Bogor,Kabupaten Bogor Leuwiliang,2026-05-06 05:00:00,80,58,26,,4,9,0,80,,,,,
Tangerang,Tangerang Pasir Jaya,2026-05-06 05:00:00,65,62,32,,58,63,0,65,,,,,
Bekasi,Bekasi Kayuringin,2026-05-06 05:00:00,59,59,27,,62,13,0,2,,,,,
Jakarta,The Pakubuwono Menteng,2026-05-06 05:50:56,128,128,51,94,,,,,61,28.5,,,
Depok,Cinere - Nafas,2026-05-06 05:50:39,165,165,69,149,,,,,69,26.2,,,
Bogor,Kabupaten Bogor Leuwiliang,2026-05-06 05:00:00,80,58,26,,4,9,0,80,,,,,
Tangerang,Tangerang Pasir Jaya,2026-05-06 05:00:00,65,62,32,,58,63,0,65,,,,,
Bekasi,Bekasi Kayuringin,2026-05-06 05:00:00,59,59,27,,62,13,0,2,,,,,
Jakarta,The Pakubuwono Menteng,2026-05-06 05:51:56,127,127,51,93,,,,,62,28.5,,,
Depok,Cinere - Nafas,2026-05-06 05:51:38,165,165,67,150,,,,,69,26.2,,,
Bogor,Kabupaten Bogor Leuwiliang,2026-05-06 05:00:00,80,58,26,,4,9,0,80,,,,,
Tangerang,Tangerang Pasir Jaya,2026-05-06 05:00:00,65,62,32,,58,63,0,65,,,,,
Bekasi,Bekasi Kayuringin,2026-05-06 05:00:00,59,59,27,,62,13,0,2,,,,,
Jakarta,The Pakubuwono Menteng,2026-05-06 05:51:56,127,127,51,93,,,,,62,28.5,,,
Depok,Cinere - Nafas,2026-05-06 05:51:38,165,165,67,150,,,,,69,26.2,,,
Bogor,Kabupaten Bogor Leuwiliang,2026-05-06 05:00:00,80,58,26,,4,9,0,80,,,,,
Tangerang,Tangerang Pasir Jaya,2026-05-06 05:00:00,65,62,32,,58,63,0,65,,,,,
Bekasi,Bekasi Kayuringin,2026-05-06 05:00:00,59,59,27,,62,13,0,2,,,,,
Jakarta,The Pakubuwono Menteng,2026-05-06 05:53:56,133,133,53,94,,,,,62,28.5,,,
Depok,Cinere - Nafas,2026-05-06 05:53:38,166,166,67,146,,,,,69,26.2,,,
Bogor,Kabupaten Bogor Leuwiliang,2026-05-06 05:00:00,80,58,26,,4,9,0,80,,,,,
Tangerang,Tangerang Pasir Jaya,2026-05-06 05:00:00,65,62,32,,58,63,0,65,,,,,
Bekasi,Bekasi Kayuringin,2026-05-06 05:00:00,59,59,27,,62,13,0,2,,,,,
Jakarta,The Pakubuwono Menteng,2026-05-06 05:54:56,135,135,53,95,,,,,62,28.5,,,
Depok,Cinere - Nafas,2026-05-06 05:54:38,165,165,69,150,,,,,69,26.2,,,
Bogor,Kabupaten Bogor Leuwiliang,2026-05-06 05:00:00,80,58,26,,4,9,0,80,,,,,
Tangerang,Tangerang Pasir Jaya,2026-05-06 05:00:00,65,62,32,,58,63,0,65,,,,,
Bekasi,Bekasi Kayuringin,2026-05-06 05:00:00,59,59,27,,62,13,0,2,,,,,
Jakarta,The Pakubuwono Menteng,2026-05-06 05:55:56,131,131,52,94,,,,,62,28.5,,,
Depok,Cinere - Nafas,2026-05-06 05:55:38,165,165,67,151,,,,,69,26.2,,,
Bogor,Kabupaten Bogor Leuwiliang,2026-05-06 05:00:00,80,58,26,,4,9,0,80,,,,,
Tangerang,Tangerang Pasir Jaya,2026-05-06 05:00:00,65,62,32,,58,63,0,65,,,,,
Bekasi,Bekasi Kayuringin,2026-05-06 05:00:00,59,59,27,,62,13,0,2,,,,,
Jakarta,The Pakubuwono Menteng,2026-05-06 05:57:56,130,130,53,93,,,,,62,28.5,,,
Depok,Cinere - Nafas,2026-05-06 05:57:38,165,165,67,151,,,,,69,26.2,,,
Bogor,Kabupaten Bogor Leuwiliang,2026-05-06 05:00:00,80,58,26,,4,9,0,80,,,,,
Tangerang,Tangerang Pasir Jaya,2026-05-06 05:00:00,65,62,32,,58,63,0,65,,,,,
Bekasi,Bekasi Kayuringin,2026-05-06 05:00:00,59,59,27,,62,13,0,2,,,,,
Jakarta,The Pakubuwono Menteng,2026-05-06 05:58:56,133,133,53,96,,,,,62,28.5,,,
Depok,Cinere - Nafas,2026-05-06 05:58:38,165,165,68,150,,,,,69,26.3,,,
Bogor,Kabupaten Bogor Leuwiliang,2026-05-06 05:00:00,80,58,26,,4,9,0,80,,,,,
Tangerang,Tangerang Pasir Jaya,2026-05-06 05:00:00,65,62,32,,58,63,0,65,,,,,
Bekasi,Bekasi Kayuringin,2026-05-06 05:00:00,59,59,27,,62,13,0,2,,,,,
Jakarta,The Pakubuwono Menteng,2026-05-06 05:59:56,130,130,52,94,,,,,62,28.5,,,
Depok,Cinere - Nafas,2026-05-06 05:59:38,166,166,67,150,,,,,69,26.3,,,
Bogor,Kabupaten Bogor Leuwiliang,2026-05-06 05:00:00,80,58,26,,4,9,0,80,,,,,
Tangerang,Tangerang Pasir Jaya,2026-05-06 05:00:00,65,62,32,,58,63,0,65,,,,,
Bekasi,Bekasi Kayuringin,2026-05-06 05:00:00,59,59,27,,62,13,0,2,,,,,
Jakarta,The Pakubuwono Menteng,2026-05-06 06:00:56,128,128,51,95,,,,,61,28.5,,,
Depok,Cinere - Nafas,2026-05-06 06:00:38,166,166,69,151,,,,,69,26.3,,,
Bogor,Kabupaten Bogor Leuwiliang,2026-05-06 05:00:00,80,58,26,,4,9,0,80,,,,,
Tangerang,Tangerang Pasir Jaya,2026-05-06 05:00:00,65,62,32,,58,63,0,65,,,,,
Bekasi,Bekasi Kayuringin,2026-05-06 05:00:00,59,59,27,,62,13,0,2,,,,,
Jakarta,The Pakubuwono Menteng,2026-05-06 06:01:56,136,136,53,96,,,,,62,28.5,,,
Depok,Cinere - Nafas,2026-05-06 06:02:38,166,166,68,151,,,,,69,26.2,,,
Bogor,Kabupaten Bogor Leuwiliang,2026-05-06 06:00:00,80,58,26,,4,9,0,80,,,,,
Tangerang,Tangerang Pasir Jaya,2026-05-06 06:00:00,65,63,32,,58,63,0,65,,,,,
Bekasi,Bekasi Kayuringin,2026-05-06 06:00:00,60,60,28,,63,13,0,2,,,,,
Jakarta,The Pakubuwono Menteng,2026-05-06 06:03:56,131,131,52,94,,,,,62,28.5,,,
Depok,Cinere - Nafas,2026-05-06 06:03:38,166,166,68,151,,,,,69,26.3,,,
Bogor,Kabupaten Bogor Leuwiliang,2026-05-06 06:00:00,80,58,26,,4,9,0,80,,,,,
Tangerang,Tangerang Pasir Jaya,2026-05-06 06:00:00,65,63,32,,58,63,0,65,,,,,
Bekasi,Bekasi Kayuringin,2026-05-06 06:00:00,60,60,28,,63,13,0,2,,,,,
Jakarta,The Pakubuwono Menteng,2026-05-06 06:04:56,127,127,52,93,,,,,62,28.4,,,
Depok,Cinere - Nafas,2026-05-06 06:04:38,165,165,69,151,,,,,69,26.2,,,
Bogor,Kabupaten Bogor Leuwiliang,2026-05-06 06:00:00,80,58,26,,4,9,0,80,,,,,
Tangerang,Tangerang Pasir Jaya,2026-05-06 06:00:00,65,63,32,,58,63,0,65,,,,,
Bekasi,Bekasi Kayuringin,2026-05-06 06:00:00,60,60,28,,63,13,0,2,,,,,
Jakarta,The Pakubuwono Menteng,2026-05-06 06:05:56,127,127,52,90,,,,,62,28.5,,,
Depok,Cinere - Nafas,2026-05-06 06:05:38,165,165,69,150,,,,,69,26.2,,,
Bogor,Kabupaten Bogor Leuwiliang,2026-05-06 06:00:00,80,58,26,,4,9,0,80,,,,,
Tangerang,Tangerang Pasir Jaya,2026-05-06 06:00:00,65,63,32,,58,63,0,65,,,,,
Bekasi,Bekasi Kayuringin,2026-05-06 06:00:00,60,60,28,,63,13,0,2,,,,,
Jakarta,The Pakubuwono Menteng,2026-05-06 06:06:56,125,125,51,89,,,,,61,28.5,,,
Depok,Cinere - Nafas,2026-05-06 06:06:38,165,165,70,150,,,,,69,26.2,,,
Bogor,Kabupaten Bogor Leuwiliang,2026-05-06 06:00:00,80,58,26,,4,9,0,80,,,,,
Tangerang,Tangerang Pasir Jaya,2026-05-06 06:00:00,65,63,32,,58,63,0,65,,,,,
Bekasi,Bekasi Kayuringin,2026-05-06 06:00:00,60,60,28,,63,13,0,2,,,,,
Jakarta,The Pakubuwono Menteng,2026-05-06 06:07:56,125,125,51,93,,,,,61,28.5,,,
Depok,Cinere - Nafas,2026-05-06 06:07:38,166,166,69,151,,,,,69,26.2,,,
Bogor,Kabupaten Bogor Leuwiliang,2026-05-06 06:00:00,80,58,26,,4,9,0,80,,,,,
Tangerang,Tangerang Pasir Jaya,2026-05-06 06:00:00,65,63,32,,58,63,0,65,,,,,
Bekasi,Bekasi Kayuringin,2026-05-06 06:00:00,60,60,28,,63,13,0,2,,,,,
Jakarta,The Pakubuwono Menteng,2026-05-06 06:08:56,126,126,50,92,,,,,61,28.5,,,
Depok,Cinere - Nafas,2026-05-06 06:08:38,165,165,69,150,,,,,69,26.2,,,
Bogor,Kabupaten Bogor Leuwiliang,2026-05-06 06:00:00,80,58,26,,4,9,0,80,,,,,
Tangerang,Tangerang Pasir Jaya,2026-05-06 06:00:00,65,63,32,,58,63,0,65,,,,,
Bekasi,Bekasi Kayuringin,2026-05-06 06:00:00,60,60,28,,63,13,0,2,,,,,
Jakarta,The Pakubuwono Menteng,2026-05-06 06:08:56,126,126,50,92,,,,,61,28.5,,,
Depok,Cinere - Nafas,2026-05-06 06:09:38,166,166,68,150,,,,,69,26.3,,,
Bogor,Kabupaten Bogor Leuwiliang,2026-05-06 06:00:00,80,58,26,,4,9,0,80,,,,,
Tangerang,Tangerang Pasir Jaya,2026-05-06 06:00:00,65,63,32,,58,63,0,65,,,,,
Bekasi,Bekasi Kayuringin,2026-05-06 06:00:00,60,60,28,,63,13,0,2,,,,,
Jakarta,The Pakubuwono Menteng,2026-05-06 06:09:56,126,126,50,91,,,,,61,28.5,,,
Depok,Cinere - Nafas,2026-05-06 06:09:38,166,166,68,150,,,,,69,26.3,,,
Bogor,Kabupaten Bogor Leuwiliang,2026-05-06 06:00:00,80,58,26,,4,9,0,80,,,,,
Tangerang,Tangerang Pasir Jaya,2026-05-06 06:00:00,65,63,32,,58,63,0,65,,,,,
Bekasi,Bekasi Kayuringin,2026-05-06 06:00:00,60,60,28,,63,13,0,2,,,,,
Jakarta,The Pakubuwono Menteng,2026-05-06 06:09:56,126,126,50,91,,,,,61,28.5,,,
Depok,Cinere - Nafas,2026-05-06 06:09:38,166,166,68,150,,,,,69,26.3,,,
Bogor,Kabupaten Bogor Leuwiliang,2026-05-06 06:00:00,80,58,26,,4,9,0,80,,,,,
Tangerang,Tangerang Pasir Jaya,2026-05-06 06:00:00,65,63,32,,58,63,0,65,,,,,
Bekasi,Bekasi Kayuringin,2026-05-06 06:00:00,60,60,28,,63,13,0,2,,,,,
Jakarta,The Pakubuwono Menteng,2026-05-06 06:13:56,130,130,53,94,,,,,61,28.5,,,
Depok,Cinere - Nafas,2026-05-06 06:14:04,164,164,69,150,,,,,69,26.3,,,
Bogor,Kabupaten Bogor Leuwiliang,2026-05-06 06:00:00,80,58,26,,4,9,0,80,,,,,
Tangerang,Tangerang Pasir Jaya,2026-05-06 06:00:00,65,63,32,,58,63,0,65,,,,,
Bekasi,Bekasi Kayuringin,2026-05-06 06:00:00,60,60,28,,63,13,0,2,,,,,
Jakarta,The Pakubuwono Menteng,2026-05-06 06:15:56,128,128,51,90,,,,,61,28.5,,,
Depok,Cinere - Nafas,2026-05-06 06:16:04,165,165,68,150,,,,,69,26.3,,,
Bogor,Kabupaten Bogor Leuwiliang,2026-05-06 06:00:00,80,58,26,,4,9,0,80,,,,,
Tangerang,Tangerang Pasir Jaya,2026-05-06 06:00:00,65,63,32,,58,63,0,65,,,,,
Bekasi,Bekasi Kayuringin,2026-05-06 06:00:00,60,60,28,,63,13,0,2,,,,,
Jakarta,The Pakubuwono Menteng,2026-05-06 06:16:56,124,124,51,88,,,,,61,28.5,,,
Depok,Cinere - Nafas,2026-05-06 06:17:04,166,166,70,152,,,,,69,26.3,,,
Bogor,Kabupaten Bogor Leuwiliang,2026-05-06 06:00:00,80,58,26,,4,9,0,80,,,,,
Tangerang,Tangerang Pasir Jaya,2026-05-06 06:00:00,65,63,32,,58,63,0,65,,,,,
Bekasi,Bekasi Kayuringin,2026-05-06 06:00:00,60,60,28,,63,13,0,2,,,,,
Jakarta,The Pakubuwono Menteng,2026-05-06 06:16:56,124,124,51,88,,,,,61,28.5,,,
Depok,Cinere - Nafas,2026-05-06 06:18:04,167,167,70,152,,,,,69,26.3,,,
Bogor,Kabupaten Bogor Leuwiliang,2026-05-06 06:00:00,80,58,26,,4,9,0,80,,,,,
Tangerang,Tangerang Pasir Jaya,2026-05-06 06:00:00,65,63,32,,58,63,0,65,,,,,
Bekasi,Bekasi Kayuringin,2026-05-06 06:00:00,60,60,28,,63,13,0,2,,,,,
Jakarta,The Pakubuwono Menteng,2026-05-06 06:17:56,131,131,53,94,,,,,62,28.5,,,
Depok,Cinere - Nafas,2026-05-06 06:18:04,167,167,70,152,,,,,69,26.3,,,
Bogor,Kabupaten Bogor Leuwiliang,2026-05-06 06:00:00,80,58,26,,4,9,0,80,,,,,
Tangerang,Tangerang Pasir Jaya,2026-05-06 06:00:00,65,63,32,,58,63,0,65,,,,,
Bekasi,Bekasi Kayuringin,2026-05-06 06:00:00,60,60,28,,63,13,0,2,,,,,
Jakarta,The Pakubuwono Menteng,2026-05-06 06:19:56,129,129,52,93,,,,,62,28.5,,,
Depok,Cinere - Nafas,2026-05-06 06:20:04,169,169,72,152,,,,,69,26.3,,,
Bogor,Kabupaten Bogor Leuwiliang,2026-05-06 06:00:00,80,58,26,,4,9,0,80,,,,,
Tangerang,Tangerang Pasir Jaya,2026-05-06 06:00:00,65,63,32,,58,63,0,65,,,,,
Bekasi,Bekasi Kayuringin,2026-05-06 06:00:00,60,60,28,,63,13,0,2,,,,,
Jakarta,The Pakubuwono Menteng,2026-05-06 06:21:56,125,125,51,93,,,,,61,28.5,,,
Depok,Cinere - Nafas,2026-05-06 06:22:04,167,167,71,152,,,,,69,26.3,,,
Bogor,Kabupaten Bogor Leuwiliang,2026-05-06 06:00:00,80,58,26,,4,9,0,80,,,,,
Tangerang,Tangerang Pasir Jaya,2026-05-06 06:00:00,65,63,32,,58,63,0,65,,,,,
Bekasi,Bekasi Kayuringin,2026-05-06 06:00:00,60,60,28,,63,13,0,2,,,,,
Jakarta,The Pakubuwono Menteng,2026-05-06 06:22:56,126,126,51,91,,,,,61,28.6,,,
Depok,Cinere - Nafas,2026-05-06 06:23:04,166,166,69,152,,,,,69,26.3,,,
Bogor,Kabupaten Bogor Leuwiliang,2026-05-06 06:00:00,80,58,26,,4,9,0,80,,,,,
Tangerang,Tangerang Pasir Jaya,2026-05-06 06:00:00,65,63,32,,58,63,0,65,,,,,
Bekasi,Bekasi Kayuringin,2026-05-06 06:00:00,60,60,28,,63,13,0,2,,,,,
Jakarta,The Pakubuwono Menteng,2026-05-06 06:23:56,125,125,51,91,,,,,61,28.6,,,
Depok,Cinere - Nafas,2026-05-06 06:24:04,168,168,72,152,,,,,69,26.3,,,
Bogor,Kabupaten Bogor Leuwiliang,2026-05-06 06:00:00,80,58,26,,4,9,0,80,,,,,
Tangerang,Tangerang Pasir Jaya,2026-05-06 06:00:00,65,63,32,,58,63,0,65,,,,,
Bekasi,Bekasi Kayuringin,2026-05-06 06:00:00,60,60,28,,63,13,0,2,,,,,
Jakarta,The Pakubuwono Menteng,2026-05-06 06:24:56,128,128,53,94,,,,,61,28.6,,,
Depok,Cinere - Nafas,2026-05-06 06:25:04,168,168,72,153,,,,,69,26.3,,,
Bogor,Kabupaten Bogor Leuwiliang,2026-05-06 06:00:00,80,58,26,,4,9,0,80,,,,,
Tangerang,Tangerang Pasir Jaya,2026-05-06 06:00:00,65,63,32,,58,63,0,65,,,,,
Bekasi,Bekasi Kayuringin,2026-05-06 06:00:00,60,60,28,,63,13,0,2,,,,,
Jakarta,The Pakubuwono Menteng,2026-05-06 06:25:56,126,126,51,93,,,,,61,28.6,,,
Depok,Cinere - Nafas,2026-05-06 06:26:04,166,166,69,152,,,,,69,26.3,,,
Bogor,Kabupaten Bogor Leuwiliang,2026-05-06 06:00:00,80,58,26,,4,9,0,80,,,,,
Tangerang,Tangerang Pasir Jaya,2026-05-06 06:00:00,65,63,32,,58,63,0,65,,,,,
Bekasi,Bekasi Kayuringin,2026-05-06 06:00:00,60,60,28,,63,13,0,2,,,,,
Jakarta,The Pakubuwono Menteng,2026-05-06 06:26:57,126,126,50,90,,,,,61,28.6,,,
Depok,Cinere - Nafas,2026-05-06 06:27:04,168,168,70,152,,,,,69,26.3,,,
Bogor,Kabupaten Bogor Leuwiliang,2026-05-06 06:00:00,80,58,26,,4,9,0,80,,,,,
Tangerang,Tangerang Pasir Jaya,2026-05-06 06:00:00,65,63,32,,58,63,0,65,,,,,
Bekasi,Bekasi Kayuringin,2026-05-06 06:00:00,60,60,28,,63,13,0,2,,,,,
Jakarta,The Pakubuwono Menteng,2026-05-06 06:27:57,121,121,50,89,,,,,61,28.6,,,
Depok,Cinere - Nafas,2026-05-06 06:30:05,167,167,71,152,,,,,69,26.4,,,
Bogor,Kabupaten Bogor Leuwiliang,2026-05-06 06:00:00,80,58,26,,4,9,0,80,,,,,
Tangerang,Tangerang Pasir Jaya,2026-05-06 06:00:00,65,63,32,,58,63,0,65,,,,,
Bekasi,Bekasi Kayuringin,2026-05-06 06:00:00,60,60,28,,63,13,0,2,,,,,
Jakarta,The Pakubuwono Menteng,2026-05-06 06:29:56,123,123,50,88,,,,,61,28.6,,,
Depok,Cinere - Nafas,2026-05-06 06:30:05,167,167,71,152,,,,,69,26.4,,,
Bogor,Kabupaten Bogor Leuwiliang,2026-05-06 06:00:00,80,58,26,,4,9,0,80,,,,,
Tangerang,Tangerang Pasir Jaya,2026-05-06 06:00:00,65,63,32,,58,63,0,65,,,,,
Bekasi,Bekasi Kayuringin,2026-05-06 06:00:00,60,60,28,,63,13,0,2,,,,,
Jakarta,The Pakubuwono Menteng,2026-05-06 06:30:57,121,121,48,89,,,,,61,28.6,,,
Depok,Cinere - Nafas,2026-05-06 06:31:04,163,163,67,148,,,,,69,26.4,,,
Bogor,Kabupaten Bogor Leuwiliang,2026-05-06 06:00:00,80,58,26,,4,9,0,80,,,,,
Tangerang,Tangerang Pasir Jaya,2026-05-06 06:00:00,65,63,32,,58,63,0,65,,,,,
Bekasi,Bekasi Kayuringin,2026-05-06 06:00:00,60,60,28,,63,13,0,2,,,,,
Jakarta,The Pakubuwono Menteng,2026-05-06 06:31:57,118,118,47,86,,,,,61,28.6,,,
Depok,Cinere - Nafas,2026-05-06 06:32:04,165,165,67,148,,,,,69,26.5,,,
Bogor,Kabupaten Bogor Leuwiliang,2026-05-06 06:00:00,80,58,26,,4,9,0,80,,,,,
Tangerang,Tangerang Pasir Jaya,2026-05-06 06:00:00,65,63,32,,58,63,0,65,,,,,
Bekasi,Bekasi Kayuringin,2026-05-06 06:00:00,60,60,28,,63,13,0,2,,,,,
Jakarta,The Pakubuwono Menteng,2026-05-06 06:32:57,116,116,47,87,,,,,61,28.6,,,
Depok,Cinere - Nafas,2026-05-06 06:33:04,165,165,68,150,,,,,69,26.5,,,
Bogor,Kabupaten Bogor Leuwiliang,2026-05-06 06:00:00,80,58,26,,4,9,0,80,,,,,
Tangerang,Tangerang Pasir Jaya,2026-05-06 06:00:00,65,63,32,,58,63,0,65,,,,,
Bekasi,Bekasi Kayuringin,2026-05-06 06:00:00,60,60,28,,63,13,0,2,,,,,
Jakarta,The Pakubuwono Menteng,2026-05-06 06:33:57,116,116,47,86,,,,,61,28.6,,,
Depok,Cinere - Nafas,2026-05-06 06:34:04,166,166,68,151,,,,,69,26.5,,,
Bogor,Kabupaten Bogor Leuwiliang,2026-05-06 06:00:00,80,58,26,,4,9,0,80,,,,,
Tangerang,Tangerang Pasir Jaya,2026-05-06 06:00:00,65,63,32,,58,63,0,65,,,,,
Bekasi,Bekasi Kayuringin,2026-05-06 06:00:00,60,60,28,,63,13,0,2,,,,,
Jakarta,The Pakubuwono Menteng,2026-05-06 06:34:57,119,119,48,88,,,,,61,28.6,,,
Depok,Cinere - Nafas,2026-05-06 06:35:04,166,166,68,151,,,,,69,26.6,,,
Bogor,Kabupaten Bogor Leuwiliang,2026-05-06 06:00:00,80,58,26,,4,9,0,80,,,,,
Tangerang,Tangerang Pasir Jaya,2026-05-06 06:00:00,65,63,32,,58,63,0,65,,,,,
Bekasi,Bekasi Kayuringin,2026-05-06 06:00:00,60,60,28,,63,13,0,2,,,,,
Jakarta,The Pakubuwono Menteng,2026-05-06 06:35:57,110,110,42,83,,,,,61,28.6,,,
Depok,Cinere - Nafas,2026-05-06 06:36:04,164,164,67,150,,,,,68,26.6,,,
Bogor,Kabupaten Bogor Leuwiliang,2026-05-06 06:00:00,80,58,26,,4,9,0,80,,,,,
Tangerang,Tangerang Pasir Jaya,2026-05-06 06:00:00,65,63,32,,58,63,0,65,,,,,
Bekasi,Bekasi Kayuringin,2026-05-06 06:00:00,60,60,28,,63,13,0,2,,,,,
Jakarta,The Pakubuwono Menteng,2026-05-06 06:38:57,116,116,44,86,,,,,61,28.7,,,
Depok,Cinere - Nafas,2026-05-06 06:39:04,163,163,66,144,,,,,68,26.7,,,
Bogor,Kabupaten Bogor Leuwiliang,2026-05-06 06:00:00,80,58,26,,4,9,0,80,,,,,
Tangerang,Tangerang Pasir Jaya,2026-05-06 06:00:00,65,63,32,,58,63,0,65,,,,,
Bekasi,Bekasi Kayuringin,2026-05-06 06:00:00,60,60,28,,63,13,0,2,,,,,
Jakarta,The Pakubuwono Menteng,2026-05-06 06:39:57,120,120,50,85,,,,,61,28.7,,,
Depok,Cinere - Nafas,2026-05-06 06:40:05,161,161,65,140,,,,,68,26.7,,,
Bogor,Kabupaten Bogor Leuwiliang,2026-05-06 06:00:00,80,58,26,,4,9,0,80,,,,,
Tangerang,Tangerang Pasir Jaya,2026-05-06 06:00:00,65,63,32,,58,63,0,65,,,,,
Bekasi,Bekasi Kayuringin,2026-05-06 06:00:00,60,60,28,,63,13,0,2,,,,,
Jakarta,The Pakubuwono Menteng,2026-05-06 06:40:58,118,118,47,86,,,,,61,28.7,,,
Depok,Cinere - Nafas,2026-05-06 06:41:04,159,159,62,133,,,,,68,26.8,,,
Bogor,Kabupaten Bogor Leuwiliang,2026-05-06 06:00:00,80,58,26,,4,9,0,80,,,,,
Tangerang,Tangerang Pasir Jaya,2026-05-06 06:00:00,65,63,32,,58,63,0,65,,,,,
Bekasi,Bekasi Kayuringin,2026-05-06 06:00:00,60,60,28,,63,13,0,2,,,,,
Jakarta,The Pakubuwono Menteng,2026-05-06 06:41:57,119,119,49,86,,,,,61,28.7,,,
Depok,Cinere - Nafas,2026-05-06 06:42:04,161,161,63,138,,,,,68,26.8,,,
Bogor,Kabupaten Bogor Leuwiliang,2026-05-06 06:00:00,80,58,26,,4,9,0,80,,,,,
Tangerang,Tangerang Pasir Jaya,2026-05-06 06:00:00,65,63,32,,58,63,0,65,,,,,
Bekasi,Bekasi Kayuringin,2026-05-06 06:00:00,60,60,28,,63,13,0,2,,,,,
Jakarta,The Pakubuwono Menteng,2026-05-06 06:43:00,115,115,45,86,,,,,61,28.7,,,
Depok,Cinere - Nafas,2026-05-06 06:43:05,159,159,62,132,,,,,68,26.8,,,
Bogor,Kabupaten Bogor Leuwiliang,2026-05-06 06:00:00,80,58,26,,4,9,0,80,,,,,
Tangerang,Tangerang Pasir Jaya,2026-05-06 06:00:00,65,63,32,,58,63,0,65,,,,,
Bekasi,Bekasi Kayuringin,2026-05-06 06:00:00,60,60,28,,63,13,0,2,,,,,
Jakarta,The Pakubuwono Menteng,2026-05-06 06:43:57,123,123,49,87,,,,,61,28.7,,,
Depok,Cinere - Nafas,2026-05-06 06:44:04,160,160,63,136,,,,,68,26.8,,,
Bogor,Kabupaten Bogor Leuwiliang,2026-05-06 06:00:00,80,58,26,,4,9,0,80,,,,,
Tangerang,Tangerang Pasir Jaya,2026-05-06 06:00:00,65,63,32,,58,63,0,65,,,,,
Bekasi,Bekasi Kayuringin,2026-05-06 06:00:00,60,60,28,,63,13,0,2,,,,,
Jakarta,The Pakubuwono Menteng,2026-05-06 06:44:57,118,118,48,87,,,,,61,28.8,,,
Depok,Cinere - Nafas,2026-05-06 06:45:06,160,160,62,131,,,,,68,26.8,,,
Bogor,Kabupaten Bogor Leuwiliang,2026-05-06 06:00:00,80,58,26,,4,9,0,80,,,,,
Tangerang,Tangerang Pasir Jaya,2026-05-06 06:00:00,65,63,32,,58,63,0,65,,,,,
Bekasi,Bekasi Kayuringin,2026-05-06 06:00:00,60,60,28,,63,13,0,2,,,,,
Jakarta,The Pakubuwono Menteng,2026-05-06 06:46:57,120,120,49,88,,,,,61,28.8,,,
Depok,Cinere - Nafas,2026-05-06 06:47:05,160,160,63,132,,,,,68,26.8,,,
Bogor,Kabupaten Bogor Leuwiliang,2026-05-06 06:00:00,80,58,26,,4,9,0,80,,,,,
Tangerang,Tangerang Pasir Jaya,2026-05-06 06:00:00,65,63,32,,58,63,0,65,,,,,
Bekasi,Bekasi Kayuringin,2026-05-06 06:00:00,60,60,28,,63,13,0,2,,,,,
Jakarta,The Pakubuwono Menteng,2026-05-06 06:47:57,118,118,46,86,,,,,61,28.8,,,
Depok,Cinere - Nafas,2026-05-06 06:48:05,160,160,62,136,,,,,67,26.9,,,
Bogor,Kabupaten Bogor Leuwiliang,2026-05-06 06:00:00,80,58,26,,4,9,0,80,,,,,
Tangerang,Tangerang Pasir Jaya,2026-05-06 06:00:00,65,63,32,,58,63,0,65,,,,,
Bekasi,Bekasi Kayuringin,2026-05-06 06:00:00,60,60,28,,63,13,0,2,,,,,
Jakarta,The Pakubuwono Menteng,2026-05-06 06:48:57,121,121,49,86,,,,,61,28.8,,,
Depok,Cinere - Nafas,2026-05-06 06:49:05,160,160,63,133,,,,,68,26.9,,,
Bogor,Kabupaten Bogor Leuwiliang,2026-05-06 06:00:00,80,58,26,,4,9,0,80,,,,,
Tangerang,Tangerang Pasir Jaya,2026-05-06 06:00:00,65,63,32,,58,63,0,65,,,,,
Bekasi,Bekasi Kayuringin,2026-05-06 06:00:00,60,60,28,,63,13,0,2,,,,,
Jakarta,The Pakubuwono Menteng,2026-05-06 06:49:57,118,118,48,89,,,,,61,28.8,,,
Depok,Cinere - Nafas,2026-05-06 06:50:05,160,160,63,136,,,,,67,26.9,,,
Bogor,Kabupaten Bogor Leuwiliang,2026-05-06 06:00:00,80,58,26,,4,9,0,80,,,,,
Tangerang,Tangerang Pasir Jaya,2026-05-06 06:00:00,65,63,32,,58,63,0,65,,,,,
Bekasi,Bekasi Kayuringin,2026-05-06 06:00:00,60,60,28,,63,13,0,2,,,,,
Jakarta,The Pakubuwono Menteng,2026-05-06 06:50:57,119,119,47,88,,,,,61,28.8,,,
Depok,Cinere - Nafas,2026-05-06 06:51:31,160,160,63,135,,,,,67,26.9,,,
Bogor,Kabupaten Bogor Leuwiliang,2026-05-06 06:00:00,80,58,26,,4,9,0,80,,,,,
Tangerang,Tangerang Pasir Jaya,2026-05-06 06:00:00,65,63,32,,58,63,0,65,,,,,
Bekasi,Bekasi Kayuringin,2026-05-06 06:00:00,60,60,28,,63,13,0,2,,,,,
Jakarta,The Pakubuwono Menteng,2026-05-06 06:52:57,113,113,45,84,,,,,61,28.8,,,
Depok,Cinere - Nafas,2026-05-06 06:52:32,161,161,64,136,,,,,67,26.9,,,
Bogor,Kabupaten Bogor Leuwiliang,2026-05-06 06:00:00,80,58,26,,4,9,0,80,,,,,
Tangerang,Tangerang Pasir Jaya,2026-05-06 06:00:00,65,63,32,,58,63,0,65,,,,,
Bekasi,Bekasi Kayuringin,2026-05-06 06:00:00,60,60,28,,63,13,0,2,,,,,
Jakarta,The Pakubuwono Menteng,2026-05-06 06:54:00,113,113,44,85,,,,,61,28.8,,,
Depok,Cinere - Nafas,2026-05-06 06:53:57,160,160,63,137,,,,,67,27,,,
Bogor,Kabupaten Bogor Leuwiliang,2026-05-06 06:00:00,80,58,26,,4,9,0,80,,,,,
Tangerang,Tangerang Pasir Jaya,2026-05-06 06:00:00,65,63,32,,58,63,0,65,,,,,
Bekasi,Bekasi Kayuringin,2026-05-06 06:00:00,60,60,28,,63,13,0,2,,,,,
Jakarta,The Pakubuwono Menteng,2026-05-06 06:54:57,115,115,46,84,,,,,61,28.8,,,
Depok,Cinere - Nafas,2026-05-06 06:54:57,162,162,64,142,,,,,67,27,,,
Bogor,Kabupaten Bogor Leuwiliang,2026-05-06 06:00:00,80,58,26,,4,9,0,80,,,,,
Tangerang,Tangerang Pasir Jaya,2026-05-06 06:00:00,65,63,32,,58,63,0,65,,,,,
Bekasi,Bekasi Kayuringin,2026-05-06 06:00:00,60,60,28,,63,13,0,2,,,,,
Jakarta,The Pakubuwono Menteng,2026-05-06 06:56:57,118,118,48,87,,,,,61,28.9,,,
Depok,Cinere - Nafas,2026-05-06 06:57:02,159,159,62,134,,,,,67,27,,,
Bogor,Kabupaten Bogor Leuwiliang,2026-05-06 06:00:00,80,58,26,,4,9,0,80,,,,,
Tangerang,Tangerang Pasir Jaya,2026-05-06 06:00:00,65,63,32,,58,63,0,65,,,,,
Bekasi,Bekasi Kayuringin,2026-05-06 06:00:00,60,60,28,,63,13,0,2,,,,,
Jakarta,The Pakubuwono Menteng,2026-05-06 06:56:57,118,118,48,87,,,,,61,28.9,,,
Depok,Cinere - Nafas,2026-05-06 06:57:02,159,159,62,134,,,,,67,27,,,
Bogor,Kabupaten Bogor Leuwiliang,2026-05-06 06:00:00,80,58,26,,4,9,0,80,,,,,
Tangerang,Tangerang Pasir Jaya,2026-05-06 06:00:00,65,63,32,,58,63,0,65,,,,,
Bekasi,Bekasi Kayuringin,2026-05-06 06:00:00,60,60,28,,63,13,0,2,,,,,
Jakarta,The Pakubuwono Menteng,2026-05-06 06:57:57,119,119,48,87,,,,,61,28.8,,,
Depok,Cinere - Nafas,2026-05-06 06:57:57,161,161,64,141,,,,,67,27,,,
Bogor,Kabupaten Bogor Leuwiliang,2026-05-06 06:00:00,80,58,26,,4,9,0,80,,,,,
Tangerang,Tangerang Pasir Jaya,2026-05-06 06:00:00,65,63,32,,58,63,0,65,,,,,
Bekasi,Bekasi Kayuringin,2026-05-06 06:00:00,60,60,28,,63,13,0,2,,,,,
Jakarta,The Pakubuwono Menteng,2026-05-06 06:58:57,122,122,50,85,,,,,61,28.9,,,
Depok,Cinere - Nafas,2026-05-06 06:57:57,161,161,64,141,,,,,67,27,,,
Bogor,Kabupaten Bogor Leuwiliang,2026-05-06 06:00:00,80,58,26,,4,9,0,80,,,,,
Tangerang,Tangerang Pasir Jaya,2026-05-06 06:00:00,65,63,32,,58,63,0,65,,,,,
Bekasi,Bekasi Kayuringin,2026-05-06 06:00:00,60,60,28,,63,13,0,2,,,,,
Jakarta,The Pakubuwono Menteng,2026-05-06 07:00:57,116,116,45,86,,,,,61,28.9,,,
Depok,Cinere - Nafas,2026-05-06 07:01:44,161,161,64,140,,,,,67,27.2,,,
Bogor,Kabupaten Bogor Leuwiliang,2026-05-06 07:00:00,80,58,26,,4,9,0,80,,,,,
Tangerang,Tangerang Pasir Jaya,2026-05-06 07:00:00,65,65,33,,58,63,0,65,,,,,
Bekasi,Bekasi Kayuringin,2026-05-06 07:00:00,60,60,28,,63,13,0,2,,,,,
Jakarta,The Pakubuwono Menteng,2026-05-06 07:01:57,123,123,50,88,,,,,61,28.9,,,
Depok,Cinere - Nafas,2026-05-06 07:02:46,161,161,63,134,,,,,67,27.2,,,
Bogor,Kabupaten Bogor Leuwiliang,2026-05-06 07:00:00,80,58,26,,4,9,0,80,,,,,
Tangerang,Tangerang Pasir Jaya,2026-05-06 07:00:00,65,65,33,,58,63,0,65,,,,,
Bekasi,Bekasi Kayuringin,2026-05-06 07:00:00,60,60,28,,63,13,0,2,,,,,
Jakarta,The Pakubuwono Menteng,2026-05-06 07:02:57,126,126,51,90,,,,,61,28.9,,,
Depok,Cinere - Nafas,2026-05-06 07:03:45,160,160,63,139,,,,,67,27.2,,,
Bogor,Kabupaten Bogor Leuwiliang,2026-05-06 07:00:00,80,58,26,,4,9,0,80,,,,,
Tangerang,Tangerang Pasir Jaya,2026-05-06 07:00:00,65,65,33,,58,63,0,65,,,,,
Bekasi,Bekasi Kayuringin,2026-05-06 07:00:00,60,60,28,,63,13,0,2,,,,,
Jakarta,The Pakubuwono Menteng,2026-05-06 07:04:57,126,126,51,92,,,,,60,28.9,,,
Depok,Cinere - Nafas,2026-05-06 07:05:44,157,157,61,128,,,,,67,27.3,,,
Bogor,Kabupaten Bogor Leuwiliang,2026-05-06 07:00:00,80,58,26,,4,9,0,80,,,,,
Tangerang,Tangerang Pasir Jaya,2026-05-06 07:00:00,65,65,33,,58,63,0,65,,,,,
Bekasi,Bekasi Kayuringin,2026-05-06 07:00:00,60,60,28,,63,13,0,2,,,,,
Jakarta,The Pakubuwono Menteng,2026-05-06 07:05:57,122,122,51,90,,,,,60,28.9,,,
Depok,Cinere - Nafas,2026-05-06 07:06:44,157,157,61,131,,,,,66,27.4,,,
Bogor,Kabupaten Bogor Leuwiliang,2026-05-06 07:00:00,80,58,26,,4,9,0,80,,,,,
Tangerang,Tangerang Pasir Jaya,2026-05-06 07:00:00,65,65,33,,58,63,0,65,,,,,
Bekasi,Bekasi Kayuringin,2026-05-06 07:00:00,60,60,28,,63,13,0,2,,,,,
Jakarta,The Pakubuwono Menteng,2026-05-06 07:06:57,128,128,51,89,,,,,60,28.9,,,
Depok,Cinere - Nafas,2026-05-06 07:07:44,156,156,60,128,,,,,66,27.4,,,
Bogor,Kabupaten Bogor Leuwiliang,2026-05-06 07:00:00,80,58,26,,4,9,0,80,,,,,
Tangerang,Tangerang Pasir Jaya,2026-05-06 07:00:00,65,65,33,,58,63,0,65,,,,,
Bekasi,Bekasi Kayuringin,2026-05-06 07:00:00,60,60,28,,63,13,0,2,,,,,
Jakarta,The Pakubuwono Menteng,2026-05-06 07:08:57,125,125,50,91,,,,,61,28.9,,,
Depok,Cinere - Nafas,2026-05-06 07:09:44,155,155,60,117,,,,,66,27.5,,,
Bogor,Kabupaten Bogor Leuwiliang,2026-05-06 07:00:00,80,58,26,,4,9,0,80,,,,,
Tangerang,Tangerang Pasir Jaya,2026-05-06 07:00:00,65,65,33,,58,63,0,65,,,,,
Bekasi,Bekasi Kayuringin,2026-05-06 07:00:00,60,60,28,,63,13,0,2,,,,,
Jakarta,The Pakubuwono Menteng,2026-05-06 07:09:57,121,121,49,90,,,,,61,28.9,,,
Depok,Cinere - Nafas,2026-05-06 07:10:44,156,156,60,120,,,,,66,27.6,,,
Bogor,Kabupaten Bogor Leuwiliang,2026-05-06 07:00:00,80,58,26,,4,9,0,80,,,,,
Tangerang,Tangerang Pasir Jaya,2026-05-06 07:00:00,65,65,33,,58,63,0,65,,,,,
Bekasi,Bekasi Kayuringin,2026-05-06 07:00:00,60,60,28,,63,13,0,2,,,,,
Jakarta,The Pakubuwono Menteng,2026-05-06 07:10:57,121,121,50,90,,,,,61,29,,,
Depok,Cinere - Nafas,2026-05-06 07:10:44,156,156,60,120,,,,,66,27.6,,,
Bogor,Kabupaten Bogor Leuwiliang,2026-05-06 07:00:00,80,58,26,,4,9,0,80,,,,,
Tangerang,Tangerang Pasir Jaya,2026-05-06 07:00:00,65,65,33,,58,63,0,65,,,,,
Bekasi,Bekasi Kayuringin,2026-05-06 07:00:00,60,60,28,,63,13,0,2,,,,,
Jakarta,The Pakubuwono Menteng,2026-05-06 07:11:57,121,121,48,87,,,,,60,29,,,
Depok,Cinere - Nafas,2026-05-06 07:12:41,154,154,59,116,,,,,66,27.7,,,
Bogor,Kabupaten Bogor Leuwiliang,2026-05-06 07:00:00,80,58,26,,4,9,0,80,,,,,
Tangerang,Tangerang Pasir Jaya,2026-05-06 07:00:00,65,65,33,,58,63,0,65,,,,,
Bekasi,Bekasi Kayuringin,2026-05-06 07:00:00,60,60,28,,63,13,0,2,,,,,
Jakarta,The Pakubuwono Menteng,2026-05-06 07:11:57,121,121,48,87,,,,,60,29,,,
Depok,Cinere - Nafas,2026-05-06 07:13:41,154,154,60,116,,,,,66,27.7,,,
Bogor,Kabupaten Bogor Leuwiliang,2026-05-06 07:00:00,80,58,26,,4,9,0,80,,,,,
Tangerang,Tangerang Pasir Jaya,2026-05-06 07:00:00,65,65,33,,58,63,0,65,,,,,
Bekasi,Bekasi Kayuringin,2026-05-06 07:00:00,60,60,28,,63,13,0,2,,,,,
Jakarta,The Pakubuwono Menteng,2026-05-06 07:13:57,114,114,46,85,,,,,60,29,,,
Depok,Cinere - Nafas,2026-05-06 07:14:42,156,156,60,118,,,,,66,27.7,,,
Bogor,Kabupaten Bogor Leuwiliang,2026-05-06 07:00:00,80,58,26,,4,9,0,80,,,,,
Tangerang,Tangerang Pasir Jaya,2026-05-06 07:00:00,65,65,33,,58,63,0,65,,,,,
Bekasi,Bekasi Kayuringin,2026-05-06 07:00:00,60,60,28,,63,13,0,2,,,,,
Jakarta,The Pakubuwono Menteng,2026-05-06 07:15:57,110,110,44,83,,,,,60,29,,,
Depok,Cinere - Nafas,2026-05-06 07:16:41,154,154,59,116,,,,,65,27.8,,,
Bogor,Kabupaten Bogor Leuwiliang,2026-05-06 07:00:00,80,58,26,,4,9,0,80,,,,,
Tangerang,Tangerang Pasir Jaya,2026-05-06 07:00:00,65,65,33,,58,63,0,65,,,,,
Bekasi,Bekasi Kayuringin,2026-05-06 07:00:00,60,60,28,,63,13,0,2,,,,,
Jakarta,The Pakubuwono Menteng,2026-05-06 07:16:57,115,115,47,83,,,,,60,29,,,
Depok,Cinere - Nafas,2026-05-06 07:17:41,151,151,58,110,,,,,65,27.9,,,
Bogor,Kabupaten Bogor Leuwiliang,2026-05-06 07:00:00,80,58,26,,4,9,0,80,,,,,
Tangerang,Tangerang Pasir Jaya,2026-05-06 07:00:00,65,65,33,,58,63,0,65,,,,,
Bekasi,Bekasi Kayuringin,2026-05-06 07:00:00,60,60,28,,63,13,0,2,,,,,
Jakarta,The Pakubuwono Menteng,2026-05-06 07:17:57,115,115,46,85,,,,,60,29,,,
Depok,Cinere - Nafas,2026-05-06 07:18:41,152,152,58,115,,,,,65,27.9,,,
Bogor,Kabupaten Bogor Leuwiliang,2026-05-06 07:00:00,80,58,26,,4,9,0,80,,,,,
Tangerang,Tangerang Pasir Jaya,2026-05-06 07:00:00,65,65,33,,58,63,0,65,,,,,
Bekasi,Bekasi Kayuringin,2026-05-06 07:00:00,60,60,28,,63,13,0,2,,,,,
Jakarta,The Pakubuwono Menteng,2026-05-06 07:18:58,111,111,44,83,,,,,60,29,,,
Depok,Cinere - Nafas,2026-05-06 07:19:41,153,153,59,116,,,,,65,27.9,,,
Bogor,Kabupaten Bogor Leuwiliang,2026-05-06 07:00:00,80,58,26,,4,9,0,80,,,,,
Tangerang,Tangerang Pasir Jaya,2026-05-06 07:00:00,65,65,33,,58,63,0,65,,,,,
Bekasi,Bekasi Kayuringin,2026-05-06 07:00:00,60,60,28,,63,13,0,2,,,,,
Jakarta,The Pakubuwono Menteng,2026-05-06 07:19:57,115,115,45,84,,,,,60,29,,,
Depok,Cinere - Nafas,2026-05-06 07:20:43,153,153,59,111,,,,,65,27.9,,,
Bogor,Kabupaten Bogor Leuwiliang,2026-05-06 07:00:00,80,58,26,,4,9,0,80,,,,,
Tangerang,Tangerang Pasir Jaya,2026-05-06 07:00:00,65,65,33,,58,63,0,65,,,,,
Bekasi,Bekasi Kayuringin,2026-05-06 07:00:00,60,60,28,,63,13,0,2,,,,,
Jakarta,The Pakubuwono Menteng,2026-05-06 07:20:57,120,120,47,85,,,,,60,29.1,,,
Depok,Cinere - Nafas,2026-05-06 07:21:42,152,152,58,111,,,,,65,28,,,
Bogor,Kabupaten Bogor Leuwiliang,2026-05-06 07:00:00,80,58,26,,4,9,0,80,,,,,
Tangerang,Tangerang Pasir Jaya,2026-05-06 07:00:00,65,65,33,,58,63,0,65,,,,,
Bekasi,Bekasi Kayuringin,2026-05-06 07:00:00,60,60,28,,63,13,0,2,,,,,
Jakarta,The Pakubuwono Menteng,2026-05-06 07:21:57,110,110,44,83,,,,,60,29.1,,,
Depok,Cinere - Nafas,2026-05-06 07:23:42,153,153,59,113,,,,,65,28.1,,,
Bogor,Kabupaten Bogor Leuwiliang,2026-05-06 07:00:00,80,58,26,,4,9,0,80,,,,,
Tangerang,Tangerang Pasir Jaya,2026-05-06 07:00:00,65,65,33,,58,63,0,65,,,,,
Bekasi,Bekasi Kayuringin,2026-05-06 07:00:00,60,60,28,,63,13,0,2,,,,,
Jakarta,The Pakubuwono Menteng,2026-05-06 07:23:58,117,117,48,85,,,,,60,29.2,,,
Depok,Cinere - Nafas,2026-05-06 07:24:41,154,154,59,116,,,,,64,28.1,,,
Bogor,Kabupaten Bogor Leuwiliang,2026-05-06 07:00:00,80,58,26,,4,9,0,80,,,,,
Tangerang,Tangerang Pasir Jaya,2026-05-06 07:00:00,65,65,33,,58,63,0,65,,,,,
Bekasi,Bekasi Kayuringin,2026-05-06 07:00:00,60,60,28,,63,13,0,2,,,,,
Jakarta,The Pakubuwono Menteng,2026-05-06 07:25:58,123,123,49,90,,,,,60,29.2,,,
Depok,Cinere - Nafas,2026-05-06 07:26:42,153,153,59,113,,,,,64,28.2,,,
Bogor,Kabupaten Bogor Leuwiliang,2026-05-06 07:00:00,80,58,26,,4,9,0,80,,,,,
Tangerang,Tangerang Pasir Jaya,2026-05-06 07:00:00,65,65,33,,58,63,0,65,,,,,
Bekasi,Bekasi Kayuringin,2026-05-06 07:00:00,60,60,28,,63,13,0,2,,,,,
Jakarta,The Pakubuwono Menteng,2026-05-06 07:26:58,123,123,51,89,,,,,60,29.2,,,
Depok,Cinere - Nafas,2026-05-06 07:27:42,152,152,59,111,,,,,64,28.2,,,
Bogor,Kabupaten Bogor Leuwiliang,2026-05-06 07:00:00,80,58,26,,4,9,0,80,,,,,
Tangerang,Tangerang Pasir Jaya,2026-05-06 07:00:00,65,65,33,,58,63,0,65,,,,,
Bekasi,Bekasi Kayuringin,2026-05-06 07:00:00,60,60,28,,63,13,0,2,,,,,
Jakarta,The Pakubuwono Menteng,2026-05-06 07:27:58,126,126,50,90,,,,,60,29.2,,,
Depok,Cinere - Nafas,2026-05-06 07:28:42,158,158,61,135,,,,,64,28.3,,,
Bogor,Kabupaten Bogor Leuwiliang,2026-05-06 07:00:00,80,58,26,,4,9,0,80,,,,,
Tangerang,Tangerang Pasir Jaya,2026-05-06 07:00:00,65,65,33,,58,63,0,65,,,,,
Bekasi,Bekasi Kayuringin,2026-05-06 07:00:00,60,60,28,,63,13,0,2,,,,,
Jakarta,The Pakubuwono Menteng,2026-05-06 07:28:58,123,123,50,88,,,,,59,29.2,,,
Depok,Cinere - Nafas,2026-05-06 07:29:42,156,156,61,125,,,,,64,28.3,,,
Bogor,Kabupaten Bogor Leuwiliang,2026-05-06 07:00:00,80,58,26,,4,9,0,80,,,,,
Tangerang,Tangerang Pasir Jaya,2026-05-06 07:00:00,65,65,33,,58,63,0,65,,,,,
Bekasi,Bekasi Kayuringin,2026-05-06 07:00:00,60,60,28,,63,13,0,2,,,,,
Jakarta,The Pakubuwono Menteng,2026-05-06 07:29:58,118,118,47,83,,,,,59,29.2,,,
Depok,Cinere - Nafas,2026-05-06 07:30:42,156,156,60,125,,,,,64,28.3,,,
Bogor,Kabupaten Bogor Leuwiliang,2026-05-06 07:00:00,80,58,26,,4,9,0,80,,,,,
Tangerang,Tangerang Pasir Jaya,2026-05-06 07:00:00,65,65,33,,58,63,0,65,,,,,
Bekasi,Bekasi Kayuringin,2026-05-06 07:00:00,60,60,28,,63,13,0,2,,,,,
Jakarta,The Pakubuwono Menteng,2026-05-06 07:30:58,127,127,51,90,,,,,59,29.2,,,
Depok,Cinere - Nafas,2026-05-06 07:31:42,152,152,58,115,,,,,63,28.3,,,
Bogor,Kabupaten Bogor Leuwiliang,2026-05-06 07:00:00,80,58,26,,4,9,0,80,,,,,
Tangerang,Tangerang Pasir Jaya,2026-05-06 07:00:00,65,65,33,,58,63,0,65,,,,,
Bekasi,Bekasi Kayuringin,2026-05-06 07:00:00,60,60,28,,63,13,0,2,,,,,
Jakarta,The Pakubuwono Menteng,2026-05-06 07:31:58,119,119,48,85,,,,,59,29.3,,,
Depok,Cinere - Nafas,2026-05-06 07:32:42,155,155,60,118,,,,,63,28.3,,,
Bogor,Kabupaten Bogor Leuwiliang,2026-05-06 07:00:00,80,58,26,,4,9,0,80,,,,,
Tangerang,Tangerang Pasir Jaya,2026-05-06 07:00:00,65,65,33,,58,63,0,65,,,,,
Bekasi,Bekasi Kayuringin,2026-05-06 07:00:00,60,60,28,,63,13,0,2,,,,,
Jakarta,The Pakubuwono Menteng,2026-05-06 07:33:58,127,127,52,92,,,,,59,29.3,,,
Depok,Cinere - Nafas,2026-05-06 07:34:42,153,153,59,116,,,,,63,28.4,,,
Bogor,Kabupaten Bogor Leuwiliang,2026-05-06 07:00:00,80,58,26,,4,9,0,80,,,,,
Tangerang,Tangerang Pasir Jaya,2026-05-06 07:00:00,65,65,33,,58,63,0,65,,,,,
Bekasi,Bekasi Kayuringin,2026-05-06 07:00:00,60,60,28,,63,13,0,2,,,,,
Jakarta,The Pakubuwono Menteng,2026-05-06 07:34:58,132,132,53,95,,,,,59,29.3,,,
Depok,Cinere - Nafas,2026-05-06 07:35:42,153,153,59,118,,,,,63,28.4,,,
Bogor,Kabupaten Bogor Leuwiliang,2026-05-06 07:00:00,80,58,26,,4,9,0,80,,,,,
Tangerang,Tangerang Pasir Jaya,2026-05-06 07:00:00,65,65,33,,58,63,0,65,,,,,
Bekasi,Bekasi Kayuringin,2026-05-06 07:00:00,60,60,28,,63,13,0,2,,,,,
Jakarta,The Pakubuwono Menteng,2026-05-06 07:35:58,128,128,52,91,,,,,59,29.3,,,
Depok,Cinere - Nafas,2026-05-06 07:36:42,153,153,59,117,,,,,63,28.4,,,
Bogor,Kabupaten Bogor Leuwiliang,2026-05-06 07:00:00,80,58,26,,4,9,0,80,,,,,
Tangerang,Tangerang Pasir Jaya,2026-05-06 07:00:00,65,65,33,,58,63,0,65,,,,,
Bekasi,Bekasi Kayuringin,2026-05-06 07:00:00,60,60,28,,63,13,0,2,,,,,
Jakarta,The Pakubuwono Menteng,2026-05-06 07:36:58,125,125,49,91,,,,,59,29.3,,,
Depok,Cinere - Nafas,2026-05-06 07:37:42,155,155,60,119,,,,,63,28.5,,,
Bogor,Kabupaten Bogor Leuwiliang,2026-05-06 07:00:00,80,58,26,,4,9,0,80,,,,,
Tangerang,Tangerang Pasir Jaya,2026-05-06 07:00:00,65,65,33,,58,63,0,65,,,,,
Bekasi,Bekasi Kayuringin,2026-05-06 07:00:00,60,60,28,,63,13,0,2,,,,,
Jakarta,The Pakubuwono Menteng,2026-05-06 07:37:58,121,121,50,89,,,,,59,29.4,,,
Depok,Cinere - Nafas,2026-05-06 07:38:42,155,155,60,121,,,,,63,28.5,,,
Bogor,Kabupaten Bogor Leuwiliang,2026-05-06 07:00:00,80,58,26,,4,9,0,80,,,,,
Tangerang,Tangerang Pasir Jaya,2026-05-06 07:00:00,65,65,33,,58,63,0,65,,,,,
Bekasi,Bekasi Kayuringin,2026-05-06 07:00:00,60,60,28,,63,13,0,2,,,,,
Jakarta,The Pakubuwono Menteng,2026-05-06 07:38:58,124,124,50,89,,,,,59,29.4,,,
Depok,Cinere - Nafas,2026-05-06 07:39:42,155,155,59,119,,,,,63,28.5,,,
Bogor,Kabupaten Bogor Leuwiliang,2026-05-06 07:00:00,80,58,26,,4,9,0,80,,,,,
Tangerang,Tangerang Pasir Jaya,2026-05-06 07:00:00,65,65,33,,58,63,0,65,,,,,
Bekasi,Bekasi Kayuringin,2026-05-06 07:00:00,60,60,28,,63,13,0,2,,,,,
Jakarta,The Pakubuwono Menteng,2026-05-06 07:39:58,125,125,51,88,,,,,59,29.4,,,
Depok,Cinere - Nafas,2026-05-06 07:40:42,155,155,60,120,,,,,63,28.5,,,
Bogor,Kabupaten Bogor Leuwiliang,2026-05-06 07:00:00,80,58,26,,4,9,0,80,,,,,
Tangerang,Tangerang Pasir Jaya,2026-05-06 07:00:00,65,65,33,,58,63,0,65,,,,,
Bekasi,Bekasi Kayuringin,2026-05-06 07:00:00,60,60,28,,63,13,0,2,,,,,
Jakarta,The Pakubuwono Menteng,2026-05-06 07:43:58,123,123,50,89,,,,,59,29.4,,,
Depok,Cinere - Nafas,2026-05-06 07:43:42,154,154,59,116,,,,,63,28.5,,,
Bogor,Kabupaten Bogor Leuwiliang,2026-05-06 07:00:00,80,58,26,,4,9,0,80,,,,,
Tangerang,Tangerang Pasir Jaya,2026-05-06 07:00:00,65,65,33,,58,63,0,65,,,,,
Bekasi,Bekasi Kayuringin,2026-05-06 07:00:00,60,60,28,,63,13,0,2,,,,,
Jakarta,The Pakubuwono Menteng,2026-05-06 07:44:58,130,130,51,93,,,,,59,29.5,,,
Depok,Cinere - Nafas,2026-05-06 07:44:42,154,154,59,115,,,,,63,28.5,,,
Bogor,Kabupaten Bogor Leuwiliang,2026-05-06 07:00:00,80,58,26,,4,9,0,80,,,,,
Tangerang,Tangerang Pasir Jaya,2026-05-06 07:00:00,65,65,33,,58,63,0,65,,,,,
Bekasi,Bekasi Kayuringin,2026-05-06 07:00:00,60,60,28,,63,13,0,2,,,,,
Jakarta,The Pakubuwono Menteng,2026-05-06 07:44:58,130,130,51,93,,,,,59,29.5,,,
Depok,Cinere - Nafas,2026-05-06 07:44:42,154,154,59,115,,,,,63,28.5,,,
Bogor,Kabupaten Bogor Leuwiliang,2026-05-06 07:00:00,80,58,26,,4,9,0,80,,,,,
Tangerang,Tangerang Pasir Jaya,2026-05-06 07:00:00,65,65,33,,58,63,0,65,,,,,
Bekasi,Bekasi Kayuringin,2026-05-06 07:00:00,60,60,28,,63,13,0,2,,,,,
Jakarta,The Pakubuwono Menteng,2026-05-06 07:45:58,123,123,49,89,,,,,59,29.5,,,
Depok,Cinere - Nafas,2026-05-06 07:45:42,154,154,59,118,,,,,63,28.5,,,
Bogor,Kabupaten Bogor Leuwiliang,2026-05-06 07:00:00,80,58,26,,4,9,0,80,,,,,
Tangerang,Tangerang Pasir Jaya,2026-05-06 07:00:00,65,65,33,,58,63,0,65,,,,,
Bekasi,Bekasi Kayuringin,2026-05-06 07:00:00,60,60,28,,63,13,0,2,,,,,
Jakarta,The Pakubuwono Menteng,2026-05-06 07:45:58,123,123,49,89,,,,,59,29.5,,,
Depok,Cinere - Nafas,2026-05-06 07:46:42,152,152,58,111,,,,,62,28.5,,,
Bogor,Kabupaten Bogor Leuwiliang,2026-05-06 07:00:00,80,58,26,,4,9,0,80,,,,,
Tangerang,Tangerang Pasir Jaya,2026-05-06 07:00:00,65,65,33,,58,63,0,65,,,,,
Bekasi,Bekasi Kayuringin,2026-05-06 07:00:00,60,60,28,,63,13,0,2,,,,,
Jakarta,The Pakubuwono Menteng,2026-05-06 07:47:58,124,124,50,91,,,,,59,29.5,,,
Depok,Cinere - Nafas,2026-05-06 07:47:42,155,155,60,121,,,,,62,28.5,,,
Bogor,Kabupaten Bogor Leuwiliang,2026-05-06 07:00:00,80,58,26,,4,9,0,80,,,,,
Tangerang,Tangerang Pasir Jaya,2026-05-06 07:00:00,65,65,33,,58,63,0,65,,,,,
Bekasi,Bekasi Kayuringin,2026-05-06 07:00:00,60,60,28,,63,13,0,2,,,,,
Jakarta,The Pakubuwono Menteng,2026-05-06 07:49:58,123,123,49,88,,,,,58,29.5,,,
Depok,Cinere - Nafas,2026-05-06 07:49:42,153,153,58,114,,,,,62,28.6,,,
Bogor,Kabupaten Bogor Leuwiliang,2026-05-06 07:00:00,80,58,26,,4,9,0,80,,,,,
Tangerang,Tangerang Pasir Jaya,2026-05-06 07:00:00,65,65,33,,58,63,0,65,,,,,
Bekasi,Bekasi Kayuringin,2026-05-06 07:00:00,60,60,28,,63,13,0,2,,,,,
Jakarta,The Pakubuwono Menteng,2026-05-06 07:51:58,125,125,50,90,,,,,58,29.5,,,
Depok,Cinere - Nafas,2026-05-06 07:51:42,152,152,58,116,,,,,63,28.5,,,
Bogor,Kabupaten Bogor Leuwiliang,2026-05-06 07:00:00,80,58,26,,4,9,0,80,,,,,
Tangerang,Tangerang Pasir Jaya,2026-05-06 07:00:00,65,65,33,,58,63,0,65,,,,,
Bekasi,Bekasi Kayuringin,2026-05-06 07:00:00,60,60,28,,63,13,0,2,,,,,
Jakarta,The Pakubuwono Menteng,2026-05-06 07:52:58,120,120,48,87,,,,,58,29.5,,,
Depok,Cinere - Nafas,2026-05-06 07:52:42,152,152,58,112,,,,,63,28.5,,,
Bogor,Kabupaten Bogor Leuwiliang,2026-05-06 07:00:00,80,58,26,,4,9,0,80,,,,,
Tangerang,Tangerang Pasir Jaya,2026-05-06 07:00:00,65,65,33,,58,63,0,65,,,,,
Bekasi,Bekasi Kayuringin,2026-05-06 07:00:00,60,60,28,,63,13,0,2,,,,,
Jakarta,The Pakubuwono Menteng,2026-05-06 07:53:58,120,120,49,89,,,,,58,29.5,,,
Depok,Cinere - Nafas,2026-05-06 07:53:42,152,152,59,109,,,,,63,28.5,,,
Bogor,Kabupaten Bogor Leuwiliang,2026-05-06 07:00:00,80,58,26,,4,9,0,80,,,,,
Tangerang,Tangerang Pasir Jaya,2026-05-06 07:00:00,65,65,33,,58,63,0,65,,,,,
Bekasi,Bekasi Kayuringin,2026-05-06 07:00:00,60,60,28,,63,13,0,2,,,,,
Jakarta,The Pakubuwono Menteng,2026-05-06 07:54:58,117,117,47,88,,,,,58,29.5,,,
Depok,Cinere - Nafas,2026-05-06 07:54:42,152,152,58,115,,,,,63,28.6,,,
Bogor,Kabupaten Bogor Leuwiliang,2026-05-06 07:00:00,80,58,26,,4,9,0,80,,,,,
Tangerang,Tangerang Pasir Jaya,2026-05-06 07:00:00,65,65,33,,58,63,0,65,,,,,
Bekasi,Bekasi Kayuringin,2026-05-06 07:00:00,60,60,28,,63,13,0,2,,,,,
Jakarta,The Pakubuwono Menteng,2026-05-06 07:55:58,119,119,47,88,,,,,58,29.6,,,
Depok,Cinere - Nafas,2026-05-06 07:55:42,152,152,58,114,,,,,63,28.6,,,
Bogor,Kabupaten Bogor Leuwiliang,2026-05-06 07:00:00,80,58,26,,4,9,0,80,,,,,
Tangerang,Tangerang Pasir Jaya,2026-05-06 07:00:00,65,65,33,,58,63,0,65,,,,,
Bekasi,Bekasi Kayuringin,2026-05-06 07:00:00,60,60,28,,63,13,0,2,,,,,
Jakarta,The Pakubuwono Menteng,2026-05-06 07:57:58,112,112,45,83,,,,,58,29.6,,,
Depok,Cinere - Nafas,2026-05-06 07:57:42,137,137,54,96,,,,,62,28.7,,,
Bogor,Kabupaten Bogor Leuwiliang,2026-05-06 07:00:00,80,58,26,,4,9,0,80,,,,,
Tangerang,Tangerang Pasir Jaya,2026-05-06 07:00:00,65,65,33,,58,63,0,65,,,,,
Bekasi,Bekasi Kayuringin,2026-05-06 07:00:00,60,60,28,,63,13,0,2,,,,,
Jakarta,The Pakubuwono Menteng,2026-05-06 07:58:58,113,113,45,84,,,,,58,29.6,,,
Depok,Cinere - Nafas,2026-05-06 07:58:42,131,131,53,94,,,,,62,28.7,,,
Bogor,Kabupaten Bogor Leuwiliang,2026-05-06 07:00:00,80,58,26,,4,9,0,80,,,,,
Tangerang,Tangerang Pasir Jaya,2026-05-06 07:00:00,65,65,33,,58,63,0,65,,,,,
Bekasi,Bekasi Kayuringin,2026-05-06 07:00:00,60,60,28,,63,13,0,2,,,,,
Jakarta,The Pakubuwono Menteng,2026-05-06 07:59:58,115,115,45,83,,,,,58,29.6,,,
Depok,Cinere - Nafas,2026-05-06 08:00:42,158,158,61,129,,,,,62,28.8,,,
Bogor,Kabupaten Bogor Leuwiliang,2026-05-06 07:00:00,80,58,26,,4,9,0,80,,,,,
Tangerang,Tangerang Pasir Jaya,2026-05-06 07:00:00,65,65,33,,58,63,0,65,,,,,
Bekasi,Bekasi Kayuringin,2026-05-06 07:00:00,60,60,28,,63,13,0,2,,,,,
Jakarta,The Pakubuwono Menteng,2026-05-06 08:00:58,113,113,45,83,,,,,58,29.6,,,
Depok,Cinere - Nafas,2026-05-06 08:00:42,158,158,61,129,,,,,62,28.8,,,
Bogor,Kabupaten Bogor Leuwiliang,2026-05-06 07:00:00,80,58,26,,4,9,0,80,,,,,
Tangerang,Tangerang Pasir Jaya,2026-05-06 07:00:00,65,65,33,,58,63,0,65,,,,,
Bekasi,Bekasi Kayuringin,2026-05-06 07:00:00,60,60,28,,63,13,0,2,,,,,
Jakarta,The Pakubuwono Menteng,2026-05-06 08:01:58,122,122,49,88,,,,,58,29.7,,,
Depok,Cinere - Nafas,2026-05-06 08:01:42,164,164,67,150,,,,,61,28.8,,,
Bogor,Kabupaten Bogor Leuwiliang,2026-05-06 08:00:00,80,58,26,,4,9,0,80,,,,,
Tangerang,Tangerang Pasir Jaya,2026-05-06 08:00:00,65,64,33,,58,63,0,65,,,,,
Bekasi,Bekasi Kayuringin,2026-05-06 08:00:00,59,59,28,,63,13,0,2,,,,,
Jakarta,The Pakubuwono Menteng,2026-05-06 08:02:58,121,121,48,88,,,,,58,29.7,,,
Depok,Cinere - Nafas,2026-05-06 08:02:42,144,144,56,100,,,,,61,28.9,,,
Bogor,Kabupaten Bogor Leuwiliang,2026-05-06 08:00:00,80,58,26,,4,9,0,80,,,,,
Tangerang,Tangerang Pasir Jaya,2026-05-06 08:00:00,65,64,33,,58,63,0,65,,,,,
Bekasi,Bekasi Kayuringin,2026-05-06 08:00:00,59,59,28,,63,13,0,2,,,,,
Jakarta,The Pakubuwono Menteng,2026-05-06 08:03:58,122,122,49,89,,,,,58,29.7,,,
Depok,Cinere - Nafas,2026-05-06 08:03:42,136,136,53,94,,,,,61,28.9,,,
Bogor,Kabupaten Bogor Leuwiliang,2026-05-06 08:00:00,80,58,26,,4,9,0,80,,,,,
Tangerang,Tangerang Pasir Jaya,2026-05-06 08:00:00,65,64,33,,58,63,0,65,,,,,
Bekasi,Bekasi Kayuringin,2026-05-06 08:00:00,59,59,28,,63,13,0,2,,,,,
Jakarta,The Pakubuwono Menteng,2026-05-06 08:04:58,124,124,51,89,,,,,57,29.7,,,
Depok,Cinere - Nafas,2026-05-06 08:04:42,128,128,52,93,,,,,61,28.9,,,
Bogor,Kabupaten Bogor Leuwiliang,2026-05-06 08:00:00,80,58,26,,4,9,0,80,,,,,
Tangerang,Tangerang Pasir Jaya,2026-05-06 08:00:00,65,64,33,,58,63,0,65,,,,,
Bekasi,Bekasi Kayuringin,2026-05-06 08:00:00,59,59,28,,63,13,0,2,,,,,
Jakarta,The Pakubuwono Menteng,2026-05-06 08:06:58,120,120,48,88,,,,,57,29.7,,,
Depok,Cinere - Nafas,2026-05-06 08:06:42,125,125,52,90,,,,,60,28.9,,,
Bogor,Kabupaten Bogor Leuwiliang,2026-05-06 08:00:00,80,58,26,,4,9,0,80,,,,,
Tangerang,Tangerang Pasir Jaya,2026-05-06 08:00:00,65,64,33,,58,63,0,65,,,,,
Bekasi,Bekasi Kayuringin,2026-05-06 08:00:00,59,59,28,,63,13,0,2,,,,,
Jakarta,The Pakubuwono Menteng,2026-05-06 08:07:59,116,116,46,85,,,,,57,29.7,,,
Depok,Cinere - Nafas,2026-05-06 08:07:43,122,122,50,88,,,,,60,28.9,,,
Bogor,Kabupaten Bogor Leuwiliang,2026-05-06 08:00:00,80,58,26,,4,9,0,80,,,,,
Tangerang,Tangerang Pasir Jaya,2026-05-06 08:00:00,65,64,33,,58,63,0,65,,,,,
Bekasi,Bekasi Kayuringin,2026-05-06 08:00:00,59,59,28,,63,13,0,2,,,,,
Jakarta,The Pakubuwono Menteng,2026-05-06 08:09:59,110,110,43,82,,,,,57,29.8,,,
Depok,Cinere - Nafas,2026-05-06 08:09:42,126,126,51,89,,,,,60,28.9,,,
Bogor,Kabupaten Bogor Leuwiliang,2026-05-06 08:00:00,80,58,26,,4,9,0,80,,,,,
Tangerang,Tangerang Pasir Jaya,2026-05-06 08:00:00,65,64,33,,58,63,0,65,,,,,
Bekasi,Bekasi Kayuringin,2026-05-06 08:00:00,59,59,28,,63,13,0,2,,,,,
Jakarta,The Pakubuwono Menteng,2026-05-06 08:10:58,120,120,48,88,,,,,57,29.8,,,
Depok,Cinere - Nafas,2026-05-06 08:10:42,133,133,53,91,,,,,60,29,,,
Bogor,Kabupaten Bogor Leuwiliang,2026-05-06 08:00:00,80,58,26,,4,9,0,80,,,,,
Tangerang,Tangerang Pasir Jaya,2026-05-06 08:00:00,65,64,33,,58,63,0,65,,,,,
Bekasi,Bekasi Kayuringin,2026-05-06 08:00:00,59,59,28,,63,13,0,2,,,,,
Jakarta,The Pakubuwono Menteng,2026-05-06 08:11:58,113,113,44,83,,,,,57,29.8,,,
Depok,Cinere - Nafas,2026-05-06 08:11:44,151,151,58,112,,,,,61,29,,,
Bogor,Kabupaten Bogor Leuwiliang,2026-05-06 08:00:00,80,58,26,,4,9,0,80,,,,,
Tangerang,Tangerang Pasir Jaya,2026-05-06 08:00:00,65,64,33,,58,63,0,65,,,,,
Bekasi,Bekasi Kayuringin,2026-05-06 08:00:00,59,59,28,,63,13,0,2,,,,,
Jakarta,The Pakubuwono Menteng,2026-05-06 08:13:59,107,107,42,81,,,,,57,29.9,,,
Depok,Cinere - Nafas,2026-05-06 08:13:44,127,127,51,90,,,,,60,29,,,
Bogor,Kabupaten Bogor Leuwiliang,2026-05-06 08:00:00,80,58,26,,4,9,0,80,,,,,
Tangerang,Tangerang Pasir Jaya,2026-05-06 08:00:00,65,64,33,,58,63,0,65,,,,,
Bekasi,Bekasi Kayuringin,2026-05-06 08:00:00,59,59,28,,63,13,0,2,,,,,
Jakarta,The Pakubuwono Menteng,2026-05-06 08:14:59,114,114,45,86,,,,,57,30,,,
Depok,Cinere - Nafas,2026-05-06 08:14:44,125,125,51,89,,,,,61,29,,,
Bogor,Kabupaten Bogor Leuwiliang,2026-05-06 08:00:00,80,58,26,,4,9,0,80,,,,,
Tangerang,Tangerang Pasir Jaya,2026-05-06 08:00:00,65,64,33,,58,63,0,65,,,,,
Bekasi,Bekasi Kayuringin,2026-05-06 08:00:00,59,59,28,,63,13,0,2,,,,,
Jakarta,The Pakubuwono Menteng,2026-05-06 08:15:59,113,113,44,83,,,,,57,30,,,
Depok,Cinere - Nafas,2026-05-06 08:15:45,126,126,51,87,,,,,60,29,,,
Bogor,Kabupaten Bogor Leuwiliang,2026-05-06 08:00:00,80,58,26,,4,9,0,80,,,,,
Tangerang,Tangerang Pasir Jaya,2026-05-06 08:00:00,65,64,33,,58,63,0,65,,,,,
Bekasi,Bekasi Kayuringin,2026-05-06 08:00:00,59,59,28,,63,13,0,2,,,,,
Jakarta,The Pakubuwono Menteng,2026-05-06 08:16:59,113,113,43,84,,,,,57,30,,,
Depok,Cinere - Nafas,2026-05-06 08:16:45,118,118,48,85,,,,,60,29,,,
Bogor,Kabupaten Bogor Leuwiliang,2026-05-06 08:00:00,80,58,26,,4,9,0,80,,,,,
Tangerang,Tangerang Pasir Jaya,2026-05-06 08:00:00,65,64,33,,58,63,0,65,,,,,
Bekasi,Bekasi Kayuringin,2026-05-06 08:00:00,59,59,28,,63,13,0,2,,,,,
Jakarta,The Pakubuwono Menteng,2026-05-06 08:16:59,113,113,43,84,,,,,57,30,,,
Depok,Cinere - Nafas,2026-05-06 08:16:45,118,118,48,85,,,,,60,29,,,
Bogor,Kabupaten Bogor Leuwiliang,2026-05-06 08:00:00,80,58,26,,4,9,0,80,,,,,
Tangerang,Tangerang Pasir Jaya,2026-05-06 08:00:00,65,64,33,,58,63,0,65,,,,,
Bekasi,Bekasi Kayuringin,2026-05-06 08:00:00,59,59,28,,63,13,0,2,,,,,
Jakarta,The Pakubuwono Menteng,2026-05-06 08:17:59,109,109,43,82,,,,,57,30.1,,,
Depok,Cinere - Nafas,2026-05-06 08:17:45,122,122,49,86,,,,,60,29.1,,,
Bogor,Kabupaten Bogor Leuwiliang,2026-05-06 08:00:00,80,58,26,,4,9,0,80,,,,,
Tangerang,Tangerang Pasir Jaya,2026-05-06 08:00:00,65,64,33,,58,63,0,65,,,,,
Bekasi,Bekasi Kayuringin,2026-05-06 08:00:00,59,59,28,,63,13,0,2,,,,,
Jakarta,The Pakubuwono Menteng,2026-05-06 08:20:59,110,110,43,82,,,,,57,30.1,,,
Depok,Cinere - Nafas,2026-05-06 08:20:45,110,110,44,81,,,,,60,29.1,,,
Bogor,Kabupaten Bogor Leuwiliang,2026-05-06 08:00:00,80,58,26,,4,9,0,80,,,,,
Tangerang,Tangerang Pasir Jaya,2026-05-06 08:00:00,65,64,33,,58,63,0,65,,,,,
Bekasi,Bekasi Kayuringin,2026-05-06 08:00:00,59,59,28,,63,13,0,2,,,,,
Jakarta,The Pakubuwono Menteng,2026-05-06 08:21:59,105,105,41,80,,,,,57,30.1,,,
Depok,Cinere - Nafas,2026-05-06 08:21:45,115,115,46,83,,,,,59,29.1,,,
Bogor,Kabupaten Bogor Leuwiliang,2026-05-06 08:00:00,80,58,26,,4,9,0,80,,,,,
Tangerang,Tangerang Pasir Jaya,2026-05-06 08:00:00,65,64,33,,58,63,0,65,,,,,
Bekasi,Bekasi Kayuringin,2026-05-06 08:00:00,59,59,28,,63,13,0,2,,,,,
Jakarta,The Pakubuwono Menteng,2026-05-06 08:22:59,102,102,40,77,,,,,57,30.1,,,
Depok,Cinere - Nafas,2026-05-06 08:22:45,119,119,49,84,,,,,60,29.2,,,
Bogor,Kabupaten Bogor Leuwiliang,2026-05-06 08:00:00,80,58,26,,4,9,0,80,,,,,
Tangerang,Tangerang Pasir Jaya,2026-05-06 08:00:00,65,64,33,,58,63,0,65,,,,,
Bekasi,Bekasi Kayuringin,2026-05-06 08:00:00,59,59,28,,63,13,0,2,,,,,
Jakarta,The Pakubuwono Menteng,2026-05-06 08:23:59,100,100,39,77,,,,,57,30.2,,,
Depok,Cinere - Nafas,2026-05-06 08:23:45,117,117,48,85,,,,,60,29.2,,,
Bogor,Kabupaten Bogor Leuwiliang,2026-05-06 08:00:00,80,58,26,,4,9,0,80,,,,,
Tangerang,Tangerang Pasir Jaya,2026-05-06 08:00:00,65,64,33,,58,63,0,65,,,,,
Bekasi,Bekasi Kayuringin,2026-05-06 08:00:00,59,59,28,,63,13,0,2,,,,,
Jakarta,The Pakubuwono Menteng,2026-05-06 08:24:59,103,103,40,79,,,,,57,30.2,,,
Depok,Cinere - Nafas,2026-05-06 08:24:45,120,120,47,84,,,,,59,29.2,,,
Bogor,Kabupaten Bogor Leuwiliang,2026-05-06 08:00:00,80,58,26,,4,9,0,80,,,,,
Tangerang,Tangerang Pasir Jaya,2026-05-06 08:00:00,65,64,33,,58,63,0,65,,,,,
Bekasi,Bekasi Kayuringin,2026-05-06 08:00:00,59,59,28,,63,13,0,2,,,,,
Jakarta,The Pakubuwono Menteng,2026-05-06 08:25:59,104,104,40,78,,,,,57,30.2,,,
Depok,Cinere - Nafas,2026-05-06 08:25:45,121,121,48,84,,,,,59,29.3,,,
Bogor,Kabupaten Bogor Leuwiliang,2026-05-06 08:00:00,80,58,26,,4,9,0,80,,,,,
Tangerang,Tangerang Pasir Jaya,2026-05-06 08:00:00,65,64,33,,58,63,0,65,,,,,
Bekasi,Bekasi Kayuringin,2026-05-06 08:00:00,59,59,28,,63,13,0,2,,,,,
Jakarta,The Pakubuwono Menteng,2026-05-06 08:26:59,105,105,41,79,,,,,57,30.2,,,
Depok,Cinere - Nafas,2026-05-06 08:26:45,119,119,48,85,,,,,59,29.2,,,
Bogor,Kabupaten Bogor Leuwiliang,2026-05-06 08:00:00,80,58,26,,4,9,0,80,,,,,
Tangerang,Tangerang Pasir Jaya,2026-05-06 08:00:00,65,64,33,,58,63,0,65,,,,,
Bekasi,Bekasi Kayuringin,2026-05-06 08:00:00,59,59,28,,63,13,0,2,,,,,
Jakarta,The Pakubuwono Menteng,2026-05-06 08:27:59,106,106,40,83,,,,,56,30.3,,,
Depok,Cinere - Nafas,2026-05-06 08:29:45,113,113,45,83,,,,,59,29.3,,,
Bogor,Kabupaten Bogor Leuwiliang,2026-05-06 08:00:00,80,58,26,,4,9,0,80,,,,,
Tangerang,Tangerang Pasir Jaya,2026-05-06 08:00:00,65,64,33,,58,63,0,65,,,,,
Bekasi,Bekasi Kayuringin,2026-05-06 08:00:00,59,59,28,,63,13,0,2,,,,,
Jakarta,The Pakubuwono Menteng,2026-05-06 08:29:59,99,99,37,76,,,,,57,30.3,,,
Depok,Cinere - Nafas,2026-05-06 08:29:45,113,113,45,83,,,,,59,29.3,,,
Bogor,Kabupaten Bogor Leuwiliang,2026-05-06 08:00:00,80,58,26,,4,9,0,80,,,,,
Tangerang,Tangerang Pasir Jaya,2026-05-06 08:00:00,65,64,33,,58,63,0,65,,,,,
Bekasi,Bekasi Kayuringin,2026-05-06 08:00:00,59,59,28,,63,13,0,2,,,,,
Jakarta,The Pakubuwono Menteng,2026-05-06 08:31:02,107,107,42,81,,,,,56,30.3,,,
Depok,Cinere - Nafas,2026-05-06 08:30:45,116,116,48,84,,,,,59,29.3,,,
Bogor,Kabupaten Bogor Leuwiliang,2026-05-06 08:00:00,80,58,26,,4,9,0,80,,,,,
Tangerang,Tangerang Pasir Jaya,2026-05-06 08:00:00,65,64,33,,58,63,0,65,,,,,
Bekasi,Bekasi Kayuringin,2026-05-06 08:00:00,59,59,28,,63,13,0,2,,,,,
Jakarta,The Pakubuwono Menteng,2026-05-06 08:31:59,105,105,40,81,,,,,56,30.3,,,
Depok,Cinere - Nafas,2026-05-06 08:31:45,114,114,45,83,,,,,59,29.3,,,
Bogor,Kabupaten Bogor Leuwiliang,2026-05-06 08:00:00,80,58,26,,4,9,0,80,,,,,
Tangerang,Tangerang Pasir Jaya,2026-05-06 08:00:00,65,64,33,,58,63,0,65,,,,,
Bekasi,Bekasi Kayuringin,2026-05-06 08:00:00,59,59,28,,63,13,0,2,,,,,
Jakarta,The Pakubuwono Menteng,2026-05-06 08:32:59,106,106,41,82,,,,,56,30.3,,,
Depok,Cinere - Nafas,2026-05-06 08:32:45,112,112,44,83,,,,,59,29.4,,,
Bogor,Kabupaten Bogor Leuwiliang,2026-05-06 08:00:00,80,58,26,,4,9,0,80,,,,,
Tangerang,Tangerang Pasir Jaya,2026-05-06 08:00:00,65,64,33,,58,63,0,65,,,,,
Bekasi,Bekasi Kayuringin,2026-05-06 08:00:00,59,59,28,,63,13,0,2,,,,,
Jakarta,The Pakubuwono Menteng,2026-05-06 08:33:59,113,113,44,83,,,,,56,30.4,,,
Depok,Cinere - Nafas,2026-05-06 08:33:45,118,118,48,84,,,,,59,29.4,,,
Bogor,Kabupaten Bogor Leuwiliang,2026-05-06 08:00:00,80,58,26,,4,9,0,80,,,,,
Tangerang,Tangerang Pasir Jaya,2026-05-06 08:00:00,65,64,33,,58,63,0,65,,,,,
Bekasi,Bekasi Kayuringin,2026-05-06 08:00:00,59,59,28,,63,13,0,2,,,,,
Jakarta,The Pakubuwono Menteng,2026-05-06 08:34:59,102,102,40,79,,,,,56,30.4,,,
Depok,Cinere - Nafas,2026-05-06 08:34:45,114,114,45,80,,,,,58,29.4,,,
Bogor,Kabupaten Bogor Leuwiliang,2026-05-06 08:00:00,80,58,26,,4,9,0,80,,,,,
Tangerang,Tangerang Pasir Jaya,2026-05-06 08:00:00,65,64,33,,58,63,0,65,,,,,
Bekasi,Bekasi Kayuringin,2026-05-06 08:00:00,59,59,28,,63,13,0,2,,,,,
Jakarta,The Pakubuwono Menteng,2026-05-06 08:36:59,115,115,45,85,,,,,56,30.4,,,
Depok,Cinere - Nafas,2026-05-06 08:37:25,107,107,43,78,,,,,58,29.4,,,
Bogor,Kabupaten Bogor Leuwiliang,2026-05-06 08:00:00,80,58,26,,4,9,0,80,,,,,
Tangerang,Tangerang Pasir Jaya,2026-05-06 08:00:00,65,64,33,,58,63,0,65,,,,,
Bekasi,Bekasi Kayuringin,2026-05-06 08:00:00,59,59,28,,63,13,0,2,,,,,
Jakarta,The Pakubuwono Menteng,2026-05-06 08:38:59,111,111,42,83,,,,,56,30.4,,,
Depok,Cinere - Nafas,2026-05-06 08:38:24,112,112,43,83,,,,,58,29.4,,,
Bogor,Kabupaten Bogor Leuwiliang,2026-05-06 08:00:00,80,58,26,,4,9,0,80,,,,,
Tangerang,Tangerang Pasir Jaya,2026-05-06 08:00:00,65,64,33,,58,63,0,65,,,,,
Bekasi,Bekasi Kayuringin,2026-05-06 08:00:00,59,59,28,,63,13,0,2,,,,,
Jakarta,The Pakubuwono Menteng,2026-05-06 08:39:59,111,111,42,82,,,,,56,30.4,,,
Depok,Cinere - Nafas,2026-05-06 08:39:25,109,109,44,82,,,,,58,29.4,,,
Bogor,Kabupaten Bogor Leuwiliang,2026-05-06 08:00:00,80,58,26,,4,9,0,80,,,,,
Tangerang,Tangerang Pasir Jaya,2026-05-06 08:00:00,65,64,33,,58,63,0,65,,,,,
Bekasi,Bekasi Kayuringin,2026-05-06 08:00:00,59,59,28,,63,13,0,2,,,,,
Jakarta,The Pakubuwono Menteng,2026-05-06 08:40:59,108,108,42,81,,,,,56,30.4,,,
Depok,Cinere - Nafas,2026-05-06 08:40:25,110,110,44,80,,,,,58,29.5,,,
Bogor,Kabupaten Bogor Leuwiliang,2026-05-06 08:00:00,80,58,26,,4,9,0,80,,,,,
Tangerang,Tangerang Pasir Jaya,2026-05-06 08:00:00,65,64,33,,58,63,0,65,,,,,
Bekasi,Bekasi Kayuringin,2026-05-06 08:00:00,59,59,28,,63,13,0,2,,,,,
Jakarta,The Pakubuwono Menteng,2026-05-06 08:41:59,98,98,36,76,,,,,56,30.4,,,
Depok,Cinere - Nafas,2026-05-06 08:41:25,116,116,48,86,,,,,58,29.5,,,
Bogor,Kabupaten Bogor Leuwiliang,2026-05-06 08:00:00,80,58,26,,4,9,0,80,,,,,
Tangerang,Tangerang Pasir Jaya,2026-05-06 08:00:00,65,64,33,,58,63,0,65,,,,,
Bekasi,Bekasi Kayuringin,2026-05-06 08:00:00,59,59,28,,63,13,0,2,,,,,
Jakarta,The Pakubuwono Menteng,2026-05-06 08:42:59,102,102,38,80,,,,,56,30.4,,,
Depok,Cinere - Nafas,2026-05-06 08:42:25,112,112,45,83,,,,,58,29.5,,,
Bogor,Kabupaten Bogor Leuwiliang,2026-05-06 08:00:00,80,58,26,,4,9,0,80,,,,,
Tangerang,Tangerang Pasir Jaya,2026-05-06 08:00:00,65,64,33,,58,63,0,65,,,,,
Bekasi,Bekasi Kayuringin,2026-05-06 08:00:00,59,59,28,,63,13,0,2,,,,,
Jakarta,The Pakubuwono Menteng,2026-05-06 08:44:59,109,109,42,80,,,,,56,30.5,,,
Depok,Cinere - Nafas,2026-05-06 08:44:25,115,115,45,83,,,,,58,29.7,,,
Bogor,Kabupaten Bogor Leuwiliang,2026-05-06 08:00:00,80,58,26,,4,9,0,80,,,,,
Tangerang,Tangerang Pasir Jaya,2026-05-06 08:00:00,65,64,33,,58,63,0,65,,,,,
Bekasi,Bekasi Kayuringin,2026-05-06 08:00:00,59,59,28,,63,13,0,2,,,,,
Jakarta,The Pakubuwono Menteng,2026-05-06 08:44:59,109,109,42,80,,,,,56,30.5,,,
Depok,Cinere - Nafas,2026-05-06 08:44:25,115,115,45,83,,,,,58,29.7,,,
Bogor,Kabupaten Bogor Leuwiliang,2026-05-06 08:00:00,80,58,26,,4,9,0,80,,,,,
Tangerang,Tangerang Pasir Jaya,2026-05-06 08:00:00,65,64,33,,58,63,0,65,,,,,
Bekasi,Bekasi Kayuringin,2026-05-06 08:00:00,59,59,28,,63,13,0,2,,,,,
Jakarta,The Pakubuwono Menteng,2026-05-06 08:47:02,108,108,41,79,,,,,55,30.5,,,
Depok,Cinere - Nafas,2026-05-06 08:46:25,118,118,48,85,,,,,58,29.7,,,
Bogor,Kabupaten Bogor Leuwiliang,2026-05-06 08:00:00,80,58,26,,4,9,0,80,,,,,
Tangerang,Tangerang Pasir Jaya,2026-05-06 08:00:00,65,64,33,,58,63,0,65,,,,,
Bekasi,Bekasi Kayuringin,2026-05-06 08:00:00,59,59,28,,63,13,0,2,,,,,
Jakarta,The Pakubuwono Menteng,2026-05-06 08:47:59,99,99,37,78,,,,,55,30.5,,,
Depok,Cinere - Nafas,2026-05-06 08:47:26,114,114,44,83,,,,,57,29.8,,,
Bogor,Kabupaten Bogor Leuwiliang,2026-05-06 08:00:00,80,58,26,,4,9,0,80,,,,,
Tangerang,Tangerang Pasir Jaya,2026-05-06 08:00:00,65,64,33,,58,63,0,65,,,,,
Bekasi,Bekasi Kayuringin,2026-05-06 08:00:00,59,59,28,,63,13,0,2,,,,,
Jakarta,The Pakubuwono Menteng,2026-05-06 08:48:59,98,98,35,75,,,,,55,30.5,,,
Depok,Cinere - Nafas,2026-05-06 08:48:25,111,111,44,80,,,,,57,29.9,,,
Bogor,Kabupaten Bogor Leuwiliang,2026-05-06 08:00:00,80,58,26,,4,9,0,80,,,,,
Tangerang,Tangerang Pasir Jaya,2026-05-06 08:00:00,65,64,33,,58,63,0,65,,,,,
Bekasi,Bekasi Kayuringin,2026-05-06 08:00:00,59,59,28,,63,13,0,2,,,,,
Jakarta,The Pakubuwono Menteng,2026-05-06 08:49:59,101,101,39,80,,,,,55,30.5,,,
Depok,Cinere - Nafas,2026-05-06 08:49:25,108,108,42,79,,,,,56,29.9,,,
Bogor,Kabupaten Bogor Leuwiliang,2026-05-06 08:00:00,80,58,26,,4,9,0,80,,,,,
Tangerang,Tangerang Pasir Jaya,2026-05-06 08:00:00,65,64,33,,58,63,0,65,,,,,
Bekasi,Bekasi Kayuringin,2026-05-06 08:00:00,59,59,28,,63,13,0,2,,,,,
Jakarta,The Pakubuwono Menteng,2026-05-06 08:50:59,95,95,32,76,,,,,55,30.5,,,
Depok,Cinere - Nafas,2026-05-06 08:50:25,101,101,41,79,,,,,56,29.9,,,
Bogor,Kabupaten Bogor Leuwiliang,2026-05-06 08:00:00,80,58,26,,4,9,0,80,,,,,
Tangerang,Tangerang Pasir Jaya,2026-05-06 08:00:00,65,64,33,,58,63,0,65,,,,,
Bekasi,Bekasi Kayuringin,2026-05-06 08:00:00,59,59,28,,63,13,0,2,,,,,
Jakarta,The Pakubuwono Menteng,2026-05-06 08:52:59,101,101,38,77,,,,,55,30.5,,,
Depok,Cinere - Nafas,2026-05-06 08:52:25,105,105,40,76,,,,,56,30,,,
Bogor,Kabupaten Bogor Leuwiliang,2026-05-06 08:00:00,80,58,26,,4,9,0,80,,,,,
Tangerang,Tangerang Pasir Jaya,2026-05-06 08:00:00,65,64,33,,58,63,0,65,,,,,
Bekasi,Bekasi Kayuringin,2026-05-06 08:00:00,59,59,28,,63,13,0,2,,,,,
Jakarta,The Pakubuwono Menteng,2026-05-06 08:53:59,104,104,38,79,,,,,55,30.5,,,
Depok,Cinere - Nafas,2026-05-06 08:53:25,101,101,39,77,,,,,56,30.1,,,
Bogor,Kabupaten Bogor Leuwiliang,2026-05-06 08:00:00,80,58,26,,4,9,0,80,,,,,
Tangerang,Tangerang Pasir Jaya,2026-05-06 08:00:00,65,64,33,,58,63,0,65,,,,,
Bekasi,Bekasi Kayuringin,2026-05-06 08:00:00,59,59,28,,63,13,0,2,,,,,
Jakarta,The Pakubuwono Menteng,2026-05-06 08:54:59,101,101,38,79,,,,,55,30.6,,,
Depok,Cinere - Nafas,2026-05-06 08:55:25,107,107,40,79,,,,,56,30.1,,,
Bogor,Kabupaten Bogor Leuwiliang,2026-05-06 08:00:00,80,58,26,,4,9,0,80,,,,,
Tangerang,Tangerang Pasir Jaya,2026-05-06 08:00:00,65,64,33,,58,63,0,65,,,,,
Bekasi,Bekasi Kayuringin,2026-05-06 08:00:00,59,59,28,,63,13,0,2,,,,,
Jakarta,The Pakubuwono Menteng,2026-05-06 08:56:59,106,106,41,81,,,,,55,30.6,,,
Depok,Cinere - Nafas,2026-05-06 08:56:25,108,108,43,78,,,,,56,30.2,,,
Bogor,Kabupaten Bogor Leuwiliang,2026-05-06 08:00:00,80,58,26,,4,9,0,80,,,,,
Tangerang,Tangerang Pasir Jaya,2026-05-06 08:00:00,65,64,33,,58,63,0,65,,,,,
Bekasi,Bekasi Kayuringin,2026-05-06 08:00:00,59,59,28,,63,13,0,2,,,,,
Jakarta,The Pakubuwono Menteng,2026-05-06 08:58:00,106,106,41,78,,,,,55,30.6,,,
Depok,Cinere - Nafas,2026-05-06 08:57:25,107,107,42,79,,,,,56,30.2,,,
Bogor,Kabupaten Bogor Leuwiliang,2026-05-06 08:00:00,80,58,26,,4,9,0,80,,,,,
Tangerang,Tangerang Pasir Jaya,2026-05-06 08:00:00,65,64,33,,58,63,0,65,,,,,
Bekasi,Bekasi Kayuringin,2026-05-06 08:00:00,59,59,28,,63,13,0,2,,,,,
Jakarta,The Pakubuwono Menteng,2026-05-06 08:59:00,102,102,38,79,,,,,55,30.6,,,
Depok,Cinere - Nafas,2026-05-06 08:58:25,100,100,40,77,,,,,56,30.2,,,
Bogor,Kabupaten Bogor Leuwiliang,2026-05-06 08:00:00,80,58,26,,4,9,0,80,,,,,
Tangerang,Tangerang Pasir Jaya,2026-05-06 08:00:00,65,64,33,,58,63,0,65,,,,,
Bekasi,Bekasi Kayuringin,2026-05-06 08:00:00,59,59,28,,63,13,0,2,,,,,
Jakarta,The Pakubuwono Menteng,2026-05-06 09:00:00,107,107,41,83,,,,,55,30.6,,,
Depok,Cinere - Nafas,2026-05-06 08:59:25,101,101,38,77,,,,,56,30.2,,,
Bogor,Kabupaten Bogor Leuwiliang,2026-05-06 08:00:00,80,58,26,,4,9,0,80,,,,,
Tangerang,Tangerang Pasir Jaya,2026-05-06 08:00:00,65,64,33,,58,63,0,65,,,,,
Bekasi,Bekasi Kayuringin,2026-05-06 08:00:00,59,59,28,,63,13,0,2,,,,,
Jakarta,The Pakubuwono Menteng,2026-05-06 09:01:00,105,105,39,80,,,,,55,30.6,,,
Depok,Cinere - Nafas,2026-05-06 09:00:25,101,101,38,77,,,,,56,30.3,,,
Bogor,Kabupaten Bogor Leuwiliang,2026-05-06 08:00:00,80,58,26,,4,9,0,80,,,,,
Tangerang,Tangerang Pasir Jaya,2026-05-06 08:00:00,65,64,33,,58,63,0,65,,,,,
Bekasi,Bekasi Kayuringin,2026-05-06 08:00:00,59,59,28,,63,13,0,2,,,,,
Jakarta,The Pakubuwono Menteng,2026-05-06 09:02:00,99,99,37,79,,,,,55,30.6,,,
Depok,Cinere - Nafas,2026-05-06 09:01:25,109,109,42,79,,,,,56,30.3,,,
Bogor,Kabupaten Bogor Leuwiliang,2026-05-06 09:00:00,80,58,26,,4,9,0,80,,,,,
Tangerang,Tangerang Pasir Jaya,2026-05-06 09:00:00,65,63,32,,58,63,0,65,,,,,
Bekasi,Bekasi Kayuringin,2026-05-06 09:00:00,59,59,28,,63,13,0,2,,,,,
Jakarta,The Pakubuwono Menteng,2026-05-06 09:03:00,98,98,35,79,,,,,55,30.7,,,
Depok,Cinere - Nafas,2026-05-06 09:02:25,115,115,44,83,,,,,56,30.3,,,
Bogor,Kabupaten Bogor Leuwiliang,2026-05-06 09:00:00,80,58,26,,4,9,0,80,,,,,
Tangerang,Tangerang Pasir Jaya,2026-05-06 09:00:00,65,63,32,,58,63,0,65,,,,,
Bekasi,Bekasi Kayuringin,2026-05-06 09:00:00,59,59,28,,63,13,0,2,,,,,
Jakarta,The Pakubuwono Menteng,2026-05-06 09:05:00,90,90,31,72,,,,,55,30.7,,,
Depok,Cinere - Nafas,2026-05-06 09:04:26,100,100,37,74,,,,,55,30.4,,,
Bogor,Kabupaten Bogor Leuwiliang,2026-05-06 09:00:00,80,58,26,,4,9,0,80,,,,,
Tangerang,Tangerang Pasir Jaya,2026-05-06 09:00:00,65,63,32,,58,63,0,65,,,,,
Bekasi,Bekasi Kayuringin,2026-05-06 09:00:00,59,59,28,,63,13,0,2,,,,,
Jakarta,The Pakubuwono Menteng,2026-05-06 09:06:00,97,97,37,74,,,,,55,30.7,,,
Depok,Cinere - Nafas,2026-05-06 09:05:25,106,106,40,77,,,,,55,30.4,,,
Bogor,Kabupaten Bogor Leuwiliang,2026-05-06 09:00:00,80,58,26,,4,9,0,80,,,,,
Tangerang,Tangerang Pasir Jaya,2026-05-06 09:00:00,65,63,32,,58,63,0,65,,,,,
Bekasi,Bekasi Kayuringin,2026-05-06 09:00:00,59,59,28,,63,13,0,2,,,,,
Jakarta,The Pakubuwono Menteng,2026-05-06 09:08:00,97,97,36,76,,,,,55,30.8,,,
Depok,Cinere - Nafas,2026-05-06 09:07:25,118,118,47,87,,,,,56,30.5,,,
Bogor,Kabupaten Bogor Leuwiliang,2026-05-06 09:00:00,80,58,26,,4,9,0,80,,,,,
Tangerang,Tangerang Pasir Jaya,2026-05-06 09:00:00,65,63,32,,58,63,0,65,,,,,
Bekasi,Bekasi Kayuringin,2026-05-06 09:00:00,59,59,28,,63,13,0,2,,,,,
Jakarta,The Pakubuwono Menteng,2026-05-06 09:09:00,97,97,36,76,,,,,54,30.8,,,
Depok,Cinere - Nafas,2026-05-06 09:08:25,111,111,45,83,,,,,55,30.5,,,
Bogor,Kabupaten Bogor Leuwiliang,2026-05-06 09:00:00,80,58,26,,4,9,0,80,,,,,
Tangerang,Tangerang Pasir Jaya,2026-05-06 09:00:00,65,63,32,,58,63,0,65,,,,,
Bekasi,Bekasi Kayuringin,2026-05-06 09:00:00,59,59,28,,63,13,0,2,,,,,
Jakarta,The Pakubuwono Menteng,2026-05-06 09:10:00,96,96,34,72,,,,,54,30.8,,,
Depok,Cinere - Nafas,2026-05-06 09:09:25,116,116,46,82,,,,,55,30.5,,,
Bogor,Kabupaten Bogor Leuwiliang,2026-05-06 09:00:00,80,58,26,,4,9,0,80,,,,,
Tangerang,Tangerang Pasir Jaya,2026-05-06 09:00:00,65,63,32,,58,63,0,65,,,,,
Bekasi,Bekasi Kayuringin,2026-05-06 09:00:00,59,59,28,,63,13,0,2,,,,,
Jakarta,The Pakubuwono Menteng,2026-05-06 09:11:00,94,94,35,75,,,,,53,30.8,,,
Depok,Cinere - Nafas,2026-05-06 09:10:25,112,112,47,84,,,,,55,30.5,,,
Bogor,Kabupaten Bogor Leuwiliang,2026-05-06 09:00:00,80,58,26,,4,9,0,80,,,,,
Tangerang,Tangerang Pasir Jaya,2026-05-06 09:00:00,65,63,32,,58,63,0,65,,,,,
Bekasi,Bekasi Kayuringin,2026-05-06 09:00:00,59,59,28,,63,13,0,2,,,,,
Jakarta,The Pakubuwono Menteng,2026-05-06 09:12:00,88,88,32,72,,,,,53,30.8,,,
Depok,Cinere - Nafas,2026-05-06 09:11:25,109,109,44,83,,,,,55,30.5,,,
Bogor,Kabupaten Bogor Leuwiliang,2026-05-06 09:00:00,80,58,26,,4,9,0,80,,,,,
Tangerang,Tangerang Pasir Jaya,2026-05-06 09:00:00,65,63,32,,58,63,0,65,,,,,
Bekasi,Bekasi Kayuringin,2026-05-06 09:00:00,59,59,28,,63,13,0,2,,,,,
Jakarta,The Pakubuwono Menteng,2026-05-06 09:13:00,91,91,32,72,,,,,54,30.8,,,
Depok,Cinere - Nafas,2026-05-06 09:12:25,111,111,45,83,,,,,55,30.6,,,
Bogor,Kabupaten Bogor Leuwiliang,2026-05-06 09:00:00,80,58,26,,4,9,0,80,,,,,
Tangerang,Tangerang Pasir Jaya,2026-05-06 09:00:00,65,63,32,,58,63,0,65,,,,,
Bekasi,Bekasi Kayuringin,2026-05-06 09:00:00,59,59,28,,63,13,0,2,,,,,
Jakarta,The Pakubuwono Menteng,2026-05-06 09:14:00,91,91,33,73,,,,,54,30.8,,,
Depok,Cinere - Nafas,2026-05-06 09:13:25,112,112,45,83,,,,,55,30.6,,,
Bogor,Kabupaten Bogor Leuwiliang,2026-05-06 09:00:00,80,58,26,,4,9,0,80,,,,,
Tangerang,Tangerang Pasir Jaya,2026-05-06 09:00:00,65,63,32,,58,63,0,65,,,,,
Bekasi,Bekasi Kayuringin,2026-05-06 09:00:00,59,59,28,,63,13,0,2,,,,,
Jakarta,The Pakubuwono Menteng,2026-05-06 09:16:00,77,77,23,67,,,,,54,30.8,,,
Depok,Cinere - Nafas,2026-05-06 09:15:25,110,110,44,81,,,,,55,30.6,,,
Bogor,Kabupaten Bogor Leuwiliang,2026-05-06 09:00:00,80,58,26,,4,9,0,80,,,,,
Tangerang,Tangerang Pasir Jaya,2026-05-06 09:00:00,65,63,32,,58,63,0,65,,,,,
Bekasi,Bekasi Kayuringin,2026-05-06 09:00:00,59,59,28,,63,13,0,2,,,,,
Jakarta,The Pakubuwono Menteng,2026-05-06 09:17:00,85,85,26,68,,,,,54,30.9,,,
Depok,Cinere - Nafas,2026-05-06 09:16:25,113,113,45,83,,,,,55,30.6,,,
Bogor,Kabupaten Bogor Leuwiliang,2026-05-06 09:00:00,80,58,26,,4,9,0,80,,,,,
Tangerang,Tangerang Pasir Jaya,2026-05-06 09:00:00,65,63,32,,58,63,0,65,,,,,
Bekasi,Bekasi Kayuringin,2026-05-06 09:00:00,59,59,28,,63,13,0,2,,,,,
Jakarta,The Pakubuwono Menteng,2026-05-06 09:18:00,92,92,31,73,,,,,55,30.9,,,
Depok,Cinere - Nafas,2026-05-06 09:17:25,114,114,44,83,,,,,55,30.7,,,
Bogor,Kabupaten Bogor Leuwiliang,2026-05-06 09:00:00,80,58,26,,4,9,0,80,,,,,
Tangerang,Tangerang Pasir Jaya,2026-05-06 09:00:00,65,63,32,,58,63,0,65,,,,,
Bekasi,Bekasi Kayuringin,2026-05-06 09:00:00,59,59,28,,63,13,0,2,,,,,
Jakarta,The Pakubuwono Menteng,2026-05-06 09:19:00,93,93,33,74,,,,,54,31,,,
Depok,Cinere - Nafas,2026-05-06 09:18:25,109,109,44,80,,,,,54,30.6,,,
Bogor,Kabupaten Bogor Leuwiliang,2026-05-06 09:00:00,80,58,26,,4,9,0,80,,,,,
Tangerang,Tangerang Pasir Jaya,2026-05-06 09:00:00,65,63,32,,58,63,0,65,,,,,
Bekasi,Bekasi Kayuringin,2026-05-06 09:00:00,59,59,28,,63,13,0,2,,,,,
Jakarta,The Pakubuwono Menteng,2026-05-06 09:20:00,99,99,37,75,,,,,54,31,,,
Depok,Cinere - Nafas,2026-05-06 09:19:25,106,106,41,77,,,,,54,30.6,,,
Bogor,Kabupaten Bogor Leuwiliang,2026-05-06 09:00:00,80,58,26,,4,9,0,80,,,,,
Tangerang,Tangerang Pasir Jaya,2026-05-06 09:00:00,65,63,32,,58,63,0,65,,,,,
Bekasi,Bekasi Kayuringin,2026-05-06 09:00:00,59,59,28,,63,13,0,2,,,,,
Jakarta,The Pakubuwono Menteng,2026-05-06 09:21:00,98,98,36,77,,,,,54,31,,,
Depok,Cinere - Nafas,2026-05-06 09:20:25,104,104,40,79,,,,,54,30.6,,,
Bogor,Kabupaten Bogor Leuwiliang,2026-05-06 09:00:00,80,58,26,,4,9,0,80,,,,,
Tangerang,Tangerang Pasir Jaya,2026-05-06 09:00:00,65,63,32,,58,63,0,65,,,,,
Bekasi,Bekasi Kayuringin,2026-05-06 09:00:00,59,59,28,,63,13,0,2,,,,,
Jakarta,The Pakubuwono Menteng,2026-05-06 09:24:00,100,100,37,76,,,,,54,31.1,,,
Depok,Cinere - Nafas,2026-05-06 09:23:25,109,109,43,82,,,,,54,30.7,,,
Bogor,Kabupaten Bogor Leuwiliang,2026-05-06 09:00:00,80,58,26,,4,9,0,80,,,,,
Tangerang,Tangerang Pasir Jaya,2026-05-06 09:00:00,65,63,32,,58,63,0,65,,,,,
Bekasi,Bekasi Kayuringin,2026-05-06 09:00:00,59,59,28,,63,13,0,2,,,,,
Jakarta,The Pakubuwono Menteng,2026-05-06 09:25:00,94,94,33,74,,,,,53,31.1,,,
Depok,Cinere - Nafas,2026-05-06 09:24:25,109,109,42,79,,,,,54,30.7,,,
Bogor,Kabupaten Bogor Leuwiliang,2026-05-06 09:00:00,80,58,26,,4,9,0,80,,,,,
Tangerang,Tangerang Pasir Jaya,2026-05-06 09:00:00,65,63,32,,58,63,0,65,,,,,
Bekasi,Bekasi Kayuringin,2026-05-06 09:00:00,59,59,28,,63,13,0,2,,,,,
Jakarta,The Pakubuwono Menteng,2026-05-06 09:26:00,96,96,35,74,,,,,53,31.1,,,
Depok,Cinere - Nafas,2026-05-06 09:25:25,109,109,42,79,,,,,55,30.7,,,
Bogor,Kabupaten Bogor Leuwiliang,2026-05-06 09:00:00,80,58,26,,4,9,0,80,,,,,
Tangerang,Tangerang Pasir Jaya,2026-05-06 09:00:00,65,63,32,,58,63,0,65,,,,,
Bekasi,Bekasi Kayuringin,2026-05-06 09:00:00,59,59,28,,63,13,0,2,,,,,
Jakarta,The Pakubuwono Menteng,2026-05-06 09:27:00,97,97,34,74,,,,,53,31.1,,,
Depok,Cinere - Nafas,2026-05-06 09:26:25,109,109,42,79,,,,,55,30.7,,,
Bogor,Kabupaten Bogor Leuwiliang,2026-05-06 09:00:00,80,58,26,,4,9,0,80,,,,,
Tangerang,Tangerang Pasir Jaya,2026-05-06 09:00:00,65,63,32,,58,63,0,65,,,,,
Bekasi,Bekasi Kayuringin,2026-05-06 09:00:00,59,59,28,,63,13,0,2,,,,,
Jakarta,The Pakubuwono Menteng,2026-05-06 09:27:00,97,97,34,74,,,,,53,31.1,,,
Depok,Cinere - Nafas,2026-05-06 09:28:25,107,107,42,79,,,,,54,30.8,,,
Bogor,Kabupaten Bogor Leuwiliang,2026-05-06 09:00:00,80,58,26,,4,9,0,80,,,,,
Tangerang,Tangerang Pasir Jaya,2026-05-06 09:00:00,65,63,32,,58,63,0,65,,,,,
Bekasi,Bekasi Kayuringin,2026-05-06 09:00:00,59,59,28,,63,13,0,2,,,,,
Jakarta,The Pakubuwono Menteng,2026-05-06 09:28:00,95,95,34,75,,,,,52,31.2,,,
Depok,Cinere - Nafas,2026-05-06 09:28:25,107,107,42,79,,,,,54,30.8,,,
Bogor,Kabupaten Bogor Leuwiliang,2026-05-06 09:00:00,80,58,26,,4,9,0,80,,,,,
Tangerang,Tangerang Pasir Jaya,2026-05-06 09:00:00,65,63,32,,58,63,0,65,,,,,
Bekasi,Bekasi Kayuringin,2026-05-06 09:00:00,59,59,28,,63,13,0,2,,,,,
Jakarta,The Pakubuwono Menteng,2026-05-06 09:29:00,99,99,36,75,,,,,52,31.2,,,
Depok,Cinere - Nafas,2026-05-06 09:29:25,95,95,35,73,,,,,54,30.8,,,
Bogor,Kabupaten Bogor Leuwiliang,2026-05-06 09:00:00,80,58,26,,4,9,0,80,,,,,
Tangerang,Tangerang Pasir Jaya,2026-05-06 09:00:00,65,63,32,,58,63,0,65,,,,,
Bekasi,Bekasi Kayuringin,2026-05-06 09:00:00,59,59,28,,63,13,0,2,,,,,
Jakarta,The Pakubuwono Menteng,2026-05-06 09:30:00,99,99,36,75,,,,,53,31.2,,,
Depok,Cinere - Nafas,2026-05-06 09:30:25,97,97,36,72,,,,,53,30.8,,,
Bogor,Kabupaten Bogor Leuwiliang,2026-05-06 09:00:00,80,58,26,,4,9,0,80,,,,,
Tangerang,Tangerang Pasir Jaya,2026-05-06 09:00:00,65,63,32,,58,63,0,65,,,,,
Bekasi,Bekasi Kayuringin,2026-05-06 09:00:00,59,59,28,,63,13,0,2,,,,,
Jakarta,The Pakubuwono Menteng,2026-05-06 09:33:00,101,101,40,76,,,,,53,31.2,,,
Depok,Cinere - Nafas,2026-05-06 09:33:25,101,101,40,77,,,,,53,30.8,,,
Bogor,Kabupaten Bogor Leuwiliang,2026-05-06 09:00:00,80,58,26,,4,9,0,80,,,,,
Tangerang,Tangerang Pasir Jaya,2026-05-06 09:00:00,65,63,32,,58,63,0,65,,,,,
Bekasi,Bekasi Kayuringin,2026-05-06 09:00:00,59,59,28,,63,13,0,2,,,,,
Jakarta,The Pakubuwono Menteng,2026-05-06 09:34:00,93,93,32,73,,,,,52,31.2,,,
Depok,Cinere - Nafas,2026-05-06 09:34:25,101,101,39,78,,,,,53,30.8,,,
Bogor,Kabupaten Bogor Leuwiliang,2026-05-06 09:00:00,80,58,26,,4,9,0,80,,,,,
Tangerang,Tangerang Pasir Jaya,2026-05-06 09:00:00,65,63,32,,58,63,0,65,,,,,
Bekasi,Bekasi Kayuringin,2026-05-06 09:00:00,59,59,28,,63,13,0,2,,,,,
Jakarta,The Pakubuwono Menteng,2026-05-06 09:35:00,96,96,35,74,,,,,52,31.2,,,
Depok,Cinere - Nafas,2026-05-06 09:35:26,103,103,42,79,,,,,53,30.8,,,
Bogor,Kabupaten Bogor Leuwiliang,2026-05-06 09:00:00,80,58,26,,4,9,0,80,,,,,
Tangerang,Tangerang Pasir Jaya,2026-05-06 09:00:00,65,63,32,,58,63,0,65,,,,,
Bekasi,Bekasi Kayuringin,2026-05-06 09:00:00,59,59,28,,63,13,0,2,,,,,
Jakarta,The Pakubuwono Menteng,2026-05-06 09:36:00,95,95,37,76,,,,,52,31.2,,,
Depok,Cinere - Nafas,2026-05-06 09:36:28,101,101,41,79,,,,,53,30.8,,,
Bogor,Kabupaten Bogor Leuwiliang,2026-05-06 09:00:00,80,58,26,,4,9,0,80,,,,,
Tangerang,Tangerang Pasir Jaya,2026-05-06 09:00:00,65,63,32,,58,63,0,65,,,,,
Bekasi,Bekasi Kayuringin,2026-05-06 09:00:00,59,59,28,,63,13,0,2,,,,,
Jakarta,The Pakubuwono Menteng,2026-05-06 09:37:00,94,94,33,74,,,,,52,31.3,,,
Depok,Cinere - Nafas,2026-05-06 09:37:28,101,101,39,78,,,,,53,30.8,,,
Bogor,Kabupaten Bogor Leuwiliang,2026-05-06 09:00:00,80,58,26,,4,9,0,80,,,,,
Tangerang,Tangerang Pasir Jaya,2026-05-06 09:00:00,65,63,32,,58,63,0,65,,,,,
Bekasi,Bekasi Kayuringin,2026-05-06 09:00:00,59,59,28,,63,13,0,2,,,,,
Jakarta,The Pakubuwono Menteng,2026-05-06 09:38:00,90,90,29,72,,,,,53,31.3,,,
Depok,Cinere - Nafas,2026-05-06 09:38:28,107,107,41,78,,,,,53,30.8,,,
Bogor,Kabupaten Bogor Leuwiliang,2026-05-06 09:00:00,80,58,26,,4,9,0,80,,,,,
Tangerang,Tangerang Pasir Jaya,2026-05-06 09:00:00,65,63,32,,58,63,0,65,,,,,
Bekasi,Bekasi Kayuringin,2026-05-06 09:00:00,59,59,28,,63,13,0,2,,,,,
Jakarta,The Pakubuwono Menteng,2026-05-06 09:40:00,98,98,37,75,,,,,53,31.3,,,
Depok,Cinere - Nafas,2026-05-06 09:40:28,106,106,41,79,,,,,53,30.8,,,
Bogor,Kabupaten Bogor Leuwiliang,2026-05-06 09:00:00,80,58,26,,4,9,0,80,,,,,
Tangerang,Tangerang Pasir Jaya,2026-05-06 09:00:00,65,63,32,,58,63,0,65,,,,,
Bekasi,Bekasi Kayuringin,2026-05-06 09:00:00,59,59,28,,63,13,0,2,,,,,
Jakarta,The Pakubuwono Menteng,2026-05-06 09:41:01,98,98,35,75,,,,,53,31.4,,,
Depok,Cinere - Nafas,2026-05-06 09:41:28,104,104,40,79,,,,,53,30.8,,,
Bogor,Kabupaten Bogor Leuwiliang,2026-05-06 09:00:00,80,58,26,,4,9,0,80,,,,,
Tangerang,Tangerang Pasir Jaya,2026-05-06 09:00:00,65,63,32,,58,63,0,65,,,,,
Bekasi,Bekasi Kayuringin,2026-05-06 09:00:00,59,59,28,,63,13,0,2,,,,,
Jakarta,The Pakubuwono Menteng,2026-05-06 09:43:01,100,100,36,77,,,,,52,31.4,,,
Depok,Cinere - Nafas,2026-05-06 09:43:28,108,108,41,79,,,,,53,30.9,,,
Bogor,Kabupaten Bogor Leuwiliang,2026-05-06 09:00:00,80,58,26,,4,9,0,80,,,,,
Tangerang,Tangerang Pasir Jaya,2026-05-06 09:00:00,65,63,32,,58,63,0,65,,,,,
Bekasi,Bekasi Kayuringin,2026-05-06 09:00:00,59,59,28,,63,13,0,2,,,,,
Jakarta,The Pakubuwono Menteng,2026-05-06 09:43:01,100,100,36,77,,,,,52,31.4,,,
Depok,Cinere - Nafas,2026-05-06 09:43:28,108,108,41,79,,,,,53,30.9,,,
Bogor,Kabupaten Bogor Leuwiliang,2026-05-06 09:00:00,80,58,26,,4,9,0,80,,,,,
Tangerang,Tangerang Pasir Jaya,2026-05-06 09:00:00,65,63,32,,58,63,0,65,,,,,
Bekasi,Bekasi Kayuringin,2026-05-06 09:00:00,59,59,28,,63,13,0,2,,,,,
Jakarta,The Pakubuwono Menteng,2026-05-06 09:44:01,101,101,38,78,,,,,52,31.4,,,
Depok,Cinere - Nafas,2026-05-06 09:44:28,108,108,42,81,,,,,53,30.9,,,
Bogor,Kabupaten Bogor Leuwiliang,2026-05-06 09:00:00,80,58,26,,4,9,0,80,,,,,
Tangerang,Tangerang Pasir Jaya,2026-05-06 09:00:00,65,63,32,,58,63,0,65,,,,,
Bekasi,Bekasi Kayuringin,2026-05-06 09:00:00,59,59,28,,63,13,0,2,,,,,
Jakarta,The Pakubuwono Menteng,2026-05-06 09:45:01,100,100,38,79,,,,,51,31.4,,,
Depok,Cinere - Nafas,2026-05-06 09:45:28,109,109,42,81,,,,,53,30.9,,,
Bogor,Kabupaten Bogor Leuwiliang,2026-05-06 09:00:00,80,58,26,,4,9,0,80,,,,,
Tangerang,Tangerang Pasir Jaya,2026-05-06 09:00:00,65,63,32,,58,63,0,65,,,,,
Bekasi,Bekasi Kayuringin,2026-05-06 09:00:00,59,59,28,,63,13,0,2,,,,,
Jakarta,The Pakubuwono Menteng,2026-05-06 09:47:01,108,108,41,81,,,,,51,31.5,,,
Depok,Cinere - Nafas,2026-05-06 09:47:28,106,106,41,79,,,,,53,31,,,
Bogor,Kabupaten Bogor Leuwiliang,2026-05-06 09:00:00,80,58,26,,4,9,0,80,,,,,
Tangerang,Tangerang Pasir Jaya,2026-05-06 09:00:00,65,63,32,,58,63,0,65,,,,,
Bekasi,Bekasi Kayuringin,2026-05-06 09:00:00,59,59,28,,63,13,0,2,,,,,
Jakarta,The Pakubuwono Menteng,2026-05-06 09:48:01,102,102,40,81,,,,,51,31.5,,,
Depok,Cinere - Nafas,2026-05-06 09:48:28,116,116,45,85,,,,,53,31,,,
Bogor,Kabupaten Bogor Leuwiliang,2026-05-06 09:00:00,80,58,26,,4,9,0,80,,,,,
Tangerang,Tangerang Pasir Jaya,2026-05-06 09:00:00,65,63,32,,58,63,0,65,,,,,
Bekasi,Bekasi Kayuringin,2026-05-06 09:00:00,59,59,28,,63,13,0,2,,,,,
Jakarta,The Pakubuwono Menteng,2026-05-06 09:49:01,101,101,38,81,,,,,51,31.5,,,
Depok,Cinere - Nafas,2026-05-06 09:48:28,116,116,45,85,,,,,53,31,,,
Bogor,Kabupaten Bogor Leuwiliang,2026-05-06 09:00:00,80,58,26,,4,9,0,80,,,,,
Tangerang,Tangerang Pasir Jaya,2026-05-06 09:00:00,65,63,32,,58,63,0,65,,,,,
Bekasi,Bekasi Kayuringin,2026-05-06 09:00:00,59,59,28,,63,13,0,2,,,,,
Jakarta,The Pakubuwono Menteng,2026-05-06 09:51:01,99,99,38,78,,,,,51,31.5,,,
Depok,Cinere - Nafas,2026-05-06 09:50:49,110,110,42,83,,,,,52,31.1,,,
Bogor,Kabupaten Bogor Leuwiliang,2026-05-06 09:00:00,80,58,26,,4,9,0,80,,,,,
Tangerang,Tangerang Pasir Jaya,2026-05-06 09:00:00,65,63,32,,58,63,0,65,,,,,
Bekasi,Bekasi Kayuringin,2026-05-06 09:00:00,59,59,28,,63,13,0,2,,,,,
Jakarta,The Pakubuwono Menteng,2026-05-06 09:52:01,105,105,41,77,,,,,52,31.5,,,
Depok,Cinere - Nafas,2026-05-06 09:51:49,111,111,42,83,,,,,52,31.1,,,
Bogor,Kabupaten Bogor Leuwiliang,2026-05-06 09:00:00,80,58,26,,4,9,0,80,,,,,
Tangerang,Tangerang Pasir Jaya,2026-05-06 09:00:00,65,63,32,,58,63,0,65,,,,,
Bekasi,Bekasi Kayuringin,2026-05-06 09:00:00,59,59,28,,63,13,0,2,,,,,
Jakarta,The Pakubuwono Menteng,2026-05-06 09:53:01,99,99,37,79,,,,,52,31.5,,,
Depok,Cinere - Nafas,2026-05-06 09:52:49,108,108,43,79,,,,,52,31.1,,,
Bogor,Kabupaten Bogor Leuwiliang,2026-05-06 09:00:00,80,58,26,,4,9,0,80,,,,,
Tangerang,Tangerang Pasir Jaya,2026-05-06 09:00:00,65,63,32,,58,63,0,65,,,,,
Bekasi,Bekasi Kayuringin,2026-05-06 09:00:00,59,59,28,,63,13,0,2,,,,,
Jakarta,The Pakubuwono Menteng,2026-05-06 09:55:01,101,101,37,79,,,,,52,31.5,,,
Depok,Cinere - Nafas,2026-05-06 09:54:49,113,113,45,83,,,,,52,31.1,,,
Bogor,Kabupaten Bogor Leuwiliang,2026-05-06 09:00:00,80,58,26,,4,9,0,80,,,,,
Tangerang,Tangerang Pasir Jaya,2026-05-06 09:00:00,65,63,32,,58,63,0,65,,,,,
Bekasi,Bekasi Kayuringin,2026-05-06 09:00:00,59,59,28,,63,13,0,2,,,,,
Jakarta,The Pakubuwono Menteng,2026-05-06 09:56:01,108,108,41,81,,,,,52,31.5,,,
Depok,Cinere - Nafas,2026-05-06 09:55:49,118,118,46,85,,,,,52,31.1,,,
Bogor,Kabupaten Bogor Leuwiliang,2026-05-06 09:00:00,80,58,26,,4,9,0,80,,,,,
Tangerang,Tangerang Pasir Jaya,2026-05-06 09:00:00,65,63,32,,58,63,0,65,,,,,
Bekasi,Bekasi Kayuringin,2026-05-06 09:00:00,59,59,28,,63,13,0,2,,,,,
Jakarta,The Pakubuwono Menteng,2026-05-06 09:57:01,110,110,42,83,,,,,52,31.5,,,
Depok,Cinere - Nafas,2026-05-06 09:56:49,115,115,45,83,,,,,52,31.2,,,
Bogor,Kabupaten Bogor Leuwiliang,2026-05-06 09:00:00,80,58,26,,4,9,0,80,,,,,
Tangerang,Tangerang Pasir Jaya,2026-05-06 09:00:00,65,63,32,,58,63,0,65,,,,,
Bekasi,Bekasi Kayuringin,2026-05-06 09:00:00,59,59,28,,63,13,0,2,,,,,
Jakarta,The Pakubuwono Menteng,2026-05-06 09:57:01,110,110,42,83,,,,,52,31.5,,,
Depok,Cinere - Nafas,2026-05-06 09:56:49,115,115,45,83,,,,,52,31.2,,,
Bogor,Kabupaten Bogor Leuwiliang,2026-05-06 09:00:00,80,58,26,,4,9,0,80,,,,,
Tangerang,Tangerang Pasir Jaya,2026-05-06 09:00:00,65,63,32,,58,63,0,65,,,,,
Bekasi,Bekasi Kayuringin,2026-05-06 09:00:00,59,59,28,,63,13,0,2,,,,,
Jakarta,The Pakubuwono Menteng,2026-05-06 09:58:01,108,108,42,83,,,,,52,31.6,,,
Depok,Cinere - Nafas,2026-05-06 09:57:49,113,113,44,83,,,,,51,31.2,,,
Bogor,Kabupaten Bogor Leuwiliang,2026-05-06 09:00:00,80,58,26,,4,9,0,80,,,,,
Tangerang,Tangerang Pasir Jaya,2026-05-06 09:00:00,65,63,32,,58,63,0,65,,,,,
Bekasi,Bekasi Kayuringin,2026-05-06 09:00:00,59,59,28,,63,13,0,2,,,,,
Jakarta,The Pakubuwono Menteng,2026-05-06 10:00:01,120,120,47,88,,,,,51,31.6,,,
Depok,Cinere - Nafas,2026-05-06 09:59:49,122,122,48,86,,,,,52,31.2,,,
Bogor,Kabupaten Bogor Leuwiliang,2026-05-06 09:00:00,80,58,26,,4,9,0,80,,,,,
Tangerang,Tangerang Pasir Jaya,2026-05-06 09:00:00,65,63,32,,58,63,0,65,,,,,
Bekasi,Bekasi Kayuringin,2026-05-06 09:00:00,59,59,28,,63,13,0,2,,,,,
Jakarta,The Pakubuwono Menteng,2026-05-06 10:01:01,116,116,45,86,,,,,51,31.6,,,
Depok,Cinere - Nafas,2026-05-06 10:00:49,121,121,48,90,,,,,51,31.2,,,
Bogor,Kabupaten Bogor Leuwiliang,2026-05-06 09:00:00,80,58,26,,4,9,0,80,,,,,
Tangerang,Tangerang Pasir Jaya,2026-05-06 09:00:00,65,63,32,,58,63,0,65,,,,,
Bekasi,Bekasi Kayuringin,2026-05-06 09:00:00,59,59,28,,63,13,0,2,,,,,
Jakarta,The Pakubuwono Menteng,2026-05-06 10:03:01,116,116,45,88,,,,,51,31.6,,,
Depok,Cinere - Nafas,2026-05-06 10:02:49,115,115,46,82,,,,,51,31.2,,,
Bogor,Kabupaten Bogor Leuwiliang,2026-05-06 09:00:00,80,58,26,,4,9,0,80,,,,,
Tangerang,Tangerang Pasir Jaya,2026-05-06 09:00:00,65,63,32,,58,63,0,65,,,,,
Bekasi,Bekasi Kayuringin,2026-05-06 09:00:00,59,59,28,,63,13,0,2,,,,,
Jakarta,The Pakubuwono Menteng,2026-05-06 10:04:01,119,119,47,87,,,,,51,31.6,,,
Depok,Cinere - Nafas,2026-05-06 10:03:49,115,115,45,83,,,,,51,31.2,,,
Bogor,Kabupaten Bogor Leuwiliang,2026-05-06 09:00:00,80,58,26,,4,9,0,80,,,,,
Tangerang,Tangerang Pasir Jaya,2026-05-06 09:00:00,65,63,32,,58,63,0,65,,,,,
Bekasi,Bekasi Kayuringin,2026-05-06 09:00:00,59,59,28,,63,13,0,2,,,,,
Jakarta,The Pakubuwono Menteng,2026-05-06 10:05:01,115,115,45,87,,,,,51,31.7,,,
Depok,Cinere - Nafas,2026-05-06 10:04:50,125,125,51,89,,,,,51,31.2,,,
Bogor,Kabupaten Bogor Leuwiliang,2026-05-06 09:00:00,80,58,26,,4,9,0,80,,,,,
Tangerang,Tangerang Pasir Jaya,2026-05-06 09:00:00,65,63,32,,58,63,0,65,,,,,
Bekasi,Bekasi Kayuringin,2026-05-06 09:00:00,59,59,28,,63,13,0,2,,,,,
Jakarta,The Pakubuwono Menteng,2026-05-06 10:06:01,116,116,45,86,,,,,51,31.7,,,
Depok,Cinere - Nafas,2026-05-06 10:05:49,123,123,50,88,,,,,52,31.2,,,
Bogor,Kabupaten Bogor Leuwiliang,2026-05-06 09:00:00,80,58,26,,4,9,0,80,,,,,
Tangerang,Tangerang Pasir Jaya,2026-05-06 09:00:00,65,63,32,,58,63,0,65,,,,,
Bekasi,Bekasi Kayuringin,2026-05-06 09:00:00,59,59,28,,63,13,0,2,,,,,
Jakarta,The Pakubuwono Menteng,2026-05-06 10:07:01,110,110,42,84,,,,,51,31.7,,,
Depok,Cinere - Nafas,2026-05-06 10:06:49,122,122,49,88,,,,,52,31.2,,,
Bogor,Kabupaten Bogor Leuwiliang,2026-05-06 09:00:00,80,58,26,,4,9,0,80,,,,,
Tangerang,Tangerang Pasir Jaya,2026-05-06 09:00:00,65,63,32,,58,63,0,65,,,,,
Bekasi,Bekasi Kayuringin,2026-05-06 09:00:00,59,59,28,,63,13,0,2,,,,,
Jakarta,The Pakubuwono Menteng,2026-05-06 10:08:01,117,117,45,87,,,,,51,31.8,,,
Depok,Cinere - Nafas,2026-05-06 10:07:49,115,115,46,83,,,,,52,31.3,,,
Bogor,Kabupaten Bogor Leuwiliang,2026-05-06 09:00:00,80,58,26,,4,9,0,80,,,,,
Tangerang,Tangerang Pasir Jaya,2026-05-06 09:00:00,65,63,32,,58,63,0,65,,,,,
Bekasi,Bekasi Kayuringin,2026-05-06 09:00:00,59,59,28,,63,13,0,2,,,,,
Jakarta,The Pakubuwono Menteng,2026-05-06 10:10:01,114,114,45,84,,,,,51,31.8,,,
Depok,Cinere - Nafas,2026-05-06 10:09:49,115,115,45,83,,,,,52,31.3,,,
Bogor,Kabupaten Bogor Leuwiliang,2026-05-06 09:00:00,80,58,26,,4,9,0,80,,,,,
Tangerang,Tangerang Pasir Jaya,2026-05-06 09:00:00,65,63,32,,58,63,0,65,,,,,
Bekasi,Bekasi Kayuringin,2026-05-06 09:00:00,59,59,28,,63,13,0,2,,,,,
Jakarta,The Pakubuwono Menteng,2026-05-06 10:12:01,124,124,50,88,,,,,50,31.8,,,
Depok,Cinere - Nafas,2026-05-06 10:11:49,113,113,43,82,,,,,51,31.3,,,
Bogor,Kabupaten Bogor Leuwiliang,2026-05-06 09:00:00,80,58,26,,4,9,0,80,,,,,
Tangerang,Tangerang Pasir Jaya,2026-05-06 09:00:00,65,63,32,,58,63,0,65,,,,,
Bekasi,Bekasi Kayuringin,2026-05-06 09:00:00,59,59,28,,63,13,0,2,,,,,
Jakarta,The Pakubuwono Menteng,2026-05-06 10:13:01,124,124,50,93,,,,,51,31.9,,,
Depok,Cinere - Nafas,2026-05-06 10:12:49,109,109,42,82,,,,,51,31.4,,,
Bogor,Kabupaten Bogor Leuwiliang,2026-05-06 09:00:00,80,58,26,,4,9,0,80,,,,,
Tangerang,Tangerang Pasir Jaya,2026-05-06 09:00:00,65,63,32,,58,63,0,65,,,,,
Bekasi,Bekasi Kayuringin,2026-05-06 09:00:00,59,59,28,,63,13,0,2,,,,,
Jakarta,The Pakubuwono Menteng,2026-05-06 10:14:01,116,116,47,85,,,,,51,31.9,,,
Depok,Cinere - Nafas,2026-05-06 10:13:49,100,100,39,76,,,,,51,31.4,,,
Bogor,Kabupaten Bogor Leuwiliang,2026-05-06 09:00:00,80,58,26,,4,9,0,80,,,,,
Tangerang,Tangerang Pasir Jaya,2026-05-06 09:00:00,65,63,32,,58,63,0,65,,,,,
Bekasi,Bekasi Kayuringin,2026-05-06 09:00:00,59,59,28,,63,13,0,2,,,,,
Jakarta,The Pakubuwono Menteng,2026-05-06 10:15:01,118,118,46,87,,,,,51,31.9,,,
Depok,Cinere - Nafas,2026-05-06 10:14:49,94,94,34,74,,,,,50,31.4,,,
Bogor,Kabupaten Bogor Leuwiliang,2026-05-06 09:00:00,80,58,26,,4,9,0,80,,,,,
Tangerang,Tangerang Pasir Jaya,2026-05-06 09:00:00,65,63,32,,58,63,0,65,,,,,
Bekasi,Bekasi Kayuringin,2026-05-06 09:00:00,59,59,28,,63,13,0,2,,,,,
Jakarta,The Pakubuwono Menteng,2026-05-06 10:15:01,118,118,46,87,,,,,51,31.9,,,
Depok,Cinere - Nafas,2026-05-06 10:14:49,94,94,34,74,,,,,50,31.4,,,
Bogor,Kabupaten Bogor Leuwiliang,2026-05-06 09:00:00,80,58,26,,4,9,0,80,,,,,
Tangerang,Tangerang Pasir Jaya,2026-05-06 09:00:00,65,63,32,,58,63,0,65,,,,,
Bekasi,Bekasi Kayuringin,2026-05-06 09:00:00,59,59,28,,63,13,0,2,,,,,
Jakarta,The Pakubuwono Menteng,2026-05-06 10:16:01,121,121,49,88,,,,,51,31.9,,,
Depok,Cinere - Nafas,2026-05-06 10:15:49,98,98,36,73,,,,,50,31.4,,,
Bogor,Kabupaten Bogor Leuwiliang,2026-05-06 09:00:00,80,58,26,,4,9,0,80,,,,,
Tangerang,Tangerang Pasir Jaya,2026-05-06 09:00:00,65,63,32,,58,63,0,65,,,,,
Bekasi,Bekasi Kayuringin,2026-05-06 09:00:00,59,59,28,,63,13,0,2,,,,,
Jakarta,The Pakubuwono Menteng,2026-05-06 10:19:01,120,120,48,87,,,,,50,32,,,
Depok,Cinere - Nafas,2026-05-06 10:18:49,100,100,38,76,,,,,50,31.5,,,
Bogor,Kabupaten Bogor Leuwiliang,2026-05-06 09:00:00,80,58,26,,4,9,0,80,,,,,
Tangerang,Tangerang Pasir Jaya,2026-05-06 09:00:00,65,63,32,,58,63,0,65,,,,,
Bekasi,Bekasi Kayuringin,2026-05-06 09:00:00,59,59,28,,63,13,0,2,,,,,
Jakarta,The Pakubuwono Menteng,2026-05-06 10:20:01,120,120,47,87,,,,,50,32,,,
Depok,Cinere - Nafas,2026-05-06 10:19:49,104,104,41,79,,,,,50,31.5,,,
Bogor,Kabupaten Bogor Leuwiliang,2026-05-06 09:00:00,80,58,26,,4,9,0,80,,,,,
Tangerang,Tangerang Pasir Jaya,2026-05-06 09:00:00,65,63,32,,58,63,0,65,,,,,
Bekasi,Bekasi Kayuringin,2026-05-06 09:00:00,59,59,28,,63,13,0,2,,,,,
Jakarta,The Pakubuwono Menteng,2026-05-06 10:21:02,113,113,43,83,,,,,50,32,,,
Depok,Cinere - Nafas,2026-05-06 10:20:49,105,105,42,76,,,,,51,31.6,,,
Bogor,Kabupaten Bogor Leuwiliang,2026-05-06 09:00:00,80,58,26,,4,9,0,80,,,,,
Tangerang,Tangerang Pasir Jaya,2026-05-06 09:00:00,65,63,32,,58,63,0,65,,,,,
Bekasi,Bekasi Kayuringin,2026-05-06 09:00:00,59,59,28,,63,13,0,2,,,,,
Jakarta,The Pakubuwono Menteng,2026-05-06 10:22:02,112,112,45,84,,,,,50,32,,,
Depok,Cinere - Nafas,2026-05-06 10:21:49,100,100,38,77,,,,,50,31.6,,,
Bogor,Kabupaten Bogor Leuwiliang,2026-05-06 09:00:00,80,58,26,,4,9,0,80,,,,,
Tangerang,Tangerang Pasir Jaya,2026-05-06 09:00:00,65,63,32,,58,63,0,65,,,,,
Bekasi,Bekasi Kayuringin,2026-05-06 09:00:00,59,59,28,,63,13,0,2,,,,,
Jakarta,The Pakubuwono Menteng,2026-05-06 10:23:02,116,116,45,86,,,,,50,32,,,
Depok,Cinere - Nafas,2026-05-06 10:22:49,98,98,36,75,,,,,49,31.6,,,
Bogor,Kabupaten Bogor Leuwiliang,2026-05-06 09:00:00,80,58,26,,4,9,0,80,,,,,
Tangerang,Tangerang Pasir Jaya,2026-05-06 09:00:00,65,63,32,,58,63,0,65,,,,,
Bekasi,Bekasi Kayuringin,2026-05-06 09:00:00,59,59,28,,63,13,0,2,,,,,
Jakarta,The Pakubuwono Menteng,2026-05-06 10:24:02,113,113,44,83,,,,,50,32,,,
Depok,Cinere - Nafas,2026-05-06 10:23:49,101,101,38,75,,,,,49,31.6,,,
Bogor,Kabupaten Bogor Leuwiliang,2026-05-06 09:00:00,80,58,26,,4,9,0,80,,,,,
Tangerang,Tangerang Pasir Jaya,2026-05-06 09:00:00,65,63,32,,58,63,0,65,,,,,
Bekasi,Bekasi Kayuringin,2026-05-06 09:00:00,59,59,28,,63,13,0,2,,,,,
Jakarta,The Pakubuwono Menteng,2026-05-06 10:25:01,107,107,42,82,,,,,50,32,,,
Depok,Cinere - Nafas,2026-05-06 10:24:49,98,98,35,76,,,,,50,31.6,,,
Bogor,Kabupaten Bogor Leuwiliang,2026-05-06 09:00:00,80,58,26,,4,9,0,80,,,,,
Tangerang,Tangerang Pasir Jaya,2026-05-06 09:00:00,65,63,32,,58,63,0,65,,,,,
Bekasi,Bekasi Kayuringin,2026-05-06 09:00:00,59,59,28,,63,13,0,2,,,,,
Jakarta,The Pakubuwono Menteng,2026-05-06 10:27:02,112,112,45,84,,,,,50,32,,,
Depok,Cinere - Nafas,2026-05-06 10:26:49,103,103,41,75,,,,,50,31.6,,,
Bogor,Kabupaten Bogor Leuwiliang,2026-05-06 09:00:00,80,58,26,,4,9,0,80,,,,,
Tangerang,Tangerang Pasir Jaya,2026-05-06 09:00:00,65,63,32,,58,63,0,65,,,,,
Bekasi,Bekasi Kayuringin,2026-05-06 09:00:00,59,59,28,,63,13,0,2,,,,,
Jakarta,The Pakubuwono Menteng,2026-05-06 10:28:02,115,115,45,85,,,,,50,32,,,
Depok,Cinere - Nafas,2026-05-06 10:27:49,98,98,36,76,,,,,50,31.7,,,
Bogor,Kabupaten Bogor Leuwiliang,2026-05-06 09:00:00,80,58,26,,4,9,0,80,,,,,
Tangerang,Tangerang Pasir Jaya,2026-05-06 09:00:00,65,63,32,,58,63,0,65,,,,,
Bekasi,Bekasi Kayuringin,2026-05-06 09:00:00,59,59,28,,63,13,0,2,,,,,
Jakarta,The Pakubuwono Menteng,2026-05-06 10:30:02,114,114,44,84,,,,,50,32,,,
Depok,Cinere - Nafas,2026-05-06 10:29:49,136,136,53,96,,,,,50,31.7,,,
Bogor,Kabupaten Bogor Leuwiliang,2026-05-06 09:00:00,80,58,26,,4,9,0,80,,,,,
Tangerang,Tangerang Pasir Jaya,2026-05-06 09:00:00,65,63,32,,58,63,0,65,,,,,
Bekasi,Bekasi Kayuringin,2026-05-06 09:00:00,59,59,28,,63,13,0,2,,,,,
Jakarta,The Pakubuwono Menteng,2026-05-06 10:30:02,114,114,44,84,,,,,50,32,,,
Depok,Cinere - Nafas,2026-05-06 10:29:49,136,136,53,96,,,,,50,31.7,,,
Bogor,Kabupaten Bogor Leuwiliang,2026-05-06 09:00:00,80,58,26,,4,9,0,80,,,,,
Tangerang,Tangerang Pasir Jaya,2026-05-06 09:00:00,65,63,32,,58,63,0,65,,,,,
Bekasi,Bekasi Kayuringin,2026-05-06 09:00:00,59,59,28,,63,13,0,2,,,,,
Jakarta,The Pakubuwono Menteng,2026-05-06 10:31:02,113,113,44,84,,,,,50,32,,,
Depok,Cinere - Nafas,2026-05-06 10:30:49,141,141,55,97,,,,,49,31.8,,,
Bogor,Kabupaten Bogor Leuwiliang,2026-05-06 09:00:00,80,58,26,,4,9,0,80,,,,,
Tangerang,Tangerang Pasir Jaya,2026-05-06 09:00:00,65,63,32,,58,63,0,65,,,,,
Bekasi,Bekasi Kayuringin,2026-05-06 09:00:00,59,59,28,,63,13,0,2,,,,,
Jakarta,The Pakubuwono Menteng,2026-05-06 10:32:02,113,113,43,84,,,,,50,32,,,
Depok,Cinere - Nafas,2026-05-06 10:31:49,164,164,67,152,,,,,49,31.8,,,
Bogor,Kabupaten Bogor Leuwiliang,2026-05-06 09:00:00,80,58,26,,4,9,0,80,,,,,
Tangerang,Tangerang Pasir Jaya,2026-05-06 09:00:00,65,63,32,,58,63,0,65,,,,,
Bekasi,Bekasi Kayuringin,2026-05-06 09:00:00,59,59,28,,63,13,0,2,,,,,
Jakarta,The Pakubuwono Menteng,2026-05-06 10:34:02,106,106,40,81,,,,,50,32.09,,,
Depok,Cinere - Nafas,2026-05-06 10:33:49,133,133,53,95,,,,,49,31.8,,,
Bogor,Kabupaten Bogor Leuwiliang,2026-05-06 09:00:00,80,58,26,,4,9,0,80,,,,,
Tangerang,Tangerang Pasir Jaya,2026-05-06 09:00:00,65,63,32,,58,63,0,65,,,,,
Bekasi,Bekasi Kayuringin,2026-05-06 09:00:00,59,59,28,,63,13,0,2,,,,,
Jakarta,The Pakubuwono Menteng,2026-05-06 10:35:02,103,103,41,78,,,,,51,32.09,,,
Depok,Cinere - Nafas,2026-05-06 10:34:49,198,198,99,174,,,,,49,31.9,,,
Bogor,Kabupaten Bogor Leuwiliang,2026-05-06 09:00:00,80,58,26,,4,9,0,80,,,,,
Tangerang,Tangerang Pasir Jaya,2026-05-06 09:00:00,65,63,32,,58,63,0,65,,,,,
Bekasi,Bekasi Kayuringin,2026-05-06 09:00:00,59,59,28,,63,13,0,2,,,,,
Jakarta,The Pakubuwono Menteng,2026-05-06 10:36:02,111,111,42,83,,,,,50,32.09,,,
Depok,Cinere - Nafas,2026-05-06 10:35:50,193,193,95,172,,,,,49,31.9,,,
Bogor,Kabupaten Bogor Leuwiliang,2026-05-06 09:00:00,80,58,26,,4,9,0,80,,,,,
Tangerang,Tangerang Pasir Jaya,2026-05-06 09:00:00,65,63,32,,58,63,0,65,,,,,
Bekasi,Bekasi Kayuringin,2026-05-06 09:00:00,59,59,28,,63,13,0,2,,,,,
Jakarta,The Pakubuwono Menteng,2026-05-06 10:38:02,101,101,38,80,,,,,49,32.2,,,
Depok,Cinere - Nafas,2026-05-06 10:37:50,187,187,89,167,,,,,49,32,,,
Bogor,Kabupaten Bogor Leuwiliang,2026-05-06 09:00:00,80,58,26,,4,9,0,80,,,,,
Tangerang,Tangerang Pasir Jaya,2026-05-06 09:00:00,65,63,32,,58,63,0,65,,,,,
Bekasi,Bekasi Kayuringin,2026-05-06 09:00:00,59,59,28,,63,13,0,2,,,,,
Jakarta,The Pakubuwono Menteng,2026-05-06 10:39:02,94,94,34,74,,,,,49,32.2,,,
Depok,Cinere - Nafas,2026-05-06 10:38:50,194,194,96,173,,,,,49,32,,,
Bogor,Kabupaten Bogor Leuwiliang,2026-05-06 09:00:00,80,58,26,,4,9,0,80,,,,,
Tangerang,Tangerang Pasir Jaya,2026-05-06 09:00:00,65,63,32,,58,63,0,65,,,,,
Bekasi,Bekasi Kayuringin,2026-05-06 09:00:00,59,59,28,,63,13,0,2,,,,,
Jakarta,The Pakubuwono Menteng,2026-05-06 10:40:02,95,95,34,74,,,,,50,32.2,,,
Depok,Cinere - Nafas,2026-05-06 10:39:50,155,155,59,127,,,,,49,32.09,,,
Bogor,Kabupaten Bogor Leuwiliang,2026-05-06 09:00:00,80,58,26,,4,9,0,80,,,,,
Tangerang,Tangerang Pasir Jaya,2026-05-06 09:00:00,65,63,32,,58,63,0,65,,,,,
Bekasi,Bekasi Kayuringin,2026-05-06 09:00:00,59,59,28,,63,13,0,2,,,,,
Jakarta,The Pakubuwono Menteng,2026-05-06 10:41:02,98,98,37,78,,,,,49,32.2,,,
Depok,Cinere - Nafas,2026-05-06 10:40:50,145,145,56,107,,,,,49,32.09,,,
Bogor,Kabupaten Bogor Leuwiliang,2026-05-06 09:00:00,80,58,26,,4,9,0,80,,,,,
Tangerang,Tangerang Pasir Jaya,2026-05-06 09:00:00,65,63,32,,58,63,0,65,,,,,
Bekasi,Bekasi Kayuringin,2026-05-06 09:00:00,59,59,28,,63,13,0,2,,,,,
Jakarta,The Pakubuwono Menteng,2026-05-06 10:43:02,96,96,35,74,,,,,49,32.3,,,
Depok,Cinere - Nafas,2026-05-06 10:42:50,160,160,62,151,,,,,49,32.2,,,
Bogor,Kabupaten Bogor Leuwiliang,2026-05-06 09:00:00,80,58,26,,4,9,0,80,,,,,
Tangerang,Tangerang Pasir Jaya,2026-05-06 09:00:00,65,63,32,,58,63,0,65,,,,,
Bekasi,Bekasi Kayuringin,2026-05-06 09:00:00,59,59,28,,63,13,0,2,,,,,
Jakarta,The Pakubuwono Menteng,2026-05-06 10:44:02,101,101,39,76,,,,,50,32.3,,,
Depok,Cinere - Nafas,2026-05-06 10:43:50,248,248,124,199,,,,,49,32.3,,,
Bogor,Kabupaten Bogor Leuwiliang,2026-05-06 09:00:00,80,58,26,,4,9,0,80,,,,,
Tangerang,Tangerang Pasir Jaya,2026-05-06 09:00:00,65,63,32,,58,63,0,65,,,,,
Bekasi,Bekasi Kayuringin,2026-05-06 09:00:00,59,59,28,,63,13,0,2,,,,,
Jakarta,The Pakubuwono Menteng,2026-05-06 10:44:02,101,101,39,76,,,,,50,32.3,,,
Depok,Cinere - Nafas,2026-05-06 10:43:50,248,248,124,199,,,,,49,32.3,,,
Bogor,Kabupaten Bogor Leuwiliang,2026-05-06 09:00:00,80,58,26,,4,9,0,80,,,,,
Tangerang,Tangerang Pasir Jaya,2026-05-06 09:00:00,65,63,32,,58,63,0,65,,,,,
Bekasi,Bekasi Kayuringin,2026-05-06 09:00:00,59,59,28,,63,13,0,2,,,,,
Jakarta,The Pakubuwono Menteng,2026-05-06 10:45:02,101,101,38,80,,,,,50,32.3,,,
Depok,Cinere - Nafas,2026-05-06 10:45:50,166,166,66,155,,,,,48,32.4,,,
Bogor,Kabupaten Bogor Leuwiliang,2026-05-06 09:00:00,80,58,26,,4,9,0,80,,,,,
Tangerang,Tangerang Pasir Jaya,2026-05-06 09:00:00,65,63,32,,58,63,0,65,,,,,
Bekasi,Bekasi Kayuringin,2026-05-06 09:00:00,59,59,28,,63,13,0,2,,,,,
Jakarta,The Pakubuwono Menteng,2026-05-06 10:47:02,97,97,35,77,,,,,50,32.3,,,
Depok,Cinere - Nafas,2026-05-06 10:46:50,191,191,92,177,,,,,49,32.5,,,
Bogor,Kabupaten Bogor Leuwiliang,2026-05-06 09:00:00,80,58,26,,4,9,0,80,,,,,
Tangerang,Tangerang Pasir Jaya,2026-05-06 09:00:00,65,63,32,,58,63,0,65,,,,,
Bekasi,Bekasi Kayuringin,2026-05-06 09:00:00,59,59,28,,63,13,0,2,,,,,
Jakarta,The Pakubuwono Menteng,2026-05-06 10:48:02,93,93,32,73,,,,,49,32.3,,,
Depok,Cinere - Nafas,2026-05-06 10:47:50,184,184,85,170,,,,,48,32.5,,,
Bogor,Kabupaten Bogor Leuwiliang,2026-05-06 09:00:00,80,58,26,,4,9,0,80,,,,,
Tangerang,Tangerang Pasir Jaya,2026-05-06 09:00:00,65,63,32,,58,63,0,65,,,,,
Bekasi,Bekasi Kayuringin,2026-05-06 09:00:00,59,59,28,,63,13,0,2,,,,,
Jakarta,The Pakubuwono Menteng,2026-05-06 10:50:02,95,95,37,74,,,,,49,32.4,,,
Depok,Cinere - Nafas,2026-05-06 10:50:19,181,181,81,166,,,,,47,32.59,,,
Bogor,Kabupaten Bogor Leuwiliang,2026-05-06 09:00:00,80,58,26,,4,9,0,80,,,,,
Tangerang,Tangerang Pasir Jaya,2026-05-06 09:00:00,65,63,32,,58,63,0,65,,,,,
Bekasi,Bekasi Kayuringin,2026-05-06 09:00:00,59,59,28,,63,13,0,2,,,,,
Jakarta,The Pakubuwono Menteng,2026-05-06 10:51:02,94,94,33,72,,,,,49,32.5,,,
Depok,Cinere - Nafas,2026-05-06 10:51:19,196,196,96,180,,,,,48,32.7,,,
Bogor,Kabupaten Bogor Leuwiliang,2026-05-06 09:00:00,80,58,26,,4,9,0,80,,,,,
Tangerang,Tangerang Pasir Jaya,2026-05-06 09:00:00,65,63,32,,58,63,0,65,,,,,
Bekasi,Bekasi Kayuringin,2026-05-06 09:00:00,59,59,28,,63,13,0,2,,,,,
Jakarta,The Pakubuwono Menteng,2026-05-06 10:52:02,97,97,36,74,,,,,50,32.5,,,
Depok,Cinere - Nafas,2026-05-06 10:52:19,171,171,71,160,,,,,47,32.8,,,
Bogor,Kabupaten Bogor Leuwiliang,2026-05-06 09:00:00,80,58,26,,4,9,0,80,,,,,
Tangerang,Tangerang Pasir Jaya,2026-05-06 09:00:00,65,63,32,,58,63,0,65,,,,,
Bekasi,Bekasi Kayuringin,2026-05-06 09:00:00,59,59,28,,63,13,0,2,,,,,
Jakarta,The Pakubuwono Menteng,2026-05-06 10:53:02,99,99,37,77,,,,,49,32.5,,,
Depok,Cinere - Nafas,2026-05-06 10:53:19,152,152,57,120,,,,,46,32.8,,,
Bogor,Kabupaten Bogor Leuwiliang,2026-05-06 09:00:00,80,58,26,,4,9,0,80,,,,,
Tangerang,Tangerang Pasir Jaya,2026-05-06 09:00:00,65,63,32,,58,63,0,65,,,,,
Bekasi,Bekasi Kayuringin,2026-05-06 09:00:00,59,59,28,,63,13,0,2,,,,,
Jakarta,The Pakubuwono Menteng,2026-05-06 10:54:02,98,98,35,73,,,,,49,32.5,,,
Depok,Cinere - Nafas,2026-05-06 10:54:19,131,131,52,94,,,,,46,32.8,,,
Bogor,Kabupaten Bogor Leuwiliang,2026-05-06 09:00:00,80,58,26,,4,9,0,80,,,,,
Tangerang,Tangerang Pasir Jaya,2026-05-06 09:00:00,65,63,32,,58,63,0,65,,,,,
Bekasi,Bekasi Kayuringin,2026-05-06 09:00:00,59,59,28,,63,13,0,2,,,,,
Jakarta,The Pakubuwono Menteng,2026-05-06 10:56:02,102,102,37,79,,,,,49,32.59,,,
Depok,Cinere - Nafas,2026-05-06 10:56:19,160,160,62,150,,,,,47,32.8,,,
Bogor,Kabupaten Bogor Leuwiliang,2026-05-06 09:00:00,80,58,26,,4,9,0,80,,,,,
Tangerang,Tangerang Pasir Jaya,2026-05-06 09:00:00,65,63,32,,58,63,0,65,,,,,
Bekasi,Bekasi Kayuringin,2026-05-06 09:00:00,59,59,28,,63,13,0,2,,,,,
Jakarta,The Pakubuwono Menteng,2026-05-06 10:58:02,104,104,41,81,,,,,49,32.59,,,
Depok,Cinere - Nafas,2026-05-06 10:58:19,224,224,113,189,,,,,47,32.9,,,
Bogor,Kabupaten Bogor Leuwiliang,2026-05-06 09:00:00,80,58,26,,4,9,0,80,,,,,
Tangerang,Tangerang Pasir Jaya,2026-05-06 09:00:00,65,63,32,,58,63,0,65,,,,,
Bekasi,Bekasi Kayuringin,2026-05-06 09:00:00,59,59,28,,63,13,0,2,,,,,
Jakarta,The Pakubuwono Menteng,2026-05-06 10:59:02,104,104,39,81,,,,,49,32.59,,,
Depok,Cinere - Nafas,2026-05-06 10:59:19,249,249,126,196,,,,,47,33,,,
Bogor,Kabupaten Bogor Leuwiliang,2026-05-06 09:00:00,80,58,26,,4,9,0,80,,,,,
Tangerang,Tangerang Pasir Jaya,2026-05-06 09:00:00,65,63,32,,58,63,0,65,,,,,
Bekasi,Bekasi Kayuringin,2026-05-06 09:00:00,59,59,28,,63,13,0,2,,,,,
Jakarta,The Pakubuwono Menteng,2026-05-06 11:00:03,103,103,41,79,,,,,49,32.7,,,
Depok,Cinere - Nafas,2026-05-06 11:00:19,197,197,99,177,,,,,47,33.09,,,
Bogor,Kabupaten Bogor Leuwiliang,2026-05-06 09:00:00,80,58,26,,4,9,0,80,,,,,
Tangerang,Tangerang Pasir Jaya,2026-05-06 09:00:00,65,63,32,,58,63,0,65,,,,,
Bekasi,Bekasi Kayuringin,2026-05-06 09:00:00,59,59,28,,63,13,0,2,,,,,
Jakarta,The Pakubuwono Menteng,2026-05-06 11:00:03,103,103,41,79,,,,,49,32.7,,,
Depok,Cinere - Nafas,2026-05-06 11:00:19,197,197,99,177,,,,,47,33.09,,,
Bogor,Kabupaten Bogor Leuwiliang,2026-05-06 09:00:00,80,58,26,,4,9,0,80,,,,,
Tangerang,Tangerang Pasir Jaya,2026-05-06 09:00:00,65,63,32,,58,63,0,65,,,,,
Bekasi,Bekasi Kayuringin,2026-05-06 09:00:00,59,59,28,,63,13,0,2,,,,,
Jakarta,The Pakubuwono Menteng,2026-05-06 11:01:02,107,107,41,80,,,,,49,32.7,,,
Depok,Cinere - Nafas,2026-05-06 11:01:19,142,142,55,102,,,,,47,33.09,,,
Bogor,Kabupaten Bogor Leuwiliang,2026-05-06 09:00:00,80,58,26,,4,9,0,80,,,,,
Tangerang,Tangerang Pasir Jaya,2026-05-06 09:00:00,65,63,32,,58,63,0,65,,,,,
Bekasi,Bekasi Kayuringin,2026-05-06 09:00:00,59,59,28,,63,13,0,2,,,,,
Jakarta,The Pakubuwono Menteng,2026-05-06 11:02:03,99,99,37,78,,,,,49,32.7,,,
Depok,Cinere - Nafas,2026-05-06 11:02:19,120,120,49,88,,,,,47,33.2,,,
Bogor,Kabupaten Bogor Leuwiliang,2026-05-06 09:00:00,80,58,26,,4,9,0,80,,,,,
Tangerang,Tangerang Pasir Jaya,2026-05-06 09:00:00,65,63,32,,58,63,0,65,,,,,
Bekasi,Bekasi Kayuringin,2026-05-06 09:00:00,59,59,28,,63,13,0,2,,,,,
Jakarta,The Pakubuwono Menteng,2026-05-06 11:03:02,92,92,32,73,,,,,49,32.7,,,
Depok,Cinere - Nafas,2026-05-06 11:03:19,139,139,54,99,,,,,46,33.3,,,
Bogor,Kabupaten Bogor Leuwiliang,2026-05-06 09:00:00,80,58,26,,4,9,0,80,,,,,
Tangerang,Tangerang Pasir Jaya,2026-05-06 09:00:00,65,63,32,,58,63,0,65,,,,,
Bekasi,Bekasi Kayuringin,2026-05-06 09:00:00,59,59,28,,63,13,0,2,,,,,
Jakarta,The Pakubuwono Menteng,2026-05-06 11:05:03,108,108,41,79,,,,,49,32.7,,,
Depok,Cinere - Nafas,2026-05-06 11:05:19,109,109,42,83,,,,,46,33.5,,,
Bogor,Kabupaten Bogor Leuwiliang,2026-05-06 09:00:00,80,58,26,,4,9,0,80,,,,,
Tangerang,Tangerang Pasir Jaya,2026-05-06 09:00:00,65,63,32,,58,63,0,65,,,,,
Bekasi,Bekasi Kayuringin,2026-05-06 09:00:00,59,59,28,,63,13,0,2,,,,,
Jakarta,The Pakubuwono Menteng,2026-05-06 11:07:02,103,103,40,80,,,,,48,32.8,,,
Depok,Cinere - Nafas,2026-05-06 11:07:19,113,113,43,85,,,,,46,33.5,,,
Bogor,Kabupaten Bogor Leuwiliang,2026-05-06 09:00:00,80,58,26,,4,9,0,80,,,,,
Tangerang,Tangerang Pasir Jaya,2026-05-06 09:00:00,65,63,32,,58,63,0,65,,,,,
Bekasi,Bekasi Kayuringin,2026-05-06 09:00:00,59,59,28,,63,13,0,2,,,,,
Jakarta,The Pakubuwono Menteng,2026-05-06 11:08:03,103,103,40,83,,,,,48,32.8,,,
Depok,Cinere - Nafas,2026-05-06 11:08:19,112,112,43,82,,,,,46,33.5,,,
Bogor,Kabupaten Bogor Leuwiliang,2026-05-06 09:00:00,80,58,26,,4,9,0,80,,,,,
Tangerang,Tangerang Pasir Jaya,2026-05-06 09:00:00,65,63,32,,58,63,0,65,,,,,
Bekasi,Bekasi Kayuringin,2026-05-06 09:00:00,59,59,28,,63,13,0,2,,,,,
Jakarta,The Pakubuwono Menteng,2026-05-06 11:09:03,102,102,41,80,,,,,48,32.8,,,
Depok,Cinere - Nafas,2026-05-06 11:09:19,110,110,42,83,,,,,45,33.5,,,
Bogor,Kabupaten Bogor Leuwiliang,2026-05-06 09:00:00,80,58,26,,4,9,0,80,,,,,
Tangerang,Tangerang Pasir Jaya,2026-05-06 09:00:00,65,63,32,,58,63,0,65,,,,,
Bekasi,Bekasi Kayuringin,2026-05-06 09:00:00,59,59,28,,63,13,0,2,,,,,
Jakarta,The Pakubuwono Menteng,2026-05-06 11:10:03,102,102,41,79,,,,,48,32.8,,,
Depok,Cinere - Nafas,2026-05-06 11:10:19,118,118,47,83,,,,,45,33.5,,,
Bogor,Kabupaten Bogor Leuwiliang,2026-05-06 09:00:00,80,58,26,,4,9,0,80,,,,,
Tangerang,Tangerang Pasir Jaya,2026-05-06 09:00:00,65,63,32,,58,63,0,65,,,,,
Bekasi,Bekasi Kayuringin,2026-05-06 09:00:00,59,59,28,,63,13,0,2,,,,,
Jakarta,The Pakubuwono Menteng,2026-05-06 11:11:03,100,100,39,78,,,,,48,32.8,,,
Depok,Cinere - Nafas,2026-05-06 11:11:19,120,120,48,87,,,,,45,33.4,,,
Bogor,Kabupaten Bogor Leuwiliang,2026-05-06 09:00:00,80,58,26,,4,9,0,80,,,,,
Tangerang,Tangerang Pasir Jaya,2026-05-06 09:00:00,65,63,32,,58,63,0,65,,,,,
Bekasi,Bekasi Kayuringin,2026-05-06 09:00:00,59,59,28,,63,13,0,2,,,,,
Jakarta,The Pakubuwono Menteng,2026-05-06 11:13:03,102,102,39,83,,,,,48,32.8,,,
Depok,Cinere - Nafas,2026-05-06 11:13:19,129,129,51,90,,,,,45,33.4,,,
Bogor,Kabupaten Bogor Leuwiliang,2026-05-06 09:00:00,80,58,26,,4,9,0,80,,,,,
Tangerang,Tangerang Pasir Jaya,2026-05-06 09:00:00,65,63,32,,58,63,0,65,,,,,
Bekasi,Bekasi Kayuringin,2026-05-06 09:00:00,59,59,28,,63,13,0,2,,,,,
Jakarta,The Pakubuwono Menteng,2026-05-06 11:14:03,102,102,38,77,,,,,48,32.7,,,
Depok,Cinere - Nafas,2026-05-06 11:14:19,118,118,48,85,,,,,45,33.3,,,
Bogor,Kabupaten Bogor Leuwiliang,2026-05-06 09:00:00,80,58,26,,4,9,0,80,,,,,
Tangerang,Tangerang Pasir Jaya,2026-05-06 09:00:00,65,63,32,,58,63,0,65,,,,,
Bekasi,Bekasi Kayuringin,2026-05-06 09:00:00,59,59,28,,63,13,0,2,,,,,
Jakarta,The Pakubuwono Menteng,2026-05-06 11:14:03,102,102,38,77,,,,,48,32.7,,,
Depok,Cinere - Nafas,2026-05-06 11:15:44,112,112,44,82,,,,,45,33.2,,,
Bogor,Kabupaten Bogor Leuwiliang,2026-05-06 09:00:00,80,58,26,,4,9,0,80,,,,,
Tangerang,Tangerang Pasir Jaya,2026-05-06 09:00:00,65,63,32,,58,63,0,65,,,,,
Bekasi,Bekasi Kayuringin,2026-05-06 09:00:00,59,59,28,,63,13,0,2,,,,,
Jakarta,The Pakubuwono Menteng,2026-05-06 11:16:03,100,100,37,75,,,,,48,32.7,,,
Depok,Cinere - Nafas,2026-05-06 11:16:44,120,120,48,87,,,,,45,33.2,,,
Bogor,Kabupaten Bogor Leuwiliang,2026-05-06 09:00:00,80,58,26,,4,9,0,80,,,,,
Tangerang,Tangerang Pasir Jaya,2026-05-06 09:00:00,65,63,32,,58,63,0,65,,,,,
Bekasi,Bekasi Kayuringin,2026-05-06 09:00:00,59,59,28,,63,13,0,2,,,,,
Jakarta,The Pakubuwono Menteng,2026-05-06 11:17:03,99,99,40,77,,,,,48,32.7,,,
Depok,Cinere - Nafas,2026-05-06 11:17:44,121,121,50,86,,,,,45,33.2,,,
Bogor,Kabupaten Bogor Leuwiliang,2026-05-06 09:00:00,80,58,26,,4,9,0,80,,,,,
Tangerang,Tangerang Pasir Jaya,2026-05-06 09:00:00,65,63,32,,58,63,0,65,,,,,
Bekasi,Bekasi Kayuringin,2026-05-06 09:00:00,59,59,28,,63,13,0,2,,,,,
Jakarta,The Pakubuwono Menteng,2026-05-06 11:18:03,97,97,37,78,,,,,49,32.7,,,
Depok,Cinere - Nafas,2026-05-06 11:18:44,124,124,50,86,,,,,46,33.2,,,
Bogor,Kabupaten Bogor Leuwiliang,2026-05-06 09:00:00,80,58,26,,4,9,0,80,,,,,
Tangerang,Tangerang Pasir Jaya,2026-05-06 09:00:00,65,63,32,,58,63,0,65,,,,,
Bekasi,Bekasi Kayuringin,2026-05-06 09:00:00,59,59,28,,63,13,0,2,,,,,
Jakarta,The Pakubuwono Menteng,2026-05-06 11:20:03,102,102,38,78,,,,,48,32.7,,,
Depok,Cinere - Nafas,2026-05-06 11:20:44,137,137,54,95,,,,,46,33.2,,,
Bogor,Kabupaten Bogor Leuwiliang,2026-05-06 09:00:00,80,58,26,,4,9,0,80,,,,,
Tangerang,Tangerang Pasir Jaya,2026-05-06 09:00:00,65,63,32,,58,63,0,65,,,,,
Bekasi,Bekasi Kayuringin,2026-05-06 09:00:00,59,59,28,,63,13,0,2,,,,,
Jakarta,The Pakubuwono Menteng,2026-05-06 11:21:03,99,99,37,78,,,,,49,32.7,,,
Depok,Cinere - Nafas,2026-05-06 11:21:44,123,123,50,89,,,,,46,33.2,,,
Bogor,Kabupaten Bogor Leuwiliang,2026-05-06 09:00:00,80,58,26,,4,9,0,80,,,,,
Tangerang,Tangerang Pasir Jaya,2026-05-06 09:00:00,65,63,32,,58,63,0,65,,,,,
Bekasi,Bekasi Kayuringin,2026-05-06 09:00:00,59,59,28,,63,13,0,2,,,,,
Jakarta,The Pakubuwono Menteng,2026-05-06 11:22:03,104,104,39,77,,,,,49,32.7,,,
Depok,Cinere - Nafas,2026-05-06 11:21:44,123,123,50,89,,,,,46,33.2,,,
Bogor,Kabupaten Bogor Leuwiliang,2026-05-06 09:00:00,80,58,26,,4,9,0,80,,,,,
Tangerang,Tangerang Pasir Jaya,2026-05-06 09:00:00,65,63,32,,58,63,0,65,,,,,
Bekasi,Bekasi Kayuringin,2026-05-06 09:00:00,59,59,28,,63,13,0,2,,,,,
Jakarta,The Pakubuwono Menteng,2026-05-06 11:23:03,98,98,35,76,,,,,49,32.7,,,
Depok,Cinere - Nafas,2026-05-06 11:23:44,115,115,46,83,,,,,46,33.2,,,
Bogor,Kabupaten Bogor Leuwiliang,2026-05-06 09:00:00,80,58,26,,4,9,0,80,,,,,
Tangerang,Tangerang Pasir Jaya,2026-05-06 09:00:00,65,63,32,,58,63,0,65,,,,,
Bekasi,Bekasi Kayuringin,2026-05-06 09:00:00,59,59,28,,63,13,0,2,,,,,
Jakarta,The Pakubuwono Menteng,2026-05-06 11:25:03,99,99,37,78,,,,,48,32.8,,,
Depok,Cinere - Nafas,2026-05-06 11:25:44,114,114,44,82,,,,,46,33.3,,,
Bogor,Kabupaten Bogor Leuwiliang,2026-05-06 09:00:00,80,58,26,,4,9,0,80,,,,,
Tangerang,Tangerang Pasir Jaya,2026-05-06 09:00:00,65,63,32,,58,63,0,65,,,,,
Bekasi,Bekasi Kayuringin,2026-05-06 09:00:00,59,59,28,,63,13,0,2,,,,,
Jakarta,The Pakubuwono Menteng,2026-05-06 11:26:03,93,93,32,72,,,,,49,32.8,,,
Depok,Cinere - Nafas,2026-05-06 11:26:44,111,111,43,82,,,,,46,33.3,,,
Bogor,Kabupaten Bogor Leuwiliang,2026-05-06 09:00:00,80,58,26,,4,9,0,80,,,,,
Tangerang,Tangerang Pasir Jaya,2026-05-06 09:00:00,65,63,32,,58,63,0,65,,,,,
Bekasi,Bekasi Kayuringin,2026-05-06 09:00:00,59,59,28,,63,13,0,2,,,,,
Jakarta,The Pakubuwono Menteng,2026-05-06 11:27:03,101,101,38,79,,,,,48,32.9,,,
Depok,Cinere - Nafas,2026-05-06 11:27:44,111,111,43,81,,,,,46,33.4,,,
Bogor,Kabupaten Bogor Leuwiliang,2026-05-06 09:00:00,80,58,26,,4,9,0,80,,,,,
Tangerang,Tangerang Pasir Jaya,2026-05-06 09:00:00,65,63,32,,58,63,0,65,,,,,
Bekasi,Bekasi Kayuringin,2026-05-06 09:00:00,59,59,28,,63,13,0,2,,,,,
Jakarta,The Pakubuwono Menteng,2026-05-06 11:28:03,97,97,36,74,,,,,48,32.9,,,
Depok,Cinere - Nafas,2026-05-06 11:28:45,112,112,44,83,,,,,46,33.5,,,
Bogor,Kabupaten Bogor Leuwiliang,2026-05-06 09:00:00,80,58,26,,4,9,0,80,,,,,
Tangerang,Tangerang Pasir Jaya,2026-05-06 09:00:00,65,63,32,,58,63,0,65,,,,,
Bekasi,Bekasi Kayuringin,2026-05-06 09:00:00,59,59,28,,63,13,0,2,,,,,
Jakarta,The Pakubuwono Menteng,2026-05-06 11:30:04,103,103,41,79,,,,,48,33,,,
Depok,Cinere - Nafas,2026-05-06 11:30:44,112,112,44,82,,,,,46,33.59,,,
Bogor,Kabupaten Bogor Leuwiliang,2026-05-06 09:00:00,80,58,26,,4,9,0,80,,,,,
Tangerang,Tangerang Pasir Jaya,2026-05-06 09:00:00,65,63,32,,58,63,0,65,,,,,
Bekasi,Bekasi Kayuringin,2026-05-06 09:00:00,59,59,28,,63,13,0,2,,,,,
Jakarta,The Pakubuwono Menteng,2026-05-06 11:31:03,102,102,40,79,,,,,48,33.09,,,
Depok,Cinere - Nafas,2026-05-06 11:31:44,117,117,45,83,,,,,45,33.7,,,
Bogor,Kabupaten Bogor Leuwiliang,2026-05-06 09:00:00,80,58,26,,4,9,0,80,,,,,
Tangerang,Tangerang Pasir Jaya,2026-05-06 09:00:00,65,63,32,,58,63,0,65,,,,,
Bekasi,Bekasi Kayuringin,2026-05-06 09:00:00,59,59,28,,63,13,0,2,,,,,
Jakarta,The Pakubuwono Menteng,2026-05-06 11:32:03,108,108,42,79,,,,,48,33.09,,,
Depok,Cinere - Nafas,2026-05-06 11:32:44,118,118,47,86,,,,,45,33.8,,,
Bogor,Kabupaten Bogor Leuwiliang,2026-05-06 09:00:00,80,58,26,,4,9,0,80,,,,,
Tangerang,Tangerang Pasir Jaya,2026-05-06 09:00:00,65,63,32,,58,63,0,65,,,,,
Bekasi,Bekasi Kayuringin,2026-05-06 09:00:00,59,59,28,,63,13,0,2,,,,,
Jakarta,The Pakubuwono Menteng,2026-05-06 11:32:03,108,108,42,79,,,,,48,33.09,,,
Depok,Cinere - Nafas,2026-05-06 11:32:44,118,118,47,86,,,,,45,33.8,,,
Bogor,Kabupaten Bogor Leuwiliang,2026-05-06 09:00:00,80,58,26,,4,9,0,80,,,,,
Tangerang,Tangerang Pasir Jaya,2026-05-06 09:00:00,65,63,32,,58,63,0,65,,,,,
Bekasi,Bekasi Kayuringin,2026-05-06 09:00:00,59,59,28,,63,13,0,2,,,,,
Jakarta,The Pakubuwono Menteng,2026-05-06 11:33:03,107,107,42,80,,,,,47,33.09,,,
Depok,Cinere - Nafas,2026-05-06 11:34:45,121,121,48,87,,,,,45,34,,,
Bogor,Kabupaten Bogor Leuwiliang,2026-05-06 09:00:00,80,58,26,,4,9,0,80,,,,,
Tangerang,Tangerang Pasir Jaya,2026-05-06 09:00:00,65,63,32,,58,63,0,65,,,,,
Bekasi,Bekasi Kayuringin,2026-05-06 09:00:00,59,59,28,,63,13,0,2,,,,,
Jakarta,The Pakubuwono Menteng,2026-05-06 11:36:03,110,110,44,82,,,,,47,33.2,,,
Depok,Cinere - Nafas,2026-05-06 11:36:44,117,117,46,86,,,,,44,34.09,,,
Bogor,Kabupaten Bogor Leuwiliang,2026-05-06 09:00:00,80,58,26,,4,9,0,80,,,,,
Tangerang,Tangerang Pasir Jaya,2026-05-06 09:00:00,65,63,32,,58,63,0,65,,,,,
Bekasi,Bekasi Kayuringin,2026-05-06 09:00:00,59,59,28,,63,13,0,2,,,,,
Jakarta,The Pakubuwono Menteng,2026-05-06 11:37:03,110,110,43,83,,,,,46,33.2,,,
Depok,Cinere - Nafas,2026-05-06 11:37:45,118,118,46,86,,,,,44,34.2,,,
Bogor,Kabupaten Bogor Leuwiliang,2026-05-06 09:00:00,80,58,26,,4,9,0,80,,,,,
Tangerang,Tangerang Pasir Jaya,2026-05-06 09:00:00,65,63,32,,58,63,0,65,,,,,
Bekasi,Bekasi Kayuringin,2026-05-06 09:00:00,59,59,28,,63,13,0,2,,,,,
Jakarta,The Pakubuwono Menteng,2026-05-06 11:38:03,107,107,40,79,,,,,47,33.2,,,
Depok,Cinere - Nafas,2026-05-06 11:38:44,118,118,48,86,,,,,44,34.2,,,
Bogor,Kabupaten Bogor Leuwiliang,2026-05-06 09:00:00,80,58,26,,4,9,0,80,,,,,
Tangerang,Tangerang Pasir Jaya,2026-05-06 09:00:00,65,63,32,,58,63,0,65,,,,,
Bekasi,Bekasi Kayuringin,2026-05-06 09:00:00,59,59,28,,63,13,0,2,,,,,
Jakarta,The Pakubuwono Menteng,2026-05-06 11:39:03,104,104,41,83,,,,,47,33.2,,,
Depok,Cinere - Nafas,2026-05-06 11:39:44,115,115,44,87,,,,,44,34.3,,,
Bogor,Kabupaten Bogor Leuwiliang,2026-05-06 09:00:00,80,58,26,,4,9,0,80,,,,,
Tangerang,Tangerang Pasir Jaya,2026-05-06 09:00:00,65,63,32,,58,63,0,65,,,,,
Bekasi,Bekasi Kayuringin,2026-05-06 09:00:00,59,59,28,,63,13,0,2,,,,,
Jakarta,The Pakubuwono Menteng,2026-05-06 11:40:03,106,106,40,82,,,,,47,33.2,,,
Depok,Cinere - Nafas,2026-05-06 11:40:45,120,120,47,88,,,,,44,34.4,,,
Bogor,Kabupaten Bogor Leuwiliang,2026-05-06 09:00:00,80,58,26,,4,9,0,80,,,,,
Tangerang,Tangerang Pasir Jaya,2026-05-06 09:00:00,65,63,32,,58,63,0,65,,,,,
Bekasi,Bekasi Kayuringin,2026-05-06 09:00:00,59,59,28,,63,13,0,2,,,,,
Jakarta,The Pakubuwono Menteng,2026-05-06 11:41:03,108,108,40,81,,,,,47,33.2,,,
Depok,Cinere - Nafas,2026-05-06 11:41:45,120,120,48,85,,,,,44,34.5,,,
Bogor,Kabupaten Bogor Leuwiliang,2026-05-06 09:00:00,80,58,26,,4,9,0,80,,,,,
Tangerang,Tangerang Pasir Jaya,2026-05-06 09:00:00,65,63,32,,58,63,0,65,,,,,
Bekasi,Bekasi Kayuringin,2026-05-06 09:00:00,59,59,28,,63,13,0,2,,,,,
Jakarta,The Pakubuwono Menteng,2026-05-06 11:42:03,112,112,45,86,,,,,47,33.2,,,
Depok,Cinere - Nafas,2026-05-06 11:42:45,126,126,51,89,,,,,44,34.59,,,
Bogor,Kabupaten Bogor Leuwiliang,2026-05-06 09:00:00,80,58,26,,4,9,0,80,,,,,
Tangerang,Tangerang Pasir Jaya,2026-05-06 09:00:00,65,63,32,,58,63,0,65,,,,,
Bekasi,Bekasi Kayuringin,2026-05-06 09:00:00,59,59,28,,63,13,0,2,,,,,
Jakarta,The Pakubuwono Menteng,2026-05-06 11:45:04,110,110,42,83,,,,,47,33.3,,,
Depok,Cinere - Nafas,2026-05-06 11:45:45,131,131,52,94,,,,,44,34.7,,,
Bogor,Kabupaten Bogor Leuwiliang,2026-05-06 09:00:00,80,58,26,,4,9,0,80,,,,,
Tangerang,Tangerang Pasir Jaya,2026-05-06 09:00:00,65,63,32,,58,63,0,65,,,,,
Bekasi,Bekasi Kayuringin,2026-05-06 09:00:00,59,59,28,,63,13,0,2,,,,,
Jakarta,The Pakubuwono Menteng,2026-05-06 11:45:04,110,110,42,83,,,,,47,33.3,,,
Depok,Cinere - Nafas,2026-05-06 11:45:45,131,131,52,94,,,,,44,34.7,,,
Bogor,Kabupaten Bogor Leuwiliang,2026-05-06 09:00:00,80,58,26,,4,9,0,80,,,,,
Tangerang,Tangerang Pasir Jaya,2026-05-06 09:00:00,65,63,32,,58,63,0,65,,,,,
Bekasi,Bekasi Kayuringin,2026-05-06 09:00:00,59,59,28,,63,13,0,2,,,,,
Jakarta,The Pakubuwono Menteng,2026-05-06 11:46:03,120,120,47,88,,,,,47,33.3,,,
Depok,Cinere - Nafas,2026-05-06 11:46:45,131,131,52,92,,,,,44,34.7,,,
Bogor,Kabupaten Bogor Leuwiliang,2026-05-06 09:00:00,80,58,26,,4,9,0,80,,,,,
Tangerang,Tangerang Pasir Jaya,2026-05-06 09:00:00,65,63,32,,58,63,0,65,,,,,
Bekasi,Bekasi Kayuringin,2026-05-06 09:00:00,59,59,28,,63,13,0,2,,,,,
Jakarta,The Pakubuwono Menteng,2026-05-06 11:47:04,116,116,45,88,,,,,47,33.3,,,
Depok,Cinere - Nafas,2026-05-06 11:47:45,128,128,51,93,,,,,44,34.8,,,
Bogor,Kabupaten Bogor Leuwiliang,2026-05-06 09:00:00,80,58,26,,4,9,0,80,,,,,
Tangerang,Tangerang Pasir Jaya,2026-05-06 09:00:00,65,63,32,,58,63,0,65,,,,,
Bekasi,Bekasi Kayuringin,2026-05-06 09:00:00,59,59,28,,63,13,0,2,,,,,
Jakarta,The Pakubuwono Menteng,2026-05-06 11:48:03,126,126,50,92,,,,,47,33.3,,,
Depok,Cinere - Nafas,2026-05-06 11:48:45,131,131,52,93,,,,,44,34.8,,,
Bogor,Kabupaten Bogor Leuwiliang,2026-05-06 09:00:00,80,58,26,,4,9,0,80,,,,,
Tangerang,Tangerang Pasir Jaya,2026-05-06 09:00:00,65,63,32,,58,63,0,65,,,,,
Bekasi,Bekasi Kayuringin,2026-05-06 09:00:00,59,59,28,,63,13,0,2,,,,,
Jakarta,The Pakubuwono Menteng,2026-05-06 11:49:03,124,124,50,89,,,,,47,33.4,,,
Depok,Cinere - Nafas,2026-05-06 11:49:45,128,128,51,91,,,,,44,34.8,,,
Bogor,Kabupaten Bogor Leuwiliang,2026-05-06 09:00:00,80,58,26,,4,9,0,80,,,,,
Tangerang,Tangerang Pasir Jaya,2026-05-06 09:00:00,65,63,32,,58,63,0,65,,,,,
Bekasi,Bekasi Kayuringin,2026-05-06 09:00:00,59,59,28,,63,13,0,2,,,,,
Jakarta,The Pakubuwono Menteng,2026-05-06 11:50:04,117,117,47,88,,,,,48,33.4,,,
Depok,Cinere - Nafas,2026-05-06 11:50:45,126,126,51,89,,,,,44,34.8,,,
Bogor,Kabupaten Bogor Leuwiliang,2026-05-06 09:00:00,80,58,26,,4,9,0,80,,,,,
Tangerang,Tangerang Pasir Jaya,2026-05-06 09:00:00,65,63,32,,58,63,0,65,,,,,
Bekasi,Bekasi Kayuringin,2026-05-06 09:00:00,59,59,28,,63,13,0,2,,,,,
Jakarta,The Pakubuwono Menteng,2026-05-06 11:51:04,113,113,44,86,,,,,49,33.4,,,
Depok,Cinere - Nafas,2026-05-06 11:53:45,127,127,51,91,,,,,43,34.9,,,
Bogor,Kabupaten Bogor Leuwiliang,2026-05-06 09:00:00,80,58,26,,4,9,0,80,,,,,
Tangerang,Tangerang Pasir Jaya,2026-05-06 09:00:00,65,63,32,,58,63,0,65,,,,,
Bekasi,Bekasi Kayuringin,2026-05-06 09:00:00,59,59,28,,63,13,0,2,,,,,
Jakarta,The Pakubuwono Menteng,2026-05-06 11:54:04,122,122,48,89,,,,,48,33.5,,,
Depok,Cinere - Nafas,2026-05-06 11:54:45,128,128,51,89,,,,,43,34.9,,,
Bogor,Kabupaten Bogor Leuwiliang,2026-05-06 09:00:00,80,58,26,,4,9,0,80,,,,,
Tangerang,Tangerang Pasir Jaya,2026-05-06 09:00:00,65,63,32,,58,63,0,65,,,,,
Bekasi,Bekasi Kayuringin,2026-05-06 09:00:00,59,59,28,,63,13,0,2,,,,,
Jakarta,The Pakubuwono Menteng,2026-05-06 11:55:04,116,116,45,87,,,,,47,33.5,,,
Depok,Cinere - Nafas,2026-05-06 11:55:46,130,130,51,93,,,,,43,34.9,,,
Bogor,Kabupaten Bogor Leuwiliang,2026-05-06 09:00:00,80,58,26,,4,9,0,80,,,,,
Tangerang,Tangerang Pasir Jaya,2026-05-06 09:00:00,65,63,32,,58,63,0,65,,,,,
Bekasi,Bekasi Kayuringin,2026-05-06 09:00:00,59,59,28,,63,13,0,2,,,,,
Jakarta,The Pakubuwono Menteng,2026-05-06 11:56:04,110,110,44,84,,,,,48,33.59,,,
Depok,Cinere - Nafas,2026-05-06 11:56:45,128,128,51,92,,,,,43,35,,,
Bogor,Kabupaten Bogor Leuwiliang,2026-05-06 09:00:00,80,58,26,,4,9,0,80,,,,,
Tangerang,Tangerang Pasir Jaya,2026-05-06 09:00:00,65,63,32,,58,63,0,65,,,,,
Bekasi,Bekasi Kayuringin,2026-05-06 09:00:00,59,59,28,,63,13,0,2,,,,,
Jakarta,The Pakubuwono Menteng,2026-05-06 11:57:04,110,110,42,83,,,,,48,33.7,,,
Depok,Cinere - Nafas,2026-05-06 11:57:45,134,134,52,93,,,,,43,35,,,
Bogor,Kabupaten Bogor Leuwiliang,2026-05-06 09:00:00,80,58,26,,4,9,0,80,,,,,
Tangerang,Tangerang Pasir Jaya,2026-05-06 09:00:00,65,63,32,,58,63,0,65,,,,,
Bekasi,Bekasi Kayuringin,2026-05-06 09:00:00,59,59,28,,63,13,0,2,,,,,
Jakarta,The Pakubuwono Menteng,2026-05-06 11:58:04,118,118,47,87,,,,,48,33.8,,,
Depok,Cinere - Nafas,2026-05-06 11:58:45,136,136,53,94,,,,,44,35,,,
Bogor,Kabupaten Bogor Leuwiliang,2026-05-06 09:00:00,80,58,26,,4,9,0,80,,,,,
Tangerang,Tangerang Pasir Jaya,2026-05-06 09:00:00,65,63,32,,58,63,0,65,,,,,
Bekasi,Bekasi Kayuringin,2026-05-06 09:00:00,59,59,28,,63,13,0,2,,,,,
Jakarta,The Pakubuwono Menteng,2026-05-06 11:59:04,125,125,50,90,,,,,47,33.9,,,
Depok,Cinere - Nafas,2026-05-06 11:59:45,133,133,53,95,,,,,43,35.09,,,
Bogor,Kabupaten Bogor Leuwiliang,2026-05-06 09:00:00,80,58,26,,4,9,0,80,,,,,
Tangerang,Tangerang Pasir Jaya,2026-05-06 09:00:00,65,63,32,,58,63,0,65,,,,,
Bekasi,Bekasi Kayuringin,2026-05-06 09:00:00,59,59,28,,63,13,0,2,,,,,
Jakarta,The Pakubuwono Menteng,2026-05-06 12:01:04,125,125,51,91,,,,,46,34.09,,,
Depok,Cinere - Nafas,2026-05-06 12:01:46,131,131,52,93,,,,,43,35,,,
Bogor,Kabupaten Bogor Leuwiliang,2026-05-06 09:00:00,80,58,26,,4,9,0,80,,,,,
Tangerang,Tangerang Pasir Jaya,2026-05-06 09:00:00,65,63,32,,58,63,0,65,,,,,
Bekasi,Bekasi Kayuringin,2026-05-06 09:00:00,59,59,28,,63,13,0,2,,,,,
Jakarta,The Pakubuwono Menteng,2026-05-06 12:02:04,119,119,47,89,,,,,47,34.2,,,
Depok,Cinere - Nafas,2026-05-06 12:03:45,130,130,53,93,,,,,43,35,,,
Bogor,Kabupaten Bogor Leuwiliang,2026-05-06 09:00:00,80,58,26,,4,9,0,80,,,,,
Tangerang,Tangerang Pasir Jaya,2026-05-06 09:00:00,65,63,32,,58,63,0,65,,,,,
Bekasi,Bekasi Kayuringin,2026-05-06 09:00:00,59,59,28,,63,13,0,2,,,,,
Jakarta,The Pakubuwono Menteng,2026-05-06 12:04:04,116,116,45,87,,,,,47,34.4,,,
Depok,Cinere - Nafas,2026-05-06 12:04:46,138,138,54,96,,,,,43,35,,,
Bogor,Kabupaten Bogor Leuwiliang,2026-05-06 09:00:00,80,58,26,,4,9,0,80,,,,,
Tangerang,Tangerang Pasir Jaya,2026-05-06 09:00:00,65,63,32,,58,63,0,65,,,,,
Bekasi,Bekasi Kayuringin,2026-05-06 09:00:00,59,59,28,,63,13,0,2,,,,,
Jakarta,The Pakubuwono Menteng,2026-05-06 12:04:04,116,116,45,87,,,,,47,34.4,,,
Depok,Cinere - Nafas,2026-05-06 12:04:46,138,138,54,96,,,,,43,35,,,
Bogor,Kabupaten Bogor Leuwiliang,2026-05-06 09:00:00,80,58,26,,4,9,0,80,,,,,
Tangerang,Tangerang Pasir Jaya,2026-05-06 09:00:00,65,63,32,,58,63,0,65,,,,,
Bekasi,Bekasi Kayuringin,2026-05-06 09:00:00,59,59,28,,63,13,0,2,,,,,
Jakarta,The Pakubuwono Menteng,2026-05-06 12:05:04,115,115,45,86,,,,,46,34.5,,,
Depok,Cinere - Nafas,2026-05-06 12:05:45,136,136,54,96,,,,,43,35,,,
Bogor,Kabupaten Bogor Leuwiliang,2026-05-06 09:00:00,80,58,26,,4,9,0,80,,,,,
Tangerang,Tangerang Pasir Jaya,2026-05-06 09:00:00,65,63,32,,58,63,0,65,,,,,
Bekasi,Bekasi Kayuringin,2026-05-06 09:00:00,59,59,28,,63,13,0,2,,,,,
Jakarta,The Pakubuwono Menteng,2026-05-06 12:06:04,128,128,51,94,,,,,45,34.59,,,
Depok,Cinere - Nafas,2026-05-06 12:06:46,138,138,54,95,,,,,43,35,,,
Bogor,Kabupaten Bogor Leuwiliang,2026-05-06 09:00:00,80,58,26,,4,9,0,80,,,,,
Tangerang,Tangerang Pasir Jaya,2026-05-06 09:00:00,65,63,32,,58,63,0,65,,,,,
Bekasi,Bekasi Kayuringin,2026-05-06 09:00:00,59,59,28,,63,13,0,2,,,,,
Jakarta,The Pakubuwono Menteng,2026-05-06 12:08:04,129,129,52,95,,,,,44,34.7,,,
Depok,Cinere - Nafas,2026-05-06 12:08:45,137,137,53,96,,,,,43,35,,,
Bogor,Kabupaten Bogor Leuwiliang,2026-05-06 09:00:00,80,58,26,,4,9,0,80,,,,,
Tangerang,Tangerang Pasir Jaya,2026-05-06 09:00:00,65,63,32,,58,63,0,65,,,,,
Bekasi,Bekasi Kayuringin,2026-05-06 09:00:00,59,59,28,,63,13,0,2,,,,,
Jakarta,The Pakubuwono Menteng,2026-05-06 12:09:04,118,118,46,88,,,,,45,34.7,,,
Depok,Cinere - Nafas,2026-05-06 12:09:45,138,138,54,96,,,,,43,35,,,
Bogor,Kabupaten Bogor Leuwiliang,2026-05-06 09:00:00,80,58,26,,4,9,0,80,,,,,
Tangerang,Tangerang Pasir Jaya,2026-05-06 09:00:00,65,63,32,,58,63,0,65,,,,,
Bekasi,Bekasi Kayuringin,2026-05-06 09:00:00,59,59,28,,63,13,0,2,,,,,
Jakarta,The Pakubuwono Menteng,2026-05-06 12:10:04,117,117,45,89,,,,,46,34.8,,,
Depok,Cinere - Nafas,2026-05-06 12:10:46,136,136,53,97,,,,,44,34.9,,,
Bogor,Kabupaten Bogor Leuwiliang,2026-05-06 09:00:00,80,58,26,,4,9,0,80,,,,,
Tangerang,Tangerang Pasir Jaya,2026-05-06 09:00:00,65,63,32,,58,63,0,65,,,,,
Bekasi,Bekasi Kayuringin,2026-05-06 09:00:00,59,59,28,,63,13,0,2,,,,,
Jakarta,The Pakubuwono Menteng,2026-05-06 12:12:04,119,119,47,89,,,,,44,35,,,
Depok,Cinere - Nafas,2026-05-06 12:12:45,138,138,53,96,,,,,43,34.9,,,
Bogor,Kabupaten Bogor Leuwiliang,2026-05-06 09:00:00,80,58,26,,4,9,0,80,,,,,
Tangerang,Tangerang Pasir Jaya,2026-05-06 09:00:00,65,63,32,,58,63,0,65,,,,,
Bekasi,Bekasi Kayuringin,2026-05-06 09:00:00,59,59,28,,63,13,0,2,,,,,
Jakarta,The Pakubuwono Menteng,2026-05-06 12:13:04,114,114,46,87,,,,,44,35,,,
Depok,Cinere - Nafas,2026-05-06 12:13:45,135,135,53,96,,,,,43,35,,,
Bogor,Kabupaten Bogor Leuwiliang,2026-05-06 09:00:00,80,58,26,,4,9,0,80,,,,,
Tangerang,Tangerang Pasir Jaya,2026-05-06 09:00:00,65,63,32,,58,63,0,65,,,,,
Bekasi,Bekasi Kayuringin,2026-05-06 09:00:00,59,59,28,,63,13,0,2,,,,,
Jakarta,The Pakubuwono Menteng,2026-05-06 12:14:04,117,117,46,87,,,,,44,35.09,,,
Depok,Cinere - Nafas,2026-05-06 12:14:47,138,138,54,97,,,,,43,35,,,
Bogor,Kabupaten Bogor Leuwiliang,2026-05-06 09:00:00,80,58,26,,4,9,0,80,,,,,
Tangerang,Tangerang Pasir Jaya,2026-05-06 09:00:00,65,63,32,,58,63,0,65,,,,,
Bekasi,Bekasi Kayuringin,2026-05-06 09:00:00,59,59,28,,63,13,0,2,,,,,
Jakarta,The Pakubuwono Menteng,2026-05-06 12:15:04,117,117,45,87,,,,,43,35.2,,,
Depok,Cinere - Nafas,2026-05-06 12:14:47,138,138,54,97,,,,,43,35,,,
Bogor,Kabupaten Bogor Leuwiliang,2026-05-06 09:00:00,80,58,26,,4,9,0,80,,,,,
Tangerang,Tangerang Pasir Jaya,2026-05-06 09:00:00,65,63,32,,58,63,0,65,,,,,
Bekasi,Bekasi Kayuringin,2026-05-06 09:00:00,59,59,28,,63,13,0,2,,,,,
Jakarta,The Pakubuwono Menteng,2026-05-06 12:17:04,115,115,47,85,,,,,44,35.4,,,
Depok,Cinere - Nafas,2026-05-06 12:17:24,134,134,54,99,,,,,43,35.09,,,
Bogor,Kabupaten Bogor Leuwiliang,2026-05-06 09:00:00,80,58,26,,4,9,0,80,,,,,
Tangerang,Tangerang Pasir Jaya,2026-05-06 09:00:00,65,63,32,,58,63,0,65,,,,,
Bekasi,Bekasi Kayuringin,2026-05-06 09:00:00,59,59,28,,63,13,0,2,,,,,
Jakarta,The Pakubuwono Menteng,2026-05-06 12:18:04,113,113,43,84,,,,,44,35.5,,,
Depok,Cinere - Nafas,2026-05-06 12:18:24,136,136,53,95,,,,,43,35.09,,,
Bogor,Kabupaten Bogor Leuwiliang,2026-05-06 09:00:00,80,58,26,,4,9,0,80,,,,,
Tangerang,Tangerang Pasir Jaya,2026-05-06 09:00:00,65,63,32,,58,63,0,65,,,,,
Bekasi,Bekasi Kayuringin,2026-05-06 09:00:00,59,59,28,,63,13,0,2,,,,,
Jakarta,The Pakubuwono Menteng,2026-05-06 12:19:04,113,113,42,85,,,,,44,35.5,,,
Depok,Cinere - Nafas,2026-05-06 12:19:24,135,135,53,96,,,,,43,35.2,,,
Bogor,Kabupaten Bogor Leuwiliang,2026-05-06 09:00:00,80,58,26,,4,9,0,80,,,,,
Tangerang,Tangerang Pasir Jaya,2026-05-06 09:00:00,65,63,32,,58,63,0,65,,,,,
Bekasi,Bekasi Kayuringin,2026-05-06 09:00:00,59,59,28,,63,13,0,2,,,,,
Jakarta,The Pakubuwono Menteng,2026-05-06 12:19:04,113,113,42,85,,,,,44,35.5,,,
Depok,Cinere - Nafas,2026-05-06 12:19:24,135,135,53,96,,,,,43,35.2,,,
Bogor,Kabupaten Bogor Leuwiliang,2026-05-06 09:00:00,80,58,26,,4,9,0,80,,,,,
Tangerang,Tangerang Pasir Jaya,2026-05-06 09:00:00,65,63,32,,58,63,0,65,,,,,
Bekasi,Bekasi Kayuringin,2026-05-06 09:00:00,59,59,28,,63,13,0,2,,,,,
Jakarta,The Pakubuwono Menteng,2026-05-06 12:20:04,109,109,42,82,,,,,43,35.5,,,
Depok,Cinere - Nafas,2026-05-06 12:21:24,135,135,53,96,,,,,43,35.3,,,
Bogor,Kabupaten Bogor Leuwiliang,2026-05-06 09:00:00,80,58,26,,4,9,0,80,,,,,
Tangerang,Tangerang Pasir Jaya,2026-05-06 09:00:00,65,63,32,,58,63,0,65,,,,,
Bekasi,Bekasi Kayuringin,2026-05-06 09:00:00,59,59,28,,63,13,0,2,,,,,
Jakarta,The Pakubuwono Menteng,2026-05-06 12:22:04,110,110,43,85,,,,,44,35.7,,,
Depok,Cinere - Nafas,2026-05-06 12:22:24,136,136,54,95,,,,,43,35.4,,,
Bogor,Kabupaten Bogor Leuwiliang,2026-05-06 09:00:00,80,58,26,,4,9,0,80,,,,,
Tangerang,Tangerang Pasir Jaya,2026-05-06 09:00:00,65,63,32,,58,63,0,65,,,,,
Bekasi,Bekasi Kayuringin,2026-05-06 09:00:00,59,59,28,,63,13,0,2,,,,,
Jakarta,The Pakubuwono Menteng,2026-05-06 12:24:04,113,113,44,88,,,,,43,35.8,,,
Depok,Cinere - Nafas,2026-05-06 12:24:24,136,136,53,96,,,,,42,35.5,,,
Bogor,Kabupaten Bogor Leuwiliang,2026-05-06 09:00:00,80,58,26,,4,9,0,80,,,,,
Tangerang,Tangerang Pasir Jaya,2026-05-06 09:00:00,65,63,32,,58,63,0,65,,,,,
Bekasi,Bekasi Kayuringin,2026-05-06 09:00:00,59,59,28,,63,13,0,2,,,,,
Jakarta,The Pakubuwono Menteng,2026-05-06 12:25:04,108,108,42,83,,,,,43,35.8,,,
Depok,Cinere - Nafas,2026-05-06 12:25:24,134,134,53,95,,,,,42,35.5,,,
Bogor,Kabupaten Bogor Leuwiliang,2026-05-06 09:00:00,80,58,26,,4,9,0,80,,,,,
Tangerang,Tangerang Pasir Jaya,2026-05-06 09:00:00,65,63,32,,58,63,0,65,,,,,
Bekasi,Bekasi Kayuringin,2026-05-06 09:00:00,59,59,28,,63,13,0,2,,,,,
Jakarta,The Pakubuwono Menteng,2026-05-06 12:26:04,109,109,43,81,,,,,42,35.9,,,
Depok,Cinere - Nafas,2026-05-06 12:26:24,135,135,53,95,,,,,42,35.5,,,
Bogor,Kabupaten Bogor Leuwiliang,2026-05-06 09:00:00,80,58,26,,4,9,0,80,,,,,
Tangerang,Tangerang Pasir Jaya,2026-05-06 09:00:00,65,63,32,,58,63,0,65,,,,,
Bekasi,Bekasi Kayuringin,2026-05-06 09:00:00,59,59,28,,63,13,0,2,,,,,
Jakarta,The Pakubuwono Menteng,2026-05-06 12:27:04,113,113,44,84,,,,,42,35.9,,,
Depok,Cinere - Nafas,2026-05-06 12:27:24,137,137,54,98,,,,,42,35.59,,,
Bogor,Kabupaten Bogor Leuwiliang,2026-05-06 09:00:00,80,58,26,,4,9,0,80,,,,,
Tangerang,Tangerang Pasir Jaya,2026-05-06 09:00:00,65,63,32,,58,63,0,65,,,,,
Bekasi,Bekasi Kayuringin,2026-05-06 09:00:00,59,59,28,,63,13,0,2,,,,,
Jakarta,The Pakubuwono Menteng,2026-05-06 12:28:05,100,100,38,79,,,,,42,36,,,
Depok,Cinere - Nafas,2026-05-06 12:28:24,138,138,53,99,,,,,42,35.5,,,
Bogor,Kabupaten Bogor Leuwiliang,2026-05-06 09:00:00,80,58,26,,4,9,0,80,,,,,
Tangerang,Tangerang Pasir Jaya,2026-05-06 09:00:00,65,63,32,,58,63,0,65,,,,,
Bekasi,Bekasi Kayuringin,2026-05-06 09:00:00,59,59,28,,63,13,0,2,,,,,
Jakarta,The Pakubuwono Menteng,2026-05-06 12:29:04,97,97,36,76,,,,,42,36,,,
Depok,Cinere - Nafas,2026-05-06 12:29:24,136,136,53,95,,,,,42,35.59,,,
Bogor,Kabupaten Bogor Leuwiliang,2026-05-06 09:00:00,80,58,26,,4,9,0,80,,,,,
Tangerang,Tangerang Pasir Jaya,2026-05-06 09:00:00,65,63,32,,58,63,0,65,,,,,
Bekasi,Bekasi Kayuringin,2026-05-06 09:00:00,59,59,28,,63,13,0,2,,,,,
Jakarta,The Pakubuwono Menteng,2026-05-06 12:32:05,108,108,41,83,,,,,42,36,,,
Depok,Cinere - Nafas,2026-05-06 12:32:24,139,139,54,100,,,,,41,35.4,,,
Bogor,Kabupaten Bogor Leuwiliang,2026-05-06 09:00:00,80,58,26,,4,9,0,80,,,,,
Tangerang,Tangerang Pasir Jaya,2026-05-06 09:00:00,65,63,32,,58,63,0,65,,,,,
Bekasi,Bekasi Kayuringin,2026-05-06 09:00:00,59,59,28,,63,13,0,2,,,,,
Jakarta,The Pakubuwono Menteng,2026-05-06 12:33:05,111,111,42,83,,,,,41,36,,,
Depok,Cinere - Nafas,2026-05-06 12:33:24,136,136,53,97,,,,,42,35.4,,,
Bogor,Kabupaten Bogor Leuwiliang,2026-05-06 09:00:00,80,58,26,,4,9,0,80,,,,,
Tangerang,Tangerang Pasir Jaya,2026-05-06 09:00:00,65,63,32,,58,63,0,65,,,,,
Bekasi,Bekasi Kayuringin,2026-05-06 09:00:00,59,59,28,,63,13,0,2,,,,,
Jakarta,The Pakubuwono Menteng,2026-05-06 12:34:05,107,107,40,83,,,,,41,35.9,,,
Depok,Cinere - Nafas,2026-05-06 12:34:24,135,135,53,97,,,,,41,35.4,,,
Bogor,Kabupaten Bogor Leuwiliang,2026-05-06 09:00:00,80,58,26,,4,9,0,80,,,,,
Tangerang,Tangerang Pasir Jaya,2026-05-06 09:00:00,65,63,32,,58,63,0,65,,,,,
Bekasi,Bekasi Kayuringin,2026-05-06 09:00:00,59,59,28,,63,13,0,2,,,,,
Jakarta,The Pakubuwono Menteng,2026-05-06 12:34:05,107,107,40,83,,,,,41,35.9,,,
Depok,Cinere - Nafas,2026-05-06 12:34:24,135,135,53,97,,,,,41,35.4,,,
Bogor,Kabupaten Bogor Leuwiliang,2026-05-06 09:00:00,80,58,26,,4,9,0,80,,,,,
Tangerang,Tangerang Pasir Jaya,2026-05-06 09:00:00,65,63,32,,58,63,0,65,,,,,
Bekasi,Bekasi Kayuringin,2026-05-06 09:00:00,59,59,28,,63,13,0,2,,,,,
Jakarta,The Pakubuwono Menteng,2026-05-06 12:35:06,109,109,41,84,,,,,41,35.9,,,
Depok,Cinere - Nafas,2026-05-06 12:35:24,136,136,53,96,,,,,42,35.4,,,
Bogor,Kabupaten Bogor Leuwiliang,2026-05-06 09:00:00,80,58,26,,4,9,0,80,,,,,
Tangerang,Tangerang Pasir Jaya,2026-05-06 09:00:00,65,63,32,,58,63,0,65,,,,,
Bekasi,Bekasi Kayuringin,2026-05-06 09:00:00,59,59,28,,63,13,0,2,,,,,
Jakarta,The Pakubuwono Menteng,2026-05-06 12:36:05,110,110,42,84,,,,,42,35.9,,,
Depok,Cinere - Nafas,2026-05-06 12:36:24,134,134,53,93,,,,,42,35.4,,,
Bogor,Kabupaten Bogor Leuwiliang,2026-05-06 09:00:00,80,58,26,,4,9,0,80,,,,,
Tangerang,Tangerang Pasir Jaya,2026-05-06 09:00:00,65,63,32,,58,63,0,65,,,,,
Bekasi,Bekasi Kayuringin,2026-05-06 09:00:00,59,59,28,,63,13,0,2,,,,,
Jakarta,The Pakubuwono Menteng,2026-05-06 12:37:05,107,107,40,84,,,,,42,35.8,,,
Depok,Cinere - Nafas,2026-05-06 12:37:24,135,135,53,95,,,,,41,35.5,,,
Bogor,Kabupaten Bogor Leuwiliang,2026-05-06 09:00:00,80,58,26,,4,9,0,80,,,,,
Tangerang,Tangerang Pasir Jaya,2026-05-06 09:00:00,65,63,32,,58,63,0,65,,,,,
Bekasi,Bekasi Kayuringin,2026-05-06 09:00:00,59,59,28,,63,13,0,2,,,,,
Jakarta,The Pakubuwono Menteng,2026-05-06 12:39:05,116,116,45,86,,,,,42,35.9,,,
Depok,Cinere - Nafas,2026-05-06 12:39:24,140,140,54,97,,,,,41,35.59,,,
Bogor,Kabupaten Bogor Leuwiliang,2026-05-06 09:00:00,80,58,26,,4,9,0,80,,,,,
Tangerang,Tangerang Pasir Jaya,2026-05-06 09:00:00,65,63,32,,58,63,0,65,,,,,
Bekasi,Bekasi Kayuringin,2026-05-06 09:00:00,59,59,28,,63,13,0,2,,,,,
Jakarta,The Pakubuwono Menteng,2026-05-06 12:41:05,115,115,44,83,,,,,42,35.8,,,
Depok,Cinere - Nafas,2026-05-06 12:41:24,133,133,53,96,,,,,41,35.5,,,
Bogor,Kabupaten Bogor Leuwiliang,2026-05-06 09:00:00,80,58,26,,4,9,0,80,,,,,
Tangerang,Tangerang Pasir Jaya,2026-05-06 09:00:00,65,63,32,,58,63,0,65,,,,,
Bekasi,Bekasi Kayuringin,2026-05-06 09:00:00,59,59,28,,63,13,0,2,,,,,
Jakarta,The Pakubuwono Menteng,2026-05-06 12:42:05,114,114,44,84,,,,,42,35.8,,,
Depok,Cinere - Nafas,2026-05-06 12:42:24,139,139,54,98,,,,,41,35.5,,,
Bogor,Kabupaten Bogor Leuwiliang,2026-05-06 09:00:00,80,58,26,,4,9,0,80,,,,,
Tangerang,Tangerang Pasir Jaya,2026-05-06 09:00:00,65,63,32,,58,63,0,65,,,,,
Bekasi,Bekasi Kayuringin,2026-05-06 09:00:00,59,59,28,,63,13,0,2,,,,,
Jakarta,The Pakubuwono Menteng,2026-05-06 12:43:05,111,111,43,84,,,,,42,35.9,,,
Depok,Cinere - Nafas,2026-05-06 12:43:24,137,137,53,95,,,,,41,35.59,,,
Bogor,Kabupaten Bogor Leuwiliang,2026-05-06 09:00:00,80,58,26,,4,9,0,80,,,,,
Tangerang,Tangerang Pasir Jaya,2026-05-06 09:00:00,65,63,32,,58,63,0,65,,,,,
Bekasi,Bekasi Kayuringin,2026-05-06 09:00:00,59,59,28,,63,13,0,2,,,,,
Jakarta,The Pakubuwono Menteng,2026-05-06 12:44:05,113,113,44,86,,,,,43,35.8,,,
Depok,Cinere - Nafas,2026-05-06 12:44:24,136,136,54,96,,,,,40,35.59,,,
Bogor,Kabupaten Bogor Leuwiliang,2026-05-06 09:00:00,80,58,26,,4,9,0,80,,,,,
Tangerang,Tangerang Pasir Jaya,2026-05-06 09:00:00,65,63,32,,58,63,0,65,,,,,
Bekasi,Bekasi Kayuringin,2026-05-06 09:00:00,59,59,28,,63,13,0,2,,,,,
Jakarta,The Pakubuwono Menteng,2026-05-06 12:45:05,112,112,44,83,,,,,43,35.9,,,
Depok,Cinere - Nafas,2026-05-06 12:45:24,132,132,53,94,,,,,40,35.7,,,
Bogor,Kabupaten Bogor Leuwiliang,2026-05-06 09:00:00,80,58,26,,4,9,0,80,,,,,
Tangerang,Tangerang Pasir Jaya,2026-05-06 09:00:00,65,63,32,,58,63,0,65,,,,,
Bekasi,Bekasi Kayuringin,2026-05-06 09:00:00,59,59,28,,63,13,0,2,,,,,
Jakarta,The Pakubuwono Menteng,2026-05-06 12:46:05,112,112,43,85,,,,,42,35.9,,,
Depok,Cinere - Nafas,2026-05-06 12:46:24,136,136,53,94,,,,,39,35.7,,,
Bogor,Kabupaten Bogor Leuwiliang,2026-05-06 09:00:00,80,58,26,,4,9,0,80,,,,,
Tangerang,Tangerang Pasir Jaya,2026-05-06 09:00:00,65,63,32,,58,63,0,65,,,,,
Bekasi,Bekasi Kayuringin,2026-05-06 09:00:00,59,59,28,,63,13,0,2,,,,,
Jakarta,The Pakubuwono Menteng,2026-05-06 12:48:05,109,109,43,82,,,,,43,35.9,,,
Depok,Cinere - Nafas,2026-05-06 12:48:24,140,140,54,100,,,,,40,36,,,
Bogor,Kabupaten Bogor Leuwiliang,2026-05-06 09:00:00,80,58,26,,4,9,0,80,,,,,
Tangerang,Tangerang Pasir Jaya,2026-05-06 09:00:00,65,63,32,,58,63,0,65,,,,,
Bekasi,Bekasi Kayuringin,2026-05-06 09:00:00,59,59,28,,63,13,0,2,,,,,
Jakarta,The Pakubuwono Menteng,2026-05-06 12:49:05,110,110,42,83,,,,,43,36,,,
Depok,Cinere - Nafas,2026-05-06 12:50:24,138,138,54,98,,,,,40,36.2,,,
Bogor,Kabupaten Bogor Leuwiliang,2026-05-06 09:00:00,80,58,26,,4,9,0,80,,,,,
Tangerang,Tangerang Pasir Jaya,2026-05-06 09:00:00,65,63,32,,58,63,0,65,,,,,
Bekasi,Bekasi Kayuringin,2026-05-06 09:00:00,59,59,28,,63,13,0,2,,,,,
Jakarta,The Pakubuwono Menteng,2026-05-06 12:50:05,109,109,41,84,,,,,43,35.9,,,
Depok,Cinere - Nafas,2026-05-06 12:50:24,138,138,54,98,,,,,40,36.2,,,
Bogor,Kabupaten Bogor Leuwiliang,2026-05-06 09:00:00,80,58,26,,4,9,0,80,,,,,
Tangerang,Tangerang Pasir Jaya,2026-05-06 09:00:00,65,63,32,,58,63,0,65,,,,,
Bekasi,Bekasi Kayuringin,2026-05-06 09:00:00,59,59,28,,63,13,0,2,,,,,
Jakarta,The Pakubuwono Menteng,2026-05-06 12:51:05,103,103,39,80,,,,,43,35.9,,,
Depok,Cinere - Nafas,2026-05-06 12:51:24,142,142,55,103,,,,,40,36.3,,,
Bogor,Kabupaten Bogor Leuwiliang,2026-05-06 09:00:00,80,58,26,,4,9,0,80,,,,,
Tangerang,Tangerang Pasir Jaya,2026-05-06 09:00:00,65,63,32,,58,63,0,65,,,,,
Bekasi,Bekasi Kayuringin,2026-05-06 09:00:00,59,59,28,,63,13,0,2,,,,,
Jakarta,The Pakubuwono Menteng,2026-05-06 12:52:05,102,102,38,78,,,,,44,35.8,,,
Depok,Cinere - Nafas,2026-05-06 12:52:25,141,141,55,101,,,,,40,36.5,,,
Bogor,Kabupaten Bogor Leuwiliang,2026-05-06 09:00:00,80,58,26,,4,9,0,80,,,,,
Tangerang,Tangerang Pasir Jaya,2026-05-06 09:00:00,65,63,32,,58,63,0,65,,,,,
Bekasi,Bekasi Kayuringin,2026-05-06 09:00:00,59,59,28,,63,13,0,2,,,,,
Jakarta,The Pakubuwono Menteng,2026-05-06 12:53:05,103,103,38,80,,,,,44,35.8,,,
Depok,Cinere - Nafas,2026-05-06 12:53:25,141,141,54,98,,,,,39,36.7,,,
Bogor,Kabupaten Bogor Leuwiliang,2026-05-06 09:00:00,80,58,26,,4,9,0,80,,,,,
Tangerang,Tangerang Pasir Jaya,2026-05-06 09:00:00,65,63,32,,58,63,0,65,,,,,
Bekasi,Bekasi Kayuringin,2026-05-06 09:00:00,59,59,28,,63,13,0,2,,,,,
Jakarta,The Pakubuwono Menteng,2026-05-06 12:55:05,99,99,36,79,,,,,44,35.9,,,
Depok,Cinere - Nafas,2026-05-06 12:55:25,138,138,54,97,,,,,38,37,,,
Bogor,Kabupaten Bogor Leuwiliang,2026-05-06 09:00:00,80,58,26,,4,9,0,80,,,,,
Tangerang,Tangerang Pasir Jaya,2026-05-06 09:00:00,65,63,32,,58,63,0,65,,,,,
Bekasi,Bekasi Kayuringin,2026-05-06 09:00:00,59,59,28,,63,13,0,2,,,,,
Jakarta,The Pakubuwono Menteng,2026-05-06 12:56:05,103,103,40,80,,,,,44,36,,,
Depok,Cinere - Nafas,2026-05-06 12:56:26,138,138,53,97,,,,,38,37.3,,,
Bogor,Kabupaten Bogor Leuwiliang,2026-05-06 09:00:00,80,58,26,,4,9,0,80,,,,,
Tangerang,Tangerang Pasir Jaya,2026-05-06 09:00:00,65,63,32,,58,63,0,65,,,,,
Bekasi,Bekasi Kayuringin,2026-05-06 09:00:00,59,59,28,,63,13,0,2,,,,,
Jakarta,The Pakubuwono Menteng,2026-05-06 12:57:05,106,106,39,81,,,,,43,36.09,,,
Depok,Cinere - Nafas,2026-05-06 12:57:25,139,139,55,98,,,,,38,37.4,,,
Bogor,Kabupaten Bogor Leuwiliang,2026-05-06 09:00:00,80,58,26,,4,9,0,80,,,,,
Tangerang,Tangerang Pasir Jaya,2026-05-06 09:00:00,65,63,32,,58,63,0,65,,,,,
Bekasi,Bekasi Kayuringin,2026-05-06 09:00:00,59,59,28,,63,13,0,2,,,,,
Jakarta,The Pakubuwono Menteng,2026-05-06 12:58:05,102,102,40,81,,,,,42,36.2,,,
Depok,Cinere - Nafas,2026-05-06 12:59:25,138,138,54,99,,,,,37,37.7,,,
Bogor,Kabupaten Bogor Leuwiliang,2026-05-06 09:00:00,-,58,26,,4,9,0,80,,,,,
Tangerang,Tangerang Pasir Jaya,2026-05-06 09:00:00,-,63,32,,58,63,0,65,,,,,
Bekasi,Bekasi Kayuringin,2026-05-06 09:00:00,-,59,28,,63,13,0,2,,,,,
Jakarta,The Pakubuwono Menteng,2026-05-06 13:01:05,107,107,41,81,,,,,41,36.3,,,
Depok,Cinere - Nafas,2026-05-06 13:00:25,138,138,53,96,,,,,37,37.9,,,
Bogor,Kabupaten Bogor Leuwiliang,2026-05-06 09:00:00,-,58,26,,4,9,0,80,,,,,
Tangerang,Tangerang Pasir Jaya,2026-05-06 09:00:00,-,63,32,,58,63,0,65,,,,,
Bekasi,Bekasi Kayuringin,2026-05-06 09:00:00,-,59,28,,63,13,0,2,,,,,
Jakarta,The Pakubuwono Menteng,2026-05-06 13:02:05,104,104,40,83,,,,,42,36.2,,,
Depok,Cinere - Nafas,2026-05-06 13:01:25,141,141,54,99,,,,,37,37.9,,,
Bogor,Kabupaten Bogor Leuwiliang,2026-05-06 09:00:00,-,58,26,,4,9,0,80,,,,,
Tangerang,Tangerang Pasir Jaya,2026-05-06 09:00:00,-,63,32,,58,63,0,65,,,,,
Bekasi,Bekasi Kayuringin,2026-05-06 09:00:00,-,59,28,,63,13,0,2,,,,,
Jakarta,The Pakubuwono Menteng,2026-05-06 13:03:05,104,104,39,81,,,,,42,36.09,,,
Depok,Cinere - Nafas,2026-05-06 13:02:25,138,138,53,97,,,,,36,37.9,,,
Bogor,Kabupaten Bogor Leuwiliang,2026-05-06 09:00:00,-,58,26,,4,9,0,80,,,,,
Tangerang,Tangerang Pasir Jaya,2026-05-06 09:00:00,-,63,32,,58,63,0,65,,,,,
Bekasi,Bekasi Kayuringin,2026-05-06 09:00:00,-,59,28,,63,13,0,2,,,,,
Jakarta,The Pakubuwono Menteng,2026-05-06 13:03:05,104,104,39,81,,,,,42,36.09,,,
Depok,Cinere - Nafas,2026-05-06 13:02:25,138,138,53,97,,,,,36,37.9,,,
Bogor,Kabupaten Bogor Leuwiliang,2026-05-06 09:00:00,-,58,26,,4,9,0,80,,,,,
Tangerang,Tangerang Pasir Jaya,2026-05-06 09:00:00,-,63,32,,58,63,0,65,,,,,
Bekasi,Bekasi Kayuringin,2026-05-06 09:00:00,-,59,28,,63,13,0,2,,,,,
Jakarta,The Pakubuwono Menteng,2026-05-06 13:05:05,100,100,37,79,,,,,43,36,,,
Depok,Cinere - Nafas,2026-05-06 13:04:25,134,134,53,95,,,,,37,37.9,,,
Bogor,Kabupaten Bogor Leuwiliang,2026-05-06 09:00:00,-,58,26,,4,9,0,80,,,,,
Tangerang,Tangerang Pasir Jaya,2026-05-06 09:00:00,-,63,32,,58,63,0,65,,,,,
Bekasi,Bekasi Kayuringin,2026-05-06 09:00:00,-,59,28,,63,13,0,2,,,,,
Jakarta,The Pakubuwono Menteng,2026-05-06 13:05:05,100,100,37,79,,,,,43,36,,,
Depok,Cinere - Nafas,2026-05-06 13:04:25,134,134,53,95,,,,,37,37.9,,,
Bogor,Kabupaten Bogor Leuwiliang,2026-05-06 09:00:00,-,58,26,,4,9,0,80,,,,,
Tangerang,Tangerang Pasir Jaya,2026-05-06 09:00:00,-,63,32,,58,63,0,65,,,,,
Bekasi,Bekasi Kayuringin,2026-05-06 09:00:00,-,59,28,,63,13,0,2,,,,,
Jakarta,The Pakubuwono Menteng,2026-05-06 13:07:05,95,95,33,77,,,,,44,35.9,,,
Depok,Cinere - Nafas,2026-05-06 13:06:25,132,132,53,95,,,,,36,37.9,,,
Bogor,Kabupaten Bogor Leuwiliang,2026-05-06 09:00:00,-,58,26,,4,9,0,80,,,,,
Tangerang,Tangerang Pasir Jaya,2026-05-06 09:00:00,-,63,32,,58,63,0,65,,,,,
Bekasi,Bekasi Kayuringin,2026-05-06 09:00:00,-,59,28,,63,13,0,2,,,,,
Jakarta,The Pakubuwono Menteng,2026-05-06 13:08:05,95,95,33,74,,,,,44,35.9,,,
Depok,Cinere - Nafas,2026-05-06 13:08:25,136,136,53,99,,,,,36,38,,,
Bogor,Kabupaten Bogor Leuwiliang,2026-05-06 09:00:00,-,58,26,,4,9,0,80,,,,,
Tangerang,Tangerang Pasir Jaya,2026-05-06 09:00:00,-,63,32,,58,63,0,65,,,,,
Bekasi,Bekasi Kayuringin,2026-05-06 09:00:00,-,59,28,,63,13,0,2,,,,,
Jakarta,The Pakubuwono Menteng,2026-05-06 13:10:06,101,101,36,77,,,,,43,35.8,,,
Depok,Cinere - Nafas,2026-05-06 13:09:25,138,138,54,96,,,,,36,38.09,,,
Bogor,Kabupaten Bogor Leuwiliang,2026-05-06 09:00:00,-,58,26,,4,9,0,80,,,,,
Tangerang,Tangerang Pasir Jaya,2026-05-06 09:00:00,-,63,32,,58,63,0,65,,,,,
Bekasi,Bekasi Kayuringin,2026-05-06 09:00:00,-,59,28,,63,13,0,2,,,,,
Jakarta,The Pakubuwono Menteng,2026-05-06 13:11:06,97,97,34,77,,,,,44,35.7,,,
Depok,Cinere - Nafas,2026-05-06 13:10:25,139,139,54,98,,,,,36,38.09,,,
Bogor,Kabupaten Bogor Leuwiliang,2026-05-06 09:00:00,-,58,26,,4,9,0,80,,,,,
Tangerang,Tangerang Pasir Jaya,2026-05-06 09:00:00,-,63,32,,58,63,0,65,,,,,
Bekasi,Bekasi Kayuringin,2026-05-06 09:00:00,-,59,28,,63,13,0,2,,,,,
Jakarta,The Pakubuwono Menteng,2026-05-06 13:13:05,95,95,34,74,,,,,44,35.5,,,
Depok,Cinere - Nafas,2026-05-06 13:12:25,138,138,54,99,,,,,36,38.3,,,
Bogor,Kabupaten Bogor Leuwiliang,2026-05-06 09:00:00,-,58,26,,4,9,0,80,,,,,
Tangerang,Tangerang Pasir Jaya,2026-05-06 09:00:00,-,63,32,,58,63,0,65,,,,,
Bekasi,Bekasi Kayuringin,2026-05-06 09:00:00,-,59,28,,63,13,0,2,,,,,
Jakarta,The Pakubuwono Menteng,2026-05-06 13:14:05,97,97,34,76,,,,,44,35.5,,,
Depok,Cinere - Nafas,2026-05-06 13:13:25,136,136,53,96,,,,,35,38.2,,,
Bogor,Kabupaten Bogor Leuwiliang,2026-05-06 09:00:00,-,58,26,,4,9,0,80,,,,,
Tangerang,Tangerang Pasir Jaya,2026-05-06 09:00:00,-,63,32,,58,63,0,65,,,,,
Bekasi,Bekasi Kayuringin,2026-05-06 09:00:00,-,59,28,,63,13,0,2,,,,,
Jakarta,The Pakubuwono Menteng,2026-05-06 13:15:05,101,101,38,76,,,,,44,35.4,,,
Depok,Cinere - Nafas,2026-05-06 13:14:25,135,135,53,96,,,,,35,38.2,,,
Bogor,Kabupaten Bogor Leuwiliang,2026-05-06 09:00:00,-,58,26,,4,9,0,80,,,,,
Tangerang,Tangerang Pasir Jaya,2026-05-06 09:00:00,-,63,32,,58,63,0,65,,,,,
Bekasi,Bekasi Kayuringin,2026-05-06 09:00:00,-,59,28,,63,13,0,2,,,,,
Jakarta,The Pakubuwono Menteng,2026-05-06 13:16:05,100,100,37,78,,,,,44,35.4,,,
Depok,Cinere - Nafas,2026-05-06 13:15:27,138,138,54,96,,,,,35,38.2,,,
Bogor,Kabupaten Bogor Leuwiliang,2026-05-06 09:00:00,-,58,26,,4,9,0,80,,,,,
Tangerang,Tangerang Pasir Jaya,2026-05-06 09:00:00,-,63,32,,58,63,0,65,,,,,
Bekasi,Bekasi Kayuringin,2026-05-06 09:00:00,-,59,28,,63,13,0,2,,,,,
Jakarta,The Pakubuwono Menteng,2026-05-06 13:17:05,98,98,37,77,,,,,44,35.4,,,
Depok,Cinere - Nafas,2026-05-06 13:16:27,138,138,54,98,,,,,35,38.2,,,
Bogor,Kabupaten Bogor Leuwiliang,2026-05-06 09:00:00,-,58,26,,4,9,0,80,,,,,
Tangerang,Tangerang Pasir Jaya,2026-05-06 09:00:00,-,63,32,,58,63,0,65,,,,,
Bekasi,Bekasi Kayuringin,2026-05-06 09:00:00,-,59,28,,63,13,0,2,,,,,
Jakarta,The Pakubuwono Menteng,2026-05-06 13:19:05,97,97,35,74,,,,,44,35.3,,,
Depok,Cinere - Nafas,2026-05-06 13:18:27,138,138,54,101,,,,,36,38.09,,,
Bogor,Kabupaten Bogor Leuwiliang,2026-05-06 09:00:00,-,58,26,,4,9,0,80,,,,,
Tangerang,Tangerang Pasir Jaya,2026-05-06 09:00:00,-,63,32,,58,63,0,65,,,,,
Bekasi,Bekasi Kayuringin,2026-05-06 09:00:00,-,59,28,,63,13,0,2,,,,,
Jakarta,The Pakubuwono Menteng,2026-05-06 13:20:06,98,98,36,74,,,,,45,35.3,,,
Depok,Cinere - Nafas,2026-05-06 13:19:27,140,140,54,99,,,,,36,38.09,,,
Bogor,Kabupaten Bogor Leuwiliang,2026-05-06 09:00:00,-,58,26,,4,9,0,80,,,,,
Tangerang,Tangerang Pasir Jaya,2026-05-06 09:00:00,-,63,32,,58,63,0,65,,,,,
Bekasi,Bekasi Kayuringin,2026-05-06 09:00:00,-,59,28,,63,13,0,2,,,,,
Jakarta,The Pakubuwono Menteng,2026-05-06 13:21:06,98,98,35,75,,,,,45,35.3,,,
Depok,Cinere - Nafas,2026-05-06 13:20:27,140,140,54,99,,,,,36,38.2,,,
Bogor,Kabupaten Bogor Leuwiliang,2026-05-06 09:00:00,-,58,26,,4,9,0,80,,,,,
Tangerang,Tangerang Pasir Jaya,2026-05-06 09:00:00,-,63,32,,58,63,0,65,,,,,
Bekasi,Bekasi Kayuringin,2026-05-06 09:00:00,-,59,28,,63,13,0,2,,,,,
Jakarta,The Pakubuwono Menteng,2026-05-06 13:22:06,99,99,36,75,,,,,45,35.2,,,
Depok,Cinere - Nafas,2026-05-06 13:21:27,142,142,55,100,,,,,36,38.4,,,
Bogor,Kabupaten Bogor Leuwiliang,2026-05-06 09:00:00,-,58,26,,4,9,0,80,,,,,
Tangerang,Tangerang Pasir Jaya,2026-05-06 09:00:00,-,63,32,,58,63,0,65,,,,,
Bekasi,Bekasi Kayuringin,2026-05-06 09:00:00,-,59,28,,63,13,0,2,,,,,
Jakarta,The Pakubuwono Menteng,2026-05-06 13:23:06,96,96,37,74,,,,,45,35.2,,,
Depok,Cinere - Nafas,2026-05-06 13:22:27,137,137,53,99,,,,,35,38.3,,,
Bogor,Kabupaten Bogor Leuwiliang,2026-05-06 09:00:00,-,58,26,,4,9,0,80,,,,,
Tangerang,Tangerang Pasir Jaya,2026-05-06 09:00:00,-,63,32,,58,63,0,65,,,,,
Bekasi,Bekasi Kayuringin,2026-05-06 09:00:00,-,59,28,,63,13,0,2,,,,,
Jakarta,The Pakubuwono Menteng,2026-05-06 13:24:06,97,97,34,74,,,,,45,35.2,,,
Depok,Cinere - Nafas,2026-05-06 13:23:27,138,138,53,96,,,,,36,38.5,,,
Bogor,Kabupaten Bogor Leuwiliang,2026-05-06 09:00:00,-,58,26,,4,9,0,80,,,,,
Tangerang,Tangerang Pasir Jaya,2026-05-06 09:00:00,-,63,32,,58,63,0,65,,,,,
Bekasi,Bekasi Kayuringin,2026-05-06 09:00:00,-,59,28,,63,13,0,2,,,,,
Jakarta,The Pakubuwono Menteng,2026-05-06 13:25:06,97,97,35,73,,,,,45,35.2,,,
Depok,Cinere - Nafas,2026-05-06 13:24:27,136,136,53,96,,,,,36,38.59,,,
Bogor,Kabupaten Bogor Leuwiliang,2026-05-06 09:00:00,-,58,26,,4,9,0,80,,,,,
Tangerang,Tangerang Pasir Jaya,2026-05-06 09:00:00,-,63,32,,58,63,0,65,,,,,
Bekasi,Bekasi Kayuringin,2026-05-06 09:00:00,-,59,28,,63,13,0,2,,,,,
Jakarta,The Pakubuwono Menteng,2026-05-06 13:26:06,98,98,34,78,,,,,46,35.2,,,
Depok,Cinere - Nafas,2026-05-06 13:25:27,138,138,53,98,,,,,35,38.8,,,
Bogor,Kabupaten Bogor Leuwiliang,2026-05-06 09:00:00,-,58,26,,4,9,0,80,,,,,
Tangerang,Tangerang Pasir Jaya,2026-05-06 09:00:00,-,63,32,,58,63,0,65,,,,,
Bekasi,Bekasi Kayuringin,2026-05-06 09:00:00,-,59,28,,63,13,0,2,,,,,
Jakarta,The Pakubuwono Menteng,2026-05-06 13:29:06,98,98,36,80,,,,,45,35.09,,,
Depok,Cinere - Nafas,2026-05-06 13:28:27,133,133,53,95,,,,,34,39.09,,,
Bogor,Kabupaten Bogor Leuwiliang,2026-05-06 09:00:00,-,58,26,,4,9,0,80,,,,,
Tangerang,Tangerang Pasir Jaya,2026-05-06 09:00:00,-,63,32,,58,63,0,65,,,,,
Bekasi,Bekasi Kayuringin,2026-05-06 09:00:00,-,59,28,,63,13,0,2,,,,,
Jakarta,The Pakubuwono Menteng,2026-05-06 13:30:06,93,93,33,71,,,,,45,35.2,,,
Depok,Cinere - Nafas,2026-05-06 13:30:27,134,134,53,95,,,,,34,39.3,,,
Bogor,Kabupaten Bogor Leuwiliang,2026-05-06 09:00:00,-,58,26,,4,9,0,80,,,,,
Tangerang,Tangerang Pasir Jaya,2026-05-06 09:00:00,-,63,32,,58,63,0,65,,,,,
Bekasi,Bekasi Kayuringin,2026-05-06 09:00:00,-,59,28,,63,13,0,2,,,,,
Jakarta,The Pakubuwono Menteng,2026-05-06 13:31:06,94,94,32,73,,,,,45,35.2,,,
Depok,Cinere - Nafas,2026-05-06 13:31:27,137,137,53,98,,,,,34,39.4,,,
Bogor,Kabupaten Bogor Leuwiliang,2026-05-06 09:00:00,-,58,26,,4,9,0,80,,,,,
Tangerang,Tangerang Pasir Jaya,2026-05-06 09:00:00,-,63,32,,58,63,0,65,,,,,
Bekasi,Bekasi Kayuringin,2026-05-06 09:00:00,-,59,28,,63,13,0,2,,,,,
Jakarta,The Pakubuwono Menteng,2026-05-06 13:32:06,100,100,38,76,,,,,45,35.2,,,
Depok,Cinere - Nafas,2026-05-06 13:32:27,134,134,53,95,,,,,33,39.5,,,
Bogor,Kabupaten Bogor Leuwiliang,2026-05-06 09:00:00,-,58,26,,4,9,0,80,,,,,
Tangerang,Tangerang Pasir Jaya,2026-05-06 09:00:00,-,63,32,,58,63,0,65,,,,,
Bekasi,Bekasi Kayuringin,2026-05-06 09:00:00,-,59,28,,63,13,0,2,,,,,
Jakarta,The Pakubuwono Menteng,2026-05-06 13:33:06,93,93,32,74,,,,,45,35.09,,,
Depok,Cinere - Nafas,2026-05-06 13:33:27,137,137,53,97,,,,,34,39.59,,,
Bogor,Kabupaten Bogor Leuwiliang,2026-05-06 09:00:00,-,58,26,,4,9,0,80,,,,,
Tangerang,Tangerang Pasir Jaya,2026-05-06 09:00:00,-,63,32,,58,63,0,65,,,,,
Bekasi,Bekasi Kayuringin,2026-05-06 09:00:00,-,59,28,,63,13,0,2,,,,,
Jakarta,The Pakubuwono Menteng,2026-05-06 13:33:06,93,93,32,74,,,,,45,35.09,,,
Depok,Cinere - Nafas,2026-05-06 13:33:27,137,137,53,97,,,,,34,39.59,,,
Bogor,Kabupaten Bogor Leuwiliang,2026-05-06 09:00:00,-,58,26,,4,9,0,80,,,,,
Tangerang,Tangerang Pasir Jaya,2026-05-06 09:00:00,-,63,32,,58,63,0,65,,,,,
Bekasi,Bekasi Kayuringin,2026-05-06 09:00:00,-,59,28,,63,13,0,2,,,,,
Jakarta,The Pakubuwono Menteng,2026-05-06 13:34:06,97,97,33,77,,,,,45,35.09,,,
Depok,Cinere - Nafas,2026-05-06 13:34:27,136,136,53,97,,,,,33,39.8,,,
Bogor,Kabupaten Bogor Leuwiliang,2026-05-06 09:00:00,-,58,26,,4,9,0,80,,,,,
Tangerang,Tangerang Pasir Jaya,2026-05-06 09:00:00,-,63,32,,58,63,0,65,,,,,
Bekasi,Bekasi Kayuringin,2026-05-06 09:00:00,-,59,28,,63,13,0,2,,,,,
Jakarta,The Pakubuwono Menteng,2026-05-06 13:36:06,95,95,33,75,,,,,46,35,,,
Depok,Cinere - Nafas,2026-05-06 13:36:27,133,133,52,94,,,,,33,40.09,,,
Bogor,Kabupaten Bogor Leuwiliang,2026-05-06 09:00:00,-,58,26,,4,9,0,80,,,,,
Tangerang,Tangerang Pasir Jaya,2026-05-06 09:00:00,-,63,32,,58,63,0,65,,,,,
Bekasi,Bekasi Kayuringin,2026-05-06 09:00:00,-,59,28,,63,13,0,2,,,,,
Jakarta,The Pakubuwono Menteng,2026-05-06 13:37:06,91,91,33,73,,,,,45,35,,,
Depok,Cinere - Nafas,2026-05-06 13:37:27,139,139,55,98,,,,,33,40.3,,,
Bogor,Kabupaten Bogor Leuwiliang,2026-05-06 09:00:00,-,58,26,,4,9,0,80,,,,,
Tangerang,Tangerang Pasir Jaya,2026-05-06 09:00:00,-,63,32,,58,63,0,65,,,,,
Bekasi,Bekasi Kayuringin,2026-05-06 09:00:00,-,59,28,,63,13,0,2,,,,,
Jakarta,The Pakubuwono Menteng,2026-05-06 13:37:06,91,91,33,73,,,,,45,35,,,
Depok,Cinere - Nafas,2026-05-06 13:37:27,139,139,55,98,,,,,33,40.3,,,
Bogor,Kabupaten Bogor Leuwiliang,2026-05-06 09:00:00,-,58,26,,4,9,0,80,,,,,
Tangerang,Tangerang Pasir Jaya,2026-05-06 09:00:00,-,63,32,,58,63,0,65,,,,,
Bekasi,Bekasi Kayuringin,2026-05-06 09:00:00,-,59,28,,63,13,0,2,,,,,
Jakarta,The Pakubuwono Menteng,2026-05-06 13:37:06,91,91,33,73,,,,,45,35,,,
Depok,Cinere - Nafas,2026-05-06 13:37:27,139,139,55,98,,,,,33,40.3,,,
Bogor,Kabupaten Bogor Leuwiliang,2026-05-06 09:00:00,-,58,26,,4,9,0,80,,,,,
Tangerang,Tangerang Pasir Jaya,2026-05-06 09:00:00,-,63,32,,58,63,0,65,,,,,
Bekasi,Bekasi Kayuringin,2026-05-06 09:00:00,-,59,28,,63,13,0,2,,,,,
Jakarta,The Pakubuwono Menteng,2026-05-06 13:41:06,91,91,31,71,,,,,46,35.09,,,
Depok,Cinere - Nafas,2026-05-06 13:40:28,136,136,53,97,,,,,32,40.4,,,
Bogor,Kabupaten Bogor Leuwiliang,2026-05-06 09:00:00,-,58,26,,4,9,0,80,,,,,
Tangerang,Tangerang Pasir Jaya,2026-05-06 09:00:00,-,63,32,,58,63,0,65,,,,,
Bekasi,Bekasi Kayuringin,2026-05-06 09:00:00,-,59,28,,63,13,0,2,,,,,
Jakarta,The Pakubuwono Menteng,2026-05-06 13:42:06,88,88,29,73,,,,,46,35.09,,,
Depok,Cinere - Nafas,2026-05-06 13:41:27,148,148,55,103,,,,,32,40.4,,,
Bogor,Kabupaten Bogor Leuwiliang,2026-05-06 09:00:00,-,58,26,,4,9,0,80,,,,,
Tangerang,Tangerang Pasir Jaya,2026-05-06 09:00:00,-,63,32,,58,63,0,65,,,,,
Bekasi,Bekasi Kayuringin,2026-05-06 09:00:00,-,59,28,,63,13,0,2,,,,,
Jakarta,The Pakubuwono Menteng,2026-05-06 13:43:06,85,85,27,71,,,,,46,35.2,,,
Depok,Cinere - Nafas,2026-05-06 13:42:27,151,151,57,112,,,,,32,40.4,,,
Bogor,Kabupaten Bogor Leuwiliang,2026-05-06 09:00:00,-,58,26,,4,9,0,80,,,,,
Tangerang,Tangerang Pasir Jaya,2026-05-06 09:00:00,-,63,32,,58,63,0,65,,,,,
Bekasi,Bekasi Kayuringin,2026-05-06 09:00:00,-,59,28,,63,13,0,2,,,,,
Jakarta,The Pakubuwono Menteng,2026-05-06 13:45:06,83,83,25,68,,,,,45,35.4,,,
Depok,Cinere - Nafas,2026-05-06 13:44:27,138,138,53,99,,,,,32,40.4,,,
Bogor,Kabupaten Bogor Leuwiliang,2026-05-06 09:00:00,-,58,26,,4,9,0,80,,,,,
Tangerang,Tangerang Pasir Jaya,2026-05-06 09:00:00,-,63,32,,58,63,0,65,,,,,
Bekasi,Bekasi Kayuringin,2026-05-06 09:00:00,-,59,28,,63,13,0,2,,,,,
Jakarta,The Pakubuwono Menteng,2026-05-06 13:46:06,87,87,27,70,,,,,45,35.4,,,
Depok,Cinere - Nafas,2026-05-06 13:46:27,141,141,55,101,,,,,32,40.3,,,
Bogor,Kabupaten Bogor Leuwiliang,2026-05-06 09:00:00,-,58,26,,4,9,0,80,,,,,
Tangerang,Tangerang Pasir Jaya,2026-05-06 09:00:00,-,63,32,,58,63,0,65,,,,,
Bekasi,Bekasi Kayuringin,2026-05-06 09:00:00,-,59,28,,63,13,0,2,,,,,
Jakarta,The Pakubuwono Menteng,2026-05-06 13:48:06,80,80,25,69,,,,,45,35.59,,,
Depok,Cinere - Nafas,2026-05-06 13:47:28,151,151,57,110,,,,,33,40.3,,,
Bogor,Kabupaten Bogor Leuwiliang,2026-05-06 09:00:00,-,58,26,,4,9,0,80,,,,,
Tangerang,Tangerang Pasir Jaya,2026-05-06 09:00:00,-,63,32,,58,63,0,65,,,,,
Bekasi,Bekasi Kayuringin,2026-05-06 09:00:00,-,59,28,,63,13,0,2,,,,,
Jakarta,The Pakubuwono Menteng,2026-05-06 13:49:06,81,81,25,66,,,,,45,35.7,,,
Depok,Cinere - Nafas,2026-05-06 13:48:27,143,143,55,104,,,,,33,40.09,,,
Bogor,Kabupaten Bogor Leuwiliang,2026-05-06 09:00:00,-,58,26,,4,9,0,80,,,,,
Tangerang,Tangerang Pasir Jaya,2026-05-06 09:00:00,-,63,32,,58,63,0,65,,,,,
Bekasi,Bekasi Kayuringin,2026-05-06 09:00:00,-,59,28,,63,13,0,2,,,,,
Jakarta,The Pakubuwono Menteng,2026-05-06 13:50:06,79,79,23,63,,,,,44,35.8,,,
Depok,Cinere - Nafas,2026-05-06 13:49:27,140,140,55,104,,,,,33,40,,,
Bogor,Kabupaten Bogor Leuwiliang,2026-05-06 09:00:00,-,58,26,,4,9,0,80,,,,,
Tangerang,Tangerang Pasir Jaya,2026-05-06 09:00:00,-,63,32,,58,63,0,65,,,,,
Bekasi,Bekasi Kayuringin,2026-05-06 09:00:00,-,59,28,,63,13,0,2,,,,,
Jakarta,The Pakubuwono Menteng,2026-05-06 13:51:06,81,81,24,69,,,,,44,35.9,,,
Depok,Cinere - Nafas,2026-05-06 13:50:27,142,142,54,98,,,,,33,40,,,
Bogor,Kabupaten Bogor Leuwiliang,2026-05-06 09:00:00,-,58,26,,4,9,0,80,,,,,
Tangerang,Tangerang Pasir Jaya,2026-05-06 09:00:00,-,63,32,,58,63,0,65,,,,,
Bekasi,Bekasi Kayuringin,2026-05-06 09:00:00,-,59,28,,63,13,0,2,,,,,
Jakarta,The Pakubuwono Menteng,2026-05-06 13:52:06,79,79,23,64,,,,,44,35.9,,,
Depok,Cinere - Nafas,2026-05-06 13:51:27,150,150,57,109,,,,,33,40,,,
Bogor,Kabupaten Bogor Leuwiliang,2026-05-06 09:00:00,-,58,26,,4,9,0,80,,,,,
Tangerang,Tangerang Pasir Jaya,2026-05-06 09:00:00,-,63,32,,58,63,0,65,,,,,
Bekasi,Bekasi Kayuringin,2026-05-06 09:00:00,-,59,28,,63,13,0,2,,,,,
Jakarta,The Pakubuwono Menteng,2026-05-06 13:53:06,80,80,24,65,,,,,44,36,,,
Depok,Cinere - Nafas,2026-05-06 13:52:27,147,147,55,106,,,,,33,39.9,,,
Bogor,Kabupaten Bogor Leuwiliang,2026-05-06 09:00:00,-,58,26,,4,9,0,80,,,,,
Tangerang,Tangerang Pasir Jaya,2026-05-06 09:00:00,-,63,32,,58,63,0,65,,,,,
Bekasi,Bekasi Kayuringin,2026-05-06 09:00:00,-,59,28,,63,13,0,2,,,,,
Jakarta,The Pakubuwono Menteng,2026-05-06 13:54:06,80,80,24,65,,,,,44,36.09,,,
Depok,Cinere - Nafas,2026-05-06 13:54:27,150,150,56,108,,,,,32,40,,,
Bogor,Kabupaten Bogor Leuwiliang,2026-05-06 09:00:00,-,58,26,,4,9,0,80,,,,,
Tangerang,Tangerang Pasir Jaya,2026-05-06 09:00:00,-,63,32,,58,63,0,65,,,,,
Bekasi,Bekasi Kayuringin,2026-05-06 09:00:00,-,59,28,,63,13,0,2,,,,,
Jakarta,The Pakubuwono Menteng,2026-05-06 13:56:06,84,84,26,68,,,,,44,36.3,,,
Depok,Cinere - Nafas,2026-05-06 13:55:28,141,141,55,102,,,,,32,40,,,
Bogor,Kabupaten Bogor Leuwiliang,2026-05-06 09:00:00,-,58,26,,4,9,0,80,,,,,
Tangerang,Tangerang Pasir Jaya,2026-05-06 09:00:00,-,63,32,,58,63,0,65,,,,,
Bekasi,Bekasi Kayuringin,2026-05-06 09:00:00,-,59,28,,63,13,0,2,,,,,
Jakarta,The Pakubuwono Menteng,2026-05-06 13:57:07,83,83,25,67,,,,,43,36.4,,,
Depok,Cinere - Nafas,2026-05-06 13:56:27,139,139,54,99,,,,,32,39.9,,,
Bogor,Kabupaten Bogor Leuwiliang,2026-05-06 09:00:00,-,58,26,,4,9,0,80,,,,,
Tangerang,Tangerang Pasir Jaya,2026-05-06 09:00:00,-,63,32,,58,63,0,65,,,,,
Bekasi,Bekasi Kayuringin,2026-05-06 09:00:00,-,59,28,,63,13,0,2,,,,,
Jakarta,The Pakubuwono Menteng,2026-05-06 13:58:07,82,82,25,67,,,,,43,36.4,,,
Depok,Cinere - Nafas,2026-05-06 13:57:28,149,149,56,107,,,,,32,39.9,,,
Bogor,Kabupaten Bogor Leuwiliang,2026-05-06 09:00:00,-,58,26,,4,9,0,80,,,,,
Tangerang,Tangerang Pasir Jaya,2026-05-06 09:00:00,-,63,32,,58,63,0,65,,,,,
Bekasi,Bekasi Kayuringin,2026-05-06 09:00:00,-,59,28,,63,13,0,2,,,,,
Jakarta,The Pakubuwono Menteng,2026-05-06 13:59:06,83,83,25,70,,,,,43,36.3,,,
Depok,Cinere - Nafas,2026-05-06 13:58:28,151,151,57,109,,,,,33,39.8,,,
Bogor,Kabupaten Bogor Leuwiliang,2026-05-06 09:00:00,-,58,26,,4,9,0,80,,,,,
Tangerang,Tangerang Pasir Jaya,2026-05-06 09:00:00,-,63,32,,58,63,0,65,,,,,
Bekasi,Bekasi Kayuringin,2026-05-06 09:00:00,-,59,28,,63,13,0,2,,,,,
Jakarta,The Pakubuwono Menteng,2026-05-06 14:01:06,80,80,24,67,,,,,43,36.4,,,
Depok,Cinere - Nafas,2026-05-06 14:00:28,140,140,54,99,,,,,32,39.8,,,
Bogor,Kabupaten Bogor Leuwiliang,2026-05-06 09:00:00,-,58,26,,4,9,0,80,,,,,
Tangerang,Tangerang Pasir Jaya,2026-05-06 09:00:00,-,63,32,,58,63,0,65,,,,,
Bekasi,Bekasi Kayuringin,2026-05-06 09:00:00,-,59,28,,63,13,0,2,,,,,
Jakarta,The Pakubuwono Menteng,2026-05-06 14:02:07,91,91,30,70,,,,,43,36.4,,,
Depok,Cinere - Nafas,2026-05-06 14:01:28,138,138,54,99,,,,,33,39.8,,,
Bogor,Kabupaten Bogor Leuwiliang,2026-05-06 09:00:00,-,58,26,,4,9,0,80,,,,,
Tangerang,Tangerang Pasir Jaya,2026-05-06 09:00:00,-,63,32,,58,63,0,65,,,,,
Bekasi,Bekasi Kayuringin,2026-05-06 09:00:00,-,59,28,,63,13,0,2,,,,,
Jakarta,The Pakubuwono Menteng,2026-05-06 14:03:07,79,79,23,67,,,,,43,36.4,,,
Depok,Cinere - Nafas,2026-05-06 14:02:29,138,138,54,101,,,,,33,39.59,,,
Bogor,Kabupaten Bogor Leuwiliang,2026-05-06 09:00:00,-,58,26,,4,9,0,80,,,,,
Tangerang,Tangerang Pasir Jaya,2026-05-06 09:00:00,-,63,32,,58,63,0,65,,,,,
Bekasi,Bekasi Kayuringin,2026-05-06 09:00:00,-,59,28,,63,13,0,2,,,,,
Jakarta,The Pakubuwono Menteng,2026-05-06 14:04:07,81,81,25,66,,,,,43,36.4,,,
Depok,Cinere - Nafas,2026-05-06 14:04:29,154,154,59,115,,,,,33,39.5,,,
Bogor,Kabupaten Bogor Leuwiliang,2026-05-06 09:00:00,-,58,26,,4,9,0,80,,,,,
Tangerang,Tangerang Pasir Jaya,2026-05-06 09:00:00,-,63,32,,58,63,0,65,,,,,
Bekasi,Bekasi Kayuringin,2026-05-06 09:00:00,-,59,28,,63,13,0,2,,,,,
Jakarta,The Pakubuwono Menteng,2026-05-06 14:06:07,83,83,26,69,,,,,43,36.4,,,
Depok,Cinere - Nafas,2026-05-06 14:05:28,152,152,59,113,,,,,34,39.5,,,
Bogor,Kabupaten Bogor Leuwiliang,2026-05-06 09:00:00,-,58,26,,4,9,0,80,,,,,
Tangerang,Tangerang Pasir Jaya,2026-05-06 09:00:00,-,63,32,,58,63,0,65,,,,,
Bekasi,Bekasi Kayuringin,2026-05-06 09:00:00,-,59,28,,63,13,0,2,,,,,
Jakarta,The Pakubuwono Menteng,2026-05-06 14:07:06,83,83,26,69,,,,,43,36.4,,,
Depok,Cinere - Nafas,2026-05-06 14:06:28,154,154,60,115,,,,,34,39.5,,,
Bogor,Kabupaten Bogor Leuwiliang,2026-05-06 09:00:00,-,58,26,,4,9,0,80,,,,,
Tangerang,Tangerang Pasir Jaya,2026-05-06 09:00:00,-,63,32,,58,63,0,65,,,,,
Bekasi,Bekasi Kayuringin,2026-05-06 09:00:00,-,59,28,,63,13,0,2,,,,,
Jakarta,The Pakubuwono Menteng,2026-05-06 14:09:07,84,84,26,70,,,,,43,36.4,,,
Depok,Cinere - Nafas,2026-05-06 14:06:28,154,154,60,114,,,,,34,39.3,,,
Bogor,Kabupaten Bogor Leuwiliang,2026-05-06 09:00:00,-,58,26,,4,9,0,80,,,,,
Tangerang,Tangerang Pasir Jaya,2026-05-06 09:00:00,-,63,32,,58,63,0,65,,,,,
Bekasi,Bekasi Kayuringin,2026-05-06 09:00:00,-,59,28,,63,13,0,2,,,,,
Jakarta,The Pakubuwono Menteng,2026-05-06 14:10:07,85,85,27,67,,,,,43,36.4,,,
Depok,Cinere - Nafas,2026-05-06 14:09:53,151,151,57,107,,,,,35,39,,,
Bogor,Kabupaten Bogor Leuwiliang,2026-05-06 09:00:00,-,58,26,,4,9,0,80,,,,,
Tangerang,Tangerang Pasir Jaya,2026-05-06 09:00:00,-,63,32,,58,63,0,65,,,,,
Bekasi,Bekasi Kayuringin,2026-05-06 09:00:00,-,59,28,,63,13,0,2,,,,,
Jakarta,The Pakubuwono Menteng,2026-05-06 14:11:07,88,88,29,70,,,,,43,36.4,,,
Depok,Cinere - Nafas,2026-05-06 14:10:53,152,152,57,111,,,,,35,38.8,,,
Bogor,Kabupaten Bogor Leuwiliang,2026-05-06 09:00:00,-,58,26,,4,9,0,80,,,,,
Tangerang,Tangerang Pasir Jaya,2026-05-06 09:00:00,-,63,32,,58,63,0,65,,,,,
Bekasi,Bekasi Kayuringin,2026-05-06 09:00:00,-,59,28,,63,13,0,2,,,,,
Jakarta,The Pakubuwono Menteng,2026-05-06 14:11:07,88,88,29,70,,,,,43,36.4,,,
Depok,Cinere - Nafas,2026-05-06 14:10:53,152,152,57,111,,,,,35,38.8,,,
Bogor,Kabupaten Bogor Leuwiliang,2026-05-06 09:00:00,-,58,26,,4,9,0,80,,,,,
Tangerang,Tangerang Pasir Jaya,2026-05-06 09:00:00,-,63,32,,58,63,0,65,,,,,
Bekasi,Bekasi Kayuringin,2026-05-06 09:00:00,-,59,28,,63,13,0,2,,,,,
Jakarta,The Pakubuwono Menteng,2026-05-06 14:12:07,83,83,25,68,,,,,43,36.4,,,
Depok,Cinere - Nafas,2026-05-06 14:11:53,150,150,57,110,,,,,35,38.59,,,
Bogor,Kabupaten Bogor Leuwiliang,2026-05-06 09:00:00,-,58,26,,4,9,0,80,,,,,
Tangerang,Tangerang Pasir Jaya,2026-05-06 09:00:00,-,63,32,,58,63,0,65,,,,,
Bekasi,Bekasi Kayuringin,2026-05-06 09:00:00,-,59,28,,63,13,0,2,,,,,
Jakarta,The Pakubuwono Menteng,2026-05-06 14:14:07,91,91,31,72,,,,,43,36.3,,,
Depok,Cinere - Nafas,2026-05-06 14:13:53,150,150,57,108,,,,,35,38.4,,,
Bogor,Kabupaten Bogor Leuwiliang,2026-05-06 09:00:00,-,58,26,,4,9,0,80,,,,,
Tangerang,Tangerang Pasir Jaya,2026-05-06 09:00:00,-,63,32,,58,63,0,65,,,,,
Bekasi,Bekasi Kayuringin,2026-05-06 09:00:00,-,59,28,,63,13,0,2,,,,,
Jakarta,The Pakubuwono Menteng,2026-05-06 14:15:07,86,86,29,72,,,,,43,36.2,,,
Depok,Cinere - Nafas,2026-05-06 14:14:53,151,151,58,106,,,,,36,38.3,,,
Bogor,Kabupaten Bogor Leuwiliang,2026-05-06 09:00:00,-,58,26,,4,9,0,80,,,,,
Tangerang,Tangerang Pasir Jaya,2026-05-06 09:00:00,-,63,32,,58,63,0,65,,,,,
Bekasi,Bekasi Kayuringin,2026-05-06 09:00:00,-,59,28,,63,13,0,2,,,,,
Jakarta,The Pakubuwono Menteng,2026-05-06 14:17:07,91,91,30,72,,,,,43,36.2,,,
Depok,Cinere - Nafas,2026-05-06 14:16:53,141,141,56,99,,,,,36,38.2,,,
Bogor,Kabupaten Bogor Leuwiliang,2026-05-06 09:00:00,-,58,26,,4,9,0,80,,,,,
Tangerang,Tangerang Pasir Jaya,2026-05-06 09:00:00,-,63,32,,58,63,0,65,,,,,
Bekasi,Bekasi Kayuringin,2026-05-06 09:00:00,-,59,28,,63,13,0,2,,,,,
Jakarta,The Pakubuwono Menteng,2026-05-06 14:18:07,91,91,31,72,,,,,43,36.2,,,
Depok,Cinere - Nafas,2026-05-06 14:17:53,149,149,55,107,,,,,36,38.2,,,
Bogor,Kabupaten Bogor Leuwiliang,2026-05-06 09:00:00,-,58,26,,4,9,0,80,,,,,
Tangerang,Tangerang Pasir Jaya,2026-05-06 09:00:00,-,63,32,,58,63,0,65,,,,,
Bekasi,Bekasi Kayuringin,2026-05-06 09:00:00,-,59,28,,63,13,0,2,,,,,
Jakarta,The Pakubuwono Menteng,2026-05-06 14:19:07,95,95,33,73,,,,,43,36.09,,,
Depok,Cinere - Nafas,2026-05-06 14:18:56,144,144,56,103,,,,,36,38.2,,,
Bogor,Kabupaten Bogor Leuwiliang,2026-05-06 09:00:00,-,58,26,,4,9,0,80,,,,,
Tangerang,Tangerang Pasir Jaya,2026-05-06 09:00:00,-,63,32,,58,63,0,65,,,,,
Bekasi,Bekasi Kayuringin,2026-05-06 09:00:00,-,59,28,,63,13,0,2,,,,,
Jakarta,The Pakubuwono Menteng,2026-05-06 14:20:07,93,93,32,72,,,,,43,36,,,
Depok,Cinere - Nafas,2026-05-06 14:19:53,148,148,56,106,,,,,36,38.3,,,
Bogor,Kabupaten Bogor Leuwiliang,2026-05-06 09:00:00,-,58,26,,4,9,0,80,,,,,
Tangerang,Tangerang Pasir Jaya,2026-05-06 09:00:00,-,63,32,,58,63,0,65,,,,,
Bekasi,Bekasi Kayuringin,2026-05-06 09:00:00,-,59,28,,63,13,0,2,,,,,
Jakarta,The Pakubuwono Menteng,2026-05-06 14:21:07,91,91,30,71,,,,,43,36,,,
Depok,Cinere - Nafas,2026-05-06 14:20:53,138,138,54,97,,,,,36,38.2,,,
Bogor,Kabupaten Bogor Leuwiliang,2026-05-06 09:00:00,-,58,26,,4,9,0,80,,,,,
Tangerang,Tangerang Pasir Jaya,2026-05-06 09:00:00,-,63,32,,58,63,0,65,,,,,
Bekasi,Bekasi Kayuringin,2026-05-06 09:00:00,-,59,28,,63,13,0,2,,,,,
Jakarta,The Pakubuwono Menteng,2026-05-06 14:22:07,93,93,33,73,,,,,43,35.9,,,
Depok,Cinere - Nafas,2026-05-06 14:21:53,137,137,53,97,,,,,36,38.2,,,
Bogor,Kabupaten Bogor Leuwiliang,2026-05-06 09:00:00,-,58,26,,4,9,0,80,,,,,
Tangerang,Tangerang Pasir Jaya,2026-05-06 09:00:00,-,63,32,,58,63,0,65,,,,,
Bekasi,Bekasi Kayuringin,2026-05-06 09:00:00,-,59,28,,63,13,0,2,,,,,
Jakarta,The Pakubuwono Menteng,2026-05-06 14:25:07,97,97,34,77,,,,,44,35.8,,,
Depok,Cinere - Nafas,2026-05-06 14:24:53,141,141,54,100,,,,,36,37.8,,,
Bogor,Kabupaten Bogor Leuwiliang,2026-05-06 09:00:00,-,58,26,,4,9,0,80,,,,,
Tangerang,Tangerang Pasir Jaya,2026-05-06 09:00:00,-,63,32,,58,63,0,65,,,,,
Bekasi,Bekasi Kayuringin,2026-05-06 09:00:00,-,59,28,,63,13,0,2,,,,,
Jakarta,The Pakubuwono Menteng,2026-05-06 14:26:07,92,92,31,72,,,,,44,35.8,,,
Depok,Cinere - Nafas,2026-05-06 14:26:16,146,146,56,102,,,,,37,37.59,,,
Bogor,Kabupaten Bogor Leuwiliang,2026-05-06 09:00:00,-,58,26,,4,9,0,80,,,,,
Tangerang,Tangerang Pasir Jaya,2026-05-06 09:00:00,-,63,32,,58,63,0,65,,,,,
Bekasi,Bekasi Kayuringin,2026-05-06 09:00:00,-,59,28,,63,13,0,2,,,,,
Jakarta,The Pakubuwono Menteng,2026-05-06 14:26:07,92,92,31,72,,,,,44,35.8,,,
Depok,Cinere - Nafas,2026-05-06 14:26:16,146,146,56,102,,,,,37,37.59,,,
Bogor,Kabupaten Bogor Leuwiliang,2026-05-06 09:00:00,-,58,26,,4,9,0,80,,,,,
Tangerang,Tangerang Pasir Jaya,2026-05-06 09:00:00,-,63,32,,58,63,0,65,,,,,
Bekasi,Bekasi Kayuringin,2026-05-06 09:00:00,-,59,28,,63,13,0,2,,,,,
Jakarta,The Pakubuwono Menteng,2026-05-06 14:27:07,93,93,33,74,,,,,44,35.8,,,
Depok,Cinere - Nafas,2026-05-06 14:27:16,139,139,53,98,,,,,37,37.4,,,
Bogor,Kabupaten Bogor Leuwiliang,2026-05-06 09:00:00,-,58,26,,4,9,0,80,,,,,
Tangerang,Tangerang Pasir Jaya,2026-05-06 09:00:00,-,63,32,,58,63,0,65,,,,,
Bekasi,Bekasi Kayuringin,2026-05-06 09:00:00,-,59,28,,63,13,0,2,,,,,
Jakarta,The Pakubuwono Menteng,2026-05-06 14:28:07,101,101,38,75,,,,,44,35.8,,,
Depok,Cinere - Nafas,2026-05-06 14:28:16,138,138,53,96,,,,,37,37.3,,,
Bogor,Kabupaten Bogor Leuwiliang,2026-05-06 09:00:00,-,58,26,,4,9,0,80,,,,,
Tangerang,Tangerang Pasir Jaya,2026-05-06 09:00:00,-,63,32,,58,63,0,65,,,,,
Bekasi,Bekasi Kayuringin,2026-05-06 09:00:00,-,59,28,,63,13,0,2,,,,,
Jakarta,The Pakubuwono Menteng,2026-05-06 14:29:07,93,93,33,74,,,,,44,35.7,,,
Depok,Cinere - Nafas,2026-05-06 14:29:16,148,148,58,101,,,,,38,37,,,
Bogor,Kabupaten Bogor Leuwiliang,2026-05-06 09:00:00,-,58,26,,4,9,0,80,,,,,
Tangerang,Tangerang Pasir Jaya,2026-05-06 09:00:00,-,63,32,,58,63,0,65,,,,,
Bekasi,Bekasi Kayuringin,2026-05-06 09:00:00,-,59,28,,63,13,0,2,,,,,
Jakarta,The Pakubuwono Menteng,2026-05-06 14:30:07,96,96,33,73,,,,,44,35.7,,,
Depok,Cinere - Nafas,2026-05-06 14:30:16,135,135,54,94,,,,,39,36.8,,,
Bogor,Kabupaten Bogor Leuwiliang,2026-05-06 09:00:00,-,58,26,,4,9,0,80,,,,,
Tangerang,Tangerang Pasir Jaya,2026-05-06 09:00:00,-,63,32,,58,63,0,65,,,,,
Bekasi,Bekasi Kayuringin,2026-05-06 09:00:00,-,59,28,,63,13,0,2,,,,,
Jakarta,The Pakubuwono Menteng,2026-05-06 14:31:07,96,96,34,77,,,,,44,35.7,,,
Depok,Cinere - Nafas,2026-05-06 14:31:16,123,123,51,89,,,,,40,36.59,,,
Bogor,Kabupaten Bogor Leuwiliang,2026-05-06 09:00:00,-,58,26,,4,9,0,80,,,,,
Tangerang,Tangerang Pasir Jaya,2026-05-06 09:00:00,-,63,32,,58,63,0,65,,,,,
Bekasi,Bekasi Kayuringin,2026-05-06 09:00:00,-,59,28,,63,13,0,2,,,,,
Jakarta,The Pakubuwono Menteng,2026-05-06 14:33:07,98,98,35,78,,,,,44,35.7,,,
Depok,Cinere - Nafas,2026-05-06 14:33:16,123,123,50,89,,,,,41,36.2,,,
Bogor,Kabupaten Bogor Leuwiliang,2026-05-06 09:00:00,-,58,26,,4,9,0,80,,,,,
Tangerang,Tangerang Pasir Jaya,2026-05-06 09:00:00,-,63,32,,58,63,0,65,,,,,
Bekasi,Bekasi Kayuringin,2026-05-06 09:00:00,-,59,28,,63,13,0,2,,,,,
Jakarta,The Pakubuwono Menteng,2026-05-06 14:35:07,103,103,38,76,,,,,44,35.7,,,
Depok,Cinere - Nafas,2026-05-06 14:35:16,118,118,48,86,,,,,42,35.8,,,
Bogor,Kabupaten Bogor Leuwiliang,2026-05-06 09:00:00,-,58,26,,4,9,0,80,,,,,
Tangerang,Tangerang Pasir Jaya,2026-05-06 09:00:00,-,63,32,,58,63,0,65,,,,,
Bekasi,Bekasi Kayuringin,2026-05-06 09:00:00,-,59,28,,63,13,0,2,,,,,
Jakarta,The Pakubuwono Menteng,2026-05-06 14:36:07,96,96,36,78,,,,,44,35.59,,,
Depok,Cinere - Nafas,2026-05-06 14:36:16,125,125,50,87,,,,,42,35.59,,,
Bogor,Kabupaten Bogor Leuwiliang,2026-05-06 09:00:00,-,58,26,,4,9,0,80,,,,,
Tangerang,Tangerang Pasir Jaya,2026-05-06 09:00:00,-,63,32,,58,63,0,65,,,,,
Bekasi,Bekasi Kayuringin,2026-05-06 09:00:00,-,59,28,,63,13,0,2,,,,,
Jakarta,The Pakubuwono Menteng,2026-05-06 14:37:08,99,99,38,75,,,,,44,35.5,,,
Depok,Cinere - Nafas,2026-05-06 14:37:16,126,126,51,90,,,,,43,35.4,,,
Bogor,Kabupaten Bogor Leuwiliang,2026-05-06 09:00:00,-,58,26,,4,9,0,80,,,,,
Tangerang,Tangerang Pasir Jaya,2026-05-06 09:00:00,-,63,32,,58,63,0,65,,,,,
Bekasi,Bekasi Kayuringin,2026-05-06 09:00:00,-,59,28,,63,13,0,2,,,,,
Jakarta,The Pakubuwono Menteng,2026-05-06 14:38:07,99,99,37,73,,,,,44,35.59,,,
Depok,Cinere - Nafas,2026-05-06 14:38:16,124,124,51,89,,,,,43,35.3,,,
Bogor,Kabupaten Bogor Leuwiliang,2026-05-06 09:00:00,-,58,26,,4,9,0,80,,,,,
Tangerang,Tangerang Pasir Jaya,2026-05-06 09:00:00,-,63,32,,58,63,0,65,,,,,
Bekasi,Bekasi Kayuringin,2026-05-06 09:00:00,-,59,28,,63,13,0,2,,,,,
Jakarta,The Pakubuwono Menteng,2026-05-06 14:39:08,102,102,37,78,,,,,44,35.59,,,
Depok,Cinere - Nafas,2026-05-06 14:39:16,117,117,47,83,,,,,43,35.3,,,
Bogor,Kabupaten Bogor Leuwiliang,2026-05-06 09:00:00,-,58,26,,4,9,0,80,,,,,
Tangerang,Tangerang Pasir Jaya,2026-05-06 09:00:00,-,63,32,,58,63,0,65,,,,,
Bekasi,Bekasi Kayuringin,2026-05-06 09:00:00,-,59,28,,63,13,0,2,,,,,
Jakarta,The Pakubuwono Menteng,2026-05-06 14:40:07,98,98,37,76,,,,,44,35.5,,,
Depok,Cinere - Nafas,2026-05-06 14:40:17,120,120,47,88,,,,,43,35.3,,,
Bogor,Kabupaten Bogor Leuwiliang,2026-05-06 09:00:00,-,58,26,,4,9,0,80,,,,,
Tangerang,Tangerang Pasir Jaya,2026-05-06 09:00:00,-,63,32,,58,63,0,65,,,,,
Bekasi,Bekasi Kayuringin,2026-05-06 09:00:00,-,59,28,,63,13,0,2,,,,,
Jakarta,The Pakubuwono Menteng,2026-05-06 14:42:07,96,96,34,77,,,,,44,35.4,,,
Depok,Cinere - Nafas,2026-05-06 14:42:16,134,134,54,93,,,,,43,35.3,,,
Bogor,Kabupaten Bogor Leuwiliang,2026-05-06 09:00:00,-,58,26,,4,9,0,80,,,,,
Tangerang,Tangerang Pasir Jaya,2026-05-06 09:00:00,-,63,32,,58,63,0,65,,,,,
Bekasi,Bekasi Kayuringin,2026-05-06 09:00:00,-,59,28,,63,13,0,2,,,,,
Jakarta,The Pakubuwono Menteng,2026-05-06 14:43:08,97,97,35,76,,,,,44,35.4,,,
Depok,Cinere - Nafas,2026-05-06 14:44:16,118,118,49,86,,,,,44,35.2,,,
Bogor,Kabupaten Bogor Leuwiliang,2026-05-06 09:00:00,-,58,26,,4,9,0,80,,,,,
Tangerang,Tangerang Pasir Jaya,2026-05-06 09:00:00,-,63,32,,58,63,0,65,,,,,
Bekasi,Bekasi Kayuringin,2026-05-06 09:00:00,-,59,28,,63,13,0,2,,,,,
Jakarta,The Pakubuwono Menteng,2026-05-06 14:45:07,100,100,37,78,,,,,45,35.4,,,
Depok,Cinere - Nafas,2026-05-06 14:45:16,118,118,47,83,,,,,43,35.09,,,
Bogor,Kabupaten Bogor Leuwiliang,2026-05-06 09:00:00,-,58,26,,4,9,0,80,,,,,
Tangerang,Tangerang Pasir Jaya,2026-05-06 09:00:00,-,63,32,,58,63,0,65,,,,,
Bekasi,Bekasi Kayuringin,2026-05-06 09:00:00,-,59,28,,63,13,0,2,,,,,
Jakarta,The Pakubuwono Menteng,2026-05-06 14:45:07,100,100,37,78,,,,,45,35.4,,,
Depok,Cinere - Nafas,2026-05-06 14:45:16,118,118,47,83,,,,,43,35.09,,,
Bogor,Kabupaten Bogor Leuwiliang,2026-05-06 09:00:00,-,58,26,,4,9,0,80,,,,,
Tangerang,Tangerang Pasir Jaya,2026-05-06 09:00:00,-,63,32,,58,63,0,65,,,,,
Bekasi,Bekasi Kayuringin,2026-05-06 09:00:00,-,59,28,,63,13,0,2,,,,,
Jakarta,The Pakubuwono Menteng,2026-05-06 14:46:07,99,99,37,78,,,,,44,35.5,,,
Depok,Cinere - Nafas,2026-05-06 14:46:16,111,111,43,84,,,,,43,35.09,,,
Bogor,Kabupaten Bogor Leuwiliang,2026-05-06 09:00:00,-,58,26,,4,9,0,80,,,,,
Tangerang,Tangerang Pasir Jaya,2026-05-06 09:00:00,-,63,32,,58,63,0,65,,,,,
Bekasi,Bekasi Kayuringin,2026-05-06 09:00:00,-,59,28,,63,13,0,2,,,,,
Jakarta,The Pakubuwono Menteng,2026-05-06 14:47:08,101,101,37,77,,,,,44,35.5,,,
Depok,Cinere - Nafas,2026-05-06 14:47:16,111,111,42,82,,,,,44,35,,,
Bogor,Kabupaten Bogor Leuwiliang,2026-05-06 09:00:00,-,58,26,,4,9,0,80,,,,,
Tangerang,Tangerang Pasir Jaya,2026-05-06 09:00:00,-,63,32,,58,63,0,65,,,,,
Bekasi,Bekasi Kayuringin,2026-05-06 09:00:00,-,59,28,,63,13,0,2,,,,,
Jakarta,The Pakubuwono Menteng,2026-05-06 14:49:08,101,101,38,80,,,,,44,35.4,,,
Depok,Cinere - Nafas,2026-05-06 14:49:16,114,114,48,83,,,,,44,35,,,
Bogor,Kabupaten Bogor Leuwiliang,2026-05-06 09:00:00,-,58,26,,4,9,0,80,,,,,
Tangerang,Tangerang Pasir Jaya,2026-05-06 09:00:00,-,63,32,,58,63,0,65,,,,,
Bekasi,Bekasi Kayuringin,2026-05-06 09:00:00,-,59,28,,63,13,0,2,,,,,
Jakarta,The Pakubuwono Menteng,2026-05-06 14:50:08,101,101,38,79,,,,,44,35.4,,,
Depok,Cinere - Nafas,2026-05-06 14:50:17,104,104,41,79,,,,,44,35.2,,,
Bogor,Kabupaten Bogor Leuwiliang,2026-05-06 09:00:00,-,58,26,,4,9,0,80,,,,,
Tangerang,Tangerang Pasir Jaya,2026-05-06 09:00:00,-,63,32,,58,63,0,65,,,,,
Bekasi,Bekasi Kayuringin,2026-05-06 09:00:00,-,59,28,,63,13,0,2,,,,,
Jakarta,The Pakubuwono Menteng,2026-05-06 14:51:08,100,100,37,77,,,,,44,35.3,,,
Depok,Cinere - Nafas,2026-05-06 14:51:16,111,111,44,80,,,,,44,35.2,,,
Bogor,Kabupaten Bogor Leuwiliang,2026-05-06 09:00:00,-,58,26,,4,9,0,80,,,,,
Tangerang,Tangerang Pasir Jaya,2026-05-06 09:00:00,-,63,32,,58,63,0,65,,,,,
Bekasi,Bekasi Kayuringin,2026-05-06 09:00:00,-,59,28,,63,13,0,2,,,,,
Jakarta,The Pakubuwono Menteng,2026-05-06 14:53:08,102,102,39,79,,,,,44,35.3,,,
Depok,Cinere - Nafas,2026-05-06 14:53:16,102,102,38,78,,,,,43,35.4,,,
Bogor,Kabupaten Bogor Leuwiliang,2026-05-06 09:00:00,-,58,26,,4,9,0,80,,,,,
Tangerang,Tangerang Pasir Jaya,2026-05-06 09:00:00,-,63,32,,58,63,0,65,,,,,
Bekasi,Bekasi Kayuringin,2026-05-06 09:00:00,-,59,28,,63,13,0,2,,,,,
Jakarta,The Pakubuwono Menteng,2026-05-06 14:54:08,106,106,39,78,,,,,44,35.3,,,
Depok,Cinere - Nafas,2026-05-06 14:54:17,109,109,41,81,,,,,43,35.4,,,
Bogor,Kabupaten Bogor Leuwiliang,2026-05-06 09:00:00,-,58,26,,4,9,0,80,,,,,
Tangerang,Tangerang Pasir Jaya,2026-05-06 09:00:00,-,63,32,,58,63,0,65,,,,,
Bekasi,Bekasi Kayuringin,2026-05-06 09:00:00,-,59,28,,63,13,0,2,,,,,
Jakarta,The Pakubuwono Menteng,2026-05-06 14:55:08,103,103,38,78,,,,,44,35.09,,,
Depok,Cinere - Nafas,2026-05-06 14:55:16,104,104,38,78,,,,,43,35.59,,,
Bogor,Kabupaten Bogor Leuwiliang,2026-05-06 09:00:00,-,58,26,,4,9,0,80,,,,,
Tangerang,Tangerang Pasir Jaya,2026-05-06 09:00:00,-,63,32,,58,63,0,65,,,,,
Bekasi,Bekasi Kayuringin,2026-05-06 09:00:00,-,59,28,,63,13,0,2,,,,,
Jakarta,The Pakubuwono Menteng,2026-05-06 14:57:08,102,102,38,80,,,,,44,35,,,
Depok,Cinere - Nafas,2026-05-06 14:57:16,109,109,42,84,,,,,43,35.7,,,
Bogor,Kabupaten Bogor Leuwiliang,2026-05-06 09:00:00,-,58,26,,4,9,0,80,,,,,
Tangerang,Tangerang Pasir Jaya,2026-05-06 09:00:00,-,63,32,,58,63,0,65,,,,,
Bekasi,Bekasi Kayuringin,2026-05-06 09:00:00,-,59,28,,63,13,0,2,,,,,
Jakarta,The Pakubuwono Menteng,2026-05-06 14:58:08,98,98,35,77,,,,,45,34.8,,,
Depok,Cinere - Nafas,2026-05-06 14:58:17,111,111,42,83,,,,,43,35.8,,,
Bogor,Kabupaten Bogor Leuwiliang,2026-05-06 09:00:00,-,58,26,,4,9,0,80,,,,,
Tangerang,Tangerang Pasir Jaya,2026-05-06 09:00:00,-,63,32,,58,63,0,65,,,,,
Bekasi,Bekasi Kayuringin,2026-05-06 09:00:00,-,59,28,,63,13,0,2,,,,,
Jakarta,The Pakubuwono Menteng,2026-05-06 14:59:08,103,103,40,79,,,,,45,34.7,,,
Depok,Cinere - Nafas,2026-05-06 14:59:16,111,111,44,83,,,,,43,35.9,,,
Bogor,Kabupaten Bogor Leuwiliang,2026-05-06 09:00:00,-,58,26,,4,9,0,80,,,,,
Tangerang,Tangerang Pasir Jaya,2026-05-06 09:00:00,-,63,32,,58,63,0,65,,,,,
Bekasi,Bekasi Kayuringin,2026-05-06 09:00:00,-,59,28,,63,13,0,2,,,,,
Jakarta,The Pakubuwono Menteng,2026-05-06 15:00:08,100,100,38,77,,,,,45,34.7,,,
Depok,Cinere - Nafas,2026-05-06 15:00:16,113,113,45,83,,,,,42,35.9,,,
Bogor,Kabupaten Bogor Leuwiliang,2026-05-06 09:00:00,-,58,26,,4,9,0,80,,,,,
Tangerang,Tangerang Pasir Jaya,2026-05-06 09:00:00,-,63,32,,58,63,0,65,,,,,
Bekasi,Bekasi Kayuringin,2026-05-06 09:00:00,-,59,28,,63,13,0,2,,,,,
Jakarta,The Pakubuwono Menteng,2026-05-06 15:01:08,98,98,35,75,,,,,45,34.59,,,
Depok,Cinere - Nafas,2026-05-06 15:01:16,107,107,41,83,,,,,43,35.9,,,
Bogor,Kabupaten Bogor Leuwiliang,2026-05-06 09:00:00,-,58,26,,4,9,0,80,,,,,
Tangerang,Tangerang Pasir Jaya,2026-05-06 09:00:00,-,63,32,,58,63,0,65,,,,,
Bekasi,Bekasi Kayuringin,2026-05-06 09:00:00,-,59,28,,63,13,0,2,,,,,
Jakarta,The Pakubuwono Menteng,2026-05-06 15:02:08,93,93,32,74,,,,,45,34.59,,,
Depok,Cinere - Nafas,2026-05-06 15:02:17,112,112,44,81,,,,,42,36,,,
Bogor,Kabupaten Bogor Leuwiliang,2026-05-06 09:00:00,-,58,26,,4,9,0,80,,,,,
Tangerang,Tangerang Pasir Jaya,2026-05-06 09:00:00,-,63,32,,58,63,0,65,,,,,
Bekasi,Bekasi Kayuringin,2026-05-06 09:00:00,-,59,28,,63,13,0,2,,,,,
Jakarta,The Pakubuwono Menteng,2026-05-06 15:03:08,95,95,33,76,,,,,45,34.59,,,
Depok,Cinere - Nafas,2026-05-06 15:03:16,110,110,42,81,,,,,42,36.2,,,
Bogor,Kabupaten Bogor Leuwiliang,2026-05-06 09:00:00,-,58,26,,4,9,0,80,,,,,
Tangerang,Tangerang Pasir Jaya,2026-05-06 09:00:00,-,63,32,,58,63,0,65,,,,,
Bekasi,Bekasi Kayuringin,2026-05-06 09:00:00,-,59,28,,63,13,0,2,,,,,
Jakarta,The Pakubuwono Menteng,2026-05-06 15:05:08,97,97,34,74,,,,,45,34.5,,,
Depok,Cinere - Nafas,2026-05-06 15:05:16,100,100,38,77,,,,,42,36.4,,,
Bogor,Kabupaten Bogor Leuwiliang,2026-05-06 09:00:00,-,58,26,,4,9,0,80,,,,,
Tangerang,Tangerang Pasir Jaya,2026-05-06 09:00:00,-,63,32,,58,63,0,65,,,,,
Bekasi,Bekasi Kayuringin,2026-05-06 09:00:00,-,59,28,,63,13,0,2,,,,,
Jakarta,The Pakubuwono Menteng,2026-05-06 15:06:08,93,93,31,73,,,,,45,34.59,,,
Depok,Cinere - Nafas,2026-05-06 15:06:17,100,100,37,76,,,,,42,36.5,,,
Bogor,Kabupaten Bogor Leuwiliang,2026-05-06 09:00:00,-,58,26,,4,9,0,80,,,,,
Tangerang,Tangerang Pasir Jaya,2026-05-06 09:00:00,-,63,32,,58,63,0,65,,,,,
Bekasi,Bekasi Kayuringin,2026-05-06 09:00:00,-,59,28,,63,13,0,2,,,,,
Jakarta,The Pakubuwono Menteng,2026-05-06 15:07:08,87,87,31,71,,,,,45,34.7,,,
Depok,Cinere - Nafas,2026-05-06 15:07:16,99,99,38,79,,,,,41,36.59,,,
Bogor,Kabupaten Bogor Leuwiliang,2026-05-06 09:00:00,-,58,26,,4,9,0,80,,,,,
Tangerang,Tangerang Pasir Jaya,2026-05-06 09:00:00,-,63,32,,58,63,0,65,,,,,
Bekasi,Bekasi Kayuringin,2026-05-06 09:00:00,-,59,28,,63,13,0,2,,,,,
Jakarta,The Pakubuwono Menteng,2026-05-06 15:08:08,91,91,30,70,,,,,45,34.7,,,
Depok,Cinere - Nafas,2026-05-06 15:08:16,100,100,37,76,,,,,41,36.7,,,
Bogor,Kabupaten Bogor Leuwiliang,2026-05-06 09:00:00,-,58,26,,4,9,0,80,,,,,
Tangerang,Tangerang Pasir Jaya,2026-05-06 09:00:00,-,63,32,,58,63,0,65,,,,,
Bekasi,Bekasi Kayuringin,2026-05-06 09:00:00,-,59,28,,63,13,0,2,,,,,
Jakarta,The Pakubuwono Menteng,2026-05-06 15:10:08,89,89,29,69,,,,,45,34.8,,,
Depok,Cinere - Nafas,2026-05-06 15:10:16,98,98,36,75,,,,,41,36.9,,,
Bogor,Kabupaten Bogor Leuwiliang,2026-05-06 09:00:00,-,58,26,,4,9,0,80,,,,,
Tangerang,Tangerang Pasir Jaya,2026-05-06 09:00:00,-,63,32,,58,63,0,65,,,,,
Bekasi,Bekasi Kayuringin,2026-05-06 09:00:00,-,59,28,,63,13,0,2,,,,,
Jakarta,The Pakubuwono Menteng,2026-05-06 15:11:08,93,93,32,73,,,,,44,34.8,,,
Depok,Cinere - Nafas,2026-05-06 15:11:16,98,98,37,76,,,,,41,37,,,
Bogor,Kabupaten Bogor Leuwiliang,2026-05-06 09:00:00,-,58,26,,4,9,0,80,,,,,
Tangerang,Tangerang Pasir Jaya,2026-05-06 09:00:00,-,63,32,,58,63,0,65,,,,,
Bekasi,Bekasi Kayuringin,2026-05-06 09:00:00,-,59,28,,63,13,0,2,,,,,
Jakarta,The Pakubuwono Menteng,2026-05-06 15:12:08,91,91,32,70,,,,,44,34.8,,,
Depok,Cinere - Nafas,2026-05-06 15:12:17,99,99,36,79,,,,,40,37.2,,,
Bogor,Kabupaten Bogor Leuwiliang,2026-05-06 09:00:00,-,58,26,,4,9,0,80,,,,,
Tangerang,Tangerang Pasir Jaya,2026-05-06 09:00:00,-,63,32,,58,63,0,65,,,,,
Bekasi,Bekasi Kayuringin,2026-05-06 09:00:00,-,59,28,,63,13,0,2,,,,,
Jakarta,The Pakubuwono Menteng,2026-05-06 15:14:08,94,94,32,73,,,,,44,34.8,,,
Depok,Cinere - Nafas,2026-05-06 15:14:17,97,97,38,77,,,,,40,37.4,,,
Bogor,Kabupaten Bogor Leuwiliang,2026-05-06 09:00:00,-,58,26,,4,9,0,80,,,,,
Tangerang,Tangerang Pasir Jaya,2026-05-06 09:00:00,-,63,32,,58,63,0,65,,,,,
Bekasi,Bekasi Kayuringin,2026-05-06 09:00:00,-,59,28,,63,13,0,2,,,,,
Jakarta,The Pakubuwono Menteng,2026-05-06 15:15:08,90,90,31,71,,,,,44,34.7,,,
Depok,Cinere - Nafas,2026-05-06 15:15:17,99,99,37,75,,,,,40,37.5,,,
Bogor,Kabupaten Bogor Leuwiliang,2026-05-06 09:00:00,-,58,26,,4,9,0,80,,,,,
Tangerang,Tangerang Pasir Jaya,2026-05-06 09:00:00,-,63,32,,58,63,0,65,,,,,
Bekasi,Bekasi Kayuringin,2026-05-06 09:00:00,-,59,28,,63,13,0,2,,,,,
Jakarta,The Pakubuwono Menteng,2026-05-06 15:16:08,92,92,31,73,,,,,44,34.7,,,
Depok,Cinere - Nafas,2026-05-06 15:16:17,98,98,35,75,,,,,40,37.59,,,
Bogor,Kabupaten Bogor Leuwiliang,2026-05-06 09:00:00,-,58,26,,4,9,0,80,,,,,
Tangerang,Tangerang Pasir Jaya,2026-05-06 09:00:00,-,63,32,,58,63,0,65,,,,,
Bekasi,Bekasi Kayuringin,2026-05-06 09:00:00,-,59,28,,63,13,0,2,,,,,
Jakarta,The Pakubuwono Menteng,2026-05-06 15:17:09,87,87,28,70,,,,,44,34.59,,,
Depok,Cinere - Nafas,2026-05-06 15:17:17,98,98,37,75,,,,,40,37.7,,,
Bogor,Kabupaten Bogor Leuwiliang,2026-05-06 09:00:00,-,58,26,,4,9,0,80,,,,,
Tangerang,Tangerang Pasir Jaya,2026-05-06 09:00:00,-,63,32,,58,63,0,65,,,,,
Bekasi,Bekasi Kayuringin,2026-05-06 09:00:00,-,59,28,,63,13,0,2,,,,,
Jakarta,The Pakubuwono Menteng,2026-05-06 15:18:08,86,86,28,70,,,,,45,34.7,,,
Depok,Cinere - Nafas,2026-05-06 15:18:17,101,101,38,77,,,,,39,37.9,,,
Bogor,Kabupaten Bogor Leuwiliang,2026-05-06 09:00:00,-,58,26,,4,9,0,80,,,,,
Tangerang,Tangerang Pasir Jaya,2026-05-06 09:00:00,-,63,32,,58,63,0,65,,,,,
Bekasi,Bekasi Kayuringin,2026-05-06 09:00:00,-,59,28,,63,13,0,2,,,,,
Jakarta,The Pakubuwono Menteng,2026-05-06 15:20:08,90,90,29,70,,,,,45,34.7,,,
Depok,Cinere - Nafas,2026-05-06 15:20:17,99,99,37,77,,,,,39,38.09,,,
Bogor,Kabupaten Bogor Leuwiliang,2026-05-06 09:00:00,-,58,26,,4,9,0,80,,,,,
Tangerang,Tangerang Pasir Jaya,2026-05-06 09:00:00,-,63,32,,58,63,0,65,,,,,
Bekasi,Bekasi Kayuringin,2026-05-06 09:00:00,-,59,28,,63,13,0,2,,,,,
Jakarta,The Pakubuwono Menteng,2026-05-06 15:21:08,84,84,29,68,,,,,44,34.59,,,
Depok,Cinere - Nafas,2026-05-06 15:21:17,101,101,39,78,,,,,38,38.09,,,
Bogor,Kabupaten Bogor Leuwiliang,2026-05-06 09:00:00,-,58,26,,4,9,0,80,,,,,
Tangerang,Tangerang Pasir Jaya,2026-05-06 09:00:00,-,63,32,,58,63,0,65,,,,,
Bekasi,Bekasi Kayuringin,2026-05-06 09:00:00,-,59,28,,63,13,0,2,,,,,
Jakarta,The Pakubuwono Menteng,2026-05-06 15:22:09,86,86,27,70,,,,,45,34.59,,,
Depok,Cinere - Nafas,2026-05-06 15:22:17,98,98,38,75,,,,,38,38.09,,,
Bogor,Kabupaten Bogor Leuwiliang,2026-05-06 09:00:00,-,58,26,,4,9,0,80,,,,,
Tangerang,Tangerang Pasir Jaya,2026-05-06 09:00:00,-,63,32,,58,63,0,65,,,,,
Bekasi,Bekasi Kayuringin,2026-05-06 09:00:00,-,59,28,,63,13,0,2,,,,,
Jakarta,The Pakubuwono Menteng,2026-05-06 15:23:09,88,88,28,71,,,,,45,34.59,,,
Depok,Cinere - Nafas,2026-05-06 15:23:17,100,100,37,76,,,,,38,38.2,,,
Bogor,Kabupaten Bogor Leuwiliang,2026-05-06 09:00:00,-,58,26,,4,9,0,80,,,,,
Tangerang,Tangerang Pasir Jaya,2026-05-06 09:00:00,-,63,32,,58,63,0,65,,,,,
Bekasi,Bekasi Kayuringin,2026-05-06 09:00:00,-,59,28,,63,13,0,2,,,,,
Jakarta,The Pakubuwono Menteng,2026-05-06 15:24:08,83,83,26,70,,,,,45,34.5,,,
Depok,Cinere - Nafas,2026-05-06 15:24:17,99,99,38,79,,,,,38,38.3,,,
Bogor,Kabupaten Bogor Leuwiliang,2026-05-06 09:00:00,-,58,26,,4,9,0,80,,,,,
Tangerang,Tangerang Pasir Jaya,2026-05-06 09:00:00,-,63,32,,58,63,0,65,,,,,
Bekasi,Bekasi Kayuringin,2026-05-06 09:00:00,-,59,28,,63,13,0,2,,,,,
Jakarta,The Pakubuwono Menteng,2026-05-06 15:25:09,83,83,28,67,,,,,45,34.59,,,
Depok,Cinere - Nafas,2026-05-06 15:25:19,105,105,41,77,,,,,38,38.3,,,
Bogor,Kabupaten Bogor Leuwiliang,2026-05-06 09:00:00,-,58,26,,4,9,0,80,,,,,
Tangerang,Tangerang Pasir Jaya,2026-05-06 09:00:00,-,63,32,,58,63,0,65,,,,,
Bekasi,Bekasi Kayuringin,2026-05-06 09:00:00,-,59,28,,63,13,0,2,,,,,
Jakarta,The Pakubuwono Menteng,2026-05-06 15:26:08,87,87,29,69,,,,,45,34.59,,,
Depok,Cinere - Nafas,2026-05-06 15:26:19,101,101,38,79,,,,,38,38.3,,,
Bogor,Kabupaten Bogor Leuwiliang,2026-05-06 09:00:00,-,58,26,,4,9,0,80,,,,,
Tangerang,Tangerang Pasir Jaya,2026-05-06 09:00:00,-,63,32,,58,63,0,65,,,,,
Bekasi,Bekasi Kayuringin,2026-05-06 09:00:00,-,59,28,,63,13,0,2,,,,,
Jakarta,The Pakubuwono Menteng,2026-05-06 15:27:08,87,87,27,71,,,,,45,34.5,,,
Depok,Cinere - Nafas,2026-05-06 15:28:19,108,108,41,81,,,,,38,38.5,,,
Bogor,Kabupaten Bogor Leuwiliang,2026-05-06 09:00:00,-,58,26,,4,9,0,80,,,,,
Tangerang,Tangerang Pasir Jaya,2026-05-06 09:00:00,-,63,32,,58,63,0,65,,,,,
Bekasi,Bekasi Kayuringin,2026-05-06 09:00:00,-,59,28,,63,13,0,2,,,,,
Jakarta,The Pakubuwono Menteng,2026-05-06 15:30:09,84,84,26,69,,,,,45,34.5,,,
Depok,Cinere - Nafas,2026-05-06 15:30:19,107,107,42,80,,,,,37,38.5,,,
Bogor,Kabupaten Bogor Leuwiliang,2026-05-06 09:00:00,-,58,26,,4,9,0,80,,,,,
Tangerang,Tangerang Pasir Jaya,2026-05-06 09:00:00,-,63,32,,58,63,0,65,,,,,
Bekasi,Bekasi Kayuringin,2026-05-06 09:00:00,-,59,28,,63,13,0,2,,,,,
Jakarta,The Pakubuwono Menteng,2026-05-06 15:31:09,82,82,25,67,,,,,45,34.4,,,
Depok,Cinere - Nafas,2026-05-06 15:31:19,108,108,42,83,,,,,37,38.3,,,
Bogor,Kabupaten Bogor Leuwiliang,2026-05-06 09:00:00,-,58,26,,4,9,0,80,,,,,
Tangerang,Tangerang Pasir Jaya,2026-05-06 09:00:00,-,63,32,,58,63,0,65,,,,,
Bekasi,Bekasi Kayuringin,2026-05-06 09:00:00,-,59,28,,63,13,0,2,,,,,
Jakarta,The Pakubuwono Menteng,2026-05-06 15:32:09,86,86,26,69,,,,,45,34.4,,,
Depok,Cinere - Nafas,2026-05-06 15:32:19,111,111,44,79,,,,,38,38.3,,,
Bogor,Kabupaten Bogor Leuwiliang,2026-05-06 09:00:00,-,58,26,,4,9,0,80,,,,,
Tangerang,Tangerang Pasir Jaya,2026-05-06 09:00:00,-,63,32,,58,63,0,65,,,,,
Bekasi,Bekasi Kayuringin,2026-05-06 09:00:00,-,59,28,,63,13,0,2,,,,,
Jakarta,The Pakubuwono Menteng,2026-05-06 15:33:09,84,84,26,69,,,,,45,34.4,,,
Depok,Cinere - Nafas,2026-05-06 15:33:19,110,110,45,83,,,,,38,38.2,,,
Bogor,Kabupaten Bogor Leuwiliang,2026-05-06 09:00:00,-,58,26,,4,9,0,80,,,,,
Tangerang,Tangerang Pasir Jaya,2026-05-06 09:00:00,-,63,32,,58,63,0,65,,,,,
Bekasi,Bekasi Kayuringin,2026-05-06 09:00:00,-,59,28,,63,13,0,2,,,,,
Jakarta,The Pakubuwono Menteng,2026-05-06 15:34:09,88,88,28,71,,,,,45,34.4,,,
Depok,Cinere - Nafas,2026-05-06 15:34:19,113,113,44,83,,,,,38,38.2,,,
Bogor,Kabupaten Bogor Leuwiliang,2026-05-06 09:00:00,-,58,26,,4,9,0,80,,,,,
Tangerang,Tangerang Pasir Jaya,2026-05-06 09:00:00,-,63,32,,58,63,0,65,,,,,
Bekasi,Bekasi Kayuringin,2026-05-06 09:00:00,-,59,28,,63,13,0,2,,,,,
Jakarta,The Pakubuwono Menteng,2026-05-06 15:34:09,88,88,28,71,,,,,45,34.4,,,
Depok,Cinere - Nafas,2026-05-06 15:34:19,113,113,44,83,,,,,38,38.2,,,
Bogor,Kabupaten Bogor Leuwiliang,2026-05-06 09:00:00,-,58,26,,4,9,0,80,,,,,
Tangerang,Tangerang Pasir Jaya,2026-05-06 09:00:00,-,63,32,,58,63,0,65,,,,,
Bekasi,Bekasi Kayuringin,2026-05-06 09:00:00,-,59,28,,63,13,0,2,,,,,
Jakarta,The Pakubuwono Menteng,2026-05-06 15:35:09,88,88,28,71,,,,,46,34.3,,,
Depok,Cinere - Nafas,2026-05-06 15:37:40,118,118,47,86,,,,,39,37.8,,,
Bogor,Kabupaten Bogor Leuwiliang,2026-05-06 09:00:00,-,58,26,,4,9,0,80,,,,,
Tangerang,Tangerang Pasir Jaya,2026-05-06 09:00:00,-,63,32,,58,63,0,65,,,,,
Bekasi,Bekasi Kayuringin,2026-05-06 09:00:00,-,59,28,,63,13,0,2,,,,,
Jakarta,The Pakubuwono Menteng,2026-05-06 15:38:09,85,85,27,70,,,,,46,34.2,,,
Depok,Cinere - Nafas,2026-05-06 15:38:40,116,116,45,84,,,,,39,37.59,,,
Bogor,Kabupaten Bogor Leuwiliang,2026-05-06 09:00:00,-,58,26,,4,9,0,80,,,,,
Tangerang,Tangerang Pasir Jaya,2026-05-06 09:00:00,-,63,32,,58,63,0,65,,,,,
Bekasi,Bekasi Kayuringin,2026-05-06 09:00:00,-,59,28,,63,13,0,2,,,,,
Jakarta,The Pakubuwono Menteng,2026-05-06 15:39:09,87,87,30,70,,,,,46,34.2,,,
Depok,Cinere - Nafas,2026-05-06 15:39:40,116,116,45,86,,,,,39,37.4,,,
Bogor,Kabupaten Bogor Leuwiliang,2026-05-06 09:00:00,-,58,26,,4,9,0,80,,,,,
Tangerang,Tangerang Pasir Jaya,2026-05-06 09:00:00,-,63,32,,58,63,0,65,,,,,
Bekasi,Bekasi Kayuringin,2026-05-06 09:00:00,-,59,28,,63,13,0,2,,,,,
Jakarta,The Pakubuwono Menteng,2026-05-06 15:40:09,88,88,28,70,,,,,46,34.09,,,
Depok,Cinere - Nafas,2026-05-06 15:40:40,113,113,44,83,,,,,40,37.09,,,
Bogor,Kabupaten Bogor Leuwiliang,2026-05-06 09:00:00,-,58,26,,4,9,0,80,,,,,
Tangerang,Tangerang Pasir Jaya,2026-05-06 09:00:00,-,63,32,,58,63,0,65,,,,,
Bekasi,Bekasi Kayuringin,2026-05-06 09:00:00,-,59,28,,63,13,0,2,,,,,
Jakarta,The Pakubuwono Menteng,2026-05-06 15:41:09,84,84,26,70,,,,,46,34.09,,,
Depok,Cinere - Nafas,2026-05-06 15:41:40,116,116,45,84,,,,,41,36.8,,,
Bogor,Kabupaten Bogor Leuwiliang,2026-05-06 09:00:00,-,58,26,,4,9,0,80,,,,,
Tangerang,Tangerang Pasir Jaya,2026-05-06 09:00:00,-,63,32,,58,63,0,65,,,,,
Bekasi,Bekasi Kayuringin,2026-05-06 09:00:00,-,59,28,,63,13,0,2,,,,,
Jakarta,The Pakubuwono Menteng,2026-05-06 15:42:09,89,89,28,71,,,,,46,34.09,,,
Depok,Cinere - Nafas,2026-05-06 15:42:40,114,114,44,86,,,,,41,36.59,,,
Bogor,Kabupaten Bogor Leuwiliang,2026-05-06 09:00:00,-,58,26,,4,9,0,80,,,,,
Tangerang,Tangerang Pasir Jaya,2026-05-06 09:00:00,-,63,32,,58,63,0,65,,,,,
Bekasi,Bekasi Kayuringin,2026-05-06 09:00:00,-,59,28,,63,13,0,2,,,,,
Jakarta,The Pakubuwono Menteng,2026-05-06 15:43:09,83,83,25,67,,,,,46,34,,,
Depok,Cinere - Nafas,2026-05-06 15:43:40,118,118,47,86,,,,,42,36.4,,,
Bogor,Kabupaten Bogor Leuwiliang,2026-05-06 09:00:00,-,58,26,,4,9,0,80,,,,,
Tangerang,Tangerang Pasir Jaya,2026-05-06 09:00:00,-,63,32,,58,63,0,65,,,,,
Bekasi,Bekasi Kayuringin,2026-05-06 09:00:00,-,59,28,,63,13,0,2,,,,,
Jakarta,The Pakubuwono Menteng,2026-05-06 15:44:09,84,84,27,69,,,,,46,34,,,
Depok,Cinere - Nafas,2026-05-06 15:44:40,118,118,47,86,,,,,42,36.2,,,
Bogor,Kabupaten Bogor Leuwiliang,2026-05-06 09:00:00,-,58,26,,4,9,0,80,,,,,
Tangerang,Tangerang Pasir Jaya,2026-05-06 09:00:00,-,63,32,,58,63,0,65,,,,,
Bekasi,Bekasi Kayuringin,2026-05-06 09:00:00,-,59,28,,63,13,0,2,,,,,
Jakarta,The Pakubuwono Menteng,2026-05-06 15:46:09,87,87,28,68,,,,,47,33.9,,,
Depok,Cinere - Nafas,2026-05-06 15:47:40,131,131,52,93,,,,,44,35.59,,,
Bogor,Kabupaten Bogor Leuwiliang,2026-05-06 09:00:00,-,58,26,,4,9,0,80,,,,,
Tangerang,Tangerang Pasir Jaya,2026-05-06 09:00:00,-,63,32,,58,63,0,65,,,,,
Bekasi,Bekasi Kayuringin,2026-05-06 09:00:00,-,59,28,,63,13,0,2,,,,,
Jakarta,The Pakubuwono Menteng,2026-05-06 15:48:09,90,90,32,71,,,,,47,33.8,,,
Depok,Cinere - Nafas,2026-05-06 15:48:40,125,125,51,89,,,,,44,35.4,,,
Bogor,Kabupaten Bogor Leuwiliang,2026-05-06 09:00:00,-,58,26,,4,9,0,80,,,,,
Tangerang,Tangerang Pasir Jaya,2026-05-06 09:00:00,-,63,32,,58,63,0,65,,,,,
Bekasi,Bekasi Kayuringin,2026-05-06 09:00:00,-,59,28,,63,13,0,2,,,,,
Jakarta,The Pakubuwono Menteng,2026-05-06 15:49:09,88,88,29,68,,,,,47,33.8,,,
Depok,Cinere - Nafas,2026-05-06 15:49:41,131,131,53,94,,,,,44,35.2,,,
Bogor,Kabupaten Bogor Leuwiliang,2026-05-06 09:00:00,-,58,26,,4,9,0,80,,,,,
Tangerang,Tangerang Pasir Jaya,2026-05-06 09:00:00,-,63,32,,58,63,0,65,,,,,
Bekasi,Bekasi Kayuringin,2026-05-06 09:00:00,-,59,28,,63,13,0,2,,,,,
Jakarta,The Pakubuwono Menteng,2026-05-06 15:50:09,90,90,30,69,,,,,47,33.8,,,
Depok,Cinere - Nafas,2026-05-06 15:50:40,126,126,50,90,,,,,45,35,,,
Bogor,Kabupaten Bogor Leuwiliang,2026-05-06 09:00:00,-,58,26,,4,9,0,80,,,,,
Tangerang,Tangerang Pasir Jaya,2026-05-06 09:00:00,-,63,32,,58,63,0,65,,,,,
Bekasi,Bekasi Kayuringin,2026-05-06 09:00:00,-,59,28,,63,13,0,2,,,,,
Jakarta,The Pakubuwono Menteng,2026-05-06 15:50:09,90,90,30,69,,,,,47,33.8,,,
Depok,Cinere - Nafas,2026-05-06 15:50:40,126,126,50,90,,,,,45,35,,,
Bogor,Kabupaten Bogor Leuwiliang,2026-05-06 09:00:00,-,58,26,,4,9,0,80,,,,,
Tangerang,Tangerang Pasir Jaya,2026-05-06 09:00:00,-,63,32,,58,63,0,65,,,,,
Bekasi,Bekasi Kayuringin,2026-05-06 09:00:00,-,59,28,,63,13,0,2,,,,,
Jakarta,The Pakubuwono Menteng,2026-05-06 15:51:12,87,87,27,67,,,,,47,33.8,,,
Depok,Cinere - Nafas,2026-05-06 15:51:40,130,130,52,94,,,,,45,34.9,,,
Bogor,Kabupaten Bogor Leuwiliang,2026-05-06 09:00:00,-,58,26,,4,9,0,80,,,,,
Tangerang,Tangerang Pasir Jaya,2026-05-06 09:00:00,-,63,32,,58,63,0,65,,,,,
Bekasi,Bekasi Kayuringin,2026-05-06 09:00:00,-,59,28,,63,13,0,2,,,,,
Jakarta,The Pakubuwono Menteng,2026-05-06 15:53:10,87,87,30,70,,,,,47,33.9,,,
Depok,Cinere - Nafas,2026-05-06 15:53:40,131,131,52,93,,,,,45,34.5,,,
Bogor,Kabupaten Bogor Leuwiliang,2026-05-06 09:00:00,-,58,26,,4,9,0,80,,,,,
Tangerang,Tangerang Pasir Jaya,2026-05-06 09:00:00,-,63,32,,58,63,0,65,,,,,
Bekasi,Bekasi Kayuringin,2026-05-06 09:00:00,-,59,28,,63,13,0,2,,,,,
Jakarta,The Pakubuwono Menteng,2026-05-06 15:54:10,92,92,31,72,,,,,47,33.8,,,
Depok,Cinere - Nafas,2026-05-06 15:54:40,131,131,52,92,,,,,46,34.4,,,
Bogor,Kabupaten Bogor Leuwiliang,2026-05-06 09:00:00,-,58,26,,4,9,0,80,,,,,
Tangerang,Tangerang Pasir Jaya,2026-05-06 09:00:00,-,63,32,,58,63,0,65,,,,,
Bekasi,Bekasi Kayuringin,2026-05-06 09:00:00,-,59,28,,63,13,0,2,,,,,
Jakarta,The Pakubuwono Menteng,2026-05-06 15:56:09,89,89,31,73,,,,,47,33.7,,,
Depok,Cinere - Nafas,2026-05-06 15:56:41,136,136,54,97,,,,,46,34,,,
Bogor,Kabupaten Bogor Leuwiliang,2026-05-06 09:00:00,-,58,26,,4,9,0,80,,,,,
Tangerang,Tangerang Pasir Jaya,2026-05-06 09:00:00,-,63,32,,58,63,0,65,,,,,
Bekasi,Bekasi Kayuringin,2026-05-06 09:00:00,-,59,28,,63,13,0,2,,,,,
Jakarta,The Pakubuwono Menteng,2026-05-06 15:57:09,89,89,31,70,,,,,47,33.7,,,
Depok,Cinere - Nafas,2026-05-06 15:57:41,136,136,53,97,,,,,46,33.9,,,
Bogor,Kabupaten Bogor Leuwiliang,2026-05-06 09:00:00,-,58,26,,4,9,0,80,,,,,
Tangerang,Tangerang Pasir Jaya,2026-05-06 09:00:00,-,63,32,,58,63,0,65,,,,,
Bekasi,Bekasi Kayuringin,2026-05-06 09:00:00,-,59,28,,63,13,0,2,,,,,
Jakarta,The Pakubuwono Menteng,2026-05-06 15:58:09,87,87,29,70,,,,,47,33.7,,,
Depok,Cinere - Nafas,2026-05-06 15:58:41,132,132,53,94,,,,,46,33.7,,,
Bogor,Kabupaten Bogor Leuwiliang,2026-05-06 09:00:00,-,58,26,,4,9,0,80,,,,,
Tangerang,Tangerang Pasir Jaya,2026-05-06 09:00:00,-,63,32,,58,63,0,65,,,,,
Bekasi,Bekasi Kayuringin,2026-05-06 09:00:00,-,59,28,,63,13,0,2,,,,,
Jakarta,The Pakubuwono Menteng,2026-05-06 15:59:10,93,93,32,73,,,,,48,33.7,,,
Depok,Cinere - Nafas,2026-05-06 15:59:41,136,136,54,96,,,,,46,33.59,,,
Bogor,Kabupaten Bogor Leuwiliang,2026-05-06 09:00:00,-,58,26,,4,9,0,80,,,,,
Tangerang,Tangerang Pasir Jaya,2026-05-06 09:00:00,-,63,32,,58,63,0,65,,,,,
Bekasi,Bekasi Kayuringin,2026-05-06 09:00:00,-,59,28,,63,13,0,2,,,,,
Jakarta,The Pakubuwono Menteng,2026-05-06 16:00:09,91,91,31,70,,,,,48,33.59,,,
Depok,Cinere - Nafas,2026-05-06 16:00:41,129,129,52,94,,,,,47,33.4,,,
Bogor,Kabupaten Bogor Leuwiliang,2026-05-06 09:00:00,-,58,26,,4,9,0,80,,,,,
Tangerang,Tangerang Pasir Jaya,2026-05-06 09:00:00,-,63,32,,58,63,0,65,,,,,
Bekasi,Bekasi Kayuringin,2026-05-06 09:00:00,-,59,28,,63,13,0,2,,,,,
Jakarta,The Pakubuwono Menteng,2026-05-06 16:02:09,95,95,34,75,,,,,48,33.59,,,
Depok,Cinere - Nafas,2026-05-06 16:02:41,133,133,53,94,,,,,47,33.2,,,
Bogor,Kabupaten Bogor Leuwiliang,2026-05-06 09:00:00,-,58,26,,4,9,0,80,,,,,
Tangerang,Tangerang Pasir Jaya,2026-05-06 09:00:00,-,63,32,,58,63,0,65,,,,,
Bekasi,Bekasi Kayuringin,2026-05-06 09:00:00,-,59,28,,63,13,0,2,,,,,
Jakarta,The Pakubuwono Menteng,2026-05-06 16:03:09,90,90,32,72,,,,,48,33.59,,,
Depok,Cinere - Nafas,2026-05-06 16:03:41,129,129,52,92,,,,,47,33.09,,,
Bogor,Kabupaten Bogor Leuwiliang,2026-05-06 09:00:00,-,58,26,,4,9,0,80,,,,,
Tangerang,Tangerang Pasir Jaya,2026-05-06 09:00:00,-,63,32,,58,63,0,65,,,,,
Bekasi,Bekasi Kayuringin,2026-05-06 09:00:00,-,59,28,,63,13,0,2,,,,,
Jakarta,The Pakubuwono Menteng,2026-05-06 16:04:10,94,94,33,74,,,,,48,33.59,,,
Depok,Cinere - Nafas,2026-05-06 16:03:41,129,129,52,92,,,,,47,33.09,,,
Bogor,Kabupaten Bogor Leuwiliang,2026-05-06 09:00:00,-,58,26,,4,9,0,80,,,,,
Tangerang,Tangerang Pasir Jaya,2026-05-06 09:00:00,-,63,32,,58,63,0,65,,,,,
Bekasi,Bekasi Kayuringin,2026-05-06 09:00:00,-,59,28,,63,13,0,2,,,,,
Jakarta,The Pakubuwono Menteng,2026-05-06 16:06:09,97,97,36,75,,,,,48,33.5,,,
Depok,Cinere - Nafas,2026-05-06 16:06:02,129,129,52,93,,,,,48,32.9,,,
Bogor,Kabupaten Bogor Leuwiliang,2026-05-06 09:00:00,-,58,26,,4,9,0,80,,,,,
Tangerang,Tangerang Pasir Jaya,2026-05-06 09:00:00,-,63,32,,58,63,0,65,,,,,
Bekasi,Bekasi Kayuringin,2026-05-06 09:00:00,-,59,28,,63,13,0,2,,,,,
Jakarta,The Pakubuwono Menteng,2026-05-06 16:06:09,97,97,36,75,,,,,48,33.5,,,
Depok,Cinere - Nafas,2026-05-06 16:06:02,129,129,52,93,,,,,48,32.9,,,
Bogor,Kabupaten Bogor Leuwiliang,2026-05-06 09:00:00,-,58,26,,4,9,0,80,,,,,
Tangerang,Tangerang Pasir Jaya,2026-05-06 09:00:00,-,63,32,,58,63,0,65,,,,,
Bekasi,Bekasi Kayuringin,2026-05-06 09:00:00,-,59,28,,63,13,0,2,,,,,
Jakarta,The Pakubuwono Menteng,2026-05-06 16:07:10,98,98,36,75,,,,,48,33.5,,,
Depok,Cinere - Nafas,2026-05-06 16:07:02,130,130,53,94,,,,,48,32.8,,,
Bogor,Kabupaten Bogor Leuwiliang,2026-05-06 09:00:00,-,58,26,,4,9,0,80,,,,,
Tangerang,Tangerang Pasir Jaya,2026-05-06 09:00:00,-,63,32,,58,63,0,65,,,,,
Bekasi,Bekasi Kayuringin,2026-05-06 09:00:00,-,59,28,,63,13,0,2,,,,,
Jakarta,The Pakubuwono Menteng,2026-05-06 16:09:09,93,93,33,73,,,,,48,33.5,,,
Depok,Cinere - Nafas,2026-05-06 16:09:02,134,134,53,93,,,,,48,32.7,,,
Bogor,Kabupaten Bogor Leuwiliang,2026-05-06 09:00:00,-,58,26,,4,9,0,80,,,,,
Tangerang,Tangerang Pasir Jaya,2026-05-06 09:00:00,-,63,32,,58,63,0,65,,,,,
Bekasi,Bekasi Kayuringin,2026-05-06 09:00:00,-,59,28,,63,13,0,2,,,,,
Jakarta,The Pakubuwono Menteng,2026-05-06 16:10:09,94,94,33,73,,,,,49,33.5,,,
Depok,Cinere - Nafas,2026-05-06 16:10:02,135,135,53,92,,,,,49,32.7,,,
Bogor,Kabupaten Bogor Leuwiliang,2026-05-06 09:00:00,-,58,26,,4,9,0,80,,,,,
Tangerang,Tangerang Pasir Jaya,2026-05-06 09:00:00,-,63,32,,58,63,0,65,,,,,
Bekasi,Bekasi Kayuringin,2026-05-06 09:00:00,-,59,28,,63,13,0,2,,,,,
Jakarta,The Pakubuwono Menteng,2026-05-06 16:11:10,95,95,34,76,,,,,48,33.5,,,
Depok,Cinere - Nafas,2026-05-06 16:11:02,129,129,52,90,,,,,48,32.7,,,
Bogor,Kabupaten Bogor Leuwiliang,2026-05-06 09:00:00,-,58,26,,4,9,0,80,,,,,
Tangerang,Tangerang Pasir Jaya,2026-05-06 09:00:00,-,63,32,,58,63,0,65,,,,,
Bekasi,Bekasi Kayuringin,2026-05-06 09:00:00,-,59,28,,63,13,0,2,,,,,
Jakarta,The Pakubuwono Menteng,2026-05-06 16:12:09,91,91,30,72,,,,,48,33.5,,,
Depok,Cinere - Nafas,2026-05-06 16:12:02,126,126,50,90,,,,,48,32.7,,,
Bogor,Kabupaten Bogor Leuwiliang,2026-05-06 09:00:00,-,58,26,,4,9,0,80,,,,,
Tangerang,Tangerang Pasir Jaya,2026-05-06 09:00:00,-,63,32,,58,63,0,65,,,,,
Bekasi,Bekasi Kayuringin,2026-05-06 09:00:00,-,59,28,,63,13,0,2,,,,,
Jakarta,The Pakubuwono Menteng,2026-05-06 16:13:09,97,97,34,74,,,,,48,33.5,,,
Depok,Cinere - Nafas,2026-05-06 16:13:02,134,134,53,94,,,,,48,32.59,,,
Bogor,Kabupaten Bogor Leuwiliang,2026-05-06 09:00:00,-,58,26,,4,9,0,80,,,,,
Tangerang,Tangerang Pasir Jaya,2026-05-06 09:00:00,-,63,32,,58,63,0,65,,,,,
Bekasi,Bekasi Kayuringin,2026-05-06 09:00:00,-,59,28,,63,13,0,2,,,,,
Jakarta,The Pakubuwono Menteng,2026-05-06 16:15:10,95,95,34,75,,,,,48,33.4,,,
Depok,Cinere - Nafas,2026-05-06 16:15:02,128,128,51,91,,,,,49,32.59,,,
Bogor,Kabupaten Bogor Leuwiliang,2026-05-06 09:00:00,-,58,26,,4,9,0,80,,,,,
Tangerang,Tangerang Pasir Jaya,2026-05-06 09:00:00,-,63,32,,58,63,0,65,,,,,
Bekasi,Bekasi Kayuringin,2026-05-06 09:00:00,-,59,28,,63,13,0,2,,,,,
Jakarta,The Pakubuwono Menteng,2026-05-06 16:17:10,93,93,32,72,,,,,49,33.4,,,
Depok,Cinere - Nafas,2026-05-06 16:17:02,126,126,50,88,,,,,49,32.5,,,
Bogor,Kabupaten Bogor Leuwiliang,2026-05-06 09:00:00,-,58,26,,4,9,0,80,,,,,
Tangerang,Tangerang Pasir Jaya,2026-05-06 09:00:00,-,63,32,,58,63,0,65,,,,,
Bekasi,Bekasi Kayuringin,2026-05-06 09:00:00,-,59,28,,63,13,0,2,,,,,
Jakarta,The Pakubuwono Menteng,2026-05-06 16:18:10,93,93,33,73,,,,,49,33.4,,,
Depok,Cinere - Nafas,2026-05-06 16:18:02,126,126,51,90,,,,,49,32.5,,,
Bogor,Kabupaten Bogor Leuwiliang,2026-05-06 09:00:00,-,58,26,,4,9,0,80,,,,,
Tangerang,Tangerang Pasir Jaya,2026-05-06 09:00:00,-,63,32,,58,63,0,65,,,,,
Bekasi,Bekasi Kayuringin,2026-05-06 09:00:00,-,59,28,,63,13,0,2,,,,,
Jakarta,The Pakubuwono Menteng,2026-05-06 16:19:13,93,93,32,72,,,,,49,33.4,,,
Depok,Cinere - Nafas,2026-05-06 16:19:02,125,125,51,89,,,,,49,32.5,,,
Bogor,Kabupaten Bogor Leuwiliang,2026-05-06 09:00:00,-,58,26,,4,9,0,80,,,,,
Tangerang,Tangerang Pasir Jaya,2026-05-06 09:00:00,-,63,32,,58,63,0,65,,,,,
Bekasi,Bekasi Kayuringin,2026-05-06 09:00:00,-,59,28,,63,13,0,2,,,,,
Jakarta,The Pakubuwono Menteng,2026-05-06 16:20:10,98,98,37,77,,,,,49,33.4,,,
Depok,Cinere - Nafas,2026-05-06 16:20:02,128,128,51,90,,,,,49,32.4,,,
Bogor,Kabupaten Bogor Leuwiliang,2026-05-06 09:00:00,-,58,26,,4,9,0,80,,,,,
Tangerang,Tangerang Pasir Jaya,2026-05-06 09:00:00,-,63,32,,58,63,0,65,,,,,
Bekasi,Bekasi Kayuringin,2026-05-06 09:00:00,-,59,28,,63,13,0,2,,,,,
Jakarta,The Pakubuwono Menteng,2026-05-06 16:21:10,96,96,33,76,,,,,49,33.4,,,
Depok,Cinere - Nafas,2026-05-06 16:21:02,120,120,49,87,,,,,49,32.4,,,
Bogor,Kabupaten Bogor Leuwiliang,2026-05-06 09:00:00,-,58,26,,4,9,0,80,,,,,
Tangerang,Tangerang Pasir Jaya,2026-05-06 09:00:00,-,63,32,,58,63,0,65,,,,,
Bekasi,Bekasi Kayuringin,2026-05-06 09:00:00,-,59,28,,63,13,0,2,,,,,
Jakarta,The Pakubuwono Menteng,2026-05-06 16:21:10,96,96,33,76,,,,,49,33.4,,,
Depok,Cinere - Nafas,2026-05-06 16:21:02,120,120,49,87,,,,,49,32.4,,,
Bogor,Kabupaten Bogor Leuwiliang,2026-05-06 09:00:00,-,58,26,,4,9,0,80,,,,,
Tangerang,Tangerang Pasir Jaya,2026-05-06 09:00:00,-,63,32,,58,63,0,65,,,,,
Bekasi,Bekasi Kayuringin,2026-05-06 09:00:00,-,59,28,,63,13,0,2,,,,,
Jakarta,The Pakubuwono Menteng,2026-05-06 16:22:10,98,98,36,74,,,,,48,33.4,,,
Depok,Cinere - Nafas,2026-05-06 16:22:02,125,125,50,88,,,,,49,32.4,,,
Bogor,Kabupaten Bogor Leuwiliang,2026-05-06 09:00:00,-,58,26,,4,9,0,80,,,,,
Tangerang,Tangerang Pasir Jaya,2026-05-06 09:00:00,-,63,32,,58,63,0,65,,,,,
Bekasi,Bekasi Kayuringin,2026-05-06 09:00:00,-,59,28,,63,13,0,2,,,,,
Jakarta,The Pakubuwono Menteng,2026-05-06 16:25:10,98,98,35,75,,,,,48,33.5,,,
Depok,Cinere - Nafas,2026-05-06 16:25:02,125,125,51,87,,,,,49,32.4,,,
Bogor,Kabupaten Bogor Leuwiliang,2026-05-06 09:00:00,-,58,26,,4,9,0,80,,,,,
Tangerang,Tangerang Pasir Jaya,2026-05-06 09:00:00,-,63,32,,58,63,0,65,,,,,
Bekasi,Bekasi Kayuringin,2026-05-06 09:00:00,-,59,28,,63,13,0,2,,,,,
Jakarta,The Pakubuwono Menteng,2026-05-06 16:26:10,96,96,36,75,,,,,48,33.5,,,
Depok,Cinere - Nafas,2026-05-06 16:26:02,125,125,50,87,,,,,49,32.4,,,
Bogor,Kabupaten Bogor Leuwiliang,2026-05-06 09:00:00,-,58,26,,4,9,0,80,,,,,
Tangerang,Tangerang Pasir Jaya,2026-05-06 09:00:00,-,63,32,,58,63,0,65,,,,,
Bekasi,Bekasi Kayuringin,2026-05-06 09:00:00,-,59,28,,63,13,0,2,,,,,
Jakarta,The Pakubuwono Menteng,2026-05-06 16:27:10,97,97,34,74,,,,,48,33.5,,,
Depok,Cinere - Nafas,2026-05-06 16:27:02,121,121,48,88,,,,,49,32.3,,,
Bogor,Kabupaten Bogor Leuwiliang,2026-05-06 09:00:00,-,58,26,,4,9,0,80,,,,,
Tangerang,Tangerang Pasir Jaya,2026-05-06 09:00:00,-,63,32,,58,63,0,65,,,,,
Bekasi,Bekasi Kayuringin,2026-05-06 09:00:00,-,59,28,,63,13,0,2,,,,,
Jakarta,The Pakubuwono Menteng,2026-05-06 16:28:10,99,99,37,75,,,,,48,33.5,,,
Depok,Cinere - Nafas,2026-05-06 16:28:02,119,119,47,86,,,,,49,32.3,,,
Bogor,Kabupaten Bogor Leuwiliang,2026-05-06 09:00:00,-,58,26,,4,9,0,80,,,,,
Tangerang,Tangerang Pasir Jaya,2026-05-06 09:00:00,-,63,32,,58,63,0,65,,,,,
Bekasi,Bekasi Kayuringin,2026-05-06 09:00:00,-,59,28,,63,13,0,2,,,,,
Jakarta,The Pakubuwono Menteng,2026-05-06 16:29:10,95,95,33,71,,,,,48,33.5,,,
Depok,Cinere - Nafas,2026-05-06 16:29:02,120,120,49,86,,,,,49,32.3,,,
Bogor,Kabupaten Bogor Leuwiliang,2026-05-06 09:00:00,-,58,26,,4,9,0,80,,,,,
Tangerang,Tangerang Pasir Jaya,2026-05-06 09:00:00,-,63,32,,58,63,0,65,,,,,
Bekasi,Bekasi Kayuringin,2026-05-06 09:00:00,-,59,28,,63,13,0,2,,,,,
Jakarta,The Pakubuwono Menteng,2026-05-06 16:30:10,100,100,36,74,,,,,49,33.5,,,
Depok,Cinere - Nafas,2026-05-06 16:30:02,119,119,47,84,,,,,49,32.2,,,
Bogor,Kabupaten Bogor Leuwiliang,2026-05-06 09:00:00,-,58,26,,4,9,0,80,,,,,
Tangerang,Tangerang Pasir Jaya,2026-05-06 09:00:00,-,63,32,,58,63,0,65,,,,,
Bekasi,Bekasi Kayuringin,2026-05-06 09:00:00,-,59,28,,63,13,0,2,,,,,
Jakarta,The Pakubuwono Menteng,2026-05-06 16:32:10,99,99,36,74,,,,,49,33.4,,,
Depok,Cinere - Nafas,2026-05-06 16:32:02,125,125,50,87,,,,,49,32.2,,,
Bogor,Kabupaten Bogor Leuwiliang,2026-05-06 09:00:00,-,58,26,,4,9,0,80,,,,,
Tangerang,Tangerang Pasir Jaya,2026-05-06 09:00:00,-,63,32,,58,63,0,65,,,,,
Bekasi,Bekasi Kayuringin,2026-05-06 09:00:00,-,59,28,,63,13,0,2,,,,,
Jakarta,The Pakubuwono Menteng,2026-05-06 16:34:10,98,98,36,74,,,,,49,33.4,,,
Depok,Cinere - Nafas,2026-05-06 16:34:02,123,123,48,87,,,,,50,32.09,,,
Bogor,Kabupaten Bogor Leuwiliang,2026-05-06 09:00:00,-,58,26,,4,9,0,80,,,,,
Tangerang,Tangerang Pasir Jaya,2026-05-06 09:00:00,-,63,32,,58,63,0,65,,,,,
Bekasi,Bekasi Kayuringin,2026-05-06 09:00:00,-,59,28,,63,13,0,2,,,,,
Jakarta,The Pakubuwono Menteng,2026-05-06 16:35:10,94,94,34,74,,,,,49,33.4,,,
Depok,Cinere - Nafas,2026-05-06 16:35:04,127,127,52,89,,,,,50,32.09,,,
Bogor,Kabupaten Bogor Leuwiliang,2026-05-06 09:00:00,-,58,26,,4,9,0,80,,,,,
Tangerang,Tangerang Pasir Jaya,2026-05-06 09:00:00,-,63,32,,58,63,0,65,,,,,
Bekasi,Bekasi Kayuringin,2026-05-06 09:00:00,-,59,28,,63,13,0,2,,,,,
Jakarta,The Pakubuwono Menteng,2026-05-06 16:36:10,96,96,34,74,,,,,49,33.4,,,
Depok,Cinere - Nafas,2026-05-06 16:36:02,117,117,48,84,,,,,49,32.09,,,
Bogor,Kabupaten Bogor Leuwiliang,2026-05-06 09:00:00,-,58,26,,4,9,0,80,,,,,
Tangerang,Tangerang Pasir Jaya,2026-05-06 09:00:00,-,63,32,,58,63,0,65,,,,,
Bekasi,Bekasi Kayuringin,2026-05-06 09:00:00,-,59,28,,63,13,0,2,,,,,
Jakarta,The Pakubuwono Menteng,2026-05-06 16:36:10,96,96,34,74,,,,,49,33.4,,,
Depok,Cinere - Nafas,2026-05-06 16:36:02,117,117,48,84,,,,,49,32.09,,,
Bogor,Kabupaten Bogor Leuwiliang,2026-05-06 09:00:00,-,58,26,,4,9,0,80,,,,,
Tangerang,Tangerang Pasir Jaya,2026-05-06 09:00:00,-,63,32,,58,63,0,65,,,,,
Bekasi,Bekasi Kayuringin,2026-05-06 09:00:00,-,59,28,,63,13,0,2,,,,,
Jakarta,The Pakubuwono Menteng,2026-05-06 16:37:10,95,95,35,74,,,,,49,33.3,,,
Depok,Cinere - Nafas,2026-05-06 16:37:03,121,121,47,87,,,,,50,32.09,,,
Bogor,Kabupaten Bogor Leuwiliang,2026-05-06 09:00:00,-,58,26,,4,9,0,80,,,,,
Tangerang,Tangerang Pasir Jaya,2026-05-06 09:00:00,-,63,32,,58,63,0,65,,,,,
Bekasi,Bekasi Kayuringin,2026-05-06 09:00:00,-,59,28,,63,13,0,2,,,,,
Jakarta,The Pakubuwono Menteng,2026-05-06 16:39:11,98,98,36,73,,,,,49,33.2,,,
Depok,Cinere - Nafas,2026-05-06 16:38:02,120,120,49,87,,,,,50,32.09,,,
Bogor,Kabupaten Bogor Leuwiliang,2026-05-06 09:00:00,-,58,26,,4,9,0,80,,,,,
Tangerang,Tangerang Pasir Jaya,2026-05-06 09:00:00,-,63,32,,58,63,0,65,,,,,
Bekasi,Bekasi Kayuringin,2026-05-06 09:00:00,-,59,28,,63,13,0,2,,,,,
Jakarta,The Pakubuwono Menteng,2026-05-06 16:40:10,100,100,38,77,,,,,49,33.2,,,
Depok,Cinere - Nafas,2026-05-06 16:40:36,123,123,50,87,,,,,50,32,,,
Bogor,Kabupaten Bogor Leuwiliang,2026-05-06 09:00:00,-,58,26,,4,9,0,80,,,,,
Tangerang,Tangerang Pasir Jaya,2026-05-06 09:00:00,-,63,32,,58,63,0,65,,,,,
Bekasi,Bekasi Kayuringin,2026-05-06 09:00:00,-,59,28,,63,13,0,2,,,,,
Jakarta,The Pakubuwono Menteng,2026-05-06 16:41:11,100,100,38,77,,,,,49,33.2,,,
Depok,Cinere - Nafas,2026-05-06 16:41:36,123,123,50,86,,,,,50,32,,,
Bogor,Kabupaten Bogor Leuwiliang,2026-05-06 09:00:00,-,58,26,,4,9,0,80,,,,,
Tangerang,Tangerang Pasir Jaya,2026-05-06 09:00:00,-,63,32,,58,63,0,65,,,,,
Bekasi,Bekasi Kayuringin,2026-05-06 09:00:00,-,59,28,,63,13,0,2,,,,,
Jakarta,The Pakubuwono Menteng,2026-05-06 16:42:10,93,93,36,74,,,,,49,33.09,,,
Depok,Cinere - Nafas,2026-05-06 16:43:36,121,121,50,87,,,,,50,32.09,,,
Bogor,Kabupaten Bogor Leuwiliang,2026-05-06 09:00:00,-,58,26,,4,9,0,80,,,,,
Tangerang,Tangerang Pasir Jaya,2026-05-06 09:00:00,-,63,32,,58,63,0,65,,,,,
Bekasi,Bekasi Kayuringin,2026-05-06 09:00:00,-,59,28,,63,13,0,2,,,,,
Jakarta,The Pakubuwono Menteng,2026-05-06 16:44:10,97,97,35,75,,,,,50,33,,,
Depok,Cinere - Nafas,2026-05-06 16:44:36,119,119,49,87,,,,,50,32.09,,,
Bogor,Kabupaten Bogor Leuwiliang,2026-05-06 09:00:00,-,58,26,,4,9,0,80,,,,,
Tangerang,Tangerang Pasir Jaya,2026-05-06 09:00:00,-,63,32,,58,63,0,65,,,,,
Bekasi,Bekasi Kayuringin,2026-05-06 09:00:00,-,59,28,,63,13,0,2,,,,,
Jakarta,The Pakubuwono Menteng,2026-05-06 16:45:11,97,97,36,73,,,,,50,32.9,,,
Depok,Cinere - Nafas,2026-05-06 16:45:36,128,128,51,90,,,,,50,32.09,,,
Bogor,Kabupaten Bogor Leuwiliang,2026-05-06 09:00:00,-,58,26,,4,9,0,80,,,,,
Tangerang,Tangerang Pasir Jaya,2026-05-06 09:00:00,-,63,32,,58,63,0,65,,,,,
Bekasi,Bekasi Kayuringin,2026-05-06 09:00:00,-,59,28,,63,13,0,2,,,,,
Jakarta,The Pakubuwono Menteng,2026-05-06 16:46:10,97,97,36,75,,,,,50,32.8,,,
Depok,Cinere - Nafas,2026-05-06 16:46:36,125,125,50,88,,,,,50,32.09,,,
Bogor,Kabupaten Bogor Leuwiliang,2026-05-06 09:00:00,-,58,26,,4,9,0,80,,,,,
Tangerang,Tangerang Pasir Jaya,2026-05-06 09:00:00,-,63,32,,58,63,0,65,,,,,
Bekasi,Bekasi Kayuringin,2026-05-06 09:00:00,-,59,28,,63,13,0,2,,,,,
Jakarta,The Pakubuwono Menteng,2026-05-06 16:48:10,101,101,37,75,,,,,50,32.7,,,
Depok,Cinere - Nafas,2026-05-06 16:48:36,124,124,50,87,,,,,50,32.09,,,
Bogor,Kabupaten Bogor Leuwiliang,2026-05-06 09:00:00,-,58,26,,4,9,0,80,,,,,
Tangerang,Tangerang Pasir Jaya,2026-05-06 09:00:00,-,63,32,,58,63,0,65,,,,,
Bekasi,Bekasi Kayuringin,2026-05-06 09:00:00,-,59,28,,63,13,0,2,,,,,
Jakarta,The Pakubuwono Menteng,2026-05-06 16:49:10,97,97,34,75,,,,,50,32.59,,,
Depok,Cinere - Nafas,2026-05-06 16:49:36,123,123,50,86,,,,,50,32.09,,,
Bogor,Kabupaten Bogor Leuwiliang,2026-05-06 09:00:00,-,58,26,,4,9,0,80,,,,,
Tangerang,Tangerang Pasir Jaya,2026-05-06 09:00:00,-,63,32,,58,63,0,65,,,,,
Bekasi,Bekasi Kayuringin,2026-05-06 09:00:00,-,59,28,,63,13,0,2,,,,,
Jakarta,The Pakubuwono Menteng,2026-05-06 16:50:11,102,102,39,78,,,,,50,32.59,,,
Depok,Cinere - Nafas,2026-05-06 16:50:36,125,125,50,87,,,,,50,32,,,
Bogor,Kabupaten Bogor Leuwiliang,2026-05-06 09:00:00,-,58,26,,4,9,0,80,,,,,
Tangerang,Tangerang Pasir Jaya,2026-05-06 09:00:00,-,63,32,,58,63,0,65,,,,,
Bekasi,Bekasi Kayuringin,2026-05-06 09:00:00,-,59,28,,63,13,0,2,,,,,
Jakarta,The Pakubuwono Menteng,2026-05-06 16:51:11,97,97,37,74,,,,,50,32.5,,,
Depok,Cinere - Nafas,2026-05-06 16:52:00,123,123,50,87,,,,,50,32,,,
Bogor,Kabupaten Bogor Leuwiliang,2026-05-06 09:00:00,-,58,26,,4,9,0,80,,,,,
Tangerang,Tangerang Pasir Jaya,2026-05-06 09:00:00,-,63,32,,58,63,0,65,,,,,
Bekasi,Bekasi Kayuringin,2026-05-06 09:00:00,-,59,28,,63,13,0,2,,,,,
Jakarta,The Pakubuwono Menteng,2026-05-06 16:53:10,102,102,37,77,,,,,51,32.3,,,
Depok,Cinere - Nafas,2026-05-06 16:52:59,121,121,49,87,,,,,50,32,,,
Bogor,Kabupaten Bogor Leuwiliang,2026-05-06 09:00:00,-,58,26,,4,9,0,80,,,,,
Tangerang,Tangerang Pasir Jaya,2026-05-06 09:00:00,-,63,32,,58,63,0,65,,,,,
Bekasi,Bekasi Kayuringin,2026-05-06 09:00:00,-,59,28,,63,13,0,2,,,,,
Jakarta,The Pakubuwono Menteng,2026-05-06 16:53:10,102,102,37,77,,,,,51,32.3,,,
Depok,Cinere - Nafas,2026-05-06 16:52:59,121,121,49,87,,,,,50,32,,,
Bogor,Kabupaten Bogor Leuwiliang,2026-05-06 09:00:00,-,58,26,,4,9,0,80,,,,,
Tangerang,Tangerang Pasir Jaya,2026-05-06 09:00:00,-,63,32,,58,63,0,65,,,,,
Bekasi,Bekasi Kayuringin,2026-05-06 09:00:00,-,59,28,,63,13,0,2,,,,,
Jakarta,The Pakubuwono Menteng,2026-05-06 16:55:10,98,98,36,74,,,,,51,32.2,,,
Depok,Cinere - Nafas,2026-05-06 16:54:59,126,126,51,90,,,,,51,31.9,,,
Bogor,Kabupaten Bogor Leuwiliang,2026-05-06 09:00:00,-,58,26,,4,9,0,80,,,,,
Tangerang,Tangerang Pasir Jaya,2026-05-06 09:00:00,-,63,32,,58,63,0,65,,,,,
Bekasi,Bekasi Kayuringin,2026-05-06 09:00:00,-,59,28,,63,13,0,2,,,,,
Jakarta,The Pakubuwono Menteng,2026-05-06 16:56:11,98,98,37,75,,,,,51,32.2,,,
Depok,Cinere - Nafas,2026-05-06 16:56:21,130,130,52,93,,,,,51,31.9,,,
Bogor,Kabupaten Bogor Leuwiliang,2026-05-06 09:00:00,-,58,26,,4,9,0,80,,,,,
Tangerang,Tangerang Pasir Jaya,2026-05-06 09:00:00,-,63,32,,58,63,0,65,,,,,
Bekasi,Bekasi Kayuringin,2026-05-06 09:00:00,-,59,28,,63,13,0,2,,,,,
Jakarta,The Pakubuwono Menteng,2026-05-06 16:57:11,98,98,36,77,,,,,51,32.2,,,
Depok,Cinere - Nafas,2026-05-06 16:57:20,125,125,51,89,,,,,51,31.9,,,
Bogor,Kabupaten Bogor Leuwiliang,2026-05-06 09:00:00,-,58,26,,4,9,0,80,,,,,
Tangerang,Tangerang Pasir Jaya,2026-05-06 09:00:00,-,63,32,,58,63,0,65,,,,,
Bekasi,Bekasi Kayuringin,2026-05-06 09:00:00,-,59,28,,63,13,0,2,,,,,
Jakarta,The Pakubuwono Menteng,2026-05-06 16:58:11,97,97,36,74,,,,,52,32.3,,,
Depok,Cinere - Nafas,2026-05-06 16:58:20,126,126,51,90,,,,,51,31.9,,,
Bogor,Kabupaten Bogor Leuwiliang,2026-05-06 09:00:00,-,58,26,,4,9,0,80,,,,,
Tangerang,Tangerang Pasir Jaya,2026-05-06 09:00:00,-,63,32,,58,63,0,65,,,,,
Bekasi,Bekasi Kayuringin,2026-05-06 09:00:00,-,59,28,,63,13,0,2,,,,,
Jakarta,The Pakubuwono Menteng,2026-05-06 16:59:10,99,99,36,74,,,,,51,32.2,,,
Depok,Cinere - Nafas,2026-05-06 16:59:21,126,126,51,89,,,,,51,31.9,,,
Bogor,Kabupaten Bogor Leuwiliang,2026-05-06 09:00:00,-,58,26,,4,9,0,80,,,,,
Tangerang,Tangerang Pasir Jaya,2026-05-06 09:00:00,-,63,32,,58,63,0,65,,,,,
Bekasi,Bekasi Kayuringin,2026-05-06 09:00:00,-,59,28,,63,13,0,2,,,,,
Jakarta,The Pakubuwono Menteng,2026-05-06 17:00:11,95,95,34,76,,,,,52,32.2,,,
Depok,Cinere - Nafas,2026-05-06 17:00:21,127,127,51,87,,,,,51,31.9,,,
Bogor,Kabupaten Bogor Leuwiliang,2026-05-06 09:00:00,-,58,26,,4,9,0,80,,,,,
Tangerang,Tangerang Pasir Jaya,2026-05-06 09:00:00,-,63,32,,58,63,0,65,,,,,
Bekasi,Bekasi Kayuringin,2026-05-06 09:00:00,-,59,28,,63,13,0,2,,,,,
Jakarta,The Pakubuwono Menteng,2026-05-06 17:03:11,97,97,35,76,,,,,51,32.2,,,
Depok,Cinere - Nafas,2026-05-06 17:03:22,123,123,50,87,,,,,51,31.8,,,
Bogor,Kabupaten Bogor Leuwiliang,2026-05-06 09:00:00,-,58,26,,4,9,0,80,,,,,
Tangerang,Tangerang Pasir Jaya,2026-05-06 09:00:00,-,63,32,,58,63,0,65,,,,,
Bekasi,Bekasi Kayuringin,2026-05-06 09:00:00,-,59,28,,63,13,0,2,,,,,
Jakarta,The Pakubuwono Menteng,2026-05-06 17:04:11,98,98,36,74,,,,,52,32.2,,,
Depok,Cinere - Nafas,2026-05-06 17:04:25,130,130,52,89,,,,,51,31.8,,,
Bogor,Kabupaten Bogor Leuwiliang,2026-05-06 09:00:00,-,58,26,,4,9,0,80,,,,,
Tangerang,Tangerang Pasir Jaya,2026-05-06 09:00:00,-,63,32,,58,63,0,65,,,,,
Bekasi,Bekasi Kayuringin,2026-05-06 09:00:00,-,59,28,,63,13,0,2,,,,,
Jakarta,The Pakubuwono Menteng,2026-05-06 17:05:11,94,94,33,74,,,,,52,32.2,,,
Depok,Cinere - Nafas,2026-05-06 17:04:25,130,130,52,89,,,,,51,31.8,,,
Bogor,Kabupaten Bogor Leuwiliang,2026-05-06 09:00:00,-,58,26,,4,9,0,80,,,,,
Tangerang,Tangerang Pasir Jaya,2026-05-06 09:00:00,-,63,32,,58,63,0,65,,,,,
Bekasi,Bekasi Kayuringin,2026-05-06 09:00:00,-,59,28,,63,13,0,2,,,,,
Jakarta,The Pakubuwono Menteng,2026-05-06 17:06:11,93,93,34,72,,,,,52,32.09,,,
Depok,Cinere - Nafas,2026-05-06 17:06:41,127,127,51,90,,,,,51,31.7,,,
Bogor,Kabupaten Bogor Leuwiliang,2026-05-06 09:00:00,-,58,26,,4,9,0,80,,,,,
Tangerang,Tangerang Pasir Jaya,2026-05-06 09:00:00,-,63,32,,58,63,0,65,,,,,
Bekasi,Bekasi Kayuringin,2026-05-06 09:00:00,-,59,28,,63,13,0,2,,,,,
Jakarta,The Pakubuwono Menteng,2026-05-06 17:07:11,97,97,35,76,,,,,52,32.09,,,
Depok,Cinere - Nafas,2026-05-06 17:07:41,125,125,50,89,,,,,51,31.7,,,
Bogor,Kabupaten Bogor Leuwiliang,2026-05-06 09:00:00,-,58,26,,4,9,0,80,,,,,
Tangerang,Tangerang Pasir Jaya,2026-05-06 09:00:00,-,63,32,,58,63,0,65,,,,,
Bekasi,Bekasi Kayuringin,2026-05-06 09:00:00,-,59,28,,63,13,0,2,,,,,
Jakarta,The Pakubuwono Menteng,2026-05-06 17:07:11,97,97,35,76,,,,,52,32.09,,,
Depok,Cinere - Nafas,2026-05-06 17:07:41,125,125,50,89,,,,,51,31.7,,,
Bogor,Kabupaten Bogor Leuwiliang,2026-05-06 09:00:00,-,58,26,,4,9,0,80,,,,,
Tangerang,Tangerang Pasir Jaya,2026-05-06 09:00:00,-,63,32,,58,63,0,65,,,,,
Bekasi,Bekasi Kayuringin,2026-05-06 09:00:00,-,59,28,,63,13,0,2,,,,,
Jakarta,The Pakubuwono Menteng,2026-05-06 17:08:11,97,97,35,75,,,,,52,32.09,,,
Depok,Cinere - Nafas,2026-05-06 17:08:41,126,126,52,89,,,,,51,31.7,,,
Bogor,Kabupaten Bogor Leuwiliang,2026-05-06 09:00:00,-,58,26,,4,9,0,80,,,,,
Tangerang,Tangerang Pasir Jaya,2026-05-06 09:00:00,-,63,32,,58,63,0,65,,,,,
Bekasi,Bekasi Kayuringin,2026-05-06 09:00:00,-,59,28,,63,13,0,2,,,,,
Jakarta,The Pakubuwono Menteng,2026-05-06 17:11:11,95,95,33,73,,,,,52,32,,,
Depok,Cinere - Nafas,2026-05-06 17:11:41,127,127,51,89,,,,,51,31.6,,,
Bogor,Kabupaten Bogor Leuwiliang,2026-05-06 09:00:00,-,58,26,,4,9,0,80,,,,,
Tangerang,Tangerang Pasir Jaya,2026-05-06 09:00:00,-,63,32,,58,63,0,65,,,,,
Bekasi,Bekasi Kayuringin,2026-05-06 09:00:00,-,59,28,,63,13,0,2,,,,,
Jakarta,The Pakubuwono Menteng,2026-05-06 17:12:11,98,98,36,74,,,,,52,32,,,
Depok,Cinere - Nafas,2026-05-06 17:12:41,126,126,50,87,,,,,51,31.6,,,
Bogor,Kabupaten Bogor Leuwiliang,2026-05-06 09:00:00,-,58,26,,4,9,0,80,,,,,
Tangerang,Tangerang Pasir Jaya,2026-05-06 09:00:00,-,63,32,,58,63,0,65,,,,,
Bekasi,Bekasi Kayuringin,2026-05-06 09:00:00,-,59,28,,63,13,0,2,,,,,
Jakarta,The Pakubuwono Menteng,2026-05-06 17:13:11,97,97,36,72,,,,,52,31.9,,,
Depok,Cinere - Nafas,2026-05-06 17:13:41,125,125,49,87,,,,,51,31.6,,,
Bogor,Kabupaten Bogor Leuwiliang,2026-05-06 09:00:00,-,58,26,,4,9,0,80,,,,,
Tangerang,Tangerang Pasir Jaya,2026-05-06 09:00:00,-,63,32,,58,63,0,65,,,,,
Bekasi,Bekasi Kayuringin,2026-05-06 09:00:00,-,59,28,,63,13,0,2,,,,,
Jakarta,The Pakubuwono Menteng,2026-05-06 17:14:11,97,97,36,74,,,,,52,31.9,,,
Depok,Cinere - Nafas,2026-05-06 17:14:41,124,124,50,88,,,,,52,31.5,,,
Bogor,Kabupaten Bogor Leuwiliang,2026-05-06 09:00:00,-,58,26,,4,9,0,80,,,,,
Tangerang,Tangerang Pasir Jaya,2026-05-06 09:00:00,-,63,32,,58,63,0,65,,,,,
Bekasi,Bekasi Kayuringin,2026-05-06 09:00:00,-,59,28,,63,13,0,2,,,,,
Jakarta,The Pakubuwono Menteng,2026-05-06 17:15:11,99,99,35,75,,,,,52,31.8,,,
Depok,Cinere - Nafas,2026-05-06 17:15:42,126,126,51,90,,,,,52,31.5,,,
Bogor,Kabupaten Bogor Leuwiliang,2026-05-06 09:00:00,-,58,26,,4,9,0,80,,,,,
Tangerang,Tangerang Pasir Jaya,2026-05-06 09:00:00,-,63,32,,58,63,0,65,,,,,
Bekasi,Bekasi Kayuringin,2026-05-06 09:00:00,-,59,28,,63,13,0,2,,,,,
Jakarta,The Pakubuwono Menteng,2026-05-06 17:16:11,96,96,38,72,,,,,52,31.9,,,
Depok,Cinere - Nafas,2026-05-06 17:16:42,127,127,51,87,,,,,52,31.4,,,
Bogor,Kabupaten Bogor Leuwiliang,2026-05-06 09:00:00,-,58,26,,4,9,0,80,,,,,
Tangerang,Tangerang Pasir Jaya,2026-05-06 09:00:00,-,63,32,,58,63,0,65,,,,,
Bekasi,Bekasi Kayuringin,2026-05-06 09:00:00,-,59,28,,63,13,0,2,,,,,
Jakarta,The Pakubuwono Menteng,2026-05-06 17:19:11,99,99,36,74,,,,,52,31.8,,,
Depok,Cinere - Nafas,2026-05-06 17:18:41,125,125,52,89,,,,,52,31.4,,,
Bogor,Kabupaten Bogor Leuwiliang,2026-05-06 09:00:00,-,58,26,,4,9,0,80,,,,,
Tangerang,Tangerang Pasir Jaya,2026-05-06 09:00:00,-,63,32,,58,63,0,65,,,,,
Bekasi,Bekasi Kayuringin,2026-05-06 09:00:00,-,59,28,,63,13,0,2,,,,,
Jakarta,The Pakubuwono Menteng,2026-05-06 17:20:11,98,98,36,77,,,,,53,31.8,,,
Depok,Cinere - Nafas,2026-05-06 17:20:08,128,128,51,89,,,,,52,31.3,,,
Bogor,Kabupaten Bogor Leuwiliang,2026-05-06 09:00:00,-,58,26,,4,9,0,80,,,,,
Tangerang,Tangerang Pasir Jaya,2026-05-06 09:00:00,-,63,32,,58,63,0,65,,,,,
Bekasi,Bekasi Kayuringin,2026-05-06 09:00:00,-,59,28,,63,13,0,2,,,,,
Jakarta,The Pakubuwono Menteng,2026-05-06 17:21:11,100,100,37,74,,,,,53,31.8,,,
Depok,Cinere - Nafas,2026-05-06 17:21:07,126,126,51,89,,,,,52,31.2,,,
Bogor,Kabupaten Bogor Leuwiliang,2026-05-06 09:00:00,-,58,26,,4,9,0,80,,,,,
Tangerang,Tangerang Pasir Jaya,2026-05-06 09:00:00,-,63,32,,58,63,0,65,,,,,
Bekasi,Bekasi Kayuringin,2026-05-06 09:00:00,-,59,28,,63,13,0,2,,,,,
Jakarta,The Pakubuwono Menteng,2026-05-06 17:22:11,104,104,39,75,,,,,53,31.8,,,
Depok,Cinere - Nafas,2026-05-06 17:22:07,126,126,51,88,,,,,53,31.2,,,
Bogor,Kabupaten Bogor Leuwiliang,2026-05-06 09:00:00,-,58,26,,4,9,0,80,,,,,
Tangerang,Tangerang Pasir Jaya,2026-05-06 09:00:00,-,63,32,,58,63,0,65,,,,,
Bekasi,Bekasi Kayuringin,2026-05-06 09:00:00,-,59,28,,63,13,0,2,,,,,
Jakarta,The Pakubuwono Menteng,2026-05-06 17:22:11,104,104,39,75,,,,,53,31.8,,,
Depok,Cinere - Nafas,2026-05-06 17:22:07,126,126,51,88,,,,,53,31.2,,,
Bogor,Kabupaten Bogor Leuwiliang,2026-05-06 09:00:00,-,58,26,,4,9,0,80,,,,,
Tangerang,Tangerang Pasir Jaya,2026-05-06 09:00:00,-,63,32,,58,63,0,65,,,,,
Bekasi,Bekasi Kayuringin,2026-05-06 09:00:00,-,59,28,,63,13,0,2,,,,,
Jakarta,The Pakubuwono Menteng,2026-05-06 17:23:11,99,99,38,74,,,,,53,31.7,,,
Depok,Cinere - Nafas,2026-05-06 17:23:08,127,127,51,89,,,,,53,31.1,,,
Bogor,Kabupaten Bogor Leuwiliang,2026-05-06 09:00:00,-,58,26,,4,9,0,80,,,,,
Tangerang,Tangerang Pasir Jaya,2026-05-06 09:00:00,-,63,32,,58,63,0,65,,,,,
Bekasi,Bekasi Kayuringin,2026-05-06 09:00:00,-,59,28,,63,13,0,2,,,,,
Jakarta,The Pakubuwono Menteng,2026-05-06 17:24:11,99,99,35,74,,,,,53,31.8,,,
Depok,Cinere - Nafas,2026-05-06 17:24:08,136,136,54,93,,,,,53,31.1,,,
Bogor,Kabupaten Bogor Leuwiliang,2026-05-06 09:00:00,-,58,26,,4,9,0,80,,,,,
Tangerang,Tangerang Pasir Jaya,2026-05-06 09:00:00,-,63,32,,58,63,0,65,,,,,
Bekasi,Bekasi Kayuringin,2026-05-06 09:00:00,-,59,28,,63,13,0,2,,,,,
Jakarta,The Pakubuwono Menteng,2026-05-06 17:26:11,101,101,40,77,,,,,53,31.7,,,
Depok,Cinere - Nafas,2026-05-06 17:26:33,126,126,51,89,,,,,53,31,,,
Bogor,Kabupaten Bogor Leuwiliang,2026-05-06 09:00:00,-,58,26,,4,9,0,80,,,,,
Tangerang,Tangerang Pasir Jaya,2026-05-06 09:00:00,-,63,32,,58,63,0,65,,,,,
Bekasi,Bekasi Kayuringin,2026-05-06 09:00:00,-,59,28,,63,13,0,2,,,,,
Jakarta,The Pakubuwono Menteng,2026-05-06 17:28:11,99,99,37,74,,,,,53,31.7,,,
Depok,Cinere - Nafas,2026-05-06 17:28:33,127,127,51,90,,,,,53,31,,,
Bogor,Kabupaten Bogor Leuwiliang,2026-05-06 09:00:00,-,58,26,,4,9,0,80,,,,,
Tangerang,Tangerang Pasir Jaya,2026-05-06 09:00:00,-,63,32,,58,63,0,65,,,,,
Bekasi,Bekasi Kayuringin,2026-05-06 09:00:00,-,59,28,,63,13,0,2,,,,,
Jakarta,The Pakubuwono Menteng,2026-05-06 17:29:12,102,102,38,78,,,,,53,31.7,,,
Depok,Cinere - Nafas,2026-05-06 17:29:33,128,128,52,89,,,,,54,31,,,
Bogor,Kabupaten Bogor Leuwiliang,2026-05-06 09:00:00,-,58,26,,4,9,0,80,,,,,
Tangerang,Tangerang Pasir Jaya,2026-05-06 09:00:00,-,63,32,,58,63,0,65,,,,,
Bekasi,Bekasi Kayuringin,2026-05-06 09:00:00,-,59,28,,63,13,0,2,,,,,
Jakarta,The Pakubuwono Menteng,2026-05-06 17:30:11,100,100,36,73,,,,,53,31.7,,,
Depok,Cinere - Nafas,2026-05-06 17:30:33,130,130,52,91,,,,,53,31,,,
Bogor,Kabupaten Bogor Leuwiliang,2026-05-06 09:00:00,-,58,26,,4,9,0,80,,,,,
Tangerang,Tangerang Pasir Jaya,2026-05-06 09:00:00,-,63,32,,58,63,0,65,,,,,
Bekasi,Bekasi Kayuringin,2026-05-06 09:00:00,-,59,28,,63,13,0,2,,,,,
Jakarta,The Pakubuwono Menteng,2026-05-06 17:31:12,104,104,39,76,,,,,53,31.7,,,
Depok,Cinere - Nafas,2026-05-06 17:31:33,131,131,52,91,,,,,53,31,,,
Bogor,Kabupaten Bogor Leuwiliang,2026-05-06 09:00:00,-,58,26,,4,9,0,80,,,,,
Tangerang,Tangerang Pasir Jaya,2026-05-06 09:00:00,-,63,32,,58,63,0,65,,,,,
Bekasi,Bekasi Kayuringin,2026-05-06 09:00:00,-,59,28,,63,13,0,2,,,,,
Jakarta,The Pakubuwono Menteng,2026-05-06 17:32:11,101,101,38,77,,,,,53,31.7,,,
Depok,Cinere - Nafas,2026-05-06 17:32:33,135,135,53,95,,,,,53,31.1,,,
Bogor,Kabupaten Bogor Leuwiliang,2026-05-06 09:00:00,-,58,26,,4,9,0,80,,,,,
Tangerang,Tangerang Pasir Jaya,2026-05-06 09:00:00,-,63,32,,58,63,0,65,,,,,
Bekasi,Bekasi Kayuringin,2026-05-06 09:00:00,-,59,28,,63,13,0,2,,,,,
Jakarta,The Pakubuwono Menteng,2026-05-06 17:33:12,100,100,37,75,,,,,53,31.6,,,
Depok,Cinere - Nafas,2026-05-06 17:33:33,127,127,51,89,,,,,53,31,,,
Bogor,Kabupaten Bogor Leuwiliang,2026-05-06 09:00:00,-,58,26,,4,9,0,80,,,,,
Tangerang,Tangerang Pasir Jaya,2026-05-06 09:00:00,-,63,32,,58,63,0,65,,,,,
Bekasi,Bekasi Kayuringin,2026-05-06 09:00:00,-,59,28,,63,13,0,2,,,,,
Jakarta,The Pakubuwono Menteng,2026-05-06 17:35:12,98,98,37,75,,,,,53,31.6,,,
Depok,Cinere - Nafas,2026-05-06 17:35:33,132,132,53,90,,,,,53,31,,,
Bogor,Kabupaten Bogor Leuwiliang,2026-05-06 09:00:00,-,58,26,,4,9,0,80,,,,,
Tangerang,Tangerang Pasir Jaya,2026-05-06 09:00:00,-,63,32,,58,63,0,65,,,,,
Bekasi,Bekasi Kayuringin,2026-05-06 09:00:00,-,59,28,,63,13,0,2,,,,,
Jakarta,The Pakubuwono Menteng,2026-05-06 17:36:11,99,99,39,77,,,,,53,31.6,,,
Depok,Cinere - Nafas,2026-05-06 17:36:33,130,130,52,93,,,,,53,31,,,
Bogor,Kabupaten Bogor Leuwiliang,2026-05-06 09:00:00,-,58,26,,4,9,0,80,,,,,
Tangerang,Tangerang Pasir Jaya,2026-05-06 09:00:00,-,63,32,,58,63,0,65,,,,,
Bekasi,Bekasi Kayuringin,2026-05-06 09:00:00,-,59,28,,63,13,0,2,,,,,
Jakarta,The Pakubuwono Menteng,2026-05-06 17:37:11,101,101,37,75,,,,,53,31.6,,,
Depok,Cinere - Nafas,2026-05-06 17:37:33,132,132,52,94,,,,,53,31,,,
Bogor,Kabupaten Bogor Leuwiliang,2026-05-06 09:00:00,-,58,26,,4,9,0,80,,,,,
Tangerang,Tangerang Pasir Jaya,2026-05-06 09:00:00,-,63,32,,58,63,0,65,,,,,
Bekasi,Bekasi Kayuringin,2026-05-06 09:00:00,-,59,28,,63,13,0,2,,,,,
Jakarta,The Pakubuwono Menteng,2026-05-06 17:38:11,98,98,36,75,,,,,54,31.6,,,
Depok,Cinere - Nafas,2026-05-06 17:38:34,138,138,54,96,,,,,53,31,,,
Bogor,Kabupaten Bogor Leuwiliang,2026-05-06 09:00:00,-,58,26,,4,9,0,80,,,,,
Tangerang,Tangerang Pasir Jaya,2026-05-06 09:00:00,-,63,32,,58,63,0,65,,,,,
Bekasi,Bekasi Kayuringin,2026-05-06 09:00:00,-,59,28,,63,13,0,2,,,,,
Jakarta,The Pakubuwono Menteng,2026-05-06 17:39:11,101,101,38,78,,,,,53,31.6,,,
Depok,Cinere - Nafas,2026-05-06 17:39:33,137,137,54,96,,,,,53,31,,,
Bogor,Kabupaten Bogor Leuwiliang,2026-05-06 09:00:00,-,58,26,,4,9,0,80,,,,,
Tangerang,Tangerang Pasir Jaya,2026-05-06 09:00:00,-,63,32,,58,63,0,65,,,,,
Bekasi,Bekasi Kayuringin,2026-05-06 09:00:00,-,59,28,,63,13,0,2,,,,,
Jakarta,The Pakubuwono Menteng,2026-05-06 17:40:12,103,103,39,78,,,,,54,31.6,,,
Depok,Cinere - Nafas,2026-05-06 17:40:35,136,136,53,91,,,,,53,30.9,,,
Bogor,Kabupaten Bogor Leuwiliang,2026-05-06 09:00:00,-,58,26,,4,9,0,80,,,,,
Tangerang,Tangerang Pasir Jaya,2026-05-06 09:00:00,-,63,32,,58,63,0,65,,,,,
Bekasi,Bekasi Kayuringin,2026-05-06 09:00:00,-,59,28,,63,13,0,2,,,,,
Jakarta,The Pakubuwono Menteng,2026-05-06 17:42:11,100,100,37,74,,,,,54,31.6,,,
Depok,Cinere - Nafas,2026-05-06 17:42:34,138,138,54,95,,,,,54,30.9,,,
Bogor,Kabupaten Bogor Leuwiliang,2026-05-06 09:00:00,-,58,26,,4,9,0,80,,,,,
Tangerang,Tangerang Pasir Jaya,2026-05-06 09:00:00,-,63,32,,58,63,0,65,,,,,
Bekasi,Bekasi Kayuringin,2026-05-06 09:00:00,-,59,28,,63,13,0,2,,,,,
Jakarta,The Pakubuwono Menteng,2026-05-06 17:43:12,101,101,36,75,,,,,53,31.6,,,
Depok,Cinere - Nafas,2026-05-06 17:42:34,138,138,54,95,,,,,54,30.9,,,
Bogor,Kabupaten Bogor Leuwiliang,2026-05-06 09:00:00,-,58,26,,4,9,0,80,,,,,
Tangerang,Tangerang Pasir Jaya,2026-05-06 09:00:00,-,63,32,,58,63,0,65,,,,,
Bekasi,Bekasi Kayuringin,2026-05-06 09:00:00,-,59,28,,63,13,0,2,,,,,
Jakarta,The Pakubuwono Menteng,2026-05-06 17:44:11,103,103,39,79,,,,,53,31.6,,,
Depok,Cinere - Nafas,2026-05-06 17:42:34,138,138,54,95,,,,,54,30.9,,,
Bogor,Kabupaten Bogor Leuwiliang,2026-05-06 09:00:00,-,58,26,,4,9,0,80,,,,,
Tangerang,Tangerang Pasir Jaya,2026-05-06 09:00:00,-,63,32,,58,63,0,65,,,,,
Bekasi,Bekasi Kayuringin,2026-05-06 09:00:00,-,59,28,,63,13,0,2,,,,,
Jakarta,The Pakubuwono Menteng,2026-05-06 17:45:11,107,107,41,79,,,,,54,31.6,,,
Depok,Cinere - Nafas,2026-05-06 17:45:10,139,139,54,96,,,,,54,30.8,,,
Bogor,Kabupaten Bogor Leuwiliang,2026-05-06 09:00:00,-,58,26,,4,9,0,80,,,,,
Tangerang,Tangerang Pasir Jaya,2026-05-06 09:00:00,-,63,32,,58,63,0,65,,,,,
Bekasi,Bekasi Kayuringin,2026-05-06 09:00:00,-,59,28,,63,13,0,2,,,,,
Jakarta,The Pakubuwono Menteng,2026-05-06 17:47:12,98,98,36,75,,,,,53,31.6,,,
Depok,Cinere - Nafas,2026-05-06 17:47:11,137,137,54,95,,,,,54,30.8,,,
Bogor,Kabupaten Bogor Leuwiliang,2026-05-06 09:00:00,-,58,26,,4,9,0,80,,,,,
Tangerang,Tangerang Pasir Jaya,2026-05-06 09:00:00,-,63,32,,58,63,0,65,,,,,
Bekasi,Bekasi Kayuringin,2026-05-06 09:00:00,-,59,28,,63,13,0,2,,,,,
Jakarta,The Pakubuwono Menteng,2026-05-06 17:48:12,110,110,43,81,,,,,54,31.6,,,
Depok,Cinere - Nafas,2026-05-06 17:48:11,137,137,54,95,,,,,54,30.7,,,
Bogor,Kabupaten Bogor Leuwiliang,2026-05-06 09:00:00,-,58,26,,4,9,0,80,,,,,
Tangerang,Tangerang Pasir Jaya,2026-05-06 09:00:00,-,63,32,,58,63,0,65,,,,,
Bekasi,Bekasi Kayuringin,2026-05-06 09:00:00,-,59,28,,63,13,0,2,,,,,
Jakarta,The Pakubuwono Menteng,2026-05-06 17:50:12,107,107,40,78,,,,,53,31.6,,,
Depok,Cinere - Nafas,2026-05-06 17:50:10,136,136,54,96,,,,,54,30.7,,,
Bogor,Kabupaten Bogor Leuwiliang,2026-05-06 09:00:00,-,58,26,,4,9,0,80,,,,,
Tangerang,Tangerang Pasir Jaya,2026-05-06 09:00:00,-,63,32,,58,63,0,65,,,,,
Bekasi,Bekasi Kayuringin,2026-05-06 09:00:00,-,59,28,,63,13,0,2,,,,,
Jakarta,The Pakubuwono Menteng,2026-05-06 17:51:12,101,101,41,77,,,,,53,31.6,,,
Depok,Cinere - Nafas,2026-05-06 17:51:11,135,135,54,94,,,,,54,30.7,,,
Bogor,Kabupaten Bogor Leuwiliang,2026-05-06 09:00:00,-,58,26,,4,9,0,80,,,,,
Tangerang,Tangerang Pasir Jaya,2026-05-06 09:00:00,-,63,32,,58,63,0,65,,,,,
Bekasi,Bekasi Kayuringin,2026-05-06 09:00:00,-,59,28,,63,13,0,2,,,,,
Jakarta,The Pakubuwono Menteng,2026-05-06 17:52:12,98,98,38,74,,,,,53,31.6,,,
Depok,Cinere - Nafas,2026-05-06 17:52:11,134,134,53,94,,,,,54,30.7,,,
Bogor,Kabupaten Bogor Leuwiliang,2026-05-06 09:00:00,-,58,26,,4,9,0,80,,,,,
Tangerang,Tangerang Pasir Jaya,2026-05-06 09:00:00,-,63,32,,58,63,0,65,,,,,
Bekasi,Bekasi Kayuringin,2026-05-06 09:00:00,-,59,28,,63,13,0,2,,,,,
Jakarta,The Pakubuwono Menteng,2026-05-06 17:53:12,103,103,39,79,,,,,53,31.6,,,
Depok,Cinere - Nafas,2026-05-06 17:53:11,135,135,53,93,,,,,54,30.7,,,
Bogor,Kabupaten Bogor Leuwiliang,2026-05-06 09:00:00,-,58,26,,4,9,0,80,,,,,
Tangerang,Tangerang Pasir Jaya,2026-05-06 09:00:00,-,63,32,,58,63,0,65,,,,,
Bekasi,Bekasi Kayuringin,2026-05-06 09:00:00,-,59,28,,63,13,0,2,,,,,
Jakarta,The Pakubuwono Menteng,2026-05-06 17:54:12,101,101,38,79,,,,,53,31.5,,,
Depok,Cinere - Nafas,2026-05-06 17:54:11,136,136,54,95,,,,,54,30.7,,,
Bogor,Kabupaten Bogor Leuwiliang,2026-05-06 09:00:00,-,58,26,,4,9,0,80,,,,,
Tangerang,Tangerang Pasir Jaya,2026-05-06 09:00:00,-,63,32,,58,63,0,65,,,,,
Bekasi,Bekasi Kayuringin,2026-05-06 09:00:00,-,59,28,,63,13,0,2,,,,,
Jakarta,The Pakubuwono Menteng,2026-05-06 17:54:12,101,101,38,79,,,,,53,31.5,,,
Depok,Cinere - Nafas,2026-05-06 17:54:11,136,136,54,95,,,,,54,30.7,,,
Bogor,Kabupaten Bogor Leuwiliang,2026-05-06 09:00:00,-,58,26,,4,9,0,80,,,,,
Tangerang,Tangerang Pasir Jaya,2026-05-06 09:00:00,-,63,32,,58,63,0,65,,,,,
Bekasi,Bekasi Kayuringin,2026-05-06 09:00:00,-,59,28,,63,13,0,2,,,,,
Jakarta,The Pakubuwono Menteng,2026-05-06 17:57:12,107,107,40,77,,,,,53,31.5,,,
Depok,Cinere - Nafas,2026-05-06 17:57:11,149,149,56,106,,,,,54,30.6,,,
Bogor,Kabupaten Bogor Leuwiliang,2026-05-06 09:00:00,-,58,26,,4,9,0,80,,,,,
Tangerang,Tangerang Pasir Jaya,2026-05-06 09:00:00,-,63,32,,58,63,0,65,,,,,
Bekasi,Bekasi Kayuringin,2026-05-06 09:00:00,-,59,28,,63,13,0,2,,,,,
Jakarta,The Pakubuwono Menteng,2026-05-06 17:58:12,103,103,39,79,,,,,53,31.5,,,
Depok,Cinere - Nafas,2026-05-06 17:58:11,169,169,70,155,,,,,54,30.6,,,
Bogor,Kabupaten Bogor Leuwiliang,2026-05-06 09:00:00,-,58,26,,4,9,0,80,,,,,
Tangerang,Tangerang Pasir Jaya,2026-05-06 09:00:00,-,63,32,,58,63,0,65,,,,,
Bekasi,Bekasi Kayuringin,2026-05-06 09:00:00,-,59,28,,63,13,0,2,,,,,
Jakarta,The Pakubuwono Menteng,2026-05-06 17:59:12,109,109,43,82,,,,,53,31.5,,,
Depok,Cinere - Nafas,2026-05-06 17:59:11,167,167,68,154,,,,,55,30.6,,,
Bogor,Kabupaten Bogor Leuwiliang,2026-05-06 09:00:00,-,58,26,,4,9,0,80,,,,,
Tangerang,Tangerang Pasir Jaya,2026-05-06 09:00:00,-,63,32,,58,63,0,65,,,,,
Bekasi,Bekasi Kayuringin,2026-05-06 09:00:00,-,59,28,,63,13,0,2,,,,,
Jakarta,The Pakubuwono Menteng,2026-05-06 18:00:12,110,110,42,80,,,,,53,31.5,,,
Depok,Cinere - Nafas,2026-05-06 18:00:11,178,178,80,160,,,,,55,30.5,,,
Bogor,Kabupaten Bogor Leuwiliang,2026-05-06 09:00:00,-,58,26,,4,9,0,80,,,,,
Tangerang,Tangerang Pasir Jaya,2026-05-06 09:00:00,-,63,32,,58,63,0,65,,,,,
Bekasi,Bekasi Kayuringin,2026-05-06 09:00:00,-,59,28,,63,13,0,2,,,,,
Jakarta,The Pakubuwono Menteng,2026-05-06 18:01:15,109,109,44,80,,,,,53,31.5,,,
Depok,Cinere - Nafas,2026-05-06 18:01:11,175,175,77,160,,,,,55,30.5,,,
Bogor,Kabupaten Bogor Leuwiliang,2026-05-06 09:00:00,-,58,26,,4,9,0,80,,,,,
Tangerang,Tangerang Pasir Jaya,2026-05-06 09:00:00,-,63,32,,58,63,0,65,,,,,
Bekasi,Bekasi Kayuringin,2026-05-06 09:00:00,-,59,28,,63,13,0,2,,,,,
Jakarta,The Pakubuwono Menteng,2026-05-06 18:02:12,110,110,42,81,,,,,53,31.5,,,
Depok,Cinere - Nafas,2026-05-06 18:02:11,158,158,61,135,,,,,55,30.5,,,
Bogor,Kabupaten Bogor Leuwiliang,2026-05-06 09:00:00,-,58,26,,4,9,0,80,,,,,
Tangerang,Tangerang Pasir Jaya,2026-05-06 09:00:00,-,63,32,,58,63,0,65,,,,,
Bekasi,Bekasi Kayuringin,2026-05-06 09:00:00,-,59,28,,63,13,0,2,,,,,
Jakarta,The Pakubuwono Menteng,2026-05-06 18:03:12,111,111,44,80,,,,,53,31.5,,,
Depok,Cinere - Nafas,2026-05-06 18:03:11,170,170,72,157,,,,,55,30.4,,,
Bogor,Kabupaten Bogor Leuwiliang,2026-05-06 09:00:00,-,58,26,,4,9,0,80,,,,,
Tangerang,Tangerang Pasir Jaya,2026-05-06 09:00:00,-,63,32,,58,63,0,65,,,,,
Bekasi,Bekasi Kayuringin,2026-05-06 09:00:00,-,59,28,,63,13,0,2,,,,,
Jakarta,The Pakubuwono Menteng,2026-05-06 18:04:13,109,109,42,80,,,,,53,31.4,,,
Depok,Cinere - Nafas,2026-05-06 18:06:11,166,166,68,154,,,,,55,30.3,,,
Bogor,Kabupaten Bogor Leuwiliang,2026-05-06 09:00:00,-,58,26,,4,9,0,80,,,,,
Tangerang,Tangerang Pasir Jaya,2026-05-06 09:00:00,-,63,32,,58,63,0,65,,,,,
Bekasi,Bekasi Kayuringin,2026-05-06 09:00:00,-,59,28,,63,13,0,2,,,,,
Jakarta,The Pakubuwono Menteng,2026-05-06 18:07:12,115,115,45,84,,,,,53,31.4,,,
Depok,Cinere - Nafas,2026-05-06 18:07:11,189,189,90,171,,,,,55,30.4,,,
Bogor,Kabupaten Bogor Leuwiliang,2026-05-06 09:00:00,-,58,26,,4,9,0,80,,,,,
Tangerang,Tangerang Pasir Jaya,2026-05-06 09:00:00,-,63,32,,58,63,0,65,,,,,
Bekasi,Bekasi Kayuringin,2026-05-06 09:00:00,-,59,28,,63,13,0,2,,,,,
Jakarta,The Pakubuwono Menteng,2026-05-06 18:08:12,111,111,43,83,,,,,53,31.3,,,
Depok,Cinere - Nafas,2026-05-06 18:08:11,165,165,66,151,,,,,55,30.3,,,
Bogor,Kabupaten Bogor Leuwiliang,2026-05-06 09:00:00,-,58,26,,4,9,0,80,,,,,
Tangerang,Tangerang Pasir Jaya,2026-05-06 09:00:00,-,63,32,,58,63,0,65,,,,,
Bekasi,Bekasi Kayuringin,2026-05-06 09:00:00,-,59,28,,63,13,0,2,,,,,
Jakarta,The Pakubuwono Menteng,2026-05-06 18:09:12,111,111,43,84,,,,,54,31.3,,,
Depok,Cinere - Nafas,2026-05-06 18:09:11,167,167,70,154,,,,,55,30.4,,,
Bogor,Kabupaten Bogor Leuwiliang,2026-05-06 09:00:00,-,58,26,,4,9,0,80,,,,,
Tangerang,Tangerang Pasir Jaya,2026-05-06 09:00:00,-,63,32,,58,63,0,65,,,,,
Bekasi,Bekasi Kayuringin,2026-05-06 09:00:00,-,59,28,,63,13,0,2,,,,,
Jakarta,The Pakubuwono Menteng,2026-05-06 18:10:12,110,110,42,83,,,,,54,31.3,,,
Depok,Cinere - Nafas,2026-05-06 18:10:11,178,178,79,160,,,,,55,30.3,,,
Bogor,Kabupaten Bogor Leuwiliang,2026-05-06 09:00:00,-,58,26,,4,9,0,80,,,,,
Tangerang,Tangerang Pasir Jaya,2026-05-06 09:00:00,-,63,32,,58,63,0,65,,,,,
Bekasi,Bekasi Kayuringin,2026-05-06 09:00:00,-,59,28,,63,13,0,2,,,,,
Jakarta,The Pakubuwono Menteng,2026-05-06 18:10:12,110,110,42,83,,,,,54,31.3,,,
Depok,Cinere - Nafas,2026-05-06 18:10:11,178,178,79,160,,,,,55,30.3,,,
Bogor,Kabupaten Bogor Leuwiliang,2026-05-06 09:00:00,-,58,26,,4,9,0,80,,,,,
Tangerang,Tangerang Pasir Jaya,2026-05-06 09:00:00,-,63,32,,58,63,0,65,,,,,
Bekasi,Bekasi Kayuringin,2026-05-06 09:00:00,-,59,28,,63,13,0,2,,,,,
Jakarta,The Pakubuwono Menteng,2026-05-06 18:11:12,101,101,37,79,,,,,54,31.3,,,
Depok,Cinere - Nafas,2026-05-06 18:11:11,166,166,68,153,,,,,55,30.3,,,
Bogor,Kabupaten Bogor Leuwiliang,2026-05-06 09:00:00,-,58,26,,4,9,0,80,,,,,
Tangerang,Tangerang Pasir Jaya,2026-05-06 09:00:00,-,63,32,,58,63,0,65,,,,,
Bekasi,Bekasi Kayuringin,2026-05-06 09:00:00,-,59,28,,63,13,0,2,,,,,
Jakarta,The Pakubuwono Menteng,2026-05-06 18:12:12,103,103,39,80,,,,,54,31.3,,,
Depok,Cinere - Nafas,2026-05-06 18:12:11,163,163,64,151,,,,,55,30.2,,,
Bogor,Kabupaten Bogor Leuwiliang,2026-05-06 09:00:00,-,58,26,,4,9,0,80,,,,,
Tangerang,Tangerang Pasir Jaya,2026-05-06 09:00:00,-,63,32,,58,63,0,65,,,,,
Bekasi,Bekasi Kayuringin,2026-05-06 09:00:00,-,59,28,,63,13,0,2,,,,,
Jakarta,The Pakubuwono Menteng,2026-05-06 18:15:12,101,101,39,76,,,,,53,31.4,,,
Depok,Cinere - Nafas,2026-05-06 18:15:36,162,162,65,148,,,,,55,30.2,,,
Bogor,Kabupaten Bogor Leuwiliang,2026-05-06 09:00:00,-,58,26,,4,9,0,80,,,,,
Tangerang,Tangerang Pasir Jaya,2026-05-06 09:00:00,-,63,32,,58,63,0,65,,,,,
Bekasi,Bekasi Kayuringin,2026-05-06 09:00:00,-,59,28,,63,13,0,2,,,,,
Jakarta,The Pakubuwono Menteng,2026-05-06 18:16:12,97,97,38,75,,,,,53,31.4,,,
Depok,Cinere - Nafas,2026-05-06 18:16:36,163,163,67,148,,,,,55,30.2,,,
Bogor,Kabupaten Bogor Leuwiliang,2026-05-06 09:00:00,-,58,26,,4,9,0,80,,,,,
Tangerang,Tangerang Pasir Jaya,2026-05-06 09:00:00,-,63,32,,58,63,0,65,,,,,
Bekasi,Bekasi Kayuringin,2026-05-06 09:00:00,-,59,28,,63,13,0,2,,,,,
Jakarta,The Pakubuwono Menteng,2026-05-06 18:17:12,99,99,38,74,,,,,53,31.5,,,
Depok,Cinere - Nafas,2026-05-06 18:17:36,167,167,69,153,,,,,55,30.1,,,
Bogor,Kabupaten Bogor Leuwiliang,2026-05-06 09:00:00,-,58,26,,4,9,0,80,,,,,
Tangerang,Tangerang Pasir Jaya,2026-05-06 09:00:00,-,63,32,,58,63,0,65,,,,,
Bekasi,Bekasi Kayuringin,2026-05-06 09:00:00,-,59,28,,63,13,0,2,,,,,
Jakarta,The Pakubuwono Menteng,2026-05-06 18:18:13,99,99,37,74,,,,,53,31.5,,,
Depok,Cinere - Nafas,2026-05-06 18:18:36,173,173,76,158,,,,,56,30.1,,,
Bogor,Kabupaten Bogor Leuwiliang,2026-05-06 09:00:00,-,58,26,,4,9,0,80,,,,,
Tangerang,Tangerang Pasir Jaya,2026-05-06 09:00:00,-,63,32,,58,63,0,65,,,,,
Bekasi,Bekasi Kayuringin,2026-05-06 09:00:00,-,59,28,,63,13,0,2,,,,,
Jakarta,The Pakubuwono Menteng,2026-05-06 18:19:12,101,101,37,76,,,,,53,31.5,,,
Depok,Cinere - Nafas,2026-05-06 18:19:36,191,191,92,172,,,,,56,30.1,,,
Bogor,Kabupaten Bogor Leuwiliang,2026-05-06 09:00:00,-,58,26,,4,9,0,80,,,,,
Tangerang,Tangerang Pasir Jaya,2026-05-06 09:00:00,-,63,32,,58,63,0,65,,,,,
Bekasi,Bekasi Kayuringin,2026-05-06 09:00:00,-,59,28,,63,13,0,2,,,,,
Jakarta,The Pakubuwono Menteng,2026-05-06 18:20:12,100,100,38,74,,,,,53,31.5,,,
Depok,Cinere - Nafas,2026-05-06 18:20:36,175,175,76,160,,,,,56,30.1,,,
Bogor,Kabupaten Bogor Leuwiliang,2026-05-06 09:00:00,-,58,26,,4,9,0,80,,,,,
Tangerang,Tangerang Pasir Jaya,2026-05-06 09:00:00,-,63,32,,58,63,0,65,,,,,
Bekasi,Bekasi Kayuringin,2026-05-06 09:00:00,-,59,28,,63,13,0,2,,,,,
Jakarta,The Pakubuwono Menteng,2026-05-06 18:22:12,103,103,40,79,,,,,53,31.5,,,
Depok,Cinere - Nafas,2026-05-06 18:22:36,161,161,64,142,,,,,56,30,,,
Bogor,Kabupaten Bogor Leuwiliang,2026-05-06 09:00:00,-,58,26,,4,9,0,80,,,,,
Tangerang,Tangerang Pasir Jaya,2026-05-06 09:00:00,-,63,32,,58,63,0,65,,,,,
Bekasi,Bekasi Kayuringin,2026-05-06 09:00:00,-,59,28,,63,13,0,2,,,,,
Jakarta,The Pakubuwono Menteng,2026-05-06 18:23:12,96,96,34,72,,,,,53,31.5,,,
Depok,Cinere - Nafas,2026-05-06 18:24:37,172,172,73,159,,,,,56,30,,,
Bogor,Kabupaten Bogor Leuwiliang,2026-05-06 09:00:00,-,58,26,,4,9,0,80,,,,,
Tangerang,Tangerang Pasir Jaya,2026-05-06 09:00:00,-,63,32,,58,63,0,65,,,,,
Bekasi,Bekasi Kayuringin,2026-05-06 09:00:00,-,59,28,,63,13,0,2,,,,,
Jakarta,The Pakubuwono Menteng,2026-05-06 18:25:12,99,99,37,76,,,,,52,31.6,,,
Depok,Cinere - Nafas,2026-05-06 18:25:37,169,169,70,158,,,,,56,30,,,
Bogor,Kabupaten Bogor Leuwiliang,2026-05-06 09:00:00,-,58,26,,4,9,0,80,,,,,
Tangerang,Tangerang Pasir Jaya,2026-05-06 09:00:00,-,63,32,,58,63,0,65,,,,,
Bekasi,Bekasi Kayuringin,2026-05-06 09:00:00,-,59,28,,63,13,0,2,,,,,
Jakarta,The Pakubuwono Menteng,2026-05-06 18:25:12,99,99,37,76,,,,,52,31.6,,,
Depok,Cinere - Nafas,2026-05-06 18:25:37,169,169,70,158,,,,,56,30,,,
Bogor,Kabupaten Bogor Leuwiliang,2026-05-06 09:00:00,-,58,26,,4,9,0,80,,,,,
Tangerang,Tangerang Pasir Jaya,2026-05-06 09:00:00,-,63,32,,58,63,0,65,,,,,
Bekasi,Bekasi Kayuringin,2026-05-06 09:00:00,-,59,28,,63,13,0,2,,,,,
Jakarta,The Pakubuwono Menteng,2026-05-06 18:26:12,105,105,40,78,,,,,52,31.6,,,
Depok,Cinere - Nafas,2026-05-06 18:26:37,167,167,68,155,,,,,56,30.1,,,
Bogor,Kabupaten Bogor Leuwiliang,2026-05-06 09:00:00,-,58,26,,4,9,0,80,,,,,
Tangerang,Tangerang Pasir Jaya,2026-05-06 09:00:00,-,63,32,,58,63,0,65,,,,,
Bekasi,Bekasi Kayuringin,2026-05-06 09:00:00,-,59,28,,63,13,0,2,,,,,
Jakarta,The Pakubuwono Menteng,2026-05-06 18:27:12,111,111,44,81,,,,,52,31.6,,,
Depok,Cinere - Nafas,2026-05-06 18:27:37,182,182,88,162,,,,,56,30.1,,,
Bogor,Kabupaten Bogor Leuwiliang,2026-05-06 09:00:00,-,58,26,,4,9,0,80,,,,,
Tangerang,Tangerang Pasir Jaya,2026-05-06 09:00:00,-,63,32,,58,63,0,65,,,,,
Bekasi,Bekasi Kayuringin,2026-05-06 09:00:00,-,59,28,,63,13,0,2,,,,,
Jakarta,The Pakubuwono Menteng,2026-05-06 18:29:12,113,113,44,83,,,,,52,31.5,,,
Depok,Cinere - Nafas,2026-05-06 18:29:37,172,172,75,153,,,,,56,30.1,,,
Bogor,Kabupaten Bogor Leuwiliang,2026-05-06 09:00:00,-,58,26,,4,9,0,80,,,,,
Tangerang,Tangerang Pasir Jaya,2026-05-06 09:00:00,-,63,32,,58,63,0,65,,,,,
Bekasi,Bekasi Kayuringin,2026-05-06 09:00:00,-,59,28,,63,13,0,2,,,,,
Jakarta,The Pakubuwono Menteng,2026-05-06 18:30:12,110,110,42,81,,,,,53,31.5,,,
Depok,Cinere - Nafas,2026-05-06 18:30:37,162,162,64,133,,,,,56,30.1,,,
Bogor,Kabupaten Bogor Leuwiliang,2026-05-06 09:00:00,-,58,26,,4,9,0,80,,,,,
Tangerang,Tangerang Pasir Jaya,2026-05-06 09:00:00,-,63,32,,58,63,0,65,,,,,
Bekasi,Bekasi Kayuringin,2026-05-06 09:00:00,-,59,28,,63,13,0,2,,,,,
Jakarta,The Pakubuwono Menteng,2026-05-06 18:31:12,113,113,43,83,,,,,53,31.4,,,
Depok,Cinere - Nafas,2026-05-06 18:31:37,154,154,59,116,,,,,56,30.1,,,
Bogor,Kabupaten Bogor Leuwiliang,2026-05-06 09:00:00,-,58,26,,4,9,0,80,,,,,
Tangerang,Tangerang Pasir Jaya,2026-05-06 09:00:00,-,63,32,,58,63,0,65,,,,,
Bekasi,Bekasi Kayuringin,2026-05-06 09:00:00,-,59,28,,63,13,0,2,,,,,
Jakarta,The Pakubuwono Menteng,2026-05-06 18:33:12,103,103,39,79,,,,,53,31.4,,,
Depok,Cinere - Nafas,2026-05-06 18:33:37,147,147,56,98,,,,,56,30.1,,,
Bogor,Kabupaten Bogor Leuwiliang,2026-05-06 09:00:00,-,58,26,,4,9,0,80,,,,,
Tangerang,Tangerang Pasir Jaya,2026-05-06 09:00:00,-,63,32,,58,63,0,65,,,,,
Bekasi,Bekasi Kayuringin,2026-05-06 09:00:00,-,59,28,,63,13,0,2,,,,,
Jakarta,The Pakubuwono Menteng,2026-05-06 18:34:12,108,108,40,79,,,,,53,31.4,,,
Depok,Cinere - Nafas,2026-05-06 18:34:37,137,137,54,95,,,,,56,30.1,,,
Bogor,Kabupaten Bogor Leuwiliang,2026-05-06 09:00:00,-,58,26,,4,9,0,80,,,,,
Tangerang,Tangerang Pasir Jaya,2026-05-06 09:00:00,-,63,32,,58,63,0,65,,,,,
Bekasi,Bekasi Kayuringin,2026-05-06 09:00:00,-,59,28,,63,13,0,2,,,,,
Jakarta,The Pakubuwono Menteng,2026-05-06 18:35:12,106,106,41,78,,,,,53,31.3,,,
Depok,Cinere - Nafas,2026-05-06 18:35:37,138,138,54,94,,,,,56,30.1,,,
Bogor,Kabupaten Bogor Leuwiliang,2026-05-06 09:00:00,-,58,26,,4,9,0,80,,,,,
Tangerang,Tangerang Pasir Jaya,2026-05-06 09:00:00,-,63,32,,58,63,0,65,,,,,
Bekasi,Bekasi Kayuringin,2026-05-06 09:00:00,-,59,28,,63,13,0,2,,,,,
Jakarta,The Pakubuwono Menteng,2026-05-06 18:36:12,106,106,40,78,,,,,53,31.3,,,
Depok,Cinere - Nafas,2026-05-06 18:36:37,136,136,53,94,,,,,56,30,,,
Bogor,Kabupaten Bogor Leuwiliang,2026-05-06 09:00:00,-,58,26,,4,9,0,80,,,,,
Tangerang,Tangerang Pasir Jaya,2026-05-06 09:00:00,-,63,32,,58,63,0,65,,,,,
Bekasi,Bekasi Kayuringin,2026-05-06 09:00:00,-,59,28,,63,13,0,2,,,,,
Jakarta,The Pakubuwono Menteng,2026-05-06 18:37:13,103,103,38,79,,,,,53,31.3,,,
Depok,Cinere - Nafas,2026-05-06 18:37:37,138,138,54,94,,,,,56,30,,,
Bogor,Kabupaten Bogor Leuwiliang,2026-05-06 09:00:00,-,58,26,,4,9,0,80,,,,,
Tangerang,Tangerang Pasir Jaya,2026-05-06 09:00:00,-,63,32,,58,63,0,65,,,,,
Bekasi,Bekasi Kayuringin,2026-05-06 09:00:00,-,59,28,,63,13,0,2,,,,,
Jakarta,The Pakubuwono Menteng,2026-05-06 18:39:15,108,108,43,84,,,,,53,31.3,,,
Depok,Cinere - Nafas,2026-05-06 18:39:37,130,130,52,90,,,,,56,30.1,,,
Bogor,Kabupaten Bogor Leuwiliang,2026-05-06 09:00:00,-,58,26,,4,9,0,80,,,,,
Tangerang,Tangerang Pasir Jaya,2026-05-06 09:00:00,-,63,32,,58,63,0,65,,,,,
Bekasi,Bekasi Kayuringin,2026-05-06 09:00:00,-,59,28,,63,13,0,2,,,,,
Jakarta,The Pakubuwono Menteng,2026-05-06 18:40:12,113,113,44,84,,,,,53,31.3,,,
Depok,Cinere - Nafas,2026-05-06 18:40:38,138,138,54,94,,,,,56,30,,,
Bogor,Kabupaten Bogor Leuwiliang,2026-05-06 09:00:00,-,58,26,,4,9,0,80,,,,,
Tangerang,Tangerang Pasir Jaya,2026-05-06 09:00:00,-,63,32,,58,63,0,65,,,,,
Bekasi,Bekasi Kayuringin,2026-05-06 09:00:00,-,59,28,,63,13,0,2,,,,,
Jakarta,The Pakubuwono Menteng,2026-05-06 18:41:12,109,109,42,80,,,,,53,31.3,,,
Depok,Cinere - Nafas,2026-05-06 18:41:37,140,140,54,96,,,,,56,30.1,,,
Bogor,Kabupaten Bogor Leuwiliang,2026-05-06 09:00:00,-,58,26,,4,9,0,80,,,,,
Tangerang,Tangerang Pasir Jaya,2026-05-06 09:00:00,-,63,32,,58,63,0,65,,,,,
Bekasi,Bekasi Kayuringin,2026-05-06 09:00:00,-,59,28,,63,13,0,2,,,,,
Jakarta,The Pakubuwono Menteng,2026-05-06 18:43:12,112,112,45,79,,,,,53,31.3,,,
Depok,Cinere - Nafas,2026-05-06 18:43:37,141,141,55,96,,,,,56,30.1,,,
Bogor,Kabupaten Bogor Leuwiliang,2026-05-06 09:00:00,-,58,26,,4,9,0,80,,,,,
Tangerang,Tangerang Pasir Jaya,2026-05-06 09:00:00,-,63,32,,58,63,0,65,,,,,
Bekasi,Bekasi Kayuringin,2026-05-06 09:00:00,-,59,28,,63,13,0,2,,,,,
Jakarta,The Pakubuwono Menteng,2026-05-06 18:43:12,112,112,45,79,,,,,53,31.3,,,
Depok,Cinere - Nafas,2026-05-06 18:43:37,141,141,55,96,,,,,56,30.1,,,
Bogor,Kabupaten Bogor Leuwiliang,2026-05-06 09:00:00,-,58,26,,4,9,0,80,,,,,
Tangerang,Tangerang Pasir Jaya,2026-05-06 09:00:00,-,63,32,,58,63,0,65,,,,,
Bekasi,Bekasi Kayuringin,2026-05-06 09:00:00,-,59,28,,63,13,0,2,,,,,
Jakarta,The Pakubuwono Menteng,2026-05-06 18:44:12,115,115,46,83,,,,,53,31.3,,,
Depok,Cinere - Nafas,2026-05-06 18:44:37,141,141,55,96,,,,,56,30,,,
Bogor,Kabupaten Bogor Leuwiliang,2026-05-06 09:00:00,-,58,26,,4,9,0,80,,,,,
Tangerang,Tangerang Pasir Jaya,2026-05-06 09:00:00,-,63,32,,58,63,0,65,,,,,
Bekasi,Bekasi Kayuringin,2026-05-06 09:00:00,-,59,28,,63,13,0,2,,,,,
Jakarta,The Pakubuwono Menteng,2026-05-06 18:45:13,113,113,43,83,,,,,53,31.3,,,
Depok,Cinere - Nafas,2026-05-06 18:45:37,148,148,56,99,,,,,56,30,,,
Bogor,Kabupaten Bogor Leuwiliang,2026-05-06 09:00:00,-,58,26,,4,9,0,80,,,,,
Tangerang,Tangerang Pasir Jaya,2026-05-06 09:00:00,-,63,32,,58,63,0,65,,,,,
Bekasi,Bekasi Kayuringin,2026-05-06 09:00:00,-,59,28,,63,13,0,2,,,,,
Jakarta,The Pakubuwono Menteng,2026-05-06 18:47:13,109,109,43,79,,,,,53,31.2,,,
Depok,Cinere - Nafas,2026-05-06 18:47:37,143,143,55,98,,,,,56,30,,,
Bogor,Kabupaten Bogor Leuwiliang,2026-05-06 09:00:00,-,58,26,,4,9,0,80,,,,,
Tangerang,Tangerang Pasir Jaya,2026-05-06 09:00:00,-,63,32,,58,63,0,65,,,,,
Bekasi,Bekasi Kayuringin,2026-05-06 09:00:00,-,59,28,,63,13,0,2,,,,,
Jakarta,The Pakubuwono Menteng,2026-05-06 18:48:13,113,113,43,84,,,,,54,31.2,,,
Depok,Cinere - Nafas,2026-05-06 18:48:37,140,140,56,96,,,,,56,30,,,
Bogor,Kabupaten Bogor Leuwiliang,2026-05-06 09:00:00,-,58,26,,4,9,0,80,,,,,
Tangerang,Tangerang Pasir Jaya,2026-05-06 09:00:00,-,63,32,,58,63,0,65,,,,,
Bekasi,Bekasi Kayuringin,2026-05-06 09:00:00,-,59,28,,63,13,0,2,,,,,
Jakarta,The Pakubuwono Menteng,2026-05-06 18:49:13,113,113,44,83,,,,,54,31.2,,,
Depok,Cinere - Nafas,2026-05-06 18:49:37,141,141,55,96,,,,,56,30,,,
Bogor,Kabupaten Bogor Leuwiliang,2026-05-06 09:00:00,-,58,26,,4,9,0,80,,,,,
Tangerang,Tangerang Pasir Jaya,2026-05-06 09:00:00,-,63,32,,58,63,0,65,,,,,
Bekasi,Bekasi Kayuringin,2026-05-06 09:00:00,-,59,28,,63,13,0,2,,,,,
Jakarta,The Pakubuwono Menteng,2026-05-06 18:51:13,109,109,44,81,,,,,54,31.2,,,
Depok,Cinere - Nafas,2026-05-06 18:51:37,148,148,56,99,,,,,56,29.9,,,
Bogor,Kabupaten Bogor Leuwiliang,2026-05-06 09:00:00,-,58,26,,4,9,0,80,,,,,
Tangerang,Tangerang Pasir Jaya,2026-05-06 09:00:00,-,63,32,,58,63,0,65,,,,,
Bekasi,Bekasi Kayuringin,2026-05-06 09:00:00,-,59,28,,63,13,0,2,,,,,
Jakarta,The Pakubuwono Menteng,2026-05-06 18:52:13,101,101,39,74,,,,,53,31.2,,,
Depok,Cinere - Nafas,2026-05-06 18:52:38,150,150,57,103,,,,,57,30,,,
Bogor,Kabupaten Bogor Leuwiliang,2026-05-06 09:00:00,-,58,26,,4,9,0,80,,,,,
Tangerang,Tangerang Pasir Jaya,2026-05-06 09:00:00,-,63,32,,58,63,0,65,,,,,
Bekasi,Bekasi Kayuringin,2026-05-06 09:00:00,-,59,28,,63,13,0,2,,,,,
Jakarta,The Pakubuwono Menteng,2026-05-06 18:53:13,107,107,41,79,,,,,54,31.2,,,
Depok,Cinere - Nafas,2026-05-06 18:53:37,150,150,57,100,,,,,57,29.9,,,
Bogor,Kabupaten Bogor Leuwiliang,2026-05-06 09:00:00,-,58,26,,4,9,0,80,,,,,
Tangerang,Tangerang Pasir Jaya,2026-05-06 09:00:00,-,63,32,,58,63,0,65,,,,,
Bekasi,Bekasi Kayuringin,2026-05-06 09:00:00,-,59,28,,63,13,0,2,,,,,
Jakarta,The Pakubuwono Menteng,2026-05-06 18:55:13,97,97,35,74,,,,,53,31.3,,,
Depok,Cinere - Nafas,2026-05-06 18:55:38,153,153,59,111,,,,,57,29.9,,,
Bogor,Kabupaten Bogor Leuwiliang,2026-05-06 09:00:00,-,58,26,,4,9,0,80,,,,,
Tangerang,Tangerang Pasir Jaya,2026-05-06 09:00:00,-,63,32,,58,63,0,65,,,,,
Bekasi,Bekasi Kayuringin,2026-05-06 09:00:00,-,59,28,,63,13,0,2,,,,,
Jakarta,The Pakubuwono Menteng,2026-05-06 18:56:13,98,98,34,73,,,,,53,31.3,,,
Depok,Cinere - Nafas,2026-05-06 18:56:39,156,156,60,120,,,,,57,30,,,
Bogor,Kabupaten Bogor Leuwiliang,2026-05-06 09:00:00,-,58,26,,4,9,0,80,,,,,
Tangerang,Tangerang Pasir Jaya,2026-05-06 09:00:00,-,63,32,,58,63,0,65,,,,,
Bekasi,Bekasi Kayuringin,2026-05-06 09:00:00,-,59,28,,63,13,0,2,,,,,
Jakarta,The Pakubuwono Menteng,2026-05-06 18:57:13,106,106,42,80,,,,,53,31.3,,,
Depok,Cinere - Nafas,2026-05-06 18:57:38,156,156,60,121,,,,,57,30,,,
Bogor,Kabupaten Bogor Leuwiliang,2026-05-06 09:00:00,-,58,26,,4,9,0,80,,,,,
Tangerang,Tangerang Pasir Jaya,2026-05-06 09:00:00,-,63,32,,58,63,0,65,,,,,
Bekasi,Bekasi Kayuringin,2026-05-06 09:00:00,-,59,28,,63,13,0,2,,,,,
Jakarta,The Pakubuwono Menteng,2026-05-06 18:58:13,101,101,38,74,,,,,53,31.3,,,
Depok,Cinere - Nafas,2026-05-06 18:58:37,153,153,58,110,,,,,57,30,,,
Bogor,Kabupaten Bogor Leuwiliang,2026-05-06 09:00:00,-,58,26,,4,9,0,80,,,,,
Tangerang,Tangerang Pasir Jaya,2026-05-06 09:00:00,-,63,32,,58,63,0,65,,,,,
Bekasi,Bekasi Kayuringin,2026-05-06 09:00:00,-,59,28,,63,13,0,2,,,,,
Jakarta,The Pakubuwono Menteng,2026-05-06 18:59:13,97,97,34,75,,,,,53,31.3,,,
Depok,Cinere - Nafas,2026-05-06 18:59:37,152,152,58,108,,,,,57,30,,,
Bogor,Kabupaten Bogor Leuwiliang,2026-05-06 09:00:00,-,58,26,,4,9,0,80,,,,,
Tangerang,Tangerang Pasir Jaya,2026-05-06 09:00:00,-,63,32,,58,63,0,65,,,,,
Bekasi,Bekasi Kayuringin,2026-05-06 09:00:00,-,59,28,,63,13,0,2,,,,,
Jakarta,The Pakubuwono Menteng,2026-05-06 19:00:13,98,98,35,74,,,,,53,31.4,,,
Depok,Cinere - Nafas,2026-05-06 19:00:40,151,151,57,108,,,,,57,30,,,
Bogor,Kabupaten Bogor Leuwiliang,2026-05-06 09:00:00,-,58,26,,4,9,0,80,,,,,
Tangerang,Tangerang Pasir Jaya,2026-05-06 09:00:00,-,63,32,,58,63,0,65,,,,,
Bekasi,Bekasi Kayuringin,2026-05-06 09:00:00,-,59,28,,63,13,0,2,,,,,
Jakarta,The Pakubuwono Menteng,2026-05-06 19:02:13,108,108,41,77,,,,,53,31.4,,,
Depok,Cinere - Nafas,2026-05-06 19:02:38,151,151,57,101,,,,,57,30,,,
Bogor,Kabupaten Bogor Leuwiliang,2026-05-06 09:00:00,-,58,26,,4,9,0,80,,,,,
Tangerang,Tangerang Pasir Jaya,2026-05-06 09:00:00,-,63,32,,58,63,0,65,,,,,
Bekasi,Bekasi Kayuringin,2026-05-06 09:00:00,-,59,28,,63,13,0,2,,,,,
Jakarta,The Pakubuwono Menteng,2026-05-06 19:03:13,101,101,37,74,,,,,53,31.4,,,
Depok,Cinere - Nafas,2026-05-06 19:03:37,150,150,57,101,,,,,57,30.1,,,
Bogor,Kabupaten Bogor Leuwiliang,2026-05-06 09:00:00,-,58,26,,4,9,0,80,,,,,
Tangerang,Tangerang Pasir Jaya,2026-05-06 09:00:00,-,63,32,,58,63,0,65,,,,,
Bekasi,Bekasi Kayuringin,2026-05-06 09:00:00,-,59,28,,63,13,0,2,,,,,
Jakarta,The Pakubuwono Menteng,2026-05-06 19:04:13,97,97,35,74,,,,,53,31.4,,,
Depok,Cinere - Nafas,2026-05-06 19:04:37,149,149,57,97,,,,,57,30,,,
Bogor,Kabupaten Bogor Leuwiliang,2026-05-06 09:00:00,-,58,26,,4,9,0,80,,,,,
Tangerang,Tangerang Pasir Jaya,2026-05-06 09:00:00,-,63,32,,58,63,0,65,,,,,
Bekasi,Bekasi Kayuringin,2026-05-06 09:00:00,-,59,28,,63,13,0,2,,,,,
Jakarta,The Pakubuwono Menteng,2026-05-06 19:05:13,104,104,39,76,,,,,53,31.5,,,
Depok,Cinere - Nafas,2026-05-06 19:05:38,141,141,55,100,,,,,57,30.1,,,
Bogor,Kabupaten Bogor Leuwiliang,2026-05-06 09:00:00,-,58,26,,4,9,0,80,,,,,
Tangerang,Tangerang Pasir Jaya,2026-05-06 09:00:00,-,63,32,,58,63,0,65,,,,,
Bekasi,Bekasi Kayuringin,2026-05-06 09:00:00,-,59,28,,63,13,0,2,,,,,
Jakarta,The Pakubuwono Menteng,2026-05-06 19:06:13,101,101,39,78,,,,,53,31.5,,,
Depok,Cinere - Nafas,2026-05-06 19:06:38,138,138,55,96,,,,,57,30.1,,,
Bogor,Kabupaten Bogor Leuwiliang,2026-05-06 09:00:00,-,58,26,,4,9,0,80,,,,,
Tangerang,Tangerang Pasir Jaya,2026-05-06 09:00:00,-,63,32,,58,63,0,65,,,,,
Bekasi,Bekasi Kayuringin,2026-05-06 09:00:00,-,59,28,,63,13,0,2,,,,,
Jakarta,The Pakubuwono Menteng,2026-05-06 19:07:13,114,114,44,83,,,,,53,31.5,,,
Depok,Cinere - Nafas,2026-05-06 19:07:38,139,139,55,97,,,,,57,30.1,,,
Bogor,Kabupaten Bogor Leuwiliang,2026-05-06 09:00:00,-,58,26,,4,9,0,80,,,,,
Tangerang,Tangerang Pasir Jaya,2026-05-06 09:00:00,-,63,32,,58,63,0,65,,,,,
Bekasi,Bekasi Kayuringin,2026-05-06 09:00:00,-,59,28,,63,13,0,2,,,,,
Jakarta,The Pakubuwono Menteng,2026-05-06 19:08:13,106,106,42,79,,,,,53,31.5,,,
Depok,Cinere - Nafas,2026-05-06 19:09:38,141,141,56,96,,,,,57,30.1,,,
Bogor,Kabupaten Bogor Leuwiliang,2026-05-06 09:00:00,-,58,26,,4,9,0,80,,,,,
Tangerang,Tangerang Pasir Jaya,2026-05-06 09:00:00,-,63,32,,58,63,0,65,,,,,
Bekasi,Bekasi Kayuringin,2026-05-06 09:00:00,-,59,28,,63,13,0,2,,,,,
Jakarta,The Pakubuwono Menteng,2026-05-06 19:11:13,113,113,44,84,,,,,53,31.5,,,
Depok,Cinere - Nafas,2026-05-06 19:11:38,140,140,54,93,,,,,57,30.1,,,
Bogor,Kabupaten Bogor Leuwiliang,2026-05-06 09:00:00,-,58,26,,4,9,0,80,,,,,
Tangerang,Tangerang Pasir Jaya,2026-05-06 09:00:00,-,63,32,,58,63,0,65,,,,,
Bekasi,Bekasi Kayuringin,2026-05-06 09:00:00,-,59,28,,63,13,0,2,,,,,
Jakarta,The Pakubuwono Menteng,2026-05-06 19:12:13,110,110,43,81,,,,,53,31.5,,,
Depok,Cinere - Nafas,2026-05-06 19:12:38,140,140,54,95,,,,,57,30.1,,,
Bogor,Kabupaten Bogor Leuwiliang,2026-05-06 09:00:00,-,58,26,,4,9,0,80,,,,,
Tangerang,Tangerang Pasir Jaya,2026-05-06 09:00:00,-,63,32,,58,63,0,65,,,,,
Bekasi,Bekasi Kayuringin,2026-05-06 09:00:00,-,59,28,,63,13,0,2,,,,,
Jakarta,The Pakubuwono Menteng,2026-05-06 19:13:13,108,108,41,77,,,,,53,31.5,,,
Depok,Cinere - Nafas,2026-05-06 19:12:38,140,140,54,95,,,,,57,30.1,,,
Bogor,Kabupaten Bogor Leuwiliang,2026-05-06 09:00:00,-,58,26,,4,9,0,80,,,,,
Tangerang,Tangerang Pasir Jaya,2026-05-06 09:00:00,-,63,32,,58,63,0,65,,,,,
Bekasi,Bekasi Kayuringin,2026-05-06 09:00:00,-,59,28,,63,13,0,2,,,,,
Jakarta,The Pakubuwono Menteng,2026-05-06 19:14:13,108,108,41,82,,,,,53,31.5,,,
Depok,Cinere - Nafas,2026-05-06 19:12:38,140,140,54,95,,,,,57,30.1,,,
Bogor,Kabupaten Bogor Leuwiliang,2026-05-06 09:00:00,-,58,26,,4,9,0,80,,,,,
Tangerang,Tangerang Pasir Jaya,2026-05-06 09:00:00,-,63,32,,58,63,0,65,,,,,
Bekasi,Bekasi Kayuringin,2026-05-06 09:00:00,-,59,28,,63,13,0,2,,,,,
Jakarta,The Pakubuwono Menteng,2026-05-06 19:14:13,108,108,41,82,,,,,53,31.5,,,
Depok,Cinere - Nafas,2026-05-06 19:12:38,140,140,54,95,,,,,57,30.1,,,
Bogor,Kabupaten Bogor Leuwiliang,2026-05-06 09:00:00,-,58,26,,4,9,0,80,,,,,
Tangerang,Tangerang Pasir Jaya,2026-05-06 09:00:00,-,63,32,,58,63,0,65,,,,,
Bekasi,Bekasi Kayuringin,2026-05-06 09:00:00,-,59,28,,63,13,0,2,,,,,
Jakarta,The Pakubuwono Menteng,2026-05-06 19:15:13,109,109,42,84,,,,,53,31.5,,,
Depok,Cinere - Nafas,2026-05-06 19:15:45,135,135,53,94,,,,,57,30,,,
Bogor,Kabupaten Bogor Leuwiliang,2026-05-06 09:00:00,-,58,26,,4,9,0,80,,,,,
Tangerang,Tangerang Pasir Jaya,2026-05-06 09:00:00,-,63,32,,58,63,0,65,,,,,
Bekasi,Bekasi Kayuringin,2026-05-06 09:00:00,-,59,28,,63,13,0,2,,,,,
Jakarta,The Pakubuwono Menteng,2026-05-06 19:17:13,110,110,42,82,,,,,53,31.5,,,
Depok,Cinere - Nafas,2026-05-06 19:17:45,138,138,54,94,,,,,57,30,,,
Bogor,Kabupaten Bogor Leuwiliang,2026-05-06 09:00:00,-,58,26,,4,9,0,80,,,,,
Tangerang,Tangerang Pasir Jaya,2026-05-06 09:00:00,-,63,32,,58,63,0,65,,,,,
Bekasi,Bekasi Kayuringin,2026-05-06 09:00:00,-,59,28,,63,13,0,2,,,,,
Jakarta,The Pakubuwono Menteng,2026-05-06 19:19:13,102,102,40,77,,,,,53,31.5,,,
Depok,Cinere - Nafas,2026-05-06 19:19:45,139,139,54,94,,,,,57,29.9,,,
Bogor,Kabupaten Bogor Leuwiliang,2026-05-06 09:00:00,-,58,26,,4,9,0,80,,,,,
Tangerang,Tangerang Pasir Jaya,2026-05-06 09:00:00,-,63,32,,58,63,0,65,,,,,
Bekasi,Bekasi Kayuringin,2026-05-06 09:00:00,-,59,28,,63,13,0,2,,,,,
Jakarta,The Pakubuwono Menteng,2026-05-06 19:20:13,102,102,40,79,,,,,53,31.5,,,
Depok,Cinere - Nafas,2026-05-06 19:20:45,138,138,53,94,,,,,57,30,,,
Bogor,Kabupaten Bogor Leuwiliang,2026-05-06 09:00:00,-,58,26,,4,9,0,80,,,,,
Tangerang,Tangerang Pasir Jaya,2026-05-06 09:00:00,-,63,32,,58,63,0,65,,,,,
Bekasi,Bekasi Kayuringin,2026-05-06 09:00:00,-,59,28,,63,13,0,2,,,,,
Jakarta,The Pakubuwono Menteng,2026-05-06 19:21:13,111,111,44,79,,,,,53,31.5,,,
Depok,Cinere - Nafas,2026-05-06 19:21:45,136,136,53,94,,,,,57,29.9,,,
Bogor,Kabupaten Bogor Leuwiliang,2026-05-06 09:00:00,-,58,26,,4,9,0,80,,,,,
Tangerang,Tangerang Pasir Jaya,2026-05-06 09:00:00,-,63,32,,58,63,0,65,,,,,
Bekasi,Bekasi Kayuringin,2026-05-06 09:00:00,-,59,28,,63,13,0,2,,,,,
Jakarta,The Pakubuwono Menteng,2026-05-06 19:22:13,106,106,41,78,,,,,53,31.5,,,
Depok,Cinere - Nafas,2026-05-06 19:22:45,134,134,53,93,,,,,57,29.9,,,
Bogor,Kabupaten Bogor Leuwiliang,2026-05-06 09:00:00,-,58,26,,4,9,0,80,,,,,
Tangerang,Tangerang Pasir Jaya,2026-05-06 09:00:00,-,63,32,,58,63,0,65,,,,,
Bekasi,Bekasi Kayuringin,2026-05-06 09:00:00,-,59,28,,63,13,0,2,,,,,
Jakarta,The Pakubuwono Menteng,2026-05-06 19:23:13,100,100,37,76,,,,,53,31.5,,,
Depok,Cinere - Nafas,2026-05-06 19:23:45,136,136,54,94,,,,,57,29.9,,,
Bogor,Kabupaten Bogor Leuwiliang,2026-05-06 09:00:00,-,58,26,,4,9,0,80,,,,,
Tangerang,Tangerang Pasir Jaya,2026-05-06 09:00:00,-,63,32,,58,63,0,65,,,,,
Bekasi,Bekasi Kayuringin,2026-05-06 09:00:00,-,59,28,,63,13,0,2,,,,,
Jakarta,The Pakubuwono Menteng,2026-05-06 19:25:13,106,106,41,79,,,,,53,31.5,,,
Depok,Cinere - Nafas,2026-05-06 19:25:45,135,135,53,93,,,,,57,29.9,,,
Bogor,Kabupaten Bogor Leuwiliang,2026-05-06 09:00:00,-,58,26,,4,9,0,80,,,,,
Tangerang,Tangerang Pasir Jaya,2026-05-06 09:00:00,-,63,32,,58,63,0,65,,,,,
Bekasi,Bekasi Kayuringin,2026-05-06 09:00:00,-,59,28,,63,13,0,2,,,,,
Jakarta,The Pakubuwono Menteng,2026-05-06 19:26:13,93,93,32,74,,,,,53,31.5,,,
Depok,Cinere - Nafas,2026-05-06 19:26:45,136,136,53,94,,,,,57,29.9,,,
Bogor,Kabupaten Bogor Leuwiliang,2026-05-06 09:00:00,-,58,26,,4,9,0,80,,,,,
Tangerang,Tangerang Pasir Jaya,2026-05-06 09:00:00,-,63,32,,58,63,0,65,,,,,
Bekasi,Bekasi Kayuringin,2026-05-06 09:00:00,-,59,28,,63,13,0,2,,,,,
Jakarta,The Pakubuwono Menteng,2026-05-06 19:27:14,109,109,43,79,,,,,53,31.5,,,
Depok,Cinere - Nafas,2026-05-06 19:28:45,134,134,53,93,,,,,57,29.8,,,
Bogor,Kabupaten Bogor Leuwiliang,2026-05-06 09:00:00,-,58,26,,4,9,0,80,,,,,
Tangerang,Tangerang Pasir Jaya,2026-05-06 09:00:00,-,63,32,,58,63,0,65,,,,,
Bekasi,Bekasi Kayuringin,2026-05-06 09:00:00,-,59,28,,63,13,0,2,,,,,
Jakarta,The Pakubuwono Menteng,2026-05-06 19:29:13,104,104,41,77,,,,,53,31.5,,,
Depok,Cinere - Nafas,2026-05-06 19:29:45,132,132,53,93,,,,,58,29.8,,,
Bogor,Kabupaten Bogor Leuwiliang,2026-05-06 09:00:00,-,58,26,,4,9,0,80,,,,,
Tangerang,Tangerang Pasir Jaya,2026-05-06 09:00:00,-,63,32,,58,63,0,65,,,,,
Bekasi,Bekasi Kayuringin,2026-05-06 09:00:00,-,59,28,,63,13,0,2,,,,,
Jakarta,The Pakubuwono Menteng,2026-05-06 19:29:13,104,104,41,77,,,,,53,31.5,,,
Depok,Cinere - Nafas,2026-05-06 19:29:45,132,132,53,93,,,,,58,29.8,,,
Bogor,Kabupaten Bogor Leuwiliang,2026-05-06 09:00:00,-,58,26,,4,9,0,80,,,,,
Tangerang,Tangerang Pasir Jaya,2026-05-06 09:00:00,-,63,32,,58,63,0,65,,,,,
Bekasi,Bekasi Kayuringin,2026-05-06 09:00:00,-,59,28,,63,13,0,2,,,,,
Jakarta,The Pakubuwono Menteng,2026-05-06 19:30:13,110,110,43,80,,,,,53,31.5,,,
Depok,Cinere - Nafas,2026-05-06 19:29:45,132,132,53,93,,,,,58,29.8,,,
Bogor,Kabupaten Bogor Leuwiliang,2026-05-06 09:00:00,-,58,26,,4,9,0,80,,,,,
Tangerang,Tangerang Pasir Jaya,2026-05-06 09:00:00,-,63,32,,58,63,0,65,,,,,
Bekasi,Bekasi Kayuringin,2026-05-06 09:00:00,-,59,28,,63,13,0,2,,,,,
Jakarta,The Pakubuwono Menteng,2026-05-06 19:32:14,112,112,42,81,,,,,53,31.4,,,
Depok,Cinere - Nafas,2026-05-06 19:32:26,130,130,53,91,,,,,58,29.7,,,
Bogor,Kabupaten Bogor Leuwiliang,2026-05-06 09:00:00,-,58,26,,4,9,0,80,,,,,
Tangerang,Tangerang Pasir Jaya,2026-05-06 09:00:00,-,63,32,,58,63,0,65,,,,,
Bekasi,Bekasi Kayuringin,2026-05-06 09:00:00,-,59,28,,63,13,0,2,,,,,
Jakarta,The Pakubuwono Menteng,2026-05-06 19:33:14,106,106,42,79,,,,,53,31.4,,,
Depok,Cinere - Nafas,2026-05-06 19:33:26,137,137,53,94,,,,,58,29.6,,,
Bogor,Kabupaten Bogor Leuwiliang,2026-05-06 09:00:00,-,58,26,,4,9,0,80,,,,,
Tangerang,Tangerang Pasir Jaya,2026-05-06 09:00:00,-,63,32,,58,63,0,65,,,,,
Bekasi,Bekasi Kayuringin,2026-05-06 09:00:00,-,59,28,,63,13,0,2,,,,,
Jakarta,The Pakubuwono Menteng,2026-05-06 19:34:14,99,99,36,76,,,,,53,31.4,,,
Depok,Cinere - Nafas,2026-05-06 19:34:26,141,141,56,96,,,,,58,29.6,,,
Bogor,Kabupaten Bogor Leuwiliang,2026-05-06 09:00:00,-,58,26,,4,9,0,80,,,,,
Tangerang,Tangerang Pasir Jaya,2026-05-06 09:00:00,-,63,32,,58,63,0,65,,,,,
Bekasi,Bekasi Kayuringin,2026-05-06 09:00:00,-,59,28,,63,13,0,2,,,,,
Jakarta,The Pakubuwono Menteng,2026-05-06 19:35:14,100,100,37,72,,,,,53,31.4,,,
Depok,Cinere - Nafas,2026-05-06 19:35:26,137,137,54,93,,,,,58,29.6,,,
Bogor,Kabupaten Bogor Leuwiliang,2026-05-06 09:00:00,-,58,26,,4,9,0,80,,,,,
Tangerang,Tangerang Pasir Jaya,2026-05-06 09:00:00,-,63,32,,58,63,0,65,,,,,
Bekasi,Bekasi Kayuringin,2026-05-06 09:00:00,-,59,28,,63,13,0,2,,,,,
Jakarta,The Pakubuwono Menteng,2026-05-06 19:36:14,106,106,40,79,,,,,53,31.4,,,
Depok,Cinere - Nafas,2026-05-06 19:36:26,137,137,54,95,,,,,58,29.6,,,
Bogor,Kabupaten Bogor Leuwiliang,2026-05-06 09:00:00,-,58,26,,4,9,0,80,,,,,
Tangerang,Tangerang Pasir Jaya,2026-05-06 09:00:00,-,63,32,,58,63,0,65,,,,,
Bekasi,Bekasi Kayuringin,2026-05-06 09:00:00,-,59,28,,63,13,0,2,,,,,
Jakarta,The Pakubuwono Menteng,2026-05-06 19:39:14,105,105,40,78,,,,,54,31.4,,,
Depok,Cinere - Nafas,2026-05-06 19:38:26,137,137,54,93,,,,,58,29.5,,,
Bogor,Kabupaten Bogor Leuwiliang,2026-05-06 09:00:00,-,58,26,,4,9,0,80,,,,,
Tangerang,Tangerang Pasir Jaya,2026-05-06 09:00:00,-,63,32,,58,63,0,65,,,,,
Bekasi,Bekasi Kayuringin,2026-05-06 09:00:00,-,59,28,,63,13,0,2,,,,,
Jakarta,The Pakubuwono Menteng,2026-05-06 19:41:14,116,116,46,85,,,,,54,31.4,,,
Depok,Cinere - Nafas,2026-05-06 19:40:26,138,138,54,95,,,,,58,29.6,,,
Bogor,Kabupaten Bogor Leuwiliang,2026-05-06 09:00:00,-,58,26,,4,9,0,80,,,,,
Tangerang,Tangerang Pasir Jaya,2026-05-06 09:00:00,-,63,32,,58,63,0,65,,,,,
Bekasi,Bekasi Kayuringin,2026-05-06 09:00:00,-,59,28,,63,13,0,2,,,,,
Jakarta,The Pakubuwono Menteng,2026-05-06 19:42:14,119,119,48,88,,,,,54,31.4,,,
Depok,Cinere - Nafas,2026-05-06 19:41:26,137,137,54,95,,,,,58,29.6,,,
Bogor,Kabupaten Bogor Leuwiliang,2026-05-06 09:00:00,-,58,26,,4,9,0,80,,,,,
Tangerang,Tangerang Pasir Jaya,2026-05-06 09:00:00,-,63,32,,58,63,0,65,,,,,
Bekasi,Bekasi Kayuringin,2026-05-06 09:00:00,-,59,28,,63,13,0,2,,,,,
Jakarta,The Pakubuwono Menteng,2026-05-06 19:42:14,119,119,48,88,,,,,54,31.4,,,
Depok,Cinere - Nafas,2026-05-06 19:41:26,137,137,54,95,,,,,58,29.6,,,
Bogor,Kabupaten Bogor Leuwiliang,2026-05-06 09:00:00,-,58,26,,4,9,0,80,,,,,
Tangerang,Tangerang Pasir Jaya,2026-05-06 09:00:00,-,63,32,,58,63,0,65,,,,,
Bekasi,Bekasi Kayuringin,2026-05-06 09:00:00,-,59,28,,63,13,0,2,,,,,
Jakarta,The Pakubuwono Menteng,2026-05-06 19:42:14,119,119,48,88,,,,,54,31.4,,,
Depok,Cinere - Nafas,2026-05-06 19:41:26,137,137,54,95,,,,,58,29.6,,,
Bogor,Kabupaten Bogor Leuwiliang,2026-05-06 09:00:00,-,58,26,,4,9,0,80,,,,,
Tangerang,Tangerang Pasir Jaya,2026-05-06 09:00:00,-,63,32,,58,63,0,65,,,,,
Bekasi,Bekasi Kayuringin,2026-05-06 09:00:00,-,59,28,,63,13,0,2,,,,,
Jakarta,The Pakubuwono Menteng,2026-05-06 19:43:14,111,111,44,83,,,,,54,31.4,,,
Depok,Cinere - Nafas,2026-05-06 19:42:26,137,137,54,94,,,,,58,29.6,,,
Bogor,Kabupaten Bogor Leuwiliang,2026-05-06 09:00:00,-,58,26,,4,9,0,80,,,,,
Tangerang,Tangerang Pasir Jaya,2026-05-06 09:00:00,-,63,32,,58,63,0,65,,,,,
Bekasi,Bekasi Kayuringin,2026-05-06 09:00:00,-,59,28,,63,13,0,2,,,,,
Jakarta,The Pakubuwono Menteng,2026-05-06 19:43:14,111,111,44,83,,,,,54,31.4,,,
Depok,Cinere - Nafas,2026-05-06 19:42:26,137,137,54,94,,,,,58,29.6,,,
Bogor,Kabupaten Bogor Leuwiliang,2026-05-06 09:00:00,-,58,26,,4,9,0,80,,,,,
Tangerang,Tangerang Pasir Jaya,2026-05-06 09:00:00,-,63,32,,58,63,0,65,,,,,
Bekasi,Bekasi Kayuringin,2026-05-06 09:00:00,-,59,28,,63,13,0,2,,,,,
Jakarta,The Pakubuwono Menteng,2026-05-06 19:46:14,111,111,42,81,,,,,54,31.3,,,
Depok,Cinere - Nafas,2026-05-06 19:45:28,138,138,55,95,,,,,58,29.6,,,
Bogor,Kabupaten Bogor Leuwiliang,2026-05-06 09:00:00,-,58,26,,4,9,0,80,,,,,
Tangerang,Tangerang Pasir Jaya,2026-05-06 09:00:00,-,63,32,,58,63,0,65,,,,,
Bekasi,Bekasi Kayuringin,2026-05-06 09:00:00,-,59,28,,63,13,0,2,,,,,
Jakarta,The Pakubuwono Menteng,2026-05-06 19:49:14,108,108,41,82,,,,,54,31.3,,,
Depok,Cinere - Nafas,2026-05-06 19:48:58,143,143,56,97,,,,,58,29.6,,,
Bogor,Kabupaten Bogor Leuwiliang,2026-05-06 09:00:00,-,58,26,,4,9,0,80,,,,,
Tangerang,Tangerang Pasir Jaya,2026-05-06 09:00:00,-,63,32,,58,63,0,65,,,,,
Bekasi,Bekasi Kayuringin,2026-05-06 09:00:00,-,59,28,,63,13,0,2,,,,,
Jakarta,The Pakubuwono Menteng,2026-05-06 19:50:14,102,102,42,80,,,,,54,31.3,,,
Depok,Cinere - Nafas,2026-05-06 19:50:00,140,140,54,95,,,,,58,29.6,,,
Bogor,Kabupaten Bogor Leuwiliang,2026-05-06 09:00:00,-,58,26,,4,9,0,80,,,,,
Tangerang,Tangerang Pasir Jaya,2026-05-06 09:00:00,-,63,32,,58,63,0,65,,,,,
Bekasi,Bekasi Kayuringin,2026-05-06 09:00:00,-,59,28,,63,13,0,2,,,,,
Jakarta,The Pakubuwono Menteng,2026-05-06 19:51:14,100,100,36,77,,,,,54,31.3,,,
Depok,Cinere - Nafas,2026-05-06 19:50:57,147,147,56,100,,,,,58,29.6,,,
Bogor,Kabupaten Bogor Leuwiliang,2026-05-06 09:00:00,-,58,26,,4,9,0,80,,,,,
Tangerang,Tangerang Pasir Jaya,2026-05-06 09:00:00,-,63,32,,58,63,0,65,,,,,
Bekasi,Bekasi Kayuringin,2026-05-06 09:00:00,-,59,28,,63,13,0,2,,,,,
Jakarta,The Pakubuwono Menteng,2026-05-06 19:52:14,95,95,35,72,,,,,54,31.3,,,
Depok,Cinere - Nafas,2026-05-06 19:51:57,150,150,57,98,,,,,58,29.6,,,
Bogor,Kabupaten Bogor Leuwiliang,2026-05-06 09:00:00,-,58,26,,4,9,0,80,,,,,
Tangerang,Tangerang Pasir Jaya,2026-05-06 09:00:00,-,63,32,,58,63,0,65,,,,,
Bekasi,Bekasi Kayuringin,2026-05-06 09:00:00,-,59,28,,63,13,0,2,,,,,
Jakarta,The Pakubuwono Menteng,2026-05-06 19:53:14,106,106,39,79,,,,,54,31.3,,,
Depok,Cinere - Nafas,2026-05-06 19:52:57,143,143,56,97,,,,,58,29.6,,,
Bogor,Kabupaten Bogor Leuwiliang,2026-05-06 09:00:00,-,58,26,,4,9,0,80,,,,,
Tangerang,Tangerang Pasir Jaya,2026-05-06 09:00:00,-,63,32,,58,63,0,65,,,,,
Bekasi,Bekasi Kayuringin,2026-05-06 09:00:00,-,59,28,,63,13,0,2,,,,,
Jakarta,The Pakubuwono Menteng,2026-05-06 19:54:14,96,96,35,73,,,,,54,31.3,,,
Depok,Cinere - Nafas,2026-05-06 19:53:57,147,147,56,97,,,,,59,29.5,,,
Bogor,Kabupaten Bogor Leuwiliang,2026-05-06 09:00:00,-,58,26,,4,9,0,80,,,,,
Tangerang,Tangerang Pasir Jaya,2026-05-06 09:00:00,-,63,32,,58,63,0,65,,,,,
Bekasi,Bekasi Kayuringin,2026-05-06 09:00:00,-,59,28,,63,13,0,2,,,,,
Jakarta,The Pakubuwono Menteng,2026-05-06 19:55:14,106,106,42,78,,,,,54,31.3,,,
Depok,Cinere - Nafas,2026-05-06 19:54:57,141,141,55,97,,,,,59,29.5,,,
Bogor,Kabupaten Bogor Leuwiliang,2026-05-06 09:00:00,-,58,26,,4,9,0,80,,,,,
Tangerang,Tangerang Pasir Jaya,2026-05-06 09:00:00,-,63,32,,58,63,0,65,,,,,
Bekasi,Bekasi Kayuringin,2026-05-06 09:00:00,-,59,28,,63,13,0,2,,,,,
Jakarta,The Pakubuwono Menteng,2026-05-06 19:57:14,102,102,39,80,,,,,54,31.3,,,
Depok,Cinere - Nafas,2026-05-06 19:57:57,146,146,56,100,,,,,59,29.5,,,
Bogor,Kabupaten Bogor Leuwiliang,2026-05-06 09:00:00,-,58,26,,4,9,0,80,,,,,
Tangerang,Tangerang Pasir Jaya,2026-05-06 09:00:00,-,63,32,,58,63,0,65,,,,,
Bekasi,Bekasi Kayuringin,2026-05-06 09:00:00,-,59,28,,63,13,0,2,,,,,
Jakarta,The Pakubuwono Menteng,2026-05-06 19:59:14,111,111,44,79,,,,,54,31.3,,,
Depok,Cinere - Nafas,2026-05-06 19:58:57,141,141,56,97,,,,,59,29.4,,,
Bogor,Kabupaten Bogor Leuwiliang,2026-05-06 09:00:00,-,58,26,,4,9,0,80,,,,,
Tangerang,Tangerang Pasir Jaya,2026-05-06 09:00:00,-,63,32,,58,63,0,65,,,,,
Bekasi,Bekasi Kayuringin,2026-05-06 09:00:00,-,59,28,,63,13,0,2,,,,,
Jakarta,The Pakubuwono Menteng,2026-05-06 20:00:14,113,113,44,84,,,,,55,31.3,,,
Depok,Cinere - Nafas,2026-05-06 19:59:57,144,144,56,96,,,,,59,29.5,,,
Bogor,Kabupaten Bogor Leuwiliang,2026-05-06 09:00:00,-,58,26,,4,9,0,80,,,,,
Tangerang,Tangerang Pasir Jaya,2026-05-06 09:00:00,-,63,32,,58,63,0,65,,,,,
Bekasi,Bekasi Kayuringin,2026-05-06 09:00:00,-,59,28,,63,13,0,2,,,,,
Jakarta,The Pakubuwono Menteng,2026-05-06 20:01:14,116,116,46,83,,,,,55,31.3,,,
Depok,Cinere - Nafas,2026-05-06 20:00:57,143,143,56,98,,,,,59,29.4,,,
Bogor,Kabupaten Bogor Leuwiliang,2026-05-06 09:00:00,-,58,26,,4,9,0,80,,,,,
Tangerang,Tangerang Pasir Jaya,2026-05-06 09:00:00,-,63,32,,58,63,0,65,,,,,
Bekasi,Bekasi Kayuringin,2026-05-06 09:00:00,-,59,28,,63,13,0,2,,,,,
Jakarta,The Pakubuwono Menteng,2026-05-06 20:01:14,116,116,46,83,,,,,55,31.3,,,
Depok,Cinere - Nafas,2026-05-06 20:00:57,143,143,56,98,,,,,59,29.4,,,
Bogor,Kabupaten Bogor Leuwiliang,2026-05-06 09:00:00,-,58,26,,4,9,0,80,,,,,
Tangerang,Tangerang Pasir Jaya,2026-05-06 09:00:00,-,63,32,,58,63,0,65,,,,,
Bekasi,Bekasi Kayuringin,2026-05-06 09:00:00,-,59,28,,63,13,0,2,,,,,
Jakarta,The Pakubuwono Menteng,2026-05-06 20:02:14,103,103,40,77,,,,,54,31.3,,,
Depok,Cinere - Nafas,2026-05-06 20:02:01,144,144,56,98,,,,,59,29.4,,,
Bogor,Kabupaten Bogor Leuwiliang,2026-05-06 09:00:00,-,58,26,,4,9,0,80,,,,,
Tangerang,Tangerang Pasir Jaya,2026-05-06 09:00:00,-,63,32,,58,63,0,65,,,,,
Bekasi,Bekasi Kayuringin,2026-05-06 09:00:00,-,59,28,,63,13,0,2,,,,,
Jakarta,The Pakubuwono Menteng,2026-05-06 20:04:14,102,102,38,77,,,,,54,31.3,,,
Depok,Cinere - Nafas,2026-05-06 20:02:57,141,141,55,97,,,,,59,29.4,,,
Bogor,Kabupaten Bogor Leuwiliang,2026-05-06 09:00:00,-,58,26,,4,9,0,80,,,,,
Tangerang,Tangerang Pasir Jaya,2026-05-06 09:00:00,-,63,32,,58,63,0,65,,,,,
Bekasi,Bekasi Kayuringin,2026-05-06 09:00:00,-,59,28,,63,13,0,2,,,,,
Jakarta,The Pakubuwono Menteng,2026-05-06 20:05:14,100,100,39,72,,,,,54,31.3,,,
Depok,Cinere - Nafas,2026-05-06 20:05:18,150,150,57,100,,,,,59,29.4,,,
Bogor,Kabupaten Bogor Leuwiliang,2026-05-06 09:00:00,-,58,26,,4,9,0,80,,,,,
Tangerang,Tangerang Pasir Jaya,2026-05-06 09:00:00,-,63,32,,58,63,0,65,,,,,
Bekasi,Bekasi Kayuringin,2026-05-06 09:00:00,-,59,28,,63,13,0,2,,,,,
Jakarta,The Pakubuwono Menteng,2026-05-06 20:07:14,118,118,48,84,,,,,55,31.3,,,
Depok,Cinere - Nafas,2026-05-06 20:07:19,150,150,56,99,,,,,59,29.4,,,
Bogor,Kabupaten Bogor Leuwiliang,2026-05-06 09:00:00,-,58,26,,4,9,0,80,,,,,
Tangerang,Tangerang Pasir Jaya,2026-05-06 09:00:00,-,63,32,,58,63,0,65,,,,,
Bekasi,Bekasi Kayuringin,2026-05-06 09:00:00,-,59,28,,63,13,0,2,,,,,
Jakarta,The Pakubuwono Menteng,2026-05-06 20:08:14,120,120,47,87,,,,,55,31.3,,,
Depok,Cinere - Nafas,2026-05-06 20:08:20,146,146,56,99,,,,,59,29.4,,,
Bogor,Kabupaten Bogor Leuwiliang,2026-05-06 09:00:00,-,58,26,,4,9,0,80,,,,,
Tangerang,Tangerang Pasir Jaya,2026-05-06 09:00:00,-,63,32,,58,63,0,65,,,,,
Bekasi,Bekasi Kayuringin,2026-05-06 09:00:00,-,59,28,,63,13,0,2,,,,,
Jakarta,The Pakubuwono Menteng,2026-05-06 20:09:14,113,113,44,83,,,,,55,31.3,,,
Depok,Cinere - Nafas,2026-05-06 20:09:19,150,150,57,100,,,,,59,29.4,,,
Bogor,Kabupaten Bogor Leuwiliang,2026-05-06 09:00:00,-,58,26,,4,9,0,80,,,,,
Tangerang,Tangerang Pasir Jaya,2026-05-06 09:00:00,-,63,32,,58,63,0,65,,,,,
Bekasi,Bekasi Kayuringin,2026-05-06 09:00:00,-,59,28,,63,13,0,2,,,,,
Jakarta,The Pakubuwono Menteng,2026-05-06 20:10:14,113,113,43,83,,,,,55,31.2,,,
Depok,Cinere - Nafas,2026-05-06 20:10:18,151,151,57,101,,,,,59,29.4,,,
Bogor,Kabupaten Bogor Leuwiliang,2026-05-06 09:00:00,-,58,26,,4,9,0,80,,,,,
Tangerang,Tangerang Pasir Jaya,2026-05-06 09:00:00,-,63,32,,58,63,0,65,,,,,
Bekasi,Bekasi Kayuringin,2026-05-06 09:00:00,-,59,28,,63,13,0,2,,,,,
Jakarta,The Pakubuwono Menteng,2026-05-06 20:12:14,117,117,48,88,,,,,55,31.2,,,
Depok,Cinere - Nafas,2026-05-06 20:12:18,152,152,57,108,,,,,59,29.4,,,
Bogor,Kabupaten Bogor Leuwiliang,2026-05-06 09:00:00,-,58,26,,4,9,0,80,,,,,
Tangerang,Tangerang Pasir Jaya,2026-05-06 09:00:00,-,63,32,,58,63,0,65,,,,,
Bekasi,Bekasi Kayuringin,2026-05-06 09:00:00,-,59,28,,63,13,0,2,,,,,
Jakarta,The Pakubuwono Menteng,2026-05-06 20:13:14,109,109,43,83,,,,,55,31.2,,,
Depok,Cinere - Nafas,2026-05-06 20:13:20,155,155,60,112,,,,,59,29.4,,,
Bogor,Kabupaten Bogor Leuwiliang,2026-05-06 09:00:00,-,58,26,,4,9,0,80,,,,,
Tangerang,Tangerang Pasir Jaya,2026-05-06 09:00:00,-,63,32,,58,63,0,65,,,,,
Bekasi,Bekasi Kayuringin,2026-05-06 09:00:00,-,59,28,,63,13,0,2,,,,,
Jakarta,The Pakubuwono Menteng,2026-05-06 20:14:15,112,112,45,82,,,,,55,31.2,,,
Depok,Cinere - Nafas,2026-05-06 20:14:18,154,154,59,113,,,,,59,29.4,,,
Bogor,Kabupaten Bogor Leuwiliang,2026-05-06 09:00:00,-,58,26,,4,9,0,80,,,,,
Tangerang,Tangerang Pasir Jaya,2026-05-06 09:00:00,-,63,32,,58,63,0,65,,,,,
Bekasi,Bekasi Kayuringin,2026-05-06 09:00:00,-,59,28,,63,13,0,2,,,,,
Jakarta,The Pakubuwono Menteng,2026-05-06 20:14:15,112,112,45,82,,,,,55,31.2,,,
Depok,Cinere - Nafas,2026-05-06 20:14:18,154,154,59,113,,,,,59,29.4,,,
Bogor,Kabupaten Bogor Leuwiliang,2026-05-06 09:00:00,-,58,26,,4,9,0,80,,,,,
Tangerang,Tangerang Pasir Jaya,2026-05-06 09:00:00,-,63,32,,58,63,0,65,,,,,
Bekasi,Bekasi Kayuringin,2026-05-06 09:00:00,-,59,28,,63,13,0,2,,,,,
Jakarta,The Pakubuwono Menteng,2026-05-06 20:15:15,108,108,43,81,,,,,55,31.2,,,
Depok,Cinere - Nafas,2026-05-06 20:16:20,153,153,59,110,,,,,60,29.4,,,
Bogor,Kabupaten Bogor Leuwiliang,2026-05-06 09:00:00,-,58,26,,4,9,0,80,,,,,
Tangerang,Tangerang Pasir Jaya,2026-05-06 09:00:00,-,63,32,,58,63,0,65,,,,,
Bekasi,Bekasi Kayuringin,2026-05-06 09:00:00,-,59,28,,63,13,0,2,,,,,
Jakarta,The Pakubuwono Menteng,2026-05-06 20:17:15,102,102,38,78,,,,,55,31.2,,,
Depok,Cinere - Nafas,2026-05-06 20:17:19,152,152,58,108,,,,,59,29.4,,,
Bogor,Kabupaten Bogor Leuwiliang,2026-05-06 09:00:00,-,58,26,,4,9,0,80,,,,,
Tangerang,Tangerang Pasir Jaya,2026-05-06 09:00:00,-,63,32,,58,63,0,65,,,,,
Bekasi,Bekasi Kayuringin,2026-05-06 09:00:00,-,59,28,,63,13,0,2,,,,,
Jakarta,The Pakubuwono Menteng,2026-05-06 20:18:15,121,121,49,85,,,,,55,31.2,,,
Depok,Cinere - Nafas,2026-05-06 20:18:19,153,153,59,111,,,,,59,29.4,,,
Bogor,Kabupaten Bogor Leuwiliang,2026-05-06 09:00:00,-,58,26,,4,9,0,80,,,,,
Tangerang,Tangerang Pasir Jaya,2026-05-06 09:00:00,-,63,32,,58,63,0,65,,,,,
Bekasi,Bekasi Kayuringin,2026-05-06 09:00:00,-,59,28,,63,13,0,2,,,,,
Jakarta,The Pakubuwono Menteng,2026-05-06 20:20:15,161,161,63,135,,,,,55,31.2,,,
Depok,Cinere - Nafas,2026-05-06 20:19:18,152,152,58,105,,,,,59,29.4,,,
Bogor,Kabupaten Bogor Leuwiliang,2026-05-06 09:00:00,-,58,26,,4,9,0,80,,,,,
Tangerang,Tangerang Pasir Jaya,2026-05-06 09:00:00,-,63,32,,58,63,0,65,,,,,
Bekasi,Bekasi Kayuringin,2026-05-06 09:00:00,-,59,28,,63,13,0,2,,,,,
Jakarta,The Pakubuwono Menteng,2026-05-06 20:21:15,168,168,71,151,,,,,55,31.2,,,
Depok,Cinere - Nafas,2026-05-06 20:20:56,153,153,58,111,,,,,60,29.3,,,
Bogor,Kabupaten Bogor Leuwiliang,2026-05-06 09:00:00,-,58,26,,4,9,0,80,,,,,
Tangerang,Tangerang Pasir Jaya,2026-05-06 09:00:00,-,63,32,,58,63,0,65,,,,,
Bekasi,Bekasi Kayuringin,2026-05-06 09:00:00,-,59,28,,63,13,0,2,,,,,
Jakarta,The Pakubuwono Menteng,2026-05-06 20:22:15,166,166,68,150,,,,,55,31.2,,,
Depok,Cinere - Nafas,2026-05-06 20:21:56,153,153,59,107,,,,,60,29.3,,,
Bogor,Kabupaten Bogor Leuwiliang,2026-05-06 09:00:00,-,58,26,,4,9,0,80,,,,,
Tangerang,Tangerang Pasir Jaya,2026-05-06 09:00:00,-,63,32,,58,63,0,65,,,,,
Bekasi,Bekasi Kayuringin,2026-05-06 09:00:00,-,59,28,,63,13,0,2,,,,,
Jakarta,The Pakubuwono Menteng,2026-05-06 20:23:15,161,161,63,137,,,,,55,31.2,,,
Depok,Cinere - Nafas,2026-05-06 20:22:58,151,151,57,106,,,,,60,29.3,,,
Bogor,Kabupaten Bogor Leuwiliang,2026-05-06 09:00:00,-,58,26,,4,9,0,80,,,,,
Tangerang,Tangerang Pasir Jaya,2026-05-06 09:00:00,-,63,32,,58,63,0,65,,,,,
Bekasi,Bekasi Kayuringin,2026-05-06 09:00:00,-,59,28,,63,13,0,2,,,,,
Jakarta,The Pakubuwono Menteng,2026-05-06 20:24:15,136,136,53,94,,,,,55,31.2,,,
Depok,Cinere - Nafas,2026-05-06 20:24:19,151,151,58,105,,,,,60,29.3,,,
Bogor,Kabupaten Bogor Leuwiliang,2026-05-06 09:00:00,-,58,26,,4,9,0,80,,,,,
Tangerang,Tangerang Pasir Jaya,2026-05-06 09:00:00,-,63,32,,58,63,0,65,,,,,
Bekasi,Bekasi Kayuringin,2026-05-06 09:00:00,-,59,28,,63,13,0,2,,,,,
Jakarta,The Pakubuwono Menteng,2026-05-06 20:26:15,144,144,56,102,,,,,55,31.2,,,
Depok,Cinere - Nafas,2026-05-06 20:26:19,152,152,57,105,,,,,60,29.3,,,
Bogor,Kabupaten Bogor Leuwiliang,2026-05-06 09:00:00,-,58,26,,4,9,0,80,,,,,
Tangerang,Tangerang Pasir Jaya,2026-05-06 09:00:00,-,63,32,,58,63,0,65,,,,,
Bekasi,Bekasi Kayuringin,2026-05-06 09:00:00,-,59,28,,63,13,0,2,,,,,
Jakarta,The Pakubuwono Menteng,2026-05-06 20:27:15,138,138,54,96,,,,,55,31.1,,,
Depok,Cinere - Nafas,2026-05-06 20:27:19,151,151,58,109,,,,,60,29.3,,,
Bogor,Kabupaten Bogor Leuwiliang,2026-05-06 09:00:00,-,58,26,,4,9,0,80,,,,,
Tangerang,Tangerang Pasir Jaya,2026-05-06 09:00:00,-,63,32,,58,63,0,65,,,,,
Bekasi,Bekasi Kayuringin,2026-05-06 09:00:00,-,59,28,,63,13,0,2,,,,,
Jakarta,The Pakubuwono Menteng,2026-05-06 20:29:16,120,120,48,87,,,,,55,31.1,,,
Depok,Cinere - Nafas,2026-05-06 20:29:19,152,152,58,110,,,,,60,29.3,,,
Bogor,Kabupaten Bogor Leuwiliang,2026-05-06 09:00:00,-,58,26,,4,9,0,80,,,,,
Tangerang,Tangerang Pasir Jaya,2026-05-06 09:00:00,-,63,32,,58,63,0,65,,,,,
Bekasi,Bekasi Kayuringin,2026-05-06 09:00:00,-,59,28,,63,13,0,2,,,,,
Jakarta,The Pakubuwono Menteng,2026-05-06 20:29:16,120,120,48,87,,,,,55,31.1,,,
Depok,Cinere - Nafas,2026-05-06 20:29:19,152,152,58,110,,,,,60,29.3,,,
Bogor,Kabupaten Bogor Leuwiliang,2026-05-06 09:00:00,-,58,26,,4,9,0,80,,,,,
Tangerang,Tangerang Pasir Jaya,2026-05-06 09:00:00,-,63,32,,58,63,0,65,,,,,
Bekasi,Bekasi Kayuringin,2026-05-06 09:00:00,-,59,28,,63,13,0,2,,,,,
Jakarta,The Pakubuwono Menteng,2026-05-06 20:30:15,121,121,49,87,,,,,55,31.1,,,
Depok,Cinere - Nafas,2026-05-06 20:30:19,152,152,58,109,,,,,60,29.3,,,
Bogor,Kabupaten Bogor Leuwiliang,2026-05-06 09:00:00,-,58,26,,4,9,0,80,,,,,
Tangerang,Tangerang Pasir Jaya,2026-05-06 09:00:00,-,63,32,,58,63,0,65,,,,,
Bekasi,Bekasi Kayuringin,2026-05-06 09:00:00,-,59,28,,63,13,0,2,,,,,
Jakarta,The Pakubuwono Menteng,2026-05-06 20:31:15,126,126,51,93,,,,,55,31.1,,,
Depok,Cinere - Nafas,2026-05-06 20:31:19,152,152,58,105,,,,,60,29.3,,,
Bogor,Kabupaten Bogor Leuwiliang,2026-05-06 09:00:00,-,58,26,,4,9,0,80,,,,,
Tangerang,Tangerang Pasir Jaya,2026-05-06 09:00:00,-,63,32,,58,63,0,65,,,,,
Bekasi,Bekasi Kayuringin,2026-05-06 09:00:00,-,59,28,,63,13,0,2,,,,,
Jakarta,The Pakubuwono Menteng,2026-05-06 20:32:15,127,127,51,90,,,,,55,31.1,,,
Depok,Cinere - Nafas,2026-05-06 20:32:20,152,152,59,106,,,,,60,29.3,,,
Bogor,Kabupaten Bogor Leuwiliang,2026-05-06 09:00:00,-,58,26,,4,9,0,80,,,,,
Tangerang,Tangerang Pasir Jaya,2026-05-06 09:00:00,-,63,32,,58,63,0,65,,,,,
Bekasi,Bekasi Kayuringin,2026-05-06 09:00:00,-,59,28,,63,13,0,2,,,,,
Jakarta,The Pakubuwono Menteng,2026-05-06 20:33:15,118,118,47,86,,,,,55,31.2,,,
Depok,Cinere - Nafas,2026-05-06 20:33:19,151,151,58,106,,,,,60,29.3,,,
Bogor,Kabupaten Bogor Leuwiliang,2026-05-06 09:00:00,-,58,26,,4,9,0,80,,,,,
Tangerang,Tangerang Pasir Jaya,2026-05-06 09:00:00,-,63,32,,58,63,0,65,,,,,
Bekasi,Bekasi Kayuringin,2026-05-06 09:00:00,-,59,28,,63,13,0,2,,,,,
Jakarta,The Pakubuwono Menteng,2026-05-06 20:36:15,128,128,51,89,,,,,55,31.2,,,
Depok,Cinere - Nafas,2026-05-06 20:36:22,152,152,59,110,,,,,60,29.3,,,
Bogor,Kabupaten Bogor Leuwiliang,2026-05-06 09:00:00,-,58,26,,4,9,0,80,,,,,
Tangerang,Tangerang Pasir Jaya,2026-05-06 09:00:00,-,63,32,,58,63,0,65,,,,,
Bekasi,Bekasi Kayuringin,2026-05-06 09:00:00,-,59,28,,63,13,0,2,,,,,
Jakarta,The Pakubuwono Menteng,2026-05-06 20:37:15,116,116,46,85,,,,,54,31.2,,,
Depok,Cinere - Nafas,2026-05-06 20:37:27,155,155,60,112,,,,,60,29.3,,,
Bogor,Kabupaten Bogor Leuwiliang,2026-05-06 09:00:00,-,58,26,,4,9,0,80,,,,,
Tangerang,Tangerang Pasir Jaya,2026-05-06 09:00:00,-,63,32,,58,63,0,65,,,,,
Bekasi,Bekasi Kayuringin,2026-05-06 09:00:00,-,59,28,,63,13,0,2,,,,,
Jakarta,The Pakubuwono Menteng,2026-05-06 20:38:15,117,117,46,85,,,,,54,31.2,,,
Depok,Cinere - Nafas,2026-05-06 20:38:24,155,155,59,116,,,,,60,29.3,,,
Bogor,Kabupaten Bogor Leuwiliang,2026-05-06 09:00:00,-,58,26,,4,9,0,80,,,,,
Tangerang,Tangerang Pasir Jaya,2026-05-06 09:00:00,-,63,32,,58,63,0,65,,,,,
Bekasi,Bekasi Kayuringin,2026-05-06 09:00:00,-,59,28,,63,13,0,2,,,,,
Jakarta,The Pakubuwono Menteng,2026-05-06 20:39:15,115,115,44,84,,,,,54,31.2,,,
Depok,Cinere - Nafas,2026-05-06 20:39:19,154,154,59,111,,,,,60,29.3,,,
Bogor,Kabupaten Bogor Leuwiliang,2026-05-06 09:00:00,-,58,26,,4,9,0,80,,,,,
Tangerang,Tangerang Pasir Jaya,2026-05-06 09:00:00,-,63,32,,58,63,0,65,,,,,
Bekasi,Bekasi Kayuringin,2026-05-06 09:00:00,-,59,28,,63,13,0,2,,,,,
Jakarta,The Pakubuwono Menteng,2026-05-06 20:40:15,116,116,45,85,,,,,54,31.2,,,
Depok,Cinere - Nafas,2026-05-06 20:40:20,154,154,60,116,,,,,60,29.3,,,
Bogor,Kabupaten Bogor Leuwiliang,2026-05-06 09:00:00,-,58,26,,4,9,0,80,,,,,
Tangerang,Tangerang Pasir Jaya,2026-05-06 09:00:00,-,63,32,,58,63,0,65,,,,,
Bekasi,Bekasi Kayuringin,2026-05-06 09:00:00,-,59,28,,63,13,0,2,,,,,
Jakarta,The Pakubuwono Menteng,2026-05-06 20:41:15,116,116,47,86,,,,,54,31.2,,,
Depok,Cinere - Nafas,2026-05-06 20:40:20,154,154,60,116,,,,,60,29.3,,,
Bogor,Kabupaten Bogor Leuwiliang,2026-05-06 09:00:00,-,58,26,,4,9,0,80,,,,,
Tangerang,Tangerang Pasir Jaya,2026-05-06 09:00:00,-,63,32,,58,63,0,65,,,,,
Bekasi,Bekasi Kayuringin,2026-05-06 09:00:00,-,59,28,,63,13,0,2,,,,,
Jakarta,The Pakubuwono Menteng,2026-05-06 20:42:15,118,118,47,84,,,,,54,31.2,,,
Depok,Cinere - Nafas,2026-05-06 20:41:52,154,154,59,115,,,,,60,29.4,,,
Bogor,Kabupaten Bogor Leuwiliang,2026-05-06 09:00:00,-,58,26,,4,9,0,80,,,,,
Tangerang,Tangerang Pasir Jaya,2026-05-06 09:00:00,-,63,32,,58,63,0,65,,,,,
Bekasi,Bekasi Kayuringin,2026-05-06 09:00:00,-,59,28,,63,13,0,2,,,,,
Jakarta,The Pakubuwono Menteng,2026-05-06 20:43:15,128,128,52,93,,,,,55,31.2,,,
Depok,Cinere - Nafas,2026-05-06 20:42:52,155,155,60,112,,,,,60,29.4,,,
Bogor,Kabupaten Bogor Leuwiliang,2026-05-06 09:00:00,-,58,26,,4,9,0,80,,,,,
Tangerang,Tangerang Pasir Jaya,2026-05-06 09:00:00,-,63,32,,58,63,0,65,,,,,
Bekasi,Bekasi Kayuringin,2026-05-06 09:00:00,-,59,28,,63,13,0,2,,,,,
Jakarta,The Pakubuwono Menteng,2026-05-06 20:45:15,113,113,44,84,,,,,55,31.2,,,
Depok,Cinere - Nafas,2026-05-06 20:44:52,155,155,59,116,,,,,60,29.5,,,
Bogor,Kabupaten Bogor Leuwiliang,2026-05-06 09:00:00,-,58,26,,4,9,0,80,,,,,
Tangerang,Tangerang Pasir Jaya,2026-05-06 09:00:00,-,63,32,,58,63,0,65,,,,,
Bekasi,Bekasi Kayuringin,2026-05-06 09:00:00,-,59,28,,63,13,0,2,,,,,
Jakarta,The Pakubuwono Menteng,2026-05-06 20:46:15,115,115,44,83,,,,,54,31.2,,,
Depok,Cinere - Nafas,2026-05-06 20:45:53,155,155,60,114,,,,,60,29.5,,,
Bogor,Kabupaten Bogor Leuwiliang,2026-05-06 09:00:00,-,58,26,,4,9,0,80,,,,,
Tangerang,Tangerang Pasir Jaya,2026-05-06 09:00:00,-,63,32,,58,63,0,65,,,,,
Bekasi,Bekasi Kayuringin,2026-05-06 09:00:00,-,59,28,,63,13,0,2,,,,,
Jakarta,The Pakubuwono Menteng,2026-05-06 20:47:15,114,114,44,83,,,,,54,31.2,,,
Depok,Cinere - Nafas,2026-05-06 20:46:52,154,154,59,110,,,,,60,29.5,,,
Bogor,Kabupaten Bogor Leuwiliang,2026-05-06 09:00:00,-,58,26,,4,9,0,80,,,,,
Tangerang,Tangerang Pasir Jaya,2026-05-06 09:00:00,-,63,32,,58,63,0,65,,,,,
Bekasi,Bekasi Kayuringin,2026-05-06 09:00:00,-,59,28,,63,13,0,2,,,,,
Jakarta,The Pakubuwono Menteng,2026-05-06 20:48:15,113,113,44,83,,,,,54,31.2,,,
Depok,Cinere - Nafas,2026-05-06 20:47:54,156,156,60,116,,,,,59,29.5,,,
Bogor,Kabupaten Bogor Leuwiliang,2026-05-06 09:00:00,-,58,26,,4,9,0,80,,,,,
Tangerang,Tangerang Pasir Jaya,2026-05-06 09:00:00,-,63,32,,58,63,0,65,,,,,
Bekasi,Bekasi Kayuringin,2026-05-06 09:00:00,-,59,28,,63,13,0,2,,,,,
Jakarta,The Pakubuwono Menteng,2026-05-06 20:49:15,111,111,43,79,,,,,54,31.2,,,
Depok,Cinere - Nafas,2026-05-06 20:48:52,157,157,60,118,,,,,59,29.5,,,
Bogor,Kabupaten Bogor Leuwiliang,2026-05-06 09:00:00,-,58,26,,4,9,0,80,,,,,
Tangerang,Tangerang Pasir Jaya,2026-05-06 09:00:00,-,63,32,,58,63,0,65,,,,,
Bekasi,Bekasi Kayuringin,2026-05-06 09:00:00,-,59,28,,63,13,0,2,,,,,
Jakarta,The Pakubuwono Menteng,2026-05-06 20:51:16,108,108,42,81,,,,,54,31.2,,,
Depok,Cinere - Nafas,2026-05-06 20:50:54,159,159,62,126,,,,,59,29.5,,,
Bogor,Kabupaten Bogor Leuwiliang,2026-05-06 09:00:00,-,58,26,,4,9,0,80,,,,,
Tangerang,Tangerang Pasir Jaya,2026-05-06 09:00:00,-,63,32,,58,63,0,65,,,,,
Bekasi,Bekasi Kayuringin,2026-05-06 09:00:00,-,59,28,,63,13,0,2,,,,,
Jakarta,The Pakubuwono Menteng,2026-05-06 20:52:16,106,106,41,80,,,,,55,31.2,,,
Depok,Cinere - Nafas,2026-05-06 20:51:52,159,159,62,131,,,,,59,29.5,,,
Bogor,Kabupaten Bogor Leuwiliang,2026-05-06 09:00:00,-,58,26,,4,9,0,80,,,,,
Tangerang,Tangerang Pasir Jaya,2026-05-06 09:00:00,-,63,32,,58,63,0,65,,,,,
Bekasi,Bekasi Kayuringin,2026-05-06 09:00:00,-,59,28,,63,13,0,2,,,,,
Jakarta,The Pakubuwono Menteng,2026-05-06 20:53:15,115,115,45,84,,,,,55,31.2,,,
Depok,Cinere - Nafas,2026-05-06 20:52:52,160,160,62,131,,,,,59,29.5,,,
Bogor,Kabupaten Bogor Leuwiliang,2026-05-06 09:00:00,-,58,26,,4,9,0,80,,,,,
Tangerang,Tangerang Pasir Jaya,2026-05-06 09:00:00,-,63,32,,58,63,0,65,,,,,
Bekasi,Bekasi Kayuringin,2026-05-06 09:00:00,-,59,28,,63,13,0,2,,,,,
Jakarta,The Pakubuwono Menteng,2026-05-06 20:55:16,116,116,45,86,,,,,55,31.2,,,
Depok,Cinere - Nafas,2026-05-06 20:54:52,157,157,60,120,,,,,59,29.5,,,
Bogor,Kabupaten Bogor Leuwiliang,2026-05-06 09:00:00,-,58,26,,4,9,0,80,,,,,
Tangerang,Tangerang Pasir Jaya,2026-05-06 09:00:00,-,63,32,,58,63,0,65,,,,,
Bekasi,Bekasi Kayuringin,2026-05-06 09:00:00,-,59,28,,63,13,0,2,,,,,
Jakarta,The Pakubuwono Menteng,2026-05-06 20:56:16,114,114,45,83,,,,,55,31.2,,,
Depok,Cinere - Nafas,2026-05-06 20:55:52,154,154,59,110,,,,,59,29.5,,,
Bogor,Kabupaten Bogor Leuwiliang,2026-05-06 09:00:00,-,58,26,,4,9,0,80,,,,,
Tangerang,Tangerang Pasir Jaya,2026-05-06 09:00:00,-,63,32,,58,63,0,65,,,,,
Bekasi,Bekasi Kayuringin,2026-05-06 09:00:00,-,59,28,,63,13,0,2,,,,,
Jakarta,The Pakubuwono Menteng,2026-05-06 20:57:15,113,113,45,83,,,,,55,31.2,,,
Depok,Cinere - Nafas,2026-05-06 20:56:52,154,154,59,111,,,,,59,29.5,,,
Bogor,Kabupaten Bogor Leuwiliang,2026-05-06 09:00:00,-,58,26,,4,9,0,80,,,,,
Tangerang,Tangerang Pasir Jaya,2026-05-06 09:00:00,-,63,32,,58,63,0,65,,,,,
Bekasi,Bekasi Kayuringin,2026-05-06 09:00:00,-,59,28,,63,13,0,2,,,,,
Jakarta,The Pakubuwono Menteng,2026-05-06 20:58:16,108,108,41,79,,,,,55,31.2,,,
Depok,Cinere - Nafas,2026-05-06 20:57:52,154,154,59,114,,,,,59,29.4,,,
Bogor,Kabupaten Bogor Leuwiliang,2026-05-06 09:00:00,-,58,26,,4,9,0,80,,,,,
Tangerang,Tangerang Pasir Jaya,2026-05-06 09:00:00,-,63,32,,58,63,0,65,,,,,
Bekasi,Bekasi Kayuringin,2026-05-06 09:00:00,-,59,28,,63,13,0,2,,,,,
Jakarta,The Pakubuwono Menteng,2026-05-06 21:00:16,115,115,45,83,,,,,55,31.2,,,
Depok,Cinere - Nafas,2026-05-06 21:00:12,153,153,59,111,,,,,60,29.4,,,
Bogor,Kabupaten Bogor Leuwiliang,2026-05-06 09:00:00,-,58,26,,4,9,0,80,,,,,
Tangerang,Tangerang Pasir Jaya,2026-05-06 09:00:00,-,63,32,,58,63,0,65,,,,,
Bekasi,Bekasi Kayuringin,2026-05-06 09:00:00,-,59,28,,63,13,0,2,,,,,
Jakarta,The Pakubuwono Menteng,2026-05-06 21:01:16,108,108,41,79,,,,,55,31.2,,,
Depok,Cinere - Nafas,2026-05-06 21:01:12,153,153,58,109,,,,,59,29.4,,,
Bogor,Kabupaten Bogor Leuwiliang,2026-05-06 09:00:00,-,58,26,,4,9,0,80,,,,,
Tangerang,Tangerang Pasir Jaya,2026-05-06 09:00:00,-,63,32,,58,63,0,65,,,,,
Bekasi,Bekasi Kayuringin,2026-05-06 09:00:00,-,59,28,,63,13,0,2,,,,,
Jakarta,The Pakubuwono Menteng,2026-05-06 21:01:16,108,108,41,79,,,,,55,31.2,,,
Depok,Cinere - Nafas,2026-05-06 21:01:12,153,153,58,109,,,,,59,29.4,,,
Bogor,Kabupaten Bogor Leuwiliang,2026-05-06 09:00:00,-,58,26,,4,9,0,80,,,,,
Tangerang,Tangerang Pasir Jaya,2026-05-06 09:00:00,-,63,32,,58,63,0,65,,,,,
Bekasi,Bekasi Kayuringin,2026-05-06 09:00:00,-,59,28,,63,13,0,2,,,,,
Jakarta,The Pakubuwono Menteng,2026-05-06 21:02:15,107,107,42,81,,,,,55,31.2,,,
Depok,Cinere - Nafas,2026-05-06 21:03:12,152,152,58,108,,,,,60,29.4,,,
Bogor,Kabupaten Bogor Leuwiliang,2026-05-06 09:00:00,-,58,26,,4,9,0,80,,,,,
Tangerang,Tangerang Pasir Jaya,2026-05-06 09:00:00,-,63,32,,58,63,0,65,,,,,
Bekasi,Bekasi Kayuringin,2026-05-06 09:00:00,-,59,28,,63,13,0,2,,,,,
Jakarta,The Pakubuwono Menteng,2026-05-06 21:04:16,111,111,43,81,,,,,55,31.2,,,
Depok,Cinere - Nafas,2026-05-06 21:04:12,152,152,58,108,,,,,60,29.3,,,
Bogor,Kabupaten Bogor Leuwiliang,2026-05-06 09:00:00,-,58,26,,4,9,0,80,,,,,
Tangerang,Tangerang Pasir Jaya,2026-05-06 09:00:00,-,63,32,,58,63,0,65,,,,,
Bekasi,Bekasi Kayuringin,2026-05-06 09:00:00,-,59,28,,63,13,0,2,,,,,
Jakarta,The Pakubuwono Menteng,2026-05-06 21:05:16,104,104,40,80,,,,,55,31.2,,,
Depok,Cinere - Nafas,2026-05-06 21:05:13,152,152,58,110,,,,,60,29.4,,,
Bogor,Kabupaten Bogor Leuwiliang,2026-05-06 09:00:00,-,58,26,,4,9,0,80,,,,,
Tangerang,Tangerang Pasir Jaya,2026-05-06 09:00:00,-,63,32,,58,63,0,65,,,,,
Bekasi,Bekasi Kayuringin,2026-05-06 09:00:00,-,59,28,,63,13,0,2,,,,,
Jakarta,The Pakubuwono Menteng,2026-05-06 21:06:16,106,106,42,79,,,,,55,31.2,,,
Depok,Cinere - Nafas,2026-05-06 21:06:13,154,154,59,114,,,,,60,29.4,,,
Bogor,Kabupaten Bogor Leuwiliang,2026-05-06 09:00:00,-,58,26,,4,9,0,80,,,,,
Tangerang,Tangerang Pasir Jaya,2026-05-06 09:00:00,-,63,32,,58,63,0,65,,,,,
Bekasi,Bekasi Kayuringin,2026-05-06 09:00:00,-,59,28,,63,13,0,2,,,,,
Jakarta,The Pakubuwono Menteng,2026-05-06 21:08:16,102,102,40,79,,,,,55,31.2,,,
Depok,Cinere - Nafas,2026-05-06 21:08:13,153,153,58,106,,,,,60,29.3,,,
Bogor,Kabupaten Bogor Leuwiliang,2026-05-06 09:00:00,-,58,26,,4,9,0,80,,,,,
Tangerang,Tangerang Pasir Jaya,2026-05-06 09:00:00,-,63,32,,58,63,0,65,,,,,
Bekasi,Bekasi Kayuringin,2026-05-06 09:00:00,-,59,28,,63,13,0,2,,,,,
Jakarta,The Pakubuwono Menteng,2026-05-06 21:09:16,109,109,42,81,,,,,55,31.2,,,
Depok,Cinere - Nafas,2026-05-06 21:09:13,155,155,60,115,,,,,60,29.3,,,
Bogor,Kabupaten Bogor Leuwiliang,2026-05-06 09:00:00,-,58,26,,4,9,0,80,,,,,
Tangerang,Tangerang Pasir Jaya,2026-05-06 09:00:00,-,63,32,,58,63,0,65,,,,,
Bekasi,Bekasi Kayuringin,2026-05-06 09:00:00,-,59,28,,63,13,0,2,,,,,
Jakarta,The Pakubuwono Menteng,2026-05-06 21:10:16,127,127,51,90,,,,,55,31.2,,,
Depok,Cinere - Nafas,2026-05-06 21:10:13,155,155,59,114,,,,,60,29.3,,,
Bogor,Kabupaten Bogor Leuwiliang,2026-05-06 09:00:00,-,58,26,,4,9,0,80,,,,,
Tangerang,Tangerang Pasir Jaya,2026-05-06 09:00:00,-,63,32,,58,63,0,65,,,,,
Bekasi,Bekasi Kayuringin,2026-05-06 09:00:00,-,59,28,,63,13,0,2,,,,,
Jakarta,The Pakubuwono Menteng,2026-05-06 21:11:16,118,118,45,87,,,,,55,31.1,,,
Depok,Cinere - Nafas,2026-05-06 21:11:13,154,154,59,112,,,,,60,29.3,,,
Bogor,Kabupaten Bogor Leuwiliang,2026-05-06 09:00:00,-,58,26,,4,9,0,80,,,,,
Tangerang,Tangerang Pasir Jaya,2026-05-06 09:00:00,-,63,32,,58,63,0,65,,,,,
Bekasi,Bekasi Kayuringin,2026-05-06 09:00:00,-,59,28,,63,13,0,2,,,,,
Jakarta,The Pakubuwono Menteng,2026-05-06 21:12:16,115,115,45,86,,,,,55,31.2,,,
Depok,Cinere - Nafas,2026-05-06 21:12:13,153,153,59,111,,,,,60,29.3,,,
Bogor,Kabupaten Bogor Leuwiliang,2026-05-06 09:00:00,-,58,26,,4,9,0,80,,,,,
Tangerang,Tangerang Pasir Jaya,2026-05-06 09:00:00,-,63,32,,58,63,0,65,,,,,
Bekasi,Bekasi Kayuringin,2026-05-06 09:00:00,-,59,28,,63,13,0,2,,,,,
Jakarta,The Pakubuwono Menteng,2026-05-06 21:14:16,114,114,44,84,,,,,55,31.1,,,
Depok,Cinere - Nafas,2026-05-06 21:14:13,154,154,59,112,,,,,60,29.3,,,
Bogor,Kabupaten Bogor Leuwiliang,2026-05-06 09:00:00,-,58,26,,4,9,0,80,,,,,
Tangerang,Tangerang Pasir Jaya,2026-05-06 09:00:00,-,63,32,,58,63,0,65,,,,,
Bekasi,Bekasi Kayuringin,2026-05-06 09:00:00,-,59,28,,63,13,0,2,,,,,
Jakarta,The Pakubuwono Menteng,2026-05-06 21:15:16,111,111,43,83,,,,,55,31.1,,,
Depok,Cinere - Nafas,2026-05-06 21:15:13,154,154,59,106,,,,,60,29.2,,,
Bogor,Kabupaten Bogor Leuwiliang,2026-05-06 09:00:00,-,58,26,,4,9,0,80,,,,,
Tangerang,Tangerang Pasir Jaya,2026-05-06 09:00:00,-,63,32,,58,63,0,65,,,,,
Bekasi,Bekasi Kayuringin,2026-05-06 09:00:00,-,59,28,,63,13,0,2,,,,,
Jakarta,The Pakubuwono Menteng,2026-05-06 21:17:16,122,122,48,89,,,,,55,31.1,,,
Depok,Cinere - Nafas,2026-05-06 21:17:13,153,153,59,110,,,,,60,29.2,,,
Bogor,Kabupaten Bogor Leuwiliang,2026-05-06 09:00:00,-,58,26,,4,9,0,80,,,,,
Tangerang,Tangerang Pasir Jaya,2026-05-06 09:00:00,-,63,32,,58,63,0,65,,,,,
Bekasi,Bekasi Kayuringin,2026-05-06 09:00:00,-,59,28,,63,13,0,2,,,,,
Jakarta,The Pakubuwono Menteng,2026-05-06 21:18:16,120,120,47,89,,,,,55,31.1,,,
Depok,Cinere - Nafas,2026-05-06 21:18:13,156,156,60,119,,,,,60,29.2,,,
Bogor,Kabupaten Bogor Leuwiliang,2026-05-06 09:00:00,-,58,26,,4,9,0,80,,,,,
Tangerang,Tangerang Pasir Jaya,2026-05-06 09:00:00,-,63,32,,58,63,0,65,,,,,
Bekasi,Bekasi Kayuringin,2026-05-06 09:00:00,-,59,28,,63,13,0,2,,,,,
Jakarta,The Pakubuwono Menteng,2026-05-06 21:19:16,112,112,44,85,,,,,55,31.1,,,
Depok,Cinere - Nafas,2026-05-06 21:19:13,156,156,60,116,,,,,60,29.2,,,
Bogor,Kabupaten Bogor Leuwiliang,2026-05-06 09:00:00,-,58,26,,4,9,0,80,,,,,
Tangerang,Tangerang Pasir Jaya,2026-05-06 09:00:00,-,63,32,,58,63,0,65,,,,,
Bekasi,Bekasi Kayuringin,2026-05-06 09:00:00,-,59,28,,63,13,0,2,,,,,
Jakarta,The Pakubuwono Menteng,2026-05-06 21:20:16,113,113,43,83,,,,,55,31.2,,,
Depok,Cinere - Nafas,2026-05-06 21:20:13,155,155,60,112,,,,,60,29.2,,,
Bogor,Kabupaten Bogor Leuwiliang,2026-05-06 09:00:00,-,58,26,,4,9,0,80,,,,,
Tangerang,Tangerang Pasir Jaya,2026-05-06 09:00:00,-,63,32,,58,63,0,65,,,,,
Bekasi,Bekasi Kayuringin,2026-05-06 09:00:00,-,59,28,,63,13,0,2,,,,,
Jakarta,The Pakubuwono Menteng,2026-05-06 21:20:16,113,113,43,83,,,,,55,31.2,,,
Depok,Cinere - Nafas,2026-05-06 21:21:13,154,154,59,111,,,,,61,29.2,,,
Bogor,Kabupaten Bogor Leuwiliang,2026-05-06 09:00:00,-,58,26,,4,9,0,80,,,,,
Tangerang,Tangerang Pasir Jaya,2026-05-06 09:00:00,-,63,32,,58,63,0,65,,,,,
Bekasi,Bekasi Kayuringin,2026-05-06 09:00:00,-,59,28,,63,13,0,2,,,,,
Jakarta,The Pakubuwono Menteng,2026-05-06 21:22:16,113,113,44,86,,,,,55,31.1,,,
Depok,Cinere - Nafas,2026-05-06 21:22:13,154,154,60,117,,,,,60,29.2,,,
Bogor,Kabupaten Bogor Leuwiliang,2026-05-06 09:00:00,-,58,26,,4,9,0,80,,,,,
Tangerang,Tangerang Pasir Jaya,2026-05-06 09:00:00,-,63,32,,58,63,0,65,,,,,
Bekasi,Bekasi Kayuringin,2026-05-06 09:00:00,-,59,28,,63,13,0,2,,,,,
Jakarta,The Pakubuwono Menteng,2026-05-06 21:24:16,109,109,43,81,,,,,55,31.1,,,
Depok,Cinere - Nafas,2026-05-06 21:24:13,153,153,59,111,,,,,60,29.2,,,
Bogor,Kabupaten Bogor Leuwiliang,2026-05-06 09:00:00,-,58,26,,4,9,0,80,,,,,
Tangerang,Tangerang Pasir Jaya,2026-05-06 09:00:00,-,63,32,,58,63,0,65,,,,,
Bekasi,Bekasi Kayuringin,2026-05-06 09:00:00,-,59,28,,63,13,0,2,,,,,
Jakarta,The Pakubuwono Menteng,2026-05-06 21:25:16,111,111,44,82,,,,,55,31.1,,,
Depok,Cinere - Nafas,2026-05-06 21:25:13,154,154,59,113,,,,,60,29.2,,,
Bogor,Kabupaten Bogor Leuwiliang,2026-05-06 09:00:00,-,58,26,,4,9,0,80,,,,,
Tangerang,Tangerang Pasir Jaya,2026-05-06 09:00:00,-,63,32,,58,63,0,65,,,,,
Bekasi,Bekasi Kayuringin,2026-05-06 09:00:00,-,59,28,,63,13,0,2,,,,,
Jakarta,The Pakubuwono Menteng,2026-05-06 21:26:16,120,120,48,86,,,,,55,31.1,,,
Depok,Cinere - Nafas,2026-05-06 21:25:13,154,154,59,113,,,,,60,29.2,,,
Bogor,Kabupaten Bogor Leuwiliang,2026-05-06 09:00:00,-,58,26,,4,9,0,80,,,,,
Tangerang,Tangerang Pasir Jaya,2026-05-06 09:00:00,-,63,32,,58,63,0,65,,,,,
Bekasi,Bekasi Kayuringin,2026-05-06 09:00:00,-,59,28,,63,13,0,2,,,,,
Jakarta,The Pakubuwono Menteng,2026-05-06 21:27:16,109,109,41,83,,,,,55,31.1,,,
Depok,Cinere - Nafas,2026-05-06 21:27:33,157,157,61,113,,,,,61,29.3,,,
Bogor,Kabupaten Bogor Leuwiliang,2026-05-06 09:00:00,-,58,26,,4,9,0,80,,,,,
Tangerang,Tangerang Pasir Jaya,2026-05-06 09:00:00,-,63,32,,58,63,0,65,,,,,
Bekasi,Bekasi Kayuringin,2026-05-06 09:00:00,-,59,28,,63,13,0,2,,,,,
Jakarta,The Pakubuwono Menteng,2026-05-06 21:28:16,110,110,42,80,,,,,55,31.1,,,
Depok,Cinere - Nafas,2026-05-06 21:28:33,156,156,60,118,,,,,61,29.3,,,
Bogor,Kabupaten Bogor Leuwiliang,2026-05-06 09:00:00,-,58,26,,4,9,0,80,,,,,
Tangerang,Tangerang Pasir Jaya,2026-05-06 09:00:00,-,63,32,,58,63,0,65,,,,,
Bekasi,Bekasi Kayuringin,2026-05-06 09:00:00,-,59,28,,63,13,0,2,,,,,
Jakarta,The Pakubuwono Menteng,2026-05-06 21:29:16,110,110,43,82,,,,,55,31.1,,,
Depok,Cinere - Nafas,2026-05-06 21:29:33,155,155,60,114,,,,,61,29.2,,,
Bogor,Kabupaten Bogor Leuwiliang,2026-05-06 09:00:00,-,58,26,,4,9,0,80,,,,,
Tangerang,Tangerang Pasir Jaya,2026-05-06 09:00:00,-,63,32,,58,63,0,65,,,,,
Bekasi,Bekasi Kayuringin,2026-05-06 09:00:00,-,59,28,,63,13,0,2,,,,,
Jakarta,The Pakubuwono Menteng,2026-05-06 21:30:16,98,98,36,77,,,,,55,31.1,,,
Depok,Cinere - Nafas,2026-05-06 21:31:33,156,156,61,116,,,,,60,29.3,,,
Bogor,Kabupaten Bogor Leuwiliang,2026-05-06 09:00:00,-,58,26,,4,9,0,80,,,,,
Tangerang,Tangerang Pasir Jaya,2026-05-06 09:00:00,-,63,32,,58,63,0,65,,,,,
Bekasi,Bekasi Kayuringin,2026-05-06 09:00:00,-,59,28,,63,13,0,2,,,,,
Jakarta,The Pakubuwono Menteng,2026-05-06 21:32:16,114,114,44,85,,,,,55,31.1,,,
Depok,Cinere - Nafas,2026-05-06 21:32:33,156,156,60,117,,,,,60,29.2,,,
Bogor,Kabupaten Bogor Leuwiliang,2026-05-06 09:00:00,-,58,26,,4,9,0,80,,,,,
Tangerang,Tangerang Pasir Jaya,2026-05-06 09:00:00,-,63,32,,58,63,0,65,,,,,
Bekasi,Bekasi Kayuringin,2026-05-06 09:00:00,-,59,28,,63,13,0,2,,,,,
Jakarta,The Pakubuwono Menteng,2026-05-06 21:34:16,104,104,40,79,,,,,55,31.1,,,
Depok,Cinere - Nafas,2026-05-06 21:34:33,156,156,61,119,,,,,60,29.2,,,
Bogor,Kabupaten Bogor Leuwiliang,2026-05-06 09:00:00,-,58,26,,4,9,0,80,,,,,
Tangerang,Tangerang Pasir Jaya,2026-05-06 09:00:00,-,63,32,,58,63,0,65,,,,,
Bekasi,Bekasi Kayuringin,2026-05-06 09:00:00,-,59,28,,63,13,0,2,,,,,
Jakarta,The Pakubuwono Menteng,2026-05-06 21:35:16,109,109,42,81,,,,,55,31.1,,,
Depok,Cinere - Nafas,2026-05-06 21:35:34,155,155,60,116,,,,,60,29.3,,,
Bogor,Kabupaten Bogor Leuwiliang,2026-05-06 09:00:00,-,58,26,,4,9,0,80,,,,,
Tangerang,Tangerang Pasir Jaya,2026-05-06 09:00:00,-,63,32,,58,63,0,65,,,,,
Bekasi,Bekasi Kayuringin,2026-05-06 09:00:00,-,59,28,,63,13,0,2,,,,,
Jakarta,The Pakubuwono Menteng,2026-05-06 21:36:16,99,99,38,74,,,,,55,31.1,,,
Depok,Cinere - Nafas,2026-05-06 21:36:34,155,155,60,116,,,,,60,29.3,,,
Bogor,Kabupaten Bogor Leuwiliang,2026-05-06 09:00:00,-,58,26,,4,9,0,80,,,,,
Tangerang,Tangerang Pasir Jaya,2026-05-06 09:00:00,-,63,32,,58,63,0,65,,,,,
Bekasi,Bekasi Kayuringin,2026-05-06 09:00:00,-,59,28,,63,13,0,2,,,,,
Jakarta,The Pakubuwono Menteng,2026-05-06 21:37:16,105,105,41,79,,,,,55,31.1,,,
Depok,Cinere - Nafas,2026-05-06 21:37:34,156,156,60,116,,,,,60,29.3,,,
Bogor,Kabupaten Bogor Leuwiliang,2026-05-06 09:00:00,-,58,26,,4,9,0,80,,,,,
Tangerang,Tangerang Pasir Jaya,2026-05-06 09:00:00,-,63,32,,58,63,0,65,,,,,
Bekasi,Bekasi Kayuringin,2026-05-06 09:00:00,-,59,28,,63,13,0,2,,,,,
Jakarta,The Pakubuwono Menteng,2026-05-06 21:38:16,103,103,42,79,,,,,56,31.1,,,
Depok,Cinere - Nafas,2026-05-06 21:38:34,155,155,60,115,,,,,60,29.2,,,
Bogor,Kabupaten Bogor Leuwiliang,2026-05-06 09:00:00,-,58,26,,4,9,0,80,,,,,
Tangerang,Tangerang Pasir Jaya,2026-05-06 09:00:00,-,63,32,,58,63,0,65,,,,,
Bekasi,Bekasi Kayuringin,2026-05-06 09:00:00,-,59,28,,63,13,0,2,,,,,
Jakarta,The Pakubuwono Menteng,2026-05-06 21:38:16,103,103,42,79,,,,,56,31.1,,,
Depok,Cinere - Nafas,2026-05-06 21:39:34,154,154,60,113,,,,,60,29.2,,,
Bogor,Kabupaten Bogor Leuwiliang,2026-05-06 09:00:00,-,58,26,,4,9,0,80,,,,,
Tangerang,Tangerang Pasir Jaya,2026-05-06 09:00:00,-,63,32,,58,63,0,65,,,,,
Bekasi,Bekasi Kayuringin,2026-05-06 09:00:00,-,59,28,,63,13,0,2,,,,,
Jakarta,The Pakubuwono Menteng,2026-05-06 21:41:16,103,103,41,79,,,,,56,31.1,,,
Depok,Cinere - Nafas,2026-05-06 21:41:34,155,155,60,113,,,,,60,29.2,,,
Bogor,Kabupaten Bogor Leuwiliang,2026-05-06 09:00:00,-,58,26,,4,9,0,80,,,,,
Tangerang,Tangerang Pasir Jaya,2026-05-06 09:00:00,-,63,32,,58,63,0,65,,,,,
Bekasi,Bekasi Kayuringin,2026-05-06 09:00:00,-,59,28,,63,13,0,2,,,,,
Jakarta,The Pakubuwono Menteng,2026-05-06 21:42:16,106,106,41,78,,,,,55,31.1,,,
Depok,Cinere - Nafas,2026-05-06 21:42:34,154,154,59,116,,,,,60,29.2,,,
Bogor,Kabupaten Bogor Leuwiliang,2026-05-06 09:00:00,-,58,26,,4,9,0,80,,,,,
Tangerang,Tangerang Pasir Jaya,2026-05-06 09:00:00,-,63,32,,58,63,0,65,,,,,
Bekasi,Bekasi Kayuringin,2026-05-06 09:00:00,-,59,28,,63,13,0,2,,,,,
Jakarta,The Pakubuwono Menteng,2026-05-06 21:43:17,98,98,35,76,,,,,55,31.1,,,
Depok,Cinere - Nafas,2026-05-06 21:43:34,155,155,60,116,,,,,61,29.2,,,
Bogor,Kabupaten Bogor Leuwiliang,2026-05-06 09:00:00,-,58,26,,4,9,0,80,,,,,
Tangerang,Tangerang Pasir Jaya,2026-05-06 09:00:00,-,63,32,,58,63,0,65,,,,,
Bekasi,Bekasi Kayuringin,2026-05-06 09:00:00,-,59,28,,63,13,0,2,,,,,
Jakarta,The Pakubuwono Menteng,2026-05-06 21:44:17,110,110,41,79,,,,,55,31.1,,,
Depok,Cinere - Nafas,2026-05-06 21:44:34,154,154,59,113,,,,,61,29.2,,,
Bogor,Kabupaten Bogor Leuwiliang,2026-05-06 09:00:00,-,58,26,,4,9,0,80,,,,,
Tangerang,Tangerang Pasir Jaya,2026-05-06 09:00:00,-,63,32,,58,63,0,65,,,,,
Bekasi,Bekasi Kayuringin,2026-05-06 09:00:00,-,59,28,,63,13,0,2,,,,,
Jakarta,The Pakubuwono Menteng,2026-05-06 21:45:17,100,100,37,75,,,,,55,31.1,,,
Depok,Cinere - Nafas,2026-05-06 21:45:34,156,156,59,111,,,,,61,29.2,,,
Bogor,Kabupaten Bogor Leuwiliang,2026-05-06 09:00:00,-,58,26,,4,9,0,80,,,,,
Tangerang,Tangerang Pasir Jaya,2026-05-06 09:00:00,-,63,32,,58,63,0,65,,,,,
Bekasi,Bekasi Kayuringin,2026-05-06 09:00:00,-,59,28,,63,13,0,2,,,,,
Jakarta,The Pakubuwono Menteng,2026-05-06 21:46:17,108,108,41,79,,,,,55,31.1,,,
Depok,Cinere - Nafas,2026-05-06 21:46:34,154,154,59,115,,,,,61,29.2,,,
Bogor,Kabupaten Bogor Leuwiliang,2026-05-06 09:00:00,-,58,26,,4,9,0,80,,,,,
Tangerang,Tangerang Pasir Jaya,2026-05-06 09:00:00,-,63,32,,58,63,0,65,,,,,
Bekasi,Bekasi Kayuringin,2026-05-06 09:00:00,-,59,28,,63,13,0,2,,,,,
Jakarta,The Pakubuwono Menteng,2026-05-06 21:47:17,113,113,44,84,,,,,55,31.1,,,
Depok,Cinere - Nafas,2026-05-06 21:47:34,156,156,60,116,,,,,61,29.2,,,
Bogor,Kabupaten Bogor Leuwiliang,2026-05-06 09:00:00,-,58,26,,4,9,0,80,,,,,
Tangerang,Tangerang Pasir Jaya,2026-05-06 09:00:00,-,63,32,,58,63,0,65,,,,,
Bekasi,Bekasi Kayuringin,2026-05-06 09:00:00,-,59,28,,63,13,0,2,,,,,
Jakarta,The Pakubuwono Menteng,2026-05-06 21:49:16,117,117,47,85,,,,,55,31.1,,,
Depok,Cinere - Nafas,2026-05-06 21:49:34,155,155,59,115,,,,,60,29.2,,,
Bogor,Kabupaten Bogor Leuwiliang,2026-05-06 09:00:00,-,58,26,,4,9,0,80,,,,,
Tangerang,Tangerang Pasir Jaya,2026-05-06 09:00:00,-,63,32,,58,63,0,65,,,,,
Bekasi,Bekasi Kayuringin,2026-05-06 09:00:00,-,59,28,,63,13,0,2,,,,,
Jakarta,The Pakubuwono Menteng,2026-05-06 21:51:17,108,108,40,82,,,,,55,31.1,,,
Depok,Cinere - Nafas,2026-05-06 21:51:34,155,155,60,110,,,,,61,29.2,,,
Bogor,Kabupaten Bogor Leuwiliang,2026-05-06 09:00:00,-,58,26,,4,9,0,80,,,,,
Tangerang,Tangerang Pasir Jaya,2026-05-06 09:00:00,-,63,32,,58,63,0,65,,,,,
Bekasi,Bekasi Kayuringin,2026-05-06 09:00:00,-,59,28,,63,13,0,2,,,,,
Jakarta,The Pakubuwono Menteng,2026-05-06 21:52:17,117,117,47,85,,,,,55,31.1,,,
Depok,Cinere - Nafas,2026-05-06 21:52:34,153,153,59,112,,,,,61,29.2,,,
Bogor,Kabupaten Bogor Leuwiliang,2026-05-06 09:00:00,-,58,26,,4,9,0,80,,,,,
Tangerang,Tangerang Pasir Jaya,2026-05-06 09:00:00,-,63,32,,58,63,0,65,,,,,
Bekasi,Bekasi Kayuringin,2026-05-06 09:00:00,-,59,28,,63,13,0,2,,,,,
Jakarta,The Pakubuwono Menteng,2026-05-06 21:53:17,109,109,42,80,,,,,56,31.1,,,
Depok,Cinere - Nafas,2026-05-06 21:53:34,161,161,64,129,,,,,61,29.2,,,
Bogor,Kabupaten Bogor Leuwiliang,2026-05-06 09:00:00,-,58,26,,4,9,0,80,,,,,
Tangerang,Tangerang Pasir Jaya,2026-05-06 09:00:00,-,63,32,,58,63,0,65,,,,,
Bekasi,Bekasi Kayuringin,2026-05-06 09:00:00,-,59,28,,63,13,0,2,,,,,
Jakarta,The Pakubuwono Menteng,2026-05-06 21:54:17,108,108,42,83,,,,,56,31.1,,,
Depok,Cinere - Nafas,2026-05-06 21:54:34,165,165,67,144,,,,,60,29.2,,,
Bogor,Kabupaten Bogor Leuwiliang,2026-05-06 09:00:00,-,58,26,,4,9,0,80,,,,,
Tangerang,Tangerang Pasir Jaya,2026-05-06 09:00:00,-,63,32,,58,63,0,65,,,,,
Bekasi,Bekasi Kayuringin,2026-05-06 09:00:00,-,59,28,,63,13,0,2,,,,,
Jakarta,The Pakubuwono Menteng,2026-05-06 21:54:17,108,108,42,83,,,,,56,31.1,,,
Depok,Cinere - Nafas,2026-05-06 21:54:34,165,165,67,144,,,,,60,29.2,,,
Bogor,Kabupaten Bogor Leuwiliang,2026-05-06 09:00:00,-,58,26,,4,9,0,80,,,,,
Tangerang,Tangerang Pasir Jaya,2026-05-06 09:00:00,-,63,32,,58,63,0,65,,,,,
Bekasi,Bekasi Kayuringin,2026-05-06 09:00:00,-,59,28,,63,13,0,2,,,,,
Jakarta,The Pakubuwono Menteng,2026-05-06 21:55:17,111,111,43,82,,,,,55,31.1,,,
Depok,Cinere - Nafas,2026-05-06 21:55:34,157,157,61,126,,,,,60,29.2,,,
Bogor,Kabupaten Bogor Leuwiliang,2026-05-06 09:00:00,-,58,26,,4,9,0,80,,,,,
Tangerang,Tangerang Pasir Jaya,2026-05-06 09:00:00,-,63,32,,58,63,0,65,,,,,
Bekasi,Bekasi Kayuringin,2026-05-06 09:00:00,-,59,28,,63,13,0,2,,,,,
Jakarta,The Pakubuwono Menteng,2026-05-06 21:57:17,105,105,40,76,,,,,56,31.1,,,
Depok,Cinere - Nafas,2026-05-06 21:57:34,161,161,64,134,,,,,61,29.2,,,
Bogor,Kabupaten Bogor Leuwiliang,2026-05-06 09:00:00,-,58,26,,4,9,0,80,,,,,
Tangerang,Tangerang Pasir Jaya,2026-05-06 09:00:00,-,63,32,,58,63,0,65,,,,,
Bekasi,Bekasi Kayuringin,2026-05-06 09:00:00,-,59,28,,63,13,0,2,,,,,
Jakarta,The Pakubuwono Menteng,2026-05-06 21:59:17,116,116,45,86,,,,,56,31.1,,,
Depok,Cinere - Nafas,2026-05-06 21:59:34,156,156,61,118,,,,,61,29.2,,,
Bogor,Kabupaten Bogor Leuwiliang,2026-05-06 09:00:00,-,58,26,,4,9,0,80,,,,,
Tangerang,Tangerang Pasir Jaya,2026-05-06 09:00:00,-,63,32,,58,63,0,65,,,,,
Bekasi,Bekasi Kayuringin,2026-05-06 09:00:00,-,59,28,,63,13,0,2,,,,,
Jakarta,The Pakubuwono Menteng,2026-05-06 22:00:17,124,124,50,89,,,,,56,31.1,,,
Depok,Cinere - Nafas,2026-05-06 22:00:34,155,155,60,116,,,,,61,29.2,,,
Bogor,Kabupaten Bogor Leuwiliang,2026-05-06 09:00:00,-,58,26,,4,9,0,80,,,,,
Tangerang,Tangerang Pasir Jaya,2026-05-06 09:00:00,-,63,32,,58,63,0,65,,,,,
Bekasi,Bekasi Kayuringin,2026-05-06 09:00:00,-,59,28,,63,13,0,2,,,,,
Jakarta,The Pakubuwono Menteng,2026-05-06 22:01:17,116,116,44,83,,,,,56,31.1,,,
Depok,Cinere - Nafas,2026-05-06 22:01:34,155,155,60,115,,,,,61,29.2,,,
Bogor,Kabupaten Bogor Leuwiliang,2026-05-06 09:00:00,-,58,26,,4,9,0,80,,,,,
Tangerang,Tangerang Pasir Jaya,2026-05-06 09:00:00,-,63,32,,58,63,0,65,,,,,
Bekasi,Bekasi Kayuringin,2026-05-06 09:00:00,-,59,28,,63,13,0,2,,,,,
Jakarta,The Pakubuwono Menteng,2026-05-06 22:02:17,115,115,46,84,,,,,56,31.1,,,
Depok,Cinere - Nafas,2026-05-06 22:02:35,154,154,60,115,,,,,61,29.2,,,
Bogor,Kabupaten Bogor Leuwiliang,2026-05-06 09:00:00,-,58,26,,4,9,0,80,,,,,
Tangerang,Tangerang Pasir Jaya,2026-05-06 09:00:00,-,63,32,,58,63,0,65,,,,,
Bekasi,Bekasi Kayuringin,2026-05-06 09:00:00,-,59,28,,63,13,0,2,,,,,
Jakarta,The Pakubuwono Menteng,2026-05-06 22:03:17,121,121,50,88,,,,,56,31.1,,,
Depok,Cinere - Nafas,2026-05-06 22:02:35,154,154,60,115,,,,,61,29.2,,,
Bogor,Kabupaten Bogor Leuwiliang,2026-05-06 09:00:00,-,58,26,,4,9,0,80,,,,,
Tangerang,Tangerang Pasir Jaya,2026-05-06 09:00:00,-,63,32,,58,63,0,65,,,,,
Bekasi,Bekasi Kayuringin,2026-05-06 09:00:00,-,59,28,,63,13,0,2,,,,,
Jakarta,The Pakubuwono Menteng,2026-05-06 22:04:17,111,111,44,83,,,,,55,31.1,,,
Depok,Cinere - Nafas,2026-05-06 22:04:57,156,156,60,115,,,,,61,29.2,,,
Bogor,Kabupaten Bogor Leuwiliang,2026-05-06 09:00:00,-,58,26,,4,9,0,80,,,,,
Tangerang,Tangerang Pasir Jaya,2026-05-06 09:00:00,-,63,32,,58,63,0,65,,,,,
Bekasi,Bekasi Kayuringin,2026-05-06 09:00:00,-,59,28,,63,13,0,2,,,,,
Jakarta,The Pakubuwono Menteng,2026-05-06 22:06:17,112,112,44,83,,,,,55,31.1,,,
Depok,Cinere - Nafas,2026-05-06 22:06:58,155,155,60,115,,,,,61,29.2,,,
Bogor,Kabupaten Bogor Leuwiliang,2026-05-06 09:00:00,-,58,26,,4,9,0,80,,,,,
Tangerang,Tangerang Pasir Jaya,2026-05-06 09:00:00,-,63,32,,58,63,0,65,,,,,
Bekasi,Bekasi Kayuringin,2026-05-06 09:00:00,-,59,28,,63,13,0,2,,,,,
Jakarta,The Pakubuwono Menteng,2026-05-06 22:08:17,121,121,48,87,,,,,56,31.1,,,
Depok,Cinere - Nafas,2026-05-06 22:08:43,155,155,60,116,,,,,61,29.2,,,
Bogor,Kabupaten Bogor Leuwiliang,2026-05-06 09:00:00,-,58,26,,4,9,0,80,,,,,
Tangerang,Tangerang Pasir Jaya,2026-05-06 09:00:00,-,63,32,,58,63,0,65,,,,,
Bekasi,Bekasi Kayuringin,2026-05-06 09:00:00,-,59,28,,63,13,0,2,,,,,
Jakarta,The Pakubuwono Menteng,2026-05-06 22:09:17,107,107,41,80,,,,,56,31,,,
Depok,Cinere - Nafas,2026-05-06 22:09:41,154,154,59,116,,,,,61,29.2,,,
Bogor,Kabupaten Bogor Leuwiliang,2026-05-06 09:00:00,-,58,26,,4,9,0,80,,,,,
Tangerang,Tangerang Pasir Jaya,2026-05-06 09:00:00,-,63,32,,58,63,0,65,,,,,
Bekasi,Bekasi Kayuringin,2026-05-06 09:00:00,-,59,28,,63,13,0,2,,,,,
Jakarta,The Pakubuwono Menteng,2026-05-06 22:10:17,118,118,46,84,,,,,56,31,,,
Depok,Cinere - Nafas,2026-05-06 22:09:41,154,154,59,116,,,,,61,29.2,,,
Bogor,Kabupaten Bogor Leuwiliang,2026-05-06 09:00:00,-,58,26,,4,9,0,80,,,,,
Tangerang,Tangerang Pasir Jaya,2026-05-06 09:00:00,-,63,32,,58,63,0,65,,,,,
Bekasi,Bekasi Kayuringin,2026-05-06 09:00:00,-,59,28,,63,13,0,2,,,,,
Jakarta,The Pakubuwono Menteng,2026-05-06 22:10:17,118,118,46,84,,,,,56,31,,,
Depok,Cinere - Nafas,2026-05-06 22:09:41,154,154,59,116,,,,,61,29.2,,,
Bogor,Kabupaten Bogor Leuwiliang,2026-05-06 09:00:00,-,58,26,,4,9,0,80,,,,,
Tangerang,Tangerang Pasir Jaya,2026-05-06 09:00:00,-,63,32,,58,63,0,65,,,,,
Bekasi,Bekasi Kayuringin,2026-05-06 09:00:00,-,59,28,,63,13,0,2,,,,,
Jakarta,The Pakubuwono Menteng,2026-05-06 22:11:17,118,118,45,86,,,,,56,31,,,
Depok,Cinere - Nafas,2026-05-06 22:11:05,155,155,60,113,,,,,61,29.2,,,
Bogor,Kabupaten Bogor Leuwiliang,2026-05-06 09:00:00,-,58,26,,4,9,0,80,,,,,
Tangerang,Tangerang Pasir Jaya,2026-05-06 09:00:00,-,63,32,,58,63,0,65,,,,,
Bekasi,Bekasi Kayuringin,2026-05-06 09:00:00,-,59,28,,63,13,0,2,,,,,
Jakarta,The Pakubuwono Menteng,2026-05-06 22:12:17,108,108,42,81,,,,,55,31,,,
Depok,Cinere - Nafas,2026-05-06 22:12:05,154,154,59,113,,,,,61,29.2,,,
Bogor,Kabupaten Bogor Leuwiliang,2026-05-06 09:00:00,-,58,26,,4,9,0,80,,,,,
Tangerang,Tangerang Pasir Jaya,2026-05-06 09:00:00,-,63,32,,58,63,0,65,,,,,
Bekasi,Bekasi Kayuringin,2026-05-06 09:00:00,-,59,28,,63,13,0,2,,,,,
Jakarta,The Pakubuwono Menteng,2026-05-06 22:14:17,109,109,42,80,,,,,55,31,,,
Depok,Cinere - Nafas,2026-05-06 22:15:05,157,157,61,126,,,,,61,29.2,,,
Bogor,Kabupaten Bogor Leuwiliang,2026-05-06 09:00:00,-,58,26,,4,9,0,80,,,,,
Tangerang,Tangerang Pasir Jaya,2026-05-06 09:00:00,-,63,32,,58,63,0,65,,,,,
Bekasi,Bekasi Kayuringin,2026-05-06 09:00:00,-,59,28,,63,13,0,2,,,,,
Jakarta,The Pakubuwono Menteng,2026-05-06 22:16:17,115,115,45,83,,,,,55,31,,,
Depok,Cinere - Nafas,2026-05-06 22:17:05,157,157,61,123,,,,,61,29.2,,,
Bogor,Kabupaten Bogor Leuwiliang,2026-05-06 09:00:00,-,58,26,,4,9,0,80,,,,,
Tangerang,Tangerang Pasir Jaya,2026-05-06 09:00:00,-,63,32,,58,63,0,65,,,,,
Bekasi,Bekasi Kayuringin,2026-05-06 09:00:00,-,59,28,,63,13,0,2,,,,,
Jakarta,The Pakubuwono Menteng,2026-05-06 22:17:17,112,112,44,84,,,,,55,31,,,
Depok,Cinere - Nafas,2026-05-06 22:18:06,157,157,61,121,,,,,61,29.2,,,
Bogor,Kabupaten Bogor Leuwiliang,2026-05-06 09:00:00,-,58,26,,4,9,0,80,,,,,
Tangerang,Tangerang Pasir Jaya,2026-05-06 09:00:00,-,63,32,,58,63,0,65,,,,,
Bekasi,Bekasi Kayuringin,2026-05-06 09:00:00,-,59,28,,63,13,0,2,,,,,
Jakarta,The Pakubuwono Menteng,2026-05-06 22:18:17,112,112,44,83,,,,,55,31,,,
Depok,Cinere - Nafas,2026-05-06 22:19:06,158,158,62,128,,,,,61,29.2,,,
Bogor,Kabupaten Bogor Leuwiliang,2026-05-06 09:00:00,-,58,26,,4,9,0,80,,,,,
Tangerang,Tangerang Pasir Jaya,2026-05-06 09:00:00,-,63,32,,58,63,0,65,,,,,
Bekasi,Bekasi Kayuringin,2026-05-06 09:00:00,-,59,28,,63,13,0,2,,,,,
Jakarta,The Pakubuwono Menteng,2026-05-06 22:19:17,114,114,44,83,,,,,55,31,,,
Depok,Cinere - Nafas,2026-05-06 22:19:06,158,158,62,128,,,,,61,29.2,,,
Bogor,Kabupaten Bogor Leuwiliang,2026-05-06 09:00:00,-,58,26,,4,9,0,80,,,,,
Tangerang,Tangerang Pasir Jaya,2026-05-06 09:00:00,-,63,32,,58,63,0,65,,,,,
Bekasi,Bekasi Kayuringin,2026-05-06 09:00:00,-,59,28,,63,13,0,2,,,,,
Jakarta,The Pakubuwono Menteng,2026-05-06 22:20:17,100,100,37,79,,,,,55,31,,,
Depok,Cinere - Nafas,2026-05-06 22:21:06,159,159,62,129,,,,,61,29.2,,,
Bogor,Kabupaten Bogor Leuwiliang,2026-05-06 09:00:00,-,58,26,,4,9,0,80,,,,,
Tangerang,Tangerang Pasir Jaya,2026-05-06 09:00:00,-,63,32,,58,63,0,65,,,,,
Bekasi,Bekasi Kayuringin,2026-05-06 09:00:00,-,59,28,,63,13,0,2,,,,,
Jakarta,The Pakubuwono Menteng,2026-05-06 22:22:17,110,110,44,80,,,,,55,31,,,
Depok,Cinere - Nafas,2026-05-06 22:22:06,158,158,61,120,,,,,61,29.2,,,
Bogor,Kabupaten Bogor Leuwiliang,2026-05-06 09:00:00,-,58,26,,4,9,0,80,,,,,
Tangerang,Tangerang Pasir Jaya,2026-05-06 09:00:00,-,63,32,,58,63,0,65,,,,,
Bekasi,Bekasi Kayuringin,2026-05-06 09:00:00,-,59,28,,63,13,0,2,,,,,
Jakarta,The Pakubuwono Menteng,2026-05-06 22:23:18,113,113,45,84,,,,,55,31,,,
Depok,Cinere - Nafas,2026-05-06 22:22:06,158,158,61,120,,,,,61,29.2,,,
Bogor,Kabupaten Bogor Leuwiliang,2026-05-06 09:00:00,-,58,26,,4,9,0,80,,,,,
Tangerang,Tangerang Pasir Jaya,2026-05-06 09:00:00,-,63,32,,58,63,0,65,,,,,
Bekasi,Bekasi Kayuringin,2026-05-06 09:00:00,-,59,28,,63,13,0,2,,,,,
Jakarta,The Pakubuwono Menteng,2026-05-06 22:24:17,110,110,44,83,,,,,55,31,,,
Depok,Cinere - Nafas,2026-05-06 22:24:44,156,156,61,123,,,,,61,29.2,,,
Bogor,Kabupaten Bogor Leuwiliang,2026-05-06 09:00:00,-,58,26,,4,9,0,80,,,,,
Tangerang,Tangerang Pasir Jaya,2026-05-06 09:00:00,-,63,32,,58,63,0,65,,,,,
Bekasi,Bekasi Kayuringin,2026-05-06 09:00:00,-,59,28,,63,13,0,2,,,,,
Jakarta,The Pakubuwono Menteng,2026-05-06 22:26:18,115,115,46,83,,,,,55,31,,,
Depok,Cinere - Nafas,2026-05-06 22:26:47,156,156,61,126,,,,,61,29.2,,,
Bogor,Kabupaten Bogor Leuwiliang,2026-05-06 09:00:00,-,58,26,,4,9,0,80,,,,,
Tangerang,Tangerang Pasir Jaya,2026-05-06 09:00:00,-,63,32,,58,63,0,65,,,,,
Bekasi,Bekasi Kayuringin,2026-05-06 09:00:00,-,59,28,,63,13,0,2,,,,,
Jakarta,The Pakubuwono Menteng,2026-05-06 22:27:18,122,122,48,85,,,,,55,31,,,
Depok,Cinere - Nafas,2026-05-06 22:26:47,156,156,61,126,,,,,61,29.2,,,
Bogor,Kabupaten Bogor Leuwiliang,2026-05-06 09:00:00,-,58,26,,4,9,0,80,,,,,
Tangerang,Tangerang Pasir Jaya,2026-05-06 09:00:00,-,63,32,,58,63,0,65,,,,,
Bekasi,Bekasi Kayuringin,2026-05-06 09:00:00,-,59,28,,63,13,0,2,,,,,
Jakarta,The Pakubuwono Menteng,2026-05-06 22:27:18,122,122,48,85,,,,,55,31,,,
Depok,Cinere - Nafas,2026-05-06 22:26:47,156,156,61,126,,,,,61,29.2,,,
Bogor,Kabupaten Bogor Leuwiliang,2026-05-06 09:00:00,-,58,26,,4,9,0,80,,,,,
Tangerang,Tangerang Pasir Jaya,2026-05-06 09:00:00,-,63,32,,58,63,0,65,,,,,
Bekasi,Bekasi Kayuringin,2026-05-06 09:00:00,-,59,28,,63,13,0,2,,,,,
Jakarta,The Pakubuwono Menteng,2026-05-06 22:28:28,111,111,43,83,,,,,55,31,,,
Depok,Cinere - Nafas,2026-05-06 22:26:47,156,156,61,126,,,,,61,29.2,,,
Bogor,Kabupaten Bogor Leuwiliang,2026-05-06 09:00:00,-,58,26,,4,9,0,80,,,,,
Tangerang,Tangerang Pasir Jaya,2026-05-06 09:00:00,-,63,32,,58,63,0,65,,,,,
Bekasi,Bekasi Kayuringin,2026-05-06 09:00:00,-,59,28,,63,13,0,2,,,,,
Jakarta,The Pakubuwono Menteng,2026-05-06 22:30:25,117,117,47,87,,,,,55,31,,,
Depok,Cinere - Nafas,2026-05-06 22:30:12,156,156,61,116,,,,,61,29.2,,,
Bogor,Kabupaten Bogor Leuwiliang,2026-05-06 09:00:00,-,58,26,,4,9,0,80,,,,,
Tangerang,Tangerang Pasir Jaya,2026-05-06 09:00:00,-,63,32,,58,63,0,65,,,,,
Bekasi,Bekasi Kayuringin,2026-05-06 09:00:00,-,59,28,,63,13,0,2,,,,,
Jakarta,The Pakubuwono Menteng,2026-05-06 22:31:18,126,126,51,89,,,,,56,31,,,
Depok,Cinere - Nafas,2026-05-06 22:31:13,155,155,59,115,,,,,61,29.3,,,
Bogor,Kabupaten Bogor Leuwiliang,2026-05-06 09:00:00,-,58,26,,4,9,0,80,,,,,
Tangerang,Tangerang Pasir Jaya,2026-05-06 09:00:00,-,63,32,,58,63,0,65,,,,,
Bekasi,Bekasi Kayuringin,2026-05-06 09:00:00,-,59,28,,63,13,0,2,,,,,
Jakarta,The Pakubuwono Menteng,2026-05-06 22:32:18,123,123,49,88,,,,,56,31,,,
Depok,Cinere - Nafas,2026-05-06 22:32:12,157,157,61,119,,,,,61,29.3,,,
Bogor,Kabupaten Bogor Leuwiliang,2026-05-06 09:00:00,-,58,26,,4,9,0,80,,,,,
Tangerang,Tangerang Pasir Jaya,2026-05-06 09:00:00,-,63,32,,58,63,0,65,,,,,
Bekasi,Bekasi Kayuringin,2026-05-06 09:00:00,-,59,28,,63,13,0,2,,,,,
Jakarta,The Pakubuwono Menteng,2026-05-06 22:33:18,126,126,51,93,,,,,56,31,,,
Depok,Cinere - Nafas,2026-05-06 22:33:12,158,158,61,119,,,,,61,29.3,,,
Bogor,Kabupaten Bogor Leuwiliang,2026-05-06 09:00:00,-,58,26,,4,9,0,80,,,,,
Tangerang,Tangerang Pasir Jaya,2026-05-06 09:00:00,-,63,32,,58,63,0,65,,,,,
Bekasi,Bekasi Kayuringin,2026-05-06 09:00:00,-,59,28,,63,13,0,2,,,,,
Jakarta,The Pakubuwono Menteng,2026-05-06 22:35:18,125,125,50,88,,,,,56,31,,,
Depok,Cinere - Nafas,2026-05-06 22:35:42,154,154,59,114,,,,,61,29.3,,,
Bogor,Kabupaten Bogor Leuwiliang,2026-05-06 09:00:00,-,58,26,,4,9,0,80,,,,,
Tangerang,Tangerang Pasir Jaya,2026-05-06 09:00:00,-,63,32,,58,63,0,65,,,,,
Bekasi,Bekasi Kayuringin,2026-05-06 09:00:00,-,59,28,,63,13,0,2,,,,,
Jakarta,The Pakubuwono Menteng,2026-05-06 22:36:18,119,119,47,86,,,,,56,31,,,
Depok,Cinere - Nafas,2026-05-06 22:35:42,154,154,59,114,,,,,61,29.3,,,
Bogor,Kabupaten Bogor Leuwiliang,2026-05-06 09:00:00,-,58,26,,4,9,0,80,,,,,
Tangerang,Tangerang Pasir Jaya,2026-05-06 09:00:00,-,63,32,,58,63,0,65,,,,,
Bekasi,Bekasi Kayuringin,2026-05-06 09:00:00,-,59,28,,63,13,0,2,,,,,
Jakarta,The Pakubuwono Menteng,2026-05-06 22:38:18,133,133,52,91,,,,,56,31,,,
Depok,Cinere - Nafas,2026-05-06 22:38:14,157,157,62,124,,,,,61,29.3,,,
Bogor,Kabupaten Bogor Leuwiliang,2026-05-06 09:00:00,-,58,26,,4,9,0,80,,,,,
Tangerang,Tangerang Pasir Jaya,2026-05-06 09:00:00,-,63,32,,58,63,0,65,,,,,
Bekasi,Bekasi Kayuringin,2026-05-06 09:00:00,-,59,28,,63,13,0,2,,,,,
Jakarta,The Pakubuwono Menteng,2026-05-06 22:39:18,133,133,53,94,,,,,56,31,,,
Depok,Cinere - Nafas,2026-05-06 22:39:11,156,156,60,119,,,,,61,29.3,,,
Bogor,Kabupaten Bogor Leuwiliang,2026-05-06 09:00:00,-,58,26,,4,9,0,80,,,,,
Tangerang,Tangerang Pasir Jaya,2026-05-06 09:00:00,-,63,32,,58,63,0,65,,,,,
Bekasi,Bekasi Kayuringin,2026-05-06 09:00:00,-,59,28,,63,13,0,2,,,,,
Jakarta,The Pakubuwono Menteng,2026-05-06 22:40:18,122,122,50,88,,,,,56,31,,,
Depok,Cinere - Nafas,2026-05-06 22:40:11,157,157,60,118,,,,,61,29.3,,,
Bogor,Kabupaten Bogor Leuwiliang,2026-05-06 09:00:00,-,58,26,,4,9,0,80,,,,,
Tangerang,Tangerang Pasir Jaya,2026-05-06 09:00:00,-,63,32,,58,63,0,65,,,,,
Bekasi,Bekasi Kayuringin,2026-05-06 09:00:00,-,59,28,,63,13,0,2,,,,,
Jakarta,The Pakubuwono Menteng,2026-05-06 22:41:18,127,127,51,91,,,,,56,31,,,
Depok,Cinere - Nafas,2026-05-06 22:41:12,157,157,60,119,,,,,61,29.3,,,
Bogor,Kabupaten Bogor Leuwiliang,2026-05-06 09:00:00,-,58,26,,4,9,0,80,,,,,
Tangerang,Tangerang Pasir Jaya,2026-05-06 09:00:00,-,63,32,,58,63,0,65,,,,,
Bekasi,Bekasi Kayuringin,2026-05-06 09:00:00,-,59,28,,63,13,0,2,,,,,
Jakarta,The Pakubuwono Menteng,2026-05-06 22:42:18,123,123,50,89,,,,,56,31,,,
Depok,Cinere - Nafas,2026-05-06 22:41:12,157,157,60,119,,,,,61,29.3,,,
Bogor,Kabupaten Bogor Leuwiliang,2026-05-06 09:00:00,-,58,26,,4,9,0,80,,,,,
Tangerang,Tangerang Pasir Jaya,2026-05-06 09:00:00,-,63,32,,58,63,0,65,,,,,
Bekasi,Bekasi Kayuringin,2026-05-06 09:00:00,-,59,28,,63,13,0,2,,,,,
Jakarta,The Pakubuwono Menteng,2026-05-06 22:42:18,123,123,50,89,,,,,56,31,,,
Depok,Cinere - Nafas,2026-05-06 22:41:12,157,157,60,119,,,,,61,29.3,,,
Bogor,Kabupaten Bogor Leuwiliang,2026-05-06 09:00:00,-,58,26,,4,9,0,80,,,,,
Tangerang,Tangerang Pasir Jaya,2026-05-06 09:00:00,-,63,32,,58,63,0,65,,,,,
Bekasi,Bekasi Kayuringin,2026-05-06 09:00:00,-,59,28,,63,13,0,2,,,,,
Jakarta,The Pakubuwono Menteng,2026-05-06 22:44:18,118,118,48,84,,,,,56,31,,,
Depok,Cinere - Nafas,2026-05-06 22:45:03,159,159,61,126,,,,,61,29.2,,,
Bogor,Kabupaten Bogor Leuwiliang,2026-05-06 09:00:00,-,58,26,,4,9,0,80,,,,,
Tangerang,Tangerang Pasir Jaya,2026-05-06 09:00:00,-,63,32,,58,63,0,65,,,,,
Bekasi,Bekasi Kayuringin,2026-05-06 09:00:00,-,59,28,,63,13,0,2,,,,,
Jakarta,The Pakubuwono Menteng,2026-05-06 22:46:18,124,124,50,87,,,,,56,31,,,
Depok,Cinere - Nafas,2026-05-06 22:47:03,164,164,68,140,,,,,61,29.2,,,
Bogor,Kabupaten Bogor Leuwiliang,2026-05-06 09:00:00,-,58,26,,4,9,0,80,,,,,
Tangerang,Tangerang Pasir Jaya,2026-05-06 09:00:00,-,63,32,,58,63,0,65,,,,,
Bekasi,Bekasi Kayuringin,2026-05-06 09:00:00,-,59,28,,63,13,0,2,,,,,
Jakarta,The Pakubuwono Menteng,2026-05-06 22:47:18,130,130,51,91,,,,,56,31,,,
Depok,Cinere - Nafas,2026-05-06 22:48:03,165,165,67,140,,,,,62,29.2,,,
Bogor,Kabupaten Bogor Leuwiliang,2026-05-06 09:00:00,-,58,26,,4,9,0,80,,,,,
Tangerang,Tangerang Pasir Jaya,2026-05-06 09:00:00,-,63,32,,58,63,0,65,,,,,
Bekasi,Bekasi Kayuringin,2026-05-06 09:00:00,-,59,28,,63,13,0,2,,,,,
Jakarta,The Pakubuwono Menteng,2026-05-06 22:48:18,122,122,48,89,,,,,56,31,,,
Depok,Cinere - Nafas,2026-05-06 22:49:03,165,165,68,147,,,,,61,29.3,,,
Bogor,Kabupaten Bogor Leuwiliang,2026-05-06 09:00:00,-,58,26,,4,9,0,80,,,,,
Tangerang,Tangerang Pasir Jaya,2026-05-06 09:00:00,-,63,32,,58,63,0,65,,,,,
Bekasi,Bekasi Kayuringin,2026-05-06 09:00:00,-,59,28,,63,13,0,2,,,,,
Jakarta,The Pakubuwono Menteng,2026-05-06 22:49:18,117,117,47,85,,,,,56,31,,,
Depok,Cinere - Nafas,2026-05-06 22:50:04,167,167,69,147,,,,,61,29.3,,,
Bogor,Kabupaten Bogor Leuwiliang,2026-05-06 09:00:00,-,58,26,,4,9,0,80,,,,,
Tangerang,Tangerang Pasir Jaya,2026-05-06 09:00:00,-,63,32,,58,63,0,65,,,,,
Bekasi,Bekasi Kayuringin,2026-05-06 09:00:00,-,59,28,,63,13,0,2,,,,,
Jakarta,The Pakubuwono Menteng,2026-05-06 22:50:18,114,114,45,83,,,,,56,31,,,
Depok,Cinere - Nafas,2026-05-06 22:51:03,166,166,69,147,,,,,61,29.3,,,
Bogor,Kabupaten Bogor Leuwiliang,2026-05-06 09:00:00,-,58,26,,4,9,0,80,,,,,
Tangerang,Tangerang Pasir Jaya,2026-05-06 09:00:00,-,63,32,,58,63,0,65,,,,,
Bekasi,Bekasi Kayuringin,2026-05-06 09:00:00,-,59,28,,63,13,0,2,,,,,
Jakarta,The Pakubuwono Menteng,2026-05-06 22:51:18,118,118,47,86,,,,,56,31,,,
Depok,Cinere - Nafas,2026-05-06 22:52:03,164,164,67,143,,,,,61,29.3,,,
Bogor,Kabupaten Bogor Leuwiliang,2026-05-06 09:00:00,-,58,26,,4,9,0,80,,,,,
Tangerang,Tangerang Pasir Jaya,2026-05-06 09:00:00,-,63,32,,58,63,0,65,,,,,
Bekasi,Bekasi Kayuringin,2026-05-06 09:00:00,-,59,28,,63,13,0,2,,,,,
Jakarta,The Pakubuwono Menteng,2026-05-06 22:52:18,123,123,50,89,,,,,56,31,,,
Depok,Cinere - Nafas,2026-05-06 22:53:03,166,166,70,146,,,,,61,29.3,,,
Bogor,Kabupaten Bogor Leuwiliang,2026-05-06 09:00:00,-,58,26,,4,9,0,80,,,,,
Tangerang,Tangerang Pasir Jaya,2026-05-06 09:00:00,-,63,32,,58,63,0,65,,,,,
Bekasi,Bekasi Kayuringin,2026-05-06 09:00:00,-,59,28,,63,13,0,2,,,,,
Jakarta,The Pakubuwono Menteng,2026-05-06 22:55:18,127,127,51,92,,,,,56,31,,,
Depok,Cinere - Nafas,2026-05-06 22:56:03,165,165,67,145,,,,,61,29.3,,,
Bogor,Kabupaten Bogor Leuwiliang,2026-05-06 09:00:00,-,58,26,,4,9,0,80,,,,,
Tangerang,Tangerang Pasir Jaya,2026-05-06 09:00:00,-,63,32,,58,63,0,65,,,,,
Bekasi,Bekasi Kayuringin,2026-05-06 09:00:00,-,59,28,,63,13,0,2,,,,,
Jakarta,The Pakubuwono Menteng,2026-05-06 22:56:18,130,130,52,94,,,,,56,30.9,,,
Depok,Cinere - Nafas,2026-05-06 22:57:03,163,163,66,141,,,,,61,29.2,,,
Bogor,Kabupaten Bogor Leuwiliang,2026-05-06 09:00:00,-,58,26,,4,9,0,80,,,,,
Tangerang,Tangerang Pasir Jaya,2026-05-06 09:00:00,-,63,32,,58,63,0,65,,,,,
Bekasi,Bekasi Kayuringin,2026-05-06 09:00:00,-,59,28,,63,13,0,2,,,,,
Jakarta,The Pakubuwono Menteng,2026-05-06 22:57:18,129,129,52,89,,,,,56,30.9,,,
Depok,Cinere - Nafas,2026-05-06 22:58:03,162,162,64,140,,,,,61,29.2,,,
Bogor,Kabupaten Bogor Leuwiliang,2026-05-06 09:00:00,-,58,26,,4,9,0,80,,,,,
Tangerang,Tangerang Pasir Jaya,2026-05-06 09:00:00,-,63,32,,58,63,0,65,,,,,
Bekasi,Bekasi Kayuringin,2026-05-06 09:00:00,-,59,28,,63,13,0,2,,,,,
Jakarta,The Pakubuwono Menteng,2026-05-06 22:58:18,136,136,54,94,,,,,56,30.9,,,
Depok,Cinere - Nafas,2026-05-06 22:59:03,162,162,65,137,,,,,62,29.2,,,
Bogor,Kabupaten Bogor Leuwiliang,2026-05-06 09:00:00,-,58,26,,4,9,0,80,,,,,
Tangerang,Tangerang Pasir Jaya,2026-05-06 09:00:00,-,63,32,,58,63,0,65,,,,,
Bekasi,Bekasi Kayuringin,2026-05-06 09:00:00,-,59,28,,63,13,0,2,,,,,
Jakarta,The Pakubuwono Menteng,2026-05-06 22:59:18,126,126,51,90,,,,,56,30.9,,,
Depok,Cinere - Nafas,2026-05-06 23:00:04,162,162,65,136,,,,,61,29.2,,,
Bogor,Kabupaten Bogor Leuwiliang,2026-05-06 09:00:00,-,58,26,,4,9,0,80,,,,,
Tangerang,Tangerang Pasir Jaya,2026-05-06 09:00:00,-,63,32,,58,63,0,65,,,,,
Bekasi,Bekasi Kayuringin,2026-05-06 09:00:00,-,59,28,,63,13,0,2,,,,,
Jakarta,The Pakubuwono Menteng,2026-05-06 23:00:18,122,122,50,89,,,,,56,30.9,,,
Depok,Cinere - Nafas,2026-05-06 23:00:04,162,162,65,136,,,,,61,29.2,,,
Bogor,Kabupaten Bogor Leuwiliang,2026-05-06 09:00:00,-,58,26,,4,9,0,80,,,,,
Tangerang,Tangerang Pasir Jaya,2026-05-06 09:00:00,-,63,32,,58,63,0,65,,,,,
Bekasi,Bekasi Kayuringin,2026-05-06 09:00:00,-,59,28,,63,13,0,2,,,,,
Jakarta,The Pakubuwono Menteng,2026-05-06 23:01:18,123,123,49,89,,,,,56,30.9,,,
Depok,Cinere - Nafas,2026-05-06 23:00:04,162,162,65,136,,,,,61,29.2,,,
Bogor,Kabupaten Bogor Leuwiliang,2026-05-06 09:00:00,-,58,26,,4,9,0,80,,,,,
Tangerang,Tangerang Pasir Jaya,2026-05-06 09:00:00,-,63,32,,58,63,0,65,,,,,
Bekasi,Bekasi Kayuringin,2026-05-06 09:00:00,-,59,28,,63,13,0,2,,,,,
Jakarta,The Pakubuwono Menteng,2026-05-06 23:02:18,121,121,50,90,,,,,56,30.9,,,
Depok,Cinere - Nafas,2026-05-06 23:03:30,163,163,66,140,,,,,62,28.9,,,
Bogor,Kabupaten Bogor Leuwiliang,2026-05-06 09:00:00,-,58,26,,4,9,0,80,,,,,
Tangerang,Tangerang Pasir Jaya,2026-05-06 09:00:00,-,63,32,,58,63,0,65,,,,,
Bekasi,Bekasi Kayuringin,2026-05-06 09:00:00,-,59,28,,63,13,0,2,,,,,
Jakarta,The Pakubuwono Menteng,2026-05-06 23:04:18,130,130,51,91,,,,,56,30.9,,,
Depok,Cinere - Nafas,2026-05-06 23:03:30,163,163,66,140,,,,,62,28.9,,,
Bogor,Kabupaten Bogor Leuwiliang,2026-05-06 09:00:00,-,58,26,,4,9,0,80,,,,,
Tangerang,Tangerang Pasir Jaya,2026-05-06 09:00:00,-,63,32,,58,63,0,65,,,,,
Bekasi,Bekasi Kayuringin,2026-05-06 09:00:00,-,59,28,,63,13,0,2,,,,,
Jakarta,The Pakubuwono Menteng,2026-05-06 23:05:18,130,130,52,94,,,,,56,30.9,,,
Depok,Cinere - Nafas,2026-05-06 23:05:57,161,161,63,132,,,,,62,29,,,
Bogor,Kabupaten Bogor Leuwiliang,2026-05-06 09:00:00,-,58,26,,4,9,0,80,,,,,
Tangerang,Tangerang Pasir Jaya,2026-05-06 09:00:00,-,63,32,,58,63,0,65,,,,,
Bekasi,Bekasi Kayuringin,2026-05-06 09:00:00,-,59,28,,63,13,0,2,,,,,
Jakarta,The Pakubuwono Menteng,2026-05-06 23:06:18,138,138,55,96,,,,,56,30.9,,,
Depok,Cinere - Nafas,2026-05-06 23:06:57,161,161,66,137,,,,,62,28.9,,,
Bogor,Kabupaten Bogor Leuwiliang,2026-05-06 09:00:00,-,58,26,,4,9,0,80,,,,,
Tangerang,Tangerang Pasir Jaya,2026-05-06 09:00:00,-,63,32,,58,63,0,65,,,,,
Bekasi,Bekasi Kayuringin,2026-05-06 09:00:00,-,59,28,,63,13,0,2,,,,,
Jakarta,The Pakubuwono Menteng,2026-05-06 23:07:18,135,135,53,94,,,,,57,30.9,,,
Depok,Cinere - Nafas,2026-05-06 23:07:57,161,161,65,135,,,,,62,28.9,,,
Bogor,Kabupaten Bogor Leuwiliang,2026-05-06 09:00:00,-,58,26,,4,9,0,80,,,,,
Tangerang,Tangerang Pasir Jaya,2026-05-06 09:00:00,-,63,32,,58,63,0,65,,,,,
Bekasi,Bekasi Kayuringin,2026-05-06 09:00:00,-,59,28,,63,13,0,2,,,,,
Jakarta,The Pakubuwono Menteng,2026-05-06 23:08:18,136,136,53,95,,,,,56,30.9,,,
Depok,Cinere - Nafas,2026-05-06 23:08:57,163,163,65,133,,,,,62,28.9,,,
Bogor,Kabupaten Bogor Leuwiliang,2026-05-06 09:00:00,-,58,26,,4,9,0,80,,,,,
Tangerang,Tangerang Pasir Jaya,2026-05-06 09:00:00,-,63,32,,58,63,0,65,,,,,
Bekasi,Bekasi Kayuringin,2026-05-06 09:00:00,-,59,28,,63,13,0,2,,,,,
Jakarta,The Pakubuwono Menteng,2026-05-06 23:09:19,127,127,51,93,,,,,57,30.9,,,
Depok,Cinere - Nafas,2026-05-06 23:09:57,161,161,65,133,,,,,62,28.9,,,
Bogor,Kabupaten Bogor Leuwiliang,2026-05-06 09:00:00,-,58,26,,4,9,0,80,,,,,
Tangerang,Tangerang Pasir Jaya,2026-05-06 09:00:00,-,63,32,,58,63,0,65,,,,,
Bekasi,Bekasi Kayuringin,2026-05-06 09:00:00,-,59,28,,63,13,0,2,,,,,
Jakarta,The Pakubuwono Menteng,2026-05-06 23:12:19,133,133,53,94,,,,,57,30.9,,,
Depok,Cinere - Nafas,2026-05-06 23:12:19,160,160,62,131,,,,,63,28.8,,,
Bogor,Kabupaten Bogor Leuwiliang,2026-05-06 09:00:00,-,58,26,,4,9,0,80,,,,,
Tangerang,Tangerang Pasir Jaya,2026-05-06 09:00:00,-,63,32,,58,63,0,65,,,,,
Bekasi,Bekasi Kayuringin,2026-05-06 09:00:00,-,59,28,,63,13,0,2,,,,,
Jakarta,The Pakubuwono Menteng,2026-05-06 23:13:19,135,135,52,93,,,,,57,30.8,,,
Depok,Cinere - Nafas,2026-05-06 23:13:19,162,162,64,138,,,,,63,28.8,,,
Bogor,Kabupaten Bogor Leuwiliang,2026-05-06 09:00:00,-,58,26,,4,9,0,80,,,,,
Tangerang,Tangerang Pasir Jaya,2026-05-06 09:00:00,-,63,32,,58,63,0,65,,,,,
Bekasi,Bekasi Kayuringin,2026-05-06 09:00:00,-,59,28,,63,13,0,2,,,,,
Jakarta,The Pakubuwono Menteng,2026-05-06 23:14:19,120,120,48,86,,,,,56,30.8,,,
Depok,Cinere - Nafas,2026-05-06 23:14:19,161,161,65,132,,,,,63,28.8,,,
Bogor,Kabupaten Bogor Leuwiliang,2026-05-06 09:00:00,-,58,26,,4,9,0,80,,,,,
Tangerang,Tangerang Pasir Jaya,2026-05-06 09:00:00,-,63,32,,58,63,0,65,,,,,
Bekasi,Bekasi Kayuringin,2026-05-06 09:00:00,-,59,28,,63,13,0,2,,,,,
Jakarta,The Pakubuwono Menteng,2026-05-06 23:15:18,131,131,53,94,,,,,57,30.8,,,
Depok,Cinere - Nafas,2026-05-06 23:15:19,159,159,62,129,,,,,62,28.8,,,
Bogor,Kabupaten Bogor Leuwiliang,2026-05-06 09:00:00,-,58,26,,4,9,0,80,,,,,
Tangerang,Tangerang Pasir Jaya,2026-05-06 09:00:00,-,63,32,,58,63,0,65,,,,,
Bekasi,Bekasi Kayuringin,2026-05-06 09:00:00,-,59,28,,63,13,0,2,,,,,
Jakarta,The Pakubuwono Menteng,2026-05-06 23:17:19,130,130,52,89,,,,,57,30.8,,,
Depok,Cinere - Nafas,2026-05-06 23:16:19,158,158,62,128,,,,,63,28.8,,,
Bogor,Kabupaten Bogor Leuwiliang,2026-05-06 09:00:00,-,58,26,,4,9,0,80,,,,,
Tangerang,Tangerang Pasir Jaya,2026-05-06 09:00:00,-,63,32,,58,63,0,65,,,,,
Bekasi,Bekasi Kayuringin,2026-05-06 09:00:00,-,59,28,,63,13,0,2,,,,,
Jakarta,The Pakubuwono Menteng,2026-05-06 23:18:19,124,124,49,89,,,,,56,30.8,,,
Depok,Cinere - Nafas,2026-05-06 23:17:20,159,159,62,129,,,,,63,28.8,,,
Bogor,Kabupaten Bogor Leuwiliang,2026-05-06 09:00:00,-,58,26,,4,9,0,80,,,,,
Tangerang,Tangerang Pasir Jaya,2026-05-06 09:00:00,-,63,32,,58,63,0,65,,,,,
Bekasi,Bekasi Kayuringin,2026-05-06 09:00:00,-,59,28,,63,13,0,2,,,,,
Jakarta,The Pakubuwono Menteng,2026-05-06 23:19:19,123,123,48,88,,,,,56,30.8,,,
Depok,Cinere - Nafas,2026-05-06 23:19:19,156,156,60,120,,,,,63,28.8,,,
Bogor,Kabupaten Bogor Leuwiliang,2026-05-06 09:00:00,-,58,26,,4,9,0,80,,,,,
Tangerang,Tangerang Pasir Jaya,2026-05-06 09:00:00,-,63,32,,58,63,0,65,,,,,
Bekasi,Bekasi Kayuringin,2026-05-06 09:00:00,-,59,28,,63,13,0,2,,,,,
Jakarta,The Pakubuwono Menteng,2026-05-06 23:20:19,122,122,49,89,,,,,56,30.8,,,
Depok,Cinere - Nafas,2026-05-06 23:21:19,158,158,61,128,,,,,63,28.8,,,
Bogor,Kabupaten Bogor Leuwiliang,2026-05-06 09:00:00,-,58,26,,4,9,0,80,,,,,
Tangerang,Tangerang Pasir Jaya,2026-05-06 09:00:00,-,63,32,,58,63,0,65,,,,,
Bekasi,Bekasi Kayuringin,2026-05-06 09:00:00,-,59,28,,63,13,0,2,,,,,
Jakarta,The Pakubuwono Menteng,2026-05-06 23:22:19,132,132,52,94,,,,,56,30.8,,,
Depok,Cinere - Nafas,2026-05-06 23:22:19,157,157,61,123,,,,,63,28.8,,,
Bogor,Kabupaten Bogor Leuwiliang,2026-05-06 09:00:00,-,58,26,,4,9,0,80,,,,,
Tangerang,Tangerang Pasir Jaya,2026-05-06 09:00:00,-,63,32,,58,63,0,65,,,,,
Bekasi,Bekasi Kayuringin,2026-05-06 09:00:00,-,59,28,,63,13,0,2,,,,,
Jakarta,The Pakubuwono Menteng,2026-05-06 23:23:19,134,134,53,95,,,,,57,30.8,,,
Depok,Cinere - Nafas,2026-05-06 23:23:19,158,158,62,128,,,,,63,28.8,,,
Bogor,Kabupaten Bogor Leuwiliang,2026-05-06 09:00:00,-,58,26,,4,9,0,80,,,,,
Tangerang,Tangerang Pasir Jaya,2026-05-06 09:00:00,-,63,32,,58,63,0,65,,,,,
Bekasi,Bekasi Kayuringin,2026-05-06 09:00:00,-,59,28,,63,13,0,2,,,,,
Jakarta,The Pakubuwono Menteng,2026-05-06 23:24:19,136,136,53,96,,,,,57,30.8,,,
Depok,Cinere - Nafas,2026-05-06 23:24:19,164,164,67,141,,,,,63,28.8,,,
Bogor,Kabupaten Bogor Leuwiliang,2026-05-06 09:00:00,-,58,26,,4,9,0,80,,,,,
Tangerang,Tangerang Pasir Jaya,2026-05-06 09:00:00,-,63,32,,58,63,0,65,,,,,
Bekasi,Bekasi Kayuringin,2026-05-06 09:00:00,-,59,28,,63,13,0,2,,,,,
Jakarta,The Pakubuwono Menteng,2026-05-06 23:25:19,131,131,52,94,,,,,57,30.8,,,
Depok,Cinere - Nafas,2026-05-06 23:25:19,161,161,63,135,,,,,63,28.8,,,
Bogor,Kabupaten Bogor Leuwiliang,2026-05-06 09:00:00,-,58,26,,4,9,0,80,,,,,
Tangerang,Tangerang Pasir Jaya,2026-05-06 09:00:00,-,63,32,,58,63,0,65,,,,,
Bekasi,Bekasi Kayuringin,2026-05-06 09:00:00,-,59,28,,63,13,0,2,,,,,
Jakarta,The Pakubuwono Menteng,2026-05-06 23:26:19,136,136,53,96,,,,,57,30.8,,,
Depok,Cinere - Nafas,2026-05-06 23:26:19,160,160,65,131,,,,,63,28.8,,,
Bogor,Kabupaten Bogor Leuwiliang,2026-05-06 09:00:00,-,58,26,,4,9,0,80,,,,,
Tangerang,Tangerang Pasir Jaya,2026-05-06 09:00:00,-,63,32,,58,63,0,65,,,,,
Bekasi,Bekasi Kayuringin,2026-05-06 09:00:00,-,59,28,,63,13,0,2,,,,,
Jakarta,The Pakubuwono Menteng,2026-05-06 23:27:19,132,132,53,94,,,,,57,30.8,,,
Depok,Cinere - Nafas,2026-05-06 23:27:19,162,162,64,136,,,,,63,28.8,,,
Bogor,Kabupaten Bogor Leuwiliang,2026-05-06 09:00:00,-,58,26,,4,9,0,80,,,,,
Tangerang,Tangerang Pasir Jaya,2026-05-06 09:00:00,-,63,32,,58,63,0,65,,,,,
Bekasi,Bekasi Kayuringin,2026-05-06 09:00:00,-,59,28,,63,13,0,2,,,,,
Jakarta,The Pakubuwono Menteng,2026-05-06 23:28:19,125,125,50,90,,,,,57,30.8,,,
Depok,Cinere - Nafas,2026-05-06 23:28:19,160,160,64,135,,,,,63,28.8,,,
Bogor,Kabupaten Bogor Leuwiliang,2026-05-06 09:00:00,-,58,26,,4,9,0,80,,,,,
Tangerang,Tangerang Pasir Jaya,2026-05-06 09:00:00,-,63,32,,58,63,0,65,,,,,
Bekasi,Bekasi Kayuringin,2026-05-06 09:00:00,-,59,28,,63,13,0,2,,,,,
Jakarta,The Pakubuwono Menteng,2026-05-06 23:30:19,127,127,52,94,,,,,57,30.8,,,
Depok,Cinere - Nafas,2026-05-06 23:31:19,169,169,72,152,,,,,63,28.8,,,
Bogor,Kabupaten Bogor Leuwiliang,2026-05-06 09:00:00,-,58,26,,4,9,0,80,,,,,
Tangerang,Tangerang Pasir Jaya,2026-05-06 09:00:00,-,63,32,,58,63,0,65,,,,,
Bekasi,Bekasi Kayuringin,2026-05-06 09:00:00,-,59,28,,63,13,0,2,,,,,
Jakarta,The Pakubuwono Menteng,2026-05-06 23:32:19,128,128,51,89,,,,,57,30.8,,,
Depok,Cinere - Nafas,2026-05-06 23:32:19,170,170,73,152,,,,,63,28.8,,,
Bogor,Kabupaten Bogor Leuwiliang,2026-05-06 09:00:00,-,58,26,,4,9,0,80,,,,,
Tangerang,Tangerang Pasir Jaya,2026-05-06 09:00:00,-,63,32,,58,63,0,65,,,,,
Bekasi,Bekasi Kayuringin,2026-05-06 09:00:00,-,59,28,,63,13,0,2,,,,,
Jakarta,The Pakubuwono Menteng,2026-05-06 23:33:19,130,130,53,93,,,,,57,30.8,,,
Depok,Cinere - Nafas,2026-05-06 23:33:19,171,171,74,153,,,,,63,28.7,,,
Bogor,Kabupaten Bogor Leuwiliang,2026-05-06 09:00:00,-,58,26,,4,9,0,80,,,,,
Tangerang,Tangerang Pasir Jaya,2026-05-06 09:00:00,-,63,32,,58,63,0,65,,,,,
Bekasi,Bekasi Kayuringin,2026-05-06 09:00:00,-,59,28,,63,13,0,2,,,,,
Jakarta,The Pakubuwono Menteng,2026-05-06 23:34:19,137,137,53,96,,,,,57,30.8,,,
Depok,Cinere - Nafas,2026-05-06 23:34:19,171,171,73,153,,,,,63,28.7,,,
Bogor,Kabupaten Bogor Leuwiliang,2026-05-06 09:00:00,-,58,26,,4,9,0,80,,,,,
Tangerang,Tangerang Pasir Jaya,2026-05-06 09:00:00,-,63,32,,58,63,0,65,,,,,
Bekasi,Bekasi Kayuringin,2026-05-06 09:00:00,-,59,28,,63,13,0,2,,,,,
Jakarta,The Pakubuwono Menteng,2026-05-06 23:35:19,139,139,54,97,,,,,57,30.8,,,
Depok,Cinere - Nafas,2026-05-06 23:34:19,171,171,73,153,,,,,63,28.7,,,
Bogor,Kabupaten Bogor Leuwiliang,2026-05-06 09:00:00,-,58,26,,4,9,0,80,,,,,
Tangerang,Tangerang Pasir Jaya,2026-05-06 09:00:00,-,63,32,,58,63,0,65,,,,,
Bekasi,Bekasi Kayuringin,2026-05-06 09:00:00,-,59,28,,63,13,0,2,,,,,
Jakarta,The Pakubuwono Menteng,2026-05-06 23:36:19,132,132,53,94,,,,,57,30.8,,,
Depok,Cinere - Nafas,2026-05-06 23:35:43,173,173,78,154,,,,,63,28.7,,,
Bogor,Kabupaten Bogor Leuwiliang,2026-05-06 09:00:00,-,58,26,,4,9,0,80,,,,,
Tangerang,Tangerang Pasir Jaya,2026-05-06 09:00:00,-,63,32,,58,63,0,65,,,,,
Bekasi,Bekasi Kayuringin,2026-05-06 09:00:00,-,59,28,,63,13,0,2,,,,,
Jakarta,The Pakubuwono Menteng,2026-05-06 23:37:19,120,120,50,89,,,,,57,30.8,,,
Depok,Cinere - Nafas,2026-05-06 23:36:43,171,171,75,152,,,,,63,28.7,,,
Bogor,Kabupaten Bogor Leuwiliang,2026-05-06 09:00:00,-,58,26,,4,9,0,80,,,,,
Tangerang,Tangerang Pasir Jaya,2026-05-06 09:00:00,-,63,32,,58,63,0,65,,,,,
Bekasi,Bekasi Kayuringin,2026-05-06 09:00:00,-,59,28,,63,13,0,2,,,,,
Jakarta,The Pakubuwono Menteng,2026-05-06 23:38:19,130,130,52,94,,,,,57,30.8,,,
Depok,Cinere - Nafas,2026-05-06 23:37:43,164,164,66,146,,,,,63,28.7,,,
Bogor,Kabupaten Bogor Leuwiliang,2026-05-06 09:00:00,-,58,26,,4,9,0,80,,,,,
Tangerang,Tangerang Pasir Jaya,2026-05-06 09:00:00,-,63,32,,58,63,0,65,,,,,
Bekasi,Bekasi Kayuringin,2026-05-06 09:00:00,-,59,28,,63,13,0,2,,,,,
Jakarta,The Pakubuwono Menteng,2026-05-06 23:39:19,126,126,51,88,,,,,57,30.8,,,
Depok,Cinere - Nafas,2026-05-06 23:39:43,162,162,65,137,,,,,63,28.7,,,
Bogor,Kabupaten Bogor Leuwiliang,2026-05-06 09:00:00,-,58,26,,4,9,0,80,,,,,
Tangerang,Tangerang Pasir Jaya,2026-05-06 09:00:00,-,63,32,,58,63,0,65,,,,,
Bekasi,Bekasi Kayuringin,2026-05-06 09:00:00,-,59,28,,63,13,0,2,,,,,
Jakarta,The Pakubuwono Menteng,2026-05-06 23:41:19,120,120,48,86,,,,,57,30.8,,,
Depok,Cinere - Nafas,2026-05-06 23:40:43,162,162,65,137,,,,,63,28.6,,,
Bogor,Kabupaten Bogor Leuwiliang,2026-05-06 09:00:00,-,58,26,,4,9,0,80,,,,,
Tangerang,Tangerang Pasir Jaya,2026-05-06 09:00:00,-,63,32,,58,63,0,65,,,,,
Bekasi,Bekasi Kayuringin,2026-05-06 09:00:00,-,59,28,,63,13,0,2,,,,,
Jakarta,The Pakubuwono Menteng,2026-05-06 23:42:19,126,126,50,90,,,,,57,30.8,,,
Depok,Cinere - Nafas,2026-05-06 23:41:43,165,165,67,151,,,,,63,28.6,,,
Bogor,Kabupaten Bogor Leuwiliang,2026-05-06 09:00:00,-,58,26,,4,9,0,80,,,,,
Tangerang,Tangerang Pasir Jaya,2026-05-06 09:00:00,-,63,32,,58,63,0,65,,,,,
Bekasi,Bekasi Kayuringin,2026-05-06 09:00:00,-,59,28,,63,13,0,2,,,,,
Jakarta,The Pakubuwono Menteng,2026-05-06 23:43:19,126,126,50,90,,,,,57,30.8,,,
Depok,Cinere - Nafas,2026-05-06 23:42:43,166,166,69,152,,,,,63,28.6,,,
Bogor,Kabupaten Bogor Leuwiliang,2026-05-06 09:00:00,-,58,26,,4,9,0,80,,,,,
Tangerang,Tangerang Pasir Jaya,2026-05-06 09:00:00,-,63,32,,58,63,0,65,,,,,
Bekasi,Bekasi Kayuringin,2026-05-06 09:00:00,-,59,28,,63,13,0,2,,,,,
Jakarta,The Pakubuwono Menteng,2026-05-06 23:44:19,126,126,51,92,,,,,57,30.8,,,
Depok,Cinere - Nafas,2026-05-06 23:43:43,166,166,69,150,,,,,63,28.6,,,
Bogor,Kabupaten Bogor Leuwiliang,2026-05-06 09:00:00,-,58,26,,4,9,0,80,,,,,
Tangerang,Tangerang Pasir Jaya,2026-05-06 09:00:00,-,63,32,,58,63,0,65,,,,,
Bekasi,Bekasi Kayuringin,2026-05-06 09:00:00,-,59,28,,63,13,0,2,,,,,
Jakarta,The Pakubuwono Menteng,2026-05-06 23:46:19,130,130,51,94,,,,,57,30.8,,,
Depok,Cinere - Nafas,2026-05-06 23:45:44,164,164,66,143,,,,,63,28.6,,,
Bogor,Kabupaten Bogor Leuwiliang,2026-05-06 09:00:00,-,58,26,,4,9,0,80,,,,,
Tangerang,Tangerang Pasir Jaya,2026-05-06 09:00:00,-,63,32,,58,63,0,65,,,,,
Bekasi,Bekasi Kayuringin,2026-05-06 09:00:00,-,59,28,,63,13,0,2,,,,,
Jakarta,The Pakubuwono Menteng,2026-05-06 23:47:19,120,120,47,87,,,,,57,30.8,,,
Depok,Cinere - Nafas,2026-05-06 23:46:43,164,164,66,147,,,,,63,28.5,,,
Bogor,Kabupaten Bogor Leuwiliang,2026-05-06 09:00:00,-,58,26,,4,9,0,80,,,,,
Tangerang,Tangerang Pasir Jaya,2026-05-06 09:00:00,-,63,32,,58,63,0,65,,,,,
Bekasi,Bekasi Kayuringin,2026-05-06 09:00:00,-,59,28,,63,13,0,2,,,,,
Jakarta,The Pakubuwono Menteng,2026-05-06 23:48:19,124,124,50,89,,,,,57,30.8,,,
Depok,Cinere - Nafas,2026-05-06 23:47:44,162,162,65,137,,,,,63,28.5,,,
Bogor,Kabupaten Bogor Leuwiliang,2026-05-06 09:00:00,-,58,26,,4,9,0,80,,,,,
Tangerang,Tangerang Pasir Jaya,2026-05-06 09:00:00,-,63,32,,58,63,0,65,,,,,
Bekasi,Bekasi Kayuringin,2026-05-06 09:00:00,-,59,28,,63,13,0,2,,,,,
Jakarta,The Pakubuwono Menteng,2026-05-06 23:50:19,130,130,51,91,,,,,57,30.8,,,
Depok,Cinere - Nafas,2026-05-06 23:49:44,162,162,65,139,,,,,63,28.6,,,
Bogor,Kabupaten Bogor Leuwiliang,2026-05-06 09:00:00,-,58,26,,4,9,0,80,,,,,
Tangerang,Tangerang Pasir Jaya,2026-05-06 09:00:00,-,63,32,,58,63,0,65,,,,,
Bekasi,Bekasi Kayuringin,2026-05-06 09:00:00,-,59,28,,63,13,0,2,,,,,
Jakarta,The Pakubuwono Menteng,2026-05-06 23:51:19,134,134,53,94,,,,,57,30.8,,,
Depok,Cinere - Nafas,2026-05-06 23:50:43,165,165,68,143,,,,,63,28.5,,,
Bogor,Kabupaten Bogor Leuwiliang,2026-05-06 09:00:00,-,58,26,,4,9,0,80,,,,,
Tangerang,Tangerang Pasir Jaya,2026-05-06 09:00:00,-,63,32,,58,63,0,65,,,,,
Bekasi,Bekasi Kayuringin,2026-05-06 09:00:00,-,59,28,,63,13,0,2,,,,,
Jakarta,The Pakubuwono Menteng,2026-05-06 23:52:19,130,130,52,93,,,,,57,30.8,,,
Depok,Cinere - Nafas,2026-05-06 23:51:43,165,165,68,150,,,,,63,28.6,,,
Bogor,Kabupaten Bogor Leuwiliang,2026-05-06 09:00:00,-,58,26,,4,9,0,80,,,,,
Tangerang,Tangerang Pasir Jaya,2026-05-06 09:00:00,-,63,32,,58,63,0,65,,,,,
Bekasi,Bekasi Kayuringin,2026-05-06 09:00:00,-,59,28,,63,13,0,2,,,,,
Jakarta,The Pakubuwono Menteng,2026-05-06 23:53:19,127,127,51,91,,,,,57,30.8,,,
Depok,Cinere - Nafas,2026-05-06 23:52:43,166,166,68,148,,,,,63,28.6,,,
Bogor,Kabupaten Bogor Leuwiliang,2026-05-06 09:00:00,-,58,26,,4,9,0,80,,,,,
Tangerang,Tangerang Pasir Jaya,2026-05-06 09:00:00,-,63,32,,58,63,0,65,,,,,
Bekasi,Bekasi Kayuringin,2026-05-06 09:00:00,-,59,28,,63,13,0,2,,,,,
Jakarta,The Pakubuwono Menteng,2026-05-06 23:54:19,131,131,52,93,,,,,57,30.8,,,
Depok,Cinere - Nafas,2026-05-06 23:53:46,169,169,72,152,,,,,64,28.6,,,
Bogor,Kabupaten Bogor Leuwiliang,2026-05-06 09:00:00,-,58,26,,4,9,0,80,,,,,
Tangerang,Tangerang Pasir Jaya,2026-05-06 09:00:00,-,63,32,,58,63,0,65,,,,,
Bekasi,Bekasi Kayuringin,2026-05-06 09:00:00,-,59,28,,63,13,0,2,,,,,
Jakarta,The Pakubuwono Menteng,2026-05-06 23:55:22,123,123,49,90,,,,,57,30.8,,,
Depok,Cinere - Nafas,2026-05-06 23:54:43,170,170,73,152,,,,,63,28.6,,,
Bogor,Kabupaten Bogor Leuwiliang,2026-05-06 09:00:00,-,58,26,,4,9,0,80,,,,,
Tangerang,Tangerang Pasir Jaya,2026-05-06 09:00:00,-,63,32,,58,63,0,65,,,,,
Bekasi,Bekasi Kayuringin,2026-05-06 09:00:00,-,59,28,,63,13,0,2,,,,,
Jakarta,The Pakubuwono Menteng,2026-05-06 23:56:20,120,120,49,89,,,,,57,30.8,,,
Depok,Cinere - Nafas,2026-05-06 23:55:43,173,173,75,155,,,,,63,28.6,,,
Bogor,Kabupaten Bogor Leuwiliang,2026-05-06 09:00:00,-,58,26,,4,9,0,80,,,,,
Tangerang,Tangerang Pasir Jaya,2026-05-06 09:00:00,-,63,32,,58,63,0,65,,,,,
Bekasi,Bekasi Kayuringin,2026-05-06 09:00:00,-,59,28,,63,13,0,2,,,,,
