city,station_name,time,aqi,pm25,pm10,pm1,no2,so2,co,o3,humidity,temperature,pressure,wind,rain
Jakarta,The Pakubuwono Menteng,2026-04-28 23:57:12,151,151,57,108,,,,,57,30.3,,,
Depok,Cinere - Nafas,2026-04-28 23:57:34,183,183,84,160,,,,,0,0,,,
Bogor,Kabupaten Bogor Leuwiliang,2026-04-28 23:00:00,82,82,45,,4,9,0,80,,,,,
Tangerang,Tangerang Pasir Jaya,2026-04-28 23:00:00,80,80,40,,58,63,0,65,,,,,
Bekasi,Bekasi Kayuringin,2026-04-28 23:00:00,54,54,30,,69,15,0,19,,,,,
Jakarta,The Pakubuwono Menteng,2026-04-28 23:59:12,151,151,57,109,,,,,57,30.3,,,
Depok,Cinere - Nafas,2026-04-29 00:00:34,183,183,86,160,,,,,0,0,,,
Bogor,Kabupaten Bogor Leuwiliang,2026-04-28 23:00:00,82,82,45,,4,9,0,80,,,,,
Tangerang,Tangerang Pasir Jaya,2026-04-28 23:00:00,80,80,40,,58,63,0,65,,,,,
Bekasi,Bekasi Kayuringin,2026-04-28 23:00:00,54,54,30,,69,15,0,19,,,,,
Jakarta,The Pakubuwono Menteng,2026-04-29 00:01:12,143,143,56,103,,,,,57,30.2,,,
Depok,Cinere - Nafas,2026-04-29 00:01:34,183,183,87,161,,,,,0,0,,,
Bogor,Kabupaten Bogor Leuwiliang,2026-04-28 23:00:00,82,82,45,,4,9,0,80,,,,,
Tangerang,Tangerang Pasir Jaya,2026-04-28 23:00:00,80,80,40,,58,63,0,65,,,,,
Bekasi,Bekasi Kayuringin,2026-04-28 23:00:00,54,54,30,,69,15,0,19,,,,,
Jakarta,The Pakubuwono Menteng,2026-04-29 00:02:13,147,147,56,101,,,,,57,30.2,,,
Depok,Cinere - Nafas,2026-04-29 00:02:34,184,184,87,161,,,,,0,0,,,
Bogor,Kabupaten Bogor Leuwiliang,2026-04-28 23:00:00,82,82,45,,4,9,0,80,,,,,
Tangerang,Tangerang Pasir Jaya,2026-04-28 23:00:00,80,80,40,,58,63,0,65,,,,,
Bekasi,Bekasi Kayuringin,2026-04-28 23:00:00,54,54,30,,69,15,0,19,,,,,
Jakarta,The Pakubuwono Menteng,2026-04-29 00:02:13,147,147,56,101,,,,,57,30.2,,,
Depok,Cinere - Nafas,2026-04-29 00:02:34,184,184,87,161,,,,,0,0,,,
Bogor,Kabupaten Bogor Leuwiliang,2026-04-28 23:00:00,82,82,45,,4,9,0,80,,,,,
Tangerang,Tangerang Pasir Jaya,2026-04-28 23:00:00,80,80,40,,58,63,0,65,,,,,
Bekasi,Bekasi Kayuringin,2026-04-28 23:00:00,54,54,30,,69,15,0,19,,,,,
Jakarta,The Pakubuwono Menteng,2026-04-29 00:03:13,151,151,57,111,,,,,57,30.2,,,
Depok,Cinere - Nafas,2026-04-29 00:03:34,182,182,86,159,,,,,0,0,,,
Bogor,Kabupaten Bogor Leuwiliang,2026-04-28 23:00:00,82,82,45,,4,9,0,80,,,,,
Tangerang,Tangerang Pasir Jaya,2026-04-28 23:00:00,80,80,40,,58,63,0,65,,,,,
Bekasi,Bekasi Kayuringin,2026-04-28 23:00:00,54,54,30,,69,15,0,19,,,,,
Jakarta,The Pakubuwono Menteng,2026-04-29 00:04:12,152,152,58,111,,,,,57,30.2,,,
Depok,Cinere - Nafas,2026-04-29 00:04:34,184,184,87,162,,,,,0,0,,,
Bogor,Kabupaten Bogor Leuwiliang,2026-04-28 23:00:00,82,82,45,,4,9,0,80,,,,,
Tangerang,Tangerang Pasir Jaya,2026-04-28 23:00:00,80,80,40,,58,63,0,65,,,,,
Bekasi,Bekasi Kayuringin,2026-04-28 23:00:00,54,54,30,,69,15,0,19,,,,,
Jakarta,The Pakubuwono Menteng,2026-04-29 00:06:12,151,151,58,111,,,,,57,30.2,,,
Depok,Cinere - Nafas,2026-04-29 00:06:35,183,183,88,161,,,,,0,0,,,
Bogor,Kabupaten Bogor Leuwiliang,2026-04-28 23:00:00,82,82,45,,4,9,0,80,,,,,
Tangerang,Tangerang Pasir Jaya,2026-04-28 23:00:00,80,80,40,,58,63,0,65,,,,,
Bekasi,Bekasi Kayuringin,2026-04-28 23:00:00,54,54,30,,69,15,0,19,,,,,
Jakarta,The Pakubuwono Menteng,2026-04-29 00:07:12,151,151,57,110,,,,,57,30.2,,,
Depok,Cinere - Nafas,2026-04-29 00:07:34,183,183,86,160,,,,,0,0,,,
Bogor,Kabupaten Bogor Leuwiliang,2026-04-28 23:00:00,82,82,45,,4,9,0,80,,,,,
Tangerang,Tangerang Pasir Jaya,2026-04-28 23:00:00,80,80,40,,58,63,0,65,,,,,
Bekasi,Bekasi Kayuringin,2026-04-29 00:00:00,60,60,31,,67,15,0,18,,,,,
Jakarta,The Pakubuwono Menteng,2026-04-29 00:09:12,152,152,58,113,,,,,57,30.1,,,
Depok,Cinere - Nafas,2026-04-29 00:09:34,180,180,84,157,,,,,0,0,,,
Bogor,Kabupaten Bogor Leuwiliang,2026-04-29 00:00:00,82,82,44,,4,9,0,80,,,,,
Tangerang,Tangerang Pasir Jaya,2026-04-29 00:00:00,71,71,37,,58,63,0,65,,,,,
Bekasi,Bekasi Kayuringin,2026-04-29 00:00:00,60,60,31,,67,15,0,18,,,,,
Jakarta,The Pakubuwono Menteng,2026-04-29 00:10:13,153,153,58,115,,,,,57,30.1,,,
Depok,Cinere - Nafas,2026-04-29 00:10:34,179,179,82,157,,,,,0,0,,,
Bogor,Kabupaten Bogor Leuwiliang,2026-04-29 00:00:00,82,82,44,,4,9,0,80,,,,,
Tangerang,Tangerang Pasir Jaya,2026-04-29 00:00:00,71,71,37,,58,63,0,65,,,,,
Bekasi,Bekasi Kayuringin,2026-04-29 00:00:00,60,60,31,,67,15,0,18,,,,,
Jakarta,The Pakubuwono Menteng,2026-04-29 00:11:12,151,151,57,108,,,,,57,30.1,,,
Depok,Cinere - Nafas,2026-04-29 00:11:34,179,179,83,159,,,,,0,0,,,
Bogor,Kabupaten Bogor Leuwiliang,2026-04-29 00:00:00,82,82,44,,4,9,0,80,,,,,
Tangerang,Tangerang Pasir Jaya,2026-04-29 00:00:00,71,71,37,,58,63,0,65,,,,,
Bekasi,Bekasi Kayuringin,2026-04-29 00:00:00,60,60,31,,67,15,0,18,,,,,
Jakarta,The Pakubuwono Menteng,2026-04-29 00:12:13,151,151,57,108,,,,,57,30.1,,,
Depok,Cinere - Nafas,2026-04-29 00:12:34,178,178,82,157,,,,,0,0,,,
Bogor,Kabupaten Bogor Leuwiliang,2026-04-29 00:00:00,82,82,44,,4,9,0,80,,,,,
Tangerang,Tangerang Pasir Jaya,2026-04-29 00:00:00,71,71,37,,58,63,0,65,,,,,
Bekasi,Bekasi Kayuringin,2026-04-29 00:00:00,60,60,31,,67,15,0,18,,,,,
Jakarta,The Pakubuwono Menteng,2026-04-29 00:13:13,151,151,56,109,,,,,57,30.1,,,
Depok,Cinere - Nafas,2026-04-29 00:13:34,178,178,81,157,,,,,0,0,,,
Bogor,Kabupaten Bogor Leuwiliang,2026-04-29 00:00:00,82,82,44,,4,9,0,80,,,,,
Tangerang,Tangerang Pasir Jaya,2026-04-29 00:00:00,71,71,37,,58,63,0,65,,,,,
Bekasi,Bekasi Kayuringin,2026-04-29 00:00:00,60,60,31,,67,15,0,18,,,,,
Jakarta,The Pakubuwono Menteng,2026-04-29 00:14:13,151,151,57,111,,,,,57,30.1,,,
Depok,Cinere - Nafas,2026-04-29 00:15:34,177,177,82,157,,,,,0,0,,,
Bogor,Kabupaten Bogor Leuwiliang,2026-04-29 00:00:00,82,82,44,,4,9,0,80,,,,,
Tangerang,Tangerang Pasir Jaya,2026-04-29 00:00:00,71,71,37,,58,63,0,65,,,,,
Bekasi,Bekasi Kayuringin,2026-04-29 00:00:00,60,60,31,,67,15,0,18,,,,,
Jakarta,The Pakubuwono Menteng,2026-04-29 00:16:13,150,150,57,110,,,,,57,30.1,,,
Depok,Cinere - Nafas,2026-04-29 00:16:34,178,178,81,157,,,,,0,0,,,
Bogor,Kabupaten Bogor Leuwiliang,2026-04-29 00:00:00,82,82,44,,4,9,0,80,,,,,
Tangerang,Tangerang Pasir Jaya,2026-04-29 00:00:00,71,71,37,,58,63,0,65,,,,,
Bekasi,Bekasi Kayuringin,2026-04-29 00:00:00,60,60,31,,67,15,0,18,,,,,
Jakarta,The Pakubuwono Menteng,2026-04-29 00:17:13,146,146,56,104,,,,,57,30.1,,,
Depok,Cinere - Nafas,2026-04-29 00:17:34,178,178,80,157,,,,,0,0,,,
Bogor,Kabupaten Bogor Leuwiliang,2026-04-29 00:00:00,82,82,44,,4,9,0,80,,,,,
Tangerang,Tangerang Pasir Jaya,2026-04-29 00:00:00,71,71,37,,58,63,0,65,,,,,
Bekasi,Bekasi Kayuringin,2026-04-29 00:00:00,60,60,31,,67,15,0,18,,,,,
Jakarta,The Pakubuwono Menteng,2026-04-29 00:19:12,151,151,57,110,,,,,57,30.1,,,
Depok,Cinere - Nafas,2026-04-29 00:19:34,177,177,81,157,,,,,0,0,,,
Bogor,Kabupaten Bogor Leuwiliang,2026-04-29 00:00:00,82,82,44,,4,9,0,80,,,,,
Tangerang,Tangerang Pasir Jaya,2026-04-29 00:00:00,71,71,37,,58,63,0,65,,,,,
Bekasi,Bekasi Kayuringin,2026-04-29 00:00:00,60,60,31,,67,15,0,18,,,,,
Jakarta,The Pakubuwono Menteng,2026-04-29 00:19:12,151,151,57,110,,,,,57,30.2,,,
Depok,Cinere - Nafas,2026-04-29 00:19:34,177,177,81,157,,,,,0,0,,,
Bogor,Kabupaten Bogor Leuwiliang,2026-04-29 00:00:00,82,82,44,,4,9,0,80,,,,,
Tangerang,Tangerang Pasir Jaya,2026-04-29 00:00:00,71,71,37,,58,63,0,65,,,,,
Bekasi,Bekasi Kayuringin,2026-04-29 00:00:00,60,60,31,,67,15,0,18,,,,,
Jakarta,The Pakubuwono Menteng,2026-04-29 00:20:13,151,151,57,110,,,,,57,30.1,,,
Depok,Cinere - Nafas,2026-04-29 00:20:34,176,176,79,156,,,,,0,0,,,
Bogor,Kabupaten Bogor Leuwiliang,2026-04-29 00:00:00,82,82,44,,4,9,0,80,,,,,
Tangerang,Tangerang Pasir Jaya,2026-04-29 00:00:00,71,71,37,,58,63,0,65,,,,,
Bekasi,Bekasi Kayuringin,2026-04-29 00:00:00,60,60,31,,67,15,0,18,,,,,
Jakarta,The Pakubuwono Menteng,2026-04-29 00:22:13,151,151,57,110,,,,,57,30.1,,,
Depok,Cinere - Nafas,2026-04-29 00:22:34,176,176,80,158,,,,,0,0,,,
Bogor,Kabupaten Bogor Leuwiliang,2026-04-29 00:00:00,82,82,44,,4,9,0,80,,,,,
Tangerang,Tangerang Pasir Jaya,2026-04-29 00:00:00,71,71,37,,58,63,0,65,,,,,
Bekasi,Bekasi Kayuringin,2026-04-29 00:00:00,60,60,31,,67,15,0,18,,,,,
Jakarta,The Pakubuwono Menteng,2026-04-29 00:23:13,151,151,57,110,,,,,57,30.1,,,
Depok,Cinere - Nafas,2026-04-29 00:23:34,177,177,80,157,,,,,0,0,,,
Bogor,Kabupaten Bogor Leuwiliang,2026-04-29 00:00:00,82,82,44,,4,9,0,80,,,,,
Tangerang,Tangerang Pasir Jaya,2026-04-29 00:00:00,71,71,37,,58,63,0,65,,,,,
Bekasi,Bekasi Kayuringin,2026-04-29 00:00:00,60,60,31,,67,15,0,18,,,,,
Jakarta,The Pakubuwono Menteng,2026-04-29 00:24:13,150,150,57,107,,,,,57,30.1,,,
Depok,Cinere - Nafas,2026-04-29 00:24:34,177,177,81,156,,,,,0,0,,,
Bogor,Kabupaten Bogor Leuwiliang,2026-04-29 00:00:00,82,82,44,,4,9,0,80,,,,,
Tangerang,Tangerang Pasir Jaya,2026-04-29 00:00:00,71,71,37,,58,63,0,65,,,,,
Bekasi,Bekasi Kayuringin,2026-04-29 00:00:00,60,60,31,,67,15,0,18,,,,,
Jakarta,The Pakubuwono Menteng,2026-04-29 00:25:13,139,139,54,98,,,,,57,30.1,,,
Depok,Cinere - Nafas,2026-04-29 00:25:34,176,176,81,156,,,,,0,0,,,
Bogor,Kabupaten Bogor Leuwiliang,2026-04-29 00:00:00,82,82,44,,4,9,0,80,,,,,
Tangerang,Tangerang Pasir Jaya,2026-04-29 00:00:00,71,71,37,,58,63,0,65,,,,,
Bekasi,Bekasi Kayuringin,2026-04-29 00:00:00,60,60,31,,67,15,0,18,,,,,
Jakarta,The Pakubuwono Menteng,2026-04-29 00:26:13,151,151,57,107,,,,,57,30.2,,,
Depok,Cinere - Nafas,2026-04-29 00:26:34,176,176,78,155,,,,,0,0,,,
Bogor,Kabupaten Bogor Leuwiliang,2026-04-29 00:00:00,82,82,44,,4,9,0,80,,,,,
Tangerang,Tangerang Pasir Jaya,2026-04-29 00:00:00,71,71,37,,58,63,0,65,,,,,
Bekasi,Bekasi Kayuringin,2026-04-29 00:00:00,60,60,31,,67,15,0,18,,,,,
Jakarta,The Pakubuwono Menteng,2026-04-29 00:29:13,150,150,57,109,,,,,57,30.1,,,
Depok,Cinere - Nafas,2026-04-29 00:29:34,177,177,80,156,,,,,0,0,,,
Bogor,Kabupaten Bogor Leuwiliang,2026-04-29 00:00:00,82,82,44,,4,9,0,80,,,,,
Tangerang,Tangerang Pasir Jaya,2026-04-29 00:00:00,71,71,37,,58,63,0,65,,,,,
Bekasi,Bekasi Kayuringin,2026-04-29 00:00:00,60,60,31,,67,15,0,18,,,,,
Jakarta,The Pakubuwono Menteng,2026-04-29 00:30:13,153,153,57,114,,,,,57,30.2,,,
Depok,Cinere - Nafas,2026-04-29 00:30:34,177,177,82,157,,,,,0,0,,,
Bogor,Kabupaten Bogor Leuwiliang,2026-04-29 00:00:00,82,82,44,,4,9,0,80,,,,,
Tangerang,Tangerang Pasir Jaya,2026-04-29 00:00:00,71,71,37,,58,63,0,65,,,,,
Bekasi,Bekasi Kayuringin,2026-04-29 00:00:00,60,60,31,,67,15,0,18,,,,,
Jakarta,The Pakubuwono Menteng,2026-04-29 00:30:13,153,153,57,114,,,,,57,30.2,,,
Depok,Cinere - Nafas,2026-04-29 00:30:34,177,177,82,157,,,,,0,0,,,
Bogor,Kabupaten Bogor Leuwiliang,2026-04-29 00:00:00,82,82,44,,4,9,0,80,,,,,
Tangerang,Tangerang Pasir Jaya,2026-04-29 00:00:00,71,71,37,,58,63,0,65,,,,,
Bekasi,Bekasi Kayuringin,2026-04-29 00:00:00,60,60,31,,67,15,0,18,,,,,
Jakarta,The Pakubuwono Menteng,2026-04-29 00:30:13,153,153,57,114,,,,,57,30.2,,,
Depok,Cinere - Nafas,2026-04-29 00:31:34,177,177,80,157,,,,,0,0,,,
Bogor,Kabupaten Bogor Leuwiliang,2026-04-29 00:00:00,82,82,44,,4,9,0,80,,,,,
Tangerang,Tangerang Pasir Jaya,2026-04-29 00:00:00,71,71,37,,58,63,0,65,,,,,
Bekasi,Bekasi Kayuringin,2026-04-29 00:00:00,60,60,31,,67,15,0,18,,,,,
Jakarta,The Pakubuwono Menteng,2026-04-29 00:32:13,150,150,56,99,,,,,57,30.1,,,
Depok,Cinere - Nafas,2026-04-29 00:32:34,178,178,82,158,,,,,0,0,,,
Bogor,Kabupaten Bogor Leuwiliang,2026-04-29 00:00:00,82,82,44,,4,9,0,80,,,,,
Tangerang,Tangerang Pasir Jaya,2026-04-29 00:00:00,71,71,37,,58,63,0,65,,,,,
Bekasi,Bekasi Kayuringin,2026-04-29 00:00:00,60,60,31,,67,15,0,18,,,,,
Jakarta,The Pakubuwono Menteng,2026-04-29 00:33:13,141,141,55,103,,,,,57,30.1,,,
Depok,Cinere - Nafas,2026-04-29 00:33:34,178,178,81,158,,,,,0,0,,,
Bogor,Kabupaten Bogor Leuwiliang,2026-04-29 00:00:00,82,82,44,,4,9,0,80,,,,,
Tangerang,Tangerang Pasir Jaya,2026-04-29 00:00:00,71,71,37,,58,63,0,65,,,,,
Bekasi,Bekasi Kayuringin,2026-04-29 00:00:00,60,60,31,,67,15,0,18,,,,,
Jakarta,The Pakubuwono Menteng,2026-04-29 00:35:13,143,143,56,103,,,,,57,30.1,,,
Depok,Cinere - Nafas,2026-04-29 00:35:34,178,178,82,158,,,,,0,0,,,
Bogor,Kabupaten Bogor Leuwiliang,2026-04-29 00:00:00,82,82,44,,4,9,0,80,,,,,
Tangerang,Tangerang Pasir Jaya,2026-04-29 00:00:00,71,71,37,,58,63,0,65,,,,,
Bekasi,Bekasi Kayuringin,2026-04-29 00:00:00,60,60,31,,67,15,0,18,,,,,
Jakarta,The Pakubuwono Menteng,2026-04-29 00:36:13,139,139,54,97,,,,,57,30.1,,,
Depok,Cinere - Nafas,2026-04-29 00:36:34,176,176,80,157,,,,,0,0,,,
Bogor,Kabupaten Bogor Leuwiliang,2026-04-29 00:00:00,82,82,44,,4,9,0,80,,,,,
Tangerang,Tangerang Pasir Jaya,2026-04-29 00:00:00,71,71,37,,58,63,0,65,,,,,
Bekasi,Bekasi Kayuringin,2026-04-29 00:00:00,60,60,31,,67,15,0,18,,,,,
Jakarta,The Pakubuwono Menteng,2026-04-29 00:38:13,136,136,54,95,,,,,57,30.2,,,
Depok,Cinere - Nafas,2026-04-29 00:38:34,178,178,80,157,,,,,0,0,,,
Bogor,Kabupaten Bogor Leuwiliang,2026-04-29 00:00:00,82,82,44,,4,9,0,80,,,,,
Tangerang,Tangerang Pasir Jaya,2026-04-29 00:00:00,71,71,37,,58,63,0,65,,,,,
Bekasi,Bekasi Kayuringin,2026-04-29 00:00:00,60,60,31,,67,15,0,18,,,,,
Jakarta,The Pakubuwono Menteng,2026-04-29 00:39:13,146,146,56,100,,,,,57,30.2,,,
Depok,Cinere - Nafas,2026-04-29 00:39:35,178,178,81,157,,,,,0,0,,,
Bogor,Kabupaten Bogor Leuwiliang,2026-04-29 00:00:00,82,82,44,,4,9,0,80,,,,,
Tangerang,Tangerang Pasir Jaya,2026-04-29 00:00:00,71,71,37,,58,63,0,65,,,,,
Bekasi,Bekasi Kayuringin,2026-04-29 00:00:00,60,60,31,,67,15,0,18,,,,,
Jakarta,The Pakubuwono Menteng,2026-04-29 00:40:13,145,145,56,104,,,,,56,30.2,,,
Depok,Cinere - Nafas,2026-04-29 00:40:34,176,176,79,156,,,,,0,0,,,
Bogor,Kabupaten Bogor Leuwiliang,2026-04-29 00:00:00,82,82,44,,4,9,0,80,,,,,
Tangerang,Tangerang Pasir Jaya,2026-04-29 00:00:00,71,71,37,,58,63,0,65,,,,,
Bekasi,Bekasi Kayuringin,2026-04-29 00:00:00,60,60,31,,67,15,0,18,,,,,
Jakarta,The Pakubuwono Menteng,2026-04-29 00:41:13,143,143,55,101,,,,,57,30.2,,,
Depok,Cinere - Nafas,2026-04-29 00:41:34,177,177,81,157,,,,,0,0,,,
Bogor,Kabupaten Bogor Leuwiliang,2026-04-29 00:00:00,82,82,44,,4,9,0,80,,,,,
Tangerang,Tangerang Pasir Jaya,2026-04-29 00:00:00,71,71,37,,58,63,0,65,,,,,
Bekasi,Bekasi Kayuringin,2026-04-29 00:00:00,60,60,31,,67,15,0,18,,,,,
Jakarta,The Pakubuwono Menteng,2026-04-29 00:42:13,150,150,56,107,,,,,57,30.2,,,
Depok,Cinere - Nafas,2026-04-29 00:42:35,177,177,80,157,,,,,0,0,,,
Bogor,Kabupaten Bogor Leuwiliang,2026-04-29 00:00:00,82,82,44,,4,9,0,80,,,,,
Tangerang,Tangerang Pasir Jaya,2026-04-29 00:00:00,71,71,37,,58,63,0,65,,,,,
Bekasi,Bekasi Kayuringin,2026-04-29 00:00:00,60,60,31,,67,15,0,18,,,,,
Jakarta,The Pakubuwono Menteng,2026-04-29 00:43:13,143,143,56,106,,,,,56,30.2,,,
Depok,Cinere - Nafas,2026-04-29 00:43:34,176,176,79,156,,,,,0,0,,,
Bogor,Kabupaten Bogor Leuwiliang,2026-04-29 00:00:00,82,82,44,,4,9,0,80,,,,,
Tangerang,Tangerang Pasir Jaya,2026-04-29 00:00:00,71,71,37,,58,63,0,65,,,,,
Bekasi,Bekasi Kayuringin,2026-04-29 00:00:00,60,60,31,,67,15,0,18,,,,,
Jakarta,The Pakubuwono Menteng,2026-04-29 00:44:13,151,151,57,109,,,,,57,30.2,,,
Depok,Cinere - Nafas,2026-04-29 00:44:34,176,176,79,156,,,,,0,0,,,
Bogor,Kabupaten Bogor Leuwiliang,2026-04-29 00:00:00,82,82,44,,4,9,0,80,,,,,
Tangerang,Tangerang Pasir Jaya,2026-04-29 00:00:00,71,71,37,,58,63,0,65,,,,,
Bekasi,Bekasi Kayuringin,2026-04-29 00:00:00,60,60,31,,67,15,0,18,,,,,
Jakarta,The Pakubuwono Menteng,2026-04-29 00:45:13,150,150,56,110,,,,,56,30.1,,,
Depok,Cinere - Nafas,2026-04-29 00:46:35,177,177,80,156,,,,,0,0,,,
Bogor,Kabupaten Bogor Leuwiliang,2026-04-29 00:00:00,82,82,44,,4,9,0,80,,,,,
Tangerang,Tangerang Pasir Jaya,2026-04-29 00:00:00,71,71,37,,58,63,0,65,,,,,
Bekasi,Bekasi Kayuringin,2026-04-29 00:00:00,60,60,31,,67,15,0,18,,,,,
Jakarta,The Pakubuwono Menteng,2026-04-29 00:47:13,151,151,57,108,,,,,56,30.1,,,
Depok,Cinere - Nafas,2026-04-29 00:47:34,176,176,79,156,,,,,0,0,,,
Bogor,Kabupaten Bogor Leuwiliang,2026-04-29 00:00:00,82,82,44,,4,9,0,80,,,,,
Tangerang,Tangerang Pasir Jaya,2026-04-29 00:00:00,71,71,37,,58,63,0,65,,,,,
Bekasi,Bekasi Kayuringin,2026-04-29 00:00:00,60,60,31,,67,15,0,18,,,,,
Jakarta,The Pakubuwono Menteng,2026-04-29 00:49:13,151,151,58,111,,,,,57,30.1,,,
Depok,Cinere - Nafas,2026-04-29 00:49:35,176,176,78,155,,,,,0,0,,,
Bogor,Kabupaten Bogor Leuwiliang,2026-04-29 00:00:00,82,82,44,,4,9,0,80,,,,,
Tangerang,Tangerang Pasir Jaya,2026-04-29 00:00:00,71,71,37,,58,63,0,65,,,,,
Bekasi,Bekasi Kayuringin,2026-04-29 00:00:00,60,60,31,,67,15,0,18,,,,,
Jakarta,The Pakubuwono Menteng,2026-04-29 00:50:13,153,153,58,116,,,,,57,30.1,,,
Depok,Cinere - Nafas,2026-04-29 00:50:35,174,174,79,155,,,,,0,0,,,
Bogor,Kabupaten Bogor Leuwiliang,2026-04-29 00:00:00,82,82,44,,4,9,0,80,,,,,
Tangerang,Tangerang Pasir Jaya,2026-04-29 00:00:00,71,71,37,,58,63,0,65,,,,,
Bekasi,Bekasi Kayuringin,2026-04-29 00:00:00,60,60,31,,67,15,0,18,,,,,
Jakarta,The Pakubuwono Menteng,2026-04-29 00:51:13,154,154,59,111,,,,,56,30.1,,,
Depok,Cinere - Nafas,2026-04-29 00:51:35,174,174,77,155,,,,,0,0,,,
Bogor,Kabupaten Bogor Leuwiliang,2026-04-29 00:00:00,82,82,44,,4,9,0,80,,,,,
Tangerang,Tangerang Pasir Jaya,2026-04-29 00:00:00,71,71,37,,58,63,0,65,,,,,
Bekasi,Bekasi Kayuringin,2026-04-29 00:00:00,60,60,31,,67,15,0,18,,,,,
Jakarta,The Pakubuwono Menteng,2026-04-29 00:52:13,152,152,57,112,,,,,57,30,,,
Depok,Cinere - Nafas,2026-04-29 00:52:35,175,175,78,155,,,,,0,0,,,
Bogor,Kabupaten Bogor Leuwiliang,2026-04-29 00:00:00,82,82,44,,4,9,0,80,,,,,
Tangerang,Tangerang Pasir Jaya,2026-04-29 00:00:00,71,71,37,,58,63,0,65,,,,,
Bekasi,Bekasi Kayuringin,2026-04-29 00:00:00,60,60,31,,67,15,0,18,,,,,
Jakarta,The Pakubuwono Menteng,2026-04-29 00:53:13,151,151,57,108,,,,,57,30,,,
Depok,Cinere - Nafas,2026-04-29 00:53:35,174,174,79,155,,,,,0,0,,,
Bogor,Kabupaten Bogor Leuwiliang,2026-04-29 00:00:00,82,82,44,,4,9,0,80,,,,,
Tangerang,Tangerang Pasir Jaya,2026-04-29 00:00:00,71,71,37,,58,63,0,65,,,,,
Bekasi,Bekasi Kayuringin,2026-04-29 00:00:00,60,60,31,,67,15,0,18,,,,,
Jakarta,The Pakubuwono Menteng,2026-04-29 00:54:13,153,153,59,116,,,,,57,30.1,,,
Depok,Cinere - Nafas,2026-04-29 00:54:35,174,174,76,155,,,,,0,0,,,
Bogor,Kabupaten Bogor Leuwiliang,2026-04-29 00:00:00,82,82,44,,4,9,0,80,,,,,
Tangerang,Tangerang Pasir Jaya,2026-04-29 00:00:00,71,71,37,,58,63,0,65,,,,,
Bekasi,Bekasi Kayuringin,2026-04-29 00:00:00,60,60,31,,67,15,0,18,,,,,
Jakarta,The Pakubuwono Menteng,2026-04-29 00:56:13,154,154,58,118,,,,,57,30.1,,,
Depok,Cinere - Nafas,2026-04-29 00:56:35,172,172,76,155,,,,,0,0,,,
Bogor,Kabupaten Bogor Leuwiliang,2026-04-29 00:00:00,82,82,44,,4,9,0,80,,,,,
Tangerang,Tangerang Pasir Jaya,2026-04-29 00:00:00,71,71,37,,58,63,0,65,,,,,
Bekasi,Bekasi Kayuringin,2026-04-29 00:00:00,60,60,31,,67,15,0,18,,,,,
Jakarta,The Pakubuwono Menteng,2026-04-29 00:57:13,155,155,60,127,,,,,57,30,,,
Depok,Cinere - Nafas,2026-04-29 00:57:35,174,174,77,155,,,,,0,0,,,
Bogor,Kabupaten Bogor Leuwiliang,2026-04-29 00:00:00,82,82,44,,4,9,0,80,,,,,
Tangerang,Tangerang Pasir Jaya,2026-04-29 00:00:00,71,71,37,,58,63,0,65,,,,,
Bekasi,Bekasi Kayuringin,2026-04-29 00:00:00,60,60,31,,67,15,0,18,,,,,
Jakarta,The Pakubuwono Menteng,2026-04-29 00:58:13,153,153,59,115,,,,,57,30,,,
Depok,Cinere - Nafas,2026-04-29 00:58:35,174,174,77,155,,,,,0,0,,,
Bogor,Kabupaten Bogor Leuwiliang,2026-04-29 00:00:00,82,82,44,,4,9,0,80,,,,,
Tangerang,Tangerang Pasir Jaya,2026-04-29 00:00:00,71,71,37,,58,63,0,65,,,,,
Bekasi,Bekasi Kayuringin,2026-04-29 00:00:00,60,60,31,,67,15,0,18,,,,,
Jakarta,The Pakubuwono Menteng,2026-04-29 00:59:13,151,151,57,111,,,,,57,30,,,
Depok,Cinere - Nafas,2026-04-29 00:59:35,175,175,79,156,,,,,0,0,,,
Bogor,Kabupaten Bogor Leuwiliang,2026-04-29 00:00:00,82,82,44,,4,9,0,80,,,,,
Tangerang,Tangerang Pasir Jaya,2026-04-29 00:00:00,71,71,37,,58,63,0,65,,,,,
Bekasi,Bekasi Kayuringin,2026-04-29 00:00:00,60,60,31,,67,15,0,18,,,,,
Jakarta,The Pakubuwono Menteng,2026-04-29 01:00:13,151,151,58,109,,,,,57,30,,,
Depok,Cinere - Nafas,2026-04-29 01:00:35,174,174,78,155,,,,,0,0,,,
Bogor,Kabupaten Bogor Leuwiliang,2026-04-29 00:00:00,82,82,44,,4,9,0,80,,,,,
Tangerang,Tangerang Pasir Jaya,2026-04-29 00:00:00,71,71,37,,58,63,0,65,,,,,
Bekasi,Bekasi Kayuringin,2026-04-29 00:00:00,60,60,31,,67,15,0,18,,,,,
Jakarta,The Pakubuwono Menteng,2026-04-29 01:02:13,151,151,58,110,,,,,57,30.1,,,
Depok,Cinere - Nafas,2026-04-29 01:02:35,174,174,78,155,,,,,0,0,,,
Bogor,Kabupaten Bogor Leuwiliang,2026-04-29 00:00:00,82,82,44,,4,9,0,80,,,,,
Tangerang,Tangerang Pasir Jaya,2026-04-29 00:00:00,71,71,37,,58,63,0,65,,,,,
Bekasi,Bekasi Kayuringin,2026-04-29 00:00:00,60,60,31,,67,15,0,18,,,,,
Jakarta,The Pakubuwono Menteng,2026-04-29 01:03:13,154,154,59,118,,,,,57,30.1,,,
Depok,Cinere - Nafas,2026-04-29 01:03:35,174,174,77,155,,,,,0,0,,,
Bogor,Kabupaten Bogor Leuwiliang,2026-04-29 00:00:00,82,82,44,,4,9,0,80,,,,,
Tangerang,Tangerang Pasir Jaya,2026-04-29 00:00:00,71,71,37,,58,63,0,65,,,,,
Bekasi,Bekasi Kayuringin,2026-04-29 00:00:00,60,60,31,,67,15,0,18,,,,,
Jakarta,The Pakubuwono Menteng,2026-04-29 01:04:13,157,157,61,128,,,,,57,30.1,,,
Depok,Cinere - Nafas,2026-04-29 01:04:35,174,174,77,155,,,,,0,0,,,
Bogor,Kabupaten Bogor Leuwiliang,2026-04-29 00:00:00,82,82,44,,4,9,0,80,,,,,
Tangerang,Tangerang Pasir Jaya,2026-04-29 00:00:00,71,71,37,,58,63,0,65,,,,,
Bekasi,Bekasi Kayuringin,2026-04-29 00:00:00,60,60,31,,67,15,0,18,,,,,
Jakarta,The Pakubuwono Menteng,2026-04-29 01:05:13,159,159,62,136,,,,,57,30.1,,,
Depok,Cinere - Nafas,2026-04-29 01:06:35,173,173,76,153,,,,,0,0,,,
Bogor,Kabupaten Bogor Leuwiliang,2026-04-29 00:00:00,82,82,44,,4,9,0,80,,,,,
Tangerang,Tangerang Pasir Jaya,2026-04-29 00:00:00,71,71,37,,58,63,0,65,,,,,
Bekasi,Bekasi Kayuringin,2026-04-29 00:00:00,60,60,31,,67,15,0,18,,,,,
Jakarta,The Pakubuwono Menteng,2026-04-29 01:06:14,159,159,62,135,,,,,57,30.1,,,
Depok,Cinere - Nafas,2026-04-29 01:06:35,173,173,76,153,,,,,0,0,,,
Bogor,Kabupaten Bogor Leuwiliang,2026-04-29 00:00:00,82,82,44,,4,9,0,80,,,,,
Tangerang,Tangerang Pasir Jaya,2026-04-29 00:00:00,71,71,37,,58,63,0,65,,,,,
Bekasi,Bekasi Kayuringin,2026-04-29 00:00:00,60,60,31,,67,15,0,18,,,,,
Jakarta,The Pakubuwono Menteng,2026-04-29 01:08:14,156,156,60,124,,,,,57,30,,,
Depok,Cinere - Nafas,2026-04-29 01:08:35,177,177,80,157,,,,,0,0,,,
Bogor,Kabupaten Bogor Leuwiliang,2026-04-29 01:00:00,82,82,44,,4,9,0,80,,,,,
Tangerang,Tangerang Pasir Jaya,2026-04-29 01:00:00,67,67,36,,58,63,0,65,,,,,
Bekasi,Bekasi Kayuringin,2026-04-29 01:00:00,66,66,33,,64,15,0,18,,,,,
Jakarta,The Pakubuwono Menteng,2026-04-29 01:09:13,156,156,60,120,,,,,57,30,,,
Depok,Cinere - Nafas,2026-04-29 01:09:35,179,179,82,158,,,,,0,0,,,
Bogor,Kabupaten Bogor Leuwiliang,2026-04-29 01:00:00,82,82,44,,4,9,0,80,,,,,
Tangerang,Tangerang Pasir Jaya,2026-04-29 01:00:00,67,67,36,,58,63,0,65,,,,,
Bekasi,Bekasi Kayuringin,2026-04-29 01:00:00,66,66,33,,64,15,0,18,,,,,
Jakarta,The Pakubuwono Menteng,2026-04-29 01:10:14,155,155,59,123,,,,,57,30,,,
Depok,Cinere - Nafas,2026-04-29 01:10:35,178,178,80,157,,,,,0,0,,,
Bogor,Kabupaten Bogor Leuwiliang,2026-04-29 01:00:00,82,82,44,,4,9,0,80,,,,,
Tangerang,Tangerang Pasir Jaya,2026-04-29 01:00:00,67,67,36,,58,63,0,65,,,,,
Bekasi,Bekasi Kayuringin,2026-04-29 01:00:00,66,66,33,,64,15,0,18,,,,,
Jakarta,The Pakubuwono Menteng,2026-04-29 01:11:13,155,155,59,116,,,,,57,30,,,
Depok,Cinere - Nafas,2026-04-29 01:11:35,177,177,79,156,,,,,0,0,,,
Bogor,Kabupaten Bogor Leuwiliang,2026-04-29 01:00:00,82,82,44,,4,9,0,80,,,,,
Tangerang,Tangerang Pasir Jaya,2026-04-29 01:00:00,67,67,36,,58,63,0,65,,,,,
Bekasi,Bekasi Kayuringin,2026-04-29 01:00:00,66,66,33,,64,15,0,18,,,,,
Jakarta,The Pakubuwono Menteng,2026-04-29 01:12:14,155,155,60,121,,,,,57,30,,,
Depok,Cinere - Nafas,2026-04-29 01:12:35,178,178,80,157,,,,,0,0,,,
Bogor,Kabupaten Bogor Leuwiliang,2026-04-29 01:00:00,82,82,44,,4,9,0,80,,,,,
Tangerang,Tangerang Pasir Jaya,2026-04-29 01:00:00,67,67,36,,58,63,0,65,,,,,
Bekasi,Bekasi Kayuringin,2026-04-29 01:00:00,66,66,33,,64,15,0,18,,,,,
Jakarta,The Pakubuwono Menteng,2026-04-29 01:13:14,155,155,60,120,,,,,56,30,,,
Depok,Cinere - Nafas,2026-04-29 01:13:35,178,178,81,158,,,,,0,0,,,
Bogor,Kabupaten Bogor Leuwiliang,2026-04-29 01:00:00,82,82,44,,4,9,0,80,,,,,
Tangerang,Tangerang Pasir Jaya,2026-04-29 01:00:00,67,67,36,,58,63,0,65,,,,,
Bekasi,Bekasi Kayuringin,2026-04-29 01:00:00,66,66,33,,64,15,0,18,,,,,
Jakarta,The Pakubuwono Menteng,2026-04-29 01:16:14,158,158,61,128,,,,,57,30,,,
Depok,Cinere - Nafas,2026-04-29 01:16:35,176,176,81,156,,,,,0,0,,,
Bogor,Kabupaten Bogor Leuwiliang,2026-04-29 01:00:00,82,82,44,,4,9,0,80,,,,,
Tangerang,Tangerang Pasir Jaya,2026-04-29 01:00:00,67,67,36,,58,63,0,65,,,,,
Bekasi,Bekasi Kayuringin,2026-04-29 01:00:00,66,66,33,,64,15,0,18,,,,,
Jakarta,The Pakubuwono Menteng,2026-04-29 01:16:14,158,158,61,128,,,,,57,30,,,
Depok,Cinere - Nafas,2026-04-29 01:16:35,176,176,81,156,,,,,0,0,,,
Bogor,Kabupaten Bogor Leuwiliang,2026-04-29 01:00:00,82,82,44,,4,9,0,80,,,,,
Tangerang,Tangerang Pasir Jaya,2026-04-29 01:00:00,67,67,36,,58,63,0,65,,,,,
Bekasi,Bekasi Kayuringin,2026-04-29 01:00:00,66,66,33,,64,15,0,18,,,,,
Jakarta,The Pakubuwono Menteng,2026-04-29 01:17:14,159,159,61,129,,,,,57,30,,,
Depok,Cinere - Nafas,2026-04-29 01:17:35,176,176,81,156,,,,,0,0,,,
Bogor,Kabupaten Bogor Leuwiliang,2026-04-29 01:00:00,82,82,44,,4,9,0,80,,,,,
Tangerang,Tangerang Pasir Jaya,2026-04-29 01:00:00,67,67,36,,58,63,0,65,,,,,
Bekasi,Bekasi Kayuringin,2026-04-29 01:00:00,66,66,33,,64,15,0,18,,,,,
Jakarta,The Pakubuwono Menteng,2026-04-29 01:18:14,158,158,62,131,,,,,57,30,,,
Depok,Cinere - Nafas,2026-04-29 01:18:36,176,176,78,156,,,,,0,0,,,
Bogor,Kabupaten Bogor Leuwiliang,2026-04-29 01:00:00,82,82,44,,4,9,0,80,,,,,
Tangerang,Tangerang Pasir Jaya,2026-04-29 01:00:00,67,67,36,,58,63,0,65,,,,,
Bekasi,Bekasi Kayuringin,2026-04-29 01:00:00,66,66,33,,64,15,0,18,,,,,
Jakarta,The Pakubuwono Menteng,2026-04-29 01:19:14,159,159,62,133,,,,,57,29.9,,,
Depok,Cinere - Nafas,2026-04-29 01:19:35,176,176,80,156,,,,,0,0,,,
Bogor,Kabupaten Bogor Leuwiliang,2026-04-29 01:00:00,82,82,44,,4,9,0,80,,,,,
Tangerang,Tangerang Pasir Jaya,2026-04-29 01:00:00,67,67,36,,58,63,0,65,,,,,
Bekasi,Bekasi Kayuringin,2026-04-29 01:00:00,66,66,33,,64,15,0,18,,,,,
Jakarta,The Pakubuwono Menteng,2026-04-29 01:21:14,159,159,62,130,,,,,57,29.9,,,
Depok,Cinere - Nafas,2026-04-29 01:21:35,178,178,81,156,,,,,0,0,,,
Bogor,Kabupaten Bogor Leuwiliang,2026-04-29 01:00:00,82,82,44,,4,9,0,80,,,,,
Tangerang,Tangerang Pasir Jaya,2026-04-29 01:00:00,67,67,36,,58,63,0,65,,,,,
Bekasi,Bekasi Kayuringin,2026-04-29 01:00:00,66,66,33,,64,15,0,18,,,,,
Jakarta,The Pakubuwono Menteng,2026-04-29 01:23:14,157,157,61,132,,,,,57,29.9,,,
Depok,Cinere - Nafas,2026-04-29 01:22:35,177,177,81,156,,,,,0,0,,,
Bogor,Kabupaten Bogor Leuwiliang,2026-04-29 01:00:00,82,82,44,,4,9,0,80,,,,,
Tangerang,Tangerang Pasir Jaya,2026-04-29 01:00:00,67,67,36,,58,63,0,65,,,,,
Bekasi,Bekasi Kayuringin,2026-04-29 01:00:00,66,66,33,,64,15,0,18,,,,,
Jakarta,The Pakubuwono Menteng,2026-04-29 01:24:14,157,157,60,125,,,,,57,29.9,,,
Depok,Cinere - Nafas,2026-04-29 01:23:35,177,177,81,156,,,,,0,0,,,
Bogor,Kabupaten Bogor Leuwiliang,2026-04-29 01:00:00,82,82,44,,4,9,0,80,,,,,
Tangerang,Tangerang Pasir Jaya,2026-04-29 01:00:00,67,67,36,,58,63,0,65,,,,,
Bekasi,Bekasi Kayuringin,2026-04-29 01:00:00,66,66,33,,64,15,0,18,,,,,
Jakarta,The Pakubuwono Menteng,2026-04-29 01:26:14,155,155,60,125,,,,,57,29.9,,,
Depok,Cinere - Nafas,2026-04-29 01:25:35,176,176,78,156,,,,,0,0,,,
Bogor,Kabupaten Bogor Leuwiliang,2026-04-29 01:00:00,82,82,44,,4,9,0,80,,,,,
Tangerang,Tangerang Pasir Jaya,2026-04-29 01:00:00,67,67,36,,58,63,0,65,,,,,
Bekasi,Bekasi Kayuringin,2026-04-29 01:00:00,66,66,33,,64,15,0,18,,,,,
Jakarta,The Pakubuwono Menteng,2026-04-29 01:27:14,155,155,60,122,,,,,57,29.9,,,
Depok,Cinere - Nafas,2026-04-29 01:26:35,175,175,78,156,,,,,0,0,,,
Bogor,Kabupaten Bogor Leuwiliang,2026-04-29 01:00:00,82,82,44,,4,9,0,80,,,,,
Tangerang,Tangerang Pasir Jaya,2026-04-29 01:00:00,67,67,36,,58,63,0,65,,,,,
Bekasi,Bekasi Kayuringin,2026-04-29 01:00:00,66,66,33,,64,15,0,18,,,,,
Jakarta,The Pakubuwono Menteng,2026-04-29 01:28:14,157,157,60,130,,,,,57,29.9,,,
Depok,Cinere - Nafas,2026-04-29 01:27:35,173,173,76,156,,,,,0,0,,,
Bogor,Kabupaten Bogor Leuwiliang,2026-04-29 01:00:00,82,82,44,,4,9,0,80,,,,,
Tangerang,Tangerang Pasir Jaya,2026-04-29 01:00:00,67,67,36,,58,63,0,65,,,,,
Bekasi,Bekasi Kayuringin,2026-04-29 01:00:00,66,66,33,,64,15,0,18,,,,,
Jakarta,The Pakubuwono Menteng,2026-04-29 01:29:14,155,155,60,120,,,,,57,29.9,,,
Depok,Cinere - Nafas,2026-04-29 01:28:35,174,174,76,155,,,,,0,0,,,
Bogor,Kabupaten Bogor Leuwiliang,2026-04-29 01:00:00,82,82,44,,4,9,0,80,,,,,
Tangerang,Tangerang Pasir Jaya,2026-04-29 01:00:00,67,67,36,,58,63,0,65,,,,,
Bekasi,Bekasi Kayuringin,2026-04-29 01:00:00,66,66,33,,64,15,0,18,,,,,
Jakarta,The Pakubuwono Menteng,2026-04-29 01:30:14,155,155,59,126,,,,,57,29.9,,,
Depok,Cinere - Nafas,2026-04-29 01:29:35,176,176,78,156,,,,,0,0,,,
Bogor,Kabupaten Bogor Leuwiliang,2026-04-29 01:00:00,82,82,44,,4,9,0,80,,,,,
Tangerang,Tangerang Pasir Jaya,2026-04-29 01:00:00,67,67,36,,58,63,0,65,,,,,
Bekasi,Bekasi Kayuringin,2026-04-29 01:00:00,66,66,33,,64,15,0,18,,,,,
Jakarta,The Pakubuwono Menteng,2026-04-29 01:31:14,156,156,60,125,,,,,57,29.9,,,
Depok,Cinere - Nafas,2026-04-29 01:30:35,175,175,79,155,,,,,0,0,,,
Bogor,Kabupaten Bogor Leuwiliang,2026-04-29 01:00:00,82,82,44,,4,9,0,80,,,,,
Tangerang,Tangerang Pasir Jaya,2026-04-29 01:00:00,67,67,36,,58,63,0,65,,,,,
Bekasi,Bekasi Kayuringin,2026-04-29 01:00:00,66,66,33,,64,15,0,18,,,,,
Jakarta,The Pakubuwono Menteng,2026-04-29 01:32:14,156,156,60,125,,,,,57,29.9,,,
Depok,Cinere - Nafas,2026-04-29 01:31:35,174,174,78,155,,,,,0,0,,,
Bogor,Kabupaten Bogor Leuwiliang,2026-04-29 01:00:00,82,82,44,,4,9,0,80,,,,,
Tangerang,Tangerang Pasir Jaya,2026-04-29 01:00:00,67,67,36,,58,63,0,65,,,,,
Bekasi,Bekasi Kayuringin,2026-04-29 01:00:00,66,66,33,,64,15,0,18,,,,,
Jakarta,The Pakubuwono Menteng,2026-04-29 01:33:14,154,154,58,120,,,,,57,29.9,,,
Depok,Cinere - Nafas,2026-04-29 01:32:35,175,175,77,155,,,,,0,0,,,
Bogor,Kabupaten Bogor Leuwiliang,2026-04-29 01:00:00,82,82,44,,4,9,0,80,,,,,
Tangerang,Tangerang Pasir Jaya,2026-04-29 01:00:00,67,67,36,,58,63,0,65,,,,,
Bekasi,Bekasi Kayuringin,2026-04-29 01:00:00,66,66,33,,64,15,0,18,,,,,
Jakarta,The Pakubuwono Menteng,2026-04-29 01:36:15,156,156,60,126,,,,,57,29.9,,,
Depok,Cinere - Nafas,2026-04-29 01:35:35,173,173,77,153,,,,,0,0,,,
Bogor,Kabupaten Bogor Leuwiliang,2026-04-29 01:00:00,82,82,44,,4,9,0,80,,,,,
Tangerang,Tangerang Pasir Jaya,2026-04-29 01:00:00,67,67,36,,58,63,0,65,,,,,
Bekasi,Bekasi Kayuringin,2026-04-29 01:00:00,66,66,33,,64,15,0,18,,,,,
Jakarta,The Pakubuwono Menteng,2026-04-29 01:37:14,159,159,62,133,,,,,57,29.9,,,
Depok,Cinere - Nafas,2026-04-29 01:36:35,173,173,76,154,,,,,0,0,,,
Bogor,Kabupaten Bogor Leuwiliang,2026-04-29 01:00:00,82,82,44,,4,9,0,80,,,,,
Tangerang,Tangerang Pasir Jaya,2026-04-29 01:00:00,67,67,36,,58,63,0,65,,,,,
Bekasi,Bekasi Kayuringin,2026-04-29 01:00:00,66,66,33,,64,15,0,18,,,,,
Jakarta,The Pakubuwono Menteng,2026-04-29 01:38:14,157,157,61,130,,,,,57,29.9,,,
Depok,Cinere - Nafas,2026-04-29 01:37:35,172,172,77,154,,,,,0,0,,,
Bogor,Kabupaten Bogor Leuwiliang,2026-04-29 01:00:00,82,82,44,,4,9,0,80,,,,,
Tangerang,Tangerang Pasir Jaya,2026-04-29 01:00:00,67,67,36,,58,63,0,65,,,,,
Bekasi,Bekasi Kayuringin,2026-04-29 01:00:00,66,66,33,,64,15,0,18,,,,,
Jakarta,The Pakubuwono Menteng,2026-04-29 01:39:14,153,153,58,114,,,,,57,29.9,,,
Depok,Cinere - Nafas,2026-04-29 01:38:35,172,172,76,154,,,,,0,0,,,
Bogor,Kabupaten Bogor Leuwiliang,2026-04-29 01:00:00,82,82,44,,4,9,0,80,,,,,
Tangerang,Tangerang Pasir Jaya,2026-04-29 01:00:00,67,67,36,,58,63,0,65,,,,,
Bekasi,Bekasi Kayuringin,2026-04-29 01:00:00,66,66,33,,64,15,0,18,,,,,
Jakarta,The Pakubuwono Menteng,2026-04-29 01:40:14,156,156,60,123,,,,,57,29.9,,,
Depok,Cinere - Nafas,2026-04-29 01:39:35,173,173,76,154,,,,,0,0,,,
Bogor,Kabupaten Bogor Leuwiliang,2026-04-29 01:00:00,82,82,44,,4,9,0,80,,,,,
Tangerang,Tangerang Pasir Jaya,2026-04-29 01:00:00,67,67,36,,58,63,0,65,,,,,
Bekasi,Bekasi Kayuringin,2026-04-29 01:00:00,66,66,33,,64,15,0,18,,,,,
Jakarta,The Pakubuwono Menteng,2026-04-29 01:40:14,156,156,60,123,,,,,57,29.9,,,
Depok,Cinere - Nafas,2026-04-29 01:39:35,173,173,76,154,,,,,0,0,,,
Bogor,Kabupaten Bogor Leuwiliang,2026-04-29 01:00:00,82,82,44,,4,9,0,80,,,,,
Tangerang,Tangerang Pasir Jaya,2026-04-29 01:00:00,67,67,36,,58,63,0,65,,,,,
Bekasi,Bekasi Kayuringin,2026-04-29 01:00:00,66,66,33,,64,15,0,18,,,,,
Jakarta,The Pakubuwono Menteng,2026-04-29 01:42:14,157,157,60,128,,,,,57,29.9,,,
Depok,Cinere - Nafas,2026-04-29 01:41:35,170,170,75,153,,,,,0,0,,,
Bogor,Kabupaten Bogor Leuwiliang,2026-04-29 01:00:00,82,82,44,,4,9,0,80,,,,,
Tangerang,Tangerang Pasir Jaya,2026-04-29 01:00:00,67,67,36,,58,63,0,65,,,,,
Bekasi,Bekasi Kayuringin,2026-04-29 01:00:00,66,66,33,,64,15,0,18,,,,,
Jakarta,The Pakubuwono Menteng,2026-04-29 01:43:14,154,154,59,122,,,,,57,29.9,,,
Depok,Cinere - Nafas,2026-04-29 01:43:35,171,171,74,153,,,,,0,0,,,
Bogor,Kabupaten Bogor Leuwiliang,2026-04-29 01:00:00,82,82,44,,4,9,0,80,,,,,
Tangerang,Tangerang Pasir Jaya,2026-04-29 01:00:00,67,67,36,,58,63,0,65,,,,,
Bekasi,Bekasi Kayuringin,2026-04-29 01:00:00,66,66,33,,64,15,0,18,,,,,
Jakarta,The Pakubuwono Menteng,2026-04-29 01:45:14,153,153,58,115,,,,,57,29.9,,,
Depok,Cinere - Nafas,2026-04-29 01:44:36,173,173,76,155,,,,,0,0,,,
Bogor,Kabupaten Bogor Leuwiliang,2026-04-29 01:00:00,82,82,44,,4,9,0,80,,,,,
Tangerang,Tangerang Pasir Jaya,2026-04-29 01:00:00,67,67,36,,58,63,0,65,,,,,
Bekasi,Bekasi Kayuringin,2026-04-29 01:00:00,66,66,33,,64,15,0,18,,,,,
Jakarta,The Pakubuwono Menteng,2026-04-29 01:46:14,150,150,57,106,,,,,57,29.9,,,
Depok,Cinere - Nafas,2026-04-29 01:45:36,172,172,75,153,,,,,0,0,,,
Bogor,Kabupaten Bogor Leuwiliang,2026-04-29 01:00:00,82,82,44,,4,9,0,80,,,,,
Tangerang,Tangerang Pasir Jaya,2026-04-29 01:00:00,67,67,36,,58,63,0,65,,,,,
Bekasi,Bekasi Kayuringin,2026-04-29 01:00:00,66,66,33,,64,15,0,18,,,,,
Jakarta,The Pakubuwono Menteng,2026-04-29 01:47:14,151,151,57,109,,,,,56,29.9,,,
Depok,Cinere - Nafas,2026-04-29 01:46:36,172,172,75,154,,,,,0,0,,,
Bogor,Kabupaten Bogor Leuwiliang,2026-04-29 01:00:00,82,82,44,,4,9,0,80,,,,,
Tangerang,Tangerang Pasir Jaya,2026-04-29 01:00:00,67,67,36,,58,63,0,65,,,,,
Bekasi,Bekasi Kayuringin,2026-04-29 01:00:00,66,66,33,,64,15,0,18,,,,,
Jakarta,The Pakubuwono Menteng,2026-04-29 01:49:14,152,152,58,112,,,,,56,30,,,
Depok,Cinere - Nafas,2026-04-29 01:48:36,176,176,77,155,,,,,0,0,,,
Bogor,Kabupaten Bogor Leuwiliang,2026-04-29 01:00:00,82,82,44,,4,9,0,80,,,,,
Tangerang,Tangerang Pasir Jaya,2026-04-29 01:00:00,67,67,36,,58,63,0,65,,,,,
Bekasi,Bekasi Kayuringin,2026-04-29 01:00:00,66,66,33,,64,15,0,18,,,,,
Jakarta,The Pakubuwono Menteng,2026-04-29 01:50:14,152,152,58,112,,,,,56,30,,,
Depok,Cinere - Nafas,2026-04-29 01:49:36,173,173,76,153,,,,,0,0,,,
Bogor,Kabupaten Bogor Leuwiliang,2026-04-29 01:00:00,82,82,44,,4,9,0,80,,,,,
Tangerang,Tangerang Pasir Jaya,2026-04-29 01:00:00,67,67,36,,58,63,0,65,,,,,
Bekasi,Bekasi Kayuringin,2026-04-29 01:00:00,66,66,33,,64,15,0,18,,,,,
Jakarta,The Pakubuwono Menteng,2026-04-29 01:50:14,152,152,58,112,,,,,56,30,,,
Depok,Cinere - Nafas,2026-04-29 01:49:36,173,173,76,153,,,,,0,0,,,
Bogor,Kabupaten Bogor Leuwiliang,2026-04-29 01:00:00,82,82,44,,4,9,0,80,,,,,
Tangerang,Tangerang Pasir Jaya,2026-04-29 01:00:00,67,67,36,,58,63,0,65,,,,,
Bekasi,Bekasi Kayuringin,2026-04-29 01:00:00,66,66,33,,64,15,0,18,,,,,
Jakarta,The Pakubuwono Menteng,2026-04-29 01:51:15,152,152,58,115,,,,,56,30,,,
Depok,Cinere - Nafas,2026-04-29 01:50:36,182,182,87,160,,,,,0,0,,,
Bogor,Kabupaten Bogor Leuwiliang,2026-04-29 01:00:00,82,82,44,,4,9,0,80,,,,,
Tangerang,Tangerang Pasir Jaya,2026-04-29 01:00:00,67,67,36,,58,63,0,65,,,,,
Bekasi,Bekasi Kayuringin,2026-04-29 01:00:00,66,66,33,,64,15,0,18,,,,,
Jakarta,The Pakubuwono Menteng,2026-04-29 01:52:14,156,156,60,126,,,,,56,30,,,
Depok,Cinere - Nafas,2026-04-29 01:51:36,190,190,93,165,,,,,0,0,,,
Bogor,Kabupaten Bogor Leuwiliang,2026-04-29 01:00:00,82,82,44,,4,9,0,80,,,,,
Tangerang,Tangerang Pasir Jaya,2026-04-29 01:00:00,67,67,36,,58,63,0,65,,,,,
Bekasi,Bekasi Kayuringin,2026-04-29 01:00:00,66,66,33,,64,15,0,18,,,,,
Jakarta,The Pakubuwono Menteng,2026-04-29 01:54:15,158,158,61,130,,,,,56,30,,,
Depok,Cinere - Nafas,2026-04-29 01:53:36,194,194,99,167,,,,,0,0,,,
Bogor,Kabupaten Bogor Leuwiliang,2026-04-29 01:00:00,82,82,44,,4,9,0,80,,,,,
Tangerang,Tangerang Pasir Jaya,2026-04-29 01:00:00,67,67,36,,58,63,0,65,,,,,
Bekasi,Bekasi Kayuringin,2026-04-29 01:00:00,66,66,33,,64,15,0,18,,,,,
Jakarta,The Pakubuwono Menteng,2026-04-29 01:56:15,160,160,62,140,,,,,57,30,,,
Depok,Cinere - Nafas,2026-04-29 01:55:36,193,193,98,166,,,,,0,0,,,
Bogor,Kabupaten Bogor Leuwiliang,2026-04-29 01:00:00,82,82,44,,4,9,0,80,,,,,
Tangerang,Tangerang Pasir Jaya,2026-04-29 01:00:00,67,67,36,,58,63,0,65,,,,,
Bekasi,Bekasi Kayuringin,2026-04-29 01:00:00,66,66,33,,64,15,0,18,,,,,
Jakarta,The Pakubuwono Menteng,2026-04-29 01:57:15,158,158,61,129,,,,,56,30,,,
Depok,Cinere - Nafas,2026-04-29 01:56:36,193,193,98,167,,,,,0,0,,,
Bogor,Kabupaten Bogor Leuwiliang,2026-04-29 01:00:00,82,82,44,,4,9,0,80,,,,,
Tangerang,Tangerang Pasir Jaya,2026-04-29 01:00:00,67,67,36,,58,63,0,65,,,,,
Bekasi,Bekasi Kayuringin,2026-04-29 01:00:00,66,66,33,,64,15,0,18,,,,,
Jakarta,The Pakubuwono Menteng,2026-04-29 01:58:15,158,158,61,134,,,,,57,29.9,,,
Depok,Cinere - Nafas,2026-04-29 01:57:36,195,195,99,167,,,,,0,0,,,
Bogor,Kabupaten Bogor Leuwiliang,2026-04-29 01:00:00,82,82,44,,4,9,0,80,,,,,
Tangerang,Tangerang Pasir Jaya,2026-04-29 01:00:00,67,67,36,,58,63,0,65,,,,,
Bekasi,Bekasi Kayuringin,2026-04-29 01:00:00,66,66,33,,64,15,0,18,,,,,
Jakarta,The Pakubuwono Menteng,2026-04-29 01:59:15,159,159,62,138,,,,,57,29.9,,,
Depok,Cinere - Nafas,2026-04-29 01:58:36,192,192,97,165,,,,,0,0,,,
Bogor,Kabupaten Bogor Leuwiliang,2026-04-29 01:00:00,82,82,44,,4,9,0,80,,,,,
Tangerang,Tangerang Pasir Jaya,2026-04-29 01:00:00,67,67,36,,58,63,0,65,,,,,
Bekasi,Bekasi Kayuringin,2026-04-29 01:00:00,66,66,33,,64,15,0,18,,,,,
Jakarta,The Pakubuwono Menteng,2026-04-29 02:00:15,159,159,61,136,,,,,57,29.9,,,
Depok,Cinere - Nafas,2026-04-29 01:59:36,196,196,102,166,,,,,0,0,,,
Bogor,Kabupaten Bogor Leuwiliang,2026-04-29 01:00:00,82,82,44,,4,9,0,80,,,,,
Tangerang,Tangerang Pasir Jaya,2026-04-29 01:00:00,67,67,36,,58,63,0,65,,,,,
Bekasi,Bekasi Kayuringin,2026-04-29 01:00:00,66,66,33,,64,15,0,18,,,,,
Jakarta,The Pakubuwono Menteng,2026-04-29 02:01:15,161,161,64,140,,,,,57,29.9,,,
Depok,Cinere - Nafas,2026-04-29 02:00:36,202,202,105,169,,,,,0,0,,,
Bogor,Kabupaten Bogor Leuwiliang,2026-04-29 01:00:00,82,82,44,,4,9,0,80,,,,,
Tangerang,Tangerang Pasir Jaya,2026-04-29 01:00:00,67,67,36,,58,63,0,65,,,,,
Bekasi,Bekasi Kayuringin,2026-04-29 01:00:00,66,66,33,,64,15,0,18,,,,,
Jakarta,The Pakubuwono Menteng,2026-04-29 02:02:15,158,158,61,131,,,,,57,29.9,,,
Depok,Cinere - Nafas,2026-04-29 02:02:36,200,200,106,168,,,,,0,0,,,
Bogor,Kabupaten Bogor Leuwiliang,2026-04-29 01:00:00,82,82,44,,4,9,0,80,,,,,
Tangerang,Tangerang Pasir Jaya,2026-04-29 01:00:00,67,67,36,,58,63,0,65,,,,,
Bekasi,Bekasi Kayuringin,2026-04-29 01:00:00,66,66,33,,64,15,0,18,,,,,
Jakarta,The Pakubuwono Menteng,2026-04-29 02:04:15,155,155,60,121,,,,,57,29.9,,,
Depok,Cinere - Nafas,2026-04-29 02:03:36,193,193,100,167,,,,,0,0,,,
Bogor,Kabupaten Bogor Leuwiliang,2026-04-29 01:00:00,82,82,44,,4,9,0,80,,,,,
Tangerang,Tangerang Pasir Jaya,2026-04-29 01:00:00,67,67,36,,58,63,0,65,,,,,
Bekasi,Bekasi Kayuringin,2026-04-29 01:00:00,66,66,33,,64,15,0,18,,,,,
Jakarta,The Pakubuwono Menteng,2026-04-29 02:05:15,158,158,61,130,,,,,57,29.9,,,
Depok,Cinere - Nafas,2026-04-29 02:04:36,194,194,97,166,,,,,0,0,,,
Bogor,Kabupaten Bogor Leuwiliang,2026-04-29 01:00:00,82,82,44,,4,9,0,80,,,,,
Tangerang,Tangerang Pasir Jaya,2026-04-29 01:00:00,67,67,36,,58,63,0,65,,,,,
Bekasi,Bekasi Kayuringin,2026-04-29 01:00:00,66,66,33,,64,15,0,18,,,,,
Jakarta,The Pakubuwono Menteng,2026-04-29 02:06:15,157,157,61,134,,,,,57,30,,,
Depok,Cinere - Nafas,2026-04-29 02:05:36,190,190,94,163,,,,,0,0,,,
Bogor,Kabupaten Bogor Leuwiliang,2026-04-29 01:00:00,82,82,44,,4,9,0,80,,,,,
Tangerang,Tangerang Pasir Jaya,2026-04-29 01:00:00,67,67,36,,58,63,0,65,,,,,
Bekasi,Bekasi Kayuringin,2026-04-29 01:00:00,66,66,33,,64,15,0,18,,,,,
Jakarta,The Pakubuwono Menteng,2026-04-29 02:07:15,157,157,61,131,,,,,57,29.9,,,
Depok,Cinere - Nafas,2026-04-29 02:06:36,190,190,93,163,,,,,0,0,,,
Bogor,Kabupaten Bogor Leuwiliang,2026-04-29 01:00:00,82,82,44,,4,9,0,80,,,,,
Tangerang,Tangerang Pasir Jaya,2026-04-29 01:00:00,67,67,36,,58,63,0,65,,,,,
Bekasi,Bekasi Kayuringin,2026-04-29 01:00:00,66,66,33,,64,15,0,18,,,,,
Jakarta,The Pakubuwono Menteng,2026-04-29 02:09:15,156,156,60,126,,,,,57,30,,,
Depok,Cinere - Nafas,2026-04-29 02:08:37,189,189,92,164,,,,,0,0,,,
Bogor,Kabupaten Bogor Leuwiliang,2026-04-29 02:00:00,82,82,44,,4,9,0,80,,,,,
Tangerang,Tangerang Pasir Jaya,2026-04-29 02:00:00,67,67,36,,58,63,0,65,,,,,
Bekasi,Bekasi Kayuringin,2026-04-29 02:00:00,65,65,32,,61,15,0,17,,,,,
Jakarta,The Pakubuwono Menteng,2026-04-29 02:10:18,157,157,61,130,,,,,57,29.9,,,
Depok,Cinere - Nafas,2026-04-29 02:09:36,187,187,92,163,,,,,0,0,,,
Bogor,Kabupaten Bogor Leuwiliang,2026-04-29 02:00:00,82,82,44,,4,9,0,80,,,,,
Tangerang,Tangerang Pasir Jaya,2026-04-29 02:00:00,67,67,36,,58,63,0,65,,,,,
Bekasi,Bekasi Kayuringin,2026-04-29 02:00:00,65,65,32,,61,15,0,17,,,,,
Jakarta,The Pakubuwono Menteng,2026-04-29 02:11:15,157,157,61,129,,,,,57,30,,,
Depok,Cinere - Nafas,2026-04-29 02:10:36,185,185,87,161,,,,,0,0,,,
Bogor,Kabupaten Bogor Leuwiliang,2026-04-29 02:00:00,82,82,44,,4,9,0,80,,,,,
Tangerang,Tangerang Pasir Jaya,2026-04-29 02:00:00,67,67,36,,58,63,0,65,,,,,
Bekasi,Bekasi Kayuringin,2026-04-29 02:00:00,65,65,32,,61,15,0,17,,,,,
Jakarta,The Pakubuwono Menteng,2026-04-29 02:13:15,160,160,63,139,,,,,57,29.9,,,
Depok,Cinere - Nafas,2026-04-29 02:12:36,185,185,90,161,,,,,0,0,,,
Bogor,Kabupaten Bogor Leuwiliang,2026-04-29 02:00:00,82,82,44,,4,9,0,80,,,,,
Tangerang,Tangerang Pasir Jaya,2026-04-29 02:00:00,67,67,36,,58,63,0,65,,,,,
Bekasi,Bekasi Kayuringin,2026-04-29 02:00:00,65,65,32,,61,15,0,17,,,,,
Jakarta,The Pakubuwono Menteng,2026-04-29 02:14:15,156,156,60,129,,,,,57,29.9,,,
Depok,Cinere - Nafas,2026-04-29 02:13:36,184,184,87,161,,,,,0,0,,,
Bogor,Kabupaten Bogor Leuwiliang,2026-04-29 02:00:00,82,82,44,,4,9,0,80,,,,,
Tangerang,Tangerang Pasir Jaya,2026-04-29 02:00:00,67,67,36,,58,63,0,65,,,,,
Bekasi,Bekasi Kayuringin,2026-04-29 02:00:00,65,65,32,,61,15,0,17,,,,,
Jakarta,The Pakubuwono Menteng,2026-04-29 02:14:15,156,156,60,129,,,,,57,29.9,,,
Depok,Cinere - Nafas,2026-04-29 02:13:36,184,184,87,161,,,,,0,0,,,
Bogor,Kabupaten Bogor Leuwiliang,2026-04-29 02:00:00,82,82,44,,4,9,0,80,,,,,
Tangerang,Tangerang Pasir Jaya,2026-04-29 02:00:00,67,67,36,,58,63,0,65,,,,,
Bekasi,Bekasi Kayuringin,2026-04-29 02:00:00,65,65,32,,61,15,0,17,,,,,
Jakarta,The Pakubuwono Menteng,2026-04-29 02:16:15,155,155,59,123,,,,,57,30,,,
Depok,Cinere - Nafas,2026-04-29 02:15:37,183,183,86,160,,,,,0,0,,,
Bogor,Kabupaten Bogor Leuwiliang,2026-04-29 02:00:00,82,82,44,,4,9,0,80,,,,,
Tangerang,Tangerang Pasir Jaya,2026-04-29 02:00:00,67,67,36,,58,63,0,65,,,,,
Bekasi,Bekasi Kayuringin,2026-04-29 02:00:00,65,65,32,,61,15,0,17,,,,,
Jakarta,The Pakubuwono Menteng,2026-04-29 02:17:15,157,157,61,128,,,,,57,30,,,
Depok,Cinere - Nafas,2026-04-29 02:16:36,183,183,87,161,,,,,0,0,,,
Bogor,Kabupaten Bogor Leuwiliang,2026-04-29 02:00:00,82,82,44,,4,9,0,80,,,,,
Tangerang,Tangerang Pasir Jaya,2026-04-29 02:00:00,67,67,36,,58,63,0,65,,,,,
Bekasi,Bekasi Kayuringin,2026-04-29 02:00:00,65,65,32,,61,15,0,17,,,,,
Jakarta,The Pakubuwono Menteng,2026-04-29 02:18:15,157,157,61,129,,,,,57,30,,,
Depok,Cinere - Nafas,2026-04-29 02:17:36,179,179,83,157,,,,,0,0,,,
Bogor,Kabupaten Bogor Leuwiliang,2026-04-29 02:00:00,82,82,44,,4,9,0,80,,,,,
Tangerang,Tangerang Pasir Jaya,2026-04-29 02:00:00,67,67,36,,58,63,0,65,,,,,
Bekasi,Bekasi Kayuringin,2026-04-29 02:00:00,65,65,32,,61,15,0,17,,,,,
Jakarta,The Pakubuwono Menteng,2026-04-29 02:19:15,155,155,59,121,,,,,57,30,,,
Depok,Cinere - Nafas,2026-04-29 02:18:36,179,179,82,158,,,,,0,0,,,
Bogor,Kabupaten Bogor Leuwiliang,2026-04-29 02:00:00,82,82,44,,4,9,0,80,,,,,
Tangerang,Tangerang Pasir Jaya,2026-04-29 02:00:00,67,67,36,,58,63,0,65,,,,,
Bekasi,Bekasi Kayuringin,2026-04-29 02:00:00,65,65,32,,61,15,0,17,,,,,
Jakarta,The Pakubuwono Menteng,2026-04-29 02:20:15,159,159,62,136,,,,,57,30,,,
Depok,Cinere - Nafas,2026-04-29 02:19:36,177,177,80,156,,,,,0,0,,,
Bogor,Kabupaten Bogor Leuwiliang,2026-04-29 02:00:00,82,82,44,,4,9,0,80,,,,,
Tangerang,Tangerang Pasir Jaya,2026-04-29 02:00:00,67,67,36,,58,63,0,65,,,,,
Bekasi,Bekasi Kayuringin,2026-04-29 02:00:00,65,65,32,,61,15,0,17,,,,,
Jakarta,The Pakubuwono Menteng,2026-04-29 02:23:15,154,154,59,121,,,,,57,30,,,
Depok,Cinere - Nafas,2026-04-29 02:22:36,178,178,82,156,,,,,0,0,,,
Bogor,Kabupaten Bogor Leuwiliang,2026-04-29 02:00:00,82,82,44,,4,9,0,80,,,,,
Tangerang,Tangerang Pasir Jaya,2026-04-29 02:00:00,67,67,36,,58,63,0,65,,,,,
Bekasi,Bekasi Kayuringin,2026-04-29 02:00:00,65,65,32,,61,15,0,17,,,,,
Jakarta,The Pakubuwono Menteng,2026-04-29 02:24:18,154,154,59,118,,,,,57,30,,,
Depok,Cinere - Nafas,2026-04-29 02:23:36,178,178,82,158,,,,,0,0,,,
Bogor,Kabupaten Bogor Leuwiliang,2026-04-29 02:00:00,82,82,44,,4,9,0,80,,,,,
Tangerang,Tangerang Pasir Jaya,2026-04-29 02:00:00,67,67,36,,58,63,0,65,,,,,
Bekasi,Bekasi Kayuringin,2026-04-29 02:00:00,65,65,32,,61,15,0,17,,,,,
Jakarta,The Pakubuwono Menteng,2026-04-29 02:25:15,156,156,61,126,,,,,57,30,,,
Depok,Cinere - Nafas,2026-04-29 02:24:36,178,178,83,156,,,,,0,0,,,
Bogor,Kabupaten Bogor Leuwiliang,2026-04-29 02:00:00,82,82,44,,4,9,0,80,,,,,
Tangerang,Tangerang Pasir Jaya,2026-04-29 02:00:00,67,67,36,,58,63,0,65,,,,,
Bekasi,Bekasi Kayuringin,2026-04-29 02:00:00,65,65,32,,61,15,0,17,,,,,
Jakarta,The Pakubuwono Menteng,2026-04-29 02:25:15,156,156,61,126,,,,,57,30,,,
Depok,Cinere - Nafas,2026-04-29 02:24:36,178,178,83,156,,,,,0,0,,,
Bogor,Kabupaten Bogor Leuwiliang,2026-04-29 02:00:00,82,82,44,,4,9,0,80,,,,,
Tangerang,Tangerang Pasir Jaya,2026-04-29 02:00:00,67,67,36,,58,63,0,65,,,,,
Bekasi,Bekasi Kayuringin,2026-04-29 02:00:00,65,65,32,,61,15,0,17,,,,,
Jakarta,The Pakubuwono Menteng,2026-04-29 02:26:15,153,153,58,118,,,,,57,30,,,
Depok,Cinere - Nafas,2026-04-29 02:25:36,177,177,80,156,,,,,0,0,,,
Bogor,Kabupaten Bogor Leuwiliang,2026-04-29 02:00:00,82,82,44,,4,9,0,80,,,,,
Tangerang,Tangerang Pasir Jaya,2026-04-29 02:00:00,67,67,36,,58,63,0,65,,,,,
Bekasi,Bekasi Kayuringin,2026-04-29 02:00:00,65,65,32,,61,15,0,17,,,,,
Jakarta,The Pakubuwono Menteng,2026-04-29 02:27:15,152,152,58,115,,,,,57,30.1,,,
Depok,Cinere - Nafas,2026-04-29 02:26:36,176,176,80,157,,,,,0,0,,,
Bogor,Kabupaten Bogor Leuwiliang,2026-04-29 02:00:00,82,82,44,,4,9,0,80,,,,,
Tangerang,Tangerang Pasir Jaya,2026-04-29 02:00:00,67,67,36,,58,63,0,65,,,,,
Bekasi,Bekasi Kayuringin,2026-04-29 02:00:00,65,65,32,,61,15,0,17,,,,,
Jakarta,The Pakubuwono Menteng,2026-04-29 02:29:15,154,154,58,115,,,,,56,30,,,
Depok,Cinere - Nafas,2026-04-29 02:28:36,176,176,82,156,,,,,0,0,,,
Bogor,Kabupaten Bogor Leuwiliang,2026-04-29 02:00:00,82,82,44,,4,9,0,80,,,,,
Tangerang,Tangerang Pasir Jaya,2026-04-29 02:00:00,67,67,36,,58,63,0,65,,,,,
Bekasi,Bekasi Kayuringin,2026-04-29 02:00:00,65,65,32,,61,15,0,17,,,,,
Jakarta,The Pakubuwono Menteng,2026-04-29 02:30:15,157,157,60,128,,,,,57,30.1,,,
Depok,Cinere - Nafas,2026-04-29 02:30:36,180,180,84,157,,,,,0,0,,,
Bogor,Kabupaten Bogor Leuwiliang,2026-04-29 02:00:00,82,82,44,,4,9,0,80,,,,,
Tangerang,Tangerang Pasir Jaya,2026-04-29 02:00:00,67,67,36,,58,63,0,65,,,,,
Bekasi,Bekasi Kayuringin,2026-04-29 02:00:00,65,65,32,,61,15,0,17,,,,,
Jakarta,The Pakubuwono Menteng,2026-04-29 02:32:15,155,155,59,115,,,,,57,30.1,,,
Depok,Cinere - Nafas,2026-04-29 02:31:36,181,181,85,158,,,,,0,0,,,
Bogor,Kabupaten Bogor Leuwiliang,2026-04-29 02:00:00,82,82,44,,4,9,0,80,,,,,
Tangerang,Tangerang Pasir Jaya,2026-04-29 02:00:00,67,67,36,,58,63,0,65,,,,,
Bekasi,Bekasi Kayuringin,2026-04-29 02:00:00,65,65,32,,61,15,0,17,,,,,
Jakarta,The Pakubuwono Menteng,2026-04-29 02:33:15,152,152,58,115,,,,,56,30.1,,,
Depok,Cinere - Nafas,2026-04-29 02:32:37,182,182,88,160,,,,,0,0,,,
Bogor,Kabupaten Bogor Leuwiliang,2026-04-29 02:00:00,82,82,44,,4,9,0,80,,,,,
Tangerang,Tangerang Pasir Jaya,2026-04-29 02:00:00,67,67,36,,58,63,0,65,,,,,
Bekasi,Bekasi Kayuringin,2026-04-29 02:00:00,65,65,32,,61,15,0,17,,,,,
Jakarta,The Pakubuwono Menteng,2026-04-29 02:34:15,151,151,57,111,,,,,56,30.1,,,
Depok,Cinere - Nafas,2026-04-29 02:33:36,180,180,84,159,,,,,0,0,,,
Bogor,Kabupaten Bogor Leuwiliang,2026-04-29 02:00:00,82,82,44,,4,9,0,80,,,,,
Tangerang,Tangerang Pasir Jaya,2026-04-29 02:00:00,67,67,36,,58,63,0,65,,,,,
Bekasi,Bekasi Kayuringin,2026-04-29 02:00:00,65,65,32,,61,15,0,17,,,,,
Jakarta,The Pakubuwono Menteng,2026-04-29 02:35:15,151,151,57,108,,,,,56,30.1,,,
Depok,Cinere - Nafas,2026-04-29 02:34:36,180,180,84,158,,,,,0,0,,,
Bogor,Kabupaten Bogor Leuwiliang,2026-04-29 02:00:00,82,82,44,,4,9,0,80,,,,,
Tangerang,Tangerang Pasir Jaya,2026-04-29 02:00:00,67,67,36,,58,63,0,65,,,,,
Bekasi,Bekasi Kayuringin,2026-04-29 02:00:00,65,65,32,,61,15,0,17,,,,,
Jakarta,The Pakubuwono Menteng,2026-04-29 02:36:16,143,143,56,105,,,,,56,30.2,,,
Depok,Cinere - Nafas,2026-04-29 02:35:36,181,181,86,160,,,,,0,0,,,
Bogor,Kabupaten Bogor Leuwiliang,2026-04-29 02:00:00,82,82,44,,4,9,0,80,,,,,
Tangerang,Tangerang Pasir Jaya,2026-04-29 02:00:00,67,67,36,,58,63,0,65,,,,,
Bekasi,Bekasi Kayuringin,2026-04-29 02:00:00,65,65,32,,61,15,0,17,,,,,
Jakarta,The Pakubuwono Menteng,2026-04-29 02:37:16,152,152,58,112,,,,,56,30.1,,,
Depok,Cinere - Nafas,2026-04-29 02:36:37,179,179,83,158,,,,,0,0,,,
Bogor,Kabupaten Bogor Leuwiliang,2026-04-29 02:00:00,82,82,44,,4,9,0,80,,,,,
Tangerang,Tangerang Pasir Jaya,2026-04-29 02:00:00,67,67,36,,58,63,0,65,,,,,
Bekasi,Bekasi Kayuringin,2026-04-29 02:00:00,65,65,32,,61,15,0,17,,,,,
Jakarta,The Pakubuwono Menteng,2026-04-29 02:38:16,156,156,61,127,,,,,56,30.1,,,
Depok,Cinere - Nafas,2026-04-29 02:37:36,179,179,83,157,,,,,0,0,,,
Bogor,Kabupaten Bogor Leuwiliang,2026-04-29 02:00:00,82,82,44,,4,9,0,80,,,,,
Tangerang,Tangerang Pasir Jaya,2026-04-29 02:00:00,67,67,36,,58,63,0,65,,,,,
Bekasi,Bekasi Kayuringin,2026-04-29 02:00:00,65,65,32,,61,15,0,17,,,,,
Jakarta,The Pakubuwono Menteng,2026-04-29 02:40:16,150,150,56,110,,,,,56,30.1,,,
Depok,Cinere - Nafas,2026-04-29 02:39:36,178,178,82,158,,,,,0,0,,,
Bogor,Kabupaten Bogor Leuwiliang,2026-04-29 02:00:00,82,82,44,,4,9,0,80,,,,,
Tangerang,Tangerang Pasir Jaya,2026-04-29 02:00:00,67,67,36,,58,63,0,65,,,,,
Bekasi,Bekasi Kayuringin,2026-04-29 02:00:00,65,65,32,,61,15,0,17,,,,,
Jakarta,The Pakubuwono Menteng,2026-04-29 02:41:16,150,150,56,108,,,,,56,30.2,,,
Depok,Cinere - Nafas,2026-04-29 02:40:36,180,180,84,157,,,,,0,0,,,
Bogor,Kabupaten Bogor Leuwiliang,2026-04-29 02:00:00,82,82,44,,4,9,0,80,,,,,
Tangerang,Tangerang Pasir Jaya,2026-04-29 02:00:00,67,67,36,,58,63,0,65,,,,,
Bekasi,Bekasi Kayuringin,2026-04-29 02:00:00,65,65,32,,61,15,0,17,,,,,
Jakarta,The Pakubuwono Menteng,2026-04-29 02:43:16,148,148,56,108,,,,,56,30.2,,,
Depok,Cinere - Nafas,2026-04-29 02:42:37,179,179,82,158,,,,,0,0,,,
Bogor,Kabupaten Bogor Leuwiliang,2026-04-29 02:00:00,82,82,44,,4,9,0,80,,,,,
Tangerang,Tangerang Pasir Jaya,2026-04-29 02:00:00,67,67,36,,58,63,0,65,,,,,
Bekasi,Bekasi Kayuringin,2026-04-29 02:00:00,65,65,32,,61,15,0,17,,,,,
Jakarta,The Pakubuwono Menteng,2026-04-29 02:44:16,151,151,57,111,,,,,56,30.2,,,
Depok,Cinere - Nafas,2026-04-29 02:43:37,176,176,80,157,,,,,0,0,,,
Bogor,Kabupaten Bogor Leuwiliang,2026-04-29 02:00:00,82,82,44,,4,9,0,80,,,,,
Tangerang,Tangerang Pasir Jaya,2026-04-29 02:00:00,67,67,36,,58,63,0,65,,,,,
Bekasi,Bekasi Kayuringin,2026-04-29 02:00:00,65,65,32,,61,15,0,17,,,,,
Jakarta,The Pakubuwono Menteng,2026-04-29 02:45:16,152,152,57,113,,,,,56,30.2,,,
Depok,Cinere - Nafas,2026-04-29 02:44:36,177,177,81,158,,,,,0,0,,,
Bogor,Kabupaten Bogor Leuwiliang,2026-04-29 02:00:00,82,82,44,,4,9,0,80,,,,,
Tangerang,Tangerang Pasir Jaya,2026-04-29 02:00:00,67,67,36,,58,63,0,65,,,,,
Bekasi,Bekasi Kayuringin,2026-04-29 02:00:00,65,65,32,,61,15,0,17,,,,,
Jakarta,The Pakubuwono Menteng,2026-04-29 02:46:16,152,152,58,117,,,,,56,30.2,,,
Depok,Cinere - Nafas,2026-04-29 02:45:36,179,179,82,157,,,,,0,0,,,
Bogor,Kabupaten Bogor Leuwiliang,2026-04-29 02:00:00,82,82,44,,4,9,0,80,,,,,
Tangerang,Tangerang Pasir Jaya,2026-04-29 02:00:00,67,67,36,,58,63,0,65,,,,,
Bekasi,Bekasi Kayuringin,2026-04-29 02:00:00,65,65,32,,61,15,0,17,,,,,
Jakarta,The Pakubuwono Menteng,2026-04-29 02:47:16,148,148,56,109,,,,,56,30.2,,,
Depok,Cinere - Nafas,2026-04-29 02:46:36,178,178,81,157,,,,,0,0,,,
Bogor,Kabupaten Bogor Leuwiliang,2026-04-29 02:00:00,82,82,44,,4,9,0,80,,,,,
Tangerang,Tangerang Pasir Jaya,2026-04-29 02:00:00,67,67,36,,58,63,0,65,,,,,
Bekasi,Bekasi Kayuringin,2026-04-29 02:00:00,65,65,32,,61,15,0,17,,,,,
Jakarta,The Pakubuwono Menteng,2026-04-29 02:47:16,148,148,56,109,,,,,56,30.2,,,
Depok,Cinere - Nafas,2026-04-29 02:46:36,178,178,81,157,,,,,0,0,,,
Bogor,Kabupaten Bogor Leuwiliang,2026-04-29 02:00:00,82,82,44,,4,9,0,80,,,,,
Tangerang,Tangerang Pasir Jaya,2026-04-29 02:00:00,67,67,36,,58,63,0,65,,,,,
Bekasi,Bekasi Kayuringin,2026-04-29 02:00:00,65,65,32,,61,15,0,17,,,,,
Jakarta,The Pakubuwono Menteng,2026-04-29 02:50:16,151,151,56,108,,,,,56,30.2,,,
Depok,Cinere - Nafas,2026-04-29 02:49:37,175,175,79,156,,,,,0,0,,,
Bogor,Kabupaten Bogor Leuwiliang,2026-04-29 02:00:00,82,82,44,,4,9,0,80,,,,,
Tangerang,Tangerang Pasir Jaya,2026-04-29 02:00:00,67,67,36,,58,63,0,65,,,,,
Bekasi,Bekasi Kayuringin,2026-04-29 02:00:00,65,65,32,,61,15,0,17,,,,,
Jakarta,The Pakubuwono Menteng,2026-04-29 02:51:16,153,153,58,115,,,,,56,30.3,,,
Depok,Cinere - Nafas,2026-04-29 02:50:36,176,176,80,157,,,,,0,0,,,
Bogor,Kabupaten Bogor Leuwiliang,2026-04-29 02:00:00,82,82,44,,4,9,0,80,,,,,
Tangerang,Tangerang Pasir Jaya,2026-04-29 02:00:00,67,67,36,,58,63,0,65,,,,,
Bekasi,Bekasi Kayuringin,2026-04-29 02:00:00,65,65,32,,61,15,0,17,,,,,
Jakarta,The Pakubuwono Menteng,2026-04-29 02:52:16,158,158,61,131,,,,,56,30.3,,,
Depok,Cinere - Nafas,2026-04-29 02:51:36,176,176,81,156,,,,,0,0,,,
Bogor,Kabupaten Bogor Leuwiliang,2026-04-29 02:00:00,82,82,44,,4,9,0,80,,,,,
Tangerang,Tangerang Pasir Jaya,2026-04-29 02:00:00,67,67,36,,58,63,0,65,,,,,
Bekasi,Bekasi Kayuringin,2026-04-29 02:00:00,65,65,32,,61,15,0,17,,,,,
Jakarta,The Pakubuwono Menteng,2026-04-29 02:53:16,154,154,59,118,,,,,56,30.2,,,
Depok,Cinere - Nafas,2026-04-29 02:52:37,176,176,80,156,,,,,0,0,,,
Bogor,Kabupaten Bogor Leuwiliang,2026-04-29 02:00:00,82,82,44,,4,9,0,80,,,,,
Tangerang,Tangerang Pasir Jaya,2026-04-29 02:00:00,67,67,36,,58,63,0,65,,,,,
Bekasi,Bekasi Kayuringin,2026-04-29 02:00:00,65,65,32,,61,15,0,17,,,,,
Jakarta,The Pakubuwono Menteng,2026-04-29 02:54:16,151,151,57,115,,,,,56,30.3,,,
Depok,Cinere - Nafas,2026-04-29 02:53:36,175,175,78,156,,,,,0,0,,,
Bogor,Kabupaten Bogor Leuwiliang,2026-04-29 02:00:00,82,82,44,,4,9,0,80,,,,,
Tangerang,Tangerang Pasir Jaya,2026-04-29 02:00:00,67,67,36,,58,63,0,65,,,,,
Bekasi,Bekasi Kayuringin,2026-04-29 02:00:00,65,65,32,,61,15,0,17,,,,,
Jakarta,The Pakubuwono Menteng,2026-04-29 02:56:16,159,159,62,133,,,,,57,30.3,,,
Depok,Cinere - Nafas,2026-04-29 02:55:36,176,176,80,156,,,,,0,0,,,
Bogor,Kabupaten Bogor Leuwiliang,2026-04-29 02:00:00,82,82,44,,4,9,0,80,,,,,
Tangerang,Tangerang Pasir Jaya,2026-04-29 02:00:00,67,67,36,,58,63,0,65,,,,,
Bekasi,Bekasi Kayuringin,2026-04-29 02:00:00,65,65,32,,61,15,0,17,,,,,
Jakarta,The Pakubuwono Menteng,2026-04-29 02:57:16,153,153,59,118,,,,,57,30.3,,,
Depok,Cinere - Nafas,2026-04-29 02:56:37,177,177,82,156,,,,,0,0,,,
Bogor,Kabupaten Bogor Leuwiliang,2026-04-29 02:00:00,82,82,44,,4,9,0,80,,,,,
Tangerang,Tangerang Pasir Jaya,2026-04-29 02:00:00,67,67,36,,58,63,0,65,,,,,
Bekasi,Bekasi Kayuringin,2026-04-29 02:00:00,65,65,32,,61,15,0,17,,,,,
Jakarta,The Pakubuwono Menteng,2026-04-29 02:58:16,155,155,60,120,,,,,57,30.2,,,
Depok,Cinere - Nafas,2026-04-29 02:57:37,178,178,82,157,,,,,0,0,,,
Bogor,Kabupaten Bogor Leuwiliang,2026-04-29 02:00:00,82,82,44,,4,9,0,80,,,,,
Tangerang,Tangerang Pasir Jaya,2026-04-29 02:00:00,67,67,36,,58,63,0,65,,,,,
Bekasi,Bekasi Kayuringin,2026-04-29 02:00:00,65,65,32,,61,15,0,17,,,,,
Jakarta,The Pakubuwono Menteng,2026-04-29 02:59:16,152,152,57,114,,,,,57,30.2,,,
Depok,Cinere - Nafas,2026-04-29 02:59:36,178,178,81,158,,,,,0,0,,,
Bogor,Kabupaten Bogor Leuwiliang,2026-04-29 02:00:00,82,82,44,,4,9,0,80,,,,,
Tangerang,Tangerang Pasir Jaya,2026-04-29 02:00:00,67,67,36,,58,63,0,65,,,,,
Bekasi,Bekasi Kayuringin,2026-04-29 02:00:00,65,65,32,,61,15,0,17,,,,,
Jakarta,The Pakubuwono Menteng,2026-04-29 03:00:16,154,154,59,125,,,,,56,30.3,,,
Depok,Cinere - Nafas,2026-04-29 03:00:37,181,181,84,158,,,,,0,0,,,
Bogor,Kabupaten Bogor Leuwiliang,2026-04-29 02:00:00,82,82,44,,4,9,0,80,,,,,
Tangerang,Tangerang Pasir Jaya,2026-04-29 02:00:00,67,67,36,,58,63,0,65,,,,,
Bekasi,Bekasi Kayuringin,2026-04-29 02:00:00,65,65,32,,61,15,0,17,,,,,
Jakarta,The Pakubuwono Menteng,2026-04-29 03:02:16,151,151,57,111,,,,,56,30.2,,,
Depok,Cinere - Nafas,2026-04-29 03:02:37,178,178,81,158,,,,,0,0,,,
Bogor,Kabupaten Bogor Leuwiliang,2026-04-29 02:00:00,82,82,44,,4,9,0,80,,,,,
Tangerang,Tangerang Pasir Jaya,2026-04-29 02:00:00,67,67,36,,58,63,0,65,,,,,
Bekasi,Bekasi Kayuringin,2026-04-29 02:00:00,65,65,32,,61,15,0,17,,,,,
Jakarta,The Pakubuwono Menteng,2026-04-29 03:03:16,146,146,56,105,,,,,56,30.2,,,
Depok,Cinere - Nafas,2026-04-29 03:03:37,179,179,82,157,,,,,0,0,,,
Bogor,Kabupaten Bogor Leuwiliang,2026-04-29 02:00:00,82,82,44,,4,9,0,80,,,,,
Tangerang,Tangerang Pasir Jaya,2026-04-29 02:00:00,67,67,36,,58,63,0,65,,,,,
Bekasi,Bekasi Kayuringin,2026-04-29 02:00:00,65,65,32,,61,15,0,17,,,,,
Jakarta,The Pakubuwono Menteng,2026-04-29 03:04:16,141,141,56,104,,,,,56,30.3,,,
Depok,Cinere - Nafas,2026-04-29 03:04:37,180,180,84,159,,,,,0,0,,,
Bogor,Kabupaten Bogor Leuwiliang,2026-04-29 02:00:00,82,82,44,,4,9,0,80,,,,,
Tangerang,Tangerang Pasir Jaya,2026-04-29 02:00:00,67,67,36,,58,63,0,65,,,,,
Bekasi,Bekasi Kayuringin,2026-04-29 02:00:00,65,65,32,,61,15,0,17,,,,,
Jakarta,The Pakubuwono Menteng,2026-04-29 03:05:16,149,149,57,108,,,,,56,30.2,,,
Depok,Cinere - Nafas,2026-04-29 03:05:37,180,180,82,158,,,,,0,0,,,
Bogor,Kabupaten Bogor Leuwiliang,2026-04-29 02:00:00,82,82,44,,4,9,0,80,,,,,
Tangerang,Tangerang Pasir Jaya,2026-04-29 02:00:00,67,67,36,,58,63,0,65,,,,,
Bekasi,Bekasi Kayuringin,2026-04-29 02:00:00,65,65,32,,61,15,0,17,,,,,
Jakarta,The Pakubuwono Menteng,2026-04-29 03:06:16,141,141,55,101,,,,,56,30.3,,,
Depok,Cinere - Nafas,2026-04-29 03:06:37,180,180,83,159,,,,,0,0,,,
Bogor,Kabupaten Bogor Leuwiliang,2026-04-29 02:00:00,82,82,44,,4,9,0,80,,,,,
Tangerang,Tangerang Pasir Jaya,2026-04-29 02:00:00,67,67,36,,58,63,0,65,,,,,
Bekasi,Bekasi Kayuringin,2026-04-29 02:00:00,65,65,32,,61,15,0,17,,,,,
Jakarta,The Pakubuwono Menteng,2026-04-29 03:08:16,141,141,56,99,,,,,56,30.2,,,
Depok,Cinere - Nafas,2026-04-29 03:08:37,181,181,85,159,,,,,0,0,,,
Bogor,Kabupaten Bogor Leuwiliang,2026-04-29 02:00:00,82,82,44,,4,9,0,80,,,,,
Tangerang,Tangerang Pasir Jaya,2026-04-29 02:00:00,67,67,36,,58,63,0,65,,,,,
Bekasi,Bekasi Kayuringin,2026-04-29 02:00:00,65,65,32,,61,15,0,17,,,,,
Jakarta,The Pakubuwono Menteng,2026-04-29 03:10:16,139,139,54,99,,,,,56,30.2,,,
Depok,Cinere - Nafas,2026-04-29 03:10:37,186,186,93,162,,,,,0,0,,,
Bogor,Kabupaten Bogor Leuwiliang,2026-04-29 03:00:00,82,82,44,,4,9,0,80,,,,,
Tangerang,Tangerang Pasir Jaya,2026-04-29 03:00:00,69,69,36,,58,63,0,65,,,,,
Bekasi,Bekasi Kayuringin,2026-04-29 03:00:00,68,68,33,,58,15,0,16,,,,,
Jakarta,The Pakubuwono Menteng,2026-04-29 03:11:16,141,141,55,97,,,,,56,30.2,,,
Depok,Cinere - Nafas,2026-04-29 03:11:37,187,187,92,162,,,,,0,0,,,
Bogor,Kabupaten Bogor Leuwiliang,2026-04-29 03:00:00,82,82,44,,4,9,0,80,,,,,
Tangerang,Tangerang Pasir Jaya,2026-04-29 03:00:00,69,69,36,,58,63,0,65,,,,,
Bekasi,Bekasi Kayuringin,2026-04-29 03:00:00,68,68,33,,58,15,0,16,,,,,
Jakarta,The Pakubuwono Menteng,2026-04-29 03:11:16,141,141,55,97,,,,,56,30.2,,,
Depok,Cinere - Nafas,2026-04-29 03:11:37,187,187,92,162,,,,,0,0,,,
Bogor,Kabupaten Bogor Leuwiliang,2026-04-29 03:00:00,82,82,44,,4,9,0,80,,,,,
Tangerang,Tangerang Pasir Jaya,2026-04-29 03:00:00,69,69,36,,58,63,0,65,,,,,
Bekasi,Bekasi Kayuringin,2026-04-29 03:00:00,68,68,33,,58,15,0,16,,,,,
Jakarta,The Pakubuwono Menteng,2026-04-29 03:12:17,138,138,54,96,,,,,56,30.2,,,
Depok,Cinere - Nafas,2026-04-29 03:12:37,185,185,91,162,,,,,0,0,,,
Bogor,Kabupaten Bogor Leuwiliang,2026-04-29 03:00:00,82,82,44,,4,9,0,80,,,,,
Tangerang,Tangerang Pasir Jaya,2026-04-29 03:00:00,69,69,36,,58,63,0,65,,,,,
Bekasi,Bekasi Kayuringin,2026-04-29 03:00:00,68,68,33,,58,15,0,16,,,,,
Jakarta,The Pakubuwono Menteng,2026-04-29 03:13:16,138,138,55,100,,,,,56,30.2,,,
Depok,Cinere - Nafas,2026-04-29 03:13:37,185,185,89,162,,,,,0,0,,,
Bogor,Kabupaten Bogor Leuwiliang,2026-04-29 03:00:00,82,82,44,,4,9,0,80,,,,,
Tangerang,Tangerang Pasir Jaya,2026-04-29 03:00:00,69,69,36,,58,63,0,65,,,,,
Bekasi,Bekasi Kayuringin,2026-04-29 03:00:00,68,68,33,,58,15,0,16,,,,,
Jakarta,The Pakubuwono Menteng,2026-04-29 03:14:16,139,139,55,100,,,,,56,30.2,,,
Depok,Cinere - Nafas,2026-04-29 03:14:37,183,183,88,160,,,,,0,0,,,
Bogor,Kabupaten Bogor Leuwiliang,2026-04-29 03:00:00,82,82,44,,4,9,0,80,,,,,
Tangerang,Tangerang Pasir Jaya,2026-04-29 03:00:00,69,69,36,,58,63,0,65,,,,,
Bekasi,Bekasi Kayuringin,2026-04-29 03:00:00,68,68,33,,58,15,0,16,,,,,
Jakarta,The Pakubuwono Menteng,2026-04-29 03:15:16,139,139,55,98,,,,,55,30.2,,,
Depok,Cinere - Nafas,2026-04-29 03:15:37,185,185,90,161,,,,,0,0,,,
Bogor,Kabupaten Bogor Leuwiliang,2026-04-29 03:00:00,82,82,44,,4,9,0,80,,,,,
Tangerang,Tangerang Pasir Jaya,2026-04-29 03:00:00,69,69,36,,58,63,0,65,,,,,
Bekasi,Bekasi Kayuringin,2026-04-29 03:00:00,68,68,33,,58,15,0,16,,,,,
Jakarta,The Pakubuwono Menteng,2026-04-29 03:18:16,151,151,58,113,,,,,56,30.2,,,
Depok,Cinere - Nafas,2026-04-29 03:18:37,182,182,87,161,,,,,0,0,,,
Bogor,Kabupaten Bogor Leuwiliang,2026-04-29 03:00:00,82,82,44,,4,9,0,80,,,,,
Tangerang,Tangerang Pasir Jaya,2026-04-29 03:00:00,69,69,36,,58,63,0,65,,,,,
Bekasi,Bekasi Kayuringin,2026-04-29 03:00:00,68,68,33,,58,15,0,16,,,,,
Jakarta,The Pakubuwono Menteng,2026-04-29 03:19:17,143,143,56,106,,,,,56,30.2,,,
Depok,Cinere - Nafas,2026-04-29 03:19:37,183,183,87,160,,,,,0,0,,,
Bogor,Kabupaten Bogor Leuwiliang,2026-04-29 03:00:00,82,82,44,,4,9,0,80,,,,,
Tangerang,Tangerang Pasir Jaya,2026-04-29 03:00:00,69,69,36,,58,63,0,65,,,,,
Bekasi,Bekasi Kayuringin,2026-04-29 03:00:00,68,68,33,,58,15,0,16,,,,,
Jakarta,The Pakubuwono Menteng,2026-04-29 03:20:16,139,139,54,99,,,,,56,30.2,,,
Depok,Cinere - Nafas,2026-04-29 03:20:37,183,183,87,161,,,,,0,0,,,
Bogor,Kabupaten Bogor Leuwiliang,2026-04-29 03:00:00,82,82,44,,4,9,0,80,,,,,
Tangerang,Tangerang Pasir Jaya,2026-04-29 03:00:00,69,69,36,,58,63,0,65,,,,,
Bekasi,Bekasi Kayuringin,2026-04-29 03:00:00,68,68,33,,58,15,0,16,,,,,
Jakarta,The Pakubuwono Menteng,2026-04-29 03:21:16,139,139,55,99,,,,,55,30.2,,,
Depok,Cinere - Nafas,2026-04-29 03:21:37,183,183,88,161,,,,,0,0,,,
Bogor,Kabupaten Bogor Leuwiliang,2026-04-29 03:00:00,82,82,44,,4,9,0,80,,,,,
Tangerang,Tangerang Pasir Jaya,2026-04-29 03:00:00,69,69,36,,58,63,0,65,,,,,
Bekasi,Bekasi Kayuringin,2026-04-29 03:00:00,68,68,33,,58,15,0,16,,,,,
Jakarta,The Pakubuwono Menteng,2026-04-29 03:22:16,150,150,57,108,,,,,56,30.2,,,
Depok,Cinere - Nafas,2026-04-29 03:22:37,184,184,89,160,,,,,0,0,,,
Bogor,Kabupaten Bogor Leuwiliang,2026-04-29 03:00:00,82,82,44,,4,9,0,80,,,,,
Tangerang,Tangerang Pasir Jaya,2026-04-29 03:00:00,69,69,36,,58,63,0,65,,,,,
Bekasi,Bekasi Kayuringin,2026-04-29 03:00:00,68,68,33,,58,15,0,16,,,,,
Jakarta,The Pakubuwono Menteng,2026-04-29 03:23:17,150,150,56,110,,,,,56,30.3,,,
Depok,Cinere - Nafas,2026-04-29 03:23:37,185,185,89,162,,,,,0,0,,,
Bogor,Kabupaten Bogor Leuwiliang,2026-04-29 03:00:00,82,82,44,,4,9,0,80,,,,,
Tangerang,Tangerang Pasir Jaya,2026-04-29 03:00:00,69,69,36,,58,63,0,65,,,,,
Bekasi,Bekasi Kayuringin,2026-04-29 03:00:00,68,68,33,,58,15,0,16,,,,,
Jakarta,The Pakubuwono Menteng,2026-04-29 03:24:16,154,154,59,116,,,,,56,30.2,,,
Depok,Cinere - Nafas,2026-04-29 03:24:37,186,186,90,161,,,,,0,0,,,
Bogor,Kabupaten Bogor Leuwiliang,2026-04-29 03:00:00,82,82,44,,4,9,0,80,,,,,
Tangerang,Tangerang Pasir Jaya,2026-04-29 03:00:00,69,69,36,,58,63,0,65,,,,,
Bekasi,Bekasi Kayuringin,2026-04-29 03:00:00,68,68,33,,58,15,0,16,,,,,
Jakarta,The Pakubuwono Menteng,2026-04-29 03:25:17,153,153,59,113,,,,,56,30.2,,,
Depok,Cinere - Nafas,2026-04-29 03:25:37,186,186,90,162,,,,,0,0,,,
Bogor,Kabupaten Bogor Leuwiliang,2026-04-29 03:00:00,82,82,44,,4,9,0,80,,,,,
Tangerang,Tangerang Pasir Jaya,2026-04-29 03:00:00,69,69,36,,58,63,0,65,,,,,
Bekasi,Bekasi Kayuringin,2026-04-29 03:00:00,68,68,33,,58,15,0,16,,,,,
Jakarta,The Pakubuwono Menteng,2026-04-29 03:27:17,160,160,62,136,,,,,56,30.2,,,
Depok,Cinere - Nafas,2026-04-29 03:27:37,190,190,93,164,,,,,0,0,,,
Bogor,Kabupaten Bogor Leuwiliang,2026-04-29 03:00:00,82,82,44,,4,9,0,80,,,,,
Tangerang,Tangerang Pasir Jaya,2026-04-29 03:00:00,69,69,36,,58,63,0,65,,,,,
Bekasi,Bekasi Kayuringin,2026-04-29 03:00:00,68,68,33,,58,15,0,16,,,,,
Jakarta,The Pakubuwono Menteng,2026-04-29 03:29:17,159,159,62,139,,,,,56,30.2,,,
Depok,Cinere - Nafas,2026-04-29 03:29:37,185,185,91,161,,,,,0,0,,,
Bogor,Kabupaten Bogor Leuwiliang,2026-04-29 03:00:00,82,82,44,,4,9,0,80,,,,,
Tangerang,Tangerang Pasir Jaya,2026-04-29 03:00:00,69,69,36,,58,63,0,65,,,,,
Bekasi,Bekasi Kayuringin,2026-04-29 03:00:00,68,68,33,,58,15,0,16,,,,,
Jakarta,The Pakubuwono Menteng,2026-04-29 03:30:17,160,160,63,135,,,,,56,30.1,,,
Depok,Cinere - Nafas,2026-04-29 03:30:37,186,186,91,162,,,,,0,0,,,
Bogor,Kabupaten Bogor Leuwiliang,2026-04-29 03:00:00,82,82,44,,4,9,0,80,,,,,
Tangerang,Tangerang Pasir Jaya,2026-04-29 03:00:00,69,69,36,,58,63,0,65,,,,,
Bekasi,Bekasi Kayuringin,2026-04-29 03:00:00,68,68,33,,58,15,0,16,,,,,
Jakarta,The Pakubuwono Menteng,2026-04-29 03:31:17,159,159,62,139,,,,,56,30.2,,,
Depok,Cinere - Nafas,2026-04-29 03:31:37,185,185,89,161,,,,,0,0,,,
Bogor,Kabupaten Bogor Leuwiliang,2026-04-29 03:00:00,82,82,44,,4,9,0,80,,,,,
Tangerang,Tangerang Pasir Jaya,2026-04-29 03:00:00,69,69,36,,58,63,0,65,,,,,
Bekasi,Bekasi Kayuringin,2026-04-29 03:00:00,68,68,33,,58,15,0,16,,,,,
Jakarta,The Pakubuwono Menteng,2026-04-29 03:32:17,158,158,61,131,,,,,56,30.1,,,
Depok,Cinere - Nafas,2026-04-29 03:32:37,184,184,88,162,,,,,0,0,,,
Bogor,Kabupaten Bogor Leuwiliang,2026-04-29 03:00:00,82,82,44,,4,9,0,80,,,,,
Tangerang,Tangerang Pasir Jaya,2026-04-29 03:00:00,69,69,36,,58,63,0,65,,,,,
Bekasi,Bekasi Kayuringin,2026-04-29 03:00:00,68,68,33,,58,15,0,16,,,,,
Jakarta,The Pakubuwono Menteng,2026-04-29 03:33:17,156,156,60,129,,,,,56,30.1,,,
Depok,Cinere - Nafas,2026-04-29 03:33:37,184,184,89,161,,,,,0,0,,,
Bogor,Kabupaten Bogor Leuwiliang,2026-04-29 03:00:00,82,82,44,,4,9,0,80,,,,,
Tangerang,Tangerang Pasir Jaya,2026-04-29 03:00:00,69,69,36,,58,63,0,65,,,,,
Bekasi,Bekasi Kayuringin,2026-04-29 03:00:00,68,68,33,,58,15,0,16,,,,,
Jakarta,The Pakubuwono Menteng,2026-04-29 03:33:17,156,156,60,129,,,,,56,30.1,,,
Depok,Cinere - Nafas,2026-04-29 03:33:37,184,184,89,161,,,,,0,0,,,
Bogor,Kabupaten Bogor Leuwiliang,2026-04-29 03:00:00,82,82,44,,4,9,0,80,,,,,
Tangerang,Tangerang Pasir Jaya,2026-04-29 03:00:00,69,69,36,,58,63,0,65,,,,,
Bekasi,Bekasi Kayuringin,2026-04-29 03:00:00,68,68,33,,58,15,0,16,,,,,
Jakarta,The Pakubuwono Menteng,2026-04-29 03:34:18,159,159,61,133,,,,,56,30.1,,,
Depok,Cinere - Nafas,2026-04-29 03:36:37,184,184,87,161,,,,,0,0,,,
Bogor,Kabupaten Bogor Leuwiliang,2026-04-29 03:00:00,82,82,44,,4,9,0,80,,,,,
Tangerang,Tangerang Pasir Jaya,2026-04-29 03:00:00,69,69,36,,58,63,0,65,,,,,
Bekasi,Bekasi Kayuringin,2026-04-29 03:00:00,68,68,33,,58,15,0,16,,,,,
Jakarta,The Pakubuwono Menteng,2026-04-29 03:37:17,156,156,60,125,,,,,56,30,,,
Depok,Cinere - Nafas,2026-04-29 03:37:37,183,183,86,160,,,,,0,0,,,
Bogor,Kabupaten Bogor Leuwiliang,2026-04-29 03:00:00,82,82,44,,4,9,0,80,,,,,
Tangerang,Tangerang Pasir Jaya,2026-04-29 03:00:00,69,69,36,,58,63,0,65,,,,,
Bekasi,Bekasi Kayuringin,2026-04-29 03:00:00,68,68,33,,58,15,0,16,,,,,
Jakarta,The Pakubuwono Menteng,2026-04-29 03:38:17,154,154,59,119,,,,,56,30,,,
Depok,Cinere - Nafas,2026-04-29 03:38:37,182,182,86,159,,,,,0,0,,,
Bogor,Kabupaten Bogor Leuwiliang,2026-04-29 03:00:00,82,82,44,,4,9,0,80,,,,,
Tangerang,Tangerang Pasir Jaya,2026-04-29 03:00:00,69,69,36,,58,63,0,65,,,,,
Bekasi,Bekasi Kayuringin,2026-04-29 03:00:00,68,68,33,,58,15,0,16,,,,,
Jakarta,The Pakubuwono Menteng,2026-04-29 03:39:17,155,155,60,126,,,,,56,30,,,
Depok,Cinere - Nafas,2026-04-29 03:39:38,183,183,88,161,,,,,0,0,,,
Bogor,Kabupaten Bogor Leuwiliang,2026-04-29 03:00:00,82,82,44,,4,9,0,80,,,,,
Tangerang,Tangerang Pasir Jaya,2026-04-29 03:00:00,69,69,36,,58,63,0,65,,,,,
Bekasi,Bekasi Kayuringin,2026-04-29 03:00:00,68,68,33,,58,15,0,16,,,,,
Jakarta,The Pakubuwono Menteng,2026-04-29 03:40:17,155,155,59,121,,,,,56,30,,,
Depok,Cinere - Nafas,2026-04-29 03:40:38,183,183,88,160,,,,,0,0,,,
Bogor,Kabupaten Bogor Leuwiliang,2026-04-29 03:00:00,82,82,44,,4,9,0,80,,,,,
Tangerang,Tangerang Pasir Jaya,2026-04-29 03:00:00,69,69,36,,58,63,0,65,,,,,
Bekasi,Bekasi Kayuringin,2026-04-29 03:00:00,68,68,33,,58,15,0,16,,,,,
Jakarta,The Pakubuwono Menteng,2026-04-29 03:41:17,154,154,59,124,,,,,56,30,,,
Depok,Cinere - Nafas,2026-04-29 03:41:37,182,182,86,159,,,,,0,0,,,
Bogor,Kabupaten Bogor Leuwiliang,2026-04-29 03:00:00,82,82,44,,4,9,0,80,,,,,
Tangerang,Tangerang Pasir Jaya,2026-04-29 03:00:00,69,69,36,,58,63,0,65,,,,,
Bekasi,Bekasi Kayuringin,2026-04-29 03:00:00,68,68,33,,58,15,0,16,,,,,
Jakarta,The Pakubuwono Menteng,2026-04-29 03:43:17,155,155,60,126,,,,,56,30,,,
Depok,Cinere - Nafas,2026-04-29 03:43:38,182,182,87,159,,,,,0,0,,,
Bogor,Kabupaten Bogor Leuwiliang,2026-04-29 03:00:00,82,82,44,,4,9,0,80,,,,,
Tangerang,Tangerang Pasir Jaya,2026-04-29 03:00:00,69,69,36,,58,63,0,65,,,,,
Bekasi,Bekasi Kayuringin,2026-04-29 03:00:00,68,68,33,,58,15,0,16,,,,,
Jakarta,The Pakubuwono Menteng,2026-04-29 03:44:17,153,153,59,122,,,,,56,30,,,
Depok,Cinere - Nafas,2026-04-29 03:44:38,181,181,84,158,,,,,0,0,,,
Bogor,Kabupaten Bogor Leuwiliang,2026-04-29 03:00:00,82,82,44,,4,9,0,80,,,,,
Tangerang,Tangerang Pasir Jaya,2026-04-29 03:00:00,69,69,36,,58,63,0,65,,,,,
Bekasi,Bekasi Kayuringin,2026-04-29 03:00:00,68,68,33,,58,15,0,16,,,,,
Jakarta,The Pakubuwono Menteng,2026-04-29 03:46:17,151,151,57,111,,,,,56,29.9,,,
Depok,Cinere - Nafas,2026-04-29 03:46:38,182,182,85,159,,,,,0,0,,,
Bogor,Kabupaten Bogor Leuwiliang,2026-04-29 03:00:00,82,82,44,,4,9,0,80,,,,,
Tangerang,Tangerang Pasir Jaya,2026-04-29 03:00:00,69,69,36,,58,63,0,65,,,,,
Bekasi,Bekasi Kayuringin,2026-04-29 03:00:00,68,68,33,,58,15,0,16,,,,,
Jakarta,The Pakubuwono Menteng,2026-04-29 03:46:17,151,151,57,111,,,,,56,29.9,,,
Depok,Cinere - Nafas,2026-04-29 03:46:38,182,182,85,159,,,,,0,0,,,
Bogor,Kabupaten Bogor Leuwiliang,2026-04-29 03:00:00,82,82,44,,4,9,0,80,,,,,
Tangerang,Tangerang Pasir Jaya,2026-04-29 03:00:00,69,69,36,,58,63,0,65,,,,,
Bekasi,Bekasi Kayuringin,2026-04-29 03:00:00,68,68,33,,58,15,0,16,,,,,
Jakarta,The Pakubuwono Menteng,2026-04-29 03:47:17,153,153,58,115,,,,,56,29.9,,,
Depok,Cinere - Nafas,2026-04-29 03:47:38,181,181,84,159,,,,,0,0,,,
Bogor,Kabupaten Bogor Leuwiliang,2026-04-29 03:00:00,82,82,44,,4,9,0,80,,,,,
Tangerang,Tangerang Pasir Jaya,2026-04-29 03:00:00,69,69,36,,58,63,0,65,,,,,
Bekasi,Bekasi Kayuringin,2026-04-29 03:00:00,68,68,33,,58,15,0,16,,,,,
Jakarta,The Pakubuwono Menteng,2026-04-29 03:48:17,152,152,57,114,,,,,56,29.9,,,
Depok,Cinere - Nafas,2026-04-29 03:48:38,180,180,84,158,,,,,0,0,,,
Bogor,Kabupaten Bogor Leuwiliang,2026-04-29 03:00:00,82,82,44,,4,9,0,80,,,,,
Tangerang,Tangerang Pasir Jaya,2026-04-29 03:00:00,69,69,36,,58,63,0,65,,,,,
Bekasi,Bekasi Kayuringin,2026-04-29 03:00:00,68,68,33,,58,15,0,16,,,,,
Jakarta,The Pakubuwono Menteng,2026-04-29 03:50:17,151,151,57,108,,,,,56,29.9,,,
Depok,Cinere - Nafas,2026-04-29 03:50:38,181,181,85,159,,,,,0,0,,,
Bogor,Kabupaten Bogor Leuwiliang,2026-04-29 03:00:00,82,82,44,,4,9,0,80,,,,,
Tangerang,Tangerang Pasir Jaya,2026-04-29 03:00:00,69,69,36,,58,63,0,65,,,,,
Bekasi,Bekasi Kayuringin,2026-04-29 03:00:00,68,68,33,,58,15,0,16,,,,,
Jakarta,The Pakubuwono Menteng,2026-04-29 03:51:17,144,144,56,105,,,,,56,29.9,,,
Depok,Cinere - Nafas,2026-04-29 03:51:38,181,181,84,158,,,,,0,0,,,
Bogor,Kabupaten Bogor Leuwiliang,2026-04-29 03:00:00,82,82,44,,4,9,0,80,,,,,
Tangerang,Tangerang Pasir Jaya,2026-04-29 03:00:00,69,69,36,,58,63,0,65,,,,,
Bekasi,Bekasi Kayuringin,2026-04-29 03:00:00,68,68,33,,58,15,0,16,,,,,
Jakarta,The Pakubuwono Menteng,2026-04-29 03:52:17,151,151,58,116,,,,,56,29.9,,,
Depok,Cinere - Nafas,2026-04-29 03:52:38,180,180,85,158,,,,,0,0,,,
Bogor,Kabupaten Bogor Leuwiliang,2026-04-29 03:00:00,82,82,44,,4,9,0,80,,,,,
Tangerang,Tangerang Pasir Jaya,2026-04-29 03:00:00,69,69,36,,58,63,0,65,,,,,
Bekasi,Bekasi Kayuringin,2026-04-29 03:00:00,68,68,33,,58,15,0,16,,,,,
Jakarta,The Pakubuwono Menteng,2026-04-29 03:53:17,153,153,59,118,,,,,56,30,,,
Depok,Cinere - Nafas,2026-04-29 03:53:38,179,179,83,158,,,,,0,0,,,
Bogor,Kabupaten Bogor Leuwiliang,2026-04-29 03:00:00,82,82,44,,4,9,0,80,,,,,
Tangerang,Tangerang Pasir Jaya,2026-04-29 03:00:00,69,69,36,,58,63,0,65,,,,,
Bekasi,Bekasi Kayuringin,2026-04-29 03:00:00,68,68,33,,58,15,0,16,,,,,
Jakarta,The Pakubuwono Menteng,2026-04-29 03:54:17,153,153,58,115,,,,,56,29.9,,,
Depok,Cinere - Nafas,2026-04-29 03:54:38,180,180,83,159,,,,,0,0,,,
Bogor,Kabupaten Bogor Leuwiliang,2026-04-29 03:00:00,82,82,44,,4,9,0,80,,,,,
Tangerang,Tangerang Pasir Jaya,2026-04-29 03:00:00,69,69,36,,58,63,0,65,,,,,
Bekasi,Bekasi Kayuringin,2026-04-29 03:00:00,68,68,33,,58,15,0,16,,,,,
Jakarta,The Pakubuwono Menteng,2026-04-29 03:57:17,155,155,60,121,,,,,56,30,,,
Depok,Cinere - Nafas,2026-04-29 03:57:38,179,179,83,158,,,,,0,0,,,
Bogor,Kabupaten Bogor Leuwiliang,2026-04-29 03:00:00,82,82,44,,4,9,0,80,,,,,
Tangerang,Tangerang Pasir Jaya,2026-04-29 03:00:00,69,69,36,,58,63,0,65,,,,,
Bekasi,Bekasi Kayuringin,2026-04-29 03:00:00,68,68,33,,58,15,0,16,,,,,
Jakarta,The Pakubuwono Menteng,2026-04-29 03:57:17,155,155,60,121,,,,,56,30,,,
Depok,Cinere - Nafas,2026-04-29 03:57:38,179,179,83,158,,,,,0,0,,,
Bogor,Kabupaten Bogor Leuwiliang,2026-04-29 03:00:00,82,82,44,,4,9,0,80,,,,,
Tangerang,Tangerang Pasir Jaya,2026-04-29 03:00:00,69,69,36,,58,63,0,65,,,,,
Bekasi,Bekasi Kayuringin,2026-04-29 03:00:00,68,68,33,,58,15,0,16,,,,,
Jakarta,The Pakubuwono Menteng,2026-04-29 03:58:17,152,152,58,115,,,,,56,29.9,,,
Depok,Cinere - Nafas,2026-04-29 03:58:38,177,177,81,157,,,,,0,0,,,
Bogor,Kabupaten Bogor Leuwiliang,2026-04-29 03:00:00,82,82,44,,4,9,0,80,,,,,
Tangerang,Tangerang Pasir Jaya,2026-04-29 03:00:00,69,69,36,,58,63,0,65,,,,,
Bekasi,Bekasi Kayuringin,2026-04-29 03:00:00,68,68,33,,58,15,0,16,,,,,
Jakarta,The Pakubuwono Menteng,2026-04-29 03:59:17,154,154,60,121,,,,,56,30,,,
Depok,Cinere - Nafas,2026-04-29 03:59:38,179,179,83,159,,,,,0,0,,,
Bogor,Kabupaten Bogor Leuwiliang,2026-04-29 03:00:00,82,82,44,,4,9,0,80,,,,,
Tangerang,Tangerang Pasir Jaya,2026-04-29 03:00:00,69,69,36,,58,63,0,65,,,,,
Bekasi,Bekasi Kayuringin,2026-04-29 03:00:00,68,68,33,,58,15,0,16,,,,,
Jakarta,The Pakubuwono Menteng,2026-04-29 04:00:17,154,154,59,117,,,,,56,30,,,
Depok,Cinere - Nafas,2026-04-29 04:00:38,179,179,84,159,,,,,0,0,,,
Bogor,Kabupaten Bogor Leuwiliang,2026-04-29 03:00:00,82,82,44,,4,9,0,80,,,,,
Tangerang,Tangerang Pasir Jaya,2026-04-29 03:00:00,69,69,36,,58,63,0,65,,,,,
Bekasi,Bekasi Kayuringin,2026-04-29 03:00:00,68,68,33,,58,15,0,16,,,,,
Jakarta,The Pakubuwono Menteng,2026-04-29 04:02:17,154,154,58,119,,,,,56,29.9,,,
Depok,Cinere - Nafas,2026-04-29 04:02:38,178,178,82,157,,,,,0,0,,,
Bogor,Kabupaten Bogor Leuwiliang,2026-04-29 03:00:00,82,82,44,,4,9,0,80,,,,,
Tangerang,Tangerang Pasir Jaya,2026-04-29 03:00:00,69,69,36,,58,63,0,65,,,,,
Bekasi,Bekasi Kayuringin,2026-04-29 03:00:00,68,68,33,,58,15,0,16,,,,,
Jakarta,The Pakubuwono Menteng,2026-04-29 04:03:18,154,154,59,118,,,,,56,29.9,,,
Depok,Cinere - Nafas,2026-04-29 04:03:38,178,178,82,158,,,,,0,0,,,
Bogor,Kabupaten Bogor Leuwiliang,2026-04-29 03:00:00,82,82,44,,4,9,0,80,,,,,
Tangerang,Tangerang Pasir Jaya,2026-04-29 03:00:00,69,69,36,,58,63,0,65,,,,,
Bekasi,Bekasi Kayuringin,2026-04-29 03:00:00,68,68,33,,58,15,0,16,,,,,
Jakarta,The Pakubuwono Menteng,2026-04-29 04:05:17,154,154,59,120,,,,,56,29.9,,,
Depok,Cinere - Nafas,2026-04-29 04:05:38,178,178,81,159,,,,,0,0,,,
Bogor,Kabupaten Bogor Leuwiliang,2026-04-29 03:00:00,82,82,44,,4,9,0,80,,,,,
Tangerang,Tangerang Pasir Jaya,2026-04-29 03:00:00,69,69,36,,58,63,0,65,,,,,
Bekasi,Bekasi Kayuringin,2026-04-29 03:00:00,68,68,33,,58,15,0,16,,,,,
Jakarta,The Pakubuwono Menteng,2026-04-29 04:06:17,152,152,58,116,,,,,56,29.9,,,
Depok,Cinere - Nafas,2026-04-29 04:06:38,178,178,82,157,,,,,0,0,,,
Bogor,Kabupaten Bogor Leuwiliang,2026-04-29 03:00:00,82,82,44,,4,9,0,80,,,,,
Tangerang,Tangerang Pasir Jaya,2026-04-29 03:00:00,69,69,36,,58,63,0,65,,,,,
Bekasi,Bekasi Kayuringin,2026-04-29 03:00:00,68,68,33,,58,15,0,16,,,,,
Jakarta,The Pakubuwono Menteng,2026-04-29 04:07:18,154,154,59,116,,,,,56,29.9,,,
Depok,Cinere - Nafas,2026-04-29 04:07:38,179,179,83,158,,,,,0,0,,,
Bogor,Kabupaten Bogor Leuwiliang,2026-04-29 03:00:00,82,82,44,,4,9,0,80,,,,,
Tangerang,Tangerang Pasir Jaya,2026-04-29 03:00:00,69,69,36,,58,63,0,65,,,,,
Bekasi,Bekasi Kayuringin,2026-04-29 03:00:00,68,68,33,,58,15,0,16,,,,,
Jakarta,The Pakubuwono Menteng,2026-04-29 04:08:17,155,155,59,120,,,,,56,29.9,,,
Depok,Cinere - Nafas,2026-04-29 04:08:38,179,179,82,158,,,,,0,0,,,
Bogor,Kabupaten Bogor Leuwiliang,2026-04-29 03:00:00,82,82,44,,4,9,0,80,,,,,
Tangerang,Tangerang Pasir Jaya,2026-04-29 03:00:00,69,69,36,,58,63,0,65,,,,,
Bekasi,Bekasi Kayuringin,2026-04-29 03:00:00,68,68,33,,58,15,0,16,,,,,
Jakarta,The Pakubuwono Menteng,2026-04-29 04:09:17,152,152,58,111,,,,,56,29.9,,,
Depok,Cinere - Nafas,2026-04-29 04:09:38,177,177,82,157,,,,,0,0,,,
Bogor,Kabupaten Bogor Leuwiliang,2026-04-29 04:00:00,82,82,44,,4,9,0,80,,,,,
Tangerang,Tangerang Pasir Jaya,2026-04-29 04:00:00,73,73,38,,58,63,0,65,,,,,
Bekasi,Bekasi Kayuringin,2026-04-29 04:00:00,70,70,34,,56,15,0,16,,,,,
Jakarta,The Pakubuwono Menteng,2026-04-29 04:10:17,154,154,59,121,,,,,56,29.9,,,
Depok,Cinere - Nafas,2026-04-29 04:10:38,179,179,83,158,,,,,0,0,,,
Bogor,Kabupaten Bogor Leuwiliang,2026-04-29 04:00:00,82,82,44,,4,9,0,80,,,,,
Tangerang,Tangerang Pasir Jaya,2026-04-29 04:00:00,73,73,38,,58,63,0,65,,,,,
Bekasi,Bekasi Kayuringin,2026-04-29 04:00:00,70,70,34,,56,15,0,16,,,,,
Jakarta,The Pakubuwono Menteng,2026-04-29 04:11:18,153,153,58,116,,,,,56,29.8,,,
Depok,Cinere - Nafas,2026-04-29 04:11:38,178,178,83,159,,,,,0,0,,,
Bogor,Kabupaten Bogor Leuwiliang,2026-04-29 04:00:00,82,82,44,,4,9,0,80,,,,,
Tangerang,Tangerang Pasir Jaya,2026-04-29 04:00:00,73,73,38,,58,63,0,65,,,,,
Bekasi,Bekasi Kayuringin,2026-04-29 04:00:00,70,70,34,,56,15,0,16,,,,,
Jakarta,The Pakubuwono Menteng,2026-04-29 04:12:18,150,150,57,107,,,,,56,29.8,,,
Depok,Cinere - Nafas,2026-04-29 04:12:38,177,177,81,157,,,,,0,0,,,
Bogor,Kabupaten Bogor Leuwiliang,2026-04-29 04:00:00,82,82,44,,4,9,0,80,,,,,
Tangerang,Tangerang Pasir Jaya,2026-04-29 04:00:00,73,73,38,,58,63,0,65,,,,,
Bekasi,Bekasi Kayuringin,2026-04-29 04:00:00,70,70,34,,56,15,0,16,,,,,
Jakarta,The Pakubuwono Menteng,2026-04-29 04:14:18,151,151,57,111,,,,,56,29.8,,,
Depok,Cinere - Nafas,2026-04-29 04:14:38,177,177,81,158,,,,,0,0,,,
Bogor,Kabupaten Bogor Leuwiliang,2026-04-29 04:00:00,82,82,44,,4,9,0,80,,,,,
Tangerang,Tangerang Pasir Jaya,2026-04-29 04:00:00,73,73,38,,58,63,0,65,,,,,
Bekasi,Bekasi Kayuringin,2026-04-29 04:00:00,70,70,34,,56,15,0,16,,,,,
Jakarta,The Pakubuwono Menteng,2026-04-29 04:16:18,152,152,58,111,,,,,56,29.8,,,
Depok,Cinere - Nafas,2026-04-29 04:16:38,176,176,80,156,,,,,0,0,,,
Bogor,Kabupaten Bogor Leuwiliang,2026-04-29 04:00:00,82,82,44,,4,9,0,80,,,,,
Tangerang,Tangerang Pasir Jaya,2026-04-29 04:00:00,73,73,38,,58,63,0,65,,,,,
Bekasi,Bekasi Kayuringin,2026-04-29 04:00:00,70,70,34,,56,15,0,16,,,,,
Jakarta,The Pakubuwono Menteng,2026-04-29 04:17:18,151,151,57,116,,,,,56,29.7,,,
Depok,Cinere - Nafas,2026-04-29 04:17:38,178,178,82,157,,,,,0,0,,,
Bogor,Kabupaten Bogor Leuwiliang,2026-04-29 04:00:00,82,82,44,,4,9,0,80,,,,,
Tangerang,Tangerang Pasir Jaya,2026-04-29 04:00:00,73,73,38,,58,63,0,65,,,,,
Bekasi,Bekasi Kayuringin,2026-04-29 04:00:00,70,70,34,,56,15,0,16,,,,,
Jakarta,The Pakubuwono Menteng,2026-04-29 04:18:18,153,153,59,116,,,,,56,29.8,,,
Depok,Cinere - Nafas,2026-04-29 04:18:38,179,179,83,157,,,,,0,0,,,
Bogor,Kabupaten Bogor Leuwiliang,2026-04-29 04:00:00,82,82,44,,4,9,0,80,,,,,
Tangerang,Tangerang Pasir Jaya,2026-04-29 04:00:00,73,73,38,,58,63,0,65,,,,,
Bekasi,Bekasi Kayuringin,2026-04-29 04:00:00,70,70,34,,56,15,0,16,,,,,
Jakarta,The Pakubuwono Menteng,2026-04-29 04:18:18,153,153,59,116,,,,,56,29.8,,,
Depok,Cinere - Nafas,2026-04-29 04:18:38,179,179,83,157,,,,,0,0,,,
Bogor,Kabupaten Bogor Leuwiliang,2026-04-29 04:00:00,82,82,44,,4,9,0,80,,,,,
Tangerang,Tangerang Pasir Jaya,2026-04-29 04:00:00,73,73,38,,58,63,0,65,,,,,
Bekasi,Bekasi Kayuringin,2026-04-29 04:00:00,70,70,34,,56,15,0,16,,,,,
Jakarta,The Pakubuwono Menteng,2026-04-29 04:19:18,152,152,58,116,,,,,56,29.7,,,
Depok,Cinere - Nafas,2026-04-29 04:19:38,177,177,81,158,,,,,0,0,,,
Bogor,Kabupaten Bogor Leuwiliang,2026-04-29 04:00:00,82,82,44,,4,9,0,80,,,,,
Tangerang,Tangerang Pasir Jaya,2026-04-29 04:00:00,73,73,38,,58,63,0,65,,,,,
Bekasi,Bekasi Kayuringin,2026-04-29 04:00:00,70,70,34,,56,15,0,16,,,,,
Jakarta,The Pakubuwono Menteng,2026-04-29 04:20:18,156,156,60,121,,,,,56,29.7,,,
Depok,Cinere - Nafas,2026-04-29 04:20:38,179,179,82,157,,,,,0,0,,,
Bogor,Kabupaten Bogor Leuwiliang,2026-04-29 04:00:00,82,82,44,,4,9,0,80,,,,,
Tangerang,Tangerang Pasir Jaya,2026-04-29 04:00:00,73,73,38,,58,63,0,65,,,,,
Bekasi,Bekasi Kayuringin,2026-04-29 04:00:00,70,70,34,,56,15,0,16,,,,,
Jakarta,The Pakubuwono Menteng,2026-04-29 04:22:18,154,154,59,116,,,,,56,29.7,,,
Depok,Cinere - Nafas,2026-04-29 04:22:38,179,179,83,158,,,,,0,0,,,
Bogor,Kabupaten Bogor Leuwiliang,2026-04-29 04:00:00,82,82,44,,4,9,0,80,,,,,
Tangerang,Tangerang Pasir Jaya,2026-04-29 04:00:00,73,73,38,,58,63,0,65,,,,,
Bekasi,Bekasi Kayuringin,2026-04-29 04:00:00,70,70,34,,56,15,0,16,,,,,
Jakarta,The Pakubuwono Menteng,2026-04-29 04:24:18,155,155,60,121,,,,,56,29.6,,,
Depok,Cinere - Nafas,2026-04-29 04:24:38,176,176,78,157,,,,,0,0,,,
Bogor,Kabupaten Bogor Leuwiliang,2026-04-29 04:00:00,82,82,44,,4,9,0,80,,,,,
Tangerang,Tangerang Pasir Jaya,2026-04-29 04:00:00,73,73,38,,58,63,0,65,,,,,
Bekasi,Bekasi Kayuringin,2026-04-29 04:00:00,70,70,34,,56,15,0,16,,,,,
Jakarta,The Pakubuwono Menteng,2026-04-29 04:25:18,158,158,62,132,,,,,56,29.6,,,
Depok,Cinere - Nafas,2026-04-29 04:25:38,176,176,77,157,,,,,0,0,,,
Bogor,Kabupaten Bogor Leuwiliang,2026-04-29 04:00:00,82,82,44,,4,9,0,80,,,,,
Tangerang,Tangerang Pasir Jaya,2026-04-29 04:00:00,73,73,38,,58,63,0,65,,,,,
Bekasi,Bekasi Kayuringin,2026-04-29 04:00:00,70,70,34,,56,15,0,16,,,,,
Jakarta,The Pakubuwono Menteng,2026-04-29 04:26:18,157,157,61,128,,,,,57,29.6,,,
Depok,Cinere - Nafas,2026-04-29 04:26:38,176,176,80,158,,,,,0,0,,,
Bogor,Kabupaten Bogor Leuwiliang,2026-04-29 04:00:00,82,82,44,,4,9,0,80,,,,,
Tangerang,Tangerang Pasir Jaya,2026-04-29 04:00:00,73,73,38,,58,63,0,65,,,,,
Bekasi,Bekasi Kayuringin,2026-04-29 04:00:00,70,70,34,,56,15,0,16,,,,,
Jakarta,The Pakubuwono Menteng,2026-04-29 04:27:18,157,157,61,131,,,,,56,29.6,,,
Depok,Cinere - Nafas,2026-04-29 04:27:38,176,176,81,157,,,,,0,0,,,
Bogor,Kabupaten Bogor Leuwiliang,2026-04-29 04:00:00,82,82,44,,4,9,0,80,,,,,
Tangerang,Tangerang Pasir Jaya,2026-04-29 04:00:00,73,73,38,,58,63,0,65,,,,,
Bekasi,Bekasi Kayuringin,2026-04-29 04:00:00,70,70,34,,56,15,0,16,,,,,
Jakarta,The Pakubuwono Menteng,2026-04-29 04:29:18,157,157,61,133,,,,,57,29.6,,,
Depok,Cinere - Nafas,2026-04-29 04:29:38,176,176,77,156,,,,,0,0,,,
Bogor,Kabupaten Bogor Leuwiliang,2026-04-29 04:00:00,82,82,44,,4,9,0,80,,,,,
Tangerang,Tangerang Pasir Jaya,2026-04-29 04:00:00,73,73,38,,58,63,0,65,,,,,
Bekasi,Bekasi Kayuringin,2026-04-29 04:00:00,70,70,34,,56,15,0,16,,,,,
Jakarta,The Pakubuwono Menteng,2026-04-29 04:30:18,156,156,60,123,,,,,57,29.6,,,
Depok,Cinere - Nafas,2026-04-29 04:30:38,176,176,81,155,,,,,0,0,,,
Bogor,Kabupaten Bogor Leuwiliang,2026-04-29 04:00:00,82,82,44,,4,9,0,80,,,,,
Tangerang,Tangerang Pasir Jaya,2026-04-29 04:00:00,73,73,38,,58,63,0,65,,,,,
Bekasi,Bekasi Kayuringin,2026-04-29 04:00:00,70,70,34,,56,15,0,16,,,,,
Jakarta,The Pakubuwono Menteng,2026-04-29 04:30:18,156,156,60,123,,,,,57,29.6,,,
Depok,Cinere - Nafas,2026-04-29 04:30:38,176,176,81,155,,,,,0,0,,,
Bogor,Kabupaten Bogor Leuwiliang,2026-04-29 04:00:00,82,82,44,,4,9,0,80,,,,,
Tangerang,Tangerang Pasir Jaya,2026-04-29 04:00:00,73,73,38,,58,63,0,65,,,,,
Bekasi,Bekasi Kayuringin,2026-04-29 04:00:00,70,70,34,,56,15,0,16,,,,,
Jakarta,The Pakubuwono Menteng,2026-04-29 04:31:18,156,156,61,127,,,,,57,29.6,,,
Depok,Cinere - Nafas,2026-04-29 04:32:38,176,176,79,156,,,,,0,0,,,
Bogor,Kabupaten Bogor Leuwiliang,2026-04-29 04:00:00,82,82,44,,4,9,0,80,,,,,
Tangerang,Tangerang Pasir Jaya,2026-04-29 04:00:00,73,73,38,,58,63,0,65,,,,,
Bekasi,Bekasi Kayuringin,2026-04-29 04:00:00,70,70,34,,56,15,0,16,,,,,
Jakarta,The Pakubuwono Menteng,2026-04-29 04:33:18,155,155,60,116,,,,,57,29.6,,,
Depok,Cinere - Nafas,2026-04-29 04:33:38,177,177,80,157,,,,,0,0,,,
Bogor,Kabupaten Bogor Leuwiliang,2026-04-29 04:00:00,82,82,44,,4,9,0,80,,,,,
Tangerang,Tangerang Pasir Jaya,2026-04-29 04:00:00,73,73,38,,58,63,0,65,,,,,
Bekasi,Bekasi Kayuringin,2026-04-29 04:00:00,70,70,34,,56,15,0,16,,,,,
Jakarta,The Pakubuwono Menteng,2026-04-29 04:35:18,157,157,61,130,,,,,57,29.6,,,
Depok,Cinere - Nafas,2026-04-29 04:35:38,177,177,80,156,,,,,0,0,,,
Bogor,Kabupaten Bogor Leuwiliang,2026-04-29 04:00:00,82,82,44,,4,9,0,80,,,,,
Tangerang,Tangerang Pasir Jaya,2026-04-29 04:00:00,73,73,38,,58,63,0,65,,,,,
Bekasi,Bekasi Kayuringin,2026-04-29 04:00:00,70,70,34,,56,15,0,16,,,,,
Jakarta,The Pakubuwono Menteng,2026-04-29 04:36:18,155,155,59,125,,,,,57,29.6,,,
Depok,Cinere - Nafas,2026-04-29 04:36:38,177,177,79,156,,,,,0,0,,,
Bogor,Kabupaten Bogor Leuwiliang,2026-04-29 04:00:00,82,82,44,,4,9,0,80,,,,,
Tangerang,Tangerang Pasir Jaya,2026-04-29 04:00:00,73,73,38,,58,63,0,65,,,,,
Bekasi,Bekasi Kayuringin,2026-04-29 04:00:00,70,70,34,,56,15,0,16,,,,,
Jakarta,The Pakubuwono Menteng,2026-04-29 04:37:18,157,157,61,126,,,,,57,29.6,,,
Depok,Cinere - Nafas,2026-04-29 04:37:39,175,175,78,156,,,,,0,0,,,
Bogor,Kabupaten Bogor Leuwiliang,2026-04-29 04:00:00,82,82,44,,4,9,0,80,,,,,
Tangerang,Tangerang Pasir Jaya,2026-04-29 04:00:00,73,73,38,,58,63,0,65,,,,,
Bekasi,Bekasi Kayuringin,2026-04-29 04:00:00,70,70,34,,56,15,0,16,,,,,
Jakarta,The Pakubuwono Menteng,2026-04-29 04:38:18,156,156,60,128,,,,,57,29.6,,,
Depok,Cinere - Nafas,2026-04-29 04:38:39,175,175,78,156,,,,,0,0,,,
Bogor,Kabupaten Bogor Leuwiliang,2026-04-29 04:00:00,82,82,44,,4,9,0,80,,,,,
Tangerang,Tangerang Pasir Jaya,2026-04-29 04:00:00,73,73,38,,58,63,0,65,,,,,
Bekasi,Bekasi Kayuringin,2026-04-29 04:00:00,70,70,34,,56,15,0,16,,,,,
Jakarta,The Pakubuwono Menteng,2026-04-29 04:39:18,154,154,59,119,,,,,57,29.6,,,
Depok,Cinere - Nafas,2026-04-29 04:39:42,176,176,78,156,,,,,0,0,,,
Bogor,Kabupaten Bogor Leuwiliang,2026-04-29 04:00:00,82,82,44,,4,9,0,80,,,,,
Tangerang,Tangerang Pasir Jaya,2026-04-29 04:00:00,73,73,38,,58,63,0,65,,,,,
Bekasi,Bekasi Kayuringin,2026-04-29 04:00:00,70,70,34,,56,15,0,16,,,,,
Jakarta,The Pakubuwono Menteng,2026-04-29 04:40:18,156,156,60,125,,,,,57,29.6,,,
Depok,Cinere - Nafas,2026-04-29 04:40:38,175,175,77,156,,,,,0,0,,,
Bogor,Kabupaten Bogor Leuwiliang,2026-04-29 04:00:00,82,82,44,,4,9,0,80,,,,,
Tangerang,Tangerang Pasir Jaya,2026-04-29 04:00:00,73,73,38,,58,63,0,65,,,,,
Bekasi,Bekasi Kayuringin,2026-04-29 04:00:00,70,70,34,,56,15,0,16,,,,,
Jakarta,The Pakubuwono Menteng,2026-04-29 04:41:18,152,152,59,115,,,,,57,29.6,,,
Depok,Cinere - Nafas,2026-04-29 04:42:38,175,175,78,157,,,,,0,0,,,
Bogor,Kabupaten Bogor Leuwiliang,2026-04-29 04:00:00,82,82,44,,4,9,0,80,,,,,
Tangerang,Tangerang Pasir Jaya,2026-04-29 04:00:00,73,73,38,,58,63,0,65,,,,,
Bekasi,Bekasi Kayuringin,2026-04-29 04:00:00,70,70,34,,56,15,0,16,,,,,
Jakarta,The Pakubuwono Menteng,2026-04-29 04:43:18,148,148,56,108,,,,,57,29.6,,,
Depok,Cinere - Nafas,2026-04-29 04:43:38,175,175,79,155,,,,,0,0,,,
Bogor,Kabupaten Bogor Leuwiliang,2026-04-29 04:00:00,82,82,44,,4,9,0,80,,,,,
Tangerang,Tangerang Pasir Jaya,2026-04-29 04:00:00,73,73,38,,58,63,0,65,,,,,
Bekasi,Bekasi Kayuringin,2026-04-29 04:00:00,70,70,34,,56,15,0,16,,,,,
Jakarta,The Pakubuwono Menteng,2026-04-29 04:44:18,152,152,57,110,,,,,57,29.6,,,
Depok,Cinere - Nafas,2026-04-29 04:44:38,174,174,77,155,,,,,0,0,,,
Bogor,Kabupaten Bogor Leuwiliang,2026-04-29 04:00:00,82,82,44,,4,9,0,80,,,,,
Tangerang,Tangerang Pasir Jaya,2026-04-29 04:00:00,73,73,38,,58,63,0,65,,,,,
Bekasi,Bekasi Kayuringin,2026-04-29 04:00:00,70,70,34,,56,15,0,16,,,,,
Jakarta,The Pakubuwono Menteng,2026-04-29 04:45:18,154,154,59,119,,,,,57,29.6,,,
Depok,Cinere - Nafas,2026-04-29 04:45:39,174,174,78,156,,,,,0,0,,,
Bogor,Kabupaten Bogor Leuwiliang,2026-04-29 04:00:00,82,82,44,,4,9,0,80,,,,,
Tangerang,Tangerang Pasir Jaya,2026-04-29 04:00:00,73,73,38,,58,63,0,65,,,,,
Bekasi,Bekasi Kayuringin,2026-04-29 04:00:00,70,70,34,,56,15,0,16,,,,,
Jakarta,The Pakubuwono Menteng,2026-04-29 04:46:18,148,148,56,105,,,,,57,29.6,,,
Depok,Cinere - Nafas,2026-04-29 04:46:38,175,175,77,156,,,,,0,0,,,
Bogor,Kabupaten Bogor Leuwiliang,2026-04-29 04:00:00,82,82,44,,4,9,0,80,,,,,
Tangerang,Tangerang Pasir Jaya,2026-04-29 04:00:00,73,73,38,,58,63,0,65,,,,,
Bekasi,Bekasi Kayuringin,2026-04-29 04:00:00,70,70,34,,56,15,0,16,,,,,
Jakarta,The Pakubuwono Menteng,2026-04-29 04:47:18,152,152,57,110,,,,,56,29.6,,,
Depok,Cinere - Nafas,2026-04-29 04:47:38,174,174,78,155,,,,,0,0,,,
Bogor,Kabupaten Bogor Leuwiliang,2026-04-29 04:00:00,82,82,44,,4,9,0,80,,,,,
Tangerang,Tangerang Pasir Jaya,2026-04-29 04:00:00,73,73,38,,58,63,0,65,,,,,
Bekasi,Bekasi Kayuringin,2026-04-29 04:00:00,70,70,34,,56,15,0,16,,,,,
Jakarta,The Pakubuwono Menteng,2026-04-29 04:49:18,142,142,55,101,,,,,56,29.6,,,
Depok,Cinere - Nafas,2026-04-29 04:49:38,173,173,76,155,,,,,0,0,,,
Bogor,Kabupaten Bogor Leuwiliang,2026-04-29 04:00:00,82,82,44,,4,9,0,80,,,,,
Tangerang,Tangerang Pasir Jaya,2026-04-29 04:00:00,73,73,38,,58,63,0,65,,,,,
Bekasi,Bekasi Kayuringin,2026-04-29 04:00:00,70,70,34,,56,15,0,16,,,,,
Jakarta,The Pakubuwono Menteng,2026-04-29 04:50:18,147,147,56,100,,,,,56,29.6,,,
Depok,Cinere - Nafas,2026-04-29 04:50:38,174,174,79,156,,,,,0,0,,,
Bogor,Kabupaten Bogor Leuwiliang,2026-04-29 04:00:00,82,82,44,,4,9,0,80,,,,,
Tangerang,Tangerang Pasir Jaya,2026-04-29 04:00:00,73,73,38,,58,63,0,65,,,,,
Bekasi,Bekasi Kayuringin,2026-04-29 04:00:00,70,70,34,,56,15,0,16,,,,,
Jakarta,The Pakubuwono Menteng,2026-04-29 04:51:18,146,146,56,106,,,,,56,29.6,,,
Depok,Cinere - Nafas,2026-04-29 04:51:39,172,172,77,155,,,,,0,0,,,
Bogor,Kabupaten Bogor Leuwiliang,2026-04-29 04:00:00,82,82,44,,4,9,0,80,,,,,
Tangerang,Tangerang Pasir Jaya,2026-04-29 04:00:00,73,73,38,,58,63,0,65,,,,,
Bekasi,Bekasi Kayuringin,2026-04-29 04:00:00,70,70,34,,56,15,0,16,,,,,
Jakarta,The Pakubuwono Menteng,2026-04-29 04:52:18,151,151,57,107,,,,,56,29.6,,,
Depok,Cinere - Nafas,2026-04-29 04:52:39,173,173,77,154,,,,,0,0,,,
Bogor,Kabupaten Bogor Leuwiliang,2026-04-29 04:00:00,82,82,44,,4,9,0,80,,,,,
Tangerang,Tangerang Pasir Jaya,2026-04-29 04:00:00,73,73,38,,58,63,0,65,,,,,
Bekasi,Bekasi Kayuringin,2026-04-29 04:00:00,70,70,34,,56,15,0,16,,,,,
Jakarta,The Pakubuwono Menteng,2026-04-29 04:53:18,150,150,56,106,,,,,56,29.6,,,
Depok,Cinere - Nafas,2026-04-29 04:53:38,172,172,76,154,,,,,0,0,,,
Bogor,Kabupaten Bogor Leuwiliang,2026-04-29 04:00:00,82,82,44,,4,9,0,80,,,,,
Tangerang,Tangerang Pasir Jaya,2026-04-29 04:00:00,73,73,38,,58,63,0,65,,,,,
Bekasi,Bekasi Kayuringin,2026-04-29 04:00:00,70,70,34,,56,15,0,16,,,,,
Jakarta,The Pakubuwono Menteng,2026-04-29 04:55:18,139,139,55,97,,,,,56,29.6,,,
Depok,Cinere - Nafas,2026-04-29 04:55:38,173,173,77,154,,,,,0,0,,,
Bogor,Kabupaten Bogor Leuwiliang,2026-04-29 04:00:00,82,82,44,,4,9,0,80,,,,,
Tangerang,Tangerang Pasir Jaya,2026-04-29 04:00:00,73,73,38,,58,63,0,65,,,,,
Bekasi,Bekasi Kayuringin,2026-04-29 04:00:00,70,70,34,,56,15,0,16,,,,,
Jakarta,The Pakubuwono Menteng,2026-04-29 04:56:19,138,138,54,99,,,,,56,29.6,,,
Depok,Cinere - Nafas,2026-04-29 04:56:40,171,171,75,153,,,,,0,0,,,
Bogor,Kabupaten Bogor Leuwiliang,2026-04-29 04:00:00,82,82,44,,4,9,0,80,,,,,
Tangerang,Tangerang Pasir Jaya,2026-04-29 04:00:00,73,73,38,,58,63,0,65,,,,,
Bekasi,Bekasi Kayuringin,2026-04-29 04:00:00,70,70,34,,56,15,0,16,,,,,
Jakarta,The Pakubuwono Menteng,2026-04-29 04:57:18,134,134,53,95,,,,,56,29.6,,,
Depok,Cinere - Nafas,2026-04-29 04:57:38,172,172,75,154,,,,,0,0,,,
Bogor,Kabupaten Bogor Leuwiliang,2026-04-29 04:00:00,82,82,44,,4,9,0,80,,,,,
Tangerang,Tangerang Pasir Jaya,2026-04-29 04:00:00,73,73,38,,58,63,0,65,,,,,
Bekasi,Bekasi Kayuringin,2026-04-29 04:00:00,70,70,34,,56,15,0,16,,,,,
Jakarta,The Pakubuwono Menteng,2026-04-29 04:58:18,144,144,56,100,,,,,56,29.6,,,
Depok,Cinere - Nafas,2026-04-29 04:58:39,173,173,77,155,,,,,0,0,,,
Bogor,Kabupaten Bogor Leuwiliang,2026-04-29 04:00:00,82,82,44,,4,9,0,80,,,,,
Tangerang,Tangerang Pasir Jaya,2026-04-29 04:00:00,73,73,38,,58,63,0,65,,,,,
Bekasi,Bekasi Kayuringin,2026-04-29 04:00:00,70,70,34,,56,15,0,16,,,,,
Jakarta,The Pakubuwono Menteng,2026-04-29 04:59:19,139,139,54,99,,,,,56,29.7,,,
Depok,Cinere - Nafas,2026-04-29 04:59:39,172,172,75,154,,,,,0,0,,,
Bogor,Kabupaten Bogor Leuwiliang,2026-04-29 04:00:00,82,82,44,,4,9,0,80,,,,,
Tangerang,Tangerang Pasir Jaya,2026-04-29 04:00:00,73,73,38,,58,63,0,65,,,,,
Bekasi,Bekasi Kayuringin,2026-04-29 04:00:00,70,70,34,,56,15,0,16,,,,,
Jakarta,The Pakubuwono Menteng,2026-04-29 05:02:19,143,143,56,101,,,,,56,29.6,,,
Depok,Cinere - Nafas,2026-04-29 05:02:39,171,171,75,154,,,,,0,0,,,
Bogor,Kabupaten Bogor Leuwiliang,2026-04-29 04:00:00,82,82,44,,4,9,0,80,,,,,
Tangerang,Tangerang Pasir Jaya,2026-04-29 04:00:00,73,73,38,,58,63,0,65,,,,,
Bekasi,Bekasi Kayuringin,2026-04-29 04:00:00,70,70,34,,56,15,0,16,,,,,
Jakarta,The Pakubuwono Menteng,2026-04-29 05:02:19,143,143,56,101,,,,,56,29.6,,,
Depok,Cinere - Nafas,2026-04-29 05:02:39,171,171,75,154,,,,,0,0,,,
Bogor,Kabupaten Bogor Leuwiliang,2026-04-29 04:00:00,82,82,44,,4,9,0,80,,,,,
Tangerang,Tangerang Pasir Jaya,2026-04-29 04:00:00,73,73,38,,58,63,0,65,,,,,
Bekasi,Bekasi Kayuringin,2026-04-29 04:00:00,70,70,34,,56,15,0,16,,,,,
Jakarta,The Pakubuwono Menteng,2026-04-29 05:03:18,137,137,54,93,,,,,56,29.6,,,
Depok,Cinere - Nafas,2026-04-29 05:03:38,171,171,74,154,,,,,0,0,,,
Bogor,Kabupaten Bogor Leuwiliang,2026-04-29 04:00:00,82,82,44,,4,9,0,80,,,,,
Tangerang,Tangerang Pasir Jaya,2026-04-29 04:00:00,73,73,38,,58,63,0,65,,,,,
Bekasi,Bekasi Kayuringin,2026-04-29 04:00:00,70,70,34,,56,15,0,16,,,,,
Jakarta,The Pakubuwono Menteng,2026-04-29 05:03:18,137,137,54,93,,,,,56,29.6,,,
Depok,Cinere - Nafas,2026-04-29 05:03:38,171,171,74,154,,,,,0,0,,,
Bogor,Kabupaten Bogor Leuwiliang,2026-04-29 04:00:00,82,82,44,,4,9,0,80,,,,,
Tangerang,Tangerang Pasir Jaya,2026-04-29 04:00:00,73,73,38,,58,63,0,65,,,,,
Bekasi,Bekasi Kayuringin,2026-04-29 04:00:00,70,70,34,,56,15,0,16,,,,,
Jakarta,The Pakubuwono Menteng,2026-04-29 05:04:19,145,145,56,101,,,,,56,29.6,,,
Depok,Cinere - Nafas,2026-04-29 05:04:39,171,171,73,153,,,,,0,0,,,
Bogor,Kabupaten Bogor Leuwiliang,2026-04-29 04:00:00,82,82,44,,4,9,0,80,,,,,
Tangerang,Tangerang Pasir Jaya,2026-04-29 04:00:00,73,73,38,,58,63,0,65,,,,,
Bekasi,Bekasi Kayuringin,2026-04-29 04:00:00,70,70,34,,56,15,0,16,,,,,
Jakarta,The Pakubuwono Menteng,2026-04-29 05:04:19,145,145,56,101,,,,,56,29.6,,,
Depok,Cinere - Nafas,2026-04-29 05:04:39,171,171,73,153,,,,,0,0,,,
Bogor,Kabupaten Bogor Leuwiliang,2026-04-29 04:00:00,82,82,44,,4,9,0,80,,,,,
Tangerang,Tangerang Pasir Jaya,2026-04-29 04:00:00,73,73,38,,58,63,0,65,,,,,
Bekasi,Bekasi Kayuringin,2026-04-29 04:00:00,70,70,34,,56,15,0,16,,,,,
Jakarta,The Pakubuwono Menteng,2026-04-29 05:08:19,135,135,53,96,,,,,56,29.7,,,
Depok,Cinere - Nafas,2026-04-29 05:08:39,169,169,72,153,,,,,0,0,,,
Bogor,Kabupaten Bogor Leuwiliang,2026-04-29 04:00:00,82,82,44,,4,9,0,80,,,,,
Tangerang,Tangerang Pasir Jaya,2026-04-29 05:00:00,79,79,40,,58,63,0,65,,,,,
Bekasi,Bekasi Kayuringin,2026-04-29 05:00:00,71,71,34,,53,15,0,15,,,,,
Jakarta,The Pakubuwono Menteng,2026-04-29 05:09:19,138,138,54,96,,,,,56,29.7,,,
Depok,Cinere - Nafas,2026-04-29 05:10:39,170,170,72,152,,,,,0,0,,,
Bogor,Kabupaten Bogor Leuwiliang,2026-04-29 05:00:00,82,82,45,,4,9,0,80,,,,,
Tangerang,Tangerang Pasir Jaya,2026-04-29 05:00:00,79,79,40,,58,63,0,65,,,,,
Bekasi,Bekasi Kayuringin,2026-04-29 05:00:00,71,71,34,,53,15,0,15,,,,,
Jakarta,The Pakubuwono Menteng,2026-04-29 05:09:19,138,138,54,96,,,,,56,29.7,,,
Depok,Cinere - Nafas,2026-04-29 05:10:39,170,170,72,152,,,,,0,0,,,
Bogor,Kabupaten Bogor Leuwiliang,2026-04-29 05:00:00,82,82,45,,4,9,0,80,,,,,
Tangerang,Tangerang Pasir Jaya,2026-04-29 05:00:00,79,79,40,,58,63,0,65,,,,,
Bekasi,Bekasi Kayuringin,2026-04-29 05:00:00,71,71,34,,53,15,0,15,,,,,
Jakarta,The Pakubuwono Menteng,2026-04-29 05:11:19,141,141,56,104,,,,,56,29.7,,,
Depok,Cinere - Nafas,2026-04-29 05:11:39,170,170,74,153,,,,,0,0,,,
Bogor,Kabupaten Bogor Leuwiliang,2026-04-29 05:00:00,82,82,45,,4,9,0,80,,,,,
Tangerang,Tangerang Pasir Jaya,2026-04-29 05:00:00,79,79,40,,58,63,0,65,,,,,
Bekasi,Bekasi Kayuringin,2026-04-29 05:00:00,71,71,34,,53,15,0,15,,,,,
Jakarta,The Pakubuwono Menteng,2026-04-29 05:12:19,145,145,56,100,,,,,56,29.7,,,
Depok,Cinere - Nafas,2026-04-29 05:12:39,170,170,73,152,,,,,0,0,,,
Bogor,Kabupaten Bogor Leuwiliang,2026-04-29 05:00:00,82,82,45,,4,9,0,80,,,,,
Tangerang,Tangerang Pasir Jaya,2026-04-29 05:00:00,79,79,40,,58,63,0,65,,,,,
Bekasi,Bekasi Kayuringin,2026-04-29 05:00:00,71,71,34,,53,15,0,15,,,,,
Jakarta,The Pakubuwono Menteng,2026-04-29 05:14:19,154,154,59,115,,,,,56,29.7,,,
Depok,Cinere - Nafas,2026-04-29 05:14:39,171,171,73,153,,,,,0,0,,,
Bogor,Kabupaten Bogor Leuwiliang,2026-04-29 05:00:00,82,82,45,,4,9,0,80,,,,,
Tangerang,Tangerang Pasir Jaya,2026-04-29 05:00:00,79,79,40,,58,63,0,65,,,,,
Bekasi,Bekasi Kayuringin,2026-04-29 05:00:00,71,71,34,,53,15,0,15,,,,,
Jakarta,The Pakubuwono Menteng,2026-04-29 05:15:19,151,151,57,113,,,,,56,29.7,,,
Depok,Cinere - Nafas,2026-04-29 05:15:39,171,171,74,154,,,,,0,0,,,
Bogor,Kabupaten Bogor Leuwiliang,2026-04-29 05:00:00,82,82,45,,4,9,0,80,,,,,
Tangerang,Tangerang Pasir Jaya,2026-04-29 05:00:00,79,79,40,,58,63,0,65,,,,,
Bekasi,Bekasi Kayuringin,2026-04-29 05:00:00,71,71,34,,53,15,0,15,,,,,
Jakarta,The Pakubuwono Menteng,2026-04-29 05:16:19,154,154,59,116,,,,,56,29.7,,,
Depok,Cinere - Nafas,2026-04-29 05:16:39,170,170,71,153,,,,,0,0,,,
Bogor,Kabupaten Bogor Leuwiliang,2026-04-29 05:00:00,82,82,45,,4,9,0,80,,,,,
Tangerang,Tangerang Pasir Jaya,2026-04-29 05:00:00,79,79,40,,58,63,0,65,,,,,
Bekasi,Bekasi Kayuringin,2026-04-29 05:00:00,71,71,34,,53,15,0,15,,,,,
Jakarta,The Pakubuwono Menteng,2026-04-29 05:17:19,153,153,58,115,,,,,56,29.7,,,
Depok,Cinere - Nafas,2026-04-29 05:17:39,171,171,75,154,,,,,0,0,,,
Bogor,Kabupaten Bogor Leuwiliang,2026-04-29 05:00:00,82,82,45,,4,9,0,80,,,,,
Tangerang,Tangerang Pasir Jaya,2026-04-29 05:00:00,79,79,40,,58,63,0,65,,,,,
Bekasi,Bekasi Kayuringin,2026-04-29 05:00:00,71,71,34,,53,15,0,15,,,,,
Jakarta,The Pakubuwono Menteng,2026-04-29 05:19:19,156,156,61,122,,,,,56,29.6,,,
Depok,Cinere - Nafas,2026-04-29 05:20:39,173,173,77,155,,,,,0,0,,,
Bogor,Kabupaten Bogor Leuwiliang,2026-04-29 05:00:00,82,82,45,,4,9,0,80,,,,,
Tangerang,Tangerang Pasir Jaya,2026-04-29 05:00:00,79,79,40,,58,63,0,65,,,,,
Bekasi,Bekasi Kayuringin,2026-04-29 05:00:00,71,71,34,,53,15,0,15,,,,,
Jakarta,The Pakubuwono Menteng,2026-04-29 05:20:19,152,152,58,116,,,,,56,29.6,,,
Depok,Cinere - Nafas,2026-04-29 05:20:39,173,173,77,155,,,,,0,0,,,
Bogor,Kabupaten Bogor Leuwiliang,2026-04-29 05:00:00,82,82,45,,4,9,0,80,,,,,
Tangerang,Tangerang Pasir Jaya,2026-04-29 05:00:00,79,79,40,,58,63,0,65,,,,,
Bekasi,Bekasi Kayuringin,2026-04-29 05:00:00,71,71,34,,53,15,0,15,,,,,
Jakarta,The Pakubuwono Menteng,2026-04-29 05:21:19,154,154,59,117,,,,,56,29.6,,,
Depok,Cinere - Nafas,2026-04-29 05:21:39,173,173,76,153,,,,,0,0,,,
Bogor,Kabupaten Bogor Leuwiliang,2026-04-29 05:00:00,82,82,45,,4,9,0,80,,,,,
Tangerang,Tangerang Pasir Jaya,2026-04-29 05:00:00,79,79,40,,58,63,0,65,,,,,
Bekasi,Bekasi Kayuringin,2026-04-29 05:00:00,71,71,34,,53,15,0,15,,,,,
Jakarta,The Pakubuwono Menteng,2026-04-29 05:22:19,152,152,58,111,,,,,56,29.6,,,
Depok,Cinere - Nafas,2026-04-29 05:22:39,173,173,76,154,,,,,0,0,,,
Bogor,Kabupaten Bogor Leuwiliang,2026-04-29 05:00:00,82,82,45,,4,9,0,80,,,,,
Tangerang,Tangerang Pasir Jaya,2026-04-29 05:00:00,79,79,40,,58,63,0,65,,,,,
Bekasi,Bekasi Kayuringin,2026-04-29 05:00:00,71,71,34,,53,15,0,15,,,,,
Jakarta,The Pakubuwono Menteng,2026-04-29 05:23:19,152,152,58,111,,,,,56,29.6,,,
Depok,Cinere - Nafas,2026-04-29 05:23:39,174,174,78,155,,,,,0,0,,,
Bogor,Kabupaten Bogor Leuwiliang,2026-04-29 05:00:00,82,82,45,,4,9,0,80,,,,,
Tangerang,Tangerang Pasir Jaya,2026-04-29 05:00:00,79,79,40,,58,63,0,65,,,,,
Bekasi,Bekasi Kayuringin,2026-04-29 05:00:00,71,71,34,,53,15,0,15,,,,,
Jakarta,The Pakubuwono Menteng,2026-04-29 05:24:19,153,153,58,113,,,,,56,29.6,,,
Depok,Cinere - Nafas,2026-04-29 05:24:39,172,172,76,153,,,,,0,0,,,
Bogor,Kabupaten Bogor Leuwiliang,2026-04-29 05:00:00,82,82,45,,4,9,0,80,,,,,
Tangerang,Tangerang Pasir Jaya,2026-04-29 05:00:00,79,79,40,,58,63,0,65,,,,,
Bekasi,Bekasi Kayuringin,2026-04-29 05:00:00,71,71,34,,53,15,0,15,,,,,
Jakarta,The Pakubuwono Menteng,2026-04-29 05:25:19,150,150,57,106,,,,,56,29.6,,,
Depok,Cinere - Nafas,2026-04-29 05:25:39,173,173,75,155,,,,,0,0,,,
Bogor,Kabupaten Bogor Leuwiliang,2026-04-29 05:00:00,82,82,45,,4,9,0,80,,,,,
Tangerang,Tangerang Pasir Jaya,2026-04-29 05:00:00,79,79,40,,58,63,0,65,,,,,
Bekasi,Bekasi Kayuringin,2026-04-29 05:00:00,71,71,34,,53,15,0,15,,,,,
Jakarta,The Pakubuwono Menteng,2026-04-29 05:27:19,152,152,58,110,,,,,56,29.6,,,
Depok,Cinere - Nafas,2026-04-29 05:27:39,173,173,77,154,,,,,0,0,,,
Bogor,Kabupaten Bogor Leuwiliang,2026-04-29 05:00:00,82,82,45,,4,9,0,80,,,,,
Tangerang,Tangerang Pasir Jaya,2026-04-29 05:00:00,79,79,40,,58,63,0,65,,,,,
Bekasi,Bekasi Kayuringin,2026-04-29 05:00:00,71,71,34,,53,15,0,15,,,,,
Jakarta,The Pakubuwono Menteng,2026-04-29 05:29:19,154,154,60,120,,,,,56,29.5,,,
Depok,Cinere - Nafas,2026-04-29 05:29:39,173,173,75,154,,,,,0,0,,,
Bogor,Kabupaten Bogor Leuwiliang,2026-04-29 05:00:00,82,82,45,,4,9,0,80,,,,,
Tangerang,Tangerang Pasir Jaya,2026-04-29 05:00:00,79,79,40,,58,63,0,65,,,,,
Bekasi,Bekasi Kayuringin,2026-04-29 05:00:00,71,71,34,,53,15,0,15,,,,,
Jakarta,The Pakubuwono Menteng,2026-04-29 05:30:19,152,152,58,113,,,,,56,29.5,,,
Depok,Cinere - Nafas,2026-04-29 05:30:39,171,171,75,153,,,,,0,0,,,
Bogor,Kabupaten Bogor Leuwiliang,2026-04-29 05:00:00,82,82,45,,4,9,0,80,,,,,
Tangerang,Tangerang Pasir Jaya,2026-04-29 05:00:00,79,79,40,,58,63,0,65,,,,,
Bekasi,Bekasi Kayuringin,2026-04-29 05:00:00,71,71,34,,53,15,0,15,,,,,
Jakarta,The Pakubuwono Menteng,2026-04-29 05:31:19,155,155,59,123,,,,,56,29.5,,,
Depok,Cinere - Nafas,2026-04-29 05:31:39,170,170,73,152,,,,,0,0,,,
Bogor,Kabupaten Bogor Leuwiliang,2026-04-29 05:00:00,82,82,45,,4,9,0,80,,,,,
Tangerang,Tangerang Pasir Jaya,2026-04-29 05:00:00,79,79,40,,58,63,0,65,,,,,
Bekasi,Bekasi Kayuringin,2026-04-29 05:00:00,71,71,34,,53,15,0,15,,,,,
Jakarta,The Pakubuwono Menteng,2026-04-29 05:31:19,155,155,59,123,,,,,56,29.5,,,
Depok,Cinere - Nafas,2026-04-29 05:31:39,170,170,73,152,,,,,0,0,,,
Bogor,Kabupaten Bogor Leuwiliang,2026-04-29 05:00:00,82,82,45,,4,9,0,80,,,,,
Tangerang,Tangerang Pasir Jaya,2026-04-29 05:00:00,79,79,40,,58,63,0,65,,,,,
Bekasi,Bekasi Kayuringin,2026-04-29 05:00:00,71,71,34,,53,15,0,15,,,,,
Jakarta,The Pakubuwono Menteng,2026-04-29 05:33:19,154,154,59,116,,,,,56,29.5,,,
Depok,Cinere - Nafas,2026-04-29 05:33:39,171,171,74,153,,,,,0,0,,,
Bogor,Kabupaten Bogor Leuwiliang,2026-04-29 05:00:00,82,82,45,,4,9,0,80,,,,,
Tangerang,Tangerang Pasir Jaya,2026-04-29 05:00:00,79,79,40,,58,63,0,65,,,,,
Bekasi,Bekasi Kayuringin,2026-04-29 05:00:00,71,71,34,,53,15,0,15,,,,,
Jakarta,The Pakubuwono Menteng,2026-04-29 05:34:19,153,153,59,111,,,,,57,29.4,,,
Depok,Cinere - Nafas,2026-04-29 05:34:39,171,171,75,153,,,,,0,0,,,
Bogor,Kabupaten Bogor Leuwiliang,2026-04-29 05:00:00,82,82,45,,4,9,0,80,,,,,
Tangerang,Tangerang Pasir Jaya,2026-04-29 05:00:00,79,79,40,,58,63,0,65,,,,,
Bekasi,Bekasi Kayuringin,2026-04-29 05:00:00,71,71,34,,53,15,0,15,,,,,
Jakarta,The Pakubuwono Menteng,2026-04-29 05:35:19,153,153,59,114,,,,,57,29.4,,,
Depok,Cinere - Nafas,2026-04-29 05:35:39,173,173,76,154,,,,,0,0,,,
Bogor,Kabupaten Bogor Leuwiliang,2026-04-29 05:00:00,82,82,45,,4,9,0,80,,,,,
Tangerang,Tangerang Pasir Jaya,2026-04-29 05:00:00,79,79,40,,58,63,0,65,,,,,
Bekasi,Bekasi Kayuringin,2026-04-29 05:00:00,71,71,34,,53,15,0,15,,,,,
Jakarta,The Pakubuwono Menteng,2026-04-29 05:36:19,151,151,58,109,,,,,56,29.4,,,
Depok,Cinere - Nafas,2026-04-29 05:36:39,175,175,79,155,,,,,0,0,,,
Bogor,Kabupaten Bogor Leuwiliang,2026-04-29 05:00:00,82,82,45,,4,9,0,80,,,,,
Tangerang,Tangerang Pasir Jaya,2026-04-29 05:00:00,79,79,40,,58,63,0,65,,,,,
Bekasi,Bekasi Kayuringin,2026-04-29 05:00:00,71,71,34,,53,15,0,15,,,,,
Jakarta,The Pakubuwono Menteng,2026-04-29 05:38:19,152,152,57,113,,,,,57,29.4,,,
Depok,Cinere - Nafas,2026-04-29 05:38:39,173,173,77,155,,,,,0,0,,,
Bogor,Kabupaten Bogor Leuwiliang,2026-04-29 05:00:00,82,82,45,,4,9,0,80,,,,,
Tangerang,Tangerang Pasir Jaya,2026-04-29 05:00:00,79,79,40,,58,63,0,65,,,,,
Bekasi,Bekasi Kayuringin,2026-04-29 05:00:00,71,71,34,,53,15,0,15,,,,,
Jakarta,The Pakubuwono Menteng,2026-04-29 05:39:19,152,152,58,110,,,,,57,29.4,,,
Depok,Cinere - Nafas,2026-04-29 05:39:39,173,173,76,155,,,,,0,0,,,
Bogor,Kabupaten Bogor Leuwiliang,2026-04-29 05:00:00,82,82,45,,4,9,0,80,,,,,
Tangerang,Tangerang Pasir Jaya,2026-04-29 05:00:00,79,79,40,,58,63,0,65,,,,,
Bekasi,Bekasi Kayuringin,2026-04-29 05:00:00,71,71,34,,53,15,0,15,,,,,
Jakarta,The Pakubuwono Menteng,2026-04-29 05:41:19,151,151,57,108,,,,,57,29.4,,,
Depok,Cinere - Nafas,2026-04-29 05:41:39,171,171,75,153,,,,,0,0,,,
Bogor,Kabupaten Bogor Leuwiliang,2026-04-29 05:00:00,82,82,45,,4,9,0,80,,,,,
Tangerang,Tangerang Pasir Jaya,2026-04-29 05:00:00,79,79,40,,58,63,0,65,,,,,
Bekasi,Bekasi Kayuringin,2026-04-29 05:00:00,71,71,34,,53,15,0,15,,,,,
Jakarta,The Pakubuwono Menteng,2026-04-29 05:42:19,152,152,58,111,,,,,57,29.4,,,
Depok,Cinere - Nafas,2026-04-29 05:42:39,171,171,75,153,,,,,0,0,,,
Bogor,Kabupaten Bogor Leuwiliang,2026-04-29 05:00:00,82,82,45,,4,9,0,80,,,,,
Tangerang,Tangerang Pasir Jaya,2026-04-29 05:00:00,79,79,40,,58,63,0,65,,,,,
Bekasi,Bekasi Kayuringin,2026-04-29 05:00:00,71,71,34,,53,15,0,15,,,,,
Jakarta,The Pakubuwono Menteng,2026-04-29 05:42:19,152,152,58,111,,,,,57,29.4,,,
Depok,Cinere - Nafas,2026-04-29 05:42:39,171,171,75,153,,,,,0,0,,,
Bogor,Kabupaten Bogor Leuwiliang,2026-04-29 05:00:00,82,82,45,,4,9,0,80,,,,,
Tangerang,Tangerang Pasir Jaya,2026-04-29 05:00:00,79,79,40,,58,63,0,65,,,,,
Bekasi,Bekasi Kayuringin,2026-04-29 05:00:00,71,71,34,,53,15,0,15,,,,,
Jakarta,The Pakubuwono Menteng,2026-04-29 05:43:19,151,151,58,110,,,,,57,29.4,,,
Depok,Cinere - Nafas,2026-04-29 05:43:39,171,171,73,154,,,,,0,0,,,
Bogor,Kabupaten Bogor Leuwiliang,2026-04-29 05:00:00,82,82,45,,4,9,0,80,,,,,
Tangerang,Tangerang Pasir Jaya,2026-04-29 05:00:00,79,79,40,,58,63,0,65,,,,,
Bekasi,Bekasi Kayuringin,2026-04-29 05:00:00,71,71,34,,53,15,0,15,,,,,
Jakarta,The Pakubuwono Menteng,2026-04-29 05:44:19,153,153,59,112,,,,,57,29.3,,,
Depok,Cinere - Nafas,2026-04-29 05:44:39,172,172,75,154,,,,,0,0,,,
Bogor,Kabupaten Bogor Leuwiliang,2026-04-29 05:00:00,82,82,45,,4,9,0,80,,,,,
Tangerang,Tangerang Pasir Jaya,2026-04-29 05:00:00,79,79,40,,58,63,0,65,,,,,
Bekasi,Bekasi Kayuringin,2026-04-29 05:00:00,71,71,34,,53,15,0,15,,,,,
Jakarta,The Pakubuwono Menteng,2026-04-29 05:47:19,148,148,56,106,,,,,57,29.3,,,
Depok,Cinere - Nafas,2026-04-29 05:47:39,172,172,76,154,,,,,0,0,,,
Bogor,Kabupaten Bogor Leuwiliang,2026-04-29 05:00:00,82,82,45,,4,9,0,80,,,,,
Tangerang,Tangerang Pasir Jaya,2026-04-29 05:00:00,79,79,40,,58,63,0,65,,,,,
Bekasi,Bekasi Kayuringin,2026-04-29 05:00:00,71,71,34,,53,15,0,15,,,,,
Jakarta,The Pakubuwono Menteng,2026-04-29 05:48:19,151,151,57,109,,,,,57,29.3,,,
Depok,Cinere - Nafas,2026-04-29 05:48:39,169,169,73,152,,,,,0,0,,,
Bogor,Kabupaten Bogor Leuwiliang,2026-04-29 05:00:00,82,82,45,,4,9,0,80,,,,,
Tangerang,Tangerang Pasir Jaya,2026-04-29 05:00:00,79,79,40,,58,63,0,65,,,,,
Bekasi,Bekasi Kayuringin,2026-04-29 05:00:00,71,71,34,,53,15,0,15,,,,,
Jakarta,The Pakubuwono Menteng,2026-04-29 05:49:19,151,151,57,112,,,,,57,29.3,,,
Depok,Cinere - Nafas,2026-04-29 05:49:39,167,167,71,152,,,,,0,0,,,
Bogor,Kabupaten Bogor Leuwiliang,2026-04-29 05:00:00,82,82,45,,4,9,0,80,,,,,
Tangerang,Tangerang Pasir Jaya,2026-04-29 05:00:00,79,79,40,,58,63,0,65,,,,,
Bekasi,Bekasi Kayuringin,2026-04-29 05:00:00,71,71,34,,53,15,0,15,,,,,
Jakarta,The Pakubuwono Menteng,2026-04-29 05:50:19,153,153,58,115,,,,,57,29.3,,,
Depok,Cinere - Nafas,2026-04-29 05:50:39,170,170,73,153,,,,,0,0,,,
Bogor,Kabupaten Bogor Leuwiliang,2026-04-29 05:00:00,82,82,45,,4,9,0,80,,,,,
Tangerang,Tangerang Pasir Jaya,2026-04-29 05:00:00,79,79,40,,58,63,0,65,,,,,
Bekasi,Bekasi Kayuringin,2026-04-29 05:00:00,71,71,34,,53,15,0,15,,,,,
Jakarta,The Pakubuwono Menteng,2026-04-29 05:51:19,151,151,58,110,,,,,57,29.3,,,
Depok,Cinere - Nafas,2026-04-29 05:51:39,170,170,72,152,,,,,0,0,,,
Bogor,Kabupaten Bogor Leuwiliang,2026-04-29 05:00:00,82,82,45,,4,9,0,80,,,,,
Tangerang,Tangerang Pasir Jaya,2026-04-29 05:00:00,79,79,40,,58,63,0,65,,,,,
Bekasi,Bekasi Kayuringin,2026-04-29 05:00:00,71,71,34,,53,15,0,15,,,,,
Jakarta,The Pakubuwono Menteng,2026-04-29 05:52:20,151,151,58,109,,,,,57,29.3,,,
Depok,Cinere - Nafas,2026-04-29 05:52:39,170,170,74,153,,,,,0,0,,,
Bogor,Kabupaten Bogor Leuwiliang,2026-04-29 05:00:00,82,82,45,,4,9,0,80,,,,,
Tangerang,Tangerang Pasir Jaya,2026-04-29 05:00:00,79,79,40,,58,63,0,65,,,,,
Bekasi,Bekasi Kayuringin,2026-04-29 05:00:00,71,71,34,,53,15,0,15,,,,,
Jakarta,The Pakubuwono Menteng,2026-04-29 05:54:19,151,151,57,110,,,,,57,29.3,,,
Depok,Cinere - Nafas,2026-04-29 05:53:39,171,171,73,152,,,,,0,0,,,
Bogor,Kabupaten Bogor Leuwiliang,2026-04-29 05:00:00,82,82,45,,4,9,0,80,,,,,
Tangerang,Tangerang Pasir Jaya,2026-04-29 05:00:00,79,79,40,,58,63,0,65,,,,,
Bekasi,Bekasi Kayuringin,2026-04-29 05:00:00,71,71,34,,53,15,0,15,,,,,
Jakarta,The Pakubuwono Menteng,2026-04-29 05:55:20,152,152,58,107,,,,,57,29.3,,,
Depok,Cinere - Nafas,2026-04-29 05:54:39,169,169,72,153,,,,,0,0,,,
Bogor,Kabupaten Bogor Leuwiliang,2026-04-29 05:00:00,82,82,45,,4,9,0,80,,,,,
Tangerang,Tangerang Pasir Jaya,2026-04-29 05:00:00,79,79,40,,58,63,0,65,,,,,
Bekasi,Bekasi Kayuringin,2026-04-29 05:00:00,71,71,34,,53,15,0,15,,,,,
Jakarta,The Pakubuwono Menteng,2026-04-29 05:57:19,153,153,58,113,,,,,57,29.3,,,
Depok,Cinere - Nafas,2026-04-29 05:56:39,172,172,74,153,,,,,0,0,,,
Bogor,Kabupaten Bogor Leuwiliang,2026-04-29 05:00:00,82,82,45,,4,9,0,80,,,,,
Tangerang,Tangerang Pasir Jaya,2026-04-29 05:00:00,79,79,40,,58,63,0,65,,,,,
Bekasi,Bekasi Kayuringin,2026-04-29 05:00:00,71,71,34,,53,15,0,15,,,,,
Jakarta,The Pakubuwono Menteng,2026-04-29 05:58:20,152,152,57,114,,,,,57,29.3,,,
Depok,Cinere - Nafas,2026-04-29 05:57:39,175,175,79,155,,,,,0,0,,,
Bogor,Kabupaten Bogor Leuwiliang,2026-04-29 05:00:00,82,82,45,,4,9,0,80,,,,,
Tangerang,Tangerang Pasir Jaya,2026-04-29 05:00:00,79,79,40,,58,63,0,65,,,,,
Bekasi,Bekasi Kayuringin,2026-04-29 05:00:00,71,71,34,,53,15,0,15,,,,,
Jakarta,The Pakubuwono Menteng,2026-04-29 05:59:19,152,152,59,116,,,,,57,29.3,,,
Depok,Cinere - Nafas,2026-04-29 05:58:39,174,174,78,155,,,,,0,0,,,
Bogor,Kabupaten Bogor Leuwiliang,2026-04-29 05:00:00,82,82,45,,4,9,0,80,,,,,
Tangerang,Tangerang Pasir Jaya,2026-04-29 05:00:00,79,79,40,,58,63,0,65,,,,,
Bekasi,Bekasi Kayuringin,2026-04-29 05:00:00,71,71,34,,53,15,0,15,,,,,
Jakarta,The Pakubuwono Menteng,2026-04-29 06:01:20,151,151,58,111,,,,,57,29.3,,,
Depok,Cinere - Nafas,2026-04-29 06:00:39,173,173,78,155,,,,,0,0,,,
Bogor,Kabupaten Bogor Leuwiliang,2026-04-29 05:00:00,82,82,45,,4,9,0,80,,,,,
Tangerang,Tangerang Pasir Jaya,2026-04-29 05:00:00,79,79,40,,58,63,0,65,,,,,
Bekasi,Bekasi Kayuringin,2026-04-29 05:00:00,71,71,34,,53,15,0,15,,,,,
Jakarta,The Pakubuwono Menteng,2026-04-29 06:01:20,151,151,58,111,,,,,57,29.3,,,
Depok,Cinere - Nafas,2026-04-29 06:00:39,173,173,78,155,,,,,0,0,,,
Bogor,Kabupaten Bogor Leuwiliang,2026-04-29 05:00:00,82,82,45,,4,9,0,80,,,,,
Tangerang,Tangerang Pasir Jaya,2026-04-29 05:00:00,79,79,40,,58,63,0,65,,,,,
Bekasi,Bekasi Kayuringin,2026-04-29 05:00:00,71,71,34,,53,15,0,15,,,,,
Jakarta,The Pakubuwono Menteng,2026-04-29 06:03:20,154,154,60,120,,,,,57,29.3,,,
Depok,Cinere - Nafas,2026-04-29 06:02:40,173,173,77,155,,,,,0,0,,,
Bogor,Kabupaten Bogor Leuwiliang,2026-04-29 05:00:00,82,82,45,,4,9,0,80,,,,,
Tangerang,Tangerang Pasir Jaya,2026-04-29 05:00:00,79,79,40,,58,63,0,65,,,,,
Bekasi,Bekasi Kayuringin,2026-04-29 05:00:00,71,71,34,,53,15,0,15,,,,,
Jakarta,The Pakubuwono Menteng,2026-04-29 06:04:20,153,153,58,116,,,,,57,29.3,,,
Depok,Cinere - Nafas,2026-04-29 06:03:39,174,174,78,155,,,,,0,0,,,
Bogor,Kabupaten Bogor Leuwiliang,2026-04-29 05:00:00,82,82,45,,4,9,0,80,,,,,
Tangerang,Tangerang Pasir Jaya,2026-04-29 05:00:00,79,79,40,,58,63,0,65,,,,,
Bekasi,Bekasi Kayuringin,2026-04-29 05:00:00,71,71,34,,53,15,0,15,,,,,
Jakarta,The Pakubuwono Menteng,2026-04-29 06:05:20,152,152,58,111,,,,,57,29.3,,,
Depok,Cinere - Nafas,2026-04-29 06:04:39,174,174,78,155,,,,,0,0,,,
Bogor,Kabupaten Bogor Leuwiliang,2026-04-29 05:00:00,82,82,45,,4,9,0,80,,,,,
Tangerang,Tangerang Pasir Jaya,2026-04-29 05:00:00,79,79,40,,58,63,0,65,,,,,
Bekasi,Bekasi Kayuringin,2026-04-29 05:00:00,71,71,34,,53,15,0,15,,,,,
Jakarta,The Pakubuwono Menteng,2026-04-29 06:07:20,153,153,58,117,,,,,57,29.3,,,
Depok,Cinere - Nafas,2026-04-29 06:06:39,177,177,83,156,,,,,0,0,,,
Bogor,Kabupaten Bogor Leuwiliang,2026-04-29 05:00:00,82,82,45,,4,9,0,80,,,,,
Tangerang,Tangerang Pasir Jaya,2026-04-29 05:00:00,79,79,40,,58,63,0,65,,,,,
Bekasi,Bekasi Kayuringin,2026-04-29 05:00:00,71,71,34,,53,15,0,15,,,,,
Jakarta,The Pakubuwono Menteng,2026-04-29 06:08:20,154,154,59,118,,,,,57,29.3,,,
Depok,Cinere - Nafas,2026-04-29 06:07:39,175,175,79,154,,,,,0,0,,,
Bogor,Kabupaten Bogor Leuwiliang,2026-04-29 05:00:00,82,82,45,,4,9,0,80,,,,,
Tangerang,Tangerang Pasir Jaya,2026-04-29 05:00:00,79,79,40,,58,63,0,65,,,,,
Bekasi,Bekasi Kayuringin,2026-04-29 05:00:00,71,71,34,,53,15,0,15,,,,,
Jakarta,The Pakubuwono Menteng,2026-04-29 06:09:20,155,155,60,121,,,,,57,29.3,,,
Depok,Cinere - Nafas,2026-04-29 06:08:40,174,174,78,154,,,,,0,0,,,
Bogor,Kabupaten Bogor Leuwiliang,2026-04-29 06:00:00,83,83,45,,4,9,0,80,,,,,
Tangerang,Tangerang Pasir Jaya,2026-04-29 06:00:00,85,85,43,,58,63,0,65,,,,,
Bekasi,Bekasi Kayuringin,2026-04-29 06:00:00,76,76,35,,50,15,0,14,,,,,
Jakarta,The Pakubuwono Menteng,2026-04-29 06:10:20,155,155,59,118,,,,,57,29.3,,,
Depok,Cinere - Nafas,2026-04-29 06:09:39,173,173,76,154,,,,,0,0,,,
Bogor,Kabupaten Bogor Leuwiliang,2026-04-29 06:00:00,83,83,45,,4,9,0,80,,,,,
Tangerang,Tangerang Pasir Jaya,2026-04-29 06:00:00,85,85,43,,58,63,0,65,,,,,
Bekasi,Bekasi Kayuringin,2026-04-29 06:00:00,76,76,35,,50,15,0,14,,,,,
Jakarta,The Pakubuwono Menteng,2026-04-29 06:11:20,155,155,59,123,,,,,57,29.3,,,
Depok,Cinere - Nafas,2026-04-29 06:10:39,172,172,76,154,,,,,0,0,,,
Bogor,Kabupaten Bogor Leuwiliang,2026-04-29 06:00:00,83,83,45,,4,9,0,80,,,,,
Tangerang,Tangerang Pasir Jaya,2026-04-29 06:00:00,85,85,43,,58,63,0,65,,,,,
Bekasi,Bekasi Kayuringin,2026-04-29 06:00:00,76,76,35,,50,15,0,14,,,,,
Jakarta,The Pakubuwono Menteng,2026-04-29 06:12:20,155,155,59,125,,,,,57,29.3,,,
Depok,Cinere - Nafas,2026-04-29 06:11:39,171,171,75,154,,,,,0,0,,,
Bogor,Kabupaten Bogor Leuwiliang,2026-04-29 06:00:00,83,83,45,,4,9,0,80,,,,,
Tangerang,Tangerang Pasir Jaya,2026-04-29 06:00:00,85,85,43,,58,63,0,65,,,,,
Bekasi,Bekasi Kayuringin,2026-04-29 06:00:00,76,76,35,,50,15,0,14,,,,,
Jakarta,The Pakubuwono Menteng,2026-04-29 06:13:20,154,154,60,120,,,,,57,29.3,,,
Depok,Cinere - Nafas,2026-04-29 06:12:39,171,171,74,152,,,,,0,0,,,
Bogor,Kabupaten Bogor Leuwiliang,2026-04-29 06:00:00,83,83,45,,4,9,0,80,,,,,
Tangerang,Tangerang Pasir Jaya,2026-04-29 06:00:00,85,85,43,,58,63,0,65,,,,,
Bekasi,Bekasi Kayuringin,2026-04-29 06:00:00,76,76,35,,50,15,0,14,,,,,
Jakarta,The Pakubuwono Menteng,2026-04-29 06:14:20,155,155,60,119,,,,,57,29.3,,,
Depok,Cinere - Nafas,2026-04-29 06:15:39,172,172,75,154,,,,,0,0,,,
Bogor,Kabupaten Bogor Leuwiliang,2026-04-29 06:00:00,83,83,45,,4,9,0,80,,,,,
Tangerang,Tangerang Pasir Jaya,2026-04-29 06:00:00,85,85,43,,58,63,0,65,,,,,
Bekasi,Bekasi Kayuringin,2026-04-29 06:00:00,76,76,35,,50,15,0,14,,,,,
Jakarta,The Pakubuwono Menteng,2026-04-29 06:17:20,154,154,60,126,,,,,57,29.3,,,
Depok,Cinere - Nafas,2026-04-29 06:16:40,173,173,76,154,,,,,0,0,,,
Bogor,Kabupaten Bogor Leuwiliang,2026-04-29 06:00:00,83,83,45,,4,9,0,80,,,,,
Tangerang,Tangerang Pasir Jaya,2026-04-29 06:00:00,85,85,43,,58,63,0,65,,,,,
Bekasi,Bekasi Kayuringin,2026-04-29 06:00:00,76,76,35,,50,15,0,14,,,,,
Jakarta,The Pakubuwono Menteng,2026-04-29 06:18:20,158,158,61,128,,,,,57,29.3,,,
Depok,Cinere - Nafas,2026-04-29 06:17:39,172,172,75,153,,,,,0,0,,,
Bogor,Kabupaten Bogor Leuwiliang,2026-04-29 06:00:00,83,83,45,,4,9,0,80,,,,,
Tangerang,Tangerang Pasir Jaya,2026-04-29 06:00:00,85,85,43,,58,63,0,65,,,,,
Bekasi,Bekasi Kayuringin,2026-04-29 06:00:00,76,76,35,,50,15,0,14,,,,,
Jakarta,The Pakubuwono Menteng,2026-04-29 06:18:20,158,158,61,128,,,,,57,29.3,,,
Depok,Cinere - Nafas,2026-04-29 06:17:39,172,172,75,153,,,,,0,0,,,
Bogor,Kabupaten Bogor Leuwiliang,2026-04-29 06:00:00,83,83,45,,4,9,0,80,,,,,
Tangerang,Tangerang Pasir Jaya,2026-04-29 06:00:00,85,85,43,,58,63,0,65,,,,,
Bekasi,Bekasi Kayuringin,2026-04-29 06:00:00,76,76,35,,50,15,0,14,,,,,
Jakarta,The Pakubuwono Menteng,2026-04-29 06:19:20,156,156,61,128,,,,,57,29.3,,,
Depok,Cinere - Nafas,2026-04-29 06:18:39,171,171,74,154,,,,,0,0,,,
Bogor,Kabupaten Bogor Leuwiliang,2026-04-29 06:00:00,83,83,45,,4,9,0,80,,,,,
Tangerang,Tangerang Pasir Jaya,2026-04-29 06:00:00,85,85,43,,58,63,0,65,,,,,
Bekasi,Bekasi Kayuringin,2026-04-29 06:00:00,76,76,35,,50,15,0,14,,,,,
Jakarta,The Pakubuwono Menteng,2026-04-29 06:21:20,157,157,62,128,,,,,57,29.2,,,
Depok,Cinere - Nafas,2026-04-29 06:20:40,171,171,75,154,,,,,0,0,,,
Bogor,Kabupaten Bogor Leuwiliang,2026-04-29 06:00:00,83,83,45,,4,9,0,80,,,,,
Tangerang,Tangerang Pasir Jaya,2026-04-29 06:00:00,85,85,43,,58,63,0,65,,,,,
Bekasi,Bekasi Kayuringin,2026-04-29 06:00:00,76,76,35,,50,15,0,14,,,,,
Jakarta,The Pakubuwono Menteng,2026-04-29 06:22:20,158,158,61,127,,,,,57,29.2,,,
Depok,Cinere - Nafas,2026-04-29 06:21:39,171,171,75,154,,,,,0,0,,,
Bogor,Kabupaten Bogor Leuwiliang,2026-04-29 06:00:00,83,83,45,,4,9,0,80,,,,,
Tangerang,Tangerang Pasir Jaya,2026-04-29 06:00:00,85,85,43,,58,63,0,65,,,,,
Bekasi,Bekasi Kayuringin,2026-04-29 06:00:00,76,76,35,,50,15,0,14,,,,,
Jakarta,The Pakubuwono Menteng,2026-04-29 06:22:20,158,158,61,129,,,,,57,29.2,,,
Depok,Cinere - Nafas,2026-04-29 06:22:39,170,170,73,153,,,,,0,0,,,
Bogor,Kabupaten Bogor Leuwiliang,2026-04-29 06:00:00,83,83,45,,4,9,0,80,,,,,
Tangerang,Tangerang Pasir Jaya,2026-04-29 06:00:00,85,85,43,,58,63,0,65,,,,,
Bekasi,Bekasi Kayuringin,2026-04-29 06:00:00,76,76,35,,50,15,0,14,,,,,
Jakarta,The Pakubuwono Menteng,2026-04-29 06:25:20,160,160,62,135,,,,,58,29.2,,,
Depok,Cinere - Nafas,2026-04-29 06:24:41,171,171,75,153,,,,,0,0,,,
Bogor,Kabupaten Bogor Leuwiliang,2026-04-29 06:00:00,83,83,45,,4,9,0,80,,,,,
Tangerang,Tangerang Pasir Jaya,2026-04-29 06:00:00,85,85,43,,58,63,0,65,,,,,
Bekasi,Bekasi Kayuringin,2026-04-29 06:00:00,76,76,35,,50,15,0,14,,,,,
Jakarta,The Pakubuwono Menteng,2026-04-29 06:26:20,157,157,61,128,,,,,58,29.2,,,
Depok,Cinere - Nafas,2026-04-29 06:25:41,169,169,72,153,,,,,0,0,,,
Bogor,Kabupaten Bogor Leuwiliang,2026-04-29 06:00:00,83,83,45,,4,9,0,80,,,,,
Tangerang,Tangerang Pasir Jaya,2026-04-29 06:00:00,85,85,43,,58,63,0,65,,,,,
Bekasi,Bekasi Kayuringin,2026-04-29 06:00:00,76,76,35,,50,15,0,14,,,,,
Jakarta,The Pakubuwono Menteng,2026-04-29 06:28:20,158,158,62,130,,,,,58,29.2,,,
Depok,Cinere - Nafas,2026-04-29 06:27:40,170,170,72,152,,,,,0,0,,,
Bogor,Kabupaten Bogor Leuwiliang,2026-04-29 06:00:00,83,83,45,,4,9,0,80,,,,,
Tangerang,Tangerang Pasir Jaya,2026-04-29 06:00:00,85,85,43,,58,63,0,65,,,,,
Bekasi,Bekasi Kayuringin,2026-04-29 06:00:00,76,76,35,,50,15,0,14,,,,,
Jakarta,The Pakubuwono Menteng,2026-04-29 06:28:20,158,158,62,130,,,,,58,29.2,,,
Depok,Cinere - Nafas,2026-04-29 06:27:40,170,170,72,152,,,,,0,0,,,
Bogor,Kabupaten Bogor Leuwiliang,2026-04-29 06:00:00,83,83,45,,4,9,0,80,,,,,
Tangerang,Tangerang Pasir Jaya,2026-04-29 06:00:00,85,85,43,,58,63,0,65,,,,,
Bekasi,Bekasi Kayuringin,2026-04-29 06:00:00,76,76,35,,50,15,0,14,,,,,
Jakarta,The Pakubuwono Menteng,2026-04-29 06:29:20,159,159,62,134,,,,,58,29.2,,,
Depok,Cinere - Nafas,2026-04-29 06:28:40,170,170,74,154,,,,,0,0,,,
Bogor,Kabupaten Bogor Leuwiliang,2026-04-29 06:00:00,83,83,45,,4,9,0,80,,,,,
Tangerang,Tangerang Pasir Jaya,2026-04-29 06:00:00,85,85,43,,58,63,0,65,,,,,
Bekasi,Bekasi Kayuringin,2026-04-29 06:00:00,76,76,35,,50,15,0,14,,,,,
Jakarta,The Pakubuwono Menteng,2026-04-29 06:30:20,158,158,61,132,,,,,58,29.2,,,
Depok,Cinere - Nafas,2026-04-29 06:29:40,170,170,74,152,,,,,0,0,,,
Bogor,Kabupaten Bogor Leuwiliang,2026-04-29 06:00:00,83,83,45,,4,9,0,80,,,,,
Tangerang,Tangerang Pasir Jaya,2026-04-29 06:00:00,85,85,43,,58,63,0,65,,,,,
Bekasi,Bekasi Kayuringin,2026-04-29 06:00:00,76,76,35,,50,15,0,14,,,,,
Jakarta,The Pakubuwono Menteng,2026-04-29 06:31:20,156,156,60,126,,,,,58,29.2,,,
Depok,Cinere - Nafas,2026-04-29 06:30:40,169,169,72,152,,,,,0,0,,,
Bogor,Kabupaten Bogor Leuwiliang,2026-04-29 06:00:00,83,83,45,,4,9,0,80,,,,,
Tangerang,Tangerang Pasir Jaya,2026-04-29 06:00:00,85,85,43,,58,63,0,65,,,,,
Bekasi,Bekasi Kayuringin,2026-04-29 06:00:00,76,76,35,,50,15,0,14,,,,,
Jakarta,The Pakubuwono Menteng,2026-04-29 06:32:20,158,158,62,130,,,,,58,29.2,,,
Depok,Cinere - Nafas,2026-04-29 06:31:40,170,170,72,153,,,,,0,0,,,
Bogor,Kabupaten Bogor Leuwiliang,2026-04-29 06:00:00,83,83,45,,4,9,0,80,,,,,
Tangerang,Tangerang Pasir Jaya,2026-04-29 06:00:00,85,85,43,,58,63,0,65,,,,,
Bekasi,Bekasi Kayuringin,2026-04-29 06:00:00,76,76,35,,50,15,0,14,,,,,
Jakarta,The Pakubuwono Menteng,2026-04-29 06:35:20,157,157,61,123,,,,,58,29.2,,,
Depok,Cinere - Nafas,2026-04-29 06:34:40,167,167,71,152,,,,,0,0,,,
Bogor,Kabupaten Bogor Leuwiliang,2026-04-29 06:00:00,83,83,45,,4,9,0,80,,,,,
Tangerang,Tangerang Pasir Jaya,2026-04-29 06:00:00,85,85,43,,58,63,0,65,,,,,
Bekasi,Bekasi Kayuringin,2026-04-29 06:00:00,76,76,35,,50,15,0,14,,,,,
Jakarta,The Pakubuwono Menteng,2026-04-29 06:36:20,157,157,61,128,,,,,58,29.2,,,
Depok,Cinere - Nafas,2026-04-29 06:35:40,170,170,71,153,,,,,0,0,,,
Bogor,Kabupaten Bogor Leuwiliang,2026-04-29 06:00:00,83,83,45,,4,9,0,80,,,,,
Tangerang,Tangerang Pasir Jaya,2026-04-29 06:00:00,85,85,43,,58,63,0,65,,,,,
Bekasi,Bekasi Kayuringin,2026-04-29 06:00:00,76,76,35,,50,15,0,14,,,,,
Jakarta,The Pakubuwono Menteng,2026-04-29 06:37:20,159,159,63,131,,,,,58,29.1,,,
Depok,Cinere - Nafas,2026-04-29 06:36:40,170,170,73,154,,,,,0,0,,,
Bogor,Kabupaten Bogor Leuwiliang,2026-04-29 06:00:00,83,83,45,,4,9,0,80,,,,,
Tangerang,Tangerang Pasir Jaya,2026-04-29 06:00:00,85,85,43,,58,63,0,65,,,,,
Bekasi,Bekasi Kayuringin,2026-04-29 06:00:00,76,76,35,,50,15,0,14,,,,,
Jakarta,The Pakubuwono Menteng,2026-04-29 06:37:20,159,159,63,131,,,,,58,29.1,,,
Depok,Cinere - Nafas,2026-04-29 06:37:44,169,169,73,154,,,,,0,0,,,
Bogor,Kabupaten Bogor Leuwiliang,2026-04-29 06:00:00,83,83,45,,4,9,0,80,,,,,
Tangerang,Tangerang Pasir Jaya,2026-04-29 06:00:00,85,85,43,,58,63,0,65,,,,,
Bekasi,Bekasi Kayuringin,2026-04-29 06:00:00,76,76,35,,50,15,0,14,,,,,
Jakarta,The Pakubuwono Menteng,2026-04-29 06:39:20,157,157,61,126,,,,,58,29.2,,,
Depok,Cinere - Nafas,2026-04-29 06:38:40,170,170,73,154,,,,,0,0,,,
Bogor,Kabupaten Bogor Leuwiliang,2026-04-29 06:00:00,83,83,45,,4,9,0,80,,,,,
Tangerang,Tangerang Pasir Jaya,2026-04-29 06:00:00,85,85,43,,58,63,0,65,,,,,
Bekasi,Bekasi Kayuringin,2026-04-29 06:00:00,76,76,35,,50,15,0,14,,,,,
Jakarta,The Pakubuwono Menteng,2026-04-29 06:40:20,158,158,61,128,,,,,58,29.1,,,
Depok,Cinere - Nafas,2026-04-29 06:39:40,170,170,74,154,,,,,0,0,,,
Bogor,Kabupaten Bogor Leuwiliang,2026-04-29 06:00:00,83,83,45,,4,9,0,80,,,,,
Tangerang,Tangerang Pasir Jaya,2026-04-29 06:00:00,85,85,43,,58,63,0,65,,,,,
Bekasi,Bekasi Kayuringin,2026-04-29 06:00:00,76,76,35,,50,15,0,14,,,,,
Jakarta,The Pakubuwono Menteng,2026-04-29 06:41:20,159,159,62,132,,,,,58,29.2,,,
Depok,Cinere - Nafas,2026-04-29 06:40:40,169,169,72,153,,,,,0,0,,,
Bogor,Kabupaten Bogor Leuwiliang,2026-04-29 06:00:00,83,83,45,,4,9,0,80,,,,,
Tangerang,Tangerang Pasir Jaya,2026-04-29 06:00:00,85,85,43,,58,63,0,65,,,,,
Bekasi,Bekasi Kayuringin,2026-04-29 06:00:00,76,76,35,,50,15,0,14,,,,,
Jakarta,The Pakubuwono Menteng,2026-04-29 06:42:20,156,156,61,126,,,,,58,29.2,,,
Depok,Cinere - Nafas,2026-04-29 06:41:40,170,170,72,153,,,,,0,0,,,
Bogor,Kabupaten Bogor Leuwiliang,2026-04-29 06:00:00,83,83,45,,4,9,0,80,,,,,
Tangerang,Tangerang Pasir Jaya,2026-04-29 06:00:00,85,85,43,,58,63,0,65,,,,,
Bekasi,Bekasi Kayuringin,2026-04-29 06:00:00,76,76,35,,50,15,0,14,,,,,
Jakarta,The Pakubuwono Menteng,2026-04-29 06:44:20,158,158,61,128,,,,,58,29.1,,,
Depok,Cinere - Nafas,2026-04-29 06:43:40,169,169,72,153,,,,,0,0,,,
Bogor,Kabupaten Bogor Leuwiliang,2026-04-29 06:00:00,83,83,45,,4,9,0,80,,,,,
Tangerang,Tangerang Pasir Jaya,2026-04-29 06:00:00,85,85,43,,58,63,0,65,,,,,
Bekasi,Bekasi Kayuringin,2026-04-29 06:00:00,76,76,35,,50,15,0,14,,,,,
Jakarta,The Pakubuwono Menteng,2026-04-29 06:46:20,158,158,61,129,,,,,58,29.1,,,
Depok,Cinere - Nafas,2026-04-29 06:45:40,169,169,73,153,,,,,0,0,,,
Bogor,Kabupaten Bogor Leuwiliang,2026-04-29 06:00:00,83,83,45,,4,9,0,80,,,,,
Tangerang,Tangerang Pasir Jaya,2026-04-29 06:00:00,85,85,43,,58,63,0,65,,,,,
Bekasi,Bekasi Kayuringin,2026-04-29 06:00:00,76,76,35,,50,15,0,14,,,,,
Jakarta,The Pakubuwono Menteng,2026-04-29 06:46:20,158,158,61,129,,,,,58,29.1,,,
Depok,Cinere - Nafas,2026-04-29 06:45:40,169,169,73,153,,,,,0,0,,,
Bogor,Kabupaten Bogor Leuwiliang,2026-04-29 06:00:00,83,83,45,,4,9,0,80,,,,,
Tangerang,Tangerang Pasir Jaya,2026-04-29 06:00:00,85,85,43,,58,63,0,65,,,,,
Bekasi,Bekasi Kayuringin,2026-04-29 06:00:00,76,76,35,,50,15,0,14,,,,,
Jakarta,The Pakubuwono Menteng,2026-04-29 06:47:20,157,157,60,126,,,,,58,29.1,,,
Depok,Cinere - Nafas,2026-04-29 06:46:40,168,168,71,153,,,,,0,0,,,
Bogor,Kabupaten Bogor Leuwiliang,2026-04-29 06:00:00,83,83,45,,4,9,0,80,,,,,
Tangerang,Tangerang Pasir Jaya,2026-04-29 06:00:00,85,85,43,,58,63,0,65,,,,,
Bekasi,Bekasi Kayuringin,2026-04-29 06:00:00,76,76,35,,50,15,0,14,,,,,
Jakarta,The Pakubuwono Menteng,2026-04-29 06:48:20,158,158,61,131,,,,,58,29.1,,,
Depok,Cinere - Nafas,2026-04-29 06:47:40,168,168,71,152,,,,,0,0,,,
Bogor,Kabupaten Bogor Leuwiliang,2026-04-29 06:00:00,83,83,45,,4,9,0,80,,,,,
Tangerang,Tangerang Pasir Jaya,2026-04-29 06:00:00,85,85,43,,58,63,0,65,,,,,
Bekasi,Bekasi Kayuringin,2026-04-29 06:00:00,76,76,35,,50,15,0,14,,,,,
Jakarta,The Pakubuwono Menteng,2026-04-29 06:49:21,157,157,61,128,,,,,58,29.1,,,
Depok,Cinere - Nafas,2026-04-29 06:48:40,167,167,71,152,,,,,0,0,,,
Bogor,Kabupaten Bogor Leuwiliang,2026-04-29 06:00:00,83,83,45,,4,9,0,80,,,,,
Tangerang,Tangerang Pasir Jaya,2026-04-29 06:00:00,85,85,43,,58,63,0,65,,,,,
Bekasi,Bekasi Kayuringin,2026-04-29 06:00:00,76,76,35,,50,15,0,14,,,,,
Jakarta,The Pakubuwono Menteng,2026-04-29 06:50:21,157,157,61,126,,,,,58,29.1,,,
Depok,Cinere - Nafas,2026-04-29 06:49:40,166,166,69,151,,,,,0,0,,,
Bogor,Kabupaten Bogor Leuwiliang,2026-04-29 06:00:00,83,83,45,,4,9,0,80,,,,,
Tangerang,Tangerang Pasir Jaya,2026-04-29 06:00:00,85,85,43,,58,63,0,65,,,,,
Bekasi,Bekasi Kayuringin,2026-04-29 06:00:00,76,76,35,,50,15,0,14,,,,,
Jakarta,The Pakubuwono Menteng,2026-04-29 06:52:20,157,157,60,129,,,,,58,29.1,,,
Depok,Cinere - Nafas,2026-04-29 06:52:40,167,167,69,152,,,,,0,0,,,
Bogor,Kabupaten Bogor Leuwiliang,2026-04-29 06:00:00,83,83,45,,4,9,0,80,,,,,
Tangerang,Tangerang Pasir Jaya,2026-04-29 06:00:00,85,85,43,,58,63,0,65,,,,,
Bekasi,Bekasi Kayuringin,2026-04-29 06:00:00,76,76,35,,50,15,0,14,,,,,
Jakarta,The Pakubuwono Menteng,2026-04-29 06:54:21,158,158,61,129,,,,,58,29.1,,,
Depok,Cinere - Nafas,2026-04-29 06:53:40,166,166,68,151,,,,,0,0,,,
Bogor,Kabupaten Bogor Leuwiliang,2026-04-29 06:00:00,83,83,45,,4,9,0,80,,,,,
Tangerang,Tangerang Pasir Jaya,2026-04-29 06:00:00,85,85,43,,58,63,0,65,,,,,
Bekasi,Bekasi Kayuringin,2026-04-29 06:00:00,76,76,35,,50,15,0,14,,,,,
Jakarta,The Pakubuwono Menteng,2026-04-29 06:55:21,158,158,61,127,,,,,59,29,,,
Depok,Cinere - Nafas,2026-04-29 06:54:40,167,167,69,151,,,,,0,0,,,
Bogor,Kabupaten Bogor Leuwiliang,2026-04-29 06:00:00,83,83,45,,4,9,0,80,,,,,
Tangerang,Tangerang Pasir Jaya,2026-04-29 06:00:00,85,85,43,,58,63,0,65,,,,,
Bekasi,Bekasi Kayuringin,2026-04-29 06:00:00,76,76,35,,50,15,0,14,,,,,
Jakarta,The Pakubuwono Menteng,2026-04-29 06:56:21,156,156,60,121,,,,,59,29,,,
Depok,Cinere - Nafas,2026-04-29 06:55:40,165,165,68,151,,,,,0,0,,,
Bogor,Kabupaten Bogor Leuwiliang,2026-04-29 06:00:00,83,83,45,,4,9,0,80,,,,,
Tangerang,Tangerang Pasir Jaya,2026-04-29 06:00:00,85,85,43,,58,63,0,65,,,,,
Bekasi,Bekasi Kayuringin,2026-04-29 06:00:00,76,76,35,,50,15,0,14,,,,,
Jakarta,The Pakubuwono Menteng,2026-04-29 06:57:21,156,156,60,122,,,,,59,29,,,
Depok,Cinere - Nafas,2026-04-29 06:56:40,166,166,68,151,,,,,0,0,,,
Bogor,Kabupaten Bogor Leuwiliang,2026-04-29 06:00:00,83,83,45,,4,9,0,80,,,,,
Tangerang,Tangerang Pasir Jaya,2026-04-29 06:00:00,85,85,43,,58,63,0,65,,,,,
Bekasi,Bekasi Kayuringin,2026-04-29 06:00:00,76,76,35,,50,15,0,14,,,,,
Jakarta,The Pakubuwono Menteng,2026-04-29 06:58:21,155,155,59,122,,,,,59,29,,,
Depok,Cinere - Nafas,2026-04-29 06:57:41,166,166,68,151,,,,,0,0,,,
Bogor,Kabupaten Bogor Leuwiliang,2026-04-29 06:00:00,83,83,45,,4,9,0,80,,,,,
Tangerang,Tangerang Pasir Jaya,2026-04-29 06:00:00,85,85,43,,58,63,0,65,,,,,
Bekasi,Bekasi Kayuringin,2026-04-29 06:00:00,76,76,35,,50,15,0,14,,,,,
Jakarta,The Pakubuwono Menteng,2026-04-29 06:59:21,156,156,61,121,,,,,59,29,,,
Depok,Cinere - Nafas,2026-04-29 06:58:40,165,165,67,151,,,,,0,0,,,
Bogor,Kabupaten Bogor Leuwiliang,2026-04-29 06:00:00,83,83,45,,4,9,0,80,,,,,
Tangerang,Tangerang Pasir Jaya,2026-04-29 06:00:00,85,85,43,,58,63,0,65,,,,,
Bekasi,Bekasi Kayuringin,2026-04-29 06:00:00,76,76,35,,50,15,0,14,,,,,
Jakarta,The Pakubuwono Menteng,2026-04-29 07:00:21,154,154,59,120,,,,,59,29.1,,,
Depok,Cinere - Nafas,2026-04-29 06:59:41,165,165,69,151,,,,,0,0,,,
Bogor,Kabupaten Bogor Leuwiliang,2026-04-29 06:00:00,83,83,45,,4,9,0,80,,,,,
Tangerang,Tangerang Pasir Jaya,2026-04-29 06:00:00,85,85,43,,58,63,0,65,,,,,
Bekasi,Bekasi Kayuringin,2026-04-29 06:00:00,76,76,35,,50,15,0,14,,,,,
Jakarta,The Pakubuwono Menteng,2026-04-29 07:01:21,155,155,60,120,,,,,59,29,,,
Depok,Cinere - Nafas,2026-04-29 07:01:44,165,165,69,151,,,,,0,0,,,
Bogor,Kabupaten Bogor Leuwiliang,2026-04-29 06:00:00,83,83,45,,4,9,0,80,,,,,
Tangerang,Tangerang Pasir Jaya,2026-04-29 06:00:00,85,85,43,,58,63,0,65,,,,,
Bekasi,Bekasi Kayuringin,2026-04-29 06:00:00,76,76,35,,50,15,0,14,,,,,
Jakarta,The Pakubuwono Menteng,2026-04-29 07:03:21,155,155,61,119,,,,,59,29.1,,,
Depok,Cinere - Nafas,2026-04-29 07:02:46,165,165,67,150,,,,,0,0,,,
Bogor,Kabupaten Bogor Leuwiliang,2026-04-29 06:00:00,83,83,45,,4,9,0,80,,,,,
Tangerang,Tangerang Pasir Jaya,2026-04-29 06:00:00,85,85,43,,58,63,0,65,,,,,
Bekasi,Bekasi Kayuringin,2026-04-29 06:00:00,76,76,35,,50,15,0,14,,,,,
Jakarta,The Pakubuwono Menteng,2026-04-29 07:05:21,155,155,59,119,,,,,58,29.1,,,
Depok,Cinere - Nafas,2026-04-29 07:04:48,163,163,66,149,,,,,0,0,,,
Bogor,Kabupaten Bogor Leuwiliang,2026-04-29 06:00:00,83,83,45,,4,9,0,80,,,,,
Tangerang,Tangerang Pasir Jaya,2026-04-29 06:00:00,85,85,43,,58,63,0,65,,,,,
Bekasi,Bekasi Kayuringin,2026-04-29 06:00:00,76,76,35,,50,15,0,14,,,,,
Jakarta,The Pakubuwono Menteng,2026-04-29 07:06:21,156,156,60,120,,,,,58,29.1,,,
Depok,Cinere - Nafas,2026-04-29 07:05:43,164,164,66,151,,,,,0,0,,,
Bogor,Kabupaten Bogor Leuwiliang,2026-04-29 06:00:00,83,83,45,,4,9,0,80,,,,,
Tangerang,Tangerang Pasir Jaya,2026-04-29 06:00:00,85,85,43,,58,63,0,65,,,,,
Bekasi,Bekasi Kayuringin,2026-04-29 06:00:00,76,76,35,,50,15,0,14,,,,,
Jakarta,The Pakubuwono Menteng,2026-04-29 07:07:21,154,154,59,113,,,,,59,29.1,,,
Depok,Cinere - Nafas,2026-04-29 07:06:46,163,163,66,148,,,,,0,0,,,
Bogor,Kabupaten Bogor Leuwiliang,2026-04-29 06:00:00,83,83,45,,4,9,0,80,,,,,
Tangerang,Tangerang Pasir Jaya,2026-04-29 06:00:00,85,85,43,,58,63,0,65,,,,,
Bekasi,Bekasi Kayuringin,2026-04-29 06:00:00,76,76,35,,50,15,0,14,,,,,
Jakarta,The Pakubuwono Menteng,2026-04-29 07:08:21,153,153,59,115,,,,,58,29.1,,,
Depok,Cinere - Nafas,2026-04-29 07:07:43,163,163,67,150,,,,,0,0,,,
Bogor,Kabupaten Bogor Leuwiliang,2026-04-29 06:00:00,83,83,45,,4,9,0,80,,,,,
Tangerang,Tangerang Pasir Jaya,2026-04-29 06:00:00,85,85,43,,58,63,0,65,,,,,
Bekasi,Bekasi Kayuringin,2026-04-29 06:00:00,76,76,35,,50,15,0,14,,,,,
Jakarta,The Pakubuwono Menteng,2026-04-29 07:08:21,153,153,59,115,,,,,58,29.1,,,
Depok,Cinere - Nafas,2026-04-29 07:07:43,163,163,67,150,,,,,0,0,,,
Bogor,Kabupaten Bogor Leuwiliang,2026-04-29 07:00:00,83,83,45,,4,9,0,80,,,,,
Tangerang,Tangerang Pasir Jaya,2026-04-29 07:00:00,90,90,45,,58,63,0,65,,,,,
Bekasi,Bekasi Kayuringin,2026-04-29 07:00:00,81,81,37,,48,15,0,14,,,,,
Jakarta,The Pakubuwono Menteng,2026-04-29 07:09:21,152,152,58,111,,,,,58,29.1,,,
Depok,Cinere - Nafas,2026-04-29 07:08:47,163,163,66,147,,,,,0,0,,,
Bogor,Kabupaten Bogor Leuwiliang,2026-04-29 07:00:00,83,83,45,,4,9,0,80,,,,,
Tangerang,Tangerang Pasir Jaya,2026-04-29 07:00:00,90,90,45,,58,63,0,65,,,,,
Bekasi,Bekasi Kayuringin,2026-04-29 07:00:00,81,81,37,,48,15,0,14,,,,,
Jakarta,The Pakubuwono Menteng,2026-04-29 07:12:21,152,152,59,111,,,,,58,29.1,,,
Depok,Cinere - Nafas,2026-04-29 07:11:42,163,163,65,141,,,,,0,0,,,
Bogor,Kabupaten Bogor Leuwiliang,2026-04-29 07:00:00,83,83,45,,4,9,0,80,,,,,
Tangerang,Tangerang Pasir Jaya,2026-04-29 07:00:00,90,90,45,,58,63,0,65,,,,,
Bekasi,Bekasi Kayuringin,2026-04-29 07:00:00,81,81,37,,48,15,0,14,,,,,
Jakarta,The Pakubuwono Menteng,2026-04-29 07:13:21,153,153,58,111,,,,,58,29.1,,,
Depok,Cinere - Nafas,2026-04-29 07:12:49,163,163,66,147,,,,,0,0,,,
Bogor,Kabupaten Bogor Leuwiliang,2026-04-29 07:00:00,83,83,45,,4,9,0,80,,,,,
Tangerang,Tangerang Pasir Jaya,2026-04-29 07:00:00,90,90,45,,58,63,0,65,,,,,
Bekasi,Bekasi Kayuringin,2026-04-29 07:00:00,81,81,37,,48,15,0,14,,,,,
Jakarta,The Pakubuwono Menteng,2026-04-29 07:14:21,151,151,58,115,,,,,58,29.1,,,
Depok,Cinere - Nafas,2026-04-29 07:13:41,164,164,67,144,,,,,0,0,,,
Bogor,Kabupaten Bogor Leuwiliang,2026-04-29 07:00:00,83,83,45,,4,9,0,80,,,,,
Tangerang,Tangerang Pasir Jaya,2026-04-29 07:00:00,90,90,45,,58,63,0,65,,,,,
Bekasi,Bekasi Kayuringin,2026-04-29 07:00:00,81,81,37,,48,15,0,14,,,,,
Jakarta,The Pakubuwono Menteng,2026-04-29 07:15:21,152,152,58,111,,,,,58,29.1,,,
Depok,Cinere - Nafas,2026-04-29 07:14:41,163,163,65,141,,,,,0,0,,,
Bogor,Kabupaten Bogor Leuwiliang,2026-04-29 07:00:00,83,83,45,,4,9,0,80,,,,,
Tangerang,Tangerang Pasir Jaya,2026-04-29 07:00:00,90,90,45,,58,63,0,65,,,,,
Bekasi,Bekasi Kayuringin,2026-04-29 07:00:00,81,81,37,,48,15,0,14,,,,,
Jakarta,The Pakubuwono Menteng,2026-04-29 07:16:21,152,152,58,104,,,,,58,29.1,,,
Depok,Cinere - Nafas,2026-04-29 07:15:41,162,162,65,143,,,,,0,0,,,
Bogor,Kabupaten Bogor Leuwiliang,2026-04-29 07:00:00,83,83,45,,4,9,0,80,,,,,
Tangerang,Tangerang Pasir Jaya,2026-04-29 07:00:00,90,90,45,,58,63,0,65,,,,,
Bekasi,Bekasi Kayuringin,2026-04-29 07:00:00,81,81,37,,48,15,0,14,,,,,
Jakarta,The Pakubuwono Menteng,2026-04-29 07:18:21,154,154,58,112,,,,,58,29.2,,,
Depok,Cinere - Nafas,2026-04-29 07:17:41,164,164,67,140,,,,,0,0,,,
Bogor,Kabupaten Bogor Leuwiliang,2026-04-29 07:00:00,83,83,45,,4,9,0,80,,,,,
Tangerang,Tangerang Pasir Jaya,2026-04-29 07:00:00,90,90,45,,58,63,0,65,,,,,
Bekasi,Bekasi Kayuringin,2026-04-29 07:00:00,81,81,37,,48,15,0,14,,,,,
Jakarta,The Pakubuwono Menteng,2026-04-29 07:18:21,154,154,58,112,,,,,58,29.2,,,
Depok,Cinere - Nafas,2026-04-29 07:18:41,164,164,66,143,,,,,0,0,,,
Bogor,Kabupaten Bogor Leuwiliang,2026-04-29 07:00:00,83,83,45,,4,9,0,80,,,,,
Tangerang,Tangerang Pasir Jaya,2026-04-29 07:00:00,90,90,45,,58,63,0,65,,,,,
Bekasi,Bekasi Kayuringin,2026-04-29 07:00:00,81,81,37,,48,15,0,14,,,,,
Jakarta,The Pakubuwono Menteng,2026-04-29 07:19:21,153,153,58,112,,,,,58,29.2,,,
Depok,Cinere - Nafas,2026-04-29 07:18:41,164,164,66,143,,,,,0,0,,,
Bogor,Kabupaten Bogor Leuwiliang,2026-04-29 07:00:00,83,83,45,,4,9,0,80,,,,,
Tangerang,Tangerang Pasir Jaya,2026-04-29 07:00:00,90,90,45,,58,63,0,65,,,,,
Bekasi,Bekasi Kayuringin,2026-04-29 07:00:00,81,81,37,,48,15,0,14,,,,,
Jakarta,The Pakubuwono Menteng,2026-04-29 07:21:21,151,151,57,105,,,,,58,29.2,,,
Depok,Cinere - Nafas,2026-04-29 07:20:41,163,163,67,148,,,,,0,0,,,
Bogor,Kabupaten Bogor Leuwiliang,2026-04-29 07:00:00,83,83,45,,4,9,0,80,,,,,
Tangerang,Tangerang Pasir Jaya,2026-04-29 07:00:00,90,90,45,,58,63,0,65,,,,,
Bekasi,Bekasi Kayuringin,2026-04-29 07:00:00,81,81,37,,48,15,0,14,,,,,
Jakarta,The Pakubuwono Menteng,2026-04-29 07:22:21,151,151,57,108,,,,,58,29.2,,,
Depok,Cinere - Nafas,2026-04-29 07:21:41,165,165,68,149,,,,,0,0,,,
Bogor,Kabupaten Bogor Leuwiliang,2026-04-29 07:00:00,83,83,45,,4,9,0,80,,,,,
Tangerang,Tangerang Pasir Jaya,2026-04-29 07:00:00,90,90,45,,58,63,0,65,,,,,
Bekasi,Bekasi Kayuringin,2026-04-29 07:00:00,81,81,37,,48,15,0,14,,,,,
Jakarta,The Pakubuwono Menteng,2026-04-29 07:24:21,151,151,57,105,,,,,58,29.2,,,
Depok,Cinere - Nafas,2026-04-29 07:23:41,165,165,67,150,,,,,0,0,,,
Bogor,Kabupaten Bogor Leuwiliang,2026-04-29 07:00:00,83,83,45,,4,9,0,80,,,,,
Tangerang,Tangerang Pasir Jaya,2026-04-29 07:00:00,90,90,45,,58,63,0,65,,,,,
Bekasi,Bekasi Kayuringin,2026-04-29 07:00:00,81,81,37,,48,15,0,14,,,,,
Jakarta,The Pakubuwono Menteng,2026-04-29 07:25:21,151,151,58,108,,,,,58,29.2,,,
Depok,Cinere - Nafas,2026-04-29 07:24:41,165,165,67,149,,,,,0,0,,,
Bogor,Kabupaten Bogor Leuwiliang,2026-04-29 07:00:00,83,83,45,,4,9,0,80,,,,,
Tangerang,Tangerang Pasir Jaya,2026-04-29 07:00:00,90,90,45,,58,63,0,65,,,,,
Bekasi,Bekasi Kayuringin,2026-04-29 07:00:00,81,81,37,,48,15,0,14,,,,,
Jakarta,The Pakubuwono Menteng,2026-04-29 07:26:21,152,152,58,111,,,,,58,29.3,,,
Depok,Cinere - Nafas,2026-04-29 07:25:41,167,167,68,151,,,,,0,0,,,
Bogor,Kabupaten Bogor Leuwiliang,2026-04-29 07:00:00,83,83,45,,4,9,0,80,,,,,
Tangerang,Tangerang Pasir Jaya,2026-04-29 07:00:00,90,90,45,,58,63,0,65,,,,,
Bekasi,Bekasi Kayuringin,2026-04-29 07:00:00,81,81,37,,48,15,0,14,,,,,
Jakarta,The Pakubuwono Menteng,2026-04-29 07:27:21,153,153,58,111,,,,,58,29.2,,,
Depok,Cinere - Nafas,2026-04-29 07:26:41,165,165,68,150,,,,,0,0,,,
Bogor,Kabupaten Bogor Leuwiliang,2026-04-29 07:00:00,83,83,45,,4,9,0,80,,,,,
Tangerang,Tangerang Pasir Jaya,2026-04-29 07:00:00,90,90,45,,58,63,0,65,,,,,
Bekasi,Bekasi Kayuringin,2026-04-29 07:00:00,81,81,37,,48,15,0,14,,,,,
Jakarta,The Pakubuwono Menteng,2026-04-29 07:28:21,153,153,58,113,,,,,58,29.3,,,
Depok,Cinere - Nafas,2026-04-29 07:27:41,164,164,67,150,,,,,0,0,,,
Bogor,Kabupaten Bogor Leuwiliang,2026-04-29 07:00:00,83,83,45,,4,9,0,80,,,,,
Tangerang,Tangerang Pasir Jaya,2026-04-29 07:00:00,90,90,45,,58,63,0,65,,,,,
Bekasi,Bekasi Kayuringin,2026-04-29 07:00:00,81,81,37,,48,15,0,14,,,,,
Jakarta,The Pakubuwono Menteng,2026-04-29 07:29:21,151,151,57,108,,,,,58,29.3,,,
Depok,Cinere - Nafas,2026-04-29 07:28:41,165,165,67,150,,,,,0,0,,,
Bogor,Kabupaten Bogor Leuwiliang,2026-04-29 07:00:00,83,83,45,,4,9,0,80,,,,,
Tangerang,Tangerang Pasir Jaya,2026-04-29 07:00:00,90,90,45,,58,63,0,65,,,,,
Bekasi,Bekasi Kayuringin,2026-04-29 07:00:00,81,81,37,,48,15,0,14,,,,,
Jakarta,The Pakubuwono Menteng,2026-04-29 07:31:21,153,153,58,111,,,,,58,29.4,,,
Depok,Cinere - Nafas,2026-04-29 07:30:41,164,164,67,150,,,,,0,0,,,
Bogor,Kabupaten Bogor Leuwiliang,2026-04-29 07:00:00,83,83,45,,4,9,0,80,,,,,
Tangerang,Tangerang Pasir Jaya,2026-04-29 07:00:00,90,90,45,,58,63,0,65,,,,,
Bekasi,Bekasi Kayuringin,2026-04-29 07:00:00,81,81,37,,48,15,0,14,,,,,
Jakarta,The Pakubuwono Menteng,2026-04-29 07:32:21,151,151,57,108,,,,,58,29.4,,,
Depok,Cinere - Nafas,2026-04-29 07:31:41,165,165,67,146,,,,,0,0,,,
Bogor,Kabupaten Bogor Leuwiliang,2026-04-29 07:00:00,83,83,45,,4,9,0,80,,,,,
Tangerang,Tangerang Pasir Jaya,2026-04-29 07:00:00,90,90,45,,58,63,0,65,,,,,
Bekasi,Bekasi Kayuringin,2026-04-29 07:00:00,81,81,37,,48,15,0,14,,,,,
Jakarta,The Pakubuwono Menteng,2026-04-29 07:33:21,150,150,56,104,,,,,58,29.4,,,
Depok,Cinere - Nafas,2026-04-29 07:32:41,162,162,64,139,,,,,0,0,,,
Bogor,Kabupaten Bogor Leuwiliang,2026-04-29 07:00:00,83,83,45,,4,9,0,80,,,,,
Tangerang,Tangerang Pasir Jaya,2026-04-29 07:00:00,90,90,45,,58,63,0,65,,,,,
Bekasi,Bekasi Kayuringin,2026-04-29 07:00:00,81,81,37,,48,15,0,14,,,,,
Jakarta,The Pakubuwono Menteng,2026-04-29 07:34:22,149,149,56,105,,,,,58,29.4,,,
Depok,Cinere - Nafas,2026-04-29 07:34:41,163,163,65,140,,,,,0,0,,,
Bogor,Kabupaten Bogor Leuwiliang,2026-04-29 07:00:00,83,83,45,,4,9,0,80,,,,,
Tangerang,Tangerang Pasir Jaya,2026-04-29 07:00:00,90,90,45,,58,63,0,65,,,,,
Bekasi,Bekasi Kayuringin,2026-04-29 07:00:00,81,81,37,,48,15,0,14,,,,,
Jakarta,The Pakubuwono Menteng,2026-04-29 07:35:22,142,142,56,99,,,,,58,29.4,,,
Depok,Cinere - Nafas,2026-04-29 07:35:41,162,162,66,140,,,,,0,0,,,
Bogor,Kabupaten Bogor Leuwiliang,2026-04-29 07:00:00,83,83,45,,4,9,0,80,,,,,
Tangerang,Tangerang Pasir Jaya,2026-04-29 07:00:00,90,90,45,,58,63,0,65,,,,,
Bekasi,Bekasi Kayuringin,2026-04-29 07:00:00,81,81,37,,48,15,0,14,,,,,
Jakarta,The Pakubuwono Menteng,2026-04-29 07:37:24,145,145,56,104,,,,,58,29.5,,,
Depok,Cinere - Nafas,2026-04-29 07:37:41,161,161,63,137,,,,,0,0,,,
Bogor,Kabupaten Bogor Leuwiliang,2026-04-29 07:00:00,83,83,45,,4,9,0,80,,,,,
Tangerang,Tangerang Pasir Jaya,2026-04-29 07:00:00,90,90,45,,58,63,0,65,,,,,
Bekasi,Bekasi Kayuringin,2026-04-29 07:00:00,81,81,37,,48,15,0,14,,,,,
Jakarta,The Pakubuwono Menteng,2026-04-29 07:38:22,145,145,56,101,,,,,58,29.5,,,
Depok,Cinere - Nafas,2026-04-29 07:38:41,160,160,62,131,,,,,0,0,,,
Bogor,Kabupaten Bogor Leuwiliang,2026-04-29 07:00:00,83,83,45,,4,9,0,80,,,,,
Tangerang,Tangerang Pasir Jaya,2026-04-29 07:00:00,90,90,45,,58,63,0,65,,,,,
Bekasi,Bekasi Kayuringin,2026-04-29 07:00:00,81,81,37,,48,15,0,14,,,,,
Jakarta,The Pakubuwono Menteng,2026-04-29 07:39:22,149,149,57,100,,,,,58,29.5,,,
Depok,Cinere - Nafas,2026-04-29 07:39:41,158,158,62,127,,,,,0,0,,,
Bogor,Kabupaten Bogor Leuwiliang,2026-04-29 07:00:00,83,83,45,,4,9,0,80,,,,,
Tangerang,Tangerang Pasir Jaya,2026-04-29 07:00:00,90,90,45,,58,63,0,65,,,,,
Bekasi,Bekasi Kayuringin,2026-04-29 07:00:00,81,81,37,,48,15,0,14,,,,,
Jakarta,The Pakubuwono Menteng,2026-04-29 07:41:22,145,145,56,105,,,,,58,29.5,,,
Depok,Cinere - Nafas,2026-04-29 07:41:41,160,160,62,133,,,,,0,0,,,
Bogor,Kabupaten Bogor Leuwiliang,2026-04-29 07:00:00,83,83,45,,4,9,0,80,,,,,
Tangerang,Tangerang Pasir Jaya,2026-04-29 07:00:00,90,90,45,,58,63,0,65,,,,,
Bekasi,Bekasi Kayuringin,2026-04-29 07:00:00,81,81,37,,48,15,0,14,,,,,
Jakarta,The Pakubuwono Menteng,2026-04-29 07:41:22,145,145,56,105,,,,,58,29.5,,,
Depok,Cinere - Nafas,2026-04-29 07:41:41,160,160,62,133,,,,,0,0,,,
Bogor,Kabupaten Bogor Leuwiliang,2026-04-29 07:00:00,83,83,45,,4,9,0,80,,,,,
Tangerang,Tangerang Pasir Jaya,2026-04-29 07:00:00,90,90,45,,58,63,0,65,,,,,
Bekasi,Bekasi Kayuringin,2026-04-29 07:00:00,81,81,37,,48,15,0,14,,,,,
Jakarta,The Pakubuwono Menteng,2026-04-29 07:42:22,140,140,55,97,,,,,57,29.6,,,
Depok,Cinere - Nafas,2026-04-29 07:42:41,159,159,62,126,,,,,0,0,,,
Bogor,Kabupaten Bogor Leuwiliang,2026-04-29 07:00:00,83,83,45,,4,9,0,80,,,,,
Tangerang,Tangerang Pasir Jaya,2026-04-29 07:00:00,90,90,45,,58,63,0,65,,,,,
Bekasi,Bekasi Kayuringin,2026-04-29 07:00:00,81,81,37,,48,15,0,14,,,,,
Jakarta,The Pakubuwono Menteng,2026-04-29 07:44:22,140,140,55,98,,,,,58,29.6,,,
Depok,Cinere - Nafas,2026-04-29 07:44:41,160,160,63,135,,,,,0,0,,,
Bogor,Kabupaten Bogor Leuwiliang,2026-04-29 07:00:00,83,83,45,,4,9,0,80,,,,,
Tangerang,Tangerang Pasir Jaya,2026-04-29 07:00:00,90,90,45,,58,63,0,65,,,,,
Bekasi,Bekasi Kayuringin,2026-04-29 07:00:00,81,81,37,,48,15,0,14,,,,,
Jakarta,The Pakubuwono Menteng,2026-04-29 07:45:22,148,148,56,100,,,,,57,29.6,,,
Depok,Cinere - Nafas,2026-04-29 07:45:41,159,159,62,131,,,,,0,0,,,
Bogor,Kabupaten Bogor Leuwiliang,2026-04-29 07:00:00,83,83,45,,4,9,0,80,,,,,
Tangerang,Tangerang Pasir Jaya,2026-04-29 07:00:00,90,90,45,,58,63,0,65,,,,,
Bekasi,Bekasi Kayuringin,2026-04-29 07:00:00,81,81,37,,48,15,0,14,,,,,
Jakarta,The Pakubuwono Menteng,2026-04-29 07:46:22,138,138,54,94,,,,,57,29.7,,,
Depok,Cinere - Nafas,2026-04-29 07:46:41,158,158,62,129,,,,,0,0,,,
Bogor,Kabupaten Bogor Leuwiliang,2026-04-29 07:00:00,83,83,45,,4,9,0,80,,,,,
Tangerang,Tangerang Pasir Jaya,2026-04-29 07:00:00,90,90,45,,58,63,0,65,,,,,
Bekasi,Bekasi Kayuringin,2026-04-29 07:00:00,81,81,37,,48,15,0,14,,,,,
Jakarta,The Pakubuwono Menteng,2026-04-29 07:47:22,149,149,57,101,,,,,57,29.7,,,
Depok,Cinere - Nafas,2026-04-29 07:47:41,158,158,61,128,,,,,0,0,,,
Bogor,Kabupaten Bogor Leuwiliang,2026-04-29 07:00:00,83,83,45,,4,9,0,80,,,,,
Tangerang,Tangerang Pasir Jaya,2026-04-29 07:00:00,90,90,45,,58,63,0,65,,,,,
Bekasi,Bekasi Kayuringin,2026-04-29 07:00:00,81,81,37,,48,15,0,14,,,,,
Jakarta,The Pakubuwono Menteng,2026-04-29 07:48:22,149,149,57,105,,,,,58,29.8,,,
Depok,Cinere - Nafas,2026-04-29 07:50:41,158,158,62,130,,,,,0,0,,,
Bogor,Kabupaten Bogor Leuwiliang,2026-04-29 07:00:00,83,83,45,,4,9,0,80,,,,,
Tangerang,Tangerang Pasir Jaya,2026-04-29 07:00:00,90,90,45,,58,63,0,65,,,,,
Bekasi,Bekasi Kayuringin,2026-04-29 07:00:00,81,81,37,,48,15,0,14,,,,,
Jakarta,The Pakubuwono Menteng,2026-04-29 07:51:22,141,141,55,97,,,,,57,29.9,,,
Depok,Cinere - Nafas,2026-04-29 07:51:41,159,159,61,135,,,,,0,0,,,
Bogor,Kabupaten Bogor Leuwiliang,2026-04-29 07:00:00,83,83,45,,4,9,0,80,,,,,
Tangerang,Tangerang Pasir Jaya,2026-04-29 07:00:00,90,90,45,,58,63,0,65,,,,,
Bekasi,Bekasi Kayuringin,2026-04-29 07:00:00,81,81,37,,48,15,0,14,,,,,
Jakarta,The Pakubuwono Menteng,2026-04-29 07:51:22,141,141,55,97,,,,,57,29.9,,,
Depok,Cinere - Nafas,2026-04-29 07:51:41,159,159,61,135,,,,,0,0,,,
Bogor,Kabupaten Bogor Leuwiliang,2026-04-29 07:00:00,83,83,45,,4,9,0,80,,,,,
Tangerang,Tangerang Pasir Jaya,2026-04-29 07:00:00,90,90,45,,58,63,0,65,,,,,
Bekasi,Bekasi Kayuringin,2026-04-29 07:00:00,81,81,37,,48,15,0,14,,,,,
Jakarta,The Pakubuwono Menteng,2026-04-29 07:52:22,137,137,53,96,,,,,57,29.9,,,
Depok,Cinere - Nafas,2026-04-29 07:52:41,159,159,62,131,,,,,0,0,,,
Bogor,Kabupaten Bogor Leuwiliang,2026-04-29 07:00:00,83,83,45,,4,9,0,80,,,,,
Tangerang,Tangerang Pasir Jaya,2026-04-29 07:00:00,90,90,45,,58,63,0,65,,,,,
Bekasi,Bekasi Kayuringin,2026-04-29 07:00:00,81,81,37,,48,15,0,14,,,,,
Jakarta,The Pakubuwono Menteng,2026-04-29 07:53:22,138,138,54,94,,,,,57,29.9,,,
Depok,Cinere - Nafas,2026-04-29 07:53:41,160,160,62,136,,,,,0,0,,,
Bogor,Kabupaten Bogor Leuwiliang,2026-04-29 07:00:00,83,83,45,,4,9,0,80,,,,,
Tangerang,Tangerang Pasir Jaya,2026-04-29 07:00:00,90,90,45,,58,63,0,65,,,,,
Bekasi,Bekasi Kayuringin,2026-04-29 07:00:00,81,81,37,,48,15,0,14,,,,,
Jakarta,The Pakubuwono Menteng,2026-04-29 07:54:22,135,135,54,95,,,,,57,29.9,,,
Depok,Cinere - Nafas,2026-04-29 07:54:41,158,158,62,131,,,,,0,0,,,
Bogor,Kabupaten Bogor Leuwiliang,2026-04-29 07:00:00,83,83,45,,4,9,0,80,,,,,
Tangerang,Tangerang Pasir Jaya,2026-04-29 07:00:00,90,90,45,,58,63,0,65,,,,,
Bekasi,Bekasi Kayuringin,2026-04-29 07:00:00,81,81,37,,48,15,0,14,,,,,
Jakarta,The Pakubuwono Menteng,2026-04-29 07:56:22,128,128,51,90,,,,,56,30,,,
Depok,Cinere - Nafas,2026-04-29 07:56:41,160,160,62,131,,,,,0,0,,,
Bogor,Kabupaten Bogor Leuwiliang,2026-04-29 07:00:00,83,83,45,,4,9,0,80,,,,,
Tangerang,Tangerang Pasir Jaya,2026-04-29 07:00:00,90,90,45,,58,63,0,65,,,,,
Bekasi,Bekasi Kayuringin,2026-04-29 07:00:00,81,81,37,,48,15,0,14,,,,,
Jakarta,The Pakubuwono Menteng,2026-04-29 07:57:22,127,127,51,91,,,,,56,30,,,
Depok,Cinere - Nafas,2026-04-29 07:57:41,162,162,64,140,,,,,0,0,,,
Bogor,Kabupaten Bogor Leuwiliang,2026-04-29 07:00:00,83,83,45,,4,9,0,80,,,,,
Tangerang,Tangerang Pasir Jaya,2026-04-29 07:00:00,90,90,45,,58,63,0,65,,,,,
Bekasi,Bekasi Kayuringin,2026-04-29 07:00:00,81,81,37,,48,15,0,14,,,,,
Jakarta,The Pakubuwono Menteng,2026-04-29 07:59:22,132,132,53,94,,,,,57,30,,,
Depok,Cinere - Nafas,2026-04-29 07:59:41,160,160,63,135,,,,,0,0,,,
Bogor,Kabupaten Bogor Leuwiliang,2026-04-29 07:00:00,83,83,45,,4,9,0,80,,,,,
Tangerang,Tangerang Pasir Jaya,2026-04-29 07:00:00,90,90,45,,58,63,0,65,,,,,
Bekasi,Bekasi Kayuringin,2026-04-29 07:00:00,81,81,37,,48,15,0,14,,,,,
Jakarta,The Pakubuwono Menteng,2026-04-29 08:00:22,126,126,50,89,,,,,57,30.1,,,
Depok,Cinere - Nafas,2026-04-29 08:00:42,160,160,62,131,,,,,0,0,,,
Bogor,Kabupaten Bogor Leuwiliang,2026-04-29 07:00:00,83,83,45,,4,9,0,80,,,,,
Tangerang,Tangerang Pasir Jaya,2026-04-29 07:00:00,90,90,45,,58,63,0,65,,,,,
Bekasi,Bekasi Kayuringin,2026-04-29 07:00:00,81,81,37,,48,15,0,14,,,,,
Jakarta,The Pakubuwono Menteng,2026-04-29 08:01:22,122,122,49,88,,,,,57,30.1,,,
Depok,Cinere - Nafas,2026-04-29 08:01:41,159,159,62,134,,,,,0,0,,,
Bogor,Kabupaten Bogor Leuwiliang,2026-04-29 07:00:00,83,83,45,,4,9,0,80,,,,,
Tangerang,Tangerang Pasir Jaya,2026-04-29 07:00:00,90,90,45,,58,63,0,65,,,,,
Bekasi,Bekasi Kayuringin,2026-04-29 07:00:00,81,81,37,,48,15,0,14,,,,,
Jakarta,The Pakubuwono Menteng,2026-04-29 08:02:23,127,127,51,90,,,,,57,30.2,,,
Depok,Cinere - Nafas,2026-04-29 08:02:42,161,161,64,136,,,,,0,0,,,
Bogor,Kabupaten Bogor Leuwiliang,2026-04-29 07:00:00,83,83,45,,4,9,0,80,,,,,
Tangerang,Tangerang Pasir Jaya,2026-04-29 07:00:00,90,90,45,,58,63,0,65,,,,,
Bekasi,Bekasi Kayuringin,2026-04-29 07:00:00,81,81,37,,48,15,0,14,,,,,
Jakarta,The Pakubuwono Menteng,2026-04-29 08:03:23,131,131,52,94,,,,,57,30.2,,,
Depok,Cinere - Nafas,2026-04-29 08:03:42,161,161,63,135,,,,,0,0,,,
Bogor,Kabupaten Bogor Leuwiliang,2026-04-29 07:00:00,83,83,45,,4,9,0,80,,,,,
Tangerang,Tangerang Pasir Jaya,2026-04-29 07:00:00,90,90,45,,58,63,0,65,,,,,
Bekasi,Bekasi Kayuringin,2026-04-29 07:00:00,81,81,37,,48,15,0,14,,,,,
Jakarta,The Pakubuwono Menteng,2026-04-29 08:04:22,137,137,53,95,,,,,56,30.2,,,
Depok,Cinere - Nafas,2026-04-29 08:04:42,160,160,62,134,,,,,0,0,,,
Bogor,Kabupaten Bogor Leuwiliang,2026-04-29 07:00:00,83,83,45,,4,9,0,80,,,,,
Tangerang,Tangerang Pasir Jaya,2026-04-29 07:00:00,90,90,45,,58,63,0,65,,,,,
Bekasi,Bekasi Kayuringin,2026-04-29 07:00:00,81,81,37,,48,15,0,14,,,,,
Jakarta,The Pakubuwono Menteng,2026-04-29 08:05:22,134,134,53,94,,,,,56,30.2,,,
Depok,Cinere - Nafas,2026-04-29 08:05:42,161,161,64,136,,,,,0,0,,,
Bogor,Kabupaten Bogor Leuwiliang,2026-04-29 07:00:00,83,83,45,,4,9,0,80,,,,,
Tangerang,Tangerang Pasir Jaya,2026-04-29 07:00:00,90,90,45,,58,63,0,65,,,,,
Bekasi,Bekasi Kayuringin,2026-04-29 07:00:00,81,81,37,,48,15,0,14,,,,,
Jakarta,The Pakubuwono Menteng,2026-04-29 08:06:22,135,135,53,94,,,,,56,30.3,,,
Depok,Cinere - Nafas,2026-04-29 08:06:42,162,162,66,143,,,,,0,0,,,
Bogor,Kabupaten Bogor Leuwiliang,2026-04-29 07:00:00,83,83,45,,4,9,0,80,,,,,
Tangerang,Tangerang Pasir Jaya,2026-04-29 07:00:00,90,90,45,,58,63,0,65,,,,,
Bekasi,Bekasi Kayuringin,2026-04-29 07:00:00,81,81,37,,48,15,0,14,,,,,
Jakarta,The Pakubuwono Menteng,2026-04-29 08:09:22,129,129,52,93,,,,,56,30.3,,,
Depok,Cinere - Nafas,2026-04-29 08:09:42,163,163,66,150,,,,,0,0,,,
Bogor,Kabupaten Bogor Leuwiliang,2026-04-29 08:00:00,83,83,45,,4,9,0,80,,,,,
Tangerang,Tangerang Pasir Jaya,2026-04-29 08:00:00,90,90,45,,58,63,0,65,,,,,
Bekasi,Bekasi Kayuringin,2026-04-29 08:00:00,86,86,39,,46,15,0,13,,,,,
Jakarta,The Pakubuwono Menteng,2026-04-29 08:10:23,131,131,53,94,,,,,56,30.3,,,
Depok,Cinere - Nafas,2026-04-29 08:10:42,165,165,66,148,,,,,0,0,,,
Bogor,Kabupaten Bogor Leuwiliang,2026-04-29 08:00:00,83,83,45,,4,9,0,80,,,,,
Tangerang,Tangerang Pasir Jaya,2026-04-29 08:00:00,90,90,45,,58,63,0,65,,,,,
Bekasi,Bekasi Kayuringin,2026-04-29 08:00:00,86,86,39,,46,15,0,13,,,,,
Jakarta,The Pakubuwono Menteng,2026-04-29 08:11:22,128,128,51,94,,,,,55,30.3,,,
Depok,Cinere - Nafas,2026-04-29 08:11:42,161,161,65,140,,,,,0,0,,,
Bogor,Kabupaten Bogor Leuwiliang,2026-04-29 08:00:00,83,83,45,,4,9,0,80,,,,,
Tangerang,Tangerang Pasir Jaya,2026-04-29 08:00:00,90,90,45,,58,63,0,65,,,,,
Bekasi,Bekasi Kayuringin,2026-04-29 08:00:00,86,86,39,,46,15,0,13,,,,,
Jakarta,The Pakubuwono Menteng,2026-04-29 08:12:23,129,129,52,92,,,,,55,30.3,,,
Depok,Cinere - Nafas,2026-04-29 08:12:42,167,167,70,150,,,,,0,0,,,
Bogor,Kabupaten Bogor Leuwiliang,2026-04-29 08:00:00,83,83,45,,4,9,0,80,,,,,
Tangerang,Tangerang Pasir Jaya,2026-04-29 08:00:00,90,90,45,,58,63,0,65,,,,,
Bekasi,Bekasi Kayuringin,2026-04-29 08:00:00,86,86,39,,46,15,0,13,,,,,
Jakarta,The Pakubuwono Menteng,2026-04-29 08:12:23,129,129,52,92,,,,,55,30.3,,,
Depok,Cinere - Nafas,2026-04-29 08:12:42,167,167,70,150,,,,,0,0,,,
Bogor,Kabupaten Bogor Leuwiliang,2026-04-29 08:00:00,83,83,45,,4,9,0,80,,,,,
Tangerang,Tangerang Pasir Jaya,2026-04-29 08:00:00,90,90,45,,58,63,0,65,,,,,
Bekasi,Bekasi Kayuringin,2026-04-29 08:00:00,86,86,39,,46,15,0,13,,,,,
Jakarta,The Pakubuwono Menteng,2026-04-29 08:13:23,136,136,54,96,,,,,56,30.3,,,
Depok,Cinere - Nafas,2026-04-29 08:13:42,163,163,66,140,,,,,0,0,,,
Bogor,Kabupaten Bogor Leuwiliang,2026-04-29 08:00:00,83,83,45,,4,9,0,80,,,,,
Tangerang,Tangerang Pasir Jaya,2026-04-29 08:00:00,90,90,45,,58,63,0,65,,,,,
Bekasi,Bekasi Kayuringin,2026-04-29 08:00:00,86,86,39,,46,15,0,13,,,,,
Jakarta,The Pakubuwono Menteng,2026-04-29 08:15:23,128,128,52,89,,,,,55,30.4,,,
Depok,Cinere - Nafas,2026-04-29 08:15:42,160,160,62,134,,,,,0,0,,,
Bogor,Kabupaten Bogor Leuwiliang,2026-04-29 08:00:00,83,83,45,,4,9,0,80,,,,,
Tangerang,Tangerang Pasir Jaya,2026-04-29 08:00:00,90,90,45,,58,63,0,65,,,,,
Bekasi,Bekasi Kayuringin,2026-04-29 08:00:00,86,86,39,,46,15,0,13,,,,,
Jakarta,The Pakubuwono Menteng,2026-04-29 08:16:23,126,126,51,89,,,,,55,30.3,,,
Depok,Cinere - Nafas,2026-04-29 08:16:42,162,162,66,141,,,,,0,0,,,
Bogor,Kabupaten Bogor Leuwiliang,2026-04-29 08:00:00,83,83,45,,4,9,0,80,,,,,
Tangerang,Tangerang Pasir Jaya,2026-04-29 08:00:00,90,90,45,,58,63,0,65,,,,,
Bekasi,Bekasi Kayuringin,2026-04-29 08:00:00,86,86,39,,46,15,0,13,,,,,
Jakarta,The Pakubuwono Menteng,2026-04-29 08:18:23,128,128,53,94,,,,,56,30.4,,,
Depok,Cinere - Nafas,2026-04-29 08:18:42,158,158,61,120,,,,,0,0,,,
Bogor,Kabupaten Bogor Leuwiliang,2026-04-29 08:00:00,83,83,45,,4,9,0,80,,,,,
Tangerang,Tangerang Pasir Jaya,2026-04-29 08:00:00,90,90,45,,58,63,0,65,,,,,
Bekasi,Bekasi Kayuringin,2026-04-29 08:00:00,86,86,39,,46,15,0,13,,,,,
Jakarta,The Pakubuwono Menteng,2026-04-29 08:19:23,126,126,52,92,,,,,56,30.4,,,
Depok,Cinere - Nafas,2026-04-29 08:19:42,157,157,61,121,,,,,0,0,,,
Bogor,Kabupaten Bogor Leuwiliang,2026-04-29 08:00:00,83,83,45,,4,9,0,80,,,,,
Tangerang,Tangerang Pasir Jaya,2026-04-29 08:00:00,90,90,45,,58,63,0,65,,,,,
Bekasi,Bekasi Kayuringin,2026-04-29 08:00:00,86,86,39,,46,15,0,13,,,,,
Jakarta,The Pakubuwono Menteng,2026-04-29 08:20:23,131,131,52,94,,,,,56,30.4,,,
Depok,Cinere - Nafas,2026-04-29 08:20:42,158,158,61,128,,,,,0,0,,,
Bogor,Kabupaten Bogor Leuwiliang,2026-04-29 08:00:00,83,83,45,,4,9,0,80,,,,,
Tangerang,Tangerang Pasir Jaya,2026-04-29 08:00:00,90,90,45,,58,63,0,65,,,,,
Bekasi,Bekasi Kayuringin,2026-04-29 08:00:00,86,86,39,,46,15,0,13,,,,,
Jakarta,The Pakubuwono Menteng,2026-04-29 08:22:23,131,131,52,90,,,,,56,30.4,,,
Depok,Cinere - Nafas,2026-04-29 08:22:42,156,156,60,115,,,,,0,0,,,
Bogor,Kabupaten Bogor Leuwiliang,2026-04-29 08:00:00,83,83,45,,4,9,0,80,,,,,
Tangerang,Tangerang Pasir Jaya,2026-04-29 08:00:00,90,90,45,,58,63,0,65,,,,,
Bekasi,Bekasi Kayuringin,2026-04-29 08:00:00,86,86,39,,46,15,0,13,,,,,
Jakarta,The Pakubuwono Menteng,2026-04-29 08:23:23,126,126,51,90,,,,,56,30.5,,,
Depok,Cinere - Nafas,2026-04-29 08:23:42,156,156,60,119,,,,,0,0,,,
Bogor,Kabupaten Bogor Leuwiliang,2026-04-29 08:00:00,83,83,45,,4,9,0,80,,,,,
Tangerang,Tangerang Pasir Jaya,2026-04-29 08:00:00,90,90,45,,58,63,0,65,,,,,
Bekasi,Bekasi Kayuringin,2026-04-29 08:00:00,86,86,39,,46,15,0,13,,,,,
Jakarta,The Pakubuwono Menteng,2026-04-29 08:23:23,126,126,51,90,,,,,56,30.5,,,
Depok,Cinere - Nafas,2026-04-29 08:23:42,156,156,60,119,,,,,0,0,,,
Bogor,Kabupaten Bogor Leuwiliang,2026-04-29 08:00:00,83,83,45,,4,9,0,80,,,,,
Tangerang,Tangerang Pasir Jaya,2026-04-29 08:00:00,90,90,45,,58,63,0,65,,,,,
Bekasi,Bekasi Kayuringin,2026-04-29 08:00:00,86,86,39,,46,15,0,13,,,,,
Jakarta,The Pakubuwono Menteng,2026-04-29 08:24:23,129,129,51,90,,,,,56,30.5,,,
Depok,Cinere - Nafas,2026-04-29 08:24:42,157,157,61,117,,,,,0,0,,,
Bogor,Kabupaten Bogor Leuwiliang,2026-04-29 08:00:00,83,83,45,,4,9,0,80,,,,,
Tangerang,Tangerang Pasir Jaya,2026-04-29 08:00:00,90,90,45,,58,63,0,65,,,,,
Bekasi,Bekasi Kayuringin,2026-04-29 08:00:00,86,86,39,,46,15,0,13,,,,,
Jakarta,The Pakubuwono Menteng,2026-04-29 08:26:23,128,128,52,93,,,,,56,30.5,,,
Depok,Cinere - Nafas,2026-04-29 08:26:42,157,157,61,121,,,,,0,0,,,
Bogor,Kabupaten Bogor Leuwiliang,2026-04-29 08:00:00,83,83,45,,4,9,0,80,,,,,
Tangerang,Tangerang Pasir Jaya,2026-04-29 08:00:00,90,90,45,,58,63,0,65,,,,,
Bekasi,Bekasi Kayuringin,2026-04-29 08:00:00,86,86,39,,46,15,0,13,,,,,
Jakarta,The Pakubuwono Menteng,2026-04-29 08:28:23,128,128,51,90,,,,,55,30.5,,,
Depok,Cinere - Nafas,2026-04-29 08:28:42,158,158,61,126,,,,,0,0,,,
Bogor,Kabupaten Bogor Leuwiliang,2026-04-29 08:00:00,83,83,45,,4,9,0,80,,,,,
Tangerang,Tangerang Pasir Jaya,2026-04-29 08:00:00,90,90,45,,58,63,0,65,,,,,
Bekasi,Bekasi Kayuringin,2026-04-29 08:00:00,86,86,39,,46,15,0,13,,,,,
Jakarta,The Pakubuwono Menteng,2026-04-29 08:29:23,119,119,47,85,,,,,55,30.5,,,
Depok,Cinere - Nafas,2026-04-29 08:29:42,158,158,62,122,,,,,0,0,,,
Bogor,Kabupaten Bogor Leuwiliang,2026-04-29 08:00:00,83,83,45,,4,9,0,80,,,,,
Tangerang,Tangerang Pasir Jaya,2026-04-29 08:00:00,90,90,45,,58,63,0,65,,,,,
Bekasi,Bekasi Kayuringin,2026-04-29 08:00:00,86,86,39,,46,15,0,13,,,,,
Jakarta,The Pakubuwono Menteng,2026-04-29 08:30:23,125,125,51,89,,,,,55,30.5,,,
Depok,Cinere - Nafas,2026-04-29 08:30:42,157,157,61,126,,,,,0,0,,,
Bogor,Kabupaten Bogor Leuwiliang,2026-04-29 08:00:00,83,83,45,,4,9,0,80,,,,,
Tangerang,Tangerang Pasir Jaya,2026-04-29 08:00:00,90,90,45,,58,63,0,65,,,,,
Bekasi,Bekasi Kayuringin,2026-04-29 08:00:00,86,86,39,,46,15,0,13,,,,,
Jakarta,The Pakubuwono Menteng,2026-04-29 08:31:23,125,125,50,89,,,,,55,30.5,,,
Depok,Cinere - Nafas,2026-04-29 08:31:42,156,156,60,119,,,,,0,0,,,
Bogor,Kabupaten Bogor Leuwiliang,2026-04-29 08:00:00,83,83,45,,4,9,0,80,,,,,
Tangerang,Tangerang Pasir Jaya,2026-04-29 08:00:00,90,90,45,,58,63,0,65,,,,,
Bekasi,Bekasi Kayuringin,2026-04-29 08:00:00,86,86,39,,46,15,0,13,,,,,
Jakarta,The Pakubuwono Menteng,2026-04-29 08:32:23,126,126,51,89,,,,,55,30.5,,,
Depok,Cinere - Nafas,2026-04-29 08:32:42,157,157,61,121,,,,,0,0,,,
Bogor,Kabupaten Bogor Leuwiliang,2026-04-29 08:00:00,83,83,45,,4,9,0,80,,,,,
Tangerang,Tangerang Pasir Jaya,2026-04-29 08:00:00,90,90,45,,58,63,0,65,,,,,
Bekasi,Bekasi Kayuringin,2026-04-29 08:00:00,86,86,39,,46,15,0,13,,,,,
Jakarta,The Pakubuwono Menteng,2026-04-29 08:33:23,128,128,51,94,,,,,56,30.6,,,
Depok,Cinere - Nafas,2026-04-29 08:33:42,157,157,61,121,,,,,0,0,,,
Bogor,Kabupaten Bogor Leuwiliang,2026-04-29 08:00:00,83,83,45,,4,9,0,80,,,,,
Tangerang,Tangerang Pasir Jaya,2026-04-29 08:00:00,90,90,45,,58,63,0,65,,,,,
Bekasi,Bekasi Kayuringin,2026-04-29 08:00:00,86,86,39,,46,15,0,13,,,,,
Jakarta,The Pakubuwono Menteng,2026-04-29 08:33:23,128,128,51,94,,,,,56,30.6,,,
Depok,Cinere - Nafas,2026-04-29 08:33:42,157,157,61,121,,,,,0,0,,,
Bogor,Kabupaten Bogor Leuwiliang,2026-04-29 08:00:00,83,83,45,,4,9,0,80,,,,,
Tangerang,Tangerang Pasir Jaya,2026-04-29 08:00:00,90,90,45,,58,63,0,65,,,,,
Bekasi,Bekasi Kayuringin,2026-04-29 08:00:00,86,86,39,,46,15,0,13,,,,,
Jakarta,The Pakubuwono Menteng,2026-04-29 08:36:23,130,130,52,93,,,,,55,30.6,,,
Depok,Cinere - Nafas,2026-04-29 08:36:42,155,155,59,119,,,,,0,0,,,
Bogor,Kabupaten Bogor Leuwiliang,2026-04-29 08:00:00,83,83,45,,4,9,0,80,,,,,
Tangerang,Tangerang Pasir Jaya,2026-04-29 08:00:00,90,90,45,,58,63,0,65,,,,,
Bekasi,Bekasi Kayuringin,2026-04-29 08:00:00,86,86,39,,46,15,0,13,,,,,
Jakarta,The Pakubuwono Menteng,2026-04-29 08:37:23,125,125,50,90,,,,,55,30.6,,,
Depok,Cinere - Nafas,2026-04-29 08:37:42,156,156,60,118,,,,,0,0,,,
Bogor,Kabupaten Bogor Leuwiliang,2026-04-29 08:00:00,83,83,45,,4,9,0,80,,,,,
Tangerang,Tangerang Pasir Jaya,2026-04-29 08:00:00,90,90,45,,58,63,0,65,,,,,
Bekasi,Bekasi Kayuringin,2026-04-29 08:00:00,86,86,39,,46,15,0,13,,,,,
Jakarta,The Pakubuwono Menteng,2026-04-29 08:38:23,128,128,51,90,,,,,55,30.6,,,
Depok,Cinere - Nafas,2026-04-29 08:38:42,156,156,60,118,,,,,0,0,,,
Bogor,Kabupaten Bogor Leuwiliang,2026-04-29 08:00:00,83,83,45,,4,9,0,80,,,,,
Tangerang,Tangerang Pasir Jaya,2026-04-29 08:00:00,90,90,45,,58,63,0,65,,,,,
Bekasi,Bekasi Kayuringin,2026-04-29 08:00:00,86,86,39,,46,15,0,13,,,,,
Jakarta,The Pakubuwono Menteng,2026-04-29 08:39:23,130,130,52,93,,,,,55,30.6,,,
Depok,Cinere - Nafas,2026-04-29 08:39:42,157,157,62,126,,,,,0,0,,,
Bogor,Kabupaten Bogor Leuwiliang,2026-04-29 08:00:00,83,83,45,,4,9,0,80,,,,,
Tangerang,Tangerang Pasir Jaya,2026-04-29 08:00:00,90,90,45,,58,63,0,65,,,,,
Bekasi,Bekasi Kayuringin,2026-04-29 08:00:00,86,86,39,,46,15,0,13,,,,,
Jakarta,The Pakubuwono Menteng,2026-04-29 08:40:23,129,129,52,93,,,,,54,30.7,,,
Depok,Cinere - Nafas,2026-04-29 08:40:42,158,158,61,127,,,,,0,0,,,
Bogor,Kabupaten Bogor Leuwiliang,2026-04-29 08:00:00,83,83,45,,4,9,0,80,,,,,
Tangerang,Tangerang Pasir Jaya,2026-04-29 08:00:00,90,90,45,,58,63,0,65,,,,,
Bekasi,Bekasi Kayuringin,2026-04-29 08:00:00,86,86,39,,46,15,0,13,,,,,
Jakarta,The Pakubuwono Menteng,2026-04-29 08:42:23,127,127,51,91,,,,,55,30.7,,,
Depok,Cinere - Nafas,2026-04-29 08:42:42,158,158,63,126,,,,,0,0,,,
Bogor,Kabupaten Bogor Leuwiliang,2026-04-29 08:00:00,83,83,45,,4,9,0,80,,,,,
Tangerang,Tangerang Pasir Jaya,2026-04-29 08:00:00,90,90,45,,58,63,0,65,,,,,
Bekasi,Bekasi Kayuringin,2026-04-29 08:00:00,86,86,39,,46,15,0,13,,,,,
Jakarta,The Pakubuwono Menteng,2026-04-29 08:43:23,127,127,51,90,,,,,55,30.7,,,
Depok,Cinere - Nafas,2026-04-29 08:43:42,156,156,61,128,,,,,0,0,,,
Bogor,Kabupaten Bogor Leuwiliang,2026-04-29 08:00:00,83,83,45,,4,9,0,80,,,,,
Tangerang,Tangerang Pasir Jaya,2026-04-29 08:00:00,90,90,45,,58,63,0,65,,,,,
Bekasi,Bekasi Kayuringin,2026-04-29 08:00:00,86,86,39,,46,15,0,13,,,,,
Jakarta,The Pakubuwono Menteng,2026-04-29 08:44:26,130,130,52,91,,,,,55,30.7,,,
Depok,Cinere - Nafas,2026-04-29 08:44:42,157,157,61,123,,,,,0,0,,,
Bogor,Kabupaten Bogor Leuwiliang,2026-04-29 08:00:00,83,83,45,,4,9,0,80,,,,,
Tangerang,Tangerang Pasir Jaya,2026-04-29 08:00:00,90,90,45,,58,63,0,65,,,,,
Bekasi,Bekasi Kayuringin,2026-04-29 08:00:00,86,86,39,,46,15,0,13,,,,,
Jakarta,The Pakubuwono Menteng,2026-04-29 08:45:23,126,126,51,89,,,,,55,30.7,,,
Depok,Cinere - Nafas,2026-04-29 08:45:42,157,157,61,121,,,,,0,0,,,
Bogor,Kabupaten Bogor Leuwiliang,2026-04-29 08:00:00,83,83,45,,4,9,0,80,,,,,
Tangerang,Tangerang Pasir Jaya,2026-04-29 08:00:00,90,90,45,,58,63,0,65,,,,,
Bekasi,Bekasi Kayuringin,2026-04-29 08:00:00,86,86,39,,46,15,0,13,,,,,
Jakarta,The Pakubuwono Menteng,2026-04-29 08:46:23,116,116,45,83,,,,,55,30.7,,,
Depok,Cinere - Nafas,2026-04-29 08:46:42,156,156,61,120,,,,,0,0,,,
Bogor,Kabupaten Bogor Leuwiliang,2026-04-29 08:00:00,83,83,45,,4,9,0,80,,,,,
Tangerang,Tangerang Pasir Jaya,2026-04-29 08:00:00,90,90,45,,58,63,0,65,,,,,
Bekasi,Bekasi Kayuringin,2026-04-29 08:00:00,86,86,39,,46,15,0,13,,,,,
Jakarta,The Pakubuwono Menteng,2026-04-29 08:48:23,123,123,49,88,,,,,55,30.7,,,
Depok,Cinere - Nafas,2026-04-29 08:48:42,154,154,60,117,,,,,0,0,,,
Bogor,Kabupaten Bogor Leuwiliang,2026-04-29 08:00:00,83,83,45,,4,9,0,80,,,,,
Tangerang,Tangerang Pasir Jaya,2026-04-29 08:00:00,90,90,45,,58,63,0,65,,,,,
Bekasi,Bekasi Kayuringin,2026-04-29 08:00:00,86,86,39,,46,15,0,13,,,,,
Jakarta,The Pakubuwono Menteng,2026-04-29 08:49:24,121,121,50,86,,,,,55,30.8,,,
Depok,Cinere - Nafas,2026-04-29 08:49:42,155,155,59,114,,,,,0,0,,,
Bogor,Kabupaten Bogor Leuwiliang,2026-04-29 08:00:00,83,83,45,,4,9,0,80,,,,,
Tangerang,Tangerang Pasir Jaya,2026-04-29 08:00:00,90,90,45,,58,63,0,65,,,,,
Bekasi,Bekasi Kayuringin,2026-04-29 08:00:00,86,86,39,,46,15,0,13,,,,,
Jakarta,The Pakubuwono Menteng,2026-04-29 08:50:23,128,128,51,89,,,,,55,30.8,,,
Depok,Cinere - Nafas,2026-04-29 08:50:42,153,153,59,112,,,,,0,0,,,
Bogor,Kabupaten Bogor Leuwiliang,2026-04-29 08:00:00,83,83,45,,4,9,0,80,,,,,
Tangerang,Tangerang Pasir Jaya,2026-04-29 08:00:00,90,90,45,,58,63,0,65,,,,,
Bekasi,Bekasi Kayuringin,2026-04-29 08:00:00,86,86,39,,46,15,0,13,,,,,
Jakarta,The Pakubuwono Menteng,2026-04-29 08:51:27,134,134,53,93,,,,,55,30.8,,,
Depok,Cinere - Nafas,2026-04-29 08:51:42,155,155,60,117,,,,,0,0,,,
Bogor,Kabupaten Bogor Leuwiliang,2026-04-29 08:00:00,83,83,45,,4,9,0,80,,,,,
Tangerang,Tangerang Pasir Jaya,2026-04-29 08:00:00,90,90,45,,58,63,0,65,,,,,
Bekasi,Bekasi Kayuringin,2026-04-29 08:00:00,86,86,39,,46,15,0,13,,,,,
Jakarta,The Pakubuwono Menteng,2026-04-29 08:52:24,134,134,53,95,,,,,54,30.8,,,
Depok,Cinere - Nafas,2026-04-29 08:52:42,154,154,60,116,,,,,0,0,,,
Bogor,Kabupaten Bogor Leuwiliang,2026-04-29 08:00:00,83,83,45,,4,9,0,80,,,,,
Tangerang,Tangerang Pasir Jaya,2026-04-29 08:00:00,90,90,45,,58,63,0,65,,,,,
Bekasi,Bekasi Kayuringin,2026-04-29 08:00:00,86,86,39,,46,15,0,13,,,,,
Jakarta,The Pakubuwono Menteng,2026-04-29 08:53:24,134,134,54,95,,,,,54,30.8,,,
Depok,Cinere - Nafas,2026-04-29 08:53:42,154,154,59,117,,,,,0,0,,,
Bogor,Kabupaten Bogor Leuwiliang,2026-04-29 08:00:00,83,83,45,,4,9,0,80,,,,,
Tangerang,Tangerang Pasir Jaya,2026-04-29 08:00:00,90,90,45,,58,63,0,65,,,,,
Bekasi,Bekasi Kayuringin,2026-04-29 08:00:00,86,86,39,,46,15,0,13,,,,,
Jakarta,The Pakubuwono Menteng,2026-04-29 08:56:24,134,134,53,95,,,,,55,30.9,,,
Depok,Cinere - Nafas,2026-04-29 08:56:42,154,154,60,119,,,,,0,0,,,
Bogor,Kabupaten Bogor Leuwiliang,2026-04-29 08:00:00,83,83,45,,4,9,0,80,,,,,
Tangerang,Tangerang Pasir Jaya,2026-04-29 08:00:00,90,90,45,,58,63,0,65,,,,,
Bekasi,Bekasi Kayuringin,2026-04-29 08:00:00,86,86,39,,46,15,0,13,,,,,
Jakarta,The Pakubuwono Menteng,2026-04-29 08:56:24,134,134,53,95,,,,,55,30.9,,,
Depok,Cinere - Nafas,2026-04-29 08:56:42,154,154,60,119,,,,,0,0,,,
Bogor,Kabupaten Bogor Leuwiliang,2026-04-29 08:00:00,83,83,45,,4,9,0,80,,,,,
Tangerang,Tangerang Pasir Jaya,2026-04-29 08:00:00,90,90,45,,58,63,0,65,,,,,
Bekasi,Bekasi Kayuringin,2026-04-29 08:00:00,86,86,39,,46,15,0,13,,,,,
Jakarta,The Pakubuwono Menteng,2026-04-29 08:57:24,114,114,45,84,,,,,55,30.9,,,
Depok,Cinere - Nafas,2026-04-29 08:57:42,155,155,59,116,,,,,0,0,,,
Bogor,Kabupaten Bogor Leuwiliang,2026-04-29 08:00:00,83,83,45,,4,9,0,80,,,,,
Tangerang,Tangerang Pasir Jaya,2026-04-29 08:00:00,90,90,45,,58,63,0,65,,,,,
Bekasi,Bekasi Kayuringin,2026-04-29 08:00:00,86,86,39,,46,15,0,13,,,,,
Jakarta,The Pakubuwono Menteng,2026-04-29 08:58:24,124,124,49,88,,,,,55,30.9,,,
Depok,Cinere - Nafas,2026-04-29 08:58:42,155,155,60,116,,,,,0,0,,,
Bogor,Kabupaten Bogor Leuwiliang,2026-04-29 08:00:00,83,83,45,,4,9,0,80,,,,,
Tangerang,Tangerang Pasir Jaya,2026-04-29 08:00:00,90,90,45,,58,63,0,65,,,,,
Bekasi,Bekasi Kayuringin,2026-04-29 08:00:00,86,86,39,,46,15,0,13,,,,,
Jakarta,The Pakubuwono Menteng,2026-04-29 08:59:24,131,131,52,95,,,,,54,30.9,,,
Depok,Cinere - Nafas,2026-04-29 08:59:42,156,156,60,123,,,,,0,0,,,
Bogor,Kabupaten Bogor Leuwiliang,2026-04-29 08:00:00,83,83,45,,4,9,0,80,,,,,
Tangerang,Tangerang Pasir Jaya,2026-04-29 08:00:00,90,90,45,,58,63,0,65,,,,,
Bekasi,Bekasi Kayuringin,2026-04-29 08:00:00,86,86,39,,46,15,0,13,,,,,
Jakarta,The Pakubuwono Menteng,2026-04-29 09:00:24,143,143,55,97,,,,,54,30.9,,,
Depok,Cinere - Nafas,2026-04-29 09:00:42,155,155,60,116,,,,,0,0,,,
Bogor,Kabupaten Bogor Leuwiliang,2026-04-29 08:00:00,83,83,45,,4,9,0,80,,,,,
Tangerang,Tangerang Pasir Jaya,2026-04-29 08:00:00,90,90,45,,58,63,0,65,,,,,
Bekasi,Bekasi Kayuringin,2026-04-29 08:00:00,86,86,39,,46,15,0,13,,,,,
Jakarta,The Pakubuwono Menteng,2026-04-29 09:02:24,151,151,56,105,,,,,54,30.9,,,
Depok,Cinere - Nafas,2026-04-29 09:02:43,155,155,60,116,,,,,0,0,,,
Bogor,Kabupaten Bogor Leuwiliang,2026-04-29 08:00:00,83,83,45,,4,9,0,80,,,,,
Tangerang,Tangerang Pasir Jaya,2026-04-29 08:00:00,90,90,45,,58,63,0,65,,,,,
Bekasi,Bekasi Kayuringin,2026-04-29 08:00:00,86,86,39,,46,15,0,13,,,,,
Jakarta,The Pakubuwono Menteng,2026-04-29 09:03:24,140,140,55,97,,,,,54,31,,,
Depok,Cinere - Nafas,2026-04-29 09:04:42,154,154,60,115,,,,,0,0,,,
Bogor,Kabupaten Bogor Leuwiliang,2026-04-29 08:00:00,83,83,45,,4,9,0,80,,,,,
Tangerang,Tangerang Pasir Jaya,2026-04-29 08:00:00,90,90,45,,58,63,0,65,,,,,
Bekasi,Bekasi Kayuringin,2026-04-29 08:00:00,86,86,39,,46,15,0,13,,,,,
Jakarta,The Pakubuwono Menteng,2026-04-29 09:05:24,139,139,54,97,,,,,54,31,,,
Depok,Cinere - Nafas,2026-04-29 09:05:42,155,155,60,114,,,,,0,0,,,
Bogor,Kabupaten Bogor Leuwiliang,2026-04-29 08:00:00,83,83,45,,4,9,0,80,,,,,
Tangerang,Tangerang Pasir Jaya,2026-04-29 08:00:00,90,90,45,,58,63,0,65,,,,,
Bekasi,Bekasi Kayuringin,2026-04-29 08:00:00,86,86,39,,46,15,0,13,,,,,
Jakarta,The Pakubuwono Menteng,2026-04-29 09:06:27,146,146,56,103,,,,,54,31,,,
Depok,Cinere - Nafas,2026-04-29 09:06:42,154,154,59,114,,,,,0,0,,,
Bogor,Kabupaten Bogor Leuwiliang,2026-04-29 08:00:00,83,83,45,,4,9,0,80,,,,,
Tangerang,Tangerang Pasir Jaya,2026-04-29 08:00:00,90,90,45,,58,63,0,65,,,,,
Bekasi,Bekasi Kayuringin,2026-04-29 08:00:00,86,86,39,,46,15,0,13,,,,,
Jakarta,The Pakubuwono Menteng,2026-04-29 09:07:24,142,142,56,99,,,,,54,31,,,
Depok,Cinere - Nafas,2026-04-29 09:07:42,155,155,60,126,,,,,0,0,,,
Bogor,Kabupaten Bogor Leuwiliang,2026-04-29 08:00:00,83,83,45,,4,9,0,80,,,,,
Tangerang,Tangerang Pasir Jaya,2026-04-29 08:00:00,90,90,45,,58,63,0,65,,,,,
Bekasi,Bekasi Kayuringin,2026-04-29 08:00:00,86,86,39,,46,15,0,13,,,,,
Jakarta,The Pakubuwono Menteng,2026-04-29 09:07:24,142,142,56,99,,,,,54,31,,,
Depok,Cinere - Nafas,2026-04-29 09:07:42,155,155,60,126,,,,,0,0,,,
Bogor,Kabupaten Bogor Leuwiliang,2026-04-29 08:00:00,83,83,45,,4,9,0,80,,,,,
Tangerang,Tangerang Pasir Jaya,2026-04-29 08:00:00,90,90,45,,58,63,0,65,,,,,
Bekasi,Bekasi Kayuringin,2026-04-29 08:00:00,86,86,39,,46,15,0,13,,,,,
Jakarta,The Pakubuwono Menteng,2026-04-29 09:09:25,147,147,55,101,,,,,54,31.1,,,
Depok,Cinere - Nafas,2026-04-29 09:09:42,155,155,59,115,,,,,0,0,,,
Bogor,Kabupaten Bogor Leuwiliang,2026-04-29 09:00:00,83,83,45,,4,9,0,80,,,,,
Tangerang,Tangerang Pasir Jaya,2026-04-29 09:00:00,90,90,45,,58,63,0,65,,,,,
Bekasi,Bekasi Kayuringin,2026-04-29 09:00:00,86,86,40,,44,15,0,12,,,,,
Jakarta,The Pakubuwono Menteng,2026-04-29 09:10:24,138,138,54,96,,,,,54,31.1,,,
Depok,Cinere - Nafas,2026-04-29 09:10:43,155,155,60,120,,,,,0,0,,,
Bogor,Kabupaten Bogor Leuwiliang,2026-04-29 09:00:00,83,83,45,,4,9,0,80,,,,,
Tangerang,Tangerang Pasir Jaya,2026-04-29 09:00:00,90,90,45,,58,63,0,65,,,,,
Bekasi,Bekasi Kayuringin,2026-04-29 09:00:00,86,86,40,,44,15,0,12,,,,,
Jakarta,The Pakubuwono Menteng,2026-04-29 09:11:24,141,141,54,97,,,,,54,31.1,,,
Depok,Cinere - Nafas,2026-04-29 09:11:43,155,155,59,117,,,,,0,0,,,
Bogor,Kabupaten Bogor Leuwiliang,2026-04-29 09:00:00,83,83,45,,4,9,0,80,,,,,
Tangerang,Tangerang Pasir Jaya,2026-04-29 09:00:00,90,90,45,,58,63,0,65,,,,,
Bekasi,Bekasi Kayuringin,2026-04-29 09:00:00,86,86,40,,44,15,0,12,,,,,
Jakarta,The Pakubuwono Menteng,2026-04-29 09:13:24,134,134,53,96,,,,,54,31.1,,,
Depok,Cinere - Nafas,2026-04-29 09:13:43,155,155,60,115,,,,,0,0,,,
Bogor,Kabupaten Bogor Leuwiliang,2026-04-29 09:00:00,83,83,45,,4,9,0,80,,,,,
Tangerang,Tangerang Pasir Jaya,2026-04-29 09:00:00,90,90,45,,58,63,0,65,,,,,
Bekasi,Bekasi Kayuringin,2026-04-29 09:00:00,86,86,40,,44,15,0,12,,,,,
Jakarta,The Pakubuwono Menteng,2026-04-29 09:14:24,130,130,53,94,,,,,54,31.2,,,
Depok,Cinere - Nafas,2026-04-29 09:14:42,154,154,59,110,,,,,0,0,,,
Bogor,Kabupaten Bogor Leuwiliang,2026-04-29 09:00:00,83,83,45,,4,9,0,80,,,,,
Tangerang,Tangerang Pasir Jaya,2026-04-29 09:00:00,90,90,45,,58,63,0,65,,,,,
Bekasi,Bekasi Kayuringin,2026-04-29 09:00:00,86,86,40,,44,15,0,12,,,,,
Jakarta,The Pakubuwono Menteng,2026-04-29 09:16:24,126,126,50,89,,,,,53,31.2,,,
Depok,Cinere - Nafas,2026-04-29 09:16:42,153,153,59,114,,,,,0,0,,,
Bogor,Kabupaten Bogor Leuwiliang,2026-04-29 09:00:00,83,83,45,,4,9,0,80,,,,,
Tangerang,Tangerang Pasir Jaya,2026-04-29 09:00:00,90,90,45,,58,63,0,65,,,,,
Bekasi,Bekasi Kayuringin,2026-04-29 09:00:00,86,86,40,,44,15,0,12,,,,,
Jakarta,The Pakubuwono Menteng,2026-04-29 09:17:24,126,126,51,94,,,,,53,31.2,,,
Depok,Cinere - Nafas,2026-04-29 09:17:43,154,154,59,114,,,,,0,0,,,
Bogor,Kabupaten Bogor Leuwiliang,2026-04-29 09:00:00,83,83,45,,4,9,0,80,,,,,
Tangerang,Tangerang Pasir Jaya,2026-04-29 09:00:00,90,90,45,,58,63,0,65,,,,,
Bekasi,Bekasi Kayuringin,2026-04-29 09:00:00,86,86,40,,44,15,0,12,,,,,
Jakarta,The Pakubuwono Menteng,2026-04-29 09:18:24,124,124,50,89,,,,,52,31.2,,,
Depok,Cinere - Nafas,2026-04-29 09:18:43,152,152,59,114,,,,,0,0,,,
Bogor,Kabupaten Bogor Leuwiliang,2026-04-29 09:00:00,83,83,45,,4,9,0,80,,,,,
Tangerang,Tangerang Pasir Jaya,2026-04-29 09:00:00,90,90,45,,58,63,0,65,,,,,
Bekasi,Bekasi Kayuringin,2026-04-29 09:00:00,86,86,40,,44,15,0,12,,,,,
Jakarta,The Pakubuwono Menteng,2026-04-29 09:19:24,127,127,51,91,,,,,52,31.2,,,
Depok,Cinere - Nafas,2026-04-29 09:19:43,151,151,58,108,,,,,0,0,,,
Bogor,Kabupaten Bogor Leuwiliang,2026-04-29 09:00:00,83,83,45,,4,9,0,80,,,,,
Tangerang,Tangerang Pasir Jaya,2026-04-29 09:00:00,90,90,45,,58,63,0,65,,,,,
Bekasi,Bekasi Kayuringin,2026-04-29 09:00:00,86,86,40,,44,15,0,12,,,,,
Jakarta,The Pakubuwono Menteng,2026-04-29 09:20:24,125,125,49,88,,,,,52,31.2,,,
Depok,Cinere - Nafas,2026-04-29 09:20:43,152,152,57,110,,,,,0,0,,,
Bogor,Kabupaten Bogor Leuwiliang,2026-04-29 09:00:00,83,83,45,,4,9,0,80,,,,,
Tangerang,Tangerang Pasir Jaya,2026-04-29 09:00:00,90,90,45,,58,63,0,65,,,,,
Bekasi,Bekasi Kayuringin,2026-04-29 09:00:00,86,86,40,,44,15,0,12,,,,,
Jakarta,The Pakubuwono Menteng,2026-04-29 09:20:24,125,125,49,88,,,,,52,31.2,,,
Depok,Cinere - Nafas,2026-04-29 09:20:43,152,152,57,110,,,,,0,0,,,
Bogor,Kabupaten Bogor Leuwiliang,2026-04-29 09:00:00,83,83,45,,4,9,0,80,,,,,
Tangerang,Tangerang Pasir Jaya,2026-04-29 09:00:00,90,90,45,,58,63,0,65,,,,,
Bekasi,Bekasi Kayuringin,2026-04-29 09:00:00,86,86,40,,44,15,0,12,,,,,
Jakarta,The Pakubuwono Menteng,2026-04-29 09:23:24,124,124,50,89,,,,,52,31.2,,,
Depok,Cinere - Nafas,2026-04-29 09:23:43,154,154,59,115,,,,,0,0,,,
Bogor,Kabupaten Bogor Leuwiliang,2026-04-29 09:00:00,83,83,45,,4,9,0,80,,,,,
Tangerang,Tangerang Pasir Jaya,2026-04-29 09:00:00,90,90,45,,58,63,0,65,,,,,
Bekasi,Bekasi Kayuringin,2026-04-29 09:00:00,86,86,40,,44,15,0,12,,,,,
Jakarta,The Pakubuwono Menteng,2026-04-29 09:24:24,125,125,50,89,,,,,52,31.2,,,
Depok,Cinere - Nafas,2026-04-29 09:24:43,152,152,58,110,,,,,0,0,,,
Bogor,Kabupaten Bogor Leuwiliang,2026-04-29 09:00:00,83,83,45,,4,9,0,80,,,,,
Tangerang,Tangerang Pasir Jaya,2026-04-29 09:00:00,90,90,45,,58,63,0,65,,,,,
Bekasi,Bekasi Kayuringin,2026-04-29 09:00:00,86,86,40,,44,15,0,12,,,,,
Jakarta,The Pakubuwono Menteng,2026-04-29 09:25:24,126,126,50,90,,,,,52,31.3,,,
Depok,Cinere - Nafas,2026-04-29 09:25:43,152,152,58,109,,,,,0,0,,,
Bogor,Kabupaten Bogor Leuwiliang,2026-04-29 09:00:00,83,83,45,,4,9,0,80,,,,,
Tangerang,Tangerang Pasir Jaya,2026-04-29 09:00:00,90,90,45,,58,63,0,65,,,,,
Bekasi,Bekasi Kayuringin,2026-04-29 09:00:00,86,86,40,,44,15,0,12,,,,,
Jakarta,The Pakubuwono Menteng,2026-04-29 09:26:24,124,124,48,87,,,,,52,31.3,,,
Depok,Cinere - Nafas,2026-04-29 09:26:43,154,154,59,113,,,,,0,0,,,
Bogor,Kabupaten Bogor Leuwiliang,2026-04-29 09:00:00,83,83,45,,4,9,0,80,,,,,
Tangerang,Tangerang Pasir Jaya,2026-04-29 09:00:00,90,90,45,,58,63,0,65,,,,,
Bekasi,Bekasi Kayuringin,2026-04-29 09:00:00,86,86,40,,44,15,0,12,,,,,
Jakarta,The Pakubuwono Menteng,2026-04-29 09:27:24,123,123,49,89,,,,,52,31.3,,,
Depok,Cinere - Nafas,2026-04-29 09:27:43,156,156,61,121,,,,,0,0,,,
Bogor,Kabupaten Bogor Leuwiliang,2026-04-29 09:00:00,83,83,45,,4,9,0,80,,,,,
Tangerang,Tangerang Pasir Jaya,2026-04-29 09:00:00,90,90,45,,58,63,0,65,,,,,
Bekasi,Bekasi Kayuringin,2026-04-29 09:00:00,86,86,40,,44,15,0,12,,,,,
Jakarta,The Pakubuwono Menteng,2026-04-29 09:28:26,117,117,47,87,,,,,51,31.3,,,
Depok,Cinere - Nafas,2026-04-29 09:28:43,155,155,59,116,,,,,0,0,,,
Bogor,Kabupaten Bogor Leuwiliang,2026-04-29 09:00:00,83,83,45,,4,9,0,80,,,,,
Tangerang,Tangerang Pasir Jaya,2026-04-29 09:00:00,90,90,45,,58,63,0,65,,,,,
Bekasi,Bekasi Kayuringin,2026-04-29 09:00:00,86,86,40,,44,15,0,12,,,,,
Jakarta,The Pakubuwono Menteng,2026-04-29 09:30:24,123,123,48,89,,,,,51,31.3,,,
Depok,Cinere - Nafas,2026-04-29 09:30:43,153,153,58,112,,,,,0,0,,,
Bogor,Kabupaten Bogor Leuwiliang,2026-04-29 09:00:00,83,83,45,,4,9,0,80,,,,,
Tangerang,Tangerang Pasir Jaya,2026-04-29 09:00:00,90,90,45,,58,63,0,65,,,,,
Bekasi,Bekasi Kayuringin,2026-04-29 09:00:00,86,86,40,,44,15,0,12,,,,,
Jakarta,The Pakubuwono Menteng,2026-04-29 09:31:24,117,117,46,87,,,,,51,31.4,,,
Depok,Cinere - Nafas,2026-04-29 09:31:43,153,153,58,111,,,,,0,0,,,
Bogor,Kabupaten Bogor Leuwiliang,2026-04-29 09:00:00,83,83,45,,4,9,0,80,,,,,
Tangerang,Tangerang Pasir Jaya,2026-04-29 09:00:00,90,90,45,,58,63,0,65,,,,,
Bekasi,Bekasi Kayuringin,2026-04-29 09:00:00,86,86,40,,44,15,0,12,,,,,
Jakarta,The Pakubuwono Menteng,2026-04-29 09:33:24,122,122,49,89,,,,,51,31.4,,,
Depok,Cinere - Nafas,2026-04-29 09:33:43,153,153,58,116,,,,,0,0,,,
Bogor,Kabupaten Bogor Leuwiliang,2026-04-29 09:00:00,83,83,45,,4,9,0,80,,,,,
Tangerang,Tangerang Pasir Jaya,2026-04-29 09:00:00,90,90,45,,58,63,0,65,,,,,
Bekasi,Bekasi Kayuringin,2026-04-29 09:00:00,86,86,40,,44,15,0,12,,,,,
Jakarta,The Pakubuwono Menteng,2026-04-29 09:33:24,122,122,49,89,,,,,51,31.4,,,
Depok,Cinere - Nafas,2026-04-29 09:33:43,153,153,58,116,,,,,0,0,,,
Bogor,Kabupaten Bogor Leuwiliang,2026-04-29 09:00:00,83,83,45,,4,9,0,80,,,,,
Tangerang,Tangerang Pasir Jaya,2026-04-29 09:00:00,90,90,45,,58,63,0,65,,,,,
Bekasi,Bekasi Kayuringin,2026-04-29 09:00:00,86,86,40,,44,15,0,12,,,,,
Jakarta,The Pakubuwono Menteng,2026-04-29 09:34:25,121,121,50,89,,,,,51,31.4,,,
Depok,Cinere - Nafas,2026-04-29 09:34:43,153,153,58,114,,,,,0,0,,,
Bogor,Kabupaten Bogor Leuwiliang,2026-04-29 09:00:00,83,83,45,,4,9,0,80,,,,,
Tangerang,Tangerang Pasir Jaya,2026-04-29 09:00:00,90,90,45,,58,63,0,65,,,,,
Bekasi,Bekasi Kayuringin,2026-04-29 09:00:00,86,86,40,,44,15,0,12,,,,,
Jakarta,The Pakubuwono Menteng,2026-04-29 09:36:25,123,123,50,90,,,,,51,31.4,,,
Depok,Cinere - Nafas,2026-04-29 09:36:43,152,152,57,109,,,,,0,0,,,
Bogor,Kabupaten Bogor Leuwiliang,2026-04-29 09:00:00,83,83,45,,4,9,0,80,,,,,
Tangerang,Tangerang Pasir Jaya,2026-04-29 09:00:00,90,90,45,,58,63,0,65,,,,,
Bekasi,Bekasi Kayuringin,2026-04-29 09:00:00,86,86,40,,44,15,0,12,,,,,
Jakarta,The Pakubuwono Menteng,2026-04-29 09:37:25,122,122,50,91,,,,,51,31.5,,,
Depok,Cinere - Nafas,2026-04-29 09:37:43,147,147,56,101,,,,,0,0,,,
Bogor,Kabupaten Bogor Leuwiliang,2026-04-29 09:00:00,83,83,45,,4,9,0,80,,,,,
Tangerang,Tangerang Pasir Jaya,2026-04-29 09:00:00,90,90,45,,58,63,0,65,,,,,
Bekasi,Bekasi Kayuringin,2026-04-29 09:00:00,86,86,40,,44,15,0,12,,,,,
Jakarta,The Pakubuwono Menteng,2026-04-29 09:38:25,121,121,49,88,,,,,51,31.5,,,
Depok,Cinere - Nafas,2026-04-29 09:38:43,144,144,56,98,,,,,0,0,,,
Bogor,Kabupaten Bogor Leuwiliang,2026-04-29 09:00:00,83,83,45,,4,9,0,80,,,,,
Tangerang,Tangerang Pasir Jaya,2026-04-29 09:00:00,90,90,45,,58,63,0,65,,,,,
Bekasi,Bekasi Kayuringin,2026-04-29 09:00:00,86,86,40,,44,15,0,12,,,,,
Jakarta,The Pakubuwono Menteng,2026-04-29 09:39:25,127,127,51,90,,,,,51,31.5,,,
Depok,Cinere - Nafas,2026-04-29 09:39:43,138,138,56,98,,,,,0,0,,,
Bogor,Kabupaten Bogor Leuwiliang,2026-04-29 09:00:00,83,83,45,,4,9,0,80,,,,,
Tangerang,Tangerang Pasir Jaya,2026-04-29 09:00:00,90,90,45,,58,63,0,65,,,,,
Bekasi,Bekasi Kayuringin,2026-04-29 09:00:00,86,86,40,,44,15,0,12,,,,,
Jakarta,The Pakubuwono Menteng,2026-04-29 09:40:26,123,123,49,88,,,,,51,31.5,,,
Depok,Cinere - Nafas,2026-04-29 09:41:43,143,143,56,100,,,,,0,0,,,
Bogor,Kabupaten Bogor Leuwiliang,2026-04-29 09:00:00,83,83,45,,4,9,0,80,,,,,
Tangerang,Tangerang Pasir Jaya,2026-04-29 09:00:00,90,90,45,,58,63,0,65,,,,,
Bekasi,Bekasi Kayuringin,2026-04-29 09:00:00,86,86,40,,44,15,0,12,,,,,
Jakarta,The Pakubuwono Menteng,2026-04-29 09:43:28,124,124,49,93,,,,,51,31.6,,,
Depok,Cinere - Nafas,2026-04-29 09:43:43,139,139,55,96,,,,,0,0,,,
Bogor,Kabupaten Bogor Leuwiliang,2026-04-29 09:00:00,83,83,45,,4,9,0,80,,,,,
Tangerang,Tangerang Pasir Jaya,2026-04-29 09:00:00,90,90,45,,58,63,0,65,,,,,
Bekasi,Bekasi Kayuringin,2026-04-29 09:00:00,86,86,40,,44,15,0,12,,,,,
Jakarta,The Pakubuwono Menteng,2026-04-29 09:44:25,127,127,51,93,,,,,51,31.6,,,
Depok,Cinere - Nafas,2026-04-29 09:44:43,141,141,55,99,,,,,0,0,,,
Bogor,Kabupaten Bogor Leuwiliang,2026-04-29 09:00:00,83,83,45,,4,9,0,80,,,,,
Tangerang,Tangerang Pasir Jaya,2026-04-29 09:00:00,90,90,45,,58,63,0,65,,,,,
Bekasi,Bekasi Kayuringin,2026-04-29 09:00:00,86,86,40,,44,15,0,12,,,,,
Jakarta,The Pakubuwono Menteng,2026-04-29 09:45:25,125,125,50,90,,,,,51,31.7,,,
Depok,Cinere - Nafas,2026-04-29 09:45:43,138,138,54,96,,,,,0,0,,,
Bogor,Kabupaten Bogor Leuwiliang,2026-04-29 09:00:00,83,83,45,,4,9,0,80,,,,,
Tangerang,Tangerang Pasir Jaya,2026-04-29 09:00:00,90,90,45,,58,63,0,65,,,,,
Bekasi,Bekasi Kayuringin,2026-04-29 09:00:00,86,86,40,,44,15,0,12,,,,,
Jakarta,The Pakubuwono Menteng,2026-04-29 09:45:25,125,125,50,90,,,,,51,31.7,,,
Depok,Cinere - Nafas,2026-04-29 09:45:43,138,138,54,96,,,,,0,0,,,
Bogor,Kabupaten Bogor Leuwiliang,2026-04-29 09:00:00,83,83,45,,4,9,0,80,,,,,
Tangerang,Tangerang Pasir Jaya,2026-04-29 09:00:00,90,90,45,,58,63,0,65,,,,,
Bekasi,Bekasi Kayuringin,2026-04-29 09:00:00,86,86,40,,44,15,0,12,,,,,
Jakarta,The Pakubuwono Menteng,2026-04-29 09:46:25,126,126,51,90,,,,,51,31.7,,,
Depok,Cinere - Nafas,2026-04-29 09:46:43,138,138,54,96,,,,,0,0,,,
Bogor,Kabupaten Bogor Leuwiliang,2026-04-29 09:00:00,83,83,45,,4,9,0,80,,,,,
Tangerang,Tangerang Pasir Jaya,2026-04-29 09:00:00,90,90,45,,58,63,0,65,,,,,
Bekasi,Bekasi Kayuringin,2026-04-29 09:00:00,86,86,40,,44,15,0,12,,,,,
Jakarta,The Pakubuwono Menteng,2026-04-29 09:47:25,125,125,50,89,,,,,51,31.7,,,
Depok,Cinere - Nafas,2026-04-29 09:47:43,136,136,53,95,,,,,0,0,,,
Bogor,Kabupaten Bogor Leuwiliang,2026-04-29 09:00:00,83,83,45,,4,9,0,80,,,,,
Tangerang,Tangerang Pasir Jaya,2026-04-29 09:00:00,90,90,45,,58,63,0,65,,,,,
Bekasi,Bekasi Kayuringin,2026-04-29 09:00:00,86,86,40,,44,15,0,12,,,,,
Jakarta,The Pakubuwono Menteng,2026-04-29 09:48:25,126,126,51,91,,,,,51,31.7,,,
Depok,Cinere - Nafas,2026-04-29 09:48:43,130,130,53,93,,,,,0,0,,,
Bogor,Kabupaten Bogor Leuwiliang,2026-04-29 09:00:00,83,83,45,,4,9,0,80,,,,,
Tangerang,Tangerang Pasir Jaya,2026-04-29 09:00:00,90,90,45,,58,63,0,65,,,,,
Bekasi,Bekasi Kayuringin,2026-04-29 09:00:00,86,86,40,,44,15,0,12,,,,,
Jakarta,The Pakubuwono Menteng,2026-04-29 09:51:25,118,118,48,85,,,,,50,31.8,,,
Depok,Cinere - Nafas,2026-04-29 09:51:43,133,133,53,94,,,,,0,0,,,
Bogor,Kabupaten Bogor Leuwiliang,2026-04-29 09:00:00,83,83,45,,4,9,0,80,,,,,
Tangerang,Tangerang Pasir Jaya,2026-04-29 09:00:00,90,90,45,,58,63,0,65,,,,,
Bekasi,Bekasi Kayuringin,2026-04-29 09:00:00,86,86,40,,44,15,0,12,,,,,
Jakarta,The Pakubuwono Menteng,2026-04-29 09:52:26,123,123,48,88,,,,,51,31.8,,,
Depok,Cinere - Nafas,2026-04-29 09:52:43,132,132,53,94,,,,,0,0,,,
Bogor,Kabupaten Bogor Leuwiliang,2026-04-29 09:00:00,83,83,45,,4,9,0,80,,,,,
Tangerang,Tangerang Pasir Jaya,2026-04-29 09:00:00,90,90,45,,58,63,0,65,,,,,
Bekasi,Bekasi Kayuringin,2026-04-29 09:00:00,86,86,40,,44,15,0,12,,,,,
Jakarta,The Pakubuwono Menteng,2026-04-29 09:53:25,120,120,48,88,,,,,51,31.8,,,
Depok,Cinere - Nafas,2026-04-29 09:53:43,136,136,53,94,,,,,0,0,,,
Bogor,Kabupaten Bogor Leuwiliang,2026-04-29 09:00:00,83,83,45,,4,9,0,80,,,,,
Tangerang,Tangerang Pasir Jaya,2026-04-29 09:00:00,90,90,45,,58,63,0,65,,,,,
Bekasi,Bekasi Kayuringin,2026-04-29 09:00:00,86,86,40,,44,15,0,12,,,,,
Jakarta,The Pakubuwono Menteng,2026-04-29 09:53:25,120,120,48,88,,,,,51,31.8,,,
Depok,Cinere - Nafas,2026-04-29 09:54:43,135,135,54,94,,,,,0,0,,,
Bogor,Kabupaten Bogor Leuwiliang,2026-04-29 09:00:00,83,83,45,,4,9,0,80,,,,,
Tangerang,Tangerang Pasir Jaya,2026-04-29 09:00:00,90,90,45,,58,63,0,65,,,,,
Bekasi,Bekasi Kayuringin,2026-04-29 09:00:00,86,86,40,,44,15,0,12,,,,,
Jakarta,The Pakubuwono Menteng,2026-04-29 09:55:25,127,127,51,91,,,,,51,31.8,,,
Depok,Cinere - Nafas,2026-04-29 09:55:43,135,135,53,94,,,,,0,0,,,
Bogor,Kabupaten Bogor Leuwiliang,2026-04-29 09:00:00,83,83,45,,4,9,0,80,,,,,
Tangerang,Tangerang Pasir Jaya,2026-04-29 09:00:00,90,90,45,,58,63,0,65,,,,,
Bekasi,Bekasi Kayuringin,2026-04-29 09:00:00,86,86,40,,44,15,0,12,,,,,
Jakarta,The Pakubuwono Menteng,2026-04-29 09:56:26,131,131,52,94,,,,,51,31.9,,,
Depok,Cinere - Nafas,2026-04-29 09:56:43,131,131,53,90,,,,,0,0,,,
Bogor,Kabupaten Bogor Leuwiliang,2026-04-29 09:00:00,83,83,45,,4,9,0,80,,,,,
Tangerang,Tangerang Pasir Jaya,2026-04-29 09:00:00,90,90,45,,58,63,0,65,,,,,
Bekasi,Bekasi Kayuringin,2026-04-29 09:00:00,86,86,40,,44,15,0,12,,,,,
Jakarta,The Pakubuwono Menteng,2026-04-29 09:57:25,131,131,51,94,,,,,51,31.9,,,
Depok,Cinere - Nafas,2026-04-29 09:57:43,131,131,53,94,,,,,0,0,,,
Bogor,Kabupaten Bogor Leuwiliang,2026-04-29 09:00:00,83,83,45,,4,9,0,80,,,,,
Tangerang,Tangerang Pasir Jaya,2026-04-29 09:00:00,90,90,45,,58,63,0,65,,,,,
Bekasi,Bekasi Kayuringin,2026-04-29 09:00:00,86,86,40,,44,15,0,12,,,,,
Jakarta,The Pakubuwono Menteng,2026-04-29 09:58:25,135,135,53,95,,,,,50,31.9,,,
Depok,Cinere - Nafas,2026-04-29 09:59:44,128,128,52,90,,,,,0,0,,,
Bogor,Kabupaten Bogor Leuwiliang,2026-04-29 09:00:00,83,83,45,,4,9,0,80,,,,,
Tangerang,Tangerang Pasir Jaya,2026-04-29 09:00:00,90,90,45,,58,63,0,65,,,,,
Bekasi,Bekasi Kayuringin,2026-04-29 09:00:00,86,86,40,,44,15,0,12,,,,,
Jakarta,The Pakubuwono Menteng,2026-04-29 10:00:25,132,132,53,97,,,,,50,31.9,,,
Depok,Cinere - Nafas,2026-04-29 10:00:43,125,125,51,90,,,,,0,0,,,
Bogor,Kabupaten Bogor Leuwiliang,2026-04-29 09:00:00,83,83,45,,4,9,0,80,,,,,
Tangerang,Tangerang Pasir Jaya,2026-04-29 09:00:00,90,90,45,,58,63,0,65,,,,,
Bekasi,Bekasi Kayuringin,2026-04-29 09:00:00,86,86,40,,44,15,0,12,,,,,
Jakarta,The Pakubuwono Menteng,2026-04-29 10:01:25,129,129,51,91,,,,,50,31.9,,,
Depok,Cinere - Nafas,2026-04-29 10:01:43,126,126,51,90,,,,,0,0,,,
Bogor,Kabupaten Bogor Leuwiliang,2026-04-29 09:00:00,83,83,45,,4,9,0,80,,,,,
Tangerang,Tangerang Pasir Jaya,2026-04-29 09:00:00,90,90,45,,58,63,0,65,,,,,
Bekasi,Bekasi Kayuringin,2026-04-29 09:00:00,86,86,40,,44,15,0,12,,,,,
Jakarta,The Pakubuwono Menteng,2026-04-29 10:02:25,133,133,53,94,,,,,50,32,,,
Depok,Cinere - Nafas,2026-04-29 10:02:44,130,130,52,93,,,,,0,0,,,
Bogor,Kabupaten Bogor Leuwiliang,2026-04-29 09:00:00,83,83,45,,4,9,0,80,,,,,
Tangerang,Tangerang Pasir Jaya,2026-04-29 09:00:00,90,90,45,,58,63,0,65,,,,,
Bekasi,Bekasi Kayuringin,2026-04-29 09:00:00,86,86,40,,44,15,0,12,,,,,
Jakarta,The Pakubuwono Menteng,2026-04-29 10:04:25,131,131,53,94,,,,,50,32,,,
Depok,Cinere - Nafas,2026-04-29 10:04:43,130,130,52,93,,,,,0,0,,,
Bogor,Kabupaten Bogor Leuwiliang,2026-04-29 09:00:00,83,83,45,,4,9,0,80,,,,,
Tangerang,Tangerang Pasir Jaya,2026-04-29 09:00:00,90,90,45,,58,63,0,65,,,,,
Bekasi,Bekasi Kayuringin,2026-04-29 09:00:00,86,86,40,,44,15,0,12,,,,,
Jakarta,The Pakubuwono Menteng,2026-04-29 10:05:25,132,132,53,94,,,,,50,32,,,
Depok,Cinere - Nafas,2026-04-29 10:05:44,127,127,52,92,,,,,0,0,,,
Bogor,Kabupaten Bogor Leuwiliang,2026-04-29 09:00:00,83,83,45,,4,9,0,80,,,,,
Tangerang,Tangerang Pasir Jaya,2026-04-29 09:00:00,90,90,45,,58,63,0,65,,,,,
Bekasi,Bekasi Kayuringin,2026-04-29 09:00:00,86,86,40,,44,15,0,12,,,,,
Jakarta,The Pakubuwono Menteng,2026-04-29 10:06:26,128,128,51,93,,,,,49,32,,,
Depok,Cinere - Nafas,2026-04-29 10:06:43,131,131,52,94,,,,,0,0,,,
Bogor,Kabupaten Bogor Leuwiliang,2026-04-29 09:00:00,83,83,45,,4,9,0,80,,,,,
Tangerang,Tangerang Pasir Jaya,2026-04-29 09:00:00,90,90,45,,58,63,0,65,,,,,
Bekasi,Bekasi Kayuringin,2026-04-29 09:00:00,86,86,40,,44,15,0,12,,,,,
Jakarta,The Pakubuwono Menteng,2026-04-29 10:07:25,125,125,50,89,,,,,49,32.09,,,
Depok,Cinere - Nafas,2026-04-29 10:07:43,128,128,51,90,,,,,0,0,,,
Bogor,Kabupaten Bogor Leuwiliang,2026-04-29 09:00:00,83,83,45,,4,9,0,80,,,,,
Tangerang,Tangerang Pasir Jaya,2026-04-29 09:00:00,90,90,45,,58,63,0,65,,,,,
Bekasi,Bekasi Kayuringin,2026-04-29 09:00:00,86,86,40,,44,15,0,12,,,,,
Jakarta,The Pakubuwono Menteng,2026-04-29 10:08:25,130,130,51,94,,,,,49,32.09,,,
Depok,Cinere - Nafas,2026-04-29 10:08:44,127,127,52,90,,,,,0,0,,,
Bogor,Kabupaten Bogor Leuwiliang,2026-04-29 10:00:00,83,83,45,,4,9,0,80,,,,,
Tangerang,Tangerang Pasir Jaya,2026-04-29 10:00:00,85,85,46,,58,63,0,65,,,,,
Bekasi,Bekasi Kayuringin,2026-04-29 10:00:00,86,86,40,,42,15,0,12,,,,,
Jakarta,The Pakubuwono Menteng,2026-04-29 10:09:25,124,124,50,90,,,,,50,32.09,,,
Depok,Cinere - Nafas,2026-04-29 10:09:43,126,126,50,89,,,,,0,0,,,
Bogor,Kabupaten Bogor Leuwiliang,2026-04-29 10:00:00,83,83,45,,4,9,0,80,,,,,
Tangerang,Tangerang Pasir Jaya,2026-04-29 10:00:00,85,85,46,,58,63,0,65,,,,,
Bekasi,Bekasi Kayuringin,2026-04-29 10:00:00,86,86,40,,42,15,0,12,,,,,
Jakarta,The Pakubuwono Menteng,2026-04-29 10:11:26,124,124,50,90,,,,,49,32.09,,,
Depok,Cinere - Nafas,2026-04-29 10:11:44,133,133,52,93,,,,,0,0,,,
Bogor,Kabupaten Bogor Leuwiliang,2026-04-29 10:00:00,83,83,45,,4,9,0,80,,,,,
Tangerang,Tangerang Pasir Jaya,2026-04-29 10:00:00,85,85,46,,58,63,0,65,,,,,
Bekasi,Bekasi Kayuringin,2026-04-29 10:00:00,86,86,40,,42,15,0,12,,,,,
Jakarta,The Pakubuwono Menteng,2026-04-29 10:12:25,118,118,47,87,,,,,49,32.09,,,
Depok,Cinere - Nafas,2026-04-29 10:12:43,128,128,52,92,,,,,0,0,,,
Bogor,Kabupaten Bogor Leuwiliang,2026-04-29 10:00:00,83,83,45,,4,9,0,80,,,,,
Tangerang,Tangerang Pasir Jaya,2026-04-29 10:00:00,85,85,46,,58,63,0,65,,,,,
Bekasi,Bekasi Kayuringin,2026-04-29 10:00:00,86,86,40,,42,15,0,12,,,,,
Jakarta,The Pakubuwono Menteng,2026-04-29 10:13:25,118,118,46,88,,,,,49,32.09,,,
Depok,Cinere - Nafas,2026-04-29 10:13:43,131,131,53,94,,,,,0,0,,,
Bogor,Kabupaten Bogor Leuwiliang,2026-04-29 10:00:00,83,83,45,,4,9,0,80,,,,,
Tangerang,Tangerang Pasir Jaya,2026-04-29 10:00:00,85,85,46,,58,63,0,65,,,,,
Bekasi,Bekasi Kayuringin,2026-04-29 10:00:00,86,86,40,,42,15,0,12,,,,,
Jakarta,The Pakubuwono Menteng,2026-04-29 10:14:25,117,117,47,85,,,,,49,32.09,,,
Depok,Cinere - Nafas,2026-04-29 10:14:43,130,130,52,93,,,,,0,0,,,
Bogor,Kabupaten Bogor Leuwiliang,2026-04-29 10:00:00,83,83,45,,4,9,0,80,,,,,
Tangerang,Tangerang Pasir Jaya,2026-04-29 10:00:00,85,85,46,,58,63,0,65,,,,,
Bekasi,Bekasi Kayuringin,2026-04-29 10:00:00,86,86,40,,42,15,0,12,,,,,
Jakarta,The Pakubuwono Menteng,2026-04-29 10:15:25,114,114,45,84,,,,,49,32.09,,,
Depok,Cinere - Nafas,2026-04-29 10:15:43,137,137,54,94,,,,,0,0,,,
Bogor,Kabupaten Bogor Leuwiliang,2026-04-29 10:00:00,83,83,45,,4,9,0,80,,,,,
Tangerang,Tangerang Pasir Jaya,2026-04-29 10:00:00,85,85,46,,58,63,0,65,,,,,
Bekasi,Bekasi Kayuringin,2026-04-29 10:00:00,86,86,40,,42,15,0,12,,,,,
Jakarta,The Pakubuwono Menteng,2026-04-29 10:16:25,113,113,45,85,,,,,49,32.2,,,
Depok,Cinere - Nafas,2026-04-29 10:16:43,133,133,53,95,,,,,0,0,,,
Bogor,Kabupaten Bogor Leuwiliang,2026-04-29 10:00:00,83,83,45,,4,9,0,80,,,,,
Tangerang,Tangerang Pasir Jaya,2026-04-29 10:00:00,85,85,46,,58,63,0,65,,,,,
Bekasi,Bekasi Kayuringin,2026-04-29 10:00:00,86,86,40,,42,15,0,12,,,,,
Jakarta,The Pakubuwono Menteng,2026-04-29 10:19:26,122,122,49,87,,,,,49,32.2,,,
Depok,Cinere - Nafas,2026-04-29 10:19:43,131,131,53,94,,,,,0,0,,,
Bogor,Kabupaten Bogor Leuwiliang,2026-04-29 10:00:00,83,83,45,,4,9,0,80,,,,,
Tangerang,Tangerang Pasir Jaya,2026-04-29 10:00:00,85,85,46,,58,63,0,65,,,,,
Bekasi,Bekasi Kayuringin,2026-04-29 10:00:00,86,86,40,,42,15,0,12,,,,,
Jakarta,The Pakubuwono Menteng,2026-04-29 10:20:25,116,116,45,85,,,,,49,32.2,,,
Depok,Cinere - Nafas,2026-04-29 10:20:43,126,126,51,90,,,,,0,0,,,
Bogor,Kabupaten Bogor Leuwiliang,2026-04-29 10:00:00,83,83,45,,4,9,0,80,,,,,
Tangerang,Tangerang Pasir Jaya,2026-04-29 10:00:00,85,85,46,,58,63,0,65,,,,,
Bekasi,Bekasi Kayuringin,2026-04-29 10:00:00,86,86,40,,42,15,0,12,,,,,
Jakarta,The Pakubuwono Menteng,2026-04-29 10:21:25,118,118,46,87,,,,,49,32.2,,,
Depok,Cinere - Nafas,2026-04-29 10:21:44,128,128,51,89,,,,,0,0,,,
Bogor,Kabupaten Bogor Leuwiliang,2026-04-29 10:00:00,83,83,45,,4,9,0,80,,,,,
Tangerang,Tangerang Pasir Jaya,2026-04-29 10:00:00,85,85,46,,58,63,0,65,,,,,
Bekasi,Bekasi Kayuringin,2026-04-29 10:00:00,86,86,40,,42,15,0,12,,,,,
Jakarta,The Pakubuwono Menteng,2026-04-29 10:21:25,118,118,46,87,,,,,49,32.2,,,
Depok,Cinere - Nafas,2026-04-29 10:21:44,128,128,51,89,,,,,0,0,,,
Bogor,Kabupaten Bogor Leuwiliang,2026-04-29 10:00:00,83,83,45,,4,9,0,80,,,,,
Tangerang,Tangerang Pasir Jaya,2026-04-29 10:00:00,85,85,46,,58,63,0,65,,,,,
Bekasi,Bekasi Kayuringin,2026-04-29 10:00:00,86,86,40,,42,15,0,12,,,,,
Jakarta,The Pakubuwono Menteng,2026-04-29 10:22:26,117,117,45,88,,,,,49,32.2,,,
Depok,Cinere - Nafas,2026-04-29 10:22:44,130,130,52,94,,,,,0,0,,,
Bogor,Kabupaten Bogor Leuwiliang,2026-04-29 10:00:00,83,83,45,,4,9,0,80,,,,,
Tangerang,Tangerang Pasir Jaya,2026-04-29 10:00:00,85,85,46,,58,63,0,65,,,,,
Bekasi,Bekasi Kayuringin,2026-04-29 10:00:00,86,86,40,,42,15,0,12,,,,,
Jakarta,The Pakubuwono Menteng,2026-04-29 10:24:26,120,120,49,85,,,,,49,32.2,,,
Depok,Cinere - Nafas,2026-04-29 10:24:44,126,126,52,94,,,,,0,0,,,
Bogor,Kabupaten Bogor Leuwiliang,2026-04-29 10:00:00,83,83,45,,4,9,0,80,,,,,
Tangerang,Tangerang Pasir Jaya,2026-04-29 10:00:00,85,85,46,,58,63,0,65,,,,,
Bekasi,Bekasi Kayuringin,2026-04-29 10:00:00,86,86,40,,42,15,0,12,,,,,
Jakarta,The Pakubuwono Menteng,2026-04-29 10:25:26,117,117,46,86,,,,,49,32.2,,,
Depok,Cinere - Nafas,2026-04-29 10:25:44,130,130,53,93,,,,,0,0,,,
Bogor,Kabupaten Bogor Leuwiliang,2026-04-29 10:00:00,83,83,45,,4,9,0,80,,,,,
Tangerang,Tangerang Pasir Jaya,2026-04-29 10:00:00,85,85,46,,58,63,0,65,,,,,
Bekasi,Bekasi Kayuringin,2026-04-29 10:00:00,86,86,40,,42,15,0,12,,,,,
Jakarta,The Pakubuwono Menteng,2026-04-29 10:26:26,115,115,44,85,,,,,48,32.3,,,
Depok,Cinere - Nafas,2026-04-29 10:26:44,136,136,54,95,,,,,0,0,,,
Bogor,Kabupaten Bogor Leuwiliang,2026-04-29 10:00:00,83,83,45,,4,9,0,80,,,,,
Tangerang,Tangerang Pasir Jaya,2026-04-29 10:00:00,85,85,46,,58,63,0,65,,,,,
Bekasi,Bekasi Kayuringin,2026-04-29 10:00:00,86,86,40,,42,15,0,12,,,,,
Jakarta,The Pakubuwono Menteng,2026-04-29 10:28:26,119,119,46,87,,,,,48,32.3,,,
Depok,Cinere - Nafas,2026-04-29 10:28:44,135,135,53,95,,,,,0,0,,,
Bogor,Kabupaten Bogor Leuwiliang,2026-04-29 10:00:00,83,83,45,,4,9,0,80,,,,,
Tangerang,Tangerang Pasir Jaya,2026-04-29 10:00:00,85,85,46,,58,63,0,65,,,,,
Bekasi,Bekasi Kayuringin,2026-04-29 10:00:00,86,86,40,,42,15,0,12,,,,,
Jakarta,The Pakubuwono Menteng,2026-04-29 10:29:26,120,120,49,89,,,,,48,32.3,,,
Depok,Cinere - Nafas,2026-04-29 10:29:44,138,138,53,96,,,,,0,0,,,
Bogor,Kabupaten Bogor Leuwiliang,2026-04-29 10:00:00,83,83,45,,4,9,0,80,,,,,
Tangerang,Tangerang Pasir Jaya,2026-04-29 10:00:00,85,85,46,,58,63,0,65,,,,,
Bekasi,Bekasi Kayuringin,2026-04-29 10:00:00,86,86,40,,42,15,0,12,,,,,
Jakarta,The Pakubuwono Menteng,2026-04-29 10:30:26,119,119,47,87,,,,,48,32.3,,,
Depok,Cinere - Nafas,2026-04-29 10:30:44,136,136,54,96,,,,,0,0,,,
Bogor,Kabupaten Bogor Leuwiliang,2026-04-29 10:00:00,83,83,45,,4,9,0,80,,,,,
Tangerang,Tangerang Pasir Jaya,2026-04-29 10:00:00,85,85,46,,58,63,0,65,,,,,
Bekasi,Bekasi Kayuringin,2026-04-29 10:00:00,86,86,40,,42,15,0,12,,,,,
Jakarta,The Pakubuwono Menteng,2026-04-29 10:32:26,112,112,44,84,,,,,48,32.3,,,
Depok,Cinere - Nafas,2026-04-29 10:32:44,132,132,53,94,,,,,0,0,,,
Bogor,Kabupaten Bogor Leuwiliang,2026-04-29 10:00:00,83,83,45,,4,9,0,80,,,,,
Tangerang,Tangerang Pasir Jaya,2026-04-29 10:00:00,85,85,46,,58,63,0,65,,,,,
Bekasi,Bekasi Kayuringin,2026-04-29 10:00:00,86,86,40,,42,15,0,12,,,,,
Jakarta,The Pakubuwono Menteng,2026-04-29 10:33:26,113,113,43,85,,,,,49,32.3,,,
Depok,Cinere - Nafas,2026-04-29 10:33:44,128,128,51,93,,,,,0,0,,,
Bogor,Kabupaten Bogor Leuwiliang,2026-04-29 10:00:00,83,83,45,,4,9,0,80,,,,,
Tangerang,Tangerang Pasir Jaya,2026-04-29 10:00:00,85,85,46,,58,63,0,65,,,,,
Bekasi,Bekasi Kayuringin,2026-04-29 10:00:00,86,86,40,,42,15,0,12,,,,,
Jakarta,The Pakubuwono Menteng,2026-04-29 10:33:26,113,113,43,85,,,,,49,32.3,,,
Depok,Cinere - Nafas,2026-04-29 10:33:44,128,128,51,93,,,,,0,0,,,
Bogor,Kabupaten Bogor Leuwiliang,2026-04-29 10:00:00,83,83,45,,4,9,0,80,,,,,
Tangerang,Tangerang Pasir Jaya,2026-04-29 10:00:00,85,85,46,,58,63,0,65,,,,,
Bekasi,Bekasi Kayuringin,2026-04-29 10:00:00,86,86,40,,42,15,0,12,,,,,
Jakarta,The Pakubuwono Menteng,2026-04-29 10:34:26,115,115,45,85,,,,,49,32.4,,,
Depok,Cinere - Nafas,2026-04-29 10:34:44,130,130,52,94,,,,,0,0,,,
Bogor,Kabupaten Bogor Leuwiliang,2026-04-29 10:00:00,83,83,45,,4,9,0,80,,,,,
Tangerang,Tangerang Pasir Jaya,2026-04-29 10:00:00,85,85,46,,58,63,0,65,,,,,
Bekasi,Bekasi Kayuringin,2026-04-29 10:00:00,86,86,40,,42,15,0,12,,,,,
Jakarta,The Pakubuwono Menteng,2026-04-29 10:36:26,118,118,45,86,,,,,49,32.5,,,
Depok,Cinere - Nafas,2026-04-29 10:36:44,127,127,52,93,,,,,0,0,,,
Bogor,Kabupaten Bogor Leuwiliang,2026-04-29 10:00:00,83,83,45,,4,9,0,80,,,,,
Tangerang,Tangerang Pasir Jaya,2026-04-29 10:00:00,85,85,46,,58,63,0,65,,,,,
Bekasi,Bekasi Kayuringin,2026-04-29 10:00:00,86,86,40,,42,15,0,12,,,,,
Jakarta,The Pakubuwono Menteng,2026-04-29 10:38:26,116,116,46,85,,,,,48,32.5,,,
Depok,Cinere - Nafas,2026-04-29 10:38:44,130,130,51,91,,,,,0,0,,,
Bogor,Kabupaten Bogor Leuwiliang,2026-04-29 10:00:00,83,83,45,,4,9,0,80,,,,,
Tangerang,Tangerang Pasir Jaya,2026-04-29 10:00:00,85,85,46,,58,63,0,65,,,,,
Bekasi,Bekasi Kayuringin,2026-04-29 10:00:00,86,86,40,,42,15,0,12,,,,,
Jakarta,The Pakubuwono Menteng,2026-04-29 10:39:26,111,111,43,82,,,,,48,32.5,,,
Depok,Cinere - Nafas,2026-04-29 10:39:44,134,134,53,95,,,,,0,0,,,
Bogor,Kabupaten Bogor Leuwiliang,2026-04-29 10:00:00,83,83,45,,4,9,0,80,,,,,
Tangerang,Tangerang Pasir Jaya,2026-04-29 10:00:00,85,85,46,,58,63,0,65,,,,,
Bekasi,Bekasi Kayuringin,2026-04-29 10:00:00,86,86,40,,42,15,0,12,,,,,
Jakarta,The Pakubuwono Menteng,2026-04-29 10:40:26,106,106,40,79,,,,,48,32.5,,,
Depok,Cinere - Nafas,2026-04-29 10:40:44,130,130,52,93,,,,,0,0,,,
Bogor,Kabupaten Bogor Leuwiliang,2026-04-29 10:00:00,83,83,45,,4,9,0,80,,,,,
Tangerang,Tangerang Pasir Jaya,2026-04-29 10:00:00,85,85,46,,58,63,0,65,,,,,
Bekasi,Bekasi Kayuringin,2026-04-29 10:00:00,86,86,40,,42,15,0,12,,,,,
Jakarta,The Pakubuwono Menteng,2026-04-29 10:41:26,116,116,45,84,,,,,48,32.59,,,
Depok,Cinere - Nafas,2026-04-29 10:41:58,131,131,51,90,,,,,0,0,,,
Bogor,Kabupaten Bogor Leuwiliang,2026-04-29 10:00:00,83,83,45,,4,9,0,80,,,,,
Tangerang,Tangerang Pasir Jaya,2026-04-29 10:00:00,85,85,46,,58,63,0,65,,,,,
Bekasi,Bekasi Kayuringin,2026-04-29 10:00:00,86,86,40,,42,15,0,12,,,,,
Jakarta,The Pakubuwono Menteng,2026-04-29 10:42:26,118,118,47,86,,,,,48,32.59,,,
Depok,Cinere - Nafas,2026-04-29 10:42:44,126,126,51,91,,,,,0,0,,,
Bogor,Kabupaten Bogor Leuwiliang,2026-04-29 10:00:00,83,83,45,,4,9,0,80,,,,,
Tangerang,Tangerang Pasir Jaya,2026-04-29 10:00:00,85,85,46,,58,63,0,65,,,,,
Bekasi,Bekasi Kayuringin,2026-04-29 10:00:00,86,86,40,,42,15,0,12,,,,,
Jakarta,The Pakubuwono Menteng,2026-04-29 10:43:26,119,119,47,87,,,,,48,32.59,,,
Depok,Cinere - Nafas,2026-04-29 10:43:44,125,125,50,87,,,,,0,0,,,
Bogor,Kabupaten Bogor Leuwiliang,2026-04-29 10:00:00,83,83,45,,4,9,0,80,,,,,
Tangerang,Tangerang Pasir Jaya,2026-04-29 10:00:00,85,85,46,,58,63,0,65,,,,,
Bekasi,Bekasi Kayuringin,2026-04-29 10:00:00,86,86,40,,42,15,0,12,,,,,
Jakarta,The Pakubuwono Menteng,2026-04-29 10:44:26,118,118,47,87,,,,,48,32.59,,,
Depok,Cinere - Nafas,2026-04-29 10:44:44,122,122,50,88,,,,,0,0,,,
Bogor,Kabupaten Bogor Leuwiliang,2026-04-29 10:00:00,83,83,45,,4,9,0,80,,,,,
Tangerang,Tangerang Pasir Jaya,2026-04-29 10:00:00,85,85,46,,58,63,0,65,,,,,
Bekasi,Bekasi Kayuringin,2026-04-29 10:00:00,86,86,40,,42,15,0,12,,,,,
Jakarta,The Pakubuwono Menteng,2026-04-29 10:46:26,115,115,45,84,,,,,47,32.59,,,
Depok,Cinere - Nafas,2026-04-29 10:46:44,123,123,48,85,,,,,0,0,,,
Bogor,Kabupaten Bogor Leuwiliang,2026-04-29 10:00:00,83,83,45,,4,9,0,80,,,,,
Tangerang,Tangerang Pasir Jaya,2026-04-29 10:00:00,85,85,46,,58,63,0,65,,,,,
Bekasi,Bekasi Kayuringin,2026-04-29 10:00:00,86,86,40,,42,15,0,12,,,,,
Jakarta,The Pakubuwono Menteng,2026-04-29 10:47:26,114,114,46,84,,,,,47,32.5,,,
Depok,Cinere - Nafas,2026-04-29 10:47:44,124,124,51,90,,,,,0,0,,,
Bogor,Kabupaten Bogor Leuwiliang,2026-04-29 10:00:00,83,83,45,,4,9,0,80,,,,,
Tangerang,Tangerang Pasir Jaya,2026-04-29 10:00:00,85,85,46,,58,63,0,65,,,,,
Bekasi,Bekasi Kayuringin,2026-04-29 10:00:00,86,86,40,,42,15,0,12,,,,,
Jakarta,The Pakubuwono Menteng,2026-04-29 10:48:26,118,118,46,86,,,,,48,32.59,,,
Depok,Cinere - Nafas,2026-04-29 10:48:44,121,121,51,89,,,,,0,0,,,
Bogor,Kabupaten Bogor Leuwiliang,2026-04-29 10:00:00,83,83,45,,4,9,0,80,,,,,
Tangerang,Tangerang Pasir Jaya,2026-04-29 10:00:00,85,85,46,,58,63,0,65,,,,,
Bekasi,Bekasi Kayuringin,2026-04-29 10:00:00,86,86,40,,42,15,0,12,,,,,
Jakarta,The Pakubuwono Menteng,2026-04-29 10:50:26,118,118,48,87,,,,,47,32.59,,,
Depok,Cinere - Nafas,2026-04-29 10:50:44,122,122,50,89,,,,,0,0,,,
Bogor,Kabupaten Bogor Leuwiliang,2026-04-29 10:00:00,83,83,45,,4,9,0,80,,,,,
Tangerang,Tangerang Pasir Jaya,2026-04-29 10:00:00,85,85,46,,58,63,0,65,,,,,
Bekasi,Bekasi Kayuringin,2026-04-29 10:00:00,86,86,40,,42,15,0,12,,,,,
Jakarta,The Pakubuwono Menteng,2026-04-29 10:51:26,120,120,47,88,,,,,48,32.59,,,
Depok,Cinere - Nafas,2026-04-29 10:51:44,122,122,48,87,,,,,0,0,,,
Bogor,Kabupaten Bogor Leuwiliang,2026-04-29 10:00:00,83,83,45,,4,9,0,80,,,,,
Tangerang,Tangerang Pasir Jaya,2026-04-29 10:00:00,85,85,46,,58,63,0,65,,,,,
Bekasi,Bekasi Kayuringin,2026-04-29 10:00:00,86,86,40,,42,15,0,12,,,,,
Jakarta,The Pakubuwono Menteng,2026-04-29 10:52:26,118,118,47,85,,,,,48,32.59,,,
Depok,Cinere - Nafas,2026-04-29 10:52:44,125,125,50,87,,,,,0,0,,,
Bogor,Kabupaten Bogor Leuwiliang,2026-04-29 10:00:00,83,83,45,,4,9,0,80,,,,,
Tangerang,Tangerang Pasir Jaya,2026-04-29 10:00:00,85,85,46,,58,63,0,65,,,,,
Bekasi,Bekasi Kayuringin,2026-04-29 10:00:00,86,86,40,,42,15,0,12,,,,,
Jakarta,The Pakubuwono Menteng,2026-04-29 10:53:26,123,123,49,90,,,,,48,32.59,,,
Depok,Cinere - Nafas,2026-04-29 10:53:44,121,121,50,88,,,,,0,0,,,
Bogor,Kabupaten Bogor Leuwiliang,2026-04-29 10:00:00,83,83,45,,4,9,0,80,,,,,
Tangerang,Tangerang Pasir Jaya,2026-04-29 10:00:00,85,85,46,,58,63,0,65,,,,,
Bekasi,Bekasi Kayuringin,2026-04-29 10:00:00,86,86,40,,42,15,0,12,,,,,
Jakarta,The Pakubuwono Menteng,2026-04-29 10:54:27,127,127,50,92,,,,,47,32.59,,,
Depok,Cinere - Nafas,2026-04-29 10:54:44,126,126,51,90,,,,,0,0,,,
Bogor,Kabupaten Bogor Leuwiliang,2026-04-29 10:00:00,83,83,45,,4,9,0,80,,,,,
Tangerang,Tangerang Pasir Jaya,2026-04-29 10:00:00,85,85,46,,58,63,0,65,,,,,
Bekasi,Bekasi Kayuringin,2026-04-29 10:00:00,86,86,40,,42,15,0,12,,,,,
Jakarta,The Pakubuwono Menteng,2026-04-29 10:56:26,124,124,49,89,,,,,47,32.7,,,
Depok,Cinere - Nafas,2026-04-29 10:56:44,124,124,50,89,,,,,0,0,,,
Bogor,Kabupaten Bogor Leuwiliang,2026-04-29 10:00:00,83,83,45,,4,9,0,80,,,,,
Tangerang,Tangerang Pasir Jaya,2026-04-29 10:00:00,85,85,46,,58,63,0,65,,,,,
Bekasi,Bekasi Kayuringin,2026-04-29 10:00:00,86,86,40,,42,15,0,12,,,,,
Jakarta,The Pakubuwono Menteng,2026-04-29 10:57:26,122,122,49,89,,,,,47,32.7,,,
Depok,Cinere - Nafas,2026-04-29 10:57:44,122,122,50,88,,,,,0,0,,,
Bogor,Kabupaten Bogor Leuwiliang,2026-04-29 10:00:00,83,83,45,,4,9,0,80,,,,,
Tangerang,Tangerang Pasir Jaya,2026-04-29 10:00:00,85,85,46,,58,63,0,65,,,,,
Bekasi,Bekasi Kayuringin,2026-04-29 10:00:00,86,86,40,,42,15,0,12,,,,,
Jakarta,The Pakubuwono Menteng,2026-04-29 10:58:26,119,119,48,87,,,,,48,32.8,,,
Depok,Cinere - Nafas,2026-04-29 10:58:45,123,123,50,89,,,,,0,0,,,
Bogor,Kabupaten Bogor Leuwiliang,2026-04-29 10:00:00,83,83,45,,4,9,0,80,,,,,
Tangerang,Tangerang Pasir Jaya,2026-04-29 10:00:00,85,85,46,,58,63,0,65,,,,,
Bekasi,Bekasi Kayuringin,2026-04-29 10:00:00,86,86,40,,42,15,0,12,,,,,
Jakarta,The Pakubuwono Menteng,2026-04-29 10:59:27,123,123,49,89,,,,,47,32.8,,,
Depok,Cinere - Nafas,2026-04-29 10:59:44,122,122,49,87,,,,,0,0,,,
Bogor,Kabupaten Bogor Leuwiliang,2026-04-29 10:00:00,83,83,45,,4,9,0,80,,,,,
Tangerang,Tangerang Pasir Jaya,2026-04-29 10:00:00,85,85,46,,58,63,0,65,,,,,
Bekasi,Bekasi Kayuringin,2026-04-29 10:00:00,86,86,40,,42,15,0,12,,,,,
Jakarta,The Pakubuwono Menteng,2026-04-29 11:00:27,118,118,47,88,,,,,47,32.8,,,
Depok,Cinere - Nafas,2026-04-29 11:00:44,122,122,49,88,,,,,0,0,,,
Bogor,Kabupaten Bogor Leuwiliang,2026-04-29 10:00:00,83,83,45,,4,9,0,80,,,,,
Tangerang,Tangerang Pasir Jaya,2026-04-29 10:00:00,85,85,46,,58,63,0,65,,,,,
Bekasi,Bekasi Kayuringin,2026-04-29 10:00:00,86,86,40,,42,15,0,12,,,,,
Jakarta,The Pakubuwono Menteng,2026-04-29 11:01:26,119,119,47,87,,,,,47,32.8,,,
Depok,Cinere - Nafas,2026-04-29 11:01:44,124,124,50,89,,,,,0,0,,,
Bogor,Kabupaten Bogor Leuwiliang,2026-04-29 10:00:00,83,83,45,,4,9,0,80,,,,,
Tangerang,Tangerang Pasir Jaya,2026-04-29 10:00:00,85,85,46,,58,63,0,65,,,,,
Bekasi,Bekasi Kayuringin,2026-04-29 10:00:00,86,86,40,,42,15,0,12,,,,,
Jakarta,The Pakubuwono Menteng,2026-04-29 11:02:27,125,125,49,89,,,,,47,32.9,,,
Depok,Cinere - Nafas,2026-04-29 11:02:45,125,125,50,90,,,,,0,0,,,
Bogor,Kabupaten Bogor Leuwiliang,2026-04-29 10:00:00,83,83,45,,4,9,0,80,,,,,
Tangerang,Tangerang Pasir Jaya,2026-04-29 10:00:00,85,85,46,,58,63,0,65,,,,,
Bekasi,Bekasi Kayuringin,2026-04-29 10:00:00,86,86,40,,42,15,0,12,,,,,
Jakarta,The Pakubuwono Menteng,2026-04-29 11:04:27,124,124,51,90,,,,,47,32.9,,,
Depok,Cinere - Nafas,2026-04-29 11:05:44,125,125,50,90,,,,,0,0,,,
Bogor,Kabupaten Bogor Leuwiliang,2026-04-29 10:00:00,83,83,45,,4,9,0,80,,,,,
Tangerang,Tangerang Pasir Jaya,2026-04-29 10:00:00,85,85,46,,58,63,0,65,,,,,
Bekasi,Bekasi Kayuringin,2026-04-29 10:00:00,86,86,40,,42,15,0,12,,,,,
Jakarta,The Pakubuwono Menteng,2026-04-29 11:06:27,131,131,52,95,,,,,47,33,,,
Depok,Cinere - Nafas,2026-04-29 11:06:44,125,125,51,89,,,,,0,0,,,
Bogor,Kabupaten Bogor Leuwiliang,2026-04-29 10:00:00,83,83,45,,4,9,0,80,,,,,
Tangerang,Tangerang Pasir Jaya,2026-04-29 10:00:00,85,85,46,,58,63,0,65,,,,,
Bekasi,Bekasi Kayuringin,2026-04-29 10:00:00,86,86,40,,42,15,0,12,,,,,
Jakarta,The Pakubuwono Menteng,2026-04-29 11:06:27,131,131,52,95,,,,,47,33,,,
Depok,Cinere - Nafas,2026-04-29 11:06:44,125,125,51,89,,,,,0,0,,,
Bogor,Kabupaten Bogor Leuwiliang,2026-04-29 10:00:00,83,83,45,,4,9,0,80,,,,,
Tangerang,Tangerang Pasir Jaya,2026-04-29 10:00:00,85,85,46,,58,63,0,65,,,,,
Bekasi,Bekasi Kayuringin,2026-04-29 10:00:00,86,86,40,,42,15,0,12,,,,,
Jakarta,The Pakubuwono Menteng,2026-04-29 11:07:27,125,125,50,92,,,,,47,33,,,
Depok,Cinere - Nafas,2026-04-29 11:07:44,131,131,52,94,,,,,0,0,,,
Bogor,Kabupaten Bogor Leuwiliang,2026-04-29 10:00:00,83,83,45,,4,9,0,80,,,,,
Tangerang,Tangerang Pasir Jaya,2026-04-29 10:00:00,85,85,46,,58,63,0,65,,,,,
Bekasi,Bekasi Kayuringin,2026-04-29 10:00:00,86,86,40,,42,15,0,12,,,,,
Jakarta,The Pakubuwono Menteng,2026-04-29 11:08:26,122,122,50,89,,,,,47,33,,,
Depok,Cinere - Nafas,2026-04-29 11:08:44,129,129,51,93,,,,,0,0,,,
Bogor,Kabupaten Bogor Leuwiliang,2026-04-29 11:00:00,83,83,45,,4,9,0,80,,,,,
Tangerang,Tangerang Pasir Jaya,2026-04-29 11:00:00,86,86,47,,58,63,0,65,,,,,
Bekasi,Bekasi Kayuringin,2026-04-29 11:00:00,85,85,40,,42,15,0,11,,,,,
Jakarta,The Pakubuwono Menteng,2026-04-29 11:09:27,113,113,46,85,,,,,47,33.09,,,
Depok,Cinere - Nafas,2026-04-29 11:09:45,129,129,53,94,,,,,0,0,,,
Bogor,Kabupaten Bogor Leuwiliang,2026-04-29 11:00:00,83,83,45,,4,9,0,80,,,,,
Tangerang,Tangerang Pasir Jaya,2026-04-29 11:00:00,86,86,47,,58,63,0,65,,,,,
Bekasi,Bekasi Kayuringin,2026-04-29 11:00:00,85,85,40,,42,15,0,11,,,,,
Jakarta,The Pakubuwono Menteng,2026-04-29 11:11:27,125,125,50,89,,,,,47,33.09,,,
Depok,Cinere - Nafas,2026-04-29 11:11:44,133,133,53,93,,,,,0,0,,,
Bogor,Kabupaten Bogor Leuwiliang,2026-04-29 11:00:00,83,83,45,,4,9,0,80,,,,,
Tangerang,Tangerang Pasir Jaya,2026-04-29 11:00:00,86,86,47,,58,63,0,65,,,,,
Bekasi,Bekasi Kayuringin,2026-04-29 11:00:00,85,85,40,,42,15,0,11,,,,,
Jakarta,The Pakubuwono Menteng,2026-04-29 11:12:27,125,125,50,90,,,,,47,33.09,,,
Depok,Cinere - Nafas,2026-04-29 11:12:44,137,137,53,96,,,,,0,0,,,
Bogor,Kabupaten Bogor Leuwiliang,2026-04-29 11:00:00,83,83,45,,4,9,0,80,,,,,
Tangerang,Tangerang Pasir Jaya,2026-04-29 11:00:00,86,86,47,,58,63,0,65,,,,,
Bekasi,Bekasi Kayuringin,2026-04-29 11:00:00,85,85,40,,42,15,0,11,,,,,
Jakarta,The Pakubuwono Menteng,2026-04-29 11:14:27,124,124,50,89,,,,,46,33.2,,,
Depok,Cinere - Nafas,2026-04-29 11:14:46,138,138,54,98,,,,,0,0,,,
Bogor,Kabupaten Bogor Leuwiliang,2026-04-29 11:00:00,83,83,45,,4,9,0,80,,,,,
Tangerang,Tangerang Pasir Jaya,2026-04-29 11:00:00,86,86,47,,58,63,0,65,,,,,
Bekasi,Bekasi Kayuringin,2026-04-29 11:00:00,85,85,40,,42,15,0,11,,,,,
Jakarta,The Pakubuwono Menteng,2026-04-29 11:15:27,122,122,49,89,,,,,46,33.2,,,
Depok,Cinere - Nafas,2026-04-29 11:15:44,150,150,57,110,,,,,0,0,,,
Bogor,Kabupaten Bogor Leuwiliang,2026-04-29 11:00:00,83,83,45,,4,9,0,80,,,,,
Tangerang,Tangerang Pasir Jaya,2026-04-29 11:00:00,86,86,47,,58,63,0,65,,,,,
Bekasi,Bekasi Kayuringin,2026-04-29 11:00:00,85,85,40,,42,15,0,11,,,,,
Jakarta,The Pakubuwono Menteng,2026-04-29 11:16:27,123,123,49,88,,,,,46,33.09,,,
Depok,Cinere - Nafas,2026-04-29 11:16:44,143,143,56,100,,,,,0,0,,,
Bogor,Kabupaten Bogor Leuwiliang,2026-04-29 11:00:00,83,83,45,,4,9,0,80,,,,,
Tangerang,Tangerang Pasir Jaya,2026-04-29 11:00:00,86,86,47,,58,63,0,65,,,,,
Bekasi,Bekasi Kayuringin,2026-04-29 11:00:00,85,85,40,,42,15,0,11,,,,,
Jakarta,The Pakubuwono Menteng,2026-04-29 11:18:27,125,125,50,92,,,,,46,33.2,,,
Depok,Cinere - Nafas,2026-04-29 11:18:45,145,145,56,99,,,,,0,0,,,
Bogor,Kabupaten Bogor Leuwiliang,2026-04-29 11:00:00,83,83,45,,4,9,0,80,,,,,
Tangerang,Tangerang Pasir Jaya,2026-04-29 11:00:00,86,86,47,,58,63,0,65,,,,,
Bekasi,Bekasi Kayuringin,2026-04-29 11:00:00,85,85,40,,42,15,0,11,,,,,
Jakarta,The Pakubuwono Menteng,2026-04-29 11:18:27,125,125,50,92,,,,,46,33.2,,,
Depok,Cinere - Nafas,2026-04-29 11:18:45,145,145,56,99,,,,,0,0,,,
Bogor,Kabupaten Bogor Leuwiliang,2026-04-29 11:00:00,83,83,45,,4,9,0,80,,,,,
Tangerang,Tangerang Pasir Jaya,2026-04-29 11:00:00,86,86,47,,58,63,0,65,,,,,
Bekasi,Bekasi Kayuringin,2026-04-29 11:00:00,85,85,40,,42,15,0,11,,,,,
Jakarta,The Pakubuwono Menteng,2026-04-29 11:19:27,122,122,50,89,,,,,46,33.2,,,
Depok,Cinere - Nafas,2026-04-29 11:19:44,150,150,57,108,,,,,0,0,,,
Bogor,Kabupaten Bogor Leuwiliang,2026-04-29 11:00:00,83,83,45,,4,9,0,80,,,,,
Tangerang,Tangerang Pasir Jaya,2026-04-29 11:00:00,86,86,47,,58,63,0,65,,,,,
Bekasi,Bekasi Kayuringin,2026-04-29 11:00:00,85,85,40,,42,15,0,11,,,,,
Jakarta,The Pakubuwono Menteng,2026-04-29 11:20:30,127,127,49,92,,,,,46,33.2,,,
Depok,Cinere - Nafas,2026-04-29 11:20:45,149,149,56,106,,,,,0,0,,,
Bogor,Kabupaten Bogor Leuwiliang,2026-04-29 11:00:00,83,83,45,,4,9,0,80,,,,,
Tangerang,Tangerang Pasir Jaya,2026-04-29 11:00:00,86,86,47,,58,63,0,65,,,,,
Bekasi,Bekasi Kayuringin,2026-04-29 11:00:00,85,85,40,,42,15,0,11,,,,,
Jakarta,The Pakubuwono Menteng,2026-04-29 11:21:27,125,125,50,93,,,,,46,33.2,,,
Depok,Cinere - Nafas,2026-04-29 11:21:45,144,144,56,105,,,,,0,0,,,
Bogor,Kabupaten Bogor Leuwiliang,2026-04-29 11:00:00,83,83,45,,4,9,0,80,,,,,
Tangerang,Tangerang Pasir Jaya,2026-04-29 11:00:00,86,86,47,,58,63,0,65,,,,,
Bekasi,Bekasi Kayuringin,2026-04-29 11:00:00,85,85,40,,42,15,0,11,,,,,
Jakarta,The Pakubuwono Menteng,2026-04-29 11:23:27,125,125,50,89,,,,,46,33.3,,,
Depok,Cinere - Nafas,2026-04-29 11:23:45,146,146,55,106,,,,,0,0,,,
Bogor,Kabupaten Bogor Leuwiliang,2026-04-29 11:00:00,83,83,45,,4,9,0,80,,,,,
Tangerang,Tangerang Pasir Jaya,2026-04-29 11:00:00,86,86,47,,58,63,0,65,,,,,
Bekasi,Bekasi Kayuringin,2026-04-29 11:00:00,85,85,40,,42,15,0,11,,,,,
Jakarta,The Pakubuwono Menteng,2026-04-29 11:25:27,125,125,50,91,,,,,46,33.3,,,
Depok,Cinere - Nafas,2026-04-29 11:25:45,151,151,57,107,,,,,0,0,,,
Bogor,Kabupaten Bogor Leuwiliang,2026-04-29 11:00:00,83,83,45,,4,9,0,80,,,,,
Tangerang,Tangerang Pasir Jaya,2026-04-29 11:00:00,86,86,47,,58,63,0,65,,,,,
Bekasi,Bekasi Kayuringin,2026-04-29 11:00:00,85,85,40,,42,15,0,11,,,,,
Jakarta,The Pakubuwono Menteng,2026-04-29 11:26:27,127,127,50,91,,,,,46,33.3,,,
Depok,Cinere - Nafas,2026-04-29 11:26:45,152,152,58,116,,,,,0,0,,,
Bogor,Kabupaten Bogor Leuwiliang,2026-04-29 11:00:00,83,83,45,,4,9,0,80,,,,,
Tangerang,Tangerang Pasir Jaya,2026-04-29 11:00:00,86,86,47,,58,63,0,65,,,,,
Bekasi,Bekasi Kayuringin,2026-04-29 11:00:00,85,85,40,,42,15,0,11,,,,,
Jakarta,The Pakubuwono Menteng,2026-04-29 11:27:27,128,128,51,93,,,,,46,33.3,,,
Depok,Cinere - Nafas,2026-04-29 11:27:45,154,154,59,120,,,,,0,0,,,
Bogor,Kabupaten Bogor Leuwiliang,2026-04-29 11:00:00,83,83,45,,4,9,0,80,,,,,
Tangerang,Tangerang Pasir Jaya,2026-04-29 11:00:00,86,86,47,,58,63,0,65,,,,,
Bekasi,Bekasi Kayuringin,2026-04-29 11:00:00,85,85,40,,42,15,0,11,,,,,
Jakarta,The Pakubuwono Menteng,2026-04-29 11:28:27,128,128,51,95,,,,,46,33.4,,,
Depok,Cinere - Nafas,2026-04-29 11:28:45,153,153,59,116,,,,,0,0,,,
Bogor,Kabupaten Bogor Leuwiliang,2026-04-29 11:00:00,83,83,45,,4,9,0,80,,,,,
Tangerang,Tangerang Pasir Jaya,2026-04-29 11:00:00,86,86,47,,58,63,0,65,,,,,
Bekasi,Bekasi Kayuringin,2026-04-29 11:00:00,85,85,40,,42,15,0,11,,,,,
Jakarta,The Pakubuwono Menteng,2026-04-29 11:29:27,131,131,51,95,,,,,46,33.3,,,
Depok,Cinere - Nafas,2026-04-29 11:29:45,154,154,59,121,,,,,0,0,,,
Bogor,Kabupaten Bogor Leuwiliang,2026-04-29 11:00:00,83,83,45,,4,9,0,80,,,,,
Tangerang,Tangerang Pasir Jaya,2026-04-29 11:00:00,86,86,47,,58,63,0,65,,,,,
Bekasi,Bekasi Kayuringin,2026-04-29 11:00:00,85,85,40,,42,15,0,11,,,,,
Jakarta,The Pakubuwono Menteng,2026-04-29 11:29:27,131,131,51,95,,,,,46,33.3,,,
Depok,Cinere - Nafas,2026-04-29 11:29:45,154,154,59,121,,,,,0,0,,,
Bogor,Kabupaten Bogor Leuwiliang,2026-04-29 11:00:00,83,83,45,,4,9,0,80,,,,,
Tangerang,Tangerang Pasir Jaya,2026-04-29 11:00:00,86,86,47,,58,63,0,65,,,,,
Bekasi,Bekasi Kayuringin,2026-04-29 11:00:00,85,85,40,,42,15,0,11,,,,,
Jakarta,The Pakubuwono Menteng,2026-04-29 11:31:27,123,123,50,91,,,,,46,33.4,,,
Depok,Cinere - Nafas,2026-04-29 11:32:45,156,156,61,121,,,,,0,0,,,
Bogor,Kabupaten Bogor Leuwiliang,2026-04-29 11:00:00,83,83,45,,4,9,0,80,,,,,
Tangerang,Tangerang Pasir Jaya,2026-04-29 11:00:00,86,86,47,,58,63,0,65,,,,,
Bekasi,Bekasi Kayuringin,2026-04-29 11:00:00,85,85,40,,42,15,0,11,,,,,
Jakarta,The Pakubuwono Menteng,2026-04-29 11:33:28,125,125,50,93,,,,,46,33.5,,,
Depok,Cinere - Nafas,2026-04-29 11:33:45,154,154,59,120,,,,,0,0,,,
Bogor,Kabupaten Bogor Leuwiliang,2026-04-29 11:00:00,83,83,45,,4,9,0,80,,,,,
Tangerang,Tangerang Pasir Jaya,2026-04-29 11:00:00,86,86,47,,58,63,0,65,,,,,
Bekasi,Bekasi Kayuringin,2026-04-29 11:00:00,85,85,40,,42,15,0,11,,,,,
Jakarta,The Pakubuwono Menteng,2026-04-29 11:34:27,130,130,51,94,,,,,46,33.5,,,
Depok,Cinere - Nafas,2026-04-29 11:34:45,152,152,57,115,,,,,0,0,,,
Bogor,Kabupaten Bogor Leuwiliang,2026-04-29 11:00:00,83,83,45,,4,9,0,80,,,,,
Tangerang,Tangerang Pasir Jaya,2026-04-29 11:00:00,86,86,47,,58,63,0,65,,,,,
Bekasi,Bekasi Kayuringin,2026-04-29 11:00:00,85,85,40,,42,15,0,11,,,,,
Jakarta,The Pakubuwono Menteng,2026-04-29 11:35:27,127,127,51,92,,,,,45,33.59,,,
Depok,Cinere - Nafas,2026-04-29 11:35:45,153,153,59,117,,,,,0,0,,,
Bogor,Kabupaten Bogor Leuwiliang,2026-04-29 11:00:00,83,83,45,,4,9,0,80,,,,,
Tangerang,Tangerang Pasir Jaya,2026-04-29 11:00:00,86,86,47,,58,63,0,65,,,,,
Bekasi,Bekasi Kayuringin,2026-04-29 11:00:00,85,85,40,,42,15,0,11,,,,,
Jakarta,The Pakubuwono Menteng,2026-04-29 11:36:27,125,125,50,90,,,,,46,33.59,,,
Depok,Cinere - Nafas,2026-04-29 11:36:45,152,152,57,116,,,,,0,0,,,
Bogor,Kabupaten Bogor Leuwiliang,2026-04-29 11:00:00,83,83,45,,4,9,0,80,,,,,
Tangerang,Tangerang Pasir Jaya,2026-04-29 11:00:00,86,86,47,,58,63,0,65,,,,,
Bekasi,Bekasi Kayuringin,2026-04-29 11:00:00,85,85,40,,42,15,0,11,,,,,
Jakarta,The Pakubuwono Menteng,2026-04-29 11:38:27,129,129,51,93,,,,,45,33.7,,,
Depok,Cinere - Nafas,2026-04-29 11:38:45,148,148,56,108,,,,,0,0,,,
Bogor,Kabupaten Bogor Leuwiliang,2026-04-29 11:00:00,83,83,45,,4,9,0,80,,,,,
Tangerang,Tangerang Pasir Jaya,2026-04-29 11:00:00,86,86,47,,58,63,0,65,,,,,
Bekasi,Bekasi Kayuringin,2026-04-29 11:00:00,85,85,40,,42,15,0,11,,,,,
Jakarta,The Pakubuwono Menteng,2026-04-29 11:39:30,132,132,52,97,,,,,45,33.7,,,
Depok,Cinere - Nafas,2026-04-29 11:39:45,151,151,58,112,,,,,0,0,,,
Bogor,Kabupaten Bogor Leuwiliang,2026-04-29 11:00:00,83,83,45,,4,9,0,80,,,,,
Tangerang,Tangerang Pasir Jaya,2026-04-29 11:00:00,86,86,47,,58,63,0,65,,,,,
Bekasi,Bekasi Kayuringin,2026-04-29 11:00:00,85,85,40,,42,15,0,11,,,,,
Jakarta,The Pakubuwono Menteng,2026-04-29 11:39:30,132,132,52,97,,,,,45,33.7,,,
Depok,Cinere - Nafas,2026-04-29 11:40:45,151,151,57,113,,,,,0,0,,,
Bogor,Kabupaten Bogor Leuwiliang,2026-04-29 11:00:00,83,83,45,,4,9,0,80,,,,,
Tangerang,Tangerang Pasir Jaya,2026-04-29 11:00:00,86,86,47,,58,63,0,65,,,,,
Bekasi,Bekasi Kayuringin,2026-04-29 11:00:00,85,85,40,,42,15,0,11,,,,,
Jakarta,The Pakubuwono Menteng,2026-04-29 11:41:27,129,129,51,93,,,,,46,33.8,,,
Depok,Cinere - Nafas,2026-04-29 11:41:45,151,151,57,110,,,,,0,0,,,
Bogor,Kabupaten Bogor Leuwiliang,2026-04-29 11:00:00,83,83,45,,4,9,0,80,,,,,
Tangerang,Tangerang Pasir Jaya,2026-04-29 11:00:00,86,86,47,,58,63,0,65,,,,,
Bekasi,Bekasi Kayuringin,2026-04-29 11:00:00,85,85,40,,42,15,0,11,,,,,
Jakarta,The Pakubuwono Menteng,2026-04-29 11:42:27,126,126,51,94,,,,,46,33.8,,,
Depok,Cinere - Nafas,2026-04-29 11:42:45,151,151,57,115,,,,,0,0,,,
Bogor,Kabupaten Bogor Leuwiliang,2026-04-29 11:00:00,83,83,45,,4,9,0,80,,,,,
Tangerang,Tangerang Pasir Jaya,2026-04-29 11:00:00,86,86,47,,58,63,0,65,,,,,
Bekasi,Bekasi Kayuringin,2026-04-29 11:00:00,85,85,40,,42,15,0,11,,,,,
Jakarta,The Pakubuwono Menteng,2026-04-29 11:44:28,129,129,51,94,,,,,46,33.8,,,
Depok,Cinere - Nafas,2026-04-29 11:44:45,152,152,57,119,,,,,0,0,,,
Bogor,Kabupaten Bogor Leuwiliang,2026-04-29 11:00:00,83,83,45,,4,9,0,80,,,,,
Tangerang,Tangerang Pasir Jaya,2026-04-29 11:00:00,86,86,47,,58,63,0,65,,,,,
Bekasi,Bekasi Kayuringin,2026-04-29 11:00:00,85,85,40,,42,15,0,11,,,,,
Jakarta,The Pakubuwono Menteng,2026-04-29 11:45:27,137,137,53,97,,,,,46,33.9,,,
Depok,Cinere - Nafas,2026-04-29 11:45:46,152,152,57,114,,,,,0,0,,,
Bogor,Kabupaten Bogor Leuwiliang,2026-04-29 11:00:00,83,83,45,,4,9,0,80,,,,,
Tangerang,Tangerang Pasir Jaya,2026-04-29 11:00:00,86,86,47,,58,63,0,65,,,,,
Bekasi,Bekasi Kayuringin,2026-04-29 11:00:00,85,85,40,,42,15,0,11,,,,,
Jakarta,The Pakubuwono Menteng,2026-04-29 11:46:27,141,141,55,104,,,,,47,33.8,,,
Depok,Cinere - Nafas,2026-04-29 11:46:45,151,151,57,111,,,,,0,0,,,
Bogor,Kabupaten Bogor Leuwiliang,2026-04-29 11:00:00,83,83,45,,4,9,0,80,,,,,
Tangerang,Tangerang Pasir Jaya,2026-04-29 11:00:00,86,86,47,,58,63,0,65,,,,,
Bekasi,Bekasi Kayuringin,2026-04-29 11:00:00,85,85,40,,42,15,0,11,,,,,
Jakarta,The Pakubuwono Menteng,2026-04-29 11:48:27,138,138,54,98,,,,,48,33.8,,,
Depok,Cinere - Nafas,2026-04-29 11:47:45,154,154,59,118,,,,,0,0,,,
Bogor,Kabupaten Bogor Leuwiliang,2026-04-29 11:00:00,83,83,45,,4,9,0,80,,,,,
Tangerang,Tangerang Pasir Jaya,2026-04-29 11:00:00,86,86,47,,58,63,0,65,,,,,
Bekasi,Bekasi Kayuringin,2026-04-29 11:00:00,85,85,40,,42,15,0,11,,,,,
Jakarta,The Pakubuwono Menteng,2026-04-29 11:49:27,136,136,53,99,,,,,48,33.9,,,
Depok,Cinere - Nafas,2026-04-29 11:48:45,152,152,58,116,,,,,0,0,,,
Bogor,Kabupaten Bogor Leuwiliang,2026-04-29 11:00:00,83,83,45,,4,9,0,80,,,,,
Tangerang,Tangerang Pasir Jaya,2026-04-29 11:00:00,86,86,47,,58,63,0,65,,,,,
Bekasi,Bekasi Kayuringin,2026-04-29 11:00:00,85,85,40,,42,15,0,11,,,,,
Jakarta,The Pakubuwono Menteng,2026-04-29 11:49:27,136,136,53,99,,,,,48,33.9,,,
Depok,Cinere - Nafas,2026-04-29 11:49:45,153,153,58,116,,,,,0,0,,,
Bogor,Kabupaten Bogor Leuwiliang,2026-04-29 11:00:00,83,83,45,,4,9,0,80,,,,,
Tangerang,Tangerang Pasir Jaya,2026-04-29 11:00:00,86,86,47,,58,63,0,65,,,,,
Bekasi,Bekasi Kayuringin,2026-04-29 11:00:00,85,85,40,,42,15,0,11,,,,,
Jakarta,The Pakubuwono Menteng,2026-04-29 11:51:27,136,136,53,100,,,,,48,33.8,,,
Depok,Cinere - Nafas,2026-04-29 11:51:45,157,157,60,132,,,,,0,0,,,
Bogor,Kabupaten Bogor Leuwiliang,2026-04-29 11:00:00,83,83,45,,4,9,0,80,,,,,
Tangerang,Tangerang Pasir Jaya,2026-04-29 11:00:00,86,86,47,,58,63,0,65,,,,,
Bekasi,Bekasi Kayuringin,2026-04-29 11:00:00,85,85,40,,42,15,0,11,,,,,
Jakarta,The Pakubuwono Menteng,2026-04-29 11:53:29,140,140,54,97,,,,,48,33.7,,,
Depok,Cinere - Nafas,2026-04-29 11:52:45,154,154,59,125,,,,,0,0,,,
Bogor,Kabupaten Bogor Leuwiliang,2026-04-29 11:00:00,83,83,45,,4,9,0,80,,,,,
Tangerang,Tangerang Pasir Jaya,2026-04-29 11:00:00,86,86,47,,58,63,0,65,,,,,
Bekasi,Bekasi Kayuringin,2026-04-29 11:00:00,85,85,40,,42,15,0,11,,,,,
Jakarta,The Pakubuwono Menteng,2026-04-29 11:54:27,138,138,54,97,,,,,48,33.7,,,
Depok,Cinere - Nafas,2026-04-29 11:53:45,153,153,58,118,,,,,0,0,,,
Bogor,Kabupaten Bogor Leuwiliang,2026-04-29 11:00:00,83,83,45,,4,9,0,80,,,,,
Tangerang,Tangerang Pasir Jaya,2026-04-29 11:00:00,86,86,47,,58,63,0,65,,,,,
Bekasi,Bekasi Kayuringin,2026-04-29 11:00:00,85,85,40,,42,15,0,11,,,,,
Jakarta,The Pakubuwono Menteng,2026-04-29 11:55:28,134,134,53,96,,,,,49,33.7,,,
Depok,Cinere - Nafas,2026-04-29 11:54:45,152,152,58,113,,,,,0,0,,,
Bogor,Kabupaten Bogor Leuwiliang,2026-04-29 11:00:00,83,83,45,,4,9,0,80,,,,,
Tangerang,Tangerang Pasir Jaya,2026-04-29 11:00:00,86,86,47,,58,63,0,65,,,,,
Bekasi,Bekasi Kayuringin,2026-04-29 11:00:00,85,85,40,,42,15,0,11,,,,,
Jakarta,The Pakubuwono Menteng,2026-04-29 11:56:29,136,136,53,96,,,,,49,33.8,,,
Depok,Cinere - Nafas,2026-04-29 11:55:46,154,154,59,118,,,,,0,0,,,
Bogor,Kabupaten Bogor Leuwiliang,2026-04-29 11:00:00,83,83,45,,4,9,0,80,,,,,
Tangerang,Tangerang Pasir Jaya,2026-04-29 11:00:00,86,86,47,,58,63,0,65,,,,,
Bekasi,Bekasi Kayuringin,2026-04-29 11:00:00,85,85,40,,42,15,0,11,,,,,
Jakarta,The Pakubuwono Menteng,2026-04-29 11:58:28,129,129,52,95,,,,,48,33.8,,,
Depok,Cinere - Nafas,2026-04-29 11:57:45,157,157,60,135,,,,,0,0,,,
Bogor,Kabupaten Bogor Leuwiliang,2026-04-29 11:00:00,83,83,45,,4,9,0,80,,,,,
Tangerang,Tangerang Pasir Jaya,2026-04-29 11:00:00,86,86,47,,58,63,0,65,,,,,
Bekasi,Bekasi Kayuringin,2026-04-29 11:00:00,85,85,40,,42,15,0,11,,,,,
Jakarta,The Pakubuwono Menteng,2026-04-29 11:59:28,130,130,52,93,,,,,48,33.7,,,
Depok,Cinere - Nafas,2026-04-29 11:58:46,156,156,60,129,,,,,0,0,,,
Bogor,Kabupaten Bogor Leuwiliang,2026-04-29 11:00:00,83,83,45,,4,9,0,80,,,,,
Tangerang,Tangerang Pasir Jaya,2026-04-29 11:00:00,86,86,47,,58,63,0,65,,,,,
Bekasi,Bekasi Kayuringin,2026-04-29 11:00:00,85,85,40,,42,15,0,11,,,,,
Jakarta,The Pakubuwono Menteng,2026-04-29 12:00:28,130,130,52,95,,,,,48,33.59,,,
Depok,Cinere - Nafas,2026-04-29 11:59:45,156,156,59,125,,,,,0,0,,,
Bogor,Kabupaten Bogor Leuwiliang,2026-04-29 11:00:00,83,83,45,,4,9,0,80,,,,,
Tangerang,Tangerang Pasir Jaya,2026-04-29 11:00:00,86,86,47,,58,63,0,65,,,,,
Bekasi,Bekasi Kayuringin,2026-04-29 11:00:00,85,85,40,,42,15,0,11,,,,,
Jakarta,The Pakubuwono Menteng,2026-04-29 12:01:28,131,131,52,93,,,,,48,33.5,,,
Depok,Cinere - Nafas,2026-04-29 12:01:45,155,155,59,126,,,,,0,0,,,
Bogor,Kabupaten Bogor Leuwiliang,2026-04-29 11:00:00,83,83,45,,4,9,0,80,,,,,
Tangerang,Tangerang Pasir Jaya,2026-04-29 11:00:00,86,86,47,,58,63,0,65,,,,,
Bekasi,Bekasi Kayuringin,2026-04-29 11:00:00,85,85,40,,42,15,0,11,,,,,
Jakarta,The Pakubuwono Menteng,2026-04-29 12:03:28,131,131,51,95,,,,,48,33.4,,,
Depok,Cinere - Nafas,2026-04-29 12:02:46,157,157,61,128,,,,,0,0,,,
Bogor,Kabupaten Bogor Leuwiliang,2026-04-29 11:00:00,83,83,45,,4,9,0,80,,,,,
Tangerang,Tangerang Pasir Jaya,2026-04-29 11:00:00,86,86,47,,58,63,0,65,,,,,
Bekasi,Bekasi Kayuringin,2026-04-29 11:00:00,85,85,40,,42,15,0,11,,,,,
Jakarta,The Pakubuwono Menteng,2026-04-29 12:03:28,131,131,51,95,,,,,48,33.4,,,
Depok,Cinere - Nafas,2026-04-29 12:02:46,157,157,61,128,,,,,0,0,,,
Bogor,Kabupaten Bogor Leuwiliang,2026-04-29 11:00:00,83,83,45,,4,9,0,80,,,,,
Tangerang,Tangerang Pasir Jaya,2026-04-29 11:00:00,86,86,47,,58,63,0,65,,,,,
Bekasi,Bekasi Kayuringin,2026-04-29 11:00:00,85,85,40,,42,15,0,11,,,,,
Jakarta,The Pakubuwono Menteng,2026-04-29 12:05:28,126,126,51,93,,,,,49,33.3,,,
Depok,Cinere - Nafas,2026-04-29 12:04:46,159,159,61,137,,,,,0,0,,,
Bogor,Kabupaten Bogor Leuwiliang,2026-04-29 11:00:00,83,83,45,,4,9,0,80,,,,,
Tangerang,Tangerang Pasir Jaya,2026-04-29 11:00:00,86,86,47,,58,63,0,65,,,,,
Bekasi,Bekasi Kayuringin,2026-04-29 11:00:00,85,85,40,,42,15,0,11,,,,,
Jakarta,The Pakubuwono Menteng,2026-04-29 12:05:28,126,126,51,93,,,,,49,33.3,,,
Depok,Cinere - Nafas,2026-04-29 12:04:46,159,159,61,137,,,,,0,0,,,
Bogor,Kabupaten Bogor Leuwiliang,2026-04-29 11:00:00,83,83,45,,4,9,0,80,,,,,
Tangerang,Tangerang Pasir Jaya,2026-04-29 11:00:00,86,86,47,,58,63,0,65,,,,,
Bekasi,Bekasi Kayuringin,2026-04-29 11:00:00,85,85,40,,42,15,0,11,,,,,
Jakarta,The Pakubuwono Menteng,2026-04-29 12:06:28,130,130,52,94,,,,,49,33.3,,,
Depok,Cinere - Nafas,2026-04-29 12:05:46,156,156,61,125,,,,,0,0,,,
Bogor,Kabupaten Bogor Leuwiliang,2026-04-29 11:00:00,83,83,45,,4,9,0,80,,,,,
Tangerang,Tangerang Pasir Jaya,2026-04-29 11:00:00,86,86,47,,58,63,0,65,,,,,
Bekasi,Bekasi Kayuringin,2026-04-29 11:00:00,85,85,40,,42,15,0,11,,,,,
Jakarta,The Pakubuwono Menteng,2026-04-29 12:06:28,130,130,52,94,,,,,49,33.3,,,
Depok,Cinere - Nafas,2026-04-29 12:05:46,156,156,61,125,,,,,0,0,,,
Bogor,Kabupaten Bogor Leuwiliang,2026-04-29 11:00:00,83,83,45,,4,9,0,80,,,,,
Tangerang,Tangerang Pasir Jaya,2026-04-29 11:00:00,86,86,47,,58,63,0,65,,,,,
Bekasi,Bekasi Kayuringin,2026-04-29 11:00:00,85,85,40,,42,15,0,11,,,,,
Jakarta,The Pakubuwono Menteng,2026-04-29 12:08:28,126,126,51,93,,,,,49,33.3,,,
Depok,Cinere - Nafas,2026-04-29 12:08:46,157,157,61,133,,,,,0,0,,,
Bogor,Kabupaten Bogor Leuwiliang,2026-04-29 12:00:00,83,83,45,,4,9,0,80,,,,,
Tangerang,Tangerang Pasir Jaya,2026-04-29 12:00:00,87,87,47,,58,63,0,65,,,,,
Bekasi,Bekasi Kayuringin,2026-04-29 12:00:00,85,85,40,,41,15,0,10,,,,,
Jakarta,The Pakubuwono Menteng,2026-04-29 12:10:28,126,126,50,92,,,,,49,33.3,,,
Depok,Cinere - Nafas,2026-04-29 12:10:46,156,156,60,131,,,,,0,0,,,
Bogor,Kabupaten Bogor Leuwiliang,2026-04-29 12:00:00,83,83,45,,4,9,0,80,,,,,
Tangerang,Tangerang Pasir Jaya,2026-04-29 12:00:00,87,87,47,,58,63,0,65,,,,,
Bekasi,Bekasi Kayuringin,2026-04-29 12:00:00,85,85,40,,41,15,0,10,,,,,
Jakarta,The Pakubuwono Menteng,2026-04-29 12:11:28,126,126,51,92,,,,,49,33.3,,,
Depok,Cinere - Nafas,2026-04-29 12:11:46,157,157,61,124,,,,,0,0,,,
Bogor,Kabupaten Bogor Leuwiliang,2026-04-29 12:00:00,83,83,45,,4,9,0,80,,,,,
Tangerang,Tangerang Pasir Jaya,2026-04-29 12:00:00,87,87,47,,58,63,0,65,,,,,
Bekasi,Bekasi Kayuringin,2026-04-29 12:00:00,85,85,40,,41,15,0,10,,,,,
Jakarta,The Pakubuwono Menteng,2026-04-29 12:13:29,126,126,50,94,,,,,49,33.3,,,
Depok,Cinere - Nafas,2026-04-29 12:13:46,156,156,60,121,,,,,0,0,,,
Bogor,Kabupaten Bogor Leuwiliang,2026-04-29 12:00:00,83,83,45,,4,9,0,80,,,,,
Tangerang,Tangerang Pasir Jaya,2026-04-29 12:00:00,87,87,47,,58,63,0,65,,,,,
Bekasi,Bekasi Kayuringin,2026-04-29 12:00:00,85,85,40,,41,15,0,10,,,,,
Jakarta,The Pakubuwono Menteng,2026-04-29 12:14:28,124,124,50,90,,,,,49,33.4,,,
Depok,Cinere - Nafas,2026-04-29 12:14:46,154,154,59,121,,,,,0,0,,,
Bogor,Kabupaten Bogor Leuwiliang,2026-04-29 12:00:00,83,83,45,,4,9,0,80,,,,,
Tangerang,Tangerang Pasir Jaya,2026-04-29 12:00:00,87,87,47,,58,63,0,65,,,,,
Bekasi,Bekasi Kayuringin,2026-04-29 12:00:00,85,85,40,,41,15,0,10,,,,,
Jakarta,The Pakubuwono Menteng,2026-04-29 12:15:29,130,130,51,94,,,,,49,33.4,,,
Depok,Cinere - Nafas,2026-04-29 12:15:46,152,152,57,117,,,,,0,0,,,
Bogor,Kabupaten Bogor Leuwiliang,2026-04-29 12:00:00,83,83,45,,4,9,0,80,,,,,
Tangerang,Tangerang Pasir Jaya,2026-04-29 12:00:00,87,87,47,,58,63,0,65,,,,,
Bekasi,Bekasi Kayuringin,2026-04-29 12:00:00,85,85,40,,41,15,0,10,,,,,
Jakarta,The Pakubuwono Menteng,2026-04-29 12:16:28,126,126,51,93,,,,,49,33.5,,,
Depok,Cinere - Nafas,2026-04-29 12:16:46,152,152,57,112,,,,,0,0,,,
Bogor,Kabupaten Bogor Leuwiliang,2026-04-29 12:00:00,83,83,45,,4,9,0,80,,,,,
Tangerang,Tangerang Pasir Jaya,2026-04-29 12:00:00,87,87,47,,58,63,0,65,,,,,
Bekasi,Bekasi Kayuringin,2026-04-29 12:00:00,85,85,40,,41,15,0,10,,,,,
Jakarta,The Pakubuwono Menteng,2026-04-29 12:17:28,130,130,51,94,,,,,49,33.5,,,
Depok,Cinere - Nafas,2026-04-29 12:17:46,151,151,57,110,,,,,0,0,,,
Bogor,Kabupaten Bogor Leuwiliang,2026-04-29 12:00:00,83,83,45,,4,9,0,80,,,,,
Tangerang,Tangerang Pasir Jaya,2026-04-29 12:00:00,87,87,47,,58,63,0,65,,,,,
Bekasi,Bekasi Kayuringin,2026-04-29 12:00:00,85,85,40,,41,15,0,10,,,,,
Jakarta,The Pakubuwono Menteng,2026-04-29 12:18:28,126,126,50,90,,,,,49,33.7,,,
Depok,Cinere - Nafas,2026-04-29 12:18:46,150,150,57,110,,,,,0,0,,,
Bogor,Kabupaten Bogor Leuwiliang,2026-04-29 12:00:00,83,83,45,,4,9,0,80,,,,,
Tangerang,Tangerang Pasir Jaya,2026-04-29 12:00:00,87,87,47,,58,63,0,65,,,,,
Bekasi,Bekasi Kayuringin,2026-04-29 12:00:00,85,85,40,,41,15,0,10,,,,,
Jakarta,The Pakubuwono Menteng,2026-04-29 12:20:28,123,123,49,89,,,,,48,33.8,,,
Depok,Cinere - Nafas,2026-04-29 12:20:46,149,149,56,107,,,,,0,0,,,
Bogor,Kabupaten Bogor Leuwiliang,2026-04-29 12:00:00,83,83,45,,4,9,0,80,,,,,
Tangerang,Tangerang Pasir Jaya,2026-04-29 12:00:00,87,87,47,,58,63,0,65,,,,,
Bekasi,Bekasi Kayuringin,2026-04-29 12:00:00,85,85,40,,41,15,0,10,,,,,
Jakarta,The Pakubuwono Menteng,2026-04-29 12:21:28,122,122,48,89,,,,,48,33.9,,,
Depok,Cinere - Nafas,2026-04-29 12:21:46,141,141,55,101,,,,,0,0,,,
Bogor,Kabupaten Bogor Leuwiliang,2026-04-29 12:00:00,83,83,45,,4,9,0,80,,,,,
Tangerang,Tangerang Pasir Jaya,2026-04-29 12:00:00,87,87,47,,58,63,0,65,,,,,
Bekasi,Bekasi Kayuringin,2026-04-29 12:00:00,85,85,40,,41,15,0,10,,,,,
Jakarta,The Pakubuwono Menteng,2026-04-29 12:22:28,123,123,49,88,,,,,49,34,,,
Depok,Cinere - Nafas,2026-04-29 12:22:46,139,139,54,104,,,,,0,0,,,
Bogor,Kabupaten Bogor Leuwiliang,2026-04-29 12:00:00,83,83,45,,4,9,0,80,,,,,
Tangerang,Tangerang Pasir Jaya,2026-04-29 12:00:00,87,87,47,,58,63,0,65,,,,,
Bekasi,Bekasi Kayuringin,2026-04-29 12:00:00,85,85,40,,41,15,0,10,,,,,
Jakarta,The Pakubuwono Menteng,2026-04-29 12:23:28,125,125,49,89,,,,,48,34.2,,,
Depok,Cinere - Nafas,2026-04-29 12:23:46,148,148,56,110,,,,,0,0,,,
Bogor,Kabupaten Bogor Leuwiliang,2026-04-29 12:00:00,83,83,45,,4,9,0,80,,,,,
Tangerang,Tangerang Pasir Jaya,2026-04-29 12:00:00,87,87,47,,58,63,0,65,,,,,
Bekasi,Bekasi Kayuringin,2026-04-29 12:00:00,85,85,40,,41,15,0,10,,,,,
Jakarta,The Pakubuwono Menteng,2026-04-29 12:24:29,131,131,51,96,,,,,48,34.3,,,
Depok,Cinere - Nafas,2026-04-29 12:24:46,150,150,56,107,,,,,0,0,,,
Bogor,Kabupaten Bogor Leuwiliang,2026-04-29 12:00:00,83,83,45,,4,9,0,80,,,,,
Tangerang,Tangerang Pasir Jaya,2026-04-29 12:00:00,87,87,47,,58,63,0,65,,,,,
Bekasi,Bekasi Kayuringin,2026-04-29 12:00:00,85,85,40,,41,15,0,10,,,,,
Jakarta,The Pakubuwono Menteng,2026-04-29 12:26:28,122,122,50,89,,,,,48,34.5,,,
Depok,Cinere - Nafas,2026-04-29 12:26:46,141,141,55,106,,,,,0,0,,,
Bogor,Kabupaten Bogor Leuwiliang,2026-04-29 12:00:00,83,83,45,,4,9,0,80,,,,,
Tangerang,Tangerang Pasir Jaya,2026-04-29 12:00:00,87,87,47,,58,63,0,65,,,,,
Bekasi,Bekasi Kayuringin,2026-04-29 12:00:00,85,85,40,,41,15,0,10,,,,,
Jakarta,The Pakubuwono Menteng,2026-04-29 12:27:28,125,125,50,91,,,,,47,34.7,,,
Depok,Cinere - Nafas,2026-04-29 12:27:46,145,145,56,105,,,,,0,0,,,
Bogor,Kabupaten Bogor Leuwiliang,2026-04-29 12:00:00,83,83,45,,4,9,0,80,,,,,
Tangerang,Tangerang Pasir Jaya,2026-04-29 12:00:00,87,87,47,,58,63,0,65,,,,,
Bekasi,Bekasi Kayuringin,2026-04-29 12:00:00,85,85,40,,41,15,0,10,,,,,
Jakarta,The Pakubuwono Menteng,2026-04-29 12:28:28,118,118,48,87,,,,,47,34.7,,,
Depok,Cinere - Nafas,2026-04-29 12:28:46,144,144,56,104,,,,,0,0,,,
Bogor,Kabupaten Bogor Leuwiliang,2026-04-29 12:00:00,83,83,45,,4,9,0,80,,,,,
Tangerang,Tangerang Pasir Jaya,2026-04-29 12:00:00,87,87,47,,58,63,0,65,,,,,
Bekasi,Bekasi Kayuringin,2026-04-29 12:00:00,85,85,40,,41,15,0,10,,,,,
Jakarta,The Pakubuwono Menteng,2026-04-29 12:30:28,125,125,51,91,,,,,47,34.7,,,
Depok,Cinere - Nafas,2026-04-29 12:30:46,142,142,56,104,,,,,0,0,,,
Bogor,Kabupaten Bogor Leuwiliang,2026-04-29 12:00:00,83,83,45,,4,9,0,80,,,,,
Tangerang,Tangerang Pasir Jaya,2026-04-29 12:00:00,87,87,47,,58,63,0,65,,,,,
Bekasi,Bekasi Kayuringin,2026-04-29 12:00:00,85,85,40,,41,15,0,10,,,,,
Jakarta,The Pakubuwono Menteng,2026-04-29 12:31:28,124,124,50,89,,,,,47,34.7,,,
Depok,Cinere - Nafas,2026-04-29 12:31:46,143,143,55,106,,,,,0,0,,,
Bogor,Kabupaten Bogor Leuwiliang,2026-04-29 12:00:00,83,83,45,,4,9,0,80,,,,,
Tangerang,Tangerang Pasir Jaya,2026-04-29 12:00:00,87,87,47,,58,63,0,65,,,,,
Bekasi,Bekasi Kayuringin,2026-04-29 12:00:00,85,85,40,,41,15,0,10,,,,,
Jakarta,The Pakubuwono Menteng,2026-04-29 12:31:28,124,124,50,90,,,,,47,34.7,,,
Depok,Cinere - Nafas,2026-04-29 12:32:46,146,146,56,106,,,,,0,0,,,
Bogor,Kabupaten Bogor Leuwiliang,2026-04-29 12:00:00,83,83,45,,4,9,0,80,,,,,
Tangerang,Tangerang Pasir Jaya,2026-04-29 12:00:00,87,87,47,,58,63,0,65,,,,,
Bekasi,Bekasi Kayuringin,2026-04-29 12:00:00,85,85,40,,41,15,0,10,,,,,
Jakarta,The Pakubuwono Menteng,2026-04-29 12:33:29,122,122,47,90,,,,,47,34.7,,,
Depok,Cinere - Nafas,2026-04-29 12:33:46,143,143,56,100,,,,,0,0,,,
Bogor,Kabupaten Bogor Leuwiliang,2026-04-29 12:00:00,83,83,45,,4,9,0,80,,,,,
Tangerang,Tangerang Pasir Jaya,2026-04-29 12:00:00,87,87,47,,58,63,0,65,,,,,
Bekasi,Bekasi Kayuringin,2026-04-29 12:00:00,85,85,40,,41,15,0,10,,,,,
Jakarta,The Pakubuwono Menteng,2026-04-29 12:34:29,122,122,47,89,,,,,47,34.7,,,
Depok,Cinere - Nafas,2026-04-29 12:34:46,150,150,56,106,,,,,0,0,,,
Bogor,Kabupaten Bogor Leuwiliang,2026-04-29 12:00:00,83,83,45,,4,9,0,80,,,,,
Tangerang,Tangerang Pasir Jaya,2026-04-29 12:00:00,87,87,47,,58,63,0,65,,,,,
Bekasi,Bekasi Kayuringin,2026-04-29 12:00:00,85,85,40,,41,15,0,10,,,,,
Jakarta,The Pakubuwono Menteng,2026-04-29 12:35:28,123,123,48,88,,,,,47,34.7,,,
Depok,Cinere - Nafas,2026-04-29 12:35:46,150,150,57,110,,,,,0,0,,,
Bogor,Kabupaten Bogor Leuwiliang,2026-04-29 12:00:00,83,83,45,,4,9,0,80,,,,,
Tangerang,Tangerang Pasir Jaya,2026-04-29 12:00:00,87,87,47,,58,63,0,65,,,,,
Bekasi,Bekasi Kayuringin,2026-04-29 12:00:00,85,85,40,,41,15,0,10,,,,,
Jakarta,The Pakubuwono Menteng,2026-04-29 12:36:28,122,122,47,88,,,,,47,34.8,,,
Depok,Cinere - Nafas,2026-04-29 12:36:46,141,141,54,101,,,,,0,0,,,
Bogor,Kabupaten Bogor Leuwiliang,2026-04-29 12:00:00,83,83,45,,4,9,0,80,,,,,
Tangerang,Tangerang Pasir Jaya,2026-04-29 12:00:00,87,87,47,,58,63,0,65,,,,,
Bekasi,Bekasi Kayuringin,2026-04-29 12:00:00,85,85,40,,41,15,0,10,,,,,
Jakarta,The Pakubuwono Menteng,2026-04-29 12:37:29,123,123,49,89,,,,,47,34.8,,,
Depok,Cinere - Nafas,2026-04-29 12:37:46,145,145,56,103,,,,,0,0,,,
Bogor,Kabupaten Bogor Leuwiliang,2026-04-29 12:00:00,83,83,45,,4,9,0,80,,,,,
Tangerang,Tangerang Pasir Jaya,2026-04-29 12:00:00,87,87,47,,58,63,0,65,,,,,
Bekasi,Bekasi Kayuringin,2026-04-29 12:00:00,85,85,40,,41,15,0,10,,,,,
Jakarta,The Pakubuwono Menteng,2026-04-29 12:40:29,120,120,47,88,,,,,46,34.9,,,
Depok,Cinere - Nafas,2026-04-29 12:40:46,142,142,55,100,,,,,0,0,,,
Bogor,Kabupaten Bogor Leuwiliang,2026-04-29 12:00:00,83,83,45,,4,9,0,80,,,,,
Tangerang,Tangerang Pasir Jaya,2026-04-29 12:00:00,87,87,47,,58,63,0,65,,,,,
Bekasi,Bekasi Kayuringin,2026-04-29 12:00:00,85,85,40,,41,15,0,10,,,,,
Jakarta,The Pakubuwono Menteng,2026-04-29 12:41:29,116,116,45,87,,,,,45,34.9,,,
Depok,Cinere - Nafas,2026-04-29 12:41:46,148,148,56,105,,,,,0,0,,,
Bogor,Kabupaten Bogor Leuwiliang,2026-04-29 12:00:00,83,83,45,,4,9,0,80,,,,,
Tangerang,Tangerang Pasir Jaya,2026-04-29 12:00:00,87,87,47,,58,63,0,65,,,,,
Bekasi,Bekasi Kayuringin,2026-04-29 12:00:00,85,85,40,,41,15,0,10,,,,,
Jakarta,The Pakubuwono Menteng,2026-04-29 12:42:28,115,115,44,85,,,,,45,35,,,
Depok,Cinere - Nafas,2026-04-29 12:42:46,143,143,55,104,,,,,0,0,,,
Bogor,Kabupaten Bogor Leuwiliang,2026-04-29 12:00:00,83,83,45,,4,9,0,80,,,,,
Tangerang,Tangerang Pasir Jaya,2026-04-29 12:00:00,87,87,47,,58,63,0,65,,,,,
Bekasi,Bekasi Kayuringin,2026-04-29 12:00:00,85,85,40,,41,15,0,10,,,,,
Jakarta,The Pakubuwono Menteng,2026-04-29 12:42:28,115,115,44,85,,,,,45,35,,,
Depok,Cinere - Nafas,2026-04-29 12:42:46,143,143,55,104,,,,,0,0,,,
Bogor,Kabupaten Bogor Leuwiliang,2026-04-29 12:00:00,83,83,45,,4,9,0,80,,,,,
Tangerang,Tangerang Pasir Jaya,2026-04-29 12:00:00,87,87,47,,58,63,0,65,,,,,
Bekasi,Bekasi Kayuringin,2026-04-29 12:00:00,85,85,40,,41,15,0,10,,,,,
Jakarta,The Pakubuwono Menteng,2026-04-29 12:43:28,116,116,45,89,,,,,45,35.09,,,
Depok,Cinere - Nafas,2026-04-29 12:43:46,146,146,55,104,,,,,0,0,,,
Bogor,Kabupaten Bogor Leuwiliang,2026-04-29 12:00:00,83,83,45,,4,9,0,80,,,,,
Tangerang,Tangerang Pasir Jaya,2026-04-29 12:00:00,87,87,47,,58,63,0,65,,,,,
Bekasi,Bekasi Kayuringin,2026-04-29 12:00:00,85,85,40,,41,15,0,10,,,,,
Jakarta,The Pakubuwono Menteng,2026-04-29 12:44:29,114,114,44,84,,,,,45,35.2,,,
Depok,Cinere - Nafas,2026-04-29 12:44:46,141,141,55,99,,,,,0,0,,,
Bogor,Kabupaten Bogor Leuwiliang,2026-04-29 12:00:00,83,83,45,,4,9,0,80,,,,,
Tangerang,Tangerang Pasir Jaya,2026-04-29 12:00:00,87,87,47,,58,63,0,65,,,,,
Bekasi,Bekasi Kayuringin,2026-04-29 12:00:00,85,85,40,,41,15,0,10,,,,,
Jakarta,The Pakubuwono Menteng,2026-04-29 12:46:30,121,121,48,87,,,,,45,35.3,,,
Depok,Cinere - Nafas,2026-04-29 12:46:46,151,151,57,109,,,,,0,0,,,
Bogor,Kabupaten Bogor Leuwiliang,2026-04-29 12:00:00,83,83,45,,4,9,0,80,,,,,
Tangerang,Tangerang Pasir Jaya,2026-04-29 12:00:00,87,87,47,,58,63,0,65,,,,,
Bekasi,Bekasi Kayuringin,2026-04-29 12:00:00,85,85,40,,41,15,0,10,,,,,
Jakarta,The Pakubuwono Menteng,2026-04-29 12:47:29,113,113,43,84,,,,,45,35.3,,,
Depok,Cinere - Nafas,2026-04-29 12:48:46,151,151,56,112,,,,,0,0,,,
Bogor,Kabupaten Bogor Leuwiliang,2026-04-29 12:00:00,83,83,45,,4,9,0,80,,,,,
Tangerang,Tangerang Pasir Jaya,2026-04-29 12:00:00,87,87,47,,58,63,0,65,,,,,
Bekasi,Bekasi Kayuringin,2026-04-29 12:00:00,85,85,40,,41,15,0,10,,,,,
Jakarta,The Pakubuwono Menteng,2026-04-29 12:49:29,108,108,42,82,,,,,45,35.3,,,
Depok,Cinere - Nafas,2026-04-29 12:49:46,142,142,55,102,,,,,0,0,,,
Bogor,Kabupaten Bogor Leuwiliang,2026-04-29 12:00:00,83,83,45,,4,9,0,80,,,,,
Tangerang,Tangerang Pasir Jaya,2026-04-29 12:00:00,87,87,47,,58,63,0,65,,,,,
Bekasi,Bekasi Kayuringin,2026-04-29 12:00:00,85,85,40,,41,15,0,10,,,,,
Jakarta,The Pakubuwono Menteng,2026-04-29 12:50:30,108,108,41,82,,,,,45,35.2,,,
Depok,Cinere - Nafas,2026-04-29 12:50:47,142,142,55,106,,,,,0,0,,,
Bogor,Kabupaten Bogor Leuwiliang,2026-04-29 12:00:00,83,83,45,,4,9,0,80,,,,,
Tangerang,Tangerang Pasir Jaya,2026-04-29 12:00:00,87,87,47,,58,63,0,65,,,,,
Bekasi,Bekasi Kayuringin,2026-04-29 12:00:00,85,85,40,,41,15,0,10,,,,,
Jakarta,The Pakubuwono Menteng,2026-04-29 12:51:29,111,111,44,83,,,,,45,35.2,,,
Depok,Cinere - Nafas,2026-04-29 12:51:46,141,141,56,103,,,,,0,0,,,
Bogor,Kabupaten Bogor Leuwiliang,2026-04-29 12:00:00,83,83,45,,4,9,0,80,,,,,
Tangerang,Tangerang Pasir Jaya,2026-04-29 12:00:00,87,87,47,,58,63,0,65,,,,,
Bekasi,Bekasi Kayuringin,2026-04-29 12:00:00,85,85,40,,41,15,0,10,,,,,
Jakarta,The Pakubuwono Menteng,2026-04-29 12:53:29,112,112,42,85,,,,,45,35.2,,,
Depok,Cinere - Nafas,2026-04-29 12:53:46,146,146,56,106,,,,,0,0,,,
Bogor,Kabupaten Bogor Leuwiliang,2026-04-29 12:00:00,83,83,45,,4,9,0,80,,,,,
Tangerang,Tangerang Pasir Jaya,2026-04-29 12:00:00,87,87,47,,58,63,0,65,,,,,
Bekasi,Bekasi Kayuringin,2026-04-29 12:00:00,85,85,40,,41,15,0,10,,,,,
Jakarta,The Pakubuwono Menteng,2026-04-29 12:54:29,108,108,41,83,,,,,45,35.09,,,
Depok,Cinere - Nafas,2026-04-29 12:54:46,138,138,54,97,,,,,0,0,,,
Bogor,Kabupaten Bogor Leuwiliang,2026-04-29 12:00:00,83,83,45,,4,9,0,80,,,,,
Tangerang,Tangerang Pasir Jaya,2026-04-29 12:00:00,87,87,47,,58,63,0,65,,,,,
Bekasi,Bekasi Kayuringin,2026-04-29 12:00:00,85,85,40,,41,15,0,10,,,,,
Jakarta,The Pakubuwono Menteng,2026-04-29 12:54:29,108,108,41,83,,,,,45,35.09,,,
Depok,Cinere - Nafas,2026-04-29 12:54:46,138,138,54,97,,,,,0,0,,,
Bogor,Kabupaten Bogor Leuwiliang,2026-04-29 12:00:00,83,83,45,,4,9,0,80,,,,,
Tangerang,Tangerang Pasir Jaya,2026-04-29 12:00:00,87,87,47,,58,63,0,65,,,,,
Bekasi,Bekasi Kayuringin,2026-04-29 12:00:00,85,85,40,,41,15,0,10,,,,,
Jakarta,The Pakubuwono Menteng,2026-04-29 12:55:31,114,114,45,85,,,,,45,35.09,,,
Depok,Cinere - Nafas,2026-04-29 12:55:47,138,138,53,99,,,,,0,0,,,
Bogor,Kabupaten Bogor Leuwiliang,2026-04-29 12:00:00,83,83,45,,4,9,0,80,,,,,
Tangerang,Tangerang Pasir Jaya,2026-04-29 12:00:00,87,87,47,,58,63,0,65,,,,,
Bekasi,Bekasi Kayuringin,2026-04-29 12:00:00,85,85,40,,41,15,0,10,,,,,
Jakarta,The Pakubuwono Menteng,2026-04-29 12:56:30,115,115,45,86,,,,,46,35,,,
Depok,Cinere - Nafas,2026-04-29 12:56:47,140,140,54,105,,,,,0,0,,,
Bogor,Kabupaten Bogor Leuwiliang,2026-04-29 12:00:00,83,83,45,,4,9,0,80,,,,,
Tangerang,Tangerang Pasir Jaya,2026-04-29 12:00:00,87,87,47,,58,63,0,65,,,,,
Bekasi,Bekasi Kayuringin,2026-04-29 12:00:00,85,85,40,,41,15,0,10,,,,,
Jakarta,The Pakubuwono Menteng,2026-04-29 12:59:29,105,105,40,81,,,,,46,34.8,,,
Depok,Cinere - Nafas,2026-04-29 12:59:46,138,138,53,97,,,,,0,0,,,
Bogor,Kabupaten Bogor Leuwiliang,2026-04-29 12:00:00,83,83,45,,4,9,0,80,,,,,
Tangerang,Tangerang Pasir Jaya,2026-04-29 12:00:00,87,87,47,,58,63,0,65,,,,,
Bekasi,Bekasi Kayuringin,2026-04-29 12:00:00,85,85,40,,41,15,0,10,,,,,
Jakarta,The Pakubuwono Menteng,2026-04-29 13:00:29,114,114,45,84,,,,,46,34.7,,,
Depok,Cinere - Nafas,2026-04-29 13:00:47,134,134,53,97,,,,,0,0,,,
Bogor,Kabupaten Bogor Leuwiliang,2026-04-29 12:00:00,83,83,45,,4,9,0,80,,,,,
Tangerang,Tangerang Pasir Jaya,2026-04-29 12:00:00,87,87,47,,58,63,0,65,,,,,
Bekasi,Bekasi Kayuringin,2026-04-29 12:00:00,85,85,40,,41,15,0,10,,,,,
Jakarta,The Pakubuwono Menteng,2026-04-29 13:01:29,108,108,41,83,,,,,46,34.7,,,
Depok,Cinere - Nafas,2026-04-29 13:01:47,135,135,53,97,,,,,0,0,,,
Bogor,Kabupaten Bogor Leuwiliang,2026-04-29 12:00:00,83,83,45,,4,9,0,80,,,,,
Tangerang,Tangerang Pasir Jaya,2026-04-29 12:00:00,87,87,47,,58,63,0,65,,,,,
Bekasi,Bekasi Kayuringin,2026-04-29 12:00:00,85,85,40,,41,15,0,10,,,,,
Jakarta,The Pakubuwono Menteng,2026-04-29 13:02:29,112,112,42,84,,,,,46,34.7,,,
Depok,Cinere - Nafas,2026-04-29 13:02:47,132,132,53,96,,,,,0,0,,,
Bogor,Kabupaten Bogor Leuwiliang,2026-04-29 12:00:00,83,83,45,,4,9,0,80,,,,,
Tangerang,Tangerang Pasir Jaya,2026-04-29 12:00:00,87,87,47,,58,63,0,65,,,,,
Bekasi,Bekasi Kayuringin,2026-04-29 12:00:00,85,85,40,,41,15,0,10,,,,,
Jakarta,The Pakubuwono Menteng,2026-04-29 13:02:29,112,112,42,84,,,,,46,34.7,,,
Depok,Cinere - Nafas,2026-04-29 13:02:47,132,132,53,96,,,,,0,0,,,
Bogor,Kabupaten Bogor Leuwiliang,2026-04-29 12:00:00,83,83,45,,4,9,0,80,,,,,
Tangerang,Tangerang Pasir Jaya,2026-04-29 12:00:00,87,87,47,,58,63,0,65,,,,,
Bekasi,Bekasi Kayuringin,2026-04-29 12:00:00,85,85,40,,41,15,0,10,,,,,
Jakarta,The Pakubuwono Menteng,2026-04-29 13:03:29,110,110,42,80,,,,,46,34.59,,,
Depok,Cinere - Nafas,2026-04-29 13:03:47,133,133,52,96,,,,,0,0,,,
Bogor,Kabupaten Bogor Leuwiliang,2026-04-29 12:00:00,83,83,45,,4,9,0,80,,,,,
Tangerang,Tangerang Pasir Jaya,2026-04-29 12:00:00,87,87,47,,58,63,0,65,,,,,
Bekasi,Bekasi Kayuringin,2026-04-29 12:00:00,85,85,40,,41,15,0,10,,,,,
Jakarta,The Pakubuwono Menteng,2026-04-29 13:05:33,112,112,43,83,,,,,47,34.59,,,
Depok,Cinere - Nafas,2026-04-29 13:05:47,130,130,52,94,,,,,0,0,,,
Bogor,Kabupaten Bogor Leuwiliang,2026-04-29 12:00:00,83,83,45,,4,9,0,80,,,,,
Tangerang,Tangerang Pasir Jaya,2026-04-29 12:00:00,87,87,47,,58,63,0,65,,,,,
Bekasi,Bekasi Kayuringin,2026-04-29 12:00:00,85,85,40,,41,15,0,10,,,,,
Jakarta,The Pakubuwono Menteng,2026-04-29 13:06:31,110,110,43,80,,,,,47,34.59,,,
Depok,Cinere - Nafas,2026-04-29 13:06:47,135,135,53,95,,,,,0,0,,,
Bogor,Kabupaten Bogor Leuwiliang,2026-04-29 12:00:00,83,83,45,,4,9,0,80,,,,,
Tangerang,Tangerang Pasir Jaya,2026-04-29 12:00:00,87,87,47,,58,63,0,65,,,,,
Bekasi,Bekasi Kayuringin,2026-04-29 12:00:00,85,85,40,,41,15,0,10,,,,,
Jakarta,The Pakubuwono Menteng,2026-04-29 13:09:29,113,113,45,84,,,,,46,34.7,,,
Depok,Cinere - Nafas,2026-04-29 13:08:47,126,126,51,95,,,,,0,0,,,
Bogor,Kabupaten Bogor Leuwiliang,2026-04-29 13:00:00,83,83,45,,4,9,0,80,,,,,
Tangerang,Tangerang Pasir Jaya,2026-04-29 13:00:00,88,88,47,,58,63,0,65,,,,,
Bekasi,Bekasi Kayuringin,2026-04-29 13:00:00,85,85,40,,41,15,0,10,,,,,
Jakarta,The Pakubuwono Menteng,2026-04-29 13:10:29,109,109,42,82,,,,,47,34.7,,,
Depok,Cinere - Nafas,2026-04-29 13:09:47,136,136,53,95,,,,,0,0,,,
Bogor,Kabupaten Bogor Leuwiliang,2026-04-29 13:00:00,83,83,45,,4,9,0,80,,,,,
Tangerang,Tangerang Pasir Jaya,2026-04-29 13:00:00,88,88,47,,58,63,0,65,,,,,
Bekasi,Bekasi Kayuringin,2026-04-29 13:00:00,85,85,40,,41,15,0,10,,,,,
Jakarta,The Pakubuwono Menteng,2026-04-29 13:11:29,110,110,43,82,,,,,47,34.59,,,
Depok,Cinere - Nafas,2026-04-29 13:10:47,130,130,53,94,,,,,0,0,,,
Bogor,Kabupaten Bogor Leuwiliang,2026-04-29 13:00:00,83,83,45,,4,9,0,80,,,,,
Tangerang,Tangerang Pasir Jaya,2026-04-29 13:00:00,88,88,47,,58,63,0,65,,,,,
Bekasi,Bekasi Kayuringin,2026-04-29 13:00:00,85,85,40,,41,15,0,10,,,,,
Jakarta,The Pakubuwono Menteng,2026-04-29 13:12:29,111,111,42,82,,,,,47,34.7,,,
Depok,Cinere - Nafas,2026-04-29 13:11:47,126,126,50,90,,,,,0,0,,,
Bogor,Kabupaten Bogor Leuwiliang,2026-04-29 13:00:00,83,83,45,,4,9,0,80,,,,,
Tangerang,Tangerang Pasir Jaya,2026-04-29 13:00:00,88,88,47,,58,63,0,65,,,,,
Bekasi,Bekasi Kayuringin,2026-04-29 13:00:00,85,85,40,,41,15,0,10,,,,,
Jakarta,The Pakubuwono Menteng,2026-04-29 13:14:29,112,112,42,83,,,,,46,34.59,,,
Depok,Cinere - Nafas,2026-04-29 13:13:47,120,120,48,89,,,,,0,0,,,
Bogor,Kabupaten Bogor Leuwiliang,2026-04-29 13:00:00,83,83,45,,4,9,0,80,,,,,
Tangerang,Tangerang Pasir Jaya,2026-04-29 13:00:00,88,88,47,,58,63,0,65,,,,,
Bekasi,Bekasi Kayuringin,2026-04-29 13:00:00,85,85,40,,41,15,0,10,,,,,
Jakarta,The Pakubuwono Menteng,2026-04-29 13:15:31,109,109,42,83,,,,,47,34.7,,,
Depok,Cinere - Nafas,2026-04-29 13:14:47,119,119,47,86,,,,,0,0,,,
Bogor,Kabupaten Bogor Leuwiliang,2026-04-29 13:00:00,83,83,45,,4,9,0,80,,,,,
Tangerang,Tangerang Pasir Jaya,2026-04-29 13:00:00,88,88,47,,58,63,0,65,,,,,
Bekasi,Bekasi Kayuringin,2026-04-29 13:00:00,85,85,40,,41,15,0,10,,,,,
Jakarta,The Pakubuwono Menteng,2026-04-29 13:16:30,112,112,43,83,,,,,47,34.59,,,
Depok,Cinere - Nafas,2026-04-29 13:15:47,121,121,49,88,,,,,0,0,,,
Bogor,Kabupaten Bogor Leuwiliang,2026-04-29 13:00:00,83,83,45,,4,9,0,80,,,,,
Tangerang,Tangerang Pasir Jaya,2026-04-29 13:00:00,88,88,47,,58,63,0,65,,,,,
Bekasi,Bekasi Kayuringin,2026-04-29 13:00:00,85,85,40,,41,15,0,10,,,,,
Jakarta,The Pakubuwono Menteng,2026-04-29 13:17:29,105,105,41,82,,,,,47,34.59,,,
Depok,Cinere - Nafas,2026-04-29 13:17:47,118,118,47,88,,,,,0,0,,,
Bogor,Kabupaten Bogor Leuwiliang,2026-04-29 13:00:00,83,83,45,,4,9,0,80,,,,,
Tangerang,Tangerang Pasir Jaya,2026-04-29 13:00:00,88,88,47,,58,63,0,65,,,,,
Bekasi,Bekasi Kayuringin,2026-04-29 13:00:00,85,85,40,,41,15,0,10,,,,,
Jakarta,The Pakubuwono Menteng,2026-04-29 13:19:29,110,110,43,83,,,,,46,34.59,,,
Depok,Cinere - Nafas,2026-04-29 13:18:47,114,114,47,87,,,,,0,0,,,
Bogor,Kabupaten Bogor Leuwiliang,2026-04-29 13:00:00,83,83,45,,4,9,0,80,,,,,
Tangerang,Tangerang Pasir Jaya,2026-04-29 13:00:00,88,88,47,,58,63,0,65,,,,,
Bekasi,Bekasi Kayuringin,2026-04-29 13:00:00,85,85,40,,41,15,0,10,,,,,
Jakarta,The Pakubuwono Menteng,2026-04-29 13:20:31,109,109,42,83,,,,,46,34.5,,,
Depok,Cinere - Nafas,2026-04-29 13:19:47,116,116,45,86,,,,,0,0,,,
Bogor,Kabupaten Bogor Leuwiliang,2026-04-29 13:00:00,83,83,45,,4,9,0,80,,,,,
Tangerang,Tangerang Pasir Jaya,2026-04-29 13:00:00,88,88,47,,58,63,0,65,,,,,
Bekasi,Bekasi Kayuringin,2026-04-29 13:00:00,85,85,40,,41,15,0,10,,,,,
Jakarta,The Pakubuwono Menteng,2026-04-29 13:21:29,108,108,43,83,,,,,46,34.4,,,
Depok,Cinere - Nafas,2026-04-29 13:20:47,112,112,43,84,,,,,0,0,,,
Bogor,Kabupaten Bogor Leuwiliang,2026-04-29 13:00:00,83,83,45,,4,9,0,80,,,,,
Tangerang,Tangerang Pasir Jaya,2026-04-29 13:00:00,88,88,47,,58,63,0,65,,,,,
Bekasi,Bekasi Kayuringin,2026-04-29 13:00:00,85,85,40,,41,15,0,10,,,,,
Jakarta,The Pakubuwono Menteng,2026-04-29 13:22:29,101,101,41,79,,,,,46,34.4,,,
Depok,Cinere - Nafas,2026-04-29 13:21:47,113,113,43,84,,,,,0,0,,,
Bogor,Kabupaten Bogor Leuwiliang,2026-04-29 13:00:00,83,83,45,,4,9,0,80,,,,,
Tangerang,Tangerang Pasir Jaya,2026-04-29 13:00:00,88,88,47,,58,63,0,65,,,,,
Bekasi,Bekasi Kayuringin,2026-04-29 13:00:00,85,85,40,,41,15,0,10,,,,,
Jakarta,The Pakubuwono Menteng,2026-04-29 13:23:30,110,110,42,83,,,,,47,34.3,,,
Depok,Cinere - Nafas,2026-04-29 13:22:47,111,111,43,84,,,,,0,0,,,
Bogor,Kabupaten Bogor Leuwiliang,2026-04-29 13:00:00,83,83,45,,4,9,0,80,,,,,
Tangerang,Tangerang Pasir Jaya,2026-04-29 13:00:00,88,88,47,,58,63,0,65,,,,,
Bekasi,Bekasi Kayuringin,2026-04-29 13:00:00,85,85,40,,41,15,0,10,,,,,
Jakarta,The Pakubuwono Menteng,2026-04-29 13:24:31,107,107,41,80,,,,,47,34.2,,,
Depok,Cinere - Nafas,2026-04-29 13:23:47,111,111,43,84,,,,,0,0,,,
Bogor,Kabupaten Bogor Leuwiliang,2026-04-29 13:00:00,83,83,45,,4,9,0,80,,,,,
Tangerang,Tangerang Pasir Jaya,2026-04-29 13:00:00,88,88,47,,58,63,0,65,,,,,
Bekasi,Bekasi Kayuringin,2026-04-29 13:00:00,85,85,40,,41,15,0,10,,,,,
Jakarta,The Pakubuwono Menteng,2026-04-29 13:25:30,108,108,42,78,,,,,47,34.2,,,
Depok,Cinere - Nafas,2026-04-29 13:24:47,111,111,43,84,,,,,0,0,,,
Bogor,Kabupaten Bogor Leuwiliang,2026-04-29 13:00:00,83,83,45,,4,9,0,80,,,,,
Tangerang,Tangerang Pasir Jaya,2026-04-29 13:00:00,88,88,47,,58,63,0,65,,,,,
Bekasi,Bekasi Kayuringin,2026-04-29 13:00:00,85,85,40,,41,15,0,10,,,,,
Jakarta,The Pakubuwono Menteng,2026-04-29 13:26:29,106,106,41,79,,,,,48,34.2,,,
Depok,Cinere - Nafas,2026-04-29 13:25:47,113,113,43,84,,,,,0,0,,,
Bogor,Kabupaten Bogor Leuwiliang,2026-04-29 13:00:00,83,83,45,,4,9,0,80,,,,,
Tangerang,Tangerang Pasir Jaya,2026-04-29 13:00:00,88,88,47,,58,63,0,65,,,,,
Bekasi,Bekasi Kayuringin,2026-04-29 13:00:00,85,85,40,,41,15,0,10,,,,,
Jakarta,The Pakubuwono Menteng,2026-04-29 13:29:30,106,106,42,80,,,,,47,34.4,,,
Depok,Cinere - Nafas,2026-04-29 13:28:47,113,113,44,84,,,,,0,0,,,
Bogor,Kabupaten Bogor Leuwiliang,2026-04-29 13:00:00,83,83,45,,4,9,0,80,,,,,
Tangerang,Tangerang Pasir Jaya,2026-04-29 13:00:00,88,88,47,,58,63,0,65,,,,,
Bekasi,Bekasi Kayuringin,2026-04-29 13:00:00,85,85,40,,41,15,0,10,,,,,
Jakarta,The Pakubuwono Menteng,2026-04-29 13:30:30,105,105,40,79,,,,,47,34.5,,,
Depok,Cinere - Nafas,2026-04-29 13:29:47,113,113,43,86,,,,,0,0,,,
Bogor,Kabupaten Bogor Leuwiliang,2026-04-29 13:00:00,83,83,45,,4,9,0,80,,,,,
Tangerang,Tangerang Pasir Jaya,2026-04-29 13:00:00,88,88,47,,58,63,0,65,,,,,
Bekasi,Bekasi Kayuringin,2026-04-29 13:00:00,85,85,40,,41,15,0,10,,,,,
Jakarta,The Pakubuwono Menteng,2026-04-29 13:31:33,105,105,40,78,,,,,47,34.4,,,
Depok,Cinere - Nafas,2026-04-29 13:30:47,112,112,44,86,,,,,0,0,,,
Bogor,Kabupaten Bogor Leuwiliang,2026-04-29 13:00:00,83,83,45,,4,9,0,80,,,,,
Tangerang,Tangerang Pasir Jaya,2026-04-29 13:00:00,88,88,47,,58,63,0,65,,,,,
Bekasi,Bekasi Kayuringin,2026-04-29 13:00:00,85,85,40,,41,15,0,10,,,,,
Jakarta,The Pakubuwono Menteng,2026-04-29 13:32:30,107,107,40,81,,,,,46,34.5,,,
Depok,Cinere - Nafas,2026-04-29 13:31:47,111,111,42,84,,,,,0,0,,,
Bogor,Kabupaten Bogor Leuwiliang,2026-04-29 13:00:00,83,83,45,,4,9,0,80,,,,,
Tangerang,Tangerang Pasir Jaya,2026-04-29 13:00:00,88,88,47,,58,63,0,65,,,,,
Bekasi,Bekasi Kayuringin,2026-04-29 13:00:00,85,85,40,,41,15,0,10,,,,,
Jakarta,The Pakubuwono Menteng,2026-04-29 13:32:30,107,107,40,81,,,,,46,34.5,,,
Depok,Cinere - Nafas,2026-04-29 13:31:47,111,111,42,84,,,,,0,0,,,
Bogor,Kabupaten Bogor Leuwiliang,2026-04-29 13:00:00,83,83,45,,4,9,0,80,,,,,
Tangerang,Tangerang Pasir Jaya,2026-04-29 13:00:00,88,88,47,,58,63,0,65,,,,,
Bekasi,Bekasi Kayuringin,2026-04-29 13:00:00,85,85,40,,41,15,0,10,,,,,
Jakarta,The Pakubuwono Menteng,2026-04-29 13:33:30,101,101,38,77,,,,,47,34.5,,,
Depok,Cinere - Nafas,2026-04-29 13:32:48,119,119,46,88,,,,,0,0,,,
Bogor,Kabupaten Bogor Leuwiliang,2026-04-29 13:00:00,83,83,45,,4,9,0,80,,,,,
Tangerang,Tangerang Pasir Jaya,2026-04-29 13:00:00,88,88,47,,58,63,0,65,,,,,
Bekasi,Bekasi Kayuringin,2026-04-29 13:00:00,85,85,40,,41,15,0,10,,,,,
Jakarta,The Pakubuwono Menteng,2026-04-29 13:35:30,105,105,39,81,,,,,46,34.5,,,
Depok,Cinere - Nafas,2026-04-29 13:34:47,119,119,47,88,,,,,0,0,,,
Bogor,Kabupaten Bogor Leuwiliang,2026-04-29 13:00:00,83,83,45,,4,9,0,80,,,,,
Tangerang,Tangerang Pasir Jaya,2026-04-29 13:00:00,88,88,47,,58,63,0,65,,,,,
Bekasi,Bekasi Kayuringin,2026-04-29 13:00:00,85,85,40,,41,15,0,10,,,,,
Jakarta,The Pakubuwono Menteng,2026-04-29 13:36:31,108,108,42,79,,,,,46,34.59,,,
Depok,Cinere - Nafas,2026-04-29 13:36:47,111,111,43,84,,,,,0,0,,,
Bogor,Kabupaten Bogor Leuwiliang,2026-04-29 13:00:00,83,83,45,,4,9,0,80,,,,,
Tangerang,Tangerang Pasir Jaya,2026-04-29 13:00:00,88,88,47,,58,63,0,65,,,,,
Bekasi,Bekasi Kayuringin,2026-04-29 13:00:00,85,85,40,,41,15,0,10,,,,,
Jakarta,The Pakubuwono Menteng,2026-04-29 13:38:30,104,104,40,83,,,,,46,34.59,,,
Depok,Cinere - Nafas,2026-04-29 13:37:47,107,107,41,82,,,,,0,0,,,
Bogor,Kabupaten Bogor Leuwiliang,2026-04-29 13:00:00,83,83,45,,4,9,0,80,,,,,
Tangerang,Tangerang Pasir Jaya,2026-04-29 13:00:00,88,88,47,,58,63,0,65,,,,,
Bekasi,Bekasi Kayuringin,2026-04-29 13:00:00,85,85,40,,41,15,0,10,,,,,
Jakarta,The Pakubuwono Menteng,2026-04-29 13:39:30,102,102,40,81,,,,,45,34.59,,,
Depok,Cinere - Nafas,2026-04-29 13:38:47,107,107,40,84,,,,,0,0,,,
Bogor,Kabupaten Bogor Leuwiliang,2026-04-29 13:00:00,83,83,45,,4,9,0,80,,,,,
Tangerang,Tangerang Pasir Jaya,2026-04-29 13:00:00,88,88,47,,58,63,0,65,,,,,
Bekasi,Bekasi Kayuringin,2026-04-29 13:00:00,85,85,40,,41,15,0,10,,,,,
Jakarta,The Pakubuwono Menteng,2026-04-29 13:40:30,108,108,41,84,,,,,46,34.59,,,
Depok,Cinere - Nafas,2026-04-29 13:39:47,106,106,42,82,,,,,0,0,,,
Bogor,Kabupaten Bogor Leuwiliang,2026-04-29 13:00:00,83,83,45,,4,9,0,80,,,,,
Tangerang,Tangerang Pasir Jaya,2026-04-29 13:00:00,88,88,47,,58,63,0,65,,,,,
Bekasi,Bekasi Kayuringin,2026-04-29 13:00:00,85,85,40,,41,15,0,10,,,,,
Jakarta,The Pakubuwono Menteng,2026-04-29 13:42:30,107,107,42,84,,,,,46,34.7,,,
Depok,Cinere - Nafas,2026-04-29 13:41:47,108,108,42,82,,,,,0,0,,,
Bogor,Kabupaten Bogor Leuwiliang,2026-04-29 13:00:00,83,83,45,,4,9,0,80,,,,,
Tangerang,Tangerang Pasir Jaya,2026-04-29 13:00:00,88,88,47,,58,63,0,65,,,,,
Bekasi,Bekasi Kayuringin,2026-04-29 13:00:00,85,85,40,,41,15,0,10,,,,,
Jakarta,The Pakubuwono Menteng,2026-04-29 13:43:30,104,104,40,82,,,,,46,34.7,,,
Depok,Cinere - Nafas,2026-04-29 13:42:48,109,109,41,82,,,,,0,0,,,
Bogor,Kabupaten Bogor Leuwiliang,2026-04-29 13:00:00,83,83,45,,4,9,0,80,,,,,
Tangerang,Tangerang Pasir Jaya,2026-04-29 13:00:00,88,88,47,,58,63,0,65,,,,,
Bekasi,Bekasi Kayuringin,2026-04-29 13:00:00,85,85,40,,41,15,0,10,,,,,
Jakarta,The Pakubuwono Menteng,2026-04-29 13:44:30,105,105,41,79,,,,,45,34.8,,,
Depok,Cinere - Nafas,2026-04-29 13:43:48,106,106,41,82,,,,,0,0,,,
Bogor,Kabupaten Bogor Leuwiliang,2026-04-29 13:00:00,83,83,45,,4,9,0,80,,,,,
Tangerang,Tangerang Pasir Jaya,2026-04-29 13:00:00,88,88,47,,58,63,0,65,,,,,
Bekasi,Bekasi Kayuringin,2026-04-29 13:00:00,85,85,40,,41,15,0,10,,,,,
Jakarta,The Pakubuwono Menteng,2026-04-29 13:44:30,105,105,41,79,,,,,45,34.8,,,
Depok,Cinere - Nafas,2026-04-29 13:43:48,106,106,41,82,,,,,0,0,,,
Bogor,Kabupaten Bogor Leuwiliang,2026-04-29 13:00:00,83,83,45,,4,9,0,80,,,,,
Tangerang,Tangerang Pasir Jaya,2026-04-29 13:00:00,88,88,47,,58,63,0,65,,,,,
Bekasi,Bekasi Kayuringin,2026-04-29 13:00:00,85,85,40,,41,15,0,10,,,,,
Jakarta,The Pakubuwono Menteng,2026-04-29 13:45:30,107,107,42,80,,,,,45,34.9,,,
Depok,Cinere - Nafas,2026-04-29 13:45:47,104,104,39,82,,,,,0,0,,,
Bogor,Kabupaten Bogor Leuwiliang,2026-04-29 13:00:00,83,83,45,,4,9,0,80,,,,,
Tangerang,Tangerang Pasir Jaya,2026-04-29 13:00:00,88,88,47,,58,63,0,65,,,,,
Bekasi,Bekasi Kayuringin,2026-04-29 13:00:00,85,85,40,,41,15,0,10,,,,,
Jakarta,The Pakubuwono Menteng,2026-04-29 13:48:32,108,108,42,82,,,,,45,35,,,
Depok,Cinere - Nafas,2026-04-29 13:47:48,104,104,40,80,,,,,0,0,,,
Bogor,Kabupaten Bogor Leuwiliang,2026-04-29 13:00:00,83,83,45,,4,9,0,80,,,,,
Tangerang,Tangerang Pasir Jaya,2026-04-29 13:00:00,88,88,47,,58,63,0,65,,,,,
Bekasi,Bekasi Kayuringin,2026-04-29 13:00:00,85,85,40,,41,15,0,10,,,,,
Jakarta,The Pakubuwono Menteng,2026-04-29 13:49:30,113,113,43,84,,,,,45,35,,,
Depok,Cinere - Nafas,2026-04-29 13:48:48,105,105,39,81,,,,,0,0,,,
Bogor,Kabupaten Bogor Leuwiliang,2026-04-29 13:00:00,83,83,45,,4,9,0,80,,,,,
Tangerang,Tangerang Pasir Jaya,2026-04-29 13:00:00,88,88,47,,58,63,0,65,,,,,
Bekasi,Bekasi Kayuringin,2026-04-29 13:00:00,85,85,40,,41,15,0,10,,,,,
Jakarta,The Pakubuwono Menteng,2026-04-29 13:50:30,109,109,42,83,,,,,45,35,,,
Depok,Cinere - Nafas,2026-04-29 13:49:48,106,106,40,81,,,,,0,0,,,
Bogor,Kabupaten Bogor Leuwiliang,2026-04-29 13:00:00,83,83,45,,4,9,0,80,,,,,
Tangerang,Tangerang Pasir Jaya,2026-04-29 13:00:00,88,88,47,,58,63,0,65,,,,,
Bekasi,Bekasi Kayuringin,2026-04-29 13:00:00,85,85,40,,41,15,0,10,,,,,
Jakarta,The Pakubuwono Menteng,2026-04-29 13:51:30,109,109,42,83,,,,,45,35.09,,,
Depok,Cinere - Nafas,2026-04-29 13:50:48,104,104,39,81,,,,,0,0,,,
Bogor,Kabupaten Bogor Leuwiliang,2026-04-29 13:00:00,83,83,45,,4,9,0,80,,,,,
Tangerang,Tangerang Pasir Jaya,2026-04-29 13:00:00,88,88,47,,58,63,0,65,,,,,
Bekasi,Bekasi Kayuringin,2026-04-29 13:00:00,85,85,40,,41,15,0,10,,,,,
Jakarta,The Pakubuwono Menteng,2026-04-29 13:52:31,111,111,43,85,,,,,45,35,,,
Depok,Cinere - Nafas,2026-04-29 13:51:48,106,106,39,83,,,,,0,0,,,
Bogor,Kabupaten Bogor Leuwiliang,2026-04-29 13:00:00,83,83,45,,4,9,0,80,,,,,
Tangerang,Tangerang Pasir Jaya,2026-04-29 13:00:00,88,88,47,,58,63,0,65,,,,,
Bekasi,Bekasi Kayuringin,2026-04-29 13:00:00,85,85,40,,41,15,0,10,,,,,
Jakarta,The Pakubuwono Menteng,2026-04-29 13:53:30,109,109,42,82,,,,,45,34.9,,,
Depok,Cinere - Nafas,2026-04-29 13:52:48,108,108,42,82,,,,,0,0,,,
Bogor,Kabupaten Bogor Leuwiliang,2026-04-29 13:00:00,83,83,45,,4,9,0,80,,,,,
Tangerang,Tangerang Pasir Jaya,2026-04-29 13:00:00,88,88,47,,58,63,0,65,,,,,
Bekasi,Bekasi Kayuringin,2026-04-29 13:00:00,85,85,40,,41,15,0,10,,,,,
Jakarta,The Pakubuwono Menteng,2026-04-29 13:54:32,107,107,42,84,,,,,45,35,,,
Depok,Cinere - Nafas,2026-04-29 13:53:48,107,107,40,82,,,,,0,0,,,
Bogor,Kabupaten Bogor Leuwiliang,2026-04-29 13:00:00,83,83,45,,4,9,0,80,,,,,
Tangerang,Tangerang Pasir Jaya,2026-04-29 13:00:00,88,88,47,,58,63,0,65,,,,,
Bekasi,Bekasi Kayuringin,2026-04-29 13:00:00,85,85,40,,41,15,0,10,,,,,
Jakarta,The Pakubuwono Menteng,2026-04-29 13:56:31,110,110,43,83,,,,,45,35,,,
Depok,Cinere - Nafas,2026-04-29 13:55:48,106,106,41,82,,,,,0,0,,,
Bogor,Kabupaten Bogor Leuwiliang,2026-04-29 13:00:00,83,83,45,,4,9,0,80,,,,,
Tangerang,Tangerang Pasir Jaya,2026-04-29 13:00:00,88,88,47,,58,63,0,65,,,,,
Bekasi,Bekasi Kayuringin,2026-04-29 13:00:00,85,85,40,,41,15,0,10,,,,,
Jakarta,The Pakubuwono Menteng,2026-04-29 13:57:31,109,109,42,82,,,,,45,35.09,,,
Depok,Cinere - Nafas,2026-04-29 13:56:48,99,99,36,78,,,,,0,0,,,
Bogor,Kabupaten Bogor Leuwiliang,2026-04-29 13:00:00,83,83,45,,4,9,0,80,,,,,
Tangerang,Tangerang Pasir Jaya,2026-04-29 13:00:00,88,88,47,,58,63,0,65,,,,,
Bekasi,Bekasi Kayuringin,2026-04-29 13:00:00,85,85,40,,41,15,0,10,,,,,
Jakarta,The Pakubuwono Menteng,2026-04-29 13:58:30,110,110,41,81,,,,,45,35.2,,,
Depok,Cinere - Nafas,2026-04-29 13:57:48,98,98,37,78,,,,,0,0,,,
Bogor,Kabupaten Bogor Leuwiliang,2026-04-29 13:00:00,83,83,45,,4,9,0,80,,,,,
Tangerang,Tangerang Pasir Jaya,2026-04-29 13:00:00,88,88,47,,58,63,0,65,,,,,
Bekasi,Bekasi Kayuringin,2026-04-29 13:00:00,85,85,40,,41,15,0,10,,,,,
Jakarta,The Pakubuwono Menteng,2026-04-29 13:59:30,107,107,41,83,,,,,45,35.3,,,
Depok,Cinere - Nafas,2026-04-29 13:58:48,100,100,40,80,,,,,0,0,,,
Bogor,Kabupaten Bogor Leuwiliang,2026-04-29 13:00:00,83,83,45,,4,9,0,80,,,,,
Tangerang,Tangerang Pasir Jaya,2026-04-29 13:00:00,88,88,47,,58,63,0,65,,,,,
Bekasi,Bekasi Kayuringin,2026-04-29 13:00:00,85,85,40,,41,15,0,10,,,,,
Jakarta,The Pakubuwono Menteng,2026-04-29 14:01:30,102,102,37,78,,,,,44,35.5,,,
Depok,Cinere - Nafas,2026-04-29 14:00:48,105,105,40,82,,,,,0,0,,,
Bogor,Kabupaten Bogor Leuwiliang,2026-04-29 13:00:00,83,83,45,,4,9,0,80,,,,,
Tangerang,Tangerang Pasir Jaya,2026-04-29 13:00:00,88,88,47,,58,63,0,65,,,,,
Bekasi,Bekasi Kayuringin,2026-04-29 13:00:00,85,85,40,,41,15,0,10,,,,,
Jakarta,The Pakubuwono Menteng,2026-04-29 14:02:30,108,108,41,82,,,,,44,35.59,,,
Depok,Cinere - Nafas,2026-04-29 14:01:49,105,105,40,78,,,,,0,0,,,
Bogor,Kabupaten Bogor Leuwiliang,2026-04-29 13:00:00,83,83,45,,4,9,0,80,,,,,
Tangerang,Tangerang Pasir Jaya,2026-04-29 13:00:00,88,88,47,,58,63,0,65,,,,,
Bekasi,Bekasi Kayuringin,2026-04-29 13:00:00,85,85,40,,41,15,0,10,,,,,
Jakarta,The Pakubuwono Menteng,2026-04-29 14:03:31,111,111,42,83,,,,,44,35.7,,,
Depok,Cinere - Nafas,2026-04-29 14:02:48,101,101,37,79,,,,,0,0,,,
Bogor,Kabupaten Bogor Leuwiliang,2026-04-29 13:00:00,83,83,45,,4,9,0,80,,,,,
Tangerang,Tangerang Pasir Jaya,2026-04-29 13:00:00,88,88,47,,58,63,0,65,,,,,
Bekasi,Bekasi Kayuringin,2026-04-29 13:00:00,85,85,40,,41,15,0,10,,,,,
Jakarta,The Pakubuwono Menteng,2026-04-29 14:04:31,107,107,40,80,,,,,43,35.8,,,
Depok,Cinere - Nafas,2026-04-29 14:03:48,103,103,40,76,,,,,0,0,,,
Bogor,Kabupaten Bogor Leuwiliang,2026-04-29 13:00:00,83,83,45,,4,9,0,80,,,,,
Tangerang,Tangerang Pasir Jaya,2026-04-29 13:00:00,88,88,47,,58,63,0,65,,,,,
Bekasi,Bekasi Kayuringin,2026-04-29 13:00:00,85,85,40,,41,15,0,10,,,,,
Jakarta,The Pakubuwono Menteng,2026-04-29 14:06:33,106,106,40,78,,,,,43,36,,,
Depok,Cinere - Nafas,2026-04-29 14:05:48,99,99,37,78,,,,,0,0,,,
Bogor,Kabupaten Bogor Leuwiliang,2026-04-29 13:00:00,83,83,45,,4,9,0,80,,,,,
Tangerang,Tangerang Pasir Jaya,2026-04-29 13:00:00,88,88,47,,58,63,0,65,,,,,
Bekasi,Bekasi Kayuringin,2026-04-29 13:00:00,85,85,40,,41,15,0,10,,,,,
Jakarta,The Pakubuwono Menteng,2026-04-29 14:07:31,104,104,39,83,,,,,43,36,,,
Depok,Cinere - Nafas,2026-04-29 14:06:48,98,98,38,78,,,,,0,0,,,
Bogor,Kabupaten Bogor Leuwiliang,2026-04-29 13:00:00,83,83,45,,4,9,0,80,,,,,
Tangerang,Tangerang Pasir Jaya,2026-04-29 13:00:00,88,88,47,,58,63,0,65,,,,,
Bekasi,Bekasi Kayuringin,2026-04-29 13:00:00,85,85,40,,41,15,0,10,,,,,
Jakarta,The Pakubuwono Menteng,2026-04-29 14:08:31,108,108,42,81,,,,,43,36,,,
Depok,Cinere - Nafas,2026-04-29 14:07:48,97,97,36,78,,,,,0,0,,,
Bogor,Kabupaten Bogor Leuwiliang,2026-04-29 13:00:00,83,83,45,,4,9,0,80,,,,,
Tangerang,Tangerang Pasir Jaya,2026-04-29 13:00:00,88,88,47,,58,63,0,65,,,,,
Bekasi,Bekasi Kayuringin,2026-04-29 13:00:00,85,85,40,,41,15,0,10,,,,,
Jakarta,The Pakubuwono Menteng,2026-04-29 14:09:31,107,107,42,80,,,,,43,36,,,
Depok,Cinere - Nafas,2026-04-29 14:08:48,99,99,36,78,,,,,0,0,,,
Bogor,Kabupaten Bogor Leuwiliang,2026-04-29 14:00:00,82,82,44,,4,9,0,80,,,,,
Tangerang,Tangerang Pasir Jaya,2026-04-29 14:00:00,91,91,49,,58,63,0,65,,,,,
Bekasi,Bekasi Kayuringin,2026-04-29 14:00:00,85,85,40,,43,15,0,9,,,,,
Jakarta,The Pakubuwono Menteng,2026-04-29 14:10:31,107,107,40,82,,,,,42,36,,,
Depok,Cinere - Nafas,2026-04-29 14:09:48,106,106,40,79,,,,,0,0,,,
Bogor,Kabupaten Bogor Leuwiliang,2026-04-29 14:00:00,82,82,44,,4,9,0,80,,,,,
Tangerang,Tangerang Pasir Jaya,2026-04-29 14:00:00,91,91,49,,58,63,0,65,,,,,
Bekasi,Bekasi Kayuringin,2026-04-29 14:00:00,85,85,40,,43,15,0,9,,,,,
Jakarta,The Pakubuwono Menteng,2026-04-29 14:11:31,109,109,41,83,,,,,43,36,,,
Depok,Cinere - Nafas,2026-04-29 14:10:48,99,99,39,78,,,,,0,0,,,
Bogor,Kabupaten Bogor Leuwiliang,2026-04-29 14:00:00,82,82,44,,4,9,0,80,,,,,
Tangerang,Tangerang Pasir Jaya,2026-04-29 14:00:00,91,91,49,,58,63,0,65,,,,,
Bekasi,Bekasi Kayuringin,2026-04-29 14:00:00,85,85,40,,43,15,0,9,,,,,
Jakarta,The Pakubuwono Menteng,2026-04-29 14:12:31,106,106,41,79,,,,,43,35.9,,,
Depok,Cinere - Nafas,2026-04-29 14:11:48,103,103,39,78,,,,,0,0,,,
Bogor,Kabupaten Bogor Leuwiliang,2026-04-29 14:00:00,82,82,44,,4,9,0,80,,,,,
Tangerang,Tangerang Pasir Jaya,2026-04-29 14:00:00,91,91,49,,58,63,0,65,,,,,
Bekasi,Bekasi Kayuringin,2026-04-29 14:00:00,85,85,40,,43,15,0,9,,,,,
Jakarta,The Pakubuwono Menteng,2026-04-29 14:13:31,103,103,40,80,,,,,43,35.9,,,
Depok,Cinere - Nafas,2026-04-29 14:12:48,103,103,38,80,,,,,0,0,,,
Bogor,Kabupaten Bogor Leuwiliang,2026-04-29 14:00:00,82,82,44,,4,9,0,80,,,,,
Tangerang,Tangerang Pasir Jaya,2026-04-29 14:00:00,91,91,49,,58,63,0,65,,,,,
Bekasi,Bekasi Kayuringin,2026-04-29 14:00:00,85,85,40,,43,15,0,9,,,,,
Jakarta,The Pakubuwono Menteng,2026-04-29 14:16:31,110,110,42,82,,,,,43,35.8,,,
Depok,Cinere - Nafas,2026-04-29 14:16:34,104,104,38,79,,,,,0,0,,,
Bogor,Kabupaten Bogor Leuwiliang,2026-04-29 14:00:00,82,82,44,,4,9,0,80,,,,,
Tangerang,Tangerang Pasir Jaya,2026-04-29 14:00:00,91,91,49,,58,63,0,65,,,,,
Bekasi,Bekasi Kayuringin,2026-04-29 14:00:00,85,85,40,,43,15,0,9,,,,,
Jakarta,The Pakubuwono Menteng,2026-04-29 14:17:31,103,103,38,82,,,,,43,35.7,,,
Depok,Cinere - Nafas,2026-04-29 14:17:34,99,99,35,78,,,,,0,0,,,
Bogor,Kabupaten Bogor Leuwiliang,2026-04-29 14:00:00,82,82,44,,4,9,0,80,,,,,
Tangerang,Tangerang Pasir Jaya,2026-04-29 14:00:00,91,91,49,,58,63,0,65,,,,,
Bekasi,Bekasi Kayuringin,2026-04-29 14:00:00,85,85,40,,43,15,0,9,,,,,
Jakarta,The Pakubuwono Menteng,2026-04-29 14:17:31,103,103,38,82,,,,,43,35.7,,,
Depok,Cinere - Nafas,2026-04-29 14:17:34,99,99,35,78,,,,,0,0,,,
Bogor,Kabupaten Bogor Leuwiliang,2026-04-29 14:00:00,82,82,44,,4,9,0,80,,,,,
Tangerang,Tangerang Pasir Jaya,2026-04-29 14:00:00,91,91,49,,58,63,0,65,,,,,
Bekasi,Bekasi Kayuringin,2026-04-29 14:00:00,85,85,40,,43,15,0,9,,,,,
Jakarta,The Pakubuwono Menteng,2026-04-29 14:18:31,104,104,39,84,,,,,43,35.59,,,
Depok,Cinere - Nafas,2026-04-29 14:18:34,99,99,37,79,,,,,0,0,,,
Bogor,Kabupaten Bogor Leuwiliang,2026-04-29 14:00:00,82,82,44,,4,9,0,80,,,,,
Tangerang,Tangerang Pasir Jaya,2026-04-29 14:00:00,91,91,49,,58,63,0,65,,,,,
Bekasi,Bekasi Kayuringin,2026-04-29 14:00:00,85,85,40,,43,15,0,9,,,,,
Jakarta,The Pakubuwono Menteng,2026-04-29 14:19:31,103,103,40,79,,,,,43,35.59,,,
Depok,Cinere - Nafas,2026-04-29 14:19:34,101,101,37,74,,,,,0,0,,,
Bogor,Kabupaten Bogor Leuwiliang,2026-04-29 14:00:00,82,82,44,,4,9,0,80,,,,,
Tangerang,Tangerang Pasir Jaya,2026-04-29 14:00:00,91,91,49,,58,63,0,65,,,,,
Bekasi,Bekasi Kayuringin,2026-04-29 14:00:00,85,85,40,,43,15,0,9,,,,,
Jakarta,The Pakubuwono Menteng,2026-04-29 14:20:31,105,105,40,81,,,,,43,35.59,,,
Depok,Cinere - Nafas,2026-04-29 14:20:34,106,106,40,79,,,,,0,0,,,
Bogor,Kabupaten Bogor Leuwiliang,2026-04-29 14:00:00,82,82,44,,4,9,0,80,,,,,
Tangerang,Tangerang Pasir Jaya,2026-04-29 14:00:00,91,91,49,,58,63,0,65,,,,,
Bekasi,Bekasi Kayuringin,2026-04-29 14:00:00,85,85,40,,43,15,0,9,,,,,
Jakarta,The Pakubuwono Menteng,2026-04-29 14:22:31,102,102,40,80,,,,,43,35.7,,,
Depok,Cinere - Nafas,2026-04-29 14:22:34,99,99,35,79,,,,,0,0,,,
Bogor,Kabupaten Bogor Leuwiliang,2026-04-29 14:00:00,82,82,44,,4,9,0,80,,,,,
Tangerang,Tangerang Pasir Jaya,2026-04-29 14:00:00,91,91,49,,58,63,0,65,,,,,
Bekasi,Bekasi Kayuringin,2026-04-29 14:00:00,85,85,40,,43,15,0,9,,,,,
Jakarta,The Pakubuwono Menteng,2026-04-29 14:23:31,104,104,39,79,,,,,43,35.59,,,
Depok,Cinere - Nafas,2026-04-29 14:24:34,106,106,39,78,,,,,0,0,,,
Bogor,Kabupaten Bogor Leuwiliang,2026-04-29 14:00:00,82,82,44,,4,9,0,80,,,,,
Tangerang,Tangerang Pasir Jaya,2026-04-29 14:00:00,91,91,49,,58,63,0,65,,,,,
Bekasi,Bekasi Kayuringin,2026-04-29 14:00:00,85,85,40,,43,15,0,9,,,,,
Jakarta,The Pakubuwono Menteng,2026-04-29 14:25:31,102,102,38,79,,,,,44,35.5,,,
Depok,Cinere - Nafas,2026-04-29 14:25:34,108,108,43,79,,,,,0,0,,,
Bogor,Kabupaten Bogor Leuwiliang,2026-04-29 14:00:00,82,82,44,,4,9,0,80,,,,,
Tangerang,Tangerang Pasir Jaya,2026-04-29 14:00:00,91,91,49,,58,63,0,65,,,,,
Bekasi,Bekasi Kayuringin,2026-04-29 14:00:00,85,85,40,,43,15,0,9,,,,,
Jakarta,The Pakubuwono Menteng,2026-04-29 14:26:31,103,103,40,78,,,,,43,35.5,,,
Depok,Cinere - Nafas,2026-04-29 14:26:34,111,111,44,83,,,,,0,0,,,
Bogor,Kabupaten Bogor Leuwiliang,2026-04-29 14:00:00,82,82,44,,4,9,0,80,,,,,
Tangerang,Tangerang Pasir Jaya,2026-04-29 14:00:00,91,91,49,,58,63,0,65,,,,,
Bekasi,Bekasi Kayuringin,2026-04-29 14:00:00,85,85,40,,43,15,0,9,,,,,
Jakarta,The Pakubuwono Menteng,2026-04-29 14:27:31,100,100,36,79,,,,,43,35.59,,,
Depok,Cinere - Nafas,2026-04-29 14:27:34,110,110,44,83,,,,,0,0,,,
Bogor,Kabupaten Bogor Leuwiliang,2026-04-29 14:00:00,82,82,44,,4,9,0,80,,,,,
Tangerang,Tangerang Pasir Jaya,2026-04-29 14:00:00,91,91,49,,58,63,0,65,,,,,
Bekasi,Bekasi Kayuringin,2026-04-29 14:00:00,85,85,40,,43,15,0,9,,,,,
Jakarta,The Pakubuwono Menteng,2026-04-29 14:29:31,107,107,40,80,,,,,43,35.5,,,
Depok,Cinere - Nafas,2026-04-29 14:29:34,115,115,45,83,,,,,0,0,,,
Bogor,Kabupaten Bogor Leuwiliang,2026-04-29 14:00:00,82,82,44,,4,9,0,80,,,,,
Tangerang,Tangerang Pasir Jaya,2026-04-29 14:00:00,91,91,49,,58,63,0,65,,,,,
Bekasi,Bekasi Kayuringin,2026-04-29 14:00:00,85,85,40,,43,15,0,9,,,,,
Jakarta,The Pakubuwono Menteng,2026-04-29 14:30:31,106,106,41,81,,,,,43,35.3,,,
Depok,Cinere - Nafas,2026-04-29 14:30:34,115,115,44,85,,,,,0,0,,,
Bogor,Kabupaten Bogor Leuwiliang,2026-04-29 14:00:00,82,82,44,,4,9,0,80,,,,,
Tangerang,Tangerang Pasir Jaya,2026-04-29 14:00:00,91,91,49,,58,63,0,65,,,,,
Bekasi,Bekasi Kayuringin,2026-04-29 14:00:00,85,85,40,,43,15,0,9,,,,,
Jakarta,The Pakubuwono Menteng,2026-04-29 14:31:31,108,108,41,79,,,,,44,35.2,,,
Depok,Cinere - Nafas,2026-04-29 14:31:34,111,111,44,83,,,,,0,0,,,
Bogor,Kabupaten Bogor Leuwiliang,2026-04-29 14:00:00,82,82,44,,4,9,0,80,,,,,
Tangerang,Tangerang Pasir Jaya,2026-04-29 14:00:00,91,91,49,,58,63,0,65,,,,,
Bekasi,Bekasi Kayuringin,2026-04-29 14:00:00,85,85,40,,43,15,0,9,,,,,
Jakarta,The Pakubuwono Menteng,2026-04-29 14:31:31,108,108,41,79,,,,,44,35.2,,,
Depok,Cinere - Nafas,2026-04-29 14:31:34,111,111,44,83,,,,,0,0,,,
Bogor,Kabupaten Bogor Leuwiliang,2026-04-29 14:00:00,82,82,44,,4,9,0,80,,,,,
Tangerang,Tangerang Pasir Jaya,2026-04-29 14:00:00,91,91,49,,58,63,0,65,,,,,
Bekasi,Bekasi Kayuringin,2026-04-29 14:00:00,85,85,40,,43,15,0,9,,,,,
Jakarta,The Pakubuwono Menteng,2026-04-29 14:32:31,107,107,41,79,,,,,44,35.09,,,
Depok,Cinere - Nafas,2026-04-29 14:33:34,111,111,43,81,,,,,0,0,,,
Bogor,Kabupaten Bogor Leuwiliang,2026-04-29 14:00:00,82,82,44,,4,9,0,80,,,,,
Tangerang,Tangerang Pasir Jaya,2026-04-29 14:00:00,91,91,49,,58,63,0,65,,,,,
Bekasi,Bekasi Kayuringin,2026-04-29 14:00:00,85,85,40,,43,15,0,9,,,,,
Jakarta,The Pakubuwono Menteng,2026-04-29 14:35:31,111,111,42,81,,,,,44,34.9,,,
Depok,Cinere - Nafas,2026-04-29 14:35:34,107,107,40,78,,,,,0,0,,,
Bogor,Kabupaten Bogor Leuwiliang,2026-04-29 14:00:00,82,82,44,,4,9,0,80,,,,,
Tangerang,Tangerang Pasir Jaya,2026-04-29 14:00:00,91,91,49,,58,63,0,65,,,,,
Bekasi,Bekasi Kayuringin,2026-04-29 14:00:00,85,85,40,,43,15,0,9,,,,,
Jakarta,The Pakubuwono Menteng,2026-04-29 14:36:31,109,109,42,83,,,,,45,34.9,,,
Depok,Cinere - Nafas,2026-04-29 14:36:34,106,106,41,79,,,,,0,0,,,
Bogor,Kabupaten Bogor Leuwiliang,2026-04-29 14:00:00,82,82,44,,4,9,0,80,,,,,
Tangerang,Tangerang Pasir Jaya,2026-04-29 14:00:00,91,91,49,,58,63,0,65,,,,,
Bekasi,Bekasi Kayuringin,2026-04-29 14:00:00,85,85,40,,43,15,0,9,,,,,
Jakarta,The Pakubuwono Menteng,2026-04-29 14:37:31,107,107,41,83,,,,,45,34.8,,,
Depok,Cinere - Nafas,2026-04-29 14:37:34,108,108,41,84,,,,,0,0,,,
Bogor,Kabupaten Bogor Leuwiliang,2026-04-29 14:00:00,82,82,44,,4,9,0,80,,,,,
Tangerang,Tangerang Pasir Jaya,2026-04-29 14:00:00,91,91,49,,58,63,0,65,,,,,
Bekasi,Bekasi Kayuringin,2026-04-29 14:00:00,85,85,40,,43,15,0,9,,,,,
Jakarta,The Pakubuwono Menteng,2026-04-29 14:38:31,109,109,42,83,,,,,45,34.7,,,
Depok,Cinere - Nafas,2026-04-29 14:38:34,108,108,42,80,,,,,0,0,,,
Bogor,Kabupaten Bogor Leuwiliang,2026-04-29 14:00:00,82,82,44,,4,9,0,80,,,,,
Tangerang,Tangerang Pasir Jaya,2026-04-29 14:00:00,91,91,49,,58,63,0,65,,,,,
Bekasi,Bekasi Kayuringin,2026-04-29 14:00:00,85,85,40,,43,15,0,9,,,,,
Jakarta,The Pakubuwono Menteng,2026-04-29 14:39:31,110,110,44,83,,,,,45,34.59,,,
Depok,Cinere - Nafas,2026-04-29 14:39:34,104,104,41,79,,,,,0,0,,,
Bogor,Kabupaten Bogor Leuwiliang,2026-04-29 14:00:00,82,82,44,,4,9,0,80,,,,,
Tangerang,Tangerang Pasir Jaya,2026-04-29 14:00:00,91,91,49,,58,63,0,65,,,,,
Bekasi,Bekasi Kayuringin,2026-04-29 14:00:00,85,85,40,,43,15,0,9,,,,,
Jakarta,The Pakubuwono Menteng,2026-04-29 14:40:31,108,108,41,83,,,,,45,34.5,,,
Depok,Cinere - Nafas,2026-04-29 14:40:34,106,106,41,77,,,,,0,0,,,
Bogor,Kabupaten Bogor Leuwiliang,2026-04-29 14:00:00,82,82,44,,4,9,0,80,,,,,
Tangerang,Tangerang Pasir Jaya,2026-04-29 14:00:00,91,91,49,,58,63,0,65,,,,,
Bekasi,Bekasi Kayuringin,2026-04-29 14:00:00,85,85,40,,43,15,0,9,,,,,
Jakarta,The Pakubuwono Menteng,2026-04-29 14:41:31,110,110,42,83,,,,,45,34.4,,,
Depok,Cinere - Nafas,2026-04-29 14:41:34,106,106,40,79,,,,,0,0,,,
Bogor,Kabupaten Bogor Leuwiliang,2026-04-29 14:00:00,82,82,44,,4,9,0,80,,,,,
Tangerang,Tangerang Pasir Jaya,2026-04-29 14:00:00,91,91,49,,58,63,0,65,,,,,
Bekasi,Bekasi Kayuringin,2026-04-29 14:00:00,85,85,40,,43,15,0,9,,,,,
Jakarta,The Pakubuwono Menteng,2026-04-29 14:43:31,109,109,42,84,,,,,45,34.3,,,
Depok,Cinere - Nafas,2026-04-29 14:43:34,108,108,42,79,,,,,0,0,,,
Bogor,Kabupaten Bogor Leuwiliang,2026-04-29 14:00:00,82,82,44,,4,9,0,80,,,,,
Tangerang,Tangerang Pasir Jaya,2026-04-29 14:00:00,91,91,49,,58,63,0,65,,,,,
Bekasi,Bekasi Kayuringin,2026-04-29 14:00:00,85,85,40,,43,15,0,9,,,,,
Jakarta,The Pakubuwono Menteng,2026-04-29 14:44:32,111,111,43,84,,,,,45,34.2,,,
Depok,Cinere - Nafas,2026-04-29 14:44:34,105,105,40,79,,,,,0,0,,,
Bogor,Kabupaten Bogor Leuwiliang,2026-04-29 14:00:00,82,82,44,,4,9,0,80,,,,,
Tangerang,Tangerang Pasir Jaya,2026-04-29 14:00:00,91,91,49,,58,63,0,65,,,,,
Bekasi,Bekasi Kayuringin,2026-04-29 14:00:00,85,85,40,,43,15,0,9,,,,,
Jakarta,The Pakubuwono Menteng,2026-04-29 14:45:31,105,105,40,81,,,,,46,34.09,,,
Depok,Cinere - Nafas,2026-04-29 14:45:34,108,108,43,79,,,,,0,0,,,
Bogor,Kabupaten Bogor Leuwiliang,2026-04-29 14:00:00,82,82,44,,4,9,0,80,,,,,
Tangerang,Tangerang Pasir Jaya,2026-04-29 14:00:00,91,91,49,,58,63,0,65,,,,,
Bekasi,Bekasi Kayuringin,2026-04-29 14:00:00,85,85,40,,43,15,0,9,,,,,
Jakarta,The Pakubuwono Menteng,2026-04-29 14:46:31,112,112,45,87,,,,,46,34,,,
Depok,Cinere - Nafas,2026-04-29 14:46:34,101,101,39,78,,,,,0,0,,,
Bogor,Kabupaten Bogor Leuwiliang,2026-04-29 14:00:00,82,82,44,,4,9,0,80,,,,,
Tangerang,Tangerang Pasir Jaya,2026-04-29 14:00:00,91,91,49,,58,63,0,65,,,,,
Bekasi,Bekasi Kayuringin,2026-04-29 14:00:00,85,85,40,,43,15,0,9,,,,,
Jakarta,The Pakubuwono Menteng,2026-04-29 14:47:31,106,106,40,81,,,,,46,33.9,,,
Depok,Cinere - Nafas,2026-04-29 14:47:34,101,101,40,80,,,,,0,0,,,
Bogor,Kabupaten Bogor Leuwiliang,2026-04-29 14:00:00,82,82,44,,4,9,0,80,,,,,
Tangerang,Tangerang Pasir Jaya,2026-04-29 14:00:00,91,91,49,,58,63,0,65,,,,,
Bekasi,Bekasi Kayuringin,2026-04-29 14:00:00,85,85,40,,43,15,0,9,,,,,
Jakarta,The Pakubuwono Menteng,2026-04-29 14:49:33,114,114,44,83,,,,,47,33.7,,,
Depok,Cinere - Nafas,2026-04-29 14:49:34,97,97,38,74,,,,,0,0,,,
Bogor,Kabupaten Bogor Leuwiliang,2026-04-29 14:00:00,82,82,44,,4,9,0,80,,,,,
Tangerang,Tangerang Pasir Jaya,2026-04-29 14:00:00,91,91,49,,58,63,0,65,,,,,
Bekasi,Bekasi Kayuringin,2026-04-29 14:00:00,85,85,40,,43,15,0,9,,,,,
Jakarta,The Pakubuwono Menteng,2026-04-29 14:50:32,108,108,42,83,,,,,47,33.59,,,
Depok,Cinere - Nafas,2026-04-29 14:50:34,100,100,38,74,,,,,0,0,,,
Bogor,Kabupaten Bogor Leuwiliang,2026-04-29 14:00:00,82,82,44,,4,9,0,80,,,,,
Tangerang,Tangerang Pasir Jaya,2026-04-29 14:00:00,91,91,49,,58,63,0,65,,,,,
Bekasi,Bekasi Kayuringin,2026-04-29 14:00:00,85,85,40,,43,15,0,9,,,,,
Jakarta,The Pakubuwono Menteng,2026-04-29 14:51:31,113,113,43,83,,,,,47,33.59,,,
Depok,Cinere - Nafas,2026-04-29 14:51:34,103,103,40,76,,,,,0,0,,,
Bogor,Kabupaten Bogor Leuwiliang,2026-04-29 14:00:00,82,82,44,,4,9,0,80,,,,,
Tangerang,Tangerang Pasir Jaya,2026-04-29 14:00:00,91,91,49,,58,63,0,65,,,,,
Bekasi,Bekasi Kayuringin,2026-04-29 14:00:00,85,85,40,,43,15,0,9,,,,,
Jakarta,The Pakubuwono Menteng,2026-04-29 14:53:32,111,111,44,84,,,,,47,33.5,,,
Depok,Cinere - Nafas,2026-04-29 14:53:34,107,107,41,80,,,,,0,0,,,
Bogor,Kabupaten Bogor Leuwiliang,2026-04-29 14:00:00,82,82,44,,4,9,0,80,,,,,
Tangerang,Tangerang Pasir Jaya,2026-04-29 14:00:00,91,91,49,,58,63,0,65,,,,,
Bekasi,Bekasi Kayuringin,2026-04-29 14:00:00,85,85,40,,43,15,0,9,,,,,
Jakarta,The Pakubuwono Menteng,2026-04-29 14:54:31,112,112,44,84,,,,,48,33.4,,,
Depok,Cinere - Nafas,2026-04-29 14:54:34,103,103,40,78,,,,,0,0,,,
Bogor,Kabupaten Bogor Leuwiliang,2026-04-29 14:00:00,82,82,44,,4,9,0,80,,,,,
Tangerang,Tangerang Pasir Jaya,2026-04-29 14:00:00,91,91,49,,58,63,0,65,,,,,
Bekasi,Bekasi Kayuringin,2026-04-29 14:00:00,85,85,40,,43,15,0,9,,,,,
Jakarta,The Pakubuwono Menteng,2026-04-29 14:55:32,113,113,45,86,,,,,48,33.4,,,
Depok,Cinere - Nafas,2026-04-29 14:55:35,108,108,41,79,,,,,0,0,,,
Bogor,Kabupaten Bogor Leuwiliang,2026-04-29 14:00:00,82,82,44,,4,9,0,80,,,,,
Tangerang,Tangerang Pasir Jaya,2026-04-29 14:00:00,91,91,49,,58,63,0,65,,,,,
Bekasi,Bekasi Kayuringin,2026-04-29 14:00:00,85,85,40,,43,15,0,9,,,,,
Jakarta,The Pakubuwono Menteng,2026-04-29 14:56:31,111,111,43,83,,,,,48,33.3,,,
Depok,Cinere - Nafas,2026-04-29 14:56:34,114,114,45,86,,,,,0,0,,,
Bogor,Kabupaten Bogor Leuwiliang,2026-04-29 14:00:00,82,82,44,,4,9,0,80,,,,,
Tangerang,Tangerang Pasir Jaya,2026-04-29 14:00:00,91,91,49,,58,63,0,65,,,,,
Bekasi,Bekasi Kayuringin,2026-04-29 14:00:00,85,85,40,,43,15,0,9,,,,,
Jakarta,The Pakubuwono Menteng,2026-04-29 14:57:32,111,111,43,83,,,,,48,33.3,,,
Depok,Cinere - Nafas,2026-04-29 14:57:34,114,114,45,83,,,,,0,0,,,
Bogor,Kabupaten Bogor Leuwiliang,2026-04-29 14:00:00,82,82,44,,4,9,0,80,,,,,
Tangerang,Tangerang Pasir Jaya,2026-04-29 14:00:00,91,91,49,,58,63,0,65,,,,,
Bekasi,Bekasi Kayuringin,2026-04-29 14:00:00,85,85,40,,43,15,0,9,,,,,
Jakarta,The Pakubuwono Menteng,2026-04-29 14:58:32,111,111,43,83,,,,,48,33.2,,,
Depok,Cinere - Nafas,2026-04-29 14:58:35,111,111,43,80,,,,,0,0,,,
Bogor,Kabupaten Bogor Leuwiliang,2026-04-29 14:00:00,82,82,44,,4,9,0,80,,,,,
Tangerang,Tangerang Pasir Jaya,2026-04-29 14:00:00,91,91,49,,58,63,0,65,,,,,
Bekasi,Bekasi Kayuringin,2026-04-29 14:00:00,85,85,40,,43,15,0,9,,,,,
Jakarta,The Pakubuwono Menteng,2026-04-29 14:59:32,107,107,42,83,,,,,49,33.2,,,
Depok,Cinere - Nafas,2026-04-29 14:59:34,103,103,39,78,,,,,0,0,,,
Bogor,Kabupaten Bogor Leuwiliang,2026-04-29 14:00:00,82,82,44,,4,9,0,80,,,,,
Tangerang,Tangerang Pasir Jaya,2026-04-29 14:00:00,91,91,49,,58,63,0,65,,,,,
Bekasi,Bekasi Kayuringin,2026-04-29 14:00:00,85,85,40,,43,15,0,9,,,,,
Jakarta,The Pakubuwono Menteng,2026-04-29 15:00:32,110,110,42,83,,,,,49,33.09,,,
Depok,Cinere - Nafas,2026-04-29 15:01:34,109,109,42,78,,,,,0,0,,,
Bogor,Kabupaten Bogor Leuwiliang,2026-04-29 14:00:00,82,82,44,,4,9,0,80,,,,,
Tangerang,Tangerang Pasir Jaya,2026-04-29 14:00:00,91,91,49,,58,63,0,65,,,,,
Bekasi,Bekasi Kayuringin,2026-04-29 14:00:00,85,85,40,,43,15,0,9,,,,,
Jakarta,The Pakubuwono Menteng,2026-04-29 15:02:32,112,112,43,84,,,,,49,33,,,
Depok,Cinere - Nafas,2026-04-29 15:02:35,106,106,41,79,,,,,0,0,,,
Bogor,Kabupaten Bogor Leuwiliang,2026-04-29 14:00:00,82,82,44,,4,9,0,80,,,,,
Tangerang,Tangerang Pasir Jaya,2026-04-29 14:00:00,91,91,49,,58,63,0,65,,,,,
Bekasi,Bekasi Kayuringin,2026-04-29 14:00:00,85,85,40,,43,15,0,9,,,,,
Jakarta,The Pakubuwono Menteng,2026-04-29 15:04:32,110,110,42,83,,,,,49,32.9,,,
Depok,Cinere - Nafas,2026-04-29 15:04:35,104,104,40,78,,,,,0,0,,,
Bogor,Kabupaten Bogor Leuwiliang,2026-04-29 14:00:00,82,82,44,,4,9,0,80,,,,,
Tangerang,Tangerang Pasir Jaya,2026-04-29 14:00:00,91,91,49,,58,63,0,65,,,,,
Bekasi,Bekasi Kayuringin,2026-04-29 14:00:00,85,85,40,,43,15,0,9,,,,,
Jakarta,The Pakubuwono Menteng,2026-04-29 15:05:32,114,114,44,83,,,,,49,32.9,,,
Depok,Cinere - Nafas,2026-04-29 15:05:35,107,107,42,78,,,,,0,0,,,
Bogor,Kabupaten Bogor Leuwiliang,2026-04-29 14:00:00,82,82,44,,4,9,0,80,,,,,
Tangerang,Tangerang Pasir Jaya,2026-04-29 14:00:00,91,91,49,,58,63,0,65,,,,,
Bekasi,Bekasi Kayuringin,2026-04-29 14:00:00,85,85,40,,43,15,0,9,,,,,
Jakarta,The Pakubuwono Menteng,2026-04-29 15:06:32,113,113,44,86,,,,,49,32.8,,,
Depok,Cinere - Nafas,2026-04-29 15:06:35,99,99,41,77,,,,,0,0,,,
Bogor,Kabupaten Bogor Leuwiliang,2026-04-29 14:00:00,82,82,44,,4,9,0,80,,,,,
Tangerang,Tangerang Pasir Jaya,2026-04-29 14:00:00,91,91,49,,58,63,0,65,,,,,
Bekasi,Bekasi Kayuringin,2026-04-29 14:00:00,85,85,40,,43,15,0,9,,,,,
Jakarta,The Pakubuwono Menteng,2026-04-29 15:06:32,113,113,44,83,,,,,49,32.8,,,
Depok,Cinere - Nafas,2026-04-29 15:07:35,108,108,41,81,,,,,0,0,,,
Bogor,Kabupaten Bogor Leuwiliang,2026-04-29 14:00:00,82,82,44,,4,9,0,80,,,,,
Tangerang,Tangerang Pasir Jaya,2026-04-29 14:00:00,91,91,49,,58,63,0,65,,,,,
Bekasi,Bekasi Kayuringin,2026-04-29 14:00:00,85,85,40,,43,15,0,9,,,,,
Jakarta,The Pakubuwono Menteng,2026-04-29 15:06:32,113,113,44,83,,,,,49,32.8,,,
Depok,Cinere - Nafas,2026-04-29 15:07:35,108,108,41,81,,,,,0,0,,,
Bogor,Kabupaten Bogor Leuwiliang,2026-04-29 14:00:00,82,82,44,,4,9,0,80,,,,,
Tangerang,Tangerang Pasir Jaya,2026-04-29 14:00:00,91,91,49,,58,63,0,65,,,,,
Bekasi,Bekasi Kayuringin,2026-04-29 14:00:00,85,85,40,,43,15,0,9,,,,,
Jakarta,The Pakubuwono Menteng,2026-04-29 15:08:32,110,110,42,81,,,,,49,32.8,,,
Depok,Cinere - Nafas,2026-04-29 15:08:35,112,112,44,83,,,,,0,0,,,
Bogor,Kabupaten Bogor Leuwiliang,2026-04-29 15:00:00,82,82,44,,4,9,0,80,,,,,
Tangerang,Tangerang Pasir Jaya,2026-04-29 15:00:00,92,92,49,,58,63,0,65,,,,,
Bekasi,Bekasi Kayuringin,2026-04-29 15:00:00,85,85,39,,43,15,0,8,,,,,
Jakarta,The Pakubuwono Menteng,2026-04-29 15:11:33,110,110,44,83,,,,,49,32.8,,,
Depok,Cinere - Nafas,2026-04-29 15:10:55,106,106,41,79,,,,,0,0,,,
Bogor,Kabupaten Bogor Leuwiliang,2026-04-29 15:00:00,82,82,44,,4,9,0,80,,,,,
Tangerang,Tangerang Pasir Jaya,2026-04-29 15:00:00,92,92,49,,58,63,0,65,,,,,
Bekasi,Bekasi Kayuringin,2026-04-29 15:00:00,85,85,39,,43,15,0,8,,,,,
Jakarta,The Pakubuwono Menteng,2026-04-29 15:12:32,110,110,42,83,,,,,49,32.8,,,
Depok,Cinere - Nafas,2026-04-29 15:12:55,100,100,38,78,,,,,0,0,,,
Bogor,Kabupaten Bogor Leuwiliang,2026-04-29 15:00:00,82,82,44,,4,9,0,80,,,,,
Tangerang,Tangerang Pasir Jaya,2026-04-29 15:00:00,92,92,49,,58,63,0,65,,,,,
Bekasi,Bekasi Kayuringin,2026-04-29 15:00:00,85,85,39,,43,15,0,8,,,,,
Jakarta,The Pakubuwono Menteng,2026-04-29 15:13:32,121,121,49,88,,,,,49,32.8,,,
Depok,Cinere - Nafas,2026-04-29 15:12:55,100,100,38,78,,,,,0,0,,,
Bogor,Kabupaten Bogor Leuwiliang,2026-04-29 15:00:00,82,82,44,,4,9,0,80,,,,,
Tangerang,Tangerang Pasir Jaya,2026-04-29 15:00:00,92,92,49,,58,63,0,65,,,,,
Bekasi,Bekasi Kayuringin,2026-04-29 15:00:00,85,85,39,,43,15,0,8,,,,,
Jakarta,The Pakubuwono Menteng,2026-04-29 15:14:32,124,124,49,88,,,,,49,32.8,,,
Depok,Cinere - Nafas,2026-04-29 15:12:55,100,100,38,78,,,,,0,0,,,
Bogor,Kabupaten Bogor Leuwiliang,2026-04-29 15:00:00,82,82,44,,4,9,0,80,,,,,
Tangerang,Tangerang Pasir Jaya,2026-04-29 15:00:00,92,92,49,,58,63,0,65,,,,,
Bekasi,Bekasi Kayuringin,2026-04-29 15:00:00,85,85,39,,43,15,0,8,,,,,
Jakarta,The Pakubuwono Menteng,2026-04-29 15:15:32,120,120,48,88,,,,,49,32.8,,,
Depok,Cinere - Nafas,2026-04-29 15:15:12,103,103,40,79,,,,,0,0,,,
Bogor,Kabupaten Bogor Leuwiliang,2026-04-29 15:00:00,82,82,44,,4,9,0,80,,,,,
Tangerang,Tangerang Pasir Jaya,2026-04-29 15:00:00,92,92,49,,58,63,0,65,,,,,
Bekasi,Bekasi Kayuringin,2026-04-29 15:00:00,85,85,39,,43,15,0,8,,,,,
Jakarta,The Pakubuwono Menteng,2026-04-29 15:16:32,113,113,44,85,,,,,49,32.7,,,
Depok,Cinere - Nafas,2026-04-29 15:16:12,102,102,39,78,,,,,0,0,,,
Bogor,Kabupaten Bogor Leuwiliang,2026-04-29 15:00:00,82,82,44,,4,9,0,80,,,,,
Tangerang,Tangerang Pasir Jaya,2026-04-29 15:00:00,92,92,49,,58,63,0,65,,,,,
Bekasi,Bekasi Kayuringin,2026-04-29 15:00:00,85,85,39,,43,15,0,8,,,,,
Jakarta,The Pakubuwono Menteng,2026-04-29 15:18:32,117,117,45,88,,,,,49,32.59,,,
Depok,Cinere - Nafas,2026-04-29 15:18:12,99,99,37,75,,,,,0,0,,,
Bogor,Kabupaten Bogor Leuwiliang,2026-04-29 15:00:00,82,82,44,,4,9,0,80,,,,,
Tangerang,Tangerang Pasir Jaya,2026-04-29 15:00:00,92,92,49,,58,63,0,65,,,,,
Bekasi,Bekasi Kayuringin,2026-04-29 15:00:00,85,85,39,,43,15,0,8,,,,,
Jakarta,The Pakubuwono Menteng,2026-04-29 15:19:33,121,121,48,90,,,,,50,32.59,,,
Depok,Cinere - Nafas,2026-04-29 15:19:15,108,108,43,79,,,,,0,0,,,
Bogor,Kabupaten Bogor Leuwiliang,2026-04-29 15:00:00,82,82,44,,4,9,0,80,,,,,
Tangerang,Tangerang Pasir Jaya,2026-04-29 15:00:00,92,92,49,,58,63,0,65,,,,,
Bekasi,Bekasi Kayuringin,2026-04-29 15:00:00,85,85,39,,43,15,0,8,,,,,
Jakarta,The Pakubuwono Menteng,2026-04-29 15:20:32,107,107,41,83,,,,,50,32.59,,,
Depok,Cinere - Nafas,2026-04-29 15:20:12,110,110,42,83,,,,,0,0,,,
Bogor,Kabupaten Bogor Leuwiliang,2026-04-29 15:00:00,82,82,44,,4,9,0,80,,,,,
Tangerang,Tangerang Pasir Jaya,2026-04-29 15:00:00,92,92,49,,58,63,0,65,,,,,
Bekasi,Bekasi Kayuringin,2026-04-29 15:00:00,85,85,39,,43,15,0,8,,,,,
Jakarta,The Pakubuwono Menteng,2026-04-29 15:21:32,108,108,42,82,,,,,50,32.59,,,
Depok,Cinere - Nafas,2026-04-29 15:21:12,108,108,40,83,,,,,0,0,,,
Bogor,Kabupaten Bogor Leuwiliang,2026-04-29 15:00:00,82,82,44,,4,9,0,80,,,,,
Tangerang,Tangerang Pasir Jaya,2026-04-29 15:00:00,92,92,49,,58,63,0,65,,,,,
Bekasi,Bekasi Kayuringin,2026-04-29 15:00:00,85,85,39,,43,15,0,8,,,,,
Jakarta,The Pakubuwono Menteng,2026-04-29 15:22:32,99,99,37,78,,,,,50,32.59,,,
Depok,Cinere - Nafas,2026-04-29 15:22:12,107,107,41,79,,,,,0,0,,,
Bogor,Kabupaten Bogor Leuwiliang,2026-04-29 15:00:00,82,82,44,,4,9,0,80,,,,,
Tangerang,Tangerang Pasir Jaya,2026-04-29 15:00:00,92,92,49,,58,63,0,65,,,,,
Bekasi,Bekasi Kayuringin,2026-04-29 15:00:00,85,85,39,,43,15,0,8,,,,,
Jakarta,The Pakubuwono Menteng,2026-04-29 15:24:32,103,103,39,79,,,,,50,32.59,,,
Depok,Cinere - Nafas,2026-04-29 15:24:12,110,110,42,83,,,,,0,0,,,
Bogor,Kabupaten Bogor Leuwiliang,2026-04-29 15:00:00,82,82,44,,4,9,0,80,,,,,
Tangerang,Tangerang Pasir Jaya,2026-04-29 15:00:00,92,92,49,,58,63,0,65,,,,,
Bekasi,Bekasi Kayuringin,2026-04-29 15:00:00,85,85,39,,43,15,0,8,,,,,
Jakarta,The Pakubuwono Menteng,2026-04-29 15:25:33,107,107,42,82,,,,,50,32.5,,,
Depok,Cinere - Nafas,2026-04-29 15:25:12,113,113,44,83,,,,,0,0,,,
Bogor,Kabupaten Bogor Leuwiliang,2026-04-29 15:00:00,82,82,44,,4,9,0,80,,,,,
Tangerang,Tangerang Pasir Jaya,2026-04-29 15:00:00,92,92,49,,58,63,0,65,,,,,
Bekasi,Bekasi Kayuringin,2026-04-29 15:00:00,85,85,39,,43,15,0,8,,,,,
Jakarta,The Pakubuwono Menteng,2026-04-29 15:26:32,104,104,40,79,,,,,50,32.5,,,
Depok,Cinere - Nafas,2026-04-29 15:26:12,116,116,45,83,,,,,0,0,,,
Bogor,Kabupaten Bogor Leuwiliang,2026-04-29 15:00:00,82,82,44,,4,9,0,80,,,,,
Tangerang,Tangerang Pasir Jaya,2026-04-29 15:00:00,92,92,49,,58,63,0,65,,,,,
Bekasi,Bekasi Kayuringin,2026-04-29 15:00:00,85,85,39,,43,15,0,8,,,,,
Jakarta,The Pakubuwono Menteng,2026-04-29 15:27:32,108,108,41,81,,,,,50,32.5,,,
Depok,Cinere - Nafas,2026-04-29 15:27:12,112,112,45,83,,,,,0,0,,,
Bogor,Kabupaten Bogor Leuwiliang,2026-04-29 15:00:00,82,82,44,,4,9,0,80,,,,,
Tangerang,Tangerang Pasir Jaya,2026-04-29 15:00:00,92,92,49,,58,63,0,65,,,,,
Bekasi,Bekasi Kayuringin,2026-04-29 15:00:00,85,85,39,,43,15,0,8,,,,,
Jakarta,The Pakubuwono Menteng,2026-04-29 15:28:32,103,103,38,76,,,,,50,32.5,,,
Depok,Cinere - Nafas,2026-04-29 15:28:12,111,111,43,83,,,,,0,0,,,
Bogor,Kabupaten Bogor Leuwiliang,2026-04-29 15:00:00,82,82,44,,4,9,0,80,,,,,
Tangerang,Tangerang Pasir Jaya,2026-04-29 15:00:00,92,92,49,,58,63,0,65,,,,,
Bekasi,Bekasi Kayuringin,2026-04-29 15:00:00,85,85,39,,43,15,0,8,,,,,
Jakarta,The Pakubuwono Menteng,2026-04-29 15:30:32,100,100,37,78,,,,,50,32.5,,,
Depok,Cinere - Nafas,2026-04-29 15:30:12,118,118,46,84,,,,,0,0,,,
Bogor,Kabupaten Bogor Leuwiliang,2026-04-29 15:00:00,82,82,44,,4,9,0,80,,,,,
Tangerang,Tangerang Pasir Jaya,2026-04-29 15:00:00,92,92,49,,58,63,0,65,,,,,
Bekasi,Bekasi Kayuringin,2026-04-29 15:00:00,85,85,39,,43,15,0,8,,,,,
Jakarta,The Pakubuwono Menteng,2026-04-29 15:32:33,104,104,40,78,,,,,50,32.4,,,
Depok,Cinere - Nafas,2026-04-29 15:32:12,154,154,59,117,,,,,0,0,,,
Bogor,Kabupaten Bogor Leuwiliang,2026-04-29 15:00:00,82,82,44,,4,9,0,80,,,,,
Tangerang,Tangerang Pasir Jaya,2026-04-29 15:00:00,92,92,49,,58,63,0,65,,,,,
Bekasi,Bekasi Kayuringin,2026-04-29 15:00:00,85,85,39,,43,15,0,8,,,,,
Jakarta,The Pakubuwono Menteng,2026-04-29 15:32:33,104,104,40,78,,,,,50,32.4,,,
Depok,Cinere - Nafas,2026-04-29 15:32:12,154,154,59,117,,,,,0,0,,,
Bogor,Kabupaten Bogor Leuwiliang,2026-04-29 15:00:00,82,82,44,,4,9,0,80,,,,,
Tangerang,Tangerang Pasir Jaya,2026-04-29 15:00:00,92,92,49,,58,63,0,65,,,,,
Bekasi,Bekasi Kayuringin,2026-04-29 15:00:00,85,85,39,,43,15,0,8,,,,,
Jakarta,The Pakubuwono Menteng,2026-04-29 15:33:32,103,103,39,79,,,,,50,32.4,,,
Depok,Cinere - Nafas,2026-04-29 15:32:12,154,154,59,117,,,,,0,0,,,
Bogor,Kabupaten Bogor Leuwiliang,2026-04-29 15:00:00,82,82,44,,4,9,0,80,,,,,
Tangerang,Tangerang Pasir Jaya,2026-04-29 15:00:00,92,92,49,,58,63,0,65,,,,,
Bekasi,Bekasi Kayuringin,2026-04-29 15:00:00,85,85,39,,43,15,0,8,,,,,
Jakarta,The Pakubuwono Menteng,2026-04-29 15:34:32,99,99,37,77,,,,,50,32.4,,,
Depok,Cinere - Nafas,2026-04-29 15:32:12,154,154,59,117,,,,,0,0,,,
Bogor,Kabupaten Bogor Leuwiliang,2026-04-29 15:00:00,82,82,44,,4,9,0,80,,,,,
Tangerang,Tangerang Pasir Jaya,2026-04-29 15:00:00,92,92,49,,58,63,0,65,,,,,
Bekasi,Bekasi Kayuringin,2026-04-29 15:00:00,85,85,39,,43,15,0,8,,,,,
Jakarta,The Pakubuwono Menteng,2026-04-29 15:35:33,113,113,44,83,,,,,50,32.4,,,
Depok,Cinere - Nafas,2026-04-29 15:35:48,158,158,61,130,,,,,0,0,,,
Bogor,Kabupaten Bogor Leuwiliang,2026-04-29 15:00:00,82,82,44,,4,9,0,80,,,,,
Tangerang,Tangerang Pasir Jaya,2026-04-29 15:00:00,92,92,49,,58,63,0,65,,,,,
Bekasi,Bekasi Kayuringin,2026-04-29 15:00:00,85,85,39,,43,15,0,8,,,,,
Jakarta,The Pakubuwono Menteng,2026-04-29 15:36:33,109,109,41,84,,,,,50,32.4,,,
Depok,Cinere - Nafas,2026-04-29 15:36:47,161,161,63,140,,,,,0,0,,,
Bogor,Kabupaten Bogor Leuwiliang,2026-04-29 15:00:00,82,82,44,,4,9,0,80,,,,,
Tangerang,Tangerang Pasir Jaya,2026-04-29 15:00:00,92,92,49,,58,63,0,65,,,,,
Bekasi,Bekasi Kayuringin,2026-04-29 15:00:00,85,85,39,,43,15,0,8,,,,,
Jakarta,The Pakubuwono Menteng,2026-04-29 15:37:33,104,104,42,80,,,,,50,32.3,,,
Depok,Cinere - Nafas,2026-04-29 15:37:47,158,158,61,135,,,,,0,0,,,
Bogor,Kabupaten Bogor Leuwiliang,2026-04-29 15:00:00,82,82,44,,4,9,0,80,,,,,
Tangerang,Tangerang Pasir Jaya,2026-04-29 15:00:00,92,92,49,,58,63,0,65,,,,,
Bekasi,Bekasi Kayuringin,2026-04-29 15:00:00,85,85,39,,43,15,0,8,,,,,
Jakarta,The Pakubuwono Menteng,2026-04-29 15:40:33,103,103,39,79,,,,,51,32.2,,,
Depok,Cinere - Nafas,2026-04-29 15:40:22,157,157,61,135,,,,,0,0,,,
Bogor,Kabupaten Bogor Leuwiliang,2026-04-29 15:00:00,82,82,44,,4,9,0,80,,,,,
Tangerang,Tangerang Pasir Jaya,2026-04-29 15:00:00,92,92,49,,58,63,0,65,,,,,
Bekasi,Bekasi Kayuringin,2026-04-29 15:00:00,85,85,39,,43,15,0,8,,,,,
Jakarta,The Pakubuwono Menteng,2026-04-29 15:41:33,101,101,38,78,,,,,51,32.2,,,
Depok,Cinere - Nafas,2026-04-29 15:41:22,159,159,62,132,,,,,0,0,,,
Bogor,Kabupaten Bogor Leuwiliang,2026-04-29 15:00:00,82,82,44,,4,9,0,80,,,,,
Tangerang,Tangerang Pasir Jaya,2026-04-29 15:00:00,92,92,49,,58,63,0,65,,,,,
Bekasi,Bekasi Kayuringin,2026-04-29 15:00:00,85,85,39,,43,15,0,8,,,,,
Jakarta,The Pakubuwono Menteng,2026-04-29 15:42:33,101,101,37,80,,,,,51,32.2,,,
Depok,Cinere - Nafas,2026-04-29 15:42:22,157,157,61,131,,,,,0,0,,,
Bogor,Kabupaten Bogor Leuwiliang,2026-04-29 15:00:00,82,82,44,,4,9,0,80,,,,,
Tangerang,Tangerang Pasir Jaya,2026-04-29 15:00:00,92,92,49,,58,63,0,65,,,,,
Bekasi,Bekasi Kayuringin,2026-04-29 15:00:00,85,85,39,,43,15,0,8,,,,,
Jakarta,The Pakubuwono Menteng,2026-04-29 15:43:33,99,99,37,78,,,,,51,32.2,,,
Depok,Cinere - Nafas,2026-04-29 15:43:22,159,159,61,133,,,,,0,0,,,
Bogor,Kabupaten Bogor Leuwiliang,2026-04-29 15:00:00,82,82,44,,4,9,0,80,,,,,
Tangerang,Tangerang Pasir Jaya,2026-04-29 15:00:00,92,92,49,,58,63,0,65,,,,,
Bekasi,Bekasi Kayuringin,2026-04-29 15:00:00,85,85,39,,43,15,0,8,,,,,
Jakarta,The Pakubuwono Menteng,2026-04-29 15:44:33,107,107,41,79,,,,,51,32.2,,,
Depok,Cinere - Nafas,2026-04-29 15:43:22,159,159,61,133,,,,,0,0,,,
Bogor,Kabupaten Bogor Leuwiliang,2026-04-29 15:00:00,82,82,44,,4,9,0,80,,,,,
Tangerang,Tangerang Pasir Jaya,2026-04-29 15:00:00,92,92,49,,58,63,0,65,,,,,
Bekasi,Bekasi Kayuringin,2026-04-29 15:00:00,85,85,39,,43,15,0,8,,,,,
Jakarta,The Pakubuwono Menteng,2026-04-29 15:45:33,105,105,39,79,,,,,51,32.2,,,
Depok,Cinere - Nafas,2026-04-29 15:45:40,162,162,64,144,,,,,0,0,,,
Bogor,Kabupaten Bogor Leuwiliang,2026-04-29 15:00:00,82,82,44,,4,9,0,80,,,,,
Tangerang,Tangerang Pasir Jaya,2026-04-29 15:00:00,92,92,49,,58,63,0,65,,,,,
Bekasi,Bekasi Kayuringin,2026-04-29 15:00:00,85,85,39,,43,15,0,8,,,,,
Jakarta,The Pakubuwono Menteng,2026-04-29 15:46:33,100,100,37,78,,,,,51,32.2,,,
Depok,Cinere - Nafas,2026-04-29 15:46:40,164,164,66,149,,,,,0,0,,,
Bogor,Kabupaten Bogor Leuwiliang,2026-04-29 15:00:00,82,82,44,,4,9,0,80,,,,,
Tangerang,Tangerang Pasir Jaya,2026-04-29 15:00:00,92,92,49,,58,63,0,65,,,,,
Bekasi,Bekasi Kayuringin,2026-04-29 15:00:00,85,85,39,,43,15,0,8,,,,,
Jakarta,The Pakubuwono Menteng,2026-04-29 15:47:33,99,99,37,78,,,,,51,32.2,,,
Depok,Cinere - Nafas,2026-04-29 15:47:40,164,164,66,149,,,,,0,0,,,
Bogor,Kabupaten Bogor Leuwiliang,2026-04-29 15:00:00,82,82,44,,4,9,0,80,,,,,
Tangerang,Tangerang Pasir Jaya,2026-04-29 15:00:00,92,92,49,,58,63,0,65,,,,,
Bekasi,Bekasi Kayuringin,2026-04-29 15:00:00,85,85,39,,43,15,0,8,,,,,
Jakarta,The Pakubuwono Menteng,2026-04-29 15:49:33,101,101,38,79,,,,,51,32.2,,,
Depok,Cinere - Nafas,2026-04-29 15:49:40,167,167,70,151,,,,,0,0,,,
Bogor,Kabupaten Bogor Leuwiliang,2026-04-29 15:00:00,82,82,44,,4,9,0,80,,,,,
Tangerang,Tangerang Pasir Jaya,2026-04-29 15:00:00,92,92,49,,58,63,0,65,,,,,
Bekasi,Bekasi Kayuringin,2026-04-29 15:00:00,85,85,39,,43,15,0,8,,,,,
Jakarta,The Pakubuwono Menteng,2026-04-29 15:51:33,102,102,39,80,,,,,51,32.09,,,
Depok,Cinere - Nafas,2026-04-29 15:51:40,166,166,68,151,,,,,0,0,,,
Bogor,Kabupaten Bogor Leuwiliang,2026-04-29 15:00:00,82,82,44,,4,9,0,80,,,,,
Tangerang,Tangerang Pasir Jaya,2026-04-29 15:00:00,92,92,49,,58,63,0,65,,,,,
Bekasi,Bekasi Kayuringin,2026-04-29 15:00:00,85,85,39,,43,15,0,8,,,,,
Jakarta,The Pakubuwono Menteng,2026-04-29 15:52:33,101,101,37,78,,,,,51,32.09,,,
Depok,Cinere - Nafas,2026-04-29 15:52:40,166,166,69,150,,,,,0,0,,,
Bogor,Kabupaten Bogor Leuwiliang,2026-04-29 15:00:00,82,82,44,,4,9,0,80,,,,,
Tangerang,Tangerang Pasir Jaya,2026-04-29 15:00:00,92,92,49,,58,63,0,65,,,,,
Bekasi,Bekasi Kayuringin,2026-04-29 15:00:00,85,85,39,,43,15,0,8,,,,,
Jakarta,The Pakubuwono Menteng,2026-04-29 15:53:33,103,103,40,76,,,,,51,32.09,,,
Depok,Cinere - Nafas,2026-04-29 15:53:40,166,166,69,150,,,,,0,0,,,
Bogor,Kabupaten Bogor Leuwiliang,2026-04-29 15:00:00,82,82,44,,4,9,0,80,,,,,
Tangerang,Tangerang Pasir Jaya,2026-04-29 15:00:00,92,92,49,,58,63,0,65,,,,,
Bekasi,Bekasi Kayuringin,2026-04-29 15:00:00,85,85,39,,43,15,0,8,,,,,
Jakarta,The Pakubuwono Menteng,2026-04-29 15:54:33,98,98,35,75,,,,,52,32,,,
Depok,Cinere - Nafas,2026-04-29 15:54:40,165,165,68,150,,,,,0,0,,,
Bogor,Kabupaten Bogor Leuwiliang,2026-04-29 15:00:00,82,82,44,,4,9,0,80,,,,,
Tangerang,Tangerang Pasir Jaya,2026-04-29 15:00:00,92,92,49,,58,63,0,65,,,,,
Bekasi,Bekasi Kayuringin,2026-04-29 15:00:00,85,85,39,,43,15,0,8,,,,,
Jakarta,The Pakubuwono Menteng,2026-04-29 15:55:33,101,101,37,77,,,,,52,32,,,
Depok,Cinere - Nafas,2026-04-29 15:55:40,164,164,67,143,,,,,0,0,,,
Bogor,Kabupaten Bogor Leuwiliang,2026-04-29 15:00:00,82,82,44,,4,9,0,80,,,,,
Tangerang,Tangerang Pasir Jaya,2026-04-29 15:00:00,92,92,49,,58,63,0,65,,,,,
Bekasi,Bekasi Kayuringin,2026-04-29 15:00:00,85,85,39,,43,15,0,8,,,,,
Jakarta,The Pakubuwono Menteng,2026-04-29 15:56:33,126,126,51,90,,,,,52,32,,,
Depok,Cinere - Nafas,2026-04-29 15:56:40,164,164,66,146,,,,,0,0,,,
Bogor,Kabupaten Bogor Leuwiliang,2026-04-29 15:00:00,82,82,44,,4,9,0,80,,,,,
Tangerang,Tangerang Pasir Jaya,2026-04-29 15:00:00,92,92,49,,58,63,0,65,,,,,
Bekasi,Bekasi Kayuringin,2026-04-29 15:00:00,85,85,39,,43,15,0,8,,,,,
Jakarta,The Pakubuwono Menteng,2026-04-29 15:58:33,108,108,40,80,,,,,52,32,,,
Depok,Cinere - Nafas,2026-04-29 15:58:40,162,162,65,141,,,,,0,0,,,
Bogor,Kabupaten Bogor Leuwiliang,2026-04-29 15:00:00,82,82,44,,4,9,0,80,,,,,
Tangerang,Tangerang Pasir Jaya,2026-04-29 15:00:00,92,92,49,,58,63,0,65,,,,,
Bekasi,Bekasi Kayuringin,2026-04-29 15:00:00,85,85,39,,43,15,0,8,,,,,
Jakarta,The Pakubuwono Menteng,2026-04-29 15:59:33,108,108,41,80,,,,,52,32,,,
Depok,Cinere - Nafas,2026-04-29 15:59:40,164,164,65,140,,,,,0,0,,,
Bogor,Kabupaten Bogor Leuwiliang,2026-04-29 15:00:00,82,82,44,,4,9,0,80,,,,,
Tangerang,Tangerang Pasir Jaya,2026-04-29 15:00:00,92,92,49,,58,63,0,65,,,,,
Bekasi,Bekasi Kayuringin,2026-04-29 15:00:00,85,85,39,,43,15,0,8,,,,,
Jakarta,The Pakubuwono Menteng,2026-04-29 16:00:33,103,103,41,76,,,,,52,32,,,
Depok,Cinere - Nafas,2026-04-29 16:00:40,163,163,66,145,,,,,0,0,,,
Bogor,Kabupaten Bogor Leuwiliang,2026-04-29 15:00:00,82,82,44,,4,9,0,80,,,,,
Tangerang,Tangerang Pasir Jaya,2026-04-29 15:00:00,92,92,49,,58,63,0,65,,,,,
Bekasi,Bekasi Kayuringin,2026-04-29 15:00:00,85,85,39,,43,15,0,8,,,,,
Jakarta,The Pakubuwono Menteng,2026-04-29 16:01:33,107,107,41,79,,,,,52,32,,,
Depok,Cinere - Nafas,2026-04-29 16:01:41,164,164,66,150,,,,,0,0,,,
Bogor,Kabupaten Bogor Leuwiliang,2026-04-29 15:00:00,82,82,44,,4,9,0,80,,,,,
Tangerang,Tangerang Pasir Jaya,2026-04-29 15:00:00,92,92,49,,58,63,0,65,,,,,
Bekasi,Bekasi Kayuringin,2026-04-29 15:00:00,85,85,39,,43,15,0,8,,,,,
Jakarta,The Pakubuwono Menteng,2026-04-29 16:02:37,115,115,45,83,,,,,52,32,,,
Depok,Cinere - Nafas,2026-04-29 16:02:40,165,165,66,150,,,,,0,0,,,
Bogor,Kabupaten Bogor Leuwiliang,2026-04-29 15:00:00,82,82,44,,4,9,0,80,,,,,
Tangerang,Tangerang Pasir Jaya,2026-04-29 15:00:00,92,92,49,,58,63,0,65,,,,,
Bekasi,Bekasi Kayuringin,2026-04-29 15:00:00,85,85,39,,43,15,0,8,,,,,
Jakarta,The Pakubuwono Menteng,2026-04-29 16:03:33,115,115,45,86,,,,,52,32,,,
Depok,Cinere - Nafas,2026-04-29 16:03:41,162,162,64,142,,,,,0,0,,,
Bogor,Kabupaten Bogor Leuwiliang,2026-04-29 15:00:00,82,82,44,,4,9,0,80,,,,,
Tangerang,Tangerang Pasir Jaya,2026-04-29 15:00:00,92,92,49,,58,63,0,65,,,,,
Bekasi,Bekasi Kayuringin,2026-04-29 15:00:00,85,85,39,,43,15,0,8,,,,,
Jakarta,The Pakubuwono Menteng,2026-04-29 16:05:33,103,103,39,78,,,,,52,32.09,,,
Depok,Cinere - Nafas,2026-04-29 16:05:40,162,162,65,142,,,,,0,0,,,
Bogor,Kabupaten Bogor Leuwiliang,2026-04-29 15:00:00,82,82,44,,4,9,0,80,,,,,
Tangerang,Tangerang Pasir Jaya,2026-04-29 15:00:00,92,92,49,,58,63,0,65,,,,,
Bekasi,Bekasi Kayuringin,2026-04-29 15:00:00,85,85,39,,43,15,0,8,,,,,
Jakarta,The Pakubuwono Menteng,2026-04-29 16:06:33,99,99,37,76,,,,,52,32.09,,,
Depok,Cinere - Nafas,2026-04-29 16:06:40,161,161,63,140,,,,,0,0,,,
Bogor,Kabupaten Bogor Leuwiliang,2026-04-29 15:00:00,82,82,44,,4,9,0,80,,,,,
Tangerang,Tangerang Pasir Jaya,2026-04-29 15:00:00,92,92,49,,58,63,0,65,,,,,
Bekasi,Bekasi Kayuringin,2026-04-29 15:00:00,85,85,39,,43,15,0,8,,,,,
Jakarta,The Pakubuwono Menteng,2026-04-29 16:07:33,102,102,41,79,,,,,52,32.2,,,
Depok,Cinere - Nafas,2026-04-29 16:07:40,160,160,62,135,,,,,0,0,,,
Bogor,Kabupaten Bogor Leuwiliang,2026-04-29 15:00:00,82,82,44,,4,9,0,80,,,,,
Tangerang,Tangerang Pasir Jaya,2026-04-29 15:00:00,92,92,49,,58,63,0,65,,,,,
Bekasi,Bekasi Kayuringin,2026-04-29 15:00:00,85,85,39,,43,15,0,8,,,,,
Jakarta,The Pakubuwono Menteng,2026-04-29 16:08:34,117,117,47,84,,,,,52,32.2,,,
Depok,Cinere - Nafas,2026-04-29 16:08:40,161,161,63,137,,,,,0,0,,,
Bogor,Kabupaten Bogor Leuwiliang,2026-04-29 16:00:00,82,82,44,,4,9,0,80,,,,,
Tangerang,Tangerang Pasir Jaya,2026-04-29 16:00:00,104,104,52,,58,63,0,65,,,,,
Bekasi,Bekasi Kayuringin,2026-04-29 16:00:00,84,84,39,,42,15,0,8,,,,,
Jakarta,The Pakubuwono Menteng,2026-04-29 16:09:33,116,116,45,84,,,,,52,32.2,,,
Depok,Cinere - Nafas,2026-04-29 16:09:40,170,170,72,154,,,,,0,0,,,
Bogor,Kabupaten Bogor Leuwiliang,2026-04-29 16:00:00,82,82,44,,4,9,0,80,,,,,
Tangerang,Tangerang Pasir Jaya,2026-04-29 16:00:00,104,104,52,,58,63,0,65,,,,,
Bekasi,Bekasi Kayuringin,2026-04-29 16:00:00,84,84,39,,42,15,0,8,,,,,
Jakarta,The Pakubuwono Menteng,2026-04-29 16:10:33,105,105,40,78,,,,,52,32.2,,,
Depok,Cinere - Nafas,2026-04-29 16:10:40,167,167,69,152,,,,,0,0,,,
Bogor,Kabupaten Bogor Leuwiliang,2026-04-29 16:00:00,82,82,44,,4,9,0,80,,,,,
Tangerang,Tangerang Pasir Jaya,2026-04-29 16:00:00,104,104,52,,58,63,0,65,,,,,
Bekasi,Bekasi Kayuringin,2026-04-29 16:00:00,84,84,39,,42,15,0,8,,,,,
Jakarta,The Pakubuwono Menteng,2026-04-29 16:12:33,98,98,37,77,,,,,52,32.2,,,
Depok,Cinere - Nafas,2026-04-29 16:12:40,165,165,67,150,,,,,0,0,,,
Bogor,Kabupaten Bogor Leuwiliang,2026-04-29 16:00:00,82,82,44,,4,9,0,80,,,,,
Tangerang,Tangerang Pasir Jaya,2026-04-29 16:00:00,104,104,52,,58,63,0,65,,,,,
Bekasi,Bekasi Kayuringin,2026-04-29 16:00:00,84,84,39,,42,15,0,8,,,,,
Jakarta,The Pakubuwono Menteng,2026-04-29 16:13:34,108,108,42,80,,,,,52,32.2,,,
Depok,Cinere - Nafas,2026-04-29 16:13:40,166,166,68,150,,,,,0,0,,,
Bogor,Kabupaten Bogor Leuwiliang,2026-04-29 16:00:00,82,82,44,,4,9,0,80,,,,,
Tangerang,Tangerang Pasir Jaya,2026-04-29 16:00:00,104,104,52,,58,63,0,65,,,,,
Bekasi,Bekasi Kayuringin,2026-04-29 16:00:00,84,84,39,,42,15,0,8,,,,,
Jakarta,The Pakubuwono Menteng,2026-04-29 16:14:33,113,113,44,83,,,,,52,32.2,,,
Depok,Cinere - Nafas,2026-04-29 16:14:40,165,165,68,148,,,,,0,0,,,
Bogor,Kabupaten Bogor Leuwiliang,2026-04-29 16:00:00,82,82,44,,4,9,0,80,,,,,
Tangerang,Tangerang Pasir Jaya,2026-04-29 16:00:00,104,104,52,,58,63,0,65,,,,,
Bekasi,Bekasi Kayuringin,2026-04-29 16:00:00,84,84,39,,42,15,0,8,,,,,
Jakarta,The Pakubuwono Menteng,2026-04-29 16:15:34,114,114,44,84,,,,,52,32.2,,,
Depok,Cinere - Nafas,2026-04-29 16:16:57,163,163,66,150,,,,,0,0,,,
Bogor,Kabupaten Bogor Leuwiliang,2026-04-29 16:00:00,82,82,44,,4,9,0,80,,,,,
Tangerang,Tangerang Pasir Jaya,2026-04-29 16:00:00,104,104,52,,58,63,0,65,,,,,
Bekasi,Bekasi Kayuringin,2026-04-29 16:00:00,84,84,39,,42,15,0,8,,,,,
Jakarta,The Pakubuwono Menteng,2026-04-29 16:17:33,126,126,51,90,,,,,52,32.2,,,
Depok,Cinere - Nafas,2026-04-29 16:17:57,167,167,68,152,,,,,0,0,,,
Bogor,Kabupaten Bogor Leuwiliang,2026-04-29 16:00:00,82,82,44,,4,9,0,80,,,,,
Tangerang,Tangerang Pasir Jaya,2026-04-29 16:00:00,104,104,52,,58,63,0,65,,,,,
Bekasi,Bekasi Kayuringin,2026-04-29 16:00:00,84,84,39,,42,15,0,8,,,,,
Jakarta,The Pakubuwono Menteng,2026-04-29 16:19:34,110,110,42,83,,,,,52,32.2,,,
Depok,Cinere - Nafas,2026-04-29 16:19:58,166,166,68,149,,,,,0,0,,,
Bogor,Kabupaten Bogor Leuwiliang,2026-04-29 16:00:00,82,82,44,,4,9,0,80,,,,,
Tangerang,Tangerang Pasir Jaya,2026-04-29 16:00:00,104,104,52,,58,63,0,65,,,,,
Bekasi,Bekasi Kayuringin,2026-04-29 16:00:00,84,84,39,,42,15,0,8,,,,,
Jakarta,The Pakubuwono Menteng,2026-04-29 16:20:34,109,109,43,82,,,,,52,32.2,,,
Depok,Cinere - Nafas,2026-04-29 16:20:57,164,164,67,145,,,,,0,0,,,
Bogor,Kabupaten Bogor Leuwiliang,2026-04-29 16:00:00,82,82,44,,4,9,0,80,,,,,
Tangerang,Tangerang Pasir Jaya,2026-04-29 16:00:00,104,104,52,,58,63,0,65,,,,,
Bekasi,Bekasi Kayuringin,2026-04-29 16:00:00,84,84,39,,42,15,0,8,,,,,
Jakarta,The Pakubuwono Menteng,2026-04-29 16:20:34,109,109,43,82,,,,,52,32.2,,,
Depok,Cinere - Nafas,2026-04-29 16:20:57,164,164,67,145,,,,,0,0,,,
Bogor,Kabupaten Bogor Leuwiliang,2026-04-29 16:00:00,82,82,44,,4,9,0,80,,,,,
Tangerang,Tangerang Pasir Jaya,2026-04-29 16:00:00,104,104,52,,58,63,0,65,,,,,
Bekasi,Bekasi Kayuringin,2026-04-29 16:00:00,84,84,39,,42,15,0,8,,,,,
Jakarta,The Pakubuwono Menteng,2026-04-29 16:21:34,106,106,40,79,,,,,52,32.2,,,
Depok,Cinere - Nafas,2026-04-29 16:21:58,163,163,66,146,,,,,0,0,,,
Bogor,Kabupaten Bogor Leuwiliang,2026-04-29 16:00:00,82,82,44,,4,9,0,80,,,,,
Tangerang,Tangerang Pasir Jaya,2026-04-29 16:00:00,104,104,52,,58,63,0,65,,,,,
Bekasi,Bekasi Kayuringin,2026-04-29 16:00:00,84,84,39,,42,15,0,8,,,,,
Jakarta,The Pakubuwono Menteng,2026-04-29 16:22:34,101,101,36,77,,,,,52,32.2,,,
Depok,Cinere - Nafas,2026-04-29 16:22:58,160,160,62,138,,,,,0,0,,,
Bogor,Kabupaten Bogor Leuwiliang,2026-04-29 16:00:00,82,82,44,,4,9,0,80,,,,,
Tangerang,Tangerang Pasir Jaya,2026-04-29 16:00:00,104,104,52,,58,63,0,65,,,,,
Bekasi,Bekasi Kayuringin,2026-04-29 16:00:00,84,84,39,,42,15,0,8,,,,,
Jakarta,The Pakubuwono Menteng,2026-04-29 16:23:34,100,100,37,76,,,,,52,32.09,,,
Depok,Cinere - Nafas,2026-04-29 16:23:58,161,161,62,135,,,,,0,0,,,
Bogor,Kabupaten Bogor Leuwiliang,2026-04-29 16:00:00,82,82,44,,4,9,0,80,,,,,
Tangerang,Tangerang Pasir Jaya,2026-04-29 16:00:00,104,104,52,,58,63,0,65,,,,,
Bekasi,Bekasi Kayuringin,2026-04-29 16:00:00,84,84,39,,42,15,0,8,,,,,
Jakarta,The Pakubuwono Menteng,2026-04-29 16:24:34,100,100,36,77,,,,,52,32.09,,,
Depok,Cinere - Nafas,2026-04-29 16:26:58,161,161,62,135,,,,,0,0,,,
Bogor,Kabupaten Bogor Leuwiliang,2026-04-29 16:00:00,82,82,44,,4,9,0,80,,,,,
Tangerang,Tangerang Pasir Jaya,2026-04-29 16:00:00,104,104,52,,58,63,0,65,,,,,
Bekasi,Bekasi Kayuringin,2026-04-29 16:00:00,84,84,39,,42,15,0,8,,,,,
Jakarta,The Pakubuwono Menteng,2026-04-29 16:27:34,93,93,31,74,,,,,52,32.09,,,
Depok,Cinere - Nafas,2026-04-29 16:27:58,161,161,64,141,,,,,0,0,,,
Bogor,Kabupaten Bogor Leuwiliang,2026-04-29 16:00:00,82,82,44,,4,9,0,80,,,,,
Tangerang,Tangerang Pasir Jaya,2026-04-29 16:00:00,104,104,52,,58,63,0,65,,,,,
Bekasi,Bekasi Kayuringin,2026-04-29 16:00:00,84,84,39,,42,15,0,8,,,,,
Jakarta,The Pakubuwono Menteng,2026-04-29 16:28:34,96,96,34,73,,,,,52,32.09,,,
Depok,Cinere - Nafas,2026-04-29 16:28:58,163,163,64,139,,,,,0,0,,,
Bogor,Kabupaten Bogor Leuwiliang,2026-04-29 16:00:00,82,82,44,,4,9,0,80,,,,,
Tangerang,Tangerang Pasir Jaya,2026-04-29 16:00:00,104,104,52,,58,63,0,65,,,,,
Bekasi,Bekasi Kayuringin,2026-04-29 16:00:00,84,84,39,,42,15,0,8,,,,,
Jakarta,The Pakubuwono Menteng,2026-04-29 16:29:34,98,98,35,75,,,,,52,32.09,,,
Depok,Cinere - Nafas,2026-04-29 16:29:58,164,164,66,146,,,,,0,0,,,
Bogor,Kabupaten Bogor Leuwiliang,2026-04-29 16:00:00,82,82,44,,4,9,0,80,,,,,
Tangerang,Tangerang Pasir Jaya,2026-04-29 16:00:00,104,104,52,,58,63,0,65,,,,,
Bekasi,Bekasi Kayuringin,2026-04-29 16:00:00,84,84,39,,42,15,0,8,,,,,
Jakarta,The Pakubuwono Menteng,2026-04-29 16:30:37,101,101,38,77,,,,,52,32.09,,,
Depok,Cinere - Nafas,2026-04-29 16:30:58,163,163,67,146,,,,,0,0,,,
Bogor,Kabupaten Bogor Leuwiliang,2026-04-29 16:00:00,82,82,44,,4,9,0,80,,,,,
Tangerang,Tangerang Pasir Jaya,2026-04-29 16:00:00,104,104,52,,58,63,0,65,,,,,
Bekasi,Bekasi Kayuringin,2026-04-29 16:00:00,84,84,39,,42,15,0,8,,,,,
Jakarta,The Pakubuwono Menteng,2026-04-29 16:31:34,96,96,35,74,,,,,52,32.09,,,
Depok,Cinere - Nafas,2026-04-29 16:31:58,165,165,69,149,,,,,0,0,,,
Bogor,Kabupaten Bogor Leuwiliang,2026-04-29 16:00:00,82,82,44,,4,9,0,80,,,,,
Tangerang,Tangerang Pasir Jaya,2026-04-29 16:00:00,104,104,52,,58,63,0,65,,,,,
Bekasi,Bekasi Kayuringin,2026-04-29 16:00:00,84,84,39,,42,15,0,8,,,,,
Jakarta,The Pakubuwono Menteng,2026-04-29 16:33:34,94,94,34,73,,,,,52,32.09,,,
Depok,Cinere - Nafas,2026-04-29 16:33:58,165,165,68,148,,,,,0,0,,,
Bogor,Kabupaten Bogor Leuwiliang,2026-04-29 16:00:00,82,82,44,,4,9,0,80,,,,,
Tangerang,Tangerang Pasir Jaya,2026-04-29 16:00:00,104,104,52,,58,63,0,65,,,,,
Bekasi,Bekasi Kayuringin,2026-04-29 16:00:00,84,84,39,,42,15,0,8,,,,,
Jakarta,The Pakubuwono Menteng,2026-04-29 16:33:34,94,94,34,73,,,,,52,32.09,,,
Depok,Cinere - Nafas,2026-04-29 16:33:58,165,165,68,148,,,,,0,0,,,
Bogor,Kabupaten Bogor Leuwiliang,2026-04-29 16:00:00,82,82,44,,4,9,0,80,,,,,
Tangerang,Tangerang Pasir Jaya,2026-04-29 16:00:00,104,104,52,,58,63,0,65,,,,,
Bekasi,Bekasi Kayuringin,2026-04-29 16:00:00,84,84,39,,42,15,0,8,,,,,
Jakarta,The Pakubuwono Menteng,2026-04-29 16:34:34,98,98,35,74,,,,,52,32.2,,,
Depok,Cinere - Nafas,2026-04-29 16:34:58,165,165,68,150,,,,,0,0,,,
Bogor,Kabupaten Bogor Leuwiliang,2026-04-29 16:00:00,82,82,44,,4,9,0,80,,,,,
Tangerang,Tangerang Pasir Jaya,2026-04-29 16:00:00,104,104,52,,58,63,0,65,,,,,
Bekasi,Bekasi Kayuringin,2026-04-29 16:00:00,84,84,39,,42,15,0,8,,,,,
Jakarta,The Pakubuwono Menteng,2026-04-29 16:36:34,100,100,38,78,,,,,52,32.2,,,
Depok,Cinere - Nafas,2026-04-29 16:36:19,164,164,68,150,,,,,0,0,,,
Bogor,Kabupaten Bogor Leuwiliang,2026-04-29 16:00:00,82,82,44,,4,9,0,80,,,,,
Tangerang,Tangerang Pasir Jaya,2026-04-29 16:00:00,104,104,52,,58,63,0,65,,,,,
Bekasi,Bekasi Kayuringin,2026-04-29 16:00:00,84,84,39,,42,15,0,8,,,,,
Jakarta,The Pakubuwono Menteng,2026-04-29 16:37:34,99,99,35,76,,,,,52,32.09,,,
Depok,Cinere - Nafas,2026-04-29 16:37:19,162,162,64,141,,,,,0,0,,,
Bogor,Kabupaten Bogor Leuwiliang,2026-04-29 16:00:00,82,82,44,,4,9,0,80,,,,,
Tangerang,Tangerang Pasir Jaya,2026-04-29 16:00:00,104,104,52,,58,63,0,65,,,,,
Bekasi,Bekasi Kayuringin,2026-04-29 16:00:00,84,84,39,,42,15,0,8,,,,,
Jakarta,The Pakubuwono Menteng,2026-04-29 16:39:34,95,95,33,76,,,,,52,32.09,,,
Depok,Cinere - Nafas,2026-04-29 16:39:19,160,160,62,135,,,,,0,0,,,
Bogor,Kabupaten Bogor Leuwiliang,2026-04-29 16:00:00,82,82,44,,4,9,0,80,,,,,
Tangerang,Tangerang Pasir Jaya,2026-04-29 16:00:00,104,104,52,,58,63,0,65,,,,,
Bekasi,Bekasi Kayuringin,2026-04-29 16:00:00,84,84,39,,42,15,0,8,,,,,
Jakarta,The Pakubuwono Menteng,2026-04-29 16:40:34,101,101,38,77,,,,,52,32.09,,,
Depok,Cinere - Nafas,2026-04-29 16:40:20,159,159,62,136,,,,,0,0,,,
Bogor,Kabupaten Bogor Leuwiliang,2026-04-29 16:00:00,82,82,44,,4,9,0,80,,,,,
Tangerang,Tangerang Pasir Jaya,2026-04-29 16:00:00,104,104,52,,58,63,0,65,,,,,
Bekasi,Bekasi Kayuringin,2026-04-29 16:00:00,84,84,39,,42,15,0,8,,,,,
Jakarta,The Pakubuwono Menteng,2026-04-29 16:41:34,101,101,38,76,,,,,52,32.09,,,
Depok,Cinere - Nafas,2026-04-29 16:41:20,160,160,62,134,,,,,0,0,,,
Bogor,Kabupaten Bogor Leuwiliang,2026-04-29 16:00:00,82,82,44,,4,9,0,80,,,,,
Tangerang,Tangerang Pasir Jaya,2026-04-29 16:00:00,104,104,52,,58,63,0,65,,,,,
Bekasi,Bekasi Kayuringin,2026-04-29 16:00:00,84,84,39,,42,15,0,8,,,,,
Jakarta,The Pakubuwono Menteng,2026-04-29 16:42:34,106,106,39,79,,,,,52,32,,,
Depok,Cinere - Nafas,2026-04-29 16:41:20,160,160,62,134,,,,,0,0,,,
Bogor,Kabupaten Bogor Leuwiliang,2026-04-29 16:00:00,82,82,44,,4,9,0,80,,,,,
Tangerang,Tangerang Pasir Jaya,2026-04-29 16:00:00,104,104,52,,58,63,0,65,,,,,
Bekasi,Bekasi Kayuringin,2026-04-29 16:00:00,84,84,39,,42,15,0,8,,,,,
Jakarta,The Pakubuwono Menteng,2026-04-29 16:43:34,100,100,37,77,,,,,52,32,,,
Depok,Cinere - Nafas,2026-04-29 16:44:03,163,163,66,148,,,,,0,0,,,
Bogor,Kabupaten Bogor Leuwiliang,2026-04-29 16:00:00,82,82,44,,4,9,0,80,,,,,
Tangerang,Tangerang Pasir Jaya,2026-04-29 16:00:00,104,104,52,,58,63,0,65,,,,,
Bekasi,Bekasi Kayuringin,2026-04-29 16:00:00,84,84,39,,42,15,0,8,,,,,
Jakarta,The Pakubuwono Menteng,2026-04-29 16:43:34,100,100,37,77,,,,,52,32,,,
Depok,Cinere - Nafas,2026-04-29 16:44:03,163,163,66,148,,,,,0,0,,,
Bogor,Kabupaten Bogor Leuwiliang,2026-04-29 16:00:00,82,82,44,,4,9,0,80,,,,,
Tangerang,Tangerang Pasir Jaya,2026-04-29 16:00:00,104,104,52,,58,63,0,65,,,,,
Bekasi,Bekasi Kayuringin,2026-04-29 16:00:00,84,84,39,,42,15,0,8,,,,,
Jakarta,The Pakubuwono Menteng,2026-04-29 16:46:34,98,98,38,74,,,,,52,32,,,
Depok,Cinere - Nafas,2026-04-29 16:47:03,171,171,74,152,,,,,0,0,,,
Bogor,Kabupaten Bogor Leuwiliang,2026-04-29 16:00:00,82,82,44,,4,9,0,80,,,,,
Tangerang,Tangerang Pasir Jaya,2026-04-29 16:00:00,104,104,52,,58,63,0,65,,,,,
Bekasi,Bekasi Kayuringin,2026-04-29 16:00:00,84,84,39,,42,15,0,8,,,,,
Jakarta,The Pakubuwono Menteng,2026-04-29 16:47:34,101,101,39,77,,,,,52,32,,,
Depok,Cinere - Nafas,2026-04-29 16:48:03,165,165,66,147,,,,,0,0,,,
Bogor,Kabupaten Bogor Leuwiliang,2026-04-29 16:00:00,82,82,44,,4,9,0,80,,,,,
Tangerang,Tangerang Pasir Jaya,2026-04-29 16:00:00,104,104,52,,58,63,0,65,,,,,
Bekasi,Bekasi Kayuringin,2026-04-29 16:00:00,84,84,39,,42,15,0,8,,,,,
Jakarta,The Pakubuwono Menteng,2026-04-29 16:48:34,97,97,35,74,,,,,52,32,,,
Depok,Cinere - Nafas,2026-04-29 16:49:03,161,161,62,136,,,,,0,0,,,
Bogor,Kabupaten Bogor Leuwiliang,2026-04-29 16:00:00,82,82,44,,4,9,0,80,,,,,
Tangerang,Tangerang Pasir Jaya,2026-04-29 16:00:00,104,104,52,,58,63,0,65,,,,,
Bekasi,Bekasi Kayuringin,2026-04-29 16:00:00,84,84,39,,42,15,0,8,,,,,
Jakarta,The Pakubuwono Menteng,2026-04-29 16:49:34,96,96,36,76,,,,,52,32,,,
Depok,Cinere - Nafas,2026-04-29 16:50:03,160,160,62,141,,,,,0,0,,,
Bogor,Kabupaten Bogor Leuwiliang,2026-04-29 16:00:00,82,82,44,,4,9,0,80,,,,,
Tangerang,Tangerang Pasir Jaya,2026-04-29 16:00:00,104,104,52,,58,63,0,65,,,,,
Bekasi,Bekasi Kayuringin,2026-04-29 16:00:00,84,84,39,,42,15,0,8,,,,,
Jakarta,The Pakubuwono Menteng,2026-04-29 16:50:34,99,99,36,75,,,,,52,32,,,
Depok,Cinere - Nafas,2026-04-29 16:51:03,159,159,61,133,,,,,0,0,,,
Bogor,Kabupaten Bogor Leuwiliang,2026-04-29 16:00:00,82,82,44,,4,9,0,80,,,,,
Tangerang,Tangerang Pasir Jaya,2026-04-29 16:00:00,104,104,52,,58,63,0,65,,,,,
Bekasi,Bekasi Kayuringin,2026-04-29 16:00:00,84,84,39,,42,15,0,8,,,,,
Jakarta,The Pakubuwono Menteng,2026-04-29 16:52:34,100,100,38,76,,,,,52,32,,,
Depok,Cinere - Nafas,2026-04-29 16:53:03,158,158,61,130,,,,,0,0,,,
Bogor,Kabupaten Bogor Leuwiliang,2026-04-29 16:00:00,82,82,44,,4,9,0,80,,,,,
Tangerang,Tangerang Pasir Jaya,2026-04-29 16:00:00,104,104,52,,58,63,0,65,,,,,
Bekasi,Bekasi Kayuringin,2026-04-29 16:00:00,84,84,39,,42,15,0,8,,,,,
Jakarta,The Pakubuwono Menteng,2026-04-29 16:53:34,97,97,35,74,,,,,52,32,,,
Depok,Cinere - Nafas,2026-04-29 16:54:03,155,155,59,119,,,,,0,0,,,
Bogor,Kabupaten Bogor Leuwiliang,2026-04-29 16:00:00,82,82,44,,4,9,0,80,,,,,
Tangerang,Tangerang Pasir Jaya,2026-04-29 16:00:00,104,104,52,,58,63,0,65,,,,,
Bekasi,Bekasi Kayuringin,2026-04-29 16:00:00,84,84,39,,42,15,0,8,,,,,
Jakarta,The Pakubuwono Menteng,2026-04-29 16:55:34,101,101,38,75,,,,,52,32,,,
Depok,Cinere - Nafas,2026-04-29 16:56:03,156,156,61,121,,,,,0,0,,,
Bogor,Kabupaten Bogor Leuwiliang,2026-04-29 16:00:00,82,82,44,,4,9,0,80,,,,,
Tangerang,Tangerang Pasir Jaya,2026-04-29 16:00:00,104,104,52,,58,63,0,65,,,,,
Bekasi,Bekasi Kayuringin,2026-04-29 16:00:00,84,84,39,,42,15,0,8,,,,,
Jakarta,The Pakubuwono Menteng,2026-04-29 16:56:34,97,97,35,74,,,,,52,32,,,
Depok,Cinere - Nafas,2026-04-29 16:56:03,156,156,61,121,,,,,0,0,,,
Bogor,Kabupaten Bogor Leuwiliang,2026-04-29 16:00:00,82,82,44,,4,9,0,80,,,,,
Tangerang,Tangerang Pasir Jaya,2026-04-29 16:00:00,104,104,52,,58,63,0,65,,,,,
Bekasi,Bekasi Kayuringin,2026-04-29 16:00:00,84,84,39,,42,15,0,8,,,,,
Jakarta,The Pakubuwono Menteng,2026-04-29 16:56:34,97,97,35,74,,,,,52,32,,,
Depok,Cinere - Nafas,2026-04-29 16:56:03,156,156,61,121,,,,,0,0,,,
Bogor,Kabupaten Bogor Leuwiliang,2026-04-29 16:00:00,82,82,44,,4,9,0,80,,,,,
Tangerang,Tangerang Pasir Jaya,2026-04-29 16:00:00,104,104,52,,58,63,0,65,,,,,
Bekasi,Bekasi Kayuringin,2026-04-29 16:00:00,84,84,39,,42,15,0,8,,,,,
Jakarta,The Pakubuwono Menteng,2026-04-29 16:57:34,99,99,36,78,,,,,52,31.9,,,
Depok,Cinere - Nafas,2026-04-29 16:57:27,158,158,62,130,,,,,0,0,,,
Bogor,Kabupaten Bogor Leuwiliang,2026-04-29 16:00:00,82,82,44,,4,9,0,80,,,,,
Tangerang,Tangerang Pasir Jaya,2026-04-29 16:00:00,104,104,52,,58,63,0,65,,,,,
Bekasi,Bekasi Kayuringin,2026-04-29 16:00:00,84,84,39,,42,15,0,8,,,,,
Jakarta,The Pakubuwono Menteng,2026-04-29 16:59:34,100,100,37,77,,,,,52,31.9,,,
Depok,Cinere - Nafas,2026-04-29 16:58:27,158,158,61,130,,,,,0,0,,,
Bogor,Kabupaten Bogor Leuwiliang,2026-04-29 16:00:00,82,82,44,,4,9,0,80,,,,,
Tangerang,Tangerang Pasir Jaya,2026-04-29 16:00:00,104,104,52,,58,63,0,65,,,,,
Bekasi,Bekasi Kayuringin,2026-04-29 16:00:00,84,84,39,,42,15,0,8,,,,,
Jakarta,The Pakubuwono Menteng,2026-04-29 17:00:35,99,99,39,77,,,,,52,31.9,,,
Depok,Cinere - Nafas,2026-04-29 17:00:49,155,155,60,118,,,,,0,0,,,
Bogor,Kabupaten Bogor Leuwiliang,2026-04-29 16:00:00,82,82,44,,4,9,0,80,,,,,
Tangerang,Tangerang Pasir Jaya,2026-04-29 16:00:00,104,104,52,,58,63,0,65,,,,,
Bekasi,Bekasi Kayuringin,2026-04-29 16:00:00,84,84,39,,42,15,0,8,,,,,
Jakarta,The Pakubuwono Menteng,2026-04-29 17:01:34,105,105,41,79,,,,,52,31.9,,,
Depok,Cinere - Nafas,2026-04-29 17:01:50,155,155,60,115,,,,,0,0,,,
Bogor,Kabupaten Bogor Leuwiliang,2026-04-29 16:00:00,82,82,44,,4,9,0,80,,,,,
Tangerang,Tangerang Pasir Jaya,2026-04-29 16:00:00,104,104,52,,58,63,0,65,,,,,
Bekasi,Bekasi Kayuringin,2026-04-29 16:00:00,84,84,39,,42,15,0,8,,,,,
Jakarta,The Pakubuwono Menteng,2026-04-29 17:02:34,105,105,39,79,,,,,52,31.9,,,
Depok,Cinere - Nafas,2026-04-29 17:02:49,153,153,59,115,,,,,0,0,,,
Bogor,Kabupaten Bogor Leuwiliang,2026-04-29 16:00:00,82,82,44,,4,9,0,80,,,,,
Tangerang,Tangerang Pasir Jaya,2026-04-29 16:00:00,104,104,52,,58,63,0,65,,,,,
Bekasi,Bekasi Kayuringin,2026-04-29 16:00:00,84,84,39,,42,15,0,8,,,,,
Jakarta,The Pakubuwono Menteng,2026-04-29 17:04:35,105,105,39,78,,,,,53,31.9,,,
Depok,Cinere - Nafas,2026-04-29 17:04:49,154,154,60,115,,,,,0,0,,,
Bogor,Kabupaten Bogor Leuwiliang,2026-04-29 16:00:00,82,82,44,,4,9,0,80,,,,,
Tangerang,Tangerang Pasir Jaya,2026-04-29 16:00:00,104,104,52,,58,63,0,65,,,,,
Bekasi,Bekasi Kayuringin,2026-04-29 16:00:00,84,84,39,,42,15,0,8,,,,,
Jakarta,The Pakubuwono Menteng,2026-04-29 17:06:35,106,106,39,79,,,,,53,31.9,,,
Depok,Cinere - Nafas,2026-04-29 17:06:49,155,155,60,120,,,,,0,0,,,
Bogor,Kabupaten Bogor Leuwiliang,2026-04-29 16:00:00,82,82,44,,4,9,0,80,,,,,
Tangerang,Tangerang Pasir Jaya,2026-04-29 16:00:00,104,104,52,,58,63,0,65,,,,,
Bekasi,Bekasi Kayuringin,2026-04-29 16:00:00,84,84,39,,42,15,0,8,,,,,
Jakarta,The Pakubuwono Menteng,2026-04-29 17:07:35,106,106,41,81,,,,,53,31.8,,,
Depok,Cinere - Nafas,2026-04-29 17:07:50,155,155,59,120,,,,,0,0,,,
Bogor,Kabupaten Bogor Leuwiliang,2026-04-29 16:00:00,82,82,44,,4,9,0,80,,,,,
Tangerang,Tangerang Pasir Jaya,2026-04-29 16:00:00,104,104,52,,58,63,0,65,,,,,
Bekasi,Bekasi Kayuringin,2026-04-29 16:00:00,84,84,39,,42,15,0,8,,,,,
Jakarta,The Pakubuwono Menteng,2026-04-29 17:07:35,106,106,41,81,,,,,53,31.8,,,
Depok,Cinere - Nafas,2026-04-29 17:07:50,155,155,59,120,,,,,0,0,,,
Bogor,Kabupaten Bogor Leuwiliang,2026-04-29 16:00:00,82,82,44,,4,9,0,80,,,,,
Tangerang,Tangerang Pasir Jaya,2026-04-29 16:00:00,104,104,52,,58,63,0,65,,,,,
Bekasi,Bekasi Kayuringin,2026-04-29 16:00:00,84,84,39,,42,15,0,8,,,,,
Jakarta,The Pakubuwono Menteng,2026-04-29 17:08:35,108,108,41,79,,,,,53,31.8,,,
Depok,Cinere - Nafas,2026-04-29 17:07:50,155,155,59,120,,,,,0,0,,,
Bogor,Kabupaten Bogor Leuwiliang,2026-04-29 17:00:00,80,80,43,,4,9,0,80,,,,,
Tangerang,Tangerang Pasir Jaya,2026-04-29 17:00:00,106,106,52,,58,63,0,65,,,,,
Bekasi,Bekasi Kayuringin,2026-04-29 17:00:00,85,85,39,,43,15,0,7,,,,,
Jakarta,The Pakubuwono Menteng,2026-04-29 17:09:35,105,105,40,78,,,,,53,31.8,,,
Depok,Cinere - Nafas,2026-04-29 17:09:20,157,157,61,125,,,,,0,0,,,
Bogor,Kabupaten Bogor Leuwiliang,2026-04-29 17:00:00,80,80,43,,4,9,0,80,,,,,
Tangerang,Tangerang Pasir Jaya,2026-04-29 17:00:00,106,106,52,,58,63,0,65,,,,,
Bekasi,Bekasi Kayuringin,2026-04-29 17:00:00,85,85,39,,43,15,0,7,,,,,
Jakarta,The Pakubuwono Menteng,2026-04-29 17:10:35,103,103,40,79,,,,,53,31.8,,,
Depok,Cinere - Nafas,2026-04-29 17:10:20,156,156,60,121,,,,,0,0,,,
Bogor,Kabupaten Bogor Leuwiliang,2026-04-29 17:00:00,80,80,43,,4,9,0,80,,,,,
Tangerang,Tangerang Pasir Jaya,2026-04-29 17:00:00,106,106,52,,58,63,0,65,,,,,
Bekasi,Bekasi Kayuringin,2026-04-29 17:00:00,85,85,39,,43,15,0,7,,,,,
Jakarta,The Pakubuwono Menteng,2026-04-29 17:12:35,101,101,38,76,,,,,53,31.8,,,
Depok,Cinere - Nafas,2026-04-29 17:12:20,158,158,61,127,,,,,0,0,,,
Bogor,Kabupaten Bogor Leuwiliang,2026-04-29 17:00:00,80,80,43,,4,9,0,80,,,,,
Tangerang,Tangerang Pasir Jaya,2026-04-29 17:00:00,106,106,52,,58,63,0,65,,,,,
Bekasi,Bekasi Kayuringin,2026-04-29 17:00:00,85,85,39,,43,15,0,7,,,,,
Jakarta,The Pakubuwono Menteng,2026-04-29 17:14:35,106,106,40,81,,,,,53,31.9,,,
Depok,Cinere - Nafas,2026-04-29 17:14:20,162,162,64,140,,,,,0,0,,,
Bogor,Kabupaten Bogor Leuwiliang,2026-04-29 17:00:00,80,80,43,,4,9,0,80,,,,,
Tangerang,Tangerang Pasir Jaya,2026-04-29 17:00:00,106,106,52,,58,63,0,65,,,,,
Bekasi,Bekasi Kayuringin,2026-04-29 17:00:00,85,85,39,,43,15,0,7,,,,,
Jakarta,The Pakubuwono Menteng,2026-04-29 17:15:35,108,108,41,84,,,,,53,31.9,,,
Depok,Cinere - Nafas,2026-04-29 17:15:21,163,163,66,141,,,,,0,0,,,
Bogor,Kabupaten Bogor Leuwiliang,2026-04-29 17:00:00,80,80,43,,4,9,0,80,,,,,
Tangerang,Tangerang Pasir Jaya,2026-04-29 17:00:00,106,106,52,,58,63,0,65,,,,,
Bekasi,Bekasi Kayuringin,2026-04-29 17:00:00,85,85,39,,43,15,0,7,,,,,
Jakarta,The Pakubuwono Menteng,2026-04-29 17:16:35,102,102,39,78,,,,,53,31.9,,,
Depok,Cinere - Nafas,2026-04-29 17:16:20,159,159,62,133,,,,,0,0,,,
Bogor,Kabupaten Bogor Leuwiliang,2026-04-29 17:00:00,80,80,43,,4,9,0,80,,,,,
Tangerang,Tangerang Pasir Jaya,2026-04-29 17:00:00,106,106,52,,58,63,0,65,,,,,
Bekasi,Bekasi Kayuringin,2026-04-29 17:00:00,85,85,39,,43,15,0,7,,,,,
Jakarta,The Pakubuwono Menteng,2026-04-29 17:17:35,100,100,36,78,,,,,53,31.9,,,
Depok,Cinere - Nafas,2026-04-29 17:17:20,159,159,62,130,,,,,0,0,,,
Bogor,Kabupaten Bogor Leuwiliang,2026-04-29 17:00:00,80,80,43,,4,9,0,80,,,,,
Tangerang,Tangerang Pasir Jaya,2026-04-29 17:00:00,106,106,52,,58,63,0,65,,,,,
Bekasi,Bekasi Kayuringin,2026-04-29 17:00:00,85,85,39,,43,15,0,7,,,,,
Jakarta,The Pakubuwono Menteng,2026-04-29 17:18:35,103,103,38,81,,,,,53,31.9,,,
Depok,Cinere - Nafas,2026-04-29 17:18:20,158,158,62,126,,,,,0,0,,,
Bogor,Kabupaten Bogor Leuwiliang,2026-04-29 17:00:00,80,80,43,,4,9,0,80,,,,,
Tangerang,Tangerang Pasir Jaya,2026-04-29 17:00:00,106,106,52,,58,63,0,65,,,,,
Bekasi,Bekasi Kayuringin,2026-04-29 17:00:00,85,85,39,,43,15,0,7,,,,,
Jakarta,The Pakubuwono Menteng,2026-04-29 17:19:35,108,108,41,79,,,,,53,31.9,,,
Depok,Cinere - Nafas,2026-04-29 17:19:20,158,158,61,130,,,,,0,0,,,
Bogor,Kabupaten Bogor Leuwiliang,2026-04-29 17:00:00,80,80,43,,4,9,0,80,,,,,
Tangerang,Tangerang Pasir Jaya,2026-04-29 17:00:00,106,106,52,,58,63,0,65,,,,,
Bekasi,Bekasi Kayuringin,2026-04-29 17:00:00,85,85,39,,43,15,0,7,,,,,
Jakarta,The Pakubuwono Menteng,2026-04-29 17:20:35,102,102,38,78,,,,,53,31.8,,,
Depok,Cinere - Nafas,2026-04-29 17:20:20,158,158,61,131,,,,,0,0,,,
Bogor,Kabupaten Bogor Leuwiliang,2026-04-29 17:00:00,80,80,43,,4,9,0,80,,,,,
Tangerang,Tangerang Pasir Jaya,2026-04-29 17:00:00,106,106,52,,58,63,0,65,,,,,
Bekasi,Bekasi Kayuringin,2026-04-29 17:00:00,85,85,39,,43,15,0,7,,,,,
Jakarta,The Pakubuwono Menteng,2026-04-29 17:21:35,99,99,37,78,,,,,53,31.8,,,
Depok,Cinere - Nafas,2026-04-29 17:21:20,157,157,60,124,,,,,0,0,,,
Bogor,Kabupaten Bogor Leuwiliang,2026-04-29 17:00:00,80,80,43,,4,9,0,80,,,,,
Tangerang,Tangerang Pasir Jaya,2026-04-29 17:00:00,106,106,52,,58,63,0,65,,,,,
Bekasi,Bekasi Kayuringin,2026-04-29 17:00:00,85,85,39,,43,15,0,7,,,,,
Jakarta,The Pakubuwono Menteng,2026-04-29 17:23:35,105,105,39,79,,,,,53,31.8,,,
Depok,Cinere - Nafas,2026-04-29 17:23:20,158,158,61,126,,,,,0,0,,,
Bogor,Kabupaten Bogor Leuwiliang,2026-04-29 17:00:00,80,80,43,,4,9,0,80,,,,,
Tangerang,Tangerang Pasir Jaya,2026-04-29 17:00:00,106,106,52,,58,63,0,65,,,,,
Bekasi,Bekasi Kayuringin,2026-04-29 17:00:00,85,85,39,,43,15,0,7,,,,,
Jakarta,The Pakubuwono Menteng,2026-04-29 17:24:35,106,106,41,79,,,,,53,31.8,,,
Depok,Cinere - Nafas,2026-04-29 17:24:20,158,158,61,130,,,,,0,0,,,
Bogor,Kabupaten Bogor Leuwiliang,2026-04-29 17:00:00,80,80,43,,4,9,0,80,,,,,
Tangerang,Tangerang Pasir Jaya,2026-04-29 17:00:00,106,106,52,,58,63,0,65,,,,,
Bekasi,Bekasi Kayuringin,2026-04-29 17:00:00,85,85,39,,43,15,0,7,,,,,
Jakarta,The Pakubuwono Menteng,2026-04-29 17:26:35,100,100,38,74,,,,,53,31.8,,,
Depok,Cinere - Nafas,2026-04-29 17:26:20,163,163,64,143,,,,,0,0,,,
Bogor,Kabupaten Bogor Leuwiliang,2026-04-29 17:00:00,80,80,43,,4,9,0,80,,,,,
Tangerang,Tangerang Pasir Jaya,2026-04-29 17:00:00,106,106,52,,58,63,0,65,,,,,
Bekasi,Bekasi Kayuringin,2026-04-29 17:00:00,85,85,39,,43,15,0,7,,,,,
Jakarta,The Pakubuwono Menteng,2026-04-29 17:27:35,101,101,38,75,,,,,53,31.8,,,
Depok,Cinere - Nafas,2026-04-29 17:27:20,165,165,67,145,,,,,0,0,,,
Bogor,Kabupaten Bogor Leuwiliang,2026-04-29 17:00:00,80,80,43,,4,9,0,80,,,,,
Tangerang,Tangerang Pasir Jaya,2026-04-29 17:00:00,106,106,52,,58,63,0,65,,,,,
Bekasi,Bekasi Kayuringin,2026-04-29 17:00:00,85,85,39,,43,15,0,7,,,,,
Jakarta,The Pakubuwono Menteng,2026-04-29 17:28:35,100,100,40,76,,,,,54,31.7,,,
Depok,Cinere - Nafas,2026-04-29 17:28:20,164,164,66,146,,,,,0,0,,,
Bogor,Kabupaten Bogor Leuwiliang,2026-04-29 17:00:00,80,80,43,,4,9,0,80,,,,,
Tangerang,Tangerang Pasir Jaya,2026-04-29 17:00:00,106,106,52,,58,63,0,65,,,,,
Bekasi,Bekasi Kayuringin,2026-04-29 17:00:00,85,85,39,,43,15,0,7,,,,,
Jakarta,The Pakubuwono Menteng,2026-04-29 17:29:35,99,99,36,76,,,,,54,31.8,,,
Depok,Cinere - Nafas,2026-04-29 17:29:20,166,166,69,150,,,,,0,0,,,
Bogor,Kabupaten Bogor Leuwiliang,2026-04-29 17:00:00,80,80,43,,4,9,0,80,,,,,
Tangerang,Tangerang Pasir Jaya,2026-04-29 17:00:00,106,106,52,,58,63,0,65,,,,,
Bekasi,Bekasi Kayuringin,2026-04-29 17:00:00,85,85,39,,43,15,0,7,,,,,
Jakarta,The Pakubuwono Menteng,2026-04-29 17:30:35,99,99,38,76,,,,,54,31.8,,,
Depok,Cinere - Nafas,2026-04-29 17:30:20,168,168,70,152,,,,,0,0,,,
Bogor,Kabupaten Bogor Leuwiliang,2026-04-29 17:00:00,80,80,43,,4,9,0,80,,,,,
Tangerang,Tangerang Pasir Jaya,2026-04-29 17:00:00,106,106,52,,58,63,0,65,,,,,
Bekasi,Bekasi Kayuringin,2026-04-29 17:00:00,85,85,39,,43,15,0,7,,,,,
Jakarta,The Pakubuwono Menteng,2026-04-29 17:31:35,100,100,38,79,,,,,54,31.8,,,
Depok,Cinere - Nafas,2026-04-29 17:33:20,159,159,62,130,,,,,0,0,,,
Bogor,Kabupaten Bogor Leuwiliang,2026-04-29 17:00:00,80,80,43,,4,9,0,80,,,,,
Tangerang,Tangerang Pasir Jaya,2026-04-29 17:00:00,106,106,52,,58,63,0,65,,,,,
Bekasi,Bekasi Kayuringin,2026-04-29 17:00:00,85,85,39,,43,15,0,7,,,,,
Jakarta,The Pakubuwono Menteng,2026-04-29 17:33:35,101,101,38,79,,,,,54,31.7,,,
Depok,Cinere - Nafas,2026-04-29 17:34:20,160,160,62,130,,,,,0,0,,,
Bogor,Kabupaten Bogor Leuwiliang,2026-04-29 17:00:00,80,80,43,,4,9,0,80,,,,,
Tangerang,Tangerang Pasir Jaya,2026-04-29 17:00:00,106,106,52,,58,63,0,65,,,,,
Bekasi,Bekasi Kayuringin,2026-04-29 17:00:00,85,85,39,,43,15,0,7,,,,,
Jakarta,The Pakubuwono Menteng,2026-04-29 17:34:35,99,99,37,76,,,,,54,31.7,,,
Depok,Cinere - Nafas,2026-04-29 17:35:20,159,159,61,132,,,,,0,0,,,
Bogor,Kabupaten Bogor Leuwiliang,2026-04-29 17:00:00,80,80,43,,4,9,0,80,,,,,
Tangerang,Tangerang Pasir Jaya,2026-04-29 17:00:00,106,106,52,,58,63,0,65,,,,,
Bekasi,Bekasi Kayuringin,2026-04-29 17:00:00,85,85,39,,43,15,0,7,,,,,
Jakarta,The Pakubuwono Menteng,2026-04-29 17:35:36,102,102,38,77,,,,,54,31.7,,,
Depok,Cinere - Nafas,2026-04-29 17:36:20,157,157,61,128,,,,,0,0,,,
Bogor,Kabupaten Bogor Leuwiliang,2026-04-29 17:00:00,80,80,43,,4,9,0,80,,,,,
Tangerang,Tangerang Pasir Jaya,2026-04-29 17:00:00,106,106,52,,58,63,0,65,,,,,
Bekasi,Bekasi Kayuringin,2026-04-29 17:00:00,85,85,39,,43,15,0,7,,,,,
Jakarta,The Pakubuwono Menteng,2026-04-29 17:36:35,101,101,38,76,,,,,54,31.7,,,
Depok,Cinere - Nafas,2026-04-29 17:37:20,158,158,61,130,,,,,0,0,,,
Bogor,Kabupaten Bogor Leuwiliang,2026-04-29 17:00:00,80,80,43,,4,9,0,80,,,,,
Tangerang,Tangerang Pasir Jaya,2026-04-29 17:00:00,106,106,52,,58,63,0,65,,,,,
Bekasi,Bekasi Kayuringin,2026-04-29 17:00:00,85,85,39,,43,15,0,7,,,,,
Jakarta,The Pakubuwono Menteng,2026-04-29 17:37:35,102,102,38,79,,,,,54,31.7,,,
Depok,Cinere - Nafas,2026-04-29 17:38:20,161,161,63,134,,,,,0,0,,,
Bogor,Kabupaten Bogor Leuwiliang,2026-04-29 17:00:00,80,80,43,,4,9,0,80,,,,,
Tangerang,Tangerang Pasir Jaya,2026-04-29 17:00:00,106,106,52,,58,63,0,65,,,,,
Bekasi,Bekasi Kayuringin,2026-04-29 17:00:00,85,85,39,,43,15,0,7,,,,,
Jakarta,The Pakubuwono Menteng,2026-04-29 17:39:35,102,102,40,78,,,,,54,31.7,,,
Depok,Cinere - Nafas,2026-04-29 17:39:42,160,160,62,137,,,,,0,0,,,
Bogor,Kabupaten Bogor Leuwiliang,2026-04-29 17:00:00,80,80,43,,4,9,0,80,,,,,
Tangerang,Tangerang Pasir Jaya,2026-04-29 17:00:00,106,106,52,,58,63,0,65,,,,,
Bekasi,Bekasi Kayuringin,2026-04-29 17:00:00,85,85,39,,43,15,0,7,,,,,
Jakarta,The Pakubuwono Menteng,2026-04-29 17:40:35,111,111,42,80,,,,,54,31.7,,,
Depok,Cinere - Nafas,2026-04-29 17:40:42,159,159,62,135,,,,,0,0,,,
Bogor,Kabupaten Bogor Leuwiliang,2026-04-29 17:00:00,80,80,43,,4,9,0,80,,,,,
Tangerang,Tangerang Pasir Jaya,2026-04-29 17:00:00,106,106,52,,58,63,0,65,,,,,
Bekasi,Bekasi Kayuringin,2026-04-29 17:00:00,85,85,39,,43,15,0,7,,,,,
Jakarta,The Pakubuwono Menteng,2026-04-29 17:41:35,107,107,41,81,,,,,53,31.7,,,
Depok,Cinere - Nafas,2026-04-29 17:43:02,172,172,75,154,,,,,0,0,,,
Bogor,Kabupaten Bogor Leuwiliang,2026-04-29 17:00:00,80,80,43,,4,9,0,80,,,,,
Tangerang,Tangerang Pasir Jaya,2026-04-29 17:00:00,106,106,52,,58,63,0,65,,,,,
Bekasi,Bekasi Kayuringin,2026-04-29 17:00:00,85,85,39,,43,15,0,7,,,,,
Jakarta,The Pakubuwono Menteng,2026-04-29 17:43:35,101,101,38,79,,,,,54,31.6,,,
Depok,Cinere - Nafas,2026-04-29 17:44:04,174,174,77,155,,,,,0,0,,,
Bogor,Kabupaten Bogor Leuwiliang,2026-04-29 17:00:00,80,80,43,,4,9,0,80,,,,,
Tangerang,Tangerang Pasir Jaya,2026-04-29 17:00:00,106,106,52,,58,63,0,65,,,,,
Bekasi,Bekasi Kayuringin,2026-04-29 17:00:00,85,85,39,,43,15,0,7,,,,,
Jakarta,The Pakubuwono Menteng,2026-04-29 17:43:35,101,101,38,79,,,,,54,31.6,,,
Depok,Cinere - Nafas,2026-04-29 17:44:04,174,174,77,155,,,,,0,0,,,
Bogor,Kabupaten Bogor Leuwiliang,2026-04-29 17:00:00,80,80,43,,4,9,0,80,,,,,
Tangerang,Tangerang Pasir Jaya,2026-04-29 17:00:00,106,106,52,,58,63,0,65,,,,,
Bekasi,Bekasi Kayuringin,2026-04-29 17:00:00,85,85,39,,43,15,0,7,,,,,
Jakarta,The Pakubuwono Menteng,2026-04-29 17:44:36,108,108,42,83,,,,,54,31.6,,,
Depok,Cinere - Nafas,2026-04-29 17:45:02,180,180,84,159,,,,,0,0,,,
Bogor,Kabupaten Bogor Leuwiliang,2026-04-29 17:00:00,80,80,43,,4,9,0,80,,,,,
Tangerang,Tangerang Pasir Jaya,2026-04-29 17:00:00,106,106,52,,58,63,0,65,,,,,
Bekasi,Bekasi Kayuringin,2026-04-29 17:00:00,85,85,39,,43,15,0,7,,,,,
Jakarta,The Pakubuwono Menteng,2026-04-29 17:45:36,101,101,39,79,,,,,54,31.6,,,
Depok,Cinere - Nafas,2026-04-29 17:46:03,178,178,81,157,,,,,0,0,,,
Bogor,Kabupaten Bogor Leuwiliang,2026-04-29 17:00:00,80,80,43,,4,9,0,80,,,,,
Tangerang,Tangerang Pasir Jaya,2026-04-29 17:00:00,106,106,52,,58,63,0,65,,,,,
Bekasi,Bekasi Kayuringin,2026-04-29 17:00:00,85,85,39,,43,15,0,7,,,,,
Jakarta,The Pakubuwono Menteng,2026-04-29 17:47:35,108,108,42,79,,,,,54,31.5,,,
Depok,Cinere - Nafas,2026-04-29 17:48:04,177,177,78,157,,,,,0,0,,,
Bogor,Kabupaten Bogor Leuwiliang,2026-04-29 17:00:00,80,80,43,,4,9,0,80,,,,,
Tangerang,Tangerang Pasir Jaya,2026-04-29 17:00:00,106,106,52,,58,63,0,65,,,,,
Bekasi,Bekasi Kayuringin,2026-04-29 17:00:00,85,85,39,,43,15,0,7,,,,,
Jakarta,The Pakubuwono Menteng,2026-04-29 17:48:36,102,102,39,80,,,,,54,31.5,,,
Depok,Cinere - Nafas,2026-04-29 17:49:03,174,174,77,156,,,,,0,0,,,
Bogor,Kabupaten Bogor Leuwiliang,2026-04-29 17:00:00,80,80,43,,4,9,0,80,,,,,
Tangerang,Tangerang Pasir Jaya,2026-04-29 17:00:00,106,106,52,,58,63,0,65,,,,,
Bekasi,Bekasi Kayuringin,2026-04-29 17:00:00,85,85,39,,43,15,0,7,,,,,
Jakarta,The Pakubuwono Menteng,2026-04-29 17:49:36,108,108,42,79,,,,,54,31.5,,,
Depok,Cinere - Nafas,2026-04-29 17:50:03,178,178,81,157,,,,,0,0,,,
Bogor,Kabupaten Bogor Leuwiliang,2026-04-29 17:00:00,80,80,43,,4,9,0,80,,,,,
Tangerang,Tangerang Pasir Jaya,2026-04-29 17:00:00,106,106,52,,58,63,0,65,,,,,
Bekasi,Bekasi Kayuringin,2026-04-29 17:00:00,85,85,39,,43,15,0,7,,,,,
Jakarta,The Pakubuwono Menteng,2026-04-29 17:51:36,103,103,40,78,,,,,54,31.5,,,
Depok,Cinere - Nafas,2026-04-29 17:52:03,180,180,83,158,,,,,0,0,,,
Bogor,Kabupaten Bogor Leuwiliang,2026-04-29 17:00:00,80,80,43,,4,9,0,80,,,,,
Tangerang,Tangerang Pasir Jaya,2026-04-29 17:00:00,106,106,52,,58,63,0,65,,,,,
Bekasi,Bekasi Kayuringin,2026-04-29 17:00:00,85,85,39,,43,15,0,7,,,,,
Jakarta,The Pakubuwono Menteng,2026-04-29 17:52:36,99,99,37,79,,,,,54,31.5,,,
Depok,Cinere - Nafas,2026-04-29 17:53:03,179,179,82,158,,,,,0,0,,,
Bogor,Kabupaten Bogor Leuwiliang,2026-04-29 17:00:00,80,80,43,,4,9,0,80,,,,,
Tangerang,Tangerang Pasir Jaya,2026-04-29 17:00:00,106,106,52,,58,63,0,65,,,,,
Bekasi,Bekasi Kayuringin,2026-04-29 17:00:00,85,85,39,,43,15,0,7,,,,,
Jakarta,The Pakubuwono Menteng,2026-04-29 17:54:36,107,107,40,79,,,,,54,31.5,,,
Depok,Cinere - Nafas,2026-04-29 17:55:03,177,177,80,156,,,,,0,0,,,
Bogor,Kabupaten Bogor Leuwiliang,2026-04-29 17:00:00,80,80,43,,4,9,0,80,,,,,
Tangerang,Tangerang Pasir Jaya,2026-04-29 17:00:00,106,106,52,,58,63,0,65,,,,,
Bekasi,Bekasi Kayuringin,2026-04-29 17:00:00,85,85,39,,43,15,0,7,,,,,
Jakarta,The Pakubuwono Menteng,2026-04-29 17:55:36,113,113,44,84,,,,,54,31.5,,,
Depok,Cinere - Nafas,2026-04-29 17:56:03,177,177,79,156,,,,,0,0,,,
Bogor,Kabupaten Bogor Leuwiliang,2026-04-29 17:00:00,80,80,43,,4,9,0,80,,,,,
Tangerang,Tangerang Pasir Jaya,2026-04-29 17:00:00,106,106,52,,58,63,0,65,,,,,
Bekasi,Bekasi Kayuringin,2026-04-29 17:00:00,85,85,39,,43,15,0,7,,,,,
Jakarta,The Pakubuwono Menteng,2026-04-29 17:55:36,113,113,44,84,,,,,54,31.5,,,
Depok,Cinere - Nafas,2026-04-29 17:56:03,177,177,79,156,,,,,0,0,,,
Bogor,Kabupaten Bogor Leuwiliang,2026-04-29 17:00:00,80,80,43,,4,9,0,80,,,,,
Tangerang,Tangerang Pasir Jaya,2026-04-29 17:00:00,106,106,52,,58,63,0,65,,,,,
Bekasi,Bekasi Kayuringin,2026-04-29 17:00:00,85,85,39,,43,15,0,7,,,,,
Jakarta,The Pakubuwono Menteng,2026-04-29 17:56:36,105,105,41,82,,,,,54,31.5,,,
Depok,Cinere - Nafas,2026-04-29 17:57:03,174,174,77,155,,,,,0,0,,,
Bogor,Kabupaten Bogor Leuwiliang,2026-04-29 17:00:00,80,80,43,,4,9,0,80,,,,,
Tangerang,Tangerang Pasir Jaya,2026-04-29 17:00:00,106,106,52,,58,63,0,65,,,,,
Bekasi,Bekasi Kayuringin,2026-04-29 17:00:00,85,85,39,,43,15,0,7,,,,,
Jakarta,The Pakubuwono Menteng,2026-04-29 17:57:36,108,108,41,81,,,,,54,31.5,,,
Depok,Cinere - Nafas,2026-04-29 17:58:03,170,170,72,154,,,,,0,0,,,
Bogor,Kabupaten Bogor Leuwiliang,2026-04-29 17:00:00,80,80,43,,4,9,0,80,,,,,
Tangerang,Tangerang Pasir Jaya,2026-04-29 17:00:00,106,106,52,,58,63,0,65,,,,,
Bekasi,Bekasi Kayuringin,2026-04-29 17:00:00,85,85,39,,43,15,0,7,,,,,
Jakarta,The Pakubuwono Menteng,2026-04-29 17:58:36,107,107,41,82,,,,,54,31.5,,,
Depok,Cinere - Nafas,2026-04-29 17:59:03,170,170,73,154,,,,,0,0,,,
Bogor,Kabupaten Bogor Leuwiliang,2026-04-29 17:00:00,80,80,43,,4,9,0,80,,,,,
Tangerang,Tangerang Pasir Jaya,2026-04-29 17:00:00,106,106,52,,58,63,0,65,,,,,
Bekasi,Bekasi Kayuringin,2026-04-29 17:00:00,85,85,39,,43,15,0,7,,,,,
Jakarta,The Pakubuwono Menteng,2026-04-29 18:01:36,92,92,33,74,,,,,54,31.5,,,
Depok,Cinere - Nafas,2026-04-29 18:02:03,173,173,77,154,,,,,0,0,,,
Bogor,Kabupaten Bogor Leuwiliang,2026-04-29 17:00:00,80,80,43,,4,9,0,80,,,,,
Tangerang,Tangerang Pasir Jaya,2026-04-29 17:00:00,106,106,52,,58,63,0,65,,,,,
Bekasi,Bekasi Kayuringin,2026-04-29 17:00:00,85,85,39,,43,15,0,7,,,,,
Jakarta,The Pakubuwono Menteng,2026-04-29 18:02:36,94,94,32,76,,,,,54,31.5,,,
Depok,Cinere - Nafas,2026-04-29 18:03:03,189,189,91,165,,,,,0,0,,,
Bogor,Kabupaten Bogor Leuwiliang,2026-04-29 17:00:00,80,80,43,,4,9,0,80,,,,,
Tangerang,Tangerang Pasir Jaya,2026-04-29 17:00:00,106,106,52,,58,63,0,65,,,,,
Bekasi,Bekasi Kayuringin,2026-04-29 17:00:00,85,85,39,,43,15,0,7,,,,,
Jakarta,The Pakubuwono Menteng,2026-04-29 18:03:36,106,106,41,82,,,,,54,31.5,,,
Depok,Cinere - Nafas,2026-04-29 18:04:03,193,193,96,168,,,,,0,0,,,
Bogor,Kabupaten Bogor Leuwiliang,2026-04-29 17:00:00,80,80,43,,4,9,0,80,,,,,
Tangerang,Tangerang Pasir Jaya,2026-04-29 17:00:00,106,106,52,,58,63,0,65,,,,,
Bekasi,Bekasi Kayuringin,2026-04-29 17:00:00,85,85,39,,43,15,0,7,,,,,
Jakarta,The Pakubuwono Menteng,2026-04-29 18:04:36,106,106,40,79,,,,,54,31.5,,,
Depok,Cinere - Nafas,2026-04-29 18:05:03,193,193,95,167,,,,,0,0,,,
Bogor,Kabupaten Bogor Leuwiliang,2026-04-29 17:00:00,80,80,43,,4,9,0,80,,,,,
Tangerang,Tangerang Pasir Jaya,2026-04-29 17:00:00,106,106,52,,58,63,0,65,,,,,
Bekasi,Bekasi Kayuringin,2026-04-29 17:00:00,85,85,39,,43,15,0,7,,,,,
Jakarta,The Pakubuwono Menteng,2026-04-29 18:05:36,97,97,34,73,,,,,54,31.6,,,
Depok,Cinere - Nafas,2026-04-29 18:06:03,191,191,94,167,,,,,0,0,,,
Bogor,Kabupaten Bogor Leuwiliang,2026-04-29 17:00:00,80,80,43,,4,9,0,80,,,,,
Tangerang,Tangerang Pasir Jaya,2026-04-29 17:00:00,106,106,52,,58,63,0,65,,,,,
Bekasi,Bekasi Kayuringin,2026-04-29 17:00:00,85,85,39,,43,15,0,7,,,,,
Jakarta,The Pakubuwono Menteng,2026-04-29 18:06:36,97,97,36,75,,,,,54,31.6,,,
Depok,Cinere - Nafas,2026-04-29 18:07:03,192,192,96,167,,,,,0,0,,,
Bogor,Kabupaten Bogor Leuwiliang,2026-04-29 17:00:00,80,80,43,,4,9,0,80,,,,,
Tangerang,Tangerang Pasir Jaya,2026-04-29 17:00:00,106,106,52,,58,63,0,65,,,,,
Bekasi,Bekasi Kayuringin,2026-04-29 17:00:00,85,85,39,,43,15,0,7,,,,,
Jakarta,The Pakubuwono Menteng,2026-04-29 18:07:36,98,98,34,75,,,,,53,31.6,,,
Depok,Cinere - Nafas,2026-04-29 18:08:03,186,186,88,163,,,,,0,0,,,
Bogor,Kabupaten Bogor Leuwiliang,2026-04-29 17:00:00,80,80,43,,4,9,0,80,,,,,
Tangerang,Tangerang Pasir Jaya,2026-04-29 17:00:00,106,106,52,,58,63,0,65,,,,,
Bekasi,Bekasi Kayuringin,2026-04-29 17:00:00,85,85,39,,43,15,0,7,,,,,
Jakarta,The Pakubuwono Menteng,2026-04-29 18:08:36,104,104,40,79,,,,,54,31.6,,,
Depok,Cinere - Nafas,2026-04-29 18:10:03,179,179,82,159,,,,,0,0,,,
Bogor,Kabupaten Bogor Leuwiliang,2026-04-29 18:00:00,80,79,42,,4,9,0,80,,,,,
Tangerang,Tangerang Pasir Jaya,2026-04-29 18:00:00,114,114,53,,58,63,0,65,,,,,
Bekasi,Bekasi Kayuringin,2026-04-29 18:00:00,85,85,39,,43,15,0,7,,,,,
Jakarta,The Pakubuwono Menteng,2026-04-29 18:10:36,109,109,42,83,,,,,54,31.6,,,
Depok,Cinere - Nafas,2026-04-29 18:11:03,180,180,84,159,,,,,0,0,,,
Bogor,Kabupaten Bogor Leuwiliang,2026-04-29 18:00:00,80,79,42,,4,9,0,80,,,,,
Tangerang,Tangerang Pasir Jaya,2026-04-29 18:00:00,114,114,53,,58,63,0,65,,,,,
Bekasi,Bekasi Kayuringin,2026-04-29 18:00:00,85,85,39,,43,15,0,7,,,,,
Jakarta,The Pakubuwono Menteng,2026-04-29 18:11:36,99,99,37,76,,,,,53,31.6,,,
Depok,Cinere - Nafas,2026-04-29 18:12:03,175,175,77,156,,,,,0,0,,,
Bogor,Kabupaten Bogor Leuwiliang,2026-04-29 18:00:00,80,79,42,,4,9,0,80,,,,,
Tangerang,Tangerang Pasir Jaya,2026-04-29 18:00:00,114,114,53,,58,63,0,65,,,,,
Bekasi,Bekasi Kayuringin,2026-04-29 18:00:00,85,85,39,,43,15,0,7,,,,,
Jakarta,The Pakubuwono Menteng,2026-04-29 18:12:36,101,101,38,79,,,,,53,31.7,,,
Depok,Cinere - Nafas,2026-04-29 18:13:03,172,172,75,153,,,,,0,0,,,
Bogor,Kabupaten Bogor Leuwiliang,2026-04-29 18:00:00,80,79,42,,4,9,0,80,,,,,
Tangerang,Tangerang Pasir Jaya,2026-04-29 18:00:00,114,114,53,,58,63,0,65,,,,,
Bekasi,Bekasi Kayuringin,2026-04-29 18:00:00,85,85,39,,43,15,0,7,,,,,
Jakarta,The Pakubuwono Menteng,2026-04-29 18:13:36,107,107,40,79,,,,,53,31.7,,,
Depok,Cinere - Nafas,2026-04-29 18:14:04,169,169,72,153,,,,,0,0,,,
Bogor,Kabupaten Bogor Leuwiliang,2026-04-29 18:00:00,80,79,42,,4,9,0,80,,,,,
Tangerang,Tangerang Pasir Jaya,2026-04-29 18:00:00,114,114,53,,58,63,0,65,,,,,
Bekasi,Bekasi Kayuringin,2026-04-29 18:00:00,85,85,39,,43,15,0,7,,,,,
Jakarta,The Pakubuwono Menteng,2026-04-29 18:14:36,102,102,38,80,,,,,53,31.7,,,
Depok,Cinere - Nafas,2026-04-29 18:15:03,171,171,72,153,,,,,0,0,,,
Bogor,Kabupaten Bogor Leuwiliang,2026-04-29 18:00:00,80,79,42,,4,9,0,80,,,,,
Tangerang,Tangerang Pasir Jaya,2026-04-29 18:00:00,114,114,53,,58,63,0,65,,,,,
Bekasi,Bekasi Kayuringin,2026-04-29 18:00:00,85,85,39,,43,15,0,7,,,,,
Jakarta,The Pakubuwono Menteng,2026-04-29 18:16:36,100,100,40,80,,,,,53,31.7,,,
Depok,Cinere - Nafas,2026-04-29 18:17:03,170,170,73,152,,,,,0,0,,,
Bogor,Kabupaten Bogor Leuwiliang,2026-04-29 18:00:00,80,79,42,,4,9,0,80,,,,,
Tangerang,Tangerang Pasir Jaya,2026-04-29 18:00:00,114,114,53,,58,63,0,65,,,,,
Bekasi,Bekasi Kayuringin,2026-04-29 18:00:00,85,85,39,,43,15,0,7,,,,,
Jakarta,The Pakubuwono Menteng,2026-04-29 18:17:37,105,105,41,79,,,,,52,31.7,,,
Depok,Cinere - Nafas,2026-04-29 18:18:03,167,167,71,152,,,,,0,0,,,
Bogor,Kabupaten Bogor Leuwiliang,2026-04-29 18:00:00,80,79,42,,4,9,0,80,,,,,
Tangerang,Tangerang Pasir Jaya,2026-04-29 18:00:00,114,114,53,,58,63,0,65,,,,,
Bekasi,Bekasi Kayuringin,2026-04-29 18:00:00,85,85,39,,43,15,0,7,,,,,
Jakarta,The Pakubuwono Menteng,2026-04-29 18:19:36,104,104,40,79,,,,,52,31.7,,,
Depok,Cinere - Nafas,2026-04-29 18:20:03,165,165,69,148,,,,,0,0,,,
Bogor,Kabupaten Bogor Leuwiliang,2026-04-29 18:00:00,80,79,42,,4,9,0,80,,,,,
Tangerang,Tangerang Pasir Jaya,2026-04-29 18:00:00,114,114,53,,58,63,0,65,,,,,
Bekasi,Bekasi Kayuringin,2026-04-29 18:00:00,85,85,39,,43,15,0,7,,,,,
Jakarta,The Pakubuwono Menteng,2026-04-29 18:20:36,101,101,38,79,,,,,52,31.7,,,
Depok,Cinere - Nafas,2026-04-29 18:21:04,165,165,67,149,,,,,0,0,,,
Bogor,Kabupaten Bogor Leuwiliang,2026-04-29 18:00:00,80,79,42,,4,9,0,80,,,,,
Tangerang,Tangerang Pasir Jaya,2026-04-29 18:00:00,114,114,53,,58,63,0,65,,,,,
Bekasi,Bekasi Kayuringin,2026-04-29 18:00:00,85,85,39,,43,15,0,7,,,,,
Jakarta,The Pakubuwono Menteng,2026-04-29 18:21:37,102,102,38,78,,,,,52,31.7,,,
Depok,Cinere - Nafas,2026-04-29 18:22:04,163,163,66,141,,,,,0,0,,,
Bogor,Kabupaten Bogor Leuwiliang,2026-04-29 18:00:00,80,79,42,,4,9,0,80,,,,,
Tangerang,Tangerang Pasir Jaya,2026-04-29 18:00:00,114,114,53,,58,63,0,65,,,,,
Bekasi,Bekasi Kayuringin,2026-04-29 18:00:00,85,85,39,,43,15,0,7,,,,,
Jakarta,The Pakubuwono Menteng,2026-04-29 18:22:37,98,98,35,77,,,,,52,31.7,,,
Depok,Cinere - Nafas,2026-04-29 18:23:03,161,161,63,135,,,,,0,0,,,
Bogor,Kabupaten Bogor Leuwiliang,2026-04-29 18:00:00,80,79,42,,4,9,0,80,,,,,
Tangerang,Tangerang Pasir Jaya,2026-04-29 18:00:00,114,114,53,,58,63,0,65,,,,,
Bekasi,Bekasi Kayuringin,2026-04-29 18:00:00,85,85,39,,43,15,0,7,,,,,
Jakarta,The Pakubuwono Menteng,2026-04-29 18:23:36,106,106,40,78,,,,,52,31.7,,,
Depok,Cinere - Nafas,2026-04-29 18:24:04,160,160,62,134,,,,,0,0,,,
Bogor,Kabupaten Bogor Leuwiliang,2026-04-29 18:00:00,80,79,42,,4,9,0,80,,,,,
Tangerang,Tangerang Pasir Jaya,2026-04-29 18:00:00,114,114,53,,58,63,0,65,,,,,
Bekasi,Bekasi Kayuringin,2026-04-29 18:00:00,85,85,39,,43,15,0,7,,,,,
Jakarta,The Pakubuwono Menteng,2026-04-29 18:23:36,106,106,40,78,,,,,52,31.7,,,
Depok,Cinere - Nafas,2026-04-29 18:25:03,160,160,63,135,,,,,0,0,,,
Bogor,Kabupaten Bogor Leuwiliang,2026-04-29 18:00:00,80,79,42,,4,9,0,80,,,,,
Tangerang,Tangerang Pasir Jaya,2026-04-29 18:00:00,114,114,53,,58,63,0,65,,,,,
Bekasi,Bekasi Kayuringin,2026-04-29 18:00:00,85,85,39,,43,15,0,7,,,,,
Jakarta,The Pakubuwono Menteng,2026-04-29 18:25:36,108,108,41,84,,,,,52,31.7,,,
Depok,Cinere - Nafas,2026-04-29 18:26:03,161,161,62,136,,,,,0,0,,,
Bogor,Kabupaten Bogor Leuwiliang,2026-04-29 18:00:00,80,79,42,,4,9,0,80,,,,,
Tangerang,Tangerang Pasir Jaya,2026-04-29 18:00:00,114,114,53,,58,63,0,65,,,,,
Bekasi,Bekasi Kayuringin,2026-04-29 18:00:00,85,85,39,,43,15,0,7,,,,,
Jakarta,The Pakubuwono Menteng,2026-04-29 18:27:36,97,97,35,74,,,,,52,31.7,,,
Depok,Cinere - Nafas,2026-04-29 18:28:03,160,160,62,132,,,,,0,0,,,
Bogor,Kabupaten Bogor Leuwiliang,2026-04-29 18:00:00,80,79,42,,4,9,0,80,,,,,
Tangerang,Tangerang Pasir Jaya,2026-04-29 18:00:00,114,114,53,,58,63,0,65,,,,,
Bekasi,Bekasi Kayuringin,2026-04-29 18:00:00,85,85,39,,43,15,0,7,,,,,
Jakarta,The Pakubuwono Menteng,2026-04-29 18:28:37,109,109,43,80,,,,,52,31.7,,,
Depok,Cinere - Nafas,2026-04-29 18:29:04,160,160,62,133,,,,,0,0,,,
Bogor,Kabupaten Bogor Leuwiliang,2026-04-29 18:00:00,80,79,42,,4,9,0,80,,,,,
Tangerang,Tangerang Pasir Jaya,2026-04-29 18:00:00,114,114,53,,58,63,0,65,,,,,
Bekasi,Bekasi Kayuringin,2026-04-29 18:00:00,85,85,39,,43,15,0,7,,,,,
Jakarta,The Pakubuwono Menteng,2026-04-29 18:30:37,102,102,38,78,,,,,52,31.7,,,
Depok,Cinere - Nafas,2026-04-29 18:31:04,161,161,64,131,,,,,0,0,,,
Bogor,Kabupaten Bogor Leuwiliang,2026-04-29 18:00:00,80,79,42,,4,9,0,80,,,,,
Tangerang,Tangerang Pasir Jaya,2026-04-29 18:00:00,114,114,53,,58,63,0,65,,,,,
Bekasi,Bekasi Kayuringin,2026-04-29 18:00:00,85,85,39,,43,15,0,7,,,,,
Jakarta,The Pakubuwono Menteng,2026-04-29 18:31:37,107,107,42,83,,,,,52,31.7,,,
Depok,Cinere - Nafas,2026-04-29 18:32:04,159,159,61,130,,,,,0,0,,,
Bogor,Kabupaten Bogor Leuwiliang,2026-04-29 18:00:00,80,79,42,,4,9,0,80,,,,,
Tangerang,Tangerang Pasir Jaya,2026-04-29 18:00:00,114,114,53,,58,63,0,65,,,,,
Bekasi,Bekasi Kayuringin,2026-04-29 18:00:00,85,85,39,,43,15,0,7,,,,,
Jakarta,The Pakubuwono Menteng,2026-04-29 18:32:37,114,114,44,83,,,,,52,31.6,,,
Depok,Cinere - Nafas,2026-04-29 18:33:03,160,160,62,135,,,,,0,0,,,
Bogor,Kabupaten Bogor Leuwiliang,2026-04-29 18:00:00,80,79,42,,4,9,0,80,,,,,
Tangerang,Tangerang Pasir Jaya,2026-04-29 18:00:00,114,114,53,,58,63,0,65,,,,,
Bekasi,Bekasi Kayuringin,2026-04-29 18:00:00,85,85,39,,43,15,0,7,,,,,
Jakarta,The Pakubuwono Menteng,2026-04-29 18:33:37,106,106,41,82,,,,,52,31.6,,,
Depok,Cinere - Nafas,2026-04-29 18:34:04,159,159,61,129,,,,,0,0,,,
Bogor,Kabupaten Bogor Leuwiliang,2026-04-29 18:00:00,80,79,42,,4,9,0,80,,,,,
Tangerang,Tangerang Pasir Jaya,2026-04-29 18:00:00,114,114,53,,58,63,0,65,,,,,
Bekasi,Bekasi Kayuringin,2026-04-29 18:00:00,85,85,39,,43,15,0,7,,,,,
Jakarta,The Pakubuwono Menteng,2026-04-29 18:34:37,107,107,42,80,,,,,52,31.6,,,
Depok,Cinere - Nafas,2026-04-29 18:35:04,157,157,61,124,,,,,0,0,,,
Bogor,Kabupaten Bogor Leuwiliang,2026-04-29 18:00:00,80,79,42,,4,9,0,80,,,,,
Tangerang,Tangerang Pasir Jaya,2026-04-29 18:00:00,114,114,53,,58,63,0,65,,,,,
Bekasi,Bekasi Kayuringin,2026-04-29 18:00:00,85,85,39,,43,15,0,7,,,,,
Jakarta,The Pakubuwono Menteng,2026-04-29 18:35:37,115,115,44,84,,,,,52,31.6,,,
Depok,Cinere - Nafas,2026-04-29 18:36:04,157,157,61,125,,,,,0,0,,,
Bogor,Kabupaten Bogor Leuwiliang,2026-04-29 18:00:00,80,79,42,,4,9,0,80,,,,,
Tangerang,Tangerang Pasir Jaya,2026-04-29 18:00:00,114,114,53,,58,63,0,65,,,,,
Bekasi,Bekasi Kayuringin,2026-04-29 18:00:00,85,85,39,,43,15,0,7,,,,,
Jakarta,The Pakubuwono Menteng,2026-04-29 18:37:37,111,111,43,83,,,,,52,31.6,,,
Depok,Cinere - Nafas,2026-04-29 18:38:04,155,155,60,120,,,,,0,0,,,
Bogor,Kabupaten Bogor Leuwiliang,2026-04-29 18:00:00,80,79,42,,4,9,0,80,,,,,
Tangerang,Tangerang Pasir Jaya,2026-04-29 18:00:00,114,114,53,,58,63,0,65,,,,,
Bekasi,Bekasi Kayuringin,2026-04-29 18:00:00,85,85,39,,43,15,0,7,,,,,
Jakarta,The Pakubuwono Menteng,2026-04-29 18:38:37,99,99,36,79,,,,,52,31.6,,,
Depok,Cinere - Nafas,2026-04-29 18:39:04,156,156,61,122,,,,,0,0,,,
Bogor,Kabupaten Bogor Leuwiliang,2026-04-29 18:00:00,80,79,42,,4,9,0,80,,,,,
Tangerang,Tangerang Pasir Jaya,2026-04-29 18:00:00,114,114,53,,58,63,0,65,,,,,
Bekasi,Bekasi Kayuringin,2026-04-29 18:00:00,85,85,39,,43,15,0,7,,,,,
Jakarta,The Pakubuwono Menteng,2026-04-29 18:39:37,101,101,37,80,,,,,52,31.6,,,
Depok,Cinere - Nafas,2026-04-29 18:40:04,156,156,60,122,,,,,0,0,,,
Bogor,Kabupaten Bogor Leuwiliang,2026-04-29 18:00:00,80,79,42,,4,9,0,80,,,,,
Tangerang,Tangerang Pasir Jaya,2026-04-29 18:00:00,114,114,53,,58,63,0,65,,,,,
Bekasi,Bekasi Kayuringin,2026-04-29 18:00:00,85,85,39,,43,15,0,7,,,,,
Jakarta,The Pakubuwono Menteng,2026-04-29 18:40:37,116,116,45,86,,,,,52,31.6,,,
Depok,Cinere - Nafas,2026-04-29 18:41:22,158,158,61,127,,,,,0,0,,,
Bogor,Kabupaten Bogor Leuwiliang,2026-04-29 18:00:00,80,79,42,,4,9,0,80,,,,,
Tangerang,Tangerang Pasir Jaya,2026-04-29 18:00:00,114,114,53,,58,63,0,65,,,,,
Bekasi,Bekasi Kayuringin,2026-04-29 18:00:00,85,85,39,,43,15,0,7,,,,,
Jakarta,The Pakubuwono Menteng,2026-04-29 18:41:37,116,116,45,86,,,,,52,31.6,,,
Depok,Cinere - Nafas,2026-04-29 18:42:22,156,156,60,126,,,,,0,0,,,
Bogor,Kabupaten Bogor Leuwiliang,2026-04-29 18:00:00,80,79,42,,4,9,0,80,,,,,
Tangerang,Tangerang Pasir Jaya,2026-04-29 18:00:00,114,114,53,,58,63,0,65,,,,,
Bekasi,Bekasi Kayuringin,2026-04-29 18:00:00,85,85,39,,43,15,0,7,,,,,
Jakarta,The Pakubuwono Menteng,2026-04-29 18:42:37,117,117,45,84,,,,,52,31.6,,,
Depok,Cinere - Nafas,2026-04-29 18:43:23,159,159,61,126,,,,,0,0,,,
Bogor,Kabupaten Bogor Leuwiliang,2026-04-29 18:00:00,80,79,42,,4,9,0,80,,,,,
Tangerang,Tangerang Pasir Jaya,2026-04-29 18:00:00,114,114,53,,58,63,0,65,,,,,
Bekasi,Bekasi Kayuringin,2026-04-29 18:00:00,85,85,39,,43,15,0,7,,,,,
Jakarta,The Pakubuwono Menteng,2026-04-29 18:43:37,117,117,46,87,,,,,52,31.6,,,
Depok,Cinere - Nafas,2026-04-29 18:44:23,159,159,62,135,,,,,0,0,,,
Bogor,Kabupaten Bogor Leuwiliang,2026-04-29 18:00:00,80,79,42,,4,9,0,80,,,,,
Tangerang,Tangerang Pasir Jaya,2026-04-29 18:00:00,114,114,53,,58,63,0,65,,,,,
Bekasi,Bekasi Kayuringin,2026-04-29 18:00:00,85,85,39,,43,15,0,7,,,,,
Jakarta,The Pakubuwono Menteng,2026-04-29 18:45:37,121,121,48,89,,,,,52,31.6,,,
Depok,Cinere - Nafas,2026-04-29 18:47:23,160,160,64,135,,,,,0,0,,,
Bogor,Kabupaten Bogor Leuwiliang,2026-04-29 18:00:00,80,79,42,,4,9,0,80,,,,,
Tangerang,Tangerang Pasir Jaya,2026-04-29 18:00:00,114,114,53,,58,63,0,65,,,,,
Bekasi,Bekasi Kayuringin,2026-04-29 18:00:00,85,85,39,,43,15,0,7,,,,,
Jakarta,The Pakubuwono Menteng,2026-04-29 18:47:37,113,113,44,84,,,,,52,31.5,,,
Depok,Cinere - Nafas,2026-04-29 18:48:23,163,163,65,143,,,,,0,0,,,
Bogor,Kabupaten Bogor Leuwiliang,2026-04-29 18:00:00,80,79,42,,4,9,0,80,,,,,
Tangerang,Tangerang Pasir Jaya,2026-04-29 18:00:00,114,114,53,,58,63,0,65,,,,,
Bekasi,Bekasi Kayuringin,2026-04-29 18:00:00,85,85,39,,43,15,0,7,,,,,
Jakarta,The Pakubuwono Menteng,2026-04-29 18:47:37,113,113,44,84,,,,,52,31.5,,,
Depok,Cinere - Nafas,2026-04-29 18:48:23,163,163,65,143,,,,,0,0,,,
Bogor,Kabupaten Bogor Leuwiliang,2026-04-29 18:00:00,80,79,42,,4,9,0,80,,,,,
Tangerang,Tangerang Pasir Jaya,2026-04-29 18:00:00,114,114,53,,58,63,0,65,,,,,
Bekasi,Bekasi Kayuringin,2026-04-29 18:00:00,85,85,39,,43,15,0,7,,,,,
Jakarta,The Pakubuwono Menteng,2026-04-29 18:48:38,115,115,45,85,,,,,52,31.6,,,
Depok,Cinere - Nafas,2026-04-29 18:49:23,160,160,62,135,,,,,0,0,,,
Bogor,Kabupaten Bogor Leuwiliang,2026-04-29 18:00:00,80,79,42,,4,9,0,80,,,,,
Tangerang,Tangerang Pasir Jaya,2026-04-29 18:00:00,114,114,53,,58,63,0,65,,,,,
Bekasi,Bekasi Kayuringin,2026-04-29 18:00:00,85,85,39,,43,15,0,7,,,,,
Jakarta,The Pakubuwono Menteng,2026-04-29 18:49:37,120,120,48,88,,,,,52,31.5,,,
Depok,Cinere - Nafas,2026-04-29 18:50:23,163,163,65,140,,,,,0,0,,,
Bogor,Kabupaten Bogor Leuwiliang,2026-04-29 18:00:00,80,79,42,,4,9,0,80,,,,,
Tangerang,Tangerang Pasir Jaya,2026-04-29 18:00:00,114,114,53,,58,63,0,65,,,,,
Bekasi,Bekasi Kayuringin,2026-04-29 18:00:00,85,85,39,,43,15,0,7,,,,,
Jakarta,The Pakubuwono Menteng,2026-04-29 18:51:37,110,110,42,84,,,,,52,31.5,,,
Depok,Cinere - Nafas,2026-04-29 18:52:23,163,163,66,141,,,,,0,0,,,
Bogor,Kabupaten Bogor Leuwiliang,2026-04-29 18:00:00,80,79,42,,4,9,0,80,,,,,
Tangerang,Tangerang Pasir Jaya,2026-04-29 18:00:00,114,114,53,,58,63,0,65,,,,,
Bekasi,Bekasi Kayuringin,2026-04-29 18:00:00,85,85,39,,43,15,0,7,,,,,
Jakarta,The Pakubuwono Menteng,2026-04-29 18:52:37,112,112,42,84,,,,,52,31.5,,,
Depok,Cinere - Nafas,2026-04-29 18:53:23,164,164,66,144,,,,,0,0,,,
Bogor,Kabupaten Bogor Leuwiliang,2026-04-29 18:00:00,80,79,42,,4,9,0,80,,,,,
Tangerang,Tangerang Pasir Jaya,2026-04-29 18:00:00,114,114,53,,58,63,0,65,,,,,
Bekasi,Bekasi Kayuringin,2026-04-29 18:00:00,85,85,39,,43,15,0,7,,,,,
Jakarta,The Pakubuwono Menteng,2026-04-29 18:53:37,113,113,44,85,,,,,52,31.5,,,
Depok,Cinere - Nafas,2026-04-29 18:54:23,166,166,69,151,,,,,0,0,,,
Bogor,Kabupaten Bogor Leuwiliang,2026-04-29 18:00:00,80,79,42,,4,9,0,80,,,,,
Tangerang,Tangerang Pasir Jaya,2026-04-29 18:00:00,114,114,53,,58,63,0,65,,,,,
Bekasi,Bekasi Kayuringin,2026-04-29 18:00:00,85,85,39,,43,15,0,7,,,,,
Jakarta,The Pakubuwono Menteng,2026-04-29 18:54:37,117,117,48,87,,,,,53,31.5,,,
Depok,Cinere - Nafas,2026-04-29 18:56:23,167,167,70,151,,,,,0,0,,,
Bogor,Kabupaten Bogor Leuwiliang,2026-04-29 18:00:00,80,79,42,,4,9,0,80,,,,,
Tangerang,Tangerang Pasir Jaya,2026-04-29 18:00:00,114,114,53,,58,63,0,65,,,,,
Bekasi,Bekasi Kayuringin,2026-04-29 18:00:00,85,85,39,,43,15,0,7,,,,,
Jakarta,The Pakubuwono Menteng,2026-04-29 18:56:37,113,113,44,85,,,,,52,31.5,,,
Depok,Cinere - Nafas,2026-04-29 18:57:23,166,166,68,151,,,,,0,0,,,
Bogor,Kabupaten Bogor Leuwiliang,2026-04-29 18:00:00,80,79,42,,4,9,0,80,,,,,
Tangerang,Tangerang Pasir Jaya,2026-04-29 18:00:00,114,114,53,,58,63,0,65,,,,,
Bekasi,Bekasi Kayuringin,2026-04-29 18:00:00,85,85,39,,43,15,0,7,,,,,
Jakarta,The Pakubuwono Menteng,2026-04-29 18:58:37,109,109,42,83,,,,,52,31.6,,,
Depok,Cinere - Nafas,2026-04-29 18:59:23,164,164,66,148,,,,,0,0,,,
Bogor,Kabupaten Bogor Leuwiliang,2026-04-29 18:00:00,80,79,42,,4,9,0,80,,,,,
Tangerang,Tangerang Pasir Jaya,2026-04-29 18:00:00,114,114,53,,58,63,0,65,,,,,
Bekasi,Bekasi Kayuringin,2026-04-29 18:00:00,85,85,39,,43,15,0,7,,,,,
Jakarta,The Pakubuwono Menteng,2026-04-29 18:59:37,111,111,42,83,,,,,52,31.6,,,
Depok,Cinere - Nafas,2026-04-29 19:00:23,163,163,65,146,,,,,0,0,,,
Bogor,Kabupaten Bogor Leuwiliang,2026-04-29 18:00:00,80,79,42,,4,9,0,80,,,,,
Tangerang,Tangerang Pasir Jaya,2026-04-29 18:00:00,114,114,53,,58,63,0,65,,,,,
Bekasi,Bekasi Kayuringin,2026-04-29 18:00:00,85,85,39,,43,15,0,7,,,,,
Jakarta,The Pakubuwono Menteng,2026-04-29 19:00:37,107,107,40,80,,,,,52,31.5,,,
Depok,Cinere - Nafas,2026-04-29 19:01:23,162,162,64,140,,,,,0,0,,,
Bogor,Kabupaten Bogor Leuwiliang,2026-04-29 18:00:00,80,79,42,,4,9,0,80,,,,,
Tangerang,Tangerang Pasir Jaya,2026-04-29 18:00:00,114,114,53,,58,63,0,65,,,,,
Bekasi,Bekasi Kayuringin,2026-04-29 18:00:00,85,85,39,,43,15,0,7,,,,,
Jakarta,The Pakubuwono Menteng,2026-04-29 19:00:37,107,107,40,80,,,,,52,31.5,,,
Depok,Cinere - Nafas,2026-04-29 19:01:23,162,162,64,140,,,,,0,0,,,
Bogor,Kabupaten Bogor Leuwiliang,2026-04-29 18:00:00,80,79,42,,4,9,0,80,,,,,
Tangerang,Tangerang Pasir Jaya,2026-04-29 18:00:00,114,114,53,,58,63,0,65,,,,,
Bekasi,Bekasi Kayuringin,2026-04-29 18:00:00,85,85,39,,43,15,0,7,,,,,
Jakarta,The Pakubuwono Menteng,2026-04-29 19:01:37,104,104,38,80,,,,,52,31.6,,,
Depok,Cinere - Nafas,2026-04-29 19:02:23,163,163,66,141,,,,,0,0,,,
Bogor,Kabupaten Bogor Leuwiliang,2026-04-29 18:00:00,80,79,42,,4,9,0,80,,,,,
Tangerang,Tangerang Pasir Jaya,2026-04-29 18:00:00,114,114,53,,58,63,0,65,,,,,
Bekasi,Bekasi Kayuringin,2026-04-29 18:00:00,85,85,39,,43,15,0,7,,,,,
Jakarta,The Pakubuwono Menteng,2026-04-29 19:02:37,106,106,40,83,,,,,52,31.6,,,
Depok,Cinere - Nafas,2026-04-29 19:03:26,162,162,66,143,,,,,0,0,,,
Bogor,Kabupaten Bogor Leuwiliang,2026-04-29 18:00:00,80,79,42,,4,9,0,80,,,,,
Tangerang,Tangerang Pasir Jaya,2026-04-29 18:00:00,114,114,53,,58,63,0,65,,,,,
Bekasi,Bekasi Kayuringin,2026-04-29 18:00:00,85,85,39,,43,15,0,7,,,,,
Jakarta,The Pakubuwono Menteng,2026-04-29 19:03:37,110,110,42,83,,,,,52,31.6,,,
Depok,Cinere - Nafas,2026-04-29 19:04:23,163,163,65,141,,,,,0,0,,,
Bogor,Kabupaten Bogor Leuwiliang,2026-04-29 18:00:00,80,79,42,,4,9,0,80,,,,,
Tangerang,Tangerang Pasir Jaya,2026-04-29 18:00:00,114,114,53,,58,63,0,65,,,,,
Bekasi,Bekasi Kayuringin,2026-04-29 18:00:00,85,85,39,,43,15,0,7,,,,,
Jakarta,The Pakubuwono Menteng,2026-04-29 19:06:37,121,121,47,89,,,,,52,31.6,,,
Depok,Cinere - Nafas,2026-04-29 19:07:23,163,163,65,144,,,,,0,0,,,
Bogor,Kabupaten Bogor Leuwiliang,2026-04-29 18:00:00,80,79,42,,4,9,0,80,,,,,
Tangerang,Tangerang Pasir Jaya,2026-04-29 18:00:00,114,114,53,,58,63,0,65,,,,,
Bekasi,Bekasi Kayuringin,2026-04-29 18:00:00,85,85,39,,43,15,0,7,,,,,
Jakarta,The Pakubuwono Menteng,2026-04-29 19:07:37,113,113,43,87,,,,,52,31.7,,,
Depok,Cinere - Nafas,2026-04-29 19:08:23,165,165,67,150,,,,,0,0,,,
Bogor,Kabupaten Bogor Leuwiliang,2026-04-29 18:00:00,80,79,42,,4,9,0,80,,,,,
Tangerang,Tangerang Pasir Jaya,2026-04-29 18:00:00,114,114,53,,58,63,0,65,,,,,
Bekasi,Bekasi Kayuringin,2026-04-29 18:00:00,85,85,39,,43,15,0,7,,,,,
Jakarta,The Pakubuwono Menteng,2026-04-29 19:07:37,113,113,43,87,,,,,52,31.7,,,
Depok,Cinere - Nafas,2026-04-29 19:08:23,165,165,67,150,,,,,0,0,,,
Bogor,Kabupaten Bogor Leuwiliang,2026-04-29 19:00:00,80,78,41,,4,9,0,80,,,,,
Tangerang,Tangerang Pasir Jaya,2026-04-29 19:00:00,117,117,54,,58,63,0,65,,,,,
Bekasi,Bekasi Kayuringin,2026-04-29 19:00:00,86,86,40,,44,15,0,7,,,,,
Jakarta,The Pakubuwono Menteng,2026-04-29 19:09:37,115,115,44,87,,,,,52,31.7,,,
Depok,Cinere - Nafas,2026-04-29 19:09:27,165,165,68,148,,,,,0,0,,,
Bogor,Kabupaten Bogor Leuwiliang,2026-04-29 19:00:00,80,78,41,,4,9,0,80,,,,,
Tangerang,Tangerang Pasir Jaya,2026-04-29 19:00:00,117,117,54,,58,63,0,65,,,,,
Bekasi,Bekasi Kayuringin,2026-04-29 19:00:00,86,86,40,,44,15,0,7,,,,,
Jakarta,The Pakubuwono Menteng,2026-04-29 19:09:37,115,115,44,87,,,,,52,31.7,,,
Depok,Cinere - Nafas,2026-04-29 19:09:27,165,165,68,148,,,,,0,0,,,
Bogor,Kabupaten Bogor Leuwiliang,2026-04-29 19:00:00,80,78,41,,4,9,0,80,,,,,
Tangerang,Tangerang Pasir Jaya,2026-04-29 19:00:00,117,117,54,,58,63,0,65,,,,,
Bekasi,Bekasi Kayuringin,2026-04-29 19:00:00,86,86,40,,44,15,0,7,,,,,
Jakarta,The Pakubuwono Menteng,2026-04-29 19:11:37,123,123,48,90,,,,,52,31.7,,,
Depok,Cinere - Nafas,2026-04-29 19:11:30,165,165,67,147,,,,,0,0,,,
Bogor,Kabupaten Bogor Leuwiliang,2026-04-29 19:00:00,80,78,41,,4,9,0,80,,,,,
Tangerang,Tangerang Pasir Jaya,2026-04-29 19:00:00,117,117,54,,58,63,0,65,,,,,
Bekasi,Bekasi Kayuringin,2026-04-29 19:00:00,86,86,40,,44,15,0,7,,,,,
Jakarta,The Pakubuwono Menteng,2026-04-29 19:12:37,125,125,50,91,,,,,52,31.7,,,
Depok,Cinere - Nafas,2026-04-29 19:12:42,166,166,67,149,,,,,0,0,,,
Bogor,Kabupaten Bogor Leuwiliang,2026-04-29 19:00:00,80,78,41,,4,9,0,80,,,,,
Tangerang,Tangerang Pasir Jaya,2026-04-29 19:00:00,117,117,54,,58,63,0,65,,,,,
Bekasi,Bekasi Kayuringin,2026-04-29 19:00:00,86,86,40,,44,15,0,7,,,,,
Jakarta,The Pakubuwono Menteng,2026-04-29 19:14:37,123,123,49,89,,,,,52,31.7,,,
Depok,Cinere - Nafas,2026-04-29 19:15:43,164,164,67,146,,,,,0,0,,,
Bogor,Kabupaten Bogor Leuwiliang,2026-04-29 19:00:00,80,78,41,,4,9,0,80,,,,,
Tangerang,Tangerang Pasir Jaya,2026-04-29 19:00:00,117,117,54,,58,63,0,65,,,,,
Bekasi,Bekasi Kayuringin,2026-04-29 19:00:00,86,86,40,,44,15,0,7,,,,,
Jakarta,The Pakubuwono Menteng,2026-04-29 19:16:38,115,115,44,88,,,,,52,31.7,,,
Depok,Cinere - Nafas,2026-04-29 19:16:43,164,164,66,140,,,,,0,0,,,
Bogor,Kabupaten Bogor Leuwiliang,2026-04-29 19:00:00,80,78,41,,4,9,0,80,,,,,
Tangerang,Tangerang Pasir Jaya,2026-04-29 19:00:00,117,117,54,,58,63,0,65,,,,,
Bekasi,Bekasi Kayuringin,2026-04-29 19:00:00,86,86,40,,44,15,0,7,,,,,
Jakarta,The Pakubuwono Menteng,2026-04-29 19:17:38,111,111,43,84,,,,,52,31.7,,,
Depok,Cinere - Nafas,2026-04-29 19:17:42,163,163,65,141,,,,,0,0,,,
Bogor,Kabupaten Bogor Leuwiliang,2026-04-29 19:00:00,80,78,41,,4,9,0,80,,,,,
Tangerang,Tangerang Pasir Jaya,2026-04-29 19:00:00,117,117,54,,58,63,0,65,,,,,
Bekasi,Bekasi Kayuringin,2026-04-29 19:00:00,86,86,40,,44,15,0,7,,,,,
Jakarta,The Pakubuwono Menteng,2026-04-29 19:18:38,125,125,50,93,,,,,52,31.7,,,
Depok,Cinere - Nafas,2026-04-29 19:18:43,161,161,64,138,,,,,0,0,,,
Bogor,Kabupaten Bogor Leuwiliang,2026-04-29 19:00:00,80,78,41,,4,9,0,80,,,,,
Tangerang,Tangerang Pasir Jaya,2026-04-29 19:00:00,117,117,54,,58,63,0,65,,,,,
Bekasi,Bekasi Kayuringin,2026-04-29 19:00:00,86,86,40,,44,15,0,7,,,,,
Jakarta,The Pakubuwono Menteng,2026-04-29 19:20:38,122,122,50,89,,,,,52,31.7,,,
Depok,Cinere - Nafas,2026-04-29 19:20:42,161,161,64,136,,,,,0,0,,,
Bogor,Kabupaten Bogor Leuwiliang,2026-04-29 19:00:00,80,78,41,,4,9,0,80,,,,,
Tangerang,Tangerang Pasir Jaya,2026-04-29 19:00:00,117,117,54,,58,63,0,65,,,,,
Bekasi,Bekasi Kayuringin,2026-04-29 19:00:00,86,86,40,,44,15,0,7,,,,,
Jakarta,The Pakubuwono Menteng,2026-04-29 19:21:38,119,119,48,89,,,,,52,31.7,,,
Depok,Cinere - Nafas,2026-04-29 19:20:42,161,161,64,136,,,,,0,0,,,
Bogor,Kabupaten Bogor Leuwiliang,2026-04-29 19:00:00,80,78,41,,4,9,0,80,,,,,
Tangerang,Tangerang Pasir Jaya,2026-04-29 19:00:00,117,117,54,,58,63,0,65,,,,,
Bekasi,Bekasi Kayuringin,2026-04-29 19:00:00,86,86,40,,44,15,0,7,,,,,
Jakarta,The Pakubuwono Menteng,2026-04-29 19:21:38,119,119,48,89,,,,,52,31.7,,,
Depok,Cinere - Nafas,2026-04-29 19:20:42,161,161,64,136,,,,,0,0,,,
Bogor,Kabupaten Bogor Leuwiliang,2026-04-29 19:00:00,80,78,41,,4,9,0,80,,,,,
Tangerang,Tangerang Pasir Jaya,2026-04-29 19:00:00,117,117,54,,58,63,0,65,,,,,
Bekasi,Bekasi Kayuringin,2026-04-29 19:00:00,86,86,40,,44,15,0,7,,,,,
Jakarta,The Pakubuwono Menteng,2026-04-29 19:22:38,117,117,45,89,,,,,52,31.7,,,
Depok,Cinere - Nafas,2026-04-29 19:22:08,158,158,62,131,,,,,0,0,,,
Bogor,Kabupaten Bogor Leuwiliang,2026-04-29 19:00:00,80,78,41,,4,9,0,80,,,,,
Tangerang,Tangerang Pasir Jaya,2026-04-29 19:00:00,117,117,54,,58,63,0,65,,,,,
Bekasi,Bekasi Kayuringin,2026-04-29 19:00:00,86,86,40,,44,15,0,7,,,,,
Jakarta,The Pakubuwono Menteng,2026-04-29 19:23:38,121,121,47,90,,,,,52,31.6,,,
Depok,Cinere - Nafas,2026-04-29 19:23:08,159,159,62,130,,,,,0,0,,,
Bogor,Kabupaten Bogor Leuwiliang,2026-04-29 19:00:00,80,78,41,,4,9,0,80,,,,,
Tangerang,Tangerang Pasir Jaya,2026-04-29 19:00:00,117,117,54,,58,63,0,65,,,,,
Bekasi,Bekasi Kayuringin,2026-04-29 19:00:00,86,86,40,,44,15,0,7,,,,,
Jakarta,The Pakubuwono Menteng,2026-04-29 19:24:38,122,122,48,92,,,,,52,31.7,,,
Depok,Cinere - Nafas,2026-04-29 19:26:09,159,159,61,129,,,,,0,0,,,
Bogor,Kabupaten Bogor Leuwiliang,2026-04-29 19:00:00,80,78,41,,4,9,0,80,,,,,
Tangerang,Tangerang Pasir Jaya,2026-04-29 19:00:00,117,117,54,,58,63,0,65,,,,,
Bekasi,Bekasi Kayuringin,2026-04-29 19:00:00,86,86,40,,44,15,0,7,,,,,
Jakarta,The Pakubuwono Menteng,2026-04-29 19:27:38,116,116,45,86,,,,,52,31.6,,,
Depok,Cinere - Nafas,2026-04-29 19:27:08,158,158,62,131,,,,,0,0,,,
Bogor,Kabupaten Bogor Leuwiliang,2026-04-29 19:00:00,80,78,41,,4,9,0,80,,,,,
Tangerang,Tangerang Pasir Jaya,2026-04-29 19:00:00,117,117,54,,58,63,0,65,,,,,
Bekasi,Bekasi Kayuringin,2026-04-29 19:00:00,86,86,40,,44,15,0,7,,,,,
Jakarta,The Pakubuwono Menteng,2026-04-29 19:28:38,114,114,44,86,,,,,52,31.6,,,
Depok,Cinere - Nafas,2026-04-29 19:28:11,157,157,61,123,,,,,0,0,,,
Bogor,Kabupaten Bogor Leuwiliang,2026-04-29 19:00:00,80,78,41,,4,9,0,80,,,,,
Tangerang,Tangerang Pasir Jaya,2026-04-29 19:00:00,117,117,54,,58,63,0,65,,,,,
Bekasi,Bekasi Kayuringin,2026-04-29 19:00:00,86,86,40,,44,15,0,7,,,,,
Jakarta,The Pakubuwono Menteng,2026-04-29 19:29:38,116,116,45,87,,,,,52,31.5,,,
Depok,Cinere - Nafas,2026-04-29 19:29:35,159,159,62,131,,,,,59,28.8,,,
Bogor,Kabupaten Bogor Leuwiliang,2026-04-29 19:00:00,80,78,41,,4,9,0,80,,,,,
Tangerang,Tangerang Pasir Jaya,2026-04-29 19:00:00,117,117,54,,58,63,0,65,,,,,
Bekasi,Bekasi Kayuringin,2026-04-29 19:00:00,86,86,40,,44,15,0,7,,,,,
Jakarta,The Pakubuwono Menteng,2026-04-29 19:30:38,113,113,43,87,,,,,52,31.5,,,
Depok,Cinere - Nafas,2026-04-29 19:30:34,159,159,62,130,,,,,59,28.8,,,
Bogor,Kabupaten Bogor Leuwiliang,2026-04-29 19:00:00,80,78,41,,4,9,0,80,,,,,
Tangerang,Tangerang Pasir Jaya,2026-04-29 19:00:00,117,117,54,,58,63,0,65,,,,,
Bekasi,Bekasi Kayuringin,2026-04-29 19:00:00,86,86,40,,44,15,0,7,,,,,
Jakarta,The Pakubuwono Menteng,2026-04-29 19:31:38,115,115,45,85,,,,,52,31.5,,,
Depok,Cinere - Nafas,2026-04-29 19:31:34,158,158,62,129,,,,,59,28.8,,,
Bogor,Kabupaten Bogor Leuwiliang,2026-04-29 19:00:00,80,78,41,,4,9,0,80,,,,,
Tangerang,Tangerang Pasir Jaya,2026-04-29 19:00:00,117,117,54,,58,63,0,65,,,,,
Bekasi,Bekasi Kayuringin,2026-04-29 19:00:00,86,86,40,,44,15,0,7,,,,,
Jakarta,The Pakubuwono Menteng,2026-04-29 19:32:38,110,110,42,82,,,,,52,31.5,,,
Depok,Cinere - Nafas,2026-04-29 19:32:35,159,159,62,133,,,,,59,28.8,,,
Bogor,Kabupaten Bogor Leuwiliang,2026-04-29 19:00:00,80,78,41,,4,9,0,80,,,,,
Tangerang,Tangerang Pasir Jaya,2026-04-29 19:00:00,117,117,54,,58,63,0,65,,,,,
Bekasi,Bekasi Kayuringin,2026-04-29 19:00:00,86,86,40,,44,15,0,7,,,,,
Jakarta,The Pakubuwono Menteng,2026-04-29 19:34:38,103,103,39,81,,,,,52,31.5,,,
Depok,Cinere - Nafas,2026-04-29 19:33:33,158,158,62,128,,,,,59,28.8,,,
Bogor,Kabupaten Bogor Leuwiliang,2026-04-29 19:00:00,80,78,41,,4,9,0,80,,,,,
Tangerang,Tangerang Pasir Jaya,2026-04-29 19:00:00,117,117,54,,58,63,0,65,,,,,
Bekasi,Bekasi Kayuringin,2026-04-29 19:00:00,86,86,40,,44,15,0,7,,,,,
Jakarta,The Pakubuwono Menteng,2026-04-29 19:35:38,110,110,42,83,,,,,52,31.5,,,
Depok,Cinere - Nafas,2026-04-29 19:35:55,159,159,61,127,,,,,59,28.8,,,
Bogor,Kabupaten Bogor Leuwiliang,2026-04-29 19:00:00,80,78,41,,4,9,0,80,,,,,
Tangerang,Tangerang Pasir Jaya,2026-04-29 19:00:00,117,117,54,,58,63,0,65,,,,,
Bekasi,Bekasi Kayuringin,2026-04-29 19:00:00,86,86,40,,44,15,0,7,,,,,
Jakarta,The Pakubuwono Menteng,2026-04-29 19:36:38,106,106,40,82,,,,,52,31.6,,,
Depok,Cinere - Nafas,2026-04-29 19:36:55,159,159,61,128,,,,,59,28.8,,,
Bogor,Kabupaten Bogor Leuwiliang,2026-04-29 19:00:00,80,78,41,,4,9,0,80,,,,,
Tangerang,Tangerang Pasir Jaya,2026-04-29 19:00:00,117,117,54,,58,63,0,65,,,,,
Bekasi,Bekasi Kayuringin,2026-04-29 19:00:00,86,86,40,,44,15,0,7,,,,,
Jakarta,The Pakubuwono Menteng,2026-04-29 19:37:38,108,108,41,82,,,,,52,31.5,,,
Depok,Cinere - Nafas,2026-04-29 19:37:55,159,159,62,131,,,,,59,28.8,,,
Bogor,Kabupaten Bogor Leuwiliang,2026-04-29 19:00:00,80,78,41,,4,9,0,80,,,,,
Tangerang,Tangerang Pasir Jaya,2026-04-29 19:00:00,117,117,54,,58,63,0,65,,,,,
Bekasi,Bekasi Kayuringin,2026-04-29 19:00:00,86,86,40,,44,15,0,7,,,,,
Jakarta,The Pakubuwono Menteng,2026-04-29 19:38:38,106,106,41,83,,,,,52,31.6,,,
Depok,Cinere - Nafas,2026-04-29 19:38:55,160,160,62,137,,,,,58,28.7,,,
Bogor,Kabupaten Bogor Leuwiliang,2026-04-29 19:00:00,80,78,41,,4,9,0,80,,,,,
Tangerang,Tangerang Pasir Jaya,2026-04-29 19:00:00,117,117,54,,58,63,0,65,,,,,
Bekasi,Bekasi Kayuringin,2026-04-29 19:00:00,86,86,40,,44,15,0,7,,,,,
Jakarta,The Pakubuwono Menteng,2026-04-29 19:39:38,106,106,40,83,,,,,52,31.6,,,
Depok,Cinere - Nafas,2026-04-29 19:39:55,160,160,62,135,,,,,58,28.7,,,
Bogor,Kabupaten Bogor Leuwiliang,2026-04-29 19:00:00,80,78,41,,4,9,0,80,,,,,
Tangerang,Tangerang Pasir Jaya,2026-04-29 19:00:00,117,117,54,,58,63,0,65,,,,,
Bekasi,Bekasi Kayuringin,2026-04-29 19:00:00,86,86,40,,44,15,0,7,,,,,
Jakarta,The Pakubuwono Menteng,2026-04-29 19:41:39,120,120,46,90,,,,,52,31.6,,,
Depok,Cinere - Nafas,2026-04-29 19:41:58,160,160,62,135,,,,,58,28.7,,,
Bogor,Kabupaten Bogor Leuwiliang,2026-04-29 19:00:00,80,78,41,,4,9,0,80,,,,,
Tangerang,Tangerang Pasir Jaya,2026-04-29 19:00:00,117,117,54,,58,63,0,65,,,,,
Bekasi,Bekasi Kayuringin,2026-04-29 19:00:00,86,86,40,,44,15,0,7,,,,,
Jakarta,The Pakubuwono Menteng,2026-04-29 19:42:39,114,114,44,86,,,,,52,31.6,,,
Depok,Cinere - Nafas,2026-04-29 19:42:55,159,159,62,132,,,,,58,28.7,,,
Bogor,Kabupaten Bogor Leuwiliang,2026-04-29 19:00:00,80,78,41,,4,9,0,80,,,,,
Tangerang,Tangerang Pasir Jaya,2026-04-29 19:00:00,117,117,54,,58,63,0,65,,,,,
Bekasi,Bekasi Kayuringin,2026-04-29 19:00:00,86,86,40,,44,15,0,7,,,,,
Jakarta,The Pakubuwono Menteng,2026-04-29 19:43:38,111,111,42,83,,,,,52,31.6,,,
Depok,Cinere - Nafas,2026-04-29 19:43:55,160,160,63,135,,,,,58,28.7,,,
Bogor,Kabupaten Bogor Leuwiliang,2026-04-29 19:00:00,80,78,41,,4,9,0,80,,,,,
Tangerang,Tangerang Pasir Jaya,2026-04-29 19:00:00,117,117,54,,58,63,0,65,,,,,
Bekasi,Bekasi Kayuringin,2026-04-29 19:00:00,86,86,40,,44,15,0,7,,,,,
Jakarta,The Pakubuwono Menteng,2026-04-29 19:45:38,108,108,40,82,,,,,52,31.5,,,
Depok,Cinere - Nafas,2026-04-29 19:45:58,161,161,63,136,,,,,58,28.7,,,
Bogor,Kabupaten Bogor Leuwiliang,2026-04-29 19:00:00,80,78,41,,4,9,0,80,,,,,
Tangerang,Tangerang Pasir Jaya,2026-04-29 19:00:00,117,117,54,,58,63,0,65,,,,,
Bekasi,Bekasi Kayuringin,2026-04-29 19:00:00,86,86,40,,44,15,0,7,,,,,
Jakarta,The Pakubuwono Menteng,2026-04-29 19:46:44,113,113,43,85,,,,,52,31.6,,,
Depok,Cinere - Nafas,2026-04-29 19:46:55,161,161,64,136,,,,,58,28.7,,,
Bogor,Kabupaten Bogor Leuwiliang,2026-04-29 19:00:00,80,78,41,,4,9,0,80,,,,,
Tangerang,Tangerang Pasir Jaya,2026-04-29 19:00:00,117,117,54,,58,63,0,65,,,,,
Bekasi,Bekasi Kayuringin,2026-04-29 19:00:00,86,86,40,,44,15,0,7,,,,,
Jakarta,The Pakubuwono Menteng,2026-04-29 19:47:38,113,113,43,84,,,,,52,31.6,,,
Depok,Cinere - Nafas,2026-04-29 19:47:55,159,159,62,129,,,,,58,28.7,,,
Bogor,Kabupaten Bogor Leuwiliang,2026-04-29 19:00:00,80,78,41,,4,9,0,80,,,,,
Tangerang,Tangerang Pasir Jaya,2026-04-29 19:00:00,117,117,54,,58,63,0,65,,,,,
Bekasi,Bekasi Kayuringin,2026-04-29 19:00:00,86,86,40,,44,15,0,7,,,,,
Jakarta,The Pakubuwono Menteng,2026-04-29 19:48:38,103,103,40,82,,,,,52,31.6,,,
Depok,Cinere - Nafas,2026-04-29 19:48:55,159,159,62,130,,,,,59,28.7,,,
Bogor,Kabupaten Bogor Leuwiliang,2026-04-29 19:00:00,80,78,41,,4,9,0,80,,,,,
Tangerang,Tangerang Pasir Jaya,2026-04-29 19:00:00,117,117,54,,58,63,0,65,,,,,
Bekasi,Bekasi Kayuringin,2026-04-29 19:00:00,86,86,40,,44,15,0,7,,,,,
Jakarta,The Pakubuwono Menteng,2026-04-29 19:49:38,106,106,40,83,,,,,52,31.6,,,
Depok,Cinere - Nafas,2026-04-29 19:49:55,160,160,63,129,,,,,59,28.7,,,
Bogor,Kabupaten Bogor Leuwiliang,2026-04-29 19:00:00,80,78,41,,4,9,0,80,,,,,
Tangerang,Tangerang Pasir Jaya,2026-04-29 19:00:00,117,117,54,,58,63,0,65,,,,,
Bekasi,Bekasi Kayuringin,2026-04-29 19:00:00,86,86,40,,44,15,0,7,,,,,
Jakarta,The Pakubuwono Menteng,2026-04-29 19:50:38,107,107,42,82,,,,,52,31.6,,,
Depok,Cinere - Nafas,2026-04-29 19:50:56,159,159,62,129,,,,,59,28.7,,,
Bogor,Kabupaten Bogor Leuwiliang,2026-04-29 19:00:00,80,78,41,,4,9,0,80,,,,,
Tangerang,Tangerang Pasir Jaya,2026-04-29 19:00:00,117,117,54,,58,63,0,65,,,,,
Bekasi,Bekasi Kayuringin,2026-04-29 19:00:00,86,86,40,,44,15,0,7,,,,,
Jakarta,The Pakubuwono Menteng,2026-04-29 19:51:38,109,109,42,83,,,,,52,31.6,,,
Depok,Cinere - Nafas,2026-04-29 19:51:57,160,160,62,130,,,,,59,28.7,,,
Bogor,Kabupaten Bogor Leuwiliang,2026-04-29 19:00:00,80,78,41,,4,9,0,80,,,,,
Tangerang,Tangerang Pasir Jaya,2026-04-29 19:00:00,117,117,54,,58,63,0,65,,,,,
Bekasi,Bekasi Kayuringin,2026-04-29 19:00:00,86,86,40,,44,15,0,7,,,,,
Jakarta,The Pakubuwono Menteng,2026-04-29 19:52:38,108,108,42,83,,,,,52,31.6,,,
Depok,Cinere - Nafas,2026-04-29 19:52:55,160,160,62,134,,,,,59,28.7,,,
Bogor,Kabupaten Bogor Leuwiliang,2026-04-29 19:00:00,80,78,41,,4,9,0,80,,,,,
Tangerang,Tangerang Pasir Jaya,2026-04-29 19:00:00,117,117,54,,58,63,0,65,,,,,
Bekasi,Bekasi Kayuringin,2026-04-29 19:00:00,86,86,40,,44,15,0,7,,,,,
Jakarta,The Pakubuwono Menteng,2026-04-29 19:55:38,103,103,38,79,,,,,52,31.6,,,
Depok,Cinere - Nafas,2026-04-29 19:55:55,162,162,65,140,,,,,59,28.7,,,
Bogor,Kabupaten Bogor Leuwiliang,2026-04-29 19:00:00,80,78,41,,4,9,0,80,,,,,
Tangerang,Tangerang Pasir Jaya,2026-04-29 19:00:00,117,117,54,,58,63,0,65,,,,,
Bekasi,Bekasi Kayuringin,2026-04-29 19:00:00,86,86,40,,44,15,0,7,,,,,
Jakarta,The Pakubuwono Menteng,2026-04-29 19:56:38,96,96,33,77,,,,,51,31.6,,,
Depok,Cinere - Nafas,2026-04-29 19:56:55,160,160,63,134,,,,,59,28.7,,,
Bogor,Kabupaten Bogor Leuwiliang,2026-04-29 19:00:00,80,78,41,,4,9,0,80,,,,,
Tangerang,Tangerang Pasir Jaya,2026-04-29 19:00:00,117,117,54,,58,63,0,65,,,,,
Bekasi,Bekasi Kayuringin,2026-04-29 19:00:00,86,86,40,,44,15,0,7,,,,,
Jakarta,The Pakubuwono Menteng,2026-04-29 19:57:38,96,96,34,77,,,,,51,31.6,,,
Depok,Cinere - Nafas,2026-04-29 19:57:55,160,160,62,134,,,,,59,28.7,,,
Bogor,Kabupaten Bogor Leuwiliang,2026-04-29 19:00:00,80,78,41,,4,9,0,80,,,,,
Tangerang,Tangerang Pasir Jaya,2026-04-29 19:00:00,117,117,54,,58,63,0,65,,,,,
Bekasi,Bekasi Kayuringin,2026-04-29 19:00:00,86,86,40,,44,15,0,7,,,,,
Jakarta,The Pakubuwono Menteng,2026-04-29 19:58:38,102,102,38,80,,,,,51,31.6,,,
Depok,Cinere - Nafas,2026-04-29 19:58:55,161,161,63,136,,,,,59,28.7,,,
Bogor,Kabupaten Bogor Leuwiliang,2026-04-29 19:00:00,80,78,41,,4,9,0,80,,,,,
Tangerang,Tangerang Pasir Jaya,2026-04-29 19:00:00,117,117,54,,58,63,0,65,,,,,
Bekasi,Bekasi Kayuringin,2026-04-29 19:00:00,86,86,40,,44,15,0,7,,,,,
Jakarta,The Pakubuwono Menteng,2026-04-29 19:58:38,102,102,38,80,,,,,51,31.6,,,
Depok,Cinere - Nafas,2026-04-29 19:58:55,161,161,63,136,,,,,59,28.7,,,
Bogor,Kabupaten Bogor Leuwiliang,2026-04-29 19:00:00,80,78,41,,4,9,0,80,,,,,
Tangerang,Tangerang Pasir Jaya,2026-04-29 19:00:00,117,117,54,,58,63,0,65,,,,,
Bekasi,Bekasi Kayuringin,2026-04-29 19:00:00,86,86,40,,44,15,0,7,,,,,
Jakarta,The Pakubuwono Menteng,2026-04-29 19:59:38,106,106,41,80,,,,,51,31.6,,,
Depok,Cinere - Nafas,2026-04-29 19:59:55,162,162,65,137,,,,,59,28.7,,,
Bogor,Kabupaten Bogor Leuwiliang,2026-04-29 19:00:00,80,78,41,,4,9,0,80,,,,,
Tangerang,Tangerang Pasir Jaya,2026-04-29 19:00:00,117,117,54,,58,63,0,65,,,,,
Bekasi,Bekasi Kayuringin,2026-04-29 19:00:00,86,86,40,,44,15,0,7,,,,,
Jakarta,The Pakubuwono Menteng,2026-04-29 20:00:38,106,106,41,82,,,,,51,31.6,,,
Depok,Cinere - Nafas,2026-04-29 20:00:55,162,162,64,141,,,,,59,28.7,,,
Bogor,Kabupaten Bogor Leuwiliang,2026-04-29 19:00:00,80,78,41,,4,9,0,80,,,,,
Tangerang,Tangerang Pasir Jaya,2026-04-29 19:00:00,117,117,54,,58,63,0,65,,,,,
Bekasi,Bekasi Kayuringin,2026-04-29 19:00:00,86,86,40,,44,15,0,7,,,,,
Jakarta,The Pakubuwono Menteng,2026-04-29 20:02:38,106,106,40,82,,,,,51,31.7,,,
Depok,Cinere - Nafas,2026-04-29 20:02:55,160,160,63,133,,,,,58,28.7,,,
Bogor,Kabupaten Bogor Leuwiliang,2026-04-29 19:00:00,80,78,41,,4,9,0,80,,,,,
Tangerang,Tangerang Pasir Jaya,2026-04-29 19:00:00,117,117,54,,58,63,0,65,,,,,
Bekasi,Bekasi Kayuringin,2026-04-29 19:00:00,86,86,40,,44,15,0,7,,,,,
Jakarta,The Pakubuwono Menteng,2026-04-29 20:04:38,113,113,44,87,,,,,51,31.7,,,
Depok,Cinere - Nafas,2026-04-29 20:04:55,160,160,62,135,,,,,58,28.7,,,
Bogor,Kabupaten Bogor Leuwiliang,2026-04-29 19:00:00,80,78,41,,4,9,0,80,,,,,
Tangerang,Tangerang Pasir Jaya,2026-04-29 19:00:00,117,117,54,,58,63,0,65,,,,,
Bekasi,Bekasi Kayuringin,2026-04-29 19:00:00,86,86,40,,44,15,0,7,,,,,
Jakarta,The Pakubuwono Menteng,2026-04-29 20:05:39,114,114,44,85,,,,,51,31.7,,,
Depok,Cinere - Nafas,2026-04-29 20:05:56,161,161,64,136,,,,,58,28.7,,,
Bogor,Kabupaten Bogor Leuwiliang,2026-04-29 19:00:00,80,78,41,,4,9,0,80,,,,,
Tangerang,Tangerang Pasir Jaya,2026-04-29 19:00:00,117,117,54,,58,63,0,65,,,,,
Bekasi,Bekasi Kayuringin,2026-04-29 19:00:00,86,86,40,,44,15,0,7,,,,,
Jakarta,The Pakubuwono Menteng,2026-04-29 20:06:38,115,115,44,86,,,,,51,31.7,,,
Depok,Cinere - Nafas,2026-04-29 20:06:56,160,160,63,138,,,,,58,28.7,,,
Bogor,Kabupaten Bogor Leuwiliang,2026-04-29 19:00:00,80,78,41,,4,9,0,80,,,,,
Tangerang,Tangerang Pasir Jaya,2026-04-29 19:00:00,117,117,54,,58,63,0,65,,,,,
Bekasi,Bekasi Kayuringin,2026-04-29 19:00:00,86,86,40,,44,15,0,7,,,,,
Jakarta,The Pakubuwono Menteng,2026-04-29 20:07:38,113,113,43,86,,,,,51,31.7,,,
Depok,Cinere - Nafas,2026-04-29 20:08:06,162,162,65,140,,,,,58,28.7,,,
Bogor,Kabupaten Bogor Leuwiliang,2026-04-29 19:00:00,80,78,41,,4,9,0,80,,,,,
Tangerang,Tangerang Pasir Jaya,2026-04-29 19:00:00,117,117,54,,58,63,0,65,,,,,
Bekasi,Bekasi Kayuringin,2026-04-29 19:00:00,86,86,40,,44,15,0,7,,,,,
Jakarta,The Pakubuwono Menteng,2026-04-29 20:09:39,119,119,47,90,,,,,52,31.6,,,
Depok,Cinere - Nafas,2026-04-29 20:09:55,162,162,65,135,,,,,58,28.7,,,
Bogor,Kabupaten Bogor Leuwiliang,2026-04-29 20:00:00,80,78,41,,4,9,0,80,,,,,
Tangerang,Tangerang Pasir Jaya,2026-04-29 20:00:00,123,123,55,,58,63,0,65,,,,,
Bekasi,Bekasi Kayuringin,2026-04-29 20:00:00,88,88,41,,44,15,0,7,,,,,
Jakarta,The Pakubuwono Menteng,2026-04-29 20:10:39,113,113,45,85,,,,,52,31.7,,,
Depok,Cinere - Nafas,2026-04-29 20:10:57,162,162,64,140,,,,,59,28.7,,,
Bogor,Kabupaten Bogor Leuwiliang,2026-04-29 20:00:00,80,78,41,,4,9,0,80,,,,,
Tangerang,Tangerang Pasir Jaya,2026-04-29 20:00:00,123,123,55,,58,63,0,65,,,,,
Bekasi,Bekasi Kayuringin,2026-04-29 20:00:00,88,88,41,,44,15,0,7,,,,,
Jakarta,The Pakubuwono Menteng,2026-04-29 20:11:39,116,116,47,86,,,,,51,31.7,,,
Depok,Cinere - Nafas,2026-04-29 20:11:56,162,162,65,140,,,,,59,28.6,,,
Bogor,Kabupaten Bogor Leuwiliang,2026-04-29 20:00:00,80,78,41,,4,9,0,80,,,,,
Tangerang,Tangerang Pasir Jaya,2026-04-29 20:00:00,123,123,55,,58,63,0,65,,,,,
Bekasi,Bekasi Kayuringin,2026-04-29 20:00:00,88,88,41,,44,15,0,7,,,,,
Jakarta,The Pakubuwono Menteng,2026-04-29 20:12:39,113,113,44,86,,,,,51,31.6,,,
Depok,Cinere - Nafas,2026-04-29 20:12:56,163,163,66,142,,,,,59,28.7,,,
Bogor,Kabupaten Bogor Leuwiliang,2026-04-29 20:00:00,80,78,41,,4,9,0,80,,,,,
Tangerang,Tangerang Pasir Jaya,2026-04-29 20:00:00,123,123,55,,58,63,0,65,,,,,
Bekasi,Bekasi Kayuringin,2026-04-29 20:00:00,88,88,41,,44,15,0,7,,,,,
Jakarta,The Pakubuwono Menteng,2026-04-29 20:13:40,116,116,46,87,,,,,51,31.7,,,
Depok,Cinere - Nafas,2026-04-29 20:13:56,162,162,65,144,,,,,59,28.6,,,
Bogor,Kabupaten Bogor Leuwiliang,2026-04-29 20:00:00,80,78,41,,4,9,0,80,,,,,
Tangerang,Tangerang Pasir Jaya,2026-04-29 20:00:00,123,123,55,,58,63,0,65,,,,,
Bekasi,Bekasi Kayuringin,2026-04-29 20:00:00,88,88,41,,44,15,0,7,,,,,
Jakarta,The Pakubuwono Menteng,2026-04-29 20:14:39,120,120,48,88,,,,,52,31.7,,,
Depok,Cinere - Nafas,2026-04-29 20:14:56,165,165,68,149,,,,,59,28.6,,,
Bogor,Kabupaten Bogor Leuwiliang,2026-04-29 20:00:00,80,78,41,,4,9,0,80,,,,,
Tangerang,Tangerang Pasir Jaya,2026-04-29 20:00:00,123,123,55,,58,63,0,65,,,,,
Bekasi,Bekasi Kayuringin,2026-04-29 20:00:00,88,88,41,,44,15,0,7,,,,,
Jakarta,The Pakubuwono Menteng,2026-04-29 20:16:39,118,118,46,90,,,,,52,31.6,,,
Depok,Cinere - Nafas,2026-04-29 20:16:56,167,167,70,152,,,,,59,28.6,,,
Bogor,Kabupaten Bogor Leuwiliang,2026-04-29 20:00:00,80,78,41,,4,9,0,80,,,,,
Tangerang,Tangerang Pasir Jaya,2026-04-29 20:00:00,123,123,55,,58,63,0,65,,,,,
Bekasi,Bekasi Kayuringin,2026-04-29 20:00:00,88,88,41,,44,15,0,7,,,,,
Jakarta,The Pakubuwono Menteng,2026-04-29 20:17:39,111,111,44,86,,,,,52,31.6,,,
Depok,Cinere - Nafas,2026-04-29 20:17:56,166,166,69,151,,,,,59,28.6,,,
Bogor,Kabupaten Bogor Leuwiliang,2026-04-29 20:00:00,80,78,41,,4,9,0,80,,,,,
Tangerang,Tangerang Pasir Jaya,2026-04-29 20:00:00,123,123,55,,58,63,0,65,,,,,
Bekasi,Bekasi Kayuringin,2026-04-29 20:00:00,88,88,41,,44,15,0,7,,,,,
Jakarta,The Pakubuwono Menteng,2026-04-29 20:18:39,123,123,48,91,,,,,52,31.6,,,
Depok,Cinere - Nafas,2026-04-29 20:18:56,166,166,69,151,,,,,59,28.6,,,
Bogor,Kabupaten Bogor Leuwiliang,2026-04-29 20:00:00,80,78,41,,4,9,0,80,,,,,
Tangerang,Tangerang Pasir Jaya,2026-04-29 20:00:00,123,123,55,,58,63,0,65,,,,,
Bekasi,Bekasi Kayuringin,2026-04-29 20:00:00,88,88,41,,44,15,0,7,,,,,
Jakarta,The Pakubuwono Menteng,2026-04-29 20:19:39,125,125,51,94,,,,,52,31.6,,,
Depok,Cinere - Nafas,2026-04-29 20:19:56,167,167,69,151,,,,,59,28.6,,,
Bogor,Kabupaten Bogor Leuwiliang,2026-04-29 20:00:00,80,78,41,,4,9,0,80,,,,,
Tangerang,Tangerang Pasir Jaya,2026-04-29 20:00:00,123,123,55,,58,63,0,65,,,,,
Bekasi,Bekasi Kayuringin,2026-04-29 20:00:00,88,88,41,,44,15,0,7,,,,,
Jakarta,The Pakubuwono Menteng,2026-04-29 20:20:39,116,116,45,89,,,,,52,31.6,,,
Depok,Cinere - Nafas,2026-04-29 20:20:57,167,167,69,151,,,,,59,28.6,,,
Bogor,Kabupaten Bogor Leuwiliang,2026-04-29 20:00:00,80,78,41,,4,9,0,80,,,,,
Tangerang,Tangerang Pasir Jaya,2026-04-29 20:00:00,123,123,55,,58,63,0,65,,,,,
Bekasi,Bekasi Kayuringin,2026-04-29 20:00:00,88,88,41,,44,15,0,7,,,,,
Jakarta,The Pakubuwono Menteng,2026-04-29 20:21:39,117,117,45,88,,,,,52,31.6,,,
Depok,Cinere - Nafas,2026-04-29 20:21:59,169,169,71,152,,,,,59,28.6,,,
Bogor,Kabupaten Bogor Leuwiliang,2026-04-29 20:00:00,80,78,41,,4,9,0,80,,,,,
Tangerang,Tangerang Pasir Jaya,2026-04-29 20:00:00,123,123,55,,58,63,0,65,,,,,
Bekasi,Bekasi Kayuringin,2026-04-29 20:00:00,88,88,41,,44,15,0,7,,,,,
Jakarta,The Pakubuwono Menteng,2026-04-29 20:24:39,115,115,44,86,,,,,52,31.6,,,
Depok,Cinere - Nafas,2026-04-29 20:24:56,166,166,68,151,,,,,59,28.5,,,
Bogor,Kabupaten Bogor Leuwiliang,2026-04-29 20:00:00,80,78,41,,4,9,0,80,,,,,
Tangerang,Tangerang Pasir Jaya,2026-04-29 20:00:00,123,123,55,,58,63,0,65,,,,,
Bekasi,Bekasi Kayuringin,2026-04-29 20:00:00,88,88,41,,44,15,0,7,,,,,
Jakarta,The Pakubuwono Menteng,2026-04-29 20:24:39,115,115,44,86,,,,,52,31.6,,,
Depok,Cinere - Nafas,2026-04-29 20:24:56,166,166,68,151,,,,,59,28.5,,,
Bogor,Kabupaten Bogor Leuwiliang,2026-04-29 20:00:00,80,78,41,,4,9,0,80,,,,,
Tangerang,Tangerang Pasir Jaya,2026-04-29 20:00:00,123,123,55,,58,63,0,65,,,,,
Bekasi,Bekasi Kayuringin,2026-04-29 20:00:00,88,88,41,,44,15,0,7,,,,,
Jakarta,The Pakubuwono Menteng,2026-04-29 20:25:39,110,110,42,85,,,,,52,31.6,,,
Depok,Cinere - Nafas,2026-04-29 20:25:56,165,165,68,150,,,,,59,28.5,,,
Bogor,Kabupaten Bogor Leuwiliang,2026-04-29 20:00:00,80,78,41,,4,9,0,80,,,,,
Tangerang,Tangerang Pasir Jaya,2026-04-29 20:00:00,123,123,55,,58,63,0,65,,,,,
Bekasi,Bekasi Kayuringin,2026-04-29 20:00:00,88,88,41,,44,15,0,7,,,,,
Jakarta,The Pakubuwono Menteng,2026-04-29 20:26:39,108,108,41,83,,,,,52,31.6,,,
Depok,Cinere - Nafas,2026-04-29 20:26:56,165,165,67,148,,,,,59,28.5,,,
Bogor,Kabupaten Bogor Leuwiliang,2026-04-29 20:00:00,80,78,41,,4,9,0,80,,,,,
Tangerang,Tangerang Pasir Jaya,2026-04-29 20:00:00,123,123,55,,58,63,0,65,,,,,
Bekasi,Bekasi Kayuringin,2026-04-29 20:00:00,88,88,41,,44,15,0,7,,,,,
Jakarta,The Pakubuwono Menteng,2026-04-29 20:27:39,120,120,48,89,,,,,52,31.6,,,
Depok,Cinere - Nafas,2026-04-29 20:26:56,165,165,67,148,,,,,59,28.5,,,
Bogor,Kabupaten Bogor Leuwiliang,2026-04-29 20:00:00,80,78,41,,4,9,0,80,,,,,
Tangerang,Tangerang Pasir Jaya,2026-04-29 20:00:00,123,123,55,,58,63,0,65,,,,,
Bekasi,Bekasi Kayuringin,2026-04-29 20:00:00,88,88,41,,44,15,0,7,,,,,
Jakarta,The Pakubuwono Menteng,2026-04-29 20:29:39,120,120,47,89,,,,,52,31.6,,,
Depok,Cinere - Nafas,2026-04-29 20:29:59,165,165,68,147,,,,,59,28.5,,,
Bogor,Kabupaten Bogor Leuwiliang,2026-04-29 20:00:00,80,78,41,,4,9,0,80,,,,,
Tangerang,Tangerang Pasir Jaya,2026-04-29 20:00:00,123,123,55,,58,63,0,65,,,,,
Bekasi,Bekasi Kayuringin,2026-04-29 20:00:00,88,88,41,,44,15,0,7,,,,,
Jakarta,The Pakubuwono Menteng,2026-04-29 20:30:39,114,114,45,86,,,,,52,31.6,,,
Depok,Cinere - Nafas,2026-04-29 20:30:56,165,165,67,150,,,,,59,28.5,,,
Bogor,Kabupaten Bogor Leuwiliang,2026-04-29 20:00:00,80,78,41,,4,9,0,80,,,,,
Tangerang,Tangerang Pasir Jaya,2026-04-29 20:00:00,123,123,55,,58,63,0,65,,,,,
Bekasi,Bekasi Kayuringin,2026-04-29 20:00:00,88,88,41,,44,15,0,7,,,,,
Jakarta,The Pakubuwono Menteng,2026-04-29 20:31:39,125,125,49,93,,,,,52,31.6,,,
Depok,Cinere - Nafas,2026-04-29 20:31:56,163,163,67,146,,,,,59,28.5,,,
Bogor,Kabupaten Bogor Leuwiliang,2026-04-29 20:00:00,80,78,41,,4,9,0,80,,,,,
Tangerang,Tangerang Pasir Jaya,2026-04-29 20:00:00,123,123,55,,58,63,0,65,,,,,
Bekasi,Bekasi Kayuringin,2026-04-29 20:00:00,88,88,41,,44,15,0,7,,,,,
Jakarta,The Pakubuwono Menteng,2026-04-29 20:33:39,116,116,45,87,,,,,52,31.6,,,
Depok,Cinere - Nafas,2026-04-29 20:33:56,163,163,66,151,,,,,59,28.6,,,
Bogor,Kabupaten Bogor Leuwiliang,2026-04-29 20:00:00,80,78,41,,4,9,0,80,,,,,
Tangerang,Tangerang Pasir Jaya,2026-04-29 20:00:00,123,123,55,,58,63,0,65,,,,,
Bekasi,Bekasi Kayuringin,2026-04-29 20:00:00,88,88,41,,44,15,0,7,,,,,
Jakarta,The Pakubuwono Menteng,2026-04-29 20:34:39,124,124,50,92,,,,,52,31.6,,,
Depok,Cinere - Nafas,2026-04-29 20:34:58,164,164,68,150,,,,,59,28.5,,,
Bogor,Kabupaten Bogor Leuwiliang,2026-04-29 20:00:00,80,78,41,,4,9,0,80,,,,,
Tangerang,Tangerang Pasir Jaya,2026-04-29 20:00:00,123,123,55,,58,63,0,65,,,,,
Bekasi,Bekasi Kayuringin,2026-04-29 20:00:00,88,88,41,,44,15,0,7,,,,,
Jakarta,The Pakubuwono Menteng,2026-04-29 20:36:39,118,118,47,88,,,,,52,31.6,,,
Depok,Cinere - Nafas,2026-04-29 20:36:58,165,165,67,144,,,,,59,28.5,,,
Bogor,Kabupaten Bogor Leuwiliang,2026-04-29 20:00:00,80,78,41,,4,9,0,80,,,,,
Tangerang,Tangerang Pasir Jaya,2026-04-29 20:00:00,123,123,55,,58,63,0,65,,,,,
Bekasi,Bekasi Kayuringin,2026-04-29 20:00:00,88,88,41,,44,15,0,7,,,,,
Jakarta,The Pakubuwono Menteng,2026-04-29 20:36:39,118,118,47,88,,,,,52,31.6,,,
Depok,Cinere - Nafas,2026-04-29 20:36:58,165,165,67,144,,,,,59,28.5,,,
Bogor,Kabupaten Bogor Leuwiliang,2026-04-29 20:00:00,80,78,41,,4,9,0,80,,,,,
Tangerang,Tangerang Pasir Jaya,2026-04-29 20:00:00,123,123,55,,58,63,0,65,,,,,
Bekasi,Bekasi Kayuringin,2026-04-29 20:00:00,88,88,41,,44,15,0,7,,,,,
Jakarta,The Pakubuwono Menteng,2026-04-29 20:37:39,121,121,47,89,,,,,52,31.6,,,
Depok,Cinere - Nafas,2026-04-29 20:37:59,164,164,67,143,,,,,59,28.6,,,
Bogor,Kabupaten Bogor Leuwiliang,2026-04-29 20:00:00,80,78,41,,4,9,0,80,,,,,
Tangerang,Tangerang Pasir Jaya,2026-04-29 20:00:00,123,123,55,,58,63,0,65,,,,,
Bekasi,Bekasi Kayuringin,2026-04-29 20:00:00,88,88,41,,44,15,0,7,,,,,
Jakarta,The Pakubuwono Menteng,2026-04-29 20:38:39,121,121,48,89,,,,,52,31.6,,,
Depok,Cinere - Nafas,2026-04-29 20:38:58,165,165,68,150,,,,,59,28.6,,,
Bogor,Kabupaten Bogor Leuwiliang,2026-04-29 20:00:00,80,78,41,,4,9,0,80,,,,,
Tangerang,Tangerang Pasir Jaya,2026-04-29 20:00:00,123,123,55,,58,63,0,65,,,,,
Bekasi,Bekasi Kayuringin,2026-04-29 20:00:00,88,88,41,,44,15,0,7,,,,,
Jakarta,The Pakubuwono Menteng,2026-04-29 20:39:39,116,116,45,88,,,,,52,31.6,,,
Depok,Cinere - Nafas,2026-04-29 20:39:59,164,164,68,150,,,,,59,28.6,,,
Bogor,Kabupaten Bogor Leuwiliang,2026-04-29 20:00:00,80,78,41,,4,9,0,80,,,,,
Tangerang,Tangerang Pasir Jaya,2026-04-29 20:00:00,123,123,55,,58,63,0,65,,,,,
Bekasi,Bekasi Kayuringin,2026-04-29 20:00:00,88,88,41,,44,15,0,7,,,,,
Jakarta,The Pakubuwono Menteng,2026-04-29 20:39:39,116,116,45,88,,,,,52,31.6,,,
Depok,Cinere - Nafas,2026-04-29 20:40:58,164,164,66,150,,,,,59,28.6,,,
Bogor,Kabupaten Bogor Leuwiliang,2026-04-29 20:00:00,80,78,41,,4,9,0,80,,,,,
Tangerang,Tangerang Pasir Jaya,2026-04-29 20:00:00,123,123,55,,58,63,0,65,,,,,
Bekasi,Bekasi Kayuringin,2026-04-29 20:00:00,88,88,41,,44,15,0,7,,,,,
Jakarta,The Pakubuwono Menteng,2026-04-29 20:43:39,127,127,51,94,,,,,52,31.6,,,
Depok,Cinere - Nafas,2026-04-29 20:44:21,165,165,67,150,,,,,59,28.5,,,
Bogor,Kabupaten Bogor Leuwiliang,2026-04-29 20:00:00,80,78,41,,4,9,0,80,,,,,
Tangerang,Tangerang Pasir Jaya,2026-04-29 20:00:00,123,123,55,,58,63,0,65,,,,,
Bekasi,Bekasi Kayuringin,2026-04-29 20:00:00,88,88,41,,44,15,0,7,,,,,
Jakarta,The Pakubuwono Menteng,2026-04-29 20:44:39,123,123,49,93,,,,,52,31.6,,,
Depok,Cinere - Nafas,2026-04-29 20:45:21,167,167,69,151,,,,,58,28.6,,,
Bogor,Kabupaten Bogor Leuwiliang,2026-04-29 20:00:00,80,78,41,,4,9,0,80,,,,,
Tangerang,Tangerang Pasir Jaya,2026-04-29 20:00:00,123,123,55,,58,63,0,65,,,,,
Bekasi,Bekasi Kayuringin,2026-04-29 20:00:00,88,88,41,,44,15,0,7,,,,,
Jakarta,The Pakubuwono Menteng,2026-04-29 20:45:39,125,125,51,93,,,,,53,31.6,,,
Depok,Cinere - Nafas,2026-04-29 20:46:21,167,167,69,151,,,,,58,28.6,,,
Bogor,Kabupaten Bogor Leuwiliang,2026-04-29 20:00:00,80,78,41,,4,9,0,80,,,,,
Tangerang,Tangerang Pasir Jaya,2026-04-29 20:00:00,123,123,55,,58,63,0,65,,,,,
Bekasi,Bekasi Kayuringin,2026-04-29 20:00:00,88,88,41,,44,15,0,7,,,,,
Jakarta,The Pakubuwono Menteng,2026-04-29 20:46:39,126,126,51,94,,,,,52,31.6,,,
Depok,Cinere - Nafas,2026-04-29 20:47:21,167,167,69,151,,,,,58,28.6,,,
Bogor,Kabupaten Bogor Leuwiliang,2026-04-29 20:00:00,80,78,41,,4,9,0,80,,,,,
Tangerang,Tangerang Pasir Jaya,2026-04-29 20:00:00,123,123,55,,58,63,0,65,,,,,
Bekasi,Bekasi Kayuringin,2026-04-29 20:00:00,88,88,41,,44,15,0,7,,,,,
Jakarta,The Pakubuwono Menteng,2026-04-29 20:47:39,124,124,50,90,,,,,52,31.5,,,
Depok,Cinere - Nafas,2026-04-29 20:48:21,166,166,69,151,,,,,58,28.6,,,
Bogor,Kabupaten Bogor Leuwiliang,2026-04-29 20:00:00,80,78,41,,4,9,0,80,,,,,
Tangerang,Tangerang Pasir Jaya,2026-04-29 20:00:00,123,123,55,,58,63,0,65,,,,,
Bekasi,Bekasi Kayuringin,2026-04-29 20:00:00,88,88,41,,44,15,0,7,,,,,
Jakarta,The Pakubuwono Menteng,2026-04-29 20:48:39,120,120,48,88,,,,,52,31.5,,,
Depok,Cinere - Nafas,2026-04-29 20:49:21,169,169,71,151,,,,,59,28.5,,,
Bogor,Kabupaten Bogor Leuwiliang,2026-04-29 20:00:00,80,78,41,,4,9,0,80,,,,,
Tangerang,Tangerang Pasir Jaya,2026-04-29 20:00:00,123,123,55,,58,63,0,65,,,,,
Bekasi,Bekasi Kayuringin,2026-04-29 20:00:00,88,88,41,,44,15,0,7,,,,,
Jakarta,The Pakubuwono Menteng,2026-04-29 20:49:39,126,126,50,94,,,,,52,31.5,,,
Depok,Cinere - Nafas,2026-04-29 20:50:21,169,169,72,153,,,,,59,28.5,,,
Bogor,Kabupaten Bogor Leuwiliang,2026-04-29 20:00:00,80,78,41,,4,9,0,80,,,,,
Tangerang,Tangerang Pasir Jaya,2026-04-29 20:00:00,123,123,55,,58,63,0,65,,,,,
Bekasi,Bekasi Kayuringin,2026-04-29 20:00:00,88,88,41,,44,15,0,7,,,,,
Jakarta,The Pakubuwono Menteng,2026-04-29 20:50:40,122,122,48,90,,,,,52,31.5,,,
Depok,Cinere - Nafas,2026-04-29 20:51:22,172,172,75,155,,,,,59,28.6,,,
Bogor,Kabupaten Bogor Leuwiliang,2026-04-29 20:00:00,80,78,41,,4,9,0,80,,,,,
Tangerang,Tangerang Pasir Jaya,2026-04-29 20:00:00,123,123,55,,58,63,0,65,,,,,
Bekasi,Bekasi Kayuringin,2026-04-29 20:00:00,88,88,41,,44,15,0,7,,,,,
Jakarta,The Pakubuwono Menteng,2026-04-29 20:52:40,119,119,48,89,,,,,52,31.5,,,
Depok,Cinere - Nafas,2026-04-29 20:53:21,169,169,72,153,,,,,59,28.5,,,
Bogor,Kabupaten Bogor Leuwiliang,2026-04-29 20:00:00,80,78,41,,4,9,0,80,,,,,
Tangerang,Tangerang Pasir Jaya,2026-04-29 20:00:00,123,123,55,,58,63,0,65,,,,,
Bekasi,Bekasi Kayuringin,2026-04-29 20:00:00,88,88,41,,44,15,0,7,,,,,
Jakarta,The Pakubuwono Menteng,2026-04-29 20:53:40,122,122,48,89,,,,,52,31.5,,,
Depok,Cinere - Nafas,2026-04-29 20:54:21,170,170,72,153,,,,,59,28.5,,,
Bogor,Kabupaten Bogor Leuwiliang,2026-04-29 20:00:00,80,78,41,,4,9,0,80,,,,,
Tangerang,Tangerang Pasir Jaya,2026-04-29 20:00:00,123,123,55,,58,63,0,65,,,,,
Bekasi,Bekasi Kayuringin,2026-04-29 20:00:00,88,88,41,,44,15,0,7,,,,,
Jakarta,The Pakubuwono Menteng,2026-04-29 20:55:40,118,118,48,89,,,,,52,31.4,,,
Depok,Cinere - Nafas,2026-04-29 20:56:21,170,170,73,152,,,,,59,28.5,,,
Bogor,Kabupaten Bogor Leuwiliang,2026-04-29 20:00:00,80,78,41,,4,9,0,80,,,,,
Tangerang,Tangerang Pasir Jaya,2026-04-29 20:00:00,123,123,55,,58,63,0,65,,,,,
Bekasi,Bekasi Kayuringin,2026-04-29 20:00:00,88,88,41,,44,15,0,7,,,,,
Jakarta,The Pakubuwono Menteng,2026-04-29 20:56:40,118,118,47,89,,,,,52,31.5,,,
Depok,Cinere - Nafas,2026-04-29 20:57:23,170,170,73,153,,,,,59,28.5,,,
Bogor,Kabupaten Bogor Leuwiliang,2026-04-29 20:00:00,80,78,41,,4,9,0,80,,,,,
Tangerang,Tangerang Pasir Jaya,2026-04-29 20:00:00,123,123,55,,58,63,0,65,,,,,
Bekasi,Bekasi Kayuringin,2026-04-29 20:00:00,88,88,41,,44,15,0,7,,,,,
Jakarta,The Pakubuwono Menteng,2026-04-29 20:57:40,118,118,45,87,,,,,52,31.5,,,
Depok,Cinere - Nafas,2026-04-29 20:58:21,169,169,71,153,,,,,59,28.5,,,
Bogor,Kabupaten Bogor Leuwiliang,2026-04-29 20:00:00,80,78,41,,4,9,0,80,,,,,
Tangerang,Tangerang Pasir Jaya,2026-04-29 20:00:00,123,123,55,,58,63,0,65,,,,,
Bekasi,Bekasi Kayuringin,2026-04-29 20:00:00,88,88,41,,44,15,0,7,,,,,
Jakarta,The Pakubuwono Menteng,2026-04-29 20:58:40,124,124,49,91,,,,,53,31.4,,,
Depok,Cinere - Nafas,2026-04-29 20:59:21,169,169,72,152,,,,,59,28.5,,,
Bogor,Kabupaten Bogor Leuwiliang,2026-04-29 20:00:00,80,78,41,,4,9,0,80,,,,,
Tangerang,Tangerang Pasir Jaya,2026-04-29 20:00:00,123,123,55,,58,63,0,65,,,,,
Bekasi,Bekasi Kayuringin,2026-04-29 20:00:00,88,88,41,,44,15,0,7,,,,,
Jakarta,The Pakubuwono Menteng,2026-04-29 20:58:40,124,124,49,91,,,,,53,31.4,,,
Depok,Cinere - Nafas,2026-04-29 20:59:21,169,169,72,152,,,,,59,28.5,,,
Bogor,Kabupaten Bogor Leuwiliang,2026-04-29 20:00:00,80,78,41,,4,9,0,80,,,,,
Tangerang,Tangerang Pasir Jaya,2026-04-29 20:00:00,123,123,55,,58,63,0,65,,,,,
Bekasi,Bekasi Kayuringin,2026-04-29 20:00:00,88,88,41,,44,15,0,7,,,,,
Jakarta,The Pakubuwono Menteng,2026-04-29 20:59:40,115,115,45,87,,,,,53,31.5,,,
Depok,Cinere - Nafas,2026-04-29 21:01:24,169,169,72,152,,,,,59,28.5,,,
Bogor,Kabupaten Bogor Leuwiliang,2026-04-29 20:00:00,80,78,41,,4,9,0,80,,,,,
Tangerang,Tangerang Pasir Jaya,2026-04-29 20:00:00,123,123,55,,58,63,0,65,,,,,
Bekasi,Bekasi Kayuringin,2026-04-29 20:00:00,88,88,41,,44,15,0,7,,,,,
Jakarta,The Pakubuwono Menteng,2026-04-29 21:02:40,109,109,42,84,,,,,53,31.4,,,
Depok,Cinere - Nafas,2026-04-29 21:02:25,168,168,70,152,,,,,59,28.5,,,
Bogor,Kabupaten Bogor Leuwiliang,2026-04-29 20:00:00,80,78,41,,4,9,0,80,,,,,
Tangerang,Tangerang Pasir Jaya,2026-04-29 20:00:00,123,123,55,,58,63,0,65,,,,,
Bekasi,Bekasi Kayuringin,2026-04-29 20:00:00,88,88,41,,44,15,0,7,,,,,
Jakarta,The Pakubuwono Menteng,2026-04-29 21:03:40,111,111,42,83,,,,,53,31.4,,,
Depok,Cinere - Nafas,2026-04-29 21:02:25,168,168,70,152,,,,,59,28.5,,,
Bogor,Kabupaten Bogor Leuwiliang,2026-04-29 20:00:00,80,78,41,,4,9,0,80,,,,,
Tangerang,Tangerang Pasir Jaya,2026-04-29 20:00:00,123,123,55,,58,63,0,65,,,,,
Bekasi,Bekasi Kayuringin,2026-04-29 20:00:00,88,88,41,,44,15,0,7,,,,,
Jakarta,The Pakubuwono Menteng,2026-04-29 21:04:40,119,119,47,86,,,,,53,31.4,,,
Depok,Cinere - Nafas,2026-04-29 21:04:52,171,171,73,153,,,,,59,28.5,,,
Bogor,Kabupaten Bogor Leuwiliang,2026-04-29 20:00:00,80,78,41,,4,9,0,80,,,,,
Tangerang,Tangerang Pasir Jaya,2026-04-29 20:00:00,123,123,55,,58,63,0,65,,,,,
Bekasi,Bekasi Kayuringin,2026-04-29 20:00:00,88,88,41,,44,15,0,7,,,,,
Jakarta,The Pakubuwono Menteng,2026-04-29 21:05:40,113,113,44,85,,,,,53,31.4,,,
Depok,Cinere - Nafas,2026-04-29 21:05:52,171,171,74,154,,,,,59,28.5,,,
Bogor,Kabupaten Bogor Leuwiliang,2026-04-29 20:00:00,80,78,41,,4,9,0,80,,,,,
Tangerang,Tangerang Pasir Jaya,2026-04-29 20:00:00,123,123,55,,58,63,0,65,,,,,
Bekasi,Bekasi Kayuringin,2026-04-29 20:00:00,88,88,41,,44,15,0,7,,,,,
Jakarta,The Pakubuwono Menteng,2026-04-29 21:06:40,114,114,45,84,,,,,53,31.4,,,
Depok,Cinere - Nafas,2026-04-29 21:06:51,170,170,73,154,,,,,59,28.5,,,
Bogor,Kabupaten Bogor Leuwiliang,2026-04-29 20:00:00,80,78,41,,4,9,0,80,,,,,
Tangerang,Tangerang Pasir Jaya,2026-04-29 20:00:00,123,123,55,,58,63,0,65,,,,,
Bekasi,Bekasi Kayuringin,2026-04-29 20:00:00,88,88,41,,44,15,0,7,,,,,
Jakarta,The Pakubuwono Menteng,2026-04-29 21:07:40,111,111,43,83,,,,,53,31.4,,,
Depok,Cinere - Nafas,2026-04-29 21:07:59,172,172,75,155,,,,,59,28.5,,,
Bogor,Kabupaten Bogor Leuwiliang,2026-04-29 20:00:00,80,78,41,,4,9,0,80,,,,,
Tangerang,Tangerang Pasir Jaya,2026-04-29 20:00:00,123,123,55,,58,63,0,65,,,,,
Bekasi,Bekasi Kayuringin,2026-04-29 20:00:00,88,88,41,,44,15,0,7,,,,,
Jakarta,The Pakubuwono Menteng,2026-04-29 21:09:40,114,114,45,86,,,,,53,31.4,,,
Depok,Cinere - Nafas,2026-04-29 21:09:51,172,172,76,154,,,,,59,28.5,,,
Bogor,Kabupaten Bogor Leuwiliang,2026-04-29 21:00:00,80,79,42,,4,9,0,80,,,,,
Tangerang,Tangerang Pasir Jaya,2026-04-29 21:00:00,126,126,56,,58,63,0,65,,,,,
Bekasi,Bekasi Kayuringin,2026-04-29 21:00:00,89,89,42,,43,15,0,7,,,,,
Jakarta,The Pakubuwono Menteng,2026-04-29 21:10:41,110,110,43,83,,,,,53,31.4,,,
Depok,Cinere - Nafas,2026-04-29 21:10:51,172,172,76,154,,,,,59,28.5,,,
Bogor,Kabupaten Bogor Leuwiliang,2026-04-29 21:00:00,80,79,42,,4,9,0,80,,,,,
Tangerang,Tangerang Pasir Jaya,2026-04-29 21:00:00,126,126,56,,58,63,0,65,,,,,
Bekasi,Bekasi Kayuringin,2026-04-29 21:00:00,89,89,42,,43,15,0,7,,,,,
Jakarta,The Pakubuwono Menteng,2026-04-29 21:11:40,109,109,42,85,,,,,53,31.4,,,
Depok,Cinere - Nafas,2026-04-29 21:11:53,172,172,76,154,,,,,59,28.5,,,
Bogor,Kabupaten Bogor Leuwiliang,2026-04-29 21:00:00,80,79,42,,4,9,0,80,,,,,
Tangerang,Tangerang Pasir Jaya,2026-04-29 21:00:00,126,126,56,,58,63,0,65,,,,,
Bekasi,Bekasi Kayuringin,2026-04-29 21:00:00,89,89,42,,43,15,0,7,,,,,
Jakarta,The Pakubuwono Menteng,2026-04-29 21:12:40,121,121,47,87,,,,,53,31.4,,,
Depok,Cinere - Nafas,2026-04-29 21:12:52,172,172,74,153,,,,,59,28.5,,,
Bogor,Kabupaten Bogor Leuwiliang,2026-04-29 21:00:00,80,79,42,,4,9,0,80,,,,,
Tangerang,Tangerang Pasir Jaya,2026-04-29 21:00:00,126,126,56,,58,63,0,65,,,,,
Bekasi,Bekasi Kayuringin,2026-04-29 21:00:00,89,89,42,,43,15,0,7,,,,,
Jakarta,The Pakubuwono Menteng,2026-04-29 21:13:40,117,117,47,89,,,,,53,31.4,,,
Depok,Cinere - Nafas,2026-04-29 21:13:58,170,170,72,153,,,,,59,28.5,,,
Bogor,Kabupaten Bogor Leuwiliang,2026-04-29 21:00:00,80,79,42,,4,9,0,80,,,,,
Tangerang,Tangerang Pasir Jaya,2026-04-29 21:00:00,126,126,56,,58,63,0,65,,,,,
Bekasi,Bekasi Kayuringin,2026-04-29 21:00:00,89,89,42,,43,15,0,7,,,,,
Jakarta,The Pakubuwono Menteng,2026-04-29 21:15:40,119,119,47,87,,,,,53,31.4,,,
Depok,Cinere - Nafas,2026-04-29 21:15:53,171,171,73,154,,,,,59,28.5,,,
Bogor,Kabupaten Bogor Leuwiliang,2026-04-29 21:00:00,80,79,42,,4,9,0,80,,,,,
Tangerang,Tangerang Pasir Jaya,2026-04-29 21:00:00,126,126,56,,58,63,0,65,,,,,
Bekasi,Bekasi Kayuringin,2026-04-29 21:00:00,89,89,42,,43,15,0,7,,,,,
Jakarta,The Pakubuwono Menteng,2026-04-29 21:16:42,112,112,43,83,,,,,53,31.4,,,
Depok,Cinere - Nafas,2026-04-29 21:16:52,168,168,72,152,,,,,59,28.5,,,
Bogor,Kabupaten Bogor Leuwiliang,2026-04-29 21:00:00,80,79,42,,4,9,0,80,,,,,
Tangerang,Tangerang Pasir Jaya,2026-04-29 21:00:00,126,126,56,,58,63,0,65,,,,,
Bekasi,Bekasi Kayuringin,2026-04-29 21:00:00,89,89,42,,43,15,0,7,,,,,
Jakarta,The Pakubuwono Menteng,2026-04-29 21:17:40,117,117,45,87,,,,,53,31.4,,,
Depok,Cinere - Nafas,2026-04-29 21:17:52,170,170,72,152,,,,,59,28.4,,,
Bogor,Kabupaten Bogor Leuwiliang,2026-04-29 21:00:00,80,79,42,,4,9,0,80,,,,,
Tangerang,Tangerang Pasir Jaya,2026-04-29 21:00:00,126,126,56,,58,63,0,65,,,,,
Bekasi,Bekasi Kayuringin,2026-04-29 21:00:00,89,89,42,,43,15,0,7,,,,,
Jakarta,The Pakubuwono Menteng,2026-04-29 21:18:40,114,114,45,87,,,,,53,31.4,,,
Depok,Cinere - Nafas,2026-04-29 21:18:52,168,168,71,152,,,,,59,28.4,,,
Bogor,Kabupaten Bogor Leuwiliang,2026-04-29 21:00:00,80,79,42,,4,9,0,80,,,,,
Tangerang,Tangerang Pasir Jaya,2026-04-29 21:00:00,126,126,56,,58,63,0,65,,,,,
Bekasi,Bekasi Kayuringin,2026-04-29 21:00:00,89,89,42,,43,15,0,7,,,,,
Jakarta,The Pakubuwono Menteng,2026-04-29 21:19:40,118,118,47,89,,,,,53,31.4,,,
Depok,Cinere - Nafas,2026-04-29 21:20:52,170,170,72,152,,,,,59,28.4,,,
Bogor,Kabupaten Bogor Leuwiliang,2026-04-29 21:00:00,80,79,42,,4,9,0,80,,,,,
Tangerang,Tangerang Pasir Jaya,2026-04-29 21:00:00,126,126,56,,58,63,0,65,,,,,
Bekasi,Bekasi Kayuringin,2026-04-29 21:00:00,89,89,42,,43,15,0,7,,,,,
Jakarta,The Pakubuwono Menteng,2026-04-29 21:22:40,126,126,50,94,,,,,53,31.5,,,
Depok,Cinere - Nafas,2026-04-29 21:22:52,170,170,71,152,,,,,59,28.4,,,
Bogor,Kabupaten Bogor Leuwiliang,2026-04-29 21:00:00,80,79,42,,4,9,0,80,,,,,
Tangerang,Tangerang Pasir Jaya,2026-04-29 21:00:00,126,126,56,,58,63,0,65,,,,,
Bekasi,Bekasi Kayuringin,2026-04-29 21:00:00,89,89,42,,43,15,0,7,,,,,
Jakarta,The Pakubuwono Menteng,2026-04-29 21:23:40,122,122,48,89,,,,,53,31.4,,,
Depok,Cinere - Nafas,2026-04-29 21:23:52,167,167,70,152,,,,,60,28.4,,,
Bogor,Kabupaten Bogor Leuwiliang,2026-04-29 21:00:00,80,79,42,,4,9,0,80,,,,,
Tangerang,Tangerang Pasir Jaya,2026-04-29 21:00:00,126,126,56,,58,63,0,65,,,,,
Bekasi,Bekasi Kayuringin,2026-04-29 21:00:00,89,89,42,,43,15,0,7,,,,,
Jakarta,The Pakubuwono Menteng,2026-04-29 21:23:40,122,122,48,89,,,,,53,31.4,,,
Depok,Cinere - Nafas,2026-04-29 21:23:52,167,167,70,152,,,,,60,28.4,,,
Bogor,Kabupaten Bogor Leuwiliang,2026-04-29 21:00:00,80,79,42,,4,9,0,80,,,,,
Tangerang,Tangerang Pasir Jaya,2026-04-29 21:00:00,126,126,56,,58,63,0,65,,,,,
Bekasi,Bekasi Kayuringin,2026-04-29 21:00:00,89,89,42,,43,15,0,7,,,,,
Jakarta,The Pakubuwono Menteng,2026-04-29 21:24:40,117,117,46,86,,,,,53,31.4,,,
Depok,Cinere - Nafas,2026-04-29 21:24:52,167,167,71,151,,,,,60,28.3,,,
Bogor,Kabupaten Bogor Leuwiliang,2026-04-29 21:00:00,80,79,42,,4,9,0,80,,,,,
Tangerang,Tangerang Pasir Jaya,2026-04-29 21:00:00,126,126,56,,58,63,0,65,,,,,
Bekasi,Bekasi Kayuringin,2026-04-29 21:00:00,89,89,42,,43,15,0,7,,,,,
Jakarta,The Pakubuwono Menteng,2026-04-29 21:25:40,118,118,46,89,,,,,53,31.4,,,
Depok,Cinere - Nafas,2026-04-29 21:25:52,169,169,72,152,,,,,60,28.4,,,
Bogor,Kabupaten Bogor Leuwiliang,2026-04-29 21:00:00,80,79,42,,4,9,0,80,,,,,
Tangerang,Tangerang Pasir Jaya,2026-04-29 21:00:00,126,126,56,,58,63,0,65,,,,,
Bekasi,Bekasi Kayuringin,2026-04-29 21:00:00,89,89,42,,43,15,0,7,,,,,
Jakarta,The Pakubuwono Menteng,2026-04-29 21:26:40,109,109,42,84,,,,,53,31.4,,,
Depok,Cinere - Nafas,2026-04-29 21:26:52,170,170,73,153,,,,,60,28.3,,,
Bogor,Kabupaten Bogor Leuwiliang,2026-04-29 21:00:00,80,79,42,,4,9,0,80,,,,,
Tangerang,Tangerang Pasir Jaya,2026-04-29 21:00:00,126,126,56,,58,63,0,65,,,,,
Bekasi,Bekasi Kayuringin,2026-04-29 21:00:00,89,89,42,,43,15,0,7,,,,,
Jakarta,The Pakubuwono Menteng,2026-04-29 21:27:40,113,113,44,85,,,,,53,31.4,,,
Depok,Cinere - Nafas,2026-04-29 21:27:52,168,168,71,152,,,,,60,28.3,,,
Bogor,Kabupaten Bogor Leuwiliang,2026-04-29 21:00:00,80,79,42,,4,9,0,80,,,,,
Tangerang,Tangerang Pasir Jaya,2026-04-29 21:00:00,126,126,56,,58,63,0,65,,,,,
Bekasi,Bekasi Kayuringin,2026-04-29 21:00:00,89,89,42,,43,15,0,7,,,,,
Jakarta,The Pakubuwono Menteng,2026-04-29 21:29:41,113,113,44,87,,,,,53,31.4,,,
Depok,Cinere - Nafas,2026-04-29 21:30:53,170,170,72,153,,,,,60,28.3,,,
Bogor,Kabupaten Bogor Leuwiliang,2026-04-29 21:00:00,80,79,42,,4,9,0,80,,,,,
Tangerang,Tangerang Pasir Jaya,2026-04-29 21:00:00,126,126,56,,58,63,0,65,,,,,
Bekasi,Bekasi Kayuringin,2026-04-29 21:00:00,89,89,42,,43,15,0,7,,,,,
Jakarta,The Pakubuwono Menteng,2026-04-29 21:31:40,111,111,42,83,,,,,53,31.4,,,
Depok,Cinere - Nafas,2026-04-29 21:31:52,171,171,72,153,,,,,60,28.3,,,
Bogor,Kabupaten Bogor Leuwiliang,2026-04-29 21:00:00,80,79,42,,4,9,0,80,,,,,
Tangerang,Tangerang Pasir Jaya,2026-04-29 21:00:00,126,126,56,,58,63,0,65,,,,,
Bekasi,Bekasi Kayuringin,2026-04-29 21:00:00,89,89,42,,43,15,0,7,,,,,
Jakarta,The Pakubuwono Menteng,2026-04-29 21:32:41,100,100,37,78,,,,,53,31.4,,,
Depok,Cinere - Nafas,2026-04-29 21:32:52,168,168,71,153,,,,,60,28.4,,,
Bogor,Kabupaten Bogor Leuwiliang,2026-04-29 21:00:00,80,79,42,,4,9,0,80,,,,,
Tangerang,Tangerang Pasir Jaya,2026-04-29 21:00:00,126,126,56,,58,63,0,65,,,,,
Bekasi,Bekasi Kayuringin,2026-04-29 21:00:00,89,89,42,,43,15,0,7,,,,,
Jakarta,The Pakubuwono Menteng,2026-04-29 21:33:40,105,105,40,78,,,,,53,31.4,,,
Depok,Cinere - Nafas,2026-04-29 21:32:52,168,168,71,153,,,,,60,28.4,,,
Bogor,Kabupaten Bogor Leuwiliang,2026-04-29 21:00:00,80,79,42,,4,9,0,80,,,,,
Tangerang,Tangerang Pasir Jaya,2026-04-29 21:00:00,126,126,56,,58,63,0,65,,,,,
Bekasi,Bekasi Kayuringin,2026-04-29 21:00:00,89,89,42,,43,15,0,7,,,,,
Jakarta,The Pakubuwono Menteng,2026-04-29 21:34:40,108,108,42,81,,,,,53,31.4,,,
Depok,Cinere - Nafas,2026-04-29 21:34:51,171,171,74,154,,,,,60,28.3,,,
Bogor,Kabupaten Bogor Leuwiliang,2026-04-29 21:00:00,80,79,42,,4,9,0,80,,,,,
Tangerang,Tangerang Pasir Jaya,2026-04-29 21:00:00,126,126,56,,58,63,0,65,,,,,
Bekasi,Bekasi Kayuringin,2026-04-29 21:00:00,89,89,42,,43,15,0,7,,,,,
Jakarta,The Pakubuwono Menteng,2026-04-29 21:35:40,106,106,40,82,,,,,53,31.4,,,
Depok,Cinere - Nafas,2026-04-29 21:35:51,169,169,73,153,,,,,60,28.3,,,
Bogor,Kabupaten Bogor Leuwiliang,2026-04-29 21:00:00,80,79,42,,4,9,0,80,,,,,
Tangerang,Tangerang Pasir Jaya,2026-04-29 21:00:00,126,126,56,,58,63,0,65,,,,,
Bekasi,Bekasi Kayuringin,2026-04-29 21:00:00,89,89,42,,43,15,0,7,,,,,
Jakarta,The Pakubuwono Menteng,2026-04-29 21:37:42,101,101,38,76,,,,,53,31.4,,,
Depok,Cinere - Nafas,2026-04-29 21:37:53,171,171,72,154,,,,,60,28.3,,,
Bogor,Kabupaten Bogor Leuwiliang,2026-04-29 21:00:00,80,79,42,,4,9,0,80,,,,,
Tangerang,Tangerang Pasir Jaya,2026-04-29 21:00:00,126,126,56,,58,63,0,65,,,,,
Bekasi,Bekasi Kayuringin,2026-04-29 21:00:00,89,89,42,,43,15,0,7,,,,,
Jakarta,The Pakubuwono Menteng,2026-04-29 21:37:42,101,101,38,76,,,,,53,31.4,,,
Depok,Cinere - Nafas,2026-04-29 21:37:53,171,171,72,154,,,,,60,28.3,,,
Bogor,Kabupaten Bogor Leuwiliang,2026-04-29 21:00:00,80,79,42,,4,9,0,80,,,,,
Tangerang,Tangerang Pasir Jaya,2026-04-29 21:00:00,126,126,56,,58,63,0,65,,,,,
Bekasi,Bekasi Kayuringin,2026-04-29 21:00:00,89,89,42,,43,15,0,7,,,,,
Jakarta,The Pakubuwono Menteng,2026-04-29 21:38:41,98,98,35,75,,,,,53,31.4,,,
Depok,Cinere - Nafas,2026-04-29 21:39:51,172,172,75,154,,,,,60,28.3,,,
Bogor,Kabupaten Bogor Leuwiliang,2026-04-29 21:00:00,80,79,42,,4,9,0,80,,,,,
Tangerang,Tangerang Pasir Jaya,2026-04-29 21:00:00,126,126,56,,58,63,0,65,,,,,
Bekasi,Bekasi Kayuringin,2026-04-29 21:00:00,89,89,42,,43,15,0,7,,,,,
Jakarta,The Pakubuwono Menteng,2026-04-29 21:40:41,101,101,38,80,,,,,53,31.4,,,
Depok,Cinere - Nafas,2026-04-29 21:40:51,172,172,75,155,,,,,60,28.3,,,
Bogor,Kabupaten Bogor Leuwiliang,2026-04-29 21:00:00,80,79,42,,4,9,0,80,,,,,
Tangerang,Tangerang Pasir Jaya,2026-04-29 21:00:00,126,126,56,,58,63,0,65,,,,,
Bekasi,Bekasi Kayuringin,2026-04-29 21:00:00,89,89,42,,43,15,0,7,,,,,
Jakarta,The Pakubuwono Menteng,2026-04-29 21:41:41,106,106,40,80,,,,,53,31.4,,,
Depok,Cinere - Nafas,2026-04-29 21:42:17,171,171,73,154,,,,,60,28.4,,,
Bogor,Kabupaten Bogor Leuwiliang,2026-04-29 21:00:00,80,79,42,,4,9,0,80,,,,,
Tangerang,Tangerang Pasir Jaya,2026-04-29 21:00:00,126,126,56,,58,63,0,65,,,,,
Bekasi,Bekasi Kayuringin,2026-04-29 21:00:00,89,89,42,,43,15,0,7,,,,,
Jakarta,The Pakubuwono Menteng,2026-04-29 21:43:42,105,105,40,79,,,,,53,31.4,,,
Depok,Cinere - Nafas,2026-04-29 21:44:17,170,170,73,152,,,,,60,28.3,,,
Bogor,Kabupaten Bogor Leuwiliang,2026-04-29 21:00:00,80,79,42,,4,9,0,80,,,,,
Tangerang,Tangerang Pasir Jaya,2026-04-29 21:00:00,126,126,56,,58,63,0,65,,,,,
Bekasi,Bekasi Kayuringin,2026-04-29 21:00:00,89,89,42,,43,15,0,7,,,,,
Jakarta,The Pakubuwono Menteng,2026-04-29 21:44:42,108,108,42,80,,,,,53,31.4,,,
Depok,Cinere - Nafas,2026-04-29 21:45:17,169,169,72,152,,,,,60,28.3,,,
Bogor,Kabupaten Bogor Leuwiliang,2026-04-29 21:00:00,80,79,42,,4,9,0,80,,,,,
Tangerang,Tangerang Pasir Jaya,2026-04-29 21:00:00,126,126,56,,58,63,0,65,,,,,
Bekasi,Bekasi Kayuringin,2026-04-29 21:00:00,89,89,42,,43,15,0,7,,,,,
Jakarta,The Pakubuwono Menteng,2026-04-29 21:45:43,103,103,40,81,,,,,53,31.4,,,
Depok,Cinere - Nafas,2026-04-29 21:46:17,168,168,70,152,,,,,60,28.3,,,
Bogor,Kabupaten Bogor Leuwiliang,2026-04-29 21:00:00,80,79,42,,4,9,0,80,,,,,
Tangerang,Tangerang Pasir Jaya,2026-04-29 21:00:00,126,126,56,,58,63,0,65,,,,,
Bekasi,Bekasi Kayuringin,2026-04-29 21:00:00,89,89,42,,43,15,0,7,,,,,
Jakarta,The Pakubuwono Menteng,2026-04-29 21:46:41,103,103,39,80,,,,,53,31.4,,,
Depok,Cinere - Nafas,2026-04-29 21:47:18,168,168,71,152,,,,,60,28.3,,,
Bogor,Kabupaten Bogor Leuwiliang,2026-04-29 21:00:00,80,79,42,,4,9,0,80,,,,,
Tangerang,Tangerang Pasir Jaya,2026-04-29 21:00:00,126,126,56,,58,63,0,65,,,,,
Bekasi,Bekasi Kayuringin,2026-04-29 21:00:00,89,89,42,,43,15,0,7,,,,,
Jakarta,The Pakubuwono Menteng,2026-04-29 21:47:41,98,98,34,74,,,,,53,31.4,,,
Depok,Cinere - Nafas,2026-04-29 21:48:18,168,168,70,152,,,,,60,28.3,,,
Bogor,Kabupaten Bogor Leuwiliang,2026-04-29 21:00:00,80,79,42,,4,9,0,80,,,,,
Tangerang,Tangerang Pasir Jaya,2026-04-29 21:00:00,126,126,56,,58,63,0,65,,,,,
Bekasi,Bekasi Kayuringin,2026-04-29 21:00:00,89,89,42,,43,15,0,7,,,,,
Jakarta,The Pakubuwono Menteng,2026-04-29 21:48:41,95,95,33,73,,,,,53,31.4,,,
Depok,Cinere - Nafas,2026-04-29 21:50:17,167,167,69,152,,,,,60,28.3,,,
Bogor,Kabupaten Bogor Leuwiliang,2026-04-29 21:00:00,80,79,42,,4,9,0,80,,,,,
Tangerang,Tangerang Pasir Jaya,2026-04-29 21:00:00,126,126,56,,58,63,0,65,,,,,
Bekasi,Bekasi Kayuringin,2026-04-29 21:00:00,89,89,42,,43,15,0,7,,,,,
Jakarta,The Pakubuwono Menteng,2026-04-29 21:50:41,113,113,42,83,,,,,54,31.4,,,
Depok,Cinere - Nafas,2026-04-29 21:51:17,168,168,70,152,,,,,61,28.3,,,
Bogor,Kabupaten Bogor Leuwiliang,2026-04-29 21:00:00,80,79,42,,4,9,0,80,,,,,
Tangerang,Tangerang Pasir Jaya,2026-04-29 21:00:00,126,126,56,,58,63,0,65,,,,,
Bekasi,Bekasi Kayuringin,2026-04-29 21:00:00,89,89,42,,43,15,0,7,,,,,
Jakarta,The Pakubuwono Menteng,2026-04-29 21:51:41,102,102,38,78,,,,,53,31.4,,,
Depok,Cinere - Nafas,2026-04-29 21:52:17,167,167,71,151,,,,,61,28.3,,,
Bogor,Kabupaten Bogor Leuwiliang,2026-04-29 21:00:00,80,79,42,,4,9,0,80,,,,,
Tangerang,Tangerang Pasir Jaya,2026-04-29 21:00:00,126,126,56,,58,63,0,65,,,,,
Bekasi,Bekasi Kayuringin,2026-04-29 21:00:00,89,89,42,,43,15,0,7,,,,,
Jakarta,The Pakubuwono Menteng,2026-04-29 21:52:41,100,100,36,79,,,,,53,31.3,,,
Depok,Cinere - Nafas,2026-04-29 21:53:17,166,166,70,151,,,,,61,28.3,,,
Bogor,Kabupaten Bogor Leuwiliang,2026-04-29 21:00:00,80,79,42,,4,9,0,80,,,,,
Tangerang,Tangerang Pasir Jaya,2026-04-29 21:00:00,126,126,56,,58,63,0,65,,,,,
Bekasi,Bekasi Kayuringin,2026-04-29 21:00:00,89,89,42,,43,15,0,7,,,,,
Jakarta,The Pakubuwono Menteng,2026-04-29 21:53:41,98,98,35,75,,,,,53,31.4,,,
Depok,Cinere - Nafas,2026-04-29 21:54:17,167,167,70,152,,,,,61,28.3,,,
Bogor,Kabupaten Bogor Leuwiliang,2026-04-29 21:00:00,80,79,42,,4,9,0,80,,,,,
Tangerang,Tangerang Pasir Jaya,2026-04-29 21:00:00,126,126,56,,58,63,0,65,,,,,
Bekasi,Bekasi Kayuringin,2026-04-29 21:00:00,89,89,42,,43,15,0,7,,,,,
Jakarta,The Pakubuwono Menteng,2026-04-29 21:54:41,100,100,37,81,,,,,54,31.4,,,
Depok,Cinere - Nafas,2026-04-29 21:55:18,168,168,71,151,,,,,61,28.3,,,
Bogor,Kabupaten Bogor Leuwiliang,2026-04-29 21:00:00,80,79,42,,4,9,0,80,,,,,
Tangerang,Tangerang Pasir Jaya,2026-04-29 21:00:00,126,126,56,,58,63,0,65,,,,,
Bekasi,Bekasi Kayuringin,2026-04-29 21:00:00,89,89,42,,43,15,0,7,,,,,
Jakarta,The Pakubuwono Menteng,2026-04-29 21:55:42,101,101,37,78,,,,,53,31.3,,,
Depok,Cinere - Nafas,2026-04-29 21:56:17,168,168,70,152,,,,,60,28.3,,,
Bogor,Kabupaten Bogor Leuwiliang,2026-04-29 21:00:00,80,79,42,,4,9,0,80,,,,,
Tangerang,Tangerang Pasir Jaya,2026-04-29 21:00:00,126,126,56,,58,63,0,65,,,,,
Bekasi,Bekasi Kayuringin,2026-04-29 21:00:00,89,89,42,,43,15,0,7,,,,,
Jakarta,The Pakubuwono Menteng,2026-04-29 21:57:41,106,106,41,80,,,,,53,31.3,,,
Depok,Cinere - Nafas,2026-04-29 21:58:18,167,167,71,151,,,,,60,28.4,,,
Bogor,Kabupaten Bogor Leuwiliang,2026-04-29 21:00:00,80,79,42,,4,9,0,80,,,,,
Tangerang,Tangerang Pasir Jaya,2026-04-29 21:00:00,126,126,56,,58,63,0,65,,,,,
Bekasi,Bekasi Kayuringin,2026-04-29 21:00:00,89,89,42,,43,15,0,7,,,,,
Jakarta,The Pakubuwono Menteng,2026-04-29 21:58:43,101,101,37,79,,,,,53,31.4,,,
Depok,Cinere - Nafas,2026-04-29 21:59:17,169,169,71,153,,,,,61,28.4,,,
Bogor,Kabupaten Bogor Leuwiliang,2026-04-29 21:00:00,80,79,42,,4,9,0,80,,,,,
Tangerang,Tangerang Pasir Jaya,2026-04-29 21:00:00,126,126,56,,58,63,0,65,,,,,
Bekasi,Bekasi Kayuringin,2026-04-29 21:00:00,89,89,42,,43,15,0,7,,,,,
Jakarta,The Pakubuwono Menteng,2026-04-29 22:00:42,99,99,37,78,,,,,53,31.3,,,
Depok,Cinere - Nafas,2026-04-29 22:00:43,167,167,71,151,,,,,61,28.3,,,
Bogor,Kabupaten Bogor Leuwiliang,2026-04-29 21:00:00,80,79,42,,4,9,0,80,,,,,
Tangerang,Tangerang Pasir Jaya,2026-04-29 21:00:00,126,126,56,,58,63,0,65,,,,,
Bekasi,Bekasi Kayuringin,2026-04-29 21:00:00,89,89,42,,43,15,0,7,,,,,
Jakarta,The Pakubuwono Menteng,2026-04-29 22:01:42,98,98,35,79,,,,,53,31.4,,,
Depok,Cinere - Nafas,2026-04-29 22:01:46,167,167,69,151,,,,,61,28.3,,,
Bogor,Kabupaten Bogor Leuwiliang,2026-04-29 21:00:00,80,79,42,,4,9,0,80,,,,,
Tangerang,Tangerang Pasir Jaya,2026-04-29 21:00:00,126,126,56,,58,63,0,65,,,,,
Bekasi,Bekasi Kayuringin,2026-04-29 21:00:00,89,89,42,,43,15,0,7,,,,,
Jakarta,The Pakubuwono Menteng,2026-04-29 22:01:42,98,98,35,79,,,,,53,31.4,,,
Depok,Cinere - Nafas,2026-04-29 22:02:43,165,165,67,151,,,,,60,28.3,,,
Bogor,Kabupaten Bogor Leuwiliang,2026-04-29 21:00:00,80,79,42,,4,9,0,80,,,,,
Tangerang,Tangerang Pasir Jaya,2026-04-29 21:00:00,126,126,56,,58,63,0,65,,,,,
Bekasi,Bekasi Kayuringin,2026-04-29 21:00:00,89,89,42,,43,15,0,7,,,,,
Jakarta,The Pakubuwono Menteng,2026-04-29 22:03:41,97,97,34,74,,,,,53,31.4,,,
Depok,Cinere - Nafas,2026-04-29 22:03:43,166,166,69,151,,,,,60,28.3,,,
Bogor,Kabupaten Bogor Leuwiliang,2026-04-29 21:00:00,80,79,42,,4,9,0,80,,,,,
Tangerang,Tangerang Pasir Jaya,2026-04-29 21:00:00,126,126,56,,58,63,0,65,,,,,
Bekasi,Bekasi Kayuringin,2026-04-29 21:00:00,89,89,42,,43,15,0,7,,,,,
Jakarta,The Pakubuwono Menteng,2026-04-29 22:04:42,94,94,33,72,,,,,53,31.3,,,
Depok,Cinere - Nafas,2026-04-29 22:04:43,167,167,71,151,,,,,60,28.4,,,
Bogor,Kabupaten Bogor Leuwiliang,2026-04-29 21:00:00,80,79,42,,4,9,0,80,,,,,
Tangerang,Tangerang Pasir Jaya,2026-04-29 21:00:00,126,126,56,,58,63,0,65,,,,,
Bekasi,Bekasi Kayuringin,2026-04-29 21:00:00,89,89,42,,43,15,0,7,,,,,
Jakarta,The Pakubuwono Menteng,2026-04-29 22:05:42,102,102,37,77,,,,,53,31.4,,,
Depok,Cinere - Nafas,2026-04-29 22:05:43,165,165,67,150,,,,,60,28.4,,,
Bogor,Kabupaten Bogor Leuwiliang,2026-04-29 21:00:00,80,79,42,,4,9,0,80,,,,,
Tangerang,Tangerang Pasir Jaya,2026-04-29 21:00:00,126,126,56,,58,63,0,65,,,,,
Bekasi,Bekasi Kayuringin,2026-04-29 21:00:00,89,89,42,,43,15,0,7,,,,,
Jakarta,The Pakubuwono Menteng,2026-04-29 22:06:43,99,99,36,76,,,,,53,31.4,,,
Depok,Cinere - Nafas,2026-04-29 22:06:43,164,164,67,150,,,,,60,28.4,,,
Bogor,Kabupaten Bogor Leuwiliang,2026-04-29 21:00:00,80,79,42,,4,9,0,80,,,,,
Tangerang,Tangerang Pasir Jaya,2026-04-29 21:00:00,126,126,56,,58,63,0,65,,,,,
Bekasi,Bekasi Kayuringin,2026-04-29 21:00:00,89,89,42,,43,15,0,7,,,,,
Jakarta,The Pakubuwono Menteng,2026-04-29 22:07:41,91,91,31,72,,,,,53,31.4,,,
Depok,Cinere - Nafas,2026-04-29 22:07:43,166,166,69,150,,,,,60,28.3,,,
Bogor,Kabupaten Bogor Leuwiliang,2026-04-29 21:00:00,80,79,42,,4,9,0,80,,,,,
Tangerang,Tangerang Pasir Jaya,2026-04-29 21:00:00,126,126,56,,58,63,0,65,,,,,
Bekasi,Bekasi Kayuringin,2026-04-29 21:00:00,89,89,42,,43,15,0,7,,,,,
Jakarta,The Pakubuwono Menteng,2026-04-29 22:10:41,102,102,39,77,,,,,53,31.4,,,
Depok,Cinere - Nafas,2026-04-29 22:10:43,164,164,66,149,,,,,60,28.4,,,
Bogor,Kabupaten Bogor Leuwiliang,2026-04-29 21:00:00,80,79,42,,4,9,0,80,,,,,
Tangerang,Tangerang Pasir Jaya,2026-04-29 21:00:00,126,126,56,,58,63,0,65,,,,,
Bekasi,Bekasi Kayuringin,2026-04-29 21:00:00,89,89,42,,43,15,0,7,,,,,
Jakarta,The Pakubuwono Menteng,2026-04-29 22:11:41,104,104,39,79,,,,,53,31.4,,,
Depok,Cinere - Nafas,2026-04-29 22:11:43,165,165,68,149,,,,,60,28.3,,,
Bogor,Kabupaten Bogor Leuwiliang,2026-04-29 21:00:00,80,79,42,,4,9,0,80,,,,,
Tangerang,Tangerang Pasir Jaya,2026-04-29 21:00:00,126,126,56,,58,63,0,65,,,,,
Bekasi,Bekasi Kayuringin,2026-04-29 21:00:00,89,89,42,,43,15,0,7,,,,,
Jakarta,The Pakubuwono Menteng,2026-04-29 22:12:41,103,103,38,79,,,,,53,31.4,,,
Depok,Cinere - Nafas,2026-04-29 22:12:43,163,163,65,141,,,,,60,28.4,,,
Bogor,Kabupaten Bogor Leuwiliang,2026-04-29 21:00:00,80,79,42,,4,9,0,80,,,,,
Tangerang,Tangerang Pasir Jaya,2026-04-29 21:00:00,126,126,56,,58,63,0,65,,,,,
Bekasi,Bekasi Kayuringin,2026-04-29 21:00:00,89,89,42,,43,15,0,7,,,,,
Jakarta,The Pakubuwono Menteng,2026-04-29 22:14:41,99,99,37,78,,,,,53,31.4,,,
Depok,Cinere - Nafas,2026-04-29 22:13:44,163,163,65,140,,,,,60,28.3,,,
Bogor,Kabupaten Bogor Leuwiliang,2026-04-29 21:00:00,80,79,42,,4,9,0,80,,,,,
Tangerang,Tangerang Pasir Jaya,2026-04-29 21:00:00,126,126,56,,58,63,0,65,,,,,
Bekasi,Bekasi Kayuringin,2026-04-29 21:00:00,89,89,42,,43,15,0,7,,,,,
Jakarta,The Pakubuwono Menteng,2026-04-29 22:14:41,99,99,37,78,,,,,53,31.4,,,
Depok,Cinere - Nafas,2026-04-29 22:13:44,163,163,65,140,,,,,60,28.3,,,
Bogor,Kabupaten Bogor Leuwiliang,2026-04-29 21:00:00,80,79,42,,4,9,0,80,,,,,
Tangerang,Tangerang Pasir Jaya,2026-04-29 21:00:00,126,126,56,,58,63,0,65,,,,,
Bekasi,Bekasi Kayuringin,2026-04-29 21:00:00,89,89,42,,43,15,0,7,,,,,
Jakarta,The Pakubuwono Menteng,2026-04-29 22:14:41,99,99,37,78,,,,,53,31.4,,,
Depok,Cinere - Nafas,2026-04-29 22:14:43,165,165,67,148,,,,,61,28.3,,,
Bogor,Kabupaten Bogor Leuwiliang,2026-04-29 21:00:00,80,79,42,,4,9,0,80,,,,,
Tangerang,Tangerang Pasir Jaya,2026-04-29 21:00:00,126,126,56,,58,63,0,65,,,,,
Bekasi,Bekasi Kayuringin,2026-04-29 21:00:00,89,89,42,,43,15,0,7,,,,,
Jakarta,The Pakubuwono Menteng,2026-04-29 22:17:41,96,96,33,74,,,,,53,31.4,,,
Depok,Cinere - Nafas,2026-04-29 22:16:44,164,164,67,150,,,,,60,28.3,,,
Bogor,Kabupaten Bogor Leuwiliang,2026-04-29 21:00:00,80,79,42,,4,9,0,80,,,,,
Tangerang,Tangerang Pasir Jaya,2026-04-29 21:00:00,126,126,56,,58,63,0,65,,,,,
Bekasi,Bekasi Kayuringin,2026-04-29 21:00:00,89,89,42,,43,15,0,7,,,,,
Jakarta,The Pakubuwono Menteng,2026-04-29 22:18:41,93,93,33,74,,,,,53,31.4,,,
Depok,Cinere - Nafas,2026-04-29 22:17:43,164,164,65,147,,,,,60,28.3,,,
Bogor,Kabupaten Bogor Leuwiliang,2026-04-29 22:00:00,80,80,42,,4,9,0,80,,,,,
Tangerang,Tangerang Pasir Jaya,2026-04-29 22:00:00,128,128,56,,58,63,0,65,,,,,
Bekasi,Bekasi Kayuringin,2026-04-29 22:00:00,91,91,42,,42,15,0,7,,,,,
Jakarta,The Pakubuwono Menteng,2026-04-29 22:20:41,93,93,32,74,,,,,53,31.4,,,
Depok,Cinere - Nafas,2026-04-29 22:19:44,166,166,70,150,,,,,60,28.3,,,
Bogor,Kabupaten Bogor Leuwiliang,2026-04-29 22:00:00,80,80,42,,4,9,0,80,,,,,
Tangerang,Tangerang Pasir Jaya,2026-04-29 22:00:00,128,128,56,,58,63,0,65,,,,,
Bekasi,Bekasi Kayuringin,2026-04-29 22:00:00,91,91,42,,42,15,0,7,,,,,
Jakarta,The Pakubuwono Menteng,2026-04-29 22:21:41,95,95,35,74,,,,,53,31.4,,,
Depok,Cinere - Nafas,2026-04-29 22:20:43,166,166,67,149,,,,,60,28.3,,,
Bogor,Kabupaten Bogor Leuwiliang,2026-04-29 22:00:00,80,80,42,,4,9,0,80,,,,,
Tangerang,Tangerang Pasir Jaya,2026-04-29 22:00:00,128,128,56,,58,63,0,65,,,,,
Bekasi,Bekasi Kayuringin,2026-04-29 22:00:00,91,91,42,,42,15,0,7,,,,,
Jakarta,The Pakubuwono Menteng,2026-04-29 22:22:42,100,100,39,75,,,,,53,31.4,,,
Depok,Cinere - Nafas,2026-04-29 22:21:43,165,165,68,151,,,,,61,28.3,,,
Bogor,Kabupaten Bogor Leuwiliang,2026-04-29 22:00:00,80,80,42,,4,9,0,80,,,,,
Tangerang,Tangerang Pasir Jaya,2026-04-29 22:00:00,128,128,56,,58,63,0,65,,,,,
Bekasi,Bekasi Kayuringin,2026-04-29 22:00:00,91,91,42,,42,15,0,7,,,,,
Jakarta,The Pakubuwono Menteng,2026-04-29 22:24:41,94,94,34,75,,,,,53,31.4,,,
Depok,Cinere - Nafas,2026-04-29 22:23:44,168,168,71,151,,,,,61,28.3,,,
Bogor,Kabupaten Bogor Leuwiliang,2026-04-29 22:00:00,80,80,42,,4,9,0,80,,,,,
Tangerang,Tangerang Pasir Jaya,2026-04-29 22:00:00,128,128,56,,58,63,0,65,,,,,
Bekasi,Bekasi Kayuringin,2026-04-29 22:00:00,91,91,42,,42,15,0,7,,,,,
Jakarta,The Pakubuwono Menteng,2026-04-29 22:25:42,101,101,39,75,,,,,53,31.4,,,
Depok,Cinere - Nafas,2026-04-29 22:24:44,169,169,71,152,,,,,61,28.3,,,
Bogor,Kabupaten Bogor Leuwiliang,2026-04-29 22:00:00,80,80,42,,4,9,0,80,,,,,
Tangerang,Tangerang Pasir Jaya,2026-04-29 22:00:00,128,128,56,,58,63,0,65,,,,,
Bekasi,Bekasi Kayuringin,2026-04-29 22:00:00,91,91,42,,42,15,0,7,,,,,
Jakarta,The Pakubuwono Menteng,2026-04-29 22:26:41,103,103,41,79,,,,,53,31.3,,,
Depok,Cinere - Nafas,2026-04-29 22:26:12,171,171,73,153,,,,,61,28.2,,,
Bogor,Kabupaten Bogor Leuwiliang,2026-04-29 22:00:00,80,80,42,,4,9,0,80,,,,,
Tangerang,Tangerang Pasir Jaya,2026-04-29 22:00:00,128,128,56,,58,63,0,65,,,,,
Bekasi,Bekasi Kayuringin,2026-04-29 22:00:00,91,91,42,,42,15,0,7,,,,,
Jakarta,The Pakubuwono Menteng,2026-04-29 22:27:42,102,102,40,79,,,,,53,31.4,,,
Depok,Cinere - Nafas,2026-04-29 22:27:13,168,168,72,152,,,,,61,28.3,,,
Bogor,Kabupaten Bogor Leuwiliang,2026-04-29 22:00:00,80,80,42,,4,9,0,80,,,,,
Tangerang,Tangerang Pasir Jaya,2026-04-29 22:00:00,128,128,56,,58,63,0,65,,,,,
Bekasi,Bekasi Kayuringin,2026-04-29 22:00:00,91,91,42,,42,15,0,7,,,,,
Jakarta,The Pakubuwono Menteng,2026-04-29 22:28:42,102,102,38,78,,,,,53,31.3,,,
Depok,Cinere - Nafas,2026-04-29 22:28:13,169,169,73,152,,,,,61,28.2,,,
Bogor,Kabupaten Bogor Leuwiliang,2026-04-29 22:00:00,80,80,42,,4,9,0,80,,,,,
Tangerang,Tangerang Pasir Jaya,2026-04-29 22:00:00,128,128,56,,58,63,0,65,,,,,
Bekasi,Bekasi Kayuringin,2026-04-29 22:00:00,91,91,42,,42,15,0,7,,,,,
Jakarta,The Pakubuwono Menteng,2026-04-29 22:29:42,94,94,34,75,,,,,53,31.3,,,
Depok,Cinere - Nafas,2026-04-29 22:28:13,169,169,73,152,,,,,61,28.2,,,
Bogor,Kabupaten Bogor Leuwiliang,2026-04-29 22:00:00,80,80,42,,4,9,0,80,,,,,
Tangerang,Tangerang Pasir Jaya,2026-04-29 22:00:00,128,128,56,,58,63,0,65,,,,,
Bekasi,Bekasi Kayuringin,2026-04-29 22:00:00,91,91,42,,42,15,0,7,,,,,
Jakarta,The Pakubuwono Menteng,2026-04-29 22:31:42,102,102,39,78,,,,,53,31.3,,,
Depok,Cinere - Nafas,2026-04-29 22:31:32,165,165,68,150,,,,,61,28.2,,,
Bogor,Kabupaten Bogor Leuwiliang,2026-04-29 22:00:00,80,80,42,,4,9,0,80,,,,,
Tangerang,Tangerang Pasir Jaya,2026-04-29 22:00:00,128,128,56,,58,63,0,65,,,,,
Bekasi,Bekasi Kayuringin,2026-04-29 22:00:00,91,91,42,,42,15,0,7,,,,,
Jakarta,The Pakubuwono Menteng,2026-04-29 22:32:42,99,99,37,78,,,,,53,31.3,,,
Depok,Cinere - Nafas,2026-04-29 22:32:32,167,167,70,151,,,,,61,28.2,,,
Bogor,Kabupaten Bogor Leuwiliang,2026-04-29 22:00:00,80,80,42,,4,9,0,80,,,,,
Tangerang,Tangerang Pasir Jaya,2026-04-29 22:00:00,128,128,56,,58,63,0,65,,,,,
Bekasi,Bekasi Kayuringin,2026-04-29 22:00:00,91,91,42,,42,15,0,7,,,,,
Jakarta,The Pakubuwono Menteng,2026-04-29 22:33:42,97,97,37,78,,,,,53,31.3,,,
Depok,Cinere - Nafas,2026-04-29 22:33:32,171,171,74,153,,,,,61,28.3,,,
Bogor,Kabupaten Bogor Leuwiliang,2026-04-29 22:00:00,80,80,42,,4,9,0,80,,,,,
Tangerang,Tangerang Pasir Jaya,2026-04-29 22:00:00,128,128,56,,58,63,0,65,,,,,
Bekasi,Bekasi Kayuringin,2026-04-29 22:00:00,91,91,42,,42,15,0,7,,,,,
Jakarta,The Pakubuwono Menteng,2026-04-29 22:34:42,103,103,38,76,,,,,53,31.3,,,
Depok,Cinere - Nafas,2026-04-29 22:34:32,170,170,72,152,,,,,61,28.2,,,
Bogor,Kabupaten Bogor Leuwiliang,2026-04-29 22:00:00,80,80,42,,4,9,0,80,,,,,
Tangerang,Tangerang Pasir Jaya,2026-04-29 22:00:00,128,128,56,,58,63,0,65,,,,,
Bekasi,Bekasi Kayuringin,2026-04-29 22:00:00,91,91,42,,42,15,0,7,,,,,
Jakarta,The Pakubuwono Menteng,2026-04-29 22:35:42,94,94,33,74,,,,,53,31.3,,,
Depok,Cinere - Nafas,2026-04-29 22:35:32,170,170,73,152,,,,,61,28.3,,,
Bogor,Kabupaten Bogor Leuwiliang,2026-04-29 22:00:00,80,80,42,,4,9,0,80,,,,,
Tangerang,Tangerang Pasir Jaya,2026-04-29 22:00:00,128,128,56,,58,63,0,65,,,,,
Bekasi,Bekasi Kayuringin,2026-04-29 22:00:00,91,91,42,,42,15,0,7,,,,,
Jakarta,The Pakubuwono Menteng,2026-04-29 22:36:42,100,100,38,75,,,,,53,31.3,,,
Depok,Cinere - Nafas,2026-04-29 22:36:33,170,170,73,152,,,,,61,28.2,,,
Bogor,Kabupaten Bogor Leuwiliang,2026-04-29 22:00:00,80,80,42,,4,9,0,80,,,,,
Tangerang,Tangerang Pasir Jaya,2026-04-29 22:00:00,128,128,56,,58,63,0,65,,,,,
Bekasi,Bekasi Kayuringin,2026-04-29 22:00:00,91,91,42,,42,15,0,7,,,,,
Jakarta,The Pakubuwono Menteng,2026-04-29 22:37:42,103,103,39,81,,,,,53,31.3,,,
Depok,Cinere - Nafas,2026-04-29 22:39:32,162,162,65,138,,,,,61,28.2,,,
Bogor,Kabupaten Bogor Leuwiliang,2026-04-29 22:00:00,80,80,42,,4,9,0,80,,,,,
Tangerang,Tangerang Pasir Jaya,2026-04-29 22:00:00,128,128,56,,58,63,0,65,,,,,
Bekasi,Bekasi Kayuringin,2026-04-29 22:00:00,91,91,42,,42,15,0,7,,,,,
Jakarta,The Pakubuwono Menteng,2026-04-29 22:40:42,108,108,41,80,,,,,54,31.3,,,
Depok,Cinere - Nafas,2026-04-29 22:40:32,164,164,66,145,,,,,61,28.2,,,
Bogor,Kabupaten Bogor Leuwiliang,2026-04-29 22:00:00,80,80,42,,4,9,0,80,,,,,
Tangerang,Tangerang Pasir Jaya,2026-04-29 22:00:00,128,128,56,,58,63,0,65,,,,,
Bekasi,Bekasi Kayuringin,2026-04-29 22:00:00,91,91,42,,42,15,0,7,,,,,
Jakarta,The Pakubuwono Menteng,2026-04-29 22:40:42,108,108,41,80,,,,,54,31.3,,,
Depok,Cinere - Nafas,2026-04-29 22:40:32,164,164,66,145,,,,,61,28.2,,,
Bogor,Kabupaten Bogor Leuwiliang,2026-04-29 22:00:00,80,80,42,,4,9,0,80,,,,,
Tangerang,Tangerang Pasir Jaya,2026-04-29 22:00:00,128,128,56,,58,63,0,65,,,,,
Bekasi,Bekasi Kayuringin,2026-04-29 22:00:00,91,91,42,,42,15,0,7,,,,,
Jakarta,The Pakubuwono Menteng,2026-04-29 22:41:42,96,96,34,74,,,,,53,31.2,,,
Depok,Cinere - Nafas,2026-04-29 22:41:33,164,164,67,143,,,,,60,28.2,,,
Bogor,Kabupaten Bogor Leuwiliang,2026-04-29 22:00:00,80,80,42,,4,9,0,80,,,,,
Tangerang,Tangerang Pasir Jaya,2026-04-29 22:00:00,128,128,56,,58,63,0,65,,,,,
Bekasi,Bekasi Kayuringin,2026-04-29 22:00:00,91,91,42,,42,15,0,7,,,,,
Jakarta,The Pakubuwono Menteng,2026-04-29 22:42:42,99,99,35,75,,,,,54,31.3,,,
Depok,Cinere - Nafas,2026-04-29 22:42:32,165,165,66,143,,,,,61,28.2,,,
Bogor,Kabupaten Bogor Leuwiliang,2026-04-29 22:00:00,80,80,42,,4,9,0,80,,,,,
Tangerang,Tangerang Pasir Jaya,2026-04-29 22:00:00,128,128,56,,58,63,0,65,,,,,
Bekasi,Bekasi Kayuringin,2026-04-29 22:00:00,91,91,42,,42,15,0,7,,,,,
Jakarta,The Pakubuwono Menteng,2026-04-29 22:43:42,94,94,33,74,,,,,54,31.2,,,
Depok,Cinere - Nafas,2026-04-29 22:43:32,165,165,68,149,,,,,61,28.2,,,
Bogor,Kabupaten Bogor Leuwiliang,2026-04-29 22:00:00,80,80,42,,4,9,0,80,,,,,
Tangerang,Tangerang Pasir Jaya,2026-04-29 22:00:00,128,128,56,,58,63,0,65,,,,,
Bekasi,Bekasi Kayuringin,2026-04-29 22:00:00,91,91,42,,42,15,0,7,,,,,
Jakarta,The Pakubuwono Menteng,2026-04-29 22:45:42,97,97,36,77,,,,,54,31.2,,,
Depok,Cinere - Nafas,2026-04-29 22:45:32,163,163,66,146,,,,,61,28.2,,,
Bogor,Kabupaten Bogor Leuwiliang,2026-04-29 22:00:00,80,80,42,,4,9,0,80,,,,,
Tangerang,Tangerang Pasir Jaya,2026-04-29 22:00:00,128,128,56,,58,63,0,65,,,,,
Bekasi,Bekasi Kayuringin,2026-04-29 22:00:00,91,91,42,,42,15,0,7,,,,,
Jakarta,The Pakubuwono Menteng,2026-04-29 22:46:42,94,94,34,75,,,,,54,31.2,,,
Depok,Cinere - Nafas,2026-04-29 22:46:32,162,162,66,141,,,,,61,28.1,,,
Bogor,Kabupaten Bogor Leuwiliang,2026-04-29 22:00:00,80,80,42,,4,9,0,80,,,,,
Tangerang,Tangerang Pasir Jaya,2026-04-29 22:00:00,128,128,56,,58,63,0,65,,,,,
Bekasi,Bekasi Kayuringin,2026-04-29 22:00:00,91,91,42,,42,15,0,7,,,,,
Jakarta,The Pakubuwono Menteng,2026-04-29 22:47:42,106,106,41,79,,,,,54,31.2,,,
Depok,Cinere - Nafas,2026-04-29 22:48:32,163,163,66,139,,,,,61,28.2,,,
Bogor,Kabupaten Bogor Leuwiliang,2026-04-29 22:00:00,80,80,42,,4,9,0,80,,,,,
Tangerang,Tangerang Pasir Jaya,2026-04-29 22:00:00,128,128,56,,58,63,0,65,,,,,
Bekasi,Bekasi Kayuringin,2026-04-29 22:00:00,91,91,42,,42,15,0,7,,,,,
Jakarta,The Pakubuwono Menteng,2026-04-29 22:49:42,101,101,39,79,,,,,54,31.2,,,
Depok,Cinere - Nafas,2026-04-29 22:49:32,162,162,65,137,,,,,61,28.1,,,
Bogor,Kabupaten Bogor Leuwiliang,2026-04-29 22:00:00,80,80,42,,4,9,0,80,,,,,
Tangerang,Tangerang Pasir Jaya,2026-04-29 22:00:00,128,128,56,,58,63,0,65,,,,,
Bekasi,Bekasi Kayuringin,2026-04-29 22:00:00,91,91,42,,42,15,0,7,,,,,
Jakarta,The Pakubuwono Menteng,2026-04-29 22:50:42,98,98,36,74,,,,,54,31.2,,,
Depok,Cinere - Nafas,2026-04-29 22:50:32,162,162,65,143,,,,,61,28.1,,,
Bogor,Kabupaten Bogor Leuwiliang,2026-04-29 22:00:00,80,80,42,,4,9,0,80,,,,,
Tangerang,Tangerang Pasir Jaya,2026-04-29 22:00:00,128,128,56,,58,63,0,65,,,,,
Bekasi,Bekasi Kayuringin,2026-04-29 22:00:00,91,91,42,,42,15,0,7,,,,,
Jakarta,The Pakubuwono Menteng,2026-04-29 22:51:42,98,98,37,75,,,,,54,31.1,,,
Depok,Cinere - Nafas,2026-04-29 22:51:32,162,162,64,137,,,,,61,28.1,,,
Bogor,Kabupaten Bogor Leuwiliang,2026-04-29 22:00:00,80,80,42,,4,9,0,80,,,,,
Tangerang,Tangerang Pasir Jaya,2026-04-29 22:00:00,128,128,56,,58,63,0,65,,,,,
Bekasi,Bekasi Kayuringin,2026-04-29 22:00:00,91,91,42,,42,15,0,7,,,,,
Jakarta,The Pakubuwono Menteng,2026-04-29 22:53:42,98,98,35,75,,,,,54,31.1,,,
Depok,Cinere - Nafas,2026-04-29 22:53:33,160,160,62,131,,,,,61,28.1,,,
Bogor,Kabupaten Bogor Leuwiliang,2026-04-29 22:00:00,80,80,42,,4,9,0,80,,,,,
Tangerang,Tangerang Pasir Jaya,2026-04-29 22:00:00,128,128,56,,58,63,0,65,,,,,
Bekasi,Bekasi Kayuringin,2026-04-29 22:00:00,91,91,42,,42,15,0,7,,,,,
Jakarta,The Pakubuwono Menteng,2026-04-29 22:53:42,98,98,35,75,,,,,54,31.1,,,
Depok,Cinere - Nafas,2026-04-29 22:53:33,160,160,62,131,,,,,61,28.1,,,
Bogor,Kabupaten Bogor Leuwiliang,2026-04-29 22:00:00,80,80,42,,4,9,0,80,,,,,
Tangerang,Tangerang Pasir Jaya,2026-04-29 22:00:00,128,128,56,,58,63,0,65,,,,,
Bekasi,Bekasi Kayuringin,2026-04-29 22:00:00,91,91,42,,42,15,0,7,,,,,
Jakarta,The Pakubuwono Menteng,2026-04-29 22:54:42,93,93,31,72,,,,,54,31.1,,,
Depok,Cinere - Nafas,2026-04-29 22:54:33,159,159,62,134,,,,,61,28.1,,,
Bogor,Kabupaten Bogor Leuwiliang,2026-04-29 22:00:00,80,80,42,,4,9,0,80,,,,,
Tangerang,Tangerang Pasir Jaya,2026-04-29 22:00:00,128,128,56,,58,63,0,65,,,,,
Bekasi,Bekasi Kayuringin,2026-04-29 22:00:00,91,91,42,,42,15,0,7,,,,,
Jakarta,The Pakubuwono Menteng,2026-04-29 22:55:42,95,95,37,74,,,,,54,31.1,,,
Depok,Cinere - Nafas,2026-04-29 22:54:33,159,159,62,134,,,,,61,28.1,,,
Bogor,Kabupaten Bogor Leuwiliang,2026-04-29 22:00:00,80,80,42,,4,9,0,80,,,,,
Tangerang,Tangerang Pasir Jaya,2026-04-29 22:00:00,128,128,56,,58,63,0,65,,,,,
Bekasi,Bekasi Kayuringin,2026-04-29 22:00:00,91,91,42,,42,15,0,7,,,,,
Jakarta,The Pakubuwono Menteng,2026-04-29 22:56:42,97,97,36,76,,,,,54,31.1,,,
Depok,Cinere - Nafas,2026-04-29 22:56:50,159,159,61,130,,,,,61,28.1,,,
Bogor,Kabupaten Bogor Leuwiliang,2026-04-29 22:00:00,80,80,42,,4,9,0,80,,,,,
Tangerang,Tangerang Pasir Jaya,2026-04-29 22:00:00,128,128,56,,58,63,0,65,,,,,
Bekasi,Bekasi Kayuringin,2026-04-29 22:00:00,91,91,42,,42,15,0,7,,,,,
Jakarta,The Pakubuwono Menteng,2026-04-29 22:59:42,96,96,35,74,,,,,55,31.1,,,
Depok,Cinere - Nafas,2026-04-29 22:58:50,160,160,63,131,,,,,61,28,,,
Bogor,Kabupaten Bogor Leuwiliang,2026-04-29 22:00:00,80,80,42,,4,9,0,80,,,,,
Tangerang,Tangerang Pasir Jaya,2026-04-29 22:00:00,128,128,56,,58,63,0,65,,,,,
Bekasi,Bekasi Kayuringin,2026-04-29 22:00:00,91,91,42,,42,15,0,7,,,,,
Jakarta,The Pakubuwono Menteng,2026-04-29 23:00:43,97,97,35,78,,,,,54,31.1,,,
Depok,Cinere - Nafas,2026-04-29 22:59:51,160,160,62,132,,,,,61,28,,,
Bogor,Kabupaten Bogor Leuwiliang,2026-04-29 22:00:00,80,80,42,,4,9,0,80,,,,,
Tangerang,Tangerang Pasir Jaya,2026-04-29 22:00:00,128,128,56,,58,63,0,65,,,,,
Bekasi,Bekasi Kayuringin,2026-04-29 22:00:00,91,91,42,,42,15,0,7,,,,,
Jakarta,The Pakubuwono Menteng,2026-04-29 23:01:42,93,93,33,74,,,,,54,31.1,,,
Depok,Cinere - Nafas,2026-04-29 23:00:50,161,161,63,138,,,,,61,28,,,
Bogor,Kabupaten Bogor Leuwiliang,2026-04-29 22:00:00,80,80,42,,4,9,0,80,,,,,
Tangerang,Tangerang Pasir Jaya,2026-04-29 22:00:00,128,128,56,,58,63,0,65,,,,,
Bekasi,Bekasi Kayuringin,2026-04-29 22:00:00,91,91,42,,42,15,0,7,,,,,
Jakarta,The Pakubuwono Menteng,2026-04-29 23:02:42,95,95,35,76,,,,,54,31.1,,,
Depok,Cinere - Nafas,2026-04-29 23:01:51,162,162,65,141,,,,,61,28,,,
Bogor,Kabupaten Bogor Leuwiliang,2026-04-29 22:00:00,80,80,42,,4,9,0,80,,,,,
Tangerang,Tangerang Pasir Jaya,2026-04-29 22:00:00,128,128,56,,58,63,0,65,,,,,
Bekasi,Bekasi Kayuringin,2026-04-29 22:00:00,91,91,42,,42,15,0,7,,,,,
Jakarta,The Pakubuwono Menteng,2026-04-29 23:03:43,100,100,37,75,,,,,54,31.1,,,
Depok,Cinere - Nafas,2026-04-29 23:02:50,162,162,65,137,,,,,62,28,,,
Bogor,Kabupaten Bogor Leuwiliang,2026-04-29 22:00:00,80,80,42,,4,9,0,80,,,,,
Tangerang,Tangerang Pasir Jaya,2026-04-29 22:00:00,128,128,56,,58,63,0,65,,,,,
Bekasi,Bekasi Kayuringin,2026-04-29 22:00:00,91,91,42,,42,15,0,7,,,,,
Jakarta,The Pakubuwono Menteng,2026-04-29 23:04:43,93,93,32,73,,,,,54,31.1,,,
Depok,Cinere - Nafas,2026-04-29 23:03:51,163,163,67,141,,,,,62,28,,,
Bogor,Kabupaten Bogor Leuwiliang,2026-04-29 22:00:00,80,80,42,,4,9,0,80,,,,,
Tangerang,Tangerang Pasir Jaya,2026-04-29 22:00:00,128,128,56,,58,63,0,65,,,,,
Bekasi,Bekasi Kayuringin,2026-04-29 22:00:00,91,91,42,,42,15,0,7,,,,,
Jakarta,The Pakubuwono Menteng,2026-04-29 23:05:43,92,92,30,71,,,,,54,31.1,,,
Depok,Cinere - Nafas,2026-04-29 23:04:50,162,162,64,141,,,,,62,28,,,
Bogor,Kabupaten Bogor Leuwiliang,2026-04-29 22:00:00,80,80,42,,4,9,0,80,,,,,
Tangerang,Tangerang Pasir Jaya,2026-04-29 22:00:00,128,128,56,,58,63,0,65,,,,,
Bekasi,Bekasi Kayuringin,2026-04-29 22:00:00,91,91,42,,42,15,0,7,,,,,
Jakarta,The Pakubuwono Menteng,2026-04-29 23:07:42,88,88,28,71,,,,,54,31.1,,,
Depok,Cinere - Nafas,2026-04-29 23:07:13,165,165,68,143,,,,,61,28,,,
Bogor,Kabupaten Bogor Leuwiliang,2026-04-29 22:00:00,80,80,42,,4,9,0,80,,,,,
Tangerang,Tangerang Pasir Jaya,2026-04-29 22:00:00,128,128,56,,58,63,0,65,,,,,
Bekasi,Bekasi Kayuringin,2026-04-29 22:00:00,91,91,42,,42,15,0,7,,,,,
Jakarta,The Pakubuwono Menteng,2026-04-29 23:08:42,96,96,34,74,,,,,54,31.1,,,
Depok,Cinere - Nafas,2026-04-29 23:08:11,165,165,67,150,,,,,61,28,,,
Bogor,Kabupaten Bogor Leuwiliang,2026-04-29 22:00:00,80,80,42,,4,9,0,80,,,,,
Tangerang,Tangerang Pasir Jaya,2026-04-29 22:00:00,128,128,56,,58,63,0,65,,,,,
Bekasi,Bekasi Kayuringin,2026-04-29 22:00:00,91,91,42,,42,15,0,7,,,,,
Jakarta,The Pakubuwono Menteng,2026-04-29 23:09:43,88,88,29,71,,,,,54,31.1,,,
Depok,Cinere - Nafas,2026-04-29 23:09:12,165,165,69,147,,,,,61,28,,,
Bogor,Kabupaten Bogor Leuwiliang,2026-04-29 23:00:00,80,80,43,,4,9,0,80,,,,,
Tangerang,Tangerang Pasir Jaya,2026-04-29 23:00:00,132,132,57,,58,63,0,65,,,,,
Bekasi,Bekasi Kayuringin,2026-04-29 23:00:00,90,90,42,,42,15,0,7,,,,,
Jakarta,The Pakubuwono Menteng,2026-04-29 23:10:43,92,92,32,73,,,,,54,31.1,,,
Depok,Cinere - Nafas,2026-04-29 23:10:11,166,166,67,146,,,,,61,28,,,
Bogor,Kabupaten Bogor Leuwiliang,2026-04-29 23:00:00,80,80,43,,4,9,0,80,,,,,
Tangerang,Tangerang Pasir Jaya,2026-04-29 23:00:00,132,132,57,,58,63,0,65,,,,,
Bekasi,Bekasi Kayuringin,2026-04-29 23:00:00,90,90,42,,42,15,0,7,,,,,
Jakarta,The Pakubuwono Menteng,2026-04-29 23:11:43,87,87,28,70,,,,,54,31.1,,,
Depok,Cinere - Nafas,2026-04-29 23:11:11,164,164,67,148,,,,,62,28,,,
Bogor,Kabupaten Bogor Leuwiliang,2026-04-29 23:00:00,80,80,43,,4,9,0,80,,,,,
Tangerang,Tangerang Pasir Jaya,2026-04-29 23:00:00,132,132,57,,58,63,0,65,,,,,
Bekasi,Bekasi Kayuringin,2026-04-29 23:00:00,90,90,42,,42,15,0,7,,,,,
Jakarta,The Pakubuwono Menteng,2026-04-29 23:12:43,87,87,29,70,,,,,54,31.1,,,
Depok,Cinere - Nafas,2026-04-29 23:12:11,164,164,67,145,,,,,62,28,,,
Bogor,Kabupaten Bogor Leuwiliang,2026-04-29 23:00:00,80,80,43,,4,9,0,80,,,,,
Tangerang,Tangerang Pasir Jaya,2026-04-29 23:00:00,132,132,57,,58,63,0,65,,,,,
Bekasi,Bekasi Kayuringin,2026-04-29 23:00:00,90,90,42,,42,15,0,7,,,,,
Jakarta,The Pakubuwono Menteng,2026-04-29 23:14:43,85,85,27,71,,,,,54,31.1,,,
Depok,Cinere - Nafas,2026-04-29 23:14:11,166,166,69,150,,,,,62,28,,,
Bogor,Kabupaten Bogor Leuwiliang,2026-04-29 23:00:00,80,80,43,,4,9,0,80,,,,,
Tangerang,Tangerang Pasir Jaya,2026-04-29 23:00:00,132,132,57,,58,63,0,65,,,,,
Bekasi,Bekasi Kayuringin,2026-04-29 23:00:00,90,90,42,,42,15,0,7,,,,,
Jakarta,The Pakubuwono Menteng,2026-04-29 23:15:43,92,92,32,72,,,,,54,31.1,,,
Depok,Cinere - Nafas,2026-04-29 23:15:11,166,166,69,148,,,,,62,28,,,
Bogor,Kabupaten Bogor Leuwiliang,2026-04-29 23:00:00,80,80,43,,4,9,0,80,,,,,
Tangerang,Tangerang Pasir Jaya,2026-04-29 23:00:00,132,132,57,,58,63,0,65,,,,,
Bekasi,Bekasi Kayuringin,2026-04-29 23:00:00,90,90,42,,42,15,0,7,,,,,
Jakarta,The Pakubuwono Menteng,2026-04-29 23:17:43,92,92,33,72,,,,,54,31.2,,,
Depok,Cinere - Nafas,2026-04-29 23:17:11,168,168,70,152,,,,,62,28,,,
Bogor,Kabupaten Bogor Leuwiliang,2026-04-29 23:00:00,80,80,43,,4,9,0,80,,,,,
Tangerang,Tangerang Pasir Jaya,2026-04-29 23:00:00,132,132,57,,58,63,0,65,,,,,
Bekasi,Bekasi Kayuringin,2026-04-29 23:00:00,90,90,42,,42,15,0,7,,,,,
Jakarta,The Pakubuwono Menteng,2026-04-29 23:18:43,94,94,33,72,,,,,55,31.1,,,
Depok,Cinere - Nafas,2026-04-29 23:17:11,168,168,70,152,,,,,62,28,,,
Bogor,Kabupaten Bogor Leuwiliang,2026-04-29 23:00:00,80,80,43,,4,9,0,80,,,,,
Tangerang,Tangerang Pasir Jaya,2026-04-29 23:00:00,132,132,57,,58,63,0,65,,,,,
Bekasi,Bekasi Kayuringin,2026-04-29 23:00:00,90,90,42,,42,15,0,7,,,,,
Jakarta,The Pakubuwono Menteng,2026-04-29 23:19:43,84,84,27,68,,,,,54,31.1,,,
Depok,Cinere - Nafas,2026-04-29 23:17:11,168,168,70,152,,,,,62,28,,,
Bogor,Kabupaten Bogor Leuwiliang,2026-04-29 23:00:00,80,80,43,,4,9,0,80,,,,,
Tangerang,Tangerang Pasir Jaya,2026-04-29 23:00:00,132,132,57,,58,63,0,65,,,,,
Bekasi,Bekasi Kayuringin,2026-04-29 23:00:00,90,90,42,,42,15,0,7,,,,,
Jakarta,The Pakubuwono Menteng,2026-04-29 23:20:43,87,87,32,72,,,,,55,31.1,,,
Depok,Cinere - Nafas,2026-04-29 23:20:17,169,169,72,153,,,,,62,28,,,
Bogor,Kabupaten Bogor Leuwiliang,2026-04-29 23:00:00,80,80,43,,4,9,0,80,,,,,
Tangerang,Tangerang Pasir Jaya,2026-04-29 23:00:00,132,132,57,,58,63,0,65,,,,,
Bekasi,Bekasi Kayuringin,2026-04-29 23:00:00,90,90,42,,42,15,0,7,,,,,
Jakarta,The Pakubuwono Menteng,2026-04-29 23:21:43,86,86,27,69,,,,,55,31.1,,,
Depok,Cinere - Nafas,2026-04-29 23:21:35,170,170,73,153,,,,,62,28,,,
Bogor,Kabupaten Bogor Leuwiliang,2026-04-29 23:00:00,80,80,43,,4,9,0,80,,,,,
Tangerang,Tangerang Pasir Jaya,2026-04-29 23:00:00,132,132,57,,58,63,0,65,,,,,
Bekasi,Bekasi Kayuringin,2026-04-29 23:00:00,90,90,42,,42,15,0,7,,,,,
Jakarta,The Pakubuwono Menteng,2026-04-29 23:22:43,85,85,26,71,,,,,54,31.1,,,
Depok,Cinere - Nafas,2026-04-29 23:22:35,170,170,73,152,,,,,62,28,,,
Bogor,Kabupaten Bogor Leuwiliang,2026-04-29 23:00:00,80,80,43,,4,9,0,80,,,,,
Tangerang,Tangerang Pasir Jaya,2026-04-29 23:00:00,132,132,57,,58,63,0,65,,,,,
Bekasi,Bekasi Kayuringin,2026-04-29 23:00:00,90,90,42,,42,15,0,7,,,,,
Jakarta,The Pakubuwono Menteng,2026-04-29 23:23:43,84,84,26,66,,,,,54,31.1,,,
Depok,Cinere - Nafas,2026-04-29 23:22:35,170,170,73,152,,,,,62,28,,,
Bogor,Kabupaten Bogor Leuwiliang,2026-04-29 23:00:00,80,80,43,,4,9,0,80,,,,,
Tangerang,Tangerang Pasir Jaya,2026-04-29 23:00:00,132,132,57,,58,63,0,65,,,,,
Bekasi,Bekasi Kayuringin,2026-04-29 23:00:00,90,90,42,,42,15,0,7,,,,,
Jakarta,The Pakubuwono Menteng,2026-04-29 23:24:43,85,85,27,67,,,,,54,31.1,,,
Depok,Cinere - Nafas,2026-04-29 23:22:35,170,170,73,152,,,,,62,28,,,
Bogor,Kabupaten Bogor Leuwiliang,2026-04-29 23:00:00,80,80,43,,4,9,0,80,,,,,
Tangerang,Tangerang Pasir Jaya,2026-04-29 23:00:00,132,132,57,,58,63,0,65,,,,,
Bekasi,Bekasi Kayuringin,2026-04-29 23:00:00,90,90,42,,42,15,0,7,,,,,
Jakarta,The Pakubuwono Menteng,2026-04-29 23:26:43,86,86,28,71,,,,,54,31.1,,,
Depok,Cinere - Nafas,2026-04-29 23:25:53,171,171,74,151,,,,,62,28,,,
Bogor,Kabupaten Bogor Leuwiliang,2026-04-29 23:00:00,80,80,43,,4,9,0,80,,,,,
Tangerang,Tangerang Pasir Jaya,2026-04-29 23:00:00,132,132,57,,58,63,0,65,,,,,
Bekasi,Bekasi Kayuringin,2026-04-29 23:00:00,90,90,42,,42,15,0,7,,,,,
Jakarta,The Pakubuwono Menteng,2026-04-29 23:28:43,83,83,26,66,,,,,54,31.2,,,
Depok,Cinere - Nafas,2026-04-29 23:27:53,169,169,72,153,,,,,62,27.9,,,
Bogor,Kabupaten Bogor Leuwiliang,2026-04-29 23:00:00,80,80,43,,4,9,0,80,,,,,
Tangerang,Tangerang Pasir Jaya,2026-04-29 23:00:00,132,132,57,,58,63,0,65,,,,,
Bekasi,Bekasi Kayuringin,2026-04-29 23:00:00,90,90,42,,42,15,0,7,,,,,
Jakarta,The Pakubuwono Menteng,2026-04-29 23:29:43,87,87,27,68,,,,,54,31.1,,,
Depok,Cinere - Nafas,2026-04-29 23:28:53,170,170,72,152,,,,,62,27.9,,,
Bogor,Kabupaten Bogor Leuwiliang,2026-04-29 23:00:00,80,80,43,,4,9,0,80,,,,,
Tangerang,Tangerang Pasir Jaya,2026-04-29 23:00:00,132,132,57,,58,63,0,65,,,,,
Bekasi,Bekasi Kayuringin,2026-04-29 23:00:00,90,90,42,,42,15,0,7,,,,,
Jakarta,The Pakubuwono Menteng,2026-04-29 23:30:43,85,85,26,64,,,,,54,31.2,,,
Depok,Cinere - Nafas,2026-04-29 23:29:53,170,170,73,152,,,,,62,27.9,,,
Bogor,Kabupaten Bogor Leuwiliang,2026-04-29 23:00:00,80,80,43,,4,9,0,80,,,,,
Tangerang,Tangerang Pasir Jaya,2026-04-29 23:00:00,132,132,57,,58,63,0,65,,,,,
Bekasi,Bekasi Kayuringin,2026-04-29 23:00:00,90,90,42,,42,15,0,7,,,,,
Jakarta,The Pakubuwono Menteng,2026-04-29 23:31:43,88,88,28,72,,,,,54,31.1,,,
Depok,Cinere - Nafas,2026-04-29 23:30:53,171,171,75,153,,,,,62,27.9,,,
Bogor,Kabupaten Bogor Leuwiliang,2026-04-29 23:00:00,80,80,43,,4,9,0,80,,,,,
Tangerang,Tangerang Pasir Jaya,2026-04-29 23:00:00,132,132,57,,58,63,0,65,,,,,
Bekasi,Bekasi Kayuringin,2026-04-29 23:00:00,90,90,42,,42,15,0,7,,,,,
Jakarta,The Pakubuwono Menteng,2026-04-29 23:31:43,88,88,28,72,,,,,54,31.1,,,
Depok,Cinere - Nafas,2026-04-29 23:30:53,171,171,75,153,,,,,62,27.9,,,
Bogor,Kabupaten Bogor Leuwiliang,2026-04-29 23:00:00,80,80,43,,4,9,0,80,,,,,
Tangerang,Tangerang Pasir Jaya,2026-04-29 23:00:00,132,132,57,,58,63,0,65,,,,,
Bekasi,Bekasi Kayuringin,2026-04-29 23:00:00,90,90,42,,42,15,0,7,,,,,
Jakarta,The Pakubuwono Menteng,2026-04-29 23:32:43,87,87,28,71,,,,,54,31.1,,,
Depok,Cinere - Nafas,2026-04-29 23:31:53,171,171,74,153,,,,,62,27.9,,,
Bogor,Kabupaten Bogor Leuwiliang,2026-04-29 23:00:00,80,80,43,,4,9,0,80,,,,,
Tangerang,Tangerang Pasir Jaya,2026-04-29 23:00:00,132,132,57,,58,63,0,65,,,,,
Bekasi,Bekasi Kayuringin,2026-04-29 23:00:00,90,90,42,,42,15,0,7,,,,,
Jakarta,The Pakubuwono Menteng,2026-04-29 23:34:43,85,85,27,70,,,,,54,31.2,,,
Depok,Cinere - Nafas,2026-04-29 23:34:53,173,173,76,154,,,,,63,27.9,,,
Bogor,Kabupaten Bogor Leuwiliang,2026-04-29 23:00:00,80,80,43,,4,9,0,80,,,,,
Tangerang,Tangerang Pasir Jaya,2026-04-29 23:00:00,132,132,57,,58,63,0,65,,,,,
Bekasi,Bekasi Kayuringin,2026-04-29 23:00:00,90,90,42,,42,15,0,7,,,,,
Jakarta,The Pakubuwono Menteng,2026-04-29 23:36:43,92,92,31,72,,,,,54,31.1,,,
Depok,Cinere - Nafas,2026-04-29 23:35:53,174,174,78,156,,,,,63,27.9,,,
Bogor,Kabupaten Bogor Leuwiliang,2026-04-29 23:00:00,80,80,43,,4,9,0,80,,,,,
Tangerang,Tangerang Pasir Jaya,2026-04-29 23:00:00,132,132,57,,58,63,0,65,,,,,
Bekasi,Bekasi Kayuringin,2026-04-29 23:00:00,90,90,42,,42,15,0,7,,,,,
Jakarta,The Pakubuwono Menteng,2026-04-29 23:37:43,86,86,29,70,,,,,54,31.1,,,
Depok,Cinere - Nafas,2026-04-29 23:36:53,175,175,78,156,,,,,63,27.9,,,
Bogor,Kabupaten Bogor Leuwiliang,2026-04-29 23:00:00,80,80,43,,4,9,0,80,,,,,
Tangerang,Tangerang Pasir Jaya,2026-04-29 23:00:00,132,132,57,,58,63,0,65,,,,,
Bekasi,Bekasi Kayuringin,2026-04-29 23:00:00,90,90,42,,42,15,0,7,,,,,
Jakarta,The Pakubuwono Menteng,2026-04-29 23:38:43,91,91,32,72,,,,,55,31.1,,,
Depok,Cinere - Nafas,2026-04-29 23:38:53,175,175,76,154,,,,,63,27.9,,,
Bogor,Kabupaten Bogor Leuwiliang,2026-04-29 23:00:00,80,80,43,,4,9,0,80,,,,,
Tangerang,Tangerang Pasir Jaya,2026-04-29 23:00:00,132,132,57,,58,63,0,65,,,,,
Bekasi,Bekasi Kayuringin,2026-04-29 23:00:00,90,90,42,,42,15,0,7,,,,,
Jakarta,The Pakubuwono Menteng,2026-04-29 23:39:43,88,88,28,71,,,,,55,31.1,,,
Depok,Cinere - Nafas,2026-04-29 23:39:53,174,174,76,155,,,,,63,27.9,,,
Bogor,Kabupaten Bogor Leuwiliang,2026-04-29 23:00:00,80,80,43,,4,9,0,80,,,,,
Tangerang,Tangerang Pasir Jaya,2026-04-29 23:00:00,132,132,57,,58,63,0,65,,,,,
Bekasi,Bekasi Kayuringin,2026-04-29 23:00:00,90,90,42,,42,15,0,7,,,,,
Jakarta,The Pakubuwono Menteng,2026-04-29 23:41:44,83,83,26,65,,,,,54,31.1,,,
Depok,Cinere - Nafas,2026-04-29 23:41:53,173,173,76,155,,,,,62,27.9,,,
Bogor,Kabupaten Bogor Leuwiliang,2026-04-29 23:00:00,80,80,43,,4,9,0,80,,,,,
Tangerang,Tangerang Pasir Jaya,2026-04-29 23:00:00,132,132,57,,58,63,0,65,,,,,
Bekasi,Bekasi Kayuringin,2026-04-29 23:00:00,90,90,42,,42,15,0,7,,,,,
Jakarta,The Pakubuwono Menteng,2026-04-29 23:42:43,82,82,25,63,,,,,54,31.1,,,
Depok,Cinere - Nafas,2026-04-29 23:41:53,173,173,76,155,,,,,62,27.9,,,
Bogor,Kabupaten Bogor Leuwiliang,2026-04-29 23:00:00,80,80,43,,4,9,0,80,,,,,
Tangerang,Tangerang Pasir Jaya,2026-04-29 23:00:00,132,132,57,,58,63,0,65,,,,,
Bekasi,Bekasi Kayuringin,2026-04-29 23:00:00,90,90,42,,42,15,0,7,,,,,
Jakarta,The Pakubuwono Menteng,2026-04-29 23:42:43,82,82,25,63,,,,,54,31.1,,,
Depok,Cinere - Nafas,2026-04-29 23:41:53,173,173,76,155,,,,,62,27.9,,,
Bogor,Kabupaten Bogor Leuwiliang,2026-04-29 23:00:00,80,80,43,,4,9,0,80,,,,,
Tangerang,Tangerang Pasir Jaya,2026-04-29 23:00:00,132,132,57,,58,63,0,65,,,,,
Bekasi,Bekasi Kayuringin,2026-04-29 23:00:00,90,90,42,,42,15,0,7,,,,,
Jakarta,The Pakubuwono Menteng,2026-04-29 23:44:43,91,91,30,71,,,,,54,31.1,,,
Depok,Cinere - Nafas,2026-04-29 23:44:53,173,173,77,154,,,,,63,27.9,,,
Bogor,Kabupaten Bogor Leuwiliang,2026-04-29 23:00:00,80,80,43,,4,9,0,80,,,,,
Tangerang,Tangerang Pasir Jaya,2026-04-29 23:00:00,132,132,57,,58,63,0,65,,,,,
Bekasi,Bekasi Kayuringin,2026-04-29 23:00:00,90,90,42,,42,15,0,7,,,,,
Jakarta,The Pakubuwono Menteng,2026-04-29 23:45:43,84,84,26,69,,,,,54,31.1,,,
Depok,Cinere - Nafas,2026-04-29 23:45:53,172,172,75,154,,,,,63,27.9,,,
Bogor,Kabupaten Bogor Leuwiliang,2026-04-29 23:00:00,80,80,43,,4,9,0,80,,,,,
Tangerang,Tangerang Pasir Jaya,2026-04-29 23:00:00,132,132,57,,58,63,0,65,,,,,
Bekasi,Bekasi Kayuringin,2026-04-29 23:00:00,90,90,42,,42,15,0,7,,,,,
Jakarta,The Pakubuwono Menteng,2026-04-29 23:47:43,82,82,27,63,,,,,54,31.1,,,
Depok,Cinere - Nafas,2026-04-29 23:47:53,171,171,75,153,,,,,63,27.9,,,
Bogor,Kabupaten Bogor Leuwiliang,2026-04-29 23:00:00,80,80,43,,4,9,0,80,,,,,
Tangerang,Tangerang Pasir Jaya,2026-04-29 23:00:00,132,132,57,,58,63,0,65,,,,,
Bekasi,Bekasi Kayuringin,2026-04-29 23:00:00,90,90,42,,42,15,0,7,,,,,
Jakarta,The Pakubuwono Menteng,2026-04-29 23:48:43,83,83,26,66,,,,,54,31.1,,,
Depok,Cinere - Nafas,2026-04-29 23:48:54,172,172,75,153,,,,,63,27.8,,,
Bogor,Kabupaten Bogor Leuwiliang,2026-04-29 23:00:00,80,80,43,,4,9,0,80,,,,,
Tangerang,Tangerang Pasir Jaya,2026-04-29 23:00:00,132,132,57,,58,63,0,65,,,,,
Bekasi,Bekasi Kayuringin,2026-04-29 23:00:00,90,90,42,,42,15,0,7,,,,,
Jakarta,The Pakubuwono Menteng,2026-04-29 23:49:43,80,80,25,66,,,,,54,31.1,,,
Depok,Cinere - Nafas,2026-04-29 23:49:53,170,170,74,153,,,,,63,27.8,,,
Bogor,Kabupaten Bogor Leuwiliang,2026-04-29 23:00:00,80,80,43,,4,9,0,80,,,,,
Tangerang,Tangerang Pasir Jaya,2026-04-29 23:00:00,132,132,57,,58,63,0,65,,,,,
Bekasi,Bekasi Kayuringin,2026-04-29 23:00:00,90,90,42,,42,15,0,7,,,,,
Jakarta,The Pakubuwono Menteng,2026-04-29 23:50:43,84,84,27,66,,,,,54,31.1,,,
Depok,Cinere - Nafas,2026-04-29 23:50:54,171,171,74,153,,,,,63,27.8,,,
Bogor,Kabupaten Bogor Leuwiliang,2026-04-29 23:00:00,80,80,43,,4,9,0,80,,,,,
Tangerang,Tangerang Pasir Jaya,2026-04-29 23:00:00,132,132,57,,58,63,0,65,,,,,
Bekasi,Bekasi Kayuringin,2026-04-29 23:00:00,90,90,42,,42,15,0,7,,,,,
Jakarta,The Pakubuwono Menteng,2026-04-29 23:51:43,91,91,31,72,,,,,54,31.1,,,
Depok,Cinere - Nafas,2026-04-29 23:51:54,171,171,75,153,,,,,63,27.8,,,
Bogor,Kabupaten Bogor Leuwiliang,2026-04-29 23:00:00,80,80,43,,4,9,0,80,,,,,
Tangerang,Tangerang Pasir Jaya,2026-04-29 23:00:00,132,132,57,,58,63,0,65,,,,,
Bekasi,Bekasi Kayuringin,2026-04-29 23:00:00,90,90,42,,42,15,0,7,,,,,
Jakarta,The Pakubuwono Menteng,2026-04-29 23:52:43,87,87,27,70,,,,,54,31.1,,,
Depok,Cinere - Nafas,2026-04-29 23:52:53,169,169,73,152,,,,,63,27.8,,,
Bogor,Kabupaten Bogor Leuwiliang,2026-04-29 23:00:00,80,80,43,,4,9,0,80,,,,,
Tangerang,Tangerang Pasir Jaya,2026-04-29 23:00:00,132,132,57,,58,63,0,65,,,,,
Bekasi,Bekasi Kayuringin,2026-04-29 23:00:00,90,90,42,,42,15,0,7,,,,,
Jakarta,The Pakubuwono Menteng,2026-04-29 23:54:44,84,84,27,67,,,,,54,31.1,,,
Depok,Cinere - Nafas,2026-04-29 23:54:53,170,170,74,152,,,,,63,27.8,,,
Bogor,Kabupaten Bogor Leuwiliang,2026-04-29 23:00:00,80,80,43,,4,9,0,80,,,,,
Tangerang,Tangerang Pasir Jaya,2026-04-29 23:00:00,132,132,57,,58,63,0,65,,,,,
Bekasi,Bekasi Kayuringin,2026-04-29 23:00:00,90,90,42,,42,15,0,7,,,,,
Jakarta,The Pakubuwono Menteng,2026-04-29 23:55:44,85,85,26,67,,,,,54,31.1,,,
Depok,Cinere - Nafas,2026-04-29 23:55:53,171,171,75,153,,,,,63,27.8,,,
Bogor,Kabupaten Bogor Leuwiliang,2026-04-29 23:00:00,80,80,43,,4,9,0,80,,,,,
Tangerang,Tangerang Pasir Jaya,2026-04-29 23:00:00,132,132,57,,58,63,0,65,,,,,
Bekasi,Bekasi Kayuringin,2026-04-29 23:00:00,90,90,42,,42,15,0,7,,,,,
Jakarta,The Pakubuwono Menteng,2026-04-29 23:56:43,87,87,27,66,,,,,54,31.1,,,
Depok,Cinere - Nafas,2026-04-29 23:56:53,168,168,72,151,,,,,63,27.8,,,
Bogor,Kabupaten Bogor Leuwiliang,2026-04-29 23:00:00,80,80,43,,4,9,0,80,,,,,
Tangerang,Tangerang Pasir Jaya,2026-04-29 23:00:00,132,132,57,,58,63,0,65,,,,,
Bekasi,Bekasi Kayuringin,2026-04-29 23:00:00,90,90,42,,42,15,0,7,,,,,
