city,station_name,time,aqi,pm25,pm10,pm1,no2,so2,co,o3,humidity,temperature,pressure,wind,rain
Jakarta,The Pakubuwono Menteng,2026-04-27 23:57:42,168,168,70,154,,,,,51,31.5,,,
Depok,Cinere - Nafas,2026-04-27 23:57:42,207,207,106,174,,,,,0,0,,,
Bogor,Kabupaten Bogor Leuwiliang,2026-04-27 23:00:00,80,68,33,,4,9,0,80,,,,,
Tangerang,Tangerang Pasir Jaya,2026-04-24 14:00:00,-,70,35,,58,63,0,65,,,,,
Bekasi,Bekasi Kayuringin,2026-04-27 23:00:00,79,79,42,,76,16,0,23,,,,,
Jakarta,The Pakubuwono Menteng,2026-04-27 23:58:43,163,163,66,151,,,,,51,31.6,,,
Depok,Cinere - Nafas,2026-04-27 23:58:42,202,202,105,175,,,,,0,0,,,
Bogor,Kabupaten Bogor Leuwiliang,2026-04-27 23:00:00,80,68,33,,4,9,0,80,,,,,
Tangerang,Tangerang Pasir Jaya,2026-04-24 14:00:00,-,70,35,,58,63,0,65,,,,,
Bekasi,Bekasi Kayuringin,2026-04-27 23:00:00,79,79,42,,76,16,0,23,,,,,
Jakarta,The Pakubuwono Menteng,2026-04-27 23:59:42,172,172,74,157,,,,,52,31.6,,,
Depok,Cinere - Nafas,2026-04-27 23:59:42,200,200,103,172,,,,,0,0,,,
Bogor,Kabupaten Bogor Leuwiliang,2026-04-27 23:00:00,80,68,33,,4,9,0,80,,,,,
Tangerang,Tangerang Pasir Jaya,2026-04-24 14:00:00,-,70,35,,58,63,0,65,,,,,
Bekasi,Bekasi Kayuringin,2026-04-27 23:00:00,79,79,42,,76,16,0,23,,,,,
Jakarta,The Pakubuwono Menteng,2026-04-28 00:00:43,173,173,76,158,,,,,52,31.6,,,
Depok,Cinere - Nafas,2026-04-28 00:00:42,201,201,106,173,,,,,0,0,,,
Bogor,Kabupaten Bogor Leuwiliang,2026-04-27 23:00:00,80,68,33,,4,9,0,80,,,,,
Tangerang,Tangerang Pasir Jaya,2026-04-24 14:00:00,-,70,35,,58,63,0,65,,,,,
Bekasi,Bekasi Kayuringin,2026-04-27 23:00:00,79,79,42,,76,16,0,23,,,,,
Jakarta,The Pakubuwono Menteng,2026-04-28 00:01:43,176,176,77,160,,,,,53,31.6,,,
Depok,Cinere - Nafas,2026-04-28 00:01:42,199,199,102,173,,,,,0,0,,,
Bogor,Kabupaten Bogor Leuwiliang,2026-04-27 23:00:00,80,68,33,,4,9,0,80,,,,,
Tangerang,Tangerang Pasir Jaya,2026-04-24 14:00:00,-,70,35,,58,63,0,65,,,,,
Bekasi,Bekasi Kayuringin,2026-04-27 23:00:00,79,79,42,,76,16,0,23,,,,,
Jakarta,The Pakubuwono Menteng,2026-04-28 00:02:43,164,164,66,151,,,,,53,31.5,,,
Depok,Cinere - Nafas,2026-04-28 00:02:42,198,198,102,171,,,,,0,0,,,
Bogor,Kabupaten Bogor Leuwiliang,2026-04-27 23:00:00,80,68,33,,4,9,0,80,,,,,
Tangerang,Tangerang Pasir Jaya,2026-04-24 14:00:00,-,70,35,,58,63,0,65,,,,,
Bekasi,Bekasi Kayuringin,2026-04-27 23:00:00,79,79,42,,76,16,0,23,,,,,
Jakarta,The Pakubuwono Menteng,2026-04-28 00:05:43,141,141,54,101,,,,,55,31.2,,,
Depok,Cinere - Nafas,2026-04-28 00:05:42,193,193,99,169,,,,,0,0,,,
Bogor,Kabupaten Bogor Leuwiliang,2026-04-27 23:00:00,80,68,33,,4,9,0,80,,,,,
Tangerang,Tangerang Pasir Jaya,2026-04-24 14:00:00,-,70,35,,58,63,0,65,,,,,
Bekasi,Bekasi Kayuringin,2026-04-27 23:00:00,79,79,42,,76,16,0,23,,,,,
Jakarta,The Pakubuwono Menteng,2026-04-28 00:06:43,138,138,55,99,,,,,55,31.1,,,
Depok,Cinere - Nafas,2026-04-28 00:06:42,195,195,97,170,,,,,0,0,,,
Bogor,Kabupaten Bogor Leuwiliang,2026-04-27 23:00:00,80,68,33,,4,9,0,80,,,,,
Tangerang,Tangerang Pasir Jaya,2026-04-24 14:00:00,-,70,35,,58,63,0,65,,,,,
Bekasi,Bekasi Kayuringin,2026-04-27 23:00:00,79,79,42,,76,16,0,23,,,,,
Jakarta,The Pakubuwono Menteng,2026-04-28 00:06:43,138,138,55,99,,,,,55,31.1,,,
Depok,Cinere - Nafas,2026-04-28 00:06:42,195,195,97,170,,,,,0,0,,,
Bogor,Kabupaten Bogor Leuwiliang,2026-04-27 23:00:00,80,68,33,,4,9,0,80,,,,,
Tangerang,Tangerang Pasir Jaya,2026-04-24 14:00:00,-,70,35,,58,63,0,65,,,,,
Bekasi,Bekasi Kayuringin,2026-04-27 23:00:00,79,79,42,,76,16,0,23,,,,,
Jakarta,The Pakubuwono Menteng,2026-04-28 00:07:43,136,136,54,98,,,,,56,31,,,
Depok,Cinere - Nafas,2026-04-28 00:07:42,193,193,96,168,,,,,0,0,,,
Bogor,Kabupaten Bogor Leuwiliang,2026-04-28 00:00:00,80,69,34,,4,9,0,80,,,,,
Tangerang,Tangerang Pasir Jaya,2026-04-24 14:00:00,-,70,35,,58,63,0,65,,,,,
Bekasi,Bekasi Kayuringin,2026-04-28 00:00:00,74,74,41,,76,16,0,23,,,,,
Jakarta,The Pakubuwono Menteng,2026-04-28 00:08:43,139,139,54,104,,,,,56,30.8,,,
Depok,Cinere - Nafas,2026-04-28 00:08:42,193,193,95,168,,,,,0,0,,,
Bogor,Kabupaten Bogor Leuwiliang,2026-04-28 00:00:00,80,69,34,,4,9,0,80,,,,,
Tangerang,Tangerang Pasir Jaya,2026-04-24 14:00:00,-,70,35,,58,63,0,65,,,,,
Bekasi,Bekasi Kayuringin,2026-04-28 00:00:00,74,74,41,,76,16,0,23,,,,,
Jakarta,The Pakubuwono Menteng,2026-04-28 00:09:43,138,138,54,100,,,,,57,30.8,,,
Depok,Cinere - Nafas,2026-04-28 00:09:42,192,192,94,167,,,,,0,0,,,
Bogor,Kabupaten Bogor Leuwiliang,2026-04-28 00:00:00,80,69,34,,4,9,0,80,,,,,
Tangerang,Tangerang Pasir Jaya,2026-04-24 14:00:00,-,70,35,,58,63,0,65,,,,,
Bekasi,Bekasi Kayuringin,2026-04-28 00:00:00,74,74,41,,76,16,0,23,,,,,
Jakarta,The Pakubuwono Menteng,2026-04-28 00:10:43,126,126,51,93,,,,,57,30.7,,,
Depok,Cinere - Nafas,2026-04-28 00:10:42,191,191,96,168,,,,,0,0,,,
Bogor,Kabupaten Bogor Leuwiliang,2026-04-28 00:00:00,80,69,34,,4,9,0,80,,,,,
Tangerang,Tangerang Pasir Jaya,2026-04-24 14:00:00,-,70,35,,58,63,0,65,,,,,
Bekasi,Bekasi Kayuringin,2026-04-28 00:00:00,74,74,41,,76,16,0,23,,,,,
Jakarta,The Pakubuwono Menteng,2026-04-28 00:12:43,121,121,48,88,,,,,56,30.6,,,
Depok,Cinere - Nafas,2026-04-28 00:13:42,190,190,94,166,,,,,0,0,,,
Bogor,Kabupaten Bogor Leuwiliang,2026-04-28 00:00:00,80,69,34,,4,9,0,80,,,,,
Tangerang,Tangerang Pasir Jaya,2026-04-24 14:00:00,-,70,35,,58,63,0,65,,,,,
Bekasi,Bekasi Kayuringin,2026-04-28 00:00:00,74,74,41,,76,16,0,23,,,,,
Jakarta,The Pakubuwono Menteng,2026-04-28 00:14:43,111,111,43,84,,,,,55,30.5,,,
Depok,Cinere - Nafas,2026-04-28 00:14:42,190,190,94,166,,,,,0,0,,,
Bogor,Kabupaten Bogor Leuwiliang,2026-04-28 00:00:00,80,69,34,,4,9,0,80,,,,,
Tangerang,Tangerang Pasir Jaya,2026-04-24 14:00:00,-,70,35,,58,63,0,65,,,,,
Bekasi,Bekasi Kayuringin,2026-04-28 00:00:00,74,74,41,,76,16,0,23,,,,,
Jakarta,The Pakubuwono Menteng,2026-04-28 00:15:43,113,113,45,82,,,,,54,30.5,,,
Depok,Cinere - Nafas,2026-04-28 00:15:42,188,188,91,165,,,,,0,0,,,
Bogor,Kabupaten Bogor Leuwiliang,2026-04-28 00:00:00,80,69,34,,4,9,0,80,,,,,
Tangerang,Tangerang Pasir Jaya,2026-04-24 14:00:00,-,70,35,,58,63,0,65,,,,,
Bekasi,Bekasi Kayuringin,2026-04-28 00:00:00,74,74,41,,76,16,0,23,,,,,
Jakarta,The Pakubuwono Menteng,2026-04-28 00:16:43,106,106,41,81,,,,,54,30.5,,,
Depok,Cinere - Nafas,2026-04-28 00:16:43,193,193,98,168,,,,,0,0,,,
Bogor,Kabupaten Bogor Leuwiliang,2026-04-28 00:00:00,80,69,34,,4,9,0,80,,,,,
Tangerang,Tangerang Pasir Jaya,2026-04-24 14:00:00,-,70,35,,58,63,0,65,,,,,
Bekasi,Bekasi Kayuringin,2026-04-28 00:00:00,74,74,41,,76,16,0,23,,,,,
Jakarta,The Pakubuwono Menteng,2026-04-28 00:18:43,97,97,35,74,,,,,54,30.4,,,
Depok,Cinere - Nafas,2026-04-28 00:18:42,192,192,95,168,,,,,0,0,,,
Bogor,Kabupaten Bogor Leuwiliang,2026-04-28 00:00:00,80,69,34,,4,9,0,80,,,,,
Tangerang,Tangerang Pasir Jaya,2026-04-24 14:00:00,-,70,35,,58,63,0,65,,,,,
Bekasi,Bekasi Kayuringin,2026-04-28 00:00:00,74,74,41,,76,16,0,23,,,,,
Jakarta,The Pakubuwono Menteng,2026-04-28 00:18:43,97,97,35,74,,,,,54,30.4,,,
Depok,Cinere - Nafas,2026-04-28 00:18:42,192,192,95,168,,,,,0,0,,,
Bogor,Kabupaten Bogor Leuwiliang,2026-04-28 00:00:00,80,69,34,,4,9,0,80,,,,,
Tangerang,Tangerang Pasir Jaya,2026-04-24 14:00:00,-,70,35,,58,63,0,65,,,,,
Bekasi,Bekasi Kayuringin,2026-04-28 00:00:00,74,74,41,,76,16,0,23,,,,,
Jakarta,The Pakubuwono Menteng,2026-04-28 00:19:43,93,93,35,74,,,,,53,30.3,,,
Depok,Cinere - Nafas,2026-04-28 00:19:42,192,192,95,168,,,,,0,0,,,
Bogor,Kabupaten Bogor Leuwiliang,2026-04-28 00:00:00,80,69,34,,4,9,0,80,,,,,
Tangerang,Tangerang Pasir Jaya,2026-04-24 14:00:00,-,70,35,,58,63,0,65,,,,,
Bekasi,Bekasi Kayuringin,2026-04-28 00:00:00,74,74,41,,76,16,0,23,,,,,
Jakarta,The Pakubuwono Menteng,2026-04-28 00:20:43,92,92,33,72,,,,,53,30.3,,,
Depok,Cinere - Nafas,2026-04-28 00:20:42,195,195,100,169,,,,,0,0,,,
Bogor,Kabupaten Bogor Leuwiliang,2026-04-28 00:00:00,80,69,34,,4,9,0,80,,,,,
Tangerang,Tangerang Pasir Jaya,2026-04-24 14:00:00,-,70,35,,58,63,0,65,,,,,
Bekasi,Bekasi Kayuringin,2026-04-28 00:00:00,74,74,41,,76,16,0,23,,,,,
Jakarta,The Pakubuwono Menteng,2026-04-28 00:22:43,91,91,30,70,,,,,53,30.1,,,
Depok,Cinere - Nafas,2026-04-28 00:22:42,193,193,97,169,,,,,0,0,,,
Bogor,Kabupaten Bogor Leuwiliang,2026-04-28 00:00:00,80,69,34,,4,9,0,80,,,,,
Tangerang,Tangerang Pasir Jaya,2026-04-24 14:00:00,-,70,35,,58,63,0,65,,,,,
Bekasi,Bekasi Kayuringin,2026-04-28 00:00:00,74,74,41,,76,16,0,23,,,,,
Jakarta,The Pakubuwono Menteng,2026-04-28 00:23:43,90,90,31,72,,,,,52,30,,,
Depok,Cinere - Nafas,2026-04-28 00:23:42,207,207,108,175,,,,,0,0,,,
Bogor,Kabupaten Bogor Leuwiliang,2026-04-28 00:00:00,80,69,34,,4,9,0,80,,,,,
Tangerang,Tangerang Pasir Jaya,2026-04-24 14:00:00,-,70,35,,58,63,0,65,,,,,
Bekasi,Bekasi Kayuringin,2026-04-28 00:00:00,74,74,41,,76,16,0,23,,,,,
Jakarta,The Pakubuwono Menteng,2026-04-28 00:25:43,88,88,29,70,,,,,52,29.8,,,
Depok,Cinere - Nafas,2026-04-28 00:25:43,219,219,114,180,,,,,0,0,,,
Bogor,Kabupaten Bogor Leuwiliang,2026-04-28 00:00:00,80,69,34,,4,9,0,80,,,,,
Tangerang,Tangerang Pasir Jaya,2026-04-24 14:00:00,-,70,35,,58,63,0,65,,,,,
Bekasi,Bekasi Kayuringin,2026-04-28 00:00:00,74,74,41,,76,16,0,23,,,,,
Jakarta,The Pakubuwono Menteng,2026-04-28 00:26:43,88,88,30,71,,,,,52,29.7,,,
Depok,Cinere - Nafas,2026-04-28 00:26:42,217,217,112,179,,,,,0,0,,,
Bogor,Kabupaten Bogor Leuwiliang,2026-04-28 00:00:00,80,69,34,,4,9,0,80,,,,,
Tangerang,Tangerang Pasir Jaya,2026-04-24 14:00:00,-,70,35,,58,63,0,65,,,,,
Bekasi,Bekasi Kayuringin,2026-04-28 00:00:00,74,74,41,,76,16,0,23,,,,,
Jakarta,The Pakubuwono Menteng,2026-04-28 00:27:43,88,88,28,71,,,,,52,29.6,,,
Depok,Cinere - Nafas,2026-04-28 00:27:42,216,216,114,177,,,,,0,0,,,
Bogor,Kabupaten Bogor Leuwiliang,2026-04-28 00:00:00,80,69,34,,4,9,0,80,,,,,
Tangerang,Tangerang Pasir Jaya,2026-04-24 14:00:00,-,70,35,,58,63,0,65,,,,,
Bekasi,Bekasi Kayuringin,2026-04-28 00:00:00,74,74,41,,76,16,0,23,,,,,
Jakarta,The Pakubuwono Menteng,2026-04-28 00:28:43,84,84,28,67,,,,,52,29.6,,,
Depok,Cinere - Nafas,2026-04-28 00:28:42,216,216,114,177,,,,,0,0,,,
Bogor,Kabupaten Bogor Leuwiliang,2026-04-28 00:00:00,80,69,34,,4,9,0,80,,,,,
Tangerang,Tangerang Pasir Jaya,2026-04-24 14:00:00,-,70,35,,58,63,0,65,,,,,
Bekasi,Bekasi Kayuringin,2026-04-28 00:00:00,74,74,41,,76,16,0,23,,,,,
Jakarta,The Pakubuwono Menteng,2026-04-28 00:29:43,87,87,27,66,,,,,53,29.6,,,
Depok,Cinere - Nafas,2026-04-28 00:29:42,207,207,108,176,,,,,0,0,,,
Bogor,Kabupaten Bogor Leuwiliang,2026-04-28 00:00:00,80,69,34,,4,9,0,80,,,,,
Tangerang,Tangerang Pasir Jaya,2026-04-24 14:00:00,-,70,35,,58,63,0,65,,,,,
Bekasi,Bekasi Kayuringin,2026-04-28 00:00:00,74,74,41,,76,16,0,23,,,,,
Jakarta,The Pakubuwono Menteng,2026-04-28 00:31:43,87,87,27,65,,,,,53,29.5,,,
Depok,Cinere - Nafas,2026-04-28 00:31:43,205,205,108,175,,,,,0,0,,,
Bogor,Kabupaten Bogor Leuwiliang,2026-04-28 00:00:00,80,69,34,,4,9,0,80,,,,,
Tangerang,Tangerang Pasir Jaya,2026-04-24 14:00:00,-,70,35,,58,63,0,65,,,,,
Bekasi,Bekasi Kayuringin,2026-04-28 00:00:00,74,74,41,,76,16,0,23,,,,,
Jakarta,The Pakubuwono Menteng,2026-04-28 00:32:43,85,85,27,69,,,,,53,29.5,,,
Depok,Cinere - Nafas,2026-04-28 00:32:42,204,204,107,174,,,,,0,0,,,
Bogor,Kabupaten Bogor Leuwiliang,2026-04-28 00:00:00,80,69,34,,4,9,0,80,,,,,
Tangerang,Tangerang Pasir Jaya,2026-04-24 14:00:00,-,70,35,,58,63,0,65,,,,,
Bekasi,Bekasi Kayuringin,2026-04-28 00:00:00,74,74,41,,76,16,0,23,,,,,
Jakarta,The Pakubuwono Menteng,2026-04-28 00:33:43,83,83,26,69,,,,,54,29.4,,,
Depok,Cinere - Nafas,2026-04-28 00:33:42,206,206,106,175,,,,,0,0,,,
Bogor,Kabupaten Bogor Leuwiliang,2026-04-28 00:00:00,80,69,34,,4,9,0,80,,,,,
Tangerang,Tangerang Pasir Jaya,2026-04-24 14:00:00,-,70,35,,58,63,0,65,,,,,
Bekasi,Bekasi Kayuringin,2026-04-28 00:00:00,74,74,41,,76,16,0,23,,,,,
Jakarta,The Pakubuwono Menteng,2026-04-28 00:34:43,81,81,26,66,,,,,54,29.4,,,
Depok,Cinere - Nafas,2026-04-28 00:34:42,208,208,108,176,,,,,0,0,,,
Bogor,Kabupaten Bogor Leuwiliang,2026-04-28 00:00:00,80,69,34,,4,9,0,80,,,,,
Tangerang,Tangerang Pasir Jaya,2026-04-24 14:00:00,-,70,35,,58,63,0,65,,,,,
Bekasi,Bekasi Kayuringin,2026-04-28 00:00:00,74,74,41,,76,16,0,23,,,,,
Jakarta,The Pakubuwono Menteng,2026-04-28 00:35:43,83,83,25,66,,,,,54,29.3,,,
Depok,Cinere - Nafas,2026-04-28 00:35:42,205,205,106,175,,,,,0,0,,,
Bogor,Kabupaten Bogor Leuwiliang,2026-04-28 00:00:00,80,69,34,,4,9,0,80,,,,,
Tangerang,Tangerang Pasir Jaya,2026-04-24 14:00:00,-,70,35,,58,63,0,65,,,,,
Bekasi,Bekasi Kayuringin,2026-04-28 00:00:00,74,74,41,,76,16,0,23,,,,,
Jakarta,The Pakubuwono Menteng,2026-04-28 00:36:43,83,83,26,62,,,,,54,29.3,,,
Depok,Cinere - Nafas,2026-04-28 00:36:42,208,208,107,176,,,,,0,0,,,
Bogor,Kabupaten Bogor Leuwiliang,2026-04-28 00:00:00,80,69,34,,4,9,0,80,,,,,
Tangerang,Tangerang Pasir Jaya,2026-04-24 14:00:00,-,70,35,,58,63,0,65,,,,,
Bekasi,Bekasi Kayuringin,2026-04-28 00:00:00,74,74,41,,76,16,0,23,,,,,
Jakarta,The Pakubuwono Menteng,2026-04-28 00:37:43,81,81,24,62,,,,,54,29.2,,,
Depok,Cinere - Nafas,2026-04-28 00:37:42,211,211,110,177,,,,,0,0,,,
Bogor,Kabupaten Bogor Leuwiliang,2026-04-28 00:00:00,80,69,34,,4,9,0,80,,,,,
Tangerang,Tangerang Pasir Jaya,2026-04-24 14:00:00,-,70,35,,58,63,0,65,,,,,
Bekasi,Bekasi Kayuringin,2026-04-28 00:00:00,74,74,41,,76,16,0,23,,,,,
Jakarta,The Pakubuwono Menteng,2026-04-28 00:39:43,77,77,22,62,,,,,53,29.1,,,
Depok,Cinere - Nafas,2026-04-28 00:39:43,207,207,106,176,,,,,0,0,,,
Bogor,Kabupaten Bogor Leuwiliang,2026-04-28 00:00:00,80,69,34,,4,9,0,80,,,,,
Tangerang,Tangerang Pasir Jaya,2026-04-24 14:00:00,-,70,35,,58,63,0,65,,,,,
Bekasi,Bekasi Kayuringin,2026-04-28 00:00:00,74,74,41,,76,16,0,23,,,,,
Jakarta,The Pakubuwono Menteng,2026-04-28 00:40:43,82,82,25,62,,,,,54,29,,,
Depok,Cinere - Nafas,2026-04-28 00:41:43,210,210,111,177,,,,,0,0,,,
Bogor,Kabupaten Bogor Leuwiliang,2026-04-28 00:00:00,80,69,34,,4,9,0,80,,,,,
Tangerang,Tangerang Pasir Jaya,2026-04-24 14:00:00,-,70,35,,58,63,0,65,,,,,
Bekasi,Bekasi Kayuringin,2026-04-28 00:00:00,74,74,41,,76,16,0,23,,,,,
Jakarta,The Pakubuwono Menteng,2026-04-28 00:42:43,76,76,23,53,,,,,53,28.9,,,
Depok,Cinere - Nafas,2026-04-28 00:42:43,208,208,108,176,,,,,0,0,,,
Bogor,Kabupaten Bogor Leuwiliang,2026-04-28 00:00:00,80,69,34,,4,9,0,80,,,,,
Tangerang,Tangerang Pasir Jaya,2026-04-24 14:00:00,-,70,35,,58,63,0,65,,,,,
Bekasi,Bekasi Kayuringin,2026-04-28 00:00:00,74,74,41,,76,16,0,23,,,,,
Jakarta,The Pakubuwono Menteng,2026-04-28 00:43:43,75,75,22,62,,,,,53,28.9,,,
Depok,Cinere - Nafas,2026-04-28 00:43:43,207,207,107,175,,,,,0,0,,,
Bogor,Kabupaten Bogor Leuwiliang,2026-04-28 00:00:00,80,69,34,,4,9,0,80,,,,,
Tangerang,Tangerang Pasir Jaya,2026-04-24 14:00:00,-,70,35,,58,63,0,65,,,,,
Bekasi,Bekasi Kayuringin,2026-04-28 00:00:00,74,74,41,,76,16,0,23,,,,,
Jakarta,The Pakubuwono Menteng,2026-04-28 00:45:43,78,78,25,64,,,,,54,28.7,,,
Depok,Cinere - Nafas,2026-04-28 00:45:43,206,206,105,175,,,,,0,0,,,
Bogor,Kabupaten Bogor Leuwiliang,2026-04-28 00:00:00,80,69,34,,4,9,0,80,,,,,
Tangerang,Tangerang Pasir Jaya,2026-04-24 14:00:00,-,70,35,,58,63,0,65,,,,,
Bekasi,Bekasi Kayuringin,2026-04-28 00:00:00,74,74,41,,76,16,0,23,,,,,
Jakarta,The Pakubuwono Menteng,2026-04-28 00:46:43,77,77,25,61,,,,,54,28.7,,,
Depok,Cinere - Nafas,2026-04-28 00:46:43,217,217,114,177,,,,,0,0,,,
Bogor,Kabupaten Bogor Leuwiliang,2026-04-28 00:00:00,80,69,34,,4,9,0,80,,,,,
Tangerang,Tangerang Pasir Jaya,2026-04-24 14:00:00,-,70,35,,58,63,0,65,,,,,
Bekasi,Bekasi Kayuringin,2026-04-28 00:00:00,74,74,41,,76,16,0,23,,,,,
Jakarta,The Pakubuwono Menteng,2026-04-28 00:46:43,77,77,25,61,,,,,54,28.7,,,
Depok,Cinere - Nafas,2026-04-28 00:46:43,217,217,114,177,,,,,0,0,,,
Bogor,Kabupaten Bogor Leuwiliang,2026-04-28 00:00:00,80,69,34,,4,9,0,80,,,,,
Tangerang,Tangerang Pasir Jaya,2026-04-24 14:00:00,-,70,35,,58,63,0,65,,,,,
Bekasi,Bekasi Kayuringin,2026-04-28 00:00:00,74,74,41,,76,16,0,23,,,,,
Jakarta,The Pakubuwono Menteng,2026-04-28 00:47:43,75,75,23,58,,,,,54,28.6,,,
Depok,Cinere - Nafas,2026-04-28 00:47:43,214,214,111,177,,,,,0,0,,,
Bogor,Kabupaten Bogor Leuwiliang,2026-04-28 00:00:00,80,69,34,,4,9,0,80,,,,,
Tangerang,Tangerang Pasir Jaya,2026-04-24 14:00:00,-,70,35,,58,63,0,65,,,,,
Bekasi,Bekasi Kayuringin,2026-04-28 00:00:00,74,74,41,,76,16,0,23,,,,,
Jakarta,The Pakubuwono Menteng,2026-04-28 00:48:43,75,75,22,59,,,,,54,28.6,,,
Depok,Cinere - Nafas,2026-04-28 00:48:43,214,214,112,177,,,,,0,0,,,
Bogor,Kabupaten Bogor Leuwiliang,2026-04-28 00:00:00,80,69,34,,4,9,0,80,,,,,
Tangerang,Tangerang Pasir Jaya,2026-04-24 14:00:00,-,70,35,,58,63,0,65,,,,,
Bekasi,Bekasi Kayuringin,2026-04-28 00:00:00,74,74,41,,76,16,0,23,,,,,
Jakarta,The Pakubuwono Menteng,2026-04-28 00:49:44,79,79,24,57,,,,,54,28.6,,,
Depok,Cinere - Nafas,2026-04-28 00:51:43,220,220,114,179,,,,,0,0,,,
Bogor,Kabupaten Bogor Leuwiliang,2026-04-28 00:00:00,80,69,34,,4,9,0,80,,,,,
Tangerang,Tangerang Pasir Jaya,2026-04-24 14:00:00,-,70,35,,58,63,0,65,,,,,
Bekasi,Bekasi Kayuringin,2026-04-28 00:00:00,74,74,41,,76,16,0,23,,,,,
Jakarta,The Pakubuwono Menteng,2026-04-28 00:52:43,73,73,21,57,,,,,54,28.4,,,
Depok,Cinere - Nafas,2026-04-28 00:52:43,213,213,111,178,,,,,0,0,,,
Bogor,Kabupaten Bogor Leuwiliang,2026-04-28 00:00:00,80,69,34,,4,9,0,80,,,,,
Tangerang,Tangerang Pasir Jaya,2026-04-24 14:00:00,-,70,35,,58,63,0,65,,,,,
Bekasi,Bekasi Kayuringin,2026-04-28 00:00:00,74,74,41,,76,16,0,23,,,,,
Jakarta,The Pakubuwono Menteng,2026-04-28 00:53:44,76,76,22,58,,,,,55,28.4,,,
Depok,Cinere - Nafas,2026-04-28 00:53:43,219,219,113,179,,,,,0,0,,,
Bogor,Kabupaten Bogor Leuwiliang,2026-04-28 00:00:00,80,69,34,,4,9,0,80,,,,,
Tangerang,Tangerang Pasir Jaya,2026-04-24 14:00:00,-,70,35,,58,63,0,65,,,,,
Bekasi,Bekasi Kayuringin,2026-04-28 00:00:00,74,74,41,,76,16,0,23,,,,,
Jakarta,The Pakubuwono Menteng,2026-04-28 00:54:44,76,76,22,50,,,,,55,28.4,,,
Depok,Cinere - Nafas,2026-04-28 00:54:43,216,216,111,179,,,,,0,0,,,
Bogor,Kabupaten Bogor Leuwiliang,2026-04-28 00:00:00,80,69,34,,4,9,0,80,,,,,
Tangerang,Tangerang Pasir Jaya,2026-04-24 14:00:00,-,70,35,,58,63,0,65,,,,,
Bekasi,Bekasi Kayuringin,2026-04-28 00:00:00,74,74,41,,76,16,0,23,,,,,
Jakarta,The Pakubuwono Menteng,2026-04-28 00:55:44,74,74,21,47,,,,,55,28.3,,,
Depok,Cinere - Nafas,2026-04-28 00:55:43,214,214,110,179,,,,,0,0,,,
Bogor,Kabupaten Bogor Leuwiliang,2026-04-28 00:00:00,80,69,34,,4,9,0,80,,,,,
Tangerang,Tangerang Pasir Jaya,2026-04-24 14:00:00,-,70,35,,58,63,0,65,,,,,
Bekasi,Bekasi Kayuringin,2026-04-28 00:00:00,74,74,41,,76,16,0,23,,,,,
Jakarta,The Pakubuwono Menteng,2026-04-28 00:57:44,70,70,20,43,,,,,55,28.2,,,
Depok,Cinere - Nafas,2026-04-28 00:57:45,217,217,114,179,,,,,0,0,,,
Bogor,Kabupaten Bogor Leuwiliang,2026-04-28 00:00:00,80,69,34,,4,9,0,80,,,,,
Tangerang,Tangerang Pasir Jaya,2026-04-24 14:00:00,-,70,35,,58,63,0,65,,,,,
Bekasi,Bekasi Kayuringin,2026-04-28 00:00:00,74,74,41,,76,16,0,23,,,,,
Jakarta,The Pakubuwono Menteng,2026-04-28 00:57:44,70,70,20,43,,,,,55,28.2,,,
Depok,Cinere - Nafas,2026-04-28 00:57:45,217,217,114,179,,,,,0,0,,,
Bogor,Kabupaten Bogor Leuwiliang,2026-04-28 00:00:00,80,69,34,,4,9,0,80,,,,,
Tangerang,Tangerang Pasir Jaya,2026-04-24 14:00:00,-,70,35,,58,63,0,65,,,,,
Bekasi,Bekasi Kayuringin,2026-04-28 00:00:00,74,74,41,,76,16,0,23,,,,,
Jakarta,The Pakubuwono Menteng,2026-04-28 00:58:44,71,71,22,51,,,,,56,28.1,,,
Depok,Cinere - Nafas,2026-04-28 00:58:43,218,218,114,180,,,,,0,0,,,
Bogor,Kabupaten Bogor Leuwiliang,2026-04-28 00:00:00,80,69,34,,4,9,0,80,,,,,
Tangerang,Tangerang Pasir Jaya,2026-04-24 14:00:00,-,70,35,,58,63,0,65,,,,,
Bekasi,Bekasi Kayuringin,2026-04-28 00:00:00,74,74,41,,76,16,0,23,,,,,
Jakarta,The Pakubuwono Menteng,2026-04-28 00:59:44,70,70,20,47,,,,,56,28.1,,,
Depok,Cinere - Nafas,2026-04-28 00:59:43,213,213,112,179,,,,,0,0,,,
Bogor,Kabupaten Bogor Leuwiliang,2026-04-28 00:00:00,80,69,34,,4,9,0,80,,,,,
Tangerang,Tangerang Pasir Jaya,2026-04-24 14:00:00,-,70,35,,58,63,0,65,,,,,
Bekasi,Bekasi Kayuringin,2026-04-28 00:00:00,74,74,41,,76,16,0,23,,,,,
Jakarta,The Pakubuwono Menteng,2026-04-28 01:00:44,72,72,21,47,,,,,56,28.1,,,
Depok,Cinere - Nafas,2026-04-28 01:01:43,209,209,110,177,,,,,0,0,,,
Bogor,Kabupaten Bogor Leuwiliang,2026-04-28 00:00:00,80,69,34,,4,9,0,80,,,,,
Tangerang,Tangerang Pasir Jaya,2026-04-24 14:00:00,-,70,35,,58,63,0,65,,,,,
Bekasi,Bekasi Kayuringin,2026-04-28 00:00:00,74,74,41,,76,16,0,23,,,,,
Jakarta,The Pakubuwono Menteng,2026-04-28 01:03:44,63,63,19,35,,,,,56,28,,,
Depok,Cinere - Nafas,2026-04-28 01:03:43,204,204,105,174,,,,,0,0,,,
Bogor,Kabupaten Bogor Leuwiliang,2026-04-28 00:00:00,80,69,34,,4,9,0,80,,,,,
Tangerang,Tangerang Pasir Jaya,2026-04-24 14:00:00,-,70,35,,58,63,0,65,,,,,
Bekasi,Bekasi Kayuringin,2026-04-28 00:00:00,74,74,41,,76,16,0,23,,,,,
Jakarta,The Pakubuwono Menteng,2026-04-28 01:04:44,70,70,21,53,,,,,56,28,,,
Depok,Cinere - Nafas,2026-04-28 01:04:43,196,196,99,171,,,,,0,0,,,
Bogor,Kabupaten Bogor Leuwiliang,2026-04-28 00:00:00,80,69,34,,4,9,0,80,,,,,
Tangerang,Tangerang Pasir Jaya,2026-04-24 14:00:00,-,70,35,,58,63,0,65,,,,,
Bekasi,Bekasi Kayuringin,2026-04-28 00:00:00,74,74,41,,76,16,0,23,,,,,
Jakarta,The Pakubuwono Menteng,2026-04-28 01:05:44,63,63,17,39,,,,,56,28,,,
Depok,Cinere - Nafas,2026-04-28 01:05:43,197,197,100,171,,,,,0,0,,,
Bogor,Kabupaten Bogor Leuwiliang,2026-04-28 00:00:00,80,69,34,,4,9,0,80,,,,,
Tangerang,Tangerang Pasir Jaya,2026-04-24 14:00:00,-,70,35,,58,63,0,65,,,,,
Bekasi,Bekasi Kayuringin,2026-04-28 00:00:00,74,74,41,,76,16,0,23,,,,,
Jakarta,The Pakubuwono Menteng,2026-04-28 01:06:44,66,66,19,40,,,,,56,28,,,
Depok,Cinere - Nafas,2026-04-28 01:06:43,197,197,100,172,,,,,0,0,,,
Bogor,Kabupaten Bogor Leuwiliang,2026-04-28 00:00:00,80,69,34,,4,9,0,80,,,,,
Tangerang,Tangerang Pasir Jaya,2026-04-24 14:00:00,-,70,35,,58,63,0,65,,,,,
Bekasi,Bekasi Kayuringin,2026-04-28 00:00:00,74,74,41,,76,16,0,23,,,,,
Jakarta,The Pakubuwono Menteng,2026-04-28 01:07:44,65,65,20,34,,,,,56,28,,,
Depok,Cinere - Nafas,2026-04-28 01:07:43,197,197,101,171,,,,,0,0,,,
Bogor,Kabupaten Bogor Leuwiliang,2026-04-28 00:00:00,80,69,34,,4,9,0,80,,,,,
Tangerang,Tangerang Pasir Jaya,2026-04-24 14:00:00,-,70,35,,58,63,0,65,,,,,
Bekasi,Bekasi Kayuringin,2026-04-28 00:00:00,74,74,41,,76,16,0,23,,,,,
Jakarta,The Pakubuwono Menteng,2026-04-28 01:08:44,62,62,18,36,,,,,56,28,,,
Depok,Cinere - Nafas,2026-04-28 01:08:43,197,197,99,171,,,,,0,0,,,
Bogor,Kabupaten Bogor Leuwiliang,2026-04-28 01:00:00,80,68,34,,4,9,0,80,,,,,
Tangerang,Tangerang Pasir Jaya,2026-04-24 14:00:00,-,70,35,,58,63,0,65,,,,,
Bekasi,Bekasi Kayuringin,2026-04-28 01:00:00,67,67,39,,76,16,0,23,,,,,
Jakarta,The Pakubuwono Menteng,2026-04-28 01:10:44,65,65,17,41,,,,,56,28,,,
Depok,Cinere - Nafas,2026-04-28 01:10:43,196,196,99,171,,,,,0,0,,,
Bogor,Kabupaten Bogor Leuwiliang,2026-04-28 01:00:00,80,68,34,,4,9,0,80,,,,,
Tangerang,Tangerang Pasir Jaya,2026-04-24 14:00:00,-,70,35,,58,63,0,65,,,,,
Bekasi,Bekasi Kayuringin,2026-04-28 01:00:00,67,67,39,,76,16,0,23,,,,,
Jakarta,The Pakubuwono Menteng,2026-04-28 01:10:44,65,65,17,41,,,,,56,28,,,
Depok,Cinere - Nafas,2026-04-28 01:11:43,194,194,98,170,,,,,0,0,,,
Bogor,Kabupaten Bogor Leuwiliang,2026-04-28 01:00:00,80,68,34,,4,9,0,80,,,,,
Tangerang,Tangerang Pasir Jaya,2026-04-24 14:00:00,-,70,35,,58,63,0,65,,,,,
Bekasi,Bekasi Kayuringin,2026-04-28 01:00:00,67,67,39,,76,16,0,23,,,,,
Jakarta,The Pakubuwono Menteng,2026-04-28 01:12:44,74,74,21,38,,,,,55,28,,,
Depok,Cinere - Nafas,2026-04-28 01:12:44,194,194,98,169,,,,,0,0,,,
Bogor,Kabupaten Bogor Leuwiliang,2026-04-28 01:00:00,80,68,34,,4,9,0,80,,,,,
Tangerang,Tangerang Pasir Jaya,2026-04-24 14:00:00,-,70,35,,58,63,0,65,,,,,
Bekasi,Bekasi Kayuringin,2026-04-28 01:00:00,67,67,39,,76,16,0,23,,,,,
Jakarta,The Pakubuwono Menteng,2026-04-28 01:13:44,75,75,24,47,,,,,55,28,,,
Depok,Cinere - Nafas,2026-04-28 01:13:43,194,194,98,169,,,,,0,0,,,
Bogor,Kabupaten Bogor Leuwiliang,2026-04-28 01:00:00,80,68,34,,4,9,0,80,,,,,
Tangerang,Tangerang Pasir Jaya,2026-04-24 14:00:00,-,70,35,,58,63,0,65,,,,,
Bekasi,Bekasi Kayuringin,2026-04-28 01:00:00,67,67,39,,76,16,0,23,,,,,
Jakarta,The Pakubuwono Menteng,2026-04-28 01:14:44,74,74,22,53,,,,,55,28,,,
Depok,Cinere - Nafas,2026-04-28 01:14:43,193,193,96,168,,,,,0,0,,,
Bogor,Kabupaten Bogor Leuwiliang,2026-04-28 01:00:00,80,68,34,,4,9,0,80,,,,,
Tangerang,Tangerang Pasir Jaya,2026-04-24 14:00:00,-,70,35,,58,63,0,65,,,,,
Bekasi,Bekasi Kayuringin,2026-04-28 01:00:00,67,67,39,,76,16,0,23,,,,,
Jakarta,The Pakubuwono Menteng,2026-04-28 01:15:44,74,74,21,51,,,,,56,28,,,
Depok,Cinere - Nafas,2026-04-28 01:15:43,191,191,94,168,,,,,0,0,,,
Bogor,Kabupaten Bogor Leuwiliang,2026-04-28 01:00:00,80,68,34,,4,9,0,80,,,,,
Tangerang,Tangerang Pasir Jaya,2026-04-24 14:00:00,-,70,35,,58,63,0,65,,,,,
Bekasi,Bekasi Kayuringin,2026-04-28 01:00:00,67,67,39,,76,16,0,23,,,,,
Jakarta,The Pakubuwono Menteng,2026-04-28 01:17:44,69,69,20,48,,,,,56,28,,,
Depok,Cinere - Nafas,2026-04-28 01:17:44,192,192,96,168,,,,,0,0,,,
Bogor,Kabupaten Bogor Leuwiliang,2026-04-28 01:00:00,80,68,34,,4,9,0,80,,,,,
Tangerang,Tangerang Pasir Jaya,2026-04-24 14:00:00,-,70,35,,58,63,0,65,,,,,
Bekasi,Bekasi Kayuringin,2026-04-28 01:00:00,67,67,39,,76,16,0,23,,,,,
Jakarta,The Pakubuwono Menteng,2026-04-28 01:18:44,65,65,18,35,,,,,55,28,,,
Depok,Cinere - Nafas,2026-04-28 01:18:44,192,192,96,168,,,,,0,0,,,
Bogor,Kabupaten Bogor Leuwiliang,2026-04-28 01:00:00,80,68,34,,4,9,0,80,,,,,
Tangerang,Tangerang Pasir Jaya,2026-04-24 14:00:00,-,70,35,,58,63,0,65,,,,,
Bekasi,Bekasi Kayuringin,2026-04-28 01:00:00,67,67,39,,76,16,0,23,,,,,
Jakarta,The Pakubuwono Menteng,2026-04-28 01:18:44,65,65,18,35,,,,,55,28,,,
Depok,Cinere - Nafas,2026-04-28 01:18:44,192,192,96,168,,,,,0,0,,,
Bogor,Kabupaten Bogor Leuwiliang,2026-04-28 01:00:00,80,68,34,,4,9,0,80,,,,,
Tangerang,Tangerang Pasir Jaya,2026-04-24 14:00:00,-,70,35,,58,63,0,65,,,,,
Bekasi,Bekasi Kayuringin,2026-04-28 01:00:00,67,67,39,,76,16,0,23,,,,,
Jakarta,The Pakubuwono Menteng,2026-04-28 01:19:44,57,57,14,33,,,,,55,28,,,
Depok,Cinere - Nafas,2026-04-28 01:19:43,190,190,94,167,,,,,0,0,,,
Bogor,Kabupaten Bogor Leuwiliang,2026-04-28 01:00:00,80,68,34,,4,9,0,80,,,,,
Tangerang,Tangerang Pasir Jaya,2026-04-24 14:00:00,-,70,35,,58,63,0,65,,,,,
Bekasi,Bekasi Kayuringin,2026-04-28 01:00:00,67,67,39,,76,16,0,23,,,,,
Jakarta,The Pakubuwono Menteng,2026-04-28 01:22:44,38,38,10,18,,,,,55,28,,,
Depok,Cinere - Nafas,2026-04-28 01:22:44,195,195,98,169,,,,,0,0,,,
Bogor,Kabupaten Bogor Leuwiliang,2026-04-28 01:00:00,80,68,34,,4,9,0,80,,,,,
Tangerang,Tangerang Pasir Jaya,2026-04-24 14:00:00,-,70,35,,58,63,0,65,,,,,
Bekasi,Bekasi Kayuringin,2026-04-28 01:00:00,67,67,39,,76,16,0,23,,,,,
Jakarta,The Pakubuwono Menteng,2026-04-28 01:23:44,35,35,8,19,,,,,55,28,,,
Depok,Cinere - Nafas,2026-04-28 01:23:44,193,193,97,169,,,,,0,0,,,
Bogor,Kabupaten Bogor Leuwiliang,2026-04-28 01:00:00,80,68,34,,4,9,0,80,,,,,
Tangerang,Tangerang Pasir Jaya,2026-04-24 14:00:00,-,70,35,,58,63,0,65,,,,,
Bekasi,Bekasi Kayuringin,2026-04-28 01:00:00,67,67,39,,76,16,0,23,,,,,
Jakarta,The Pakubuwono Menteng,2026-04-28 01:24:44,36,36,10,14,,,,,55,28,,,
Depok,Cinere - Nafas,2026-04-28 01:24:43,193,193,96,170,,,,,0,0,,,
Bogor,Kabupaten Bogor Leuwiliang,2026-04-28 01:00:00,80,68,34,,4,9,0,80,,,,,
Tangerang,Tangerang Pasir Jaya,2026-04-24 14:00:00,-,70,35,,58,63,0,65,,,,,
Bekasi,Bekasi Kayuringin,2026-04-28 01:00:00,67,67,39,,76,16,0,23,,,,,
Jakarta,The Pakubuwono Menteng,2026-04-28 01:25:44,26,26,6,13,,,,,55,28,,,
Depok,Cinere - Nafas,2026-04-28 01:25:44,192,192,96,169,,,,,0,0,,,
Bogor,Kabupaten Bogor Leuwiliang,2026-04-28 01:00:00,80,68,34,,4,9,0,80,,,,,
Tangerang,Tangerang Pasir Jaya,2026-04-24 14:00:00,-,70,35,,58,63,0,65,,,,,
Bekasi,Bekasi Kayuringin,2026-04-28 01:00:00,67,67,39,,76,16,0,23,,,,,
Jakarta,The Pakubuwono Menteng,2026-04-28 01:26:44,29,29,7,21,,,,,55,27.9,,,
Depok,Cinere - Nafas,2026-04-28 01:26:44,194,194,97,170,,,,,0,0,,,
Bogor,Kabupaten Bogor Leuwiliang,2026-04-28 01:00:00,80,68,34,,4,9,0,80,,,,,
Tangerang,Tangerang Pasir Jaya,2026-04-24 14:00:00,-,70,35,,58,63,0,65,,,,,
Bekasi,Bekasi Kayuringin,2026-04-28 01:00:00,67,67,39,,76,16,0,23,,,,,
Jakarta,The Pakubuwono Menteng,2026-04-28 01:27:44,29,29,6,22,,,,,55,27.9,,,
Depok,Cinere - Nafas,2026-04-28 01:27:44,195,195,98,170,,,,,0,0,,,
Bogor,Kabupaten Bogor Leuwiliang,2026-04-28 01:00:00,80,68,34,,4,9,0,80,,,,,
Tangerang,Tangerang Pasir Jaya,2026-04-24 14:00:00,-,70,35,,58,63,0,65,,,,,
Bekasi,Bekasi Kayuringin,2026-04-28 01:00:00,67,67,39,,76,16,0,23,,,,,
Jakarta,The Pakubuwono Menteng,2026-04-28 01:27:44,29,29,6,22,,,,,55,27.9,,,
Depok,Cinere - Nafas,2026-04-28 01:27:44,195,195,98,170,,,,,0,0,,,
Bogor,Kabupaten Bogor Leuwiliang,2026-04-28 01:00:00,80,68,34,,4,9,0,80,,,,,
Tangerang,Tangerang Pasir Jaya,2026-04-24 14:00:00,-,70,35,,58,63,0,65,,,,,
Bekasi,Bekasi Kayuringin,2026-04-28 01:00:00,67,67,39,,76,16,0,23,,,,,
Jakarta,The Pakubuwono Menteng,2026-04-28 01:30:44,26,26,6,18,,,,,54,27.9,,,
Depok,Cinere - Nafas,2026-04-28 01:30:44,193,193,96,170,,,,,0,0,,,
Bogor,Kabupaten Bogor Leuwiliang,2026-04-28 01:00:00,80,68,34,,4,9,0,80,,,,,
Tangerang,Tangerang Pasir Jaya,2026-04-24 14:00:00,-,70,35,,58,63,0,65,,,,,
Bekasi,Bekasi Kayuringin,2026-04-28 01:00:00,67,67,39,,76,16,0,23,,,,,
Jakarta,The Pakubuwono Menteng,2026-04-28 01:31:45,23,23,5,6,,,,,54,27.8,,,
Depok,Cinere - Nafas,2026-04-28 01:31:44,194,194,98,169,,,,,0,0,,,
Bogor,Kabupaten Bogor Leuwiliang,2026-04-28 01:00:00,80,68,34,,4,9,0,80,,,,,
Tangerang,Tangerang Pasir Jaya,2026-04-24 14:00:00,-,70,35,,58,63,0,65,,,,,
Bekasi,Bekasi Kayuringin,2026-04-28 01:00:00,67,67,39,,76,16,0,23,,,,,
Jakarta,The Pakubuwono Menteng,2026-04-28 01:32:44,28,28,7,20,,,,,54,27.8,,,
Depok,Cinere - Nafas,2026-04-28 01:32:44,196,196,100,171,,,,,0,0,,,
Bogor,Kabupaten Bogor Leuwiliang,2026-04-28 01:00:00,80,68,34,,4,9,0,80,,,,,
Tangerang,Tangerang Pasir Jaya,2026-04-24 14:00:00,-,70,35,,58,63,0,65,,,,,
Bekasi,Bekasi Kayuringin,2026-04-28 01:00:00,67,67,39,,76,16,0,23,,,,,
Jakarta,The Pakubuwono Menteng,2026-04-28 01:33:44,18,18,4,10,,,,,54,27.8,,,
Depok,Cinere - Nafas,2026-04-28 01:33:44,196,196,99,170,,,,,0,0,,,
Bogor,Kabupaten Bogor Leuwiliang,2026-04-28 01:00:00,80,68,34,,4,9,0,80,,,,,
Tangerang,Tangerang Pasir Jaya,2026-04-24 14:00:00,-,70,35,,58,63,0,65,,,,,
Bekasi,Bekasi Kayuringin,2026-04-28 01:00:00,67,67,39,,76,16,0,23,,,,,
Jakarta,The Pakubuwono Menteng,2026-04-28 01:34:44,30,30,9,16,,,,,55,27.8,,,
Depok,Cinere - Nafas,2026-04-28 01:34:44,194,194,98,170,,,,,0,0,,,
Bogor,Kabupaten Bogor Leuwiliang,2026-04-28 01:00:00,80,68,34,,4,9,0,80,,,,,
Tangerang,Tangerang Pasir Jaya,2026-04-24 14:00:00,-,70,35,,58,63,0,65,,,,,
Bekasi,Bekasi Kayuringin,2026-04-28 01:00:00,67,67,39,,76,16,0,23,,,,,
Jakarta,The Pakubuwono Menteng,2026-04-28 01:35:45,32,32,7,16,,,,,55,27.8,,,
Depok,Cinere - Nafas,2026-04-28 01:35:44,194,194,98,169,,,,,0,0,,,
Bogor,Kabupaten Bogor Leuwiliang,2026-04-28 01:00:00,80,68,34,,4,9,0,80,,,,,
Tangerang,Tangerang Pasir Jaya,2026-04-24 14:00:00,-,70,35,,58,63,0,65,,,,,
Bekasi,Bekasi Kayuringin,2026-04-28 01:00:00,67,67,39,,76,16,0,23,,,,,
Jakarta,The Pakubuwono Menteng,2026-04-28 01:37:44,38,38,10,24,,,,,55,27.8,,,
Depok,Cinere - Nafas,2026-04-28 01:37:44,200,200,103,172,,,,,0,0,,,
Bogor,Kabupaten Bogor Leuwiliang,2026-04-28 01:00:00,80,68,34,,4,9,0,80,,,,,
Tangerang,Tangerang Pasir Jaya,2026-04-24 14:00:00,-,70,35,,58,63,0,65,,,,,
Bekasi,Bekasi Kayuringin,2026-04-28 01:00:00,67,67,39,,76,16,0,23,,,,,
Jakarta,The Pakubuwono Menteng,2026-04-28 01:38:45,52,52,12,24,,,,,56,27.8,,,
Depok,Cinere - Nafas,2026-04-28 01:38:44,204,204,107,173,,,,,0,0,,,
Bogor,Kabupaten Bogor Leuwiliang,2026-04-28 01:00:00,80,68,34,,4,9,0,80,,,,,
Tangerang,Tangerang Pasir Jaya,2026-04-24 14:00:00,-,70,35,,58,63,0,65,,,,,
Bekasi,Bekasi Kayuringin,2026-04-28 01:00:00,67,67,39,,76,16,0,23,,,,,
Jakarta,The Pakubuwono Menteng,2026-04-28 01:40:45,59,59,15,30,,,,,56,27.8,,,
Depok,Cinere - Nafas,2026-04-28 01:40:44,200,200,106,172,,,,,0,0,,,
Bogor,Kabupaten Bogor Leuwiliang,2026-04-28 01:00:00,80,68,34,,4,9,0,80,,,,,
Tangerang,Tangerang Pasir Jaya,2026-04-24 14:00:00,-,70,35,,58,63,0,65,,,,,
Bekasi,Bekasi Kayuringin,2026-04-28 01:00:00,67,67,39,,76,16,0,23,,,,,
Jakarta,The Pakubuwono Menteng,2026-04-28 01:41:44,63,63,20,41,,,,,56,27.8,,,
Depok,Cinere - Nafas,2026-04-28 01:41:44,200,200,104,172,,,,,0,0,,,
Bogor,Kabupaten Bogor Leuwiliang,2026-04-28 01:00:00,80,68,34,,4,9,0,80,,,,,
Tangerang,Tangerang Pasir Jaya,2026-04-24 14:00:00,-,70,35,,58,63,0,65,,,,,
Bekasi,Bekasi Kayuringin,2026-04-28 01:00:00,67,67,39,,76,16,0,23,,,,,
Jakarta,The Pakubuwono Menteng,2026-04-28 01:43:45,62,62,17,30,,,,,56,27.8,,,
Depok,Cinere - Nafas,2026-04-28 01:43:44,199,199,103,172,,,,,0,0,,,
Bogor,Kabupaten Bogor Leuwiliang,2026-04-28 01:00:00,80,68,34,,4,9,0,80,,,,,
Tangerang,Tangerang Pasir Jaya,2026-04-24 14:00:00,-,70,35,,58,63,0,65,,,,,
Bekasi,Bekasi Kayuringin,2026-04-28 01:00:00,67,67,39,,76,16,0,23,,,,,
Jakarta,The Pakubuwono Menteng,2026-04-28 01:44:45,58,58,16,30,,,,,56,27.8,,,
Depok,Cinere - Nafas,2026-04-28 01:44:44,199,199,104,172,,,,,0,0,,,
Bogor,Kabupaten Bogor Leuwiliang,2026-04-28 01:00:00,80,68,34,,4,9,0,80,,,,,
Tangerang,Tangerang Pasir Jaya,2026-04-24 14:00:00,-,70,35,,58,63,0,65,,,,,
Bekasi,Bekasi Kayuringin,2026-04-28 01:00:00,67,67,39,,76,16,0,23,,,,,
Jakarta,The Pakubuwono Menteng,2026-04-28 01:45:45,65,65,18,38,,,,,57,27.8,,,
Depok,Cinere - Nafas,2026-04-28 01:45:44,198,198,102,172,,,,,0,0,,,
Bogor,Kabupaten Bogor Leuwiliang,2026-04-28 01:00:00,80,68,34,,4,9,0,80,,,,,
Tangerang,Tangerang Pasir Jaya,2026-04-24 14:00:00,-,70,35,,58,63,0,65,,,,,
Bekasi,Bekasi Kayuringin,2026-04-28 01:00:00,67,67,39,,76,16,0,23,,,,,
Jakarta,The Pakubuwono Menteng,2026-04-28 01:46:45,64,64,17,34,,,,,57,27.8,,,
Depok,Cinere - Nafas,2026-04-28 01:46:44,200,200,104,172,,,,,0,0,,,
Bogor,Kabupaten Bogor Leuwiliang,2026-04-28 01:00:00,80,68,34,,4,9,0,80,,,,,
Tangerang,Tangerang Pasir Jaya,2026-04-24 14:00:00,-,70,35,,58,63,0,65,,,,,
Bekasi,Bekasi Kayuringin,2026-04-28 01:00:00,67,67,39,,76,16,0,23,,,,,
Jakarta,The Pakubuwono Menteng,2026-04-28 01:47:45,72,72,21,49,,,,,58,27.7,,,
Depok,Cinere - Nafas,2026-04-28 01:47:44,196,196,101,172,,,,,0,0,,,
Bogor,Kabupaten Bogor Leuwiliang,2026-04-28 01:00:00,80,68,34,,4,9,0,80,,,,,
Tangerang,Tangerang Pasir Jaya,2026-04-24 14:00:00,-,70,35,,58,63,0,65,,,,,
Bekasi,Bekasi Kayuringin,2026-04-28 01:00:00,67,67,39,,76,16,0,23,,,,,
Jakarta,The Pakubuwono Menteng,2026-04-28 01:47:45,72,72,21,49,,,,,58,27.7,,,
Depok,Cinere - Nafas,2026-04-28 01:49:44,198,198,103,173,,,,,0,0,,,
Bogor,Kabupaten Bogor Leuwiliang,2026-04-28 01:00:00,80,68,34,,4,9,0,80,,,,,
Tangerang,Tangerang Pasir Jaya,2026-04-24 14:00:00,-,70,35,,58,63,0,65,,,,,
Bekasi,Bekasi Kayuringin,2026-04-28 01:00:00,67,67,39,,76,16,0,23,,,,,
Jakarta,The Pakubuwono Menteng,2026-04-28 01:50:45,74,74,22,51,,,,,58,27.8,,,
Depok,Cinere - Nafas,2026-04-28 01:50:44,198,198,103,172,,,,,0,0,,,
Bogor,Kabupaten Bogor Leuwiliang,2026-04-28 01:00:00,80,68,34,,4,9,0,80,,,,,
Tangerang,Tangerang Pasir Jaya,2026-04-24 14:00:00,-,70,35,,58,63,0,65,,,,,
Bekasi,Bekasi Kayuringin,2026-04-28 01:00:00,67,67,39,,76,16,0,23,,,,,
Jakarta,The Pakubuwono Menteng,2026-04-28 01:50:45,74,74,22,57,,,,,58,27.8,,,
Depok,Cinere - Nafas,2026-04-28 01:51:44,198,198,102,172,,,,,0,0,,,
Bogor,Kabupaten Bogor Leuwiliang,2026-04-28 01:00:00,80,68,34,,4,9,0,80,,,,,
Tangerang,Tangerang Pasir Jaya,2026-04-24 14:00:00,-,70,35,,58,63,0,65,,,,,
Bekasi,Bekasi Kayuringin,2026-04-28 01:00:00,67,67,39,,76,16,0,23,,,,,
Jakarta,The Pakubuwono Menteng,2026-04-28 01:52:45,76,76,23,54,,,,,58,27.7,,,
Depok,Cinere - Nafas,2026-04-28 01:52:44,198,198,102,172,,,,,0,0,,,
Bogor,Kabupaten Bogor Leuwiliang,2026-04-28 01:00:00,80,68,34,,4,9,0,80,,,,,
Tangerang,Tangerang Pasir Jaya,2026-04-24 14:00:00,-,70,35,,58,63,0,65,,,,,
Bekasi,Bekasi Kayuringin,2026-04-28 01:00:00,67,67,39,,76,16,0,23,,,,,
Jakarta,The Pakubuwono Menteng,2026-04-28 01:53:45,77,77,22,55,,,,,58,27.7,,,
Depok,Cinere - Nafas,2026-04-28 01:53:44,198,198,101,171,,,,,0,0,,,
Bogor,Kabupaten Bogor Leuwiliang,2026-04-28 01:00:00,80,68,34,,4,9,0,80,,,,,
Tangerang,Tangerang Pasir Jaya,2026-04-24 14:00:00,-,70,35,,58,63,0,65,,,,,
Bekasi,Bekasi Kayuringin,2026-04-28 01:00:00,67,67,39,,76,16,0,23,,,,,
Jakarta,The Pakubuwono Menteng,2026-04-28 01:54:45,73,73,22,50,,,,,58,27.7,,,
Depok,Cinere - Nafas,2026-04-28 01:54:44,197,197,101,171,,,,,0,0,,,
Bogor,Kabupaten Bogor Leuwiliang,2026-04-28 01:00:00,80,68,34,,4,9,0,80,,,,,
Tangerang,Tangerang Pasir Jaya,2026-04-24 14:00:00,-,70,35,,58,63,0,65,,,,,
Bekasi,Bekasi Kayuringin,2026-04-28 01:00:00,67,67,39,,76,16,0,23,,,,,
Jakarta,The Pakubuwono Menteng,2026-04-28 01:56:45,72,72,22,55,,,,,58,27.7,,,
Depok,Cinere - Nafas,2026-04-28 01:56:44,199,199,105,171,,,,,0,0,,,
Bogor,Kabupaten Bogor Leuwiliang,2026-04-28 01:00:00,80,68,34,,4,9,0,80,,,,,
Tangerang,Tangerang Pasir Jaya,2026-04-24 14:00:00,-,70,35,,58,63,0,65,,,,,
Bekasi,Bekasi Kayuringin,2026-04-28 01:00:00,67,67,39,,76,16,0,23,,,,,
Jakarta,The Pakubuwono Menteng,2026-04-28 01:57:45,70,70,20,47,,,,,59,27.7,,,
Depok,Cinere - Nafas,2026-04-28 01:57:44,197,197,100,172,,,,,0,0,,,
Bogor,Kabupaten Bogor Leuwiliang,2026-04-28 01:00:00,80,68,34,,4,9,0,80,,,,,
Tangerang,Tangerang Pasir Jaya,2026-04-24 14:00:00,-,70,35,,58,63,0,65,,,,,
Bekasi,Bekasi Kayuringin,2026-04-28 01:00:00,67,67,39,,76,16,0,23,,,,,
Jakarta,The Pakubuwono Menteng,2026-04-28 01:57:45,70,70,20,47,,,,,59,27.7,,,
Depok,Cinere - Nafas,2026-04-28 01:58:44,198,198,103,171,,,,,0,0,,,
Bogor,Kabupaten Bogor Leuwiliang,2026-04-28 01:00:00,80,68,34,,4,9,0,80,,,,,
Tangerang,Tangerang Pasir Jaya,2026-04-24 14:00:00,-,70,35,,58,63,0,65,,,,,
Bekasi,Bekasi Kayuringin,2026-04-28 01:00:00,67,67,39,,76,16,0,23,,,,,
Jakarta,The Pakubuwono Menteng,2026-04-28 01:59:46,73,73,23,51,,,,,59,27.6,,,
Depok,Cinere - Nafas,2026-04-28 01:59:44,197,197,102,172,,,,,0,0,,,
Bogor,Kabupaten Bogor Leuwiliang,2026-04-28 01:00:00,80,68,34,,4,9,0,80,,,,,
Tangerang,Tangerang Pasir Jaya,2026-04-24 14:00:00,-,70,35,,58,63,0,65,,,,,
Bekasi,Bekasi Kayuringin,2026-04-28 01:00:00,67,67,39,,76,16,0,23,,,,,
Jakarta,The Pakubuwono Menteng,2026-04-28 02:00:45,72,72,22,49,,,,,59,27.6,,,
Depok,Cinere - Nafas,2026-04-28 02:00:44,197,197,103,171,,,,,0,0,,,
Bogor,Kabupaten Bogor Leuwiliang,2026-04-28 01:00:00,80,68,34,,4,9,0,80,,,,,
Tangerang,Tangerang Pasir Jaya,2026-04-24 14:00:00,-,70,35,,58,63,0,65,,,,,
Bekasi,Bekasi Kayuringin,2026-04-28 01:00:00,67,67,39,,76,16,0,23,,,,,
Jakarta,The Pakubuwono Menteng,2026-04-28 02:02:45,73,73,22,54,,,,,59,27.6,,,
Depok,Cinere - Nafas,2026-04-28 02:02:44,196,196,99,170,,,,,0,0,,,
Bogor,Kabupaten Bogor Leuwiliang,2026-04-28 01:00:00,80,68,34,,4,9,0,80,,,,,
Tangerang,Tangerang Pasir Jaya,2026-04-24 14:00:00,-,70,35,,58,63,0,65,,,,,
Bekasi,Bekasi Kayuringin,2026-04-28 01:00:00,67,67,39,,76,16,0,23,,,,,
Jakarta,The Pakubuwono Menteng,2026-04-28 02:03:45,72,72,22,51,,,,,59,27.6,,,
Depok,Cinere - Nafas,2026-04-28 02:03:44,197,197,103,170,,,,,0,0,,,
Bogor,Kabupaten Bogor Leuwiliang,2026-04-28 01:00:00,80,68,34,,4,9,0,80,,,,,
Tangerang,Tangerang Pasir Jaya,2026-04-24 14:00:00,-,70,35,,58,63,0,65,,,,,
Bekasi,Bekasi Kayuringin,2026-04-28 01:00:00,67,67,39,,76,16,0,23,,,,,
Jakarta,The Pakubuwono Menteng,2026-04-28 02:04:45,72,72,22,56,,,,,59,27.5,,,
Depok,Cinere - Nafas,2026-04-28 02:04:44,198,198,103,171,,,,,0,0,,,
Bogor,Kabupaten Bogor Leuwiliang,2026-04-28 01:00:00,80,68,34,,4,9,0,80,,,,,
Tangerang,Tangerang Pasir Jaya,2026-04-24 14:00:00,-,70,35,,58,63,0,65,,,,,
Bekasi,Bekasi Kayuringin,2026-04-28 01:00:00,67,67,39,,76,16,0,23,,,,,
Jakarta,The Pakubuwono Menteng,2026-04-28 02:05:46,74,74,21,52,,,,,59,27.5,,,
Depok,Cinere - Nafas,2026-04-28 02:05:44,196,196,101,171,,,,,0,0,,,
Bogor,Kabupaten Bogor Leuwiliang,2026-04-28 01:00:00,80,68,34,,4,9,0,80,,,,,
Tangerang,Tangerang Pasir Jaya,2026-04-24 14:00:00,-,70,35,,58,63,0,65,,,,,
Bekasi,Bekasi Kayuringin,2026-04-28 01:00:00,67,67,39,,76,16,0,23,,,,,
Jakarta,The Pakubuwono Menteng,2026-04-28 02:06:45,77,77,23,57,,,,,59,27.5,,,
Depok,Cinere - Nafas,2026-04-28 02:06:44,194,194,96,168,,,,,0,0,,,
Bogor,Kabupaten Bogor Leuwiliang,2026-04-28 01:00:00,80,68,34,,4,9,0,80,,,,,
Tangerang,Tangerang Pasir Jaya,2026-04-24 14:00:00,-,70,35,,58,63,0,65,,,,,
Bekasi,Bekasi Kayuringin,2026-04-28 02:00:00,64,64,38,,76,16,0,23,,,,,
Jakarta,The Pakubuwono Menteng,2026-04-28 02:08:45,72,72,21,55,,,,,59,27.5,,,
Depok,Cinere - Nafas,2026-04-28 02:08:44,193,193,97,169,,,,,0,0,,,
Bogor,Kabupaten Bogor Leuwiliang,2026-04-28 02:00:00,80,68,34,,4,9,0,80,,,,,
Tangerang,Tangerang Pasir Jaya,2026-04-24 14:00:00,-,70,35,,58,63,0,65,,,,,
Bekasi,Bekasi Kayuringin,2026-04-28 02:00:00,64,64,38,,76,16,0,23,,,,,
Jakarta,The Pakubuwono Menteng,2026-04-28 02:09:45,74,74,21,54,,,,,59,27.5,,,
Depok,Cinere - Nafas,2026-04-28 02:09:44,192,192,97,168,,,,,0,0,,,
Bogor,Kabupaten Bogor Leuwiliang,2026-04-28 02:00:00,80,68,34,,4,9,0,80,,,,,
Tangerang,Tangerang Pasir Jaya,2026-04-24 14:00:00,-,70,35,,58,63,0,65,,,,,
Bekasi,Bekasi Kayuringin,2026-04-28 02:00:00,64,64,38,,76,16,0,23,,,,,
Jakarta,The Pakubuwono Menteng,2026-04-28 02:10:45,74,74,22,63,,,,,59,27.5,,,
Depok,Cinere - Nafas,2026-04-28 02:10:44,195,195,99,169,,,,,0,0,,,
Bogor,Kabupaten Bogor Leuwiliang,2026-04-28 02:00:00,80,68,34,,4,9,0,80,,,,,
Tangerang,Tangerang Pasir Jaya,2026-04-24 14:00:00,-,70,35,,58,63,0,65,,,,,
Bekasi,Bekasi Kayuringin,2026-04-28 02:00:00,64,64,38,,76,16,0,23,,,,,
Jakarta,The Pakubuwono Menteng,2026-04-28 02:11:45,73,73,21,58,,,,,59,27.6,,,
Depok,Cinere - Nafas,2026-04-28 02:11:44,188,188,92,165,,,,,0,0,,,
Bogor,Kabupaten Bogor Leuwiliang,2026-04-28 02:00:00,80,68,34,,4,9,0,80,,,,,
Tangerang,Tangerang Pasir Jaya,2026-04-24 14:00:00,-,70,35,,58,63,0,65,,,,,
Bekasi,Bekasi Kayuringin,2026-04-28 02:00:00,64,64,38,,76,16,0,23,,,,,
Jakarta,The Pakubuwono Menteng,2026-04-28 02:12:45,70,70,20,44,,,,,59,27.6,,,
Depok,Cinere - Nafas,2026-04-28 02:12:45,181,181,86,160,,,,,0,0,,,
Bogor,Kabupaten Bogor Leuwiliang,2026-04-28 02:00:00,80,68,34,,4,9,0,80,,,,,
Tangerang,Tangerang Pasir Jaya,2026-04-24 14:00:00,-,70,35,,58,63,0,65,,,,,
Bekasi,Bekasi Kayuringin,2026-04-28 02:00:00,64,64,38,,76,16,0,23,,,,,
Jakarta,The Pakubuwono Menteng,2026-04-28 02:14:45,70,70,20,40,,,,,59,27.7,,,
Depok,Cinere - Nafas,2026-04-28 02:14:44,172,172,75,154,,,,,0,0,,,
Bogor,Kabupaten Bogor Leuwiliang,2026-04-28 02:00:00,80,68,34,,4,9,0,80,,,,,
Tangerang,Tangerang Pasir Jaya,2026-04-24 14:00:00,-,70,35,,58,63,0,65,,,,,
Bekasi,Bekasi Kayuringin,2026-04-28 02:00:00,64,64,38,,76,16,0,23,,,,,
Jakarta,The Pakubuwono Menteng,2026-04-28 02:15:45,70,70,23,45,,,,,59,27.7,,,
Depok,Cinere - Nafas,2026-04-28 02:15:44,165,165,68,148,,,,,0,0,,,
Bogor,Kabupaten Bogor Leuwiliang,2026-04-28 02:00:00,80,68,34,,4,9,0,80,,,,,
Tangerang,Tangerang Pasir Jaya,2026-04-24 14:00:00,-,70,35,,58,63,0,65,,,,,
Bekasi,Bekasi Kayuringin,2026-04-28 02:00:00,64,64,38,,76,16,0,23,,,,,
Jakarta,The Pakubuwono Menteng,2026-04-28 02:16:45,71,71,22,42,,,,,59,27.7,,,
Depok,Cinere - Nafas,2026-04-28 02:16:44,164,164,67,141,,,,,0,0,,,
Bogor,Kabupaten Bogor Leuwiliang,2026-04-28 02:00:00,80,68,34,,4,9,0,80,,,,,
Tangerang,Tangerang Pasir Jaya,2026-04-24 14:00:00,-,70,35,,58,63,0,65,,,,,
Bekasi,Bekasi Kayuringin,2026-04-28 02:00:00,64,64,38,,76,16,0,23,,,,,
Jakarta,The Pakubuwono Menteng,2026-04-28 02:17:45,64,64,17,37,,,,,59,27.7,,,
Depok,Cinere - Nafas,2026-04-28 02:17:44,160,160,62,134,,,,,0,0,,,
Bogor,Kabupaten Bogor Leuwiliang,2026-04-28 02:00:00,80,68,34,,4,9,0,80,,,,,
Tangerang,Tangerang Pasir Jaya,2026-04-24 14:00:00,-,70,35,,58,63,0,65,,,,,
Bekasi,Bekasi Kayuringin,2026-04-28 02:00:00,64,64,38,,76,16,0,23,,,,,
Jakarta,The Pakubuwono Menteng,2026-04-28 02:18:45,71,71,20,49,,,,,59,27.7,,,
Depok,Cinere - Nafas,2026-04-28 02:18:44,160,160,62,132,,,,,0,0,,,
Bogor,Kabupaten Bogor Leuwiliang,2026-04-28 02:00:00,80,68,34,,4,9,0,80,,,,,
Tangerang,Tangerang Pasir Jaya,2026-04-24 14:00:00,-,70,35,,58,63,0,65,,,,,
Bekasi,Bekasi Kayuringin,2026-04-28 02:00:00,64,64,38,,76,16,0,23,,,,,
Jakarta,The Pakubuwono Menteng,2026-04-28 02:20:45,61,61,15,31,,,,,59,27.8,,,
Depok,Cinere - Nafas,2026-04-28 02:20:44,158,158,63,133,,,,,0,0,,,
Bogor,Kabupaten Bogor Leuwiliang,2026-04-28 02:00:00,80,68,34,,4,9,0,80,,,,,
Tangerang,Tangerang Pasir Jaya,2026-04-24 14:00:00,-,70,35,,58,63,0,65,,,,,
Bekasi,Bekasi Kayuringin,2026-04-28 02:00:00,64,64,38,,76,16,0,23,,,,,
Jakarta,The Pakubuwono Menteng,2026-04-28 02:21:45,63,63,17,31,,,,,59,27.8,,,
Depok,Cinere - Nafas,2026-04-28 02:21:44,157,157,61,126,,,,,0,0,,,
Bogor,Kabupaten Bogor Leuwiliang,2026-04-28 02:00:00,80,68,34,,4,9,0,80,,,,,
Tangerang,Tangerang Pasir Jaya,2026-04-24 14:00:00,-,70,35,,58,63,0,65,,,,,
Bekasi,Bekasi Kayuringin,2026-04-28 02:00:00,64,64,38,,76,16,0,23,,,,,
Jakarta,The Pakubuwono Menteng,2026-04-28 02:22:46,64,64,17,35,,,,,59,27.9,,,
Depok,Cinere - Nafas,2026-04-28 02:22:44,157,157,61,124,,,,,0,0,,,
Bogor,Kabupaten Bogor Leuwiliang,2026-04-28 02:00:00,80,68,34,,4,9,0,80,,,,,
Tangerang,Tangerang Pasir Jaya,2026-04-24 14:00:00,-,70,35,,58,63,0,65,,,,,
Bekasi,Bekasi Kayuringin,2026-04-28 02:00:00,64,64,38,,76,16,0,23,,,,,
Jakarta,The Pakubuwono Menteng,2026-04-28 02:23:46,62,62,16,30,,,,,58,27.9,,,
Depok,Cinere - Nafas,2026-04-28 02:23:45,157,157,61,123,,,,,0,0,,,
Bogor,Kabupaten Bogor Leuwiliang,2026-04-28 02:00:00,80,68,34,,4,9,0,80,,,,,
Tangerang,Tangerang Pasir Jaya,2026-04-24 14:00:00,-,70,35,,58,63,0,65,,,,,
Bekasi,Bekasi Kayuringin,2026-04-28 02:00:00,64,64,38,,76,16,0,23,,,,,
Jakarta,The Pakubuwono Menteng,2026-04-28 02:24:45,60,60,16,31,,,,,58,27.9,,,
Depok,Cinere - Nafas,2026-04-28 02:24:44,152,152,58,108,,,,,0,0,,,
Bogor,Kabupaten Bogor Leuwiliang,2026-04-28 02:00:00,80,68,34,,4,9,0,80,,,,,
Tangerang,Tangerang Pasir Jaya,2026-04-24 14:00:00,-,70,35,,58,63,0,65,,,,,
Bekasi,Bekasi Kayuringin,2026-04-28 02:00:00,64,64,38,,76,16,0,23,,,,,
Jakarta,The Pakubuwono Menteng,2026-04-28 02:25:46,65,65,18,39,,,,,58,27.9,,,
Depok,Cinere - Nafas,2026-04-28 02:25:45,146,146,56,101,,,,,0,0,,,
Bogor,Kabupaten Bogor Leuwiliang,2026-04-28 02:00:00,80,68,34,,4,9,0,80,,,,,
Tangerang,Tangerang Pasir Jaya,2026-04-24 14:00:00,-,70,35,,58,63,0,65,,,,,
Bekasi,Bekasi Kayuringin,2026-04-28 02:00:00,64,64,38,,76,16,0,23,,,,,
Jakarta,The Pakubuwono Menteng,2026-04-28 02:28:46,66,66,18,47,,,,,58,28,,,
Depok,Cinere - Nafas,2026-04-28 02:28:45,141,141,56,100,,,,,0,0,,,
Bogor,Kabupaten Bogor Leuwiliang,2026-04-28 02:00:00,80,68,34,,4,9,0,80,,,,,
Tangerang,Tangerang Pasir Jaya,2026-04-24 14:00:00,-,70,35,,58,63,0,65,,,,,
Bekasi,Bekasi Kayuringin,2026-04-28 02:00:00,64,64,38,,76,16,0,23,,,,,
Jakarta,The Pakubuwono Menteng,2026-04-28 02:28:46,66,66,18,47,,,,,58,28,,,
Depok,Cinere - Nafas,2026-04-28 02:28:45,141,141,56,100,,,,,0,0,,,
Bogor,Kabupaten Bogor Leuwiliang,2026-04-28 02:00:00,80,68,34,,4,9,0,80,,,,,
Tangerang,Tangerang Pasir Jaya,2026-04-24 14:00:00,-,70,35,,58,63,0,65,,,,,
Bekasi,Bekasi Kayuringin,2026-04-28 02:00:00,64,64,38,,76,16,0,23,,,,,
Jakarta,The Pakubuwono Menteng,2026-04-28 02:29:46,72,72,21,44,,,,,58,28,,,
Depok,Cinere - Nafas,2026-04-28 02:29:45,142,142,56,96,,,,,0,0,,,
Bogor,Kabupaten Bogor Leuwiliang,2026-04-28 02:00:00,80,68,34,,4,9,0,80,,,,,
Tangerang,Tangerang Pasir Jaya,2026-04-24 14:00:00,-,70,35,,58,63,0,65,,,,,
Bekasi,Bekasi Kayuringin,2026-04-28 02:00:00,64,64,38,,76,16,0,23,,,,,
Jakarta,The Pakubuwono Menteng,2026-04-28 02:30:46,71,71,20,39,,,,,58,28,,,
Depok,Cinere - Nafas,2026-04-28 02:30:45,151,151,58,110,,,,,0,0,,,
Bogor,Kabupaten Bogor Leuwiliang,2026-04-28 02:00:00,80,68,34,,4,9,0,80,,,,,
Tangerang,Tangerang Pasir Jaya,2026-04-24 14:00:00,-,70,35,,58,63,0,65,,,,,
Bekasi,Bekasi Kayuringin,2026-04-28 02:00:00,64,64,38,,76,16,0,23,,,,,
Jakarta,The Pakubuwono Menteng,2026-04-28 02:31:46,63,63,17,37,,,,,58,28,,,
Depok,Cinere - Nafas,2026-04-28 02:31:45,151,151,57,108,,,,,0,0,,,
Bogor,Kabupaten Bogor Leuwiliang,2026-04-28 02:00:00,80,68,34,,4,9,0,80,,,,,
Tangerang,Tangerang Pasir Jaya,2026-04-24 14:00:00,-,70,35,,58,63,0,65,,,,,
Bekasi,Bekasi Kayuringin,2026-04-28 02:00:00,64,64,38,,76,16,0,23,,,,,
Jakarta,The Pakubuwono Menteng,2026-04-28 02:32:47,64,64,20,35,,,,,57,28,,,
Depok,Cinere - Nafas,2026-04-28 02:32:45,150,150,57,105,,,,,0,0,,,
Bogor,Kabupaten Bogor Leuwiliang,2026-04-28 02:00:00,80,68,34,,4,9,0,80,,,,,
Tangerang,Tangerang Pasir Jaya,2026-04-24 14:00:00,-,70,35,,58,63,0,65,,,,,
Bekasi,Bekasi Kayuringin,2026-04-28 02:00:00,64,64,38,,76,16,0,23,,,,,
Jakarta,The Pakubuwono Menteng,2026-04-28 02:34:46,62,62,18,35,,,,,57,28,,,
Depok,Cinere - Nafas,2026-04-28 02:34:46,153,153,59,111,,,,,0,0,,,
Bogor,Kabupaten Bogor Leuwiliang,2026-04-28 02:00:00,80,68,34,,4,9,0,80,,,,,
Tangerang,Tangerang Pasir Jaya,2026-04-24 14:00:00,-,70,35,,58,63,0,65,,,,,
Bekasi,Bekasi Kayuringin,2026-04-28 02:00:00,64,64,38,,76,16,0,23,,,,,
Jakarta,The Pakubuwono Menteng,2026-04-28 02:35:46,64,64,17,33,,,,,58,28,,,
Depok,Cinere - Nafas,2026-04-28 02:36:45,139,139,55,95,,,,,0,0,,,
Bogor,Kabupaten Bogor Leuwiliang,2026-04-28 02:00:00,80,68,34,,4,9,0,80,,,,,
Tangerang,Tangerang Pasir Jaya,2026-04-24 14:00:00,-,70,35,,58,63,0,65,,,,,
Bekasi,Bekasi Kayuringin,2026-04-28 02:00:00,64,64,38,,76,16,0,23,,,,,
Jakarta,The Pakubuwono Menteng,2026-04-28 02:37:46,63,63,17,30,,,,,58,28,,,
Depok,Cinere - Nafas,2026-04-28 02:37:45,137,137,53,96,,,,,0,0,,,
Bogor,Kabupaten Bogor Leuwiliang,2026-04-28 02:00:00,80,68,34,,4,9,0,80,,,,,
Tangerang,Tangerang Pasir Jaya,2026-04-24 14:00:00,-,70,35,,58,63,0,65,,,,,
Bekasi,Bekasi Kayuringin,2026-04-28 02:00:00,64,64,38,,76,16,0,23,,,,,
Jakarta,The Pakubuwono Menteng,2026-04-28 02:38:46,71,71,20,44,,,,,58,28,,,
Depok,Cinere - Nafas,2026-04-28 02:38:45,128,128,51,90,,,,,0,0,,,
Bogor,Kabupaten Bogor Leuwiliang,2026-04-28 02:00:00,80,68,34,,4,9,0,80,,,,,
Tangerang,Tangerang Pasir Jaya,2026-04-24 14:00:00,-,70,35,,58,63,0,65,,,,,
Bekasi,Bekasi Kayuringin,2026-04-28 02:00:00,64,64,38,,76,16,0,23,,,,,
Jakarta,The Pakubuwono Menteng,2026-04-28 02:39:46,64,64,18,33,,,,,58,28,,,
Depok,Cinere - Nafas,2026-04-28 02:39:45,123,123,51,89,,,,,0,0,,,
Bogor,Kabupaten Bogor Leuwiliang,2026-04-28 02:00:00,80,68,34,,4,9,0,80,,,,,
Tangerang,Tangerang Pasir Jaya,2026-04-24 14:00:00,-,70,35,,58,63,0,65,,,,,
Bekasi,Bekasi Kayuringin,2026-04-28 02:00:00,64,64,38,,76,16,0,23,,,,,
Jakarta,The Pakubuwono Menteng,2026-04-28 02:40:46,63,63,16,44,,,,,58,28,,,
Depok,Cinere - Nafas,2026-04-28 02:40:45,123,123,50,88,,,,,0,0,,,
Bogor,Kabupaten Bogor Leuwiliang,2026-04-28 02:00:00,80,68,34,,4,9,0,80,,,,,
Tangerang,Tangerang Pasir Jaya,2026-04-24 14:00:00,-,70,35,,58,63,0,65,,,,,
Bekasi,Bekasi Kayuringin,2026-04-28 02:00:00,64,64,38,,76,16,0,23,,,,,
Jakarta,The Pakubuwono Menteng,2026-04-28 02:41:46,70,70,20,35,,,,,58,28,,,
Depok,Cinere - Nafas,2026-04-28 02:41:45,113,113,45,83,,,,,0,0,,,
Bogor,Kabupaten Bogor Leuwiliang,2026-04-28 02:00:00,80,68,34,,4,9,0,80,,,,,
Tangerang,Tangerang Pasir Jaya,2026-04-24 14:00:00,-,70,35,,58,63,0,65,,,,,
Bekasi,Bekasi Kayuringin,2026-04-28 02:00:00,64,64,38,,76,16,0,23,,,,,
Jakarta,The Pakubuwono Menteng,2026-04-28 02:42:46,74,74,23,47,,,,,58,28,,,
Depok,Cinere - Nafas,2026-04-28 02:42:45,118,118,48,81,,,,,0,0,,,
Bogor,Kabupaten Bogor Leuwiliang,2026-04-28 02:00:00,80,68,34,,4,9,0,80,,,,,
Tangerang,Tangerang Pasir Jaya,2026-04-24 14:00:00,-,70,35,,58,63,0,65,,,,,
Bekasi,Bekasi Kayuringin,2026-04-28 02:00:00,64,64,38,,76,16,0,23,,,,,
Jakarta,The Pakubuwono Menteng,2026-04-28 02:43:46,66,66,20,38,,,,,58,28,,,
Depok,Cinere - Nafas,2026-04-28 02:43:45,111,111,45,83,,,,,0,0,,,
Bogor,Kabupaten Bogor Leuwiliang,2026-04-28 02:00:00,80,68,34,,4,9,0,80,,,,,
Tangerang,Tangerang Pasir Jaya,2026-04-24 14:00:00,-,70,35,,58,63,0,65,,,,,
Bekasi,Bekasi Kayuringin,2026-04-28 02:00:00,64,64,38,,76,16,0,23,,,,,
Jakarta,The Pakubuwono Menteng,2026-04-28 02:44:46,76,76,22,56,,,,,58,28,,,
Depok,Cinere - Nafas,2026-04-28 02:44:45,115,115,46,83,,,,,0,0,,,
Bogor,Kabupaten Bogor Leuwiliang,2026-04-28 02:00:00,80,68,34,,4,9,0,80,,,,,
Tangerang,Tangerang Pasir Jaya,2026-04-24 14:00:00,-,70,35,,58,63,0,65,,,,,
Bekasi,Bekasi Kayuringin,2026-04-28 02:00:00,64,64,38,,76,16,0,23,,,,,
Jakarta,The Pakubuwono Menteng,2026-04-28 02:47:47,66,66,18,35,,,,,59,28,,,
Depok,Cinere - Nafas,2026-04-28 02:47:45,107,107,42,78,,,,,0,0,,,
Bogor,Kabupaten Bogor Leuwiliang,2026-04-28 02:00:00,80,68,34,,4,9,0,80,,,,,
Tangerang,Tangerang Pasir Jaya,2026-04-24 14:00:00,-,70,35,,58,63,0,65,,,,,
Bekasi,Bekasi Kayuringin,2026-04-28 02:00:00,64,64,38,,76,16,0,23,,,,,
Jakarta,The Pakubuwono Menteng,2026-04-28 02:48:46,65,65,20,45,,,,,59,28,,,
Depok,Cinere - Nafas,2026-04-28 02:48:45,106,106,41,76,,,,,0,0,,,
Bogor,Kabupaten Bogor Leuwiliang,2026-04-28 02:00:00,80,68,34,,4,9,0,80,,,,,
Tangerang,Tangerang Pasir Jaya,2026-04-24 14:00:00,-,70,35,,58,63,0,65,,,,,
Bekasi,Bekasi Kayuringin,2026-04-28 02:00:00,64,64,38,,76,16,0,23,,,,,
Jakarta,The Pakubuwono Menteng,2026-04-28 02:49:46,69,69,21,45,,,,,59,28,,,
Depok,Cinere - Nafas,2026-04-28 02:49:45,106,106,41,79,,,,,0,0,,,
Bogor,Kabupaten Bogor Leuwiliang,2026-04-28 02:00:00,80,68,34,,4,9,0,80,,,,,
Tangerang,Tangerang Pasir Jaya,2026-04-24 14:00:00,-,70,35,,58,63,0,65,,,,,
Bekasi,Bekasi Kayuringin,2026-04-28 02:00:00,64,64,38,,76,16,0,23,,,,,
Jakarta,The Pakubuwono Menteng,2026-04-28 02:49:46,69,69,21,45,,,,,59,28,,,
Depok,Cinere - Nafas,2026-04-28 02:49:45,106,106,41,79,,,,,0,0,,,
Bogor,Kabupaten Bogor Leuwiliang,2026-04-28 02:00:00,80,68,34,,4,9,0,80,,,,,
Tangerang,Tangerang Pasir Jaya,2026-04-24 14:00:00,-,70,35,,58,63,0,65,,,,,
Bekasi,Bekasi Kayuringin,2026-04-28 02:00:00,64,64,38,,76,16,0,23,,,,,
Jakarta,The Pakubuwono Menteng,2026-04-28 02:51:46,73,73,21,53,,,,,58,28,,,
Depok,Cinere - Nafas,2026-04-28 02:51:45,102,102,40,74,,,,,0,0,,,
Bogor,Kabupaten Bogor Leuwiliang,2026-04-28 02:00:00,80,68,34,,4,9,0,80,,,,,
Tangerang,Tangerang Pasir Jaya,2026-04-24 14:00:00,-,70,35,,58,63,0,65,,,,,
Bekasi,Bekasi Kayuringin,2026-04-28 02:00:00,64,64,38,,76,16,0,23,,,,,
Jakarta,The Pakubuwono Menteng,2026-04-28 02:52:46,76,76,23,55,,,,,58,28,,,
Depok,Cinere - Nafas,2026-04-28 02:52:45,101,101,38,77,,,,,0,0,,,
Bogor,Kabupaten Bogor Leuwiliang,2026-04-28 02:00:00,80,68,34,,4,9,0,80,,,,,
Tangerang,Tangerang Pasir Jaya,2026-04-24 14:00:00,-,70,35,,58,63,0,65,,,,,
Bekasi,Bekasi Kayuringin,2026-04-28 02:00:00,64,64,38,,76,16,0,23,,,,,
Jakarta,The Pakubuwono Menteng,2026-04-28 02:53:46,70,70,20,48,,,,,59,28,,,
Depok,Cinere - Nafas,2026-04-28 02:53:45,109,109,44,77,,,,,0,0,,,
Bogor,Kabupaten Bogor Leuwiliang,2026-04-28 02:00:00,80,68,34,,4,9,0,80,,,,,
Tangerang,Tangerang Pasir Jaya,2026-04-24 14:00:00,-,70,35,,58,63,0,65,,,,,
Bekasi,Bekasi Kayuringin,2026-04-28 02:00:00,64,64,38,,76,16,0,23,,,,,
Jakarta,The Pakubuwono Menteng,2026-04-28 02:54:46,73,73,21,49,,,,,59,27.9,,,
Depok,Cinere - Nafas,2026-04-28 02:54:45,116,116,48,82,,,,,0,0,,,
Bogor,Kabupaten Bogor Leuwiliang,2026-04-28 02:00:00,80,68,34,,4,9,0,80,,,,,
Tangerang,Tangerang Pasir Jaya,2026-04-24 14:00:00,-,70,35,,58,63,0,65,,,,,
Bekasi,Bekasi Kayuringin,2026-04-28 02:00:00,64,64,38,,76,16,0,23,,,,,
Jakarta,The Pakubuwono Menteng,2026-04-28 02:56:46,65,65,19,45,,,,,59,28,,,
Depok,Cinere - Nafas,2026-04-28 02:56:45,118,118,48,86,,,,,0,0,,,
Bogor,Kabupaten Bogor Leuwiliang,2026-04-28 02:00:00,80,68,34,,4,9,0,80,,,,,
Tangerang,Tangerang Pasir Jaya,2026-04-24 14:00:00,-,70,35,,58,63,0,65,,,,,
Bekasi,Bekasi Kayuringin,2026-04-28 02:00:00,64,64,38,,76,16,0,23,,,,,
Jakarta,The Pakubuwono Menteng,2026-04-28 02:57:47,72,72,21,45,,,,,59,28,,,
Depok,Cinere - Nafas,2026-04-28 02:57:45,123,123,50,85,,,,,0,0,,,
Bogor,Kabupaten Bogor Leuwiliang,2026-04-28 02:00:00,80,68,34,,4,9,0,80,,,,,
Tangerang,Tangerang Pasir Jaya,2026-04-24 14:00:00,-,70,35,,58,63,0,65,,,,,
Bekasi,Bekasi Kayuringin,2026-04-28 02:00:00,64,64,38,,76,16,0,23,,,,,
Jakarta,The Pakubuwono Menteng,2026-04-28 02:59:46,76,76,22,56,,,,,59,28,,,
Depok,Cinere - Nafas,2026-04-28 02:59:45,117,117,48,85,,,,,0,0,,,
Bogor,Kabupaten Bogor Leuwiliang,2026-04-28 02:00:00,80,68,34,,4,9,0,80,,,,,
Tangerang,Tangerang Pasir Jaya,2026-04-24 14:00:00,-,70,35,,58,63,0,65,,,,,
Bekasi,Bekasi Kayuringin,2026-04-28 02:00:00,64,64,38,,76,16,0,23,,,,,
Jakarta,The Pakubuwono Menteng,2026-04-28 02:59:46,76,76,22,56,,,,,59,28,,,
Depok,Cinere - Nafas,2026-04-28 02:59:45,117,117,48,85,,,,,0,0,,,
Bogor,Kabupaten Bogor Leuwiliang,2026-04-28 02:00:00,80,68,34,,4,9,0,80,,,,,
Tangerang,Tangerang Pasir Jaya,2026-04-24 14:00:00,-,70,35,,58,63,0,65,,,,,
Bekasi,Bekasi Kayuringin,2026-04-28 02:00:00,64,64,38,,76,16,0,23,,,,,
Jakarta,The Pakubuwono Menteng,2026-04-28 03:00:46,68,68,21,58,,,,,59,28,,,
Depok,Cinere - Nafas,2026-04-28 03:00:45,118,118,47,87,,,,,0,0,,,
Bogor,Kabupaten Bogor Leuwiliang,2026-04-28 02:00:00,80,68,34,,4,9,0,80,,,,,
Tangerang,Tangerang Pasir Jaya,2026-04-24 14:00:00,-,70,35,,58,63,0,65,,,,,
Bekasi,Bekasi Kayuringin,2026-04-28 02:00:00,64,64,38,,76,16,0,23,,,,,
Jakarta,The Pakubuwono Menteng,2026-04-28 03:01:46,62,62,17,40,,,,,59,28,,,
Depok,Cinere - Nafas,2026-04-28 03:01:45,115,115,47,84,,,,,0,0,,,
Bogor,Kabupaten Bogor Leuwiliang,2026-04-28 02:00:00,80,68,34,,4,9,0,80,,,,,
Tangerang,Tangerang Pasir Jaya,2026-04-24 14:00:00,-,70,35,,58,63,0,65,,,,,
Bekasi,Bekasi Kayuringin,2026-04-28 02:00:00,64,64,38,,76,16,0,23,,,,,
Jakarta,The Pakubuwono Menteng,2026-04-28 03:02:46,72,72,20,50,,,,,59,28.1,,,
Depok,Cinere - Nafas,2026-04-28 03:02:45,114,114,45,83,,,,,0,0,,,
Bogor,Kabupaten Bogor Leuwiliang,2026-04-28 02:00:00,80,68,34,,4,9,0,80,,,,,
Tangerang,Tangerang Pasir Jaya,2026-04-24 14:00:00,-,70,35,,58,63,0,65,,,,,
Bekasi,Bekasi Kayuringin,2026-04-28 02:00:00,64,64,38,,76,16,0,23,,,,,
Jakarta,The Pakubuwono Menteng,2026-04-28 03:03:46,72,72,21,47,,,,,59,28.1,,,
Depok,Cinere - Nafas,2026-04-28 03:03:45,116,116,45,83,,,,,0,0,,,
Bogor,Kabupaten Bogor Leuwiliang,2026-04-28 02:00:00,80,68,34,,4,9,0,80,,,,,
Tangerang,Tangerang Pasir Jaya,2026-04-24 14:00:00,-,70,35,,58,63,0,65,,,,,
Bekasi,Bekasi Kayuringin,2026-04-28 02:00:00,64,64,38,,76,16,0,23,,,,,
Jakarta,The Pakubuwono Menteng,2026-04-28 03:06:46,64,64,17,32,,,,,59,28.2,,,
Depok,Cinere - Nafas,2026-04-28 03:06:45,117,117,46,83,,,,,0,0,,,
Bogor,Kabupaten Bogor Leuwiliang,2026-04-28 02:00:00,80,68,34,,4,9,0,80,,,,,
Tangerang,Tangerang Pasir Jaya,2026-04-24 14:00:00,-,70,35,,58,63,0,65,,,,,
Bekasi,Bekasi Kayuringin,2026-04-28 02:00:00,64,64,38,,76,16,0,23,,,,,
Jakarta,The Pakubuwono Menteng,2026-04-28 03:07:46,53,53,13,25,,,,,58,28.2,,,
Depok,Cinere - Nafas,2026-04-28 03:07:45,112,112,45,83,,,,,0,0,,,
Bogor,Kabupaten Bogor Leuwiliang,2026-04-28 02:00:00,80,68,34,,4,9,0,80,,,,,
Tangerang,Tangerang Pasir Jaya,2026-04-24 14:00:00,-,70,35,,58,63,0,65,,,,,
Bekasi,Bekasi Kayuringin,2026-04-28 02:00:00,64,64,38,,76,16,0,23,,,,,
Jakarta,The Pakubuwono Menteng,2026-04-28 03:08:46,56,56,14,27,,,,,58,28.2,,,
Depok,Cinere - Nafas,2026-04-28 03:08:45,113,113,45,83,,,,,0,0,,,
Bogor,Kabupaten Bogor Leuwiliang,2026-04-28 03:00:00,80,69,34,,4,9,0,80,,,,,
Tangerang,Tangerang Pasir Jaya,2026-04-24 14:00:00,-,70,35,,58,63,0,65,,,,,
Bekasi,Bekasi Kayuringin,2026-04-28 03:00:00,61,61,38,,76,16,0,23,,,,,
Jakarta,The Pakubuwono Menteng,2026-04-28 03:09:46,55,55,14,33,,,,,58,28.3,,,
Depok,Cinere - Nafas,2026-04-28 03:09:45,111,111,43,83,,,,,0,0,,,
Bogor,Kabupaten Bogor Leuwiliang,2026-04-28 03:00:00,80,69,34,,4,9,0,80,,,,,
Tangerang,Tangerang Pasir Jaya,2026-04-24 14:00:00,-,70,35,,58,63,0,65,,,,,
Bekasi,Bekasi Kayuringin,2026-04-28 03:00:00,61,61,38,,76,16,0,23,,,,,
Jakarta,The Pakubuwono Menteng,2026-04-28 03:10:46,64,64,22,39,,,,,58,28.3,,,
Depok,Cinere - Nafas,2026-04-28 03:10:46,111,111,43,80,,,,,0,0,,,
Bogor,Kabupaten Bogor Leuwiliang,2026-04-28 03:00:00,80,69,34,,4,9,0,80,,,,,
Tangerang,Tangerang Pasir Jaya,2026-04-24 14:00:00,-,70,35,,58,63,0,65,,,,,
Bekasi,Bekasi Kayuringin,2026-04-28 03:00:00,61,61,38,,76,16,0,23,,,,,
Jakarta,The Pakubuwono Menteng,2026-04-28 03:11:47,70,70,20,45,,,,,58,28.3,,,
Depok,Cinere - Nafas,2026-04-28 03:11:45,108,108,44,79,,,,,0,0,,,
Bogor,Kabupaten Bogor Leuwiliang,2026-04-28 03:00:00,80,69,34,,4,9,0,80,,,,,
Tangerang,Tangerang Pasir Jaya,2026-04-24 14:00:00,-,70,35,,58,63,0,65,,,,,
Bekasi,Bekasi Kayuringin,2026-04-28 03:00:00,61,61,38,,76,16,0,23,,,,,
Jakarta,The Pakubuwono Menteng,2026-04-28 03:12:47,68,68,20,46,,,,,58,28.3,,,
Depok,Cinere - Nafas,2026-04-28 03:12:46,106,106,42,79,,,,,0,0,,,
Bogor,Kabupaten Bogor Leuwiliang,2026-04-28 03:00:00,80,69,34,,4,9,0,80,,,,,
Tangerang,Tangerang Pasir Jaya,2026-04-24 14:00:00,-,70,35,,58,63,0,65,,,,,
Bekasi,Bekasi Kayuringin,2026-04-28 03:00:00,61,61,38,,76,16,0,23,,,,,
Jakarta,The Pakubuwono Menteng,2026-04-28 03:13:46,72,72,21,46,,,,,58,28.4,,,
Depok,Cinere - Nafas,2026-04-28 03:14:45,113,113,44,81,,,,,0,0,,,
Bogor,Kabupaten Bogor Leuwiliang,2026-04-28 03:00:00,80,69,34,,4,9,0,80,,,,,
Tangerang,Tangerang Pasir Jaya,2026-04-24 14:00:00,-,70,35,,58,63,0,65,,,,,
Bekasi,Bekasi Kayuringin,2026-04-28 03:00:00,61,61,38,,76,16,0,23,,,,,
Jakarta,The Pakubuwono Menteng,2026-04-28 03:15:46,71,71,21,48,,,,,57,28.4,,,
Depok,Cinere - Nafas,2026-04-28 03:15:46,111,111,43,79,,,,,0,0,,,
Bogor,Kabupaten Bogor Leuwiliang,2026-04-28 03:00:00,80,69,34,,4,9,0,80,,,,,
Tangerang,Tangerang Pasir Jaya,2026-04-24 14:00:00,-,70,35,,58,63,0,65,,,,,
Bekasi,Bekasi Kayuringin,2026-04-28 03:00:00,61,61,38,,76,16,0,23,,,,,
Jakarta,The Pakubuwono Menteng,2026-04-28 03:17:46,70,70,20,44,,,,,57,28.5,,,
Depok,Cinere - Nafas,2026-04-28 03:17:45,115,115,46,83,,,,,0,0,,,
Bogor,Kabupaten Bogor Leuwiliang,2026-04-28 03:00:00,80,69,34,,4,9,0,80,,,,,
Tangerang,Tangerang Pasir Jaya,2026-04-24 14:00:00,-,70,35,,58,63,0,65,,,,,
Bekasi,Bekasi Kayuringin,2026-04-28 03:00:00,61,61,38,,76,16,0,23,,,,,
Jakarta,The Pakubuwono Menteng,2026-04-28 03:18:47,69,69,21,47,,,,,57,28.5,,,
Depok,Cinere - Nafas,2026-04-28 03:18:45,115,115,47,83,,,,,0,0,,,
Bogor,Kabupaten Bogor Leuwiliang,2026-04-28 03:00:00,80,69,34,,4,9,0,80,,,,,
Tangerang,Tangerang Pasir Jaya,2026-04-24 14:00:00,-,70,35,,58,63,0,65,,,,,
Bekasi,Bekasi Kayuringin,2026-04-28 03:00:00,61,61,38,,76,16,0,23,,,,,
Jakarta,The Pakubuwono Menteng,2026-04-28 03:19:47,63,63,18,42,,,,,57,28.5,,,
Depok,Cinere - Nafas,2026-04-28 03:19:45,120,120,49,84,,,,,0,0,,,
Bogor,Kabupaten Bogor Leuwiliang,2026-04-28 03:00:00,80,69,34,,4,9,0,80,,,,,
Tangerang,Tangerang Pasir Jaya,2026-04-24 14:00:00,-,70,35,,58,63,0,65,,,,,
Bekasi,Bekasi Kayuringin,2026-04-28 03:00:00,61,61,38,,76,16,0,23,,,,,
Jakarta,The Pakubuwono Menteng,2026-04-28 03:20:47,68,68,20,29,,,,,57,28.5,,,
Depok,Cinere - Nafas,2026-04-28 03:20:45,118,118,48,84,,,,,0,0,,,
Bogor,Kabupaten Bogor Leuwiliang,2026-04-28 03:00:00,80,69,34,,4,9,0,80,,,,,
Tangerang,Tangerang Pasir Jaya,2026-04-24 14:00:00,-,70,35,,58,63,0,65,,,,,
Bekasi,Bekasi Kayuringin,2026-04-28 03:00:00,61,61,38,,76,16,0,23,,,,,
Jakarta,The Pakubuwono Menteng,2026-04-28 03:21:47,61,61,16,36,,,,,57,28.5,,,
Depok,Cinere - Nafas,2026-04-28 03:21:45,121,121,50,87,,,,,0,0,,,
Bogor,Kabupaten Bogor Leuwiliang,2026-04-28 03:00:00,80,69,34,,4,9,0,80,,,,,
Tangerang,Tangerang Pasir Jaya,2026-04-24 14:00:00,-,70,35,,58,63,0,65,,,,,
Bekasi,Bekasi Kayuringin,2026-04-28 03:00:00,61,61,38,,76,16,0,23,,,,,
Jakarta,The Pakubuwono Menteng,2026-04-28 03:22:47,69,69,19,42,,,,,57,28.5,,,
Depok,Cinere - Nafas,2026-04-28 03:22:45,119,119,47,84,,,,,0,0,,,
Bogor,Kabupaten Bogor Leuwiliang,2026-04-28 03:00:00,80,69,34,,4,9,0,80,,,,,
Tangerang,Tangerang Pasir Jaya,2026-04-24 14:00:00,-,70,35,,58,63,0,65,,,,,
Bekasi,Bekasi Kayuringin,2026-04-28 03:00:00,61,61,38,,76,16,0,23,,,,,
Jakarta,The Pakubuwono Menteng,2026-04-28 03:24:47,71,71,20,42,,,,,57,28.5,,,
Depok,Cinere - Nafas,2026-04-28 03:24:45,114,114,45,82,,,,,0,0,,,
Bogor,Kabupaten Bogor Leuwiliang,2026-04-28 03:00:00,80,69,34,,4,9,0,80,,,,,
Tangerang,Tangerang Pasir Jaya,2026-04-24 14:00:00,-,70,35,,58,63,0,65,,,,,
Bekasi,Bekasi Kayuringin,2026-04-28 03:00:00,61,61,38,,76,16,0,23,,,,,
Jakarta,The Pakubuwono Menteng,2026-04-28 03:25:47,72,72,21,53,,,,,57,28.5,,,
Depok,Cinere - Nafas,2026-04-28 03:25:45,118,118,47,83,,,,,0,0,,,
Bogor,Kabupaten Bogor Leuwiliang,2026-04-28 03:00:00,80,69,34,,4,9,0,80,,,,,
Tangerang,Tangerang Pasir Jaya,2026-04-24 14:00:00,-,70,35,,58,63,0,65,,,,,
Bekasi,Bekasi Kayuringin,2026-04-28 03:00:00,61,61,38,,76,16,0,23,,,,,
Jakarta,The Pakubuwono Menteng,2026-04-28 03:26:47,74,74,22,55,,,,,57,28.6,,,
Depok,Cinere - Nafas,2026-04-28 03:26:45,126,126,51,86,,,,,0,0,,,
Bogor,Kabupaten Bogor Leuwiliang,2026-04-28 03:00:00,80,69,34,,4,9,0,80,,,,,
Tangerang,Tangerang Pasir Jaya,2026-04-24 14:00:00,-,70,35,,58,63,0,65,,,,,
Bekasi,Bekasi Kayuringin,2026-04-28 03:00:00,61,61,38,,76,16,0,23,,,,,
Jakarta,The Pakubuwono Menteng,2026-04-28 03:27:47,74,74,21,55,,,,,57,28.6,,,
Depok,Cinere - Nafas,2026-04-28 03:27:45,130,130,53,89,,,,,0,0,,,
Bogor,Kabupaten Bogor Leuwiliang,2026-04-28 03:00:00,80,69,34,,4,9,0,80,,,,,
Tangerang,Tangerang Pasir Jaya,2026-04-24 14:00:00,-,70,35,,58,63,0,65,,,,,
Bekasi,Bekasi Kayuringin,2026-04-28 03:00:00,61,61,38,,76,16,0,23,,,,,
Jakarta,The Pakubuwono Menteng,2026-04-28 03:28:47,78,78,23,57,,,,,57,28.5,,,
Depok,Cinere - Nafas,2026-04-28 03:28:45,126,126,52,90,,,,,0,0,,,
Bogor,Kabupaten Bogor Leuwiliang,2026-04-28 03:00:00,80,69,34,,4,9,0,80,,,,,
Tangerang,Tangerang Pasir Jaya,2026-04-24 14:00:00,-,70,35,,58,63,0,65,,,,,
Bekasi,Bekasi Kayuringin,2026-04-28 03:00:00,61,61,38,,76,16,0,23,,,,,
Jakarta,The Pakubuwono Menteng,2026-04-28 03:29:47,77,77,22,55,,,,,57,28.5,,,
Depok,Cinere - Nafas,2026-04-28 03:29:45,131,131,53,91,,,,,0,0,,,
Bogor,Kabupaten Bogor Leuwiliang,2026-04-28 03:00:00,80,69,34,,4,9,0,80,,,,,
Tangerang,Tangerang Pasir Jaya,2026-04-24 14:00:00,-,70,35,,58,63,0,65,,,,,
Bekasi,Bekasi Kayuringin,2026-04-28 03:00:00,61,61,38,,76,16,0,23,,,,,
Jakarta,The Pakubuwono Menteng,2026-04-28 03:31:47,79,79,23,64,,,,,57,28.6,,,
Depok,Cinere - Nafas,2026-04-28 03:31:45,136,136,53,94,,,,,0,0,,,
Bogor,Kabupaten Bogor Leuwiliang,2026-04-28 03:00:00,80,69,34,,4,9,0,80,,,,,
Tangerang,Tangerang Pasir Jaya,2026-04-24 14:00:00,-,70,35,,58,63,0,65,,,,,
Bekasi,Bekasi Kayuringin,2026-04-28 03:00:00,61,61,38,,76,16,0,23,,,,,
Jakarta,The Pakubuwono Menteng,2026-04-28 03:32:47,73,73,22,63,,,,,57,28.5,,,
Depok,Cinere - Nafas,2026-04-28 03:32:45,135,135,52,94,,,,,0,0,,,
Bogor,Kabupaten Bogor Leuwiliang,2026-04-28 03:00:00,80,69,34,,4,9,0,80,,,,,
Tangerang,Tangerang Pasir Jaya,2026-04-24 14:00:00,-,70,35,,58,63,0,65,,,,,
Bekasi,Bekasi Kayuringin,2026-04-28 03:00:00,61,61,38,,76,16,0,23,,,,,
Jakarta,The Pakubuwono Menteng,2026-04-28 03:33:47,75,75,22,60,,,,,57,28.5,,,
Depok,Cinere - Nafas,2026-04-28 03:33:45,139,139,55,96,,,,,0,0,,,
Bogor,Kabupaten Bogor Leuwiliang,2026-04-28 03:00:00,80,69,34,,4,9,0,80,,,,,
Tangerang,Tangerang Pasir Jaya,2026-04-24 14:00:00,-,70,35,,58,63,0,65,,,,,
Bekasi,Bekasi Kayuringin,2026-04-28 03:00:00,61,61,38,,76,16,0,23,,,,,
Jakarta,The Pakubuwono Menteng,2026-04-28 03:34:47,79,79,24,60,,,,,57,28.5,,,
Depok,Cinere - Nafas,2026-04-28 03:34:45,136,136,54,94,,,,,0,0,,,
Bogor,Kabupaten Bogor Leuwiliang,2026-04-28 03:00:00,80,69,34,,4,9,0,80,,,,,
Tangerang,Tangerang Pasir Jaya,2026-04-24 14:00:00,-,70,35,,58,63,0,65,,,,,
Bekasi,Bekasi Kayuringin,2026-04-28 03:00:00,61,61,38,,76,16,0,23,,,,,
Jakarta,The Pakubuwono Menteng,2026-04-28 03:35:47,73,73,22,50,,,,,57,28.5,,,
Depok,Cinere - Nafas,2026-04-28 03:35:45,138,138,54,95,,,,,0,0,,,
Bogor,Kabupaten Bogor Leuwiliang,2026-04-28 03:00:00,80,69,34,,4,9,0,80,,,,,
Tangerang,Tangerang Pasir Jaya,2026-04-24 14:00:00,-,70,35,,58,63,0,65,,,,,
Bekasi,Bekasi Kayuringin,2026-04-28 03:00:00,61,61,38,,76,16,0,23,,,,,
Jakarta,The Pakubuwono Menteng,2026-04-28 03:37:47,76,76,22,60,,,,,57,28.5,,,
Depok,Cinere - Nafas,2026-04-28 03:37:45,141,141,56,95,,,,,0,0,,,
Bogor,Kabupaten Bogor Leuwiliang,2026-04-28 03:00:00,80,69,34,,4,9,0,80,,,,,
Tangerang,Tangerang Pasir Jaya,2026-04-24 14:00:00,-,70,35,,58,63,0,65,,,,,
Bekasi,Bekasi Kayuringin,2026-04-28 03:00:00,61,61,38,,76,16,0,23,,,,,
Jakarta,The Pakubuwono Menteng,2026-04-28 03:38:47,77,77,22,60,,,,,57,28.5,,,
Depok,Cinere - Nafas,2026-04-28 03:38:45,140,140,56,96,,,,,0,0,,,
Bogor,Kabupaten Bogor Leuwiliang,2026-04-28 03:00:00,80,69,34,,4,9,0,80,,,,,
Tangerang,Tangerang Pasir Jaya,2026-04-24 14:00:00,-,70,35,,58,63,0,65,,,,,
Bekasi,Bekasi Kayuringin,2026-04-28 03:00:00,61,61,38,,76,16,0,23,,,,,
Jakarta,The Pakubuwono Menteng,2026-04-28 03:39:47,77,77,23,62,,,,,57,28.5,,,
Depok,Cinere - Nafas,2026-04-28 03:39:45,141,141,55,98,,,,,0,0,,,
Bogor,Kabupaten Bogor Leuwiliang,2026-04-28 03:00:00,80,69,34,,4,9,0,80,,,,,
Tangerang,Tangerang Pasir Jaya,2026-04-24 14:00:00,-,70,35,,58,63,0,65,,,,,
Bekasi,Bekasi Kayuringin,2026-04-28 03:00:00,61,61,38,,76,16,0,23,,,,,
Jakarta,The Pakubuwono Menteng,2026-04-28 03:40:47,77,77,22,56,,,,,57,28.5,,,
Depok,Cinere - Nafas,2026-04-28 03:40:46,141,141,55,96,,,,,0,0,,,
Bogor,Kabupaten Bogor Leuwiliang,2026-04-28 03:00:00,80,69,34,,4,9,0,80,,,,,
Tangerang,Tangerang Pasir Jaya,2026-04-24 14:00:00,-,70,35,,58,63,0,65,,,,,
Bekasi,Bekasi Kayuringin,2026-04-28 03:00:00,61,61,38,,76,16,0,23,,,,,
Jakarta,The Pakubuwono Menteng,2026-04-28 03:41:47,76,76,23,60,,,,,57,28.4,,,
Depok,Cinere - Nafas,2026-04-28 03:42:45,138,138,54,96,,,,,0,0,,,
Bogor,Kabupaten Bogor Leuwiliang,2026-04-28 03:00:00,80,69,34,,4,9,0,80,,,,,
Tangerang,Tangerang Pasir Jaya,2026-04-24 14:00:00,-,70,35,,58,63,0,65,,,,,
Bekasi,Bekasi Kayuringin,2026-04-28 03:00:00,61,61,38,,76,16,0,23,,,,,
Jakarta,The Pakubuwono Menteng,2026-04-28 03:44:47,77,77,24,63,,,,,58,28.4,,,
Depok,Cinere - Nafas,2026-04-28 03:44:46,138,138,54,94,,,,,0,0,,,
Bogor,Kabupaten Bogor Leuwiliang,2026-04-28 03:00:00,80,69,34,,4,9,0,80,,,,,
Tangerang,Tangerang Pasir Jaya,2026-04-24 14:00:00,-,70,35,,58,63,0,65,,,,,
Bekasi,Bekasi Kayuringin,2026-04-28 03:00:00,61,61,38,,76,16,0,23,,,,,
Jakarta,The Pakubuwono Menteng,2026-04-28 03:44:47,77,77,24,63,,,,,58,28.4,,,
Depok,Cinere - Nafas,2026-04-28 03:44:46,138,138,54,94,,,,,0,0,,,
Bogor,Kabupaten Bogor Leuwiliang,2026-04-28 03:00:00,80,69,34,,4,9,0,80,,,,,
Tangerang,Tangerang Pasir Jaya,2026-04-24 14:00:00,-,70,35,,58,63,0,65,,,,,
Bekasi,Bekasi Kayuringin,2026-04-28 03:00:00,61,61,38,,76,16,0,23,,,,,
Jakarta,The Pakubuwono Menteng,2026-04-28 03:45:47,85,85,26,63,,,,,59,28.4,,,
Depok,Cinere - Nafas,2026-04-28 03:45:45,135,135,53,93,,,,,0,0,,,
Bogor,Kabupaten Bogor Leuwiliang,2026-04-28 03:00:00,80,69,34,,4,9,0,80,,,,,
Tangerang,Tangerang Pasir Jaya,2026-04-24 14:00:00,-,70,35,,58,63,0,65,,,,,
Bekasi,Bekasi Kayuringin,2026-04-28 03:00:00,61,61,38,,76,16,0,23,,,,,
Jakarta,The Pakubuwono Menteng,2026-04-28 03:46:47,79,79,23,59,,,,,59,28.4,,,
Depok,Cinere - Nafas,2026-04-28 03:46:45,136,136,54,94,,,,,0,0,,,
Bogor,Kabupaten Bogor Leuwiliang,2026-04-28 03:00:00,80,69,34,,4,9,0,80,,,,,
Tangerang,Tangerang Pasir Jaya,2026-04-24 14:00:00,-,70,35,,58,63,0,65,,,,,
Bekasi,Bekasi Kayuringin,2026-04-28 03:00:00,61,61,38,,76,16,0,23,,,,,
Jakarta,The Pakubuwono Menteng,2026-04-28 03:47:47,80,80,25,61,,,,,59,28.3,,,
Depok,Cinere - Nafas,2026-04-28 03:47:45,141,141,56,96,,,,,0,0,,,
Bogor,Kabupaten Bogor Leuwiliang,2026-04-28 03:00:00,80,69,34,,4,9,0,80,,,,,
Tangerang,Tangerang Pasir Jaya,2026-04-24 14:00:00,-,70,35,,58,63,0,65,,,,,
Bekasi,Bekasi Kayuringin,2026-04-28 03:00:00,61,61,38,,76,16,0,23,,,,,
Jakarta,The Pakubuwono Menteng,2026-04-28 03:48:47,81,81,24,63,,,,,59,28.3,,,
Depok,Cinere - Nafas,2026-04-28 03:48:46,138,138,55,97,,,,,0,0,,,
Bogor,Kabupaten Bogor Leuwiliang,2026-04-28 03:00:00,80,69,34,,4,9,0,80,,,,,
Tangerang,Tangerang Pasir Jaya,2026-04-24 14:00:00,-,70,35,,58,63,0,65,,,,,
Bekasi,Bekasi Kayuringin,2026-04-28 03:00:00,61,61,38,,76,16,0,23,,,,,
Jakarta,The Pakubuwono Menteng,2026-04-28 03:50:47,79,79,24,64,,,,,59,28.3,,,
Depok,Cinere - Nafas,2026-04-28 03:50:46,150,150,57,98,,,,,0,0,,,
Bogor,Kabupaten Bogor Leuwiliang,2026-04-28 03:00:00,80,69,34,,4,9,0,80,,,,,
Tangerang,Tangerang Pasir Jaya,2026-04-24 14:00:00,-,70,35,,58,63,0,65,,,,,
Bekasi,Bekasi Kayuringin,2026-04-28 03:00:00,61,61,38,,76,16,0,23,,,,,
Jakarta,The Pakubuwono Menteng,2026-04-28 03:52:47,77,77,23,59,,,,,59,28.2,,,
Depok,Cinere - Nafas,2026-04-28 03:52:46,141,141,56,97,,,,,0,0,,,
Bogor,Kabupaten Bogor Leuwiliang,2026-04-28 03:00:00,80,69,34,,4,9,0,80,,,,,
Tangerang,Tangerang Pasir Jaya,2026-04-24 14:00:00,-,70,35,,58,63,0,65,,,,,
Bekasi,Bekasi Kayuringin,2026-04-28 03:00:00,61,61,38,,76,16,0,23,,,,,
Jakarta,The Pakubuwono Menteng,2026-04-28 03:53:47,76,76,24,62,,,,,59,28.2,,,
Depok,Cinere - Nafas,2026-04-28 03:53:46,138,138,55,95,,,,,0,0,,,
Bogor,Kabupaten Bogor Leuwiliang,2026-04-28 03:00:00,80,69,34,,4,9,0,80,,,,,
Tangerang,Tangerang Pasir Jaya,2026-04-24 14:00:00,-,70,35,,58,63,0,65,,,,,
Bekasi,Bekasi Kayuringin,2026-04-28 03:00:00,61,61,38,,76,16,0,23,,,,,
Jakarta,The Pakubuwono Menteng,2026-04-28 03:53:47,76,76,24,62,,,,,59,28.2,,,
Depok,Cinere - Nafas,2026-04-28 03:53:46,138,138,55,95,,,,,0,0,,,
Bogor,Kabupaten Bogor Leuwiliang,2026-04-28 03:00:00,80,69,34,,4,9,0,80,,,,,
Tangerang,Tangerang Pasir Jaya,2026-04-24 14:00:00,-,70,35,,58,63,0,65,,,,,
Bekasi,Bekasi Kayuringin,2026-04-28 03:00:00,61,61,38,,76,16,0,23,,,,,
Jakarta,The Pakubuwono Menteng,2026-04-28 03:55:47,74,74,22,55,,,,,59,28.2,,,
Depok,Cinere - Nafas,2026-04-28 03:55:46,150,150,57,106,,,,,0,0,,,
Bogor,Kabupaten Bogor Leuwiliang,2026-04-28 03:00:00,80,69,34,,4,9,0,80,,,,,
Tangerang,Tangerang Pasir Jaya,2026-04-24 14:00:00,-,70,35,,58,63,0,65,,,,,
Bekasi,Bekasi Kayuringin,2026-04-28 03:00:00,61,61,38,,76,16,0,23,,,,,
Jakarta,The Pakubuwono Menteng,2026-04-28 03:56:47,75,75,22,51,,,,,59,28.2,,,
Depok,Cinere - Nafas,2026-04-28 03:56:46,157,157,61,119,,,,,0,0,,,
Bogor,Kabupaten Bogor Leuwiliang,2026-04-28 03:00:00,80,69,34,,4,9,0,80,,,,,
Tangerang,Tangerang Pasir Jaya,2026-04-24 14:00:00,-,70,35,,58,63,0,65,,,,,
Bekasi,Bekasi Kayuringin,2026-04-28 03:00:00,61,61,38,,76,16,0,23,,,,,
Jakarta,The Pakubuwono Menteng,2026-04-28 03:57:47,71,71,21,51,,,,,58,28.2,,,
Depok,Cinere - Nafas,2026-04-28 03:57:46,155,155,60,115,,,,,0,0,,,
Bogor,Kabupaten Bogor Leuwiliang,2026-04-28 03:00:00,80,69,34,,4,9,0,80,,,,,
Tangerang,Tangerang Pasir Jaya,2026-04-24 14:00:00,-,70,35,,58,63,0,65,,,,,
Bekasi,Bekasi Kayuringin,2026-04-28 03:00:00,61,61,38,,76,16,0,23,,,,,
Jakarta,The Pakubuwono Menteng,2026-04-28 03:58:47,77,77,22,56,,,,,58,28.2,,,
Depok,Cinere - Nafas,2026-04-28 03:58:46,157,157,62,120,,,,,0,0,,,
Bogor,Kabupaten Bogor Leuwiliang,2026-04-28 03:00:00,80,69,34,,4,9,0,80,,,,,
Tangerang,Tangerang Pasir Jaya,2026-04-24 14:00:00,-,70,35,,58,63,0,65,,,,,
Bekasi,Bekasi Kayuringin,2026-04-28 03:00:00,61,61,38,,76,16,0,23,,,,,
Jakarta,The Pakubuwono Menteng,2026-04-28 04:00:47,77,77,22,56,,,,,59,28.2,,,
Depok,Cinere - Nafas,2026-04-28 04:00:46,157,157,62,125,,,,,0,0,,,
Bogor,Kabupaten Bogor Leuwiliang,2026-04-28 03:00:00,80,69,34,,4,9,0,80,,,,,
Tangerang,Tangerang Pasir Jaya,2026-04-24 14:00:00,-,70,35,,58,63,0,65,,,,,
Bekasi,Bekasi Kayuringin,2026-04-28 03:00:00,61,61,38,,76,16,0,23,,,,,
Jakarta,The Pakubuwono Menteng,2026-04-28 04:01:47,77,77,23,55,,,,,59,28.2,,,
Depok,Cinere - Nafas,2026-04-28 04:01:46,157,157,61,123,,,,,0,0,,,
Bogor,Kabupaten Bogor Leuwiliang,2026-04-28 03:00:00,80,69,34,,4,9,0,80,,,,,
Tangerang,Tangerang Pasir Jaya,2026-04-24 14:00:00,-,70,35,,58,63,0,65,,,,,
Bekasi,Bekasi Kayuringin,2026-04-28 03:00:00,61,61,38,,76,16,0,23,,,,,
Jakarta,The Pakubuwono Menteng,2026-04-28 04:03:47,76,76,23,56,,,,,59,28.2,,,
Depok,Cinere - Nafas,2026-04-28 04:03:46,153,153,59,111,,,,,0,0,,,
Bogor,Kabupaten Bogor Leuwiliang,2026-04-28 03:00:00,80,69,34,,4,9,0,80,,,,,
Tangerang,Tangerang Pasir Jaya,2026-04-24 14:00:00,-,70,35,,58,63,0,65,,,,,
Bekasi,Bekasi Kayuringin,2026-04-28 03:00:00,61,61,38,,76,16,0,23,,,,,
Jakarta,The Pakubuwono Menteng,2026-04-28 04:03:47,76,76,23,56,,,,,59,28.2,,,
Depok,Cinere - Nafas,2026-04-28 04:03:46,153,153,59,111,,,,,0,0,,,
Bogor,Kabupaten Bogor Leuwiliang,2026-04-28 03:00:00,80,69,34,,4,9,0,80,,,,,
Tangerang,Tangerang Pasir Jaya,2026-04-24 14:00:00,-,70,35,,58,63,0,65,,,,,
Bekasi,Bekasi Kayuringin,2026-04-28 03:00:00,61,61,38,,76,16,0,23,,,,,
Jakarta,The Pakubuwono Menteng,2026-04-28 04:04:48,71,71,22,53,,,,,59,28.2,,,
Depok,Cinere - Nafas,2026-04-28 04:04:46,153,153,58,111,,,,,0,0,,,
Bogor,Kabupaten Bogor Leuwiliang,2026-04-28 03:00:00,80,69,34,,4,9,0,80,,,,,
Tangerang,Tangerang Pasir Jaya,2026-04-24 14:00:00,-,70,35,,58,63,0,65,,,,,
Bekasi,Bekasi Kayuringin,2026-04-28 03:00:00,61,61,38,,76,16,0,23,,,,,
Jakarta,The Pakubuwono Menteng,2026-04-28 04:05:47,73,73,21,50,,,,,59,28.2,,,
Depok,Cinere - Nafas,2026-04-28 04:05:46,151,151,58,105,,,,,0,0,,,
Bogor,Kabupaten Bogor Leuwiliang,2026-04-28 03:00:00,80,69,34,,4,9,0,80,,,,,
Tangerang,Tangerang Pasir Jaya,2026-04-24 14:00:00,-,70,35,,58,63,0,65,,,,,
Bekasi,Bekasi Kayuringin,2026-04-28 03:00:00,61,61,38,,76,16,0,23,,,,,
Jakarta,The Pakubuwono Menteng,2026-04-28 04:06:47,72,72,20,45,,,,,59,28.2,,,
Depok,Cinere - Nafas,2026-04-28 04:06:46,152,152,58,106,,,,,0,0,,,
Bogor,Kabupaten Bogor Leuwiliang,2026-04-28 03:00:00,80,69,34,,4,9,0,80,,,,,
Tangerang,Tangerang Pasir Jaya,2026-04-24 14:00:00,-,70,35,,58,63,0,65,,,,,
Bekasi,Bekasi Kayuringin,2026-04-28 04:00:00,58,58,37,,77,16,0,23,,,,,
Jakarta,The Pakubuwono Menteng,2026-04-28 04:08:47,71,71,22,50,,,,,59,28.2,,,
Depok,Cinere - Nafas,2026-04-28 04:09:46,142,142,56,98,,,,,0,0,,,
Bogor,Kabupaten Bogor Leuwiliang,2026-04-28 04:00:00,80,69,34,,4,9,0,80,,,,,
Tangerang,Tangerang Pasir Jaya,2026-04-24 14:00:00,-,70,35,,58,63,0,65,,,,,
Bekasi,Bekasi Kayuringin,2026-04-28 04:00:00,58,58,37,,77,16,0,23,,,,,
Jakarta,The Pakubuwono Menteng,2026-04-28 04:10:48,74,74,22,49,,,,,59,28.3,,,
Depok,Cinere - Nafas,2026-04-28 04:10:46,141,141,55,96,,,,,0,0,,,
Bogor,Kabupaten Bogor Leuwiliang,2026-04-28 04:00:00,80,69,34,,4,9,0,80,,,,,
Tangerang,Tangerang Pasir Jaya,2026-04-24 14:00:00,-,70,35,,58,63,0,65,,,,,
Bekasi,Bekasi Kayuringin,2026-04-28 04:00:00,58,58,37,,77,16,0,23,,,,,
Jakarta,The Pakubuwono Menteng,2026-04-28 04:11:48,70,70,20,42,,,,,58,28.3,,,
Depok,Cinere - Nafas,2026-04-28 04:11:46,137,137,56,96,,,,,0,0,,,
Bogor,Kabupaten Bogor Leuwiliang,2026-04-28 04:00:00,80,69,34,,4,9,0,80,,,,,
Tangerang,Tangerang Pasir Jaya,2026-04-24 14:00:00,-,70,35,,58,63,0,65,,,,,
Bekasi,Bekasi Kayuringin,2026-04-28 04:00:00,58,58,37,,77,16,0,23,,,,,
Jakarta,The Pakubuwono Menteng,2026-04-28 04:12:48,75,75,22,44,,,,,58,28.3,,,
Depok,Cinere - Nafas,2026-04-28 04:12:46,141,141,56,96,,,,,0,0,,,
Bogor,Kabupaten Bogor Leuwiliang,2026-04-28 04:00:00,80,69,34,,4,9,0,80,,,,,
Tangerang,Tangerang Pasir Jaya,2026-04-24 14:00:00,-,70,35,,58,63,0,65,,,,,
Bekasi,Bekasi Kayuringin,2026-04-28 04:00:00,58,58,37,,77,16,0,23,,,,,
Jakarta,The Pakubuwono Menteng,2026-04-28 04:13:48,76,76,22,48,,,,,58,28.3,,,
Depok,Cinere - Nafas,2026-04-28 04:13:46,138,138,55,96,,,,,0,0,,,
Bogor,Kabupaten Bogor Leuwiliang,2026-04-28 04:00:00,80,69,34,,4,9,0,80,,,,,
Tangerang,Tangerang Pasir Jaya,2026-04-24 14:00:00,-,70,35,,58,63,0,65,,,,,
Bekasi,Bekasi Kayuringin,2026-04-28 04:00:00,58,58,37,,77,16,0,23,,,,,
Jakarta,The Pakubuwono Menteng,2026-04-28 04:14:48,73,73,23,51,,,,,58,28.3,,,
Depok,Cinere - Nafas,2026-04-28 04:14:46,137,137,54,94,,,,,0,0,,,
Bogor,Kabupaten Bogor Leuwiliang,2026-04-28 04:00:00,80,69,34,,4,9,0,80,,,,,
Tangerang,Tangerang Pasir Jaya,2026-04-24 14:00:00,-,70,35,,58,63,0,65,,,,,
Bekasi,Bekasi Kayuringin,2026-04-28 04:00:00,58,58,37,,77,16,0,23,,,,,
Jakarta,The Pakubuwono Menteng,2026-04-28 04:15:48,73,73,23,52,,,,,58,28.3,,,
Depok,Cinere - Nafas,2026-04-28 04:15:46,135,135,54,94,,,,,0,0,,,
Bogor,Kabupaten Bogor Leuwiliang,2026-04-28 04:00:00,80,69,34,,4,9,0,80,,,,,
Tangerang,Tangerang Pasir Jaya,2026-04-24 14:00:00,-,70,35,,58,63,0,65,,,,,
Bekasi,Bekasi Kayuringin,2026-04-28 04:00:00,58,58,37,,77,16,0,23,,,,,
Jakarta,The Pakubuwono Menteng,2026-04-28 04:16:48,70,70,19,30,,,,,58,28.3,,,
Depok,Cinere - Nafas,2026-04-28 04:16:46,133,133,53,94,,,,,0,0,,,
Bogor,Kabupaten Bogor Leuwiliang,2026-04-28 04:00:00,80,69,34,,4,9,0,80,,,,,
Tangerang,Tangerang Pasir Jaya,2026-04-24 14:00:00,-,70,35,,58,63,0,65,,,,,
Bekasi,Bekasi Kayuringin,2026-04-28 04:00:00,58,58,37,,77,16,0,23,,,,,
Jakarta,The Pakubuwono Menteng,2026-04-28 04:17:48,71,71,21,49,,,,,58,28.3,,,
Depok,Cinere - Nafas,2026-04-28 04:17:46,131,131,53,93,,,,,0,0,,,
Bogor,Kabupaten Bogor Leuwiliang,2026-04-28 04:00:00,80,69,34,,4,9,0,80,,,,,
Tangerang,Tangerang Pasir Jaya,2026-04-24 14:00:00,-,70,35,,58,63,0,65,,,,,
Bekasi,Bekasi Kayuringin,2026-04-28 04:00:00,58,58,37,,77,16,0,23,,,,,
Jakarta,The Pakubuwono Menteng,2026-04-28 04:20:48,70,70,20,51,,,,,58,28.4,,,
Depok,Cinere - Nafas,2026-04-28 04:20:46,122,122,50,86,,,,,0,0,,,
Bogor,Kabupaten Bogor Leuwiliang,2026-04-28 04:00:00,80,69,34,,4,9,0,80,,,,,
Tangerang,Tangerang Pasir Jaya,2026-04-24 14:00:00,-,70,35,,58,63,0,65,,,,,
Bekasi,Bekasi Kayuringin,2026-04-28 04:00:00,58,58,37,,77,16,0,23,,,,,
Jakarta,The Pakubuwono Menteng,2026-04-28 04:21:48,72,72,21,52,,,,,58,28.4,,,
Depok,Cinere - Nafas,2026-04-28 04:21:46,116,116,46,86,,,,,0,0,,,
Bogor,Kabupaten Bogor Leuwiliang,2026-04-28 04:00:00,80,69,34,,4,9,0,80,,,,,
Tangerang,Tangerang Pasir Jaya,2026-04-24 14:00:00,-,70,35,,58,63,0,65,,,,,
Bekasi,Bekasi Kayuringin,2026-04-28 04:00:00,58,58,37,,77,16,0,23,,,,,
Jakarta,The Pakubuwono Menteng,2026-04-28 04:22:48,66,66,19,39,,,,,58,28.4,,,
Depok,Cinere - Nafas,2026-04-28 04:22:46,120,120,47,84,,,,,0,0,,,
Bogor,Kabupaten Bogor Leuwiliang,2026-04-28 04:00:00,80,69,34,,4,9,0,80,,,,,
Tangerang,Tangerang Pasir Jaya,2026-04-24 14:00:00,-,70,35,,58,63,0,65,,,,,
Bekasi,Bekasi Kayuringin,2026-04-28 04:00:00,58,58,37,,77,16,0,23,,,,,
Jakarta,The Pakubuwono Menteng,2026-04-28 04:22:48,66,66,19,39,,,,,58,28.4,,,
Depok,Cinere - Nafas,2026-04-28 04:22:46,120,120,47,84,,,,,0,0,,,
Bogor,Kabupaten Bogor Leuwiliang,2026-04-28 04:00:00,80,69,34,,4,9,0,80,,,,,
Tangerang,Tangerang Pasir Jaya,2026-04-24 14:00:00,-,70,35,,58,63,0,65,,,,,
Bekasi,Bekasi Kayuringin,2026-04-28 04:00:00,58,58,37,,77,16,0,23,,,,,
Jakarta,The Pakubuwono Menteng,2026-04-28 04:23:48,69,69,19,40,,,,,58,28.4,,,
Depok,Cinere - Nafas,2026-04-28 04:23:46,116,116,45,84,,,,,0,0,,,
Bogor,Kabupaten Bogor Leuwiliang,2026-04-28 04:00:00,80,69,34,,4,9,0,80,,,,,
Tangerang,Tangerang Pasir Jaya,2026-04-24 14:00:00,-,70,35,,58,63,0,65,,,,,
Bekasi,Bekasi Kayuringin,2026-04-28 04:00:00,58,58,37,,77,16,0,23,,,,,
Jakarta,The Pakubuwono Menteng,2026-04-28 04:24:48,75,75,22,55,,,,,58,28.5,,,
Depok,Cinere - Nafas,2026-04-28 04:24:46,129,129,53,90,,,,,0,0,,,
Bogor,Kabupaten Bogor Leuwiliang,2026-04-28 04:00:00,80,69,34,,4,9,0,80,,,,,
Tangerang,Tangerang Pasir Jaya,2026-04-24 14:00:00,-,70,35,,58,63,0,65,,,,,
Bekasi,Bekasi Kayuringin,2026-04-28 04:00:00,58,58,37,,77,16,0,23,,,,,
Jakarta,The Pakubuwono Menteng,2026-04-28 04:26:49,71,71,22,53,,,,,58,28.5,,,
Depok,Cinere - Nafas,2026-04-28 04:26:46,131,131,53,94,,,,,0,0,,,
Bogor,Kabupaten Bogor Leuwiliang,2026-04-28 04:00:00,80,69,34,,4,9,0,80,,,,,
Tangerang,Tangerang Pasir Jaya,2026-04-24 14:00:00,-,70,35,,58,63,0,65,,,,,
Bekasi,Bekasi Kayuringin,2026-04-28 04:00:00,58,58,37,,77,16,0,23,,,,,
Jakarta,The Pakubuwono Menteng,2026-04-28 04:27:48,76,76,23,53,,,,,57,28.5,,,
Depok,Cinere - Nafas,2026-04-28 04:28:46,131,131,52,90,,,,,0,0,,,
Bogor,Kabupaten Bogor Leuwiliang,2026-04-28 04:00:00,80,69,34,,4,9,0,80,,,,,
Tangerang,Tangerang Pasir Jaya,2026-04-24 14:00:00,-,70,35,,58,63,0,65,,,,,
Bekasi,Bekasi Kayuringin,2026-04-28 04:00:00,58,58,37,,77,16,0,23,,,,,
Jakarta,The Pakubuwono Menteng,2026-04-28 04:29:48,74,74,23,53,,,,,57,28.6,,,
Depok,Cinere - Nafas,2026-04-28 04:29:46,130,130,52,89,,,,,0,0,,,
Bogor,Kabupaten Bogor Leuwiliang,2026-04-28 04:00:00,80,69,34,,4,9,0,80,,,,,
Tangerang,Tangerang Pasir Jaya,2026-04-24 14:00:00,-,70,35,,58,63,0,65,,,,,
Bekasi,Bekasi Kayuringin,2026-04-28 04:00:00,58,58,37,,77,16,0,23,,,,,
Jakarta,The Pakubuwono Menteng,2026-04-28 04:30:48,77,77,25,57,,,,,57,28.6,,,
Depok,Cinere - Nafas,2026-04-28 04:30:46,129,129,52,89,,,,,0,0,,,
Bogor,Kabupaten Bogor Leuwiliang,2026-04-28 04:00:00,80,69,34,,4,9,0,80,,,,,
Tangerang,Tangerang Pasir Jaya,2026-04-24 14:00:00,-,70,35,,58,63,0,65,,,,,
Bekasi,Bekasi Kayuringin,2026-04-28 04:00:00,58,58,37,,77,16,0,23,,,,,
Jakarta,The Pakubuwono Menteng,2026-04-28 04:31:48,76,76,22,56,,,,,57,28.6,,,
Depok,Cinere - Nafas,2026-04-28 04:31:46,127,127,53,89,,,,,0,0,,,
Bogor,Kabupaten Bogor Leuwiliang,2026-04-28 04:00:00,80,69,34,,4,9,0,80,,,,,
Tangerang,Tangerang Pasir Jaya,2026-04-24 14:00:00,-,70,35,,58,63,0,65,,,,,
Bekasi,Bekasi Kayuringin,2026-04-28 04:00:00,58,58,37,,77,16,0,23,,,,,
Jakarta,The Pakubuwono Menteng,2026-04-28 04:33:48,74,74,23,61,,,,,57,28.7,,,
Depok,Cinere - Nafas,2026-04-28 04:33:46,127,127,52,89,,,,,0,0,,,
Bogor,Kabupaten Bogor Leuwiliang,2026-04-28 04:00:00,80,69,34,,4,9,0,80,,,,,
Tangerang,Tangerang Pasir Jaya,2026-04-24 14:00:00,-,70,35,,58,63,0,65,,,,,
Bekasi,Bekasi Kayuringin,2026-04-28 04:00:00,58,58,37,,77,16,0,23,,,,,
Jakarta,The Pakubuwono Menteng,2026-04-28 04:33:48,74,74,23,61,,,,,57,28.7,,,
Depok,Cinere - Nafas,2026-04-28 04:33:46,127,127,52,89,,,,,0,0,,,
Bogor,Kabupaten Bogor Leuwiliang,2026-04-28 04:00:00,80,69,34,,4,9,0,80,,,,,
Tangerang,Tangerang Pasir Jaya,2026-04-24 14:00:00,-,70,35,,58,63,0,65,,,,,
Bekasi,Bekasi Kayuringin,2026-04-28 04:00:00,58,58,37,,77,16,0,23,,,,,
Jakarta,The Pakubuwono Menteng,2026-04-28 04:34:48,75,75,22,57,,,,,57,28.7,,,
Depok,Cinere - Nafas,2026-04-28 04:34:46,128,128,51,90,,,,,0,0,,,
Bogor,Kabupaten Bogor Leuwiliang,2026-04-28 04:00:00,80,69,34,,4,9,0,80,,,,,
Tangerang,Tangerang Pasir Jaya,2026-04-24 14:00:00,-,70,35,,58,63,0,65,,,,,
Bekasi,Bekasi Kayuringin,2026-04-28 04:00:00,58,58,37,,77,16,0,23,,,,,
Jakarta,The Pakubuwono Menteng,2026-04-28 04:35:48,72,72,21,53,,,,,57,28.6,,,
Depok,Cinere - Nafas,2026-04-28 04:35:46,127,127,53,89,,,,,0,0,,,
Bogor,Kabupaten Bogor Leuwiliang,2026-04-28 04:00:00,80,69,34,,4,9,0,80,,,,,
Tangerang,Tangerang Pasir Jaya,2026-04-24 14:00:00,-,70,35,,58,63,0,65,,,,,
Bekasi,Bekasi Kayuringin,2026-04-28 04:00:00,58,58,37,,77,16,0,23,,,,,
Jakarta,The Pakubuwono Menteng,2026-04-28 04:36:49,72,72,21,51,,,,,57,28.6,,,
Depok,Cinere - Nafas,2026-04-28 04:36:46,126,126,52,90,,,,,0,0,,,
Bogor,Kabupaten Bogor Leuwiliang,2026-04-28 04:00:00,80,69,34,,4,9,0,80,,,,,
Tangerang,Tangerang Pasir Jaya,2026-04-24 14:00:00,-,70,35,,58,63,0,65,,,,,
Bekasi,Bekasi Kayuringin,2026-04-28 04:00:00,58,58,37,,77,16,0,23,,,,,
Jakarta,The Pakubuwono Menteng,2026-04-28 04:39:48,69,69,20,47,,,,,57,28.7,,,
Depok,Cinere - Nafas,2026-04-28 04:39:46,128,128,52,90,,,,,0,0,,,
Bogor,Kabupaten Bogor Leuwiliang,2026-04-28 04:00:00,80,69,34,,4,9,0,80,,,,,
Tangerang,Tangerang Pasir Jaya,2026-04-24 14:00:00,-,70,35,,58,63,0,65,,,,,
Bekasi,Bekasi Kayuringin,2026-04-28 04:00:00,58,58,37,,77,16,0,23,,,,,
Jakarta,The Pakubuwono Menteng,2026-04-28 04:40:48,65,65,18,35,,,,,57,28.7,,,
Depok,Cinere - Nafas,2026-04-28 04:40:46,123,123,51,87,,,,,0,0,,,
Bogor,Kabupaten Bogor Leuwiliang,2026-04-28 04:00:00,80,69,34,,4,9,0,80,,,,,
Tangerang,Tangerang Pasir Jaya,2026-04-24 14:00:00,-,70,35,,58,63,0,65,,,,,
Bekasi,Bekasi Kayuringin,2026-04-28 04:00:00,58,58,37,,77,16,0,23,,,,,
Jakarta,The Pakubuwono Menteng,2026-04-28 04:41:48,64,64,19,34,,,,,57,28.7,,,
Depok,Cinere - Nafas,2026-04-28 04:41:46,125,125,50,86,,,,,0,0,,,
Bogor,Kabupaten Bogor Leuwiliang,2026-04-28 04:00:00,80,69,34,,4,9,0,80,,,,,
Tangerang,Tangerang Pasir Jaya,2026-04-24 14:00:00,-,70,35,,58,63,0,65,,,,,
Bekasi,Bekasi Kayuringin,2026-04-28 04:00:00,58,58,37,,77,16,0,23,,,,,
Jakarta,The Pakubuwono Menteng,2026-04-28 04:42:48,73,73,22,53,,,,,57,28.8,,,
Depok,Cinere - Nafas,2026-04-28 04:42:46,122,122,50,85,,,,,0,0,,,
Bogor,Kabupaten Bogor Leuwiliang,2026-04-28 04:00:00,80,69,34,,4,9,0,80,,,,,
Tangerang,Tangerang Pasir Jaya,2026-04-24 14:00:00,-,70,35,,58,63,0,65,,,,,
Bekasi,Bekasi Kayuringin,2026-04-28 04:00:00,58,58,37,,77,16,0,23,,,,,
Jakarta,The Pakubuwono Menteng,2026-04-28 04:42:48,73,73,22,53,,,,,57,28.8,,,
Depok,Cinere - Nafas,2026-04-28 04:43:46,118,118,47,85,,,,,0,0,,,
Bogor,Kabupaten Bogor Leuwiliang,2026-04-28 04:00:00,80,69,34,,4,9,0,80,,,,,
Tangerang,Tangerang Pasir Jaya,2026-04-24 14:00:00,-,70,35,,58,63,0,65,,,,,
Bekasi,Bekasi Kayuringin,2026-04-28 04:00:00,58,58,37,,77,16,0,23,,,,,
Jakarta,The Pakubuwono Menteng,2026-04-28 04:44:48,81,81,26,61,,,,,57,28.8,,,
Depok,Cinere - Nafas,2026-04-28 04:44:46,123,123,50,87,,,,,0,0,,,
Bogor,Kabupaten Bogor Leuwiliang,2026-04-28 04:00:00,80,69,34,,4,9,0,80,,,,,
Tangerang,Tangerang Pasir Jaya,2026-04-24 14:00:00,-,70,35,,58,63,0,65,,,,,
Bekasi,Bekasi Kayuringin,2026-04-28 04:00:00,58,58,37,,77,16,0,23,,,,,
Jakarta,The Pakubuwono Menteng,2026-04-28 04:45:48,85,85,26,66,,,,,57,28.8,,,
Depok,Cinere - Nafas,2026-04-28 04:45:46,126,126,52,88,,,,,0,0,,,
Bogor,Kabupaten Bogor Leuwiliang,2026-04-28 04:00:00,80,69,34,,4,9,0,80,,,,,
Tangerang,Tangerang Pasir Jaya,2026-04-24 14:00:00,-,70,35,,58,63,0,65,,,,,
Bekasi,Bekasi Kayuringin,2026-04-28 04:00:00,58,58,37,,77,16,0,23,,,,,
Jakarta,The Pakubuwono Menteng,2026-04-28 04:46:48,85,85,27,63,,,,,57,28.8,,,
Depok,Cinere - Nafas,2026-04-28 04:46:46,126,126,50,88,,,,,0,0,,,
Bogor,Kabupaten Bogor Leuwiliang,2026-04-28 04:00:00,80,69,34,,4,9,0,80,,,,,
Tangerang,Tangerang Pasir Jaya,2026-04-24 14:00:00,-,70,35,,58,63,0,65,,,,,
Bekasi,Bekasi Kayuringin,2026-04-28 04:00:00,58,58,37,,77,16,0,23,,,,,
Jakarta,The Pakubuwono Menteng,2026-04-28 04:47:48,83,83,30,63,,,,,57,28.8,,,
Depok,Cinere - Nafas,2026-04-28 04:48:47,126,126,51,90,,,,,0,0,,,
Bogor,Kabupaten Bogor Leuwiliang,2026-04-28 04:00:00,80,69,34,,4,9,0,80,,,,,
Tangerang,Tangerang Pasir Jaya,2026-04-24 14:00:00,-,70,35,,58,63,0,65,,,,,
Bekasi,Bekasi Kayuringin,2026-04-28 04:00:00,58,58,37,,77,16,0,23,,,,,
Jakarta,The Pakubuwono Menteng,2026-04-28 04:50:48,86,86,30,67,,,,,58,28.8,,,
Depok,Cinere - Nafas,2026-04-28 04:50:47,125,125,52,87,,,,,0,0,,,
Bogor,Kabupaten Bogor Leuwiliang,2026-04-28 04:00:00,80,69,34,,4,9,0,80,,,,,
Tangerang,Tangerang Pasir Jaya,2026-04-24 14:00:00,-,70,35,,58,63,0,65,,,,,
Bekasi,Bekasi Kayuringin,2026-04-28 04:00:00,58,58,37,,77,16,0,23,,,,,
Jakarta,The Pakubuwono Menteng,2026-04-28 04:51:48,88,88,31,66,,,,,58,28.8,,,
Depok,Cinere - Nafas,2026-04-28 04:51:47,130,130,53,89,,,,,0,0,,,
Bogor,Kabupaten Bogor Leuwiliang,2026-04-28 04:00:00,80,69,34,,4,9,0,80,,,,,
Tangerang,Tangerang Pasir Jaya,2026-04-24 14:00:00,-,70,35,,58,63,0,65,,,,,
Bekasi,Bekasi Kayuringin,2026-04-28 04:00:00,58,58,37,,77,16,0,23,,,,,
Jakarta,The Pakubuwono Menteng,2026-04-28 04:51:48,88,88,31,66,,,,,58,28.8,,,
Depok,Cinere - Nafas,2026-04-28 04:51:47,130,130,53,89,,,,,0,0,,,
Bogor,Kabupaten Bogor Leuwiliang,2026-04-28 04:00:00,80,69,34,,4,9,0,80,,,,,
Tangerang,Tangerang Pasir Jaya,2026-04-24 14:00:00,-,70,35,,58,63,0,65,,,,,
Bekasi,Bekasi Kayuringin,2026-04-28 04:00:00,58,58,37,,77,16,0,23,,,,,
Jakarta,The Pakubuwono Menteng,2026-04-28 04:52:48,87,87,29,69,,,,,58,28.8,,,
Depok,Cinere - Nafas,2026-04-28 04:52:47,134,134,53,92,,,,,0,0,,,
Bogor,Kabupaten Bogor Leuwiliang,2026-04-28 04:00:00,80,69,34,,4,9,0,80,,,,,
Tangerang,Tangerang Pasir Jaya,2026-04-24 14:00:00,-,70,35,,58,63,0,65,,,,,
Bekasi,Bekasi Kayuringin,2026-04-28 04:00:00,58,58,37,,77,16,0,23,,,,,
Jakarta,The Pakubuwono Menteng,2026-04-28 04:53:48,89,89,30,70,,,,,58,28.8,,,
Depok,Cinere - Nafas,2026-04-28 04:53:47,131,131,53,92,,,,,0,0,,,
Bogor,Kabupaten Bogor Leuwiliang,2026-04-28 04:00:00,80,69,34,,4,9,0,80,,,,,
Tangerang,Tangerang Pasir Jaya,2026-04-24 14:00:00,-,70,35,,58,63,0,65,,,,,
Bekasi,Bekasi Kayuringin,2026-04-28 04:00:00,58,58,37,,77,16,0,23,,,,,
Jakarta,The Pakubuwono Menteng,2026-04-28 04:54:49,87,87,32,70,,,,,58,28.8,,,
Depok,Cinere - Nafas,2026-04-28 04:54:47,129,129,52,90,,,,,0,0,,,
Bogor,Kabupaten Bogor Leuwiliang,2026-04-28 04:00:00,80,69,34,,4,9,0,80,,,,,
Tangerang,Tangerang Pasir Jaya,2026-04-24 14:00:00,-,70,35,,58,63,0,65,,,,,
Bekasi,Bekasi Kayuringin,2026-04-28 04:00:00,58,58,37,,77,16,0,23,,,,,
Jakarta,The Pakubuwono Menteng,2026-04-28 04:56:48,85,85,26,70,,,,,58,28.7,,,
Depok,Cinere - Nafas,2026-04-28 04:56:47,129,129,52,89,,,,,0,0,,,
Bogor,Kabupaten Bogor Leuwiliang,2026-04-28 04:00:00,80,69,34,,4,9,0,80,,,,,
Tangerang,Tangerang Pasir Jaya,2026-04-24 14:00:00,-,70,35,,58,63,0,65,,,,,
Bekasi,Bekasi Kayuringin,2026-04-28 04:00:00,58,58,37,,77,16,0,23,,,,,
Jakarta,The Pakubuwono Menteng,2026-04-28 04:58:48,85,85,27,66,,,,,58,28.7,,,
Depok,Cinere - Nafas,2026-04-28 04:58:47,131,131,52,90,,,,,0,0,,,
Bogor,Kabupaten Bogor Leuwiliang,2026-04-28 04:00:00,80,69,34,,4,9,0,80,,,,,
Tangerang,Tangerang Pasir Jaya,2026-04-24 14:00:00,-,70,35,,58,63,0,65,,,,,
Bekasi,Bekasi Kayuringin,2026-04-28 04:00:00,58,58,37,,77,16,0,23,,,,,
Jakarta,The Pakubuwono Menteng,2026-04-28 04:59:48,84,84,26,66,,,,,58,28.7,,,
Depok,Cinere - Nafas,2026-04-28 04:59:47,129,129,52,90,,,,,0,0,,,
Bogor,Kabupaten Bogor Leuwiliang,2026-04-28 04:00:00,80,69,34,,4,9,0,80,,,,,
Tangerang,Tangerang Pasir Jaya,2026-04-24 14:00:00,-,70,35,,58,63,0,65,,,,,
Bekasi,Bekasi Kayuringin,2026-04-28 04:00:00,58,58,37,,77,16,0,23,,,,,
Jakarta,The Pakubuwono Menteng,2026-04-28 05:00:48,86,86,28,64,,,,,58,28.7,,,
Depok,Cinere - Nafas,2026-04-28 05:00:47,131,131,53,93,,,,,0,0,,,
Bogor,Kabupaten Bogor Leuwiliang,2026-04-28 04:00:00,80,69,34,,4,9,0,80,,,,,
Tangerang,Tangerang Pasir Jaya,2026-04-24 14:00:00,-,70,35,,58,63,0,65,,,,,
Bekasi,Bekasi Kayuringin,2026-04-28 04:00:00,58,58,37,,77,16,0,23,,,,,
Jakarta,The Pakubuwono Menteng,2026-04-28 05:01:48,84,84,26,68,,,,,58,28.7,,,
Depok,Cinere - Nafas,2026-04-28 05:01:47,130,130,53,93,,,,,0,0,,,
Bogor,Kabupaten Bogor Leuwiliang,2026-04-28 04:00:00,80,69,34,,4,9,0,80,,,,,
Tangerang,Tangerang Pasir Jaya,2026-04-24 14:00:00,-,70,35,,58,63,0,65,,,,,
Bekasi,Bekasi Kayuringin,2026-04-28 04:00:00,58,58,37,,77,16,0,23,,,,,
Jakarta,The Pakubuwono Menteng,2026-04-28 05:02:48,75,75,24,63,,,,,58,28.7,,,
Depok,Cinere - Nafas,2026-04-28 05:02:47,130,130,52,93,,,,,0,0,,,
Bogor,Kabupaten Bogor Leuwiliang,2026-04-28 04:00:00,80,69,34,,4,9,0,80,,,,,
Tangerang,Tangerang Pasir Jaya,2026-04-24 14:00:00,-,70,35,,58,63,0,65,,,,,
Bekasi,Bekasi Kayuringin,2026-04-28 04:00:00,58,58,37,,77,16,0,23,,,,,
Jakarta,The Pakubuwono Menteng,2026-04-28 05:03:48,78,78,24,61,,,,,58,28.7,,,
Depok,Cinere - Nafas,2026-04-28 05:03:47,131,131,53,93,,,,,0,0,,,
Bogor,Kabupaten Bogor Leuwiliang,2026-04-28 04:00:00,80,69,34,,4,9,0,80,,,,,
Tangerang,Tangerang Pasir Jaya,2026-04-24 14:00:00,-,70,35,,58,63,0,65,,,,,
Bekasi,Bekasi Kayuringin,2026-04-28 04:00:00,58,58,37,,77,16,0,23,,,,,
Jakarta,The Pakubuwono Menteng,2026-04-28 05:04:49,75,75,24,55,,,,,58,28.7,,,
Depok,Cinere - Nafas,2026-04-28 05:04:47,148,148,57,96,,,,,0,0,,,
Bogor,Kabupaten Bogor Leuwiliang,2026-04-28 04:00:00,80,69,34,,4,9,0,80,,,,,
Tangerang,Tangerang Pasir Jaya,2026-04-24 14:00:00,-,70,35,,58,63,0,65,,,,,
Bekasi,Bekasi Kayuringin,2026-04-28 04:00:00,58,58,37,,77,16,0,23,,,,,
Jakarta,The Pakubuwono Menteng,2026-04-28 05:05:49,77,77,24,58,,,,,58,28.8,,,
Depok,Cinere - Nafas,2026-04-28 05:05:47,152,152,58,102,,,,,0,0,,,
Bogor,Kabupaten Bogor Leuwiliang,2026-04-28 04:00:00,80,69,34,,4,9,0,80,,,,,
Tangerang,Tangerang Pasir Jaya,2026-04-24 14:00:00,-,70,35,,58,63,0,65,,,,,
Bekasi,Bekasi Kayuringin,2026-04-28 04:00:00,58,58,37,,77,16,0,23,,,,,
Jakarta,The Pakubuwono Menteng,2026-04-28 05:08:49,86,86,28,66,,,,,58,28.8,,,
Depok,Cinere - Nafas,2026-04-28 05:08:47,151,151,58,101,,,,,0,0,,,
Bogor,Kabupaten Bogor Leuwiliang,2026-04-28 05:00:00,80,69,34,,4,9,0,80,,,,,
Tangerang,Tangerang Pasir Jaya,2026-04-24 14:00:00,-,70,35,,58,63,0,65,,,,,
Bekasi,Bekasi Kayuringin,2026-04-28 05:00:00,60,60,37,,77,16,0,23,,,,,
Jakarta,The Pakubuwono Menteng,2026-04-28 05:09:49,79,79,24,64,,,,,58,28.8,,,
Depok,Cinere - Nafas,2026-04-28 05:09:47,150,150,57,98,,,,,0,0,,,
Bogor,Kabupaten Bogor Leuwiliang,2026-04-28 05:00:00,80,69,34,,4,9,0,80,,,,,
Tangerang,Tangerang Pasir Jaya,2026-04-24 14:00:00,-,70,35,,58,63,0,65,,,,,
Bekasi,Bekasi Kayuringin,2026-04-28 05:00:00,60,60,37,,77,16,0,23,,,,,
Jakarta,The Pakubuwono Menteng,2026-04-28 05:10:49,83,83,25,65,,,,,58,28.8,,,
Depok,Cinere - Nafas,2026-04-28 05:10:47,150,150,58,100,,,,,0,0,,,
Bogor,Kabupaten Bogor Leuwiliang,2026-04-28 05:00:00,80,69,34,,4,9,0,80,,,,,
Tangerang,Tangerang Pasir Jaya,2026-04-24 14:00:00,-,70,35,,58,63,0,65,,,,,
Bekasi,Bekasi Kayuringin,2026-04-28 05:00:00,60,60,37,,77,16,0,23,,,,,
Jakarta,The Pakubuwono Menteng,2026-04-28 05:10:49,83,83,25,65,,,,,58,28.8,,,
Depok,Cinere - Nafas,2026-04-28 05:10:47,150,150,58,100,,,,,0,0,,,
Bogor,Kabupaten Bogor Leuwiliang,2026-04-28 05:00:00,80,69,34,,4,9,0,80,,,,,
Tangerang,Tangerang Pasir Jaya,2026-04-24 14:00:00,-,70,35,,58,63,0,65,,,,,
Bekasi,Bekasi Kayuringin,2026-04-28 05:00:00,60,60,37,,77,16,0,23,,,,,
Jakarta,The Pakubuwono Menteng,2026-04-28 05:11:49,82,82,26,67,,,,,58,28.8,,,
Depok,Cinere - Nafas,2026-04-28 05:11:47,151,151,57,104,,,,,0,0,,,
Bogor,Kabupaten Bogor Leuwiliang,2026-04-28 05:00:00,80,69,34,,4,9,0,80,,,,,
Tangerang,Tangerang Pasir Jaya,2026-04-24 14:00:00,-,70,35,,58,63,0,65,,,,,
Bekasi,Bekasi Kayuringin,2026-04-28 05:00:00,60,60,37,,77,16,0,23,,,,,
Jakarta,The Pakubuwono Menteng,2026-04-28 05:13:49,81,81,26,64,,,,,58,28.8,,,
Depok,Cinere - Nafas,2026-04-28 05:13:47,146,146,57,97,,,,,0,0,,,
Bogor,Kabupaten Bogor Leuwiliang,2026-04-28 05:00:00,80,69,34,,4,9,0,80,,,,,
Tangerang,Tangerang Pasir Jaya,2026-04-24 14:00:00,-,70,35,,58,63,0,65,,,,,
Bekasi,Bekasi Kayuringin,2026-04-28 05:00:00,60,60,37,,77,16,0,23,,,,,
Jakarta,The Pakubuwono Menteng,2026-04-28 05:14:49,76,76,24,59,,,,,58,28.9,,,
Depok,Cinere - Nafas,2026-04-28 05:14:47,142,142,56,98,,,,,0,0,,,
Bogor,Kabupaten Bogor Leuwiliang,2026-04-28 05:00:00,80,69,34,,4,9,0,80,,,,,
Tangerang,Tangerang Pasir Jaya,2026-04-24 14:00:00,-,70,35,,58,63,0,65,,,,,
Bekasi,Bekasi Kayuringin,2026-04-28 05:00:00,60,60,37,,77,16,0,23,,,,,
Jakarta,The Pakubuwono Menteng,2026-04-28 05:15:49,83,83,26,66,,,,,58,28.9,,,
Depok,Cinere - Nafas,2026-04-28 05:15:47,140,140,54,95,,,,,0,0,,,
Bogor,Kabupaten Bogor Leuwiliang,2026-04-28 05:00:00,80,69,34,,4,9,0,80,,,,,
Tangerang,Tangerang Pasir Jaya,2026-04-24 14:00:00,-,70,35,,58,63,0,65,,,,,
Bekasi,Bekasi Kayuringin,2026-04-28 05:00:00,60,60,37,,77,16,0,23,,,,,
Jakarta,The Pakubuwono Menteng,2026-04-28 05:17:49,82,82,26,64,,,,,58,28.9,,,
Depok,Cinere - Nafas,2026-04-28 05:17:47,141,141,56,95,,,,,0,0,,,
Bogor,Kabupaten Bogor Leuwiliang,2026-04-28 05:00:00,80,69,34,,4,9,0,80,,,,,
Tangerang,Tangerang Pasir Jaya,2026-04-24 14:00:00,-,70,35,,58,63,0,65,,,,,
Bekasi,Bekasi Kayuringin,2026-04-28 05:00:00,60,60,37,,77,16,0,23,,,,,
Jakarta,The Pakubuwono Menteng,2026-04-28 05:18:49,82,82,27,67,,,,,58,28.9,,,
Depok,Cinere - Nafas,2026-04-28 05:19:47,133,133,53,93,,,,,0,0,,,
Bogor,Kabupaten Bogor Leuwiliang,2026-04-28 05:00:00,80,69,34,,4,9,0,80,,,,,
Tangerang,Tangerang Pasir Jaya,2026-04-24 14:00:00,-,70,35,,58,63,0,65,,,,,
Bekasi,Bekasi Kayuringin,2026-04-28 05:00:00,60,60,37,,77,16,0,23,,,,,
Jakarta,The Pakubuwono Menteng,2026-04-28 05:19:49,79,79,26,66,,,,,58,28.9,,,
Depok,Cinere - Nafas,2026-04-28 05:19:47,133,133,53,93,,,,,0,0,,,
Bogor,Kabupaten Bogor Leuwiliang,2026-04-28 05:00:00,80,69,34,,4,9,0,80,,,,,
Tangerang,Tangerang Pasir Jaya,2026-04-24 14:00:00,-,70,35,,58,63,0,65,,,,,
Bekasi,Bekasi Kayuringin,2026-04-28 05:00:00,60,60,37,,77,16,0,23,,,,,
Jakarta,The Pakubuwono Menteng,2026-04-28 05:20:49,77,77,24,60,,,,,58,28.9,,,
Depok,Cinere - Nafas,2026-04-28 05:20:47,136,136,54,95,,,,,0,0,,,
Bogor,Kabupaten Bogor Leuwiliang,2026-04-28 05:00:00,80,69,34,,4,9,0,80,,,,,
Tangerang,Tangerang Pasir Jaya,2026-04-24 14:00:00,-,70,35,,58,63,0,65,,,,,
Bekasi,Bekasi Kayuringin,2026-04-28 05:00:00,60,60,37,,77,16,0,23,,,,,
Jakarta,The Pakubuwono Menteng,2026-04-28 05:21:49,79,79,25,63,,,,,58,28.9,,,
Depok,Cinere - Nafas,2026-04-28 05:21:47,137,137,54,94,,,,,0,0,,,
Bogor,Kabupaten Bogor Leuwiliang,2026-04-28 05:00:00,80,69,34,,4,9,0,80,,,,,
Tangerang,Tangerang Pasir Jaya,2026-04-24 14:00:00,-,70,35,,58,63,0,65,,,,,
Bekasi,Bekasi Kayuringin,2026-04-28 05:00:00,60,60,37,,77,16,0,23,,,,,
Jakarta,The Pakubuwono Menteng,2026-04-28 05:22:49,76,76,24,62,,,,,58,28.9,,,
Depok,Cinere - Nafas,2026-04-28 05:22:47,136,136,54,95,,,,,0,0,,,
Bogor,Kabupaten Bogor Leuwiliang,2026-04-28 05:00:00,80,69,34,,4,9,0,80,,,,,
Tangerang,Tangerang Pasir Jaya,2026-04-24 14:00:00,-,70,35,,58,63,0,65,,,,,
Bekasi,Bekasi Kayuringin,2026-04-28 05:00:00,60,60,37,,77,16,0,23,,,,,
Jakarta,The Pakubuwono Menteng,2026-04-28 05:24:49,77,77,23,57,,,,,58,29,,,
Depok,Cinere - Nafas,2026-04-28 05:24:47,135,135,54,93,,,,,0,0,,,
Bogor,Kabupaten Bogor Leuwiliang,2026-04-28 05:00:00,80,69,34,,4,9,0,80,,,,,
Tangerang,Tangerang Pasir Jaya,2026-04-24 14:00:00,-,70,35,,58,63,0,65,,,,,
Bekasi,Bekasi Kayuringin,2026-04-28 05:00:00,60,60,37,,77,16,0,23,,,,,
Jakarta,The Pakubuwono Menteng,2026-04-28 05:25:49,84,84,25,65,,,,,58,29,,,
Depok,Cinere - Nafas,2026-04-28 05:25:47,141,141,54,96,,,,,0,0,,,
Bogor,Kabupaten Bogor Leuwiliang,2026-04-28 05:00:00,80,69,34,,4,9,0,80,,,,,
Tangerang,Tangerang Pasir Jaya,2026-04-24 14:00:00,-,70,35,,58,63,0,65,,,,,
Bekasi,Bekasi Kayuringin,2026-04-28 05:00:00,60,60,37,,77,16,0,23,,,,,
Jakarta,The Pakubuwono Menteng,2026-04-28 05:27:49,75,75,23,59,,,,,57,29,,,
Depok,Cinere - Nafas,2026-04-28 05:27:47,134,134,53,93,,,,,0,0,,,
Bogor,Kabupaten Bogor Leuwiliang,2026-04-28 05:00:00,80,69,34,,4,9,0,80,,,,,
Tangerang,Tangerang Pasir Jaya,2026-04-24 14:00:00,-,70,35,,58,63,0,65,,,,,
Bekasi,Bekasi Kayuringin,2026-04-28 05:00:00,60,60,37,,77,16,0,23,,,,,
Jakarta,The Pakubuwono Menteng,2026-04-28 05:28:49,81,81,26,62,,,,,58,29,,,
Depok,Cinere - Nafas,2026-04-28 05:28:47,136,136,54,94,,,,,0,0,,,
Bogor,Kabupaten Bogor Leuwiliang,2026-04-28 05:00:00,80,69,34,,4,9,0,80,,,,,
Tangerang,Tangerang Pasir Jaya,2026-04-24 14:00:00,-,70,35,,58,63,0,65,,,,,
Bekasi,Bekasi Kayuringin,2026-04-28 05:00:00,60,60,37,,77,16,0,23,,,,,
Jakarta,The Pakubuwono Menteng,2026-04-28 05:28:49,81,81,26,62,,,,,58,29,,,
Depok,Cinere - Nafas,2026-04-28 05:28:47,136,136,54,94,,,,,0,0,,,
Bogor,Kabupaten Bogor Leuwiliang,2026-04-28 05:00:00,80,69,34,,4,9,0,80,,,,,
Tangerang,Tangerang Pasir Jaya,2026-04-24 14:00:00,-,70,35,,58,63,0,65,,,,,
Bekasi,Bekasi Kayuringin,2026-04-28 05:00:00,60,60,37,,77,16,0,23,,,,,
Jakarta,The Pakubuwono Menteng,2026-04-28 05:30:49,81,81,24,64,,,,,57,29.1,,,
Depok,Cinere - Nafas,2026-04-28 05:30:47,136,136,54,94,,,,,0,0,,,
Bogor,Kabupaten Bogor Leuwiliang,2026-04-28 05:00:00,80,69,34,,4,9,0,80,,,,,
Tangerang,Tangerang Pasir Jaya,2026-04-24 14:00:00,-,70,35,,58,63,0,65,,,,,
Bekasi,Bekasi Kayuringin,2026-04-28 05:00:00,60,60,37,,77,16,0,23,,,,,
Jakarta,The Pakubuwono Menteng,2026-04-28 05:31:50,79,79,23,60,,,,,57,29.1,,,
Depok,Cinere - Nafas,2026-04-28 05:31:47,136,136,53,93,,,,,0,0,,,
Bogor,Kabupaten Bogor Leuwiliang,2026-04-28 05:00:00,80,69,34,,4,9,0,80,,,,,
Tangerang,Tangerang Pasir Jaya,2026-04-24 14:00:00,-,70,35,,58,63,0,65,,,,,
Bekasi,Bekasi Kayuringin,2026-04-28 05:00:00,60,60,37,,77,16,0,23,,,,,
Jakarta,The Pakubuwono Menteng,2026-04-28 05:32:49,86,86,27,62,,,,,58,29.1,,,
Depok,Cinere - Nafas,2026-04-28 05:32:47,136,136,53,94,,,,,0,0,,,
Bogor,Kabupaten Bogor Leuwiliang,2026-04-28 05:00:00,80,69,34,,4,9,0,80,,,,,
Tangerang,Tangerang Pasir Jaya,2026-04-24 14:00:00,-,70,35,,58,63,0,65,,,,,
Bekasi,Bekasi Kayuringin,2026-04-28 05:00:00,60,60,37,,77,16,0,23,,,,,
Jakarta,The Pakubuwono Menteng,2026-04-28 05:33:49,83,83,26,66,,,,,57,29.1,,,
Depok,Cinere - Nafas,2026-04-28 05:33:47,131,131,53,96,,,,,0,0,,,
Bogor,Kabupaten Bogor Leuwiliang,2026-04-28 05:00:00,80,69,34,,4,9,0,80,,,,,
Tangerang,Tangerang Pasir Jaya,2026-04-24 14:00:00,-,70,35,,58,63,0,65,,,,,
Bekasi,Bekasi Kayuringin,2026-04-28 05:00:00,60,60,37,,77,16,0,23,,,,,
Jakarta,The Pakubuwono Menteng,2026-04-28 05:34:49,80,80,24,64,,,,,57,29.1,,,
Depok,Cinere - Nafas,2026-04-28 05:34:47,136,136,53,94,,,,,0,0,,,
Bogor,Kabupaten Bogor Leuwiliang,2026-04-28 05:00:00,80,69,34,,4,9,0,80,,,,,
Tangerang,Tangerang Pasir Jaya,2026-04-24 14:00:00,-,70,35,,58,63,0,65,,,,,
Bekasi,Bekasi Kayuringin,2026-04-28 05:00:00,60,60,37,,77,16,0,23,,,,,
Jakarta,The Pakubuwono Menteng,2026-04-28 05:37:49,92,92,32,71,,,,,58,29.2,,,
Depok,Cinere - Nafas,2026-04-28 05:37:47,140,140,55,96,,,,,0,0,,,
Bogor,Kabupaten Bogor Leuwiliang,2026-04-28 05:00:00,80,69,34,,4,9,0,80,,,,,
Tangerang,Tangerang Pasir Jaya,2026-04-24 14:00:00,-,70,35,,58,63,0,65,,,,,
Bekasi,Bekasi Kayuringin,2026-04-28 05:00:00,60,60,37,,77,16,0,23,,,,,
Jakarta,The Pakubuwono Menteng,2026-04-28 05:38:49,92,92,31,71,,,,,58,29.2,,,
Depok,Cinere - Nafas,2026-04-28 05:38:47,138,138,55,94,,,,,0,0,,,
Bogor,Kabupaten Bogor Leuwiliang,2026-04-28 05:00:00,80,69,34,,4,9,0,80,,,,,
Tangerang,Tangerang Pasir Jaya,2026-04-24 14:00:00,-,70,35,,58,63,0,65,,,,,
Bekasi,Bekasi Kayuringin,2026-04-28 05:00:00,60,60,37,,77,16,0,23,,,,,
Jakarta,The Pakubuwono Menteng,2026-04-28 05:39:49,85,85,26,68,,,,,58,29.2,,,
Depok,Cinere - Nafas,2026-04-28 05:39:47,138,138,55,96,,,,,0,0,,,
Bogor,Kabupaten Bogor Leuwiliang,2026-04-28 05:00:00,80,69,34,,4,9,0,80,,,,,
Tangerang,Tangerang Pasir Jaya,2026-04-24 14:00:00,-,70,35,,58,63,0,65,,,,,
Bekasi,Bekasi Kayuringin,2026-04-28 05:00:00,60,60,37,,77,16,0,23,,,,,
Jakarta,The Pakubuwono Menteng,2026-04-28 05:39:49,85,85,26,68,,,,,58,29.2,,,
Depok,Cinere - Nafas,2026-04-28 05:39:47,138,138,55,96,,,,,0,0,,,
Bogor,Kabupaten Bogor Leuwiliang,2026-04-28 05:00:00,80,69,34,,4,9,0,80,,,,,
Tangerang,Tangerang Pasir Jaya,2026-04-24 14:00:00,-,70,35,,58,63,0,65,,,,,
Bekasi,Bekasi Kayuringin,2026-04-28 05:00:00,60,60,37,,77,16,0,23,,,,,
Jakarta,The Pakubuwono Menteng,2026-04-28 05:40:49,86,86,30,67,,,,,57,29.2,,,
Depok,Cinere - Nafas,2026-04-28 05:40:47,138,138,54,96,,,,,0,0,,,
Bogor,Kabupaten Bogor Leuwiliang,2026-04-28 05:00:00,80,69,34,,4,9,0,80,,,,,
Tangerang,Tangerang Pasir Jaya,2026-04-24 14:00:00,-,70,35,,58,63,0,65,,,,,
Bekasi,Bekasi Kayuringin,2026-04-28 05:00:00,60,60,37,,77,16,0,23,,,,,
Jakarta,The Pakubuwono Menteng,2026-04-28 05:41:49,96,96,36,72,,,,,58,29.2,,,
Depok,Cinere - Nafas,2026-04-28 05:41:47,137,137,54,96,,,,,0,0,,,
Bogor,Kabupaten Bogor Leuwiliang,2026-04-28 05:00:00,80,69,34,,4,9,0,80,,,,,
Tangerang,Tangerang Pasir Jaya,2026-04-24 14:00:00,-,70,35,,58,63,0,65,,,,,
Bekasi,Bekasi Kayuringin,2026-04-28 05:00:00,60,60,37,,77,16,0,23,,,,,
Jakarta,The Pakubuwono Menteng,2026-04-28 05:43:49,97,97,37,74,,,,,58,29.2,,,
Depok,Cinere - Nafas,2026-04-28 05:43:47,139,139,55,96,,,,,0,0,,,
Bogor,Kabupaten Bogor Leuwiliang,2026-04-28 05:00:00,80,69,34,,4,9,0,80,,,,,
Tangerang,Tangerang Pasir Jaya,2026-04-24 14:00:00,-,70,35,,58,63,0,65,,,,,
Bekasi,Bekasi Kayuringin,2026-04-28 05:00:00,60,60,37,,77,16,0,23,,,,,
Jakarta,The Pakubuwono Menteng,2026-04-28 05:44:49,94,94,33,73,,,,,58,29.3,,,
Depok,Cinere - Nafas,2026-04-28 05:44:47,139,139,54,94,,,,,0,0,,,
Bogor,Kabupaten Bogor Leuwiliang,2026-04-28 05:00:00,80,69,34,,4,9,0,80,,,,,
Tangerang,Tangerang Pasir Jaya,2026-04-24 14:00:00,-,70,35,,58,63,0,65,,,,,
Bekasi,Bekasi Kayuringin,2026-04-28 05:00:00,60,60,37,,77,16,0,23,,,,,
Jakarta,The Pakubuwono Menteng,2026-04-28 05:46:49,101,101,41,78,,,,,58,29.2,,,
Depok,Cinere - Nafas,2026-04-28 05:46:47,140,140,55,96,,,,,0,0,,,
Bogor,Kabupaten Bogor Leuwiliang,2026-04-28 05:00:00,80,69,34,,4,9,0,80,,,,,
Tangerang,Tangerang Pasir Jaya,2026-04-24 14:00:00,-,70,35,,58,63,0,65,,,,,
Bekasi,Bekasi Kayuringin,2026-04-28 05:00:00,60,60,37,,77,16,0,23,,,,,
Jakarta,The Pakubuwono Menteng,2026-04-28 05:47:49,101,101,37,77,,,,,58,29.2,,,
Depok,Cinere - Nafas,2026-04-28 05:47:47,136,136,54,96,,,,,0,0,,,
Bogor,Kabupaten Bogor Leuwiliang,2026-04-28 05:00:00,80,69,34,,4,9,0,80,,,,,
Tangerang,Tangerang Pasir Jaya,2026-04-24 14:00:00,-,70,35,,58,63,0,65,,,,,
Bekasi,Bekasi Kayuringin,2026-04-28 05:00:00,60,60,37,,77,16,0,23,,,,,
Jakarta,The Pakubuwono Menteng,2026-04-28 05:48:49,98,98,35,75,,,,,58,29.2,,,
Depok,Cinere - Nafas,2026-04-28 05:48:47,139,139,54,94,,,,,0,0,,,
Bogor,Kabupaten Bogor Leuwiliang,2026-04-28 05:00:00,80,69,34,,4,9,0,80,,,,,
Tangerang,Tangerang Pasir Jaya,2026-04-24 14:00:00,-,70,35,,58,63,0,65,,,,,
Bekasi,Bekasi Kayuringin,2026-04-28 05:00:00,60,60,37,,77,16,0,23,,,,,
Jakarta,The Pakubuwono Menteng,2026-04-28 05:49:49,100,100,37,74,,,,,58,29.2,,,
Depok,Cinere - Nafas,2026-04-28 05:49:47,137,137,54,94,,,,,0,0,,,
Bogor,Kabupaten Bogor Leuwiliang,2026-04-28 05:00:00,80,69,34,,4,9,0,80,,,,,
Tangerang,Tangerang Pasir Jaya,2026-04-24 14:00:00,-,70,35,,58,63,0,65,,,,,
Bekasi,Bekasi Kayuringin,2026-04-28 05:00:00,60,60,37,,77,16,0,23,,,,,
Jakarta,The Pakubuwono Menteng,2026-04-28 05:50:49,97,97,37,76,,,,,58,29.2,,,
Depok,Cinere - Nafas,2026-04-28 05:50:47,138,138,54,93,,,,,0,0,,,
Bogor,Kabupaten Bogor Leuwiliang,2026-04-28 05:00:00,80,69,34,,4,9,0,80,,,,,
Tangerang,Tangerang Pasir Jaya,2026-04-24 14:00:00,-,70,35,,58,63,0,65,,,,,
Bekasi,Bekasi Kayuringin,2026-04-28 05:00:00,60,60,37,,77,16,0,23,,,,,
Jakarta,The Pakubuwono Menteng,2026-04-28 05:51:49,100,100,37,75,,,,,58,29.2,,,
Depok,Cinere - Nafas,2026-04-28 05:51:47,134,134,54,94,,,,,0,0,,,
Bogor,Kabupaten Bogor Leuwiliang,2026-04-28 05:00:00,80,69,34,,4,9,0,80,,,,,
Tangerang,Tangerang Pasir Jaya,2026-04-24 14:00:00,-,70,35,,58,63,0,65,,,,,
Bekasi,Bekasi Kayuringin,2026-04-28 05:00:00,60,60,37,,77,16,0,23,,,,,
Jakarta,The Pakubuwono Menteng,2026-04-28 05:52:49,100,100,40,76,,,,,58,29.2,,,
Depok,Cinere - Nafas,2026-04-28 05:52:47,134,134,53,93,,,,,0,0,,,
Bogor,Kabupaten Bogor Leuwiliang,2026-04-28 05:00:00,80,69,34,,4,9,0,80,,,,,
Tangerang,Tangerang Pasir Jaya,2026-04-24 14:00:00,-,70,35,,58,63,0,65,,,,,
Bekasi,Bekasi Kayuringin,2026-04-28 05:00:00,60,60,37,,77,16,0,23,,,,,
Jakarta,The Pakubuwono Menteng,2026-04-28 05:53:49,101,101,41,79,,,,,58,29.2,,,
Depok,Cinere - Nafas,2026-04-28 05:53:47,133,133,54,93,,,,,0,0,,,
Bogor,Kabupaten Bogor Leuwiliang,2026-04-28 05:00:00,80,69,34,,4,9,0,80,,,,,
Tangerang,Tangerang Pasir Jaya,2026-04-24 14:00:00,-,70,35,,58,63,0,65,,,,,
Bekasi,Bekasi Kayuringin,2026-04-28 05:00:00,60,60,37,,77,16,0,23,,,,,
Jakarta,The Pakubuwono Menteng,2026-04-28 05:56:49,104,104,40,79,,,,,58,29.2,,,
Depok,Cinere - Nafas,2026-04-28 05:56:47,133,133,53,92,,,,,0,0,,,
Bogor,Kabupaten Bogor Leuwiliang,2026-04-28 05:00:00,80,69,34,,4,9,0,80,,,,,
Tangerang,Tangerang Pasir Jaya,2026-04-24 14:00:00,-,70,35,,58,63,0,65,,,,,
Bekasi,Bekasi Kayuringin,2026-04-28 05:00:00,60,60,37,,77,16,0,23,,,,,
Jakarta,The Pakubuwono Menteng,2026-04-28 05:57:49,102,102,42,78,,,,,58,29.2,,,
Depok,Cinere - Nafas,2026-04-28 05:57:47,127,127,52,92,,,,,0,0,,,
Bogor,Kabupaten Bogor Leuwiliang,2026-04-28 05:00:00,80,69,34,,4,9,0,80,,,,,
Tangerang,Tangerang Pasir Jaya,2026-04-24 14:00:00,-,70,35,,58,63,0,65,,,,,
Bekasi,Bekasi Kayuringin,2026-04-28 05:00:00,60,60,37,,77,16,0,23,,,,,
Jakarta,The Pakubuwono Menteng,2026-04-28 05:58:50,103,103,41,79,,,,,58,29.3,,,
Depok,Cinere - Nafas,2026-04-28 05:58:47,129,129,52,89,,,,,0,0,,,
Bogor,Kabupaten Bogor Leuwiliang,2026-04-28 05:00:00,80,69,34,,4,9,0,80,,,,,
Tangerang,Tangerang Pasir Jaya,2026-04-24 14:00:00,-,70,35,,58,63,0,65,,,,,
Bekasi,Bekasi Kayuringin,2026-04-28 05:00:00,60,60,37,,77,16,0,23,,,,,
Jakarta,The Pakubuwono Menteng,2026-04-28 05:59:50,108,108,43,79,,,,,58,29.3,,,
Depok,Cinere - Nafas,2026-04-28 05:59:47,125,125,51,89,,,,,0,0,,,
Bogor,Kabupaten Bogor Leuwiliang,2026-04-28 05:00:00,80,69,34,,4,9,0,80,,,,,
Tangerang,Tangerang Pasir Jaya,2026-04-24 14:00:00,-,70,35,,58,63,0,65,,,,,
Bekasi,Bekasi Kayuringin,2026-04-28 05:00:00,60,60,37,,77,16,0,23,,,,,
Jakarta,The Pakubuwono Menteng,2026-04-28 06:00:50,104,104,40,78,,,,,58,29.3,,,
Depok,Cinere - Nafas,2026-04-28 06:00:47,126,126,51,89,,,,,0,0,,,
Bogor,Kabupaten Bogor Leuwiliang,2026-04-28 05:00:00,80,69,34,,4,9,0,80,,,,,
Tangerang,Tangerang Pasir Jaya,2026-04-24 14:00:00,-,70,35,,58,63,0,65,,,,,
Bekasi,Bekasi Kayuringin,2026-04-28 05:00:00,60,60,37,,77,16,0,23,,,,,
Jakarta,The Pakubuwono Menteng,2026-04-28 06:00:50,104,104,40,78,,,,,58,29.3,,,
Depok,Cinere - Nafas,2026-04-28 06:00:47,126,126,51,89,,,,,0,0,,,
Bogor,Kabupaten Bogor Leuwiliang,2026-04-28 05:00:00,80,69,34,,4,9,0,80,,,,,
Tangerang,Tangerang Pasir Jaya,2026-04-24 14:00:00,-,70,35,,58,63,0,65,,,,,
Bekasi,Bekasi Kayuringin,2026-04-28 05:00:00,60,60,37,,77,16,0,23,,,,,
Jakarta,The Pakubuwono Menteng,2026-04-28 06:02:50,102,102,41,79,,,,,58,29.3,,,
Depok,Cinere - Nafas,2026-04-28 06:02:47,124,124,51,88,,,,,0,0,,,
Bogor,Kabupaten Bogor Leuwiliang,2026-04-28 05:00:00,80,69,34,,4,9,0,80,,,,,
Tangerang,Tangerang Pasir Jaya,2026-04-24 14:00:00,-,70,35,,58,63,0,65,,,,,
Bekasi,Bekasi Kayuringin,2026-04-28 05:00:00,60,60,37,,77,16,0,23,,,,,
Jakarta,The Pakubuwono Menteng,2026-04-28 06:04:50,109,109,43,79,,,,,58,29.3,,,
Depok,Cinere - Nafas,2026-04-28 06:04:48,126,126,51,90,,,,,0,0,,,
Bogor,Kabupaten Bogor Leuwiliang,2026-04-28 05:00:00,80,69,34,,4,9,0,80,,,,,
Tangerang,Tangerang Pasir Jaya,2026-04-24 14:00:00,-,70,35,,58,63,0,65,,,,,
Bekasi,Bekasi Kayuringin,2026-04-28 05:00:00,60,60,37,,77,16,0,23,,,,,
Jakarta,The Pakubuwono Menteng,2026-04-28 06:05:50,106,106,42,80,,,,,58,29.3,,,
Depok,Cinere - Nafas,2026-04-28 06:05:48,125,125,51,87,,,,,0,0,,,
Bogor,Kabupaten Bogor Leuwiliang,2026-04-28 05:00:00,80,69,34,,4,9,0,80,,,,,
Tangerang,Tangerang Pasir Jaya,2026-04-24 14:00:00,-,70,35,,58,63,0,65,,,,,
Bekasi,Bekasi Kayuringin,2026-04-28 05:00:00,60,60,37,,77,16,0,23,,,,,
Jakarta,The Pakubuwono Menteng,2026-04-28 06:06:50,111,111,43,81,,,,,58,29.3,,,
Depok,Cinere - Nafas,2026-04-28 06:06:48,125,125,50,89,,,,,0,0,,,
Bogor,Kabupaten Bogor Leuwiliang,2026-04-28 05:00:00,80,69,34,,4,9,0,80,,,,,
Tangerang,Tangerang Pasir Jaya,2026-04-24 14:00:00,-,70,35,,58,63,0,65,,,,,
Bekasi,Bekasi Kayuringin,2026-04-28 05:00:00,60,60,37,,77,16,0,23,,,,,
Jakarta,The Pakubuwono Menteng,2026-04-28 06:08:50,109,109,42,79,,,,,58,29.3,,,
Depok,Cinere - Nafas,2026-04-28 06:08:48,131,131,51,90,,,,,0,0,,,
Bogor,Kabupaten Bogor Leuwiliang,2026-04-28 06:00:00,80,69,34,,4,9,0,80,,,,,
Tangerang,Tangerang Pasir Jaya,2026-04-24 14:00:00,-,70,35,,58,63,0,65,,,,,
Bekasi,Bekasi Kayuringin,2026-04-28 06:00:00,60,60,36,,77,16,0,23,,,,,
Jakarta,The Pakubuwono Menteng,2026-04-28 06:09:50,107,107,42,80,,,,,58,29.3,,,
Depok,Cinere - Nafas,2026-04-28 06:09:48,126,126,51,88,,,,,0,0,,,
Bogor,Kabupaten Bogor Leuwiliang,2026-04-28 06:00:00,80,69,34,,4,9,0,80,,,,,
Tangerang,Tangerang Pasir Jaya,2026-04-24 14:00:00,-,70,35,,58,63,0,65,,,,,
Bekasi,Bekasi Kayuringin,2026-04-28 06:00:00,60,60,36,,77,16,0,23,,,,,
Jakarta,The Pakubuwono Menteng,2026-04-28 06:09:50,107,107,42,80,,,,,58,29.3,,,
Depok,Cinere - Nafas,2026-04-28 06:09:48,126,126,51,88,,,,,0,0,,,
Bogor,Kabupaten Bogor Leuwiliang,2026-04-28 06:00:00,80,69,34,,4,9,0,80,,,,,
Tangerang,Tangerang Pasir Jaya,2026-04-24 14:00:00,-,70,35,,58,63,0,65,,,,,
Bekasi,Bekasi Kayuringin,2026-04-28 06:00:00,60,60,36,,77,16,0,23,,,,,
Jakarta,The Pakubuwono Menteng,2026-04-28 06:10:50,114,114,45,83,,,,,58,29.3,,,
Depok,Cinere - Nafas,2026-04-28 06:10:48,125,125,51,88,,,,,0,0,,,
Bogor,Kabupaten Bogor Leuwiliang,2026-04-28 06:00:00,80,69,34,,4,9,0,80,,,,,
Tangerang,Tangerang Pasir Jaya,2026-04-24 14:00:00,-,70,35,,58,63,0,65,,,,,
Bekasi,Bekasi Kayuringin,2026-04-28 06:00:00,60,60,36,,77,16,0,23,,,,,
Jakarta,The Pakubuwono Menteng,2026-04-28 06:11:50,108,108,44,83,,,,,58,29.3,,,
Depok,Cinere - Nafas,2026-04-28 06:11:48,123,123,50,87,,,,,0,0,,,
Bogor,Kabupaten Bogor Leuwiliang,2026-04-28 06:00:00,80,69,34,,4,9,0,80,,,,,
Tangerang,Tangerang Pasir Jaya,2026-04-24 14:00:00,-,70,35,,58,63,0,65,,,,,
Bekasi,Bekasi Kayuringin,2026-04-28 06:00:00,60,60,36,,77,16,0,23,,,,,
Jakarta,The Pakubuwono Menteng,2026-04-28 06:14:50,110,110,43,81,,,,,58,29.3,,,
Depok,Cinere - Nafas,2026-04-28 06:14:48,124,124,50,85,,,,,0,0,,,
Bogor,Kabupaten Bogor Leuwiliang,2026-04-28 06:00:00,80,69,34,,4,9,0,80,,,,,
Tangerang,Tangerang Pasir Jaya,2026-04-24 14:00:00,-,70,35,,58,63,0,65,,,,,
Bekasi,Bekasi Kayuringin,2026-04-28 06:00:00,60,60,36,,77,16,0,23,,,,,
Jakarta,The Pakubuwono Menteng,2026-04-28 06:15:50,118,118,45,84,,,,,58,29.3,,,
Depok,Cinere - Nafas,2026-04-28 06:15:48,120,120,48,85,,,,,0,0,,,
Bogor,Kabupaten Bogor Leuwiliang,2026-04-28 06:00:00,80,69,34,,4,9,0,80,,,,,
Tangerang,Tangerang Pasir Jaya,2026-04-24 14:00:00,-,70,35,,58,63,0,65,,,,,
Bekasi,Bekasi Kayuringin,2026-04-28 06:00:00,60,60,36,,77,16,0,23,,,,,
Jakarta,The Pakubuwono Menteng,2026-04-28 06:16:50,118,118,48,86,,,,,58,29.3,,,
Depok,Cinere - Nafas,2026-04-28 06:16:48,125,125,50,87,,,,,0,0,,,
Bogor,Kabupaten Bogor Leuwiliang,2026-04-28 06:00:00,80,69,34,,4,9,0,80,,,,,
Tangerang,Tangerang Pasir Jaya,2026-04-24 14:00:00,-,70,35,,58,63,0,65,,,,,
Bekasi,Bekasi Kayuringin,2026-04-28 06:00:00,60,60,36,,77,16,0,23,,,,,
Jakarta,The Pakubuwono Menteng,2026-04-28 06:17:50,118,118,48,85,,,,,58,29.3,,,
Depok,Cinere - Nafas,2026-04-28 06:17:48,119,119,48,86,,,,,0,0,,,
Bogor,Kabupaten Bogor Leuwiliang,2026-04-28 06:00:00,80,69,34,,4,9,0,80,,,,,
Tangerang,Tangerang Pasir Jaya,2026-04-24 14:00:00,-,70,35,,58,63,0,65,,,,,
Bekasi,Bekasi Kayuringin,2026-04-28 06:00:00,60,60,36,,77,16,0,23,,,,,
Jakarta,The Pakubuwono Menteng,2026-04-28 06:18:50,111,111,43,83,,,,,58,29.3,,,
Depok,Cinere - Nafas,2026-04-28 06:18:48,116,116,48,83,,,,,0,0,,,
Bogor,Kabupaten Bogor Leuwiliang,2026-04-28 06:00:00,80,69,34,,4,9,0,80,,,,,
Tangerang,Tangerang Pasir Jaya,2026-04-24 14:00:00,-,70,35,,58,63,0,65,,,,,
Bekasi,Bekasi Kayuringin,2026-04-28 06:00:00,60,60,36,,77,16,0,23,,,,,
Jakarta,The Pakubuwono Menteng,2026-04-28 06:19:52,110,110,43,82,,,,,58,29.3,,,
Depok,Cinere - Nafas,2026-04-28 06:19:48,120,120,47,83,,,,,0,0,,,
Bogor,Kabupaten Bogor Leuwiliang,2026-04-28 06:00:00,80,69,34,,4,9,0,80,,,,,
Tangerang,Tangerang Pasir Jaya,2026-04-24 14:00:00,-,70,35,,58,63,0,65,,,,,
Bekasi,Bekasi Kayuringin,2026-04-28 06:00:00,60,60,36,,77,16,0,23,,,,,
Jakarta,The Pakubuwono Menteng,2026-04-28 06:20:50,118,118,45,83,,,,,58,29.2,,,
Depok,Cinere - Nafas,2026-04-28 06:20:48,120,120,49,84,,,,,0,0,,,
Bogor,Kabupaten Bogor Leuwiliang,2026-04-28 06:00:00,80,69,34,,4,9,0,80,,,,,
Tangerang,Tangerang Pasir Jaya,2026-04-24 14:00:00,-,70,35,,58,63,0,65,,,,,
Bekasi,Bekasi Kayuringin,2026-04-28 06:00:00,60,60,36,,77,16,0,23,,,,,
Jakarta,The Pakubuwono Menteng,2026-04-28 06:21:50,115,115,45,83,,,,,58,29.2,,,
Depok,Cinere - Nafas,2026-04-28 06:21:48,116,116,46,83,,,,,0,0,,,
Bogor,Kabupaten Bogor Leuwiliang,2026-04-28 06:00:00,80,69,34,,4,9,0,80,,,,,
Tangerang,Tangerang Pasir Jaya,2026-04-24 14:00:00,-,70,35,,58,63,0,65,,,,,
Bekasi,Bekasi Kayuringin,2026-04-28 06:00:00,60,60,36,,77,16,0,23,,,,,
Jakarta,The Pakubuwono Menteng,2026-04-28 06:23:50,116,116,45,82,,,,,59,29.2,,,
Depok,Cinere - Nafas,2026-04-28 06:23:48,118,118,48,85,,,,,0,0,,,
Bogor,Kabupaten Bogor Leuwiliang,2026-04-28 06:00:00,80,69,34,,4,9,0,80,,,,,
Tangerang,Tangerang Pasir Jaya,2026-04-24 14:00:00,-,70,35,,58,63,0,65,,,,,
Bekasi,Bekasi Kayuringin,2026-04-28 06:00:00,60,60,36,,77,16,0,23,,,,,
Jakarta,The Pakubuwono Menteng,2026-04-28 06:24:50,118,118,46,83,,,,,59,29.2,,,
Depok,Cinere - Nafas,2026-04-28 06:24:48,118,118,48,83,,,,,0,0,,,
Bogor,Kabupaten Bogor Leuwiliang,2026-04-28 06:00:00,80,69,34,,4,9,0,80,,,,,
Tangerang,Tangerang Pasir Jaya,2026-04-24 14:00:00,-,70,35,,58,63,0,65,,,,,
Bekasi,Bekasi Kayuringin,2026-04-28 06:00:00,60,60,36,,77,16,0,23,,,,,
Jakarta,The Pakubuwono Menteng,2026-04-28 06:26:50,116,116,46,83,,,,,59,29.2,,,
Depok,Cinere - Nafas,2026-04-28 06:26:48,123,123,50,85,,,,,0,0,,,
Bogor,Kabupaten Bogor Leuwiliang,2026-04-28 06:00:00,80,69,34,,4,9,0,80,,,,,
Tangerang,Tangerang Pasir Jaya,2026-04-24 14:00:00,-,70,35,,58,63,0,65,,,,,
Bekasi,Bekasi Kayuringin,2026-04-28 06:00:00,60,60,36,,77,16,0,23,,,,,
Jakarta,The Pakubuwono Menteng,2026-04-28 06:27:50,115,115,46,83,,,,,59,29.1,,,
Depok,Cinere - Nafas,2026-04-28 06:27:48,121,121,49,85,,,,,0,0,,,
Bogor,Kabupaten Bogor Leuwiliang,2026-04-28 06:00:00,80,69,34,,4,9,0,80,,,,,
Tangerang,Tangerang Pasir Jaya,2026-04-24 14:00:00,-,70,35,,58,63,0,65,,,,,
Bekasi,Bekasi Kayuringin,2026-04-28 06:00:00,60,60,36,,77,16,0,23,,,,,
Jakarta,The Pakubuwono Menteng,2026-04-28 06:28:50,119,119,49,84,,,,,59,29,,,
Depok,Cinere - Nafas,2026-04-28 06:28:48,122,122,50,86,,,,,0,0,,,
Bogor,Kabupaten Bogor Leuwiliang,2026-04-28 06:00:00,80,69,34,,4,9,0,80,,,,,
Tangerang,Tangerang Pasir Jaya,2026-04-24 14:00:00,-,70,35,,58,63,0,65,,,,,
Bekasi,Bekasi Kayuringin,2026-04-28 06:00:00,60,60,36,,77,16,0,23,,,,,
Jakarta,The Pakubuwono Menteng,2026-04-28 06:28:50,119,119,49,84,,,,,59,29,,,
Depok,Cinere - Nafas,2026-04-28 06:28:48,122,122,50,86,,,,,0,0,,,
Bogor,Kabupaten Bogor Leuwiliang,2026-04-28 06:00:00,80,69,34,,4,9,0,80,,,,,
Tangerang,Tangerang Pasir Jaya,2026-04-24 14:00:00,-,70,35,,58,63,0,65,,,,,
Bekasi,Bekasi Kayuringin,2026-04-28 06:00:00,60,60,36,,77,16,0,23,,,,,
Jakarta,The Pakubuwono Menteng,2026-04-28 06:29:50,114,114,44,82,,,,,59,29,,,
Depok,Cinere - Nafas,2026-04-28 06:29:48,123,123,50,88,,,,,0,0,,,
Bogor,Kabupaten Bogor Leuwiliang,2026-04-28 06:00:00,80,69,34,,4,9,0,80,,,,,
Tangerang,Tangerang Pasir Jaya,2026-04-24 14:00:00,-,70,35,,58,63,0,65,,,,,
Bekasi,Bekasi Kayuringin,2026-04-28 06:00:00,60,60,36,,77,16,0,23,,,,,
Jakarta,The Pakubuwono Menteng,2026-04-28 06:31:50,113,113,44,83,,,,,60,28.9,,,
Depok,Cinere - Nafas,2026-04-28 06:32:48,124,124,50,86,,,,,0,0,,,
Bogor,Kabupaten Bogor Leuwiliang,2026-04-28 06:00:00,80,69,34,,4,9,0,80,,,,,
Tangerang,Tangerang Pasir Jaya,2026-04-24 14:00:00,-,70,35,,58,63,0,65,,,,,
Bekasi,Bekasi Kayuringin,2026-04-28 06:00:00,60,60,36,,77,16,0,23,,,,,
Jakarta,The Pakubuwono Menteng,2026-04-28 06:33:50,105,105,42,79,,,,,60,28.9,,,
Depok,Cinere - Nafas,2026-04-28 06:33:48,126,126,50,89,,,,,0,0,,,
Bogor,Kabupaten Bogor Leuwiliang,2026-04-28 06:00:00,80,69,34,,4,9,0,80,,,,,
Tangerang,Tangerang Pasir Jaya,2026-04-24 14:00:00,-,70,35,,58,63,0,65,,,,,
Bekasi,Bekasi Kayuringin,2026-04-28 06:00:00,60,60,36,,77,16,0,23,,,,,
Jakarta,The Pakubuwono Menteng,2026-04-28 06:34:50,118,118,48,83,,,,,60,28.9,,,
Depok,Cinere - Nafas,2026-04-28 06:34:48,122,122,50,84,,,,,0,0,,,
Bogor,Kabupaten Bogor Leuwiliang,2026-04-28 06:00:00,80,69,34,,4,9,0,80,,,,,
Tangerang,Tangerang Pasir Jaya,2026-04-24 14:00:00,-,70,35,,58,63,0,65,,,,,
Bekasi,Bekasi Kayuringin,2026-04-28 06:00:00,60,60,36,,77,16,0,23,,,,,
Jakarta,The Pakubuwono Menteng,2026-04-28 06:35:50,116,116,46,83,,,,,60,28.9,,,
Depok,Cinere - Nafas,2026-04-28 06:35:48,124,124,50,87,,,,,0,0,,,
Bogor,Kabupaten Bogor Leuwiliang,2026-04-28 06:00:00,80,69,34,,4,9,0,80,,,,,
Tangerang,Tangerang Pasir Jaya,2026-04-24 14:00:00,-,70,35,,58,63,0,65,,,,,
Bekasi,Bekasi Kayuringin,2026-04-28 06:00:00,60,60,36,,77,16,0,23,,,,,
Jakarta,The Pakubuwono Menteng,2026-04-28 06:36:53,111,111,44,83,,,,,60,28.9,,,
Depok,Cinere - Nafas,2026-04-28 06:36:48,125,125,50,87,,,,,0,0,,,
Bogor,Kabupaten Bogor Leuwiliang,2026-04-28 06:00:00,80,69,34,,4,9,0,80,,,,,
Tangerang,Tangerang Pasir Jaya,2026-04-24 14:00:00,-,70,35,,58,63,0,65,,,,,
Bekasi,Bekasi Kayuringin,2026-04-28 06:00:00,60,60,36,,77,16,0,23,,,,,
Jakarta,The Pakubuwono Menteng,2026-04-28 06:38:50,113,113,45,83,,,,,60,28.9,,,
Depok,Cinere - Nafas,2026-04-28 06:38:48,124,124,51,87,,,,,0,0,,,
Bogor,Kabupaten Bogor Leuwiliang,2026-04-28 06:00:00,80,69,34,,4,9,0,80,,,,,
Tangerang,Tangerang Pasir Jaya,2026-04-24 14:00:00,-,70,35,,58,63,0,65,,,,,
Bekasi,Bekasi Kayuringin,2026-04-28 06:00:00,60,60,36,,77,16,0,23,,,,,
Jakarta,The Pakubuwono Menteng,2026-04-28 06:39:51,113,113,44,85,,,,,60,28.9,,,
Depok,Cinere - Nafas,2026-04-28 06:39:48,126,126,51,89,,,,,0,0,,,
Bogor,Kabupaten Bogor Leuwiliang,2026-04-28 06:00:00,80,69,34,,4,9,0,80,,,,,
Tangerang,Tangerang Pasir Jaya,2026-04-24 14:00:00,-,70,35,,58,63,0,65,,,,,
Bekasi,Bekasi Kayuringin,2026-04-28 06:00:00,60,60,36,,77,16,0,23,,,,,
Jakarta,The Pakubuwono Menteng,2026-04-28 06:39:51,113,113,44,85,,,,,60,28.9,,,
Depok,Cinere - Nafas,2026-04-28 06:39:48,126,126,51,89,,,,,0,0,,,
Bogor,Kabupaten Bogor Leuwiliang,2026-04-28 06:00:00,80,69,34,,4,9,0,80,,,,,
Tangerang,Tangerang Pasir Jaya,2026-04-24 14:00:00,-,70,35,,58,63,0,65,,,,,
Bekasi,Bekasi Kayuringin,2026-04-28 06:00:00,60,60,36,,77,16,0,23,,,,,
Jakarta,The Pakubuwono Menteng,2026-04-28 06:40:51,118,118,46,83,,,,,60,28.9,,,
Depok,Cinere - Nafas,2026-04-28 06:40:48,123,123,49,87,,,,,0,0,,,
Bogor,Kabupaten Bogor Leuwiliang,2026-04-28 06:00:00,80,69,34,,4,9,0,80,,,,,
Tangerang,Tangerang Pasir Jaya,2026-04-24 14:00:00,-,70,35,,58,63,0,65,,,,,
Bekasi,Bekasi Kayuringin,2026-04-28 06:00:00,60,60,36,,77,16,0,23,,,,,
Jakarta,The Pakubuwono Menteng,2026-04-28 06:43:51,118,118,47,84,,,,,60,28.8,,,
Depok,Cinere - Nafas,2026-04-28 06:43:48,123,123,50,87,,,,,0,0,,,
Bogor,Kabupaten Bogor Leuwiliang,2026-04-28 06:00:00,80,69,34,,4,9,0,80,,,,,
Tangerang,Tangerang Pasir Jaya,2026-04-24 14:00:00,-,70,35,,58,63,0,65,,,,,
Bekasi,Bekasi Kayuringin,2026-04-28 06:00:00,60,60,36,,77,16,0,23,,,,,
Jakarta,The Pakubuwono Menteng,2026-04-28 06:44:51,114,114,45,83,,,,,61,28.8,,,
Depok,Cinere - Nafas,2026-04-28 06:44:48,120,120,49,87,,,,,0,0,,,
Bogor,Kabupaten Bogor Leuwiliang,2026-04-28 06:00:00,80,69,34,,4,9,0,80,,,,,
Tangerang,Tangerang Pasir Jaya,2026-04-24 14:00:00,-,70,35,,58,63,0,65,,,,,
Bekasi,Bekasi Kayuringin,2026-04-28 06:00:00,60,60,36,,77,16,0,23,,,,,
Jakarta,The Pakubuwono Menteng,2026-04-28 06:45:51,120,120,47,86,,,,,61,28.8,,,
Depok,Cinere - Nafas,2026-04-28 06:45:48,124,124,50,88,,,,,0,0,,,
Bogor,Kabupaten Bogor Leuwiliang,2026-04-28 06:00:00,80,69,34,,4,9,0,80,,,,,
Tangerang,Tangerang Pasir Jaya,2026-04-24 14:00:00,-,70,35,,58,63,0,65,,,,,
Bekasi,Bekasi Kayuringin,2026-04-28 06:00:00,60,60,36,,77,16,0,23,,,,,
Jakarta,The Pakubuwono Menteng,2026-04-28 06:46:51,118,118,48,85,,,,,61,28.8,,,
Depok,Cinere - Nafas,2026-04-28 06:46:48,122,122,50,88,,,,,0,0,,,
Bogor,Kabupaten Bogor Leuwiliang,2026-04-28 06:00:00,80,69,34,,4,9,0,80,,,,,
Tangerang,Tangerang Pasir Jaya,2026-04-24 14:00:00,-,70,35,,58,63,0,65,,,,,
Bekasi,Bekasi Kayuringin,2026-04-28 06:00:00,60,60,36,,77,16,0,23,,,,,
Jakarta,The Pakubuwono Menteng,2026-04-28 06:47:51,118,118,48,86,,,,,61,28.8,,,
Depok,Cinere - Nafas,2026-04-28 06:47:48,119,119,49,87,,,,,0,0,,,
Bogor,Kabupaten Bogor Leuwiliang,2026-04-28 06:00:00,80,69,34,,4,9,0,80,,,,,
Tangerang,Tangerang Pasir Jaya,2026-04-24 14:00:00,-,70,35,,58,63,0,65,,,,,
Bekasi,Bekasi Kayuringin,2026-04-28 06:00:00,60,60,36,,77,16,0,23,,,,,
Jakarta,The Pakubuwono Menteng,2026-04-28 06:47:51,118,118,48,86,,,,,61,28.8,,,
Depok,Cinere - Nafas,2026-04-28 06:47:48,119,119,49,87,,,,,0,0,,,
Bogor,Kabupaten Bogor Leuwiliang,2026-04-28 06:00:00,80,69,34,,4,9,0,80,,,,,
Tangerang,Tangerang Pasir Jaya,2026-04-24 14:00:00,-,70,35,,58,63,0,65,,,,,
Bekasi,Bekasi Kayuringin,2026-04-28 06:00:00,60,60,36,,77,16,0,23,,,,,
Jakarta,The Pakubuwono Menteng,2026-04-28 06:49:51,118,118,47,86,,,,,61,28.7,,,
Depok,Cinere - Nafas,2026-04-28 06:49:48,120,120,48,85,,,,,0,0,,,
Bogor,Kabupaten Bogor Leuwiliang,2026-04-28 06:00:00,80,69,34,,4,9,0,80,,,,,
Tangerang,Tangerang Pasir Jaya,2026-04-24 14:00:00,-,70,35,,58,63,0,65,,,,,
Bekasi,Bekasi Kayuringin,2026-04-28 06:00:00,60,60,36,,77,16,0,23,,,,,
Jakarta,The Pakubuwono Menteng,2026-04-28 06:50:51,118,118,48,86,,,,,61,28.7,,,
Depok,Cinere - Nafas,2026-04-28 06:50:48,118,118,48,85,,,,,0,0,,,
Bogor,Kabupaten Bogor Leuwiliang,2026-04-28 06:00:00,80,69,34,,4,9,0,80,,,,,
Tangerang,Tangerang Pasir Jaya,2026-04-24 14:00:00,-,70,35,,58,63,0,65,,,,,
Bekasi,Bekasi Kayuringin,2026-04-28 06:00:00,60,60,36,,77,16,0,23,,,,,
Jakarta,The Pakubuwono Menteng,2026-04-28 06:52:51,135,135,53,94,,,,,61,28.7,,,
Depok,Cinere - Nafas,2026-04-28 06:52:49,117,117,47,86,,,,,0,0,,,
Bogor,Kabupaten Bogor Leuwiliang,2026-04-28 06:00:00,80,69,34,,4,9,0,80,,,,,
Tangerang,Tangerang Pasir Jaya,2026-04-24 14:00:00,-,70,35,,58,63,0,65,,,,,
Bekasi,Bekasi Kayuringin,2026-04-28 06:00:00,60,60,36,,77,16,0,23,,,,,
Jakarta,The Pakubuwono Menteng,2026-04-28 06:53:51,125,125,50,89,,,,,61,28.7,,,
Depok,Cinere - Nafas,2026-04-28 06:53:48,119,119,48,86,,,,,0,0,,,
Bogor,Kabupaten Bogor Leuwiliang,2026-04-28 06:00:00,80,69,34,,4,9,0,80,,,,,
Tangerang,Tangerang Pasir Jaya,2026-04-24 14:00:00,-,70,35,,58,63,0,65,,,,,
Bekasi,Bekasi Kayuringin,2026-04-28 06:00:00,60,60,36,,77,16,0,23,,,,,
Jakarta,The Pakubuwono Menteng,2026-04-28 06:55:51,124,124,50,88,,,,,61,28.7,,,
Depok,Cinere - Nafas,2026-04-28 06:55:48,118,118,48,83,,,,,0,0,,,
Bogor,Kabupaten Bogor Leuwiliang,2026-04-28 06:00:00,80,69,34,,4,9,0,80,,,,,
Tangerang,Tangerang Pasir Jaya,2026-04-24 14:00:00,-,70,35,,58,63,0,65,,,,,
Bekasi,Bekasi Kayuringin,2026-04-28 06:00:00,60,60,36,,77,16,0,23,,,,,
Jakarta,The Pakubuwono Menteng,2026-04-28 06:56:51,128,128,51,91,,,,,62,28.7,,,
Depok,Cinere - Nafas,2026-04-28 06:56:49,118,118,48,83,,,,,0,0,,,
Bogor,Kabupaten Bogor Leuwiliang,2026-04-28 06:00:00,80,69,34,,4,9,0,80,,,,,
Tangerang,Tangerang Pasir Jaya,2026-04-24 14:00:00,-,70,35,,58,63,0,65,,,,,
Bekasi,Bekasi Kayuringin,2026-04-28 06:00:00,60,60,36,,77,16,0,23,,,,,
Jakarta,The Pakubuwono Menteng,2026-04-28 06:57:51,129,129,52,94,,,,,61,28.7,,,
Depok,Cinere - Nafas,2026-04-28 06:57:49,120,120,48,88,,,,,0,0,,,
Bogor,Kabupaten Bogor Leuwiliang,2026-04-28 06:00:00,80,69,34,,4,9,0,80,,,,,
Tangerang,Tangerang Pasir Jaya,2026-04-24 14:00:00,-,70,35,,58,63,0,65,,,,,
Bekasi,Bekasi Kayuringin,2026-04-28 06:00:00,60,60,36,,77,16,0,23,,,,,
Jakarta,The Pakubuwono Menteng,2026-04-28 06:58:52,120,120,50,87,,,,,61,28.7,,,
Depok,Cinere - Nafas,2026-04-28 06:58:48,117,117,47,84,,,,,0,0,,,
Bogor,Kabupaten Bogor Leuwiliang,2026-04-28 06:00:00,80,69,34,,4,9,0,80,,,,,
Tangerang,Tangerang Pasir Jaya,2026-04-24 14:00:00,-,70,35,,58,63,0,65,,,,,
Bekasi,Bekasi Kayuringin,2026-04-28 06:00:00,60,60,36,,77,16,0,23,,,,,
Jakarta,The Pakubuwono Menteng,2026-04-28 06:59:51,119,119,48,86,,,,,62,28.7,,,
Depok,Cinere - Nafas,2026-04-28 06:59:49,120,120,47,85,,,,,0,0,,,
Bogor,Kabupaten Bogor Leuwiliang,2026-04-28 06:00:00,80,69,34,,4,9,0,80,,,,,
Tangerang,Tangerang Pasir Jaya,2026-04-24 14:00:00,-,70,35,,58,63,0,65,,,,,
Bekasi,Bekasi Kayuringin,2026-04-28 06:00:00,60,60,36,,77,16,0,23,,,,,
Jakarta,The Pakubuwono Menteng,2026-04-28 07:00:51,124,124,50,88,,,,,62,28.6,,,
Depok,Cinere - Nafas,2026-04-28 07:00:49,120,120,50,87,,,,,0,0,,,
Bogor,Kabupaten Bogor Leuwiliang,2026-04-28 06:00:00,80,69,34,,4,9,0,80,,,,,
Tangerang,Tangerang Pasir Jaya,2026-04-24 14:00:00,-,70,35,,58,63,0,65,,,,,
Bekasi,Bekasi Kayuringin,2026-04-28 06:00:00,60,60,36,,77,16,0,23,,,,,
Jakarta,The Pakubuwono Menteng,2026-04-28 07:02:51,117,117,45,83,,,,,62,28.5,,,
Depok,Cinere - Nafas,2026-04-28 07:02:49,128,128,52,89,,,,,0,0,,,
Bogor,Kabupaten Bogor Leuwiliang,2026-04-28 06:00:00,80,69,34,,4,9,0,80,,,,,
Tangerang,Tangerang Pasir Jaya,2026-04-24 14:00:00,-,70,35,,58,63,0,65,,,,,
Bekasi,Bekasi Kayuringin,2026-04-28 06:00:00,60,60,36,,77,16,0,23,,,,,
Jakarta,The Pakubuwono Menteng,2026-04-28 07:03:51,116,116,47,83,,,,,62,28.5,,,
Depok,Cinere - Nafas,2026-04-28 07:03:49,126,126,52,89,,,,,0,0,,,
Bogor,Kabupaten Bogor Leuwiliang,2026-04-28 06:00:00,80,69,34,,4,9,0,80,,,,,
Tangerang,Tangerang Pasir Jaya,2026-04-24 14:00:00,-,70,35,,58,63,0,65,,,,,
Bekasi,Bekasi Kayuringin,2026-04-28 06:00:00,60,60,36,,77,16,0,23,,,,,
Jakarta,The Pakubuwono Menteng,2026-04-28 07:04:51,113,113,45,83,,,,,62,28.4,,,
Depok,Cinere - Nafas,2026-04-28 07:04:49,129,129,52,91,,,,,0,0,,,
Bogor,Kabupaten Bogor Leuwiliang,2026-04-28 06:00:00,80,69,34,,4,9,0,80,,,,,
Tangerang,Tangerang Pasir Jaya,2026-04-24 14:00:00,-,70,35,,58,63,0,65,,,,,
Bekasi,Bekasi Kayuringin,2026-04-28 06:00:00,60,60,36,,77,16,0,23,,,,,
Jakarta,The Pakubuwono Menteng,2026-04-28 07:05:51,113,113,44,83,,,,,62,28.4,,,
Depok,Cinere - Nafas,2026-04-28 07:05:49,128,128,52,90,,,,,0,0,,,
Bogor,Kabupaten Bogor Leuwiliang,2026-04-28 06:00:00,80,69,34,,4,9,0,80,,,,,
Tangerang,Tangerang Pasir Jaya,2026-04-24 14:00:00,-,70,35,,58,63,0,65,,,,,
Bekasi,Bekasi Kayuringin,2026-04-28 06:00:00,60,60,36,,77,16,0,23,,,,,
Jakarta,The Pakubuwono Menteng,2026-04-28 07:06:51,110,110,43,83,,,,,62,28.3,,,
Depok,Cinere - Nafas,2026-04-28 07:06:49,129,129,52,90,,,,,0,0,,,
Bogor,Kabupaten Bogor Leuwiliang,2026-04-28 06:00:00,80,69,34,,4,9,0,80,,,,,
Tangerang,Tangerang Pasir Jaya,2026-04-24 14:00:00,-,70,35,,58,63,0,65,,,,,
Bekasi,Bekasi Kayuringin,2026-04-28 06:00:00,60,60,36,,77,16,0,23,,,,,
Jakarta,The Pakubuwono Menteng,2026-04-28 07:07:51,107,107,41,79,,,,,62,28.3,,,
Depok,Cinere - Nafas,2026-04-28 07:07:49,126,126,50,88,,,,,0,0,,,
Bogor,Kabupaten Bogor Leuwiliang,2026-04-28 07:00:00,80,70,35,,4,9,0,80,,,,,
Tangerang,Tangerang Pasir Jaya,2026-04-28 07:00:00,108,108,50,,59,63,0,65,,,,,
Bekasi,Bekasi Kayuringin,2026-04-28 07:00:00,57,57,35,,78,16,0,23,,,,,
Jakarta,The Pakubuwono Menteng,2026-04-28 07:09:51,106,106,43,78,,,,,62,28.2,,,
Depok,Cinere - Nafas,2026-04-28 07:09:49,127,127,52,89,,,,,0,0,,,
Bogor,Kabupaten Bogor Leuwiliang,2026-04-28 07:00:00,80,70,35,,4,9,0,80,,,,,
Tangerang,Tangerang Pasir Jaya,2026-04-28 07:00:00,108,108,50,,59,63,0,65,,,,,
Bekasi,Bekasi Kayuringin,2026-04-28 07:00:00,57,57,35,,78,16,0,23,,,,,
Jakarta,The Pakubuwono Menteng,2026-04-28 07:10:51,100,100,40,78,,,,,62,28.1,,,
Depok,Cinere - Nafas,2026-04-28 07:10:49,128,128,51,89,,,,,0,0,,,
Bogor,Kabupaten Bogor Leuwiliang,2026-04-28 07:00:00,80,70,35,,4,9,0,80,,,,,
Tangerang,Tangerang Pasir Jaya,2026-04-28 07:00:00,108,108,50,,59,63,0,65,,,,,
Bekasi,Bekasi Kayuringin,2026-04-28 07:00:00,57,57,35,,78,16,0,23,,,,,
Jakarta,The Pakubuwono Menteng,2026-04-28 07:11:51,108,108,41,79,,,,,63,28.1,,,
Depok,Cinere - Nafas,2026-04-28 07:11:49,131,131,53,94,,,,,0,0,,,
Bogor,Kabupaten Bogor Leuwiliang,2026-04-28 07:00:00,80,70,35,,4,9,0,80,,,,,
Tangerang,Tangerang Pasir Jaya,2026-04-28 07:00:00,108,108,50,,59,63,0,65,,,,,
Bekasi,Bekasi Kayuringin,2026-04-28 07:00:00,57,57,35,,78,16,0,23,,,,,
Jakarta,The Pakubuwono Menteng,2026-04-28 07:12:51,97,97,40,73,,,,,63,28,,,
Depok,Cinere - Nafas,2026-04-28 07:12:49,125,125,53,89,,,,,0,0,,,
Bogor,Kabupaten Bogor Leuwiliang,2026-04-28 07:00:00,80,70,35,,4,9,0,80,,,,,
Tangerang,Tangerang Pasir Jaya,2026-04-28 07:00:00,108,108,50,,59,63,0,65,,,,,
Bekasi,Bekasi Kayuringin,2026-04-28 07:00:00,57,57,35,,78,16,0,23,,,,,
Jakarta,The Pakubuwono Menteng,2026-04-28 07:13:51,100,100,42,74,,,,,63,28,,,
Depok,Cinere - Nafas,2026-04-28 07:13:49,130,130,52,93,,,,,0,0,,,
Bogor,Kabupaten Bogor Leuwiliang,2026-04-28 07:00:00,80,70,35,,4,9,0,80,,,,,
Tangerang,Tangerang Pasir Jaya,2026-04-28 07:00:00,108,108,50,,59,63,0,65,,,,,
Bekasi,Bekasi Kayuringin,2026-04-28 07:00:00,57,57,35,,78,16,0,23,,,,,
Jakarta,The Pakubuwono Menteng,2026-04-28 07:15:51,101,101,39,74,,,,,63,28,,,
Depok,Cinere - Nafas,2026-04-28 07:15:49,135,135,53,93,,,,,0,0,,,
Bogor,Kabupaten Bogor Leuwiliang,2026-04-28 07:00:00,80,70,35,,4,9,0,80,,,,,
Tangerang,Tangerang Pasir Jaya,2026-04-28 07:00:00,108,108,50,,59,63,0,65,,,,,
Bekasi,Bekasi Kayuringin,2026-04-28 07:00:00,57,57,35,,78,16,0,23,,,,,
Jakarta,The Pakubuwono Menteng,2026-04-28 07:16:52,98,98,37,74,,,,,63,28,,,
Depok,Cinere - Nafas,2026-04-28 07:17:49,133,133,53,94,,,,,0,0,,,
Bogor,Kabupaten Bogor Leuwiliang,2026-04-28 07:00:00,80,70,35,,4,9,0,80,,,,,
Tangerang,Tangerang Pasir Jaya,2026-04-28 07:00:00,108,108,50,,59,63,0,65,,,,,
Bekasi,Bekasi Kayuringin,2026-04-28 07:00:00,57,57,35,,78,16,0,23,,,,,
Jakarta,The Pakubuwono Menteng,2026-04-28 07:17:51,99,99,40,74,,,,,63,27.9,,,
Depok,Cinere - Nafas,2026-04-28 07:17:49,133,133,53,94,,,,,0,0,,,
Bogor,Kabupaten Bogor Leuwiliang,2026-04-28 07:00:00,80,70,35,,4,9,0,80,,,,,
Tangerang,Tangerang Pasir Jaya,2026-04-28 07:00:00,108,108,50,,59,63,0,65,,,,,
Bekasi,Bekasi Kayuringin,2026-04-28 07:00:00,57,57,35,,78,16,0,23,,,,,
Jakarta,The Pakubuwono Menteng,2026-04-28 07:18:51,97,97,36,73,,,,,63,27.9,,,
Depok,Cinere - Nafas,2026-04-28 07:19:49,133,133,54,93,,,,,0,0,,,
Bogor,Kabupaten Bogor Leuwiliang,2026-04-28 07:00:00,80,70,35,,4,9,0,80,,,,,
Tangerang,Tangerang Pasir Jaya,2026-04-28 07:00:00,108,108,50,,59,63,0,65,,,,,
Bekasi,Bekasi Kayuringin,2026-04-28 07:00:00,57,57,35,,78,16,0,23,,,,,
Jakarta,The Pakubuwono Menteng,2026-04-28 07:20:53,93,93,33,70,,,,,63,27.9,,,
Depok,Cinere - Nafas,2026-04-28 07:21:49,136,136,54,93,,,,,0,0,,,
Bogor,Kabupaten Bogor Leuwiliang,2026-04-28 07:00:00,80,70,35,,4,9,0,80,,,,,
Tangerang,Tangerang Pasir Jaya,2026-04-28 07:00:00,108,108,50,,59,63,0,65,,,,,
Bekasi,Bekasi Kayuringin,2026-04-28 07:00:00,57,57,35,,78,16,0,23,,,,,
Jakarta,The Pakubuwono Menteng,2026-04-28 07:21:52,96,96,34,72,,,,,63,27.9,,,
Depok,Cinere - Nafas,2026-04-28 07:22:49,136,136,54,96,,,,,0,0,,,
Bogor,Kabupaten Bogor Leuwiliang,2026-04-28 07:00:00,80,70,35,,4,9,0,80,,,,,
Tangerang,Tangerang Pasir Jaya,2026-04-28 07:00:00,108,108,50,,59,63,0,65,,,,,
Bekasi,Bekasi Kayuringin,2026-04-28 07:00:00,57,57,35,,78,16,0,23,,,,,
Jakarta,The Pakubuwono Menteng,2026-04-28 07:22:52,99,99,38,73,,,,,63,28,,,
Depok,Cinere - Nafas,2026-04-28 07:23:49,135,135,54,93,,,,,0,0,,,
Bogor,Kabupaten Bogor Leuwiliang,2026-04-28 07:00:00,80,70,35,,4,9,0,80,,,,,
Tangerang,Tangerang Pasir Jaya,2026-04-28 07:00:00,108,108,50,,59,63,0,65,,,,,
Bekasi,Bekasi Kayuringin,2026-04-28 07:00:00,57,57,35,,78,16,0,23,,,,,
Jakarta,The Pakubuwono Menteng,2026-04-28 07:23:52,89,89,31,70,,,,,63,28,,,
Depok,Cinere - Nafas,2026-04-28 07:24:49,151,151,58,108,,,,,0,0,,,
Bogor,Kabupaten Bogor Leuwiliang,2026-04-28 07:00:00,80,70,35,,4,9,0,80,,,,,
Tangerang,Tangerang Pasir Jaya,2026-04-28 07:00:00,108,108,50,,59,63,0,65,,,,,
Bekasi,Bekasi Kayuringin,2026-04-28 07:00:00,57,57,35,,78,16,0,23,,,,,
Jakarta,The Pakubuwono Menteng,2026-04-28 07:24:52,93,93,33,72,,,,,63,28,,,
Depok,Cinere - Nafas,2026-04-28 07:25:49,153,153,59,115,,,,,0,0,,,
Bogor,Kabupaten Bogor Leuwiliang,2026-04-28 07:00:00,80,70,35,,4,9,0,80,,,,,
Tangerang,Tangerang Pasir Jaya,2026-04-28 07:00:00,108,108,50,,59,63,0,65,,,,,
Bekasi,Bekasi Kayuringin,2026-04-28 07:00:00,57,57,35,,78,16,0,23,,,,,
Jakarta,The Pakubuwono Menteng,2026-04-28 07:25:51,97,97,36,71,,,,,63,28,,,
Depok,Cinere - Nafas,2026-04-28 07:26:49,139,139,55,97,,,,,0,0,,,
Bogor,Kabupaten Bogor Leuwiliang,2026-04-28 07:00:00,80,70,35,,4,9,0,80,,,,,
Tangerang,Tangerang Pasir Jaya,2026-04-28 07:00:00,108,108,50,,59,63,0,65,,,,,
Bekasi,Bekasi Kayuringin,2026-04-28 07:00:00,57,57,35,,78,16,0,23,,,,,
Jakarta,The Pakubuwono Menteng,2026-04-28 07:26:52,96,96,36,72,,,,,63,28.1,,,
Depok,Cinere - Nafas,2026-04-28 07:27:49,144,144,55,98,,,,,0,0,,,
Bogor,Kabupaten Bogor Leuwiliang,2026-04-28 07:00:00,80,70,35,,4,9,0,80,,,,,
Tangerang,Tangerang Pasir Jaya,2026-04-28 07:00:00,108,108,50,,59,63,0,65,,,,,
Bekasi,Bekasi Kayuringin,2026-04-28 07:00:00,57,57,35,,78,16,0,23,,,,,
Jakarta,The Pakubuwono Menteng,2026-04-28 07:28:51,85,85,28,64,,,,,62,28.1,,,
Depok,Cinere - Nafas,2026-04-28 07:29:49,141,141,56,99,,,,,0,0,,,
Bogor,Kabupaten Bogor Leuwiliang,2026-04-28 07:00:00,80,70,35,,4,9,0,80,,,,,
Tangerang,Tangerang Pasir Jaya,2026-04-28 07:00:00,108,108,50,,59,63,0,65,,,,,
Bekasi,Bekasi Kayuringin,2026-04-28 07:00:00,57,57,35,,78,16,0,23,,,,,
Jakarta,The Pakubuwono Menteng,2026-04-28 07:29:52,87,87,30,69,,,,,62,28.2,,,
Depok,Cinere - Nafas,2026-04-28 07:31:49,152,152,58,112,,,,,0,0,,,
Bogor,Kabupaten Bogor Leuwiliang,2026-04-28 07:00:00,80,70,35,,4,9,0,80,,,,,
Tangerang,Tangerang Pasir Jaya,2026-04-28 07:00:00,108,108,50,,59,63,0,65,,,,,
Bekasi,Bekasi Kayuringin,2026-04-28 07:00:00,57,57,35,,78,16,0,23,,,,,
Jakarta,The Pakubuwono Menteng,2026-04-28 07:31:52,87,87,28,66,,,,,62,28.2,,,
Depok,Cinere - Nafas,2026-04-28 07:32:49,142,142,56,99,,,,,0,0,,,
Bogor,Kabupaten Bogor Leuwiliang,2026-04-28 07:00:00,80,70,35,,4,9,0,80,,,,,
Tangerang,Tangerang Pasir Jaya,2026-04-28 07:00:00,108,108,50,,59,63,0,65,,,,,
Bekasi,Bekasi Kayuringin,2026-04-28 07:00:00,57,57,35,,78,16,0,23,,,,,
Jakarta,The Pakubuwono Menteng,2026-04-28 07:32:52,83,83,26,67,,,,,62,28.3,,,
Depok,Cinere - Nafas,2026-04-28 07:33:49,143,143,56,99,,,,,0,0,,,
Bogor,Kabupaten Bogor Leuwiliang,2026-04-28 07:00:00,80,70,35,,4,9,0,80,,,,,
Tangerang,Tangerang Pasir Jaya,2026-04-28 07:00:00,108,108,50,,59,63,0,65,,,,,
Bekasi,Bekasi Kayuringin,2026-04-28 07:00:00,57,57,35,,78,16,0,23,,,,,
Jakarta,The Pakubuwono Menteng,2026-04-28 07:32:52,83,83,26,67,,,,,62,28.3,,,
Depok,Cinere - Nafas,2026-04-28 07:33:49,143,143,56,99,,,,,0,0,,,
Bogor,Kabupaten Bogor Leuwiliang,2026-04-28 07:00:00,80,70,35,,4,9,0,80,,,,,
Tangerang,Tangerang Pasir Jaya,2026-04-28 07:00:00,108,108,50,,59,63,0,65,,,,,
Bekasi,Bekasi Kayuringin,2026-04-28 07:00:00,57,57,35,,78,16,0,23,,,,,
Jakarta,The Pakubuwono Menteng,2026-04-28 07:34:52,81,81,27,66,,,,,62,28.3,,,
Depok,Cinere - Nafas,2026-04-28 07:35:49,150,150,56,105,,,,,0,0,,,
Bogor,Kabupaten Bogor Leuwiliang,2026-04-28 07:00:00,80,70,35,,4,9,0,80,,,,,
Tangerang,Tangerang Pasir Jaya,2026-04-28 07:00:00,108,108,50,,59,63,0,65,,,,,
Bekasi,Bekasi Kayuringin,2026-04-28 07:00:00,57,57,35,,78,16,0,23,,,,,
Jakarta,The Pakubuwono Menteng,2026-04-28 07:35:52,88,88,30,67,,,,,61,28.4,,,
Depok,Cinere - Nafas,2026-04-28 07:36:49,142,142,57,97,,,,,0,0,,,
Bogor,Kabupaten Bogor Leuwiliang,2026-04-28 07:00:00,80,70,35,,4,9,0,80,,,,,
Tangerang,Tangerang Pasir Jaya,2026-04-28 07:00:00,108,108,50,,59,63,0,65,,,,,
Bekasi,Bekasi Kayuringin,2026-04-28 07:00:00,57,57,35,,78,16,0,23,,,,,
Jakarta,The Pakubuwono Menteng,2026-04-28 07:36:52,92,92,32,71,,,,,61,28.4,,,
Depok,Cinere - Nafas,2026-04-28 07:37:49,142,142,56,99,,,,,0,0,,,
Bogor,Kabupaten Bogor Leuwiliang,2026-04-28 07:00:00,80,70,35,,4,9,0,80,,,,,
Tangerang,Tangerang Pasir Jaya,2026-04-28 07:00:00,108,108,50,,59,63,0,65,,,,,
Bekasi,Bekasi Kayuringin,2026-04-28 07:00:00,57,57,35,,78,16,0,23,,,,,
Jakarta,The Pakubuwono Menteng,2026-04-28 07:37:52,99,99,40,72,,,,,61,28.4,,,
Depok,Cinere - Nafas,2026-04-28 07:38:49,140,140,55,97,,,,,0,0,,,
Bogor,Kabupaten Bogor Leuwiliang,2026-04-28 07:00:00,80,70,35,,4,9,0,80,,,,,
Tangerang,Tangerang Pasir Jaya,2026-04-28 07:00:00,108,108,50,,59,63,0,65,,,,,
Bekasi,Bekasi Kayuringin,2026-04-28 07:00:00,57,57,35,,78,16,0,23,,,,,
Jakarta,The Pakubuwono Menteng,2026-04-28 07:38:52,115,115,46,82,,,,,61,28.5,,,
Depok,Cinere - Nafas,2026-04-28 07:39:49,142,142,56,97,,,,,0,0,,,
Bogor,Kabupaten Bogor Leuwiliang,2026-04-28 07:00:00,80,70,35,,4,9,0,80,,,,,
Tangerang,Tangerang Pasir Jaya,2026-04-28 07:00:00,108,108,50,,59,63,0,65,,,,,
Bekasi,Bekasi Kayuringin,2026-04-28 07:00:00,57,57,35,,78,16,0,23,,,,,
Jakarta,The Pakubuwono Menteng,2026-04-28 07:41:52,91,91,32,70,,,,,61,28.5,,,
Depok,Cinere - Nafas,2026-04-28 07:42:50,140,140,55,95,,,,,0,0,,,
Bogor,Kabupaten Bogor Leuwiliang,2026-04-28 07:00:00,80,70,35,,4,9,0,80,,,,,
Tangerang,Tangerang Pasir Jaya,2026-04-28 07:00:00,108,108,50,,59,63,0,65,,,,,
Bekasi,Bekasi Kayuringin,2026-04-28 07:00:00,57,57,35,,78,16,0,23,,,,,
Jakarta,The Pakubuwono Menteng,2026-04-28 07:41:52,91,91,32,70,,,,,61,28.5,,,
Depok,Cinere - Nafas,2026-04-28 07:42:50,140,140,55,95,,,,,0,0,,,
Bogor,Kabupaten Bogor Leuwiliang,2026-04-28 07:00:00,80,70,35,,4,9,0,80,,,,,
Tangerang,Tangerang Pasir Jaya,2026-04-28 07:00:00,108,108,50,,59,63,0,65,,,,,
Bekasi,Bekasi Kayuringin,2026-04-28 07:00:00,57,57,35,,78,16,0,23,,,,,
Jakarta,The Pakubuwono Menteng,2026-04-28 07:42:52,91,91,33,67,,,,,61,28.5,,,
Depok,Cinere - Nafas,2026-04-28 07:43:49,141,141,55,99,,,,,0,0,,,
Bogor,Kabupaten Bogor Leuwiliang,2026-04-28 07:00:00,80,70,35,,4,9,0,80,,,,,
Tangerang,Tangerang Pasir Jaya,2026-04-28 07:00:00,108,108,50,,59,63,0,65,,,,,
Bekasi,Bekasi Kayuringin,2026-04-28 07:00:00,57,57,35,,78,16,0,23,,,,,
Jakarta,The Pakubuwono Menteng,2026-04-28 07:44:52,83,83,26,68,,,,,60,28.6,,,
Depok,Cinere - Nafas,2026-04-28 07:44:49,141,141,55,100,,,,,0,0,,,
Bogor,Kabupaten Bogor Leuwiliang,2026-04-28 07:00:00,80,70,35,,4,9,0,80,,,,,
Tangerang,Tangerang Pasir Jaya,2026-04-28 07:00:00,108,108,50,,59,63,0,65,,,,,
Bekasi,Bekasi Kayuringin,2026-04-28 07:00:00,57,57,35,,78,16,0,23,,,,,
Jakarta,The Pakubuwono Menteng,2026-04-28 07:45:52,81,81,25,63,,,,,60,28.6,,,
Depok,Cinere - Nafas,2026-04-28 07:45:49,141,141,56,98,,,,,0,0,,,
Bogor,Kabupaten Bogor Leuwiliang,2026-04-28 07:00:00,80,70,35,,4,9,0,80,,,,,
Tangerang,Tangerang Pasir Jaya,2026-04-28 07:00:00,108,108,50,,59,63,0,65,,,,,
Bekasi,Bekasi Kayuringin,2026-04-28 07:00:00,57,57,35,,78,16,0,23,,,,,
Jakarta,The Pakubuwono Menteng,2026-04-28 07:46:52,79,79,25,63,,,,,59,28.6,,,
Depok,Cinere - Nafas,2026-04-28 07:46:50,143,143,56,98,,,,,0,0,,,
Bogor,Kabupaten Bogor Leuwiliang,2026-04-28 07:00:00,80,70,35,,4,9,0,80,,,,,
Tangerang,Tangerang Pasir Jaya,2026-04-28 07:00:00,108,108,50,,59,63,0,65,,,,,
Bekasi,Bekasi Kayuringin,2026-04-28 07:00:00,57,57,35,,78,16,0,23,,,,,
Jakarta,The Pakubuwono Menteng,2026-04-28 07:46:52,79,79,25,63,,,,,59,28.6,,,
Depok,Cinere - Nafas,2026-04-28 07:46:50,143,143,56,98,,,,,0,0,,,
Bogor,Kabupaten Bogor Leuwiliang,2026-04-28 07:00:00,80,70,35,,4,9,0,80,,,,,
Tangerang,Tangerang Pasir Jaya,2026-04-28 07:00:00,108,108,50,,59,63,0,65,,,,,
Bekasi,Bekasi Kayuringin,2026-04-28 07:00:00,57,57,35,,78,16,0,23,,,,,
Jakarta,The Pakubuwono Menteng,2026-04-28 07:47:52,75,75,22,58,,,,,59,28.6,,,
Depok,Cinere - Nafas,2026-04-28 07:50:49,151,151,57,101,,,,,0,0,,,
Bogor,Kabupaten Bogor Leuwiliang,2026-04-28 07:00:00,80,70,35,,4,9,0,80,,,,,
Tangerang,Tangerang Pasir Jaya,2026-04-28 07:00:00,108,108,50,,59,63,0,65,,,,,
Bekasi,Bekasi Kayuringin,2026-04-28 07:00:00,57,57,35,,78,16,0,23,,,,,
Jakarta,The Pakubuwono Menteng,2026-04-28 07:51:52,76,76,23,56,,,,,58,28.6,,,
Depok,Cinere - Nafas,2026-04-28 07:51:49,150,150,57,107,,,,,0,0,,,
Bogor,Kabupaten Bogor Leuwiliang,2026-04-28 07:00:00,80,70,35,,4,9,0,80,,,,,
Tangerang,Tangerang Pasir Jaya,2026-04-28 07:00:00,108,108,50,,59,63,0,65,,,,,
Bekasi,Bekasi Kayuringin,2026-04-28 07:00:00,57,57,35,,78,16,0,23,,,,,
Jakarta,The Pakubuwono Menteng,2026-04-28 07:51:52,76,76,23,56,,,,,58,28.6,,,
Depok,Cinere - Nafas,2026-04-28 07:51:49,150,150,57,107,,,,,0,0,,,
Bogor,Kabupaten Bogor Leuwiliang,2026-04-28 07:00:00,80,70,35,,4,9,0,80,,,,,
Tangerang,Tangerang Pasir Jaya,2026-04-28 07:00:00,108,108,50,,59,63,0,65,,,,,
Bekasi,Bekasi Kayuringin,2026-04-28 07:00:00,57,57,35,,78,16,0,23,,,,,
Jakarta,The Pakubuwono Menteng,2026-04-28 07:52:52,86,86,30,62,,,,,58,28.7,,,
Depok,Cinere - Nafas,2026-04-28 07:52:49,151,151,58,106,,,,,0,0,,,
Bogor,Kabupaten Bogor Leuwiliang,2026-04-28 07:00:00,80,70,35,,4,9,0,80,,,,,
Tangerang,Tangerang Pasir Jaya,2026-04-28 07:00:00,108,108,50,,59,63,0,65,,,,,
Bekasi,Bekasi Kayuringin,2026-04-28 07:00:00,57,57,35,,78,16,0,23,,,,,
Jakarta,The Pakubuwono Menteng,2026-04-28 07:53:54,89,89,32,68,,,,,58,28.7,,,
Depok,Cinere - Nafas,2026-04-28 07:53:50,152,152,58,109,,,,,0,0,,,
Bogor,Kabupaten Bogor Leuwiliang,2026-04-28 07:00:00,80,70,35,,4,9,0,80,,,,,
Tangerang,Tangerang Pasir Jaya,2026-04-28 07:00:00,108,108,50,,59,63,0,65,,,,,
Bekasi,Bekasi Kayuringin,2026-04-28 07:00:00,57,57,35,,78,16,0,23,,,,,
Jakarta,The Pakubuwono Menteng,2026-04-28 07:54:52,96,96,35,73,,,,,59,28.6,,,
Depok,Cinere - Nafas,2026-04-28 07:54:50,151,151,57,110,,,,,0,0,,,
Bogor,Kabupaten Bogor Leuwiliang,2026-04-28 07:00:00,80,70,35,,4,9,0,80,,,,,
Tangerang,Tangerang Pasir Jaya,2026-04-28 07:00:00,108,108,50,,59,63,0,65,,,,,
Bekasi,Bekasi Kayuringin,2026-04-28 07:00:00,57,57,35,,78,16,0,23,,,,,
Jakarta,The Pakubuwono Menteng,2026-04-28 07:56:52,125,125,51,88,,,,,58,28.6,,,
Depok,Cinere - Nafas,2026-04-28 07:56:50,152,152,58,106,,,,,0,0,,,
Bogor,Kabupaten Bogor Leuwiliang,2026-04-28 07:00:00,80,70,35,,4,9,0,80,,,,,
Tangerang,Tangerang Pasir Jaya,2026-04-28 07:00:00,108,108,50,,59,63,0,65,,,,,
Bekasi,Bekasi Kayuringin,2026-04-28 07:00:00,57,57,35,,78,16,0,23,,,,,
Jakarta,The Pakubuwono Menteng,2026-04-28 07:57:52,117,117,46,83,,,,,59,28.6,,,
Depok,Cinere - Nafas,2026-04-28 07:57:50,152,152,59,109,,,,,0,0,,,
Bogor,Kabupaten Bogor Leuwiliang,2026-04-28 07:00:00,80,70,35,,4,9,0,80,,,,,
Tangerang,Tangerang Pasir Jaya,2026-04-28 07:00:00,108,108,50,,59,63,0,65,,,,,
Bekasi,Bekasi Kayuringin,2026-04-28 07:00:00,57,57,35,,78,16,0,23,,,,,
Jakarta,The Pakubuwono Menteng,2026-04-28 07:59:52,77,77,24,60,,,,,58,28.6,,,
Depok,Cinere - Nafas,2026-04-28 07:59:50,152,152,58,111,,,,,0,0,,,
Bogor,Kabupaten Bogor Leuwiliang,2026-04-28 07:00:00,80,70,35,,4,9,0,80,,,,,
Tangerang,Tangerang Pasir Jaya,2026-04-28 07:00:00,108,108,50,,59,63,0,65,,,,,
Bekasi,Bekasi Kayuringin,2026-04-28 07:00:00,57,57,35,,78,16,0,23,,,,,
Jakarta,The Pakubuwono Menteng,2026-04-28 08:00:52,70,70,19,52,,,,,57,28.6,,,
Depok,Cinere - Nafas,2026-04-28 08:00:50,152,152,58,111,,,,,0,0,,,
Bogor,Kabupaten Bogor Leuwiliang,2026-04-28 07:00:00,80,70,35,,4,9,0,80,,,,,
Tangerang,Tangerang Pasir Jaya,2026-04-28 07:00:00,108,108,50,,59,63,0,65,,,,,
Bekasi,Bekasi Kayuringin,2026-04-28 07:00:00,57,57,35,,78,16,0,23,,,,,
Jakarta,The Pakubuwono Menteng,2026-04-28 08:01:52,66,66,19,42,,,,,57,28.6,,,
Depok,Cinere - Nafas,2026-04-28 08:01:50,151,151,58,108,,,,,0,0,,,
Bogor,Kabupaten Bogor Leuwiliang,2026-04-28 07:00:00,80,70,35,,4,9,0,80,,,,,
Tangerang,Tangerang Pasir Jaya,2026-04-28 07:00:00,108,108,50,,59,63,0,65,,,,,
Bekasi,Bekasi Kayuringin,2026-04-28 07:00:00,57,57,35,,78,16,0,23,,,,,
Jakarta,The Pakubuwono Menteng,2026-04-28 08:03:52,77,77,23,49,,,,,58,28.6,,,
Depok,Cinere - Nafas,2026-04-28 08:03:50,151,151,58,106,,,,,0,0,,,
Bogor,Kabupaten Bogor Leuwiliang,2026-04-28 07:00:00,80,70,35,,4,9,0,80,,,,,
Tangerang,Tangerang Pasir Jaya,2026-04-28 07:00:00,108,108,50,,59,63,0,65,,,,,
Bekasi,Bekasi Kayuringin,2026-04-28 07:00:00,57,57,35,,78,16,0,23,,,,,
Jakarta,The Pakubuwono Menteng,2026-04-28 08:03:52,77,77,23,49,,,,,58,28.6,,,
Depok,Cinere - Nafas,2026-04-28 08:03:50,151,151,58,106,,,,,0,0,,,
Bogor,Kabupaten Bogor Leuwiliang,2026-04-28 07:00:00,80,70,35,,4,9,0,80,,,,,
Tangerang,Tangerang Pasir Jaya,2026-04-28 07:00:00,108,108,50,,59,63,0,65,,,,,
Bekasi,Bekasi Kayuringin,2026-04-28 07:00:00,57,57,35,,78,16,0,23,,,,,
Jakarta,The Pakubuwono Menteng,2026-04-28 08:04:52,73,73,21,58,,,,,58,28.5,,,
Depok,Cinere - Nafas,2026-04-28 08:04:50,148,148,56,104,,,,,0,0,,,
Bogor,Kabupaten Bogor Leuwiliang,2026-04-28 07:00:00,80,70,35,,4,9,0,80,,,,,
Tangerang,Tangerang Pasir Jaya,2026-04-28 07:00:00,108,108,50,,59,63,0,65,,,,,
Bekasi,Bekasi Kayuringin,2026-04-28 07:00:00,57,57,35,,78,16,0,23,,,,,
Jakarta,The Pakubuwono Menteng,2026-04-28 08:05:52,73,73,22,56,,,,,58,28.6,,,
Depok,Cinere - Nafas,2026-04-28 08:05:50,151,151,57,106,,,,,0,0,,,
Bogor,Kabupaten Bogor Leuwiliang,2026-04-28 07:00:00,80,70,35,,4,9,0,80,,,,,
Tangerang,Tangerang Pasir Jaya,2026-04-28 07:00:00,108,108,50,,59,63,0,65,,,,,
Bekasi,Bekasi Kayuringin,2026-04-28 07:00:00,57,57,35,,78,16,0,23,,,,,
Jakarta,The Pakubuwono Menteng,2026-04-28 08:06:52,72,72,21,53,,,,,58,28.6,,,
Depok,Cinere - Nafas,2026-04-28 08:06:50,145,145,56,100,,,,,0,0,,,
Bogor,Kabupaten Bogor Leuwiliang,2026-04-28 07:00:00,80,70,35,,4,9,0,80,,,,,
Tangerang,Tangerang Pasir Jaya,2026-04-28 07:00:00,108,108,50,,59,63,0,65,,,,,
Bekasi,Bekasi Kayuringin,2026-04-28 08:00:00,56,56,34,,78,16,0,23,,,,,
Jakarta,The Pakubuwono Menteng,2026-04-28 08:07:52,64,64,20,42,,,,,58,28.6,,,
Depok,Cinere - Nafas,2026-04-28 08:09:50,152,152,58,111,,,,,0,0,,,
Bogor,Kabupaten Bogor Leuwiliang,2026-04-28 08:00:00,80,70,35,,4,9,0,80,,,,,
Tangerang,Tangerang Pasir Jaya,2026-04-28 08:00:00,106,106,50,,59,63,0,65,,,,,
Bekasi,Bekasi Kayuringin,2026-04-28 08:00:00,56,56,34,,78,16,0,23,,,,,
Jakarta,The Pakubuwono Menteng,2026-04-28 08:10:52,77,77,25,54,,,,,59,28.7,,,
Depok,Cinere - Nafas,2026-04-28 08:10:50,151,151,58,108,,,,,0,0,,,
Bogor,Kabupaten Bogor Leuwiliang,2026-04-28 08:00:00,80,70,35,,4,9,0,80,,,,,
Tangerang,Tangerang Pasir Jaya,2026-04-28 08:00:00,106,106,50,,59,63,0,65,,,,,
Bekasi,Bekasi Kayuringin,2026-04-28 08:00:00,56,56,34,,78,16,0,23,,,,,
Jakarta,The Pakubuwono Menteng,2026-04-28 08:11:52,72,72,20,55,,,,,59,28.7,,,
Depok,Cinere - Nafas,2026-04-28 08:11:50,154,154,59,116,,,,,0,0,,,
Bogor,Kabupaten Bogor Leuwiliang,2026-04-28 08:00:00,80,70,35,,4,9,0,80,,,,,
Tangerang,Tangerang Pasir Jaya,2026-04-28 08:00:00,106,106,50,,59,63,0,65,,,,,
Bekasi,Bekasi Kayuringin,2026-04-28 08:00:00,56,56,34,,78,16,0,23,,,,,
Jakarta,The Pakubuwono Menteng,2026-04-28 08:12:52,73,73,22,51,,,,,59,28.7,,,
Depok,Cinere - Nafas,2026-04-28 08:12:51,177,177,78,161,,,,,0,0,,,
Bogor,Kabupaten Bogor Leuwiliang,2026-04-28 08:00:00,80,70,35,,4,9,0,80,,,,,
Tangerang,Tangerang Pasir Jaya,2026-04-28 08:00:00,106,106,50,,59,63,0,65,,,,,
Bekasi,Bekasi Kayuringin,2026-04-28 08:00:00,56,56,34,,78,16,0,23,,,,,
Jakarta,The Pakubuwono Menteng,2026-04-28 08:13:52,75,75,22,54,,,,,59,28.7,,,
Depok,Cinere - Nafas,2026-04-28 08:13:50,176,176,76,161,,,,,0,0,,,
Bogor,Kabupaten Bogor Leuwiliang,2026-04-28 08:00:00,80,70,35,,4,9,0,80,,,,,
Tangerang,Tangerang Pasir Jaya,2026-04-28 08:00:00,106,106,50,,59,63,0,65,,,,,
Bekasi,Bekasi Kayuringin,2026-04-28 08:00:00,56,56,34,,78,16,0,23,,,,,
Jakarta,The Pakubuwono Menteng,2026-04-28 08:14:52,76,76,23,55,,,,,59,28.8,,,
Depok,Cinere - Nafas,2026-04-28 08:14:50,171,171,72,157,,,,,0,0,,,
Bogor,Kabupaten Bogor Leuwiliang,2026-04-28 08:00:00,80,70,35,,4,9,0,80,,,,,
Tangerang,Tangerang Pasir Jaya,2026-04-28 08:00:00,106,106,50,,59,63,0,65,,,,,
Bekasi,Bekasi Kayuringin,2026-04-28 08:00:00,56,56,34,,78,16,0,23,,,,,
Jakarta,The Pakubuwono Menteng,2026-04-28 08:15:52,81,81,26,60,,,,,59,28.8,,,
Depok,Cinere - Nafas,2026-04-28 08:15:50,162,162,64,150,,,,,0,0,,,
Bogor,Kabupaten Bogor Leuwiliang,2026-04-28 08:00:00,80,70,35,,4,9,0,80,,,,,
Tangerang,Tangerang Pasir Jaya,2026-04-28 08:00:00,106,106,50,,59,63,0,65,,,,,
Bekasi,Bekasi Kayuringin,2026-04-28 08:00:00,56,56,34,,78,16,0,23,,,,,
Jakarta,The Pakubuwono Menteng,2026-04-28 08:16:52,88,88,27,69,,,,,59,28.8,,,
Depok,Cinere - Nafas,2026-04-28 08:16:50,161,161,64,141,,,,,0,0,,,
Bogor,Kabupaten Bogor Leuwiliang,2026-04-28 08:00:00,80,70,35,,4,9,0,80,,,,,
Tangerang,Tangerang Pasir Jaya,2026-04-28 08:00:00,106,106,50,,59,63,0,65,,,,,
Bekasi,Bekasi Kayuringin,2026-04-28 08:00:00,56,56,34,,78,16,0,23,,,,,
Jakarta,The Pakubuwono Menteng,2026-04-28 08:18:53,87,87,30,64,,,,,58,28.8,,,
Depok,Cinere - Nafas,2026-04-28 08:18:50,154,154,60,120,,,,,0,0,,,
Bogor,Kabupaten Bogor Leuwiliang,2026-04-28 08:00:00,80,70,35,,4,9,0,80,,,,,
Tangerang,Tangerang Pasir Jaya,2026-04-28 08:00:00,106,106,50,,59,63,0,65,,,,,
Bekasi,Bekasi Kayuringin,2026-04-28 08:00:00,56,56,34,,78,16,0,23,,,,,
Jakarta,The Pakubuwono Menteng,2026-04-28 08:19:53,88,88,30,68,,,,,58,28.8,,,
Depok,Cinere - Nafas,2026-04-28 08:19:50,155,155,59,120,,,,,0,0,,,
Bogor,Kabupaten Bogor Leuwiliang,2026-04-28 08:00:00,80,70,35,,4,9,0,80,,,,,
Tangerang,Tangerang Pasir Jaya,2026-04-28 08:00:00,106,106,50,,59,63,0,65,,,,,
Bekasi,Bekasi Kayuringin,2026-04-28 08:00:00,56,56,34,,78,16,0,23,,,,,
Jakarta,The Pakubuwono Menteng,2026-04-28 08:20:53,87,87,28,63,,,,,58,28.8,,,
Depok,Cinere - Nafas,2026-04-28 08:20:50,141,141,54,97,,,,,0,0,,,
Bogor,Kabupaten Bogor Leuwiliang,2026-04-28 08:00:00,80,70,35,,4,9,0,80,,,,,
Tangerang,Tangerang Pasir Jaya,2026-04-28 08:00:00,106,106,50,,59,63,0,65,,,,,
Bekasi,Bekasi Kayuringin,2026-04-28 08:00:00,56,56,34,,78,16,0,23,,,,,
Jakarta,The Pakubuwono Menteng,2026-04-28 08:22:53,79,79,25,65,,,,,58,28.8,,,
Depok,Cinere - Nafas,2026-04-28 08:22:50,134,134,53,93,,,,,0,0,,,
Bogor,Kabupaten Bogor Leuwiliang,2026-04-28 08:00:00,80,70,35,,4,9,0,80,,,,,
Tangerang,Tangerang Pasir Jaya,2026-04-28 08:00:00,106,106,50,,59,63,0,65,,,,,
Bekasi,Bekasi Kayuringin,2026-04-28 08:00:00,56,56,34,,78,16,0,23,,,,,
Jakarta,The Pakubuwono Menteng,2026-04-28 08:23:53,84,84,27,66,,,,,58,28.8,,,
Depok,Cinere - Nafas,2026-04-28 08:23:50,128,128,52,93,,,,,0,0,,,
Bogor,Kabupaten Bogor Leuwiliang,2026-04-28 08:00:00,80,70,35,,4,9,0,80,,,,,
Tangerang,Tangerang Pasir Jaya,2026-04-28 08:00:00,106,106,50,,59,63,0,65,,,,,
Bekasi,Bekasi Kayuringin,2026-04-28 08:00:00,56,56,34,,78,16,0,23,,,,,
Jakarta,The Pakubuwono Menteng,2026-04-28 08:24:53,86,86,30,67,,,,,58,28.8,,,
Depok,Cinere - Nafas,2026-04-28 08:24:50,123,123,50,88,,,,,0,0,,,
Bogor,Kabupaten Bogor Leuwiliang,2026-04-28 08:00:00,80,70,35,,4,9,0,80,,,,,
Tangerang,Tangerang Pasir Jaya,2026-04-28 08:00:00,106,106,50,,59,63,0,65,,,,,
Bekasi,Bekasi Kayuringin,2026-04-28 08:00:00,56,56,34,,78,16,0,23,,,,,
Jakarta,The Pakubuwono Menteng,2026-04-28 08:24:53,86,86,30,67,,,,,58,28.8,,,
Depok,Cinere - Nafas,2026-04-28 08:24:50,123,123,50,88,,,,,0,0,,,
Bogor,Kabupaten Bogor Leuwiliang,2026-04-28 08:00:00,80,70,35,,4,9,0,80,,,,,
Tangerang,Tangerang Pasir Jaya,2026-04-28 08:00:00,106,106,50,,59,63,0,65,,,,,
Bekasi,Bekasi Kayuringin,2026-04-28 08:00:00,56,56,34,,78,16,0,23,,,,,
Jakarta,The Pakubuwono Menteng,2026-04-28 08:25:53,92,92,33,69,,,,,59,28.8,,,
Depok,Cinere - Nafas,2026-04-28 08:25:50,128,128,53,89,,,,,0,0,,,
Bogor,Kabupaten Bogor Leuwiliang,2026-04-28 08:00:00,80,70,35,,4,9,0,80,,,,,
Tangerang,Tangerang Pasir Jaya,2026-04-28 08:00:00,106,106,50,,59,63,0,65,,,,,
Bekasi,Bekasi Kayuringin,2026-04-28 08:00:00,56,56,34,,78,16,0,23,,,,,
Jakarta,The Pakubuwono Menteng,2026-04-28 08:26:53,91,91,32,70,,,,,59,28.8,,,
Depok,Cinere - Nafas,2026-04-28 08:28:50,126,126,51,88,,,,,0,0,,,
Bogor,Kabupaten Bogor Leuwiliang,2026-04-28 08:00:00,80,70,35,,4,9,0,80,,,,,
Tangerang,Tangerang Pasir Jaya,2026-04-28 08:00:00,106,106,50,,59,63,0,65,,,,,
Bekasi,Bekasi Kayuringin,2026-04-28 08:00:00,56,56,34,,78,16,0,23,,,,,
Jakarta,The Pakubuwono Menteng,2026-04-28 08:29:53,88,88,31,72,,,,,59,28.8,,,
Depok,Cinere - Nafas,2026-04-28 08:29:50,130,130,52,91,,,,,0,0,,,
Bogor,Kabupaten Bogor Leuwiliang,2026-04-28 08:00:00,80,70,35,,4,9,0,80,,,,,
Tangerang,Tangerang Pasir Jaya,2026-04-28 08:00:00,106,106,50,,59,63,0,65,,,,,
Bekasi,Bekasi Kayuringin,2026-04-28 08:00:00,56,56,34,,78,16,0,23,,,,,
Jakarta,The Pakubuwono Menteng,2026-04-28 08:30:55,89,89,31,70,,,,,59,28.8,,,
Depok,Cinere - Nafas,2026-04-28 08:30:50,124,124,49,87,,,,,0,0,,,
Bogor,Kabupaten Bogor Leuwiliang,2026-04-28 08:00:00,80,70,35,,4,9,0,80,,,,,
Tangerang,Tangerang Pasir Jaya,2026-04-28 08:00:00,106,106,50,,59,63,0,65,,,,,
Bekasi,Bekasi Kayuringin,2026-04-28 08:00:00,56,56,34,,78,16,0,23,,,,,
Jakarta,The Pakubuwono Menteng,2026-04-28 08:31:53,88,88,31,71,,,,,59,28.8,,,
Depok,Cinere - Nafas,2026-04-28 08:31:50,120,120,50,85,,,,,0,0,,,
Bogor,Kabupaten Bogor Leuwiliang,2026-04-28 08:00:00,80,70,35,,4,9,0,80,,,,,
Tangerang,Tangerang Pasir Jaya,2026-04-28 08:00:00,106,106,50,,59,63,0,65,,,,,
Bekasi,Bekasi Kayuringin,2026-04-28 08:00:00,56,56,34,,78,16,0,23,,,,,
Jakarta,The Pakubuwono Menteng,2026-04-28 08:32:53,84,84,27,66,,,,,59,28.8,,,
Depok,Cinere - Nafas,2026-04-28 08:32:50,116,116,46,84,,,,,0,0,,,
Bogor,Kabupaten Bogor Leuwiliang,2026-04-28 08:00:00,80,70,35,,4,9,0,80,,,,,
Tangerang,Tangerang Pasir Jaya,2026-04-28 08:00:00,106,106,50,,59,63,0,65,,,,,
Bekasi,Bekasi Kayuringin,2026-04-28 08:00:00,56,56,34,,78,16,0,23,,,,,
Jakarta,The Pakubuwono Menteng,2026-04-28 08:34:53,83,83,26,60,,,,,59,28.8,,,
Depok,Cinere - Nafas,2026-04-28 08:34:50,116,116,47,82,,,,,0,0,,,
Bogor,Kabupaten Bogor Leuwiliang,2026-04-28 08:00:00,80,70,35,,4,9,0,80,,,,,
Tangerang,Tangerang Pasir Jaya,2026-04-28 08:00:00,106,106,50,,59,63,0,65,,,,,
Bekasi,Bekasi Kayuringin,2026-04-28 08:00:00,56,56,34,,78,16,0,23,,,,,
Jakarta,The Pakubuwono Menteng,2026-04-28 08:34:53,83,83,26,60,,,,,59,28.8,,,
Depok,Cinere - Nafas,2026-04-28 08:34:50,116,116,47,82,,,,,0,0,,,
Bogor,Kabupaten Bogor Leuwiliang,2026-04-28 08:00:00,80,70,35,,4,9,0,80,,,,,
Tangerang,Tangerang Pasir Jaya,2026-04-28 08:00:00,106,106,50,,59,63,0,65,,,,,
Bekasi,Bekasi Kayuringin,2026-04-28 08:00:00,56,56,34,,78,16,0,23,,,,,
Jakarta,The Pakubuwono Menteng,2026-04-28 08:35:53,81,81,26,63,,,,,59,28.8,,,
Depok,Cinere - Nafas,2026-04-28 08:35:50,115,115,45,83,,,,,0,0,,,
Bogor,Kabupaten Bogor Leuwiliang,2026-04-28 08:00:00,80,70,35,,4,9,0,80,,,,,
Tangerang,Tangerang Pasir Jaya,2026-04-28 08:00:00,106,106,50,,59,63,0,65,,,,,
Bekasi,Bekasi Kayuringin,2026-04-28 08:00:00,56,56,34,,78,16,0,23,,,,,
Jakarta,The Pakubuwono Menteng,2026-04-28 08:36:53,83,83,25,62,,,,,59,28.8,,,
Depok,Cinere - Nafas,2026-04-28 08:36:50,116,116,46,84,,,,,0,0,,,
Bogor,Kabupaten Bogor Leuwiliang,2026-04-28 08:00:00,80,70,35,,4,9,0,80,,,,,
Tangerang,Tangerang Pasir Jaya,2026-04-28 08:00:00,106,106,50,,59,63,0,65,,,,,
Bekasi,Bekasi Kayuringin,2026-04-28 08:00:00,56,56,34,,78,16,0,23,,,,,
Jakarta,The Pakubuwono Menteng,2026-04-28 08:38:53,76,76,22,56,,,,,59,28.9,,,
Depok,Cinere - Nafas,2026-04-28 08:38:50,115,115,47,83,,,,,0,0,,,
Bogor,Kabupaten Bogor Leuwiliang,2026-04-28 08:00:00,80,70,35,,4,9,0,80,,,,,
Tangerang,Tangerang Pasir Jaya,2026-04-28 08:00:00,106,106,50,,59,63,0,65,,,,,
Bekasi,Bekasi Kayuringin,2026-04-28 08:00:00,56,56,34,,78,16,0,23,,,,,
Jakarta,The Pakubuwono Menteng,2026-04-28 08:40:53,75,75,23,58,,,,,59,28.9,,,
Depok,Cinere - Nafas,2026-04-28 08:40:50,124,124,51,88,,,,,0,0,,,
Bogor,Kabupaten Bogor Leuwiliang,2026-04-28 08:00:00,80,70,35,,4,9,0,80,,,,,
Tangerang,Tangerang Pasir Jaya,2026-04-28 08:00:00,106,106,50,,59,63,0,65,,,,,
Bekasi,Bekasi Kayuringin,2026-04-28 08:00:00,56,56,34,,78,16,0,23,,,,,
Jakarta,The Pakubuwono Menteng,2026-04-28 08:41:53,77,77,23,56,,,,,58,28.9,,,
Depok,Cinere - Nafas,2026-04-28 08:41:50,121,121,50,88,,,,,0,0,,,
Bogor,Kabupaten Bogor Leuwiliang,2026-04-28 08:00:00,80,70,35,,4,9,0,80,,,,,
Tangerang,Tangerang Pasir Jaya,2026-04-28 08:00:00,106,106,50,,59,63,0,65,,,,,
Bekasi,Bekasi Kayuringin,2026-04-28 08:00:00,56,56,34,,78,16,0,23,,,,,
Jakarta,The Pakubuwono Menteng,2026-04-28 08:42:53,86,86,27,62,,,,,59,29,,,
Depok,Cinere - Nafas,2026-04-28 08:42:50,115,115,47,83,,,,,0,0,,,
Bogor,Kabupaten Bogor Leuwiliang,2026-04-28 08:00:00,80,70,35,,4,9,0,80,,,,,
Tangerang,Tangerang Pasir Jaya,2026-04-28 08:00:00,106,106,50,,59,63,0,65,,,,,
Bekasi,Bekasi Kayuringin,2026-04-28 08:00:00,56,56,34,,78,16,0,23,,,,,
Jakarta,The Pakubuwono Menteng,2026-04-28 08:43:53,84,84,26,67,,,,,58,29,,,
Depok,Cinere - Nafas,2026-04-28 08:43:50,116,116,47,83,,,,,0,0,,,
Bogor,Kabupaten Bogor Leuwiliang,2026-04-28 08:00:00,80,70,35,,4,9,0,80,,,,,
Tangerang,Tangerang Pasir Jaya,2026-04-28 08:00:00,106,106,50,,59,63,0,65,,,,,
Bekasi,Bekasi Kayuringin,2026-04-28 08:00:00,56,56,34,,78,16,0,23,,,,,
Jakarta,The Pakubuwono Menteng,2026-04-28 08:44:53,79,79,25,65,,,,,58,29,,,
Depok,Cinere - Nafas,2026-04-28 08:44:50,117,117,48,84,,,,,0,0,,,
Bogor,Kabupaten Bogor Leuwiliang,2026-04-28 08:00:00,80,70,35,,4,9,0,80,,,,,
Tangerang,Tangerang Pasir Jaya,2026-04-28 08:00:00,106,106,50,,59,63,0,65,,,,,
Bekasi,Bekasi Kayuringin,2026-04-28 08:00:00,56,56,34,,78,16,0,23,,,,,
Jakarta,The Pakubuwono Menteng,2026-04-28 08:45:53,70,70,21,56,,,,,58,29,,,
Depok,Cinere - Nafas,2026-04-28 08:45:50,123,123,51,86,,,,,0,0,,,
Bogor,Kabupaten Bogor Leuwiliang,2026-04-28 08:00:00,80,70,35,,4,9,0,80,,,,,
Tangerang,Tangerang Pasir Jaya,2026-04-28 08:00:00,106,106,50,,59,63,0,65,,,,,
Bekasi,Bekasi Kayuringin,2026-04-28 08:00:00,56,56,34,,78,16,0,23,,,,,
Jakarta,The Pakubuwono Menteng,2026-04-28 08:46:53,74,74,21,49,,,,,58,29.1,,,
Depok,Cinere - Nafas,2026-04-28 08:47:50,121,121,50,87,,,,,0,0,,,
Bogor,Kabupaten Bogor Leuwiliang,2026-04-28 08:00:00,80,70,35,,4,9,0,80,,,,,
Tangerang,Tangerang Pasir Jaya,2026-04-28 08:00:00,106,106,50,,59,63,0,65,,,,,
Bekasi,Bekasi Kayuringin,2026-04-28 08:00:00,56,56,34,,78,16,0,23,,,,,
Jakarta,The Pakubuwono Menteng,2026-04-28 08:48:54,77,77,23,54,,,,,58,29.1,,,
Depok,Cinere - Nafas,2026-04-28 08:48:50,120,120,49,87,,,,,0,0,,,
Bogor,Kabupaten Bogor Leuwiliang,2026-04-28 08:00:00,80,70,35,,4,9,0,80,,,,,
Tangerang,Tangerang Pasir Jaya,2026-04-28 08:00:00,106,106,50,,59,63,0,65,,,,,
Bekasi,Bekasi Kayuringin,2026-04-28 08:00:00,56,56,34,,78,16,0,23,,,,,
Jakarta,The Pakubuwono Menteng,2026-04-28 08:49:54,77,77,23,54,,,,,58,29.2,,,
Depok,Cinere - Nafas,2026-04-28 08:49:50,123,123,50,83,,,,,0,0,,,
Bogor,Kabupaten Bogor Leuwiliang,2026-04-28 08:00:00,80,70,35,,4,9,0,80,,,,,
Tangerang,Tangerang Pasir Jaya,2026-04-28 08:00:00,106,106,50,,59,63,0,65,,,,,
Bekasi,Bekasi Kayuringin,2026-04-28 08:00:00,56,56,34,,78,16,0,23,,,,,
Jakarta,The Pakubuwono Menteng,2026-04-28 08:50:53,81,81,26,56,,,,,58,29.2,,,
Depok,Cinere - Nafas,2026-04-28 08:50:51,123,123,50,86,,,,,0,0,,,
Bogor,Kabupaten Bogor Leuwiliang,2026-04-28 08:00:00,80,70,35,,4,9,0,80,,,,,
Tangerang,Tangerang Pasir Jaya,2026-04-28 08:00:00,106,106,50,,59,63,0,65,,,,,
Bekasi,Bekasi Kayuringin,2026-04-28 08:00:00,56,56,34,,78,16,0,23,,,,,
Jakarta,The Pakubuwono Menteng,2026-04-28 08:51:53,74,74,21,49,,,,,58,29.2,,,
Depok,Cinere - Nafas,2026-04-28 08:51:51,125,125,50,87,,,,,0,0,,,
Bogor,Kabupaten Bogor Leuwiliang,2026-04-28 08:00:00,80,70,35,,4,9,0,80,,,,,
Tangerang,Tangerang Pasir Jaya,2026-04-28 08:00:00,106,106,50,,59,63,0,65,,,,,
Bekasi,Bekasi Kayuringin,2026-04-28 08:00:00,56,56,34,,78,16,0,23,,,,,
Jakarta,The Pakubuwono Menteng,2026-04-28 08:53:53,78,78,26,57,,,,,58,29.3,,,
Depok,Cinere - Nafas,2026-04-28 08:53:51,119,119,47,84,,,,,0,0,,,
Bogor,Kabupaten Bogor Leuwiliang,2026-04-28 08:00:00,80,70,35,,4,9,0,80,,,,,
Tangerang,Tangerang Pasir Jaya,2026-04-28 08:00:00,106,106,50,,59,63,0,65,,,,,
Bekasi,Bekasi Kayuringin,2026-04-28 08:00:00,56,56,34,,78,16,0,23,,,,,
Jakarta,The Pakubuwono Menteng,2026-04-28 08:54:53,79,79,25,56,,,,,57,29.3,,,
Depok,Cinere - Nafas,2026-04-28 08:54:51,111,111,44,83,,,,,0,0,,,
Bogor,Kabupaten Bogor Leuwiliang,2026-04-28 08:00:00,80,70,35,,4,9,0,80,,,,,
Tangerang,Tangerang Pasir Jaya,2026-04-28 08:00:00,106,106,50,,59,63,0,65,,,,,
Bekasi,Bekasi Kayuringin,2026-04-28 08:00:00,56,56,34,,78,16,0,23,,,,,
Jakarta,The Pakubuwono Menteng,2026-04-28 08:54:53,79,79,25,56,,,,,57,29.3,,,
Depok,Cinere - Nafas,2026-04-28 08:54:51,111,111,44,83,,,,,0,0,,,
Bogor,Kabupaten Bogor Leuwiliang,2026-04-28 08:00:00,80,70,35,,4,9,0,80,,,,,
Tangerang,Tangerang Pasir Jaya,2026-04-28 08:00:00,106,106,50,,59,63,0,65,,,,,
Bekasi,Bekasi Kayuringin,2026-04-28 08:00:00,56,56,34,,78,16,0,23,,,,,
Jakarta,The Pakubuwono Menteng,2026-04-28 08:55:53,76,76,23,59,,,,,57,29.4,,,
Depok,Cinere - Nafas,2026-04-28 08:56:51,118,118,47,84,,,,,0,0,,,
Bogor,Kabupaten Bogor Leuwiliang,2026-04-28 08:00:00,80,70,35,,4,9,0,80,,,,,
Tangerang,Tangerang Pasir Jaya,2026-04-28 08:00:00,106,106,50,,59,63,0,65,,,,,
Bekasi,Bekasi Kayuringin,2026-04-28 08:00:00,56,56,34,,78,16,0,23,,,,,
Jakarta,The Pakubuwono Menteng,2026-04-28 08:57:53,79,79,25,62,,,,,57,29.4,,,
Depok,Cinere - Nafas,2026-04-28 08:57:51,115,115,45,83,,,,,0,0,,,
Bogor,Kabupaten Bogor Leuwiliang,2026-04-28 08:00:00,80,70,35,,4,9,0,80,,,,,
Tangerang,Tangerang Pasir Jaya,2026-04-28 08:00:00,106,106,50,,59,63,0,65,,,,,
Bekasi,Bekasi Kayuringin,2026-04-28 08:00:00,56,56,34,,78,16,0,23,,,,,
Jakarta,The Pakubuwono Menteng,2026-04-28 08:58:53,76,76,22,62,,,,,57,29.4,,,
Depok,Cinere - Nafas,2026-04-28 08:58:51,117,117,47,83,,,,,0,0,,,
Bogor,Kabupaten Bogor Leuwiliang,2026-04-28 08:00:00,80,70,35,,4,9,0,80,,,,,
Tangerang,Tangerang Pasir Jaya,2026-04-28 08:00:00,106,106,50,,59,63,0,65,,,,,
Bekasi,Bekasi Kayuringin,2026-04-28 08:00:00,56,56,34,,78,16,0,23,,,,,
Jakarta,The Pakubuwono Menteng,2026-04-28 08:59:54,80,80,25,64,,,,,57,29.4,,,
Depok,Cinere - Nafas,2026-04-28 08:59:51,122,122,49,87,,,,,0,0,,,
Bogor,Kabupaten Bogor Leuwiliang,2026-04-28 08:00:00,80,70,35,,4,9,0,80,,,,,
Tangerang,Tangerang Pasir Jaya,2026-04-28 08:00:00,106,106,50,,59,63,0,65,,,,,
Bekasi,Bekasi Kayuringin,2026-04-28 08:00:00,56,56,34,,78,16,0,23,,,,,
Jakarta,The Pakubuwono Menteng,2026-04-28 08:59:54,80,80,25,64,,,,,57,29.4,,,
Depok,Cinere - Nafas,2026-04-28 08:59:51,122,122,49,87,,,,,0,0,,,
Bogor,Kabupaten Bogor Leuwiliang,2026-04-28 08:00:00,80,70,35,,4,9,0,80,,,,,
Tangerang,Tangerang Pasir Jaya,2026-04-28 08:00:00,106,106,50,,59,63,0,65,,,,,
Bekasi,Bekasi Kayuringin,2026-04-28 08:00:00,56,56,34,,78,16,0,23,,,,,
Jakarta,The Pakubuwono Menteng,2026-04-28 09:02:54,79,79,23,63,,,,,57,29.5,,,
Depok,Cinere - Nafas,2026-04-28 09:02:51,125,125,50,88,,,,,0,0,,,
Bogor,Kabupaten Bogor Leuwiliang,2026-04-28 08:00:00,80,70,35,,4,9,0,80,,,,,
Tangerang,Tangerang Pasir Jaya,2026-04-28 08:00:00,106,106,50,,59,63,0,65,,,,,
Bekasi,Bekasi Kayuringin,2026-04-28 08:00:00,56,56,34,,78,16,0,23,,,,,
Jakarta,The Pakubuwono Menteng,2026-04-28 09:03:54,81,81,26,62,,,,,57,29.5,,,
Depok,Cinere - Nafas,2026-04-28 09:03:51,131,131,53,93,,,,,0,0,,,
Bogor,Kabupaten Bogor Leuwiliang,2026-04-28 08:00:00,80,70,35,,4,9,0,80,,,,,
Tangerang,Tangerang Pasir Jaya,2026-04-28 08:00:00,106,106,50,,59,63,0,65,,,,,
Bekasi,Bekasi Kayuringin,2026-04-28 08:00:00,56,56,34,,78,16,0,23,,,,,
Jakarta,The Pakubuwono Menteng,2026-04-28 09:04:54,73,73,22,55,,,,,57,29.5,,,
Depok,Cinere - Nafas,2026-04-28 09:04:51,125,125,51,89,,,,,0,0,,,
Bogor,Kabupaten Bogor Leuwiliang,2026-04-28 08:00:00,80,70,35,,4,9,0,80,,,,,
Tangerang,Tangerang Pasir Jaya,2026-04-28 08:00:00,106,106,50,,59,63,0,65,,,,,
Bekasi,Bekasi Kayuringin,2026-04-28 08:00:00,56,56,34,,78,16,0,23,,,,,
Jakarta,The Pakubuwono Menteng,2026-04-28 09:07:54,79,79,25,55,,,,,57,29.6,,,
Depok,Cinere - Nafas,2026-04-28 09:07:51,140,140,55,95,,,,,0,0,,,
Bogor,Kabupaten Bogor Leuwiliang,2026-04-28 08:00:00,80,70,35,,4,9,0,80,,,,,
Tangerang,Tangerang Pasir Jaya,2026-04-28 08:00:00,106,106,50,,59,63,0,65,,,,,
Bekasi,Bekasi Kayuringin,2026-04-28 08:00:00,56,56,34,,78,16,0,23,,,,,
Jakarta,The Pakubuwono Menteng,2026-04-28 09:08:54,87,87,29,66,,,,,57,29.6,,,
Depok,Cinere - Nafas,2026-04-28 09:08:51,140,140,55,97,,,,,0,0,,,
Bogor,Kabupaten Bogor Leuwiliang,2026-04-28 09:00:00,80,71,36,,4,9,0,80,,,,,
Tangerang,Tangerang Pasir Jaya,2026-04-28 09:00:00,103,103,49,,59,63,0,65,,,,,
Bekasi,Bekasi Kayuringin,2026-04-28 09:00:00,56,56,33,,78,16,0,23,,,,,
Jakarta,The Pakubuwono Menteng,2026-04-28 09:09:54,80,80,27,64,,,,,57,29.7,,,
Depok,Cinere - Nafas,2026-04-28 09:09:51,145,145,56,96,,,,,0,0,,,
Bogor,Kabupaten Bogor Leuwiliang,2026-04-28 09:00:00,80,71,36,,4,9,0,80,,,,,
Tangerang,Tangerang Pasir Jaya,2026-04-28 09:00:00,103,103,49,,59,63,0,65,,,,,
Bekasi,Bekasi Kayuringin,2026-04-28 09:00:00,56,56,33,,78,16,0,23,,,,,
Jakarta,The Pakubuwono Menteng,2026-04-28 09:10:54,83,83,26,62,,,,,57,29.8,,,
Depok,Cinere - Nafas,2026-04-28 09:10:51,150,150,57,99,,,,,0,0,,,
Bogor,Kabupaten Bogor Leuwiliang,2026-04-28 09:00:00,80,71,36,,4,9,0,80,,,,,
Tangerang,Tangerang Pasir Jaya,2026-04-28 09:00:00,103,103,49,,59,63,0,65,,,,,
Bekasi,Bekasi Kayuringin,2026-04-28 09:00:00,56,56,33,,78,16,0,23,,,,,
Jakarta,The Pakubuwono Menteng,2026-04-28 09:11:54,73,73,22,56,,,,,57,29.8,,,
Depok,Cinere - Nafas,2026-04-28 09:11:51,143,143,56,97,,,,,0,0,,,
Bogor,Kabupaten Bogor Leuwiliang,2026-04-28 09:00:00,80,71,36,,4,9,0,80,,,,,
Tangerang,Tangerang Pasir Jaya,2026-04-28 09:00:00,103,103,49,,59,63,0,65,,,,,
Bekasi,Bekasi Kayuringin,2026-04-28 09:00:00,56,56,33,,78,16,0,23,,,,,
Jakarta,The Pakubuwono Menteng,2026-04-28 09:13:54,75,75,22,51,,,,,57,30,,,
Depok,Cinere - Nafas,2026-04-28 09:13:51,141,141,56,97,,,,,0,0,,,
Bogor,Kabupaten Bogor Leuwiliang,2026-04-28 09:00:00,80,71,36,,4,9,0,80,,,,,
Tangerang,Tangerang Pasir Jaya,2026-04-28 09:00:00,103,103,49,,59,63,0,65,,,,,
Bekasi,Bekasi Kayuringin,2026-04-28 09:00:00,56,56,33,,78,16,0,23,,,,,
Jakarta,The Pakubuwono Menteng,2026-04-28 09:13:54,75,75,22,51,,,,,57,30,,,
Depok,Cinere - Nafas,2026-04-28 09:13:51,141,141,56,97,,,,,0,0,,,
Bogor,Kabupaten Bogor Leuwiliang,2026-04-28 09:00:00,80,71,36,,4,9,0,80,,,,,
Tangerang,Tangerang Pasir Jaya,2026-04-28 09:00:00,103,103,49,,59,63,0,65,,,,,
Bekasi,Bekasi Kayuringin,2026-04-28 09:00:00,56,56,33,,78,16,0,23,,,,,
Jakarta,The Pakubuwono Menteng,2026-04-28 09:14:54,74,74,22,54,,,,,57,30,,,
Depok,Cinere - Nafas,2026-04-28 09:14:51,141,141,56,98,,,,,0,0,,,
Bogor,Kabupaten Bogor Leuwiliang,2026-04-28 09:00:00,80,71,36,,4,9,0,80,,,,,
Tangerang,Tangerang Pasir Jaya,2026-04-28 09:00:00,103,103,49,,59,63,0,65,,,,,
Bekasi,Bekasi Kayuringin,2026-04-28 09:00:00,56,56,33,,78,16,0,23,,,,,
Jakarta,The Pakubuwono Menteng,2026-04-28 09:15:54,77,77,23,54,,,,,57,30,,,
Depok,Cinere - Nafas,2026-04-28 09:15:51,151,151,57,100,,,,,0,0,,,
Bogor,Kabupaten Bogor Leuwiliang,2026-04-28 09:00:00,80,71,36,,4,9,0,80,,,,,
Tangerang,Tangerang Pasir Jaya,2026-04-28 09:00:00,103,103,49,,59,63,0,65,,,,,
Bekasi,Bekasi Kayuringin,2026-04-28 09:00:00,56,56,33,,78,16,0,23,,,,,
Jakarta,The Pakubuwono Menteng,2026-04-28 09:18:54,74,74,23,57,,,,,56,30.1,,,
Depok,Cinere - Nafas,2026-04-28 09:18:51,141,141,55,97,,,,,0,0,,,
Bogor,Kabupaten Bogor Leuwiliang,2026-04-28 09:00:00,80,71,36,,4,9,0,80,,,,,
Tangerang,Tangerang Pasir Jaya,2026-04-28 09:00:00,103,103,49,,59,63,0,65,,,,,
Bekasi,Bekasi Kayuringin,2026-04-28 09:00:00,56,56,33,,78,16,0,23,,,,,
Jakarta,The Pakubuwono Menteng,2026-04-28 09:19:54,66,66,18,35,,,,,56,30.1,,,
Depok,Cinere - Nafas,2026-04-28 09:19:51,142,142,56,99,,,,,0,0,,,
Bogor,Kabupaten Bogor Leuwiliang,2026-04-28 09:00:00,80,71,36,,4,9,0,80,,,,,
Tangerang,Tangerang Pasir Jaya,2026-04-28 09:00:00,103,103,49,,59,63,0,65,,,,,
Bekasi,Bekasi Kayuringin,2026-04-28 09:00:00,56,56,33,,78,16,0,23,,,,,
Jakarta,The Pakubuwono Menteng,2026-04-28 09:20:54,70,70,20,54,,,,,56,30.2,,,
Depok,Cinere - Nafas,2026-04-28 09:20:51,141,141,55,97,,,,,0,0,,,
Bogor,Kabupaten Bogor Leuwiliang,2026-04-28 09:00:00,80,71,36,,4,9,0,80,,,,,
Tangerang,Tangerang Pasir Jaya,2026-04-28 09:00:00,103,103,49,,59,63,0,65,,,,,
Bekasi,Bekasi Kayuringin,2026-04-28 09:00:00,56,56,33,,78,16,0,23,,,,,
Jakarta,The Pakubuwono Menteng,2026-04-28 09:21:54,76,76,22,55,,,,,56,30.2,,,
Depok,Cinere - Nafas,2026-04-28 09:21:51,142,142,56,96,,,,,0,0,,,
Bogor,Kabupaten Bogor Leuwiliang,2026-04-28 09:00:00,80,71,36,,4,9,0,80,,,,,
Tangerang,Tangerang Pasir Jaya,2026-04-28 09:00:00,103,103,49,,59,63,0,65,,,,,
Bekasi,Bekasi Kayuringin,2026-04-28 09:00:00,56,56,33,,78,16,0,23,,,,,
Jakarta,The Pakubuwono Menteng,2026-04-28 09:22:54,77,77,24,58,,,,,56,30.3,,,
Depok,Cinere - Nafas,2026-04-28 09:22:51,142,142,55,96,,,,,0,0,,,
Bogor,Kabupaten Bogor Leuwiliang,2026-04-28 09:00:00,80,71,36,,4,9,0,80,,,,,
Tangerang,Tangerang Pasir Jaya,2026-04-28 09:00:00,103,103,49,,59,63,0,65,,,,,
Bekasi,Bekasi Kayuringin,2026-04-28 09:00:00,56,56,33,,78,16,0,23,,,,,
Jakarta,The Pakubuwono Menteng,2026-04-28 09:23:54,76,76,22,49,,,,,56,30.3,,,
Depok,Cinere - Nafas,2026-04-28 09:23:51,142,142,56,97,,,,,0,0,,,
Bogor,Kabupaten Bogor Leuwiliang,2026-04-28 09:00:00,80,71,36,,4,9,0,80,,,,,
Tangerang,Tangerang Pasir Jaya,2026-04-28 09:00:00,103,103,49,,59,63,0,65,,,,,
Bekasi,Bekasi Kayuringin,2026-04-28 09:00:00,56,56,33,,78,16,0,23,,,,,
Jakarta,The Pakubuwono Menteng,2026-04-28 09:24:54,75,75,22,54,,,,,56,30.4,,,
Depok,Cinere - Nafas,2026-04-28 09:24:51,141,141,56,97,,,,,0,0,,,
Bogor,Kabupaten Bogor Leuwiliang,2026-04-28 09:00:00,80,71,36,,4,9,0,80,,,,,
Tangerang,Tangerang Pasir Jaya,2026-04-28 09:00:00,103,103,49,,59,63,0,65,,,,,
Bekasi,Bekasi Kayuringin,2026-04-28 09:00:00,56,56,33,,78,16,0,23,,,,,
Jakarta,The Pakubuwono Menteng,2026-04-28 09:25:54,79,79,24,61,,,,,56,30.4,,,
Depok,Cinere - Nafas,2026-04-28 09:25:51,141,141,55,97,,,,,0,0,,,
Bogor,Kabupaten Bogor Leuwiliang,2026-04-28 09:00:00,80,71,36,,4,9,0,80,,,,,
Tangerang,Tangerang Pasir Jaya,2026-04-28 09:00:00,103,103,49,,59,63,0,65,,,,,
Bekasi,Bekasi Kayuringin,2026-04-28 09:00:00,56,56,33,,78,16,0,23,,,,,
Jakarta,The Pakubuwono Menteng,2026-04-28 09:27:54,84,84,26,63,,,,,55,30.4,,,
Depok,Cinere - Nafas,2026-04-28 09:27:51,142,142,56,100,,,,,0,0,,,
Bogor,Kabupaten Bogor Leuwiliang,2026-04-28 09:00:00,80,71,36,,4,9,0,80,,,,,
Tangerang,Tangerang Pasir Jaya,2026-04-28 09:00:00,103,103,49,,59,63,0,65,,,,,
Bekasi,Bekasi Kayuringin,2026-04-28 09:00:00,56,56,33,,78,16,0,23,,,,,
Jakarta,The Pakubuwono Menteng,2026-04-28 09:28:54,85,85,27,64,,,,,55,30.5,,,
Depok,Cinere - Nafas,2026-04-28 09:28:51,148,148,56,102,,,,,0,0,,,
Bogor,Kabupaten Bogor Leuwiliang,2026-04-28 09:00:00,80,71,36,,4,9,0,80,,,,,
Tangerang,Tangerang Pasir Jaya,2026-04-28 09:00:00,103,103,49,,59,63,0,65,,,,,
Bekasi,Bekasi Kayuringin,2026-04-28 09:00:00,56,56,33,,78,16,0,23,,,,,
Jakarta,The Pakubuwono Menteng,2026-04-28 09:29:54,81,81,25,66,,,,,55,30.5,,,
Depok,Cinere - Nafas,2026-04-28 09:29:51,143,143,56,98,,,,,0,0,,,
Bogor,Kabupaten Bogor Leuwiliang,2026-04-28 09:00:00,80,71,36,,4,9,0,80,,,,,
Tangerang,Tangerang Pasir Jaya,2026-04-28 09:00:00,103,103,49,,59,63,0,65,,,,,
Bekasi,Bekasi Kayuringin,2026-04-28 09:00:00,56,56,33,,78,16,0,23,,,,,
Jakarta,The Pakubuwono Menteng,2026-04-28 09:30:54,91,91,32,70,,,,,55,30.5,,,
Depok,Cinere - Nafas,2026-04-28 09:30:51,141,141,55,96,,,,,0,0,,,
Bogor,Kabupaten Bogor Leuwiliang,2026-04-28 09:00:00,80,71,36,,4,9,0,80,,,,,
Tangerang,Tangerang Pasir Jaya,2026-04-28 09:00:00,103,103,49,,59,63,0,65,,,,,
Bekasi,Bekasi Kayuringin,2026-04-28 09:00:00,56,56,33,,78,16,0,23,,,,,
Jakarta,The Pakubuwono Menteng,2026-04-28 09:32:56,91,91,31,72,,,,,55,30.5,,,
Depok,Cinere - Nafas,2026-04-28 09:32:51,149,149,56,100,,,,,0,0,,,
Bogor,Kabupaten Bogor Leuwiliang,2026-04-28 09:00:00,80,71,36,,4,9,0,80,,,,,
Tangerang,Tangerang Pasir Jaya,2026-04-28 09:00:00,103,103,49,,59,63,0,65,,,,,
Bekasi,Bekasi Kayuringin,2026-04-28 09:00:00,56,56,33,,78,16,0,23,,,,,
Jakarta,The Pakubuwono Menteng,2026-04-28 09:33:54,86,86,29,64,,,,,55,30.5,,,
Depok,Cinere - Nafas,2026-04-28 09:33:51,150,150,57,106,,,,,0,0,,,
Bogor,Kabupaten Bogor Leuwiliang,2026-04-28 09:00:00,80,71,36,,4,9,0,80,,,,,
Tangerang,Tangerang Pasir Jaya,2026-04-28 09:00:00,103,103,49,,59,63,0,65,,,,,
Bekasi,Bekasi Kayuringin,2026-04-28 09:00:00,56,56,33,,78,16,0,23,,,,,
Jakarta,The Pakubuwono Menteng,2026-04-28 09:34:54,80,80,24,62,,,,,55,30.5,,,
Depok,Cinere - Nafas,2026-04-28 09:34:51,145,145,56,99,,,,,0,0,,,
Bogor,Kabupaten Bogor Leuwiliang,2026-04-28 09:00:00,80,71,36,,4,9,0,80,,,,,
Tangerang,Tangerang Pasir Jaya,2026-04-28 09:00:00,103,103,49,,59,63,0,65,,,,,
Bekasi,Bekasi Kayuringin,2026-04-28 09:00:00,56,56,33,,78,16,0,23,,,,,
Jakarta,The Pakubuwono Menteng,2026-04-28 09:35:54,80,80,29,62,,,,,56,30.6,,,
Depok,Cinere - Nafas,2026-04-28 09:35:51,148,148,57,104,,,,,0,0,,,
Bogor,Kabupaten Bogor Leuwiliang,2026-04-28 09:00:00,80,71,36,,4,9,0,80,,,,,
Tangerang,Tangerang Pasir Jaya,2026-04-28 09:00:00,103,103,49,,59,63,0,65,,,,,
Bekasi,Bekasi Kayuringin,2026-04-28 09:00:00,56,56,33,,78,16,0,23,,,,,
Jakarta,The Pakubuwono Menteng,2026-04-28 09:37:54,82,82,25,69,,,,,55,30.6,,,
Depok,Cinere - Nafas,2026-04-28 09:37:51,150,150,57,108,,,,,0,0,,,
Bogor,Kabupaten Bogor Leuwiliang,2026-04-28 09:00:00,80,71,36,,4,9,0,80,,,,,
Tangerang,Tangerang Pasir Jaya,2026-04-28 09:00:00,103,103,49,,59,63,0,65,,,,,
Bekasi,Bekasi Kayuringin,2026-04-28 09:00:00,56,56,33,,78,16,0,23,,,,,
Jakarta,The Pakubuwono Menteng,2026-04-28 09:38:54,84,84,27,69,,,,,55,30.7,,,
Depok,Cinere - Nafas,2026-04-28 09:38:51,149,149,57,106,,,,,0,0,,,
Bogor,Kabupaten Bogor Leuwiliang,2026-04-28 09:00:00,80,71,36,,4,9,0,80,,,,,
Tangerang,Tangerang Pasir Jaya,2026-04-28 09:00:00,103,103,49,,59,63,0,65,,,,,
Bekasi,Bekasi Kayuringin,2026-04-28 09:00:00,56,56,33,,78,16,0,23,,,,,
Jakarta,The Pakubuwono Menteng,2026-04-28 09:39:54,99,99,35,72,,,,,55,30.7,,,
Depok,Cinere - Nafas,2026-04-28 09:39:51,150,150,57,110,,,,,0,0,,,
Bogor,Kabupaten Bogor Leuwiliang,2026-04-28 09:00:00,80,71,36,,4,9,0,80,,,,,
Tangerang,Tangerang Pasir Jaya,2026-04-28 09:00:00,103,103,49,,59,63,0,65,,,,,
Bekasi,Bekasi Kayuringin,2026-04-28 09:00:00,56,56,33,,78,16,0,23,,,,,
Jakarta,The Pakubuwono Menteng,2026-04-28 09:40:54,98,98,35,75,,,,,55,30.7,,,
Depok,Cinere - Nafas,2026-04-28 09:40:51,149,149,57,105,,,,,0,0,,,
Bogor,Kabupaten Bogor Leuwiliang,2026-04-28 09:00:00,80,71,36,,4,9,0,80,,,,,
Tangerang,Tangerang Pasir Jaya,2026-04-28 09:00:00,103,103,49,,59,63,0,65,,,,,
Bekasi,Bekasi Kayuringin,2026-04-28 09:00:00,56,56,33,,78,16,0,23,,,,,
Jakarta,The Pakubuwono Menteng,2026-04-28 09:41:54,106,106,41,79,,,,,55,30.7,,,
Depok,Cinere - Nafas,2026-04-28 09:41:51,151,151,57,111,,,,,0,0,,,
Bogor,Kabupaten Bogor Leuwiliang,2026-04-28 09:00:00,80,71,36,,4,9,0,80,,,,,
Tangerang,Tangerang Pasir Jaya,2026-04-28 09:00:00,103,103,49,,59,63,0,65,,,,,
Bekasi,Bekasi Kayuringin,2026-04-28 09:00:00,56,56,33,,78,16,0,23,,,,,
Jakarta,The Pakubuwono Menteng,2026-04-28 09:42:54,99,99,42,75,,,,,55,30.8,,,
Depok,Cinere - Nafas,2026-04-28 09:42:51,152,152,58,114,,,,,0,0,,,
Bogor,Kabupaten Bogor Leuwiliang,2026-04-28 09:00:00,80,71,36,,4,9,0,80,,,,,
Tangerang,Tangerang Pasir Jaya,2026-04-28 09:00:00,103,103,49,,59,63,0,65,,,,,
Bekasi,Bekasi Kayuringin,2026-04-28 09:00:00,56,56,33,,78,16,0,23,,,,,
Jakarta,The Pakubuwono Menteng,2026-04-28 09:43:54,107,107,41,77,,,,,55,30.8,,,
Depok,Cinere - Nafas,2026-04-28 09:43:51,152,152,57,110,,,,,0,0,,,
Bogor,Kabupaten Bogor Leuwiliang,2026-04-28 09:00:00,80,71,36,,4,9,0,80,,,,,
Tangerang,Tangerang Pasir Jaya,2026-04-28 09:00:00,103,103,49,,59,63,0,65,,,,,
Bekasi,Bekasi Kayuringin,2026-04-28 09:00:00,56,56,33,,78,16,0,23,,,,,
Jakarta,The Pakubuwono Menteng,2026-04-28 09:45:54,108,108,42,79,,,,,55,30.8,,,
Depok,Cinere - Nafas,2026-04-28 09:45:51,154,154,59,115,,,,,0,0,,,
Bogor,Kabupaten Bogor Leuwiliang,2026-04-28 09:00:00,80,71,36,,4,9,0,80,,,,,
Tangerang,Tangerang Pasir Jaya,2026-04-28 09:00:00,103,103,49,,59,63,0,65,,,,,
Bekasi,Bekasi Kayuringin,2026-04-28 09:00:00,56,56,33,,78,16,0,23,,,,,
Jakarta,The Pakubuwono Menteng,2026-04-28 09:47:54,93,93,33,74,,,,,55,30.9,,,
Depok,Cinere - Nafas,2026-04-28 09:47:51,155,155,60,118,,,,,0,0,,,
Bogor,Kabupaten Bogor Leuwiliang,2026-04-28 09:00:00,80,71,36,,4,9,0,80,,,,,
Tangerang,Tangerang Pasir Jaya,2026-04-28 09:00:00,103,103,49,,59,63,0,65,,,,,
Bekasi,Bekasi Kayuringin,2026-04-28 09:00:00,56,56,33,,78,16,0,23,,,,,
Jakarta,The Pakubuwono Menteng,2026-04-28 09:48:55,97,97,34,74,,,,,55,30.9,,,
Depok,Cinere - Nafas,2026-04-28 09:48:51,156,156,59,117,,,,,0,0,,,
Bogor,Kabupaten Bogor Leuwiliang,2026-04-28 09:00:00,80,71,36,,4,9,0,80,,,,,
Tangerang,Tangerang Pasir Jaya,2026-04-28 09:00:00,103,103,49,,59,63,0,65,,,,,
Bekasi,Bekasi Kayuringin,2026-04-28 09:00:00,56,56,33,,78,16,0,23,,,,,
Jakarta,The Pakubuwono Menteng,2026-04-28 09:48:55,97,97,34,74,,,,,55,30.9,,,
Depok,Cinere - Nafas,2026-04-28 09:48:51,156,156,59,117,,,,,0,0,,,
Bogor,Kabupaten Bogor Leuwiliang,2026-04-28 09:00:00,80,71,36,,4,9,0,80,,,,,
Tangerang,Tangerang Pasir Jaya,2026-04-28 09:00:00,103,103,49,,59,63,0,65,,,,,
Bekasi,Bekasi Kayuringin,2026-04-28 09:00:00,56,56,33,,78,16,0,23,,,,,
Jakarta,The Pakubuwono Menteng,2026-04-28 09:49:55,110,110,43,80,,,,,55,31,,,
Depok,Cinere - Nafas,2026-04-28 09:49:51,153,153,60,117,,,,,0,0,,,
Bogor,Kabupaten Bogor Leuwiliang,2026-04-28 09:00:00,80,71,36,,4,9,0,80,,,,,
Tangerang,Tangerang Pasir Jaya,2026-04-28 09:00:00,103,103,49,,59,63,0,65,,,,,
Bekasi,Bekasi Kayuringin,2026-04-28 09:00:00,56,56,33,,78,16,0,23,,,,,
Jakarta,The Pakubuwono Menteng,2026-04-28 09:51:55,114,114,47,83,,,,,55,31,,,
Depok,Cinere - Nafas,2026-04-28 09:51:51,154,154,59,117,,,,,0,0,,,
Bogor,Kabupaten Bogor Leuwiliang,2026-04-28 09:00:00,80,71,36,,4,9,0,80,,,,,
Tangerang,Tangerang Pasir Jaya,2026-04-28 09:00:00,103,103,49,,59,63,0,65,,,,,
Bekasi,Bekasi Kayuringin,2026-04-28 09:00:00,56,56,33,,78,16,0,23,,,,,
Jakarta,The Pakubuwono Menteng,2026-04-28 09:52:55,110,110,42,83,,,,,55,31,,,
Depok,Cinere - Nafas,2026-04-28 09:52:51,155,155,60,118,,,,,0,0,,,
Bogor,Kabupaten Bogor Leuwiliang,2026-04-28 09:00:00,80,71,36,,4,9,0,80,,,,,
Tangerang,Tangerang Pasir Jaya,2026-04-28 09:00:00,103,103,49,,59,63,0,65,,,,,
Bekasi,Bekasi Kayuringin,2026-04-28 09:00:00,56,56,33,,78,16,0,23,,,,,
Jakarta,The Pakubuwono Menteng,2026-04-28 09:53:55,112,112,44,82,,,,,55,31,,,
Depok,Cinere - Nafas,2026-04-28 09:53:51,155,155,60,115,,,,,0,0,,,
Bogor,Kabupaten Bogor Leuwiliang,2026-04-28 09:00:00,80,71,36,,4,9,0,80,,,,,
Tangerang,Tangerang Pasir Jaya,2026-04-28 09:00:00,103,103,49,,59,63,0,65,,,,,
Bekasi,Bekasi Kayuringin,2026-04-28 09:00:00,56,56,33,,78,16,0,23,,,,,
Jakarta,The Pakubuwono Menteng,2026-04-28 09:54:55,127,127,51,89,,,,,55,31.1,,,
Depok,Cinere - Nafas,2026-04-28 09:54:51,155,155,59,111,,,,,0,0,,,
Bogor,Kabupaten Bogor Leuwiliang,2026-04-28 09:00:00,80,71,36,,4,9,0,80,,,,,
Tangerang,Tangerang Pasir Jaya,2026-04-28 09:00:00,103,103,49,,59,63,0,65,,,,,
Bekasi,Bekasi Kayuringin,2026-04-28 09:00:00,56,56,33,,78,16,0,23,,,,,
Jakarta,The Pakubuwono Menteng,2026-04-28 09:56:55,141,141,56,97,,,,,55,31.1,,,
Depok,Cinere - Nafas,2026-04-28 09:56:51,155,155,60,117,,,,,0,0,,,
Bogor,Kabupaten Bogor Leuwiliang,2026-04-28 09:00:00,80,71,36,,4,9,0,80,,,,,
Tangerang,Tangerang Pasir Jaya,2026-04-28 09:00:00,103,103,49,,59,63,0,65,,,,,
Bekasi,Bekasi Kayuringin,2026-04-28 09:00:00,56,56,33,,78,16,0,23,,,,,
Jakarta,The Pakubuwono Menteng,2026-04-28 09:58:55,138,138,55,96,,,,,55,31,,,
Depok,Cinere - Nafas,2026-04-28 09:58:51,156,156,61,124,,,,,0,0,,,
Bogor,Kabupaten Bogor Leuwiliang,2026-04-28 09:00:00,80,71,36,,4,9,0,80,,,,,
Tangerang,Tangerang Pasir Jaya,2026-04-28 09:00:00,103,103,49,,59,63,0,65,,,,,
Bekasi,Bekasi Kayuringin,2026-04-28 09:00:00,56,56,33,,78,16,0,23,,,,,
Jakarta,The Pakubuwono Menteng,2026-04-28 09:58:55,138,138,55,96,,,,,55,31,,,
Depok,Cinere - Nafas,2026-04-28 09:58:51,156,156,61,124,,,,,0,0,,,
Bogor,Kabupaten Bogor Leuwiliang,2026-04-28 09:00:00,80,71,36,,4,9,0,80,,,,,
Tangerang,Tangerang Pasir Jaya,2026-04-28 09:00:00,103,103,49,,59,63,0,65,,,,,
Bekasi,Bekasi Kayuringin,2026-04-28 09:00:00,56,56,33,,78,16,0,23,,,,,
Jakarta,The Pakubuwono Menteng,2026-04-28 09:59:55,140,140,55,95,,,,,55,31,,,
Depok,Cinere - Nafas,2026-04-28 09:59:52,154,154,59,116,,,,,0,0,,,
Bogor,Kabupaten Bogor Leuwiliang,2026-04-28 09:00:00,80,71,36,,4,9,0,80,,,,,
Tangerang,Tangerang Pasir Jaya,2026-04-28 09:00:00,103,103,49,,59,63,0,65,,,,,
Bekasi,Bekasi Kayuringin,2026-04-28 09:00:00,56,56,33,,78,16,0,23,,,,,
Jakarta,The Pakubuwono Menteng,2026-04-28 10:00:55,141,141,56,99,,,,,55,31,,,
Depok,Cinere - Nafas,2026-04-28 10:00:51,154,154,59,116,,,,,0,0,,,
Bogor,Kabupaten Bogor Leuwiliang,2026-04-28 09:00:00,80,71,36,,4,9,0,80,,,,,
Tangerang,Tangerang Pasir Jaya,2026-04-28 09:00:00,103,103,49,,59,63,0,65,,,,,
Bekasi,Bekasi Kayuringin,2026-04-28 09:00:00,56,56,33,,78,16,0,23,,,,,
Jakarta,The Pakubuwono Menteng,2026-04-28 10:01:55,134,134,53,93,,,,,55,31,,,
Depok,Cinere - Nafas,2026-04-28 10:01:52,156,156,60,120,,,,,0,0,,,
Bogor,Kabupaten Bogor Leuwiliang,2026-04-28 09:00:00,80,71,36,,4,9,0,80,,,,,
Tangerang,Tangerang Pasir Jaya,2026-04-28 09:00:00,103,103,49,,59,63,0,65,,,,,
Bekasi,Bekasi Kayuringin,2026-04-28 09:00:00,56,56,33,,78,16,0,23,,,,,
Jakarta,The Pakubuwono Menteng,2026-04-28 10:02:55,137,137,54,94,,,,,55,31,,,
Depok,Cinere - Nafas,2026-04-28 10:02:52,156,156,60,120,,,,,0,0,,,
Bogor,Kabupaten Bogor Leuwiliang,2026-04-28 09:00:00,80,71,36,,4,9,0,80,,,,,
Tangerang,Tangerang Pasir Jaya,2026-04-28 09:00:00,103,103,49,,59,63,0,65,,,,,
Bekasi,Bekasi Kayuringin,2026-04-28 09:00:00,56,56,33,,78,16,0,23,,,,,
Jakarta,The Pakubuwono Menteng,2026-04-28 10:04:55,135,135,53,94,,,,,55,31,,,
Depok,Cinere - Nafas,2026-04-28 10:04:52,157,157,60,121,,,,,0,0,,,
Bogor,Kabupaten Bogor Leuwiliang,2026-04-28 09:00:00,80,71,36,,4,9,0,80,,,,,
Tangerang,Tangerang Pasir Jaya,2026-04-28 09:00:00,103,103,49,,59,63,0,65,,,,,
Bekasi,Bekasi Kayuringin,2026-04-28 09:00:00,56,56,33,,78,16,0,23,,,,,
Jakarta,The Pakubuwono Menteng,2026-04-28 10:06:55,138,138,54,94,,,,,55,30.9,,,
Depok,Cinere - Nafas,2026-04-28 10:06:52,156,156,60,125,,,,,0,0,,,
Bogor,Kabupaten Bogor Leuwiliang,2026-04-28 09:00:00,80,71,36,,4,9,0,80,,,,,
Tangerang,Tangerang Pasir Jaya,2026-04-28 09:00:00,103,103,49,,59,63,0,65,,,,,
Bekasi,Bekasi Kayuringin,2026-04-28 09:00:00,56,56,33,,78,16,0,23,,,,,
Jakarta,The Pakubuwono Menteng,2026-04-28 10:07:55,138,138,54,95,,,,,55,30.9,,,
Depok,Cinere - Nafas,2026-04-28 10:07:52,157,157,61,125,,,,,0,0,,,
Bogor,Kabupaten Bogor Leuwiliang,2026-04-28 09:00:00,80,71,36,,4,9,0,80,,,,,
Tangerang,Tangerang Pasir Jaya,2026-04-28 09:00:00,103,103,49,,59,63,0,65,,,,,
Bekasi,Bekasi Kayuringin,2026-04-28 09:00:00,56,56,33,,78,16,0,23,,,,,
Jakarta,The Pakubuwono Menteng,2026-04-28 10:08:55,138,138,54,96,,,,,55,30.9,,,
Depok,Cinere - Nafas,2026-04-28 10:08:52,156,156,60,121,,,,,0,0,,,
Bogor,Kabupaten Bogor Leuwiliang,2026-04-28 10:00:00,80,72,37,,4,9,0,80,,,,,
Tangerang,Tangerang Pasir Jaya,2026-04-28 10:00:00,100,100,48,,59,63,0,65,,,,,
Bekasi,Bekasi Kayuringin,2026-04-28 10:00:00,56,56,31,,78,16,0,23,,,,,
Jakarta,The Pakubuwono Menteng,2026-04-28 10:09:55,135,135,54,95,,,,,55,30.9,,,
Depok,Cinere - Nafas,2026-04-28 10:09:52,156,156,60,123,,,,,0,0,,,
Bogor,Kabupaten Bogor Leuwiliang,2026-04-28 10:00:00,80,72,37,,4,9,0,80,,,,,
Tangerang,Tangerang Pasir Jaya,2026-04-28 10:00:00,100,100,48,,59,63,0,65,,,,,
Bekasi,Bekasi Kayuringin,2026-04-28 10:00:00,56,56,31,,78,16,0,23,,,,,
Jakarta,The Pakubuwono Menteng,2026-04-28 10:11:55,148,148,56,97,,,,,55,30.9,,,
Depok,Cinere - Nafas,2026-04-28 10:11:52,155,155,60,123,,,,,0,0,,,
Bogor,Kabupaten Bogor Leuwiliang,2026-04-28 10:00:00,80,72,37,,4,9,0,80,,,,,
Tangerang,Tangerang Pasir Jaya,2026-04-28 10:00:00,100,100,48,,59,63,0,65,,,,,
Bekasi,Bekasi Kayuringin,2026-04-28 10:00:00,56,56,31,,78,16,0,23,,,,,
Jakarta,The Pakubuwono Menteng,2026-04-28 10:11:55,148,148,56,97,,,,,55,30.9,,,
Depok,Cinere - Nafas,2026-04-28 10:11:52,155,155,60,123,,,,,0,0,,,
Bogor,Kabupaten Bogor Leuwiliang,2026-04-28 10:00:00,80,72,37,,4,9,0,80,,,,,
Tangerang,Tangerang Pasir Jaya,2026-04-28 10:00:00,100,100,48,,59,63,0,65,,,,,
Bekasi,Bekasi Kayuringin,2026-04-28 10:00:00,56,56,31,,78,16,0,23,,,,,
Jakarta,The Pakubuwono Menteng,2026-04-28 10:12:55,131,131,52,91,,,,,55,30.9,,,
Depok,Cinere - Nafas,2026-04-28 10:12:52,157,157,61,126,,,,,0,0,,,
Bogor,Kabupaten Bogor Leuwiliang,2026-04-28 10:00:00,80,72,37,,4,9,0,80,,,,,
Tangerang,Tangerang Pasir Jaya,2026-04-28 10:00:00,100,100,48,,59,63,0,65,,,,,
Bekasi,Bekasi Kayuringin,2026-04-28 10:00:00,56,56,31,,78,16,0,23,,,,,
Jakarta,The Pakubuwono Menteng,2026-04-28 10:13:55,131,131,53,93,,,,,56,30.9,,,
Depok,Cinere - Nafas,2026-04-28 10:13:52,158,158,62,127,,,,,0,0,,,
Bogor,Kabupaten Bogor Leuwiliang,2026-04-28 10:00:00,80,72,37,,4,9,0,80,,,,,
Tangerang,Tangerang Pasir Jaya,2026-04-28 10:00:00,100,100,48,,59,63,0,65,,,,,
Bekasi,Bekasi Kayuringin,2026-04-28 10:00:00,56,56,31,,78,16,0,23,,,,,
Jakarta,The Pakubuwono Menteng,2026-04-28 10:15:55,130,130,52,92,,,,,56,31,,,
Depok,Cinere - Nafas,2026-04-28 10:15:52,155,155,60,118,,,,,0,0,,,
Bogor,Kabupaten Bogor Leuwiliang,2026-04-28 10:00:00,80,72,37,,4,9,0,80,,,,,
Tangerang,Tangerang Pasir Jaya,2026-04-28 10:00:00,100,100,48,,59,63,0,65,,,,,
Bekasi,Bekasi Kayuringin,2026-04-28 10:00:00,56,56,31,,78,16,0,23,,,,,
Jakarta,The Pakubuwono Menteng,2026-04-28 10:17:55,113,113,46,83,,,,,55,31.1,,,
Depok,Cinere - Nafas,2026-04-28 10:17:52,156,156,60,119,,,,,0,0,,,
Bogor,Kabupaten Bogor Leuwiliang,2026-04-28 10:00:00,80,72,37,,4,9,0,80,,,,,
Tangerang,Tangerang Pasir Jaya,2026-04-28 10:00:00,100,100,48,,59,63,0,65,,,,,
Bekasi,Bekasi Kayuringin,2026-04-28 10:00:00,56,56,31,,78,16,0,23,,,,,
Jakarta,The Pakubuwono Menteng,2026-04-28 10:18:55,116,116,46,84,,,,,55,31.1,,,
Depok,Cinere - Nafas,2026-04-28 10:18:52,158,158,61,127,,,,,0,0,,,
Bogor,Kabupaten Bogor Leuwiliang,2026-04-28 10:00:00,80,72,37,,4,9,0,80,,,,,
Tangerang,Tangerang Pasir Jaya,2026-04-28 10:00:00,100,100,48,,59,63,0,65,,,,,
Bekasi,Bekasi Kayuringin,2026-04-28 10:00:00,56,56,31,,78,16,0,23,,,,,
Jakarta,The Pakubuwono Menteng,2026-04-28 10:19:55,119,119,48,87,,,,,55,31.2,,,
Depok,Cinere - Nafas,2026-04-28 10:19:52,159,159,62,124,,,,,0,0,,,
Bogor,Kabupaten Bogor Leuwiliang,2026-04-28 10:00:00,80,72,37,,4,9,0,80,,,,,
Tangerang,Tangerang Pasir Jaya,2026-04-28 10:00:00,100,100,48,,59,63,0,65,,,,,
Bekasi,Bekasi Kayuringin,2026-04-28 10:00:00,56,56,31,,78,16,0,23,,,,,
Jakarta,The Pakubuwono Menteng,2026-04-28 10:20:55,126,126,51,90,,,,,55,31.2,,,
Depok,Cinere - Nafas,2026-04-28 10:20:52,158,158,61,126,,,,,0,0,,,
Bogor,Kabupaten Bogor Leuwiliang,2026-04-28 10:00:00,80,72,37,,4,9,0,80,,,,,
Tangerang,Tangerang Pasir Jaya,2026-04-28 10:00:00,100,100,48,,59,63,0,65,,,,,
Bekasi,Bekasi Kayuringin,2026-04-28 10:00:00,56,56,31,,78,16,0,23,,,,,
Jakarta,The Pakubuwono Menteng,2026-04-28 10:21:55,131,131,53,88,,,,,55,31.3,,,
Depok,Cinere - Nafas,2026-04-28 10:21:52,157,157,61,121,,,,,0,0,,,
Bogor,Kabupaten Bogor Leuwiliang,2026-04-28 10:00:00,80,72,37,,4,9,0,80,,,,,
Tangerang,Tangerang Pasir Jaya,2026-04-28 10:00:00,100,100,48,,59,63,0,65,,,,,
Bekasi,Bekasi Kayuringin,2026-04-28 10:00:00,56,56,31,,78,16,0,23,,,,,
Jakarta,The Pakubuwono Menteng,2026-04-28 10:21:55,131,131,53,88,,,,,55,31.3,,,
Depok,Cinere - Nafas,2026-04-28 10:22:52,157,157,61,121,,,,,0,0,,,
Bogor,Kabupaten Bogor Leuwiliang,2026-04-28 10:00:00,80,72,37,,4,9,0,80,,,,,
Tangerang,Tangerang Pasir Jaya,2026-04-28 10:00:00,100,100,48,,59,63,0,65,,,,,
Bekasi,Bekasi Kayuringin,2026-04-28 10:00:00,56,56,31,,78,16,0,23,,,,,
Jakarta,The Pakubuwono Menteng,2026-04-28 10:22:55,127,127,51,89,,,,,55,31.3,,,
Depok,Cinere - Nafas,2026-04-28 10:22:52,157,157,61,121,,,,,0,0,,,
Bogor,Kabupaten Bogor Leuwiliang,2026-04-28 10:00:00,80,72,37,,4,9,0,80,,,,,
Tangerang,Tangerang Pasir Jaya,2026-04-28 10:00:00,100,100,48,,59,63,0,65,,,,,
Bekasi,Bekasi Kayuringin,2026-04-28 10:00:00,56,56,31,,78,16,0,23,,,,,
Jakarta,The Pakubuwono Menteng,2026-04-28 10:25:55,124,124,51,88,,,,,55,31.5,,,
Depok,Cinere - Nafas,2026-04-28 10:25:52,159,159,62,131,,,,,0,0,,,
Bogor,Kabupaten Bogor Leuwiliang,2026-04-28 10:00:00,80,72,37,,4,9,0,80,,,,,
Tangerang,Tangerang Pasir Jaya,2026-04-28 10:00:00,100,100,48,,59,63,0,65,,,,,
Bekasi,Bekasi Kayuringin,2026-04-28 10:00:00,56,56,31,,78,16,0,23,,,,,
Jakarta,The Pakubuwono Menteng,2026-04-28 10:26:55,129,129,51,90,,,,,55,31.6,,,
Depok,Cinere - Nafas,2026-04-28 10:26:52,158,158,62,128,,,,,0,0,,,
Bogor,Kabupaten Bogor Leuwiliang,2026-04-28 10:00:00,80,72,37,,4,9,0,80,,,,,
Tangerang,Tangerang Pasir Jaya,2026-04-28 10:00:00,100,100,48,,59,63,0,65,,,,,
Bekasi,Bekasi Kayuringin,2026-04-28 10:00:00,56,56,31,,78,16,0,23,,,,,
Jakarta,The Pakubuwono Menteng,2026-04-28 10:27:55,124,124,52,86,,,,,54,31.6,,,
Depok,Cinere - Nafas,2026-04-28 10:27:52,160,160,62,131,,,,,0,0,,,
Bogor,Kabupaten Bogor Leuwiliang,2026-04-28 10:00:00,80,72,37,,4,9,0,80,,,,,
Tangerang,Tangerang Pasir Jaya,2026-04-28 10:00:00,100,100,48,,59,63,0,65,,,,,
Bekasi,Bekasi Kayuringin,2026-04-28 10:00:00,56,56,31,,78,16,0,23,,,,,
Jakarta,The Pakubuwono Menteng,2026-04-28 10:28:55,135,135,54,93,,,,,54,31.7,,,
Depok,Cinere - Nafas,2026-04-28 10:28:52,159,159,62,128,,,,,0,0,,,
Bogor,Kabupaten Bogor Leuwiliang,2026-04-28 10:00:00,80,72,37,,4,9,0,80,,,,,
Tangerang,Tangerang Pasir Jaya,2026-04-28 10:00:00,100,100,48,,59,63,0,65,,,,,
Bekasi,Bekasi Kayuringin,2026-04-28 10:00:00,56,56,31,,78,16,0,23,,,,,
Jakarta,The Pakubuwono Menteng,2026-04-28 10:30:55,122,122,50,90,,,,,54,31.7,,,
Depok,Cinere - Nafas,2026-04-28 10:30:52,159,159,63,131,,,,,0,0,,,
Bogor,Kabupaten Bogor Leuwiliang,2026-04-28 10:00:00,80,72,37,,4,9,0,80,,,,,
Tangerang,Tangerang Pasir Jaya,2026-04-28 10:00:00,100,100,48,,59,63,0,65,,,,,
Bekasi,Bekasi Kayuringin,2026-04-28 10:00:00,56,56,31,,78,16,0,23,,,,,
Jakarta,The Pakubuwono Menteng,2026-04-28 10:31:55,134,134,53,94,,,,,53,31.8,,,
Depok,Cinere - Nafas,2026-04-28 10:31:52,162,162,63,141,,,,,0,0,,,
Bogor,Kabupaten Bogor Leuwiliang,2026-04-28 10:00:00,80,72,37,,4,9,0,80,,,,,
Tangerang,Tangerang Pasir Jaya,2026-04-28 10:00:00,100,100,48,,59,63,0,65,,,,,
Bekasi,Bekasi Kayuringin,2026-04-28 10:00:00,56,56,31,,78,16,0,23,,,,,
Jakarta,The Pakubuwono Menteng,2026-04-28 10:32:55,136,136,53,95,,,,,53,31.8,,,
Depok,Cinere - Nafas,2026-04-28 10:32:52,160,160,62,130,,,,,0,0,,,
Bogor,Kabupaten Bogor Leuwiliang,2026-04-28 10:00:00,80,72,37,,4,9,0,80,,,,,
Tangerang,Tangerang Pasir Jaya,2026-04-28 10:00:00,100,100,48,,59,63,0,65,,,,,
Bekasi,Bekasi Kayuringin,2026-04-28 10:00:00,56,56,31,,78,16,0,23,,,,,
Jakarta,The Pakubuwono Menteng,2026-04-28 10:33:56,128,128,53,91,,,,,52,31.9,,,
Depok,Cinere - Nafas,2026-04-28 10:33:52,160,160,62,133,,,,,0,0,,,
Bogor,Kabupaten Bogor Leuwiliang,2026-04-28 10:00:00,80,72,37,,4,9,0,80,,,,,
Tangerang,Tangerang Pasir Jaya,2026-04-28 10:00:00,100,100,48,,59,63,0,65,,,,,
Bekasi,Bekasi Kayuringin,2026-04-28 10:00:00,56,56,31,,78,16,0,23,,,,,
Jakarta,The Pakubuwono Menteng,2026-04-28 10:35:56,133,133,52,93,,,,,52,31.9,,,
Depok,Cinere - Nafas,2026-04-28 10:35:52,159,159,61,128,,,,,0,0,,,
Bogor,Kabupaten Bogor Leuwiliang,2026-04-28 10:00:00,80,72,37,,4,9,0,80,,,,,
Tangerang,Tangerang Pasir Jaya,2026-04-28 10:00:00,100,100,48,,59,63,0,65,,,,,
Bekasi,Bekasi Kayuringin,2026-04-28 10:00:00,56,56,31,,78,16,0,23,,,,,
Jakarta,The Pakubuwono Menteng,2026-04-28 10:35:56,133,133,52,93,,,,,52,31.9,,,
Depok,Cinere - Nafas,2026-04-28 10:35:52,159,159,61,128,,,,,0,0,,,
Bogor,Kabupaten Bogor Leuwiliang,2026-04-28 10:00:00,80,72,37,,4,9,0,80,,,,,
Tangerang,Tangerang Pasir Jaya,2026-04-28 10:00:00,100,100,48,,59,63,0,65,,,,,
Bekasi,Bekasi Kayuringin,2026-04-28 10:00:00,56,56,31,,78,16,0,23,,,,,
Jakarta,The Pakubuwono Menteng,2026-04-28 10:36:56,136,136,53,94,,,,,52,31.9,,,
Depok,Cinere - Nafas,2026-04-28 10:36:52,160,160,62,131,,,,,0,0,,,
Bogor,Kabupaten Bogor Leuwiliang,2026-04-28 10:00:00,80,72,37,,4,9,0,80,,,,,
Tangerang,Tangerang Pasir Jaya,2026-04-28 10:00:00,100,100,48,,59,63,0,65,,,,,
Bekasi,Bekasi Kayuringin,2026-04-28 10:00:00,56,56,31,,78,16,0,23,,,,,
Jakarta,The Pakubuwono Menteng,2026-04-28 10:38:56,130,130,53,90,,,,,52,32,,,
Depok,Cinere - Nafas,2026-04-28 10:38:52,158,158,62,127,,,,,0,0,,,
Bogor,Kabupaten Bogor Leuwiliang,2026-04-28 10:00:00,80,72,37,,4,9,0,80,,,,,
Tangerang,Tangerang Pasir Jaya,2026-04-28 10:00:00,100,100,48,,59,63,0,65,,,,,
Bekasi,Bekasi Kayuringin,2026-04-28 10:00:00,56,56,31,,78,16,0,23,,,,,
Jakarta,The Pakubuwono Menteng,2026-04-28 10:39:56,129,129,53,93,,,,,52,31.9,,,
Depok,Cinere - Nafas,2026-04-28 10:39:52,160,160,62,133,,,,,0,0,,,
Bogor,Kabupaten Bogor Leuwiliang,2026-04-28 10:00:00,80,72,37,,4,9,0,80,,,,,
Tangerang,Tangerang Pasir Jaya,2026-04-28 10:00:00,100,100,48,,59,63,0,65,,,,,
Bekasi,Bekasi Kayuringin,2026-04-28 10:00:00,56,56,31,,78,16,0,23,,,,,
Jakarta,The Pakubuwono Menteng,2026-04-28 10:40:56,125,125,51,89,,,,,52,31.9,,,
Depok,Cinere - Nafas,2026-04-28 10:40:52,160,160,62,134,,,,,0,0,,,
Bogor,Kabupaten Bogor Leuwiliang,2026-04-28 10:00:00,80,72,37,,4,9,0,80,,,,,
Tangerang,Tangerang Pasir Jaya,2026-04-28 10:00:00,100,100,48,,59,63,0,65,,,,,
Bekasi,Bekasi Kayuringin,2026-04-28 10:00:00,56,56,31,,78,16,0,23,,,,,
Jakarta,The Pakubuwono Menteng,2026-04-28 10:41:57,126,126,51,90,,,,,52,31.9,,,
Depok,Cinere - Nafas,2026-04-28 10:41:52,158,158,61,126,,,,,0,0,,,
Bogor,Kabupaten Bogor Leuwiliang,2026-04-28 10:00:00,80,72,37,,4,9,0,80,,,,,
Tangerang,Tangerang Pasir Jaya,2026-04-28 10:00:00,100,100,48,,59,63,0,65,,,,,
Bekasi,Bekasi Kayuringin,2026-04-28 10:00:00,56,56,31,,78,16,0,23,,,,,
Jakarta,The Pakubuwono Menteng,2026-04-28 10:43:56,118,118,47,85,,,,,52,31.9,,,
Depok,Cinere - Nafas,2026-04-28 10:43:52,157,157,61,125,,,,,0,0,,,
Bogor,Kabupaten Bogor Leuwiliang,2026-04-28 10:00:00,80,72,37,,4,9,0,80,,,,,
Tangerang,Tangerang Pasir Jaya,2026-04-28 10:00:00,100,100,48,,59,63,0,65,,,,,
Bekasi,Bekasi Kayuringin,2026-04-28 10:00:00,56,56,31,,78,16,0,23,,,,,
Jakarta,The Pakubuwono Menteng,2026-04-28 10:44:56,106,106,42,79,,,,,52,31.9,,,
Depok,Cinere - Nafas,2026-04-28 10:44:52,157,157,61,130,,,,,0,0,,,
Bogor,Kabupaten Bogor Leuwiliang,2026-04-28 10:00:00,80,72,37,,4,9,0,80,,,,,
Tangerang,Tangerang Pasir Jaya,2026-04-28 10:00:00,100,100,48,,59,63,0,65,,,,,
Bekasi,Bekasi Kayuringin,2026-04-28 10:00:00,56,56,31,,78,16,0,23,,,,,
Jakarta,The Pakubuwono Menteng,2026-04-28 10:46:56,113,113,44,83,,,,,52,32,,,
Depok,Cinere - Nafas,2026-04-28 10:46:52,159,159,61,128,,,,,0,0,,,
Bogor,Kabupaten Bogor Leuwiliang,2026-04-28 10:00:00,80,72,37,,4,9,0,80,,,,,
Tangerang,Tangerang Pasir Jaya,2026-04-28 10:00:00,100,100,48,,59,63,0,65,,,,,
Bekasi,Bekasi Kayuringin,2026-04-28 10:00:00,56,56,31,,78,16,0,23,,,,,
Jakarta,The Pakubuwono Menteng,2026-04-28 10:47:56,116,116,47,86,,,,,52,32,,,
Depok,Cinere - Nafas,2026-04-28 10:47:52,161,161,62,135,,,,,0,0,,,
Bogor,Kabupaten Bogor Leuwiliang,2026-04-28 10:00:00,80,72,37,,4,9,0,80,,,,,
Tangerang,Tangerang Pasir Jaya,2026-04-28 10:00:00,100,100,48,,59,63,0,65,,,,,
Bekasi,Bekasi Kayuringin,2026-04-28 10:00:00,56,56,31,,78,16,0,23,,,,,
Jakarta,The Pakubuwono Menteng,2026-04-28 10:47:56,116,116,47,86,,,,,52,32,,,
Depok,Cinere - Nafas,2026-04-28 10:47:52,161,161,62,135,,,,,0,0,,,
Bogor,Kabupaten Bogor Leuwiliang,2026-04-28 10:00:00,80,72,37,,4,9,0,80,,,,,
Tangerang,Tangerang Pasir Jaya,2026-04-28 10:00:00,100,100,48,,59,63,0,65,,,,,
Bekasi,Bekasi Kayuringin,2026-04-28 10:00:00,56,56,31,,78,16,0,23,,,,,
Jakarta,The Pakubuwono Menteng,2026-04-28 10:48:56,118,118,48,87,,,,,51,32,,,
Depok,Cinere - Nafas,2026-04-28 10:48:52,161,161,64,138,,,,,0,0,,,
Bogor,Kabupaten Bogor Leuwiliang,2026-04-28 10:00:00,80,72,37,,4,9,0,80,,,,,
Tangerang,Tangerang Pasir Jaya,2026-04-28 10:00:00,100,100,48,,59,63,0,65,,,,,
Bekasi,Bekasi Kayuringin,2026-04-28 10:00:00,56,56,31,,78,16,0,23,,,,,
Jakarta,The Pakubuwono Menteng,2026-04-28 10:49:56,124,124,49,90,,,,,51,32,,,
Depok,Cinere - Nafas,2026-04-28 10:49:52,160,160,62,130,,,,,0,0,,,
Bogor,Kabupaten Bogor Leuwiliang,2026-04-28 10:00:00,80,72,37,,4,9,0,80,,,,,
Tangerang,Tangerang Pasir Jaya,2026-04-28 10:00:00,100,100,48,,59,63,0,65,,,,,
Bekasi,Bekasi Kayuringin,2026-04-28 10:00:00,56,56,31,,78,16,0,23,,,,,
Jakarta,The Pakubuwono Menteng,2026-04-28 10:51:56,106,106,41,79,,,,,51,32,,,
Depok,Cinere - Nafas,2026-04-28 10:51:52,158,158,62,128,,,,,0,0,,,
Bogor,Kabupaten Bogor Leuwiliang,2026-04-28 10:00:00,80,72,37,,4,9,0,80,,,,,
Tangerang,Tangerang Pasir Jaya,2026-04-28 10:00:00,100,100,48,,59,63,0,65,,,,,
Bekasi,Bekasi Kayuringin,2026-04-28 10:00:00,56,56,31,,78,16,0,23,,,,,
Jakarta,The Pakubuwono Menteng,2026-04-28 10:52:56,111,111,43,83,,,,,52,32,,,
Depok,Cinere - Nafas,2026-04-28 10:52:52,158,158,61,127,,,,,0,0,,,
Bogor,Kabupaten Bogor Leuwiliang,2026-04-28 10:00:00,80,72,37,,4,9,0,80,,,,,
Tangerang,Tangerang Pasir Jaya,2026-04-28 10:00:00,100,100,48,,59,63,0,65,,,,,
Bekasi,Bekasi Kayuringin,2026-04-28 10:00:00,56,56,31,,78,16,0,23,,,,,
Jakarta,The Pakubuwono Menteng,2026-04-28 10:54:56,105,105,40,78,,,,,51,32.09,,,
Depok,Cinere - Nafas,2026-04-28 10:54:52,158,158,61,131,,,,,0,0,,,
Bogor,Kabupaten Bogor Leuwiliang,2026-04-28 10:00:00,80,72,37,,4,9,0,80,,,,,
Tangerang,Tangerang Pasir Jaya,2026-04-28 10:00:00,100,100,48,,59,63,0,65,,,,,
Bekasi,Bekasi Kayuringin,2026-04-28 10:00:00,56,56,31,,78,16,0,23,,,,,
Jakarta,The Pakubuwono Menteng,2026-04-28 10:55:56,118,118,45,86,,,,,52,32.09,,,
Depok,Cinere - Nafas,2026-04-28 10:55:52,157,157,61,128,,,,,0,0,,,
Bogor,Kabupaten Bogor Leuwiliang,2026-04-28 10:00:00,80,72,37,,4,9,0,80,,,,,
Tangerang,Tangerang Pasir Jaya,2026-04-28 10:00:00,100,100,48,,59,63,0,65,,,,,
Bekasi,Bekasi Kayuringin,2026-04-28 10:00:00,56,56,31,,78,16,0,23,,,,,
Jakarta,The Pakubuwono Menteng,2026-04-28 10:56:56,123,123,51,89,,,,,51,32.09,,,
Depok,Cinere - Nafas,2026-04-28 10:56:52,157,157,61,128,,,,,0,0,,,
Bogor,Kabupaten Bogor Leuwiliang,2026-04-28 10:00:00,80,72,37,,4,9,0,80,,,,,
Tangerang,Tangerang Pasir Jaya,2026-04-28 10:00:00,100,100,48,,59,63,0,65,,,,,
Bekasi,Bekasi Kayuringin,2026-04-28 10:00:00,56,56,31,,78,16,0,23,,,,,
Jakarta,The Pakubuwono Menteng,2026-04-28 10:57:56,125,125,50,90,,,,,51,32.09,,,
Depok,Cinere - Nafas,2026-04-28 10:57:52,157,157,60,127,,,,,0,0,,,
Bogor,Kabupaten Bogor Leuwiliang,2026-04-28 10:00:00,80,72,37,,4,9,0,80,,,,,
Tangerang,Tangerang Pasir Jaya,2026-04-28 10:00:00,100,100,48,,59,63,0,65,,,,,
Bekasi,Bekasi Kayuringin,2026-04-28 10:00:00,56,56,31,,78,16,0,23,,,,,
Jakarta,The Pakubuwono Menteng,2026-04-28 10:59:56,126,126,51,89,,,,,51,32.09,,,
Depok,Cinere - Nafas,2026-04-28 10:59:52,157,157,61,125,,,,,0,0,,,
Bogor,Kabupaten Bogor Leuwiliang,2026-04-28 10:00:00,80,72,37,,4,9,0,80,,,,,
Tangerang,Tangerang Pasir Jaya,2026-04-28 10:00:00,100,100,48,,59,63,0,65,,,,,
Bekasi,Bekasi Kayuringin,2026-04-28 10:00:00,56,56,31,,78,16,0,23,,,,,
Jakarta,The Pakubuwono Menteng,2026-04-28 10:59:56,126,126,51,89,,,,,51,32.09,,,
Depok,Cinere - Nafas,2026-04-28 10:59:52,157,157,61,125,,,,,0,0,,,
Bogor,Kabupaten Bogor Leuwiliang,2026-04-28 10:00:00,80,72,37,,4,9,0,80,,,,,
Tangerang,Tangerang Pasir Jaya,2026-04-28 10:00:00,100,100,48,,59,63,0,65,,,,,
Bekasi,Bekasi Kayuringin,2026-04-28 10:00:00,56,56,31,,78,16,0,23,,,,,
Jakarta,The Pakubuwono Menteng,2026-04-28 11:00:56,125,125,50,91,,,,,51,32.09,,,
Depok,Cinere - Nafas,2026-04-28 11:00:52,159,159,61,131,,,,,0,0,,,
Bogor,Kabupaten Bogor Leuwiliang,2026-04-28 10:00:00,80,72,37,,4,9,0,80,,,,,
Tangerang,Tangerang Pasir Jaya,2026-04-28 10:00:00,100,100,48,,59,63,0,65,,,,,
Bekasi,Bekasi Kayuringin,2026-04-28 10:00:00,56,56,31,,78,16,0,23,,,,,
Jakarta,The Pakubuwono Menteng,2026-04-28 11:01:56,125,125,49,91,,,,,51,32.09,,,
Depok,Cinere - Nafas,2026-04-28 11:01:52,157,157,61,129,,,,,0,0,,,
Bogor,Kabupaten Bogor Leuwiliang,2026-04-28 10:00:00,80,72,37,,4,9,0,80,,,,,
Tangerang,Tangerang Pasir Jaya,2026-04-28 10:00:00,100,100,48,,59,63,0,65,,,,,
Bekasi,Bekasi Kayuringin,2026-04-28 10:00:00,56,56,31,,78,16,0,23,,,,,
Jakarta,The Pakubuwono Menteng,2026-04-28 11:03:56,125,125,50,88,,,,,51,32.09,,,
Depok,Cinere - Nafas,2026-04-28 11:03:52,158,158,61,130,,,,,0,0,,,
Bogor,Kabupaten Bogor Leuwiliang,2026-04-28 10:00:00,80,72,37,,4,9,0,80,,,,,
Tangerang,Tangerang Pasir Jaya,2026-04-28 10:00:00,100,100,48,,59,63,0,65,,,,,
Bekasi,Bekasi Kayuringin,2026-04-28 10:00:00,56,56,31,,78,16,0,23,,,,,
Jakarta,The Pakubuwono Menteng,2026-04-28 11:05:56,121,121,48,90,,,,,51,32,,,
Depok,Cinere - Nafas,2026-04-28 11:05:52,160,160,63,136,,,,,0,0,,,
Bogor,Kabupaten Bogor Leuwiliang,2026-04-28 10:00:00,80,72,37,,4,9,0,80,,,,,
Tangerang,Tangerang Pasir Jaya,2026-04-28 10:00:00,100,100,48,,59,63,0,65,,,,,
Bekasi,Bekasi Kayuringin,2026-04-28 10:00:00,56,56,31,,78,16,0,23,,,,,
Jakarta,The Pakubuwono Menteng,2026-04-28 11:06:56,119,119,46,88,,,,,51,32.09,,,
Depok,Cinere - Nafas,2026-04-28 11:06:52,162,162,64,138,,,,,0,0,,,
Bogor,Kabupaten Bogor Leuwiliang,2026-04-28 10:00:00,80,72,37,,4,9,0,80,,,,,
Tangerang,Tangerang Pasir Jaya,2026-04-28 10:00:00,100,100,48,,59,63,0,65,,,,,
Bekasi,Bekasi Kayuringin,2026-04-28 10:00:00,56,56,31,,78,16,0,23,,,,,
Jakarta,The Pakubuwono Menteng,2026-04-28 11:07:56,125,125,50,89,,,,,51,32.09,,,
Depok,Cinere - Nafas,2026-04-28 11:07:52,159,159,64,134,,,,,0,0,,,
Bogor,Kabupaten Bogor Leuwiliang,2026-04-28 10:00:00,80,72,37,,4,9,0,80,,,,,
Tangerang,Tangerang Pasir Jaya,2026-04-28 10:00:00,100,100,48,,59,63,0,65,,,,,
Bekasi,Bekasi Kayuringin,2026-04-28 10:00:00,56,56,31,,78,16,0,23,,,,,
Jakarta,The Pakubuwono Menteng,2026-04-28 11:08:56,123,123,50,91,,,,,50,32.09,,,
Depok,Cinere - Nafas,2026-04-28 11:08:52,160,160,62,130,,,,,0,0,,,
Bogor,Kabupaten Bogor Leuwiliang,2026-04-28 11:00:00,80,74,38,,4,9,0,80,,,,,
Tangerang,Tangerang Pasir Jaya,2026-04-28 11:00:00,98,98,48,,59,63,0,65,,,,,
Bekasi,Bekasi Kayuringin,2026-04-28 11:00:00,56,56,31,,78,16,0,23,,,,,
Jakarta,The Pakubuwono Menteng,2026-04-28 11:09:56,121,121,50,88,,,,,50,32.09,,,
Depok,Cinere - Nafas,2026-04-28 11:09:52,160,160,62,131,,,,,0,0,,,
Bogor,Kabupaten Bogor Leuwiliang,2026-04-28 11:00:00,80,74,38,,4,9,0,80,,,,,
Tangerang,Tangerang Pasir Jaya,2026-04-28 11:00:00,98,98,48,,59,63,0,65,,,,,
Bekasi,Bekasi Kayuringin,2026-04-28 11:00:00,56,56,31,,78,16,0,23,,,,,
Jakarta,The Pakubuwono Menteng,2026-04-28 11:10:56,126,126,51,90,,,,,50,32.09,,,
Depok,Cinere - Nafas,2026-04-28 11:10:52,159,159,62,135,,,,,0,0,,,
Bogor,Kabupaten Bogor Leuwiliang,2026-04-28 11:00:00,80,74,38,,4,9,0,80,,,,,
Tangerang,Tangerang Pasir Jaya,2026-04-28 11:00:00,98,98,48,,59,63,0,65,,,,,
Bekasi,Bekasi Kayuringin,2026-04-28 11:00:00,56,56,31,,78,16,0,23,,,,,
Jakarta,The Pakubuwono Menteng,2026-04-28 11:11:56,124,124,50,90,,,,,50,32.09,,,
Depok,Cinere - Nafas,2026-04-28 11:11:52,161,161,63,134,,,,,0,0,,,
Bogor,Kabupaten Bogor Leuwiliang,2026-04-28 11:00:00,80,74,38,,4,9,0,80,,,,,
Tangerang,Tangerang Pasir Jaya,2026-04-28 11:00:00,98,98,48,,59,63,0,65,,,,,
Bekasi,Bekasi Kayuringin,2026-04-28 11:00:00,56,56,31,,78,16,0,23,,,,,
Jakarta,The Pakubuwono Menteng,2026-04-28 11:13:56,117,117,47,87,,,,,50,32.09,,,
Depok,Cinere - Nafas,2026-04-28 11:13:52,158,158,61,130,,,,,0,0,,,
Bogor,Kabupaten Bogor Leuwiliang,2026-04-28 11:00:00,80,74,38,,4,9,0,80,,,,,
Tangerang,Tangerang Pasir Jaya,2026-04-28 11:00:00,98,98,48,,59,63,0,65,,,,,
Bekasi,Bekasi Kayuringin,2026-04-28 11:00:00,56,56,31,,78,16,0,23,,,,,
Jakarta,The Pakubuwono Menteng,2026-04-28 11:14:56,116,116,46,86,,,,,50,32.09,,,
Depok,Cinere - Nafas,2026-04-28 11:14:53,159,159,61,130,,,,,0,0,,,
Bogor,Kabupaten Bogor Leuwiliang,2026-04-28 11:00:00,80,74,38,,4,9,0,80,,,,,
Tangerang,Tangerang Pasir Jaya,2026-04-28 11:00:00,98,98,48,,59,63,0,65,,,,,
Bekasi,Bekasi Kayuringin,2026-04-28 11:00:00,56,56,31,,78,16,0,23,,,,,
Jakarta,The Pakubuwono Menteng,2026-04-28 11:15:56,126,126,50,90,,,,,50,32.09,,,
Depok,Cinere - Nafas,2026-04-28 11:15:53,159,159,62,130,,,,,0,0,,,
Bogor,Kabupaten Bogor Leuwiliang,2026-04-28 11:00:00,80,74,38,,4,9,0,80,,,,,
Tangerang,Tangerang Pasir Jaya,2026-04-28 11:00:00,98,98,48,,59,63,0,65,,,,,
Bekasi,Bekasi Kayuringin,2026-04-28 11:00:00,56,56,31,,78,16,0,23,,,,,
Jakarta,The Pakubuwono Menteng,2026-04-28 11:16:56,125,125,50,89,,,,,50,32.09,,,
Depok,Cinere - Nafas,2026-04-28 11:16:53,160,160,62,135,,,,,0,0,,,
Bogor,Kabupaten Bogor Leuwiliang,2026-04-28 11:00:00,80,74,38,,4,9,0,80,,,,,
Tangerang,Tangerang Pasir Jaya,2026-04-28 11:00:00,98,98,48,,59,63,0,65,,,,,
Bekasi,Bekasi Kayuringin,2026-04-28 11:00:00,56,56,31,,78,16,0,23,,,,,
Jakarta,The Pakubuwono Menteng,2026-04-28 11:18:56,124,124,49,89,,,,,50,32.09,,,
Depok,Cinere - Nafas,2026-04-28 11:18:53,157,157,61,130,,,,,0,0,,,
Bogor,Kabupaten Bogor Leuwiliang,2026-04-28 11:00:00,80,74,38,,4,9,0,80,,,,,
Tangerang,Tangerang Pasir Jaya,2026-04-28 11:00:00,98,98,48,,59,63,0,65,,,,,
Bekasi,Bekasi Kayuringin,2026-04-28 11:00:00,56,56,31,,78,16,0,23,,,,,
Jakarta,The Pakubuwono Menteng,2026-04-28 11:19:56,123,123,49,90,,,,,50,32.09,,,
Depok,Cinere - Nafas,2026-04-28 11:19:53,159,159,62,130,,,,,0,0,,,
Bogor,Kabupaten Bogor Leuwiliang,2026-04-28 11:00:00,80,74,38,,4,9,0,80,,,,,
Tangerang,Tangerang Pasir Jaya,2026-04-28 11:00:00,98,98,48,,59,63,0,65,,,,,
Bekasi,Bekasi Kayuringin,2026-04-28 11:00:00,56,56,31,,78,16,0,23,,,,,
Jakarta,The Pakubuwono Menteng,2026-04-28 11:20:56,121,121,49,88,,,,,50,32,,,
Depok,Cinere - Nafas,2026-04-28 11:20:53,158,158,62,128,,,,,0,0,,,
Bogor,Kabupaten Bogor Leuwiliang,2026-04-28 11:00:00,80,74,38,,4,9,0,80,,,,,
Tangerang,Tangerang Pasir Jaya,2026-04-28 11:00:00,98,98,48,,59,63,0,65,,,,,
Bekasi,Bekasi Kayuringin,2026-04-28 11:00:00,56,56,31,,78,16,0,23,,,,,
Jakarta,The Pakubuwono Menteng,2026-04-28 11:21:56,120,120,47,87,,,,,50,32,,,
Depok,Cinere - Nafas,2026-04-28 11:21:53,157,157,61,131,,,,,0,0,,,
Bogor,Kabupaten Bogor Leuwiliang,2026-04-28 11:00:00,80,74,38,,4,9,0,80,,,,,
Tangerang,Tangerang Pasir Jaya,2026-04-28 11:00:00,98,98,48,,59,63,0,65,,,,,
Bekasi,Bekasi Kayuringin,2026-04-28 11:00:00,56,56,31,,78,16,0,23,,,,,
Jakarta,The Pakubuwono Menteng,2026-04-28 11:23:57,119,119,47,87,,,,,50,32,,,
Depok,Cinere - Nafas,2026-04-28 11:23:53,158,158,61,126,,,,,0,0,,,
Bogor,Kabupaten Bogor Leuwiliang,2026-04-28 11:00:00,80,74,38,,4,9,0,80,,,,,
Tangerang,Tangerang Pasir Jaya,2026-04-28 11:00:00,98,98,48,,59,63,0,65,,,,,
Bekasi,Bekasi Kayuringin,2026-04-28 11:00:00,56,56,31,,78,16,0,23,,,,,
Jakarta,The Pakubuwono Menteng,2026-04-28 11:24:56,126,126,50,89,,,,,50,32,,,
Depok,Cinere - Nafas,2026-04-28 11:24:53,156,156,61,125,,,,,0,0,,,
Bogor,Kabupaten Bogor Leuwiliang,2026-04-28 11:00:00,80,74,38,,4,9,0,80,,,,,
Tangerang,Tangerang Pasir Jaya,2026-04-28 11:00:00,98,98,48,,59,63,0,65,,,,,
Bekasi,Bekasi Kayuringin,2026-04-28 11:00:00,56,56,31,,78,16,0,23,,,,,
Jakarta,The Pakubuwono Menteng,2026-04-28 11:25:57,127,127,50,90,,,,,51,32,,,
Depok,Cinere - Nafas,2026-04-28 11:25:53,159,159,62,130,,,,,0,0,,,
Bogor,Kabupaten Bogor Leuwiliang,2026-04-28 11:00:00,80,74,38,,4,9,0,80,,,,,
Tangerang,Tangerang Pasir Jaya,2026-04-28 11:00:00,98,98,48,,59,63,0,65,,,,,
Bekasi,Bekasi Kayuringin,2026-04-28 11:00:00,56,56,31,,78,16,0,23,,,,,
Jakarta,The Pakubuwono Menteng,2026-04-28 11:26:57,126,126,51,90,,,,,51,32,,,
Depok,Cinere - Nafas,2026-04-28 11:26:53,158,158,61,136,,,,,0,0,,,
Bogor,Kabupaten Bogor Leuwiliang,2026-04-28 11:00:00,80,74,38,,4,9,0,80,,,,,
Tangerang,Tangerang Pasir Jaya,2026-04-28 11:00:00,98,98,48,,59,63,0,65,,,,,
Bekasi,Bekasi Kayuringin,2026-04-28 11:00:00,56,56,31,,78,16,0,23,,,,,
Jakarta,The Pakubuwono Menteng,2026-04-28 11:27:57,126,126,50,89,,,,,51,32,,,
Depok,Cinere - Nafas,2026-04-28 11:27:53,158,158,61,128,,,,,0,0,,,
Bogor,Kabupaten Bogor Leuwiliang,2026-04-28 11:00:00,80,74,38,,4,9,0,80,,,,,
Tangerang,Tangerang Pasir Jaya,2026-04-28 11:00:00,98,98,48,,59,63,0,65,,,,,
Bekasi,Bekasi Kayuringin,2026-04-28 11:00:00,56,56,31,,78,16,0,23,,,,,
Jakarta,The Pakubuwono Menteng,2026-04-28 11:28:57,126,126,50,91,,,,,51,32,,,
Depok,Cinere - Nafas,2026-04-28 11:28:53,157,157,61,127,,,,,0,0,,,
Bogor,Kabupaten Bogor Leuwiliang,2026-04-28 11:00:00,80,74,38,,4,9,0,80,,,,,
Tangerang,Tangerang Pasir Jaya,2026-04-28 11:00:00,98,98,48,,59,63,0,65,,,,,
Bekasi,Bekasi Kayuringin,2026-04-28 11:00:00,56,56,31,,78,16,0,23,,,,,
Jakarta,The Pakubuwono Menteng,2026-04-28 11:29:57,126,126,50,90,,,,,51,32,,,
Depok,Cinere - Nafas,2026-04-28 11:29:53,156,156,61,128,,,,,0,0,,,
Bogor,Kabupaten Bogor Leuwiliang,2026-04-28 11:00:00,80,74,38,,4,9,0,80,,,,,
Tangerang,Tangerang Pasir Jaya,2026-04-28 11:00:00,98,98,48,,59,63,0,65,,,,,
Bekasi,Bekasi Kayuringin,2026-04-28 11:00:00,56,56,31,,78,16,0,23,,,,,
Jakarta,The Pakubuwono Menteng,2026-04-28 11:31:57,125,125,50,87,,,,,51,32,,,
Depok,Cinere - Nafas,2026-04-28 11:31:53,159,159,62,128,,,,,0,0,,,
Bogor,Kabupaten Bogor Leuwiliang,2026-04-28 11:00:00,80,74,38,,4,9,0,80,,,,,
Tangerang,Tangerang Pasir Jaya,2026-04-28 11:00:00,98,98,48,,59,63,0,65,,,,,
Bekasi,Bekasi Kayuringin,2026-04-28 11:00:00,56,56,31,,78,16,0,23,,,,,
Jakarta,The Pakubuwono Menteng,2026-04-28 11:33:57,123,123,49,90,,,,,51,32.09,,,
Depok,Cinere - Nafas,2026-04-28 11:33:53,166,166,67,152,,,,,0,0,,,
Bogor,Kabupaten Bogor Leuwiliang,2026-04-28 11:00:00,80,74,38,,4,9,0,80,,,,,
Tangerang,Tangerang Pasir Jaya,2026-04-28 11:00:00,98,98,48,,59,63,0,65,,,,,
Bekasi,Bekasi Kayuringin,2026-04-28 11:00:00,56,56,31,,78,16,0,23,,,,,
Jakarta,The Pakubuwono Menteng,2026-04-28 11:34:57,125,125,50,89,,,,,51,32.09,,,
Depok,Cinere - Nafas,2026-04-28 11:34:53,162,162,63,143,,,,,0,0,,,
Bogor,Kabupaten Bogor Leuwiliang,2026-04-28 11:00:00,80,74,38,,4,9,0,80,,,,,
Tangerang,Tangerang Pasir Jaya,2026-04-28 11:00:00,98,98,48,,59,63,0,65,,,,,
Bekasi,Bekasi Kayuringin,2026-04-28 11:00:00,56,56,31,,78,16,0,23,,,,,
Jakarta,The Pakubuwono Menteng,2026-04-28 11:35:57,122,122,48,87,,,,,51,32.09,,,
Depok,Cinere - Nafas,2026-04-28 11:35:53,160,160,61,134,,,,,0,0,,,
Bogor,Kabupaten Bogor Leuwiliang,2026-04-28 11:00:00,80,74,38,,4,9,0,80,,,,,
Tangerang,Tangerang Pasir Jaya,2026-04-28 11:00:00,98,98,48,,59,63,0,65,,,,,
Bekasi,Bekasi Kayuringin,2026-04-28 11:00:00,56,56,31,,78,16,0,23,,,,,
Jakarta,The Pakubuwono Menteng,2026-04-28 11:35:57,122,122,48,87,,,,,51,32.09,,,
Depok,Cinere - Nafas,2026-04-28 11:35:53,160,160,61,134,,,,,0,0,,,
Bogor,Kabupaten Bogor Leuwiliang,2026-04-28 11:00:00,80,74,38,,4,9,0,80,,,,,
Tangerang,Tangerang Pasir Jaya,2026-04-28 11:00:00,98,98,48,,59,63,0,65,,,,,
Bekasi,Bekasi Kayuringin,2026-04-28 11:00:00,56,56,31,,78,16,0,23,,,,,
Jakarta,The Pakubuwono Menteng,2026-04-28 11:37:57,122,122,49,88,,,,,51,32.09,,,
Depok,Cinere - Nafas,2026-04-28 11:37:53,158,158,62,126,,,,,0,0,,,
Bogor,Kabupaten Bogor Leuwiliang,2026-04-28 11:00:00,80,74,38,,4,9,0,80,,,,,
Tangerang,Tangerang Pasir Jaya,2026-04-28 11:00:00,98,98,48,,59,63,0,65,,,,,
Bekasi,Bekasi Kayuringin,2026-04-28 11:00:00,56,56,31,,78,16,0,23,,,,,
Jakarta,The Pakubuwono Menteng,2026-04-28 11:38:57,119,119,47,87,,,,,51,32.09,,,
Depok,Cinere - Nafas,2026-04-28 11:38:53,156,156,60,124,,,,,0,0,,,
Bogor,Kabupaten Bogor Leuwiliang,2026-04-28 11:00:00,80,74,38,,4,9,0,80,,,,,
Tangerang,Tangerang Pasir Jaya,2026-04-28 11:00:00,98,98,48,,59,63,0,65,,,,,
Bekasi,Bekasi Kayuringin,2026-04-28 11:00:00,56,56,31,,78,16,0,23,,,,,
Jakarta,The Pakubuwono Menteng,2026-04-28 11:39:57,118,118,46,86,,,,,51,32.2,,,
Depok,Cinere - Nafas,2026-04-28 11:39:53,157,157,60,121,,,,,0,0,,,
Bogor,Kabupaten Bogor Leuwiliang,2026-04-28 11:00:00,80,74,38,,4,9,0,80,,,,,
Tangerang,Tangerang Pasir Jaya,2026-04-28 11:00:00,98,98,48,,59,63,0,65,,,,,
Bekasi,Bekasi Kayuringin,2026-04-28 11:00:00,56,56,31,,78,16,0,23,,,,,
Jakarta,The Pakubuwono Menteng,2026-04-28 11:40:57,120,120,48,86,,,,,51,32.2,,,
Depok,Cinere - Nafas,2026-04-28 11:41:53,156,156,60,123,,,,,0,0,,,
Bogor,Kabupaten Bogor Leuwiliang,2026-04-28 11:00:00,80,74,38,,4,9,0,80,,,,,
Tangerang,Tangerang Pasir Jaya,2026-04-28 11:00:00,98,98,48,,59,63,0,65,,,,,
Bekasi,Bekasi Kayuringin,2026-04-28 11:00:00,56,56,31,,78,16,0,23,,,,,
Jakarta,The Pakubuwono Menteng,2026-04-28 11:42:57,116,116,45,85,,,,,50,32.2,,,
Depok,Cinere - Nafas,2026-04-28 11:42:53,156,156,61,120,,,,,0,0,,,
Bogor,Kabupaten Bogor Leuwiliang,2026-04-28 11:00:00,80,74,38,,4,9,0,80,,,,,
Tangerang,Tangerang Pasir Jaya,2026-04-28 11:00:00,98,98,48,,59,63,0,65,,,,,
Bekasi,Bekasi Kayuringin,2026-04-28 11:00:00,56,56,31,,78,16,0,23,,,,,
Jakarta,The Pakubuwono Menteng,2026-04-28 11:44:57,112,112,44,82,,,,,50,32.3,,,
Depok,Cinere - Nafas,2026-04-28 11:44:53,163,163,65,150,,,,,0,0,,,
Bogor,Kabupaten Bogor Leuwiliang,2026-04-28 11:00:00,80,74,38,,4,9,0,80,,,,,
Tangerang,Tangerang Pasir Jaya,2026-04-28 11:00:00,98,98,48,,59,63,0,65,,,,,
Bekasi,Bekasi Kayuringin,2026-04-28 11:00:00,56,56,31,,78,16,0,23,,,,,
Jakarta,The Pakubuwono Menteng,2026-04-28 11:45:57,114,114,46,84,,,,,50,32.3,,,
Depok,Cinere - Nafas,2026-04-28 11:45:53,159,159,62,132,,,,,0,0,,,
Bogor,Kabupaten Bogor Leuwiliang,2026-04-28 11:00:00,80,74,38,,4,9,0,80,,,,,
Tangerang,Tangerang Pasir Jaya,2026-04-28 11:00:00,98,98,48,,59,63,0,65,,,,,
Bekasi,Bekasi Kayuringin,2026-04-28 11:00:00,56,56,31,,78,16,0,23,,,,,
Jakarta,The Pakubuwono Menteng,2026-04-28 11:45:57,114,114,46,84,,,,,50,32.3,,,
Depok,Cinere - Nafas,2026-04-28 11:45:53,159,159,62,132,,,,,0,0,,,
Bogor,Kabupaten Bogor Leuwiliang,2026-04-28 11:00:00,80,74,38,,4,9,0,80,,,,,
Tangerang,Tangerang Pasir Jaya,2026-04-28 11:00:00,98,98,48,,59,63,0,65,,,,,
Bekasi,Bekasi Kayuringin,2026-04-28 11:00:00,56,56,31,,78,16,0,23,,,,,
Jakarta,The Pakubuwono Menteng,2026-04-28 11:46:57,108,108,42,83,,,,,50,32.3,,,
Depok,Cinere - Nafas,2026-04-28 11:46:53,158,158,61,131,,,,,0,0,,,
Bogor,Kabupaten Bogor Leuwiliang,2026-04-28 11:00:00,80,74,38,,4,9,0,80,,,,,
Tangerang,Tangerang Pasir Jaya,2026-04-28 11:00:00,98,98,48,,59,63,0,65,,,,,
Bekasi,Bekasi Kayuringin,2026-04-28 11:00:00,56,56,31,,78,16,0,23,,,,,
Jakarta,The Pakubuwono Menteng,2026-04-28 11:47:57,109,109,43,81,,,,,50,32.3,,,
Depok,Cinere - Nafas,2026-04-28 11:47:53,159,159,62,130,,,,,0,0,,,
Bogor,Kabupaten Bogor Leuwiliang,2026-04-28 11:00:00,80,74,38,,4,9,0,80,,,,,
Tangerang,Tangerang Pasir Jaya,2026-04-28 11:00:00,98,98,48,,59,63,0,65,,,,,
Bekasi,Bekasi Kayuringin,2026-04-28 11:00:00,56,56,31,,78,16,0,23,,,,,
Jakarta,The Pakubuwono Menteng,2026-04-28 11:48:57,107,107,42,80,,,,,50,32.4,,,
Depok,Cinere - Nafas,2026-04-28 11:48:53,162,162,63,140,,,,,0,0,,,
Bogor,Kabupaten Bogor Leuwiliang,2026-04-28 11:00:00,80,74,38,,4,9,0,80,,,,,
Tangerang,Tangerang Pasir Jaya,2026-04-28 11:00:00,98,98,48,,59,63,0,65,,,,,
Bekasi,Bekasi Kayuringin,2026-04-28 11:00:00,56,56,31,,78,16,0,23,,,,,
Jakarta,The Pakubuwono Menteng,2026-04-28 11:49:57,111,111,43,82,,,,,50,32.4,,,
Depok,Cinere - Nafas,2026-04-28 11:51:53,159,159,62,135,,,,,0,0,,,
Bogor,Kabupaten Bogor Leuwiliang,2026-04-28 11:00:00,80,74,38,,4,9,0,80,,,,,
Tangerang,Tangerang Pasir Jaya,2026-04-28 11:00:00,98,98,48,,59,63,0,65,,,,,
Bekasi,Bekasi Kayuringin,2026-04-28 11:00:00,56,56,31,,78,16,0,23,,,,,
Jakarta,The Pakubuwono Menteng,2026-04-28 11:52:57,110,110,42,84,,,,,49,32.5,,,
Depok,Cinere - Nafas,2026-04-28 11:52:53,158,158,61,128,,,,,0,0,,,
Bogor,Kabupaten Bogor Leuwiliang,2026-04-28 11:00:00,80,74,38,,4,9,0,80,,,,,
Tangerang,Tangerang Pasir Jaya,2026-04-28 11:00:00,98,98,48,,59,63,0,65,,,,,
Bekasi,Bekasi Kayuringin,2026-04-28 11:00:00,56,56,31,,78,16,0,23,,,,,
Jakarta,The Pakubuwono Menteng,2026-04-28 11:53:57,110,110,43,83,,,,,49,32.5,,,
Depok,Cinere - Nafas,2026-04-28 11:53:53,157,157,61,129,,,,,0,0,,,
Bogor,Kabupaten Bogor Leuwiliang,2026-04-28 11:00:00,80,74,38,,4,9,0,80,,,,,
Tangerang,Tangerang Pasir Jaya,2026-04-28 11:00:00,98,98,48,,59,63,0,65,,,,,
Bekasi,Bekasi Kayuringin,2026-04-28 11:00:00,56,56,31,,78,16,0,23,,,,,
Jakarta,The Pakubuwono Menteng,2026-04-28 11:54:57,103,103,40,79,,,,,49,32.5,,,
Depok,Cinere - Nafas,2026-04-28 11:54:53,157,157,61,126,,,,,0,0,,,
Bogor,Kabupaten Bogor Leuwiliang,2026-04-28 11:00:00,80,74,38,,4,9,0,80,,,,,
Tangerang,Tangerang Pasir Jaya,2026-04-28 11:00:00,98,98,48,,59,63,0,65,,,,,
Bekasi,Bekasi Kayuringin,2026-04-28 11:00:00,56,56,31,,78,16,0,23,,,,,
Jakarta,The Pakubuwono Menteng,2026-04-28 11:55:57,105,105,40,78,,,,,49,32.59,,,
Depok,Cinere - Nafas,2026-04-28 11:55:53,158,158,61,131,,,,,0,0,,,
Bogor,Kabupaten Bogor Leuwiliang,2026-04-28 11:00:00,80,74,38,,4,9,0,80,,,,,
Tangerang,Tangerang Pasir Jaya,2026-04-28 11:00:00,98,98,48,,59,63,0,65,,,,,
Bekasi,Bekasi Kayuringin,2026-04-28 11:00:00,56,56,31,,78,16,0,23,,,,,
Jakarta,The Pakubuwono Menteng,2026-04-28 11:56:57,102,102,38,79,,,,,49,32.59,,,
Depok,Cinere - Nafas,2026-04-28 11:56:53,159,159,61,134,,,,,0,0,,,
Bogor,Kabupaten Bogor Leuwiliang,2026-04-28 11:00:00,80,74,38,,4,9,0,80,,,,,
Tangerang,Tangerang Pasir Jaya,2026-04-28 11:00:00,98,98,48,,59,63,0,65,,,,,
Bekasi,Bekasi Kayuringin,2026-04-28 11:00:00,56,56,31,,78,16,0,23,,,,,
Jakarta,The Pakubuwono Menteng,2026-04-28 11:57:57,101,101,37,77,,,,,49,32.59,,,
Depok,Cinere - Nafas,2026-04-28 11:57:53,159,159,62,133,,,,,0,0,,,
Bogor,Kabupaten Bogor Leuwiliang,2026-04-28 11:00:00,80,74,38,,4,9,0,80,,,,,
Tangerang,Tangerang Pasir Jaya,2026-04-28 11:00:00,98,98,48,,59,63,0,65,,,,,
Bekasi,Bekasi Kayuringin,2026-04-28 11:00:00,56,56,31,,78,16,0,23,,,,,
Jakarta,The Pakubuwono Menteng,2026-04-28 11:58:57,97,97,37,74,,,,,49,32.7,,,
Depok,Cinere - Nafas,2026-04-28 11:58:53,158,158,61,127,,,,,0,0,,,
Bogor,Kabupaten Bogor Leuwiliang,2026-04-28 11:00:00,80,74,38,,4,9,0,80,,,,,
Tangerang,Tangerang Pasir Jaya,2026-04-28 11:00:00,98,98,48,,59,63,0,65,,,,,
Bekasi,Bekasi Kayuringin,2026-04-28 11:00:00,56,56,31,,78,16,0,23,,,,,
Jakarta,The Pakubuwono Menteng,2026-04-28 12:00:57,95,95,34,73,,,,,49,32.9,,,
Depok,Cinere - Nafas,2026-04-28 12:00:53,157,157,60,129,,,,,0,0,,,
Bogor,Kabupaten Bogor Leuwiliang,2026-04-28 11:00:00,80,74,38,,4,9,0,80,,,,,
Tangerang,Tangerang Pasir Jaya,2026-04-28 11:00:00,98,98,48,,59,63,0,65,,,,,
Bekasi,Bekasi Kayuringin,2026-04-28 11:00:00,56,56,31,,78,16,0,23,,,,,
Jakarta,The Pakubuwono Menteng,2026-04-28 12:01:57,92,92,33,73,,,,,49,32.9,,,
Depok,Cinere - Nafas,2026-04-28 12:01:53,157,157,61,128,,,,,0,0,,,
Bogor,Kabupaten Bogor Leuwiliang,2026-04-28 11:00:00,80,74,38,,4,9,0,80,,,,,
Tangerang,Tangerang Pasir Jaya,2026-04-28 11:00:00,98,98,48,,59,63,0,65,,,,,
Bekasi,Bekasi Kayuringin,2026-04-28 11:00:00,56,56,31,,78,16,0,23,,,,,
Jakarta,The Pakubuwono Menteng,2026-04-28 12:02:57,94,94,33,73,,,,,48,33.09,,,
Depok,Cinere - Nafas,2026-04-28 12:02:53,155,155,59,118,,,,,0,0,,,
Bogor,Kabupaten Bogor Leuwiliang,2026-04-28 11:00:00,80,74,38,,4,9,0,80,,,,,
Tangerang,Tangerang Pasir Jaya,2026-04-28 11:00:00,98,98,48,,59,63,0,65,,,,,
Bekasi,Bekasi Kayuringin,2026-04-28 11:00:00,56,56,31,,78,16,0,23,,,,,
Jakarta,The Pakubuwono Menteng,2026-04-28 12:05:00,93,93,31,71,,,,,48,33.3,,,
Depok,Cinere - Nafas,2026-04-28 12:04:53,155,155,59,120,,,,,0,0,,,
Bogor,Kabupaten Bogor Leuwiliang,2026-04-28 11:00:00,80,74,38,,4,9,0,80,,,,,
Tangerang,Tangerang Pasir Jaya,2026-04-28 11:00:00,98,98,48,,59,63,0,65,,,,,
Bekasi,Bekasi Kayuringin,2026-04-28 11:00:00,56,56,31,,78,16,0,23,,,,,
Jakarta,The Pakubuwono Menteng,2026-04-28 12:05:57,93,93,31,70,,,,,48,33.4,,,
Depok,Cinere - Nafas,2026-04-28 12:05:53,154,154,59,116,,,,,0,0,,,
Bogor,Kabupaten Bogor Leuwiliang,2026-04-28 11:00:00,80,74,38,,4,9,0,80,,,,,
Tangerang,Tangerang Pasir Jaya,2026-04-28 11:00:00,98,98,48,,59,63,0,65,,,,,
Bekasi,Bekasi Kayuringin,2026-04-28 11:00:00,56,56,31,,78,16,0,23,,,,,
Jakarta,The Pakubuwono Menteng,2026-04-28 12:06:57,90,90,30,72,,,,,48,33.5,,,
Depok,Cinere - Nafas,2026-04-28 12:06:53,152,152,58,112,,,,,0,0,,,
Bogor,Kabupaten Bogor Leuwiliang,2026-04-28 11:00:00,80,74,38,,4,9,0,80,,,,,
Tangerang,Tangerang Pasir Jaya,2026-04-28 11:00:00,98,98,48,,59,63,0,65,,,,,
Bekasi,Bekasi Kayuringin,2026-04-28 11:00:00,56,56,31,,78,16,0,23,,,,,
Jakarta,The Pakubuwono Menteng,2026-04-28 12:07:57,91,91,31,74,,,,,47,33.59,,,
Depok,Cinere - Nafas,2026-04-28 12:07:53,154,154,59,117,,,,,0,0,,,
Bogor,Kabupaten Bogor Leuwiliang,2026-04-28 11:00:00,80,74,38,,4,9,0,80,,,,,
Tangerang,Tangerang Pasir Jaya,2026-04-28 11:00:00,98,98,48,,59,63,0,65,,,,,
Bekasi,Bekasi Kayuringin,2026-04-28 11:00:00,56,56,31,,78,16,0,23,,,,,
Jakarta,The Pakubuwono Menteng,2026-04-28 12:08:57,94,94,33,74,,,,,46,33.7,,,
Depok,Cinere - Nafas,2026-04-28 12:08:53,153,153,58,114,,,,,0,0,,,
Bogor,Kabupaten Bogor Leuwiliang,2026-04-28 12:00:00,80,75,39,,4,9,0,80,,,,,
Tangerang,Tangerang Pasir Jaya,2026-04-28 12:00:00,97,97,47,,59,63,0,65,,,,,
Bekasi,Bekasi Kayuringin,2026-04-28 12:00:00,55,55,30,,78,16,0,23,,,,,
Jakarta,The Pakubuwono Menteng,2026-04-28 12:10:58,93,93,33,70,,,,,45,33.8,,,
Depok,Cinere - Nafas,2026-04-28 12:10:53,153,153,58,114,,,,,0,0,,,
Bogor,Kabupaten Bogor Leuwiliang,2026-04-28 12:00:00,80,75,39,,4,9,0,80,,,,,
Tangerang,Tangerang Pasir Jaya,2026-04-28 12:00:00,97,97,47,,59,63,0,65,,,,,
Bekasi,Bekasi Kayuringin,2026-04-28 12:00:00,55,55,30,,78,16,0,23,,,,,
Jakarta,The Pakubuwono Menteng,2026-04-28 12:11:58,94,94,32,74,,,,,46,33.9,,,
Depok,Cinere - Nafas,2026-04-28 12:11:53,140,140,55,99,,,,,0,0,,,
Bogor,Kabupaten Bogor Leuwiliang,2026-04-28 12:00:00,80,75,39,,4,9,0,80,,,,,
Tangerang,Tangerang Pasir Jaya,2026-04-28 12:00:00,97,97,47,,59,63,0,65,,,,,
Bekasi,Bekasi Kayuringin,2026-04-28 12:00:00,55,55,30,,78,16,0,23,,,,,
Jakarta,The Pakubuwono Menteng,2026-04-28 12:12:58,92,92,32,72,,,,,45,33.9,,,
Depok,Cinere - Nafas,2026-04-28 12:12:54,141,141,55,99,,,,,0,0,,,
Bogor,Kabupaten Bogor Leuwiliang,2026-04-28 12:00:00,80,75,39,,4,9,0,80,,,,,
Tangerang,Tangerang Pasir Jaya,2026-04-28 12:00:00,97,97,47,,59,63,0,65,,,,,
Bekasi,Bekasi Kayuringin,2026-04-28 12:00:00,55,55,30,,78,16,0,23,,,,,
Jakarta,The Pakubuwono Menteng,2026-04-28 12:13:58,91,91,31,71,,,,,45,33.9,,,
Depok,Cinere - Nafas,2026-04-28 12:13:53,154,154,59,117,,,,,0,0,,,
Bogor,Kabupaten Bogor Leuwiliang,2026-04-28 12:00:00,80,75,39,,4,9,0,80,,,,,
Tangerang,Tangerang Pasir Jaya,2026-04-28 12:00:00,97,97,47,,59,63,0,65,,,,,
Bekasi,Bekasi Kayuringin,2026-04-28 12:00:00,55,55,30,,78,16,0,23,,,,,
Jakarta,The Pakubuwono Menteng,2026-04-28 12:14:57,88,88,27,71,,,,,45,33.9,,,
Depok,Cinere - Nafas,2026-04-28 12:14:53,157,157,61,126,,,,,0,0,,,
Bogor,Kabupaten Bogor Leuwiliang,2026-04-28 12:00:00,80,75,39,,4,9,0,80,,,,,
Tangerang,Tangerang Pasir Jaya,2026-04-28 12:00:00,97,97,47,,59,63,0,65,,,,,
Bekasi,Bekasi Kayuringin,2026-04-28 12:00:00,55,55,30,,78,16,0,23,,,,,
Jakarta,The Pakubuwono Menteng,2026-04-28 12:15:57,91,91,31,71,,,,,45,33.9,,,
Depok,Cinere - Nafas,2026-04-28 12:15:54,153,153,60,116,,,,,0,0,,,
Bogor,Kabupaten Bogor Leuwiliang,2026-04-28 12:00:00,80,75,39,,4,9,0,80,,,,,
Tangerang,Tangerang Pasir Jaya,2026-04-28 12:00:00,97,97,47,,59,63,0,65,,,,,
Bekasi,Bekasi Kayuringin,2026-04-28 12:00:00,55,55,30,,78,16,0,23,,,,,
Jakarta,The Pakubuwono Menteng,2026-04-28 12:17:57,87,87,28,70,,,,,45,34,,,
Depok,Cinere - Nafas,2026-04-28 12:17:54,154,154,59,122,,,,,0,0,,,
Bogor,Kabupaten Bogor Leuwiliang,2026-04-28 12:00:00,80,75,39,,4,9,0,80,,,,,
Tangerang,Tangerang Pasir Jaya,2026-04-28 12:00:00,97,97,47,,59,63,0,65,,,,,
Bekasi,Bekasi Kayuringin,2026-04-28 12:00:00,55,55,30,,78,16,0,23,,,,,
Jakarta,The Pakubuwono Menteng,2026-04-28 12:18:58,88,88,29,71,,,,,45,34,,,
Depok,Cinere - Nafas,2026-04-28 12:18:53,150,150,57,107,,,,,0,0,,,
Bogor,Kabupaten Bogor Leuwiliang,2026-04-28 12:00:00,80,75,39,,4,9,0,80,,,,,
Tangerang,Tangerang Pasir Jaya,2026-04-28 12:00:00,97,97,47,,59,63,0,65,,,,,
Bekasi,Bekasi Kayuringin,2026-04-28 12:00:00,55,55,30,,78,16,0,23,,,,,
Jakarta,The Pakubuwono Menteng,2026-04-28 12:20:58,87,87,30,71,,,,,45,34.09,,,
Depok,Cinere - Nafas,2026-04-28 12:20:54,138,138,55,97,,,,,0,0,,,
Bogor,Kabupaten Bogor Leuwiliang,2026-04-28 12:00:00,80,75,39,,4,9,0,80,,,,,
Tangerang,Tangerang Pasir Jaya,2026-04-28 12:00:00,97,97,47,,59,63,0,65,,,,,
Bekasi,Bekasi Kayuringin,2026-04-28 12:00:00,55,55,30,,78,16,0,23,,,,,
Jakarta,The Pakubuwono Menteng,2026-04-28 12:21:58,93,93,32,71,,,,,45,34.09,,,
Depok,Cinere - Nafas,2026-04-28 12:21:54,142,142,55,97,,,,,0,0,,,
Bogor,Kabupaten Bogor Leuwiliang,2026-04-28 12:00:00,80,75,39,,4,9,0,80,,,,,
Tangerang,Tangerang Pasir Jaya,2026-04-28 12:00:00,97,97,47,,59,63,0,65,,,,,
Bekasi,Bekasi Kayuringin,2026-04-28 12:00:00,55,55,30,,78,16,0,23,,,,,
Jakarta,The Pakubuwono Menteng,2026-04-28 12:21:58,93,93,32,71,,,,,45,34.09,,,
Depok,Cinere - Nafas,2026-04-28 12:21:54,142,142,55,97,,,,,0,0,,,
Bogor,Kabupaten Bogor Leuwiliang,2026-04-28 12:00:00,80,75,39,,4,9,0,80,,,,,
Tangerang,Tangerang Pasir Jaya,2026-04-28 12:00:00,97,97,47,,59,63,0,65,,,,,
Bekasi,Bekasi Kayuringin,2026-04-28 12:00:00,55,55,30,,78,16,0,23,,,,,
Jakarta,The Pakubuwono Menteng,2026-04-28 12:23:58,91,91,32,72,,,,,45,34.2,,,
Depok,Cinere - Nafas,2026-04-28 12:23:54,138,138,54,96,,,,,0,0,,,
Bogor,Kabupaten Bogor Leuwiliang,2026-04-28 12:00:00,80,75,39,,4,9,0,80,,,,,
Tangerang,Tangerang Pasir Jaya,2026-04-28 12:00:00,97,97,47,,59,63,0,65,,,,,
Bekasi,Bekasi Kayuringin,2026-04-28 12:00:00,55,55,30,,78,16,0,23,,,,,
Jakarta,The Pakubuwono Menteng,2026-04-28 12:24:58,92,92,30,73,,,,,44,34.3,,,
Depok,Cinere - Nafas,2026-04-28 12:24:54,137,137,54,95,,,,,0,0,,,
Bogor,Kabupaten Bogor Leuwiliang,2026-04-28 12:00:00,80,75,39,,4,9,0,80,,,,,
Tangerang,Tangerang Pasir Jaya,2026-04-28 12:00:00,97,97,47,,59,63,0,65,,,,,
Bekasi,Bekasi Kayuringin,2026-04-28 12:00:00,55,55,30,,78,16,0,23,,,,,
Jakarta,The Pakubuwono Menteng,2026-04-28 12:25:58,94,94,34,73,,,,,44,34.4,,,
Depok,Cinere - Nafas,2026-04-28 12:25:54,139,139,54,96,,,,,0,0,,,
Bogor,Kabupaten Bogor Leuwiliang,2026-04-28 12:00:00,80,75,39,,4,9,0,80,,,,,
Tangerang,Tangerang Pasir Jaya,2026-04-28 12:00:00,97,97,47,,59,63,0,65,,,,,
Bekasi,Bekasi Kayuringin,2026-04-28 12:00:00,55,55,30,,78,16,0,23,,,,,
Jakarta,The Pakubuwono Menteng,2026-04-28 12:26:58,93,93,32,71,,,,,44,34.4,,,
Depok,Cinere - Nafas,2026-04-28 12:26:54,138,138,54,96,,,,,0,0,,,
Bogor,Kabupaten Bogor Leuwiliang,2026-04-28 12:00:00,80,75,39,,4,9,0,80,,,,,
Tangerang,Tangerang Pasir Jaya,2026-04-28 12:00:00,97,97,47,,59,63,0,65,,,,,
Bekasi,Bekasi Kayuringin,2026-04-28 12:00:00,55,55,30,,78,16,0,23,,,,,
Jakarta,The Pakubuwono Menteng,2026-04-28 12:27:58,96,96,35,72,,,,,45,34.5,,,
Depok,Cinere - Nafas,2026-04-28 12:27:54,136,136,53,94,,,,,0,0,,,
Bogor,Kabupaten Bogor Leuwiliang,2026-04-28 12:00:00,80,75,39,,4,9,0,80,,,,,
Tangerang,Tangerang Pasir Jaya,2026-04-28 12:00:00,97,97,47,,59,63,0,65,,,,,
Bekasi,Bekasi Kayuringin,2026-04-28 12:00:00,55,55,30,,78,16,0,23,,,,,
Jakarta,The Pakubuwono Menteng,2026-04-28 12:30:58,87,87,27,70,,,,,44,34.9,,,
Depok,Cinere - Nafas,2026-04-28 12:30:54,138,138,54,99,,,,,0,0,,,
Bogor,Kabupaten Bogor Leuwiliang,2026-04-28 12:00:00,80,75,39,,4,9,0,80,,,,,
Tangerang,Tangerang Pasir Jaya,2026-04-28 12:00:00,97,97,47,,59,63,0,65,,,,,
Bekasi,Bekasi Kayuringin,2026-04-28 12:00:00,55,55,30,,78,16,0,23,,,,,
Jakarta,The Pakubuwono Menteng,2026-04-28 12:31:58,87,87,28,70,,,,,44,35,,,
Depok,Cinere - Nafas,2026-04-28 12:31:54,141,141,54,96,,,,,0,0,,,
Bogor,Kabupaten Bogor Leuwiliang,2026-04-28 12:00:00,80,75,39,,4,9,0,80,,,,,
Tangerang,Tangerang Pasir Jaya,2026-04-28 12:00:00,97,97,47,,59,63,0,65,,,,,
Bekasi,Bekasi Kayuringin,2026-04-28 12:00:00,55,55,30,,78,16,0,23,,,,,
Jakarta,The Pakubuwono Menteng,2026-04-28 12:32:58,85,85,26,68,,,,,44,35,,,
Depok,Cinere - Nafas,2026-04-28 12:32:54,138,138,53,97,,,,,0,0,,,
Bogor,Kabupaten Bogor Leuwiliang,2026-04-28 12:00:00,80,75,39,,4,9,0,80,,,,,
Tangerang,Tangerang Pasir Jaya,2026-04-28 12:00:00,97,97,47,,59,63,0,65,,,,,
Bekasi,Bekasi Kayuringin,2026-04-28 12:00:00,55,55,30,,78,16,0,23,,,,,
Jakarta,The Pakubuwono Menteng,2026-04-28 12:33:58,81,81,26,66,,,,,45,35.09,,,
Depok,Cinere - Nafas,2026-04-28 12:33:54,138,138,54,96,,,,,0,0,,,
Bogor,Kabupaten Bogor Leuwiliang,2026-04-28 12:00:00,80,75,39,,4,9,0,80,,,,,
Tangerang,Tangerang Pasir Jaya,2026-04-28 12:00:00,97,97,47,,59,63,0,65,,,,,
Bekasi,Bekasi Kayuringin,2026-04-28 12:00:00,55,55,30,,78,16,0,23,,,,,
Jakarta,The Pakubuwono Menteng,2026-04-28 12:33:58,81,81,26,66,,,,,45,35.09,,,
Depok,Cinere - Nafas,2026-04-28 12:33:54,138,138,54,96,,,,,0,0,,,
Bogor,Kabupaten Bogor Leuwiliang,2026-04-28 12:00:00,80,75,39,,4,9,0,80,,,,,
Tangerang,Tangerang Pasir Jaya,2026-04-28 12:00:00,97,97,47,,59,63,0,65,,,,,
Bekasi,Bekasi Kayuringin,2026-04-28 12:00:00,55,55,30,,78,16,0,23,,,,,
Jakarta,The Pakubuwono Menteng,2026-04-28 12:34:58,87,87,27,70,,,,,44,35.2,,,
Depok,Cinere - Nafas,2026-04-28 12:34:54,135,135,53,95,,,,,0,0,,,
Bogor,Kabupaten Bogor Leuwiliang,2026-04-28 12:00:00,80,75,39,,4,9,0,80,,,,,
Tangerang,Tangerang Pasir Jaya,2026-04-28 12:00:00,97,97,47,,59,63,0,65,,,,,
Bekasi,Bekasi Kayuringin,2026-04-28 12:00:00,55,55,30,,78,16,0,23,,,,,
Jakarta,The Pakubuwono Menteng,2026-04-28 12:35:58,88,88,29,70,,,,,44,35.3,,,
Depok,Cinere - Nafas,2026-04-28 12:35:54,136,136,53,96,,,,,0,0,,,
Bogor,Kabupaten Bogor Leuwiliang,2026-04-28 12:00:00,80,75,39,,4,9,0,80,,,,,
Tangerang,Tangerang Pasir Jaya,2026-04-28 12:00:00,97,97,47,,59,63,0,65,,,,,
Bekasi,Bekasi Kayuringin,2026-04-28 12:00:00,55,55,30,,78,16,0,23,,,,,
Jakarta,The Pakubuwono Menteng,2026-04-28 12:37:58,86,86,27,67,,,,,43,35.4,,,
Depok,Cinere - Nafas,2026-04-28 12:37:54,140,140,55,98,,,,,0,0,,,
Bogor,Kabupaten Bogor Leuwiliang,2026-04-28 12:00:00,80,75,39,,4,9,0,80,,,,,
Tangerang,Tangerang Pasir Jaya,2026-04-28 12:00:00,97,97,47,,59,63,0,65,,,,,
Bekasi,Bekasi Kayuringin,2026-04-28 12:00:00,55,55,30,,78,16,0,23,,,,,
Jakarta,The Pakubuwono Menteng,2026-04-28 12:39:58,87,87,29,70,,,,,43,35.3,,,
Depok,Cinere - Nafas,2026-04-28 12:39:54,137,137,53,97,,,,,0,0,,,
Bogor,Kabupaten Bogor Leuwiliang,2026-04-28 12:00:00,80,75,39,,4,9,0,80,,,,,
Tangerang,Tangerang Pasir Jaya,2026-04-28 12:00:00,97,97,47,,59,63,0,65,,,,,
Bekasi,Bekasi Kayuringin,2026-04-28 12:00:00,55,55,30,,78,16,0,23,,,,,
Jakarta,The Pakubuwono Menteng,2026-04-28 12:40:58,83,83,26,70,,,,,43,35.3,,,
Depok,Cinere - Nafas,2026-04-28 12:40:54,135,135,53,95,,,,,0,0,,,
Bogor,Kabupaten Bogor Leuwiliang,2026-04-28 12:00:00,80,75,39,,4,9,0,80,,,,,
Tangerang,Tangerang Pasir Jaya,2026-04-28 12:00:00,97,97,47,,59,63,0,65,,,,,
Bekasi,Bekasi Kayuringin,2026-04-28 12:00:00,55,55,30,,78,16,0,23,,,,,
Jakarta,The Pakubuwono Menteng,2026-04-28 12:41:58,87,87,27,70,,,,,43,35.3,,,
Depok,Cinere - Nafas,2026-04-28 12:41:54,137,137,53,96,,,,,0,0,,,
Bogor,Kabupaten Bogor Leuwiliang,2026-04-28 12:00:00,80,75,39,,4,9,0,80,,,,,
Tangerang,Tangerang Pasir Jaya,2026-04-28 12:00:00,97,97,47,,59,63,0,65,,,,,
Bekasi,Bekasi Kayuringin,2026-04-28 12:00:00,55,55,30,,78,16,0,23,,,,,
Jakarta,The Pakubuwono Menteng,2026-04-28 12:43:58,79,79,24,64,,,,,43,35.3,,,
Depok,Cinere - Nafas,2026-04-28 12:43:54,136,136,53,95,,,,,0,0,,,
Bogor,Kabupaten Bogor Leuwiliang,2026-04-28 12:00:00,80,75,39,,4,9,0,80,,,,,
Tangerang,Tangerang Pasir Jaya,2026-04-28 12:00:00,97,97,47,,59,63,0,65,,,,,
Bekasi,Bekasi Kayuringin,2026-04-28 12:00:00,55,55,30,,78,16,0,23,,,,,
Jakarta,The Pakubuwono Menteng,2026-04-28 12:44:58,80,80,24,71,,,,,43,35.4,,,
Depok,Cinere - Nafas,2026-04-28 12:44:54,138,138,55,96,,,,,0,0,,,
Bogor,Kabupaten Bogor Leuwiliang,2026-04-28 12:00:00,80,75,39,,4,9,0,80,,,,,
Tangerang,Tangerang Pasir Jaya,2026-04-28 12:00:00,97,97,47,,59,63,0,65,,,,,
Bekasi,Bekasi Kayuringin,2026-04-28 12:00:00,55,55,30,,78,16,0,23,,,,,
Jakarta,The Pakubuwono Menteng,2026-04-28 12:45:58,83,83,25,67,,,,,43,35.4,,,
Depok,Cinere - Nafas,2026-04-28 12:45:54,141,141,55,101,,,,,0,0,,,
Bogor,Kabupaten Bogor Leuwiliang,2026-04-28 12:00:00,80,75,39,,4,9,0,80,,,,,
Tangerang,Tangerang Pasir Jaya,2026-04-28 12:00:00,97,97,47,,59,63,0,65,,,,,
Bekasi,Bekasi Kayuringin,2026-04-28 12:00:00,55,55,30,,78,16,0,23,,,,,
Jakarta,The Pakubuwono Menteng,2026-04-28 12:45:58,83,83,25,67,,,,,43,35.4,,,
Depok,Cinere - Nafas,2026-04-28 12:45:54,141,141,55,101,,,,,0,0,,,
Bogor,Kabupaten Bogor Leuwiliang,2026-04-28 12:00:00,80,75,39,,4,9,0,80,,,,,
Tangerang,Tangerang Pasir Jaya,2026-04-28 12:00:00,97,97,47,,59,63,0,65,,,,,
Bekasi,Bekasi Kayuringin,2026-04-28 12:00:00,55,55,30,,78,16,0,23,,,,,
Jakarta,The Pakubuwono Menteng,2026-04-28 12:46:58,86,86,26,65,,,,,42,35.4,,,
Depok,Cinere - Nafas,2026-04-28 12:46:54,137,137,55,97,,,,,0,0,,,
Bogor,Kabupaten Bogor Leuwiliang,2026-04-28 12:00:00,80,75,39,,4,9,0,80,,,,,
Tangerang,Tangerang Pasir Jaya,2026-04-28 12:00:00,97,97,47,,59,63,0,65,,,,,
Bekasi,Bekasi Kayuringin,2026-04-28 12:00:00,55,55,30,,78,16,0,23,,,,,
Jakarta,The Pakubuwono Menteng,2026-04-28 12:47:58,86,86,27,68,,,,,42,35.4,,,
Depok,Cinere - Nafas,2026-04-28 12:49:54,133,133,52,94,,,,,0,0,,,
Bogor,Kabupaten Bogor Leuwiliang,2026-04-28 12:00:00,80,75,39,,4,9,0,80,,,,,
Tangerang,Tangerang Pasir Jaya,2026-04-28 12:00:00,97,97,47,,59,63,0,65,,,,,
Bekasi,Bekasi Kayuringin,2026-04-28 12:00:00,55,55,30,,78,16,0,23,,,,,
Jakarta,The Pakubuwono Menteng,2026-04-28 12:50:58,87,87,29,70,,,,,43,35.5,,,
Depok,Cinere - Nafas,2026-04-28 12:50:54,136,136,53,95,,,,,0,0,,,
Bogor,Kabupaten Bogor Leuwiliang,2026-04-28 12:00:00,80,75,39,,4,9,0,80,,,,,
Tangerang,Tangerang Pasir Jaya,2026-04-28 12:00:00,97,97,47,,59,63,0,65,,,,,
Bekasi,Bekasi Kayuringin,2026-04-28 12:00:00,55,55,30,,78,16,0,23,,,,,
Jakarta,The Pakubuwono Menteng,2026-04-28 12:51:58,87,87,31,70,,,,,42,35.5,,,
Depok,Cinere - Nafas,2026-04-28 12:51:55,133,133,53,95,,,,,0,0,,,
Bogor,Kabupaten Bogor Leuwiliang,2026-04-28 12:00:00,80,75,39,,4,9,0,80,,,,,
Tangerang,Tangerang Pasir Jaya,2026-04-28 12:00:00,97,97,47,,59,63,0,65,,,,,
Bekasi,Bekasi Kayuringin,2026-04-28 12:00:00,55,55,30,,78,16,0,23,,,,,
Jakarta,The Pakubuwono Menteng,2026-04-28 12:52:58,92,92,32,72,,,,,42,35.5,,,
Depok,Cinere - Nafas,2026-04-28 12:52:54,127,127,52,93,,,,,0,0,,,
Bogor,Kabupaten Bogor Leuwiliang,2026-04-28 12:00:00,80,75,39,,4,9,0,80,,,,,
Tangerang,Tangerang Pasir Jaya,2026-04-28 12:00:00,97,97,47,,59,63,0,65,,,,,
Bekasi,Bekasi Kayuringin,2026-04-28 12:00:00,55,55,30,,78,16,0,23,,,,,
Jakarta,The Pakubuwono Menteng,2026-04-28 12:53:58,91,91,30,70,,,,,42,35.5,,,
Depok,Cinere - Nafas,2026-04-28 12:53:54,130,130,52,94,,,,,0,0,,,
Bogor,Kabupaten Bogor Leuwiliang,2026-04-28 12:00:00,80,75,39,,4,9,0,80,,,,,
Tangerang,Tangerang Pasir Jaya,2026-04-28 12:00:00,97,97,47,,59,63,0,65,,,,,
Bekasi,Bekasi Kayuringin,2026-04-28 12:00:00,55,55,30,,78,16,0,23,,,,,
Jakarta,The Pakubuwono Menteng,2026-04-28 12:54:58,86,86,28,69,,,,,42,35.59,,,
Depok,Cinere - Nafas,2026-04-28 12:54:54,130,130,51,91,,,,,0,0,,,
Bogor,Kabupaten Bogor Leuwiliang,2026-04-28 12:00:00,80,75,39,,4,9,0,80,,,,,
Tangerang,Tangerang Pasir Jaya,2026-04-28 12:00:00,97,97,47,,59,63,0,65,,,,,
Bekasi,Bekasi Kayuringin,2026-04-28 12:00:00,55,55,30,,78,16,0,23,,,,,
Jakarta,The Pakubuwono Menteng,2026-04-28 12:56:58,85,85,26,70,,,,,42,35.5,,,
Depok,Cinere - Nafas,2026-04-28 12:56:54,131,131,52,94,,,,,0,0,,,
Bogor,Kabupaten Bogor Leuwiliang,2026-04-28 12:00:00,80,75,39,,4,9,0,80,,,,,
Tangerang,Tangerang Pasir Jaya,2026-04-28 12:00:00,97,97,47,,59,63,0,65,,,,,
Bekasi,Bekasi Kayuringin,2026-04-28 12:00:00,55,55,30,,78,16,0,23,,,,,
Jakarta,The Pakubuwono Menteng,2026-04-28 12:56:58,85,85,26,70,,,,,42,35.5,,,
Depok,Cinere - Nafas,2026-04-28 12:56:54,131,131,52,94,,,,,0,0,,,
Bogor,Kabupaten Bogor Leuwiliang,2026-04-28 12:00:00,80,75,39,,4,9,0,80,,,,,
Tangerang,Tangerang Pasir Jaya,2026-04-28 12:00:00,97,97,47,,59,63,0,65,,,,,
Bekasi,Bekasi Kayuringin,2026-04-28 12:00:00,55,55,30,,78,16,0,23,,,,,
Jakarta,The Pakubuwono Menteng,2026-04-28 12:58:58,89,89,32,72,,,,,42,35.4,,,
Depok,Cinere - Nafas,2026-04-28 12:58:54,127,127,51,91,,,,,0,0,,,
Bogor,Kabupaten Bogor Leuwiliang,2026-04-28 12:00:00,80,75,39,,4,9,0,80,,,,,
Tangerang,Tangerang Pasir Jaya,2026-04-28 12:00:00,97,97,47,,59,63,0,65,,,,,
Bekasi,Bekasi Kayuringin,2026-04-28 12:00:00,55,55,30,,78,16,0,23,,,,,
Jakarta,The Pakubuwono Menteng,2026-04-28 12:59:58,87,87,28,71,,,,,43,35.4,,,
Depok,Cinere - Nafas,2026-04-28 12:59:54,128,128,52,91,,,,,0,0,,,
Bogor,Kabupaten Bogor Leuwiliang,2026-04-28 12:00:00,80,75,39,,4,9,0,80,,,,,
Tangerang,Tangerang Pasir Jaya,2026-04-28 12:00:00,97,97,47,,59,63,0,65,,,,,
Bekasi,Bekasi Kayuringin,2026-04-28 12:00:00,55,55,30,,78,16,0,23,,,,,
Jakarta,The Pakubuwono Menteng,2026-04-28 13:00:59,80,80,24,70,,,,,43,35.2,,,
Depok,Cinere - Nafas,2026-04-28 13:00:54,136,136,53,96,,,,,0,0,,,
Bogor,Kabupaten Bogor Leuwiliang,2026-04-28 12:00:00,80,75,39,,4,9,0,80,,,,,
Tangerang,Tangerang Pasir Jaya,2026-04-28 12:00:00,97,97,47,,59,63,0,65,,,,,
Bekasi,Bekasi Kayuringin,2026-04-28 12:00:00,55,55,30,,78,16,0,23,,,,,
Jakarta,The Pakubuwono Menteng,2026-04-28 13:01:58,79,79,25,67,,,,,43,35.2,,,
Depok,Cinere - Nafas,2026-04-28 13:01:54,136,136,53,95,,,,,0,0,,,
Bogor,Kabupaten Bogor Leuwiliang,2026-04-28 12:00:00,80,75,39,,4,9,0,80,,,,,
Tangerang,Tangerang Pasir Jaya,2026-04-28 12:00:00,97,97,47,,59,63,0,65,,,,,
Bekasi,Bekasi Kayuringin,2026-04-28 12:00:00,55,55,30,,78,16,0,23,,,,,
Jakarta,The Pakubuwono Menteng,2026-04-28 13:03:59,83,83,25,68,,,,,44,35,,,
Depok,Cinere - Nafas,2026-04-28 13:03:54,151,151,57,110,,,,,0,0,,,
Bogor,Kabupaten Bogor Leuwiliang,2026-04-28 12:00:00,80,75,39,,4,9,0,80,,,,,
Tangerang,Tangerang Pasir Jaya,2026-04-28 12:00:00,97,97,47,,59,63,0,65,,,,,
Bekasi,Bekasi Kayuringin,2026-04-28 12:00:00,55,55,30,,78,16,0,23,,,,,
Jakarta,The Pakubuwono Menteng,2026-04-28 13:04:59,87,87,27,70,,,,,44,35,,,
Depok,Cinere - Nafas,2026-04-28 13:04:54,157,157,61,130,,,,,0,0,,,
Bogor,Kabupaten Bogor Leuwiliang,2026-04-28 12:00:00,80,75,39,,4,9,0,80,,,,,
Tangerang,Tangerang Pasir Jaya,2026-04-28 12:00:00,97,97,47,,59,63,0,65,,,,,
Bekasi,Bekasi Kayuringin,2026-04-28 12:00:00,55,55,30,,78,16,0,23,,,,,
Jakarta,The Pakubuwono Menteng,2026-04-28 13:05:58,86,86,27,71,,,,,44,34.9,,,
Depok,Cinere - Nafas,2026-04-28 13:05:54,156,156,60,125,,,,,0,0,,,
Bogor,Kabupaten Bogor Leuwiliang,2026-04-28 12:00:00,80,75,39,,4,9,0,80,,,,,
Tangerang,Tangerang Pasir Jaya,2026-04-28 12:00:00,97,97,47,,59,63,0,65,,,,,
Bekasi,Bekasi Kayuringin,2026-04-28 12:00:00,55,55,30,,78,16,0,23,,,,,
Jakarta,The Pakubuwono Menteng,2026-04-28 13:06:59,84,84,27,67,,,,,44,35,,,
Depok,Cinere - Nafas,2026-04-28 13:06:54,154,154,59,119,,,,,0,0,,,
Bogor,Kabupaten Bogor Leuwiliang,2026-04-28 12:00:00,80,75,39,,4,9,0,80,,,,,
Tangerang,Tangerang Pasir Jaya,2026-04-28 12:00:00,97,97,47,,59,63,0,65,,,,,
Bekasi,Bekasi Kayuringin,2026-04-28 13:00:00,55,55,30,,78,16,0,23,,,,,
Jakarta,The Pakubuwono Menteng,2026-04-28 13:07:59,88,88,28,71,,,,,44,35,,,
Depok,Cinere - Nafas,2026-04-28 13:08:54,155,155,59,121,,,,,0,0,,,
Bogor,Kabupaten Bogor Leuwiliang,2026-04-28 13:00:00,80,77,40,,4,9,0,80,,,,,
Tangerang,Tangerang Pasir Jaya,2026-04-28 13:00:00,96,96,47,,58,63,0,65,,,,,
Bekasi,Bekasi Kayuringin,2026-04-28 13:00:00,55,55,30,,78,16,0,23,,,,,
Jakarta,The Pakubuwono Menteng,2026-04-28 13:09:59,81,81,26,66,,,,,45,35,,,
Depok,Cinere - Nafas,2026-04-28 13:09:54,154,154,59,120,,,,,0,0,,,
Bogor,Kabupaten Bogor Leuwiliang,2026-04-28 13:00:00,80,77,40,,4,9,0,80,,,,,
Tangerang,Tangerang Pasir Jaya,2026-04-28 13:00:00,96,96,47,,58,63,0,65,,,,,
Bekasi,Bekasi Kayuringin,2026-04-28 13:00:00,55,55,30,,78,16,0,23,,,,,
Jakarta,The Pakubuwono Menteng,2026-04-28 13:10:59,87,87,28,69,,,,,45,35,,,
Depok,Cinere - Nafas,2026-04-28 13:10:54,155,155,60,117,,,,,0,0,,,
Bogor,Kabupaten Bogor Leuwiliang,2026-04-28 13:00:00,80,77,40,,4,9,0,80,,,,,
Tangerang,Tangerang Pasir Jaya,2026-04-28 13:00:00,96,96,47,,58,63,0,65,,,,,
Bekasi,Bekasi Kayuringin,2026-04-28 13:00:00,55,55,30,,78,16,0,23,,,,,
Jakarta,The Pakubuwono Menteng,2026-04-28 13:11:59,93,93,31,71,,,,,45,35,,,
Depok,Cinere - Nafas,2026-04-28 13:11:54,155,155,59,119,,,,,0,0,,,
Bogor,Kabupaten Bogor Leuwiliang,2026-04-28 13:00:00,80,77,40,,4,9,0,80,,,,,
Tangerang,Tangerang Pasir Jaya,2026-04-28 13:00:00,96,96,47,,58,63,0,65,,,,,
Bekasi,Bekasi Kayuringin,2026-04-28 13:00:00,55,55,30,,78,16,0,23,,,,,
Jakarta,The Pakubuwono Menteng,2026-04-28 13:12:59,88,88,30,71,,,,,45,34.9,,,
Depok,Cinere - Nafas,2026-04-28 13:12:55,155,155,60,120,,,,,0,0,,,
Bogor,Kabupaten Bogor Leuwiliang,2026-04-28 13:00:00,80,77,40,,4,9,0,80,,,,,
Tangerang,Tangerang Pasir Jaya,2026-04-28 13:00:00,96,96,47,,58,63,0,65,,,,,
Bekasi,Bekasi Kayuringin,2026-04-28 13:00:00,55,55,30,,78,16,0,23,,,,,
Jakarta,The Pakubuwono Menteng,2026-04-28 13:13:59,86,86,27,70,,,,,45,35,,,
Depok,Cinere - Nafas,2026-04-28 13:13:54,156,156,60,120,,,,,0,0,,,
Bogor,Kabupaten Bogor Leuwiliang,2026-04-28 13:00:00,80,77,40,,4,9,0,80,,,,,
Tangerang,Tangerang Pasir Jaya,2026-04-28 13:00:00,96,96,47,,58,63,0,65,,,,,
Bekasi,Bekasi Kayuringin,2026-04-28 13:00:00,55,55,30,,78,16,0,23,,,,,
Jakarta,The Pakubuwono Menteng,2026-04-28 13:14:59,86,86,28,67,,,,,45,35,,,
Depok,Cinere - Nafas,2026-04-28 13:14:54,154,154,59,121,,,,,0,0,,,
Bogor,Kabupaten Bogor Leuwiliang,2026-04-28 13:00:00,80,77,40,,4,9,0,80,,,,,
Tangerang,Tangerang Pasir Jaya,2026-04-28 13:00:00,96,96,47,,58,63,0,65,,,,,
Bekasi,Bekasi Kayuringin,2026-04-28 13:00:00,55,55,30,,78,16,0,23,,,,,
Jakarta,The Pakubuwono Menteng,2026-04-28 13:16:59,87,87,30,70,,,,,45,35.09,,,
Depok,Cinere - Nafas,2026-04-28 13:16:55,155,155,59,118,,,,,0,0,,,
Bogor,Kabupaten Bogor Leuwiliang,2026-04-28 13:00:00,80,77,40,,4,9,0,80,,,,,
Tangerang,Tangerang Pasir Jaya,2026-04-28 13:00:00,96,96,47,,58,63,0,65,,,,,
Bekasi,Bekasi Kayuringin,2026-04-28 13:00:00,55,55,30,,78,16,0,23,,,,,
Jakarta,The Pakubuwono Menteng,2026-04-28 13:17:59,89,89,30,70,,,,,45,35.09,,,
Depok,Cinere - Nafas,2026-04-28 13:18:55,152,152,58,112,,,,,0,0,,,
Bogor,Kabupaten Bogor Leuwiliang,2026-04-28 13:00:00,80,77,40,,4,9,0,80,,,,,
Tangerang,Tangerang Pasir Jaya,2026-04-28 13:00:00,96,96,47,,58,63,0,65,,,,,
Bekasi,Bekasi Kayuringin,2026-04-28 13:00:00,55,55,30,,78,16,0,23,,,,,
Jakarta,The Pakubuwono Menteng,2026-04-28 13:19:59,91,91,31,70,,,,,46,35.3,,,
Depok,Cinere - Nafas,2026-04-28 13:19:55,154,154,59,117,,,,,0,0,,,
Bogor,Kabupaten Bogor Leuwiliang,2026-04-28 13:00:00,80,77,40,,4,9,0,80,,,,,
Tangerang,Tangerang Pasir Jaya,2026-04-28 13:00:00,96,96,47,,58,63,0,65,,,,,
Bekasi,Bekasi Kayuringin,2026-04-28 13:00:00,55,55,30,,78,16,0,23,,,,,
Jakarta,The Pakubuwono Menteng,2026-04-28 13:20:59,88,88,30,69,,,,,46,35.4,,,
Depok,Cinere - Nafas,2026-04-28 13:20:55,153,153,59,115,,,,,0,0,,,
Bogor,Kabupaten Bogor Leuwiliang,2026-04-28 13:00:00,80,77,40,,4,9,0,80,,,,,
Tangerang,Tangerang Pasir Jaya,2026-04-28 13:00:00,96,96,47,,58,63,0,65,,,,,
Bekasi,Bekasi Kayuringin,2026-04-28 13:00:00,55,55,30,,78,16,0,23,,,,,
Jakarta,The Pakubuwono Menteng,2026-04-28 13:21:59,88,88,28,70,,,,,45,35.4,,,
Depok,Cinere - Nafas,2026-04-28 13:21:55,152,152,57,110,,,,,0,0,,,
Bogor,Kabupaten Bogor Leuwiliang,2026-04-28 13:00:00,80,77,40,,4,9,0,80,,,,,
Tangerang,Tangerang Pasir Jaya,2026-04-28 13:00:00,96,96,47,,58,63,0,65,,,,,
Bekasi,Bekasi Kayuringin,2026-04-28 13:00:00,55,55,30,,78,16,0,23,,,,,
Jakarta,The Pakubuwono Menteng,2026-04-28 13:22:59,93,93,31,70,,,,,45,35.59,,,
Depok,Cinere - Nafas,2026-04-28 13:22:55,153,153,58,114,,,,,0,0,,,
Bogor,Kabupaten Bogor Leuwiliang,2026-04-28 13:00:00,80,77,40,,4,9,0,80,,,,,
Tangerang,Tangerang Pasir Jaya,2026-04-28 13:00:00,96,96,47,,58,63,0,65,,,,,
Bekasi,Bekasi Kayuringin,2026-04-28 13:00:00,55,55,30,,78,16,0,23,,,,,
Jakarta,The Pakubuwono Menteng,2026-04-28 13:23:59,92,92,30,72,,,,,45,35.59,,,
Depok,Cinere - Nafas,2026-04-28 13:23:55,154,154,58,119,,,,,0,0,,,
Bogor,Kabupaten Bogor Leuwiliang,2026-04-28 13:00:00,80,77,40,,4,9,0,80,,,,,
Tangerang,Tangerang Pasir Jaya,2026-04-28 13:00:00,96,96,47,,58,63,0,65,,,,,
Bekasi,Bekasi Kayuringin,2026-04-28 13:00:00,55,55,30,,78,16,0,23,,,,,
Jakarta,The Pakubuwono Menteng,2026-04-28 13:24:59,92,92,32,72,,,,,45,35.59,,,
Depok,Cinere - Nafas,2026-04-28 13:24:55,153,153,58,115,,,,,0,0,,,
Bogor,Kabupaten Bogor Leuwiliang,2026-04-28 13:00:00,80,77,40,,4,9,0,80,,,,,
Tangerang,Tangerang Pasir Jaya,2026-04-28 13:00:00,96,96,47,,58,63,0,65,,,,,
Bekasi,Bekasi Kayuringin,2026-04-28 13:00:00,55,55,30,,78,16,0,23,,,,,
Jakarta,The Pakubuwono Menteng,2026-04-28 13:25:59,94,94,34,72,,,,,45,35.7,,,
Depok,Cinere - Nafas,2026-04-28 13:25:55,153,153,58,114,,,,,0,0,,,
Bogor,Kabupaten Bogor Leuwiliang,2026-04-28 13:00:00,80,77,40,,4,9,0,80,,,,,
Tangerang,Tangerang Pasir Jaya,2026-04-28 13:00:00,96,96,47,,58,63,0,65,,,,,
Bekasi,Bekasi Kayuringin,2026-04-28 13:00:00,55,55,30,,78,16,0,23,,,,,
Jakarta,The Pakubuwono Menteng,2026-04-28 13:26:59,92,92,31,72,,,,,44,35.7,,,
Depok,Cinere - Nafas,2026-04-28 13:26:55,153,153,59,115,,,,,0,0,,,
Bogor,Kabupaten Bogor Leuwiliang,2026-04-28 13:00:00,80,77,40,,4,9,0,80,,,,,
Tangerang,Tangerang Pasir Jaya,2026-04-28 13:00:00,96,96,47,,58,63,0,65,,,,,
Bekasi,Bekasi Kayuringin,2026-04-28 13:00:00,55,55,30,,78,16,0,23,,,,,
Jakarta,The Pakubuwono Menteng,2026-04-28 13:28:59,86,86,28,69,,,,,45,35.7,,,
Depok,Cinere - Nafas,2026-04-28 13:28:55,156,156,60,120,,,,,0,0,,,
Bogor,Kabupaten Bogor Leuwiliang,2026-04-28 13:00:00,80,77,40,,4,9,0,80,,,,,
Tangerang,Tangerang Pasir Jaya,2026-04-28 13:00:00,96,96,47,,58,63,0,65,,,,,
Bekasi,Bekasi Kayuringin,2026-04-28 13:00:00,55,55,30,,78,16,0,23,,,,,
Jakarta,The Pakubuwono Menteng,2026-04-28 13:30:59,94,94,34,74,,,,,44,35.8,,,
Depok,Cinere - Nafas,2026-04-28 13:30:55,154,154,59,119,,,,,0,0,,,
Bogor,Kabupaten Bogor Leuwiliang,2026-04-28 13:00:00,80,77,40,,4,9,0,80,,,,,
Tangerang,Tangerang Pasir Jaya,2026-04-28 13:00:00,96,96,47,,58,63,0,65,,,,,
Bekasi,Bekasi Kayuringin,2026-04-28 13:00:00,55,55,30,,78,16,0,23,,,,,
Jakarta,The Pakubuwono Menteng,2026-04-28 13:31:59,96,96,34,74,,,,,44,35.7,,,
Depok,Cinere - Nafas,2026-04-28 13:31:55,156,156,60,126,,,,,0,0,,,
Bogor,Kabupaten Bogor Leuwiliang,2026-04-28 13:00:00,80,77,40,,4,9,0,80,,,,,
Tangerang,Tangerang Pasir Jaya,2026-04-28 13:00:00,96,96,47,,58,63,0,65,,,,,
Bekasi,Bekasi Kayuringin,2026-04-28 13:00:00,55,55,30,,78,16,0,23,,,,,
Jakarta,The Pakubuwono Menteng,2026-04-28 13:32:59,99,99,37,76,,,,,44,35.59,,,
Depok,Cinere - Nafas,2026-04-28 13:32:55,155,155,60,122,,,,,0,0,,,
Bogor,Kabupaten Bogor Leuwiliang,2026-04-28 13:00:00,80,77,40,,4,9,0,80,,,,,
Tangerang,Tangerang Pasir Jaya,2026-04-28 13:00:00,96,96,47,,58,63,0,65,,,,,
Bekasi,Bekasi Kayuringin,2026-04-28 13:00:00,55,55,30,,78,16,0,23,,,,,
Jakarta,The Pakubuwono Menteng,2026-04-28 13:32:59,99,99,37,76,,,,,44,35.59,,,
Depok,Cinere - Nafas,2026-04-28 13:32:55,155,155,60,122,,,,,0,0,,,
Bogor,Kabupaten Bogor Leuwiliang,2026-04-28 13:00:00,80,77,40,,4,9,0,80,,,,,
Tangerang,Tangerang Pasir Jaya,2026-04-28 13:00:00,96,96,47,,58,63,0,65,,,,,
Bekasi,Bekasi Kayuringin,2026-04-28 13:00:00,55,55,30,,78,16,0,23,,,,,
Jakarta,The Pakubuwono Menteng,2026-04-28 13:33:59,96,96,35,75,,,,,44,35.5,,,
Depok,Cinere - Nafas,2026-04-28 13:33:55,155,155,59,120,,,,,0,0,,,
Bogor,Kabupaten Bogor Leuwiliang,2026-04-28 13:00:00,80,77,40,,4,9,0,80,,,,,
Tangerang,Tangerang Pasir Jaya,2026-04-28 13:00:00,96,96,47,,58,63,0,65,,,,,
Bekasi,Bekasi Kayuringin,2026-04-28 13:00:00,55,55,30,,78,16,0,23,,,,,
Jakarta,The Pakubuwono Menteng,2026-04-28 13:35:59,93,93,32,73,,,,,45,35.3,,,
Depok,Cinere - Nafas,2026-04-28 13:35:55,154,154,59,116,,,,,0,0,,,
Bogor,Kabupaten Bogor Leuwiliang,2026-04-28 13:00:00,80,77,40,,4,9,0,80,,,,,
Tangerang,Tangerang Pasir Jaya,2026-04-28 13:00:00,96,96,47,,58,63,0,65,,,,,
Bekasi,Bekasi Kayuringin,2026-04-28 13:00:00,55,55,30,,78,16,0,23,,,,,
Jakarta,The Pakubuwono Menteng,2026-04-28 13:36:59,92,92,32,71,,,,,45,35.2,,,
Depok,Cinere - Nafas,2026-04-28 13:37:55,125,125,50,89,,,,,0,0,,,
Bogor,Kabupaten Bogor Leuwiliang,2026-04-28 13:00:00,80,77,40,,4,9,0,80,,,,,
Tangerang,Tangerang Pasir Jaya,2026-04-28 13:00:00,96,96,47,,58,63,0,65,,,,,
Bekasi,Bekasi Kayuringin,2026-04-28 13:00:00,55,55,30,,78,16,0,23,,,,,
Jakarta,The Pakubuwono Menteng,2026-04-28 13:38:59,90,90,30,72,,,,,45,35.09,,,
Depok,Cinere - Nafas,2026-04-28 13:38:55,126,126,51,89,,,,,0,0,,,
Bogor,Kabupaten Bogor Leuwiliang,2026-04-28 13:00:00,80,77,40,,4,9,0,80,,,,,
Tangerang,Tangerang Pasir Jaya,2026-04-28 13:00:00,96,96,47,,58,63,0,65,,,,,
Bekasi,Bekasi Kayuringin,2026-04-28 13:00:00,55,55,30,,78,16,0,23,,,,,
Jakarta,The Pakubuwono Menteng,2026-04-28 13:39:59,93,93,32,72,,,,,46,35.09,,,
Depok,Cinere - Nafas,2026-04-28 13:39:55,130,130,52,93,,,,,0,0,,,
Bogor,Kabupaten Bogor Leuwiliang,2026-04-28 13:00:00,80,77,40,,4,9,0,80,,,,,
Tangerang,Tangerang Pasir Jaya,2026-04-28 13:00:00,96,96,47,,58,63,0,65,,,,,
Bekasi,Bekasi Kayuringin,2026-04-28 13:00:00,55,55,30,,78,16,0,23,,,,,
Jakarta,The Pakubuwono Menteng,2026-04-28 13:40:59,92,92,32,71,,,,,46,35,,,
Depok,Cinere - Nafas,2026-04-28 13:40:55,126,126,51,90,,,,,0,0,,,
Bogor,Kabupaten Bogor Leuwiliang,2026-04-28 13:00:00,80,77,40,,4,9,0,80,,,,,
Tangerang,Tangerang Pasir Jaya,2026-04-28 13:00:00,96,96,47,,58,63,0,65,,,,,
Bekasi,Bekasi Kayuringin,2026-04-28 13:00:00,55,55,30,,78,16,0,23,,,,,
Jakarta,The Pakubuwono Menteng,2026-04-28 13:41:59,91,91,32,72,,,,,46,35.09,,,
Depok,Cinere - Nafas,2026-04-28 13:41:55,124,124,49,88,,,,,0,0,,,
Bogor,Kabupaten Bogor Leuwiliang,2026-04-28 13:00:00,80,77,40,,4,9,0,80,,,,,
Tangerang,Tangerang Pasir Jaya,2026-04-28 13:00:00,96,96,47,,58,63,0,65,,,,,
Bekasi,Bekasi Kayuringin,2026-04-28 13:00:00,55,55,30,,78,16,0,23,,,,,
Jakarta,The Pakubuwono Menteng,2026-04-28 13:43:59,96,96,34,72,,,,,46,34.9,,,
Depok,Cinere - Nafas,2026-04-28 13:43:55,117,117,46,83,,,,,0,0,,,
Bogor,Kabupaten Bogor Leuwiliang,2026-04-28 13:00:00,80,77,40,,4,9,0,80,,,,,
Tangerang,Tangerang Pasir Jaya,2026-04-28 13:00:00,96,96,47,,58,63,0,65,,,,,
Bekasi,Bekasi Kayuringin,2026-04-28 13:00:00,55,55,30,,78,16,0,23,,,,,
Jakarta,The Pakubuwono Menteng,2026-04-28 13:44:59,91,91,32,72,,,,,46,34.8,,,
Depok,Cinere - Nafas,2026-04-28 13:44:55,120,120,48,85,,,,,0,0,,,
Bogor,Kabupaten Bogor Leuwiliang,2026-04-28 13:00:00,80,77,40,,4,9,0,80,,,,,
Tangerang,Tangerang Pasir Jaya,2026-04-28 13:00:00,96,96,47,,58,63,0,65,,,,,
Bekasi,Bekasi Kayuringin,2026-04-28 13:00:00,55,55,30,,78,16,0,23,,,,,
Jakarta,The Pakubuwono Menteng,2026-04-28 13:45:59,93,93,31,73,,,,,46,34.8,,,
Depok,Cinere - Nafas,2026-04-28 13:45:55,118,118,46,83,,,,,0,0,,,
Bogor,Kabupaten Bogor Leuwiliang,2026-04-28 13:00:00,80,77,40,,4,9,0,80,,,,,
Tangerang,Tangerang Pasir Jaya,2026-04-28 13:00:00,96,96,47,,58,63,0,65,,,,,
Bekasi,Bekasi Kayuringin,2026-04-28 13:00:00,55,55,30,,78,16,0,23,,,,,
Jakarta,The Pakubuwono Menteng,2026-04-28 13:45:59,93,93,31,73,,,,,46,34.8,,,
Depok,Cinere - Nafas,2026-04-28 13:45:55,118,118,46,83,,,,,0,0,,,
Bogor,Kabupaten Bogor Leuwiliang,2026-04-28 13:00:00,80,77,40,,4,9,0,80,,,,,
Tangerang,Tangerang Pasir Jaya,2026-04-28 13:00:00,96,96,47,,58,63,0,65,,,,,
Bekasi,Bekasi Kayuringin,2026-04-28 13:00:00,55,55,30,,78,16,0,23,,,,,
Jakarta,The Pakubuwono Menteng,2026-04-28 13:47:59,92,92,30,72,,,,,47,34.7,,,
Depok,Cinere - Nafas,2026-04-28 13:47:55,118,118,50,87,,,,,0,0,,,
Bogor,Kabupaten Bogor Leuwiliang,2026-04-28 13:00:00,80,77,40,,4,9,0,80,,,,,
Tangerang,Tangerang Pasir Jaya,2026-04-28 13:00:00,96,96,47,,58,63,0,65,,,,,
Bekasi,Bekasi Kayuringin,2026-04-28 13:00:00,55,55,30,,78,16,0,23,,,,,
Jakarta,The Pakubuwono Menteng,2026-04-28 13:50:00,93,93,31,72,,,,,47,34.5,,,
Depok,Cinere - Nafas,2026-04-28 13:49:55,123,123,50,87,,,,,0,0,,,
Bogor,Kabupaten Bogor Leuwiliang,2026-04-28 13:00:00,80,77,40,,4,9,0,80,,,,,
Tangerang,Tangerang Pasir Jaya,2026-04-28 13:00:00,96,96,47,,58,63,0,65,,,,,
Bekasi,Bekasi Kayuringin,2026-04-28 13:00:00,55,55,30,,78,16,0,23,,,,,
Jakarta,The Pakubuwono Menteng,2026-04-28 13:51:00,92,92,32,72,,,,,47,34.5,,,
Depok,Cinere - Nafas,2026-04-28 13:50:55,119,119,47,86,,,,,0,0,,,
Bogor,Kabupaten Bogor Leuwiliang,2026-04-28 13:00:00,80,77,40,,4,9,0,80,,,,,
Tangerang,Tangerang Pasir Jaya,2026-04-28 13:00:00,96,96,47,,58,63,0,65,,,,,
Bekasi,Bekasi Kayuringin,2026-04-28 13:00:00,55,55,30,,78,16,0,23,,,,,
Jakarta,The Pakubuwono Menteng,2026-04-28 13:52:00,90,90,29,69,,,,,47,34.4,,,
Depok,Cinere - Nafas,2026-04-28 13:51:55,120,120,47,87,,,,,0,0,,,
Bogor,Kabupaten Bogor Leuwiliang,2026-04-28 13:00:00,80,77,40,,4,9,0,80,,,,,
Tangerang,Tangerang Pasir Jaya,2026-04-28 13:00:00,96,96,47,,58,63,0,65,,,,,
Bekasi,Bekasi Kayuringin,2026-04-28 13:00:00,55,55,30,,78,16,0,23,,,,,
Jakarta,The Pakubuwono Menteng,2026-04-28 13:53:00,93,93,32,71,,,,,47,34.3,,,
Depok,Cinere - Nafas,2026-04-28 13:52:55,115,115,45,86,,,,,0,0,,,
Bogor,Kabupaten Bogor Leuwiliang,2026-04-28 13:00:00,80,77,40,,4,9,0,80,,,,,
Tangerang,Tangerang Pasir Jaya,2026-04-28 13:00:00,96,96,47,,58,63,0,65,,,,,
Bekasi,Bekasi Kayuringin,2026-04-28 13:00:00,55,55,30,,78,16,0,23,,,,,
Jakarta,The Pakubuwono Menteng,2026-04-28 13:54:00,87,87,27,70,,,,,48,34.2,,,
Depok,Cinere - Nafas,2026-04-28 13:53:55,120,120,49,85,,,,,0,0,,,
Bogor,Kabupaten Bogor Leuwiliang,2026-04-28 13:00:00,80,77,40,,4,9,0,80,,,,,
Tangerang,Tangerang Pasir Jaya,2026-04-28 13:00:00,96,96,47,,58,63,0,65,,,,,
Bekasi,Bekasi Kayuringin,2026-04-28 13:00:00,55,55,30,,78,16,0,23,,,,,
Jakarta,The Pakubuwono Menteng,2026-04-28 13:55:00,88,88,28,70,,,,,48,34.2,,,
Depok,Cinere - Nafas,2026-04-28 13:54:55,117,117,48,85,,,,,0,0,,,
Bogor,Kabupaten Bogor Leuwiliang,2026-04-28 13:00:00,80,77,40,,4,9,0,80,,,,,
Tangerang,Tangerang Pasir Jaya,2026-04-28 13:00:00,96,96,47,,58,63,0,65,,,,,
Bekasi,Bekasi Kayuringin,2026-04-28 13:00:00,55,55,30,,78,16,0,23,,,,,
Jakarta,The Pakubuwono Menteng,2026-04-28 13:58:00,93,93,31,71,,,,,48,33.9,,,
Depok,Cinere - Nafas,2026-04-28 13:57:55,122,122,50,87,,,,,0,0,,,
Bogor,Kabupaten Bogor Leuwiliang,2026-04-28 13:00:00,80,77,40,,4,9,0,80,,,,,
Tangerang,Tangerang Pasir Jaya,2026-04-28 13:00:00,96,96,47,,58,63,0,65,,,,,
Bekasi,Bekasi Kayuringin,2026-04-28 13:00:00,55,55,30,,78,16,0,23,,,,,
Jakarta,The Pakubuwono Menteng,2026-04-28 13:58:00,93,93,31,71,,,,,48,33.9,,,
Depok,Cinere - Nafas,2026-04-28 13:57:55,122,122,50,87,,,,,0,0,,,
Bogor,Kabupaten Bogor Leuwiliang,2026-04-28 13:00:00,80,77,40,,4,9,0,80,,,,,
Tangerang,Tangerang Pasir Jaya,2026-04-28 13:00:00,96,96,47,,58,63,0,65,,,,,
Bekasi,Bekasi Kayuringin,2026-04-28 13:00:00,55,55,30,,78,16,0,23,,,,,
Jakarta,The Pakubuwono Menteng,2026-04-28 13:59:00,93,93,33,72,,,,,48,33.8,,,
Depok,Cinere - Nafas,2026-04-28 13:58:55,124,124,50,88,,,,,0,0,,,
Bogor,Kabupaten Bogor Leuwiliang,2026-04-28 13:00:00,80,77,40,,4,9,0,80,,,,,
Tangerang,Tangerang Pasir Jaya,2026-04-28 13:00:00,96,96,47,,58,63,0,65,,,,,
Bekasi,Bekasi Kayuringin,2026-04-28 13:00:00,55,55,30,,78,16,0,23,,,,,
Jakarta,The Pakubuwono Menteng,2026-04-28 14:00:00,87,87,27,69,,,,,49,33.7,,,
Depok,Cinere - Nafas,2026-04-28 13:59:55,123,123,50,88,,,,,0,0,,,
Bogor,Kabupaten Bogor Leuwiliang,2026-04-28 13:00:00,80,77,40,,4,9,0,80,,,,,
Tangerang,Tangerang Pasir Jaya,2026-04-28 13:00:00,96,96,47,,58,63,0,65,,,,,
Bekasi,Bekasi Kayuringin,2026-04-28 13:00:00,55,55,30,,78,16,0,23,,,,,
Jakarta,The Pakubuwono Menteng,2026-04-28 14:01:00,87,87,28,69,,,,,49,33.59,,,
Depok,Cinere - Nafas,2026-04-28 14:00:55,120,120,50,86,,,,,0,0,,,
Bogor,Kabupaten Bogor Leuwiliang,2026-04-28 13:00:00,80,77,40,,4,9,0,80,,,,,
Tangerang,Tangerang Pasir Jaya,2026-04-28 13:00:00,96,96,47,,58,63,0,65,,,,,
Bekasi,Bekasi Kayuringin,2026-04-28 13:00:00,55,55,30,,78,16,0,23,,,,,
Jakarta,The Pakubuwono Menteng,2026-04-28 14:02:00,88,88,28,71,,,,,49,33.59,,,
Depok,Cinere - Nafas,2026-04-28 14:01:55,121,121,48,88,,,,,0,0,,,
Bogor,Kabupaten Bogor Leuwiliang,2026-04-28 13:00:00,80,77,40,,4,9,0,80,,,,,
Tangerang,Tangerang Pasir Jaya,2026-04-28 13:00:00,96,96,47,,58,63,0,65,,,,,
Bekasi,Bekasi Kayuringin,2026-04-28 13:00:00,55,55,30,,78,16,0,23,,,,,
Jakarta,The Pakubuwono Menteng,2026-04-28 14:04:00,87,87,31,70,,,,,49,33.5,,,
Depok,Cinere - Nafas,2026-04-28 14:03:55,120,120,47,86,,,,,0,0,,,
Bogor,Kabupaten Bogor Leuwiliang,2026-04-28 13:00:00,80,77,40,,4,9,0,80,,,,,
Tangerang,Tangerang Pasir Jaya,2026-04-28 13:00:00,96,96,47,,58,63,0,65,,,,,
Bekasi,Bekasi Kayuringin,2026-04-28 13:00:00,55,55,30,,78,16,0,23,,,,,
Jakarta,The Pakubuwono Menteng,2026-04-28 14:05:00,87,87,28,68,,,,,50,33.4,,,
Depok,Cinere - Nafas,2026-04-28 14:04:55,120,120,47,84,,,,,0,0,,,
Bogor,Kabupaten Bogor Leuwiliang,2026-04-28 13:00:00,80,77,40,,4,9,0,80,,,,,
Tangerang,Tangerang Pasir Jaya,2026-04-28 13:00:00,96,96,47,,58,63,0,65,,,,,
Bekasi,Bekasi Kayuringin,2026-04-28 13:00:00,55,55,30,,78,16,0,23,,,,,
Jakarta,The Pakubuwono Menteng,2026-04-28 14:07:00,90,90,32,72,,,,,50,33.3,,,
Depok,Cinere - Nafas,2026-04-28 14:06:55,121,121,48,87,,,,,0,0,,,
Bogor,Kabupaten Bogor Leuwiliang,2026-04-28 13:00:00,80,77,40,,4,9,0,80,,,,,
Tangerang,Tangerang Pasir Jaya,2026-04-28 13:00:00,96,96,47,,58,63,0,65,,,,,
Bekasi,Bekasi Kayuringin,2026-04-28 13:00:00,55,55,30,,78,16,0,23,,,,,
Jakarta,The Pakubuwono Menteng,2026-04-28 14:08:00,88,88,27,67,,,,,50,33.2,,,
Depok,Cinere - Nafas,2026-04-28 14:07:55,123,123,49,87,,,,,0,0,,,
Bogor,Kabupaten Bogor Leuwiliang,2026-04-28 14:00:00,80,78,41,,4,9,0,80,,,,,
Tangerang,Tangerang Pasir Jaya,2026-04-28 14:00:00,96,96,47,,58,63,0,64,,,,,
Bekasi,Bekasi Kayuringin,2026-04-28 14:00:00,55,55,30,,78,16,0,23,,,,,
Jakarta,The Pakubuwono Menteng,2026-04-28 14:09:00,85,85,27,68,,,,,50,33.2,,,
Depok,Cinere - Nafas,2026-04-28 14:08:55,120,120,48,88,,,,,0,0,,,
Bogor,Kabupaten Bogor Leuwiliang,2026-04-28 14:00:00,80,78,41,,4,9,0,80,,,,,
Tangerang,Tangerang Pasir Jaya,2026-04-28 14:00:00,96,96,47,,58,63,0,64,,,,,
Bekasi,Bekasi Kayuringin,2026-04-28 14:00:00,55,55,30,,78,16,0,23,,,,,
Jakarta,The Pakubuwono Menteng,2026-04-28 14:11:00,87,87,29,67,,,,,50,33.2,,,
Depok,Cinere - Nafas,2026-04-28 14:10:55,121,121,49,88,,,,,0,0,,,
Bogor,Kabupaten Bogor Leuwiliang,2026-04-28 14:00:00,80,78,41,,4,9,0,80,,,,,
Tangerang,Tangerang Pasir Jaya,2026-04-28 14:00:00,96,96,47,,58,63,0,64,,,,,
Bekasi,Bekasi Kayuringin,2026-04-28 14:00:00,55,55,30,,78,16,0,23,,,,,
Jakarta,The Pakubuwono Menteng,2026-04-28 14:11:00,87,87,29,67,,,,,50,33.2,,,
Depok,Cinere - Nafas,2026-04-28 14:10:55,121,121,49,88,,,,,0,0,,,
Bogor,Kabupaten Bogor Leuwiliang,2026-04-28 14:00:00,80,78,41,,4,9,0,80,,,,,
Tangerang,Tangerang Pasir Jaya,2026-04-28 14:00:00,96,96,47,,58,63,0,64,,,,,
Bekasi,Bekasi Kayuringin,2026-04-28 14:00:00,55,55,30,,78,16,0,23,,,,,
Jakarta,The Pakubuwono Menteng,2026-04-28 14:12:00,93,93,32,70,,,,,50,33.2,,,
Depok,Cinere - Nafas,2026-04-28 14:11:55,118,118,47,86,,,,,0,0,,,
Bogor,Kabupaten Bogor Leuwiliang,2026-04-28 14:00:00,80,78,41,,4,9,0,80,,,,,
Tangerang,Tangerang Pasir Jaya,2026-04-28 14:00:00,96,96,47,,58,63,0,64,,,,,
Bekasi,Bekasi Kayuringin,2026-04-28 14:00:00,55,55,30,,78,16,0,23,,,,,
Jakarta,The Pakubuwono Menteng,2026-04-28 14:13:00,93,93,32,70,,,,,50,33.2,,,
Depok,Cinere - Nafas,2026-04-28 14:12:56,119,119,48,84,,,,,0,0,,,
Bogor,Kabupaten Bogor Leuwiliang,2026-04-28 14:00:00,80,78,41,,4,9,0,80,,,,,
Tangerang,Tangerang Pasir Jaya,2026-04-28 14:00:00,96,96,47,,58,63,0,64,,,,,
Bekasi,Bekasi Kayuringin,2026-04-28 14:00:00,55,55,30,,78,16,0,23,,,,,
Jakarta,The Pakubuwono Menteng,2026-04-28 14:14:00,88,88,28,69,,,,,50,33.2,,,
Depok,Cinere - Nafas,2026-04-28 14:13:55,124,124,50,88,,,,,0,0,,,
Bogor,Kabupaten Bogor Leuwiliang,2026-04-28 14:00:00,80,78,41,,4,9,0,80,,,,,
Tangerang,Tangerang Pasir Jaya,2026-04-28 14:00:00,96,96,47,,58,63,0,64,,,,,
Bekasi,Bekasi Kayuringin,2026-04-28 14:00:00,55,55,30,,78,16,0,23,,,,,
Jakarta,The Pakubuwono Menteng,2026-04-28 14:17:00,94,94,36,70,,,,,50,33.2,,,
Depok,Cinere - Nafas,2026-04-28 14:17:55,126,126,50,90,,,,,0,0,,,
Bogor,Kabupaten Bogor Leuwiliang,2026-04-28 14:00:00,80,78,41,,4,9,0,80,,,,,
Tangerang,Tangerang Pasir Jaya,2026-04-28 14:00:00,96,96,47,,58,63,0,64,,,,,
Bekasi,Bekasi Kayuringin,2026-04-28 14:00:00,55,55,30,,78,16,0,23,,,,,
Jakarta,The Pakubuwono Menteng,2026-04-28 14:18:00,95,95,35,73,,,,,49,33.3,,,
Depok,Cinere - Nafas,2026-04-28 14:18:55,127,127,51,90,,,,,0,0,,,
Bogor,Kabupaten Bogor Leuwiliang,2026-04-28 14:00:00,80,78,41,,4,9,0,80,,,,,
Tangerang,Tangerang Pasir Jaya,2026-04-28 14:00:00,96,96,47,,58,63,0,64,,,,,
Bekasi,Bekasi Kayuringin,2026-04-28 14:00:00,55,55,30,,78,16,0,23,,,,,
Jakarta,The Pakubuwono Menteng,2026-04-28 14:19:00,98,98,36,73,,,,,49,33.3,,,
Depok,Cinere - Nafas,2026-04-28 14:19:56,121,121,48,88,,,,,0,0,,,
Bogor,Kabupaten Bogor Leuwiliang,2026-04-28 14:00:00,80,78,41,,4,9,0,80,,,,,
Tangerang,Tangerang Pasir Jaya,2026-04-28 14:00:00,96,96,47,,58,63,0,64,,,,,
Bekasi,Bekasi Kayuringin,2026-04-28 14:00:00,55,55,30,,78,16,0,23,,,,,
Jakarta,The Pakubuwono Menteng,2026-04-28 14:20:00,99,99,37,74,,,,,49,33.4,,,
Depok,Cinere - Nafas,2026-04-28 14:20:56,124,124,50,90,,,,,0,0,,,
Bogor,Kabupaten Bogor Leuwiliang,2026-04-28 14:00:00,80,78,41,,4,9,0,80,,,,,
Tangerang,Tangerang Pasir Jaya,2026-04-28 14:00:00,96,96,47,,58,63,0,64,,,,,
Bekasi,Bekasi Kayuringin,2026-04-28 14:00:00,55,55,30,,78,16,0,23,,,,,
Jakarta,The Pakubuwono Menteng,2026-04-28 14:21:00,98,98,35,74,,,,,49,33.4,,,
Depok,Cinere - Nafas,2026-04-28 14:21:56,119,119,49,87,,,,,0,0,,,
Bogor,Kabupaten Bogor Leuwiliang,2026-04-28 14:00:00,80,78,41,,4,9,0,80,,,,,
Tangerang,Tangerang Pasir Jaya,2026-04-28 14:00:00,96,96,47,,58,63,0,64,,,,,
Bekasi,Bekasi Kayuringin,2026-04-28 14:00:00,55,55,30,,78,16,0,23,,,,,
Jakarta,The Pakubuwono Menteng,2026-04-28 14:21:00,98,98,35,74,,,,,49,33.4,,,
Depok,Cinere - Nafas,2026-04-28 14:21:56,119,119,49,87,,,,,0,0,,,
Bogor,Kabupaten Bogor Leuwiliang,2026-04-28 14:00:00,80,78,41,,4,9,0,80,,,,,
Tangerang,Tangerang Pasir Jaya,2026-04-28 14:00:00,96,96,47,,58,63,0,64,,,,,
Bekasi,Bekasi Kayuringin,2026-04-28 14:00:00,55,55,30,,78,16,0,23,,,,,
Jakarta,The Pakubuwono Menteng,2026-04-28 14:23:00,94,94,34,73,,,,,49,33.5,,,
Depok,Cinere - Nafas,2026-04-28 14:23:56,120,120,48,86,,,,,0,0,,,
Bogor,Kabupaten Bogor Leuwiliang,2026-04-28 14:00:00,80,78,41,,4,9,0,80,,,,,
Tangerang,Tangerang Pasir Jaya,2026-04-28 14:00:00,96,96,47,,58,63,0,64,,,,,
Bekasi,Bekasi Kayuringin,2026-04-28 14:00:00,55,55,30,,78,16,0,23,,,,,
Jakarta,The Pakubuwono Menteng,2026-04-28 14:24:00,95,95,33,71,,,,,49,33.5,,,
Depok,Cinere - Nafas,2026-04-28 14:24:56,120,120,48,87,,,,,0,0,,,
Bogor,Kabupaten Bogor Leuwiliang,2026-04-28 14:00:00,80,78,41,,4,9,0,80,,,,,
Tangerang,Tangerang Pasir Jaya,2026-04-28 14:00:00,96,96,47,,58,63,0,64,,,,,
Bekasi,Bekasi Kayuringin,2026-04-28 14:00:00,55,55,30,,78,16,0,23,,,,,
Jakarta,The Pakubuwono Menteng,2026-04-28 14:26:00,90,90,31,69,,,,,49,33.59,,,
Depok,Cinere - Nafas,2026-04-28 14:26:56,123,123,49,89,,,,,0,0,,,
Bogor,Kabupaten Bogor Leuwiliang,2026-04-28 14:00:00,80,78,41,,4,9,0,80,,,,,
Tangerang,Tangerang Pasir Jaya,2026-04-28 14:00:00,96,96,47,,58,63,0,64,,,,,
Bekasi,Bekasi Kayuringin,2026-04-28 14:00:00,55,55,30,,78,16,0,23,,,,,
Jakarta,The Pakubuwono Menteng,2026-04-28 14:27:00,97,97,34,72,,,,,49,33.59,,,
Depok,Cinere - Nafas,2026-04-28 14:27:56,124,124,50,88,,,,,0,0,,,
Bogor,Kabupaten Bogor Leuwiliang,2026-04-28 14:00:00,80,78,41,,4,9,0,80,,,,,
Tangerang,Tangerang Pasir Jaya,2026-04-28 14:00:00,96,96,47,,58,63,0,64,,,,,
Bekasi,Bekasi Kayuringin,2026-04-28 14:00:00,55,55,30,,78,16,0,23,,,,,
Jakarta,The Pakubuwono Menteng,2026-04-28 14:28:00,95,95,32,75,,,,,49,33.5,,,
Depok,Cinere - Nafas,2026-04-28 14:28:56,120,120,48,86,,,,,0,0,,,
Bogor,Kabupaten Bogor Leuwiliang,2026-04-28 14:00:00,80,78,41,,4,9,0,80,,,,,
Tangerang,Tangerang Pasir Jaya,2026-04-28 14:00:00,96,96,47,,58,63,0,64,,,,,
Bekasi,Bekasi Kayuringin,2026-04-28 14:00:00,55,55,30,,78,16,0,23,,,,,
Jakarta,The Pakubuwono Menteng,2026-04-28 14:29:00,93,93,32,70,,,,,49,33.5,,,
Depok,Cinere - Nafas,2026-04-28 14:29:56,126,126,50,90,,,,,0,0,,,
Bogor,Kabupaten Bogor Leuwiliang,2026-04-28 14:00:00,80,78,41,,4,9,0,80,,,,,
Tangerang,Tangerang Pasir Jaya,2026-04-28 14:00:00,96,96,47,,58,63,0,64,,,,,
Bekasi,Bekasi Kayuringin,2026-04-28 14:00:00,55,55,30,,78,16,0,23,,,,,
Jakarta,The Pakubuwono Menteng,2026-04-28 14:31:01,96,96,33,73,,,,,49,33.5,,,
Depok,Cinere - Nafas,2026-04-28 14:31:56,125,125,49,88,,,,,0,0,,,
Bogor,Kabupaten Bogor Leuwiliang,2026-04-28 14:00:00,80,78,41,,4,9,0,80,,,,,
Tangerang,Tangerang Pasir Jaya,2026-04-28 14:00:00,96,96,47,,58,63,0,64,,,,,
Bekasi,Bekasi Kayuringin,2026-04-28 14:00:00,55,55,30,,78,16,0,23,,,,,
Jakarta,The Pakubuwono Menteng,2026-04-28 14:32:00,92,92,32,73,,,,,49,33.5,,,
Depok,Cinere - Nafas,2026-04-28 14:32:56,120,120,47,87,,,,,0,0,,,
Bogor,Kabupaten Bogor Leuwiliang,2026-04-28 14:00:00,80,78,41,,4,9,0,80,,,,,
Tangerang,Tangerang Pasir Jaya,2026-04-28 14:00:00,96,96,47,,58,63,0,64,,,,,
Bekasi,Bekasi Kayuringin,2026-04-28 14:00:00,55,55,30,,78,16,0,23,,,,,
Jakarta,The Pakubuwono Menteng,2026-04-28 14:33:01,91,91,32,70,,,,,49,33.59,,,
Depok,Cinere - Nafas,2026-04-28 14:33:56,119,119,48,87,,,,,0,0,,,
Bogor,Kabupaten Bogor Leuwiliang,2026-04-28 14:00:00,80,78,41,,4,9,0,80,,,,,
Tangerang,Tangerang Pasir Jaya,2026-04-28 14:00:00,96,96,47,,58,63,0,64,,,,,
Bekasi,Bekasi Kayuringin,2026-04-28 14:00:00,55,55,30,,78,16,0,23,,,,,
Jakarta,The Pakubuwono Menteng,2026-04-28 14:34:01,93,93,31,71,,,,,49,33.5,,,
Depok,Cinere - Nafas,2026-04-28 14:34:56,121,121,49,88,,,,,0,0,,,
Bogor,Kabupaten Bogor Leuwiliang,2026-04-28 14:00:00,80,78,41,,4,9,0,80,,,,,
Tangerang,Tangerang Pasir Jaya,2026-04-28 14:00:00,96,96,47,,58,63,0,64,,,,,
Bekasi,Bekasi Kayuringin,2026-04-28 14:00:00,55,55,30,,78,16,0,23,,,,,
Jakarta,The Pakubuwono Menteng,2026-04-28 14:35:01,92,92,32,71,,,,,49,33.59,,,
Depok,Cinere - Nafas,2026-04-28 14:34:56,121,121,49,88,,,,,0,0,,,
Bogor,Kabupaten Bogor Leuwiliang,2026-04-28 14:00:00,80,78,41,,4,9,0,80,,,,,
Tangerang,Tangerang Pasir Jaya,2026-04-28 14:00:00,96,96,47,,58,63,0,64,,,,,
Bekasi,Bekasi Kayuringin,2026-04-28 14:00:00,55,55,30,,78,16,0,23,,,,,
Jakarta,The Pakubuwono Menteng,2026-04-28 14:37:00,97,97,35,74,,,,,49,33.59,,,
Depok,Cinere - Nafas,2026-04-28 14:37:56,124,124,50,87,,,,,0,0,,,
Bogor,Kabupaten Bogor Leuwiliang,2026-04-28 14:00:00,80,78,41,,4,9,0,80,,,,,
Tangerang,Tangerang Pasir Jaya,2026-04-28 14:00:00,96,96,47,,58,63,0,64,,,,,
Bekasi,Bekasi Kayuringin,2026-04-28 14:00:00,55,55,30,,78,16,0,23,,,,,
Jakarta,The Pakubuwono Menteng,2026-04-28 14:38:01,95,95,33,74,,,,,48,33.59,,,
Depok,Cinere - Nafas,2026-04-28 14:38:56,125,125,49,87,,,,,0,0,,,
Bogor,Kabupaten Bogor Leuwiliang,2026-04-28 14:00:00,80,78,41,,4,9,0,80,,,,,
Tangerang,Tangerang Pasir Jaya,2026-04-28 14:00:00,96,96,47,,58,63,0,64,,,,,
Bekasi,Bekasi Kayuringin,2026-04-28 14:00:00,55,55,30,,78,16,0,23,,,,,
Jakarta,The Pakubuwono Menteng,2026-04-28 14:39:01,93,93,32,71,,,,,49,33.59,,,
Depok,Cinere - Nafas,2026-04-28 14:38:56,125,125,49,87,,,,,0,0,,,
Bogor,Kabupaten Bogor Leuwiliang,2026-04-28 14:00:00,80,78,41,,4,9,0,80,,,,,
Tangerang,Tangerang Pasir Jaya,2026-04-28 14:00:00,96,96,47,,58,63,0,64,,,,,
Bekasi,Bekasi Kayuringin,2026-04-28 14:00:00,55,55,30,,78,16,0,23,,,,,
Jakarta,The Pakubuwono Menteng,2026-04-28 14:40:01,95,95,33,71,,,,,49,33.5,,,
Depok,Cinere - Nafas,2026-04-28 14:40:56,126,126,51,90,,,,,0,0,,,
Bogor,Kabupaten Bogor Leuwiliang,2026-04-28 14:00:00,80,78,41,,4,9,0,80,,,,,
Tangerang,Tangerang Pasir Jaya,2026-04-28 14:00:00,96,96,47,,58,63,0,64,,,,,
Bekasi,Bekasi Kayuringin,2026-04-28 14:00:00,55,55,30,,78,16,0,23,,,,,
Jakarta,The Pakubuwono Menteng,2026-04-28 14:41:01,94,94,33,72,,,,,49,33.5,,,
Depok,Cinere - Nafas,2026-04-28 14:41:56,130,130,52,92,,,,,0,0,,,
Bogor,Kabupaten Bogor Leuwiliang,2026-04-28 14:00:00,80,78,41,,4,9,0,80,,,,,
Tangerang,Tangerang Pasir Jaya,2026-04-28 14:00:00,96,96,47,,58,63,0,64,,,,,
Bekasi,Bekasi Kayuringin,2026-04-28 14:00:00,55,55,30,,78,16,0,23,,,,,
Jakarta,The Pakubuwono Menteng,2026-04-28 14:42:01,87,87,32,70,,,,,49,33.5,,,
Depok,Cinere - Nafas,2026-04-28 14:42:56,128,128,51,90,,,,,0,0,,,
Bogor,Kabupaten Bogor Leuwiliang,2026-04-28 14:00:00,80,78,41,,4,9,0,80,,,,,
Tangerang,Tangerang Pasir Jaya,2026-04-28 14:00:00,96,96,47,,58,63,0,64,,,,,
Bekasi,Bekasi Kayuringin,2026-04-28 14:00:00,55,55,30,,78,16,0,23,,,,,
Jakarta,The Pakubuwono Menteng,2026-04-28 14:45:01,91,91,34,71,,,,,49,33.5,,,
Depok,Cinere - Nafas,2026-04-28 14:45:56,123,123,50,89,,,,,0,0,,,
Bogor,Kabupaten Bogor Leuwiliang,2026-04-28 14:00:00,80,78,41,,4,9,0,80,,,,,
Tangerang,Tangerang Pasir Jaya,2026-04-28 14:00:00,96,96,47,,58,63,0,64,,,,,
Bekasi,Bekasi Kayuringin,2026-04-28 14:00:00,55,55,30,,78,16,0,23,,,,,
Jakarta,The Pakubuwono Menteng,2026-04-28 14:45:01,91,91,34,71,,,,,49,33.5,,,
Depok,Cinere - Nafas,2026-04-28 14:45:56,123,123,50,89,,,,,0,0,,,
Bogor,Kabupaten Bogor Leuwiliang,2026-04-28 14:00:00,80,78,41,,4,9,0,80,,,,,
Tangerang,Tangerang Pasir Jaya,2026-04-28 14:00:00,96,96,47,,58,63,0,64,,,,,
Bekasi,Bekasi Kayuringin,2026-04-28 14:00:00,55,55,30,,78,16,0,23,,,,,
Jakarta,The Pakubuwono Menteng,2026-04-28 14:46:01,93,93,32,70,,,,,49,33.4,,,
Depok,Cinere - Nafas,2026-04-28 14:46:56,126,126,50,90,,,,,0,0,,,
Bogor,Kabupaten Bogor Leuwiliang,2026-04-28 14:00:00,80,78,41,,4,9,0,80,,,,,
Tangerang,Tangerang Pasir Jaya,2026-04-28 14:00:00,96,96,47,,58,63,0,64,,,,,
Bekasi,Bekasi Kayuringin,2026-04-28 14:00:00,55,55,30,,78,16,0,23,,,,,
Jakarta,The Pakubuwono Menteng,2026-04-28 14:47:01,90,90,30,71,,,,,49,33.5,,,
Depok,Cinere - Nafas,2026-04-28 14:47:56,123,123,48,87,,,,,0,0,,,
Bogor,Kabupaten Bogor Leuwiliang,2026-04-28 14:00:00,80,78,41,,4,9,0,80,,,,,
Tangerang,Tangerang Pasir Jaya,2026-04-28 14:00:00,96,96,47,,58,63,0,64,,,,,
Bekasi,Bekasi Kayuringin,2026-04-28 14:00:00,55,55,30,,78,16,0,23,,,,,
Jakarta,The Pakubuwono Menteng,2026-04-28 14:49:01,94,94,32,71,,,,,49,33.5,,,
Depok,Cinere - Nafas,2026-04-28 14:49:56,126,126,51,90,,,,,0,0,,,
Bogor,Kabupaten Bogor Leuwiliang,2026-04-28 14:00:00,80,78,41,,4,9,0,80,,,,,
Tangerang,Tangerang Pasir Jaya,2026-04-28 14:00:00,96,96,47,,58,63,0,64,,,,,
Bekasi,Bekasi Kayuringin,2026-04-28 14:00:00,55,55,30,,78,16,0,23,,,,,
Jakarta,The Pakubuwono Menteng,2026-04-28 14:50:01,94,94,32,72,,,,,49,33.5,,,
Depok,Cinere - Nafas,2026-04-28 14:50:56,125,125,51,89,,,,,0,0,,,
Bogor,Kabupaten Bogor Leuwiliang,2026-04-28 14:00:00,80,78,41,,4,9,0,80,,,,,
Tangerang,Tangerang Pasir Jaya,2026-04-28 14:00:00,96,96,47,,58,63,0,64,,,,,
Bekasi,Bekasi Kayuringin,2026-04-28 14:00:00,55,55,30,,78,16,0,23,,,,,
Jakarta,The Pakubuwono Menteng,2026-04-28 14:51:01,90,90,30,69,,,,,49,33.5,,,
Depok,Cinere - Nafas,2026-04-28 14:51:56,124,124,49,88,,,,,0,0,,,
Bogor,Kabupaten Bogor Leuwiliang,2026-04-28 14:00:00,80,78,41,,4,9,0,80,,,,,
Tangerang,Tangerang Pasir Jaya,2026-04-28 14:00:00,96,96,47,,58,63,0,64,,,,,
Bekasi,Bekasi Kayuringin,2026-04-28 14:00:00,55,55,30,,78,16,0,23,,,,,
Jakarta,The Pakubuwono Menteng,2026-04-28 14:52:01,87,87,28,69,,,,,50,33.5,,,
Depok,Cinere - Nafas,2026-04-28 14:52:56,126,126,50,91,,,,,0,0,,,
Bogor,Kabupaten Bogor Leuwiliang,2026-04-28 14:00:00,80,78,41,,4,9,0,80,,,,,
Tangerang,Tangerang Pasir Jaya,2026-04-28 14:00:00,96,96,47,,58,63,0,64,,,,,
Bekasi,Bekasi Kayuringin,2026-04-28 14:00:00,55,55,30,,78,16,0,23,,,,,
Jakarta,The Pakubuwono Menteng,2026-04-28 14:53:01,88,88,30,70,,,,,49,33.5,,,
Depok,Cinere - Nafas,2026-04-28 14:53:56,125,125,50,89,,,,,0,0,,,
Bogor,Kabupaten Bogor Leuwiliang,2026-04-28 14:00:00,80,78,41,,4,9,0,80,,,,,
Tangerang,Tangerang Pasir Jaya,2026-04-28 14:00:00,96,96,47,,58,63,0,64,,,,,
Bekasi,Bekasi Kayuringin,2026-04-28 14:00:00,55,55,30,,78,16,0,23,,,,,
Jakarta,The Pakubuwono Menteng,2026-04-28 14:56:01,91,91,31,70,,,,,49,33.59,,,
Depok,Cinere - Nafas,2026-04-28 14:56:56,123,123,49,88,,,,,0,0,,,
Bogor,Kabupaten Bogor Leuwiliang,2026-04-28 14:00:00,80,78,41,,4,9,0,80,,,,,
Tangerang,Tangerang Pasir Jaya,2026-04-28 14:00:00,96,96,47,,58,63,0,64,,,,,
Bekasi,Bekasi Kayuringin,2026-04-28 14:00:00,55,55,30,,78,16,0,23,,,,,
Jakarta,The Pakubuwono Menteng,2026-04-28 14:57:01,88,88,30,71,,,,,49,33.59,,,
Depok,Cinere - Nafas,2026-04-28 14:57:56,126,126,50,87,,,,,0,0,,,
Bogor,Kabupaten Bogor Leuwiliang,2026-04-28 14:00:00,80,78,41,,4,9,0,80,,,,,
Tangerang,Tangerang Pasir Jaya,2026-04-28 14:00:00,96,96,47,,58,63,0,64,,,,,
Bekasi,Bekasi Kayuringin,2026-04-28 14:00:00,55,55,30,,78,16,0,23,,,,,
Jakarta,The Pakubuwono Menteng,2026-04-28 14:57:01,88,88,30,71,,,,,49,33.59,,,
Depok,Cinere - Nafas,2026-04-28 14:57:56,126,126,50,87,,,,,0,0,,,
Bogor,Kabupaten Bogor Leuwiliang,2026-04-28 14:00:00,80,78,41,,4,9,0,80,,,,,
Tangerang,Tangerang Pasir Jaya,2026-04-28 14:00:00,96,96,47,,58,63,0,64,,,,,
Bekasi,Bekasi Kayuringin,2026-04-28 14:00:00,55,55,30,,78,16,0,23,,,,,
Jakarta,The Pakubuwono Menteng,2026-04-28 14:58:01,93,93,31,73,,,,,49,33.59,,,
Depok,Cinere - Nafas,2026-04-28 14:58:56,123,123,50,88,,,,,0,0,,,
Bogor,Kabupaten Bogor Leuwiliang,2026-04-28 14:00:00,80,78,41,,4,9,0,80,,,,,
Tangerang,Tangerang Pasir Jaya,2026-04-28 14:00:00,96,96,47,,58,63,0,64,,,,,
Bekasi,Bekasi Kayuringin,2026-04-28 14:00:00,55,55,30,,78,16,0,23,,,,,
Jakarta,The Pakubuwono Menteng,2026-04-28 14:59:01,93,93,30,71,,,,,49,33.7,,,
Depok,Cinere - Nafas,2026-04-28 14:59:56,122,122,49,87,,,,,0,0,,,
Bogor,Kabupaten Bogor Leuwiliang,2026-04-28 14:00:00,80,78,41,,4,9,0,80,,,,,
Tangerang,Tangerang Pasir Jaya,2026-04-28 14:00:00,96,96,47,,58,63,0,64,,,,,
Bekasi,Bekasi Kayuringin,2026-04-28 14:00:00,55,55,30,,78,16,0,23,,,,,
Jakarta,The Pakubuwono Menteng,2026-04-28 15:00:01,87,87,30,67,,,,,49,33.7,,,
Depok,Cinere - Nafas,2026-04-28 15:00:56,123,123,49,89,,,,,0,0,,,
Bogor,Kabupaten Bogor Leuwiliang,2026-04-28 14:00:00,80,78,41,,4,9,0,80,,,,,
Tangerang,Tangerang Pasir Jaya,2026-04-28 14:00:00,96,96,47,,58,63,0,64,,,,,
Bekasi,Bekasi Kayuringin,2026-04-28 14:00:00,55,55,30,,78,16,0,23,,,,,
Jakarta,The Pakubuwono Menteng,2026-04-28 15:02:01,93,93,31,70,,,,,49,33.8,,,
Depok,Cinere - Nafas,2026-04-28 15:02:56,126,126,50,90,,,,,0,0,,,
Bogor,Kabupaten Bogor Leuwiliang,2026-04-28 14:00:00,80,78,41,,4,9,0,80,,,,,
Tangerang,Tangerang Pasir Jaya,2026-04-28 14:00:00,96,96,47,,58,63,0,64,,,,,
Bekasi,Bekasi Kayuringin,2026-04-28 14:00:00,55,55,30,,78,16,0,23,,,,,
Jakarta,The Pakubuwono Menteng,2026-04-28 15:03:01,91,91,30,71,,,,,49,33.8,,,
Depok,Cinere - Nafas,2026-04-28 15:03:56,122,122,50,87,,,,,0,0,,,
Bogor,Kabupaten Bogor Leuwiliang,2026-04-28 14:00:00,80,78,41,,4,9,0,80,,,,,
Tangerang,Tangerang Pasir Jaya,2026-04-28 14:00:00,96,96,47,,58,63,0,64,,,,,
Bekasi,Bekasi Kayuringin,2026-04-28 14:00:00,55,55,30,,78,16,0,23,,,,,
Jakarta,The Pakubuwono Menteng,2026-04-28 15:05:01,92,92,33,73,,,,,49,33.8,,,
Depok,Cinere - Nafas,2026-04-28 15:05:56,123,123,50,89,,,,,0,0,,,
Bogor,Kabupaten Bogor Leuwiliang,2026-04-28 14:00:00,80,78,41,,4,9,0,80,,,,,
Tangerang,Tangerang Pasir Jaya,2026-04-28 14:00:00,96,96,47,,58,63,0,64,,,,,
Bekasi,Bekasi Kayuringin,2026-04-28 14:00:00,55,55,30,,78,16,0,23,,,,,
Jakarta,The Pakubuwono Menteng,2026-04-28 15:05:01,92,92,33,73,,,,,49,33.8,,,
Depok,Cinere - Nafas,2026-04-28 15:05:56,123,123,50,89,,,,,0,0,,,
Bogor,Kabupaten Bogor Leuwiliang,2026-04-28 14:00:00,80,78,41,,4,9,0,80,,,,,
Tangerang,Tangerang Pasir Jaya,2026-04-28 14:00:00,96,96,47,,58,63,0,64,,,,,
Bekasi,Bekasi Kayuringin,2026-04-28 14:00:00,55,55,30,,78,16,0,23,,,,,
Jakarta,The Pakubuwono Menteng,2026-04-28 15:07:01,94,94,32,70,,,,,49,33.8,,,
Depok,Cinere - Nafas,2026-04-28 15:06:56,125,125,51,89,,,,,0,0,,,
Bogor,Kabupaten Bogor Leuwiliang,2026-04-28 14:00:00,80,78,41,,4,9,0,80,,,,,
Tangerang,Tangerang Pasir Jaya,2026-04-28 14:00:00,96,96,47,,58,63,0,64,,,,,
Bekasi,Bekasi Kayuringin,2026-04-28 14:00:00,55,55,30,,78,16,0,23,,,,,
Jakarta,The Pakubuwono Menteng,2026-04-28 15:09:01,92,92,31,72,,,,,48,33.8,,,
Depok,Cinere - Nafas,2026-04-28 15:08:56,123,123,49,87,,,,,0,0,,,
Bogor,Kabupaten Bogor Leuwiliang,2026-04-28 15:00:00,80,80,43,,4,9,0,80,,,,,
Tangerang,Tangerang Pasir Jaya,2026-04-28 15:00:00,96,96,47,,58,63,0,64,,,,,
Bekasi,Bekasi Kayuringin,2026-04-28 15:00:00,56,56,31,,79,15,0,23,,,,,
Jakarta,The Pakubuwono Menteng,2026-04-28 15:09:01,92,92,31,72,,,,,48,33.8,,,
Depok,Cinere - Nafas,2026-04-28 15:08:56,123,123,49,87,,,,,0,0,,,
Bogor,Kabupaten Bogor Leuwiliang,2026-04-28 15:00:00,80,80,43,,4,9,0,80,,,,,
Tangerang,Tangerang Pasir Jaya,2026-04-28 15:00:00,96,96,47,,58,63,0,64,,,,,
Bekasi,Bekasi Kayuringin,2026-04-28 15:00:00,56,56,31,,79,15,0,23,,,,,
Jakarta,The Pakubuwono Menteng,2026-04-28 15:11:01,91,91,31,70,,,,,49,33.7,,,
Depok,Cinere - Nafas,2026-04-28 15:10:56,124,124,50,89,,,,,0,0,,,
Bogor,Kabupaten Bogor Leuwiliang,2026-04-28 15:00:00,80,80,43,,4,9,0,80,,,,,
Tangerang,Tangerang Pasir Jaya,2026-04-28 15:00:00,96,96,47,,58,63,0,64,,,,,
Bekasi,Bekasi Kayuringin,2026-04-28 15:00:00,56,56,31,,79,15,0,23,,,,,
Jakarta,The Pakubuwono Menteng,2026-04-28 15:12:01,93,93,31,72,,,,,49,33.7,,,
Depok,Cinere - Nafas,2026-04-28 15:11:56,126,126,51,89,,,,,0,0,,,
Bogor,Kabupaten Bogor Leuwiliang,2026-04-28 15:00:00,80,80,43,,4,9,0,80,,,,,
Tangerang,Tangerang Pasir Jaya,2026-04-28 15:00:00,96,96,47,,58,63,0,64,,,,,
Bekasi,Bekasi Kayuringin,2026-04-28 15:00:00,56,56,31,,79,15,0,23,,,,,
Jakarta,The Pakubuwono Menteng,2026-04-28 15:13:01,87,87,30,70,,,,,49,33.59,,,
Depok,Cinere - Nafas,2026-04-28 15:12:57,124,124,50,87,,,,,0,0,,,
Bogor,Kabupaten Bogor Leuwiliang,2026-04-28 15:00:00,80,80,43,,4,9,0,80,,,,,
Tangerang,Tangerang Pasir Jaya,2026-04-28 15:00:00,96,96,47,,58,63,0,64,,,,,
Bekasi,Bekasi Kayuringin,2026-04-28 15:00:00,56,56,31,,79,15,0,23,,,,,
Jakarta,The Pakubuwono Menteng,2026-04-28 15:15:01,92,92,31,73,,,,,49,33.59,,,
Depok,Cinere - Nafas,2026-04-28 15:14:57,121,121,48,85,,,,,0,0,,,
Bogor,Kabupaten Bogor Leuwiliang,2026-04-28 15:00:00,80,80,43,,4,9,0,80,,,,,
Tangerang,Tangerang Pasir Jaya,2026-04-28 15:00:00,96,96,47,,58,63,0,64,,,,,
Bekasi,Bekasi Kayuringin,2026-04-28 15:00:00,56,56,31,,79,15,0,23,,,,,
Jakarta,The Pakubuwono Menteng,2026-04-28 15:16:01,91,91,30,73,,,,,49,33.5,,,
Depok,Cinere - Nafas,2026-04-28 15:15:56,122,122,48,87,,,,,0,0,,,
Bogor,Kabupaten Bogor Leuwiliang,2026-04-28 15:00:00,80,80,43,,4,9,0,80,,,,,
Tangerang,Tangerang Pasir Jaya,2026-04-28 15:00:00,96,96,47,,58,63,0,64,,,,,
Bekasi,Bekasi Kayuringin,2026-04-28 15:00:00,56,56,31,,79,15,0,23,,,,,
Jakarta,The Pakubuwono Menteng,2026-04-28 15:17:01,91,91,31,72,,,,,49,33.5,,,
Depok,Cinere - Nafas,2026-04-28 15:16:56,121,121,50,87,,,,,0,0,,,
Bogor,Kabupaten Bogor Leuwiliang,2026-04-28 15:00:00,80,80,43,,4,9,0,80,,,,,
Tangerang,Tangerang Pasir Jaya,2026-04-28 15:00:00,96,96,47,,58,63,0,64,,,,,
Bekasi,Bekasi Kayuringin,2026-04-28 15:00:00,56,56,31,,79,15,0,23,,,,,
Jakarta,The Pakubuwono Menteng,2026-04-28 15:19:02,93,93,34,71,,,,,49,33.4,,,
Depok,Cinere - Nafas,2026-04-28 15:18:57,130,130,52,92,,,,,0,0,,,
Bogor,Kabupaten Bogor Leuwiliang,2026-04-28 15:00:00,80,80,43,,4,9,0,80,,,,,
Tangerang,Tangerang Pasir Jaya,2026-04-28 15:00:00,96,96,47,,58,63,0,64,,,,,
Bekasi,Bekasi Kayuringin,2026-04-28 15:00:00,56,56,31,,79,15,0,23,,,,,
Jakarta,The Pakubuwono Menteng,2026-04-28 15:19:02,93,93,34,71,,,,,49,33.4,,,
Depok,Cinere - Nafas,2026-04-28 15:18:57,130,130,52,92,,,,,0,0,,,
Bogor,Kabupaten Bogor Leuwiliang,2026-04-28 15:00:00,80,80,43,,4,9,0,80,,,,,
Tangerang,Tangerang Pasir Jaya,2026-04-28 15:00:00,96,96,47,,58,63,0,64,,,,,
Bekasi,Bekasi Kayuringin,2026-04-28 15:00:00,56,56,31,,79,15,0,23,,,,,
Jakarta,The Pakubuwono Menteng,2026-04-28 15:20:01,93,93,32,71,,,,,49,33.4,,,
Depok,Cinere - Nafas,2026-04-28 15:19:57,130,130,52,94,,,,,0,0,,,
Bogor,Kabupaten Bogor Leuwiliang,2026-04-28 15:00:00,80,80,43,,4,9,0,80,,,,,
Tangerang,Tangerang Pasir Jaya,2026-04-28 15:00:00,96,96,47,,58,63,0,64,,,,,
Bekasi,Bekasi Kayuringin,2026-04-28 15:00:00,56,56,31,,79,15,0,23,,,,,
Jakarta,The Pakubuwono Menteng,2026-04-28 15:21:02,91,91,33,70,,,,,49,33.3,,,
Depok,Cinere - Nafas,2026-04-28 15:20:57,130,130,52,90,,,,,0,0,,,
Bogor,Kabupaten Bogor Leuwiliang,2026-04-28 15:00:00,80,80,43,,4,9,0,80,,,,,
Tangerang,Tangerang Pasir Jaya,2026-04-28 15:00:00,96,96,47,,58,63,0,64,,,,,
Bekasi,Bekasi Kayuringin,2026-04-28 15:00:00,56,56,31,,79,15,0,23,,,,,
Jakarta,The Pakubuwono Menteng,2026-04-28 15:22:02,93,93,31,72,,,,,50,33.3,,,
Depok,Cinere - Nafas,2026-04-28 15:21:57,130,130,52,93,,,,,0,0,,,
Bogor,Kabupaten Bogor Leuwiliang,2026-04-28 15:00:00,80,80,43,,4,9,0,80,,,,,
Tangerang,Tangerang Pasir Jaya,2026-04-28 15:00:00,96,96,47,,58,63,0,64,,,,,
Bekasi,Bekasi Kayuringin,2026-04-28 15:00:00,56,56,31,,79,15,0,23,,,,,
Jakarta,The Pakubuwono Menteng,2026-04-28 15:25:02,94,94,33,72,,,,,50,33.2,,,
Depok,Cinere - Nafas,2026-04-28 15:24:57,128,128,52,89,,,,,0,0,,,
Bogor,Kabupaten Bogor Leuwiliang,2026-04-28 15:00:00,80,80,43,,4,9,0,80,,,,,
Tangerang,Tangerang Pasir Jaya,2026-04-28 15:00:00,96,96,47,,58,63,0,64,,,,,
Bekasi,Bekasi Kayuringin,2026-04-28 15:00:00,56,56,31,,79,15,0,23,,,,,
Jakarta,The Pakubuwono Menteng,2026-04-28 15:26:02,90,90,31,70,,,,,50,33.2,,,
Depok,Cinere - Nafas,2026-04-28 15:25:57,132,132,53,95,,,,,0,0,,,
Bogor,Kabupaten Bogor Leuwiliang,2026-04-28 15:00:00,80,80,43,,4,9,0,80,,,,,
Tangerang,Tangerang Pasir Jaya,2026-04-28 15:00:00,96,96,47,,58,63,0,64,,,,,
Bekasi,Bekasi Kayuringin,2026-04-28 15:00:00,56,56,31,,79,15,0,23,,,,,
Jakarta,The Pakubuwono Menteng,2026-04-28 15:27:02,93,93,34,72,,,,,50,33.2,,,
Depok,Cinere - Nafas,2026-04-28 15:26:57,131,131,53,94,,,,,0,0,,,
Bogor,Kabupaten Bogor Leuwiliang,2026-04-28 15:00:00,80,80,43,,4,9,0,80,,,,,
Tangerang,Tangerang Pasir Jaya,2026-04-28 15:00:00,96,96,47,,58,63,0,64,,,,,
Bekasi,Bekasi Kayuringin,2026-04-28 15:00:00,56,56,31,,79,15,0,23,,,,,
Jakarta,The Pakubuwono Menteng,2026-04-28 15:28:02,93,93,32,70,,,,,50,33.09,,,
Depok,Cinere - Nafas,2026-04-28 15:27:57,136,136,53,97,,,,,0,0,,,
Bogor,Kabupaten Bogor Leuwiliang,2026-04-28 15:00:00,80,80,43,,4,9,0,80,,,,,
Tangerang,Tangerang Pasir Jaya,2026-04-28 15:00:00,96,96,47,,58,63,0,64,,,,,
Bekasi,Bekasi Kayuringin,2026-04-28 15:00:00,56,56,31,,79,15,0,23,,,,,
Jakarta,The Pakubuwono Menteng,2026-04-28 15:29:02,92,92,31,73,,,,,50,33.2,,,
Depok,Cinere - Nafas,2026-04-28 15:28:57,132,132,53,93,,,,,0,0,,,
Bogor,Kabupaten Bogor Leuwiliang,2026-04-28 15:00:00,80,80,43,,4,9,0,80,,,,,
Tangerang,Tangerang Pasir Jaya,2026-04-28 15:00:00,96,96,47,,58,63,0,64,,,,,
Bekasi,Bekasi Kayuringin,2026-04-28 15:00:00,56,56,31,,79,15,0,23,,,,,
Jakarta,The Pakubuwono Menteng,2026-04-28 15:30:02,92,92,32,73,,,,,50,33.09,,,
Depok,Cinere - Nafas,2026-04-28 15:29:57,131,131,53,90,,,,,0,0,,,
Bogor,Kabupaten Bogor Leuwiliang,2026-04-28 15:00:00,80,80,43,,4,9,0,80,,,,,
Tangerang,Tangerang Pasir Jaya,2026-04-28 15:00:00,96,96,47,,58,63,0,64,,,,,
Bekasi,Bekasi Kayuringin,2026-04-28 15:00:00,56,56,31,,79,15,0,23,,,,,
Jakarta,The Pakubuwono Menteng,2026-04-28 15:32:02,91,91,31,70,,,,,50,32.9,,,
Depok,Cinere - Nafas,2026-04-28 15:31:57,124,124,50,89,,,,,0,0,,,
Bogor,Kabupaten Bogor Leuwiliang,2026-04-28 15:00:00,80,80,43,,4,9,0,80,,,,,
Tangerang,Tangerang Pasir Jaya,2026-04-28 15:00:00,96,96,47,,58,63,0,64,,,,,
Bekasi,Bekasi Kayuringin,2026-04-28 15:00:00,56,56,31,,79,15,0,23,,,,,
Jakarta,The Pakubuwono Menteng,2026-04-28 15:32:02,91,91,31,70,,,,,50,32.9,,,
Depok,Cinere - Nafas,2026-04-28 15:32:57,130,130,52,89,,,,,0,0,,,
Bogor,Kabupaten Bogor Leuwiliang,2026-04-28 15:00:00,80,80,43,,4,9,0,80,,,,,
Tangerang,Tangerang Pasir Jaya,2026-04-28 15:00:00,96,96,47,,58,63,0,64,,,,,
Bekasi,Bekasi Kayuringin,2026-04-28 15:00:00,56,56,31,,79,15,0,23,,,,,
Jakarta,The Pakubuwono Menteng,2026-04-28 15:34:02,90,90,30,71,,,,,50,32.9,,,
Depok,Cinere - Nafas,2026-04-28 15:33:57,125,125,51,88,,,,,0,0,,,
Bogor,Kabupaten Bogor Leuwiliang,2026-04-28 15:00:00,80,80,43,,4,9,0,80,,,,,
Tangerang,Tangerang Pasir Jaya,2026-04-28 15:00:00,96,96,47,,58,63,0,64,,,,,
Bekasi,Bekasi Kayuringin,2026-04-28 15:00:00,56,56,31,,79,15,0,23,,,,,
Jakarta,The Pakubuwono Menteng,2026-04-28 15:35:02,94,94,32,73,,,,,51,32.9,,,
Depok,Cinere - Nafas,2026-04-28 15:34:57,135,135,53,92,,,,,0,0,,,
Bogor,Kabupaten Bogor Leuwiliang,2026-04-28 15:00:00,80,80,43,,4,9,0,80,,,,,
Tangerang,Tangerang Pasir Jaya,2026-04-28 15:00:00,96,96,47,,58,63,0,64,,,,,
Bekasi,Bekasi Kayuringin,2026-04-28 15:00:00,56,56,31,,79,15,0,23,,,,,
Jakarta,The Pakubuwono Menteng,2026-04-28 15:36:02,93,93,32,71,,,,,51,32.9,,,
Depok,Cinere - Nafas,2026-04-28 15:35:57,132,132,53,94,,,,,0,0,,,
Bogor,Kabupaten Bogor Leuwiliang,2026-04-28 15:00:00,80,80,43,,4,9,0,80,,,,,
Tangerang,Tangerang Pasir Jaya,2026-04-28 15:00:00,96,96,47,,58,63,0,64,,,,,
Bekasi,Bekasi Kayuringin,2026-04-28 15:00:00,56,56,31,,79,15,0,23,,,,,
Jakarta,The Pakubuwono Menteng,2026-04-28 15:38:02,94,94,33,72,,,,,51,32.9,,,
Depok,Cinere - Nafas,2026-04-28 15:37:57,130,130,53,94,,,,,0,0,,,
Bogor,Kabupaten Bogor Leuwiliang,2026-04-28 15:00:00,80,80,43,,4,9,0,80,,,,,
Tangerang,Tangerang Pasir Jaya,2026-04-28 15:00:00,96,96,47,,58,63,0,64,,,,,
Bekasi,Bekasi Kayuringin,2026-04-28 15:00:00,56,56,31,,79,15,0,23,,,,,
Jakarta,The Pakubuwono Menteng,2026-04-28 15:39:02,94,94,33,72,,,,,50,32.9,,,
Depok,Cinere - Nafas,2026-04-28 15:38:57,130,130,52,91,,,,,0,0,,,
Bogor,Kabupaten Bogor Leuwiliang,2026-04-28 15:00:00,80,80,43,,4,9,0,80,,,,,
Tangerang,Tangerang Pasir Jaya,2026-04-28 15:00:00,96,96,47,,58,63,0,64,,,,,
Bekasi,Bekasi Kayuringin,2026-04-28 15:00:00,56,56,31,,79,15,0,23,,,,,
Jakarta,The Pakubuwono Menteng,2026-04-28 15:40:02,96,96,35,72,,,,,51,32.9,,,
Depok,Cinere - Nafas,2026-04-28 15:39:57,136,136,53,94,,,,,0,0,,,
Bogor,Kabupaten Bogor Leuwiliang,2026-04-28 15:00:00,80,80,43,,4,9,0,80,,,,,
Tangerang,Tangerang Pasir Jaya,2026-04-28 15:00:00,96,96,47,,58,63,0,64,,,,,
Bekasi,Bekasi Kayuringin,2026-04-28 15:00:00,56,56,31,,79,15,0,23,,,,,
Jakarta,The Pakubuwono Menteng,2026-04-28 15:41:02,95,95,32,74,,,,,51,32.8,,,
Depok,Cinere - Nafas,2026-04-28 15:40:57,135,135,54,94,,,,,0,0,,,
Bogor,Kabupaten Bogor Leuwiliang,2026-04-28 15:00:00,80,80,43,,4,9,0,80,,,,,
Tangerang,Tangerang Pasir Jaya,2026-04-28 15:00:00,96,96,47,,58,63,0,64,,,,,
Bekasi,Bekasi Kayuringin,2026-04-28 15:00:00,56,56,31,,79,15,0,23,,,,,
Jakarta,The Pakubuwono Menteng,2026-04-28 15:42:02,93,93,34,74,,,,,51,32.8,,,
Depok,Cinere - Nafas,2026-04-28 15:42:57,134,134,53,95,,,,,0,0,,,
Bogor,Kabupaten Bogor Leuwiliang,2026-04-28 15:00:00,80,80,43,,4,9,0,80,,,,,
Tangerang,Tangerang Pasir Jaya,2026-04-28 15:00:00,96,96,47,,58,63,0,64,,,,,
Bekasi,Bekasi Kayuringin,2026-04-28 15:00:00,56,56,31,,79,15,0,23,,,,,
Jakarta,The Pakubuwono Menteng,2026-04-28 15:44:02,98,98,35,72,,,,,51,32.7,,,
Depok,Cinere - Nafas,2026-04-28 15:43:57,132,132,53,94,,,,,0,0,,,
Bogor,Kabupaten Bogor Leuwiliang,2026-04-28 15:00:00,80,80,43,,4,9,0,80,,,,,
Tangerang,Tangerang Pasir Jaya,2026-04-28 15:00:00,96,96,47,,58,63,0,64,,,,,
Bekasi,Bekasi Kayuringin,2026-04-28 15:00:00,56,56,31,,79,15,0,23,,,,,
Jakarta,The Pakubuwono Menteng,2026-04-28 15:45:02,93,93,34,72,,,,,51,32.7,,,
Depok,Cinere - Nafas,2026-04-28 15:44:57,134,134,53,93,,,,,0,0,,,
Bogor,Kabupaten Bogor Leuwiliang,2026-04-28 15:00:00,80,80,43,,4,9,0,80,,,,,
Tangerang,Tangerang Pasir Jaya,2026-04-28 15:00:00,96,96,47,,58,63,0,64,,,,,
Bekasi,Bekasi Kayuringin,2026-04-28 15:00:00,56,56,31,,79,15,0,23,,,,,
Jakarta,The Pakubuwono Menteng,2026-04-28 15:46:02,94,94,34,72,,,,,51,32.59,,,
Depok,Cinere - Nafas,2026-04-28 15:45:57,131,131,52,93,,,,,0,0,,,
Bogor,Kabupaten Bogor Leuwiliang,2026-04-28 15:00:00,80,80,43,,4,9,0,80,,,,,
Tangerang,Tangerang Pasir Jaya,2026-04-28 15:00:00,96,96,47,,58,63,0,64,,,,,
Bekasi,Bekasi Kayuringin,2026-04-28 15:00:00,56,56,31,,79,15,0,23,,,,,
Jakarta,The Pakubuwono Menteng,2026-04-28 15:47:02,97,97,34,73,,,,,51,32.59,,,
Depok,Cinere - Nafas,2026-04-28 15:46:57,130,130,52,92,,,,,0,0,,,
Bogor,Kabupaten Bogor Leuwiliang,2026-04-28 15:00:00,80,80,43,,4,9,0,80,,,,,
Tangerang,Tangerang Pasir Jaya,2026-04-28 15:00:00,96,96,47,,58,63,0,64,,,,,
Bekasi,Bekasi Kayuringin,2026-04-28 15:00:00,56,56,31,,79,15,0,23,,,,,
Jakarta,The Pakubuwono Menteng,2026-04-28 15:48:02,96,96,33,72,,,,,51,32.59,,,
Depok,Cinere - Nafas,2026-04-28 15:47:57,134,134,52,94,,,,,0,0,,,
Bogor,Kabupaten Bogor Leuwiliang,2026-04-28 15:00:00,80,80,43,,4,9,0,80,,,,,
Tangerang,Tangerang Pasir Jaya,2026-04-28 15:00:00,96,96,47,,58,63,0,64,,,,,
Bekasi,Bekasi Kayuringin,2026-04-28 15:00:00,56,56,31,,79,15,0,23,,,,,
Jakarta,The Pakubuwono Menteng,2026-04-28 15:49:02,98,98,35,75,,,,,51,32.5,,,
Depok,Cinere - Nafas,2026-04-28 15:48:57,136,136,54,96,,,,,0,0,,,
Bogor,Kabupaten Bogor Leuwiliang,2026-04-28 15:00:00,80,80,43,,4,9,0,80,,,,,
Tangerang,Tangerang Pasir Jaya,2026-04-28 15:00:00,96,96,47,,58,63,0,64,,,,,
Bekasi,Bekasi Kayuringin,2026-04-28 15:00:00,56,56,31,,79,15,0,23,,,,,
Jakarta,The Pakubuwono Menteng,2026-04-28 15:50:02,93,93,33,74,,,,,51,32.5,,,
Depok,Cinere - Nafas,2026-04-28 15:49:57,143,143,56,100,,,,,0,0,,,
Bogor,Kabupaten Bogor Leuwiliang,2026-04-28 15:00:00,80,80,43,,4,9,0,80,,,,,
Tangerang,Tangerang Pasir Jaya,2026-04-28 15:00:00,96,96,47,,58,63,0,64,,,,,
Bekasi,Bekasi Kayuringin,2026-04-28 15:00:00,56,56,31,,79,15,0,23,,,,,
Jakarta,The Pakubuwono Menteng,2026-04-28 15:52:02,94,94,32,72,,,,,51,32.4,,,
Depok,Cinere - Nafas,2026-04-28 15:51:57,152,152,58,110,,,,,0,0,,,
Bogor,Kabupaten Bogor Leuwiliang,2026-04-28 15:00:00,80,80,43,,4,9,0,80,,,,,
Tangerang,Tangerang Pasir Jaya,2026-04-28 15:00:00,96,96,47,,58,63,0,64,,,,,
Bekasi,Bekasi Kayuringin,2026-04-28 15:00:00,56,56,31,,79,15,0,23,,,,,
Jakarta,The Pakubuwono Menteng,2026-04-28 15:54:02,93,93,33,72,,,,,51,32.4,,,
Depok,Cinere - Nafas,2026-04-28 15:53:57,146,146,55,99,,,,,0,0,,,
Bogor,Kabupaten Bogor Leuwiliang,2026-04-28 15:00:00,80,80,43,,4,9,0,80,,,,,
Tangerang,Tangerang Pasir Jaya,2026-04-28 15:00:00,96,96,47,,58,63,0,64,,,,,
Bekasi,Bekasi Kayuringin,2026-04-28 15:00:00,56,56,31,,79,15,0,23,,,,,
Jakarta,The Pakubuwono Menteng,2026-04-28 15:55:02,99,99,38,73,,,,,51,32.3,,,
Depok,Cinere - Nafas,2026-04-28 15:54:57,142,142,55,95,,,,,0,0,,,
Bogor,Kabupaten Bogor Leuwiliang,2026-04-28 15:00:00,80,80,43,,4,9,0,80,,,,,
Tangerang,Tangerang Pasir Jaya,2026-04-28 15:00:00,96,96,47,,58,63,0,64,,,,,
Bekasi,Bekasi Kayuringin,2026-04-28 15:00:00,56,56,31,,79,15,0,23,,,,,
Jakarta,The Pakubuwono Menteng,2026-04-28 15:56:02,98,98,35,71,,,,,51,32.3,,,
Depok,Cinere - Nafas,2026-04-28 15:55:57,140,140,54,97,,,,,0,0,,,
Bogor,Kabupaten Bogor Leuwiliang,2026-04-28 15:00:00,80,80,43,,4,9,0,80,,,,,
Tangerang,Tangerang Pasir Jaya,2026-04-28 15:00:00,96,96,47,,58,63,0,64,,,,,
Bekasi,Bekasi Kayuringin,2026-04-28 15:00:00,56,56,31,,79,15,0,23,,,,,
Jakarta,The Pakubuwono Menteng,2026-04-28 15:56:02,98,98,35,71,,,,,51,32.3,,,
Depok,Cinere - Nafas,2026-04-28 15:55:57,140,140,54,97,,,,,0,0,,,
Bogor,Kabupaten Bogor Leuwiliang,2026-04-28 15:00:00,80,80,43,,4,9,0,80,,,,,
Tangerang,Tangerang Pasir Jaya,2026-04-28 15:00:00,96,96,47,,58,63,0,64,,,,,
Bekasi,Bekasi Kayuringin,2026-04-28 15:00:00,56,56,31,,79,15,0,23,,,,,
Jakarta,The Pakubuwono Menteng,2026-04-28 15:58:02,98,98,35,75,,,,,52,32.2,,,
Depok,Cinere - Nafas,2026-04-28 15:57:57,136,136,54,96,,,,,0,0,,,
Bogor,Kabupaten Bogor Leuwiliang,2026-04-28 15:00:00,80,80,43,,4,9,0,80,,,,,
Tangerang,Tangerang Pasir Jaya,2026-04-28 15:00:00,96,96,47,,58,63,0,64,,,,,
Bekasi,Bekasi Kayuringin,2026-04-28 15:00:00,56,56,31,,79,15,0,23,,,,,
Jakarta,The Pakubuwono Menteng,2026-04-28 15:59:02,92,92,33,71,,,,,52,32.09,,,
Depok,Cinere - Nafas,2026-04-28 15:58:58,130,130,53,89,,,,,0,0,,,
Bogor,Kabupaten Bogor Leuwiliang,2026-04-28 15:00:00,80,80,43,,4,9,0,80,,,,,
Tangerang,Tangerang Pasir Jaya,2026-04-28 15:00:00,96,96,47,,58,63,0,64,,,,,
Bekasi,Bekasi Kayuringin,2026-04-28 15:00:00,56,56,31,,79,15,0,23,,,,,
Jakarta,The Pakubuwono Menteng,2026-04-28 16:00:02,93,93,33,72,,,,,52,32,,,
Depok,Cinere - Nafas,2026-04-28 15:59:57,132,132,52,94,,,,,0,0,,,
Bogor,Kabupaten Bogor Leuwiliang,2026-04-28 15:00:00,80,80,43,,4,9,0,80,,,,,
Tangerang,Tangerang Pasir Jaya,2026-04-28 15:00:00,96,96,47,,58,63,0,64,,,,,
Bekasi,Bekasi Kayuringin,2026-04-28 15:00:00,56,56,31,,79,15,0,23,,,,,
Jakarta,The Pakubuwono Menteng,2026-04-28 16:01:02,97,97,34,72,,,,,52,32,,,
Depok,Cinere - Nafas,2026-04-28 16:00:57,126,126,51,89,,,,,0,0,,,
Bogor,Kabupaten Bogor Leuwiliang,2026-04-28 15:00:00,80,80,43,,4,9,0,80,,,,,
Tangerang,Tangerang Pasir Jaya,2026-04-28 15:00:00,96,96,47,,58,63,0,64,,,,,
Bekasi,Bekasi Kayuringin,2026-04-28 15:00:00,56,56,31,,79,15,0,23,,,,,
Jakarta,The Pakubuwono Menteng,2026-04-28 16:02:03,89,89,30,71,,,,,53,31.9,,,
Depok,Cinere - Nafas,2026-04-28 16:01:58,127,127,51,90,,,,,0,0,,,
Bogor,Kabupaten Bogor Leuwiliang,2026-04-28 15:00:00,80,80,43,,4,9,0,80,,,,,
Tangerang,Tangerang Pasir Jaya,2026-04-28 15:00:00,96,96,47,,58,63,0,64,,,,,
Bekasi,Bekasi Kayuringin,2026-04-28 15:00:00,56,56,31,,79,15,0,23,,,,,
Jakarta,The Pakubuwono Menteng,2026-04-28 16:05:02,94,94,32,71,,,,,53,31.7,,,
Depok,Cinere - Nafas,2026-04-28 16:04:57,132,132,53,96,,,,,0,0,,,
Bogor,Kabupaten Bogor Leuwiliang,2026-04-28 15:00:00,80,80,43,,4,9,0,80,,,,,
Tangerang,Tangerang Pasir Jaya,2026-04-28 15:00:00,96,96,47,,58,63,0,64,,,,,
Bekasi,Bekasi Kayuringin,2026-04-28 15:00:00,56,56,31,,79,15,0,23,,,,,
Jakarta,The Pakubuwono Menteng,2026-04-28 16:05:02,94,94,32,71,,,,,53,31.7,,,
Depok,Cinere - Nafas,2026-04-28 16:04:57,132,132,53,96,,,,,0,0,,,
Bogor,Kabupaten Bogor Leuwiliang,2026-04-28 15:00:00,80,80,43,,4,9,0,80,,,,,
Tangerang,Tangerang Pasir Jaya,2026-04-28 15:00:00,96,96,47,,58,63,0,64,,,,,
Bekasi,Bekasi Kayuringin,2026-04-28 15:00:00,56,56,31,,79,15,0,23,,,,,
Jakarta,The Pakubuwono Menteng,2026-04-28 16:06:02,92,92,32,71,,,,,53,31.6,,,
Depok,Cinere - Nafas,2026-04-28 16:05:57,136,136,53,95,,,,,0,0,,,
Bogor,Kabupaten Bogor Leuwiliang,2026-04-28 15:00:00,80,80,43,,4,9,0,80,,,,,
Tangerang,Tangerang Pasir Jaya,2026-04-28 15:00:00,96,96,47,,58,63,0,64,,,,,
Bekasi,Bekasi Kayuringin,2026-04-28 15:00:00,56,56,31,,79,15,0,23,,,,,
Jakarta,The Pakubuwono Menteng,2026-04-28 16:07:03,91,91,31,70,,,,,53,31.6,,,
Depok,Cinere - Nafas,2026-04-28 16:06:57,132,132,52,92,,,,,0,0,,,
Bogor,Kabupaten Bogor Leuwiliang,2026-04-28 15:00:00,80,80,43,,4,9,0,80,,,,,
Tangerang,Tangerang Pasir Jaya,2026-04-28 15:00:00,96,96,47,,58,63,0,64,,,,,
Bekasi,Bekasi Kayuringin,2026-04-28 15:00:00,56,56,31,,79,15,0,23,,,,,
Jakarta,The Pakubuwono Menteng,2026-04-28 16:08:03,91,91,33,70,,,,,53,31.6,,,
Depok,Cinere - Nafas,2026-04-28 16:07:58,128,128,51,92,,,,,0,0,,,
Bogor,Kabupaten Bogor Leuwiliang,2026-04-28 16:00:00,81,81,44,,4,9,0,80,,,,,
Tangerang,Tangerang Pasir Jaya,2026-04-28 16:00:00,97,97,47,,58,63,0,64,,,,,
Bekasi,Bekasi Kayuringin,2026-04-28 16:00:00,56,56,32,,79,15,0,23,,,,,
Jakarta,The Pakubuwono Menteng,2026-04-28 16:09:03,93,93,31,70,,,,,54,31.6,,,
Depok,Cinere - Nafas,2026-04-28 16:08:57,119,119,48,88,,,,,0,0,,,
Bogor,Kabupaten Bogor Leuwiliang,2026-04-28 16:00:00,81,81,44,,4,9,0,80,,,,,
Tangerang,Tangerang Pasir Jaya,2026-04-28 16:00:00,97,97,47,,58,63,0,64,,,,,
Bekasi,Bekasi Kayuringin,2026-04-28 16:00:00,56,56,32,,79,15,0,23,,,,,
Jakarta,The Pakubuwono Menteng,2026-04-28 16:11:03,93,93,34,72,,,,,54,31.6,,,
Depok,Cinere - Nafas,2026-04-28 16:10:57,113,113,45,84,,,,,0,0,,,
Bogor,Kabupaten Bogor Leuwiliang,2026-04-28 16:00:00,81,81,44,,4,9,0,80,,,,,
Tangerang,Tangerang Pasir Jaya,2026-04-28 16:00:00,97,97,47,,58,63,0,64,,,,,
Bekasi,Bekasi Kayuringin,2026-04-28 16:00:00,56,56,32,,79,15,0,23,,,,,
Jakarta,The Pakubuwono Menteng,2026-04-28 16:12:03,89,89,32,70,,,,,54,31.6,,,
Depok,Cinere - Nafas,2026-04-28 16:12:58,113,113,44,83,,,,,0,0,,,
Bogor,Kabupaten Bogor Leuwiliang,2026-04-28 16:00:00,81,81,44,,4,9,0,80,,,,,
Tangerang,Tangerang Pasir Jaya,2026-04-28 16:00:00,97,97,47,,58,63,0,64,,,,,
Bekasi,Bekasi Kayuringin,2026-04-28 16:00:00,56,56,32,,79,15,0,23,,,,,
Jakarta,The Pakubuwono Menteng,2026-04-28 16:13:03,87,87,27,66,,,,,54,31.5,,,
Depok,Cinere - Nafas,2026-04-28 16:13:57,113,113,44,84,,,,,0,0,,,
Bogor,Kabupaten Bogor Leuwiliang,2026-04-28 16:00:00,81,81,44,,4,9,0,80,,,,,
Tangerang,Tangerang Pasir Jaya,2026-04-28 16:00:00,97,97,47,,58,63,0,64,,,,,
Bekasi,Bekasi Kayuringin,2026-04-28 16:00:00,56,56,32,,79,15,0,23,,,,,
Jakarta,The Pakubuwono Menteng,2026-04-28 16:15:03,87,87,29,68,,,,,55,31.5,,,
Depok,Cinere - Nafas,2026-04-28 16:14:57,113,113,45,80,,,,,0,0,,,
Bogor,Kabupaten Bogor Leuwiliang,2026-04-28 16:00:00,81,81,44,,4,9,0,80,,,,,
Tangerang,Tangerang Pasir Jaya,2026-04-28 16:00:00,97,97,47,,58,63,0,64,,,,,
Bekasi,Bekasi Kayuringin,2026-04-28 16:00:00,56,56,32,,79,15,0,23,,,,,
Jakarta,The Pakubuwono Menteng,2026-04-28 16:16:06,91,91,31,70,,,,,55,31.5,,,
Depok,Cinere - Nafas,2026-04-28 16:15:58,113,113,47,81,,,,,0,0,,,
Bogor,Kabupaten Bogor Leuwiliang,2026-04-28 16:00:00,81,81,44,,4,9,0,80,,,,,
Tangerang,Tangerang Pasir Jaya,2026-04-28 16:00:00,97,97,47,,58,63,0,64,,,,,
Bekasi,Bekasi Kayuringin,2026-04-28 16:00:00,56,56,32,,79,15,0,23,,,,,
Jakarta,The Pakubuwono Menteng,2026-04-28 16:17:03,83,83,27,68,,,,,55,31.5,,,
Depok,Cinere - Nafas,2026-04-28 16:16:58,108,108,45,79,,,,,0,0,,,
Bogor,Kabupaten Bogor Leuwiliang,2026-04-28 16:00:00,81,81,44,,4,9,0,80,,,,,
Tangerang,Tangerang Pasir Jaya,2026-04-28 16:00:00,97,97,47,,58,63,0,64,,,,,
Bekasi,Bekasi Kayuringin,2026-04-28 16:00:00,56,56,32,,79,15,0,23,,,,,
Jakarta,The Pakubuwono Menteng,2026-04-28 16:18:03,91,91,32,70,,,,,55,31.5,,,
Depok,Cinere - Nafas,2026-04-28 16:17:57,109,109,42,80,,,,,0,0,,,
Bogor,Kabupaten Bogor Leuwiliang,2026-04-28 16:00:00,81,81,44,,4,9,0,80,,,,,
Tangerang,Tangerang Pasir Jaya,2026-04-28 16:00:00,97,97,47,,58,63,0,64,,,,,
Bekasi,Bekasi Kayuringin,2026-04-28 16:00:00,56,56,32,,79,15,0,23,,,,,
Jakarta,The Pakubuwono Menteng,2026-04-28 16:19:03,84,84,26,66,,,,,54,31.4,,,
Depok,Cinere - Nafas,2026-04-28 16:18:58,111,111,44,80,,,,,0,0,,,
Bogor,Kabupaten Bogor Leuwiliang,2026-04-28 16:00:00,81,81,44,,4,9,0,80,,,,,
Tangerang,Tangerang Pasir Jaya,2026-04-28 16:00:00,97,97,47,,58,63,0,64,,,,,
Bekasi,Bekasi Kayuringin,2026-04-28 16:00:00,56,56,32,,79,15,0,23,,,,,
Jakarta,The Pakubuwono Menteng,2026-04-28 16:20:03,84,84,27,64,,,,,55,31.4,,,
Depok,Cinere - Nafas,2026-04-28 16:19:58,116,116,46,83,,,,,0,0,,,
Bogor,Kabupaten Bogor Leuwiliang,2026-04-28 16:00:00,81,81,44,,4,9,0,80,,,,,
Tangerang,Tangerang Pasir Jaya,2026-04-28 16:00:00,97,97,47,,58,63,0,64,,,,,
Bekasi,Bekasi Kayuringin,2026-04-28 16:00:00,56,56,32,,79,15,0,23,,,,,
Jakarta,The Pakubuwono Menteng,2026-04-28 16:21:03,83,83,27,65,,,,,55,31.4,,,
Depok,Cinere - Nafas,2026-04-28 16:20:58,113,113,45,80,,,,,0,0,,,
Bogor,Kabupaten Bogor Leuwiliang,2026-04-28 16:00:00,81,81,44,,4,9,0,80,,,,,
Tangerang,Tangerang Pasir Jaya,2026-04-28 16:00:00,97,97,47,,58,63,0,64,,,,,
Bekasi,Bekasi Kayuringin,2026-04-28 16:00:00,56,56,32,,79,15,0,23,,,,,
Jakarta,The Pakubuwono Menteng,2026-04-28 16:24:03,83,83,25,63,,,,,55,31.4,,,
Depok,Cinere - Nafas,2026-04-28 16:23:58,112,112,44,81,,,,,0,0,,,
Bogor,Kabupaten Bogor Leuwiliang,2026-04-28 16:00:00,81,81,44,,4,9,0,80,,,,,
Tangerang,Tangerang Pasir Jaya,2026-04-28 16:00:00,97,97,47,,58,63,0,64,,,,,
Bekasi,Bekasi Kayuringin,2026-04-28 16:00:00,56,56,32,,79,15,0,23,,,,,
Jakarta,The Pakubuwono Menteng,2026-04-28 16:25:03,87,87,28,66,,,,,55,31.3,,,
Depok,Cinere - Nafas,2026-04-28 16:24:58,113,113,46,79,,,,,0,0,,,
Bogor,Kabupaten Bogor Leuwiliang,2026-04-28 16:00:00,81,81,44,,4,9,0,80,,,,,
Tangerang,Tangerang Pasir Jaya,2026-04-28 16:00:00,97,97,47,,58,63,0,64,,,,,
Bekasi,Bekasi Kayuringin,2026-04-28 16:00:00,56,56,32,,79,15,0,23,,,,,
Jakarta,The Pakubuwono Menteng,2026-04-28 16:26:03,87,87,27,69,,,,,55,31.3,,,
Depok,Cinere - Nafas,2026-04-28 16:25:58,111,111,46,83,,,,,0,0,,,
Bogor,Kabupaten Bogor Leuwiliang,2026-04-28 16:00:00,81,81,44,,4,9,0,80,,,,,
Tangerang,Tangerang Pasir Jaya,2026-04-28 16:00:00,97,97,47,,58,63,0,64,,,,,
Bekasi,Bekasi Kayuringin,2026-04-28 16:00:00,56,56,32,,79,15,0,23,,,,,
Jakarta,The Pakubuwono Menteng,2026-04-28 16:26:03,87,87,27,69,,,,,55,31.3,,,
Depok,Cinere - Nafas,2026-04-28 16:25:58,111,111,46,83,,,,,0,0,,,
Bogor,Kabupaten Bogor Leuwiliang,2026-04-28 16:00:00,81,81,44,,4,9,0,80,,,,,
Tangerang,Tangerang Pasir Jaya,2026-04-28 16:00:00,97,97,47,,58,63,0,64,,,,,
Bekasi,Bekasi Kayuringin,2026-04-28 16:00:00,56,56,32,,79,15,0,23,,,,,
Jakarta,The Pakubuwono Menteng,2026-04-28 16:27:03,81,81,25,65,,,,,55,31.3,,,
Depok,Cinere - Nafas,2026-04-28 16:26:58,115,115,45,83,,,,,0,0,,,
Bogor,Kabupaten Bogor Leuwiliang,2026-04-28 16:00:00,81,81,44,,4,9,0,80,,,,,
Tangerang,Tangerang Pasir Jaya,2026-04-28 16:00:00,97,97,47,,58,63,0,64,,,,,
Bekasi,Bekasi Kayuringin,2026-04-28 16:00:00,56,56,32,,79,15,0,23,,,,,
Jakarta,The Pakubuwono Menteng,2026-04-28 16:28:03,83,83,28,63,,,,,56,31.3,,,
Depok,Cinere - Nafas,2026-04-28 16:27:58,120,120,47,85,,,,,0,0,,,
Bogor,Kabupaten Bogor Leuwiliang,2026-04-28 16:00:00,81,81,44,,4,9,0,80,,,,,
Tangerang,Tangerang Pasir Jaya,2026-04-28 16:00:00,97,97,47,,58,63,0,64,,,,,
Bekasi,Bekasi Kayuringin,2026-04-28 16:00:00,56,56,32,,79,15,0,23,,,,,
Jakarta,The Pakubuwono Menteng,2026-04-28 16:30:03,82,82,25,64,,,,,56,31.3,,,
Depok,Cinere - Nafas,2026-04-28 16:29:58,125,125,50,85,,,,,0,0,,,
Bogor,Kabupaten Bogor Leuwiliang,2026-04-28 16:00:00,81,81,44,,4,9,0,80,,,,,
Tangerang,Tangerang Pasir Jaya,2026-04-28 16:00:00,97,97,47,,58,63,0,64,,,,,
Bekasi,Bekasi Kayuringin,2026-04-28 16:00:00,56,56,32,,79,15,0,23,,,,,
Jakarta,The Pakubuwono Menteng,2026-04-28 16:31:03,83,83,26,65,,,,,55,31.3,,,
Depok,Cinere - Nafas,2026-04-28 16:30:58,120,120,50,84,,,,,0,0,,,
Bogor,Kabupaten Bogor Leuwiliang,2026-04-28 16:00:00,81,81,44,,4,9,0,80,,,,,
Tangerang,Tangerang Pasir Jaya,2026-04-28 16:00:00,97,97,47,,58,63,0,64,,,,,
Bekasi,Bekasi Kayuringin,2026-04-28 16:00:00,56,56,32,,79,15,0,23,,,,,
Jakarta,The Pakubuwono Menteng,2026-04-28 16:33:03,86,86,27,67,,,,,55,31.3,,,
Depok,Cinere - Nafas,2026-04-28 16:32:58,116,116,47,83,,,,,0,0,,,
Bogor,Kabupaten Bogor Leuwiliang,2026-04-28 16:00:00,81,81,44,,4,9,0,80,,,,,
Tangerang,Tangerang Pasir Jaya,2026-04-28 16:00:00,97,97,47,,58,63,0,64,,,,,
Bekasi,Bekasi Kayuringin,2026-04-28 16:00:00,56,56,32,,79,15,0,23,,,,,
Jakarta,The Pakubuwono Menteng,2026-04-28 16:34:03,85,85,26,68,,,,,55,31.3,,,
Depok,Cinere - Nafas,2026-04-28 16:33:58,113,113,45,84,,,,,0,0,,,
Bogor,Kabupaten Bogor Leuwiliang,2026-04-28 16:00:00,81,81,44,,4,9,0,80,,,,,
Tangerang,Tangerang Pasir Jaya,2026-04-28 16:00:00,97,97,47,,58,63,0,64,,,,,
Bekasi,Bekasi Kayuringin,2026-04-28 16:00:00,56,56,32,,79,15,0,23,,,,,
Jakarta,The Pakubuwono Menteng,2026-04-28 16:35:03,82,82,25,64,,,,,55,31.3,,,
Depok,Cinere - Nafas,2026-04-28 16:34:58,118,118,47,83,,,,,0,0,,,
Bogor,Kabupaten Bogor Leuwiliang,2026-04-28 16:00:00,81,81,44,,4,9,0,80,,,,,
Tangerang,Tangerang Pasir Jaya,2026-04-28 16:00:00,97,97,47,,58,63,0,64,,,,,
Bekasi,Bekasi Kayuringin,2026-04-28 16:00:00,56,56,32,,79,15,0,23,,,,,
Jakarta,The Pakubuwono Menteng,2026-04-28 16:36:03,82,82,27,66,,,,,55,31.3,,,
Depok,Cinere - Nafas,2026-04-28 16:35:58,117,117,45,83,,,,,0,0,,,
Bogor,Kabupaten Bogor Leuwiliang,2026-04-28 16:00:00,81,81,44,,4,9,0,80,,,,,
Tangerang,Tangerang Pasir Jaya,2026-04-28 16:00:00,97,97,47,,58,63,0,64,,,,,
Bekasi,Bekasi Kayuringin,2026-04-28 16:00:00,56,56,32,,79,15,0,23,,,,,
Jakarta,The Pakubuwono Menteng,2026-04-28 16:38:03,80,80,24,65,,,,,55,31.3,,,
Depok,Cinere - Nafas,2026-04-28 16:37:58,118,118,46,84,,,,,0,0,,,
Bogor,Kabupaten Bogor Leuwiliang,2026-04-28 16:00:00,81,81,44,,4,9,0,80,,,,,
Tangerang,Tangerang Pasir Jaya,2026-04-28 16:00:00,97,97,47,,58,63,0,64,,,,,
Bekasi,Bekasi Kayuringin,2026-04-28 16:00:00,56,56,32,,79,15,0,23,,,,,
Jakarta,The Pakubuwono Menteng,2026-04-28 16:39:03,81,81,26,64,,,,,55,31.3,,,
Depok,Cinere - Nafas,2026-04-28 16:38:58,121,121,50,86,,,,,0,0,,,
Bogor,Kabupaten Bogor Leuwiliang,2026-04-28 16:00:00,81,81,44,,4,9,0,80,,,,,
Tangerang,Tangerang Pasir Jaya,2026-04-28 16:00:00,97,97,47,,58,63,0,64,,,,,
Bekasi,Bekasi Kayuringin,2026-04-28 16:00:00,56,56,32,,79,15,0,23,,,,,
Jakarta,The Pakubuwono Menteng,2026-04-28 16:40:03,85,85,27,66,,,,,55,31.4,,,
Depok,Cinere - Nafas,2026-04-28 16:39:58,130,130,52,89,,,,,0,0,,,
Bogor,Kabupaten Bogor Leuwiliang,2026-04-28 16:00:00,81,81,44,,4,9,0,80,,,,,
Tangerang,Tangerang Pasir Jaya,2026-04-28 16:00:00,97,97,47,,58,63,0,64,,,,,
Bekasi,Bekasi Kayuringin,2026-04-28 16:00:00,56,56,32,,79,15,0,23,,,,,
Jakarta,The Pakubuwono Menteng,2026-04-28 16:40:03,85,85,27,66,,,,,55,31.4,,,
Depok,Cinere - Nafas,2026-04-28 16:40:58,133,133,53,90,,,,,0,0,,,
Bogor,Kabupaten Bogor Leuwiliang,2026-04-28 16:00:00,81,81,44,,4,9,0,80,,,,,
Tangerang,Tangerang Pasir Jaya,2026-04-28 16:00:00,97,97,47,,58,63,0,64,,,,,
Bekasi,Bekasi Kayuringin,2026-04-28 16:00:00,56,56,32,,79,15,0,23,,,,,
Jakarta,The Pakubuwono Menteng,2026-04-28 16:42:03,83,83,26,66,,,,,55,31.4,,,
Depok,Cinere - Nafas,2026-04-28 16:41:58,134,134,53,90,,,,,0,0,,,
Bogor,Kabupaten Bogor Leuwiliang,2026-04-28 16:00:00,81,81,44,,4,9,0,80,,,,,
Tangerang,Tangerang Pasir Jaya,2026-04-28 16:00:00,97,97,47,,58,63,0,64,,,,,
Bekasi,Bekasi Kayuringin,2026-04-28 16:00:00,56,56,32,,79,15,0,23,,,,,
Jakarta,The Pakubuwono Menteng,2026-04-28 16:44:03,87,87,29,66,,,,,55,31.4,,,
Depok,Cinere - Nafas,2026-04-28 16:43:58,136,136,54,94,,,,,0,0,,,
Bogor,Kabupaten Bogor Leuwiliang,2026-04-28 16:00:00,81,81,44,,4,9,0,80,,,,,
Tangerang,Tangerang Pasir Jaya,2026-04-28 16:00:00,97,97,47,,58,63,0,64,,,,,
Bekasi,Bekasi Kayuringin,2026-04-28 16:00:00,56,56,32,,79,15,0,23,,,,,
Jakarta,The Pakubuwono Menteng,2026-04-28 16:45:03,79,79,26,57,,,,,55,31.4,,,
Depok,Cinere - Nafas,2026-04-28 16:44:59,142,142,56,96,,,,,0,0,,,
Bogor,Kabupaten Bogor Leuwiliang,2026-04-28 16:00:00,81,81,44,,4,9,0,80,,,,,
Tangerang,Tangerang Pasir Jaya,2026-04-28 16:00:00,97,97,47,,58,63,0,64,,,,,
Bekasi,Bekasi Kayuringin,2026-04-28 16:00:00,56,56,32,,79,15,0,23,,,,,
Jakarta,The Pakubuwono Menteng,2026-04-28 16:46:03,78,78,24,61,,,,,55,31.4,,,
Depok,Cinere - Nafas,2026-04-28 16:45:58,138,138,54,94,,,,,0,0,,,
Bogor,Kabupaten Bogor Leuwiliang,2026-04-28 16:00:00,81,81,44,,4,9,0,80,,,,,
Tangerang,Tangerang Pasir Jaya,2026-04-28 16:00:00,97,97,47,,58,63,0,64,,,,,
Bekasi,Bekasi Kayuringin,2026-04-28 16:00:00,56,56,32,,79,15,0,23,,,,,
Jakarta,The Pakubuwono Menteng,2026-04-28 16:47:04,80,80,26,63,,,,,55,31.4,,,
Depok,Cinere - Nafas,2026-04-28 16:46:58,141,141,54,96,,,,,0,0,,,
Bogor,Kabupaten Bogor Leuwiliang,2026-04-28 16:00:00,81,81,44,,4,9,0,80,,,,,
Tangerang,Tangerang Pasir Jaya,2026-04-28 16:00:00,97,97,47,,58,63,0,64,,,,,
Bekasi,Bekasi Kayuringin,2026-04-28 16:00:00,56,56,32,,79,15,0,23,,,,,
Jakarta,The Pakubuwono Menteng,2026-04-28 16:48:03,83,83,26,63,,,,,55,31.3,,,
Depok,Cinere - Nafas,2026-04-28 16:47:58,141,141,55,96,,,,,0,0,,,
Bogor,Kabupaten Bogor Leuwiliang,2026-04-28 16:00:00,81,81,44,,4,9,0,80,,,,,
Tangerang,Tangerang Pasir Jaya,2026-04-28 16:00:00,97,97,47,,58,63,0,64,,,,,
Bekasi,Bekasi Kayuringin,2026-04-28 16:00:00,56,56,32,,79,15,0,23,,,,,
Jakarta,The Pakubuwono Menteng,2026-04-28 16:49:03,79,79,25,63,,,,,55,31.3,,,
Depok,Cinere - Nafas,2026-04-28 16:48:59,140,140,55,96,,,,,0,0,,,
Bogor,Kabupaten Bogor Leuwiliang,2026-04-28 16:00:00,81,81,44,,4,9,0,80,,,,,
Tangerang,Tangerang Pasir Jaya,2026-04-28 16:00:00,97,97,47,,58,63,0,64,,,,,
Bekasi,Bekasi Kayuringin,2026-04-28 16:00:00,56,56,32,,79,15,0,23,,,,,
Jakarta,The Pakubuwono Menteng,2026-04-28 16:50:04,85,85,27,66,,,,,55,31.3,,,
Depok,Cinere - Nafas,2026-04-28 16:51:58,96,96,36,72,,,,,0,0,,,
Bogor,Kabupaten Bogor Leuwiliang,2026-04-28 16:00:00,81,81,44,,4,9,0,80,,,,,
Tangerang,Tangerang Pasir Jaya,2026-04-28 16:00:00,97,97,47,,58,63,0,64,,,,,
Bekasi,Bekasi Kayuringin,2026-04-28 16:00:00,56,56,32,,79,15,0,23,,,,,
Jakarta,The Pakubuwono Menteng,2026-04-28 16:53:04,83,83,26,62,,,,,56,31.3,,,
Depok,Cinere - Nafas,2026-04-28 16:52:59,91,91,30,68,,,,,0,0,,,
Bogor,Kabupaten Bogor Leuwiliang,2026-04-28 16:00:00,81,81,44,,4,9,0,80,,,,,
Tangerang,Tangerang Pasir Jaya,2026-04-28 16:00:00,97,97,47,,58,63,0,64,,,,,
Bekasi,Bekasi Kayuringin,2026-04-28 16:00:00,56,56,32,,79,15,0,23,,,,,
Jakarta,The Pakubuwono Menteng,2026-04-28 16:54:04,79,79,25,62,,,,,56,31.2,,,
Depok,Cinere - Nafas,2026-04-28 16:53:58,88,88,29,69,,,,,0,0,,,
Bogor,Kabupaten Bogor Leuwiliang,2026-04-28 16:00:00,81,81,44,,4,9,0,80,,,,,
Tangerang,Tangerang Pasir Jaya,2026-04-28 16:00:00,97,97,47,,58,63,0,64,,,,,
Bekasi,Bekasi Kayuringin,2026-04-28 16:00:00,56,56,32,,79,15,0,23,,,,,
Jakarta,The Pakubuwono Menteng,2026-04-28 16:54:04,79,79,25,62,,,,,56,31.2,,,
Depok,Cinere - Nafas,2026-04-28 16:53:58,88,88,29,69,,,,,0,0,,,
Bogor,Kabupaten Bogor Leuwiliang,2026-04-28 16:00:00,81,81,44,,4,9,0,80,,,,,
Tangerang,Tangerang Pasir Jaya,2026-04-28 16:00:00,97,97,47,,58,63,0,64,,,,,
Bekasi,Bekasi Kayuringin,2026-04-28 16:00:00,56,56,32,,79,15,0,23,,,,,
Jakarta,The Pakubuwono Menteng,2026-04-28 16:55:04,80,80,25,64,,,,,55,31.2,,,
Depok,Cinere - Nafas,2026-04-28 16:54:58,95,95,33,72,,,,,0,0,,,
Bogor,Kabupaten Bogor Leuwiliang,2026-04-28 16:00:00,81,81,44,,4,9,0,80,,,,,
Tangerang,Tangerang Pasir Jaya,2026-04-28 16:00:00,97,97,47,,58,63,0,64,,,,,
Bekasi,Bekasi Kayuringin,2026-04-28 16:00:00,56,56,32,,79,15,0,23,,,,,
Jakarta,The Pakubuwono Menteng,2026-04-28 16:56:04,82,82,26,63,,,,,56,31.2,,,
Depok,Cinere - Nafas,2026-04-28 16:55:59,110,110,44,79,,,,,0,0,,,
Bogor,Kabupaten Bogor Leuwiliang,2026-04-28 16:00:00,81,81,44,,4,9,0,80,,,,,
Tangerang,Tangerang Pasir Jaya,2026-04-28 16:00:00,97,97,47,,58,63,0,64,,,,,
Bekasi,Bekasi Kayuringin,2026-04-28 16:00:00,56,56,32,,79,15,0,23,,,,,
Jakarta,The Pakubuwono Menteng,2026-04-28 16:57:04,80,80,24,63,,,,,56,31.2,,,
Depok,Cinere - Nafas,2026-04-28 16:56:59,102,102,40,75,,,,,0,0,,,
Bogor,Kabupaten Bogor Leuwiliang,2026-04-28 16:00:00,81,81,44,,4,9,0,80,,,,,
Tangerang,Tangerang Pasir Jaya,2026-04-28 16:00:00,97,97,47,,58,63,0,64,,,,,
Bekasi,Bekasi Kayuringin,2026-04-28 16:00:00,56,56,32,,79,15,0,23,,,,,
Jakarta,The Pakubuwono Menteng,2026-04-28 16:59:04,86,86,26,67,,,,,56,31.2,,,
Depok,Cinere - Nafas,2026-04-28 16:58:59,107,107,43,78,,,,,0,0,,,
Bogor,Kabupaten Bogor Leuwiliang,2026-04-28 16:00:00,81,81,44,,4,9,0,80,,,,,
Tangerang,Tangerang Pasir Jaya,2026-04-28 16:00:00,97,97,47,,58,63,0,64,,,,,
Bekasi,Bekasi Kayuringin,2026-04-28 16:00:00,56,56,32,,79,15,0,23,,,,,
Jakarta,The Pakubuwono Menteng,2026-04-28 17:01:04,80,80,24,63,,,,,56,31.1,,,
Depok,Cinere - Nafas,2026-04-28 17:00:59,99,99,37,75,,,,,0,0,,,
Bogor,Kabupaten Bogor Leuwiliang,2026-04-28 16:00:00,81,81,44,,4,9,0,80,,,,,
Tangerang,Tangerang Pasir Jaya,2026-04-28 16:00:00,97,97,47,,58,63,0,64,,,,,
Bekasi,Bekasi Kayuringin,2026-04-28 16:00:00,56,56,32,,79,15,0,23,,,,,
Jakarta,The Pakubuwono Menteng,2026-04-28 17:02:04,81,81,25,64,,,,,56,31.1,,,
Depok,Cinere - Nafas,2026-04-28 17:01:59,93,93,34,70,,,,,0,0,,,
Bogor,Kabupaten Bogor Leuwiliang,2026-04-28 16:00:00,81,81,44,,4,9,0,80,,,,,
Tangerang,Tangerang Pasir Jaya,2026-04-28 16:00:00,97,97,47,,58,63,0,64,,,,,
Bekasi,Bekasi Kayuringin,2026-04-28 16:00:00,56,56,32,,79,15,0,23,,,,,
Jakarta,The Pakubuwono Menteng,2026-04-28 17:03:04,83,83,25,64,,,,,56,31.1,,,
Depok,Cinere - Nafas,2026-04-28 17:02:59,88,88,32,71,,,,,0,0,,,
Bogor,Kabupaten Bogor Leuwiliang,2026-04-28 16:00:00,81,81,44,,4,9,0,80,,,,,
Tangerang,Tangerang Pasir Jaya,2026-04-28 16:00:00,97,97,47,,58,63,0,64,,,,,
Bekasi,Bekasi Kayuringin,2026-04-28 16:00:00,56,56,32,,79,15,0,23,,,,,
Jakarta,The Pakubuwono Menteng,2026-04-28 17:04:04,80,80,26,63,,,,,56,31.1,,,
Depok,Cinere - Nafas,2026-04-28 17:03:59,91,91,30,70,,,,,0,0,,,
Bogor,Kabupaten Bogor Leuwiliang,2026-04-28 16:00:00,81,81,44,,4,9,0,80,,,,,
Tangerang,Tangerang Pasir Jaya,2026-04-28 16:00:00,97,97,47,,58,63,0,64,,,,,
Bekasi,Bekasi Kayuringin,2026-04-28 16:00:00,56,56,32,,79,15,0,23,,,,,
Jakarta,The Pakubuwono Menteng,2026-04-28 17:06:04,80,80,25,65,,,,,56,31.1,,,
Depok,Cinere - Nafas,2026-04-28 17:05:59,91,91,32,66,,,,,0,0,,,
Bogor,Kabupaten Bogor Leuwiliang,2026-04-28 16:00:00,81,81,44,,4,9,0,80,,,,,
Tangerang,Tangerang Pasir Jaya,2026-04-28 16:00:00,97,97,47,,58,63,0,64,,,,,
Bekasi,Bekasi Kayuringin,2026-04-28 16:00:00,56,56,32,,79,15,0,23,,,,,
Jakarta,The Pakubuwono Menteng,2026-04-28 17:06:04,80,80,25,65,,,,,56,31.1,,,
Depok,Cinere - Nafas,2026-04-28 17:05:59,91,91,32,66,,,,,0,0,,,
Bogor,Kabupaten Bogor Leuwiliang,2026-04-28 16:00:00,81,81,44,,4,9,0,80,,,,,
Tangerang,Tangerang Pasir Jaya,2026-04-28 16:00:00,97,97,47,,58,63,0,64,,,,,
Bekasi,Bekasi Kayuringin,2026-04-28 16:00:00,56,56,32,,79,15,0,23,,,,,
Jakarta,The Pakubuwono Menteng,2026-04-28 17:06:04,80,80,25,65,,,,,56,31.1,,,
Depok,Cinere - Nafas,2026-04-28 17:05:59,91,91,32,66,,,,,0,0,,,
Bogor,Kabupaten Bogor Leuwiliang,2026-04-28 16:00:00,81,81,44,,4,9,0,80,,,,,
Tangerang,Tangerang Pasir Jaya,2026-04-28 16:00:00,97,97,47,,58,63,0,64,,,,,
Bekasi,Bekasi Kayuringin,2026-04-28 16:00:00,56,56,32,,79,15,0,23,,,,,
Jakarta,The Pakubuwono Menteng,2026-04-28 17:06:04,80,80,25,65,,,,,56,31.1,,,
Depok,Cinere - Nafas,2026-04-28 17:05:59,91,91,32,66,,,,,0,0,,,
Bogor,Kabupaten Bogor Leuwiliang,2026-04-28 17:00:00,83,83,45,,4,9,0,80,,,,,
Tangerang,Tangerang Pasir Jaya,2026-04-28 17:00:00,97,97,48,,58,63,0,65,,,,,
Bekasi,Bekasi Kayuringin,2026-04-28 17:00:00,56,56,32,,78,15,0,23,,,,,
Jakarta,The Pakubuwono Menteng,2026-04-28 17:06:04,80,80,25,65,,,,,56,31.1,,,
Depok,Cinere - Nafas,2026-04-28 17:05:59,91,91,32,66,,,,,0,0,,,
Bogor,Kabupaten Bogor Leuwiliang,2026-04-28 17:00:00,83,83,45,,4,9,0,80,,,,,
Tangerang,Tangerang Pasir Jaya,2026-04-28 17:00:00,97,97,48,,58,63,0,65,,,,,
Bekasi,Bekasi Kayuringin,2026-04-28 17:00:00,56,56,32,,78,15,0,23,,,,,
Jakarta,The Pakubuwono Menteng,2026-04-28 17:06:04,80,80,25,65,,,,,56,31.1,,,
Depok,Cinere - Nafas,2026-04-28 17:05:59,91,91,32,66,,,,,0,0,,,
Bogor,Kabupaten Bogor Leuwiliang,2026-04-28 17:00:00,83,83,45,,4,9,0,80,,,,,
Tangerang,Tangerang Pasir Jaya,2026-04-28 17:00:00,97,97,48,,58,63,0,65,,,,,
Bekasi,Bekasi Kayuringin,2026-04-28 17:00:00,56,56,32,,78,15,0,23,,,,,
Jakarta,The Pakubuwono Menteng,2026-04-28 17:07:04,79,79,24,60,,,,,56,31,,,
Depok,Cinere - Nafas,2026-04-28 17:06:59,93,93,34,69,,,,,0,0,,,
Bogor,Kabupaten Bogor Leuwiliang,2026-04-28 17:00:00,83,83,45,,4,9,0,80,,,,,
Tangerang,Tangerang Pasir Jaya,2026-04-28 17:00:00,97,97,48,,58,63,0,65,,,,,
Bekasi,Bekasi Kayuringin,2026-04-28 17:00:00,56,56,32,,78,15,0,23,,,,,
Jakarta,The Pakubuwono Menteng,2026-04-28 17:07:04,79,79,24,60,,,,,56,31,,,
Depok,Cinere - Nafas,2026-04-28 17:06:59,93,93,34,69,,,,,0,0,,,
Bogor,Kabupaten Bogor Leuwiliang,2026-04-28 17:00:00,83,83,45,,4,9,0,80,,,,,
Tangerang,Tangerang Pasir Jaya,2026-04-28 17:00:00,97,97,48,,58,63,0,65,,,,,
Bekasi,Bekasi Kayuringin,2026-04-28 17:00:00,56,56,32,,78,15,0,23,,,,,
Jakarta,The Pakubuwono Menteng,2026-04-28 17:15:04,78,78,23,64,,,,,56,31,,,
Depok,Cinere - Nafas,2026-04-28 17:13:59,102,102,37,73,,,,,0,0,,,
Bogor,Kabupaten Bogor Leuwiliang,2026-04-28 17:00:00,83,83,45,,4,9,0,80,,,,,
Tangerang,Tangerang Pasir Jaya,2026-04-28 17:00:00,97,97,48,,58,63,0,65,,,,,
Bekasi,Bekasi Kayuringin,2026-04-28 17:00:00,56,56,32,,78,15,0,23,,,,,
Jakarta,The Pakubuwono Menteng,2026-04-28 17:16:04,83,83,25,62,,,,,56,31,,,
Depok,Cinere - Nafas,2026-04-28 17:15:59,100,100,38,74,,,,,0,0,,,
Bogor,Kabupaten Bogor Leuwiliang,2026-04-28 17:00:00,83,83,45,,4,9,0,80,,,,,
Tangerang,Tangerang Pasir Jaya,2026-04-28 17:00:00,97,97,48,,58,63,0,65,,,,,
Bekasi,Bekasi Kayuringin,2026-04-28 17:00:00,56,56,32,,78,15,0,23,,,,,
Jakarta,The Pakubuwono Menteng,2026-04-28 17:17:04,81,81,24,62,,,,,56,31,,,
Depok,Cinere - Nafas,2026-04-28 17:16:59,100,100,37,74,,,,,0,0,,,
Bogor,Kabupaten Bogor Leuwiliang,2026-04-28 17:00:00,83,83,45,,4,9,0,80,,,,,
Tangerang,Tangerang Pasir Jaya,2026-04-28 17:00:00,97,97,48,,58,63,0,65,,,,,
Bekasi,Bekasi Kayuringin,2026-04-28 17:00:00,56,56,32,,78,15,0,23,,,,,
Jakarta,The Pakubuwono Menteng,2026-04-28 17:18:04,80,80,25,59,,,,,56,31,,,
Depok,Cinere - Nafas,2026-04-28 17:18:59,106,106,40,74,,,,,0,0,,,
Bogor,Kabupaten Bogor Leuwiliang,2026-04-28 17:00:00,83,83,45,,4,9,0,80,,,,,
Tangerang,Tangerang Pasir Jaya,2026-04-28 17:00:00,97,97,48,,58,63,0,65,,,,,
Bekasi,Bekasi Kayuringin,2026-04-28 17:00:00,56,56,32,,78,15,0,23,,,,,
Jakarta,The Pakubuwono Menteng,2026-04-28 17:20:04,77,77,24,60,,,,,56,31,,,
Depok,Cinere - Nafas,2026-04-28 17:20:59,111,111,42,79,,,,,0,0,,,
Bogor,Kabupaten Bogor Leuwiliang,2026-04-28 17:00:00,83,83,45,,4,9,0,80,,,,,
Tangerang,Tangerang Pasir Jaya,2026-04-28 17:00:00,97,97,48,,58,63,0,65,,,,,
Bekasi,Bekasi Kayuringin,2026-04-28 17:00:00,56,56,32,,78,15,0,23,,,,,
Jakarta,The Pakubuwono Menteng,2026-04-28 17:21:04,77,77,24,59,,,,,56,31,,,
Depok,Cinere - Nafas,2026-04-28 17:21:59,103,103,40,74,,,,,0,0,,,
Bogor,Kabupaten Bogor Leuwiliang,2026-04-28 17:00:00,83,83,45,,4,9,0,80,,,,,
Tangerang,Tangerang Pasir Jaya,2026-04-28 17:00:00,97,97,48,,58,63,0,65,,,,,
Bekasi,Bekasi Kayuringin,2026-04-28 17:00:00,56,56,32,,78,15,0,23,,,,,
Jakarta,The Pakubuwono Menteng,2026-04-28 17:22:04,77,77,24,56,,,,,56,31,,,
Depok,Cinere - Nafas,2026-04-28 17:21:59,103,103,40,74,,,,,0,0,,,
Bogor,Kabupaten Bogor Leuwiliang,2026-04-28 17:00:00,83,83,45,,4,9,0,80,,,,,
Tangerang,Tangerang Pasir Jaya,2026-04-28 17:00:00,97,97,48,,58,63,0,65,,,,,
Bekasi,Bekasi Kayuringin,2026-04-28 17:00:00,56,56,32,,78,15,0,23,,,,,
Jakarta,The Pakubuwono Menteng,2026-04-28 17:23:04,79,79,24,57,,,,,56,31,,,
Depok,Cinere - Nafas,2026-04-28 17:23:59,101,101,42,75,,,,,0,0,,,
Bogor,Kabupaten Bogor Leuwiliang,2026-04-28 17:00:00,83,83,45,,4,9,0,80,,,,,
Tangerang,Tangerang Pasir Jaya,2026-04-28 17:00:00,97,97,48,,58,63,0,65,,,,,
Bekasi,Bekasi Kayuringin,2026-04-28 17:00:00,56,56,32,,78,15,0,23,,,,,
Jakarta,The Pakubuwono Menteng,2026-04-28 17:24:04,78,78,23,62,,,,,56,31,,,
Depok,Cinere - Nafas,2026-04-28 17:24:59,99,99,38,74,,,,,0,0,,,
Bogor,Kabupaten Bogor Leuwiliang,2026-04-28 17:00:00,83,83,45,,4,9,0,80,,,,,
Tangerang,Tangerang Pasir Jaya,2026-04-28 17:00:00,97,97,48,,58,63,0,65,,,,,
Bekasi,Bekasi Kayuringin,2026-04-28 17:00:00,56,56,32,,78,15,0,23,,,,,
Jakarta,The Pakubuwono Menteng,2026-04-28 17:26:04,77,77,24,57,,,,,56,31,,,
Depok,Cinere - Nafas,2026-04-28 17:26:59,97,97,35,73,,,,,0,0,,,
Bogor,Kabupaten Bogor Leuwiliang,2026-04-28 17:00:00,83,83,45,,4,9,0,80,,,,,
Tangerang,Tangerang Pasir Jaya,2026-04-28 17:00:00,97,97,48,,58,63,0,65,,,,,
Bekasi,Bekasi Kayuringin,2026-04-28 17:00:00,56,56,32,,78,15,0,23,,,,,
Jakarta,The Pakubuwono Menteng,2026-04-28 17:27:04,79,79,24,64,,,,,56,30.9,,,
Depok,Cinere - Nafas,2026-04-28 17:27:59,98,98,36,72,,,,,0,0,,,
Bogor,Kabupaten Bogor Leuwiliang,2026-04-28 17:00:00,83,83,45,,4,9,0,80,,,,,
Tangerang,Tangerang Pasir Jaya,2026-04-28 17:00:00,97,97,48,,58,63,0,65,,,,,
Bekasi,Bekasi Kayuringin,2026-04-28 17:00:00,56,56,32,,78,15,0,23,,,,,
Jakarta,The Pakubuwono Menteng,2026-04-28 17:28:04,81,81,26,66,,,,,56,30.9,,,
Depok,Cinere - Nafas,2026-04-28 17:28:59,96,96,35,73,,,,,0,0,,,
Bogor,Kabupaten Bogor Leuwiliang,2026-04-28 17:00:00,83,83,45,,4,9,0,80,,,,,
Tangerang,Tangerang Pasir Jaya,2026-04-28 17:00:00,97,97,48,,58,63,0,65,,,,,
Bekasi,Bekasi Kayuringin,2026-04-28 17:00:00,56,56,32,,78,15,0,23,,,,,
Jakarta,The Pakubuwono Menteng,2026-04-28 17:30:04,77,77,24,63,,,,,56,30.8,,,
Depok,Cinere - Nafas,2026-04-28 17:30:59,108,108,43,74,,,,,0,0,,,
Bogor,Kabupaten Bogor Leuwiliang,2026-04-28 17:00:00,83,83,45,,4,9,0,80,,,,,
Tangerang,Tangerang Pasir Jaya,2026-04-28 17:00:00,97,97,48,,58,63,0,65,,,,,
Bekasi,Bekasi Kayuringin,2026-04-28 17:00:00,56,56,32,,78,15,0,23,,,,,
Jakarta,The Pakubuwono Menteng,2026-04-28 17:31:04,84,84,25,58,,,,,56,30.8,,,
Depok,Cinere - Nafas,2026-04-28 17:31:59,101,101,39,77,,,,,0,0,,,
Bogor,Kabupaten Bogor Leuwiliang,2026-04-28 17:00:00,83,83,45,,4,9,0,80,,,,,
Tangerang,Tangerang Pasir Jaya,2026-04-28 17:00:00,97,97,48,,58,63,0,65,,,,,
Bekasi,Bekasi Kayuringin,2026-04-28 17:00:00,56,56,32,,78,15,0,23,,,,,
Jakarta,The Pakubuwono Menteng,2026-04-28 17:32:05,77,77,25,59,,,,,56,30.8,,,
Depok,Cinere - Nafas,2026-04-28 17:33:00,101,101,42,75,,,,,0,0,,,
Bogor,Kabupaten Bogor Leuwiliang,2026-04-28 17:00:00,83,83,45,,4,9,0,80,,,,,
Tangerang,Tangerang Pasir Jaya,2026-04-28 17:00:00,97,97,48,,58,63,0,65,,,,,
Bekasi,Bekasi Kayuringin,2026-04-28 17:00:00,56,56,32,,78,15,0,23,,,,,
Jakarta,The Pakubuwono Menteng,2026-04-28 17:33:04,83,83,25,63,,,,,57,30.8,,,
Depok,Cinere - Nafas,2026-04-28 17:33:59,103,103,40,75,,,,,0,0,,,
Bogor,Kabupaten Bogor Leuwiliang,2026-04-28 17:00:00,83,83,45,,4,9,0,80,,,,,
Tangerang,Tangerang Pasir Jaya,2026-04-28 17:00:00,97,97,48,,58,63,0,65,,,,,
Bekasi,Bekasi Kayuringin,2026-04-28 17:00:00,56,56,32,,78,15,0,23,,,,,
Jakarta,The Pakubuwono Menteng,2026-04-28 17:34:04,80,80,24,60,,,,,57,30.8,,,
Depok,Cinere - Nafas,2026-04-28 17:34:59,108,108,43,76,,,,,0,0,,,
Bogor,Kabupaten Bogor Leuwiliang,2026-04-28 17:00:00,83,83,45,,4,9,0,80,,,,,
Tangerang,Tangerang Pasir Jaya,2026-04-28 17:00:00,97,97,48,,58,63,0,65,,,,,
Bekasi,Bekasi Kayuringin,2026-04-28 17:00:00,56,56,32,,78,15,0,23,,,,,
Jakarta,The Pakubuwono Menteng,2026-04-28 17:35:05,77,77,24,62,,,,,56,30.9,,,
Depok,Cinere - Nafas,2026-04-28 17:36:00,110,110,42,78,,,,,0,0,,,
Bogor,Kabupaten Bogor Leuwiliang,2026-04-28 17:00:00,83,83,45,,4,9,0,80,,,,,
Tangerang,Tangerang Pasir Jaya,2026-04-28 17:00:00,97,97,48,,58,63,0,65,,,,,
Bekasi,Bekasi Kayuringin,2026-04-28 17:00:00,56,56,32,,78,15,0,23,,,,,
Jakarta,The Pakubuwono Menteng,2026-04-28 17:36:04,81,81,27,64,,,,,56,30.9,,,
Depok,Cinere - Nafas,2026-04-28 17:37:00,110,110,43,79,,,,,0,0,,,
Bogor,Kabupaten Bogor Leuwiliang,2026-04-28 17:00:00,83,83,45,,4,9,0,80,,,,,
Tangerang,Tangerang Pasir Jaya,2026-04-28 17:00:00,97,97,48,,58,63,0,65,,,,,
Bekasi,Bekasi Kayuringin,2026-04-28 17:00:00,56,56,32,,78,15,0,23,,,,,
Jakarta,The Pakubuwono Menteng,2026-04-28 17:37:04,85,85,26,65,,,,,56,30.9,,,
Depok,Cinere - Nafas,2026-04-28 17:38:00,115,115,45,83,,,,,0,0,,,
Bogor,Kabupaten Bogor Leuwiliang,2026-04-28 17:00:00,83,83,45,,4,9,0,80,,,,,
Tangerang,Tangerang Pasir Jaya,2026-04-28 17:00:00,97,97,48,,58,63,0,65,,,,,
Bekasi,Bekasi Kayuringin,2026-04-28 17:00:00,56,56,32,,78,15,0,23,,,,,
Jakarta,The Pakubuwono Menteng,2026-04-28 17:40:04,74,74,22,61,,,,,56,30.9,,,
Depok,Cinere - Nafas,2026-04-28 17:40:59,121,121,48,83,,,,,0,0,,,
Bogor,Kabupaten Bogor Leuwiliang,2026-04-28 17:00:00,83,83,45,,4,9,0,80,,,,,
Tangerang,Tangerang Pasir Jaya,2026-04-28 17:00:00,97,97,48,,58,63,0,65,,,,,
Bekasi,Bekasi Kayuringin,2026-04-28 17:00:00,56,56,32,,78,15,0,23,,,,,
Jakarta,The Pakubuwono Menteng,2026-04-28 17:41:04,79,79,23,63,,,,,56,30.9,,,
Depok,Cinere - Nafas,2026-04-28 17:42:00,120,120,49,84,,,,,0,0,,,
Bogor,Kabupaten Bogor Leuwiliang,2026-04-28 17:00:00,83,83,45,,4,9,0,80,,,,,
Tangerang,Tangerang Pasir Jaya,2026-04-28 17:00:00,97,97,48,,58,63,0,65,,,,,
Bekasi,Bekasi Kayuringin,2026-04-28 17:00:00,56,56,32,,78,15,0,23,,,,,
Jakarta,The Pakubuwono Menteng,2026-04-28 17:42:05,84,84,26,65,,,,,56,30.9,,,
Depok,Cinere - Nafas,2026-04-28 17:42:59,123,123,48,86,,,,,0,0,,,
Bogor,Kabupaten Bogor Leuwiliang,2026-04-28 17:00:00,83,83,45,,4,9,0,80,,,,,
Tangerang,Tangerang Pasir Jaya,2026-04-28 17:00:00,97,97,48,,58,63,0,65,,,,,
Bekasi,Bekasi Kayuringin,2026-04-28 17:00:00,56,56,32,,78,15,0,23,,,,,
Jakarta,The Pakubuwono Menteng,2026-04-28 17:43:04,77,77,24,63,,,,,56,30.9,,,
Depok,Cinere - Nafas,2026-04-28 17:44:00,122,122,50,87,,,,,0,0,,,
Bogor,Kabupaten Bogor Leuwiliang,2026-04-28 17:00:00,83,83,45,,4,9,0,80,,,,,
Tangerang,Tangerang Pasir Jaya,2026-04-28 17:00:00,97,97,48,,58,63,0,65,,,,,
Bekasi,Bekasi Kayuringin,2026-04-28 17:00:00,56,56,32,,78,15,0,23,,,,,
Jakarta,The Pakubuwono Menteng,2026-04-28 17:44:04,80,80,24,64,,,,,56,30.9,,,
Depok,Cinere - Nafas,2026-04-28 17:44:59,122,122,50,87,,,,,0,0,,,
Bogor,Kabupaten Bogor Leuwiliang,2026-04-28 17:00:00,83,83,45,,4,9,0,80,,,,,
Tangerang,Tangerang Pasir Jaya,2026-04-28 17:00:00,97,97,48,,58,63,0,65,,,,,
Bekasi,Bekasi Kayuringin,2026-04-28 17:00:00,56,56,32,,78,15,0,23,,,,,
Jakarta,The Pakubuwono Menteng,2026-04-28 17:45:04,78,78,23,63,,,,,56,30.9,,,
Depok,Cinere - Nafas,2026-04-28 17:46:00,125,125,50,87,,,,,0,0,,,
Bogor,Kabupaten Bogor Leuwiliang,2026-04-28 17:00:00,83,83,45,,4,9,0,80,,,,,
Tangerang,Tangerang Pasir Jaya,2026-04-28 17:00:00,97,97,48,,58,63,0,65,,,,,
Bekasi,Bekasi Kayuringin,2026-04-28 17:00:00,56,56,32,,78,15,0,23,,,,,
Jakarta,The Pakubuwono Menteng,2026-04-28 17:46:05,78,78,23,64,,,,,56,30.9,,,
Depok,Cinere - Nafas,2026-04-28 17:46:59,125,125,50,87,,,,,0,0,,,
Bogor,Kabupaten Bogor Leuwiliang,2026-04-28 17:00:00,83,83,45,,4,9,0,80,,,,,
Tangerang,Tangerang Pasir Jaya,2026-04-28 17:00:00,97,97,48,,58,63,0,65,,,,,
Bekasi,Bekasi Kayuringin,2026-04-28 17:00:00,56,56,32,,78,15,0,23,,,,,
Jakarta,The Pakubuwono Menteng,2026-04-28 17:47:05,79,79,23,66,,,,,56,30.9,,,
Depok,Cinere - Nafas,2026-04-28 17:48:00,124,124,52,87,,,,,0,0,,,
Bogor,Kabupaten Bogor Leuwiliang,2026-04-28 17:00:00,83,83,45,,4,9,0,80,,,,,
Tangerang,Tangerang Pasir Jaya,2026-04-28 17:00:00,97,97,48,,58,63,0,65,,,,,
Bekasi,Bekasi Kayuringin,2026-04-28 17:00:00,56,56,32,,78,15,0,23,,,,,
Jakarta,The Pakubuwono Menteng,2026-04-28 17:49:04,76,76,22,59,,,,,56,30.9,,,
Depok,Cinere - Nafas,2026-04-28 17:48:59,125,125,50,86,,,,,0,0,,,
Bogor,Kabupaten Bogor Leuwiliang,2026-04-28 17:00:00,83,83,45,,4,9,0,80,,,,,
Tangerang,Tangerang Pasir Jaya,2026-04-28 17:00:00,97,97,48,,58,63,0,65,,,,,
Bekasi,Bekasi Kayuringin,2026-04-28 17:00:00,56,56,32,,78,15,0,23,,,,,
Jakarta,The Pakubuwono Menteng,2026-04-28 17:50:05,77,77,24,57,,,,,56,30.9,,,
Depok,Cinere - Nafas,2026-04-28 17:50:39,125,125,50,87,,,,,0,0,,,
Bogor,Kabupaten Bogor Leuwiliang,2026-04-28 17:00:00,83,83,45,,4,9,0,80,,,,,
Tangerang,Tangerang Pasir Jaya,2026-04-28 17:00:00,97,97,48,,58,63,0,65,,,,,
Bekasi,Bekasi Kayuringin,2026-04-28 17:00:00,56,56,32,,78,15,0,23,,,,,
Jakarta,The Pakubuwono Menteng,2026-04-28 17:52:04,75,75,23,57,,,,,56,30.9,,,
Depok,Cinere - Nafas,2026-04-28 17:50:39,125,125,50,87,,,,,0,0,,,
Bogor,Kabupaten Bogor Leuwiliang,2026-04-28 17:00:00,83,83,45,,4,9,0,80,,,,,
Tangerang,Tangerang Pasir Jaya,2026-04-28 17:00:00,97,97,48,,58,63,0,65,,,,,
Bekasi,Bekasi Kayuringin,2026-04-28 17:00:00,56,56,32,,78,15,0,23,,,,,
Jakarta,The Pakubuwono Menteng,2026-04-28 17:53:05,78,78,24,57,,,,,56,30.9,,,
Depok,Cinere - Nafas,2026-04-28 17:53:44,124,124,50,85,,,,,0,0,,,
Bogor,Kabupaten Bogor Leuwiliang,2026-04-28 17:00:00,83,83,45,,4,9,0,80,,,,,
Tangerang,Tangerang Pasir Jaya,2026-04-28 17:00:00,97,97,48,,58,63,0,65,,,,,
Bekasi,Bekasi Kayuringin,2026-04-28 17:00:00,56,56,32,,78,15,0,23,,,,,
Jakarta,The Pakubuwono Menteng,2026-04-28 17:53:05,78,78,24,57,,,,,56,30.9,,,
Depok,Cinere - Nafas,2026-04-28 17:53:44,124,124,50,85,,,,,0,0,,,
Bogor,Kabupaten Bogor Leuwiliang,2026-04-28 17:00:00,83,83,45,,4,9,0,80,,,,,
Tangerang,Tangerang Pasir Jaya,2026-04-28 17:00:00,97,97,48,,58,63,0,65,,,,,
Bekasi,Bekasi Kayuringin,2026-04-28 17:00:00,56,56,32,,78,15,0,23,,,,,
Jakarta,The Pakubuwono Menteng,2026-04-28 17:54:05,79,79,25,62,,,,,55,30.9,,,
Depok,Cinere - Nafas,2026-04-28 17:54:45,124,124,50,86,,,,,0,0,,,
Bogor,Kabupaten Bogor Leuwiliang,2026-04-28 17:00:00,83,83,45,,4,9,0,80,,,,,
Tangerang,Tangerang Pasir Jaya,2026-04-28 17:00:00,97,97,48,,58,63,0,65,,,,,
Bekasi,Bekasi Kayuringin,2026-04-28 17:00:00,56,56,32,,78,15,0,23,,,,,
Jakarta,The Pakubuwono Menteng,2026-04-28 17:55:05,77,77,24,59,,,,,55,30.9,,,
Depok,Cinere - Nafas,2026-04-28 17:54:45,124,124,50,86,,,,,0,0,,,
Bogor,Kabupaten Bogor Leuwiliang,2026-04-28 17:00:00,83,83,45,,4,9,0,80,,,,,
Tangerang,Tangerang Pasir Jaya,2026-04-28 17:00:00,97,97,48,,58,63,0,65,,,,,
Bekasi,Bekasi Kayuringin,2026-04-28 17:00:00,56,56,32,,78,15,0,23,,,,,
Jakarta,The Pakubuwono Menteng,2026-04-28 17:56:05,71,71,22,56,,,,,55,30.9,,,
Depok,Cinere - Nafas,2026-04-28 17:56:44,126,126,51,88,,,,,0,0,,,
Bogor,Kabupaten Bogor Leuwiliang,2026-04-28 17:00:00,83,83,45,,4,9,0,80,,,,,
Tangerang,Tangerang Pasir Jaya,2026-04-28 17:00:00,97,97,48,,58,63,0,65,,,,,
Bekasi,Bekasi Kayuringin,2026-04-28 17:00:00,56,56,32,,78,15,0,23,,,,,
Jakarta,The Pakubuwono Menteng,2026-04-28 17:59:05,73,73,23,59,,,,,55,30.9,,,
Depok,Cinere - Nafas,2026-04-28 17:59:45,125,125,51,88,,,,,0,0,,,
Bogor,Kabupaten Bogor Leuwiliang,2026-04-28 17:00:00,83,83,45,,4,9,0,80,,,,,
Tangerang,Tangerang Pasir Jaya,2026-04-28 17:00:00,97,97,48,,58,63,0,65,,,,,
Bekasi,Bekasi Kayuringin,2026-04-28 17:00:00,56,56,32,,78,15,0,23,,,,,
Jakarta,The Pakubuwono Menteng,2026-04-28 18:00:05,76,76,23,55,,,,,55,30.8,,,
Depok,Cinere - Nafas,2026-04-28 18:00:45,124,124,49,87,,,,,0,0,,,
Bogor,Kabupaten Bogor Leuwiliang,2026-04-28 17:00:00,83,83,45,,4,9,0,80,,,,,
Tangerang,Tangerang Pasir Jaya,2026-04-28 17:00:00,97,97,48,,58,63,0,65,,,,,
Bekasi,Bekasi Kayuringin,2026-04-28 17:00:00,56,56,32,,78,15,0,23,,,,,
Jakarta,The Pakubuwono Menteng,2026-04-28 18:01:05,74,74,23,53,,,,,55,30.8,,,
Depok,Cinere - Nafas,2026-04-28 18:01:45,125,125,51,85,,,,,0,0,,,
Bogor,Kabupaten Bogor Leuwiliang,2026-04-28 17:00:00,83,83,45,,4,9,0,80,,,,,
Tangerang,Tangerang Pasir Jaya,2026-04-28 17:00:00,97,97,48,,58,63,0,65,,,,,
Bekasi,Bekasi Kayuringin,2026-04-28 17:00:00,56,56,32,,78,15,0,23,,,,,
Jakarta,The Pakubuwono Menteng,2026-04-28 18:02:05,76,76,24,56,,,,,55,30.8,,,
Depok,Cinere - Nafas,2026-04-28 18:02:44,133,133,53,93,,,,,0,0,,,
Bogor,Kabupaten Bogor Leuwiliang,2026-04-28 17:00:00,83,83,45,,4,9,0,80,,,,,
Tangerang,Tangerang Pasir Jaya,2026-04-28 17:00:00,97,97,48,,58,63,0,65,,,,,
Bekasi,Bekasi Kayuringin,2026-04-28 17:00:00,56,56,32,,78,15,0,23,,,,,
Jakarta,The Pakubuwono Menteng,2026-04-28 18:04:05,74,74,22,54,,,,,55,30.8,,,
Depok,Cinere - Nafas,2026-04-28 18:03:44,131,131,53,90,,,,,0,0,,,
Bogor,Kabupaten Bogor Leuwiliang,2026-04-28 17:00:00,83,83,45,,4,9,0,80,,,,,
Tangerang,Tangerang Pasir Jaya,2026-04-28 17:00:00,97,97,48,,58,63,0,65,,,,,
Bekasi,Bekasi Kayuringin,2026-04-28 17:00:00,56,56,32,,78,15,0,23,,,,,
Jakarta,The Pakubuwono Menteng,2026-04-28 18:06:05,75,75,22,52,,,,,55,30.8,,,
Depok,Cinere - Nafas,2026-04-28 18:05:44,138,138,54,97,,,,,0,0,,,
Bogor,Kabupaten Bogor Leuwiliang,2026-04-28 17:00:00,83,83,45,,4,9,0,80,,,,,
Tangerang,Tangerang Pasir Jaya,2026-04-28 17:00:00,97,97,48,,58,63,0,65,,,,,
Bekasi,Bekasi Kayuringin,2026-04-28 17:00:00,56,56,32,,78,15,0,23,,,,,
Jakarta,The Pakubuwono Menteng,2026-04-28 18:07:05,74,74,22,53,,,,,55,30.8,,,
Depok,Cinere - Nafas,2026-04-28 18:06:44,134,134,53,93,,,,,0,0,,,
Bogor,Kabupaten Bogor Leuwiliang,2026-04-28 17:00:00,83,83,45,,4,9,0,80,,,,,
Tangerang,Tangerang Pasir Jaya,2026-04-28 17:00:00,97,97,48,,58,63,0,65,,,,,
Bekasi,Bekasi Kayuringin,2026-04-28 17:00:00,56,56,32,,78,15,0,23,,,,,
Jakarta,The Pakubuwono Menteng,2026-04-28 18:07:05,74,74,22,53,,,,,55,30.8,,,
Depok,Cinere - Nafas,2026-04-28 18:06:44,134,134,53,93,,,,,0,0,,,
Bogor,Kabupaten Bogor Leuwiliang,2026-04-28 17:00:00,83,83,45,,4,9,0,80,,,,,
Tangerang,Tangerang Pasir Jaya,2026-04-28 17:00:00,97,97,48,,58,63,0,65,,,,,
Bekasi,Bekasi Kayuringin,2026-04-28 17:00:00,56,56,32,,78,15,0,23,,,,,
Jakarta,The Pakubuwono Menteng,2026-04-28 18:09:05,72,72,22,42,,,,,55,30.8,,,
Depok,Cinere - Nafas,2026-04-28 18:08:45,133,133,53,94,,,,,0,0,,,
Bogor,Kabupaten Bogor Leuwiliang,2026-04-28 18:00:00,84,84,46,,4,9,0,80,,,,,
Tangerang,Tangerang Pasir Jaya,2026-04-28 18:00:00,98,98,48,,58,63,0,65,,,,,
Bekasi,Bekasi Kayuringin,2026-04-28 18:00:00,56,56,32,,78,15,0,22,,,,,
Jakarta,The Pakubuwono Menteng,2026-04-28 18:10:05,73,73,21,52,,,,,55,30.8,,,
Depok,Cinere - Nafas,2026-04-28 18:09:45,134,134,53,94,,,,,0,0,,,
Bogor,Kabupaten Bogor Leuwiliang,2026-04-28 18:00:00,84,84,46,,4,9,0,80,,,,,
Tangerang,Tangerang Pasir Jaya,2026-04-28 18:00:00,98,98,48,,58,63,0,65,,,,,
Bekasi,Bekasi Kayuringin,2026-04-28 18:00:00,56,56,32,,78,15,0,22,,,,,
Jakarta,The Pakubuwono Menteng,2026-04-28 18:12:05,75,75,22,50,,,,,56,30.8,,,
Depok,Cinere - Nafas,2026-04-28 18:11:45,138,138,54,94,,,,,0,0,,,
Bogor,Kabupaten Bogor Leuwiliang,2026-04-28 18:00:00,84,84,46,,4,9,0,80,,,,,
Tangerang,Tangerang Pasir Jaya,2026-04-28 18:00:00,98,98,48,,58,63,0,65,,,,,
Bekasi,Bekasi Kayuringin,2026-04-28 18:00:00,56,56,32,,78,15,0,22,,,,,
Jakarta,The Pakubuwono Menteng,2026-04-28 18:13:05,72,72,21,46,,,,,56,30.8,,,
Depok,Cinere - Nafas,2026-04-28 18:12:45,138,138,55,94,,,,,0,0,,,
Bogor,Kabupaten Bogor Leuwiliang,2026-04-28 18:00:00,84,84,46,,4,9,0,80,,,,,
Tangerang,Tangerang Pasir Jaya,2026-04-28 18:00:00,98,98,48,,58,63,0,65,,,,,
Bekasi,Bekasi Kayuringin,2026-04-28 18:00:00,56,56,32,,78,15,0,22,,,,,
Jakarta,The Pakubuwono Menteng,2026-04-28 18:14:05,73,73,21,55,,,,,56,30.8,,,
Depok,Cinere - Nafas,2026-04-28 18:13:45,140,140,54,96,,,,,0,0,,,
Bogor,Kabupaten Bogor Leuwiliang,2026-04-28 18:00:00,84,84,46,,4,9,0,80,,,,,
Tangerang,Tangerang Pasir Jaya,2026-04-28 18:00:00,98,98,48,,58,63,0,65,,,,,
Bekasi,Bekasi Kayuringin,2026-04-28 18:00:00,56,56,32,,78,15,0,22,,,,,
Jakarta,The Pakubuwono Menteng,2026-04-28 18:15:05,73,73,22,50,,,,,56,30.8,,,
Depok,Cinere - Nafas,2026-04-28 18:14:45,135,135,53,93,,,,,0,0,,,
Bogor,Kabupaten Bogor Leuwiliang,2026-04-28 18:00:00,84,84,46,,4,9,0,80,,,,,
Tangerang,Tangerang Pasir Jaya,2026-04-28 18:00:00,98,98,48,,58,63,0,65,,,,,
Bekasi,Bekasi Kayuringin,2026-04-28 18:00:00,56,56,32,,78,15,0,22,,,,,
Jakarta,The Pakubuwono Menteng,2026-04-28 18:16:05,73,73,22,51,,,,,56,30.7,,,
Depok,Cinere - Nafas,2026-04-28 18:15:45,137,137,54,93,,,,,0,0,,,
Bogor,Kabupaten Bogor Leuwiliang,2026-04-28 18:00:00,84,84,46,,4,9,0,80,,,,,
Tangerang,Tangerang Pasir Jaya,2026-04-28 18:00:00,98,98,48,,58,63,0,65,,,,,
Bekasi,Bekasi Kayuringin,2026-04-28 18:00:00,56,56,32,,78,15,0,22,,,,,
Jakarta,The Pakubuwono Menteng,2026-04-28 18:17:05,76,76,23,58,,,,,56,30.8,,,
Depok,Cinere - Nafas,2026-04-28 18:16:45,139,139,55,95,,,,,0,0,,,
Bogor,Kabupaten Bogor Leuwiliang,2026-04-28 18:00:00,84,84,46,,4,9,0,80,,,,,
Tangerang,Tangerang Pasir Jaya,2026-04-28 18:00:00,98,98,48,,58,63,0,65,,,,,
Bekasi,Bekasi Kayuringin,2026-04-28 18:00:00,56,56,32,,78,15,0,22,,,,,
Jakarta,The Pakubuwono Menteng,2026-04-28 18:20:05,79,79,25,57,,,,,56,30.7,,,
Depok,Cinere - Nafas,2026-04-28 18:19:45,148,148,56,98,,,,,0,0,,,
Bogor,Kabupaten Bogor Leuwiliang,2026-04-28 18:00:00,84,84,46,,4,9,0,80,,,,,
Tangerang,Tangerang Pasir Jaya,2026-04-28 18:00:00,98,98,48,,58,63,0,65,,,,,
Bekasi,Bekasi Kayuringin,2026-04-28 18:00:00,56,56,32,,78,15,0,22,,,,,
Jakarta,The Pakubuwono Menteng,2026-04-28 18:20:05,79,79,25,57,,,,,56,30.7,,,
Depok,Cinere - Nafas,2026-04-28 18:19:45,148,148,56,98,,,,,0,0,,,
Bogor,Kabupaten Bogor Leuwiliang,2026-04-28 18:00:00,84,84,46,,4,9,0,80,,,,,
Tangerang,Tangerang Pasir Jaya,2026-04-28 18:00:00,98,98,48,,58,63,0,65,,,,,
Bekasi,Bekasi Kayuringin,2026-04-28 18:00:00,56,56,32,,78,15,0,22,,,,,
Jakarta,The Pakubuwono Menteng,2026-04-28 18:21:05,74,74,23,54,,,,,56,30.7,,,
Depok,Cinere - Nafas,2026-04-28 18:20:45,141,141,55,96,,,,,0,0,,,
Bogor,Kabupaten Bogor Leuwiliang,2026-04-28 18:00:00,84,84,46,,4,9,0,80,,,,,
Tangerang,Tangerang Pasir Jaya,2026-04-28 18:00:00,98,98,48,,58,63,0,65,,,,,
Bekasi,Bekasi Kayuringin,2026-04-28 18:00:00,56,56,32,,78,15,0,22,,,,,
Jakarta,The Pakubuwono Menteng,2026-04-28 18:22:05,76,76,22,60,,,,,56,30.7,,,
Depok,Cinere - Nafas,2026-04-28 18:21:45,141,141,55,96,,,,,0,0,,,
Bogor,Kabupaten Bogor Leuwiliang,2026-04-28 18:00:00,84,84,46,,4,9,0,80,,,,,
Tangerang,Tangerang Pasir Jaya,2026-04-28 18:00:00,98,98,48,,58,63,0,65,,,,,
Bekasi,Bekasi Kayuringin,2026-04-28 18:00:00,56,56,32,,78,15,0,22,,,,,
Jakarta,The Pakubuwono Menteng,2026-04-28 18:23:05,73,73,21,55,,,,,56,30.7,,,
Depok,Cinere - Nafas,2026-04-28 18:22:45,143,143,55,96,,,,,0,0,,,
Bogor,Kabupaten Bogor Leuwiliang,2026-04-28 18:00:00,84,84,46,,4,9,0,80,,,,,
Tangerang,Tangerang Pasir Jaya,2026-04-28 18:00:00,98,98,48,,58,63,0,65,,,,,
Bekasi,Bekasi Kayuringin,2026-04-28 18:00:00,56,56,32,,78,15,0,22,,,,,
Jakarta,The Pakubuwono Menteng,2026-04-28 18:25:05,66,66,18,40,,,,,55,30.7,,,
Depok,Cinere - Nafas,2026-04-28 18:24:45,143,143,56,97,,,,,0,0,,,
Bogor,Kabupaten Bogor Leuwiliang,2026-04-28 18:00:00,84,84,46,,4,9,0,80,,,,,
Tangerang,Tangerang Pasir Jaya,2026-04-28 18:00:00,98,98,48,,58,63,0,65,,,,,
Bekasi,Bekasi Kayuringin,2026-04-28 18:00:00,56,56,32,,78,15,0,22,,,,,
Jakarta,The Pakubuwono Menteng,2026-04-28 18:26:05,71,71,20,49,,,,,56,30.7,,,
Depok,Cinere - Nafas,2026-04-28 18:25:45,142,142,56,99,,,,,0,0,,,
Bogor,Kabupaten Bogor Leuwiliang,2026-04-28 18:00:00,84,84,46,,4,9,0,80,,,,,
Tangerang,Tangerang Pasir Jaya,2026-04-28 18:00:00,98,98,48,,58,63,0,65,,,,,
Bekasi,Bekasi Kayuringin,2026-04-28 18:00:00,56,56,32,,78,15,0,22,,,,,
Jakarta,The Pakubuwono Menteng,2026-04-28 18:27:05,70,70,21,35,,,,,55,30.7,,,
Depok,Cinere - Nafas,2026-04-28 18:26:45,141,141,54,96,,,,,0,0,,,
Bogor,Kabupaten Bogor Leuwiliang,2026-04-28 18:00:00,84,84,46,,4,9,0,80,,,,,
Tangerang,Tangerang Pasir Jaya,2026-04-28 18:00:00,98,98,48,,58,63,0,65,,,,,
Bekasi,Bekasi Kayuringin,2026-04-28 18:00:00,56,56,32,,78,15,0,22,,,,,
Jakarta,The Pakubuwono Menteng,2026-04-28 18:28:05,71,71,22,53,,,,,55,30.7,,,
Depok,Cinere - Nafas,2026-04-28 18:27:45,140,140,55,96,,,,,0,0,,,
Bogor,Kabupaten Bogor Leuwiliang,2026-04-28 18:00:00,84,84,46,,4,9,0,80,,,,,
Tangerang,Tangerang Pasir Jaya,2026-04-28 18:00:00,98,98,48,,58,63,0,65,,,,,
Bekasi,Bekasi Kayuringin,2026-04-28 18:00:00,56,56,32,,78,15,0,22,,,,,
Jakarta,The Pakubuwono Menteng,2026-04-28 18:30:05,70,70,22,51,,,,,55,30.7,,,
Depok,Cinere - Nafas,2026-04-28 18:29:45,137,137,54,95,,,,,0,0,,,
Bogor,Kabupaten Bogor Leuwiliang,2026-04-28 18:00:00,84,84,46,,4,9,0,80,,,,,
Tangerang,Tangerang Pasir Jaya,2026-04-28 18:00:00,98,98,48,,58,63,0,65,,,,,
Bekasi,Bekasi Kayuringin,2026-04-28 18:00:00,56,56,32,,78,15,0,22,,,,,
Jakarta,The Pakubuwono Menteng,2026-04-28 18:31:05,67,67,20,53,,,,,55,30.7,,,
Depok,Cinere - Nafas,2026-04-28 18:30:45,140,140,54,95,,,,,0,0,,,
Bogor,Kabupaten Bogor Leuwiliang,2026-04-28 18:00:00,84,84,46,,4,9,0,80,,,,,
Tangerang,Tangerang Pasir Jaya,2026-04-28 18:00:00,98,98,48,,58,63,0,65,,,,,
Bekasi,Bekasi Kayuringin,2026-04-28 18:00:00,56,56,32,,78,15,0,22,,,,,
Jakarta,The Pakubuwono Menteng,2026-04-28 18:32:05,76,76,23,47,,,,,55,30.7,,,
Depok,Cinere - Nafas,2026-04-28 18:31:45,135,135,54,94,,,,,0,0,,,
Bogor,Kabupaten Bogor Leuwiliang,2026-04-28 18:00:00,84,84,46,,4,9,0,80,,,,,
Tangerang,Tangerang Pasir Jaya,2026-04-28 18:00:00,98,98,48,,58,63,0,65,,,,,
Bekasi,Bekasi Kayuringin,2026-04-28 18:00:00,56,56,32,,78,15,0,22,,,,,
Jakarta,The Pakubuwono Menteng,2026-04-28 18:33:05,76,76,22,50,,,,,55,30.7,,,
Depok,Cinere - Nafas,2026-04-28 18:32:45,141,141,56,96,,,,,0,0,,,
Bogor,Kabupaten Bogor Leuwiliang,2026-04-28 18:00:00,84,84,46,,4,9,0,80,,,,,
Tangerang,Tangerang Pasir Jaya,2026-04-28 18:00:00,98,98,48,,58,63,0,65,,,,,
Bekasi,Bekasi Kayuringin,2026-04-28 18:00:00,56,56,32,,78,15,0,22,,,,,
Jakarta,The Pakubuwono Menteng,2026-04-28 18:34:06,74,74,22,56,,,,,55,30.7,,,
Depok,Cinere - Nafas,2026-04-28 18:33:45,153,153,59,111,,,,,0,0,,,
Bogor,Kabupaten Bogor Leuwiliang,2026-04-28 18:00:00,84,84,46,,4,9,0,80,,,,,
Tangerang,Tangerang Pasir Jaya,2026-04-28 18:00:00,98,98,48,,58,63,0,65,,,,,
Bekasi,Bekasi Kayuringin,2026-04-28 18:00:00,56,56,32,,78,15,0,22,,,,,
Jakarta,The Pakubuwono Menteng,2026-04-28 18:35:06,69,69,19,45,,,,,55,30.7,,,
Depok,Cinere - Nafas,2026-04-28 18:34:45,149,149,57,100,,,,,0,0,,,
Bogor,Kabupaten Bogor Leuwiliang,2026-04-28 18:00:00,84,84,46,,4,9,0,80,,,,,
Tangerang,Tangerang Pasir Jaya,2026-04-28 18:00:00,98,98,48,,58,63,0,65,,,,,
Bekasi,Bekasi Kayuringin,2026-04-28 18:00:00,56,56,32,,78,15,0,22,,,,,
Jakarta,The Pakubuwono Menteng,2026-04-28 18:36:05,71,71,22,49,,,,,55,30.7,,,
Depok,Cinere - Nafas,2026-04-28 18:35:45,143,143,56,97,,,,,0,0,,,
Bogor,Kabupaten Bogor Leuwiliang,2026-04-28 18:00:00,84,84,46,,4,9,0,80,,,,,
Tangerang,Tangerang Pasir Jaya,2026-04-28 18:00:00,98,98,48,,58,63,0,65,,,,,
Bekasi,Bekasi Kayuringin,2026-04-28 18:00:00,56,56,32,,78,15,0,22,,,,,
Jakarta,The Pakubuwono Menteng,2026-04-28 18:38:05,73,73,21,55,,,,,55,30.7,,,
Depok,Cinere - Nafas,2026-04-28 18:37:45,151,151,57,103,,,,,0,0,,,
Bogor,Kabupaten Bogor Leuwiliang,2026-04-28 18:00:00,84,84,46,,4,9,0,80,,,,,
Tangerang,Tangerang Pasir Jaya,2026-04-28 18:00:00,98,98,48,,58,63,0,65,,,,,
Bekasi,Bekasi Kayuringin,2026-04-28 18:00:00,56,56,32,,78,15,0,22,,,,,
Jakarta,The Pakubuwono Menteng,2026-04-28 18:40:06,72,72,20,55,,,,,55,30.7,,,
Depok,Cinere - Nafas,2026-04-28 18:39:45,153,153,59,116,,,,,0,0,,,
Bogor,Kabupaten Bogor Leuwiliang,2026-04-28 18:00:00,84,84,46,,4,9,0,80,,,,,
Tangerang,Tangerang Pasir Jaya,2026-04-28 18:00:00,98,98,48,,58,63,0,65,,,,,
Bekasi,Bekasi Kayuringin,2026-04-28 18:00:00,56,56,32,,78,15,0,22,,,,,
Jakarta,The Pakubuwono Menteng,2026-04-28 18:41:06,72,72,21,48,,,,,55,30.7,,,
Depok,Cinere - Nafas,2026-04-28 18:40:45,154,154,59,111,,,,,0,0,,,
Bogor,Kabupaten Bogor Leuwiliang,2026-04-28 18:00:00,84,84,46,,4,9,0,80,,,,,
Tangerang,Tangerang Pasir Jaya,2026-04-28 18:00:00,98,98,48,,58,63,0,65,,,,,
Bekasi,Bekasi Kayuringin,2026-04-28 18:00:00,56,56,32,,78,15,0,22,,,,,
Jakarta,The Pakubuwono Menteng,2026-04-28 18:42:06,67,67,20,43,,,,,55,30.8,,,
Depok,Cinere - Nafas,2026-04-28 18:41:45,153,153,59,111,,,,,0,0,,,
Bogor,Kabupaten Bogor Leuwiliang,2026-04-28 18:00:00,84,84,46,,4,9,0,80,,,,,
Tangerang,Tangerang Pasir Jaya,2026-04-28 18:00:00,98,98,48,,58,63,0,65,,,,,
Bekasi,Bekasi Kayuringin,2026-04-28 18:00:00,56,56,32,,78,15,0,22,,,,,
Jakarta,The Pakubuwono Menteng,2026-04-28 18:43:07,76,76,22,55,,,,,55,30.7,,,
Depok,Cinere - Nafas,2026-04-28 18:42:45,153,153,59,111,,,,,0,0,,,
Bogor,Kabupaten Bogor Leuwiliang,2026-04-28 18:00:00,84,84,46,,4,9,0,80,,,,,
Tangerang,Tangerang Pasir Jaya,2026-04-28 18:00:00,98,98,48,,58,63,0,65,,,,,
Bekasi,Bekasi Kayuringin,2026-04-28 18:00:00,56,56,32,,78,15,0,22,,,,,
Jakarta,The Pakubuwono Menteng,2026-04-28 18:44:06,73,73,21,53,,,,,55,30.7,,,
Depok,Cinere - Nafas,2026-04-28 18:43:45,152,152,58,110,,,,,0,0,,,
Bogor,Kabupaten Bogor Leuwiliang,2026-04-28 18:00:00,84,84,46,,4,9,0,80,,,,,
Tangerang,Tangerang Pasir Jaya,2026-04-28 18:00:00,98,98,48,,58,63,0,65,,,,,
Bekasi,Bekasi Kayuringin,2026-04-28 18:00:00,56,56,32,,78,15,0,22,,,,,
Jakarta,The Pakubuwono Menteng,2026-04-28 18:45:06,70,70,19,51,,,,,55,30.7,,,
Depok,Cinere - Nafas,2026-04-28 18:44:45,151,151,58,106,,,,,0,0,,,
Bogor,Kabupaten Bogor Leuwiliang,2026-04-28 18:00:00,84,84,46,,4,9,0,80,,,,,
Tangerang,Tangerang Pasir Jaya,2026-04-28 18:00:00,98,98,48,,58,63,0,65,,,,,
Bekasi,Bekasi Kayuringin,2026-04-28 18:00:00,56,56,32,,78,15,0,22,,,,,
Jakarta,The Pakubuwono Menteng,2026-04-28 18:46:06,72,72,21,49,,,,,55,30.7,,,
Depok,Cinere - Nafas,2026-04-28 18:45:45,152,152,58,111,,,,,0,0,,,
Bogor,Kabupaten Bogor Leuwiliang,2026-04-28 18:00:00,84,84,46,,4,9,0,80,,,,,
Tangerang,Tangerang Pasir Jaya,2026-04-28 18:00:00,98,98,48,,58,63,0,65,,,,,
Bekasi,Bekasi Kayuringin,2026-04-28 18:00:00,56,56,32,,78,15,0,22,,,,,
Jakarta,The Pakubuwono Menteng,2026-04-28 18:47:06,76,76,22,52,,,,,55,30.7,,,
Depok,Cinere - Nafas,2026-04-28 18:46:45,152,152,58,106,,,,,0,0,,,
Bogor,Kabupaten Bogor Leuwiliang,2026-04-28 18:00:00,84,84,46,,4,9,0,80,,,,,
Tangerang,Tangerang Pasir Jaya,2026-04-28 18:00:00,98,98,48,,58,63,0,65,,,,,
Bekasi,Bekasi Kayuringin,2026-04-28 18:00:00,56,56,32,,78,15,0,22,,,,,
Jakarta,The Pakubuwono Menteng,2026-04-28 18:48:06,78,78,24,51,,,,,55,30.7,,,
Depok,Cinere - Nafas,2026-04-28 18:48:45,151,151,57,105,,,,,0,0,,,
Bogor,Kabupaten Bogor Leuwiliang,2026-04-28 18:00:00,84,84,46,,4,9,0,80,,,,,
Tangerang,Tangerang Pasir Jaya,2026-04-28 18:00:00,98,98,48,,58,63,0,65,,,,,
Bekasi,Bekasi Kayuringin,2026-04-28 18:00:00,56,56,32,,78,15,0,22,,,,,
Jakarta,The Pakubuwono Menteng,2026-04-28 18:50:06,73,73,22,49,,,,,55,30.7,,,
Depok,Cinere - Nafas,2026-04-28 18:49:45,151,151,57,100,,,,,0,0,,,
Bogor,Kabupaten Bogor Leuwiliang,2026-04-28 18:00:00,84,84,46,,4,9,0,80,,,,,
Tangerang,Tangerang Pasir Jaya,2026-04-28 18:00:00,98,98,48,,58,63,0,65,,,,,
Bekasi,Bekasi Kayuringin,2026-04-28 18:00:00,56,56,32,,78,15,0,22,,,,,
Jakarta,The Pakubuwono Menteng,2026-04-28 18:51:06,70,70,20,49,,,,,55,30.7,,,
Depok,Cinere - Nafas,2026-04-28 18:50:45,149,149,56,101,,,,,0,0,,,
Bogor,Kabupaten Bogor Leuwiliang,2026-04-28 18:00:00,84,84,46,,4,9,0,80,,,,,
Tangerang,Tangerang Pasir Jaya,2026-04-28 18:00:00,98,98,48,,58,63,0,65,,,,,
Bekasi,Bekasi Kayuringin,2026-04-28 18:00:00,56,56,32,,78,15,0,22,,,,,
Jakarta,The Pakubuwono Menteng,2026-04-28 18:53:06,73,73,21,41,,,,,55,30.7,,,
Depok,Cinere - Nafas,2026-04-28 18:52:48,150,150,57,101,,,,,0,0,,,
Bogor,Kabupaten Bogor Leuwiliang,2026-04-28 18:00:00,84,84,46,,4,9,0,80,,,,,
Tangerang,Tangerang Pasir Jaya,2026-04-28 18:00:00,98,98,48,,58,63,0,65,,,,,
Bekasi,Bekasi Kayuringin,2026-04-28 18:00:00,56,56,32,,78,15,0,22,,,,,
Jakarta,The Pakubuwono Menteng,2026-04-28 18:54:06,77,77,23,55,,,,,55,30.7,,,
Depok,Cinere - Nafas,2026-04-28 18:53:48,150,150,57,100,,,,,0,0,,,
Bogor,Kabupaten Bogor Leuwiliang,2026-04-28 18:00:00,84,84,46,,4,9,0,80,,,,,
Tangerang,Tangerang Pasir Jaya,2026-04-28 18:00:00,98,98,48,,58,63,0,65,,,,,
Bekasi,Bekasi Kayuringin,2026-04-28 18:00:00,56,56,32,,78,15,0,22,,,,,
Jakarta,The Pakubuwono Menteng,2026-04-28 18:55:06,74,74,21,53,,,,,55,30.7,,,
Depok,Cinere - Nafas,2026-04-28 18:54:48,146,146,56,98,,,,,0,0,,,
Bogor,Kabupaten Bogor Leuwiliang,2026-04-28 18:00:00,84,84,46,,4,9,0,80,,,,,
Tangerang,Tangerang Pasir Jaya,2026-04-28 18:00:00,98,98,48,,58,63,0,65,,,,,
Bekasi,Bekasi Kayuringin,2026-04-28 18:00:00,56,56,32,,78,15,0,22,,,,,
Jakarta,The Pakubuwono Menteng,2026-04-28 18:56:06,78,78,23,53,,,,,55,30.8,,,
Depok,Cinere - Nafas,2026-04-28 18:55:48,152,152,57,106,,,,,0,0,,,
Bogor,Kabupaten Bogor Leuwiliang,2026-04-28 18:00:00,84,84,46,,4,9,0,80,,,,,
Tangerang,Tangerang Pasir Jaya,2026-04-28 18:00:00,98,98,48,,58,63,0,65,,,,,
Bekasi,Bekasi Kayuringin,2026-04-28 18:00:00,56,56,32,,78,15,0,22,,,,,
Jakarta,The Pakubuwono Menteng,2026-04-28 18:57:06,75,75,24,50,,,,,55,30.8,,,
Depok,Cinere - Nafas,2026-04-28 18:56:47,155,155,59,116,,,,,0,0,,,
Bogor,Kabupaten Bogor Leuwiliang,2026-04-28 18:00:00,84,84,46,,4,9,0,80,,,,,
Tangerang,Tangerang Pasir Jaya,2026-04-28 18:00:00,98,98,48,,58,63,0,65,,,,,
Bekasi,Bekasi Kayuringin,2026-04-28 18:00:00,56,56,32,,78,15,0,22,,,,,
Jakarta,The Pakubuwono Menteng,2026-04-28 18:58:06,79,79,23,55,,,,,55,30.8,,,
Depok,Cinere - Nafas,2026-04-28 18:57:47,165,165,67,149,,,,,0,0,,,
Bogor,Kabupaten Bogor Leuwiliang,2026-04-28 18:00:00,84,84,46,,4,9,0,80,,,,,
Tangerang,Tangerang Pasir Jaya,2026-04-28 18:00:00,98,98,48,,58,63,0,65,,,,,
Bekasi,Bekasi Kayuringin,2026-04-28 18:00:00,56,56,32,,78,15,0,22,,,,,
Jakarta,The Pakubuwono Menteng,2026-04-28 19:00:06,73,73,21,59,,,,,55,30.8,,,
Depok,Cinere - Nafas,2026-04-28 18:59:48,163,163,64,140,,,,,0,0,,,
Bogor,Kabupaten Bogor Leuwiliang,2026-04-28 18:00:00,84,84,46,,4,9,0,80,,,,,
Tangerang,Tangerang Pasir Jaya,2026-04-28 18:00:00,98,98,48,,58,63,0,65,,,,,
Bekasi,Bekasi Kayuringin,2026-04-28 18:00:00,56,56,32,,78,15,0,22,,,,,
Jakarta,The Pakubuwono Menteng,2026-04-28 19:01:06,72,72,24,57,,,,,55,30.8,,,
Depok,Cinere - Nafas,2026-04-28 19:00:48,157,157,61,126,,,,,0,0,,,
Bogor,Kabupaten Bogor Leuwiliang,2026-04-28 18:00:00,84,84,46,,4,9,0,80,,,,,
Tangerang,Tangerang Pasir Jaya,2026-04-28 18:00:00,98,98,48,,58,63,0,65,,,,,
Bekasi,Bekasi Kayuringin,2026-04-28 18:00:00,56,56,32,,78,15,0,22,,,,,
Jakarta,The Pakubuwono Menteng,2026-04-28 19:02:06,77,77,25,60,,,,,55,30.8,,,
Depok,Cinere - Nafas,2026-04-28 19:01:48,154,154,60,114,,,,,0,0,,,
Bogor,Kabupaten Bogor Leuwiliang,2026-04-28 18:00:00,84,84,46,,4,9,0,80,,,,,
Tangerang,Tangerang Pasir Jaya,2026-04-28 18:00:00,98,98,48,,58,63,0,65,,,,,
Bekasi,Bekasi Kayuringin,2026-04-28 18:00:00,56,56,32,,78,15,0,22,,,,,
Jakarta,The Pakubuwono Menteng,2026-04-28 19:03:06,78,78,24,57,,,,,55,30.8,,,
Depok,Cinere - Nafas,2026-04-28 19:02:48,155,155,60,116,,,,,0,0,,,
Bogor,Kabupaten Bogor Leuwiliang,2026-04-28 18:00:00,84,84,46,,4,9,0,80,,,,,
Tangerang,Tangerang Pasir Jaya,2026-04-28 18:00:00,98,98,48,,58,63,0,65,,,,,
Bekasi,Bekasi Kayuringin,2026-04-28 18:00:00,56,56,32,,78,15,0,22,,,,,
Jakarta,The Pakubuwono Menteng,2026-04-28 19:04:06,80,80,24,62,,,,,55,30.8,,,
Depok,Cinere - Nafas,2026-04-28 19:03:48,154,154,59,111,,,,,0,0,,,
Bogor,Kabupaten Bogor Leuwiliang,2026-04-28 18:00:00,84,84,46,,4,9,0,80,,,,,
Tangerang,Tangerang Pasir Jaya,2026-04-28 18:00:00,98,98,48,,58,63,0,65,,,,,
Bekasi,Bekasi Kayuringin,2026-04-28 18:00:00,56,56,32,,78,15,0,22,,,,,
Jakarta,The Pakubuwono Menteng,2026-04-28 19:05:06,81,81,26,64,,,,,55,30.8,,,
Depok,Cinere - Nafas,2026-04-28 19:04:48,155,155,60,115,,,,,0,0,,,
Bogor,Kabupaten Bogor Leuwiliang,2026-04-28 18:00:00,84,84,46,,4,9,0,80,,,,,
Tangerang,Tangerang Pasir Jaya,2026-04-28 18:00:00,98,98,48,,58,63,0,65,,,,,
Bekasi,Bekasi Kayuringin,2026-04-28 18:00:00,56,56,32,,78,15,0,22,,,,,
Jakarta,The Pakubuwono Menteng,2026-04-28 19:07:06,79,79,24,63,,,,,54,30.8,,,
Depok,Cinere - Nafas,2026-04-28 19:06:48,156,156,61,118,,,,,0,0,,,
Bogor,Kabupaten Bogor Leuwiliang,2026-04-28 18:00:00,84,84,46,,4,9,0,80,,,,,
Tangerang,Tangerang Pasir Jaya,2026-04-28 18:00:00,98,98,48,,58,63,0,65,,,,,
Bekasi,Bekasi Kayuringin,2026-04-28 18:00:00,56,56,32,,78,15,0,22,,,,,
Jakarta,The Pakubuwono Menteng,2026-04-28 19:08:06,81,81,24,62,,,,,55,30.8,,,
Depok,Cinere - Nafas,2026-04-28 19:08:48,159,159,61,130,,,,,0,0,,,
Bogor,Kabupaten Bogor Leuwiliang,2026-04-28 19:00:00,84,84,46,,4,9,0,80,,,,,
Tangerang,Tangerang Pasir Jaya,2026-04-28 19:00:00,97,97,47,,58,63,0,65,,,,,
Bekasi,Bekasi Kayuringin,2026-04-28 19:00:00,56,56,32,,76,15,0,22,,,,,
Jakarta,The Pakubuwono Menteng,2026-04-28 19:10:06,77,77,22,61,,,,,54,30.8,,,
Depok,Cinere - Nafas,2026-04-28 19:09:48,159,159,62,130,,,,,0,0,,,
Bogor,Kabupaten Bogor Leuwiliang,2026-04-28 19:00:00,84,84,46,,4,9,0,80,,,,,
Tangerang,Tangerang Pasir Jaya,2026-04-28 19:00:00,97,97,47,,58,63,0,65,,,,,
Bekasi,Bekasi Kayuringin,2026-04-28 19:00:00,56,56,32,,76,15,0,22,,,,,
Jakarta,The Pakubuwono Menteng,2026-04-28 19:10:06,77,77,22,61,,,,,54,30.8,,,
Depok,Cinere - Nafas,2026-04-28 19:09:48,159,159,62,130,,,,,0,0,,,
Bogor,Kabupaten Bogor Leuwiliang,2026-04-28 19:00:00,84,84,46,,4,9,0,80,,,,,
Tangerang,Tangerang Pasir Jaya,2026-04-28 19:00:00,97,97,47,,58,63,0,65,,,,,
Bekasi,Bekasi Kayuringin,2026-04-28 19:00:00,56,56,32,,76,15,0,22,,,,,
Jakarta,The Pakubuwono Menteng,2026-04-28 19:11:06,81,81,25,63,,,,,54,30.8,,,
Depok,Cinere - Nafas,2026-04-28 19:10:48,159,159,62,130,,,,,0,0,,,
Bogor,Kabupaten Bogor Leuwiliang,2026-04-28 19:00:00,84,84,46,,4,9,0,80,,,,,
Tangerang,Tangerang Pasir Jaya,2026-04-28 19:00:00,97,97,47,,58,63,0,65,,,,,
Bekasi,Bekasi Kayuringin,2026-04-28 19:00:00,56,56,32,,76,15,0,22,,,,,
Jakarta,The Pakubuwono Menteng,2026-04-28 19:13:06,79,79,25,64,,,,,54,30.8,,,
Depok,Cinere - Nafas,2026-04-28 19:12:48,161,161,63,131,,,,,0,0,,,
Bogor,Kabupaten Bogor Leuwiliang,2026-04-28 19:00:00,84,84,46,,4,9,0,80,,,,,
Tangerang,Tangerang Pasir Jaya,2026-04-28 19:00:00,97,97,47,,58,63,0,65,,,,,
Bekasi,Bekasi Kayuringin,2026-04-28 19:00:00,56,56,32,,76,15,0,22,,,,,
Jakarta,The Pakubuwono Menteng,2026-04-28 19:14:06,81,81,25,62,,,,,54,30.8,,,
Depok,Cinere - Nafas,2026-04-28 19:13:48,160,160,64,135,,,,,0,0,,,
Bogor,Kabupaten Bogor Leuwiliang,2026-04-28 19:00:00,84,84,46,,4,9,0,80,,,,,
Tangerang,Tangerang Pasir Jaya,2026-04-28 19:00:00,97,97,47,,58,63,0,65,,,,,
Bekasi,Bekasi Kayuringin,2026-04-28 19:00:00,56,56,32,,76,15,0,22,,,,,
Jakarta,The Pakubuwono Menteng,2026-04-28 19:15:06,83,83,26,64,,,,,54,30.8,,,
Depok,Cinere - Nafas,2026-04-28 19:14:48,161,161,63,130,,,,,0,0,,,
Bogor,Kabupaten Bogor Leuwiliang,2026-04-28 19:00:00,84,84,46,,4,9,0,80,,,,,
Tangerang,Tangerang Pasir Jaya,2026-04-28 19:00:00,97,97,47,,58,63,0,65,,,,,
Bekasi,Bekasi Kayuringin,2026-04-28 19:00:00,56,56,32,,76,15,0,22,,,,,
Jakarta,The Pakubuwono Menteng,2026-04-28 19:16:06,81,81,26,64,,,,,54,30.8,,,
Depok,Cinere - Nafas,2026-04-28 19:15:49,159,159,62,125,,,,,0,0,,,
Bogor,Kabupaten Bogor Leuwiliang,2026-04-28 19:00:00,84,84,46,,4,9,0,80,,,,,
Tangerang,Tangerang Pasir Jaya,2026-04-28 19:00:00,97,97,47,,58,63,0,65,,,,,
Bekasi,Bekasi Kayuringin,2026-04-28 19:00:00,56,56,32,,76,15,0,22,,,,,
Jakarta,The Pakubuwono Menteng,2026-04-28 19:17:06,76,76,22,59,,,,,54,30.8,,,
Depok,Cinere - Nafas,2026-04-28 19:16:48,160,160,62,132,,,,,0,0,,,
Bogor,Kabupaten Bogor Leuwiliang,2026-04-28 19:00:00,84,84,46,,4,9,0,80,,,,,
Tangerang,Tangerang Pasir Jaya,2026-04-28 19:00:00,97,97,47,,58,63,0,65,,,,,
Bekasi,Bekasi Kayuringin,2026-04-28 19:00:00,56,56,32,,76,15,0,22,,,,,
Jakarta,The Pakubuwono Menteng,2026-04-28 19:19:06,79,79,24,60,,,,,54,30.8,,,
Depok,Cinere - Nafas,2026-04-28 19:18:48,159,159,62,131,,,,,0,0,,,
Bogor,Kabupaten Bogor Leuwiliang,2026-04-28 19:00:00,84,84,46,,4,9,0,80,,,,,
Tangerang,Tangerang Pasir Jaya,2026-04-28 19:00:00,97,97,47,,58,63,0,65,,,,,
Bekasi,Bekasi Kayuringin,2026-04-28 19:00:00,56,56,32,,76,15,0,22,,,,,
Jakarta,The Pakubuwono Menteng,2026-04-28 19:21:06,75,75,23,59,,,,,55,30.8,,,
Depok,Cinere - Nafas,2026-04-28 19:20:48,160,160,63,130,,,,,0,0,,,
Bogor,Kabupaten Bogor Leuwiliang,2026-04-28 19:00:00,84,84,46,,4,9,0,80,,,,,
Tangerang,Tangerang Pasir Jaya,2026-04-28 19:00:00,97,97,47,,58,63,0,65,,,,,
Bekasi,Bekasi Kayuringin,2026-04-28 19:00:00,56,56,32,,76,15,0,22,,,,,
Jakarta,The Pakubuwono Menteng,2026-04-28 19:22:06,74,74,21,55,,,,,55,30.8,,,
Depok,Cinere - Nafas,2026-04-28 19:21:48,161,161,63,131,,,,,0,0,,,
Bogor,Kabupaten Bogor Leuwiliang,2026-04-28 19:00:00,84,84,46,,4,9,0,80,,,,,
Tangerang,Tangerang Pasir Jaya,2026-04-28 19:00:00,97,97,47,,58,63,0,65,,,,,
Bekasi,Bekasi Kayuringin,2026-04-28 19:00:00,56,56,32,,76,15,0,22,,,,,
Jakarta,The Pakubuwono Menteng,2026-04-28 19:23:07,74,74,23,51,,,,,54,30.9,,,
Depok,Cinere - Nafas,2026-04-28 19:22:48,160,160,62,131,,,,,0,0,,,
Bogor,Kabupaten Bogor Leuwiliang,2026-04-28 19:00:00,84,84,46,,4,9,0,80,,,,,
Tangerang,Tangerang Pasir Jaya,2026-04-28 19:00:00,97,97,47,,58,63,0,65,,,,,
Bekasi,Bekasi Kayuringin,2026-04-28 19:00:00,56,56,32,,76,15,0,22,,,,,
Jakarta,The Pakubuwono Menteng,2026-04-28 19:24:06,73,73,23,54,,,,,54,30.9,,,
Depok,Cinere - Nafas,2026-04-28 19:23:48,161,161,63,136,,,,,0,0,,,
Bogor,Kabupaten Bogor Leuwiliang,2026-04-28 19:00:00,84,84,46,,4,9,0,80,,,,,
Tangerang,Tangerang Pasir Jaya,2026-04-28 19:00:00,97,97,47,,58,63,0,65,,,,,
Bekasi,Bekasi Kayuringin,2026-04-28 19:00:00,56,56,32,,76,15,0,22,,,,,
Jakarta,The Pakubuwono Menteng,2026-04-28 19:25:06,72,72,23,53,,,,,54,30.8,,,
Depok,Cinere - Nafas,2026-04-28 19:24:48,161,161,63,130,,,,,0,0,,,
Bogor,Kabupaten Bogor Leuwiliang,2026-04-28 19:00:00,84,84,46,,4,9,0,80,,,,,
Tangerang,Tangerang Pasir Jaya,2026-04-28 19:00:00,97,97,47,,58,63,0,65,,,,,
Bekasi,Bekasi Kayuringin,2026-04-28 19:00:00,56,56,32,,76,15,0,22,,,,,
Jakarta,The Pakubuwono Menteng,2026-04-28 19:25:06,72,72,23,53,,,,,54,30.8,,,
Depok,Cinere - Nafas,2026-04-28 19:24:48,161,161,63,130,,,,,0,0,,,
Bogor,Kabupaten Bogor Leuwiliang,2026-04-28 19:00:00,84,84,46,,4,9,0,80,,,,,
Tangerang,Tangerang Pasir Jaya,2026-04-28 19:00:00,97,97,47,,58,63,0,65,,,,,
Bekasi,Bekasi Kayuringin,2026-04-28 19:00:00,56,56,32,,76,15,0,22,,,,,
Jakarta,The Pakubuwono Menteng,2026-04-28 19:26:06,74,74,22,55,,,,,54,30.8,,,
Depok,Cinere - Nafas,2026-04-28 19:25:48,160,160,64,133,,,,,0,0,,,
Bogor,Kabupaten Bogor Leuwiliang,2026-04-28 19:00:00,84,84,46,,4,9,0,80,,,,,
Tangerang,Tangerang Pasir Jaya,2026-04-28 19:00:00,97,97,47,,58,63,0,65,,,,,
Bekasi,Bekasi Kayuringin,2026-04-28 19:00:00,56,56,32,,76,15,0,22,,,,,
Jakarta,The Pakubuwono Menteng,2026-04-28 19:29:07,73,73,22,44,,,,,54,30.9,,,
Depok,Cinere - Nafas,2026-04-28 19:28:48,161,161,62,131,,,,,0,0,,,
Bogor,Kabupaten Bogor Leuwiliang,2026-04-28 19:00:00,84,84,46,,4,9,0,80,,,,,
Tangerang,Tangerang Pasir Jaya,2026-04-28 19:00:00,97,97,47,,58,63,0,65,,,,,
Bekasi,Bekasi Kayuringin,2026-04-28 19:00:00,56,56,32,,76,15,0,22,,,,,
Jakarta,The Pakubuwono Menteng,2026-04-28 19:30:07,71,71,20,51,,,,,54,30.9,,,
Depok,Cinere - Nafas,2026-04-28 19:29:48,162,162,65,136,,,,,0,0,,,
Bogor,Kabupaten Bogor Leuwiliang,2026-04-28 19:00:00,84,84,46,,4,9,0,80,,,,,
Tangerang,Tangerang Pasir Jaya,2026-04-28 19:00:00,97,97,47,,58,63,0,65,,,,,
Bekasi,Bekasi Kayuringin,2026-04-28 19:00:00,56,56,32,,76,15,0,22,,,,,
Jakarta,The Pakubuwono Menteng,2026-04-28 19:31:06,76,76,23,58,,,,,54,30.9,,,
Depok,Cinere - Nafas,2026-04-28 19:30:48,163,163,65,136,,,,,0,0,,,
Bogor,Kabupaten Bogor Leuwiliang,2026-04-28 19:00:00,84,84,46,,4,9,0,80,,,,,
Tangerang,Tangerang Pasir Jaya,2026-04-28 19:00:00,97,97,47,,58,63,0,65,,,,,
Bekasi,Bekasi Kayuringin,2026-04-28 19:00:00,56,56,32,,76,15,0,22,,,,,
Jakarta,The Pakubuwono Menteng,2026-04-28 19:32:07,77,77,24,58,,,,,54,30.9,,,
Depok,Cinere - Nafas,2026-04-28 19:31:48,161,161,63,133,,,,,0,0,,,
Bogor,Kabupaten Bogor Leuwiliang,2026-04-28 19:00:00,84,84,46,,4,9,0,80,,,,,
Tangerang,Tangerang Pasir Jaya,2026-04-28 19:00:00,97,97,47,,58,63,0,65,,,,,
Bekasi,Bekasi Kayuringin,2026-04-28 19:00:00,56,56,32,,76,15,0,22,,,,,
Jakarta,The Pakubuwono Menteng,2026-04-28 19:33:07,74,74,22,54,,,,,54,30.9,,,
Depok,Cinere - Nafas,2026-04-28 19:32:48,162,162,65,136,,,,,0,0,,,
Bogor,Kabupaten Bogor Leuwiliang,2026-04-28 19:00:00,84,84,46,,4,9,0,80,,,,,
Tangerang,Tangerang Pasir Jaya,2026-04-28 19:00:00,97,97,47,,58,63,0,65,,,,,
Bekasi,Bekasi Kayuringin,2026-04-28 19:00:00,56,56,32,,76,15,0,22,,,,,
Jakarta,The Pakubuwono Menteng,2026-04-28 19:35:07,74,74,23,45,,,,,54,30.9,,,
Depok,Cinere - Nafas,2026-04-28 19:34:48,163,163,66,140,,,,,0,0,,,
Bogor,Kabupaten Bogor Leuwiliang,2026-04-28 19:00:00,84,84,46,,4,9,0,80,,,,,
Tangerang,Tangerang Pasir Jaya,2026-04-28 19:00:00,97,97,47,,58,63,0,65,,,,,
Bekasi,Bekasi Kayuringin,2026-04-28 19:00:00,56,56,32,,76,15,0,22,,,,,
Jakarta,The Pakubuwono Menteng,2026-04-28 19:36:07,75,75,22,51,,,,,54,30.9,,,
Depok,Cinere - Nafas,2026-04-28 19:35:48,163,163,67,140,,,,,0,0,,,
Bogor,Kabupaten Bogor Leuwiliang,2026-04-28 19:00:00,84,84,46,,4,9,0,80,,,,,
Tangerang,Tangerang Pasir Jaya,2026-04-28 19:00:00,97,97,47,,58,63,0,65,,,,,
Bekasi,Bekasi Kayuringin,2026-04-28 19:00:00,56,56,32,,76,15,0,22,,,,,
Jakarta,The Pakubuwono Menteng,2026-04-28 19:37:07,72,72,21,53,,,,,54,30.9,,,
Depok,Cinere - Nafas,2026-04-28 19:36:48,163,163,64,140,,,,,0,0,,,
Bogor,Kabupaten Bogor Leuwiliang,2026-04-28 19:00:00,84,84,46,,4,9,0,80,,,,,
Tangerang,Tangerang Pasir Jaya,2026-04-28 19:00:00,97,97,47,,58,63,0,65,,,,,
Bekasi,Bekasi Kayuringin,2026-04-28 19:00:00,56,56,32,,76,15,0,22,,,,,
Jakarta,The Pakubuwono Menteng,2026-04-28 19:37:07,72,72,21,53,,,,,54,30.9,,,
Depok,Cinere - Nafas,2026-04-28 19:37:48,163,163,65,141,,,,,0,0,,,
Bogor,Kabupaten Bogor Leuwiliang,2026-04-28 19:00:00,84,84,46,,4,9,0,80,,,,,
Tangerang,Tangerang Pasir Jaya,2026-04-28 19:00:00,97,97,47,,58,63,0,65,,,,,
Bekasi,Bekasi Kayuringin,2026-04-28 19:00:00,56,56,32,,76,15,0,22,,,,,
Jakarta,The Pakubuwono Menteng,2026-04-28 19:40:07,72,72,20,52,,,,,54,30.9,,,
Depok,Cinere - Nafas,2026-04-28 19:39:49,165,165,67,147,,,,,0,0,,,
Bogor,Kabupaten Bogor Leuwiliang,2026-04-28 19:00:00,84,84,46,,4,9,0,80,,,,,
Tangerang,Tangerang Pasir Jaya,2026-04-28 19:00:00,97,97,47,,58,63,0,65,,,,,
Bekasi,Bekasi Kayuringin,2026-04-28 19:00:00,56,56,32,,76,15,0,22,,,,,
Jakarta,The Pakubuwono Menteng,2026-04-28 19:41:08,71,71,20,54,,,,,54,30.9,,,
Depok,Cinere - Nafas,2026-04-28 19:40:48,165,165,68,144,,,,,0,0,,,
Bogor,Kabupaten Bogor Leuwiliang,2026-04-28 19:00:00,84,84,46,,4,9,0,80,,,,,
Tangerang,Tangerang Pasir Jaya,2026-04-28 19:00:00,97,97,47,,58,63,0,65,,,,,
Bekasi,Bekasi Kayuringin,2026-04-28 19:00:00,56,56,32,,76,15,0,22,,,,,
Jakarta,The Pakubuwono Menteng,2026-04-28 19:42:07,71,71,21,57,,,,,54,30.9,,,
Depok,Cinere - Nafas,2026-04-28 19:41:48,165,165,67,148,,,,,0,0,,,
Bogor,Kabupaten Bogor Leuwiliang,2026-04-28 19:00:00,84,84,46,,4,9,0,80,,,,,
Tangerang,Tangerang Pasir Jaya,2026-04-28 19:00:00,97,97,47,,58,63,0,65,,,,,
Bekasi,Bekasi Kayuringin,2026-04-28 19:00:00,56,56,32,,76,15,0,22,,,,,
Jakarta,The Pakubuwono Menteng,2026-04-28 19:43:07,66,66,18,49,,,,,54,30.9,,,
Depok,Cinere - Nafas,2026-04-28 19:42:49,163,163,67,141,,,,,0,0,,,
Bogor,Kabupaten Bogor Leuwiliang,2026-04-28 19:00:00,84,84,46,,4,9,0,80,,,,,
Tangerang,Tangerang Pasir Jaya,2026-04-28 19:00:00,97,97,47,,58,63,0,65,,,,,
Bekasi,Bekasi Kayuringin,2026-04-28 19:00:00,56,56,32,,76,15,0,22,,,,,
Jakarta,The Pakubuwono Menteng,2026-04-28 19:44:07,71,71,22,52,,,,,54,30.9,,,
Depok,Cinere - Nafas,2026-04-28 19:43:48,166,166,69,151,,,,,0,0,,,
Bogor,Kabupaten Bogor Leuwiliang,2026-04-28 19:00:00,84,84,46,,4,9,0,80,,,,,
Tangerang,Tangerang Pasir Jaya,2026-04-28 19:00:00,97,97,47,,58,63,0,65,,,,,
Bekasi,Bekasi Kayuringin,2026-04-28 19:00:00,56,56,32,,76,15,0,22,,,,,
Jakarta,The Pakubuwono Menteng,2026-04-28 19:45:07,83,83,26,63,,,,,54,30.9,,,
Depok,Cinere - Nafas,2026-04-28 19:44:48,166,166,69,150,,,,,0,0,,,
Bogor,Kabupaten Bogor Leuwiliang,2026-04-28 19:00:00,84,84,46,,4,9,0,80,,,,,
Tangerang,Tangerang Pasir Jaya,2026-04-28 19:00:00,97,97,47,,58,63,0,65,,,,,
Bekasi,Bekasi Kayuringin,2026-04-28 19:00:00,56,56,32,,76,15,0,22,,,,,
Jakarta,The Pakubuwono Menteng,2026-04-28 19:47:07,77,77,24,57,,,,,54,30.9,,,
Depok,Cinere - Nafas,2026-04-28 19:46:48,167,167,70,148,,,,,0,0,,,
Bogor,Kabupaten Bogor Leuwiliang,2026-04-28 19:00:00,84,84,46,,4,9,0,80,,,,,
Tangerang,Tangerang Pasir Jaya,2026-04-28 19:00:00,97,97,47,,58,63,0,65,,,,,
Bekasi,Bekasi Kayuringin,2026-04-28 19:00:00,56,56,32,,76,15,0,22,,,,,
Jakarta,The Pakubuwono Menteng,2026-04-28 19:49:07,65,65,21,57,,,,,54,30.9,,,
Depok,Cinere - Nafas,2026-04-28 19:48:48,167,167,71,151,,,,,0,0,,,
Bogor,Kabupaten Bogor Leuwiliang,2026-04-28 19:00:00,84,84,46,,4,9,0,80,,,,,
Tangerang,Tangerang Pasir Jaya,2026-04-28 19:00:00,97,97,47,,58,63,0,65,,,,,
Bekasi,Bekasi Kayuringin,2026-04-28 19:00:00,56,56,32,,76,15,0,22,,,,,
Jakarta,The Pakubuwono Menteng,2026-04-28 19:49:07,65,65,21,57,,,,,54,30.9,,,
Depok,Cinere - Nafas,2026-04-28 19:48:48,167,167,71,151,,,,,0,0,,,
Bogor,Kabupaten Bogor Leuwiliang,2026-04-28 19:00:00,84,84,46,,4,9,0,80,,,,,
Tangerang,Tangerang Pasir Jaya,2026-04-28 19:00:00,97,97,47,,58,63,0,65,,,,,
Bekasi,Bekasi Kayuringin,2026-04-28 19:00:00,56,56,32,,76,15,0,22,,,,,
Jakarta,The Pakubuwono Menteng,2026-04-28 19:50:07,70,70,21,52,,,,,54,30.9,,,
Depok,Cinere - Nafas,2026-04-28 19:49:49,168,168,72,150,,,,,0,0,,,
Bogor,Kabupaten Bogor Leuwiliang,2026-04-28 19:00:00,84,84,46,,4,9,0,80,,,,,
Tangerang,Tangerang Pasir Jaya,2026-04-28 19:00:00,97,97,47,,58,63,0,65,,,,,
Bekasi,Bekasi Kayuringin,2026-04-28 19:00:00,56,56,32,,76,15,0,22,,,,,
Jakarta,The Pakubuwono Menteng,2026-04-28 19:51:07,69,69,20,46,,,,,54,31,,,
Depok,Cinere - Nafas,2026-04-28 19:50:49,167,167,71,149,,,,,0,0,,,
Bogor,Kabupaten Bogor Leuwiliang,2026-04-28 19:00:00,84,84,46,,4,9,0,80,,,,,
Tangerang,Tangerang Pasir Jaya,2026-04-28 19:00:00,97,97,47,,58,63,0,65,,,,,
Bekasi,Bekasi Kayuringin,2026-04-28 19:00:00,56,56,32,,76,15,0,22,,,,,
Jakarta,The Pakubuwono Menteng,2026-04-28 19:52:07,84,84,28,62,,,,,54,31,,,
Depok,Cinere - Nafas,2026-04-28 19:51:48,167,167,71,150,,,,,0,0,,,
Bogor,Kabupaten Bogor Leuwiliang,2026-04-28 19:00:00,84,84,46,,4,9,0,80,,,,,
Tangerang,Tangerang Pasir Jaya,2026-04-28 19:00:00,97,97,47,,58,63,0,65,,,,,
Bekasi,Bekasi Kayuringin,2026-04-28 19:00:00,56,56,32,,76,15,0,22,,,,,
Jakarta,The Pakubuwono Menteng,2026-04-28 19:54:07,71,71,22,55,,,,,54,31,,,
Depok,Cinere - Nafas,2026-04-28 19:53:49,166,166,69,150,,,,,0,0,,,
Bogor,Kabupaten Bogor Leuwiliang,2026-04-28 19:00:00,84,84,46,,4,9,0,80,,,,,
Tangerang,Tangerang Pasir Jaya,2026-04-28 19:00:00,97,97,47,,58,63,0,65,,,,,
Bekasi,Bekasi Kayuringin,2026-04-28 19:00:00,56,56,32,,76,15,0,22,,,,,
Jakarta,The Pakubuwono Menteng,2026-04-28 19:55:07,66,66,18,30,,,,,54,31,,,
Depok,Cinere - Nafas,2026-04-28 19:54:49,166,166,71,150,,,,,0,0,,,
Bogor,Kabupaten Bogor Leuwiliang,2026-04-28 19:00:00,84,84,46,,4,9,0,80,,,,,
Tangerang,Tangerang Pasir Jaya,2026-04-28 19:00:00,97,97,47,,58,63,0,65,,,,,
Bekasi,Bekasi Kayuringin,2026-04-28 19:00:00,56,56,32,,76,15,0,22,,,,,
Jakarta,The Pakubuwono Menteng,2026-04-28 19:56:07,62,62,17,33,,,,,54,31,,,
Depok,Cinere - Nafas,2026-04-28 19:55:49,168,168,72,150,,,,,0,0,,,
Bogor,Kabupaten Bogor Leuwiliang,2026-04-28 19:00:00,84,84,46,,4,9,0,80,,,,,
Tangerang,Tangerang Pasir Jaya,2026-04-28 19:00:00,97,97,47,,58,63,0,65,,,,,
Bekasi,Bekasi Kayuringin,2026-04-28 19:00:00,56,56,32,,76,15,0,22,,,,,
Jakarta,The Pakubuwono Menteng,2026-04-28 19:58:07,63,63,17,33,,,,,54,31,,,
Depok,Cinere - Nafas,2026-04-28 19:57:49,169,169,72,151,,,,,0,0,,,
Bogor,Kabupaten Bogor Leuwiliang,2026-04-28 19:00:00,84,84,46,,4,9,0,80,,,,,
Tangerang,Tangerang Pasir Jaya,2026-04-28 19:00:00,97,97,47,,58,63,0,65,,,,,
Bekasi,Bekasi Kayuringin,2026-04-28 19:00:00,56,56,32,,76,15,0,22,,,,,
Jakarta,The Pakubuwono Menteng,2026-04-28 19:59:07,54,54,12,24,,,,,54,31.1,,,
Depok,Cinere - Nafas,2026-04-28 19:58:48,169,169,72,152,,,,,0,0,,,
Bogor,Kabupaten Bogor Leuwiliang,2026-04-28 19:00:00,84,84,46,,4,9,0,80,,,,,
Tangerang,Tangerang Pasir Jaya,2026-04-28 19:00:00,97,97,47,,58,63,0,65,,,,,
Bekasi,Bekasi Kayuringin,2026-04-28 19:00:00,56,56,32,,76,15,0,22,,,,,
Jakarta,The Pakubuwono Menteng,2026-04-28 20:00:08,60,60,16,35,,,,,53,31.1,,,
Depok,Cinere - Nafas,2026-04-28 19:59:49,168,168,71,151,,,,,0,0,,,
Bogor,Kabupaten Bogor Leuwiliang,2026-04-28 19:00:00,84,84,46,,4,9,0,80,,,,,
Tangerang,Tangerang Pasir Jaya,2026-04-28 19:00:00,97,97,47,,58,63,0,65,,,,,
Bekasi,Bekasi Kayuringin,2026-04-28 19:00:00,56,56,32,,76,15,0,22,,,,,
Jakarta,The Pakubuwono Menteng,2026-04-28 20:02:08,64,64,18,43,,,,,53,31.1,,,
Depok,Cinere - Nafas,2026-04-28 20:01:49,167,167,71,150,,,,,0,0,,,
Bogor,Kabupaten Bogor Leuwiliang,2026-04-28 19:00:00,84,84,46,,4,9,0,80,,,,,
Tangerang,Tangerang Pasir Jaya,2026-04-28 19:00:00,97,97,47,,58,63,0,65,,,,,
Bekasi,Bekasi Kayuringin,2026-04-28 19:00:00,56,56,32,,76,15,0,22,,,,,
Jakarta,The Pakubuwono Menteng,2026-04-28 20:03:07,72,72,20,40,,,,,53,31.1,,,
Depok,Cinere - Nafas,2026-04-28 20:02:49,166,166,69,148,,,,,0,0,,,
Bogor,Kabupaten Bogor Leuwiliang,2026-04-28 19:00:00,84,84,46,,4,9,0,80,,,,,
Tangerang,Tangerang Pasir Jaya,2026-04-28 19:00:00,97,97,47,,58,63,0,65,,,,,
Bekasi,Bekasi Kayuringin,2026-04-28 19:00:00,56,56,32,,76,15,0,22,,,,,
Jakarta,The Pakubuwono Menteng,2026-04-28 20:03:07,72,72,20,40,,,,,53,31.1,,,
Depok,Cinere - Nafas,2026-04-28 20:02:49,166,166,69,148,,,,,0,0,,,
Bogor,Kabupaten Bogor Leuwiliang,2026-04-28 19:00:00,84,84,46,,4,9,0,80,,,,,
Tangerang,Tangerang Pasir Jaya,2026-04-28 19:00:00,97,97,47,,58,63,0,65,,,,,
Bekasi,Bekasi Kayuringin,2026-04-28 19:00:00,56,56,32,,76,15,0,22,,,,,
Jakarta,The Pakubuwono Menteng,2026-04-28 20:04:08,65,65,17,37,,,,,53,31.1,,,
Depok,Cinere - Nafas,2026-04-28 20:03:49,165,165,70,145,,,,,0,0,,,
Bogor,Kabupaten Bogor Leuwiliang,2026-04-28 19:00:00,84,84,46,,4,9,0,80,,,,,
Tangerang,Tangerang Pasir Jaya,2026-04-28 19:00:00,97,97,47,,58,63,0,65,,,,,
Bekasi,Bekasi Kayuringin,2026-04-28 19:00:00,56,56,32,,76,15,0,22,,,,,
Jakarta,The Pakubuwono Menteng,2026-04-28 20:05:07,50,50,12,26,,,,,53,31.1,,,
Depok,Cinere - Nafas,2026-04-28 20:04:49,161,161,65,137,,,,,0,0,,,
Bogor,Kabupaten Bogor Leuwiliang,2026-04-28 19:00:00,84,84,46,,4,9,0,80,,,,,
Tangerang,Tangerang Pasir Jaya,2026-04-28 19:00:00,97,97,47,,58,63,0,65,,,,,
Bekasi,Bekasi Kayuringin,2026-04-28 19:00:00,56,56,32,,76,15,0,22,,,,,
Jakarta,The Pakubuwono Menteng,2026-04-28 20:08:07,51,51,12,27,,,,,53,31.2,,,
Depok,Cinere - Nafas,2026-04-28 20:07:49,160,160,62,131,,,,,0,0,,,
Bogor,Kabupaten Bogor Leuwiliang,2026-04-28 20:00:00,84,84,45,,4,9,0,80,,,,,
Tangerang,Tangerang Pasir Jaya,2026-04-28 20:00:00,94,94,46,,58,63,0,65,,,,,
Bekasi,Bekasi Kayuringin,2026-04-28 20:00:00,56,56,31,,75,15,0,21,,,,,
Jakarta,The Pakubuwono Menteng,2026-04-28 20:09:08,58,58,14,31,,,,,53,31.2,,,
Depok,Cinere - Nafas,2026-04-28 20:08:49,160,160,63,130,,,,,0,0,,,
Bogor,Kabupaten Bogor Leuwiliang,2026-04-28 20:00:00,84,84,45,,4,9,0,80,,,,,
Tangerang,Tangerang Pasir Jaya,2026-04-28 20:00:00,94,94,46,,58,63,0,65,,,,,
Bekasi,Bekasi Kayuringin,2026-04-28 20:00:00,56,56,31,,75,15,0,21,,,,,
Jakarta,The Pakubuwono Menteng,2026-04-28 20:10:08,67,67,21,44,,,,,53,31.2,,,
Depok,Cinere - Nafas,2026-04-28 20:09:49,157,157,62,128,,,,,0,0,,,
Bogor,Kabupaten Bogor Leuwiliang,2026-04-28 20:00:00,84,84,45,,4,9,0,80,,,,,
Tangerang,Tangerang Pasir Jaya,2026-04-28 20:00:00,94,94,46,,58,63,0,65,,,,,
Bekasi,Bekasi Kayuringin,2026-04-28 20:00:00,56,56,31,,75,15,0,21,,,,,
Jakarta,The Pakubuwono Menteng,2026-04-28 20:11:08,67,67,21,39,,,,,53,31.2,,,
Depok,Cinere - Nafas,2026-04-28 20:10:49,160,160,62,130,,,,,0,0,,,
Bogor,Kabupaten Bogor Leuwiliang,2026-04-28 20:00:00,84,84,45,,4,9,0,80,,,,,
Tangerang,Tangerang Pasir Jaya,2026-04-28 20:00:00,94,94,46,,58,63,0,65,,,,,
Bekasi,Bekasi Kayuringin,2026-04-28 20:00:00,56,56,31,,75,15,0,21,,,,,
Jakarta,The Pakubuwono Menteng,2026-04-28 20:12:08,59,59,17,35,,,,,53,31.2,,,
Depok,Cinere - Nafas,2026-04-28 20:11:49,158,158,61,126,,,,,0,0,,,
Bogor,Kabupaten Bogor Leuwiliang,2026-04-28 20:00:00,84,84,45,,4,9,0,80,,,,,
Tangerang,Tangerang Pasir Jaya,2026-04-28 20:00:00,94,94,46,,58,63,0,65,,,,,
Bekasi,Bekasi Kayuringin,2026-04-28 20:00:00,56,56,31,,75,15,0,21,,,,,
Jakarta,The Pakubuwono Menteng,2026-04-28 20:13:08,64,64,17,35,,,,,53,31.2,,,
Depok,Cinere - Nafas,2026-04-28 20:12:49,155,155,60,116,,,,,0,0,,,
Bogor,Kabupaten Bogor Leuwiliang,2026-04-28 20:00:00,84,84,45,,4,9,0,80,,,,,
Tangerang,Tangerang Pasir Jaya,2026-04-28 20:00:00,94,94,46,,58,63,0,65,,,,,
Bekasi,Bekasi Kayuringin,2026-04-28 20:00:00,56,56,31,,75,15,0,21,,,,,
Jakarta,The Pakubuwono Menteng,2026-04-28 20:14:08,77,77,23,59,,,,,53,31.2,,,
Depok,Cinere - Nafas,2026-04-28 20:13:49,156,156,61,121,,,,,0,0,,,
Bogor,Kabupaten Bogor Leuwiliang,2026-04-28 20:00:00,84,84,45,,4,9,0,80,,,,,
Tangerang,Tangerang Pasir Jaya,2026-04-28 20:00:00,94,94,46,,58,63,0,65,,,,,
Bekasi,Bekasi Kayuringin,2026-04-28 20:00:00,56,56,31,,75,15,0,21,,,,,
Jakarta,The Pakubuwono Menteng,2026-04-28 20:16:08,75,75,22,51,,,,,53,31.2,,,
Depok,Cinere - Nafas,2026-04-28 20:15:49,158,158,61,124,,,,,0,0,,,
Bogor,Kabupaten Bogor Leuwiliang,2026-04-28 20:00:00,84,84,45,,4,9,0,80,,,,,
Tangerang,Tangerang Pasir Jaya,2026-04-28 20:00:00,94,94,46,,58,63,0,65,,,,,
Bekasi,Bekasi Kayuringin,2026-04-28 20:00:00,56,56,31,,75,15,0,21,,,,,
Jakarta,The Pakubuwono Menteng,2026-04-28 20:17:08,78,78,24,52,,,,,53,31.2,,,
Depok,Cinere - Nafas,2026-04-28 20:16:49,157,157,61,121,,,,,0,0,,,
Bogor,Kabupaten Bogor Leuwiliang,2026-04-28 20:00:00,84,84,45,,4,9,0,80,,,,,
Tangerang,Tangerang Pasir Jaya,2026-04-28 20:00:00,94,94,46,,58,63,0,65,,,,,
Bekasi,Bekasi Kayuringin,2026-04-28 20:00:00,56,56,31,,75,15,0,21,,,,,
Jakarta,The Pakubuwono Menteng,2026-04-28 20:18:08,72,72,22,54,,,,,53,31.2,,,
Depok,Cinere - Nafas,2026-04-28 20:17:49,157,157,61,122,,,,,0,0,,,
Bogor,Kabupaten Bogor Leuwiliang,2026-04-28 20:00:00,84,84,45,,4,9,0,80,,,,,
Tangerang,Tangerang Pasir Jaya,2026-04-28 20:00:00,94,94,46,,58,63,0,65,,,,,
Bekasi,Bekasi Kayuringin,2026-04-28 20:00:00,56,56,31,,75,15,0,21,,,,,
Jakarta,The Pakubuwono Menteng,2026-04-28 20:19:08,75,75,22,54,,,,,53,31.1,,,
Depok,Cinere - Nafas,2026-04-28 20:18:49,157,157,61,116,,,,,0,0,,,
Bogor,Kabupaten Bogor Leuwiliang,2026-04-28 20:00:00,84,84,45,,4,9,0,80,,,,,
Tangerang,Tangerang Pasir Jaya,2026-04-28 20:00:00,94,94,46,,58,63,0,65,,,,,
Bekasi,Bekasi Kayuringin,2026-04-28 20:00:00,56,56,31,,75,15,0,21,,,,,
Jakarta,The Pakubuwono Menteng,2026-04-28 20:20:08,72,72,21,59,,,,,53,31.2,,,
Depok,Cinere - Nafas,2026-04-28 20:19:49,158,158,61,125,,,,,0,0,,,
Bogor,Kabupaten Bogor Leuwiliang,2026-04-28 20:00:00,84,84,45,,4,9,0,80,,,,,
Tangerang,Tangerang Pasir Jaya,2026-04-28 20:00:00,94,94,46,,58,63,0,65,,,,,
Bekasi,Bekasi Kayuringin,2026-04-28 20:00:00,56,56,31,,75,15,0,21,,,,,
Jakarta,The Pakubuwono Menteng,2026-04-28 20:22:08,80,80,25,64,,,,,53,31.1,,,
Depok,Cinere - Nafas,2026-04-28 20:21:49,158,158,61,126,,,,,0,0,,,
Bogor,Kabupaten Bogor Leuwiliang,2026-04-28 20:00:00,84,84,45,,4,9,0,80,,,,,
Tangerang,Tangerang Pasir Jaya,2026-04-28 20:00:00,94,94,46,,58,63,0,65,,,,,
Bekasi,Bekasi Kayuringin,2026-04-28 20:00:00,56,56,31,,75,15,0,21,,,,,
Jakarta,The Pakubuwono Menteng,2026-04-28 20:23:08,76,76,23,61,,,,,53,31.1,,,
Depok,Cinere - Nafas,2026-04-28 20:22:49,157,157,61,121,,,,,0,0,,,
Bogor,Kabupaten Bogor Leuwiliang,2026-04-28 20:00:00,84,84,45,,4,9,0,80,,,,,
Tangerang,Tangerang Pasir Jaya,2026-04-28 20:00:00,94,94,46,,58,63,0,65,,,,,
Bekasi,Bekasi Kayuringin,2026-04-28 20:00:00,56,56,31,,75,15,0,21,,,,,
Jakarta,The Pakubuwono Menteng,2026-04-28 20:24:08,64,64,20,47,,,,,53,31.1,,,
Depok,Cinere - Nafas,2026-04-28 20:23:49,156,156,60,119,,,,,0,0,,,
Bogor,Kabupaten Bogor Leuwiliang,2026-04-28 20:00:00,84,84,45,,4,9,0,80,,,,,
Tangerang,Tangerang Pasir Jaya,2026-04-28 20:00:00,94,94,46,,58,63,0,65,,,,,
Bekasi,Bekasi Kayuringin,2026-04-28 20:00:00,56,56,31,,75,15,0,21,,,,,
Jakarta,The Pakubuwono Menteng,2026-04-28 20:25:08,62,62,17,34,,,,,53,31.1,,,
Depok,Cinere - Nafas,2026-04-28 20:24:49,156,156,60,115,,,,,0,0,,,
Bogor,Kabupaten Bogor Leuwiliang,2026-04-28 20:00:00,84,84,45,,4,9,0,80,,,,,
Tangerang,Tangerang Pasir Jaya,2026-04-28 20:00:00,94,94,46,,58,63,0,65,,,,,
Bekasi,Bekasi Kayuringin,2026-04-28 20:00:00,56,56,31,,75,15,0,21,,,,,
Jakarta,The Pakubuwono Menteng,2026-04-28 20:27:08,62,62,17,29,,,,,53,31.1,,,
Depok,Cinere - Nafas,2026-04-28 20:26:49,157,157,61,125,,,,,0,0,,,
Bogor,Kabupaten Bogor Leuwiliang,2026-04-28 20:00:00,84,84,45,,4,9,0,80,,,,,
Tangerang,Tangerang Pasir Jaya,2026-04-28 20:00:00,94,94,46,,58,63,0,65,,,,,
Bekasi,Bekasi Kayuringin,2026-04-28 20:00:00,56,56,31,,75,15,0,21,,,,,
Jakarta,The Pakubuwono Menteng,2026-04-28 20:29:08,80,80,24,58,,,,,53,31.1,,,
Depok,Cinere - Nafas,2026-04-28 20:28:49,158,158,61,126,,,,,0,0,,,
Bogor,Kabupaten Bogor Leuwiliang,2026-04-28 20:00:00,84,84,45,,4,9,0,80,,,,,
Tangerang,Tangerang Pasir Jaya,2026-04-28 20:00:00,94,94,46,,58,63,0,65,,,,,
Bekasi,Bekasi Kayuringin,2026-04-28 20:00:00,56,56,31,,75,15,0,21,,,,,
Jakarta,The Pakubuwono Menteng,2026-04-28 20:30:08,77,77,23,64,,,,,53,31.1,,,
Depok,Cinere - Nafas,2026-04-28 20:29:49,156,156,60,118,,,,,0,0,,,
Bogor,Kabupaten Bogor Leuwiliang,2026-04-28 20:00:00,84,84,45,,4,9,0,80,,,,,
Tangerang,Tangerang Pasir Jaya,2026-04-28 20:00:00,94,94,46,,58,63,0,65,,,,,
Bekasi,Bekasi Kayuringin,2026-04-28 20:00:00,56,56,31,,75,15,0,21,,,,,
Jakarta,The Pakubuwono Menteng,2026-04-28 23:43:12,152,152,58,112,,,,,57,30.4,,,
Depok,Cinere - Nafas,2026-04-28 23:43:33,173,173,78,154,,,,,0,0,,,
Bogor,Kabupaten Bogor Leuwiliang,2026-04-28 23:00:00,82,82,45,,4,9,0,80,,,,,
Tangerang,Tangerang Pasir Jaya,2026-04-28 23:00:00,80,80,40,,58,63,0,65,,,,,
Bekasi,Bekasi Kayuringin,2026-04-28 23:00:00,54,54,30,,69,15,0,19,,,,,
Jakarta,The Pakubuwono Menteng,2026-04-28 23:44:12,153,153,57,111,,,,,57,30.4,,,
Depok,Cinere - Nafas,2026-04-28 23:44:33,173,173,77,154,,,,,0,0,,,
Bogor,Kabupaten Bogor Leuwiliang,2026-04-28 23:00:00,82,82,45,,4,9,0,80,,,,,
Tangerang,Tangerang Pasir Jaya,2026-04-28 23:00:00,80,80,40,,58,63,0,65,,,,,
Bekasi,Bekasi Kayuringin,2026-04-28 23:00:00,54,54,30,,69,15,0,19,,,,,
Jakarta,The Pakubuwono Menteng,2026-04-28 23:46:12,151,151,58,110,,,,,57,30.4,,,
Depok,Cinere - Nafas,2026-04-28 23:46:33,173,173,78,153,,,,,0,0,,,
Bogor,Kabupaten Bogor Leuwiliang,2026-04-28 23:00:00,82,82,45,,4,9,0,80,,,,,
Tangerang,Tangerang Pasir Jaya,2026-04-28 23:00:00,80,80,40,,58,63,0,65,,,,,
Bekasi,Bekasi Kayuringin,2026-04-28 23:00:00,54,54,30,,69,15,0,19,,,,,
Jakarta,The Pakubuwono Menteng,2026-04-28 23:47:12,151,151,57,106,,,,,57,30.4,,,
Depok,Cinere - Nafas,2026-04-28 23:47:34,174,174,78,155,,,,,0,0,,,
Bogor,Kabupaten Bogor Leuwiliang,2026-04-28 23:00:00,82,82,45,,4,9,0,80,,,,,
Tangerang,Tangerang Pasir Jaya,2026-04-28 23:00:00,80,80,40,,58,63,0,65,,,,,
Bekasi,Bekasi Kayuringin,2026-04-28 23:00:00,54,54,30,,69,15,0,19,,,,,
Jakarta,The Pakubuwono Menteng,2026-04-28 23:48:12,146,146,56,100,,,,,57,30.3,,,
Depok,Cinere - Nafas,2026-04-28 23:48:33,174,174,77,155,,,,,0,0,,,
Bogor,Kabupaten Bogor Leuwiliang,2026-04-28 23:00:00,82,82,45,,4,9,0,80,,,,,
Tangerang,Tangerang Pasir Jaya,2026-04-28 23:00:00,80,80,40,,58,63,0,65,,,,,
Bekasi,Bekasi Kayuringin,2026-04-28 23:00:00,54,54,30,,69,15,0,19,,,,,
Jakarta,The Pakubuwono Menteng,2026-04-28 23:48:12,146,146,56,100,,,,,57,30.3,,,
Depok,Cinere - Nafas,2026-04-28 23:48:33,174,174,77,155,,,,,0,0,,,
Bogor,Kabupaten Bogor Leuwiliang,2026-04-28 23:00:00,82,82,45,,4,9,0,80,,,,,
Tangerang,Tangerang Pasir Jaya,2026-04-28 23:00:00,80,80,40,,58,63,0,65,,,,,
Bekasi,Bekasi Kayuringin,2026-04-28 23:00:00,54,54,30,,69,15,0,19,,,,,
Jakarta,The Pakubuwono Menteng,2026-04-28 23:51:15,149,149,56,105,,,,,57,30.3,,,
Depok,Cinere - Nafas,2026-04-28 23:51:34,174,174,77,155,,,,,0,0,,,
Bogor,Kabupaten Bogor Leuwiliang,2026-04-28 23:00:00,82,82,45,,4,9,0,80,,,,,
Tangerang,Tangerang Pasir Jaya,2026-04-28 23:00:00,80,80,40,,58,63,0,65,,,,,
Bekasi,Bekasi Kayuringin,2026-04-28 23:00:00,54,54,30,,69,15,0,19,,,,,
Jakarta,The Pakubuwono Menteng,2026-04-28 23:52:13,152,152,57,111,,,,,57,30.3,,,
Depok,Cinere - Nafas,2026-04-28 23:52:34,174,174,77,155,,,,,0,0,,,
Bogor,Kabupaten Bogor Leuwiliang,2026-04-28 23:00:00,82,82,45,,4,9,0,80,,,,,
Tangerang,Tangerang Pasir Jaya,2026-04-28 23:00:00,80,80,40,,58,63,0,65,,,,,
Bekasi,Bekasi Kayuringin,2026-04-28 23:00:00,54,54,30,,69,15,0,19,,,,,
Jakarta,The Pakubuwono Menteng,2026-04-28 23:53:12,150,150,57,108,,,,,57,30.3,,,
Depok,Cinere - Nafas,2026-04-28 23:53:34,176,176,78,155,,,,,0,0,,,
Bogor,Kabupaten Bogor Leuwiliang,2026-04-28 23:00:00,82,82,45,,4,9,0,80,,,,,
Tangerang,Tangerang Pasir Jaya,2026-04-28 23:00:00,80,80,40,,58,63,0,65,,,,,
Bekasi,Bekasi Kayuringin,2026-04-28 23:00:00,54,54,30,,69,15,0,19,,,,,
Jakarta,The Pakubuwono Menteng,2026-04-28 23:54:12,142,142,55,100,,,,,57,30.3,,,
Depok,Cinere - Nafas,2026-04-28 23:54:34,176,176,80,156,,,,,0,0,,,
Bogor,Kabupaten Bogor Leuwiliang,2026-04-28 23:00:00,82,82,45,,4,9,0,80,,,,,
Tangerang,Tangerang Pasir Jaya,2026-04-28 23:00:00,80,80,40,,58,63,0,65,,,,,
Bekasi,Bekasi Kayuringin,2026-04-28 23:00:00,54,54,30,,69,15,0,19,,,,,
Jakarta,The Pakubuwono Menteng,2026-04-28 23:55:12,151,151,57,110,,,,,57,30.3,,,
Depok,Cinere - Nafas,2026-04-28 23:55:34,181,181,84,160,,,,,0,0,,,
Bogor,Kabupaten Bogor Leuwiliang,2026-04-28 23:00:00,82,82,45,,4,9,0,80,,,,,
Tangerang,Tangerang Pasir Jaya,2026-04-28 23:00:00,80,80,40,,58,63,0,65,,,,,
Bekasi,Bekasi Kayuringin,2026-04-28 23:00:00,54,54,30,,69,15,0,19,,,,,
Jakarta,The Pakubuwono Menteng,2026-04-28 23:56:12,151,151,57,109,,,,,57,30.3,,,
Depok,Cinere - Nafas,2026-04-28 23:56:34,181,181,83,160,,,,,0,0,,,
Bogor,Kabupaten Bogor Leuwiliang,2026-04-28 23:00:00,82,82,45,,4,9,0,80,,,,,
Tangerang,Tangerang Pasir Jaya,2026-04-28 23:00:00,80,80,40,,58,63,0,65,,,,,
Bekasi,Bekasi Kayuringin,2026-04-28 23:00:00,54,54,30,,69,15,0,19,,,,,
