city,station_name,time,aqi,pm25,pm10,pm1,no2,so2,co,o3,humidity,temperature,pressure,wind,rain
Jakarta,The Pakubuwono Menteng,2026-05-13 23:56:15,151,151,57,113,,,,,54,30.7,,,
Depok,Cinere - Nafas,2026-05-13 23:55:59,174,174,77,155,,,,,0,0,,,
Bogor,Kabupaten Bogor Leuwiliang,2026-05-13 01:00:00,-,85,46,,4,9,0,80,,,,,
Tangerang,Tangerang Pasir Jaya,2026-05-13 23:00:00,134,134,60,,59,63,0,65,,,,,
Bekasi,Bekasi Kayuringin,2026-05-13 23:00:00,87,87,47,,49,13,0,2,,,,,
Jakarta,The Pakubuwono Menteng,2026-05-14 00:00:15,151,151,56,109,,,,,55,30.7,,,
Depok,Cinere - Nafas,2026-05-13 23:59:59,172,172,74,154,,,,,0,0,,,
Bogor,Kabupaten Bogor Leuwiliang,2026-05-13 01:00:00,-,85,46,,4,9,0,80,,,,,
Tangerang,Tangerang Pasir Jaya,2026-05-13 23:00:00,134,134,60,,59,63,0,65,,,,,
Bekasi,Bekasi Kayuringin,2026-05-13 23:00:00,87,87,47,,49,13,0,2,,,,,
Jakarta,The Pakubuwono Menteng,2026-05-14 00:00:15,151,151,56,109,,,,,55,30.7,,,
Depok,Cinere - Nafas,2026-05-13 23:59:59,172,172,74,154,,,,,0,0,,,
Bogor,Kabupaten Bogor Leuwiliang,2026-05-13 01:00:00,-,85,46,,4,9,0,80,,,,,
Tangerang,Tangerang Pasir Jaya,2026-05-13 23:00:00,134,134,60,,59,63,0,65,,,,,
Bekasi,Bekasi Kayuringin,2026-05-13 23:00:00,87,87,47,,49,13,0,2,,,,,
Jakarta,The Pakubuwono Menteng,2026-05-14 00:01:17,151,151,57,111,,,,,55,30.7,,,
Depok,Cinere - Nafas,2026-05-14 00:00:59,170,170,74,154,,,,,0,0,,,
Bogor,Kabupaten Bogor Leuwiliang,2026-05-13 01:00:00,-,85,46,,4,9,0,80,,,,,
Tangerang,Tangerang Pasir Jaya,2026-05-13 23:00:00,134,134,60,,59,63,0,65,,,,,
Bekasi,Bekasi Kayuringin,2026-05-13 23:00:00,87,87,47,,49,13,0,2,,,,,
Jakarta,The Pakubuwono Menteng,2026-05-14 00:03:15,151,151,57,108,,,,,55,30.7,,,
Depok,Cinere - Nafas,2026-05-14 00:02:59,165,165,67,144,,,,,0,0,,,
Bogor,Kabupaten Bogor Leuwiliang,2026-05-13 01:00:00,-,85,46,,4,9,0,80,,,,,
Tangerang,Tangerang Pasir Jaya,2026-05-13 23:00:00,134,134,60,,59,63,0,65,,,,,
Bekasi,Bekasi Kayuringin,2026-05-13 23:00:00,87,87,47,,49,13,0,2,,,,,
Jakarta,The Pakubuwono Menteng,2026-05-14 00:03:15,151,151,57,108,,,,,55,30.7,,,
Depok,Cinere - Nafas,2026-05-14 00:02:59,165,165,67,144,,,,,0,0,,,
Bogor,Kabupaten Bogor Leuwiliang,2026-05-13 01:00:00,-,85,46,,4,9,0,80,,,,,
Tangerang,Tangerang Pasir Jaya,2026-05-13 23:00:00,134,134,60,,59,63,0,65,,,,,
Bekasi,Bekasi Kayuringin,2026-05-13 23:00:00,87,87,47,,49,13,0,2,,,,,
Jakarta,The Pakubuwono Menteng,2026-05-14 00:04:15,151,151,57,110,,,,,54,30.7,,,
Depok,Cinere - Nafas,2026-05-14 00:03:59,161,161,64,138,,,,,0,0,,,
Bogor,Kabupaten Bogor Leuwiliang,2026-05-13 01:00:00,-,85,46,,4,9,0,80,,,,,
Tangerang,Tangerang Pasir Jaya,2026-05-13 23:00:00,134,134,60,,59,63,0,65,,,,,
Bekasi,Bekasi Kayuringin,2026-05-13 23:00:00,87,87,47,,49,13,0,2,,,,,
Jakarta,The Pakubuwono Menteng,2026-05-14 00:06:15,151,151,57,111,,,,,54,30.7,,,
Depok,Cinere - Nafas,2026-05-14 00:05:59,159,159,62,128,,,,,0,0,,,
Bogor,Kabupaten Bogor Leuwiliang,2026-05-13 01:00:00,-,85,46,,4,9,0,80,,,,,
Tangerang,Tangerang Pasir Jaya,2026-05-14 00:00:00,127,127,59,,59,63,0,65,,,,,
Bekasi,Bekasi Kayuringin,2026-05-14 00:00:00,85,85,46,,50,13,0,2,,,,,
Jakarta,The Pakubuwono Menteng,2026-05-14 00:06:15,151,151,57,111,,,,,54,30.7,,,
Depok,Cinere - Nafas,2026-05-14 00:05:59,159,159,62,128,,,,,0,0,,,
Bogor,Kabupaten Bogor Leuwiliang,2026-05-13 01:00:00,-,85,46,,4,9,0,80,,,,,
Tangerang,Tangerang Pasir Jaya,2026-05-14 00:00:00,127,127,59,,59,63,0,65,,,,,
Bekasi,Bekasi Kayuringin,2026-05-14 00:00:00,85,85,46,,50,13,0,2,,,,,
Jakarta,The Pakubuwono Menteng,2026-05-14 00:07:15,153,153,58,120,,,,,54,30.7,,,
Depok,Cinere - Nafas,2026-05-14 00:06:59,156,156,61,120,,,,,0,0,,,
Bogor,Kabupaten Bogor Leuwiliang,2026-05-13 01:00:00,-,85,46,,4,9,0,80,,,,,
Tangerang,Tangerang Pasir Jaya,2026-05-14 00:00:00,127,127,59,,59,63,0,65,,,,,
Bekasi,Bekasi Kayuringin,2026-05-14 00:00:00,85,85,46,,50,13,0,2,,,,,
Jakarta,The Pakubuwono Menteng,2026-05-14 00:09:15,155,155,59,118,,,,,55,30.7,,,
Depok,Cinere - Nafas,2026-05-14 00:09:00,155,155,60,116,,,,,0,0,,,
Bogor,Kabupaten Bogor Leuwiliang,2026-05-13 01:00:00,-,85,46,,4,9,0,80,,,,,
Tangerang,Tangerang Pasir Jaya,2026-05-14 00:00:00,127,127,59,,59,63,0,65,,,,,
Bekasi,Bekasi Kayuringin,2026-05-14 00:00:00,85,85,46,,50,13,0,2,,,,,
Jakarta,The Pakubuwono Menteng,2026-05-14 00:11:15,150,150,56,109,,,,,54,30.6,,,
Depok,Cinere - Nafas,2026-05-14 00:10:59,154,154,59,115,,,,,0,0,,,
Bogor,Kabupaten Bogor Leuwiliang,2026-05-13 01:00:00,-,85,46,,4,9,0,80,,,,,
Tangerang,Tangerang Pasir Jaya,2026-05-14 00:00:00,127,127,59,,59,63,0,65,,,,,
Bekasi,Bekasi Kayuringin,2026-05-14 00:00:00,85,85,46,,50,13,0,2,,,,,
Jakarta,The Pakubuwono Menteng,2026-05-14 00:12:15,137,137,55,98,,,,,54,30.6,,,
Depok,Cinere - Nafas,2026-05-14 00:11:59,154,154,60,114,,,,,0,0,,,
Bogor,Kabupaten Bogor Leuwiliang,2026-05-13 01:00:00,-,85,46,,4,9,0,80,,,,,
Tangerang,Tangerang Pasir Jaya,2026-05-14 00:00:00,127,127,59,,59,63,0,65,,,,,
Bekasi,Bekasi Kayuringin,2026-05-14 00:00:00,85,85,46,,50,13,0,2,,,,,
Jakarta,The Pakubuwono Menteng,2026-05-14 00:14:15,144,144,55,105,,,,,54,30.6,,,
Depok,Cinere - Nafas,2026-05-14 00:14:00,152,152,59,110,,,,,0,0,,,
Bogor,Kabupaten Bogor Leuwiliang,2026-05-13 01:00:00,-,85,46,,4,9,0,80,,,,,
Tangerang,Tangerang Pasir Jaya,2026-05-14 00:00:00,127,127,59,,59,63,0,65,,,,,
Bekasi,Bekasi Kayuringin,2026-05-14 00:00:00,85,85,46,,50,13,0,2,,,,,
Jakarta,The Pakubuwono Menteng,2026-05-14 00:14:15,144,144,55,105,,,,,54,30.6,,,
Depok,Cinere - Nafas,2026-05-14 00:14:00,152,152,59,110,,,,,0,0,,,
Bogor,Kabupaten Bogor Leuwiliang,2026-05-13 01:00:00,-,85,46,,4,9,0,80,,,,,
Tangerang,Tangerang Pasir Jaya,2026-05-14 00:00:00,127,127,59,,59,63,0,65,,,,,
Bekasi,Bekasi Kayuringin,2026-05-14 00:00:00,85,85,46,,50,13,0,2,,,,,
Jakarta,The Pakubuwono Menteng,2026-05-14 00:15:15,146,146,55,105,,,,,54,30.7,,,
Depok,Cinere - Nafas,2026-05-14 00:15:00,154,154,59,114,,,,,0,0,,,
Bogor,Kabupaten Bogor Leuwiliang,2026-05-13 01:00:00,-,85,46,,4,9,0,80,,,,,
Tangerang,Tangerang Pasir Jaya,2026-05-14 00:00:00,127,127,59,,59,63,0,65,,,,,
Bekasi,Bekasi Kayuringin,2026-05-14 00:00:00,85,85,46,,50,13,0,2,,,,,
Jakarta,The Pakubuwono Menteng,2026-05-14 00:17:15,149,149,55,109,,,,,54,30.7,,,
Depok,Cinere - Nafas,2026-05-14 00:17:00,154,154,59,113,,,,,0,0,,,
Bogor,Kabupaten Bogor Leuwiliang,2026-05-13 01:00:00,-,85,46,,4,9,0,80,,,,,
Tangerang,Tangerang Pasir Jaya,2026-05-14 00:00:00,127,127,59,,59,63,0,65,,,,,
Bekasi,Bekasi Kayuringin,2026-05-14 00:00:00,85,85,46,,50,13,0,2,,,,,
Jakarta,The Pakubuwono Menteng,2026-05-14 00:17:15,149,149,55,109,,,,,54,30.7,,,
Depok,Cinere - Nafas,2026-05-14 00:17:00,154,154,59,113,,,,,0,0,,,
Bogor,Kabupaten Bogor Leuwiliang,2026-05-13 01:00:00,-,85,46,,4,9,0,80,,,,,
Tangerang,Tangerang Pasir Jaya,2026-05-14 00:00:00,127,127,59,,59,63,0,65,,,,,
Bekasi,Bekasi Kayuringin,2026-05-14 00:00:00,85,85,46,,50,13,0,2,,,,,
Jakarta,The Pakubuwono Menteng,2026-05-14 00:20:15,141,141,55,101,,,,,54,30.6,,,
Depok,Cinere - Nafas,2026-05-14 00:20:00,154,154,60,114,,,,,0,0,,,
Bogor,Kabupaten Bogor Leuwiliang,2026-05-13 01:00:00,-,85,46,,4,9,0,80,,,,,
Tangerang,Tangerang Pasir Jaya,2026-05-14 00:00:00,127,127,59,,59,63,0,65,,,,,
Bekasi,Bekasi Kayuringin,2026-05-14 00:00:00,85,85,46,,50,13,0,2,,,,,
Jakarta,The Pakubuwono Menteng,2026-05-14 00:20:15,141,141,55,101,,,,,54,30.6,,,
Depok,Cinere - Nafas,2026-05-14 00:20:00,154,154,60,114,,,,,0,0,,,
Bogor,Kabupaten Bogor Leuwiliang,2026-05-13 01:00:00,-,85,46,,4,9,0,80,,,,,
Tangerang,Tangerang Pasir Jaya,2026-05-14 00:00:00,127,127,59,,59,63,0,65,,,,,
Bekasi,Bekasi Kayuringin,2026-05-14 00:00:00,85,85,46,,50,13,0,2,,,,,
Jakarta,The Pakubuwono Menteng,2026-05-14 00:22:15,138,138,54,98,,,,,54,30.7,,,
Depok,Cinere - Nafas,2026-05-14 00:22:00,157,157,61,121,,,,,0,0,,,
Bogor,Kabupaten Bogor Leuwiliang,2026-05-13 01:00:00,-,85,46,,4,9,0,80,,,,,
Tangerang,Tangerang Pasir Jaya,2026-05-14 00:00:00,127,127,59,,59,63,0,65,,,,,
Bekasi,Bekasi Kayuringin,2026-05-14 00:00:00,85,85,46,,50,13,0,2,,,,,
Jakarta,The Pakubuwono Menteng,2026-05-14 00:23:15,133,133,53,95,,,,,54,30.6,,,
Depok,Cinere - Nafas,2026-05-14 00:23:00,157,157,62,126,,,,,0,0,,,
Bogor,Kabupaten Bogor Leuwiliang,2026-05-13 01:00:00,-,85,46,,4,9,0,80,,,,,
Tangerang,Tangerang Pasir Jaya,2026-05-14 00:00:00,127,127,59,,59,63,0,65,,,,,
Bekasi,Bekasi Kayuringin,2026-05-14 00:00:00,85,85,46,,50,13,0,2,,,,,
Jakarta,The Pakubuwono Menteng,2026-05-14 00:23:15,133,133,53,95,,,,,54,30.6,,,
Depok,Cinere - Nafas,2026-05-14 00:23:00,157,157,62,126,,,,,0,0,,,
Bogor,Kabupaten Bogor Leuwiliang,2026-05-13 01:00:00,-,85,46,,4,9,0,80,,,,,
Tangerang,Tangerang Pasir Jaya,2026-05-14 00:00:00,127,127,59,,59,63,0,65,,,,,
Bekasi,Bekasi Kayuringin,2026-05-14 00:00:00,85,85,46,,50,13,0,2,,,,,
Jakarta,The Pakubuwono Menteng,2026-05-14 00:25:16,128,128,51,93,,,,,54,30.7,,,
Depok,Cinere - Nafas,2026-05-14 00:25:00,155,155,60,114,,,,,0,0,,,
Bogor,Kabupaten Bogor Leuwiliang,2026-05-13 01:00:00,-,85,46,,4,9,0,80,,,,,
Tangerang,Tangerang Pasir Jaya,2026-05-14 00:00:00,127,127,59,,59,63,0,65,,,,,
Bekasi,Bekasi Kayuringin,2026-05-14 00:00:00,85,85,46,,50,13,0,2,,,,,
Jakarta,The Pakubuwono Menteng,2026-05-14 00:26:15,128,128,52,94,,,,,54,30.7,,,
Depok,Cinere - Nafas,2026-05-14 00:26:00,153,153,58,115,,,,,0,0,,,
Bogor,Kabupaten Bogor Leuwiliang,2026-05-13 01:00:00,-,85,46,,4,9,0,80,,,,,
Tangerang,Tangerang Pasir Jaya,2026-05-14 00:00:00,127,127,59,,59,63,0,65,,,,,
Bekasi,Bekasi Kayuringin,2026-05-14 00:00:00,85,85,46,,50,13,0,2,,,,,
Jakarta,The Pakubuwono Menteng,2026-05-14 00:28:15,135,135,53,93,,,,,54,30.7,,,
Depok,Cinere - Nafas,2026-05-14 00:28:00,154,154,59,111,,,,,0,0,,,
Bogor,Kabupaten Bogor Leuwiliang,2026-05-13 01:00:00,-,85,46,,4,9,0,80,,,,,
Tangerang,Tangerang Pasir Jaya,2026-05-14 00:00:00,127,127,59,,59,63,0,65,,,,,
Bekasi,Bekasi Kayuringin,2026-05-14 00:00:00,85,85,46,,50,13,0,2,,,,,
Jakarta,The Pakubuwono Menteng,2026-05-14 00:28:15,135,135,53,93,,,,,54,30.7,,,
Depok,Cinere - Nafas,2026-05-14 00:28:00,154,154,59,111,,,,,0,0,,,
Bogor,Kabupaten Bogor Leuwiliang,2026-05-13 01:00:00,-,85,46,,4,9,0,80,,,,,
Tangerang,Tangerang Pasir Jaya,2026-05-14 00:00:00,127,127,59,,59,63,0,65,,,,,
Bekasi,Bekasi Kayuringin,2026-05-14 00:00:00,85,85,46,,50,13,0,2,,,,,
Jakarta,The Pakubuwono Menteng,2026-05-14 00:31:16,130,130,52,91,,,,,54,30.7,,,
Depok,Cinere - Nafas,2026-05-14 00:31:00,153,153,59,111,,,,,0,0,,,
Bogor,Kabupaten Bogor Leuwiliang,2026-05-13 01:00:00,-,85,46,,4,9,0,80,,,,,
Tangerang,Tangerang Pasir Jaya,2026-05-14 00:00:00,127,127,59,,59,63,0,65,,,,,
Bekasi,Bekasi Kayuringin,2026-05-14 00:00:00,85,85,46,,50,13,0,2,,,,,
Jakarta,The Pakubuwono Menteng,2026-05-14 00:31:16,130,130,52,91,,,,,54,30.7,,,
Depok,Cinere - Nafas,2026-05-14 00:31:00,153,153,59,111,,,,,0,0,,,
Bogor,Kabupaten Bogor Leuwiliang,2026-05-13 01:00:00,-,85,46,,4,9,0,80,,,,,
Tangerang,Tangerang Pasir Jaya,2026-05-14 00:00:00,127,127,59,,59,63,0,65,,,,,
Bekasi,Bekasi Kayuringin,2026-05-14 00:00:00,85,85,46,,50,13,0,2,,,,,
Jakarta,The Pakubuwono Menteng,2026-05-14 00:32:16,130,130,51,94,,,,,54,30.7,,,
Depok,Cinere - Nafas,2026-05-14 00:32:00,152,152,59,112,,,,,0,0,,,
Bogor,Kabupaten Bogor Leuwiliang,2026-05-13 01:00:00,-,85,46,,4,9,0,80,,,,,
Tangerang,Tangerang Pasir Jaya,2026-05-14 00:00:00,127,127,59,,59,63,0,65,,,,,
Bekasi,Bekasi Kayuringin,2026-05-14 00:00:00,85,85,46,,50,13,0,2,,,,,
Jakarta,The Pakubuwono Menteng,2026-05-14 00:34:16,131,131,52,94,,,,,54,30.7,,,
Depok,Cinere - Nafas,2026-05-14 00:34:00,152,152,58,106,,,,,0,0,,,
Bogor,Kabupaten Bogor Leuwiliang,2026-05-13 01:00:00,-,85,46,,4,9,0,80,,,,,
Tangerang,Tangerang Pasir Jaya,2026-05-14 00:00:00,127,127,59,,59,63,0,65,,,,,
Bekasi,Bekasi Kayuringin,2026-05-14 00:00:00,85,85,46,,50,13,0,2,,,,,
Jakarta,The Pakubuwono Menteng,2026-05-14 00:36:16,141,141,54,96,,,,,53,30.8,,,
Depok,Cinere - Nafas,2026-05-14 00:36:00,151,151,57,105,,,,,0,0,,,
Bogor,Kabupaten Bogor Leuwiliang,2026-05-13 01:00:00,-,85,46,,4,9,0,80,,,,,
Tangerang,Tangerang Pasir Jaya,2026-05-14 00:00:00,127,127,59,,59,63,0,65,,,,,
Bekasi,Bekasi Kayuringin,2026-05-14 00:00:00,85,85,46,,50,13,0,2,,,,,
Jakarta,The Pakubuwono Menteng,2026-05-14 00:36:16,141,141,54,96,,,,,53,30.8,,,
Depok,Cinere - Nafas,2026-05-14 00:36:00,151,151,57,105,,,,,0,0,,,
Bogor,Kabupaten Bogor Leuwiliang,2026-05-13 01:00:00,-,85,46,,4,9,0,80,,,,,
Tangerang,Tangerang Pasir Jaya,2026-05-14 00:00:00,127,127,59,,59,63,0,65,,,,,
Bekasi,Bekasi Kayuringin,2026-05-14 00:00:00,85,85,46,,50,13,0,2,,,,,
Jakarta,The Pakubuwono Menteng,2026-05-14 00:37:16,136,136,53,95,,,,,54,30.8,,,
Depok,Cinere - Nafas,2026-05-14 00:37:01,152,152,59,111,,,,,0,0,,,
Bogor,Kabupaten Bogor Leuwiliang,2026-05-13 01:00:00,-,85,46,,4,9,0,80,,,,,
Tangerang,Tangerang Pasir Jaya,2026-05-14 00:00:00,127,127,59,,59,63,0,65,,,,,
Bekasi,Bekasi Kayuringin,2026-05-14 00:00:00,85,85,46,,50,13,0,2,,,,,
Jakarta,The Pakubuwono Menteng,2026-05-14 00:39:16,136,136,53,96,,,,,54,30.8,,,
Depok,Cinere - Nafas,2026-05-14 00:39:00,151,151,59,113,,,,,0,0,,,
Bogor,Kabupaten Bogor Leuwiliang,2026-05-13 01:00:00,-,85,46,,4,9,0,80,,,,,
Tangerang,Tangerang Pasir Jaya,2026-05-14 00:00:00,127,127,59,,59,63,0,65,,,,,
Bekasi,Bekasi Kayuringin,2026-05-14 00:00:00,85,85,46,,50,13,0,2,,,,,
Jakarta,The Pakubuwono Menteng,2026-05-14 00:39:16,136,136,53,96,,,,,54,30.8,,,
Depok,Cinere - Nafas,2026-05-14 00:39:00,151,151,59,113,,,,,0,0,,,
Bogor,Kabupaten Bogor Leuwiliang,2026-05-13 01:00:00,-,85,46,,4,9,0,80,,,,,
Tangerang,Tangerang Pasir Jaya,2026-05-14 00:00:00,127,127,59,,59,63,0,65,,,,,
Bekasi,Bekasi Kayuringin,2026-05-14 00:00:00,85,85,46,,50,13,0,2,,,,,
Jakarta,The Pakubuwono Menteng,2026-05-14 00:42:16,136,136,52,94,,,,,53,30.8,,,
Depok,Cinere - Nafas,2026-05-14 00:42:00,155,155,59,114,,,,,0,0,,,
Bogor,Kabupaten Bogor Leuwiliang,2026-05-13 01:00:00,-,85,46,,4,9,0,80,,,,,
Tangerang,Tangerang Pasir Jaya,2026-05-14 00:00:00,127,127,59,,59,63,0,65,,,,,
Bekasi,Bekasi Kayuringin,2026-05-14 00:00:00,85,85,46,,50,13,0,2,,,,,
Jakarta,The Pakubuwono Menteng,2026-05-14 00:42:16,136,136,52,94,,,,,53,30.8,,,
Depok,Cinere - Nafas,2026-05-14 00:42:00,155,155,59,114,,,,,0,0,,,
Bogor,Kabupaten Bogor Leuwiliang,2026-05-13 01:00:00,-,85,46,,4,9,0,80,,,,,
Tangerang,Tangerang Pasir Jaya,2026-05-14 00:00:00,127,127,59,,59,63,0,65,,,,,
Bekasi,Bekasi Kayuringin,2026-05-14 00:00:00,85,85,46,,50,13,0,2,,,,,
Jakarta,The Pakubuwono Menteng,2026-05-14 00:43:16,131,131,52,94,,,,,54,30.8,,,
Depok,Cinere - Nafas,2026-05-14 00:43:00,155,155,60,119,,,,,0,0,,,
Bogor,Kabupaten Bogor Leuwiliang,2026-05-13 01:00:00,-,85,46,,4,9,0,80,,,,,
Tangerang,Tangerang Pasir Jaya,2026-05-14 00:00:00,127,127,59,,59,63,0,65,,,,,
Bekasi,Bekasi Kayuringin,2026-05-14 00:00:00,85,85,46,,50,13,0,2,,,,,
Jakarta,The Pakubuwono Menteng,2026-05-14 00:45:16,143,143,55,100,,,,,54,30.8,,,
Depok,Cinere - Nafas,2026-05-14 00:45:00,155,155,60,118,,,,,0,0,,,
Bogor,Kabupaten Bogor Leuwiliang,2026-05-13 01:00:00,-,85,46,,4,9,0,80,,,,,
Tangerang,Tangerang Pasir Jaya,2026-05-14 00:00:00,127,127,59,,59,63,0,65,,,,,
Bekasi,Bekasi Kayuringin,2026-05-14 00:00:00,85,85,46,,50,13,0,2,,,,,
Jakarta,The Pakubuwono Menteng,2026-05-14 00:45:16,143,143,55,100,,,,,54,30.8,,,
Depok,Cinere - Nafas,2026-05-14 00:45:00,155,155,60,118,,,,,0,0,,,
Bogor,Kabupaten Bogor Leuwiliang,2026-05-13 01:00:00,-,85,46,,4,9,0,80,,,,,
Tangerang,Tangerang Pasir Jaya,2026-05-14 00:00:00,127,127,59,,59,63,0,65,,,,,
Bekasi,Bekasi Kayuringin,2026-05-14 00:00:00,85,85,46,,50,13,0,2,,,,,
Jakarta,The Pakubuwono Menteng,2026-05-14 00:47:16,143,143,55,105,,,,,54,30.8,,,
Depok,Cinere - Nafas,2026-05-14 00:47:00,155,155,60,117,,,,,0,0,,,
Bogor,Kabupaten Bogor Leuwiliang,2026-05-13 01:00:00,-,85,46,,4,9,0,80,,,,,
Tangerang,Tangerang Pasir Jaya,2026-05-14 00:00:00,127,127,59,,59,63,0,65,,,,,
Bekasi,Bekasi Kayuringin,2026-05-14 00:00:00,85,85,46,,50,13,0,2,,,,,
Jakarta,The Pakubuwono Menteng,2026-05-14 00:48:16,144,144,56,102,,,,,54,30.8,,,
Depok,Cinere - Nafas,2026-05-14 00:48:00,156,156,61,120,,,,,0,0,,,
Bogor,Kabupaten Bogor Leuwiliang,2026-05-13 01:00:00,-,85,46,,4,9,0,80,,,,,
Tangerang,Tangerang Pasir Jaya,2026-05-14 00:00:00,127,127,59,,59,63,0,65,,,,,
Bekasi,Bekasi Kayuringin,2026-05-14 00:00:00,85,85,46,,50,13,0,2,,,,,
Jakarta,The Pakubuwono Menteng,2026-05-14 00:48:16,144,144,56,102,,,,,54,30.8,,,
Depok,Cinere - Nafas,2026-05-14 00:48:00,156,156,61,120,,,,,0,0,,,
Bogor,Kabupaten Bogor Leuwiliang,2026-05-13 01:00:00,-,85,46,,4,9,0,80,,,,,
Tangerang,Tangerang Pasir Jaya,2026-05-14 00:00:00,127,127,59,,59,63,0,65,,,,,
Bekasi,Bekasi Kayuringin,2026-05-14 00:00:00,85,85,46,,50,13,0,2,,,,,
Jakarta,The Pakubuwono Menteng,2026-05-14 00:50:16,139,139,54,97,,,,,54,30.8,,,
Depok,Cinere - Nafas,2026-05-14 00:50:00,155,155,60,117,,,,,0,0,,,
Bogor,Kabupaten Bogor Leuwiliang,2026-05-13 01:00:00,-,85,46,,4,9,0,80,,,,,
Tangerang,Tangerang Pasir Jaya,2026-05-14 00:00:00,127,127,59,,59,63,0,65,,,,,
Bekasi,Bekasi Kayuringin,2026-05-14 00:00:00,85,85,46,,50,13,0,2,,,,,
Jakarta,The Pakubuwono Menteng,2026-05-14 00:52:16,151,151,57,105,,,,,54,30.8,,,
Depok,Cinere - Nafas,2026-05-14 00:52:00,154,154,60,110,,,,,0,0,,,
Bogor,Kabupaten Bogor Leuwiliang,2026-05-13 01:00:00,-,85,46,,4,9,0,80,,,,,
Tangerang,Tangerang Pasir Jaya,2026-05-14 00:00:00,127,127,59,,59,63,0,65,,,,,
Bekasi,Bekasi Kayuringin,2026-05-14 00:00:00,85,85,46,,50,13,0,2,,,,,
Jakarta,The Pakubuwono Menteng,2026-05-14 00:54:16,150,150,56,111,,,,,54,30.8,,,
Depok,Cinere - Nafas,2026-05-14 00:54:00,151,151,58,105,,,,,0,0,,,
Bogor,Kabupaten Bogor Leuwiliang,2026-05-13 01:00:00,-,85,46,,4,9,0,80,,,,,
Tangerang,Tangerang Pasir Jaya,2026-05-14 00:00:00,127,127,59,,59,63,0,65,,,,,
Bekasi,Bekasi Kayuringin,2026-05-14 00:00:00,85,85,46,,50,13,0,2,,,,,
Jakarta,The Pakubuwono Menteng,2026-05-14 00:54:16,150,150,56,111,,,,,54,30.8,,,
Depok,Cinere - Nafas,2026-05-14 00:54:00,151,151,58,105,,,,,0,0,,,
Bogor,Kabupaten Bogor Leuwiliang,2026-05-13 01:00:00,-,85,46,,4,9,0,80,,,,,
Tangerang,Tangerang Pasir Jaya,2026-05-14 00:00:00,127,127,59,,59,63,0,65,,,,,
Bekasi,Bekasi Kayuringin,2026-05-14 00:00:00,85,85,46,,50,13,0,2,,,,,
Jakarta,The Pakubuwono Menteng,2026-05-14 00:55:16,151,151,57,110,,,,,54,30.8,,,
Depok,Cinere - Nafas,2026-05-14 00:55:00,147,147,56,103,,,,,0,0,,,
Bogor,Kabupaten Bogor Leuwiliang,2026-05-13 01:00:00,-,85,46,,4,9,0,80,,,,,
Tangerang,Tangerang Pasir Jaya,2026-05-14 00:00:00,127,127,59,,59,63,0,65,,,,,
Bekasi,Bekasi Kayuringin,2026-05-14 00:00:00,85,85,46,,50,13,0,2,,,,,
Jakarta,The Pakubuwono Menteng,2026-05-14 00:57:16,157,157,60,126,,,,,54,30.8,,,
Depok,Cinere - Nafas,2026-05-14 00:57:00,150,150,57,100,,,,,0,0,,,
Bogor,Kabupaten Bogor Leuwiliang,2026-05-13 01:00:00,-,85,46,,4,9,0,80,,,,,
Tangerang,Tangerang Pasir Jaya,2026-05-14 00:00:00,127,127,59,,59,63,0,65,,,,,
Bekasi,Bekasi Kayuringin,2026-05-14 00:00:00,85,85,46,,50,13,0,2,,,,,
Jakarta,The Pakubuwono Menteng,2026-05-14 00:57:16,157,157,60,126,,,,,54,30.8,,,
Depok,Cinere - Nafas,2026-05-14 00:57:00,150,150,57,100,,,,,0,0,,,
Bogor,Kabupaten Bogor Leuwiliang,2026-05-13 01:00:00,-,85,46,,4,9,0,80,,,,,
Tangerang,Tangerang Pasir Jaya,2026-05-14 00:00:00,127,127,59,,59,63,0,65,,,,,
Bekasi,Bekasi Kayuringin,2026-05-14 00:00:00,85,85,46,,50,13,0,2,,,,,
Jakarta,The Pakubuwono Menteng,2026-05-14 00:58:16,159,159,61,135,,,,,54,30.8,,,
Depok,Cinere - Nafas,2026-05-14 00:58:00,150,150,57,101,,,,,0,0,,,
Bogor,Kabupaten Bogor Leuwiliang,2026-05-13 01:00:00,-,85,46,,4,9,0,80,,,,,
Tangerang,Tangerang Pasir Jaya,2026-05-14 00:00:00,127,127,59,,59,63,0,65,,,,,
Bekasi,Bekasi Kayuringin,2026-05-14 00:00:00,85,85,46,,50,13,0,2,,,,,
Jakarta,The Pakubuwono Menteng,2026-05-14 01:00:19,161,161,63,138,,,,,54,30.7,,,
Depok,Cinere - Nafas,2026-05-14 01:00:00,147,147,57,98,,,,,0,0,,,
Bogor,Kabupaten Bogor Leuwiliang,2026-05-13 01:00:00,-,85,46,,4,9,0,80,,,,,
Tangerang,Tangerang Pasir Jaya,2026-05-14 00:00:00,127,127,59,,59,63,0,65,,,,,
Bekasi,Bekasi Kayuringin,2026-05-14 00:00:00,85,85,46,,50,13,0,2,,,,,
Jakarta,The Pakubuwono Menteng,2026-05-14 01:00:19,161,161,63,138,,,,,54,30.7,,,
Depok,Cinere - Nafas,2026-05-14 01:02:00,151,151,58,110,,,,,0,0,,,
Bogor,Kabupaten Bogor Leuwiliang,2026-05-13 01:00:00,-,85,46,,4,9,0,80,,,,,
Tangerang,Tangerang Pasir Jaya,2026-05-14 00:00:00,127,127,59,,59,63,0,65,,,,,
Bekasi,Bekasi Kayuringin,2026-05-14 00:00:00,85,85,46,,50,13,0,2,,,,,
Jakarta,The Pakubuwono Menteng,2026-05-14 01:04:16,155,155,60,122,,,,,54,30.6,,,
Depok,Cinere - Nafas,2026-05-14 01:04:00,152,152,59,110,,,,,0,0,,,
Bogor,Kabupaten Bogor Leuwiliang,2026-05-13 01:00:00,-,85,46,,4,9,0,80,,,,,
Tangerang,Tangerang Pasir Jaya,2026-05-14 00:00:00,127,127,59,,59,63,0,65,,,,,
Bekasi,Bekasi Kayuringin,2026-05-14 00:00:00,85,85,46,,50,13,0,2,,,,,
Jakarta,The Pakubuwono Menteng,2026-05-14 01:04:16,155,155,60,122,,,,,54,30.6,,,
Depok,Cinere - Nafas,2026-05-14 01:04:00,152,152,59,110,,,,,0,0,,,
Bogor,Kabupaten Bogor Leuwiliang,2026-05-13 01:00:00,-,85,46,,4,9,0,80,,,,,
Tangerang,Tangerang Pasir Jaya,2026-05-14 00:00:00,127,127,59,,59,63,0,65,,,,,
Bekasi,Bekasi Kayuringin,2026-05-14 00:00:00,85,85,46,,50,13,0,2,,,,,
Jakarta,The Pakubuwono Menteng,2026-05-14 01:05:16,154,154,58,126,,,,,54,30.6,,,
Depok,Cinere - Nafas,2026-05-14 01:05:00,151,151,58,108,,,,,0,0,,,
Bogor,Kabupaten Bogor Leuwiliang,2026-05-13 01:00:00,-,85,46,,4,9,0,80,,,,,
Tangerang,Tangerang Pasir Jaya,2026-05-14 01:00:00,125,125,58,,59,63,0,65,,,,,
Bekasi,Bekasi Kayuringin,2026-05-14 01:00:00,81,81,44,,50,13,0,2,,,,,
Jakarta,The Pakubuwono Menteng,2026-05-14 01:07:16,158,158,61,133,,,,,54,30.5,,,
Depok,Cinere - Nafas,2026-05-14 01:07:00,154,154,59,117,,,,,0,0,,,
Bogor,Kabupaten Bogor Leuwiliang,2026-05-13 01:00:00,-,85,46,,4,9,0,80,,,,,
Tangerang,Tangerang Pasir Jaya,2026-05-14 01:00:00,125,125,58,,59,63,0,65,,,,,
Bekasi,Bekasi Kayuringin,2026-05-14 01:00:00,81,81,44,,50,13,0,2,,,,,
Jakarta,The Pakubuwono Menteng,2026-05-14 01:07:16,158,158,61,133,,,,,54,30.5,,,
Depok,Cinere - Nafas,2026-05-14 01:07:00,154,154,59,117,,,,,0,0,,,
Bogor,Kabupaten Bogor Leuwiliang,2026-05-13 01:00:00,-,85,46,,4,9,0,80,,,,,
Tangerang,Tangerang Pasir Jaya,2026-05-14 01:00:00,125,125,58,,59,63,0,65,,,,,
Bekasi,Bekasi Kayuringin,2026-05-14 01:00:00,81,81,44,,50,13,0,2,,,,,
Jakarta,The Pakubuwono Menteng,2026-05-14 01:08:16,151,151,57,115,,,,,54,30.5,,,
Depok,Cinere - Nafas,2026-05-14 01:08:00,162,162,65,136,,,,,0,0,,,
Bogor,Kabupaten Bogor Leuwiliang,2026-05-13 01:00:00,-,85,46,,4,9,0,80,,,,,
Tangerang,Tangerang Pasir Jaya,2026-05-14 01:00:00,125,125,58,,59,63,0,65,,,,,
Bekasi,Bekasi Kayuringin,2026-05-14 01:00:00,81,81,44,,50,13,0,2,,,,,
Jakarta,The Pakubuwono Menteng,2026-05-14 01:10:16,158,158,61,136,,,,,55,30.5,,,
Depok,Cinere - Nafas,2026-05-14 01:10:00,160,160,64,135,,,,,0,0,,,
Bogor,Kabupaten Bogor Leuwiliang,2026-05-13 01:00:00,-,85,46,,4,9,0,80,,,,,
Tangerang,Tangerang Pasir Jaya,2026-05-14 01:00:00,125,125,58,,59,63,0,65,,,,,
Bekasi,Bekasi Kayuringin,2026-05-14 01:00:00,81,81,44,,50,13,0,2,,,,,
Jakarta,The Pakubuwono Menteng,2026-05-14 01:10:16,158,158,61,136,,,,,55,30.5,,,
Depok,Cinere - Nafas,2026-05-14 01:10:00,160,160,64,135,,,,,0,0,,,
Bogor,Kabupaten Bogor Leuwiliang,2026-05-13 01:00:00,-,85,46,,4,9,0,80,,,,,
Tangerang,Tangerang Pasir Jaya,2026-05-14 01:00:00,125,125,58,,59,63,0,65,,,,,
Bekasi,Bekasi Kayuringin,2026-05-14 01:00:00,81,81,44,,50,13,0,2,,,,,
Jakarta,The Pakubuwono Menteng,2026-05-14 01:13:17,155,155,58,124,,,,,55,30.5,,,
Depok,Cinere - Nafas,2026-05-14 01:13:00,168,168,71,151,,,,,0,0,,,
Bogor,Kabupaten Bogor Leuwiliang,2026-05-13 01:00:00,-,85,46,,4,9,0,80,,,,,
Tangerang,Tangerang Pasir Jaya,2026-05-14 01:00:00,125,125,58,,59,63,0,65,,,,,
Bekasi,Bekasi Kayuringin,2026-05-14 01:00:00,81,81,44,,50,13,0,2,,,,,
Jakarta,The Pakubuwono Menteng,2026-05-14 01:13:17,155,155,58,124,,,,,55,30.5,,,
Depok,Cinere - Nafas,2026-05-14 01:13:00,168,168,71,151,,,,,0,0,,,
Bogor,Kabupaten Bogor Leuwiliang,2026-05-13 01:00:00,-,85,46,,4,9,0,80,,,,,
Tangerang,Tangerang Pasir Jaya,2026-05-14 01:00:00,125,125,58,,59,63,0,65,,,,,
Bekasi,Bekasi Kayuringin,2026-05-14 01:00:00,81,81,44,,50,13,0,2,,,,,
Jakarta,The Pakubuwono Menteng,2026-05-14 01:15:17,151,151,57,113,,,,,55,30.5,,,
Depok,Cinere - Nafas,2026-05-14 01:13:00,168,168,71,151,,,,,0,0,,,
Bogor,Kabupaten Bogor Leuwiliang,2026-05-13 01:00:00,-,85,46,,4,9,0,80,,,,,
Tangerang,Tangerang Pasir Jaya,2026-05-14 01:00:00,125,125,58,,59,63,0,65,,,,,
Bekasi,Bekasi Kayuringin,2026-05-14 01:00:00,81,81,44,,50,13,0,2,,,,,
Jakarta,The Pakubuwono Menteng,2026-05-14 01:16:17,140,140,54,103,,,,,54,30.4,,,
Depok,Cinere - Nafas,2026-05-14 01:13:00,168,168,71,151,,,,,0,0,,,
Bogor,Kabupaten Bogor Leuwiliang,2026-05-13 01:00:00,-,85,46,,4,9,0,80,,,,,
Tangerang,Tangerang Pasir Jaya,2026-05-14 01:00:00,125,125,58,,59,63,0,65,,,,,
Bekasi,Bekasi Kayuringin,2026-05-14 01:00:00,81,81,44,,50,13,0,2,,,,,
Jakarta,The Pakubuwono Menteng,2026-05-14 01:16:17,140,140,54,103,,,,,54,30.4,,,
Depok,Cinere - Nafas,2026-05-14 01:13:00,168,168,71,151,,,,,0,0,,,
Bogor,Kabupaten Bogor Leuwiliang,2026-05-13 01:00:00,-,85,46,,4,9,0,80,,,,,
Tangerang,Tangerang Pasir Jaya,2026-05-14 01:00:00,125,125,58,,59,63,0,65,,,,,
Bekasi,Bekasi Kayuringin,2026-05-14 01:00:00,81,81,44,,50,13,0,2,,,,,
Jakarta,The Pakubuwono Menteng,2026-05-14 01:18:17,153,153,57,114,,,,,55,30.5,,,
Depok,Cinere - Nafas,2026-05-14 01:18:14,164,164,68,138,,,,,0,0,,,
Bogor,Kabupaten Bogor Leuwiliang,2026-05-13 01:00:00,-,85,46,,4,9,0,80,,,,,
Tangerang,Tangerang Pasir Jaya,2026-05-14 01:00:00,125,125,58,,59,63,0,65,,,,,
Bekasi,Bekasi Kayuringin,2026-05-14 01:00:00,81,81,44,,50,13,0,2,,,,,
Jakarta,The Pakubuwono Menteng,2026-05-14 01:20:17,155,155,59,123,,,,,55,30.5,,,
Depok,Cinere - Nafas,2026-05-14 01:20:14,161,161,65,137,,,,,0,0,,,
Bogor,Kabupaten Bogor Leuwiliang,2026-05-13 01:00:00,-,85,46,,4,9,0,80,,,,,
Tangerang,Tangerang Pasir Jaya,2026-05-14 01:00:00,125,125,58,,59,63,0,65,,,,,
Bekasi,Bekasi Kayuringin,2026-05-14 01:00:00,81,81,44,,50,13,0,2,,,,,
Jakarta,The Pakubuwono Menteng,2026-05-14 01:20:17,155,155,59,123,,,,,55,30.5,,,
Depok,Cinere - Nafas,2026-05-14 01:20:14,161,161,65,137,,,,,0,0,,,
Bogor,Kabupaten Bogor Leuwiliang,2026-05-13 01:00:00,-,85,46,,4,9,0,80,,,,,
Tangerang,Tangerang Pasir Jaya,2026-05-14 01:00:00,125,125,58,,59,63,0,65,,,,,
Bekasi,Bekasi Kayuringin,2026-05-14 01:00:00,81,81,44,,50,13,0,2,,,,,
Jakarta,The Pakubuwono Menteng,2026-05-14 01:21:17,156,156,60,133,,,,,55,30.5,,,
Depok,Cinere - Nafas,2026-05-14 01:21:14,158,158,62,127,,,,,0,0,,,
Bogor,Kabupaten Bogor Leuwiliang,2026-05-13 01:00:00,-,85,46,,4,9,0,80,,,,,
Tangerang,Tangerang Pasir Jaya,2026-05-14 01:00:00,125,125,58,,59,63,0,65,,,,,
Bekasi,Bekasi Kayuringin,2026-05-14 01:00:00,81,81,44,,50,13,0,2,,,,,
Jakarta,The Pakubuwono Menteng,2026-05-14 01:23:17,157,157,60,131,,,,,54,30.5,,,
Depok,Cinere - Nafas,2026-05-14 01:23:14,158,158,62,126,,,,,0,0,,,
Bogor,Kabupaten Bogor Leuwiliang,2026-05-13 01:00:00,-,85,46,,4,9,0,80,,,,,
Tangerang,Tangerang Pasir Jaya,2026-05-14 01:00:00,125,125,58,,59,63,0,65,,,,,
Bekasi,Bekasi Kayuringin,2026-05-14 01:00:00,81,81,44,,50,13,0,2,,,,,
Jakarta,The Pakubuwono Menteng,2026-05-14 01:25:17,156,156,59,123,,,,,54,30.5,,,
Depok,Cinere - Nafas,2026-05-14 01:25:14,156,156,61,115,,,,,0,0,,,
Bogor,Kabupaten Bogor Leuwiliang,2026-05-13 01:00:00,-,85,46,,4,9,0,80,,,,,
Tangerang,Tangerang Pasir Jaya,2026-05-14 01:00:00,125,125,58,,59,63,0,65,,,,,
Bekasi,Bekasi Kayuringin,2026-05-14 01:00:00,81,81,44,,50,13,0,2,,,,,
Jakarta,The Pakubuwono Menteng,2026-05-14 01:26:17,157,157,60,128,,,,,54,30.5,,,
Depok,Cinere - Nafas,2026-05-14 01:26:14,156,156,61,119,,,,,0,0,,,
Bogor,Kabupaten Bogor Leuwiliang,2026-05-13 01:00:00,-,85,46,,4,9,0,80,,,,,
Tangerang,Tangerang Pasir Jaya,2026-05-14 01:00:00,125,125,58,,59,63,0,65,,,,,
Bekasi,Bekasi Kayuringin,2026-05-14 01:00:00,81,81,44,,50,13,0,2,,,,,
Jakarta,The Pakubuwono Menteng,2026-05-14 01:26:17,157,157,60,128,,,,,54,30.5,,,
Depok,Cinere - Nafas,2026-05-14 01:26:14,156,156,61,119,,,,,0,0,,,
Bogor,Kabupaten Bogor Leuwiliang,2026-05-13 01:00:00,-,85,46,,4,9,0,80,,,,,
Tangerang,Tangerang Pasir Jaya,2026-05-14 01:00:00,125,125,58,,59,63,0,65,,,,,
Bekasi,Bekasi Kayuringin,2026-05-14 01:00:00,81,81,44,,50,13,0,2,,,,,
Jakarta,The Pakubuwono Menteng,2026-05-14 01:28:17,159,159,61,131,,,,,54,30.5,,,
Depok,Cinere - Nafas,2026-05-14 01:28:14,155,155,60,115,,,,,0,0,,,
Bogor,Kabupaten Bogor Leuwiliang,2026-05-13 01:00:00,-,85,46,,4,9,0,80,,,,,
Tangerang,Tangerang Pasir Jaya,2026-05-14 01:00:00,125,125,58,,59,63,0,65,,,,,
Bekasi,Bekasi Kayuringin,2026-05-14 01:00:00,81,81,44,,50,13,0,2,,,,,
Jakarta,The Pakubuwono Menteng,2026-05-14 01:29:17,158,158,61,130,,,,,54,30.5,,,
Depok,Cinere - Nafas,2026-05-14 01:29:14,154,154,60,115,,,,,0,0,,,
Bogor,Kabupaten Bogor Leuwiliang,2026-05-13 01:00:00,-,85,46,,4,9,0,80,,,,,
Tangerang,Tangerang Pasir Jaya,2026-05-14 01:00:00,125,125,58,,59,63,0,65,,,,,
Bekasi,Bekasi Kayuringin,2026-05-14 01:00:00,81,81,44,,50,13,0,2,,,,,
Jakarta,The Pakubuwono Menteng,2026-05-14 01:31:17,158,158,61,135,,,,,55,30.5,,,
Depok,Cinere - Nafas,2026-05-14 01:31:14,155,155,60,114,,,,,0,0,,,
Bogor,Kabupaten Bogor Leuwiliang,2026-05-13 01:00:00,-,85,46,,4,9,0,80,,,,,
Tangerang,Tangerang Pasir Jaya,2026-05-14 01:00:00,125,125,58,,59,63,0,65,,,,,
Bekasi,Bekasi Kayuringin,2026-05-14 01:00:00,81,81,44,,50,13,0,2,,,,,
Jakarta,The Pakubuwono Menteng,2026-05-14 01:31:17,158,158,61,135,,,,,55,30.5,,,
Depok,Cinere - Nafas,2026-05-14 01:31:14,155,155,60,114,,,,,0,0,,,
Bogor,Kabupaten Bogor Leuwiliang,2026-05-13 01:00:00,-,85,46,,4,9,0,80,,,,,
Tangerang,Tangerang Pasir Jaya,2026-05-14 01:00:00,125,125,58,,59,63,0,65,,,,,
Bekasi,Bekasi Kayuringin,2026-05-14 01:00:00,81,81,44,,50,13,0,2,,,,,
Jakarta,The Pakubuwono Menteng,2026-05-14 01:32:17,160,160,62,140,,,,,55,30.4,,,
Depok,Cinere - Nafas,2026-05-14 01:34:15,155,155,60,117,,,,,0,0,,,
Bogor,Kabupaten Bogor Leuwiliang,2026-05-13 01:00:00,-,85,46,,4,9,0,80,,,,,
Tangerang,Tangerang Pasir Jaya,2026-05-14 01:00:00,125,125,58,,59,63,0,65,,,,,
Bekasi,Bekasi Kayuringin,2026-05-14 01:00:00,81,81,44,,50,13,0,2,,,,,
Jakarta,The Pakubuwono Menteng,2026-05-14 01:34:20,156,156,60,128,,,,,55,30.4,,,
Depok,Cinere - Nafas,2026-05-14 01:34:15,155,155,60,117,,,,,0,0,,,
Bogor,Kabupaten Bogor Leuwiliang,2026-05-13 01:00:00,-,85,46,,4,9,0,80,,,,,
Tangerang,Tangerang Pasir Jaya,2026-05-14 01:00:00,125,125,58,,59,63,0,65,,,,,
Bekasi,Bekasi Kayuringin,2026-05-14 01:00:00,81,81,44,,50,13,0,2,,,,,
Jakarta,The Pakubuwono Menteng,2026-05-14 01:35:17,155,155,60,126,,,,,55,30.4,,,
Depok,Cinere - Nafas,2026-05-14 01:35:15,155,155,60,114,,,,,0,0,,,
Bogor,Kabupaten Bogor Leuwiliang,2026-05-13 01:00:00,-,85,46,,4,9,0,80,,,,,
Tangerang,Tangerang Pasir Jaya,2026-05-14 01:00:00,125,125,58,,59,63,0,65,,,,,
Bekasi,Bekasi Kayuringin,2026-05-14 01:00:00,81,81,44,,50,13,0,2,,,,,
Jakarta,The Pakubuwono Menteng,2026-05-14 01:37:17,154,154,59,122,,,,,55,30.4,,,
Depok,Cinere - Nafas,2026-05-14 01:37:15,156,156,61,117,,,,,0,0,,,
Bogor,Kabupaten Bogor Leuwiliang,2026-05-13 01:00:00,-,85,46,,4,9,0,80,,,,,
Tangerang,Tangerang Pasir Jaya,2026-05-14 01:00:00,125,125,58,,59,63,0,65,,,,,
Bekasi,Bekasi Kayuringin,2026-05-14 01:00:00,81,81,44,,50,13,0,2,,,,,
Jakarta,The Pakubuwono Menteng,2026-05-14 01:37:17,154,154,59,122,,,,,55,30.4,,,
Depok,Cinere - Nafas,2026-05-14 01:37:15,156,156,61,117,,,,,0,0,,,
Bogor,Kabupaten Bogor Leuwiliang,2026-05-13 01:00:00,-,85,46,,4,9,0,80,,,,,
Tangerang,Tangerang Pasir Jaya,2026-05-14 01:00:00,125,125,58,,59,63,0,65,,,,,
Bekasi,Bekasi Kayuringin,2026-05-14 01:00:00,81,81,44,,50,13,0,2,,,,,
Jakarta,The Pakubuwono Menteng,2026-05-14 01:38:17,157,157,60,129,,,,,55,30.4,,,
Depok,Cinere - Nafas,2026-05-14 01:38:15,154,154,60,115,,,,,0,0,,,
Bogor,Kabupaten Bogor Leuwiliang,2026-05-13 01:00:00,-,85,46,,4,9,0,80,,,,,
Tangerang,Tangerang Pasir Jaya,2026-05-14 01:00:00,125,125,58,,59,63,0,65,,,,,
Bekasi,Bekasi Kayuringin,2026-05-14 01:00:00,81,81,44,,50,13,0,2,,,,,
Jakarta,The Pakubuwono Menteng,2026-05-14 01:40:17,156,156,60,131,,,,,55,30.4,,,
Depok,Cinere - Nafas,2026-05-14 01:40:15,153,153,59,111,,,,,0,0,,,
Bogor,Kabupaten Bogor Leuwiliang,2026-05-13 01:00:00,-,85,46,,4,9,0,80,,,,,
Tangerang,Tangerang Pasir Jaya,2026-05-14 01:00:00,125,125,58,,59,63,0,65,,,,,
Bekasi,Bekasi Kayuringin,2026-05-14 01:00:00,81,81,44,,50,13,0,2,,,,,
Jakarta,The Pakubuwono Menteng,2026-05-14 01:40:17,156,156,60,131,,,,,55,30.4,,,
Depok,Cinere - Nafas,2026-05-14 01:40:15,153,153,59,111,,,,,0,0,,,
Bogor,Kabupaten Bogor Leuwiliang,2026-05-13 01:00:00,-,85,46,,4,9,0,80,,,,,
Tangerang,Tangerang Pasir Jaya,2026-05-14 01:00:00,125,125,58,,59,63,0,65,,,,,
Bekasi,Bekasi Kayuringin,2026-05-14 01:00:00,81,81,44,,50,13,0,2,,,,,
Jakarta,The Pakubuwono Menteng,2026-05-14 01:42:17,158,158,61,133,,,,,55,30.4,,,
Depok,Cinere - Nafas,2026-05-14 01:42:15,154,154,60,116,,,,,0,0,,,
Bogor,Kabupaten Bogor Leuwiliang,2026-05-13 01:00:00,-,85,46,,4,9,0,80,,,,,
Tangerang,Tangerang Pasir Jaya,2026-05-14 01:00:00,125,125,58,,59,63,0,65,,,,,
Bekasi,Bekasi Kayuringin,2026-05-14 01:00:00,81,81,44,,50,13,0,2,,,,,
Jakarta,The Pakubuwono Menteng,2026-05-14 01:43:17,160,160,61,138,,,,,55,30.4,,,
Depok,Cinere - Nafas,2026-05-14 01:43:15,152,152,59,108,,,,,0,0,,,
Bogor,Kabupaten Bogor Leuwiliang,2026-05-13 01:00:00,-,85,46,,4,9,0,80,,,,,
Tangerang,Tangerang Pasir Jaya,2026-05-14 01:00:00,125,125,58,,59,63,0,65,,,,,
Bekasi,Bekasi Kayuringin,2026-05-14 01:00:00,81,81,44,,50,13,0,2,,,,,
Jakarta,The Pakubuwono Menteng,2026-05-14 01:45:19,158,158,61,135,,,,,55,30.3,,,
Depok,Cinere - Nafas,2026-05-14 01:45:15,154,154,60,113,,,,,0,0,,,
Bogor,Kabupaten Bogor Leuwiliang,2026-05-13 01:00:00,-,85,46,,4,9,0,80,,,,,
Tangerang,Tangerang Pasir Jaya,2026-05-14 01:00:00,125,125,58,,59,63,0,65,,,,,
Bekasi,Bekasi Kayuringin,2026-05-14 01:00:00,81,81,44,,50,13,0,2,,,,,
Jakarta,The Pakubuwono Menteng,2026-05-14 01:46:17,159,159,61,132,,,,,55,30.3,,,
Depok,Cinere - Nafas,2026-05-14 01:46:15,154,154,60,112,,,,,0,0,,,
Bogor,Kabupaten Bogor Leuwiliang,2026-05-13 01:00:00,-,85,46,,4,9,0,80,,,,,
Tangerang,Tangerang Pasir Jaya,2026-05-14 01:00:00,125,125,58,,59,63,0,65,,,,,
Bekasi,Bekasi Kayuringin,2026-05-14 01:00:00,81,81,44,,50,13,0,2,,,,,
Jakarta,The Pakubuwono Menteng,2026-05-14 01:46:17,159,159,61,132,,,,,55,30.3,,,
Depok,Cinere - Nafas,2026-05-14 01:46:15,154,154,60,112,,,,,0,0,,,
Bogor,Kabupaten Bogor Leuwiliang,2026-05-13 01:00:00,-,85,46,,4,9,0,80,,,,,
Tangerang,Tangerang Pasir Jaya,2026-05-14 01:00:00,125,125,58,,59,63,0,65,,,,,
Bekasi,Bekasi Kayuringin,2026-05-14 01:00:00,81,81,44,,50,13,0,2,,,,,
Jakarta,The Pakubuwono Menteng,2026-05-14 01:48:17,157,157,61,130,,,,,55,30.2,,,
Depok,Cinere - Nafas,2026-05-14 01:48:15,154,154,59,111,,,,,0,0,,,
Bogor,Kabupaten Bogor Leuwiliang,2026-05-13 01:00:00,-,85,46,,4,9,0,80,,,,,
Tangerang,Tangerang Pasir Jaya,2026-05-14 01:00:00,125,125,58,,59,63,0,65,,,,,
Bekasi,Bekasi Kayuringin,2026-05-14 01:00:00,81,81,44,,50,13,0,2,,,,,
Jakarta,The Pakubuwono Menteng,2026-05-14 01:50:17,158,158,61,134,,,,,55,30.2,,,
Depok,Cinere - Nafas,2026-05-14 01:50:15,154,154,60,115,,,,,0,0,,,
Bogor,Kabupaten Bogor Leuwiliang,2026-05-13 01:00:00,-,85,46,,4,9,0,80,,,,,
Tangerang,Tangerang Pasir Jaya,2026-05-14 01:00:00,125,125,58,,59,63,0,65,,,,,
Bekasi,Bekasi Kayuringin,2026-05-14 01:00:00,81,81,44,,50,13,0,2,,,,,
Jakarta,The Pakubuwono Menteng,2026-05-14 01:50:17,158,158,61,134,,,,,55,30.2,,,
Depok,Cinere - Nafas,2026-05-14 01:50:15,154,154,60,115,,,,,0,0,,,
Bogor,Kabupaten Bogor Leuwiliang,2026-05-13 01:00:00,-,85,46,,4,9,0,80,,,,,
Tangerang,Tangerang Pasir Jaya,2026-05-14 01:00:00,125,125,58,,59,63,0,65,,,,,
Bekasi,Bekasi Kayuringin,2026-05-14 01:00:00,81,81,44,,50,13,0,2,,,,,
Jakarta,The Pakubuwono Menteng,2026-05-14 01:51:17,156,156,59,127,,,,,55,30.2,,,
Depok,Cinere - Nafas,2026-05-14 01:51:15,155,155,60,115,,,,,0,0,,,
Bogor,Kabupaten Bogor Leuwiliang,2026-05-13 01:00:00,-,85,46,,4,9,0,80,,,,,
Tangerang,Tangerang Pasir Jaya,2026-05-14 01:00:00,125,125,58,,59,63,0,65,,,,,
Bekasi,Bekasi Kayuringin,2026-05-14 01:00:00,81,81,44,,50,13,0,2,,,,,
Jakarta,The Pakubuwono Menteng,2026-05-14 01:54:17,162,162,64,143,,,,,55,30.2,,,
Depok,Cinere - Nafas,2026-05-14 01:54:15,153,153,59,112,,,,,0,0,,,
Bogor,Kabupaten Bogor Leuwiliang,2026-05-13 01:00:00,-,85,46,,4,9,0,80,,,,,
Tangerang,Tangerang Pasir Jaya,2026-05-14 01:00:00,125,125,58,,59,63,0,65,,,,,
Bekasi,Bekasi Kayuringin,2026-05-14 01:00:00,81,81,44,,50,13,0,2,,,,,
Jakarta,The Pakubuwono Menteng,2026-05-14 01:54:17,162,162,64,143,,,,,55,30.2,,,
Depok,Cinere - Nafas,2026-05-14 01:54:15,153,153,59,112,,,,,0,0,,,
Bogor,Kabupaten Bogor Leuwiliang,2026-05-13 01:00:00,-,85,46,,4,9,0,80,,,,,
Tangerang,Tangerang Pasir Jaya,2026-05-14 01:00:00,125,125,58,,59,63,0,65,,,,,
Bekasi,Bekasi Kayuringin,2026-05-14 01:00:00,81,81,44,,50,13,0,2,,,,,
Jakarta,The Pakubuwono Menteng,2026-05-14 01:56:17,159,159,62,136,,,,,55,30.1,,,
Depok,Cinere - Nafas,2026-05-14 01:56:45,153,153,59,108,,,,,0,0,,,
Bogor,Kabupaten Bogor Leuwiliang,2026-05-13 01:00:00,-,85,46,,4,9,0,80,,,,,
Tangerang,Tangerang Pasir Jaya,2026-05-14 01:00:00,125,125,58,,59,63,0,65,,,,,
Bekasi,Bekasi Kayuringin,2026-05-14 01:00:00,81,81,44,,50,13,0,2,,,,,
Jakarta,The Pakubuwono Menteng,2026-05-14 01:57:17,159,159,61,140,,,,,55,30.1,,,
Depok,Cinere - Nafas,2026-05-14 01:57:45,155,155,60,113,,,,,0,0,,,
Bogor,Kabupaten Bogor Leuwiliang,2026-05-13 01:00:00,-,85,46,,4,9,0,80,,,,,
Tangerang,Tangerang Pasir Jaya,2026-05-14 01:00:00,125,125,58,,59,63,0,65,,,,,
Bekasi,Bekasi Kayuringin,2026-05-14 01:00:00,81,81,44,,50,13,0,2,,,,,
Jakarta,The Pakubuwono Menteng,2026-05-14 01:57:17,159,159,61,140,,,,,55,30.1,,,
Depok,Cinere - Nafas,2026-05-14 01:57:45,155,155,60,113,,,,,0,0,,,
Bogor,Kabupaten Bogor Leuwiliang,2026-05-13 01:00:00,-,85,46,,4,9,0,80,,,,,
Tangerang,Tangerang Pasir Jaya,2026-05-14 01:00:00,125,125,58,,59,63,0,65,,,,,
Bekasi,Bekasi Kayuringin,2026-05-14 01:00:00,81,81,44,,50,13,0,2,,,,,
Jakarta,The Pakubuwono Menteng,2026-05-14 01:59:17,158,158,61,133,,,,,55,30.1,,,
Depok,Cinere - Nafas,2026-05-14 01:58:45,153,153,60,111,,,,,0,0,,,
Bogor,Kabupaten Bogor Leuwiliang,2026-05-13 01:00:00,-,85,46,,4,9,0,80,,,,,
Tangerang,Tangerang Pasir Jaya,2026-05-14 01:00:00,125,125,58,,59,63,0,65,,,,,
Bekasi,Bekasi Kayuringin,2026-05-14 01:00:00,81,81,44,,50,13,0,2,,,,,
Jakarta,The Pakubuwono Menteng,2026-05-14 02:01:17,159,159,61,136,,,,,55,30,,,
Depok,Cinere - Nafas,2026-05-14 02:01:09,154,154,59,111,,,,,0,0,,,
Bogor,Kabupaten Bogor Leuwiliang,2026-05-13 01:00:00,-,85,46,,4,9,0,80,,,,,
Tangerang,Tangerang Pasir Jaya,2026-05-14 01:00:00,125,125,58,,59,63,0,65,,,,,
Bekasi,Bekasi Kayuringin,2026-05-14 01:00:00,81,81,44,,50,13,0,2,,,,,
Jakarta,The Pakubuwono Menteng,2026-05-14 02:01:17,159,159,61,136,,,,,55,30,,,
Depok,Cinere - Nafas,2026-05-14 02:01:09,154,154,59,111,,,,,0,0,,,
Bogor,Kabupaten Bogor Leuwiliang,2026-05-13 01:00:00,-,85,46,,4,9,0,80,,,,,
Tangerang,Tangerang Pasir Jaya,2026-05-14 01:00:00,125,125,58,,59,63,0,65,,,,,
Bekasi,Bekasi Kayuringin,2026-05-14 01:00:00,81,81,44,,50,13,0,2,,,,,
Jakarta,The Pakubuwono Menteng,2026-05-14 02:02:17,156,156,60,132,,,,,55,30,,,
Depok,Cinere - Nafas,2026-05-14 02:04:09,155,155,60,115,,,,,0,0,,,
Bogor,Kabupaten Bogor Leuwiliang,2026-05-13 01:00:00,-,85,46,,4,9,0,80,,,,,
Tangerang,Tangerang Pasir Jaya,2026-05-14 01:00:00,125,125,58,,59,63,0,65,,,,,
Bekasi,Bekasi Kayuringin,2026-05-14 01:00:00,81,81,44,,50,13,0,2,,,,,
Jakarta,The Pakubuwono Menteng,2026-05-14 02:04:17,159,159,61,133,,,,,55,30,,,
Depok,Cinere - Nafas,2026-05-14 02:04:09,155,155,60,115,,,,,0,0,,,
Bogor,Kabupaten Bogor Leuwiliang,2026-05-13 01:00:00,-,85,46,,4,9,0,80,,,,,
Tangerang,Tangerang Pasir Jaya,2026-05-14 01:00:00,125,125,58,,59,63,0,65,,,,,
Bekasi,Bekasi Kayuringin,2026-05-14 01:00:00,81,81,44,,50,13,0,2,,,,,
Jakarta,The Pakubuwono Menteng,2026-05-14 02:05:18,156,156,60,130,,,,,55,30,,,
Depok,Cinere - Nafas,2026-05-14 02:05:09,156,156,62,116,,,,,0,0,,,
Bogor,Kabupaten Bogor Leuwiliang,2026-05-13 01:00:00,-,85,46,,4,9,0,80,,,,,
Tangerang,Tangerang Pasir Jaya,2026-05-14 02:00:00,117,117,56,,59,63,0,65,,,,,
Bekasi,Bekasi Kayuringin,2026-05-14 02:00:00,77,77,43,,50,13,0,2,,,,,
Jakarta,The Pakubuwono Menteng,2026-05-14 02:07:18,154,154,59,123,,,,,55,30,,,
Depok,Cinere - Nafas,2026-05-14 02:07:09,155,155,60,113,,,,,0,0,,,
Bogor,Kabupaten Bogor Leuwiliang,2026-05-13 01:00:00,-,85,46,,4,9,0,80,,,,,
Tangerang,Tangerang Pasir Jaya,2026-05-14 02:00:00,117,117,56,,59,63,0,65,,,,,
Bekasi,Bekasi Kayuringin,2026-05-14 02:00:00,77,77,43,,50,13,0,2,,,,,
Jakarta,The Pakubuwono Menteng,2026-05-14 02:08:18,156,156,60,124,,,,,55,30,,,
Depok,Cinere - Nafas,2026-05-14 02:08:09,156,156,60,116,,,,,0,0,,,
Bogor,Kabupaten Bogor Leuwiliang,2026-05-13 01:00:00,-,85,46,,4,9,0,80,,,,,
Tangerang,Tangerang Pasir Jaya,2026-05-14 02:00:00,117,117,56,,59,63,0,65,,,,,
Bekasi,Bekasi Kayuringin,2026-05-14 02:00:00,77,77,43,,50,13,0,2,,,,,
Jakarta,The Pakubuwono Menteng,2026-05-14 02:08:18,156,156,60,124,,,,,55,30,,,
Depok,Cinere - Nafas,2026-05-14 02:08:09,156,156,60,116,,,,,0,0,,,
Bogor,Kabupaten Bogor Leuwiliang,2026-05-13 01:00:00,-,85,46,,4,9,0,80,,,,,
Tangerang,Tangerang Pasir Jaya,2026-05-14 02:00:00,117,117,56,,59,63,0,65,,,,,
Bekasi,Bekasi Kayuringin,2026-05-14 02:00:00,77,77,43,,50,13,0,2,,,,,
Jakarta,The Pakubuwono Menteng,2026-05-14 02:10:18,153,153,58,112,,,,,55,30,,,
Depok,Cinere - Nafas,2026-05-14 02:10:09,156,156,60,120,,,,,0,0,,,
Bogor,Kabupaten Bogor Leuwiliang,2026-05-13 01:00:00,-,85,46,,4,9,0,80,,,,,
Tangerang,Tangerang Pasir Jaya,2026-05-14 02:00:00,117,117,56,,59,63,0,65,,,,,
Bekasi,Bekasi Kayuringin,2026-05-14 02:00:00,77,77,43,,50,13,0,2,,,,,
Jakarta,The Pakubuwono Menteng,2026-05-14 02:12:18,157,157,60,126,,,,,55,29.9,,,
Depok,Cinere - Nafas,2026-05-14 02:12:09,157,157,61,118,,,,,0,0,,,
Bogor,Kabupaten Bogor Leuwiliang,2026-05-13 01:00:00,-,85,46,,4,9,0,80,,,,,
Tangerang,Tangerang Pasir Jaya,2026-05-14 02:00:00,117,117,56,,59,63,0,65,,,,,
Bekasi,Bekasi Kayuringin,2026-05-14 02:00:00,77,77,43,,50,13,0,2,,,,,
Jakarta,The Pakubuwono Menteng,2026-05-14 02:12:18,157,157,60,126,,,,,55,29.9,,,
Depok,Cinere - Nafas,2026-05-14 02:12:09,157,157,61,118,,,,,0,0,,,
Bogor,Kabupaten Bogor Leuwiliang,2026-05-13 01:00:00,-,85,46,,4,9,0,80,,,,,
Tangerang,Tangerang Pasir Jaya,2026-05-14 02:00:00,117,117,56,,59,63,0,65,,,,,
Bekasi,Bekasi Kayuringin,2026-05-14 02:00:00,77,77,43,,50,13,0,2,,,,,
Jakarta,The Pakubuwono Menteng,2026-05-14 02:13:18,152,152,58,115,,,,,55,30,,,
Depok,Cinere - Nafas,2026-05-14 02:16:09,158,158,62,126,,,,,0,0,,,
Bogor,Kabupaten Bogor Leuwiliang,2026-05-13 01:00:00,-,85,46,,4,9,0,80,,,,,
Tangerang,Tangerang Pasir Jaya,2026-05-14 02:00:00,117,117,56,,59,63,0,65,,,,,
Bekasi,Bekasi Kayuringin,2026-05-14 02:00:00,77,77,43,,50,13,0,2,,,,,
Jakarta,The Pakubuwono Menteng,2026-05-14 02:15:18,147,147,56,106,,,,,55,30,,,
Depok,Cinere - Nafas,2026-05-14 02:16:09,158,158,62,126,,,,,0,0,,,
Bogor,Kabupaten Bogor Leuwiliang,2026-05-13 01:00:00,-,85,46,,4,9,0,80,,,,,
Tangerang,Tangerang Pasir Jaya,2026-05-14 02:00:00,117,117,56,,59,63,0,65,,,,,
Bekasi,Bekasi Kayuringin,2026-05-14 02:00:00,77,77,43,,50,13,0,2,,,,,
Jakarta,The Pakubuwono Menteng,2026-05-14 02:16:18,152,152,58,113,,,,,55,30,,,
Depok,Cinere - Nafas,2026-05-14 02:17:09,157,157,61,125,,,,,0,0,,,
Bogor,Kabupaten Bogor Leuwiliang,2026-05-13 01:00:00,-,85,46,,4,9,0,80,,,,,
Tangerang,Tangerang Pasir Jaya,2026-05-14 02:00:00,117,117,56,,59,63,0,65,,,,,
Bekasi,Bekasi Kayuringin,2026-05-14 02:00:00,77,77,43,,50,13,0,2,,,,,
Jakarta,The Pakubuwono Menteng,2026-05-14 02:18:18,153,153,58,111,,,,,55,30,,,
Depok,Cinere - Nafas,2026-05-14 02:19:09,158,158,62,125,,,,,0,0,,,
Bogor,Kabupaten Bogor Leuwiliang,2026-05-13 01:00:00,-,85,46,,4,9,0,80,,,,,
Tangerang,Tangerang Pasir Jaya,2026-05-14 02:00:00,117,117,56,,59,63,0,65,,,,,
Bekasi,Bekasi Kayuringin,2026-05-14 02:00:00,77,77,43,,50,13,0,2,,,,,
Jakarta,The Pakubuwono Menteng,2026-05-14 02:18:18,153,153,58,111,,,,,55,30,,,
Depok,Cinere - Nafas,2026-05-14 02:19:09,158,158,62,125,,,,,0,0,,,
Bogor,Kabupaten Bogor Leuwiliang,2026-05-13 01:00:00,-,85,46,,4,9,0,80,,,,,
Tangerang,Tangerang Pasir Jaya,2026-05-14 02:00:00,117,117,56,,59,63,0,65,,,,,
Bekasi,Bekasi Kayuringin,2026-05-14 02:00:00,77,77,43,,50,13,0,2,,,,,
Jakarta,The Pakubuwono Menteng,2026-05-14 02:20:18,151,151,57,113,,,,,55,30,,,
Depok,Cinere - Nafas,2026-05-14 02:21:09,159,159,62,126,,,,,0,0,,,
Bogor,Kabupaten Bogor Leuwiliang,2026-05-13 01:00:00,-,85,46,,4,9,0,80,,,,,
Tangerang,Tangerang Pasir Jaya,2026-05-14 02:00:00,117,117,56,,59,63,0,65,,,,,
Bekasi,Bekasi Kayuringin,2026-05-14 02:00:00,77,77,43,,50,13,0,2,,,,,
Jakarta,The Pakubuwono Menteng,2026-05-14 02:21:19,151,151,58,112,,,,,55,29.9,,,
Depok,Cinere - Nafas,2026-05-14 02:22:09,157,157,61,124,,,,,0,0,,,
Bogor,Kabupaten Bogor Leuwiliang,2026-05-13 01:00:00,-,85,46,,4,9,0,80,,,,,
Tangerang,Tangerang Pasir Jaya,2026-05-14 02:00:00,117,117,56,,59,63,0,65,,,,,
Bekasi,Bekasi Kayuringin,2026-05-14 02:00:00,77,77,43,,50,13,0,2,,,,,
Jakarta,The Pakubuwono Menteng,2026-05-14 02:21:19,151,151,58,112,,,,,55,29.9,,,
Depok,Cinere - Nafas,2026-05-14 02:22:09,157,157,61,124,,,,,0,0,,,
Bogor,Kabupaten Bogor Leuwiliang,2026-05-13 01:00:00,-,85,46,,4,9,0,80,,,,,
Tangerang,Tangerang Pasir Jaya,2026-05-14 02:00:00,117,117,56,,59,63,0,65,,,,,
Bekasi,Bekasi Kayuringin,2026-05-14 02:00:00,77,77,43,,50,13,0,2,,,,,
Jakarta,The Pakubuwono Menteng,2026-05-14 02:23:18,152,152,57,114,,,,,55,29.9,,,
Depok,Cinere - Nafas,2026-05-14 02:24:09,157,157,61,120,,,,,0,0,,,
Bogor,Kabupaten Bogor Leuwiliang,2026-05-13 01:00:00,-,85,46,,4,9,0,80,,,,,
Tangerang,Tangerang Pasir Jaya,2026-05-14 02:00:00,117,117,56,,59,63,0,65,,,,,
Bekasi,Bekasi Kayuringin,2026-05-14 02:00:00,77,77,43,,50,13,0,2,,,,,
Jakarta,The Pakubuwono Menteng,2026-05-14 02:26:18,150,150,57,106,,,,,55,29.9,,,
Depok,Cinere - Nafas,2026-05-14 02:27:09,154,154,60,115,,,,,0,0,,,
Bogor,Kabupaten Bogor Leuwiliang,2026-05-13 01:00:00,-,85,46,,4,9,0,80,,,,,
Tangerang,Tangerang Pasir Jaya,2026-05-14 02:00:00,117,117,56,,59,63,0,65,,,,,
Bekasi,Bekasi Kayuringin,2026-05-14 02:00:00,77,77,43,,50,13,0,2,,,,,
Jakarta,The Pakubuwono Menteng,2026-05-14 02:26:18,150,150,57,106,,,,,55,29.9,,,
Depok,Cinere - Nafas,2026-05-14 02:27:09,154,154,60,115,,,,,0,0,,,
Bogor,Kabupaten Bogor Leuwiliang,2026-05-13 01:00:00,-,85,46,,4,9,0,80,,,,,
Tangerang,Tangerang Pasir Jaya,2026-05-14 02:00:00,117,117,56,,59,63,0,65,,,,,
Bekasi,Bekasi Kayuringin,2026-05-14 02:00:00,77,77,43,,50,13,0,2,,,,,
Jakarta,The Pakubuwono Menteng,2026-05-14 02:27:18,151,151,57,111,,,,,55,29.8,,,
Depok,Cinere - Nafas,2026-05-14 02:28:09,156,156,60,116,,,,,0,0,,,
Bogor,Kabupaten Bogor Leuwiliang,2026-05-13 01:00:00,-,85,46,,4,9,0,80,,,,,
Tangerang,Tangerang Pasir Jaya,2026-05-14 02:00:00,117,117,56,,59,63,0,65,,,,,
Bekasi,Bekasi Kayuringin,2026-05-14 02:00:00,77,77,43,,50,13,0,2,,,,,
Jakarta,The Pakubuwono Menteng,2026-05-14 02:29:18,145,145,56,105,,,,,55,29.8,,,
Depok,Cinere - Nafas,2026-05-14 02:30:09,158,158,62,121,,,,,0,0,,,
Bogor,Kabupaten Bogor Leuwiliang,2026-05-13 01:00:00,-,85,46,,4,9,0,80,,,,,
Tangerang,Tangerang Pasir Jaya,2026-05-14 02:00:00,117,117,56,,59,63,0,65,,,,,
Bekasi,Bekasi Kayuringin,2026-05-14 02:00:00,77,77,43,,50,13,0,2,,,,,
Jakarta,The Pakubuwono Menteng,2026-05-14 02:29:18,145,145,56,105,,,,,55,29.8,,,
Depok,Cinere - Nafas,2026-05-14 02:30:09,158,158,62,121,,,,,0,0,,,
Bogor,Kabupaten Bogor Leuwiliang,2026-05-13 01:00:00,-,85,46,,4,9,0,80,,,,,
Tangerang,Tangerang Pasir Jaya,2026-05-14 02:00:00,117,117,56,,59,63,0,65,,,,,
Bekasi,Bekasi Kayuringin,2026-05-14 02:00:00,77,77,43,,50,13,0,2,,,,,
Jakarta,The Pakubuwono Menteng,2026-05-14 02:30:18,151,151,57,110,,,,,55,29.8,,,
Depok,Cinere - Nafas,2026-05-14 02:31:09,155,155,60,120,,,,,0,0,,,
Bogor,Kabupaten Bogor Leuwiliang,2026-05-13 01:00:00,-,85,46,,4,9,0,80,,,,,
Tangerang,Tangerang Pasir Jaya,2026-05-14 02:00:00,117,117,56,,59,63,0,65,,,,,
Bekasi,Bekasi Kayuringin,2026-05-14 02:00:00,77,77,43,,50,13,0,2,,,,,
Jakarta,The Pakubuwono Menteng,2026-05-14 02:32:18,149,149,56,105,,,,,55,29.8,,,
Depok,Cinere - Nafas,2026-05-14 02:33:09,156,156,61,118,,,,,0,0,,,
Bogor,Kabupaten Bogor Leuwiliang,2026-05-13 01:00:00,-,85,46,,4,9,0,80,,,,,
Tangerang,Tangerang Pasir Jaya,2026-05-14 02:00:00,117,117,56,,59,63,0,65,,,,,
Bekasi,Bekasi Kayuringin,2026-05-14 02:00:00,77,77,43,,50,13,0,2,,,,,
Jakarta,The Pakubuwono Menteng,2026-05-14 02:32:18,149,149,56,105,,,,,55,29.8,,,
Depok,Cinere - Nafas,2026-05-14 02:33:09,156,156,61,118,,,,,0,0,,,
Bogor,Kabupaten Bogor Leuwiliang,2026-05-13 01:00:00,-,85,46,,4,9,0,80,,,,,
Tangerang,Tangerang Pasir Jaya,2026-05-14 02:00:00,117,117,56,,59,63,0,65,,,,,
Bekasi,Bekasi Kayuringin,2026-05-14 02:00:00,77,77,43,,50,13,0,2,,,,,
Jakarta,The Pakubuwono Menteng,2026-05-14 02:33:18,150,150,56,106,,,,,55,29.8,,,
Depok,Cinere - Nafas,2026-05-14 02:36:09,156,156,60,114,,,,,0,0,,,
Bogor,Kabupaten Bogor Leuwiliang,2026-05-13 01:00:00,-,85,46,,4,9,0,80,,,,,
Tangerang,Tangerang Pasir Jaya,2026-05-14 02:00:00,117,117,56,,59,63,0,65,,,,,
Bekasi,Bekasi Kayuringin,2026-05-14 02:00:00,77,77,43,,50,13,0,2,,,,,
Jakarta,The Pakubuwono Menteng,2026-05-14 02:35:18,149,149,57,113,,,,,55,29.9,,,
Depok,Cinere - Nafas,2026-05-14 02:36:09,156,156,60,114,,,,,0,0,,,
Bogor,Kabupaten Bogor Leuwiliang,2026-05-13 01:00:00,-,85,46,,4,9,0,80,,,,,
Tangerang,Tangerang Pasir Jaya,2026-05-14 02:00:00,117,117,56,,59,63,0,65,,,,,
Bekasi,Bekasi Kayuringin,2026-05-14 02:00:00,77,77,43,,50,13,0,2,,,,,
Jakarta,The Pakubuwono Menteng,2026-05-14 02:37:18,148,148,56,105,,,,,55,29.9,,,
Depok,Cinere - Nafas,2026-05-14 02:38:09,156,156,61,121,,,,,0,0,,,
Bogor,Kabupaten Bogor Leuwiliang,2026-05-13 01:00:00,-,85,46,,4,9,0,80,,,,,
Tangerang,Tangerang Pasir Jaya,2026-05-14 02:00:00,117,117,56,,59,63,0,65,,,,,
Bekasi,Bekasi Kayuringin,2026-05-14 02:00:00,77,77,43,,50,13,0,2,,,,,
Jakarta,The Pakubuwono Menteng,2026-05-14 02:38:18,141,141,55,103,,,,,55,29.9,,,
Depok,Cinere - Nafas,2026-05-14 02:39:09,157,157,62,121,,,,,0,0,,,
Bogor,Kabupaten Bogor Leuwiliang,2026-05-13 01:00:00,-,85,46,,4,9,0,80,,,,,
Tangerang,Tangerang Pasir Jaya,2026-05-14 02:00:00,117,117,56,,59,63,0,65,,,,,
Bekasi,Bekasi Kayuringin,2026-05-14 02:00:00,77,77,43,,50,13,0,2,,,,,
Jakarta,The Pakubuwono Menteng,2026-05-14 02:38:18,141,141,55,103,,,,,55,29.9,,,
Depok,Cinere - Nafas,2026-05-14 02:39:09,157,157,62,121,,,,,0,0,,,
Bogor,Kabupaten Bogor Leuwiliang,2026-05-13 01:00:00,-,85,46,,4,9,0,80,,,,,
Tangerang,Tangerang Pasir Jaya,2026-05-14 02:00:00,117,117,56,,59,63,0,65,,,,,
Bekasi,Bekasi Kayuringin,2026-05-14 02:00:00,77,77,43,,50,13,0,2,,,,,
Jakarta,The Pakubuwono Menteng,2026-05-14 02:40:18,139,139,54,97,,,,,55,29.9,,,
Depok,Cinere - Nafas,2026-05-14 02:41:09,154,154,60,116,,,,,0,0,,,
Bogor,Kabupaten Bogor Leuwiliang,2026-05-13 01:00:00,-,85,46,,4,9,0,80,,,,,
Tangerang,Tangerang Pasir Jaya,2026-05-14 02:00:00,117,117,56,,59,63,0,65,,,,,
Bekasi,Bekasi Kayuringin,2026-05-14 02:00:00,77,77,43,,50,13,0,2,,,,,
Jakarta,The Pakubuwono Menteng,2026-05-14 02:42:18,143,143,55,99,,,,,55,29.9,,,
Depok,Cinere - Nafas,2026-05-14 02:43:09,153,153,60,113,,,,,0,0,,,
Bogor,Kabupaten Bogor Leuwiliang,2026-05-13 01:00:00,-,85,46,,4,9,0,80,,,,,
Tangerang,Tangerang Pasir Jaya,2026-05-14 02:00:00,117,117,56,,59,63,0,65,,,,,
Bekasi,Bekasi Kayuringin,2026-05-14 02:00:00,77,77,43,,50,13,0,2,,,,,
Jakarta,The Pakubuwono Menteng,2026-05-14 02:42:18,143,143,55,99,,,,,55,29.9,,,
Depok,Cinere - Nafas,2026-05-14 02:43:09,153,153,60,113,,,,,0,0,,,
Bogor,Kabupaten Bogor Leuwiliang,2026-05-13 01:00:00,-,85,46,,4,9,0,80,,,,,
Tangerang,Tangerang Pasir Jaya,2026-05-14 02:00:00,117,117,56,,59,63,0,65,,,,,
Bekasi,Bekasi Kayuringin,2026-05-14 02:00:00,77,77,43,,50,13,0,2,,,,,
Jakarta,The Pakubuwono Menteng,2026-05-14 02:43:18,138,138,54,98,,,,,55,29.9,,,
Depok,Cinere - Nafas,2026-05-14 02:44:09,155,155,60,115,,,,,0,0,,,
Bogor,Kabupaten Bogor Leuwiliang,2026-05-13 01:00:00,-,85,46,,4,9,0,80,,,,,
Tangerang,Tangerang Pasir Jaya,2026-05-14 02:00:00,117,117,56,,59,63,0,65,,,,,
Bekasi,Bekasi Kayuringin,2026-05-14 02:00:00,77,77,43,,50,13,0,2,,,,,
Jakarta,The Pakubuwono Menteng,2026-05-14 02:45:18,136,136,53,97,,,,,55,29.9,,,
Depok,Cinere - Nafas,2026-05-14 02:46:09,152,152,59,112,,,,,0,0,,,
Bogor,Kabupaten Bogor Leuwiliang,2026-05-13 01:00:00,-,85,46,,4,9,0,80,,,,,
Tangerang,Tangerang Pasir Jaya,2026-05-14 02:00:00,117,117,56,,59,63,0,65,,,,,
Bekasi,Bekasi Kayuringin,2026-05-14 02:00:00,77,77,43,,50,13,0,2,,,,,
Jakarta,The Pakubuwono Menteng,2026-05-14 02:48:19,140,140,55,100,,,,,55,30,,,
Depok,Cinere - Nafas,2026-05-14 02:48:09,154,154,60,110,,,,,0,0,,,
Bogor,Kabupaten Bogor Leuwiliang,2026-05-13 01:00:00,-,85,46,,4,9,0,80,,,,,
Tangerang,Tangerang Pasir Jaya,2026-05-14 02:00:00,117,117,56,,59,63,0,65,,,,,
Bekasi,Bekasi Kayuringin,2026-05-14 02:00:00,77,77,43,,50,13,0,2,,,,,
Jakarta,The Pakubuwono Menteng,2026-05-14 02:49:19,152,152,58,111,,,,,55,30,,,
Depok,Cinere - Nafas,2026-05-14 02:49:09,152,152,59,106,,,,,0,0,,,
Bogor,Kabupaten Bogor Leuwiliang,2026-05-13 01:00:00,-,85,46,,4,9,0,80,,,,,
Tangerang,Tangerang Pasir Jaya,2026-05-14 02:00:00,117,117,56,,59,63,0,65,,,,,
Bekasi,Bekasi Kayuringin,2026-05-14 02:00:00,77,77,43,,50,13,0,2,,,,,
Jakarta,The Pakubuwono Menteng,2026-05-14 02:49:19,152,152,58,111,,,,,55,30,,,
Depok,Cinere - Nafas,2026-05-14 02:49:09,152,152,59,106,,,,,0,0,,,
Bogor,Kabupaten Bogor Leuwiliang,2026-05-13 01:00:00,-,85,46,,4,9,0,80,,,,,
Tangerang,Tangerang Pasir Jaya,2026-05-14 02:00:00,117,117,56,,59,63,0,65,,,,,
Bekasi,Bekasi Kayuringin,2026-05-14 02:00:00,77,77,43,,50,13,0,2,,,,,
Jakarta,The Pakubuwono Menteng,2026-05-14 02:51:19,151,151,57,112,,,,,55,30,,,
Depok,Cinere - Nafas,2026-05-14 02:51:09,154,154,60,108,,,,,0,0,,,
Bogor,Kabupaten Bogor Leuwiliang,2026-05-13 01:00:00,-,85,46,,4,9,0,80,,,,,
Tangerang,Tangerang Pasir Jaya,2026-05-14 02:00:00,117,117,56,,59,63,0,65,,,,,
Bekasi,Bekasi Kayuringin,2026-05-14 02:00:00,77,77,43,,50,13,0,2,,,,,
Jakarta,The Pakubuwono Menteng,2026-05-14 02:52:19,137,137,54,97,,,,,55,29.9,,,
Depok,Cinere - Nafas,2026-05-14 02:52:09,154,154,60,115,,,,,0,0,,,
Bogor,Kabupaten Bogor Leuwiliang,2026-05-13 01:00:00,-,85,46,,4,9,0,80,,,,,
Tangerang,Tangerang Pasir Jaya,2026-05-14 02:00:00,117,117,56,,59,63,0,65,,,,,
Bekasi,Bekasi Kayuringin,2026-05-14 02:00:00,77,77,43,,50,13,0,2,,,,,
Jakarta,The Pakubuwono Menteng,2026-05-14 02:52:19,137,137,54,97,,,,,55,29.9,,,
Depok,Cinere - Nafas,2026-05-14 02:52:09,154,154,60,115,,,,,0,0,,,
Bogor,Kabupaten Bogor Leuwiliang,2026-05-13 01:00:00,-,85,46,,4,9,0,80,,,,,
Tangerang,Tangerang Pasir Jaya,2026-05-14 02:00:00,117,117,56,,59,63,0,65,,,,,
Bekasi,Bekasi Kayuringin,2026-05-14 02:00:00,77,77,43,,50,13,0,2,,,,,
Jakarta,The Pakubuwono Menteng,2026-05-14 02:54:19,150,150,56,108,,,,,55,29.9,,,
Depok,Cinere - Nafas,2026-05-14 02:54:10,156,156,61,116,,,,,0,0,,,
Bogor,Kabupaten Bogor Leuwiliang,2026-05-13 01:00:00,-,85,46,,4,9,0,80,,,,,
Tangerang,Tangerang Pasir Jaya,2026-05-14 02:00:00,117,117,56,,59,63,0,65,,,,,
Bekasi,Bekasi Kayuringin,2026-05-14 02:00:00,77,77,43,,50,13,0,2,,,,,
Jakarta,The Pakubuwono Menteng,2026-05-14 02:55:19,162,162,64,144,,,,,54,30,,,
Depok,Cinere - Nafas,2026-05-14 02:55:10,156,156,60,112,,,,,0,0,,,
Bogor,Kabupaten Bogor Leuwiliang,2026-05-13 01:00:00,-,85,46,,4,9,0,80,,,,,
Tangerang,Tangerang Pasir Jaya,2026-05-14 02:00:00,117,117,56,,59,63,0,65,,,,,
Bekasi,Bekasi Kayuringin,2026-05-14 02:00:00,77,77,43,,50,13,0,2,,,,,
Jakarta,The Pakubuwono Menteng,2026-05-14 02:57:19,161,161,65,143,,,,,54,29.9,,,
Depok,Cinere - Nafas,2026-05-14 02:57:10,158,158,61,117,,,,,0,0,,,
Bogor,Kabupaten Bogor Leuwiliang,2026-05-13 01:00:00,-,85,46,,4,9,0,80,,,,,
Tangerang,Tangerang Pasir Jaya,2026-05-14 02:00:00,117,117,56,,59,63,0,65,,,,,
Bekasi,Bekasi Kayuringin,2026-05-14 02:00:00,77,77,43,,50,13,0,2,,,,,
Jakarta,The Pakubuwono Menteng,2026-05-14 02:59:19,156,156,60,129,,,,,55,29.9,,,
Depok,Cinere - Nafas,2026-05-14 02:59:12,155,155,60,110,,,,,0,0,,,
Bogor,Kabupaten Bogor Leuwiliang,2026-05-13 01:00:00,-,85,46,,4,9,0,80,,,,,
Tangerang,Tangerang Pasir Jaya,2026-05-14 02:00:00,117,117,56,,59,63,0,65,,,,,
Bekasi,Bekasi Kayuringin,2026-05-14 02:00:00,77,77,43,,50,13,0,2,,,,,
Jakarta,The Pakubuwono Menteng,2026-05-14 02:59:19,156,156,60,129,,,,,55,29.9,,,
Depok,Cinere - Nafas,2026-05-14 02:59:12,155,155,60,110,,,,,0,0,,,
Bogor,Kabupaten Bogor Leuwiliang,2026-05-13 01:00:00,-,85,46,,4,9,0,80,,,,,
Tangerang,Tangerang Pasir Jaya,2026-05-14 02:00:00,117,117,56,,59,63,0,65,,,,,
Bekasi,Bekasi Kayuringin,2026-05-14 02:00:00,77,77,43,,50,13,0,2,,,,,
Jakarta,The Pakubuwono Menteng,2026-05-14 03:00:19,154,154,59,121,,,,,55,29.9,,,
Depok,Cinere - Nafas,2026-05-14 03:00:12,156,156,61,116,,,,,0,0,,,
Bogor,Kabupaten Bogor Leuwiliang,2026-05-13 01:00:00,-,85,46,,4,9,0,80,,,,,
Tangerang,Tangerang Pasir Jaya,2026-05-14 02:00:00,117,117,56,,59,63,0,65,,,,,
Bekasi,Bekasi Kayuringin,2026-05-14 02:00:00,77,77,43,,50,13,0,2,,,,,
Jakarta,The Pakubuwono Menteng,2026-05-14 03:02:19,150,150,56,108,,,,,55,29.9,,,
Depok,Cinere - Nafas,2026-05-14 03:02:12,155,155,60,114,,,,,0,0,,,
Bogor,Kabupaten Bogor Leuwiliang,2026-05-13 01:00:00,-,85,46,,4,9,0,80,,,,,
Tangerang,Tangerang Pasir Jaya,2026-05-14 02:00:00,117,117,56,,59,63,0,65,,,,,
Bekasi,Bekasi Kayuringin,2026-05-14 02:00:00,77,77,43,,50,13,0,2,,,,,
Jakarta,The Pakubuwono Menteng,2026-05-14 03:02:19,150,150,56,108,,,,,55,29.9,,,
Depok,Cinere - Nafas,2026-05-14 03:02:12,155,155,60,114,,,,,0,0,,,
Bogor,Kabupaten Bogor Leuwiliang,2026-05-13 01:00:00,-,85,46,,4,9,0,80,,,,,
Tangerang,Tangerang Pasir Jaya,2026-05-14 02:00:00,117,117,56,,59,63,0,65,,,,,
Bekasi,Bekasi Kayuringin,2026-05-14 02:00:00,77,77,43,,50,13,0,2,,,,,
Jakarta,The Pakubuwono Menteng,2026-05-14 03:04:19,142,142,55,102,,,,,55,29.9,,,
Depok,Cinere - Nafas,2026-05-14 03:04:12,154,154,60,115,,,,,0,0,,,
Bogor,Kabupaten Bogor Leuwiliang,2026-05-13 01:00:00,-,85,46,,4,9,0,80,,,,,
Tangerang,Tangerang Pasir Jaya,2026-05-14 02:00:00,117,117,56,,59,63,0,65,,,,,
Bekasi,Bekasi Kayuringin,2026-05-14 02:00:00,77,77,43,,50,13,0,2,,,,,
Jakarta,The Pakubuwono Menteng,2026-05-14 03:05:19,137,137,53,96,,,,,55,29.9,,,
Depok,Cinere - Nafas,2026-05-14 03:05:12,155,155,60,113,,,,,0,0,,,
Bogor,Kabupaten Bogor Leuwiliang,2026-05-13 01:00:00,-,85,46,,4,9,0,80,,,,,
Tangerang,Tangerang Pasir Jaya,2026-05-14 03:00:00,114,114,55,,59,63,0,65,,,,,
Bekasi,Bekasi Kayuringin,2026-05-14 03:00:00,74,74,42,,51,13,0,2,,,,,
Jakarta,The Pakubuwono Menteng,2026-05-14 03:05:19,137,137,53,96,,,,,55,29.9,,,
Depok,Cinere - Nafas,2026-05-14 03:05:12,155,155,60,113,,,,,0,0,,,
Bogor,Kabupaten Bogor Leuwiliang,2026-05-13 01:00:00,-,85,46,,4,9,0,80,,,,,
Tangerang,Tangerang Pasir Jaya,2026-05-14 03:00:00,114,114,55,,59,63,0,65,,,,,
Bekasi,Bekasi Kayuringin,2026-05-14 03:00:00,74,74,42,,51,13,0,2,,,,,
Jakarta,The Pakubuwono Menteng,2026-05-14 03:05:19,137,137,53,96,,,,,55,29.9,,,
Depok,Cinere - Nafas,2026-05-14 03:05:12,155,155,60,113,,,,,0,0,,,
Bogor,Kabupaten Bogor Leuwiliang,2026-05-13 01:00:00,-,85,46,,4,9,0,80,,,,,
Tangerang,Tangerang Pasir Jaya,2026-05-14 03:00:00,114,114,55,,59,63,0,65,,,,,
Bekasi,Bekasi Kayuringin,2026-05-14 03:00:00,74,74,42,,51,13,0,2,,,,,
Jakarta,The Pakubuwono Menteng,2026-05-14 03:05:19,137,137,53,96,,,,,55,29.9,,,
Depok,Cinere - Nafas,2026-05-14 03:05:12,155,155,60,113,,,,,0,0,,,
Bogor,Kabupaten Bogor Leuwiliang,2026-05-13 01:00:00,-,85,46,,4,9,0,80,,,,,
Tangerang,Tangerang Pasir Jaya,2026-05-14 03:00:00,114,114,55,,59,63,0,65,,,,,
Bekasi,Bekasi Kayuringin,2026-05-14 03:00:00,74,74,42,,51,13,0,2,,,,,
Jakarta,The Pakubuwono Menteng,2026-05-14 03:10:19,143,143,55,100,,,,,54,29.9,,,
Depok,Cinere - Nafas,2026-05-14 03:10:12,153,153,60,109,,,,,0,0,,,
Bogor,Kabupaten Bogor Leuwiliang,2026-05-13 01:00:00,-,85,46,,4,9,0,80,,,,,
Tangerang,Tangerang Pasir Jaya,2026-05-14 03:00:00,114,114,55,,59,63,0,65,,,,,
Bekasi,Bekasi Kayuringin,2026-05-14 03:00:00,74,74,42,,51,13,0,2,,,,,
Jakarta,The Pakubuwono Menteng,2026-05-14 03:11:19,140,140,55,97,,,,,54,29.9,,,
Depok,Cinere - Nafas,2026-05-14 03:11:12,153,153,59,109,,,,,0,0,,,
Bogor,Kabupaten Bogor Leuwiliang,2026-05-13 01:00:00,-,85,46,,4,9,0,80,,,,,
Tangerang,Tangerang Pasir Jaya,2026-05-14 03:00:00,114,114,55,,59,63,0,65,,,,,
Bekasi,Bekasi Kayuringin,2026-05-14 03:00:00,74,74,42,,51,13,0,2,,,,,
Jakarta,The Pakubuwono Menteng,2026-05-14 03:11:19,140,140,55,97,,,,,54,29.9,,,
Depok,Cinere - Nafas,2026-05-14 03:11:12,153,153,59,109,,,,,0,0,,,
Bogor,Kabupaten Bogor Leuwiliang,2026-05-13 01:00:00,-,85,46,,4,9,0,80,,,,,
Tangerang,Tangerang Pasir Jaya,2026-05-14 03:00:00,114,114,55,,59,63,0,65,,,,,
Bekasi,Bekasi Kayuringin,2026-05-14 03:00:00,74,74,42,,51,13,0,2,,,,,
Jakarta,The Pakubuwono Menteng,2026-05-14 03:13:19,140,140,55,100,,,,,54,29.9,,,
Depok,Cinere - Nafas,2026-05-14 03:13:12,153,153,59,111,,,,,0,0,,,
Bogor,Kabupaten Bogor Leuwiliang,2026-05-13 01:00:00,-,85,46,,4,9,0,80,,,,,
Tangerang,Tangerang Pasir Jaya,2026-05-14 03:00:00,114,114,55,,59,63,0,65,,,,,
Bekasi,Bekasi Kayuringin,2026-05-14 03:00:00,74,74,42,,51,13,0,2,,,,,
Jakarta,The Pakubuwono Menteng,2026-05-14 03:15:19,140,140,55,100,,,,,54,30,,,
Depok,Cinere - Nafas,2026-05-14 03:15:13,153,153,60,111,,,,,0,0,,,
Bogor,Kabupaten Bogor Leuwiliang,2026-05-13 01:00:00,-,85,46,,4,9,0,80,,,,,
Tangerang,Tangerang Pasir Jaya,2026-05-14 03:00:00,114,114,55,,59,63,0,65,,,,,
Bekasi,Bekasi Kayuringin,2026-05-14 03:00:00,74,74,42,,51,13,0,2,,,,,
Jakarta,The Pakubuwono Menteng,2026-05-14 03:15:19,140,140,55,100,,,,,54,30,,,
Depok,Cinere - Nafas,2026-05-14 03:15:13,153,153,60,111,,,,,0,0,,,
Bogor,Kabupaten Bogor Leuwiliang,2026-05-13 01:00:00,-,85,46,,4,9,0,80,,,,,
Tangerang,Tangerang Pasir Jaya,2026-05-14 03:00:00,114,114,55,,59,63,0,65,,,,,
Bekasi,Bekasi Kayuringin,2026-05-14 03:00:00,74,74,42,,51,13,0,2,,,,,
Jakarta,The Pakubuwono Menteng,2026-05-14 03:16:19,142,142,56,101,,,,,54,30,,,
Depok,Cinere - Nafas,2026-05-14 03:18:12,153,153,60,105,,,,,0,0,,,
Bogor,Kabupaten Bogor Leuwiliang,2026-05-13 01:00:00,-,85,46,,4,9,0,80,,,,,
Tangerang,Tangerang Pasir Jaya,2026-05-14 03:00:00,114,114,55,,59,63,0,65,,,,,
Bekasi,Bekasi Kayuringin,2026-05-14 03:00:00,74,74,42,,51,13,0,2,,,,,
Jakarta,The Pakubuwono Menteng,2026-05-14 03:19:19,141,141,54,98,,,,,54,29.9,,,
Depok,Cinere - Nafas,2026-05-14 03:19:12,152,152,58,108,,,,,0,0,,,
Bogor,Kabupaten Bogor Leuwiliang,2026-05-13 01:00:00,-,85,46,,4,9,0,80,,,,,
Tangerang,Tangerang Pasir Jaya,2026-05-14 03:00:00,114,114,55,,59,63,0,65,,,,,
Bekasi,Bekasi Kayuringin,2026-05-14 03:00:00,74,74,42,,51,13,0,2,,,,,
Jakarta,The Pakubuwono Menteng,2026-05-14 03:19:19,141,141,54,98,,,,,54,29.9,,,
Depok,Cinere - Nafas,2026-05-14 03:19:12,152,152,58,108,,,,,0,0,,,
Bogor,Kabupaten Bogor Leuwiliang,2026-05-13 01:00:00,-,85,46,,4,9,0,80,,,,,
Tangerang,Tangerang Pasir Jaya,2026-05-14 03:00:00,114,114,55,,59,63,0,65,,,,,
Bekasi,Bekasi Kayuringin,2026-05-14 03:00:00,74,74,42,,51,13,0,2,,,,,
Jakarta,The Pakubuwono Menteng,2026-05-14 03:21:19,143,143,56,105,,,,,54,29.9,,,
Depok,Cinere - Nafas,2026-05-14 03:21:13,152,152,58,106,,,,,0,0,,,
Bogor,Kabupaten Bogor Leuwiliang,2026-05-13 01:00:00,-,85,46,,4,9,0,80,,,,,
Tangerang,Tangerang Pasir Jaya,2026-05-14 03:00:00,114,114,55,,59,63,0,65,,,,,
Bekasi,Bekasi Kayuringin,2026-05-14 03:00:00,74,74,42,,51,13,0,2,,,,,
Jakarta,The Pakubuwono Menteng,2026-05-14 03:21:19,143,143,56,105,,,,,54,29.9,,,
Depok,Cinere - Nafas,2026-05-14 03:21:13,152,152,58,106,,,,,0,0,,,
Bogor,Kabupaten Bogor Leuwiliang,2026-05-13 01:00:00,-,85,46,,4,9,0,80,,,,,
Tangerang,Tangerang Pasir Jaya,2026-05-14 03:00:00,114,114,55,,59,63,0,65,,,,,
Bekasi,Bekasi Kayuringin,2026-05-14 03:00:00,74,74,42,,51,13,0,2,,,,,
Jakarta,The Pakubuwono Menteng,2026-05-14 03:22:19,141,141,55,99,,,,,54,29.9,,,
Depok,Cinere - Nafas,2026-05-14 03:21:13,152,152,58,106,,,,,0,0,,,
Bogor,Kabupaten Bogor Leuwiliang,2026-05-13 01:00:00,-,85,46,,4,9,0,80,,,,,
Tangerang,Tangerang Pasir Jaya,2026-05-14 03:00:00,114,114,55,,59,63,0,65,,,,,
Bekasi,Bekasi Kayuringin,2026-05-14 03:00:00,74,74,42,,51,13,0,2,,,,,
Jakarta,The Pakubuwono Menteng,2026-05-14 03:24:19,151,151,56,105,,,,,54,29.9,,,
Depok,Cinere - Nafas,2026-05-14 03:24:12,152,152,59,106,,,,,0,0,,,
Bogor,Kabupaten Bogor Leuwiliang,2026-05-13 01:00:00,-,85,46,,4,9,0,80,,,,,
Tangerang,Tangerang Pasir Jaya,2026-05-14 03:00:00,114,114,55,,59,63,0,65,,,,,
Bekasi,Bekasi Kayuringin,2026-05-14 03:00:00,74,74,42,,51,13,0,2,,,,,
Jakarta,The Pakubuwono Menteng,2026-05-14 03:24:19,151,151,56,105,,,,,54,29.9,,,
Depok,Cinere - Nafas,2026-05-14 03:24:12,152,152,59,106,,,,,0,0,,,
Bogor,Kabupaten Bogor Leuwiliang,2026-05-13 01:00:00,-,85,46,,4,9,0,80,,,,,
Tangerang,Tangerang Pasir Jaya,2026-05-14 03:00:00,114,114,55,,59,63,0,65,,,,,
Bekasi,Bekasi Kayuringin,2026-05-14 03:00:00,74,74,42,,51,13,0,2,,,,,
Jakarta,The Pakubuwono Menteng,2026-05-14 03:26:19,151,151,57,106,,,,,54,29.9,,,
Depok,Cinere - Nafas,2026-05-14 03:26:12,153,153,59,109,,,,,0,0,,,
Bogor,Kabupaten Bogor Leuwiliang,2026-05-13 01:00:00,-,85,46,,4,9,0,80,,,,,
Tangerang,Tangerang Pasir Jaya,2026-05-14 03:00:00,114,114,55,,59,63,0,65,,,,,
Bekasi,Bekasi Kayuringin,2026-05-14 03:00:00,74,74,42,,51,13,0,2,,,,,
Jakarta,The Pakubuwono Menteng,2026-05-14 03:28:20,151,151,57,107,,,,,54,29.9,,,
Depok,Cinere - Nafas,2026-05-14 03:28:13,154,154,60,111,,,,,0,0,,,
Bogor,Kabupaten Bogor Leuwiliang,2026-05-13 01:00:00,-,85,46,,4,9,0,80,,,,,
Tangerang,Tangerang Pasir Jaya,2026-05-14 03:00:00,114,114,55,,59,63,0,65,,,,,
Bekasi,Bekasi Kayuringin,2026-05-14 03:00:00,74,74,42,,51,13,0,2,,,,,
Jakarta,The Pakubuwono Menteng,2026-05-14 03:29:20,151,151,57,110,,,,,55,29.8,,,
Depok,Cinere - Nafas,2026-05-14 03:29:13,154,154,59,111,,,,,0,0,,,
Bogor,Kabupaten Bogor Leuwiliang,2026-05-13 01:00:00,-,85,46,,4,9,0,80,,,,,
Tangerang,Tangerang Pasir Jaya,2026-05-14 03:00:00,114,114,55,,59,63,0,65,,,,,
Bekasi,Bekasi Kayuringin,2026-05-14 03:00:00,74,74,42,,51,13,0,2,,,,,
Jakarta,The Pakubuwono Menteng,2026-05-14 03:31:20,151,151,57,106,,,,,55,29.8,,,
Depok,Cinere - Nafas,2026-05-14 03:31:13,155,155,60,113,,,,,0,0,,,
Bogor,Kabupaten Bogor Leuwiliang,2026-05-13 01:00:00,-,85,46,,4,9,0,80,,,,,
Tangerang,Tangerang Pasir Jaya,2026-05-14 03:00:00,114,114,55,,59,63,0,65,,,,,
Bekasi,Bekasi Kayuringin,2026-05-14 03:00:00,74,74,42,,51,13,0,2,,,,,
Jakarta,The Pakubuwono Menteng,2026-05-14 03:31:20,151,151,57,106,,,,,55,29.8,,,
Depok,Cinere - Nafas,2026-05-14 03:31:13,155,155,60,113,,,,,0,0,,,
Bogor,Kabupaten Bogor Leuwiliang,2026-05-13 01:00:00,-,85,46,,4,9,0,80,,,,,
Tangerang,Tangerang Pasir Jaya,2026-05-14 03:00:00,114,114,55,,59,63,0,65,,,,,
Bekasi,Bekasi Kayuringin,2026-05-14 03:00:00,74,74,42,,51,13,0,2,,,,,
Jakarta,The Pakubuwono Menteng,2026-05-14 03:32:20,152,152,58,113,,,,,55,29.8,,,
Depok,Cinere - Nafas,2026-05-14 03:32:13,155,155,61,111,,,,,0,0,,,
Bogor,Kabupaten Bogor Leuwiliang,2026-05-13 01:00:00,-,85,46,,4,9,0,80,,,,,
Tangerang,Tangerang Pasir Jaya,2026-05-14 03:00:00,114,114,55,,59,63,0,65,,,,,
Bekasi,Bekasi Kayuringin,2026-05-14 03:00:00,74,74,42,,51,13,0,2,,,,,
Jakarta,The Pakubuwono Menteng,2026-05-14 03:34:20,151,151,57,107,,,,,55,29.8,,,
Depok,Cinere - Nafas,2026-05-14 03:34:13,154,154,59,112,,,,,0,0,,,
Bogor,Kabupaten Bogor Leuwiliang,2026-05-13 01:00:00,-,85,46,,4,9,0,80,,,,,
Tangerang,Tangerang Pasir Jaya,2026-05-14 03:00:00,114,114,55,,59,63,0,65,,,,,
Bekasi,Bekasi Kayuringin,2026-05-14 03:00:00,74,74,42,,51,13,0,2,,,,,
Jakarta,The Pakubuwono Menteng,2026-05-14 03:35:20,139,139,55,98,,,,,55,29.8,,,
Depok,Cinere - Nafas,2026-05-14 03:35:13,153,153,59,111,,,,,0,0,,,
Bogor,Kabupaten Bogor Leuwiliang,2026-05-13 01:00:00,-,85,46,,4,9,0,80,,,,,
Tangerang,Tangerang Pasir Jaya,2026-05-14 03:00:00,114,114,55,,59,63,0,65,,,,,
Bekasi,Bekasi Kayuringin,2026-05-14 03:00:00,74,74,42,,51,13,0,2,,,,,
Jakarta,The Pakubuwono Menteng,2026-05-14 03:35:20,139,139,55,98,,,,,55,29.8,,,
Depok,Cinere - Nafas,2026-05-14 03:35:13,153,153,59,111,,,,,0,0,,,
Bogor,Kabupaten Bogor Leuwiliang,2026-05-13 01:00:00,-,85,46,,4,9,0,80,,,,,
Tangerang,Tangerang Pasir Jaya,2026-05-14 03:00:00,114,114,55,,59,63,0,65,,,,,
Bekasi,Bekasi Kayuringin,2026-05-14 03:00:00,74,74,42,,51,13,0,2,,,,,
Jakarta,The Pakubuwono Menteng,2026-05-14 03:37:20,151,151,57,109,,,,,55,29.8,,,
Depok,Cinere - Nafas,2026-05-14 03:37:13,153,153,60,108,,,,,0,0,,,
Bogor,Kabupaten Bogor Leuwiliang,2026-05-13 01:00:00,-,85,46,,4,9,0,80,,,,,
Tangerang,Tangerang Pasir Jaya,2026-05-14 03:00:00,114,114,55,,59,63,0,65,,,,,
Bekasi,Bekasi Kayuringin,2026-05-14 03:00:00,74,74,42,,51,13,0,2,,,,,
Jakarta,The Pakubuwono Menteng,2026-05-14 03:38:20,152,152,58,111,,,,,55,29.8,,,
Depok,Cinere - Nafas,2026-05-14 03:38:13,152,152,59,110,,,,,0,0,,,
Bogor,Kabupaten Bogor Leuwiliang,2026-05-13 01:00:00,-,85,46,,4,9,0,80,,,,,
Tangerang,Tangerang Pasir Jaya,2026-05-14 03:00:00,114,114,55,,59,63,0,65,,,,,
Bekasi,Bekasi Kayuringin,2026-05-14 03:00:00,74,74,42,,51,13,0,2,,,,,
Jakarta,The Pakubuwono Menteng,2026-05-14 03:40:20,152,152,59,114,,,,,55,29.8,,,
Depok,Cinere - Nafas,2026-05-14 03:40:13,151,151,57,106,,,,,0,0,,,
Bogor,Kabupaten Bogor Leuwiliang,2026-05-13 01:00:00,-,85,46,,4,9,0,80,,,,,
Tangerang,Tangerang Pasir Jaya,2026-05-14 03:00:00,114,114,55,,59,63,0,65,,,,,
Bekasi,Bekasi Kayuringin,2026-05-14 03:00:00,74,74,42,,51,13,0,2,,,,,
Jakarta,The Pakubuwono Menteng,2026-05-14 03:42:20,154,154,59,120,,,,,55,29.8,,,
Depok,Cinere - Nafas,2026-05-14 03:42:13,152,152,59,105,,,,,0,0,,,
Bogor,Kabupaten Bogor Leuwiliang,2026-05-13 01:00:00,-,85,46,,4,9,0,80,,,,,
Tangerang,Tangerang Pasir Jaya,2026-05-14 03:00:00,114,114,55,,59,63,0,65,,,,,
Bekasi,Bekasi Kayuringin,2026-05-14 03:00:00,74,74,42,,51,13,0,2,,,,,
Jakarta,The Pakubuwono Menteng,2026-05-14 03:42:20,154,154,59,120,,,,,55,29.8,,,
Depok,Cinere - Nafas,2026-05-14 03:42:13,152,152,59,105,,,,,0,0,,,
Bogor,Kabupaten Bogor Leuwiliang,2026-05-13 01:00:00,-,85,46,,4,9,0,80,,,,,
Tangerang,Tangerang Pasir Jaya,2026-05-14 03:00:00,114,114,55,,59,63,0,65,,,,,
Bekasi,Bekasi Kayuringin,2026-05-14 03:00:00,74,74,42,,51,13,0,2,,,,,
Jakarta,The Pakubuwono Menteng,2026-05-14 03:43:21,154,154,60,118,,,,,55,29.8,,,
Depok,Cinere - Nafas,2026-05-14 03:43:13,151,151,58,100,,,,,0,0,,,
Bogor,Kabupaten Bogor Leuwiliang,2026-05-13 01:00:00,-,85,46,,4,9,0,80,,,,,
Tangerang,Tangerang Pasir Jaya,2026-05-14 03:00:00,114,114,55,,59,63,0,65,,,,,
Bekasi,Bekasi Kayuringin,2026-05-14 03:00:00,74,74,42,,51,13,0,2,,,,,
Jakarta,The Pakubuwono Menteng,2026-05-14 03:45:20,152,152,57,113,,,,,55,29.8,,,
Depok,Cinere - Nafas,2026-05-14 03:45:13,151,151,59,106,,,,,0,0,,,
Bogor,Kabupaten Bogor Leuwiliang,2026-05-13 01:00:00,-,85,46,,4,9,0,80,,,,,
Tangerang,Tangerang Pasir Jaya,2026-05-14 03:00:00,114,114,55,,59,63,0,65,,,,,
Bekasi,Bekasi Kayuringin,2026-05-14 03:00:00,74,74,42,,51,13,0,2,,,,,
Jakarta,The Pakubuwono Menteng,2026-05-14 03:45:20,152,152,57,113,,,,,55,29.8,,,
Depok,Cinere - Nafas,2026-05-14 03:45:13,151,151,59,106,,,,,0,0,,,
Bogor,Kabupaten Bogor Leuwiliang,2026-05-13 01:00:00,-,85,46,,4,9,0,80,,,,,
Tangerang,Tangerang Pasir Jaya,2026-05-14 03:00:00,114,114,55,,59,63,0,65,,,,,
Bekasi,Bekasi Kayuringin,2026-05-14 03:00:00,74,74,42,,51,13,0,2,,,,,
Jakarta,The Pakubuwono Menteng,2026-05-14 03:47:20,152,152,58,112,,,,,55,29.7,,,
Depok,Cinere - Nafas,2026-05-14 03:47:13,150,150,57,100,,,,,0,0,,,
Bogor,Kabupaten Bogor Leuwiliang,2026-05-13 01:00:00,-,85,46,,4,9,0,80,,,,,
Tangerang,Tangerang Pasir Jaya,2026-05-14 03:00:00,114,114,55,,59,63,0,65,,,,,
Bekasi,Bekasi Kayuringin,2026-05-14 03:00:00,74,74,42,,51,13,0,2,,,,,
Jakarta,The Pakubuwono Menteng,2026-05-14 03:47:20,152,152,58,112,,,,,55,29.7,,,
Depok,Cinere - Nafas,2026-05-14 03:47:13,150,150,57,100,,,,,0,0,,,
Bogor,Kabupaten Bogor Leuwiliang,2026-05-13 01:00:00,-,85,46,,4,9,0,80,,,,,
Tangerang,Tangerang Pasir Jaya,2026-05-14 03:00:00,114,114,55,,59,63,0,65,,,,,
Bekasi,Bekasi Kayuringin,2026-05-14 03:00:00,74,74,42,,51,13,0,2,,,,,
Jakarta,The Pakubuwono Menteng,2026-05-14 03:50:20,153,153,57,116,,,,,55,29.7,,,
Depok,Cinere - Nafas,2026-05-14 03:50:13,151,151,57,101,,,,,0,0,,,
Bogor,Kabupaten Bogor Leuwiliang,2026-05-13 01:00:00,-,85,46,,4,9,0,80,,,,,
Tangerang,Tangerang Pasir Jaya,2026-05-14 03:00:00,114,114,55,,59,63,0,65,,,,,
Bekasi,Bekasi Kayuringin,2026-05-14 03:00:00,74,74,42,,51,13,0,2,,,,,
Jakarta,The Pakubuwono Menteng,2026-05-14 03:50:20,153,153,57,116,,,,,55,29.7,,,
Depok,Cinere - Nafas,2026-05-14 03:50:13,151,151,57,101,,,,,0,0,,,
Bogor,Kabupaten Bogor Leuwiliang,2026-05-13 01:00:00,-,85,46,,4,9,0,80,,,,,
Tangerang,Tangerang Pasir Jaya,2026-05-14 03:00:00,114,114,55,,59,63,0,65,,,,,
Bekasi,Bekasi Kayuringin,2026-05-14 03:00:00,74,74,42,,51,13,0,2,,,,,
Jakarta,The Pakubuwono Menteng,2026-05-14 03:52:20,154,154,58,116,,,,,56,29.7,,,
Depok,Cinere - Nafas,2026-05-14 03:52:13,144,144,56,99,,,,,0,0,,,
Bogor,Kabupaten Bogor Leuwiliang,2026-05-13 01:00:00,-,85,46,,4,9,0,80,,,,,
Tangerang,Tangerang Pasir Jaya,2026-05-14 03:00:00,114,114,55,,59,63,0,65,,,,,
Bekasi,Bekasi Kayuringin,2026-05-14 03:00:00,74,74,42,,51,13,0,2,,,,,
Jakarta,The Pakubuwono Menteng,2026-05-14 03:53:20,154,154,58,118,,,,,56,29.6,,,
Depok,Cinere - Nafas,2026-05-14 03:53:13,143,143,56,96,,,,,0,0,,,
Bogor,Kabupaten Bogor Leuwiliang,2026-05-13 01:00:00,-,85,46,,4,9,0,80,,,,,
Tangerang,Tangerang Pasir Jaya,2026-05-14 03:00:00,114,114,55,,59,63,0,65,,,,,
Bekasi,Bekasi Kayuringin,2026-05-14 03:00:00,74,74,42,,51,13,0,2,,,,,
Jakarta,The Pakubuwono Menteng,2026-05-14 03:55:20,151,151,57,110,,,,,56,29.6,,,
Depok,Cinere - Nafas,2026-05-14 03:55:13,150,150,57,98,,,,,0,0,,,
Bogor,Kabupaten Bogor Leuwiliang,2026-05-13 01:00:00,-,85,46,,4,9,0,80,,,,,
Tangerang,Tangerang Pasir Jaya,2026-05-14 03:00:00,114,114,55,,59,63,0,65,,,,,
Bekasi,Bekasi Kayuringin,2026-05-14 03:00:00,74,74,42,,51,13,0,2,,,,,
Jakarta,The Pakubuwono Menteng,2026-05-14 03:55:20,151,151,57,110,,,,,56,29.6,,,
Depok,Cinere - Nafas,2026-05-14 03:55:13,150,150,57,98,,,,,0,0,,,
Bogor,Kabupaten Bogor Leuwiliang,2026-05-13 01:00:00,-,85,46,,4,9,0,80,,,,,
Tangerang,Tangerang Pasir Jaya,2026-05-14 03:00:00,114,114,55,,59,63,0,65,,,,,
Bekasi,Bekasi Kayuringin,2026-05-14 03:00:00,74,74,42,,51,13,0,2,,,,,
Jakarta,The Pakubuwono Menteng,2026-05-14 03:56:20,152,152,58,117,,,,,56,29.6,,,
Depok,Cinere - Nafas,2026-05-14 03:56:13,142,142,56,97,,,,,0,0,,,
Bogor,Kabupaten Bogor Leuwiliang,2026-05-13 01:00:00,-,85,46,,4,9,0,80,,,,,
Tangerang,Tangerang Pasir Jaya,2026-05-14 03:00:00,114,114,55,,59,63,0,65,,,,,
Bekasi,Bekasi Kayuringin,2026-05-14 03:00:00,74,74,42,,51,13,0,2,,,,,
Jakarta,The Pakubuwono Menteng,2026-05-14 03:56:20,152,152,58,117,,,,,56,29.6,,,
Depok,Cinere - Nafas,2026-05-14 03:56:13,142,142,56,97,,,,,0,0,,,
Bogor,Kabupaten Bogor Leuwiliang,2026-05-13 01:00:00,-,85,46,,4,9,0,80,,,,,
Tangerang,Tangerang Pasir Jaya,2026-05-14 03:00:00,114,114,55,,59,63,0,65,,,,,
Bekasi,Bekasi Kayuringin,2026-05-14 03:00:00,74,74,42,,51,13,0,2,,,,,
Jakarta,The Pakubuwono Menteng,2026-05-14 03:58:20,152,152,59,113,,,,,56,29.6,,,
Depok,Cinere - Nafas,2026-05-14 03:58:13,142,142,57,97,,,,,0,0,,,
Bogor,Kabupaten Bogor Leuwiliang,2026-05-13 01:00:00,-,85,46,,4,9,0,80,,,,,
Tangerang,Tangerang Pasir Jaya,2026-05-14 03:00:00,114,114,55,,59,63,0,65,,,,,
Bekasi,Bekasi Kayuringin,2026-05-14 03:00:00,74,74,42,,51,13,0,2,,,,,
Jakarta,The Pakubuwono Menteng,2026-05-14 04:00:20,155,155,59,121,,,,,56,29.6,,,
Depok,Cinere - Nafas,2026-05-14 04:00:13,142,142,56,99,,,,,0,0,,,
Bogor,Kabupaten Bogor Leuwiliang,2026-05-13 01:00:00,-,85,46,,4,9,0,80,,,,,
Tangerang,Tangerang Pasir Jaya,2026-05-14 03:00:00,114,114,55,,59,63,0,65,,,,,
Bekasi,Bekasi Kayuringin,2026-05-14 03:00:00,74,74,42,,51,13,0,2,,,,,
Jakarta,The Pakubuwono Menteng,2026-05-14 04:01:20,152,152,58,111,,,,,56,29.6,,,
Depok,Cinere - Nafas,2026-05-14 04:01:13,150,150,57,101,,,,,0,0,,,
Bogor,Kabupaten Bogor Leuwiliang,2026-05-13 01:00:00,-,85,46,,4,9,0,80,,,,,
Tangerang,Tangerang Pasir Jaya,2026-05-14 03:00:00,114,114,55,,59,63,0,65,,,,,
Bekasi,Bekasi Kayuringin,2026-05-14 03:00:00,74,74,42,,51,13,0,2,,,,,
Jakarta,The Pakubuwono Menteng,2026-05-14 04:03:20,152,152,58,114,,,,,56,29.6,,,
Depok,Cinere - Nafas,2026-05-14 04:03:13,151,151,58,99,,,,,0,0,,,
Bogor,Kabupaten Bogor Leuwiliang,2026-05-13 01:00:00,-,85,46,,4,9,0,80,,,,,
Tangerang,Tangerang Pasir Jaya,2026-05-14 03:00:00,114,114,55,,59,63,0,65,,,,,
Bekasi,Bekasi Kayuringin,2026-05-14 03:00:00,74,74,42,,51,13,0,2,,,,,
Jakarta,The Pakubuwono Menteng,2026-05-14 04:03:20,152,152,58,114,,,,,56,29.6,,,
Depok,Cinere - Nafas,2026-05-14 04:03:13,151,151,58,99,,,,,0,0,,,
Bogor,Kabupaten Bogor Leuwiliang,2026-05-13 01:00:00,-,85,46,,4,9,0,80,,,,,
Tangerang,Tangerang Pasir Jaya,2026-05-14 03:00:00,114,114,55,,59,63,0,65,,,,,
Bekasi,Bekasi Kayuringin,2026-05-14 03:00:00,74,74,42,,51,13,0,2,,,,,
Jakarta,The Pakubuwono Menteng,2026-05-14 04:05:20,151,151,58,110,,,,,56,29.5,,,
Depok,Cinere - Nafas,2026-05-14 04:05:13,141,141,56,101,,,,,0,0,,,
Bogor,Kabupaten Bogor Leuwiliang,2026-05-14 04:00:00,79,79,40,,4,10,0,69,,,,,
Tangerang,Tangerang Pasir Jaya,2026-05-14 04:00:00,107,107,54,,59,63,0,65,,,,,
Bekasi,Bekasi Kayuringin,2026-05-14 04:00:00,74,74,42,,52,13,0,2,,,,,
Jakarta,The Pakubuwono Menteng,2026-05-14 04:06:20,151,151,58,109,,,,,56,29.5,,,
Depok,Cinere - Nafas,2026-05-14 04:06:13,149,149,56,101,,,,,0,0,,,
Bogor,Kabupaten Bogor Leuwiliang,2026-05-14 04:00:00,79,79,40,,4,10,0,69,,,,,
Tangerang,Tangerang Pasir Jaya,2026-05-14 04:00:00,107,107,54,,59,63,0,65,,,,,
Bekasi,Bekasi Kayuringin,2026-05-14 04:00:00,74,74,42,,52,13,0,2,,,,,
Jakarta,The Pakubuwono Menteng,2026-05-14 04:06:20,151,151,58,109,,,,,56,29.5,,,
Depok,Cinere - Nafas,2026-05-14 04:06:13,149,149,56,101,,,,,0,0,,,
Bogor,Kabupaten Bogor Leuwiliang,2026-05-14 04:00:00,79,79,40,,4,10,0,69,,,,,
Tangerang,Tangerang Pasir Jaya,2026-05-14 04:00:00,107,107,54,,59,63,0,65,,,,,
Bekasi,Bekasi Kayuringin,2026-05-14 04:00:00,74,74,42,,52,13,0,2,,,,,
Jakarta,The Pakubuwono Menteng,2026-05-14 04:08:20,152,152,58,113,,,,,56,29.5,,,
Depok,Cinere - Nafas,2026-05-14 04:08:13,151,151,57,97,,,,,0,0,,,
Bogor,Kabupaten Bogor Leuwiliang,2026-05-14 04:00:00,79,79,40,,4,10,0,69,,,,,
Tangerang,Tangerang Pasir Jaya,2026-05-14 04:00:00,107,107,54,,59,63,0,65,,,,,
Bekasi,Bekasi Kayuringin,2026-05-14 04:00:00,74,74,42,,52,13,0,2,,,,,
Jakarta,The Pakubuwono Menteng,2026-05-14 04:10:20,152,152,57,110,,,,,56,29.5,,,
Depok,Cinere - Nafas,2026-05-14 04:10:13,151,151,57,98,,,,,0,0,,,
Bogor,Kabupaten Bogor Leuwiliang,2026-05-14 04:00:00,79,79,40,,4,10,0,69,,,,,
Tangerang,Tangerang Pasir Jaya,2026-05-14 04:00:00,107,107,54,,59,63,0,65,,,,,
Bekasi,Bekasi Kayuringin,2026-05-14 04:00:00,74,74,42,,52,13,0,2,,,,,
Jakarta,The Pakubuwono Menteng,2026-05-14 04:11:20,151,151,57,109,,,,,56,29.5,,,
Depok,Cinere - Nafas,2026-05-14 04:11:13,150,150,57,99,,,,,0,0,,,
Bogor,Kabupaten Bogor Leuwiliang,2026-05-14 04:00:00,79,79,40,,4,10,0,69,,,,,
Tangerang,Tangerang Pasir Jaya,2026-05-14 04:00:00,107,107,54,,59,63,0,65,,,,,
Bekasi,Bekasi Kayuringin,2026-05-14 04:00:00,74,74,42,,52,13,0,2,,,,,
Jakarta,The Pakubuwono Menteng,2026-05-14 04:13:20,151,151,57,111,,,,,56,29.5,,,
Depok,Cinere - Nafas,2026-05-14 04:13:13,148,148,57,99,,,,,0,0,,,
Bogor,Kabupaten Bogor Leuwiliang,2026-05-14 04:00:00,79,79,40,,4,10,0,69,,,,,
Tangerang,Tangerang Pasir Jaya,2026-05-14 04:00:00,107,107,54,,59,63,0,65,,,,,
Bekasi,Bekasi Kayuringin,2026-05-14 04:00:00,74,74,42,,52,13,0,2,,,,,
Jakarta,The Pakubuwono Menteng,2026-05-14 04:13:20,151,151,57,111,,,,,56,29.5,,,
Depok,Cinere - Nafas,2026-05-14 04:13:13,148,148,57,99,,,,,0,0,,,
Bogor,Kabupaten Bogor Leuwiliang,2026-05-14 04:00:00,79,79,40,,4,10,0,69,,,,,
Tangerang,Tangerang Pasir Jaya,2026-05-14 04:00:00,107,107,54,,59,63,0,65,,,,,
Bekasi,Bekasi Kayuringin,2026-05-14 04:00:00,74,74,42,,52,13,0,2,,,,,
Jakarta,The Pakubuwono Menteng,2026-05-14 04:14:20,151,151,57,112,,,,,56,29.5,,,
Depok,Cinere - Nafas,2026-05-14 04:14:13,151,151,57,101,,,,,0,0,,,
Bogor,Kabupaten Bogor Leuwiliang,2026-05-14 04:00:00,79,79,40,,4,10,0,69,,,,,
Tangerang,Tangerang Pasir Jaya,2026-05-14 04:00:00,107,107,54,,59,63,0,65,,,,,
Bekasi,Bekasi Kayuringin,2026-05-14 04:00:00,74,74,42,,52,13,0,2,,,,,
Jakarta,The Pakubuwono Menteng,2026-05-14 04:16:20,150,150,57,110,,,,,56,29.5,,,
Depok,Cinere - Nafas,2026-05-14 04:16:13,151,151,57,100,,,,,0,0,,,
Bogor,Kabupaten Bogor Leuwiliang,2026-05-14 04:00:00,79,79,40,,4,10,0,69,,,,,
Tangerang,Tangerang Pasir Jaya,2026-05-14 04:00:00,107,107,54,,59,63,0,65,,,,,
Bekasi,Bekasi Kayuringin,2026-05-14 04:00:00,74,74,42,,52,13,0,2,,,,,
Jakarta,The Pakubuwono Menteng,2026-05-14 04:16:20,150,150,57,110,,,,,56,29.5,,,
Depok,Cinere - Nafas,2026-05-14 04:16:13,151,151,57,100,,,,,0,0,,,
Bogor,Kabupaten Bogor Leuwiliang,2026-05-14 04:00:00,79,79,40,,4,10,0,69,,,,,
Tangerang,Tangerang Pasir Jaya,2026-05-14 04:00:00,107,107,54,,59,63,0,65,,,,,
Bekasi,Bekasi Kayuringin,2026-05-14 04:00:00,74,74,42,,52,13,0,2,,,,,
Jakarta,The Pakubuwono Menteng,2026-05-14 04:18:20,155,155,60,120,,,,,56,29.5,,,
Depok,Cinere - Nafas,2026-05-14 04:18:13,151,151,58,101,,,,,0,0,,,
Bogor,Kabupaten Bogor Leuwiliang,2026-05-14 04:00:00,79,79,40,,4,10,0,69,,,,,
Tangerang,Tangerang Pasir Jaya,2026-05-14 04:00:00,107,107,54,,59,63,0,65,,,,,
Bekasi,Bekasi Kayuringin,2026-05-14 04:00:00,74,74,42,,52,13,0,2,,,,,
Jakarta,The Pakubuwono Menteng,2026-05-14 04:19:20,150,150,56,111,,,,,56,29.5,,,
Depok,Cinere - Nafas,2026-05-14 04:19:13,149,149,57,99,,,,,0,0,,,
Bogor,Kabupaten Bogor Leuwiliang,2026-05-14 04:00:00,79,79,40,,4,10,0,69,,,,,
Tangerang,Tangerang Pasir Jaya,2026-05-14 04:00:00,107,107,54,,59,63,0,65,,,,,
Bekasi,Bekasi Kayuringin,2026-05-14 04:00:00,74,74,42,,52,13,0,2,,,,,
Jakarta,The Pakubuwono Menteng,2026-05-14 04:19:20,150,150,56,111,,,,,56,29.5,,,
Depok,Cinere - Nafas,2026-05-14 04:19:13,149,149,57,99,,,,,0,0,,,
Bogor,Kabupaten Bogor Leuwiliang,2026-05-14 04:00:00,79,79,40,,4,10,0,69,,,,,
Tangerang,Tangerang Pasir Jaya,2026-05-14 04:00:00,107,107,54,,59,63,0,65,,,,,
Bekasi,Bekasi Kayuringin,2026-05-14 04:00:00,74,74,42,,52,13,0,2,,,,,
Jakarta,The Pakubuwono Menteng,2026-05-14 04:23:20,155,155,60,121,,,,,56,29.6,,,
Depok,Cinere - Nafas,2026-05-14 04:23:13,151,151,57,104,,,,,0,0,,,
Bogor,Kabupaten Bogor Leuwiliang,2026-05-14 04:00:00,79,79,40,,4,10,0,69,,,,,
Tangerang,Tangerang Pasir Jaya,2026-05-14 04:00:00,107,107,54,,59,63,0,65,,,,,
Bekasi,Bekasi Kayuringin,2026-05-14 04:00:00,74,74,42,,52,13,0,2,,,,,
Jakarta,The Pakubuwono Menteng,2026-05-14 04:23:20,155,155,60,121,,,,,56,29.6,,,
Depok,Cinere - Nafas,2026-05-14 04:23:13,151,151,57,104,,,,,0,0,,,
Bogor,Kabupaten Bogor Leuwiliang,2026-05-14 04:00:00,79,79,40,,4,10,0,69,,,,,
Tangerang,Tangerang Pasir Jaya,2026-05-14 04:00:00,107,107,54,,59,63,0,65,,,,,
Bekasi,Bekasi Kayuringin,2026-05-14 04:00:00,74,74,42,,52,13,0,2,,,,,
Jakarta,The Pakubuwono Menteng,2026-05-14 04:24:20,155,155,59,125,,,,,56,29.6,,,
Depok,Cinere - Nafas,2026-05-14 04:24:13,152,152,58,105,,,,,0,0,,,
Bogor,Kabupaten Bogor Leuwiliang,2026-05-14 04:00:00,79,79,40,,4,10,0,69,,,,,
Tangerang,Tangerang Pasir Jaya,2026-05-14 04:00:00,107,107,54,,59,63,0,65,,,,,
Bekasi,Bekasi Kayuringin,2026-05-14 04:00:00,74,74,42,,52,13,0,2,,,,,
Jakarta,The Pakubuwono Menteng,2026-05-14 04:26:20,156,156,59,121,,,,,56,29.6,,,
Depok,Cinere - Nafas,2026-05-14 04:26:13,151,151,58,100,,,,,0,0,,,
Bogor,Kabupaten Bogor Leuwiliang,2026-05-14 04:00:00,79,79,40,,4,10,0,69,,,,,
Tangerang,Tangerang Pasir Jaya,2026-05-14 04:00:00,107,107,54,,59,63,0,65,,,,,
Bekasi,Bekasi Kayuringin,2026-05-14 04:00:00,74,74,42,,52,13,0,2,,,,,
Jakarta,The Pakubuwono Menteng,2026-05-14 04:26:20,156,156,59,121,,,,,56,29.6,,,
Depok,Cinere - Nafas,2026-05-14 04:26:13,151,151,58,100,,,,,0,0,,,
Bogor,Kabupaten Bogor Leuwiliang,2026-05-14 04:00:00,79,79,40,,4,10,0,69,,,,,
Tangerang,Tangerang Pasir Jaya,2026-05-14 04:00:00,107,107,54,,59,63,0,65,,,,,
Bekasi,Bekasi Kayuringin,2026-05-14 04:00:00,74,74,42,,52,13,0,2,,,,,
Jakarta,The Pakubuwono Menteng,2026-05-14 04:27:21,157,157,61,128,,,,,56,29.6,,,
Depok,Cinere - Nafas,2026-05-14 04:27:13,150,150,58,104,,,,,0,0,,,
Bogor,Kabupaten Bogor Leuwiliang,2026-05-14 04:00:00,79,79,40,,4,10,0,69,,,,,
Tangerang,Tangerang Pasir Jaya,2026-05-14 04:00:00,107,107,54,,59,63,0,65,,,,,
Bekasi,Bekasi Kayuringin,2026-05-14 04:00:00,74,74,42,,52,13,0,2,,,,,
Jakarta,The Pakubuwono Menteng,2026-05-14 04:29:21,157,157,61,126,,,,,56,29.6,,,
Depok,Cinere - Nafas,2026-05-14 04:29:13,151,151,57,105,,,,,0,0,,,
Bogor,Kabupaten Bogor Leuwiliang,2026-05-14 04:00:00,79,79,40,,4,10,0,69,,,,,
Tangerang,Tangerang Pasir Jaya,2026-05-14 04:00:00,107,107,54,,59,63,0,65,,,,,
Bekasi,Bekasi Kayuringin,2026-05-14 04:00:00,74,74,42,,52,13,0,2,,,,,
Jakarta,The Pakubuwono Menteng,2026-05-14 04:31:21,153,153,58,116,,,,,56,29.6,,,
Depok,Cinere - Nafas,2026-05-14 04:31:13,151,151,57,106,,,,,0,0,,,
Bogor,Kabupaten Bogor Leuwiliang,2026-05-14 04:00:00,79,79,40,,4,10,0,69,,,,,
Tangerang,Tangerang Pasir Jaya,2026-05-14 04:00:00,107,107,54,,59,63,0,65,,,,,
Bekasi,Bekasi Kayuringin,2026-05-14 04:00:00,74,74,42,,52,13,0,2,,,,,
Jakarta,The Pakubuwono Menteng,2026-05-14 04:31:21,153,153,58,116,,,,,56,29.6,,,
Depok,Cinere - Nafas,2026-05-14 04:31:13,151,151,57,106,,,,,0,0,,,
Bogor,Kabupaten Bogor Leuwiliang,2026-05-14 04:00:00,79,79,40,,4,10,0,69,,,,,
Tangerang,Tangerang Pasir Jaya,2026-05-14 04:00:00,107,107,54,,59,63,0,65,,,,,
Bekasi,Bekasi Kayuringin,2026-05-14 04:00:00,74,74,42,,52,13,0,2,,,,,
Jakarta,The Pakubuwono Menteng,2026-05-14 04:34:21,151,151,58,111,,,,,56,29.7,,,
Depok,Cinere - Nafas,2026-05-14 04:34:13,151,151,58,105,,,,,0,0,,,
Bogor,Kabupaten Bogor Leuwiliang,2026-05-14 04:00:00,79,79,40,,4,10,0,69,,,,,
Tangerang,Tangerang Pasir Jaya,2026-05-14 04:00:00,107,107,54,,59,63,0,65,,,,,
Bekasi,Bekasi Kayuringin,2026-05-14 04:00:00,74,74,42,,52,13,0,2,,,,,
Jakarta,The Pakubuwono Menteng,2026-05-14 04:34:21,151,151,58,111,,,,,56,29.7,,,
Depok,Cinere - Nafas,2026-05-14 04:34:13,151,151,58,105,,,,,0,0,,,
Bogor,Kabupaten Bogor Leuwiliang,2026-05-14 04:00:00,79,79,40,,4,10,0,69,,,,,
Tangerang,Tangerang Pasir Jaya,2026-05-14 04:00:00,107,107,54,,59,63,0,65,,,,,
Bekasi,Bekasi Kayuringin,2026-05-14 04:00:00,74,74,42,,52,13,0,2,,,,,
Jakarta,The Pakubuwono Menteng,2026-05-14 04:35:21,150,150,56,107,,,,,56,29.6,,,
Depok,Cinere - Nafas,2026-05-14 04:35:13,151,151,58,99,,,,,0,0,,,
Bogor,Kabupaten Bogor Leuwiliang,2026-05-14 04:00:00,79,79,40,,4,10,0,69,,,,,
Tangerang,Tangerang Pasir Jaya,2026-05-14 04:00:00,107,107,54,,59,63,0,65,,,,,
Bekasi,Bekasi Kayuringin,2026-05-14 04:00:00,74,74,42,,52,13,0,2,,,,,
Jakarta,The Pakubuwono Menteng,2026-05-14 04:37:21,142,142,55,103,,,,,56,29.7,,,
Depok,Cinere - Nafas,2026-05-14 04:37:13,152,152,58,104,,,,,0,0,,,
Bogor,Kabupaten Bogor Leuwiliang,2026-05-14 04:00:00,79,79,40,,4,10,0,69,,,,,
Tangerang,Tangerang Pasir Jaya,2026-05-14 04:00:00,107,107,54,,59,63,0,65,,,,,
Bekasi,Bekasi Kayuringin,2026-05-14 04:00:00,74,74,42,,52,13,0,2,,,,,
Jakarta,The Pakubuwono Menteng,2026-05-14 04:37:21,142,142,55,103,,,,,56,29.7,,,
Depok,Cinere - Nafas,2026-05-14 04:37:13,152,152,58,104,,,,,0,0,,,
Bogor,Kabupaten Bogor Leuwiliang,2026-05-14 04:00:00,79,79,40,,4,10,0,69,,,,,
Tangerang,Tangerang Pasir Jaya,2026-05-14 04:00:00,107,107,54,,59,63,0,65,,,,,
Bekasi,Bekasi Kayuringin,2026-05-14 04:00:00,74,74,42,,52,13,0,2,,,,,
Jakarta,The Pakubuwono Menteng,2026-05-14 04:38:21,141,141,55,98,,,,,56,29.7,,,
Depok,Cinere - Nafas,2026-05-14 04:38:13,152,152,58,107,,,,,0,0,,,
Bogor,Kabupaten Bogor Leuwiliang,2026-05-14 04:00:00,79,79,40,,4,10,0,69,,,,,
Tangerang,Tangerang Pasir Jaya,2026-05-14 04:00:00,107,107,54,,59,63,0,65,,,,,
Bekasi,Bekasi Kayuringin,2026-05-14 04:00:00,74,74,42,,52,13,0,2,,,,,
Jakarta,The Pakubuwono Menteng,2026-05-14 04:40:21,141,141,54,96,,,,,55,29.7,,,
Depok,Cinere - Nafas,2026-05-14 04:41:13,152,152,58,105,,,,,0,0,,,
Bogor,Kabupaten Bogor Leuwiliang,2026-05-14 04:00:00,79,79,40,,4,10,0,69,,,,,
Tangerang,Tangerang Pasir Jaya,2026-05-14 04:00:00,107,107,54,,59,63,0,65,,,,,
Bekasi,Bekasi Kayuringin,2026-05-14 04:00:00,74,74,42,,52,13,0,2,,,,,
Jakarta,The Pakubuwono Menteng,2026-05-14 04:40:21,141,141,54,96,,,,,55,29.7,,,
Depok,Cinere - Nafas,2026-05-14 04:41:13,152,152,58,105,,,,,0,0,,,
Bogor,Kabupaten Bogor Leuwiliang,2026-05-14 04:00:00,79,79,40,,4,10,0,69,,,,,
Tangerang,Tangerang Pasir Jaya,2026-05-14 04:00:00,107,107,54,,59,63,0,65,,,,,
Bekasi,Bekasi Kayuringin,2026-05-14 04:00:00,74,74,42,,52,13,0,2,,,,,
Jakarta,The Pakubuwono Menteng,2026-05-14 04:41:21,141,141,54,96,,,,,55,29.8,,,
Depok,Cinere - Nafas,2026-05-14 04:42:13,152,152,59,108,,,,,0,0,,,
Bogor,Kabupaten Bogor Leuwiliang,2026-05-14 04:00:00,79,79,40,,4,10,0,69,,,,,
Tangerang,Tangerang Pasir Jaya,2026-05-14 04:00:00,107,107,54,,59,63,0,65,,,,,
Bekasi,Bekasi Kayuringin,2026-05-14 04:00:00,74,74,42,,52,13,0,2,,,,,
Jakarta,The Pakubuwono Menteng,2026-05-14 04:44:21,151,151,57,109,,,,,56,29.9,,,
Depok,Cinere - Nafas,2026-05-14 04:44:14,154,154,59,108,,,,,0,0,,,
Bogor,Kabupaten Bogor Leuwiliang,2026-05-14 04:00:00,79,79,40,,4,10,0,69,,,,,
Tangerang,Tangerang Pasir Jaya,2026-05-14 04:00:00,107,107,54,,59,63,0,65,,,,,
Bekasi,Bekasi Kayuringin,2026-05-14 04:00:00,74,74,42,,52,13,0,2,,,,,
Jakarta,The Pakubuwono Menteng,2026-05-14 04:45:21,136,136,54,96,,,,,56,29.8,,,
Depok,Cinere - Nafas,2026-05-14 04:45:14,154,154,59,111,,,,,0,0,,,
Bogor,Kabupaten Bogor Leuwiliang,2026-05-14 04:00:00,79,79,40,,4,10,0,69,,,,,
Tangerang,Tangerang Pasir Jaya,2026-05-14 04:00:00,107,107,54,,59,63,0,65,,,,,
Bekasi,Bekasi Kayuringin,2026-05-14 04:00:00,74,74,42,,52,13,0,2,,,,,
Jakarta,The Pakubuwono Menteng,2026-05-14 04:47:21,145,145,55,97,,,,,55,29.8,,,
Depok,Cinere - Nafas,2026-05-14 04:47:14,155,155,60,110,,,,,0,0,,,
Bogor,Kabupaten Bogor Leuwiliang,2026-05-14 04:00:00,79,79,40,,4,10,0,69,,,,,
Tangerang,Tangerang Pasir Jaya,2026-05-14 04:00:00,107,107,54,,59,63,0,65,,,,,
Bekasi,Bekasi Kayuringin,2026-05-14 04:00:00,74,74,42,,52,13,0,2,,,,,
Jakarta,The Pakubuwono Menteng,2026-05-14 04:47:21,145,145,55,97,,,,,55,29.8,,,
Depok,Cinere - Nafas,2026-05-14 04:47:14,155,155,60,110,,,,,0,0,,,
Bogor,Kabupaten Bogor Leuwiliang,2026-05-14 04:00:00,79,79,40,,4,10,0,69,,,,,
Tangerang,Tangerang Pasir Jaya,2026-05-14 04:00:00,107,107,54,,59,63,0,65,,,,,
Bekasi,Bekasi Kayuringin,2026-05-14 04:00:00,74,74,42,,52,13,0,2,,,,,
Jakarta,The Pakubuwono Menteng,2026-05-14 04:49:21,138,138,54,96,,,,,55,29.9,,,
Depok,Cinere - Nafas,2026-05-14 04:49:14,155,155,60,113,,,,,0,0,,,
Bogor,Kabupaten Bogor Leuwiliang,2026-05-14 04:00:00,79,79,40,,4,10,0,69,,,,,
Tangerang,Tangerang Pasir Jaya,2026-05-14 04:00:00,107,107,54,,59,63,0,65,,,,,
Bekasi,Bekasi Kayuringin,2026-05-14 04:00:00,74,74,42,,52,13,0,2,,,,,
Jakarta,The Pakubuwono Menteng,2026-05-14 04:50:21,129,129,52,93,,,,,55,29.9,,,
Depok,Cinere - Nafas,2026-05-14 04:50:14,153,153,59,110,,,,,0,0,,,
Bogor,Kabupaten Bogor Leuwiliang,2026-05-14 04:00:00,79,79,40,,4,10,0,69,,,,,
Tangerang,Tangerang Pasir Jaya,2026-05-14 04:00:00,107,107,54,,59,63,0,65,,,,,
Bekasi,Bekasi Kayuringin,2026-05-14 04:00:00,74,74,42,,52,13,0,2,,,,,
Jakarta,The Pakubuwono Menteng,2026-05-14 04:50:21,129,129,52,93,,,,,55,29.9,,,
Depok,Cinere - Nafas,2026-05-14 04:50:14,153,153,59,110,,,,,0,0,,,
Bogor,Kabupaten Bogor Leuwiliang,2026-05-14 04:00:00,79,79,40,,4,10,0,69,,,,,
Tangerang,Tangerang Pasir Jaya,2026-05-14 04:00:00,107,107,54,,59,63,0,65,,,,,
Bekasi,Bekasi Kayuringin,2026-05-14 04:00:00,74,74,42,,52,13,0,2,,,,,
Jakarta,The Pakubuwono Menteng,2026-05-14 04:52:21,131,131,52,94,,,,,55,29.9,,,
Depok,Cinere - Nafas,2026-05-14 04:52:14,153,153,58,108,,,,,0,0,,,
Bogor,Kabupaten Bogor Leuwiliang,2026-05-14 04:00:00,79,79,40,,4,10,0,69,,,,,
Tangerang,Tangerang Pasir Jaya,2026-05-14 04:00:00,107,107,54,,59,63,0,65,,,,,
Bekasi,Bekasi Kayuringin,2026-05-14 04:00:00,74,74,42,,52,13,0,2,,,,,
Jakarta,The Pakubuwono Menteng,2026-05-14 04:55:21,138,138,53,96,,,,,55,30,,,
Depok,Cinere - Nafas,2026-05-14 04:55:14,152,152,58,106,,,,,0,0,,,
Bogor,Kabupaten Bogor Leuwiliang,2026-05-14 04:00:00,79,79,40,,4,10,0,69,,,,,
Tangerang,Tangerang Pasir Jaya,2026-05-14 04:00:00,107,107,54,,59,63,0,65,,,,,
Bekasi,Bekasi Kayuringin,2026-05-14 04:00:00,74,74,42,,52,13,0,2,,,,,
Jakarta,The Pakubuwono Menteng,2026-05-14 04:55:21,138,138,53,96,,,,,55,30,,,
Depok,Cinere - Nafas,2026-05-14 04:55:14,152,152,58,106,,,,,0,0,,,
Bogor,Kabupaten Bogor Leuwiliang,2026-05-14 04:00:00,79,79,40,,4,10,0,69,,,,,
Tangerang,Tangerang Pasir Jaya,2026-05-14 04:00:00,107,107,54,,59,63,0,65,,,,,
Bekasi,Bekasi Kayuringin,2026-05-14 04:00:00,74,74,42,,52,13,0,2,,,,,
Jakarta,The Pakubuwono Menteng,2026-05-14 04:56:21,131,131,53,94,,,,,55,30,,,
Depok,Cinere - Nafas,2026-05-14 04:56:14,155,155,60,111,,,,,0,0,,,
Bogor,Kabupaten Bogor Leuwiliang,2026-05-14 04:00:00,79,79,40,,4,10,0,69,,,,,
Tangerang,Tangerang Pasir Jaya,2026-05-14 04:00:00,107,107,54,,59,63,0,65,,,,,
Bekasi,Bekasi Kayuringin,2026-05-14 04:00:00,74,74,42,,52,13,0,2,,,,,
Jakarta,The Pakubuwono Menteng,2026-05-14 04:57:21,130,130,52,94,,,,,55,30,,,
Depok,Cinere - Nafas,2026-05-14 04:57:14,152,152,58,106,,,,,0,0,,,
Bogor,Kabupaten Bogor Leuwiliang,2026-05-14 04:00:00,79,79,40,,4,10,0,69,,,,,
Tangerang,Tangerang Pasir Jaya,2026-05-14 04:00:00,107,107,54,,59,63,0,65,,,,,
Bekasi,Bekasi Kayuringin,2026-05-14 04:00:00,74,74,42,,52,13,0,2,,,,,
Jakarta,The Pakubuwono Menteng,2026-05-14 04:57:21,130,130,52,94,,,,,55,30,,,
Depok,Cinere - Nafas,2026-05-14 04:57:14,152,152,58,106,,,,,0,0,,,
Bogor,Kabupaten Bogor Leuwiliang,2026-05-14 04:00:00,79,79,40,,4,10,0,69,,,,,
Tangerang,Tangerang Pasir Jaya,2026-05-14 04:00:00,107,107,54,,59,63,0,65,,,,,
Bekasi,Bekasi Kayuringin,2026-05-14 04:00:00,74,74,42,,52,13,0,2,,,,,
Jakarta,The Pakubuwono Menteng,2026-05-14 04:59:21,134,134,53,95,,,,,55,30,,,
Depok,Cinere - Nafas,2026-05-14 04:59:14,154,154,59,110,,,,,0,0,,,
Bogor,Kabupaten Bogor Leuwiliang,2026-05-14 04:00:00,79,79,40,,4,10,0,69,,,,,
Tangerang,Tangerang Pasir Jaya,2026-05-14 04:00:00,107,107,54,,59,63,0,65,,,,,
Bekasi,Bekasi Kayuringin,2026-05-14 04:00:00,74,74,42,,52,13,0,2,,,,,
Jakarta,The Pakubuwono Menteng,2026-05-14 04:59:21,134,134,53,95,,,,,55,30,,,
Depok,Cinere - Nafas,2026-05-14 04:59:14,154,154,59,110,,,,,0,0,,,
Bogor,Kabupaten Bogor Leuwiliang,2026-05-14 04:00:00,79,79,40,,4,10,0,69,,,,,
Tangerang,Tangerang Pasir Jaya,2026-05-14 04:00:00,107,107,54,,59,63,0,65,,,,,
Bekasi,Bekasi Kayuringin,2026-05-14 04:00:00,74,74,42,,52,13,0,2,,,,,
Jakarta,The Pakubuwono Menteng,2026-05-14 05:00:22,130,130,53,93,,,,,55,30,,,
Depok,Cinere - Nafas,2026-05-14 05:00:14,152,152,59,109,,,,,0,0,,,
Bogor,Kabupaten Bogor Leuwiliang,2026-05-14 04:00:00,79,79,40,,4,10,0,69,,,,,
Tangerang,Tangerang Pasir Jaya,2026-05-14 04:00:00,107,107,54,,59,63,0,65,,,,,
Bekasi,Bekasi Kayuringin,2026-05-14 04:00:00,74,74,42,,52,13,0,2,,,,,
Jakarta,The Pakubuwono Menteng,2026-05-14 05:02:21,131,131,53,94,,,,,55,30,,,
Depok,Cinere - Nafas,2026-05-14 05:02:14,154,154,60,110,,,,,0,0,,,
Bogor,Kabupaten Bogor Leuwiliang,2026-05-14 04:00:00,79,79,40,,4,10,0,69,,,,,
Tangerang,Tangerang Pasir Jaya,2026-05-14 04:00:00,107,107,54,,59,63,0,65,,,,,
Bekasi,Bekasi Kayuringin,2026-05-14 04:00:00,74,74,42,,52,13,0,2,,,,,
Jakarta,The Pakubuwono Menteng,2026-05-14 05:04:21,135,135,53,94,,,,,55,30,,,
Depok,Cinere - Nafas,2026-05-14 05:04:14,156,156,60,115,,,,,0,0,,,
Bogor,Kabupaten Bogor Leuwiliang,2026-05-14 05:00:00,79,79,40,,4,10,0,70,,,,,
Tangerang,Tangerang Pasir Jaya,2026-05-14 05:00:00,101,101,53,,59,63,0,65,,,,,
Bekasi,Bekasi Kayuringin,2026-05-14 05:00:00,74,74,42,,53,13,0,2,,,,,
Jakarta,The Pakubuwono Menteng,2026-05-14 05:06:21,131,131,53,94,,,,,55,30.1,,,
Depok,Cinere - Nafas,2026-05-14 05:06:14,157,157,62,125,,,,,0,0,,,
Bogor,Kabupaten Bogor Leuwiliang,2026-05-14 05:00:00,79,79,40,,4,10,0,70,,,,,
Tangerang,Tangerang Pasir Jaya,2026-05-14 05:00:00,101,101,53,,59,63,0,65,,,,,
Bekasi,Bekasi Kayuringin,2026-05-14 05:00:00,74,74,42,,53,13,0,2,,,,,
Jakarta,The Pakubuwono Menteng,2026-05-14 05:07:22,131,131,52,94,,,,,55,30,,,
Depok,Cinere - Nafas,2026-05-14 05:07:14,160,160,63,130,,,,,0,0,,,
Bogor,Kabupaten Bogor Leuwiliang,2026-05-14 05:00:00,79,79,40,,4,10,0,70,,,,,
Tangerang,Tangerang Pasir Jaya,2026-05-14 05:00:00,101,101,53,,59,63,0,65,,,,,
Bekasi,Bekasi Kayuringin,2026-05-14 05:00:00,74,74,42,,53,13,0,2,,,,,
Jakarta,The Pakubuwono Menteng,2026-05-14 05:07:22,131,131,52,94,,,,,55,30,,,
Depok,Cinere - Nafas,2026-05-14 05:07:14,160,160,63,130,,,,,0,0,,,
Bogor,Kabupaten Bogor Leuwiliang,2026-05-14 05:00:00,79,79,40,,4,10,0,70,,,,,
Tangerang,Tangerang Pasir Jaya,2026-05-14 05:00:00,101,101,53,,59,63,0,65,,,,,
Bekasi,Bekasi Kayuringin,2026-05-14 05:00:00,74,74,42,,53,13,0,2,,,,,
Jakarta,The Pakubuwono Menteng,2026-05-14 05:09:21,136,136,53,96,,,,,55,30,,,
Depok,Cinere - Nafas,2026-05-14 05:09:14,160,160,64,131,,,,,0,0,,,
Bogor,Kabupaten Bogor Leuwiliang,2026-05-14 05:00:00,79,79,40,,4,10,0,70,,,,,
Tangerang,Tangerang Pasir Jaya,2026-05-14 05:00:00,101,101,53,,59,63,0,65,,,,,
Bekasi,Bekasi Kayuringin,2026-05-14 05:00:00,74,74,42,,53,13,0,2,,,,,
Jakarta,The Pakubuwono Menteng,2026-05-14 05:10:21,136,136,53,95,,,,,55,30.1,,,
Depok,Cinere - Nafas,2026-05-14 05:10:14,161,161,65,129,,,,,0,0,,,
Bogor,Kabupaten Bogor Leuwiliang,2026-05-14 05:00:00,79,79,40,,4,10,0,70,,,,,
Tangerang,Tangerang Pasir Jaya,2026-05-14 05:00:00,101,101,53,,59,63,0,65,,,,,
Bekasi,Bekasi Kayuringin,2026-05-14 05:00:00,74,74,42,,53,13,0,2,,,,,
Jakarta,The Pakubuwono Menteng,2026-05-14 05:10:21,136,136,53,95,,,,,55,30.1,,,
Depok,Cinere - Nafas,2026-05-14 05:10:14,161,161,65,129,,,,,0,0,,,
Bogor,Kabupaten Bogor Leuwiliang,2026-05-14 05:00:00,79,79,40,,4,10,0,70,,,,,
Tangerang,Tangerang Pasir Jaya,2026-05-14 05:00:00,101,101,53,,59,63,0,65,,,,,
Bekasi,Bekasi Kayuringin,2026-05-14 05:00:00,74,74,42,,53,13,0,2,,,,,
Jakarta,The Pakubuwono Menteng,2026-05-14 05:12:21,132,132,52,93,,,,,55,30.1,,,
Depok,Cinere - Nafas,2026-05-14 05:12:14,159,159,64,130,,,,,0,0,,,
Bogor,Kabupaten Bogor Leuwiliang,2026-05-14 05:00:00,79,79,40,,4,10,0,70,,,,,
Tangerang,Tangerang Pasir Jaya,2026-05-14 05:00:00,101,101,53,,59,63,0,65,,,,,
Bekasi,Bekasi Kayuringin,2026-05-14 05:00:00,74,74,42,,53,13,0,2,,,,,
Jakarta,The Pakubuwono Menteng,2026-05-14 05:13:21,135,135,54,94,,,,,55,30,,,
Depok,Cinere - Nafas,2026-05-14 05:13:14,159,159,62,125,,,,,0,0,,,
Bogor,Kabupaten Bogor Leuwiliang,2026-05-14 05:00:00,79,79,40,,4,10,0,70,,,,,
Tangerang,Tangerang Pasir Jaya,2026-05-14 05:00:00,101,101,53,,59,63,0,65,,,,,
Bekasi,Bekasi Kayuringin,2026-05-14 05:00:00,74,74,42,,53,13,0,2,,,,,
Jakarta,The Pakubuwono Menteng,2026-05-14 05:15:22,138,138,55,102,,,,,55,30,,,
Depok,Cinere - Nafas,2026-05-14 05:15:14,163,163,67,137,,,,,0,0,,,
Bogor,Kabupaten Bogor Leuwiliang,2026-05-14 05:00:00,79,79,40,,4,10,0,70,,,,,
Tangerang,Tangerang Pasir Jaya,2026-05-14 05:00:00,101,101,53,,59,63,0,65,,,,,
Bekasi,Bekasi Kayuringin,2026-05-14 05:00:00,74,74,42,,53,13,0,2,,,,,
Jakarta,The Pakubuwono Menteng,2026-05-14 05:17:22,144,144,56,103,,,,,55,30,,,
Depok,Cinere - Nafas,2026-05-14 05:17:14,165,165,68,140,,,,,0,0,,,
Bogor,Kabupaten Bogor Leuwiliang,2026-05-14 05:00:00,79,79,40,,4,10,0,70,,,,,
Tangerang,Tangerang Pasir Jaya,2026-05-14 05:00:00,101,101,53,,59,63,0,65,,,,,
Bekasi,Bekasi Kayuringin,2026-05-14 05:00:00,74,74,42,,53,13,0,2,,,,,
Jakarta,The Pakubuwono Menteng,2026-05-14 05:17:22,144,144,56,103,,,,,55,30,,,
Depok,Cinere - Nafas,2026-05-14 05:17:14,165,165,68,140,,,,,0,0,,,
Bogor,Kabupaten Bogor Leuwiliang,2026-05-14 05:00:00,79,79,40,,4,10,0,70,,,,,
Tangerang,Tangerang Pasir Jaya,2026-05-14 05:00:00,101,101,53,,59,63,0,65,,,,,
Bekasi,Bekasi Kayuringin,2026-05-14 05:00:00,74,74,42,,53,13,0,2,,,,,
Jakarta,The Pakubuwono Menteng,2026-05-14 05:18:22,138,138,54,97,,,,,55,29.9,,,
Depok,Cinere - Nafas,2026-05-14 05:18:14,164,164,68,141,,,,,0,0,,,
Bogor,Kabupaten Bogor Leuwiliang,2026-05-14 05:00:00,79,79,40,,4,10,0,70,,,,,
Tangerang,Tangerang Pasir Jaya,2026-05-14 05:00:00,101,101,53,,59,63,0,65,,,,,
Bekasi,Bekasi Kayuringin,2026-05-14 05:00:00,74,74,42,,53,13,0,2,,,,,
Jakarta,The Pakubuwono Menteng,2026-05-14 05:20:22,142,142,55,98,,,,,55,29.9,,,
Depok,Cinere - Nafas,2026-05-14 05:20:14,165,165,67,138,,,,,0,0,,,
Bogor,Kabupaten Bogor Leuwiliang,2026-05-14 05:00:00,79,79,40,,4,10,0,70,,,,,
Tangerang,Tangerang Pasir Jaya,2026-05-14 05:00:00,101,101,53,,59,63,0,65,,,,,
Bekasi,Bekasi Kayuringin,2026-05-14 05:00:00,74,74,42,,53,13,0,2,,,,,
Jakarta,The Pakubuwono Menteng,2026-05-14 05:20:22,142,142,55,98,,,,,55,29.9,,,
Depok,Cinere - Nafas,2026-05-14 05:20:14,165,165,67,138,,,,,0,0,,,
Bogor,Kabupaten Bogor Leuwiliang,2026-05-14 05:00:00,79,79,40,,4,10,0,70,,,,,
Tangerang,Tangerang Pasir Jaya,2026-05-14 05:00:00,101,101,53,,59,63,0,65,,,,,
Bekasi,Bekasi Kayuringin,2026-05-14 05:00:00,74,74,42,,53,13,0,2,,,,,
Jakarta,The Pakubuwono Menteng,2026-05-14 05:21:22,150,150,56,105,,,,,55,29.9,,,
Depok,Cinere - Nafas,2026-05-14 05:21:14,165,165,67,146,,,,,0,0,,,
Bogor,Kabupaten Bogor Leuwiliang,2026-05-14 05:00:00,79,79,40,,4,10,0,70,,,,,
Tangerang,Tangerang Pasir Jaya,2026-05-14 05:00:00,101,101,53,,59,63,0,65,,,,,
Bekasi,Bekasi Kayuringin,2026-05-14 05:00:00,74,74,42,,53,13,0,2,,,,,
Jakarta,The Pakubuwono Menteng,2026-05-14 05:23:22,141,141,55,98,,,,,55,29.8,,,
Depok,Cinere - Nafas,2026-05-14 05:23:14,165,165,68,141,,,,,0,0,,,
Bogor,Kabupaten Bogor Leuwiliang,2026-05-14 05:00:00,79,79,40,,4,10,0,70,,,,,
Tangerang,Tangerang Pasir Jaya,2026-05-14 05:00:00,101,101,53,,59,63,0,65,,,,,
Bekasi,Bekasi Kayuringin,2026-05-14 05:00:00,74,74,42,,53,13,0,2,,,,,
Jakarta,The Pakubuwono Menteng,2026-05-14 05:23:22,141,141,55,98,,,,,55,29.8,,,
Depok,Cinere - Nafas,2026-05-14 05:25:14,164,164,69,139,,,,,0,0,,,
Bogor,Kabupaten Bogor Leuwiliang,2026-05-14 05:00:00,79,79,40,,4,10,0,70,,,,,
Tangerang,Tangerang Pasir Jaya,2026-05-14 05:00:00,101,101,53,,59,63,0,65,,,,,
Bekasi,Bekasi Kayuringin,2026-05-14 05:00:00,74,74,42,,53,13,0,2,,,,,
Jakarta,The Pakubuwono Menteng,2026-05-14 05:25:22,142,142,55,99,,,,,55,29.8,,,
Depok,Cinere - Nafas,2026-05-14 05:25:14,164,164,69,139,,,,,0,0,,,
Bogor,Kabupaten Bogor Leuwiliang,2026-05-14 05:00:00,79,79,40,,4,10,0,70,,,,,
Tangerang,Tangerang Pasir Jaya,2026-05-14 05:00:00,101,101,53,,59,63,0,65,,,,,
Bekasi,Bekasi Kayuringin,2026-05-14 05:00:00,74,74,42,,53,13,0,2,,,,,
Jakarta,The Pakubuwono Menteng,2026-05-14 05:27:22,150,150,57,105,,,,,55,29.8,,,
Depok,Cinere - Nafas,2026-05-14 05:28:14,164,164,68,140,,,,,0,0,,,
Bogor,Kabupaten Bogor Leuwiliang,2026-05-14 05:00:00,79,79,40,,4,10,0,70,,,,,
Tangerang,Tangerang Pasir Jaya,2026-05-14 05:00:00,101,101,53,,59,63,0,65,,,,,
Bekasi,Bekasi Kayuringin,2026-05-14 05:00:00,74,74,42,,53,13,0,2,,,,,
Jakarta,The Pakubuwono Menteng,2026-05-14 05:28:23,139,139,55,99,,,,,55,29.8,,,
Depok,Cinere - Nafas,2026-05-14 05:29:14,165,165,69,140,,,,,0,0,,,
Bogor,Kabupaten Bogor Leuwiliang,2026-05-14 05:00:00,79,79,40,,4,10,0,70,,,,,
Tangerang,Tangerang Pasir Jaya,2026-05-14 05:00:00,101,101,53,,59,63,0,65,,,,,
Bekasi,Bekasi Kayuringin,2026-05-14 05:00:00,74,74,42,,53,13,0,2,,,,,
Jakarta,The Pakubuwono Menteng,2026-05-14 05:28:23,139,139,55,99,,,,,55,29.8,,,
Depok,Cinere - Nafas,2026-05-14 05:29:14,165,165,69,140,,,,,0,0,,,
Bogor,Kabupaten Bogor Leuwiliang,2026-05-14 05:00:00,79,79,40,,4,10,0,70,,,,,
Tangerang,Tangerang Pasir Jaya,2026-05-14 05:00:00,101,101,53,,59,63,0,65,,,,,
Bekasi,Bekasi Kayuringin,2026-05-14 05:00:00,74,74,42,,53,13,0,2,,,,,
Jakarta,The Pakubuwono Menteng,2026-05-14 05:30:22,138,138,54,96,,,,,56,29.8,,,
Depok,Cinere - Nafas,2026-05-14 05:31:14,166,166,71,145,,,,,0,0,,,
Bogor,Kabupaten Bogor Leuwiliang,2026-05-14 05:00:00,79,79,40,,4,10,0,70,,,,,
Tangerang,Tangerang Pasir Jaya,2026-05-14 05:00:00,101,101,53,,59,63,0,65,,,,,
Bekasi,Bekasi Kayuringin,2026-05-14 05:00:00,74,74,42,,53,13,0,2,,,,,
Jakarta,The Pakubuwono Menteng,2026-05-14 05:32:22,136,136,53,97,,,,,56,29.8,,,
Depok,Cinere - Nafas,2026-05-14 05:33:14,165,165,70,142,,,,,0,0,,,
Bogor,Kabupaten Bogor Leuwiliang,2026-05-14 05:00:00,79,79,40,,4,10,0,70,,,,,
Tangerang,Tangerang Pasir Jaya,2026-05-14 05:00:00,101,101,53,,59,63,0,65,,,,,
Bekasi,Bekasi Kayuringin,2026-05-14 05:00:00,74,74,42,,53,13,0,2,,,,,
Jakarta,The Pakubuwono Menteng,2026-05-14 05:32:22,136,136,53,97,,,,,56,29.8,,,
Depok,Cinere - Nafas,2026-05-14 05:33:14,165,165,70,142,,,,,0,0,,,
Bogor,Kabupaten Bogor Leuwiliang,2026-05-14 05:00:00,79,79,40,,4,10,0,70,,,,,
Tangerang,Tangerang Pasir Jaya,2026-05-14 05:00:00,101,101,53,,59,63,0,65,,,,,
Bekasi,Bekasi Kayuringin,2026-05-14 05:00:00,74,74,42,,53,13,0,2,,,,,
Jakarta,The Pakubuwono Menteng,2026-05-14 05:33:22,150,150,56,105,,,,,56,29.8,,,
Depok,Cinere - Nafas,2026-05-14 05:34:14,165,165,70,143,,,,,0,0,,,
Bogor,Kabupaten Bogor Leuwiliang,2026-05-14 05:00:00,79,79,40,,4,10,0,70,,,,,
Tangerang,Tangerang Pasir Jaya,2026-05-14 05:00:00,101,101,53,,59,63,0,65,,,,,
Bekasi,Bekasi Kayuringin,2026-05-14 05:00:00,74,74,42,,53,13,0,2,,,,,
Jakarta,The Pakubuwono Menteng,2026-05-14 05:36:22,148,148,56,103,,,,,56,29.7,,,
Depok,Cinere - Nafas,2026-05-14 05:37:14,163,163,65,138,,,,,0,0,,,
Bogor,Kabupaten Bogor Leuwiliang,2026-05-14 05:00:00,79,79,40,,4,10,0,70,,,,,
Tangerang,Tangerang Pasir Jaya,2026-05-14 05:00:00,101,101,53,,59,63,0,65,,,,,
Bekasi,Bekasi Kayuringin,2026-05-14 05:00:00,74,74,42,,53,13,0,2,,,,,
Jakarta,The Pakubuwono Menteng,2026-05-14 05:36:22,148,148,56,103,,,,,56,29.7,,,
Depok,Cinere - Nafas,2026-05-14 05:37:14,163,163,65,138,,,,,0,0,,,
Bogor,Kabupaten Bogor Leuwiliang,2026-05-14 05:00:00,79,79,40,,4,10,0,70,,,,,
Tangerang,Tangerang Pasir Jaya,2026-05-14 05:00:00,101,101,53,,59,63,0,65,,,,,
Bekasi,Bekasi Kayuringin,2026-05-14 05:00:00,74,74,42,,53,13,0,2,,,,,
Jakarta,The Pakubuwono Menteng,2026-05-14 05:38:22,142,142,55,99,,,,,56,29.6,,,
Depok,Cinere - Nafas,2026-05-14 05:39:14,162,162,66,135,,,,,0,0,,,
Bogor,Kabupaten Bogor Leuwiliang,2026-05-14 05:00:00,79,79,40,,4,10,0,70,,,,,
Tangerang,Tangerang Pasir Jaya,2026-05-14 05:00:00,101,101,53,,59,63,0,65,,,,,
Bekasi,Bekasi Kayuringin,2026-05-14 05:00:00,74,74,42,,53,13,0,2,,,,,
Jakarta,The Pakubuwono Menteng,2026-05-14 05:38:22,142,142,55,99,,,,,56,29.6,,,
Depok,Cinere - Nafas,2026-05-14 05:39:14,162,162,66,135,,,,,0,0,,,
Bogor,Kabupaten Bogor Leuwiliang,2026-05-14 05:00:00,79,79,40,,4,10,0,70,,,,,
Tangerang,Tangerang Pasir Jaya,2026-05-14 05:00:00,101,101,53,,59,63,0,65,,,,,
Bekasi,Bekasi Kayuringin,2026-05-14 05:00:00,74,74,42,,53,13,0,2,,,,,
Jakarta,The Pakubuwono Menteng,2026-05-14 05:39:22,138,138,54,95,,,,,56,29.6,,,
Depok,Cinere - Nafas,2026-05-14 05:40:14,161,161,65,130,,,,,0,0,,,
Bogor,Kabupaten Bogor Leuwiliang,2026-05-14 05:00:00,79,79,40,,4,10,0,70,,,,,
Tangerang,Tangerang Pasir Jaya,2026-05-14 05:00:00,101,101,53,,59,63,0,65,,,,,
Bekasi,Bekasi Kayuringin,2026-05-14 05:00:00,74,74,42,,53,13,0,2,,,,,
Jakarta,The Pakubuwono Menteng,2026-05-14 05:41:24,136,136,53,96,,,,,56,29.6,,,
Depok,Cinere - Nafas,2026-05-14 05:42:14,160,160,64,128,,,,,0,0,,,
Bogor,Kabupaten Bogor Leuwiliang,2026-05-14 05:00:00,79,79,40,,4,10,0,70,,,,,
Tangerang,Tangerang Pasir Jaya,2026-05-14 05:00:00,101,101,53,,59,63,0,65,,,,,
Bekasi,Bekasi Kayuringin,2026-05-14 05:00:00,74,74,42,,53,13,0,2,,,,,
Jakarta,The Pakubuwono Menteng,2026-05-14 05:41:24,136,136,53,96,,,,,56,29.6,,,
Depok,Cinere - Nafas,2026-05-14 05:42:14,160,160,64,128,,,,,0,0,,,
Bogor,Kabupaten Bogor Leuwiliang,2026-05-14 05:00:00,79,79,40,,4,10,0,70,,,,,
Tangerang,Tangerang Pasir Jaya,2026-05-14 05:00:00,101,101,53,,59,63,0,65,,,,,
Bekasi,Bekasi Kayuringin,2026-05-14 05:00:00,74,74,42,,53,13,0,2,,,,,
Jakarta,The Pakubuwono Menteng,2026-05-14 05:44:22,141,141,56,98,,,,,56,29.6,,,
Depok,Cinere - Nafas,2026-05-14 05:44:14,158,158,61,118,,,,,0,0,,,
Bogor,Kabupaten Bogor Leuwiliang,2026-05-14 05:00:00,79,79,40,,4,10,0,70,,,,,
Tangerang,Tangerang Pasir Jaya,2026-05-14 05:00:00,101,101,53,,59,63,0,65,,,,,
Bekasi,Bekasi Kayuringin,2026-05-14 05:00:00,74,74,42,,53,13,0,2,,,,,
Jakarta,The Pakubuwono Menteng,2026-05-14 05:45:22,143,143,56,100,,,,,56,29.7,,,
Depok,Cinere - Nafas,2026-05-14 05:45:15,157,157,61,120,,,,,0,0,,,
Bogor,Kabupaten Bogor Leuwiliang,2026-05-14 05:00:00,79,79,40,,4,10,0,70,,,,,
Tangerang,Tangerang Pasir Jaya,2026-05-14 05:00:00,101,101,53,,59,63,0,65,,,,,
Bekasi,Bekasi Kayuringin,2026-05-14 05:00:00,74,74,42,,53,13,0,2,,,,,
Jakarta,The Pakubuwono Menteng,2026-05-14 05:47:22,136,136,54,97,,,,,56,29.6,,,
Depok,Cinere - Nafas,2026-05-14 05:47:14,156,156,61,121,,,,,0,0,,,
Bogor,Kabupaten Bogor Leuwiliang,2026-05-14 05:00:00,79,79,40,,4,10,0,70,,,,,
Tangerang,Tangerang Pasir Jaya,2026-05-14 05:00:00,101,101,53,,59,63,0,65,,,,,
Bekasi,Bekasi Kayuringin,2026-05-14 05:00:00,74,74,42,,53,13,0,2,,,,,
Jakarta,The Pakubuwono Menteng,2026-05-14 05:48:22,136,136,53,95,,,,,56,29.7,,,
Depok,Cinere - Nafas,2026-05-14 05:48:14,156,156,61,115,,,,,0,0,,,
Bogor,Kabupaten Bogor Leuwiliang,2026-05-14 05:00:00,79,79,40,,4,10,0,70,,,,,
Tangerang,Tangerang Pasir Jaya,2026-05-14 05:00:00,101,101,53,,59,63,0,65,,,,,
Bekasi,Bekasi Kayuringin,2026-05-14 05:00:00,74,74,42,,53,13,0,2,,,,,
Jakarta,The Pakubuwono Menteng,2026-05-14 05:48:22,136,136,53,95,,,,,56,29.7,,,
Depok,Cinere - Nafas,2026-05-14 05:48:14,156,156,61,115,,,,,0,0,,,
Bogor,Kabupaten Bogor Leuwiliang,2026-05-14 05:00:00,79,79,40,,4,10,0,70,,,,,
Tangerang,Tangerang Pasir Jaya,2026-05-14 05:00:00,101,101,53,,59,63,0,65,,,,,
Bekasi,Bekasi Kayuringin,2026-05-14 05:00:00,74,74,42,,53,13,0,2,,,,,
Jakarta,The Pakubuwono Menteng,2026-05-14 05:48:22,136,136,53,95,,,,,56,29.7,,,
Depok,Cinere - Nafas,2026-05-14 05:48:14,156,156,61,115,,,,,0,0,,,
Bogor,Kabupaten Bogor Leuwiliang,2026-05-14 05:00:00,79,79,40,,4,10,0,70,,,,,
Tangerang,Tangerang Pasir Jaya,2026-05-14 05:00:00,101,101,53,,59,63,0,65,,,,,
Bekasi,Bekasi Kayuringin,2026-05-14 05:00:00,74,74,42,,53,13,0,2,,,,,
Jakarta,The Pakubuwono Menteng,2026-05-14 05:52:22,133,133,53,93,,,,,55,29.7,,,
Depok,Cinere - Nafas,2026-05-14 05:52:14,156,156,60,114,,,,,0,0,,,
Bogor,Kabupaten Bogor Leuwiliang,2026-05-14 05:00:00,79,79,40,,4,10,0,70,,,,,
Tangerang,Tangerang Pasir Jaya,2026-05-14 05:00:00,101,101,53,,59,63,0,65,,,,,
Bekasi,Bekasi Kayuringin,2026-05-14 05:00:00,74,74,42,,53,13,0,2,,,,,
Jakarta,The Pakubuwono Menteng,2026-05-14 05:52:22,133,133,53,93,,,,,55,29.7,,,
Depok,Cinere - Nafas,2026-05-14 05:52:14,156,156,60,114,,,,,0,0,,,
Bogor,Kabupaten Bogor Leuwiliang,2026-05-14 05:00:00,79,79,40,,4,10,0,70,,,,,
Tangerang,Tangerang Pasir Jaya,2026-05-14 05:00:00,101,101,53,,59,63,0,65,,,,,
Bekasi,Bekasi Kayuringin,2026-05-14 05:00:00,74,74,42,,53,13,0,2,,,,,
Jakarta,The Pakubuwono Menteng,2026-05-14 05:52:22,133,133,53,93,,,,,55,29.7,,,
Depok,Cinere - Nafas,2026-05-14 05:52:14,156,156,60,114,,,,,0,0,,,
Bogor,Kabupaten Bogor Leuwiliang,2026-05-14 05:00:00,79,79,40,,4,10,0,70,,,,,
Tangerang,Tangerang Pasir Jaya,2026-05-14 05:00:00,101,101,53,,59,63,0,65,,,,,
Bekasi,Bekasi Kayuringin,2026-05-14 05:00:00,74,74,42,,53,13,0,2,,,,,
Jakarta,The Pakubuwono Menteng,2026-05-14 05:55:23,130,130,53,92,,,,,55,29.7,,,
Depok,Cinere - Nafas,2026-05-14 05:55:14,152,152,59,108,,,,,0,0,,,
Bogor,Kabupaten Bogor Leuwiliang,2026-05-14 05:00:00,79,79,40,,4,10,0,70,,,,,
Tangerang,Tangerang Pasir Jaya,2026-05-14 05:00:00,101,101,53,,59,63,0,65,,,,,
Bekasi,Bekasi Kayuringin,2026-05-14 05:00:00,74,74,42,,53,13,0,2,,,,,
Jakarta,The Pakubuwono Menteng,2026-05-14 05:56:23,131,131,53,94,,,,,55,29.7,,,
Depok,Cinere - Nafas,2026-05-14 05:56:14,152,152,59,111,,,,,0,0,,,
Bogor,Kabupaten Bogor Leuwiliang,2026-05-14 05:00:00,79,79,40,,4,10,0,70,,,,,
Tangerang,Tangerang Pasir Jaya,2026-05-14 05:00:00,101,101,53,,59,63,0,65,,,,,
Bekasi,Bekasi Kayuringin,2026-05-14 05:00:00,74,74,42,,53,13,0,2,,,,,
Jakarta,The Pakubuwono Menteng,2026-05-14 05:58:23,131,131,52,93,,,,,55,29.8,,,
Depok,Cinere - Nafas,2026-05-14 05:58:14,152,152,58,106,,,,,0,0,,,
Bogor,Kabupaten Bogor Leuwiliang,2026-05-14 05:00:00,79,79,40,,4,10,0,70,,,,,
Tangerang,Tangerang Pasir Jaya,2026-05-14 05:00:00,101,101,53,,59,63,0,65,,,,,
Bekasi,Bekasi Kayuringin,2026-05-14 05:00:00,74,74,42,,53,13,0,2,,,,,
Jakarta,The Pakubuwono Menteng,2026-05-14 06:00:23,127,127,51,89,,,,,55,29.8,,,
Depok,Cinere - Nafas,2026-05-14 06:00:15,152,152,58,111,,,,,0,0,,,
Bogor,Kabupaten Bogor Leuwiliang,2026-05-14 05:00:00,79,79,40,,4,10,0,70,,,,,
Tangerang,Tangerang Pasir Jaya,2026-05-14 05:00:00,101,101,53,,59,63,0,65,,,,,
Bekasi,Bekasi Kayuringin,2026-05-14 05:00:00,74,74,42,,53,13,0,2,,,,,
Jakarta,The Pakubuwono Menteng,2026-05-14 06:00:23,127,127,51,89,,,,,55,29.8,,,
Depok,Cinere - Nafas,2026-05-14 06:00:15,152,152,58,111,,,,,0,0,,,
Bogor,Kabupaten Bogor Leuwiliang,2026-05-14 05:00:00,79,79,40,,4,10,0,70,,,,,
Tangerang,Tangerang Pasir Jaya,2026-05-14 05:00:00,101,101,53,,59,63,0,65,,,,,
Bekasi,Bekasi Kayuringin,2026-05-14 05:00:00,74,74,42,,53,13,0,2,,,,,
Jakarta,The Pakubuwono Menteng,2026-05-14 06:01:23,125,125,51,89,,,,,55,29.8,,,
Depok,Cinere - Nafas,2026-05-14 06:01:14,151,151,58,105,,,,,0,0,,,
Bogor,Kabupaten Bogor Leuwiliang,2026-05-14 05:00:00,79,79,40,,4,10,0,70,,,,,
Tangerang,Tangerang Pasir Jaya,2026-05-14 05:00:00,101,101,53,,59,63,0,65,,,,,
Bekasi,Bekasi Kayuringin,2026-05-14 05:00:00,74,74,42,,53,13,0,2,,,,,
Jakarta,The Pakubuwono Menteng,2026-05-14 06:01:23,125,125,51,89,,,,,55,29.8,,,
Depok,Cinere - Nafas,2026-05-14 06:01:14,151,151,58,105,,,,,0,0,,,
Bogor,Kabupaten Bogor Leuwiliang,2026-05-14 05:00:00,79,79,40,,4,10,0,70,,,,,
Tangerang,Tangerang Pasir Jaya,2026-05-14 05:00:00,101,101,53,,59,63,0,65,,,,,
Bekasi,Bekasi Kayuringin,2026-05-14 05:00:00,74,74,42,,53,13,0,2,,,,,
Jakarta,The Pakubuwono Menteng,2026-05-14 06:03:23,126,126,51,90,,,,,55,29.8,,,
Depok,Cinere - Nafas,2026-05-14 06:03:15,152,152,58,101,,,,,0,0,,,
Bogor,Kabupaten Bogor Leuwiliang,2026-05-14 05:00:00,79,79,40,,4,10,0,70,,,,,
Tangerang,Tangerang Pasir Jaya,2026-05-14 05:00:00,101,101,53,,59,63,0,65,,,,,
Bekasi,Bekasi Kayuringin,2026-05-14 05:00:00,74,74,42,,53,13,0,2,,,,,
Jakarta,The Pakubuwono Menteng,2026-05-14 06:05:23,126,126,50,89,,,,,55,29.9,,,
Depok,Cinere - Nafas,2026-05-14 06:05:15,151,151,59,103,,,,,0,0,,,
Bogor,Kabupaten Bogor Leuwiliang,2026-05-14 06:00:00,78,78,40,,4,10,0,70,,,,,
Tangerang,Tangerang Pasir Jaya,2026-05-14 06:00:00,100,100,52,,59,63,0,65,,,,,
Bekasi,Bekasi Kayuringin,2026-05-14 06:00:00,74,74,42,,54,13,0,2,,,,,
Jakarta,The Pakubuwono Menteng,2026-05-14 06:05:23,126,126,50,89,,,,,55,29.9,,,
Depok,Cinere - Nafas,2026-05-14 06:05:15,151,151,59,103,,,,,0,0,,,
Bogor,Kabupaten Bogor Leuwiliang,2026-05-14 06:00:00,78,78,40,,4,10,0,70,,,,,
Tangerang,Tangerang Pasir Jaya,2026-05-14 06:00:00,100,100,52,,59,63,0,65,,,,,
Bekasi,Bekasi Kayuringin,2026-05-14 06:00:00,74,74,42,,54,13,0,2,,,,,
Jakarta,The Pakubuwono Menteng,2026-05-14 06:08:23,126,126,50,91,,,,,55,29.9,,,
Depok,Cinere - Nafas,2026-05-14 06:08:14,151,151,58,101,,,,,0,0,,,
Bogor,Kabupaten Bogor Leuwiliang,2026-05-14 06:00:00,78,78,40,,4,10,0,70,,,,,
Tangerang,Tangerang Pasir Jaya,2026-05-14 06:00:00,100,100,52,,59,63,0,65,,,,,
Bekasi,Bekasi Kayuringin,2026-05-14 06:00:00,74,74,42,,54,13,0,2,,,,,
Jakarta,The Pakubuwono Menteng,2026-05-14 06:08:23,126,126,50,91,,,,,55,29.9,,,
Depok,Cinere - Nafas,2026-05-14 06:08:14,151,151,58,101,,,,,0,0,,,
Bogor,Kabupaten Bogor Leuwiliang,2026-05-14 06:00:00,78,78,40,,4,10,0,70,,,,,
Tangerang,Tangerang Pasir Jaya,2026-05-14 06:00:00,100,100,52,,59,63,0,65,,,,,
Bekasi,Bekasi Kayuringin,2026-05-14 06:00:00,74,74,42,,54,13,0,2,,,,,
Jakarta,The Pakubuwono Menteng,2026-05-14 06:10:23,129,129,51,90,,,,,54,29.9,,,
Depok,Cinere - Nafas,2026-05-14 06:10:15,151,151,58,106,,,,,0,0,,,
Bogor,Kabupaten Bogor Leuwiliang,2026-05-14 06:00:00,78,78,40,,4,10,0,70,,,,,
Tangerang,Tangerang Pasir Jaya,2026-05-14 06:00:00,100,100,52,,59,63,0,65,,,,,
Bekasi,Bekasi Kayuringin,2026-05-14 06:00:00,74,74,42,,54,13,0,2,,,,,
Jakarta,The Pakubuwono Menteng,2026-05-14 06:11:23,132,132,53,93,,,,,54,30,,,
Depok,Cinere - Nafas,2026-05-14 06:11:14,152,152,59,107,,,,,0,0,,,
Bogor,Kabupaten Bogor Leuwiliang,2026-05-14 06:00:00,78,78,40,,4,10,0,70,,,,,
Tangerang,Tangerang Pasir Jaya,2026-05-14 06:00:00,100,100,52,,59,63,0,65,,,,,
Bekasi,Bekasi Kayuringin,2026-05-14 06:00:00,74,74,42,,54,13,0,2,,,,,
Jakarta,The Pakubuwono Menteng,2026-05-14 06:11:23,132,132,53,93,,,,,54,30,,,
Depok,Cinere - Nafas,2026-05-14 06:11:14,152,152,59,107,,,,,0,0,,,
Bogor,Kabupaten Bogor Leuwiliang,2026-05-14 06:00:00,78,78,40,,4,10,0,70,,,,,
Tangerang,Tangerang Pasir Jaya,2026-05-14 06:00:00,100,100,52,,59,63,0,65,,,,,
Bekasi,Bekasi Kayuringin,2026-05-14 06:00:00,74,74,42,,54,13,0,2,,,,,
Jakarta,The Pakubuwono Menteng,2026-05-14 06:13:23,138,138,55,96,,,,,54,29.9,,,
Depok,Cinere - Nafas,2026-05-14 06:13:15,151,151,57,105,,,,,0,0,,,
Bogor,Kabupaten Bogor Leuwiliang,2026-05-14 06:00:00,78,78,40,,4,10,0,70,,,,,
Tangerang,Tangerang Pasir Jaya,2026-05-14 06:00:00,100,100,52,,59,63,0,65,,,,,
Bekasi,Bekasi Kayuringin,2026-05-14 06:00:00,74,74,42,,54,13,0,2,,,,,
Jakarta,The Pakubuwono Menteng,2026-05-14 06:14:23,136,136,54,94,,,,,54,29.9,,,
Depok,Cinere - Nafas,2026-05-14 06:14:15,151,151,58,111,,,,,0,0,,,
Bogor,Kabupaten Bogor Leuwiliang,2026-05-14 06:00:00,78,78,40,,4,10,0,70,,,,,
Tangerang,Tangerang Pasir Jaya,2026-05-14 06:00:00,100,100,52,,59,63,0,65,,,,,
Bekasi,Bekasi Kayuringin,2026-05-14 06:00:00,74,74,42,,54,13,0,2,,,,,
Jakarta,The Pakubuwono Menteng,2026-05-14 06:14:23,136,136,54,94,,,,,54,29.9,,,
Depok,Cinere - Nafas,2026-05-14 06:14:15,151,151,58,111,,,,,0,0,,,
Bogor,Kabupaten Bogor Leuwiliang,2026-05-14 06:00:00,78,78,40,,4,10,0,70,,,,,
Tangerang,Tangerang Pasir Jaya,2026-05-14 06:00:00,100,100,52,,59,63,0,65,,,,,
Bekasi,Bekasi Kayuringin,2026-05-14 06:00:00,74,74,42,,54,13,0,2,,,,,
Jakarta,The Pakubuwono Menteng,2026-05-14 06:16:23,128,128,51,90,,,,,54,29.9,,,
Depok,Cinere - Nafas,2026-05-14 06:16:15,152,152,59,106,,,,,0,0,,,
Bogor,Kabupaten Bogor Leuwiliang,2026-05-14 06:00:00,78,78,40,,4,10,0,70,,,,,
Tangerang,Tangerang Pasir Jaya,2026-05-14 06:00:00,100,100,52,,59,63,0,65,,,,,
Bekasi,Bekasi Kayuringin,2026-05-14 06:00:00,74,74,42,,54,13,0,2,,,,,
Jakarta,The Pakubuwono Menteng,2026-05-14 06:18:23,129,129,52,93,,,,,54,29.9,,,
Depok,Cinere - Nafas,2026-05-14 06:18:15,153,153,59,106,,,,,0,0,,,
Bogor,Kabupaten Bogor Leuwiliang,2026-05-14 06:00:00,78,78,40,,4,10,0,70,,,,,
Tangerang,Tangerang Pasir Jaya,2026-05-14 06:00:00,100,100,52,,59,63,0,65,,,,,
Bekasi,Bekasi Kayuringin,2026-05-14 06:00:00,74,74,42,,54,13,0,2,,,,,
Jakarta,The Pakubuwono Menteng,2026-05-14 06:19:23,134,134,52,94,,,,,54,29.9,,,
Depok,Cinere - Nafas,2026-05-14 06:19:15,152,152,58,103,,,,,0,0,,,
Bogor,Kabupaten Bogor Leuwiliang,2026-05-14 06:00:00,78,78,40,,4,10,0,70,,,,,
Tangerang,Tangerang Pasir Jaya,2026-05-14 06:00:00,100,100,52,,59,63,0,65,,,,,
Bekasi,Bekasi Kayuringin,2026-05-14 06:00:00,74,74,42,,54,13,0,2,,,,,
Jakarta,The Pakubuwono Menteng,2026-05-14 06:21:23,134,134,53,93,,,,,54,30,,,
Depok,Cinere - Nafas,2026-05-14 06:21:15,152,152,58,104,,,,,0,0,,,
Bogor,Kabupaten Bogor Leuwiliang,2026-05-14 06:00:00,78,78,40,,4,10,0,70,,,,,
Tangerang,Tangerang Pasir Jaya,2026-05-14 06:00:00,100,100,52,,59,63,0,65,,,,,
Bekasi,Bekasi Kayuringin,2026-05-14 06:00:00,74,74,42,,54,13,0,2,,,,,
Jakarta,The Pakubuwono Menteng,2026-05-14 06:21:23,134,134,53,93,,,,,54,30,,,
Depok,Cinere - Nafas,2026-05-14 06:21:15,152,152,58,104,,,,,0,0,,,
Bogor,Kabupaten Bogor Leuwiliang,2026-05-14 06:00:00,78,78,40,,4,10,0,70,,,,,
Tangerang,Tangerang Pasir Jaya,2026-05-14 06:00:00,100,100,52,,59,63,0,65,,,,,
Bekasi,Bekasi Kayuringin,2026-05-14 06:00:00,74,74,42,,54,13,0,2,,,,,
Jakarta,The Pakubuwono Menteng,2026-05-14 06:23:23,130,130,53,89,,,,,54,30,,,
Depok,Cinere - Nafas,2026-05-14 06:23:15,153,153,59,109,,,,,0,0,,,
Bogor,Kabupaten Bogor Leuwiliang,2026-05-14 06:00:00,78,78,40,,4,10,0,70,,,,,
Tangerang,Tangerang Pasir Jaya,2026-05-14 06:00:00,100,100,52,,59,63,0,65,,,,,
Bekasi,Bekasi Kayuringin,2026-05-14 06:00:00,74,74,42,,54,13,0,2,,,,,
Jakarta,The Pakubuwono Menteng,2026-05-14 06:24:23,128,128,51,92,,,,,54,30,,,
Depok,Cinere - Nafas,2026-05-14 06:24:15,153,153,59,111,,,,,0,0,,,
Bogor,Kabupaten Bogor Leuwiliang,2026-05-14 06:00:00,78,78,40,,4,10,0,70,,,,,
Tangerang,Tangerang Pasir Jaya,2026-05-14 06:00:00,100,100,52,,59,63,0,65,,,,,
Bekasi,Bekasi Kayuringin,2026-05-14 06:00:00,74,74,42,,54,13,0,2,,,,,
Jakarta,The Pakubuwono Menteng,2026-05-14 06:24:23,128,128,51,92,,,,,54,30,,,
Depok,Cinere - Nafas,2026-05-14 06:24:15,153,153,59,111,,,,,0,0,,,
Bogor,Kabupaten Bogor Leuwiliang,2026-05-14 06:00:00,78,78,40,,4,10,0,70,,,,,
Tangerang,Tangerang Pasir Jaya,2026-05-14 06:00:00,100,100,52,,59,63,0,65,,,,,
Bekasi,Bekasi Kayuringin,2026-05-14 06:00:00,74,74,42,,54,13,0,2,,,,,
Jakarta,The Pakubuwono Menteng,2026-05-14 06:26:24,133,133,52,95,,,,,54,30,,,
Depok,Cinere - Nafas,2026-05-14 06:26:15,153,153,59,110,,,,,0,0,,,
Bogor,Kabupaten Bogor Leuwiliang,2026-05-14 06:00:00,78,78,40,,4,10,0,70,,,,,
Tangerang,Tangerang Pasir Jaya,2026-05-14 06:00:00,100,100,52,,59,63,0,65,,,,,
Bekasi,Bekasi Kayuringin,2026-05-14 06:00:00,74,74,42,,54,13,0,2,,,,,
Jakarta,The Pakubuwono Menteng,2026-05-14 06:28:23,136,136,53,95,,,,,54,30,,,
Depok,Cinere - Nafas,2026-05-14 06:28:15,152,152,59,110,,,,,0,0,,,
Bogor,Kabupaten Bogor Leuwiliang,2026-05-14 06:00:00,78,78,40,,4,10,0,70,,,,,
Tangerang,Tangerang Pasir Jaya,2026-05-14 06:00:00,100,100,52,,59,63,0,65,,,,,
Bekasi,Bekasi Kayuringin,2026-05-14 06:00:00,74,74,42,,54,13,0,2,,,,,
Jakarta,The Pakubuwono Menteng,2026-05-14 06:29:24,134,134,53,93,,,,,54,30,,,
Depok,Cinere - Nafas,2026-05-14 06:29:15,152,152,58,106,,,,,0,0,,,
Bogor,Kabupaten Bogor Leuwiliang,2026-05-14 06:00:00,78,78,40,,4,10,0,70,,,,,
Tangerang,Tangerang Pasir Jaya,2026-05-14 06:00:00,100,100,52,,59,63,0,65,,,,,
Bekasi,Bekasi Kayuringin,2026-05-14 06:00:00,74,74,42,,54,13,0,2,,,,,
Jakarta,The Pakubuwono Menteng,2026-05-14 06:31:23,133,133,53,94,,,,,54,30,,,
Depok,Cinere - Nafas,2026-05-14 06:31:15,152,152,59,111,,,,,0,0,,,
Bogor,Kabupaten Bogor Leuwiliang,2026-05-14 06:00:00,78,78,40,,4,10,0,70,,,,,
Tangerang,Tangerang Pasir Jaya,2026-05-14 06:00:00,100,100,52,,59,63,0,65,,,,,
Bekasi,Bekasi Kayuringin,2026-05-14 06:00:00,74,74,42,,54,13,0,2,,,,,
Jakarta,The Pakubuwono Menteng,2026-05-14 06:31:23,133,133,53,94,,,,,54,30,,,
Depok,Cinere - Nafas,2026-05-14 06:31:15,152,152,59,111,,,,,0,0,,,
Bogor,Kabupaten Bogor Leuwiliang,2026-05-14 06:00:00,78,78,40,,4,10,0,70,,,,,
Tangerang,Tangerang Pasir Jaya,2026-05-14 06:00:00,100,100,52,,59,63,0,65,,,,,
Bekasi,Bekasi Kayuringin,2026-05-14 06:00:00,74,74,42,,54,13,0,2,,,,,
Jakarta,The Pakubuwono Menteng,2026-05-14 06:33:23,123,123,50,88,,,,,54,30,,,
Depok,Cinere - Nafas,2026-05-14 06:33:15,155,155,60,112,,,,,0,0,,,
Bogor,Kabupaten Bogor Leuwiliang,2026-05-14 06:00:00,78,78,40,,4,10,0,70,,,,,
Tangerang,Tangerang Pasir Jaya,2026-05-14 06:00:00,100,100,52,,59,63,0,65,,,,,
Bekasi,Bekasi Kayuringin,2026-05-14 06:00:00,74,74,42,,54,13,0,2,,,,,
Jakarta,The Pakubuwono Menteng,2026-05-14 06:33:23,123,123,50,88,,,,,54,30,,,
Depok,Cinere - Nafas,2026-05-14 06:33:15,155,155,60,112,,,,,0,0,,,
Bogor,Kabupaten Bogor Leuwiliang,2026-05-14 06:00:00,78,78,40,,4,10,0,70,,,,,
Tangerang,Tangerang Pasir Jaya,2026-05-14 06:00:00,100,100,52,,59,63,0,65,,,,,
Bekasi,Bekasi Kayuringin,2026-05-14 06:00:00,74,74,42,,54,13,0,2,,,,,
Jakarta,The Pakubuwono Menteng,2026-05-14 06:34:24,125,125,51,86,,,,,54,30,,,
Depok,Cinere - Nafas,2026-05-14 06:34:15,157,157,61,118,,,,,0,0,,,
Bogor,Kabupaten Bogor Leuwiliang,2026-05-14 06:00:00,78,78,40,,4,10,0,70,,,,,
Tangerang,Tangerang Pasir Jaya,2026-05-14 06:00:00,100,100,52,,59,63,0,65,,,,,
Bekasi,Bekasi Kayuringin,2026-05-14 06:00:00,74,74,42,,54,13,0,2,,,,,
Jakarta,The Pakubuwono Menteng,2026-05-14 06:36:26,125,125,50,87,,,,,54,30,,,
Depok,Cinere - Nafas,2026-05-14 06:36:15,158,158,61,128,,,,,0,0,,,
Bogor,Kabupaten Bogor Leuwiliang,2026-05-14 06:00:00,78,78,40,,4,10,0,70,,,,,
Tangerang,Tangerang Pasir Jaya,2026-05-14 06:00:00,100,100,52,,59,63,0,65,,,,,
Bekasi,Bekasi Kayuringin,2026-05-14 06:00:00,74,74,42,,54,13,0,2,,,,,
Jakarta,The Pakubuwono Menteng,2026-05-14 06:36:26,125,125,50,87,,,,,54,30,,,
Depok,Cinere - Nafas,2026-05-14 06:36:15,158,158,61,128,,,,,0,0,,,
Bogor,Kabupaten Bogor Leuwiliang,2026-05-14 06:00:00,78,78,40,,4,10,0,70,,,,,
Tangerang,Tangerang Pasir Jaya,2026-05-14 06:00:00,100,100,52,,59,63,0,65,,,,,
Bekasi,Bekasi Kayuringin,2026-05-14 06:00:00,74,74,42,,54,13,0,2,,,,,
Jakarta,The Pakubuwono Menteng,2026-05-14 06:38:24,140,140,54,97,,,,,54,30,,,
Depok,Cinere - Nafas,2026-05-14 06:39:16,154,154,60,115,,,,,0,0,,,
Bogor,Kabupaten Bogor Leuwiliang,2026-05-14 06:00:00,78,78,40,,4,10,0,70,,,,,
Tangerang,Tangerang Pasir Jaya,2026-05-14 06:00:00,100,100,52,,59,63,0,65,,,,,
Bekasi,Bekasi Kayuringin,2026-05-14 06:00:00,74,74,42,,54,13,0,2,,,,,
Jakarta,The Pakubuwono Menteng,2026-05-14 06:39:24,129,129,51,90,,,,,54,30,,,
Depok,Cinere - Nafas,2026-05-14 06:39:16,154,154,60,115,,,,,0,0,,,
Bogor,Kabupaten Bogor Leuwiliang,2026-05-14 06:00:00,78,78,40,,4,10,0,70,,,,,
Tangerang,Tangerang Pasir Jaya,2026-05-14 06:00:00,100,100,52,,59,63,0,65,,,,,
Bekasi,Bekasi Kayuringin,2026-05-14 06:00:00,74,74,42,,54,13,0,2,,,,,
Jakarta,The Pakubuwono Menteng,2026-05-14 06:41:24,129,129,51,91,,,,,54,30,,,
Depok,Cinere - Nafas,2026-05-14 06:41:16,156,156,61,120,,,,,0,0,,,
Bogor,Kabupaten Bogor Leuwiliang,2026-05-14 06:00:00,78,78,40,,4,10,0,70,,,,,
Tangerang,Tangerang Pasir Jaya,2026-05-14 06:00:00,100,100,52,,59,63,0,65,,,,,
Bekasi,Bekasi Kayuringin,2026-05-14 06:00:00,74,74,42,,54,13,0,2,,,,,
Jakarta,The Pakubuwono Menteng,2026-05-14 06:42:24,122,122,49,89,,,,,54,30.1,,,
Depok,Cinere - Nafas,2026-05-14 06:42:16,156,156,60,119,,,,,0,0,,,
Bogor,Kabupaten Bogor Leuwiliang,2026-05-14 06:00:00,78,78,40,,4,10,0,70,,,,,
Tangerang,Tangerang Pasir Jaya,2026-05-14 06:00:00,100,100,52,,59,63,0,65,,,,,
Bekasi,Bekasi Kayuringin,2026-05-14 06:00:00,74,74,42,,54,13,0,2,,,,,
Jakarta,The Pakubuwono Menteng,2026-05-14 06:44:24,126,126,52,90,,,,,54,30.1,,,
Depok,Cinere - Nafas,2026-05-14 06:44:15,157,157,61,126,,,,,0,0,,,
Bogor,Kabupaten Bogor Leuwiliang,2026-05-14 06:00:00,78,78,40,,4,10,0,70,,,,,
Tangerang,Tangerang Pasir Jaya,2026-05-14 06:00:00,100,100,52,,59,63,0,65,,,,,
Bekasi,Bekasi Kayuringin,2026-05-14 06:00:00,74,74,42,,54,13,0,2,,,,,
Jakarta,The Pakubuwono Menteng,2026-05-14 06:44:24,126,126,52,90,,,,,54,30.1,,,
Depok,Cinere - Nafas,2026-05-14 06:44:15,157,157,61,126,,,,,0,0,,,
Bogor,Kabupaten Bogor Leuwiliang,2026-05-14 06:00:00,78,78,40,,4,10,0,70,,,,,
Tangerang,Tangerang Pasir Jaya,2026-05-14 06:00:00,100,100,52,,59,63,0,65,,,,,
Bekasi,Bekasi Kayuringin,2026-05-14 06:00:00,74,74,42,,54,13,0,2,,,,,
Jakarta,The Pakubuwono Menteng,2026-05-14 06:46:24,121,121,49,89,,,,,54,30.1,,,
Depok,Cinere - Nafas,2026-05-14 06:46:15,156,156,60,127,,,,,0,0,,,
Bogor,Kabupaten Bogor Leuwiliang,2026-05-14 06:00:00,78,78,40,,4,10,0,70,,,,,
Tangerang,Tangerang Pasir Jaya,2026-05-14 06:00:00,100,100,52,,59,63,0,65,,,,,
Bekasi,Bekasi Kayuringin,2026-05-14 06:00:00,74,74,42,,54,13,0,2,,,,,
Jakarta,The Pakubuwono Menteng,2026-05-14 06:46:24,121,121,49,89,,,,,54,30.1,,,
Depok,Cinere - Nafas,2026-05-14 06:46:15,156,156,60,127,,,,,0,0,,,
Bogor,Kabupaten Bogor Leuwiliang,2026-05-14 06:00:00,78,78,40,,4,10,0,70,,,,,
Tangerang,Tangerang Pasir Jaya,2026-05-14 06:00:00,100,100,52,,59,63,0,65,,,,,
Bekasi,Bekasi Kayuringin,2026-05-14 06:00:00,74,74,42,,54,13,0,2,,,,,
Jakarta,The Pakubuwono Menteng,2026-05-14 06:47:24,123,123,48,89,,,,,54,30.1,,,
Depok,Cinere - Nafas,2026-05-14 06:47:15,156,156,60,118,,,,,0,0,,,
Bogor,Kabupaten Bogor Leuwiliang,2026-05-14 06:00:00,78,78,40,,4,10,0,70,,,,,
Tangerang,Tangerang Pasir Jaya,2026-05-14 06:00:00,100,100,52,,59,63,0,65,,,,,
Bekasi,Bekasi Kayuringin,2026-05-14 06:00:00,74,74,42,,54,13,0,2,,,,,
Jakarta,The Pakubuwono Menteng,2026-05-14 06:49:24,122,122,49,89,,,,,54,30.2,,,
Depok,Cinere - Nafas,2026-05-14 06:49:15,156,156,61,123,,,,,0,0,,,
Bogor,Kabupaten Bogor Leuwiliang,2026-05-14 06:00:00,78,78,40,,4,10,0,70,,,,,
Tangerang,Tangerang Pasir Jaya,2026-05-14 06:00:00,100,100,52,,59,63,0,65,,,,,
Bekasi,Bekasi Kayuringin,2026-05-14 06:00:00,74,74,42,,54,13,0,2,,,,,
Jakarta,The Pakubuwono Menteng,2026-05-14 06:51:24,125,125,50,89,,,,,54,30.2,,,
Depok,Cinere - Nafas,2026-05-14 06:51:15,156,156,60,120,,,,,0,0,,,
Bogor,Kabupaten Bogor Leuwiliang,2026-05-14 06:00:00,78,78,40,,4,10,0,70,,,,,
Tangerang,Tangerang Pasir Jaya,2026-05-14 06:00:00,100,100,52,,59,63,0,65,,,,,
Bekasi,Bekasi Kayuringin,2026-05-14 06:00:00,74,74,42,,54,13,0,2,,,,,
Jakarta,The Pakubuwono Menteng,2026-05-14 06:52:24,128,128,51,91,,,,,54,30.2,,,
Depok,Cinere - Nafas,2026-05-14 06:52:16,158,158,61,123,,,,,0,0,,,
Bogor,Kabupaten Bogor Leuwiliang,2026-05-14 06:00:00,78,78,40,,4,10,0,70,,,,,
Tangerang,Tangerang Pasir Jaya,2026-05-14 06:00:00,100,100,52,,59,63,0,65,,,,,
Bekasi,Bekasi Kayuringin,2026-05-14 06:00:00,74,74,42,,54,13,0,2,,,,,
Jakarta,The Pakubuwono Menteng,2026-05-14 06:52:24,128,128,51,91,,,,,54,30.2,,,
Depok,Cinere - Nafas,2026-05-14 06:52:16,158,158,61,123,,,,,0,0,,,
Bogor,Kabupaten Bogor Leuwiliang,2026-05-14 06:00:00,78,78,40,,4,10,0,70,,,,,
Tangerang,Tangerang Pasir Jaya,2026-05-14 06:00:00,100,100,52,,59,63,0,65,,,,,
Bekasi,Bekasi Kayuringin,2026-05-14 06:00:00,74,74,42,,54,13,0,2,,,,,
Jakarta,The Pakubuwono Menteng,2026-05-14 06:54:24,127,127,52,89,,,,,54,30.2,,,
Depok,Cinere - Nafas,2026-05-14 06:54:15,158,158,61,128,,,,,0,0,,,
Bogor,Kabupaten Bogor Leuwiliang,2026-05-14 06:00:00,78,78,40,,4,10,0,70,,,,,
Tangerang,Tangerang Pasir Jaya,2026-05-14 06:00:00,100,100,52,,59,63,0,65,,,,,
Bekasi,Bekasi Kayuringin,2026-05-14 06:00:00,74,74,42,,54,13,0,2,,,,,
Jakarta,The Pakubuwono Menteng,2026-05-14 06:56:24,120,120,48,87,,,,,54,30.2,,,
Depok,Cinere - Nafas,2026-05-14 06:56:15,160,160,63,129,,,,,0,0,,,
Bogor,Kabupaten Bogor Leuwiliang,2026-05-14 06:00:00,78,78,40,,4,10,0,70,,,,,
Tangerang,Tangerang Pasir Jaya,2026-05-14 06:00:00,100,100,52,,59,63,0,65,,,,,
Bekasi,Bekasi Kayuringin,2026-05-14 06:00:00,74,74,42,,54,13,0,2,,,,,
Jakarta,The Pakubuwono Menteng,2026-05-14 06:56:24,120,120,48,87,,,,,54,30.2,,,
Depok,Cinere - Nafas,2026-05-14 06:56:15,160,160,63,129,,,,,0,0,,,
Bogor,Kabupaten Bogor Leuwiliang,2026-05-14 06:00:00,78,78,40,,4,10,0,70,,,,,
Tangerang,Tangerang Pasir Jaya,2026-05-14 06:00:00,100,100,52,,59,63,0,65,,,,,
Bekasi,Bekasi Kayuringin,2026-05-14 06:00:00,74,74,42,,54,13,0,2,,,,,
Jakarta,The Pakubuwono Menteng,2026-05-14 06:57:24,123,123,50,89,,,,,54,30.2,,,
Depok,Cinere - Nafas,2026-05-14 06:57:15,159,159,63,126,,,,,0,0,,,
Bogor,Kabupaten Bogor Leuwiliang,2026-05-14 06:00:00,78,78,40,,4,10,0,70,,,,,
Tangerang,Tangerang Pasir Jaya,2026-05-14 06:00:00,100,100,52,,59,63,0,65,,,,,
Bekasi,Bekasi Kayuringin,2026-05-14 06:00:00,74,74,42,,54,13,0,2,,,,,
Jakarta,The Pakubuwono Menteng,2026-05-14 06:59:24,126,126,51,89,,,,,54,30.3,,,
Depok,Cinere - Nafas,2026-05-14 06:59:15,158,158,62,126,,,,,0,0,,,
Bogor,Kabupaten Bogor Leuwiliang,2026-05-14 06:00:00,78,78,40,,4,10,0,70,,,,,
Tangerang,Tangerang Pasir Jaya,2026-05-14 06:00:00,100,100,52,,59,63,0,65,,,,,
Bekasi,Bekasi Kayuringin,2026-05-14 06:00:00,74,74,42,,54,13,0,2,,,,,
Jakarta,The Pakubuwono Menteng,2026-05-14 06:59:24,126,126,51,89,,,,,54,30.3,,,
Depok,Cinere - Nafas,2026-05-14 07:01:15,157,157,62,128,,,,,0,0,,,
Bogor,Kabupaten Bogor Leuwiliang,2026-05-14 06:00:00,78,78,40,,4,10,0,70,,,,,
Tangerang,Tangerang Pasir Jaya,2026-05-14 06:00:00,100,100,52,,59,63,0,65,,,,,
Bekasi,Bekasi Kayuringin,2026-05-14 06:00:00,74,74,42,,54,13,0,2,,,,,
Jakarta,The Pakubuwono Menteng,2026-05-14 07:01:24,123,123,49,87,,,,,54,30.3,,,
Depok,Cinere - Nafas,2026-05-14 07:01:15,157,157,62,128,,,,,0,0,,,
Bogor,Kabupaten Bogor Leuwiliang,2026-05-14 06:00:00,78,78,40,,4,10,0,70,,,,,
Tangerang,Tangerang Pasir Jaya,2026-05-14 06:00:00,100,100,52,,59,63,0,65,,,,,
Bekasi,Bekasi Kayuringin,2026-05-14 06:00:00,74,74,42,,54,13,0,2,,,,,
Jakarta,The Pakubuwono Menteng,2026-05-14 07:02:24,123,123,50,89,,,,,54,30.3,,,
Depok,Cinere - Nafas,2026-05-14 07:02:15,158,158,62,127,,,,,0,0,,,
Bogor,Kabupaten Bogor Leuwiliang,2026-05-14 06:00:00,78,78,40,,4,10,0,70,,,,,
Tangerang,Tangerang Pasir Jaya,2026-05-14 06:00:00,100,100,52,,59,63,0,65,,,,,
Bekasi,Bekasi Kayuringin,2026-05-14 06:00:00,74,74,42,,54,13,0,2,,,,,
Jakarta,The Pakubuwono Menteng,2026-05-14 07:04:24,117,117,47,87,,,,,54,30.3,,,
Depok,Cinere - Nafas,2026-05-14 07:04:15,158,158,61,130,,,,,0,0,,,
Bogor,Kabupaten Bogor Leuwiliang,2026-05-14 06:00:00,78,78,40,,4,10,0,70,,,,,
Tangerang,Tangerang Pasir Jaya,2026-05-14 06:00:00,100,100,52,,59,63,0,65,,,,,
Bekasi,Bekasi Kayuringin,2026-05-14 06:00:00,74,74,42,,54,13,0,2,,,,,
Jakarta,The Pakubuwono Menteng,2026-05-14 07:04:24,117,117,47,87,,,,,54,30.3,,,
Depok,Cinere - Nafas,2026-05-14 07:04:15,158,158,61,130,,,,,0,0,,,
Bogor,Kabupaten Bogor Leuwiliang,2026-05-14 06:00:00,78,78,40,,4,10,0,70,,,,,
Tangerang,Tangerang Pasir Jaya,2026-05-14 06:00:00,100,100,52,,59,63,0,65,,,,,
Bekasi,Bekasi Kayuringin,2026-05-14 06:00:00,74,74,42,,54,13,0,2,,,,,
Jakarta,The Pakubuwono Menteng,2026-05-14 07:06:24,126,126,51,89,,,,,54,30.4,,,
Depok,Cinere - Nafas,2026-05-14 07:06:15,161,161,64,136,,,,,0,0,,,
Bogor,Kabupaten Bogor Leuwiliang,2026-05-14 07:00:00,78,78,40,,4,10,0,70,,,,,
Tangerang,Tangerang Pasir Jaya,2026-05-14 07:00:00,105,105,53,,59,63,0,65,,,,,
Bekasi,Bekasi Kayuringin,2026-05-14 07:00:00,76,76,43,,54,13,0,2,,,,,
Jakarta,The Pakubuwono Menteng,2026-05-14 07:08:24,130,130,52,90,,,,,53,30.4,,,
Depok,Cinere - Nafas,2026-05-14 07:08:16,160,160,62,128,,,,,0,0,,,
Bogor,Kabupaten Bogor Leuwiliang,2026-05-14 07:00:00,78,78,40,,4,10,0,70,,,,,
Tangerang,Tangerang Pasir Jaya,2026-05-14 07:00:00,105,105,53,,59,63,0,65,,,,,
Bekasi,Bekasi Kayuringin,2026-05-14 07:00:00,76,76,43,,54,13,0,2,,,,,
Jakarta,The Pakubuwono Menteng,2026-05-14 07:08:24,130,130,52,90,,,,,53,30.4,,,
Depok,Cinere - Nafas,2026-05-14 07:08:16,160,160,62,128,,,,,0,0,,,
Bogor,Kabupaten Bogor Leuwiliang,2026-05-14 07:00:00,78,78,40,,4,10,0,70,,,,,
Tangerang,Tangerang Pasir Jaya,2026-05-14 07:00:00,105,105,53,,59,63,0,65,,,,,
Bekasi,Bekasi Kayuringin,2026-05-14 07:00:00,76,76,43,,54,13,0,2,,,,,
Jakarta,The Pakubuwono Menteng,2026-05-14 07:09:24,136,136,53,96,,,,,53,30.4,,,
Depok,Cinere - Nafas,2026-05-14 07:09:15,160,160,64,130,,,,,0,0,,,
Bogor,Kabupaten Bogor Leuwiliang,2026-05-14 07:00:00,78,78,40,,4,10,0,70,,,,,
Tangerang,Tangerang Pasir Jaya,2026-05-14 07:00:00,105,105,53,,59,63,0,65,,,,,
Bekasi,Bekasi Kayuringin,2026-05-14 07:00:00,76,76,43,,54,13,0,2,,,,,
Jakarta,The Pakubuwono Menteng,2026-05-14 07:11:24,130,130,52,91,,,,,53,30.4,,,
Depok,Cinere - Nafas,2026-05-14 07:11:16,161,161,64,130,,,,,0,0,,,
Bogor,Kabupaten Bogor Leuwiliang,2026-05-14 07:00:00,78,78,40,,4,10,0,70,,,,,
Tangerang,Tangerang Pasir Jaya,2026-05-14 07:00:00,105,105,53,,59,63,0,65,,,,,
Bekasi,Bekasi Kayuringin,2026-05-14 07:00:00,76,76,43,,54,13,0,2,,,,,
Jakarta,The Pakubuwono Menteng,2026-05-14 07:12:24,125,125,50,87,,,,,53,30.4,,,
Depok,Cinere - Nafas,2026-05-14 07:13:16,160,160,63,131,,,,,0,0,,,
Bogor,Kabupaten Bogor Leuwiliang,2026-05-14 07:00:00,78,78,40,,4,10,0,70,,,,,
Tangerang,Tangerang Pasir Jaya,2026-05-14 07:00:00,105,105,53,,59,63,0,65,,,,,
Bekasi,Bekasi Kayuringin,2026-05-14 07:00:00,76,76,43,,54,13,0,2,,,,,
Jakarta,The Pakubuwono Menteng,2026-05-14 07:15:24,120,120,48,87,,,,,53,30.4,,,
Depok,Cinere - Nafas,2026-05-14 07:15:16,163,163,66,136,,,,,0,0,,,
Bogor,Kabupaten Bogor Leuwiliang,2026-05-14 07:00:00,78,78,40,,4,10,0,70,,,,,
Tangerang,Tangerang Pasir Jaya,2026-05-14 07:00:00,105,105,53,,59,63,0,65,,,,,
Bekasi,Bekasi Kayuringin,2026-05-14 07:00:00,76,76,43,,54,13,0,2,,,,,
Jakarta,The Pakubuwono Menteng,2026-05-14 07:15:24,120,120,48,87,,,,,53,30.4,,,
Depok,Cinere - Nafas,2026-05-14 07:15:16,163,163,66,136,,,,,0,0,,,
Bogor,Kabupaten Bogor Leuwiliang,2026-05-14 07:00:00,78,78,40,,4,10,0,70,,,,,
Tangerang,Tangerang Pasir Jaya,2026-05-14 07:00:00,105,105,53,,59,63,0,65,,,,,
Bekasi,Bekasi Kayuringin,2026-05-14 07:00:00,76,76,43,,54,13,0,2,,,,,
Jakarta,The Pakubuwono Menteng,2026-05-14 07:16:25,123,123,50,87,,,,,53,30.4,,,
Depok,Cinere - Nafas,2026-05-14 07:16:16,161,161,63,132,,,,,0,0,,,
Bogor,Kabupaten Bogor Leuwiliang,2026-05-14 07:00:00,78,78,40,,4,10,0,70,,,,,
Tangerang,Tangerang Pasir Jaya,2026-05-14 07:00:00,105,105,53,,59,63,0,65,,,,,
Bekasi,Bekasi Kayuringin,2026-05-14 07:00:00,76,76,43,,54,13,0,2,,,,,
Jakarta,The Pakubuwono Menteng,2026-05-14 07:18:25,126,126,51,89,,,,,53,30.4,,,
Depok,Cinere - Nafas,2026-05-14 07:18:16,160,160,62,132,,,,,0,0,,,
Bogor,Kabupaten Bogor Leuwiliang,2026-05-14 07:00:00,78,78,40,,4,10,0,70,,,,,
Tangerang,Tangerang Pasir Jaya,2026-05-14 07:00:00,105,105,53,,59,63,0,65,,,,,
Bekasi,Bekasi Kayuringin,2026-05-14 07:00:00,76,76,43,,54,13,0,2,,,,,
Jakarta,The Pakubuwono Menteng,2026-05-14 07:18:25,126,126,51,89,,,,,53,30.4,,,
Depok,Cinere - Nafas,2026-05-14 07:18:16,160,160,62,132,,,,,0,0,,,
Bogor,Kabupaten Bogor Leuwiliang,2026-05-14 07:00:00,78,78,40,,4,10,0,70,,,,,
Tangerang,Tangerang Pasir Jaya,2026-05-14 07:00:00,105,105,53,,59,63,0,65,,,,,
Bekasi,Bekasi Kayuringin,2026-05-14 07:00:00,76,76,43,,54,13,0,2,,,,,
Jakarta,The Pakubuwono Menteng,2026-05-14 07:19:25,127,127,51,91,,,,,53,30.4,,,
Depok,Cinere - Nafas,2026-05-14 07:19:16,161,161,64,133,,,,,0,0,,,
Bogor,Kabupaten Bogor Leuwiliang,2026-05-14 07:00:00,78,78,40,,4,10,0,70,,,,,
Tangerang,Tangerang Pasir Jaya,2026-05-14 07:00:00,105,105,53,,59,63,0,65,,,,,
Bekasi,Bekasi Kayuringin,2026-05-14 07:00:00,76,76,43,,54,13,0,2,,,,,
Jakarta,The Pakubuwono Menteng,2026-05-14 07:21:25,131,131,53,90,,,,,53,30.4,,,
Depok,Cinere - Nafas,2026-05-14 07:21:16,163,163,66,137,,,,,0,0,,,
Bogor,Kabupaten Bogor Leuwiliang,2026-05-14 07:00:00,78,78,40,,4,10,0,70,,,,,
Tangerang,Tangerang Pasir Jaya,2026-05-14 07:00:00,105,105,53,,59,63,0,65,,,,,
Bekasi,Bekasi Kayuringin,2026-05-14 07:00:00,76,76,43,,54,13,0,2,,,,,
Jakarta,The Pakubuwono Menteng,2026-05-14 07:21:25,131,131,53,90,,,,,53,30.4,,,
Depok,Cinere - Nafas,2026-05-14 07:21:16,163,163,66,137,,,,,0,0,,,
Bogor,Kabupaten Bogor Leuwiliang,2026-05-14 07:00:00,78,78,40,,4,10,0,70,,,,,
Tangerang,Tangerang Pasir Jaya,2026-05-14 07:00:00,105,105,53,,59,63,0,65,,,,,
Bekasi,Bekasi Kayuringin,2026-05-14 07:00:00,76,76,43,,54,13,0,2,,,,,
Jakarta,The Pakubuwono Menteng,2026-05-14 07:24:25,126,126,51,93,,,,,53,30.5,,,
Depok,Cinere - Nafas,2026-05-14 07:24:16,162,162,65,137,,,,,0,0,,,
Bogor,Kabupaten Bogor Leuwiliang,2026-05-14 07:00:00,78,78,40,,4,10,0,70,,,,,
Tangerang,Tangerang Pasir Jaya,2026-05-14 07:00:00,105,105,53,,59,63,0,65,,,,,
Bekasi,Bekasi Kayuringin,2026-05-14 07:00:00,76,76,43,,54,13,0,2,,,,,
Jakarta,The Pakubuwono Menteng,2026-05-14 07:24:25,126,126,51,93,,,,,53,30.5,,,
Depok,Cinere - Nafas,2026-05-14 07:24:16,162,162,65,137,,,,,0,0,,,
Bogor,Kabupaten Bogor Leuwiliang,2026-05-14 07:00:00,78,78,40,,4,10,0,70,,,,,
Tangerang,Tangerang Pasir Jaya,2026-05-14 07:00:00,105,105,53,,59,63,0,65,,,,,
Bekasi,Bekasi Kayuringin,2026-05-14 07:00:00,76,76,43,,54,13,0,2,,,,,
Jakarta,The Pakubuwono Menteng,2026-05-14 07:26:25,127,127,52,89,,,,,53,30.4,,,
Depok,Cinere - Nafas,2026-05-14 07:26:16,162,162,66,140,,,,,0,0,,,
Bogor,Kabupaten Bogor Leuwiliang,2026-05-14 07:00:00,78,78,40,,4,10,0,70,,,,,
Tangerang,Tangerang Pasir Jaya,2026-05-14 07:00:00,105,105,53,,59,63,0,65,,,,,
Bekasi,Bekasi Kayuringin,2026-05-14 07:00:00,76,76,43,,54,13,0,2,,,,,
Jakarta,The Pakubuwono Menteng,2026-05-14 07:27:25,126,126,51,89,,,,,53,30.5,,,
Depok,Cinere - Nafas,2026-05-14 07:27:16,163,163,66,134,,,,,0,0,,,
Bogor,Kabupaten Bogor Leuwiliang,2026-05-14 07:00:00,78,78,40,,4,10,0,70,,,,,
Tangerang,Tangerang Pasir Jaya,2026-05-14 07:00:00,105,105,53,,59,63,0,65,,,,,
Bekasi,Bekasi Kayuringin,2026-05-14 07:00:00,76,76,43,,54,13,0,2,,,,,
Jakarta,The Pakubuwono Menteng,2026-05-14 07:27:25,126,126,51,89,,,,,53,30.5,,,
Depok,Cinere - Nafas,2026-05-14 07:27:16,163,163,66,134,,,,,0,0,,,
Bogor,Kabupaten Bogor Leuwiliang,2026-05-14 07:00:00,78,78,40,,4,10,0,70,,,,,
Tangerang,Tangerang Pasir Jaya,2026-05-14 07:00:00,105,105,53,,59,63,0,65,,,,,
Bekasi,Bekasi Kayuringin,2026-05-14 07:00:00,76,76,43,,54,13,0,2,,,,,
Jakarta,The Pakubuwono Menteng,2026-05-14 07:29:25,130,130,52,90,,,,,53,30.4,,,
Depok,Cinere - Nafas,2026-05-14 07:29:16,163,163,67,137,,,,,0,0,,,
Bogor,Kabupaten Bogor Leuwiliang,2026-05-14 07:00:00,78,78,40,,4,10,0,70,,,,,
Tangerang,Tangerang Pasir Jaya,2026-05-14 07:00:00,105,105,53,,59,63,0,65,,,,,
Bekasi,Bekasi Kayuringin,2026-05-14 07:00:00,76,76,43,,54,13,0,2,,,,,
Jakarta,The Pakubuwono Menteng,2026-05-14 07:31:25,123,123,50,88,,,,,53,30.5,,,
Depok,Cinere - Nafas,2026-05-14 07:31:16,163,163,65,139,,,,,0,0,,,
Bogor,Kabupaten Bogor Leuwiliang,2026-05-14 07:00:00,78,78,40,,4,10,0,70,,,,,
Tangerang,Tangerang Pasir Jaya,2026-05-14 07:00:00,105,105,53,,59,63,0,65,,,,,
Bekasi,Bekasi Kayuringin,2026-05-14 07:00:00,76,76,43,,54,13,0,2,,,,,
Jakarta,The Pakubuwono Menteng,2026-05-14 07:31:25,123,123,50,88,,,,,53,30.5,,,
Depok,Cinere - Nafas,2026-05-14 07:31:16,163,163,65,139,,,,,0,0,,,
Bogor,Kabupaten Bogor Leuwiliang,2026-05-14 07:00:00,78,78,40,,4,10,0,70,,,,,
Tangerang,Tangerang Pasir Jaya,2026-05-14 07:00:00,105,105,53,,59,63,0,65,,,,,
Bekasi,Bekasi Kayuringin,2026-05-14 07:00:00,76,76,43,,54,13,0,2,,,,,
Jakarta,The Pakubuwono Menteng,2026-05-14 07:32:25,128,128,52,89,,,,,53,30.4,,,
Depok,Cinere - Nafas,2026-05-14 07:32:16,164,164,67,141,,,,,0,0,,,
Bogor,Kabupaten Bogor Leuwiliang,2026-05-14 07:00:00,78,78,40,,4,10,0,70,,,,,
Tangerang,Tangerang Pasir Jaya,2026-05-14 07:00:00,105,105,53,,59,63,0,65,,,,,
Bekasi,Bekasi Kayuringin,2026-05-14 07:00:00,76,76,43,,54,13,0,2,,,,,
Jakarta,The Pakubuwono Menteng,2026-05-14 07:34:25,128,128,51,90,,,,,53,30.5,,,
Depok,Cinere - Nafas,2026-05-14 07:35:16,164,164,66,143,,,,,0,0,,,
Bogor,Kabupaten Bogor Leuwiliang,2026-05-14 07:00:00,78,78,40,,4,10,0,70,,,,,
Tangerang,Tangerang Pasir Jaya,2026-05-14 07:00:00,105,105,53,,59,63,0,65,,,,,
Bekasi,Bekasi Kayuringin,2026-05-14 07:00:00,76,76,43,,54,13,0,2,,,,,
Jakarta,The Pakubuwono Menteng,2026-05-14 07:35:26,128,128,52,90,,,,,53,30.4,,,
Depok,Cinere - Nafas,2026-05-14 07:35:16,164,164,66,143,,,,,0,0,,,
Bogor,Kabupaten Bogor Leuwiliang,2026-05-14 07:00:00,78,78,40,,4,10,0,70,,,,,
Tangerang,Tangerang Pasir Jaya,2026-05-14 07:00:00,105,105,53,,59,63,0,65,,,,,
Bekasi,Bekasi Kayuringin,2026-05-14 07:00:00,76,76,43,,54,13,0,2,,,,,
Jakarta,The Pakubuwono Menteng,2026-05-14 07:37:25,131,131,52,91,,,,,53,30.5,,,
Depok,Cinere - Nafas,2026-05-14 07:37:16,163,163,66,143,,,,,0,0,,,
Bogor,Kabupaten Bogor Leuwiliang,2026-05-14 07:00:00,78,78,40,,4,10,0,70,,,,,
Tangerang,Tangerang Pasir Jaya,2026-05-14 07:00:00,105,105,53,,59,63,0,65,,,,,
Bekasi,Bekasi Kayuringin,2026-05-14 07:00:00,76,76,43,,54,13,0,2,,,,,
Jakarta,The Pakubuwono Menteng,2026-05-14 07:39:25,135,135,53,93,,,,,53,30.4,,,
Depok,Cinere - Nafas,2026-05-14 07:39:16,163,163,66,135,,,,,0,0,,,
Bogor,Kabupaten Bogor Leuwiliang,2026-05-14 07:00:00,78,78,40,,4,10,0,70,,,,,
Tangerang,Tangerang Pasir Jaya,2026-05-14 07:00:00,105,105,53,,59,63,0,65,,,,,
Bekasi,Bekasi Kayuringin,2026-05-14 07:00:00,76,76,43,,54,13,0,2,,,,,
Jakarta,The Pakubuwono Menteng,2026-05-14 07:39:25,135,135,53,93,,,,,53,30.4,,,
Depok,Cinere - Nafas,2026-05-14 07:39:16,163,163,66,135,,,,,0,0,,,
Bogor,Kabupaten Bogor Leuwiliang,2026-05-14 07:00:00,78,78,40,,4,10,0,70,,,,,
Tangerang,Tangerang Pasir Jaya,2026-05-14 07:00:00,105,105,53,,59,63,0,65,,,,,
Bekasi,Bekasi Kayuringin,2026-05-14 07:00:00,76,76,43,,54,13,0,2,,,,,
Jakarta,The Pakubuwono Menteng,2026-05-14 07:40:26,135,135,53,95,,,,,53,30.5,,,
Depok,Cinere - Nafas,2026-05-14 07:40:16,165,165,68,143,,,,,0,0,,,
Bogor,Kabupaten Bogor Leuwiliang,2026-05-14 07:00:00,78,78,40,,4,10,0,70,,,,,
Tangerang,Tangerang Pasir Jaya,2026-05-14 07:00:00,105,105,53,,59,63,0,65,,,,,
Bekasi,Bekasi Kayuringin,2026-05-14 07:00:00,76,76,43,,54,13,0,2,,,,,
Jakarta,The Pakubuwono Menteng,2026-05-14 07:40:26,135,135,53,95,,,,,53,30.5,,,
Depok,Cinere - Nafas,2026-05-14 07:40:16,165,165,68,143,,,,,0,0,,,
Bogor,Kabupaten Bogor Leuwiliang,2026-05-14 07:00:00,78,78,40,,4,10,0,70,,,,,
Tangerang,Tangerang Pasir Jaya,2026-05-14 07:00:00,105,105,53,,59,63,0,65,,,,,
Bekasi,Bekasi Kayuringin,2026-05-14 07:00:00,76,76,43,,54,13,0,2,,,,,
Jakarta,The Pakubuwono Menteng,2026-05-14 07:42:25,134,134,53,95,,,,,53,30.4,,,
Depok,Cinere - Nafas,2026-05-14 07:42:16,165,165,67,141,,,,,0,0,,,
Bogor,Kabupaten Bogor Leuwiliang,2026-05-14 07:00:00,78,78,40,,4,10,0,70,,,,,
Tangerang,Tangerang Pasir Jaya,2026-05-14 07:00:00,105,105,53,,59,63,0,65,,,,,
Bekasi,Bekasi Kayuringin,2026-05-14 07:00:00,76,76,43,,54,13,0,2,,,,,
Jakarta,The Pakubuwono Menteng,2026-05-14 07:43:25,131,131,52,94,,,,,53,30.4,,,
Depok,Cinere - Nafas,2026-05-14 07:43:16,162,162,65,140,,,,,0,0,,,
Bogor,Kabupaten Bogor Leuwiliang,2026-05-14 07:00:00,78,78,40,,4,10,0,70,,,,,
Tangerang,Tangerang Pasir Jaya,2026-05-14 07:00:00,105,105,53,,59,63,0,65,,,,,
Bekasi,Bekasi Kayuringin,2026-05-14 07:00:00,76,76,43,,54,13,0,2,,,,,
Jakarta,The Pakubuwono Menteng,2026-05-14 07:43:25,131,131,52,94,,,,,53,30.4,,,
Depok,Cinere - Nafas,2026-05-14 07:46:16,161,161,63,135,,,,,0,0,,,
Bogor,Kabupaten Bogor Leuwiliang,2026-05-14 07:00:00,78,78,40,,4,10,0,70,,,,,
Tangerang,Tangerang Pasir Jaya,2026-05-14 07:00:00,105,105,53,,59,63,0,65,,,,,
Bekasi,Bekasi Kayuringin,2026-05-14 07:00:00,76,76,43,,54,13,0,2,,,,,
Jakarta,The Pakubuwono Menteng,2026-05-14 07:47:25,129,129,52,94,,,,,53,30.4,,,
Depok,Cinere - Nafas,2026-05-14 07:47:16,162,162,65,138,,,,,0,0,,,
Bogor,Kabupaten Bogor Leuwiliang,2026-05-14 07:00:00,78,78,40,,4,10,0,70,,,,,
Tangerang,Tangerang Pasir Jaya,2026-05-14 07:00:00,105,105,53,,59,63,0,65,,,,,
Bekasi,Bekasi Kayuringin,2026-05-14 07:00:00,76,76,43,,54,13,0,2,,,,,
Jakarta,The Pakubuwono Menteng,2026-05-14 07:47:25,129,129,52,94,,,,,53,30.4,,,
Depok,Cinere - Nafas,2026-05-14 07:47:16,162,162,65,138,,,,,0,0,,,
Bogor,Kabupaten Bogor Leuwiliang,2026-05-14 07:00:00,78,78,40,,4,10,0,70,,,,,
Tangerang,Tangerang Pasir Jaya,2026-05-14 07:00:00,105,105,53,,59,63,0,65,,,,,
Bekasi,Bekasi Kayuringin,2026-05-14 07:00:00,76,76,43,,54,13,0,2,,,,,
Jakarta,The Pakubuwono Menteng,2026-05-14 07:48:25,135,135,53,94,,,,,53,30.4,,,
Depok,Cinere - Nafas,2026-05-14 07:48:16,162,162,66,140,,,,,0,0,,,
Bogor,Kabupaten Bogor Leuwiliang,2026-05-14 07:00:00,78,78,40,,4,10,0,70,,,,,
Tangerang,Tangerang Pasir Jaya,2026-05-14 07:00:00,105,105,53,,59,63,0,65,,,,,
Bekasi,Bekasi Kayuringin,2026-05-14 07:00:00,76,76,43,,54,13,0,2,,,,,
Jakarta,The Pakubuwono Menteng,2026-05-14 07:48:25,135,135,53,94,,,,,53,30.4,,,
Depok,Cinere - Nafas,2026-05-14 07:48:16,162,162,66,140,,,,,0,0,,,
Bogor,Kabupaten Bogor Leuwiliang,2026-05-14 07:00:00,78,78,40,,4,10,0,70,,,,,
Tangerang,Tangerang Pasir Jaya,2026-05-14 07:00:00,105,105,53,,59,63,0,65,,,,,
Bekasi,Bekasi Kayuringin,2026-05-14 07:00:00,76,76,43,,54,13,0,2,,,,,
Jakarta,The Pakubuwono Menteng,2026-05-14 07:50:26,135,135,53,93,,,,,53,30.4,,,
Depok,Cinere - Nafas,2026-05-14 07:50:16,166,166,69,150,,,,,0,0,,,
Bogor,Kabupaten Bogor Leuwiliang,2026-05-14 07:00:00,78,78,40,,4,10,0,70,,,,,
Tangerang,Tangerang Pasir Jaya,2026-05-14 07:00:00,105,105,53,,59,63,0,65,,,,,
Bekasi,Bekasi Kayuringin,2026-05-14 07:00:00,76,76,43,,54,13,0,2,,,,,
Jakarta,The Pakubuwono Menteng,2026-05-14 07:52:29,136,136,53,96,,,,,53,30.4,,,
Depok,Cinere - Nafas,2026-05-14 07:52:16,167,167,70,149,,,,,0,0,,,
Bogor,Kabupaten Bogor Leuwiliang,2026-05-14 07:00:00,78,78,40,,4,10,0,70,,,,,
Tangerang,Tangerang Pasir Jaya,2026-05-14 07:00:00,105,105,53,,59,63,0,65,,,,,
Bekasi,Bekasi Kayuringin,2026-05-14 07:00:00,76,76,43,,54,13,0,2,,,,,
Jakarta,The Pakubuwono Menteng,2026-05-14 07:52:29,136,136,53,96,,,,,53,30.4,,,
Depok,Cinere - Nafas,2026-05-14 07:52:16,167,167,70,149,,,,,0,0,,,
Bogor,Kabupaten Bogor Leuwiliang,2026-05-14 07:00:00,78,78,40,,4,10,0,70,,,,,
Tangerang,Tangerang Pasir Jaya,2026-05-14 07:00:00,105,105,53,,59,63,0,65,,,,,
Bekasi,Bekasi Kayuringin,2026-05-14 07:00:00,76,76,43,,54,13,0,2,,,,,
Jakarta,The Pakubuwono Menteng,2026-05-14 07:53:29,135,135,53,95,,,,,53,30.3,,,
Depok,Cinere - Nafas,2026-05-14 07:53:16,166,166,69,147,,,,,0,0,,,
Bogor,Kabupaten Bogor Leuwiliang,2026-05-14 07:00:00,78,78,40,,4,10,0,70,,,,,
Tangerang,Tangerang Pasir Jaya,2026-05-14 07:00:00,105,105,53,,59,63,0,65,,,,,
Bekasi,Bekasi Kayuringin,2026-05-14 07:00:00,76,76,43,,54,13,0,2,,,,,
Jakarta,The Pakubuwono Menteng,2026-05-14 07:55:29,140,140,54,97,,,,,53,30.3,,,
Depok,Cinere - Nafas,2026-05-14 07:55:16,167,167,70,151,,,,,0,0,,,
Bogor,Kabupaten Bogor Leuwiliang,2026-05-14 07:00:00,78,78,40,,4,10,0,70,,,,,
Tangerang,Tangerang Pasir Jaya,2026-05-14 07:00:00,105,105,53,,59,63,0,65,,,,,
Bekasi,Bekasi Kayuringin,2026-05-14 07:00:00,76,76,43,,54,13,0,2,,,,,
Jakarta,The Pakubuwono Menteng,2026-05-14 07:57:29,135,135,53,93,,,,,53,30.3,,,
Depok,Cinere - Nafas,2026-05-14 07:57:16,166,166,69,149,,,,,0,0,,,
Bogor,Kabupaten Bogor Leuwiliang,2026-05-14 07:00:00,78,78,40,,4,10,0,70,,,,,
Tangerang,Tangerang Pasir Jaya,2026-05-14 07:00:00,105,105,53,,59,63,0,65,,,,,
Bekasi,Bekasi Kayuringin,2026-05-14 07:00:00,76,76,43,,54,13,0,2,,,,,
Jakarta,The Pakubuwono Menteng,2026-05-14 07:59:29,136,136,53,94,,,,,54,30.3,,,
Depok,Cinere - Nafas,2026-05-14 07:59:16,169,169,72,152,,,,,0,0,,,
Bogor,Kabupaten Bogor Leuwiliang,2026-05-14 07:00:00,78,78,40,,4,10,0,70,,,,,
Tangerang,Tangerang Pasir Jaya,2026-05-14 07:00:00,105,105,53,,59,63,0,65,,,,,
Bekasi,Bekasi Kayuringin,2026-05-14 07:00:00,76,76,43,,54,13,0,2,,,,,
Jakarta,The Pakubuwono Menteng,2026-05-14 07:59:29,136,136,53,94,,,,,54,30.3,,,
Depok,Cinere - Nafas,2026-05-14 07:59:16,169,169,72,152,,,,,0,0,,,
Bogor,Kabupaten Bogor Leuwiliang,2026-05-14 07:00:00,78,78,40,,4,10,0,70,,,,,
Tangerang,Tangerang Pasir Jaya,2026-05-14 07:00:00,105,105,53,,59,63,0,65,,,,,
Bekasi,Bekasi Kayuringin,2026-05-14 07:00:00,76,76,43,,54,13,0,2,,,,,
Jakarta,The Pakubuwono Menteng,2026-05-14 08:00:29,137,137,54,95,,,,,54,30.3,,,
Depok,Cinere - Nafas,2026-05-14 08:00:16,168,168,71,151,,,,,0,0,,,
Bogor,Kabupaten Bogor Leuwiliang,2026-05-14 07:00:00,78,78,40,,4,10,0,70,,,,,
Tangerang,Tangerang Pasir Jaya,2026-05-14 07:00:00,105,105,53,,59,63,0,65,,,,,
Bekasi,Bekasi Kayuringin,2026-05-14 07:00:00,76,76,43,,54,13,0,2,,,,,
Jakarta,The Pakubuwono Menteng,2026-05-14 08:00:29,137,137,54,95,,,,,54,30.3,,,
Depok,Cinere - Nafas,2026-05-14 08:00:16,168,168,71,151,,,,,0,0,,,
Bogor,Kabupaten Bogor Leuwiliang,2026-05-14 07:00:00,78,78,40,,4,10,0,70,,,,,
Tangerang,Tangerang Pasir Jaya,2026-05-14 07:00:00,105,105,53,,59,63,0,65,,,,,
Bekasi,Bekasi Kayuringin,2026-05-14 07:00:00,76,76,43,,54,13,0,2,,,,,
Jakarta,The Pakubuwono Menteng,2026-05-14 08:02:31,137,137,54,95,,,,,53,30.3,,,
Depok,Cinere - Nafas,2026-05-14 08:03:16,167,167,71,151,,,,,0,0,,,
Bogor,Kabupaten Bogor Leuwiliang,2026-05-14 07:00:00,78,78,40,,4,10,0,70,,,,,
Tangerang,Tangerang Pasir Jaya,2026-05-14 07:00:00,105,105,53,,59,63,0,65,,,,,
Bekasi,Bekasi Kayuringin,2026-05-14 07:00:00,76,76,43,,54,13,0,2,,,,,
Jakarta,The Pakubuwono Menteng,2026-05-14 08:03:29,135,135,53,96,,,,,53,30.3,,,
Depok,Cinere - Nafas,2026-05-14 08:04:16,168,168,71,151,,,,,0,0,,,
Bogor,Kabupaten Bogor Leuwiliang,2026-05-14 07:00:00,78,78,40,,4,10,0,70,,,,,
Tangerang,Tangerang Pasir Jaya,2026-05-14 07:00:00,105,105,53,,59,63,0,65,,,,,
Bekasi,Bekasi Kayuringin,2026-05-14 07:00:00,76,76,43,,54,13,0,2,,,,,
Jakarta,The Pakubuwono Menteng,2026-05-14 08:03:29,135,135,53,96,,,,,53,30.3,,,
Depok,Cinere - Nafas,2026-05-14 08:04:16,168,168,71,151,,,,,0,0,,,
Bogor,Kabupaten Bogor Leuwiliang,2026-05-14 07:00:00,78,78,40,,4,10,0,70,,,,,
Tangerang,Tangerang Pasir Jaya,2026-05-14 07:00:00,105,105,53,,59,63,0,65,,,,,
Bekasi,Bekasi Kayuringin,2026-05-14 07:00:00,76,76,43,,54,13,0,2,,,,,
Jakarta,The Pakubuwono Menteng,2026-05-14 08:06:29,138,138,54,97,,,,,53,30.3,,,
Depok,Cinere - Nafas,2026-05-14 08:06:16,168,168,71,150,,,,,0,0,,,
Bogor,Kabupaten Bogor Leuwiliang,2026-05-14 08:00:00,77,77,40,,4,10,0,70,,,,,
Tangerang,Tangerang Pasir Jaya,2026-05-14 08:00:00,105,105,52,,59,63,0,65,,,,,
Bekasi,Bekasi Kayuringin,2026-05-14 08:00:00,81,81,44,,55,13,0,2,,,,,
Jakarta,The Pakubuwono Menteng,2026-05-14 08:07:29,140,140,56,99,,,,,53,30.3,,,
Depok,Cinere - Nafas,2026-05-14 08:07:16,167,167,70,150,,,,,0,0,,,
Bogor,Kabupaten Bogor Leuwiliang,2026-05-14 08:00:00,77,77,40,,4,10,0,70,,,,,
Tangerang,Tangerang Pasir Jaya,2026-05-14 08:00:00,105,105,52,,59,63,0,65,,,,,
Bekasi,Bekasi Kayuringin,2026-05-14 08:00:00,81,81,44,,55,13,0,2,,,,,
Jakarta,The Pakubuwono Menteng,2026-05-14 08:09:29,138,138,54,96,,,,,54,30.4,,,
Depok,Cinere - Nafas,2026-05-14 08:09:16,169,169,73,152,,,,,0,0,,,
Bogor,Kabupaten Bogor Leuwiliang,2026-05-14 08:00:00,77,77,40,,4,10,0,70,,,,,
Tangerang,Tangerang Pasir Jaya,2026-05-14 08:00:00,105,105,52,,59,63,0,65,,,,,
Bekasi,Bekasi Kayuringin,2026-05-14 08:00:00,81,81,44,,55,13,0,2,,,,,
Jakarta,The Pakubuwono Menteng,2026-05-14 08:10:29,136,136,55,95,,,,,53,30.3,,,
Depok,Cinere - Nafas,2026-05-14 08:10:16,168,168,72,151,,,,,0,0,,,
Bogor,Kabupaten Bogor Leuwiliang,2026-05-14 08:00:00,77,77,40,,4,10,0,70,,,,,
Tangerang,Tangerang Pasir Jaya,2026-05-14 08:00:00,105,105,52,,59,63,0,65,,,,,
Bekasi,Bekasi Kayuringin,2026-05-14 08:00:00,81,81,44,,55,13,0,2,,,,,
Jakarta,The Pakubuwono Menteng,2026-05-14 08:10:29,136,136,55,95,,,,,53,30.3,,,
Depok,Cinere - Nafas,2026-05-14 08:10:16,168,168,72,151,,,,,0,0,,,
Bogor,Kabupaten Bogor Leuwiliang,2026-05-14 08:00:00,77,77,40,,4,10,0,70,,,,,
Tangerang,Tangerang Pasir Jaya,2026-05-14 08:00:00,105,105,52,,59,63,0,65,,,,,
Bekasi,Bekasi Kayuringin,2026-05-14 08:00:00,81,81,44,,55,13,0,2,,,,,
Jakarta,The Pakubuwono Menteng,2026-05-14 08:11:29,140,140,54,95,,,,,53,30.4,,,
Depok,Cinere - Nafas,2026-05-14 08:11:16,169,169,72,151,,,,,0,0,,,
Bogor,Kabupaten Bogor Leuwiliang,2026-05-14 08:00:00,77,77,40,,4,10,0,70,,,,,
Tangerang,Tangerang Pasir Jaya,2026-05-14 08:00:00,105,105,52,,59,63,0,65,,,,,
Bekasi,Bekasi Kayuringin,2026-05-14 08:00:00,81,81,44,,55,13,0,2,,,,,
Jakarta,The Pakubuwono Menteng,2026-05-14 08:11:29,140,140,54,95,,,,,53,30.4,,,
Depok,Cinere - Nafas,2026-05-14 08:11:16,169,169,72,151,,,,,0,0,,,
Bogor,Kabupaten Bogor Leuwiliang,2026-05-14 08:00:00,77,77,40,,4,10,0,70,,,,,
Tangerang,Tangerang Pasir Jaya,2026-05-14 08:00:00,105,105,52,,59,63,0,65,,,,,
Bekasi,Bekasi Kayuringin,2026-05-14 08:00:00,81,81,44,,55,13,0,2,,,,,
Jakarta,The Pakubuwono Menteng,2026-05-14 08:13:29,138,138,53,96,,,,,53,30.4,,,
Depok,Cinere - Nafas,2026-05-14 08:13:17,166,166,70,150,,,,,0,0,,,
Bogor,Kabupaten Bogor Leuwiliang,2026-05-14 08:00:00,77,77,40,,4,10,0,70,,,,,
Tangerang,Tangerang Pasir Jaya,2026-05-14 08:00:00,105,105,52,,59,63,0,65,,,,,
Bekasi,Bekasi Kayuringin,2026-05-14 08:00:00,81,81,44,,55,13,0,2,,,,,
Jakarta,The Pakubuwono Menteng,2026-05-14 08:15:30,136,136,53,95,,,,,53,30.4,,,
Depok,Cinere - Nafas,2026-05-14 08:16:17,166,166,70,149,,,,,0,0,,,
Bogor,Kabupaten Bogor Leuwiliang,2026-05-14 08:00:00,77,77,40,,4,10,0,70,,,,,
Tangerang,Tangerang Pasir Jaya,2026-05-14 08:00:00,105,105,52,,59,63,0,65,,,,,
Bekasi,Bekasi Kayuringin,2026-05-14 08:00:00,81,81,44,,55,13,0,2,,,,,
Jakarta,The Pakubuwono Menteng,2026-05-14 08:15:30,136,136,53,95,,,,,53,30.4,,,
Depok,Cinere - Nafas,2026-05-14 08:16:17,166,166,70,149,,,,,0,0,,,
Bogor,Kabupaten Bogor Leuwiliang,2026-05-14 08:00:00,77,77,40,,4,10,0,70,,,,,
Tangerang,Tangerang Pasir Jaya,2026-05-14 08:00:00,105,105,52,,59,63,0,65,,,,,
Bekasi,Bekasi Kayuringin,2026-05-14 08:00:00,81,81,44,,55,13,0,2,,,,,
Jakarta,The Pakubuwono Menteng,2026-05-14 08:16:30,135,135,53,95,,,,,53,30.4,,,
Depok,Cinere - Nafas,2026-05-14 08:17:16,165,165,68,149,,,,,0,0,,,
Bogor,Kabupaten Bogor Leuwiliang,2026-05-14 08:00:00,77,77,40,,4,10,0,70,,,,,
Tangerang,Tangerang Pasir Jaya,2026-05-14 08:00:00,105,105,52,,59,63,0,65,,,,,
Bekasi,Bekasi Kayuringin,2026-05-14 08:00:00,81,81,44,,55,13,0,2,,,,,
Jakarta,The Pakubuwono Menteng,2026-05-14 08:20:30,130,130,52,93,,,,,53,30.5,,,
Depok,Cinere - Nafas,2026-05-14 08:20:16,167,167,70,151,,,,,0,0,,,
Bogor,Kabupaten Bogor Leuwiliang,2026-05-14 08:00:00,77,77,40,,4,10,0,70,,,,,
Tangerang,Tangerang Pasir Jaya,2026-05-14 08:00:00,105,105,52,,59,63,0,65,,,,,
Bekasi,Bekasi Kayuringin,2026-05-14 08:00:00,81,81,44,,55,13,0,2,,,,,
Jakarta,The Pakubuwono Menteng,2026-05-14 08:21:30,129,129,52,91,,,,,53,30.5,,,
Depok,Cinere - Nafas,2026-05-14 08:21:17,170,170,72,151,,,,,0,0,,,
Bogor,Kabupaten Bogor Leuwiliang,2026-05-14 08:00:00,77,77,40,,4,10,0,70,,,,,
Tangerang,Tangerang Pasir Jaya,2026-05-14 08:00:00,105,105,52,,59,63,0,65,,,,,
Bekasi,Bekasi Kayuringin,2026-05-14 08:00:00,81,81,44,,55,13,0,2,,,,,
Jakarta,The Pakubuwono Menteng,2026-05-14 08:21:30,129,129,52,91,,,,,53,30.5,,,
Depok,Cinere - Nafas,2026-05-14 08:21:17,170,170,72,151,,,,,0,0,,,
Bogor,Kabupaten Bogor Leuwiliang,2026-05-14 08:00:00,77,77,40,,4,10,0,70,,,,,
Tangerang,Tangerang Pasir Jaya,2026-05-14 08:00:00,105,105,52,,59,63,0,65,,,,,
Bekasi,Bekasi Kayuringin,2026-05-14 08:00:00,81,81,44,,55,13,0,2,,,,,
Jakarta,The Pakubuwono Menteng,2026-05-14 08:21:30,129,129,52,91,,,,,53,30.5,,,
Depok,Cinere - Nafas,2026-05-14 08:21:17,170,170,72,151,,,,,0,0,,,
Bogor,Kabupaten Bogor Leuwiliang,2026-05-14 08:00:00,77,77,40,,4,10,0,70,,,,,
Tangerang,Tangerang Pasir Jaya,2026-05-14 08:00:00,105,105,52,,59,63,0,65,,,,,
Bekasi,Bekasi Kayuringin,2026-05-14 08:00:00,81,81,44,,55,13,0,2,,,,,
Jakarta,The Pakubuwono Menteng,2026-05-14 08:24:30,131,131,52,93,,,,,53,30.6,,,
Depok,Cinere - Nafas,2026-05-14 08:24:17,165,165,67,147,,,,,0,0,,,
Bogor,Kabupaten Bogor Leuwiliang,2026-05-14 08:00:00,77,77,40,,4,10,0,70,,,,,
Tangerang,Tangerang Pasir Jaya,2026-05-14 08:00:00,105,105,52,,59,63,0,65,,,,,
Bekasi,Bekasi Kayuringin,2026-05-14 08:00:00,81,81,44,,55,13,0,2,,,,,
Jakarta,The Pakubuwono Menteng,2026-05-14 08:24:30,131,131,52,93,,,,,53,30.6,,,
Depok,Cinere - Nafas,2026-05-14 08:24:17,165,165,67,147,,,,,0,0,,,
Bogor,Kabupaten Bogor Leuwiliang,2026-05-14 08:00:00,77,77,40,,4,10,0,70,,,,,
Tangerang,Tangerang Pasir Jaya,2026-05-14 08:00:00,105,105,52,,59,63,0,65,,,,,
Bekasi,Bekasi Kayuringin,2026-05-14 08:00:00,81,81,44,,55,13,0,2,,,,,
Jakarta,The Pakubuwono Menteng,2026-05-14 08:24:30,131,131,52,93,,,,,53,30.6,,,
Depok,Cinere - Nafas,2026-05-14 08:24:17,165,165,67,147,,,,,0,0,,,
Bogor,Kabupaten Bogor Leuwiliang,2026-05-14 08:00:00,77,77,40,,4,10,0,70,,,,,
Tangerang,Tangerang Pasir Jaya,2026-05-14 08:00:00,105,105,52,,59,63,0,65,,,,,
Bekasi,Bekasi Kayuringin,2026-05-14 08:00:00,81,81,44,,55,13,0,2,,,,,
Jakarta,The Pakubuwono Menteng,2026-05-14 08:28:30,131,131,52,93,,,,,52,30.7,,,
Depok,Cinere - Nafas,2026-05-14 08:28:17,165,165,68,145,,,,,0,0,,,
Bogor,Kabupaten Bogor Leuwiliang,2026-05-14 08:00:00,77,77,40,,4,10,0,70,,,,,
Tangerang,Tangerang Pasir Jaya,2026-05-14 08:00:00,105,105,52,,59,63,0,65,,,,,
Bekasi,Bekasi Kayuringin,2026-05-14 08:00:00,81,81,44,,55,13,0,2,,,,,
Jakarta,The Pakubuwono Menteng,2026-05-14 08:28:30,131,131,52,93,,,,,52,30.7,,,
Depok,Cinere - Nafas,2026-05-14 08:28:17,165,165,68,145,,,,,0,0,,,
Bogor,Kabupaten Bogor Leuwiliang,2026-05-14 08:00:00,77,77,40,,4,10,0,70,,,,,
Tangerang,Tangerang Pasir Jaya,2026-05-14 08:00:00,105,105,52,,59,63,0,65,,,,,
Bekasi,Bekasi Kayuringin,2026-05-14 08:00:00,81,81,44,,55,13,0,2,,,,,
Jakarta,The Pakubuwono Menteng,2026-05-14 08:28:30,131,131,52,93,,,,,52,30.7,,,
Depok,Cinere - Nafas,2026-05-14 08:29:17,166,166,69,143,,,,,0,0,,,
Bogor,Kabupaten Bogor Leuwiliang,2026-05-14 08:00:00,77,77,40,,4,10,0,70,,,,,
Tangerang,Tangerang Pasir Jaya,2026-05-14 08:00:00,105,105,52,,59,63,0,65,,,,,
Bekasi,Bekasi Kayuringin,2026-05-14 08:00:00,81,81,44,,55,13,0,2,,,,,
Jakarta,The Pakubuwono Menteng,2026-05-14 08:29:30,132,132,52,94,,,,,52,30.7,,,
Depok,Cinere - Nafas,2026-05-14 08:29:17,166,166,69,143,,,,,0,0,,,
Bogor,Kabupaten Bogor Leuwiliang,2026-05-14 08:00:00,77,77,40,,4,10,0,70,,,,,
Tangerang,Tangerang Pasir Jaya,2026-05-14 08:00:00,105,105,52,,59,63,0,65,,,,,
Bekasi,Bekasi Kayuringin,2026-05-14 08:00:00,81,81,44,,55,13,0,2,,,,,
Jakarta,The Pakubuwono Menteng,2026-05-14 08:33:30,130,130,52,94,,,,,52,30.8,,,
Depok,Cinere - Nafas,2026-05-14 08:33:17,170,170,73,152,,,,,0,0,,,
Bogor,Kabupaten Bogor Leuwiliang,2026-05-14 08:00:00,77,77,40,,4,10,0,70,,,,,
Tangerang,Tangerang Pasir Jaya,2026-05-14 08:00:00,105,105,52,,59,63,0,65,,,,,
Bekasi,Bekasi Kayuringin,2026-05-14 08:00:00,81,81,44,,55,13,0,2,,,,,
Jakarta,The Pakubuwono Menteng,2026-05-14 08:34:30,128,128,52,92,,,,,52,30.8,,,
Depok,Cinere - Nafas,2026-05-14 08:34:17,168,168,73,150,,,,,0,0,,,
Bogor,Kabupaten Bogor Leuwiliang,2026-05-14 08:00:00,77,77,40,,4,10,0,70,,,,,
Tangerang,Tangerang Pasir Jaya,2026-05-14 08:00:00,105,105,52,,59,63,0,65,,,,,
Bekasi,Bekasi Kayuringin,2026-05-14 08:00:00,81,81,44,,55,13,0,2,,,,,
Jakarta,The Pakubuwono Menteng,2026-05-14 08:34:30,128,128,52,92,,,,,52,30.8,,,
Depok,Cinere - Nafas,2026-05-14 08:34:17,168,168,73,150,,,,,0,0,,,
Bogor,Kabupaten Bogor Leuwiliang,2026-05-14 08:00:00,77,77,40,,4,10,0,70,,,,,
Tangerang,Tangerang Pasir Jaya,2026-05-14 08:00:00,105,105,52,,59,63,0,65,,,,,
Bekasi,Bekasi Kayuringin,2026-05-14 08:00:00,81,81,44,,55,13,0,2,,,,,
Jakarta,The Pakubuwono Menteng,2026-05-14 08:35:30,127,127,51,91,,,,,52,30.8,,,
Depok,Cinere - Nafas,2026-05-14 08:35:17,170,170,73,152,,,,,0,0,,,
Bogor,Kabupaten Bogor Leuwiliang,2026-05-14 08:00:00,77,77,40,,4,10,0,70,,,,,
Tangerang,Tangerang Pasir Jaya,2026-05-14 08:00:00,105,105,52,,59,63,0,65,,,,,
Bekasi,Bekasi Kayuringin,2026-05-14 08:00:00,81,81,44,,55,13,0,2,,,,,
Jakarta,The Pakubuwono Menteng,2026-05-14 08:35:30,127,127,51,91,,,,,52,30.8,,,
Depok,Cinere - Nafas,2026-05-14 08:35:17,170,170,73,152,,,,,0,0,,,
Bogor,Kabupaten Bogor Leuwiliang,2026-05-14 08:00:00,77,77,40,,4,10,0,70,,,,,
Tangerang,Tangerang Pasir Jaya,2026-05-14 08:00:00,105,105,52,,59,63,0,65,,,,,
Bekasi,Bekasi Kayuringin,2026-05-14 08:00:00,81,81,44,,55,13,0,2,,,,,
Jakarta,The Pakubuwono Menteng,2026-05-14 08:37:30,126,126,50,90,,,,,52,30.9,,,
Depok,Cinere - Nafas,2026-05-14 08:37:17,179,179,82,158,,,,,0,0,,,
Bogor,Kabupaten Bogor Leuwiliang,2026-05-14 08:00:00,77,77,40,,4,10,0,70,,,,,
Tangerang,Tangerang Pasir Jaya,2026-05-14 08:00:00,105,105,52,,59,63,0,65,,,,,
Bekasi,Bekasi Kayuringin,2026-05-14 08:00:00,81,81,44,,55,13,0,2,,,,,
Jakarta,The Pakubuwono Menteng,2026-05-14 08:39:30,118,118,49,85,,,,,52,30.9,,,
Depok,Cinere - Nafas,2026-05-14 08:40:17,181,181,83,160,,,,,0,0,,,
Bogor,Kabupaten Bogor Leuwiliang,2026-05-14 08:00:00,77,77,40,,4,10,0,70,,,,,
Tangerang,Tangerang Pasir Jaya,2026-05-14 08:00:00,105,105,52,,59,63,0,65,,,,,
Bekasi,Bekasi Kayuringin,2026-05-14 08:00:00,81,81,44,,55,13,0,2,,,,,
Jakarta,The Pakubuwono Menteng,2026-05-14 08:39:30,118,118,49,85,,,,,52,30.9,,,
Depok,Cinere - Nafas,2026-05-14 08:40:17,181,181,83,160,,,,,0,0,,,
Bogor,Kabupaten Bogor Leuwiliang,2026-05-14 08:00:00,77,77,40,,4,10,0,70,,,,,
Tangerang,Tangerang Pasir Jaya,2026-05-14 08:00:00,105,105,52,,59,63,0,65,,,,,
Bekasi,Bekasi Kayuringin,2026-05-14 08:00:00,81,81,44,,55,13,0,2,,,,,
Jakarta,The Pakubuwono Menteng,2026-05-14 08:42:30,124,124,49,89,,,,,51,31,,,
Depok,Cinere - Nafas,2026-05-14 08:42:17,179,179,81,158,,,,,0,0,,,
Bogor,Kabupaten Bogor Leuwiliang,2026-05-14 08:00:00,77,77,40,,4,10,0,70,,,,,
Tangerang,Tangerang Pasir Jaya,2026-05-14 08:00:00,105,105,52,,59,63,0,65,,,,,
Bekasi,Bekasi Kayuringin,2026-05-14 08:00:00,81,81,44,,55,13,0,2,,,,,
Jakarta,The Pakubuwono Menteng,2026-05-14 08:42:30,124,124,49,89,,,,,51,31,,,
Depok,Cinere - Nafas,2026-05-14 08:42:17,179,179,81,158,,,,,0,0,,,
Bogor,Kabupaten Bogor Leuwiliang,2026-05-14 08:00:00,77,77,40,,4,10,0,70,,,,,
Tangerang,Tangerang Pasir Jaya,2026-05-14 08:00:00,105,105,52,,59,63,0,65,,,,,
Bekasi,Bekasi Kayuringin,2026-05-14 08:00:00,81,81,44,,55,13,0,2,,,,,
Jakarta,The Pakubuwono Menteng,2026-05-14 08:43:30,125,125,49,89,,,,,52,31,,,
Depok,Cinere - Nafas,2026-05-14 08:43:17,185,185,88,162,,,,,0,0,,,
Bogor,Kabupaten Bogor Leuwiliang,2026-05-14 08:00:00,77,77,40,,4,10,0,70,,,,,
Tangerang,Tangerang Pasir Jaya,2026-05-14 08:00:00,105,105,52,,59,63,0,65,,,,,
Bekasi,Bekasi Kayuringin,2026-05-14 08:00:00,81,81,44,,55,13,0,2,,,,,
Jakarta,The Pakubuwono Menteng,2026-05-14 08:46:30,127,127,52,94,,,,,51,31.1,,,
Depok,Cinere - Nafas,2026-05-14 08:46:17,183,183,86,162,,,,,0,0,,,
Bogor,Kabupaten Bogor Leuwiliang,2026-05-14 08:00:00,77,77,40,,4,10,0,70,,,,,
Tangerang,Tangerang Pasir Jaya,2026-05-14 08:00:00,105,105,52,,59,63,0,65,,,,,
Bekasi,Bekasi Kayuringin,2026-05-14 08:00:00,81,81,44,,55,13,0,2,,,,,
Jakarta,The Pakubuwono Menteng,2026-05-14 08:46:30,127,127,52,94,,,,,51,31.1,,,
Depok,Cinere - Nafas,2026-05-14 08:46:17,183,183,86,162,,,,,0,0,,,
Bogor,Kabupaten Bogor Leuwiliang,2026-05-14 08:00:00,77,77,40,,4,10,0,70,,,,,
Tangerang,Tangerang Pasir Jaya,2026-05-14 08:00:00,105,105,52,,59,63,0,65,,,,,
Bekasi,Bekasi Kayuringin,2026-05-14 08:00:00,81,81,44,,55,13,0,2,,,,,
Jakarta,The Pakubuwono Menteng,2026-05-14 08:48:30,122,122,50,88,,,,,51,31.1,,,
Depok,Cinere - Nafas,2026-05-14 08:48:17,178,178,80,157,,,,,0,0,,,
Bogor,Kabupaten Bogor Leuwiliang,2026-05-14 08:00:00,77,77,40,,4,10,0,70,,,,,
Tangerang,Tangerang Pasir Jaya,2026-05-14 08:00:00,105,105,52,,59,63,0,65,,,,,
Bekasi,Bekasi Kayuringin,2026-05-14 08:00:00,81,81,44,,55,13,0,2,,,,,
Jakarta,The Pakubuwono Menteng,2026-05-14 08:48:30,122,122,50,88,,,,,51,31.1,,,
Depok,Cinere - Nafas,2026-05-14 08:48:17,178,178,80,157,,,,,0,0,,,
Bogor,Kabupaten Bogor Leuwiliang,2026-05-14 08:00:00,77,77,40,,4,10,0,70,,,,,
Tangerang,Tangerang Pasir Jaya,2026-05-14 08:00:00,105,105,52,,59,63,0,65,,,,,
Bekasi,Bekasi Kayuringin,2026-05-14 08:00:00,81,81,44,,55,13,0,2,,,,,
Jakarta,The Pakubuwono Menteng,2026-05-14 08:48:30,122,122,50,88,,,,,51,31.1,,,
Depok,Cinere - Nafas,2026-05-14 08:48:17,178,178,80,157,,,,,0,0,,,
Bogor,Kabupaten Bogor Leuwiliang,2026-05-14 08:00:00,77,77,40,,4,10,0,70,,,,,
Tangerang,Tangerang Pasir Jaya,2026-05-14 08:00:00,105,105,52,,59,63,0,65,,,,,
Bekasi,Bekasi Kayuringin,2026-05-14 08:00:00,81,81,44,,55,13,0,2,,,,,
Jakarta,The Pakubuwono Menteng,2026-05-14 08:48:30,122,122,50,88,,,,,51,31.1,,,
Depok,Cinere - Nafas,2026-05-14 08:48:17,178,178,80,157,,,,,0,0,,,
Bogor,Kabupaten Bogor Leuwiliang,2026-05-14 08:00:00,77,77,40,,4,10,0,70,,,,,
Tangerang,Tangerang Pasir Jaya,2026-05-14 08:00:00,105,105,52,,59,63,0,65,,,,,
Bekasi,Bekasi Kayuringin,2026-05-14 08:00:00,81,81,44,,55,13,0,2,,,,,
Jakarta,The Pakubuwono Menteng,2026-05-14 08:48:30,122,122,50,88,,,,,51,31.1,,,
Depok,Cinere - Nafas,2026-05-14 08:48:17,178,178,80,157,,,,,0,0,,,
Bogor,Kabupaten Bogor Leuwiliang,2026-05-14 08:00:00,77,77,40,,4,10,0,70,,,,,
Tangerang,Tangerang Pasir Jaya,2026-05-14 08:00:00,105,105,52,,59,63,0,65,,,,,
Bekasi,Bekasi Kayuringin,2026-05-14 08:00:00,81,81,44,,55,13,0,2,,,,,
Jakarta,The Pakubuwono Menteng,2026-05-14 08:48:30,122,122,50,88,,,,,51,31.1,,,
Depok,Cinere - Nafas,2026-05-14 08:48:17,178,178,80,157,,,,,0,0,,,
Bogor,Kabupaten Bogor Leuwiliang,2026-05-14 08:00:00,77,77,40,,4,10,0,70,,,,,
Tangerang,Tangerang Pasir Jaya,2026-05-14 08:00:00,105,105,52,,59,63,0,65,,,,,
Bekasi,Bekasi Kayuringin,2026-05-14 08:00:00,81,81,44,,55,13,0,2,,,,,
Jakarta,The Pakubuwono Menteng,2026-05-14 08:57:30,130,130,52,92,,,,,50,31.3,,,
Depok,Cinere - Nafas,2026-05-14 08:57:17,158,158,61,130,,,,,0,0,,,
Bogor,Kabupaten Bogor Leuwiliang,2026-05-14 08:00:00,77,77,40,,4,10,0,70,,,,,
Tangerang,Tangerang Pasir Jaya,2026-05-14 08:00:00,105,105,52,,59,63,0,65,,,,,
Bekasi,Bekasi Kayuringin,2026-05-14 08:00:00,81,81,44,,55,13,0,2,,,,,
Jakarta,The Pakubuwono Menteng,2026-05-14 08:57:30,130,130,52,92,,,,,50,31.3,,,
Depok,Cinere - Nafas,2026-05-14 08:57:17,158,158,61,130,,,,,0,0,,,
Bogor,Kabupaten Bogor Leuwiliang,2026-05-14 08:00:00,77,77,40,,4,10,0,70,,,,,
Tangerang,Tangerang Pasir Jaya,2026-05-14 08:00:00,105,105,52,,59,63,0,65,,,,,
Bekasi,Bekasi Kayuringin,2026-05-14 08:00:00,81,81,44,,55,13,0,2,,,,,
Jakarta,The Pakubuwono Menteng,2026-05-14 08:58:30,131,131,52,95,,,,,50,31.3,,,
Depok,Cinere - Nafas,2026-05-14 08:58:17,153,153,58,110,,,,,0,0,,,
Bogor,Kabupaten Bogor Leuwiliang,2026-05-14 08:00:00,77,77,40,,4,10,0,70,,,,,
Tangerang,Tangerang Pasir Jaya,2026-05-14 08:00:00,105,105,52,,59,63,0,65,,,,,
Bekasi,Bekasi Kayuringin,2026-05-14 08:00:00,81,81,44,,55,13,0,2,,,,,
Jakarta,The Pakubuwono Menteng,2026-05-14 08:59:30,126,126,51,91,,,,,50,31.3,,,
Depok,Cinere - Nafas,2026-05-14 08:59:17,138,138,55,97,,,,,0,0,,,
Bogor,Kabupaten Bogor Leuwiliang,2026-05-14 08:00:00,77,77,40,,4,10,0,70,,,,,
Tangerang,Tangerang Pasir Jaya,2026-05-14 08:00:00,105,105,52,,59,63,0,65,,,,,
Bekasi,Bekasi Kayuringin,2026-05-14 08:00:00,81,81,44,,55,13,0,2,,,,,
Jakarta,The Pakubuwono Menteng,2026-05-14 08:59:30,126,126,51,91,,,,,50,31.3,,,
Depok,Cinere - Nafas,2026-05-14 08:59:17,138,138,55,97,,,,,0,0,,,
Bogor,Kabupaten Bogor Leuwiliang,2026-05-14 08:00:00,77,77,40,,4,10,0,70,,,,,
Tangerang,Tangerang Pasir Jaya,2026-05-14 08:00:00,105,105,52,,59,63,0,65,,,,,
Bekasi,Bekasi Kayuringin,2026-05-14 08:00:00,81,81,44,,55,13,0,2,,,,,
Jakarta,The Pakubuwono Menteng,2026-05-14 09:01:30,126,126,51,90,,,,,50,31.3,,,
Depok,Cinere - Nafas,2026-05-14 09:01:17,156,156,60,119,,,,,0,0,,,
Bogor,Kabupaten Bogor Leuwiliang,2026-05-14 08:00:00,77,77,40,,4,10,0,70,,,,,
Tangerang,Tangerang Pasir Jaya,2026-05-14 08:00:00,105,105,52,,59,63,0,65,,,,,
Bekasi,Bekasi Kayuringin,2026-05-14 08:00:00,81,81,44,,55,13,0,2,,,,,
Jakarta,The Pakubuwono Menteng,2026-05-14 09:03:31,123,123,50,89,,,,,50,31.3,,,
Depok,Cinere - Nafas,2026-05-14 09:03:17,157,157,61,126,,,,,0,0,,,
Bogor,Kabupaten Bogor Leuwiliang,2026-05-14 08:00:00,77,77,40,,4,10,0,70,,,,,
Tangerang,Tangerang Pasir Jaya,2026-05-14 08:00:00,105,105,52,,59,63,0,65,,,,,
Bekasi,Bekasi Kayuringin,2026-05-14 08:00:00,81,81,44,,55,13,0,2,,,,,
Jakarta,The Pakubuwono Menteng,2026-05-14 09:03:31,123,123,50,89,,,,,50,31.3,,,
Depok,Cinere - Nafas,2026-05-14 09:05:17,154,154,59,114,,,,,0,0,,,
Bogor,Kabupaten Bogor Leuwiliang,2026-05-14 09:00:00,77,77,40,,4,10,0,70,,,,,
Tangerang,Tangerang Pasir Jaya,2026-05-14 09:00:00,106,106,52,,59,63,0,65,,,,,
Bekasi,Bekasi Kayuringin,2026-05-14 09:00:00,84,84,45,,57,13,0,2,,,,,
Jakarta,The Pakubuwono Menteng,2026-05-14 09:05:31,127,127,51,90,,,,,50,31.4,,,
Depok,Cinere - Nafas,2026-05-14 09:05:17,154,154,59,114,,,,,0,0,,,
Bogor,Kabupaten Bogor Leuwiliang,2026-05-14 09:00:00,77,77,40,,4,10,0,70,,,,,
Tangerang,Tangerang Pasir Jaya,2026-05-14 09:00:00,106,106,52,,59,63,0,65,,,,,
Bekasi,Bekasi Kayuringin,2026-05-14 09:00:00,84,84,45,,57,13,0,2,,,,,
Jakarta,The Pakubuwono Menteng,2026-05-14 09:06:31,125,125,50,89,,,,,50,31.4,,,
Depok,Cinere - Nafas,2026-05-14 09:06:17,152,152,59,111,,,,,0,0,,,
Bogor,Kabupaten Bogor Leuwiliang,2026-05-14 09:00:00,77,77,40,,4,10,0,70,,,,,
Tangerang,Tangerang Pasir Jaya,2026-05-14 09:00:00,106,106,52,,59,63,0,65,,,,,
Bekasi,Bekasi Kayuringin,2026-05-14 09:00:00,84,84,45,,57,13,0,2,,,,,
Jakarta,The Pakubuwono Menteng,2026-05-14 09:08:31,118,118,48,86,,,,,49,31.4,,,
Depok,Cinere - Nafas,2026-05-14 09:09:17,139,139,55,99,,,,,0,0,,,
Bogor,Kabupaten Bogor Leuwiliang,2026-05-14 09:00:00,77,77,40,,4,10,0,70,,,,,
Tangerang,Tangerang Pasir Jaya,2026-05-14 09:00:00,106,106,52,,59,63,0,65,,,,,
Bekasi,Bekasi Kayuringin,2026-05-14 09:00:00,84,84,45,,57,13,0,2,,,,,
Jakarta,The Pakubuwono Menteng,2026-05-14 09:08:31,118,118,48,86,,,,,49,31.4,,,
Depok,Cinere - Nafas,2026-05-14 09:09:17,139,139,55,99,,,,,0,0,,,
Bogor,Kabupaten Bogor Leuwiliang,2026-05-14 09:00:00,77,77,40,,4,10,0,70,,,,,
Tangerang,Tangerang Pasir Jaya,2026-05-14 09:00:00,106,106,52,,59,63,0,65,,,,,
Bekasi,Bekasi Kayuringin,2026-05-14 09:00:00,84,84,45,,57,13,0,2,,,,,
Jakarta,The Pakubuwono Menteng,2026-05-14 09:09:31,114,114,44,82,,,,,49,31.4,,,
Depok,Cinere - Nafas,2026-05-14 09:10:18,138,138,54,99,,,,,0,0,,,
Bogor,Kabupaten Bogor Leuwiliang,2026-05-14 09:00:00,77,77,40,,4,10,0,70,,,,,
Tangerang,Tangerang Pasir Jaya,2026-05-14 09:00:00,106,106,52,,59,63,0,65,,,,,
Bekasi,Bekasi Kayuringin,2026-05-14 09:00:00,84,84,45,,57,13,0,2,,,,,
Jakarta,The Pakubuwono Menteng,2026-05-14 09:09:31,114,114,44,82,,,,,49,31.4,,,
Depok,Cinere - Nafas,2026-05-14 09:10:18,138,138,54,99,,,,,0,0,,,
Bogor,Kabupaten Bogor Leuwiliang,2026-05-14 09:00:00,77,77,40,,4,10,0,70,,,,,
Tangerang,Tangerang Pasir Jaya,2026-05-14 09:00:00,106,106,52,,59,63,0,65,,,,,
Bekasi,Bekasi Kayuringin,2026-05-14 09:00:00,84,84,45,,57,13,0,2,,,,,
Jakarta,The Pakubuwono Menteng,2026-05-14 09:09:31,114,114,44,82,,,,,49,31.4,,,
Depok,Cinere - Nafas,2026-05-14 09:10:18,138,138,54,99,,,,,0,0,,,
Bogor,Kabupaten Bogor Leuwiliang,2026-05-14 09:00:00,77,77,40,,4,10,0,70,,,,,
Tangerang,Tangerang Pasir Jaya,2026-05-14 09:00:00,106,106,52,,59,63,0,65,,,,,
Bekasi,Bekasi Kayuringin,2026-05-14 09:00:00,84,84,45,,57,13,0,2,,,,,
Jakarta,The Pakubuwono Menteng,2026-05-14 09:14:31,119,119,47,86,,,,,49,31.4,,,
Depok,Cinere - Nafas,2026-05-14 09:14:18,117,117,48,85,,,,,0,0,,,
Bogor,Kabupaten Bogor Leuwiliang,2026-05-14 09:00:00,77,77,40,,4,10,0,70,,,,,
Tangerang,Tangerang Pasir Jaya,2026-05-14 09:00:00,106,106,52,,59,63,0,65,,,,,
Bekasi,Bekasi Kayuringin,2026-05-14 09:00:00,84,84,45,,57,13,0,2,,,,,
Jakarta,The Pakubuwono Menteng,2026-05-14 09:15:31,111,111,42,82,,,,,49,31.5,,,
Depok,Cinere - Nafas,2026-05-14 09:15:18,151,151,57,106,,,,,0,0,,,
Bogor,Kabupaten Bogor Leuwiliang,2026-05-14 09:00:00,77,77,40,,4,10,0,70,,,,,
Tangerang,Tangerang Pasir Jaya,2026-05-14 09:00:00,106,106,52,,59,63,0,65,,,,,
Bekasi,Bekasi Kayuringin,2026-05-14 09:00:00,84,84,45,,57,13,0,2,,,,,
Jakarta,The Pakubuwono Menteng,2026-05-14 09:16:31,101,101,39,79,,,,,48,31.5,,,
Depok,Cinere - Nafas,2026-05-14 09:16:18,152,152,58,113,,,,,0,0,,,
Bogor,Kabupaten Bogor Leuwiliang,2026-05-14 09:00:00,77,77,40,,4,10,0,70,,,,,
Tangerang,Tangerang Pasir Jaya,2026-05-14 09:00:00,106,106,52,,59,63,0,65,,,,,
Bekasi,Bekasi Kayuringin,2026-05-14 09:00:00,84,84,45,,57,13,0,2,,,,,
Jakarta,The Pakubuwono Menteng,2026-05-14 09:18:31,93,93,32,71,,,,,47,31.5,,,
Depok,Cinere - Nafas,2026-05-14 09:18:18,152,152,58,111,,,,,0,0,,,
Bogor,Kabupaten Bogor Leuwiliang,2026-05-14 09:00:00,77,77,40,,4,10,0,70,,,,,
Tangerang,Tangerang Pasir Jaya,2026-05-14 09:00:00,106,106,52,,59,63,0,65,,,,,
Bekasi,Bekasi Kayuringin,2026-05-14 09:00:00,84,84,45,,57,13,0,2,,,,,
Jakarta,The Pakubuwono Menteng,2026-05-14 09:18:31,93,93,32,71,,,,,47,31.5,,,
Depok,Cinere - Nafas,2026-05-14 09:18:18,152,152,58,111,,,,,0,0,,,
Bogor,Kabupaten Bogor Leuwiliang,2026-05-14 09:00:00,77,77,40,,4,10,0,70,,,,,
Tangerang,Tangerang Pasir Jaya,2026-05-14 09:00:00,106,106,52,,59,63,0,65,,,,,
Bekasi,Bekasi Kayuringin,2026-05-14 09:00:00,84,84,45,,57,13,0,2,,,,,
Jakarta,The Pakubuwono Menteng,2026-05-14 09:19:31,94,94,32,72,,,,,47,31.5,,,
Depok,Cinere - Nafas,2026-05-14 09:19:19,152,152,58,108,,,,,0,0,,,
Bogor,Kabupaten Bogor Leuwiliang,2026-05-14 09:00:00,77,77,40,,4,10,0,70,,,,,
Tangerang,Tangerang Pasir Jaya,2026-05-14 09:00:00,106,106,52,,59,63,0,65,,,,,
Bekasi,Bekasi Kayuringin,2026-05-14 09:00:00,84,84,45,,57,13,0,2,,,,,
Jakarta,The Pakubuwono Menteng,2026-05-14 09:21:32,96,96,34,74,,,,,47,31.5,,,
Depok,Cinere - Nafas,2026-05-14 09:21:18,131,131,52,90,,,,,0,0,,,
Bogor,Kabupaten Bogor Leuwiliang,2026-05-14 09:00:00,77,77,40,,4,10,0,70,,,,,
Tangerang,Tangerang Pasir Jaya,2026-05-14 09:00:00,106,106,52,,59,63,0,65,,,,,
Bekasi,Bekasi Kayuringin,2026-05-14 09:00:00,84,84,45,,57,13,0,2,,,,,
Jakarta,The Pakubuwono Menteng,2026-05-14 09:21:32,96,96,34,74,,,,,47,31.5,,,
Depok,Cinere - Nafas,2026-05-14 09:21:18,131,131,52,90,,,,,0,0,,,
Bogor,Kabupaten Bogor Leuwiliang,2026-05-14 09:00:00,77,77,40,,4,10,0,70,,,,,
Tangerang,Tangerang Pasir Jaya,2026-05-14 09:00:00,106,106,52,,59,63,0,65,,,,,
Bekasi,Bekasi Kayuringin,2026-05-14 09:00:00,84,84,45,,57,13,0,2,,,,,
Jakarta,The Pakubuwono Menteng,2026-05-14 09:24:31,101,101,40,75,,,,,47,31.5,,,
Depok,Cinere - Nafas,2026-05-14 09:24:18,127,127,51,89,,,,,0,0,,,
Bogor,Kabupaten Bogor Leuwiliang,2026-05-14 09:00:00,77,77,40,,4,10,0,70,,,,,
Tangerang,Tangerang Pasir Jaya,2026-05-14 09:00:00,106,106,52,,59,63,0,65,,,,,
Bekasi,Bekasi Kayuringin,2026-05-14 09:00:00,84,84,45,,57,13,0,2,,,,,
Jakarta,The Pakubuwono Menteng,2026-05-14 09:25:31,101,101,41,79,,,,,47,31.5,,,
Depok,Cinere - Nafas,2026-05-14 09:26:18,107,107,41,79,,,,,0,0,,,
Bogor,Kabupaten Bogor Leuwiliang,2026-05-14 09:00:00,77,77,40,,4,10,0,70,,,,,
Tangerang,Tangerang Pasir Jaya,2026-05-14 09:00:00,106,106,52,,59,63,0,65,,,,,
Bekasi,Bekasi Kayuringin,2026-05-14 09:00:00,84,84,45,,57,13,0,2,,,,,
Jakarta,The Pakubuwono Menteng,2026-05-14 09:25:31,101,101,41,79,,,,,47,31.5,,,
Depok,Cinere - Nafas,2026-05-14 09:26:18,107,107,41,79,,,,,0,0,,,
Bogor,Kabupaten Bogor Leuwiliang,2026-05-14 09:00:00,77,77,40,,4,10,0,70,,,,,
Tangerang,Tangerang Pasir Jaya,2026-05-14 09:00:00,106,106,52,,59,63,0,65,,,,,
Bekasi,Bekasi Kayuringin,2026-05-14 09:00:00,84,84,45,,57,13,0,2,,,,,
Jakarta,The Pakubuwono Menteng,2026-05-14 09:27:32,99,99,38,76,,,,,48,31.5,,,
Depok,Cinere - Nafas,2026-05-14 09:28:18,110,110,43,83,,,,,0,0,,,
Bogor,Kabupaten Bogor Leuwiliang,2026-05-14 09:00:00,77,77,40,,4,10,0,70,,,,,
Tangerang,Tangerang Pasir Jaya,2026-05-14 09:00:00,106,106,52,,59,63,0,65,,,,,
Bekasi,Bekasi Kayuringin,2026-05-14 09:00:00,84,84,45,,57,13,0,2,,,,,
Jakarta,The Pakubuwono Menteng,2026-05-14 09:28:31,98,98,38,76,,,,,48,31.5,,,
Depok,Cinere - Nafas,2026-05-14 09:29:18,115,115,46,81,,,,,0,0,,,
Bogor,Kabupaten Bogor Leuwiliang,2026-05-14 09:00:00,77,77,40,,4,10,0,70,,,,,
Tangerang,Tangerang Pasir Jaya,2026-05-14 09:00:00,106,106,52,,59,63,0,65,,,,,
Bekasi,Bekasi Kayuringin,2026-05-14 09:00:00,84,84,45,,57,13,0,2,,,,,
Jakarta,The Pakubuwono Menteng,2026-05-14 09:29:31,111,111,42,80,,,,,48,31.6,,,
Depok,Cinere - Nafas,2026-05-14 09:30:18,118,118,45,83,,,,,0,0,,,
Bogor,Kabupaten Bogor Leuwiliang,2026-05-14 09:00:00,77,77,40,,4,10,0,70,,,,,
Tangerang,Tangerang Pasir Jaya,2026-05-14 09:00:00,106,106,52,,59,63,0,65,,,,,
Bekasi,Bekasi Kayuringin,2026-05-14 09:00:00,84,84,45,,57,13,0,2,,,,,
Jakarta,The Pakubuwono Menteng,2026-05-14 09:32:31,111,111,44,83,,,,,48,31.6,,,
Depok,Cinere - Nafas,2026-05-14 09:32:18,113,113,45,84,,,,,0,0,,,
Bogor,Kabupaten Bogor Leuwiliang,2026-05-14 09:00:00,77,77,40,,4,10,0,70,,,,,
Tangerang,Tangerang Pasir Jaya,2026-05-14 09:00:00,106,106,52,,59,63,0,65,,,,,
Bekasi,Bekasi Kayuringin,2026-05-14 09:00:00,84,84,45,,57,13,0,2,,,,,
Jakarta,The Pakubuwono Menteng,2026-05-14 09:32:31,111,111,44,83,,,,,48,31.6,,,
Depok,Cinere - Nafas,2026-05-14 09:32:18,113,113,45,84,,,,,0,0,,,
Bogor,Kabupaten Bogor Leuwiliang,2026-05-14 09:00:00,77,77,40,,4,10,0,70,,,,,
Tangerang,Tangerang Pasir Jaya,2026-05-14 09:00:00,106,106,52,,59,63,0,65,,,,,
Bekasi,Bekasi Kayuringin,2026-05-14 09:00:00,84,84,45,,57,13,0,2,,,,,
Jakarta,The Pakubuwono Menteng,2026-05-14 09:32:31,111,111,44,83,,,,,48,31.6,,,
Depok,Cinere - Nafas,2026-05-14 09:32:18,113,113,45,84,,,,,0,0,,,
Bogor,Kabupaten Bogor Leuwiliang,2026-05-14 09:00:00,77,77,40,,4,10,0,70,,,,,
Tangerang,Tangerang Pasir Jaya,2026-05-14 09:00:00,106,106,52,,59,63,0,65,,,,,
Bekasi,Bekasi Kayuringin,2026-05-14 09:00:00,84,84,45,,57,13,0,2,,,,,
Jakarta,The Pakubuwono Menteng,2026-05-14 09:32:31,111,111,44,83,,,,,48,31.6,,,
Depok,Cinere - Nafas,2026-05-14 09:32:18,113,113,45,84,,,,,0,0,,,
Bogor,Kabupaten Bogor Leuwiliang,2026-05-14 09:00:00,77,77,40,,4,10,0,70,,,,,
Tangerang,Tangerang Pasir Jaya,2026-05-14 09:00:00,106,106,52,,59,63,0,65,,,,,
Bekasi,Bekasi Kayuringin,2026-05-14 09:00:00,84,84,45,,57,13,0,2,,,,,
Jakarta,The Pakubuwono Menteng,2026-05-14 09:34:31,108,108,42,79,,,,,48,31.6,,,
Depok,Cinere - Nafas,2026-05-14 09:34:18,111,111,44,84,,,,,0,0,,,
Bogor,Kabupaten Bogor Leuwiliang,2026-05-14 09:00:00,77,77,40,,4,10,0,70,,,,,
Tangerang,Tangerang Pasir Jaya,2026-05-14 09:00:00,106,106,52,,59,63,0,65,,,,,
Bekasi,Bekasi Kayuringin,2026-05-14 09:00:00,84,84,45,,57,13,0,2,,,,,
Jakarta,The Pakubuwono Menteng,2026-05-14 09:35:31,108,108,41,81,,,,,48,31.7,,,
Depok,Cinere - Nafas,2026-05-14 09:36:18,136,136,54,96,,,,,0,0,,,
Bogor,Kabupaten Bogor Leuwiliang,2026-05-14 09:00:00,77,77,40,,4,10,0,70,,,,,
Tangerang,Tangerang Pasir Jaya,2026-05-14 09:00:00,106,106,52,,59,63,0,65,,,,,
Bekasi,Bekasi Kayuringin,2026-05-14 09:00:00,84,84,45,,57,13,0,2,,,,,
Jakarta,The Pakubuwono Menteng,2026-05-14 09:35:31,108,108,41,81,,,,,48,31.7,,,
Depok,Cinere - Nafas,2026-05-14 09:36:18,136,136,54,96,,,,,0,0,,,
Bogor,Kabupaten Bogor Leuwiliang,2026-05-14 09:00:00,77,77,40,,4,10,0,70,,,,,
Tangerang,Tangerang Pasir Jaya,2026-05-14 09:00:00,106,106,52,,59,63,0,65,,,,,
Bekasi,Bekasi Kayuringin,2026-05-14 09:00:00,84,84,45,,57,13,0,2,,,,,
Jakarta,The Pakubuwono Menteng,2026-05-14 09:37:31,107,107,41,79,,,,,47,31.7,,,
Depok,Cinere - Nafas,2026-05-14 09:37:18,139,139,55,96,,,,,0,0,,,
Bogor,Kabupaten Bogor Leuwiliang,2026-05-14 09:00:00,77,77,40,,4,10,0,70,,,,,
Tangerang,Tangerang Pasir Jaya,2026-05-14 09:00:00,106,106,52,,59,63,0,65,,,,,
Bekasi,Bekasi Kayuringin,2026-05-14 09:00:00,84,84,45,,57,13,0,2,,,,,
Jakarta,The Pakubuwono Menteng,2026-05-14 09:37:31,107,107,41,79,,,,,47,31.7,,,
Depok,Cinere - Nafas,2026-05-14 09:37:18,139,139,55,96,,,,,0,0,,,
Bogor,Kabupaten Bogor Leuwiliang,2026-05-14 09:00:00,77,77,40,,4,10,0,70,,,,,
Tangerang,Tangerang Pasir Jaya,2026-05-14 09:00:00,106,106,52,,59,63,0,65,,,,,
Bekasi,Bekasi Kayuringin,2026-05-14 09:00:00,84,84,45,,57,13,0,2,,,,,
Jakarta,The Pakubuwono Menteng,2026-05-14 09:38:31,108,108,41,78,,,,,47,31.7,,,
Depok,Cinere - Nafas,2026-05-14 09:39:18,143,143,56,97,,,,,0,0,,,
Bogor,Kabupaten Bogor Leuwiliang,2026-05-14 09:00:00,77,77,40,,4,10,0,70,,,,,
Tangerang,Tangerang Pasir Jaya,2026-05-14 09:00:00,106,106,52,,59,63,0,65,,,,,
Bekasi,Bekasi Kayuringin,2026-05-14 09:00:00,84,84,45,,57,13,0,2,,,,,
Jakarta,The Pakubuwono Menteng,2026-05-14 09:43:32,102,102,40,79,,,,,47,31.7,,,
Depok,Cinere - Nafas,2026-05-14 09:43:18,148,148,56,101,,,,,0,0,,,
Bogor,Kabupaten Bogor Leuwiliang,2026-05-14 09:00:00,77,77,40,,4,10,0,70,,,,,
Tangerang,Tangerang Pasir Jaya,2026-05-14 09:00:00,106,106,52,,59,63,0,65,,,,,
Bekasi,Bekasi Kayuringin,2026-05-14 09:00:00,84,84,45,,57,13,0,2,,,,,
Jakarta,The Pakubuwono Menteng,2026-05-14 09:43:32,102,102,40,79,,,,,47,31.7,,,
Depok,Cinere - Nafas,2026-05-14 09:43:18,148,148,56,101,,,,,0,0,,,
Bogor,Kabupaten Bogor Leuwiliang,2026-05-14 09:00:00,77,77,40,,4,10,0,70,,,,,
Tangerang,Tangerang Pasir Jaya,2026-05-14 09:00:00,106,106,52,,59,63,0,65,,,,,
Bekasi,Bekasi Kayuringin,2026-05-14 09:00:00,84,84,45,,57,13,0,2,,,,,
Jakarta,The Pakubuwono Menteng,2026-05-14 09:44:32,98,98,36,74,,,,,47,31.8,,,
Depok,Cinere - Nafas,2026-05-14 09:44:18,138,138,55,96,,,,,0,0,,,
Bogor,Kabupaten Bogor Leuwiliang,2026-05-14 09:00:00,77,77,40,,4,10,0,70,,,,,
Tangerang,Tangerang Pasir Jaya,2026-05-14 09:00:00,106,106,52,,59,63,0,65,,,,,
Bekasi,Bekasi Kayuringin,2026-05-14 09:00:00,84,84,45,,57,13,0,2,,,,,
Jakarta,The Pakubuwono Menteng,2026-05-14 09:47:32,106,106,40,80,,,,,47,31.8,,,
Depok,Cinere - Nafas,2026-05-14 09:47:18,145,145,56,100,,,,,0,0,,,
Bogor,Kabupaten Bogor Leuwiliang,2026-05-14 09:00:00,77,77,40,,4,10,0,70,,,,,
Tangerang,Tangerang Pasir Jaya,2026-05-14 09:00:00,106,106,52,,59,63,0,65,,,,,
Bekasi,Bekasi Kayuringin,2026-05-14 09:00:00,84,84,45,,57,13,0,2,,,,,
Jakarta,The Pakubuwono Menteng,2026-05-14 09:47:32,106,106,40,80,,,,,47,31.8,,,
Depok,Cinere - Nafas,2026-05-14 09:47:18,145,145,56,100,,,,,0,0,,,
Bogor,Kabupaten Bogor Leuwiliang,2026-05-14 09:00:00,77,77,40,,4,10,0,70,,,,,
Tangerang,Tangerang Pasir Jaya,2026-05-14 09:00:00,106,106,52,,59,63,0,65,,,,,
Bekasi,Bekasi Kayuringin,2026-05-14 09:00:00,84,84,45,,57,13,0,2,,,,,
Jakarta,The Pakubuwono Menteng,2026-05-14 09:49:32,110,110,42,81,,,,,46,31.9,,,
Depok,Cinere - Nafas,2026-05-14 09:49:18,143,143,56,98,,,,,0,0,,,
Bogor,Kabupaten Bogor Leuwiliang,2026-05-14 09:00:00,77,77,40,,4,10,0,70,,,,,
Tangerang,Tangerang Pasir Jaya,2026-05-14 09:00:00,106,106,52,,59,63,0,65,,,,,
Bekasi,Bekasi Kayuringin,2026-05-14 09:00:00,84,84,45,,57,13,0,2,,,,,
Jakarta,The Pakubuwono Menteng,2026-05-14 09:51:32,112,112,43,83,,,,,46,31.9,,,
Depok,Cinere - Nafas,2026-05-14 09:51:18,151,151,57,100,,,,,0,0,,,
Bogor,Kabupaten Bogor Leuwiliang,2026-05-14 09:00:00,77,77,40,,4,10,0,70,,,,,
Tangerang,Tangerang Pasir Jaya,2026-05-14 09:00:00,106,106,52,,59,63,0,65,,,,,
Bekasi,Bekasi Kayuringin,2026-05-14 09:00:00,84,84,45,,57,13,0,2,,,,,
Jakarta,The Pakubuwono Menteng,2026-05-14 09:52:32,101,101,40,78,,,,,47,32,,,
Depok,Cinere - Nafas,2026-05-14 09:52:18,151,151,58,105,,,,,0,0,,,
Bogor,Kabupaten Bogor Leuwiliang,2026-05-14 09:00:00,77,77,40,,4,10,0,70,,,,,
Tangerang,Tangerang Pasir Jaya,2026-05-14 09:00:00,106,106,52,,59,63,0,65,,,,,
Bekasi,Bekasi Kayuringin,2026-05-14 09:00:00,84,84,45,,57,13,0,2,,,,,
Jakarta,The Pakubuwono Menteng,2026-05-14 09:54:32,106,106,41,83,,,,,47,32,,,
Depok,Cinere - Nafas,2026-05-14 09:54:18,142,142,55,98,,,,,0,0,,,
Bogor,Kabupaten Bogor Leuwiliang,2026-05-14 09:00:00,77,77,40,,4,10,0,70,,,,,
Tangerang,Tangerang Pasir Jaya,2026-05-14 09:00:00,106,106,52,,59,63,0,65,,,,,
Bekasi,Bekasi Kayuringin,2026-05-14 09:00:00,84,84,45,,57,13,0,2,,,,,
Jakarta,The Pakubuwono Menteng,2026-05-14 09:54:32,106,106,41,83,,,,,47,32,,,
Depok,Cinere - Nafas,2026-05-14 09:54:18,142,142,55,98,,,,,0,0,,,
Bogor,Kabupaten Bogor Leuwiliang,2026-05-14 09:00:00,77,77,40,,4,10,0,70,,,,,
Tangerang,Tangerang Pasir Jaya,2026-05-14 09:00:00,106,106,52,,59,63,0,65,,,,,
Bekasi,Bekasi Kayuringin,2026-05-14 09:00:00,84,84,45,,57,13,0,2,,,,,
Jakarta,The Pakubuwono Menteng,2026-05-14 09:55:32,116,116,46,83,,,,,46,32,,,
Depok,Cinere - Nafas,2026-05-14 09:55:18,141,141,56,99,,,,,0,0,,,
Bogor,Kabupaten Bogor Leuwiliang,2026-05-14 09:00:00,77,77,40,,4,10,0,70,,,,,
Tangerang,Tangerang Pasir Jaya,2026-05-14 09:00:00,106,106,52,,59,63,0,65,,,,,
Bekasi,Bekasi Kayuringin,2026-05-14 09:00:00,84,84,45,,57,13,0,2,,,,,
Jakarta,The Pakubuwono Menteng,2026-05-14 09:55:32,116,116,46,83,,,,,46,32,,,
Depok,Cinere - Nafas,2026-05-14 09:55:18,141,141,56,99,,,,,0,0,,,
Bogor,Kabupaten Bogor Leuwiliang,2026-05-14 09:00:00,77,77,40,,4,10,0,70,,,,,
Tangerang,Tangerang Pasir Jaya,2026-05-14 09:00:00,106,106,52,,59,63,0,65,,,,,
Bekasi,Bekasi Kayuringin,2026-05-14 09:00:00,84,84,45,,57,13,0,2,,,,,
Jakarta,The Pakubuwono Menteng,2026-05-14 09:57:32,112,112,44,84,,,,,46,32.09,,,
Depok,Cinere - Nafas,2026-05-14 09:57:18,147,147,56,100,,,,,0,0,,,
Bogor,Kabupaten Bogor Leuwiliang,2026-05-14 09:00:00,77,77,40,,4,10,0,70,,,,,
Tangerang,Tangerang Pasir Jaya,2026-05-14 09:00:00,106,106,52,,59,63,0,65,,,,,
Bekasi,Bekasi Kayuringin,2026-05-14 09:00:00,84,84,45,,57,13,0,2,,,,,
Jakarta,The Pakubuwono Menteng,2026-05-14 09:59:32,107,107,42,84,,,,,47,32.09,,,
Depok,Cinere - Nafas,2026-05-14 09:59:18,142,142,55,97,,,,,0,0,,,
Bogor,Kabupaten Bogor Leuwiliang,2026-05-14 09:00:00,77,77,40,,4,10,0,70,,,,,
Tangerang,Tangerang Pasir Jaya,2026-05-14 09:00:00,106,106,52,,59,63,0,65,,,,,
Bekasi,Bekasi Kayuringin,2026-05-14 09:00:00,84,84,45,,57,13,0,2,,,,,
Jakarta,The Pakubuwono Menteng,2026-05-14 09:59:32,107,107,42,84,,,,,47,32.09,,,
Depok,Cinere - Nafas,2026-05-14 10:00:18,145,145,57,100,,,,,0,0,,,
Bogor,Kabupaten Bogor Leuwiliang,2026-05-14 09:00:00,77,77,40,,4,10,0,70,,,,,
Tangerang,Tangerang Pasir Jaya,2026-05-14 09:00:00,106,106,52,,59,63,0,65,,,,,
Bekasi,Bekasi Kayuringin,2026-05-14 09:00:00,84,84,45,,57,13,0,2,,,,,
Jakarta,The Pakubuwono Menteng,2026-05-14 10:02:32,113,113,45,84,,,,,47,32.2,,,
Depok,Cinere - Nafas,2026-05-14 10:02:18,140,140,55,99,,,,,0,0,,,
Bogor,Kabupaten Bogor Leuwiliang,2026-05-14 09:00:00,77,77,40,,4,10,0,70,,,,,
Tangerang,Tangerang Pasir Jaya,2026-05-14 09:00:00,106,106,52,,59,63,0,65,,,,,
Bekasi,Bekasi Kayuringin,2026-05-14 09:00:00,84,84,45,,57,13,0,2,,,,,
Jakarta,The Pakubuwono Menteng,2026-05-14 10:04:32,112,112,43,83,,,,,47,32.3,,,
Depok,Cinere - Nafas,2026-05-14 10:04:18,136,136,54,93,,,,,0,0,,,
Bogor,Kabupaten Bogor Leuwiliang,2026-05-14 09:00:00,77,77,40,,4,10,0,70,,,,,
Tangerang,Tangerang Pasir Jaya,2026-05-14 09:00:00,106,106,52,,59,63,0,65,,,,,
Bekasi,Bekasi Kayuringin,2026-05-14 09:00:00,84,84,45,,57,13,0,2,,,,,
Jakarta,The Pakubuwono Menteng,2026-05-14 10:04:32,112,112,43,83,,,,,47,32.3,,,
Depok,Cinere - Nafas,2026-05-14 10:04:18,136,136,54,93,,,,,0,0,,,
Bogor,Kabupaten Bogor Leuwiliang,2026-05-14 09:00:00,77,77,40,,4,10,0,70,,,,,
Tangerang,Tangerang Pasir Jaya,2026-05-14 09:00:00,106,106,52,,59,63,0,65,,,,,
Bekasi,Bekasi Kayuringin,2026-05-14 09:00:00,84,84,45,,57,13,0,2,,,,,
Jakarta,The Pakubuwono Menteng,2026-05-14 10:05:32,118,118,46,87,,,,,46,32.3,,,
Depok,Cinere - Nafas,2026-05-14 10:05:18,135,135,53,94,,,,,0,0,,,
Bogor,Kabupaten Bogor Leuwiliang,2026-05-14 10:00:00,76,76,39,,4,10,0,70,,,,,
Tangerang,Tangerang Pasir Jaya,2026-05-14 10:00:00,105,105,52,,59,63,0,65,,,,,
Bekasi,Bekasi Kayuringin,2026-05-14 10:00:00,84,84,44,,57,13,0,2,,,,,
Jakarta,The Pakubuwono Menteng,2026-05-14 10:05:32,118,118,46,87,,,,,46,32.3,,,
Depok,Cinere - Nafas,2026-05-14 10:05:18,135,135,53,94,,,,,0,0,,,
Bogor,Kabupaten Bogor Leuwiliang,2026-05-14 10:00:00,76,76,39,,4,10,0,70,,,,,
Tangerang,Tangerang Pasir Jaya,2026-05-14 10:00:00,105,105,52,,59,63,0,65,,,,,
Bekasi,Bekasi Kayuringin,2026-05-14 10:00:00,84,84,44,,57,13,0,2,,,,,
Jakarta,The Pakubuwono Menteng,2026-05-14 10:07:32,118,118,46,85,,,,,46,32.3,,,
Depok,Cinere - Nafas,2026-05-14 10:07:18,135,135,53,93,,,,,0,0,,,
Bogor,Kabupaten Bogor Leuwiliang,2026-05-14 10:00:00,76,76,39,,4,10,0,70,,,,,
Tangerang,Tangerang Pasir Jaya,2026-05-14 10:00:00,105,105,52,,59,63,0,65,,,,,
Bekasi,Bekasi Kayuringin,2026-05-14 10:00:00,84,84,44,,57,13,0,2,,,,,
Jakarta,The Pakubuwono Menteng,2026-05-14 10:08:32,125,125,50,88,,,,,46,32.4,,,
Depok,Cinere - Nafas,2026-05-14 10:08:18,130,130,53,91,,,,,0,0,,,
Bogor,Kabupaten Bogor Leuwiliang,2026-05-14 10:00:00,76,76,39,,4,10,0,70,,,,,
Tangerang,Tangerang Pasir Jaya,2026-05-14 10:00:00,105,105,52,,59,63,0,65,,,,,
Bekasi,Bekasi Kayuringin,2026-05-14 10:00:00,84,84,44,,57,13,0,2,,,,,
Jakarta,The Pakubuwono Menteng,2026-05-14 10:10:32,129,129,51,90,,,,,46,32.3,,,
Depok,Cinere - Nafas,2026-05-14 10:10:18,133,133,53,94,,,,,0,0,,,
Bogor,Kabupaten Bogor Leuwiliang,2026-05-14 10:00:00,76,76,39,,4,10,0,70,,,,,
Tangerang,Tangerang Pasir Jaya,2026-05-14 10:00:00,105,105,52,,59,63,0,65,,,,,
Bekasi,Bekasi Kayuringin,2026-05-14 10:00:00,84,84,44,,57,13,0,2,,,,,
Jakarta,The Pakubuwono Menteng,2026-05-14 10:10:32,129,129,51,90,,,,,46,32.3,,,
Depok,Cinere - Nafas,2026-05-14 10:11:18,136,136,53,94,,,,,0,0,,,
Bogor,Kabupaten Bogor Leuwiliang,2026-05-14 10:00:00,76,76,39,,4,10,0,70,,,,,
Tangerang,Tangerang Pasir Jaya,2026-05-14 10:00:00,105,105,52,,59,63,0,65,,,,,
Bekasi,Bekasi Kayuringin,2026-05-14 10:00:00,84,84,44,,57,13,0,2,,,,,
Jakarta,The Pakubuwono Menteng,2026-05-14 10:13:32,128,128,51,92,,,,,46,32.4,,,
Depok,Cinere - Nafas,2026-05-14 10:13:18,133,133,53,94,,,,,0,0,,,
Bogor,Kabupaten Bogor Leuwiliang,2026-05-14 10:00:00,76,76,39,,4,10,0,70,,,,,
Tangerang,Tangerang Pasir Jaya,2026-05-14 10:00:00,105,105,52,,59,63,0,65,,,,,
Bekasi,Bekasi Kayuringin,2026-05-14 10:00:00,84,84,44,,57,13,0,2,,,,,
Jakarta,The Pakubuwono Menteng,2026-05-14 10:13:32,128,128,51,92,,,,,46,32.4,,,
Depok,Cinere - Nafas,2026-05-14 10:13:18,133,133,53,94,,,,,0,0,,,
Bogor,Kabupaten Bogor Leuwiliang,2026-05-14 10:00:00,76,76,39,,4,10,0,70,,,,,
Tangerang,Tangerang Pasir Jaya,2026-05-14 10:00:00,105,105,52,,59,63,0,65,,,,,
Bekasi,Bekasi Kayuringin,2026-05-14 10:00:00,84,84,44,,57,13,0,2,,,,,
Jakarta,The Pakubuwono Menteng,2026-05-14 10:14:32,125,125,50,90,,,,,46,32.4,,,
Depok,Cinere - Nafas,2026-05-14 10:14:18,126,126,52,89,,,,,0,0,,,
Bogor,Kabupaten Bogor Leuwiliang,2026-05-14 10:00:00,76,76,39,,4,10,0,70,,,,,
Tangerang,Tangerang Pasir Jaya,2026-05-14 10:00:00,105,105,52,,59,63,0,65,,,,,
Bekasi,Bekasi Kayuringin,2026-05-14 10:00:00,84,84,44,,57,13,0,2,,,,,
Jakarta,The Pakubuwono Menteng,2026-05-14 10:15:32,128,128,51,94,,,,,46,32.4,,,
Depok,Cinere - Nafas,2026-05-14 10:15:19,124,124,51,87,,,,,0,0,,,
Bogor,Kabupaten Bogor Leuwiliang,2026-05-14 10:00:00,76,76,39,,4,10,0,70,,,,,
Tangerang,Tangerang Pasir Jaya,2026-05-14 10:00:00,105,105,52,,59,63,0,65,,,,,
Bekasi,Bekasi Kayuringin,2026-05-14 10:00:00,84,84,44,,57,13,0,2,,,,,
Jakarta,The Pakubuwono Menteng,2026-05-14 10:15:32,128,128,51,94,,,,,46,32.4,,,
Depok,Cinere - Nafas,2026-05-14 10:15:19,124,124,51,87,,,,,0,0,,,
Bogor,Kabupaten Bogor Leuwiliang,2026-05-14 10:00:00,76,76,39,,4,10,0,70,,,,,
Tangerang,Tangerang Pasir Jaya,2026-05-14 10:00:00,105,105,52,,59,63,0,65,,,,,
Bekasi,Bekasi Kayuringin,2026-05-14 10:00:00,84,84,44,,57,13,0,2,,,,,
Jakarta,The Pakubuwono Menteng,2026-05-14 10:16:32,129,129,51,91,,,,,46,32.4,,,
Depok,Cinere - Nafas,2026-05-14 10:16:18,125,125,50,90,,,,,0,0,,,
Bogor,Kabupaten Bogor Leuwiliang,2026-05-14 10:00:00,76,76,39,,4,10,0,70,,,,,
Tangerang,Tangerang Pasir Jaya,2026-05-14 10:00:00,105,105,52,,59,63,0,65,,,,,
Bekasi,Bekasi Kayuringin,2026-05-14 10:00:00,84,84,44,,57,13,0,2,,,,,
Jakarta,The Pakubuwono Menteng,2026-05-14 10:16:32,129,129,51,91,,,,,46,32.4,,,
Depok,Cinere - Nafas,2026-05-14 10:16:18,125,125,50,90,,,,,0,0,,,
Bogor,Kabupaten Bogor Leuwiliang,2026-05-14 10:00:00,76,76,39,,4,10,0,70,,,,,
Tangerang,Tangerang Pasir Jaya,2026-05-14 10:00:00,105,105,52,,59,63,0,65,,,,,
Bekasi,Bekasi Kayuringin,2026-05-14 10:00:00,84,84,44,,57,13,0,2,,,,,
Jakarta,The Pakubuwono Menteng,2026-05-14 10:16:32,129,129,51,91,,,,,46,32.4,,,
Depok,Cinere - Nafas,2026-05-14 10:16:18,125,125,50,90,,,,,0,0,,,
Bogor,Kabupaten Bogor Leuwiliang,2026-05-14 10:00:00,76,76,39,,4,10,0,70,,,,,
Tangerang,Tangerang Pasir Jaya,2026-05-14 10:00:00,105,105,52,,59,63,0,65,,,,,
Bekasi,Bekasi Kayuringin,2026-05-14 10:00:00,84,84,44,,57,13,0,2,,,,,
Jakarta,The Pakubuwono Menteng,2026-05-14 10:21:32,123,123,50,88,,,,,46,32.4,,,
Depok,Cinere - Nafas,2026-05-14 10:21:18,124,124,51,88,,,,,0,0,,,
Bogor,Kabupaten Bogor Leuwiliang,2026-05-14 10:00:00,76,76,39,,4,10,0,70,,,,,
Tangerang,Tangerang Pasir Jaya,2026-05-14 10:00:00,105,105,52,,59,63,0,65,,,,,
Bekasi,Bekasi Kayuringin,2026-05-14 10:00:00,84,84,44,,57,13,0,2,,,,,
Jakarta,The Pakubuwono Menteng,2026-05-14 10:21:32,123,123,50,88,,,,,46,32.4,,,
Depok,Cinere - Nafas,2026-05-14 10:21:18,124,124,51,88,,,,,0,0,,,
Bogor,Kabupaten Bogor Leuwiliang,2026-05-14 10:00:00,76,76,39,,4,10,0,70,,,,,
Tangerang,Tangerang Pasir Jaya,2026-05-14 10:00:00,105,105,52,,59,63,0,65,,,,,
Bekasi,Bekasi Kayuringin,2026-05-14 10:00:00,84,84,44,,57,13,0,2,,,,,
Jakarta,The Pakubuwono Menteng,2026-05-14 10:22:32,116,116,47,85,,,,,46,32.4,,,
Depok,Cinere - Nafas,2026-05-14 10:22:18,123,123,51,88,,,,,0,0,,,
Bogor,Kabupaten Bogor Leuwiliang,2026-05-14 10:00:00,76,76,39,,4,10,0,70,,,,,
Tangerang,Tangerang Pasir Jaya,2026-05-14 10:00:00,105,105,52,,59,63,0,65,,,,,
Bekasi,Bekasi Kayuringin,2026-05-14 10:00:00,84,84,44,,57,13,0,2,,,,,
Jakarta,The Pakubuwono Menteng,2026-05-14 10:22:32,116,116,47,85,,,,,46,32.4,,,
Depok,Cinere - Nafas,2026-05-14 10:22:18,123,123,51,88,,,,,0,0,,,
Bogor,Kabupaten Bogor Leuwiliang,2026-05-14 10:00:00,76,76,39,,4,10,0,70,,,,,
Tangerang,Tangerang Pasir Jaya,2026-05-14 10:00:00,105,105,52,,59,63,0,65,,,,,
Bekasi,Bekasi Kayuringin,2026-05-14 10:00:00,84,84,44,,57,13,0,2,,,,,
Jakarta,The Pakubuwono Menteng,2026-05-14 10:22:32,116,116,47,85,,,,,46,32.4,,,
Depok,Cinere - Nafas,2026-05-14 10:22:18,123,123,51,88,,,,,0,0,,,
Bogor,Kabupaten Bogor Leuwiliang,2026-05-14 10:00:00,76,76,39,,4,10,0,70,,,,,
Tangerang,Tangerang Pasir Jaya,2026-05-14 10:00:00,105,105,52,,59,63,0,65,,,,,
Bekasi,Bekasi Kayuringin,2026-05-14 10:00:00,84,84,44,,57,13,0,2,,,,,
Jakarta,The Pakubuwono Menteng,2026-05-14 10:27:32,127,127,51,91,,,,,46,32.5,,,
Depok,Cinere - Nafas,2026-05-14 10:27:18,129,129,51,93,,,,,0,0,,,
Bogor,Kabupaten Bogor Leuwiliang,2026-05-14 10:00:00,76,76,39,,4,10,0,70,,,,,
Tangerang,Tangerang Pasir Jaya,2026-05-14 10:00:00,105,105,52,,59,63,0,65,,,,,
Bekasi,Bekasi Kayuringin,2026-05-14 10:00:00,84,84,44,,57,13,0,2,,,,,
Jakarta,The Pakubuwono Menteng,2026-05-14 10:27:32,127,127,51,91,,,,,46,32.5,,,
Depok,Cinere - Nafas,2026-05-14 10:27:18,129,129,51,93,,,,,0,0,,,
Bogor,Kabupaten Bogor Leuwiliang,2026-05-14 10:00:00,76,76,39,,4,10,0,70,,,,,
Tangerang,Tangerang Pasir Jaya,2026-05-14 10:00:00,105,105,52,,59,63,0,65,,,,,
Bekasi,Bekasi Kayuringin,2026-05-14 10:00:00,84,84,44,,57,13,0,2,,,,,
Jakarta,The Pakubuwono Menteng,2026-05-14 10:27:32,127,127,51,91,,,,,46,32.5,,,
Depok,Cinere - Nafas,2026-05-14 10:27:18,129,129,51,93,,,,,0,0,,,
Bogor,Kabupaten Bogor Leuwiliang,2026-05-14 10:00:00,76,76,39,,4,10,0,70,,,,,
Tangerang,Tangerang Pasir Jaya,2026-05-14 10:00:00,105,105,52,,59,63,0,65,,,,,
Bekasi,Bekasi Kayuringin,2026-05-14 10:00:00,84,84,44,,57,13,0,2,,,,,
Jakarta,The Pakubuwono Menteng,2026-05-14 10:27:32,127,127,51,91,,,,,46,32.5,,,
Depok,Cinere - Nafas,2026-05-14 10:27:18,129,129,51,93,,,,,0,0,,,
Bogor,Kabupaten Bogor Leuwiliang,2026-05-14 10:00:00,76,76,39,,4,10,0,70,,,,,
Tangerang,Tangerang Pasir Jaya,2026-05-14 10:00:00,105,105,52,,59,63,0,65,,,,,
Bekasi,Bekasi Kayuringin,2026-05-14 10:00:00,84,84,44,,57,13,0,2,,,,,
Jakarta,The Pakubuwono Menteng,2026-05-14 10:27:32,127,127,51,91,,,,,46,32.5,,,
Depok,Cinere - Nafas,2026-05-14 10:27:18,129,129,51,93,,,,,0,0,,,
Bogor,Kabupaten Bogor Leuwiliang,2026-05-14 10:00:00,76,76,39,,4,10,0,70,,,,,
Tangerang,Tangerang Pasir Jaya,2026-05-14 10:00:00,105,105,52,,59,63,0,65,,,,,
Bekasi,Bekasi Kayuringin,2026-05-14 10:00:00,84,84,44,,57,13,0,2,,,,,
Jakarta,The Pakubuwono Menteng,2026-05-14 10:27:32,127,127,51,91,,,,,46,32.5,,,
Depok,Cinere - Nafas,2026-05-14 10:27:18,129,129,51,93,,,,,0,0,,,
Bogor,Kabupaten Bogor Leuwiliang,2026-05-14 10:00:00,76,76,39,,4,10,0,70,,,,,
Tangerang,Tangerang Pasir Jaya,2026-05-14 10:00:00,105,105,52,,59,63,0,65,,,,,
Bekasi,Bekasi Kayuringin,2026-05-14 10:00:00,84,84,44,,57,13,0,2,,,,,
Jakarta,The Pakubuwono Menteng,2026-05-14 10:27:32,127,127,51,91,,,,,46,32.5,,,
Depok,Cinere - Nafas,2026-05-14 10:27:18,129,129,51,93,,,,,0,0,,,
Bogor,Kabupaten Bogor Leuwiliang,2026-05-14 10:00:00,76,76,39,,4,10,0,70,,,,,
Tangerang,Tangerang Pasir Jaya,2026-05-14 10:00:00,105,105,52,,59,63,0,65,,,,,
Bekasi,Bekasi Kayuringin,2026-05-14 10:00:00,84,84,44,,57,13,0,2,,,,,
Jakarta,The Pakubuwono Menteng,2026-05-14 10:27:32,127,127,51,91,,,,,46,32.5,,,
Depok,Cinere - Nafas,2026-05-14 10:27:18,129,129,51,93,,,,,0,0,,,
Bogor,Kabupaten Bogor Leuwiliang,2026-05-14 10:00:00,76,76,39,,4,10,0,70,,,,,
Tangerang,Tangerang Pasir Jaya,2026-05-14 10:00:00,105,105,52,,59,63,0,65,,,,,
Bekasi,Bekasi Kayuringin,2026-05-14 10:00:00,84,84,44,,57,13,0,2,,,,,
Jakarta,The Pakubuwono Menteng,2026-05-14 10:27:32,127,127,51,91,,,,,46,32.5,,,
Depok,Cinere - Nafas,2026-05-14 10:27:18,129,129,51,93,,,,,0,0,,,
Bogor,Kabupaten Bogor Leuwiliang,2026-05-14 10:00:00,76,76,39,,4,10,0,70,,,,,
Tangerang,Tangerang Pasir Jaya,2026-05-14 10:00:00,105,105,52,,59,63,0,65,,,,,
Bekasi,Bekasi Kayuringin,2026-05-14 10:00:00,84,84,44,,57,13,0,2,,,,,
Jakarta,The Pakubuwono Menteng,2026-05-14 10:27:32,127,127,51,91,,,,,46,32.5,,,
Depok,Cinere - Nafas,2026-05-14 10:27:18,129,129,51,93,,,,,0,0,,,
Bogor,Kabupaten Bogor Leuwiliang,2026-05-14 10:00:00,76,76,39,,4,10,0,70,,,,,
Tangerang,Tangerang Pasir Jaya,2026-05-14 10:00:00,105,105,52,,59,63,0,65,,,,,
Bekasi,Bekasi Kayuringin,2026-05-14 10:00:00,84,84,44,,57,13,0,2,,,,,
Jakarta,The Pakubuwono Menteng,2026-05-14 10:27:32,127,127,51,91,,,,,46,32.5,,,
Depok,Cinere - Nafas,2026-05-14 10:27:18,129,129,51,93,,,,,0,0,,,
Bogor,Kabupaten Bogor Leuwiliang,2026-05-14 10:00:00,76,76,39,,4,10,0,70,,,,,
Tangerang,Tangerang Pasir Jaya,2026-05-14 10:00:00,105,105,52,,59,63,0,65,,,,,
Bekasi,Bekasi Kayuringin,2026-05-14 10:00:00,84,84,44,,57,13,0,2,,,,,
Jakarta,The Pakubuwono Menteng,2026-05-14 10:27:32,127,127,51,91,,,,,46,32.5,,,
Depok,Cinere - Nafas,2026-05-14 10:27:18,129,129,51,93,,,,,0,0,,,
Bogor,Kabupaten Bogor Leuwiliang,2026-05-14 10:00:00,76,76,39,,4,10,0,70,,,,,
Tangerang,Tangerang Pasir Jaya,2026-05-14 10:00:00,105,105,52,,59,63,0,65,,,,,
Bekasi,Bekasi Kayuringin,2026-05-14 10:00:00,84,84,44,,57,13,0,2,,,,,
Jakarta,The Pakubuwono Menteng,2026-05-14 10:27:32,127,127,51,91,,,,,46,32.5,,,
Depok,Cinere - Nafas,2026-05-14 10:27:18,129,129,51,93,,,,,0,0,,,
Bogor,Kabupaten Bogor Leuwiliang,2026-05-14 10:00:00,76,76,39,,4,10,0,70,,,,,
Tangerang,Tangerang Pasir Jaya,2026-05-14 10:00:00,105,105,52,,59,63,0,65,,,,,
Bekasi,Bekasi Kayuringin,2026-05-14 10:00:00,84,84,44,,57,13,0,2,,,,,
Jakarta,The Pakubuwono Menteng,2026-05-14 10:27:32,127,127,51,91,,,,,46,32.5,,,
Depok,Cinere - Nafas,2026-05-14 10:27:18,129,129,51,93,,,,,0,0,,,
Bogor,Kabupaten Bogor Leuwiliang,2026-05-14 10:00:00,76,76,39,,4,10,0,70,,,,,
Tangerang,Tangerang Pasir Jaya,2026-05-14 10:00:00,105,105,52,,59,63,0,65,,,,,
Bekasi,Bekasi Kayuringin,2026-05-14 10:00:00,84,84,44,,57,13,0,2,,,,,
Jakarta,The Pakubuwono Menteng,2026-05-14 10:27:32,127,127,51,91,,,,,46,32.5,,,
Depok,Cinere - Nafas,2026-05-14 10:27:18,129,129,51,93,,,,,0,0,,,
Bogor,Kabupaten Bogor Leuwiliang,2026-05-14 10:00:00,76,76,39,,4,10,0,70,,,,,
Tangerang,Tangerang Pasir Jaya,2026-05-14 10:00:00,105,105,52,,59,63,0,65,,,,,
Bekasi,Bekasi Kayuringin,2026-05-14 10:00:00,84,84,44,,57,13,0,2,,,,,
Jakarta,The Pakubuwono Menteng,2026-05-14 10:45:33,125,125,50,89,,,,,45,32.9,,,
Depok,Cinere - Nafas,2026-05-14 10:46:18,114,114,44,83,,,,,0,0,,,
Bogor,Kabupaten Bogor Leuwiliang,2026-05-14 10:00:00,76,76,39,,4,10,0,70,,,,,
Tangerang,Tangerang Pasir Jaya,2026-05-14 10:00:00,105,105,52,,59,63,0,65,,,,,
Bekasi,Bekasi Kayuringin,2026-05-14 10:00:00,84,84,44,,57,13,0,2,,,,,
Jakarta,The Pakubuwono Menteng,2026-05-14 10:47:33,123,123,50,90,,,,,44,32.9,,,
Depok,Cinere - Nafas,2026-05-14 10:48:18,111,111,44,79,,,,,0,0,,,
Bogor,Kabupaten Bogor Leuwiliang,2026-05-14 10:00:00,76,76,39,,4,10,0,70,,,,,
Tangerang,Tangerang Pasir Jaya,2026-05-14 10:00:00,105,105,52,,59,63,0,65,,,,,
Bekasi,Bekasi Kayuringin,2026-05-14 10:00:00,84,84,44,,57,13,0,2,,,,,
Jakarta,The Pakubuwono Menteng,2026-05-14 10:49:33,124,124,49,89,,,,,44,32.8,,,
Depok,Cinere - Nafas,2026-05-14 10:49:19,110,110,43,82,,,,,0,0,,,
Bogor,Kabupaten Bogor Leuwiliang,2026-05-14 10:00:00,76,76,39,,4,10,0,70,,,,,
Tangerang,Tangerang Pasir Jaya,2026-05-14 10:00:00,105,105,52,,59,63,0,65,,,,,
Bekasi,Bekasi Kayuringin,2026-05-14 10:00:00,84,84,44,,57,13,0,2,,,,,
Jakarta,The Pakubuwono Menteng,2026-05-14 10:49:33,124,124,49,89,,,,,44,32.8,,,
Depok,Cinere - Nafas,2026-05-14 10:49:19,110,110,43,82,,,,,0,0,,,
Bogor,Kabupaten Bogor Leuwiliang,2026-05-14 10:00:00,76,76,39,,4,10,0,70,,,,,
Tangerang,Tangerang Pasir Jaya,2026-05-14 10:00:00,105,105,52,,59,63,0,65,,,,,
Bekasi,Bekasi Kayuringin,2026-05-14 10:00:00,84,84,44,,57,13,0,2,,,,,
Jakarta,The Pakubuwono Menteng,2026-05-14 10:49:33,124,124,49,89,,,,,44,32.8,,,
Depok,Cinere - Nafas,2026-05-14 10:49:19,110,110,43,82,,,,,0,0,,,
Bogor,Kabupaten Bogor Leuwiliang,2026-05-14 10:00:00,76,76,39,,4,10,0,70,,,,,
Tangerang,Tangerang Pasir Jaya,2026-05-14 10:00:00,105,105,52,,59,63,0,65,,,,,
Bekasi,Bekasi Kayuringin,2026-05-14 10:00:00,84,84,44,,57,13,0,2,,,,,
Jakarta,The Pakubuwono Menteng,2026-05-14 10:51:33,118,118,48,88,,,,,44,32.9,,,
Depok,Cinere - Nafas,2026-05-14 10:51:19,111,111,43,83,,,,,0,0,,,
Bogor,Kabupaten Bogor Leuwiliang,2026-05-14 10:00:00,76,76,39,,4,10,0,70,,,,,
Tangerang,Tangerang Pasir Jaya,2026-05-14 10:00:00,105,105,52,,59,63,0,65,,,,,
Bekasi,Bekasi Kayuringin,2026-05-14 10:00:00,84,84,44,,57,13,0,2,,,,,
Jakarta,The Pakubuwono Menteng,2026-05-14 10:51:33,118,118,48,88,,,,,44,32.9,,,
Depok,Cinere - Nafas,2026-05-14 10:51:19,111,111,43,83,,,,,0,0,,,
Bogor,Kabupaten Bogor Leuwiliang,2026-05-14 10:00:00,76,76,39,,4,10,0,70,,,,,
Tangerang,Tangerang Pasir Jaya,2026-05-14 10:00:00,105,105,52,,59,63,0,65,,,,,
Bekasi,Bekasi Kayuringin,2026-05-14 10:00:00,84,84,44,,57,13,0,2,,,,,
Jakarta,The Pakubuwono Menteng,2026-05-14 10:51:33,118,118,48,88,,,,,44,32.9,,,
Depok,Cinere - Nafas,2026-05-14 10:53:19,113,113,45,83,,,,,0,0,,,
Bogor,Kabupaten Bogor Leuwiliang,2026-05-14 10:00:00,76,76,39,,4,10,0,70,,,,,
Tangerang,Tangerang Pasir Jaya,2026-05-14 10:00:00,105,105,52,,59,63,0,65,,,,,
Bekasi,Bekasi Kayuringin,2026-05-14 10:00:00,84,84,44,,57,13,0,2,,,,,
Jakarta,The Pakubuwono Menteng,2026-05-14 10:53:33,124,124,50,89,,,,,43,32.9,,,
Depok,Cinere - Nafas,2026-05-14 10:53:19,113,113,45,83,,,,,0,0,,,
Bogor,Kabupaten Bogor Leuwiliang,2026-05-14 10:00:00,76,76,39,,4,10,0,70,,,,,
Tangerang,Tangerang Pasir Jaya,2026-05-14 10:00:00,105,105,52,,59,63,0,65,,,,,
Bekasi,Bekasi Kayuringin,2026-05-14 10:00:00,84,84,44,,57,13,0,2,,,,,
Jakarta,The Pakubuwono Menteng,2026-05-14 10:53:33,124,124,50,89,,,,,43,32.9,,,
Depok,Cinere - Nafas,2026-05-14 10:53:19,113,113,45,83,,,,,0,0,,,
Bogor,Kabupaten Bogor Leuwiliang,2026-05-14 10:00:00,76,76,39,,4,10,0,70,,,,,
Tangerang,Tangerang Pasir Jaya,2026-05-14 10:00:00,105,105,52,,59,63,0,65,,,,,
Bekasi,Bekasi Kayuringin,2026-05-14 10:00:00,84,84,44,,57,13,0,2,,,,,
Jakarta,The Pakubuwono Menteng,2026-05-14 10:53:33,124,124,50,89,,,,,43,32.9,,,
Depok,Cinere - Nafas,2026-05-14 10:53:19,113,113,45,83,,,,,0,0,,,
Bogor,Kabupaten Bogor Leuwiliang,2026-05-14 10:00:00,76,76,39,,4,10,0,70,,,,,
Tangerang,Tangerang Pasir Jaya,2026-05-14 10:00:00,105,105,52,,59,63,0,65,,,,,
Bekasi,Bekasi Kayuringin,2026-05-14 10:00:00,84,84,44,,57,13,0,2,,,,,
Jakarta,The Pakubuwono Menteng,2026-05-14 10:53:33,124,124,50,89,,,,,43,32.9,,,
Depok,Cinere - Nafas,2026-05-14 10:53:19,113,113,45,83,,,,,0,0,,,
Bogor,Kabupaten Bogor Leuwiliang,2026-05-14 10:00:00,76,76,39,,4,10,0,70,,,,,
Tangerang,Tangerang Pasir Jaya,2026-05-14 10:00:00,105,105,52,,59,63,0,65,,,,,
Bekasi,Bekasi Kayuringin,2026-05-14 10:00:00,84,84,44,,57,13,0,2,,,,,
Jakarta,The Pakubuwono Menteng,2026-05-14 10:53:33,124,124,50,89,,,,,43,32.9,,,
Depok,Cinere - Nafas,2026-05-14 10:53:19,113,113,45,83,,,,,0,0,,,
Bogor,Kabupaten Bogor Leuwiliang,2026-05-14 10:00:00,76,76,39,,4,10,0,70,,,,,
Tangerang,Tangerang Pasir Jaya,2026-05-14 10:00:00,105,105,52,,59,63,0,65,,,,,
Bekasi,Bekasi Kayuringin,2026-05-14 10:00:00,84,84,44,,57,13,0,2,,,,,
Jakarta,The Pakubuwono Menteng,2026-05-14 10:53:33,124,124,50,89,,,,,43,32.9,,,
Depok,Cinere - Nafas,2026-05-14 10:53:19,113,113,45,83,,,,,0,0,,,
Bogor,Kabupaten Bogor Leuwiliang,2026-05-14 10:00:00,76,76,39,,4,10,0,70,,,,,
Tangerang,Tangerang Pasir Jaya,2026-05-14 10:00:00,105,105,52,,59,63,0,65,,,,,
Bekasi,Bekasi Kayuringin,2026-05-14 10:00:00,84,84,44,,57,13,0,2,,,,,
Jakarta,The Pakubuwono Menteng,2026-05-14 10:53:33,124,124,50,89,,,,,43,32.9,,,
Depok,Cinere - Nafas,2026-05-14 10:53:19,113,113,45,83,,,,,0,0,,,
Bogor,Kabupaten Bogor Leuwiliang,2026-05-14 10:00:00,76,76,39,,4,10,0,70,,,,,
Tangerang,Tangerang Pasir Jaya,2026-05-14 10:00:00,105,105,52,,59,63,0,65,,,,,
Bekasi,Bekasi Kayuringin,2026-05-14 10:00:00,84,84,44,,57,13,0,2,,,,,
Jakarta,The Pakubuwono Menteng,2026-05-14 10:53:33,124,124,50,89,,,,,43,32.9,,,
Depok,Cinere - Nafas,2026-05-14 10:53:19,113,113,45,83,,,,,0,0,,,
Bogor,Kabupaten Bogor Leuwiliang,2026-05-14 10:00:00,76,76,39,,4,10,0,70,,,,,
Tangerang,Tangerang Pasir Jaya,2026-05-14 10:00:00,105,105,52,,59,63,0,65,,,,,
Bekasi,Bekasi Kayuringin,2026-05-14 10:00:00,84,84,44,,57,13,0,2,,,,,
Jakarta,The Pakubuwono Menteng,2026-05-14 11:04:33,125,125,50,89,,,,,44,33.3,,,
Depok,Cinere - Nafas,2026-05-14 11:04:19,102,102,40,75,,,,,0,0,,,
Bogor,Kabupaten Bogor Leuwiliang,2026-05-14 11:00:00,75,75,39,,4,10,0,71,,,,,
Tangerang,Tangerang Pasir Jaya,2026-05-14 11:00:00,103,103,51,,59,63,0,65,,,,,
Bekasi,Bekasi Kayuringin,2026-05-14 11:00:00,82,82,43,,55,13,0,2,,,,,
Jakarta,The Pakubuwono Menteng,2026-05-14 11:04:33,125,125,50,89,,,,,44,33.3,,,
Depok,Cinere - Nafas,2026-05-14 11:04:19,102,102,40,75,,,,,0,0,,,
Bogor,Kabupaten Bogor Leuwiliang,2026-05-14 11:00:00,75,75,39,,4,10,0,71,,,,,
Tangerang,Tangerang Pasir Jaya,2026-05-14 11:00:00,103,103,51,,59,63,0,65,,,,,
Bekasi,Bekasi Kayuringin,2026-05-14 11:00:00,82,82,43,,55,13,0,2,,,,,
Jakarta,The Pakubuwono Menteng,2026-05-14 11:07:34,126,126,51,94,,,,,43,33.3,,,
Depok,Cinere - Nafas,2026-05-14 11:08:19,111,111,43,82,,,,,0,0,,,
Bogor,Kabupaten Bogor Leuwiliang,2026-05-14 11:00:00,75,75,39,,4,10,0,71,,,,,
Tangerang,Tangerang Pasir Jaya,2026-05-14 11:00:00,103,103,51,,59,63,0,65,,,,,
Bekasi,Bekasi Kayuringin,2026-05-14 11:00:00,82,82,43,,55,13,0,2,,,,,
Jakarta,The Pakubuwono Menteng,2026-05-14 11:09:34,143,143,55,102,,,,,45,33.4,,,
Depok,Cinere - Nafas,2026-05-14 11:10:19,111,111,43,80,,,,,0,0,,,
Bogor,Kabupaten Bogor Leuwiliang,2026-05-14 11:00:00,75,75,39,,4,10,0,71,,,,,
Tangerang,Tangerang Pasir Jaya,2026-05-14 11:00:00,103,103,51,,59,63,0,65,,,,,
Bekasi,Bekasi Kayuringin,2026-05-14 11:00:00,82,82,43,,55,13,0,2,,,,,
Jakarta,The Pakubuwono Menteng,2026-05-14 11:10:34,145,145,56,101,,,,,45,33.3,,,
Depok,Cinere - Nafas,2026-05-14 11:11:19,112,112,45,80,,,,,0,0,,,
Bogor,Kabupaten Bogor Leuwiliang,2026-05-14 11:00:00,75,75,39,,4,10,0,71,,,,,
Tangerang,Tangerang Pasir Jaya,2026-05-14 11:00:00,103,103,51,,59,63,0,65,,,,,
Bekasi,Bekasi Kayuringin,2026-05-14 11:00:00,82,82,43,,55,13,0,2,,,,,
Jakarta,The Pakubuwono Menteng,2026-05-14 11:12:35,143,143,56,103,,,,,45,33.4,,,
Depok,Cinere - Nafas,2026-05-14 11:13:19,108,108,42,82,,,,,0,0,,,
Bogor,Kabupaten Bogor Leuwiliang,2026-05-14 11:00:00,75,75,39,,4,10,0,71,,,,,
Tangerang,Tangerang Pasir Jaya,2026-05-14 11:00:00,103,103,51,,59,63,0,65,,,,,
Bekasi,Bekasi Kayuringin,2026-05-14 11:00:00,82,82,43,,55,13,0,2,,,,,
Jakarta,The Pakubuwono Menteng,2026-05-14 11:12:35,143,143,56,103,,,,,45,33.4,,,
Depok,Cinere - Nafas,2026-05-14 11:13:19,108,108,42,82,,,,,0,0,,,
Bogor,Kabupaten Bogor Leuwiliang,2026-05-14 11:00:00,75,75,39,,4,10,0,71,,,,,
Tangerang,Tangerang Pasir Jaya,2026-05-14 11:00:00,103,103,51,,59,63,0,65,,,,,
Bekasi,Bekasi Kayuringin,2026-05-14 11:00:00,82,82,43,,55,13,0,2,,,,,
Jakarta,The Pakubuwono Menteng,2026-05-14 11:13:34,141,141,54,101,,,,,46,33.4,,,
Depok,Cinere - Nafas,2026-05-14 11:14:19,111,111,43,80,,,,,0,0,,,
Bogor,Kabupaten Bogor Leuwiliang,2026-05-14 11:00:00,75,75,39,,4,10,0,71,,,,,
Tangerang,Tangerang Pasir Jaya,2026-05-14 11:00:00,103,103,51,,59,63,0,65,,,,,
Bekasi,Bekasi Kayuringin,2026-05-14 11:00:00,82,82,43,,55,13,0,2,,,,,
Jakarta,The Pakubuwono Menteng,2026-05-14 11:13:34,141,141,54,101,,,,,46,33.4,,,
Depok,Cinere - Nafas,2026-05-14 11:14:19,111,111,43,80,,,,,0,0,,,
Bogor,Kabupaten Bogor Leuwiliang,2026-05-14 11:00:00,75,75,39,,4,10,0,71,,,,,
Tangerang,Tangerang Pasir Jaya,2026-05-14 11:00:00,103,103,51,,59,63,0,65,,,,,
Bekasi,Bekasi Kayuringin,2026-05-14 11:00:00,82,82,43,,55,13,0,2,,,,,
Jakarta,The Pakubuwono Menteng,2026-05-14 11:16:34,149,149,57,108,,,,,47,33.4,,,
Depok,Cinere - Nafas,2026-05-14 11:16:19,114,114,44,83,,,,,0,0,,,
Bogor,Kabupaten Bogor Leuwiliang,2026-05-14 11:00:00,75,75,39,,4,10,0,71,,,,,
Tangerang,Tangerang Pasir Jaya,2026-05-14 11:00:00,103,103,51,,59,63,0,65,,,,,
Bekasi,Bekasi Kayuringin,2026-05-14 11:00:00,82,82,43,,55,13,0,2,,,,,
Jakarta,The Pakubuwono Menteng,2026-05-14 11:18:34,149,149,56,106,,,,,46,33.4,,,
Depok,Cinere - Nafas,2026-05-14 11:18:19,112,112,45,84,,,,,0,0,,,
Bogor,Kabupaten Bogor Leuwiliang,2026-05-14 11:00:00,75,75,39,,4,10,0,71,,,,,
Tangerang,Tangerang Pasir Jaya,2026-05-14 11:00:00,103,103,51,,59,63,0,65,,,,,
Bekasi,Bekasi Kayuringin,2026-05-14 11:00:00,82,82,43,,55,13,0,2,,,,,
Jakarta,The Pakubuwono Menteng,2026-05-14 11:18:34,149,149,56,106,,,,,46,33.4,,,
Depok,Cinere - Nafas,2026-05-14 11:18:19,112,112,45,84,,,,,0,0,,,
Bogor,Kabupaten Bogor Leuwiliang,2026-05-14 11:00:00,75,75,39,,4,10,0,71,,,,,
Tangerang,Tangerang Pasir Jaya,2026-05-14 11:00:00,103,103,51,,59,63,0,65,,,,,
Bekasi,Bekasi Kayuringin,2026-05-14 11:00:00,82,82,43,,55,13,0,2,,,,,
Jakarta,The Pakubuwono Menteng,2026-05-14 11:20:34,150,150,57,108,,,,,46,33.4,,,
Depok,Cinere - Nafas,2026-05-14 11:21:19,113,113,45,83,,,,,0,0,,,
Bogor,Kabupaten Bogor Leuwiliang,2026-05-14 11:00:00,75,75,39,,4,10,0,71,,,,,
Tangerang,Tangerang Pasir Jaya,2026-05-14 11:00:00,103,103,51,,59,63,0,65,,,,,
Bekasi,Bekasi Kayuringin,2026-05-14 11:00:00,82,82,43,,55,13,0,2,,,,,
Jakarta,The Pakubuwono Menteng,2026-05-14 11:21:34,150,150,56,107,,,,,46,33.3,,,
Depok,Cinere - Nafas,2026-05-14 11:21:19,113,113,45,83,,,,,0,0,,,
Bogor,Kabupaten Bogor Leuwiliang,2026-05-14 11:00:00,75,75,39,,4,10,0,71,,,,,
Tangerang,Tangerang Pasir Jaya,2026-05-14 11:00:00,103,103,51,,59,63,0,65,,,,,
Bekasi,Bekasi Kayuringin,2026-05-14 11:00:00,82,82,43,,55,13,0,2,,,,,
Jakarta,The Pakubuwono Menteng,2026-05-14 11:22:34,150,150,57,109,,,,,46,33.3,,,
Depok,Cinere - Nafas,2026-05-14 11:22:19,116,116,44,84,,,,,0,0,,,
Bogor,Kabupaten Bogor Leuwiliang,2026-05-14 11:00:00,75,75,39,,4,10,0,71,,,,,
Tangerang,Tangerang Pasir Jaya,2026-05-14 11:00:00,103,103,51,,59,63,0,65,,,,,
Bekasi,Bekasi Kayuringin,2026-05-14 11:00:00,82,82,43,,55,13,0,2,,,,,
Jakarta,The Pakubuwono Menteng,2026-05-14 11:24:34,151,151,57,113,,,,,47,33.2,,,
Depok,Cinere - Nafas,2026-05-14 11:24:19,112,112,43,83,,,,,0,0,,,
Bogor,Kabupaten Bogor Leuwiliang,2026-05-14 11:00:00,75,75,39,,4,10,0,71,,,,,
Tangerang,Tangerang Pasir Jaya,2026-05-14 11:00:00,103,103,51,,59,63,0,65,,,,,
Bekasi,Bekasi Kayuringin,2026-05-14 11:00:00,82,82,43,,55,13,0,2,,,,,
Jakarta,The Pakubuwono Menteng,2026-05-14 11:24:34,151,151,57,113,,,,,47,33.2,,,
Depok,Cinere - Nafas,2026-05-14 11:24:19,112,112,43,83,,,,,0,0,,,
Bogor,Kabupaten Bogor Leuwiliang,2026-05-14 11:00:00,75,75,39,,4,10,0,71,,,,,
Tangerang,Tangerang Pasir Jaya,2026-05-14 11:00:00,103,103,51,,59,63,0,65,,,,,
Bekasi,Bekasi Kayuringin,2026-05-14 11:00:00,82,82,43,,55,13,0,2,,,,,
Jakarta,The Pakubuwono Menteng,2026-05-14 11:26:34,152,152,58,115,,,,,47,33.09,,,
Depok,Cinere - Nafas,2026-05-14 11:26:19,112,112,45,84,,,,,0,0,,,
Bogor,Kabupaten Bogor Leuwiliang,2026-05-14 11:00:00,75,75,39,,4,10,0,71,,,,,
Tangerang,Tangerang Pasir Jaya,2026-05-14 11:00:00,103,103,51,,59,63,0,65,,,,,
Bekasi,Bekasi Kayuringin,2026-05-14 11:00:00,82,82,43,,55,13,0,2,,,,,
Jakarta,The Pakubuwono Menteng,2026-05-14 11:26:34,152,152,58,115,,,,,47,33.09,,,
Depok,Cinere - Nafas,2026-05-14 11:26:19,112,112,45,84,,,,,0,0,,,
Bogor,Kabupaten Bogor Leuwiliang,2026-05-14 11:00:00,75,75,39,,4,10,0,71,,,,,
Tangerang,Tangerang Pasir Jaya,2026-05-14 11:00:00,103,103,51,,59,63,0,65,,,,,
Bekasi,Bekasi Kayuringin,2026-05-14 11:00:00,82,82,43,,55,13,0,2,,,,,
Jakarta,The Pakubuwono Menteng,2026-05-14 11:26:34,152,152,58,115,,,,,47,33.09,,,
Depok,Cinere - Nafas,2026-05-14 11:26:19,112,112,45,84,,,,,0,0,,,
Bogor,Kabupaten Bogor Leuwiliang,2026-05-14 11:00:00,75,75,39,,4,10,0,71,,,,,
Tangerang,Tangerang Pasir Jaya,2026-05-14 11:00:00,103,103,51,,59,63,0,65,,,,,
Bekasi,Bekasi Kayuringin,2026-05-14 11:00:00,82,82,43,,55,13,0,2,,,,,
Jakarta,The Pakubuwono Menteng,2026-05-14 11:26:34,152,152,58,115,,,,,47,33.09,,,
Depok,Cinere - Nafas,2026-05-14 11:26:19,112,112,45,84,,,,,0,0,,,
Bogor,Kabupaten Bogor Leuwiliang,2026-05-14 11:00:00,75,75,39,,4,10,0,71,,,,,
Tangerang,Tangerang Pasir Jaya,2026-05-14 11:00:00,103,103,51,,59,63,0,65,,,,,
Bekasi,Bekasi Kayuringin,2026-05-14 11:00:00,82,82,43,,55,13,0,2,,,,,
Jakarta,The Pakubuwono Menteng,2026-05-14 11:26:34,152,152,58,115,,,,,47,33.09,,,
Depok,Cinere - Nafas,2026-05-14 11:26:19,112,112,45,84,,,,,0,0,,,
Bogor,Kabupaten Bogor Leuwiliang,2026-05-14 11:00:00,75,75,39,,4,10,0,71,,,,,
Tangerang,Tangerang Pasir Jaya,2026-05-14 11:00:00,103,103,51,,59,63,0,65,,,,,
Bekasi,Bekasi Kayuringin,2026-05-14 11:00:00,82,82,43,,55,13,0,2,,,,,
Jakarta,The Pakubuwono Menteng,2026-05-14 11:27:34,154,154,59,122,,,,,48,33.09,,,
Depok,Cinere - Nafas,2026-05-14 11:27:19,115,115,46,85,,,,,0,0,,,
Bogor,Kabupaten Bogor Leuwiliang,2026-05-14 11:00:00,75,75,39,,4,10,0,71,,,,,
Tangerang,Tangerang Pasir Jaya,2026-05-14 11:00:00,103,103,51,,59,63,0,65,,,,,
Bekasi,Bekasi Kayuringin,2026-05-14 11:00:00,82,82,43,,55,13,0,2,,,,,
Jakarta,The Pakubuwono Menteng,2026-05-14 11:27:34,154,154,59,122,,,,,48,33.09,,,
Depok,Cinere - Nafas,2026-05-14 11:27:19,115,115,46,85,,,,,0,0,,,
Bogor,Kabupaten Bogor Leuwiliang,2026-05-14 11:00:00,75,75,39,,4,10,0,71,,,,,
Tangerang,Tangerang Pasir Jaya,2026-05-14 11:00:00,103,103,51,,59,63,0,65,,,,,
Bekasi,Bekasi Kayuringin,2026-05-14 11:00:00,82,82,43,,55,13,0,2,,,,,
Jakarta,The Pakubuwono Menteng,2026-05-14 11:34:34,157,157,61,134,,,,,48,33.09,,,
Depok,Cinere - Nafas,2026-05-14 11:34:19,103,103,38,79,,,,,0,0,,,
Bogor,Kabupaten Bogor Leuwiliang,2026-05-14 11:00:00,75,75,39,,4,10,0,71,,,,,
Tangerang,Tangerang Pasir Jaya,2026-05-14 11:00:00,103,103,51,,59,63,0,65,,,,,
Bekasi,Bekasi Kayuringin,2026-05-14 11:00:00,82,82,43,,55,13,0,2,,,,,
Jakarta,The Pakubuwono Menteng,2026-05-14 11:36:34,157,157,60,129,,,,,48,33.2,,,
Depok,Cinere - Nafas,2026-05-14 11:36:19,105,105,42,79,,,,,0,0,,,
Bogor,Kabupaten Bogor Leuwiliang,2026-05-14 11:00:00,75,75,39,,4,10,0,71,,,,,
Tangerang,Tangerang Pasir Jaya,2026-05-14 11:00:00,103,103,51,,59,63,0,65,,,,,
Bekasi,Bekasi Kayuringin,2026-05-14 11:00:00,82,82,43,,55,13,0,2,,,,,
Jakarta,The Pakubuwono Menteng,2026-05-14 11:36:34,157,157,60,129,,,,,48,33.2,,,
Depok,Cinere - Nafas,2026-05-14 11:36:19,105,105,42,79,,,,,0,0,,,
Bogor,Kabupaten Bogor Leuwiliang,2026-05-14 11:00:00,75,75,39,,4,10,0,71,,,,,
Tangerang,Tangerang Pasir Jaya,2026-05-14 11:00:00,103,103,51,,59,63,0,65,,,,,
Bekasi,Bekasi Kayuringin,2026-05-14 11:00:00,82,82,43,,55,13,0,2,,,,,
Jakarta,The Pakubuwono Menteng,2026-05-14 11:37:34,156,156,60,131,,,,,48,33.2,,,
Depok,Cinere - Nafas,2026-05-14 11:37:19,113,113,45,80,,,,,0,0,,,
Bogor,Kabupaten Bogor Leuwiliang,2026-05-14 11:00:00,75,75,39,,4,10,0,71,,,,,
Tangerang,Tangerang Pasir Jaya,2026-05-14 11:00:00,103,103,51,,59,63,0,65,,,,,
Bekasi,Bekasi Kayuringin,2026-05-14 11:00:00,82,82,43,,55,13,0,2,,,,,
Jakarta,The Pakubuwono Menteng,2026-05-14 11:39:34,157,157,61,132,,,,,48,33.2,,,
Depok,Cinere - Nafas,2026-05-14 11:39:19,108,108,43,81,,,,,0,0,,,
Bogor,Kabupaten Bogor Leuwiliang,2026-05-14 11:00:00,75,75,39,,4,10,0,71,,,,,
Tangerang,Tangerang Pasir Jaya,2026-05-14 11:00:00,103,103,51,,59,63,0,65,,,,,
Bekasi,Bekasi Kayuringin,2026-05-14 11:00:00,82,82,43,,55,13,0,2,,,,,
Jakarta,The Pakubuwono Menteng,2026-05-14 11:39:34,157,157,61,132,,,,,48,33.2,,,
Depok,Cinere - Nafas,2026-05-14 11:39:19,108,108,43,81,,,,,0,0,,,
Bogor,Kabupaten Bogor Leuwiliang,2026-05-14 11:00:00,75,75,39,,4,10,0,71,,,,,
Tangerang,Tangerang Pasir Jaya,2026-05-14 11:00:00,103,103,51,,59,63,0,65,,,,,
Bekasi,Bekasi Kayuringin,2026-05-14 11:00:00,82,82,43,,55,13,0,2,,,,,
Jakarta,The Pakubuwono Menteng,2026-05-14 11:39:34,157,157,61,132,,,,,48,33.2,,,
Depok,Cinere - Nafas,2026-05-14 11:39:19,108,108,43,81,,,,,0,0,,,
Bogor,Kabupaten Bogor Leuwiliang,2026-05-14 11:00:00,75,75,39,,4,10,0,71,,,,,
Tangerang,Tangerang Pasir Jaya,2026-05-14 11:00:00,103,103,51,,59,63,0,65,,,,,
Bekasi,Bekasi Kayuringin,2026-05-14 11:00:00,82,82,43,,55,13,0,2,,,,,
Jakarta,The Pakubuwono Menteng,2026-05-14 11:39:34,157,157,61,132,,,,,48,33.2,,,
Depok,Cinere - Nafas,2026-05-14 11:39:19,108,108,43,81,,,,,0,0,,,
Bogor,Kabupaten Bogor Leuwiliang,2026-05-14 11:00:00,75,75,39,,4,10,0,71,,,,,
Tangerang,Tangerang Pasir Jaya,2026-05-14 11:00:00,103,103,51,,59,63,0,65,,,,,
Bekasi,Bekasi Kayuringin,2026-05-14 11:00:00,82,82,43,,55,13,0,2,,,,,
Jakarta,The Pakubuwono Menteng,2026-05-14 11:39:34,157,157,61,132,,,,,48,33.2,,,
Depok,Cinere - Nafas,2026-05-14 11:39:19,108,108,43,81,,,,,0,0,,,
Bogor,Kabupaten Bogor Leuwiliang,2026-05-14 11:00:00,75,75,39,,4,10,0,71,,,,,
Tangerang,Tangerang Pasir Jaya,2026-05-14 11:00:00,103,103,51,,59,63,0,65,,,,,
Bekasi,Bekasi Kayuringin,2026-05-14 11:00:00,82,82,43,,55,13,0,2,,,,,
Jakarta,The Pakubuwono Menteng,2026-05-14 11:40:34,156,156,60,129,,,,,48,33.3,,,
Depok,Cinere - Nafas,2026-05-14 11:40:20,112,112,43,81,,,,,0,0,,,
Bogor,Kabupaten Bogor Leuwiliang,2026-05-14 11:00:00,75,75,39,,4,10,0,71,,,,,
Tangerang,Tangerang Pasir Jaya,2026-05-14 11:00:00,103,103,51,,59,63,0,65,,,,,
Bekasi,Bekasi Kayuringin,2026-05-14 11:00:00,82,82,43,,55,13,0,2,,,,,
Jakarta,The Pakubuwono Menteng,2026-05-14 11:40:34,156,156,60,129,,,,,48,33.3,,,
Depok,Cinere - Nafas,2026-05-14 11:40:20,112,112,43,81,,,,,0,0,,,
Bogor,Kabupaten Bogor Leuwiliang,2026-05-14 11:00:00,75,75,39,,4,10,0,71,,,,,
Tangerang,Tangerang Pasir Jaya,2026-05-14 11:00:00,103,103,51,,59,63,0,65,,,,,
Bekasi,Bekasi Kayuringin,2026-05-14 11:00:00,82,82,43,,55,13,0,2,,,,,
Jakarta,The Pakubuwono Menteng,2026-05-14 11:40:34,156,156,60,129,,,,,48,33.3,,,
Depok,Cinere - Nafas,2026-05-14 11:40:20,112,112,43,81,,,,,0,0,,,
Bogor,Kabupaten Bogor Leuwiliang,2026-05-14 11:00:00,75,75,39,,4,10,0,71,,,,,
Tangerang,Tangerang Pasir Jaya,2026-05-14 11:00:00,103,103,51,,59,63,0,65,,,,,
Bekasi,Bekasi Kayuringin,2026-05-14 11:00:00,82,82,43,,55,13,0,2,,,,,
Jakarta,The Pakubuwono Menteng,2026-05-14 11:49:35,155,155,60,121,,,,,47,33.5,,,
Depok,Cinere - Nafas,2026-05-14 11:49:20,113,113,44,83,,,,,0,0,,,
Bogor,Kabupaten Bogor Leuwiliang,2026-05-14 11:00:00,75,75,39,,4,10,0,71,,,,,
Tangerang,Tangerang Pasir Jaya,2026-05-14 11:00:00,103,103,51,,59,63,0,65,,,,,
Bekasi,Bekasi Kayuringin,2026-05-14 11:00:00,82,82,43,,55,13,0,2,,,,,
Jakarta,The Pakubuwono Menteng,2026-05-14 11:50:34,155,155,59,126,,,,,47,33.5,,,
Depok,Cinere - Nafas,2026-05-14 11:50:20,116,116,45,83,,,,,0,0,,,
Bogor,Kabupaten Bogor Leuwiliang,2026-05-14 11:00:00,75,75,39,,4,10,0,71,,,,,
Tangerang,Tangerang Pasir Jaya,2026-05-14 11:00:00,103,103,51,,59,63,0,65,,,,,
Bekasi,Bekasi Kayuringin,2026-05-14 11:00:00,82,82,43,,55,13,0,2,,,,,
Jakarta,The Pakubuwono Menteng,2026-05-14 11:50:34,155,155,59,126,,,,,47,33.5,,,
Depok,Cinere - Nafas,2026-05-14 11:50:20,116,116,45,83,,,,,0,0,,,
Bogor,Kabupaten Bogor Leuwiliang,2026-05-14 11:00:00,75,75,39,,4,10,0,71,,,,,
Tangerang,Tangerang Pasir Jaya,2026-05-14 11:00:00,103,103,51,,59,63,0,65,,,,,
Bekasi,Bekasi Kayuringin,2026-05-14 11:00:00,82,82,43,,55,13,0,2,,,,,
Jakarta,The Pakubuwono Menteng,2026-05-14 11:53:35,155,155,60,131,,,,,46,33.59,,,
Depok,Cinere - Nafas,2026-05-14 11:53:20,113,113,42,81,,,,,0,0,,,
Bogor,Kabupaten Bogor Leuwiliang,2026-05-14 11:00:00,75,75,39,,4,10,0,71,,,,,
Tangerang,Tangerang Pasir Jaya,2026-05-14 11:00:00,103,103,51,,59,63,0,65,,,,,
Bekasi,Bekasi Kayuringin,2026-05-14 11:00:00,82,82,43,,55,13,0,2,,,,,
Jakarta,The Pakubuwono Menteng,2026-05-14 11:53:35,155,155,60,131,,,,,46,33.59,,,
Depok,Cinere - Nafas,2026-05-14 11:53:20,113,113,42,81,,,,,0,0,,,
Bogor,Kabupaten Bogor Leuwiliang,2026-05-14 11:00:00,75,75,39,,4,10,0,71,,,,,
Tangerang,Tangerang Pasir Jaya,2026-05-14 11:00:00,103,103,51,,59,63,0,65,,,,,
Bekasi,Bekasi Kayuringin,2026-05-14 11:00:00,82,82,43,,55,13,0,2,,,,,
Jakarta,The Pakubuwono Menteng,2026-05-14 11:54:35,157,157,61,132,,,,,46,33.59,,,
Depok,Cinere - Nafas,2026-05-14 11:54:20,111,111,45,81,,,,,0,0,,,
Bogor,Kabupaten Bogor Leuwiliang,2026-05-14 11:00:00,75,75,39,,4,10,0,71,,,,,
Tangerang,Tangerang Pasir Jaya,2026-05-14 11:00:00,103,103,51,,59,63,0,65,,,,,
Bekasi,Bekasi Kayuringin,2026-05-14 11:00:00,82,82,43,,55,13,0,2,,,,,
Jakarta,The Pakubuwono Menteng,2026-05-14 11:54:35,157,157,61,132,,,,,46,33.59,,,
Depok,Cinere - Nafas,2026-05-14 11:54:20,111,111,45,81,,,,,0,0,,,
Bogor,Kabupaten Bogor Leuwiliang,2026-05-14 11:00:00,75,75,39,,4,10,0,71,,,,,
Tangerang,Tangerang Pasir Jaya,2026-05-14 11:00:00,103,103,51,,59,63,0,65,,,,,
Bekasi,Bekasi Kayuringin,2026-05-14 11:00:00,82,82,43,,55,13,0,2,,,,,
Jakarta,The Pakubuwono Menteng,2026-05-14 11:54:35,157,157,61,132,,,,,46,33.59,,,
Depok,Cinere - Nafas,2026-05-14 11:54:20,111,111,45,81,,,,,0,0,,,
Bogor,Kabupaten Bogor Leuwiliang,2026-05-14 11:00:00,75,75,39,,4,10,0,71,,,,,
Tangerang,Tangerang Pasir Jaya,2026-05-14 11:00:00,103,103,51,,59,63,0,65,,,,,
Bekasi,Bekasi Kayuringin,2026-05-14 11:00:00,82,82,43,,55,13,0,2,,,,,
Jakarta,The Pakubuwono Menteng,2026-05-14 11:59:35,158,158,61,136,,,,,46,33.9,,,
Depok,Cinere - Nafas,2026-05-14 11:59:20,120,120,48,86,,,,,0,0,,,
Bogor,Kabupaten Bogor Leuwiliang,2026-05-14 11:00:00,75,75,39,,4,10,0,71,,,,,
Tangerang,Tangerang Pasir Jaya,2026-05-14 11:00:00,103,103,51,,59,63,0,65,,,,,
Bekasi,Bekasi Kayuringin,2026-05-14 11:00:00,82,82,43,,55,13,0,2,,,,,
Jakarta,The Pakubuwono Menteng,2026-05-14 11:59:35,158,158,61,136,,,,,46,33.9,,,
Depok,Cinere - Nafas,2026-05-14 11:59:20,120,120,48,86,,,,,0,0,,,
Bogor,Kabupaten Bogor Leuwiliang,2026-05-14 11:00:00,75,75,39,,4,10,0,71,,,,,
Tangerang,Tangerang Pasir Jaya,2026-05-14 11:00:00,103,103,51,,59,63,0,65,,,,,
Bekasi,Bekasi Kayuringin,2026-05-14 11:00:00,82,82,43,,55,13,0,2,,,,,
Jakarta,The Pakubuwono Menteng,2026-05-14 12:00:35,157,157,60,129,,,,,46,33.9,,,
Depok,Cinere - Nafas,2026-05-14 12:00:20,113,113,44,81,,,,,0,0,,,
Bogor,Kabupaten Bogor Leuwiliang,2026-05-14 11:00:00,75,75,39,,4,10,0,71,,,,,
Tangerang,Tangerang Pasir Jaya,2026-05-14 11:00:00,103,103,51,,59,63,0,65,,,,,
Bekasi,Bekasi Kayuringin,2026-05-14 11:00:00,82,82,43,,55,13,0,2,,,,,
Jakarta,The Pakubuwono Menteng,2026-05-14 12:00:35,157,157,60,129,,,,,46,33.9,,,
Depok,Cinere - Nafas,2026-05-14 12:00:20,113,113,44,81,,,,,0,0,,,
Bogor,Kabupaten Bogor Leuwiliang,2026-05-14 11:00:00,75,75,39,,4,10,0,71,,,,,
Tangerang,Tangerang Pasir Jaya,2026-05-14 11:00:00,103,103,51,,59,63,0,65,,,,,
Bekasi,Bekasi Kayuringin,2026-05-14 11:00:00,82,82,43,,55,13,0,2,,,,,
Jakarta,The Pakubuwono Menteng,2026-05-14 12:00:35,157,157,60,129,,,,,46,33.9,,,
Depok,Cinere - Nafas,2026-05-14 12:00:20,113,113,44,81,,,,,0,0,,,
Bogor,Kabupaten Bogor Leuwiliang,2026-05-14 11:00:00,75,75,39,,4,10,0,71,,,,,
Tangerang,Tangerang Pasir Jaya,2026-05-14 11:00:00,103,103,51,,59,63,0,65,,,,,
Bekasi,Bekasi Kayuringin,2026-05-14 11:00:00,82,82,43,,55,13,0,2,,,,,
Jakarta,The Pakubuwono Menteng,2026-05-14 12:00:35,157,157,60,129,,,,,46,33.9,,,
Depok,Cinere - Nafas,2026-05-14 12:00:20,113,113,44,81,,,,,0,0,,,
Bogor,Kabupaten Bogor Leuwiliang,2026-05-14 11:00:00,75,75,39,,4,10,0,71,,,,,
Tangerang,Tangerang Pasir Jaya,2026-05-14 11:00:00,103,103,51,,59,63,0,65,,,,,
Bekasi,Bekasi Kayuringin,2026-05-14 11:00:00,82,82,43,,55,13,0,2,,,,,
Jakarta,The Pakubuwono Menteng,2026-05-14 12:00:35,157,157,60,129,,,,,46,33.9,,,
Depok,Cinere - Nafas,2026-05-14 12:00:20,113,113,44,81,,,,,0,0,,,
Bogor,Kabupaten Bogor Leuwiliang,2026-05-14 12:00:00,74,74,38,,4,10,0,71,,,,,
Tangerang,Tangerang Pasir Jaya,2026-05-14 12:00:00,100,100,50,,59,63,0,65,,,,,
Bekasi,Bekasi Kayuringin,2026-05-14 12:00:00,82,82,44,,55,13,0,2,,,,,
Jakarta,The Pakubuwono Menteng,2026-05-14 12:00:35,157,157,60,129,,,,,46,33.9,,,
Depok,Cinere - Nafas,2026-05-14 12:00:20,113,113,44,81,,,,,0,0,,,
Bogor,Kabupaten Bogor Leuwiliang,2026-05-14 12:00:00,74,74,38,,4,10,0,71,,,,,
Tangerang,Tangerang Pasir Jaya,2026-05-14 12:00:00,100,100,50,,59,63,0,65,,,,,
Bekasi,Bekasi Kayuringin,2026-05-14 12:00:00,82,82,44,,55,13,0,2,,,,,
Jakarta,The Pakubuwono Menteng,2026-05-14 12:00:35,157,157,60,129,,,,,46,33.9,,,
Depok,Cinere - Nafas,2026-05-14 12:00:20,113,113,44,81,,,,,0,0,,,
Bogor,Kabupaten Bogor Leuwiliang,2026-05-14 12:00:00,74,74,38,,4,10,0,71,,,,,
Tangerang,Tangerang Pasir Jaya,2026-05-14 12:00:00,100,100,50,,59,63,0,65,,,,,
Bekasi,Bekasi Kayuringin,2026-05-14 12:00:00,82,82,44,,55,13,0,2,,,,,
Jakarta,The Pakubuwono Menteng,2026-05-14 12:00:35,157,157,60,129,,,,,46,33.9,,,
Depok,Cinere - Nafas,2026-05-14 12:00:20,113,113,44,81,,,,,0,0,,,
Bogor,Kabupaten Bogor Leuwiliang,2026-05-14 12:00:00,74,74,38,,4,10,0,71,,,,,
Tangerang,Tangerang Pasir Jaya,2026-05-14 12:00:00,100,100,50,,59,63,0,65,,,,,
Bekasi,Bekasi Kayuringin,2026-05-14 12:00:00,82,82,44,,55,13,0,2,,,,,
Jakarta,The Pakubuwono Menteng,2026-05-14 12:00:35,157,157,60,129,,,,,46,33.9,,,
Depok,Cinere - Nafas,2026-05-14 12:00:20,113,113,44,81,,,,,0,0,,,
Bogor,Kabupaten Bogor Leuwiliang,2026-05-14 12:00:00,74,74,38,,4,10,0,71,,,,,
Tangerang,Tangerang Pasir Jaya,2026-05-14 12:00:00,100,100,50,,59,63,0,65,,,,,
Bekasi,Bekasi Kayuringin,2026-05-14 12:00:00,82,82,44,,55,13,0,2,,,,,
Jakarta,The Pakubuwono Menteng,2026-05-14 12:00:35,157,157,60,129,,,,,46,33.9,,,
Depok,Cinere - Nafas,2026-05-14 12:00:20,113,113,44,81,,,,,0,0,,,
Bogor,Kabupaten Bogor Leuwiliang,2026-05-14 12:00:00,74,74,38,,4,10,0,71,,,,,
Tangerang,Tangerang Pasir Jaya,2026-05-14 12:00:00,100,100,50,,59,63,0,65,,,,,
Bekasi,Bekasi Kayuringin,2026-05-14 12:00:00,82,82,44,,55,13,0,2,,,,,
Jakarta,The Pakubuwono Menteng,2026-05-14 12:00:35,157,157,60,129,,,,,46,33.9,,,
Depok,Cinere - Nafas,2026-05-14 12:00:20,113,113,44,81,,,,,0,0,,,
Bogor,Kabupaten Bogor Leuwiliang,2026-05-14 12:00:00,74,74,38,,4,10,0,71,,,,,
Tangerang,Tangerang Pasir Jaya,2026-05-14 12:00:00,100,100,50,,59,63,0,65,,,,,
Bekasi,Bekasi Kayuringin,2026-05-14 12:00:00,82,82,44,,55,13,0,2,,,,,
Jakarta,The Pakubuwono Menteng,2026-05-14 12:00:35,157,157,60,129,,,,,46,33.9,,,
Depok,Cinere - Nafas,2026-05-14 12:00:20,113,113,44,81,,,,,0,0,,,
Bogor,Kabupaten Bogor Leuwiliang,2026-05-14 12:00:00,74,74,38,,4,10,0,71,,,,,
Tangerang,Tangerang Pasir Jaya,2026-05-14 12:00:00,100,100,50,,59,63,0,65,,,,,
Bekasi,Bekasi Kayuringin,2026-05-14 12:00:00,82,82,44,,55,13,0,2,,,,,
Jakarta,The Pakubuwono Menteng,2026-05-14 12:00:35,157,157,60,129,,,,,46,33.9,,,
Depok,Cinere - Nafas,2026-05-14 12:00:20,113,113,44,81,,,,,0,0,,,
Bogor,Kabupaten Bogor Leuwiliang,2026-05-14 12:00:00,74,74,38,,4,10,0,71,,,,,
Tangerang,Tangerang Pasir Jaya,2026-05-14 12:00:00,100,100,50,,59,63,0,65,,,,,
Bekasi,Bekasi Kayuringin,2026-05-14 12:00:00,82,82,44,,55,13,0,2,,,,,
Jakarta,The Pakubuwono Menteng,2026-05-14 12:00:35,157,157,60,129,,,,,46,33.9,,,
Depok,Cinere - Nafas,2026-05-14 12:00:20,113,113,44,81,,,,,0,0,,,
Bogor,Kabupaten Bogor Leuwiliang,2026-05-14 12:00:00,74,74,38,,4,10,0,71,,,,,
Tangerang,Tangerang Pasir Jaya,2026-05-14 12:00:00,100,100,50,,59,63,0,65,,,,,
Bekasi,Bekasi Kayuringin,2026-05-14 12:00:00,82,82,44,,55,13,0,2,,,,,
Jakarta,The Pakubuwono Menteng,2026-05-14 12:00:35,157,157,60,129,,,,,46,33.9,,,
Depok,Cinere - Nafas,2026-05-14 12:00:20,113,113,44,81,,,,,0,0,,,
Bogor,Kabupaten Bogor Leuwiliang,2026-05-14 12:00:00,74,74,38,,4,10,0,71,,,,,
Tangerang,Tangerang Pasir Jaya,2026-05-14 12:00:00,100,100,50,,59,63,0,65,,,,,
Bekasi,Bekasi Kayuringin,2026-05-14 12:00:00,82,82,44,,55,13,0,2,,,,,
Jakarta,The Pakubuwono Menteng,2026-05-14 12:00:35,157,157,60,129,,,,,46,33.9,,,
Depok,Cinere - Nafas,2026-05-14 12:00:20,113,113,44,81,,,,,0,0,,,
Bogor,Kabupaten Bogor Leuwiliang,2026-05-14 12:00:00,74,74,38,,4,10,0,71,,,,,
Tangerang,Tangerang Pasir Jaya,2026-05-14 12:00:00,100,100,50,,59,63,0,65,,,,,
Bekasi,Bekasi Kayuringin,2026-05-14 12:00:00,82,82,44,,55,13,0,2,,,,,
Jakarta,The Pakubuwono Menteng,2026-05-14 12:00:35,157,157,60,129,,,,,46,33.9,,,
Depok,Cinere - Nafas,2026-05-14 12:01:20,112,112,43,84,,,,,0,0,,,
Bogor,Kabupaten Bogor Leuwiliang,2026-05-14 12:00:00,74,74,38,,4,10,0,71,,,,,
Tangerang,Tangerang Pasir Jaya,2026-05-14 12:00:00,100,100,50,,59,63,0,65,,,,,
Bekasi,Bekasi Kayuringin,2026-05-14 12:00:00,82,82,44,,55,13,0,2,,,,,
Jakarta,The Pakubuwono Menteng,2026-05-14 12:00:35,157,157,60,129,,,,,46,33.9,,,
Depok,Cinere - Nafas,2026-05-14 12:01:20,112,112,43,84,,,,,0,0,,,
Bogor,Kabupaten Bogor Leuwiliang,2026-05-14 12:00:00,74,74,38,,4,10,0,71,,,,,
Tangerang,Tangerang Pasir Jaya,2026-05-14 12:00:00,100,100,50,,59,63,0,65,,,,,
Bekasi,Bekasi Kayuringin,2026-05-14 12:00:00,82,82,44,,55,13,0,2,,,,,
Jakarta,The Pakubuwono Menteng,2026-05-14 12:01:35,157,157,60,132,,,,,46,33.9,,,
Depok,Cinere - Nafas,2026-05-14 12:01:20,112,112,43,84,,,,,0,0,,,
Bogor,Kabupaten Bogor Leuwiliang,2026-05-14 12:00:00,74,74,38,,4,10,0,71,,,,,
Tangerang,Tangerang Pasir Jaya,2026-05-14 12:00:00,100,100,50,,59,63,0,65,,,,,
Bekasi,Bekasi Kayuringin,2026-05-14 12:00:00,82,82,44,,55,13,0,2,,,,,
Jakarta,The Pakubuwono Menteng,2026-05-14 12:01:35,157,157,60,132,,,,,46,33.9,,,
Depok,Cinere - Nafas,2026-05-14 12:01:20,112,112,43,84,,,,,0,0,,,
Bogor,Kabupaten Bogor Leuwiliang,2026-05-14 12:00:00,74,74,38,,4,10,0,71,,,,,
Tangerang,Tangerang Pasir Jaya,2026-05-14 12:00:00,100,100,50,,59,63,0,65,,,,,
Bekasi,Bekasi Kayuringin,2026-05-14 12:00:00,82,82,44,,55,13,0,2,,,,,
Jakarta,The Pakubuwono Menteng,2026-05-14 12:01:35,157,157,60,132,,,,,46,33.9,,,
Depok,Cinere - Nafas,2026-05-14 12:01:20,112,112,43,84,,,,,0,0,,,
Bogor,Kabupaten Bogor Leuwiliang,2026-05-14 12:00:00,74,74,38,,4,10,0,71,,,,,
Tangerang,Tangerang Pasir Jaya,2026-05-14 12:00:00,100,100,50,,59,63,0,65,,,,,
Bekasi,Bekasi Kayuringin,2026-05-14 12:00:00,82,82,44,,55,13,0,2,,,,,
Jakarta,The Pakubuwono Menteng,2026-05-14 12:01:35,157,157,60,132,,,,,46,33.9,,,
Depok,Cinere - Nafas,2026-05-14 12:01:20,112,112,43,84,,,,,0,0,,,
Bogor,Kabupaten Bogor Leuwiliang,2026-05-14 12:00:00,74,74,38,,4,10,0,71,,,,,
Tangerang,Tangerang Pasir Jaya,2026-05-14 12:00:00,100,100,50,,59,63,0,65,,,,,
Bekasi,Bekasi Kayuringin,2026-05-14 12:00:00,82,82,44,,55,13,0,2,,,,,
Jakarta,The Pakubuwono Menteng,2026-05-14 12:01:35,157,157,60,132,,,,,46,33.9,,,
Depok,Cinere - Nafas,2026-05-14 12:01:20,112,112,43,84,,,,,0,0,,,
Bogor,Kabupaten Bogor Leuwiliang,2026-05-14 12:00:00,74,74,38,,4,10,0,71,,,,,
Tangerang,Tangerang Pasir Jaya,2026-05-14 12:00:00,100,100,50,,59,63,0,65,,,,,
Bekasi,Bekasi Kayuringin,2026-05-14 12:00:00,82,82,44,,55,13,0,2,,,,,
Jakarta,The Pakubuwono Menteng,2026-05-14 12:26:35,140,140,55,102,,,,,45,34,,,
Depok,Cinere - Nafas,2026-05-14 12:27:06,128,128,51,89,,,,,0,0,,,
Bogor,Kabupaten Bogor Leuwiliang,2026-05-14 12:00:00,74,74,38,,4,10,0,71,,,,,
Tangerang,Tangerang Pasir Jaya,2026-05-14 12:00:00,100,100,50,,59,63,0,65,,,,,
Bekasi,Bekasi Kayuringin,2026-05-14 12:00:00,82,82,44,,55,13,0,2,,,,,
Jakarta,The Pakubuwono Menteng,2026-05-14 12:26:35,140,140,55,102,,,,,45,34,,,
Depok,Cinere - Nafas,2026-05-14 12:27:06,128,128,51,89,,,,,0,0,,,
Bogor,Kabupaten Bogor Leuwiliang,2026-05-14 12:00:00,74,74,38,,4,10,0,71,,,,,
Tangerang,Tangerang Pasir Jaya,2026-05-14 12:00:00,100,100,50,,59,63,0,65,,,,,
Bekasi,Bekasi Kayuringin,2026-05-14 12:00:00,82,82,44,,55,13,0,2,,,,,
Jakarta,The Pakubuwono Menteng,2026-05-14 12:26:35,140,140,55,102,,,,,45,34,,,
Depok,Cinere - Nafas,2026-05-14 12:27:06,128,128,51,89,,,,,0,0,,,
Bogor,Kabupaten Bogor Leuwiliang,2026-05-14 12:00:00,74,74,38,,4,10,0,71,,,,,
Tangerang,Tangerang Pasir Jaya,2026-05-14 12:00:00,100,100,50,,59,63,0,65,,,,,
Bekasi,Bekasi Kayuringin,2026-05-14 12:00:00,82,82,44,,55,13,0,2,,,,,
Jakarta,The Pakubuwono Menteng,2026-05-14 12:26:35,140,140,55,102,,,,,45,34,,,
Depok,Cinere - Nafas,2026-05-14 12:27:06,128,128,51,89,,,,,0,0,,,
Bogor,Kabupaten Bogor Leuwiliang,2026-05-14 12:00:00,74,74,38,,4,10,0,71,,,,,
Tangerang,Tangerang Pasir Jaya,2026-05-14 12:00:00,100,100,50,,59,63,0,65,,,,,
Bekasi,Bekasi Kayuringin,2026-05-14 12:00:00,82,82,44,,55,13,0,2,,,,,
Jakarta,The Pakubuwono Menteng,2026-05-14 12:26:35,140,140,55,102,,,,,45,34,,,
Depok,Cinere - Nafas,2026-05-14 12:27:06,128,128,51,89,,,,,0,0,,,
Bogor,Kabupaten Bogor Leuwiliang,2026-05-14 12:00:00,74,74,38,,4,10,0,71,,,,,
Tangerang,Tangerang Pasir Jaya,2026-05-14 12:00:00,100,100,50,,59,63,0,65,,,,,
Bekasi,Bekasi Kayuringin,2026-05-14 12:00:00,82,82,44,,55,13,0,2,,,,,
Jakarta,The Pakubuwono Menteng,2026-05-14 12:26:35,140,140,55,102,,,,,45,34,,,
Depok,Cinere - Nafas,2026-05-14 12:27:06,128,128,51,89,,,,,0,0,,,
Bogor,Kabupaten Bogor Leuwiliang,2026-05-14 12:00:00,74,74,38,,4,10,0,71,,,,,
Tangerang,Tangerang Pasir Jaya,2026-05-14 12:00:00,100,100,50,,59,63,0,65,,,,,
Bekasi,Bekasi Kayuringin,2026-05-14 12:00:00,82,82,44,,55,13,0,2,,,,,
Jakarta,The Pakubuwono Menteng,2026-05-14 12:26:35,140,140,55,102,,,,,45,34,,,
Depok,Cinere - Nafas,2026-05-14 12:27:06,128,128,51,89,,,,,0,0,,,
Bogor,Kabupaten Bogor Leuwiliang,2026-05-14 12:00:00,74,74,38,,4,10,0,71,,,,,
Tangerang,Tangerang Pasir Jaya,2026-05-14 12:00:00,100,100,50,,59,63,0,65,,,,,
Bekasi,Bekasi Kayuringin,2026-05-14 12:00:00,82,82,44,,55,13,0,2,,,,,
Jakarta,The Pakubuwono Menteng,2026-05-14 12:26:35,140,140,55,102,,,,,45,34,,,
Depok,Cinere - Nafas,2026-05-14 12:27:06,128,128,51,89,,,,,0,0,,,
Bogor,Kabupaten Bogor Leuwiliang,2026-05-14 12:00:00,74,74,38,,4,10,0,71,,,,,
Tangerang,Tangerang Pasir Jaya,2026-05-14 12:00:00,100,100,50,,59,63,0,65,,,,,
Bekasi,Bekasi Kayuringin,2026-05-14 12:00:00,82,82,44,,55,13,0,2,,,,,
Jakarta,The Pakubuwono Menteng,2026-05-14 12:26:35,140,140,55,102,,,,,45,34,,,
Depok,Cinere - Nafas,2026-05-14 12:27:06,128,128,51,89,,,,,0,0,,,
Bogor,Kabupaten Bogor Leuwiliang,2026-05-14 12:00:00,74,74,38,,4,10,0,71,,,,,
Tangerang,Tangerang Pasir Jaya,2026-05-14 12:00:00,100,100,50,,59,63,0,65,,,,,
Bekasi,Bekasi Kayuringin,2026-05-14 12:00:00,82,82,44,,55,13,0,2,,,,,
Jakarta,The Pakubuwono Menteng,2026-05-14 12:26:35,140,140,55,102,,,,,45,34,,,
Depok,Cinere - Nafas,2026-05-14 12:27:06,128,128,51,89,,,,,0,0,,,
Bogor,Kabupaten Bogor Leuwiliang,2026-05-14 12:00:00,74,74,38,,4,10,0,71,,,,,
Tangerang,Tangerang Pasir Jaya,2026-05-14 12:00:00,100,100,50,,59,63,0,65,,,,,
Bekasi,Bekasi Kayuringin,2026-05-14 12:00:00,82,82,44,,55,13,0,2,,,,,
Jakarta,The Pakubuwono Menteng,2026-05-14 12:26:35,140,140,55,102,,,,,45,34,,,
Depok,Cinere - Nafas,2026-05-14 12:27:06,128,128,51,89,,,,,0,0,,,
Bogor,Kabupaten Bogor Leuwiliang,2026-05-14 12:00:00,74,74,38,,4,10,0,71,,,,,
Tangerang,Tangerang Pasir Jaya,2026-05-14 12:00:00,100,100,50,,59,63,0,65,,,,,
Bekasi,Bekasi Kayuringin,2026-05-14 12:00:00,82,82,44,,55,13,0,2,,,,,
Jakarta,The Pakubuwono Menteng,2026-05-14 12:26:35,140,140,55,102,,,,,45,34,,,
Depok,Cinere - Nafas,2026-05-14 12:27:06,128,128,51,89,,,,,0,0,,,
Bogor,Kabupaten Bogor Leuwiliang,2026-05-14 12:00:00,74,74,38,,4,10,0,71,,,,,
Tangerang,Tangerang Pasir Jaya,2026-05-14 12:00:00,100,100,50,,59,63,0,65,,,,,
Bekasi,Bekasi Kayuringin,2026-05-14 12:00:00,82,82,44,,55,13,0,2,,,,,
Jakarta,The Pakubuwono Menteng,2026-05-14 12:26:35,140,140,55,102,,,,,45,34,,,
Depok,Cinere - Nafas,2026-05-14 12:27:06,128,128,51,89,,,,,0,0,,,
Bogor,Kabupaten Bogor Leuwiliang,2026-05-14 12:00:00,74,74,38,,4,10,0,71,,,,,
Tangerang,Tangerang Pasir Jaya,2026-05-14 12:00:00,100,100,50,,59,63,0,65,,,,,
Bekasi,Bekasi Kayuringin,2026-05-14 12:00:00,82,82,44,,55,13,0,2,,,,,
Jakarta,The Pakubuwono Menteng,2026-05-14 12:26:35,140,140,55,102,,,,,45,34,,,
Depok,Cinere - Nafas,2026-05-14 12:27:06,128,128,51,89,,,,,0,0,,,
Bogor,Kabupaten Bogor Leuwiliang,2026-05-14 12:00:00,74,74,38,,4,10,0,71,,,,,
Tangerang,Tangerang Pasir Jaya,2026-05-14 12:00:00,100,100,50,,59,63,0,65,,,,,
Bekasi,Bekasi Kayuringin,2026-05-14 12:00:00,82,82,44,,55,13,0,2,,,,,
Jakarta,The Pakubuwono Menteng,2026-05-14 12:26:35,140,140,55,102,,,,,45,34,,,
Depok,Cinere - Nafas,2026-05-14 12:27:06,128,128,51,89,,,,,0,0,,,
Bogor,Kabupaten Bogor Leuwiliang,2026-05-14 12:00:00,74,74,38,,4,10,0,71,,,,,
Tangerang,Tangerang Pasir Jaya,2026-05-14 12:00:00,100,100,50,,59,63,0,65,,,,,
Bekasi,Bekasi Kayuringin,2026-05-14 12:00:00,82,82,44,,55,13,0,2,,,,,
Jakarta,The Pakubuwono Menteng,2026-05-14 12:26:35,140,140,55,102,,,,,45,34,,,
Depok,Cinere - Nafas,2026-05-14 12:27:06,128,128,51,89,,,,,0,0,,,
Bogor,Kabupaten Bogor Leuwiliang,2026-05-14 12:00:00,74,74,38,,4,10,0,71,,,,,
Tangerang,Tangerang Pasir Jaya,2026-05-14 12:00:00,100,100,50,,59,63,0,65,,,,,
Bekasi,Bekasi Kayuringin,2026-05-14 12:00:00,82,82,44,,55,13,0,2,,,,,
Jakarta,The Pakubuwono Menteng,2026-05-14 12:26:35,140,140,55,102,,,,,45,34,,,
Depok,Cinere - Nafas,2026-05-14 12:27:06,128,128,51,89,,,,,0,0,,,
Bogor,Kabupaten Bogor Leuwiliang,2026-05-14 12:00:00,74,74,38,,4,10,0,71,,,,,
Tangerang,Tangerang Pasir Jaya,2026-05-14 12:00:00,100,100,50,,59,63,0,65,,,,,
Bekasi,Bekasi Kayuringin,2026-05-14 12:00:00,82,82,44,,55,13,0,2,,,,,
Jakarta,The Pakubuwono Menteng,2026-05-14 12:26:35,140,140,55,102,,,,,45,34,,,
Depok,Cinere - Nafas,2026-05-14 12:27:06,128,128,51,89,,,,,0,0,,,
Bogor,Kabupaten Bogor Leuwiliang,2026-05-14 12:00:00,74,74,38,,4,10,0,71,,,,,
Tangerang,Tangerang Pasir Jaya,2026-05-14 12:00:00,100,100,50,,59,63,0,65,,,,,
Bekasi,Bekasi Kayuringin,2026-05-14 12:00:00,82,82,44,,55,13,0,2,,,,,
Jakarta,The Pakubuwono Menteng,2026-05-14 12:26:35,140,140,55,102,,,,,45,34,,,
Depok,Cinere - Nafas,2026-05-14 12:27:06,128,128,51,89,,,,,0,0,,,
Bogor,Kabupaten Bogor Leuwiliang,2026-05-14 12:00:00,74,74,38,,4,10,0,71,,,,,
Tangerang,Tangerang Pasir Jaya,2026-05-14 12:00:00,100,100,50,,59,63,0,65,,,,,
Bekasi,Bekasi Kayuringin,2026-05-14 12:00:00,82,82,44,,55,13,0,2,,,,,
Jakarta,The Pakubuwono Menteng,2026-05-14 12:26:35,140,140,55,102,,,,,45,34,,,
Depok,Cinere - Nafas,2026-05-14 12:27:06,128,128,51,89,,,,,0,0,,,
Bogor,Kabupaten Bogor Leuwiliang,2026-05-14 12:00:00,74,74,38,,4,10,0,71,,,,,
Tangerang,Tangerang Pasir Jaya,2026-05-14 12:00:00,100,100,50,,59,63,0,65,,,,,
Bekasi,Bekasi Kayuringin,2026-05-14 12:00:00,82,82,44,,55,13,0,2,,,,,
Jakarta,The Pakubuwono Menteng,2026-05-14 12:26:35,140,140,55,102,,,,,45,34,,,
Depok,Cinere - Nafas,2026-05-14 12:27:06,128,128,51,89,,,,,0,0,,,
Bogor,Kabupaten Bogor Leuwiliang,2026-05-14 12:00:00,74,74,38,,4,10,0,71,,,,,
Tangerang,Tangerang Pasir Jaya,2026-05-14 12:00:00,100,100,50,,59,63,0,65,,,,,
Bekasi,Bekasi Kayuringin,2026-05-14 12:00:00,82,82,44,,55,13,0,2,,,,,
Jakarta,The Pakubuwono Menteng,2026-05-14 12:26:35,140,140,55,102,,,,,45,34,,,
Depok,Cinere - Nafas,2026-05-14 12:27:06,128,128,51,89,,,,,0,0,,,
Bogor,Kabupaten Bogor Leuwiliang,2026-05-14 12:00:00,74,74,38,,4,10,0,71,,,,,
Tangerang,Tangerang Pasir Jaya,2026-05-14 12:00:00,100,100,50,,59,63,0,65,,,,,
Bekasi,Bekasi Kayuringin,2026-05-14 12:00:00,82,82,44,,55,13,0,2,,,,,
Jakarta,The Pakubuwono Menteng,2026-05-14 12:26:35,140,140,55,102,,,,,45,34,,,
Depok,Cinere - Nafas,2026-05-14 12:27:06,128,128,51,89,,,,,0,0,,,
Bogor,Kabupaten Bogor Leuwiliang,2026-05-14 12:00:00,74,74,38,,4,10,0,71,,,,,
Tangerang,Tangerang Pasir Jaya,2026-05-14 12:00:00,100,100,50,,59,63,0,65,,,,,
Bekasi,Bekasi Kayuringin,2026-05-14 12:00:00,82,82,44,,55,13,0,2,,,,,
Jakarta,The Pakubuwono Menteng,2026-05-14 12:26:35,140,140,55,102,,,,,45,34,,,
Depok,Cinere - Nafas,2026-05-14 12:27:06,128,128,51,89,,,,,0,0,,,
Bogor,Kabupaten Bogor Leuwiliang,2026-05-14 12:00:00,74,74,38,,4,10,0,71,,,,,
Tangerang,Tangerang Pasir Jaya,2026-05-14 12:00:00,100,100,50,,59,63,0,65,,,,,
Bekasi,Bekasi Kayuringin,2026-05-14 12:00:00,82,82,44,,55,13,0,2,,,,,
Jakarta,The Pakubuwono Menteng,2026-05-14 12:26:35,140,140,55,102,,,,,45,34,,,
Depok,Cinere - Nafas,2026-05-14 12:27:06,128,128,51,89,,,,,0,0,,,
Bogor,Kabupaten Bogor Leuwiliang,2026-05-14 12:00:00,74,74,38,,4,10,0,71,,,,,
Tangerang,Tangerang Pasir Jaya,2026-05-14 12:00:00,100,100,50,,59,63,0,65,,,,,
Bekasi,Bekasi Kayuringin,2026-05-14 12:00:00,82,82,44,,55,13,0,2,,,,,
Jakarta,The Pakubuwono Menteng,2026-05-14 12:26:35,140,140,55,102,,,,,45,34,,,
Depok,Cinere - Nafas,2026-05-14 12:27:06,128,128,51,89,,,,,0,0,,,
Bogor,Kabupaten Bogor Leuwiliang,2026-05-14 12:00:00,74,74,38,,4,10,0,71,,,,,
Tangerang,Tangerang Pasir Jaya,2026-05-14 12:00:00,100,100,50,,59,63,0,65,,,,,
Bekasi,Bekasi Kayuringin,2026-05-14 12:00:00,82,82,44,,55,13,0,2,,,,,
Jakarta,The Pakubuwono Menteng,2026-05-14 12:26:35,140,140,55,102,,,,,45,34,,,
Depok,Cinere - Nafas,2026-05-14 12:27:06,128,128,51,89,,,,,0,0,,,
Bogor,Kabupaten Bogor Leuwiliang,2026-05-14 12:00:00,74,74,38,,4,10,0,71,,,,,
Tangerang,Tangerang Pasir Jaya,2026-05-14 12:00:00,100,100,50,,59,63,0,65,,,,,
Bekasi,Bekasi Kayuringin,2026-05-14 12:00:00,82,82,44,,55,13,0,2,,,,,
Jakarta,The Pakubuwono Menteng,2026-05-14 12:26:35,140,140,55,102,,,,,45,34,,,
Depok,Cinere - Nafas,2026-05-14 12:27:06,128,128,51,89,,,,,0,0,,,
Bogor,Kabupaten Bogor Leuwiliang,2026-05-14 12:00:00,74,74,38,,4,10,0,71,,,,,
Tangerang,Tangerang Pasir Jaya,2026-05-14 12:00:00,100,100,50,,59,63,0,65,,,,,
Bekasi,Bekasi Kayuringin,2026-05-14 12:00:00,82,82,44,,55,13,0,2,,,,,
Jakarta,The Pakubuwono Menteng,2026-05-14 12:26:35,140,140,55,102,,,,,45,34,,,
Depok,Cinere - Nafas,2026-05-14 12:27:06,128,128,51,89,,,,,0,0,,,
Bogor,Kabupaten Bogor Leuwiliang,2026-05-14 12:00:00,74,74,38,,4,10,0,71,,,,,
Tangerang,Tangerang Pasir Jaya,2026-05-14 12:00:00,100,100,50,,59,63,0,65,,,,,
Bekasi,Bekasi Kayuringin,2026-05-14 12:00:00,82,82,44,,55,13,0,2,,,,,
Jakarta,The Pakubuwono Menteng,2026-05-14 12:26:35,140,140,55,102,,,,,45,34,,,
Depok,Cinere - Nafas,2026-05-14 12:27:06,128,128,51,89,,,,,0,0,,,
Bogor,Kabupaten Bogor Leuwiliang,2026-05-14 12:00:00,74,74,38,,4,10,0,71,,,,,
Tangerang,Tangerang Pasir Jaya,2026-05-14 12:00:00,100,100,50,,59,63,0,65,,,,,
Bekasi,Bekasi Kayuringin,2026-05-14 12:00:00,82,82,44,,55,13,0,2,,,,,
Jakarta,The Pakubuwono Menteng,2026-05-14 12:26:35,140,140,55,102,,,,,45,34,,,
Depok,Cinere - Nafas,2026-05-14 12:27:06,128,128,51,89,,,,,0,0,,,
Bogor,Kabupaten Bogor Leuwiliang,2026-05-14 12:00:00,74,74,38,,4,10,0,71,,,,,
Tangerang,Tangerang Pasir Jaya,2026-05-14 12:00:00,100,100,50,,59,63,0,65,,,,,
Bekasi,Bekasi Kayuringin,2026-05-14 12:00:00,82,82,44,,55,13,0,2,,,,,
Jakarta,The Pakubuwono Menteng,2026-05-14 12:26:35,140,140,55,102,,,,,45,34,,,
Depok,Cinere - Nafas,2026-05-14 12:27:06,128,128,51,89,,,,,0,0,,,
Bogor,Kabupaten Bogor Leuwiliang,2026-05-14 13:00:00,73,73,38,,4,10,0,71,,,,,
Tangerang,Tangerang Pasir Jaya,2026-05-14 13:00:00,98,98,50,,59,63,0,65,,,,,
Bekasi,Bekasi Kayuringin,2026-05-14 13:00:00,82,82,44,,55,13,0,2,,,,,
Jakarta,The Pakubuwono Menteng,2026-05-14 13:06:36,114,114,46,85,,,,,43,34.59,,,
Depok,Cinere - Nafas,2026-05-14 13:07:06,118,118,47,85,,,,,0,0,,,
Bogor,Kabupaten Bogor Leuwiliang,2026-05-14 13:00:00,73,73,38,,4,10,0,71,,,,,
Tangerang,Tangerang Pasir Jaya,2026-05-14 13:00:00,98,98,50,,59,63,0,65,,,,,
Bekasi,Bekasi Kayuringin,2026-05-14 13:00:00,82,82,44,,55,13,0,2,,,,,
Jakarta,The Pakubuwono Menteng,2026-05-14 13:06:36,114,114,46,85,,,,,43,34.59,,,
Depok,Cinere - Nafas,2026-05-14 13:09:06,117,117,47,87,,,,,0,0,,,
Bogor,Kabupaten Bogor Leuwiliang,2026-05-14 13:00:00,73,73,38,,4,10,0,71,,,,,
Tangerang,Tangerang Pasir Jaya,2026-05-14 13:00:00,98,98,50,,59,63,0,65,,,,,
Bekasi,Bekasi Kayuringin,2026-05-14 13:00:00,82,82,44,,55,13,0,2,,,,,
Jakarta,The Pakubuwono Menteng,2026-05-14 13:10:36,116,116,45,85,,,,,42,34.7,,,
Depok,Cinere - Nafas,2026-05-14 13:10:06,118,118,46,85,,,,,0,0,,,
Bogor,Kabupaten Bogor Leuwiliang,2026-05-14 13:00:00,73,73,38,,4,10,0,71,,,,,
Tangerang,Tangerang Pasir Jaya,2026-05-14 13:00:00,98,98,50,,59,63,0,65,,,,,
Bekasi,Bekasi Kayuringin,2026-05-14 13:00:00,82,82,44,,55,13,0,2,,,,,
Jakarta,The Pakubuwono Menteng,2026-05-14 13:10:36,116,116,45,85,,,,,42,34.7,,,
Depok,Cinere - Nafas,2026-05-14 13:10:06,118,118,46,85,,,,,0,0,,,
Bogor,Kabupaten Bogor Leuwiliang,2026-05-14 13:00:00,73,73,38,,4,10,0,71,,,,,
Tangerang,Tangerang Pasir Jaya,2026-05-14 13:00:00,98,98,50,,59,63,0,65,,,,,
Bekasi,Bekasi Kayuringin,2026-05-14 13:00:00,82,82,44,,55,13,0,2,,,,,
Jakarta,The Pakubuwono Menteng,2026-05-14 13:13:36,112,112,43,82,,,,,43,34.59,,,
Depok,Cinere - Nafas,2026-05-14 13:13:06,117,117,47,84,,,,,0,0,,,
Bogor,Kabupaten Bogor Leuwiliang,2026-05-14 13:00:00,73,73,38,,4,10,0,71,,,,,
Tangerang,Tangerang Pasir Jaya,2026-05-14 13:00:00,98,98,50,,59,63,0,65,,,,,
Bekasi,Bekasi Kayuringin,2026-05-14 13:00:00,82,82,44,,55,13,0,2,,,,,
Jakarta,The Pakubuwono Menteng,2026-05-14 13:13:36,112,112,43,82,,,,,43,34.59,,,
Depok,Cinere - Nafas,2026-05-14 13:13:06,117,117,47,84,,,,,0,0,,,
Bogor,Kabupaten Bogor Leuwiliang,2026-05-14 13:00:00,73,73,38,,4,10,0,71,,,,,
Tangerang,Tangerang Pasir Jaya,2026-05-14 13:00:00,98,98,50,,59,63,0,65,,,,,
Bekasi,Bekasi Kayuringin,2026-05-14 13:00:00,82,82,44,,55,13,0,2,,,,,
Jakarta,The Pakubuwono Menteng,2026-05-14 13:14:37,111,111,43,84,,,,,42,34.5,,,
Depok,Cinere - Nafas,2026-05-14 13:14:06,120,120,48,87,,,,,0,0,,,
Bogor,Kabupaten Bogor Leuwiliang,2026-05-14 13:00:00,73,73,38,,4,10,0,71,,,,,
Tangerang,Tangerang Pasir Jaya,2026-05-14 13:00:00,98,98,50,,59,63,0,65,,,,,
Bekasi,Bekasi Kayuringin,2026-05-14 13:00:00,82,82,44,,55,13,0,2,,,,,
Jakarta,The Pakubuwono Menteng,2026-05-14 13:15:37,109,109,43,82,,,,,42,34.5,,,
Depok,Cinere - Nafas,2026-05-14 13:15:06,118,118,48,84,,,,,0,0,,,
Bogor,Kabupaten Bogor Leuwiliang,2026-05-14 13:00:00,73,73,38,,4,10,0,71,,,,,
Tangerang,Tangerang Pasir Jaya,2026-05-14 13:00:00,98,98,50,,59,63,0,65,,,,,
Bekasi,Bekasi Kayuringin,2026-05-14 13:00:00,82,82,44,,55,13,0,2,,,,,
Jakarta,The Pakubuwono Menteng,2026-05-14 13:15:37,109,109,43,82,,,,,42,34.5,,,
Depok,Cinere - Nafas,2026-05-14 13:15:06,118,118,48,84,,,,,0,0,,,
Bogor,Kabupaten Bogor Leuwiliang,2026-05-14 13:00:00,73,73,38,,4,10,0,71,,,,,
Tangerang,Tangerang Pasir Jaya,2026-05-14 13:00:00,98,98,50,,59,63,0,65,,,,,
Bekasi,Bekasi Kayuringin,2026-05-14 13:00:00,82,82,44,,55,13,0,2,,,,,
Jakarta,The Pakubuwono Menteng,2026-05-14 13:16:37,110,110,44,86,,,,,43,34.5,,,
Depok,Cinere - Nafas,2026-05-14 13:17:06,116,116,46,84,,,,,0,0,,,
Bogor,Kabupaten Bogor Leuwiliang,2026-05-14 13:00:00,73,73,38,,4,10,0,71,,,,,
Tangerang,Tangerang Pasir Jaya,2026-05-14 13:00:00,98,98,50,,59,63,0,65,,,,,
Bekasi,Bekasi Kayuringin,2026-05-14 13:00:00,82,82,44,,55,13,0,2,,,,,
Jakarta,The Pakubuwono Menteng,2026-05-14 13:19:37,107,107,41,81,,,,,43,34.3,,,
Depok,Cinere - Nafas,2026-05-14 13:20:07,117,117,47,83,,,,,0,0,,,
Bogor,Kabupaten Bogor Leuwiliang,2026-05-14 13:00:00,73,73,38,,4,10,0,71,,,,,
Tangerang,Tangerang Pasir Jaya,2026-05-14 13:00:00,98,98,50,,59,63,0,65,,,,,
Bekasi,Bekasi Kayuringin,2026-05-14 13:00:00,82,82,44,,55,13,0,2,,,,,
Jakarta,The Pakubuwono Menteng,2026-05-14 13:19:37,107,107,41,81,,,,,43,34.3,,,
Depok,Cinere - Nafas,2026-05-14 13:20:07,117,117,47,83,,,,,0,0,,,
Bogor,Kabupaten Bogor Leuwiliang,2026-05-14 13:00:00,73,73,38,,4,10,0,71,,,,,
Tangerang,Tangerang Pasir Jaya,2026-05-14 13:00:00,98,98,50,,59,63,0,65,,,,,
Bekasi,Bekasi Kayuringin,2026-05-14 13:00:00,82,82,44,,55,13,0,2,,,,,
Jakarta,The Pakubuwono Menteng,2026-05-14 13:19:37,107,107,41,81,,,,,43,34.3,,,
Depok,Cinere - Nafas,2026-05-14 13:20:07,117,117,47,83,,,,,0,0,,,
Bogor,Kabupaten Bogor Leuwiliang,2026-05-14 13:00:00,73,73,38,,4,10,0,71,,,,,
Tangerang,Tangerang Pasir Jaya,2026-05-14 13:00:00,98,98,50,,59,63,0,65,,,,,
Bekasi,Bekasi Kayuringin,2026-05-14 13:00:00,82,82,44,,55,13,0,2,,,,,
Jakarta,The Pakubuwono Menteng,2026-05-14 13:22:37,101,101,37,80,,,,,43,34.09,,,
Depok,Cinere - Nafas,2026-05-14 13:22:07,116,116,45,84,,,,,0,0,,,
Bogor,Kabupaten Bogor Leuwiliang,2026-05-14 13:00:00,73,73,38,,4,10,0,71,,,,,
Tangerang,Tangerang Pasir Jaya,2026-05-14 13:00:00,98,98,50,,59,63,0,65,,,,,
Bekasi,Bekasi Kayuringin,2026-05-14 13:00:00,82,82,44,,55,13,0,2,,,,,
Jakarta,The Pakubuwono Menteng,2026-05-14 13:22:37,101,101,37,80,,,,,43,34.09,,,
Depok,Cinere - Nafas,2026-05-14 13:22:07,116,116,45,84,,,,,0,0,,,
Bogor,Kabupaten Bogor Leuwiliang,2026-05-14 13:00:00,73,73,38,,4,10,0,71,,,,,
Tangerang,Tangerang Pasir Jaya,2026-05-14 13:00:00,98,98,50,,59,63,0,65,,,,,
Bekasi,Bekasi Kayuringin,2026-05-14 13:00:00,82,82,44,,55,13,0,2,,,,,
Jakarta,The Pakubuwono Menteng,2026-05-14 13:23:37,99,99,35,75,,,,,43,34.09,,,
Depok,Cinere - Nafas,2026-05-14 13:23:07,121,121,49,85,,,,,0,0,,,
Bogor,Kabupaten Bogor Leuwiliang,2026-05-14 13:00:00,73,73,38,,4,10,0,71,,,,,
Tangerang,Tangerang Pasir Jaya,2026-05-14 13:00:00,98,98,50,,59,63,0,65,,,,,
Bekasi,Bekasi Kayuringin,2026-05-14 13:00:00,82,82,44,,55,13,0,2,,,,,
Jakarta,The Pakubuwono Menteng,2026-05-14 13:23:37,99,99,35,75,,,,,43,34.09,,,
Depok,Cinere - Nafas,2026-05-14 13:23:07,121,121,49,85,,,,,0,0,,,
Bogor,Kabupaten Bogor Leuwiliang,2026-05-14 13:00:00,73,73,38,,4,10,0,71,,,,,
Tangerang,Tangerang Pasir Jaya,2026-05-14 13:00:00,98,98,50,,59,63,0,65,,,,,
Bekasi,Bekasi Kayuringin,2026-05-14 13:00:00,82,82,44,,55,13,0,2,,,,,
Jakarta,The Pakubuwono Menteng,2026-05-14 13:23:37,99,99,35,75,,,,,43,34.09,,,
Depok,Cinere - Nafas,2026-05-14 13:23:07,121,121,49,85,,,,,0,0,,,
Bogor,Kabupaten Bogor Leuwiliang,2026-05-14 13:00:00,73,73,38,,4,10,0,71,,,,,
Tangerang,Tangerang Pasir Jaya,2026-05-14 13:00:00,98,98,50,,59,63,0,65,,,,,
Bekasi,Bekasi Kayuringin,2026-05-14 13:00:00,82,82,44,,55,13,0,2,,,,,
Jakarta,The Pakubuwono Menteng,2026-05-14 13:23:37,99,99,35,75,,,,,43,34.09,,,
Depok,Cinere - Nafas,2026-05-14 13:23:07,121,121,49,85,,,,,0,0,,,
Bogor,Kabupaten Bogor Leuwiliang,2026-05-14 13:00:00,73,73,38,,4,10,0,71,,,,,
Tangerang,Tangerang Pasir Jaya,2026-05-14 13:00:00,98,98,50,,59,63,0,65,,,,,
Bekasi,Bekasi Kayuringin,2026-05-14 13:00:00,82,82,44,,55,13,0,2,,,,,
Jakarta,The Pakubuwono Menteng,2026-05-14 13:23:37,99,99,35,75,,,,,43,34.09,,,
Depok,Cinere - Nafas,2026-05-14 13:23:07,121,121,49,85,,,,,0,0,,,
Bogor,Kabupaten Bogor Leuwiliang,2026-05-14 13:00:00,73,73,38,,4,10,0,71,,,,,
Tangerang,Tangerang Pasir Jaya,2026-05-14 13:00:00,98,98,50,,59,63,0,65,,,,,
Bekasi,Bekasi Kayuringin,2026-05-14 13:00:00,82,82,44,,55,13,0,2,,,,,
Jakarta,The Pakubuwono Menteng,2026-05-14 13:23:37,99,99,35,75,,,,,43,34.09,,,
Depok,Cinere - Nafas,2026-05-14 13:23:07,121,121,49,85,,,,,0,0,,,
Bogor,Kabupaten Bogor Leuwiliang,2026-05-14 13:00:00,73,73,38,,4,10,0,71,,,,,
Tangerang,Tangerang Pasir Jaya,2026-05-14 13:00:00,98,98,50,,59,63,0,65,,,,,
Bekasi,Bekasi Kayuringin,2026-05-14 13:00:00,82,82,44,,55,13,0,2,,,,,
Jakarta,The Pakubuwono Menteng,2026-05-14 13:23:37,99,99,35,75,,,,,43,34.09,,,
Depok,Cinere - Nafas,2026-05-14 13:23:07,121,121,49,85,,,,,0,0,,,
Bogor,Kabupaten Bogor Leuwiliang,2026-05-14 13:00:00,73,73,38,,4,10,0,71,,,,,
Tangerang,Tangerang Pasir Jaya,2026-05-14 13:00:00,98,98,50,,59,63,0,65,,,,,
Bekasi,Bekasi Kayuringin,2026-05-14 13:00:00,82,82,44,,55,13,0,2,,,,,
Jakarta,The Pakubuwono Menteng,2026-05-14 13:23:37,99,99,35,75,,,,,43,34.09,,,
Depok,Cinere - Nafas,2026-05-14 13:23:07,121,121,49,85,,,,,0,0,,,
Bogor,Kabupaten Bogor Leuwiliang,2026-05-14 13:00:00,73,73,38,,4,10,0,71,,,,,
Tangerang,Tangerang Pasir Jaya,2026-05-14 13:00:00,98,98,50,,59,63,0,65,,,,,
Bekasi,Bekasi Kayuringin,2026-05-14 13:00:00,82,82,44,,55,13,0,2,,,,,
Jakarta,The Pakubuwono Menteng,2026-05-14 13:23:37,99,99,35,75,,,,,43,34.09,,,
Depok,Cinere - Nafas,2026-05-14 13:23:07,121,121,49,85,,,,,0,0,,,
Bogor,Kabupaten Bogor Leuwiliang,2026-05-14 13:00:00,73,73,38,,4,10,0,71,,,,,
Tangerang,Tangerang Pasir Jaya,2026-05-14 13:00:00,98,98,50,,59,63,0,65,,,,,
Bekasi,Bekasi Kayuringin,2026-05-14 13:00:00,82,82,44,,55,13,0,2,,,,,
Jakarta,The Pakubuwono Menteng,2026-05-14 13:23:37,99,99,35,75,,,,,43,34.09,,,
Depok,Cinere - Nafas,2026-05-14 13:23:07,121,121,49,85,,,,,0,0,,,
Bogor,Kabupaten Bogor Leuwiliang,2026-05-14 13:00:00,73,73,38,,4,10,0,71,,,,,
Tangerang,Tangerang Pasir Jaya,2026-05-14 13:00:00,98,98,50,,59,63,0,65,,,,,
Bekasi,Bekasi Kayuringin,2026-05-14 13:00:00,82,82,44,,55,13,0,2,,,,,
Jakarta,The Pakubuwono Menteng,2026-05-14 13:23:37,99,99,35,75,,,,,43,34.09,,,
Depok,Cinere - Nafas,2026-05-14 13:23:07,121,121,49,85,,,,,0,0,,,
Bogor,Kabupaten Bogor Leuwiliang,2026-05-14 13:00:00,73,73,38,,4,10,0,71,,,,,
Tangerang,Tangerang Pasir Jaya,2026-05-14 13:00:00,98,98,50,,59,63,0,65,,,,,
Bekasi,Bekasi Kayuringin,2026-05-14 13:00:00,82,82,44,,55,13,0,2,,,,,
Jakarta,The Pakubuwono Menteng,2026-05-14 13:39:37,93,93,33,74,,,,,43,34.3,,,
Depok,Cinere - Nafas,2026-05-14 13:39:09,116,116,45,84,,,,,0,0,,,
Bogor,Kabupaten Bogor Leuwiliang,2026-05-14 13:00:00,73,73,38,,4,10,0,71,,,,,
Tangerang,Tangerang Pasir Jaya,2026-05-14 13:00:00,98,98,50,,59,63,0,65,,,,,
Bekasi,Bekasi Kayuringin,2026-05-14 13:00:00,82,82,44,,55,13,0,2,,,,,
Jakarta,The Pakubuwono Menteng,2026-05-14 13:39:37,93,93,33,74,,,,,43,34.3,,,
Depok,Cinere - Nafas,2026-05-14 13:41:09,117,117,46,85,,,,,0,0,,,
Bogor,Kabupaten Bogor Leuwiliang,2026-05-14 13:00:00,73,73,38,,4,10,0,71,,,,,
Tangerang,Tangerang Pasir Jaya,2026-05-14 13:00:00,98,98,50,,59,63,0,65,,,,,
Bekasi,Bekasi Kayuringin,2026-05-14 13:00:00,82,82,44,,55,13,0,2,,,,,
Jakarta,The Pakubuwono Menteng,2026-05-14 13:42:37,93,93,32,73,,,,,43,34.2,,,
Depok,Cinere - Nafas,2026-05-14 13:42:09,114,114,45,84,,,,,0,0,,,
Bogor,Kabupaten Bogor Leuwiliang,2026-05-14 13:00:00,73,73,38,,4,10,0,71,,,,,
Tangerang,Tangerang Pasir Jaya,2026-05-14 13:00:00,98,98,50,,59,63,0,65,,,,,
Bekasi,Bekasi Kayuringin,2026-05-14 13:00:00,82,82,44,,55,13,0,2,,,,,
Jakarta,The Pakubuwono Menteng,2026-05-14 13:42:37,93,93,32,73,,,,,43,34.2,,,
Depok,Cinere - Nafas,2026-05-14 13:42:09,114,114,45,84,,,,,0,0,,,
Bogor,Kabupaten Bogor Leuwiliang,2026-05-14 13:00:00,73,73,38,,4,10,0,71,,,,,
Tangerang,Tangerang Pasir Jaya,2026-05-14 13:00:00,98,98,50,,59,63,0,65,,,,,
Bekasi,Bekasi Kayuringin,2026-05-14 13:00:00,82,82,44,,55,13,0,2,,,,,
Jakarta,The Pakubuwono Menteng,2026-05-14 13:43:37,98,98,35,78,,,,,43,34,,,
Depok,Cinere - Nafas,2026-05-14 13:43:09,113,113,45,83,,,,,0,0,,,
Bogor,Kabupaten Bogor Leuwiliang,2026-05-14 13:00:00,73,73,38,,4,10,0,71,,,,,
Tangerang,Tangerang Pasir Jaya,2026-05-14 13:00:00,98,98,50,,59,63,0,65,,,,,
Bekasi,Bekasi Kayuringin,2026-05-14 13:00:00,82,82,44,,55,13,0,2,,,,,
Jakarta,The Pakubuwono Menteng,2026-05-14 13:43:37,98,98,35,78,,,,,43,34,,,
Depok,Cinere - Nafas,2026-05-14 13:43:09,113,113,45,83,,,,,0,0,,,
Bogor,Kabupaten Bogor Leuwiliang,2026-05-14 13:00:00,73,73,38,,4,10,0,71,,,,,
Tangerang,Tangerang Pasir Jaya,2026-05-14 13:00:00,98,98,50,,59,63,0,65,,,,,
Bekasi,Bekasi Kayuringin,2026-05-14 13:00:00,82,82,44,,55,13,0,2,,,,,
Jakarta,The Pakubuwono Menteng,2026-05-14 13:43:37,98,98,35,78,,,,,43,34,,,
Depok,Cinere - Nafas,2026-05-14 13:43:09,113,113,45,83,,,,,0,0,,,
Bogor,Kabupaten Bogor Leuwiliang,2026-05-14 13:00:00,73,73,38,,4,10,0,71,,,,,
Tangerang,Tangerang Pasir Jaya,2026-05-14 13:00:00,98,98,50,,59,63,0,65,,,,,
Bekasi,Bekasi Kayuringin,2026-05-14 13:00:00,82,82,44,,55,13,0,2,,,,,
Jakarta,The Pakubuwono Menteng,2026-05-14 13:43:37,98,98,35,78,,,,,43,34,,,
Depok,Cinere - Nafas,2026-05-14 13:43:09,113,113,45,83,,,,,0,0,,,
Bogor,Kabupaten Bogor Leuwiliang,2026-05-14 13:00:00,73,73,38,,4,10,0,71,,,,,
Tangerang,Tangerang Pasir Jaya,2026-05-14 13:00:00,98,98,50,,59,63,0,65,,,,,
Bekasi,Bekasi Kayuringin,2026-05-14 13:00:00,82,82,44,,55,13,0,2,,,,,
Jakarta,The Pakubuwono Menteng,2026-05-14 13:43:37,98,98,35,78,,,,,43,34,,,
Depok,Cinere - Nafas,2026-05-14 13:43:09,113,113,45,83,,,,,0,0,,,
Bogor,Kabupaten Bogor Leuwiliang,2026-05-14 13:00:00,73,73,38,,4,10,0,71,,,,,
Tangerang,Tangerang Pasir Jaya,2026-05-14 13:00:00,98,98,50,,59,63,0,65,,,,,
Bekasi,Bekasi Kayuringin,2026-05-14 13:00:00,82,82,44,,55,13,0,2,,,,,
Jakarta,The Pakubuwono Menteng,2026-05-14 13:43:37,98,98,35,78,,,,,43,34,,,
Depok,Cinere - Nafas,2026-05-14 13:43:09,113,113,45,83,,,,,0,0,,,
Bogor,Kabupaten Bogor Leuwiliang,2026-05-14 13:00:00,73,73,38,,4,10,0,71,,,,,
Tangerang,Tangerang Pasir Jaya,2026-05-14 13:00:00,98,98,50,,59,63,0,65,,,,,
Bekasi,Bekasi Kayuringin,2026-05-14 13:00:00,82,82,44,,55,13,0,2,,,,,
Jakarta,The Pakubuwono Menteng,2026-05-14 13:44:37,96,96,35,76,,,,,43,34,,,
Depok,Cinere - Nafas,2026-05-14 13:44:09,114,114,45,83,,,,,0,0,,,
Bogor,Kabupaten Bogor Leuwiliang,2026-05-14 13:00:00,73,73,38,,4,10,0,71,,,,,
Tangerang,Tangerang Pasir Jaya,2026-05-14 13:00:00,98,98,50,,59,63,0,65,,,,,
Bekasi,Bekasi Kayuringin,2026-05-14 13:00:00,82,82,44,,55,13,0,2,,,,,
Jakarta,The Pakubuwono Menteng,2026-05-14 13:44:37,96,96,35,76,,,,,43,34,,,
Depok,Cinere - Nafas,2026-05-14 13:44:09,114,114,45,83,,,,,0,0,,,
Bogor,Kabupaten Bogor Leuwiliang,2026-05-14 13:00:00,73,73,38,,4,10,0,71,,,,,
Tangerang,Tangerang Pasir Jaya,2026-05-14 13:00:00,98,98,50,,59,63,0,65,,,,,
Bekasi,Bekasi Kayuringin,2026-05-14 13:00:00,82,82,44,,55,13,0,2,,,,,
Jakarta,The Pakubuwono Menteng,2026-05-14 13:44:37,96,96,35,76,,,,,43,34,,,
Depok,Cinere - Nafas,2026-05-14 13:44:09,114,114,45,83,,,,,0,0,,,
Bogor,Kabupaten Bogor Leuwiliang,2026-05-14 13:00:00,73,73,38,,4,10,0,71,,,,,
Tangerang,Tangerang Pasir Jaya,2026-05-14 13:00:00,98,98,50,,59,63,0,65,,,,,
Bekasi,Bekasi Kayuringin,2026-05-14 13:00:00,82,82,44,,55,13,0,2,,,,,
Jakarta,The Pakubuwono Menteng,2026-05-14 13:53:37,98,98,35,75,,,,,43,33.7,,,
Depok,Cinere - Nafas,2026-05-14 13:54:10,122,122,50,88,,,,,0,0,,,
Bogor,Kabupaten Bogor Leuwiliang,2026-05-14 13:00:00,73,73,38,,4,10,0,71,,,,,
Tangerang,Tangerang Pasir Jaya,2026-05-14 13:00:00,98,98,50,,59,63,0,65,,,,,
Bekasi,Bekasi Kayuringin,2026-05-14 13:00:00,82,82,44,,55,13,0,2,,,,,
Jakarta,The Pakubuwono Menteng,2026-05-14 13:53:37,98,98,35,75,,,,,43,33.7,,,
Depok,Cinere - Nafas,2026-05-14 13:54:10,122,122,50,88,,,,,0,0,,,
Bogor,Kabupaten Bogor Leuwiliang,2026-05-14 13:00:00,73,73,38,,4,10,0,71,,,,,
Tangerang,Tangerang Pasir Jaya,2026-05-14 13:00:00,98,98,50,,59,63,0,65,,,,,
Bekasi,Bekasi Kayuringin,2026-05-14 13:00:00,82,82,44,,55,13,0,2,,,,,
Jakarta,The Pakubuwono Menteng,2026-05-14 13:57:37,107,107,42,80,,,,,44,33.7,,,
Depok,Cinere - Nafas,2026-05-14 13:58:10,126,126,50,89,,,,,0,0,,,
Bogor,Kabupaten Bogor Leuwiliang,2026-05-14 13:00:00,73,73,38,,4,10,0,71,,,,,
Tangerang,Tangerang Pasir Jaya,2026-05-14 13:00:00,98,98,50,,59,63,0,65,,,,,
Bekasi,Bekasi Kayuringin,2026-05-14 13:00:00,82,82,44,,55,13,0,2,,,,,
Jakarta,The Pakubuwono Menteng,2026-05-14 13:57:37,107,107,42,80,,,,,44,33.7,,,
Depok,Cinere - Nafas,2026-05-14 13:58:10,126,126,50,89,,,,,0,0,,,
Bogor,Kabupaten Bogor Leuwiliang,2026-05-14 13:00:00,73,73,38,,4,10,0,71,,,,,
Tangerang,Tangerang Pasir Jaya,2026-05-14 13:00:00,98,98,50,,59,63,0,65,,,,,
Bekasi,Bekasi Kayuringin,2026-05-14 13:00:00,82,82,44,,55,13,0,2,,,,,
Jakarta,The Pakubuwono Menteng,2026-05-14 13:57:37,107,107,42,80,,,,,44,33.7,,,
Depok,Cinere - Nafas,2026-05-14 13:58:10,126,126,50,89,,,,,0,0,,,
Bogor,Kabupaten Bogor Leuwiliang,2026-05-14 13:00:00,73,73,38,,4,10,0,71,,,,,
Tangerang,Tangerang Pasir Jaya,2026-05-14 13:00:00,98,98,50,,59,63,0,65,,,,,
Bekasi,Bekasi Kayuringin,2026-05-14 13:00:00,82,82,44,,55,13,0,2,,,,,
Jakarta,The Pakubuwono Menteng,2026-05-14 13:57:37,107,107,42,80,,,,,44,33.7,,,
Depok,Cinere - Nafas,2026-05-14 13:58:10,126,126,50,89,,,,,0,0,,,
Bogor,Kabupaten Bogor Leuwiliang,2026-05-14 13:00:00,73,73,38,,4,10,0,71,,,,,
Tangerang,Tangerang Pasir Jaya,2026-05-14 13:00:00,98,98,50,,59,63,0,65,,,,,
Bekasi,Bekasi Kayuringin,2026-05-14 13:00:00,82,82,44,,55,13,0,2,,,,,
Jakarta,The Pakubuwono Menteng,2026-05-14 13:58:37,103,103,39,78,,,,,44,33.7,,,
Depok,Cinere - Nafas,2026-05-14 14:04:10,120,120,48,87,,,,,0,0,,,
Bogor,Kabupaten Bogor Leuwiliang,2026-05-14 13:00:00,73,73,38,,4,10,0,71,,,,,
Tangerang,Tangerang Pasir Jaya,2026-05-14 13:00:00,98,98,50,,59,63,0,65,,,,,
Bekasi,Bekasi Kayuringin,2026-05-14 13:00:00,82,82,44,,55,13,0,2,,,,,
Jakarta,The Pakubuwono Menteng,2026-05-14 14:03:38,95,95,34,74,,,,,44,33.59,,,
Depok,Cinere - Nafas,2026-05-14 14:04:10,120,120,48,87,,,,,0,0,,,
Bogor,Kabupaten Bogor Leuwiliang,2026-05-14 13:00:00,73,73,38,,4,10,0,71,,,,,
Tangerang,Tangerang Pasir Jaya,2026-05-14 13:00:00,98,98,50,,59,63,0,65,,,,,
Bekasi,Bekasi Kayuringin,2026-05-14 13:00:00,82,82,44,,55,13,0,2,,,,,
Jakarta,The Pakubuwono Menteng,2026-05-14 14:04:38,91,91,31,72,,,,,44,33.5,,,
Depok,Cinere - Nafas,2026-05-14 14:05:10,118,118,48,87,,,,,0,0,,,
Bogor,Kabupaten Bogor Leuwiliang,2026-05-14 14:00:00,72,72,37,,4,10,0,71,,,,,
Tangerang,Tangerang Pasir Jaya,2026-05-14 14:00:00,95,95,49,,59,63,0,65,,,,,
Bekasi,Bekasi Kayuringin,2026-05-14 14:00:00,82,82,44,,55,13,0,2,,,,,
Jakarta,The Pakubuwono Menteng,2026-05-14 14:06:38,95,95,34,74,,,,,44,33.5,,,
Depok,Cinere - Nafas,2026-05-14 14:07:10,113,113,45,83,,,,,0,0,,,
Bogor,Kabupaten Bogor Leuwiliang,2026-05-14 14:00:00,72,72,37,,4,10,0,71,,,,,
Tangerang,Tangerang Pasir Jaya,2026-05-14 14:00:00,95,95,49,,59,63,0,65,,,,,
Bekasi,Bekasi Kayuringin,2026-05-14 14:00:00,82,82,44,,55,13,0,2,,,,,
Jakarta,The Pakubuwono Menteng,2026-05-14 14:06:38,95,95,34,74,,,,,44,33.5,,,
Depok,Cinere - Nafas,2026-05-14 14:07:10,113,113,45,83,,,,,0,0,,,
Bogor,Kabupaten Bogor Leuwiliang,2026-05-14 14:00:00,72,72,37,,4,10,0,71,,,,,
Tangerang,Tangerang Pasir Jaya,2026-05-14 14:00:00,95,95,49,,59,63,0,65,,,,,
Bekasi,Bekasi Kayuringin,2026-05-14 14:00:00,82,82,44,,55,13,0,2,,,,,
Jakarta,The Pakubuwono Menteng,2026-05-14 14:07:38,94,94,34,74,,,,,44,33.5,,,
Depok,Cinere - Nafas,2026-05-14 14:08:10,113,113,44,86,,,,,0,0,,,
Bogor,Kabupaten Bogor Leuwiliang,2026-05-14 14:00:00,72,72,37,,4,10,0,71,,,,,
Tangerang,Tangerang Pasir Jaya,2026-05-14 14:00:00,95,95,49,,59,63,0,65,,,,,
Bekasi,Bekasi Kayuringin,2026-05-14 14:00:00,82,82,44,,55,13,0,2,,,,,
Jakarta,The Pakubuwono Menteng,2026-05-14 14:07:38,94,94,34,74,,,,,44,33.5,,,
Depok,Cinere - Nafas,2026-05-14 14:08:10,113,113,44,86,,,,,0,0,,,
Bogor,Kabupaten Bogor Leuwiliang,2026-05-14 14:00:00,72,72,37,,4,10,0,71,,,,,
Tangerang,Tangerang Pasir Jaya,2026-05-14 14:00:00,95,95,49,,59,63,0,65,,,,,
Bekasi,Bekasi Kayuringin,2026-05-14 14:00:00,82,82,44,,55,13,0,2,,,,,
Jakarta,The Pakubuwono Menteng,2026-05-14 14:09:38,91,91,30,72,,,,,43,33.59,,,
Depok,Cinere - Nafas,2026-05-14 14:10:10,112,112,45,83,,,,,0,0,,,
Bogor,Kabupaten Bogor Leuwiliang,2026-05-14 14:00:00,72,72,37,,4,10,0,71,,,,,
Tangerang,Tangerang Pasir Jaya,2026-05-14 14:00:00,95,95,49,,59,63,0,65,,,,,
Bekasi,Bekasi Kayuringin,2026-05-14 14:00:00,82,82,44,,55,13,0,2,,,,,
Jakarta,The Pakubuwono Menteng,2026-05-14 14:11:38,94,94,33,73,,,,,44,33.59,,,
Depok,Cinere - Nafas,2026-05-14 14:12:10,106,106,40,79,,,,,0,0,,,
Bogor,Kabupaten Bogor Leuwiliang,2026-05-14 14:00:00,72,72,37,,4,10,0,71,,,,,
Tangerang,Tangerang Pasir Jaya,2026-05-14 14:00:00,95,95,49,,59,63,0,65,,,,,
Bekasi,Bekasi Kayuringin,2026-05-14 14:00:00,82,82,44,,55,13,0,2,,,,,
Jakarta,The Pakubuwono Menteng,2026-05-14 14:11:38,94,94,33,73,,,,,44,33.59,,,
Depok,Cinere - Nafas,2026-05-14 14:13:10,111,111,42,82,,,,,0,0,,,
Bogor,Kabupaten Bogor Leuwiliang,2026-05-14 14:00:00,72,72,37,,4,10,0,71,,,,,
Tangerang,Tangerang Pasir Jaya,2026-05-14 14:00:00,95,95,49,,59,63,0,65,,,,,
Bekasi,Bekasi Kayuringin,2026-05-14 14:00:00,82,82,44,,55,13,0,2,,,,,
Jakarta,The Pakubuwono Menteng,2026-05-14 14:14:38,91,91,30,73,,,,,44,33.59,,,
Depok,Cinere - Nafas,2026-05-14 14:15:10,104,104,41,79,,,,,0,0,,,
Bogor,Kabupaten Bogor Leuwiliang,2026-05-14 14:00:00,72,72,37,,4,10,0,71,,,,,
Tangerang,Tangerang Pasir Jaya,2026-05-14 14:00:00,95,95,49,,59,63,0,65,,,,,
Bekasi,Bekasi Kayuringin,2026-05-14 14:00:00,82,82,44,,55,13,0,2,,,,,
Jakarta,The Pakubuwono Menteng,2026-05-14 14:14:38,91,91,30,73,,,,,44,33.59,,,
Depok,Cinere - Nafas,2026-05-14 14:15:10,104,104,41,79,,,,,0,0,,,
Bogor,Kabupaten Bogor Leuwiliang,2026-05-14 14:00:00,72,72,37,,4,10,0,71,,,,,
Tangerang,Tangerang Pasir Jaya,2026-05-14 14:00:00,95,95,49,,59,63,0,65,,,,,
Bekasi,Bekasi Kayuringin,2026-05-14 14:00:00,82,82,44,,55,13,0,2,,,,,
Jakarta,The Pakubuwono Menteng,2026-05-14 14:14:38,91,91,30,73,,,,,44,33.59,,,
Depok,Cinere - Nafas,2026-05-14 14:15:10,104,104,41,79,,,,,0,0,,,
Bogor,Kabupaten Bogor Leuwiliang,2026-05-14 14:00:00,72,72,37,,4,10,0,71,,,,,
Tangerang,Tangerang Pasir Jaya,2026-05-14 14:00:00,95,95,49,,59,63,0,65,,,,,
Bekasi,Bekasi Kayuringin,2026-05-14 14:00:00,82,82,44,,55,13,0,2,,,,,
Jakarta,The Pakubuwono Menteng,2026-05-14 14:14:38,91,91,30,73,,,,,44,33.59,,,
Depok,Cinere - Nafas,2026-05-14 14:15:10,104,104,41,79,,,,,0,0,,,
Bogor,Kabupaten Bogor Leuwiliang,2026-05-14 14:00:00,72,72,37,,4,10,0,71,,,,,
Tangerang,Tangerang Pasir Jaya,2026-05-14 14:00:00,95,95,49,,59,63,0,65,,,,,
Bekasi,Bekasi Kayuringin,2026-05-14 14:00:00,82,82,44,,55,13,0,2,,,,,
Jakarta,The Pakubuwono Menteng,2026-05-14 14:17:38,93,93,34,72,,,,,44,33.7,,,
Depok,Cinere - Nafas,2026-05-14 14:17:10,110,110,42,83,,,,,0,0,,,
Bogor,Kabupaten Bogor Leuwiliang,2026-05-14 14:00:00,72,72,37,,4,10,0,71,,,,,
Tangerang,Tangerang Pasir Jaya,2026-05-14 14:00:00,95,95,49,,59,63,0,65,,,,,
Bekasi,Bekasi Kayuringin,2026-05-14 14:00:00,82,82,44,,55,13,0,2,,,,,
Jakarta,The Pakubuwono Menteng,2026-05-14 14:17:38,93,93,34,72,,,,,44,33.7,,,
Depok,Cinere - Nafas,2026-05-14 14:17:10,110,110,42,83,,,,,0,0,,,
Bogor,Kabupaten Bogor Leuwiliang,2026-05-14 14:00:00,72,72,37,,4,10,0,71,,,,,
Tangerang,Tangerang Pasir Jaya,2026-05-14 14:00:00,95,95,49,,59,63,0,65,,,,,
Bekasi,Bekasi Kayuringin,2026-05-14 14:00:00,82,82,44,,55,13,0,2,,,,,
Jakarta,The Pakubuwono Menteng,2026-05-14 14:17:38,93,93,34,72,,,,,44,33.7,,,
Depok,Cinere - Nafas,2026-05-14 14:17:10,110,110,42,83,,,,,0,0,,,
Bogor,Kabupaten Bogor Leuwiliang,2026-05-14 14:00:00,72,72,37,,4,10,0,71,,,,,
Tangerang,Tangerang Pasir Jaya,2026-05-14 14:00:00,95,95,49,,59,63,0,65,,,,,
Bekasi,Bekasi Kayuringin,2026-05-14 14:00:00,82,82,44,,55,13,0,2,,,,,
Jakarta,The Pakubuwono Menteng,2026-05-14 14:21:38,95,95,34,74,,,,,44,33.7,,,
Depok,Cinere - Nafas,2026-05-14 14:21:10,101,101,40,78,,,,,0,0,,,
Bogor,Kabupaten Bogor Leuwiliang,2026-05-14 14:00:00,72,72,37,,4,10,0,71,,,,,
Tangerang,Tangerang Pasir Jaya,2026-05-14 14:00:00,95,95,49,,59,63,0,65,,,,,
Bekasi,Bekasi Kayuringin,2026-05-14 14:00:00,82,82,44,,55,13,0,2,,,,,
Jakarta,The Pakubuwono Menteng,2026-05-14 14:22:38,101,101,38,78,,,,,44,33.7,,,
Depok,Cinere - Nafas,2026-05-14 14:23:10,107,107,42,81,,,,,0,0,,,
Bogor,Kabupaten Bogor Leuwiliang,2026-05-14 14:00:00,72,72,37,,4,10,0,71,,,,,
Tangerang,Tangerang Pasir Jaya,2026-05-14 14:00:00,95,95,49,,59,63,0,65,,,,,
Bekasi,Bekasi Kayuringin,2026-05-14 14:00:00,82,82,44,,55,13,0,2,,,,,
Jakarta,The Pakubuwono Menteng,2026-05-14 14:23:38,93,93,33,76,,,,,44,33.7,,,
Depok,Cinere - Nafas,2026-05-14 14:24:10,108,108,41,82,,,,,0,0,,,
Bogor,Kabupaten Bogor Leuwiliang,2026-05-14 14:00:00,72,72,37,,4,10,0,71,,,,,
Tangerang,Tangerang Pasir Jaya,2026-05-14 14:00:00,95,95,49,,59,63,0,65,,,,,
Bekasi,Bekasi Kayuringin,2026-05-14 14:00:00,82,82,44,,55,13,0,2,,,,,
Jakarta,The Pakubuwono Menteng,2026-05-14 14:23:38,93,93,33,76,,,,,44,33.7,,,
Depok,Cinere - Nafas,2026-05-14 14:24:10,108,108,41,82,,,,,0,0,,,
Bogor,Kabupaten Bogor Leuwiliang,2026-05-14 14:00:00,72,72,37,,4,10,0,71,,,,,
Tangerang,Tangerang Pasir Jaya,2026-05-14 14:00:00,95,95,49,,59,63,0,65,,,,,
Bekasi,Bekasi Kayuringin,2026-05-14 14:00:00,82,82,44,,55,13,0,2,,,,,
Jakarta,The Pakubuwono Menteng,2026-05-14 14:26:38,98,98,36,74,,,,,45,33.8,,,
Depok,Cinere - Nafas,2026-05-14 14:26:10,110,110,43,83,,,,,0,0,,,
Bogor,Kabupaten Bogor Leuwiliang,2026-05-14 14:00:00,72,72,37,,4,10,0,71,,,,,
Tangerang,Tangerang Pasir Jaya,2026-05-14 14:00:00,95,95,49,,59,63,0,65,,,,,
Bekasi,Bekasi Kayuringin,2026-05-14 14:00:00,82,82,44,,55,13,0,2,,,,,
Jakarta,The Pakubuwono Menteng,2026-05-14 14:28:38,97,97,35,74,,,,,44,33.9,,,
Depok,Cinere - Nafas,2026-05-14 14:29:10,101,101,37,79,,,,,0,0,,,
Bogor,Kabupaten Bogor Leuwiliang,2026-05-14 14:00:00,72,72,37,,4,10,0,71,,,,,
Tangerang,Tangerang Pasir Jaya,2026-05-14 14:00:00,95,95,49,,59,63,0,65,,,,,
Bekasi,Bekasi Kayuringin,2026-05-14 14:00:00,82,82,44,,55,13,0,2,,,,,
Jakarta,The Pakubuwono Menteng,2026-05-14 14:28:38,97,97,35,74,,,,,44,33.9,,,
Depok,Cinere - Nafas,2026-05-14 14:29:10,101,101,37,79,,,,,0,0,,,
Bogor,Kabupaten Bogor Leuwiliang,2026-05-14 14:00:00,72,72,37,,4,10,0,71,,,,,
Tangerang,Tangerang Pasir Jaya,2026-05-14 14:00:00,95,95,49,,59,63,0,65,,,,,
Bekasi,Bekasi Kayuringin,2026-05-14 14:00:00,82,82,44,,55,13,0,2,,,,,
Jakarta,The Pakubuwono Menteng,2026-05-14 14:28:38,97,97,35,74,,,,,44,33.9,,,
Depok,Cinere - Nafas,2026-05-14 14:29:10,101,101,37,79,,,,,0,0,,,
Bogor,Kabupaten Bogor Leuwiliang,2026-05-14 14:00:00,72,72,37,,4,10,0,71,,,,,
Tangerang,Tangerang Pasir Jaya,2026-05-14 14:00:00,95,95,49,,59,63,0,65,,,,,
Bekasi,Bekasi Kayuringin,2026-05-14 14:00:00,82,82,44,,55,13,0,2,,,,,
Jakarta,The Pakubuwono Menteng,2026-05-14 14:28:38,97,97,35,74,,,,,44,33.9,,,
Depok,Cinere - Nafas,2026-05-14 14:29:10,101,101,37,79,,,,,0,0,,,
Bogor,Kabupaten Bogor Leuwiliang,2026-05-14 14:00:00,72,72,37,,4,10,0,71,,,,,
Tangerang,Tangerang Pasir Jaya,2026-05-14 14:00:00,95,95,49,,59,63,0,65,,,,,
Bekasi,Bekasi Kayuringin,2026-05-14 14:00:00,82,82,44,,55,13,0,2,,,,,
Jakarta,The Pakubuwono Menteng,2026-05-14 14:28:38,97,97,35,74,,,,,44,33.9,,,
Depok,Cinere - Nafas,2026-05-14 14:29:10,101,101,37,79,,,,,0,0,,,
Bogor,Kabupaten Bogor Leuwiliang,2026-05-14 14:00:00,72,72,37,,4,10,0,71,,,,,
Tangerang,Tangerang Pasir Jaya,2026-05-14 14:00:00,95,95,49,,59,63,0,65,,,,,
Bekasi,Bekasi Kayuringin,2026-05-14 14:00:00,82,82,44,,55,13,0,2,,,,,
Jakarta,The Pakubuwono Menteng,2026-05-14 14:30:38,95,95,32,75,,,,,44,33.9,,,
Depok,Cinere - Nafas,2026-05-14 14:31:10,105,105,40,81,,,,,0,0,,,
Bogor,Kabupaten Bogor Leuwiliang,2026-05-14 14:00:00,72,72,37,,4,10,0,71,,,,,
Tangerang,Tangerang Pasir Jaya,2026-05-14 14:00:00,95,95,49,,59,63,0,65,,,,,
Bekasi,Bekasi Kayuringin,2026-05-14 14:00:00,82,82,44,,55,13,0,2,,,,,
Jakarta,The Pakubuwono Menteng,2026-05-14 14:30:38,95,95,32,75,,,,,44,33.9,,,
Depok,Cinere - Nafas,2026-05-14 14:31:10,105,105,40,81,,,,,0,0,,,
Bogor,Kabupaten Bogor Leuwiliang,2026-05-14 14:00:00,72,72,37,,4,10,0,71,,,,,
Tangerang,Tangerang Pasir Jaya,2026-05-14 14:00:00,95,95,49,,59,63,0,65,,,,,
Bekasi,Bekasi Kayuringin,2026-05-14 14:00:00,82,82,44,,55,13,0,2,,,,,
Jakarta,The Pakubuwono Menteng,2026-05-14 14:35:38,99,99,36,75,,,,,45,33.8,,,
Depok,Cinere - Nafas,2026-05-14 14:36:10,108,108,44,83,,,,,0,0,,,
Bogor,Kabupaten Bogor Leuwiliang,2026-05-14 14:00:00,72,72,37,,4,10,0,71,,,,,
Tangerang,Tangerang Pasir Jaya,2026-05-14 14:00:00,95,95,49,,59,63,0,65,,,,,
Bekasi,Bekasi Kayuringin,2026-05-14 14:00:00,82,82,44,,55,13,0,2,,,,,
Jakarta,The Pakubuwono Menteng,2026-05-14 14:36:38,93,93,35,74,,,,,45,33.9,,,
Depok,Cinere - Nafas,2026-05-14 14:37:10,109,109,41,82,,,,,0,0,,,
Bogor,Kabupaten Bogor Leuwiliang,2026-05-14 14:00:00,72,72,37,,4,10,0,71,,,,,
Tangerang,Tangerang Pasir Jaya,2026-05-14 14:00:00,95,95,49,,59,63,0,65,,,,,
Bekasi,Bekasi Kayuringin,2026-05-14 14:00:00,82,82,44,,55,13,0,2,,,,,
Jakarta,The Pakubuwono Menteng,2026-05-14 14:40:38,100,100,41,78,,,,,45,33.8,,,
Depok,Cinere - Nafas,2026-05-14 14:41:10,111,111,44,83,,,,,0,0,,,
Bogor,Kabupaten Bogor Leuwiliang,2026-05-14 14:00:00,72,72,37,,4,10,0,71,,,,,
Tangerang,Tangerang Pasir Jaya,2026-05-14 14:00:00,95,95,49,,59,63,0,65,,,,,
Bekasi,Bekasi Kayuringin,2026-05-14 14:00:00,82,82,44,,55,13,0,2,,,,,
Jakarta,The Pakubuwono Menteng,2026-05-14 14:40:38,100,100,41,78,,,,,45,33.8,,,
Depok,Cinere - Nafas,2026-05-14 14:41:10,111,111,44,83,,,,,0,0,,,
Bogor,Kabupaten Bogor Leuwiliang,2026-05-14 14:00:00,72,72,37,,4,10,0,71,,,,,
Tangerang,Tangerang Pasir Jaya,2026-05-14 14:00:00,95,95,49,,59,63,0,65,,,,,
Bekasi,Bekasi Kayuringin,2026-05-14 14:00:00,82,82,44,,55,13,0,2,,,,,
Jakarta,The Pakubuwono Menteng,2026-05-14 14:40:38,100,100,41,78,,,,,45,33.8,,,
Depok,Cinere - Nafas,2026-05-14 14:41:10,111,111,44,83,,,,,0,0,,,
Bogor,Kabupaten Bogor Leuwiliang,2026-05-14 14:00:00,72,72,37,,4,10,0,71,,,,,
Tangerang,Tangerang Pasir Jaya,2026-05-14 14:00:00,95,95,49,,59,63,0,65,,,,,
Bekasi,Bekasi Kayuringin,2026-05-14 14:00:00,82,82,44,,55,13,0,2,,,,,
Jakarta,The Pakubuwono Menteng,2026-05-14 14:40:38,100,100,41,78,,,,,45,33.8,,,
Depok,Cinere - Nafas,2026-05-14 14:41:10,111,111,44,83,,,,,0,0,,,
Bogor,Kabupaten Bogor Leuwiliang,2026-05-14 14:00:00,72,72,37,,4,10,0,71,,,,,
Tangerang,Tangerang Pasir Jaya,2026-05-14 14:00:00,95,95,49,,59,63,0,65,,,,,
Bekasi,Bekasi Kayuringin,2026-05-14 14:00:00,82,82,44,,55,13,0,2,,,,,
Jakarta,The Pakubuwono Menteng,2026-05-14 14:40:38,100,100,41,78,,,,,45,33.8,,,
Depok,Cinere - Nafas,2026-05-14 14:41:10,111,111,44,83,,,,,0,0,,,
Bogor,Kabupaten Bogor Leuwiliang,2026-05-14 14:00:00,72,72,37,,4,10,0,71,,,,,
Tangerang,Tangerang Pasir Jaya,2026-05-14 14:00:00,95,95,49,,59,63,0,65,,,,,
Bekasi,Bekasi Kayuringin,2026-05-14 14:00:00,82,82,44,,55,13,0,2,,,,,
Jakarta,The Pakubuwono Menteng,2026-05-14 14:44:39,105,105,41,79,,,,,45,33.8,,,
Depok,Cinere - Nafas,2026-05-14 14:44:10,110,110,42,82,,,,,0,0,,,
Bogor,Kabupaten Bogor Leuwiliang,2026-05-14 14:00:00,72,72,37,,4,10,0,71,,,,,
Tangerang,Tangerang Pasir Jaya,2026-05-14 14:00:00,95,95,49,,59,63,0,65,,,,,
Bekasi,Bekasi Kayuringin,2026-05-14 14:00:00,82,82,44,,55,13,0,2,,,,,
Jakarta,The Pakubuwono Menteng,2026-05-14 14:46:39,101,101,36,78,,,,,45,33.7,,,
Depok,Cinere - Nafas,2026-05-14 14:46:10,107,107,40,82,,,,,0,0,,,
Bogor,Kabupaten Bogor Leuwiliang,2026-05-14 14:00:00,72,72,37,,4,10,0,71,,,,,
Tangerang,Tangerang Pasir Jaya,2026-05-14 14:00:00,95,95,49,,59,63,0,65,,,,,
Bekasi,Bekasi Kayuringin,2026-05-14 14:00:00,82,82,44,,55,13,0,2,,,,,
Jakarta,The Pakubuwono Menteng,2026-05-14 14:47:39,97,97,34,75,,,,,44,33.7,,,
Depok,Cinere - Nafas,2026-05-14 14:48:10,108,108,42,79,,,,,0,0,,,
Bogor,Kabupaten Bogor Leuwiliang,2026-05-14 14:00:00,72,72,37,,4,10,0,71,,,,,
Tangerang,Tangerang Pasir Jaya,2026-05-14 14:00:00,95,95,49,,59,63,0,65,,,,,
Bekasi,Bekasi Kayuringin,2026-05-14 14:00:00,82,82,44,,55,13,0,2,,,,,
Jakarta,The Pakubuwono Menteng,2026-05-14 14:49:39,99,99,37,79,,,,,46,33.59,,,
Depok,Cinere - Nafas,2026-05-14 14:49:10,104,104,40,80,,,,,0,0,,,
Bogor,Kabupaten Bogor Leuwiliang,2026-05-14 14:00:00,72,72,37,,4,10,0,71,,,,,
Tangerang,Tangerang Pasir Jaya,2026-05-14 14:00:00,95,95,49,,59,63,0,65,,,,,
Bekasi,Bekasi Kayuringin,2026-05-14 14:00:00,82,82,44,,55,13,0,2,,,,,
Jakarta,The Pakubuwono Menteng,2026-05-14 14:49:39,99,99,37,79,,,,,46,33.59,,,
Depok,Cinere - Nafas,2026-05-14 14:49:10,104,104,40,80,,,,,0,0,,,
Bogor,Kabupaten Bogor Leuwiliang,2026-05-14 14:00:00,72,72,37,,4,10,0,71,,,,,
Tangerang,Tangerang Pasir Jaya,2026-05-14 14:00:00,95,95,49,,59,63,0,65,,,,,
Bekasi,Bekasi Kayuringin,2026-05-14 14:00:00,82,82,44,,55,13,0,2,,,,,
Jakarta,The Pakubuwono Menteng,2026-05-14 14:51:39,101,101,37,79,,,,,46,33.5,,,
Depok,Cinere - Nafas,2026-05-14 14:51:11,108,108,44,81,,,,,0,0,,,
Bogor,Kabupaten Bogor Leuwiliang,2026-05-14 14:00:00,72,72,37,,4,10,0,71,,,,,
Tangerang,Tangerang Pasir Jaya,2026-05-14 14:00:00,95,95,49,,59,63,0,65,,,,,
Bekasi,Bekasi Kayuringin,2026-05-14 14:00:00,82,82,44,,55,13,0,2,,,,,
Jakarta,The Pakubuwono Menteng,2026-05-14 14:53:39,99,99,37,78,,,,,46,33.3,,,
Depok,Cinere - Nafas,2026-05-14 14:53:11,107,107,42,83,,,,,0,0,,,
Bogor,Kabupaten Bogor Leuwiliang,2026-05-14 14:00:00,72,72,37,,4,10,0,71,,,,,
Tangerang,Tangerang Pasir Jaya,2026-05-14 14:00:00,95,95,49,,59,63,0,65,,,,,
Bekasi,Bekasi Kayuringin,2026-05-14 14:00:00,82,82,44,,55,13,0,2,,,,,
Jakarta,The Pakubuwono Menteng,2026-05-14 14:53:39,99,99,37,78,,,,,46,33.3,,,
Depok,Cinere - Nafas,2026-05-14 14:53:11,107,107,42,83,,,,,0,0,,,
Bogor,Kabupaten Bogor Leuwiliang,2026-05-14 14:00:00,72,72,37,,4,10,0,71,,,,,
Tangerang,Tangerang Pasir Jaya,2026-05-14 14:00:00,95,95,49,,59,63,0,65,,,,,
Bekasi,Bekasi Kayuringin,2026-05-14 14:00:00,82,82,44,,55,13,0,2,,,,,
Jakarta,The Pakubuwono Menteng,2026-05-14 14:55:39,97,97,36,78,,,,,46,33.09,,,
Depok,Cinere - Nafas,2026-05-14 14:55:11,109,109,42,84,,,,,0,0,,,
Bogor,Kabupaten Bogor Leuwiliang,2026-05-14 14:00:00,72,72,37,,4,10,0,71,,,,,
Tangerang,Tangerang Pasir Jaya,2026-05-14 14:00:00,95,95,49,,59,63,0,65,,,,,
Bekasi,Bekasi Kayuringin,2026-05-14 14:00:00,82,82,44,,55,13,0,2,,,,,
Jakarta,The Pakubuwono Menteng,2026-05-14 14:56:39,98,98,36,79,,,,,47,33.09,,,
Depok,Cinere - Nafas,2026-05-14 14:56:11,108,108,42,80,,,,,0,0,,,
Bogor,Kabupaten Bogor Leuwiliang,2026-05-14 14:00:00,72,72,37,,4,10,0,71,,,,,
Tangerang,Tangerang Pasir Jaya,2026-05-14 14:00:00,95,95,49,,59,63,0,65,,,,,
Bekasi,Bekasi Kayuringin,2026-05-14 14:00:00,82,82,44,,55,13,0,2,,,,,
Jakarta,The Pakubuwono Menteng,2026-05-14 14:56:39,98,98,36,79,,,,,47,33.09,,,
Depok,Cinere - Nafas,2026-05-14 14:56:11,108,108,42,80,,,,,0,0,,,
Bogor,Kabupaten Bogor Leuwiliang,2026-05-14 14:00:00,72,72,37,,4,10,0,71,,,,,
Tangerang,Tangerang Pasir Jaya,2026-05-14 14:00:00,95,95,49,,59,63,0,65,,,,,
Bekasi,Bekasi Kayuringin,2026-05-14 14:00:00,82,82,44,,55,13,0,2,,,,,
Jakarta,The Pakubuwono Menteng,2026-05-14 14:58:39,97,97,36,76,,,,,47,32.9,,,
Depok,Cinere - Nafas,2026-05-14 14:59:11,104,104,41,79,,,,,0,0,,,
Bogor,Kabupaten Bogor Leuwiliang,2026-05-14 14:00:00,72,72,37,,4,10,0,71,,,,,
Tangerang,Tangerang Pasir Jaya,2026-05-14 14:00:00,95,95,49,,59,63,0,65,,,,,
Bekasi,Bekasi Kayuringin,2026-05-14 14:00:00,82,82,44,,55,13,0,2,,,,,
Jakarta,The Pakubuwono Menteng,2026-05-14 15:00:39,102,102,40,80,,,,,47,33,,,
Depok,Cinere - Nafas,2026-05-14 15:00:16,110,110,41,83,,,,,0,0,,,
Bogor,Kabupaten Bogor Leuwiliang,2026-05-14 14:00:00,72,72,37,,4,10,0,71,,,,,
Tangerang,Tangerang Pasir Jaya,2026-05-14 14:00:00,95,95,49,,59,63,0,65,,,,,
Bekasi,Bekasi Kayuringin,2026-05-14 14:00:00,82,82,44,,55,13,0,2,,,,,
Jakarta,The Pakubuwono Menteng,2026-05-14 15:01:39,100,100,38,78,,,,,47,33,,,
Depok,Cinere - Nafas,2026-05-14 15:01:11,108,108,42,83,,,,,0,0,,,
Bogor,Kabupaten Bogor Leuwiliang,2026-05-14 14:00:00,72,72,37,,4,10,0,71,,,,,
Tangerang,Tangerang Pasir Jaya,2026-05-14 14:00:00,95,95,49,,59,63,0,65,,,,,
Bekasi,Bekasi Kayuringin,2026-05-14 14:00:00,82,82,44,,55,13,0,2,,,,,
Jakarta,The Pakubuwono Menteng,2026-05-14 15:01:39,100,100,38,78,,,,,47,33,,,
Depok,Cinere - Nafas,2026-05-14 15:01:11,108,108,42,83,,,,,0,0,,,
Bogor,Kabupaten Bogor Leuwiliang,2026-05-14 14:00:00,72,72,37,,4,10,0,71,,,,,
Tangerang,Tangerang Pasir Jaya,2026-05-14 14:00:00,95,95,49,,59,63,0,65,,,,,
Bekasi,Bekasi Kayuringin,2026-05-14 14:00:00,82,82,44,,55,13,0,2,,,,,
Jakarta,The Pakubuwono Menteng,2026-05-14 15:03:39,105,105,40,79,,,,,48,32.9,,,
Depok,Cinere - Nafas,2026-05-14 15:03:11,111,111,43,83,,,,,0,0,,,
Bogor,Kabupaten Bogor Leuwiliang,2026-05-14 14:00:00,72,72,37,,4,10,0,71,,,,,
Tangerang,Tangerang Pasir Jaya,2026-05-14 14:00:00,95,95,49,,59,63,0,65,,,,,
Bekasi,Bekasi Kayuringin,2026-05-14 14:00:00,82,82,44,,55,13,0,2,,,,,
Jakarta,The Pakubuwono Menteng,2026-05-14 15:05:39,102,102,39,79,,,,,48,32.9,,,
Depok,Cinere - Nafas,2026-05-14 15:05:11,108,108,43,82,,,,,0,0,,,
Bogor,Kabupaten Bogor Leuwiliang,2026-05-14 15:00:00,71,71,36,,4,10,0,71,,,,,
Tangerang,Tangerang Pasir Jaya,2026-05-14 14:00:00,95,95,49,,59,63,0,65,,,,,
Bekasi,Bekasi Kayuringin,2026-05-14 15:00:00,82,82,44,,55,13,0,2,,,,,
Jakarta,The Pakubuwono Menteng,2026-05-14 15:05:39,102,102,39,79,,,,,48,32.9,,,
Depok,Cinere - Nafas,2026-05-14 15:05:11,108,108,43,82,,,,,0,0,,,
Bogor,Kabupaten Bogor Leuwiliang,2026-05-14 15:00:00,71,71,36,,4,10,0,71,,,,,
Tangerang,Tangerang Pasir Jaya,2026-05-14 14:00:00,95,95,49,,59,63,0,65,,,,,
Bekasi,Bekasi Kayuringin,2026-05-14 15:00:00,82,82,44,,55,13,0,2,,,,,
Jakarta,The Pakubuwono Menteng,2026-05-14 15:06:39,109,109,43,83,,,,,48,32.9,,,
Depok,Cinere - Nafas,2026-05-14 15:06:11,111,111,43,81,,,,,0,0,,,
Bogor,Kabupaten Bogor Leuwiliang,2026-05-14 15:00:00,71,71,36,,4,10,0,71,,,,,
Tangerang,Tangerang Pasir Jaya,2026-05-14 14:00:00,95,95,49,,59,63,0,65,,,,,
Bekasi,Bekasi Kayuringin,2026-05-14 15:00:00,82,82,44,,55,13,0,2,,,,,
Jakarta,The Pakubuwono Menteng,2026-05-14 15:06:39,109,109,43,83,,,,,48,32.9,,,
Depok,Cinere - Nafas,2026-05-14 15:06:11,111,111,43,81,,,,,0,0,,,
Bogor,Kabupaten Bogor Leuwiliang,2026-05-14 15:00:00,71,71,36,,4,10,0,71,,,,,
Tangerang,Tangerang Pasir Jaya,2026-05-14 14:00:00,95,95,49,,59,63,0,65,,,,,
Bekasi,Bekasi Kayuringin,2026-05-14 15:00:00,82,82,44,,55,13,0,2,,,,,
Jakarta,The Pakubuwono Menteng,2026-05-14 15:10:39,109,109,43,84,,,,,49,32.7,,,
Depok,Cinere - Nafas,2026-05-14 15:11:11,105,105,41,79,,,,,0,0,,,
Bogor,Kabupaten Bogor Leuwiliang,2026-05-14 15:00:00,71,71,36,,4,10,0,71,,,,,
Tangerang,Tangerang Pasir Jaya,2026-05-14 14:00:00,95,95,49,,59,63,0,65,,,,,
Bekasi,Bekasi Kayuringin,2026-05-14 15:00:00,82,82,44,,55,13,0,2,,,,,
Jakarta,The Pakubuwono Menteng,2026-05-14 15:10:39,109,109,43,84,,,,,49,32.7,,,
Depok,Cinere - Nafas,2026-05-14 15:11:11,105,105,41,79,,,,,0,0,,,
Bogor,Kabupaten Bogor Leuwiliang,2026-05-14 15:00:00,71,71,36,,4,10,0,71,,,,,
Tangerang,Tangerang Pasir Jaya,2026-05-14 14:00:00,95,95,49,,59,63,0,65,,,,,
Bekasi,Bekasi Kayuringin,2026-05-14 15:00:00,82,82,44,,55,13,0,2,,,,,
Jakarta,The Pakubuwono Menteng,2026-05-14 15:12:39,111,111,43,83,,,,,49,32.59,,,
Depok,Cinere - Nafas,2026-05-14 15:13:11,106,106,40,82,,,,,0,0,,,
Bogor,Kabupaten Bogor Leuwiliang,2026-05-14 15:00:00,71,71,36,,4,10,0,71,,,,,
Tangerang,Tangerang Pasir Jaya,2026-05-14 14:00:00,95,95,49,,59,63,0,65,,,,,
Bekasi,Bekasi Kayuringin,2026-05-14 15:00:00,82,82,44,,55,13,0,2,,,,,
Jakarta,The Pakubuwono Menteng,2026-05-14 15:12:39,111,111,43,83,,,,,49,32.59,,,
Depok,Cinere - Nafas,2026-05-14 15:13:11,106,106,40,82,,,,,0,0,,,
Bogor,Kabupaten Bogor Leuwiliang,2026-05-14 15:00:00,71,71,36,,4,10,0,71,,,,,
Tangerang,Tangerang Pasir Jaya,2026-05-14 14:00:00,95,95,49,,59,63,0,65,,,,,
Bekasi,Bekasi Kayuringin,2026-05-14 15:00:00,82,82,44,,55,13,0,2,,,,,
Jakarta,The Pakubuwono Menteng,2026-05-14 15:14:39,110,110,42,83,,,,,49,32.59,,,
Depok,Cinere - Nafas,2026-05-14 15:15:11,103,103,40,79,,,,,0,0,,,
Bogor,Kabupaten Bogor Leuwiliang,2026-05-14 15:00:00,71,71,36,,4,10,0,71,,,,,
Tangerang,Tangerang Pasir Jaya,2026-05-14 14:00:00,95,95,49,,59,63,0,65,,,,,
Bekasi,Bekasi Kayuringin,2026-05-14 15:00:00,82,82,44,,55,13,0,2,,,,,
Jakarta,The Pakubuwono Menteng,2026-05-14 15:14:39,110,110,42,83,,,,,49,32.59,,,
Depok,Cinere - Nafas,2026-05-14 15:15:11,103,103,40,79,,,,,0,0,,,
Bogor,Kabupaten Bogor Leuwiliang,2026-05-14 15:00:00,71,71,36,,4,10,0,71,,,,,
Tangerang,Tangerang Pasir Jaya,2026-05-14 14:00:00,95,95,49,,59,63,0,65,,,,,
Bekasi,Bekasi Kayuringin,2026-05-14 15:00:00,82,82,44,,55,13,0,2,,,,,
Jakarta,The Pakubuwono Menteng,2026-05-14 15:15:39,111,111,43,84,,,,,49,32.59,,,
Depok,Cinere - Nafas,2026-05-14 15:16:11,104,104,40,78,,,,,0,0,,,
Bogor,Kabupaten Bogor Leuwiliang,2026-05-14 15:00:00,71,71,36,,4,10,0,71,,,,,
Tangerang,Tangerang Pasir Jaya,2026-05-14 14:00:00,95,95,49,,59,63,0,65,,,,,
Bekasi,Bekasi Kayuringin,2026-05-14 15:00:00,82,82,44,,55,13,0,2,,,,,
Jakarta,The Pakubuwono Menteng,2026-05-14 15:17:39,111,111,43,84,,,,,50,32.59,,,
Depok,Cinere - Nafas,2026-05-14 15:18:11,108,108,42,83,,,,,0,0,,,
Bogor,Kabupaten Bogor Leuwiliang,2026-05-14 15:00:00,71,71,36,,4,10,0,71,,,,,
Tangerang,Tangerang Pasir Jaya,2026-05-14 14:00:00,95,95,49,,59,63,0,65,,,,,
Bekasi,Bekasi Kayuringin,2026-05-14 15:00:00,82,82,44,,55,13,0,2,,,,,
Jakarta,The Pakubuwono Menteng,2026-05-14 15:17:39,111,111,43,84,,,,,50,32.59,,,
Depok,Cinere - Nafas,2026-05-14 15:18:11,108,108,42,83,,,,,0,0,,,
Bogor,Kabupaten Bogor Leuwiliang,2026-05-14 15:00:00,71,71,36,,4,10,0,71,,,,,
Tangerang,Tangerang Pasir Jaya,2026-05-14 14:00:00,95,95,49,,59,63,0,65,,,,,
Bekasi,Bekasi Kayuringin,2026-05-14 15:00:00,82,82,44,,55,13,0,2,,,,,
Jakarta,The Pakubuwono Menteng,2026-05-14 15:20:39,111,111,42,83,,,,,50,32.5,,,
Depok,Cinere - Nafas,2026-05-14 15:21:11,108,108,43,79,,,,,0,0,,,
Bogor,Kabupaten Bogor Leuwiliang,2026-05-14 15:00:00,71,71,36,,4,10,0,71,,,,,
Tangerang,Tangerang Pasir Jaya,2026-05-14 14:00:00,95,95,49,,59,63,0,65,,,,,
Bekasi,Bekasi Kayuringin,2026-05-14 15:00:00,82,82,44,,55,13,0,2,,,,,
Jakarta,The Pakubuwono Menteng,2026-05-14 15:20:39,111,111,42,83,,,,,50,32.5,,,
Depok,Cinere - Nafas,2026-05-14 15:21:11,108,108,43,79,,,,,0,0,,,
Bogor,Kabupaten Bogor Leuwiliang,2026-05-14 15:00:00,71,71,36,,4,10,0,71,,,,,
Tangerang,Tangerang Pasir Jaya,2026-05-14 14:00:00,95,95,49,,59,63,0,65,,,,,
Bekasi,Bekasi Kayuringin,2026-05-14 15:00:00,82,82,44,,55,13,0,2,,,,,
Jakarta,The Pakubuwono Menteng,2026-05-14 15:23:39,109,109,42,83,,,,,51,32.5,,,
Depok,Cinere - Nafas,2026-05-14 15:23:11,111,111,44,80,,,,,0,0,,,
Bogor,Kabupaten Bogor Leuwiliang,2026-05-14 15:00:00,71,71,36,,4,10,0,71,,,,,
Tangerang,Tangerang Pasir Jaya,2026-05-14 14:00:00,95,95,49,,59,63,0,65,,,,,
Bekasi,Bekasi Kayuringin,2026-05-14 15:00:00,82,82,44,,55,13,0,2,,,,,
Jakarta,The Pakubuwono Menteng,2026-05-14 15:23:39,109,109,42,83,,,,,51,32.5,,,
Depok,Cinere - Nafas,2026-05-14 15:23:11,111,111,44,80,,,,,0,0,,,
Bogor,Kabupaten Bogor Leuwiliang,2026-05-14 15:00:00,71,71,36,,4,10,0,71,,,,,
Tangerang,Tangerang Pasir Jaya,2026-05-14 14:00:00,95,95,49,,59,63,0,65,,,,,
Bekasi,Bekasi Kayuringin,2026-05-14 15:00:00,82,82,44,,55,13,0,2,,,,,
Jakarta,The Pakubuwono Menteng,2026-05-14 15:25:40,107,107,40,82,,,,,51,32.3,,,
Depok,Cinere - Nafas,2026-05-14 15:25:11,110,110,42,79,,,,,0,0,,,
Bogor,Kabupaten Bogor Leuwiliang,2026-05-14 15:00:00,71,71,36,,4,10,0,71,,,,,
Tangerang,Tangerang Pasir Jaya,2026-05-14 14:00:00,95,95,49,,59,63,0,65,,,,,
Bekasi,Bekasi Kayuringin,2026-05-14 15:00:00,82,82,44,,55,13,0,2,,,,,
Jakarta,The Pakubuwono Menteng,2026-05-14 15:26:40,108,108,42,83,,,,,51,32.3,,,
Depok,Cinere - Nafas,2026-05-14 15:27:11,113,113,45,83,,,,,0,0,,,
Bogor,Kabupaten Bogor Leuwiliang,2026-05-14 15:00:00,71,71,36,,4,10,0,71,,,,,
Tangerang,Tangerang Pasir Jaya,2026-05-14 14:00:00,95,95,49,,59,63,0,65,,,,,
Bekasi,Bekasi Kayuringin,2026-05-14 15:00:00,82,82,44,,55,13,0,2,,,,,
Jakarta,The Pakubuwono Menteng,2026-05-14 15:26:40,108,108,42,83,,,,,51,32.3,,,
Depok,Cinere - Nafas,2026-05-14 15:27:11,113,113,45,83,,,,,0,0,,,
Bogor,Kabupaten Bogor Leuwiliang,2026-05-14 15:00:00,71,71,36,,4,10,0,71,,,,,
Tangerang,Tangerang Pasir Jaya,2026-05-14 14:00:00,95,95,49,,59,63,0,65,,,,,
Bekasi,Bekasi Kayuringin,2026-05-14 15:00:00,82,82,44,,55,13,0,2,,,,,
Jakarta,The Pakubuwono Menteng,2026-05-14 15:28:40,101,101,38,79,,,,,52,32,,,
Depok,Cinere - Nafas,2026-05-14 15:29:11,120,120,49,85,,,,,0,0,,,
Bogor,Kabupaten Bogor Leuwiliang,2026-05-14 15:00:00,71,71,36,,4,10,0,71,,,,,
Tangerang,Tangerang Pasir Jaya,2026-05-14 14:00:00,95,95,49,,59,63,0,65,,,,,
Bekasi,Bekasi Kayuringin,2026-05-14 15:00:00,82,82,44,,55,13,0,2,,,,,
Jakarta,The Pakubuwono Menteng,2026-05-14 15:28:40,101,101,38,79,,,,,52,32,,,
Depok,Cinere - Nafas,2026-05-14 15:29:11,120,120,49,85,,,,,0,0,,,
Bogor,Kabupaten Bogor Leuwiliang,2026-05-14 15:00:00,71,71,36,,4,10,0,71,,,,,
Tangerang,Tangerang Pasir Jaya,2026-05-14 14:00:00,95,95,49,,59,63,0,65,,,,,
Bekasi,Bekasi Kayuringin,2026-05-14 15:00:00,82,82,44,,55,13,0,2,,,,,
Jakarta,The Pakubuwono Menteng,2026-05-14 15:32:39,108,108,42,83,,,,,53,31.8,,,
Depok,Cinere - Nafas,2026-05-14 15:32:11,130,130,53,90,,,,,0,0,,,
Bogor,Kabupaten Bogor Leuwiliang,2026-05-14 15:00:00,71,71,36,,4,10,0,71,,,,,
Tangerang,Tangerang Pasir Jaya,2026-05-14 14:00:00,95,95,49,,59,63,0,65,,,,,
Bekasi,Bekasi Kayuringin,2026-05-14 15:00:00,82,82,44,,55,13,0,2,,,,,
Jakarta,The Pakubuwono Menteng,2026-05-14 15:32:39,108,108,42,83,,,,,53,31.8,,,
Depok,Cinere - Nafas,2026-05-14 15:32:11,130,130,53,90,,,,,0,0,,,
Bogor,Kabupaten Bogor Leuwiliang,2026-05-14 15:00:00,71,71,36,,4,10,0,71,,,,,
Tangerang,Tangerang Pasir Jaya,2026-05-14 14:00:00,95,95,49,,59,63,0,65,,,,,
Bekasi,Bekasi Kayuringin,2026-05-14 15:00:00,82,82,44,,55,13,0,2,,,,,
Jakarta,The Pakubuwono Menteng,2026-05-14 15:33:39,106,106,41,81,,,,,54,31.8,,,
Depok,Cinere - Nafas,2026-05-14 15:33:11,128,128,52,89,,,,,0,0,,,
Bogor,Kabupaten Bogor Leuwiliang,2026-05-14 15:00:00,71,71,36,,4,10,0,71,,,,,
Tangerang,Tangerang Pasir Jaya,2026-05-14 14:00:00,95,95,49,,59,63,0,65,,,,,
Bekasi,Bekasi Kayuringin,2026-05-14 15:00:00,82,82,44,,55,13,0,2,,,,,
Jakarta,The Pakubuwono Menteng,2026-05-14 15:34:39,108,108,42,82,,,,,54,31.7,,,
Depok,Cinere - Nafas,2026-05-14 15:35:11,124,124,50,88,,,,,0,0,,,
Bogor,Kabupaten Bogor Leuwiliang,2026-05-14 15:00:00,71,71,36,,4,10,0,71,,,,,
Tangerang,Tangerang Pasir Jaya,2026-05-14 14:00:00,95,95,49,,59,63,0,65,,,,,
Bekasi,Bekasi Kayuringin,2026-05-14 15:00:00,82,82,44,,55,13,0,2,,,,,
Jakarta,The Pakubuwono Menteng,2026-05-14 15:34:39,108,108,42,82,,,,,54,31.7,,,
Depok,Cinere - Nafas,2026-05-14 15:35:11,124,124,50,88,,,,,0,0,,,
Bogor,Kabupaten Bogor Leuwiliang,2026-05-14 15:00:00,71,71,36,,4,10,0,71,,,,,
Tangerang,Tangerang Pasir Jaya,2026-05-14 14:00:00,95,95,49,,59,63,0,65,,,,,
Bekasi,Bekasi Kayuringin,2026-05-14 15:00:00,82,82,44,,55,13,0,2,,,,,
Jakarta,The Pakubuwono Menteng,2026-05-14 15:38:40,106,106,43,81,,,,,55,31.6,,,
Depok,Cinere - Nafas,2026-05-14 15:38:11,119,119,47,85,,,,,0,0,,,
Bogor,Kabupaten Bogor Leuwiliang,2026-05-14 15:00:00,71,71,36,,4,10,0,71,,,,,
Tangerang,Tangerang Pasir Jaya,2026-05-14 14:00:00,95,95,49,,59,63,0,65,,,,,
Bekasi,Bekasi Kayuringin,2026-05-14 15:00:00,82,82,44,,55,13,0,2,,,,,
Jakarta,The Pakubuwono Menteng,2026-05-14 15:39:40,107,107,43,79,,,,,54,31.6,,,
Depok,Cinere - Nafas,2026-05-14 15:39:11,120,120,48,88,,,,,0,0,,,
Bogor,Kabupaten Bogor Leuwiliang,2026-05-14 15:00:00,71,71,36,,4,10,0,71,,,,,
Tangerang,Tangerang Pasir Jaya,2026-05-14 14:00:00,95,95,49,,59,63,0,65,,,,,
Bekasi,Bekasi Kayuringin,2026-05-14 15:00:00,82,82,44,,55,13,0,2,,,,,
Jakarta,The Pakubuwono Menteng,2026-05-14 15:39:40,107,107,43,79,,,,,54,31.6,,,
Depok,Cinere - Nafas,2026-05-14 15:39:11,120,120,48,88,,,,,0,0,,,
Bogor,Kabupaten Bogor Leuwiliang,2026-05-14 15:00:00,71,71,36,,4,10,0,71,,,,,
Tangerang,Tangerang Pasir Jaya,2026-05-14 14:00:00,95,95,49,,59,63,0,65,,,,,
Bekasi,Bekasi Kayuringin,2026-05-14 15:00:00,82,82,44,,55,13,0,2,,,,,
Jakarta,The Pakubuwono Menteng,2026-05-14 15:41:40,105,105,39,79,,,,,55,31.5,,,
Depok,Cinere - Nafas,2026-05-14 15:41:11,124,124,50,87,,,,,0,0,,,
Bogor,Kabupaten Bogor Leuwiliang,2026-05-14 15:00:00,71,71,36,,4,10,0,71,,,,,
Tangerang,Tangerang Pasir Jaya,2026-05-14 14:00:00,95,95,49,,59,63,0,65,,,,,
Bekasi,Bekasi Kayuringin,2026-05-14 15:00:00,82,82,44,,55,13,0,2,,,,,
Jakarta,The Pakubuwono Menteng,2026-05-14 15:43:40,108,108,41,83,,,,,55,31.6,,,
Depok,Cinere - Nafas,2026-05-14 15:43:11,115,115,47,83,,,,,0,0,,,
Bogor,Kabupaten Bogor Leuwiliang,2026-05-14 15:00:00,71,71,36,,4,10,0,71,,,,,
Tangerang,Tangerang Pasir Jaya,2026-05-14 14:00:00,95,95,49,,59,63,0,65,,,,,
Bekasi,Bekasi Kayuringin,2026-05-14 15:00:00,82,82,44,,55,13,0,2,,,,,
Jakarta,The Pakubuwono Menteng,2026-05-14 15:44:40,107,107,41,80,,,,,55,31.6,,,
Depok,Cinere - Nafas,2026-05-14 15:44:11,109,109,44,77,,,,,0,0,,,
Bogor,Kabupaten Bogor Leuwiliang,2026-05-14 15:00:00,71,71,36,,4,10,0,71,,,,,
Tangerang,Tangerang Pasir Jaya,2026-05-14 14:00:00,95,95,49,,59,63,0,65,,,,,
Bekasi,Bekasi Kayuringin,2026-05-14 15:00:00,82,82,44,,55,13,0,2,,,,,
Jakarta,The Pakubuwono Menteng,2026-05-14 15:44:40,107,107,41,80,,,,,55,31.6,,,
Depok,Cinere - Nafas,2026-05-14 15:44:11,109,109,44,77,,,,,0,0,,,
Bogor,Kabupaten Bogor Leuwiliang,2026-05-14 15:00:00,71,71,36,,4,10,0,71,,,,,
Tangerang,Tangerang Pasir Jaya,2026-05-14 14:00:00,95,95,49,,59,63,0,65,,,,,
Bekasi,Bekasi Kayuringin,2026-05-14 15:00:00,82,82,44,,55,13,0,2,,,,,
Jakarta,The Pakubuwono Menteng,2026-05-14 15:44:40,107,107,41,80,,,,,55,31.6,,,
Depok,Cinere - Nafas,2026-05-14 15:44:11,109,109,44,77,,,,,0,0,,,
Bogor,Kabupaten Bogor Leuwiliang,2026-05-14 15:00:00,71,71,36,,4,10,0,71,,,,,
Tangerang,Tangerang Pasir Jaya,2026-05-14 14:00:00,95,95,49,,59,63,0,65,,,,,
Bekasi,Bekasi Kayuringin,2026-05-14 15:00:00,82,82,44,,55,13,0,2,,,,,
Jakarta,The Pakubuwono Menteng,2026-05-14 15:44:40,107,107,41,80,,,,,55,31.6,,,
Depok,Cinere - Nafas,2026-05-14 15:44:11,109,109,44,77,,,,,0,0,,,
Bogor,Kabupaten Bogor Leuwiliang,2026-05-14 15:00:00,71,71,36,,4,10,0,71,,,,,
Tangerang,Tangerang Pasir Jaya,2026-05-14 14:00:00,95,95,49,,59,63,0,65,,,,,
Bekasi,Bekasi Kayuringin,2026-05-14 15:00:00,82,82,44,,55,13,0,2,,,,,
Jakarta,The Pakubuwono Menteng,2026-05-14 15:44:40,107,107,41,80,,,,,55,31.6,,,
Depok,Cinere - Nafas,2026-05-14 15:44:11,109,109,44,77,,,,,0,0,,,
Bogor,Kabupaten Bogor Leuwiliang,2026-05-14 15:00:00,71,71,36,,4,10,0,71,,,,,
Tangerang,Tangerang Pasir Jaya,2026-05-14 14:00:00,95,95,49,,59,63,0,65,,,,,
Bekasi,Bekasi Kayuringin,2026-05-14 15:00:00,82,82,44,,55,13,0,2,,,,,
Jakarta,The Pakubuwono Menteng,2026-05-14 15:44:40,107,107,41,80,,,,,55,31.6,,,
Depok,Cinere - Nafas,2026-05-14 15:44:11,109,109,44,77,,,,,0,0,,,
Bogor,Kabupaten Bogor Leuwiliang,2026-05-14 15:00:00,71,71,36,,4,10,0,71,,,,,
Tangerang,Tangerang Pasir Jaya,2026-05-14 14:00:00,95,95,49,,59,63,0,65,,,,,
Bekasi,Bekasi Kayuringin,2026-05-14 15:00:00,82,82,44,,55,13,0,2,,,,,
Jakarta,The Pakubuwono Menteng,2026-05-14 15:44:40,107,107,41,80,,,,,55,31.6,,,
Depok,Cinere - Nafas,2026-05-14 15:44:11,109,109,44,77,,,,,0,0,,,
Bogor,Kabupaten Bogor Leuwiliang,2026-05-14 15:00:00,71,71,36,,4,10,0,71,,,,,
Tangerang,Tangerang Pasir Jaya,2026-05-14 14:00:00,95,95,49,,59,63,0,65,,,,,
Bekasi,Bekasi Kayuringin,2026-05-14 15:00:00,82,82,44,,55,13,0,2,,,,,
Jakarta,The Pakubuwono Menteng,2026-05-14 15:44:40,107,107,41,80,,,,,55,31.6,,,
Depok,Cinere - Nafas,2026-05-14 15:44:11,109,109,44,77,,,,,0,0,,,
Bogor,Kabupaten Bogor Leuwiliang,2026-05-14 15:00:00,71,71,36,,4,10,0,71,,,,,
Tangerang,Tangerang Pasir Jaya,2026-05-14 14:00:00,95,95,49,,59,63,0,65,,,,,
Bekasi,Bekasi Kayuringin,2026-05-14 15:00:00,82,82,44,,55,13,0,2,,,,,
Jakarta,The Pakubuwono Menteng,2026-05-14 15:44:40,107,107,41,80,,,,,55,31.6,,,
Depok,Cinere - Nafas,2026-05-14 15:44:11,109,109,44,77,,,,,0,0,,,
Bogor,Kabupaten Bogor Leuwiliang,2026-05-14 15:00:00,71,71,36,,4,10,0,71,,,,,
Tangerang,Tangerang Pasir Jaya,2026-05-14 14:00:00,95,95,49,,59,63,0,65,,,,,
Bekasi,Bekasi Kayuringin,2026-05-14 15:00:00,82,82,44,,55,13,0,2,,,,,
Jakarta,The Pakubuwono Menteng,2026-05-14 15:54:40,114,114,45,83,,,,,55,31.6,,,
Depok,Cinere - Nafas,2026-05-14 15:55:11,126,126,51,88,,,,,0,0,,,
Bogor,Kabupaten Bogor Leuwiliang,2026-05-14 15:00:00,71,71,36,,4,10,0,71,,,,,
Tangerang,Tangerang Pasir Jaya,2026-05-14 14:00:00,95,95,49,,59,63,0,65,,,,,
Bekasi,Bekasi Kayuringin,2026-05-14 15:00:00,82,82,44,,55,13,0,2,,,,,
Jakarta,The Pakubuwono Menteng,2026-05-14 15:55:40,112,112,43,83,,,,,55,31.7,,,
Depok,Cinere - Nafas,2026-05-14 15:56:11,130,130,53,91,,,,,0,0,,,
Bogor,Kabupaten Bogor Leuwiliang,2026-05-14 15:00:00,71,71,36,,4,10,0,71,,,,,
Tangerang,Tangerang Pasir Jaya,2026-05-14 14:00:00,95,95,49,,59,63,0,65,,,,,
Bekasi,Bekasi Kayuringin,2026-05-14 15:00:00,82,82,44,,55,13,0,2,,,,,
Jakarta,The Pakubuwono Menteng,2026-05-14 15:55:40,112,112,43,83,,,,,55,31.7,,,
Depok,Cinere - Nafas,2026-05-14 15:56:11,130,130,53,91,,,,,0,0,,,
Bogor,Kabupaten Bogor Leuwiliang,2026-05-14 15:00:00,71,71,36,,4,10,0,71,,,,,
Tangerang,Tangerang Pasir Jaya,2026-05-14 14:00:00,95,95,49,,59,63,0,65,,,,,
Bekasi,Bekasi Kayuringin,2026-05-14 15:00:00,82,82,44,,55,13,0,2,,,,,
Jakarta,The Pakubuwono Menteng,2026-05-14 15:57:40,108,108,41,84,,,,,54,31.7,,,
Depok,Cinere - Nafas,2026-05-14 15:58:11,129,129,51,88,,,,,0,0,,,
Bogor,Kabupaten Bogor Leuwiliang,2026-05-14 15:00:00,71,71,36,,4,10,0,71,,,,,
Tangerang,Tangerang Pasir Jaya,2026-05-14 14:00:00,95,95,49,,59,63,0,65,,,,,
Bekasi,Bekasi Kayuringin,2026-05-14 15:00:00,82,82,44,,55,13,0,2,,,,,
Jakarta,The Pakubuwono Menteng,2026-05-14 15:59:40,108,108,42,81,,,,,54,31.7,,,
Depok,Cinere - Nafas,2026-05-14 16:00:11,128,128,52,89,,,,,0,0,,,
Bogor,Kabupaten Bogor Leuwiliang,2026-05-14 15:00:00,71,71,36,,4,10,0,71,,,,,
Tangerang,Tangerang Pasir Jaya,2026-05-14 14:00:00,95,95,49,,59,63,0,65,,,,,
Bekasi,Bekasi Kayuringin,2026-05-14 15:00:00,82,82,44,,55,13,0,2,,,,,
Jakarta,The Pakubuwono Menteng,2026-05-14 15:59:40,108,108,42,81,,,,,54,31.7,,,
Depok,Cinere - Nafas,2026-05-14 16:00:11,128,128,52,89,,,,,0,0,,,
Bogor,Kabupaten Bogor Leuwiliang,2026-05-14 15:00:00,71,71,36,,4,10,0,71,,,,,
Tangerang,Tangerang Pasir Jaya,2026-05-14 14:00:00,95,95,49,,59,63,0,65,,,,,
Bekasi,Bekasi Kayuringin,2026-05-14 15:00:00,82,82,44,,55,13,0,2,,,,,
Jakarta,The Pakubuwono Menteng,2026-05-14 16:01:40,109,109,42,82,,,,,54,31.6,,,
Depok,Cinere - Nafas,2026-05-14 16:02:11,138,138,54,94,,,,,0,0,,,
Bogor,Kabupaten Bogor Leuwiliang,2026-05-14 15:00:00,71,71,36,,4,10,0,71,,,,,
Tangerang,Tangerang Pasir Jaya,2026-05-14 14:00:00,95,95,49,,59,63,0,65,,,,,
Bekasi,Bekasi Kayuringin,2026-05-14 15:00:00,82,82,44,,55,13,0,2,,,,,
Jakarta,The Pakubuwono Menteng,2026-05-14 16:02:40,114,114,45,83,,,,,55,31.6,,,
Depok,Cinere - Nafas,2026-05-14 16:03:11,138,138,54,96,,,,,0,0,,,
Bogor,Kabupaten Bogor Leuwiliang,2026-05-14 15:00:00,71,71,36,,4,10,0,71,,,,,
Tangerang,Tangerang Pasir Jaya,2026-05-14 14:00:00,95,95,49,,59,63,0,65,,,,,
Bekasi,Bekasi Kayuringin,2026-05-14 15:00:00,82,82,44,,55,13,0,2,,,,,
Jakarta,The Pakubuwono Menteng,2026-05-14 16:02:40,114,114,45,83,,,,,55,31.6,,,
Depok,Cinere - Nafas,2026-05-14 16:05:11,130,130,52,90,,,,,0,0,,,
Bogor,Kabupaten Bogor Leuwiliang,2026-05-14 16:00:00,71,70,35,,4,10,0,71,,,,,
Tangerang,Tangerang Pasir Jaya,2026-05-14 14:00:00,95,95,49,,59,63,0,65,,,,,
Bekasi,Bekasi Kayuringin,2026-05-14 16:00:00,82,82,44,,55,13,0,2,,,,,
Jakarta,The Pakubuwono Menteng,2026-05-14 16:06:40,111,111,44,83,,,,,55,31.5,,,
Depok,Cinere - Nafas,2026-05-14 16:07:11,129,129,53,89,,,,,0,0,,,
Bogor,Kabupaten Bogor Leuwiliang,2026-05-14 16:00:00,71,70,35,,4,10,0,71,,,,,
Tangerang,Tangerang Pasir Jaya,2026-05-14 14:00:00,95,95,49,,59,63,0,65,,,,,
Bekasi,Bekasi Kayuringin,2026-05-14 16:00:00,82,82,44,,55,13,0,2,,,,,
Jakarta,The Pakubuwono Menteng,2026-05-14 16:06:40,111,111,44,83,,,,,55,31.5,,,
Depok,Cinere - Nafas,2026-05-14 16:07:11,129,129,53,89,,,,,0,0,,,
Bogor,Kabupaten Bogor Leuwiliang,2026-05-14 16:00:00,71,70,35,,4,10,0,71,,,,,
Tangerang,Tangerang Pasir Jaya,2026-05-14 14:00:00,95,95,49,,59,63,0,65,,,,,
Bekasi,Bekasi Kayuringin,2026-05-14 16:00:00,82,82,44,,55,13,0,2,,,,,
Jakarta,The Pakubuwono Menteng,2026-05-14 16:07:40,111,111,44,83,,,,,55,31.4,,,
Depok,Cinere - Nafas,2026-05-14 16:08:11,131,131,53,90,,,,,0,0,,,
Bogor,Kabupaten Bogor Leuwiliang,2026-05-14 16:00:00,71,70,35,,4,10,0,71,,,,,
Tangerang,Tangerang Pasir Jaya,2026-05-14 14:00:00,95,95,49,,59,63,0,65,,,,,
Bekasi,Bekasi Kayuringin,2026-05-14 16:00:00,82,82,44,,55,13,0,2,,,,,
Jakarta,The Pakubuwono Menteng,2026-05-14 16:07:40,111,111,44,83,,,,,55,31.4,,,
Depok,Cinere - Nafas,2026-05-14 16:08:11,131,131,53,90,,,,,0,0,,,
Bogor,Kabupaten Bogor Leuwiliang,2026-05-14 16:00:00,71,70,35,,4,10,0,71,,,,,
Tangerang,Tangerang Pasir Jaya,2026-05-14 14:00:00,95,95,49,,59,63,0,65,,,,,
Bekasi,Bekasi Kayuringin,2026-05-14 16:00:00,82,82,44,,55,13,0,2,,,,,
Jakarta,The Pakubuwono Menteng,2026-05-14 16:09:40,112,112,44,83,,,,,55,31.4,,,
Depok,Cinere - Nafas,2026-05-14 16:10:11,125,125,51,89,,,,,0,0,,,
Bogor,Kabupaten Bogor Leuwiliang,2026-05-14 16:00:00,71,70,35,,4,10,0,71,,,,,
Tangerang,Tangerang Pasir Jaya,2026-05-14 14:00:00,95,95,49,,59,63,0,65,,,,,
Bekasi,Bekasi Kayuringin,2026-05-14 16:00:00,82,82,44,,55,13,0,2,,,,,
Jakarta,The Pakubuwono Menteng,2026-05-14 16:11:40,114,114,45,86,,,,,55,31.4,,,
Depok,Cinere - Nafas,2026-05-14 16:12:12,131,131,53,92,,,,,0,0,,,
Bogor,Kabupaten Bogor Leuwiliang,2026-05-14 16:00:00,71,70,35,,4,10,0,71,,,,,
Tangerang,Tangerang Pasir Jaya,2026-05-14 14:00:00,95,95,49,,59,63,0,65,,,,,
Bekasi,Bekasi Kayuringin,2026-05-14 16:00:00,82,82,44,,55,13,0,2,,,,,
Jakarta,The Pakubuwono Menteng,2026-05-14 16:11:40,114,114,45,86,,,,,55,31.4,,,
Depok,Cinere - Nafas,2026-05-14 16:12:12,131,131,53,92,,,,,0,0,,,
Bogor,Kabupaten Bogor Leuwiliang,2026-05-14 16:00:00,71,70,35,,4,10,0,71,,,,,
Tangerang,Tangerang Pasir Jaya,2026-05-14 14:00:00,95,95,49,,59,63,0,65,,,,,
Bekasi,Bekasi Kayuringin,2026-05-14 16:00:00,82,82,44,,55,13,0,2,,,,,
Jakarta,The Pakubuwono Menteng,2026-05-14 16:13:40,111,111,44,83,,,,,55,31.3,,,
Depok,Cinere - Nafas,2026-05-14 16:14:12,131,131,53,92,,,,,0,0,,,
Bogor,Kabupaten Bogor Leuwiliang,2026-05-14 16:00:00,71,70,35,,4,10,0,71,,,,,
Tangerang,Tangerang Pasir Jaya,2026-05-14 14:00:00,95,95,49,,59,63,0,65,,,,,
Bekasi,Bekasi Kayuringin,2026-05-14 16:00:00,82,82,44,,55,13,0,2,,,,,
Jakarta,The Pakubuwono Menteng,2026-05-14 16:13:40,111,111,44,83,,,,,55,31.3,,,
Depok,Cinere - Nafas,2026-05-14 16:15:12,133,133,53,93,,,,,0,0,,,
Bogor,Kabupaten Bogor Leuwiliang,2026-05-14 16:00:00,71,70,35,,4,10,0,71,,,,,
Tangerang,Tangerang Pasir Jaya,2026-05-14 14:00:00,95,95,49,,59,63,0,65,,,,,
Bekasi,Bekasi Kayuringin,2026-05-14 16:00:00,82,82,44,,55,13,0,2,,,,,
Jakarta,The Pakubuwono Menteng,2026-05-14 16:16:40,115,115,44,85,,,,,56,31.3,,,
Depok,Cinere - Nafas,2026-05-14 16:17:12,142,142,56,97,,,,,0,0,,,
Bogor,Kabupaten Bogor Leuwiliang,2026-05-14 16:00:00,71,70,35,,4,10,0,71,,,,,
Tangerang,Tangerang Pasir Jaya,2026-05-14 14:00:00,95,95,49,,59,63,0,65,,,,,
Bekasi,Bekasi Kayuringin,2026-05-14 16:00:00,82,82,44,,55,13,0,2,,,,,
Jakarta,The Pakubuwono Menteng,2026-05-14 16:16:40,115,115,44,85,,,,,56,31.3,,,
Depok,Cinere - Nafas,2026-05-14 16:17:12,142,142,56,97,,,,,0,0,,,
Bogor,Kabupaten Bogor Leuwiliang,2026-05-14 16:00:00,71,70,35,,4,10,0,71,,,,,
Tangerang,Tangerang Pasir Jaya,2026-05-14 14:00:00,95,95,49,,59,63,0,65,,,,,
Bekasi,Bekasi Kayuringin,2026-05-14 16:00:00,82,82,44,,55,13,0,2,,,,,
Jakarta,The Pakubuwono Menteng,2026-05-14 16:18:40,111,111,45,84,,,,,55,31.4,,,
Depok,Cinere - Nafas,2026-05-14 16:19:12,141,141,55,95,,,,,0,0,,,
Bogor,Kabupaten Bogor Leuwiliang,2026-05-14 16:00:00,71,70,35,,4,10,0,71,,,,,
Tangerang,Tangerang Pasir Jaya,2026-05-14 14:00:00,95,95,49,,59,63,0,65,,,,,
Bekasi,Bekasi Kayuringin,2026-05-14 16:00:00,82,82,44,,55,13,0,2,,,,,
Jakarta,The Pakubuwono Menteng,2026-05-14 16:18:40,111,111,45,84,,,,,55,31.4,,,
Depok,Cinere - Nafas,2026-05-14 16:19:12,141,141,55,95,,,,,0,0,,,
Bogor,Kabupaten Bogor Leuwiliang,2026-05-14 16:00:00,71,70,35,,4,10,0,71,,,,,
Tangerang,Tangerang Pasir Jaya,2026-05-14 14:00:00,95,95,49,,59,63,0,65,,,,,
Bekasi,Bekasi Kayuringin,2026-05-14 16:00:00,82,82,44,,55,13,0,2,,,,,
Jakarta,The Pakubuwono Menteng,2026-05-14 16:19:41,110,110,42,83,,,,,55,31.4,,,
Depok,Cinere - Nafas,2026-05-14 16:20:12,140,140,55,94,,,,,0,0,,,
Bogor,Kabupaten Bogor Leuwiliang,2026-05-14 16:00:00,71,70,35,,4,10,0,71,,,,,
Tangerang,Tangerang Pasir Jaya,2026-05-14 14:00:00,95,95,49,,59,63,0,65,,,,,
Bekasi,Bekasi Kayuringin,2026-05-14 16:00:00,82,82,44,,55,13,0,2,,,,,
Jakarta,The Pakubuwono Menteng,2026-05-14 16:19:41,110,110,42,83,,,,,55,31.4,,,
Depok,Cinere - Nafas,2026-05-14 16:20:12,140,140,55,94,,,,,0,0,,,
Bogor,Kabupaten Bogor Leuwiliang,2026-05-14 16:00:00,71,70,35,,4,10,0,71,,,,,
Tangerang,Tangerang Pasir Jaya,2026-05-14 14:00:00,95,95,49,,59,63,0,65,,,,,
Bekasi,Bekasi Kayuringin,2026-05-14 16:00:00,82,82,44,,55,13,0,2,,,,,
Jakarta,The Pakubuwono Menteng,2026-05-14 16:22:40,110,110,42,82,,,,,55,31.4,,,
Depok,Cinere - Nafas,2026-05-14 16:22:12,139,139,55,95,,,,,0,0,,,
Bogor,Kabupaten Bogor Leuwiliang,2026-05-14 16:00:00,71,70,35,,4,10,0,71,,,,,
Tangerang,Tangerang Pasir Jaya,2026-05-14 14:00:00,95,95,49,,59,63,0,65,,,,,
Bekasi,Bekasi Kayuringin,2026-05-14 16:00:00,82,82,44,,55,13,0,2,,,,,
Jakarta,The Pakubuwono Menteng,2026-05-14 16:24:41,115,115,45,86,,,,,55,31.4,,,
Depok,Cinere - Nafas,2026-05-14 16:25:12,138,138,55,96,,,,,0,0,,,
Bogor,Kabupaten Bogor Leuwiliang,2026-05-14 16:00:00,71,70,35,,4,10,0,71,,,,,
Tangerang,Tangerang Pasir Jaya,2026-05-14 14:00:00,95,95,49,,59,63,0,65,,,,,
Bekasi,Bekasi Kayuringin,2026-05-14 16:00:00,82,82,44,,55,13,0,2,,,,,
Jakarta,The Pakubuwono Menteng,2026-05-14 16:24:41,115,115,45,86,,,,,55,31.4,,,
Depok,Cinere - Nafas,2026-05-14 16:27:12,137,137,54,95,,,,,0,0,,,
Bogor,Kabupaten Bogor Leuwiliang,2026-05-14 16:00:00,71,70,35,,4,10,0,71,,,,,
Tangerang,Tangerang Pasir Jaya,2026-05-14 14:00:00,95,95,49,,59,63,0,65,,,,,
Bekasi,Bekasi Kayuringin,2026-05-14 16:00:00,82,82,44,,55,13,0,2,,,,,
Jakarta,The Pakubuwono Menteng,2026-05-14 16:27:41,116,116,45,86,,,,,54,31.4,,,
Depok,Cinere - Nafas,2026-05-14 16:28:12,140,140,55,96,,,,,0,0,,,
Bogor,Kabupaten Bogor Leuwiliang,2026-05-14 16:00:00,71,70,35,,4,10,0,71,,,,,
Tangerang,Tangerang Pasir Jaya,2026-05-14 14:00:00,95,95,49,,59,63,0,65,,,,,
Bekasi,Bekasi Kayuringin,2026-05-14 16:00:00,82,82,44,,55,13,0,2,,,,,
Jakarta,The Pakubuwono Menteng,2026-05-14 16:27:41,116,116,45,86,,,,,54,31.4,,,
Depok,Cinere - Nafas,2026-05-14 16:28:12,140,140,55,96,,,,,0,0,,,
Bogor,Kabupaten Bogor Leuwiliang,2026-05-14 16:00:00,71,70,35,,4,10,0,71,,,,,
Tangerang,Tangerang Pasir Jaya,2026-05-14 14:00:00,95,95,49,,59,63,0,65,,,,,
Bekasi,Bekasi Kayuringin,2026-05-14 16:00:00,82,82,44,,55,13,0,2,,,,,
Jakarta,The Pakubuwono Menteng,2026-05-14 16:29:41,116,116,46,84,,,,,54,31.4,,,
Depok,Cinere - Nafas,2026-05-14 16:30:12,136,136,54,94,,,,,0,0,,,
Bogor,Kabupaten Bogor Leuwiliang,2026-05-14 16:00:00,71,70,35,,4,10,0,71,,,,,
Tangerang,Tangerang Pasir Jaya,2026-05-14 14:00:00,95,95,49,,59,63,0,65,,,,,
Bekasi,Bekasi Kayuringin,2026-05-14 16:00:00,82,82,44,,55,13,0,2,,,,,
Jakarta,The Pakubuwono Menteng,2026-05-14 16:30:41,113,113,44,83,,,,,54,31.4,,,
Depok,Cinere - Nafas,2026-05-14 16:31:12,138,138,53,94,,,,,0,0,,,
Bogor,Kabupaten Bogor Leuwiliang,2026-05-14 16:00:00,71,70,35,,4,10,0,71,,,,,
Tangerang,Tangerang Pasir Jaya,2026-05-14 14:00:00,95,95,49,,59,63,0,65,,,,,
Bekasi,Bekasi Kayuringin,2026-05-14 16:00:00,82,82,44,,55,13,0,2,,,,,
Jakarta,The Pakubuwono Menteng,2026-05-14 16:30:41,113,113,44,83,,,,,54,31.4,,,
Depok,Cinere - Nafas,2026-05-14 16:31:12,138,138,53,94,,,,,0,0,,,
Bogor,Kabupaten Bogor Leuwiliang,2026-05-14 16:00:00,71,70,35,,4,10,0,71,,,,,
Tangerang,Tangerang Pasir Jaya,2026-05-14 14:00:00,95,95,49,,59,63,0,65,,,,,
Bekasi,Bekasi Kayuringin,2026-05-14 16:00:00,82,82,44,,55,13,0,2,,,,,
Jakarta,The Pakubuwono Menteng,2026-05-14 16:31:41,110,110,42,83,,,,,54,31.4,,,
Depok,Cinere - Nafas,2026-05-14 16:32:12,134,134,54,93,,,,,0,0,,,
Bogor,Kabupaten Bogor Leuwiliang,2026-05-14 16:00:00,71,70,35,,4,10,0,71,,,,,
Tangerang,Tangerang Pasir Jaya,2026-05-14 14:00:00,95,95,49,,59,63,0,65,,,,,
Bekasi,Bekasi Kayuringin,2026-05-14 16:00:00,82,82,44,,55,13,0,2,,,,,
Jakarta,The Pakubuwono Menteng,2026-05-14 16:31:41,110,110,42,83,,,,,54,31.4,,,
Depok,Cinere - Nafas,2026-05-14 16:32:12,134,134,54,93,,,,,0,0,,,
Bogor,Kabupaten Bogor Leuwiliang,2026-05-14 16:00:00,71,70,35,,4,10,0,71,,,,,
Tangerang,Tangerang Pasir Jaya,2026-05-14 14:00:00,95,95,49,,59,63,0,65,,,,,
Bekasi,Bekasi Kayuringin,2026-05-14 16:00:00,82,82,44,,55,13,0,2,,,,,
Jakarta,The Pakubuwono Menteng,2026-05-14 16:35:41,107,107,41,81,,,,,52,31.4,,,
Depok,Cinere - Nafas,2026-05-14 16:35:12,127,127,52,90,,,,,0,0,,,
Bogor,Kabupaten Bogor Leuwiliang,2026-05-14 16:00:00,71,70,35,,4,10,0,71,,,,,
Tangerang,Tangerang Pasir Jaya,2026-05-14 14:00:00,95,95,49,,59,63,0,65,,,,,
Bekasi,Bekasi Kayuringin,2026-05-14 16:00:00,82,82,44,,55,13,0,2,,,,,
Jakarta,The Pakubuwono Menteng,2026-05-14 16:36:41,110,110,42,80,,,,,52,31.4,,,
Depok,Cinere - Nafas,2026-05-14 16:37:12,126,126,51,88,,,,,0,0,,,
Bogor,Kabupaten Bogor Leuwiliang,2026-05-14 16:00:00,71,70,35,,4,10,0,71,,,,,
Tangerang,Tangerang Pasir Jaya,2026-05-14 14:00:00,95,95,49,,59,63,0,65,,,,,
Bekasi,Bekasi Kayuringin,2026-05-14 16:00:00,82,82,44,,55,13,0,2,,,,,
Jakarta,The Pakubuwono Menteng,2026-05-14 16:37:41,103,103,40,79,,,,,53,31.5,,,
Depok,Cinere - Nafas,2026-05-14 16:38:12,127,127,52,89,,,,,0,0,,,
Bogor,Kabupaten Bogor Leuwiliang,2026-05-14 16:00:00,71,70,35,,4,10,0,71,,,,,
Tangerang,Tangerang Pasir Jaya,2026-05-14 14:00:00,95,95,49,,59,63,0,65,,,,,
Bekasi,Bekasi Kayuringin,2026-05-14 16:00:00,82,82,44,,55,13,0,2,,,,,
Jakarta,The Pakubuwono Menteng,2026-05-14 16:37:41,103,103,40,79,,,,,53,31.5,,,
Depok,Cinere - Nafas,2026-05-14 16:38:12,127,127,52,89,,,,,0,0,,,
Bogor,Kabupaten Bogor Leuwiliang,2026-05-14 16:00:00,71,70,35,,4,10,0,71,,,,,
Tangerang,Tangerang Pasir Jaya,2026-05-14 14:00:00,95,95,49,,59,63,0,65,,,,,
Bekasi,Bekasi Kayuringin,2026-05-14 16:00:00,82,82,44,,55,13,0,2,,,,,
Jakarta,The Pakubuwono Menteng,2026-05-14 16:40:41,125,125,50,90,,,,,54,31.5,,,
Depok,Cinere - Nafas,2026-05-14 16:41:12,134,134,53,91,,,,,0,0,,,
Bogor,Kabupaten Bogor Leuwiliang,2026-05-14 16:00:00,71,70,35,,4,10,0,71,,,,,
Tangerang,Tangerang Pasir Jaya,2026-05-14 14:00:00,95,95,49,,59,63,0,65,,,,,
Bekasi,Bekasi Kayuringin,2026-05-14 16:00:00,82,82,44,,55,13,0,2,,,,,
Jakarta,The Pakubuwono Menteng,2026-05-14 16:42:44,121,121,48,87,,,,,53,31.5,,,
Depok,Cinere - Nafas,2026-05-14 16:43:12,130,130,53,92,,,,,0,0,,,
Bogor,Kabupaten Bogor Leuwiliang,2026-05-14 16:00:00,71,70,35,,4,10,0,71,,,,,
Tangerang,Tangerang Pasir Jaya,2026-05-14 14:00:00,95,95,49,,59,63,0,65,,,,,
Bekasi,Bekasi Kayuringin,2026-05-14 16:00:00,82,82,44,,55,13,0,2,,,,,
Jakarta,The Pakubuwono Menteng,2026-05-14 16:42:44,121,121,48,87,,,,,53,31.5,,,
Depok,Cinere - Nafas,2026-05-14 16:43:12,130,130,53,92,,,,,0,0,,,
Bogor,Kabupaten Bogor Leuwiliang,2026-05-14 16:00:00,71,70,35,,4,10,0,71,,,,,
Tangerang,Tangerang Pasir Jaya,2026-05-14 14:00:00,95,95,49,,59,63,0,65,,,,,
Bekasi,Bekasi Kayuringin,2026-05-14 16:00:00,82,82,44,,55,13,0,2,,,,,
Jakarta,The Pakubuwono Menteng,2026-05-14 16:43:43,122,122,48,89,,,,,53,31.5,,,
Depok,Cinere - Nafas,2026-05-14 16:44:12,130,130,53,93,,,,,0,0,,,
Bogor,Kabupaten Bogor Leuwiliang,2026-05-14 16:00:00,71,70,35,,4,10,0,71,,,,,
Tangerang,Tangerang Pasir Jaya,2026-05-14 14:00:00,95,95,49,,59,63,0,65,,,,,
Bekasi,Bekasi Kayuringin,2026-05-14 16:00:00,82,82,44,,55,13,0,2,,,,,
Jakarta,The Pakubuwono Menteng,2026-05-14 16:43:43,122,122,48,89,,,,,53,31.5,,,
Depok,Cinere - Nafas,2026-05-14 16:44:12,130,130,53,93,,,,,0,0,,,
Bogor,Kabupaten Bogor Leuwiliang,2026-05-14 16:00:00,71,70,35,,4,10,0,71,,,,,
Tangerang,Tangerang Pasir Jaya,2026-05-14 14:00:00,95,95,49,,59,63,0,65,,,,,
Bekasi,Bekasi Kayuringin,2026-05-14 16:00:00,82,82,44,,55,13,0,2,,,,,
Jakarta,The Pakubuwono Menteng,2026-05-14 16:44:41,123,123,49,89,,,,,53,31.5,,,
Depok,Cinere - Nafas,2026-05-14 16:45:12,130,130,52,90,,,,,0,0,,,
Bogor,Kabupaten Bogor Leuwiliang,2026-05-14 16:00:00,71,70,35,,4,10,0,71,,,,,
Tangerang,Tangerang Pasir Jaya,2026-05-14 14:00:00,95,95,49,,59,63,0,65,,,,,
Bekasi,Bekasi Kayuringin,2026-05-14 16:00:00,82,82,44,,55,13,0,2,,,,,
Jakarta,The Pakubuwono Menteng,2026-05-14 16:44:41,123,123,49,89,,,,,53,31.5,,,
Depok,Cinere - Nafas,2026-05-14 16:45:12,130,130,52,90,,,,,0,0,,,
Bogor,Kabupaten Bogor Leuwiliang,2026-05-14 16:00:00,71,70,35,,4,10,0,71,,,,,
Tangerang,Tangerang Pasir Jaya,2026-05-14 14:00:00,95,95,49,,59,63,0,65,,,,,
Bekasi,Bekasi Kayuringin,2026-05-14 16:00:00,82,82,44,,55,13,0,2,,,,,
Jakarta,The Pakubuwono Menteng,2026-05-14 16:44:41,123,123,49,89,,,,,53,31.5,,,
Depok,Cinere - Nafas,2026-05-14 16:45:12,130,130,52,90,,,,,0,0,,,
Bogor,Kabupaten Bogor Leuwiliang,2026-05-14 16:00:00,71,70,35,,4,10,0,71,,,,,
Tangerang,Tangerang Pasir Jaya,2026-05-14 14:00:00,95,95,49,,59,63,0,65,,,,,
Bekasi,Bekasi Kayuringin,2026-05-14 16:00:00,82,82,44,,55,13,0,2,,,,,
Jakarta,The Pakubuwono Menteng,2026-05-14 16:45:41,111,111,43,83,,,,,53,31.5,,,
Depok,Cinere - Nafas,2026-05-14 16:46:12,129,129,52,91,,,,,0,0,,,
Bogor,Kabupaten Bogor Leuwiliang,2026-05-14 16:00:00,71,70,35,,4,10,0,71,,,,,
Tangerang,Tangerang Pasir Jaya,2026-05-14 14:00:00,95,95,49,,59,63,0,65,,,,,
Bekasi,Bekasi Kayuringin,2026-05-14 16:00:00,82,82,44,,55,13,0,2,,,,,
Jakarta,The Pakubuwono Menteng,2026-05-14 16:45:41,111,111,43,83,,,,,53,31.5,,,
Depok,Cinere - Nafas,2026-05-14 16:46:12,129,129,52,91,,,,,0,0,,,
Bogor,Kabupaten Bogor Leuwiliang,2026-05-14 16:00:00,71,70,35,,4,10,0,71,,,,,
Tangerang,Tangerang Pasir Jaya,2026-05-14 14:00:00,95,95,49,,59,63,0,65,,,,,
Bekasi,Bekasi Kayuringin,2026-05-14 16:00:00,82,82,44,,55,13,0,2,,,,,
Jakarta,The Pakubuwono Menteng,2026-05-14 16:52:41,97,97,36,76,,,,,52,31.7,,,
Depok,Cinere - Nafas,2026-05-14 16:52:43,133,133,54,94,,,,,0,0,,,
Bogor,Kabupaten Bogor Leuwiliang,2026-05-14 16:00:00,71,70,35,,4,10,0,71,,,,,
Tangerang,Tangerang Pasir Jaya,2026-05-14 14:00:00,95,95,49,,59,63,0,65,,,,,
Bekasi,Bekasi Kayuringin,2026-05-14 16:00:00,82,82,44,,55,13,0,2,,,,,
Jakarta,The Pakubuwono Menteng,2026-05-14 16:52:41,97,97,36,76,,,,,52,31.7,,,
Depok,Cinere - Nafas,2026-05-14 16:52:43,133,133,54,94,,,,,0,0,,,
Bogor,Kabupaten Bogor Leuwiliang,2026-05-14 16:00:00,71,70,35,,4,10,0,71,,,,,
Tangerang,Tangerang Pasir Jaya,2026-05-14 14:00:00,95,95,49,,59,63,0,65,,,,,
Bekasi,Bekasi Kayuringin,2026-05-14 16:00:00,82,82,44,,55,13,0,2,,,,,
Jakarta,The Pakubuwono Menteng,2026-05-14 16:54:42,93,93,32,72,,,,,52,31.8,,,
Depok,Cinere - Nafas,2026-05-14 16:54:43,130,130,53,89,,,,,0,0,,,
Bogor,Kabupaten Bogor Leuwiliang,2026-05-14 16:00:00,71,70,35,,4,10,0,71,,,,,
Tangerang,Tangerang Pasir Jaya,2026-05-14 14:00:00,95,95,49,,59,63,0,65,,,,,
Bekasi,Bekasi Kayuringin,2026-05-14 16:00:00,82,82,44,,55,13,0,2,,,,,
Jakarta,The Pakubuwono Menteng,2026-05-14 16:56:42,104,104,40,79,,,,,51,31.9,,,
Depok,Cinere - Nafas,2026-05-14 16:56:43,131,131,52,90,,,,,0,0,,,
Bogor,Kabupaten Bogor Leuwiliang,2026-05-14 16:00:00,71,70,35,,4,10,0,71,,,,,
Tangerang,Tangerang Pasir Jaya,2026-05-14 14:00:00,95,95,49,,59,63,0,65,,,,,
Bekasi,Bekasi Kayuringin,2026-05-14 16:00:00,82,82,44,,55,13,0,2,,,,,
Jakarta,The Pakubuwono Menteng,2026-05-14 16:57:42,109,109,41,82,,,,,51,31.9,,,
Depok,Cinere - Nafas,2026-05-14 16:57:43,127,127,51,87,,,,,0,0,,,
Bogor,Kabupaten Bogor Leuwiliang,2026-05-14 16:00:00,71,70,35,,4,10,0,71,,,,,
Tangerang,Tangerang Pasir Jaya,2026-05-14 14:00:00,95,95,49,,59,63,0,65,,,,,
Bekasi,Bekasi Kayuringin,2026-05-14 16:00:00,82,82,44,,55,13,0,2,,,,,
Jakarta,The Pakubuwono Menteng,2026-05-14 16:59:42,110,110,42,83,,,,,51,32,,,
Depok,Cinere - Nafas,2026-05-14 16:59:43,124,124,52,87,,,,,0,0,,,
Bogor,Kabupaten Bogor Leuwiliang,2026-05-14 16:00:00,71,70,35,,4,10,0,71,,,,,
Tangerang,Tangerang Pasir Jaya,2026-05-14 14:00:00,95,95,49,,59,63,0,65,,,,,
Bekasi,Bekasi Kayuringin,2026-05-14 16:00:00,82,82,44,,55,13,0,2,,,,,
Jakarta,The Pakubuwono Menteng,2026-05-14 16:59:42,110,110,42,83,,,,,51,32,,,
Depok,Cinere - Nafas,2026-05-14 16:59:43,124,124,52,87,,,,,0,0,,,
Bogor,Kabupaten Bogor Leuwiliang,2026-05-14 16:00:00,71,70,35,,4,10,0,71,,,,,
Tangerang,Tangerang Pasir Jaya,2026-05-14 14:00:00,95,95,49,,59,63,0,65,,,,,
Bekasi,Bekasi Kayuringin,2026-05-14 16:00:00,82,82,44,,55,13,0,2,,,,,
Jakarta,The Pakubuwono Menteng,2026-05-14 17:01:42,127,127,51,90,,,,,50,32,,,
Depok,Cinere - Nafas,2026-05-14 17:01:43,125,125,51,88,,,,,0,0,,,
Bogor,Kabupaten Bogor Leuwiliang,2026-05-14 16:00:00,71,70,35,,4,10,0,71,,,,,
Tangerang,Tangerang Pasir Jaya,2026-05-14 14:00:00,95,95,49,,59,63,0,65,,,,,
Bekasi,Bekasi Kayuringin,2026-05-14 16:00:00,82,82,44,,55,13,0,2,,,,,
Jakarta,The Pakubuwono Menteng,2026-05-14 17:02:42,123,123,50,90,,,,,50,31.9,,,
Depok,Cinere - Nafas,2026-05-14 17:02:43,129,129,52,90,,,,,0,0,,,
Bogor,Kabupaten Bogor Leuwiliang,2026-05-14 16:00:00,71,70,35,,4,10,0,71,,,,,
Tangerang,Tangerang Pasir Jaya,2026-05-14 14:00:00,95,95,49,,59,63,0,65,,,,,
Bekasi,Bekasi Kayuringin,2026-05-14 16:00:00,82,82,44,,55,13,0,2,,,,,
Jakarta,The Pakubuwono Menteng,2026-05-14 17:02:42,123,123,50,90,,,,,50,31.9,,,
Depok,Cinere - Nafas,2026-05-14 17:02:43,129,129,52,90,,,,,0,0,,,
Bogor,Kabupaten Bogor Leuwiliang,2026-05-14 16:00:00,71,70,35,,4,10,0,71,,,,,
Tangerang,Tangerang Pasir Jaya,2026-05-14 14:00:00,95,95,49,,59,63,0,65,,,,,
Bekasi,Bekasi Kayuringin,2026-05-14 16:00:00,82,82,44,,55,13,0,2,,,,,
Jakarta,The Pakubuwono Menteng,2026-05-14 17:04:44,123,123,50,89,,,,,50,31.8,,,
Depok,Cinere - Nafas,2026-05-14 17:04:43,129,129,52,89,,,,,0,0,,,
Bogor,Kabupaten Bogor Leuwiliang,2026-05-14 16:00:00,71,70,35,,4,10,0,71,,,,,
Tangerang,Tangerang Pasir Jaya,2026-05-14 14:00:00,95,95,49,,59,63,0,65,,,,,
Bekasi,Bekasi Kayuringin,2026-05-14 16:00:00,82,82,44,,55,13,0,2,,,,,
Jakarta,The Pakubuwono Menteng,2026-05-14 17:06:42,126,126,50,90,,,,,50,31.6,,,
Depok,Cinere - Nafas,2026-05-14 17:06:43,126,126,53,87,,,,,0,0,,,
Bogor,Kabupaten Bogor Leuwiliang,2026-05-14 17:00:00,71,68,34,,4,10,0,71,,,,,
Tangerang,Tangerang Pasir Jaya,2026-05-14 14:00:00,95,95,49,,59,63,0,65,,,,,
Bekasi,Bekasi Kayuringin,2026-05-14 17:00:00,82,82,43,,55,13,0,2,,,,,
Jakarta,The Pakubuwono Menteng,2026-05-14 17:06:42,126,126,50,90,,,,,50,31.6,,,
Depok,Cinere - Nafas,2026-05-14 17:06:43,126,126,53,87,,,,,0,0,,,
Bogor,Kabupaten Bogor Leuwiliang,2026-05-14 17:00:00,71,68,34,,4,10,0,71,,,,,
Tangerang,Tangerang Pasir Jaya,2026-05-14 14:00:00,95,95,49,,59,63,0,65,,,,,
Bekasi,Bekasi Kayuringin,2026-05-14 17:00:00,82,82,43,,55,13,0,2,,,,,
Jakarta,The Pakubuwono Menteng,2026-05-14 17:07:42,123,123,48,87,,,,,51,31.5,,,
Depok,Cinere - Nafas,2026-05-14 17:09:43,125,125,52,88,,,,,0,0,,,
Bogor,Kabupaten Bogor Leuwiliang,2026-05-14 17:00:00,71,68,34,,4,10,0,71,,,,,
Tangerang,Tangerang Pasir Jaya,2026-05-14 14:00:00,95,95,49,,59,63,0,65,,,,,
Bekasi,Bekasi Kayuringin,2026-05-14 17:00:00,82,82,43,,55,13,0,2,,,,,
Jakarta,The Pakubuwono Menteng,2026-05-14 17:09:45,123,123,49,87,,,,,51,31.3,,,
Depok,Cinere - Nafas,2026-05-14 17:09:43,125,125,52,88,,,,,0,0,,,
Bogor,Kabupaten Bogor Leuwiliang,2026-05-14 17:00:00,71,68,34,,4,10,0,71,,,,,
Tangerang,Tangerang Pasir Jaya,2026-05-14 14:00:00,95,95,49,,59,63,0,65,,,,,
Bekasi,Bekasi Kayuringin,2026-05-14 17:00:00,82,82,43,,55,13,0,2,,,,,
Jakarta,The Pakubuwono Menteng,2026-05-14 17:10:42,121,121,49,88,,,,,52,31.2,,,
Depok,Cinere - Nafas,2026-05-14 17:10:43,128,128,51,88,,,,,0,0,,,
Bogor,Kabupaten Bogor Leuwiliang,2026-05-14 17:00:00,71,68,34,,4,10,0,71,,,,,
Tangerang,Tangerang Pasir Jaya,2026-05-14 14:00:00,95,95,49,,59,63,0,65,,,,,
Bekasi,Bekasi Kayuringin,2026-05-14 17:00:00,82,82,43,,55,13,0,2,,,,,
Jakarta,The Pakubuwono Menteng,2026-05-14 17:12:42,124,124,50,89,,,,,52,31,,,
Depok,Cinere - Nafas,2026-05-14 17:12:43,124,124,51,89,,,,,0,0,,,
Bogor,Kabupaten Bogor Leuwiliang,2026-05-14 17:00:00,71,68,34,,4,10,0,71,,,,,
Tangerang,Tangerang Pasir Jaya,2026-05-14 14:00:00,95,95,49,,59,63,0,65,,,,,
Bekasi,Bekasi Kayuringin,2026-05-14 17:00:00,82,82,43,,55,13,0,2,,,,,
Jakarta,The Pakubuwono Menteng,2026-05-14 17:12:42,124,124,50,89,,,,,52,31,,,
Depok,Cinere - Nafas,2026-05-14 17:12:43,124,124,51,89,,,,,0,0,,,
Bogor,Kabupaten Bogor Leuwiliang,2026-05-14 17:00:00,71,68,34,,4,10,0,71,,,,,
Tangerang,Tangerang Pasir Jaya,2026-05-14 14:00:00,95,95,49,,59,63,0,65,,,,,
Bekasi,Bekasi Kayuringin,2026-05-14 17:00:00,82,82,43,,55,13,0,2,,,,,
Jakarta,The Pakubuwono Menteng,2026-05-14 17:14:42,122,122,49,87,,,,,52,30.9,,,
Depok,Cinere - Nafas,2026-05-14 17:14:43,131,131,52,90,,,,,0,0,,,
Bogor,Kabupaten Bogor Leuwiliang,2026-05-14 17:00:00,71,68,34,,4,10,0,71,,,,,
Tangerang,Tangerang Pasir Jaya,2026-05-14 14:00:00,95,95,49,,59,63,0,65,,,,,
Bekasi,Bekasi Kayuringin,2026-05-14 17:00:00,82,82,43,,55,13,0,2,,,,,
Jakarta,The Pakubuwono Menteng,2026-05-14 17:14:42,122,122,49,87,,,,,52,30.9,,,
Depok,Cinere - Nafas,2026-05-14 17:14:43,131,131,52,90,,,,,0,0,,,
Bogor,Kabupaten Bogor Leuwiliang,2026-05-14 17:00:00,71,68,34,,4,10,0,71,,,,,
Tangerang,Tangerang Pasir Jaya,2026-05-14 14:00:00,95,95,49,,59,63,0,65,,,,,
Bekasi,Bekasi Kayuringin,2026-05-14 17:00:00,82,82,43,,55,13,0,2,,,,,
Jakarta,The Pakubuwono Menteng,2026-05-14 17:16:42,122,122,50,89,,,,,52,30.8,,,
Depok,Cinere - Nafas,2026-05-14 17:16:44,128,128,53,89,,,,,0,0,,,
Bogor,Kabupaten Bogor Leuwiliang,2026-05-14 17:00:00,71,68,34,,4,10,0,71,,,,,
Tangerang,Tangerang Pasir Jaya,2026-05-14 14:00:00,95,95,49,,59,63,0,65,,,,,
Bekasi,Bekasi Kayuringin,2026-05-14 17:00:00,82,82,43,,55,13,0,2,,,,,
Jakarta,The Pakubuwono Menteng,2026-05-14 17:17:42,121,121,49,89,,,,,53,30.8,,,
Depok,Cinere - Nafas,2026-05-14 17:17:43,134,134,54,93,,,,,0,0,,,
Bogor,Kabupaten Bogor Leuwiliang,2026-05-14 17:00:00,71,68,34,,4,10,0,71,,,,,
Tangerang,Tangerang Pasir Jaya,2026-05-14 14:00:00,95,95,49,,59,63,0,65,,,,,
Bekasi,Bekasi Kayuringin,2026-05-14 17:00:00,82,82,43,,55,13,0,2,,,,,
Jakarta,The Pakubuwono Menteng,2026-05-14 17:17:42,121,121,49,89,,,,,53,30.8,,,
Depok,Cinere - Nafas,2026-05-14 17:17:43,134,134,54,93,,,,,0,0,,,
Bogor,Kabupaten Bogor Leuwiliang,2026-05-14 17:00:00,71,68,34,,4,10,0,71,,,,,
Tangerang,Tangerang Pasir Jaya,2026-05-14 14:00:00,95,95,49,,59,63,0,65,,,,,
Bekasi,Bekasi Kayuringin,2026-05-14 17:00:00,82,82,43,,55,13,0,2,,,,,
Jakarta,The Pakubuwono Menteng,2026-05-14 17:19:42,121,121,49,89,,,,,53,30.7,,,
Depok,Cinere - Nafas,2026-05-14 17:20:04,136,136,53,94,,,,,0,0,,,
Bogor,Kabupaten Bogor Leuwiliang,2026-05-14 17:00:00,71,68,34,,4,10,0,71,,,,,
Tangerang,Tangerang Pasir Jaya,2026-05-14 14:00:00,95,95,49,,59,63,0,65,,,,,
Bekasi,Bekasi Kayuringin,2026-05-14 17:00:00,82,82,43,,55,13,0,2,,,,,
Jakarta,The Pakubuwono Menteng,2026-05-14 17:21:42,118,118,46,84,,,,,53,30.6,,,
Depok,Cinere - Nafas,2026-05-14 17:22:04,136,136,53,94,,,,,0,0,,,
Bogor,Kabupaten Bogor Leuwiliang,2026-05-14 17:00:00,71,68,34,,4,10,0,71,,,,,
Tangerang,Tangerang Pasir Jaya,2026-05-14 14:00:00,95,95,49,,59,63,0,65,,,,,
Bekasi,Bekasi Kayuringin,2026-05-14 17:00:00,82,82,43,,55,13,0,2,,,,,
Jakarta,The Pakubuwono Menteng,2026-05-14 17:23:42,119,119,47,86,,,,,53,30.5,,,
Depok,Cinere - Nafas,2026-05-14 17:24:04,138,138,54,96,,,,,0,0,,,
Bogor,Kabupaten Bogor Leuwiliang,2026-05-14 17:00:00,71,68,34,,4,10,0,71,,,,,
Tangerang,Tangerang Pasir Jaya,2026-05-14 14:00:00,95,95,49,,59,63,0,65,,,,,
Bekasi,Bekasi Kayuringin,2026-05-14 17:00:00,82,82,43,,55,13,0,2,,,,,
Jakarta,The Pakubuwono Menteng,2026-05-14 17:23:42,119,119,47,86,,,,,53,30.5,,,
Depok,Cinere - Nafas,2026-05-14 17:24:04,138,138,54,96,,,,,0,0,,,
Bogor,Kabupaten Bogor Leuwiliang,2026-05-14 17:00:00,71,68,34,,4,10,0,71,,,,,
Tangerang,Tangerang Pasir Jaya,2026-05-14 14:00:00,95,95,49,,59,63,0,65,,,,,
Bekasi,Bekasi Kayuringin,2026-05-14 17:00:00,82,82,43,,55,13,0,2,,,,,
Jakarta,The Pakubuwono Menteng,2026-05-14 17:24:42,120,120,48,86,,,,,54,30.4,,,
Depok,Cinere - Nafas,2026-05-14 17:25:04,138,138,56,96,,,,,0,0,,,
Bogor,Kabupaten Bogor Leuwiliang,2026-05-14 17:00:00,71,68,34,,4,10,0,71,,,,,
Tangerang,Tangerang Pasir Jaya,2026-05-14 14:00:00,95,95,49,,59,63,0,65,,,,,
Bekasi,Bekasi Kayuringin,2026-05-14 17:00:00,82,82,43,,55,13,0,2,,,,,
Jakarta,The Pakubuwono Menteng,2026-05-14 17:24:42,120,120,48,86,,,,,54,30.4,,,
Depok,Cinere - Nafas,2026-05-14 17:25:04,138,138,56,96,,,,,0,0,,,
Bogor,Kabupaten Bogor Leuwiliang,2026-05-14 17:00:00,71,68,34,,4,10,0,71,,,,,
Tangerang,Tangerang Pasir Jaya,2026-05-14 14:00:00,95,95,49,,59,63,0,65,,,,,
Bekasi,Bekasi Kayuringin,2026-05-14 17:00:00,82,82,43,,55,13,0,2,,,,,
Jakarta,The Pakubuwono Menteng,2026-05-14 17:26:42,118,118,47,87,,,,,54,30.2,,,
Depok,Cinere - Nafas,2026-05-14 17:27:04,140,140,56,98,,,,,0,0,,,
Bogor,Kabupaten Bogor Leuwiliang,2026-05-14 17:00:00,71,68,34,,4,10,0,71,,,,,
Tangerang,Tangerang Pasir Jaya,2026-05-14 14:00:00,95,95,49,,59,63,0,65,,,,,
Bekasi,Bekasi Kayuringin,2026-05-14 17:00:00,82,82,43,,55,13,0,2,,,,,
Jakarta,The Pakubuwono Menteng,2026-05-14 17:28:42,119,119,48,86,,,,,54,30.1,,,
Depok,Cinere - Nafas,2026-05-14 17:29:04,148,148,57,100,,,,,0,0,,,
Bogor,Kabupaten Bogor Leuwiliang,2026-05-14 17:00:00,71,68,34,,4,10,0,71,,,,,
Tangerang,Tangerang Pasir Jaya,2026-05-14 14:00:00,95,95,49,,59,63,0,65,,,,,
Bekasi,Bekasi Kayuringin,2026-05-14 17:00:00,82,82,43,,55,13,0,2,,,,,
Jakarta,The Pakubuwono Menteng,2026-05-14 17:28:42,119,119,48,86,,,,,54,30.1,,,
Depok,Cinere - Nafas,2026-05-14 17:29:04,148,148,57,100,,,,,0,0,,,
Bogor,Kabupaten Bogor Leuwiliang,2026-05-14 17:00:00,71,68,34,,4,10,0,71,,,,,
Tangerang,Tangerang Pasir Jaya,2026-05-14 14:00:00,95,95,49,,59,63,0,65,,,,,
Bekasi,Bekasi Kayuringin,2026-05-14 17:00:00,82,82,43,,55,13,0,2,,,,,
Jakarta,The Pakubuwono Menteng,2026-05-14 17:30:42,114,114,46,84,,,,,54,30,,,
Depok,Cinere - Nafas,2026-05-14 17:31:04,150,150,57,100,,,,,0,0,,,
Bogor,Kabupaten Bogor Leuwiliang,2026-05-14 17:00:00,71,68,34,,4,10,0,71,,,,,
Tangerang,Tangerang Pasir Jaya,2026-05-14 14:00:00,95,95,49,,59,63,0,65,,,,,
Bekasi,Bekasi Kayuringin,2026-05-14 17:00:00,82,82,43,,55,13,0,2,,,,,
Jakarta,The Pakubuwono Menteng,2026-05-14 17:31:42,114,114,45,83,,,,,55,29.9,,,
Depok,Cinere - Nafas,2026-05-14 17:32:04,150,150,57,100,,,,,0,0,,,
Bogor,Kabupaten Bogor Leuwiliang,2026-05-14 17:00:00,71,68,34,,4,10,0,71,,,,,
Tangerang,Tangerang Pasir Jaya,2026-05-14 14:00:00,95,95,49,,59,63,0,65,,,,,
Bekasi,Bekasi Kayuringin,2026-05-14 17:00:00,82,82,43,,55,13,0,2,,,,,
Jakarta,The Pakubuwono Menteng,2026-05-14 17:33:42,118,118,45,87,,,,,55,29.8,,,
Depok,Cinere - Nafas,2026-05-14 17:34:04,149,149,57,99,,,,,0,0,,,
Bogor,Kabupaten Bogor Leuwiliang,2026-05-14 17:00:00,71,68,34,,4,10,0,71,,,,,
Tangerang,Tangerang Pasir Jaya,2026-05-14 14:00:00,95,95,49,,59,63,0,65,,,,,
Bekasi,Bekasi Kayuringin,2026-05-14 17:00:00,82,82,43,,55,13,0,2,,,,,
Jakarta,The Pakubuwono Menteng,2026-05-14 17:33:42,118,118,45,87,,,,,55,29.8,,,
Depok,Cinere - Nafas,2026-05-14 17:34:04,149,149,57,99,,,,,0,0,,,
Bogor,Kabupaten Bogor Leuwiliang,2026-05-14 17:00:00,71,68,34,,4,10,0,71,,,,,
Tangerang,Tangerang Pasir Jaya,2026-05-14 14:00:00,95,95,49,,59,63,0,65,,,,,
Bekasi,Bekasi Kayuringin,2026-05-14 17:00:00,82,82,43,,55,13,0,2,,,,,
Jakarta,The Pakubuwono Menteng,2026-05-14 17:35:42,117,117,47,85,,,,,55,29.7,,,
Depok,Cinere - Nafas,2026-05-14 17:36:04,149,149,56,100,,,,,0,0,,,
Bogor,Kabupaten Bogor Leuwiliang,2026-05-14 17:00:00,71,68,34,,4,10,0,71,,,,,
Tangerang,Tangerang Pasir Jaya,2026-05-14 14:00:00,95,95,49,,59,63,0,65,,,,,
Bekasi,Bekasi Kayuringin,2026-05-14 17:00:00,82,82,43,,55,13,0,2,,,,,
Jakarta,The Pakubuwono Menteng,2026-05-14 17:37:43,113,113,46,81,,,,,54,29.6,,,
Depok,Cinere - Nafas,2026-05-14 17:38:04,141,141,55,95,,,,,0,0,,,
Bogor,Kabupaten Bogor Leuwiliang,2026-05-14 17:00:00,71,68,34,,4,10,0,71,,,,,
Tangerang,Tangerang Pasir Jaya,2026-05-14 14:00:00,95,95,49,,59,63,0,65,,,,,
Bekasi,Bekasi Kayuringin,2026-05-14 17:00:00,82,82,43,,55,13,0,2,,,,,
Jakarta,The Pakubuwono Menteng,2026-05-14 17:37:43,113,113,46,81,,,,,54,29.6,,,
Depok,Cinere - Nafas,2026-05-14 17:38:04,141,141,55,95,,,,,0,0,,,
Bogor,Kabupaten Bogor Leuwiliang,2026-05-14 17:00:00,71,68,34,,4,10,0,71,,,,,
Tangerang,Tangerang Pasir Jaya,2026-05-14 14:00:00,95,95,49,,59,63,0,65,,,,,
Bekasi,Bekasi Kayuringin,2026-05-14 17:00:00,82,82,43,,55,13,0,2,,,,,
Jakarta,The Pakubuwono Menteng,2026-05-14 17:38:43,109,109,43,78,,,,,54,29.6,,,
Depok,Cinere - Nafas,2026-05-14 17:39:04,140,140,54,94,,,,,0,0,,,
Bogor,Kabupaten Bogor Leuwiliang,2026-05-14 17:00:00,71,68,34,,4,10,0,71,,,,,
Tangerang,Tangerang Pasir Jaya,2026-05-14 14:00:00,95,95,49,,59,63,0,65,,,,,
Bekasi,Bekasi Kayuringin,2026-05-14 17:00:00,82,82,43,,55,13,0,2,,,,,
Jakarta,The Pakubuwono Menteng,2026-05-14 17:40:43,107,107,41,78,,,,,54,29.5,,,
Depok,Cinere - Nafas,2026-05-14 17:41:27,136,136,53,96,,,,,0,0,,,
Bogor,Kabupaten Bogor Leuwiliang,2026-05-14 17:00:00,71,68,34,,4,10,0,71,,,,,
Tangerang,Tangerang Pasir Jaya,2026-05-14 14:00:00,95,95,49,,59,63,0,65,,,,,
Bekasi,Bekasi Kayuringin,2026-05-14 17:00:00,82,82,43,,55,13,0,2,,,,,
Jakarta,The Pakubuwono Menteng,2026-05-14 17:40:43,107,107,41,78,,,,,54,29.5,,,
Depok,Cinere - Nafas,2026-05-14 17:41:27,136,136,53,96,,,,,0,0,,,
Bogor,Kabupaten Bogor Leuwiliang,2026-05-14 17:00:00,71,68,34,,4,10,0,71,,,,,
Tangerang,Tangerang Pasir Jaya,2026-05-14 14:00:00,95,95,49,,59,63,0,65,,,,,
Bekasi,Bekasi Kayuringin,2026-05-14 17:00:00,82,82,43,,55,13,0,2,,,,,
Jakarta,The Pakubuwono Menteng,2026-05-14 17:42:43,101,101,37,77,,,,,53,29.4,,,
Depok,Cinere - Nafas,2026-05-14 17:43:27,129,129,52,89,,,,,0,0,,,
Bogor,Kabupaten Bogor Leuwiliang,2026-05-14 17:00:00,71,68,34,,4,10,0,71,,,,,
Tangerang,Tangerang Pasir Jaya,2026-05-14 14:00:00,95,95,49,,59,63,0,65,,,,,
Bekasi,Bekasi Kayuringin,2026-05-14 17:00:00,82,82,43,,55,13,0,2,,,,,
Jakarta,The Pakubuwono Menteng,2026-05-14 17:43:43,99,99,35,74,,,,,53,29.4,,,
Depok,Cinere - Nafas,2026-05-14 17:44:27,133,133,53,93,,,,,0,0,,,
Bogor,Kabupaten Bogor Leuwiliang,2026-05-14 17:00:00,71,68,34,,4,10,0,71,,,,,
Tangerang,Tangerang Pasir Jaya,2026-05-14 14:00:00,95,95,49,,59,63,0,65,,,,,
Bekasi,Bekasi Kayuringin,2026-05-14 17:00:00,82,82,43,,55,13,0,2,,,,,
Jakarta,The Pakubuwono Menteng,2026-05-14 17:45:43,97,97,37,74,,,,,53,29.4,,,
Depok,Cinere - Nafas,2026-05-14 17:46:27,131,131,53,90,,,,,0,0,,,
Bogor,Kabupaten Bogor Leuwiliang,2026-05-14 17:00:00,71,68,34,,4,10,0,71,,,,,
Tangerang,Tangerang Pasir Jaya,2026-05-14 14:00:00,95,95,49,,59,63,0,65,,,,,
Bekasi,Bekasi Kayuringin,2026-05-14 17:00:00,82,82,43,,55,13,0,2,,,,,
Jakarta,The Pakubuwono Menteng,2026-05-14 17:45:43,97,97,37,74,,,,,53,29.4,,,
Depok,Cinere - Nafas,2026-05-14 17:46:27,131,131,53,90,,,,,0,0,,,
Bogor,Kabupaten Bogor Leuwiliang,2026-05-14 17:00:00,71,68,34,,4,10,0,71,,,,,
Tangerang,Tangerang Pasir Jaya,2026-05-14 14:00:00,95,95,49,,59,63,0,65,,,,,
Bekasi,Bekasi Kayuringin,2026-05-14 17:00:00,82,82,43,,55,13,0,2,,,,,
Jakarta,The Pakubuwono Menteng,2026-05-14 17:47:43,95,95,35,72,,,,,53,29.3,,,
Depok,Cinere - Nafas,2026-05-14 17:48:27,136,136,53,90,,,,,0,0,,,
Bogor,Kabupaten Bogor Leuwiliang,2026-05-14 17:00:00,71,68,34,,4,10,0,71,,,,,
Tangerang,Tangerang Pasir Jaya,2026-05-14 14:00:00,95,95,49,,59,63,0,65,,,,,
Bekasi,Bekasi Kayuringin,2026-05-14 17:00:00,82,82,43,,55,13,0,2,,,,,
Jakarta,The Pakubuwono Menteng,2026-05-14 17:48:44,94,94,34,72,,,,,53,29.3,,,
Depok,Cinere - Nafas,2026-05-14 17:49:27,130,130,53,89,,,,,0,0,,,
Bogor,Kabupaten Bogor Leuwiliang,2026-05-14 17:00:00,71,68,34,,4,10,0,71,,,,,
Tangerang,Tangerang Pasir Jaya,2026-05-14 14:00:00,95,95,49,,59,63,0,65,,,,,
Bekasi,Bekasi Kayuringin,2026-05-14 17:00:00,82,82,43,,55,13,0,2,,,,,
Jakarta,The Pakubuwono Menteng,2026-05-14 17:48:44,94,94,34,72,,,,,53,29.3,,,
Depok,Cinere - Nafas,2026-05-14 17:49:27,130,130,53,89,,,,,0,0,,,
Bogor,Kabupaten Bogor Leuwiliang,2026-05-14 17:00:00,71,68,34,,4,10,0,71,,,,,
Tangerang,Tangerang Pasir Jaya,2026-05-14 14:00:00,95,95,49,,59,63,0,65,,,,,
Bekasi,Bekasi Kayuringin,2026-05-14 17:00:00,82,82,43,,55,13,0,2,,,,,
Jakarta,The Pakubuwono Menteng,2026-05-14 17:50:43,95,95,34,73,,,,,53,29.3,,,
Depok,Cinere - Nafas,2026-05-14 17:50:27,130,130,52,89,,,,,0,0,,,
Bogor,Kabupaten Bogor Leuwiliang,2026-05-14 17:00:00,71,68,34,,4,10,0,71,,,,,
Tangerang,Tangerang Pasir Jaya,2026-05-14 14:00:00,95,95,49,,59,63,0,65,,,,,
Bekasi,Bekasi Kayuringin,2026-05-14 17:00:00,82,82,43,,55,13,0,2,,,,,
Jakarta,The Pakubuwono Menteng,2026-05-14 17:50:43,95,95,34,73,,,,,53,29.3,,,
Depok,Cinere - Nafas,2026-05-14 17:50:27,130,130,52,89,,,,,0,0,,,
Bogor,Kabupaten Bogor Leuwiliang,2026-05-14 17:00:00,71,68,34,,4,10,0,71,,,,,
Tangerang,Tangerang Pasir Jaya,2026-05-14 14:00:00,95,95,49,,59,63,0,65,,,,,
Bekasi,Bekasi Kayuringin,2026-05-14 17:00:00,82,82,43,,55,13,0,2,,,,,
Jakarta,The Pakubuwono Menteng,2026-05-14 17:50:43,95,95,34,73,,,,,53,29.3,,,
Depok,Cinere - Nafas,2026-05-14 17:50:27,130,130,52,89,,,,,0,0,,,
Bogor,Kabupaten Bogor Leuwiliang,2026-05-14 17:00:00,71,68,34,,4,10,0,71,,,,,
Tangerang,Tangerang Pasir Jaya,2026-05-14 14:00:00,95,95,49,,59,63,0,65,,,,,
Bekasi,Bekasi Kayuringin,2026-05-14 17:00:00,82,82,43,,55,13,0,2,,,,,
Jakarta,The Pakubuwono Menteng,2026-05-14 17:50:43,95,95,34,73,,,,,53,29.3,,,
Depok,Cinere - Nafas,2026-05-14 17:50:27,130,130,52,89,,,,,0,0,,,
Bogor,Kabupaten Bogor Leuwiliang,2026-05-14 17:00:00,71,68,34,,4,10,0,71,,,,,
Tangerang,Tangerang Pasir Jaya,2026-05-14 14:00:00,95,95,49,,59,63,0,65,,,,,
Bekasi,Bekasi Kayuringin,2026-05-14 17:00:00,82,82,43,,55,13,0,2,,,,,
Jakarta,The Pakubuwono Menteng,2026-05-14 17:50:43,95,95,34,73,,,,,53,29.3,,,
Depok,Cinere - Nafas,2026-05-14 17:50:27,130,130,52,89,,,,,0,0,,,
Bogor,Kabupaten Bogor Leuwiliang,2026-05-14 17:00:00,71,68,34,,4,10,0,71,,,,,
Tangerang,Tangerang Pasir Jaya,2026-05-14 14:00:00,-,95,49,,59,63,0,65,,,,,
Bekasi,Bekasi Kayuringin,2026-05-14 17:00:00,82,82,43,,55,13,0,2,,,,,
Jakarta,The Pakubuwono Menteng,2026-05-14 17:50:43,95,95,34,73,,,,,53,29.3,,,
Depok,Cinere - Nafas,2026-05-14 17:50:27,130,130,52,89,,,,,0,0,,,
Bogor,Kabupaten Bogor Leuwiliang,2026-05-14 17:00:00,71,68,34,,4,10,0,71,,,,,
Tangerang,Tangerang Pasir Jaya,2026-05-14 14:00:00,-,95,49,,59,63,0,65,,,,,
Bekasi,Bekasi Kayuringin,2026-05-14 17:00:00,82,82,43,,55,13,0,2,,,,,
Jakarta,The Pakubuwono Menteng,2026-05-14 17:50:43,95,95,34,73,,,,,53,29.3,,,
Depok,Cinere - Nafas,2026-05-14 17:50:27,130,130,52,89,,,,,0,0,,,
Bogor,Kabupaten Bogor Leuwiliang,2026-05-14 17:00:00,71,68,34,,4,10,0,71,,,,,
Tangerang,Tangerang Pasir Jaya,2026-05-14 14:00:00,-,95,49,,59,63,0,65,,,,,
Bekasi,Bekasi Kayuringin,2026-05-14 17:00:00,82,82,43,,55,13,0,2,,,,,
Jakarta,The Pakubuwono Menteng,2026-05-14 17:50:43,95,95,34,73,,,,,53,29.3,,,
Depok,Cinere - Nafas,2026-05-14 17:50:27,130,130,52,89,,,,,0,0,,,
Bogor,Kabupaten Bogor Leuwiliang,2026-05-14 17:00:00,71,68,34,,4,10,0,71,,,,,
Tangerang,Tangerang Pasir Jaya,2026-05-14 14:00:00,-,95,49,,59,63,0,65,,,,,
Bekasi,Bekasi Kayuringin,2026-05-14 17:00:00,82,82,43,,55,13,0,2,,,,,
Jakarta,The Pakubuwono Menteng,2026-05-14 17:50:43,95,95,34,73,,,,,53,29.3,,,
Depok,Cinere - Nafas,2026-05-14 17:50:27,130,130,52,89,,,,,0,0,,,
Bogor,Kabupaten Bogor Leuwiliang,2026-05-14 17:00:00,71,68,34,,4,10,0,71,,,,,
Tangerang,Tangerang Pasir Jaya,2026-05-14 14:00:00,-,95,49,,59,63,0,65,,,,,
Bekasi,Bekasi Kayuringin,2026-05-14 17:00:00,82,82,43,,55,13,0,2,,,,,
Jakarta,The Pakubuwono Menteng,2026-05-14 17:59:43,109,109,42,80,,,,,55,29.2,,,
Depok,Cinere - Nafas,2026-05-14 18:00:28,122,122,51,86,,,,,0,0,,,
Bogor,Kabupaten Bogor Leuwiliang,2026-05-14 17:00:00,71,68,34,,4,10,0,71,,,,,
Tangerang,Tangerang Pasir Jaya,2026-05-14 14:00:00,-,95,49,,59,63,0,65,,,,,
Bekasi,Bekasi Kayuringin,2026-05-14 17:00:00,82,82,43,,55,13,0,2,,,,,
Jakarta,The Pakubuwono Menteng,2026-05-14 17:59:43,109,109,42,80,,,,,55,29.2,,,
Depok,Cinere - Nafas,2026-05-14 18:00:28,122,122,51,86,,,,,0,0,,,
Bogor,Kabupaten Bogor Leuwiliang,2026-05-14 17:00:00,71,68,34,,4,10,0,71,,,,,
Tangerang,Tangerang Pasir Jaya,2026-05-14 14:00:00,-,95,49,,59,63,0,65,,,,,
Bekasi,Bekasi Kayuringin,2026-05-14 17:00:00,82,82,43,,55,13,0,2,,,,,
Jakarta,The Pakubuwono Menteng,2026-05-14 18:04:43,111,111,44,82,,,,,55,29,,,
Depok,Cinere - Nafas,2026-05-14 18:04:28,127,127,53,86,,,,,0,0,,,
Bogor,Kabupaten Bogor Leuwiliang,2026-05-14 17:00:00,71,68,34,,4,10,0,71,,,,,
Tangerang,Tangerang Pasir Jaya,2026-05-14 14:00:00,-,95,49,,59,63,0,65,,,,,
Bekasi,Bekasi Kayuringin,2026-05-14 18:00:00,82,82,43,,55,13,0,2,,,,,
Jakarta,The Pakubuwono Menteng,2026-05-14 18:06:43,118,118,45,84,,,,,55,29,,,
Depok,Cinere - Nafas,2026-05-14 18:06:28,126,126,52,87,,,,,0,0,,,
Bogor,Kabupaten Bogor Leuwiliang,2026-05-14 18:00:00,71,67,33,,4,10,0,71,,,,,
Tangerang,Tangerang Pasir Jaya,2026-05-14 14:00:00,-,95,49,,59,63,0,65,,,,,
Bekasi,Bekasi Kayuringin,2026-05-14 18:00:00,82,82,43,,55,13,0,2,,,,,
Jakarta,The Pakubuwono Menteng,2026-05-14 18:07:43,114,114,45,82,,,,,55,28.9,,,
Depok,Cinere - Nafas,2026-05-14 18:07:28,123,123,50,88,,,,,0,0,,,
Bogor,Kabupaten Bogor Leuwiliang,2026-05-14 18:00:00,71,67,33,,4,10,0,71,,,,,
Tangerang,Tangerang Pasir Jaya,2026-05-14 14:00:00,-,95,49,,59,63,0,65,,,,,
Bekasi,Bekasi Kayuringin,2026-05-14 18:00:00,82,82,43,,55,13,0,2,,,,,
Jakarta,The Pakubuwono Menteng,2026-05-14 18:09:43,117,117,45,84,,,,,56,28.9,,,
Depok,Cinere - Nafas,2026-05-14 18:09:28,125,125,50,88,,,,,0,0,,,
Bogor,Kabupaten Bogor Leuwiliang,2026-05-14 18:00:00,71,67,33,,4,10,0,71,,,,,
Tangerang,Tangerang Pasir Jaya,2026-05-14 14:00:00,-,95,49,,59,63,0,65,,,,,
Bekasi,Bekasi Kayuringin,2026-05-14 18:00:00,82,82,43,,55,13,0,2,,,,,
Jakarta,The Pakubuwono Menteng,2026-05-14 18:09:43,117,117,45,84,,,,,56,28.9,,,
Depok,Cinere - Nafas,2026-05-14 18:09:28,125,125,50,88,,,,,0,0,,,
Bogor,Kabupaten Bogor Leuwiliang,2026-05-14 18:00:00,71,67,33,,4,10,0,71,,,,,
Tangerang,Tangerang Pasir Jaya,2026-05-14 14:00:00,-,95,49,,59,63,0,65,,,,,
Bekasi,Bekasi Kayuringin,2026-05-14 18:00:00,82,82,43,,55,13,0,2,,,,,
Jakarta,The Pakubuwono Menteng,2026-05-14 18:11:43,115,115,47,83,,,,,56,28.9,,,
Depok,Cinere - Nafas,2026-05-14 18:11:28,126,126,51,88,,,,,0,0,,,
Bogor,Kabupaten Bogor Leuwiliang,2026-05-14 18:00:00,71,67,33,,4,10,0,71,,,,,
Tangerang,Tangerang Pasir Jaya,2026-05-14 14:00:00,-,95,49,,59,63,0,65,,,,,
Bekasi,Bekasi Kayuringin,2026-05-14 18:00:00,82,82,43,,55,13,0,2,,,,,
Jakarta,The Pakubuwono Menteng,2026-05-14 18:12:43,117,117,45,84,,,,,56,28.9,,,
Depok,Cinere - Nafas,2026-05-14 18:12:28,126,126,51,87,,,,,0,0,,,
Bogor,Kabupaten Bogor Leuwiliang,2026-05-14 18:00:00,71,67,33,,4,10,0,71,,,,,
Tangerang,Tangerang Pasir Jaya,2026-05-14 14:00:00,-,95,49,,59,63,0,65,,,,,
Bekasi,Bekasi Kayuringin,2026-05-14 18:00:00,82,82,43,,55,13,0,2,,,,,
Jakarta,The Pakubuwono Menteng,2026-05-14 18:12:43,117,117,45,84,,,,,56,28.9,,,
Depok,Cinere - Nafas,2026-05-14 18:12:28,126,126,51,87,,,,,0,0,,,
Bogor,Kabupaten Bogor Leuwiliang,2026-05-14 18:00:00,71,67,33,,4,10,0,71,,,,,
Tangerang,Tangerang Pasir Jaya,2026-05-14 14:00:00,-,95,49,,59,63,0,65,,,,,
Bekasi,Bekasi Kayuringin,2026-05-14 18:00:00,82,82,43,,55,13,0,2,,,,,
Jakarta,The Pakubuwono Menteng,2026-05-14 18:14:43,111,111,44,84,,,,,56,28.9,,,
Depok,Cinere - Nafas,2026-05-14 18:14:28,131,131,52,90,,,,,0,0,,,
Bogor,Kabupaten Bogor Leuwiliang,2026-05-14 18:00:00,71,67,33,,4,10,0,71,,,,,
Tangerang,Tangerang Pasir Jaya,2026-05-14 14:00:00,-,95,49,,59,63,0,65,,,,,
Bekasi,Bekasi Kayuringin,2026-05-14 18:00:00,82,82,43,,55,13,0,2,,,,,
Jakarta,The Pakubuwono Menteng,2026-05-14 18:16:43,114,114,45,84,,,,,56,28.8,,,
Depok,Cinere - Nafas,2026-05-14 18:16:28,131,131,53,91,,,,,0,0,,,
Bogor,Kabupaten Bogor Leuwiliang,2026-05-14 18:00:00,71,67,33,,4,10,0,71,,,,,
Tangerang,Tangerang Pasir Jaya,2026-05-14 14:00:00,-,95,49,,59,63,0,65,,,,,
Bekasi,Bekasi Kayuringin,2026-05-14 18:00:00,82,82,43,,55,13,0,2,,,,,
Jakarta,The Pakubuwono Menteng,2026-05-14 18:16:43,114,114,45,84,,,,,56,28.8,,,
Depok,Cinere - Nafas,2026-05-14 18:17:28,130,130,52,90,,,,,0,0,,,
Bogor,Kabupaten Bogor Leuwiliang,2026-05-14 18:00:00,71,67,33,,4,10,0,71,,,,,
Tangerang,Tangerang Pasir Jaya,2026-05-14 14:00:00,-,95,49,,59,63,0,65,,,,,
Bekasi,Bekasi Kayuringin,2026-05-14 18:00:00,82,82,43,,55,13,0,2,,,,,
Jakarta,The Pakubuwono Menteng,2026-05-14 18:17:44,114,114,44,83,,,,,56,28.8,,,
Depok,Cinere - Nafas,2026-05-14 18:17:28,130,130,52,90,,,,,0,0,,,
Bogor,Kabupaten Bogor Leuwiliang,2026-05-14 18:00:00,71,67,33,,4,10,0,71,,,,,
Tangerang,Tangerang Pasir Jaya,2026-05-14 14:00:00,-,95,49,,59,63,0,65,,,,,
Bekasi,Bekasi Kayuringin,2026-05-14 18:00:00,82,82,43,,55,13,0,2,,,,,
Jakarta,The Pakubuwono Menteng,2026-05-14 18:19:43,112,112,44,82,,,,,56,28.8,,,
Depok,Cinere - Nafas,2026-05-14 18:19:28,131,131,53,92,,,,,0,0,,,
Bogor,Kabupaten Bogor Leuwiliang,2026-05-14 18:00:00,71,67,33,,4,10,0,71,,,,,
Tangerang,Tangerang Pasir Jaya,2026-05-14 14:00:00,-,95,49,,59,63,0,65,,,,,
Bekasi,Bekasi Kayuringin,2026-05-14 18:00:00,82,82,43,,55,13,0,2,,,,,
Jakarta,The Pakubuwono Menteng,2026-05-14 18:21:43,109,109,43,80,,,,,56,28.7,,,
Depok,Cinere - Nafas,2026-05-14 18:21:28,136,136,54,94,,,,,0,0,,,
Bogor,Kabupaten Bogor Leuwiliang,2026-05-14 18:00:00,71,67,33,,4,10,0,71,,,,,
Tangerang,Tangerang Pasir Jaya,2026-05-14 14:00:00,-,95,49,,59,63,0,65,,,,,
Bekasi,Bekasi Kayuringin,2026-05-14 18:00:00,82,82,43,,55,13,0,2,,,,,
Jakarta,The Pakubuwono Menteng,2026-05-14 18:21:43,109,109,43,80,,,,,56,28.7,,,
Depok,Cinere - Nafas,2026-05-14 18:21:28,136,136,54,94,,,,,0,0,,,
Bogor,Kabupaten Bogor Leuwiliang,2026-05-14 18:00:00,71,67,33,,4,10,0,71,,,,,
Tangerang,Tangerang Pasir Jaya,2026-05-14 14:00:00,-,95,49,,59,63,0,65,,,,,
Bekasi,Bekasi Kayuringin,2026-05-14 18:00:00,82,82,43,,55,13,0,2,,,,,
Jakarta,The Pakubuwono Menteng,2026-05-14 18:22:43,113,113,44,80,,,,,56,28.7,,,
Depok,Cinere - Nafas,2026-05-14 18:22:28,134,134,53,93,,,,,0,0,,,
Bogor,Kabupaten Bogor Leuwiliang,2026-05-14 18:00:00,71,67,33,,4,10,0,71,,,,,
Tangerang,Tangerang Pasir Jaya,2026-05-14 14:00:00,-,95,49,,59,63,0,65,,,,,
Bekasi,Bekasi Kayuringin,2026-05-14 18:00:00,82,82,43,,55,13,0,2,,,,,
Jakarta,The Pakubuwono Menteng,2026-05-14 18:24:44,107,107,42,79,,,,,56,28.7,,,
Depok,Cinere - Nafas,2026-05-14 18:24:28,136,136,54,94,,,,,0,0,,,
Bogor,Kabupaten Bogor Leuwiliang,2026-05-14 18:00:00,71,67,33,,4,10,0,71,,,,,
Tangerang,Tangerang Pasir Jaya,2026-05-14 14:00:00,-,95,49,,59,63,0,65,,,,,
Bekasi,Bekasi Kayuringin,2026-05-14 18:00:00,82,82,43,,55,13,0,2,,,,,
Jakarta,The Pakubuwono Menteng,2026-05-14 18:24:44,107,107,42,79,,,,,56,28.7,,,
Depok,Cinere - Nafas,2026-05-14 18:24:28,136,136,54,94,,,,,0,0,,,
Bogor,Kabupaten Bogor Leuwiliang,2026-05-14 18:00:00,71,67,33,,4,10,0,71,,,,,
Tangerang,Tangerang Pasir Jaya,2026-05-14 14:00:00,-,95,49,,59,63,0,65,,,,,
Bekasi,Bekasi Kayuringin,2026-05-14 18:00:00,82,82,43,,55,13,0,2,,,,,
Jakarta,The Pakubuwono Menteng,2026-05-14 18:26:43,111,111,43,81,,,,,56,28.7,,,
Depok,Cinere - Nafas,2026-05-14 18:26:28,138,138,55,95,,,,,0,0,,,
Bogor,Kabupaten Bogor Leuwiliang,2026-05-14 18:00:00,71,67,33,,4,10,0,71,,,,,
Tangerang,Tangerang Pasir Jaya,2026-05-14 14:00:00,-,95,49,,59,63,0,65,,,,,
Bekasi,Bekasi Kayuringin,2026-05-14 18:00:00,82,82,43,,55,13,0,2,,,,,
Jakarta,The Pakubuwono Menteng,2026-05-14 18:26:43,111,111,43,81,,,,,56,28.7,,,
Depok,Cinere - Nafas,2026-05-14 18:26:28,138,138,55,95,,,,,0,0,,,
Bogor,Kabupaten Bogor Leuwiliang,2026-05-14 18:00:00,71,67,33,,4,10,0,71,,,,,
Tangerang,Tangerang Pasir Jaya,2026-05-14 14:00:00,-,95,49,,59,63,0,65,,,,,
Bekasi,Bekasi Kayuringin,2026-05-14 18:00:00,82,82,43,,55,13,0,2,,,,,
Jakarta,The Pakubuwono Menteng,2026-05-14 18:28:44,112,112,44,81,,,,,56,28.7,,,
Depok,Cinere - Nafas,2026-05-14 18:30:28,130,130,52,89,,,,,0,0,,,
Bogor,Kabupaten Bogor Leuwiliang,2026-05-14 18:00:00,71,67,33,,4,10,0,71,,,,,
Tangerang,Tangerang Pasir Jaya,2026-05-14 14:00:00,-,95,49,,59,63,0,65,,,,,
Bekasi,Bekasi Kayuringin,2026-05-14 18:00:00,82,82,43,,55,13,0,2,,,,,
Jakarta,The Pakubuwono Menteng,2026-05-14 18:29:44,106,106,42,79,,,,,56,28.7,,,
Depok,Cinere - Nafas,2026-05-14 18:30:28,130,130,52,89,,,,,0,0,,,
Bogor,Kabupaten Bogor Leuwiliang,2026-05-14 18:00:00,71,67,33,,4,10,0,71,,,,,
Tangerang,Tangerang Pasir Jaya,2026-05-14 14:00:00,-,95,49,,59,63,0,65,,,,,
Bekasi,Bekasi Kayuringin,2026-05-14 18:00:00,82,82,43,,55,13,0,2,,,,,
Jakarta,The Pakubuwono Menteng,2026-05-14 18:30:44,103,103,40,79,,,,,56,28.7,,,
Depok,Cinere - Nafas,2026-05-14 18:31:28,136,136,54,94,,,,,0,0,,,
Bogor,Kabupaten Bogor Leuwiliang,2026-05-14 18:00:00,71,67,33,,4,10,0,71,,,,,
Tangerang,Tangerang Pasir Jaya,2026-05-14 14:00:00,-,95,49,,59,63,0,65,,,,,
Bekasi,Bekasi Kayuringin,2026-05-14 18:00:00,82,82,43,,55,13,0,2,,,,,
Jakarta,The Pakubuwono Menteng,2026-05-14 18:32:44,108,108,41,80,,,,,56,28.7,,,
Depok,Cinere - Nafas,2026-05-14 18:32:28,130,130,53,90,,,,,0,0,,,
Bogor,Kabupaten Bogor Leuwiliang,2026-05-14 18:00:00,71,67,33,,4,10,0,71,,,,,
Tangerang,Tangerang Pasir Jaya,2026-05-14 14:00:00,-,95,49,,59,63,0,65,,,,,
Bekasi,Bekasi Kayuringin,2026-05-14 18:00:00,82,82,43,,55,13,0,2,,,,,
Jakarta,The Pakubuwono Menteng,2026-05-14 18:32:44,108,108,41,80,,,,,56,28.7,,,
Depok,Cinere - Nafas,2026-05-14 18:32:28,130,130,53,90,,,,,0,0,,,
Bogor,Kabupaten Bogor Leuwiliang,2026-05-14 18:00:00,71,67,33,,4,10,0,71,,,,,
Tangerang,Tangerang Pasir Jaya,2026-05-14 14:00:00,-,95,49,,59,63,0,65,,,,,
Bekasi,Bekasi Kayuringin,2026-05-14 18:00:00,82,82,43,,55,13,0,2,,,,,
Jakarta,The Pakubuwono Menteng,2026-05-14 18:34:44,108,108,41,79,,,,,56,28.8,,,
Depok,Cinere - Nafas,2026-05-14 18:34:28,129,129,52,90,,,,,0,0,,,
Bogor,Kabupaten Bogor Leuwiliang,2026-05-14 18:00:00,71,67,33,,4,10,0,71,,,,,
Tangerang,Tangerang Pasir Jaya,2026-05-14 14:00:00,-,95,49,,59,63,0,65,,,,,
Bekasi,Bekasi Kayuringin,2026-05-14 18:00:00,82,82,43,,55,13,0,2,,,,,
Jakarta,The Pakubuwono Menteng,2026-05-14 18:34:44,108,108,41,79,,,,,56,28.8,,,
Depok,Cinere - Nafas,2026-05-14 18:34:28,129,129,52,90,,,,,0,0,,,
Bogor,Kabupaten Bogor Leuwiliang,2026-05-14 18:00:00,71,67,33,,4,10,0,71,,,,,
Tangerang,Tangerang Pasir Jaya,2026-05-14 14:00:00,-,95,49,,59,63,0,65,,,,,
Bekasi,Bekasi Kayuringin,2026-05-14 18:00:00,82,82,43,,55,13,0,2,,,,,
Jakarta,The Pakubuwono Menteng,2026-05-14 18:36:44,106,106,41,76,,,,,55,28.8,,,
Depok,Cinere - Nafas,2026-05-14 18:37:28,128,128,51,89,,,,,0,0,,,
Bogor,Kabupaten Bogor Leuwiliang,2026-05-14 18:00:00,71,67,33,,4,10,0,71,,,,,
Tangerang,Tangerang Pasir Jaya,2026-05-14 14:00:00,-,95,49,,59,63,0,65,,,,,
Bekasi,Bekasi Kayuringin,2026-05-14 18:00:00,82,82,43,,55,13,0,2,,,,,
Jakarta,The Pakubuwono Menteng,2026-05-14 18:37:44,107,107,41,77,,,,,55,28.8,,,
Depok,Cinere - Nafas,2026-05-14 18:38:28,131,131,53,92,,,,,0,0,,,
Bogor,Kabupaten Bogor Leuwiliang,2026-05-14 18:00:00,71,67,33,,4,10,0,71,,,,,
Tangerang,Tangerang Pasir Jaya,2026-05-14 14:00:00,-,95,49,,59,63,0,65,,,,,
Bekasi,Bekasi Kayuringin,2026-05-14 18:00:00,82,82,43,,55,13,0,2,,,,,
Jakarta,The Pakubuwono Menteng,2026-05-14 18:37:44,107,107,41,77,,,,,55,28.8,,,
Depok,Cinere - Nafas,2026-05-14 18:40:31,131,131,52,89,,,,,0,0,,,
Bogor,Kabupaten Bogor Leuwiliang,2026-05-14 18:00:00,71,67,33,,4,10,0,71,,,,,
Tangerang,Tangerang Pasir Jaya,2026-05-14 14:00:00,-,95,49,,59,63,0,65,,,,,
Bekasi,Bekasi Kayuringin,2026-05-14 18:00:00,82,82,43,,55,13,0,2,,,,,
Jakarta,The Pakubuwono Menteng,2026-05-14 18:42:44,101,101,39,79,,,,,55,28.9,,,
Depok,Cinere - Nafas,2026-05-14 18:42:31,130,130,53,91,,,,,0,0,,,
Bogor,Kabupaten Bogor Leuwiliang,2026-05-14 18:00:00,71,67,33,,4,10,0,71,,,,,
Tangerang,Tangerang Pasir Jaya,2026-05-14 14:00:00,-,95,49,,59,63,0,65,,,,,
Bekasi,Bekasi Kayuringin,2026-05-14 18:00:00,82,82,43,,55,13,0,2,,,,,
Jakarta,The Pakubuwono Menteng,2026-05-14 18:42:44,101,101,39,79,,,,,55,28.9,,,
Depok,Cinere - Nafas,2026-05-14 18:42:31,130,130,53,91,,,,,0,0,,,
Bogor,Kabupaten Bogor Leuwiliang,2026-05-14 18:00:00,71,67,33,,4,10,0,71,,,,,
Tangerang,Tangerang Pasir Jaya,2026-05-14 14:00:00,-,95,49,,59,63,0,65,,,,,
Bekasi,Bekasi Kayuringin,2026-05-14 18:00:00,82,82,43,,55,13,0,2,,,,,
Jakarta,The Pakubuwono Menteng,2026-05-14 18:44:44,107,107,40,79,,,,,55,29,,,
Depok,Cinere - Nafas,2026-05-14 18:44:31,128,128,52,89,,,,,0,0,,,
Bogor,Kabupaten Bogor Leuwiliang,2026-05-14 18:00:00,71,67,33,,4,10,0,71,,,,,
Tangerang,Tangerang Pasir Jaya,2026-05-14 14:00:00,-,95,49,,59,63,0,65,,,,,
Bekasi,Bekasi Kayuringin,2026-05-14 18:00:00,82,82,43,,55,13,0,2,,,,,
Jakarta,The Pakubuwono Menteng,2026-05-14 18:45:44,108,108,41,79,,,,,55,29,,,
Depok,Cinere - Nafas,2026-05-14 18:45:31,134,134,53,90,,,,,0,0,,,
Bogor,Kabupaten Bogor Leuwiliang,2026-05-14 18:00:00,71,67,33,,4,10,0,71,,,,,
Tangerang,Tangerang Pasir Jaya,2026-05-14 14:00:00,-,95,49,,59,63,0,65,,,,,
Bekasi,Bekasi Kayuringin,2026-05-14 18:00:00,82,82,43,,55,13,0,2,,,,,
Jakarta,The Pakubuwono Menteng,2026-05-14 18:45:44,108,108,41,79,,,,,55,29,,,
Depok,Cinere - Nafas,2026-05-14 18:45:31,134,134,53,90,,,,,0,0,,,
Bogor,Kabupaten Bogor Leuwiliang,2026-05-14 18:00:00,71,67,33,,4,10,0,71,,,,,
Tangerang,Tangerang Pasir Jaya,2026-05-14 14:00:00,-,95,49,,59,63,0,65,,,,,
Bekasi,Bekasi Kayuringin,2026-05-14 18:00:00,82,82,43,,55,13,0,2,,,,,
Jakarta,The Pakubuwono Menteng,2026-05-14 18:47:44,103,103,40,77,,,,,55,29,,,
Depok,Cinere - Nafas,2026-05-14 18:47:31,131,131,53,92,,,,,0,0,,,
Bogor,Kabupaten Bogor Leuwiliang,2026-05-14 18:00:00,71,67,33,,4,10,0,71,,,,,
Tangerang,Tangerang Pasir Jaya,2026-05-14 14:00:00,-,95,49,,59,63,0,65,,,,,
Bekasi,Bekasi Kayuringin,2026-05-14 18:00:00,82,82,43,,55,13,0,2,,,,,
Jakarta,The Pakubuwono Menteng,2026-05-14 18:47:44,103,103,40,77,,,,,55,29,,,
Depok,Cinere - Nafas,2026-05-14 18:47:31,131,131,53,92,,,,,0,0,,,
Bogor,Kabupaten Bogor Leuwiliang,2026-05-14 18:00:00,71,67,33,,4,10,0,71,,,,,
Tangerang,Tangerang Pasir Jaya,2026-05-14 14:00:00,-,95,49,,59,63,0,65,,,,,
Bekasi,Bekasi Kayuringin,2026-05-14 18:00:00,82,82,43,,55,13,0,2,,,,,
Jakarta,The Pakubuwono Menteng,2026-05-14 18:49:44,101,101,38,77,,,,,55,29.1,,,
Depok,Cinere - Nafas,2026-05-14 18:49:31,128,128,52,90,,,,,0,0,,,
Bogor,Kabupaten Bogor Leuwiliang,2026-05-14 18:00:00,71,67,33,,4,10,0,71,,,,,
Tangerang,Tangerang Pasir Jaya,2026-05-14 14:00:00,-,95,49,,59,63,0,65,,,,,
Bekasi,Bekasi Kayuringin,2026-05-14 18:00:00,82,82,43,,55,13,0,2,,,,,
Jakarta,The Pakubuwono Menteng,2026-05-14 18:51:44,106,106,41,79,,,,,55,29.1,,,
Depok,Cinere - Nafas,2026-05-14 18:51:31,132,132,53,94,,,,,0,0,,,
Bogor,Kabupaten Bogor Leuwiliang,2026-05-14 18:00:00,71,67,33,,4,10,0,71,,,,,
Tangerang,Tangerang Pasir Jaya,2026-05-14 14:00:00,-,95,49,,59,63,0,65,,,,,
Bekasi,Bekasi Kayuringin,2026-05-14 18:00:00,82,82,43,,55,13,0,2,,,,,
Jakarta,The Pakubuwono Menteng,2026-05-14 18:52:44,103,103,41,77,,,,,54,29.2,,,
Depok,Cinere - Nafas,2026-05-14 18:52:31,131,131,53,94,,,,,0,0,,,
Bogor,Kabupaten Bogor Leuwiliang,2026-05-14 18:00:00,71,67,33,,4,10,0,71,,,,,
Tangerang,Tangerang Pasir Jaya,2026-05-14 14:00:00,-,95,49,,59,63,0,65,,,,,
Bekasi,Bekasi Kayuringin,2026-05-14 18:00:00,82,82,43,,55,13,0,2,,,,,
Jakarta,The Pakubuwono Menteng,2026-05-14 18:52:44,103,103,41,77,,,,,54,29.2,,,
Depok,Cinere - Nafas,2026-05-14 18:52:31,131,131,53,94,,,,,0,0,,,
Bogor,Kabupaten Bogor Leuwiliang,2026-05-14 18:00:00,71,67,33,,4,10,0,71,,,,,
Tangerang,Tangerang Pasir Jaya,2026-05-14 14:00:00,-,95,49,,59,63,0,65,,,,,
Bekasi,Bekasi Kayuringin,2026-05-14 18:00:00,82,82,43,,55,13,0,2,,,,,
Jakarta,The Pakubuwono Menteng,2026-05-14 18:53:44,107,107,41,79,,,,,55,29.2,,,
Depok,Cinere - Nafas,2026-05-14 18:53:31,130,130,53,93,,,,,0,0,,,
Bogor,Kabupaten Bogor Leuwiliang,2026-05-14 18:00:00,71,67,33,,4,10,0,71,,,,,
Tangerang,Tangerang Pasir Jaya,2026-05-14 14:00:00,-,95,49,,59,63,0,65,,,,,
Bekasi,Bekasi Kayuringin,2026-05-14 18:00:00,82,82,43,,55,13,0,2,,,,,
Jakarta,The Pakubuwono Menteng,2026-05-14 18:54:44,107,107,41,80,,,,,54,29.2,,,
Depok,Cinere - Nafas,2026-05-14 18:54:31,135,135,53,91,,,,,0,0,,,
Bogor,Kabupaten Bogor Leuwiliang,2026-05-14 18:00:00,71,67,33,,4,10,0,71,,,,,
Tangerang,Tangerang Pasir Jaya,2026-05-14 14:00:00,-,95,49,,59,63,0,65,,,,,
Bekasi,Bekasi Kayuringin,2026-05-14 18:00:00,82,82,43,,55,13,0,2,,,,,
Jakarta,The Pakubuwono Menteng,2026-05-14 18:54:44,107,107,41,80,,,,,54,29.2,,,
Depok,Cinere - Nafas,2026-05-14 18:54:31,135,135,53,91,,,,,0,0,,,
Bogor,Kabupaten Bogor Leuwiliang,2026-05-14 18:00:00,71,67,33,,4,10,0,71,,,,,
Tangerang,Tangerang Pasir Jaya,2026-05-14 14:00:00,-,95,49,,59,63,0,65,,,,,
Bekasi,Bekasi Kayuringin,2026-05-14 18:00:00,82,82,43,,55,13,0,2,,,,,
Jakarta,The Pakubuwono Menteng,2026-05-14 18:57:44,107,107,43,78,,,,,54,29.3,,,
Depok,Cinere - Nafas,2026-05-14 18:57:31,132,132,53,93,,,,,0,0,,,
Bogor,Kabupaten Bogor Leuwiliang,2026-05-14 18:00:00,71,67,33,,4,10,0,71,,,,,
Tangerang,Tangerang Pasir Jaya,2026-05-14 14:00:00,-,95,49,,59,63,0,65,,,,,
Bekasi,Bekasi Kayuringin,2026-05-14 18:00:00,82,82,43,,55,13,0,2,,,,,
Jakarta,The Pakubuwono Menteng,2026-05-14 18:57:44,107,107,43,78,,,,,54,29.3,,,
Depok,Cinere - Nafas,2026-05-14 18:57:31,132,132,53,93,,,,,0,0,,,
Bogor,Kabupaten Bogor Leuwiliang,2026-05-14 18:00:00,71,67,33,,4,10,0,71,,,,,
Tangerang,Tangerang Pasir Jaya,2026-05-14 14:00:00,-,95,49,,59,63,0,65,,,,,
Bekasi,Bekasi Kayuringin,2026-05-14 18:00:00,82,82,43,,55,13,0,2,,,,,
Jakarta,The Pakubuwono Menteng,2026-05-14 19:00:44,111,111,43,80,,,,,54,29.3,,,
Depok,Cinere - Nafas,2026-05-14 19:00:31,130,130,53,89,,,,,0,0,,,
Bogor,Kabupaten Bogor Leuwiliang,2026-05-14 18:00:00,71,67,33,,4,10,0,71,,,,,
Tangerang,Tangerang Pasir Jaya,2026-05-14 14:00:00,-,95,49,,59,63,0,65,,,,,
Bekasi,Bekasi Kayuringin,2026-05-14 18:00:00,82,82,43,,55,13,0,2,,,,,
Jakarta,The Pakubuwono Menteng,2026-05-14 19:02:44,109,109,42,81,,,,,54,29.3,,,
Depok,Cinere - Nafas,2026-05-14 19:02:31,131,131,52,92,,,,,0,0,,,
Bogor,Kabupaten Bogor Leuwiliang,2026-05-14 18:00:00,71,67,33,,4,10,0,71,,,,,
Tangerang,Tangerang Pasir Jaya,2026-05-14 14:00:00,-,95,49,,59,63,0,65,,,,,
Bekasi,Bekasi Kayuringin,2026-05-14 18:00:00,82,82,43,,55,13,0,2,,,,,
Jakarta,The Pakubuwono Menteng,2026-05-14 19:02:44,109,109,42,81,,,,,54,29.3,,,
Depok,Cinere - Nafas,2026-05-14 19:02:31,131,131,52,92,,,,,0,0,,,
Bogor,Kabupaten Bogor Leuwiliang,2026-05-14 18:00:00,71,67,33,,4,10,0,71,,,,,
Tangerang,Tangerang Pasir Jaya,2026-05-14 14:00:00,-,95,49,,59,63,0,65,,,,,
Bekasi,Bekasi Kayuringin,2026-05-14 18:00:00,82,82,43,,55,13,0,2,,,,,
Jakarta,The Pakubuwono Menteng,2026-05-14 19:03:44,108,108,42,80,,,,,54,29.3,,,
Depok,Cinere - Nafas,2026-05-14 19:03:31,131,131,53,89,,,,,0,0,,,
Bogor,Kabupaten Bogor Leuwiliang,2026-05-14 18:00:00,71,67,33,,4,10,0,71,,,,,
Tangerang,Tangerang Pasir Jaya,2026-05-14 14:00:00,-,95,49,,59,63,0,65,,,,,
Bekasi,Bekasi Kayuringin,2026-05-14 18:00:00,82,82,43,,55,13,0,2,,,,,
Jakarta,The Pakubuwono Menteng,2026-05-14 19:05:44,110,110,41,82,,,,,54,29.3,,,
Depok,Cinere - Nafas,2026-05-14 19:05:31,131,131,53,94,,,,,0,0,,,
Bogor,Kabupaten Bogor Leuwiliang,2026-05-14 19:00:00,71,66,32,,4,10,0,71,,,,,
Tangerang,Tangerang Pasir Jaya,2026-05-14 14:00:00,-,95,49,,59,63,0,65,,,,,
Bekasi,Bekasi Kayuringin,2026-05-14 19:00:00,81,81,43,,54,13,0,2,,,,,
Jakarta,The Pakubuwono Menteng,2026-05-14 19:07:44,106,106,41,80,,,,,54,29.3,,,
Depok,Cinere - Nafas,2026-05-14 19:07:31,129,129,53,89,,,,,0,0,,,
Bogor,Kabupaten Bogor Leuwiliang,2026-05-14 19:00:00,71,66,32,,4,10,0,71,,,,,
Tangerang,Tangerang Pasir Jaya,2026-05-14 14:00:00,-,95,49,,59,63,0,65,,,,,
Bekasi,Bekasi Kayuringin,2026-05-14 19:00:00,81,81,43,,54,13,0,2,,,,,
Jakarta,The Pakubuwono Menteng,2026-05-14 19:07:44,106,106,41,80,,,,,54,29.3,,,
Depok,Cinere - Nafas,2026-05-14 19:07:31,129,129,53,89,,,,,0,0,,,
Bogor,Kabupaten Bogor Leuwiliang,2026-05-14 19:00:00,71,66,32,,4,10,0,71,,,,,
Tangerang,Tangerang Pasir Jaya,2026-05-14 14:00:00,-,95,49,,59,63,0,65,,,,,
Bekasi,Bekasi Kayuringin,2026-05-14 19:00:00,81,81,43,,54,13,0,2,,,,,
Jakarta,The Pakubuwono Menteng,2026-05-14 19:09:44,108,108,42,79,,,,,54,29.3,,,
Depok,Cinere - Nafas,2026-05-14 19:09:31,136,136,53,90,,,,,0,0,,,
Bogor,Kabupaten Bogor Leuwiliang,2026-05-14 19:00:00,71,66,32,,4,10,0,71,,,,,
Tangerang,Tangerang Pasir Jaya,2026-05-14 14:00:00,-,95,49,,59,63,0,65,,,,,
Bekasi,Bekasi Kayuringin,2026-05-14 19:00:00,81,81,43,,54,13,0,2,,,,,
Jakarta,The Pakubuwono Menteng,2026-05-14 19:09:44,108,108,42,79,,,,,54,29.3,,,
Depok,Cinere - Nafas,2026-05-14 19:09:31,136,136,53,90,,,,,0,0,,,
Bogor,Kabupaten Bogor Leuwiliang,2026-05-14 19:00:00,71,66,32,,4,10,0,71,,,,,
Tangerang,Tangerang Pasir Jaya,2026-05-14 14:00:00,-,95,49,,59,63,0,65,,,,,
Bekasi,Bekasi Kayuringin,2026-05-14 19:00:00,81,81,43,,54,13,0,2,,,,,
Jakarta,The Pakubuwono Menteng,2026-05-14 19:11:44,112,112,43,80,,,,,54,29.4,,,
Depok,Cinere - Nafas,2026-05-14 19:11:31,133,133,53,91,,,,,0,0,,,
Bogor,Kabupaten Bogor Leuwiliang,2026-05-14 19:00:00,71,66,32,,4,10,0,71,,,,,
Tangerang,Tangerang Pasir Jaya,2026-05-14 14:00:00,-,95,49,,59,63,0,65,,,,,
Bekasi,Bekasi Kayuringin,2026-05-14 19:00:00,81,81,43,,54,13,0,2,,,,,
Jakarta,The Pakubuwono Menteng,2026-05-14 19:13:44,107,107,42,82,,,,,54,29.4,,,
Depok,Cinere - Nafas,2026-05-14 19:13:31,131,131,53,90,,,,,0,0,,,
Bogor,Kabupaten Bogor Leuwiliang,2026-05-14 19:00:00,71,66,32,,4,10,0,71,,,,,
Tangerang,Tangerang Pasir Jaya,2026-05-14 14:00:00,-,95,49,,59,63,0,65,,,,,
Bekasi,Bekasi Kayuringin,2026-05-14 19:00:00,81,81,43,,54,13,0,2,,,,,
Jakarta,The Pakubuwono Menteng,2026-05-14 19:13:44,107,107,42,82,,,,,54,29.4,,,
Depok,Cinere - Nafas,2026-05-14 19:13:31,131,131,53,90,,,,,0,0,,,
Bogor,Kabupaten Bogor Leuwiliang,2026-05-14 19:00:00,71,66,32,,4,10,0,71,,,,,
Tangerang,Tangerang Pasir Jaya,2026-05-14 14:00:00,-,95,49,,59,63,0,65,,,,,
Bekasi,Bekasi Kayuringin,2026-05-14 19:00:00,81,81,43,,54,13,0,2,,,,,
Jakarta,The Pakubuwono Menteng,2026-05-14 19:14:46,108,108,42,80,,,,,54,29.4,,,
Depok,Cinere - Nafas,2026-05-14 19:14:31,130,130,53,89,,,,,0,0,,,
Bogor,Kabupaten Bogor Leuwiliang,2026-05-14 19:00:00,71,66,32,,4,10,0,71,,,,,
Tangerang,Tangerang Pasir Jaya,2026-05-14 14:00:00,-,95,49,,59,63,0,65,,,,,
Bekasi,Bekasi Kayuringin,2026-05-14 19:00:00,81,81,43,,54,13,0,2,,,,,
Jakarta,The Pakubuwono Menteng,2026-05-14 19:16:47,110,110,42,81,,,,,54,29.4,,,
Depok,Cinere - Nafas,2026-05-14 19:16:31,128,128,52,91,,,,,0,0,,,
Bogor,Kabupaten Bogor Leuwiliang,2026-05-14 19:00:00,71,66,32,,4,10,0,71,,,,,
Tangerang,Tangerang Pasir Jaya,2026-05-14 14:00:00,-,95,49,,59,63,0,65,,,,,
Bekasi,Bekasi Kayuringin,2026-05-14 19:00:00,81,81,43,,54,13,0,2,,,,,
Jakarta,The Pakubuwono Menteng,2026-05-14 19:18:45,114,114,44,85,,,,,53,29.4,,,
Depok,Cinere - Nafas,2026-05-14 19:18:31,133,133,53,94,,,,,0,0,,,
Bogor,Kabupaten Bogor Leuwiliang,2026-05-14 19:00:00,71,66,32,,4,10,0,71,,,,,
Tangerang,Tangerang Pasir Jaya,2026-05-14 14:00:00,-,95,49,,59,63,0,65,,,,,
Bekasi,Bekasi Kayuringin,2026-05-14 19:00:00,81,81,43,,54,13,0,2,,,,,
Jakarta,The Pakubuwono Menteng,2026-05-14 19:18:45,114,114,44,85,,,,,53,29.4,,,
Depok,Cinere - Nafas,2026-05-14 19:18:31,133,133,53,94,,,,,0,0,,,
Bogor,Kabupaten Bogor Leuwiliang,2026-05-14 19:00:00,71,66,32,,4,10,0,71,,,,,
Tangerang,Tangerang Pasir Jaya,2026-05-14 14:00:00,-,95,49,,59,63,0,65,,,,,
Bekasi,Bekasi Kayuringin,2026-05-14 19:00:00,81,81,43,,54,13,0,2,,,,,
Jakarta,The Pakubuwono Menteng,2026-05-14 19:20:46,111,111,44,81,,,,,53,29.5,,,
Depok,Cinere - Nafas,2026-05-14 19:20:31,133,133,53,93,,,,,0,0,,,
Bogor,Kabupaten Bogor Leuwiliang,2026-05-14 19:00:00,71,66,32,,4,10,0,71,,,,,
Tangerang,Tangerang Pasir Jaya,2026-05-14 14:00:00,-,95,49,,59,63,0,65,,,,,
Bekasi,Bekasi Kayuringin,2026-05-14 19:00:00,81,81,43,,54,13,0,2,,,,,
Jakarta,The Pakubuwono Menteng,2026-05-14 19:21:48,108,108,42,80,,,,,53,29.4,,,
Depok,Cinere - Nafas,2026-05-14 19:21:31,126,126,52,89,,,,,0,0,,,
Bogor,Kabupaten Bogor Leuwiliang,2026-05-14 19:00:00,71,66,32,,4,10,0,71,,,,,
Tangerang,Tangerang Pasir Jaya,2026-05-14 14:00:00,-,95,49,,59,63,0,65,,,,,
Bekasi,Bekasi Kayuringin,2026-05-14 19:00:00,81,81,43,,54,13,0,2,,,,,
Jakarta,The Pakubuwono Menteng,2026-05-14 19:21:48,108,108,42,80,,,,,53,29.4,,,
Depok,Cinere - Nafas,2026-05-14 19:21:31,126,126,52,89,,,,,0,0,,,
Bogor,Kabupaten Bogor Leuwiliang,2026-05-14 19:00:00,71,66,32,,4,10,0,71,,,,,
Tangerang,Tangerang Pasir Jaya,2026-05-14 14:00:00,-,95,49,,59,63,0,65,,,,,
Bekasi,Bekasi Kayuringin,2026-05-14 19:00:00,81,81,43,,54,13,0,2,,,,,
Jakarta,The Pakubuwono Menteng,2026-05-14 19:22:45,110,110,43,83,,,,,53,29.4,,,
Depok,Cinere - Nafas,2026-05-14 19:22:31,134,134,53,93,,,,,0,0,,,
Bogor,Kabupaten Bogor Leuwiliang,2026-05-14 19:00:00,71,66,32,,4,10,0,71,,,,,
Tangerang,Tangerang Pasir Jaya,2026-05-14 14:00:00,-,95,49,,59,63,0,65,,,,,
Bekasi,Bekasi Kayuringin,2026-05-14 19:00:00,81,81,43,,54,13,0,2,,,,,
Jakarta,The Pakubuwono Menteng,2026-05-14 19:22:45,110,110,43,83,,,,,53,29.4,,,
Depok,Cinere - Nafas,2026-05-14 19:22:31,134,134,53,93,,,,,0,0,,,
Bogor,Kabupaten Bogor Leuwiliang,2026-05-14 19:00:00,71,66,32,,4,10,0,71,,,,,
Tangerang,Tangerang Pasir Jaya,2026-05-14 14:00:00,-,95,49,,59,63,0,65,,,,,
Bekasi,Bekasi Kayuringin,2026-05-14 19:00:00,81,81,43,,54,13,0,2,,,,,
Jakarta,The Pakubuwono Menteng,2026-05-14 19:24:45,108,108,44,81,,,,,53,29.5,,,
Depok,Cinere - Nafas,2026-05-14 19:24:31,131,131,53,91,,,,,0,0,,,
Bogor,Kabupaten Bogor Leuwiliang,2026-05-14 19:00:00,71,66,32,,4,10,0,71,,,,,
Tangerang,Tangerang Pasir Jaya,2026-05-14 14:00:00,-,95,49,,59,63,0,65,,,,,
Bekasi,Bekasi Kayuringin,2026-05-14 19:00:00,81,81,43,,54,13,0,2,,,,,
Jakarta,The Pakubuwono Menteng,2026-05-14 19:24:45,108,108,44,81,,,,,53,29.5,,,
Depok,Cinere - Nafas,2026-05-14 19:24:31,131,131,53,91,,,,,0,0,,,
Bogor,Kabupaten Bogor Leuwiliang,2026-05-14 19:00:00,71,66,32,,4,10,0,71,,,,,
Tangerang,Tangerang Pasir Jaya,2026-05-14 14:00:00,-,95,49,,59,63,0,65,,,,,
Bekasi,Bekasi Kayuringin,2026-05-14 19:00:00,81,81,43,,54,13,0,2,,,,,
Jakarta,The Pakubuwono Menteng,2026-05-14 19:28:46,113,113,44,83,,,,,53,29.5,,,
Depok,Cinere - Nafas,2026-05-14 19:29:31,127,127,52,89,,,,,0,0,,,
Bogor,Kabupaten Bogor Leuwiliang,2026-05-14 19:00:00,71,66,32,,4,10,0,71,,,,,
Tangerang,Tangerang Pasir Jaya,2026-05-14 14:00:00,-,95,49,,59,63,0,65,,,,,
Bekasi,Bekasi Kayuringin,2026-05-14 19:00:00,81,81,43,,54,13,0,2,,,,,
Jakarta,The Pakubuwono Menteng,2026-05-14 19:28:46,113,113,44,83,,,,,53,29.5,,,
Depok,Cinere - Nafas,2026-05-14 19:29:31,127,127,52,89,,,,,0,0,,,
Bogor,Kabupaten Bogor Leuwiliang,2026-05-14 19:00:00,71,66,32,,4,10,0,71,,,,,
Tangerang,Tangerang Pasir Jaya,2026-05-14 14:00:00,-,95,49,,59,63,0,65,,,,,
Bekasi,Bekasi Kayuringin,2026-05-14 19:00:00,81,81,43,,54,13,0,2,,,,,
Jakarta,The Pakubuwono Menteng,2026-05-14 19:30:45,113,113,44,81,,,,,53,29.5,,,
Depok,Cinere - Nafas,2026-05-14 19:30:31,127,127,52,90,,,,,0,0,,,
Bogor,Kabupaten Bogor Leuwiliang,2026-05-14 19:00:00,71,66,32,,4,10,0,71,,,,,
Tangerang,Tangerang Pasir Jaya,2026-05-14 14:00:00,-,95,49,,59,63,0,65,,,,,
Bekasi,Bekasi Kayuringin,2026-05-14 19:00:00,81,81,43,,54,13,0,2,,,,,
Jakarta,The Pakubuwono Menteng,2026-05-14 19:30:45,113,113,44,81,,,,,53,29.5,,,
Depok,Cinere - Nafas,2026-05-14 19:30:31,127,127,52,90,,,,,0,0,,,
Bogor,Kabupaten Bogor Leuwiliang,2026-05-14 19:00:00,71,66,32,,4,10,0,71,,,,,
Tangerang,Tangerang Pasir Jaya,2026-05-14 14:00:00,-,95,49,,59,63,0,65,,,,,
Bekasi,Bekasi Kayuringin,2026-05-14 19:00:00,81,81,43,,54,13,0,2,,,,,
Jakarta,The Pakubuwono Menteng,2026-05-14 19:31:45,113,113,44,84,,,,,53,29.5,,,
Depok,Cinere - Nafas,2026-05-14 19:31:32,130,130,53,92,,,,,0,0,,,
Bogor,Kabupaten Bogor Leuwiliang,2026-05-14 19:00:00,71,66,32,,4,10,0,71,,,,,
Tangerang,Tangerang Pasir Jaya,2026-05-14 14:00:00,-,95,49,,59,63,0,65,,,,,
Bekasi,Bekasi Kayuringin,2026-05-14 19:00:00,81,81,43,,54,13,0,2,,,,,
Jakarta,The Pakubuwono Menteng,2026-05-14 19:33:46,111,111,42,81,,,,,53,29.6,,,
Depok,Cinere - Nafas,2026-05-14 19:33:31,125,125,51,89,,,,,0,0,,,
Bogor,Kabupaten Bogor Leuwiliang,2026-05-14 19:00:00,71,66,32,,4,10,0,71,,,,,
Tangerang,Tangerang Pasir Jaya,2026-05-14 14:00:00,-,95,49,,59,63,0,65,,,,,
Bekasi,Bekasi Kayuringin,2026-05-14 19:00:00,81,81,43,,54,13,0,2,,,,,
Jakarta,The Pakubuwono Menteng,2026-05-14 19:33:46,111,111,42,81,,,,,53,29.6,,,
Depok,Cinere - Nafas,2026-05-14 19:33:31,125,125,51,89,,,,,0,0,,,
Bogor,Kabupaten Bogor Leuwiliang,2026-05-14 19:00:00,71,66,32,,4,10,0,71,,,,,
Tangerang,Tangerang Pasir Jaya,2026-05-14 14:00:00,-,95,49,,59,63,0,65,,,,,
Bekasi,Bekasi Kayuringin,2026-05-14 19:00:00,81,81,43,,54,13,0,2,,,,,
Jakarta,The Pakubuwono Menteng,2026-05-14 19:35:45,111,111,42,79,,,,,53,29.6,,,
Depok,Cinere - Nafas,2026-05-14 19:36:31,130,130,53,89,,,,,0,0,,,
Bogor,Kabupaten Bogor Leuwiliang,2026-05-14 19:00:00,71,66,32,,4,10,0,71,,,,,
Tangerang,Tangerang Pasir Jaya,2026-05-14 14:00:00,-,95,49,,59,63,0,65,,,,,
Bekasi,Bekasi Kayuringin,2026-05-14 19:00:00,81,81,43,,54,13,0,2,,,,,
Jakarta,The Pakubuwono Menteng,2026-05-14 19:35:45,111,111,42,79,,,,,53,29.6,,,
Depok,Cinere - Nafas,2026-05-14 19:36:31,130,130,53,89,,,,,0,0,,,
Bogor,Kabupaten Bogor Leuwiliang,2026-05-14 19:00:00,71,66,32,,4,10,0,71,,,,,
Tangerang,Tangerang Pasir Jaya,2026-05-14 14:00:00,-,95,49,,59,63,0,65,,,,,
Bekasi,Bekasi Kayuringin,2026-05-14 19:00:00,81,81,43,,54,13,0,2,,,,,
Jakarta,The Pakubuwono Menteng,2026-05-14 19:37:45,107,107,42,78,,,,,53,29.7,,,
Depok,Cinere - Nafas,2026-05-14 19:37:31,126,126,51,89,,,,,0,0,,,
Bogor,Kabupaten Bogor Leuwiliang,2026-05-14 19:00:00,71,66,32,,4,10,0,71,,,,,
Tangerang,Tangerang Pasir Jaya,2026-05-14 14:00:00,-,95,49,,59,63,0,65,,,,,
Bekasi,Bekasi Kayuringin,2026-05-14 19:00:00,81,81,43,,54,13,0,2,,,,,
Jakarta,The Pakubuwono Menteng,2026-05-14 19:40:49,97,97,35,73,,,,,53,29.8,,,
Depok,Cinere - Nafas,2026-05-14 19:40:32,126,126,51,88,,,,,0,0,,,
Bogor,Kabupaten Bogor Leuwiliang,2026-05-14 19:00:00,71,66,32,,4,10,0,71,,,,,
Tangerang,Tangerang Pasir Jaya,2026-05-14 14:00:00,-,95,49,,59,63,0,65,,,,,
Bekasi,Bekasi Kayuringin,2026-05-14 19:00:00,81,81,43,,54,13,0,2,,,,,
Jakarta,The Pakubuwono Menteng,2026-05-14 19:41:46,101,101,42,77,,,,,53,29.8,,,
Depok,Cinere - Nafas,2026-05-14 19:41:32,130,130,53,90,,,,,0,0,,,
Bogor,Kabupaten Bogor Leuwiliang,2026-05-14 19:00:00,71,66,32,,4,10,0,71,,,,,
Tangerang,Tangerang Pasir Jaya,2026-05-14 14:00:00,-,95,49,,59,63,0,65,,,,,
Bekasi,Bekasi Kayuringin,2026-05-14 19:00:00,81,81,43,,54,13,0,2,,,,,
Jakarta,The Pakubuwono Menteng,2026-05-14 19:41:46,101,101,42,77,,,,,53,29.8,,,
Depok,Cinere - Nafas,2026-05-14 19:41:32,130,130,53,90,,,,,0,0,,,
Bogor,Kabupaten Bogor Leuwiliang,2026-05-14 19:00:00,71,66,32,,4,10,0,71,,,,,
Tangerang,Tangerang Pasir Jaya,2026-05-14 14:00:00,-,95,49,,59,63,0,65,,,,,
Bekasi,Bekasi Kayuringin,2026-05-14 19:00:00,81,81,43,,54,13,0,2,,,,,
Jakarta,The Pakubuwono Menteng,2026-05-14 19:43:45,120,120,50,83,,,,,52,29.9,,,
Depok,Cinere - Nafas,2026-05-14 19:43:32,129,129,53,90,,,,,0,0,,,
Bogor,Kabupaten Bogor Leuwiliang,2026-05-14 19:00:00,71,66,32,,4,10,0,71,,,,,
Tangerang,Tangerang Pasir Jaya,2026-05-14 14:00:00,-,95,49,,59,63,0,65,,,,,
Bekasi,Bekasi Kayuringin,2026-05-14 19:00:00,81,81,43,,54,13,0,2,,,,,
Jakarta,The Pakubuwono Menteng,2026-05-14 19:45:45,108,108,43,81,,,,,52,30,,,
Depok,Cinere - Nafas,2026-05-14 19:45:32,129,129,52,90,,,,,0,0,,,
Bogor,Kabupaten Bogor Leuwiliang,2026-05-14 19:00:00,71,66,32,,4,10,0,71,,,,,
Tangerang,Tangerang Pasir Jaya,2026-05-14 14:00:00,-,95,49,,59,63,0,65,,,,,
Bekasi,Bekasi Kayuringin,2026-05-14 19:00:00,81,81,43,,54,13,0,2,,,,,
Jakarta,The Pakubuwono Menteng,2026-05-14 19:45:45,108,108,43,81,,,,,52,30,,,
Depok,Cinere - Nafas,2026-05-14 19:45:32,129,129,52,90,,,,,0,0,,,
Bogor,Kabupaten Bogor Leuwiliang,2026-05-14 19:00:00,71,66,32,,4,10,0,71,,,,,
Tangerang,Tangerang Pasir Jaya,2026-05-14 14:00:00,-,95,49,,59,63,0,65,,,,,
Bekasi,Bekasi Kayuringin,2026-05-14 19:00:00,81,81,43,,54,13,0,2,,,,,
Jakarta,The Pakubuwono Menteng,2026-05-14 19:47:45,106,106,40,77,,,,,52,30,,,
Depok,Cinere - Nafas,2026-05-14 19:47:32,125,125,51,89,,,,,0,0,,,
Bogor,Kabupaten Bogor Leuwiliang,2026-05-14 19:00:00,71,66,32,,4,10,0,71,,,,,
Tangerang,Tangerang Pasir Jaya,2026-05-14 14:00:00,-,95,49,,59,63,0,65,,,,,
Bekasi,Bekasi Kayuringin,2026-05-14 19:00:00,81,81,43,,54,13,0,2,,,,,
Jakarta,The Pakubuwono Menteng,2026-05-14 19:47:45,106,106,40,77,,,,,52,30,,,
Depok,Cinere - Nafas,2026-05-14 19:47:32,125,125,51,89,,,,,0,0,,,
Bogor,Kabupaten Bogor Leuwiliang,2026-05-14 19:00:00,71,66,32,,4,10,0,71,,,,,
Tangerang,Tangerang Pasir Jaya,2026-05-14 14:00:00,-,95,49,,59,63,0,65,,,,,
Bekasi,Bekasi Kayuringin,2026-05-14 19:00:00,81,81,43,,54,13,0,2,,,,,
Jakarta,The Pakubuwono Menteng,2026-05-14 19:49:45,99,99,36,75,,,,,52,30.1,,,
Depok,Cinere - Nafas,2026-05-14 19:49:32,128,128,53,90,,,,,0,0,,,
Bogor,Kabupaten Bogor Leuwiliang,2026-05-14 19:00:00,71,66,32,,4,10,0,71,,,,,
Tangerang,Tangerang Pasir Jaya,2026-05-14 14:00:00,-,95,49,,59,63,0,65,,,,,
Bekasi,Bekasi Kayuringin,2026-05-14 19:00:00,81,81,43,,54,13,0,2,,,,,
Jakarta,The Pakubuwono Menteng,2026-05-14 19:51:45,100,100,36,75,,,,,52,30.2,,,
Depok,Cinere - Nafas,2026-05-14 19:51:32,129,129,52,90,,,,,0,0,,,
Bogor,Kabupaten Bogor Leuwiliang,2026-05-14 19:00:00,71,66,32,,4,10,0,71,,,,,
Tangerang,Tangerang Pasir Jaya,2026-05-14 14:00:00,-,95,49,,59,63,0,65,,,,,
Bekasi,Bekasi Kayuringin,2026-05-14 19:00:00,81,81,43,,54,13,0,2,,,,,
Jakarta,The Pakubuwono Menteng,2026-05-14 19:52:45,95,95,34,73,,,,,52,30.2,,,
Depok,Cinere - Nafas,2026-05-14 19:52:32,124,124,50,88,,,,,0,0,,,
Bogor,Kabupaten Bogor Leuwiliang,2026-05-14 19:00:00,71,66,32,,4,10,0,71,,,,,
Tangerang,Tangerang Pasir Jaya,2026-05-14 14:00:00,-,95,49,,59,63,0,65,,,,,
Bekasi,Bekasi Kayuringin,2026-05-14 19:00:00,81,81,43,,54,13,0,2,,,,,
Jakarta,The Pakubuwono Menteng,2026-05-14 19:54:45,94,94,33,74,,,,,52,30.2,,,
Depok,Cinere - Nafas,2026-05-14 19:54:32,121,121,49,85,,,,,0,0,,,
Bogor,Kabupaten Bogor Leuwiliang,2026-05-14 19:00:00,71,66,32,,4,10,0,71,,,,,
Tangerang,Tangerang Pasir Jaya,2026-05-14 14:00:00,-,95,49,,59,63,0,65,,,,,
Bekasi,Bekasi Kayuringin,2026-05-14 19:00:00,81,81,43,,54,13,0,2,,,,,
Jakarta,The Pakubuwono Menteng,2026-05-14 19:54:45,94,94,33,74,,,,,52,30.2,,,
Depok,Cinere - Nafas,2026-05-14 19:54:32,121,121,49,85,,,,,0,0,,,
Bogor,Kabupaten Bogor Leuwiliang,2026-05-14 19:00:00,71,66,32,,4,10,0,71,,,,,
Tangerang,Tangerang Pasir Jaya,2026-05-14 14:00:00,-,95,49,,59,63,0,65,,,,,
Bekasi,Bekasi Kayuringin,2026-05-14 19:00:00,81,81,43,,54,13,0,2,,,,,
Jakarta,The Pakubuwono Menteng,2026-05-14 19:55:45,98,98,37,72,,,,,52,30.3,,,
Depok,Cinere - Nafas,2026-05-14 19:55:32,120,120,49,86,,,,,0,0,,,
Bogor,Kabupaten Bogor Leuwiliang,2026-05-14 19:00:00,71,66,32,,4,10,0,71,,,,,
Tangerang,Tangerang Pasir Jaya,2026-05-14 14:00:00,-,95,49,,59,63,0,65,,,,,
Bekasi,Bekasi Kayuringin,2026-05-14 19:00:00,81,81,43,,54,13,0,2,,,,,
Jakarta,The Pakubuwono Menteng,2026-05-14 19:55:45,98,98,37,72,,,,,52,30.3,,,
Depok,Cinere - Nafas,2026-05-14 19:55:32,120,120,49,86,,,,,0,0,,,
Bogor,Kabupaten Bogor Leuwiliang,2026-05-14 19:00:00,71,66,32,,4,10,0,71,,,,,
Tangerang,Tangerang Pasir Jaya,2026-05-14 14:00:00,-,95,49,,59,63,0,65,,,,,
Bekasi,Bekasi Kayuringin,2026-05-14 19:00:00,81,81,43,,54,13,0,2,,,,,
Jakarta,The Pakubuwono Menteng,2026-05-14 19:55:45,98,98,37,72,,,,,52,30.3,,,
Depok,Cinere - Nafas,2026-05-14 19:55:32,120,120,49,86,,,,,0,0,,,
Bogor,Kabupaten Bogor Leuwiliang,2026-05-14 19:00:00,71,66,32,,4,10,0,71,,,,,
Tangerang,Tangerang Pasir Jaya,2026-05-14 14:00:00,-,95,49,,59,63,0,65,,,,,
Bekasi,Bekasi Kayuringin,2026-05-14 19:00:00,81,81,43,,54,13,0,2,,,,,
Jakarta,The Pakubuwono Menteng,2026-05-14 19:55:45,98,98,37,72,,,,,52,30.3,,,
Depok,Cinere - Nafas,2026-05-14 19:55:32,120,120,49,86,,,,,0,0,,,
Bogor,Kabupaten Bogor Leuwiliang,2026-05-14 19:00:00,71,66,32,,4,10,0,71,,,,,
Tangerang,Tangerang Pasir Jaya,2026-05-14 14:00:00,-,95,49,,59,63,0,65,,,,,
Bekasi,Bekasi Kayuringin,2026-05-14 19:00:00,81,81,43,,54,13,0,2,,,,,
Jakarta,The Pakubuwono Menteng,2026-05-14 19:55:45,98,98,37,72,,,,,52,30.3,,,
Depok,Cinere - Nafas,2026-05-14 19:55:32,120,120,49,86,,,,,0,0,,,
Bogor,Kabupaten Bogor Leuwiliang,2026-05-14 19:00:00,71,66,32,,4,10,0,71,,,,,
Tangerang,Tangerang Pasir Jaya,2026-05-14 14:00:00,-,95,49,,59,63,0,65,,,,,
Bekasi,Bekasi Kayuringin,2026-05-14 19:00:00,81,81,43,,54,13,0,2,,,,,
Jakarta,The Pakubuwono Menteng,2026-05-14 20:01:46,95,95,34,73,,,,,51,30.4,,,
Depok,Cinere - Nafas,2026-05-14 20:02:32,115,115,46,83,,,,,0,0,,,
Bogor,Kabupaten Bogor Leuwiliang,2026-05-14 19:00:00,71,66,32,,4,10,0,71,,,,,
Tangerang,Tangerang Pasir Jaya,2026-05-14 14:00:00,-,95,49,,59,63,0,65,,,,,
Bekasi,Bekasi Kayuringin,2026-05-14 19:00:00,81,81,43,,54,13,0,2,,,,,
Jakarta,The Pakubuwono Menteng,2026-05-14 20:01:46,95,95,34,73,,,,,51,30.4,,,
Depok,Cinere - Nafas,2026-05-14 20:02:32,115,115,46,83,,,,,0,0,,,
Bogor,Kabupaten Bogor Leuwiliang,2026-05-14 19:00:00,71,66,32,,4,10,0,71,,,,,
Tangerang,Tangerang Pasir Jaya,2026-05-14 14:00:00,-,95,49,,59,63,0,65,,,,,
Bekasi,Bekasi Kayuringin,2026-05-14 19:00:00,81,81,43,,54,13,0,2,,,,,
Jakarta,The Pakubuwono Menteng,2026-05-14 20:05:45,98,98,36,78,,,,,51,30.5,,,
Depok,Cinere - Nafas,2026-05-14 20:06:32,115,115,48,84,,,,,0,0,,,
Bogor,Kabupaten Bogor Leuwiliang,2026-05-14 20:00:00,71,65,31,,4,10,0,71,,,,,
Tangerang,Tangerang Pasir Jaya,2026-05-14 14:00:00,-,95,49,,59,63,0,65,,,,,
Bekasi,Bekasi Kayuringin,2026-05-14 20:00:00,80,80,43,,54,13,0,2,,,,,
Jakarta,The Pakubuwono Menteng,2026-05-14 20:05:45,98,98,36,78,,,,,51,30.5,,,
Depok,Cinere - Nafas,2026-05-14 20:06:32,115,115,48,84,,,,,0,0,,,
Bogor,Kabupaten Bogor Leuwiliang,2026-05-14 20:00:00,71,65,31,,4,10,0,71,,,,,
Tangerang,Tangerang Pasir Jaya,2026-05-14 14:00:00,-,95,49,,59,63,0,65,,,,,
Bekasi,Bekasi Kayuringin,2026-05-14 20:00:00,80,80,43,,54,13,0,2,,,,,
Jakarta,The Pakubuwono Menteng,2026-05-14 20:06:46,107,107,40,80,,,,,51,30.5,,,
Depok,Cinere - Nafas,2026-05-14 20:07:32,118,118,48,83,,,,,0,0,,,
Bogor,Kabupaten Bogor Leuwiliang,2026-05-14 20:00:00,71,65,31,,4,10,0,71,,,,,
Tangerang,Tangerang Pasir Jaya,2026-05-14 14:00:00,-,95,49,,59,63,0,65,,,,,
Bekasi,Bekasi Kayuringin,2026-05-14 20:00:00,80,80,43,,54,13,0,2,,,,,
Jakarta,The Pakubuwono Menteng,2026-05-14 20:08:46,107,107,41,83,,,,,51,30.5,,,
Depok,Cinere - Nafas,2026-05-14 20:09:32,116,116,48,88,,,,,0,0,,,
Bogor,Kabupaten Bogor Leuwiliang,2026-05-14 20:00:00,71,65,31,,4,10,0,71,,,,,
Tangerang,Tangerang Pasir Jaya,2026-05-14 14:00:00,-,95,49,,59,63,0,65,,,,,
Bekasi,Bekasi Kayuringin,2026-05-14 20:00:00,80,80,43,,54,13,0,2,,,,,
Jakarta,The Pakubuwono Menteng,2026-05-14 20:08:46,107,107,41,83,,,,,51,30.5,,,
Depok,Cinere - Nafas,2026-05-14 20:09:32,116,116,48,88,,,,,0,0,,,
Bogor,Kabupaten Bogor Leuwiliang,2026-05-14 20:00:00,71,65,31,,4,10,0,71,,,,,
Tangerang,Tangerang Pasir Jaya,2026-05-14 14:00:00,-,95,49,,59,63,0,65,,,,,
Bekasi,Bekasi Kayuringin,2026-05-14 20:00:00,80,80,43,,54,13,0,2,,,,,
Jakarta,The Pakubuwono Menteng,2026-05-14 20:10:46,94,94,32,72,,,,,51,30.5,,,
Depok,Cinere - Nafas,2026-05-14 20:11:32,120,120,48,84,,,,,0,0,,,
Bogor,Kabupaten Bogor Leuwiliang,2026-05-14 20:00:00,71,65,31,,4,10,0,71,,,,,
Tangerang,Tangerang Pasir Jaya,2026-05-14 14:00:00,-,95,49,,59,63,0,65,,,,,
Bekasi,Bekasi Kayuringin,2026-05-14 20:00:00,80,80,43,,54,13,0,2,,,,,
Jakarta,The Pakubuwono Menteng,2026-05-14 20:10:46,94,94,32,72,,,,,51,30.5,,,
Depok,Cinere - Nafas,2026-05-14 20:11:32,120,120,48,84,,,,,0,0,,,
Bogor,Kabupaten Bogor Leuwiliang,2026-05-14 20:00:00,71,65,31,,4,10,0,71,,,,,
Tangerang,Tangerang Pasir Jaya,2026-05-14 14:00:00,-,95,49,,59,63,0,65,,,,,
Bekasi,Bekasi Kayuringin,2026-05-14 20:00:00,80,80,43,,54,13,0,2,,,,,
Jakarta,The Pakubuwono Menteng,2026-05-14 20:12:46,109,109,43,81,,,,,51,30.5,,,
Depok,Cinere - Nafas,2026-05-14 20:13:32,121,121,50,87,,,,,0,0,,,
Bogor,Kabupaten Bogor Leuwiliang,2026-05-14 20:00:00,71,65,31,,4,10,0,71,,,,,
Tangerang,Tangerang Pasir Jaya,2026-05-14 14:00:00,-,95,49,,59,63,0,65,,,,,
Bekasi,Bekasi Kayuringin,2026-05-14 20:00:00,80,80,43,,54,13,0,2,,,,,
Jakarta,The Pakubuwono Menteng,2026-05-14 20:13:46,108,108,40,79,,,,,51,30.5,,,
Depok,Cinere - Nafas,2026-05-14 20:14:32,125,125,50,86,,,,,0,0,,,
Bogor,Kabupaten Bogor Leuwiliang,2026-05-14 20:00:00,71,65,31,,4,10,0,71,,,,,
Tangerang,Tangerang Pasir Jaya,2026-05-14 14:00:00,-,95,49,,59,63,0,65,,,,,
Bekasi,Bekasi Kayuringin,2026-05-14 20:00:00,80,80,43,,54,13,0,2,,,,,
Jakarta,The Pakubuwono Menteng,2026-05-14 20:13:46,108,108,40,79,,,,,51,30.5,,,
Depok,Cinere - Nafas,2026-05-14 20:14:32,125,125,50,86,,,,,0,0,,,
Bogor,Kabupaten Bogor Leuwiliang,2026-05-14 20:00:00,71,65,31,,4,10,0,71,,,,,
Tangerang,Tangerang Pasir Jaya,2026-05-14 14:00:00,-,95,49,,59,63,0,65,,,,,
Bekasi,Bekasi Kayuringin,2026-05-14 20:00:00,80,80,43,,54,13,0,2,,,,,
Jakarta,The Pakubuwono Menteng,2026-05-14 20:15:47,106,106,40,78,,,,,51,30.5,,,
Depok,Cinere - Nafas,2026-05-14 20:16:32,124,124,51,88,,,,,0,0,,,
Bogor,Kabupaten Bogor Leuwiliang,2026-05-14 20:00:00,71,65,31,,4,10,0,71,,,,,
Tangerang,Tangerang Pasir Jaya,2026-05-14 14:00:00,-,95,49,,59,63,0,65,,,,,
Bekasi,Bekasi Kayuringin,2026-05-14 20:00:00,80,80,43,,54,13,0,2,,,,,
Jakarta,The Pakubuwono Menteng,2026-05-14 20:17:46,104,104,40,78,,,,,52,30.5,,,
Depok,Cinere - Nafas,2026-05-14 20:18:32,125,125,50,89,,,,,0,0,,,
Bogor,Kabupaten Bogor Leuwiliang,2026-05-14 20:00:00,71,65,31,,4,10,0,71,,,,,
Tangerang,Tangerang Pasir Jaya,2026-05-14 14:00:00,-,95,49,,59,63,0,65,,,,,
Bekasi,Bekasi Kayuringin,2026-05-14 20:00:00,80,80,43,,54,13,0,2,,,,,
Jakarta,The Pakubuwono Menteng,2026-05-14 20:17:46,104,104,40,78,,,,,52,30.5,,,
Depok,Cinere - Nafas,2026-05-14 20:18:32,125,125,50,89,,,,,0,0,,,
Bogor,Kabupaten Bogor Leuwiliang,2026-05-14 20:00:00,71,65,31,,4,10,0,71,,,,,
Tangerang,Tangerang Pasir Jaya,2026-05-14 14:00:00,-,95,49,,59,63,0,65,,,,,
Bekasi,Bekasi Kayuringin,2026-05-14 20:00:00,80,80,43,,54,13,0,2,,,,,
Jakarta,The Pakubuwono Menteng,2026-05-14 20:19:46,102,102,40,78,,,,,51,30.5,,,
Depok,Cinere - Nafas,2026-05-14 20:20:32,123,123,50,87,,,,,0,0,,,
Bogor,Kabupaten Bogor Leuwiliang,2026-05-14 20:00:00,71,65,31,,4,10,0,71,,,,,
Tangerang,Tangerang Pasir Jaya,2026-05-14 14:00:00,-,95,49,,59,63,0,65,,,,,
Bekasi,Bekasi Kayuringin,2026-05-14 20:00:00,80,80,43,,54,13,0,2,,,,,
Jakarta,The Pakubuwono Menteng,2026-05-14 20:19:46,102,102,40,78,,,,,51,30.5,,,
Depok,Cinere - Nafas,2026-05-14 20:20:32,123,123,50,87,,,,,0,0,,,
Bogor,Kabupaten Bogor Leuwiliang,2026-05-14 20:00:00,71,65,31,,4,10,0,71,,,,,
Tangerang,Tangerang Pasir Jaya,2026-05-14 14:00:00,-,95,49,,59,63,0,65,,,,,
Bekasi,Bekasi Kayuringin,2026-05-14 20:00:00,80,80,43,,54,13,0,2,,,,,
Jakarta,The Pakubuwono Menteng,2026-05-14 20:21:46,105,105,42,79,,,,,51,30.5,,,
Depok,Cinere - Nafas,2026-05-14 20:22:32,123,123,50,87,,,,,0,0,,,
Bogor,Kabupaten Bogor Leuwiliang,2026-05-14 20:00:00,71,65,31,,4,10,0,71,,,,,
Tangerang,Tangerang Pasir Jaya,2026-05-14 14:00:00,-,95,49,,59,63,0,65,,,,,
Bekasi,Bekasi Kayuringin,2026-05-14 20:00:00,80,80,43,,54,13,0,2,,,,,
Jakarta,The Pakubuwono Menteng,2026-05-14 20:23:46,96,96,35,75,,,,,51,30.6,,,
Depok,Cinere - Nafas,2026-05-14 20:24:32,124,124,49,88,,,,,0,0,,,
Bogor,Kabupaten Bogor Leuwiliang,2026-05-14 20:00:00,71,65,31,,4,10,0,71,,,,,
Tangerang,Tangerang Pasir Jaya,2026-05-14 14:00:00,-,95,49,,59,63,0,65,,,,,
Bekasi,Bekasi Kayuringin,2026-05-14 20:00:00,80,80,43,,54,13,0,2,,,,,
Jakarta,The Pakubuwono Menteng,2026-05-14 20:23:46,96,96,35,75,,,,,51,30.6,,,
Depok,Cinere - Nafas,2026-05-14 20:24:32,124,124,49,88,,,,,0,0,,,
Bogor,Kabupaten Bogor Leuwiliang,2026-05-14 20:00:00,71,65,31,,4,10,0,71,,,,,
Tangerang,Tangerang Pasir Jaya,2026-05-14 14:00:00,-,95,49,,59,63,0,65,,,,,
Bekasi,Bekasi Kayuringin,2026-05-14 20:00:00,80,80,43,,54,13,0,2,,,,,
Jakarta,The Pakubuwono Menteng,2026-05-14 20:25:46,101,101,38,75,,,,,51,30.6,,,
Depok,Cinere - Nafas,2026-05-14 20:26:32,125,125,50,87,,,,,0,0,,,
Bogor,Kabupaten Bogor Leuwiliang,2026-05-14 20:00:00,71,65,31,,4,10,0,71,,,,,
Tangerang,Tangerang Pasir Jaya,2026-05-14 14:00:00,-,95,49,,59,63,0,65,,,,,
Bekasi,Bekasi Kayuringin,2026-05-14 20:00:00,80,80,43,,54,13,0,2,,,,,
Jakarta,The Pakubuwono Menteng,2026-05-14 20:27:46,102,102,39,80,,,,,51,30.5,,,
Depok,Cinere - Nafas,2026-05-14 20:28:32,123,123,50,87,,,,,0,0,,,
Bogor,Kabupaten Bogor Leuwiliang,2026-05-14 20:00:00,71,65,31,,4,10,0,71,,,,,
Tangerang,Tangerang Pasir Jaya,2026-05-14 14:00:00,-,95,49,,59,63,0,65,,,,,
Bekasi,Bekasi Kayuringin,2026-05-14 20:00:00,80,80,43,,54,13,0,2,,,,,
Jakarta,The Pakubuwono Menteng,2026-05-14 20:27:46,102,102,39,80,,,,,51,30.5,,,
Depok,Cinere - Nafas,2026-05-14 20:28:32,123,123,50,87,,,,,0,0,,,
Bogor,Kabupaten Bogor Leuwiliang,2026-05-14 20:00:00,71,65,31,,4,10,0,71,,,,,
Tangerang,Tangerang Pasir Jaya,2026-05-14 14:00:00,-,95,49,,59,63,0,65,,,,,
Bekasi,Bekasi Kayuringin,2026-05-14 20:00:00,80,80,43,,54,13,0,2,,,,,
Jakarta,The Pakubuwono Menteng,2026-05-14 20:29:46,111,111,43,83,,,,,51,30.6,,,
Depok,Cinere - Nafas,2026-05-14 20:30:32,125,125,51,89,,,,,0,0,,,
Bogor,Kabupaten Bogor Leuwiliang,2026-05-14 20:00:00,71,65,31,,4,10,0,71,,,,,
Tangerang,Tangerang Pasir Jaya,2026-05-14 14:00:00,-,95,49,,59,63,0,65,,,,,
Bekasi,Bekasi Kayuringin,2026-05-14 20:00:00,80,80,43,,54,13,0,2,,,,,
Jakarta,The Pakubuwono Menteng,2026-05-14 20:29:46,111,111,43,83,,,,,51,30.6,,,
Depok,Cinere - Nafas,2026-05-14 20:31:32,125,125,50,87,,,,,0,0,,,
Bogor,Kabupaten Bogor Leuwiliang,2026-05-14 20:00:00,71,65,31,,4,10,0,71,,,,,
Tangerang,Tangerang Pasir Jaya,2026-05-14 14:00:00,-,95,49,,59,63,0,65,,,,,
Bekasi,Bekasi Kayuringin,2026-05-14 20:00:00,80,80,43,,54,13,0,2,,,,,
Jakarta,The Pakubuwono Menteng,2026-05-14 20:33:46,112,112,43,84,,,,,51,30.6,,,
Depok,Cinere - Nafas,2026-05-14 20:33:32,123,123,50,88,,,,,0,0,,,
Bogor,Kabupaten Bogor Leuwiliang,2026-05-14 20:00:00,71,65,31,,4,10,0,71,,,,,
Tangerang,Tangerang Pasir Jaya,2026-05-14 14:00:00,-,95,49,,59,63,0,65,,,,,
Bekasi,Bekasi Kayuringin,2026-05-14 20:00:00,80,80,43,,54,13,0,2,,,,,
Jakarta,The Pakubuwono Menteng,2026-05-14 20:33:46,112,112,43,84,,,,,51,30.6,,,
Depok,Cinere - Nafas,2026-05-14 20:33:32,123,123,50,88,,,,,0,0,,,
Bogor,Kabupaten Bogor Leuwiliang,2026-05-14 20:00:00,71,65,31,,4,10,0,71,,,,,
Tangerang,Tangerang Pasir Jaya,2026-05-14 14:00:00,-,95,49,,59,63,0,65,,,,,
Bekasi,Bekasi Kayuringin,2026-05-14 20:00:00,80,80,43,,54,13,0,2,,,,,
Jakarta,The Pakubuwono Menteng,2026-05-14 20:34:46,119,119,48,88,,,,,51,30.6,,,
Depok,Cinere - Nafas,2026-05-14 20:35:32,124,124,50,88,,,,,0,0,,,
Bogor,Kabupaten Bogor Leuwiliang,2026-05-14 20:00:00,71,65,31,,4,10,0,71,,,,,
Tangerang,Tangerang Pasir Jaya,2026-05-14 14:00:00,-,95,49,,59,63,0,65,,,,,
Bekasi,Bekasi Kayuringin,2026-05-14 20:00:00,80,80,43,,54,13,0,2,,,,,
Jakarta,The Pakubuwono Menteng,2026-05-14 20:36:46,122,122,49,86,,,,,51,30.5,,,
Depok,Cinere - Nafas,2026-05-14 20:36:32,120,120,48,87,,,,,0,0,,,
Bogor,Kabupaten Bogor Leuwiliang,2026-05-14 20:00:00,71,65,31,,4,10,0,71,,,,,
Tangerang,Tangerang Pasir Jaya,2026-05-14 14:00:00,-,95,49,,59,63,0,65,,,,,
Bekasi,Bekasi Kayuringin,2026-05-14 20:00:00,80,80,43,,54,13,0,2,,,,,
Jakarta,The Pakubuwono Menteng,2026-05-14 20:36:46,122,122,49,86,,,,,51,30.5,,,
Depok,Cinere - Nafas,2026-05-14 20:36:32,120,120,48,87,,,,,0,0,,,
Bogor,Kabupaten Bogor Leuwiliang,2026-05-14 20:00:00,71,65,31,,4,10,0,71,,,,,
Tangerang,Tangerang Pasir Jaya,2026-05-14 14:00:00,-,95,49,,59,63,0,65,,,,,
Bekasi,Bekasi Kayuringin,2026-05-14 20:00:00,80,80,43,,54,13,0,2,,,,,
Jakarta,The Pakubuwono Menteng,2026-05-14 20:38:46,119,119,47,86,,,,,52,30.5,,,
Depok,Cinere - Nafas,2026-05-14 20:38:32,130,130,52,91,,,,,0,0,,,
Bogor,Kabupaten Bogor Leuwiliang,2026-05-14 20:00:00,71,65,31,,4,10,0,71,,,,,
Tangerang,Tangerang Pasir Jaya,2026-05-14 14:00:00,-,95,49,,59,63,0,65,,,,,
Bekasi,Bekasi Kayuringin,2026-05-14 20:00:00,80,80,43,,54,13,0,2,,,,,
Jakarta,The Pakubuwono Menteng,2026-05-14 20:38:46,119,119,47,86,,,,,52,30.5,,,
Depok,Cinere - Nafas,2026-05-14 20:38:32,130,130,52,91,,,,,0,0,,,
Bogor,Kabupaten Bogor Leuwiliang,2026-05-14 20:00:00,71,65,31,,4,10,0,71,,,,,
Tangerang,Tangerang Pasir Jaya,2026-05-14 14:00:00,-,95,49,,59,63,0,65,,,,,
Bekasi,Bekasi Kayuringin,2026-05-14 20:00:00,80,80,43,,54,13,0,2,,,,,
Jakarta,The Pakubuwono Menteng,2026-05-14 20:40:47,126,126,50,90,,,,,52,30.5,,,
Depok,Cinere - Nafas,2026-05-14 20:40:32,134,134,53,94,,,,,0,0,,,
Bogor,Kabupaten Bogor Leuwiliang,2026-05-14 20:00:00,71,65,31,,4,10,0,71,,,,,
Tangerang,Tangerang Pasir Jaya,2026-05-14 14:00:00,-,95,49,,59,63,0,65,,,,,
Bekasi,Bekasi Kayuringin,2026-05-14 20:00:00,80,80,43,,54,13,0,2,,,,,
Jakarta,The Pakubuwono Menteng,2026-05-14 20:42:47,120,120,49,89,,,,,52,30.5,,,
Depok,Cinere - Nafas,2026-05-14 20:42:32,131,131,52,94,,,,,0,0,,,
Bogor,Kabupaten Bogor Leuwiliang,2026-05-14 20:00:00,71,65,31,,4,10,0,71,,,,,
Tangerang,Tangerang Pasir Jaya,2026-05-14 14:00:00,-,95,49,,59,63,0,65,,,,,
Bekasi,Bekasi Kayuringin,2026-05-14 20:00:00,80,80,43,,54,13,0,2,,,,,
Jakarta,The Pakubuwono Menteng,2026-05-14 20:44:46,118,118,45,86,,,,,51,30.5,,,
Depok,Cinere - Nafas,2026-05-14 20:44:32,132,132,53,89,,,,,0,0,,,
Bogor,Kabupaten Bogor Leuwiliang,2026-05-14 20:00:00,71,65,31,,4,10,0,71,,,,,
Tangerang,Tangerang Pasir Jaya,2026-05-14 14:00:00,-,95,49,,59,63,0,65,,,,,
Bekasi,Bekasi Kayuringin,2026-05-14 20:00:00,80,80,43,,54,13,0,2,,,,,
Jakarta,The Pakubuwono Menteng,2026-05-14 20:44:46,118,118,45,86,,,,,51,30.5,,,
Depok,Cinere - Nafas,2026-05-14 20:44:32,132,132,53,89,,,,,0,0,,,
Bogor,Kabupaten Bogor Leuwiliang,2026-05-14 20:00:00,71,65,31,,4,10,0,71,,,,,
Tangerang,Tangerang Pasir Jaya,2026-05-14 14:00:00,-,95,49,,59,63,0,65,,,,,
Bekasi,Bekasi Kayuringin,2026-05-14 20:00:00,80,80,43,,54,13,0,2,,,,,
Jakarta,The Pakubuwono Menteng,2026-05-14 20:45:46,118,118,47,88,,,,,51,30.5,,,
Depok,Cinere - Nafas,2026-05-14 20:45:32,134,134,53,92,,,,,0,0,,,
Bogor,Kabupaten Bogor Leuwiliang,2026-05-14 20:00:00,71,65,31,,4,10,0,71,,,,,
Tangerang,Tangerang Pasir Jaya,2026-05-14 14:00:00,-,95,49,,59,63,0,65,,,,,
Bekasi,Bekasi Kayuringin,2026-05-14 20:00:00,80,80,43,,54,13,0,2,,,,,
Jakarta,The Pakubuwono Menteng,2026-05-14 20:45:46,118,118,47,88,,,,,51,30.5,,,
Depok,Cinere - Nafas,2026-05-14 20:45:32,134,134,53,92,,,,,0,0,,,
Bogor,Kabupaten Bogor Leuwiliang,2026-05-14 20:00:00,71,65,31,,4,10,0,71,,,,,
Tangerang,Tangerang Pasir Jaya,2026-05-14 14:00:00,-,95,49,,59,63,0,65,,,,,
Bekasi,Bekasi Kayuringin,2026-05-14 20:00:00,80,80,43,,54,13,0,2,,,,,
Jakarta,The Pakubuwono Menteng,2026-05-14 20:47:49,127,127,51,93,,,,,51,30.5,,,
Depok,Cinere - Nafas,2026-05-14 20:47:32,129,129,52,89,,,,,0,0,,,
Bogor,Kabupaten Bogor Leuwiliang,2026-05-14 20:00:00,71,65,31,,4,10,0,71,,,,,
Tangerang,Tangerang Pasir Jaya,2026-05-14 14:00:00,-,95,49,,59,63,0,65,,,,,
Bekasi,Bekasi Kayuringin,2026-05-14 20:00:00,80,80,43,,54,13,0,2,,,,,
Jakarta,The Pakubuwono Menteng,2026-05-14 20:49:47,130,130,51,94,,,,,51,30.4,,,
Depok,Cinere - Nafas,2026-05-14 20:49:32,133,133,53,91,,,,,0,0,,,
Bogor,Kabupaten Bogor Leuwiliang,2026-05-14 20:00:00,71,65,31,,4,10,0,71,,,,,
Tangerang,Tangerang Pasir Jaya,2026-05-14 14:00:00,-,95,49,,59,63,0,65,,,,,
Bekasi,Bekasi Kayuringin,2026-05-14 20:00:00,80,80,43,,54,13,0,2,,,,,
Jakarta,The Pakubuwono Menteng,2026-05-14 20:49:47,130,130,51,94,,,,,51,30.4,,,
Depok,Cinere - Nafas,2026-05-14 20:49:32,133,133,53,91,,,,,0,0,,,
Bogor,Kabupaten Bogor Leuwiliang,2026-05-14 20:00:00,71,65,31,,4,10,0,71,,,,,
Tangerang,Tangerang Pasir Jaya,2026-05-14 14:00:00,-,95,49,,59,63,0,65,,,,,
Bekasi,Bekasi Kayuringin,2026-05-14 20:00:00,80,80,43,,54,13,0,2,,,,,
Jakarta,The Pakubuwono Menteng,2026-05-14 20:51:47,133,133,53,95,,,,,52,30.4,,,
Depok,Cinere - Nafas,2026-05-14 20:51:32,131,131,52,89,,,,,0,0,,,
Bogor,Kabupaten Bogor Leuwiliang,2026-05-14 20:00:00,71,65,31,,4,10,0,71,,,,,
Tangerang,Tangerang Pasir Jaya,2026-05-14 14:00:00,-,95,49,,59,63,0,65,,,,,
Bekasi,Bekasi Kayuringin,2026-05-14 20:00:00,80,80,43,,54,13,0,2,,,,,
Jakarta,The Pakubuwono Menteng,2026-05-14 20:52:48,131,131,53,93,,,,,52,30.4,,,
Depok,Cinere - Nafas,2026-05-14 20:52:32,129,129,52,93,,,,,0,0,,,
Bogor,Kabupaten Bogor Leuwiliang,2026-05-14 20:00:00,71,65,31,,4,10,0,71,,,,,
Tangerang,Tangerang Pasir Jaya,2026-05-14 14:00:00,-,95,49,,59,63,0,65,,,,,
Bekasi,Bekasi Kayuringin,2026-05-14 20:00:00,80,80,43,,54,13,0,2,,,,,
Jakarta,The Pakubuwono Menteng,2026-05-14 20:54:48,129,129,52,93,,,,,52,30.3,,,
Depok,Cinere - Nafas,2026-05-14 20:54:33,128,128,53,92,,,,,0,0,,,
Bogor,Kabupaten Bogor Leuwiliang,2026-05-14 20:00:00,71,65,31,,4,10,0,71,,,,,
Tangerang,Tangerang Pasir Jaya,2026-05-14 14:00:00,-,95,49,,59,63,0,65,,,,,
Bekasi,Bekasi Kayuringin,2026-05-14 20:00:00,80,80,43,,54,13,0,2,,,,,
Jakarta,The Pakubuwono Menteng,2026-05-14 20:56:48,133,133,52,95,,,,,53,30.3,,,
Depok,Cinere - Nafas,2026-05-14 20:56:33,136,136,53,94,,,,,0,0,,,
Bogor,Kabupaten Bogor Leuwiliang,2026-05-14 20:00:00,71,65,31,,4,10,0,71,,,,,
Tangerang,Tangerang Pasir Jaya,2026-05-14 14:00:00,-,95,49,,59,63,0,65,,,,,
Bekasi,Bekasi Kayuringin,2026-05-14 20:00:00,80,80,43,,54,13,0,2,,,,,
Jakarta,The Pakubuwono Menteng,2026-05-14 20:56:48,133,133,52,95,,,,,53,30.3,,,
Depok,Cinere - Nafas,2026-05-14 20:56:33,136,136,53,94,,,,,0,0,,,
Bogor,Kabupaten Bogor Leuwiliang,2026-05-14 20:00:00,71,65,31,,4,10,0,71,,,,,
Tangerang,Tangerang Pasir Jaya,2026-05-14 14:00:00,-,95,49,,59,63,0,65,,,,,
Bekasi,Bekasi Kayuringin,2026-05-14 20:00:00,80,80,43,,54,13,0,2,,,,,
Jakarta,The Pakubuwono Menteng,2026-05-14 20:56:48,133,133,52,95,,,,,53,30.3,,,
Depok,Cinere - Nafas,2026-05-14 20:56:33,136,136,53,94,,,,,0,0,,,
Bogor,Kabupaten Bogor Leuwiliang,2026-05-14 20:00:00,71,65,31,,4,10,0,71,,,,,
Tangerang,Tangerang Pasir Jaya,2026-05-14 14:00:00,-,95,49,,59,63,0,65,,,,,
Bekasi,Bekasi Kayuringin,2026-05-14 20:00:00,80,80,43,,54,13,0,2,,,,,
Jakarta,The Pakubuwono Menteng,2026-05-14 20:56:48,133,133,52,95,,,,,53,30.3,,,
Depok,Cinere - Nafas,2026-05-14 20:56:33,136,136,53,94,,,,,0,0,,,
Bogor,Kabupaten Bogor Leuwiliang,2026-05-14 20:00:00,71,65,31,,4,10,0,71,,,,,
Tangerang,Tangerang Pasir Jaya,2026-05-14 14:00:00,-,95,49,,59,63,0,65,,,,,
Bekasi,Bekasi Kayuringin,2026-05-14 20:00:00,80,80,43,,54,13,0,2,,,,,
Jakarta,The Pakubuwono Menteng,2026-05-14 20:56:48,133,133,52,95,,,,,53,30.3,,,
Depok,Cinere - Nafas,2026-05-14 20:56:33,136,136,53,94,,,,,0,0,,,
Bogor,Kabupaten Bogor Leuwiliang,2026-05-14 20:00:00,71,65,31,,4,10,0,71,,,,,
Tangerang,Tangerang Pasir Jaya,2026-05-14 14:00:00,-,95,49,,59,63,0,65,,,,,
Bekasi,Bekasi Kayuringin,2026-05-14 20:00:00,80,80,43,,54,13,0,2,,,,,
Jakarta,The Pakubuwono Menteng,2026-05-14 21:02:47,127,127,51,91,,,,,52,30.1,,,
Depok,Cinere - Nafas,2026-05-14 21:02:33,141,141,55,96,,,,,0,0,,,
Bogor,Kabupaten Bogor Leuwiliang,2026-05-14 20:00:00,71,65,31,,4,10,0,71,,,,,
Tangerang,Tangerang Pasir Jaya,2026-05-14 14:00:00,-,95,49,,59,63,0,65,,,,,
Bekasi,Bekasi Kayuringin,2026-05-14 20:00:00,80,80,43,,54,13,0,2,,,,,
Jakarta,The Pakubuwono Menteng,2026-05-14 21:02:47,127,127,51,91,,,,,52,30.1,,,
Depok,Cinere - Nafas,2026-05-14 21:02:33,141,141,55,96,,,,,0,0,,,
Bogor,Kabupaten Bogor Leuwiliang,2026-05-14 20:00:00,71,65,31,,4,10,0,71,,,,,
Tangerang,Tangerang Pasir Jaya,2026-05-14 14:00:00,-,95,49,,59,63,0,65,,,,,
Bekasi,Bekasi Kayuringin,2026-05-14 20:00:00,80,80,43,,54,13,0,2,,,,,
Jakarta,The Pakubuwono Menteng,2026-05-14 21:04:47,131,131,53,90,,,,,53,30.1,,,
Depok,Cinere - Nafas,2026-05-14 21:04:33,148,148,56,98,,,,,0,0,,,
Bogor,Kabupaten Bogor Leuwiliang,2026-05-14 20:00:00,71,65,31,,4,10,0,71,,,,,
Tangerang,Tangerang Pasir Jaya,2026-05-14 14:00:00,-,95,49,,59,63,0,65,,,,,
Bekasi,Bekasi Kayuringin,2026-05-14 21:00:00,82,82,43,,54,13,0,2,,,,,
Jakarta,The Pakubuwono Menteng,2026-05-14 21:05:47,130,130,52,94,,,,,53,30.1,,,
Depok,Cinere - Nafas,2026-05-14 21:05:33,149,149,57,101,,,,,0,0,,,
Bogor,Kabupaten Bogor Leuwiliang,2026-05-14 21:00:00,71,65,31,,4,10,0,71,,,,,
Tangerang,Tangerang Pasir Jaya,2026-05-14 14:00:00,-,95,49,,59,63,0,65,,,,,
Bekasi,Bekasi Kayuringin,2026-05-14 21:00:00,82,82,43,,54,13,0,2,,,,,
Jakarta,The Pakubuwono Menteng,2026-05-14 21:07:47,126,126,51,89,,,,,52,30.1,,,
Depok,Cinere - Nafas,2026-05-14 21:07:33,143,143,56,98,,,,,0,0,,,
Bogor,Kabupaten Bogor Leuwiliang,2026-05-14 21:00:00,71,65,31,,4,10,0,71,,,,,
Tangerang,Tangerang Pasir Jaya,2026-05-14 14:00:00,-,95,49,,59,63,0,65,,,,,
Bekasi,Bekasi Kayuringin,2026-05-14 21:00:00,82,82,43,,54,13,0,2,,,,,
Jakarta,The Pakubuwono Menteng,2026-05-14 21:09:47,118,118,47,85,,,,,53,30,,,
Depok,Cinere - Nafas,2026-05-14 21:09:33,148,148,57,102,,,,,0,0,,,
Bogor,Kabupaten Bogor Leuwiliang,2026-05-14 21:00:00,71,65,31,,4,10,0,71,,,,,
Tangerang,Tangerang Pasir Jaya,2026-05-14 14:00:00,-,95,49,,59,63,0,65,,,,,
Bekasi,Bekasi Kayuringin,2026-05-14 21:00:00,82,82,43,,54,13,0,2,,,,,
Jakarta,The Pakubuwono Menteng,2026-05-14 21:09:47,118,118,47,85,,,,,53,30,,,
Depok,Cinere - Nafas,2026-05-14 21:09:33,148,148,57,102,,,,,0,0,,,
Bogor,Kabupaten Bogor Leuwiliang,2026-05-14 21:00:00,71,65,31,,4,10,0,71,,,,,
Tangerang,Tangerang Pasir Jaya,2026-05-14 14:00:00,-,95,49,,59,63,0,65,,,,,
Bekasi,Bekasi Kayuringin,2026-05-14 21:00:00,82,82,43,,54,13,0,2,,,,,
Jakarta,The Pakubuwono Menteng,2026-05-14 21:10:47,123,123,48,88,,,,,52,30.1,,,
Depok,Cinere - Nafas,2026-05-14 21:10:33,153,153,59,115,,,,,0,0,,,
Bogor,Kabupaten Bogor Leuwiliang,2026-05-14 21:00:00,71,65,31,,4,10,0,71,,,,,
Tangerang,Tangerang Pasir Jaya,2026-05-14 14:00:00,-,95,49,,59,63,0,65,,,,,
Bekasi,Bekasi Kayuringin,2026-05-14 21:00:00,82,82,43,,54,13,0,2,,,,,
Jakarta,The Pakubuwono Menteng,2026-05-14 21:10:47,123,123,48,88,,,,,52,30.1,,,
Depok,Cinere - Nafas,2026-05-14 21:10:33,153,153,59,115,,,,,0,0,,,
Bogor,Kabupaten Bogor Leuwiliang,2026-05-14 21:00:00,71,65,31,,4,10,0,71,,,,,
Tangerang,Tangerang Pasir Jaya,2026-05-14 14:00:00,-,95,49,,59,63,0,65,,,,,
Bekasi,Bekasi Kayuringin,2026-05-14 21:00:00,82,82,43,,54,13,0,2,,,,,
Jakarta,The Pakubuwono Menteng,2026-05-14 21:12:47,135,135,52,95,,,,,52,30.1,,,
Depok,Cinere - Nafas,2026-05-14 21:12:33,153,153,57,110,,,,,0,0,,,
Bogor,Kabupaten Bogor Leuwiliang,2026-05-14 21:00:00,71,65,31,,4,10,0,71,,,,,
Tangerang,Tangerang Pasir Jaya,2026-05-14 14:00:00,-,95,49,,59,63,0,65,,,,,
Bekasi,Bekasi Kayuringin,2026-05-14 21:00:00,82,82,43,,54,13,0,2,,,,,
Jakarta,The Pakubuwono Menteng,2026-05-14 21:14:47,116,116,44,86,,,,,52,30,,,
Depok,Cinere - Nafas,2026-05-14 21:14:33,153,153,59,115,,,,,0,0,,,
Bogor,Kabupaten Bogor Leuwiliang,2026-05-14 21:00:00,71,65,31,,4,10,0,71,,,,,
Tangerang,Tangerang Pasir Jaya,2026-05-14 14:00:00,-,95,49,,59,63,0,65,,,,,
Bekasi,Bekasi Kayuringin,2026-05-14 21:00:00,82,82,43,,54,13,0,2,,,,,
Jakarta,The Pakubuwono Menteng,2026-05-14 21:14:47,116,116,44,86,,,,,52,30,,,
Depok,Cinere - Nafas,2026-05-14 21:14:33,153,153,59,115,,,,,0,0,,,
Bogor,Kabupaten Bogor Leuwiliang,2026-05-14 21:00:00,71,65,31,,4,10,0,71,,,,,
Tangerang,Tangerang Pasir Jaya,2026-05-14 14:00:00,-,95,49,,59,63,0,65,,,,,
Bekasi,Bekasi Kayuringin,2026-05-14 21:00:00,82,82,43,,54,13,0,2,,,,,
Jakarta,The Pakubuwono Menteng,2026-05-14 21:15:47,117,117,45,84,,,,,52,30.1,,,
Depok,Cinere - Nafas,2026-05-14 21:15:33,152,152,58,106,,,,,0,0,,,
Bogor,Kabupaten Bogor Leuwiliang,2026-05-14 21:00:00,71,65,31,,4,10,0,71,,,,,
Tangerang,Tangerang Pasir Jaya,2026-05-14 14:00:00,-,95,49,,59,63,0,65,,,,,
Bekasi,Bekasi Kayuringin,2026-05-14 21:00:00,82,82,43,,54,13,0,2,,,,,
Jakarta,The Pakubuwono Menteng,2026-05-14 21:17:47,130,130,52,94,,,,,53,30.2,,,
Depok,Cinere - Nafas,2026-05-14 21:17:33,146,146,56,100,,,,,0,0,,,
Bogor,Kabupaten Bogor Leuwiliang,2026-05-14 21:00:00,71,65,31,,4,10,0,71,,,,,
Tangerang,Tangerang Pasir Jaya,2026-05-14 14:00:00,-,95,49,,59,63,0,65,,,,,
Bekasi,Bekasi Kayuringin,2026-05-14 21:00:00,82,82,43,,54,13,0,2,,,,,
Jakarta,The Pakubuwono Menteng,2026-05-14 21:19:47,139,139,54,101,,,,,52,30.2,,,
Depok,Cinere - Nafas,2026-05-14 21:19:33,151,151,58,105,,,,,0,0,,,
Bogor,Kabupaten Bogor Leuwiliang,2026-05-14 21:00:00,71,65,31,,4,10,0,71,,,,,
Tangerang,Tangerang Pasir Jaya,2026-05-14 14:00:00,-,95,49,,59,63,0,65,,,,,
Bekasi,Bekasi Kayuringin,2026-05-14 21:00:00,82,82,43,,54,13,0,2,,,,,
Jakarta,The Pakubuwono Menteng,2026-05-14 21:19:47,139,139,54,101,,,,,52,30.2,,,
Depok,Cinere - Nafas,2026-05-14 21:19:33,151,151,58,105,,,,,0,0,,,
Bogor,Kabupaten Bogor Leuwiliang,2026-05-14 21:00:00,71,65,31,,4,10,0,71,,,,,
Tangerang,Tangerang Pasir Jaya,2026-05-14 14:00:00,-,95,49,,59,63,0,65,,,,,
Bekasi,Bekasi Kayuringin,2026-05-14 21:00:00,82,82,43,,54,13,0,2,,,,,
Jakarta,The Pakubuwono Menteng,2026-05-14 21:21:48,126,126,51,91,,,,,52,30.2,,,
Depok,Cinere - Nafas,2026-05-14 21:21:33,143,143,56,101,,,,,0,0,,,
Bogor,Kabupaten Bogor Leuwiliang,2026-05-14 21:00:00,71,65,31,,4,10,0,71,,,,,
Tangerang,Tangerang Pasir Jaya,2026-05-14 14:00:00,-,95,49,,59,63,0,65,,,,,
Bekasi,Bekasi Kayuringin,2026-05-14 21:00:00,82,82,43,,54,13,0,2,,,,,
Jakarta,The Pakubuwono Menteng,2026-05-14 21:21:48,126,126,51,91,,,,,52,30.2,,,
Depok,Cinere - Nafas,2026-05-14 21:21:33,143,143,56,101,,,,,0,0,,,
Bogor,Kabupaten Bogor Leuwiliang,2026-05-14 21:00:00,71,65,31,,4,10,0,71,,,,,
Tangerang,Tangerang Pasir Jaya,2026-05-14 14:00:00,-,95,49,,59,63,0,65,,,,,
Bekasi,Bekasi Kayuringin,2026-05-14 21:00:00,82,82,43,,54,13,0,2,,,,,
Jakarta,The Pakubuwono Menteng,2026-05-14 21:23:47,115,115,45,85,,,,,52,30.3,,,
Depok,Cinere - Nafas,2026-05-14 21:23:33,139,139,56,96,,,,,0,0,,,
Bogor,Kabupaten Bogor Leuwiliang,2026-05-14 21:00:00,71,65,31,,4,10,0,71,,,,,
Tangerang,Tangerang Pasir Jaya,2026-05-14 14:00:00,-,95,49,,59,63,0,65,,,,,
Bekasi,Bekasi Kayuringin,2026-05-14 21:00:00,82,82,43,,54,13,0,2,,,,,
Jakarta,The Pakubuwono Menteng,2026-05-14 21:25:47,113,113,44,84,,,,,52,30.3,,,
Depok,Cinere - Nafas,2026-05-14 21:25:33,143,143,55,100,,,,,0,0,,,
Bogor,Kabupaten Bogor Leuwiliang,2026-05-14 21:00:00,71,65,31,,4,10,0,71,,,,,
Tangerang,Tangerang Pasir Jaya,2026-05-14 14:00:00,-,95,49,,59,63,0,65,,,,,
Bekasi,Bekasi Kayuringin,2026-05-14 21:00:00,82,82,43,,54,13,0,2,,,,,
Jakarta,The Pakubuwono Menteng,2026-05-14 21:25:47,113,113,44,84,,,,,52,30.3,,,
Depok,Cinere - Nafas,2026-05-14 21:25:33,143,143,55,100,,,,,0,0,,,
Bogor,Kabupaten Bogor Leuwiliang,2026-05-14 21:00:00,71,65,31,,4,10,0,71,,,,,
Tangerang,Tangerang Pasir Jaya,2026-05-14 14:00:00,-,95,49,,59,63,0,65,,,,,
Bekasi,Bekasi Kayuringin,2026-05-14 21:00:00,82,82,43,,54,13,0,2,,,,,
Jakarta,The Pakubuwono Menteng,2026-05-14 21:26:47,113,113,44,83,,,,,52,30.4,,,
Depok,Cinere - Nafas,2026-05-14 21:26:33,143,143,55,100,,,,,0,0,,,
Bogor,Kabupaten Bogor Leuwiliang,2026-05-14 21:00:00,71,65,31,,4,10,0,71,,,,,
Tangerang,Tangerang Pasir Jaya,2026-05-14 14:00:00,-,95,49,,59,63,0,65,,,,,
Bekasi,Bekasi Kayuringin,2026-05-14 21:00:00,82,82,43,,54,13,0,2,,,,,
Jakarta,The Pakubuwono Menteng,2026-05-14 21:26:47,113,113,44,83,,,,,52,30.4,,,
Depok,Cinere - Nafas,2026-05-14 21:28:33,151,151,58,108,,,,,0,0,,,
Bogor,Kabupaten Bogor Leuwiliang,2026-05-14 21:00:00,71,65,31,,4,10,0,71,,,,,
Tangerang,Tangerang Pasir Jaya,2026-05-14 14:00:00,-,95,49,,59,63,0,65,,,,,
Bekasi,Bekasi Kayuringin,2026-05-14 21:00:00,82,82,43,,54,13,0,2,,,,,
Jakarta,The Pakubuwono Menteng,2026-05-14 21:30:48,101,101,40,79,,,,,52,30.5,,,
Depok,Cinere - Nafas,2026-05-14 21:30:33,154,154,59,114,,,,,0,0,,,
Bogor,Kabupaten Bogor Leuwiliang,2026-05-14 21:00:00,71,65,31,,4,10,0,71,,,,,
Tangerang,Tangerang Pasir Jaya,2026-05-14 14:00:00,-,95,49,,59,63,0,65,,,,,
Bekasi,Bekasi Kayuringin,2026-05-14 21:00:00,82,82,43,,54,13,0,2,,,,,
Jakarta,The Pakubuwono Menteng,2026-05-14 21:30:48,101,101,40,79,,,,,52,30.5,,,
Depok,Cinere - Nafas,2026-05-14 21:30:33,154,154,59,114,,,,,0,0,,,
Bogor,Kabupaten Bogor Leuwiliang,2026-05-14 21:00:00,71,65,31,,4,10,0,71,,,,,
Tangerang,Tangerang Pasir Jaya,2026-05-14 14:00:00,-,95,49,,59,63,0,65,,,,,
Bekasi,Bekasi Kayuringin,2026-05-14 21:00:00,82,82,43,,54,13,0,2,,,,,
Jakarta,The Pakubuwono Menteng,2026-05-14 21:32:49,127,127,51,90,,,,,51,30.5,,,
Depok,Cinere - Nafas,2026-05-14 21:32:33,152,152,59,111,,,,,0,0,,,
Bogor,Kabupaten Bogor Leuwiliang,2026-05-14 21:00:00,71,65,31,,4,10,0,71,,,,,
Tangerang,Tangerang Pasir Jaya,2026-05-14 14:00:00,-,95,49,,59,63,0,65,,,,,
Bekasi,Bekasi Kayuringin,2026-05-14 21:00:00,82,82,43,,54,13,0,2,,,,,
Jakarta,The Pakubuwono Menteng,2026-05-14 21:34:49,125,125,49,90,,,,,52,30.5,,,
Depok,Cinere - Nafas,2026-05-14 21:34:33,152,152,58,110,,,,,0,0,,,
Bogor,Kabupaten Bogor Leuwiliang,2026-05-14 21:00:00,71,65,31,,4,10,0,71,,,,,
Tangerang,Tangerang Pasir Jaya,2026-05-14 14:00:00,-,95,49,,59,63,0,65,,,,,
Bekasi,Bekasi Kayuringin,2026-05-14 21:00:00,82,82,43,,54,13,0,2,,,,,
Jakarta,The Pakubuwono Menteng,2026-05-14 21:34:49,125,125,49,90,,,,,52,30.5,,,
Depok,Cinere - Nafas,2026-05-14 21:34:33,152,152,58,110,,,,,0,0,,,
Bogor,Kabupaten Bogor Leuwiliang,2026-05-14 21:00:00,71,65,31,,4,10,0,71,,,,,
Tangerang,Tangerang Pasir Jaya,2026-05-14 14:00:00,-,95,49,,59,63,0,65,,,,,
Bekasi,Bekasi Kayuringin,2026-05-14 21:00:00,82,82,43,,54,13,0,2,,,,,
Jakarta,The Pakubuwono Menteng,2026-05-14 21:35:48,119,119,46,85,,,,,52,30.5,,,
Depok,Cinere - Nafas,2026-05-14 21:35:33,154,154,59,114,,,,,0,0,,,
Bogor,Kabupaten Bogor Leuwiliang,2026-05-14 21:00:00,71,65,31,,4,10,0,71,,,,,
Tangerang,Tangerang Pasir Jaya,2026-05-14 14:00:00,-,95,49,,59,63,0,65,,,,,
Bekasi,Bekasi Kayuringin,2026-05-14 21:00:00,82,82,43,,54,13,0,2,,,,,
Jakarta,The Pakubuwono Menteng,2026-05-14 21:37:48,116,116,45,86,,,,,52,30.5,,,
Depok,Cinere - Nafas,2026-05-14 21:37:33,152,152,58,110,,,,,0,0,,,
Bogor,Kabupaten Bogor Leuwiliang,2026-05-14 21:00:00,71,65,31,,4,10,0,71,,,,,
Tangerang,Tangerang Pasir Jaya,2026-05-14 14:00:00,-,95,49,,59,63,0,65,,,,,
Bekasi,Bekasi Kayuringin,2026-05-14 21:00:00,82,82,43,,54,13,0,2,,,,,
Jakarta,The Pakubuwono Menteng,2026-05-14 21:37:48,116,116,45,86,,,,,52,30.5,,,
Depok,Cinere - Nafas,2026-05-14 21:37:33,152,152,58,110,,,,,0,0,,,
Bogor,Kabupaten Bogor Leuwiliang,2026-05-14 21:00:00,71,65,31,,4,10,0,71,,,,,
Tangerang,Tangerang Pasir Jaya,2026-05-14 14:00:00,-,95,49,,59,63,0,65,,,,,
Bekasi,Bekasi Kayuringin,2026-05-14 21:00:00,82,82,43,,54,13,0,2,,,,,
Jakarta,The Pakubuwono Menteng,2026-05-14 21:38:48,112,112,44,84,,,,,52,30.5,,,
Depok,Cinere - Nafas,2026-05-14 21:38:33,153,153,59,110,,,,,0,0,,,
Bogor,Kabupaten Bogor Leuwiliang,2026-05-14 21:00:00,71,65,31,,4,10,0,71,,,,,
Tangerang,Tangerang Pasir Jaya,2026-05-14 14:00:00,-,95,49,,59,63,0,65,,,,,
Bekasi,Bekasi Kayuringin,2026-05-14 21:00:00,82,82,43,,54,13,0,2,,,,,
Jakarta,The Pakubuwono Menteng,2026-05-14 21:40:48,130,130,51,94,,,,,51,30.6,,,
Depok,Cinere - Nafas,2026-05-14 21:40:33,153,153,59,115,,,,,0,0,,,
Bogor,Kabupaten Bogor Leuwiliang,2026-05-14 21:00:00,71,65,31,,4,10,0,71,,,,,
Tangerang,Tangerang Pasir Jaya,2026-05-14 14:00:00,-,95,49,,59,63,0,65,,,,,
Bekasi,Bekasi Kayuringin,2026-05-14 21:00:00,82,82,43,,54,13,0,2,,,,,
Jakarta,The Pakubuwono Menteng,2026-05-14 21:42:48,134,134,53,96,,,,,51,30.6,,,
Depok,Cinere - Nafas,2026-05-14 21:42:33,154,154,59,118,,,,,0,0,,,
Bogor,Kabupaten Bogor Leuwiliang,2026-05-14 21:00:00,71,65,31,,4,10,0,71,,,,,
Tangerang,Tangerang Pasir Jaya,2026-05-14 14:00:00,-,95,49,,59,63,0,65,,,,,
Bekasi,Bekasi Kayuringin,2026-05-14 21:00:00,82,82,43,,54,13,0,2,,,,,
Jakarta,The Pakubuwono Menteng,2026-05-14 21:42:48,134,134,53,96,,,,,51,30.6,,,
Depok,Cinere - Nafas,2026-05-14 21:42:33,154,154,59,118,,,,,0,0,,,
Bogor,Kabupaten Bogor Leuwiliang,2026-05-14 21:00:00,71,65,31,,4,10,0,71,,,,,
Tangerang,Tangerang Pasir Jaya,2026-05-14 14:00:00,-,95,49,,59,63,0,65,,,,,
Bekasi,Bekasi Kayuringin,2026-05-14 21:00:00,82,82,43,,54,13,0,2,,,,,
Jakarta,The Pakubuwono Menteng,2026-05-14 21:44:48,122,122,50,89,,,,,51,30.5,,,
Depok,Cinere - Nafas,2026-05-14 21:44:33,155,155,61,122,,,,,0,0,,,
Bogor,Kabupaten Bogor Leuwiliang,2026-05-14 21:00:00,71,65,31,,4,10,0,71,,,,,
Tangerang,Tangerang Pasir Jaya,2026-05-14 14:00:00,-,95,49,,59,63,0,65,,,,,
Bekasi,Bekasi Kayuringin,2026-05-14 21:00:00,82,82,43,,54,13,0,2,,,,,
Jakarta,The Pakubuwono Menteng,2026-05-14 21:46:48,111,111,43,83,,,,,51,30.6,,,
Depok,Cinere - Nafas,2026-05-14 21:46:33,155,155,59,120,,,,,0,0,,,
Bogor,Kabupaten Bogor Leuwiliang,2026-05-14 21:00:00,71,65,31,,4,10,0,71,,,,,
Tangerang,Tangerang Pasir Jaya,2026-05-14 14:00:00,-,95,49,,59,63,0,65,,,,,
Bekasi,Bekasi Kayuringin,2026-05-14 21:00:00,82,82,43,,54,13,0,2,,,,,
Jakarta,The Pakubuwono Menteng,2026-05-14 21:46:48,111,111,43,83,,,,,51,30.6,,,
Depok,Cinere - Nafas,2026-05-14 21:46:33,155,155,59,120,,,,,0,0,,,
Bogor,Kabupaten Bogor Leuwiliang,2026-05-14 21:00:00,71,65,31,,4,10,0,71,,,,,
Tangerang,Tangerang Pasir Jaya,2026-05-14 14:00:00,-,95,49,,59,63,0,65,,,,,
Bekasi,Bekasi Kayuringin,2026-05-14 21:00:00,82,82,43,,54,13,0,2,,,,,
Jakarta,The Pakubuwono Menteng,2026-05-14 21:47:48,110,110,42,82,,,,,51,30.6,,,
Depok,Cinere - Nafas,2026-05-14 21:47:33,155,155,60,119,,,,,0,0,,,
Bogor,Kabupaten Bogor Leuwiliang,2026-05-14 21:00:00,71,65,31,,4,10,0,71,,,,,
Tangerang,Tangerang Pasir Jaya,2026-05-14 14:00:00,-,95,49,,59,63,0,65,,,,,
Bekasi,Bekasi Kayuringin,2026-05-14 21:00:00,82,82,43,,54,13,0,2,,,,,
Jakarta,The Pakubuwono Menteng,2026-05-14 21:47:48,110,110,42,82,,,,,51,30.6,,,
Depok,Cinere - Nafas,2026-05-14 21:47:33,155,155,60,119,,,,,0,0,,,
Bogor,Kabupaten Bogor Leuwiliang,2026-05-14 21:00:00,71,65,31,,4,10,0,71,,,,,
Tangerang,Tangerang Pasir Jaya,2026-05-14 14:00:00,-,95,49,,59,63,0,65,,,,,
Bekasi,Bekasi Kayuringin,2026-05-14 21:00:00,82,82,43,,54,13,0,2,,,,,
Jakarta,The Pakubuwono Menteng,2026-05-14 21:51:48,122,122,49,87,,,,,51,30.6,,,
Depok,Cinere - Nafas,2026-05-14 21:51:33,160,160,63,131,,,,,0,0,,,
Bogor,Kabupaten Bogor Leuwiliang,2026-05-14 21:00:00,71,65,31,,4,10,0,71,,,,,
Tangerang,Tangerang Pasir Jaya,2026-05-14 14:00:00,-,95,49,,59,63,0,65,,,,,
Bekasi,Bekasi Kayuringin,2026-05-14 21:00:00,82,82,43,,54,13,0,2,,,,,
Jakarta,The Pakubuwono Menteng,2026-05-14 21:51:48,122,122,49,87,,,,,51,30.6,,,
Depok,Cinere - Nafas,2026-05-14 21:51:33,160,160,63,131,,,,,0,0,,,
Bogor,Kabupaten Bogor Leuwiliang,2026-05-14 21:00:00,71,65,31,,4,10,0,71,,,,,
Tangerang,Tangerang Pasir Jaya,2026-05-14 14:00:00,-,95,49,,59,63,0,65,,,,,
Bekasi,Bekasi Kayuringin,2026-05-14 21:00:00,82,82,43,,54,13,0,2,,,,,
Jakarta,The Pakubuwono Menteng,2026-05-14 21:52:48,117,117,46,84,,,,,51,30.6,,,
Depok,Cinere - Nafas,2026-05-14 21:52:33,161,161,65,135,,,,,0,0,,,
Bogor,Kabupaten Bogor Leuwiliang,2026-05-14 21:00:00,71,65,31,,4,10,0,71,,,,,
Tangerang,Tangerang Pasir Jaya,2026-05-14 14:00:00,-,95,49,,59,63,0,65,,,,,
Bekasi,Bekasi Kayuringin,2026-05-14 21:00:00,82,82,43,,54,13,0,2,,,,,
Jakarta,The Pakubuwono Menteng,2026-05-14 21:54:48,125,125,50,89,,,,,51,30.6,,,
Depok,Cinere - Nafas,2026-05-14 21:54:33,162,162,67,139,,,,,0,0,,,
Bogor,Kabupaten Bogor Leuwiliang,2026-05-14 21:00:00,71,65,31,,4,10,0,71,,,,,
Tangerang,Tangerang Pasir Jaya,2026-05-14 14:00:00,-,95,49,,59,63,0,65,,,,,
Bekasi,Bekasi Kayuringin,2026-05-14 21:00:00,82,82,43,,54,13,0,2,,,,,
Jakarta,The Pakubuwono Menteng,2026-05-14 21:54:48,125,125,50,89,,,,,51,30.6,,,
Depok,Cinere - Nafas,2026-05-14 21:54:33,162,162,67,139,,,,,0,0,,,
Bogor,Kabupaten Bogor Leuwiliang,2026-05-14 21:00:00,71,65,31,,4,10,0,71,,,,,
Tangerang,Tangerang Pasir Jaya,2026-05-14 14:00:00,-,95,49,,59,63,0,65,,,,,
Bekasi,Bekasi Kayuringin,2026-05-14 21:00:00,82,82,43,,54,13,0,2,,,,,
Jakarta,The Pakubuwono Menteng,2026-05-14 21:55:48,118,118,48,87,,,,,51,30.6,,,
Depok,Cinere - Nafas,2026-05-14 21:55:33,166,166,69,143,,,,,0,0,,,
Bogor,Kabupaten Bogor Leuwiliang,2026-05-14 21:00:00,71,65,31,,4,10,0,71,,,,,
Tangerang,Tangerang Pasir Jaya,2026-05-14 14:00:00,-,95,49,,59,63,0,65,,,,,
Bekasi,Bekasi Kayuringin,2026-05-14 21:00:00,82,82,43,,54,13,0,2,,,,,
Jakarta,The Pakubuwono Menteng,2026-05-14 21:57:48,108,108,41,83,,,,,51,30.7,,,
Depok,Cinere - Nafas,2026-05-14 21:58:33,169,169,74,152,,,,,0,0,,,
Bogor,Kabupaten Bogor Leuwiliang,2026-05-14 21:00:00,71,65,31,,4,10,0,71,,,,,
Tangerang,Tangerang Pasir Jaya,2026-05-14 14:00:00,-,95,49,,59,63,0,65,,,,,
Bekasi,Bekasi Kayuringin,2026-05-14 21:00:00,82,82,43,,54,13,0,2,,,,,
Jakarta,The Pakubuwono Menteng,2026-05-14 21:57:48,108,108,41,83,,,,,51,30.7,,,
Depok,Cinere - Nafas,2026-05-14 21:58:33,169,169,74,152,,,,,0,0,,,
Bogor,Kabupaten Bogor Leuwiliang,2026-05-14 21:00:00,71,65,31,,4,10,0,71,,,,,
Tangerang,Tangerang Pasir Jaya,2026-05-14 14:00:00,-,95,49,,59,63,0,65,,,,,
Bekasi,Bekasi Kayuringin,2026-05-14 21:00:00,82,82,43,,54,13,0,2,,,,,
Jakarta,The Pakubuwono Menteng,2026-05-14 21:57:48,108,108,41,83,,,,,51,30.7,,,
Depok,Cinere - Nafas,2026-05-14 21:58:33,169,169,74,152,,,,,0,0,,,
Bogor,Kabupaten Bogor Leuwiliang,2026-05-14 21:00:00,71,65,31,,4,10,0,71,,,,,
Tangerang,Tangerang Pasir Jaya,2026-05-14 14:00:00,-,95,49,,59,63,0,65,,,,,
Bekasi,Bekasi Kayuringin,2026-05-14 21:00:00,82,82,43,,54,13,0,2,,,,,
Jakarta,The Pakubuwono Menteng,2026-05-14 21:58:48,110,110,42,83,,,,,51,30.6,,,
Depok,Cinere - Nafas,2026-05-14 21:59:33,169,169,73,152,,,,,0,0,,,
Bogor,Kabupaten Bogor Leuwiliang,2026-05-14 21:00:00,71,65,31,,4,10,0,71,,,,,
Tangerang,Tangerang Pasir Jaya,2026-05-14 14:00:00,-,95,49,,59,63,0,65,,,,,
Bekasi,Bekasi Kayuringin,2026-05-14 21:00:00,82,82,43,,54,13,0,2,,,,,
Jakarta,The Pakubuwono Menteng,2026-05-14 22:02:48,111,111,44,81,,,,,51,30.7,,,
Depok,Cinere - Nafas,2026-05-14 22:02:33,169,169,73,152,,,,,0,0,,,
Bogor,Kabupaten Bogor Leuwiliang,2026-05-14 21:00:00,71,65,31,,4,10,0,71,,,,,
Tangerang,Tangerang Pasir Jaya,2026-05-14 14:00:00,-,95,49,,59,63,0,65,,,,,
Bekasi,Bekasi Kayuringin,2026-05-14 21:00:00,82,82,43,,54,13,0,2,,,,,
Jakarta,The Pakubuwono Menteng,2026-05-14 22:02:48,111,111,44,81,,,,,51,30.7,,,
Depok,Cinere - Nafas,2026-05-14 22:02:33,169,169,73,152,,,,,0,0,,,
Bogor,Kabupaten Bogor Leuwiliang,2026-05-14 21:00:00,71,65,31,,4,10,0,71,,,,,
Tangerang,Tangerang Pasir Jaya,2026-05-14 14:00:00,-,95,49,,59,63,0,65,,,,,
Bekasi,Bekasi Kayuringin,2026-05-14 21:00:00,82,82,43,,54,13,0,2,,,,,
Jakarta,The Pakubuwono Menteng,2026-05-14 22:04:48,117,117,47,84,,,,,51,30.7,,,
Depok,Cinere - Nafas,2026-05-14 22:04:33,170,170,72,152,,,,,0,0,,,
Bogor,Kabupaten Bogor Leuwiliang,2026-05-14 21:00:00,71,65,31,,4,10,0,71,,,,,
Tangerang,Tangerang Pasir Jaya,2026-05-14 14:00:00,-,95,49,,59,63,0,65,,,,,
Bekasi,Bekasi Kayuringin,2026-05-14 21:00:00,82,82,43,,54,13,0,2,,,,,
Jakarta,The Pakubuwono Menteng,2026-05-14 22:06:48,122,122,49,87,,,,,50,30.7,,,
Depok,Cinere - Nafas,2026-05-14 22:06:34,169,169,74,153,,,,,0,0,,,
Bogor,Kabupaten Bogor Leuwiliang,2026-05-14 22:00:00,71,66,32,,4,10,0,71,,,,,
Tangerang,Tangerang Pasir Jaya,2026-05-14 14:00:00,-,95,49,,59,63,0,65,,,,,
Bekasi,Bekasi Kayuringin,2026-05-14 22:00:00,86,86,45,,54,13,0,2,,,,,
Jakarta,The Pakubuwono Menteng,2026-05-14 22:06:48,122,122,49,87,,,,,50,30.7,,,
Depok,Cinere - Nafas,2026-05-14 22:06:34,169,169,74,153,,,,,0,0,,,
Bogor,Kabupaten Bogor Leuwiliang,2026-05-14 22:00:00,71,66,32,,4,10,0,71,,,,,
Tangerang,Tangerang Pasir Jaya,2026-05-14 14:00:00,-,95,49,,59,63,0,65,,,,,
Bekasi,Bekasi Kayuringin,2026-05-14 22:00:00,86,86,45,,54,13,0,2,,,,,
Jakarta,The Pakubuwono Menteng,2026-05-14 22:08:48,131,131,52,94,,,,,50,30.7,,,
Depok,Cinere - Nafas,2026-05-14 22:08:33,170,170,75,152,,,,,0,0,,,
Bogor,Kabupaten Bogor Leuwiliang,2026-05-14 22:00:00,71,66,32,,4,10,0,71,,,,,
Tangerang,Tangerang Pasir Jaya,2026-05-14 14:00:00,-,95,49,,59,63,0,65,,,,,
Bekasi,Bekasi Kayuringin,2026-05-14 22:00:00,86,86,45,,54,13,0,2,,,,,
Jakarta,The Pakubuwono Menteng,2026-05-14 22:08:48,131,131,52,94,,,,,50,30.7,,,
Depok,Cinere - Nafas,2026-05-14 22:08:33,170,170,75,152,,,,,0,0,,,
Bogor,Kabupaten Bogor Leuwiliang,2026-05-14 22:00:00,71,66,32,,4,10,0,71,,,,,
Tangerang,Tangerang Pasir Jaya,2026-05-14 14:00:00,-,95,49,,59,63,0,65,,,,,
Bekasi,Bekasi Kayuringin,2026-05-14 22:00:00,86,86,45,,54,13,0,2,,,,,
Jakarta,The Pakubuwono Menteng,2026-05-14 22:09:48,126,126,50,90,,,,,50,30.7,,,
Depok,Cinere - Nafas,2026-05-14 22:09:34,168,168,72,152,,,,,0,0,,,
Bogor,Kabupaten Bogor Leuwiliang,2026-05-14 22:00:00,71,66,32,,4,10,0,71,,,,,
Tangerang,Tangerang Pasir Jaya,2026-05-14 14:00:00,-,95,49,,59,63,0,65,,,,,
Bekasi,Bekasi Kayuringin,2026-05-14 22:00:00,86,86,45,,54,13,0,2,,,,,
Jakarta,The Pakubuwono Menteng,2026-05-14 22:11:48,123,123,49,87,,,,,50,30.7,,,
Depok,Cinere - Nafas,2026-05-14 22:11:34,168,168,72,151,,,,,0,0,,,
Bogor,Kabupaten Bogor Leuwiliang,2026-05-14 22:00:00,71,66,32,,4,10,0,71,,,,,
Tangerang,Tangerang Pasir Jaya,2026-05-14 14:00:00,-,95,49,,59,63,0,65,,,,,
Bekasi,Bekasi Kayuringin,2026-05-14 22:00:00,86,86,45,,54,13,0,2,,,,,
Jakarta,The Pakubuwono Menteng,2026-05-14 22:13:48,117,117,47,87,,,,,50,30.7,,,
Depok,Cinere - Nafas,2026-05-14 22:13:34,168,168,72,152,,,,,0,0,,,
Bogor,Kabupaten Bogor Leuwiliang,2026-05-14 22:00:00,71,66,32,,4,10,0,71,,,,,
Tangerang,Tangerang Pasir Jaya,2026-05-14 14:00:00,-,95,49,,59,63,0,65,,,,,
Bekasi,Bekasi Kayuringin,2026-05-14 22:00:00,86,86,45,,54,13,0,2,,,,,
Jakarta,The Pakubuwono Menteng,2026-05-14 22:15:48,123,123,50,89,,,,,50,30.7,,,
Depok,Cinere - Nafas,2026-05-14 22:15:34,169,169,72,151,,,,,0,0,,,
Bogor,Kabupaten Bogor Leuwiliang,2026-05-14 22:00:00,71,66,32,,4,10,0,71,,,,,
Tangerang,Tangerang Pasir Jaya,2026-05-14 14:00:00,-,95,49,,59,63,0,65,,,,,
Bekasi,Bekasi Kayuringin,2026-05-14 22:00:00,86,86,45,,54,13,0,2,,,,,
Jakarta,The Pakubuwono Menteng,2026-05-14 22:15:48,123,123,50,89,,,,,50,30.7,,,
Depok,Cinere - Nafas,2026-05-14 22:15:34,169,169,72,151,,,,,0,0,,,
Bogor,Kabupaten Bogor Leuwiliang,2026-05-14 22:00:00,71,66,32,,4,10,0,71,,,,,
Tangerang,Tangerang Pasir Jaya,2026-05-14 14:00:00,-,95,49,,59,63,0,65,,,,,
Bekasi,Bekasi Kayuringin,2026-05-14 22:00:00,86,86,45,,54,13,0,2,,,,,
Jakarta,The Pakubuwono Menteng,2026-05-14 22:16:48,115,115,46,84,,,,,50,30.7,,,
Depok,Cinere - Nafas,2026-05-14 22:16:34,169,169,72,151,,,,,0,0,,,
Bogor,Kabupaten Bogor Leuwiliang,2026-05-14 22:00:00,71,66,32,,4,10,0,71,,,,,
Tangerang,Tangerang Pasir Jaya,2026-05-14 14:00:00,-,95,49,,59,63,0,65,,,,,
Bekasi,Bekasi Kayuringin,2026-05-14 22:00:00,86,86,45,,54,13,0,2,,,,,
Jakarta,The Pakubuwono Menteng,2026-05-14 22:18:48,121,121,47,86,,,,,50,30.7,,,
Depok,Cinere - Nafas,2026-05-14 22:18:34,170,170,73,152,,,,,0,0,,,
Bogor,Kabupaten Bogor Leuwiliang,2026-05-14 22:00:00,71,66,32,,4,10,0,71,,,,,
Tangerang,Tangerang Pasir Jaya,2026-05-14 14:00:00,-,95,49,,59,63,0,65,,,,,
Bekasi,Bekasi Kayuringin,2026-05-14 22:00:00,86,86,45,,54,13,0,2,,,,,
Jakarta,The Pakubuwono Menteng,2026-05-14 22:18:48,121,121,47,86,,,,,50,30.7,,,
Depok,Cinere - Nafas,2026-05-14 22:18:34,170,170,73,152,,,,,0,0,,,
Bogor,Kabupaten Bogor Leuwiliang,2026-05-14 22:00:00,71,66,32,,4,10,0,71,,,,,
Tangerang,Tangerang Pasir Jaya,2026-05-14 14:00:00,-,95,49,,59,63,0,65,,,,,
Bekasi,Bekasi Kayuringin,2026-05-14 22:00:00,86,86,45,,54,13,0,2,,,,,
Jakarta,The Pakubuwono Menteng,2026-05-14 22:20:49,123,123,51,89,,,,,50,30.7,,,
Depok,Cinere - Nafas,2026-05-14 22:20:34,169,169,72,152,,,,,0,0,,,
Bogor,Kabupaten Bogor Leuwiliang,2026-05-14 22:00:00,71,66,32,,4,10,0,71,,,,,
Tangerang,Tangerang Pasir Jaya,2026-05-14 14:00:00,-,95,49,,59,63,0,65,,,,,
Bekasi,Bekasi Kayuringin,2026-05-14 22:00:00,86,86,45,,54,13,0,2,,,,,
Jakarta,The Pakubuwono Menteng,2026-05-14 22:20:49,123,123,51,89,,,,,50,30.7,,,
Depok,Cinere - Nafas,2026-05-14 22:20:34,169,169,72,152,,,,,0,0,,,
Bogor,Kabupaten Bogor Leuwiliang,2026-05-14 22:00:00,71,66,32,,4,10,0,71,,,,,
Tangerang,Tangerang Pasir Jaya,2026-05-14 14:00:00,-,95,49,,59,63,0,65,,,,,
Bekasi,Bekasi Kayuringin,2026-05-14 22:00:00,86,86,45,,54,13,0,2,,,,,
Jakarta,The Pakubuwono Menteng,2026-05-14 22:21:49,129,129,52,93,,,,,50,30.7,,,
Depok,Cinere - Nafas,2026-05-14 22:21:34,168,168,72,151,,,,,0,0,,,
Bogor,Kabupaten Bogor Leuwiliang,2026-05-14 22:00:00,71,66,32,,4,10,0,71,,,,,
Tangerang,Tangerang Pasir Jaya,2026-05-14 14:00:00,-,95,49,,59,63,0,65,,,,,
Bekasi,Bekasi Kayuringin,2026-05-14 22:00:00,86,86,45,,54,13,0,2,,,,,
Jakarta,The Pakubuwono Menteng,2026-05-14 22:24:49,137,137,53,96,,,,,50,30.6,,,
Depok,Cinere - Nafas,2026-05-14 22:24:34,170,170,72,152,,,,,0,0,,,
Bogor,Kabupaten Bogor Leuwiliang,2026-05-14 22:00:00,71,66,32,,4,10,0,71,,,,,
Tangerang,Tangerang Pasir Jaya,2026-05-14 14:00:00,-,95,49,,59,63,0,65,,,,,
Bekasi,Bekasi Kayuringin,2026-05-14 22:00:00,86,86,45,,54,13,0,2,,,,,
Jakarta,The Pakubuwono Menteng,2026-05-14 22:25:49,132,132,53,95,,,,,50,30.6,,,
Depok,Cinere - Nafas,2026-05-14 22:25:34,166,166,69,151,,,,,0,0,,,
Bogor,Kabupaten Bogor Leuwiliang,2026-05-14 22:00:00,71,66,32,,4,10,0,71,,,,,
Tangerang,Tangerang Pasir Jaya,2026-05-14 14:00:00,-,95,49,,59,63,0,65,,,,,
Bekasi,Bekasi Kayuringin,2026-05-14 22:00:00,86,86,45,,54,13,0,2,,,,,
Jakarta,The Pakubuwono Menteng,2026-05-14 22:27:49,129,129,51,93,,,,,51,30.7,,,
Depok,Cinere - Nafas,2026-05-14 22:27:34,166,166,71,150,,,,,0,0,,,
Bogor,Kabupaten Bogor Leuwiliang,2026-05-14 22:00:00,71,66,32,,4,10,0,71,,,,,
Tangerang,Tangerang Pasir Jaya,2026-05-14 14:00:00,-,95,49,,59,63,0,65,,,,,
Bekasi,Bekasi Kayuringin,2026-05-14 22:00:00,86,86,45,,54,13,0,2,,,,,
Jakarta,The Pakubuwono Menteng,2026-05-14 22:27:49,129,129,51,93,,,,,51,30.7,,,
Depok,Cinere - Nafas,2026-05-14 22:27:34,166,166,71,150,,,,,0,0,,,
Bogor,Kabupaten Bogor Leuwiliang,2026-05-14 22:00:00,71,66,32,,4,10,0,71,,,,,
Tangerang,Tangerang Pasir Jaya,2026-05-14 14:00:00,-,95,49,,59,63,0,65,,,,,
Bekasi,Bekasi Kayuringin,2026-05-14 22:00:00,86,86,45,,54,13,0,2,,,,,
Jakarta,The Pakubuwono Menteng,2026-05-14 22:29:49,129,129,52,93,,,,,50,30.6,,,
Depok,Cinere - Nafas,2026-05-14 22:29:34,165,165,68,149,,,,,0,0,,,
Bogor,Kabupaten Bogor Leuwiliang,2026-05-14 22:00:00,71,66,32,,4,10,0,71,,,,,
Tangerang,Tangerang Pasir Jaya,2026-05-14 14:00:00,-,95,49,,59,63,0,65,,,,,
Bekasi,Bekasi Kayuringin,2026-05-14 22:00:00,86,86,45,,54,13,0,2,,,,,
Jakarta,The Pakubuwono Menteng,2026-05-14 22:29:49,129,129,52,93,,,,,50,30.6,,,
Depok,Cinere - Nafas,2026-05-14 22:29:34,165,165,68,149,,,,,0,0,,,
Bogor,Kabupaten Bogor Leuwiliang,2026-05-14 22:00:00,71,66,32,,4,10,0,71,,,,,
Tangerang,Tangerang Pasir Jaya,2026-05-14 14:00:00,-,95,49,,59,63,0,65,,,,,
Bekasi,Bekasi Kayuringin,2026-05-14 22:00:00,86,86,45,,54,13,0,2,,,,,
Jakarta,The Pakubuwono Menteng,2026-05-14 22:30:49,134,134,54,95,,,,,50,30.6,,,
Depok,Cinere - Nafas,2026-05-14 22:31:34,165,165,68,150,,,,,0,0,,,
Bogor,Kabupaten Bogor Leuwiliang,2026-05-14 22:00:00,71,66,32,,4,10,0,71,,,,,
Tangerang,Tangerang Pasir Jaya,2026-05-14 14:00:00,-,95,49,,59,63,0,65,,,,,
Bekasi,Bekasi Kayuringin,2026-05-14 22:00:00,86,86,45,,54,13,0,2,,,,,
Jakarta,The Pakubuwono Menteng,2026-05-14 22:30:49,134,134,54,95,,,,,50,30.6,,,
Depok,Cinere - Nafas,2026-05-14 22:31:34,165,165,68,150,,,,,0,0,,,
Bogor,Kabupaten Bogor Leuwiliang,2026-05-14 22:00:00,71,66,32,,4,10,0,71,,,,,
Tangerang,Tangerang Pasir Jaya,2026-05-14 14:00:00,-,95,49,,59,63,0,65,,,,,
Bekasi,Bekasi Kayuringin,2026-05-14 22:00:00,86,86,45,,54,13,0,2,,,,,
Jakarta,The Pakubuwono Menteng,2026-05-14 22:30:49,134,134,54,95,,,,,50,30.6,,,
Depok,Cinere - Nafas,2026-05-14 22:31:34,165,165,68,150,,,,,0,0,,,
Bogor,Kabupaten Bogor Leuwiliang,2026-05-14 22:00:00,71,66,32,,4,10,0,71,,,,,
Tangerang,Tangerang Pasir Jaya,2026-05-14 14:00:00,-,95,49,,59,63,0,65,,,,,
Bekasi,Bekasi Kayuringin,2026-05-14 22:00:00,86,86,45,,54,13,0,2,,,,,
Jakarta,The Pakubuwono Menteng,2026-05-14 22:34:49,125,125,50,90,,,,,51,30.7,,,
Depok,Cinere - Nafas,2026-05-14 22:35:34,165,165,68,145,,,,,0,0,,,
Bogor,Kabupaten Bogor Leuwiliang,2026-05-14 22:00:00,71,66,32,,4,10,0,71,,,,,
Tangerang,Tangerang Pasir Jaya,2026-05-14 14:00:00,-,95,49,,59,63,0,65,,,,,
Bekasi,Bekasi Kayuringin,2026-05-14 22:00:00,86,86,45,,54,13,0,2,,,,,
Jakarta,The Pakubuwono Menteng,2026-05-14 22:35:49,125,125,51,91,,,,,50,30.7,,,
Depok,Cinere - Nafas,2026-05-14 22:35:34,165,165,68,145,,,,,0,0,,,
Bogor,Kabupaten Bogor Leuwiliang,2026-05-14 22:00:00,71,66,32,,4,10,0,71,,,,,
Tangerang,Tangerang Pasir Jaya,2026-05-14 14:00:00,-,95,49,,59,63,0,65,,,,,
Bekasi,Bekasi Kayuringin,2026-05-14 22:00:00,86,86,45,,54,13,0,2,,,,,
Jakarta,The Pakubuwono Menteng,2026-05-14 22:37:49,128,128,51,93,,,,,50,30.7,,,
Depok,Cinere - Nafas,2026-05-14 22:37:34,166,166,69,150,,,,,0,0,,,
Bogor,Kabupaten Bogor Leuwiliang,2026-05-14 22:00:00,71,66,32,,4,10,0,71,,,,,
Tangerang,Tangerang Pasir Jaya,2026-05-14 14:00:00,-,95,49,,59,63,0,65,,,,,
Bekasi,Bekasi Kayuringin,2026-05-14 22:00:00,86,86,45,,54,13,0,2,,,,,
Jakarta,The Pakubuwono Menteng,2026-05-14 22:39:49,122,122,48,89,,,,,51,30.7,,,
Depok,Cinere - Nafas,2026-05-14 22:39:34,165,165,69,148,,,,,0,0,,,
Bogor,Kabupaten Bogor Leuwiliang,2026-05-14 22:00:00,71,66,32,,4,10,0,71,,,,,
Tangerang,Tangerang Pasir Jaya,2026-05-14 14:00:00,-,95,49,,59,63,0,65,,,,,
Bekasi,Bekasi Kayuringin,2026-05-14 22:00:00,86,86,45,,54,13,0,2,,,,,
Jakarta,The Pakubuwono Menteng,2026-05-14 22:39:49,122,122,48,89,,,,,51,30.7,,,
Depok,Cinere - Nafas,2026-05-14 22:39:34,165,165,69,148,,,,,0,0,,,
Bogor,Kabupaten Bogor Leuwiliang,2026-05-14 22:00:00,71,66,32,,4,10,0,71,,,,,
Tangerang,Tangerang Pasir Jaya,2026-05-14 14:00:00,-,95,49,,59,63,0,65,,,,,
Bekasi,Bekasi Kayuringin,2026-05-14 22:00:00,86,86,45,,54,13,0,2,,,,,
Jakarta,The Pakubuwono Menteng,2026-05-14 22:41:49,120,120,48,88,,,,,50,30.7,,,
Depok,Cinere - Nafas,2026-05-14 22:41:34,166,166,71,151,,,,,0,0,,,
Bogor,Kabupaten Bogor Leuwiliang,2026-05-14 22:00:00,71,66,32,,4,10,0,71,,,,,
Tangerang,Tangerang Pasir Jaya,2026-05-14 14:00:00,-,95,49,,59,63,0,65,,,,,
Bekasi,Bekasi Kayuringin,2026-05-14 22:00:00,86,86,45,,54,13,0,2,,,,,
Jakarta,The Pakubuwono Menteng,2026-05-14 22:41:49,120,120,48,88,,,,,50,30.7,,,
Depok,Cinere - Nafas,2026-05-14 22:41:34,166,166,71,151,,,,,0,0,,,
Bogor,Kabupaten Bogor Leuwiliang,2026-05-14 22:00:00,71,66,32,,4,10,0,71,,,,,
Tangerang,Tangerang Pasir Jaya,2026-05-14 14:00:00,-,95,49,,59,63,0,65,,,,,
Bekasi,Bekasi Kayuringin,2026-05-14 22:00:00,86,86,45,,54,13,0,2,,,,,
Jakarta,The Pakubuwono Menteng,2026-05-14 22:42:49,120,120,48,88,,,,,50,30.7,,,
Depok,Cinere - Nafas,2026-05-14 22:42:34,166,166,68,148,,,,,0,0,,,
Bogor,Kabupaten Bogor Leuwiliang,2026-05-14 22:00:00,71,66,32,,4,10,0,71,,,,,
Tangerang,Tangerang Pasir Jaya,2026-05-14 14:00:00,-,95,49,,59,63,0,65,,,,,
Bekasi,Bekasi Kayuringin,2026-05-14 22:00:00,86,86,45,,54,13,0,2,,,,,
Jakarta,The Pakubuwono Menteng,2026-05-14 22:44:49,116,116,47,90,,,,,50,30.7,,,
Depok,Cinere - Nafas,2026-05-14 22:44:34,166,166,69,147,,,,,0,0,,,
Bogor,Kabupaten Bogor Leuwiliang,2026-05-14 22:00:00,71,66,32,,4,10,0,71,,,,,
Tangerang,Tangerang Pasir Jaya,2026-05-14 14:00:00,-,95,49,,59,63,0,65,,,,,
Bekasi,Bekasi Kayuringin,2026-05-14 22:00:00,86,86,45,,54,13,0,2,,,,,
Jakarta,The Pakubuwono Menteng,2026-05-14 22:46:49,118,118,48,85,,,,,50,30.8,,,
Depok,Cinere - Nafas,2026-05-14 22:46:34,165,165,68,150,,,,,0,0,,,
Bogor,Kabupaten Bogor Leuwiliang,2026-05-14 22:00:00,71,66,32,,4,10,0,71,,,,,
Tangerang,Tangerang Pasir Jaya,2026-05-14 14:00:00,-,95,49,,59,63,0,65,,,,,
Bekasi,Bekasi Kayuringin,2026-05-14 22:00:00,86,86,45,,54,13,0,2,,,,,
Jakarta,The Pakubuwono Menteng,2026-05-14 22:47:49,115,115,45,83,,,,,50,30.7,,,
Depok,Cinere - Nafas,2026-05-14 22:47:35,166,166,70,145,,,,,0,0,,,
Bogor,Kabupaten Bogor Leuwiliang,2026-05-14 22:00:00,71,66,32,,4,10,0,71,,,,,
Tangerang,Tangerang Pasir Jaya,2026-05-14 14:00:00,-,95,49,,59,63,0,65,,,,,
Bekasi,Bekasi Kayuringin,2026-05-14 22:00:00,86,86,45,,54,13,0,2,,,,,
Jakarta,The Pakubuwono Menteng,2026-05-14 22:47:49,115,115,45,83,,,,,50,30.7,,,
Depok,Cinere - Nafas,2026-05-14 22:47:35,166,166,70,145,,,,,0,0,,,
Bogor,Kabupaten Bogor Leuwiliang,2026-05-14 22:00:00,71,66,32,,4,10,0,71,,,,,
Tangerang,Tangerang Pasir Jaya,2026-05-14 14:00:00,-,95,49,,59,63,0,65,,,,,
Bekasi,Bekasi Kayuringin,2026-05-14 22:00:00,86,86,45,,54,13,0,2,,,,,
Jakarta,The Pakubuwono Menteng,2026-05-14 22:49:49,114,114,44,84,,,,,50,30.8,,,
Depok,Cinere - Nafas,2026-05-14 22:49:34,164,164,68,147,,,,,0,0,,,
Bogor,Kabupaten Bogor Leuwiliang,2026-05-14 22:00:00,71,66,32,,4,10,0,71,,,,,
Tangerang,Tangerang Pasir Jaya,2026-05-14 14:00:00,-,95,49,,59,63,0,65,,,,,
Bekasi,Bekasi Kayuringin,2026-05-14 22:00:00,86,86,45,,54,13,0,2,,,,,
Jakarta,The Pakubuwono Menteng,2026-05-14 22:49:49,114,114,44,84,,,,,50,30.8,,,
Depok,Cinere - Nafas,2026-05-14 22:49:34,164,164,68,147,,,,,0,0,,,
Bogor,Kabupaten Bogor Leuwiliang,2026-05-14 22:00:00,71,66,32,,4,10,0,71,,,,,
Tangerang,Tangerang Pasir Jaya,2026-05-14 14:00:00,-,95,49,,59,63,0,65,,,,,
Bekasi,Bekasi Kayuringin,2026-05-14 22:00:00,86,86,45,,54,13,0,2,,,,,
Jakarta,The Pakubuwono Menteng,2026-05-14 22:51:49,112,112,44,81,,,,,50,30.8,,,
Depok,Cinere - Nafas,2026-05-14 22:51:34,166,166,69,148,,,,,0,0,,,
Bogor,Kabupaten Bogor Leuwiliang,2026-05-14 22:00:00,71,66,32,,4,10,0,71,,,,,
Tangerang,Tangerang Pasir Jaya,2026-05-14 14:00:00,-,95,49,,59,63,0,65,,,,,
Bekasi,Bekasi Kayuringin,2026-05-14 22:00:00,86,86,45,,54,13,0,2,,,,,
Jakarta,The Pakubuwono Menteng,2026-05-14 22:53:49,112,112,44,84,,,,,50,30.8,,,
Depok,Cinere - Nafas,2026-05-14 22:53:34,167,167,71,151,,,,,0,0,,,
Bogor,Kabupaten Bogor Leuwiliang,2026-05-14 22:00:00,71,66,32,,4,10,0,71,,,,,
Tangerang,Tangerang Pasir Jaya,2026-05-14 14:00:00,-,95,49,,59,63,0,65,,,,,
Bekasi,Bekasi Kayuringin,2026-05-14 22:00:00,86,86,45,,54,13,0,2,,,,,
Jakarta,The Pakubuwono Menteng,2026-05-14 22:53:49,112,112,44,84,,,,,50,30.8,,,
Depok,Cinere - Nafas,2026-05-14 22:53:34,167,167,71,151,,,,,0,0,,,
Bogor,Kabupaten Bogor Leuwiliang,2026-05-14 22:00:00,71,66,32,,4,10,0,71,,,,,
Tangerang,Tangerang Pasir Jaya,2026-05-14 14:00:00,-,95,49,,59,63,0,65,,,,,
Bekasi,Bekasi Kayuringin,2026-05-14 22:00:00,86,86,45,,54,13,0,2,,,,,
Jakarta,The Pakubuwono Menteng,2026-05-14 22:54:50,111,111,45,83,,,,,50,30.8,,,
Depok,Cinere - Nafas,2026-05-14 22:56:34,167,167,70,151,,,,,0,0,,,
Bogor,Kabupaten Bogor Leuwiliang,2026-05-14 22:00:00,71,66,32,,4,10,0,71,,,,,
Tangerang,Tangerang Pasir Jaya,2026-05-14 14:00:00,-,95,49,,59,63,0,65,,,,,
Bekasi,Bekasi Kayuringin,2026-05-14 22:00:00,86,86,45,,54,13,0,2,,,,,
Jakarta,The Pakubuwono Menteng,2026-05-14 22:56:49,116,116,46,84,,,,,50,30.8,,,
Depok,Cinere - Nafas,2026-05-14 22:56:34,167,167,70,151,,,,,0,0,,,
Bogor,Kabupaten Bogor Leuwiliang,2026-05-14 22:00:00,71,66,32,,4,10,0,71,,,,,
Tangerang,Tangerang Pasir Jaya,2026-05-14 14:00:00,-,95,49,,59,63,0,65,,,,,
Bekasi,Bekasi Kayuringin,2026-05-14 22:00:00,86,86,45,,54,13,0,2,,,,,
Jakarta,The Pakubuwono Menteng,2026-05-14 22:57:50,118,118,49,87,,,,,50,30.8,,,
Depok,Cinere - Nafas,2026-05-14 22:57:34,170,170,74,152,,,,,0,0,,,
Bogor,Kabupaten Bogor Leuwiliang,2026-05-14 22:00:00,71,66,32,,4,10,0,71,,,,,
Tangerang,Tangerang Pasir Jaya,2026-05-14 14:00:00,-,95,49,,59,63,0,65,,,,,
Bekasi,Bekasi Kayuringin,2026-05-14 22:00:00,86,86,45,,54,13,0,2,,,,,
Jakarta,The Pakubuwono Menteng,2026-05-14 22:57:50,118,118,49,87,,,,,50,30.8,,,
Depok,Cinere - Nafas,2026-05-14 22:57:34,170,170,74,152,,,,,0,0,,,
Bogor,Kabupaten Bogor Leuwiliang,2026-05-14 22:00:00,71,66,32,,4,10,0,71,,,,,
Tangerang,Tangerang Pasir Jaya,2026-05-14 14:00:00,-,95,49,,59,63,0,65,,,,,
Bekasi,Bekasi Kayuringin,2026-05-14 22:00:00,86,86,45,,54,13,0,2,,,,,
Jakarta,The Pakubuwono Menteng,2026-05-14 22:57:50,118,118,49,87,,,,,50,30.8,,,
Depok,Cinere - Nafas,2026-05-14 22:57:34,170,170,74,152,,,,,0,0,,,
Bogor,Kabupaten Bogor Leuwiliang,2026-05-14 22:00:00,71,66,32,,4,10,0,71,,,,,
Tangerang,Tangerang Pasir Jaya,2026-05-14 14:00:00,-,95,49,,59,63,0,65,,,,,
Bekasi,Bekasi Kayuringin,2026-05-14 22:00:00,86,86,45,,54,13,0,2,,,,,
Jakarta,The Pakubuwono Menteng,2026-05-14 22:57:50,118,118,49,87,,,,,50,30.8,,,
Depok,Cinere - Nafas,2026-05-14 22:57:34,170,170,74,152,,,,,0,0,,,
Bogor,Kabupaten Bogor Leuwiliang,2026-05-14 22:00:00,71,66,32,,4,10,0,71,,,,,
Tangerang,Tangerang Pasir Jaya,2026-05-14 14:00:00,-,95,49,,59,63,0,65,,,,,
Bekasi,Bekasi Kayuringin,2026-05-14 22:00:00,86,86,45,,54,13,0,2,,,,,
Jakarta,The Pakubuwono Menteng,2026-05-14 22:57:50,118,118,49,87,,,,,50,30.8,,,
Depok,Cinere - Nafas,2026-05-14 22:57:34,170,170,74,152,,,,,0,0,,,
Bogor,Kabupaten Bogor Leuwiliang,2026-05-14 22:00:00,71,66,32,,4,10,0,71,,,,,
Tangerang,Tangerang Pasir Jaya,2026-05-14 14:00:00,-,95,49,,59,63,0,65,,,,,
Bekasi,Bekasi Kayuringin,2026-05-14 22:00:00,86,86,45,,54,13,0,2,,,,,
Jakarta,The Pakubuwono Menteng,2026-05-14 22:58:49,119,119,47,88,,,,,50,30.8,,,
Depok,Cinere - Nafas,2026-05-14 22:58:34,171,171,75,153,,,,,0,0,,,
Bogor,Kabupaten Bogor Leuwiliang,2026-05-14 22:00:00,71,66,32,,4,10,0,71,,,,,
Tangerang,Tangerang Pasir Jaya,2026-05-14 14:00:00,-,95,49,,59,63,0,65,,,,,
Bekasi,Bekasi Kayuringin,2026-05-14 22:00:00,86,86,45,,54,13,0,2,,,,,
Jakarta,The Pakubuwono Menteng,2026-05-14 23:05:50,114,114,45,84,,,,,50,30.7,,,
Depok,Cinere - Nafas,2026-05-14 23:06:34,176,176,79,156,,,,,0,0,,,
Bogor,Kabupaten Bogor Leuwiliang,2026-05-14 23:00:00,71,66,32,,4,10,0,71,,,,,
Tangerang,Tangerang Pasir Jaya,2026-05-14 14:00:00,-,95,49,,59,63,0,65,,,,,
Bekasi,Bekasi Kayuringin,2026-05-14 23:00:00,87,87,45,,55,13,0,2,,,,,
Jakarta,The Pakubuwono Menteng,2026-05-14 23:05:50,114,114,45,84,,,,,50,30.7,,,
Depok,Cinere - Nafas,2026-05-14 23:06:34,176,176,79,156,,,,,0,0,,,
Bogor,Kabupaten Bogor Leuwiliang,2026-05-14 23:00:00,71,66,32,,4,10,0,71,,,,,
Tangerang,Tangerang Pasir Jaya,2026-05-14 14:00:00,-,95,49,,59,63,0,65,,,,,
Bekasi,Bekasi Kayuringin,2026-05-14 23:00:00,87,87,45,,55,13,0,2,,,,,
Jakarta,The Pakubuwono Menteng,2026-05-14 23:06:50,116,116,45,85,,,,,50,30.7,,,
Depok,Cinere - Nafas,2026-05-14 23:07:34,174,174,78,155,,,,,0,0,,,
Bogor,Kabupaten Bogor Leuwiliang,2026-05-14 23:00:00,71,66,32,,4,10,0,71,,,,,
Tangerang,Tangerang Pasir Jaya,2026-05-14 14:00:00,-,95,49,,59,63,0,65,,,,,
Bekasi,Bekasi Kayuringin,2026-05-14 23:00:00,87,87,45,,55,13,0,2,,,,,
Jakarta,The Pakubuwono Menteng,2026-05-14 23:08:50,127,127,51,89,,,,,50,30.7,,,
Depok,Cinere - Nafas,2026-05-14 23:08:34,173,173,76,153,,,,,0,0,,,
Bogor,Kabupaten Bogor Leuwiliang,2026-05-14 23:00:00,71,66,32,,4,10,0,71,,,,,
Tangerang,Tangerang Pasir Jaya,2026-05-14 14:00:00,-,95,49,,59,63,0,65,,,,,
Bekasi,Bekasi Kayuringin,2026-05-14 23:00:00,87,87,45,,55,13,0,2,,,,,
Jakarta,The Pakubuwono Menteng,2026-05-14 23:11:50,119,119,48,89,,,,,50,30.7,,,
Depok,Cinere - Nafas,2026-05-14 23:08:34,173,173,76,153,,,,,0,0,,,
Bogor,Kabupaten Bogor Leuwiliang,2026-05-14 23:00:00,71,66,32,,4,10,0,71,,,,,
Tangerang,Tangerang Pasir Jaya,2026-05-14 14:00:00,-,95,49,,59,63,0,65,,,,,
Bekasi,Bekasi Kayuringin,2026-05-14 23:00:00,87,87,45,,55,13,0,2,,,,,
Jakarta,The Pakubuwono Menteng,2026-05-14 23:11:50,119,119,48,89,,,,,50,30.7,,,
Depok,Cinere - Nafas,2026-05-14 23:08:34,173,173,76,153,,,,,0,0,,,
Bogor,Kabupaten Bogor Leuwiliang,2026-05-14 23:00:00,71,66,32,,4,10,0,71,,,,,
Tangerang,Tangerang Pasir Jaya,2026-05-14 14:00:00,-,95,49,,59,63,0,65,,,,,
Bekasi,Bekasi Kayuringin,2026-05-14 23:00:00,87,87,45,,55,13,0,2,,,,,
Jakarta,The Pakubuwono Menteng,2026-05-14 23:12:50,136,136,53,95,,,,,50,30.7,,,
Depok,Cinere - Nafas,2026-05-14 23:08:34,173,173,76,153,,,,,0,0,,,
Bogor,Kabupaten Bogor Leuwiliang,2026-05-14 23:00:00,71,66,32,,4,10,0,71,,,,,
Tangerang,Tangerang Pasir Jaya,2026-05-14 14:00:00,-,95,49,,59,63,0,65,,,,,
Bekasi,Bekasi Kayuringin,2026-05-14 23:00:00,87,87,45,,55,13,0,2,,,,,
Jakarta,The Pakubuwono Menteng,2026-05-14 23:14:50,128,128,51,91,,,,,50,30.7,,,
Depok,Cinere - Nafas,2026-05-14 23:08:34,173,173,76,153,,,,,0,0,,,
Bogor,Kabupaten Bogor Leuwiliang,2026-05-14 23:00:00,71,66,32,,4,10,0,71,,,,,
Tangerang,Tangerang Pasir Jaya,2026-05-14 14:00:00,-,95,49,,59,63,0,65,,,,,
Bekasi,Bekasi Kayuringin,2026-05-14 23:00:00,87,87,45,,55,13,0,2,,,,,
Jakarta,The Pakubuwono Menteng,2026-05-14 23:14:50,128,128,51,91,,,,,50,30.7,,,
Depok,Cinere - Nafas,2026-05-14 23:08:34,173,173,76,153,,,,,0,0,,,
Bogor,Kabupaten Bogor Leuwiliang,2026-05-14 23:00:00,71,66,32,,4,10,0,71,,,,,
Tangerang,Tangerang Pasir Jaya,2026-05-14 14:00:00,-,95,49,,59,63,0,65,,,,,
Bekasi,Bekasi Kayuringin,2026-05-14 23:00:00,87,87,45,,55,13,0,2,,,,,
Jakarta,The Pakubuwono Menteng,2026-05-14 23:16:50,123,123,49,89,,,,,50,30.7,,,
Depok,Cinere - Nafas,2026-05-14 23:08:34,173,173,76,153,,,,,0,0,,,
Bogor,Kabupaten Bogor Leuwiliang,2026-05-14 23:00:00,71,66,32,,4,10,0,71,,,,,
Tangerang,Tangerang Pasir Jaya,2026-05-14 14:00:00,-,95,49,,59,63,0,65,,,,,
Bekasi,Bekasi Kayuringin,2026-05-14 23:00:00,87,87,45,,55,13,0,2,,,,,
Jakarta,The Pakubuwono Menteng,2026-05-14 23:17:50,117,117,48,88,,,,,50,30.7,,,
Depok,Cinere - Nafas,2026-05-14 23:08:34,173,173,76,153,,,,,0,0,,,
Bogor,Kabupaten Bogor Leuwiliang,2026-05-14 23:00:00,71,66,32,,4,10,0,71,,,,,
Tangerang,Tangerang Pasir Jaya,2026-05-14 14:00:00,-,95,49,,59,63,0,65,,,,,
Bekasi,Bekasi Kayuringin,2026-05-14 23:00:00,87,87,45,,55,13,0,2,,,,,
Jakarta,The Pakubuwono Menteng,2026-05-14 23:19:50,111,111,43,83,,,,,50,30.7,,,
Depok,Cinere - Nafas,2026-05-14 23:08:34,173,173,76,153,,,,,0,0,,,
Bogor,Kabupaten Bogor Leuwiliang,2026-05-14 23:00:00,71,66,32,,4,10,0,71,,,,,
Tangerang,Tangerang Pasir Jaya,2026-05-14 14:00:00,-,95,49,,59,63,0,65,,,,,
Bekasi,Bekasi Kayuringin,2026-05-14 23:00:00,87,87,45,,55,13,0,2,,,,,
Jakarta,The Pakubuwono Menteng,2026-05-14 23:19:50,111,111,43,83,,,,,50,30.7,,,
Depok,Cinere - Nafas,2026-05-14 23:08:34,173,173,76,153,,,,,0,0,,,
Bogor,Kabupaten Bogor Leuwiliang,2026-05-14 23:00:00,71,66,32,,4,10,0,71,,,,,
Tangerang,Tangerang Pasir Jaya,2026-05-14 14:00:00,-,95,49,,59,63,0,65,,,,,
Bekasi,Bekasi Kayuringin,2026-05-14 23:00:00,87,87,45,,55,13,0,2,,,,,
Jakarta,The Pakubuwono Menteng,2026-05-14 23:21:50,124,124,50,89,,,,,50,30.7,,,
Depok,Cinere - Nafas,2026-05-14 23:08:34,173,173,76,153,,,,,0,0,,,
Bogor,Kabupaten Bogor Leuwiliang,2026-05-14 23:00:00,71,66,32,,4,10,0,71,,,,,
Tangerang,Tangerang Pasir Jaya,2026-05-14 14:00:00,-,95,49,,59,63,0,65,,,,,
Bekasi,Bekasi Kayuringin,2026-05-14 23:00:00,87,87,45,,55,13,0,2,,,,,
Jakarta,The Pakubuwono Menteng,2026-05-14 23:22:50,117,117,46,88,,,,,50,30.7,,,
Depok,Cinere - Nafas,2026-05-14 23:08:34,173,173,76,153,,,,,0,0,,,
Bogor,Kabupaten Bogor Leuwiliang,2026-05-14 23:00:00,71,66,32,,4,10,0,71,,,,,
Tangerang,Tangerang Pasir Jaya,2026-05-14 14:00:00,-,95,49,,59,63,0,65,,,,,
Bekasi,Bekasi Kayuringin,2026-05-14 23:00:00,87,87,45,,55,13,0,2,,,,,
Jakarta,The Pakubuwono Menteng,2026-05-14 23:22:50,117,117,46,88,,,,,50,30.7,,,
Depok,Cinere - Nafas,2026-05-14 23:08:34,173,173,76,153,,,,,0,0,,,
Bogor,Kabupaten Bogor Leuwiliang,2026-05-14 23:00:00,71,66,32,,4,10,0,71,,,,,
Tangerang,Tangerang Pasir Jaya,2026-05-14 14:00:00,-,95,49,,59,63,0,65,,,,,
Bekasi,Bekasi Kayuringin,2026-05-14 23:00:00,87,87,45,,55,13,0,2,,,,,
Jakarta,The Pakubuwono Menteng,2026-05-14 23:24:50,118,118,47,86,,,,,50,30.8,,,
Depok,Cinere - Nafas,2026-05-14 23:24:14,176,176,81,155,,,,,0,0,,,
Bogor,Kabupaten Bogor Leuwiliang,2026-05-14 23:00:00,71,66,32,,4,10,0,71,,,,,
Tangerang,Tangerang Pasir Jaya,2026-05-14 14:00:00,-,95,49,,59,63,0,65,,,,,
Bekasi,Bekasi Kayuringin,2026-05-14 23:00:00,87,87,45,,55,13,0,2,,,,,
Jakarta,The Pakubuwono Menteng,2026-05-14 23:26:50,111,111,44,84,,,,,50,30.7,,,
Depok,Cinere - Nafas,2026-05-14 23:26:14,175,175,78,155,,,,,0,0,,,
Bogor,Kabupaten Bogor Leuwiliang,2026-05-14 23:00:00,71,66,32,,4,10,0,71,,,,,
Tangerang,Tangerang Pasir Jaya,2026-05-14 14:00:00,-,95,49,,59,63,0,65,,,,,
Bekasi,Bekasi Kayuringin,2026-05-14 23:00:00,87,87,45,,55,13,0,2,,,,,
Jakarta,The Pakubuwono Menteng,2026-05-14 23:27:50,120,120,49,87,,,,,50,30.7,,,
Depok,Cinere - Nafas,2026-05-14 23:27:14,172,172,76,154,,,,,0,0,,,
Bogor,Kabupaten Bogor Leuwiliang,2026-05-14 23:00:00,71,66,32,,4,10,0,71,,,,,
Tangerang,Tangerang Pasir Jaya,2026-05-14 14:00:00,-,95,49,,59,63,0,65,,,,,
Bekasi,Bekasi Kayuringin,2026-05-14 23:00:00,87,87,45,,55,13,0,2,,,,,
Jakarta,The Pakubuwono Menteng,2026-05-14 23:29:50,130,130,51,94,,,,,50,30.8,,,
Depok,Cinere - Nafas,2026-05-14 23:29:14,174,174,76,154,,,,,0,0,,,
Bogor,Kabupaten Bogor Leuwiliang,2026-05-14 23:00:00,71,66,32,,4,10,0,71,,,,,
Tangerang,Tangerang Pasir Jaya,2026-05-14 14:00:00,-,95,49,,59,63,0,65,,,,,
Bekasi,Bekasi Kayuringin,2026-05-14 23:00:00,87,87,45,,55,13,0,2,,,,,
Jakarta,The Pakubuwono Menteng,2026-05-14 23:30:50,124,124,49,89,,,,,50,30.8,,,
Depok,Cinere - Nafas,2026-05-14 23:30:14,172,172,74,154,,,,,0,0,,,
Bogor,Kabupaten Bogor Leuwiliang,2026-05-14 23:00:00,71,66,32,,4,10,0,71,,,,,
Tangerang,Tangerang Pasir Jaya,2026-05-14 14:00:00,-,95,49,,59,63,0,65,,,,,
Bekasi,Bekasi Kayuringin,2026-05-14 23:00:00,87,87,45,,55,13,0,2,,,,,
Jakarta,The Pakubuwono Menteng,2026-05-14 23:30:50,124,124,49,89,,,,,50,30.8,,,
Depok,Cinere - Nafas,2026-05-14 23:30:14,172,172,74,154,,,,,0,0,,,
Bogor,Kabupaten Bogor Leuwiliang,2026-05-14 23:00:00,71,66,32,,4,10,0,71,,,,,
Tangerang,Tangerang Pasir Jaya,2026-05-14 14:00:00,-,95,49,,59,63,0,65,,,,,
Bekasi,Bekasi Kayuringin,2026-05-14 23:00:00,87,87,45,,55,13,0,2,,,,,
Jakarta,The Pakubuwono Menteng,2026-05-14 23:32:50,126,126,50,90,,,,,50,30.7,,,
Depok,Cinere - Nafas,2026-05-14 23:32:14,169,169,73,153,,,,,0,0,,,
Bogor,Kabupaten Bogor Leuwiliang,2026-05-14 23:00:00,71,66,32,,4,10,0,71,,,,,
Tangerang,Tangerang Pasir Jaya,2026-05-14 14:00:00,-,95,49,,59,63,0,65,,,,,
Bekasi,Bekasi Kayuringin,2026-05-14 23:00:00,87,87,45,,55,13,0,2,,,,,
Jakarta,The Pakubuwono Menteng,2026-05-14 23:32:50,126,126,50,90,,,,,50,30.7,,,
Depok,Cinere - Nafas,2026-05-14 23:32:14,169,169,73,153,,,,,0,0,,,
Bogor,Kabupaten Bogor Leuwiliang,2026-05-14 23:00:00,71,66,32,,4,10,0,71,,,,,
Tangerang,Tangerang Pasir Jaya,2026-05-14 14:00:00,-,95,49,,59,63,0,65,,,,,
Bekasi,Bekasi Kayuringin,2026-05-14 23:00:00,87,87,45,,55,13,0,2,,,,,
Jakarta,The Pakubuwono Menteng,2026-05-14 23:34:50,126,126,51,94,,,,,50,30.7,,,
Depok,Cinere - Nafas,2026-05-14 23:34:14,168,168,72,151,,,,,0,0,,,
Bogor,Kabupaten Bogor Leuwiliang,2026-05-14 23:00:00,71,66,32,,4,10,0,71,,,,,
Tangerang,Tangerang Pasir Jaya,2026-05-14 14:00:00,-,95,49,,59,63,0,65,,,,,
Bekasi,Bekasi Kayuringin,2026-05-14 23:00:00,87,87,45,,55,13,0,2,,,,,
Jakarta,The Pakubuwono Menteng,2026-05-14 23:35:50,131,131,52,94,,,,,50,30.7,,,
Depok,Cinere - Nafas,2026-05-14 23:35:14,167,167,70,150,,,,,0,0,,,
Bogor,Kabupaten Bogor Leuwiliang,2026-05-14 23:00:00,71,66,32,,4,10,0,71,,,,,
Tangerang,Tangerang Pasir Jaya,2026-05-14 14:00:00,-,95,49,,59,63,0,65,,,,,
Bekasi,Bekasi Kayuringin,2026-05-14 23:00:00,87,87,45,,55,13,0,2,,,,,
Jakarta,The Pakubuwono Menteng,2026-05-14 23:37:50,137,137,53,95,,,,,51,30.7,,,
Depok,Cinere - Nafas,2026-05-14 23:37:14,166,166,70,150,,,,,0,0,,,
Bogor,Kabupaten Bogor Leuwiliang,2026-05-14 23:00:00,71,66,32,,4,10,0,71,,,,,
Tangerang,Tangerang Pasir Jaya,2026-05-14 14:00:00,-,95,49,,59,63,0,65,,,,,
Bekasi,Bekasi Kayuringin,2026-05-14 23:00:00,87,87,45,,55,13,0,2,,,,,
Jakarta,The Pakubuwono Menteng,2026-05-14 23:37:50,137,137,53,95,,,,,51,30.7,,,
Depok,Cinere - Nafas,2026-05-14 23:39:15,168,168,71,152,,,,,0,0,,,
Bogor,Kabupaten Bogor Leuwiliang,2026-05-14 23:00:00,71,66,32,,4,10,0,71,,,,,
Tangerang,Tangerang Pasir Jaya,2026-05-14 14:00:00,-,95,49,,59,63,0,65,,,,,
Bekasi,Bekasi Kayuringin,2026-05-14 23:00:00,87,87,45,,55,13,0,2,,,,,
Jakarta,The Pakubuwono Menteng,2026-05-14 23:40:50,137,137,53,96,,,,,51,30.6,,,
Depok,Cinere - Nafas,2026-05-14 23:40:15,181,181,84,159,,,,,0,0,,,
Bogor,Kabupaten Bogor Leuwiliang,2026-05-14 23:00:00,71,66,32,,4,10,0,71,,,,,
Tangerang,Tangerang Pasir Jaya,2026-05-14 14:00:00,-,95,49,,59,63,0,65,,,,,
Bekasi,Bekasi Kayuringin,2026-05-14 23:00:00,87,87,45,,55,13,0,2,,,,,
Jakarta,The Pakubuwono Menteng,2026-05-14 23:40:50,137,137,53,96,,,,,51,30.6,,,
Depok,Cinere - Nafas,2026-05-14 23:40:15,181,181,84,159,,,,,0,0,,,
Bogor,Kabupaten Bogor Leuwiliang,2026-05-14 23:00:00,71,66,32,,4,10,0,71,,,,,
Tangerang,Tangerang Pasir Jaya,2026-05-14 14:00:00,-,95,49,,59,63,0,65,,,,,
Bekasi,Bekasi Kayuringin,2026-05-14 23:00:00,87,87,45,,55,13,0,2,,,,,
Jakarta,The Pakubuwono Menteng,2026-05-14 23:42:50,140,140,54,96,,,,,51,30.6,,,
Depok,Cinere - Nafas,2026-05-14 23:42:15,186,186,88,163,,,,,0,0,,,
Bogor,Kabupaten Bogor Leuwiliang,2026-05-14 23:00:00,71,66,32,,4,10,0,71,,,,,
Tangerang,Tangerang Pasir Jaya,2026-05-14 14:00:00,-,95,49,,59,63,0,65,,,,,
Bekasi,Bekasi Kayuringin,2026-05-14 23:00:00,87,87,45,,55,13,0,2,,,,,
Jakarta,The Pakubuwono Menteng,2026-05-14 23:42:50,140,140,54,96,,,,,51,30.6,,,
Depok,Cinere - Nafas,2026-05-14 23:42:15,186,186,88,163,,,,,0,0,,,
Bogor,Kabupaten Bogor Leuwiliang,2026-05-14 23:00:00,71,66,32,,4,10,0,71,,,,,
Tangerang,Tangerang Pasir Jaya,2026-05-14 14:00:00,-,95,49,,59,63,0,65,,,,,
Bekasi,Bekasi Kayuringin,2026-05-14 23:00:00,87,87,45,,55,13,0,2,,,,,
Jakarta,The Pakubuwono Menteng,2026-05-14 23:44:50,134,134,53,95,,,,,51,30.5,,,
Depok,Cinere - Nafas,2026-05-14 23:44:15,175,175,77,157,,,,,0,0,,,
Bogor,Kabupaten Bogor Leuwiliang,2026-05-14 23:00:00,71,66,32,,4,10,0,71,,,,,
Tangerang,Tangerang Pasir Jaya,2026-05-14 14:00:00,-,95,49,,59,63,0,65,,,,,
Bekasi,Bekasi Kayuringin,2026-05-14 23:00:00,87,87,45,,55,13,0,2,,,,,
Jakarta,The Pakubuwono Menteng,2026-05-14 23:45:50,135,135,53,96,,,,,51,30.5,,,
Depok,Cinere - Nafas,2026-05-14 23:45:15,171,171,74,154,,,,,0,0,,,
Bogor,Kabupaten Bogor Leuwiliang,2026-05-14 23:00:00,71,66,32,,4,10,0,71,,,,,
Tangerang,Tangerang Pasir Jaya,2026-05-14 14:00:00,-,95,49,,59,63,0,65,,,,,
Bekasi,Bekasi Kayuringin,2026-05-14 23:00:00,87,87,45,,55,13,0,2,,,,,
Jakarta,The Pakubuwono Menteng,2026-05-14 23:45:50,135,135,53,96,,,,,51,30.5,,,
Depok,Cinere - Nafas,2026-05-14 23:45:15,171,171,74,154,,,,,0,0,,,
Bogor,Kabupaten Bogor Leuwiliang,2026-05-14 23:00:00,71,66,32,,4,10,0,71,,,,,
Tangerang,Tangerang Pasir Jaya,2026-05-14 14:00:00,-,95,49,,59,63,0,65,,,,,
Bekasi,Bekasi Kayuringin,2026-05-14 23:00:00,87,87,45,,55,13,0,2,,,,,
Jakarta,The Pakubuwono Menteng,2026-05-14 23:47:50,135,135,53,95,,,,,51,30.5,,,
Depok,Cinere - Nafas,2026-05-14 23:47:15,161,161,63,139,,,,,0,0,,,
Bogor,Kabupaten Bogor Leuwiliang,2026-05-14 23:00:00,71,66,32,,4,10,0,71,,,,,
Tangerang,Tangerang Pasir Jaya,2026-05-14 14:00:00,-,95,49,,59,63,0,65,,,,,
Bekasi,Bekasi Kayuringin,2026-05-14 23:00:00,87,87,45,,55,13,0,2,,,,,
Jakarta,The Pakubuwono Menteng,2026-05-14 23:48:50,135,135,53,95,,,,,51,30.4,,,
Depok,Cinere - Nafas,2026-05-14 23:48:15,159,159,63,134,,,,,0,0,,,
Bogor,Kabupaten Bogor Leuwiliang,2026-05-14 23:00:00,71,66,32,,4,10,0,71,,,,,
Tangerang,Tangerang Pasir Jaya,2026-05-14 14:00:00,-,95,49,,59,63,0,65,,,,,
Bekasi,Bekasi Kayuringin,2026-05-14 23:00:00,87,87,45,,55,13,0,2,,,,,
Jakarta,The Pakubuwono Menteng,2026-05-14 23:50:50,131,131,52,93,,,,,51,30.4,,,
Depok,Cinere - Nafas,2026-05-14 23:51:15,158,158,61,126,,,,,0,0,,,
Bogor,Kabupaten Bogor Leuwiliang,2026-05-14 23:00:00,71,66,32,,4,10,0,71,,,,,
Tangerang,Tangerang Pasir Jaya,2026-05-14 14:00:00,-,95,49,,59,63,0,65,,,,,
Bekasi,Bekasi Kayuringin,2026-05-14 23:00:00,87,87,45,,55,13,0,2,,,,,
Jakarta,The Pakubuwono Menteng,2026-05-14 23:50:50,131,131,52,93,,,,,51,30.4,,,
Depok,Cinere - Nafas,2026-05-14 23:51:15,158,158,61,126,,,,,0,0,,,
Bogor,Kabupaten Bogor Leuwiliang,2026-05-14 23:00:00,71,66,32,,4,10,0,71,,,,,
Tangerang,Tangerang Pasir Jaya,2026-05-14 14:00:00,-,95,49,,59,63,0,65,,,,,
Bekasi,Bekasi Kayuringin,2026-05-14 23:00:00,87,87,45,,55,13,0,2,,,,,
Jakarta,The Pakubuwono Menteng,2026-05-14 23:52:50,131,131,53,94,,,,,51,30.3,,,
Depok,Cinere - Nafas,2026-05-14 23:53:15,159,159,62,133,,,,,0,0,,,
Bogor,Kabupaten Bogor Leuwiliang,2026-05-14 23:00:00,71,66,32,,4,10,0,71,,,,,
Tangerang,Tangerang Pasir Jaya,2026-05-14 14:00:00,-,95,49,,59,63,0,65,,,,,
Bekasi,Bekasi Kayuringin,2026-05-14 23:00:00,87,87,45,,55,13,0,2,,,,,
Jakarta,The Pakubuwono Menteng,2026-05-14 23:54:51,128,128,51,94,,,,,51,30.3,,,
Depok,Cinere - Nafas,2026-05-14 23:55:15,158,158,62,130,,,,,0,0,,,
Bogor,Kabupaten Bogor Leuwiliang,2026-05-14 23:00:00,71,66,32,,4,10,0,71,,,,,
Tangerang,Tangerang Pasir Jaya,2026-05-14 14:00:00,-,95,49,,59,63,0,65,,,,,
Bekasi,Bekasi Kayuringin,2026-05-14 23:00:00,87,87,45,,55,13,0,2,,,,,
Jakarta,The Pakubuwono Menteng,2026-05-14 23:54:51,128,128,51,94,,,,,51,30.3,,,
Depok,Cinere - Nafas,2026-05-14 23:55:15,158,158,62,130,,,,,0,0,,,
Bogor,Kabupaten Bogor Leuwiliang,2026-05-14 23:00:00,71,66,32,,4,10,0,71,,,,,
Tangerang,Tangerang Pasir Jaya,2026-05-14 14:00:00,-,95,49,,59,63,0,65,,,,,
Bekasi,Bekasi Kayuringin,2026-05-14 23:00:00,87,87,45,,55,13,0,2,,,,,
