city,station_name,time,aqi,pm25,pm10,pm1,no2,so2,co,o3,humidity,temperature,pressure,wind,rain
Jakarta,The Pakubuwono Menteng,2026-04-13 23:58:48,135,135,53,96,,,,,58,30,,,
Depok,Cinere - Nafas,2026-04-13 23:58:42,131,131,52,94,,,,,0,0,,,
Bogor,Kabupaten Bogor Leuwiliang,2026-04-13 23:00:00,80,58,26,,4,9,0,80,,,,,
Tangerang,Tangerang Pasir Jaya,2026-04-13 01:00:00,-,52,24,,41,63,0,64,,,,,
Bekasi,Bekasi Kayuringin,2026-04-13 23:00:00,75,75,34,,74,15,0,24,,,,,
Jakarta,The Pakubuwono Menteng,2026-04-13 23:59:47,139,139,54,101,,,,,58,30,,,
Depok,Cinere - Nafas,2026-04-13 23:58:42,131,131,52,94,,,,,0,0,,,
Bogor,Kabupaten Bogor Leuwiliang,2026-04-13 23:00:00,80,58,26,,4,9,0,80,,,,,
Tangerang,Tangerang Pasir Jaya,2026-04-13 01:00:00,-,52,24,,41,63,0,64,,,,,
Bekasi,Bekasi Kayuringin,2026-04-13 23:00:00,75,75,34,,74,15,0,24,,,,,
Jakarta,The Pakubuwono Menteng,2026-04-14 00:00:47,136,136,54,96,,,,,58,29.9,,,
Depok,Cinere - Nafas,2026-04-13 23:58:42,131,131,52,94,,,,,0,0,,,
Bogor,Kabupaten Bogor Leuwiliang,2026-04-13 23:00:00,80,58,26,,4,9,0,80,,,,,
Tangerang,Tangerang Pasir Jaya,2026-04-13 01:00:00,-,52,24,,41,63,0,64,,,,,
Bekasi,Bekasi Kayuringin,2026-04-13 23:00:00,75,75,34,,74,15,0,24,,,,,
Jakarta,The Pakubuwono Menteng,2026-04-14 00:02:47,138,138,54,100,,,,,58,29.9,,,
Depok,Cinere - Nafas,2026-04-14 00:02:16,125,125,52,89,,,,,0,0,,,
Bogor,Kabupaten Bogor Leuwiliang,2026-04-13 23:00:00,80,58,26,,4,9,0,80,,,,,
Tangerang,Tangerang Pasir Jaya,2026-04-13 01:00:00,-,52,24,,41,63,0,64,,,,,
Bekasi,Bekasi Kayuringin,2026-04-13 23:00:00,75,75,34,,74,15,0,24,,,,,
Jakarta,The Pakubuwono Menteng,2026-04-14 00:03:48,138,138,55,103,,,,,58,29.9,,,
Depok,Cinere - Nafas,2026-04-14 00:03:16,126,126,51,87,,,,,0,0,,,
Bogor,Kabupaten Bogor Leuwiliang,2026-04-13 23:00:00,80,58,26,,4,9,0,80,,,,,
Tangerang,Tangerang Pasir Jaya,2026-04-13 01:00:00,-,52,24,,41,63,0,64,,,,,
Bekasi,Bekasi Kayuringin,2026-04-13 23:00:00,75,75,34,,74,15,0,24,,,,,
Jakarta,The Pakubuwono Menteng,2026-04-14 00:03:48,138,138,55,103,,,,,58,29.9,,,
Depok,Cinere - Nafas,2026-04-14 00:03:16,126,126,51,87,,,,,0,0,,,
Bogor,Kabupaten Bogor Leuwiliang,2026-04-13 23:00:00,80,58,26,,4,9,0,80,,,,,
Tangerang,Tangerang Pasir Jaya,2026-04-13 01:00:00,-,52,24,,41,63,0,64,,,,,
Bekasi,Bekasi Kayuringin,2026-04-13 23:00:00,75,75,34,,74,15,0,24,,,,,
Jakarta,The Pakubuwono Menteng,2026-04-14 00:04:48,139,139,55,101,,,,,58,29.9,,,
Depok,Cinere - Nafas,2026-04-14 00:03:16,126,126,51,87,,,,,0,0,,,
Bogor,Kabupaten Bogor Leuwiliang,2026-04-13 23:00:00,80,58,26,,4,9,0,80,,,,,
Tangerang,Tangerang Pasir Jaya,2026-04-13 01:00:00,-,52,24,,41,63,0,64,,,,,
Bekasi,Bekasi Kayuringin,2026-04-13 23:00:00,75,75,34,,74,15,0,24,,,,,
Jakarta,The Pakubuwono Menteng,2026-04-14 00:07:48,144,144,56,105,,,,,58,29.7,,,
Depok,Cinere - Nafas,2026-04-14 00:07:25,128,128,52,89,,,,,0,0,,,
Bogor,Kabupaten Bogor Leuwiliang,2026-04-13 23:00:00,80,58,26,,4,9,0,80,,,,,
Tangerang,Tangerang Pasir Jaya,2026-04-13 01:00:00,-,52,24,,41,63,0,64,,,,,
Bekasi,Bekasi Kayuringin,2026-04-13 23:00:00,75,75,34,,74,15,0,24,,,,,
Jakarta,The Pakubuwono Menteng,2026-04-14 00:08:48,146,146,56,111,,,,,58,29.7,,,
Depok,Cinere - Nafas,2026-04-14 00:08:25,125,125,50,88,,,,,0,0,,,
Bogor,Kabupaten Bogor Leuwiliang,2026-04-14 00:00:00,80,58,25,,4,9,0,80,,,,,
Tangerang,Tangerang Pasir Jaya,2026-04-13 01:00:00,-,52,24,,41,63,0,64,,,,,
Bekasi,Bekasi Kayuringin,2026-04-14 00:00:00,73,73,34,,75,15,0,24,,,,,
Jakarta,The Pakubuwono Menteng,2026-04-14 00:09:48,141,141,55,106,,,,,58,29.6,,,
Depok,Cinere - Nafas,2026-04-14 00:09:25,125,125,51,89,,,,,0,0,,,
Bogor,Kabupaten Bogor Leuwiliang,2026-04-14 00:00:00,80,58,25,,4,9,0,80,,,,,
Tangerang,Tangerang Pasir Jaya,2026-04-13 01:00:00,-,52,24,,41,63,0,64,,,,,
Bekasi,Bekasi Kayuringin,2026-04-14 00:00:00,73,73,34,,75,15,0,24,,,,,
Jakarta,The Pakubuwono Menteng,2026-04-14 00:10:48,143,143,56,106,,,,,58,29.6,,,
Depok,Cinere - Nafas,2026-04-14 00:10:48,128,128,51,90,,,,,0,0,,,
Bogor,Kabupaten Bogor Leuwiliang,2026-04-14 00:00:00,80,58,25,,4,9,0,80,,,,,
Tangerang,Tangerang Pasir Jaya,2026-04-13 01:00:00,-,52,24,,41,63,0,64,,,,,
Bekasi,Bekasi Kayuringin,2026-04-14 00:00:00,73,73,34,,75,15,0,24,,,,,
Jakarta,The Pakubuwono Menteng,2026-04-14 00:11:48,141,141,55,102,,,,,59,29.5,,,
Depok,Cinere - Nafas,2026-04-14 00:10:48,128,128,51,90,,,,,0,0,,,
Bogor,Kabupaten Bogor Leuwiliang,2026-04-14 00:00:00,80,58,25,,4,9,0,80,,,,,
Tangerang,Tangerang Pasir Jaya,2026-04-13 01:00:00,-,52,24,,41,63,0,64,,,,,
Bekasi,Bekasi Kayuringin,2026-04-14 00:00:00,73,73,34,,75,15,0,24,,,,,
Jakarta,The Pakubuwono Menteng,2026-04-14 00:12:48,141,141,55,108,,,,,59,29.5,,,
Depok,Cinere - Nafas,2026-04-14 00:13:08,128,128,51,89,,,,,0,0,,,
Bogor,Kabupaten Bogor Leuwiliang,2026-04-14 00:00:00,80,58,25,,4,9,0,80,,,,,
Tangerang,Tangerang Pasir Jaya,2026-04-13 01:00:00,-,52,24,,41,63,0,64,,,,,
Bekasi,Bekasi Kayuringin,2026-04-14 00:00:00,73,73,34,,75,15,0,24,,,,,
Jakarta,The Pakubuwono Menteng,2026-04-14 00:13:48,141,141,56,102,,,,,59,29.4,,,
Depok,Cinere - Nafas,2026-04-14 00:14:08,126,126,51,90,,,,,0,0,,,
Bogor,Kabupaten Bogor Leuwiliang,2026-04-14 00:00:00,80,58,25,,4,9,0,80,,,,,
Tangerang,Tangerang Pasir Jaya,2026-04-13 01:00:00,-,52,24,,41,63,0,64,,,,,
Bekasi,Bekasi Kayuringin,2026-04-14 00:00:00,73,73,34,,75,15,0,24,,,,,
Jakarta,The Pakubuwono Menteng,2026-04-14 00:15:48,145,145,56,107,,,,,59,29.4,,,
Depok,Cinere - Nafas,2026-04-14 00:16:08,129,129,53,90,,,,,0,0,,,
Bogor,Kabupaten Bogor Leuwiliang,2026-04-14 00:00:00,80,58,25,,4,9,0,80,,,,,
Tangerang,Tangerang Pasir Jaya,2026-04-13 01:00:00,-,52,24,,41,63,0,64,,,,,
Bekasi,Bekasi Kayuringin,2026-04-14 00:00:00,73,73,34,,75,15,0,24,,,,,
Jakarta,The Pakubuwono Menteng,2026-04-14 00:16:48,142,142,56,105,,,,,59,29.4,,,
Depok,Cinere - Nafas,2026-04-14 00:17:08,134,134,53,91,,,,,0,0,,,
Bogor,Kabupaten Bogor Leuwiliang,2026-04-14 00:00:00,80,58,25,,4,9,0,80,,,,,
Tangerang,Tangerang Pasir Jaya,2026-04-13 01:00:00,-,52,24,,41,63,0,64,,,,,
Bekasi,Bekasi Kayuringin,2026-04-14 00:00:00,73,73,34,,75,15,0,24,,,,,
Jakarta,The Pakubuwono Menteng,2026-04-14 00:18:48,141,141,55,101,,,,,59,29.4,,,
Depok,Cinere - Nafas,2026-04-14 00:19:09,130,130,53,89,,,,,0,0,,,
Bogor,Kabupaten Bogor Leuwiliang,2026-04-14 00:00:00,80,58,25,,4,9,0,80,,,,,
Tangerang,Tangerang Pasir Jaya,2026-04-13 01:00:00,-,52,24,,41,63,0,64,,,,,
Bekasi,Bekasi Kayuringin,2026-04-14 00:00:00,73,73,34,,75,15,0,24,,,,,
Jakarta,The Pakubuwono Menteng,2026-04-14 00:19:48,141,141,55,106,,,,,59,29.4,,,
Depok,Cinere - Nafas,2026-04-14 00:20:09,131,131,53,94,,,,,0,0,,,
Bogor,Kabupaten Bogor Leuwiliang,2026-04-14 00:00:00,80,58,25,,4,9,0,80,,,,,
Tangerang,Tangerang Pasir Jaya,2026-04-13 01:00:00,-,52,24,,41,63,0,64,,,,,
Bekasi,Bekasi Kayuringin,2026-04-14 00:00:00,73,73,34,,75,15,0,24,,,,,
Jakarta,The Pakubuwono Menteng,2026-04-14 00:20:48,142,142,56,106,,,,,59,29.4,,,
Depok,Cinere - Nafas,2026-04-14 00:21:09,131,131,52,94,,,,,0,0,,,
Bogor,Kabupaten Bogor Leuwiliang,2026-04-14 00:00:00,80,58,25,,4,9,0,80,,,,,
Tangerang,Tangerang Pasir Jaya,2026-04-13 01:00:00,-,52,24,,41,63,0,64,,,,,
Bekasi,Bekasi Kayuringin,2026-04-14 00:00:00,73,73,34,,75,15,0,24,,,,,
Jakarta,The Pakubuwono Menteng,2026-04-14 00:20:48,142,142,56,106,,,,,59,29.4,,,
Depok,Cinere - Nafas,2026-04-14 00:21:09,131,131,52,94,,,,,0,0,,,
Bogor,Kabupaten Bogor Leuwiliang,2026-04-14 00:00:00,80,58,25,,4,9,0,80,,,,,
Tangerang,Tangerang Pasir Jaya,2026-04-13 01:00:00,-,52,24,,41,63,0,64,,,,,
Bekasi,Bekasi Kayuringin,2026-04-14 00:00:00,73,73,34,,75,15,0,24,,,,,
Jakarta,The Pakubuwono Menteng,2026-04-14 00:21:48,144,144,56,110,,,,,59,29.3,,,
Depok,Cinere - Nafas,2026-04-14 00:22:09,126,126,51,89,,,,,0,0,,,
Bogor,Kabupaten Bogor Leuwiliang,2026-04-14 00:00:00,80,58,25,,4,9,0,80,,,,,
Tangerang,Tangerang Pasir Jaya,2026-04-13 01:00:00,-,52,24,,41,63,0,64,,,,,
Bekasi,Bekasi Kayuringin,2026-04-14 00:00:00,73,73,34,,75,15,0,24,,,,,
Jakarta,The Pakubuwono Menteng,2026-04-14 00:23:48,143,143,56,108,,,,,59,29.4,,,
Depok,Cinere - Nafas,2026-04-14 00:25:08,128,128,53,89,,,,,0,0,,,
Bogor,Kabupaten Bogor Leuwiliang,2026-04-14 00:00:00,80,58,25,,4,9,0,80,,,,,
Tangerang,Tangerang Pasir Jaya,2026-04-13 01:00:00,-,52,24,,41,63,0,64,,,,,
Bekasi,Bekasi Kayuringin,2026-04-14 00:00:00,73,73,34,,75,15,0,24,,,,,
Jakarta,The Pakubuwono Menteng,2026-04-14 00:25:48,149,149,57,110,,,,,59,29.3,,,
Depok,Cinere - Nafas,2026-04-14 00:25:08,128,128,53,89,,,,,0,0,,,
Bogor,Kabupaten Bogor Leuwiliang,2026-04-14 00:00:00,80,58,25,,4,9,0,80,,,,,
Tangerang,Tangerang Pasir Jaya,2026-04-13 01:00:00,-,52,24,,41,63,0,64,,,,,
Bekasi,Bekasi Kayuringin,2026-04-14 00:00:00,73,73,34,,75,15,0,24,,,,,
Jakarta,The Pakubuwono Menteng,2026-04-14 00:26:48,150,150,56,113,,,,,59,29.3,,,
Depok,Cinere - Nafas,2026-04-14 00:27:05,126,126,51,90,,,,,0,0,,,
Bogor,Kabupaten Bogor Leuwiliang,2026-04-14 00:00:00,80,58,25,,4,9,0,80,,,,,
Tangerang,Tangerang Pasir Jaya,2026-04-13 01:00:00,-,52,24,,41,63,0,64,,,,,
Bekasi,Bekasi Kayuringin,2026-04-14 00:00:00,73,73,34,,75,15,0,24,,,,,
Jakarta,The Pakubuwono Menteng,2026-04-14 00:27:48,144,144,56,106,,,,,59,29.3,,,
Depok,Cinere - Nafas,2026-04-14 00:28:05,125,125,50,88,,,,,0,0,,,
Bogor,Kabupaten Bogor Leuwiliang,2026-04-14 00:00:00,80,58,25,,4,9,0,80,,,,,
Tangerang,Tangerang Pasir Jaya,2026-04-13 01:00:00,-,52,24,,41,63,0,64,,,,,
Bekasi,Bekasi Kayuringin,2026-04-14 00:00:00,73,73,34,,75,15,0,24,,,,,
Jakarta,The Pakubuwono Menteng,2026-04-14 00:28:48,151,151,57,113,,,,,59,29.3,,,
Depok,Cinere - Nafas,2026-04-14 00:29:05,125,125,51,89,,,,,0,0,,,
Bogor,Kabupaten Bogor Leuwiliang,2026-04-14 00:00:00,80,58,25,,4,9,0,80,,,,,
Tangerang,Tangerang Pasir Jaya,2026-04-13 01:00:00,-,52,24,,41,63,0,64,,,,,
Bekasi,Bekasi Kayuringin,2026-04-14 00:00:00,73,73,34,,75,15,0,24,,,,,
Jakarta,The Pakubuwono Menteng,2026-04-14 00:29:48,149,149,56,106,,,,,59,29.3,,,
Depok,Cinere - Nafas,2026-04-14 00:29:05,125,125,51,89,,,,,0,0,,,
Bogor,Kabupaten Bogor Leuwiliang,2026-04-14 00:00:00,80,58,25,,4,9,0,80,,,,,
Tangerang,Tangerang Pasir Jaya,2026-04-13 01:00:00,-,52,24,,41,63,0,64,,,,,
Bekasi,Bekasi Kayuringin,2026-04-14 00:00:00,73,73,34,,75,15,0,24,,,,,
Jakarta,The Pakubuwono Menteng,2026-04-14 00:30:48,149,149,56,105,,,,,60,29.3,,,
Depok,Cinere - Nafas,2026-04-14 00:29:05,125,125,51,89,,,,,0,0,,,
Bogor,Kabupaten Bogor Leuwiliang,2026-04-14 00:00:00,80,58,25,,4,9,0,80,,,,,
Tangerang,Tangerang Pasir Jaya,2026-04-13 01:00:00,-,52,24,,41,63,0,64,,,,,
Bekasi,Bekasi Kayuringin,2026-04-14 00:00:00,73,73,34,,75,15,0,24,,,,,
Jakarta,The Pakubuwono Menteng,2026-04-14 00:31:48,150,150,56,111,,,,,60,29.3,,,
Depok,Cinere - Nafas,2026-04-14 00:31:49,123,123,50,88,,,,,0,0,,,
Bogor,Kabupaten Bogor Leuwiliang,2026-04-14 00:00:00,80,58,25,,4,9,0,80,,,,,
Tangerang,Tangerang Pasir Jaya,2026-04-13 01:00:00,-,52,24,,41,63,0,64,,,,,
Bekasi,Bekasi Kayuringin,2026-04-14 00:00:00,73,73,34,,75,15,0,24,,,,,
Jakarta,The Pakubuwono Menteng,2026-04-14 00:34:48,151,151,57,112,,,,,60,29.3,,,
Depok,Cinere - Nafas,2026-04-14 00:35:06,124,124,49,88,,,,,0,0,,,
Bogor,Kabupaten Bogor Leuwiliang,2026-04-14 00:00:00,80,58,25,,4,9,0,80,,,,,
Tangerang,Tangerang Pasir Jaya,2026-04-13 01:00:00,-,52,24,,41,63,0,64,,,,,
Bekasi,Bekasi Kayuringin,2026-04-14 00:00:00,73,73,34,,75,15,0,24,,,,,
Jakarta,The Pakubuwono Menteng,2026-04-14 00:35:48,150,150,57,110,,,,,60,29.3,,,
Depok,Cinere - Nafas,2026-04-14 00:36:06,124,124,50,89,,,,,0,0,,,
Bogor,Kabupaten Bogor Leuwiliang,2026-04-14 00:00:00,80,58,25,,4,9,0,80,,,,,
Tangerang,Tangerang Pasir Jaya,2026-04-13 01:00:00,-,52,24,,41,63,0,64,,,,,
Bekasi,Bekasi Kayuringin,2026-04-14 00:00:00,73,73,34,,75,15,0,24,,,,,
Jakarta,The Pakubuwono Menteng,2026-04-14 00:36:48,151,151,57,118,,,,,60,29.3,,,
Depok,Cinere - Nafas,2026-04-14 00:37:06,126,126,51,88,,,,,0,0,,,
Bogor,Kabupaten Bogor Leuwiliang,2026-04-14 00:00:00,80,58,25,,4,9,0,80,,,,,
Tangerang,Tangerang Pasir Jaya,2026-04-13 01:00:00,-,52,24,,41,63,0,64,,,,,
Bekasi,Bekasi Kayuringin,2026-04-14 00:00:00,73,73,34,,75,15,0,24,,,,,
Jakarta,The Pakubuwono Menteng,2026-04-14 00:36:48,151,151,57,118,,,,,60,29.3,,,
Depok,Cinere - Nafas,2026-04-14 00:37:06,126,126,51,88,,,,,0,0,,,
Bogor,Kabupaten Bogor Leuwiliang,2026-04-14 00:00:00,80,58,25,,4,9,0,80,,,,,
Tangerang,Tangerang Pasir Jaya,2026-04-13 01:00:00,-,52,24,,41,63,0,64,,,,,
Bekasi,Bekasi Kayuringin,2026-04-14 00:00:00,73,73,34,,75,15,0,24,,,,,
Jakarta,The Pakubuwono Menteng,2026-04-14 00:37:48,151,151,57,115,,,,,60,29.3,,,
Depok,Cinere - Nafas,2026-04-14 00:37:06,126,126,51,88,,,,,0,0,,,
Bogor,Kabupaten Bogor Leuwiliang,2026-04-14 00:00:00,80,58,25,,4,9,0,80,,,,,
Tangerang,Tangerang Pasir Jaya,2026-04-13 01:00:00,-,52,24,,41,63,0,64,,,,,
Bekasi,Bekasi Kayuringin,2026-04-14 00:00:00,73,73,34,,75,15,0,24,,,,,
Jakarta,The Pakubuwono Menteng,2026-04-14 00:39:48,151,151,57,108,,,,,60,29.2,,,
Depok,Cinere - Nafas,2026-04-14 00:39:52,125,125,50,90,,,,,0,0,,,
Bogor,Kabupaten Bogor Leuwiliang,2026-04-14 00:00:00,80,58,25,,4,9,0,80,,,,,
Tangerang,Tangerang Pasir Jaya,2026-04-13 01:00:00,-,52,24,,41,63,0,64,,,,,
Bekasi,Bekasi Kayuringin,2026-04-14 00:00:00,73,73,34,,75,15,0,24,,,,,
Jakarta,The Pakubuwono Menteng,2026-04-14 00:40:48,148,148,56,109,,,,,60,29.2,,,
Depok,Cinere - Nafas,2026-04-14 00:40:52,125,125,50,88,,,,,0,0,,,
Bogor,Kabupaten Bogor Leuwiliang,2026-04-14 00:00:00,80,58,25,,4,9,0,80,,,,,
Tangerang,Tangerang Pasir Jaya,2026-04-13 01:00:00,-,52,24,,41,63,0,64,,,,,
Bekasi,Bekasi Kayuringin,2026-04-14 00:00:00,73,73,34,,75,15,0,24,,,,,
Jakarta,The Pakubuwono Menteng,2026-04-14 00:42:49,151,151,57,113,,,,,60,29.2,,,
Depok,Cinere - Nafas,2026-04-14 00:43:14,125,125,50,88,,,,,0,0,,,
Bogor,Kabupaten Bogor Leuwiliang,2026-04-14 00:00:00,80,58,25,,4,9,0,80,,,,,
Tangerang,Tangerang Pasir Jaya,2026-04-13 01:00:00,-,52,24,,41,63,0,64,,,,,
Bekasi,Bekasi Kayuringin,2026-04-14 00:00:00,73,73,34,,75,15,0,24,,,,,
Jakarta,The Pakubuwono Menteng,2026-04-14 00:43:48,150,150,57,110,,,,,60,29.2,,,
Depok,Cinere - Nafas,2026-04-14 00:44:14,124,124,50,89,,,,,0,0,,,
Bogor,Kabupaten Bogor Leuwiliang,2026-04-14 00:00:00,80,58,25,,4,9,0,80,,,,,
Tangerang,Tangerang Pasir Jaya,2026-04-13 01:00:00,-,52,24,,41,63,0,64,,,,,
Bekasi,Bekasi Kayuringin,2026-04-14 00:00:00,73,73,34,,75,15,0,24,,,,,
Jakarta,The Pakubuwono Menteng,2026-04-14 00:44:48,150,150,57,112,,,,,60,29.2,,,
Depok,Cinere - Nafas,2026-04-14 00:45:14,128,128,51,89,,,,,0,0,,,
Bogor,Kabupaten Bogor Leuwiliang,2026-04-14 00:00:00,80,58,25,,4,9,0,80,,,,,
Tangerang,Tangerang Pasir Jaya,2026-04-13 01:00:00,-,52,24,,41,63,0,64,,,,,
Bekasi,Bekasi Kayuringin,2026-04-14 00:00:00,73,73,34,,75,15,0,24,,,,,
Jakarta,The Pakubuwono Menteng,2026-04-14 00:45:49,150,150,57,110,,,,,60,29.2,,,
Depok,Cinere - Nafas,2026-04-14 00:46:14,125,125,52,91,,,,,0,0,,,
Bogor,Kabupaten Bogor Leuwiliang,2026-04-14 00:00:00,80,58,25,,4,9,0,80,,,,,
Tangerang,Tangerang Pasir Jaya,2026-04-13 01:00:00,-,52,24,,41,63,0,64,,,,,
Bekasi,Bekasi Kayuringin,2026-04-14 00:00:00,73,73,34,,75,15,0,24,,,,,
Jakarta,The Pakubuwono Menteng,2026-04-14 00:46:49,150,150,57,111,,,,,60,29.2,,,
Depok,Cinere - Nafas,2026-04-14 00:47:14,126,126,50,90,,,,,0,0,,,
Bogor,Kabupaten Bogor Leuwiliang,2026-04-14 00:00:00,80,58,25,,4,9,0,80,,,,,
Tangerang,Tangerang Pasir Jaya,2026-04-13 01:00:00,-,52,24,,41,63,0,64,,,,,
Bekasi,Bekasi Kayuringin,2026-04-14 00:00:00,73,73,34,,75,15,0,24,,,,,
Jakarta,The Pakubuwono Menteng,2026-04-14 00:47:49,147,147,56,108,,,,,60,29.1,,,
Depok,Cinere - Nafas,2026-04-14 00:48:15,126,126,51,89,,,,,0,0,,,
Bogor,Kabupaten Bogor Leuwiliang,2026-04-14 00:00:00,80,58,25,,4,9,0,80,,,,,
Tangerang,Tangerang Pasir Jaya,2026-04-13 01:00:00,-,52,24,,41,63,0,64,,,,,
Bekasi,Bekasi Kayuringin,2026-04-14 00:00:00,73,73,34,,75,15,0,24,,,,,
Jakarta,The Pakubuwono Menteng,2026-04-14 00:50:49,141,141,56,106,,,,,60,29.1,,,
Depok,Cinere - Nafas,2026-04-14 00:50:14,125,125,51,89,,,,,0,0,,,
Bogor,Kabupaten Bogor Leuwiliang,2026-04-14 00:00:00,80,58,25,,4,9,0,80,,,,,
Tangerang,Tangerang Pasir Jaya,2026-04-13 01:00:00,-,52,24,,41,63,0,64,,,,,
Bekasi,Bekasi Kayuringin,2026-04-14 00:00:00,73,73,34,,75,15,0,24,,,,,
Jakarta,The Pakubuwono Menteng,2026-04-14 00:51:49,142,142,56,108,,,,,60,29.1,,,
Depok,Cinere - Nafas,2026-04-14 00:50:14,125,125,51,89,,,,,0,0,,,
Bogor,Kabupaten Bogor Leuwiliang,2026-04-14 00:00:00,80,58,25,,4,9,0,80,,,,,
Tangerang,Tangerang Pasir Jaya,2026-04-13 01:00:00,-,52,24,,41,63,0,64,,,,,
Bekasi,Bekasi Kayuringin,2026-04-14 00:00:00,73,73,34,,75,15,0,24,,,,,
Jakarta,The Pakubuwono Menteng,2026-04-14 00:52:49,151,151,57,108,,,,,60,29.1,,,
Depok,Cinere - Nafas,2026-04-14 00:52:29,128,128,51,89,,,,,0,0,,,
Bogor,Kabupaten Bogor Leuwiliang,2026-04-14 00:00:00,80,58,25,,4,9,0,80,,,,,
Tangerang,Tangerang Pasir Jaya,2026-04-13 01:00:00,-,52,24,,41,63,0,64,,,,,
Bekasi,Bekasi Kayuringin,2026-04-14 00:00:00,73,73,34,,75,15,0,24,,,,,
Jakarta,The Pakubuwono Menteng,2026-04-14 00:52:49,151,151,57,108,,,,,60,29.1,,,
Depok,Cinere - Nafas,2026-04-14 00:52:29,128,128,51,89,,,,,0,0,,,
Bogor,Kabupaten Bogor Leuwiliang,2026-04-14 00:00:00,80,58,25,,4,9,0,80,,,,,
Tangerang,Tangerang Pasir Jaya,2026-04-13 01:00:00,-,52,24,,41,63,0,64,,,,,
Bekasi,Bekasi Kayuringin,2026-04-14 00:00:00,73,73,34,,75,15,0,24,,,,,
Jakarta,The Pakubuwono Menteng,2026-04-14 00:53:49,150,150,56,108,,,,,60,29.1,,,
Depok,Cinere - Nafas,2026-04-14 00:53:29,124,124,50,88,,,,,0,0,,,
Bogor,Kabupaten Bogor Leuwiliang,2026-04-14 00:00:00,80,58,25,,4,9,0,80,,,,,
Tangerang,Tangerang Pasir Jaya,2026-04-13 01:00:00,-,52,24,,41,63,0,64,,,,,
Bekasi,Bekasi Kayuringin,2026-04-14 00:00:00,73,73,34,,75,15,0,24,,,,,
Jakarta,The Pakubuwono Menteng,2026-04-14 00:55:49,140,140,54,104,,,,,60,29.1,,,
Depok,Cinere - Nafas,2026-04-14 00:56:09,122,122,50,89,,,,,0,0,,,
Bogor,Kabupaten Bogor Leuwiliang,2026-04-14 00:00:00,80,58,25,,4,9,0,80,,,,,
Tangerang,Tangerang Pasir Jaya,2026-04-13 01:00:00,-,52,24,,41,63,0,64,,,,,
Bekasi,Bekasi Kayuringin,2026-04-14 00:00:00,73,73,34,,75,15,0,24,,,,,
Jakarta,The Pakubuwono Menteng,2026-04-14 00:56:49,143,143,56,108,,,,,60,29.1,,,
Depok,Cinere - Nafas,2026-04-14 00:57:09,126,126,50,90,,,,,0,0,,,
Bogor,Kabupaten Bogor Leuwiliang,2026-04-14 00:00:00,80,58,25,,4,9,0,80,,,,,
Tangerang,Tangerang Pasir Jaya,2026-04-13 01:00:00,-,52,24,,41,63,0,64,,,,,
Bekasi,Bekasi Kayuringin,2026-04-14 00:00:00,73,73,34,,75,15,0,24,,,,,
Jakarta,The Pakubuwono Menteng,2026-04-14 00:58:54,143,143,56,105,,,,,60,29.1,,,
Depok,Cinere - Nafas,2026-04-14 00:59:09,123,123,51,89,,,,,0,0,,,
Bogor,Kabupaten Bogor Leuwiliang,2026-04-14 00:00:00,80,58,25,,4,9,0,80,,,,,
Tangerang,Tangerang Pasir Jaya,2026-04-13 01:00:00,-,52,24,,41,63,0,64,,,,,
Bekasi,Bekasi Kayuringin,2026-04-14 00:00:00,73,73,34,,75,15,0,24,,,,,
Jakarta,The Pakubuwono Menteng,2026-04-14 00:59:49,141,141,55,106,,,,,60,29.1,,,
Depok,Cinere - Nafas,2026-04-14 01:00:10,123,123,49,90,,,,,0,0,,,
Bogor,Kabupaten Bogor Leuwiliang,2026-04-14 00:00:00,80,58,25,,4,9,0,80,,,,,
Tangerang,Tangerang Pasir Jaya,2026-04-13 01:00:00,-,52,24,,41,63,0,64,,,,,
Bekasi,Bekasi Kayuringin,2026-04-14 00:00:00,73,73,34,,75,15,0,24,,,,,
Jakarta,The Pakubuwono Menteng,2026-04-14 01:00:49,136,136,54,98,,,,,60,29.1,,,
Depok,Cinere - Nafas,2026-04-14 01:01:09,123,123,50,88,,,,,0,0,,,
Bogor,Kabupaten Bogor Leuwiliang,2026-04-14 00:00:00,80,58,25,,4,9,0,80,,,,,
Tangerang,Tangerang Pasir Jaya,2026-04-13 01:00:00,-,52,24,,41,63,0,64,,,,,
Bekasi,Bekasi Kayuringin,2026-04-14 00:00:00,73,73,34,,75,15,0,24,,,,,
Jakarta,The Pakubuwono Menteng,2026-04-14 01:01:49,135,135,53,95,,,,,60,29.1,,,
Depok,Cinere - Nafas,2026-04-14 01:02:09,122,122,48,87,,,,,0,0,,,
Bogor,Kabupaten Bogor Leuwiliang,2026-04-14 00:00:00,80,58,25,,4,9,0,80,,,,,
Tangerang,Tangerang Pasir Jaya,2026-04-13 01:00:00,-,52,24,,41,63,0,64,,,,,
Bekasi,Bekasi Kayuringin,2026-04-14 00:00:00,73,73,34,,75,15,0,24,,,,,
Jakarta,The Pakubuwono Menteng,2026-04-14 01:02:49,131,131,52,95,,,,,60,29.1,,,
Depok,Cinere - Nafas,2026-04-14 01:03:09,125,125,50,88,,,,,0,0,,,
Bogor,Kabupaten Bogor Leuwiliang,2026-04-14 00:00:00,80,58,25,,4,9,0,80,,,,,
Tangerang,Tangerang Pasir Jaya,2026-04-13 01:00:00,-,52,24,,41,63,0,64,,,,,
Bekasi,Bekasi Kayuringin,2026-04-14 00:00:00,73,73,34,,75,15,0,24,,,,,
Jakarta,The Pakubuwono Menteng,2026-04-14 01:03:49,136,136,53,96,,,,,60,29.1,,,
Depok,Cinere - Nafas,2026-04-14 01:04:09,125,125,51,89,,,,,0,0,,,
Bogor,Kabupaten Bogor Leuwiliang,2026-04-14 00:00:00,80,58,25,,4,9,0,80,,,,,
Tangerang,Tangerang Pasir Jaya,2026-04-13 01:00:00,-,52,24,,41,63,0,64,,,,,
Bekasi,Bekasi Kayuringin,2026-04-14 00:00:00,73,73,34,,75,15,0,24,,,,,
Jakarta,The Pakubuwono Menteng,2026-04-14 01:04:49,136,136,53,98,,,,,60,29.1,,,
Depok,Cinere - Nafas,2026-04-14 01:05:09,122,122,50,87,,,,,0,0,,,
Bogor,Kabupaten Bogor Leuwiliang,2026-04-14 00:00:00,80,58,25,,4,9,0,80,,,,,
Tangerang,Tangerang Pasir Jaya,2026-04-13 01:00:00,-,52,24,,41,63,0,64,,,,,
Bekasi,Bekasi Kayuringin,2026-04-14 00:00:00,73,73,34,,75,15,0,24,,,,,
Jakarta,The Pakubuwono Menteng,2026-04-14 01:06:49,137,137,53,97,,,,,60,29.2,,,
Depok,Cinere - Nafas,2026-04-14 01:07:09,126,126,50,88,,,,,0,0,,,
Bogor,Kabupaten Bogor Leuwiliang,2026-04-14 00:00:00,80,58,25,,4,9,0,80,,,,,
Tangerang,Tangerang Pasir Jaya,2026-04-13 01:00:00,-,52,24,,41,63,0,64,,,,,
Bekasi,Bekasi Kayuringin,2026-04-14 00:00:00,73,73,34,,75,15,0,24,,,,,
Jakarta,The Pakubuwono Menteng,2026-04-14 01:08:49,136,136,54,96,,,,,60,29.1,,,
Depok,Cinere - Nafas,2026-04-14 01:09:09,123,123,50,90,,,,,0,0,,,
Bogor,Kabupaten Bogor Leuwiliang,2026-04-14 01:00:00,80,58,26,,4,9,0,80,,,,,
Tangerang,Tangerang Pasir Jaya,2026-04-13 01:00:00,-,52,24,,41,63,0,64,,,,,
Bekasi,Bekasi Kayuringin,2026-04-14 01:00:00,68,68,33,,75,15,0,24,,,,,
Jakarta,The Pakubuwono Menteng,2026-04-14 01:08:49,136,136,54,96,,,,,60,29.1,,,
Depok,Cinere - Nafas,2026-04-14 01:09:09,123,123,50,90,,,,,0,0,,,
Bogor,Kabupaten Bogor Leuwiliang,2026-04-14 01:00:00,80,58,26,,4,9,0,80,,,,,
Tangerang,Tangerang Pasir Jaya,2026-04-13 01:00:00,-,52,24,,41,63,0,64,,,,,
Bekasi,Bekasi Kayuringin,2026-04-14 01:00:00,68,68,33,,75,15,0,24,,,,,
Jakarta,The Pakubuwono Menteng,2026-04-14 01:09:49,135,135,53,96,,,,,60,29.2,,,
Depok,Cinere - Nafas,2026-04-14 01:10:10,123,123,51,89,,,,,0,0,,,
Bogor,Kabupaten Bogor Leuwiliang,2026-04-14 01:00:00,80,58,26,,4,9,0,80,,,,,
Tangerang,Tangerang Pasir Jaya,2026-04-13 01:00:00,-,52,24,,41,63,0,64,,,,,
Bekasi,Bekasi Kayuringin,2026-04-14 01:00:00,68,68,33,,75,15,0,24,,,,,
Jakarta,The Pakubuwono Menteng,2026-04-14 01:11:49,133,133,52,96,,,,,60,29.2,,,
Depok,Cinere - Nafas,2026-04-14 01:12:09,126,126,50,90,,,,,0,0,,,
Bogor,Kabupaten Bogor Leuwiliang,2026-04-14 01:00:00,80,58,26,,4,9,0,80,,,,,
Tangerang,Tangerang Pasir Jaya,2026-04-13 01:00:00,-,52,24,,41,63,0,64,,,,,
Bekasi,Bekasi Kayuringin,2026-04-14 01:00:00,68,68,33,,75,15,0,24,,,,,
Jakarta,The Pakubuwono Menteng,2026-04-14 01:12:49,133,133,53,95,,,,,60,29.2,,,
Depok,Cinere - Nafas,2026-04-14 01:13:10,121,121,49,88,,,,,0,0,,,
Bogor,Kabupaten Bogor Leuwiliang,2026-04-14 01:00:00,80,58,26,,4,9,0,80,,,,,
Tangerang,Tangerang Pasir Jaya,2026-04-13 01:00:00,-,52,24,,41,63,0,64,,,,,
Bekasi,Bekasi Kayuringin,2026-04-14 01:00:00,68,68,33,,75,15,0,24,,,,,
Jakarta,The Pakubuwono Menteng,2026-04-14 01:13:49,136,136,53,96,,,,,60,29.2,,,
Depok,Cinere - Nafas,2026-04-14 01:14:10,126,126,51,90,,,,,0,0,,,
Bogor,Kabupaten Bogor Leuwiliang,2026-04-14 01:00:00,80,58,26,,4,9,0,80,,,,,
Tangerang,Tangerang Pasir Jaya,2026-04-13 01:00:00,-,52,24,,41,63,0,64,,,,,
Bekasi,Bekasi Kayuringin,2026-04-14 01:00:00,68,68,33,,75,15,0,24,,,,,
Jakarta,The Pakubuwono Menteng,2026-04-14 01:14:49,133,133,53,95,,,,,60,29.2,,,
Depok,Cinere - Nafas,2026-04-14 01:15:10,122,122,50,89,,,,,0,0,,,
Bogor,Kabupaten Bogor Leuwiliang,2026-04-14 01:00:00,80,58,26,,4,9,0,80,,,,,
Tangerang,Tangerang Pasir Jaya,2026-04-13 01:00:00,-,52,24,,41,63,0,64,,,,,
Bekasi,Bekasi Kayuringin,2026-04-14 01:00:00,68,68,33,,75,15,0,24,,,,,
Jakarta,The Pakubuwono Menteng,2026-04-14 01:16:49,129,129,53,93,,,,,59,29.2,,,
Depok,Cinere - Nafas,2026-04-14 01:17:10,125,125,51,89,,,,,0,0,,,
Bogor,Kabupaten Bogor Leuwiliang,2026-04-14 01:00:00,80,58,26,,4,9,0,80,,,,,
Tangerang,Tangerang Pasir Jaya,2026-04-13 01:00:00,-,52,24,,41,63,0,64,,,,,
Bekasi,Bekasi Kayuringin,2026-04-14 01:00:00,68,68,33,,75,15,0,24,,,,,
Jakarta,The Pakubuwono Menteng,2026-04-14 01:17:49,131,131,52,94,,,,,59,29.2,,,
Depok,Cinere - Nafas,2026-04-14 01:18:10,126,126,51,89,,,,,0,0,,,
Bogor,Kabupaten Bogor Leuwiliang,2026-04-14 01:00:00,80,58,26,,4,9,0,80,,,,,
Tangerang,Tangerang Pasir Jaya,2026-04-13 01:00:00,-,52,24,,41,63,0,64,,,,,
Bekasi,Bekasi Kayuringin,2026-04-14 01:00:00,68,68,33,,75,15,0,24,,,,,
Jakarta,The Pakubuwono Menteng,2026-04-14 01:18:49,131,131,53,95,,,,,59,29.2,,,
Depok,Cinere - Nafas,2026-04-14 01:19:10,127,127,50,89,,,,,0,0,,,
Bogor,Kabupaten Bogor Leuwiliang,2026-04-14 01:00:00,80,58,26,,4,9,0,80,,,,,
Tangerang,Tangerang Pasir Jaya,2026-04-13 01:00:00,-,52,24,,41,63,0,64,,,,,
Bekasi,Bekasi Kayuringin,2026-04-14 01:00:00,68,68,33,,75,15,0,24,,,,,
Jakarta,The Pakubuwono Menteng,2026-04-14 01:19:49,132,132,53,94,,,,,59,29.2,,,
Depok,Cinere - Nafas,2026-04-14 01:20:10,126,126,51,90,,,,,0,0,,,
Bogor,Kabupaten Bogor Leuwiliang,2026-04-14 01:00:00,80,58,26,,4,9,0,80,,,,,
Tangerang,Tangerang Pasir Jaya,2026-04-13 01:00:00,-,52,24,,41,63,0,64,,,,,
Bekasi,Bekasi Kayuringin,2026-04-14 01:00:00,68,68,33,,75,15,0,24,,,,,
Jakarta,The Pakubuwono Menteng,2026-04-14 01:20:49,130,130,52,93,,,,,59,29.2,,,
Depok,Cinere - Nafas,2026-04-14 01:21:10,128,128,52,94,,,,,0,0,,,
Bogor,Kabupaten Bogor Leuwiliang,2026-04-14 01:00:00,80,58,26,,4,9,0,80,,,,,
Tangerang,Tangerang Pasir Jaya,2026-04-13 01:00:00,-,52,24,,41,63,0,64,,,,,
Bekasi,Bekasi Kayuringin,2026-04-14 01:00:00,68,68,33,,75,15,0,24,,,,,
Jakarta,The Pakubuwono Menteng,2026-04-14 01:21:49,128,128,52,93,,,,,59,29.2,,,
Depok,Cinere - Nafas,2026-04-14 01:22:10,125,125,51,89,,,,,0,0,,,
Bogor,Kabupaten Bogor Leuwiliang,2026-04-14 01:00:00,80,58,26,,4,9,0,80,,,,,
Tangerang,Tangerang Pasir Jaya,2026-04-13 01:00:00,-,52,24,,41,63,0,64,,,,,
Bekasi,Bekasi Kayuringin,2026-04-14 01:00:00,68,68,33,,75,15,0,24,,,,,
Jakarta,The Pakubuwono Menteng,2026-04-14 01:23:49,129,129,52,93,,,,,59,29.2,,,
Depok,Cinere - Nafas,2026-04-14 01:24:10,127,127,51,90,,,,,0,0,,,
Bogor,Kabupaten Bogor Leuwiliang,2026-04-14 01:00:00,80,58,26,,4,9,0,80,,,,,
Tangerang,Tangerang Pasir Jaya,2026-04-13 01:00:00,-,52,24,,41,63,0,64,,,,,
Bekasi,Bekasi Kayuringin,2026-04-14 01:00:00,68,68,33,,75,15,0,24,,,,,
Jakarta,The Pakubuwono Menteng,2026-04-14 01:24:49,128,128,51,90,,,,,59,29.2,,,
Depok,Cinere - Nafas,2026-04-14 01:25:10,128,128,51,89,,,,,0,0,,,
Bogor,Kabupaten Bogor Leuwiliang,2026-04-14 01:00:00,80,58,26,,4,9,0,80,,,,,
Tangerang,Tangerang Pasir Jaya,2026-04-13 01:00:00,-,52,24,,41,63,0,64,,,,,
Bekasi,Bekasi Kayuringin,2026-04-14 01:00:00,68,68,33,,75,15,0,24,,,,,
Jakarta,The Pakubuwono Menteng,2026-04-14 01:25:52,127,127,51,92,,,,,59,29.2,,,
Depok,Cinere - Nafas,2026-04-14 01:25:10,128,128,51,90,,,,,0,0,,,
Bogor,Kabupaten Bogor Leuwiliang,2026-04-14 01:00:00,80,58,26,,4,9,0,80,,,,,
Tangerang,Tangerang Pasir Jaya,2026-04-13 01:00:00,-,52,24,,41,63,0,64,,,,,
Bekasi,Bekasi Kayuringin,2026-04-14 01:00:00,68,68,33,,75,15,0,24,,,,,
Jakarta,The Pakubuwono Menteng,2026-04-14 01:26:52,126,126,51,94,,,,,59,29.2,,,
Depok,Cinere - Nafas,2026-04-14 01:27:10,128,128,53,91,,,,,0,0,,,
Bogor,Kabupaten Bogor Leuwiliang,2026-04-14 01:00:00,80,58,26,,4,9,0,80,,,,,
Tangerang,Tangerang Pasir Jaya,2026-04-13 01:00:00,-,52,24,,41,63,0,64,,,,,
Bekasi,Bekasi Kayuringin,2026-04-14 01:00:00,68,68,33,,75,15,0,24,,,,,
Jakarta,The Pakubuwono Menteng,2026-04-14 01:28:49,131,131,52,95,,,,,59,29.2,,,
Depok,Cinere - Nafas,2026-04-14 01:29:10,124,124,50,89,,,,,0,0,,,
Bogor,Kabupaten Bogor Leuwiliang,2026-04-14 01:00:00,80,58,26,,4,9,0,80,,,,,
Tangerang,Tangerang Pasir Jaya,2026-04-13 01:00:00,-,52,24,,41,63,0,64,,,,,
Bekasi,Bekasi Kayuringin,2026-04-14 01:00:00,68,68,33,,75,15,0,24,,,,,
Jakarta,The Pakubuwono Menteng,2026-04-14 01:29:49,130,130,52,94,,,,,59,29.2,,,
Depok,Cinere - Nafas,2026-04-14 01:30:10,127,127,52,90,,,,,0,0,,,
Bogor,Kabupaten Bogor Leuwiliang,2026-04-14 01:00:00,80,58,26,,4,9,0,80,,,,,
Tangerang,Tangerang Pasir Jaya,2026-04-13 01:00:00,-,52,24,,41,63,0,64,,,,,
Bekasi,Bekasi Kayuringin,2026-04-14 01:00:00,68,68,33,,75,15,0,24,,,,,
Jakarta,The Pakubuwono Menteng,2026-04-14 01:30:49,126,126,51,93,,,,,59,29.3,,,
Depok,Cinere - Nafas,2026-04-14 01:31:10,127,127,51,90,,,,,0,0,,,
Bogor,Kabupaten Bogor Leuwiliang,2026-04-14 01:00:00,80,58,26,,4,9,0,80,,,,,
Tangerang,Tangerang Pasir Jaya,2026-04-13 01:00:00,-,52,24,,41,63,0,64,,,,,
Bekasi,Bekasi Kayuringin,2026-04-14 01:00:00,68,68,33,,75,15,0,24,,,,,
Jakarta,The Pakubuwono Menteng,2026-04-14 01:31:49,130,130,52,96,,,,,59,29.3,,,
Depok,Cinere - Nafas,2026-04-14 01:32:10,126,126,50,90,,,,,0,0,,,
Bogor,Kabupaten Bogor Leuwiliang,2026-04-14 01:00:00,80,58,26,,4,9,0,80,,,,,
Tangerang,Tangerang Pasir Jaya,2026-04-13 01:00:00,-,52,24,,41,63,0,64,,,,,
Bekasi,Bekasi Kayuringin,2026-04-14 01:00:00,68,68,33,,75,15,0,24,,,,,
Jakarta,The Pakubuwono Menteng,2026-04-14 01:32:50,124,124,50,90,,,,,59,29.3,,,
Depok,Cinere - Nafas,2026-04-14 01:33:10,128,128,52,91,,,,,0,0,,,
Bogor,Kabupaten Bogor Leuwiliang,2026-04-14 01:00:00,80,58,26,,4,9,0,80,,,,,
Tangerang,Tangerang Pasir Jaya,2026-04-13 01:00:00,-,52,24,,41,63,0,64,,,,,
Bekasi,Bekasi Kayuringin,2026-04-14 01:00:00,68,68,33,,75,15,0,24,,,,,
Jakarta,The Pakubuwono Menteng,2026-04-14 01:34:52,128,128,51,90,,,,,59,29.3,,,
Depok,Cinere - Nafas,2026-04-14 01:35:10,127,127,52,88,,,,,0,0,,,
Bogor,Kabupaten Bogor Leuwiliang,2026-04-14 01:00:00,80,58,26,,4,9,0,80,,,,,
Tangerang,Tangerang Pasir Jaya,2026-04-13 01:00:00,-,52,24,,41,63,0,64,,,,,
Bekasi,Bekasi Kayuringin,2026-04-14 01:00:00,68,68,33,,75,15,0,24,,,,,
Jakarta,The Pakubuwono Menteng,2026-04-14 01:35:49,121,121,49,89,,,,,59,29.3,,,
Depok,Cinere - Nafas,2026-04-14 01:36:10,129,129,53,93,,,,,0,0,,,
Bogor,Kabupaten Bogor Leuwiliang,2026-04-14 01:00:00,80,58,26,,4,9,0,80,,,,,
Tangerang,Tangerang Pasir Jaya,2026-04-13 01:00:00,-,52,24,,41,63,0,64,,,,,
Bekasi,Bekasi Kayuringin,2026-04-14 01:00:00,68,68,33,,75,15,0,24,,,,,
Jakarta,The Pakubuwono Menteng,2026-04-14 01:36:50,123,123,50,90,,,,,59,29.4,,,
Depok,Cinere - Nafas,2026-04-14 01:37:10,125,125,52,89,,,,,0,0,,,
Bogor,Kabupaten Bogor Leuwiliang,2026-04-14 01:00:00,80,58,26,,4,9,0,80,,,,,
Tangerang,Tangerang Pasir Jaya,2026-04-13 01:00:00,-,52,24,,41,63,0,64,,,,,
Bekasi,Bekasi Kayuringin,2026-04-14 01:00:00,68,68,33,,75,15,0,24,,,,,
Jakarta,The Pakubuwono Menteng,2026-04-14 01:37:49,118,118,48,87,,,,,59,29.4,,,
Depok,Cinere - Nafas,2026-04-14 01:38:10,129,129,51,90,,,,,0,0,,,
Bogor,Kabupaten Bogor Leuwiliang,2026-04-14 01:00:00,80,58,26,,4,9,0,80,,,,,
Tangerang,Tangerang Pasir Jaya,2026-04-13 01:00:00,-,52,24,,41,63,0,64,,,,,
Bekasi,Bekasi Kayuringin,2026-04-14 01:00:00,68,68,33,,75,15,0,24,,,,,
Jakarta,The Pakubuwono Menteng,2026-04-14 01:39:50,120,120,47,87,,,,,59,29.4,,,
Depok,Cinere - Nafas,2026-04-14 01:40:11,127,127,51,89,,,,,0,0,,,
Bogor,Kabupaten Bogor Leuwiliang,2026-04-14 01:00:00,80,58,26,,4,9,0,80,,,,,
Tangerang,Tangerang Pasir Jaya,2026-04-13 01:00:00,-,52,24,,41,63,0,64,,,,,
Bekasi,Bekasi Kayuringin,2026-04-14 01:00:00,68,68,33,,75,15,0,24,,,,,
Jakarta,The Pakubuwono Menteng,2026-04-14 01:40:50,123,123,51,90,,,,,59,29.4,,,
Depok,Cinere - Nafas,2026-04-14 01:41:10,128,128,52,89,,,,,0,0,,,
Bogor,Kabupaten Bogor Leuwiliang,2026-04-14 01:00:00,80,58,26,,4,9,0,80,,,,,
Tangerang,Tangerang Pasir Jaya,2026-04-13 01:00:00,-,52,24,,41,63,0,64,,,,,
Bekasi,Bekasi Kayuringin,2026-04-14 01:00:00,68,68,33,,75,15,0,24,,,,,
Jakarta,The Pakubuwono Menteng,2026-04-14 01:41:50,125,125,50,89,,,,,59,29.4,,,
Depok,Cinere - Nafas,2026-04-14 01:42:10,128,128,52,89,,,,,0,0,,,
Bogor,Kabupaten Bogor Leuwiliang,2026-04-14 01:00:00,80,58,26,,4,9,0,80,,,,,
Tangerang,Tangerang Pasir Jaya,2026-04-13 01:00:00,-,52,24,,41,63,0,64,,,,,
Bekasi,Bekasi Kayuringin,2026-04-14 01:00:00,68,68,33,,75,15,0,24,,,,,
Jakarta,The Pakubuwono Menteng,2026-04-14 01:42:50,118,118,48,87,,,,,59,29.4,,,
Depok,Cinere - Nafas,2026-04-14 01:43:10,125,125,51,90,,,,,0,0,,,
Bogor,Kabupaten Bogor Leuwiliang,2026-04-14 01:00:00,80,58,26,,4,9,0,80,,,,,
Tangerang,Tangerang Pasir Jaya,2026-04-13 01:00:00,-,52,24,,41,63,0,64,,,,,
Bekasi,Bekasi Kayuringin,2026-04-14 01:00:00,68,68,33,,75,15,0,24,,,,,
Jakarta,The Pakubuwono Menteng,2026-04-14 01:43:50,123,123,49,88,,,,,59,29.4,,,
Depok,Cinere - Nafas,2026-04-14 01:44:10,130,130,52,89,,,,,0,0,,,
Bogor,Kabupaten Bogor Leuwiliang,2026-04-14 01:00:00,80,58,26,,4,9,0,80,,,,,
Tangerang,Tangerang Pasir Jaya,2026-04-13 01:00:00,-,52,24,,41,63,0,64,,,,,
Bekasi,Bekasi Kayuringin,2026-04-14 01:00:00,68,68,33,,75,15,0,24,,,,,
Jakarta,The Pakubuwono Menteng,2026-04-14 01:45:50,126,126,52,94,,,,,59,29.4,,,
Depok,Cinere - Nafas,2026-04-14 01:46:10,131,131,53,92,,,,,0,0,,,
Bogor,Kabupaten Bogor Leuwiliang,2026-04-14 01:00:00,80,58,26,,4,9,0,80,,,,,
Tangerang,Tangerang Pasir Jaya,2026-04-13 01:00:00,-,52,24,,41,63,0,64,,,,,
Bekasi,Bekasi Kayuringin,2026-04-14 01:00:00,68,68,33,,75,15,0,24,,,,,
Jakarta,The Pakubuwono Menteng,2026-04-14 01:46:50,123,123,50,89,,,,,59,29.4,,,
Depok,Cinere - Nafas,2026-04-14 01:47:10,128,128,52,89,,,,,0,0,,,
Bogor,Kabupaten Bogor Leuwiliang,2026-04-14 01:00:00,80,58,26,,4,9,0,80,,,,,
Tangerang,Tangerang Pasir Jaya,2026-04-13 01:00:00,-,52,24,,41,63,0,64,,,,,
Bekasi,Bekasi Kayuringin,2026-04-14 01:00:00,68,68,33,,75,15,0,24,,,,,
Jakarta,The Pakubuwono Menteng,2026-04-14 01:47:50,124,124,50,89,,,,,58,29.4,,,
Depok,Cinere - Nafas,2026-04-14 01:48:10,126,126,51,90,,,,,0,0,,,
Bogor,Kabupaten Bogor Leuwiliang,2026-04-14 01:00:00,80,58,26,,4,9,0,80,,,,,
Tangerang,Tangerang Pasir Jaya,2026-04-13 01:00:00,-,52,24,,41,63,0,64,,,,,
Bekasi,Bekasi Kayuringin,2026-04-14 01:00:00,68,68,33,,75,15,0,24,,,,,
Jakarta,The Pakubuwono Menteng,2026-04-14 01:48:50,125,125,50,90,,,,,58,29.4,,,
Depok,Cinere - Nafas,2026-04-14 01:49:10,126,126,51,89,,,,,0,0,,,
Bogor,Kabupaten Bogor Leuwiliang,2026-04-14 01:00:00,80,58,26,,4,9,0,80,,,,,
Tangerang,Tangerang Pasir Jaya,2026-04-13 01:00:00,-,52,24,,41,63,0,64,,,,,
Bekasi,Bekasi Kayuringin,2026-04-14 01:00:00,68,68,33,,75,15,0,24,,,,,
Jakarta,The Pakubuwono Menteng,2026-04-14 01:49:50,127,127,51,93,,,,,58,29.5,,,
Depok,Cinere - Nafas,2026-04-14 01:50:10,127,127,52,89,,,,,0,0,,,
Bogor,Kabupaten Bogor Leuwiliang,2026-04-14 01:00:00,80,58,26,,4,9,0,80,,,,,
Tangerang,Tangerang Pasir Jaya,2026-04-13 01:00:00,-,52,24,,41,63,0,64,,,,,
Bekasi,Bekasi Kayuringin,2026-04-14 01:00:00,68,68,33,,75,15,0,24,,,,,
Jakarta,The Pakubuwono Menteng,2026-04-14 01:50:54,124,124,50,90,,,,,58,29.5,,,
Depok,Cinere - Nafas,2026-04-14 01:52:10,127,127,52,89,,,,,0,0,,,
Bogor,Kabupaten Bogor Leuwiliang,2026-04-14 01:00:00,80,58,26,,4,9,0,80,,,,,
Tangerang,Tangerang Pasir Jaya,2026-04-13 01:00:00,-,52,24,,41,63,0,64,,,,,
Bekasi,Bekasi Kayuringin,2026-04-14 01:00:00,68,68,33,,75,15,0,24,,,,,
Jakarta,The Pakubuwono Menteng,2026-04-14 01:52:50,129,129,52,94,,,,,58,29.5,,,
Depok,Cinere - Nafas,2026-04-14 01:53:10,127,127,52,90,,,,,0,0,,,
Bogor,Kabupaten Bogor Leuwiliang,2026-04-14 01:00:00,80,58,26,,4,9,0,80,,,,,
Tangerang,Tangerang Pasir Jaya,2026-04-13 01:00:00,-,52,24,,41,63,0,64,,,,,
Bekasi,Bekasi Kayuringin,2026-04-14 01:00:00,68,68,33,,75,15,0,24,,,,,
Jakarta,The Pakubuwono Menteng,2026-04-14 01:53:50,127,127,51,94,,,,,58,29.5,,,
Depok,Cinere - Nafas,2026-04-14 01:53:10,127,127,52,90,,,,,0,0,,,
Bogor,Kabupaten Bogor Leuwiliang,2026-04-14 01:00:00,80,58,26,,4,9,0,80,,,,,
Tangerang,Tangerang Pasir Jaya,2026-04-13 01:00:00,-,52,24,,41,63,0,64,,,,,
Bekasi,Bekasi Kayuringin,2026-04-14 01:00:00,68,68,33,,75,15,0,24,,,,,
Jakarta,The Pakubuwono Menteng,2026-04-14 01:55:50,119,119,50,87,,,,,58,29.5,,,
Depok,Cinere - Nafas,2026-04-14 01:55:30,131,131,52,92,,,,,0,0,,,
Bogor,Kabupaten Bogor Leuwiliang,2026-04-14 01:00:00,80,58,26,,4,9,0,80,,,,,
Tangerang,Tangerang Pasir Jaya,2026-04-13 01:00:00,-,52,24,,41,63,0,64,,,,,
Bekasi,Bekasi Kayuringin,2026-04-14 01:00:00,68,68,33,,75,15,0,24,,,,,
Jakarta,The Pakubuwono Menteng,2026-04-14 01:56:50,121,121,48,88,,,,,58,29.5,,,
Depok,Cinere - Nafas,2026-04-14 01:57:20,128,128,52,90,,,,,0,0,,,
Bogor,Kabupaten Bogor Leuwiliang,2026-04-14 01:00:00,80,58,26,,4,9,0,80,,,,,
Tangerang,Tangerang Pasir Jaya,2026-04-13 01:00:00,-,52,24,,41,63,0,64,,,,,
Bekasi,Bekasi Kayuringin,2026-04-14 01:00:00,68,68,33,,75,15,0,24,,,,,
Jakarta,The Pakubuwono Menteng,2026-04-14 01:57:50,116,116,47,86,,,,,58,29.5,,,
Depok,Cinere - Nafas,2026-04-14 01:58:30,131,131,52,94,,,,,0,0,,,
Bogor,Kabupaten Bogor Leuwiliang,2026-04-14 01:00:00,80,58,26,,4,9,0,80,,,,,
Tangerang,Tangerang Pasir Jaya,2026-04-13 01:00:00,-,52,24,,41,63,0,64,,,,,
Bekasi,Bekasi Kayuringin,2026-04-14 01:00:00,68,68,33,,75,15,0,24,,,,,
Jakarta,The Pakubuwono Menteng,2026-04-14 01:57:50,116,116,47,86,,,,,58,29.5,,,
Depok,Cinere - Nafas,2026-04-14 01:58:30,131,131,52,94,,,,,0,0,,,
Bogor,Kabupaten Bogor Leuwiliang,2026-04-14 01:00:00,80,58,26,,4,9,0,80,,,,,
Tangerang,Tangerang Pasir Jaya,2026-04-13 01:00:00,-,52,24,,41,63,0,64,,,,,
Bekasi,Bekasi Kayuringin,2026-04-14 01:00:00,68,68,33,,75,15,0,24,,,,,
Jakarta,The Pakubuwono Menteng,2026-04-14 01:58:50,116,116,47,86,,,,,58,29.5,,,
Depok,Cinere - Nafas,2026-04-14 01:59:30,130,130,52,93,,,,,0,0,,,
Bogor,Kabupaten Bogor Leuwiliang,2026-04-14 01:00:00,80,58,26,,4,9,0,80,,,,,
Tangerang,Tangerang Pasir Jaya,2026-04-13 01:00:00,-,52,24,,41,63,0,64,,,,,
Bekasi,Bekasi Kayuringin,2026-04-14 01:00:00,68,68,33,,75,15,0,24,,,,,
Jakarta,The Pakubuwono Menteng,2026-04-14 02:01:50,125,125,50,89,,,,,58,29.5,,,
Depok,Cinere - Nafas,2026-04-14 02:02:30,152,152,58,108,,,,,0,0,,,
Bogor,Kabupaten Bogor Leuwiliang,2026-04-14 01:00:00,80,58,26,,4,9,0,80,,,,,
Tangerang,Tangerang Pasir Jaya,2026-04-13 01:00:00,-,52,24,,41,63,0,64,,,,,
Bekasi,Bekasi Kayuringin,2026-04-14 01:00:00,68,68,33,,75,15,0,24,,,,,
Jakarta,The Pakubuwono Menteng,2026-04-14 02:02:50,127,127,52,90,,,,,58,29.5,,,
Depok,Cinere - Nafas,2026-04-14 02:03:30,153,153,60,116,,,,,0,0,,,
Bogor,Kabupaten Bogor Leuwiliang,2026-04-14 01:00:00,80,58,26,,4,9,0,80,,,,,
Tangerang,Tangerang Pasir Jaya,2026-04-13 01:00:00,-,52,24,,41,63,0,64,,,,,
Bekasi,Bekasi Kayuringin,2026-04-14 01:00:00,68,68,33,,75,15,0,24,,,,,
Jakarta,The Pakubuwono Menteng,2026-04-14 02:03:50,130,130,52,93,,,,,58,29.5,,,
Depok,Cinere - Nafas,2026-04-14 02:04:30,144,144,57,100,,,,,0,0,,,
Bogor,Kabupaten Bogor Leuwiliang,2026-04-14 01:00:00,80,58,26,,4,9,0,80,,,,,
Tangerang,Tangerang Pasir Jaya,2026-04-13 01:00:00,-,52,24,,41,63,0,64,,,,,
Bekasi,Bekasi Kayuringin,2026-04-14 01:00:00,68,68,33,,75,15,0,24,,,,,
Jakarta,The Pakubuwono Menteng,2026-04-14 02:04:50,131,131,52,94,,,,,58,29.5,,,
Depok,Cinere - Nafas,2026-04-14 02:05:30,144,144,56,100,,,,,0,0,,,
Bogor,Kabupaten Bogor Leuwiliang,2026-04-14 01:00:00,80,58,26,,4,9,0,80,,,,,
Tangerang,Tangerang Pasir Jaya,2026-04-13 01:00:00,-,52,24,,41,63,0,64,,,,,
Bekasi,Bekasi Kayuringin,2026-04-14 01:00:00,68,68,33,,75,15,0,24,,,,,
Jakarta,The Pakubuwono Menteng,2026-04-14 02:05:50,129,129,52,95,,,,,58,29.5,,,
Depok,Cinere - Nafas,2026-04-14 02:06:30,150,150,56,99,,,,,0,0,,,
Bogor,Kabupaten Bogor Leuwiliang,2026-04-14 01:00:00,80,58,26,,4,9,0,80,,,,,
Tangerang,Tangerang Pasir Jaya,2026-04-13 01:00:00,-,52,24,,41,63,0,64,,,,,
Bekasi,Bekasi Kayuringin,2026-04-14 01:00:00,68,68,33,,75,15,0,24,,,,,
Jakarta,The Pakubuwono Menteng,2026-04-14 02:06:50,125,125,50,89,,,,,58,29.5,,,
Depok,Cinere - Nafas,2026-04-14 02:07:30,144,144,57,100,,,,,0,0,,,
Bogor,Kabupaten Bogor Leuwiliang,2026-04-14 01:00:00,80,58,26,,4,9,0,80,,,,,
Tangerang,Tangerang Pasir Jaya,2026-04-13 01:00:00,-,52,24,,41,63,0,64,,,,,
Bekasi,Bekasi Kayuringin,2026-04-14 01:00:00,68,68,33,,75,15,0,24,,,,,
Jakarta,The Pakubuwono Menteng,2026-04-14 02:07:50,125,125,51,93,,,,,58,29.5,,,
Depok,Cinere - Nafas,2026-04-14 02:08:30,148,148,57,100,,,,,0,0,,,
Bogor,Kabupaten Bogor Leuwiliang,2026-04-14 02:00:00,80,59,26,,4,9,0,80,,,,,
Tangerang,Tangerang Pasir Jaya,2026-04-13 01:00:00,-,52,24,,41,63,0,64,,,,,
Bekasi,Bekasi Kayuringin,2026-04-14 02:00:00,60,60,31,,75,15,0,24,,,,,
Jakarta,The Pakubuwono Menteng,2026-04-14 02:08:50,127,127,51,91,,,,,58,29.5,,,
Depok,Cinere - Nafas,2026-04-14 02:10:30,146,146,57,100,,,,,0,0,,,
Bogor,Kabupaten Bogor Leuwiliang,2026-04-14 02:00:00,80,59,26,,4,9,0,80,,,,,
Tangerang,Tangerang Pasir Jaya,2026-04-13 01:00:00,-,52,24,,41,63,0,64,,,,,
Bekasi,Bekasi Kayuringin,2026-04-14 02:00:00,60,60,31,,75,15,0,24,,,,,
Jakarta,The Pakubuwono Menteng,2026-04-14 02:10:50,126,126,52,94,,,,,58,29.5,,,
Depok,Cinere - Nafas,2026-04-14 02:11:30,147,147,56,101,,,,,0,0,,,
Bogor,Kabupaten Bogor Leuwiliang,2026-04-14 02:00:00,80,59,26,,4,9,0,80,,,,,
Tangerang,Tangerang Pasir Jaya,2026-04-13 01:00:00,-,52,24,,41,63,0,64,,,,,
Bekasi,Bekasi Kayuringin,2026-04-14 02:00:00,60,60,31,,75,15,0,24,,,,,
Jakarta,The Pakubuwono Menteng,2026-04-14 02:11:50,126,126,51,93,,,,,58,29.5,,,
Depok,Cinere - Nafas,2026-04-14 02:12:30,143,143,56,100,,,,,0,0,,,
Bogor,Kabupaten Bogor Leuwiliang,2026-04-14 02:00:00,80,59,26,,4,9,0,80,,,,,
Tangerang,Tangerang Pasir Jaya,2026-04-13 01:00:00,-,52,24,,41,63,0,64,,,,,
Bekasi,Bekasi Kayuringin,2026-04-14 02:00:00,60,60,31,,75,15,0,24,,,,,
Jakarta,The Pakubuwono Menteng,2026-04-14 02:13:50,126,126,50,90,,,,,58,29.5,,,
Depok,Cinere - Nafas,2026-04-14 02:14:30,140,140,55,98,,,,,0,0,,,
Bogor,Kabupaten Bogor Leuwiliang,2026-04-14 02:00:00,80,59,26,,4,9,0,80,,,,,
Tangerang,Tangerang Pasir Jaya,2026-04-13 01:00:00,-,52,24,,41,63,0,64,,,,,
Bekasi,Bekasi Kayuringin,2026-04-14 02:00:00,60,60,31,,75,15,0,24,,,,,
Jakarta,The Pakubuwono Menteng,2026-04-14 02:14:50,126,126,50,90,,,,,58,29.4,,,
Depok,Cinere - Nafas,2026-04-14 02:15:30,137,137,54,94,,,,,0,0,,,
Bogor,Kabupaten Bogor Leuwiliang,2026-04-14 02:00:00,80,59,26,,4,9,0,80,,,,,
Tangerang,Tangerang Pasir Jaya,2026-04-13 01:00:00,-,52,24,,41,63,0,64,,,,,
Bekasi,Bekasi Kayuringin,2026-04-14 02:00:00,60,60,31,,75,15,0,24,,,,,
Jakarta,The Pakubuwono Menteng,2026-04-14 02:14:50,126,126,50,90,,,,,58,29.4,,,
Depok,Cinere - Nafas,2026-04-14 02:15:30,137,137,54,94,,,,,0,0,,,
Bogor,Kabupaten Bogor Leuwiliang,2026-04-14 02:00:00,80,59,26,,4,9,0,80,,,,,
Tangerang,Tangerang Pasir Jaya,2026-04-13 01:00:00,-,52,24,,41,63,0,64,,,,,
Bekasi,Bekasi Kayuringin,2026-04-14 02:00:00,60,60,31,,75,15,0,24,,,,,
Jakarta,The Pakubuwono Menteng,2026-04-14 02:15:50,123,123,50,90,,,,,58,29.4,,,
Depok,Cinere - Nafas,2026-04-14 02:16:30,140,140,55,97,,,,,0,0,,,
Bogor,Kabupaten Bogor Leuwiliang,2026-04-14 02:00:00,80,59,26,,4,9,0,80,,,,,
Tangerang,Tangerang Pasir Jaya,2026-04-13 01:00:00,-,52,24,,41,63,0,64,,,,,
Bekasi,Bekasi Kayuringin,2026-04-14 02:00:00,60,60,31,,75,15,0,24,,,,,
Jakarta,The Pakubuwono Menteng,2026-04-14 02:16:50,127,127,51,91,,,,,58,29.4,,,
Depok,Cinere - Nafas,2026-04-14 02:17:30,140,140,56,98,,,,,0,0,,,
Bogor,Kabupaten Bogor Leuwiliang,2026-04-14 02:00:00,80,59,26,,4,9,0,80,,,,,
Tangerang,Tangerang Pasir Jaya,2026-04-13 01:00:00,-,52,24,,41,63,0,64,,,,,
Bekasi,Bekasi Kayuringin,2026-04-14 02:00:00,60,60,31,,75,15,0,24,,,,,
Jakarta,The Pakubuwono Menteng,2026-04-14 02:19:50,121,121,48,89,,,,,58,29.4,,,
Depok,Cinere - Nafas,2026-04-14 02:20:31,138,138,54,96,,,,,0,0,,,
Bogor,Kabupaten Bogor Leuwiliang,2026-04-14 02:00:00,80,59,26,,4,9,0,80,,,,,
Tangerang,Tangerang Pasir Jaya,2026-04-13 01:00:00,-,52,24,,41,63,0,64,,,,,
Bekasi,Bekasi Kayuringin,2026-04-14 02:00:00,60,60,31,,75,15,0,24,,,,,
Jakarta,The Pakubuwono Menteng,2026-04-14 02:20:50,115,115,48,88,,,,,58,29.4,,,
Depok,Cinere - Nafas,2026-04-14 02:21:31,138,138,55,96,,,,,0,0,,,
Bogor,Kabupaten Bogor Leuwiliang,2026-04-14 02:00:00,80,59,26,,4,9,0,80,,,,,
Tangerang,Tangerang Pasir Jaya,2026-04-13 01:00:00,-,52,24,,41,63,0,64,,,,,
Bekasi,Bekasi Kayuringin,2026-04-14 02:00:00,60,60,31,,75,15,0,24,,,,,
Jakarta,The Pakubuwono Menteng,2026-04-14 02:21:50,114,114,44,84,,,,,58,29.4,,,
Depok,Cinere - Nafas,2026-04-14 02:22:31,135,135,54,96,,,,,0,0,,,
Bogor,Kabupaten Bogor Leuwiliang,2026-04-14 02:00:00,80,59,26,,4,9,0,80,,,,,
Tangerang,Tangerang Pasir Jaya,2026-04-13 01:00:00,-,52,24,,41,63,0,64,,,,,
Bekasi,Bekasi Kayuringin,2026-04-14 02:00:00,60,60,31,,75,15,0,24,,,,,
Jakarta,The Pakubuwono Menteng,2026-04-14 02:22:50,108,108,43,84,,,,,58,29.4,,,
Depok,Cinere - Nafas,2026-04-14 02:23:31,138,138,54,96,,,,,0,0,,,
Bogor,Kabupaten Bogor Leuwiliang,2026-04-14 02:00:00,80,59,26,,4,9,0,80,,,,,
Tangerang,Tangerang Pasir Jaya,2026-04-13 01:00:00,-,52,24,,41,63,0,64,,,,,
Bekasi,Bekasi Kayuringin,2026-04-14 02:00:00,60,60,31,,75,15,0,24,,,,,
Jakarta,The Pakubuwono Menteng,2026-04-14 02:23:50,108,108,42,81,,,,,58,29.4,,,
Depok,Cinere - Nafas,2026-04-14 02:24:31,138,138,55,96,,,,,0,0,,,
Bogor,Kabupaten Bogor Leuwiliang,2026-04-14 02:00:00,80,59,26,,4,9,0,80,,,,,
Tangerang,Tangerang Pasir Jaya,2026-04-13 01:00:00,-,52,24,,41,63,0,64,,,,,
Bekasi,Bekasi Kayuringin,2026-04-14 02:00:00,60,60,31,,75,15,0,24,,,,,
Jakarta,The Pakubuwono Menteng,2026-04-14 02:24:51,110,110,44,83,,,,,58,29.4,,,
Depok,Cinere - Nafas,2026-04-14 02:25:31,138,138,55,94,,,,,0,0,,,
Bogor,Kabupaten Bogor Leuwiliang,2026-04-14 02:00:00,80,59,26,,4,9,0,80,,,,,
Tangerang,Tangerang Pasir Jaya,2026-04-13 01:00:00,-,52,24,,41,63,0,64,,,,,
Bekasi,Bekasi Kayuringin,2026-04-14 02:00:00,60,60,31,,75,15,0,24,,,,,
Jakarta,The Pakubuwono Menteng,2026-04-14 02:25:51,115,115,46,87,,,,,57,29.4,,,
Depok,Cinere - Nafas,2026-04-14 02:26:31,136,136,54,96,,,,,0,0,,,
Bogor,Kabupaten Bogor Leuwiliang,2026-04-14 02:00:00,80,59,26,,4,9,0,80,,,,,
Tangerang,Tangerang Pasir Jaya,2026-04-13 01:00:00,-,52,24,,41,63,0,64,,,,,
Bekasi,Bekasi Kayuringin,2026-04-14 02:00:00,60,60,31,,75,15,0,24,,,,,
Jakarta,The Pakubuwono Menteng,2026-04-14 02:26:50,121,121,50,88,,,,,57,29.4,,,
Depok,Cinere - Nafas,2026-04-14 02:28:31,138,138,54,94,,,,,0,0,,,
Bogor,Kabupaten Bogor Leuwiliang,2026-04-14 02:00:00,80,59,26,,4,9,0,80,,,,,
Tangerang,Tangerang Pasir Jaya,2026-04-13 01:00:00,-,52,24,,41,63,0,64,,,,,
Bekasi,Bekasi Kayuringin,2026-04-14 02:00:00,60,60,31,,75,15,0,24,,,,,
Jakarta,The Pakubuwono Menteng,2026-04-14 02:28:51,112,112,44,83,,,,,58,29.5,,,
Depok,Cinere - Nafas,2026-04-14 02:29:31,135,135,54,95,,,,,0,0,,,
Bogor,Kabupaten Bogor Leuwiliang,2026-04-14 02:00:00,80,59,26,,4,9,0,80,,,,,
Tangerang,Tangerang Pasir Jaya,2026-04-13 01:00:00,-,52,24,,41,63,0,64,,,,,
Bekasi,Bekasi Kayuringin,2026-04-14 02:00:00,60,60,31,,75,15,0,24,,,,,
Jakarta,The Pakubuwono Menteng,2026-04-14 02:30:51,117,117,49,87,,,,,57,29.4,,,
Depok,Cinere - Nafas,2026-04-14 02:31:31,135,135,54,95,,,,,0,0,,,
Bogor,Kabupaten Bogor Leuwiliang,2026-04-14 02:00:00,80,59,26,,4,9,0,80,,,,,
Tangerang,Tangerang Pasir Jaya,2026-04-13 01:00:00,-,52,24,,41,63,0,64,,,,,
Bekasi,Bekasi Kayuringin,2026-04-14 02:00:00,60,60,31,,75,15,0,24,,,,,
Jakarta,The Pakubuwono Menteng,2026-04-14 02:31:51,113,113,47,85,,,,,58,29.5,,,
Depok,Cinere - Nafas,2026-04-14 02:32:31,138,138,54,96,,,,,0,0,,,
Bogor,Kabupaten Bogor Leuwiliang,2026-04-14 02:00:00,80,59,26,,4,9,0,80,,,,,
Tangerang,Tangerang Pasir Jaya,2026-04-13 01:00:00,-,52,24,,41,63,0,64,,,,,
Bekasi,Bekasi Kayuringin,2026-04-14 02:00:00,60,60,31,,75,15,0,24,,,,,
Jakarta,The Pakubuwono Menteng,2026-04-14 02:31:51,113,113,47,85,,,,,58,29.5,,,
Depok,Cinere - Nafas,2026-04-14 02:32:31,138,138,54,96,,,,,0,0,,,
Bogor,Kabupaten Bogor Leuwiliang,2026-04-14 02:00:00,80,59,26,,4,9,0,80,,,,,
Tangerang,Tangerang Pasir Jaya,2026-04-13 01:00:00,-,52,24,,41,63,0,64,,,,,
Bekasi,Bekasi Kayuringin,2026-04-14 02:00:00,60,60,31,,75,15,0,24,,,,,
Jakarta,The Pakubuwono Menteng,2026-04-14 02:32:51,111,111,44,83,,,,,58,29.5,,,
Depok,Cinere - Nafas,2026-04-14 02:33:31,137,137,54,96,,,,,0,0,,,
Bogor,Kabupaten Bogor Leuwiliang,2026-04-14 02:00:00,80,59,26,,4,9,0,80,,,,,
Tangerang,Tangerang Pasir Jaya,2026-04-13 01:00:00,-,52,24,,41,63,0,64,,,,,
Bekasi,Bekasi Kayuringin,2026-04-14 02:00:00,60,60,31,,75,15,0,24,,,,,
Jakarta,The Pakubuwono Menteng,2026-04-14 02:34:51,115,115,45,85,,,,,57,29.5,,,
Depok,Cinere - Nafas,2026-04-14 02:35:31,139,139,55,96,,,,,0,0,,,
Bogor,Kabupaten Bogor Leuwiliang,2026-04-14 02:00:00,80,59,26,,4,9,0,80,,,,,
Tangerang,Tangerang Pasir Jaya,2026-04-13 01:00:00,-,52,24,,41,63,0,64,,,,,
Bekasi,Bekasi Kayuringin,2026-04-14 02:00:00,60,60,31,,75,15,0,24,,,,,
Jakarta,The Pakubuwono Menteng,2026-04-14 02:35:51,124,124,50,89,,,,,57,29.5,,,
Depok,Cinere - Nafas,2026-04-14 02:36:31,136,136,54,96,,,,,0,0,,,
Bogor,Kabupaten Bogor Leuwiliang,2026-04-14 02:00:00,80,59,26,,4,9,0,80,,,,,
Tangerang,Tangerang Pasir Jaya,2026-04-13 01:00:00,-,52,24,,41,63,0,64,,,,,
Bekasi,Bekasi Kayuringin,2026-04-14 02:00:00,60,60,31,,75,15,0,24,,,,,
Jakarta,The Pakubuwono Menteng,2026-04-14 02:36:51,127,127,51,91,,,,,58,29.5,,,
Depok,Cinere - Nafas,2026-04-14 02:38:31,135,135,53,95,,,,,0,0,,,
Bogor,Kabupaten Bogor Leuwiliang,2026-04-14 02:00:00,80,59,26,,4,9,0,80,,,,,
Tangerang,Tangerang Pasir Jaya,2026-04-13 01:00:00,-,52,24,,41,63,0,64,,,,,
Bekasi,Bekasi Kayuringin,2026-04-14 02:00:00,60,60,31,,75,15,0,24,,,,,
Jakarta,The Pakubuwono Menteng,2026-04-14 02:38:51,117,117,46,88,,,,,58,29.5,,,
Depok,Cinere - Nafas,2026-04-14 02:39:31,136,136,54,96,,,,,0,0,,,
Bogor,Kabupaten Bogor Leuwiliang,2026-04-14 02:00:00,80,59,26,,4,9,0,80,,,,,
Tangerang,Tangerang Pasir Jaya,2026-04-13 01:00:00,-,52,24,,41,63,0,64,,,,,
Bekasi,Bekasi Kayuringin,2026-04-14 02:00:00,60,60,31,,75,15,0,24,,,,,
Jakarta,The Pakubuwono Menteng,2026-04-14 02:39:51,124,124,51,89,,,,,58,29.5,,,
Depok,Cinere - Nafas,2026-04-14 02:40:31,137,137,54,94,,,,,0,0,,,
Bogor,Kabupaten Bogor Leuwiliang,2026-04-14 02:00:00,80,59,26,,4,9,0,80,,,,,
Tangerang,Tangerang Pasir Jaya,2026-04-13 01:00:00,-,52,24,,41,63,0,64,,,,,
Bekasi,Bekasi Kayuringin,2026-04-14 02:00:00,60,60,31,,75,15,0,24,,,,,
Jakarta,The Pakubuwono Menteng,2026-04-14 02:40:51,126,126,51,90,,,,,58,29.5,,,
Depok,Cinere - Nafas,2026-04-14 02:41:31,136,136,54,95,,,,,0,0,,,
Bogor,Kabupaten Bogor Leuwiliang,2026-04-14 02:00:00,80,59,26,,4,9,0,80,,,,,
Tangerang,Tangerang Pasir Jaya,2026-04-13 01:00:00,-,52,24,,41,63,0,64,,,,,
Bekasi,Bekasi Kayuringin,2026-04-14 02:00:00,60,60,31,,75,15,0,24,,,,,
Jakarta,The Pakubuwono Menteng,2026-04-14 02:41:51,116,116,47,86,,,,,58,29.5,,,
Depok,Cinere - Nafas,2026-04-14 02:42:31,138,138,55,96,,,,,0,0,,,
Bogor,Kabupaten Bogor Leuwiliang,2026-04-14 02:00:00,80,59,26,,4,9,0,80,,,,,
Tangerang,Tangerang Pasir Jaya,2026-04-13 01:00:00,-,52,24,,41,63,0,64,,,,,
Bekasi,Bekasi Kayuringin,2026-04-14 02:00:00,60,60,31,,75,15,0,24,,,,,
Jakarta,The Pakubuwono Menteng,2026-04-14 02:42:51,116,116,45,86,,,,,58,29.5,,,
Depok,Cinere - Nafas,2026-04-14 02:43:31,140,140,56,97,,,,,0,0,,,
Bogor,Kabupaten Bogor Leuwiliang,2026-04-14 02:00:00,80,59,26,,4,9,0,80,,,,,
Tangerang,Tangerang Pasir Jaya,2026-04-13 01:00:00,-,52,24,,41,63,0,64,,,,,
Bekasi,Bekasi Kayuringin,2026-04-14 02:00:00,60,60,31,,75,15,0,24,,,,,
Jakarta,The Pakubuwono Menteng,2026-04-14 02:43:51,122,122,48,90,,,,,58,29.5,,,
Depok,Cinere - Nafas,2026-04-14 02:44:31,140,140,55,96,,,,,0,0,,,
Bogor,Kabupaten Bogor Leuwiliang,2026-04-14 02:00:00,80,59,26,,4,9,0,80,,,,,
Tangerang,Tangerang Pasir Jaya,2026-04-13 01:00:00,-,52,24,,41,63,0,64,,,,,
Bekasi,Bekasi Kayuringin,2026-04-14 02:00:00,60,60,31,,75,15,0,24,,,,,
Jakarta,The Pakubuwono Menteng,2026-04-14 02:45:51,126,126,51,89,,,,,58,29.5,,,
Depok,Cinere - Nafas,2026-04-14 02:46:31,139,139,56,96,,,,,0,0,,,
Bogor,Kabupaten Bogor Leuwiliang,2026-04-14 02:00:00,80,59,26,,4,9,0,80,,,,,
Tangerang,Tangerang Pasir Jaya,2026-04-13 01:00:00,-,52,24,,41,63,0,64,,,,,
Bekasi,Bekasi Kayuringin,2026-04-14 02:00:00,60,60,31,,75,15,0,24,,,,,
Jakarta,The Pakubuwono Menteng,2026-04-14 02:46:51,125,125,50,89,,,,,58,29.5,,,
Depok,Cinere - Nafas,2026-04-14 02:47:31,141,141,56,96,,,,,0,0,,,
Bogor,Kabupaten Bogor Leuwiliang,2026-04-14 02:00:00,80,59,26,,4,9,0,80,,,,,
Tangerang,Tangerang Pasir Jaya,2026-04-13 01:00:00,-,52,24,,41,63,0,64,,,,,
Bekasi,Bekasi Kayuringin,2026-04-14 02:00:00,60,60,31,,75,15,0,24,,,,,
Jakarta,The Pakubuwono Menteng,2026-04-14 02:47:51,126,126,52,94,,,,,58,29.5,,,
Depok,Cinere - Nafas,2026-04-14 02:48:31,141,141,56,97,,,,,0,0,,,
Bogor,Kabupaten Bogor Leuwiliang,2026-04-14 02:00:00,80,59,26,,4,9,0,80,,,,,
Tangerang,Tangerang Pasir Jaya,2026-04-13 01:00:00,-,52,24,,41,63,0,64,,,,,
Bekasi,Bekasi Kayuringin,2026-04-14 02:00:00,60,60,31,,75,15,0,24,,,,,
Jakarta,The Pakubuwono Menteng,2026-04-14 02:48:51,128,128,52,94,,,,,58,29.5,,,
Depok,Cinere - Nafas,2026-04-14 02:49:31,136,136,53,95,,,,,0,0,,,
Bogor,Kabupaten Bogor Leuwiliang,2026-04-14 02:00:00,80,59,26,,4,9,0,80,,,,,
Tangerang,Tangerang Pasir Jaya,2026-04-13 01:00:00,-,52,24,,41,63,0,64,,,,,
Bekasi,Bekasi Kayuringin,2026-04-14 02:00:00,60,60,31,,75,15,0,24,,,,,
Jakarta,The Pakubuwono Menteng,2026-04-14 02:50:51,131,131,53,95,,,,,58,29.5,,,
Depok,Cinere - Nafas,2026-04-14 02:51:31,137,137,55,93,,,,,0,0,,,
Bogor,Kabupaten Bogor Leuwiliang,2026-04-14 02:00:00,80,59,26,,4,9,0,80,,,,,
Tangerang,Tangerang Pasir Jaya,2026-04-13 01:00:00,-,52,24,,41,63,0,64,,,,,
Bekasi,Bekasi Kayuringin,2026-04-14 02:00:00,60,60,31,,75,15,0,24,,,,,
Jakarta,The Pakubuwono Menteng,2026-04-14 02:51:51,132,132,53,94,,,,,58,29.5,,,
Depok,Cinere - Nafas,2026-04-14 02:52:31,135,135,54,95,,,,,0,0,,,
Bogor,Kabupaten Bogor Leuwiliang,2026-04-14 02:00:00,80,59,26,,4,9,0,80,,,,,
Tangerang,Tangerang Pasir Jaya,2026-04-13 01:00:00,-,52,24,,41,63,0,64,,,,,
Bekasi,Bekasi Kayuringin,2026-04-14 02:00:00,60,60,31,,75,15,0,24,,,,,
Jakarta,The Pakubuwono Menteng,2026-04-14 02:52:51,131,131,53,93,,,,,58,29.5,,,
Depok,Cinere - Nafas,2026-04-14 02:53:31,135,135,53,94,,,,,0,0,,,
Bogor,Kabupaten Bogor Leuwiliang,2026-04-14 02:00:00,80,59,26,,4,9,0,80,,,,,
Tangerang,Tangerang Pasir Jaya,2026-04-13 01:00:00,-,52,24,,41,63,0,64,,,,,
Bekasi,Bekasi Kayuringin,2026-04-14 02:00:00,60,60,31,,75,15,0,24,,,,,
Jakarta,The Pakubuwono Menteng,2026-04-14 02:53:51,128,128,51,93,,,,,58,29.5,,,
Depok,Cinere - Nafas,2026-04-14 02:54:33,135,135,53,94,,,,,0,0,,,
Bogor,Kabupaten Bogor Leuwiliang,2026-04-14 02:00:00,80,59,26,,4,9,0,80,,,,,
Tangerang,Tangerang Pasir Jaya,2026-04-13 01:00:00,-,52,24,,41,63,0,64,,,,,
Bekasi,Bekasi Kayuringin,2026-04-14 02:00:00,60,60,31,,75,15,0,24,,,,,
Jakarta,The Pakubuwono Menteng,2026-04-14 02:54:51,129,129,52,93,,,,,58,29.5,,,
Depok,Cinere - Nafas,2026-04-14 02:55:33,133,133,53,94,,,,,0,0,,,
Bogor,Kabupaten Bogor Leuwiliang,2026-04-14 02:00:00,80,59,26,,4,9,0,80,,,,,
Tangerang,Tangerang Pasir Jaya,2026-04-13 01:00:00,-,52,24,,41,63,0,64,,,,,
Bekasi,Bekasi Kayuringin,2026-04-14 02:00:00,60,60,31,,75,15,0,24,,,,,
Jakarta,The Pakubuwono Menteng,2026-04-14 02:56:51,123,123,50,89,,,,,58,29.4,,,
Depok,Cinere - Nafas,2026-04-14 02:56:33,135,135,53,92,,,,,0,0,,,
Bogor,Kabupaten Bogor Leuwiliang,2026-04-14 02:00:00,80,59,26,,4,9,0,80,,,,,
Tangerang,Tangerang Pasir Jaya,2026-04-13 01:00:00,-,52,24,,41,63,0,64,,,,,
Bekasi,Bekasi Kayuringin,2026-04-14 02:00:00,60,60,31,,75,15,0,24,,,,,
Jakarta,The Pakubuwono Menteng,2026-04-14 02:57:51,122,122,50,89,,,,,58,29.4,,,
Depok,Cinere - Nafas,2026-04-14 02:58:33,136,136,54,94,,,,,0,0,,,
Bogor,Kabupaten Bogor Leuwiliang,2026-04-14 02:00:00,80,59,26,,4,9,0,80,,,,,
Tangerang,Tangerang Pasir Jaya,2026-04-13 01:00:00,-,52,24,,41,63,0,64,,,,,
Bekasi,Bekasi Kayuringin,2026-04-14 02:00:00,60,60,31,,75,15,0,24,,,,,
Jakarta,The Pakubuwono Menteng,2026-04-14 02:58:51,118,118,48,88,,,,,58,29.4,,,
Depok,Cinere - Nafas,2026-04-14 02:59:33,131,131,53,93,,,,,0,0,,,
Bogor,Kabupaten Bogor Leuwiliang,2026-04-14 02:00:00,80,59,26,,4,9,0,80,,,,,
Tangerang,Tangerang Pasir Jaya,2026-04-13 01:00:00,-,52,24,,41,63,0,64,,,,,
Bekasi,Bekasi Kayuringin,2026-04-14 02:00:00,60,60,31,,75,15,0,24,,,,,
Jakarta,The Pakubuwono Menteng,2026-04-14 02:59:51,120,120,48,90,,,,,58,29.4,,,
Depok,Cinere - Nafas,2026-04-14 03:00:33,134,134,53,93,,,,,0,0,,,
Bogor,Kabupaten Bogor Leuwiliang,2026-04-14 02:00:00,80,59,26,,4,9,0,80,,,,,
Tangerang,Tangerang Pasir Jaya,2026-04-13 01:00:00,-,52,24,,41,63,0,64,,,,,
Bekasi,Bekasi Kayuringin,2026-04-14 02:00:00,60,60,31,,75,15,0,24,,,,,
Jakarta,The Pakubuwono Menteng,2026-04-14 03:01:51,118,118,46,86,,,,,58,29.4,,,
Depok,Cinere - Nafas,2026-04-14 03:02:33,136,136,54,95,,,,,0,0,,,
Bogor,Kabupaten Bogor Leuwiliang,2026-04-14 02:00:00,80,59,26,,4,9,0,80,,,,,
Tangerang,Tangerang Pasir Jaya,2026-04-13 01:00:00,-,52,24,,41,63,0,64,,,,,
Bekasi,Bekasi Kayuringin,2026-04-14 02:00:00,60,60,31,,75,15,0,24,,,,,
Jakarta,The Pakubuwono Menteng,2026-04-14 03:02:51,116,116,47,87,,,,,58,29.4,,,
Depok,Cinere - Nafas,2026-04-14 03:03:34,130,130,53,96,,,,,0,0,,,
Bogor,Kabupaten Bogor Leuwiliang,2026-04-14 02:00:00,80,59,26,,4,9,0,80,,,,,
Tangerang,Tangerang Pasir Jaya,2026-04-13 01:00:00,-,52,24,,41,63,0,64,,,,,
Bekasi,Bekasi Kayuringin,2026-04-14 02:00:00,60,60,31,,75,15,0,24,,,,,
Jakarta,The Pakubuwono Menteng,2026-04-14 03:03:51,121,121,49,88,,,,,58,29.4,,,
Depok,Cinere - Nafas,2026-04-14 03:04:33,130,130,53,94,,,,,0,0,,,
Bogor,Kabupaten Bogor Leuwiliang,2026-04-14 02:00:00,80,59,26,,4,9,0,80,,,,,
Tangerang,Tangerang Pasir Jaya,2026-04-13 01:00:00,-,52,24,,41,63,0,64,,,,,
Bekasi,Bekasi Kayuringin,2026-04-14 02:00:00,60,60,31,,75,15,0,24,,,,,
Jakarta,The Pakubuwono Menteng,2026-04-14 03:04:51,114,114,45,84,,,,,58,29.4,,,
Depok,Cinere - Nafas,2026-04-14 03:04:33,130,130,53,94,,,,,0,0,,,
Bogor,Kabupaten Bogor Leuwiliang,2026-04-14 02:00:00,80,59,26,,4,9,0,80,,,,,
Tangerang,Tangerang Pasir Jaya,2026-04-13 01:00:00,-,52,24,,41,63,0,64,,,,,
Bekasi,Bekasi Kayuringin,2026-04-14 02:00:00,60,60,31,,75,15,0,24,,,,,
Jakarta,The Pakubuwono Menteng,2026-04-14 03:06:51,113,113,44,83,,,,,57,29.4,,,
Depok,Cinere - Nafas,2026-04-14 03:07:44,135,135,53,94,,,,,0,0,,,
Bogor,Kabupaten Bogor Leuwiliang,2026-04-14 02:00:00,80,59,26,,4,9,0,80,,,,,
Tangerang,Tangerang Pasir Jaya,2026-04-13 01:00:00,-,52,24,,41,63,0,64,,,,,
Bekasi,Bekasi Kayuringin,2026-04-14 02:00:00,60,60,31,,75,15,0,24,,,,,
Jakarta,The Pakubuwono Menteng,2026-04-14 03:07:51,113,113,44,83,,,,,57,29.4,,,
Depok,Cinere - Nafas,2026-04-14 03:08:44,130,130,52,94,,,,,0,0,,,
Bogor,Kabupaten Bogor Leuwiliang,2026-04-14 03:00:00,80,59,26,,4,9,0,80,,,,,
Tangerang,Tangerang Pasir Jaya,2026-04-13 01:00:00,-,52,24,,41,63,0,64,,,,,
Bekasi,Bekasi Kayuringin,2026-04-14 03:00:00,53,53,29,,75,15,0,24,,,,,
Jakarta,The Pakubuwono Menteng,2026-04-14 03:08:51,107,107,42,83,,,,,57,29.4,,,
Depok,Cinere - Nafas,2026-04-14 03:09:44,131,131,53,93,,,,,0,0,,,
Bogor,Kabupaten Bogor Leuwiliang,2026-04-14 03:00:00,80,59,26,,4,9,0,80,,,,,
Tangerang,Tangerang Pasir Jaya,2026-04-13 01:00:00,-,52,24,,41,63,0,64,,,,,
Bekasi,Bekasi Kayuringin,2026-04-14 03:00:00,53,53,29,,75,15,0,24,,,,,
Jakarta,The Pakubuwono Menteng,2026-04-14 03:09:51,106,106,43,83,,,,,57,29.4,,,
Depok,Cinere - Nafas,2026-04-14 03:10:44,131,131,53,92,,,,,0,0,,,
Bogor,Kabupaten Bogor Leuwiliang,2026-04-14 03:00:00,80,59,26,,4,9,0,80,,,,,
Tangerang,Tangerang Pasir Jaya,2026-04-13 01:00:00,-,52,24,,41,63,0,64,,,,,
Bekasi,Bekasi Kayuringin,2026-04-14 03:00:00,53,53,29,,75,15,0,24,,,,,
Jakarta,The Pakubuwono Menteng,2026-04-14 03:10:51,109,109,45,81,,,,,57,29.4,,,
Depok,Cinere - Nafas,2026-04-14 03:11:44,133,133,53,94,,,,,0,0,,,
Bogor,Kabupaten Bogor Leuwiliang,2026-04-14 03:00:00,80,59,26,,4,9,0,80,,,,,
Tangerang,Tangerang Pasir Jaya,2026-04-13 01:00:00,-,52,24,,41,63,0,64,,,,,
Bekasi,Bekasi Kayuringin,2026-04-14 03:00:00,53,53,29,,75,15,0,24,,,,,
Jakarta,The Pakubuwono Menteng,2026-04-14 03:12:51,113,113,44,84,,,,,57,29.4,,,
Depok,Cinere - Nafas,2026-04-14 03:13:44,132,132,53,92,,,,,0,0,,,
Bogor,Kabupaten Bogor Leuwiliang,2026-04-14 03:00:00,80,59,26,,4,9,0,80,,,,,
Tangerang,Tangerang Pasir Jaya,2026-04-13 01:00:00,-,52,24,,41,63,0,64,,,,,
Bekasi,Bekasi Kayuringin,2026-04-14 03:00:00,53,53,29,,75,15,0,24,,,,,
Jakarta,The Pakubuwono Menteng,2026-04-14 03:12:51,113,113,44,84,,,,,57,29.4,,,
Depok,Cinere - Nafas,2026-04-14 03:13:44,132,132,53,92,,,,,0,0,,,
Bogor,Kabupaten Bogor Leuwiliang,2026-04-14 03:00:00,80,59,26,,4,9,0,80,,,,,
Tangerang,Tangerang Pasir Jaya,2026-04-13 01:00:00,-,52,24,,41,63,0,64,,,,,
Bekasi,Bekasi Kayuringin,2026-04-14 03:00:00,53,53,29,,75,15,0,24,,,,,
Jakarta,The Pakubuwono Menteng,2026-04-14 03:13:51,110,110,43,83,,,,,57,29.4,,,
Depok,Cinere - Nafas,2026-04-14 03:14:44,130,130,53,93,,,,,0,0,,,
Bogor,Kabupaten Bogor Leuwiliang,2026-04-14 03:00:00,80,59,26,,4,9,0,80,,,,,
Tangerang,Tangerang Pasir Jaya,2026-04-13 01:00:00,-,52,24,,41,63,0,64,,,,,
Bekasi,Bekasi Kayuringin,2026-04-14 03:00:00,53,53,29,,75,15,0,24,,,,,
Jakarta,The Pakubuwono Menteng,2026-04-14 03:15:52,115,115,44,84,,,,,57,29.4,,,
Depok,Cinere - Nafas,2026-04-14 03:16:44,136,136,54,94,,,,,0,0,,,
Bogor,Kabupaten Bogor Leuwiliang,2026-04-14 03:00:00,80,59,26,,4,9,0,80,,,,,
Tangerang,Tangerang Pasir Jaya,2026-04-13 01:00:00,-,52,24,,41,63,0,64,,,,,
Bekasi,Bekasi Kayuringin,2026-04-14 03:00:00,53,53,29,,75,15,0,24,,,,,
Jakarta,The Pakubuwono Menteng,2026-04-14 03:17:52,116,116,46,84,,,,,57,29.4,,,
Depok,Cinere - Nafas,2026-04-14 03:18:44,133,133,53,94,,,,,0,0,,,
Bogor,Kabupaten Bogor Leuwiliang,2026-04-14 03:00:00,80,59,26,,4,9,0,80,,,,,
Tangerang,Tangerang Pasir Jaya,2026-04-13 01:00:00,-,52,24,,41,63,0,64,,,,,
Bekasi,Bekasi Kayuringin,2026-04-14 03:00:00,53,53,29,,75,15,0,24,,,,,
Jakarta,The Pakubuwono Menteng,2026-04-14 03:18:51,114,114,45,85,,,,,57,29.4,,,
Depok,Cinere - Nafas,2026-04-14 03:19:44,135,135,54,94,,,,,0,0,,,
Bogor,Kabupaten Bogor Leuwiliang,2026-04-14 03:00:00,80,59,26,,4,9,0,80,,,,,
Tangerang,Tangerang Pasir Jaya,2026-04-13 01:00:00,-,52,24,,41,63,0,64,,,,,
Bekasi,Bekasi Kayuringin,2026-04-14 03:00:00,53,53,29,,75,15,0,24,,,,,
Jakarta,The Pakubuwono Menteng,2026-04-14 03:19:52,110,110,43,84,,,,,57,29.4,,,
Depok,Cinere - Nafas,2026-04-14 03:20:44,138,138,54,95,,,,,0,0,,,
Bogor,Kabupaten Bogor Leuwiliang,2026-04-14 03:00:00,80,59,26,,4,9,0,80,,,,,
Tangerang,Tangerang Pasir Jaya,2026-04-13 01:00:00,-,52,24,,41,63,0,64,,,,,
Bekasi,Bekasi Kayuringin,2026-04-14 03:00:00,53,53,29,,75,15,0,24,,,,,
Jakarta,The Pakubuwono Menteng,2026-04-14 03:20:52,108,108,42,83,,,,,57,29.4,,,
Depok,Cinere - Nafas,2026-04-14 03:21:44,131,131,53,95,,,,,0,0,,,
Bogor,Kabupaten Bogor Leuwiliang,2026-04-14 03:00:00,80,59,26,,4,9,0,80,,,,,
Tangerang,Tangerang Pasir Jaya,2026-04-13 01:00:00,-,52,24,,41,63,0,64,,,,,
Bekasi,Bekasi Kayuringin,2026-04-14 03:00:00,53,53,29,,75,15,0,24,,,,,
Jakarta,The Pakubuwono Menteng,2026-04-14 03:20:52,108,108,42,83,,,,,57,29.4,,,
Depok,Cinere - Nafas,2026-04-14 03:21:44,131,131,53,95,,,,,0,0,,,
Bogor,Kabupaten Bogor Leuwiliang,2026-04-14 03:00:00,80,59,26,,4,9,0,80,,,,,
Tangerang,Tangerang Pasir Jaya,2026-04-13 01:00:00,-,52,24,,41,63,0,64,,,,,
Bekasi,Bekasi Kayuringin,2026-04-14 03:00:00,53,53,29,,75,15,0,24,,,,,
Jakarta,The Pakubuwono Menteng,2026-04-14 03:22:52,112,112,43,83,,,,,57,29.4,,,
Depok,Cinere - Nafas,2026-04-14 03:23:44,131,131,53,94,,,,,0,0,,,
Bogor,Kabupaten Bogor Leuwiliang,2026-04-14 03:00:00,80,59,26,,4,9,0,80,,,,,
Tangerang,Tangerang Pasir Jaya,2026-04-13 01:00:00,-,52,24,,41,63,0,64,,,,,
Bekasi,Bekasi Kayuringin,2026-04-14 03:00:00,53,53,29,,75,15,0,24,,,,,
Jakarta,The Pakubuwono Menteng,2026-04-14 03:23:52,114,114,44,85,,,,,57,29.4,,,
Depok,Cinere - Nafas,2026-04-14 03:25:44,136,136,54,94,,,,,0,0,,,
Bogor,Kabupaten Bogor Leuwiliang,2026-04-14 03:00:00,80,59,26,,4,9,0,80,,,,,
Tangerang,Tangerang Pasir Jaya,2026-04-13 01:00:00,-,52,24,,41,63,0,64,,,,,
Bekasi,Bekasi Kayuringin,2026-04-14 03:00:00,53,53,29,,75,15,0,24,,,,,
Jakarta,The Pakubuwono Menteng,2026-04-14 03:25:52,114,114,47,87,,,,,57,29.4,,,
Depok,Cinere - Nafas,2026-04-14 03:26:44,129,129,53,92,,,,,0,0,,,
Bogor,Kabupaten Bogor Leuwiliang,2026-04-14 03:00:00,80,59,26,,4,9,0,80,,,,,
Tangerang,Tangerang Pasir Jaya,2026-04-13 01:00:00,-,52,24,,41,63,0,64,,,,,
Bekasi,Bekasi Kayuringin,2026-04-14 03:00:00,53,53,29,,75,15,0,24,,,,,
Jakarta,The Pakubuwono Menteng,2026-04-14 03:26:52,109,109,43,82,,,,,57,29.4,,,
Depok,Cinere - Nafas,2026-04-14 03:27:44,135,135,54,94,,,,,0,0,,,
Bogor,Kabupaten Bogor Leuwiliang,2026-04-14 03:00:00,80,59,26,,4,9,0,80,,,,,
Tangerang,Tangerang Pasir Jaya,2026-04-13 01:00:00,-,52,24,,41,63,0,64,,,,,
Bekasi,Bekasi Kayuringin,2026-04-14 03:00:00,53,53,29,,75,15,0,24,,,,,
Jakarta,The Pakubuwono Menteng,2026-04-14 03:29:52,112,112,44,82,,,,,57,29.4,,,
Depok,Cinere - Nafas,2026-04-14 03:29:44,131,131,53,93,,,,,0,0,,,
Bogor,Kabupaten Bogor Leuwiliang,2026-04-14 03:00:00,80,59,26,,4,9,0,80,,,,,
Tangerang,Tangerang Pasir Jaya,2026-04-13 01:00:00,-,52,24,,41,63,0,64,,,,,
Bekasi,Bekasi Kayuringin,2026-04-14 03:00:00,53,53,29,,75,15,0,24,,,,,
Jakarta,The Pakubuwono Menteng,2026-04-14 03:29:52,112,112,44,82,,,,,57,29.4,,,
Depok,Cinere - Nafas,2026-04-14 03:29:44,131,131,53,93,,,,,0,0,,,
Bogor,Kabupaten Bogor Leuwiliang,2026-04-14 03:00:00,80,59,26,,4,9,0,80,,,,,
Tangerang,Tangerang Pasir Jaya,2026-04-13 01:00:00,-,52,24,,41,63,0,64,,,,,
Bekasi,Bekasi Kayuringin,2026-04-14 03:00:00,53,53,29,,75,15,0,24,,,,,
Jakarta,The Pakubuwono Menteng,2026-04-14 03:30:52,113,113,44,83,,,,,57,29.4,,,
Depok,Cinere - Nafas,2026-04-14 03:30:44,136,136,54,94,,,,,0,0,,,
Bogor,Kabupaten Bogor Leuwiliang,2026-04-14 03:00:00,80,59,26,,4,9,0,80,,,,,
Tangerang,Tangerang Pasir Jaya,2026-04-13 01:00:00,-,52,24,,41,63,0,64,,,,,
Bekasi,Bekasi Kayuringin,2026-04-14 03:00:00,53,53,29,,75,15,0,24,,,,,
Jakarta,The Pakubuwono Menteng,2026-04-14 03:31:52,115,115,45,84,,,,,57,29.4,,,
Depok,Cinere - Nafas,2026-04-14 03:31:44,134,134,53,94,,,,,0,0,,,
Bogor,Kabupaten Bogor Leuwiliang,2026-04-14 03:00:00,80,59,26,,4,9,0,80,,,,,
Tangerang,Tangerang Pasir Jaya,2026-04-13 01:00:00,-,52,24,,41,63,0,64,,,,,
Bekasi,Bekasi Kayuringin,2026-04-14 03:00:00,53,53,29,,75,15,0,24,,,,,
Jakarta,The Pakubuwono Menteng,2026-04-14 03:32:52,114,114,46,86,,,,,57,29.4,,,
Depok,Cinere - Nafas,2026-04-14 03:32:44,136,136,53,96,,,,,0,0,,,
Bogor,Kabupaten Bogor Leuwiliang,2026-04-14 03:00:00,80,59,26,,4,9,0,80,,,,,
Tangerang,Tangerang Pasir Jaya,2026-04-13 01:00:00,-,52,24,,41,63,0,64,,,,,
Bekasi,Bekasi Kayuringin,2026-04-14 03:00:00,53,53,29,,75,15,0,24,,,,,
Jakarta,The Pakubuwono Menteng,2026-04-14 03:35:52,115,115,46,84,,,,,57,29.4,,,
Depok,Cinere - Nafas,2026-04-14 03:35:44,136,136,53,94,,,,,0,0,,,
Bogor,Kabupaten Bogor Leuwiliang,2026-04-14 03:00:00,80,59,26,,4,9,0,80,,,,,
Tangerang,Tangerang Pasir Jaya,2026-04-13 01:00:00,-,52,24,,41,63,0,64,,,,,
Bekasi,Bekasi Kayuringin,2026-04-14 03:00:00,53,53,29,,75,15,0,24,,,,,
Jakarta,The Pakubuwono Menteng,2026-04-14 03:36:52,115,115,45,85,,,,,57,29.4,,,
Depok,Cinere - Nafas,2026-04-14 03:36:44,131,131,53,94,,,,,0,0,,,
Bogor,Kabupaten Bogor Leuwiliang,2026-04-14 03:00:00,80,59,26,,4,9,0,80,,,,,
Tangerang,Tangerang Pasir Jaya,2026-04-13 01:00:00,-,52,24,,41,63,0,64,,,,,
Bekasi,Bekasi Kayuringin,2026-04-14 03:00:00,53,53,29,,75,15,0,24,,,,,
Jakarta,The Pakubuwono Menteng,2026-04-14 03:37:52,112,112,46,85,,,,,57,29.4,,,
Depok,Cinere - Nafas,2026-04-14 03:37:44,136,136,53,94,,,,,0,0,,,
Bogor,Kabupaten Bogor Leuwiliang,2026-04-14 03:00:00,80,59,26,,4,9,0,80,,,,,
Tangerang,Tangerang Pasir Jaya,2026-04-13 01:00:00,-,52,24,,41,63,0,64,,,,,
Bekasi,Bekasi Kayuringin,2026-04-14 03:00:00,53,53,29,,75,15,0,24,,,,,
Jakarta,The Pakubuwono Menteng,2026-04-14 03:37:52,112,112,46,85,,,,,57,29.4,,,
Depok,Cinere - Nafas,2026-04-14 03:37:44,136,136,53,94,,,,,0,0,,,
Bogor,Kabupaten Bogor Leuwiliang,2026-04-14 03:00:00,80,59,26,,4,9,0,80,,,,,
Tangerang,Tangerang Pasir Jaya,2026-04-13 01:00:00,-,52,24,,41,63,0,64,,,,,
Bekasi,Bekasi Kayuringin,2026-04-14 03:00:00,53,53,29,,75,15,0,24,,,,,
Jakarta,The Pakubuwono Menteng,2026-04-14 03:39:52,114,114,45,85,,,,,57,29.4,,,
Depok,Cinere - Nafas,2026-04-14 03:38:44,133,133,53,94,,,,,0,0,,,
Bogor,Kabupaten Bogor Leuwiliang,2026-04-14 03:00:00,80,59,26,,4,9,0,80,,,,,
Tangerang,Tangerang Pasir Jaya,2026-04-13 01:00:00,-,52,24,,41,63,0,64,,,,,
Bekasi,Bekasi Kayuringin,2026-04-14 03:00:00,53,53,29,,75,15,0,24,,,,,
Jakarta,The Pakubuwono Menteng,2026-04-14 03:40:52,116,116,45,86,,,,,57,29.4,,,
Depok,Cinere - Nafas,2026-04-14 03:40:48,136,136,54,94,,,,,0,0,,,
Bogor,Kabupaten Bogor Leuwiliang,2026-04-14 03:00:00,80,59,26,,4,9,0,80,,,,,
Tangerang,Tangerang Pasir Jaya,2026-04-13 01:00:00,-,52,24,,41,63,0,64,,,,,
Bekasi,Bekasi Kayuringin,2026-04-14 03:00:00,53,53,29,,75,15,0,24,,,,,
Jakarta,The Pakubuwono Menteng,2026-04-14 03:41:52,116,116,47,87,,,,,57,29.4,,,
Depok,Cinere - Nafas,2026-04-14 03:41:48,136,136,53,95,,,,,0,0,,,
Bogor,Kabupaten Bogor Leuwiliang,2026-04-14 03:00:00,80,59,26,,4,9,0,80,,,,,
Tangerang,Tangerang Pasir Jaya,2026-04-13 01:00:00,-,52,24,,41,63,0,64,,,,,
Bekasi,Bekasi Kayuringin,2026-04-14 03:00:00,53,53,29,,75,15,0,24,,,,,
Jakarta,The Pakubuwono Menteng,2026-04-14 03:43:52,113,113,44,85,,,,,57,29.4,,,
Depok,Cinere - Nafas,2026-04-14 03:43:48,133,133,53,94,,,,,0,0,,,
Bogor,Kabupaten Bogor Leuwiliang,2026-04-14 03:00:00,80,59,26,,4,9,0,80,,,,,
Tangerang,Tangerang Pasir Jaya,2026-04-13 01:00:00,-,52,24,,41,63,0,64,,,,,
Bekasi,Bekasi Kayuringin,2026-04-14 03:00:00,53,53,29,,75,15,0,24,,,,,
Jakarta,The Pakubuwono Menteng,2026-04-14 03:44:52,110,110,43,83,,,,,57,29.4,,,
Depok,Cinere - Nafas,2026-04-14 03:43:48,133,133,53,94,,,,,0,0,,,
Bogor,Kabupaten Bogor Leuwiliang,2026-04-14 03:00:00,80,59,26,,4,9,0,80,,,,,
Tangerang,Tangerang Pasir Jaya,2026-04-13 01:00:00,-,52,24,,41,63,0,64,,,,,
Bekasi,Bekasi Kayuringin,2026-04-14 03:00:00,53,53,29,,75,15,0,24,,,,,
Jakarta,The Pakubuwono Menteng,2026-04-14 03:45:52,113,113,47,84,,,,,57,29.4,,,
Depok,Cinere - Nafas,2026-04-14 03:45:12,135,135,53,96,,,,,0,0,,,
Bogor,Kabupaten Bogor Leuwiliang,2026-04-14 03:00:00,80,59,26,,4,9,0,80,,,,,
Tangerang,Tangerang Pasir Jaya,2026-04-13 01:00:00,-,52,24,,41,63,0,64,,,,,
Bekasi,Bekasi Kayuringin,2026-04-14 03:00:00,53,53,29,,75,15,0,24,,,,,
Jakarta,The Pakubuwono Menteng,2026-04-14 03:46:52,113,113,45,85,,,,,57,29.4,,,
Depok,Cinere - Nafas,2026-04-14 03:46:12,136,136,53,94,,,,,0,0,,,
Bogor,Kabupaten Bogor Leuwiliang,2026-04-14 03:00:00,80,59,26,,4,9,0,80,,,,,
Tangerang,Tangerang Pasir Jaya,2026-04-13 01:00:00,-,52,24,,41,63,0,64,,,,,
Bekasi,Bekasi Kayuringin,2026-04-14 03:00:00,53,53,29,,75,15,0,24,,,,,
Jakarta,The Pakubuwono Menteng,2026-04-14 03:47:52,116,116,45,84,,,,,57,29.4,,,
Depok,Cinere - Nafas,2026-04-14 03:47:12,133,133,53,94,,,,,0,0,,,
Bogor,Kabupaten Bogor Leuwiliang,2026-04-14 03:00:00,80,59,26,,4,9,0,80,,,,,
Tangerang,Tangerang Pasir Jaya,2026-04-13 01:00:00,-,52,24,,41,63,0,64,,,,,
Bekasi,Bekasi Kayuringin,2026-04-14 03:00:00,53,53,29,,75,15,0,24,,,,,
Jakarta,The Pakubuwono Menteng,2026-04-14 03:48:52,108,108,43,83,,,,,57,29.4,,,
Depok,Cinere - Nafas,2026-04-14 03:48:12,134,134,53,95,,,,,0,0,,,
Bogor,Kabupaten Bogor Leuwiliang,2026-04-14 03:00:00,80,59,26,,4,9,0,80,,,,,
Tangerang,Tangerang Pasir Jaya,2026-04-13 01:00:00,-,52,24,,41,63,0,64,,,,,
Bekasi,Bekasi Kayuringin,2026-04-14 03:00:00,53,53,29,,75,15,0,24,,,,,
Jakarta,The Pakubuwono Menteng,2026-04-14 03:49:52,110,110,44,83,,,,,57,29.4,,,
Depok,Cinere - Nafas,2026-04-14 03:49:36,132,132,53,95,,,,,0,0,,,
Bogor,Kabupaten Bogor Leuwiliang,2026-04-14 03:00:00,80,59,26,,4,9,0,80,,,,,
Tangerang,Tangerang Pasir Jaya,2026-04-13 01:00:00,-,52,24,,41,63,0,64,,,,,
Bekasi,Bekasi Kayuringin,2026-04-14 03:00:00,53,53,29,,75,15,0,24,,,,,
Jakarta,The Pakubuwono Menteng,2026-04-14 03:51:52,108,108,42,81,,,,,57,29.4,,,
Depok,Cinere - Nafas,2026-04-14 03:51:36,132,132,53,92,,,,,0,0,,,
Bogor,Kabupaten Bogor Leuwiliang,2026-04-14 03:00:00,80,59,26,,4,9,0,80,,,,,
Tangerang,Tangerang Pasir Jaya,2026-04-13 01:00:00,-,52,24,,41,63,0,64,,,,,
Bekasi,Bekasi Kayuringin,2026-04-14 03:00:00,53,53,29,,75,15,0,24,,,,,
Jakarta,The Pakubuwono Menteng,2026-04-14 03:53:52,112,112,43,83,,,,,57,29.4,,,
Depok,Cinere - Nafas,2026-04-14 03:53:36,130,130,53,91,,,,,0,0,,,
Bogor,Kabupaten Bogor Leuwiliang,2026-04-14 03:00:00,80,59,26,,4,9,0,80,,,,,
Tangerang,Tangerang Pasir Jaya,2026-04-13 01:00:00,-,52,24,,41,63,0,64,,,,,
Bekasi,Bekasi Kayuringin,2026-04-14 03:00:00,53,53,29,,75,15,0,24,,,,,
Jakarta,The Pakubuwono Menteng,2026-04-14 03:54:52,119,119,47,87,,,,,57,29.5,,,
Depok,Cinere - Nafas,2026-04-14 03:54:36,131,131,53,94,,,,,0,0,,,
Bogor,Kabupaten Bogor Leuwiliang,2026-04-14 03:00:00,80,59,26,,4,9,0,80,,,,,
Tangerang,Tangerang Pasir Jaya,2026-04-13 01:00:00,-,52,24,,41,63,0,64,,,,,
Bekasi,Bekasi Kayuringin,2026-04-14 03:00:00,53,53,29,,75,15,0,24,,,,,
Jakarta,The Pakubuwono Menteng,2026-04-14 03:54:52,119,119,47,87,,,,,57,29.5,,,
Depok,Cinere - Nafas,2026-04-14 03:54:36,131,131,53,94,,,,,0,0,,,
Bogor,Kabupaten Bogor Leuwiliang,2026-04-14 03:00:00,80,59,26,,4,9,0,80,,,,,
Tangerang,Tangerang Pasir Jaya,2026-04-13 01:00:00,-,52,24,,41,63,0,64,,,,,
Bekasi,Bekasi Kayuringin,2026-04-14 03:00:00,53,53,29,,75,15,0,24,,,,,
Jakarta,The Pakubuwono Menteng,2026-04-14 03:56:53,121,121,50,87,,,,,57,29.5,,,
Depok,Cinere - Nafas,2026-04-14 03:56:36,130,130,52,94,,,,,0,0,,,
Bogor,Kabupaten Bogor Leuwiliang,2026-04-14 03:00:00,80,59,26,,4,9,0,80,,,,,
Tangerang,Tangerang Pasir Jaya,2026-04-13 01:00:00,-,52,24,,41,63,0,64,,,,,
Bekasi,Bekasi Kayuringin,2026-04-14 03:00:00,53,53,29,,75,15,0,24,,,,,
Jakarta,The Pakubuwono Menteng,2026-04-14 03:57:52,121,121,48,88,,,,,57,29.4,,,
Depok,Cinere - Nafas,2026-04-14 03:57:36,129,129,53,93,,,,,0,0,,,
Bogor,Kabupaten Bogor Leuwiliang,2026-04-14 03:00:00,80,59,26,,4,9,0,80,,,,,
Tangerang,Tangerang Pasir Jaya,2026-04-13 01:00:00,-,52,24,,41,63,0,64,,,,,
Bekasi,Bekasi Kayuringin,2026-04-14 03:00:00,53,53,29,,75,15,0,24,,,,,
Jakarta,The Pakubuwono Menteng,2026-04-14 03:58:53,118,118,49,88,,,,,57,29.5,,,
Depok,Cinere - Nafas,2026-04-14 03:58:36,128,128,53,93,,,,,0,0,,,
Bogor,Kabupaten Bogor Leuwiliang,2026-04-14 03:00:00,80,59,26,,4,9,0,80,,,,,
Tangerang,Tangerang Pasir Jaya,2026-04-13 01:00:00,-,52,24,,41,63,0,64,,,,,
Bekasi,Bekasi Kayuringin,2026-04-14 03:00:00,53,53,29,,75,15,0,24,,,,,
Jakarta,The Pakubuwono Menteng,2026-04-14 03:59:52,118,118,47,87,,,,,57,29.5,,,
Depok,Cinere - Nafas,2026-04-14 03:59:36,130,130,53,95,,,,,0,0,,,
Bogor,Kabupaten Bogor Leuwiliang,2026-04-14 03:00:00,80,59,26,,4,9,0,80,,,,,
Tangerang,Tangerang Pasir Jaya,2026-04-13 01:00:00,-,52,24,,41,63,0,64,,,,,
Bekasi,Bekasi Kayuringin,2026-04-14 03:00:00,53,53,29,,75,15,0,24,,,,,
Jakarta,The Pakubuwono Menteng,2026-04-14 04:01:52,122,122,49,89,,,,,57,29.5,,,
Depok,Cinere - Nafas,2026-04-14 04:01:36,128,128,51,92,,,,,0,0,,,
Bogor,Kabupaten Bogor Leuwiliang,2026-04-14 03:00:00,80,59,26,,4,9,0,80,,,,,
Tangerang,Tangerang Pasir Jaya,2026-04-13 01:00:00,-,52,24,,41,63,0,64,,,,,
Bekasi,Bekasi Kayuringin,2026-04-14 03:00:00,53,53,29,,75,15,0,24,,,,,
Jakarta,The Pakubuwono Menteng,2026-04-14 04:03:52,118,118,48,87,,,,,57,29.5,,,
Depok,Cinere - Nafas,2026-04-14 04:03:36,128,128,52,93,,,,,0,0,,,
Bogor,Kabupaten Bogor Leuwiliang,2026-04-14 03:00:00,80,59,26,,4,9,0,80,,,,,
Tangerang,Tangerang Pasir Jaya,2026-04-13 01:00:00,-,52,24,,41,63,0,64,,,,,
Bekasi,Bekasi Kayuringin,2026-04-14 03:00:00,53,53,29,,75,15,0,24,,,,,
Jakarta,The Pakubuwono Menteng,2026-04-14 04:03:52,118,118,48,87,,,,,57,29.5,,,
Depok,Cinere - Nafas,2026-04-14 04:03:36,128,128,52,93,,,,,0,0,,,
Bogor,Kabupaten Bogor Leuwiliang,2026-04-14 03:00:00,80,59,26,,4,9,0,80,,,,,
Tangerang,Tangerang Pasir Jaya,2026-04-13 01:00:00,-,52,24,,41,63,0,64,,,,,
Bekasi,Bekasi Kayuringin,2026-04-14 03:00:00,53,53,29,,75,15,0,24,,,,,
Jakarta,The Pakubuwono Menteng,2026-04-14 04:04:53,122,122,50,90,,,,,57,29.5,,,
Depok,Cinere - Nafas,2026-04-14 04:04:36,129,129,52,91,,,,,0,0,,,
Bogor,Kabupaten Bogor Leuwiliang,2026-04-14 03:00:00,80,59,26,,4,9,0,80,,,,,
Tangerang,Tangerang Pasir Jaya,2026-04-13 01:00:00,-,52,24,,41,63,0,64,,,,,
Bekasi,Bekasi Kayuringin,2026-04-14 03:00:00,53,53,29,,75,15,0,24,,,,,
Jakarta,The Pakubuwono Menteng,2026-04-14 04:05:53,118,118,48,88,,,,,57,29.4,,,
Depok,Cinere - Nafas,2026-04-14 04:05:36,131,131,52,90,,,,,0,0,,,
Bogor,Kabupaten Bogor Leuwiliang,2026-04-14 03:00:00,80,59,26,,4,9,0,80,,,,,
Tangerang,Tangerang Pasir Jaya,2026-04-13 01:00:00,-,52,24,,41,63,0,64,,,,,
Bekasi,Bekasi Kayuringin,2026-04-14 03:00:00,53,53,29,,75,15,0,24,,,,,
Jakarta,The Pakubuwono Menteng,2026-04-14 04:06:53,118,118,50,88,,,,,57,29.4,,,
Depok,Cinere - Nafas,2026-04-14 04:06:36,135,135,53,94,,,,,0,0,,,
Bogor,Kabupaten Bogor Leuwiliang,2026-04-14 03:00:00,80,59,26,,4,9,0,80,,,,,
Tangerang,Tangerang Pasir Jaya,2026-04-13 01:00:00,-,52,24,,41,63,0,64,,,,,
Bekasi,Bekasi Kayuringin,2026-04-14 03:00:00,53,53,29,,75,15,0,24,,,,,
Jakarta,The Pakubuwono Menteng,2026-04-14 04:08:53,122,122,49,87,,,,,58,29.4,,,
Depok,Cinere - Nafas,2026-04-14 04:08:36,141,141,56,97,,,,,0,0,,,
Bogor,Kabupaten Bogor Leuwiliang,2026-04-14 04:00:00,80,59,26,,4,9,0,80,,,,,
Tangerang,Tangerang Pasir Jaya,2026-04-13 01:00:00,-,52,24,,41,63,0,64,,,,,
Bekasi,Bekasi Kayuringin,2026-04-14 04:00:00,47,47,27,,75,16,0,24,,,,,
Jakarta,The Pakubuwono Menteng,2026-04-14 04:09:53,116,116,46,88,,,,,57,29.4,,,
Depok,Cinere - Nafas,2026-04-14 04:09:36,141,141,56,97,,,,,0,0,,,
Bogor,Kabupaten Bogor Leuwiliang,2026-04-14 04:00:00,80,59,26,,4,9,0,80,,,,,
Tangerang,Tangerang Pasir Jaya,2026-04-13 01:00:00,-,52,24,,41,63,0,64,,,,,
Bekasi,Bekasi Kayuringin,2026-04-14 04:00:00,47,47,27,,75,16,0,24,,,,,
Jakarta,The Pakubuwono Menteng,2026-04-14 04:11:53,116,116,48,86,,,,,58,29.4,,,
Depok,Cinere - Nafas,2026-04-14 04:11:36,150,150,58,100,,,,,0,0,,,
Bogor,Kabupaten Bogor Leuwiliang,2026-04-14 04:00:00,80,59,26,,4,9,0,80,,,,,
Tangerang,Tangerang Pasir Jaya,2026-04-13 01:00:00,-,52,24,,41,63,0,64,,,,,
Bekasi,Bekasi Kayuringin,2026-04-14 04:00:00,47,47,27,,75,16,0,24,,,,,
Jakarta,The Pakubuwono Menteng,2026-04-14 04:11:53,116,116,48,86,,,,,58,29.4,,,
Depok,Cinere - Nafas,2026-04-14 04:11:36,150,150,58,100,,,,,0,0,,,
Bogor,Kabupaten Bogor Leuwiliang,2026-04-14 04:00:00,80,59,26,,4,9,0,80,,,,,
Tangerang,Tangerang Pasir Jaya,2026-04-13 01:00:00,-,52,24,,41,63,0,64,,,,,
Bekasi,Bekasi Kayuringin,2026-04-14 04:00:00,47,47,27,,75,16,0,24,,,,,
Jakarta,The Pakubuwono Menteng,2026-04-14 04:13:53,121,121,48,90,,,,,58,29.4,,,
Depok,Cinere - Nafas,2026-04-14 04:13:36,143,143,57,100,,,,,0,0,,,
Bogor,Kabupaten Bogor Leuwiliang,2026-04-14 04:00:00,80,59,26,,4,9,0,80,,,,,
Tangerang,Tangerang Pasir Jaya,2026-04-13 01:00:00,-,52,24,,41,63,0,64,,,,,
Bekasi,Bekasi Kayuringin,2026-04-14 04:00:00,47,47,27,,75,16,0,24,,,,,
Jakarta,The Pakubuwono Menteng,2026-04-14 04:14:53,122,122,49,90,,,,,58,29.4,,,
Depok,Cinere - Nafas,2026-04-14 04:14:36,150,150,58,99,,,,,0,0,,,
Bogor,Kabupaten Bogor Leuwiliang,2026-04-14 04:00:00,80,59,26,,4,9,0,80,,,,,
Tangerang,Tangerang Pasir Jaya,2026-04-13 01:00:00,-,52,24,,41,63,0,64,,,,,
Bekasi,Bekasi Kayuringin,2026-04-14 04:00:00,47,47,27,,75,16,0,24,,,,,
Jakarta,The Pakubuwono Menteng,2026-04-14 04:15:53,118,118,47,86,,,,,58,29.4,,,
Depok,Cinere - Nafas,2026-04-14 04:15:36,147,147,57,101,,,,,0,0,,,
Bogor,Kabupaten Bogor Leuwiliang,2026-04-14 04:00:00,80,59,26,,4,9,0,80,,,,,
Tangerang,Tangerang Pasir Jaya,2026-04-13 01:00:00,-,52,24,,41,63,0,64,,,,,
Bekasi,Bekasi Kayuringin,2026-04-14 04:00:00,47,47,27,,75,16,0,24,,,,,
Jakarta,The Pakubuwono Menteng,2026-04-14 04:16:53,118,118,46,89,,,,,57,29.4,,,
Depok,Cinere - Nafas,2026-04-14 04:16:36,150,150,58,106,,,,,0,0,,,
Bogor,Kabupaten Bogor Leuwiliang,2026-04-14 04:00:00,80,59,26,,4,9,0,80,,,,,
Tangerang,Tangerang Pasir Jaya,2026-04-13 01:00:00,-,52,24,,41,63,0,64,,,,,
Bekasi,Bekasi Kayuringin,2026-04-14 04:00:00,47,47,27,,75,16,0,24,,,,,
Jakarta,The Pakubuwono Menteng,2026-04-14 04:17:53,123,123,50,90,,,,,58,29.4,,,
Depok,Cinere - Nafas,2026-04-14 04:17:36,145,145,57,101,,,,,0,0,,,
Bogor,Kabupaten Bogor Leuwiliang,2026-04-14 04:00:00,80,59,26,,4,9,0,80,,,,,
Tangerang,Tangerang Pasir Jaya,2026-04-13 01:00:00,-,52,24,,41,63,0,64,,,,,
Bekasi,Bekasi Kayuringin,2026-04-14 04:00:00,47,47,27,,75,16,0,24,,,,,
Jakarta,The Pakubuwono Menteng,2026-04-14 04:20:53,120,120,48,86,,,,,58,29.4,,,
Depok,Cinere - Nafas,2026-04-14 04:20:36,140,140,55,101,,,,,0,0,,,
Bogor,Kabupaten Bogor Leuwiliang,2026-04-14 04:00:00,80,59,26,,4,9,0,80,,,,,
Tangerang,Tangerang Pasir Jaya,2026-04-13 01:00:00,-,52,24,,41,63,0,64,,,,,
Bekasi,Bekasi Kayuringin,2026-04-14 04:00:00,47,47,27,,75,16,0,24,,,,,
Jakarta,The Pakubuwono Menteng,2026-04-14 04:20:53,120,120,48,86,,,,,58,29.4,,,
Depok,Cinere - Nafas,2026-04-14 04:20:36,140,140,55,101,,,,,0,0,,,
Bogor,Kabupaten Bogor Leuwiliang,2026-04-14 04:00:00,80,59,26,,4,9,0,80,,,,,
Tangerang,Tangerang Pasir Jaya,2026-04-13 01:00:00,-,52,24,,41,63,0,64,,,,,
Bekasi,Bekasi Kayuringin,2026-04-14 04:00:00,47,47,27,,75,16,0,24,,,,,
Jakarta,The Pakubuwono Menteng,2026-04-14 04:21:53,119,119,47,87,,,,,58,29.4,,,
Depok,Cinere - Nafas,2026-04-14 04:20:36,140,140,55,101,,,,,0,0,,,
Bogor,Kabupaten Bogor Leuwiliang,2026-04-14 04:00:00,80,59,26,,4,9,0,80,,,,,
Tangerang,Tangerang Pasir Jaya,2026-04-13 01:00:00,-,52,24,,41,63,0,64,,,,,
Bekasi,Bekasi Kayuringin,2026-04-14 04:00:00,47,47,27,,75,16,0,24,,,,,
Jakarta,The Pakubuwono Menteng,2026-04-14 04:23:53,121,121,49,86,,,,,58,29.3,,,
Depok,Cinere - Nafas,2026-04-14 04:23:00,141,141,55,96,,,,,0,0,,,
Bogor,Kabupaten Bogor Leuwiliang,2026-04-14 04:00:00,80,59,26,,4,9,0,80,,,,,
Tangerang,Tangerang Pasir Jaya,2026-04-13 01:00:00,-,52,24,,41,63,0,64,,,,,
Bekasi,Bekasi Kayuringin,2026-04-14 04:00:00,47,47,27,,75,16,0,24,,,,,
Jakarta,The Pakubuwono Menteng,2026-04-14 04:24:53,118,118,48,89,,,,,58,29.3,,,
Depok,Cinere - Nafas,2026-04-14 04:24:00,138,138,55,97,,,,,0,0,,,
Bogor,Kabupaten Bogor Leuwiliang,2026-04-14 04:00:00,80,59,26,,4,9,0,80,,,,,
Tangerang,Tangerang Pasir Jaya,2026-04-13 01:00:00,-,52,24,,41,63,0,64,,,,,
Bekasi,Bekasi Kayuringin,2026-04-14 04:00:00,47,47,27,,75,16,0,24,,,,,
Jakarta,The Pakubuwono Menteng,2026-04-14 04:25:53,120,120,48,89,,,,,58,29.3,,,
Depok,Cinere - Nafas,2026-04-14 04:25:00,140,140,56,98,,,,,0,0,,,
Bogor,Kabupaten Bogor Leuwiliang,2026-04-14 04:00:00,80,59,26,,4,9,0,80,,,,,
Tangerang,Tangerang Pasir Jaya,2026-04-13 01:00:00,-,52,24,,41,63,0,64,,,,,
Bekasi,Bekasi Kayuringin,2026-04-14 04:00:00,47,47,27,,75,16,0,24,,,,,
Jakarta,The Pakubuwono Menteng,2026-04-14 04:26:53,119,119,48,87,,,,,58,29.3,,,
Depok,Cinere - Nafas,2026-04-14 04:26:00,142,142,56,98,,,,,0,0,,,
Bogor,Kabupaten Bogor Leuwiliang,2026-04-14 04:00:00,80,59,26,,4,9,0,80,,,,,
Tangerang,Tangerang Pasir Jaya,2026-04-13 01:00:00,-,52,24,,41,63,0,64,,,,,
Bekasi,Bekasi Kayuringin,2026-04-14 04:00:00,47,47,27,,75,16,0,24,,,,,
Jakarta,The Pakubuwono Menteng,2026-04-14 04:27:53,119,119,48,87,,,,,58,29.3,,,
Depok,Cinere - Nafas,2026-04-14 04:27:00,141,141,56,98,,,,,0,0,,,
Bogor,Kabupaten Bogor Leuwiliang,2026-04-14 04:00:00,80,59,26,,4,9,0,80,,,,,
Tangerang,Tangerang Pasir Jaya,2026-04-13 01:00:00,-,52,24,,41,63,0,64,,,,,
Bekasi,Bekasi Kayuringin,2026-04-14 04:00:00,47,47,27,,75,16,0,24,,,,,
Jakarta,The Pakubuwono Menteng,2026-04-14 04:29:53,117,117,48,87,,,,,58,29.3,,,
Depok,Cinere - Nafas,2026-04-14 04:29:01,138,138,55,96,,,,,0,0,,,
Bogor,Kabupaten Bogor Leuwiliang,2026-04-14 04:00:00,80,59,26,,4,9,0,80,,,,,
Tangerang,Tangerang Pasir Jaya,2026-04-13 01:00:00,-,52,24,,41,63,0,64,,,,,
Bekasi,Bekasi Kayuringin,2026-04-14 04:00:00,47,47,27,,75,16,0,24,,,,,
Jakarta,The Pakubuwono Menteng,2026-04-14 04:30:53,121,121,49,88,,,,,58,29.3,,,
Depok,Cinere - Nafas,2026-04-14 04:30:01,140,140,56,98,,,,,0,0,,,
Bogor,Kabupaten Bogor Leuwiliang,2026-04-14 04:00:00,80,59,26,,4,9,0,80,,,,,
Tangerang,Tangerang Pasir Jaya,2026-04-13 01:00:00,-,52,24,,41,63,0,64,,,,,
Bekasi,Bekasi Kayuringin,2026-04-14 04:00:00,47,47,27,,75,16,0,24,,,,,
Jakarta,The Pakubuwono Menteng,2026-04-14 04:31:53,123,123,48,88,,,,,58,29.3,,,
Depok,Cinere - Nafas,2026-04-14 04:31:01,143,143,56,99,,,,,0,0,,,
Bogor,Kabupaten Bogor Leuwiliang,2026-04-14 04:00:00,80,59,26,,4,9,0,80,,,,,
Tangerang,Tangerang Pasir Jaya,2026-04-13 01:00:00,-,52,24,,41,63,0,64,,,,,
Bekasi,Bekasi Kayuringin,2026-04-14 04:00:00,47,47,27,,75,16,0,24,,,,,
Jakarta,The Pakubuwono Menteng,2026-04-14 04:32:53,123,123,51,90,,,,,58,29.3,,,
Depok,Cinere - Nafas,2026-04-14 04:32:01,146,146,56,98,,,,,0,0,,,
Bogor,Kabupaten Bogor Leuwiliang,2026-04-14 04:00:00,80,59,26,,4,9,0,80,,,,,
Tangerang,Tangerang Pasir Jaya,2026-04-13 01:00:00,-,52,24,,41,63,0,64,,,,,
Bekasi,Bekasi Kayuringin,2026-04-14 04:00:00,47,47,27,,75,16,0,24,,,,,
Jakarta,The Pakubuwono Menteng,2026-04-14 04:34:53,128,128,52,90,,,,,58,29.3,,,
Depok,Cinere - Nafas,2026-04-14 04:35:01,143,143,57,99,,,,,0,0,,,
Bogor,Kabupaten Bogor Leuwiliang,2026-04-14 04:00:00,80,59,26,,4,9,0,80,,,,,
Tangerang,Tangerang Pasir Jaya,2026-04-13 01:00:00,-,52,24,,41,63,0,64,,,,,
Bekasi,Bekasi Kayuringin,2026-04-14 04:00:00,47,47,27,,75,16,0,24,,,,,
Jakarta,The Pakubuwono Menteng,2026-04-14 04:35:54,122,122,50,90,,,,,58,29.3,,,
Depok,Cinere - Nafas,2026-04-14 04:36:01,143,143,57,100,,,,,0,0,,,
Bogor,Kabupaten Bogor Leuwiliang,2026-04-14 04:00:00,80,59,26,,4,9,0,80,,,,,
Tangerang,Tangerang Pasir Jaya,2026-04-13 01:00:00,-,52,24,,41,63,0,64,,,,,
Bekasi,Bekasi Kayuringin,2026-04-14 04:00:00,47,47,27,,75,16,0,24,,,,,
Jakarta,The Pakubuwono Menteng,2026-04-14 04:35:54,122,122,50,90,,,,,58,29.3,,,
Depok,Cinere - Nafas,2026-04-14 04:36:01,143,143,57,100,,,,,0,0,,,
Bogor,Kabupaten Bogor Leuwiliang,2026-04-14 04:00:00,80,59,26,,4,9,0,80,,,,,
Tangerang,Tangerang Pasir Jaya,2026-04-13 01:00:00,-,52,24,,41,63,0,64,,,,,
Bekasi,Bekasi Kayuringin,2026-04-14 04:00:00,47,47,27,,75,16,0,24,,,,,
Jakarta,The Pakubuwono Menteng,2026-04-14 04:37:53,125,125,51,89,,,,,58,29.2,,,
Depok,Cinere - Nafas,2026-04-14 04:38:01,143,143,56,100,,,,,0,0,,,
Bogor,Kabupaten Bogor Leuwiliang,2026-04-14 04:00:00,80,59,26,,4,9,0,80,,,,,
Tangerang,Tangerang Pasir Jaya,2026-04-13 01:00:00,-,52,24,,41,63,0,64,,,,,
Bekasi,Bekasi Kayuringin,2026-04-14 04:00:00,47,47,27,,75,16,0,24,,,,,
Jakarta,The Pakubuwono Menteng,2026-04-14 04:39:53,124,124,49,90,,,,,58,29.2,,,
Depok,Cinere - Nafas,2026-04-14 04:38:01,143,143,56,100,,,,,0,0,,,
Bogor,Kabupaten Bogor Leuwiliang,2026-04-14 04:00:00,80,59,26,,4,9,0,80,,,,,
Tangerang,Tangerang Pasir Jaya,2026-04-13 01:00:00,-,52,24,,41,63,0,64,,,,,
Bekasi,Bekasi Kayuringin,2026-04-14 04:00:00,47,47,27,,75,16,0,24,,,,,
Jakarta,The Pakubuwono Menteng,2026-04-14 04:40:53,125,125,50,89,,,,,58,29.2,,,
Depok,Cinere - Nafas,2026-04-14 04:40:22,141,141,56,98,,,,,0,0,,,
Bogor,Kabupaten Bogor Leuwiliang,2026-04-14 04:00:00,80,59,26,,4,9,0,80,,,,,
Tangerang,Tangerang Pasir Jaya,2026-04-13 01:00:00,-,52,24,,41,63,0,64,,,,,
Bekasi,Bekasi Kayuringin,2026-04-14 04:00:00,47,47,27,,75,16,0,24,,,,,
Jakarta,The Pakubuwono Menteng,2026-04-14 04:41:53,123,123,50,88,,,,,58,29.2,,,
Depok,Cinere - Nafas,2026-04-14 04:41:22,140,140,56,100,,,,,0,0,,,
Bogor,Kabupaten Bogor Leuwiliang,2026-04-14 04:00:00,80,59,26,,4,9,0,80,,,,,
Tangerang,Tangerang Pasir Jaya,2026-04-13 01:00:00,-,52,24,,41,63,0,64,,,,,
Bekasi,Bekasi Kayuringin,2026-04-14 04:00:00,47,47,27,,75,16,0,24,,,,,
Jakarta,The Pakubuwono Menteng,2026-04-14 04:42:53,123,123,50,89,,,,,58,29.2,,,
Depok,Cinere - Nafas,2026-04-14 04:42:22,140,140,56,99,,,,,0,0,,,
Bogor,Kabupaten Bogor Leuwiliang,2026-04-14 04:00:00,80,59,26,,4,9,0,80,,,,,
Tangerang,Tangerang Pasir Jaya,2026-04-13 01:00:00,-,52,24,,41,63,0,64,,,,,
Bekasi,Bekasi Kayuringin,2026-04-14 04:00:00,47,47,27,,75,16,0,24,,,,,
Jakarta,The Pakubuwono Menteng,2026-04-14 04:43:53,124,124,50,90,,,,,58,29.2,,,
Depok,Cinere - Nafas,2026-04-14 04:43:22,143,143,57,99,,,,,0,0,,,
Bogor,Kabupaten Bogor Leuwiliang,2026-04-14 04:00:00,80,59,26,,4,9,0,80,,,,,
Tangerang,Tangerang Pasir Jaya,2026-04-13 01:00:00,-,52,24,,41,63,0,64,,,,,
Bekasi,Bekasi Kayuringin,2026-04-14 04:00:00,47,47,27,,75,16,0,24,,,,,
Jakarta,The Pakubuwono Menteng,2026-04-14 04:44:53,123,123,50,90,,,,,58,29.2,,,
Depok,Cinere - Nafas,2026-04-14 04:44:23,141,141,56,95,,,,,0,0,,,
Bogor,Kabupaten Bogor Leuwiliang,2026-04-14 04:00:00,80,59,26,,4,9,0,80,,,,,
Tangerang,Tangerang Pasir Jaya,2026-04-13 01:00:00,-,52,24,,41,63,0,64,,,,,
Bekasi,Bekasi Kayuringin,2026-04-14 04:00:00,47,47,27,,75,16,0,24,,,,,
Jakarta,The Pakubuwono Menteng,2026-04-14 04:46:53,121,121,47,89,,,,,58,29.2,,,
Depok,Cinere - Nafas,2026-04-14 04:46:22,141,141,55,97,,,,,0,0,,,
Bogor,Kabupaten Bogor Leuwiliang,2026-04-14 04:00:00,80,59,26,,4,9,0,80,,,,,
Tangerang,Tangerang Pasir Jaya,2026-04-13 01:00:00,-,52,24,,41,63,0,64,,,,,
Bekasi,Bekasi Kayuringin,2026-04-14 04:00:00,47,47,27,,75,16,0,24,,,,,
Jakarta,The Pakubuwono Menteng,2026-04-14 04:47:54,122,122,48,89,,,,,58,29.2,,,
Depok,Cinere - Nafas,2026-04-14 04:47:22,140,140,55,96,,,,,0,0,,,
Bogor,Kabupaten Bogor Leuwiliang,2026-04-14 04:00:00,80,59,26,,4,9,0,80,,,,,
Tangerang,Tangerang Pasir Jaya,2026-04-13 01:00:00,-,52,24,,41,63,0,64,,,,,
Bekasi,Bekasi Kayuringin,2026-04-14 04:00:00,47,47,27,,75,16,0,24,,,,,
Jakarta,The Pakubuwono Menteng,2026-04-14 04:48:53,126,126,51,90,,,,,58,29.2,,,
Depok,Cinere - Nafas,2026-04-14 04:48:22,138,138,55,96,,,,,0,0,,,
Bogor,Kabupaten Bogor Leuwiliang,2026-04-14 04:00:00,80,59,26,,4,9,0,80,,,,,
Tangerang,Tangerang Pasir Jaya,2026-04-13 01:00:00,-,52,24,,41,63,0,64,,,,,
Bekasi,Bekasi Kayuringin,2026-04-14 04:00:00,47,47,27,,75,16,0,24,,,,,
Jakarta,The Pakubuwono Menteng,2026-04-14 04:50:54,117,117,47,87,,,,,58,29.1,,,
Depok,Cinere - Nafas,2026-04-14 04:50:23,140,140,56,98,,,,,0,0,,,
Bogor,Kabupaten Bogor Leuwiliang,2026-04-14 04:00:00,80,59,26,,4,9,0,80,,,,,
Tangerang,Tangerang Pasir Jaya,2026-04-13 01:00:00,-,52,24,,41,63,0,64,,,,,
Bekasi,Bekasi Kayuringin,2026-04-14 04:00:00,47,47,27,,75,16,0,24,,,,,
Jakarta,The Pakubuwono Menteng,2026-04-14 04:51:54,116,116,47,88,,,,,58,29.1,,,
Depok,Cinere - Nafas,2026-04-14 04:51:22,138,138,54,96,,,,,0,0,,,
Bogor,Kabupaten Bogor Leuwiliang,2026-04-14 04:00:00,80,59,26,,4,9,0,80,,,,,
Tangerang,Tangerang Pasir Jaya,2026-04-13 01:00:00,-,52,24,,41,63,0,64,,,,,
Bekasi,Bekasi Kayuringin,2026-04-14 04:00:00,47,47,27,,75,16,0,24,,,,,
Jakarta,The Pakubuwono Menteng,2026-04-14 04:51:54,116,116,47,88,,,,,58,29.1,,,
Depok,Cinere - Nafas,2026-04-14 04:51:22,138,138,54,96,,,,,0,0,,,
Bogor,Kabupaten Bogor Leuwiliang,2026-04-14 04:00:00,80,59,26,,4,9,0,80,,,,,
Tangerang,Tangerang Pasir Jaya,2026-04-13 01:00:00,-,52,24,,41,63,0,64,,,,,
Bekasi,Bekasi Kayuringin,2026-04-14 04:00:00,47,47,27,,75,16,0,24,,,,,
Jakarta,The Pakubuwono Menteng,2026-04-14 04:52:53,116,116,46,86,,,,,58,29.1,,,
Depok,Cinere - Nafas,2026-04-14 04:52:22,138,138,54,98,,,,,0,0,,,
Bogor,Kabupaten Bogor Leuwiliang,2026-04-14 04:00:00,80,59,26,,4,9,0,80,,,,,
Tangerang,Tangerang Pasir Jaya,2026-04-13 01:00:00,-,52,24,,41,63,0,64,,,,,
Bekasi,Bekasi Kayuringin,2026-04-14 04:00:00,47,47,27,,75,16,0,24,,,,,
Jakarta,The Pakubuwono Menteng,2026-04-14 04:53:53,116,116,44,86,,,,,58,29.1,,,
Depok,Cinere - Nafas,2026-04-14 04:53:22,137,137,54,95,,,,,0,0,,,
Bogor,Kabupaten Bogor Leuwiliang,2026-04-14 04:00:00,80,59,26,,4,9,0,80,,,,,
Tangerang,Tangerang Pasir Jaya,2026-04-13 01:00:00,-,52,24,,41,63,0,64,,,,,
Bekasi,Bekasi Kayuringin,2026-04-14 04:00:00,47,47,27,,75,16,0,24,,,,,
Jakarta,The Pakubuwono Menteng,2026-04-14 04:56:54,113,113,45,84,,,,,58,29.1,,,
Depok,Cinere - Nafas,2026-04-14 04:55:23,138,138,55,98,,,,,0,0,,,
Bogor,Kabupaten Bogor Leuwiliang,2026-04-14 04:00:00,80,59,26,,4,9,0,80,,,,,
Tangerang,Tangerang Pasir Jaya,2026-04-13 01:00:00,-,52,24,,41,63,0,64,,,,,
Bekasi,Bekasi Kayuringin,2026-04-14 04:00:00,47,47,27,,75,16,0,24,,,,,
Jakarta,The Pakubuwono Menteng,2026-04-14 04:57:54,109,109,44,82,,,,,58,29.1,,,
Depok,Cinere - Nafas,2026-04-14 04:57:28,139,139,56,98,,,,,0,0,,,
Bogor,Kabupaten Bogor Leuwiliang,2026-04-14 04:00:00,80,59,26,,4,9,0,80,,,,,
Tangerang,Tangerang Pasir Jaya,2026-04-13 01:00:00,-,52,24,,41,63,0,64,,,,,
Bekasi,Bekasi Kayuringin,2026-04-14 04:00:00,47,47,27,,75,16,0,24,,,,,
Jakarta,The Pakubuwono Menteng,2026-04-14 04:58:54,109,109,42,83,,,,,58,29,,,
Depok,Cinere - Nafas,2026-04-14 04:58:28,140,140,56,99,,,,,0,0,,,
Bogor,Kabupaten Bogor Leuwiliang,2026-04-14 04:00:00,80,59,26,,4,9,0,80,,,,,
Tangerang,Tangerang Pasir Jaya,2026-04-13 01:00:00,-,52,24,,41,63,0,64,,,,,
Bekasi,Bekasi Kayuringin,2026-04-14 04:00:00,47,47,27,,75,16,0,24,,,,,
Jakarta,The Pakubuwono Menteng,2026-04-14 04:59:54,107,107,42,81,,,,,58,29,,,
Depok,Cinere - Nafas,2026-04-14 04:59:28,141,141,55,99,,,,,0,0,,,
Bogor,Kabupaten Bogor Leuwiliang,2026-04-14 04:00:00,80,59,26,,4,9,0,80,,,,,
Tangerang,Tangerang Pasir Jaya,2026-04-13 01:00:00,-,52,24,,41,63,0,64,,,,,
Bekasi,Bekasi Kayuringin,2026-04-14 04:00:00,47,47,27,,75,16,0,24,,,,,
Jakarta,The Pakubuwono Menteng,2026-04-14 05:00:54,111,111,43,83,,,,,58,29,,,
Depok,Cinere - Nafas,2026-04-14 05:00:28,146,146,56,99,,,,,0,0,,,
Bogor,Kabupaten Bogor Leuwiliang,2026-04-14 04:00:00,80,59,26,,4,9,0,80,,,,,
Tangerang,Tangerang Pasir Jaya,2026-04-13 01:00:00,-,52,24,,41,63,0,64,,,,,
Bekasi,Bekasi Kayuringin,2026-04-14 04:00:00,47,47,27,,75,16,0,24,,,,,
Jakarta,The Pakubuwono Menteng,2026-04-14 05:01:54,107,107,42,82,,,,,58,29,,,
Depok,Cinere - Nafas,2026-04-14 05:01:28,142,142,56,98,,,,,0,0,,,
Bogor,Kabupaten Bogor Leuwiliang,2026-04-14 04:00:00,80,59,26,,4,9,0,80,,,,,
Tangerang,Tangerang Pasir Jaya,2026-04-13 01:00:00,-,52,24,,41,63,0,64,,,,,
Bekasi,Bekasi Kayuringin,2026-04-14 04:00:00,47,47,27,,75,16,0,24,,,,,
Jakarta,The Pakubuwono Menteng,2026-04-14 05:02:54,107,107,40,79,,,,,58,29,,,
Depok,Cinere - Nafas,2026-04-14 05:02:28,138,138,54,96,,,,,0,0,,,
Bogor,Kabupaten Bogor Leuwiliang,2026-04-14 04:00:00,80,59,26,,4,9,0,80,,,,,
Tangerang,Tangerang Pasir Jaya,2026-04-13 01:00:00,-,52,24,,41,63,0,64,,,,,
Bekasi,Bekasi Kayuringin,2026-04-14 04:00:00,47,47,27,,75,16,0,24,,,,,
Jakarta,The Pakubuwono Menteng,2026-04-14 05:03:54,106,106,42,79,,,,,58,29,,,
Depok,Cinere - Nafas,2026-04-14 05:03:28,139,139,55,97,,,,,0,0,,,
Bogor,Kabupaten Bogor Leuwiliang,2026-04-14 04:00:00,80,59,26,,4,9,0,80,,,,,
Tangerang,Tangerang Pasir Jaya,2026-04-13 01:00:00,-,52,24,,41,63,0,64,,,,,
Bekasi,Bekasi Kayuringin,2026-04-14 04:00:00,47,47,27,,75,16,0,24,,,,,
Jakarta,The Pakubuwono Menteng,2026-04-14 05:06:54,102,102,42,80,,,,,58,28.9,,,
Depok,Cinere - Nafas,2026-04-14 05:06:28,137,137,54,93,,,,,0,0,,,
Bogor,Kabupaten Bogor Leuwiliang,2026-04-14 04:00:00,80,59,26,,4,9,0,80,,,,,
Tangerang,Tangerang Pasir Jaya,2026-04-13 01:00:00,-,52,24,,41,63,0,64,,,,,
Bekasi,Bekasi Kayuringin,2026-04-14 04:00:00,47,47,27,,75,16,0,24,,,,,
Jakarta,The Pakubuwono Menteng,2026-04-14 05:07:54,109,109,43,79,,,,,58,28.9,,,
Depok,Cinere - Nafas,2026-04-14 05:07:28,141,141,56,97,,,,,0,0,,,
Bogor,Kabupaten Bogor Leuwiliang,2026-04-14 04:00:00,80,59,26,,4,9,0,80,,,,,
Tangerang,Tangerang Pasir Jaya,2026-04-13 01:00:00,-,52,24,,41,63,0,64,,,,,
Bekasi,Bekasi Kayuringin,2026-04-14 04:00:00,47,47,27,,75,16,0,24,,,,,
Jakarta,The Pakubuwono Menteng,2026-04-14 05:07:54,109,109,43,79,,,,,58,28.9,,,
Depok,Cinere - Nafas,2026-04-14 05:07:28,141,141,56,97,,,,,0,0,,,
Bogor,Kabupaten Bogor Leuwiliang,2026-04-14 04:00:00,80,59,26,,4,9,0,80,,,,,
Tangerang,Tangerang Pasir Jaya,2026-04-13 01:00:00,-,52,24,,41,63,0,64,,,,,
Bekasi,Bekasi Kayuringin,2026-04-14 04:00:00,47,47,27,,75,16,0,24,,,,,
Jakarta,The Pakubuwono Menteng,2026-04-14 05:08:54,107,107,43,83,,,,,58,28.9,,,
Depok,Cinere - Nafas,2026-04-14 05:08:28,138,138,54,96,,,,,0,0,,,
Bogor,Kabupaten Bogor Leuwiliang,2026-04-14 05:00:00,80,59,27,,4,9,0,80,,,,,
Tangerang,Tangerang Pasir Jaya,2026-04-13 01:00:00,-,52,24,,41,63,0,64,,,,,
Bekasi,Bekasi Kayuringin,2026-04-14 05:00:00,42,42,26,,75,16,0,24,,,,,
Jakarta,The Pakubuwono Menteng,2026-04-14 05:09:54,103,103,38,78,,,,,58,28.9,,,
Depok,Cinere - Nafas,2026-04-14 05:09:28,140,140,55,96,,,,,0,0,,,
Bogor,Kabupaten Bogor Leuwiliang,2026-04-14 05:00:00,80,59,27,,4,9,0,80,,,,,
Tangerang,Tangerang Pasir Jaya,2026-04-13 01:00:00,-,52,24,,41,63,0,64,,,,,
Bekasi,Bekasi Kayuringin,2026-04-14 05:00:00,42,42,26,,75,16,0,24,,,,,
Jakarta,The Pakubuwono Menteng,2026-04-14 05:11:54,100,100,41,77,,,,,58,28.9,,,
Depok,Cinere - Nafas,2026-04-14 05:11:28,138,138,54,96,,,,,0,0,,,
Bogor,Kabupaten Bogor Leuwiliang,2026-04-14 05:00:00,80,59,27,,4,9,0,80,,,,,
Tangerang,Tangerang Pasir Jaya,2026-04-13 01:00:00,-,52,24,,41,63,0,64,,,,,
Bekasi,Bekasi Kayuringin,2026-04-14 05:00:00,42,42,26,,75,16,0,24,,,,,
Jakarta,The Pakubuwono Menteng,2026-04-14 05:12:54,107,107,42,78,,,,,58,28.8,,,
Depok,Cinere - Nafas,2026-04-14 05:12:28,141,141,56,98,,,,,0,0,,,
Bogor,Kabupaten Bogor Leuwiliang,2026-04-14 05:00:00,80,59,27,,4,9,0,80,,,,,
Tangerang,Tangerang Pasir Jaya,2026-04-13 01:00:00,-,52,24,,41,63,0,64,,,,,
Bekasi,Bekasi Kayuringin,2026-04-14 05:00:00,42,42,26,,75,16,0,24,,,,,
Jakarta,The Pakubuwono Menteng,2026-04-14 05:13:54,99,99,39,79,,,,,58,28.8,,,
Depok,Cinere - Nafas,2026-04-14 05:14:28,137,137,55,96,,,,,0,0,,,
Bogor,Kabupaten Bogor Leuwiliang,2026-04-14 05:00:00,80,59,27,,4,9,0,80,,,,,
Tangerang,Tangerang Pasir Jaya,2026-04-13 01:00:00,-,52,24,,41,63,0,64,,,,,
Bekasi,Bekasi Kayuringin,2026-04-14 05:00:00,42,42,26,,75,16,0,24,,,,,
Jakarta,The Pakubuwono Menteng,2026-04-14 05:15:54,107,107,41,79,,,,,58,28.8,,,
Depok,Cinere - Nafas,2026-04-14 05:15:28,138,138,55,99,,,,,0,0,,,
Bogor,Kabupaten Bogor Leuwiliang,2026-04-14 05:00:00,80,59,27,,4,9,0,80,,,,,
Tangerang,Tangerang Pasir Jaya,2026-04-13 01:00:00,-,52,24,,41,63,0,64,,,,,
Bekasi,Bekasi Kayuringin,2026-04-14 05:00:00,42,42,26,,75,16,0,24,,,,,
Jakarta,The Pakubuwono Menteng,2026-04-14 05:16:54,105,105,40,78,,,,,58,28.8,,,
Depok,Cinere - Nafas,2026-04-14 05:16:28,137,137,55,95,,,,,0,0,,,
Bogor,Kabupaten Bogor Leuwiliang,2026-04-14 05:00:00,80,59,27,,4,9,0,80,,,,,
Tangerang,Tangerang Pasir Jaya,2026-04-13 01:00:00,-,52,24,,41,63,0,64,,,,,
Bekasi,Bekasi Kayuringin,2026-04-14 05:00:00,42,42,26,,75,16,0,24,,,,,
Jakarta,The Pakubuwono Menteng,2026-04-14 05:17:54,104,104,40,79,,,,,58,28.8,,,
Depok,Cinere - Nafas,2026-04-14 05:17:28,137,137,54,96,,,,,0,0,,,
Bogor,Kabupaten Bogor Leuwiliang,2026-04-14 05:00:00,80,59,27,,4,9,0,80,,,,,
Tangerang,Tangerang Pasir Jaya,2026-04-13 01:00:00,-,52,24,,41,63,0,64,,,,,
Bekasi,Bekasi Kayuringin,2026-04-14 05:00:00,42,42,26,,75,16,0,24,,,,,
Jakarta,The Pakubuwono Menteng,2026-04-14 05:18:54,104,104,41,78,,,,,58,28.8,,,
Depok,Cinere - Nafas,2026-04-14 05:18:28,140,140,55,97,,,,,0,0,,,
Bogor,Kabupaten Bogor Leuwiliang,2026-04-14 05:00:00,80,59,27,,4,9,0,80,,,,,
Tangerang,Tangerang Pasir Jaya,2026-04-13 01:00:00,-,52,24,,41,63,0,64,,,,,
Bekasi,Bekasi Kayuringin,2026-04-14 05:00:00,42,42,26,,75,16,0,24,,,,,
Jakarta,The Pakubuwono Menteng,2026-04-14 05:19:54,108,108,42,79,,,,,58,28.8,,,
Depok,Cinere - Nafas,2026-04-14 05:19:28,141,141,55,99,,,,,0,0,,,
Bogor,Kabupaten Bogor Leuwiliang,2026-04-14 05:00:00,80,59,27,,4,9,0,80,,,,,
Tangerang,Tangerang Pasir Jaya,2026-04-13 01:00:00,-,52,24,,41,63,0,64,,,,,
Bekasi,Bekasi Kayuringin,2026-04-14 05:00:00,42,42,26,,75,16,0,24,,,,,
Jakarta,The Pakubuwono Menteng,2026-04-14 05:21:54,107,107,42,78,,,,,58,28.8,,,
Depok,Cinere - Nafas,2026-04-14 05:21:28,141,141,54,97,,,,,0,0,,,
Bogor,Kabupaten Bogor Leuwiliang,2026-04-14 05:00:00,80,59,27,,4,9,0,80,,,,,
Tangerang,Tangerang Pasir Jaya,2026-04-13 01:00:00,-,52,24,,41,63,0,64,,,,,
Bekasi,Bekasi Kayuringin,2026-04-14 05:00:00,42,42,26,,75,16,0,24,,,,,
Jakarta,The Pakubuwono Menteng,2026-04-14 05:22:54,106,106,40,78,,,,,58,28.8,,,
Depok,Cinere - Nafas,2026-04-14 05:23:28,140,140,55,98,,,,,0,0,,,
Bogor,Kabupaten Bogor Leuwiliang,2026-04-14 05:00:00,80,59,27,,4,9,0,80,,,,,
Tangerang,Tangerang Pasir Jaya,2026-04-13 01:00:00,-,52,24,,41,63,0,64,,,,,
Bekasi,Bekasi Kayuringin,2026-04-14 05:00:00,42,42,26,,75,16,0,24,,,,,
Jakarta,The Pakubuwono Menteng,2026-04-14 05:23:54,105,105,41,80,,,,,58,28.8,,,
Depok,Cinere - Nafas,2026-04-14 05:23:28,140,140,55,98,,,,,0,0,,,
Bogor,Kabupaten Bogor Leuwiliang,2026-04-14 05:00:00,80,59,27,,4,9,0,80,,,,,
Tangerang,Tangerang Pasir Jaya,2026-04-13 01:00:00,-,52,24,,41,63,0,64,,,,,
Bekasi,Bekasi Kayuringin,2026-04-14 05:00:00,42,42,26,,75,16,0,24,,,,,
Jakarta,The Pakubuwono Menteng,2026-04-14 05:24:54,108,108,42,79,,,,,58,28.8,,,
Depok,Cinere - Nafas,2026-04-14 05:24:28,140,140,54,98,,,,,0,0,,,
Bogor,Kabupaten Bogor Leuwiliang,2026-04-14 05:00:00,80,59,27,,4,9,0,80,,,,,
Tangerang,Tangerang Pasir Jaya,2026-04-13 01:00:00,-,52,24,,41,63,0,64,,,,,
Bekasi,Bekasi Kayuringin,2026-04-14 05:00:00,42,42,26,,75,16,0,24,,,,,
Jakarta,The Pakubuwono Menteng,2026-04-14 05:26:54,99,99,39,77,,,,,58,28.8,,,
Depok,Cinere - Nafas,2026-04-14 05:26:51,138,138,55,98,,,,,0,0,,,
Bogor,Kabupaten Bogor Leuwiliang,2026-04-14 05:00:00,80,59,27,,4,9,0,80,,,,,
Tangerang,Tangerang Pasir Jaya,2026-04-13 01:00:00,-,52,24,,41,63,0,64,,,,,
Bekasi,Bekasi Kayuringin,2026-04-14 05:00:00,42,42,26,,75,16,0,24,,,,,
Jakarta,The Pakubuwono Menteng,2026-04-14 05:27:54,105,105,40,79,,,,,58,28.8,,,
Depok,Cinere - Nafas,2026-04-14 05:27:51,143,143,56,101,,,,,0,0,,,
Bogor,Kabupaten Bogor Leuwiliang,2026-04-14 05:00:00,80,59,27,,4,9,0,80,,,,,
Tangerang,Tangerang Pasir Jaya,2026-04-13 01:00:00,-,52,24,,41,63,0,64,,,,,
Bekasi,Bekasi Kayuringin,2026-04-14 05:00:00,42,42,26,,75,16,0,24,,,,,
Jakarta,The Pakubuwono Menteng,2026-04-14 05:28:54,108,108,41,79,,,,,58,28.8,,,
Depok,Cinere - Nafas,2026-04-14 05:28:51,141,141,55,99,,,,,0,0,,,
Bogor,Kabupaten Bogor Leuwiliang,2026-04-14 05:00:00,80,59,27,,4,9,0,80,,,,,
Tangerang,Tangerang Pasir Jaya,2026-04-13 01:00:00,-,52,24,,41,63,0,64,,,,,
Bekasi,Bekasi Kayuringin,2026-04-14 05:00:00,42,42,26,,75,16,0,24,,,,,
Jakarta,The Pakubuwono Menteng,2026-04-14 05:29:54,103,103,42,79,,,,,58,28.8,,,
Depok,Cinere - Nafas,2026-04-14 05:29:51,137,137,55,98,,,,,0,0,,,
Bogor,Kabupaten Bogor Leuwiliang,2026-04-14 05:00:00,80,59,27,,4,9,0,80,,,,,
Tangerang,Tangerang Pasir Jaya,2026-04-13 01:00:00,-,52,24,,41,63,0,64,,,,,
Bekasi,Bekasi Kayuringin,2026-04-14 05:00:00,42,42,26,,75,16,0,24,,,,,
Jakarta,The Pakubuwono Menteng,2026-04-14 05:30:54,110,110,43,80,,,,,58,28.8,,,
Depok,Cinere - Nafas,2026-04-14 05:30:51,135,135,54,96,,,,,0,0,,,
Bogor,Kabupaten Bogor Leuwiliang,2026-04-14 05:00:00,80,59,27,,4,9,0,80,,,,,
Tangerang,Tangerang Pasir Jaya,2026-04-13 01:00:00,-,52,24,,41,63,0,64,,,,,
Bekasi,Bekasi Kayuringin,2026-04-14 05:00:00,42,42,26,,75,16,0,24,,,,,
Jakarta,The Pakubuwono Menteng,2026-04-14 05:31:54,106,106,43,78,,,,,58,28.8,,,
Depok,Cinere - Nafas,2026-04-14 05:32:13,137,137,54,97,,,,,0,0,,,
Bogor,Kabupaten Bogor Leuwiliang,2026-04-14 05:00:00,80,59,27,,4,9,0,80,,,,,
Tangerang,Tangerang Pasir Jaya,2026-04-13 01:00:00,-,52,24,,41,63,0,64,,,,,
Bekasi,Bekasi Kayuringin,2026-04-14 05:00:00,42,42,26,,75,16,0,24,,,,,
Jakarta,The Pakubuwono Menteng,2026-04-14 05:33:54,110,110,43,79,,,,,58,28.8,,,
Depok,Cinere - Nafas,2026-04-14 05:33:13,141,141,54,100,,,,,0,0,,,
Bogor,Kabupaten Bogor Leuwiliang,2026-04-14 05:00:00,80,59,27,,4,9,0,80,,,,,
Tangerang,Tangerang Pasir Jaya,2026-04-13 01:00:00,-,52,24,,41,63,0,64,,,,,
Bekasi,Bekasi Kayuringin,2026-04-14 05:00:00,42,42,26,,75,16,0,24,,,,,
Jakarta,The Pakubuwono Menteng,2026-04-14 05:34:54,108,108,43,84,,,,,58,28.8,,,
Depok,Cinere - Nafas,2026-04-14 05:34:13,136,136,54,96,,,,,0,0,,,
Bogor,Kabupaten Bogor Leuwiliang,2026-04-14 05:00:00,80,59,27,,4,9,0,80,,,,,
Tangerang,Tangerang Pasir Jaya,2026-04-13 01:00:00,-,52,24,,41,63,0,64,,,,,
Bekasi,Bekasi Kayuringin,2026-04-14 05:00:00,42,42,26,,75,16,0,24,,,,,
Jakarta,The Pakubuwono Menteng,2026-04-14 05:35:55,104,104,40,80,,,,,58,28.8,,,
Depok,Cinere - Nafas,2026-04-14 05:35:13,139,139,54,96,,,,,0,0,,,
Bogor,Kabupaten Bogor Leuwiliang,2026-04-14 05:00:00,80,59,27,,4,9,0,80,,,,,
Tangerang,Tangerang Pasir Jaya,2026-04-13 01:00:00,-,52,24,,41,63,0,64,,,,,
Bekasi,Bekasi Kayuringin,2026-04-14 05:00:00,42,42,26,,75,16,0,24,,,,,
Jakarta,The Pakubuwono Menteng,2026-04-14 05:37:55,101,101,39,78,,,,,58,28.8,,,
Depok,Cinere - Nafas,2026-04-14 05:37:13,136,136,54,97,,,,,0,0,,,
Bogor,Kabupaten Bogor Leuwiliang,2026-04-14 05:00:00,80,59,27,,4,9,0,80,,,,,
Tangerang,Tangerang Pasir Jaya,2026-04-13 01:00:00,-,52,24,,41,63,0,64,,,,,
Bekasi,Bekasi Kayuringin,2026-04-14 05:00:00,42,42,26,,75,16,0,24,,,,,
Jakarta,The Pakubuwono Menteng,2026-04-14 05:38:54,107,107,42,78,,,,,58,28.8,,,
Depok,Cinere - Nafas,2026-04-14 05:38:13,135,135,53,95,,,,,0,0,,,
Bogor,Kabupaten Bogor Leuwiliang,2026-04-14 05:00:00,80,59,27,,4,9,0,80,,,,,
Tangerang,Tangerang Pasir Jaya,2026-04-13 01:00:00,-,52,24,,41,63,0,64,,,,,
Bekasi,Bekasi Kayuringin,2026-04-14 05:00:00,42,42,26,,75,16,0,24,,,,,
Jakarta,The Pakubuwono Menteng,2026-04-14 05:38:54,107,107,42,78,,,,,58,28.8,,,
Depok,Cinere - Nafas,2026-04-14 05:38:13,135,135,53,95,,,,,0,0,,,
Bogor,Kabupaten Bogor Leuwiliang,2026-04-14 05:00:00,80,59,27,,4,9,0,80,,,,,
Tangerang,Tangerang Pasir Jaya,2026-04-13 01:00:00,-,52,24,,41,63,0,64,,,,,
Bekasi,Bekasi Kayuringin,2026-04-14 05:00:00,42,42,26,,75,16,0,24,,,,,
Jakarta,The Pakubuwono Menteng,2026-04-14 05:39:55,108,108,43,81,,,,,58,28.8,,,
Depok,Cinere - Nafas,2026-04-14 05:39:41,138,138,54,96,,,,,0,0,,,
Bogor,Kabupaten Bogor Leuwiliang,2026-04-14 05:00:00,80,59,27,,4,9,0,80,,,,,
Tangerang,Tangerang Pasir Jaya,2026-04-13 01:00:00,-,52,24,,41,63,0,64,,,,,
Bekasi,Bekasi Kayuringin,2026-04-14 05:00:00,42,42,26,,75,16,0,24,,,,,
Jakarta,The Pakubuwono Menteng,2026-04-14 05:42:55,106,106,42,81,,,,,59,28.8,,,
Depok,Cinere - Nafas,2026-04-14 05:43:02,135,135,53,96,,,,,0,0,,,
Bogor,Kabupaten Bogor Leuwiliang,2026-04-14 05:00:00,80,59,27,,4,9,0,80,,,,,
Tangerang,Tangerang Pasir Jaya,2026-04-13 01:00:00,-,52,24,,41,63,0,64,,,,,
Bekasi,Bekasi Kayuringin,2026-04-14 05:00:00,42,42,26,,75,16,0,24,,,,,
Jakarta,The Pakubuwono Menteng,2026-04-14 05:43:55,97,97,36,78,,,,,58,28.8,,,
Depok,Cinere - Nafas,2026-04-14 05:44:02,135,135,54,96,,,,,0,0,,,
Bogor,Kabupaten Bogor Leuwiliang,2026-04-14 05:00:00,80,59,27,,4,9,0,80,,,,,
Tangerang,Tangerang Pasir Jaya,2026-04-13 01:00:00,-,52,24,,41,63,0,64,,,,,
Bekasi,Bekasi Kayuringin,2026-04-14 05:00:00,42,42,26,,75,16,0,24,,,,,
Jakarta,The Pakubuwono Menteng,2026-04-14 05:44:55,106,106,41,78,,,,,58,28.8,,,
Depok,Cinere - Nafas,2026-04-14 05:45:02,138,138,54,97,,,,,0,0,,,
Bogor,Kabupaten Bogor Leuwiliang,2026-04-14 05:00:00,80,59,27,,4,9,0,80,,,,,
Tangerang,Tangerang Pasir Jaya,2026-04-13 01:00:00,-,52,24,,41,63,0,64,,,,,
Bekasi,Bekasi Kayuringin,2026-04-14 05:00:00,42,42,26,,75,16,0,24,,,,,
Jakarta,The Pakubuwono Menteng,2026-04-14 05:45:55,103,103,40,76,,,,,58,28.9,,,
Depok,Cinere - Nafas,2026-04-14 05:46:02,134,134,54,95,,,,,0,0,,,
Bogor,Kabupaten Bogor Leuwiliang,2026-04-14 05:00:00,80,59,27,,4,9,0,80,,,,,
Tangerang,Tangerang Pasir Jaya,2026-04-13 01:00:00,-,52,24,,41,63,0,64,,,,,
Bekasi,Bekasi Kayuringin,2026-04-14 05:00:00,42,42,26,,75,16,0,24,,,,,
Jakarta,The Pakubuwono Menteng,2026-04-14 05:46:55,103,103,38,78,,,,,58,28.8,,,
Depok,Cinere - Nafas,2026-04-14 05:47:02,135,135,54,96,,,,,0,0,,,
Bogor,Kabupaten Bogor Leuwiliang,2026-04-14 05:00:00,80,59,27,,4,9,0,80,,,,,
Tangerang,Tangerang Pasir Jaya,2026-04-13 01:00:00,-,52,24,,41,63,0,64,,,,,
Bekasi,Bekasi Kayuringin,2026-04-14 05:00:00,42,42,26,,75,16,0,24,,,,,
Jakarta,The Pakubuwono Menteng,2026-04-14 05:47:55,107,107,42,81,,,,,58,28.8,,,
Depok,Cinere - Nafas,2026-04-14 05:48:02,132,132,53,96,,,,,0,0,,,
Bogor,Kabupaten Bogor Leuwiliang,2026-04-14 05:00:00,80,59,27,,4,9,0,80,,,,,
Tangerang,Tangerang Pasir Jaya,2026-04-13 01:00:00,-,52,24,,41,63,0,64,,,,,
Bekasi,Bekasi Kayuringin,2026-04-14 05:00:00,42,42,26,,75,16,0,24,,,,,
Jakarta,The Pakubuwono Menteng,2026-04-14 05:48:55,103,103,41,77,,,,,58,28.8,,,
Depok,Cinere - Nafas,2026-04-14 05:49:02,135,135,54,97,,,,,0,0,,,
Bogor,Kabupaten Bogor Leuwiliang,2026-04-14 05:00:00,80,59,27,,4,9,0,80,,,,,
Tangerang,Tangerang Pasir Jaya,2026-04-13 01:00:00,-,52,24,,41,63,0,64,,,,,
Bekasi,Bekasi Kayuringin,2026-04-14 05:00:00,42,42,26,,75,16,0,24,,,,,
Jakarta,The Pakubuwono Menteng,2026-04-14 05:49:55,109,109,42,80,,,,,58,28.9,,,
Depok,Cinere - Nafas,2026-04-14 05:50:02,135,135,53,96,,,,,0,0,,,
Bogor,Kabupaten Bogor Leuwiliang,2026-04-14 05:00:00,80,59,27,,4,9,0,80,,,,,
Tangerang,Tangerang Pasir Jaya,2026-04-13 01:00:00,-,52,24,,41,63,0,64,,,,,
Bekasi,Bekasi Kayuringin,2026-04-14 05:00:00,42,42,26,,75,16,0,24,,,,,
Jakarta,The Pakubuwono Menteng,2026-04-14 05:51:55,105,105,40,79,,,,,58,28.9,,,
Depok,Cinere - Nafas,2026-04-14 05:52:02,136,136,54,96,,,,,0,0,,,
Bogor,Kabupaten Bogor Leuwiliang,2026-04-14 05:00:00,80,59,27,,4,9,0,80,,,,,
Tangerang,Tangerang Pasir Jaya,2026-04-13 01:00:00,-,52,24,,41,63,0,64,,,,,
Bekasi,Bekasi Kayuringin,2026-04-14 05:00:00,42,42,26,,75,16,0,24,,,,,
Jakarta,The Pakubuwono Menteng,2026-04-14 05:52:55,101,101,38,78,,,,,58,28.9,,,
Depok,Cinere - Nafas,2026-04-14 05:53:02,137,137,54,96,,,,,0,0,,,
Bogor,Kabupaten Bogor Leuwiliang,2026-04-14 05:00:00,80,59,27,,4,9,0,80,,,,,
Tangerang,Tangerang Pasir Jaya,2026-04-13 01:00:00,-,52,24,,41,63,0,64,,,,,
Bekasi,Bekasi Kayuringin,2026-04-14 05:00:00,42,42,26,,75,16,0,24,,,,,
Jakarta,The Pakubuwono Menteng,2026-04-14 05:53:55,102,102,38,79,,,,,58,28.9,,,
Depok,Cinere - Nafas,2026-04-14 05:54:02,138,138,54,96,,,,,0,0,,,
Bogor,Kabupaten Bogor Leuwiliang,2026-04-14 05:00:00,80,59,27,,4,9,0,80,,,,,
Tangerang,Tangerang Pasir Jaya,2026-04-13 01:00:00,-,52,24,,41,63,0,64,,,,,
Bekasi,Bekasi Kayuringin,2026-04-14 05:00:00,42,42,26,,75,16,0,24,,,,,
Jakarta,The Pakubuwono Menteng,2026-04-14 05:54:55,96,96,35,75,,,,,58,28.9,,,
Depok,Cinere - Nafas,2026-04-14 05:55:02,138,138,54,97,,,,,0,0,,,
Bogor,Kabupaten Bogor Leuwiliang,2026-04-14 05:00:00,80,59,27,,4,9,0,80,,,,,
Tangerang,Tangerang Pasir Jaya,2026-04-13 01:00:00,-,52,24,,41,63,0,64,,,,,
Bekasi,Bekasi Kayuringin,2026-04-14 05:00:00,42,42,26,,75,16,0,24,,,,,
Jakarta,The Pakubuwono Menteng,2026-04-14 05:54:55,96,96,35,75,,,,,58,28.9,,,
Depok,Cinere - Nafas,2026-04-14 05:55:02,138,138,54,97,,,,,0,0,,,
Bogor,Kabupaten Bogor Leuwiliang,2026-04-14 05:00:00,80,59,27,,4,9,0,80,,,,,
Tangerang,Tangerang Pasir Jaya,2026-04-13 01:00:00,-,52,24,,41,63,0,64,,,,,
Bekasi,Bekasi Kayuringin,2026-04-14 05:00:00,42,42,26,,75,16,0,24,,,,,
Jakarta,The Pakubuwono Menteng,2026-04-14 05:57:55,104,104,42,79,,,,,58,28.9,,,
Depok,Cinere - Nafas,2026-04-14 05:58:02,135,135,53,95,,,,,0,0,,,
Bogor,Kabupaten Bogor Leuwiliang,2026-04-14 05:00:00,80,59,27,,4,9,0,80,,,,,
Tangerang,Tangerang Pasir Jaya,2026-04-13 01:00:00,-,52,24,,41,63,0,64,,,,,
Bekasi,Bekasi Kayuringin,2026-04-14 05:00:00,42,42,26,,75,16,0,24,,,,,
Jakarta,The Pakubuwono Menteng,2026-04-14 05:58:55,99,99,36,78,,,,,58,29,,,
Depok,Cinere - Nafas,2026-04-14 05:59:02,136,136,54,95,,,,,0,0,,,
Bogor,Kabupaten Bogor Leuwiliang,2026-04-14 05:00:00,80,59,27,,4,9,0,80,,,,,
Tangerang,Tangerang Pasir Jaya,2026-04-13 01:00:00,-,52,24,,41,63,0,64,,,,,
Bekasi,Bekasi Kayuringin,2026-04-14 05:00:00,42,42,26,,75,16,0,24,,,,,
Jakarta,The Pakubuwono Menteng,2026-04-14 06:00:55,101,101,39,79,,,,,58,29,,,
Depok,Cinere - Nafas,2026-04-14 06:01:02,135,135,54,95,,,,,0,0,,,
Bogor,Kabupaten Bogor Leuwiliang,2026-04-14 05:00:00,80,59,27,,4,9,0,80,,,,,
Tangerang,Tangerang Pasir Jaya,2026-04-13 01:00:00,-,52,24,,41,63,0,64,,,,,
Bekasi,Bekasi Kayuringin,2026-04-14 05:00:00,42,42,26,,75,16,0,24,,,,,
Jakarta,The Pakubuwono Menteng,2026-04-14 06:01:55,105,105,39,80,,,,,58,29,,,
Depok,Cinere - Nafas,2026-04-14 06:02:02,135,135,53,95,,,,,0,0,,,
Bogor,Kabupaten Bogor Leuwiliang,2026-04-14 05:00:00,80,59,27,,4,9,0,80,,,,,
Tangerang,Tangerang Pasir Jaya,2026-04-13 01:00:00,-,52,24,,41,63,0,64,,,,,
Bekasi,Bekasi Kayuringin,2026-04-14 05:00:00,42,42,26,,75,16,0,24,,,,,
Jakarta,The Pakubuwono Menteng,2026-04-14 06:02:55,104,104,42,79,,,,,58,29,,,
Depok,Cinere - Nafas,2026-04-14 06:03:02,135,135,53,96,,,,,0,0,,,
Bogor,Kabupaten Bogor Leuwiliang,2026-04-14 05:00:00,80,59,27,,4,9,0,80,,,,,
Tangerang,Tangerang Pasir Jaya,2026-04-13 01:00:00,-,52,24,,41,63,0,64,,,,,
Bekasi,Bekasi Kayuringin,2026-04-14 05:00:00,42,42,26,,75,16,0,24,,,,,
Jakarta,The Pakubuwono Menteng,2026-04-14 06:03:55,98,98,36,79,,,,,58,29,,,
Depok,Cinere - Nafas,2026-04-14 06:04:02,135,135,53,96,,,,,0,0,,,
Bogor,Kabupaten Bogor Leuwiliang,2026-04-14 05:00:00,80,59,27,,4,9,0,80,,,,,
Tangerang,Tangerang Pasir Jaya,2026-04-13 01:00:00,-,52,24,,41,63,0,64,,,,,
Bekasi,Bekasi Kayuringin,2026-04-14 05:00:00,42,42,26,,75,16,0,24,,,,,
Jakarta,The Pakubuwono Menteng,2026-04-14 06:04:55,101,101,40,79,,,,,58,29,,,
Depok,Cinere - Nafas,2026-04-14 06:05:02,133,133,53,95,,,,,0,0,,,
Bogor,Kabupaten Bogor Leuwiliang,2026-04-14 05:00:00,80,59,27,,4,9,0,80,,,,,
Tangerang,Tangerang Pasir Jaya,2026-04-13 01:00:00,-,52,24,,41,63,0,64,,,,,
Bekasi,Bekasi Kayuringin,2026-04-14 05:00:00,42,42,26,,75,16,0,24,,,,,
Jakarta,The Pakubuwono Menteng,2026-04-14 06:05:55,105,105,42,80,,,,,58,29,,,
Depok,Cinere - Nafas,2026-04-14 06:06:02,135,135,53,96,,,,,0,0,,,
Bogor,Kabupaten Bogor Leuwiliang,2026-04-14 05:00:00,80,59,27,,4,9,0,80,,,,,
Tangerang,Tangerang Pasir Jaya,2026-04-13 01:00:00,-,52,24,,41,63,0,64,,,,,
Bekasi,Bekasi Kayuringin,2026-04-14 05:00:00,42,42,26,,75,16,0,24,,,,,
Jakarta,The Pakubuwono Menteng,2026-04-14 06:06:55,104,104,41,79,,,,,58,29,,,
Depok,Cinere - Nafas,2026-04-14 06:07:02,134,134,53,95,,,,,0,0,,,
Bogor,Kabupaten Bogor Leuwiliang,2026-04-14 05:00:00,80,59,27,,4,9,0,80,,,,,
Tangerang,Tangerang Pasir Jaya,2026-04-13 01:00:00,-,52,24,,41,63,0,64,,,,,
Bekasi,Bekasi Kayuringin,2026-04-14 05:00:00,42,42,26,,75,16,0,24,,,,,
Jakarta,The Pakubuwono Menteng,2026-04-14 06:08:55,100,100,38,77,,,,,58,29,,,
Depok,Cinere - Nafas,2026-04-14 06:09:02,136,136,54,98,,,,,0,0,,,
Bogor,Kabupaten Bogor Leuwiliang,2026-04-14 06:00:00,80,60,27,,4,9,0,80,,,,,
Tangerang,Tangerang Pasir Jaya,2026-04-13 01:00:00,-,52,24,,41,63,0,64,,,,,
Bekasi,Bekasi Kayuringin,2026-04-14 06:00:00,42,42,27,,75,16,0,24,,,,,
Jakarta,The Pakubuwono Menteng,2026-04-14 06:09:55,101,101,38,76,,,,,58,29,,,
Depok,Cinere - Nafas,2026-04-14 06:10:02,134,134,53,93,,,,,0,0,,,
Bogor,Kabupaten Bogor Leuwiliang,2026-04-14 06:00:00,80,60,27,,4,9,0,80,,,,,
Tangerang,Tangerang Pasir Jaya,2026-04-13 01:00:00,-,52,24,,41,63,0,64,,,,,
Bekasi,Bekasi Kayuringin,2026-04-14 06:00:00,42,42,27,,75,16,0,24,,,,,
Jakarta,The Pakubuwono Menteng,2026-04-14 06:10:55,97,97,37,77,,,,,58,29,,,
Depok,Cinere - Nafas,2026-04-14 06:11:02,135,135,54,95,,,,,0,0,,,
Bogor,Kabupaten Bogor Leuwiliang,2026-04-14 06:00:00,80,60,27,,4,9,0,80,,,,,
Tangerang,Tangerang Pasir Jaya,2026-04-13 01:00:00,-,52,24,,41,63,0,64,,,,,
Bekasi,Bekasi Kayuringin,2026-04-14 06:00:00,42,42,27,,75,16,0,24,,,,,
Jakarta,The Pakubuwono Menteng,2026-04-14 06:11:55,99,99,37,78,,,,,58,29,,,
Depok,Cinere - Nafas,2026-04-14 06:12:02,134,134,53,95,,,,,0,0,,,
Bogor,Kabupaten Bogor Leuwiliang,2026-04-14 06:00:00,80,60,27,,4,9,0,80,,,,,
Tangerang,Tangerang Pasir Jaya,2026-04-13 01:00:00,-,52,24,,41,63,0,64,,,,,
Bekasi,Bekasi Kayuringin,2026-04-14 06:00:00,42,42,27,,75,16,0,24,,,,,
Jakarta,The Pakubuwono Menteng,2026-04-14 06:13:56,101,101,39,77,,,,,58,29,,,
Depok,Cinere - Nafas,2026-04-14 06:14:02,131,131,52,96,,,,,0,0,,,
Bogor,Kabupaten Bogor Leuwiliang,2026-04-14 06:00:00,80,60,27,,4,9,0,80,,,,,
Tangerang,Tangerang Pasir Jaya,2026-04-13 01:00:00,-,52,24,,41,63,0,64,,,,,
Bekasi,Bekasi Kayuringin,2026-04-14 06:00:00,42,42,27,,75,16,0,24,,,,,
Jakarta,The Pakubuwono Menteng,2026-04-14 06:14:55,101,101,38,77,,,,,58,29,,,
Depok,Cinere - Nafas,2026-04-14 06:15:02,135,135,53,95,,,,,0,0,,,
Bogor,Kabupaten Bogor Leuwiliang,2026-04-14 06:00:00,80,60,27,,4,9,0,80,,,,,
Tangerang,Tangerang Pasir Jaya,2026-04-13 01:00:00,-,52,24,,41,63,0,64,,,,,
Bekasi,Bekasi Kayuringin,2026-04-14 06:00:00,42,42,27,,75,16,0,24,,,,,
Jakarta,The Pakubuwono Menteng,2026-04-14 06:15:55,98,98,38,74,,,,,58,29,,,
Depok,Cinere - Nafas,2026-04-14 06:16:02,134,134,54,95,,,,,0,0,,,
Bogor,Kabupaten Bogor Leuwiliang,2026-04-14 06:00:00,80,60,27,,4,9,0,80,,,,,
Tangerang,Tangerang Pasir Jaya,2026-04-13 01:00:00,-,52,24,,41,63,0,64,,,,,
Bekasi,Bekasi Kayuringin,2026-04-14 06:00:00,42,42,27,,75,16,0,24,,,,,
Jakarta,The Pakubuwono Menteng,2026-04-14 06:15:55,98,98,38,74,,,,,58,29,,,
Depok,Cinere - Nafas,2026-04-14 06:16:02,134,134,54,95,,,,,0,0,,,
Bogor,Kabupaten Bogor Leuwiliang,2026-04-14 06:00:00,80,60,27,,4,9,0,80,,,,,
Tangerang,Tangerang Pasir Jaya,2026-04-13 01:00:00,-,52,24,,41,63,0,64,,,,,
Bekasi,Bekasi Kayuringin,2026-04-14 06:00:00,42,42,27,,75,16,0,24,,,,,
Jakarta,The Pakubuwono Menteng,2026-04-14 06:17:55,105,105,41,79,,,,,58,29,,,
Depok,Cinere - Nafas,2026-04-14 06:18:02,136,136,54,96,,,,,0,0,,,
Bogor,Kabupaten Bogor Leuwiliang,2026-04-14 06:00:00,80,60,27,,4,9,0,80,,,,,
Tangerang,Tangerang Pasir Jaya,2026-04-13 01:00:00,-,52,24,,41,63,0,64,,,,,
Bekasi,Bekasi Kayuringin,2026-04-14 06:00:00,42,42,27,,75,16,0,24,,,,,
Jakarta,The Pakubuwono Menteng,2026-04-14 06:19:55,101,101,39,77,,,,,58,29,,,
Depok,Cinere - Nafas,2026-04-14 06:20:02,136,136,53,96,,,,,0,0,,,
Bogor,Kabupaten Bogor Leuwiliang,2026-04-14 06:00:00,80,60,27,,4,9,0,80,,,,,
Tangerang,Tangerang Pasir Jaya,2026-04-13 01:00:00,-,52,24,,41,63,0,64,,,,,
Bekasi,Bekasi Kayuringin,2026-04-14 06:00:00,42,42,27,,75,16,0,24,,,,,
Jakarta,The Pakubuwono Menteng,2026-04-14 06:20:55,99,99,37,75,,,,,58,29.1,,,
Depok,Cinere - Nafas,2026-04-14 06:21:02,133,133,53,96,,,,,0,0,,,
Bogor,Kabupaten Bogor Leuwiliang,2026-04-14 06:00:00,80,60,27,,4,9,0,80,,,,,
Tangerang,Tangerang Pasir Jaya,2026-04-13 01:00:00,-,52,24,,41,63,0,64,,,,,
Bekasi,Bekasi Kayuringin,2026-04-14 06:00:00,42,42,27,,75,16,0,24,,,,,
Jakarta,The Pakubuwono Menteng,2026-04-14 06:21:55,103,103,40,78,,,,,58,29,,,
Depok,Cinere - Nafas,2026-04-14 06:22:02,135,135,53,96,,,,,0,0,,,
Bogor,Kabupaten Bogor Leuwiliang,2026-04-14 06:00:00,80,60,27,,4,9,0,80,,,,,
Tangerang,Tangerang Pasir Jaya,2026-04-13 01:00:00,-,52,24,,41,63,0,64,,,,,
Bekasi,Bekasi Kayuringin,2026-04-14 06:00:00,42,42,27,,75,16,0,24,,,,,
Jakarta,The Pakubuwono Menteng,2026-04-14 06:23:56,100,100,40,79,,,,,58,29.1,,,
Depok,Cinere - Nafas,2026-04-14 06:24:02,155,155,60,126,,,,,0,0,,,
Bogor,Kabupaten Bogor Leuwiliang,2026-04-14 06:00:00,80,60,27,,4,9,0,80,,,,,
Tangerang,Tangerang Pasir Jaya,2026-04-13 01:00:00,-,52,24,,41,63,0,64,,,,,
Bekasi,Bekasi Kayuringin,2026-04-14 06:00:00,42,42,27,,75,16,0,24,,,,,
Jakarta,The Pakubuwono Menteng,2026-04-14 06:23:56,100,100,40,79,,,,,58,29.1,,,
Depok,Cinere - Nafas,2026-04-14 06:24:02,155,155,60,126,,,,,0,0,,,
Bogor,Kabupaten Bogor Leuwiliang,2026-04-14 06:00:00,80,60,27,,4,9,0,80,,,,,
Tangerang,Tangerang Pasir Jaya,2026-04-13 01:00:00,-,52,24,,41,63,0,64,,,,,
Bekasi,Bekasi Kayuringin,2026-04-14 06:00:00,42,42,27,,75,16,0,24,,,,,
Jakarta,The Pakubuwono Menteng,2026-04-14 06:24:56,100,100,37,78,,,,,58,29.1,,,
Depok,Cinere - Nafas,2026-04-14 06:25:02,157,157,61,135,,,,,0,0,,,
Bogor,Kabupaten Bogor Leuwiliang,2026-04-14 06:00:00,80,60,27,,4,9,0,80,,,,,
Tangerang,Tangerang Pasir Jaya,2026-04-13 01:00:00,-,52,24,,41,63,0,64,,,,,
Bekasi,Bekasi Kayuringin,2026-04-14 06:00:00,42,42,27,,75,16,0,24,,,,,
Jakarta,The Pakubuwono Menteng,2026-04-14 06:25:55,108,108,42,82,,,,,58,29.1,,,
Depok,Cinere - Nafas,2026-04-14 06:26:02,152,152,57,113,,,,,0,0,,,
Bogor,Kabupaten Bogor Leuwiliang,2026-04-14 06:00:00,80,60,27,,4,9,0,80,,,,,
Tangerang,Tangerang Pasir Jaya,2026-04-13 01:00:00,-,52,24,,41,63,0,64,,,,,
Bekasi,Bekasi Kayuringin,2026-04-14 06:00:00,42,42,27,,75,16,0,24,,,,,
Jakarta,The Pakubuwono Menteng,2026-04-14 06:26:56,102,102,42,79,,,,,58,29.1,,,
Depok,Cinere - Nafas,2026-04-14 06:29:02,154,154,59,121,,,,,0,0,,,
Bogor,Kabupaten Bogor Leuwiliang,2026-04-14 06:00:00,80,60,27,,4,9,0,80,,,,,
Tangerang,Tangerang Pasir Jaya,2026-04-13 01:00:00,-,52,24,,41,63,0,64,,,,,
Bekasi,Bekasi Kayuringin,2026-04-14 06:00:00,42,42,27,,75,16,0,24,,,,,
Jakarta,The Pakubuwono Menteng,2026-04-14 06:29:56,101,101,38,80,,,,,58,29.1,,,
Depok,Cinere - Nafas,2026-04-14 06:30:02,154,154,59,118,,,,,0,0,,,
Bogor,Kabupaten Bogor Leuwiliang,2026-04-14 06:00:00,80,60,27,,4,9,0,80,,,,,
Tangerang,Tangerang Pasir Jaya,2026-04-13 01:00:00,-,52,24,,41,63,0,64,,,,,
Bekasi,Bekasi Kayuringin,2026-04-14 06:00:00,42,42,27,,75,16,0,24,,,,,
Jakarta,The Pakubuwono Menteng,2026-04-14 06:30:56,102,102,38,79,,,,,58,29.1,,,
Depok,Cinere - Nafas,2026-04-14 06:31:02,155,155,59,120,,,,,0,0,,,
Bogor,Kabupaten Bogor Leuwiliang,2026-04-14 06:00:00,80,60,27,,4,9,0,80,,,,,
Tangerang,Tangerang Pasir Jaya,2026-04-13 01:00:00,-,52,24,,41,63,0,64,,,,,
Bekasi,Bekasi Kayuringin,2026-04-14 06:00:00,42,42,27,,75,16,0,24,,,,,
Jakarta,The Pakubuwono Menteng,2026-04-14 06:30:56,102,102,38,79,,,,,58,29.1,,,
Depok,Cinere - Nafas,2026-04-14 06:31:02,155,155,59,120,,,,,0,0,,,
Bogor,Kabupaten Bogor Leuwiliang,2026-04-14 06:00:00,80,60,27,,4,9,0,80,,,,,
Tangerang,Tangerang Pasir Jaya,2026-04-13 01:00:00,-,52,24,,41,63,0,64,,,,,
Bekasi,Bekasi Kayuringin,2026-04-14 06:00:00,42,42,27,,75,16,0,24,,,,,
Jakarta,The Pakubuwono Menteng,2026-04-14 06:32:56,108,108,42,80,,,,,58,29.1,,,
Depok,Cinere - Nafas,2026-04-14 06:33:02,152,152,58,114,,,,,0,0,,,
Bogor,Kabupaten Bogor Leuwiliang,2026-04-14 06:00:00,80,60,27,,4,9,0,80,,,,,
Tangerang,Tangerang Pasir Jaya,2026-04-13 01:00:00,-,52,24,,41,63,0,64,,,,,
Bekasi,Bekasi Kayuringin,2026-04-14 06:00:00,42,42,27,,75,16,0,24,,,,,
Jakarta,The Pakubuwono Menteng,2026-04-14 06:33:56,101,101,38,79,,,,,58,29.1,,,
Depok,Cinere - Nafas,2026-04-14 06:34:02,153,153,59,117,,,,,0,0,,,
Bogor,Kabupaten Bogor Leuwiliang,2026-04-14 06:00:00,80,60,27,,4,9,0,80,,,,,
Tangerang,Tangerang Pasir Jaya,2026-04-13 01:00:00,-,52,24,,41,63,0,64,,,,,
Bekasi,Bekasi Kayuringin,2026-04-14 06:00:00,42,42,27,,75,16,0,24,,,,,
Jakarta,The Pakubuwono Menteng,2026-04-14 06:34:56,100,100,37,78,,,,,58,29.1,,,
Depok,Cinere - Nafas,2026-04-14 06:35:02,152,152,58,115,,,,,0,0,,,
Bogor,Kabupaten Bogor Leuwiliang,2026-04-14 06:00:00,80,60,27,,4,9,0,80,,,,,
Tangerang,Tangerang Pasir Jaya,2026-04-13 01:00:00,-,52,24,,41,63,0,64,,,,,
Bekasi,Bekasi Kayuringin,2026-04-14 06:00:00,42,42,27,,75,16,0,24,,,,,
Jakarta,The Pakubuwono Menteng,2026-04-14 06:35:56,100,100,41,78,,,,,58,29.1,,,
Depok,Cinere - Nafas,2026-04-14 06:36:02,153,153,59,116,,,,,0,0,,,
Bogor,Kabupaten Bogor Leuwiliang,2026-04-14 06:00:00,80,60,27,,4,9,0,80,,,,,
Tangerang,Tangerang Pasir Jaya,2026-04-13 01:00:00,-,52,24,,41,63,0,64,,,,,
Bekasi,Bekasi Kayuringin,2026-04-14 06:00:00,42,42,27,,75,16,0,24,,,,,
Jakarta,The Pakubuwono Menteng,2026-04-14 06:37:56,98,98,35,74,,,,,58,29.1,,,
Depok,Cinere - Nafas,2026-04-14 06:38:02,152,152,58,115,,,,,0,0,,,
Bogor,Kabupaten Bogor Leuwiliang,2026-04-14 06:00:00,80,60,27,,4,9,0,80,,,,,
Tangerang,Tangerang Pasir Jaya,2026-04-13 01:00:00,-,52,24,,41,63,0,64,,,,,
Bekasi,Bekasi Kayuringin,2026-04-14 06:00:00,42,42,27,,75,16,0,24,,,,,
Jakarta,The Pakubuwono Menteng,2026-04-14 06:38:56,101,101,38,79,,,,,58,29.1,,,
Depok,Cinere - Nafas,2026-04-14 06:39:02,151,151,58,110,,,,,0,0,,,
Bogor,Kabupaten Bogor Leuwiliang,2026-04-14 06:00:00,80,60,27,,4,9,0,80,,,,,
Tangerang,Tangerang Pasir Jaya,2026-04-13 01:00:00,-,52,24,,41,63,0,64,,,,,
Bekasi,Bekasi Kayuringin,2026-04-14 06:00:00,42,42,27,,75,16,0,24,,,,,
Jakarta,The Pakubuwono Menteng,2026-04-14 06:39:56,108,108,41,77,,,,,57,29.2,,,
Depok,Cinere - Nafas,2026-04-14 06:40:02,151,151,58,115,,,,,0,0,,,
Bogor,Kabupaten Bogor Leuwiliang,2026-04-14 06:00:00,80,60,27,,4,9,0,80,,,,,
Tangerang,Tangerang Pasir Jaya,2026-04-13 01:00:00,-,52,24,,41,63,0,64,,,,,
Bekasi,Bekasi Kayuringin,2026-04-14 06:00:00,42,42,27,,75,16,0,24,,,,,
Jakarta,The Pakubuwono Menteng,2026-04-14 06:40:56,109,109,41,82,,,,,57,29.2,,,
Depok,Cinere - Nafas,2026-04-14 06:41:02,152,152,58,116,,,,,0,0,,,
Bogor,Kabupaten Bogor Leuwiliang,2026-04-14 06:00:00,80,60,27,,4,9,0,80,,,,,
Tangerang,Tangerang Pasir Jaya,2026-04-13 01:00:00,-,52,24,,41,63,0,64,,,,,
Bekasi,Bekasi Kayuringin,2026-04-14 06:00:00,42,42,27,,75,16,0,24,,,,,
Jakarta,The Pakubuwono Menteng,2026-04-14 06:41:56,101,101,38,79,,,,,57,29.2,,,
Depok,Cinere - Nafas,2026-04-14 06:42:05,151,151,57,111,,,,,0,0,,,
Bogor,Kabupaten Bogor Leuwiliang,2026-04-14 06:00:00,80,60,27,,4,9,0,80,,,,,
Tangerang,Tangerang Pasir Jaya,2026-04-13 01:00:00,-,52,24,,41,63,0,64,,,,,
Bekasi,Bekasi Kayuringin,2026-04-14 06:00:00,42,42,27,,75,16,0,24,,,,,
Jakarta,The Pakubuwono Menteng,2026-04-14 06:43:56,106,106,43,81,,,,,57,29.2,,,
Depok,Cinere - Nafas,2026-04-14 06:44:05,151,151,58,112,,,,,0,0,,,
Bogor,Kabupaten Bogor Leuwiliang,2026-04-14 06:00:00,80,60,27,,4,9,0,80,,,,,
Tangerang,Tangerang Pasir Jaya,2026-04-13 01:00:00,-,52,24,,41,63,0,64,,,,,
Bekasi,Bekasi Kayuringin,2026-04-14 06:00:00,42,42,27,,75,16,0,24,,,,,
Jakarta,The Pakubuwono Menteng,2026-04-14 06:44:56,111,111,43,84,,,,,58,29.2,,,
Depok,Cinere - Nafas,2026-04-14 06:45:05,152,152,57,110,,,,,0,0,,,
Bogor,Kabupaten Bogor Leuwiliang,2026-04-14 06:00:00,80,60,27,,4,9,0,80,,,,,
Tangerang,Tangerang Pasir Jaya,2026-04-13 01:00:00,-,52,24,,41,63,0,64,,,,,
Bekasi,Bekasi Kayuringin,2026-04-14 06:00:00,42,42,27,,75,16,0,24,,,,,
Jakarta,The Pakubuwono Menteng,2026-04-14 06:44:56,111,111,43,84,,,,,58,29.2,,,
Depok,Cinere - Nafas,2026-04-14 06:45:05,152,152,57,110,,,,,0,0,,,
Bogor,Kabupaten Bogor Leuwiliang,2026-04-14 06:00:00,80,60,27,,4,9,0,80,,,,,
Tangerang,Tangerang Pasir Jaya,2026-04-13 01:00:00,-,52,24,,41,63,0,64,,,,,
Bekasi,Bekasi Kayuringin,2026-04-14 06:00:00,42,42,27,,75,16,0,24,,,,,
Jakarta,The Pakubuwono Menteng,2026-04-14 06:46:56,99,99,39,77,,,,,57,29.2,,,
Depok,Cinere - Nafas,2026-04-14 06:47:05,150,150,56,106,,,,,0,0,,,
Bogor,Kabupaten Bogor Leuwiliang,2026-04-14 06:00:00,80,60,27,,4,9,0,80,,,,,
Tangerang,Tangerang Pasir Jaya,2026-04-13 01:00:00,-,52,24,,41,63,0,64,,,,,
Bekasi,Bekasi Kayuringin,2026-04-14 06:00:00,42,42,27,,75,16,0,24,,,,,
Jakarta,The Pakubuwono Menteng,2026-04-14 06:47:56,106,106,41,79,,,,,57,29.2,,,
Depok,Cinere - Nafas,2026-04-14 06:49:05,150,150,57,106,,,,,0,0,,,
Bogor,Kabupaten Bogor Leuwiliang,2026-04-14 06:00:00,80,60,27,,4,9,0,80,,,,,
Tangerang,Tangerang Pasir Jaya,2026-04-13 01:00:00,-,52,24,,41,63,0,64,,,,,
Bekasi,Bekasi Kayuringin,2026-04-14 06:00:00,42,42,27,,75,16,0,24,,,,,
Jakarta,The Pakubuwono Menteng,2026-04-14 06:49:56,104,104,40,78,,,,,58,29.2,,,
Depok,Cinere - Nafas,2026-04-14 06:50:05,150,150,57,108,,,,,0,0,,,
Bogor,Kabupaten Bogor Leuwiliang,2026-04-14 06:00:00,80,60,27,,4,9,0,80,,,,,
Tangerang,Tangerang Pasir Jaya,2026-04-13 01:00:00,-,52,24,,41,63,0,64,,,,,
Bekasi,Bekasi Kayuringin,2026-04-14 06:00:00,42,42,27,,75,16,0,24,,,,,
Jakarta,The Pakubuwono Menteng,2026-04-14 06:50:56,108,108,41,82,,,,,58,29.2,,,
Depok,Cinere - Nafas,2026-04-14 06:51:05,147,147,56,109,,,,,0,0,,,
Bogor,Kabupaten Bogor Leuwiliang,2026-04-14 06:00:00,80,60,27,,4,9,0,80,,,,,
Tangerang,Tangerang Pasir Jaya,2026-04-13 01:00:00,-,52,24,,41,63,0,64,,,,,
Bekasi,Bekasi Kayuringin,2026-04-14 06:00:00,42,42,27,,75,16,0,24,,,,,
Jakarta,The Pakubuwono Menteng,2026-04-14 06:51:56,110,110,42,83,,,,,58,29.2,,,
Depok,Cinere - Nafas,2026-04-14 06:52:05,151,151,57,110,,,,,0,0,,,
Bogor,Kabupaten Bogor Leuwiliang,2026-04-14 06:00:00,80,60,27,,4,9,0,80,,,,,
Tangerang,Tangerang Pasir Jaya,2026-04-13 01:00:00,-,52,24,,41,63,0,64,,,,,
Bekasi,Bekasi Kayuringin,2026-04-14 06:00:00,42,42,27,,75,16,0,24,,,,,
Jakarta,The Pakubuwono Menteng,2026-04-14 06:52:56,111,111,43,84,,,,,58,29.2,,,
Depok,Cinere - Nafas,2026-04-14 06:53:05,150,150,56,106,,,,,0,0,,,
Bogor,Kabupaten Bogor Leuwiliang,2026-04-14 06:00:00,80,60,27,,4,9,0,80,,,,,
Tangerang,Tangerang Pasir Jaya,2026-04-13 01:00:00,-,52,24,,41,63,0,64,,,,,
Bekasi,Bekasi Kayuringin,2026-04-14 06:00:00,42,42,27,,75,16,0,24,,,,,
Jakarta,The Pakubuwono Menteng,2026-04-14 06:53:56,112,112,44,83,,,,,58,29.3,,,
Depok,Cinere - Nafas,2026-04-14 06:54:05,148,148,56,110,,,,,0,0,,,
Bogor,Kabupaten Bogor Leuwiliang,2026-04-14 06:00:00,80,60,27,,4,9,0,80,,,,,
Tangerang,Tangerang Pasir Jaya,2026-04-13 01:00:00,-,52,24,,41,63,0,64,,,,,
Bekasi,Bekasi Kayuringin,2026-04-14 06:00:00,42,42,27,,75,16,0,24,,,,,
Jakarta,The Pakubuwono Menteng,2026-04-14 06:54:56,108,108,44,83,,,,,58,29.3,,,
Depok,Cinere - Nafas,2026-04-14 06:55:05,148,148,56,110,,,,,0,0,,,
Bogor,Kabupaten Bogor Leuwiliang,2026-04-14 06:00:00,80,60,27,,4,9,0,80,,,,,
Tangerang,Tangerang Pasir Jaya,2026-04-13 01:00:00,-,52,24,,41,63,0,64,,,,,
Bekasi,Bekasi Kayuringin,2026-04-14 06:00:00,42,42,27,,75,16,0,24,,,,,
Jakarta,The Pakubuwono Menteng,2026-04-14 06:56:56,108,108,41,81,,,,,58,29.3,,,
Depok,Cinere - Nafas,2026-04-14 06:57:05,150,150,56,111,,,,,0,0,,,
Bogor,Kabupaten Bogor Leuwiliang,2026-04-14 06:00:00,80,60,27,,4,9,0,80,,,,,
Tangerang,Tangerang Pasir Jaya,2026-04-13 01:00:00,-,52,24,,41,63,0,64,,,,,
Bekasi,Bekasi Kayuringin,2026-04-14 06:00:00,42,42,27,,75,16,0,24,,,,,
Jakarta,The Pakubuwono Menteng,2026-04-14 06:57:56,108,108,42,80,,,,,58,29.3,,,
Depok,Cinere - Nafas,2026-04-14 06:58:05,149,149,57,113,,,,,0,0,,,
Bogor,Kabupaten Bogor Leuwiliang,2026-04-14 06:00:00,80,60,27,,4,9,0,80,,,,,
Tangerang,Tangerang Pasir Jaya,2026-04-13 01:00:00,-,52,24,,41,63,0,64,,,,,
Bekasi,Bekasi Kayuringin,2026-04-14 06:00:00,42,42,27,,75,16,0,24,,,,,
Jakarta,The Pakubuwono Menteng,2026-04-14 06:59:56,111,111,43,84,,,,,58,29.3,,,
Depok,Cinere - Nafas,2026-04-14 07:00:05,152,152,57,116,,,,,0,0,,,
Bogor,Kabupaten Bogor Leuwiliang,2026-04-14 06:00:00,80,60,27,,4,9,0,80,,,,,
Tangerang,Tangerang Pasir Jaya,2026-04-13 01:00:00,-,52,24,,41,63,0,64,,,,,
Bekasi,Bekasi Kayuringin,2026-04-14 06:00:00,42,42,27,,75,16,0,24,,,,,
Jakarta,The Pakubuwono Menteng,2026-04-14 07:00:56,110,110,42,83,,,,,58,29.3,,,
Depok,Cinere - Nafas,2026-04-14 07:01:05,151,151,57,111,,,,,0,0,,,
Bogor,Kabupaten Bogor Leuwiliang,2026-04-14 06:00:00,80,60,27,,4,9,0,80,,,,,
Tangerang,Tangerang Pasir Jaya,2026-04-13 01:00:00,-,52,24,,41,63,0,64,,,,,
Bekasi,Bekasi Kayuringin,2026-04-14 06:00:00,42,42,27,,75,16,0,24,,,,,
Jakarta,The Pakubuwono Menteng,2026-04-14 07:01:57,110,110,43,80,,,,,57,29.3,,,
Depok,Cinere - Nafas,2026-04-14 07:02:05,151,151,57,113,,,,,0,0,,,
Bogor,Kabupaten Bogor Leuwiliang,2026-04-14 06:00:00,80,60,27,,4,9,0,80,,,,,
Tangerang,Tangerang Pasir Jaya,2026-04-13 01:00:00,-,52,24,,41,63,0,64,,,,,
Bekasi,Bekasi Kayuringin,2026-04-14 06:00:00,42,42,27,,75,16,0,24,,,,,
Jakarta,The Pakubuwono Menteng,2026-04-14 07:01:57,110,110,43,80,,,,,57,29.3,,,
Depok,Cinere - Nafas,2026-04-14 07:03:05,151,151,57,110,,,,,0,0,,,
Bogor,Kabupaten Bogor Leuwiliang,2026-04-14 06:00:00,80,60,27,,4,9,0,80,,,,,
Tangerang,Tangerang Pasir Jaya,2026-04-13 01:00:00,-,52,24,,41,63,0,64,,,,,
Bekasi,Bekasi Kayuringin,2026-04-14 06:00:00,42,42,27,,75,16,0,24,,,,,
Jakarta,The Pakubuwono Menteng,2026-04-14 07:02:57,113,113,44,83,,,,,58,29.3,,,
Depok,Cinere - Nafas,2026-04-14 07:03:05,151,151,57,110,,,,,0,0,,,
Bogor,Kabupaten Bogor Leuwiliang,2026-04-14 06:00:00,80,60,27,,4,9,0,80,,,,,
Tangerang,Tangerang Pasir Jaya,2026-04-13 01:00:00,-,52,24,,41,63,0,64,,,,,
Bekasi,Bekasi Kayuringin,2026-04-14 06:00:00,42,42,27,,75,16,0,24,,,,,
Jakarta,The Pakubuwono Menteng,2026-04-14 07:04:56,113,113,43,83,,,,,58,29.3,,,
Depok,Cinere - Nafas,2026-04-14 07:05:05,150,150,57,115,,,,,0,0,,,
Bogor,Kabupaten Bogor Leuwiliang,2026-04-14 06:00:00,80,60,27,,4,9,0,80,,,,,
Tangerang,Tangerang Pasir Jaya,2026-04-13 01:00:00,-,52,24,,41,63,0,64,,,,,
Bekasi,Bekasi Kayuringin,2026-04-14 06:00:00,42,42,27,,75,16,0,24,,,,,
Jakarta,The Pakubuwono Menteng,2026-04-14 07:05:57,113,113,45,83,,,,,58,29.4,,,
Depok,Cinere - Nafas,2026-04-14 07:07:05,151,151,57,114,,,,,0,0,,,
Bogor,Kabupaten Bogor Leuwiliang,2026-04-14 06:00:00,80,60,27,,4,9,0,80,,,,,
Tangerang,Tangerang Pasir Jaya,2026-04-13 01:00:00,-,52,24,,41,63,0,64,,,,,
Bekasi,Bekasi Kayuringin,2026-04-14 06:00:00,42,42,27,,75,16,0,24,,,,,
Jakarta,The Pakubuwono Menteng,2026-04-14 07:07:57,118,118,47,88,,,,,58,29.4,,,
Depok,Cinere - Nafas,2026-04-14 07:08:05,151,151,57,113,,,,,0,0,,,
Bogor,Kabupaten Bogor Leuwiliang,2026-04-14 06:00:00,80,60,27,,4,9,0,80,,,,,
Tangerang,Tangerang Pasir Jaya,2026-04-13 01:00:00,-,52,24,,41,63,0,64,,,,,
Bekasi,Bekasi Kayuringin,2026-04-14 06:00:00,42,42,27,,75,16,0,24,,,,,
Jakarta,The Pakubuwono Menteng,2026-04-14 07:09:56,118,118,48,87,,,,,58,29.4,,,
Depok,Cinere - Nafas,2026-04-14 07:10:05,151,151,57,114,,,,,0,0,,,
Bogor,Kabupaten Bogor Leuwiliang,2026-04-14 07:00:00,80,60,27,,4,9,0,80,,,,,
Tangerang,Tangerang Pasir Jaya,2026-04-13 01:00:00,-,52,24,,41,63,0,64,,,,,
Bekasi,Bekasi Kayuringin,2026-04-14 07:00:00,43,43,27,,74,16,0,24,,,,,
Jakarta,The Pakubuwono Menteng,2026-04-14 07:09:56,118,118,48,87,,,,,58,29.4,,,
Depok,Cinere - Nafas,2026-04-14 07:10:05,151,151,57,114,,,,,0,0,,,
Bogor,Kabupaten Bogor Leuwiliang,2026-04-14 07:00:00,80,60,27,,4,9,0,80,,,,,
Tangerang,Tangerang Pasir Jaya,2026-04-13 01:00:00,-,52,24,,41,63,0,64,,,,,
Bekasi,Bekasi Kayuringin,2026-04-14 07:00:00,43,43,27,,74,16,0,24,,,,,
Jakarta,The Pakubuwono Menteng,2026-04-14 07:10:57,116,116,45,85,,,,,58,29.4,,,
Depok,Cinere - Nafas,2026-04-14 07:11:05,152,152,58,115,,,,,0,0,,,
Bogor,Kabupaten Bogor Leuwiliang,2026-04-14 07:00:00,80,60,27,,4,9,0,80,,,,,
Tangerang,Tangerang Pasir Jaya,2026-04-13 01:00:00,-,52,24,,41,63,0,64,,,,,
Bekasi,Bekasi Kayuringin,2026-04-14 07:00:00,43,43,27,,74,16,0,24,,,,,
Jakarta,The Pakubuwono Menteng,2026-04-14 07:11:57,113,113,45,84,,,,,58,29.4,,,
Depok,Cinere - Nafas,2026-04-14 07:12:05,152,152,58,118,,,,,0,0,,,
Bogor,Kabupaten Bogor Leuwiliang,2026-04-14 07:00:00,80,60,27,,4,9,0,80,,,,,
Tangerang,Tangerang Pasir Jaya,2026-04-13 01:00:00,-,52,24,,41,63,0,64,,,,,
Bekasi,Bekasi Kayuringin,2026-04-14 07:00:00,43,43,27,,74,16,0,24,,,,,
Jakarta,The Pakubuwono Menteng,2026-04-14 07:12:56,119,119,46,84,,,,,58,29.4,,,
Depok,Cinere - Nafas,2026-04-14 07:13:05,152,152,58,118,,,,,0,0,,,
Bogor,Kabupaten Bogor Leuwiliang,2026-04-14 07:00:00,80,60,27,,4,9,0,80,,,,,
Tangerang,Tangerang Pasir Jaya,2026-04-13 01:00:00,-,52,24,,41,63,0,64,,,,,
Bekasi,Bekasi Kayuringin,2026-04-14 07:00:00,43,43,27,,74,16,0,24,,,,,
Jakarta,The Pakubuwono Menteng,2026-04-14 07:13:57,116,116,47,86,,,,,58,29.4,,,
Depok,Cinere - Nafas,2026-04-14 07:14:05,153,153,59,119,,,,,0,0,,,
Bogor,Kabupaten Bogor Leuwiliang,2026-04-14 07:00:00,80,60,27,,4,9,0,80,,,,,
Tangerang,Tangerang Pasir Jaya,2026-04-13 01:00:00,-,52,24,,41,63,0,64,,,,,
Bekasi,Bekasi Kayuringin,2026-04-14 07:00:00,43,43,27,,74,16,0,24,,,,,
Jakarta,The Pakubuwono Menteng,2026-04-14 07:16:57,113,113,44,83,,,,,58,29.4,,,
Depok,Cinere - Nafas,2026-04-14 07:17:05,154,154,59,120,,,,,0,0,,,
Bogor,Kabupaten Bogor Leuwiliang,2026-04-14 07:00:00,80,60,27,,4,9,0,80,,,,,
Tangerang,Tangerang Pasir Jaya,2026-04-13 01:00:00,-,52,24,,41,63,0,64,,,,,
Bekasi,Bekasi Kayuringin,2026-04-14 07:00:00,43,43,27,,74,16,0,24,,,,,
Jakarta,The Pakubuwono Menteng,2026-04-14 07:16:57,113,113,44,83,,,,,58,29.4,,,
Depok,Cinere - Nafas,2026-04-14 07:17:05,154,154,59,120,,,,,0,0,,,
Bogor,Kabupaten Bogor Leuwiliang,2026-04-14 07:00:00,80,60,27,,4,9,0,80,,,,,
Tangerang,Tangerang Pasir Jaya,2026-04-13 01:00:00,-,52,24,,41,63,0,64,,,,,
Bekasi,Bekasi Kayuringin,2026-04-14 07:00:00,43,43,27,,74,16,0,24,,,,,
Jakarta,The Pakubuwono Menteng,2026-04-14 07:17:57,115,115,47,87,,,,,58,29.4,,,
Depok,Cinere - Nafas,2026-04-14 07:18:05,152,152,58,115,,,,,0,0,,,
Bogor,Kabupaten Bogor Leuwiliang,2026-04-14 07:00:00,80,60,27,,4,9,0,80,,,,,
Tangerang,Tangerang Pasir Jaya,2026-04-13 01:00:00,-,52,24,,41,63,0,64,,,,,
Bekasi,Bekasi Kayuringin,2026-04-14 07:00:00,43,43,27,,74,16,0,24,,,,,
Jakarta,The Pakubuwono Menteng,2026-04-14 07:19:58,118,118,45,86,,,,,58,29.4,,,
Depok,Cinere - Nafas,2026-04-14 07:20:06,152,152,58,117,,,,,0,0,,,
Bogor,Kabupaten Bogor Leuwiliang,2026-04-14 07:00:00,80,60,27,,4,9,0,80,,,,,
Tangerang,Tangerang Pasir Jaya,2026-04-13 01:00:00,-,52,24,,41,63,0,64,,,,,
Bekasi,Bekasi Kayuringin,2026-04-14 07:00:00,43,43,27,,74,16,0,24,,,,,
Jakarta,The Pakubuwono Menteng,2026-04-14 07:20:57,118,118,47,83,,,,,57,29.4,,,
Depok,Cinere - Nafas,2026-04-14 07:21:05,154,154,59,121,,,,,0,0,,,
Bogor,Kabupaten Bogor Leuwiliang,2026-04-14 07:00:00,80,60,27,,4,9,0,80,,,,,
Tangerang,Tangerang Pasir Jaya,2026-04-13 01:00:00,-,52,24,,41,63,0,64,,,,,
Bekasi,Bekasi Kayuringin,2026-04-14 07:00:00,43,43,27,,74,16,0,24,,,,,
Jakarta,The Pakubuwono Menteng,2026-04-14 07:21:57,108,108,41,83,,,,,57,29.5,,,
Depok,Cinere - Nafas,2026-04-14 07:22:06,154,154,59,121,,,,,0,0,,,
Bogor,Kabupaten Bogor Leuwiliang,2026-04-14 07:00:00,80,60,27,,4,9,0,80,,,,,
Tangerang,Tangerang Pasir Jaya,2026-04-13 01:00:00,-,52,24,,41,63,0,64,,,,,
Bekasi,Bekasi Kayuringin,2026-04-14 07:00:00,43,43,27,,74,16,0,24,,,,,
Jakarta,The Pakubuwono Menteng,2026-04-14 07:22:57,110,110,44,83,,,,,57,29.5,,,
Depok,Cinere - Nafas,2026-04-14 07:23:09,153,153,59,121,,,,,0,0,,,
Bogor,Kabupaten Bogor Leuwiliang,2026-04-14 07:00:00,80,60,27,,4,9,0,80,,,,,
Tangerang,Tangerang Pasir Jaya,2026-04-13 01:00:00,-,52,24,,41,63,0,64,,,,,
Bekasi,Bekasi Kayuringin,2026-04-14 07:00:00,43,43,27,,74,16,0,24,,,,,
Jakarta,The Pakubuwono Menteng,2026-04-14 07:23:57,113,113,45,83,,,,,58,29.5,,,
Depok,Cinere - Nafas,2026-04-14 07:25:06,152,152,59,113,,,,,0,0,,,
Bogor,Kabupaten Bogor Leuwiliang,2026-04-14 07:00:00,80,60,27,,4,9,0,80,,,,,
Tangerang,Tangerang Pasir Jaya,2026-04-13 01:00:00,-,52,24,,41,63,0,64,,,,,
Bekasi,Bekasi Kayuringin,2026-04-14 07:00:00,43,43,27,,74,16,0,24,,,,,
Jakarta,The Pakubuwono Menteng,2026-04-14 07:25:57,108,108,42,81,,,,,57,29.5,,,
Depok,Cinere - Nafas,2026-04-14 07:25:06,152,152,59,113,,,,,0,0,,,
Bogor,Kabupaten Bogor Leuwiliang,2026-04-14 07:00:00,80,60,27,,4,9,0,80,,,,,
Tangerang,Tangerang Pasir Jaya,2026-04-13 01:00:00,-,52,24,,41,63,0,64,,,,,
Bekasi,Bekasi Kayuringin,2026-04-14 07:00:00,43,43,27,,74,16,0,24,,,,,
Jakarta,The Pakubuwono Menteng,2026-04-14 07:26:57,107,107,40,79,,,,,57,29.5,,,
Depok,Cinere - Nafas,2026-04-14 07:27:13,150,150,57,107,,,,,0,0,,,
Bogor,Kabupaten Bogor Leuwiliang,2026-04-14 07:00:00,80,60,27,,4,9,0,80,,,,,
Tangerang,Tangerang Pasir Jaya,2026-04-13 01:00:00,-,52,24,,41,63,0,64,,,,,
Bekasi,Bekasi Kayuringin,2026-04-14 07:00:00,43,43,27,,74,16,0,24,,,,,
Jakarta,The Pakubuwono Menteng,2026-04-14 07:27:57,102,102,39,78,,,,,57,29.6,,,
Depok,Cinere - Nafas,2026-04-14 07:28:13,150,150,56,105,,,,,0,0,,,
Bogor,Kabupaten Bogor Leuwiliang,2026-04-14 07:00:00,80,60,27,,4,9,0,80,,,,,
Tangerang,Tangerang Pasir Jaya,2026-04-13 01:00:00,-,52,24,,41,63,0,64,,,,,
Bekasi,Bekasi Kayuringin,2026-04-14 07:00:00,43,43,27,,74,16,0,24,,,,,
Jakarta,The Pakubuwono Menteng,2026-04-14 07:29:57,107,107,42,82,,,,,57,29.6,,,
Depok,Cinere - Nafas,2026-04-14 07:29:13,139,139,55,101,,,,,0,0,,,
Bogor,Kabupaten Bogor Leuwiliang,2026-04-14 07:00:00,80,60,27,,4,9,0,80,,,,,
Tangerang,Tangerang Pasir Jaya,2026-04-13 01:00:00,-,52,24,,41,63,0,64,,,,,
Bekasi,Bekasi Kayuringin,2026-04-14 07:00:00,43,43,27,,74,16,0,24,,,,,
Jakarta,The Pakubuwono Menteng,2026-04-14 07:30:57,103,103,41,79,,,,,57,29.6,,,
Depok,Cinere - Nafas,2026-04-14 07:30:38,140,140,54,100,,,,,0,0,,,
Bogor,Kabupaten Bogor Leuwiliang,2026-04-14 07:00:00,80,60,27,,4,9,0,80,,,,,
Tangerang,Tangerang Pasir Jaya,2026-04-13 01:00:00,-,52,24,,41,63,0,64,,,,,
Bekasi,Bekasi Kayuringin,2026-04-14 07:00:00,43,43,27,,74,16,0,24,,,,,
Jakarta,The Pakubuwono Menteng,2026-04-14 07:31:57,108,108,42,83,,,,,57,29.6,,,
Depok,Cinere - Nafas,2026-04-14 07:30:38,140,140,54,100,,,,,0,0,,,
Bogor,Kabupaten Bogor Leuwiliang,2026-04-14 07:00:00,80,60,27,,4,9,0,80,,,,,
Tangerang,Tangerang Pasir Jaya,2026-04-13 01:00:00,-,52,24,,41,63,0,64,,,,,
Bekasi,Bekasi Kayuringin,2026-04-14 07:00:00,43,43,27,,74,16,0,24,,,,,
Jakarta,The Pakubuwono Menteng,2026-04-14 07:31:57,108,108,42,83,,,,,57,29.6,,,
Depok,Cinere - Nafas,2026-04-14 07:30:38,140,140,54,100,,,,,0,0,,,
Bogor,Kabupaten Bogor Leuwiliang,2026-04-14 07:00:00,80,60,27,,4,9,0,80,,,,,
Tangerang,Tangerang Pasir Jaya,2026-04-13 01:00:00,-,52,24,,41,63,0,64,,,,,
Bekasi,Bekasi Kayuringin,2026-04-14 07:00:00,43,43,27,,74,16,0,24,,,,,
Jakarta,The Pakubuwono Menteng,2026-04-14 07:32:57,108,108,42,79,,,,,57,29.7,,,
Depok,Cinere - Nafas,2026-04-14 07:34:53,144,144,56,106,,,,,0,0,,,
Bogor,Kabupaten Bogor Leuwiliang,2026-04-14 07:00:00,80,60,27,,4,9,0,80,,,,,
Tangerang,Tangerang Pasir Jaya,2026-04-13 01:00:00,-,52,24,,41,63,0,64,,,,,
Bekasi,Bekasi Kayuringin,2026-04-14 07:00:00,43,43,27,,74,16,0,24,,,,,
Jakarta,The Pakubuwono Menteng,2026-04-14 07:35:57,104,104,40,79,,,,,57,29.7,,,
Depok,Cinere - Nafas,2026-04-14 07:35:52,143,143,56,106,,,,,0,0,,,
Bogor,Kabupaten Bogor Leuwiliang,2026-04-14 07:00:00,80,60,27,,4,9,0,80,,,,,
Tangerang,Tangerang Pasir Jaya,2026-04-13 01:00:00,-,52,24,,41,63,0,64,,,,,
Bekasi,Bekasi Kayuringin,2026-04-14 07:00:00,43,43,27,,74,16,0,24,,,,,
Jakarta,The Pakubuwono Menteng,2026-04-14 07:36:57,108,108,42,83,,,,,57,29.6,,,
Depok,Cinere - Nafas,2026-04-14 07:36:52,141,141,56,100,,,,,0,0,,,
Bogor,Kabupaten Bogor Leuwiliang,2026-04-14 07:00:00,80,60,27,,4,9,0,80,,,,,
Tangerang,Tangerang Pasir Jaya,2026-04-13 01:00:00,-,52,24,,41,63,0,64,,,,,
Bekasi,Bekasi Kayuringin,2026-04-14 07:00:00,43,43,27,,74,16,0,24,,,,,
Jakarta,The Pakubuwono Menteng,2026-04-14 07:37:57,100,100,40,79,,,,,57,29.6,,,
Depok,Cinere - Nafas,2026-04-14 07:36:52,141,141,56,100,,,,,0,0,,,
Bogor,Kabupaten Bogor Leuwiliang,2026-04-14 07:00:00,80,60,27,,4,9,0,80,,,,,
Tangerang,Tangerang Pasir Jaya,2026-04-13 01:00:00,-,52,24,,41,63,0,64,,,,,
Bekasi,Bekasi Kayuringin,2026-04-14 07:00:00,43,43,27,,74,16,0,24,,,,,
Jakarta,The Pakubuwono Menteng,2026-04-14 07:38:57,97,97,36,79,,,,,57,29.7,,,
Depok,Cinere - Nafas,2026-04-14 07:36:52,141,141,56,100,,,,,0,0,,,
Bogor,Kabupaten Bogor Leuwiliang,2026-04-14 07:00:00,80,60,27,,4,9,0,80,,,,,
Tangerang,Tangerang Pasir Jaya,2026-04-13 01:00:00,-,52,24,,41,63,0,64,,,,,
Bekasi,Bekasi Kayuringin,2026-04-14 07:00:00,43,43,27,,74,16,0,24,,,,,
Jakarta,The Pakubuwono Menteng,2026-04-14 07:39:57,100,100,39,77,,,,,57,29.7,,,
Depok,Cinere - Nafas,2026-04-14 07:40:05,141,141,55,105,,,,,0,0,,,
Bogor,Kabupaten Bogor Leuwiliang,2026-04-14 07:00:00,80,60,27,,4,9,0,80,,,,,
Tangerang,Tangerang Pasir Jaya,2026-04-13 01:00:00,-,52,24,,41,63,0,64,,,,,
Bekasi,Bekasi Kayuringin,2026-04-14 07:00:00,43,43,27,,74,16,0,24,,,,,
Jakarta,The Pakubuwono Menteng,2026-04-14 07:40:57,101,101,38,78,,,,,57,29.7,,,
Depok,Cinere - Nafas,2026-04-14 07:41:05,140,140,55,104,,,,,0,0,,,
Bogor,Kabupaten Bogor Leuwiliang,2026-04-14 07:00:00,80,60,27,,4,9,0,80,,,,,
Tangerang,Tangerang Pasir Jaya,2026-04-13 01:00:00,-,52,24,,41,63,0,64,,,,,
Bekasi,Bekasi Kayuringin,2026-04-14 07:00:00,43,43,27,,74,16,0,24,,,,,
Jakarta,The Pakubuwono Menteng,2026-04-14 07:41:57,100,100,40,76,,,,,57,29.8,,,
Depok,Cinere - Nafas,2026-04-14 07:41:05,140,140,55,104,,,,,0,0,,,
Bogor,Kabupaten Bogor Leuwiliang,2026-04-14 07:00:00,80,60,27,,4,9,0,80,,,,,
Tangerang,Tangerang Pasir Jaya,2026-04-13 01:00:00,-,52,24,,41,63,0,64,,,,,
Bekasi,Bekasi Kayuringin,2026-04-14 07:00:00,43,43,27,,74,16,0,24,,,,,
Jakarta,The Pakubuwono Menteng,2026-04-14 07:42:57,108,108,41,81,,,,,57,29.8,,,
Depok,Cinere - Nafas,2026-04-14 07:44:25,143,143,56,101,,,,,0,0,,,
Bogor,Kabupaten Bogor Leuwiliang,2026-04-14 07:00:00,80,60,27,,4,9,0,80,,,,,
Tangerang,Tangerang Pasir Jaya,2026-04-13 01:00:00,-,52,24,,41,63,0,64,,,,,
Bekasi,Bekasi Kayuringin,2026-04-14 07:00:00,43,43,27,,74,16,0,24,,,,,
Jakarta,The Pakubuwono Menteng,2026-04-14 07:45:57,96,96,34,73,,,,,57,29.9,,,
Depok,Cinere - Nafas,2026-04-14 07:46:25,140,140,56,101,,,,,0,0,,,
Bogor,Kabupaten Bogor Leuwiliang,2026-04-14 07:00:00,80,60,27,,4,9,0,80,,,,,
Tangerang,Tangerang Pasir Jaya,2026-04-13 01:00:00,-,52,24,,41,63,0,64,,,,,
Bekasi,Bekasi Kayuringin,2026-04-14 07:00:00,43,43,27,,74,16,0,24,,,,,
Jakarta,The Pakubuwono Menteng,2026-04-14 07:46:58,95,95,34,74,,,,,57,29.9,,,
Depok,Cinere - Nafas,2026-04-14 07:47:25,143,143,56,102,,,,,0,0,,,
Bogor,Kabupaten Bogor Leuwiliang,2026-04-14 07:00:00,80,60,27,,4,9,0,80,,,,,
Tangerang,Tangerang Pasir Jaya,2026-04-13 01:00:00,-,52,24,,41,63,0,64,,,,,
Bekasi,Bekasi Kayuringin,2026-04-14 07:00:00,43,43,27,,74,16,0,24,,,,,
Jakarta,The Pakubuwono Menteng,2026-04-14 07:46:58,95,95,34,74,,,,,57,29.9,,,
Depok,Cinere - Nafas,2026-04-14 07:47:25,143,143,56,102,,,,,0,0,,,
Bogor,Kabupaten Bogor Leuwiliang,2026-04-14 07:00:00,80,60,27,,4,9,0,80,,,,,
Tangerang,Tangerang Pasir Jaya,2026-04-13 01:00:00,-,52,24,,41,63,0,64,,,,,
Bekasi,Bekasi Kayuringin,2026-04-14 07:00:00,43,43,27,,74,16,0,24,,,,,
Jakarta,The Pakubuwono Menteng,2026-04-14 07:47:57,107,107,42,80,,,,,57,30,,,
Depok,Cinere - Nafas,2026-04-14 07:48:25,139,139,55,97,,,,,0,0,,,
Bogor,Kabupaten Bogor Leuwiliang,2026-04-14 07:00:00,80,60,27,,4,9,0,80,,,,,
Tangerang,Tangerang Pasir Jaya,2026-04-13 01:00:00,-,52,24,,41,63,0,64,,,,,
Bekasi,Bekasi Kayuringin,2026-04-14 07:00:00,43,43,27,,74,16,0,24,,,,,
Jakarta,The Pakubuwono Menteng,2026-04-14 07:49:57,94,94,37,74,,,,,56,30.1,,,
Depok,Cinere - Nafas,2026-04-14 07:50:26,143,143,56,106,,,,,0,0,,,
Bogor,Kabupaten Bogor Leuwiliang,2026-04-14 07:00:00,80,60,27,,4,9,0,80,,,,,
Tangerang,Tangerang Pasir Jaya,2026-04-13 01:00:00,-,52,24,,41,63,0,64,,,,,
Bekasi,Bekasi Kayuringin,2026-04-14 07:00:00,43,43,27,,74,16,0,24,,,,,
Jakarta,The Pakubuwono Menteng,2026-04-14 07:50:57,95,95,35,72,,,,,56,30.1,,,
Depok,Cinere - Nafas,2026-04-14 07:51:25,149,149,56,106,,,,,0,0,,,
Bogor,Kabupaten Bogor Leuwiliang,2026-04-14 07:00:00,80,60,27,,4,9,0,80,,,,,
Tangerang,Tangerang Pasir Jaya,2026-04-13 01:00:00,-,52,24,,41,63,0,64,,,,,
Bekasi,Bekasi Kayuringin,2026-04-14 07:00:00,43,43,27,,74,16,0,24,,,,,
Jakarta,The Pakubuwono Menteng,2026-04-14 07:51:58,86,86,27,71,,,,,56,30.1,,,
Depok,Cinere - Nafas,2026-04-14 07:52:26,143,143,55,105,,,,,0,0,,,
Bogor,Kabupaten Bogor Leuwiliang,2026-04-14 07:00:00,80,60,27,,4,9,0,80,,,,,
Tangerang,Tangerang Pasir Jaya,2026-04-13 01:00:00,-,52,24,,41,63,0,64,,,,,
Bekasi,Bekasi Kayuringin,2026-04-14 07:00:00,43,43,27,,74,16,0,24,,,,,
Jakarta,The Pakubuwono Menteng,2026-04-14 07:52:58,96,96,35,75,,,,,56,30.1,,,
Depok,Cinere - Nafas,2026-04-14 07:54:26,150,150,57,111,,,,,0,0,,,
Bogor,Kabupaten Bogor Leuwiliang,2026-04-14 07:00:00,80,60,27,,4,9,0,80,,,,,
Tangerang,Tangerang Pasir Jaya,2026-04-13 01:00:00,-,52,24,,41,63,0,64,,,,,
Bekasi,Bekasi Kayuringin,2026-04-14 07:00:00,43,43,27,,74,16,0,24,,,,,
Jakarta,The Pakubuwono Menteng,2026-04-14 07:54:58,94,94,35,74,,,,,56,30.2,,,
Depok,Cinere - Nafas,2026-04-14 07:55:27,150,150,56,108,,,,,0,0,,,
Bogor,Kabupaten Bogor Leuwiliang,2026-04-14 07:00:00,80,60,27,,4,9,0,80,,,,,
Tangerang,Tangerang Pasir Jaya,2026-04-13 01:00:00,-,52,24,,41,63,0,64,,,,,
Bekasi,Bekasi Kayuringin,2026-04-14 07:00:00,43,43,27,,74,16,0,24,,,,,
Jakarta,The Pakubuwono Menteng,2026-04-14 07:55:58,92,92,32,73,,,,,56,30.2,,,
Depok,Cinere - Nafas,2026-04-14 07:55:27,150,150,56,108,,,,,0,0,,,
Bogor,Kabupaten Bogor Leuwiliang,2026-04-14 07:00:00,80,60,27,,4,9,0,80,,,,,
Tangerang,Tangerang Pasir Jaya,2026-04-13 01:00:00,-,52,24,,41,63,0,64,,,,,
Bekasi,Bekasi Kayuringin,2026-04-14 07:00:00,43,43,27,,74,16,0,24,,,,,
Jakarta,The Pakubuwono Menteng,2026-04-14 07:56:57,87,87,28,71,,,,,55,30.2,,,
Depok,Cinere - Nafas,2026-04-14 07:56:52,152,152,58,114,,,,,0,0,,,
Bogor,Kabupaten Bogor Leuwiliang,2026-04-14 07:00:00,80,60,27,,4,9,0,80,,,,,
Tangerang,Tangerang Pasir Jaya,2026-04-13 01:00:00,-,52,24,,41,63,0,64,,,,,
Bekasi,Bekasi Kayuringin,2026-04-14 07:00:00,43,43,27,,74,16,0,24,,,,,
Jakarta,The Pakubuwono Menteng,2026-04-14 07:57:58,80,80,25,67,,,,,55,30.3,,,
Depok,Cinere - Nafas,2026-04-14 07:57:51,151,151,58,116,,,,,0,0,,,
Bogor,Kabupaten Bogor Leuwiliang,2026-04-14 07:00:00,80,60,27,,4,9,0,80,,,,,
Tangerang,Tangerang Pasir Jaya,2026-04-13 01:00:00,-,52,24,,41,63,0,64,,,,,
Bekasi,Bekasi Kayuringin,2026-04-14 07:00:00,43,43,27,,74,16,0,24,,,,,
Jakarta,The Pakubuwono Menteng,2026-04-14 08:00:06,92,92,33,71,,,,,55,30.3,,,
Depok,Cinere - Nafas,2026-04-14 07:59:51,153,153,59,116,,,,,0,0,,,
Bogor,Kabupaten Bogor Leuwiliang,2026-04-14 07:00:00,80,60,27,,4,9,0,80,,,,,
Tangerang,Tangerang Pasir Jaya,2026-04-13 01:00:00,-,52,24,,41,63,0,64,,,,,
Bekasi,Bekasi Kayuringin,2026-04-14 07:00:00,43,43,27,,74,16,0,24,,,,,
Jakarta,The Pakubuwono Menteng,2026-04-14 08:00:06,92,92,33,71,,,,,55,30.3,,,
Depok,Cinere - Nafas,2026-04-14 07:59:51,153,153,59,116,,,,,0,0,,,
Bogor,Kabupaten Bogor Leuwiliang,2026-04-14 07:00:00,80,60,27,,4,9,0,80,,,,,
Tangerang,Tangerang Pasir Jaya,2026-04-13 01:00:00,-,52,24,,41,63,0,64,,,,,
Bekasi,Bekasi Kayuringin,2026-04-14 07:00:00,43,43,27,,74,16,0,24,,,,,
Jakarta,The Pakubuwono Menteng,2026-04-14 08:00:58,91,91,32,72,,,,,55,30.3,,,
Depok,Cinere - Nafas,2026-04-14 08:00:51,153,153,58,116,,,,,0,0,,,
Bogor,Kabupaten Bogor Leuwiliang,2026-04-14 07:00:00,80,60,27,,4,9,0,80,,,,,
Tangerang,Tangerang Pasir Jaya,2026-04-13 01:00:00,-,52,24,,41,63,0,64,,,,,
Bekasi,Bekasi Kayuringin,2026-04-14 07:00:00,43,43,27,,74,16,0,24,,,,,
Jakarta,The Pakubuwono Menteng,2026-04-14 08:01:58,89,89,30,70,,,,,55,30.3,,,
Depok,Cinere - Nafas,2026-04-14 08:01:51,154,154,59,124,,,,,0,0,,,
Bogor,Kabupaten Bogor Leuwiliang,2026-04-14 07:00:00,80,60,27,,4,9,0,80,,,,,
Tangerang,Tangerang Pasir Jaya,2026-04-13 01:00:00,-,52,24,,41,63,0,64,,,,,
Bekasi,Bekasi Kayuringin,2026-04-14 07:00:00,43,43,27,,74,16,0,24,,,,,
Jakarta,The Pakubuwono Menteng,2026-04-14 08:04:58,94,94,32,72,,,,,55,30.4,,,
Depok,Cinere - Nafas,2026-04-14 08:04:51,155,155,59,121,,,,,0,0,,,
Bogor,Kabupaten Bogor Leuwiliang,2026-04-14 07:00:00,80,60,27,,4,9,0,80,,,,,
Tangerang,Tangerang Pasir Jaya,2026-04-13 01:00:00,-,52,24,,41,63,0,64,,,,,
Bekasi,Bekasi Kayuringin,2026-04-14 07:00:00,43,43,27,,74,16,0,24,,,,,
Jakarta,The Pakubuwono Menteng,2026-04-14 08:05:58,91,91,32,72,,,,,55,30.3,,,
Depok,Cinere - Nafas,2026-04-14 08:05:51,152,152,58,116,,,,,0,0,,,
Bogor,Kabupaten Bogor Leuwiliang,2026-04-14 07:00:00,80,60,27,,4,9,0,80,,,,,
Tangerang,Tangerang Pasir Jaya,2026-04-13 01:00:00,-,52,24,,41,63,0,64,,,,,
Bekasi,Bekasi Kayuringin,2026-04-14 07:00:00,43,43,27,,74,16,0,24,,,,,
Jakarta,The Pakubuwono Menteng,2026-04-14 08:06:58,92,92,32,71,,,,,54,30.4,,,
Depok,Cinere - Nafas,2026-04-14 08:06:51,152,152,58,118,,,,,0,0,,,
Bogor,Kabupaten Bogor Leuwiliang,2026-04-14 07:00:00,80,60,27,,4,9,0,80,,,,,
Tangerang,Tangerang Pasir Jaya,2026-04-13 01:00:00,-,52,24,,41,63,0,64,,,,,
Bekasi,Bekasi Kayuringin,2026-04-14 07:00:00,43,43,27,,74,16,0,24,,,,,
Jakarta,The Pakubuwono Menteng,2026-04-14 08:07:58,89,89,30,70,,,,,54,30.4,,,
Depok,Cinere - Nafas,2026-04-14 08:07:52,155,155,60,126,,,,,0,0,,,
Bogor,Kabupaten Bogor Leuwiliang,2026-04-14 07:00:00,80,60,27,,4,9,0,80,,,,,
Tangerang,Tangerang Pasir Jaya,2026-04-13 01:00:00,-,52,24,,41,63,0,64,,,,,
Bekasi,Bekasi Kayuringin,2026-04-14 07:00:00,43,43,27,,74,16,0,24,,,,,
Jakarta,The Pakubuwono Menteng,2026-04-14 08:08:58,87,87,28,71,,,,,54,30.3,,,
Depok,Cinere - Nafas,2026-04-14 08:08:51,152,152,58,115,,,,,0,0,,,
Bogor,Kabupaten Bogor Leuwiliang,2026-04-14 08:00:00,80,61,28,,4,9,0,80,,,,,
Tangerang,Tangerang Pasir Jaya,2026-04-13 01:00:00,-,52,24,,41,63,0,64,,,,,
Bekasi,Bekasi Kayuringin,2026-04-14 08:00:00,38,38,26,,74,16,0,24,,,,,
Jakarta,The Pakubuwono Menteng,2026-04-14 08:09:58,88,88,30,71,,,,,54,30.3,,,
Depok,Cinere - Nafas,2026-04-14 08:09:51,152,152,58,116,,,,,0,0,,,
Bogor,Kabupaten Bogor Leuwiliang,2026-04-14 08:00:00,80,61,28,,4,9,0,80,,,,,
Tangerang,Tangerang Pasir Jaya,2026-04-13 01:00:00,-,52,24,,41,63,0,64,,,,,
Bekasi,Bekasi Kayuringin,2026-04-14 08:00:00,38,38,26,,74,16,0,24,,,,,
Jakarta,The Pakubuwono Menteng,2026-04-14 08:10:59,86,86,28,71,,,,,54,30.3,,,
Depok,Cinere - Nafas,2026-04-14 08:10:51,151,151,57,109,,,,,0,0,,,
Bogor,Kabupaten Bogor Leuwiliang,2026-04-14 08:00:00,80,61,28,,4,9,0,80,,,,,
Tangerang,Tangerang Pasir Jaya,2026-04-13 01:00:00,-,52,24,,41,63,0,64,,,,,
Bekasi,Bekasi Kayuringin,2026-04-14 08:00:00,38,38,26,,74,16,0,24,,,,,
Jakarta,The Pakubuwono Menteng,2026-04-14 08:11:58,84,84,27,69,,,,,55,30.3,,,
Depok,Cinere - Nafas,2026-04-14 08:11:51,152,152,59,116,,,,,0,0,,,
Bogor,Kabupaten Bogor Leuwiliang,2026-04-14 08:00:00,80,61,28,,4,9,0,80,,,,,
Tangerang,Tangerang Pasir Jaya,2026-04-13 01:00:00,-,52,24,,41,63,0,64,,,,,
Bekasi,Bekasi Kayuringin,2026-04-14 08:00:00,38,38,26,,74,16,0,24,,,,,
Jakarta,The Pakubuwono Menteng,2026-04-14 08:13:58,84,84,26,70,,,,,55,30.4,,,
Depok,Cinere - Nafas,2026-04-14 08:13:51,156,156,60,132,,,,,0,0,,,
Bogor,Kabupaten Bogor Leuwiliang,2026-04-14 08:00:00,80,61,28,,4,9,0,80,,,,,
Tangerang,Tangerang Pasir Jaya,2026-04-13 01:00:00,-,52,24,,41,63,0,64,,,,,
Bekasi,Bekasi Kayuringin,2026-04-14 08:00:00,38,38,26,,74,16,0,24,,,,,
Jakarta,The Pakubuwono Menteng,2026-04-14 08:15:58,94,94,33,73,,,,,55,30.4,,,
Depok,Cinere - Nafas,2026-04-14 08:15:51,159,159,63,138,,,,,0,0,,,
Bogor,Kabupaten Bogor Leuwiliang,2026-04-14 08:00:00,80,61,28,,4,9,0,80,,,,,
Tangerang,Tangerang Pasir Jaya,2026-04-13 01:00:00,-,52,24,,41,63,0,64,,,,,
Bekasi,Bekasi Kayuringin,2026-04-14 08:00:00,38,38,26,,74,16,0,24,,,,,
Jakarta,The Pakubuwono Menteng,2026-04-14 08:16:58,87,87,30,72,,,,,54,30.4,,,
Depok,Cinere - Nafas,2026-04-14 08:16:52,152,152,58,115,,,,,0,0,,,
Bogor,Kabupaten Bogor Leuwiliang,2026-04-14 08:00:00,80,61,28,,4,9,0,80,,,,,
Tangerang,Tangerang Pasir Jaya,2026-04-13 01:00:00,-,52,24,,41,63,0,64,,,,,
Bekasi,Bekasi Kayuringin,2026-04-14 08:00:00,38,38,26,,74,16,0,24,,,,,
Jakarta,The Pakubuwono Menteng,2026-04-14 08:17:59,91,91,33,70,,,,,54,30.4,,,
Depok,Cinere - Nafas,2026-04-14 08:17:52,150,150,57,108,,,,,0,0,,,
Bogor,Kabupaten Bogor Leuwiliang,2026-04-14 08:00:00,80,61,28,,4,9,0,80,,,,,
Tangerang,Tangerang Pasir Jaya,2026-04-13 01:00:00,-,52,24,,41,63,0,64,,,,,
Bekasi,Bekasi Kayuringin,2026-04-14 08:00:00,38,38,26,,74,16,0,24,,,,,
Jakarta,The Pakubuwono Menteng,2026-04-14 08:17:59,91,91,33,70,,,,,54,30.4,,,
Depok,Cinere - Nafas,2026-04-14 08:17:52,150,150,57,108,,,,,0,0,,,
Bogor,Kabupaten Bogor Leuwiliang,2026-04-14 08:00:00,80,61,28,,4,9,0,80,,,,,
Tangerang,Tangerang Pasir Jaya,2026-04-13 01:00:00,-,52,24,,41,63,0,64,,,,,
Bekasi,Bekasi Kayuringin,2026-04-14 08:00:00,38,38,26,,74,16,0,24,,,,,
Jakarta,The Pakubuwono Menteng,2026-04-14 08:19:58,92,92,31,73,,,,,54,30.4,,,
Depok,Cinere - Nafas,2026-04-14 08:19:52,151,151,57,111,,,,,0,0,,,
Bogor,Kabupaten Bogor Leuwiliang,2026-04-14 08:00:00,80,61,28,,4,9,0,80,,,,,
Tangerang,Tangerang Pasir Jaya,2026-04-13 01:00:00,-,52,24,,41,63,0,64,,,,,
Bekasi,Bekasi Kayuringin,2026-04-14 08:00:00,38,38,26,,74,16,0,24,,,,,
Jakarta,The Pakubuwono Menteng,2026-04-14 08:20:58,87,87,30,70,,,,,54,30.4,,,
Depok,Cinere - Nafas,2026-04-14 08:20:52,151,151,56,110,,,,,0,0,,,
Bogor,Kabupaten Bogor Leuwiliang,2026-04-14 08:00:00,80,61,28,,4,9,0,80,,,,,
Tangerang,Tangerang Pasir Jaya,2026-04-13 01:00:00,-,52,24,,41,63,0,64,,,,,
Bekasi,Bekasi Kayuringin,2026-04-14 08:00:00,38,38,26,,74,16,0,24,,,,,
Jakarta,The Pakubuwono Menteng,2026-04-14 08:21:58,91,91,32,71,,,,,54,30.4,,,
Depok,Cinere - Nafas,2026-04-14 08:21:52,153,153,58,115,,,,,0,0,,,
Bogor,Kabupaten Bogor Leuwiliang,2026-04-14 08:00:00,80,61,28,,4,9,0,80,,,,,
Tangerang,Tangerang Pasir Jaya,2026-04-13 01:00:00,-,52,24,,41,63,0,64,,,,,
Bekasi,Bekasi Kayuringin,2026-04-14 08:00:00,38,38,26,,74,16,0,24,,,,,
Jakarta,The Pakubuwono Menteng,2026-04-14 08:23:58,96,96,35,75,,,,,54,30.4,,,
Depok,Cinere - Nafas,2026-04-14 08:23:52,148,148,57,111,,,,,0,0,,,
Bogor,Kabupaten Bogor Leuwiliang,2026-04-14 08:00:00,80,61,28,,4,9,0,80,,,,,
Tangerang,Tangerang Pasir Jaya,2026-04-13 01:00:00,-,52,24,,41,63,0,64,,,,,
Bekasi,Bekasi Kayuringin,2026-04-14 08:00:00,38,38,26,,74,16,0,24,,,,,
Jakarta,The Pakubuwono Menteng,2026-04-14 08:24:59,99,99,36,77,,,,,54,30.5,,,
Depok,Cinere - Nafas,2026-04-14 08:24:52,140,140,56,102,,,,,0,0,,,
Bogor,Kabupaten Bogor Leuwiliang,2026-04-14 08:00:00,80,61,28,,4,9,0,80,,,,,
Tangerang,Tangerang Pasir Jaya,2026-04-13 01:00:00,-,52,24,,41,63,0,64,,,,,
Bekasi,Bekasi Kayuringin,2026-04-14 08:00:00,38,38,26,,74,16,0,24,,,,,
Jakarta,The Pakubuwono Menteng,2026-04-14 08:24:59,99,99,36,77,,,,,54,30.5,,,
Depok,Cinere - Nafas,2026-04-14 08:25:53,139,139,54,98,,,,,0,0,,,
Bogor,Kabupaten Bogor Leuwiliang,2026-04-14 08:00:00,80,61,28,,4,9,0,80,,,,,
Tangerang,Tangerang Pasir Jaya,2026-04-13 01:00:00,-,52,24,,41,63,0,64,,,,,
Bekasi,Bekasi Kayuringin,2026-04-14 08:00:00,38,38,26,,74,16,0,24,,,,,
Jakarta,The Pakubuwono Menteng,2026-04-14 08:26:58,98,98,36,75,,,,,54,30.4,,,
Depok,Cinere - Nafas,2026-04-14 08:26:52,136,136,53,96,,,,,0,0,,,
Bogor,Kabupaten Bogor Leuwiliang,2026-04-14 08:00:00,80,61,28,,4,9,0,80,,,,,
Tangerang,Tangerang Pasir Jaya,2026-04-13 01:00:00,-,52,24,,41,63,0,64,,,,,
Bekasi,Bekasi Kayuringin,2026-04-14 08:00:00,38,38,26,,74,16,0,24,,,,,
Jakarta,The Pakubuwono Menteng,2026-04-14 08:26:58,98,98,36,75,,,,,54,30.4,,,
Depok,Cinere - Nafas,2026-04-14 08:27:52,140,140,55,98,,,,,0,0,,,
Bogor,Kabupaten Bogor Leuwiliang,2026-04-14 08:00:00,80,61,28,,4,9,0,80,,,,,
Tangerang,Tangerang Pasir Jaya,2026-04-13 01:00:00,-,52,24,,41,63,0,64,,,,,
Bekasi,Bekasi Kayuringin,2026-04-14 08:00:00,38,38,26,,74,16,0,24,,,,,
Jakarta,The Pakubuwono Menteng,2026-04-14 08:28:58,100,100,37,77,,,,,54,30.5,,,
Depok,Cinere - Nafas,2026-04-14 08:28:52,134,134,52,95,,,,,0,0,,,
Bogor,Kabupaten Bogor Leuwiliang,2026-04-14 08:00:00,80,61,28,,4,9,0,80,,,,,
Tangerang,Tangerang Pasir Jaya,2026-04-13 01:00:00,-,52,24,,41,63,0,64,,,,,
Bekasi,Bekasi Kayuringin,2026-04-14 08:00:00,38,38,26,,74,16,0,24,,,,,
Jakarta,The Pakubuwono Menteng,2026-04-14 08:30:58,97,97,36,74,,,,,54,30.5,,,
Depok,Cinere - Nafas,2026-04-14 08:30:52,136,136,54,95,,,,,0,0,,,
Bogor,Kabupaten Bogor Leuwiliang,2026-04-14 08:00:00,80,61,28,,4,9,0,80,,,,,
Tangerang,Tangerang Pasir Jaya,2026-04-13 01:00:00,-,52,24,,41,63,0,64,,,,,
Bekasi,Bekasi Kayuringin,2026-04-14 08:00:00,38,38,26,,74,16,0,24,,,,,
Jakarta,The Pakubuwono Menteng,2026-04-14 08:31:58,93,93,34,73,,,,,54,30.5,,,
Depok,Cinere - Nafas,2026-04-14 08:31:52,133,133,53,94,,,,,0,0,,,
Bogor,Kabupaten Bogor Leuwiliang,2026-04-14 08:00:00,80,61,28,,4,9,0,80,,,,,
Tangerang,Tangerang Pasir Jaya,2026-04-13 01:00:00,-,52,24,,41,63,0,64,,,,,
Bekasi,Bekasi Kayuringin,2026-04-14 08:00:00,38,38,26,,74,16,0,24,,,,,
Jakarta,The Pakubuwono Menteng,2026-04-14 08:32:58,95,95,34,75,,,,,54,30.5,,,
Depok,Cinere - Nafas,2026-04-14 08:32:52,138,138,54,97,,,,,0,0,,,
Bogor,Kabupaten Bogor Leuwiliang,2026-04-14 08:00:00,80,61,28,,4,9,0,80,,,,,
Tangerang,Tangerang Pasir Jaya,2026-04-13 01:00:00,-,52,24,,41,63,0,64,,,,,
Bekasi,Bekasi Kayuringin,2026-04-14 08:00:00,38,38,26,,74,16,0,24,,,,,
Jakarta,The Pakubuwono Menteng,2026-04-14 08:33:59,101,101,38,77,,,,,54,30.5,,,
Depok,Cinere - Nafas,2026-04-14 08:33:52,137,137,54,98,,,,,0,0,,,
Bogor,Kabupaten Bogor Leuwiliang,2026-04-14 08:00:00,80,61,28,,4,9,0,80,,,,,
Tangerang,Tangerang Pasir Jaya,2026-04-13 01:00:00,-,52,24,,41,63,0,64,,,,,
Bekasi,Bekasi Kayuringin,2026-04-14 08:00:00,38,38,26,,74,16,0,24,,,,,
Jakarta,The Pakubuwono Menteng,2026-04-14 08:35:58,102,102,39,80,,,,,54,30.5,,,
Depok,Cinere - Nafas,2026-04-14 08:35:52,136,136,54,96,,,,,0,0,,,
Bogor,Kabupaten Bogor Leuwiliang,2026-04-14 08:00:00,80,61,28,,4,9,0,80,,,,,
Tangerang,Tangerang Pasir Jaya,2026-04-13 01:00:00,-,52,24,,41,63,0,64,,,,,
Bekasi,Bekasi Kayuringin,2026-04-14 08:00:00,38,38,26,,74,16,0,24,,,,,
Jakarta,The Pakubuwono Menteng,2026-04-14 08:37:02,107,107,41,78,,,,,54,30.5,,,
Depok,Cinere - Nafas,2026-04-14 08:36:52,131,131,53,96,,,,,0,0,,,
Bogor,Kabupaten Bogor Leuwiliang,2026-04-14 08:00:00,80,61,28,,4,9,0,80,,,,,
Tangerang,Tangerang Pasir Jaya,2026-04-13 01:00:00,-,52,24,,41,63,0,64,,,,,
Bekasi,Bekasi Kayuringin,2026-04-14 08:00:00,38,38,26,,74,16,0,24,,,,,
Jakarta,The Pakubuwono Menteng,2026-04-14 08:37:59,100,100,40,79,,,,,54,30.5,,,
Depok,Cinere - Nafas,2026-04-14 08:37:52,136,136,54,96,,,,,0,0,,,
Bogor,Kabupaten Bogor Leuwiliang,2026-04-14 08:00:00,80,61,28,,4,9,0,80,,,,,
Tangerang,Tangerang Pasir Jaya,2026-04-13 01:00:00,-,52,24,,41,63,0,64,,,,,
Bekasi,Bekasi Kayuringin,2026-04-14 08:00:00,38,38,26,,74,16,0,24,,,,,
Jakarta,The Pakubuwono Menteng,2026-04-14 08:39:10,106,106,40,79,,,,,53,30.6,,,
Depok,Cinere - Nafas,2026-04-14 08:38:52,125,125,51,90,,,,,0,0,,,
Bogor,Kabupaten Bogor Leuwiliang,2026-04-14 08:00:00,80,61,28,,4,9,0,80,,,,,
Tangerang,Tangerang Pasir Jaya,2026-04-13 01:00:00,-,52,24,,41,63,0,64,,,,,
Bekasi,Bekasi Kayuringin,2026-04-14 08:00:00,38,38,26,,74,16,0,24,,,,,
Jakarta,The Pakubuwono Menteng,2026-04-14 08:39:59,98,98,37,79,,,,,54,30.6,,,
Depok,Cinere - Nafas,2026-04-14 08:40:52,121,121,48,88,,,,,0,0,,,
Bogor,Kabupaten Bogor Leuwiliang,2026-04-14 08:00:00,80,61,28,,4,9,0,80,,,,,
Tangerang,Tangerang Pasir Jaya,2026-04-13 01:00:00,-,52,24,,41,63,0,64,,,,,
Bekasi,Bekasi Kayuringin,2026-04-14 08:00:00,38,38,26,,74,16,0,24,,,,,
Jakarta,The Pakubuwono Menteng,2026-04-14 08:40:59,99,99,36,78,,,,,54,30.6,,,
Depok,Cinere - Nafas,2026-04-14 08:40:52,121,121,48,88,,,,,0,0,,,
Bogor,Kabupaten Bogor Leuwiliang,2026-04-14 08:00:00,80,61,28,,4,9,0,80,,,,,
Tangerang,Tangerang Pasir Jaya,2026-04-13 01:00:00,-,52,24,,41,63,0,64,,,,,
Bekasi,Bekasi Kayuringin,2026-04-14 08:00:00,38,38,26,,74,16,0,24,,,,,
Jakarta,The Pakubuwono Menteng,2026-04-14 08:42:59,101,101,38,78,,,,,54,30.6,,,
Depok,Cinere - Nafas,2026-04-14 08:42:52,112,112,45,83,,,,,0,0,,,
Bogor,Kabupaten Bogor Leuwiliang,2026-04-14 08:00:00,80,61,28,,4,9,0,80,,,,,
Tangerang,Tangerang Pasir Jaya,2026-04-13 01:00:00,-,52,24,,41,63,0,64,,,,,
Bekasi,Bekasi Kayuringin,2026-04-14 08:00:00,38,38,26,,74,16,0,24,,,,,
Jakarta,The Pakubuwono Menteng,2026-04-14 08:43:59,95,95,34,76,,,,,54,30.6,,,
Depok,Cinere - Nafas,2026-04-14 08:43:52,111,111,44,85,,,,,0,0,,,
Bogor,Kabupaten Bogor Leuwiliang,2026-04-14 08:00:00,80,61,28,,4,9,0,80,,,,,
Tangerang,Tangerang Pasir Jaya,2026-04-13 01:00:00,-,52,24,,41,63,0,64,,,,,
Bekasi,Bekasi Kayuringin,2026-04-14 08:00:00,38,38,26,,74,16,0,24,,,,,
Jakarta,The Pakubuwono Menteng,2026-04-14 08:45:59,94,94,33,74,,,,,54,30.7,,,
Depok,Cinere - Nafas,2026-04-14 08:45:52,105,105,42,80,,,,,0,0,,,
Bogor,Kabupaten Bogor Leuwiliang,2026-04-14 08:00:00,80,61,28,,4,9,0,80,,,,,
Tangerang,Tangerang Pasir Jaya,2026-04-13 01:00:00,-,52,24,,41,63,0,64,,,,,
Bekasi,Bekasi Kayuringin,2026-04-14 08:00:00,38,38,26,,74,16,0,24,,,,,
Jakarta,The Pakubuwono Menteng,2026-04-14 08:46:59,99,99,36,76,,,,,54,30.7,,,
Depok,Cinere - Nafas,2026-04-14 08:46:52,112,112,45,83,,,,,0,0,,,
Bogor,Kabupaten Bogor Leuwiliang,2026-04-14 08:00:00,80,61,28,,4,9,0,80,,,,,
Tangerang,Tangerang Pasir Jaya,2026-04-13 01:00:00,-,52,24,,41,63,0,64,,,,,
Bekasi,Bekasi Kayuringin,2026-04-14 08:00:00,38,38,26,,74,16,0,24,,,,,
Jakarta,The Pakubuwono Menteng,2026-04-14 08:47:59,100,100,37,79,,,,,54,30.7,,,
Depok,Cinere - Nafas,2026-04-14 08:47:52,109,109,42,82,,,,,0,0,,,
Bogor,Kabupaten Bogor Leuwiliang,2026-04-14 08:00:00,80,61,28,,4,9,0,80,,,,,
Tangerang,Tangerang Pasir Jaya,2026-04-13 01:00:00,-,52,24,,41,63,0,64,,,,,
Bekasi,Bekasi Kayuringin,2026-04-14 08:00:00,38,38,26,,74,16,0,24,,,,,
Jakarta,The Pakubuwono Menteng,2026-04-14 08:47:59,100,100,37,79,,,,,54,30.7,,,
Depok,Cinere - Nafas,2026-04-14 08:47:52,109,109,42,82,,,,,0,0,,,
Bogor,Kabupaten Bogor Leuwiliang,2026-04-14 08:00:00,80,61,28,,4,9,0,80,,,,,
Tangerang,Tangerang Pasir Jaya,2026-04-13 01:00:00,-,52,24,,41,63,0,64,,,,,
Bekasi,Bekasi Kayuringin,2026-04-14 08:00:00,38,38,26,,74,16,0,24,,,,,
Jakarta,The Pakubuwono Menteng,2026-04-14 08:48:59,99,99,36,76,,,,,54,30.8,,,
Depok,Cinere - Nafas,2026-04-14 08:48:52,105,105,40,79,,,,,0,0,,,
Bogor,Kabupaten Bogor Leuwiliang,2026-04-14 08:00:00,80,61,28,,4,9,0,80,,,,,
Tangerang,Tangerang Pasir Jaya,2026-04-13 01:00:00,-,52,24,,41,63,0,64,,,,,
Bekasi,Bekasi Kayuringin,2026-04-14 08:00:00,38,38,26,,74,16,0,24,,,,,
Jakarta,The Pakubuwono Menteng,2026-04-14 08:51:59,99,99,38,79,,,,,53,30.8,,,
Depok,Cinere - Nafas,2026-04-14 08:51:52,113,113,44,82,,,,,0,0,,,
Bogor,Kabupaten Bogor Leuwiliang,2026-04-14 08:00:00,80,61,28,,4,9,0,80,,,,,
Tangerang,Tangerang Pasir Jaya,2026-04-13 01:00:00,-,52,24,,41,63,0,64,,,,,
Bekasi,Bekasi Kayuringin,2026-04-14 08:00:00,38,38,26,,74,16,0,24,,,,,
Jakarta,The Pakubuwono Menteng,2026-04-14 08:53:03,98,98,36,75,,,,,53,30.8,,,
Depok,Cinere - Nafas,2026-04-14 08:52:52,113,113,45,83,,,,,0,0,,,
Bogor,Kabupaten Bogor Leuwiliang,2026-04-14 08:00:00,80,61,28,,4,9,0,80,,,,,
Tangerang,Tangerang Pasir Jaya,2026-04-13 01:00:00,-,52,24,,41,63,0,64,,,,,
Bekasi,Bekasi Kayuringin,2026-04-14 08:00:00,38,38,26,,74,16,0,24,,,,,
Jakarta,The Pakubuwono Menteng,2026-04-14 08:53:59,88,88,30,72,,,,,53,30.9,,,
Depok,Cinere - Nafas,2026-04-14 08:53:52,108,108,44,81,,,,,0,0,,,
Bogor,Kabupaten Bogor Leuwiliang,2026-04-14 08:00:00,80,61,28,,4,9,0,80,,,,,
Tangerang,Tangerang Pasir Jaya,2026-04-13 01:00:00,-,52,24,,41,63,0,64,,,,,
Bekasi,Bekasi Kayuringin,2026-04-14 08:00:00,38,38,26,,74,16,0,24,,,,,
Jakarta,The Pakubuwono Menteng,2026-04-14 08:54:59,90,90,31,70,,,,,53,30.9,,,
Depok,Cinere - Nafas,2026-04-14 08:54:52,102,102,39,77,,,,,0,0,,,
Bogor,Kabupaten Bogor Leuwiliang,2026-04-14 08:00:00,80,61,28,,4,9,0,80,,,,,
Tangerang,Tangerang Pasir Jaya,2026-04-13 01:00:00,-,52,24,,41,63,0,64,,,,,
Bekasi,Bekasi Kayuringin,2026-04-14 08:00:00,38,38,26,,74,16,0,24,,,,,
Jakarta,The Pakubuwono Menteng,2026-04-14 08:55:59,93,93,32,73,,,,,53,30.9,,,
Depok,Cinere - Nafas,2026-04-14 08:55:55,102,102,41,78,,,,,0,0,,,
Bogor,Kabupaten Bogor Leuwiliang,2026-04-14 08:00:00,80,61,28,,4,9,0,80,,,,,
Tangerang,Tangerang Pasir Jaya,2026-04-13 01:00:00,-,52,24,,41,63,0,64,,,,,
Bekasi,Bekasi Kayuringin,2026-04-14 08:00:00,38,38,26,,74,16,0,24,,,,,
Jakarta,The Pakubuwono Menteng,2026-04-14 08:57:00,96,96,35,73,,,,,53,31,,,
Depok,Cinere - Nafas,2026-04-14 08:56:55,101,101,40,79,,,,,0,0,,,
Bogor,Kabupaten Bogor Leuwiliang,2026-04-14 08:00:00,80,61,28,,4,9,0,80,,,,,
Tangerang,Tangerang Pasir Jaya,2026-04-13 01:00:00,-,52,24,,41,63,0,64,,,,,
Bekasi,Bekasi Kayuringin,2026-04-14 08:00:00,38,38,26,,74,16,0,24,,,,,
Jakarta,The Pakubuwono Menteng,2026-04-14 08:57:59,96,96,34,75,,,,,53,31,,,
Depok,Cinere - Nafas,2026-04-14 08:57:55,100,100,39,77,,,,,0,0,,,
Bogor,Kabupaten Bogor Leuwiliang,2026-04-14 08:00:00,80,61,28,,4,9,0,80,,,,,
Tangerang,Tangerang Pasir Jaya,2026-04-13 01:00:00,-,52,24,,41,63,0,64,,,,,
Bekasi,Bekasi Kayuringin,2026-04-14 08:00:00,38,38,26,,74,16,0,24,,,,,
Jakarta,The Pakubuwono Menteng,2026-04-14 08:58:59,94,94,35,75,,,,,53,31,,,
Depok,Cinere - Nafas,2026-04-14 08:58:55,107,107,42,79,,,,,0,0,,,
Bogor,Kabupaten Bogor Leuwiliang,2026-04-14 08:00:00,80,61,28,,4,9,0,80,,,,,
Tangerang,Tangerang Pasir Jaya,2026-04-13 01:00:00,-,52,24,,41,63,0,64,,,,,
Bekasi,Bekasi Kayuringin,2026-04-14 08:00:00,38,38,26,,74,16,0,24,,,,,
Jakarta,The Pakubuwono Menteng,2026-04-14 09:01:59,103,103,40,80,,,,,52,31.1,,,
Depok,Cinere - Nafas,2026-04-14 09:01:55,103,103,41,79,,,,,0,0,,,
Bogor,Kabupaten Bogor Leuwiliang,2026-04-14 08:00:00,80,61,28,,4,9,0,80,,,,,
Tangerang,Tangerang Pasir Jaya,2026-04-13 01:00:00,-,52,24,,41,63,0,64,,,,,
Bekasi,Bekasi Kayuringin,2026-04-14 08:00:00,38,38,26,,74,16,0,24,,,,,
Jakarta,The Pakubuwono Menteng,2026-04-14 09:02:59,105,105,41,79,,,,,52,31.1,,,
Depok,Cinere - Nafas,2026-04-14 09:02:55,100,100,38,74,,,,,0,0,,,
Bogor,Kabupaten Bogor Leuwiliang,2026-04-14 08:00:00,80,61,28,,4,9,0,80,,,,,
Tangerang,Tangerang Pasir Jaya,2026-04-13 01:00:00,-,52,24,,41,63,0,64,,,,,
Bekasi,Bekasi Kayuringin,2026-04-14 08:00:00,38,38,26,,74,16,0,24,,,,,
Jakarta,The Pakubuwono Menteng,2026-04-14 09:02:59,105,105,41,79,,,,,52,31.1,,,
Depok,Cinere - Nafas,2026-04-14 09:02:55,100,100,38,74,,,,,0,0,,,
Bogor,Kabupaten Bogor Leuwiliang,2026-04-14 08:00:00,80,61,28,,4,9,0,80,,,,,
Tangerang,Tangerang Pasir Jaya,2026-04-13 01:00:00,-,52,24,,41,63,0,64,,,,,
Bekasi,Bekasi Kayuringin,2026-04-14 08:00:00,38,38,26,,74,16,0,24,,,,,
Jakarta,The Pakubuwono Menteng,2026-04-14 09:03:59,96,96,36,76,,,,,52,31.1,,,
Depok,Cinere - Nafas,2026-04-14 09:03:55,101,101,37,77,,,,,0,0,,,
Bogor,Kabupaten Bogor Leuwiliang,2026-04-14 08:00:00,80,61,28,,4,9,0,80,,,,,
Tangerang,Tangerang Pasir Jaya,2026-04-13 01:00:00,-,52,24,,41,63,0,64,,,,,
Bekasi,Bekasi Kayuringin,2026-04-14 08:00:00,38,38,26,,74,16,0,24,,,,,
Jakarta,The Pakubuwono Menteng,2026-04-14 09:04:59,96,96,35,71,,,,,52,31.1,,,
Depok,Cinere - Nafas,2026-04-14 09:04:55,97,97,37,74,,,,,0,0,,,
Bogor,Kabupaten Bogor Leuwiliang,2026-04-14 08:00:00,80,61,28,,4,9,0,80,,,,,
Tangerang,Tangerang Pasir Jaya,2026-04-13 01:00:00,-,52,24,,41,63,0,64,,,,,
Bekasi,Bekasi Kayuringin,2026-04-14 08:00:00,38,38,26,,74,16,0,24,,,,,
Jakarta,The Pakubuwono Menteng,2026-04-14 09:06:59,103,103,40,80,,,,,52,31.1,,,
Depok,Cinere - Nafas,2026-04-14 09:06:55,107,107,40,79,,,,,0,0,,,
Bogor,Kabupaten Bogor Leuwiliang,2026-04-14 08:00:00,80,61,28,,4,9,0,80,,,,,
Tangerang,Tangerang Pasir Jaya,2026-04-13 01:00:00,-,52,24,,41,63,0,64,,,,,
Bekasi,Bekasi Kayuringin,2026-04-14 08:00:00,38,38,26,,74,16,0,24,,,,,
Jakarta,The Pakubuwono Menteng,2026-04-14 09:07:59,98,98,35,76,,,,,52,31.2,,,
Depok,Cinere - Nafas,2026-04-14 09:07:55,103,103,41,79,,,,,0,0,,,
Bogor,Kabupaten Bogor Leuwiliang,2026-04-14 08:00:00,80,61,28,,4,9,0,80,,,,,
Tangerang,Tangerang Pasir Jaya,2026-04-13 01:00:00,-,52,24,,41,63,0,64,,,,,
Bekasi,Bekasi Kayuringin,2026-04-14 09:00:00,37,37,27,,75,16,0,24,,,,,
Jakarta,The Pakubuwono Menteng,2026-04-14 09:08:59,96,96,35,74,,,,,52,31.2,,,
Depok,Cinere - Nafas,2026-04-14 09:09:55,94,94,33,72,,,,,0,0,,,
Bogor,Kabupaten Bogor Leuwiliang,2026-04-14 09:00:00,80,61,28,,4,9,0,80,,,,,
Tangerang,Tangerang Pasir Jaya,2026-04-13 01:00:00,-,52,24,,41,63,0,64,,,,,
Bekasi,Bekasi Kayuringin,2026-04-14 09:00:00,37,37,27,,75,16,0,24,,,,,
Jakarta,The Pakubuwono Menteng,2026-04-14 09:10:59,110,110,42,83,,,,,51,31.2,,,
Depok,Cinere - Nafas,2026-04-14 09:10:55,97,97,35,73,,,,,0,0,,,
Bogor,Kabupaten Bogor Leuwiliang,2026-04-14 09:00:00,80,61,28,,4,9,0,80,,,,,
Tangerang,Tangerang Pasir Jaya,2026-04-13 01:00:00,-,52,24,,41,63,0,64,,,,,
Bekasi,Bekasi Kayuringin,2026-04-14 09:00:00,37,37,27,,75,16,0,24,,,,,
Jakarta,The Pakubuwono Menteng,2026-04-14 09:11:59,114,114,44,86,,,,,51,31.2,,,
Depok,Cinere - Nafas,2026-04-14 09:11:55,108,108,40,79,,,,,0,0,,,
Bogor,Kabupaten Bogor Leuwiliang,2026-04-14 09:00:00,80,61,28,,4,9,0,80,,,,,
Tangerang,Tangerang Pasir Jaya,2026-04-13 01:00:00,-,52,24,,41,63,0,64,,,,,
Bekasi,Bekasi Kayuringin,2026-04-14 09:00:00,37,37,27,,75,16,0,24,,,,,
Jakarta,The Pakubuwono Menteng,2026-04-14 09:12:59,112,112,44,84,,,,,51,31.2,,,
Depok,Cinere - Nafas,2026-04-14 09:12:55,115,115,46,83,,,,,0,0,,,
Bogor,Kabupaten Bogor Leuwiliang,2026-04-14 09:00:00,80,61,28,,4,9,0,80,,,,,
Tangerang,Tangerang Pasir Jaya,2026-04-13 01:00:00,-,52,24,,41,63,0,64,,,,,
Bekasi,Bekasi Kayuringin,2026-04-14 09:00:00,37,37,27,,75,16,0,24,,,,,
Jakarta,The Pakubuwono Menteng,2026-04-14 09:13:59,108,108,42,83,,,,,51,31.2,,,
Depok,Cinere - Nafas,2026-04-14 09:13:55,101,101,38,77,,,,,0,0,,,
Bogor,Kabupaten Bogor Leuwiliang,2026-04-14 09:00:00,80,61,28,,4,9,0,80,,,,,
Tangerang,Tangerang Pasir Jaya,2026-04-13 01:00:00,-,52,24,,41,63,0,64,,,,,
Bekasi,Bekasi Kayuringin,2026-04-14 09:00:00,37,37,27,,75,16,0,24,,,,,
Jakarta,The Pakubuwono Menteng,2026-04-14 09:14:59,108,108,42,83,,,,,51,31.2,,,
Depok,Cinere - Nafas,2026-04-14 09:14:55,94,94,32,74,,,,,0,0,,,
Bogor,Kabupaten Bogor Leuwiliang,2026-04-14 09:00:00,80,61,28,,4,9,0,80,,,,,
Tangerang,Tangerang Pasir Jaya,2026-04-13 01:00:00,-,52,24,,41,63,0,64,,,,,
Bekasi,Bekasi Kayuringin,2026-04-14 09:00:00,37,37,27,,75,16,0,24,,,,,
Jakarta,The Pakubuwono Menteng,2026-04-14 09:16:08,106,106,41,83,,,,,51,31.2,,,
Depok,Cinere - Nafas,2026-04-14 09:15:55,94,94,33,71,,,,,0,0,,,
Bogor,Kabupaten Bogor Leuwiliang,2026-04-14 09:00:00,80,61,28,,4,9,0,80,,,,,
Tangerang,Tangerang Pasir Jaya,2026-04-13 01:00:00,-,52,24,,41,63,0,64,,,,,
Bekasi,Bekasi Kayuringin,2026-04-14 09:00:00,37,37,27,,75,16,0,24,,,,,
Jakarta,The Pakubuwono Menteng,2026-04-14 09:17:59,100,100,39,77,,,,,51,31.2,,,
Depok,Cinere - Nafas,2026-04-14 09:17:55,93,93,34,73,,,,,0,0,,,
Bogor,Kabupaten Bogor Leuwiliang,2026-04-14 09:00:00,80,61,28,,4,9,0,80,,,,,
Tangerang,Tangerang Pasir Jaya,2026-04-13 01:00:00,-,52,24,,41,63,0,64,,,,,
Bekasi,Bekasi Kayuringin,2026-04-14 09:00:00,37,37,27,,75,16,0,24,,,,,
Jakarta,The Pakubuwono Menteng,2026-04-14 09:19:00,115,115,45,86,,,,,52,31.2,,,
Depok,Cinere - Nafas,2026-04-14 09:18:55,84,84,27,67,,,,,0,0,,,
Bogor,Kabupaten Bogor Leuwiliang,2026-04-14 09:00:00,80,61,28,,4,9,0,80,,,,,
Tangerang,Tangerang Pasir Jaya,2026-04-13 01:00:00,-,52,24,,41,63,0,64,,,,,
Bekasi,Bekasi Kayuringin,2026-04-14 09:00:00,37,37,27,,75,16,0,24,,,,,
Jakarta,The Pakubuwono Menteng,2026-04-14 09:19:59,108,108,42,83,,,,,52,31.2,,,
Depok,Cinere - Nafas,2026-04-14 09:19:55,87,87,32,70,,,,,0,0,,,
Bogor,Kabupaten Bogor Leuwiliang,2026-04-14 09:00:00,80,61,28,,4,9,0,80,,,,,
Tangerang,Tangerang Pasir Jaya,2026-04-13 01:00:00,-,52,24,,41,63,0,64,,,,,
Bekasi,Bekasi Kayuringin,2026-04-14 09:00:00,37,37,27,,75,16,0,24,,,,,
Jakarta,The Pakubuwono Menteng,2026-04-14 09:20:59,100,100,38,83,,,,,52,31.3,,,
Depok,Cinere - Nafas,2026-04-14 09:20:55,99,99,38,73,,,,,0,0,,,
Bogor,Kabupaten Bogor Leuwiliang,2026-04-14 09:00:00,80,61,28,,4,9,0,80,,,,,
Tangerang,Tangerang Pasir Jaya,2026-04-13 01:00:00,-,52,24,,41,63,0,64,,,,,
Bekasi,Bekasi Kayuringin,2026-04-14 09:00:00,37,37,27,,75,16,0,24,,,,,
Jakarta,The Pakubuwono Menteng,2026-04-14 09:22:59,104,104,41,81,,,,,52,31.3,,,
Depok,Cinere - Nafas,2026-04-14 09:22:55,87,87,30,69,,,,,0,0,,,
Bogor,Kabupaten Bogor Leuwiliang,2026-04-14 09:00:00,80,61,28,,4,9,0,80,,,,,
Tangerang,Tangerang Pasir Jaya,2026-04-13 01:00:00,-,52,24,,41,63,0,64,,,,,
Bekasi,Bekasi Kayuringin,2026-04-14 09:00:00,37,37,27,,75,16,0,24,,,,,
Jakarta,The Pakubuwono Menteng,2026-04-14 09:24:00,111,111,42,83,,,,,52,31.4,,,
Depok,Cinere - Nafas,2026-04-14 09:23:55,88,88,31,70,,,,,0,0,,,
Bogor,Kabupaten Bogor Leuwiliang,2026-04-14 09:00:00,80,61,28,,4,9,0,80,,,,,
Tangerang,Tangerang Pasir Jaya,2026-04-13 01:00:00,-,52,24,,41,63,0,64,,,,,
Bekasi,Bekasi Kayuringin,2026-04-14 09:00:00,37,37,27,,75,16,0,24,,,,,
Jakarta,The Pakubuwono Menteng,2026-04-14 09:25:00,123,123,50,88,,,,,52,31.4,,,
Depok,Cinere - Nafas,2026-04-14 09:24:55,91,91,30,70,,,,,0,0,,,
Bogor,Kabupaten Bogor Leuwiliang,2026-04-14 09:00:00,80,61,28,,4,9,0,80,,,,,
Tangerang,Tangerang Pasir Jaya,2026-04-13 01:00:00,-,52,24,,41,63,0,64,,,,,
Bekasi,Bekasi Kayuringin,2026-04-14 09:00:00,37,37,27,,75,16,0,24,,,,,
Jakarta,The Pakubuwono Menteng,2026-04-14 09:25:59,119,119,48,89,,,,,52,31.4,,,
Depok,Cinere - Nafas,2026-04-14 09:25:55,87,87,30,70,,,,,0,0,,,
Bogor,Kabupaten Bogor Leuwiliang,2026-04-14 09:00:00,80,61,28,,4,9,0,80,,,,,
Tangerang,Tangerang Pasir Jaya,2026-04-13 01:00:00,-,52,24,,41,63,0,64,,,,,
Bekasi,Bekasi Kayuringin,2026-04-14 09:00:00,37,37,27,,75,16,0,24,,,,,
Jakarta,The Pakubuwono Menteng,2026-04-14 09:25:59,119,119,48,89,,,,,52,31.4,,,
Depok,Cinere - Nafas,2026-04-14 09:27:55,88,88,31,71,,,,,0,0,,,
Bogor,Kabupaten Bogor Leuwiliang,2026-04-14 09:00:00,80,61,28,,4,9,0,80,,,,,
Tangerang,Tangerang Pasir Jaya,2026-04-13 01:00:00,-,52,24,,41,63,0,64,,,,,
Bekasi,Bekasi Kayuringin,2026-04-14 09:00:00,37,37,27,,75,16,0,24,,,,,
Jakarta,The Pakubuwono Menteng,2026-04-14 09:29:00,105,105,39,81,,,,,51,31.4,,,
Depok,Cinere - Nafas,2026-04-14 09:28:55,89,89,32,70,,,,,0,0,,,
Bogor,Kabupaten Bogor Leuwiliang,2026-04-14 09:00:00,80,61,28,,4,9,0,80,,,,,
Tangerang,Tangerang Pasir Jaya,2026-04-13 01:00:00,-,52,24,,41,63,0,64,,,,,
Bekasi,Bekasi Kayuringin,2026-04-14 09:00:00,37,37,27,,75,16,0,24,,,,,
Jakarta,The Pakubuwono Menteng,2026-04-14 09:30:02,99,99,38,79,,,,,51,31.5,,,
Depok,Cinere - Nafas,2026-04-14 09:29:55,95,95,33,74,,,,,0,0,,,
Bogor,Kabupaten Bogor Leuwiliang,2026-04-14 09:00:00,80,61,28,,4,9,0,80,,,,,
Tangerang,Tangerang Pasir Jaya,2026-04-13 01:00:00,-,52,24,,41,63,0,64,,,,,
Bekasi,Bekasi Kayuringin,2026-04-14 09:00:00,37,37,27,,75,16,0,24,,,,,
Jakarta,The Pakubuwono Menteng,2026-04-14 09:31:00,106,106,39,77,,,,,51,31.5,,,
Depok,Cinere - Nafas,2026-04-14 09:30:55,96,96,34,74,,,,,0,0,,,
Bogor,Kabupaten Bogor Leuwiliang,2026-04-14 09:00:00,80,61,28,,4,9,0,80,,,,,
Tangerang,Tangerang Pasir Jaya,2026-04-13 01:00:00,-,52,24,,41,63,0,64,,,,,
Bekasi,Bekasi Kayuringin,2026-04-14 09:00:00,37,37,27,,75,16,0,24,,,,,
Jakarta,The Pakubuwono Menteng,2026-04-14 09:33:00,97,97,35,77,,,,,51,31.4,,,
Depok,Cinere - Nafas,2026-04-14 09:32:55,93,93,31,73,,,,,0,0,,,
Bogor,Kabupaten Bogor Leuwiliang,2026-04-14 09:00:00,80,61,28,,4,9,0,80,,,,,
Tangerang,Tangerang Pasir Jaya,2026-04-13 01:00:00,-,52,24,,41,63,0,64,,,,,
Bekasi,Bekasi Kayuringin,2026-04-14 09:00:00,37,37,27,,75,16,0,24,,,,,
Jakarta,The Pakubuwono Menteng,2026-04-14 09:34:00,91,91,31,71,,,,,51,31.5,,,
Depok,Cinere - Nafas,2026-04-14 09:33:56,87,87,32,72,,,,,0,0,,,
Bogor,Kabupaten Bogor Leuwiliang,2026-04-14 09:00:00,80,61,28,,4,9,0,80,,,,,
Tangerang,Tangerang Pasir Jaya,2026-04-13 01:00:00,-,52,24,,41,63,0,64,,,,,
Bekasi,Bekasi Kayuringin,2026-04-14 09:00:00,37,37,27,,75,16,0,24,,,,,
Jakarta,The Pakubuwono Menteng,2026-04-14 09:34:00,91,91,31,71,,,,,51,31.5,,,
Depok,Cinere - Nafas,2026-04-14 09:33:56,87,87,32,72,,,,,0,0,,,
Bogor,Kabupaten Bogor Leuwiliang,2026-04-14 09:00:00,80,61,28,,4,9,0,80,,,,,
Tangerang,Tangerang Pasir Jaya,2026-04-13 01:00:00,-,52,24,,41,63,0,64,,,,,
Bekasi,Bekasi Kayuringin,2026-04-14 09:00:00,37,37,27,,75,16,0,24,,,,,
Jakarta,The Pakubuwono Menteng,2026-04-14 09:35:00,86,86,27,69,,,,,50,31.5,,,
Depok,Cinere - Nafas,2026-04-14 09:34:56,98,98,36,73,,,,,0,0,,,
Bogor,Kabupaten Bogor Leuwiliang,2026-04-14 09:00:00,80,61,28,,4,9,0,80,,,,,
Tangerang,Tangerang Pasir Jaya,2026-04-13 01:00:00,-,52,24,,41,63,0,64,,,,,
Bekasi,Bekasi Kayuringin,2026-04-14 09:00:00,37,37,27,,75,16,0,24,,,,,
Jakarta,The Pakubuwono Menteng,2026-04-14 09:36:00,81,81,26,68,,,,,51,31.5,,,
Depok,Cinere - Nafas,2026-04-14 09:37:56,99,99,37,74,,,,,0,0,,,
Bogor,Kabupaten Bogor Leuwiliang,2026-04-14 09:00:00,80,61,28,,4,9,0,80,,,,,
Tangerang,Tangerang Pasir Jaya,2026-04-13 01:00:00,-,52,24,,41,63,0,64,,,,,
Bekasi,Bekasi Kayuringin,2026-04-14 09:00:00,37,37,27,,75,16,0,24,,,,,
Jakarta,The Pakubuwono Menteng,2026-04-14 09:39:00,83,83,26,69,,,,,50,31.5,,,
Depok,Cinere - Nafas,2026-04-14 09:38:56,109,109,42,78,,,,,0,0,,,
Bogor,Kabupaten Bogor Leuwiliang,2026-04-14 09:00:00,80,61,28,,4,9,0,80,,,,,
Tangerang,Tangerang Pasir Jaya,2026-04-13 01:00:00,-,52,24,,41,63,0,64,,,,,
Bekasi,Bekasi Kayuringin,2026-04-14 09:00:00,37,37,27,,75,16,0,24,,,,,
Jakarta,The Pakubuwono Menteng,2026-04-14 09:40:00,85,85,27,72,,,,,50,31.5,,,
Depok,Cinere - Nafas,2026-04-14 09:39:56,92,92,31,72,,,,,0,0,,,
Bogor,Kabupaten Bogor Leuwiliang,2026-04-14 09:00:00,80,61,28,,4,9,0,80,,,,,
Tangerang,Tangerang Pasir Jaya,2026-04-13 01:00:00,-,52,24,,41,63,0,64,,,,,
Bekasi,Bekasi Kayuringin,2026-04-14 09:00:00,37,37,27,,75,16,0,24,,,,,
Jakarta,The Pakubuwono Menteng,2026-04-14 09:41:00,81,81,25,68,,,,,51,31.5,,,
Depok,Cinere - Nafas,2026-04-14 09:40:56,87,87,28,71,,,,,0,0,,,
Bogor,Kabupaten Bogor Leuwiliang,2026-04-14 09:00:00,80,61,28,,4,9,0,80,,,,,
Tangerang,Tangerang Pasir Jaya,2026-04-13 01:00:00,-,52,24,,41,63,0,64,,,,,
Bekasi,Bekasi Kayuringin,2026-04-14 09:00:00,37,37,27,,75,16,0,24,,,,,
Jakarta,The Pakubuwono Menteng,2026-04-14 09:42:00,81,81,25,67,,,,,50,31.5,,,
Depok,Cinere - Nafas,2026-04-14 09:41:56,91,91,32,72,,,,,0,0,,,
Bogor,Kabupaten Bogor Leuwiliang,2026-04-14 09:00:00,80,61,28,,4,9,0,80,,,,,
Tangerang,Tangerang Pasir Jaya,2026-04-13 01:00:00,-,52,24,,41,63,0,64,,,,,
Bekasi,Bekasi Kayuringin,2026-04-14 09:00:00,37,37,27,,75,16,0,24,,,,,
Jakarta,The Pakubuwono Menteng,2026-04-14 09:43:05,75,75,23,64,,,,,50,31.5,,,
Depok,Cinere - Nafas,2026-04-14 09:42:56,92,92,33,71,,,,,0,0,,,
Bogor,Kabupaten Bogor Leuwiliang,2026-04-14 09:00:00,80,61,28,,4,9,0,80,,,,,
Tangerang,Tangerang Pasir Jaya,2026-04-13 01:00:00,-,52,24,,41,63,0,64,,,,,
Bekasi,Bekasi Kayuringin,2026-04-14 09:00:00,37,37,27,,75,16,0,24,,,,,
Jakarta,The Pakubuwono Menteng,2026-04-14 09:44:00,78,78,24,66,,,,,50,31.5,,,
Depok,Cinere - Nafas,2026-04-14 09:43:56,89,89,31,71,,,,,0,0,,,
Bogor,Kabupaten Bogor Leuwiliang,2026-04-14 09:00:00,80,61,28,,4,9,0,80,,,,,
Tangerang,Tangerang Pasir Jaya,2026-04-13 01:00:00,-,52,24,,41,63,0,64,,,,,
Bekasi,Bekasi Kayuringin,2026-04-14 09:00:00,37,37,27,,75,16,0,24,,,,,
Jakarta,The Pakubuwono Menteng,2026-04-14 09:45:00,83,83,25,66,,,,,50,31.5,,,
Depok,Cinere - Nafas,2026-04-14 09:44:56,92,92,31,70,,,,,0,0,,,
Bogor,Kabupaten Bogor Leuwiliang,2026-04-14 09:00:00,80,61,28,,4,9,0,80,,,,,
Tangerang,Tangerang Pasir Jaya,2026-04-13 01:00:00,-,52,24,,41,63,0,64,,,,,
Bekasi,Bekasi Kayuringin,2026-04-14 09:00:00,37,37,27,,75,16,0,24,,,,,
Jakarta,The Pakubuwono Menteng,2026-04-14 09:48:00,80,80,24,68,,,,,49,31.5,,,
Depok,Cinere - Nafas,2026-04-14 09:47:56,83,83,31,69,,,,,0,0,,,
Bogor,Kabupaten Bogor Leuwiliang,2026-04-14 09:00:00,80,61,28,,4,9,0,80,,,,,
Tangerang,Tangerang Pasir Jaya,2026-04-13 01:00:00,-,52,24,,41,63,0,64,,,,,
Bekasi,Bekasi Kayuringin,2026-04-14 09:00:00,37,37,27,,75,16,0,24,,,,,
Jakarta,The Pakubuwono Menteng,2026-04-14 09:49:03,74,74,22,65,,,,,49,31.5,,,
Depok,Cinere - Nafas,2026-04-14 09:48:56,92,92,33,71,,,,,0,0,,,
Bogor,Kabupaten Bogor Leuwiliang,2026-04-14 09:00:00,80,61,28,,4,9,0,80,,,,,
Tangerang,Tangerang Pasir Jaya,2026-04-13 01:00:00,-,52,24,,41,63,0,64,,,,,
Bekasi,Bekasi Kayuringin,2026-04-14 09:00:00,37,37,27,,75,16,0,24,,,,,
Jakarta,The Pakubuwono Menteng,2026-04-14 09:49:03,74,74,22,65,,,,,49,31.5,,,
Depok,Cinere - Nafas,2026-04-14 09:49:56,91,91,31,72,,,,,0,0,,,
Bogor,Kabupaten Bogor Leuwiliang,2026-04-14 09:00:00,80,61,28,,4,9,0,80,,,,,
Tangerang,Tangerang Pasir Jaya,2026-04-13 01:00:00,-,52,24,,41,63,0,64,,,,,
Bekasi,Bekasi Kayuringin,2026-04-14 09:00:00,37,37,27,,75,16,0,24,,,,,
Jakarta,The Pakubuwono Menteng,2026-04-14 09:50:00,77,77,24,67,,,,,49,31.5,,,
Depok,Cinere - Nafas,2026-04-14 09:49:56,91,91,31,72,,,,,0,0,,,
Bogor,Kabupaten Bogor Leuwiliang,2026-04-14 09:00:00,80,61,28,,4,9,0,80,,,,,
Tangerang,Tangerang Pasir Jaya,2026-04-13 01:00:00,-,52,24,,41,63,0,64,,,,,
Bekasi,Bekasi Kayuringin,2026-04-14 09:00:00,37,37,27,,75,16,0,24,,,,,
Jakarta,The Pakubuwono Menteng,2026-04-14 09:51:01,79,79,25,69,,,,,49,31.5,,,
Depok,Cinere - Nafas,2026-04-14 09:50:56,94,94,34,73,,,,,0,0,,,
Bogor,Kabupaten Bogor Leuwiliang,2026-04-14 09:00:00,80,61,28,,4,9,0,80,,,,,
Tangerang,Tangerang Pasir Jaya,2026-04-13 01:00:00,-,52,24,,41,63,0,64,,,,,
Bekasi,Bekasi Kayuringin,2026-04-14 09:00:00,37,37,27,,75,16,0,24,,,,,
Jakarta,The Pakubuwono Menteng,2026-04-14 09:53:00,80,80,24,68,,,,,49,31.5,,,
Depok,Cinere - Nafas,2026-04-14 09:52:56,91,91,33,70,,,,,0,0,,,
Bogor,Kabupaten Bogor Leuwiliang,2026-04-14 09:00:00,80,61,28,,4,9,0,80,,,,,
Tangerang,Tangerang Pasir Jaya,2026-04-13 01:00:00,-,52,24,,41,63,0,64,,,,,
Bekasi,Bekasi Kayuringin,2026-04-14 09:00:00,37,37,27,,75,16,0,24,,,,,
Jakarta,The Pakubuwono Menteng,2026-04-14 09:54:00,81,81,25,70,,,,,49,31.5,,,
Depok,Cinere - Nafas,2026-04-14 09:53:56,93,93,32,71,,,,,0,0,,,
Bogor,Kabupaten Bogor Leuwiliang,2026-04-14 09:00:00,80,61,28,,4,9,0,80,,,,,
Tangerang,Tangerang Pasir Jaya,2026-04-13 01:00:00,-,52,24,,41,63,0,64,,,,,
Bekasi,Bekasi Kayuringin,2026-04-14 09:00:00,37,37,27,,75,16,0,24,,,,,
Jakarta,The Pakubuwono Menteng,2026-04-14 09:55:00,83,83,26,69,,,,,49,31.4,,,
Depok,Cinere - Nafas,2026-04-14 09:54:56,94,94,32,72,,,,,0,0,,,
Bogor,Kabupaten Bogor Leuwiliang,2026-04-14 09:00:00,80,61,28,,4,9,0,80,,,,,
Tangerang,Tangerang Pasir Jaya,2026-04-13 01:00:00,-,52,24,,41,63,0,64,,,,,
Bekasi,Bekasi Kayuringin,2026-04-14 09:00:00,37,37,27,,75,16,0,24,,,,,
Jakarta,The Pakubuwono Menteng,2026-04-14 09:57:00,87,87,30,70,,,,,49,31.4,,,
Depok,Cinere - Nafas,2026-04-14 09:56:56,89,89,33,70,,,,,0,0,,,
Bogor,Kabupaten Bogor Leuwiliang,2026-04-14 09:00:00,80,61,28,,4,9,0,80,,,,,
Tangerang,Tangerang Pasir Jaya,2026-04-13 01:00:00,-,52,24,,41,63,0,64,,,,,
Bekasi,Bekasi Kayuringin,2026-04-14 09:00:00,37,37,27,,75,16,0,24,,,,,
Jakarta,The Pakubuwono Menteng,2026-04-14 09:58:00,83,83,25,70,,,,,49,31.4,,,
Depok,Cinere - Nafas,2026-04-14 09:57:56,91,91,33,70,,,,,0,0,,,
Bogor,Kabupaten Bogor Leuwiliang,2026-04-14 09:00:00,80,61,28,,4,9,0,80,,,,,
Tangerang,Tangerang Pasir Jaya,2026-04-13 01:00:00,-,52,24,,41,63,0,64,,,,,
Bekasi,Bekasi Kayuringin,2026-04-14 09:00:00,37,37,27,,75,16,0,24,,,,,
Jakarta,The Pakubuwono Menteng,2026-04-14 09:59:00,92,92,32,73,,,,,49,31.4,,,
Depok,Cinere - Nafas,2026-04-14 09:58:56,90,90,30,71,,,,,0,0,,,
Bogor,Kabupaten Bogor Leuwiliang,2026-04-14 09:00:00,80,61,28,,4,9,0,80,,,,,
Tangerang,Tangerang Pasir Jaya,2026-04-13 01:00:00,-,52,24,,41,63,0,64,,,,,
Bekasi,Bekasi Kayuringin,2026-04-14 09:00:00,37,37,27,,75,16,0,24,,,,,
Jakarta,The Pakubuwono Menteng,2026-04-14 10:00:00,87,87,29,71,,,,,49,31.4,,,
Depok,Cinere - Nafas,2026-04-14 09:59:56,94,94,34,70,,,,,0,0,,,
Bogor,Kabupaten Bogor Leuwiliang,2026-04-14 09:00:00,80,61,28,,4,9,0,80,,,,,
Tangerang,Tangerang Pasir Jaya,2026-04-13 01:00:00,-,52,24,,41,63,0,64,,,,,
Bekasi,Bekasi Kayuringin,2026-04-14 09:00:00,37,37,27,,75,16,0,24,,,,,
Jakarta,The Pakubuwono Menteng,2026-04-14 10:01:00,92,92,33,72,,,,,49,31.5,,,
Depok,Cinere - Nafas,2026-04-14 10:00:56,93,93,35,72,,,,,0,0,,,
Bogor,Kabupaten Bogor Leuwiliang,2026-04-14 09:00:00,80,61,28,,4,9,0,80,,,,,
Tangerang,Tangerang Pasir Jaya,2026-04-13 01:00:00,-,52,24,,41,63,0,64,,,,,
Bekasi,Bekasi Kayuringin,2026-04-14 09:00:00,37,37,27,,75,16,0,24,,,,,
Jakarta,The Pakubuwono Menteng,2026-04-14 10:03:01,84,84,26,69,,,,,49,31.5,,,
Depok,Cinere - Nafas,2026-04-14 10:02:56,94,94,34,73,,,,,0,0,,,
Bogor,Kabupaten Bogor Leuwiliang,2026-04-14 09:00:00,80,61,28,,4,9,0,80,,,,,
Tangerang,Tangerang Pasir Jaya,2026-04-13 01:00:00,-,52,24,,41,63,0,64,,,,,
Bekasi,Bekasi Kayuringin,2026-04-14 09:00:00,37,37,27,,75,16,0,24,,,,,
Jakarta,The Pakubuwono Menteng,2026-04-14 10:04:01,91,91,30,71,,,,,49,31.5,,,
Depok,Cinere - Nafas,2026-04-14 10:03:56,94,94,33,72,,,,,0,0,,,
Bogor,Kabupaten Bogor Leuwiliang,2026-04-14 09:00:00,80,61,28,,4,9,0,80,,,,,
Tangerang,Tangerang Pasir Jaya,2026-04-13 01:00:00,-,52,24,,41,63,0,64,,,,,
Bekasi,Bekasi Kayuringin,2026-04-14 09:00:00,37,37,27,,75,16,0,24,,,,,
Jakarta,The Pakubuwono Menteng,2026-04-14 10:04:01,91,91,30,71,,,,,49,31.5,,,
Depok,Cinere - Nafas,2026-04-14 10:03:56,94,94,33,72,,,,,0,0,,,
Bogor,Kabupaten Bogor Leuwiliang,2026-04-14 09:00:00,80,61,28,,4,9,0,80,,,,,
Tangerang,Tangerang Pasir Jaya,2026-04-13 01:00:00,-,52,24,,41,63,0,64,,,,,
Bekasi,Bekasi Kayuringin,2026-04-14 09:00:00,37,37,27,,75,16,0,24,,,,,
Jakarta,The Pakubuwono Menteng,2026-04-14 10:06:01,85,85,27,70,,,,,49,31.6,,,
Depok,Cinere - Nafas,2026-04-14 10:05:56,96,96,36,75,,,,,0,0,,,
Bogor,Kabupaten Bogor Leuwiliang,2026-04-14 09:00:00,80,61,28,,4,9,0,80,,,,,
Tangerang,Tangerang Pasir Jaya,2026-04-13 01:00:00,-,52,24,,41,63,0,64,,,,,
Bekasi,Bekasi Kayuringin,2026-04-14 09:00:00,37,37,27,,75,16,0,24,,,,,
Jakarta,The Pakubuwono Menteng,2026-04-14 10:08:01,84,84,27,70,,,,,49,31.7,,,
Depok,Cinere - Nafas,2026-04-14 10:07:56,97,97,35,72,,,,,0,0,,,
Bogor,Kabupaten Bogor Leuwiliang,2026-04-14 09:00:00,80,61,28,,4,9,0,80,,,,,
Tangerang,Tangerang Pasir Jaya,2026-04-13 01:00:00,-,52,24,,41,63,0,64,,,,,
Bekasi,Bekasi Kayuringin,2026-04-14 09:00:00,37,37,27,,75,16,0,24,,,,,
Jakarta,The Pakubuwono Menteng,2026-04-14 10:09:01,86,86,26,68,,,,,49,31.8,,,
Depok,Cinere - Nafas,2026-04-14 10:08:56,93,93,33,73,,,,,0,0,,,
Bogor,Kabupaten Bogor Leuwiliang,2026-04-14 10:00:00,80,61,28,,4,9,0,80,,,,,
Tangerang,Tangerang Pasir Jaya,2026-04-13 01:00:00,-,52,24,,41,63,0,64,,,,,
Bekasi,Bekasi Kayuringin,2026-04-14 10:00:00,37,37,26,,75,16,0,24,,,,,
Jakarta,The Pakubuwono Menteng,2026-04-14 10:10:01,80,80,26,70,,,,,49,31.8,,,
Depok,Cinere - Nafas,2026-04-14 10:09:56,96,96,35,74,,,,,0,0,,,
Bogor,Kabupaten Bogor Leuwiliang,2026-04-14 10:00:00,80,61,28,,4,9,0,80,,,,,
Tangerang,Tangerang Pasir Jaya,2026-04-13 01:00:00,-,52,24,,41,63,0,64,,,,,
Bekasi,Bekasi Kayuringin,2026-04-14 10:00:00,37,37,26,,75,16,0,24,,,,,
Jakarta,The Pakubuwono Menteng,2026-04-14 10:11:01,83,83,28,71,,,,,49,31.9,,,
Depok,Cinere - Nafas,2026-04-14 10:10:56,116,116,45,86,,,,,0,0,,,
Bogor,Kabupaten Bogor Leuwiliang,2026-04-14 10:00:00,80,61,28,,4,9,0,80,,,,,
Tangerang,Tangerang Pasir Jaya,2026-04-13 01:00:00,-,52,24,,41,63,0,64,,,,,
Bekasi,Bekasi Kayuringin,2026-04-14 10:00:00,37,37,26,,75,16,0,24,,,,,
Jakarta,The Pakubuwono Menteng,2026-04-14 10:12:01,87,87,28,70,,,,,49,31.9,,,
Depok,Cinere - Nafas,2026-04-14 10:11:56,103,103,40,79,,,,,0,0,,,
Bogor,Kabupaten Bogor Leuwiliang,2026-04-14 10:00:00,80,61,28,,4,9,0,80,,,,,
Tangerang,Tangerang Pasir Jaya,2026-04-13 01:00:00,-,52,24,,41,63,0,64,,,,,
Bekasi,Bekasi Kayuringin,2026-04-14 10:00:00,37,37,26,,75,16,0,24,,,,,
Jakarta,The Pakubuwono Menteng,2026-04-14 10:13:01,88,88,30,71,,,,,49,32,,,
Depok,Cinere - Nafas,2026-04-14 10:12:56,97,97,39,74,,,,,0,0,,,
Bogor,Kabupaten Bogor Leuwiliang,2026-04-14 10:00:00,80,61,28,,4,9,0,80,,,,,
Tangerang,Tangerang Pasir Jaya,2026-04-13 01:00:00,-,52,24,,41,63,0,64,,,,,
Bekasi,Bekasi Kayuringin,2026-04-14 10:00:00,37,37,26,,75,16,0,24,,,,,
Jakarta,The Pakubuwono Menteng,2026-04-14 10:14:01,87,87,27,70,,,,,49,32,,,
Depok,Cinere - Nafas,2026-04-14 10:13:56,97,97,36,73,,,,,0,0,,,
Bogor,Kabupaten Bogor Leuwiliang,2026-04-14 10:00:00,80,61,28,,4,9,0,80,,,,,
Tangerang,Tangerang Pasir Jaya,2026-04-13 01:00:00,-,52,24,,41,63,0,64,,,,,
Bekasi,Bekasi Kayuringin,2026-04-14 10:00:00,37,37,26,,75,16,0,24,,,,,
Jakarta,The Pakubuwono Menteng,2026-04-14 10:15:01,84,84,29,69,,,,,48,32,,,
Depok,Cinere - Nafas,2026-04-14 10:15:56,93,93,33,72,,,,,0,0,,,
Bogor,Kabupaten Bogor Leuwiliang,2026-04-14 10:00:00,80,61,28,,4,9,0,80,,,,,
Tangerang,Tangerang Pasir Jaya,2026-04-13 01:00:00,-,52,24,,41,63,0,64,,,,,
Bekasi,Bekasi Kayuringin,2026-04-14 10:00:00,37,37,26,,75,16,0,24,,,,,
Jakarta,The Pakubuwono Menteng,2026-04-14 10:17:01,87,87,27,70,,,,,48,32.09,,,
Depok,Cinere - Nafas,2026-04-14 10:16:56,93,93,32,72,,,,,0,0,,,
Bogor,Kabupaten Bogor Leuwiliang,2026-04-14 10:00:00,80,61,28,,4,9,0,80,,,,,
Tangerang,Tangerang Pasir Jaya,2026-04-13 01:00:00,-,52,24,,41,63,0,64,,,,,
Bekasi,Bekasi Kayuringin,2026-04-14 10:00:00,37,37,26,,75,16,0,24,,,,,
Jakarta,The Pakubuwono Menteng,2026-04-14 10:19:01,79,79,23,68,,,,,48,32.09,,,
Depok,Cinere - Nafas,2026-04-14 10:17:56,96,96,33,73,,,,,0,0,,,
Bogor,Kabupaten Bogor Leuwiliang,2026-04-14 10:00:00,80,61,28,,4,9,0,80,,,,,
Tangerang,Tangerang Pasir Jaya,2026-04-13 01:00:00,-,52,24,,41,63,0,64,,,,,
Bekasi,Bekasi Kayuringin,2026-04-14 10:00:00,37,37,26,,75,16,0,24,,,,,
Jakarta,The Pakubuwono Menteng,2026-04-14 10:20:01,84,84,26,66,,,,,48,32.09,,,
Depok,Cinere - Nafas,2026-04-14 10:20:16,101,101,41,77,,,,,0,0,,,
Bogor,Kabupaten Bogor Leuwiliang,2026-04-14 10:00:00,80,61,28,,4,9,0,80,,,,,
Tangerang,Tangerang Pasir Jaya,2026-04-13 01:00:00,-,52,24,,41,63,0,64,,,,,
Bekasi,Bekasi Kayuringin,2026-04-14 10:00:00,37,37,26,,75,16,0,24,,,,,
Jakarta,The Pakubuwono Menteng,2026-04-14 10:21:01,85,85,27,68,,,,,48,32.2,,,
Depok,Cinere - Nafas,2026-04-14 10:21:16,108,108,43,80,,,,,0,0,,,
Bogor,Kabupaten Bogor Leuwiliang,2026-04-14 10:00:00,80,61,28,,4,9,0,80,,,,,
Tangerang,Tangerang Pasir Jaya,2026-04-13 01:00:00,-,52,24,,41,63,0,64,,,,,
Bekasi,Bekasi Kayuringin,2026-04-14 10:00:00,37,37,26,,75,16,0,24,,,,,
Jakarta,The Pakubuwono Menteng,2026-04-14 10:21:01,85,85,27,68,,,,,48,32.2,,,
Depok,Cinere - Nafas,2026-04-14 10:21:16,108,108,43,80,,,,,0,0,,,
Bogor,Kabupaten Bogor Leuwiliang,2026-04-14 10:00:00,80,61,28,,4,9,0,80,,,,,
Tangerang,Tangerang Pasir Jaya,2026-04-13 01:00:00,-,52,24,,41,63,0,64,,,,,
Bekasi,Bekasi Kayuringin,2026-04-14 10:00:00,37,37,26,,75,16,0,24,,,,,
Jakarta,The Pakubuwono Menteng,2026-04-14 10:22:01,78,78,24,67,,,,,47,32.2,,,
Depok,Cinere - Nafas,2026-04-14 10:22:16,106,106,41,82,,,,,0,0,,,
Bogor,Kabupaten Bogor Leuwiliang,2026-04-14 10:00:00,80,61,28,,4,9,0,80,,,,,
Tangerang,Tangerang Pasir Jaya,2026-04-13 01:00:00,-,52,24,,41,63,0,64,,,,,
Bekasi,Bekasi Kayuringin,2026-04-14 10:00:00,37,37,26,,75,16,0,24,,,,,
Jakarta,The Pakubuwono Menteng,2026-04-14 10:24:11,80,80,24,67,,,,,48,32.3,,,
Depok,Cinere - Nafas,2026-04-14 10:24:16,111,111,44,83,,,,,0,0,,,
Bogor,Kabupaten Bogor Leuwiliang,2026-04-14 10:00:00,80,61,28,,4,9,0,80,,,,,
Tangerang,Tangerang Pasir Jaya,2026-04-13 01:00:00,-,52,24,,41,63,0,64,,,,,
Bekasi,Bekasi Kayuringin,2026-04-14 10:00:00,37,37,26,,75,16,0,24,,,,,
Jakarta,The Pakubuwono Menteng,2026-04-14 10:25:10,89,89,31,71,,,,,47,32.3,,,
Depok,Cinere - Nafas,2026-04-14 10:24:16,111,111,44,83,,,,,0,0,,,
Bogor,Kabupaten Bogor Leuwiliang,2026-04-14 10:00:00,80,61,28,,4,9,0,80,,,,,
Tangerang,Tangerang Pasir Jaya,2026-04-13 01:00:00,-,52,24,,41,63,0,64,,,,,
Bekasi,Bekasi Kayuringin,2026-04-14 10:00:00,37,37,26,,75,16,0,24,,,,,
Jakarta,The Pakubuwono Menteng,2026-04-14 10:27:01,86,86,27,70,,,,,47,32.3,,,
Depok,Cinere - Nafas,2026-04-14 10:27:16,109,109,42,82,,,,,0,0,,,
Bogor,Kabupaten Bogor Leuwiliang,2026-04-14 10:00:00,80,61,28,,4,9,0,80,,,,,
Tangerang,Tangerang Pasir Jaya,2026-04-13 01:00:00,-,52,24,,41,63,0,64,,,,,
Bekasi,Bekasi Kayuringin,2026-04-14 10:00:00,37,37,26,,75,16,0,24,,,,,
Jakarta,The Pakubuwono Menteng,2026-04-14 10:28:01,85,85,28,70,,,,,47,32.3,,,
Depok,Cinere - Nafas,2026-04-14 10:28:16,111,111,44,83,,,,,0,0,,,
Bogor,Kabupaten Bogor Leuwiliang,2026-04-14 10:00:00,80,61,28,,4,9,0,80,,,,,
Tangerang,Tangerang Pasir Jaya,2026-04-13 01:00:00,-,52,24,,41,63,0,64,,,,,
Bekasi,Bekasi Kayuringin,2026-04-14 10:00:00,37,37,26,,75,16,0,24,,,,,
Jakarta,The Pakubuwono Menteng,2026-04-14 10:29:01,87,87,30,72,,,,,47,32.3,,,
Depok,Cinere - Nafas,2026-04-14 10:29:16,107,107,42,80,,,,,0,0,,,
Bogor,Kabupaten Bogor Leuwiliang,2026-04-14 10:00:00,80,61,28,,4,9,0,80,,,,,
Tangerang,Tangerang Pasir Jaya,2026-04-13 01:00:00,-,52,24,,41,63,0,64,,,,,
Bekasi,Bekasi Kayuringin,2026-04-14 10:00:00,37,37,26,,75,16,0,24,,,,,
Jakarta,The Pakubuwono Menteng,2026-04-14 10:30:01,83,83,26,71,,,,,46,32.3,,,
Depok,Cinere - Nafas,2026-04-14 10:30:16,108,108,41,81,,,,,0,0,,,
Bogor,Kabupaten Bogor Leuwiliang,2026-04-14 10:00:00,80,61,28,,4,9,0,80,,,,,
Tangerang,Tangerang Pasir Jaya,2026-04-13 01:00:00,-,52,24,,41,63,0,64,,,,,
Bekasi,Bekasi Kayuringin,2026-04-14 10:00:00,37,37,26,,75,16,0,24,,,,,
Jakarta,The Pakubuwono Menteng,2026-04-14 10:31:01,88,88,28,71,,,,,46,32.3,,,
Depok,Cinere - Nafas,2026-04-14 10:31:16,108,108,44,81,,,,,0,0,,,
Bogor,Kabupaten Bogor Leuwiliang,2026-04-14 10:00:00,80,61,28,,4,9,0,80,,,,,
Tangerang,Tangerang Pasir Jaya,2026-04-13 01:00:00,-,52,24,,41,63,0,64,,,,,
Bekasi,Bekasi Kayuringin,2026-04-14 10:00:00,37,37,26,,75,16,0,24,,,,,
Jakarta,The Pakubuwono Menteng,2026-04-14 10:32:01,83,83,27,70,,,,,46,32.3,,,
Depok,Cinere - Nafas,2026-04-14 10:32:16,109,109,42,80,,,,,0,0,,,
Bogor,Kabupaten Bogor Leuwiliang,2026-04-14 10:00:00,80,61,28,,4,9,0,80,,,,,
Tangerang,Tangerang Pasir Jaya,2026-04-13 01:00:00,-,52,24,,41,63,0,64,,,,,
Bekasi,Bekasi Kayuringin,2026-04-14 10:00:00,37,37,26,,75,16,0,24,,,,,
Jakarta,The Pakubuwono Menteng,2026-04-14 10:34:01,81,81,25,64,,,,,47,32.3,,,
Depok,Cinere - Nafas,2026-04-14 10:32:16,109,109,42,80,,,,,0,0,,,
Bogor,Kabupaten Bogor Leuwiliang,2026-04-14 10:00:00,80,61,28,,4,9,0,80,,,,,
Tangerang,Tangerang Pasir Jaya,2026-04-13 01:00:00,-,52,24,,41,63,0,64,,,,,
Bekasi,Bekasi Kayuringin,2026-04-14 10:00:00,37,37,26,,75,16,0,24,,,,,
Jakarta,The Pakubuwono Menteng,2026-04-14 10:35:01,87,87,27,71,,,,,47,32.3,,,
Depok,Cinere - Nafas,2026-04-14 10:34:53,116,116,46,88,,,,,0,0,,,
Bogor,Kabupaten Bogor Leuwiliang,2026-04-14 10:00:00,80,61,28,,4,9,0,80,,,,,
Tangerang,Tangerang Pasir Jaya,2026-04-13 01:00:00,-,52,24,,41,63,0,64,,,,,
Bekasi,Bekasi Kayuringin,2026-04-14 10:00:00,37,37,26,,75,16,0,24,,,,,
Jakarta,The Pakubuwono Menteng,2026-04-14 10:36:01,87,87,29,70,,,,,47,32.3,,,
Depok,Cinere - Nafas,2026-04-14 10:35:53,118,118,47,87,,,,,0,0,,,
Bogor,Kabupaten Bogor Leuwiliang,2026-04-14 10:00:00,80,61,28,,4,9,0,80,,,,,
Tangerang,Tangerang Pasir Jaya,2026-04-13 01:00:00,-,52,24,,41,63,0,64,,,,,
Bekasi,Bekasi Kayuringin,2026-04-14 10:00:00,37,37,26,,75,16,0,24,,,,,
Jakarta,The Pakubuwono Menteng,2026-04-14 10:37:01,88,88,30,71,,,,,47,32.3,,,
Depok,Cinere - Nafas,2026-04-14 10:36:53,121,121,49,88,,,,,0,0,,,
Bogor,Kabupaten Bogor Leuwiliang,2026-04-14 10:00:00,80,61,28,,4,9,0,80,,,,,
Tangerang,Tangerang Pasir Jaya,2026-04-13 01:00:00,-,52,24,,41,63,0,64,,,,,
Bekasi,Bekasi Kayuringin,2026-04-14 10:00:00,37,37,26,,75,16,0,24,,,,,
Jakarta,The Pakubuwono Menteng,2026-04-14 10:39:01,87,87,28,71,,,,,47,32.3,,,
Depok,Cinere - Nafas,2026-04-14 10:38:53,113,113,44,86,,,,,0,0,,,
Bogor,Kabupaten Bogor Leuwiliang,2026-04-14 10:00:00,80,61,28,,4,9,0,80,,,,,
Tangerang,Tangerang Pasir Jaya,2026-04-13 01:00:00,-,52,24,,41,63,0,64,,,,,
Bekasi,Bekasi Kayuringin,2026-04-14 10:00:00,37,37,26,,75,16,0,24,,,,,
Jakarta,The Pakubuwono Menteng,2026-04-14 10:40:01,86,86,26,70,,,,,47,32.3,,,
Depok,Cinere - Nafas,2026-04-14 10:39:53,113,113,45,86,,,,,0,0,,,
Bogor,Kabupaten Bogor Leuwiliang,2026-04-14 10:00:00,80,61,28,,4,9,0,80,,,,,
Tangerang,Tangerang Pasir Jaya,2026-04-13 01:00:00,-,52,24,,41,63,0,64,,,,,
Bekasi,Bekasi Kayuringin,2026-04-14 10:00:00,37,37,26,,75,16,0,24,,,,,
Jakarta,The Pakubuwono Menteng,2026-04-14 10:41:02,89,89,31,73,,,,,47,32.3,,,
Depok,Cinere - Nafas,2026-04-14 10:40:53,117,117,45,86,,,,,0,0,,,
Bogor,Kabupaten Bogor Leuwiliang,2026-04-14 10:00:00,80,61,28,,4,9,0,80,,,,,
Tangerang,Tangerang Pasir Jaya,2026-04-13 01:00:00,-,52,24,,41,63,0,64,,,,,
Bekasi,Bekasi Kayuringin,2026-04-14 10:00:00,37,37,26,,75,16,0,24,,,,,
Jakarta,The Pakubuwono Menteng,2026-04-14 10:42:01,83,83,26,71,,,,,47,32.4,,,
Depok,Cinere - Nafas,2026-04-14 10:41:53,118,118,47,87,,,,,0,0,,,
Bogor,Kabupaten Bogor Leuwiliang,2026-04-14 10:00:00,80,61,28,,4,9,0,80,,,,,
Tangerang,Tangerang Pasir Jaya,2026-04-13 01:00:00,-,52,24,,41,63,0,64,,,,,
Bekasi,Bekasi Kayuringin,2026-04-14 10:00:00,37,37,26,,75,16,0,24,,,,,
Jakarta,The Pakubuwono Menteng,2026-04-14 10:43:01,86,86,27,71,,,,,47,32.4,,,
Depok,Cinere - Nafas,2026-04-14 10:42:53,120,120,48,87,,,,,0,0,,,
Bogor,Kabupaten Bogor Leuwiliang,2026-04-14 10:00:00,80,61,28,,4,9,0,80,,,,,
Tangerang,Tangerang Pasir Jaya,2026-04-13 01:00:00,-,52,24,,41,63,0,64,,,,,
Bekasi,Bekasi Kayuringin,2026-04-14 10:00:00,37,37,26,,75,16,0,24,,,,,
Jakarta,The Pakubuwono Menteng,2026-04-14 10:44:01,87,87,29,70,,,,,47,32.4,,,
Depok,Cinere - Nafas,2026-04-14 10:43:53,121,121,48,87,,,,,0,0,,,
Bogor,Kabupaten Bogor Leuwiliang,2026-04-14 10:00:00,80,61,28,,4,9,0,80,,,,,
Tangerang,Tangerang Pasir Jaya,2026-04-13 01:00:00,-,52,24,,41,63,0,64,,,,,
Bekasi,Bekasi Kayuringin,2026-04-14 10:00:00,37,37,26,,75,16,0,24,,,,,
Jakarta,The Pakubuwono Menteng,2026-04-14 10:46:02,88,88,30,71,,,,,47,32.4,,,
Depok,Cinere - Nafas,2026-04-14 10:44:53,118,118,47,88,,,,,0,0,,,
Bogor,Kabupaten Bogor Leuwiliang,2026-04-14 10:00:00,80,61,28,,4,9,0,80,,,,,
Tangerang,Tangerang Pasir Jaya,2026-04-13 01:00:00,-,52,24,,41,63,0,64,,,,,
Bekasi,Bekasi Kayuringin,2026-04-14 10:00:00,37,37,26,,75,16,0,24,,,,,
Jakarta,The Pakubuwono Menteng,2026-04-14 10:47:01,86,86,30,73,,,,,47,32.4,,,
Depok,Cinere - Nafas,2026-04-14 10:47:14,129,129,51,93,,,,,0,0,,,
Bogor,Kabupaten Bogor Leuwiliang,2026-04-14 10:00:00,80,61,28,,4,9,0,80,,,,,
Tangerang,Tangerang Pasir Jaya,2026-04-13 01:00:00,-,52,24,,41,63,0,64,,,,,
Bekasi,Bekasi Kayuringin,2026-04-14 10:00:00,37,37,26,,75,16,0,24,,,,,
Jakarta,The Pakubuwono Menteng,2026-04-14 10:49:02,94,94,33,74,,,,,47,32.4,,,
Depok,Cinere - Nafas,2026-04-14 10:49:38,144,144,55,112,,,,,0,0,,,
Bogor,Kabupaten Bogor Leuwiliang,2026-04-14 10:00:00,80,61,28,,4,9,0,80,,,,,
Tangerang,Tangerang Pasir Jaya,2026-04-13 01:00:00,-,52,24,,41,63,0,64,,,,,
Bekasi,Bekasi Kayuringin,2026-04-14 10:00:00,37,37,26,,75,16,0,24,,,,,
Jakarta,The Pakubuwono Menteng,2026-04-14 10:50:01,96,96,34,76,,,,,47,32.5,,,
Depok,Cinere - Nafas,2026-04-14 10:49:38,144,144,55,112,,,,,0,0,,,
Bogor,Kabupaten Bogor Leuwiliang,2026-04-14 10:00:00,80,61,28,,4,9,0,80,,,,,
Tangerang,Tangerang Pasir Jaya,2026-04-13 01:00:00,-,52,24,,41,63,0,64,,,,,
Bekasi,Bekasi Kayuringin,2026-04-14 10:00:00,37,37,26,,75,16,0,24,,,,,
Jakarta,The Pakubuwono Menteng,2026-04-14 10:51:02,94,94,33,73,,,,,47,32.5,,,
Depok,Cinere - Nafas,2026-04-14 10:49:38,144,144,55,112,,,,,0,0,,,
Bogor,Kabupaten Bogor Leuwiliang,2026-04-14 10:00:00,80,61,28,,4,9,0,80,,,,,
Tangerang,Tangerang Pasir Jaya,2026-04-13 01:00:00,-,52,24,,41,63,0,64,,,,,
Bekasi,Bekasi Kayuringin,2026-04-14 10:00:00,37,37,26,,75,16,0,24,,,,,
Jakarta,The Pakubuwono Menteng,2026-04-14 10:51:02,94,94,33,73,,,,,47,32.5,,,
Depok,Cinere - Nafas,2026-04-14 10:49:38,144,144,55,112,,,,,0,0,,,
Bogor,Kabupaten Bogor Leuwiliang,2026-04-14 10:00:00,80,61,28,,4,9,0,80,,,,,
Tangerang,Tangerang Pasir Jaya,2026-04-13 01:00:00,-,52,24,,41,63,0,64,,,,,
Bekasi,Bekasi Kayuringin,2026-04-14 10:00:00,37,37,26,,75,16,0,24,,,,,
Jakarta,The Pakubuwono Menteng,2026-04-14 10:52:02,94,94,33,72,,,,,47,32.5,,,
Depok,Cinere - Nafas,2026-04-14 10:51:59,158,158,61,148,,,,,0,0,,,
Bogor,Kabupaten Bogor Leuwiliang,2026-04-14 10:00:00,80,61,28,,4,9,0,80,,,,,
Tangerang,Tangerang Pasir Jaya,2026-04-13 01:00:00,-,52,24,,41,63,0,64,,,,,
Bekasi,Bekasi Kayuringin,2026-04-14 10:00:00,37,37,26,,75,16,0,24,,,,,
Jakarta,The Pakubuwono Menteng,2026-04-14 10:54:02,98,98,37,78,,,,,47,32.5,,,
Depok,Cinere - Nafas,2026-04-14 10:53:59,162,162,63,153,,,,,0,0,,,
Bogor,Kabupaten Bogor Leuwiliang,2026-04-14 10:00:00,80,61,28,,4,9,0,80,,,,,
Tangerang,Tangerang Pasir Jaya,2026-04-13 01:00:00,-,52,24,,41,63,0,64,,,,,
Bekasi,Bekasi Kayuringin,2026-04-14 10:00:00,37,37,26,,75,16,0,24,,,,,
Jakarta,The Pakubuwono Menteng,2026-04-14 10:56:01,99,99,38,79,,,,,47,32.5,,,
Depok,Cinere - Nafas,2026-04-14 10:55:59,122,122,50,90,,,,,0,0,,,
Bogor,Kabupaten Bogor Leuwiliang,2026-04-14 10:00:00,80,61,28,,4,9,0,80,,,,,
Tangerang,Tangerang Pasir Jaya,2026-04-13 01:00:00,-,52,24,,41,63,0,64,,,,,
Bekasi,Bekasi Kayuringin,2026-04-14 10:00:00,37,37,26,,75,16,0,24,,,,,
Jakarta,The Pakubuwono Menteng,2026-04-14 10:57:05,99,99,36,77,,,,,47,32.5,,,
Depok,Cinere - Nafas,2026-04-14 10:56:59,147,147,56,109,,,,,0,0,,,
Bogor,Kabupaten Bogor Leuwiliang,2026-04-14 10:00:00,80,61,28,,4,9,0,80,,,,,
Tangerang,Tangerang Pasir Jaya,2026-04-13 01:00:00,-,52,24,,41,63,0,64,,,,,
Bekasi,Bekasi Kayuringin,2026-04-14 10:00:00,37,37,26,,75,16,0,24,,,,,
Jakarta,The Pakubuwono Menteng,2026-04-14 10:58:02,97,97,36,76,,,,,47,32.5,,,
Depok,Cinere - Nafas,2026-04-14 10:57:59,138,138,54,100,,,,,0,0,,,
Bogor,Kabupaten Bogor Leuwiliang,2026-04-14 10:00:00,80,61,28,,4,9,0,80,,,,,
Tangerang,Tangerang Pasir Jaya,2026-04-13 01:00:00,-,52,24,,41,63,0,64,,,,,
Bekasi,Bekasi Kayuringin,2026-04-14 10:00:00,37,37,26,,75,16,0,24,,,,,
Jakarta,The Pakubuwono Menteng,2026-04-14 10:59:02,97,97,35,78,,,,,47,32.5,,,
Depok,Cinere - Nafas,2026-04-14 10:58:59,137,137,53,99,,,,,0,0,,,
Bogor,Kabupaten Bogor Leuwiliang,2026-04-14 10:00:00,80,61,28,,4,9,0,80,,,,,
Tangerang,Tangerang Pasir Jaya,2026-04-13 01:00:00,-,52,24,,41,63,0,64,,,,,
Bekasi,Bekasi Kayuringin,2026-04-14 10:00:00,37,37,26,,75,16,0,24,,,,,
Jakarta,The Pakubuwono Menteng,2026-04-14 11:00:02,101,101,38,80,,,,,47,32.5,,,
Depok,Cinere - Nafas,2026-04-14 10:59:59,165,165,67,154,,,,,0,0,,,
Bogor,Kabupaten Bogor Leuwiliang,2026-04-14 10:00:00,80,61,28,,4,9,0,80,,,,,
Tangerang,Tangerang Pasir Jaya,2026-04-13 01:00:00,-,52,24,,41,63,0,64,,,,,
Bekasi,Bekasi Kayuringin,2026-04-14 10:00:00,37,37,26,,75,16,0,24,,,,,
Jakarta,The Pakubuwono Menteng,2026-04-14 11:01:02,97,97,34,76,,,,,47,32.5,,,
Depok,Cinere - Nafas,2026-04-14 11:00:59,152,152,57,123,,,,,0,0,,,
Bogor,Kabupaten Bogor Leuwiliang,2026-04-14 10:00:00,80,61,28,,4,9,0,80,,,,,
Tangerang,Tangerang Pasir Jaya,2026-04-13 01:00:00,-,52,24,,41,63,0,64,,,,,
Bekasi,Bekasi Kayuringin,2026-04-14 10:00:00,37,37,26,,75,16,0,24,,,,,
Jakarta,The Pakubuwono Menteng,2026-04-14 11:02:02,94,94,33,75,,,,,47,32.59,,,
Depok,Cinere - Nafas,2026-04-14 11:01:59,139,139,54,106,,,,,0,0,,,
Bogor,Kabupaten Bogor Leuwiliang,2026-04-14 10:00:00,80,61,28,,4,9,0,80,,,,,
Tangerang,Tangerang Pasir Jaya,2026-04-13 01:00:00,-,52,24,,41,63,0,64,,,,,
Bekasi,Bekasi Kayuringin,2026-04-14 10:00:00,37,37,26,,75,16,0,24,,,,,
Jakarta,The Pakubuwono Menteng,2026-04-14 11:03:02,94,94,35,75,,,,,47,32.59,,,
Depok,Cinere - Nafas,2026-04-14 11:05:27,162,162,64,152,,,,,0,0,,,
Bogor,Kabupaten Bogor Leuwiliang,2026-04-14 10:00:00,80,61,28,,4,9,0,80,,,,,
Tangerang,Tangerang Pasir Jaya,2026-04-13 01:00:00,-,52,24,,41,63,0,64,,,,,
Bekasi,Bekasi Kayuringin,2026-04-14 10:00:00,37,37,26,,75,16,0,24,,,,,
Jakarta,The Pakubuwono Menteng,2026-04-14 11:06:02,94,94,33,74,,,,,47,32.7,,,
Depok,Cinere - Nafas,2026-04-14 11:06:27,152,152,58,121,,,,,0,0,,,
Bogor,Kabupaten Bogor Leuwiliang,2026-04-14 10:00:00,80,61,28,,4,9,0,80,,,,,
Tangerang,Tangerang Pasir Jaya,2026-04-13 01:00:00,-,52,24,,41,63,0,64,,,,,
Bekasi,Bekasi Kayuringin,2026-04-14 10:00:00,37,37,26,,75,16,0,24,,,,,
Jakarta,The Pakubuwono Menteng,2026-04-14 11:07:02,95,95,32,76,,,,,46,32.7,,,
Depok,Cinere - Nafas,2026-04-14 11:07:27,128,128,51,93,,,,,0,0,,,
Bogor,Kabupaten Bogor Leuwiliang,2026-04-14 10:00:00,80,61,28,,4,9,0,80,,,,,
Tangerang,Tangerang Pasir Jaya,2026-04-13 01:00:00,-,52,24,,41,63,0,64,,,,,
Bekasi,Bekasi Kayuringin,2026-04-14 10:00:00,37,37,26,,75,16,0,24,,,,,
Jakarta,The Pakubuwono Menteng,2026-04-14 11:07:02,95,95,32,76,,,,,46,32.7,,,
Depok,Cinere - Nafas,2026-04-14 11:08:28,125,125,50,89,,,,,0,0,,,
Bogor,Kabupaten Bogor Leuwiliang,2026-04-14 10:00:00,80,61,28,,4,9,0,80,,,,,
Tangerang,Tangerang Pasir Jaya,2026-04-13 01:00:00,-,52,24,,41,63,0,64,,,,,
Bekasi,Bekasi Kayuringin,2026-04-14 10:00:00,37,37,26,,75,16,0,24,,,,,
Jakarta,The Pakubuwono Menteng,2026-04-14 11:09:02,90,90,32,72,,,,,46,32.7,,,
Depok,Cinere - Nafas,2026-04-14 11:09:27,162,162,63,152,,,,,0,0,,,
Bogor,Kabupaten Bogor Leuwiliang,2026-04-14 11:00:00,80,61,28,,4,9,0,80,,,,,
Tangerang,Tangerang Pasir Jaya,2026-04-13 01:00:00,-,52,24,,41,63,0,64,,,,,
Bekasi,Bekasi Kayuringin,2026-04-14 11:00:00,39,39,26,,74,16,0,24,,,,,
Jakarta,The Pakubuwono Menteng,2026-04-14 11:10:02,95,95,34,73,,,,,46,32.7,,,
Depok,Cinere - Nafas,2026-04-14 11:10:27,143,143,55,108,,,,,0,0,,,
Bogor,Kabupaten Bogor Leuwiliang,2026-04-14 11:00:00,80,61,28,,4,9,0,80,,,,,
Tangerang,Tangerang Pasir Jaya,2026-04-13 01:00:00,-,52,24,,41,63,0,64,,,,,
Bekasi,Bekasi Kayuringin,2026-04-14 11:00:00,39,39,26,,74,16,0,24,,,,,
Jakarta,The Pakubuwono Menteng,2026-04-14 11:11:02,95,95,33,76,,,,,46,32.7,,,
Depok,Cinere - Nafas,2026-04-14 11:11:27,169,169,72,155,,,,,0,0,,,
Bogor,Kabupaten Bogor Leuwiliang,2026-04-14 11:00:00,80,61,28,,4,9,0,80,,,,,
Tangerang,Tangerang Pasir Jaya,2026-04-13 01:00:00,-,52,24,,41,63,0,64,,,,,
Bekasi,Bekasi Kayuringin,2026-04-14 11:00:00,39,39,26,,74,16,0,24,,,,,
Jakarta,The Pakubuwono Menteng,2026-04-14 11:12:02,91,91,30,74,,,,,46,32.7,,,
Depok,Cinere - Nafas,2026-04-14 11:12:27,182,182,83,165,,,,,0,0,,,
Bogor,Kabupaten Bogor Leuwiliang,2026-04-14 11:00:00,80,61,28,,4,9,0,80,,,,,
Tangerang,Tangerang Pasir Jaya,2026-04-13 01:00:00,-,52,24,,41,63,0,64,,,,,
Bekasi,Bekasi Kayuringin,2026-04-14 11:00:00,39,39,26,,74,16,0,24,,,,,
Jakarta,The Pakubuwono Menteng,2026-04-14 11:15:02,93,93,32,73,,,,,47,32.8,,,
Depok,Cinere - Nafas,2026-04-14 11:15:27,136,136,53,99,,,,,0,0,,,
Bogor,Kabupaten Bogor Leuwiliang,2026-04-14 11:00:00,80,61,28,,4,9,0,80,,,,,
Tangerang,Tangerang Pasir Jaya,2026-04-13 01:00:00,-,52,24,,41,63,0,64,,,,,
Bekasi,Bekasi Kayuringin,2026-04-14 11:00:00,39,39,26,,74,16,0,24,,,,,
Jakarta,The Pakubuwono Menteng,2026-04-14 11:15:02,93,93,32,73,,,,,47,32.8,,,
Depok,Cinere - Nafas,2026-04-14 11:15:27,136,136,53,99,,,,,0,0,,,
Bogor,Kabupaten Bogor Leuwiliang,2026-04-14 11:00:00,80,61,28,,4,9,0,80,,,,,
Tangerang,Tangerang Pasir Jaya,2026-04-13 01:00:00,-,52,24,,41,63,0,64,,,,,
Bekasi,Bekasi Kayuringin,2026-04-14 11:00:00,39,39,26,,74,16,0,24,,,,,
Jakarta,The Pakubuwono Menteng,2026-04-14 11:16:02,91,91,33,72,,,,,46,32.8,,,
Depok,Cinere - Nafas,2026-04-14 11:16:27,132,132,53,96,,,,,0,0,,,
Bogor,Kabupaten Bogor Leuwiliang,2026-04-14 11:00:00,80,61,28,,4,9,0,80,,,,,
Tangerang,Tangerang Pasir Jaya,2026-04-13 01:00:00,-,52,24,,41,63,0,64,,,,,
Bekasi,Bekasi Kayuringin,2026-04-14 11:00:00,39,39,26,,74,16,0,24,,,,,
Jakarta,The Pakubuwono Menteng,2026-04-14 11:17:02,91,91,30,72,,,,,46,32.8,,,
Depok,Cinere - Nafas,2026-04-14 11:17:27,122,122,49,89,,,,,0,0,,,
Bogor,Kabupaten Bogor Leuwiliang,2026-04-14 11:00:00,80,61,28,,4,9,0,80,,,,,
Tangerang,Tangerang Pasir Jaya,2026-04-13 01:00:00,-,52,24,,41,63,0,64,,,,,
Bekasi,Bekasi Kayuringin,2026-04-14 11:00:00,39,39,26,,74,16,0,24,,,,,
Jakarta,The Pakubuwono Menteng,2026-04-14 11:18:02,90,90,30,71,,,,,46,32.9,,,
Depok,Cinere - Nafas,2026-04-14 11:18:27,125,125,50,91,,,,,0,0,,,
Bogor,Kabupaten Bogor Leuwiliang,2026-04-14 11:00:00,80,61,28,,4,9,0,80,,,,,
Tangerang,Tangerang Pasir Jaya,2026-04-13 01:00:00,-,52,24,,41,63,0,64,,,,,
Bekasi,Bekasi Kayuringin,2026-04-14 11:00:00,39,39,26,,74,16,0,24,,,,,
Jakarta,The Pakubuwono Menteng,2026-04-14 11:20:02,90,90,29,71,,,,,46,32.8,,,
Depok,Cinere - Nafas,2026-04-14 11:20:27,125,125,51,90,,,,,0,0,,,
Bogor,Kabupaten Bogor Leuwiliang,2026-04-14 11:00:00,80,61,28,,4,9,0,80,,,,,
Tangerang,Tangerang Pasir Jaya,2026-04-13 01:00:00,-,52,24,,41,63,0,64,,,,,
Bekasi,Bekasi Kayuringin,2026-04-14 11:00:00,39,39,26,,74,16,0,24,,,,,
Jakarta,The Pakubuwono Menteng,2026-04-14 11:21:03,87,87,27,70,,,,,46,32.8,,,
Depok,Cinere - Nafas,2026-04-14 11:21:27,130,130,52,96,,,,,0,0,,,
Bogor,Kabupaten Bogor Leuwiliang,2026-04-14 11:00:00,80,61,28,,4,9,0,80,,,,,
Tangerang,Tangerang Pasir Jaya,2026-04-13 01:00:00,-,52,24,,41,63,0,64,,,,,
Bekasi,Bekasi Kayuringin,2026-04-14 11:00:00,39,39,26,,74,16,0,24,,,,,
Jakarta,The Pakubuwono Menteng,2026-04-14 11:22:02,88,88,27,73,,,,,46,32.8,,,
Depok,Cinere - Nafas,2026-04-14 11:22:27,125,125,50,93,,,,,0,0,,,
Bogor,Kabupaten Bogor Leuwiliang,2026-04-14 11:00:00,80,61,28,,4,9,0,80,,,,,
Tangerang,Tangerang Pasir Jaya,2026-04-13 01:00:00,-,52,24,,41,63,0,64,,,,,
Bekasi,Bekasi Kayuringin,2026-04-14 11:00:00,39,39,26,,74,16,0,24,,,,,
Jakarta,The Pakubuwono Menteng,2026-04-14 11:23:02,87,87,29,73,,,,,45,32.8,,,
Depok,Cinere - Nafas,2026-04-14 11:23:27,129,129,51,91,,,,,0,0,,,
Bogor,Kabupaten Bogor Leuwiliang,2026-04-14 11:00:00,80,61,28,,4,9,0,80,,,,,
Tangerang,Tangerang Pasir Jaya,2026-04-13 01:00:00,-,52,24,,41,63,0,64,,,,,
Bekasi,Bekasi Kayuringin,2026-04-14 11:00:00,39,39,26,,74,16,0,24,,,,,
Jakarta,The Pakubuwono Menteng,2026-04-14 11:25:02,90,90,30,74,,,,,46,32.8,,,
Depok,Cinere - Nafas,2026-04-14 11:25:27,127,127,51,93,,,,,0,0,,,
Bogor,Kabupaten Bogor Leuwiliang,2026-04-14 11:00:00,80,61,28,,4,9,0,80,,,,,
Tangerang,Tangerang Pasir Jaya,2026-04-13 01:00:00,-,52,24,,41,63,0,64,,,,,
Bekasi,Bekasi Kayuringin,2026-04-14 11:00:00,39,39,26,,74,16,0,24,,,,,
Jakarta,The Pakubuwono Menteng,2026-04-14 11:26:02,87,87,29,71,,,,,46,32.8,,,
Depok,Cinere - Nafas,2026-04-14 11:26:27,126,126,50,91,,,,,0,0,,,
Bogor,Kabupaten Bogor Leuwiliang,2026-04-14 11:00:00,80,61,28,,4,9,0,80,,,,,
Tangerang,Tangerang Pasir Jaya,2026-04-13 01:00:00,-,52,24,,41,63,0,64,,,,,
Bekasi,Bekasi Kayuringin,2026-04-14 11:00:00,39,39,26,,74,16,0,24,,,,,
Jakarta,The Pakubuwono Menteng,2026-04-14 11:27:02,90,90,30,70,,,,,46,32.8,,,
Depok,Cinere - Nafas,2026-04-14 11:27:27,123,123,48,89,,,,,0,0,,,
Bogor,Kabupaten Bogor Leuwiliang,2026-04-14 11:00:00,80,61,28,,4,9,0,80,,,,,
Tangerang,Tangerang Pasir Jaya,2026-04-13 01:00:00,-,52,24,,41,63,0,64,,,,,
Bekasi,Bekasi Kayuringin,2026-04-14 11:00:00,39,39,26,,74,16,0,24,,,,,
Jakarta,The Pakubuwono Menteng,2026-04-14 11:28:02,89,89,30,71,,,,,45,32.8,,,
Depok,Cinere - Nafas,2026-04-14 11:28:27,123,123,49,89,,,,,0,0,,,
Bogor,Kabupaten Bogor Leuwiliang,2026-04-14 11:00:00,80,61,28,,4,9,0,80,,,,,
Tangerang,Tangerang Pasir Jaya,2026-04-13 01:00:00,-,52,24,,41,63,0,64,,,,,
Bekasi,Bekasi Kayuringin,2026-04-14 11:00:00,39,39,26,,74,16,0,24,,,,,
Jakarta,The Pakubuwono Menteng,2026-04-14 11:29:02,88,88,30,71,,,,,46,32.9,,,
Depok,Cinere - Nafas,2026-04-14 11:29:27,128,128,51,94,,,,,0,0,,,
Bogor,Kabupaten Bogor Leuwiliang,2026-04-14 11:00:00,80,61,28,,4,9,0,80,,,,,
Tangerang,Tangerang Pasir Jaya,2026-04-13 01:00:00,-,52,24,,41,63,0,64,,,,,
Bekasi,Bekasi Kayuringin,2026-04-14 11:00:00,39,39,26,,74,16,0,24,,,,,
Jakarta,The Pakubuwono Menteng,2026-04-14 11:31:02,88,88,30,72,,,,,46,32.9,,,
Depok,Cinere - Nafas,2026-04-14 11:31:27,128,128,52,93,,,,,0,0,,,
Bogor,Kabupaten Bogor Leuwiliang,2026-04-14 11:00:00,80,61,28,,4,9,0,80,,,,,
Tangerang,Tangerang Pasir Jaya,2026-04-13 01:00:00,-,52,24,,41,63,0,64,,,,,
Bekasi,Bekasi Kayuringin,2026-04-14 11:00:00,39,39,26,,74,16,0,24,,,,,
Jakarta,The Pakubuwono Menteng,2026-04-14 11:32:02,87,87,27,72,,,,,46,32.8,,,
Depok,Cinere - Nafas,2026-04-14 11:32:27,140,140,54,100,,,,,0,0,,,
Bogor,Kabupaten Bogor Leuwiliang,2026-04-14 11:00:00,80,61,28,,4,9,0,80,,,,,
Tangerang,Tangerang Pasir Jaya,2026-04-13 01:00:00,-,52,24,,41,63,0,64,,,,,
Bekasi,Bekasi Kayuringin,2026-04-14 11:00:00,39,39,26,,74,16,0,24,,,,,
Jakarta,The Pakubuwono Menteng,2026-04-14 11:33:03,93,93,34,73,,,,,45,32.9,,,
Depok,Cinere - Nafas,2026-04-14 11:33:27,130,130,51,94,,,,,0,0,,,
Bogor,Kabupaten Bogor Leuwiliang,2026-04-14 11:00:00,80,61,28,,4,9,0,80,,,,,
Tangerang,Tangerang Pasir Jaya,2026-04-13 01:00:00,-,52,24,,41,63,0,64,,,,,
Bekasi,Bekasi Kayuringin,2026-04-14 11:00:00,39,39,26,,74,16,0,24,,,,,
Jakarta,The Pakubuwono Menteng,2026-04-14 11:34:02,91,91,32,73,,,,,46,32.9,,,
Depok,Cinere - Nafas,2026-04-14 11:34:27,127,127,51,93,,,,,0,0,,,
Bogor,Kabupaten Bogor Leuwiliang,2026-04-14 11:00:00,80,61,28,,4,9,0,80,,,,,
Tangerang,Tangerang Pasir Jaya,2026-04-13 01:00:00,-,52,24,,41,63,0,64,,,,,
Bekasi,Bekasi Kayuringin,2026-04-14 11:00:00,39,39,26,,74,16,0,24,,,,,
Jakarta,The Pakubuwono Menteng,2026-04-14 11:36:02,94,94,32,73,,,,,46,32.9,,,
Depok,Cinere - Nafas,2026-04-14 11:36:50,129,129,51,94,,,,,0,0,,,
Bogor,Kabupaten Bogor Leuwiliang,2026-04-14 11:00:00,80,61,28,,4,9,0,80,,,,,
Tangerang,Tangerang Pasir Jaya,2026-04-13 01:00:00,-,52,24,,41,63,0,64,,,,,
Bekasi,Bekasi Kayuringin,2026-04-14 11:00:00,39,39,26,,74,16,0,24,,,,,
Jakarta,The Pakubuwono Menteng,2026-04-14 11:37:02,89,89,31,75,,,,,46,32.9,,,
Depok,Cinere - Nafas,2026-04-14 11:37:50,125,125,50,92,,,,,0,0,,,
Bogor,Kabupaten Bogor Leuwiliang,2026-04-14 11:00:00,80,61,28,,4,9,0,80,,,,,
Tangerang,Tangerang Pasir Jaya,2026-04-13 01:00:00,-,52,24,,41,63,0,64,,,,,
Bekasi,Bekasi Kayuringin,2026-04-14 11:00:00,39,39,26,,74,16,0,24,,,,,
Jakarta,The Pakubuwono Menteng,2026-04-14 11:38:03,92,92,32,73,,,,,46,32.9,,,
Depok,Cinere - Nafas,2026-04-14 11:38:50,125,125,50,93,,,,,0,0,,,
Bogor,Kabupaten Bogor Leuwiliang,2026-04-14 11:00:00,80,61,28,,4,9,0,80,,,,,
Tangerang,Tangerang Pasir Jaya,2026-04-13 01:00:00,-,52,24,,41,63,0,64,,,,,
Bekasi,Bekasi Kayuringin,2026-04-14 11:00:00,39,39,26,,74,16,0,24,,,,,
Jakarta,The Pakubuwono Menteng,2026-04-14 11:39:02,92,92,31,72,,,,,46,32.9,,,
Depok,Cinere - Nafas,2026-04-14 11:39:50,126,126,50,93,,,,,0,0,,,
Bogor,Kabupaten Bogor Leuwiliang,2026-04-14 11:00:00,80,61,28,,4,9,0,80,,,,,
Tangerang,Tangerang Pasir Jaya,2026-04-13 01:00:00,-,52,24,,41,63,0,64,,,,,
Bekasi,Bekasi Kayuringin,2026-04-14 11:00:00,39,39,26,,74,16,0,24,,,,,
Jakarta,The Pakubuwono Menteng,2026-04-14 11:40:02,92,92,31,71,,,,,46,32.9,,,
Depok,Cinere - Nafas,2026-04-14 11:40:50,125,125,50,91,,,,,0,0,,,
Bogor,Kabupaten Bogor Leuwiliang,2026-04-14 11:00:00,80,61,28,,4,9,0,80,,,,,
Tangerang,Tangerang Pasir Jaya,2026-04-13 01:00:00,-,52,24,,41,63,0,64,,,,,
Bekasi,Bekasi Kayuringin,2026-04-14 11:00:00,39,39,26,,74,16,0,24,,,,,
Jakarta,The Pakubuwono Menteng,2026-04-14 11:41:02,86,86,28,73,,,,,46,32.9,,,
Depok,Cinere - Nafas,2026-04-14 11:41:50,128,128,51,94,,,,,0,0,,,
Bogor,Kabupaten Bogor Leuwiliang,2026-04-14 11:00:00,80,61,28,,4,9,0,80,,,,,
Tangerang,Tangerang Pasir Jaya,2026-04-13 01:00:00,-,52,24,,41,63,0,64,,,,,
Bekasi,Bekasi Kayuringin,2026-04-14 11:00:00,39,39,26,,74,16,0,24,,,,,
Jakarta,The Pakubuwono Menteng,2026-04-14 11:43:02,90,90,29,73,,,,,46,33,,,
Depok,Cinere - Nafas,2026-04-14 11:43:50,127,127,51,93,,,,,0,0,,,
Bogor,Kabupaten Bogor Leuwiliang,2026-04-14 11:00:00,80,61,28,,4,9,0,80,,,,,
Tangerang,Tangerang Pasir Jaya,2026-04-13 01:00:00,-,52,24,,41,63,0,64,,,,,
Bekasi,Bekasi Kayuringin,2026-04-14 11:00:00,39,39,26,,74,16,0,24,,,,,
Jakarta,The Pakubuwono Menteng,2026-04-14 11:44:03,88,88,29,71,,,,,46,33,,,
Depok,Cinere - Nafas,2026-04-14 11:44:50,129,129,51,93,,,,,0,0,,,
Bogor,Kabupaten Bogor Leuwiliang,2026-04-14 11:00:00,80,61,28,,4,9,0,80,,,,,
Tangerang,Tangerang Pasir Jaya,2026-04-13 01:00:00,-,52,24,,41,63,0,64,,,,,
Bekasi,Bekasi Kayuringin,2026-04-14 11:00:00,39,39,26,,74,16,0,24,,,,,
Jakarta,The Pakubuwono Menteng,2026-04-14 11:45:03,87,87,29,68,,,,,45,33.09,,,
Depok,Cinere - Nafas,2026-04-14 11:45:50,131,131,52,94,,,,,0,0,,,
Bogor,Kabupaten Bogor Leuwiliang,2026-04-14 11:00:00,80,61,28,,4,9,0,80,,,,,
Tangerang,Tangerang Pasir Jaya,2026-04-13 01:00:00,-,52,24,,41,63,0,64,,,,,
Bekasi,Bekasi Kayuringin,2026-04-14 11:00:00,39,39,26,,74,16,0,24,,,,,
Jakarta,The Pakubuwono Menteng,2026-04-14 11:47:03,87,87,30,70,,,,,46,33.09,,,
Depok,Cinere - Nafas,2026-04-14 11:47:50,134,134,52,96,,,,,0,0,,,
Bogor,Kabupaten Bogor Leuwiliang,2026-04-14 11:00:00,80,61,28,,4,9,0,80,,,,,
Tangerang,Tangerang Pasir Jaya,2026-04-13 01:00:00,-,52,24,,41,63,0,64,,,,,
Bekasi,Bekasi Kayuringin,2026-04-14 11:00:00,39,39,26,,74,16,0,24,,,,,
Jakarta,The Pakubuwono Menteng,2026-04-14 11:48:03,88,88,28,73,,,,,46,33.09,,,
Depok,Cinere - Nafas,2026-04-14 11:48:51,130,130,53,96,,,,,0,0,,,
Bogor,Kabupaten Bogor Leuwiliang,2026-04-14 11:00:00,80,61,28,,4,9,0,80,,,,,
Tangerang,Tangerang Pasir Jaya,2026-04-13 01:00:00,-,52,24,,41,63,0,64,,,,,
Bekasi,Bekasi Kayuringin,2026-04-14 11:00:00,39,39,26,,74,16,0,24,,,,,
Jakarta,The Pakubuwono Menteng,2026-04-14 11:48:03,88,88,28,73,,,,,46,33.09,,,
Depok,Cinere - Nafas,2026-04-14 11:48:51,130,130,53,96,,,,,0,0,,,
Bogor,Kabupaten Bogor Leuwiliang,2026-04-14 11:00:00,80,61,28,,4,9,0,80,,,,,
Tangerang,Tangerang Pasir Jaya,2026-04-13 01:00:00,-,52,24,,41,63,0,64,,,,,
Bekasi,Bekasi Kayuringin,2026-04-14 11:00:00,39,39,26,,74,16,0,24,,,,,
Jakarta,The Pakubuwono Menteng,2026-04-14 11:49:03,93,93,32,73,,,,,46,33.09,,,
Depok,Cinere - Nafas,2026-04-14 11:49:50,139,139,54,97,,,,,0,0,,,
Bogor,Kabupaten Bogor Leuwiliang,2026-04-14 11:00:00,80,61,28,,4,9,0,80,,,,,
Tangerang,Tangerang Pasir Jaya,2026-04-13 01:00:00,-,52,24,,41,63,0,64,,,,,
Bekasi,Bekasi Kayuringin,2026-04-14 11:00:00,39,39,26,,74,16,0,24,,,,,
Jakarta,The Pakubuwono Menteng,2026-04-14 11:50:03,88,88,28,73,,,,,45,33.09,,,
Depok,Cinere - Nafas,2026-04-14 11:50:50,135,135,53,96,,,,,0,0,,,
Bogor,Kabupaten Bogor Leuwiliang,2026-04-14 11:00:00,80,61,28,,4,9,0,80,,,,,
Tangerang,Tangerang Pasir Jaya,2026-04-13 01:00:00,-,52,24,,41,63,0,64,,,,,
Bekasi,Bekasi Kayuringin,2026-04-14 11:00:00,39,39,26,,74,16,0,24,,,,,
Jakarta,The Pakubuwono Menteng,2026-04-14 11:53:03,88,88,31,71,,,,,46,33.09,,,
Depok,Cinere - Nafas,2026-04-14 11:53:51,132,132,52,94,,,,,0,0,,,
Bogor,Kabupaten Bogor Leuwiliang,2026-04-14 11:00:00,80,61,28,,4,9,0,80,,,,,
Tangerang,Tangerang Pasir Jaya,2026-04-13 01:00:00,-,52,24,,41,63,0,64,,,,,
Bekasi,Bekasi Kayuringin,2026-04-14 11:00:00,39,39,26,,74,16,0,24,,,,,
Jakarta,The Pakubuwono Menteng,2026-04-14 11:54:03,88,88,28,71,,,,,46,33.09,,,
Depok,Cinere - Nafas,2026-04-14 11:54:51,131,131,52,95,,,,,0,0,,,
Bogor,Kabupaten Bogor Leuwiliang,2026-04-14 11:00:00,80,61,28,,4,9,0,80,,,,,
Tangerang,Tangerang Pasir Jaya,2026-04-13 01:00:00,-,52,24,,41,63,0,64,,,,,
Bekasi,Bekasi Kayuringin,2026-04-14 11:00:00,39,39,26,,74,16,0,24,,,,,
Jakarta,The Pakubuwono Menteng,2026-04-14 11:55:03,90,90,29,71,,,,,47,33.09,,,
Depok,Cinere - Nafas,2026-04-14 11:55:50,130,130,51,94,,,,,0,0,,,
Bogor,Kabupaten Bogor Leuwiliang,2026-04-14 11:00:00,80,61,28,,4,9,0,80,,,,,
Tangerang,Tangerang Pasir Jaya,2026-04-13 01:00:00,-,52,24,,41,63,0,64,,,,,
Bekasi,Bekasi Kayuringin,2026-04-14 11:00:00,39,39,26,,74,16,0,24,,,,,
Jakarta,The Pakubuwono Menteng,2026-04-14 11:56:03,86,86,27,69,,,,,46,33.2,,,
Depok,Cinere - Nafas,2026-04-14 11:56:51,130,130,51,93,,,,,0,0,,,
Bogor,Kabupaten Bogor Leuwiliang,2026-04-14 11:00:00,80,61,28,,4,9,0,80,,,,,
Tangerang,Tangerang Pasir Jaya,2026-04-13 01:00:00,-,52,24,,41,63,0,64,,,,,
Bekasi,Bekasi Kayuringin,2026-04-14 11:00:00,39,39,26,,74,16,0,24,,,,,
Jakarta,The Pakubuwono Menteng,2026-04-14 11:57:03,87,87,29,70,,,,,46,33.2,,,
Depok,Cinere - Nafas,2026-04-14 11:57:51,128,128,51,96,,,,,0,0,,,
Bogor,Kabupaten Bogor Leuwiliang,2026-04-14 11:00:00,80,61,28,,4,9,0,80,,,,,
Tangerang,Tangerang Pasir Jaya,2026-04-13 01:00:00,-,52,24,,41,63,0,64,,,,,
Bekasi,Bekasi Kayuringin,2026-04-14 11:00:00,39,39,26,,74,16,0,24,,,,,
Jakarta,The Pakubuwono Menteng,2026-04-14 11:58:03,88,88,31,73,,,,,45,33.2,,,
Depok,Cinere - Nafas,2026-04-14 11:58:51,130,130,51,94,,,,,0,0,,,
Bogor,Kabupaten Bogor Leuwiliang,2026-04-14 11:00:00,80,61,28,,4,9,0,80,,,,,
Tangerang,Tangerang Pasir Jaya,2026-04-13 01:00:00,-,52,24,,41,63,0,64,,,,,
Bekasi,Bekasi Kayuringin,2026-04-14 11:00:00,39,39,26,,74,16,0,24,,,,,
Jakarta,The Pakubuwono Menteng,2026-04-14 11:59:03,91,91,32,74,,,,,45,33.2,,,
Depok,Cinere - Nafas,2026-04-14 11:59:51,125,125,51,93,,,,,0,0,,,
Bogor,Kabupaten Bogor Leuwiliang,2026-04-14 11:00:00,80,61,28,,4,9,0,80,,,,,
Tangerang,Tangerang Pasir Jaya,2026-04-13 01:00:00,-,52,24,,41,63,0,64,,,,,
Bekasi,Bekasi Kayuringin,2026-04-14 11:00:00,39,39,26,,74,16,0,24,,,,,
Jakarta,The Pakubuwono Menteng,2026-04-14 12:00:03,93,93,33,74,,,,,46,33.2,,,
Depok,Cinere - Nafas,2026-04-14 12:00:51,128,128,51,93,,,,,0,0,,,
Bogor,Kabupaten Bogor Leuwiliang,2026-04-14 11:00:00,80,61,28,,4,9,0,80,,,,,
Tangerang,Tangerang Pasir Jaya,2026-04-13 01:00:00,-,52,24,,41,63,0,64,,,,,
Bekasi,Bekasi Kayuringin,2026-04-14 11:00:00,39,39,26,,74,16,0,24,,,,,
Jakarta,The Pakubuwono Menteng,2026-04-14 12:03:03,91,91,31,74,,,,,46,33.2,,,
Depok,Cinere - Nafas,2026-04-14 12:03:51,126,126,51,94,,,,,0,0,,,
Bogor,Kabupaten Bogor Leuwiliang,2026-04-14 11:00:00,80,61,28,,4,9,0,80,,,,,
Tangerang,Tangerang Pasir Jaya,2026-04-13 01:00:00,-,52,24,,41,63,0,64,,,,,
Bekasi,Bekasi Kayuringin,2026-04-14 11:00:00,39,39,26,,74,16,0,24,,,,,
Jakarta,The Pakubuwono Menteng,2026-04-14 12:04:03,93,93,32,73,,,,,46,33.09,,,
Depok,Cinere - Nafas,2026-04-14 12:04:51,130,130,51,93,,,,,0,0,,,
Bogor,Kabupaten Bogor Leuwiliang,2026-04-14 11:00:00,80,61,28,,4,9,0,80,,,,,
Tangerang,Tangerang Pasir Jaya,2026-04-13 01:00:00,-,52,24,,41,63,0,64,,,,,
Bekasi,Bekasi Kayuringin,2026-04-14 11:00:00,39,39,26,,74,16,0,24,,,,,
Jakarta,The Pakubuwono Menteng,2026-04-14 12:04:03,93,93,32,73,,,,,46,33.09,,,
Depok,Cinere - Nafas,2026-04-14 12:04:51,130,130,51,93,,,,,0,0,,,
Bogor,Kabupaten Bogor Leuwiliang,2026-04-14 11:00:00,80,61,28,,4,9,0,80,,,,,
Tangerang,Tangerang Pasir Jaya,2026-04-13 01:00:00,-,52,24,,41,63,0,64,,,,,
Bekasi,Bekasi Kayuringin,2026-04-14 11:00:00,39,39,26,,74,16,0,24,,,,,
Jakarta,The Pakubuwono Menteng,2026-04-14 12:05:03,94,94,33,74,,,,,47,33.09,,,
Depok,Cinere - Nafas,2026-04-14 12:04:51,130,130,51,93,,,,,0,0,,,
Bogor,Kabupaten Bogor Leuwiliang,2026-04-14 11:00:00,80,61,28,,4,9,0,80,,,,,
Tangerang,Tangerang Pasir Jaya,2026-04-13 01:00:00,-,52,24,,41,63,0,64,,,,,
Bekasi,Bekasi Kayuringin,2026-04-14 11:00:00,39,39,26,,74,16,0,24,,,,,
Jakarta,The Pakubuwono Menteng,2026-04-14 12:06:03,95,95,34,77,,,,,48,33.2,,,
Depok,Cinere - Nafas,2026-04-14 12:06:24,127,127,51,94,,,,,0,0,,,
Bogor,Kabupaten Bogor Leuwiliang,2026-04-14 11:00:00,80,61,28,,4,9,0,80,,,,,
Tangerang,Tangerang Pasir Jaya,2026-04-13 01:00:00,-,52,24,,41,63,0,64,,,,,
Bekasi,Bekasi Kayuringin,2026-04-14 11:00:00,39,39,26,,74,16,0,24,,,,,
Jakarta,The Pakubuwono Menteng,2026-04-14 12:08:03,105,105,41,83,,,,,48,33.09,,,
Depok,Cinere - Nafas,2026-04-14 12:08:24,127,127,50,93,,,,,0,0,,,
Bogor,Kabupaten Bogor Leuwiliang,2026-04-14 12:00:00,80,61,28,,4,9,0,80,,,,,
Tangerang,Tangerang Pasir Jaya,2026-04-13 01:00:00,-,52,24,,41,63,0,64,,,,,
Bekasi,Bekasi Kayuringin,2026-04-14 12:00:00,38,38,26,,74,16,0,24,,,,,
Jakarta,The Pakubuwono Menteng,2026-04-14 12:09:03,101,101,38,80,,,,,48,33.2,,,
Depok,Cinere - Nafas,2026-04-14 12:09:24,123,123,50,93,,,,,0,0,,,
Bogor,Kabupaten Bogor Leuwiliang,2026-04-14 12:00:00,80,61,28,,4,9,0,80,,,,,
Tangerang,Tangerang Pasir Jaya,2026-04-13 01:00:00,-,52,24,,41,63,0,64,,,,,
Bekasi,Bekasi Kayuringin,2026-04-14 12:00:00,38,38,26,,74,16,0,24,,,,,
Jakarta,The Pakubuwono Menteng,2026-04-14 12:11:03,101,101,39,79,,,,,48,33.2,,,
Depok,Cinere - Nafas,2026-04-14 12:11:24,130,130,52,94,,,,,0,0,,,
Bogor,Kabupaten Bogor Leuwiliang,2026-04-14 12:00:00,80,61,28,,4,9,0,80,,,,,
Tangerang,Tangerang Pasir Jaya,2026-04-13 01:00:00,-,52,24,,41,63,0,64,,,,,
Bekasi,Bekasi Kayuringin,2026-04-14 12:00:00,38,38,26,,74,16,0,24,,,,,
Jakarta,The Pakubuwono Menteng,2026-04-14 12:12:03,99,99,38,76,,,,,48,33.09,,,
Depok,Cinere - Nafas,2026-04-14 12:12:24,128,128,51,93,,,,,0,0,,,
Bogor,Kabupaten Bogor Leuwiliang,2026-04-14 12:00:00,80,61,28,,4,9,0,80,,,,,
Tangerang,Tangerang Pasir Jaya,2026-04-13 01:00:00,-,52,24,,41,63,0,64,,,,,
Bekasi,Bekasi Kayuringin,2026-04-14 12:00:00,38,38,26,,74,16,0,24,,,,,
Jakarta,The Pakubuwono Menteng,2026-04-14 12:13:03,100,100,37,79,,,,,48,33.09,,,
Depok,Cinere - Nafas,2026-04-14 12:13:24,130,130,53,95,,,,,0,0,,,
Bogor,Kabupaten Bogor Leuwiliang,2026-04-14 12:00:00,80,61,28,,4,9,0,80,,,,,
Tangerang,Tangerang Pasir Jaya,2026-04-13 01:00:00,-,52,24,,41,63,0,64,,,,,
Bekasi,Bekasi Kayuringin,2026-04-14 12:00:00,38,38,26,,74,16,0,24,,,,,
Jakarta,The Pakubuwono Menteng,2026-04-14 12:14:03,100,100,38,79,,,,,49,33.09,,,
Depok,Cinere - Nafas,2026-04-14 12:14:24,129,129,51,94,,,,,0,0,,,
Bogor,Kabupaten Bogor Leuwiliang,2026-04-14 12:00:00,80,61,28,,4,9,0,80,,,,,
Tangerang,Tangerang Pasir Jaya,2026-04-13 01:00:00,-,52,24,,41,63,0,64,,,,,
Bekasi,Bekasi Kayuringin,2026-04-14 12:00:00,38,38,26,,74,16,0,24,,,,,
Jakarta,The Pakubuwono Menteng,2026-04-14 12:15:03,98,98,36,79,,,,,49,33.09,,,
Depok,Cinere - Nafas,2026-04-14 12:15:24,125,125,51,93,,,,,0,0,,,
Bogor,Kabupaten Bogor Leuwiliang,2026-04-14 12:00:00,80,61,28,,4,9,0,80,,,,,
Tangerang,Tangerang Pasir Jaya,2026-04-13 01:00:00,-,52,24,,41,63,0,64,,,,,
Bekasi,Bekasi Kayuringin,2026-04-14 12:00:00,38,38,26,,74,16,0,24,,,,,
Jakarta,The Pakubuwono Menteng,2026-04-14 12:16:03,97,97,36,78,,,,,49,33.09,,,
Depok,Cinere - Nafas,2026-04-14 12:16:24,130,130,51,93,,,,,0,0,,,
Bogor,Kabupaten Bogor Leuwiliang,2026-04-14 12:00:00,80,61,28,,4,9,0,80,,,,,
Tangerang,Tangerang Pasir Jaya,2026-04-13 01:00:00,-,52,24,,41,63,0,64,,,,,
Bekasi,Bekasi Kayuringin,2026-04-14 12:00:00,38,38,26,,74,16,0,24,,,,,
Jakarta,The Pakubuwono Menteng,2026-04-14 12:17:03,100,100,37,79,,,,,49,33.09,,,
Depok,Cinere - Nafas,2026-04-14 12:17:48,131,131,52,96,,,,,0,0,,,
Bogor,Kabupaten Bogor Leuwiliang,2026-04-14 12:00:00,80,61,28,,4,9,0,80,,,,,
Tangerang,Tangerang Pasir Jaya,2026-04-13 01:00:00,-,52,24,,41,63,0,64,,,,,
Bekasi,Bekasi Kayuringin,2026-04-14 12:00:00,38,38,26,,74,16,0,24,,,,,
Jakarta,The Pakubuwono Menteng,2026-04-14 12:19:03,100,100,38,80,,,,,49,33,,,
Depok,Cinere - Nafas,2026-04-14 12:18:48,131,131,51,95,,,,,0,0,,,
Bogor,Kabupaten Bogor Leuwiliang,2026-04-14 12:00:00,80,61,28,,4,9,0,80,,,,,
Tangerang,Tangerang Pasir Jaya,2026-04-13 01:00:00,-,52,24,,41,63,0,64,,,,,
Bekasi,Bekasi Kayuringin,2026-04-14 12:00:00,38,38,26,,74,16,0,24,,,,,
Jakarta,The Pakubuwono Menteng,2026-04-14 12:21:03,94,94,34,73,,,,,49,33,,,
Depok,Cinere - Nafas,2026-04-14 12:18:48,131,131,51,95,,,,,0,0,,,
Bogor,Kabupaten Bogor Leuwiliang,2026-04-14 12:00:00,80,61,28,,4,9,0,80,,,,,
Tangerang,Tangerang Pasir Jaya,2026-04-13 01:00:00,-,52,24,,41,63,0,64,,,,,
Bekasi,Bekasi Kayuringin,2026-04-14 12:00:00,38,38,26,,74,16,0,24,,,,,
Jakarta,The Pakubuwono Menteng,2026-04-14 12:21:03,94,94,34,73,,,,,49,33,,,
Depok,Cinere - Nafas,2026-04-14 12:18:48,131,131,51,95,,,,,0,0,,,
Bogor,Kabupaten Bogor Leuwiliang,2026-04-14 12:00:00,80,61,28,,4,9,0,80,,,,,
Tangerang,Tangerang Pasir Jaya,2026-04-13 01:00:00,-,52,24,,41,63,0,64,,,,,
Bekasi,Bekasi Kayuringin,2026-04-14 12:00:00,38,38,26,,74,16,0,24,,,,,
Jakarta,The Pakubuwono Menteng,2026-04-14 12:22:03,97,97,36,75,,,,,49,33,,,
Depok,Cinere - Nafas,2026-04-14 12:22:26,127,127,51,94,,,,,0,0,,,
Bogor,Kabupaten Bogor Leuwiliang,2026-04-14 12:00:00,80,61,28,,4,9,0,80,,,,,
Tangerang,Tangerang Pasir Jaya,2026-04-13 01:00:00,-,52,24,,41,63,0,64,,,,,
Bekasi,Bekasi Kayuringin,2026-04-14 12:00:00,38,38,26,,74,16,0,24,,,,,
Jakarta,The Pakubuwono Menteng,2026-04-14 12:24:03,93,93,33,76,,,,,50,33,,,
Depok,Cinere - Nafas,2026-04-14 12:24:26,125,125,51,89,,,,,0,0,,,
Bogor,Kabupaten Bogor Leuwiliang,2026-04-14 12:00:00,80,61,28,,4,9,0,80,,,,,
Tangerang,Tangerang Pasir Jaya,2026-04-13 01:00:00,-,52,24,,41,63,0,64,,,,,
Bekasi,Bekasi Kayuringin,2026-04-14 12:00:00,38,38,26,,74,16,0,24,,,,,
Jakarta,The Pakubuwono Menteng,2026-04-14 12:25:03,93,93,33,72,,,,,50,33,,,
Depok,Cinere - Nafas,2026-04-14 12:25:26,125,125,50,89,,,,,0,0,,,
Bogor,Kabupaten Bogor Leuwiliang,2026-04-14 12:00:00,80,61,28,,4,9,0,80,,,,,
Tangerang,Tangerang Pasir Jaya,2026-04-13 01:00:00,-,52,24,,41,63,0,64,,,,,
Bekasi,Bekasi Kayuringin,2026-04-14 12:00:00,38,38,26,,74,16,0,24,,,,,
Jakarta,The Pakubuwono Menteng,2026-04-14 12:26:03,95,95,33,73,,,,,50,33.09,,,
Depok,Cinere - Nafas,2026-04-14 12:26:26,124,124,50,89,,,,,0,0,,,
Bogor,Kabupaten Bogor Leuwiliang,2026-04-14 12:00:00,80,61,28,,4,9,0,80,,,,,
Tangerang,Tangerang Pasir Jaya,2026-04-13 01:00:00,-,52,24,,41,63,0,64,,,,,
Bekasi,Bekasi Kayuringin,2026-04-14 12:00:00,38,38,26,,74,16,0,24,,,,,
Jakarta,The Pakubuwono Menteng,2026-04-14 12:27:03,94,94,33,73,,,,,49,33.2,,,
Depok,Cinere - Nafas,2026-04-14 12:27:26,121,121,48,89,,,,,0,0,,,
Bogor,Kabupaten Bogor Leuwiliang,2026-04-14 12:00:00,80,61,28,,4,9,0,80,,,,,
Tangerang,Tangerang Pasir Jaya,2026-04-13 01:00:00,-,52,24,,41,63,0,64,,,,,
Bekasi,Bekasi Kayuringin,2026-04-14 12:00:00,38,38,26,,74,16,0,24,,,,,
Jakarta,The Pakubuwono Menteng,2026-04-14 12:28:03,95,95,35,74,,,,,49,33.3,,,
Depok,Cinere - Nafas,2026-04-14 12:28:26,124,124,50,92,,,,,0,0,,,
Bogor,Kabupaten Bogor Leuwiliang,2026-04-14 12:00:00,80,61,28,,4,9,0,80,,,,,
Tangerang,Tangerang Pasir Jaya,2026-04-13 01:00:00,-,52,24,,41,63,0,64,,,,,
Bekasi,Bekasi Kayuringin,2026-04-14 12:00:00,38,38,26,,74,16,0,24,,,,,
Jakarta,The Pakubuwono Menteng,2026-04-14 12:30:03,96,96,34,75,,,,,49,33.4,,,
Depok,Cinere - Nafas,2026-04-14 12:30:26,120,120,48,88,,,,,0,0,,,
Bogor,Kabupaten Bogor Leuwiliang,2026-04-14 12:00:00,80,61,28,,4,9,0,80,,,,,
Tangerang,Tangerang Pasir Jaya,2026-04-13 01:00:00,-,52,24,,41,63,0,64,,,,,
Bekasi,Bekasi Kayuringin,2026-04-14 12:00:00,38,38,26,,74,16,0,24,,,,,
Jakarta,The Pakubuwono Menteng,2026-04-14 12:31:03,95,95,34,75,,,,,49,33.5,,,
Depok,Cinere - Nafas,2026-04-14 12:31:26,123,123,50,89,,,,,0,0,,,
Bogor,Kabupaten Bogor Leuwiliang,2026-04-14 12:00:00,80,61,28,,4,9,0,80,,,,,
Tangerang,Tangerang Pasir Jaya,2026-04-13 01:00:00,-,52,24,,41,63,0,64,,,,,
Bekasi,Bekasi Kayuringin,2026-04-14 12:00:00,38,38,26,,74,16,0,24,,,,,
Jakarta,The Pakubuwono Menteng,2026-04-14 12:32:03,90,90,31,72,,,,,49,33.59,,,
Depok,Cinere - Nafas,2026-04-14 12:32:26,123,123,50,89,,,,,0,0,,,
Bogor,Kabupaten Bogor Leuwiliang,2026-04-14 12:00:00,80,61,28,,4,9,0,80,,,,,
Tangerang,Tangerang Pasir Jaya,2026-04-13 01:00:00,-,52,24,,41,63,0,64,,,,,
Bekasi,Bekasi Kayuringin,2026-04-14 12:00:00,38,38,26,,74,16,0,24,,,,,
Jakarta,The Pakubuwono Menteng,2026-04-14 12:33:03,93,93,32,73,,,,,48,33.7,,,
Depok,Cinere - Nafas,2026-04-14 12:33:26,123,123,50,89,,,,,0,0,,,
Bogor,Kabupaten Bogor Leuwiliang,2026-04-14 12:00:00,80,61,28,,4,9,0,80,,,,,
Tangerang,Tangerang Pasir Jaya,2026-04-13 01:00:00,-,52,24,,41,63,0,64,,,,,
Bekasi,Bekasi Kayuringin,2026-04-14 12:00:00,38,38,26,,74,16,0,24,,,,,
Jakarta,The Pakubuwono Menteng,2026-04-14 12:36:04,91,91,32,72,,,,,48,33.8,,,
Depok,Cinere - Nafas,2026-04-14 12:35:27,122,122,49,93,,,,,0,0,,,
Bogor,Kabupaten Bogor Leuwiliang,2026-04-14 12:00:00,80,61,28,,4,9,0,80,,,,,
Tangerang,Tangerang Pasir Jaya,2026-04-13 01:00:00,-,52,24,,41,63,0,64,,,,,
Bekasi,Bekasi Kayuringin,2026-04-14 12:00:00,38,38,26,,74,16,0,24,,,,,
Jakarta,The Pakubuwono Menteng,2026-04-14 12:37:04,93,93,33,73,,,,,48,34,,,
Depok,Cinere - Nafas,2026-04-14 12:35:27,122,122,49,93,,,,,0,0,,,
Bogor,Kabupaten Bogor Leuwiliang,2026-04-14 12:00:00,80,61,28,,4,9,0,80,,,,,
Tangerang,Tangerang Pasir Jaya,2026-04-13 01:00:00,-,52,24,,41,63,0,64,,,,,
Bekasi,Bekasi Kayuringin,2026-04-14 12:00:00,38,38,26,,74,16,0,24,,,,,
Jakarta,The Pakubuwono Menteng,2026-04-14 12:38:04,91,91,30,72,,,,,48,34,,,
Depok,Cinere - Nafas,2026-04-14 12:37:48,124,124,50,94,,,,,0,0,,,
Bogor,Kabupaten Bogor Leuwiliang,2026-04-14 12:00:00,80,61,28,,4,9,0,80,,,,,
Tangerang,Tangerang Pasir Jaya,2026-04-13 01:00:00,-,52,24,,41,63,0,64,,,,,
Bekasi,Bekasi Kayuringin,2026-04-14 12:00:00,38,38,26,,74,16,0,24,,,,,
Jakarta,The Pakubuwono Menteng,2026-04-14 12:38:04,91,91,30,72,,,,,48,34,,,
Depok,Cinere - Nafas,2026-04-14 12:37:48,124,124,50,94,,,,,0,0,,,
Bogor,Kabupaten Bogor Leuwiliang,2026-04-14 12:00:00,80,61,28,,4,9,0,80,,,,,
Tangerang,Tangerang Pasir Jaya,2026-04-13 01:00:00,-,52,24,,41,63,0,64,,,,,
Bekasi,Bekasi Kayuringin,2026-04-14 12:00:00,38,38,26,,74,16,0,24,,,,,
Jakarta,The Pakubuwono Menteng,2026-04-14 12:39:04,92,92,30,73,,,,,47,34.09,,,
Depok,Cinere - Nafas,2026-04-14 12:40:48,126,126,50,90,,,,,0,0,,,
Bogor,Kabupaten Bogor Leuwiliang,2026-04-14 12:00:00,80,61,28,,4,9,0,80,,,,,
Tangerang,Tangerang Pasir Jaya,2026-04-13 01:00:00,-,52,24,,41,63,0,64,,,,,
Bekasi,Bekasi Kayuringin,2026-04-14 12:00:00,38,38,26,,74,16,0,24,,,,,
Jakarta,The Pakubuwono Menteng,2026-04-14 12:42:04,88,88,28,73,,,,,47,34.5,,,
Depok,Cinere - Nafas,2026-04-14 12:41:48,123,123,50,92,,,,,0,0,,,
Bogor,Kabupaten Bogor Leuwiliang,2026-04-14 12:00:00,80,61,28,,4,9,0,80,,,,,
Tangerang,Tangerang Pasir Jaya,2026-04-13 01:00:00,-,52,24,,41,63,0,64,,,,,
Bekasi,Bekasi Kayuringin,2026-04-14 12:00:00,38,38,26,,74,16,0,24,,,,,
Jakarta,The Pakubuwono Menteng,2026-04-14 12:43:04,90,90,31,73,,,,,46,34.5,,,
Depok,Cinere - Nafas,2026-04-14 12:42:48,125,125,50,92,,,,,0,0,,,
Bogor,Kabupaten Bogor Leuwiliang,2026-04-14 12:00:00,80,61,28,,4,9,0,80,,,,,
Tangerang,Tangerang Pasir Jaya,2026-04-13 01:00:00,-,52,24,,41,63,0,64,,,,,
Bekasi,Bekasi Kayuringin,2026-04-14 12:00:00,38,38,26,,74,16,0,24,,,,,
Jakarta,The Pakubuwono Menteng,2026-04-14 12:44:04,88,88,30,73,,,,,46,34.59,,,
Depok,Cinere - Nafas,2026-04-14 12:43:48,122,122,48,89,,,,,0,0,,,
Bogor,Kabupaten Bogor Leuwiliang,2026-04-14 12:00:00,80,61,28,,4,9,0,80,,,,,
Tangerang,Tangerang Pasir Jaya,2026-04-13 01:00:00,-,52,24,,41,63,0,64,,,,,
Bekasi,Bekasi Kayuringin,2026-04-14 12:00:00,38,38,26,,74,16,0,24,,,,,
Jakarta,The Pakubuwono Menteng,2026-04-14 12:45:04,90,90,30,72,,,,,46,34.59,,,
Depok,Cinere - Nafas,2026-04-14 12:44:48,123,123,50,92,,,,,0,0,,,
Bogor,Kabupaten Bogor Leuwiliang,2026-04-14 12:00:00,80,61,28,,4,9,0,80,,,,,
Tangerang,Tangerang Pasir Jaya,2026-04-13 01:00:00,-,52,24,,41,63,0,64,,,,,
Bekasi,Bekasi Kayuringin,2026-04-14 12:00:00,38,38,26,,74,16,0,24,,,,,
Jakarta,The Pakubuwono Menteng,2026-04-14 12:45:04,90,90,30,72,,,,,46,34.59,,,
Depok,Cinere - Nafas,2026-04-14 12:44:48,123,123,50,92,,,,,0,0,,,
Bogor,Kabupaten Bogor Leuwiliang,2026-04-14 12:00:00,80,61,28,,4,9,0,80,,,,,
Tangerang,Tangerang Pasir Jaya,2026-04-13 01:00:00,-,52,24,,41,63,0,64,,,,,
Bekasi,Bekasi Kayuringin,2026-04-14 12:00:00,38,38,26,,74,16,0,24,,,,,
Jakarta,The Pakubuwono Menteng,2026-04-14 12:47:04,88,88,27,72,,,,,46,34.59,,,
Depok,Cinere - Nafas,2026-04-14 12:45:48,123,123,48,89,,,,,0,0,,,
Bogor,Kabupaten Bogor Leuwiliang,2026-04-14 12:00:00,80,61,28,,4,9,0,80,,,,,
Tangerang,Tangerang Pasir Jaya,2026-04-13 01:00:00,-,52,24,,41,63,0,64,,,,,
Bekasi,Bekasi Kayuringin,2026-04-14 12:00:00,38,38,26,,74,16,0,24,,,,,
Jakarta,The Pakubuwono Menteng,2026-04-14 12:48:04,86,86,26,71,,,,,46,34.59,,,
Depok,Cinere - Nafas,2026-04-14 12:45:48,123,123,48,89,,,,,0,0,,,
Bogor,Kabupaten Bogor Leuwiliang,2026-04-14 12:00:00,80,61,28,,4,9,0,80,,,,,
Tangerang,Tangerang Pasir Jaya,2026-04-13 01:00:00,-,52,24,,41,63,0,64,,,,,
Bekasi,Bekasi Kayuringin,2026-04-14 12:00:00,38,38,26,,74,16,0,24,,,,,
Jakarta,The Pakubuwono Menteng,2026-04-14 12:49:04,87,87,30,70,,,,,46,34.7,,,
Depok,Cinere - Nafas,2026-04-14 12:45:48,123,123,48,89,,,,,0,0,,,
Bogor,Kabupaten Bogor Leuwiliang,2026-04-14 12:00:00,80,61,28,,4,9,0,80,,,,,
Tangerang,Tangerang Pasir Jaya,2026-04-13 01:00:00,-,52,24,,41,63,0,64,,,,,
Bekasi,Bekasi Kayuringin,2026-04-14 12:00:00,38,38,26,,74,16,0,24,,,,,
Jakarta,The Pakubuwono Menteng,2026-04-14 12:51:04,88,88,27,71,,,,,46,34.9,,,
Depok,Cinere - Nafas,2026-04-14 12:50:30,122,122,49,88,,,,,0,0,,,
Bogor,Kabupaten Bogor Leuwiliang,2026-04-14 12:00:00,80,61,28,,4,9,0,80,,,,,
Tangerang,Tangerang Pasir Jaya,2026-04-13 01:00:00,-,52,24,,41,63,0,64,,,,,
Bekasi,Bekasi Kayuringin,2026-04-14 12:00:00,38,38,26,,74,16,0,24,,,,,
Jakarta,The Pakubuwono Menteng,2026-04-14 12:52:04,87,87,27,70,,,,,46,34.9,,,
Depok,Cinere - Nafas,2026-04-14 12:51:30,128,128,51,93,,,,,0,0,,,
Bogor,Kabupaten Bogor Leuwiliang,2026-04-14 12:00:00,80,61,28,,4,9,0,80,,,,,
Tangerang,Tangerang Pasir Jaya,2026-04-13 01:00:00,-,52,24,,41,63,0,64,,,,,
Bekasi,Bekasi Kayuringin,2026-04-14 12:00:00,38,38,26,,74,16,0,24,,,,,
Jakarta,The Pakubuwono Menteng,2026-04-14 12:53:04,84,84,27,71,,,,,45,35,,,
Depok,Cinere - Nafas,2026-04-14 12:52:30,119,119,48,90,,,,,0,0,,,
Bogor,Kabupaten Bogor Leuwiliang,2026-04-14 12:00:00,80,61,28,,4,9,0,80,,,,,
Tangerang,Tangerang Pasir Jaya,2026-04-13 01:00:00,-,52,24,,41,63,0,64,,,,,
Bekasi,Bekasi Kayuringin,2026-04-14 12:00:00,38,38,26,,74,16,0,24,,,,,
Jakarta,The Pakubuwono Menteng,2026-04-14 12:54:04,90,90,30,73,,,,,45,35.09,,,
Depok,Cinere - Nafas,2026-04-14 12:54:12,117,117,46,89,,,,,0,0,,,
Bogor,Kabupaten Bogor Leuwiliang,2026-04-14 12:00:00,80,61,28,,4,9,0,80,,,,,
Tangerang,Tangerang Pasir Jaya,2026-04-13 01:00:00,-,52,24,,41,63,0,64,,,,,
Bekasi,Bekasi Kayuringin,2026-04-14 12:00:00,38,38,26,,74,16,0,24,,,,,
Jakarta,The Pakubuwono Menteng,2026-04-14 12:55:04,81,81,26,68,,,,,45,35.09,,,
Depok,Cinere - Nafas,2026-04-14 12:55:23,119,119,49,89,,,,,0,0,,,
Bogor,Kabupaten Bogor Leuwiliang,2026-04-14 12:00:00,80,61,28,,4,9,0,80,,,,,
Tangerang,Tangerang Pasir Jaya,2026-04-13 01:00:00,-,52,24,,41,63,0,64,,,,,
Bekasi,Bekasi Kayuringin,2026-04-14 12:00:00,38,38,26,,74,16,0,24,,,,,
Jakarta,The Pakubuwono Menteng,2026-04-14 12:57:04,84,84,26,70,,,,,45,35.09,,,
Depok,Cinere - Nafas,2026-04-14 12:55:23,119,119,49,89,,,,,0,0,,,
Bogor,Kabupaten Bogor Leuwiliang,2026-04-14 12:00:00,80,61,28,,4,9,0,80,,,,,
Tangerang,Tangerang Pasir Jaya,2026-04-13 01:00:00,-,52,24,,41,63,0,64,,,,,
Bekasi,Bekasi Kayuringin,2026-04-14 12:00:00,38,38,26,,74,16,0,24,,,,,
Jakarta,The Pakubuwono Menteng,2026-04-14 12:58:04,87,87,29,70,,,,,45,35.09,,,
Depok,Cinere - Nafas,2026-04-14 12:57:51,128,128,51,96,,,,,0,0,,,
Bogor,Kabupaten Bogor Leuwiliang,2026-04-14 12:00:00,80,61,28,,4,9,0,80,,,,,
Tangerang,Tangerang Pasir Jaya,2026-04-13 01:00:00,-,52,24,,41,63,0,64,,,,,
Bekasi,Bekasi Kayuringin,2026-04-14 12:00:00,38,38,26,,74,16,0,24,,,,,
Jakarta,The Pakubuwono Menteng,2026-04-14 12:59:04,85,85,26,70,,,,,45,35.09,,,
Depok,Cinere - Nafas,2026-04-14 12:59:51,116,116,45,87,,,,,0,0,,,
Bogor,Kabupaten Bogor Leuwiliang,2026-04-14 12:00:00,80,61,28,,4,9,0,80,,,,,
Tangerang,Tangerang Pasir Jaya,2026-04-13 01:00:00,-,52,24,,41,63,0,64,,,,,
Bekasi,Bekasi Kayuringin,2026-04-14 12:00:00,38,38,26,,74,16,0,24,,,,,
Jakarta,The Pakubuwono Menteng,2026-04-14 13:00:04,82,82,25,69,,,,,45,35.2,,,
Depok,Cinere - Nafas,2026-04-14 12:59:51,116,116,45,87,,,,,0,0,,,
Bogor,Kabupaten Bogor Leuwiliang,2026-04-14 12:00:00,80,61,28,,4,9,0,80,,,,,
Tangerang,Tangerang Pasir Jaya,2026-04-13 01:00:00,-,52,24,,41,63,0,64,,,,,
Bekasi,Bekasi Kayuringin,2026-04-14 12:00:00,38,38,26,,74,16,0,24,,,,,
Jakarta,The Pakubuwono Menteng,2026-04-14 13:02:04,86,86,27,71,,,,,45,35.3,,,
Depok,Cinere - Nafas,2026-04-14 13:01:51,116,116,44,88,,,,,0,0,,,
Bogor,Kabupaten Bogor Leuwiliang,2026-04-14 12:00:00,80,61,28,,4,9,0,80,,,,,
Tangerang,Tangerang Pasir Jaya,2026-04-13 01:00:00,-,52,24,,41,63,0,64,,,,,
Bekasi,Bekasi Kayuringin,2026-04-14 12:00:00,38,38,26,,74,16,0,24,,,,,
Jakarta,The Pakubuwono Menteng,2026-04-14 13:03:04,82,82,27,70,,,,,45,35.3,,,
Depok,Cinere - Nafas,2026-04-14 13:02:51,119,119,48,89,,,,,0,0,,,
Bogor,Kabupaten Bogor Leuwiliang,2026-04-14 12:00:00,80,61,28,,4,9,0,80,,,,,
Tangerang,Tangerang Pasir Jaya,2026-04-13 01:00:00,-,52,24,,41,63,0,64,,,,,
Bekasi,Bekasi Kayuringin,2026-04-14 12:00:00,38,38,26,,74,16,0,24,,,,,
Jakarta,The Pakubuwono Menteng,2026-04-14 13:04:04,84,84,25,70,,,,,45,35.3,,,
Depok,Cinere - Nafas,2026-04-14 13:04:15,127,127,51,94,,,,,0,0,,,
Bogor,Kabupaten Bogor Leuwiliang,2026-04-14 12:00:00,80,61,28,,4,9,0,80,,,,,
Tangerang,Tangerang Pasir Jaya,2026-04-13 01:00:00,-,52,24,,41,63,0,64,,,,,
Bekasi,Bekasi Kayuringin,2026-04-14 12:00:00,38,38,26,,74,16,0,24,,,,,
Jakarta,The Pakubuwono Menteng,2026-04-14 13:05:04,83,83,25,70,,,,,45,35.4,,,
Depok,Cinere - Nafas,2026-04-14 13:05:15,121,121,48,90,,,,,0,0,,,
Bogor,Kabupaten Bogor Leuwiliang,2026-04-14 12:00:00,80,61,28,,4,9,0,80,,,,,
Tangerang,Tangerang Pasir Jaya,2026-04-13 01:00:00,-,52,24,,41,63,0,64,,,,,
Bekasi,Bekasi Kayuringin,2026-04-14 12:00:00,38,38,26,,74,16,0,24,,,,,
Jakarta,The Pakubuwono Menteng,2026-04-14 13:06:04,87,87,30,70,,,,,45,35.4,,,
Depok,Cinere - Nafas,2026-04-14 13:06:15,124,124,49,88,,,,,0,0,,,
Bogor,Kabupaten Bogor Leuwiliang,2026-04-14 12:00:00,80,61,28,,4,9,0,80,,,,,
Tangerang,Tangerang Pasir Jaya,2026-04-13 01:00:00,-,52,24,,41,63,0,64,,,,,
Bekasi,Bekasi Kayuringin,2026-04-14 12:00:00,38,38,26,,74,16,0,24,,,,,
Jakarta,The Pakubuwono Menteng,2026-04-14 13:07:04,86,86,26,71,,,,,45,35.5,,,
Depok,Cinere - Nafas,2026-04-14 13:07:15,125,125,50,94,,,,,0,0,,,
Bogor,Kabupaten Bogor Leuwiliang,2026-04-14 12:00:00,80,61,28,,4,9,0,80,,,,,
Tangerang,Tangerang Pasir Jaya,2026-04-13 01:00:00,-,52,24,,41,63,0,64,,,,,
Bekasi,Bekasi Kayuringin,2026-04-14 13:00:00,38,38,26,,75,16,0,24,,,,,
Jakarta,The Pakubuwono Menteng,2026-04-14 13:09:04,88,88,28,71,,,,,45,35.5,,,
Depok,Cinere - Nafas,2026-04-14 13:09:15,123,123,48,90,,,,,0,0,,,
Bogor,Kabupaten Bogor Leuwiliang,2026-04-14 13:00:00,80,61,28,,4,9,0,80,,,,,
Tangerang,Tangerang Pasir Jaya,2026-04-13 01:00:00,-,52,24,,41,63,0,64,,,,,
Bekasi,Bekasi Kayuringin,2026-04-14 13:00:00,38,38,26,,75,16,0,24,,,,,
Jakarta,The Pakubuwono Menteng,2026-04-14 13:10:05,85,85,27,70,,,,,45,35.59,,,
Depok,Cinere - Nafas,2026-04-14 13:10:15,113,113,45,87,,,,,0,0,,,
Bogor,Kabupaten Bogor Leuwiliang,2026-04-14 13:00:00,80,61,28,,4,9,0,80,,,,,
Tangerang,Tangerang Pasir Jaya,2026-04-13 01:00:00,-,52,24,,41,63,0,64,,,,,
Bekasi,Bekasi Kayuringin,2026-04-14 13:00:00,38,38,26,,75,16,0,24,,,,,
Jakarta,The Pakubuwono Menteng,2026-04-14 13:11:04,82,82,26,67,,,,,45,35.59,,,
Depok,Cinere - Nafas,2026-04-14 13:11:15,115,115,45,84,,,,,0,0,,,
Bogor,Kabupaten Bogor Leuwiliang,2026-04-14 13:00:00,80,61,28,,4,9,0,80,,,,,
Tangerang,Tangerang Pasir Jaya,2026-04-13 01:00:00,-,52,24,,41,63,0,64,,,,,
Bekasi,Bekasi Kayuringin,2026-04-14 13:00:00,38,38,26,,75,16,0,24,,,,,
Jakarta,The Pakubuwono Menteng,2026-04-14 13:12:04,78,78,25,70,,,,,45,35.7,,,
Depok,Cinere - Nafas,2026-04-14 13:12:15,110,110,44,83,,,,,0,0,,,
Bogor,Kabupaten Bogor Leuwiliang,2026-04-14 13:00:00,80,61,28,,4,9,0,80,,,,,
Tangerang,Tangerang Pasir Jaya,2026-04-13 01:00:00,-,52,24,,41,63,0,64,,,,,
Bekasi,Bekasi Kayuringin,2026-04-14 13:00:00,38,38,26,,75,16,0,24,,,,,
Jakarta,The Pakubuwono Menteng,2026-04-14 13:14:05,76,76,23,67,,,,,45,35.59,,,
Depok,Cinere - Nafas,2026-04-14 13:14:15,117,117,45,88,,,,,0,0,,,
Bogor,Kabupaten Bogor Leuwiliang,2026-04-14 13:00:00,80,61,28,,4,9,0,80,,,,,
Tangerang,Tangerang Pasir Jaya,2026-04-13 01:00:00,-,52,24,,41,63,0,64,,,,,
Bekasi,Bekasi Kayuringin,2026-04-14 13:00:00,38,38,26,,75,16,0,24,,,,,
Jakarta,The Pakubuwono Menteng,2026-04-14 13:15:05,74,74,23,67,,,,,44,35.59,,,
Depok,Cinere - Nafas,2026-04-14 13:15:15,110,110,43,83,,,,,0,0,,,
Bogor,Kabupaten Bogor Leuwiliang,2026-04-14 13:00:00,80,61,28,,4,9,0,80,,,,,
Tangerang,Tangerang Pasir Jaya,2026-04-13 01:00:00,-,52,24,,41,63,0,64,,,,,
Bekasi,Bekasi Kayuringin,2026-04-14 13:00:00,38,38,26,,75,16,0,24,,,,,
Jakarta,The Pakubuwono Menteng,2026-04-14 13:16:05,79,79,25,66,,,,,44,35.59,,,
Depok,Cinere - Nafas,2026-04-14 13:16:15,111,111,43,83,,,,,0,0,,,
Bogor,Kabupaten Bogor Leuwiliang,2026-04-14 13:00:00,80,61,28,,4,9,0,80,,,,,
Tangerang,Tangerang Pasir Jaya,2026-04-13 01:00:00,-,52,24,,41,63,0,64,,,,,
Bekasi,Bekasi Kayuringin,2026-04-14 13:00:00,38,38,26,,75,16,0,24,,,,,
Jakarta,The Pakubuwono Menteng,2026-04-14 13:16:05,79,79,25,66,,,,,44,35.59,,,
Depok,Cinere - Nafas,2026-04-14 13:16:15,111,111,43,83,,,,,0,0,,,
Bogor,Kabupaten Bogor Leuwiliang,2026-04-14 13:00:00,80,61,28,,4,9,0,80,,,,,
Tangerang,Tangerang Pasir Jaya,2026-04-13 01:00:00,-,52,24,,41,63,0,64,,,,,
Bekasi,Bekasi Kayuringin,2026-04-14 13:00:00,38,38,26,,75,16,0,24,,,,,
Jakarta,The Pakubuwono Menteng,2026-04-14 13:19:05,76,76,23,63,,,,,44,35.5,,,
Depok,Cinere - Nafas,2026-04-14 13:19:15,109,109,43,84,,,,,0,0,,,
Bogor,Kabupaten Bogor Leuwiliang,2026-04-14 13:00:00,80,61,28,,4,9,0,80,,,,,
Tangerang,Tangerang Pasir Jaya,2026-04-13 01:00:00,-,52,24,,41,63,0,64,,,,,
Bekasi,Bekasi Kayuringin,2026-04-14 13:00:00,38,38,26,,75,16,0,24,,,,,
Jakarta,The Pakubuwono Menteng,2026-04-14 13:20:05,74,74,22,62,,,,,44,35.4,,,
Depok,Cinere - Nafas,2026-04-14 13:20:15,110,110,44,83,,,,,0,0,,,
Bogor,Kabupaten Bogor Leuwiliang,2026-04-14 13:00:00,80,61,28,,4,9,0,80,,,,,
Tangerang,Tangerang Pasir Jaya,2026-04-13 01:00:00,-,52,24,,41,63,0,64,,,,,
Bekasi,Bekasi Kayuringin,2026-04-14 13:00:00,38,38,26,,75,16,0,24,,,,,
Jakarta,The Pakubuwono Menteng,2026-04-14 13:21:05,75,75,22,64,,,,,44,35.4,,,
Depok,Cinere - Nafas,2026-04-14 13:21:15,106,106,42,83,,,,,0,0,,,
Bogor,Kabupaten Bogor Leuwiliang,2026-04-14 13:00:00,80,61,28,,4,9,0,80,,,,,
Tangerang,Tangerang Pasir Jaya,2026-04-13 01:00:00,-,52,24,,41,63,0,64,,,,,
Bekasi,Bekasi Kayuringin,2026-04-14 13:00:00,38,38,26,,75,16,0,24,,,,,
Jakarta,The Pakubuwono Menteng,2026-04-14 13:22:05,79,79,23,65,,,,,44,35.4,,,
Depok,Cinere - Nafas,2026-04-14 13:22:15,107,107,42,83,,,,,0,0,,,
Bogor,Kabupaten Bogor Leuwiliang,2026-04-14 13:00:00,80,61,28,,4,9,0,80,,,,,
Tangerang,Tangerang Pasir Jaya,2026-04-13 01:00:00,-,52,24,,41,63,0,64,,,,,
Bekasi,Bekasi Kayuringin,2026-04-14 13:00:00,38,38,26,,75,16,0,24,,,,,
Jakarta,The Pakubuwono Menteng,2026-04-14 13:24:05,78,78,23,63,,,,,44,35.09,,,
Depok,Cinere - Nafas,2026-04-14 13:24:15,105,105,41,78,,,,,0,0,,,
Bogor,Kabupaten Bogor Leuwiliang,2026-04-14 13:00:00,80,61,28,,4,9,0,80,,,,,
Tangerang,Tangerang Pasir Jaya,2026-04-13 01:00:00,-,52,24,,41,63,0,64,,,,,
Bekasi,Bekasi Kayuringin,2026-04-14 13:00:00,38,38,26,,75,16,0,24,,,,,
Jakarta,The Pakubuwono Menteng,2026-04-14 13:24:05,78,78,23,63,,,,,44,35.09,,,
Depok,Cinere - Nafas,2026-04-14 13:24:15,105,105,41,78,,,,,0,0,,,
Bogor,Kabupaten Bogor Leuwiliang,2026-04-14 13:00:00,80,61,28,,4,9,0,80,,,,,
Tangerang,Tangerang Pasir Jaya,2026-04-13 01:00:00,-,52,24,,41,63,0,64,,,,,
Bekasi,Bekasi Kayuringin,2026-04-14 13:00:00,38,38,26,,75,16,0,24,,,,,
Jakarta,The Pakubuwono Menteng,2026-04-14 13:25:05,79,79,23,64,,,,,45,35,,,
Depok,Cinere - Nafas,2026-04-14 13:25:15,107,107,40,79,,,,,0,0,,,
Bogor,Kabupaten Bogor Leuwiliang,2026-04-14 13:00:00,80,61,28,,4,9,0,80,,,,,
Tangerang,Tangerang Pasir Jaya,2026-04-13 01:00:00,-,52,24,,41,63,0,64,,,,,
Bekasi,Bekasi Kayuringin,2026-04-14 13:00:00,38,38,26,,75,16,0,24,,,,,
Jakarta,The Pakubuwono Menteng,2026-04-14 13:26:05,79,79,24,66,,,,,45,34.9,,,
Depok,Cinere - Nafas,2026-04-14 13:26:15,103,103,39,79,,,,,0,0,,,
Bogor,Kabupaten Bogor Leuwiliang,2026-04-14 13:00:00,80,61,28,,4,9,0,80,,,,,
Tangerang,Tangerang Pasir Jaya,2026-04-13 01:00:00,-,52,24,,41,63,0,64,,,,,
Bekasi,Bekasi Kayuringin,2026-04-14 13:00:00,38,38,26,,75,16,0,24,,,,,
Jakarta,The Pakubuwono Menteng,2026-04-14 13:29:05,78,78,23,63,,,,,45,34.8,,,
Depok,Cinere - Nafas,2026-04-14 13:29:15,100,100,37,79,,,,,0,0,,,
Bogor,Kabupaten Bogor Leuwiliang,2026-04-14 13:00:00,80,61,28,,4,9,0,80,,,,,
Tangerang,Tangerang Pasir Jaya,2026-04-13 01:00:00,-,52,24,,41,63,0,64,,,,,
Bekasi,Bekasi Kayuringin,2026-04-14 13:00:00,38,38,26,,75,16,0,24,,,,,
Jakarta,The Pakubuwono Menteng,2026-04-14 13:30:05,75,75,22,63,,,,,46,34.8,,,
Depok,Cinere - Nafas,2026-04-14 13:30:15,98,98,36,74,,,,,0,0,,,
Bogor,Kabupaten Bogor Leuwiliang,2026-04-14 13:00:00,80,61,28,,4,9,0,80,,,,,
Tangerang,Tangerang Pasir Jaya,2026-04-13 01:00:00,-,52,24,,41,63,0,64,,,,,
Bekasi,Bekasi Kayuringin,2026-04-14 13:00:00,38,38,26,,75,16,0,24,,,,,
Jakarta,The Pakubuwono Menteng,2026-04-14 13:31:05,76,76,23,62,,,,,45,34.7,,,
Depok,Cinere - Nafas,2026-04-14 13:31:15,97,97,35,78,,,,,0,0,,,
Bogor,Kabupaten Bogor Leuwiliang,2026-04-14 13:00:00,80,61,28,,4,9,0,80,,,,,
Tangerang,Tangerang Pasir Jaya,2026-04-13 01:00:00,-,52,24,,41,63,0,64,,,,,
Bekasi,Bekasi Kayuringin,2026-04-14 13:00:00,38,38,26,,75,16,0,24,,,,,
Jakarta,The Pakubuwono Menteng,2026-04-14 13:32:06,74,74,22,61,,,,,46,34.8,,,
Depok,Cinere - Nafas,2026-04-14 13:32:15,94,94,34,74,,,,,0,0,,,
Bogor,Kabupaten Bogor Leuwiliang,2026-04-14 13:00:00,80,61,28,,4,9,0,80,,,,,
Tangerang,Tangerang Pasir Jaya,2026-04-13 01:00:00,-,52,24,,41,63,0,64,,,,,
Bekasi,Bekasi Kayuringin,2026-04-14 13:00:00,38,38,26,,75,16,0,24,,,,,
Jakarta,The Pakubuwono Menteng,2026-04-14 13:32:06,74,74,22,61,,,,,46,34.8,,,
Depok,Cinere - Nafas,2026-04-14 13:32:15,94,94,34,74,,,,,0,0,,,
Bogor,Kabupaten Bogor Leuwiliang,2026-04-14 13:00:00,80,61,28,,4,9,0,80,,,,,
Tangerang,Tangerang Pasir Jaya,2026-04-13 01:00:00,-,52,24,,41,63,0,64,,,,,
Bekasi,Bekasi Kayuringin,2026-04-14 13:00:00,38,38,26,,75,16,0,24,,,,,
Jakarta,The Pakubuwono Menteng,2026-04-14 13:34:05,77,77,23,64,,,,,46,34.7,,,
Depok,Cinere - Nafas,2026-04-14 13:34:15,99,99,39,80,,,,,0,0,,,
Bogor,Kabupaten Bogor Leuwiliang,2026-04-14 13:00:00,80,61,28,,4,9,0,80,,,,,
Tangerang,Tangerang Pasir Jaya,2026-04-13 01:00:00,-,52,24,,41,63,0,64,,,,,
Bekasi,Bekasi Kayuringin,2026-04-14 13:00:00,38,38,26,,75,16,0,24,,,,,
Jakarta,The Pakubuwono Menteng,2026-04-14 13:35:05,72,72,21,61,,,,,46,34.7,,,
Depok,Cinere - Nafas,2026-04-14 13:35:15,103,103,40,83,,,,,0,0,,,
Bogor,Kabupaten Bogor Leuwiliang,2026-04-14 13:00:00,80,61,28,,4,9,0,80,,,,,
Tangerang,Tangerang Pasir Jaya,2026-04-13 01:00:00,-,52,24,,41,63,0,64,,,,,
Bekasi,Bekasi Kayuringin,2026-04-14 13:00:00,38,38,26,,75,16,0,24,,,,,
Jakarta,The Pakubuwono Menteng,2026-04-14 13:36:05,73,73,21,56,,,,,46,34.7,,,
Depok,Cinere - Nafas,2026-04-14 13:36:15,101,101,37,78,,,,,0,0,,,
Bogor,Kabupaten Bogor Leuwiliang,2026-04-14 13:00:00,80,61,28,,4,9,0,80,,,,,
Tangerang,Tangerang Pasir Jaya,2026-04-13 01:00:00,-,52,24,,41,63,0,64,,,,,
Bekasi,Bekasi Kayuringin,2026-04-14 13:00:00,38,38,26,,75,16,0,24,,,,,
Jakarta,The Pakubuwono Menteng,2026-04-14 13:37:05,78,78,24,60,,,,,46,34.7,,,
Depok,Cinere - Nafas,2026-04-14 13:37:15,98,98,36,77,,,,,0,0,,,
Bogor,Kabupaten Bogor Leuwiliang,2026-04-14 13:00:00,80,61,28,,4,9,0,80,,,,,
Tangerang,Tangerang Pasir Jaya,2026-04-13 01:00:00,-,52,24,,41,63,0,64,,,,,
Bekasi,Bekasi Kayuringin,2026-04-14 13:00:00,38,38,26,,75,16,0,24,,,,,
Jakarta,The Pakubuwono Menteng,2026-04-14 13:40:06,73,73,21,58,,,,,45,34.8,,,
Depok,Cinere - Nafas,2026-04-14 13:40:15,97,97,35,74,,,,,0,0,,,
Bogor,Kabupaten Bogor Leuwiliang,2026-04-14 13:00:00,80,61,28,,4,9,0,80,,,,,
Tangerang,Tangerang Pasir Jaya,2026-04-13 01:00:00,-,52,24,,41,63,0,64,,,,,
Bekasi,Bekasi Kayuringin,2026-04-14 13:00:00,38,38,26,,75,16,0,24,,,,,
Jakarta,The Pakubuwono Menteng,2026-04-14 13:40:06,73,73,22,58,,,,,45,34.8,,,
Depok,Cinere - Nafas,2026-04-14 13:40:15,97,97,35,74,,,,,0,0,,,
Bogor,Kabupaten Bogor Leuwiliang,2026-04-14 13:00:00,80,61,28,,4,9,0,80,,,,,
Tangerang,Tangerang Pasir Jaya,2026-04-13 01:00:00,-,52,24,,41,63,0,64,,,,,
Bekasi,Bekasi Kayuringin,2026-04-14 13:00:00,38,38,26,,75,16,0,24,,,,,
Jakarta,The Pakubuwono Menteng,2026-04-14 13:41:05,73,73,21,63,,,,,45,34.7,,,
Depok,Cinere - Nafas,2026-04-14 13:41:15,97,97,34,76,,,,,0,0,,,
Bogor,Kabupaten Bogor Leuwiliang,2026-04-14 13:00:00,80,61,28,,4,9,0,80,,,,,
Tangerang,Tangerang Pasir Jaya,2026-04-13 01:00:00,-,52,24,,41,63,0,64,,,,,
Bekasi,Bekasi Kayuringin,2026-04-14 13:00:00,38,38,26,,75,16,0,24,,,,,
Jakarta,The Pakubuwono Menteng,2026-04-14 13:42:05,74,74,21,64,,,,,45,34.7,,,
Depok,Cinere - Nafas,2026-04-14 13:42:15,93,93,32,74,,,,,0,0,,,
Bogor,Kabupaten Bogor Leuwiliang,2026-04-14 13:00:00,80,61,28,,4,9,0,80,,,,,
Tangerang,Tangerang Pasir Jaya,2026-04-13 01:00:00,-,52,24,,41,63,0,64,,,,,
Bekasi,Bekasi Kayuringin,2026-04-14 13:00:00,38,38,26,,75,16,0,24,,,,,
Jakarta,The Pakubuwono Menteng,2026-04-14 13:44:05,72,72,20,60,,,,,45,34.7,,,
Depok,Cinere - Nafas,2026-04-14 13:44:15,92,92,31,73,,,,,0,0,,,
Bogor,Kabupaten Bogor Leuwiliang,2026-04-14 13:00:00,80,61,28,,4,9,0,80,,,,,
Tangerang,Tangerang Pasir Jaya,2026-04-13 01:00:00,-,52,24,,41,63,0,64,,,,,
Bekasi,Bekasi Kayuringin,2026-04-14 13:00:00,38,38,26,,75,16,0,24,,,,,
Jakarta,The Pakubuwono Menteng,2026-04-14 13:45:06,65,65,17,53,,,,,46,34.7,,,
Depok,Cinere - Nafas,2026-04-14 13:45:15,90,90,29,71,,,,,0,0,,,
Bogor,Kabupaten Bogor Leuwiliang,2026-04-14 13:00:00,80,61,28,,4,9,0,80,,,,,
Tangerang,Tangerang Pasir Jaya,2026-04-13 01:00:00,-,52,24,,41,63,0,64,,,,,
Bekasi,Bekasi Kayuringin,2026-04-14 13:00:00,38,38,26,,75,16,0,24,,,,,
Jakarta,The Pakubuwono Menteng,2026-04-14 13:46:06,72,72,20,57,,,,,45,34.7,,,
Depok,Cinere - Nafas,2026-04-14 13:46:15,92,92,31,73,,,,,0,0,,,
Bogor,Kabupaten Bogor Leuwiliang,2026-04-14 13:00:00,80,61,28,,4,9,0,80,,,,,
Tangerang,Tangerang Pasir Jaya,2026-04-13 01:00:00,-,52,24,,41,63,0,64,,,,,
Bekasi,Bekasi Kayuringin,2026-04-14 13:00:00,38,38,26,,75,16,0,24,,,,,
Jakarta,The Pakubuwono Menteng,2026-04-14 13:46:06,72,72,20,57,,,,,45,34.7,,,
Depok,Cinere - Nafas,2026-04-14 13:46:15,92,92,31,73,,,,,0,0,,,
Bogor,Kabupaten Bogor Leuwiliang,2026-04-14 13:00:00,80,61,28,,4,9,0,80,,,,,
Tangerang,Tangerang Pasir Jaya,2026-04-13 01:00:00,-,52,24,,41,63,0,64,,,,,
Bekasi,Bekasi Kayuringin,2026-04-14 13:00:00,38,38,26,,75,16,0,24,,,,,
Jakarta,The Pakubuwono Menteng,2026-04-14 13:49:05,66,66,18,55,,,,,45,34.8,,,
Depok,Cinere - Nafas,2026-04-14 13:49:16,88,88,30,73,,,,,0,0,,,
Bogor,Kabupaten Bogor Leuwiliang,2026-04-14 13:00:00,80,61,28,,4,9,0,80,,,,,
Tangerang,Tangerang Pasir Jaya,2026-04-13 01:00:00,-,52,24,,41,63,0,64,,,,,
Bekasi,Bekasi Kayuringin,2026-04-14 13:00:00,38,38,26,,75,16,0,24,,,,,
Jakarta,The Pakubuwono Menteng,2026-04-14 13:50:05,71,71,20,58,,,,,45,34.8,,,
Depok,Cinere - Nafas,2026-04-14 13:50:16,92,92,32,73,,,,,0,0,,,
Bogor,Kabupaten Bogor Leuwiliang,2026-04-14 13:00:00,80,61,28,,4,9,0,80,,,,,
Tangerang,Tangerang Pasir Jaya,2026-04-13 01:00:00,-,52,24,,41,63,0,64,,,,,
Bekasi,Bekasi Kayuringin,2026-04-14 13:00:00,38,38,26,,75,16,0,24,,,,,
Jakarta,The Pakubuwono Menteng,2026-04-14 13:51:05,67,67,18,52,,,,,45,34.8,,,
Depok,Cinere - Nafas,2026-04-14 13:51:16,94,94,34,72,,,,,0,0,,,
Bogor,Kabupaten Bogor Leuwiliang,2026-04-14 13:00:00,80,61,28,,4,9,0,80,,,,,
Tangerang,Tangerang Pasir Jaya,2026-04-13 01:00:00,-,52,24,,41,63,0,64,,,,,
Bekasi,Bekasi Kayuringin,2026-04-14 13:00:00,38,38,26,,75,16,0,24,,,,,
Jakarta,The Pakubuwono Menteng,2026-04-14 13:52:05,64,64,17,53,,,,,45,34.8,,,
Depok,Cinere - Nafas,2026-04-14 13:52:16,96,96,34,75,,,,,0,0,,,
Bogor,Kabupaten Bogor Leuwiliang,2026-04-14 13:00:00,80,61,28,,4,9,0,80,,,,,
Tangerang,Tangerang Pasir Jaya,2026-04-13 01:00:00,-,52,24,,41,63,0,64,,,,,
Bekasi,Bekasi Kayuringin,2026-04-14 13:00:00,38,38,26,,75,16,0,24,,,,,
Jakarta,The Pakubuwono Menteng,2026-04-14 13:52:05,64,64,17,53,,,,,45,34.8,,,
Depok,Cinere - Nafas,2026-04-14 13:52:16,96,96,34,75,,,,,0,0,,,
Bogor,Kabupaten Bogor Leuwiliang,2026-04-14 13:00:00,80,61,28,,4,9,0,80,,,,,
Tangerang,Tangerang Pasir Jaya,2026-04-13 01:00:00,-,52,24,,41,63,0,64,,,,,
Bekasi,Bekasi Kayuringin,2026-04-14 13:00:00,38,38,26,,75,16,0,24,,,,,
Jakarta,The Pakubuwono Menteng,2026-04-14 13:53:05,63,63,19,49,,,,,45,34.8,,,
Depok,Cinere - Nafas,2026-04-14 13:53:16,95,95,34,72,,,,,0,0,,,
Bogor,Kabupaten Bogor Leuwiliang,2026-04-14 13:00:00,80,61,28,,4,9,0,80,,,,,
Tangerang,Tangerang Pasir Jaya,2026-04-13 01:00:00,-,52,24,,41,63,0,64,,,,,
Bekasi,Bekasi Kayuringin,2026-04-14 13:00:00,38,38,26,,75,16,0,24,,,,,
Jakarta,The Pakubuwono Menteng,2026-04-14 13:56:05,68,68,21,50,,,,,45,34.8,,,
Depok,Cinere - Nafas,2026-04-14 13:56:16,91,91,32,72,,,,,0,0,,,
Bogor,Kabupaten Bogor Leuwiliang,2026-04-14 13:00:00,80,61,28,,4,9,0,80,,,,,
Tangerang,Tangerang Pasir Jaya,2026-04-13 01:00:00,-,52,24,,41,63,0,64,,,,,
Bekasi,Bekasi Kayuringin,2026-04-14 13:00:00,38,38,26,,75,16,0,24,,,,,
Jakarta,The Pakubuwono Menteng,2026-04-14 13:57:06,73,73,22,59,,,,,45,34.9,,,
Depok,Cinere - Nafas,2026-04-14 13:58:16,91,91,34,72,,,,,0,0,,,
Bogor,Kabupaten Bogor Leuwiliang,2026-04-14 13:00:00,80,61,28,,4,9,0,80,,,,,
Tangerang,Tangerang Pasir Jaya,2026-04-13 01:00:00,-,52,24,,41,63,0,64,,,,,
Bekasi,Bekasi Kayuringin,2026-04-14 13:00:00,38,38,26,,75,16,0,24,,,,,
Jakarta,The Pakubuwono Menteng,2026-04-14 13:58:06,65,65,17,53,,,,,45,34.9,,,
Depok,Cinere - Nafas,2026-04-14 13:58:16,91,91,34,72,,,,,0,0,,,
Bogor,Kabupaten Bogor Leuwiliang,2026-04-14 13:00:00,80,61,28,,4,9,0,80,,,,,
Tangerang,Tangerang Pasir Jaya,2026-04-13 01:00:00,-,52,24,,41,63,0,64,,,,,
Bekasi,Bekasi Kayuringin,2026-04-14 13:00:00,38,38,26,,75,16,0,24,,,,,
Jakarta,The Pakubuwono Menteng,2026-04-14 13:59:05,64,64,20,51,,,,,45,35,,,
Depok,Cinere - Nafas,2026-04-14 13:59:16,96,96,34,75,,,,,0,0,,,
Bogor,Kabupaten Bogor Leuwiliang,2026-04-14 13:00:00,80,61,28,,4,9,0,80,,,,,
Tangerang,Tangerang Pasir Jaya,2026-04-13 01:00:00,-,52,24,,41,63,0,64,,,,,
Bekasi,Bekasi Kayuringin,2026-04-14 13:00:00,38,38,26,,75,16,0,24,,,,,
Jakarta,The Pakubuwono Menteng,2026-04-14 14:00:06,64,64,18,54,,,,,45,35,,,
Depok,Cinere - Nafas,2026-04-14 14:00:16,91,91,31,72,,,,,0,0,,,
Bogor,Kabupaten Bogor Leuwiliang,2026-04-14 13:00:00,80,61,28,,4,9,0,80,,,,,
Tangerang,Tangerang Pasir Jaya,2026-04-13 01:00:00,-,52,24,,41,63,0,64,,,,,
Bekasi,Bekasi Kayuringin,2026-04-14 13:00:00,38,38,26,,75,16,0,24,,,,,
Jakarta,The Pakubuwono Menteng,2026-04-14 14:02:05,65,65,20,54,,,,,45,34.9,,,
Depok,Cinere - Nafas,2026-04-14 14:02:16,93,93,32,74,,,,,0,0,,,
Bogor,Kabupaten Bogor Leuwiliang,2026-04-14 13:00:00,80,61,28,,4,9,0,80,,,,,
Tangerang,Tangerang Pasir Jaya,2026-04-13 01:00:00,-,52,24,,41,63,0,64,,,,,
Bekasi,Bekasi Kayuringin,2026-04-14 13:00:00,38,38,26,,75,16,0,24,,,,,
Jakarta,The Pakubuwono Menteng,2026-04-14 14:03:06,65,65,20,52,,,,,45,34.9,,,
Depok,Cinere - Nafas,2026-04-14 14:03:18,95,95,35,76,,,,,0,0,,,
Bogor,Kabupaten Bogor Leuwiliang,2026-04-14 13:00:00,80,61,28,,4,9,0,80,,,,,
Tangerang,Tangerang Pasir Jaya,2026-04-13 01:00:00,-,52,24,,41,63,0,64,,,,,
Bekasi,Bekasi Kayuringin,2026-04-14 13:00:00,38,38,26,,75,16,0,24,,,,,
Jakarta,The Pakubuwono Menteng,2026-04-14 14:04:06,70,70,20,53,,,,,45,34.9,,,
Depok,Cinere - Nafas,2026-04-14 14:04:18,106,106,41,78,,,,,0,0,,,
Bogor,Kabupaten Bogor Leuwiliang,2026-04-14 13:00:00,80,61,28,,4,9,0,80,,,,,
Tangerang,Tangerang Pasir Jaya,2026-04-13 01:00:00,-,52,24,,41,63,0,64,,,,,
Bekasi,Bekasi Kayuringin,2026-04-14 13:00:00,38,38,26,,75,16,0,24,,,,,
Jakarta,The Pakubuwono Menteng,2026-04-14 14:05:06,73,73,21,56,,,,,45,34.9,,,
Depok,Cinere - Nafas,2026-04-14 14:05:19,106,106,41,81,,,,,0,0,,,
Bogor,Kabupaten Bogor Leuwiliang,2026-04-14 13:00:00,80,61,28,,4,9,0,80,,,,,
Tangerang,Tangerang Pasir Jaya,2026-04-13 01:00:00,-,52,24,,41,63,0,64,,,,,
Bekasi,Bekasi Kayuringin,2026-04-14 13:00:00,38,38,26,,75,16,0,24,,,,,
Jakarta,The Pakubuwono Menteng,2026-04-14 14:07:06,70,70,21,54,,,,,45,34.9,,,
Depok,Cinere - Nafas,2026-04-14 14:07:18,120,120,49,90,,,,,0,0,,,
Bogor,Kabupaten Bogor Leuwiliang,2026-04-14 13:00:00,80,61,28,,4,9,0,80,,,,,
Tangerang,Tangerang Pasir Jaya,2026-04-13 01:00:00,-,52,24,,41,63,0,64,,,,,
Bekasi,Bekasi Kayuringin,2026-04-14 13:00:00,38,38,26,,75,16,0,24,,,,,
Jakarta,The Pakubuwono Menteng,2026-04-14 14:08:06,67,67,20,51,,,,,45,34.9,,,
Depok,Cinere - Nafas,2026-04-14 14:08:18,117,117,47,85,,,,,0,0,,,
Bogor,Kabupaten Bogor Leuwiliang,2026-04-14 14:00:00,80,61,28,,4,9,0,80,,,,,
Tangerang,Tangerang Pasir Jaya,2026-04-13 01:00:00,-,52,24,,41,63,0,64,,,,,
Bekasi,Bekasi Kayuringin,2026-04-14 14:00:00,38,38,26,,75,16,0,24,,,,,
Jakarta,The Pakubuwono Menteng,2026-04-14 14:09:09,70,70,19,52,,,,,45,34.9,,,
Depok,Cinere - Nafas,2026-04-14 14:09:18,124,124,51,87,,,,,0,0,,,
Bogor,Kabupaten Bogor Leuwiliang,2026-04-14 14:00:00,80,61,28,,4,9,0,80,,,,,
Tangerang,Tangerang Pasir Jaya,2026-04-13 01:00:00,-,52,24,,41,63,0,64,,,,,
Bekasi,Bekasi Kayuringin,2026-04-14 14:00:00,38,38,26,,75,16,0,24,,,,,
Jakarta,The Pakubuwono Menteng,2026-04-14 14:10:06,69,69,20,52,,,,,45,34.9,,,
Depok,Cinere - Nafas,2026-04-14 14:10:18,108,108,43,83,,,,,0,0,,,
Bogor,Kabupaten Bogor Leuwiliang,2026-04-14 14:00:00,80,61,28,,4,9,0,80,,,,,
Tangerang,Tangerang Pasir Jaya,2026-04-13 01:00:00,-,52,24,,41,63,0,64,,,,,
Bekasi,Bekasi Kayuringin,2026-04-14 14:00:00,38,38,26,,75,16,0,24,,,,,
Jakarta,The Pakubuwono Menteng,2026-04-14 14:12:06,69,69,19,47,,,,,45,34.9,,,
Depok,Cinere - Nafas,2026-04-14 14:12:18,123,123,51,87,,,,,0,0,,,
Bogor,Kabupaten Bogor Leuwiliang,2026-04-14 14:00:00,80,61,28,,4,9,0,80,,,,,
Tangerang,Tangerang Pasir Jaya,2026-04-13 01:00:00,-,52,24,,41,63,0,64,,,,,
Bekasi,Bekasi Kayuringin,2026-04-14 14:00:00,38,38,26,,75,16,0,24,,,,,
Jakarta,The Pakubuwono Menteng,2026-04-14 14:13:06,66,66,18,50,,,,,45,34.9,,,
Depok,Cinere - Nafas,2026-04-14 14:13:18,102,102,42,79,,,,,0,0,,,
Bogor,Kabupaten Bogor Leuwiliang,2026-04-14 14:00:00,80,61,28,,4,9,0,80,,,,,
Tangerang,Tangerang Pasir Jaya,2026-04-13 01:00:00,-,52,24,,41,63,0,64,,,,,
Bekasi,Bekasi Kayuringin,2026-04-14 14:00:00,38,38,26,,75,16,0,24,,,,,
Jakarta,The Pakubuwono Menteng,2026-04-14 14:14:06,65,65,17,49,,,,,45,34.9,,,
Depok,Cinere - Nafas,2026-04-14 14:14:18,103,103,39,79,,,,,0,0,,,
Bogor,Kabupaten Bogor Leuwiliang,2026-04-14 14:00:00,80,61,28,,4,9,0,80,,,,,
Tangerang,Tangerang Pasir Jaya,2026-04-13 01:00:00,-,52,24,,41,63,0,64,,,,,
Bekasi,Bekasi Kayuringin,2026-04-14 14:00:00,38,38,26,,75,16,0,24,,,,,
Jakarta,The Pakubuwono Menteng,2026-04-14 14:15:06,66,66,18,51,,,,,45,34.9,,,
Depok,Cinere - Nafas,2026-04-14 14:15:18,101,101,42,77,,,,,0,0,,,
Bogor,Kabupaten Bogor Leuwiliang,2026-04-14 14:00:00,80,61,28,,4,9,0,80,,,,,
Tangerang,Tangerang Pasir Jaya,2026-04-13 01:00:00,-,52,24,,41,63,0,64,,,,,
Bekasi,Bekasi Kayuringin,2026-04-14 14:00:00,38,38,26,,75,16,0,24,,,,,
Jakarta,The Pakubuwono Menteng,2026-04-14 14:16:06,66,66,19,50,,,,,45,35,,,
Depok,Cinere - Nafas,2026-04-14 14:16:18,101,101,39,78,,,,,0,0,,,
Bogor,Kabupaten Bogor Leuwiliang,2026-04-14 14:00:00,80,61,28,,4,9,0,80,,,,,
Tangerang,Tangerang Pasir Jaya,2026-04-13 01:00:00,-,52,24,,41,63,0,64,,,,,
Bekasi,Bekasi Kayuringin,2026-04-14 14:00:00,38,38,26,,75,16,0,24,,,,,
Jakarta,The Pakubuwono Menteng,2026-04-14 14:18:06,63,63,20,42,,,,,44,35,,,
Depok,Cinere - Nafas,2026-04-14 14:17:18,102,102,41,80,,,,,0,0,,,
Bogor,Kabupaten Bogor Leuwiliang,2026-04-14 14:00:00,80,61,28,,4,9,0,80,,,,,
Tangerang,Tangerang Pasir Jaya,2026-04-13 01:00:00,-,52,24,,41,63,0,64,,,,,
Bekasi,Bekasi Kayuringin,2026-04-14 14:00:00,38,38,26,,75,16,0,24,,,,,
Jakarta,The Pakubuwono Menteng,2026-04-14 14:19:06,63,63,17,47,,,,,44,35.09,,,
Depok,Cinere - Nafas,2026-04-14 14:19:39,121,121,48,88,,,,,0,0,,,
Bogor,Kabupaten Bogor Leuwiliang,2026-04-14 14:00:00,80,61,28,,4,9,0,80,,,,,
Tangerang,Tangerang Pasir Jaya,2026-04-13 01:00:00,-,52,24,,41,63,0,64,,,,,
Bekasi,Bekasi Kayuringin,2026-04-14 14:00:00,38,38,26,,75,16,0,24,,,,,
Jakarta,The Pakubuwono Menteng,2026-04-14 14:20:06,64,64,21,50,,,,,44,35.09,,,
Depok,Cinere - Nafas,2026-04-14 14:20:39,122,122,50,87,,,,,0,0,,,
Bogor,Kabupaten Bogor Leuwiliang,2026-04-14 14:00:00,80,61,28,,4,9,0,80,,,,,
Tangerang,Tangerang Pasir Jaya,2026-04-13 01:00:00,-,52,24,,41,63,0,64,,,,,
Bekasi,Bekasi Kayuringin,2026-04-14 14:00:00,38,38,26,,75,16,0,24,,,,,
Jakarta,The Pakubuwono Menteng,2026-04-14 14:21:06,66,66,20,47,,,,,44,35.2,,,
Depok,Cinere - Nafas,2026-04-14 14:21:39,121,121,49,87,,,,,0,0,,,
Bogor,Kabupaten Bogor Leuwiliang,2026-04-14 14:00:00,80,61,28,,4,9,0,80,,,,,
Tangerang,Tangerang Pasir Jaya,2026-04-13 01:00:00,-,52,24,,41,63,0,64,,,,,
Bekasi,Bekasi Kayuringin,2026-04-14 14:00:00,38,38,26,,75,16,0,24,,,,,
Jakarta,The Pakubuwono Menteng,2026-04-14 14:22:06,65,65,17,39,,,,,44,35.2,,,
Depok,Cinere - Nafas,2026-04-14 14:22:39,121,121,50,88,,,,,0,0,,,
Bogor,Kabupaten Bogor Leuwiliang,2026-04-14 14:00:00,80,61,28,,4,9,0,80,,,,,
Tangerang,Tangerang Pasir Jaya,2026-04-13 01:00:00,-,52,24,,41,63,0,64,,,,,
Bekasi,Bekasi Kayuringin,2026-04-14 14:00:00,38,38,26,,75,16,0,24,,,,,
Jakarta,The Pakubuwono Menteng,2026-04-14 14:24:06,64,64,17,42,,,,,44,35.2,,,
Depok,Cinere - Nafas,2026-04-14 14:24:39,118,118,48,87,,,,,0,0,,,
Bogor,Kabupaten Bogor Leuwiliang,2026-04-14 14:00:00,80,61,28,,4,9,0,80,,,,,
Tangerang,Tangerang Pasir Jaya,2026-04-13 01:00:00,-,52,24,,41,63,0,64,,,,,
Bekasi,Bekasi Kayuringin,2026-04-14 14:00:00,38,38,26,,75,16,0,24,,,,,
Jakarta,The Pakubuwono Menteng,2026-04-14 14:24:06,64,64,17,42,,,,,44,35.2,,,
Depok,Cinere - Nafas,2026-04-14 14:25:39,116,116,45,85,,,,,0,0,,,
Bogor,Kabupaten Bogor Leuwiliang,2026-04-14 14:00:00,80,61,28,,4,9,0,80,,,,,
Tangerang,Tangerang Pasir Jaya,2026-04-13 01:00:00,-,52,24,,41,63,0,64,,,,,
Bekasi,Bekasi Kayuringin,2026-04-14 14:00:00,38,38,26,,75,16,0,24,,,,,
Jakarta,The Pakubuwono Menteng,2026-04-14 14:26:06,66,66,20,55,,,,,44,35.09,,,
Depok,Cinere - Nafas,2026-04-14 14:26:39,112,112,45,83,,,,,0,0,,,
Bogor,Kabupaten Bogor Leuwiliang,2026-04-14 14:00:00,80,61,28,,4,9,0,80,,,,,
Tangerang,Tangerang Pasir Jaya,2026-04-13 01:00:00,-,52,24,,41,63,0,64,,,,,
Bekasi,Bekasi Kayuringin,2026-04-14 14:00:00,38,38,26,,75,16,0,24,,,,,
Jakarta,The Pakubuwono Menteng,2026-04-14 14:27:06,69,69,20,53,,,,,45,35.09,,,
Depok,Cinere - Nafas,2026-04-14 14:27:39,115,115,45,83,,,,,0,0,,,
Bogor,Kabupaten Bogor Leuwiliang,2026-04-14 14:00:00,80,61,28,,4,9,0,80,,,,,
Tangerang,Tangerang Pasir Jaya,2026-04-13 01:00:00,-,52,24,,41,63,0,64,,,,,
Bekasi,Bekasi Kayuringin,2026-04-14 14:00:00,38,38,26,,75,16,0,24,,,,,
Jakarta,The Pakubuwono Menteng,2026-04-14 14:29:06,66,66,18,51,,,,,45,35.09,,,
Depok,Cinere - Nafas,2026-04-14 14:29:39,115,115,45,83,,,,,0,0,,,
Bogor,Kabupaten Bogor Leuwiliang,2026-04-14 14:00:00,80,61,28,,4,9,0,80,,,,,
Tangerang,Tangerang Pasir Jaya,2026-04-13 01:00:00,-,52,24,,41,63,0,64,,,,,
Bekasi,Bekasi Kayuringin,2026-04-14 14:00:00,38,38,26,,75,16,0,24,,,,,
Jakarta,The Pakubuwono Menteng,2026-04-14 14:30:07,63,63,17,50,,,,,45,35.09,,,
Depok,Cinere - Nafas,2026-04-14 14:30:39,116,116,46,85,,,,,0,0,,,
Bogor,Kabupaten Bogor Leuwiliang,2026-04-14 14:00:00,80,61,28,,4,9,0,80,,,,,
Tangerang,Tangerang Pasir Jaya,2026-04-13 01:00:00,-,52,24,,41,63,0,64,,,,,
Bekasi,Bekasi Kayuringin,2026-04-14 14:00:00,38,38,26,,75,16,0,24,,,,,
Jakarta,The Pakubuwono Menteng,2026-04-14 14:31:06,67,67,19,54,,,,,45,35.2,,,
Depok,Cinere - Nafas,2026-04-14 14:31:39,124,124,50,88,,,,,0,0,,,
Bogor,Kabupaten Bogor Leuwiliang,2026-04-14 14:00:00,80,61,28,,4,9,0,80,,,,,
Tangerang,Tangerang Pasir Jaya,2026-04-13 01:00:00,-,52,24,,41,63,0,64,,,,,
Bekasi,Bekasi Kayuringin,2026-04-14 14:00:00,38,38,26,,75,16,0,24,,,,,
Jakarta,The Pakubuwono Menteng,2026-04-14 14:31:06,67,67,19,54,,,,,45,35.2,,,
Depok,Cinere - Nafas,2026-04-14 14:31:39,124,124,50,88,,,,,0,0,,,
Bogor,Kabupaten Bogor Leuwiliang,2026-04-14 14:00:00,80,61,28,,4,9,0,80,,,,,
Tangerang,Tangerang Pasir Jaya,2026-04-13 01:00:00,-,52,24,,41,63,0,64,,,,,
Bekasi,Bekasi Kayuringin,2026-04-14 14:00:00,38,38,26,,75,16,0,24,,,,,
Jakarta,The Pakubuwono Menteng,2026-04-14 14:32:06,62,62,17,35,,,,,44,35.2,,,
Depok,Cinere - Nafas,2026-04-14 14:32:39,128,128,52,91,,,,,0,0,,,
Bogor,Kabupaten Bogor Leuwiliang,2026-04-14 14:00:00,80,61,28,,4,9,0,80,,,,,
Tangerang,Tangerang Pasir Jaya,2026-04-13 01:00:00,-,52,24,,41,63,0,64,,,,,
Bekasi,Bekasi Kayuringin,2026-04-14 14:00:00,38,38,26,,75,16,0,24,,,,,
Jakarta,The Pakubuwono Menteng,2026-04-14 14:35:08,66,66,19,48,,,,,44,35.2,,,
Depok,Cinere - Nafas,2026-04-14 14:35:39,112,112,44,83,,,,,0,0,,,
Bogor,Kabupaten Bogor Leuwiliang,2026-04-14 14:00:00,80,61,28,,4,9,0,80,,,,,
Tangerang,Tangerang Pasir Jaya,2026-04-13 01:00:00,-,52,24,,41,63,0,64,,,,,
Bekasi,Bekasi Kayuringin,2026-04-14 14:00:00,38,38,26,,75,16,0,24,,,,,
Jakarta,The Pakubuwono Menteng,2026-04-14 14:36:20,67,67,18,54,,,,,44,35.2,,,
Depok,Cinere - Nafas,2026-04-14 14:36:39,111,111,42,81,,,,,0,0,,,
Bogor,Kabupaten Bogor Leuwiliang,2026-04-14 14:00:00,80,61,28,,4,9,0,80,,,,,
Tangerang,Tangerang Pasir Jaya,2026-04-13 01:00:00,-,52,24,,41,63,0,64,,,,,
Bekasi,Bekasi Kayuringin,2026-04-14 14:00:00,38,38,26,,75,16,0,24,,,,,
Jakarta,The Pakubuwono Menteng,2026-04-14 14:37:06,58,58,15,34,,,,,44,35.2,,,
Depok,Cinere - Nafas,2026-04-14 14:37:39,102,102,39,75,,,,,0,0,,,
Bogor,Kabupaten Bogor Leuwiliang,2026-04-14 14:00:00,80,61,28,,4,9,0,80,,,,,
Tangerang,Tangerang Pasir Jaya,2026-04-13 01:00:00,-,52,24,,41,63,0,64,,,,,
Bekasi,Bekasi Kayuringin,2026-04-14 14:00:00,38,38,26,,75,16,0,24,,,,,
Jakarta,The Pakubuwono Menteng,2026-04-14 14:39:12,59,59,17,41,,,,,44,35.2,,,
Depok,Cinere - Nafas,2026-04-14 14:39:39,103,103,41,75,,,,,0,0,,,
Bogor,Kabupaten Bogor Leuwiliang,2026-04-14 14:00:00,80,61,28,,4,9,0,80,,,,,
Tangerang,Tangerang Pasir Jaya,2026-04-13 01:00:00,-,52,24,,41,63,0,64,,,,,
Bekasi,Bekasi Kayuringin,2026-04-14 14:00:00,38,38,26,,75,16,0,24,,,,,
Jakarta,The Pakubuwono Menteng,2026-04-14 14:39:12,59,59,17,41,,,,,44,35.2,,,
Depok,Cinere - Nafas,2026-04-14 14:39:39,103,103,41,75,,,,,0,0,,,
Bogor,Kabupaten Bogor Leuwiliang,2026-04-14 14:00:00,80,61,28,,4,9,0,80,,,,,
Tangerang,Tangerang Pasir Jaya,2026-04-13 01:00:00,-,52,24,,41,63,0,64,,,,,
Bekasi,Bekasi Kayuringin,2026-04-14 14:00:00,38,38,26,,75,16,0,24,,,,,
Jakarta,The Pakubuwono Menteng,2026-04-14 14:40:07,64,64,17,46,,,,,44,35.2,,,
Depok,Cinere - Nafas,2026-04-14 14:40:39,111,111,43,81,,,,,0,0,,,
Bogor,Kabupaten Bogor Leuwiliang,2026-04-14 14:00:00,80,61,28,,4,9,0,80,,,,,
Tangerang,Tangerang Pasir Jaya,2026-04-13 01:00:00,-,52,24,,41,63,0,64,,,,,
Bekasi,Bekasi Kayuringin,2026-04-14 14:00:00,38,38,26,,75,16,0,24,,,,,
Jakarta,The Pakubuwono Menteng,2026-04-14 14:41:06,59,59,15,40,,,,,44,35.2,,,
Depok,Cinere - Nafas,2026-04-14 14:41:39,116,116,45,86,,,,,0,0,,,
Bogor,Kabupaten Bogor Leuwiliang,2026-04-14 14:00:00,80,61,28,,4,9,0,80,,,,,
Tangerang,Tangerang Pasir Jaya,2026-04-13 01:00:00,-,52,24,,41,63,0,64,,,,,
Bekasi,Bekasi Kayuringin,2026-04-14 14:00:00,38,38,26,,75,16,0,24,,,,,
Jakarta,The Pakubuwono Menteng,2026-04-14 14:42:06,56,56,15,33,,,,,44,35.09,,,
Depok,Cinere - Nafas,2026-04-14 14:42:39,115,115,45,83,,,,,0,0,,,
Bogor,Kabupaten Bogor Leuwiliang,2026-04-14 14:00:00,80,61,28,,4,9,0,80,,,,,
Tangerang,Tangerang Pasir Jaya,2026-04-13 01:00:00,-,52,24,,41,63,0,64,,,,,
Bekasi,Bekasi Kayuringin,2026-04-14 14:00:00,38,38,26,,75,16,0,24,,,,,
Jakarta,The Pakubuwono Menteng,2026-04-14 14:45:06,62,62,17,42,,,,,44,34.9,,,
Depok,Cinere - Nafas,2026-04-14 14:45:39,96,96,35,74,,,,,0,0,,,
Bogor,Kabupaten Bogor Leuwiliang,2026-04-14 14:00:00,80,61,28,,4,9,0,80,,,,,
Tangerang,Tangerang Pasir Jaya,2026-04-13 01:00:00,-,52,24,,41,63,0,64,,,,,
Bekasi,Bekasi Kayuringin,2026-04-14 14:00:00,38,38,26,,75,16,0,24,,,,,
Jakarta,The Pakubuwono Menteng,2026-04-14 14:46:06,55,55,16,30,,,,,45,34.8,,,
Depok,Cinere - Nafas,2026-04-14 14:46:39,84,84,25,67,,,,,0,0,,,
Bogor,Kabupaten Bogor Leuwiliang,2026-04-14 14:00:00,80,61,28,,4,9,0,80,,,,,
Tangerang,Tangerang Pasir Jaya,2026-04-13 01:00:00,-,52,24,,41,63,0,64,,,,,
Bekasi,Bekasi Kayuringin,2026-04-14 14:00:00,38,38,26,,75,16,0,24,,,,,
Jakarta,The Pakubuwono Menteng,2026-04-14 14:47:06,55,55,16,33,,,,,45,34.7,,,
Depok,Cinere - Nafas,2026-04-14 14:47:39,68,68,21,45,,,,,0,0,,,
Bogor,Kabupaten Bogor Leuwiliang,2026-04-14 14:00:00,80,61,28,,4,9,0,80,,,,,
Tangerang,Tangerang Pasir Jaya,2026-04-13 01:00:00,-,52,24,,41,63,0,64,,,,,
Bekasi,Bekasi Kayuringin,2026-04-14 14:00:00,38,38,26,,75,16,0,24,,,,,
Jakarta,The Pakubuwono Menteng,2026-04-14 14:47:06,55,55,16,33,,,,,45,34.7,,,
Depok,Cinere - Nafas,2026-04-14 14:47:39,68,68,21,45,,,,,0,0,,,
Bogor,Kabupaten Bogor Leuwiliang,2026-04-14 14:00:00,80,61,28,,4,9,0,80,,,,,
Tangerang,Tangerang Pasir Jaya,2026-04-13 01:00:00,-,52,24,,41,63,0,64,,,,,
Bekasi,Bekasi Kayuringin,2026-04-14 14:00:00,38,38,26,,75,16,0,24,,,,,
Jakarta,The Pakubuwono Menteng,2026-04-14 14:48:06,63,63,17,48,,,,,45,34.59,,,
Depok,Cinere - Nafas,2026-04-14 14:48:39,26,26,7,11,,,,,0,0,,,
Bogor,Kabupaten Bogor Leuwiliang,2026-04-14 14:00:00,80,61,28,,4,9,0,80,,,,,
Tangerang,Tangerang Pasir Jaya,2026-04-13 01:00:00,-,52,24,,41,63,0,64,,,,,
Bekasi,Bekasi Kayuringin,2026-04-14 14:00:00,38,38,26,,75,16,0,24,,,,,
Jakarta,The Pakubuwono Menteng,2026-04-14 14:50:06,62,62,17,38,,,,,46,34.2,,,
Depok,Cinere - Nafas,2026-04-14 14:50:39,6,6,1,0,,,,,0,0,,,
Bogor,Kabupaten Bogor Leuwiliang,2026-04-14 14:00:00,80,61,28,,4,9,0,80,,,,,
Tangerang,Tangerang Pasir Jaya,2026-04-13 01:00:00,-,52,24,,41,63,0,64,,,,,
Bekasi,Bekasi Kayuringin,2026-04-14 14:00:00,38,38,26,,75,16,0,24,,,,,
Jakarta,The Pakubuwono Menteng,2026-04-14 14:51:07,58,58,16,38,,,,,46,34.09,,,
Depok,Cinere - Nafas,2026-04-14 14:51:39,9,9,3,0,,,,,0,0,,,
Bogor,Kabupaten Bogor Leuwiliang,2026-04-14 14:00:00,80,61,28,,4,9,0,80,,,,,
Tangerang,Tangerang Pasir Jaya,2026-04-13 01:00:00,-,52,24,,41,63,0,64,,,,,
Bekasi,Bekasi Kayuringin,2026-04-14 14:00:00,38,38,26,,75,16,0,24,,,,,
Jakarta,The Pakubuwono Menteng,2026-04-14 14:52:10,59,59,17,37,,,,,46,34,,,
Depok,Cinere - Nafas,2026-04-14 14:52:40,15,15,3,0,,,,,0,0,,,
Bogor,Kabupaten Bogor Leuwiliang,2026-04-14 14:00:00,80,61,28,,4,9,0,80,,,,,
Tangerang,Tangerang Pasir Jaya,2026-04-13 01:00:00,-,52,24,,41,63,0,64,,,,,
Bekasi,Bekasi Kayuringin,2026-04-14 14:00:00,38,38,26,,75,16,0,24,,,,,
Jakarta,The Pakubuwono Menteng,2026-04-14 14:54:07,63,63,20,51,,,,,47,33.8,,,
Depok,Cinere - Nafas,2026-04-14 14:54:39,19,19,5,3,,,,,0,0,,,
Bogor,Kabupaten Bogor Leuwiliang,2026-04-14 14:00:00,80,61,28,,4,9,0,80,,,,,
Tangerang,Tangerang Pasir Jaya,2026-04-13 01:00:00,-,52,24,,41,63,0,64,,,,,
Bekasi,Bekasi Kayuringin,2026-04-14 14:00:00,38,38,26,,75,16,0,24,,,,,
Jakarta,The Pakubuwono Menteng,2026-04-14 14:56:07,67,67,18,53,,,,,47,33.59,,,
Depok,Cinere - Nafas,2026-04-14 14:56:40,50,50,15,24,,,,,0,0,,,
Bogor,Kabupaten Bogor Leuwiliang,2026-04-14 14:00:00,80,61,28,,4,9,0,80,,,,,
Tangerang,Tangerang Pasir Jaya,2026-04-13 01:00:00,-,52,24,,41,63,0,64,,,,,
Bekasi,Bekasi Kayuringin,2026-04-14 14:00:00,38,38,26,,75,16,0,24,,,,,
Jakarta,The Pakubuwono Menteng,2026-04-14 14:56:07,67,67,18,53,,,,,47,33.59,,,
Depok,Cinere - Nafas,2026-04-14 14:56:40,50,50,15,24,,,,,0,0,,,
Bogor,Kabupaten Bogor Leuwiliang,2026-04-14 14:00:00,80,61,28,,4,9,0,80,,,,,
Tangerang,Tangerang Pasir Jaya,2026-04-13 01:00:00,-,52,24,,41,63,0,64,,,,,
Bekasi,Bekasi Kayuringin,2026-04-14 14:00:00,38,38,26,,75,16,0,24,,,,,
Jakarta,The Pakubuwono Menteng,2026-04-14 14:57:07,72,72,21,56,,,,,48,33.59,,,
Depok,Cinere - Nafas,2026-04-14 14:57:40,60,60,16,24,,,,,0,0,,,
Bogor,Kabupaten Bogor Leuwiliang,2026-04-14 14:00:00,80,61,28,,4,9,0,80,,,,,
Tangerang,Tangerang Pasir Jaya,2026-04-13 01:00:00,-,52,24,,41,63,0,64,,,,,
Bekasi,Bekasi Kayuringin,2026-04-14 14:00:00,38,38,26,,75,16,0,24,,,,,
Jakarta,The Pakubuwono Menteng,2026-04-14 14:58:07,70,70,20,52,,,,,47,33.5,,,
Depok,Cinere - Nafas,2026-04-14 14:58:40,33,33,8,16,,,,,0,0,,,
Bogor,Kabupaten Bogor Leuwiliang,2026-04-14 14:00:00,80,61,28,,4,9,0,80,,,,,
Tangerang,Tangerang Pasir Jaya,2026-04-13 01:00:00,-,52,24,,41,63,0,64,,,,,
Bekasi,Bekasi Kayuringin,2026-04-14 14:00:00,38,38,26,,75,16,0,24,,,,,
Jakarta,The Pakubuwono Menteng,2026-04-14 14:59:07,66,66,18,43,,,,,48,33.4,,,
Depok,Cinere - Nafas,2026-04-14 14:59:40,50,50,12,25,,,,,0,0,,,
Bogor,Kabupaten Bogor Leuwiliang,2026-04-14 14:00:00,80,61,28,,4,9,0,80,,,,,
Tangerang,Tangerang Pasir Jaya,2026-04-13 01:00:00,-,52,24,,41,63,0,64,,,,,
Bekasi,Bekasi Kayuringin,2026-04-14 14:00:00,38,38,26,,75,16,0,24,,,,,
Jakarta,The Pakubuwono Menteng,2026-04-14 15:01:07,62,62,18,43,,,,,48,33.2,,,
Depok,Cinere - Nafas,2026-04-14 15:01:40,71,71,21,33,,,,,0,0,,,
Bogor,Kabupaten Bogor Leuwiliang,2026-04-14 14:00:00,80,61,28,,4,9,0,80,,,,,
Tangerang,Tangerang Pasir Jaya,2026-04-13 01:00:00,-,52,24,,41,63,0,64,,,,,
Bekasi,Bekasi Kayuringin,2026-04-14 14:00:00,38,38,26,,75,16,0,24,,,,,
Jakarta,The Pakubuwono Menteng,2026-04-14 15:02:07,61,61,16,42,,,,,48,33.09,,,
Depok,Cinere - Nafas,2026-04-14 15:02:40,62,62,17,24,,,,,0,0,,,
Bogor,Kabupaten Bogor Leuwiliang,2026-04-14 14:00:00,80,61,28,,4,9,0,80,,,,,
Tangerang,Tangerang Pasir Jaya,2026-04-13 01:00:00,-,52,24,,41,63,0,64,,,,,
Bekasi,Bekasi Kayuringin,2026-04-14 14:00:00,38,38,26,,75,16,0,24,,,,,
Jakarta,The Pakubuwono Menteng,2026-04-14 15:04:07,67,67,18,41,,,,,49,33,,,
Depok,Cinere - Nafas,2026-04-14 15:04:40,37,37,9,21,,,,,0,0,,,
Bogor,Kabupaten Bogor Leuwiliang,2026-04-14 14:00:00,80,61,28,,4,9,0,80,,,,,
Tangerang,Tangerang Pasir Jaya,2026-04-13 01:00:00,-,52,24,,41,63,0,64,,,,,
Bekasi,Bekasi Kayuringin,2026-04-14 14:00:00,38,38,26,,75,16,0,24,,,,,
Jakarta,The Pakubuwono Menteng,2026-04-14 15:05:07,62,62,17,47,,,,,49,33,,,
Depok,Cinere - Nafas,2026-04-14 15:05:40,53,53,14,20,,,,,0,0,,,
Bogor,Kabupaten Bogor Leuwiliang,2026-04-14 14:00:00,80,61,28,,4,9,0,80,,,,,
Tangerang,Tangerang Pasir Jaya,2026-04-13 01:00:00,-,52,24,,41,63,0,64,,,,,
Bekasi,Bekasi Kayuringin,2026-04-14 14:00:00,38,38,26,,75,16,0,24,,,,,
Jakarta,The Pakubuwono Menteng,2026-04-14 15:06:07,58,58,15,39,,,,,49,32.9,,,
Depok,Cinere - Nafas,2026-04-14 15:06:40,55,55,15,26,,,,,0,0,,,
Bogor,Kabupaten Bogor Leuwiliang,2026-04-14 14:00:00,80,61,28,,4,9,0,80,,,,,
Tangerang,Tangerang Pasir Jaya,2026-04-13 01:00:00,-,52,24,,41,63,0,64,,,,,
Bekasi,Bekasi Kayuringin,2026-04-14 14:00:00,38,38,26,,75,16,0,24,,,,,
Jakarta,The Pakubuwono Menteng,2026-04-14 15:07:07,63,63,18,37,,,,,49,32.9,,,
Depok,Cinere - Nafas,2026-04-14 15:07:40,55,55,16,17,,,,,0,0,,,
Bogor,Kabupaten Bogor Leuwiliang,2026-04-14 14:00:00,80,61,28,,4,9,0,80,,,,,
Tangerang,Tangerang Pasir Jaya,2026-04-13 01:00:00,-,52,24,,41,63,0,64,,,,,
Bekasi,Bekasi Kayuringin,2026-04-14 14:00:00,38,38,26,,75,16,0,24,,,,,
Jakarta,The Pakubuwono Menteng,2026-04-14 15:08:07,64,64,17,44,,,,,49,32.9,,,
Depok,Cinere - Nafas,2026-04-14 15:08:40,53,53,15,15,,,,,0,0,,,
Bogor,Kabupaten Bogor Leuwiliang,2026-04-14 15:00:00,80,61,28,,4,9,0,80,,,,,
Tangerang,Tangerang Pasir Jaya,2026-04-13 01:00:00,-,52,24,,41,63,0,64,,,,,
Bekasi,Bekasi Kayuringin,2026-04-14 15:00:00,38,38,26,,74,16,0,24,,,,,
Jakarta,The Pakubuwono Menteng,2026-04-14 15:09:07,65,65,19,54,,,,,49,32.9,,,
Depok,Cinere - Nafas,2026-04-14 15:09:40,53,53,15,27,,,,,0,0,,,
Bogor,Kabupaten Bogor Leuwiliang,2026-04-14 15:00:00,80,61,28,,4,9,0,80,,,,,
Tangerang,Tangerang Pasir Jaya,2026-04-13 01:00:00,-,52,24,,41,63,0,64,,,,,
Bekasi,Bekasi Kayuringin,2026-04-14 15:00:00,38,38,26,,74,16,0,24,,,,,
Jakarta,The Pakubuwono Menteng,2026-04-14 15:10:07,64,64,19,46,,,,,49,32.9,,,
Depok,Cinere - Nafas,2026-04-14 15:10:40,55,55,17,22,,,,,0,0,,,
Bogor,Kabupaten Bogor Leuwiliang,2026-04-14 15:00:00,80,61,28,,4,9,0,80,,,,,
Tangerang,Tangerang Pasir Jaya,2026-04-13 01:00:00,-,52,24,,41,63,0,64,,,,,
Bekasi,Bekasi Kayuringin,2026-04-14 15:00:00,38,38,26,,74,16,0,24,,,,,
Jakarta,The Pakubuwono Menteng,2026-04-14 15:12:07,64,64,18,45,,,,,49,32.8,,,
Depok,Cinere - Nafas,2026-04-14 15:12:40,56,56,15,27,,,,,0,0,,,
Bogor,Kabupaten Bogor Leuwiliang,2026-04-14 15:00:00,80,61,28,,4,9,0,80,,,,,
Tangerang,Tangerang Pasir Jaya,2026-04-13 01:00:00,-,52,24,,41,63,0,64,,,,,
Bekasi,Bekasi Kayuringin,2026-04-14 15:00:00,38,38,26,,74,16,0,24,,,,,
Jakarta,The Pakubuwono Menteng,2026-04-14 15:13:07,66,66,18,48,,,,,49,32.8,,,
Depok,Cinere - Nafas,2026-04-14 15:13:40,60,60,19,26,,,,,0,0,,,
Bogor,Kabupaten Bogor Leuwiliang,2026-04-14 15:00:00,80,61,28,,4,9,0,80,,,,,
Tangerang,Tangerang Pasir Jaya,2026-04-13 01:00:00,-,52,24,,41,63,0,64,,,,,
Bekasi,Bekasi Kayuringin,2026-04-14 15:00:00,38,38,26,,74,16,0,24,,,,,
Jakarta,The Pakubuwono Menteng,2026-04-14 15:14:07,70,70,20,48,,,,,49,32.8,,,
Depok,Cinere - Nafas,2026-04-14 15:14:40,63,63,18,24,,,,,0,0,,,
Bogor,Kabupaten Bogor Leuwiliang,2026-04-14 15:00:00,80,61,28,,4,9,0,80,,,,,
Tangerang,Tangerang Pasir Jaya,2026-04-13 01:00:00,-,52,24,,41,63,0,64,,,,,
Bekasi,Bekasi Kayuringin,2026-04-14 15:00:00,38,38,26,,74,16,0,24,,,,,
Jakarta,The Pakubuwono Menteng,2026-04-14 15:15:07,67,67,20,48,,,,,49,32.7,,,
Depok,Cinere - Nafas,2026-04-14 15:15:40,62,62,19,26,,,,,0,0,,,
Bogor,Kabupaten Bogor Leuwiliang,2026-04-14 15:00:00,80,61,28,,4,9,0,80,,,,,
Tangerang,Tangerang Pasir Jaya,2026-04-13 01:00:00,-,52,24,,41,63,0,64,,,,,
Bekasi,Bekasi Kayuringin,2026-04-14 15:00:00,38,38,26,,74,16,0,24,,,,,
Jakarta,The Pakubuwono Menteng,2026-04-14 15:17:07,63,63,18,45,,,,,49,32.7,,,
Depok,Cinere - Nafas,2026-04-14 15:17:40,65,65,18,33,,,,,0,0,,,
Bogor,Kabupaten Bogor Leuwiliang,2026-04-14 15:00:00,80,61,28,,4,9,0,80,,,,,
Tangerang,Tangerang Pasir Jaya,2026-04-13 01:00:00,-,52,24,,41,63,0,64,,,,,
Bekasi,Bekasi Kayuringin,2026-04-14 15:00:00,38,38,26,,74,16,0,24,,,,,
Jakarta,The Pakubuwono Menteng,2026-04-14 15:18:07,69,69,19,50,,,,,50,32.59,,,
Depok,Cinere - Nafas,2026-04-14 15:18:42,72,72,24,42,,,,,0,0,,,
Bogor,Kabupaten Bogor Leuwiliang,2026-04-14 15:00:00,80,61,28,,4,9,0,80,,,,,
Tangerang,Tangerang Pasir Jaya,2026-04-13 01:00:00,-,52,24,,41,63,0,64,,,,,
Bekasi,Bekasi Kayuringin,2026-04-14 15:00:00,38,38,26,,74,16,0,24,,,,,
Jakarta,The Pakubuwono Menteng,2026-04-14 15:19:07,65,65,18,47,,,,,50,32.59,,,
Depok,Cinere - Nafas,2026-04-14 15:19:42,63,63,19,27,,,,,0,0,,,
Bogor,Kabupaten Bogor Leuwiliang,2026-04-14 15:00:00,80,61,28,,4,9,0,80,,,,,
Tangerang,Tangerang Pasir Jaya,2026-04-13 01:00:00,-,52,24,,41,63,0,64,,,,,
Bekasi,Bekasi Kayuringin,2026-04-14 15:00:00,38,38,26,,74,16,0,24,,,,,
Jakarta,The Pakubuwono Menteng,2026-04-14 15:20:07,67,67,20,47,,,,,50,32.5,,,
Depok,Cinere - Nafas,2026-04-14 15:20:42,72,72,22,43,,,,,0,0,,,
Bogor,Kabupaten Bogor Leuwiliang,2026-04-14 15:00:00,80,61,28,,4,9,0,80,,,,,
Tangerang,Tangerang Pasir Jaya,2026-04-13 01:00:00,-,52,24,,41,63,0,64,,,,,
Bekasi,Bekasi Kayuringin,2026-04-14 15:00:00,38,38,26,,74,16,0,24,,,,,
Jakarta,The Pakubuwono Menteng,2026-04-14 15:21:07,62,62,17,42,,,,,50,32.5,,,
Depok,Cinere - Nafas,2026-04-14 15:22:42,70,70,20,30,,,,,0,0,,,
Bogor,Kabupaten Bogor Leuwiliang,2026-04-14 15:00:00,80,61,28,,4,9,0,80,,,,,
Tangerang,Tangerang Pasir Jaya,2026-04-13 01:00:00,-,52,24,,41,63,0,64,,,,,
Bekasi,Bekasi Kayuringin,2026-04-14 15:00:00,38,38,26,,74,16,0,24,,,,,
Jakarta,The Pakubuwono Menteng,2026-04-14 15:23:07,64,64,17,47,,,,,50,32.4,,,
Depok,Cinere - Nafas,2026-04-14 15:23:42,66,66,19,33,,,,,0,0,,,
Bogor,Kabupaten Bogor Leuwiliang,2026-04-14 15:00:00,80,61,28,,4,9,0,80,,,,,
Tangerang,Tangerang Pasir Jaya,2026-04-13 01:00:00,-,52,24,,41,63,0,64,,,,,
Bekasi,Bekasi Kayuringin,2026-04-14 15:00:00,38,38,26,,74,16,0,24,,,,,
Jakarta,The Pakubuwono Menteng,2026-04-14 15:24:07,66,66,18,48,,,,,50,32.3,,,
Depok,Cinere - Nafas,2026-04-14 15:24:42,64,64,18,35,,,,,0,0,,,
Bogor,Kabupaten Bogor Leuwiliang,2026-04-14 15:00:00,80,61,28,,4,9,0,80,,,,,
Tangerang,Tangerang Pasir Jaya,2026-04-13 01:00:00,-,52,24,,41,63,0,64,,,,,
Bekasi,Bekasi Kayuringin,2026-04-14 15:00:00,38,38,26,,74,16,0,24,,,,,
Jakarta,The Pakubuwono Menteng,2026-04-14 15:24:07,66,66,18,50,,,,,50,32.3,,,
Depok,Cinere - Nafas,2026-04-14 15:25:42,68,68,20,45,,,,,0,0,,,
Bogor,Kabupaten Bogor Leuwiliang,2026-04-14 15:00:00,80,61,28,,4,9,0,80,,,,,
Tangerang,Tangerang Pasir Jaya,2026-04-13 01:00:00,-,52,24,,41,63,0,64,,,,,
Bekasi,Bekasi Kayuringin,2026-04-14 15:00:00,38,38,26,,74,16,0,24,,,,,
Jakarta,The Pakubuwono Menteng,2026-04-14 15:26:07,63,63,17,44,,,,,50,32.3,,,
Depok,Cinere - Nafas,2026-04-14 15:26:42,72,72,22,35,,,,,0,0,,,
Bogor,Kabupaten Bogor Leuwiliang,2026-04-14 15:00:00,80,61,28,,4,9,0,80,,,,,
Tangerang,Tangerang Pasir Jaya,2026-04-13 01:00:00,-,52,24,,41,63,0,64,,,,,
Bekasi,Bekasi Kayuringin,2026-04-14 15:00:00,38,38,26,,74,16,0,24,,,,,
Jakarta,The Pakubuwono Menteng,2026-04-14 15:28:07,66,66,18,53,,,,,51,32.3,,,
Depok,Cinere - Nafas,2026-04-14 15:28:42,74,74,23,54,,,,,0,0,,,
Bogor,Kabupaten Bogor Leuwiliang,2026-04-14 15:00:00,80,61,28,,4,9,0,80,,,,,
Tangerang,Tangerang Pasir Jaya,2026-04-13 01:00:00,-,52,24,,41,63,0,64,,,,,
Bekasi,Bekasi Kayuringin,2026-04-14 15:00:00,38,38,26,,74,16,0,24,,,,,
Jakarta,The Pakubuwono Menteng,2026-04-14 15:29:07,65,65,17,51,,,,,50,32.3,,,
Depok,Cinere - Nafas,2026-04-14 15:29:42,73,73,23,54,,,,,0,0,,,
Bogor,Kabupaten Bogor Leuwiliang,2026-04-14 15:00:00,80,61,28,,4,9,0,80,,,,,
Tangerang,Tangerang Pasir Jaya,2026-04-13 01:00:00,-,52,24,,41,63,0,64,,,,,
Bekasi,Bekasi Kayuringin,2026-04-14 15:00:00,38,38,26,,74,16,0,24,,,,,
Jakarta,The Pakubuwono Menteng,2026-04-14 15:30:07,64,64,17,44,,,,,51,32.3,,,
Depok,Cinere - Nafas,2026-04-14 15:30:42,77,77,23,60,,,,,0,0,,,
Bogor,Kabupaten Bogor Leuwiliang,2026-04-14 15:00:00,80,61,28,,4,9,0,80,,,,,
Tangerang,Tangerang Pasir Jaya,2026-04-13 01:00:00,-,52,24,,41,63,0,64,,,,,
Bekasi,Bekasi Kayuringin,2026-04-14 15:00:00,38,38,26,,74,16,0,24,,,,,
Jakarta,The Pakubuwono Menteng,2026-04-14 15:31:07,64,64,17,44,,,,,51,32.3,,,
Depok,Cinere - Nafas,2026-04-14 15:31:43,78,78,23,54,,,,,0,0,,,
Bogor,Kabupaten Bogor Leuwiliang,2026-04-14 15:00:00,80,61,28,,4,9,0,80,,,,,
Tangerang,Tangerang Pasir Jaya,2026-04-13 01:00:00,-,52,24,,41,63,0,64,,,,,
Bekasi,Bekasi Kayuringin,2026-04-14 15:00:00,38,38,26,,74,16,0,24,,,,,
Jakarta,The Pakubuwono Menteng,2026-04-14 15:33:07,71,71,20,47,,,,,50,32.4,,,
Depok,Cinere - Nafas,2026-04-14 15:33:43,81,81,26,58,,,,,0,0,,,
Bogor,Kabupaten Bogor Leuwiliang,2026-04-14 15:00:00,80,61,28,,4,9,0,80,,,,,
Tangerang,Tangerang Pasir Jaya,2026-04-13 01:00:00,-,52,24,,41,63,0,64,,,,,
Bekasi,Bekasi Kayuringin,2026-04-14 15:00:00,38,38,26,,74,16,0,24,,,,,
Jakarta,The Pakubuwono Menteng,2026-04-14 15:34:07,69,69,19,49,,,,,50,32.4,,,
Depok,Cinere - Nafas,2026-04-14 15:34:43,84,84,28,62,,,,,0,0,,,
Bogor,Kabupaten Bogor Leuwiliang,2026-04-14 15:00:00,80,61,28,,4,9,0,80,,,,,
Tangerang,Tangerang Pasir Jaya,2026-04-13 01:00:00,-,52,24,,41,63,0,64,,,,,
Bekasi,Bekasi Kayuringin,2026-04-14 15:00:00,38,38,26,,74,16,0,24,,,,,
Jakarta,The Pakubuwono Menteng,2026-04-14 15:35:07,68,68,19,55,,,,,50,32.4,,,
Depok,Cinere - Nafas,2026-04-14 15:35:43,79,79,24,58,,,,,0,0,,,
Bogor,Kabupaten Bogor Leuwiliang,2026-04-14 15:00:00,80,61,28,,4,9,0,80,,,,,
Tangerang,Tangerang Pasir Jaya,2026-04-13 01:00:00,-,52,24,,41,63,0,64,,,,,
Bekasi,Bekasi Kayuringin,2026-04-14 15:00:00,38,38,26,,74,16,0,24,,,,,
Jakarta,The Pakubuwono Menteng,2026-04-14 15:36:08,72,72,21,53,,,,,50,32.3,,,
Depok,Cinere - Nafas,2026-04-14 15:36:43,81,81,26,54,,,,,0,0,,,
Bogor,Kabupaten Bogor Leuwiliang,2026-04-14 15:00:00,80,61,28,,4,9,0,80,,,,,
Tangerang,Tangerang Pasir Jaya,2026-04-13 01:00:00,-,52,24,,41,63,0,64,,,,,
Bekasi,Bekasi Kayuringin,2026-04-14 15:00:00,38,38,26,,74,16,0,24,,,,,
Jakarta,The Pakubuwono Menteng,2026-04-14 15:37:08,63,63,17,43,,,,,51,32.3,,,
Depok,Cinere - Nafas,2026-04-14 15:37:43,78,78,24,59,,,,,0,0,,,
Bogor,Kabupaten Bogor Leuwiliang,2026-04-14 15:00:00,80,61,28,,4,9,0,80,,,,,
Tangerang,Tangerang Pasir Jaya,2026-04-13 01:00:00,-,52,24,,41,63,0,64,,,,,
Bekasi,Bekasi Kayuringin,2026-04-14 15:00:00,38,38,26,,74,16,0,24,,,,,
Jakarta,The Pakubuwono Menteng,2026-04-14 15:38:11,67,67,18,52,,,,,50,32.2,,,
Depok,Cinere - Nafas,2026-04-14 15:38:43,80,80,26,64,,,,,0,0,,,
Bogor,Kabupaten Bogor Leuwiliang,2026-04-14 15:00:00,80,61,28,,4,9,0,80,,,,,
Tangerang,Tangerang Pasir Jaya,2026-04-13 01:00:00,-,52,24,,41,63,0,64,,,,,
Bekasi,Bekasi Kayuringin,2026-04-14 15:00:00,38,38,26,,74,16,0,24,,,,,
Jakarta,The Pakubuwono Menteng,2026-04-14 15:39:08,66,66,18,50,,,,,51,32.2,,,
Depok,Cinere - Nafas,2026-04-14 15:40:43,84,84,27,64,,,,,0,0,,,
Bogor,Kabupaten Bogor Leuwiliang,2026-04-14 15:00:00,80,61,28,,4,9,0,80,,,,,
Tangerang,Tangerang Pasir Jaya,2026-04-13 01:00:00,-,52,24,,41,63,0,64,,,,,
Bekasi,Bekasi Kayuringin,2026-04-14 15:00:00,38,38,26,,74,16,0,24,,,,,
Jakarta,The Pakubuwono Menteng,2026-04-14 15:41:08,62,62,18,50,,,,,51,32.09,,,
Depok,Cinere - Nafas,2026-04-14 15:41:43,88,88,30,64,,,,,0,0,,,
Bogor,Kabupaten Bogor Leuwiliang,2026-04-14 15:00:00,80,61,28,,4,9,0,80,,,,,
Tangerang,Tangerang Pasir Jaya,2026-04-13 01:00:00,-,52,24,,41,63,0,64,,,,,
Bekasi,Bekasi Kayuringin,2026-04-14 15:00:00,38,38,26,,74,16,0,24,,,,,
Jakarta,The Pakubuwono Menteng,2026-04-14 15:42:08,67,67,20,48,,,,,51,32,,,
Depok,Cinere - Nafas,2026-04-14 15:42:43,94,94,34,71,,,,,0,0,,,
Bogor,Kabupaten Bogor Leuwiliang,2026-04-14 15:00:00,80,61,28,,4,9,0,80,,,,,
Tangerang,Tangerang Pasir Jaya,2026-04-13 01:00:00,-,52,24,,41,63,0,64,,,,,
Bekasi,Bekasi Kayuringin,2026-04-14 15:00:00,38,38,26,,74,16,0,24,,,,,
Jakarta,The Pakubuwono Menteng,2026-04-14 15:44:08,70,70,20,51,,,,,51,31.9,,,
Depok,Cinere - Nafas,2026-04-14 15:44:43,94,94,35,71,,,,,0,0,,,
Bogor,Kabupaten Bogor Leuwiliang,2026-04-14 15:00:00,80,61,28,,4,9,0,80,,,,,
Tangerang,Tangerang Pasir Jaya,2026-04-13 01:00:00,-,52,24,,41,63,0,64,,,,,
Bekasi,Bekasi Kayuringin,2026-04-14 15:00:00,38,38,26,,74,16,0,24,,,,,
Jakarta,The Pakubuwono Menteng,2026-04-14 15:45:08,65,65,20,50,,,,,51,31.9,,,
Depok,Cinere - Nafas,2026-04-14 15:45:43,92,92,33,71,,,,,0,0,,,
Bogor,Kabupaten Bogor Leuwiliang,2026-04-14 15:00:00,80,61,28,,4,9,0,80,,,,,
Tangerang,Tangerang Pasir Jaya,2026-04-13 01:00:00,-,52,24,,41,63,0,64,,,,,
Bekasi,Bekasi Kayuringin,2026-04-14 15:00:00,38,38,26,,74,16,0,24,,,,,
Jakarta,The Pakubuwono Menteng,2026-04-14 15:45:08,65,65,20,50,,,,,51,31.9,,,
Depok,Cinere - Nafas,2026-04-14 15:45:43,92,92,33,71,,,,,0,0,,,
Bogor,Kabupaten Bogor Leuwiliang,2026-04-14 15:00:00,80,61,28,,4,9,0,80,,,,,
Tangerang,Tangerang Pasir Jaya,2026-04-13 01:00:00,-,52,24,,41,63,0,64,,,,,
Bekasi,Bekasi Kayuringin,2026-04-14 15:00:00,38,38,26,,74,16,0,24,,,,,
Jakarta,The Pakubuwono Menteng,2026-04-14 15:46:08,68,68,20,56,,,,,51,31.8,,,
Depok,Cinere - Nafas,2026-04-14 15:46:43,87,87,32,67,,,,,0,0,,,
Bogor,Kabupaten Bogor Leuwiliang,2026-04-14 15:00:00,80,61,28,,4,9,0,80,,,,,
Tangerang,Tangerang Pasir Jaya,2026-04-13 01:00:00,-,52,24,,41,63,0,64,,,,,
Bekasi,Bekasi Kayuringin,2026-04-14 15:00:00,38,38,26,,74,16,0,24,,,,,
Jakarta,The Pakubuwono Menteng,2026-04-14 15:47:08,69,69,19,53,,,,,51,31.8,,,
Depok,Cinere - Nafas,2026-04-14 15:47:43,88,88,30,71,,,,,0,0,,,
Bogor,Kabupaten Bogor Leuwiliang,2026-04-14 15:00:00,80,61,28,,4,9,0,80,,,,,
Tangerang,Tangerang Pasir Jaya,2026-04-13 01:00:00,-,52,24,,41,63,0,64,,,,,
Bekasi,Bekasi Kayuringin,2026-04-14 15:00:00,38,38,26,,74,16,0,24,,,,,
Jakarta,The Pakubuwono Menteng,2026-04-14 15:50:08,73,73,22,53,,,,,52,31.6,,,
Depok,Cinere - Nafas,2026-04-14 15:50:43,91,91,32,66,,,,,0,0,,,
Bogor,Kabupaten Bogor Leuwiliang,2026-04-14 15:00:00,80,61,28,,4,9,0,80,,,,,
Tangerang,Tangerang Pasir Jaya,2026-04-13 01:00:00,-,52,24,,41,63,0,64,,,,,
Bekasi,Bekasi Kayuringin,2026-04-14 15:00:00,38,38,26,,74,16,0,24,,,,,
Jakarta,The Pakubuwono Menteng,2026-04-14 15:51:08,67,67,20,54,,,,,52,31.6,,,
Depok,Cinere - Nafas,2026-04-14 15:51:43,87,87,28,68,,,,,0,0,,,
Bogor,Kabupaten Bogor Leuwiliang,2026-04-14 15:00:00,80,61,28,,4,9,0,80,,,,,
Tangerang,Tangerang Pasir Jaya,2026-04-13 01:00:00,-,52,24,,41,63,0,64,,,,,
Bekasi,Bekasi Kayuringin,2026-04-14 15:00:00,38,38,26,,74,16,0,24,,,,,
Jakarta,The Pakubuwono Menteng,2026-04-14 15:52:09,74,74,22,56,,,,,52,31.6,,,
Depok,Cinere - Nafas,2026-04-14 15:52:43,87,87,31,69,,,,,0,0,,,
Bogor,Kabupaten Bogor Leuwiliang,2026-04-14 15:00:00,80,61,28,,4,9,0,80,,,,,
Tangerang,Tangerang Pasir Jaya,2026-04-13 01:00:00,-,52,24,,41,63,0,64,,,,,
Bekasi,Bekasi Kayuringin,2026-04-14 15:00:00,38,38,26,,74,16,0,24,,,,,
Jakarta,The Pakubuwono Menteng,2026-04-14 15:53:08,69,69,20,55,,,,,52,31.5,,,
Depok,Cinere - Nafas,2026-04-14 15:53:43,91,91,30,70,,,,,0,0,,,
Bogor,Kabupaten Bogor Leuwiliang,2026-04-14 15:00:00,80,61,28,,4,9,0,80,,,,,
Tangerang,Tangerang Pasir Jaya,2026-04-13 01:00:00,-,52,24,,41,63,0,64,,,,,
Bekasi,Bekasi Kayuringin,2026-04-14 15:00:00,38,38,26,,74,16,0,24,,,,,
Jakarta,The Pakubuwono Menteng,2026-04-14 15:54:08,74,74,22,55,,,,,52,31.5,,,
Depok,Cinere - Nafas,2026-04-14 15:54:43,87,87,31,70,,,,,0,0,,,
Bogor,Kabupaten Bogor Leuwiliang,2026-04-14 15:00:00,80,61,28,,4,9,0,80,,,,,
Tangerang,Tangerang Pasir Jaya,2026-04-13 01:00:00,-,52,24,,41,63,0,64,,,,,
Bekasi,Bekasi Kayuringin,2026-04-14 15:00:00,38,38,26,,74,16,0,24,,,,,
Jakarta,The Pakubuwono Menteng,2026-04-14 15:55:08,73,73,22,54,,,,,53,31.5,,,
Depok,Cinere - Nafas,2026-04-14 15:55:43,88,88,31,70,,,,,0,0,,,
Bogor,Kabupaten Bogor Leuwiliang,2026-04-14 15:00:00,80,61,28,,4,9,0,80,,,,,
Tangerang,Tangerang Pasir Jaya,2026-04-13 01:00:00,-,52,24,,41,63,0,64,,,,,
Bekasi,Bekasi Kayuringin,2026-04-14 15:00:00,38,38,26,,74,16,0,24,,,,,
Jakarta,The Pakubuwono Menteng,2026-04-14 15:56:08,71,71,22,56,,,,,53,31.5,,,
Depok,Cinere - Nafas,2026-04-14 15:56:43,87,87,30,70,,,,,0,0,,,
Bogor,Kabupaten Bogor Leuwiliang,2026-04-14 15:00:00,80,61,28,,4,9,0,80,,,,,
Tangerang,Tangerang Pasir Jaya,2026-04-13 01:00:00,-,52,24,,41,63,0,64,,,,,
Bekasi,Bekasi Kayuringin,2026-04-14 15:00:00,38,38,26,,74,16,0,24,,,,,
Jakarta,The Pakubuwono Menteng,2026-04-14 15:57:08,72,72,20,59,,,,,53,31.5,,,
Depok,Cinere - Nafas,2026-04-14 15:58:43,87,87,30,70,,,,,0,0,,,
Bogor,Kabupaten Bogor Leuwiliang,2026-04-14 15:00:00,80,61,28,,4,9,0,80,,,,,
Tangerang,Tangerang Pasir Jaya,2026-04-13 01:00:00,-,52,24,,41,63,0,64,,,,,
Bekasi,Bekasi Kayuringin,2026-04-14 15:00:00,38,38,26,,74,16,0,24,,,,,
Jakarta,The Pakubuwono Menteng,2026-04-14 15:59:08,75,75,22,63,,,,,53,31.5,,,
Depok,Cinere - Nafas,2026-04-14 15:59:43,90,90,29,69,,,,,0,0,,,
Bogor,Kabupaten Bogor Leuwiliang,2026-04-14 15:00:00,80,61,28,,4,9,0,80,,,,,
Tangerang,Tangerang Pasir Jaya,2026-04-13 01:00:00,-,52,24,,41,63,0,64,,,,,
Bekasi,Bekasi Kayuringin,2026-04-14 15:00:00,38,38,26,,74,16,0,24,,,,,
Jakarta,The Pakubuwono Menteng,2026-04-14 16:01:08,71,71,22,56,,,,,53,31.5,,,
Depok,Cinere - Nafas,2026-04-14 16:01:43,92,92,31,71,,,,,0,0,,,
Bogor,Kabupaten Bogor Leuwiliang,2026-04-14 15:00:00,80,61,28,,4,9,0,80,,,,,
Tangerang,Tangerang Pasir Jaya,2026-04-13 01:00:00,-,52,24,,41,63,0,64,,,,,
Bekasi,Bekasi Kayuringin,2026-04-14 15:00:00,38,38,26,,74,16,0,24,,,,,
Jakarta,The Pakubuwono Menteng,2026-04-14 16:02:08,71,71,21,54,,,,,53,31.4,,,
Depok,Cinere - Nafas,2026-04-14 16:02:43,91,91,29,70,,,,,0,0,,,
Bogor,Kabupaten Bogor Leuwiliang,2026-04-14 15:00:00,80,61,28,,4,9,0,80,,,,,
Tangerang,Tangerang Pasir Jaya,2026-04-13 01:00:00,-,52,24,,41,63,0,64,,,,,
Bekasi,Bekasi Kayuringin,2026-04-14 15:00:00,38,38,26,,74,16,0,24,,,,,
Jakarta,The Pakubuwono Menteng,2026-04-14 16:03:08,71,71,20,55,,,,,53,31.4,,,
Depok,Cinere - Nafas,2026-04-14 16:03:43,87,87,30,68,,,,,0,0,,,
Bogor,Kabupaten Bogor Leuwiliang,2026-04-14 15:00:00,80,61,28,,4,9,0,80,,,,,
Tangerang,Tangerang Pasir Jaya,2026-04-13 01:00:00,-,52,24,,41,63,0,64,,,,,
Bekasi,Bekasi Kayuringin,2026-04-14 15:00:00,38,38,26,,74,16,0,24,,,,,
Jakarta,The Pakubuwono Menteng,2026-04-14 16:03:08,71,71,20,55,,,,,53,31.4,,,
Depok,Cinere - Nafas,2026-04-14 16:03:43,87,87,30,68,,,,,0,0,,,
Bogor,Kabupaten Bogor Leuwiliang,2026-04-14 15:00:00,80,61,28,,4,9,0,80,,,,,
Tangerang,Tangerang Pasir Jaya,2026-04-13 01:00:00,-,52,24,,41,63,0,64,,,,,
Bekasi,Bekasi Kayuringin,2026-04-14 15:00:00,38,38,26,,74,16,0,24,,,,,
Jakarta,The Pakubuwono Menteng,2026-04-14 16:04:08,71,71,20,47,,,,,53,31.4,,,
Depok,Cinere - Nafas,2026-04-14 16:04:43,87,87,30,68,,,,,0,0,,,
Bogor,Kabupaten Bogor Leuwiliang,2026-04-14 15:00:00,80,61,28,,4,9,0,80,,,,,
Tangerang,Tangerang Pasir Jaya,2026-04-13 01:00:00,-,52,24,,41,63,0,64,,,,,
Bekasi,Bekasi Kayuringin,2026-04-14 15:00:00,38,38,26,,74,16,0,24,,,,,
Jakarta,The Pakubuwono Menteng,2026-04-14 16:06:08,76,76,23,57,,,,,53,31.4,,,
Depok,Cinere - Nafas,2026-04-14 16:06:43,92,92,32,71,,,,,0,0,,,
Bogor,Kabupaten Bogor Leuwiliang,2026-04-14 15:00:00,80,61,28,,4,9,0,80,,,,,
Tangerang,Tangerang Pasir Jaya,2026-04-13 01:00:00,-,52,24,,41,63,0,64,,,,,
Bekasi,Bekasi Kayuringin,2026-04-14 15:00:00,38,38,26,,74,16,0,24,,,,,
Jakarta,The Pakubuwono Menteng,2026-04-14 16:07:08,73,73,21,55,,,,,53,31.4,,,
Depok,Cinere - Nafas,2026-04-14 16:08:43,94,94,33,70,,,,,0,0,,,
Bogor,Kabupaten Bogor Leuwiliang,2026-04-14 16:00:00,80,61,28,,4,9,0,80,,,,,
Tangerang,Tangerang Pasir Jaya,2026-04-13 01:00:00,-,52,24,,41,63,0,64,,,,,
Bekasi,Bekasi Kayuringin,2026-04-14 16:00:00,38,38,26,,74,16,0,24,,,,,
Jakarta,The Pakubuwono Menteng,2026-04-14 16:09:22,71,71,22,51,,,,,53,31.4,,,
Depok,Cinere - Nafas,2026-04-14 16:09:43,94,94,34,72,,,,,0,0,,,
Bogor,Kabupaten Bogor Leuwiliang,2026-04-14 16:00:00,80,61,28,,4,9,0,80,,,,,
Tangerang,Tangerang Pasir Jaya,2026-04-13 01:00:00,-,52,24,,41,63,0,64,,,,,
Bekasi,Bekasi Kayuringin,2026-04-14 16:00:00,38,38,26,,74,16,0,24,,,,,
Jakarta,The Pakubuwono Menteng,2026-04-14 16:10:09,73,73,22,56,,,,,53,31.4,,,
Depok,Cinere - Nafas,2026-04-14 16:10:44,93,93,31,71,,,,,0,0,,,
Bogor,Kabupaten Bogor Leuwiliang,2026-04-14 16:00:00,80,61,28,,4,9,0,80,,,,,
Tangerang,Tangerang Pasir Jaya,2026-04-13 01:00:00,-,52,24,,41,63,0,64,,,,,
Bekasi,Bekasi Kayuringin,2026-04-14 16:00:00,38,38,26,,74,16,0,24,,,,,
Jakarta,The Pakubuwono Menteng,2026-04-14 16:11:09,71,71,21,55,,,,,53,31.4,,,
Depok,Cinere - Nafas,2026-04-14 16:11:43,92,92,33,70,,,,,0,0,,,
Bogor,Kabupaten Bogor Leuwiliang,2026-04-14 16:00:00,80,61,28,,4,9,0,80,,,,,
Tangerang,Tangerang Pasir Jaya,2026-04-13 01:00:00,-,52,24,,41,63,0,64,,,,,
Bekasi,Bekasi Kayuringin,2026-04-14 16:00:00,38,38,26,,74,16,0,24,,,,,
Jakarta,The Pakubuwono Menteng,2026-04-14 16:12:08,75,75,23,59,,,,,53,31.4,,,
Depok,Cinere - Nafas,2026-04-14 16:12:43,93,93,34,69,,,,,0,0,,,
Bogor,Kabupaten Bogor Leuwiliang,2026-04-14 16:00:00,80,61,28,,4,9,0,80,,,,,
Tangerang,Tangerang Pasir Jaya,2026-04-13 01:00:00,-,52,24,,41,63,0,64,,,,,
Bekasi,Bekasi Kayuringin,2026-04-14 16:00:00,38,38,26,,74,16,0,24,,,,,
Jakarta,The Pakubuwono Menteng,2026-04-14 16:13:08,71,71,20,56,,,,,53,31.4,,,
Depok,Cinere - Nafas,2026-04-14 16:13:43,91,91,30,68,,,,,0,0,,,
Bogor,Kabupaten Bogor Leuwiliang,2026-04-14 16:00:00,80,61,28,,4,9,0,80,,,,,
Tangerang,Tangerang Pasir Jaya,2026-04-13 01:00:00,-,52,24,,41,63,0,64,,,,,
Bekasi,Bekasi Kayuringin,2026-04-14 16:00:00,38,38,26,,74,16,0,24,,,,,
Jakarta,The Pakubuwono Menteng,2026-04-14 16:14:28,67,67,21,53,,,,,53,31.5,,,
Depok,Cinere - Nafas,2026-04-14 16:14:43,96,96,35,71,,,,,0,0,,,
Bogor,Kabupaten Bogor Leuwiliang,2026-04-14 16:00:00,80,61,28,,4,9,0,80,,,,,
Tangerang,Tangerang Pasir Jaya,2026-04-13 01:00:00,-,52,24,,41,63,0,64,,,,,
Bekasi,Bekasi Kayuringin,2026-04-14 16:00:00,38,38,26,,74,16,0,24,,,,,
Jakarta,The Pakubuwono Menteng,2026-04-14 16:15:08,65,65,17,46,,,,,53,31.5,,,
Depok,Cinere - Nafas,2026-04-14 16:15:43,90,90,31,68,,,,,0,0,,,
Bogor,Kabupaten Bogor Leuwiliang,2026-04-14 16:00:00,80,61,28,,4,9,0,80,,,,,
Tangerang,Tangerang Pasir Jaya,2026-04-13 01:00:00,-,52,24,,41,63,0,64,,,,,
Bekasi,Bekasi Kayuringin,2026-04-14 16:00:00,38,38,26,,74,16,0,24,,,,,
Jakarta,The Pakubuwono Menteng,2026-04-14 16:18:09,56,56,16,38,,,,,52,31.6,,,
Depok,Cinere - Nafas,2026-04-14 16:18:43,85,85,28,64,,,,,0,0,,,
Bogor,Kabupaten Bogor Leuwiliang,2026-04-14 16:00:00,80,61,28,,4,9,0,80,,,,,
Tangerang,Tangerang Pasir Jaya,2026-04-13 01:00:00,-,52,24,,41,63,0,64,,,,,
Bekasi,Bekasi Kayuringin,2026-04-14 16:00:00,38,38,26,,74,16,0,24,,,,,
Jakarta,The Pakubuwono Menteng,2026-04-14 16:19:09,73,73,22,52,,,,,53,31.7,,,
Depok,Cinere - Nafas,2026-04-14 16:19:43,86,86,27,69,,,,,0,0,,,
Bogor,Kabupaten Bogor Leuwiliang,2026-04-14 16:00:00,80,61,28,,4,9,0,80,,,,,
Tangerang,Tangerang Pasir Jaya,2026-04-13 01:00:00,-,52,24,,41,63,0,64,,,,,
Bekasi,Bekasi Kayuringin,2026-04-14 16:00:00,38,38,26,,74,16,0,24,,,,,
Jakarta,The Pakubuwono Menteng,2026-04-14 16:20:28,74,74,22,57,,,,,53,31.7,,,
Depok,Cinere - Nafas,2026-04-14 16:20:43,82,82,27,63,,,,,0,0,,,
Bogor,Kabupaten Bogor Leuwiliang,2026-04-14 16:00:00,80,61,28,,4,9,0,80,,,,,
Tangerang,Tangerang Pasir Jaya,2026-04-13 01:00:00,-,52,24,,41,63,0,64,,,,,
Bekasi,Bekasi Kayuringin,2026-04-14 16:00:00,38,38,26,,74,16,0,24,,,,,
Jakarta,The Pakubuwono Menteng,2026-04-14 16:21:29,71,71,21,56,,,,,52,31.7,,,
Depok,Cinere - Nafas,2026-04-14 16:21:43,78,78,25,63,,,,,0,0,,,
Bogor,Kabupaten Bogor Leuwiliang,2026-04-14 16:00:00,80,61,28,,4,9,0,80,,,,,
Tangerang,Tangerang Pasir Jaya,2026-04-13 01:00:00,-,52,24,,41,63,0,64,,,,,
Bekasi,Bekasi Kayuringin,2026-04-14 16:00:00,38,38,26,,74,16,0,24,,,,,
Jakarta,The Pakubuwono Menteng,2026-04-14 16:21:29,71,71,21,56,,,,,52,31.7,,,
Depok,Cinere - Nafas,2026-04-14 16:21:43,78,78,25,63,,,,,0,0,,,
Bogor,Kabupaten Bogor Leuwiliang,2026-04-14 16:00:00,80,61,28,,4,9,0,80,,,,,
Tangerang,Tangerang Pasir Jaya,2026-04-13 01:00:00,-,52,24,,41,63,0,64,,,,,
Bekasi,Bekasi Kayuringin,2026-04-14 16:00:00,38,38,26,,74,16,0,24,,,,,
Jakarta,The Pakubuwono Menteng,2026-04-14 16:23:28,71,71,23,55,,,,,52,31.8,,,
Depok,Cinere - Nafas,2026-04-14 16:23:43,75,75,22,54,,,,,0,0,,,
Bogor,Kabupaten Bogor Leuwiliang,2026-04-14 16:00:00,80,61,28,,4,9,0,80,,,,,
Tangerang,Tangerang Pasir Jaya,2026-04-13 01:00:00,-,52,24,,41,63,0,64,,,,,
Bekasi,Bekasi Kayuringin,2026-04-14 16:00:00,38,38,26,,74,16,0,24,,,,,
Jakarta,The Pakubuwono Menteng,2026-04-14 16:24:28,66,66,20,50,,,,,52,31.8,,,
Depok,Cinere - Nafas,2026-04-14 16:24:43,74,74,23,51,,,,,0,0,,,
Bogor,Kabupaten Bogor Leuwiliang,2026-04-14 16:00:00,80,61,28,,4,9,0,80,,,,,
Tangerang,Tangerang Pasir Jaya,2026-04-13 01:00:00,-,52,24,,41,63,0,64,,,,,
Bekasi,Bekasi Kayuringin,2026-04-14 16:00:00,38,38,26,,74,16,0,24,,,,,
Jakarta,The Pakubuwono Menteng,2026-04-14 16:25:28,75,75,22,51,,,,,52,31.8,,,
Depok,Cinere - Nafas,2026-04-14 16:26:43,72,72,21,45,,,,,0,0,,,
Bogor,Kabupaten Bogor Leuwiliang,2026-04-14 16:00:00,80,61,28,,4,9,0,80,,,,,
Tangerang,Tangerang Pasir Jaya,2026-04-13 01:00:00,-,52,24,,41,63,0,64,,,,,
Bekasi,Bekasi Kayuringin,2026-04-14 16:00:00,38,38,26,,74,16,0,24,,,,,
Jakarta,The Pakubuwono Menteng,2026-04-14 16:27:28,86,86,28,70,,,,,50,31.8,,,
Depok,Cinere - Nafas,2026-04-14 16:27:43,71,71,21,38,,,,,0,0,,,
Bogor,Kabupaten Bogor Leuwiliang,2026-04-14 16:00:00,80,61,28,,4,9,0,80,,,,,
Tangerang,Tangerang Pasir Jaya,2026-04-13 01:00:00,-,52,24,,41,63,0,64,,,,,
Bekasi,Bekasi Kayuringin,2026-04-14 16:00:00,38,38,26,,74,16,0,24,,,,,
Jakarta,The Pakubuwono Menteng,2026-04-14 16:29:28,79,79,25,67,,,,,49,31.7,,,
Depok,Cinere - Nafas,2026-04-14 16:29:43,73,73,21,47,,,,,0,0,,,
Bogor,Kabupaten Bogor Leuwiliang,2026-04-14 16:00:00,80,61,28,,4,9,0,80,,,,,
Tangerang,Tangerang Pasir Jaya,2026-04-13 01:00:00,-,52,24,,41,63,0,64,,,,,
Bekasi,Bekasi Kayuringin,2026-04-14 16:00:00,38,38,26,,74,16,0,24,,,,,
Jakarta,The Pakubuwono Menteng,2026-04-14 16:30:28,83,83,26,70,,,,,49,31.6,,,
Depok,Cinere - Nafas,2026-04-14 16:30:43,66,66,20,37,,,,,0,0,,,
Bogor,Kabupaten Bogor Leuwiliang,2026-04-14 16:00:00,80,61,28,,4,9,0,80,,,,,
Tangerang,Tangerang Pasir Jaya,2026-04-13 01:00:00,-,52,24,,41,63,0,64,,,,,
Bekasi,Bekasi Kayuringin,2026-04-14 16:00:00,38,38,26,,74,16,0,24,,,,,
Jakarta,The Pakubuwono Menteng,2026-04-14 16:30:28,83,83,26,70,,,,,49,31.6,,,
Depok,Cinere - Nafas,2026-04-14 16:30:43,66,66,20,37,,,,,0,0,,,
Bogor,Kabupaten Bogor Leuwiliang,2026-04-14 16:00:00,80,61,28,,4,9,0,80,,,,,
Tangerang,Tangerang Pasir Jaya,2026-04-13 01:00:00,-,52,24,,41,63,0,64,,,,,
Bekasi,Bekasi Kayuringin,2026-04-14 16:00:00,38,38,26,,74,16,0,24,,,,,
Jakarta,The Pakubuwono Menteng,2026-04-14 16:31:30,82,82,25,66,,,,,49,31.5,,,
Depok,Cinere - Nafas,2026-04-14 16:31:43,70,70,21,38,,,,,0,0,,,
Bogor,Kabupaten Bogor Leuwiliang,2026-04-14 16:00:00,80,61,28,,4,9,0,80,,,,,
Tangerang,Tangerang Pasir Jaya,2026-04-13 01:00:00,-,52,24,,41,63,0,64,,,,,
Bekasi,Bekasi Kayuringin,2026-04-14 16:00:00,38,38,26,,74,16,0,24,,,,,
Jakarta,The Pakubuwono Menteng,2026-04-14 16:32:28,79,79,23,61,,,,,49,31.4,,,
Depok,Cinere - Nafas,2026-04-14 16:32:43,67,67,21,47,,,,,0,0,,,
Bogor,Kabupaten Bogor Leuwiliang,2026-04-14 16:00:00,80,61,28,,4,9,0,80,,,,,
Tangerang,Tangerang Pasir Jaya,2026-04-13 01:00:00,-,52,24,,41,63,0,64,,,,,
Bekasi,Bekasi Kayuringin,2026-04-14 16:00:00,38,38,26,,74,16,0,24,,,,,
Jakarta,The Pakubuwono Menteng,2026-04-14 16:34:28,81,81,24,67,,,,,50,31.2,,,
Depok,Cinere - Nafas,2026-04-14 16:34:45,67,67,21,46,,,,,0,0,,,
Bogor,Kabupaten Bogor Leuwiliang,2026-04-14 16:00:00,80,61,28,,4,9,0,80,,,,,
Tangerang,Tangerang Pasir Jaya,2026-04-13 01:00:00,-,52,24,,41,63,0,64,,,,,
Bekasi,Bekasi Kayuringin,2026-04-14 16:00:00,38,38,26,,74,16,0,24,,,,,
Jakarta,The Pakubuwono Menteng,2026-04-14 16:35:31,74,74,23,64,,,,,50,31,,,
Depok,Cinere - Nafas,2026-04-14 16:36:43,76,76,23,55,,,,,0,0,,,
Bogor,Kabupaten Bogor Leuwiliang,2026-04-14 16:00:00,80,61,28,,4,9,0,80,,,,,
Tangerang,Tangerang Pasir Jaya,2026-04-13 01:00:00,-,52,24,,41,63,0,64,,,,,
Bekasi,Bekasi Kayuringin,2026-04-14 16:00:00,38,38,26,,74,16,0,24,,,,,
Jakarta,The Pakubuwono Menteng,2026-04-14 16:37:30,81,81,27,68,,,,,51,30.8,,,
Depok,Cinere - Nafas,2026-04-14 16:37:43,79,79,23,61,,,,,0,0,,,
Bogor,Kabupaten Bogor Leuwiliang,2026-04-14 16:00:00,80,61,28,,4,9,0,80,,,,,
Tangerang,Tangerang Pasir Jaya,2026-04-13 01:00:00,-,52,24,,41,63,0,64,,,,,
Bekasi,Bekasi Kayuringin,2026-04-14 16:00:00,38,38,26,,74,16,0,24,,,,,
Jakarta,The Pakubuwono Menteng,2026-04-14 16:38:29,82,82,25,69,,,,,51,30.7,,,
Depok,Cinere - Nafas,2026-04-14 16:38:43,77,77,24,55,,,,,0,0,,,
Bogor,Kabupaten Bogor Leuwiliang,2026-04-14 16:00:00,80,61,28,,4,9,0,80,,,,,
Tangerang,Tangerang Pasir Jaya,2026-04-13 01:00:00,-,52,24,,41,63,0,64,,,,,
Bekasi,Bekasi Kayuringin,2026-04-14 16:00:00,38,38,26,,74,16,0,24,,,,,
Jakarta,The Pakubuwono Menteng,2026-04-14 16:39:29,84,84,27,67,,,,,51,30.7,,,
Depok,Cinere - Nafas,2026-04-14 16:39:45,80,80,24,57,,,,,0,0,,,
Bogor,Kabupaten Bogor Leuwiliang,2026-04-14 16:00:00,80,61,28,,4,9,0,80,,,,,
Tangerang,Tangerang Pasir Jaya,2026-04-13 01:00:00,-,52,24,,41,63,0,64,,,,,
Bekasi,Bekasi Kayuringin,2026-04-14 16:00:00,38,38,26,,74,16,0,24,,,,,
Jakarta,The Pakubuwono Menteng,2026-04-14 16:40:32,79,79,24,66,,,,,51,30.6,,,
Depok,Cinere - Nafas,2026-04-14 16:40:43,81,81,25,61,,,,,0,0,,,
Bogor,Kabupaten Bogor Leuwiliang,2026-04-14 16:00:00,80,61,28,,4,9,0,80,,,,,
Tangerang,Tangerang Pasir Jaya,2026-04-13 01:00:00,-,52,24,,41,63,0,64,,,,,
Bekasi,Bekasi Kayuringin,2026-04-14 16:00:00,38,38,26,,74,16,0,24,,,,,
Jakarta,The Pakubuwono Menteng,2026-04-14 16:41:29,80,80,27,64,,,,,52,30.6,,,
Depok,Cinere - Nafas,2026-04-14 16:41:43,79,79,26,64,,,,,0,0,,,
Bogor,Kabupaten Bogor Leuwiliang,2026-04-14 16:00:00,80,61,28,,4,9,0,80,,,,,
Tangerang,Tangerang Pasir Jaya,2026-04-13 01:00:00,-,52,24,,41,63,0,64,,,,,
Bekasi,Bekasi Kayuringin,2026-04-14 16:00:00,38,38,26,,74,16,0,24,,,,,
Jakarta,The Pakubuwono Menteng,2026-04-14 16:42:29,83,83,26,68,,,,,52,30.5,,,
Depok,Cinere - Nafas,2026-04-14 16:42:43,81,81,27,64,,,,,0,0,,,
Bogor,Kabupaten Bogor Leuwiliang,2026-04-14 16:00:00,80,61,28,,4,9,0,80,,,,,
Tangerang,Tangerang Pasir Jaya,2026-04-13 01:00:00,-,52,24,,41,63,0,64,,,,,
Bekasi,Bekasi Kayuringin,2026-04-14 16:00:00,38,38,26,,74,16,0,24,,,,,
Jakarta,The Pakubuwono Menteng,2026-04-14 16:43:29,83,83,26,67,,,,,52,30.4,,,
Depok,Cinere - Nafas,2026-04-14 16:43:43,81,81,27,64,,,,,0,0,,,
Bogor,Kabupaten Bogor Leuwiliang,2026-04-14 16:00:00,80,61,28,,4,9,0,80,,,,,
Tangerang,Tangerang Pasir Jaya,2026-04-13 01:00:00,-,52,24,,41,63,0,64,,,,,
Bekasi,Bekasi Kayuringin,2026-04-14 16:00:00,38,38,26,,74,16,0,24,,,,,
Jakarta,The Pakubuwono Menteng,2026-04-14 16:45:29,81,81,24,63,,,,,52,30.3,,,
Depok,Cinere - Nafas,2026-04-14 16:46:43,83,83,26,66,,,,,0,0,,,
Bogor,Kabupaten Bogor Leuwiliang,2026-04-14 16:00:00,80,61,28,,4,9,0,80,,,,,
Tangerang,Tangerang Pasir Jaya,2026-04-13 01:00:00,-,52,24,,41,63,0,64,,,,,
Bekasi,Bekasi Kayuringin,2026-04-14 16:00:00,38,38,26,,74,16,0,24,,,,,
Jakarta,The Pakubuwono Menteng,2026-04-14 16:47:29,82,82,25,65,,,,,53,30.2,,,
Depok,Cinere - Nafas,2026-04-14 16:47:43,89,89,30,66,,,,,0,0,,,
Bogor,Kabupaten Bogor Leuwiliang,2026-04-14 16:00:00,80,61,28,,4,9,0,80,,,,,
Tangerang,Tangerang Pasir Jaya,2026-04-13 01:00:00,-,52,24,,41,63,0,64,,,,,
Bekasi,Bekasi Kayuringin,2026-04-14 16:00:00,38,38,26,,74,16,0,24,,,,,
Jakarta,The Pakubuwono Menteng,2026-04-14 16:47:29,82,82,25,65,,,,,53,30.2,,,
Depok,Cinere - Nafas,2026-04-14 16:47:43,89,89,30,66,,,,,0,0,,,
Bogor,Kabupaten Bogor Leuwiliang,2026-04-14 16:00:00,80,61,28,,4,9,0,80,,,,,
Tangerang,Tangerang Pasir Jaya,2026-04-13 01:00:00,-,52,24,,41,63,0,64,,,,,
Bekasi,Bekasi Kayuringin,2026-04-14 16:00:00,38,38,26,,74,16,0,24,,,,,
Jakarta,The Pakubuwono Menteng,2026-04-14 16:48:29,85,85,26,69,,,,,53,30.1,,,
Depok,Cinere - Nafas,2026-04-14 16:48:43,88,88,30,66,,,,,0,0,,,
Bogor,Kabupaten Bogor Leuwiliang,2026-04-14 16:00:00,80,61,28,,4,9,0,80,,,,,
Tangerang,Tangerang Pasir Jaya,2026-04-13 01:00:00,-,52,24,,41,63,0,64,,,,,
Bekasi,Bekasi Kayuringin,2026-04-14 16:00:00,38,38,26,,74,16,0,24,,,,,
Jakarta,The Pakubuwono Menteng,2026-04-14 16:50:29,83,83,25,68,,,,,54,29.9,,,
Depok,Cinere - Nafas,2026-04-14 16:50:43,91,91,32,70,,,,,0,0,,,
Bogor,Kabupaten Bogor Leuwiliang,2026-04-14 16:00:00,80,61,28,,4,9,0,80,,,,,
Tangerang,Tangerang Pasir Jaya,2026-04-13 01:00:00,-,52,24,,41,63,0,64,,,,,
Bekasi,Bekasi Kayuringin,2026-04-14 16:00:00,38,38,26,,74,16,0,24,,,,,
Jakarta,The Pakubuwono Menteng,2026-04-14 16:51:29,84,84,27,68,,,,,54,29.9,,,
Depok,Cinere - Nafas,2026-04-14 16:51:43,88,88,33,69,,,,,0,0,,,
Bogor,Kabupaten Bogor Leuwiliang,2026-04-14 16:00:00,80,61,28,,4,9,0,80,,,,,
Tangerang,Tangerang Pasir Jaya,2026-04-13 01:00:00,-,52,24,,41,63,0,64,,,,,
Bekasi,Bekasi Kayuringin,2026-04-14 16:00:00,38,38,26,,74,16,0,24,,,,,
Jakarta,The Pakubuwono Menteng,2026-04-14 16:52:29,88,88,30,71,,,,,55,29.8,,,
Depok,Cinere - Nafas,2026-04-14 16:52:43,88,88,31,68,,,,,0,0,,,
Bogor,Kabupaten Bogor Leuwiliang,2026-04-14 16:00:00,80,61,28,,4,9,0,80,,,,,
Tangerang,Tangerang Pasir Jaya,2026-04-13 01:00:00,-,52,24,,41,63,0,64,,,,,
Bekasi,Bekasi Kayuringin,2026-04-14 16:00:00,38,38,26,,74,16,0,24,,,,,
Jakarta,The Pakubuwono Menteng,2026-04-14 16:53:29,87,87,27,70,,,,,55,29.7,,,
Depok,Cinere - Nafas,2026-04-14 16:53:44,91,91,32,70,,,,,0,0,,,
Bogor,Kabupaten Bogor Leuwiliang,2026-04-14 16:00:00,80,61,28,,4,9,0,80,,,,,
Tangerang,Tangerang Pasir Jaya,2026-04-13 01:00:00,-,52,24,,41,63,0,64,,,,,
Bekasi,Bekasi Kayuringin,2026-04-14 16:00:00,38,38,26,,74,16,0,24,,,,,
Jakarta,The Pakubuwono Menteng,2026-04-14 16:54:29,78,78,24,68,,,,,55,29.7,,,
Depok,Cinere - Nafas,2026-04-14 16:55:44,91,91,30,71,,,,,0,0,,,
Bogor,Kabupaten Bogor Leuwiliang,2026-04-14 16:00:00,80,61,28,,4,9,0,80,,,,,
Tangerang,Tangerang Pasir Jaya,2026-04-13 01:00:00,-,52,24,,41,63,0,64,,,,,
Bekasi,Bekasi Kayuringin,2026-04-14 16:00:00,38,38,26,,74,16,0,24,,,,,
Jakarta,The Pakubuwono Menteng,2026-04-14 16:56:29,77,77,25,66,,,,,56,29.5,,,
Depok,Cinere - Nafas,2026-04-14 16:56:44,91,91,33,70,,,,,0,0,,,
Bogor,Kabupaten Bogor Leuwiliang,2026-04-14 16:00:00,80,61,28,,4,9,0,80,,,,,
Tangerang,Tangerang Pasir Jaya,2026-04-13 01:00:00,-,52,24,,41,63,0,64,,,,,
Bekasi,Bekasi Kayuringin,2026-04-14 16:00:00,38,38,26,,74,16,0,24,,,,,
Jakarta,The Pakubuwono Menteng,2026-04-14 16:57:29,79,79,24,64,,,,,56,29.5,,,
Depok,Cinere - Nafas,2026-04-14 16:57:44,92,92,33,72,,,,,0,0,,,
Bogor,Kabupaten Bogor Leuwiliang,2026-04-14 16:00:00,80,61,28,,4,9,0,80,,,,,
Tangerang,Tangerang Pasir Jaya,2026-04-13 01:00:00,-,52,24,,41,63,0,64,,,,,
Bekasi,Bekasi Kayuringin,2026-04-14 16:00:00,38,38,26,,74,16,0,24,,,,,
Jakarta,The Pakubuwono Menteng,2026-04-14 16:58:29,75,75,23,63,,,,,56,29.4,,,
Depok,Cinere - Nafas,2026-04-14 16:58:44,93,93,33,70,,,,,0,0,,,
Bogor,Kabupaten Bogor Leuwiliang,2026-04-14 16:00:00,80,61,28,,4,9,0,80,,,,,
Tangerang,Tangerang Pasir Jaya,2026-04-13 01:00:00,-,52,24,,41,63,0,64,,,,,
Bekasi,Bekasi Kayuringin,2026-04-14 16:00:00,38,38,26,,74,16,0,24,,,,,
Jakarta,The Pakubuwono Menteng,2026-04-14 17:00:29,62,62,18,32,,,,,56,29.3,,,
Depok,Cinere - Nafas,2026-04-14 17:00:44,89,89,31,70,,,,,0,0,,,
Bogor,Kabupaten Bogor Leuwiliang,2026-04-14 16:00:00,80,61,28,,4,9,0,80,,,,,
Tangerang,Tangerang Pasir Jaya,2026-04-13 01:00:00,-,52,24,,41,63,0,64,,,,,
Bekasi,Bekasi Kayuringin,2026-04-14 16:00:00,38,38,26,,74,16,0,24,,,,,
Jakarta,The Pakubuwono Menteng,2026-04-14 17:01:29,63,63,19,30,,,,,56,29.3,,,
Depok,Cinere - Nafas,2026-04-14 17:01:44,89,89,31,68,,,,,0,0,,,
Bogor,Kabupaten Bogor Leuwiliang,2026-04-14 16:00:00,80,61,28,,4,9,0,80,,,,,
Tangerang,Tangerang Pasir Jaya,2026-04-13 01:00:00,-,52,24,,41,63,0,64,,,,,
Bekasi,Bekasi Kayuringin,2026-04-14 16:00:00,38,38,26,,74,16,0,24,,,,,
Jakarta,The Pakubuwono Menteng,2026-04-14 17:02:30,59,59,16,36,,,,,56,29.2,,,
Depok,Cinere - Nafas,2026-04-14 17:02:44,89,89,29,69,,,,,0,0,,,
Bogor,Kabupaten Bogor Leuwiliang,2026-04-14 16:00:00,80,61,28,,4,9,0,80,,,,,
Tangerang,Tangerang Pasir Jaya,2026-04-13 01:00:00,-,52,24,,41,63,0,64,,,,,
Bekasi,Bekasi Kayuringin,2026-04-14 16:00:00,38,38,26,,74,16,0,24,,,,,
Jakarta,The Pakubuwono Menteng,2026-04-14 17:02:30,59,59,16,36,,,,,56,29.2,,,
Depok,Cinere - Nafas,2026-04-14 17:02:44,89,89,29,69,,,,,0,0,,,
Bogor,Kabupaten Bogor Leuwiliang,2026-04-14 16:00:00,80,61,28,,4,9,0,80,,,,,
Tangerang,Tangerang Pasir Jaya,2026-04-13 01:00:00,-,52,24,,41,63,0,64,,,,,
Bekasi,Bekasi Kayuringin,2026-04-14 16:00:00,38,38,26,,74,16,0,24,,,,,
Jakarta,The Pakubuwono Menteng,2026-04-14 17:03:29,62,62,18,45,,,,,56,29.2,,,
Depok,Cinere - Nafas,2026-04-14 17:03:44,88,88,29,70,,,,,0,0,,,
Bogor,Kabupaten Bogor Leuwiliang,2026-04-14 16:00:00,80,61,28,,4,9,0,80,,,,,
Tangerang,Tangerang Pasir Jaya,2026-04-13 01:00:00,-,52,24,,41,63,0,64,,,,,
Bekasi,Bekasi Kayuringin,2026-04-14 16:00:00,38,38,26,,74,16,0,24,,,,,
Jakarta,The Pakubuwono Menteng,2026-04-14 17:06:29,61,61,19,34,,,,,56,29,,,
Depok,Cinere - Nafas,2026-04-14 17:06:44,89,89,31,70,,,,,0,0,,,
Bogor,Kabupaten Bogor Leuwiliang,2026-04-14 16:00:00,80,61,28,,4,9,0,80,,,,,
Tangerang,Tangerang Pasir Jaya,2026-04-13 01:00:00,-,52,24,,41,63,0,64,,,,,
Bekasi,Bekasi Kayuringin,2026-04-14 16:00:00,38,38,26,,74,16,0,24,,,,,
Jakarta,The Pakubuwono Menteng,2026-04-14 17:07:32,59,59,16,32,,,,,57,29,,,
Depok,Cinere - Nafas,2026-04-14 17:07:44,88,88,31,69,,,,,0,0,,,
Bogor,Kabupaten Bogor Leuwiliang,2026-04-14 16:00:00,80,61,28,,4,9,0,80,,,,,
Tangerang,Tangerang Pasir Jaya,2026-04-13 01:00:00,-,52,24,,41,63,0,64,,,,,
Bekasi,Bekasi Kayuringin,2026-04-14 16:00:00,38,38,26,,74,16,0,24,,,,,
Jakarta,The Pakubuwono Menteng,2026-04-14 17:08:29,59,59,16,30,,,,,57,28.9,,,
Depok,Cinere - Nafas,2026-04-14 17:08:44,87,87,31,70,,,,,0,0,,,
Bogor,Kabupaten Bogor Leuwiliang,2026-04-14 17:00:00,80,59,27,,4,9,0,80,,,,,
Tangerang,Tangerang Pasir Jaya,2026-04-13 01:00:00,-,52,24,,41,63,0,64,,,,,
Bekasi,Bekasi Kayuringin,2026-04-14 17:00:00,38,38,26,,74,16,0,24,,,,,
Jakarta,The Pakubuwono Menteng,2026-04-14 17:09:29,61,61,17,35,,,,,57,28.9,,,
Depok,Cinere - Nafas,2026-04-14 17:09:44,90,90,30,68,,,,,0,0,,,
Bogor,Kabupaten Bogor Leuwiliang,2026-04-14 17:00:00,80,59,27,,4,9,0,80,,,,,
Tangerang,Tangerang Pasir Jaya,2026-04-13 01:00:00,-,52,24,,41,63,0,64,,,,,
Bekasi,Bekasi Kayuringin,2026-04-14 17:00:00,38,38,26,,74,16,0,24,,,,,
Jakarta,The Pakubuwono Menteng,2026-04-14 17:10:29,62,62,21,33,,,,,57,28.8,,,
Depok,Cinere - Nafas,2026-04-14 17:10:44,91,91,31,70,,,,,0,0,,,
Bogor,Kabupaten Bogor Leuwiliang,2026-04-14 17:00:00,80,59,27,,4,9,0,80,,,,,
Tangerang,Tangerang Pasir Jaya,2026-04-13 01:00:00,-,52,24,,41,63,0,64,,,,,
Bekasi,Bekasi Kayuringin,2026-04-14 17:00:00,38,38,26,,74,16,0,24,,,,,
Jakarta,The Pakubuwono Menteng,2026-04-14 17:11:29,63,63,17,50,,,,,58,28.8,,,
Depok,Cinere - Nafas,2026-04-14 17:11:44,93,93,32,70,,,,,0,0,,,
Bogor,Kabupaten Bogor Leuwiliang,2026-04-14 17:00:00,80,59,27,,4,9,0,80,,,,,
Tangerang,Tangerang Pasir Jaya,2026-04-13 01:00:00,-,52,24,,41,63,0,64,,,,,
Bekasi,Bekasi Kayuringin,2026-04-14 17:00:00,38,38,26,,74,16,0,24,,,,,
Jakarta,The Pakubuwono Menteng,2026-04-14 17:12:29,64,64,19,45,,,,,58,28.8,,,
Depok,Cinere - Nafas,2026-04-14 17:12:44,89,89,31,71,,,,,0,0,,,
Bogor,Kabupaten Bogor Leuwiliang,2026-04-14 17:00:00,80,59,27,,4,9,0,80,,,,,
Tangerang,Tangerang Pasir Jaya,2026-04-13 01:00:00,-,52,24,,41,63,0,64,,,,,
Bekasi,Bekasi Kayuringin,2026-04-14 17:00:00,38,38,26,,74,16,0,24,,,,,
Jakarta,The Pakubuwono Menteng,2026-04-14 17:13:29,59,59,17,32,,,,,58,28.8,,,
Depok,Cinere - Nafas,2026-04-14 17:13:44,92,92,32,71,,,,,0,0,,,
Bogor,Kabupaten Bogor Leuwiliang,2026-04-14 17:00:00,80,59,27,,4,9,0,80,,,,,
Tangerang,Tangerang Pasir Jaya,2026-04-13 01:00:00,-,52,24,,41,63,0,64,,,,,
Bekasi,Bekasi Kayuringin,2026-04-14 17:00:00,38,38,26,,74,16,0,24,,,,,
Jakarta,The Pakubuwono Menteng,2026-04-14 17:15:29,62,62,19,35,,,,,58,28.8,,,
Depok,Cinere - Nafas,2026-04-14 17:15:44,88,88,29,69,,,,,0,0,,,
Bogor,Kabupaten Bogor Leuwiliang,2026-04-14 17:00:00,80,59,27,,4,9,0,80,,,,,
Tangerang,Tangerang Pasir Jaya,2026-04-13 01:00:00,-,52,24,,41,63,0,64,,,,,
Bekasi,Bekasi Kayuringin,2026-04-14 17:00:00,38,38,26,,74,16,0,24,,,,,
Jakarta,The Pakubuwono Menteng,2026-04-14 17:17:29,50,50,15,30,,,,,57,28.7,,,
Depok,Cinere - Nafas,2026-04-14 17:17:44,88,88,30,71,,,,,0,0,,,
Bogor,Kabupaten Bogor Leuwiliang,2026-04-14 17:00:00,80,59,27,,4,9,0,80,,,,,
Tangerang,Tangerang Pasir Jaya,2026-04-13 01:00:00,-,52,24,,41,63,0,64,,,,,
Bekasi,Bekasi Kayuringin,2026-04-14 17:00:00,38,38,26,,74,16,0,24,,,,,
Jakarta,The Pakubuwono Menteng,2026-04-14 17:18:29,49,49,12,27,,,,,57,28.7,,,
Depok,Cinere - Nafas,2026-04-14 17:18:44,89,89,30,69,,,,,0,0,,,
Bogor,Kabupaten Bogor Leuwiliang,2026-04-14 17:00:00,80,59,27,,4,9,0,80,,,,,
Tangerang,Tangerang Pasir Jaya,2026-04-13 01:00:00,-,52,24,,41,63,0,64,,,,,
Bekasi,Bekasi Kayuringin,2026-04-14 17:00:00,38,38,26,,74,16,0,24,,,,,
Jakarta,The Pakubuwono Menteng,2026-04-14 17:19:29,57,57,14,30,,,,,57,28.6,,,
Depok,Cinere - Nafas,2026-04-14 17:19:44,87,87,31,70,,,,,0,0,,,
Bogor,Kabupaten Bogor Leuwiliang,2026-04-14 17:00:00,80,59,27,,4,9,0,80,,,,,
Tangerang,Tangerang Pasir Jaya,2026-04-13 01:00:00,-,52,24,,41,63,0,64,,,,,
Bekasi,Bekasi Kayuringin,2026-04-14 17:00:00,38,38,26,,74,16,0,24,,,,,
Jakarta,The Pakubuwono Menteng,2026-04-14 17:19:29,57,57,14,30,,,,,57,28.6,,,
Depok,Cinere - Nafas,2026-04-14 17:19:44,87,87,31,70,,,,,0,0,,,
Bogor,Kabupaten Bogor Leuwiliang,2026-04-14 17:00:00,80,59,27,,4,9,0,80,,,,,
Tangerang,Tangerang Pasir Jaya,2026-04-13 01:00:00,-,52,24,,41,63,0,64,,,,,
Bekasi,Bekasi Kayuringin,2026-04-14 17:00:00,38,38,26,,74,16,0,24,,,,,
Jakarta,The Pakubuwono Menteng,2026-04-14 17:20:29,45,45,12,27,,,,,57,28.6,,,
Depok,Cinere - Nafas,2026-04-14 17:20:44,87,87,30,66,,,,,0,0,,,
Bogor,Kabupaten Bogor Leuwiliang,2026-04-14 17:00:00,80,59,27,,4,9,0,80,,,,,
Tangerang,Tangerang Pasir Jaya,2026-04-13 01:00:00,-,52,24,,41,63,0,64,,,,,
Bekasi,Bekasi Kayuringin,2026-04-14 17:00:00,38,38,26,,74,16,0,24,,,,,
Jakarta,The Pakubuwono Menteng,2026-04-14 17:22:29,45,45,11,27,,,,,57,28.6,,,
Depok,Cinere - Nafas,2026-04-14 17:22:44,87,87,28,68,,,,,0,0,,,
Bogor,Kabupaten Bogor Leuwiliang,2026-04-14 17:00:00,80,59,27,,4,9,0,80,,,,,
Tangerang,Tangerang Pasir Jaya,2026-04-13 01:00:00,-,52,24,,41,63,0,64,,,,,
Bekasi,Bekasi Kayuringin,2026-04-14 17:00:00,38,38,26,,74,16,0,24,,,,,
Jakarta,The Pakubuwono Menteng,2026-04-14 17:23:30,50,50,11,32,,,,,57,28.6,,,
Depok,Cinere - Nafas,2026-04-14 17:24:44,91,91,30,67,,,,,0,0,,,
Bogor,Kabupaten Bogor Leuwiliang,2026-04-14 17:00:00,80,59,27,,4,9,0,80,,,,,
Tangerang,Tangerang Pasir Jaya,2026-04-13 01:00:00,-,52,24,,41,63,0,64,,,,,
Bekasi,Bekasi Kayuringin,2026-04-14 17:00:00,38,38,26,,74,16,0,24,,,,,
Jakarta,The Pakubuwono Menteng,2026-04-14 17:25:29,59,59,17,35,,,,,57,28.6,,,
Depok,Cinere - Nafas,2026-04-14 17:25:44,91,91,30,66,,,,,0,0,,,
Bogor,Kabupaten Bogor Leuwiliang,2026-04-14 17:00:00,80,59,27,,4,9,0,80,,,,,
Tangerang,Tangerang Pasir Jaya,2026-04-13 01:00:00,-,52,24,,41,63,0,64,,,,,
Bekasi,Bekasi Kayuringin,2026-04-14 17:00:00,38,38,26,,74,16,0,24,,,,,
Jakarta,The Pakubuwono Menteng,2026-04-14 17:26:30,56,56,17,28,,,,,57,28.6,,,
Depok,Cinere - Nafas,2026-04-14 17:26:44,87,87,30,71,,,,,0,0,,,
Bogor,Kabupaten Bogor Leuwiliang,2026-04-14 17:00:00,80,59,27,,4,9,0,80,,,,,
Tangerang,Tangerang Pasir Jaya,2026-04-13 01:00:00,-,52,24,,41,63,0,64,,,,,
Bekasi,Bekasi Kayuringin,2026-04-14 17:00:00,38,38,26,,74,16,0,24,,,,,
Jakarta,The Pakubuwono Menteng,2026-04-14 17:28:30,54,54,16,30,,,,,57,28.6,,,
Depok,Cinere - Nafas,2026-04-14 17:28:44,87,87,32,68,,,,,0,0,,,
Bogor,Kabupaten Bogor Leuwiliang,2026-04-14 17:00:00,80,59,27,,4,9,0,80,,,,,
Tangerang,Tangerang Pasir Jaya,2026-04-13 01:00:00,-,52,24,,41,63,0,64,,,,,
Bekasi,Bekasi Kayuringin,2026-04-14 17:00:00,38,38,26,,74,16,0,24,,,,,
Jakarta,The Pakubuwono Menteng,2026-04-14 17:28:30,54,54,16,30,,,,,57,28.6,,,
Depok,Cinere - Nafas,2026-04-14 17:28:44,87,87,32,68,,,,,0,0,,,
Bogor,Kabupaten Bogor Leuwiliang,2026-04-14 17:00:00,80,59,27,,4,9,0,80,,,,,
Tangerang,Tangerang Pasir Jaya,2026-04-13 01:00:00,-,52,24,,41,63,0,64,,,,,
Bekasi,Bekasi Kayuringin,2026-04-14 17:00:00,38,38,26,,74,16,0,24,,,,,
Jakarta,The Pakubuwono Menteng,2026-04-14 17:29:30,56,56,17,36,,,,,57,28.6,,,
Depok,Cinere - Nafas,2026-04-14 17:29:44,91,91,32,71,,,,,0,0,,,
Bogor,Kabupaten Bogor Leuwiliang,2026-04-14 17:00:00,80,59,27,,4,9,0,80,,,,,
Tangerang,Tangerang Pasir Jaya,2026-04-13 01:00:00,-,52,24,,41,63,0,64,,,,,
Bekasi,Bekasi Kayuringin,2026-04-14 17:00:00,38,38,26,,74,16,0,24,,,,,
Jakarta,The Pakubuwono Menteng,2026-04-14 17:30:30,59,59,15,36,,,,,57,28.6,,,
Depok,Cinere - Nafas,2026-04-14 17:30:44,90,90,31,71,,,,,0,0,,,
Bogor,Kabupaten Bogor Leuwiliang,2026-04-14 17:00:00,80,59,27,,4,9,0,80,,,,,
Tangerang,Tangerang Pasir Jaya,2026-04-13 01:00:00,-,52,24,,41,63,0,64,,,,,
Bekasi,Bekasi Kayuringin,2026-04-14 17:00:00,38,38,26,,74,16,0,24,,,,,
Jakarta,The Pakubuwono Menteng,2026-04-14 17:31:30,59,59,16,35,,,,,57,28.6,,,
Depok,Cinere - Nafas,2026-04-14 17:31:44,91,91,33,71,,,,,0,0,,,
Bogor,Kabupaten Bogor Leuwiliang,2026-04-14 17:00:00,80,59,27,,4,9,0,80,,,,,
Tangerang,Tangerang Pasir Jaya,2026-04-13 01:00:00,-,52,24,,41,63,0,64,,,,,
Bekasi,Bekasi Kayuringin,2026-04-14 17:00:00,38,38,26,,74,16,0,24,,,,,
Jakarta,The Pakubuwono Menteng,2026-04-14 17:33:30,60,60,17,44,,,,,57,28.6,,,
Depok,Cinere - Nafas,2026-04-14 17:34:44,93,93,32,69,,,,,0,0,,,
Bogor,Kabupaten Bogor Leuwiliang,2026-04-14 17:00:00,80,59,27,,4,9,0,80,,,,,
Tangerang,Tangerang Pasir Jaya,2026-04-13 01:00:00,-,52,24,,41,63,0,64,,,,,
Bekasi,Bekasi Kayuringin,2026-04-14 17:00:00,38,38,26,,74,16,0,24,,,,,
Jakarta,The Pakubuwono Menteng,2026-04-14 17:35:30,59,59,16,33,,,,,57,28.5,,,
Depok,Cinere - Nafas,2026-04-14 17:35:44,95,95,35,69,,,,,0,0,,,
Bogor,Kabupaten Bogor Leuwiliang,2026-04-14 17:00:00,80,59,27,,4,9,0,80,,,,,
Tangerang,Tangerang Pasir Jaya,2026-04-13 01:00:00,-,52,24,,41,63,0,64,,,,,
Bekasi,Bekasi Kayuringin,2026-04-14 17:00:00,38,38,26,,74,16,0,24,,,,,
Jakarta,The Pakubuwono Menteng,2026-04-14 17:36:30,51,51,14,30,,,,,57,28.5,,,
Depok,Cinere - Nafas,2026-04-14 17:36:44,91,91,32,70,,,,,0,0,,,
Bogor,Kabupaten Bogor Leuwiliang,2026-04-14 17:00:00,80,59,27,,4,9,0,80,,,,,
Tangerang,Tangerang Pasir Jaya,2026-04-13 01:00:00,-,52,24,,41,63,0,64,,,,,
Bekasi,Bekasi Kayuringin,2026-04-14 17:00:00,38,38,26,,74,16,0,24,,,,,
Jakarta,The Pakubuwono Menteng,2026-04-14 17:36:30,51,51,14,30,,,,,57,28.5,,,
Depok,Cinere - Nafas,2026-04-14 17:36:44,91,91,32,70,,,,,0,0,,,
Bogor,Kabupaten Bogor Leuwiliang,2026-04-14 17:00:00,80,59,27,,4,9,0,80,,,,,
Tangerang,Tangerang Pasir Jaya,2026-04-13 01:00:00,-,52,24,,41,63,0,64,,,,,
Bekasi,Bekasi Kayuringin,2026-04-14 17:00:00,38,38,26,,74,16,0,24,,,,,
Jakarta,The Pakubuwono Menteng,2026-04-14 17:38:30,53,53,15,32,,,,,57,28.5,,,
Depok,Cinere - Nafas,2026-04-14 17:38:44,94,94,33,70,,,,,0,0,,,
Bogor,Kabupaten Bogor Leuwiliang,2026-04-14 17:00:00,80,59,27,,4,9,0,80,,,,,
Tangerang,Tangerang Pasir Jaya,2026-04-13 01:00:00,-,52,24,,41,63,0,64,,,,,
Bekasi,Bekasi Kayuringin,2026-04-14 17:00:00,38,38,26,,74,16,0,24,,,,,
Jakarta,The Pakubuwono Menteng,2026-04-14 17:39:30,47,47,12,28,,,,,56,28.5,,,
Depok,Cinere - Nafas,2026-04-14 17:39:44,96,96,36,73,,,,,0,0,,,
Bogor,Kabupaten Bogor Leuwiliang,2026-04-14 17:00:00,80,59,27,,4,9,0,80,,,,,
Tangerang,Tangerang Pasir Jaya,2026-04-13 01:00:00,-,52,24,,41,63,0,64,,,,,
Bekasi,Bekasi Kayuringin,2026-04-14 17:00:00,38,38,26,,74,16,0,24,,,,,
Jakarta,The Pakubuwono Menteng,2026-04-14 17:40:30,38,38,12,23,,,,,56,28.5,,,
Depok,Cinere - Nafas,2026-04-14 17:40:44,154,154,58,125,,,,,0,0,,,
Bogor,Kabupaten Bogor Leuwiliang,2026-04-14 17:00:00,80,59,27,,4,9,0,80,,,,,
Tangerang,Tangerang Pasir Jaya,2026-04-13 01:00:00,-,52,24,,41,63,0,64,,,,,
Bekasi,Bekasi Kayuringin,2026-04-14 17:00:00,38,38,26,,74,16,0,24,,,,,
Jakarta,The Pakubuwono Menteng,2026-04-14 17:41:30,49,49,13,28,,,,,56,28.5,,,
Depok,Cinere - Nafas,2026-04-14 17:41:45,136,136,53,98,,,,,0,0,,,
Bogor,Kabupaten Bogor Leuwiliang,2026-04-14 17:00:00,80,59,27,,4,9,0,80,,,,,
Tangerang,Tangerang Pasir Jaya,2026-04-13 01:00:00,-,52,24,,41,63,0,64,,,,,
Bekasi,Bekasi Kayuringin,2026-04-14 17:00:00,38,38,26,,74,16,0,24,,,,,
Jakarta,The Pakubuwono Menteng,2026-04-14 17:44:30,30,30,8,22,,,,,56,28.4,,,
Depok,Cinere - Nafas,2026-04-14 17:44:45,94,94,34,72,,,,,0,0,,,
Bogor,Kabupaten Bogor Leuwiliang,2026-04-14 17:00:00,80,59,27,,4,9,0,80,,,,,
Tangerang,Tangerang Pasir Jaya,2026-04-13 01:00:00,-,52,24,,41,63,0,64,,,,,
Bekasi,Bekasi Kayuringin,2026-04-14 17:00:00,38,38,26,,74,16,0,24,,,,,
Jakarta,The Pakubuwono Menteng,2026-04-14 17:44:30,30,30,8,22,,,,,56,28.4,,,
Depok,Cinere - Nafas,2026-04-14 17:44:45,94,94,34,72,,,,,0,0,,,
Bogor,Kabupaten Bogor Leuwiliang,2026-04-14 17:00:00,80,59,27,,4,9,0,80,,,,,
Tangerang,Tangerang Pasir Jaya,2026-04-13 01:00:00,-,52,24,,41,63,0,64,,,,,
Bekasi,Bekasi Kayuringin,2026-04-14 17:00:00,38,38,26,,74,16,0,24,,,,,
Jakarta,The Pakubuwono Menteng,2026-04-14 17:45:30,48,48,11,22,,,,,56,28.4,,,
Depok,Cinere - Nafas,2026-04-14 17:45:45,95,95,34,70,,,,,0,0,,,
Bogor,Kabupaten Bogor Leuwiliang,2026-04-14 17:00:00,80,59,27,,4,9,0,80,,,,,
Tangerang,Tangerang Pasir Jaya,2026-04-13 01:00:00,-,52,24,,41,63,0,64,,,,,
Bekasi,Bekasi Kayuringin,2026-04-14 17:00:00,38,38,26,,74,16,0,24,,,,,
Jakarta,The Pakubuwono Menteng,2026-04-14 17:46:30,40,40,9,24,,,,,56,28.4,,,
Depok,Cinere - Nafas,2026-04-14 17:46:45,93,93,33,71,,,,,0,0,,,
Bogor,Kabupaten Bogor Leuwiliang,2026-04-14 17:00:00,80,59,27,,4,9,0,80,,,,,
Tangerang,Tangerang Pasir Jaya,2026-04-13 01:00:00,-,52,24,,41,63,0,64,,,,,
Bekasi,Bekasi Kayuringin,2026-04-14 17:00:00,38,38,26,,74,16,0,24,,,,,
Jakarta,The Pakubuwono Menteng,2026-04-14 17:47:30,52,52,14,30,,,,,56,28.3,,,
Depok,Cinere - Nafas,2026-04-14 17:47:45,90,90,31,70,,,,,0,0,,,
Bogor,Kabupaten Bogor Leuwiliang,2026-04-14 17:00:00,80,59,27,,4,9,0,80,,,,,
Tangerang,Tangerang Pasir Jaya,2026-04-13 01:00:00,-,52,24,,41,63,0,64,,,,,
Bekasi,Bekasi Kayuringin,2026-04-14 17:00:00,38,38,26,,74,16,0,24,,,,,
Jakarta,The Pakubuwono Menteng,2026-04-14 17:49:30,53,53,17,33,,,,,56,28.3,,,
Depok,Cinere - Nafas,2026-04-14 17:49:45,94,94,34,70,,,,,0,0,,,
Bogor,Kabupaten Bogor Leuwiliang,2026-04-14 17:00:00,80,59,27,,4,9,0,80,,,,,
Tangerang,Tangerang Pasir Jaya,2026-04-13 01:00:00,-,52,24,,41,63,0,64,,,,,
Bekasi,Bekasi Kayuringin,2026-04-14 17:00:00,38,38,26,,74,16,0,24,,,,,
Jakarta,The Pakubuwono Menteng,2026-04-14 17:50:30,51,51,13,22,,,,,56,28.3,,,
Depok,Cinere - Nafas,2026-04-14 17:50:45,93,93,34,70,,,,,0,0,,,
Bogor,Kabupaten Bogor Leuwiliang,2026-04-14 17:00:00,80,59,27,,4,9,0,80,,,,,
Tangerang,Tangerang Pasir Jaya,2026-04-13 01:00:00,-,52,24,,41,63,0,64,,,,,
Bekasi,Bekasi Kayuringin,2026-04-14 17:00:00,38,38,26,,74,16,0,24,,,,,
Jakarta,The Pakubuwono Menteng,2026-04-14 17:51:30,54,54,14,35,,,,,56,28.3,,,
Depok,Cinere - Nafas,2026-04-14 17:51:45,96,96,35,71,,,,,0,0,,,
Bogor,Kabupaten Bogor Leuwiliang,2026-04-14 17:00:00,80,59,27,,4,9,0,80,,,,,
Tangerang,Tangerang Pasir Jaya,2026-04-13 01:00:00,-,52,24,,41,63,0,64,,,,,
Bekasi,Bekasi Kayuringin,2026-04-14 17:00:00,38,38,26,,74,16,0,24,,,,,
Jakarta,The Pakubuwono Menteng,2026-04-14 17:52:30,47,47,11,22,,,,,56,28.3,,,
Depok,Cinere - Nafas,2026-04-14 17:52:45,95,95,38,72,,,,,0,0,,,
Bogor,Kabupaten Bogor Leuwiliang,2026-04-14 17:00:00,80,59,27,,4,9,0,80,,,,,
Tangerang,Tangerang Pasir Jaya,2026-04-13 01:00:00,-,52,24,,41,63,0,64,,,,,
Bekasi,Bekasi Kayuringin,2026-04-14 17:00:00,38,38,26,,74,16,0,24,,,,,
Jakarta,The Pakubuwono Menteng,2026-04-14 17:54:30,50,50,15,31,,,,,56,28.2,,,
Depok,Cinere - Nafas,2026-04-14 17:54:45,100,100,36,72,,,,,0,0,,,
Bogor,Kabupaten Bogor Leuwiliang,2026-04-14 17:00:00,80,59,27,,4,9,0,80,,,,,
Tangerang,Tangerang Pasir Jaya,2026-04-13 01:00:00,-,52,24,,41,63,0,64,,,,,
Bekasi,Bekasi Kayuringin,2026-04-14 17:00:00,38,38,26,,74,16,0,24,,,,,
Jakarta,The Pakubuwono Menteng,2026-04-14 17:55:30,54,54,14,24,,,,,56,28.2,,,
Depok,Cinere - Nafas,2026-04-14 17:55:45,97,97,37,72,,,,,0,0,,,
Bogor,Kabupaten Bogor Leuwiliang,2026-04-14 17:00:00,80,59,27,,4,9,0,80,,,,,
Tangerang,Tangerang Pasir Jaya,2026-04-13 01:00:00,-,52,24,,41,63,0,64,,,,,
Bekasi,Bekasi Kayuringin,2026-04-14 17:00:00,38,38,26,,74,16,0,24,,,,,
Jakarta,The Pakubuwono Menteng,2026-04-14 17:56:30,42,42,10,20,,,,,56,28.2,,,
Depok,Cinere - Nafas,2026-04-14 17:56:45,94,94,35,73,,,,,0,0,,,
Bogor,Kabupaten Bogor Leuwiliang,2026-04-14 17:00:00,80,59,27,,4,9,0,80,,,,,
Tangerang,Tangerang Pasir Jaya,2026-04-13 01:00:00,-,52,24,,41,63,0,64,,,,,
Bekasi,Bekasi Kayuringin,2026-04-14 17:00:00,38,38,26,,74,16,0,24,,,,,
Jakarta,The Pakubuwono Menteng,2026-04-14 17:57:30,52,52,13,30,,,,,56,28.2,,,
Depok,Cinere - Nafas,2026-04-14 17:57:45,95,95,35,72,,,,,0,0,,,
Bogor,Kabupaten Bogor Leuwiliang,2026-04-14 17:00:00,80,59,27,,4,9,0,80,,,,,
Tangerang,Tangerang Pasir Jaya,2026-04-13 01:00:00,-,52,24,,41,63,0,64,,,,,
Bekasi,Bekasi Kayuringin,2026-04-14 17:00:00,38,38,26,,74,16,0,24,,,,,
Jakarta,The Pakubuwono Menteng,2026-04-14 17:58:30,37,37,12,22,,,,,56,28.2,,,
Depok,Cinere - Nafas,2026-04-14 17:58:45,99,99,38,74,,,,,0,0,,,
Bogor,Kabupaten Bogor Leuwiliang,2026-04-14 17:00:00,80,59,27,,4,9,0,80,,,,,
Tangerang,Tangerang Pasir Jaya,2026-04-13 01:00:00,-,52,24,,41,63,0,64,,,,,
Bekasi,Bekasi Kayuringin,2026-04-14 17:00:00,38,38,26,,74,16,0,24,,,,,
Jakarta,The Pakubuwono Menteng,2026-04-14 18:00:30,45,45,10,29,,,,,56,28.2,,,
Depok,Cinere - Nafas,2026-04-14 18:00:45,99,99,36,73,,,,,0,0,,,
Bogor,Kabupaten Bogor Leuwiliang,2026-04-14 17:00:00,80,59,27,,4,9,0,80,,,,,
Tangerang,Tangerang Pasir Jaya,2026-04-13 01:00:00,-,52,24,,41,63,0,64,,,,,
Bekasi,Bekasi Kayuringin,2026-04-14 17:00:00,38,38,26,,74,16,0,24,,,,,
Jakarta,The Pakubuwono Menteng,2026-04-14 18:00:30,45,45,10,29,,,,,56,28.2,,,
Depok,Cinere - Nafas,2026-04-14 18:01:45,105,105,42,75,,,,,0,0,,,
Bogor,Kabupaten Bogor Leuwiliang,2026-04-14 17:00:00,80,59,27,,4,9,0,80,,,,,
Tangerang,Tangerang Pasir Jaya,2026-04-13 01:00:00,-,52,24,,41,63,0,64,,,,,
Bekasi,Bekasi Kayuringin,2026-04-14 17:00:00,38,38,26,,74,16,0,24,,,,,
Jakarta,The Pakubuwono Menteng,2026-04-14 18:02:30,51,51,13,24,,,,,56,28.2,,,
Depok,Cinere - Nafas,2026-04-14 18:02:45,99,99,40,75,,,,,0,0,,,
Bogor,Kabupaten Bogor Leuwiliang,2026-04-14 17:00:00,80,59,27,,4,9,0,80,,,,,
Tangerang,Tangerang Pasir Jaya,2026-04-13 01:00:00,-,52,24,,41,63,0,64,,,,,
Bekasi,Bekasi Kayuringin,2026-04-14 17:00:00,38,38,26,,74,16,0,24,,,,,
Jakarta,The Pakubuwono Menteng,2026-04-14 18:04:30,51,51,12,29,,,,,56,28.2,,,
Depok,Cinere - Nafas,2026-04-14 18:04:46,103,103,41,78,,,,,0,0,,,
Bogor,Kabupaten Bogor Leuwiliang,2026-04-14 17:00:00,80,59,27,,4,9,0,80,,,,,
Tangerang,Tangerang Pasir Jaya,2026-04-13 01:00:00,-,52,24,,41,63,0,64,,,,,
Bekasi,Bekasi Kayuringin,2026-04-14 17:00:00,38,38,26,,74,16,0,24,,,,,
Jakarta,The Pakubuwono Menteng,2026-04-14 18:05:30,49,49,11,26,,,,,56,28.2,,,
Depok,Cinere - Nafas,2026-04-14 18:05:45,100,100,38,74,,,,,0,0,,,
Bogor,Kabupaten Bogor Leuwiliang,2026-04-14 17:00:00,80,59,27,,4,9,0,80,,,,,
Tangerang,Tangerang Pasir Jaya,2026-04-13 01:00:00,-,52,24,,41,63,0,64,,,,,
Bekasi,Bekasi Kayuringin,2026-04-14 17:00:00,38,38,26,,74,16,0,24,,,,,
Jakarta,The Pakubuwono Menteng,2026-04-14 18:06:30,38,38,13,22,,,,,56,28.2,,,
Depok,Cinere - Nafas,2026-04-14 18:06:45,106,106,41,79,,,,,0,0,,,
Bogor,Kabupaten Bogor Leuwiliang,2026-04-14 17:00:00,80,59,27,,4,9,0,80,,,,,
Tangerang,Tangerang Pasir Jaya,2026-04-13 01:00:00,-,52,24,,41,63,0,64,,,,,
Bekasi,Bekasi Kayuringin,2026-04-14 17:00:00,38,38,26,,74,16,0,24,,,,,
Jakarta,The Pakubuwono Menteng,2026-04-14 18:07:30,52,52,12,26,,,,,56,28.2,,,
Depok,Cinere - Nafas,2026-04-14 18:07:45,103,103,40,75,,,,,0,0,,,
Bogor,Kabupaten Bogor Leuwiliang,2026-04-14 17:00:00,80,59,27,,4,9,0,80,,,,,
Tangerang,Tangerang Pasir Jaya,2026-04-13 01:00:00,-,52,24,,41,63,0,64,,,,,
Bekasi,Bekasi Kayuringin,2026-04-14 17:00:00,38,38,26,,74,16,0,24,,,,,
Jakarta,The Pakubuwono Menteng,2026-04-14 18:07:30,52,52,12,26,,,,,56,28.2,,,
Depok,Cinere - Nafas,2026-04-14 18:07:45,103,103,40,75,,,,,0,0,,,
Bogor,Kabupaten Bogor Leuwiliang,2026-04-14 17:00:00,80,59,27,,4,9,0,80,,,,,
Tangerang,Tangerang Pasir Jaya,2026-04-13 01:00:00,-,52,24,,41,63,0,64,,,,,
Bekasi,Bekasi Kayuringin,2026-04-14 18:00:00,38,38,26,,74,16,0,24,,,,,
Jakarta,The Pakubuwono Menteng,2026-04-14 18:09:30,53,53,13,28,,,,,56,28.2,,,
Depok,Cinere - Nafas,2026-04-14 18:10:45,124,124,49,88,,,,,0,0,,,
Bogor,Kabupaten Bogor Leuwiliang,2026-04-14 18:00:00,80,59,26,,4,9,0,80,,,,,
Tangerang,Tangerang Pasir Jaya,2026-04-13 01:00:00,-,52,24,,41,63,0,64,,,,,
Bekasi,Bekasi Kayuringin,2026-04-14 18:00:00,38,38,26,,74,16,0,24,,,,,
Jakarta,The Pakubuwono Menteng,2026-04-14 18:11:30,54,54,14,29,,,,,56,28.2,,,
Depok,Cinere - Nafas,2026-04-14 18:11:45,123,123,51,88,,,,,0,0,,,
Bogor,Kabupaten Bogor Leuwiliang,2026-04-14 18:00:00,80,59,26,,4,9,0,80,,,,,
Tangerang,Tangerang Pasir Jaya,2026-04-13 01:00:00,-,52,24,,41,63,0,64,,,,,
Bekasi,Bekasi Kayuringin,2026-04-14 18:00:00,38,38,26,,74,16,0,24,,,,,
Jakarta,The Pakubuwono Menteng,2026-04-14 18:12:30,50,50,12,25,,,,,56,28.1,,,
Depok,Cinere - Nafas,2026-04-14 18:12:45,123,123,50,87,,,,,0,0,,,
Bogor,Kabupaten Bogor Leuwiliang,2026-04-14 18:00:00,80,59,26,,4,9,0,80,,,,,
Tangerang,Tangerang Pasir Jaya,2026-04-13 01:00:00,-,52,24,,41,63,0,64,,,,,
Bekasi,Bekasi Kayuringin,2026-04-14 18:00:00,38,38,26,,74,16,0,24,,,,,
Jakarta,The Pakubuwono Menteng,2026-04-14 18:13:30,51,51,13,29,,,,,56,28.1,,,
Depok,Cinere - Nafas,2026-04-14 18:13:45,111,111,43,80,,,,,0,0,,,
Bogor,Kabupaten Bogor Leuwiliang,2026-04-14 18:00:00,80,59,26,,4,9,0,80,,,,,
Tangerang,Tangerang Pasir Jaya,2026-04-13 01:00:00,-,52,24,,41,63,0,64,,,,,
Bekasi,Bekasi Kayuringin,2026-04-14 18:00:00,38,38,26,,74,16,0,24,,,,,
Jakarta,The Pakubuwono Menteng,2026-04-14 18:15:30,55,55,16,33,,,,,56,28.1,,,
Depok,Cinere - Nafas,2026-04-14 18:15:45,111,111,43,81,,,,,0,0,,,
Bogor,Kabupaten Bogor Leuwiliang,2026-04-14 18:00:00,80,59,26,,4,9,0,80,,,,,
Tangerang,Tangerang Pasir Jaya,2026-04-13 01:00:00,-,52,24,,41,63,0,64,,,,,
Bekasi,Bekasi Kayuringin,2026-04-14 18:00:00,38,38,26,,74,16,0,24,,,,,
Jakarta,The Pakubuwono Menteng,2026-04-14 18:15:30,55,55,16,33,,,,,56,28.1,,,
Depok,Cinere - Nafas,2026-04-14 18:15:45,111,111,43,81,,,,,0,0,,,
Bogor,Kabupaten Bogor Leuwiliang,2026-04-14 18:00:00,80,59,26,,4,9,0,80,,,,,
Tangerang,Tangerang Pasir Jaya,2026-04-13 01:00:00,-,52,24,,41,63,0,64,,,,,
Bekasi,Bekasi Kayuringin,2026-04-14 18:00:00,38,38,26,,74,16,0,24,,,,,
Jakarta,The Pakubuwono Menteng,2026-04-14 18:16:31,48,48,12,28,,,,,56,28.1,,,
Depok,Cinere - Nafas,2026-04-14 18:16:45,111,111,44,83,,,,,0,0,,,
Bogor,Kabupaten Bogor Leuwiliang,2026-04-14 18:00:00,80,59,26,,4,9,0,80,,,,,
Tangerang,Tangerang Pasir Jaya,2026-04-13 01:00:00,-,52,24,,41,63,0,64,,,,,
Bekasi,Bekasi Kayuringin,2026-04-14 18:00:00,38,38,26,,74,16,0,24,,,,,
Jakarta,The Pakubuwono Menteng,2026-04-14 18:17:31,56,56,15,33,,,,,56,28.1,,,
Depok,Cinere - Nafas,2026-04-14 18:17:45,113,113,44,81,,,,,0,0,,,
Bogor,Kabupaten Bogor Leuwiliang,2026-04-14 18:00:00,80,59,26,,4,9,0,80,,,,,
Tangerang,Tangerang Pasir Jaya,2026-04-13 01:00:00,-,52,24,,41,63,0,64,,,,,
Bekasi,Bekasi Kayuringin,2026-04-14 18:00:00,38,38,26,,74,16,0,24,,,,,
Jakarta,The Pakubuwono Menteng,2026-04-14 18:20:31,62,62,18,36,,,,,56,28.1,,,
Depok,Cinere - Nafas,2026-04-14 18:20:46,102,102,41,77,,,,,0,0,,,
Bogor,Kabupaten Bogor Leuwiliang,2026-04-14 18:00:00,80,59,26,,4,9,0,80,,,,,
Tangerang,Tangerang Pasir Jaya,2026-04-13 01:00:00,-,52,24,,41,63,0,64,,,,,
Bekasi,Bekasi Kayuringin,2026-04-14 18:00:00,38,38,26,,74,16,0,24,,,,,
Jakarta,The Pakubuwono Menteng,2026-04-14 18:21:31,57,57,16,31,,,,,56,28.1,,,
Depok,Cinere - Nafas,2026-04-14 18:21:46,107,107,42,78,,,,,0,0,,,
Bogor,Kabupaten Bogor Leuwiliang,2026-04-14 18:00:00,80,59,26,,4,9,0,80,,,,,
Tangerang,Tangerang Pasir Jaya,2026-04-13 01:00:00,-,52,24,,41,63,0,64,,,,,
Bekasi,Bekasi Kayuringin,2026-04-14 18:00:00,38,38,26,,74,16,0,24,,,,,
Jakarta,The Pakubuwono Menteng,2026-04-14 18:22:31,61,61,19,40,,,,,57,28.1,,,
Depok,Cinere - Nafas,2026-04-14 18:22:46,108,108,41,78,,,,,0,0,,,
Bogor,Kabupaten Bogor Leuwiliang,2026-04-14 18:00:00,80,59,26,,4,9,0,80,,,,,
Tangerang,Tangerang Pasir Jaya,2026-04-13 01:00:00,-,52,24,,41,63,0,64,,,,,
Bekasi,Bekasi Kayuringin,2026-04-14 18:00:00,38,38,26,,74,16,0,24,,,,,
Jakarta,The Pakubuwono Menteng,2026-04-14 18:23:31,63,63,17,33,,,,,57,28.1,,,
Depok,Cinere - Nafas,2026-04-14 18:23:46,106,106,42,77,,,,,0,0,,,
Bogor,Kabupaten Bogor Leuwiliang,2026-04-14 18:00:00,80,59,26,,4,9,0,80,,,,,
Tangerang,Tangerang Pasir Jaya,2026-04-13 01:00:00,-,52,24,,41,63,0,64,,,,,
Bekasi,Bekasi Kayuringin,2026-04-14 18:00:00,38,38,26,,74,16,0,24,,,,,
Jakarta,The Pakubuwono Menteng,2026-04-14 18:23:31,63,63,17,33,,,,,57,28.1,,,
Depok,Cinere - Nafas,2026-04-14 18:23:46,106,106,42,77,,,,,0,0,,,
Bogor,Kabupaten Bogor Leuwiliang,2026-04-14 18:00:00,80,59,26,,4,9,0,80,,,,,
Tangerang,Tangerang Pasir Jaya,2026-04-13 01:00:00,-,52,24,,41,63,0,64,,,,,
Bekasi,Bekasi Kayuringin,2026-04-14 18:00:00,38,38,26,,74,16,0,24,,,,,
Jakarta,The Pakubuwono Menteng,2026-04-14 18:25:31,68,68,21,46,,,,,57,28.1,,,
Depok,Cinere - Nafas,2026-04-14 18:25:46,108,108,43,77,,,,,0,0,,,
Bogor,Kabupaten Bogor Leuwiliang,2026-04-14 18:00:00,80,59,26,,4,9,0,80,,,,,
Tangerang,Tangerang Pasir Jaya,2026-04-13 01:00:00,-,52,24,,41,63,0,64,,,,,
Bekasi,Bekasi Kayuringin,2026-04-14 18:00:00,38,38,26,,74,16,0,24,,,,,
Jakarta,The Pakubuwono Menteng,2026-04-14 18:26:31,65,65,19,33,,,,,57,28.1,,,
Depok,Cinere - Nafas,2026-04-14 18:26:46,108,108,42,79,,,,,0,0,,,
Bogor,Kabupaten Bogor Leuwiliang,2026-04-14 18:00:00,80,59,26,,4,9,0,80,,,,,
Tangerang,Tangerang Pasir Jaya,2026-04-13 01:00:00,-,52,24,,41,63,0,64,,,,,
Bekasi,Bekasi Kayuringin,2026-04-14 18:00:00,38,38,26,,74,16,0,24,,,,,
Jakarta,The Pakubuwono Menteng,2026-04-14 18:27:31,64,64,19,33,,,,,57,28.1,,,
Depok,Cinere - Nafas,2026-04-14 18:27:46,112,112,45,80,,,,,0,0,,,
Bogor,Kabupaten Bogor Leuwiliang,2026-04-14 18:00:00,80,59,26,,4,9,0,80,,,,,
Tangerang,Tangerang Pasir Jaya,2026-04-13 01:00:00,-,52,24,,41,63,0,64,,,,,
Bekasi,Bekasi Kayuringin,2026-04-14 18:00:00,38,38,26,,74,16,0,24,,,,,
Jakarta,The Pakubuwono Menteng,2026-04-14 18:28:31,70,70,20,47,,,,,57,28.1,,,
Depok,Cinere - Nafas,2026-04-14 18:29:46,111,111,45,83,,,,,0,0,,,
Bogor,Kabupaten Bogor Leuwiliang,2026-04-14 18:00:00,80,59,26,,4,9,0,80,,,,,
Tangerang,Tangerang Pasir Jaya,2026-04-13 01:00:00,-,52,24,,41,63,0,64,,,,,
Bekasi,Bekasi Kayuringin,2026-04-14 18:00:00,38,38,26,,74,16,0,24,,,,,
Jakarta,The Pakubuwono Menteng,2026-04-14 18:30:31,63,63,17,45,,,,,57,28.1,,,
Depok,Cinere - Nafas,2026-04-14 18:30:46,113,113,44,80,,,,,0,0,,,
Bogor,Kabupaten Bogor Leuwiliang,2026-04-14 18:00:00,80,59,26,,4,9,0,80,,,,,
Tangerang,Tangerang Pasir Jaya,2026-04-13 01:00:00,-,52,24,,41,63,0,64,,,,,
Bekasi,Bekasi Kayuringin,2026-04-14 18:00:00,38,38,26,,74,16,0,24,,,,,
Jakarta,The Pakubuwono Menteng,2026-04-14 18:31:31,70,70,21,47,,,,,57,28.1,,,
Depok,Cinere - Nafas,2026-04-14 18:31:46,116,116,47,83,,,,,0,0,,,
Bogor,Kabupaten Bogor Leuwiliang,2026-04-14 18:00:00,80,59,26,,4,9,0,80,,,,,
Tangerang,Tangerang Pasir Jaya,2026-04-13 01:00:00,-,52,24,,41,63,0,64,,,,,
Bekasi,Bekasi Kayuringin,2026-04-14 18:00:00,38,38,26,,74,16,0,24,,,,,
Jakarta,The Pakubuwono Menteng,2026-04-14 18:32:31,66,66,19,39,,,,,57,28.1,,,
Depok,Cinere - Nafas,2026-04-14 18:32:46,116,116,47,82,,,,,0,0,,,
Bogor,Kabupaten Bogor Leuwiliang,2026-04-14 18:00:00,80,59,26,,4,9,0,80,,,,,
Tangerang,Tangerang Pasir Jaya,2026-04-13 01:00:00,-,52,24,,41,63,0,64,,,,,
Bekasi,Bekasi Kayuringin,2026-04-14 18:00:00,38,38,26,,74,16,0,24,,,,,
Jakarta,The Pakubuwono Menteng,2026-04-14 18:33:31,67,67,19,52,,,,,57,28.1,,,
Depok,Cinere - Nafas,2026-04-14 18:33:46,115,115,48,83,,,,,0,0,,,
Bogor,Kabupaten Bogor Leuwiliang,2026-04-14 18:00:00,80,59,26,,4,9,0,80,,,,,
Tangerang,Tangerang Pasir Jaya,2026-04-13 01:00:00,-,52,24,,41,63,0,64,,,,,
Bekasi,Bekasi Kayuringin,2026-04-14 18:00:00,38,38,26,,74,16,0,24,,,,,
Jakarta,The Pakubuwono Menteng,2026-04-14 18:34:31,67,67,21,51,,,,,57,28.1,,,
Depok,Cinere - Nafas,2026-04-14 18:34:46,116,116,46,84,,,,,0,0,,,
Bogor,Kabupaten Bogor Leuwiliang,2026-04-14 18:00:00,80,59,26,,4,9,0,80,,,,,
Tangerang,Tangerang Pasir Jaya,2026-04-13 01:00:00,-,52,24,,41,63,0,64,,,,,
Bekasi,Bekasi Kayuringin,2026-04-14 18:00:00,38,38,26,,74,16,0,24,,,,,
Jakarta,The Pakubuwono Menteng,2026-04-14 18:36:31,73,73,22,51,,,,,58,28,,,
Depok,Cinere - Nafas,2026-04-14 18:36:46,108,108,43,81,,,,,0,0,,,
Bogor,Kabupaten Bogor Leuwiliang,2026-04-14 18:00:00,80,59,26,,4,9,0,80,,,,,
Tangerang,Tangerang Pasir Jaya,2026-04-13 01:00:00,-,52,24,,41,63,0,64,,,,,
Bekasi,Bekasi Kayuringin,2026-04-14 18:00:00,38,38,26,,74,16,0,24,,,,,
Jakarta,The Pakubuwono Menteng,2026-04-14 18:37:31,70,70,21,48,,,,,58,28,,,
Depok,Cinere - Nafas,2026-04-14 18:37:47,118,118,47,83,,,,,0,0,,,
Bogor,Kabupaten Bogor Leuwiliang,2026-04-14 18:00:00,80,59,26,,4,9,0,80,,,,,
Tangerang,Tangerang Pasir Jaya,2026-04-13 01:00:00,-,52,24,,41,63,0,64,,,,,
Bekasi,Bekasi Kayuringin,2026-04-14 18:00:00,38,38,26,,74,16,0,24,,,,,
Jakarta,The Pakubuwono Menteng,2026-04-14 18:38:31,73,73,21,47,,,,,58,28,,,
Depok,Cinere - Nafas,2026-04-14 18:39:46,113,113,44,80,,,,,0,0,,,
Bogor,Kabupaten Bogor Leuwiliang,2026-04-14 18:00:00,80,59,26,,4,9,0,80,,,,,
Tangerang,Tangerang Pasir Jaya,2026-04-13 01:00:00,-,52,24,,41,63,0,64,,,,,
Bekasi,Bekasi Kayuringin,2026-04-14 18:00:00,38,38,26,,74,16,0,24,,,,,
Jakarta,The Pakubuwono Menteng,2026-04-14 18:40:31,72,72,22,52,,,,,58,28,,,
Depok,Cinere - Nafas,2026-04-14 18:40:46,113,113,45,82,,,,,0,0,,,
Bogor,Kabupaten Bogor Leuwiliang,2026-04-14 18:00:00,80,59,26,,4,9,0,80,,,,,
Tangerang,Tangerang Pasir Jaya,2026-04-13 01:00:00,-,52,24,,41,63,0,64,,,,,
Bekasi,Bekasi Kayuringin,2026-04-14 18:00:00,38,38,26,,74,16,0,24,,,,,
Jakarta,The Pakubuwono Menteng,2026-04-14 18:41:31,73,73,23,52,,,,,58,28,,,
Depok,Cinere - Nafas,2026-04-14 18:41:46,113,113,47,81,,,,,0,0,,,
Bogor,Kabupaten Bogor Leuwiliang,2026-04-14 18:00:00,80,59,26,,4,9,0,80,,,,,
Tangerang,Tangerang Pasir Jaya,2026-04-13 01:00:00,-,52,24,,41,63,0,64,,,,,
Bekasi,Bekasi Kayuringin,2026-04-14 18:00:00,38,38,26,,74,16,0,24,,,,,
Jakarta,The Pakubuwono Menteng,2026-04-14 18:42:31,72,72,22,48,,,,,58,28,,,
Depok,Cinere - Nafas,2026-04-14 18:42:46,106,106,43,79,,,,,0,0,,,
Bogor,Kabupaten Bogor Leuwiliang,2026-04-14 18:00:00,80,59,26,,4,9,0,80,,,,,
Tangerang,Tangerang Pasir Jaya,2026-04-13 01:00:00,-,52,24,,41,63,0,64,,,,,
Bekasi,Bekasi Kayuringin,2026-04-14 18:00:00,38,38,26,,74,16,0,24,,,,,
Jakarta,The Pakubuwono Menteng,2026-04-14 18:43:31,72,72,21,50,,,,,58,28,,,
Depok,Cinere - Nafas,2026-04-14 18:43:46,100,100,39,77,,,,,0,0,,,
Bogor,Kabupaten Bogor Leuwiliang,2026-04-14 18:00:00,80,59,26,,4,9,0,80,,,,,
Tangerang,Tangerang Pasir Jaya,2026-04-13 01:00:00,-,52,24,,41,63,0,64,,,,,
Bekasi,Bekasi Kayuringin,2026-04-14 18:00:00,38,38,26,,74,16,0,24,,,,,
Jakarta,The Pakubuwono Menteng,2026-04-14 18:44:31,78,78,25,60,,,,,58,28,,,
Depok,Cinere - Nafas,2026-04-14 18:44:46,93,93,35,74,,,,,0,0,,,
Bogor,Kabupaten Bogor Leuwiliang,2026-04-14 18:00:00,80,59,26,,4,9,0,80,,,,,
Tangerang,Tangerang Pasir Jaya,2026-04-13 01:00:00,-,52,24,,41,63,0,64,,,,,
Bekasi,Bekasi Kayuringin,2026-04-14 18:00:00,38,38,26,,74,16,0,24,,,,,
Jakarta,The Pakubuwono Menteng,2026-04-14 18:45:31,74,74,22,54,,,,,58,27.9,,,
Depok,Cinere - Nafas,2026-04-14 18:45:46,95,95,33,73,,,,,0,0,,,
Bogor,Kabupaten Bogor Leuwiliang,2026-04-14 18:00:00,80,59,26,,4,9,0,80,,,,,
Tangerang,Tangerang Pasir Jaya,2026-04-13 01:00:00,-,52,24,,41,63,0,64,,,,,
Bekasi,Bekasi Kayuringin,2026-04-14 18:00:00,38,38,26,,74,16,0,24,,,,,
Jakarta,The Pakubuwono Menteng,2026-04-14 18:47:31,74,74,22,56,,,,,58,27.9,,,
Depok,Cinere - Nafas,2026-04-14 18:47:46,90,90,33,71,,,,,0,0,,,
Bogor,Kabupaten Bogor Leuwiliang,2026-04-14 18:00:00,80,59,26,,4,9,0,80,,,,,
Tangerang,Tangerang Pasir Jaya,2026-04-13 01:00:00,-,52,24,,41,63,0,64,,,,,
Bekasi,Bekasi Kayuringin,2026-04-14 18:00:00,38,38,26,,74,16,0,24,,,,,
Jakarta,The Pakubuwono Menteng,2026-04-14 18:47:31,74,74,22,56,,,,,58,27.9,,,
Depok,Cinere - Nafas,2026-04-14 18:48:46,93,93,34,71,,,,,0,0,,,
Bogor,Kabupaten Bogor Leuwiliang,2026-04-14 18:00:00,80,59,26,,4,9,0,80,,,,,
Tangerang,Tangerang Pasir Jaya,2026-04-13 01:00:00,-,52,24,,41,63,0,64,,,,,
Bekasi,Bekasi Kayuringin,2026-04-14 18:00:00,38,38,26,,74,16,0,24,,,,,
Jakarta,The Pakubuwono Menteng,2026-04-14 18:49:31,77,77,24,60,,,,,58,27.9,,,
Depok,Cinere - Nafas,2026-04-14 18:49:46,92,92,33,69,,,,,0,0,,,
Bogor,Kabupaten Bogor Leuwiliang,2026-04-14 18:00:00,80,59,26,,4,9,0,80,,,,,
Tangerang,Tangerang Pasir Jaya,2026-04-13 01:00:00,-,52,24,,41,63,0,64,,,,,
Bekasi,Bekasi Kayuringin,2026-04-14 18:00:00,38,38,26,,74,16,0,24,,,,,
Jakarta,The Pakubuwono Menteng,2026-04-14 18:50:31,73,73,22,56,,,,,58,27.9,,,
Depok,Cinere - Nafas,2026-04-14 18:50:46,87,87,31,70,,,,,0,0,,,
Bogor,Kabupaten Bogor Leuwiliang,2026-04-14 18:00:00,80,59,26,,4,9,0,80,,,,,
Tangerang,Tangerang Pasir Jaya,2026-04-13 01:00:00,-,52,24,,41,63,0,64,,,,,
Bekasi,Bekasi Kayuringin,2026-04-14 18:00:00,38,38,26,,74,16,0,24,,,,,
Jakarta,The Pakubuwono Menteng,2026-04-14 18:52:31,72,72,22,58,,,,,58,27.9,,,
Depok,Cinere - Nafas,2026-04-14 18:52:46,92,92,32,71,,,,,0,0,,,
Bogor,Kabupaten Bogor Leuwiliang,2026-04-14 18:00:00,80,59,26,,4,9,0,80,,,,,
Tangerang,Tangerang Pasir Jaya,2026-04-13 01:00:00,-,52,24,,41,63,0,64,,,,,
Bekasi,Bekasi Kayuringin,2026-04-14 18:00:00,38,38,26,,74,16,0,24,,,,,
Jakarta,The Pakubuwono Menteng,2026-04-14 18:53:31,76,76,22,58,,,,,58,27.9,,,
Depok,Cinere - Nafas,2026-04-14 18:53:47,95,95,34,71,,,,,0,0,,,
Bogor,Kabupaten Bogor Leuwiliang,2026-04-14 18:00:00,80,59,26,,4,9,0,80,,,,,
Tangerang,Tangerang Pasir Jaya,2026-04-13 01:00:00,-,52,24,,41,63,0,64,,,,,
Bekasi,Bekasi Kayuringin,2026-04-14 18:00:00,38,38,26,,74,16,0,24,,,,,
Jakarta,The Pakubuwono Menteng,2026-04-14 18:54:31,79,79,24,57,,,,,58,27.9,,,
Depok,Cinere - Nafas,2026-04-14 18:54:46,88,88,32,68,,,,,0,0,,,
Bogor,Kabupaten Bogor Leuwiliang,2026-04-14 18:00:00,80,59,26,,4,9,0,80,,,,,
Tangerang,Tangerang Pasir Jaya,2026-04-13 01:00:00,-,52,24,,41,63,0,64,,,,,
Bekasi,Bekasi Kayuringin,2026-04-14 18:00:00,38,38,26,,74,16,0,24,,,,,
Jakarta,The Pakubuwono Menteng,2026-04-14 18:55:31,77,77,26,62,,,,,58,27.9,,,
Depok,Cinere - Nafas,2026-04-14 18:55:46,91,91,35,68,,,,,0,0,,,
Bogor,Kabupaten Bogor Leuwiliang,2026-04-14 18:00:00,80,59,26,,4,9,0,80,,,,,
Tangerang,Tangerang Pasir Jaya,2026-04-13 01:00:00,-,52,24,,41,63,0,64,,,,,
Bekasi,Bekasi Kayuringin,2026-04-14 18:00:00,38,38,26,,74,16,0,24,,,,,
Jakarta,The Pakubuwono Menteng,2026-04-14 18:56:31,74,74,21,56,,,,,58,28,,,
Depok,Cinere - Nafas,2026-04-14 18:56:46,89,89,31,69,,,,,0,0,,,
Bogor,Kabupaten Bogor Leuwiliang,2026-04-14 18:00:00,80,59,26,,4,9,0,80,,,,,
Tangerang,Tangerang Pasir Jaya,2026-04-13 01:00:00,-,52,24,,41,63,0,64,,,,,
Bekasi,Bekasi Kayuringin,2026-04-14 18:00:00,38,38,26,,74,16,0,24,,,,,
Jakarta,The Pakubuwono Menteng,2026-04-14 18:58:32,74,74,23,51,,,,,58,28,,,
Depok,Cinere - Nafas,2026-04-14 18:58:46,93,93,33,67,,,,,0,0,,,
Bogor,Kabupaten Bogor Leuwiliang,2026-04-14 18:00:00,80,59,26,,4,9,0,80,,,,,
Tangerang,Tangerang Pasir Jaya,2026-04-13 01:00:00,-,52,24,,41,63,0,64,,,,,
Bekasi,Bekasi Kayuringin,2026-04-14 18:00:00,38,38,26,,74,16,0,24,,,,,
Jakarta,The Pakubuwono Menteng,2026-04-14 18:59:31,70,70,21,49,,,,,58,28,,,
Depok,Cinere - Nafas,2026-04-14 18:59:46,94,94,34,71,,,,,0,0,,,
Bogor,Kabupaten Bogor Leuwiliang,2026-04-14 18:00:00,80,59,26,,4,9,0,80,,,,,
Tangerang,Tangerang Pasir Jaya,2026-04-13 01:00:00,-,52,24,,41,63,0,64,,,,,
Bekasi,Bekasi Kayuringin,2026-04-14 18:00:00,38,38,26,,74,16,0,24,,,,,
Jakarta,The Pakubuwono Menteng,2026-04-14 19:00:31,73,73,21,51,,,,,58,28,,,
Depok,Cinere - Nafas,2026-04-14 19:00:46,91,91,31,69,,,,,0,0,,,
Bogor,Kabupaten Bogor Leuwiliang,2026-04-14 18:00:00,80,59,26,,4,9,0,80,,,,,
Tangerang,Tangerang Pasir Jaya,2026-04-13 01:00:00,-,52,24,,41,63,0,64,,,,,
Bekasi,Bekasi Kayuringin,2026-04-14 18:00:00,38,38,26,,74,16,0,24,,,,,
Jakarta,The Pakubuwono Menteng,2026-04-14 19:01:31,78,78,25,57,,,,,58,28,,,
Depok,Cinere - Nafas,2026-04-14 19:01:46,95,95,34,70,,,,,0,0,,,
Bogor,Kabupaten Bogor Leuwiliang,2026-04-14 18:00:00,80,59,26,,4,9,0,80,,,,,
Tangerang,Tangerang Pasir Jaya,2026-04-13 01:00:00,-,52,24,,41,63,0,64,,,,,
Bekasi,Bekasi Kayuringin,2026-04-14 18:00:00,38,38,26,,74,16,0,24,,,,,
Jakarta,The Pakubuwono Menteng,2026-04-14 19:03:32,79,79,24,65,,,,,58,28.1,,,
Depok,Cinere - Nafas,2026-04-14 19:03:49,91,91,33,70,,,,,0,0,,,
Bogor,Kabupaten Bogor Leuwiliang,2026-04-14 18:00:00,80,59,26,,4,9,0,80,,,,,
Tangerang,Tangerang Pasir Jaya,2026-04-13 01:00:00,-,52,24,,41,63,0,64,,,,,
Bekasi,Bekasi Kayuringin,2026-04-14 18:00:00,38,38,26,,74,16,0,24,,,,,
Jakarta,The Pakubuwono Menteng,2026-04-14 19:03:32,79,79,24,65,,,,,58,28.1,,,
Depok,Cinere - Nafas,2026-04-14 19:03:49,91,91,33,70,,,,,0,0,,,
Bogor,Kabupaten Bogor Leuwiliang,2026-04-14 18:00:00,80,59,26,,4,9,0,80,,,,,
Tangerang,Tangerang Pasir Jaya,2026-04-13 01:00:00,-,52,24,,41,63,0,64,,,,,
Bekasi,Bekasi Kayuringin,2026-04-14 18:00:00,38,38,26,,74,16,0,24,,,,,
Jakarta,The Pakubuwono Menteng,2026-04-14 19:05:32,78,78,24,62,,,,,58,28.1,,,
Depok,Cinere - Nafas,2026-04-14 19:04:46,94,94,34,71,,,,,0,0,,,
Bogor,Kabupaten Bogor Leuwiliang,2026-04-14 18:00:00,80,59,26,,4,9,0,80,,,,,
Tangerang,Tangerang Pasir Jaya,2026-04-13 01:00:00,-,52,24,,41,63,0,64,,,,,
Bekasi,Bekasi Kayuringin,2026-04-14 18:00:00,38,38,26,,74,16,0,24,,,,,
Jakarta,The Pakubuwono Menteng,2026-04-14 19:06:32,76,76,23,62,,,,,58,28.1,,,
Depok,Cinere - Nafas,2026-04-14 19:05:47,93,93,34,70,,,,,0,0,,,
Bogor,Kabupaten Bogor Leuwiliang,2026-04-14 18:00:00,80,59,26,,4,9,0,80,,,,,
Tangerang,Tangerang Pasir Jaya,2026-04-13 01:00:00,-,52,24,,41,63,0,64,,,,,
Bekasi,Bekasi Kayuringin,2026-04-14 18:00:00,38,38,26,,74,16,0,24,,,,,
Jakarta,The Pakubuwono Menteng,2026-04-14 19:09:32,77,77,25,64,,,,,58,28.1,,,
Depok,Cinere - Nafas,2026-04-14 19:08:46,97,97,36,72,,,,,0,0,,,
Bogor,Kabupaten Bogor Leuwiliang,2026-04-14 19:00:00,80,58,26,,4,9,0,80,,,,,
Tangerang,Tangerang Pasir Jaya,2026-04-13 01:00:00,-,52,24,,41,63,0,64,,,,,
Bekasi,Bekasi Kayuringin,2026-04-14 19:00:00,36,36,25,,74,16,0,24,,,,,
Jakarta,The Pakubuwono Menteng,2026-04-14 19:10:32,81,81,27,65,,,,,58,28.1,,,
Depok,Cinere - Nafas,2026-04-14 19:09:47,94,94,35,72,,,,,0,0,,,
Bogor,Kabupaten Bogor Leuwiliang,2026-04-14 19:00:00,80,58,26,,4,9,0,80,,,,,
Tangerang,Tangerang Pasir Jaya,2026-04-13 01:00:00,-,52,24,,41,63,0,64,,,,,
Bekasi,Bekasi Kayuringin,2026-04-14 19:00:00,36,36,25,,74,16,0,24,,,,,
Jakarta,The Pakubuwono Menteng,2026-04-14 19:11:32,85,85,26,61,,,,,58,28.1,,,
Depok,Cinere - Nafas,2026-04-14 19:10:46,93,93,35,71,,,,,0,0,,,
Bogor,Kabupaten Bogor Leuwiliang,2026-04-14 19:00:00,80,58,26,,4,9,0,80,,,,,
Tangerang,Tangerang Pasir Jaya,2026-04-13 01:00:00,-,52,24,,41,63,0,64,,,,,
Bekasi,Bekasi Kayuringin,2026-04-14 19:00:00,36,36,25,,74,16,0,24,,,,,
Jakarta,The Pakubuwono Menteng,2026-04-14 19:12:32,84,84,27,67,,,,,58,28.1,,,
Depok,Cinere - Nafas,2026-04-14 19:11:46,96,96,38,74,,,,,0,0,,,
Bogor,Kabupaten Bogor Leuwiliang,2026-04-14 19:00:00,80,58,26,,4,9,0,80,,,,,
Tangerang,Tangerang Pasir Jaya,2026-04-13 01:00:00,-,52,24,,41,63,0,64,,,,,
Bekasi,Bekasi Kayuringin,2026-04-14 19:00:00,36,36,25,,74,16,0,24,,,,,
Jakarta,The Pakubuwono Menteng,2026-04-14 19:12:32,84,84,27,67,,,,,58,28.1,,,
Depok,Cinere - Nafas,2026-04-14 19:11:46,96,96,38,74,,,,,0,0,,,
Bogor,Kabupaten Bogor Leuwiliang,2026-04-14 19:00:00,80,58,26,,4,9,0,80,,,,,
Tangerang,Tangerang Pasir Jaya,2026-04-13 01:00:00,-,52,24,,41,63,0,64,,,,,
Bekasi,Bekasi Kayuringin,2026-04-14 19:00:00,36,36,25,,74,16,0,24,,,,,
Jakarta,The Pakubuwono Menteng,2026-04-14 19:14:32,81,81,27,66,,,,,58,28.1,,,
Depok,Cinere - Nafas,2026-04-14 19:13:46,95,95,36,73,,,,,0,0,,,
Bogor,Kabupaten Bogor Leuwiliang,2026-04-14 19:00:00,80,58,26,,4,9,0,80,,,,,
Tangerang,Tangerang Pasir Jaya,2026-04-13 01:00:00,-,52,24,,41,63,0,64,,,,,
Bekasi,Bekasi Kayuringin,2026-04-14 19:00:00,36,36,25,,74,16,0,24,,,,,
Jakarta,The Pakubuwono Menteng,2026-04-14 19:15:32,81,81,26,65,,,,,58,28.1,,,
Depok,Cinere - Nafas,2026-04-14 19:14:47,94,94,37,72,,,,,0,0,,,
Bogor,Kabupaten Bogor Leuwiliang,2026-04-14 19:00:00,80,58,26,,4,9,0,80,,,,,
Tangerang,Tangerang Pasir Jaya,2026-04-13 01:00:00,-,52,24,,41,63,0,64,,,,,
Bekasi,Bekasi Kayuringin,2026-04-14 19:00:00,36,36,25,,74,16,0,24,,,,,
Jakarta,The Pakubuwono Menteng,2026-04-14 19:17:32,87,87,30,69,,,,,58,28.1,,,
Depok,Cinere - Nafas,2026-04-14 19:16:46,98,98,35,73,,,,,0,0,,,
Bogor,Kabupaten Bogor Leuwiliang,2026-04-14 19:00:00,80,58,26,,4,9,0,80,,,,,
Tangerang,Tangerang Pasir Jaya,2026-04-13 01:00:00,-,52,24,,41,63,0,64,,,,,
Bekasi,Bekasi Kayuringin,2026-04-14 19:00:00,36,36,25,,74,16,0,24,,,,,
Jakarta,The Pakubuwono Menteng,2026-04-14 19:18:32,85,85,30,69,,,,,58,28.1,,,
Depok,Cinere - Nafas,2026-04-14 19:17:47,95,95,35,71,,,,,0,0,,,
Bogor,Kabupaten Bogor Leuwiliang,2026-04-14 19:00:00,80,58,26,,4,9,0,80,,,,,
Tangerang,Tangerang Pasir Jaya,2026-04-13 01:00:00,-,52,24,,41,63,0,64,,,,,
Bekasi,Bekasi Kayuringin,2026-04-14 19:00:00,36,36,25,,74,16,0,24,,,,,
Jakarta,The Pakubuwono Menteng,2026-04-14 19:20:32,87,87,30,67,,,,,58,28,,,
Depok,Cinere - Nafas,2026-04-14 19:19:47,96,96,34,71,,,,,0,0,,,
Bogor,Kabupaten Bogor Leuwiliang,2026-04-14 19:00:00,80,58,26,,4,9,0,80,,,,,
Tangerang,Tangerang Pasir Jaya,2026-04-13 01:00:00,-,52,24,,41,63,0,64,,,,,
Bekasi,Bekasi Kayuringin,2026-04-14 19:00:00,36,36,25,,74,16,0,24,,,,,
Jakarta,The Pakubuwono Menteng,2026-04-14 19:20:32,87,87,30,67,,,,,58,28,,,
Depok,Cinere - Nafas,2026-04-14 19:19:47,96,96,34,71,,,,,0,0,,,
Bogor,Kabupaten Bogor Leuwiliang,2026-04-14 19:00:00,80,58,26,,4,9,0,80,,,,,
Tangerang,Tangerang Pasir Jaya,2026-04-13 01:00:00,-,52,24,,41,63,0,64,,,,,
Bekasi,Bekasi Kayuringin,2026-04-14 19:00:00,36,36,25,,74,16,0,24,,,,,
Jakarta,The Pakubuwono Menteng,2026-04-14 19:21:32,92,92,30,69,,,,,58,28,,,
Depok,Cinere - Nafas,2026-04-14 19:20:47,101,101,39,73,,,,,0,0,,,
Bogor,Kabupaten Bogor Leuwiliang,2026-04-14 19:00:00,80,58,26,,4,9,0,80,,,,,
Tangerang,Tangerang Pasir Jaya,2026-04-13 01:00:00,-,52,24,,41,63,0,64,,,,,
Bekasi,Bekasi Kayuringin,2026-04-14 19:00:00,36,36,25,,74,16,0,24,,,,,
Jakarta,The Pakubuwono Menteng,2026-04-14 19:22:32,91,91,32,70,,,,,58,28,,,
Depok,Cinere - Nafas,2026-04-14 19:21:47,100,100,39,72,,,,,0,0,,,
Bogor,Kabupaten Bogor Leuwiliang,2026-04-14 19:00:00,80,58,26,,4,9,0,80,,,,,
Tangerang,Tangerang Pasir Jaya,2026-04-13 01:00:00,-,52,24,,41,63,0,64,,,,,
Bekasi,Bekasi Kayuringin,2026-04-14 19:00:00,36,36,25,,74,16,0,24,,,,,
Jakarta,The Pakubuwono Menteng,2026-04-14 19:23:33,92,92,32,70,,,,,58,28,,,
Depok,Cinere - Nafas,2026-04-14 19:22:47,99,99,38,72,,,,,0,0,,,
Bogor,Kabupaten Bogor Leuwiliang,2026-04-14 19:00:00,80,58,26,,4,9,0,80,,,,,
Tangerang,Tangerang Pasir Jaya,2026-04-13 01:00:00,-,52,24,,41,63,0,64,,,,,
Bekasi,Bekasi Kayuringin,2026-04-14 19:00:00,36,36,25,,74,16,0,24,,,,,
Jakarta,The Pakubuwono Menteng,2026-04-14 19:24:32,93,93,33,72,,,,,58,28,,,
Depok,Cinere - Nafas,2026-04-14 19:23:47,98,98,37,72,,,,,0,0,,,
Bogor,Kabupaten Bogor Leuwiliang,2026-04-14 19:00:00,80,58,26,,4,9,0,80,,,,,
Tangerang,Tangerang Pasir Jaya,2026-04-13 01:00:00,-,52,24,,41,63,0,64,,,,,
Bekasi,Bekasi Kayuringin,2026-04-14 19:00:00,36,36,25,,74,16,0,24,,,,,
Jakarta,The Pakubuwono Menteng,2026-04-14 19:27:32,94,94,34,75,,,,,58,27.9,,,
Depok,Cinere - Nafas,2026-04-14 19:26:47,99,99,39,75,,,,,0,0,,,
Bogor,Kabupaten Bogor Leuwiliang,2026-04-14 19:00:00,80,58,26,,4,9,0,80,,,,,
Tangerang,Tangerang Pasir Jaya,2026-04-13 01:00:00,-,52,24,,41,63,0,64,,,,,
Bekasi,Bekasi Kayuringin,2026-04-14 19:00:00,36,36,25,,74,16,0,24,,,,,
Jakarta,The Pakubuwono Menteng,2026-04-14 19:28:32,93,93,34,74,,,,,59,27.9,,,
Depok,Cinere - Nafas,2026-04-14 19:27:47,99,99,37,74,,,,,0,0,,,
Bogor,Kabupaten Bogor Leuwiliang,2026-04-14 19:00:00,80,58,26,,4,9,0,80,,,,,
Tangerang,Tangerang Pasir Jaya,2026-04-13 01:00:00,-,52,24,,41,63,0,64,,,,,
Bekasi,Bekasi Kayuringin,2026-04-14 19:00:00,36,36,25,,74,16,0,24,,,,,
Jakarta,The Pakubuwono Menteng,2026-04-14 19:28:32,93,93,34,74,,,,,59,27.9,,,
Depok,Cinere - Nafas,2026-04-14 19:28:47,99,99,38,73,,,,,0,0,,,
Bogor,Kabupaten Bogor Leuwiliang,2026-04-14 19:00:00,80,58,26,,4,9,0,80,,,,,
Tangerang,Tangerang Pasir Jaya,2026-04-13 01:00:00,-,52,24,,41,63,0,64,,,,,
Bekasi,Bekasi Kayuringin,2026-04-14 19:00:00,36,36,25,,74,16,0,24,,,,,
Jakarta,The Pakubuwono Menteng,2026-04-14 19:29:32,94,94,34,73,,,,,59,27.9,,,
Depok,Cinere - Nafas,2026-04-14 19:28:47,99,99,38,73,,,,,0,0,,,
Bogor,Kabupaten Bogor Leuwiliang,2026-04-14 19:00:00,80,58,26,,4,9,0,80,,,,,
Tangerang,Tangerang Pasir Jaya,2026-04-13 01:00:00,-,52,24,,41,63,0,64,,,,,
Bekasi,Bekasi Kayuringin,2026-04-14 19:00:00,36,36,25,,74,16,0,24,,,,,
Jakarta,The Pakubuwono Menteng,2026-04-14 19:31:33,96,96,35,75,,,,,59,27.9,,,
Depok,Cinere - Nafas,2026-04-14 19:30:47,97,97,36,73,,,,,0,0,,,
Bogor,Kabupaten Bogor Leuwiliang,2026-04-14 19:00:00,80,58,26,,4,9,0,80,,,,,
Tangerang,Tangerang Pasir Jaya,2026-04-13 01:00:00,-,52,24,,41,63,0,64,,,,,
Bekasi,Bekasi Kayuringin,2026-04-14 19:00:00,36,36,25,,74,16,0,24,,,,,
Jakarta,The Pakubuwono Menteng,2026-04-14 19:32:33,95,95,35,72,,,,,59,27.9,,,
Depok,Cinere - Nafas,2026-04-14 19:31:47,97,97,39,72,,,,,0,0,,,
Bogor,Kabupaten Bogor Leuwiliang,2026-04-14 19:00:00,80,58,26,,4,9,0,80,,,,,
Tangerang,Tangerang Pasir Jaya,2026-04-13 01:00:00,-,52,24,,41,63,0,64,,,,,
Bekasi,Bekasi Kayuringin,2026-04-14 19:00:00,36,36,25,,74,16,0,24,,,,,
Jakarta,The Pakubuwono Menteng,2026-04-14 19:33:32,97,97,34,72,,,,,59,27.9,,,
Depok,Cinere - Nafas,2026-04-14 19:32:47,99,99,37,73,,,,,0,0,,,
Bogor,Kabupaten Bogor Leuwiliang,2026-04-14 19:00:00,80,58,26,,4,9,0,80,,,,,
Tangerang,Tangerang Pasir Jaya,2026-04-13 01:00:00,-,52,24,,41,63,0,64,,,,,
Bekasi,Bekasi Kayuringin,2026-04-14 19:00:00,36,36,25,,74,16,0,24,,,,,
Jakarta,The Pakubuwono Menteng,2026-04-14 19:34:32,100,100,39,74,,,,,59,27.9,,,
Depok,Cinere - Nafas,2026-04-14 19:33:47,100,100,40,74,,,,,0,0,,,
Bogor,Kabupaten Bogor Leuwiliang,2026-04-14 19:00:00,80,58,26,,4,9,0,80,,,,,
Tangerang,Tangerang Pasir Jaya,2026-04-13 01:00:00,-,52,24,,41,63,0,64,,,,,
Bekasi,Bekasi Kayuringin,2026-04-14 19:00:00,36,36,25,,74,16,0,24,,,,,
Jakarta,The Pakubuwono Menteng,2026-04-14 19:37:32,94,94,34,72,,,,,59,27.8,,,
Depok,Cinere - Nafas,2026-04-14 19:36:47,94,94,35,71,,,,,0,0,,,
Bogor,Kabupaten Bogor Leuwiliang,2026-04-14 19:00:00,80,58,26,,4,9,0,80,,,,,
Tangerang,Tangerang Pasir Jaya,2026-04-13 01:00:00,-,52,24,,41,63,0,64,,,,,
Bekasi,Bekasi Kayuringin,2026-04-14 19:00:00,36,36,25,,74,16,0,24,,,,,
Jakarta,The Pakubuwono Menteng,2026-04-14 19:37:32,94,94,34,72,,,,,59,27.8,,,
Depok,Cinere - Nafas,2026-04-14 19:36:47,94,94,35,71,,,,,0,0,,,
Bogor,Kabupaten Bogor Leuwiliang,2026-04-14 19:00:00,80,58,26,,4,9,0,80,,,,,
Tangerang,Tangerang Pasir Jaya,2026-04-13 01:00:00,-,52,24,,41,63,0,64,,,,,
Bekasi,Bekasi Kayuringin,2026-04-14 19:00:00,36,36,25,,74,16,0,24,,,,,
Jakarta,The Pakubuwono Menteng,2026-04-14 19:38:32,101,101,39,75,,,,,59,27.8,,,
Depok,Cinere - Nafas,2026-04-14 19:37:47,98,98,35,72,,,,,0,0,,,
Bogor,Kabupaten Bogor Leuwiliang,2026-04-14 19:00:00,80,58,26,,4,9,0,80,,,,,
Tangerang,Tangerang Pasir Jaya,2026-04-13 01:00:00,-,52,24,,41,63,0,64,,,,,
Bekasi,Bekasi Kayuringin,2026-04-14 19:00:00,36,36,25,,74,16,0,24,,,,,
Jakarta,The Pakubuwono Menteng,2026-04-14 19:39:33,106,106,41,75,,,,,59,27.8,,,
Depok,Cinere - Nafas,2026-04-14 19:38:47,95,95,36,73,,,,,0,0,,,
Bogor,Kabupaten Bogor Leuwiliang,2026-04-14 19:00:00,80,58,26,,4,9,0,80,,,,,
Tangerang,Tangerang Pasir Jaya,2026-04-13 01:00:00,-,52,24,,41,63,0,64,,,,,
Bekasi,Bekasi Kayuringin,2026-04-14 19:00:00,36,36,25,,74,16,0,24,,,,,
Jakarta,The Pakubuwono Menteng,2026-04-14 19:40:33,102,102,40,79,,,,,59,27.8,,,
Depok,Cinere - Nafas,2026-04-14 19:39:47,93,93,35,73,,,,,0,0,,,
Bogor,Kabupaten Bogor Leuwiliang,2026-04-14 19:00:00,80,58,26,,4,9,0,80,,,,,
Tangerang,Tangerang Pasir Jaya,2026-04-13 01:00:00,-,52,24,,41,63,0,64,,,,,
Bekasi,Bekasi Kayuringin,2026-04-14 19:00:00,36,36,25,,74,16,0,24,,,,,
Jakarta,The Pakubuwono Menteng,2026-04-14 19:42:33,108,108,41,75,,,,,59,27.8,,,
Depok,Cinere - Nafas,2026-04-14 19:41:47,94,94,36,72,,,,,0,0,,,
Bogor,Kabupaten Bogor Leuwiliang,2026-04-14 19:00:00,80,58,26,,4,9,0,80,,,,,
Tangerang,Tangerang Pasir Jaya,2026-04-13 01:00:00,-,52,24,,41,63,0,64,,,,,
Bekasi,Bekasi Kayuringin,2026-04-14 19:00:00,36,36,25,,74,16,0,24,,,,,
Jakarta,The Pakubuwono Menteng,2026-04-14 19:43:33,102,102,40,77,,,,,59,27.8,,,
Depok,Cinere - Nafas,2026-04-14 19:42:47,97,97,37,71,,,,,0,0,,,
Bogor,Kabupaten Bogor Leuwiliang,2026-04-14 19:00:00,80,58,26,,4,9,0,80,,,,,
Tangerang,Tangerang Pasir Jaya,2026-04-13 01:00:00,-,52,24,,41,63,0,64,,,,,
Bekasi,Bekasi Kayuringin,2026-04-14 19:00:00,36,36,25,,74,16,0,24,,,,,
Jakarta,The Pakubuwono Menteng,2026-04-14 19:44:33,101,101,37,75,,,,,59,27.8,,,
Depok,Cinere - Nafas,2026-04-14 19:43:47,94,94,33,72,,,,,0,0,,,
Bogor,Kabupaten Bogor Leuwiliang,2026-04-14 19:00:00,80,58,26,,4,9,0,80,,,,,
Tangerang,Tangerang Pasir Jaya,2026-04-13 01:00:00,-,52,24,,41,63,0,64,,,,,
Bekasi,Bekasi Kayuringin,2026-04-14 19:00:00,36,36,25,,74,16,0,24,,,,,
Jakarta,The Pakubuwono Menteng,2026-04-14 19:46:33,99,99,37,76,,,,,59,27.9,,,
Depok,Cinere - Nafas,2026-04-14 19:45:47,97,97,36,72,,,,,0,0,,,
Bogor,Kabupaten Bogor Leuwiliang,2026-04-14 19:00:00,80,58,26,,4,9,0,80,,,,,
Tangerang,Tangerang Pasir Jaya,2026-04-13 01:00:00,-,52,24,,41,63,0,64,,,,,
Bekasi,Bekasi Kayuringin,2026-04-14 19:00:00,36,36,25,,74,16,0,24,,,,,
Jakarta,The Pakubuwono Menteng,2026-04-14 19:47:33,101,101,38,75,,,,,59,27.9,,,
Depok,Cinere - Nafas,2026-04-14 19:46:47,98,98,36,73,,,,,0,0,,,
Bogor,Kabupaten Bogor Leuwiliang,2026-04-14 19:00:00,80,58,26,,4,9,0,80,,,,,
Tangerang,Tangerang Pasir Jaya,2026-04-13 01:00:00,-,52,24,,41,63,0,64,,,,,
Bekasi,Bekasi Kayuringin,2026-04-14 19:00:00,36,36,25,,74,16,0,24,,,,,
Jakarta,The Pakubuwono Menteng,2026-04-14 19:48:33,108,108,42,75,,,,,59,27.9,,,
Depok,Cinere - Nafas,2026-04-14 19:47:47,98,98,37,73,,,,,0,0,,,
Bogor,Kabupaten Bogor Leuwiliang,2026-04-14 19:00:00,80,58,26,,4,9,0,80,,,,,
Tangerang,Tangerang Pasir Jaya,2026-04-13 01:00:00,-,52,24,,41,63,0,64,,,,,
Bekasi,Bekasi Kayuringin,2026-04-14 19:00:00,36,36,25,,74,16,0,24,,,,,
Jakarta,The Pakubuwono Menteng,2026-04-14 19:49:33,103,103,38,76,,,,,59,27.9,,,
Depok,Cinere - Nafas,2026-04-14 19:48:47,98,98,37,74,,,,,0,0,,,
Bogor,Kabupaten Bogor Leuwiliang,2026-04-14 19:00:00,80,58,26,,4,9,0,80,,,,,
Tangerang,Tangerang Pasir Jaya,2026-04-13 01:00:00,-,52,24,,41,63,0,64,,,,,
Bekasi,Bekasi Kayuringin,2026-04-14 19:00:00,36,36,25,,74,16,0,24,,,,,
Jakarta,The Pakubuwono Menteng,2026-04-14 19:50:33,107,107,42,80,,,,,59,27.9,,,
Depok,Cinere - Nafas,2026-04-14 19:49:47,96,96,37,72,,,,,0,0,,,
Bogor,Kabupaten Bogor Leuwiliang,2026-04-14 19:00:00,80,58,26,,4,9,0,80,,,,,
Tangerang,Tangerang Pasir Jaya,2026-04-13 01:00:00,-,52,24,,41,63,0,64,,,,,
Bekasi,Bekasi Kayuringin,2026-04-14 19:00:00,36,36,25,,74,16,0,24,,,,,
Jakarta,The Pakubuwono Menteng,2026-04-14 19:52:33,103,103,40,81,,,,,59,27.9,,,
Depok,Cinere - Nafas,2026-04-14 19:51:47,97,97,37,74,,,,,0,0,,,
Bogor,Kabupaten Bogor Leuwiliang,2026-04-14 19:00:00,80,58,26,,4,9,0,80,,,,,
Tangerang,Tangerang Pasir Jaya,2026-04-13 01:00:00,-,52,24,,41,63,0,64,,,,,
Bekasi,Bekasi Kayuringin,2026-04-14 19:00:00,36,36,25,,74,16,0,24,,,,,
Jakarta,The Pakubuwono Menteng,2026-04-14 19:52:33,103,103,40,81,,,,,59,27.9,,,
Depok,Cinere - Nafas,2026-04-14 19:51:47,97,97,37,74,,,,,0,0,,,
Bogor,Kabupaten Bogor Leuwiliang,2026-04-14 19:00:00,80,58,26,,4,9,0,80,,,,,
Tangerang,Tangerang Pasir Jaya,2026-04-13 01:00:00,-,52,24,,41,63,0,64,,,,,
Bekasi,Bekasi Kayuringin,2026-04-14 19:00:00,36,36,25,,74,16,0,24,,,,,
Jakarta,The Pakubuwono Menteng,2026-04-14 19:53:33,106,106,41,79,,,,,59,27.9,,,
Depok,Cinere - Nafas,2026-04-14 19:52:47,98,98,36,73,,,,,0,0,,,
Bogor,Kabupaten Bogor Leuwiliang,2026-04-14 19:00:00,80,58,26,,4,9,0,80,,,,,
Tangerang,Tangerang Pasir Jaya,2026-04-13 01:00:00,-,52,24,,41,63,0,64,,,,,
Bekasi,Bekasi Kayuringin,2026-04-14 19:00:00,36,36,25,,74,16,0,24,,,,,
Jakarta,The Pakubuwono Menteng,2026-04-14 19:55:33,106,106,40,78,,,,,60,27.9,,,
Depok,Cinere - Nafas,2026-04-14 19:54:47,95,95,35,72,,,,,0,0,,,
Bogor,Kabupaten Bogor Leuwiliang,2026-04-14 19:00:00,80,58,26,,4,9,0,80,,,,,
Tangerang,Tangerang Pasir Jaya,2026-04-13 01:00:00,-,52,24,,41,63,0,64,,,,,
Bekasi,Bekasi Kayuringin,2026-04-14 19:00:00,36,36,25,,74,16,0,24,,,,,
Jakarta,The Pakubuwono Menteng,2026-04-14 19:57:33,105,105,42,79,,,,,60,27.8,,,
Depok,Cinere - Nafas,2026-04-14 19:56:48,97,97,40,73,,,,,0,0,,,
Bogor,Kabupaten Bogor Leuwiliang,2026-04-14 19:00:00,80,58,26,,4,9,0,80,,,,,
Tangerang,Tangerang Pasir Jaya,2026-04-13 01:00:00,-,52,24,,41,63,0,64,,,,,
Bekasi,Bekasi Kayuringin,2026-04-14 19:00:00,36,36,25,,74,16,0,24,,,,,
Jakarta,The Pakubuwono Menteng,2026-04-14 19:58:34,108,108,43,79,,,,,60,27.8,,,
Depok,Cinere - Nafas,2026-04-14 19:57:47,103,103,38,75,,,,,0,0,,,
Bogor,Kabupaten Bogor Leuwiliang,2026-04-14 19:00:00,80,58,26,,4,9,0,80,,,,,
Tangerang,Tangerang Pasir Jaya,2026-04-13 01:00:00,-,52,24,,41,63,0,64,,,,,
Bekasi,Bekasi Kayuringin,2026-04-14 19:00:00,36,36,25,,74,16,0,24,,,,,
Jakarta,The Pakubuwono Menteng,2026-04-14 19:59:33,110,110,42,79,,,,,60,27.9,,,
Depok,Cinere - Nafas,2026-04-14 19:58:47,101,101,39,75,,,,,0,0,,,
Bogor,Kabupaten Bogor Leuwiliang,2026-04-14 19:00:00,80,58,26,,4,9,0,80,,,,,
Tangerang,Tangerang Pasir Jaya,2026-04-13 01:00:00,-,52,24,,41,63,0,64,,,,,
Bekasi,Bekasi Kayuringin,2026-04-14 19:00:00,36,36,25,,74,16,0,24,,,,,
Jakarta,The Pakubuwono Menteng,2026-04-14 20:00:37,105,105,40,80,,,,,60,27.8,,,
Depok,Cinere - Nafas,2026-04-14 19:59:47,103,103,40,76,,,,,0,0,,,
Bogor,Kabupaten Bogor Leuwiliang,2026-04-14 19:00:00,80,58,26,,4,9,0,80,,,,,
Tangerang,Tangerang Pasir Jaya,2026-04-13 01:00:00,-,52,24,,41,63,0,64,,,,,
Bekasi,Bekasi Kayuringin,2026-04-14 19:00:00,36,36,25,,74,16,0,24,,,,,
Jakarta,The Pakubuwono Menteng,2026-04-14 20:01:34,106,106,42,80,,,,,60,27.8,,,
Depok,Cinere - Nafas,2026-04-14 20:00:47,98,98,38,76,,,,,0,0,,,
Bogor,Kabupaten Bogor Leuwiliang,2026-04-14 19:00:00,80,58,26,,4,9,0,80,,,,,
Tangerang,Tangerang Pasir Jaya,2026-04-13 01:00:00,-,52,24,,41,63,0,64,,,,,
Bekasi,Bekasi Kayuringin,2026-04-14 19:00:00,36,36,25,,74,16,0,24,,,,,
Jakarta,The Pakubuwono Menteng,2026-04-14 20:02:33,108,108,43,82,,,,,60,27.8,,,
Depok,Cinere - Nafas,2026-04-14 20:01:47,101,101,41,75,,,,,0,0,,,
Bogor,Kabupaten Bogor Leuwiliang,2026-04-14 19:00:00,80,58,26,,4,9,0,80,,,,,
Tangerang,Tangerang Pasir Jaya,2026-04-13 01:00:00,-,52,24,,41,63,0,64,,,,,
Bekasi,Bekasi Kayuringin,2026-04-14 19:00:00,36,36,25,,74,16,0,24,,,,,
Jakarta,The Pakubuwono Menteng,2026-04-14 20:03:33,110,110,43,83,,,,,60,27.8,,,
Depok,Cinere - Nafas,2026-04-14 20:02:47,106,106,42,77,,,,,0,0,,,
Bogor,Kabupaten Bogor Leuwiliang,2026-04-14 19:00:00,80,58,26,,4,9,0,80,,,,,
Tangerang,Tangerang Pasir Jaya,2026-04-13 01:00:00,-,52,24,,41,63,0,64,,,,,
Bekasi,Bekasi Kayuringin,2026-04-14 19:00:00,36,36,25,,74,16,0,24,,,,,
Jakarta,The Pakubuwono Menteng,2026-04-14 20:04:33,111,111,43,78,,,,,60,27.8,,,
Depok,Cinere - Nafas,2026-04-14 20:03:47,103,103,40,77,,,,,0,0,,,
Bogor,Kabupaten Bogor Leuwiliang,2026-04-14 19:00:00,80,58,26,,4,9,0,80,,,,,
Tangerang,Tangerang Pasir Jaya,2026-04-13 01:00:00,-,52,24,,41,63,0,64,,,,,
Bekasi,Bekasi Kayuringin,2026-04-14 19:00:00,36,36,25,,74,16,0,24,,,,,
Jakarta,The Pakubuwono Menteng,2026-04-14 20:06:33,111,111,43,83,,,,,60,27.8,,,
Depok,Cinere - Nafas,2026-04-14 20:05:48,101,101,40,74,,,,,0,0,,,
Bogor,Kabupaten Bogor Leuwiliang,2026-04-14 19:00:00,80,58,26,,4,9,0,80,,,,,
Tangerang,Tangerang Pasir Jaya,2026-04-13 01:00:00,-,52,24,,41,63,0,64,,,,,
Bekasi,Bekasi Kayuringin,2026-04-14 19:00:00,36,36,25,,74,16,0,24,,,,,
Jakarta,The Pakubuwono Menteng,2026-04-14 20:08:33,110,110,44,79,,,,,60,27.8,,,
Depok,Cinere - Nafas,2026-04-14 20:07:48,101,101,41,76,,,,,0,0,,,
Bogor,Kabupaten Bogor Leuwiliang,2026-04-14 19:00:00,80,58,26,,4,9,0,80,,,,,
Tangerang,Tangerang Pasir Jaya,2026-04-13 01:00:00,-,52,24,,41,63,0,64,,,,,
Bekasi,Bekasi Kayuringin,2026-04-14 19:00:00,36,36,25,,74,16,0,24,,,,,
Jakarta,The Pakubuwono Menteng,2026-04-14 20:09:34,111,111,44,81,,,,,60,27.8,,,
Depok,Cinere - Nafas,2026-04-14 20:08:48,97,97,37,74,,,,,0,0,,,
Bogor,Kabupaten Bogor Leuwiliang,2026-04-14 20:00:00,80,58,26,,4,9,0,80,,,,,
Tangerang,Tangerang Pasir Jaya,2026-04-13 01:00:00,-,52,24,,41,63,0,64,,,,,
Bekasi,Bekasi Kayuringin,2026-04-14 20:00:00,39,39,25,,73,16,0,24,,,,,
Jakarta,The Pakubuwono Menteng,2026-04-14 20:09:34,111,111,44,81,,,,,60,27.8,,,
Depok,Cinere - Nafas,2026-04-14 20:08:48,97,97,37,74,,,,,0,0,,,
Bogor,Kabupaten Bogor Leuwiliang,2026-04-14 20:00:00,80,58,26,,4,9,0,80,,,,,
Tangerang,Tangerang Pasir Jaya,2026-04-13 01:00:00,-,52,24,,41,63,0,64,,,,,
Bekasi,Bekasi Kayuringin,2026-04-14 20:00:00,39,39,25,,73,16,0,24,,,,,
Jakarta,The Pakubuwono Menteng,2026-04-14 20:10:33,107,107,42,81,,,,,60,27.8,,,
Depok,Cinere - Nafas,2026-04-14 20:09:48,108,108,42,78,,,,,0,0,,,
Bogor,Kabupaten Bogor Leuwiliang,2026-04-14 20:00:00,80,58,26,,4,9,0,80,,,,,
Tangerang,Tangerang Pasir Jaya,2026-04-13 01:00:00,-,52,24,,41,63,0,64,,,,,
Bekasi,Bekasi Kayuringin,2026-04-14 20:00:00,39,39,25,,73,16,0,24,,,,,
Jakarta,The Pakubuwono Menteng,2026-04-14 20:11:33,110,110,44,83,,,,,60,27.8,,,
Depok,Cinere - Nafas,2026-04-14 20:10:48,101,101,38,75,,,,,0,0,,,
Bogor,Kabupaten Bogor Leuwiliang,2026-04-14 20:00:00,80,58,26,,4,9,0,80,,,,,
Tangerang,Tangerang Pasir Jaya,2026-04-13 01:00:00,-,52,24,,41,63,0,64,,,,,
Bekasi,Bekasi Kayuringin,2026-04-14 20:00:00,39,39,25,,73,16,0,24,,,,,
Jakarta,The Pakubuwono Menteng,2026-04-14 20:13:33,111,111,43,83,,,,,60,27.9,,,
Depok,Cinere - Nafas,2026-04-14 20:12:48,101,101,41,75,,,,,0,0,,,
Bogor,Kabupaten Bogor Leuwiliang,2026-04-14 20:00:00,80,58,26,,4,9,0,80,,,,,
Tangerang,Tangerang Pasir Jaya,2026-04-13 01:00:00,-,52,24,,41,63,0,64,,,,,
Bekasi,Bekasi Kayuringin,2026-04-14 20:00:00,39,39,25,,73,16,0,24,,,,,
Jakarta,The Pakubuwono Menteng,2026-04-14 20:15:34,113,113,43,84,,,,,60,27.8,,,
Depok,Cinere - Nafas,2026-04-14 20:15:48,101,101,40,74,,,,,0,0,,,
Bogor,Kabupaten Bogor Leuwiliang,2026-04-14 20:00:00,80,58,26,,4,9,0,80,,,,,
Tangerang,Tangerang Pasir Jaya,2026-04-13 01:00:00,-,52,24,,41,63,0,64,,,,,
Bekasi,Bekasi Kayuringin,2026-04-14 20:00:00,39,39,25,,73,16,0,24,,,,,
Jakarta,The Pakubuwono Menteng,2026-04-14 20:16:33,111,111,42,83,,,,,60,27.8,,,
Depok,Cinere - Nafas,2026-04-14 20:16:48,104,104,40,79,,,,,0,0,,,
Bogor,Kabupaten Bogor Leuwiliang,2026-04-14 20:00:00,80,58,26,,4,9,0,80,,,,,
Tangerang,Tangerang Pasir Jaya,2026-04-13 01:00:00,-,52,24,,41,63,0,64,,,,,
Bekasi,Bekasi Kayuringin,2026-04-14 20:00:00,39,39,25,,73,16,0,24,,,,,
Jakarta,The Pakubuwono Menteng,2026-04-14 20:17:33,116,116,45,83,,,,,60,27.8,,,
Depok,Cinere - Nafas,2026-04-14 20:17:48,108,108,41,77,,,,,0,0,,,
Bogor,Kabupaten Bogor Leuwiliang,2026-04-14 20:00:00,80,58,26,,4,9,0,80,,,,,
Tangerang,Tangerang Pasir Jaya,2026-04-13 01:00:00,-,52,24,,41,63,0,64,,,,,
Bekasi,Bekasi Kayuringin,2026-04-14 20:00:00,39,39,25,,73,16,0,24,,,,,
Jakarta,The Pakubuwono Menteng,2026-04-14 20:18:33,110,110,42,83,,,,,60,27.8,,,
Depok,Cinere - Nafas,2026-04-14 20:18:48,108,108,43,78,,,,,0,0,,,
Bogor,Kabupaten Bogor Leuwiliang,2026-04-14 20:00:00,80,58,26,,4,9,0,80,,,,,
Tangerang,Tangerang Pasir Jaya,2026-04-13 01:00:00,-,52,24,,41,63,0,64,,,,,
Bekasi,Bekasi Kayuringin,2026-04-14 20:00:00,39,39,25,,73,16,0,24,,,,,
Jakarta,The Pakubuwono Menteng,2026-04-14 20:19:33,113,113,44,85,,,,,60,27.8,,,
Depok,Cinere - Nafas,2026-04-14 20:19:48,108,108,43,79,,,,,0,0,,,
Bogor,Kabupaten Bogor Leuwiliang,2026-04-14 20:00:00,80,58,26,,4,9,0,80,,,,,
Tangerang,Tangerang Pasir Jaya,2026-04-13 01:00:00,-,52,24,,41,63,0,64,,,,,
Bekasi,Bekasi Kayuringin,2026-04-14 20:00:00,39,39,25,,73,16,0,24,,,,,
Jakarta,The Pakubuwono Menteng,2026-04-14 20:19:33,113,113,44,84,,,,,60,27.8,,,
Depok,Cinere - Nafas,2026-04-14 20:20:48,109,109,44,78,,,,,0,0,,,
Bogor,Kabupaten Bogor Leuwiliang,2026-04-14 20:00:00,80,58,26,,4,9,0,80,,,,,
Tangerang,Tangerang Pasir Jaya,2026-04-13 01:00:00,-,52,24,,41,63,0,64,,,,,
Bekasi,Bekasi Kayuringin,2026-04-14 20:00:00,39,39,25,,73,16,0,24,,,,,
Jakarta,The Pakubuwono Menteng,2026-04-14 20:21:33,113,113,44,83,,,,,60,27.8,,,
Depok,Cinere - Nafas,2026-04-14 20:21:48,110,110,42,79,,,,,0,0,,,
Bogor,Kabupaten Bogor Leuwiliang,2026-04-14 20:00:00,80,58,26,,4,9,0,80,,,,,
Tangerang,Tangerang Pasir Jaya,2026-04-13 01:00:00,-,52,24,,41,63,0,64,,,,,
Bekasi,Bekasi Kayuringin,2026-04-14 20:00:00,39,39,25,,73,16,0,24,,,,,
Jakarta,The Pakubuwono Menteng,2026-04-14 20:22:33,115,115,45,83,,,,,60,27.8,,,
Depok,Cinere - Nafas,2026-04-14 20:22:48,108,108,42,75,,,,,0,0,,,
Bogor,Kabupaten Bogor Leuwiliang,2026-04-14 20:00:00,80,58,26,,4,9,0,80,,,,,
Tangerang,Tangerang Pasir Jaya,2026-04-13 01:00:00,-,52,24,,41,63,0,64,,,,,
Bekasi,Bekasi Kayuringin,2026-04-14 20:00:00,39,39,25,,73,16,0,24,,,,,
Jakarta,The Pakubuwono Menteng,2026-04-14 20:24:33,111,111,44,81,,,,,60,27.8,,,
Depok,Cinere - Nafas,2026-04-14 20:24:48,110,110,43,76,,,,,0,0,,,
Bogor,Kabupaten Bogor Leuwiliang,2026-04-14 20:00:00,80,58,26,,4,9,0,80,,,,,
Tangerang,Tangerang Pasir Jaya,2026-04-13 01:00:00,-,52,24,,41,63,0,64,,,,,
Bekasi,Bekasi Kayuringin,2026-04-14 20:00:00,39,39,25,,73,16,0,24,,,,,
Jakarta,The Pakubuwono Menteng,2026-04-14 20:25:33,113,113,44,83,,,,,60,27.8,,,
Depok,Cinere - Nafas,2026-04-14 20:25:48,105,105,41,77,,,,,0,0,,,
Bogor,Kabupaten Bogor Leuwiliang,2026-04-14 20:00:00,80,58,26,,4,9,0,80,,,,,
Tangerang,Tangerang Pasir Jaya,2026-04-13 01:00:00,-,52,24,,41,63,0,64,,,,,
Bekasi,Bekasi Kayuringin,2026-04-14 20:00:00,39,39,25,,73,16,0,24,,,,,
Jakarta,The Pakubuwono Menteng,2026-04-14 20:26:33,112,112,45,83,,,,,60,27.8,,,
Depok,Cinere - Nafas,2026-04-14 20:26:48,106,106,41,77,,,,,0,0,,,
Bogor,Kabupaten Bogor Leuwiliang,2026-04-14 20:00:00,80,58,26,,4,9,0,80,,,,,
Tangerang,Tangerang Pasir Jaya,2026-04-13 01:00:00,-,52,24,,41,63,0,64,,,,,
Bekasi,Bekasi Kayuringin,2026-04-14 20:00:00,39,39,25,,73,16,0,24,,,,,
Jakarta,The Pakubuwono Menteng,2026-04-14 20:27:34,112,112,45,84,,,,,60,27.8,,,
Depok,Cinere - Nafas,2026-04-14 20:27:48,105,105,41,75,,,,,0,0,,,
Bogor,Kabupaten Bogor Leuwiliang,2026-04-14 20:00:00,80,58,26,,4,9,0,80,,,,,
Tangerang,Tangerang Pasir Jaya,2026-04-13 01:00:00,-,52,24,,41,63,0,64,,,,,
Bekasi,Bekasi Kayuringin,2026-04-14 20:00:00,39,39,25,,73,16,0,24,,,,,
Jakarta,The Pakubuwono Menteng,2026-04-14 20:29:34,113,113,44,82,,,,,61,27.8,,,
Depok,Cinere - Nafas,2026-04-14 20:29:48,103,103,41,72,,,,,0,0,,,
Bogor,Kabupaten Bogor Leuwiliang,2026-04-14 20:00:00,80,58,26,,4,9,0,80,,,,,
Tangerang,Tangerang Pasir Jaya,2026-04-13 01:00:00,-,52,24,,41,63,0,64,,,,,
Bekasi,Bekasi Kayuringin,2026-04-14 20:00:00,39,39,25,,73,16,0,24,,,,,
Jakarta,The Pakubuwono Menteng,2026-04-14 20:30:34,111,111,43,83,,,,,61,27.7,,,
Depok,Cinere - Nafas,2026-04-14 20:30:49,100,100,40,73,,,,,0,0,,,
Bogor,Kabupaten Bogor Leuwiliang,2026-04-14 20:00:00,80,58,26,,4,9,0,80,,,,,
Tangerang,Tangerang Pasir Jaya,2026-04-13 01:00:00,-,52,24,,41,63,0,64,,,,,
Bekasi,Bekasi Kayuringin,2026-04-14 20:00:00,39,39,25,,73,16,0,24,,,,,
Jakarta,The Pakubuwono Menteng,2026-04-14 20:31:34,114,114,45,84,,,,,61,27.7,,,
Depok,Cinere - Nafas,2026-04-14 20:31:48,102,102,38,75,,,,,0,0,,,
Bogor,Kabupaten Bogor Leuwiliang,2026-04-14 20:00:00,80,58,26,,4,9,0,80,,,,,
Tangerang,Tangerang Pasir Jaya,2026-04-13 01:00:00,-,52,24,,41,63,0,64,,,,,
Bekasi,Bekasi Kayuringin,2026-04-14 20:00:00,39,39,25,,73,16,0,24,,,,,
Jakarta,The Pakubuwono Menteng,2026-04-14 20:32:34,113,113,44,81,,,,,61,27.7,,,
Depok,Cinere - Nafas,2026-04-14 20:32:48,101,101,39,74,,,,,0,0,,,
Bogor,Kabupaten Bogor Leuwiliang,2026-04-14 20:00:00,80,58,26,,4,9,0,80,,,,,
Tangerang,Tangerang Pasir Jaya,2026-04-13 01:00:00,-,52,24,,41,63,0,64,,,,,
Bekasi,Bekasi Kayuringin,2026-04-14 20:00:00,39,39,25,,73,16,0,24,,,,,
Jakarta,The Pakubuwono Menteng,2026-04-14 20:33:34,111,111,43,84,,,,,61,27.7,,,
Depok,Cinere - Nafas,2026-04-14 20:33:48,98,98,38,72,,,,,0,0,,,
Bogor,Kabupaten Bogor Leuwiliang,2026-04-14 20:00:00,80,58,26,,4,9,0,80,,,,,
Tangerang,Tangerang Pasir Jaya,2026-04-13 01:00:00,-,52,24,,41,63,0,64,,,,,
Bekasi,Bekasi Kayuringin,2026-04-14 20:00:00,39,39,25,,73,16,0,24,,,,,
Jakarta,The Pakubuwono Menteng,2026-04-14 20:35:34,110,110,42,83,,,,,61,27.7,,,
Depok,Cinere - Nafas,2026-04-14 20:35:48,98,98,35,72,,,,,0,0,,,
Bogor,Kabupaten Bogor Leuwiliang,2026-04-14 20:00:00,80,58,26,,4,9,0,80,,,,,
Tangerang,Tangerang Pasir Jaya,2026-04-13 01:00:00,-,52,24,,41,63,0,64,,,,,
Bekasi,Bekasi Kayuringin,2026-04-14 20:00:00,39,39,25,,73,16,0,24,,,,,
Jakarta,The Pakubuwono Menteng,2026-04-14 20:36:34,112,112,43,82,,,,,61,27.7,,,
Depok,Cinere - Nafas,2026-04-14 20:36:48,99,99,36,74,,,,,0,0,,,
Bogor,Kabupaten Bogor Leuwiliang,2026-04-14 20:00:00,80,58,26,,4,9,0,80,,,,,
Tangerang,Tangerang Pasir Jaya,2026-04-13 01:00:00,-,52,24,,41,63,0,64,,,,,
Bekasi,Bekasi Kayuringin,2026-04-14 20:00:00,39,39,25,,73,16,0,24,,,,,
Jakarta,The Pakubuwono Menteng,2026-04-14 20:37:34,111,111,45,83,,,,,61,27.7,,,
Depok,Cinere - Nafas,2026-04-14 20:37:49,100,100,39,74,,,,,0,0,,,
Bogor,Kabupaten Bogor Leuwiliang,2026-04-14 20:00:00,80,58,26,,4,9,0,80,,,,,
Tangerang,Tangerang Pasir Jaya,2026-04-13 01:00:00,-,52,24,,41,63,0,64,,,,,
Bekasi,Bekasi Kayuringin,2026-04-14 20:00:00,39,39,25,,73,16,0,24,,,,,
Jakarta,The Pakubuwono Menteng,2026-04-14 20:39:34,111,111,43,83,,,,,61,27.7,,,
Depok,Cinere - Nafas,2026-04-14 20:39:48,93,93,36,70,,,,,0,0,,,
Bogor,Kabupaten Bogor Leuwiliang,2026-04-14 20:00:00,80,58,26,,4,9,0,80,,,,,
Tangerang,Tangerang Pasir Jaya,2026-04-13 01:00:00,-,52,24,,41,63,0,64,,,,,
Bekasi,Bekasi Kayuringin,2026-04-14 20:00:00,39,39,25,,73,16,0,24,,,,,
Jakarta,The Pakubuwono Menteng,2026-04-14 20:40:34,104,104,39,75,,,,,60,27.8,,,
Depok,Cinere - Nafas,2026-04-14 20:40:48,97,97,36,73,,,,,0,0,,,
Bogor,Kabupaten Bogor Leuwiliang,2026-04-14 20:00:00,80,58,26,,4,9,0,80,,,,,
Tangerang,Tangerang Pasir Jaya,2026-04-13 01:00:00,-,52,24,,41,63,0,64,,,,,
Bekasi,Bekasi Kayuringin,2026-04-14 20:00:00,39,39,25,,73,16,0,24,,,,,
Jakarta,The Pakubuwono Menteng,2026-04-14 20:40:34,104,104,39,79,,,,,60,27.8,,,
Depok,Cinere - Nafas,2026-04-14 20:41:48,94,94,33,73,,,,,0,0,,,
Bogor,Kabupaten Bogor Leuwiliang,2026-04-14 20:00:00,80,58,26,,4,9,0,80,,,,,
Tangerang,Tangerang Pasir Jaya,2026-04-13 01:00:00,-,52,24,,41,63,0,64,,,,,
Bekasi,Bekasi Kayuringin,2026-04-14 20:00:00,39,39,25,,73,16,0,24,,,,,
Jakarta,The Pakubuwono Menteng,2026-04-14 20:42:34,100,100,37,74,,,,,60,27.7,,,
Depok,Cinere - Nafas,2026-04-14 20:42:48,92,92,34,71,,,,,0,0,,,
Bogor,Kabupaten Bogor Leuwiliang,2026-04-14 20:00:00,80,58,26,,4,9,0,80,,,,,
Tangerang,Tangerang Pasir Jaya,2026-04-13 01:00:00,-,52,24,,41,63,0,64,,,,,
Bekasi,Bekasi Kayuringin,2026-04-14 20:00:00,39,39,25,,73,16,0,24,,,,,
Jakarta,The Pakubuwono Menteng,2026-04-14 20:42:34,100,100,37,74,,,,,60,27.7,,,
Depok,Cinere - Nafas,2026-04-14 20:42:48,92,92,34,71,,,,,0,0,,,
Bogor,Kabupaten Bogor Leuwiliang,2026-04-14 20:00:00,80,58,26,,4,9,0,80,,,,,
Tangerang,Tangerang Pasir Jaya,2026-04-13 01:00:00,-,52,24,,41,63,0,64,,,,,
Bekasi,Bekasi Kayuringin,2026-04-14 20:00:00,39,39,25,,73,16,0,24,,,,,
Jakarta,The Pakubuwono Menteng,2026-04-14 20:45:34,99,99,39,75,,,,,60,27.7,,,
Depok,Cinere - Nafas,2026-04-14 20:45:48,92,92,34,70,,,,,0,0,,,
Bogor,Kabupaten Bogor Leuwiliang,2026-04-14 20:00:00,80,58,26,,4,9,0,80,,,,,
Tangerang,Tangerang Pasir Jaya,2026-04-13 01:00:00,-,52,24,,41,63,0,64,,,,,
Bekasi,Bekasi Kayuringin,2026-04-14 20:00:00,39,39,25,,73,16,0,24,,,,,
Jakarta,The Pakubuwono Menteng,2026-04-14 20:46:34,98,98,35,75,,,,,60,27.7,,,
Depok,Cinere - Nafas,2026-04-14 20:46:48,94,94,35,71,,,,,0,0,,,
Bogor,Kabupaten Bogor Leuwiliang,2026-04-14 20:00:00,80,58,26,,4,9,0,80,,,,,
Tangerang,Tangerang Pasir Jaya,2026-04-13 01:00:00,-,52,24,,41,63,0,64,,,,,
Bekasi,Bekasi Kayuringin,2026-04-14 20:00:00,39,39,25,,73,16,0,24,,,,,
Jakarta,The Pakubuwono Menteng,2026-04-14 20:47:34,97,97,35,75,,,,,60,27.7,,,
Depok,Cinere - Nafas,2026-04-14 20:47:48,92,92,33,72,,,,,0,0,,,
Bogor,Kabupaten Bogor Leuwiliang,2026-04-14 20:00:00,80,58,26,,4,9,0,80,,,,,
Tangerang,Tangerang Pasir Jaya,2026-04-13 01:00:00,-,52,24,,41,63,0,64,,,,,
Bekasi,Bekasi Kayuringin,2026-04-14 20:00:00,39,39,25,,73,16,0,24,,,,,
Jakarta,The Pakubuwono Menteng,2026-04-14 20:48:34,94,94,38,74,,,,,60,27.7,,,
Depok,Cinere - Nafas,2026-04-14 20:48:48,97,97,36,72,,,,,0,0,,,
Bogor,Kabupaten Bogor Leuwiliang,2026-04-14 20:00:00,80,58,26,,4,9,0,80,,,,,
Tangerang,Tangerang Pasir Jaya,2026-04-13 01:00:00,-,52,24,,41,63,0,64,,,,,
Bekasi,Bekasi Kayuringin,2026-04-14 20:00:00,39,39,25,,73,16,0,24,,,,,
Jakarta,The Pakubuwono Menteng,2026-04-14 20:50:34,99,99,37,74,,,,,60,27.7,,,
Depok,Cinere - Nafas,2026-04-14 20:50:48,95,95,34,72,,,,,0,0,,,
Bogor,Kabupaten Bogor Leuwiliang,2026-04-14 20:00:00,80,58,26,,4,9,0,80,,,,,
Tangerang,Tangerang Pasir Jaya,2026-04-13 01:00:00,-,52,24,,41,63,0,64,,,,,
Bekasi,Bekasi Kayuringin,2026-04-14 20:00:00,39,39,25,,73,16,0,24,,,,,
Jakarta,The Pakubuwono Menteng,2026-04-14 20:50:34,99,99,37,74,,,,,60,27.7,,,
Depok,Cinere - Nafas,2026-04-14 20:50:48,95,95,34,72,,,,,0,0,,,
Bogor,Kabupaten Bogor Leuwiliang,2026-04-14 20:00:00,80,58,26,,4,9,0,80,,,,,
Tangerang,Tangerang Pasir Jaya,2026-04-13 01:00:00,-,52,24,,41,63,0,64,,,,,
Bekasi,Bekasi Kayuringin,2026-04-14 20:00:00,39,39,25,,73,16,0,24,,,,,
Jakarta,The Pakubuwono Menteng,2026-04-14 20:51:34,97,97,37,73,,,,,60,27.7,,,
Depok,Cinere - Nafas,2026-04-14 20:51:48,96,96,35,71,,,,,0,0,,,
Bogor,Kabupaten Bogor Leuwiliang,2026-04-14 20:00:00,80,58,26,,4,9,0,80,,,,,
Tangerang,Tangerang Pasir Jaya,2026-04-13 01:00:00,-,52,24,,41,63,0,64,,,,,
Bekasi,Bekasi Kayuringin,2026-04-14 20:00:00,39,39,25,,73,16,0,24,,,,,
Jakarta,The Pakubuwono Menteng,2026-04-14 20:52:34,94,94,35,72,,,,,60,27.7,,,
Depok,Cinere - Nafas,2026-04-14 20:52:48,95,95,35,73,,,,,0,0,,,
Bogor,Kabupaten Bogor Leuwiliang,2026-04-14 20:00:00,80,58,26,,4,9,0,80,,,,,
Tangerang,Tangerang Pasir Jaya,2026-04-13 01:00:00,-,52,24,,41,63,0,64,,,,,
Bekasi,Bekasi Kayuringin,2026-04-14 20:00:00,39,39,25,,73,16,0,24,,,,,
Jakarta,The Pakubuwono Menteng,2026-04-14 20:55:34,86,86,27,69,,,,,59,27.7,,,
Depok,Cinere - Nafas,2026-04-14 20:55:48,96,96,35,72,,,,,0,0,,,
Bogor,Kabupaten Bogor Leuwiliang,2026-04-14 20:00:00,80,58,26,,4,9,0,80,,,,,
Tangerang,Tangerang Pasir Jaya,2026-04-13 01:00:00,-,52,24,,41,63,0,64,,,,,
Bekasi,Bekasi Kayuringin,2026-04-14 20:00:00,39,39,25,,73,16,0,24,,,,,
Jakarta,The Pakubuwono Menteng,2026-04-14 20:56:35,81,81,24,66,,,,,59,27.7,,,
Depok,Cinere - Nafas,2026-04-14 20:56:48,95,95,37,72,,,,,0,0,,,
Bogor,Kabupaten Bogor Leuwiliang,2026-04-14 20:00:00,80,58,26,,4,9,0,80,,,,,
Tangerang,Tangerang Pasir Jaya,2026-04-13 01:00:00,-,52,24,,41,63,0,64,,,,,
Bekasi,Bekasi Kayuringin,2026-04-14 20:00:00,39,39,25,,73,16,0,24,,,,,
Jakarta,The Pakubuwono Menteng,2026-04-14 20:57:34,78,78,24,63,,,,,59,27.7,,,
Depok,Cinere - Nafas,2026-04-14 20:57:48,93,93,35,72,,,,,0,0,,,
Bogor,Kabupaten Bogor Leuwiliang,2026-04-14 20:00:00,80,58,26,,4,9,0,80,,,,,
Tangerang,Tangerang Pasir Jaya,2026-04-13 01:00:00,-,52,24,,41,63,0,64,,,,,
Bekasi,Bekasi Kayuringin,2026-04-14 20:00:00,39,39,25,,73,16,0,24,,,,,
Jakarta,The Pakubuwono Menteng,2026-04-14 20:58:34,80,80,27,60,,,,,59,27.7,,,
Depok,Cinere - Nafas,2026-04-14 20:58:48,93,93,33,71,,,,,0,0,,,
Bogor,Kabupaten Bogor Leuwiliang,2026-04-14 20:00:00,80,58,26,,4,9,0,80,,,,,
Tangerang,Tangerang Pasir Jaya,2026-04-13 01:00:00,-,52,24,,41,63,0,64,,,,,
Bekasi,Bekasi Kayuringin,2026-04-14 20:00:00,39,39,25,,73,16,0,24,,,,,
Jakarta,The Pakubuwono Menteng,2026-04-14 20:58:34,80,80,27,60,,,,,59,27.7,,,
Depok,Cinere - Nafas,2026-04-14 20:58:48,93,93,33,71,,,,,0,0,,,
Bogor,Kabupaten Bogor Leuwiliang,2026-04-14 20:00:00,80,58,26,,4,9,0,80,,,,,
Tangerang,Tangerang Pasir Jaya,2026-04-13 01:00:00,-,52,24,,41,63,0,64,,,,,
Bekasi,Bekasi Kayuringin,2026-04-14 20:00:00,39,39,25,,73,16,0,24,,,,,
Jakarta,The Pakubuwono Menteng,2026-04-14 20:59:34,80,80,25,62,,,,,59,27.7,,,
Depok,Cinere - Nafas,2026-04-14 20:59:48,99,99,37,71,,,,,0,0,,,
Bogor,Kabupaten Bogor Leuwiliang,2026-04-14 20:00:00,80,58,26,,4,9,0,80,,,,,
Tangerang,Tangerang Pasir Jaya,2026-04-13 01:00:00,-,52,24,,41,63,0,64,,,,,
Bekasi,Bekasi Kayuringin,2026-04-14 20:00:00,39,39,25,,73,16,0,24,,,,,
Jakarta,The Pakubuwono Menteng,2026-04-14 21:02:34,76,76,23,63,,,,,59,27.7,,,
Depok,Cinere - Nafas,2026-04-14 21:02:48,93,93,33,72,,,,,0,0,,,
Bogor,Kabupaten Bogor Leuwiliang,2026-04-14 20:00:00,80,58,26,,4,9,0,80,,,,,
Tangerang,Tangerang Pasir Jaya,2026-04-13 01:00:00,-,52,24,,41,63,0,64,,,,,
Bekasi,Bekasi Kayuringin,2026-04-14 20:00:00,39,39,25,,73,16,0,24,,,,,
Jakarta,The Pakubuwono Menteng,2026-04-14 21:03:34,83,83,25,64,,,,,59,27.7,,,
Depok,Cinere - Nafas,2026-04-14 21:03:50,96,96,35,71,,,,,0,0,,,
Bogor,Kabupaten Bogor Leuwiliang,2026-04-14 20:00:00,80,58,26,,4,9,0,80,,,,,
Tangerang,Tangerang Pasir Jaya,2026-04-13 01:00:00,-,52,24,,41,63,0,64,,,,,
Bekasi,Bekasi Kayuringin,2026-04-14 20:00:00,39,39,25,,73,16,0,24,,,,,
Jakarta,The Pakubuwono Menteng,2026-04-14 21:04:34,81,81,25,62,,,,,59,27.7,,,
Depok,Cinere - Nafas,2026-04-14 21:04:49,94,94,35,72,,,,,0,0,,,
Bogor,Kabupaten Bogor Leuwiliang,2026-04-14 20:00:00,80,58,26,,4,9,0,80,,,,,
Tangerang,Tangerang Pasir Jaya,2026-04-13 01:00:00,-,52,24,,41,63,0,64,,,,,
Bekasi,Bekasi Kayuringin,2026-04-14 20:00:00,39,39,25,,73,16,0,24,,,,,
Jakarta,The Pakubuwono Menteng,2026-04-14 21:05:34,85,85,26,60,,,,,59,27.7,,,
Depok,Cinere - Nafas,2026-04-14 21:05:50,93,93,35,70,,,,,0,0,,,
Bogor,Kabupaten Bogor Leuwiliang,2026-04-14 20:00:00,80,58,26,,4,9,0,80,,,,,
Tangerang,Tangerang Pasir Jaya,2026-04-13 01:00:00,-,52,24,,41,63,0,64,,,,,
Bekasi,Bekasi Kayuringin,2026-04-14 20:00:00,39,39,25,,73,16,0,24,,,,,
Jakarta,The Pakubuwono Menteng,2026-04-14 21:07:34,83,83,25,62,,,,,59,27.6,,,
Depok,Cinere - Nafas,2026-04-14 21:07:49,95,95,35,71,,,,,0,0,,,
Bogor,Kabupaten Bogor Leuwiliang,2026-04-14 20:00:00,80,58,26,,4,9,0,80,,,,,
Tangerang,Tangerang Pasir Jaya,2026-04-13 01:00:00,-,52,24,,41,63,0,64,,,,,
Bekasi,Bekasi Kayuringin,2026-04-14 20:00:00,39,39,25,,73,16,0,24,,,,,
Jakarta,The Pakubuwono Menteng,2026-04-14 21:08:34,85,85,29,62,,,,,59,27.6,,,
Depok,Cinere - Nafas,2026-04-14 21:08:49,94,94,35,72,,,,,0,0,,,
Bogor,Kabupaten Bogor Leuwiliang,2026-04-14 20:00:00,80,58,26,,4,9,0,80,,,,,
Tangerang,Tangerang Pasir Jaya,2026-04-13 01:00:00,-,52,24,,41,63,0,64,,,,,
Bekasi,Bekasi Kayuringin,2026-04-14 20:00:00,39,39,25,,73,16,0,24,,,,,
Jakarta,The Pakubuwono Menteng,2026-04-14 21:08:34,85,85,29,62,,,,,59,27.6,,,
Depok,Cinere - Nafas,2026-04-14 21:09:49,98,98,35,72,,,,,0,0,,,
Bogor,Kabupaten Bogor Leuwiliang,2026-04-14 21:00:00,80,59,26,,4,9,0,80,,,,,
Tangerang,Tangerang Pasir Jaya,2026-04-13 01:00:00,-,52,24,,41,63,0,64,,,,,
Bekasi,Bekasi Kayuringin,2026-04-14 21:00:00,37,37,25,,73,16,0,24,,,,,
Jakarta,The Pakubuwono Menteng,2026-04-14 21:10:35,81,81,26,59,,,,,59,27.6,,,
Depok,Cinere - Nafas,2026-04-14 21:10:49,98,98,36,72,,,,,0,0,,,
Bogor,Kabupaten Bogor Leuwiliang,2026-04-14 21:00:00,80,59,26,,4,9,0,80,,,,,
Tangerang,Tangerang Pasir Jaya,2026-04-13 01:00:00,-,52,24,,41,63,0,64,,,,,
Bekasi,Bekasi Kayuringin,2026-04-14 21:00:00,37,37,25,,73,16,0,24,,,,,
Jakarta,The Pakubuwono Menteng,2026-04-14 21:12:35,78,78,24,59,,,,,59,27.6,,,
Depok,Cinere - Nafas,2026-04-14 21:12:49,97,97,36,72,,,,,0,0,,,
Bogor,Kabupaten Bogor Leuwiliang,2026-04-14 21:00:00,80,59,26,,4,9,0,80,,,,,
Tangerang,Tangerang Pasir Jaya,2026-04-13 01:00:00,-,52,24,,41,63,0,64,,,,,
Bekasi,Bekasi Kayuringin,2026-04-14 21:00:00,37,37,25,,73,16,0,24,,,,,
Jakarta,The Pakubuwono Menteng,2026-04-14 21:13:35,77,77,25,59,,,,,59,27.6,,,
Depok,Cinere - Nafas,2026-04-14 21:13:49,102,102,40,76,,,,,0,0,,,
Bogor,Kabupaten Bogor Leuwiliang,2026-04-14 21:00:00,80,59,26,,4,9,0,80,,,,,
Tangerang,Tangerang Pasir Jaya,2026-04-13 01:00:00,-,52,24,,41,63,0,64,,,,,
Bekasi,Bekasi Kayuringin,2026-04-14 21:00:00,37,37,25,,73,16,0,24,,,,,
Jakarta,The Pakubuwono Menteng,2026-04-14 21:14:35,82,82,27,63,,,,,59,27.6,,,
Depok,Cinere - Nafas,2026-04-14 21:14:49,98,98,38,78,,,,,0,0,,,
Bogor,Kabupaten Bogor Leuwiliang,2026-04-14 21:00:00,80,59,26,,4,9,0,80,,,,,
Tangerang,Tangerang Pasir Jaya,2026-04-13 01:00:00,-,52,24,,41,63,0,64,,,,,
Bekasi,Bekasi Kayuringin,2026-04-14 21:00:00,37,37,25,,73,16,0,24,,,,,
Jakarta,The Pakubuwono Menteng,2026-04-14 21:15:35,80,80,28,61,,,,,59,27.6,,,
Depok,Cinere - Nafas,2026-04-14 21:15:49,94,94,35,73,,,,,0,0,,,
Bogor,Kabupaten Bogor Leuwiliang,2026-04-14 21:00:00,80,59,26,,4,9,0,80,,,,,
Tangerang,Tangerang Pasir Jaya,2026-04-13 01:00:00,-,52,24,,41,63,0,64,,,,,
Bekasi,Bekasi Kayuringin,2026-04-14 21:00:00,37,37,25,,73,16,0,24,,,,,
Jakarta,The Pakubuwono Menteng,2026-04-14 21:17:35,85,85,26,64,,,,,59,27.7,,,
Depok,Cinere - Nafas,2026-04-14 21:17:50,96,96,36,73,,,,,0,0,,,
Bogor,Kabupaten Bogor Leuwiliang,2026-04-14 21:00:00,80,59,26,,4,9,0,80,,,,,
Tangerang,Tangerang Pasir Jaya,2026-04-13 01:00:00,-,52,24,,41,63,0,64,,,,,
Bekasi,Bekasi Kayuringin,2026-04-14 21:00:00,37,37,25,,73,16,0,24,,,,,
Jakarta,The Pakubuwono Menteng,2026-04-14 21:18:35,86,86,27,65,,,,,59,27.7,,,
Depok,Cinere - Nafas,2026-04-14 21:18:49,95,95,35,70,,,,,0,0,,,
Bogor,Kabupaten Bogor Leuwiliang,2026-04-14 21:00:00,80,59,26,,4,9,0,80,,,,,
Tangerang,Tangerang Pasir Jaya,2026-04-13 01:00:00,-,52,24,,41,63,0,64,,,,,
Bekasi,Bekasi Kayuringin,2026-04-14 21:00:00,37,37,25,,73,16,0,24,,,,,
Jakarta,The Pakubuwono Menteng,2026-04-14 21:19:35,84,84,26,67,,,,,59,27.6,,,
Depok,Cinere - Nafas,2026-04-14 21:19:49,94,94,33,71,,,,,0,0,,,
Bogor,Kabupaten Bogor Leuwiliang,2026-04-14 21:00:00,80,59,26,,4,9,0,80,,,,,
Tangerang,Tangerang Pasir Jaya,2026-04-13 01:00:00,-,52,24,,41,63,0,64,,,,,
Bekasi,Bekasi Kayuringin,2026-04-14 21:00:00,37,37,25,,73,16,0,24,,,,,
Jakarta,The Pakubuwono Menteng,2026-04-14 21:20:35,81,81,26,61,,,,,59,27.7,,,
Depok,Cinere - Nafas,2026-04-14 21:20:49,93,93,33,70,,,,,0,0,,,
Bogor,Kabupaten Bogor Leuwiliang,2026-04-14 21:00:00,80,59,26,,4,9,0,80,,,,,
Tangerang,Tangerang Pasir Jaya,2026-04-13 01:00:00,-,52,24,,41,63,0,64,,,,,
Bekasi,Bekasi Kayuringin,2026-04-14 21:00:00,37,37,25,,73,16,0,24,,,,,
Jakarta,The Pakubuwono Menteng,2026-04-14 21:21:35,80,80,25,66,,,,,59,27.6,,,
Depok,Cinere - Nafas,2026-04-14 21:21:49,87,87,31,67,,,,,0,0,,,
Bogor,Kabupaten Bogor Leuwiliang,2026-04-14 21:00:00,80,59,26,,4,9,0,80,,,,,
Tangerang,Tangerang Pasir Jaya,2026-04-13 01:00:00,-,52,24,,41,63,0,64,,,,,
Bekasi,Bekasi Kayuringin,2026-04-14 21:00:00,37,37,25,,73,16,0,24,,,,,
Jakarta,The Pakubuwono Menteng,2026-04-14 21:22:35,83,83,28,68,,,,,59,27.7,,,
Depok,Cinere - Nafas,2026-04-14 21:22:49,88,88,31,71,,,,,0,0,,,
Bogor,Kabupaten Bogor Leuwiliang,2026-04-14 21:00:00,80,59,26,,4,9,0,80,,,,,
Tangerang,Tangerang Pasir Jaya,2026-04-13 01:00:00,-,52,24,,41,63,0,64,,,,,
Bekasi,Bekasi Kayuringin,2026-04-14 21:00:00,37,37,25,,73,16,0,24,,,,,
Jakarta,The Pakubuwono Menteng,2026-04-14 21:24:35,84,84,27,65,,,,,59,27.7,,,
Depok,Cinere - Nafas,2026-04-14 21:25:49,87,87,30,67,,,,,0,0,,,
Bogor,Kabupaten Bogor Leuwiliang,2026-04-14 21:00:00,80,59,26,,4,9,0,80,,,,,
Tangerang,Tangerang Pasir Jaya,2026-04-13 01:00:00,-,52,24,,41,63,0,64,,,,,
Bekasi,Bekasi Kayuringin,2026-04-14 21:00:00,37,37,25,,73,16,0,24,,,,,
Jakarta,The Pakubuwono Menteng,2026-04-14 21:26:35,83,83,27,67,,,,,59,27.7,,,
Depok,Cinere - Nafas,2026-04-14 21:26:49,90,90,31,67,,,,,0,0,,,
Bogor,Kabupaten Bogor Leuwiliang,2026-04-14 21:00:00,80,59,26,,4,9,0,80,,,,,
Tangerang,Tangerang Pasir Jaya,2026-04-13 01:00:00,-,52,24,,41,63,0,64,,,,,
Bekasi,Bekasi Kayuringin,2026-04-14 21:00:00,37,37,25,,73,16,0,24,,,,,
Jakarta,The Pakubuwono Menteng,2026-04-14 21:26:35,83,83,27,67,,,,,59,27.7,,,
Depok,Cinere - Nafas,2026-04-14 21:27:49,89,89,30,68,,,,,0,0,,,
Bogor,Kabupaten Bogor Leuwiliang,2026-04-14 21:00:00,80,59,26,,4,9,0,80,,,,,
Tangerang,Tangerang Pasir Jaya,2026-04-13 01:00:00,-,52,24,,41,63,0,64,,,,,
Bekasi,Bekasi Kayuringin,2026-04-14 21:00:00,37,37,25,,73,16,0,24,,,,,
Jakarta,The Pakubuwono Menteng,2026-04-14 21:27:35,86,86,29,66,,,,,59,27.7,,,
Depok,Cinere - Nafas,2026-04-14 21:27:49,89,89,30,68,,,,,0,0,,,
Bogor,Kabupaten Bogor Leuwiliang,2026-04-14 21:00:00,80,59,26,,4,9,0,80,,,,,
Tangerang,Tangerang Pasir Jaya,2026-04-13 01:00:00,-,52,24,,41,63,0,64,,,,,
Bekasi,Bekasi Kayuringin,2026-04-14 21:00:00,37,37,25,,73,16,0,24,,,,,
Jakarta,The Pakubuwono Menteng,2026-04-14 21:29:35,84,84,27,66,,,,,59,27.7,,,
Depok,Cinere - Nafas,2026-04-14 21:29:49,92,92,35,71,,,,,0,0,,,
Bogor,Kabupaten Bogor Leuwiliang,2026-04-14 21:00:00,80,59,26,,4,9,0,80,,,,,
Tangerang,Tangerang Pasir Jaya,2026-04-13 01:00:00,-,52,24,,41,63,0,64,,,,,
Bekasi,Bekasi Kayuringin,2026-04-14 21:00:00,37,37,25,,73,16,0,24,,,,,
Jakarta,The Pakubuwono Menteng,2026-04-14 21:30:35,84,84,26,67,,,,,59,27.6,,,
Depok,Cinere - Nafas,2026-04-14 21:30:49,88,88,30,69,,,,,0,0,,,
Bogor,Kabupaten Bogor Leuwiliang,2026-04-14 21:00:00,80,59,26,,4,9,0,80,,,,,
Tangerang,Tangerang Pasir Jaya,2026-04-13 01:00:00,-,52,24,,41,63,0,64,,,,,
Bekasi,Bekasi Kayuringin,2026-04-14 21:00:00,37,37,25,,73,16,0,24,,,,,
Jakarta,The Pakubuwono Menteng,2026-04-14 21:32:35,88,88,30,69,,,,,59,27.7,,,
Depok,Cinere - Nafas,2026-04-14 21:32:49,90,90,32,69,,,,,0,0,,,
Bogor,Kabupaten Bogor Leuwiliang,2026-04-14 21:00:00,80,59,26,,4,9,0,80,,,,,
Tangerang,Tangerang Pasir Jaya,2026-04-13 01:00:00,-,52,24,,41,63,0,64,,,,,
Bekasi,Bekasi Kayuringin,2026-04-14 21:00:00,37,37,25,,73,16,0,24,,,,,
Jakarta,The Pakubuwono Menteng,2026-04-14 21:33:35,87,87,30,68,,,,,59,27.7,,,
Depok,Cinere - Nafas,2026-04-14 21:33:49,86,86,28,64,,,,,0,0,,,
Bogor,Kabupaten Bogor Leuwiliang,2026-04-14 21:00:00,80,59,26,,4,9,0,80,,,,,
Tangerang,Tangerang Pasir Jaya,2026-04-13 01:00:00,-,52,24,,41,63,0,64,,,,,
Bekasi,Bekasi Kayuringin,2026-04-14 21:00:00,37,37,25,,73,16,0,24,,,,,
Jakarta,The Pakubuwono Menteng,2026-04-14 21:34:35,87,87,29,69,,,,,59,27.7,,,
Depok,Cinere - Nafas,2026-04-14 21:34:50,85,85,29,66,,,,,0,0,,,
Bogor,Kabupaten Bogor Leuwiliang,2026-04-14 21:00:00,80,59,26,,4,9,0,80,,,,,
Tangerang,Tangerang Pasir Jaya,2026-04-13 01:00:00,-,52,24,,41,63,0,64,,,,,
Bekasi,Bekasi Kayuringin,2026-04-14 21:00:00,37,37,25,,73,16,0,24,,,,,
Jakarta,The Pakubuwono Menteng,2026-04-14 21:35:35,85,85,27,68,,,,,59,27.7,,,
Depok,Cinere - Nafas,2026-04-14 21:35:49,87,87,30,64,,,,,0,0,,,
Bogor,Kabupaten Bogor Leuwiliang,2026-04-14 21:00:00,80,59,26,,4,9,0,80,,,,,
Tangerang,Tangerang Pasir Jaya,2026-04-13 01:00:00,-,52,24,,41,63,0,64,,,,,
Bekasi,Bekasi Kayuringin,2026-04-14 21:00:00,37,37,25,,73,16,0,24,,,,,
Jakarta,The Pakubuwono Menteng,2026-04-14 21:36:35,87,87,28,68,,,,,59,27.7,,,
Depok,Cinere - Nafas,2026-04-14 21:36:49,87,87,27,69,,,,,0,0,,,
Bogor,Kabupaten Bogor Leuwiliang,2026-04-14 21:00:00,80,59,26,,4,9,0,80,,,,,
Tangerang,Tangerang Pasir Jaya,2026-04-13 01:00:00,-,52,24,,41,63,0,64,,,,,
Bekasi,Bekasi Kayuringin,2026-04-14 21:00:00,37,37,25,,73,16,0,24,,,,,
Jakarta,The Pakubuwono Menteng,2026-04-14 21:38:35,92,92,31,70,,,,,59,27.7,,,
Depok,Cinere - Nafas,2026-04-14 21:38:49,88,88,30,69,,,,,0,0,,,
Bogor,Kabupaten Bogor Leuwiliang,2026-04-14 21:00:00,80,59,26,,4,9,0,80,,,,,
Tangerang,Tangerang Pasir Jaya,2026-04-13 01:00:00,-,52,24,,41,63,0,64,,,,,
Bekasi,Bekasi Kayuringin,2026-04-14 21:00:00,37,37,25,,73,16,0,24,,,,,
Jakarta,The Pakubuwono Menteng,2026-04-14 21:40:35,87,87,32,69,,,,,59,27.7,,,
Depok,Cinere - Nafas,2026-04-14 21:40:49,87,87,31,66,,,,,0,0,,,
Bogor,Kabupaten Bogor Leuwiliang,2026-04-14 21:00:00,80,59,26,,4,9,0,80,,,,,
Tangerang,Tangerang Pasir Jaya,2026-04-13 01:00:00,-,52,24,,41,63,0,64,,,,,
Bekasi,Bekasi Kayuringin,2026-04-14 21:00:00,37,37,25,,73,16,0,24,,,,,
Jakarta,The Pakubuwono Menteng,2026-04-14 21:41:35,94,94,33,73,,,,,59,27.7,,,
Depok,Cinere - Nafas,2026-04-14 21:41:49,93,93,32,71,,,,,0,0,,,
Bogor,Kabupaten Bogor Leuwiliang,2026-04-14 21:00:00,80,59,26,,4,9,0,80,,,,,
Tangerang,Tangerang Pasir Jaya,2026-04-13 01:00:00,-,52,24,,41,63,0,64,,,,,
Bekasi,Bekasi Kayuringin,2026-04-14 21:00:00,37,37,25,,73,16,0,24,,,,,
Jakarta,The Pakubuwono Menteng,2026-04-14 21:42:35,93,93,35,72,,,,,59,27.7,,,
Depok,Cinere - Nafas,2026-04-14 21:42:49,84,84,28,69,,,,,0,0,,,
Bogor,Kabupaten Bogor Leuwiliang,2026-04-14 21:00:00,80,59,26,,4,9,0,80,,,,,
Tangerang,Tangerang Pasir Jaya,2026-04-13 01:00:00,-,52,24,,41,63,0,64,,,,,
Bekasi,Bekasi Kayuringin,2026-04-14 21:00:00,37,37,25,,73,16,0,24,,,,,
Jakarta,The Pakubuwono Menteng,2026-04-14 21:43:35,97,97,36,75,,,,,59,27.7,,,
Depok,Cinere - Nafas,2026-04-14 21:43:49,87,87,28,66,,,,,0,0,,,
Bogor,Kabupaten Bogor Leuwiliang,2026-04-14 21:00:00,80,59,26,,4,9,0,80,,,,,
Tangerang,Tangerang Pasir Jaya,2026-04-13 01:00:00,-,52,24,,41,63,0,64,,,,,
Bekasi,Bekasi Kayuringin,2026-04-14 21:00:00,37,37,25,,73,16,0,24,,,,,
Jakarta,The Pakubuwono Menteng,2026-04-14 21:44:35,94,94,33,73,,,,,59,27.7,,,
Depok,Cinere - Nafas,2026-04-14 21:44:49,85,85,27,65,,,,,0,0,,,
Bogor,Kabupaten Bogor Leuwiliang,2026-04-14 21:00:00,80,59,26,,4,9,0,80,,,,,
Tangerang,Tangerang Pasir Jaya,2026-04-13 01:00:00,-,52,24,,41,63,0,64,,,,,
Bekasi,Bekasi Kayuringin,2026-04-14 21:00:00,37,37,25,,73,16,0,24,,,,,
Jakarta,The Pakubuwono Menteng,2026-04-14 21:46:35,93,93,31,70,,,,,59,27.7,,,
Depok,Cinere - Nafas,2026-04-14 21:46:50,86,86,28,68,,,,,0,0,,,
Bogor,Kabupaten Bogor Leuwiliang,2026-04-14 21:00:00,80,59,26,,4,9,0,80,,,,,
Tangerang,Tangerang Pasir Jaya,2026-04-13 01:00:00,-,52,24,,41,63,0,64,,,,,
Bekasi,Bekasi Kayuringin,2026-04-14 21:00:00,37,37,25,,73,16,0,24,,,,,
Jakarta,The Pakubuwono Menteng,2026-04-14 21:47:35,94,94,32,71,,,,,59,27.7,,,
Depok,Cinere - Nafas,2026-04-14 21:47:49,87,87,32,67,,,,,0,0,,,
Bogor,Kabupaten Bogor Leuwiliang,2026-04-14 21:00:00,80,59,26,,4,9,0,80,,,,,
Tangerang,Tangerang Pasir Jaya,2026-04-13 01:00:00,-,52,24,,41,63,0,64,,,,,
Bekasi,Bekasi Kayuringin,2026-04-14 21:00:00,37,37,25,,73,16,0,24,,,,,
Jakarta,The Pakubuwono Menteng,2026-04-14 21:48:35,93,93,34,72,,,,,59,27.7,,,
Depok,Cinere - Nafas,2026-04-14 21:48:50,86,86,31,69,,,,,0,0,,,
Bogor,Kabupaten Bogor Leuwiliang,2026-04-14 21:00:00,80,59,26,,4,9,0,80,,,,,
Tangerang,Tangerang Pasir Jaya,2026-04-13 01:00:00,-,52,24,,41,63,0,64,,,,,
Bekasi,Bekasi Kayuringin,2026-04-14 21:00:00,37,37,25,,73,16,0,24,,,,,
Jakarta,The Pakubuwono Menteng,2026-04-14 21:49:35,94,94,35,73,,,,,59,27.7,,,
Depok,Cinere - Nafas,2026-04-14 21:49:49,87,87,31,67,,,,,0,0,,,
Bogor,Kabupaten Bogor Leuwiliang,2026-04-14 21:00:00,80,59,26,,4,9,0,80,,,,,
Tangerang,Tangerang Pasir Jaya,2026-04-13 01:00:00,-,52,24,,41,63,0,64,,,,,
Bekasi,Bekasi Kayuringin,2026-04-14 21:00:00,37,37,25,,73,16,0,24,,,,,
Jakarta,The Pakubuwono Menteng,2026-04-14 21:51:35,97,97,35,72,,,,,59,27.7,,,
Depok,Cinere - Nafas,2026-04-14 21:51:50,87,87,32,68,,,,,0,0,,,
Bogor,Kabupaten Bogor Leuwiliang,2026-04-14 21:00:00,80,59,26,,4,9,0,80,,,,,
Tangerang,Tangerang Pasir Jaya,2026-04-13 01:00:00,-,52,24,,41,63,0,64,,,,,
Bekasi,Bekasi Kayuringin,2026-04-14 21:00:00,37,37,25,,73,16,0,24,,,,,
Jakarta,The Pakubuwono Menteng,2026-04-14 21:52:35,95,95,33,71,,,,,59,27.7,,,
Depok,Cinere - Nafas,2026-04-14 21:52:50,88,88,31,68,,,,,0,0,,,
Bogor,Kabupaten Bogor Leuwiliang,2026-04-14 21:00:00,80,59,26,,4,9,0,80,,,,,
Tangerang,Tangerang Pasir Jaya,2026-04-13 01:00:00,-,52,24,,41,63,0,64,,,,,
Bekasi,Bekasi Kayuringin,2026-04-14 21:00:00,37,37,25,,73,16,0,24,,,,,
Jakarta,The Pakubuwono Menteng,2026-04-14 21:53:35,95,95,33,72,,,,,59,27.7,,,
Depok,Cinere - Nafas,2026-04-14 21:53:50,89,89,31,67,,,,,0,0,,,
Bogor,Kabupaten Bogor Leuwiliang,2026-04-14 21:00:00,80,59,26,,4,9,0,80,,,,,
Tangerang,Tangerang Pasir Jaya,2026-04-13 01:00:00,-,52,24,,41,63,0,64,,,,,
Bekasi,Bekasi Kayuringin,2026-04-14 21:00:00,37,37,25,,73,16,0,24,,,,,
Jakarta,The Pakubuwono Menteng,2026-04-14 21:54:35,96,96,34,71,,,,,59,27.7,,,
Depok,Cinere - Nafas,2026-04-14 21:54:50,87,87,32,70,,,,,0,0,,,
Bogor,Kabupaten Bogor Leuwiliang,2026-04-14 21:00:00,80,59,26,,4,9,0,80,,,,,
Tangerang,Tangerang Pasir Jaya,2026-04-13 01:00:00,-,52,24,,41,63,0,64,,,,,
Bekasi,Bekasi Kayuringin,2026-04-14 21:00:00,37,37,25,,73,16,0,24,,,,,
Jakarta,The Pakubuwono Menteng,2026-04-14 21:56:36,94,94,33,73,,,,,59,27.7,,,
Depok,Cinere - Nafas,2026-04-14 21:56:50,91,91,31,68,,,,,0,0,,,
Bogor,Kabupaten Bogor Leuwiliang,2026-04-14 21:00:00,80,59,26,,4,9,0,80,,,,,
Tangerang,Tangerang Pasir Jaya,2026-04-13 01:00:00,-,52,24,,41,63,0,64,,,,,
Bekasi,Bekasi Kayuringin,2026-04-14 21:00:00,37,37,25,,73,16,0,24,,,,,
Jakarta,The Pakubuwono Menteng,2026-04-14 21:57:35,98,98,36,74,,,,,59,27.7,,,
Depok,Cinere - Nafas,2026-04-14 21:57:50,87,87,27,67,,,,,0,0,,,
Bogor,Kabupaten Bogor Leuwiliang,2026-04-14 21:00:00,80,59,26,,4,9,0,80,,,,,
Tangerang,Tangerang Pasir Jaya,2026-04-13 01:00:00,-,52,24,,41,63,0,64,,,,,
Bekasi,Bekasi Kayuringin,2026-04-14 21:00:00,37,37,25,,73,16,0,24,,,,,
Jakarta,The Pakubuwono Menteng,2026-04-14 21:58:36,92,92,32,71,,,,,59,27.7,,,
Depok,Cinere - Nafas,2026-04-14 21:58:50,88,88,29,67,,,,,0,0,,,
Bogor,Kabupaten Bogor Leuwiliang,2026-04-14 21:00:00,80,59,26,,4,9,0,80,,,,,
Tangerang,Tangerang Pasir Jaya,2026-04-13 01:00:00,-,52,24,,41,63,0,64,,,,,
Bekasi,Bekasi Kayuringin,2026-04-14 21:00:00,37,37,25,,73,16,0,24,,,,,
Jakarta,The Pakubuwono Menteng,2026-04-14 22:00:35,94,94,32,73,,,,,59,27.7,,,
Depok,Cinere - Nafas,2026-04-14 22:00:50,87,87,30,68,,,,,0,0,,,
Bogor,Kabupaten Bogor Leuwiliang,2026-04-14 21:00:00,80,59,26,,4,9,0,80,,,,,
Tangerang,Tangerang Pasir Jaya,2026-04-13 01:00:00,-,52,24,,41,63,0,64,,,,,
Bekasi,Bekasi Kayuringin,2026-04-14 21:00:00,37,37,25,,73,16,0,24,,,,,
Jakarta,The Pakubuwono Menteng,2026-04-14 22:01:36,95,95,34,70,,,,,59,27.7,,,
Depok,Cinere - Nafas,2026-04-14 22:01:50,86,86,30,65,,,,,0,0,,,
Bogor,Kabupaten Bogor Leuwiliang,2026-04-14 21:00:00,80,59,26,,4,9,0,80,,,,,
Tangerang,Tangerang Pasir Jaya,2026-04-13 01:00:00,-,52,24,,41,63,0,64,,,,,
Bekasi,Bekasi Kayuringin,2026-04-14 21:00:00,37,37,25,,73,16,0,24,,,,,
Jakarta,The Pakubuwono Menteng,2026-04-14 22:02:36,93,93,34,71,,,,,59,27.7,,,
Depok,Cinere - Nafas,2026-04-14 22:02:50,87,87,28,66,,,,,0,0,,,
Bogor,Kabupaten Bogor Leuwiliang,2026-04-14 21:00:00,80,59,26,,4,9,0,80,,,,,
Tangerang,Tangerang Pasir Jaya,2026-04-13 01:00:00,-,52,24,,41,63,0,64,,,,,
Bekasi,Bekasi Kayuringin,2026-04-14 21:00:00,37,37,25,,73,16,0,24,,,,,
Jakarta,The Pakubuwono Menteng,2026-04-14 22:03:36,94,94,33,72,,,,,59,27.7,,,
Depok,Cinere - Nafas,2026-04-14 22:03:50,87,87,30,66,,,,,0,0,,,
Bogor,Kabupaten Bogor Leuwiliang,2026-04-14 21:00:00,80,59,26,,4,9,0,80,,,,,
Tangerang,Tangerang Pasir Jaya,2026-04-13 01:00:00,-,52,24,,41,63,0,64,,,,,
Bekasi,Bekasi Kayuringin,2026-04-14 21:00:00,37,37,25,,73,16,0,24,,,,,
Jakarta,The Pakubuwono Menteng,2026-04-14 22:04:36,93,93,32,71,,,,,59,27.7,,,
Depok,Cinere - Nafas,2026-04-14 22:04:50,88,88,30,70,,,,,0,0,,,
Bogor,Kabupaten Bogor Leuwiliang,2026-04-14 21:00:00,80,59,26,,4,9,0,80,,,,,
Tangerang,Tangerang Pasir Jaya,2026-04-13 01:00:00,-,52,24,,41,63,0,64,,,,,
Bekasi,Bekasi Kayuringin,2026-04-14 21:00:00,37,37,25,,73,16,0,24,,,,,
Jakarta,The Pakubuwono Menteng,2026-04-14 22:05:36,89,89,32,70,,,,,59,27.7,,,
Depok,Cinere - Nafas,2026-04-14 22:05:50,88,88,30,66,,,,,0,0,,,
Bogor,Kabupaten Bogor Leuwiliang,2026-04-14 21:00:00,80,59,26,,4,9,0,80,,,,,
Tangerang,Tangerang Pasir Jaya,2026-04-13 01:00:00,-,52,24,,41,63,0,64,,,,,
Bekasi,Bekasi Kayuringin,2026-04-14 21:00:00,37,37,25,,73,16,0,24,,,,,
Jakarta,The Pakubuwono Menteng,2026-04-14 22:08:36,88,88,32,69,,,,,59,27.8,,,
Depok,Cinere - Nafas,2026-04-14 22:08:50,87,87,30,70,,,,,0,0,,,
Bogor,Kabupaten Bogor Leuwiliang,2026-04-14 21:00:00,80,59,26,,4,9,0,80,,,,,
Tangerang,Tangerang Pasir Jaya,2026-04-13 01:00:00,-,52,24,,41,63,0,64,,,,,
Bekasi,Bekasi Kayuringin,2026-04-14 21:00:00,37,37,25,,73,16,0,24,,,,,
Jakarta,The Pakubuwono Menteng,2026-04-14 22:09:36,90,90,30,69,,,,,59,27.7,,,
Depok,Cinere - Nafas,2026-04-14 22:09:50,92,92,31,70,,,,,0,0,,,
Bogor,Kabupaten Bogor Leuwiliang,2026-04-14 22:00:00,80,59,27,,4,9,0,80,,,,,
Tangerang,Tangerang Pasir Jaya,2026-04-13 01:00:00,-,52,24,,41,63,0,64,,,,,
Bekasi,Bekasi Kayuringin,2026-04-14 22:00:00,39,39,25,,72,16,0,24,,,,,
Jakarta,The Pakubuwono Menteng,2026-04-14 22:09:36,90,90,30,69,,,,,59,27.7,,,
Depok,Cinere - Nafas,2026-04-14 22:10:50,91,91,31,68,,,,,0,0,,,
Bogor,Kabupaten Bogor Leuwiliang,2026-04-14 22:00:00,80,59,27,,4,9,0,80,,,,,
Tangerang,Tangerang Pasir Jaya,2026-04-13 01:00:00,-,52,24,,41,63,0,64,,,,,
Bekasi,Bekasi Kayuringin,2026-04-14 22:00:00,39,39,25,,72,16,0,24,,,,,
Jakarta,The Pakubuwono Menteng,2026-04-14 22:10:36,90,90,31,71,,,,,59,27.7,,,
Depok,Cinere - Nafas,2026-04-14 22:10:50,91,91,31,68,,,,,0,0,,,
Bogor,Kabupaten Bogor Leuwiliang,2026-04-14 22:00:00,80,59,27,,4,9,0,80,,,,,
Tangerang,Tangerang Pasir Jaya,2026-04-13 01:00:00,-,52,24,,41,63,0,64,,,,,
Bekasi,Bekasi Kayuringin,2026-04-14 22:00:00,39,39,25,,72,16,0,24,,,,,
Jakarta,The Pakubuwono Menteng,2026-04-14 22:11:36,90,90,32,70,,,,,59,27.7,,,
Depok,Cinere - Nafas,2026-04-14 22:11:50,92,92,34,71,,,,,0,0,,,
Bogor,Kabupaten Bogor Leuwiliang,2026-04-14 22:00:00,80,59,27,,4,9,0,80,,,,,
Tangerang,Tangerang Pasir Jaya,2026-04-13 01:00:00,-,52,24,,41,63,0,64,,,,,
Bekasi,Bekasi Kayuringin,2026-04-14 22:00:00,39,39,25,,72,16,0,24,,,,,
Jakarta,The Pakubuwono Menteng,2026-04-14 22:13:36,91,91,30,70,,,,,59,27.7,,,
Depok,Cinere - Nafas,2026-04-14 22:13:50,91,91,33,69,,,,,0,0,,,
Bogor,Kabupaten Bogor Leuwiliang,2026-04-14 22:00:00,80,59,27,,4,9,0,80,,,,,
Tangerang,Tangerang Pasir Jaya,2026-04-13 01:00:00,-,52,24,,41,63,0,64,,,,,
Bekasi,Bekasi Kayuringin,2026-04-14 22:00:00,39,39,25,,72,16,0,24,,,,,
Jakarta,The Pakubuwono Menteng,2026-04-14 22:14:36,93,93,32,70,,,,,59,27.7,,,
Depok,Cinere - Nafas,2026-04-14 22:14:50,92,92,33,71,,,,,0,0,,,
Bogor,Kabupaten Bogor Leuwiliang,2026-04-14 22:00:00,80,59,27,,4,9,0,80,,,,,
Tangerang,Tangerang Pasir Jaya,2026-04-13 01:00:00,-,52,24,,41,63,0,64,,,,,
Bekasi,Bekasi Kayuringin,2026-04-14 22:00:00,39,39,25,,72,16,0,24,,,,,
Jakarta,The Pakubuwono Menteng,2026-04-14 22:16:36,87,87,29,67,,,,,59,27.7,,,
Depok,Cinere - Nafas,2026-04-14 22:16:50,91,91,32,70,,,,,0,0,,,
Bogor,Kabupaten Bogor Leuwiliang,2026-04-14 22:00:00,80,59,27,,4,9,0,80,,,,,
Tangerang,Tangerang Pasir Jaya,2026-04-13 01:00:00,-,52,24,,41,63,0,64,,,,,
Bekasi,Bekasi Kayuringin,2026-04-14 22:00:00,39,39,25,,72,16,0,24,,,,,
Jakarta,The Pakubuwono Menteng,2026-04-14 22:17:36,87,87,28,67,,,,,59,27.7,,,
Depok,Cinere - Nafas,2026-04-14 22:17:50,88,88,31,69,,,,,0,0,,,
Bogor,Kabupaten Bogor Leuwiliang,2026-04-14 22:00:00,80,59,27,,4,9,0,80,,,,,
Tangerang,Tangerang Pasir Jaya,2026-04-13 01:00:00,-,52,24,,41,63,0,64,,,,,
Bekasi,Bekasi Kayuringin,2026-04-14 22:00:00,39,39,25,,72,16,0,24,,,,,
Jakarta,The Pakubuwono Menteng,2026-04-14 22:18:36,84,84,28,70,,,,,59,27.8,,,
Depok,Cinere - Nafas,2026-04-14 22:18:50,94,94,34,70,,,,,0,0,,,
Bogor,Kabupaten Bogor Leuwiliang,2026-04-14 22:00:00,80,59,27,,4,9,0,80,,,,,
Tangerang,Tangerang Pasir Jaya,2026-04-13 01:00:00,-,52,24,,41,63,0,64,,,,,
Bekasi,Bekasi Kayuringin,2026-04-14 22:00:00,39,39,25,,72,16,0,24,,,,,
Jakarta,The Pakubuwono Menteng,2026-04-14 22:19:36,91,91,31,70,,,,,59,27.7,,,
Depok,Cinere - Nafas,2026-04-14 22:19:50,92,92,32,71,,,,,0,0,,,
Bogor,Kabupaten Bogor Leuwiliang,2026-04-14 22:00:00,80,59,27,,4,9,0,80,,,,,
Tangerang,Tangerang Pasir Jaya,2026-04-13 01:00:00,-,52,24,,41,63,0,64,,,,,
Bekasi,Bekasi Kayuringin,2026-04-14 22:00:00,39,39,25,,72,16,0,24,,,,,
Jakarta,The Pakubuwono Menteng,2026-04-14 22:20:36,90,90,30,67,,,,,59,27.7,,,
Depok,Cinere - Nafas,2026-04-14 22:20:50,91,91,32,68,,,,,0,0,,,
Bogor,Kabupaten Bogor Leuwiliang,2026-04-14 22:00:00,80,59,27,,4,9,0,80,,,,,
Tangerang,Tangerang Pasir Jaya,2026-04-13 01:00:00,-,52,24,,41,63,0,64,,,,,
Bekasi,Bekasi Kayuringin,2026-04-14 22:00:00,39,39,25,,72,16,0,24,,,,,
Jakarta,The Pakubuwono Menteng,2026-04-14 22:21:36,94,94,32,71,,,,,59,27.7,,,
Depok,Cinere - Nafas,2026-04-14 22:21:50,93,93,34,70,,,,,0,0,,,
Bogor,Kabupaten Bogor Leuwiliang,2026-04-14 22:00:00,80,59,27,,4,9,0,80,,,,,
Tangerang,Tangerang Pasir Jaya,2026-04-13 01:00:00,-,52,24,,41,63,0,64,,,,,
Bekasi,Bekasi Kayuringin,2026-04-14 22:00:00,39,39,25,,72,16,0,24,,,,,
Jakarta,The Pakubuwono Menteng,2026-04-14 22:24:36,89,89,32,71,,,,,59,27.7,,,
Depok,Cinere - Nafas,2026-04-14 22:24:50,93,93,35,71,,,,,0,0,,,
Bogor,Kabupaten Bogor Leuwiliang,2026-04-14 22:00:00,80,59,27,,4,9,0,80,,,,,
Tangerang,Tangerang Pasir Jaya,2026-04-13 01:00:00,-,52,24,,41,63,0,64,,,,,
Bekasi,Bekasi Kayuringin,2026-04-14 22:00:00,39,39,25,,72,16,0,24,,,,,
Jakarta,The Pakubuwono Menteng,2026-04-14 22:25:36,87,87,30,70,,,,,59,27.7,,,
Depok,Cinere - Nafas,2026-04-14 22:25:51,91,91,35,70,,,,,0,0,,,
Bogor,Kabupaten Bogor Leuwiliang,2026-04-14 22:00:00,80,59,27,,4,9,0,80,,,,,
Tangerang,Tangerang Pasir Jaya,2026-04-13 01:00:00,-,52,24,,41,63,0,64,,,,,
Bekasi,Bekasi Kayuringin,2026-04-14 22:00:00,39,39,25,,72,16,0,24,,,,,
Jakarta,The Pakubuwono Menteng,2026-04-14 22:26:36,93,93,31,71,,,,,59,27.7,,,
Depok,Cinere - Nafas,2026-04-14 22:26:50,95,95,34,73,,,,,0,0,,,
Bogor,Kabupaten Bogor Leuwiliang,2026-04-14 22:00:00,80,59,27,,4,9,0,80,,,,,
Tangerang,Tangerang Pasir Jaya,2026-04-13 01:00:00,-,52,24,,41,63,0,64,,,,,
Bekasi,Bekasi Kayuringin,2026-04-14 22:00:00,39,39,25,,72,16,0,24,,,,,
Jakarta,The Pakubuwono Menteng,2026-04-14 22:26:36,93,93,31,71,,,,,59,27.7,,,
Depok,Cinere - Nafas,2026-04-14 22:26:50,95,95,34,73,,,,,0,0,,,
Bogor,Kabupaten Bogor Leuwiliang,2026-04-14 22:00:00,80,59,27,,4,9,0,80,,,,,
Tangerang,Tangerang Pasir Jaya,2026-04-13 01:00:00,-,52,24,,41,63,0,64,,,,,
Bekasi,Bekasi Kayuringin,2026-04-14 22:00:00,39,39,25,,72,16,0,24,,,,,
Jakarta,The Pakubuwono Menteng,2026-04-14 22:27:36,87,87,32,70,,,,,59,27.7,,,
Depok,Cinere - Nafas,2026-04-14 22:27:50,93,93,33,70,,,,,0,0,,,
Bogor,Kabupaten Bogor Leuwiliang,2026-04-14 22:00:00,80,59,27,,4,9,0,80,,,,,
Tangerang,Tangerang Pasir Jaya,2026-04-13 01:00:00,-,52,24,,41,63,0,64,,,,,
Bekasi,Bekasi Kayuringin,2026-04-14 22:00:00,39,39,25,,72,16,0,24,,,,,
Jakarta,The Pakubuwono Menteng,2026-04-14 22:29:36,87,87,28,67,,,,,59,27.7,,,
Depok,Cinere - Nafas,2026-04-14 22:29:50,92,92,33,71,,,,,0,0,,,
Bogor,Kabupaten Bogor Leuwiliang,2026-04-14 22:00:00,80,59,27,,4,9,0,80,,,,,
Tangerang,Tangerang Pasir Jaya,2026-04-13 01:00:00,-,52,24,,41,63,0,64,,,,,
Bekasi,Bekasi Kayuringin,2026-04-14 22:00:00,39,39,25,,72,16,0,24,,,,,
Jakarta,The Pakubuwono Menteng,2026-04-14 22:31:36,83,83,27,69,,,,,59,27.7,,,
Depok,Cinere - Nafas,2026-04-14 22:31:50,93,93,33,70,,,,,0,0,,,
Bogor,Kabupaten Bogor Leuwiliang,2026-04-14 22:00:00,80,59,27,,4,9,0,80,,,,,
Tangerang,Tangerang Pasir Jaya,2026-04-13 01:00:00,-,52,24,,41,63,0,64,,,,,
Bekasi,Bekasi Kayuringin,2026-04-14 22:00:00,39,39,25,,72,16,0,24,,,,,
Jakarta,The Pakubuwono Menteng,2026-04-14 22:32:36,88,88,30,69,,,,,59,27.7,,,
Depok,Cinere - Nafas,2026-04-14 22:32:50,93,93,34,71,,,,,0,0,,,
Bogor,Kabupaten Bogor Leuwiliang,2026-04-14 22:00:00,80,59,27,,4,9,0,80,,,,,
Tangerang,Tangerang Pasir Jaya,2026-04-13 01:00:00,-,52,24,,41,63,0,64,,,,,
Bekasi,Bekasi Kayuringin,2026-04-14 22:00:00,39,39,25,,72,16,0,24,,,,,
Jakarta,The Pakubuwono Menteng,2026-04-14 22:33:36,86,86,31,69,,,,,59,27.7,,,
Depok,Cinere - Nafas,2026-04-14 22:33:50,94,94,33,73,,,,,0,0,,,
Bogor,Kabupaten Bogor Leuwiliang,2026-04-14 22:00:00,80,59,27,,4,9,0,80,,,,,
Tangerang,Tangerang Pasir Jaya,2026-04-13 01:00:00,-,52,24,,41,63,0,64,,,,,
Bekasi,Bekasi Kayuringin,2026-04-14 22:00:00,39,39,25,,72,16,0,24,,,,,
Jakarta,The Pakubuwono Menteng,2026-04-14 22:34:36,88,88,29,70,,,,,59,27.7,,,
Depok,Cinere - Nafas,2026-04-14 22:34:50,94,94,33,70,,,,,0,0,,,
Bogor,Kabupaten Bogor Leuwiliang,2026-04-14 22:00:00,80,59,27,,4,9,0,80,,,,,
Tangerang,Tangerang Pasir Jaya,2026-04-13 01:00:00,-,52,24,,41,63,0,64,,,,,
Bekasi,Bekasi Kayuringin,2026-04-14 22:00:00,39,39,25,,72,16,0,24,,,,,
Jakarta,The Pakubuwono Menteng,2026-04-14 22:35:36,85,85,27,68,,,,,59,27.8,,,
Depok,Cinere - Nafas,2026-04-14 22:35:50,93,93,35,71,,,,,0,0,,,
Bogor,Kabupaten Bogor Leuwiliang,2026-04-14 22:00:00,80,59,27,,4,9,0,80,,,,,
Tangerang,Tangerang Pasir Jaya,2026-04-13 01:00:00,-,52,24,,41,63,0,64,,,,,
Bekasi,Bekasi Kayuringin,2026-04-14 22:00:00,39,39,25,,72,16,0,24,,,,,
Jakarta,The Pakubuwono Menteng,2026-04-14 22:36:36,87,87,32,68,,,,,59,27.8,,,
Depok,Cinere - Nafas,2026-04-14 22:37:50,94,94,36,72,,,,,0,0,,,
Bogor,Kabupaten Bogor Leuwiliang,2026-04-14 22:00:00,80,59,27,,4,9,0,80,,,,,
Tangerang,Tangerang Pasir Jaya,2026-04-13 01:00:00,-,52,24,,41,63,0,64,,,,,
Bekasi,Bekasi Kayuringin,2026-04-14 22:00:00,39,39,25,,72,16,0,24,,,,,
Jakarta,The Pakubuwono Menteng,2026-04-14 22:38:36,86,86,27,66,,,,,59,27.8,,,
Depok,Cinere - Nafas,2026-04-14 22:38:50,93,93,35,73,,,,,0,0,,,
Bogor,Kabupaten Bogor Leuwiliang,2026-04-14 22:00:00,80,59,27,,4,9,0,80,,,,,
Tangerang,Tangerang Pasir Jaya,2026-04-13 01:00:00,-,52,24,,41,63,0,64,,,,,
Bekasi,Bekasi Kayuringin,2026-04-14 22:00:00,39,39,25,,72,16,0,24,,,,,
Jakarta,The Pakubuwono Menteng,2026-04-14 22:40:36,87,87,27,68,,,,,59,27.8,,,
Depok,Cinere - Nafas,2026-04-14 22:40:50,98,98,35,73,,,,,0,0,,,
Bogor,Kabupaten Bogor Leuwiliang,2026-04-14 22:00:00,80,59,27,,4,9,0,80,,,,,
Tangerang,Tangerang Pasir Jaya,2026-04-13 01:00:00,-,52,24,,41,63,0,64,,,,,
Bekasi,Bekasi Kayuringin,2026-04-14 22:00:00,39,39,25,,72,16,0,24,,,,,
Jakarta,The Pakubuwono Menteng,2026-04-14 22:41:36,87,87,28,70,,,,,59,27.8,,,
Depok,Cinere - Nafas,2026-04-14 22:41:50,97,97,37,72,,,,,0,0,,,
Bogor,Kabupaten Bogor Leuwiliang,2026-04-14 22:00:00,80,59,27,,4,9,0,80,,,,,
Tangerang,Tangerang Pasir Jaya,2026-04-13 01:00:00,-,52,24,,41,63,0,64,,,,,
Bekasi,Bekasi Kayuringin,2026-04-14 22:00:00,39,39,25,,72,16,0,24,,,,,
Jakarta,The Pakubuwono Menteng,2026-04-14 22:42:36,86,86,28,70,,,,,59,27.8,,,
Depok,Cinere - Nafas,2026-04-14 22:42:50,99,99,36,73,,,,,0,0,,,
Bogor,Kabupaten Bogor Leuwiliang,2026-04-14 22:00:00,80,59,27,,4,9,0,80,,,,,
Tangerang,Tangerang Pasir Jaya,2026-04-13 01:00:00,-,52,24,,41,63,0,64,,,,,
Bekasi,Bekasi Kayuringin,2026-04-14 22:00:00,39,39,25,,72,16,0,24,,,,,
Jakarta,The Pakubuwono Menteng,2026-04-14 22:43:37,84,84,28,67,,,,,59,27.8,,,
Depok,Cinere - Nafas,2026-04-14 22:43:50,96,96,36,72,,,,,0,0,,,
Bogor,Kabupaten Bogor Leuwiliang,2026-04-14 22:00:00,80,59,27,,4,9,0,80,,,,,
Tangerang,Tangerang Pasir Jaya,2026-04-13 01:00:00,-,52,24,,41,63,0,64,,,,,
Bekasi,Bekasi Kayuringin,2026-04-14 22:00:00,39,39,25,,72,16,0,24,,,,,
Jakarta,The Pakubuwono Menteng,2026-04-14 22:44:36,84,84,27,67,,,,,59,27.8,,,
Depok,Cinere - Nafas,2026-04-14 22:44:50,97,97,35,72,,,,,0,0,,,
Bogor,Kabupaten Bogor Leuwiliang,2026-04-14 22:00:00,80,59,27,,4,9,0,80,,,,,
Tangerang,Tangerang Pasir Jaya,2026-04-13 01:00:00,-,52,24,,41,63,0,64,,,,,
Bekasi,Bekasi Kayuringin,2026-04-14 22:00:00,39,39,25,,72,16,0,24,,,,,
Jakarta,The Pakubuwono Menteng,2026-04-14 22:46:36,85,85,28,68,,,,,59,27.9,,,
Depok,Cinere - Nafas,2026-04-14 22:46:51,94,94,36,70,,,,,0,0,,,
Bogor,Kabupaten Bogor Leuwiliang,2026-04-14 22:00:00,80,59,27,,4,9,0,80,,,,,
Tangerang,Tangerang Pasir Jaya,2026-04-13 01:00:00,-,52,24,,41,63,0,64,,,,,
Bekasi,Bekasi Kayuringin,2026-04-14 22:00:00,39,39,25,,72,16,0,24,,,,,
Jakarta,The Pakubuwono Menteng,2026-04-14 22:47:36,88,88,30,67,,,,,59,27.9,,,
Depok,Cinere - Nafas,2026-04-14 22:47:54,97,97,36,72,,,,,0,0,,,
Bogor,Kabupaten Bogor Leuwiliang,2026-04-14 22:00:00,80,59,27,,4,9,0,80,,,,,
Tangerang,Tangerang Pasir Jaya,2026-04-13 01:00:00,-,52,24,,41,63,0,64,,,,,
Bekasi,Bekasi Kayuringin,2026-04-14 22:00:00,39,39,25,,72,16,0,24,,,,,
Jakarta,The Pakubuwono Menteng,2026-04-14 22:48:37,81,81,27,65,,,,,59,27.9,,,
Depok,Cinere - Nafas,2026-04-14 22:48:51,97,97,35,72,,,,,0,0,,,
Bogor,Kabupaten Bogor Leuwiliang,2026-04-14 22:00:00,80,59,27,,4,9,0,80,,,,,
Tangerang,Tangerang Pasir Jaya,2026-04-13 01:00:00,-,52,24,,41,63,0,64,,,,,
Bekasi,Bekasi Kayuringin,2026-04-14 22:00:00,39,39,25,,72,16,0,24,,,,,
Jakarta,The Pakubuwono Menteng,2026-04-14 22:49:36,87,87,27,65,,,,,58,27.9,,,
Depok,Cinere - Nafas,2026-04-14 22:49:50,98,98,37,74,,,,,0,0,,,
Bogor,Kabupaten Bogor Leuwiliang,2026-04-14 22:00:00,80,59,27,,4,9,0,80,,,,,
Tangerang,Tangerang Pasir Jaya,2026-04-13 01:00:00,-,52,24,,41,63,0,64,,,,,
Bekasi,Bekasi Kayuringin,2026-04-14 22:00:00,39,39,25,,72,16,0,24,,,,,
Jakarta,The Pakubuwono Menteng,2026-04-14 22:50:36,82,82,27,66,,,,,58,27.9,,,
Depok,Cinere - Nafas,2026-04-14 22:50:51,98,98,37,74,,,,,0,0,,,
Bogor,Kabupaten Bogor Leuwiliang,2026-04-14 22:00:00,80,59,27,,4,9,0,80,,,,,
Tangerang,Tangerang Pasir Jaya,2026-04-13 01:00:00,-,52,24,,41,63,0,64,,,,,
Bekasi,Bekasi Kayuringin,2026-04-14 22:00:00,39,39,25,,72,16,0,24,,,,,
Jakarta,The Pakubuwono Menteng,2026-04-14 22:52:37,87,87,27,66,,,,,58,27.9,,,
Depok,Cinere - Nafas,2026-04-14 22:52:51,96,96,38,75,,,,,0,0,,,
Bogor,Kabupaten Bogor Leuwiliang,2026-04-14 22:00:00,80,59,27,,4,9,0,80,,,,,
Tangerang,Tangerang Pasir Jaya,2026-04-13 01:00:00,-,52,24,,41,63,0,64,,,,,
Bekasi,Bekasi Kayuringin,2026-04-14 22:00:00,39,39,25,,72,16,0,24,,,,,
Jakarta,The Pakubuwono Menteng,2026-04-14 22:53:37,89,89,31,67,,,,,58,28,,,
Depok,Cinere - Nafas,2026-04-14 22:53:51,98,98,38,75,,,,,0,0,,,
Bogor,Kabupaten Bogor Leuwiliang,2026-04-14 22:00:00,80,59,27,,4,9,0,80,,,,,
Tangerang,Tangerang Pasir Jaya,2026-04-13 01:00:00,-,52,24,,41,63,0,64,,,,,
Bekasi,Bekasi Kayuringin,2026-04-14 22:00:00,39,39,25,,72,16,0,24,,,,,
Jakarta,The Pakubuwono Menteng,2026-04-14 22:54:37,90,90,30,70,,,,,58,28,,,
Depok,Cinere - Nafas,2026-04-14 22:54:51,102,102,40,75,,,,,0,0,,,
Bogor,Kabupaten Bogor Leuwiliang,2026-04-14 22:00:00,80,59,27,,4,9,0,80,,,,,
Tangerang,Tangerang Pasir Jaya,2026-04-13 01:00:00,-,52,24,,41,63,0,64,,,,,
Bekasi,Bekasi Kayuringin,2026-04-14 22:00:00,39,39,25,,72,16,0,24,,,,,
Jakarta,The Pakubuwono Menteng,2026-04-14 22:55:37,91,91,31,70,,,,,58,28,,,
Depok,Cinere - Nafas,2026-04-14 22:55:51,98,98,36,71,,,,,0,0,,,
Bogor,Kabupaten Bogor Leuwiliang,2026-04-14 22:00:00,80,59,27,,4,9,0,80,,,,,
Tangerang,Tangerang Pasir Jaya,2026-04-13 01:00:00,-,52,24,,41,63,0,64,,,,,
Bekasi,Bekasi Kayuringin,2026-04-14 22:00:00,39,39,25,,72,16,0,24,,,,,
Jakarta,The Pakubuwono Menteng,2026-04-14 22:58:37,88,88,28,69,,,,,58,28,,,
Depok,Cinere - Nafas,2026-04-14 22:58:51,95,95,36,71,,,,,0,0,,,
Bogor,Kabupaten Bogor Leuwiliang,2026-04-14 22:00:00,80,59,27,,4,9,0,80,,,,,
Tangerang,Tangerang Pasir Jaya,2026-04-13 01:00:00,-,52,24,,41,63,0,64,,,,,
Bekasi,Bekasi Kayuringin,2026-04-14 22:00:00,39,39,25,,72,16,0,24,,,,,
Jakarta,The Pakubuwono Menteng,2026-04-14 22:59:37,85,85,29,68,,,,,58,28,,,
Depok,Cinere - Nafas,2026-04-14 22:59:51,94,94,35,73,,,,,0,0,,,
Bogor,Kabupaten Bogor Leuwiliang,2026-04-14 22:00:00,80,59,27,,4,9,0,80,,,,,
Tangerang,Tangerang Pasir Jaya,2026-04-13 01:00:00,-,52,24,,41,63,0,64,,,,,
Bekasi,Bekasi Kayuringin,2026-04-14 22:00:00,39,39,25,,72,16,0,24,,,,,
Jakarta,The Pakubuwono Menteng,2026-04-14 23:00:37,87,87,27,70,,,,,58,28,,,
Depok,Cinere - Nafas,2026-04-14 23:00:51,93,93,33,72,,,,,0,0,,,
Bogor,Kabupaten Bogor Leuwiliang,2026-04-14 22:00:00,80,59,27,,4,9,0,80,,,,,
Tangerang,Tangerang Pasir Jaya,2026-04-13 01:00:00,-,52,24,,41,63,0,64,,,,,
Bekasi,Bekasi Kayuringin,2026-04-14 22:00:00,39,39,25,,72,16,0,24,,,,,
Jakarta,The Pakubuwono Menteng,2026-04-14 23:00:37,87,87,27,70,,,,,58,28,,,
Depok,Cinere - Nafas,2026-04-14 23:00:51,93,93,33,72,,,,,0,0,,,
Bogor,Kabupaten Bogor Leuwiliang,2026-04-14 22:00:00,80,59,27,,4,9,0,80,,,,,
Tangerang,Tangerang Pasir Jaya,2026-04-13 01:00:00,-,52,24,,41,63,0,64,,,,,
Bekasi,Bekasi Kayuringin,2026-04-14 22:00:00,39,39,25,,72,16,0,24,,,,,
Jakarta,The Pakubuwono Menteng,2026-04-14 23:02:37,92,92,32,71,,,,,58,28,,,
Depok,Cinere - Nafas,2026-04-14 23:02:51,94,94,36,70,,,,,0,0,,,
Bogor,Kabupaten Bogor Leuwiliang,2026-04-14 22:00:00,80,59,27,,4,9,0,80,,,,,
Tangerang,Tangerang Pasir Jaya,2026-04-13 01:00:00,-,52,24,,41,63,0,64,,,,,
Bekasi,Bekasi Kayuringin,2026-04-14 22:00:00,39,39,25,,72,16,0,24,,,,,
Jakarta,The Pakubuwono Menteng,2026-04-14 23:04:37,86,86,29,65,,,,,58,28,,,
Depok,Cinere - Nafas,2026-04-14 23:04:51,98,98,38,74,,,,,0,0,,,
Bogor,Kabupaten Bogor Leuwiliang,2026-04-14 22:00:00,80,59,27,,4,9,0,80,,,,,
Tangerang,Tangerang Pasir Jaya,2026-04-13 01:00:00,-,52,24,,41,63,0,64,,,,,
Bekasi,Bekasi Kayuringin,2026-04-14 22:00:00,39,39,25,,72,16,0,24,,,,,
Jakarta,The Pakubuwono Menteng,2026-04-14 23:05:37,87,87,27,68,,,,,58,28,,,
Depok,Cinere - Nafas,2026-04-14 23:05:52,94,94,35,73,,,,,0,0,,,
Bogor,Kabupaten Bogor Leuwiliang,2026-04-14 22:00:00,80,59,27,,4,9,0,80,,,,,
Tangerang,Tangerang Pasir Jaya,2026-04-13 01:00:00,-,52,24,,41,63,0,64,,,,,
Bekasi,Bekasi Kayuringin,2026-04-14 22:00:00,39,39,25,,72,16,0,24,,,,,
Jakarta,The Pakubuwono Menteng,2026-04-14 23:07:37,88,88,31,69,,,,,58,28.1,,,
Depok,Cinere - Nafas,2026-04-14 23:07:56,98,98,37,73,,,,,0,0,,,
Bogor,Kabupaten Bogor Leuwiliang,2026-04-14 22:00:00,80,59,27,,4,9,0,80,,,,,
Tangerang,Tangerang Pasir Jaya,2026-04-13 01:00:00,-,52,24,,41,63,0,64,,,,,
Bekasi,Bekasi Kayuringin,2026-04-14 22:00:00,39,39,25,,72,16,0,24,,,,,
Jakarta,The Pakubuwono Menteng,2026-04-14 23:08:37,92,92,32,70,,,,,58,28.1,,,
Depok,Cinere - Nafas,2026-04-14 23:08:51,94,94,34,71,,,,,0,0,,,
Bogor,Kabupaten Bogor Leuwiliang,2026-04-14 22:00:00,80,59,27,,4,9,0,80,,,,,
Tangerang,Tangerang Pasir Jaya,2026-04-13 01:00:00,-,52,24,,41,63,0,64,,,,,
Bekasi,Bekasi Kayuringin,2026-04-14 22:00:00,39,39,25,,72,16,0,24,,,,,
Jakarta,The Pakubuwono Menteng,2026-04-14 23:08:37,92,92,32,70,,,,,58,28.1,,,
Depok,Cinere - Nafas,2026-04-14 23:08:51,94,94,34,71,,,,,0,0,,,
Bogor,Kabupaten Bogor Leuwiliang,2026-04-14 23:00:00,80,60,27,,4,9,0,80,,,,,
Tangerang,Tangerang Pasir Jaya,2026-04-13 01:00:00,-,52,24,,41,63,0,64,,,,,
Bekasi,Bekasi Kayuringin,2026-04-14 23:00:00,37,37,24,,72,16,0,24,,,,,
Jakarta,The Pakubuwono Menteng,2026-04-14 23:09:37,91,91,30,70,,,,,58,28.1,,,
Depok,Cinere - Nafas,2026-04-14 23:09:51,95,95,37,70,,,,,0,0,,,
Bogor,Kabupaten Bogor Leuwiliang,2026-04-14 23:00:00,80,60,27,,4,9,0,80,,,,,
Tangerang,Tangerang Pasir Jaya,2026-04-13 01:00:00,-,52,24,,41,63,0,64,,,,,
Bekasi,Bekasi Kayuringin,2026-04-14 23:00:00,37,37,24,,72,16,0,24,,,,,
Jakarta,The Pakubuwono Menteng,2026-04-14 23:12:37,91,91,32,70,,,,,58,28,,,
Depok,Cinere - Nafas,2026-04-14 23:12:51,98,98,35,73,,,,,0,0,,,
Bogor,Kabupaten Bogor Leuwiliang,2026-04-14 23:00:00,80,60,27,,4,9,0,80,,,,,
Tangerang,Tangerang Pasir Jaya,2026-04-13 01:00:00,-,52,24,,41,63,0,64,,,,,
Bekasi,Bekasi Kayuringin,2026-04-14 23:00:00,37,37,24,,72,16,0,24,,,,,
Jakarta,The Pakubuwono Menteng,2026-04-14 23:13:37,92,92,30,71,,,,,58,28.1,,,
Depok,Cinere - Nafas,2026-04-14 23:13:51,95,95,36,72,,,,,0,0,,,
Bogor,Kabupaten Bogor Leuwiliang,2026-04-14 23:00:00,80,60,27,,4,9,0,80,,,,,
Tangerang,Tangerang Pasir Jaya,2026-04-13 01:00:00,-,52,24,,41,63,0,64,,,,,
Bekasi,Bekasi Kayuringin,2026-04-14 23:00:00,37,37,24,,72,16,0,24,,,,,
Jakarta,The Pakubuwono Menteng,2026-04-14 23:14:37,94,94,35,72,,,,,58,28.1,,,
Depok,Cinere - Nafas,2026-04-14 23:14:51,94,94,37,73,,,,,0,0,,,
Bogor,Kabupaten Bogor Leuwiliang,2026-04-14 23:00:00,80,60,27,,4,9,0,80,,,,,
Tangerang,Tangerang Pasir Jaya,2026-04-13 01:00:00,-,52,24,,41,63,0,64,,,,,
Bekasi,Bekasi Kayuringin,2026-04-14 23:00:00,37,37,24,,72,16,0,24,,,,,
Jakarta,The Pakubuwono Menteng,2026-04-14 23:15:37,92,92,32,70,,,,,58,28.1,,,
Depok,Cinere - Nafas,2026-04-14 23:15:51,97,97,39,74,,,,,0,0,,,
Bogor,Kabupaten Bogor Leuwiliang,2026-04-14 23:00:00,80,60,27,,4,9,0,80,,,,,
Tangerang,Tangerang Pasir Jaya,2026-04-13 01:00:00,-,52,24,,41,63,0,64,,,,,
Bekasi,Bekasi Kayuringin,2026-04-14 23:00:00,37,37,24,,72,16,0,24,,,,,
Jakarta,The Pakubuwono Menteng,2026-04-14 23:16:37,129,129,52,99,,,,,58,28.1,,,
Depok,Cinere - Nafas,2026-04-14 23:16:51,99,99,37,74,,,,,0,0,,,
Bogor,Kabupaten Bogor Leuwiliang,2026-04-14 23:00:00,80,60,27,,4,9,0,80,,,,,
Tangerang,Tangerang Pasir Jaya,2026-04-13 01:00:00,-,52,24,,41,63,0,64,,,,,
Bekasi,Bekasi Kayuringin,2026-04-14 23:00:00,37,37,24,,72,16,0,24,,,,,
Jakarta,The Pakubuwono Menteng,2026-04-14 23:17:37,99,99,38,78,,,,,58,28.1,,,
Depok,Cinere - Nafas,2026-04-14 23:18:51,101,101,40,73,,,,,0,0,,,
Bogor,Kabupaten Bogor Leuwiliang,2026-04-14 23:00:00,80,60,27,,4,9,0,80,,,,,
Tangerang,Tangerang Pasir Jaya,2026-04-13 01:00:00,-,52,24,,41,63,0,64,,,,,
Bekasi,Bekasi Kayuringin,2026-04-14 23:00:00,37,37,24,,72,16,0,24,,,,,
Jakarta,The Pakubuwono Menteng,2026-04-14 23:19:37,99,99,37,79,,,,,58,28,,,
Depok,Cinere - Nafas,2026-04-14 23:19:51,101,101,41,75,,,,,0,0,,,
Bogor,Kabupaten Bogor Leuwiliang,2026-04-14 23:00:00,80,60,27,,4,9,0,80,,,,,
Tangerang,Tangerang Pasir Jaya,2026-04-13 01:00:00,-,52,24,,41,63,0,64,,,,,
Bekasi,Bekasi Kayuringin,2026-04-14 23:00:00,37,37,24,,72,16,0,24,,,,,
Jakarta,The Pakubuwono Menteng,2026-04-14 23:20:37,94,94,33,72,,,,,58,28.1,,,
Depok,Cinere - Nafas,2026-04-14 23:20:51,98,98,36,73,,,,,0,0,,,
Bogor,Kabupaten Bogor Leuwiliang,2026-04-14 23:00:00,80,60,27,,4,9,0,80,,,,,
Tangerang,Tangerang Pasir Jaya,2026-04-13 01:00:00,-,52,24,,41,63,0,64,,,,,
Bekasi,Bekasi Kayuringin,2026-04-14 23:00:00,37,37,24,,72,16,0,24,,,,,
Jakarta,The Pakubuwono Menteng,2026-04-14 23:21:37,87,87,30,72,,,,,58,28.1,,,
Depok,Cinere - Nafas,2026-04-14 23:21:51,101,101,39,73,,,,,0,0,,,
Bogor,Kabupaten Bogor Leuwiliang,2026-04-14 23:00:00,80,60,27,,4,9,0,80,,,,,
Tangerang,Tangerang Pasir Jaya,2026-04-13 01:00:00,-,52,24,,41,63,0,64,,,,,
Bekasi,Bekasi Kayuringin,2026-04-14 23:00:00,37,37,24,,72,16,0,24,,,,,
Jakarta,The Pakubuwono Menteng,2026-04-14 23:23:37,91,91,31,72,,,,,58,28,,,
Depok,Cinere - Nafas,2026-04-14 23:23:51,96,96,38,73,,,,,0,0,,,
Bogor,Kabupaten Bogor Leuwiliang,2026-04-14 23:00:00,80,60,27,,4,9,0,80,,,,,
Tangerang,Tangerang Pasir Jaya,2026-04-13 01:00:00,-,52,24,,41,63,0,64,,,,,
Bekasi,Bekasi Kayuringin,2026-04-14 23:00:00,37,37,24,,72,16,0,24,,,,,
Jakarta,The Pakubuwono Menteng,2026-04-14 23:24:37,88,88,31,71,,,,,58,28.1,,,
Depok,Cinere - Nafas,2026-04-14 23:24:51,98,98,36,73,,,,,0,0,,,
Bogor,Kabupaten Bogor Leuwiliang,2026-04-14 23:00:00,80,60,27,,4,9,0,80,,,,,
Tangerang,Tangerang Pasir Jaya,2026-04-13 01:00:00,-,52,24,,41,63,0,64,,,,,
Bekasi,Bekasi Kayuringin,2026-04-14 23:00:00,37,37,24,,72,16,0,24,,,,,
Jakarta,The Pakubuwono Menteng,2026-04-14 23:24:37,88,88,31,71,,,,,58,28.1,,,
Depok,Cinere - Nafas,2026-04-14 23:25:51,98,98,36,74,,,,,0,0,,,
Bogor,Kabupaten Bogor Leuwiliang,2026-04-14 23:00:00,80,60,27,,4,9,0,80,,,,,
Tangerang,Tangerang Pasir Jaya,2026-04-13 01:00:00,-,52,24,,41,63,0,64,,,,,
Bekasi,Bekasi Kayuringin,2026-04-14 23:00:00,37,37,24,,72,16,0,24,,,,,
Jakarta,The Pakubuwono Menteng,2026-04-14 23:27:37,97,97,35,72,,,,,58,28,,,
Depok,Cinere - Nafas,2026-04-14 23:27:51,100,100,39,74,,,,,0,0,,,
Bogor,Kabupaten Bogor Leuwiliang,2026-04-14 23:00:00,80,60,27,,4,9,0,80,,,,,
Tangerang,Tangerang Pasir Jaya,2026-04-13 01:00:00,-,52,24,,41,63,0,64,,,,,
Bekasi,Bekasi Kayuringin,2026-04-14 23:00:00,37,37,24,,72,16,0,24,,,,,
Jakarta,The Pakubuwono Menteng,2026-04-14 23:28:37,96,96,35,73,,,,,58,28.1,,,
Depok,Cinere - Nafas,2026-04-14 23:28:51,98,98,36,73,,,,,0,0,,,
Bogor,Kabupaten Bogor Leuwiliang,2026-04-14 23:00:00,80,60,27,,4,9,0,80,,,,,
Tangerang,Tangerang Pasir Jaya,2026-04-13 01:00:00,-,52,24,,41,63,0,64,,,,,
Bekasi,Bekasi Kayuringin,2026-04-14 23:00:00,37,37,24,,72,16,0,24,,,,,
Jakarta,The Pakubuwono Menteng,2026-04-14 23:29:37,93,93,33,72,,,,,58,28.1,,,
Depok,Cinere - Nafas,2026-04-14 23:29:51,99,99,38,73,,,,,0,0,,,
Bogor,Kabupaten Bogor Leuwiliang,2026-04-14 23:00:00,80,60,27,,4,9,0,80,,,,,
Tangerang,Tangerang Pasir Jaya,2026-04-13 01:00:00,-,52,24,,41,63,0,64,,,,,
Bekasi,Bekasi Kayuringin,2026-04-14 23:00:00,37,37,24,,72,16,0,24,,,,,
Jakarta,The Pakubuwono Menteng,2026-04-14 23:30:37,94,94,34,74,,,,,58,28.1,,,
Depok,Cinere - Nafas,2026-04-14 23:30:51,98,98,37,73,,,,,0,0,,,
Bogor,Kabupaten Bogor Leuwiliang,2026-04-14 23:00:00,80,60,27,,4,9,0,80,,,,,
Tangerang,Tangerang Pasir Jaya,2026-04-13 01:00:00,-,52,24,,41,63,0,64,,,,,
Bekasi,Bekasi Kayuringin,2026-04-14 23:00:00,37,37,24,,72,16,0,24,,,,,
Jakarta,The Pakubuwono Menteng,2026-04-14 23:31:37,94,94,35,72,,,,,58,28.1,,,
Depok,Cinere - Nafas,2026-04-14 23:31:51,99,99,37,73,,,,,0,0,,,
Bogor,Kabupaten Bogor Leuwiliang,2026-04-14 23:00:00,80,60,27,,4,9,0,80,,,,,
Tangerang,Tangerang Pasir Jaya,2026-04-13 01:00:00,-,52,24,,41,63,0,64,,,,,
Bekasi,Bekasi Kayuringin,2026-04-14 23:00:00,37,37,24,,72,16,0,24,,,,,
Jakarta,The Pakubuwono Menteng,2026-04-14 23:33:37,96,96,35,72,,,,,58,28.1,,,
Depok,Cinere - Nafas,2026-04-14 23:33:51,100,100,39,75,,,,,0,0,,,
Bogor,Kabupaten Bogor Leuwiliang,2026-04-14 23:00:00,80,60,27,,4,9,0,80,,,,,
Tangerang,Tangerang Pasir Jaya,2026-04-13 01:00:00,-,52,24,,41,63,0,64,,,,,
Bekasi,Bekasi Kayuringin,2026-04-14 23:00:00,37,37,24,,72,16,0,24,,,,,
Jakarta,The Pakubuwono Menteng,2026-04-14 23:34:37,94,94,34,73,,,,,58,28.1,,,
Depok,Cinere - Nafas,2026-04-14 23:34:51,99,99,38,75,,,,,0,0,,,
Bogor,Kabupaten Bogor Leuwiliang,2026-04-14 23:00:00,80,60,27,,4,9,0,80,,,,,
Tangerang,Tangerang Pasir Jaya,2026-04-13 01:00:00,-,52,24,,41,63,0,64,,,,,
Bekasi,Bekasi Kayuringin,2026-04-14 23:00:00,37,37,24,,72,16,0,24,,,,,
Jakarta,The Pakubuwono Menteng,2026-04-14 23:35:37,94,94,34,72,,,,,58,28.1,,,
Depok,Cinere - Nafas,2026-04-14 23:35:51,100,100,38,74,,,,,0,0,,,
Bogor,Kabupaten Bogor Leuwiliang,2026-04-14 23:00:00,80,60,27,,4,9,0,80,,,,,
Tangerang,Tangerang Pasir Jaya,2026-04-13 01:00:00,-,52,24,,41,63,0,64,,,,,
Bekasi,Bekasi Kayuringin,2026-04-14 23:00:00,37,37,24,,72,16,0,24,,,,,
Jakarta,The Pakubuwono Menteng,2026-04-14 23:36:37,92,92,32,72,,,,,58,28.1,,,
Depok,Cinere - Nafas,2026-04-14 23:36:51,101,101,40,75,,,,,0,0,,,
Bogor,Kabupaten Bogor Leuwiliang,2026-04-14 23:00:00,80,60,27,,4,9,0,80,,,,,
Tangerang,Tangerang Pasir Jaya,2026-04-13 01:00:00,-,52,24,,41,63,0,64,,,,,
Bekasi,Bekasi Kayuringin,2026-04-14 23:00:00,37,37,24,,72,16,0,24,,,,,
Jakarta,The Pakubuwono Menteng,2026-04-14 23:38:37,93,93,32,70,,,,,58,28.1,,,
Depok,Cinere - Nafas,2026-04-14 23:38:52,103,103,40,76,,,,,0,0,,,
Bogor,Kabupaten Bogor Leuwiliang,2026-04-14 23:00:00,80,60,27,,4,9,0,80,,,,,
Tangerang,Tangerang Pasir Jaya,2026-04-13 01:00:00,-,52,24,,41,63,0,64,,,,,
Bekasi,Bekasi Kayuringin,2026-04-14 23:00:00,37,37,24,,72,16,0,24,,,,,
Jakarta,The Pakubuwono Menteng,2026-04-14 23:39:38,95,95,35,72,,,,,58,28.1,,,
Depok,Cinere - Nafas,2026-04-14 23:39:51,108,108,42,79,,,,,0,0,,,
Bogor,Kabupaten Bogor Leuwiliang,2026-04-14 23:00:00,80,60,27,,4,9,0,80,,,,,
Tangerang,Tangerang Pasir Jaya,2026-04-13 01:00:00,-,52,24,,41,63,0,64,,,,,
Bekasi,Bekasi Kayuringin,2026-04-14 23:00:00,37,37,24,,72,16,0,24,,,,,
Jakarta,The Pakubuwono Menteng,2026-04-14 23:40:38,95,95,34,73,,,,,58,28.1,,,
Depok,Cinere - Nafas,2026-04-14 23:40:52,105,105,43,79,,,,,0,0,,,
Bogor,Kabupaten Bogor Leuwiliang,2026-04-14 23:00:00,80,60,27,,4,9,0,80,,,,,
Tangerang,Tangerang Pasir Jaya,2026-04-13 01:00:00,-,52,24,,41,63,0,64,,,,,
Bekasi,Bekasi Kayuringin,2026-04-14 23:00:00,37,37,24,,72,16,0,24,,,,,
Jakarta,The Pakubuwono Menteng,2026-04-14 23:41:38,88,88,30,69,,,,,58,28.1,,,
Depok,Cinere - Nafas,2026-04-14 23:41:52,111,111,43,79,,,,,0,0,,,
Bogor,Kabupaten Bogor Leuwiliang,2026-04-14 23:00:00,80,60,27,,4,9,0,80,,,,,
Tangerang,Tangerang Pasir Jaya,2026-04-13 01:00:00,-,52,24,,41,63,0,64,,,,,
Bekasi,Bekasi Kayuringin,2026-04-14 23:00:00,37,37,24,,72,16,0,24,,,,,
Jakarta,The Pakubuwono Menteng,2026-04-14 23:43:38,94,94,34,73,,,,,58,28.1,,,
Depok,Cinere - Nafas,2026-04-14 23:43:52,110,110,45,83,,,,,0,0,,,
Bogor,Kabupaten Bogor Leuwiliang,2026-04-14 23:00:00,80,60,27,,4,9,0,80,,,,,
Tangerang,Tangerang Pasir Jaya,2026-04-13 01:00:00,-,52,24,,41,63,0,64,,,,,
Bekasi,Bekasi Kayuringin,2026-04-14 23:00:00,37,37,24,,72,16,0,24,,,,,
Jakarta,The Pakubuwono Menteng,2026-04-14 23:44:38,94,94,35,72,,,,,58,28.2,,,
Depok,Cinere - Nafas,2026-04-14 23:44:51,113,113,45,83,,,,,0,0,,,
Bogor,Kabupaten Bogor Leuwiliang,2026-04-14 23:00:00,80,60,27,,4,9,0,80,,,,,
Tangerang,Tangerang Pasir Jaya,2026-04-13 01:00:00,-,52,24,,41,63,0,64,,,,,
Bekasi,Bekasi Kayuringin,2026-04-14 23:00:00,37,37,24,,72,16,0,24,,,,,
Jakarta,The Pakubuwono Menteng,2026-04-14 23:45:38,97,97,35,71,,,,,58,28.2,,,
Depok,Cinere - Nafas,2026-04-14 23:45:51,119,119,49,87,,,,,0,0,,,
Bogor,Kabupaten Bogor Leuwiliang,2026-04-14 23:00:00,80,60,27,,4,9,0,80,,,,,
Tangerang,Tangerang Pasir Jaya,2026-04-13 01:00:00,-,52,24,,41,63,0,64,,,,,
Bekasi,Bekasi Kayuringin,2026-04-14 23:00:00,37,37,24,,72,16,0,24,,,,,
Jakarta,The Pakubuwono Menteng,2026-04-14 23:46:38,94,94,35,73,,,,,58,28.2,,,
Depok,Cinere - Nafas,2026-04-14 23:47:52,120,120,50,86,,,,,0,0,,,
Bogor,Kabupaten Bogor Leuwiliang,2026-04-14 23:00:00,80,60,27,,4,9,0,80,,,,,
Tangerang,Tangerang Pasir Jaya,2026-04-13 01:00:00,-,52,24,,41,63,0,64,,,,,
Bekasi,Bekasi Kayuringin,2026-04-14 23:00:00,37,37,24,,72,16,0,24,,,,,
Jakarta,The Pakubuwono Menteng,2026-04-14 23:48:38,96,96,36,74,,,,,58,28.2,,,
Depok,Cinere - Nafas,2026-04-14 23:48:52,125,125,51,89,,,,,0,0,,,
Bogor,Kabupaten Bogor Leuwiliang,2026-04-14 23:00:00,80,60,27,,4,9,0,80,,,,,
Tangerang,Tangerang Pasir Jaya,2026-04-13 01:00:00,-,52,24,,41,63,0,64,,,,,
Bekasi,Bekasi Kayuringin,2026-04-14 23:00:00,37,37,24,,72,16,0,24,,,,,
Jakarta,The Pakubuwono Menteng,2026-04-14 23:49:38,97,97,36,75,,,,,58,28.2,,,
Depok,Cinere - Nafas,2026-04-14 23:49:52,126,126,51,89,,,,,0,0,,,
Bogor,Kabupaten Bogor Leuwiliang,2026-04-14 23:00:00,80,60,27,,4,9,0,80,,,,,
Tangerang,Tangerang Pasir Jaya,2026-04-13 01:00:00,-,52,24,,41,63,0,64,,,,,
Bekasi,Bekasi Kayuringin,2026-04-14 23:00:00,37,37,24,,72,16,0,24,,,,,
Jakarta,The Pakubuwono Menteng,2026-04-14 23:50:38,95,95,34,74,,,,,58,28.2,,,
Depok,Cinere - Nafas,2026-04-14 23:50:52,124,124,50,87,,,,,0,0,,,
Bogor,Kabupaten Bogor Leuwiliang,2026-04-14 23:00:00,80,60,27,,4,9,0,80,,,,,
Tangerang,Tangerang Pasir Jaya,2026-04-13 01:00:00,-,52,24,,41,63,0,64,,,,,
Bekasi,Bekasi Kayuringin,2026-04-14 23:00:00,37,37,24,,72,16,0,24,,,,,
Jakarta,The Pakubuwono Menteng,2026-04-14 23:51:38,95,95,33,72,,,,,58,28.2,,,
Depok,Cinere - Nafas,2026-04-14 23:51:52,126,126,52,87,,,,,0,0,,,
Bogor,Kabupaten Bogor Leuwiliang,2026-04-14 23:00:00,80,60,27,,4,9,0,80,,,,,
Tangerang,Tangerang Pasir Jaya,2026-04-13 01:00:00,-,52,24,,41,63,0,64,,,,,
Bekasi,Bekasi Kayuringin,2026-04-14 23:00:00,37,37,24,,72,16,0,24,,,,,
Jakarta,The Pakubuwono Menteng,2026-04-14 23:52:38,94,94,33,73,,,,,58,28.2,,,
Depok,Cinere - Nafas,2026-04-14 23:54:52,124,124,50,89,,,,,0,0,,,
Bogor,Kabupaten Bogor Leuwiliang,2026-04-14 23:00:00,80,60,27,,4,9,0,80,,,,,
Tangerang,Tangerang Pasir Jaya,2026-04-13 01:00:00,-,52,24,,41,63,0,64,,,,,
Bekasi,Bekasi Kayuringin,2026-04-14 23:00:00,37,37,24,,72,16,0,24,,,,,
Jakarta,The Pakubuwono Menteng,2026-04-14 23:55:38,101,101,38,75,,,,,58,28.2,,,
Depok,Cinere - Nafas,2026-04-14 23:55:52,128,128,52,90,,,,,0,0,,,
Bogor,Kabupaten Bogor Leuwiliang,2026-04-14 23:00:00,80,60,27,,4,9,0,80,,,,,
Tangerang,Tangerang Pasir Jaya,2026-04-13 01:00:00,-,52,24,,41,63,0,64,,,,,
Bekasi,Bekasi Kayuringin,2026-04-14 23:00:00,37,37,24,,72,16,0,24,,,,,
Jakarta,The Pakubuwono Menteng,2026-04-14 23:56:38,94,94,34,72,,,,,58,28.2,,,
Depok,Cinere - Nafas,2026-04-14 23:56:52,128,128,52,90,,,,,0,0,,,
Bogor,Kabupaten Bogor Leuwiliang,2026-04-14 23:00:00,80,60,27,,4,9,0,80,,,,,
Tangerang,Tangerang Pasir Jaya,2026-04-13 01:00:00,-,52,24,,41,63,0,64,,,,,
Bekasi,Bekasi Kayuringin,2026-04-14 23:00:00,37,37,24,,72,16,0,24,,,,,
