city,station_name,time,aqi,pm25,pm10,pm1,no2,so2,co,o3,humidity,temperature,pressure,wind,rain
Jakarta,The Pakubuwono Menteng,2026-05-19 23:55:21,104,104,40,80,,,,,58,30.4,,,
Depok,Cinere - Nafas,2026-05-19 23:55:29,190,190,95,166,,,,,0,0,,,
Bogor,Kabupaten Bogor Leuwiliang,2026-05-19 23:00:00,76,76,39,,4,10,0,71,,,,,
Tangerang,Tangerang Pasir Jaya,2026-05-14 14:00:00,-,95,49,,59,63,0,65,,,,,
Bekasi,Bekasi Kayuringin,2026-05-19 23:00:00,62,62,34,,47,13,0,2,,,,,
Jakarta,The Pakubuwono Menteng,2026-05-19 23:57:21,106,106,41,81,,,,,58,30.4,,,
Depok,Cinere - Nafas,2026-05-19 23:57:30,186,186,91,165,,,,,0,0,,,
Bogor,Kabupaten Bogor Leuwiliang,2026-05-19 23:00:00,76,76,39,,4,10,0,71,,,,,
Tangerang,Tangerang Pasir Jaya,2026-05-14 14:00:00,-,95,49,,59,63,0,65,,,,,
Bekasi,Bekasi Kayuringin,2026-05-19 23:00:00,62,62,34,,47,13,0,2,,,,,
Jakarta,The Pakubuwono Menteng,2026-05-19 23:59:21,103,103,39,78,,,,,58,30.4,,,
Depok,Cinere - Nafas,2026-05-19 23:59:33,184,184,87,161,,,,,0,0,,,
Bogor,Kabupaten Bogor Leuwiliang,2026-05-19 23:00:00,76,76,39,,4,10,0,71,,,,,
Tangerang,Tangerang Pasir Jaya,2026-05-14 14:00:00,-,95,49,,59,63,0,65,,,,,
Bekasi,Bekasi Kayuringin,2026-05-19 23:00:00,62,62,34,,47,13,0,2,,,,,
Jakarta,The Pakubuwono Menteng,2026-05-20 00:01:21,103,103,38,79,,,,,58,30.4,,,
Depok,Cinere - Nafas,2026-05-20 00:01:33,183,183,84,161,,,,,0,0,,,
Bogor,Kabupaten Bogor Leuwiliang,2026-05-19 23:00:00,76,76,39,,4,10,0,71,,,,,
Tangerang,Tangerang Pasir Jaya,2026-05-14 14:00:00,-,95,49,,59,63,0,65,,,,,
Bekasi,Bekasi Kayuringin,2026-05-19 23:00:00,62,62,34,,47,13,0,2,,,,,
Jakarta,The Pakubuwono Menteng,2026-05-20 00:01:21,103,103,38,79,,,,,58,30.4,,,
Depok,Cinere - Nafas,2026-05-20 00:01:33,183,183,84,161,,,,,0,0,,,
Bogor,Kabupaten Bogor Leuwiliang,2026-05-19 23:00:00,76,76,39,,4,10,0,71,,,,,
Tangerang,Tangerang Pasir Jaya,2026-05-14 14:00:00,-,95,49,,59,63,0,65,,,,,
Bekasi,Bekasi Kayuringin,2026-05-19 23:00:00,62,62,34,,47,13,0,2,,,,,
Jakarta,The Pakubuwono Menteng,2026-05-20 00:02:21,99,99,36,76,,,,,58,30.4,,,
Depok,Cinere - Nafas,2026-05-20 00:02:32,180,180,83,159,,,,,0,0,,,
Bogor,Kabupaten Bogor Leuwiliang,2026-05-19 23:00:00,76,76,39,,4,10,0,71,,,,,
Tangerang,Tangerang Pasir Jaya,2026-05-14 14:00:00,-,95,49,,59,63,0,65,,,,,
Bekasi,Bekasi Kayuringin,2026-05-19 23:00:00,62,62,34,,47,13,0,2,,,,,
Jakarta,The Pakubuwono Menteng,2026-05-20 00:02:21,99,99,36,76,,,,,58,30.4,,,
Depok,Cinere - Nafas,2026-05-20 00:02:32,180,180,83,159,,,,,0,0,,,
Bogor,Kabupaten Bogor Leuwiliang,2026-05-19 23:00:00,76,76,39,,4,10,0,71,,,,,
Tangerang,Tangerang Pasir Jaya,2026-05-14 14:00:00,-,95,49,,59,63,0,65,,,,,
Bekasi,Bekasi Kayuringin,2026-05-19 23:00:00,62,62,34,,47,13,0,2,,,,,
Jakarta,The Pakubuwono Menteng,2026-05-20 00:04:21,97,97,36,77,,,,,58,30.4,,,
Depok,Cinere - Nafas,2026-05-20 00:04:30,177,177,81,157,,,,,0,0,,,
Bogor,Kabupaten Bogor Leuwiliang,2026-05-19 23:00:00,76,76,39,,4,10,0,71,,,,,
Tangerang,Tangerang Pasir Jaya,2026-05-14 14:00:00,-,95,49,,59,63,0,65,,,,,
Bekasi,Bekasi Kayuringin,2026-05-19 23:00:00,62,62,34,,47,13,0,2,,,,,
Jakarta,The Pakubuwono Menteng,2026-05-20 00:04:21,97,97,36,77,,,,,58,30.4,,,
Depok,Cinere - Nafas,2026-05-20 00:04:30,177,177,81,157,,,,,0,0,,,
Bogor,Kabupaten Bogor Leuwiliang,2026-05-19 23:00:00,76,76,39,,4,10,0,71,,,,,
Tangerang,Tangerang Pasir Jaya,2026-05-14 14:00:00,-,95,49,,59,63,0,65,,,,,
Bekasi,Bekasi Kayuringin,2026-05-19 23:00:00,62,62,34,,47,13,0,2,,,,,
Jakarta,The Pakubuwono Menteng,2026-05-20 00:06:21,98,98,37,78,,,,,58,30.4,,,
Depok,Cinere - Nafas,2026-05-20 00:06:33,175,175,78,156,,,,,0,0,,,
Bogor,Kabupaten Bogor Leuwiliang,2026-05-19 23:00:00,76,76,39,,4,10,0,71,,,,,
Tangerang,Tangerang Pasir Jaya,2026-05-14 14:00:00,-,95,49,,59,63,0,65,,,,,
Bekasi,Bekasi Kayuringin,2026-05-19 23:00:00,62,62,34,,47,13,0,2,,,,,
Jakarta,The Pakubuwono Menteng,2026-05-20 00:08:21,101,101,40,78,,,,,58,30.4,,,
Depok,Cinere - Nafas,2026-05-20 00:08:31,176,176,80,157,,,,,0,0,,,
Bogor,Kabupaten Bogor Leuwiliang,2026-05-20 00:00:00,76,76,40,,4,10,0,72,,,,,
Tangerang,Tangerang Pasir Jaya,2026-05-14 14:00:00,-,95,49,,59,63,0,65,,,,,
Bekasi,Bekasi Kayuringin,2026-05-20 00:00:00,67,67,36,,47,13,0,2,,,,,
Jakarta,The Pakubuwono Menteng,2026-05-20 00:08:21,101,101,40,78,,,,,58,30.4,,,
Depok,Cinere - Nafas,2026-05-20 00:08:31,176,176,80,157,,,,,0,0,,,
Bogor,Kabupaten Bogor Leuwiliang,2026-05-20 00:00:00,76,76,40,,4,10,0,72,,,,,
Tangerang,Tangerang Pasir Jaya,2026-05-14 14:00:00,-,95,49,,59,63,0,65,,,,,
Bekasi,Bekasi Kayuringin,2026-05-20 00:00:00,67,67,36,,47,13,0,2,,,,,
Jakarta,The Pakubuwono Menteng,2026-05-20 00:10:21,101,101,38,79,,,,,58,30.3,,,
Depok,Cinere - Nafas,2026-05-20 00:10:30,174,174,78,156,,,,,0,0,,,
Bogor,Kabupaten Bogor Leuwiliang,2026-05-20 00:00:00,76,76,40,,4,10,0,72,,,,,
Tangerang,Tangerang Pasir Jaya,2026-05-14 14:00:00,-,95,49,,59,63,0,65,,,,,
Bekasi,Bekasi Kayuringin,2026-05-20 00:00:00,67,67,36,,47,13,0,2,,,,,
Jakarta,The Pakubuwono Menteng,2026-05-20 00:12:21,104,104,39,81,,,,,58,30.4,,,
Depok,Cinere - Nafas,2026-05-20 00:12:31,175,175,78,155,,,,,0,0,,,
Bogor,Kabupaten Bogor Leuwiliang,2026-05-20 00:00:00,76,76,40,,4,10,0,72,,,,,
Tangerang,Tangerang Pasir Jaya,2026-05-14 14:00:00,-,95,49,,59,63,0,65,,,,,
Bekasi,Bekasi Kayuringin,2026-05-20 00:00:00,67,67,36,,47,13,0,2,,,,,
Jakarta,The Pakubuwono Menteng,2026-05-20 00:14:21,103,103,39,79,,,,,58,30.3,,,
Depok,Cinere - Nafas,2026-05-20 00:14:31,175,175,80,155,,,,,0,0,,,
Bogor,Kabupaten Bogor Leuwiliang,2026-05-20 00:00:00,76,76,40,,4,10,0,72,,,,,
Tangerang,Tangerang Pasir Jaya,2026-05-14 14:00:00,-,95,49,,59,63,0,65,,,,,
Bekasi,Bekasi Kayuringin,2026-05-20 00:00:00,67,67,36,,47,13,0,2,,,,,
Jakarta,The Pakubuwono Menteng,2026-05-20 00:14:21,103,103,39,79,,,,,58,30.3,,,
Depok,Cinere - Nafas,2026-05-20 00:14:31,175,175,80,155,,,,,0,0,,,
Bogor,Kabupaten Bogor Leuwiliang,2026-05-20 00:00:00,76,76,40,,4,10,0,72,,,,,
Tangerang,Tangerang Pasir Jaya,2026-05-14 14:00:00,-,95,49,,59,63,0,65,,,,,
Bekasi,Bekasi Kayuringin,2026-05-20 00:00:00,67,67,36,,47,13,0,2,,,,,
Jakarta,The Pakubuwono Menteng,2026-05-20 00:15:21,102,102,40,81,,,,,58,30.4,,,
Depok,Cinere - Nafas,2026-05-20 00:15:31,175,175,79,155,,,,,0,0,,,
Bogor,Kabupaten Bogor Leuwiliang,2026-05-20 00:00:00,76,76,40,,4,10,0,72,,,,,
Tangerang,Tangerang Pasir Jaya,2026-05-14 14:00:00,-,95,49,,59,63,0,65,,,,,
Bekasi,Bekasi Kayuringin,2026-05-20 00:00:00,67,67,36,,47,13,0,2,,,,,
Jakarta,The Pakubuwono Menteng,2026-05-20 00:15:21,102,102,40,81,,,,,58,30.4,,,
Depok,Cinere - Nafas,2026-05-20 00:15:31,175,175,79,155,,,,,0,0,,,
Bogor,Kabupaten Bogor Leuwiliang,2026-05-20 00:00:00,76,76,40,,4,10,0,72,,,,,
Tangerang,Tangerang Pasir Jaya,2026-05-14 14:00:00,-,95,49,,59,63,0,65,,,,,
Bekasi,Bekasi Kayuringin,2026-05-20 00:00:00,67,67,36,,47,13,0,2,,,,,
Jakarta,The Pakubuwono Menteng,2026-05-20 00:17:21,99,99,37,76,,,,,58,30.4,,,
Depok,Cinere - Nafas,2026-05-20 00:17:32,176,176,79,156,,,,,0,0,,,
Bogor,Kabupaten Bogor Leuwiliang,2026-05-20 00:00:00,76,76,40,,4,10,0,72,,,,,
Tangerang,Tangerang Pasir Jaya,2026-05-14 14:00:00,-,95,49,,59,63,0,65,,,,,
Bekasi,Bekasi Kayuringin,2026-05-20 00:00:00,67,67,36,,47,13,0,2,,,,,
Jakarta,The Pakubuwono Menteng,2026-05-20 00:19:21,103,103,40,81,,,,,58,30.3,,,
Depok,Cinere - Nafas,2026-05-20 00:19:31,177,177,79,156,,,,,0,0,,,
Bogor,Kabupaten Bogor Leuwiliang,2026-05-20 00:00:00,76,76,40,,4,10,0,72,,,,,
Tangerang,Tangerang Pasir Jaya,2026-05-14 14:00:00,-,95,49,,59,63,0,65,,,,,
Bekasi,Bekasi Kayuringin,2026-05-20 00:00:00,67,67,36,,47,13,0,2,,,,,
Jakarta,The Pakubuwono Menteng,2026-05-20 00:19:21,103,103,40,81,,,,,58,30.3,,,
Depok,Cinere - Nafas,2026-05-20 00:19:31,177,177,79,156,,,,,0,0,,,
Bogor,Kabupaten Bogor Leuwiliang,2026-05-20 00:00:00,76,76,40,,4,10,0,72,,,,,
Tangerang,Tangerang Pasir Jaya,2026-05-14 14:00:00,-,95,49,,59,63,0,65,,,,,
Bekasi,Bekasi Kayuringin,2026-05-20 00:00:00,67,67,36,,47,13,0,2,,,,,
Jakarta,The Pakubuwono Menteng,2026-05-20 00:20:21,99,99,38,78,,,,,58,30.3,,,
Depok,Cinere - Nafas,2026-05-20 00:21:31,177,177,81,156,,,,,0,0,,,
Bogor,Kabupaten Bogor Leuwiliang,2026-05-20 00:00:00,76,76,40,,4,10,0,72,,,,,
Tangerang,Tangerang Pasir Jaya,2026-05-14 14:00:00,-,95,49,,59,63,0,65,,,,,
Bekasi,Bekasi Kayuringin,2026-05-20 00:00:00,67,67,36,,47,13,0,2,,,,,
Jakarta,The Pakubuwono Menteng,2026-05-20 00:23:21,109,109,42,83,,,,,58,30.3,,,
Depok,Cinere - Nafas,2026-05-20 00:23:33,177,177,81,157,,,,,0,0,,,
Bogor,Kabupaten Bogor Leuwiliang,2026-05-20 00:00:00,76,76,40,,4,10,0,72,,,,,
Tangerang,Tangerang Pasir Jaya,2026-05-14 14:00:00,-,95,49,,59,63,0,65,,,,,
Bekasi,Bekasi Kayuringin,2026-05-20 00:00:00,67,67,36,,47,13,0,2,,,,,
Jakarta,The Pakubuwono Menteng,2026-05-20 00:24:21,108,108,41,83,,,,,58,30.3,,,
Depok,Cinere - Nafas,2026-05-20 00:24:32,176,176,81,157,,,,,0,0,,,
Bogor,Kabupaten Bogor Leuwiliang,2026-05-20 00:00:00,76,76,40,,4,10,0,72,,,,,
Tangerang,Tangerang Pasir Jaya,2026-05-14 14:00:00,-,95,49,,59,63,0,65,,,,,
Bekasi,Bekasi Kayuringin,2026-05-20 00:00:00,67,67,36,,47,13,0,2,,,,,
Jakarta,The Pakubuwono Menteng,2026-05-20 00:26:21,107,107,42,82,,,,,58,30.3,,,
Depok,Cinere - Nafas,2026-05-20 00:26:31,177,177,82,157,,,,,0,0,,,
Bogor,Kabupaten Bogor Leuwiliang,2026-05-20 00:00:00,76,76,40,,4,10,0,72,,,,,
Tangerang,Tangerang Pasir Jaya,2026-05-14 14:00:00,-,95,49,,59,63,0,65,,,,,
Bekasi,Bekasi Kayuringin,2026-05-20 00:00:00,67,67,36,,47,13,0,2,,,,,
Jakarta,The Pakubuwono Menteng,2026-05-20 00:26:21,107,107,42,82,,,,,58,30.3,,,
Depok,Cinere - Nafas,2026-05-20 00:26:31,177,177,82,157,,,,,0,0,,,
Bogor,Kabupaten Bogor Leuwiliang,2026-05-20 00:00:00,76,76,40,,4,10,0,72,,,,,
Tangerang,Tangerang Pasir Jaya,2026-05-14 14:00:00,-,95,49,,59,63,0,65,,,,,
Bekasi,Bekasi Kayuringin,2026-05-20 00:00:00,67,67,36,,47,13,0,2,,,,,
Jakarta,The Pakubuwono Menteng,2026-05-20 00:28:21,113,113,46,83,,,,,58,30.3,,,
Depok,Cinere - Nafas,2026-05-20 00:28:32,176,176,80,157,,,,,0,0,,,
Bogor,Kabupaten Bogor Leuwiliang,2026-05-20 00:00:00,76,76,40,,4,10,0,72,,,,,
Tangerang,Tangerang Pasir Jaya,2026-05-14 14:00:00,-,95,49,,59,63,0,65,,,,,
Bekasi,Bekasi Kayuringin,2026-05-20 00:00:00,67,67,36,,47,13,0,2,,,,,
Jakarta,The Pakubuwono Menteng,2026-05-20 00:29:21,118,118,48,87,,,,,59,30.3,,,
Depok,Cinere - Nafas,2026-05-20 00:29:33,179,179,84,158,,,,,0,0,,,
Bogor,Kabupaten Bogor Leuwiliang,2026-05-20 00:00:00,76,76,40,,4,10,0,72,,,,,
Tangerang,Tangerang Pasir Jaya,2026-05-14 14:00:00,-,95,49,,59,63,0,65,,,,,
Bekasi,Bekasi Kayuringin,2026-05-20 00:00:00,67,67,36,,47,13,0,2,,,,,
Jakarta,The Pakubuwono Menteng,2026-05-20 00:29:21,118,118,48,87,,,,,59,30.3,,,
Depok,Cinere - Nafas,2026-05-20 00:29:33,179,179,84,158,,,,,0,0,,,
Bogor,Kabupaten Bogor Leuwiliang,2026-05-20 00:00:00,76,76,40,,4,10,0,72,,,,,
Tangerang,Tangerang Pasir Jaya,2026-05-14 14:00:00,-,95,49,,59,63,0,65,,,,,
Bekasi,Bekasi Kayuringin,2026-05-20 00:00:00,67,67,36,,47,13,0,2,,,,,
Jakarta,The Pakubuwono Menteng,2026-05-20 00:31:21,154,154,59,124,,,,,59,30.3,,,
Depok,Cinere - Nafas,2026-05-20 00:31:32,179,179,82,158,,,,,0,0,,,
Bogor,Kabupaten Bogor Leuwiliang,2026-05-20 00:00:00,76,76,40,,4,10,0,72,,,,,
Tangerang,Tangerang Pasir Jaya,2026-05-14 14:00:00,-,95,49,,59,63,0,65,,,,,
Bekasi,Bekasi Kayuringin,2026-05-20 00:00:00,67,67,36,,47,13,0,2,,,,,
Jakarta,The Pakubuwono Menteng,2026-05-20 00:31:21,154,154,59,124,,,,,59,30.3,,,
Depok,Cinere - Nafas,2026-05-20 00:31:32,179,179,82,158,,,,,0,0,,,
Bogor,Kabupaten Bogor Leuwiliang,2026-05-20 00:00:00,76,76,40,,4,10,0,72,,,,,
Tangerang,Tangerang Pasir Jaya,2026-05-14 14:00:00,-,95,49,,59,63,0,65,,,,,
Bekasi,Bekasi Kayuringin,2026-05-20 00:00:00,67,67,36,,47,13,0,2,,,,,
Jakarta,The Pakubuwono Menteng,2026-05-20 00:33:21,163,163,64,149,,,,,60,30.3,,,
Depok,Cinere - Nafas,2026-05-20 00:33:33,180,180,84,158,,,,,0,0,,,
Bogor,Kabupaten Bogor Leuwiliang,2026-05-20 00:00:00,76,76,40,,4,10,0,72,,,,,
Tangerang,Tangerang Pasir Jaya,2026-05-14 14:00:00,-,95,49,,59,63,0,65,,,,,
Bekasi,Bekasi Kayuringin,2026-05-20 00:00:00,67,67,36,,47,13,0,2,,,,,
Jakarta,The Pakubuwono Menteng,2026-05-20 00:35:22,164,164,66,151,,,,,60,30.2,,,
Depok,Cinere - Nafas,2026-05-20 00:35:32,179,179,84,159,,,,,0,0,,,
Bogor,Kabupaten Bogor Leuwiliang,2026-05-20 00:00:00,76,76,40,,4,10,0,72,,,,,
Tangerang,Tangerang Pasir Jaya,2026-05-14 14:00:00,-,95,49,,59,63,0,65,,,,,
Bekasi,Bekasi Kayuringin,2026-05-20 00:00:00,67,67,36,,47,13,0,2,,,,,
Jakarta,The Pakubuwono Menteng,2026-05-20 00:36:22,167,167,69,152,,,,,60,30.2,,,
Depok,Cinere - Nafas,2026-05-20 00:36:33,177,177,83,156,,,,,0,0,,,
Bogor,Kabupaten Bogor Leuwiliang,2026-05-20 00:00:00,76,76,40,,4,10,0,72,,,,,
Tangerang,Tangerang Pasir Jaya,2026-05-14 14:00:00,-,95,49,,59,63,0,65,,,,,
Bekasi,Bekasi Kayuringin,2026-05-20 00:00:00,67,67,36,,47,13,0,2,,,,,
Jakarta,The Pakubuwono Menteng,2026-05-20 00:38:21,168,168,71,153,,,,,60,30.2,,,
Depok,Cinere - Nafas,2026-05-20 00:38:32,179,179,83,158,,,,,0,0,,,
Bogor,Kabupaten Bogor Leuwiliang,2026-05-20 00:00:00,76,76,40,,4,10,0,72,,,,,
Tangerang,Tangerang Pasir Jaya,2026-05-14 14:00:00,-,95,49,,59,63,0,65,,,,,
Bekasi,Bekasi Kayuringin,2026-05-20 00:00:00,67,67,36,,47,13,0,2,,,,,
Jakarta,The Pakubuwono Menteng,2026-05-20 00:38:21,168,168,71,153,,,,,60,30.2,,,
Depok,Cinere - Nafas,2026-05-20 00:38:32,179,179,83,158,,,,,0,0,,,
Bogor,Kabupaten Bogor Leuwiliang,2026-05-20 00:00:00,76,76,40,,4,10,0,72,,,,,
Tangerang,Tangerang Pasir Jaya,2026-05-14 14:00:00,-,95,49,,59,63,0,65,,,,,
Bekasi,Bekasi Kayuringin,2026-05-20 00:00:00,67,67,36,,47,13,0,2,,,,,
Jakarta,The Pakubuwono Menteng,2026-05-20 00:40:22,168,168,72,155,,,,,60,30.2,,,
Depok,Cinere - Nafas,2026-05-20 00:40:33,179,179,82,158,,,,,0,0,,,
Bogor,Kabupaten Bogor Leuwiliang,2026-05-20 00:00:00,76,76,40,,4,10,0,72,,,,,
Tangerang,Tangerang Pasir Jaya,2026-05-14 14:00:00,-,95,49,,59,63,0,65,,,,,
Bekasi,Bekasi Kayuringin,2026-05-20 00:00:00,67,67,36,,47,13,0,2,,,,,
Jakarta,The Pakubuwono Menteng,2026-05-20 00:41:22,172,172,75,156,,,,,60,30.2,,,
Depok,Cinere - Nafas,2026-05-20 00:41:35,179,179,84,157,,,,,0,0,,,
Bogor,Kabupaten Bogor Leuwiliang,2026-05-20 00:00:00,76,76,40,,4,10,0,72,,,,,
Tangerang,Tangerang Pasir Jaya,2026-05-14 14:00:00,-,95,49,,59,63,0,65,,,,,
Bekasi,Bekasi Kayuringin,2026-05-20 00:00:00,67,67,36,,47,13,0,2,,,,,
Jakarta,The Pakubuwono Menteng,2026-05-20 00:41:22,172,172,75,156,,,,,60,30.2,,,
Depok,Cinere - Nafas,2026-05-20 00:41:35,179,179,84,157,,,,,0,0,,,
Bogor,Kabupaten Bogor Leuwiliang,2026-05-20 00:00:00,76,76,40,,4,10,0,72,,,,,
Tangerang,Tangerang Pasir Jaya,2026-05-14 14:00:00,-,95,49,,59,63,0,65,,,,,
Bekasi,Bekasi Kayuringin,2026-05-20 00:00:00,67,67,36,,47,13,0,2,,,,,
Jakarta,The Pakubuwono Menteng,2026-05-20 00:43:22,173,173,76,157,,,,,60,30.1,,,
Depok,Cinere - Nafas,2026-05-20 00:43:32,180,180,83,160,,,,,0,0,,,
Bogor,Kabupaten Bogor Leuwiliang,2026-05-20 00:00:00,76,76,40,,4,10,0,72,,,,,
Tangerang,Tangerang Pasir Jaya,2026-05-14 14:00:00,-,95,49,,59,63,0,65,,,,,
Bekasi,Bekasi Kayuringin,2026-05-20 00:00:00,67,67,36,,47,13,0,2,,,,,
Jakarta,The Pakubuwono Menteng,2026-05-20 00:44:22,174,174,78,157,,,,,60,30.1,,,
Depok,Cinere - Nafas,2026-05-20 00:44:32,179,179,82,159,,,,,0,0,,,
Bogor,Kabupaten Bogor Leuwiliang,2026-05-20 00:00:00,76,76,40,,4,10,0,72,,,,,
Tangerang,Tangerang Pasir Jaya,2026-05-14 14:00:00,-,95,49,,59,63,0,65,,,,,
Bekasi,Bekasi Kayuringin,2026-05-20 00:00:00,67,67,36,,47,13,0,2,,,,,
Jakarta,The Pakubuwono Menteng,2026-05-20 00:44:22,174,174,78,157,,,,,60,30.1,,,
Depok,Cinere - Nafas,2026-05-20 00:44:32,179,179,82,159,,,,,0,0,,,
Bogor,Kabupaten Bogor Leuwiliang,2026-05-20 00:00:00,76,76,40,,4,10,0,72,,,,,
Tangerang,Tangerang Pasir Jaya,2026-05-14 14:00:00,-,95,49,,59,63,0,65,,,,,
Bekasi,Bekasi Kayuringin,2026-05-20 00:00:00,67,67,36,,47,13,0,2,,,,,
Jakarta,The Pakubuwono Menteng,2026-05-20 00:48:22,176,176,79,158,,,,,61,30.1,,,
Depok,Cinere - Nafas,2026-05-20 00:48:35,178,178,81,157,,,,,0,0,,,
Bogor,Kabupaten Bogor Leuwiliang,2026-05-20 00:00:00,76,76,40,,4,10,0,72,,,,,
Tangerang,Tangerang Pasir Jaya,2026-05-14 14:00:00,-,95,49,,59,63,0,65,,,,,
Bekasi,Bekasi Kayuringin,2026-05-20 00:00:00,67,67,36,,47,13,0,2,,,,,
Jakarta,The Pakubuwono Menteng,2026-05-20 00:49:22,176,176,81,157,,,,,61,30.1,,,
Depok,Cinere - Nafas,2026-05-20 00:49:36,178,178,82,157,,,,,0,0,,,
Bogor,Kabupaten Bogor Leuwiliang,2026-05-20 00:00:00,76,76,40,,4,10,0,72,,,,,
Tangerang,Tangerang Pasir Jaya,2026-05-14 14:00:00,-,95,49,,59,63,0,65,,,,,
Bekasi,Bekasi Kayuringin,2026-05-20 00:00:00,67,67,36,,47,13,0,2,,,,,
Jakarta,The Pakubuwono Menteng,2026-05-20 00:49:22,176,176,81,157,,,,,61,30.1,,,
Depok,Cinere - Nafas,2026-05-20 00:49:36,178,178,82,157,,,,,0,0,,,
Bogor,Kabupaten Bogor Leuwiliang,2026-05-20 00:00:00,76,76,40,,4,10,0,72,,,,,
Tangerang,Tangerang Pasir Jaya,2026-05-14 14:00:00,-,95,49,,59,63,0,65,,,,,
Bekasi,Bekasi Kayuringin,2026-05-20 00:00:00,67,67,36,,47,13,0,2,,,,,
Jakarta,The Pakubuwono Menteng,2026-05-20 00:51:22,174,174,77,158,,,,,61,30.1,,,
Depok,Cinere - Nafas,2026-05-20 00:51:31,178,178,83,158,,,,,0,0,,,
Bogor,Kabupaten Bogor Leuwiliang,2026-05-20 00:00:00,76,76,40,,4,10,0,72,,,,,
Tangerang,Tangerang Pasir Jaya,2026-05-14 14:00:00,-,95,49,,59,63,0,65,,,,,
Bekasi,Bekasi Kayuringin,2026-05-20 00:00:00,67,67,36,,47,13,0,2,,,,,
Jakarta,The Pakubuwono Menteng,2026-05-20 00:51:22,174,174,77,158,,,,,61,30.1,,,
Depok,Cinere - Nafas,2026-05-20 00:51:31,178,178,83,158,,,,,0,0,,,
Bogor,Kabupaten Bogor Leuwiliang,2026-05-20 00:00:00,76,76,40,,4,10,0,72,,,,,
Tangerang,Tangerang Pasir Jaya,2026-05-14 14:00:00,-,95,49,,59,63,0,65,,,,,
Bekasi,Bekasi Kayuringin,2026-05-20 00:00:00,67,67,36,,47,13,0,2,,,,,
Jakarta,The Pakubuwono Menteng,2026-05-20 00:52:22,174,174,77,156,,,,,61,30.1,,,
Depok,Cinere - Nafas,2026-05-20 00:52:31,175,175,78,156,,,,,0,0,,,
Bogor,Kabupaten Bogor Leuwiliang,2026-05-20 00:00:00,76,76,40,,4,10,0,72,,,,,
Tangerang,Tangerang Pasir Jaya,2026-05-14 14:00:00,-,95,49,,59,63,0,65,,,,,
Bekasi,Bekasi Kayuringin,2026-05-20 00:00:00,67,67,36,,47,13,0,2,,,,,
Jakarta,The Pakubuwono Menteng,2026-05-20 00:54:22,179,179,83,160,,,,,61,30,,,
Depok,Cinere - Nafas,2026-05-20 00:54:32,176,176,80,156,,,,,0,0,,,
Bogor,Kabupaten Bogor Leuwiliang,2026-05-20 00:00:00,76,76,40,,4,10,0,72,,,,,
Tangerang,Tangerang Pasir Jaya,2026-05-14 14:00:00,-,95,49,,59,63,0,65,,,,,
Bekasi,Bekasi Kayuringin,2026-05-20 00:00:00,67,67,36,,47,13,0,2,,,,,
Jakarta,The Pakubuwono Menteng,2026-05-20 00:54:22,179,179,83,160,,,,,61,30,,,
Depok,Cinere - Nafas,2026-05-20 00:54:32,176,176,80,156,,,,,0,0,,,
Bogor,Kabupaten Bogor Leuwiliang,2026-05-20 00:00:00,76,76,40,,4,10,0,72,,,,,
Tangerang,Tangerang Pasir Jaya,2026-05-14 14:00:00,-,95,49,,59,63,0,65,,,,,
Bekasi,Bekasi Kayuringin,2026-05-20 00:00:00,67,67,36,,47,13,0,2,,,,,
Jakarta,The Pakubuwono Menteng,2026-05-20 00:56:22,177,177,78,160,,,,,61,30,,,
Depok,Cinere - Nafas,2026-05-20 00:56:35,176,176,81,156,,,,,0,0,,,
Bogor,Kabupaten Bogor Leuwiliang,2026-05-20 00:00:00,76,76,40,,4,10,0,72,,,,,
Tangerang,Tangerang Pasir Jaya,2026-05-14 14:00:00,-,95,49,,59,63,0,65,,,,,
Bekasi,Bekasi Kayuringin,2026-05-20 00:00:00,67,67,36,,47,13,0,2,,,,,
Jakarta,The Pakubuwono Menteng,2026-05-20 00:57:22,176,176,79,158,,,,,61,30,,,
Depok,Cinere - Nafas,2026-05-20 00:57:35,177,177,80,157,,,,,0,0,,,
Bogor,Kabupaten Bogor Leuwiliang,2026-05-20 00:00:00,76,76,40,,4,10,0,72,,,,,
Tangerang,Tangerang Pasir Jaya,2026-05-14 14:00:00,-,95,49,,59,63,0,65,,,,,
Bekasi,Bekasi Kayuringin,2026-05-20 00:00:00,67,67,36,,47,13,0,2,,,,,
Jakarta,The Pakubuwono Menteng,2026-05-20 00:59:22,176,176,79,157,,,,,61,29.9,,,
Depok,Cinere - Nafas,2026-05-20 00:59:32,174,174,78,156,,,,,0,0,,,
Bogor,Kabupaten Bogor Leuwiliang,2026-05-20 00:00:00,76,76,40,,4,10,0,72,,,,,
Tangerang,Tangerang Pasir Jaya,2026-05-14 14:00:00,-,95,49,,59,63,0,65,,,,,
Bekasi,Bekasi Kayuringin,2026-05-20 00:00:00,67,67,36,,47,13,0,2,,,,,
Jakarta,The Pakubuwono Menteng,2026-05-20 00:59:22,176,176,79,157,,,,,61,29.9,,,
Depok,Cinere - Nafas,2026-05-20 00:59:32,174,174,78,156,,,,,0,0,,,
Bogor,Kabupaten Bogor Leuwiliang,2026-05-20 00:00:00,76,76,40,,4,10,0,72,,,,,
Tangerang,Tangerang Pasir Jaya,2026-05-14 14:00:00,-,95,49,,59,63,0,65,,,,,
Bekasi,Bekasi Kayuringin,2026-05-20 00:00:00,67,67,36,,47,13,0,2,,,,,
Jakarta,The Pakubuwono Menteng,2026-05-20 01:01:22,175,175,77,157,,,,,62,29.9,,,
Depok,Cinere - Nafas,2026-05-20 01:01:32,173,173,78,155,,,,,0,0,,,
Bogor,Kabupaten Bogor Leuwiliang,2026-05-20 00:00:00,76,76,40,,4,10,0,72,,,,,
Tangerang,Tangerang Pasir Jaya,2026-05-14 14:00:00,-,95,49,,59,63,0,65,,,,,
Bekasi,Bekasi Kayuringin,2026-05-20 00:00:00,67,67,36,,47,13,0,2,,,,,
Jakarta,The Pakubuwono Menteng,2026-05-20 01:03:22,171,171,73,154,,,,,62,29.8,,,
Depok,Cinere - Nafas,2026-05-20 01:03:34,172,172,77,154,,,,,0,0,,,
Bogor,Kabupaten Bogor Leuwiliang,2026-05-20 00:00:00,76,76,40,,4,10,0,72,,,,,
Tangerang,Tangerang Pasir Jaya,2026-05-14 14:00:00,-,95,49,,59,63,0,65,,,,,
Bekasi,Bekasi Kayuringin,2026-05-20 00:00:00,67,67,36,,47,13,0,2,,,,,
Jakarta,The Pakubuwono Menteng,2026-05-20 01:03:22,171,171,73,154,,,,,62,29.8,,,
Depok,Cinere - Nafas,2026-05-20 01:03:34,172,172,77,154,,,,,0,0,,,
Bogor,Kabupaten Bogor Leuwiliang,2026-05-20 00:00:00,76,76,40,,4,10,0,72,,,,,
Tangerang,Tangerang Pasir Jaya,2026-05-14 14:00:00,-,95,49,,59,63,0,65,,,,,
Bekasi,Bekasi Kayuringin,2026-05-20 00:00:00,67,67,36,,47,13,0,2,,,,,
Jakarta,The Pakubuwono Menteng,2026-05-20 01:05:22,170,170,72,154,,,,,62,29.7,,,
Depok,Cinere - Nafas,2026-05-20 01:05:35,172,172,76,155,,,,,0,0,,,
Bogor,Kabupaten Bogor Leuwiliang,2026-05-20 00:00:00,76,76,40,,4,10,0,72,,,,,
Tangerang,Tangerang Pasir Jaya,2026-05-14 14:00:00,-,95,49,,59,63,0,65,,,,,
Bekasi,Bekasi Kayuringin,2026-05-20 00:00:00,67,67,36,,47,13,0,2,,,,,
Jakarta,The Pakubuwono Menteng,2026-05-20 01:06:22,168,168,71,154,,,,,63,29.7,,,
Depok,Cinere - Nafas,2026-05-20 01:06:32,171,171,76,154,,,,,0,0,,,
Bogor,Kabupaten Bogor Leuwiliang,2026-05-20 00:00:00,76,76,40,,4,10,0,72,,,,,
Tangerang,Tangerang Pasir Jaya,2026-05-14 14:00:00,-,95,49,,59,63,0,65,,,,,
Bekasi,Bekasi Kayuringin,2026-05-20 00:00:00,67,67,36,,47,13,0,2,,,,,
Jakarta,The Pakubuwono Menteng,2026-05-20 01:06:22,168,168,71,154,,,,,63,29.7,,,
Depok,Cinere - Nafas,2026-05-20 01:06:32,171,171,76,154,,,,,0,0,,,
Bogor,Kabupaten Bogor Leuwiliang,2026-05-20 00:00:00,76,76,40,,4,10,0,72,,,,,
Tangerang,Tangerang Pasir Jaya,2026-05-14 14:00:00,-,95,49,,59,63,0,65,,,,,
Bekasi,Bekasi Kayuringin,2026-05-20 01:00:00,71,71,37,,47,13,0,2,,,,,
Jakarta,The Pakubuwono Menteng,2026-05-20 01:08:22,166,166,70,152,,,,,62,29.6,,,
Depok,Cinere - Nafas,2026-05-20 01:08:34,170,170,75,152,,,,,0,0,,,
Bogor,Kabupaten Bogor Leuwiliang,2026-05-20 01:00:00,77,77,41,,4,10,0,72,,,,,
Tangerang,Tangerang Pasir Jaya,2026-05-14 14:00:00,-,95,49,,59,63,0,65,,,,,
Bekasi,Bekasi Kayuringin,2026-05-20 01:00:00,71,71,37,,47,13,0,2,,,,,
Jakarta,The Pakubuwono Menteng,2026-05-20 01:10:22,162,162,64,144,,,,,62,29.5,,,
Depok,Cinere - Nafas,2026-05-20 01:10:33,169,169,73,152,,,,,0,0,,,
Bogor,Kabupaten Bogor Leuwiliang,2026-05-20 01:00:00,77,77,41,,4,10,0,72,,,,,
Tangerang,Tangerang Pasir Jaya,2026-05-14 14:00:00,-,95,49,,59,63,0,65,,,,,
Bekasi,Bekasi Kayuringin,2026-05-20 01:00:00,71,71,37,,47,13,0,2,,,,,
Jakarta,The Pakubuwono Menteng,2026-05-20 01:10:22,162,162,64,144,,,,,62,29.5,,,
Depok,Cinere - Nafas,2026-05-20 01:10:33,169,169,73,152,,,,,0,0,,,
Bogor,Kabupaten Bogor Leuwiliang,2026-05-20 01:00:00,77,77,41,,4,10,0,72,,,,,
Tangerang,Tangerang Pasir Jaya,2026-05-14 14:00:00,-,95,49,,59,63,0,65,,,,,
Bekasi,Bekasi Kayuringin,2026-05-20 01:00:00,71,71,37,,47,13,0,2,,,,,
Jakarta,The Pakubuwono Menteng,2026-05-20 01:12:22,158,158,61,126,,,,,62,29.4,,,
Depok,Cinere - Nafas,2026-05-20 01:12:31,168,168,72,151,,,,,0,0,,,
Bogor,Kabupaten Bogor Leuwiliang,2026-05-20 01:00:00,77,77,41,,4,10,0,72,,,,,
Tangerang,Tangerang Pasir Jaya,2026-05-14 14:00:00,-,95,49,,59,63,0,65,,,,,
Bekasi,Bekasi Kayuringin,2026-05-20 01:00:00,71,71,37,,47,13,0,2,,,,,
Jakarta,The Pakubuwono Menteng,2026-05-20 01:14:22,156,156,61,130,,,,,62,29.4,,,
Depok,Cinere - Nafas,2026-05-20 01:14:30,170,170,75,153,,,,,0,0,,,
Bogor,Kabupaten Bogor Leuwiliang,2026-05-20 01:00:00,77,77,41,,4,10,0,72,,,,,
Tangerang,Tangerang Pasir Jaya,2026-05-14 14:00:00,-,95,49,,59,63,0,65,,,,,
Bekasi,Bekasi Kayuringin,2026-05-20 01:00:00,71,71,37,,47,13,0,2,,,,,
Jakarta,The Pakubuwono Menteng,2026-05-20 01:14:22,156,156,61,130,,,,,62,29.4,,,
Depok,Cinere - Nafas,2026-05-20 01:14:30,170,170,75,153,,,,,0,0,,,
Bogor,Kabupaten Bogor Leuwiliang,2026-05-20 01:00:00,77,77,41,,4,10,0,72,,,,,
Tangerang,Tangerang Pasir Jaya,2026-05-14 14:00:00,-,95,49,,59,63,0,65,,,,,
Bekasi,Bekasi Kayuringin,2026-05-20 01:00:00,71,71,37,,47,13,0,2,,,,,
Jakarta,The Pakubuwono Menteng,2026-05-20 01:15:22,155,155,59,116,,,,,61,29.4,,,
Depok,Cinere - Nafas,2026-05-20 01:15:30,170,170,74,152,,,,,0,0,,,
Bogor,Kabupaten Bogor Leuwiliang,2026-05-20 01:00:00,77,77,41,,4,10,0,72,,,,,
Tangerang,Tangerang Pasir Jaya,2026-05-14 14:00:00,-,95,49,,59,63,0,65,,,,,
Bekasi,Bekasi Kayuringin,2026-05-20 01:00:00,71,71,37,,47,13,0,2,,,,,
Jakarta,The Pakubuwono Menteng,2026-05-20 01:15:22,155,155,59,116,,,,,61,29.4,,,
Depok,Cinere - Nafas,2026-05-20 01:15:30,170,170,74,152,,,,,0,0,,,
Bogor,Kabupaten Bogor Leuwiliang,2026-05-20 01:00:00,77,77,41,,4,10,0,72,,,,,
Tangerang,Tangerang Pasir Jaya,2026-05-14 14:00:00,-,95,49,,59,63,0,65,,,,,
Bekasi,Bekasi Kayuringin,2026-05-20 01:00:00,71,71,37,,47,13,0,2,,,,,
Jakarta,The Pakubuwono Menteng,2026-05-20 01:17:23,153,153,58,109,,,,,61,29.3,,,
Depok,Cinere - Nafas,2026-05-20 01:17:30,173,173,78,154,,,,,0,0,,,
Bogor,Kabupaten Bogor Leuwiliang,2026-05-20 01:00:00,77,77,41,,4,10,0,72,,,,,
Tangerang,Tangerang Pasir Jaya,2026-05-14 14:00:00,-,95,49,,59,63,0,65,,,,,
Bekasi,Bekasi Kayuringin,2026-05-20 01:00:00,71,71,37,,47,13,0,2,,,,,
Jakarta,The Pakubuwono Menteng,2026-05-20 01:19:22,152,152,58,114,,,,,61,29.3,,,
Depok,Cinere - Nafas,2026-05-20 01:19:33,171,171,75,153,,,,,0,0,,,
Bogor,Kabupaten Bogor Leuwiliang,2026-05-20 01:00:00,77,77,41,,4,10,0,72,,,,,
Tangerang,Tangerang Pasir Jaya,2026-05-14 14:00:00,-,95,49,,59,63,0,65,,,,,
Bekasi,Bekasi Kayuringin,2026-05-20 01:00:00,71,71,37,,47,13,0,2,,,,,
Jakarta,The Pakubuwono Menteng,2026-05-20 01:19:22,152,152,58,114,,,,,61,29.3,,,
Depok,Cinere - Nafas,2026-05-20 01:21:35,168,168,71,151,,,,,0,0,,,
Bogor,Kabupaten Bogor Leuwiliang,2026-05-20 01:00:00,77,77,41,,4,10,0,72,,,,,
Tangerang,Tangerang Pasir Jaya,2026-05-14 14:00:00,-,95,49,,59,63,0,65,,,,,
Bekasi,Bekasi Kayuringin,2026-05-20 01:00:00,71,71,37,,47,13,0,2,,,,,
Jakarta,The Pakubuwono Menteng,2026-05-20 01:21:22,157,157,60,125,,,,,62,29.3,,,
Depok,Cinere - Nafas,2026-05-20 01:21:35,168,168,71,151,,,,,0,0,,,
Bogor,Kabupaten Bogor Leuwiliang,2026-05-20 01:00:00,77,77,41,,4,10,0,72,,,,,
Tangerang,Tangerang Pasir Jaya,2026-05-14 14:00:00,-,95,49,,59,63,0,65,,,,,
Bekasi,Bekasi Kayuringin,2026-05-20 01:00:00,71,71,37,,47,13,0,2,,,,,
Jakarta,The Pakubuwono Menteng,2026-05-20 01:23:22,158,158,61,127,,,,,62,29.2,,,
Depok,Cinere - Nafas,2026-05-20 01:23:33,168,168,71,152,,,,,0,0,,,
Bogor,Kabupaten Bogor Leuwiliang,2026-05-20 01:00:00,77,77,41,,4,10,0,72,,,,,
Tangerang,Tangerang Pasir Jaya,2026-05-14 14:00:00,-,95,49,,59,63,0,65,,,,,
Bekasi,Bekasi Kayuringin,2026-05-20 01:00:00,71,71,37,,47,13,0,2,,,,,
Jakarta,The Pakubuwono Menteng,2026-05-20 01:25:22,160,160,62,136,,,,,63,29.2,,,
Depok,Cinere - Nafas,2026-05-20 01:25:33,166,166,71,150,,,,,0,0,,,
Bogor,Kabupaten Bogor Leuwiliang,2026-05-20 01:00:00,77,77,41,,4,10,0,72,,,,,
Tangerang,Tangerang Pasir Jaya,2026-05-14 14:00:00,-,95,49,,59,63,0,65,,,,,
Bekasi,Bekasi Kayuringin,2026-05-20 01:00:00,71,71,37,,47,13,0,2,,,,,
Jakarta,The Pakubuwono Menteng,2026-05-20 01:25:22,160,160,62,136,,,,,63,29.2,,,
Depok,Cinere - Nafas,2026-05-20 01:25:33,166,166,71,150,,,,,0,0,,,
Bogor,Kabupaten Bogor Leuwiliang,2026-05-20 01:00:00,77,77,41,,4,10,0,72,,,,,
Tangerang,Tangerang Pasir Jaya,2026-05-14 14:00:00,-,95,49,,59,63,0,65,,,,,
Bekasi,Bekasi Kayuringin,2026-05-20 01:00:00,71,71,37,,47,13,0,2,,,,,
Jakarta,The Pakubuwono Menteng,2026-05-20 01:27:23,162,162,66,140,,,,,63,29.1,,,
Depok,Cinere - Nafas,2026-05-20 01:27:33,166,166,70,143,,,,,0,0,,,
Bogor,Kabupaten Bogor Leuwiliang,2026-05-20 01:00:00,77,77,41,,4,10,0,72,,,,,
Tangerang,Tangerang Pasir Jaya,2026-05-14 14:00:00,-,95,49,,59,63,0,65,,,,,
Bekasi,Bekasi Kayuringin,2026-05-20 01:00:00,71,71,37,,47,13,0,2,,,,,
Jakarta,The Pakubuwono Menteng,2026-05-20 01:28:23,161,161,62,140,,,,,63,29.1,,,
Depok,Cinere - Nafas,2026-05-20 01:28:36,163,163,66,148,,,,,0,0,,,
Bogor,Kabupaten Bogor Leuwiliang,2026-05-20 01:00:00,77,77,41,,4,10,0,72,,,,,
Tangerang,Tangerang Pasir Jaya,2026-05-14 14:00:00,-,95,49,,59,63,0,65,,,,,
Bekasi,Bekasi Kayuringin,2026-05-20 01:00:00,71,71,37,,47,13,0,2,,,,,
Jakarta,The Pakubuwono Menteng,2026-05-20 01:28:23,161,161,62,140,,,,,63,29.1,,,
Depok,Cinere - Nafas,2026-05-20 01:28:36,163,163,66,148,,,,,0,0,,,
Bogor,Kabupaten Bogor Leuwiliang,2026-05-20 01:00:00,77,77,41,,4,10,0,72,,,,,
Tangerang,Tangerang Pasir Jaya,2026-05-14 14:00:00,-,95,49,,59,63,0,65,,,,,
Bekasi,Bekasi Kayuringin,2026-05-20 01:00:00,71,71,37,,47,13,0,2,,,,,
Jakarta,The Pakubuwono Menteng,2026-05-20 01:30:23,166,166,68,145,,,,,63,29.1,,,
Depok,Cinere - Nafas,2026-05-20 01:30:34,163,163,65,139,,,,,0,0,,,
Bogor,Kabupaten Bogor Leuwiliang,2026-05-20 01:00:00,77,77,41,,4,10,0,72,,,,,
Tangerang,Tangerang Pasir Jaya,2026-05-14 14:00:00,-,95,49,,59,63,0,65,,,,,
Bekasi,Bekasi Kayuringin,2026-05-20 01:00:00,71,71,37,,47,13,0,2,,,,,
Jakarta,The Pakubuwono Menteng,2026-05-20 01:30:23,166,166,68,145,,,,,63,29.1,,,
Depok,Cinere - Nafas,2026-05-20 01:30:34,163,163,65,139,,,,,0,0,,,
Bogor,Kabupaten Bogor Leuwiliang,2026-05-20 01:00:00,77,77,41,,4,10,0,72,,,,,
Tangerang,Tangerang Pasir Jaya,2026-05-14 14:00:00,-,95,49,,59,63,0,65,,,,,
Bekasi,Bekasi Kayuringin,2026-05-20 01:00:00,71,71,37,,47,13,0,2,,,,,
Jakarta,The Pakubuwono Menteng,2026-05-20 01:32:23,163,163,65,148,,,,,63,29.1,,,
Depok,Cinere - Nafas,2026-05-20 01:34:34,160,160,62,136,,,,,0,0,,,
Bogor,Kabupaten Bogor Leuwiliang,2026-05-20 01:00:00,77,77,41,,4,10,0,72,,,,,
Tangerang,Tangerang Pasir Jaya,2026-05-14 14:00:00,-,95,49,,59,63,0,65,,,,,
Bekasi,Bekasi Kayuringin,2026-05-20 01:00:00,71,71,37,,47,13,0,2,,,,,
Jakarta,The Pakubuwono Menteng,2026-05-20 01:34:23,162,162,65,146,,,,,63,29.2,,,
Depok,Cinere - Nafas,2026-05-20 01:34:34,160,160,62,136,,,,,0,0,,,
Bogor,Kabupaten Bogor Leuwiliang,2026-05-20 01:00:00,77,77,41,,4,10,0,72,,,,,
Tangerang,Tangerang Pasir Jaya,2026-05-14 14:00:00,-,95,49,,59,63,0,65,,,,,
Bekasi,Bekasi Kayuringin,2026-05-20 01:00:00,71,71,37,,47,13,0,2,,,,,
Jakarta,The Pakubuwono Menteng,2026-05-20 01:35:23,163,163,64,144,,,,,63,29.2,,,
Depok,Cinere - Nafas,2026-05-20 01:35:34,162,162,65,136,,,,,0,0,,,
Bogor,Kabupaten Bogor Leuwiliang,2026-05-20 01:00:00,77,77,41,,4,10,0,72,,,,,
Tangerang,Tangerang Pasir Jaya,2026-05-14 14:00:00,-,95,49,,59,63,0,65,,,,,
Bekasi,Bekasi Kayuringin,2026-05-20 01:00:00,71,71,37,,47,13,0,2,,,,,
Jakarta,The Pakubuwono Menteng,2026-05-20 01:35:23,163,163,64,144,,,,,63,29.2,,,
Depok,Cinere - Nafas,2026-05-20 01:35:34,162,162,65,136,,,,,0,0,,,
Bogor,Kabupaten Bogor Leuwiliang,2026-05-20 01:00:00,77,77,41,,4,10,0,72,,,,,
Tangerang,Tangerang Pasir Jaya,2026-05-14 14:00:00,-,95,49,,59,63,0,65,,,,,
Bekasi,Bekasi Kayuringin,2026-05-20 01:00:00,71,71,37,,47,13,0,2,,,,,
Jakarta,The Pakubuwono Menteng,2026-05-20 01:37:23,165,165,67,150,,,,,63,29.2,,,
Depok,Cinere - Nafas,2026-05-20 01:37:36,160,160,64,133,,,,,0,0,,,
Bogor,Kabupaten Bogor Leuwiliang,2026-05-20 01:00:00,77,77,41,,4,10,0,72,,,,,
Tangerang,Tangerang Pasir Jaya,2026-05-14 14:00:00,-,95,49,,59,63,0,65,,,,,
Bekasi,Bekasi Kayuringin,2026-05-20 01:00:00,71,71,37,,47,13,0,2,,,,,
Jakarta,The Pakubuwono Menteng,2026-05-20 01:39:23,165,165,67,150,,,,,63,29.2,,,
Depok,Cinere - Nafas,2026-05-20 01:39:33,159,159,62,132,,,,,0,0,,,
Bogor,Kabupaten Bogor Leuwiliang,2026-05-20 01:00:00,77,77,41,,4,10,0,72,,,,,
Tangerang,Tangerang Pasir Jaya,2026-05-14 14:00:00,-,95,49,,59,63,0,65,,,,,
Bekasi,Bekasi Kayuringin,2026-05-20 01:00:00,71,71,37,,47,13,0,2,,,,,
Jakarta,The Pakubuwono Menteng,2026-05-20 01:39:23,165,165,67,150,,,,,63,29.2,,,
Depok,Cinere - Nafas,2026-05-20 01:39:33,159,159,62,132,,,,,0,0,,,
Bogor,Kabupaten Bogor Leuwiliang,2026-05-20 01:00:00,77,77,41,,4,10,0,72,,,,,
Tangerang,Tangerang Pasir Jaya,2026-05-14 14:00:00,-,95,49,,59,63,0,65,,,,,
Bekasi,Bekasi Kayuringin,2026-05-20 01:00:00,71,71,37,,47,13,0,2,,,,,
Jakarta,The Pakubuwono Menteng,2026-05-20 01:41:23,153,153,58,111,,,,,62,29.2,,,
Depok,Cinere - Nafas,2026-05-20 01:41:33,161,161,63,133,,,,,0,0,,,
Bogor,Kabupaten Bogor Leuwiliang,2026-05-20 01:00:00,77,77,41,,4,10,0,72,,,,,
Tangerang,Tangerang Pasir Jaya,2026-05-14 14:00:00,-,95,49,,59,63,0,65,,,,,
Bekasi,Bekasi Kayuringin,2026-05-20 01:00:00,71,71,37,,47,13,0,2,,,,,
Jakarta,The Pakubuwono Menteng,2026-05-20 01:41:23,153,153,58,111,,,,,62,29.2,,,
Depok,Cinere - Nafas,2026-05-20 01:41:33,161,161,63,133,,,,,0,0,,,
Bogor,Kabupaten Bogor Leuwiliang,2026-05-20 01:00:00,77,77,41,,4,10,0,72,,,,,
Tangerang,Tangerang Pasir Jaya,2026-05-14 14:00:00,-,95,49,,59,63,0,65,,,,,
Bekasi,Bekasi Kayuringin,2026-05-20 01:00:00,71,71,37,,47,13,0,2,,,,,
Jakarta,The Pakubuwono Menteng,2026-05-20 01:43:23,154,154,59,118,,,,,62,29.2,,,
Depok,Cinere - Nafas,2026-05-20 01:43:34,161,161,63,134,,,,,0,0,,,
Bogor,Kabupaten Bogor Leuwiliang,2026-05-20 01:00:00,77,77,41,,4,10,0,72,,,,,
Tangerang,Tangerang Pasir Jaya,2026-05-14 14:00:00,-,95,49,,59,63,0,65,,,,,
Bekasi,Bekasi Kayuringin,2026-05-20 01:00:00,71,71,37,,47,13,0,2,,,,,
Jakarta,The Pakubuwono Menteng,2026-05-20 01:44:23,159,159,61,135,,,,,63,29.2,,,
Depok,Cinere - Nafas,2026-05-20 01:44:37,160,160,63,136,,,,,0,0,,,
Bogor,Kabupaten Bogor Leuwiliang,2026-05-20 01:00:00,77,77,41,,4,10,0,72,,,,,
Tangerang,Tangerang Pasir Jaya,2026-05-14 14:00:00,-,95,49,,59,63,0,65,,,,,
Bekasi,Bekasi Kayuringin,2026-05-20 01:00:00,71,71,37,,47,13,0,2,,,,,
Jakarta,The Pakubuwono Menteng,2026-05-20 01:46:23,162,162,64,143,,,,,63,29.1,,,
Depok,Cinere - Nafas,2026-05-20 01:46:34,161,161,62,131,,,,,0,0,,,
Bogor,Kabupaten Bogor Leuwiliang,2026-05-20 01:00:00,77,77,41,,4,10,0,72,,,,,
Tangerang,Tangerang Pasir Jaya,2026-05-14 14:00:00,-,95,49,,59,63,0,65,,,,,
Bekasi,Bekasi Kayuringin,2026-05-20 01:00:00,71,71,37,,47,13,0,2,,,,,
Jakarta,The Pakubuwono Menteng,2026-05-20 01:46:23,162,162,64,143,,,,,63,29.1,,,
Depok,Cinere - Nafas,2026-05-20 01:46:34,161,161,62,131,,,,,0,0,,,
Bogor,Kabupaten Bogor Leuwiliang,2026-05-20 01:00:00,77,77,41,,4,10,0,72,,,,,
Tangerang,Tangerang Pasir Jaya,2026-05-14 14:00:00,-,95,49,,59,63,0,65,,,,,
Bekasi,Bekasi Kayuringin,2026-05-20 01:00:00,71,71,37,,47,13,0,2,,,,,
Jakarta,The Pakubuwono Menteng,2026-05-20 01:48:23,163,163,66,143,,,,,64,29.1,,,
Depok,Cinere - Nafas,2026-05-20 01:48:33,160,160,62,133,,,,,0,0,,,
Bogor,Kabupaten Bogor Leuwiliang,2026-05-20 01:00:00,77,77,41,,4,10,0,72,,,,,
Tangerang,Tangerang Pasir Jaya,2026-05-14 14:00:00,-,95,49,,59,63,0,65,,,,,
Bekasi,Bekasi Kayuringin,2026-05-20 01:00:00,71,71,37,,47,13,0,2,,,,,
Jakarta,The Pakubuwono Menteng,2026-05-20 01:50:23,161,161,64,136,,,,,64,29,,,
Depok,Cinere - Nafas,2026-05-20 01:50:34,161,161,64,135,,,,,0,0,,,
Bogor,Kabupaten Bogor Leuwiliang,2026-05-20 01:00:00,77,77,41,,4,10,0,72,,,,,
Tangerang,Tangerang Pasir Jaya,2026-05-14 14:00:00,-,95,49,,59,63,0,65,,,,,
Bekasi,Bekasi Kayuringin,2026-05-20 01:00:00,71,71,37,,47,13,0,2,,,,,
Jakarta,The Pakubuwono Menteng,2026-05-20 01:50:23,161,161,64,136,,,,,64,29,,,
Depok,Cinere - Nafas,2026-05-20 01:50:34,161,161,64,135,,,,,0,0,,,
Bogor,Kabupaten Bogor Leuwiliang,2026-05-20 01:00:00,77,77,41,,4,10,0,72,,,,,
Tangerang,Tangerang Pasir Jaya,2026-05-14 14:00:00,-,95,49,,59,63,0,65,,,,,
Bekasi,Bekasi Kayuringin,2026-05-20 01:00:00,71,71,37,,47,13,0,2,,,,,
Jakarta,The Pakubuwono Menteng,2026-05-20 01:52:23,154,154,59,116,,,,,63,29,,,
Depok,Cinere - Nafas,2026-05-20 01:52:35,160,160,64,134,,,,,0,0,,,
Bogor,Kabupaten Bogor Leuwiliang,2026-05-20 01:00:00,77,77,41,,4,10,0,72,,,,,
Tangerang,Tangerang Pasir Jaya,2026-05-14 14:00:00,-,95,49,,59,63,0,65,,,,,
Bekasi,Bekasi Kayuringin,2026-05-20 01:00:00,71,71,37,,47,13,0,2,,,,,
Jakarta,The Pakubuwono Menteng,2026-05-20 01:52:23,154,154,59,116,,,,,63,29,,,
Depok,Cinere - Nafas,2026-05-20 01:52:35,160,160,64,134,,,,,0,0,,,
Bogor,Kabupaten Bogor Leuwiliang,2026-05-20 01:00:00,77,77,41,,4,10,0,72,,,,,
Tangerang,Tangerang Pasir Jaya,2026-05-14 14:00:00,-,95,49,,59,63,0,65,,,,,
Bekasi,Bekasi Kayuringin,2026-05-20 01:00:00,71,71,37,,47,13,0,2,,,,,
Jakarta,The Pakubuwono Menteng,2026-05-20 01:53:23,151,151,57,105,,,,,63,28.9,,,
Depok,Cinere - Nafas,2026-05-20 01:53:36,162,162,67,135,,,,,0,0,,,
Bogor,Kabupaten Bogor Leuwiliang,2026-05-20 01:00:00,77,77,41,,4,10,0,72,,,,,
Tangerang,Tangerang Pasir Jaya,2026-05-14 14:00:00,-,95,49,,59,63,0,65,,,,,
Bekasi,Bekasi Kayuringin,2026-05-20 01:00:00,71,71,37,,47,13,0,2,,,,,
Jakarta,The Pakubuwono Menteng,2026-05-20 01:53:23,151,151,57,105,,,,,63,28.9,,,
Depok,Cinere - Nafas,2026-05-20 01:56:34,162,162,65,135,,,,,0,0,,,
Bogor,Kabupaten Bogor Leuwiliang,2026-05-20 01:00:00,77,77,41,,4,10,0,72,,,,,
Tangerang,Tangerang Pasir Jaya,2026-05-14 14:00:00,-,95,49,,59,63,0,65,,,,,
Bekasi,Bekasi Kayuringin,2026-05-20 01:00:00,71,71,37,,47,13,0,2,,,,,
Jakarta,The Pakubuwono Menteng,2026-05-20 01:57:23,141,141,55,96,,,,,62,28.8,,,
Depok,Cinere - Nafas,2026-05-20 01:57:35,161,161,63,132,,,,,0,0,,,
Bogor,Kabupaten Bogor Leuwiliang,2026-05-20 01:00:00,77,77,41,,4,10,0,72,,,,,
Tangerang,Tangerang Pasir Jaya,2026-05-14 14:00:00,-,95,49,,59,63,0,65,,,,,
Bekasi,Bekasi Kayuringin,2026-05-20 01:00:00,71,71,37,,47,13,0,2,,,,,
Jakarta,The Pakubuwono Menteng,2026-05-20 01:57:23,141,141,55,96,,,,,62,28.8,,,
Depok,Cinere - Nafas,2026-05-20 01:57:35,161,161,63,132,,,,,0,0,,,
Bogor,Kabupaten Bogor Leuwiliang,2026-05-20 01:00:00,77,77,41,,4,10,0,72,,,,,
Tangerang,Tangerang Pasir Jaya,2026-05-14 14:00:00,-,95,49,,59,63,0,65,,,,,
Bekasi,Bekasi Kayuringin,2026-05-20 01:00:00,71,71,37,,47,13,0,2,,,,,
Jakarta,The Pakubuwono Menteng,2026-05-20 01:59:23,136,136,53,94,,,,,62,28.7,,,
Depok,Cinere - Nafas,2026-05-20 01:59:36,160,160,62,128,,,,,0,0,,,
Bogor,Kabupaten Bogor Leuwiliang,2026-05-20 01:00:00,77,77,41,,4,10,0,72,,,,,
Tangerang,Tangerang Pasir Jaya,2026-05-14 14:00:00,-,95,49,,59,63,0,65,,,,,
Bekasi,Bekasi Kayuringin,2026-05-20 01:00:00,71,71,37,,47,13,0,2,,,,,
Jakarta,The Pakubuwono Menteng,2026-05-20 01:59:23,136,136,53,94,,,,,62,28.7,,,
Depok,Cinere - Nafas,2026-05-20 01:59:36,160,160,62,128,,,,,0,0,,,
Bogor,Kabupaten Bogor Leuwiliang,2026-05-20 01:00:00,77,77,41,,4,10,0,72,,,,,
Tangerang,Tangerang Pasir Jaya,2026-05-14 14:00:00,-,95,49,,59,63,0,65,,,,,
Bekasi,Bekasi Kayuringin,2026-05-20 01:00:00,71,71,37,,47,13,0,2,,,,,
Jakarta,The Pakubuwono Menteng,2026-05-20 02:01:23,123,123,50,85,,,,,61,28.7,,,
Depok,Cinere - Nafas,2026-05-20 02:01:36,160,160,63,131,,,,,0,0,,,
Bogor,Kabupaten Bogor Leuwiliang,2026-05-20 01:00:00,77,77,41,,4,10,0,72,,,,,
Tangerang,Tangerang Pasir Jaya,2026-05-14 14:00:00,-,95,49,,59,63,0,65,,,,,
Bekasi,Bekasi Kayuringin,2026-05-20 01:00:00,71,71,37,,47,13,0,2,,,,,
Jakarta,The Pakubuwono Menteng,2026-05-20 02:03:23,121,121,50,86,,,,,61,28.6,,,
Depok,Cinere - Nafas,2026-05-20 02:03:33,159,159,62,129,,,,,0,0,,,
Bogor,Kabupaten Bogor Leuwiliang,2026-05-20 01:00:00,77,77,41,,4,10,0,72,,,,,
Tangerang,Tangerang Pasir Jaya,2026-05-14 14:00:00,-,95,49,,59,63,0,65,,,,,
Bekasi,Bekasi Kayuringin,2026-05-20 01:00:00,71,71,37,,47,13,0,2,,,,,
Jakarta,The Pakubuwono Menteng,2026-05-20 02:03:23,121,121,50,86,,,,,61,28.6,,,
Depok,Cinere - Nafas,2026-05-20 02:03:33,159,159,62,129,,,,,0,0,,,
Bogor,Kabupaten Bogor Leuwiliang,2026-05-20 01:00:00,77,77,41,,4,10,0,72,,,,,
Tangerang,Tangerang Pasir Jaya,2026-05-14 14:00:00,-,95,49,,59,63,0,65,,,,,
Bekasi,Bekasi Kayuringin,2026-05-20 01:00:00,71,71,37,,47,13,0,2,,,,,
Jakarta,The Pakubuwono Menteng,2026-05-20 02:05:23,122,122,50,86,,,,,61,28.6,,,
Depok,Cinere - Nafas,2026-05-20 02:05:35,157,157,61,124,,,,,0,0,,,
Bogor,Kabupaten Bogor Leuwiliang,2026-05-20 01:00:00,77,77,41,,4,10,0,72,,,,,
Tangerang,Tangerang Pasir Jaya,2026-05-14 14:00:00,-,95,49,,59,63,0,65,,,,,
Bekasi,Bekasi Kayuringin,2026-05-20 01:00:00,71,71,37,,47,13,0,2,,,,,
Jakarta,The Pakubuwono Menteng,2026-05-20 02:06:23,123,123,50,88,,,,,61,28.5,,,
Depok,Cinere - Nafas,2026-05-20 02:06:33,156,156,61,121,,,,,0,0,,,
Bogor,Kabupaten Bogor Leuwiliang,2026-05-20 01:00:00,77,77,41,,4,10,0,72,,,,,
Tangerang,Tangerang Pasir Jaya,2026-05-14 14:00:00,-,95,49,,59,63,0,65,,,,,
Bekasi,Bekasi Kayuringin,2026-05-20 01:00:00,71,71,37,,47,13,0,2,,,,,
Jakarta,The Pakubuwono Menteng,2026-05-20 02:06:23,123,123,50,88,,,,,61,28.5,,,
Depok,Cinere - Nafas,2026-05-20 02:08:37,156,156,61,124,,,,,0,0,,,
Bogor,Kabupaten Bogor Leuwiliang,2026-05-20 02:00:00,79,79,42,,4,10,0,72,,,,,
Tangerang,Tangerang Pasir Jaya,2026-05-14 14:00:00,-,95,49,,59,63,0,65,,,,,
Bekasi,Bekasi Kayuringin,2026-05-20 02:00:00,72,72,37,,48,13,0,2,,,,,
Jakarta,The Pakubuwono Menteng,2026-05-20 02:08:23,127,127,51,89,,,,,62,28.5,,,
Depok,Cinere - Nafas,2026-05-20 02:08:37,156,156,61,124,,,,,0,0,,,
Bogor,Kabupaten Bogor Leuwiliang,2026-05-20 02:00:00,79,79,42,,4,10,0,72,,,,,
Tangerang,Tangerang Pasir Jaya,2026-05-14 14:00:00,-,95,49,,59,63,0,65,,,,,
Bekasi,Bekasi Kayuringin,2026-05-20 02:00:00,72,72,37,,48,13,0,2,,,,,
Jakarta,The Pakubuwono Menteng,2026-05-20 02:10:23,126,126,51,89,,,,,62,28.4,,,
Depok,Cinere - Nafas,2026-05-20 02:10:34,156,156,61,121,,,,,0,0,,,
Bogor,Kabupaten Bogor Leuwiliang,2026-05-20 02:00:00,79,79,42,,4,10,0,72,,,,,
Tangerang,Tangerang Pasir Jaya,2026-05-14 14:00:00,-,95,49,,59,63,0,65,,,,,
Bekasi,Bekasi Kayuringin,2026-05-20 02:00:00,72,72,37,,48,13,0,2,,,,,
Jakarta,The Pakubuwono Menteng,2026-05-20 02:11:24,128,128,51,88,,,,,62,28.4,,,
Depok,Cinere - Nafas,2026-05-20 02:11:33,157,157,61,121,,,,,0,0,,,
Bogor,Kabupaten Bogor Leuwiliang,2026-05-20 02:00:00,79,79,42,,4,10,0,72,,,,,
Tangerang,Tangerang Pasir Jaya,2026-05-14 14:00:00,-,95,49,,59,63,0,65,,,,,
Bekasi,Bekasi Kayuringin,2026-05-20 02:00:00,72,72,37,,48,13,0,2,,,,,
Jakarta,The Pakubuwono Menteng,2026-05-20 02:11:24,128,128,51,88,,,,,62,28.4,,,
Depok,Cinere - Nafas,2026-05-20 02:11:33,157,157,61,121,,,,,0,0,,,
Bogor,Kabupaten Bogor Leuwiliang,2026-05-20 02:00:00,79,79,42,,4,10,0,72,,,,,
Tangerang,Tangerang Pasir Jaya,2026-05-14 14:00:00,-,95,49,,59,63,0,65,,,,,
Bekasi,Bekasi Kayuringin,2026-05-20 02:00:00,72,72,37,,48,13,0,2,,,,,
Jakarta,The Pakubuwono Menteng,2026-05-20 02:12:23,125,125,50,88,,,,,62,28.4,,,
Depok,Cinere - Nafas,2026-05-20 02:12:34,157,157,61,124,,,,,0,0,,,
Bogor,Kabupaten Bogor Leuwiliang,2026-05-20 02:00:00,79,79,42,,4,10,0,72,,,,,
Tangerang,Tangerang Pasir Jaya,2026-05-14 14:00:00,-,95,49,,59,63,0,65,,,,,
Bekasi,Bekasi Kayuringin,2026-05-20 02:00:00,72,72,37,,48,13,0,2,,,,,
Jakarta,The Pakubuwono Menteng,2026-05-20 02:12:23,125,125,50,88,,,,,62,28.4,,,
Depok,Cinere - Nafas,2026-05-20 02:12:34,157,157,61,124,,,,,0,0,,,
Bogor,Kabupaten Bogor Leuwiliang,2026-05-20 02:00:00,79,79,42,,4,10,0,72,,,,,
Tangerang,Tangerang Pasir Jaya,2026-05-14 14:00:00,-,95,49,,59,63,0,65,,,,,
Bekasi,Bekasi Kayuringin,2026-05-20 02:00:00,72,72,37,,48,13,0,2,,,,,
Jakarta,The Pakubuwono Menteng,2026-05-20 02:12:23,125,125,50,88,,,,,62,28.4,,,
Depok,Cinere - Nafas,2026-05-20 02:12:34,157,157,61,124,,,,,0,0,,,
Bogor,Kabupaten Bogor Leuwiliang,2026-05-20 02:00:00,79,79,42,,4,10,0,72,,,,,
Tangerang,Tangerang Pasir Jaya,2026-05-14 14:00:00,-,95,49,,59,63,0,65,,,,,
Bekasi,Bekasi Kayuringin,2026-05-20 02:00:00,72,72,37,,48,13,0,2,,,,,
Jakarta,The Pakubuwono Menteng,2026-05-20 02:17:24,141,141,55,96,,,,,63,28.4,,,
Depok,Cinere - Nafas,2026-05-20 02:17:36,156,156,61,119,,,,,0,0,,,
Bogor,Kabupaten Bogor Leuwiliang,2026-05-20 02:00:00,79,79,42,,4,10,0,72,,,,,
Tangerang,Tangerang Pasir Jaya,2026-05-14 14:00:00,-,95,49,,59,63,0,65,,,,,
Bekasi,Bekasi Kayuringin,2026-05-20 02:00:00,72,72,37,,48,13,0,2,,,,,
Jakarta,The Pakubuwono Menteng,2026-05-20 02:17:24,141,141,55,96,,,,,63,28.4,,,
Depok,Cinere - Nafas,2026-05-20 02:17:36,156,156,61,119,,,,,0,0,,,
Bogor,Kabupaten Bogor Leuwiliang,2026-05-20 02:00:00,79,79,42,,4,10,0,72,,,,,
Tangerang,Tangerang Pasir Jaya,2026-05-14 14:00:00,-,95,49,,59,63,0,65,,,,,
Bekasi,Bekasi Kayuringin,2026-05-20 02:00:00,72,72,37,,48,13,0,2,,,,,
Jakarta,The Pakubuwono Menteng,2026-05-20 02:21:24,136,136,54,94,,,,,62,28.4,,,
Depok,Cinere - Nafas,2026-05-20 02:21:35,155,155,60,116,,,,,0,0,,,
Bogor,Kabupaten Bogor Leuwiliang,2026-05-20 02:00:00,79,79,42,,4,10,0,72,,,,,
Tangerang,Tangerang Pasir Jaya,2026-05-14 14:00:00,-,95,49,,59,63,0,65,,,,,
Bekasi,Bekasi Kayuringin,2026-05-20 02:00:00,72,72,37,,48,13,0,2,,,,,
Jakarta,The Pakubuwono Menteng,2026-05-20 02:21:24,136,136,54,94,,,,,62,28.4,,,
Depok,Cinere - Nafas,2026-05-20 02:21:35,155,155,60,116,,,,,0,0,,,
Bogor,Kabupaten Bogor Leuwiliang,2026-05-20 02:00:00,79,79,42,,4,10,0,72,,,,,
Tangerang,Tangerang Pasir Jaya,2026-05-14 14:00:00,-,95,49,,59,63,0,65,,,,,
Bekasi,Bekasi Kayuringin,2026-05-20 02:00:00,72,72,37,,48,13,0,2,,,,,
Jakarta,The Pakubuwono Menteng,2026-05-20 02:22:24,135,135,53,94,,,,,62,28.4,,,
Depok,Cinere - Nafas,2026-05-20 02:22:34,155,155,59,115,,,,,0,0,,,
Bogor,Kabupaten Bogor Leuwiliang,2026-05-20 02:00:00,79,79,42,,4,10,0,72,,,,,
Tangerang,Tangerang Pasir Jaya,2026-05-14 14:00:00,-,95,49,,59,63,0,65,,,,,
Bekasi,Bekasi Kayuringin,2026-05-20 02:00:00,72,72,37,,48,13,0,2,,,,,
Jakarta,The Pakubuwono Menteng,2026-05-20 02:22:24,135,135,53,94,,,,,62,28.4,,,
Depok,Cinere - Nafas,2026-05-20 02:22:34,155,155,59,115,,,,,0,0,,,
Bogor,Kabupaten Bogor Leuwiliang,2026-05-20 02:00:00,79,79,42,,4,10,0,72,,,,,
Tangerang,Tangerang Pasir Jaya,2026-05-14 14:00:00,-,95,49,,59,63,0,65,,,,,
Bekasi,Bekasi Kayuringin,2026-05-20 02:00:00,72,72,37,,48,13,0,2,,,,,
Jakarta,The Pakubuwono Menteng,2026-05-20 02:24:24,131,131,52,93,,,,,62,28.4,,,
Depok,Cinere - Nafas,2026-05-20 02:25:36,155,155,60,118,,,,,0,0,,,
Bogor,Kabupaten Bogor Leuwiliang,2026-05-20 02:00:00,79,79,42,,4,10,0,72,,,,,
Tangerang,Tangerang Pasir Jaya,2026-05-14 14:00:00,-,95,49,,59,63,0,65,,,,,
Bekasi,Bekasi Kayuringin,2026-05-20 02:00:00,72,72,37,,48,13,0,2,,,,,
Jakarta,The Pakubuwono Menteng,2026-05-20 02:26:24,123,123,49,87,,,,,61,28.4,,,
Depok,Cinere - Nafas,2026-05-20 02:26:35,154,154,59,116,,,,,0,0,,,
Bogor,Kabupaten Bogor Leuwiliang,2026-05-20 02:00:00,79,79,42,,4,10,0,72,,,,,
Tangerang,Tangerang Pasir Jaya,2026-05-14 14:00:00,-,95,49,,59,63,0,65,,,,,
Bekasi,Bekasi Kayuringin,2026-05-20 02:00:00,72,72,37,,48,13,0,2,,,,,
Jakarta,The Pakubuwono Menteng,2026-05-20 02:26:24,123,123,49,87,,,,,61,28.4,,,
Depok,Cinere - Nafas,2026-05-20 02:26:35,154,154,59,116,,,,,0,0,,,
Bogor,Kabupaten Bogor Leuwiliang,2026-05-20 02:00:00,79,79,42,,4,10,0,72,,,,,
Tangerang,Tangerang Pasir Jaya,2026-05-14 14:00:00,-,95,49,,59,63,0,65,,,,,
Bekasi,Bekasi Kayuringin,2026-05-20 02:00:00,72,72,37,,48,13,0,2,,,,,
Jakarta,The Pakubuwono Menteng,2026-05-20 02:28:24,121,121,49,86,,,,,61,28.4,,,
Depok,Cinere - Nafas,2026-05-20 02:28:34,155,155,61,116,,,,,0,0,,,
Bogor,Kabupaten Bogor Leuwiliang,2026-05-20 02:00:00,79,79,42,,4,10,0,72,,,,,
Tangerang,Tangerang Pasir Jaya,2026-05-14 14:00:00,-,95,49,,59,63,0,65,,,,,
Bekasi,Bekasi Kayuringin,2026-05-20 02:00:00,72,72,37,,48,13,0,2,,,,,
Jakarta,The Pakubuwono Menteng,2026-05-20 02:28:24,121,121,49,86,,,,,61,28.4,,,
Depok,Cinere - Nafas,2026-05-20 02:28:34,155,155,61,116,,,,,0,0,,,
Bogor,Kabupaten Bogor Leuwiliang,2026-05-20 02:00:00,79,79,42,,4,10,0,72,,,,,
Tangerang,Tangerang Pasir Jaya,2026-05-14 14:00:00,-,95,49,,59,63,0,65,,,,,
Bekasi,Bekasi Kayuringin,2026-05-20 02:00:00,72,72,37,,48,13,0,2,,,,,
Jakarta,The Pakubuwono Menteng,2026-05-20 02:30:24,126,126,50,90,,,,,61,28.4,,,
Depok,Cinere - Nafas,2026-05-20 02:30:33,154,154,59,116,,,,,0,0,,,
Bogor,Kabupaten Bogor Leuwiliang,2026-05-20 02:00:00,79,79,42,,4,10,0,72,,,,,
Tangerang,Tangerang Pasir Jaya,2026-05-14 14:00:00,-,95,49,,59,63,0,65,,,,,
Bekasi,Bekasi Kayuringin,2026-05-20 02:00:00,72,72,37,,48,13,0,2,,,,,
Jakarta,The Pakubuwono Menteng,2026-05-20 02:32:24,128,128,51,90,,,,,61,28.4,,,
Depok,Cinere - Nafas,2026-05-20 02:32:35,153,153,59,114,,,,,0,0,,,
Bogor,Kabupaten Bogor Leuwiliang,2026-05-20 02:00:00,79,79,42,,4,10,0,72,,,,,
Tangerang,Tangerang Pasir Jaya,2026-05-14 14:00:00,-,95,49,,59,63,0,65,,,,,
Bekasi,Bekasi Kayuringin,2026-05-20 02:00:00,72,72,37,,48,13,0,2,,,,,
Jakarta,The Pakubuwono Menteng,2026-05-20 02:34:24,129,129,51,90,,,,,62,28.4,,,
Depok,Cinere - Nafas,2026-05-20 02:34:36,153,153,59,111,,,,,0,0,,,
Bogor,Kabupaten Bogor Leuwiliang,2026-05-20 02:00:00,79,79,42,,4,10,0,72,,,,,
Tangerang,Tangerang Pasir Jaya,2026-05-14 14:00:00,-,95,49,,59,63,0,65,,,,,
Bekasi,Bekasi Kayuringin,2026-05-20 02:00:00,72,72,37,,48,13,0,2,,,,,
Jakarta,The Pakubuwono Menteng,2026-05-20 02:34:24,129,129,51,90,,,,,62,28.4,,,
Depok,Cinere - Nafas,2026-05-20 02:34:36,153,153,59,111,,,,,0,0,,,
Bogor,Kabupaten Bogor Leuwiliang,2026-05-20 02:00:00,79,79,42,,4,10,0,72,,,,,
Tangerang,Tangerang Pasir Jaya,2026-05-14 14:00:00,-,95,49,,59,63,0,65,,,,,
Bekasi,Bekasi Kayuringin,2026-05-20 02:00:00,72,72,37,,48,13,0,2,,,,,
Jakarta,The Pakubuwono Menteng,2026-05-20 02:35:24,130,130,53,89,,,,,62,28.4,,,
Depok,Cinere - Nafas,2026-05-20 02:35:34,155,155,60,113,,,,,0,0,,,
Bogor,Kabupaten Bogor Leuwiliang,2026-05-20 02:00:00,79,79,42,,4,10,0,72,,,,,
Tangerang,Tangerang Pasir Jaya,2026-05-14 14:00:00,-,95,49,,59,63,0,65,,,,,
Bekasi,Bekasi Kayuringin,2026-05-20 02:00:00,72,72,37,,48,13,0,2,,,,,
Jakarta,The Pakubuwono Menteng,2026-05-20 02:35:24,130,130,53,89,,,,,62,28.4,,,
Depok,Cinere - Nafas,2026-05-20 02:35:34,155,155,60,113,,,,,0,0,,,
Bogor,Kabupaten Bogor Leuwiliang,2026-05-20 02:00:00,79,79,42,,4,10,0,72,,,,,
Tangerang,Tangerang Pasir Jaya,2026-05-14 14:00:00,-,95,49,,59,63,0,65,,,,,
Bekasi,Bekasi Kayuringin,2026-05-20 02:00:00,72,72,37,,48,13,0,2,,,,,
Jakarta,The Pakubuwono Menteng,2026-05-20 02:37:24,124,124,50,88,,,,,62,28.3,,,
Depok,Cinere - Nafas,2026-05-20 02:37:35,152,152,59,113,,,,,0,0,,,
Bogor,Kabupaten Bogor Leuwiliang,2026-05-20 02:00:00,79,79,42,,4,10,0,72,,,,,
Tangerang,Tangerang Pasir Jaya,2026-05-14 14:00:00,-,95,49,,59,63,0,65,,,,,
Bekasi,Bekasi Kayuringin,2026-05-20 02:00:00,72,72,37,,48,13,0,2,,,,,
Jakarta,The Pakubuwono Menteng,2026-05-20 02:39:24,124,124,50,86,,,,,62,28.3,,,
Depok,Cinere - Nafas,2026-05-20 02:39:36,153,153,59,113,,,,,0,0,,,
Bogor,Kabupaten Bogor Leuwiliang,2026-05-20 02:00:00,79,79,42,,4,10,0,72,,,,,
Tangerang,Tangerang Pasir Jaya,2026-05-14 14:00:00,-,95,49,,59,63,0,65,,,,,
Bekasi,Bekasi Kayuringin,2026-05-20 02:00:00,72,72,37,,48,13,0,2,,,,,
Jakarta,The Pakubuwono Menteng,2026-05-20 02:39:24,124,124,50,86,,,,,62,28.3,,,
Depok,Cinere - Nafas,2026-05-20 02:39:36,153,153,59,113,,,,,0,0,,,
Bogor,Kabupaten Bogor Leuwiliang,2026-05-20 02:00:00,79,79,42,,4,10,0,72,,,,,
Tangerang,Tangerang Pasir Jaya,2026-05-14 14:00:00,-,95,49,,59,63,0,65,,,,,
Bekasi,Bekasi Kayuringin,2026-05-20 02:00:00,72,72,37,,48,13,0,2,,,,,
Jakarta,The Pakubuwono Menteng,2026-05-20 02:41:25,124,124,50,86,,,,,62,28.3,,,
Depok,Cinere - Nafas,2026-05-20 02:41:36,154,154,60,119,,,,,0,0,,,
Bogor,Kabupaten Bogor Leuwiliang,2026-05-20 02:00:00,79,79,42,,4,10,0,72,,,,,
Tangerang,Tangerang Pasir Jaya,2026-05-14 14:00:00,-,95,49,,59,63,0,65,,,,,
Bekasi,Bekasi Kayuringin,2026-05-20 02:00:00,72,72,37,,48,13,0,2,,,,,
Jakarta,The Pakubuwono Menteng,2026-05-20 02:43:24,123,123,50,86,,,,,62,28.3,,,
Depok,Cinere - Nafas,2026-05-20 02:43:38,156,156,61,121,,,,,0,0,,,
Bogor,Kabupaten Bogor Leuwiliang,2026-05-20 02:00:00,79,79,42,,4,10,0,72,,,,,
Tangerang,Tangerang Pasir Jaya,2026-05-14 14:00:00,-,95,49,,59,63,0,65,,,,,
Bekasi,Bekasi Kayuringin,2026-05-20 02:00:00,72,72,37,,48,13,0,2,,,,,
Jakarta,The Pakubuwono Menteng,2026-05-20 02:43:24,123,123,50,86,,,,,62,28.3,,,
Depok,Cinere - Nafas,2026-05-20 02:43:38,156,156,61,121,,,,,0,0,,,
Bogor,Kabupaten Bogor Leuwiliang,2026-05-20 02:00:00,79,79,42,,4,10,0,72,,,,,
Tangerang,Tangerang Pasir Jaya,2026-05-14 14:00:00,-,95,49,,59,63,0,65,,,,,
Bekasi,Bekasi Kayuringin,2026-05-20 02:00:00,72,72,37,,48,13,0,2,,,,,
Jakarta,The Pakubuwono Menteng,2026-05-20 02:45:24,121,121,48,86,,,,,62,28.3,,,
Depok,Cinere - Nafas,2026-05-20 02:45:36,155,155,60,117,,,,,0,0,,,
Bogor,Kabupaten Bogor Leuwiliang,2026-05-20 02:00:00,79,79,42,,4,10,0,72,,,,,
Tangerang,Tangerang Pasir Jaya,2026-05-14 14:00:00,-,95,49,,59,63,0,65,,,,,
Bekasi,Bekasi Kayuringin,2026-05-20 02:00:00,72,72,37,,48,13,0,2,,,,,
Jakarta,The Pakubuwono Menteng,2026-05-20 02:47:24,128,128,50,87,,,,,62,28.3,,,
Depok,Cinere - Nafas,2026-05-20 02:47:37,154,154,60,115,,,,,0,0,,,
Bogor,Kabupaten Bogor Leuwiliang,2026-05-20 02:00:00,79,79,42,,4,10,0,72,,,,,
Tangerang,Tangerang Pasir Jaya,2026-05-14 14:00:00,-,95,49,,59,63,0,65,,,,,
Bekasi,Bekasi Kayuringin,2026-05-20 02:00:00,72,72,37,,48,13,0,2,,,,,
Jakarta,The Pakubuwono Menteng,2026-05-20 02:47:24,128,128,50,87,,,,,62,28.3,,,
Depok,Cinere - Nafas,2026-05-20 02:47:37,154,154,60,115,,,,,0,0,,,
Bogor,Kabupaten Bogor Leuwiliang,2026-05-20 02:00:00,79,79,42,,4,10,0,72,,,,,
Tangerang,Tangerang Pasir Jaya,2026-05-14 14:00:00,-,95,49,,59,63,0,65,,,,,
Bekasi,Bekasi Kayuringin,2026-05-20 02:00:00,72,72,37,,48,13,0,2,,,,,
Jakarta,The Pakubuwono Menteng,2026-05-20 02:48:24,127,127,52,89,,,,,62,28.3,,,
Depok,Cinere - Nafas,2026-05-20 02:48:37,156,156,61,115,,,,,0,0,,,
Bogor,Kabupaten Bogor Leuwiliang,2026-05-20 02:00:00,79,79,42,,4,10,0,72,,,,,
Tangerang,Tangerang Pasir Jaya,2026-05-14 14:00:00,-,95,49,,59,63,0,65,,,,,
Bekasi,Bekasi Kayuringin,2026-05-20 02:00:00,72,72,37,,48,13,0,2,,,,,
Jakarta,The Pakubuwono Menteng,2026-05-20 02:48:24,127,127,52,89,,,,,62,28.3,,,
Depok,Cinere - Nafas,2026-05-20 02:48:37,156,156,61,115,,,,,0,0,,,
Bogor,Kabupaten Bogor Leuwiliang,2026-05-20 02:00:00,79,79,42,,4,10,0,72,,,,,
Tangerang,Tangerang Pasir Jaya,2026-05-14 14:00:00,-,95,49,,59,63,0,65,,,,,
Bekasi,Bekasi Kayuringin,2026-05-20 02:00:00,72,72,37,,48,13,0,2,,,,,
Jakarta,The Pakubuwono Menteng,2026-05-20 02:50:24,130,130,52,89,,,,,62,28.4,,,
Depok,Cinere - Nafas,2026-05-20 02:50:36,157,157,61,121,,,,,0,0,,,
Bogor,Kabupaten Bogor Leuwiliang,2026-05-20 02:00:00,79,79,42,,4,10,0,72,,,,,
Tangerang,Tangerang Pasir Jaya,2026-05-14 14:00:00,-,95,49,,59,63,0,65,,,,,
Bekasi,Bekasi Kayuringin,2026-05-20 02:00:00,72,72,37,,48,13,0,2,,,,,
Jakarta,The Pakubuwono Menteng,2026-05-20 02:52:24,139,139,56,95,,,,,62,28.4,,,
Depok,Cinere - Nafas,2026-05-20 02:52:35,155,155,60,118,,,,,0,0,,,
Bogor,Kabupaten Bogor Leuwiliang,2026-05-20 02:00:00,79,79,42,,4,10,0,72,,,,,
Tangerang,Tangerang Pasir Jaya,2026-05-14 14:00:00,-,95,49,,59,63,0,65,,,,,
Bekasi,Bekasi Kayuringin,2026-05-20 02:00:00,72,72,37,,48,13,0,2,,,,,
Jakarta,The Pakubuwono Menteng,2026-05-20 02:54:24,143,143,56,97,,,,,62,28.5,,,
Depok,Cinere - Nafas,2026-05-20 02:54:34,156,156,61,121,,,,,0,0,,,
Bogor,Kabupaten Bogor Leuwiliang,2026-05-20 02:00:00,79,79,42,,4,10,0,72,,,,,
Tangerang,Tangerang Pasir Jaya,2026-05-14 14:00:00,-,95,49,,59,63,0,65,,,,,
Bekasi,Bekasi Kayuringin,2026-05-20 02:00:00,72,72,37,,48,13,0,2,,,,,
Jakarta,The Pakubuwono Menteng,2026-05-20 02:54:24,143,143,56,97,,,,,62,28.5,,,
Depok,Cinere - Nafas,2026-05-20 02:54:34,156,156,61,121,,,,,0,0,,,
Bogor,Kabupaten Bogor Leuwiliang,2026-05-20 02:00:00,79,79,42,,4,10,0,72,,,,,
Tangerang,Tangerang Pasir Jaya,2026-05-14 14:00:00,-,95,49,,59,63,0,65,,,,,
Bekasi,Bekasi Kayuringin,2026-05-20 02:00:00,72,72,37,,48,13,0,2,,,,,
Jakarta,The Pakubuwono Menteng,2026-05-20 02:55:24,145,145,56,99,,,,,63,28.5,,,
Depok,Cinere - Nafas,2026-05-20 02:55:36,156,156,60,121,,,,,0,0,,,
Bogor,Kabupaten Bogor Leuwiliang,2026-05-20 02:00:00,79,79,42,,4,10,0,72,,,,,
Tangerang,Tangerang Pasir Jaya,2026-05-14 14:00:00,-,95,49,,59,63,0,65,,,,,
Bekasi,Bekasi Kayuringin,2026-05-20 02:00:00,72,72,37,,48,13,0,2,,,,,
Jakarta,The Pakubuwono Menteng,2026-05-20 02:57:24,148,148,57,102,,,,,63,28.5,,,
Depok,Cinere - Nafas,2026-05-20 02:57:36,156,156,61,121,,,,,0,0,,,
Bogor,Kabupaten Bogor Leuwiliang,2026-05-20 02:00:00,79,79,42,,4,10,0,72,,,,,
Tangerang,Tangerang Pasir Jaya,2026-05-14 14:00:00,-,95,49,,59,63,0,65,,,,,
Bekasi,Bekasi Kayuringin,2026-05-20 02:00:00,72,72,37,,48,13,0,2,,,,,
Jakarta,The Pakubuwono Menteng,2026-05-20 02:57:24,148,148,57,102,,,,,63,28.5,,,
Depok,Cinere - Nafas,2026-05-20 02:57:36,156,156,61,121,,,,,0,0,,,
Bogor,Kabupaten Bogor Leuwiliang,2026-05-20 02:00:00,79,79,42,,4,10,0,72,,,,,
Tangerang,Tangerang Pasir Jaya,2026-05-14 14:00:00,-,95,49,,59,63,0,65,,,,,
Bekasi,Bekasi Kayuringin,2026-05-20 02:00:00,72,72,37,,48,13,0,2,,,,,
Jakarta,The Pakubuwono Menteng,2026-05-20 02:59:24,147,147,56,100,,,,,62,28.5,,,
Depok,Cinere - Nafas,2026-05-20 02:59:34,155,155,60,115,,,,,0,0,,,
Bogor,Kabupaten Bogor Leuwiliang,2026-05-20 02:00:00,79,79,42,,4,10,0,72,,,,,
Tangerang,Tangerang Pasir Jaya,2026-05-14 14:00:00,-,95,49,,59,63,0,65,,,,,
Bekasi,Bekasi Kayuringin,2026-05-20 02:00:00,72,72,37,,48,13,0,2,,,,,
Jakarta,The Pakubuwono Menteng,2026-05-20 02:59:24,147,147,56,100,,,,,62,28.5,,,
Depok,Cinere - Nafas,2026-05-20 02:59:34,155,155,60,115,,,,,0,0,,,
Bogor,Kabupaten Bogor Leuwiliang,2026-05-20 02:00:00,79,79,42,,4,10,0,72,,,,,
Tangerang,Tangerang Pasir Jaya,2026-05-14 14:00:00,-,95,49,,59,63,0,65,,,,,
Bekasi,Bekasi Kayuringin,2026-05-20 02:00:00,72,72,37,,48,13,0,2,,,,,
Jakarta,The Pakubuwono Menteng,2026-05-20 03:01:25,151,151,57,102,,,,,63,28.6,,,
Depok,Cinere - Nafas,2026-05-20 03:01:35,155,155,60,112,,,,,0,0,,,
Bogor,Kabupaten Bogor Leuwiliang,2026-05-20 02:00:00,79,79,42,,4,10,0,72,,,,,
Tangerang,Tangerang Pasir Jaya,2026-05-14 14:00:00,-,95,49,,59,63,0,65,,,,,
Bekasi,Bekasi Kayuringin,2026-05-20 02:00:00,72,72,37,,48,13,0,2,,,,,
Jakarta,The Pakubuwono Menteng,2026-05-20 03:01:25,151,151,57,102,,,,,63,28.6,,,
Depok,Cinere - Nafas,2026-05-20 03:01:35,155,155,60,112,,,,,0,0,,,
Bogor,Kabupaten Bogor Leuwiliang,2026-05-20 02:00:00,79,79,42,,4,10,0,72,,,,,
Tangerang,Tangerang Pasir Jaya,2026-05-14 14:00:00,-,95,49,,59,63,0,65,,,,,
Bekasi,Bekasi Kayuringin,2026-05-20 02:00:00,72,72,37,,48,13,0,2,,,,,
Jakarta,The Pakubuwono Menteng,2026-05-20 03:03:25,151,151,57,105,,,,,63,28.6,,,
Depok,Cinere - Nafas,2026-05-20 03:03:37,156,156,60,113,,,,,0,0,,,
Bogor,Kabupaten Bogor Leuwiliang,2026-05-20 02:00:00,79,79,42,,4,10,0,72,,,,,
Tangerang,Tangerang Pasir Jaya,2026-05-14 14:00:00,-,95,49,,59,63,0,65,,,,,
Bekasi,Bekasi Kayuringin,2026-05-20 02:00:00,72,72,37,,48,13,0,2,,,,,
Jakarta,The Pakubuwono Menteng,2026-05-20 03:06:25,151,151,57,106,,,,,63,28.7,,,
Depok,Cinere - Nafas,2026-05-20 03:06:36,155,155,60,116,,,,,0,0,,,
Bogor,Kabupaten Bogor Leuwiliang,2026-05-20 02:00:00,79,79,42,,4,10,0,72,,,,,
Tangerang,Tangerang Pasir Jaya,2026-05-14 14:00:00,-,95,49,,59,63,0,65,,,,,
Bekasi,Bekasi Kayuringin,2026-05-20 02:00:00,72,72,37,,48,13,0,2,,,,,
Jakarta,The Pakubuwono Menteng,2026-05-20 03:06:25,151,151,57,106,,,,,63,28.7,,,
Depok,Cinere - Nafas,2026-05-20 03:06:36,155,155,60,116,,,,,0,0,,,
Bogor,Kabupaten Bogor Leuwiliang,2026-05-20 02:00:00,79,79,42,,4,10,0,72,,,,,
Tangerang,Tangerang Pasir Jaya,2026-05-14 14:00:00,-,95,49,,59,63,0,65,,,,,
Bekasi,Bekasi Kayuringin,2026-05-20 02:00:00,72,72,37,,48,13,0,2,,,,,
Jakarta,The Pakubuwono Menteng,2026-05-20 03:08:25,151,151,57,105,,,,,63,28.7,,,
Depok,Cinere - Nafas,2026-05-20 03:08:34,155,155,60,116,,,,,0,0,,,
Bogor,Kabupaten Bogor Leuwiliang,2026-05-20 03:00:00,79,79,42,,4,10,0,72,,,,,
Tangerang,Tangerang Pasir Jaya,2026-05-14 14:00:00,-,95,49,,59,63,0,65,,,,,
Bekasi,Bekasi Kayuringin,2026-05-20 03:00:00,78,78,39,,48,13,0,2,,,,,
Jakarta,The Pakubuwono Menteng,2026-05-20 03:10:25,145,145,56,102,,,,,63,28.7,,,
Depok,Cinere - Nafas,2026-05-20 03:10:36,154,154,60,115,,,,,0,0,,,
Bogor,Kabupaten Bogor Leuwiliang,2026-05-20 03:00:00,79,79,42,,4,10,0,72,,,,,
Tangerang,Tangerang Pasir Jaya,2026-05-14 14:00:00,-,95,49,,59,63,0,65,,,,,
Bekasi,Bekasi Kayuringin,2026-05-20 03:00:00,78,78,39,,48,13,0,2,,,,,
Jakarta,The Pakubuwono Menteng,2026-05-20 03:10:25,145,145,56,102,,,,,63,28.7,,,
Depok,Cinere - Nafas,2026-05-20 03:10:36,154,154,60,115,,,,,0,0,,,
Bogor,Kabupaten Bogor Leuwiliang,2026-05-20 03:00:00,79,79,42,,4,10,0,72,,,,,
Tangerang,Tangerang Pasir Jaya,2026-05-14 14:00:00,-,95,49,,59,63,0,65,,,,,
Bekasi,Bekasi Kayuringin,2026-05-20 03:00:00,78,78,39,,48,13,0,2,,,,,
Jakarta,The Pakubuwono Menteng,2026-05-20 03:12:25,151,151,57,104,,,,,63,28.7,,,
Depok,Cinere - Nafas,2026-05-20 03:12:35,154,154,59,113,,,,,0,0,,,
Bogor,Kabupaten Bogor Leuwiliang,2026-05-20 03:00:00,79,79,42,,4,10,0,72,,,,,
Tangerang,Tangerang Pasir Jaya,2026-05-14 14:00:00,-,95,49,,59,63,0,65,,,,,
Bekasi,Bekasi Kayuringin,2026-05-20 03:00:00,78,78,39,,48,13,0,2,,,,,
Jakarta,The Pakubuwono Menteng,2026-05-20 03:12:25,151,151,57,104,,,,,63,28.7,,,
Depok,Cinere - Nafas,2026-05-20 03:12:35,154,154,59,113,,,,,0,0,,,
Bogor,Kabupaten Bogor Leuwiliang,2026-05-20 03:00:00,79,79,42,,4,10,0,72,,,,,
Tangerang,Tangerang Pasir Jaya,2026-05-14 14:00:00,-,95,49,,59,63,0,65,,,,,
Bekasi,Bekasi Kayuringin,2026-05-20 03:00:00,78,78,39,,48,13,0,2,,,,,
Jakarta,The Pakubuwono Menteng,2026-05-20 03:13:25,146,146,56,106,,,,,63,28.8,,,
Depok,Cinere - Nafas,2026-05-20 03:13:36,152,152,58,109,,,,,0,0,,,
Bogor,Kabupaten Bogor Leuwiliang,2026-05-20 03:00:00,79,79,42,,4,10,0,72,,,,,
Tangerang,Tangerang Pasir Jaya,2026-05-14 14:00:00,-,95,49,,59,63,0,65,,,,,
Bekasi,Bekasi Kayuringin,2026-05-20 03:00:00,78,78,39,,48,13,0,2,,,,,
Jakarta,The Pakubuwono Menteng,2026-05-20 03:13:25,146,146,56,106,,,,,63,28.8,,,
Depok,Cinere - Nafas,2026-05-20 03:13:36,152,152,58,109,,,,,0,0,,,
Bogor,Kabupaten Bogor Leuwiliang,2026-05-20 03:00:00,79,79,42,,4,10,0,72,,,,,
Tangerang,Tangerang Pasir Jaya,2026-05-14 14:00:00,-,95,49,,59,63,0,65,,,,,
Bekasi,Bekasi Kayuringin,2026-05-20 03:00:00,78,78,39,,48,13,0,2,,,,,
Jakarta,The Pakubuwono Menteng,2026-05-20 03:16:25,151,151,57,101,,,,,62,28.8,,,
Depok,Cinere - Nafas,2026-05-20 03:16:34,152,152,58,111,,,,,0,0,,,
Bogor,Kabupaten Bogor Leuwiliang,2026-05-20 03:00:00,79,79,42,,4,10,0,72,,,,,
Tangerang,Tangerang Pasir Jaya,2026-05-14 14:00:00,-,95,49,,59,63,0,65,,,,,
Bekasi,Bekasi Kayuringin,2026-05-20 03:00:00,78,78,39,,48,13,0,2,,,,,
Jakarta,The Pakubuwono Menteng,2026-05-20 03:16:25,151,151,57,101,,,,,62,28.8,,,
Depok,Cinere - Nafas,2026-05-20 03:16:34,152,152,58,111,,,,,0,0,,,
Bogor,Kabupaten Bogor Leuwiliang,2026-05-20 03:00:00,79,79,42,,4,10,0,72,,,,,
Tangerang,Tangerang Pasir Jaya,2026-05-14 14:00:00,-,95,49,,59,63,0,65,,,,,
Bekasi,Bekasi Kayuringin,2026-05-20 03:00:00,78,78,39,,48,13,0,2,,,,,
Jakarta,The Pakubuwono Menteng,2026-05-20 03:20:25,152,152,58,112,,,,,62,28.8,,,
Depok,Cinere - Nafas,2026-05-20 03:20:37,151,151,58,106,,,,,0,0,,,
Bogor,Kabupaten Bogor Leuwiliang,2026-05-20 03:00:00,79,79,42,,4,10,0,72,,,,,
Tangerang,Tangerang Pasir Jaya,2026-05-14 14:00:00,-,95,49,,59,63,0,65,,,,,
Bekasi,Bekasi Kayuringin,2026-05-20 03:00:00,78,78,39,,48,13,0,2,,,,,
Jakarta,The Pakubuwono Menteng,2026-05-20 03:20:25,152,152,58,112,,,,,62,28.8,,,
Depok,Cinere - Nafas,2026-05-20 03:20:37,151,151,58,106,,,,,0,0,,,
Bogor,Kabupaten Bogor Leuwiliang,2026-05-20 03:00:00,79,79,42,,4,10,0,72,,,,,
Tangerang,Tangerang Pasir Jaya,2026-05-14 14:00:00,-,95,49,,59,63,0,65,,,,,
Bekasi,Bekasi Kayuringin,2026-05-20 03:00:00,78,78,39,,48,13,0,2,,,,,
Jakarta,The Pakubuwono Menteng,2026-05-20 03:22:25,153,153,59,116,,,,,62,28.8,,,
Depok,Cinere - Nafas,2026-05-20 03:22:39,151,151,58,105,,,,,0,0,,,
Bogor,Kabupaten Bogor Leuwiliang,2026-05-20 03:00:00,79,79,42,,4,10,0,72,,,,,
Tangerang,Tangerang Pasir Jaya,2026-05-14 14:00:00,-,95,49,,59,63,0,65,,,,,
Bekasi,Bekasi Kayuringin,2026-05-20 03:00:00,78,78,39,,48,13,0,2,,,,,
Jakarta,The Pakubuwono Menteng,2026-05-20 03:22:25,153,153,59,116,,,,,62,28.8,,,
Depok,Cinere - Nafas,2026-05-20 03:22:39,151,151,58,105,,,,,0,0,,,
Bogor,Kabupaten Bogor Leuwiliang,2026-05-20 03:00:00,79,79,42,,4,10,0,72,,,,,
Tangerang,Tangerang Pasir Jaya,2026-05-14 14:00:00,-,95,49,,59,63,0,65,,,,,
Bekasi,Bekasi Kayuringin,2026-05-20 03:00:00,78,78,39,,48,13,0,2,,,,,
Jakarta,The Pakubuwono Menteng,2026-05-20 03:23:25,155,155,59,115,,,,,62,28.8,,,
Depok,Cinere - Nafas,2026-05-20 03:23:36,152,152,58,108,,,,,0,0,,,
Bogor,Kabupaten Bogor Leuwiliang,2026-05-20 03:00:00,79,79,42,,4,10,0,72,,,,,
Tangerang,Tangerang Pasir Jaya,2026-05-14 14:00:00,-,95,49,,59,63,0,65,,,,,
Bekasi,Bekasi Kayuringin,2026-05-20 03:00:00,78,78,39,,48,13,0,2,,,,,
Jakarta,The Pakubuwono Menteng,2026-05-20 03:23:25,155,155,59,115,,,,,62,28.8,,,
Depok,Cinere - Nafas,2026-05-20 03:23:36,152,152,58,108,,,,,0,0,,,
Bogor,Kabupaten Bogor Leuwiliang,2026-05-20 03:00:00,79,79,42,,4,10,0,72,,,,,
Tangerang,Tangerang Pasir Jaya,2026-05-14 14:00:00,-,95,49,,59,63,0,65,,,,,
Bekasi,Bekasi Kayuringin,2026-05-20 03:00:00,78,78,39,,48,13,0,2,,,,,
Jakarta,The Pakubuwono Menteng,2026-05-20 03:25:25,154,154,59,120,,,,,62,28.9,,,
Depok,Cinere - Nafas,2026-05-20 03:25:37,151,151,57,106,,,,,0,0,,,
Bogor,Kabupaten Bogor Leuwiliang,2026-05-20 03:00:00,79,79,42,,4,10,0,72,,,,,
Tangerang,Tangerang Pasir Jaya,2026-05-14 14:00:00,-,95,49,,59,63,0,65,,,,,
Bekasi,Bekasi Kayuringin,2026-05-20 03:00:00,78,78,39,,48,13,0,2,,,,,
Jakarta,The Pakubuwono Menteng,2026-05-20 03:27:25,152,152,58,111,,,,,62,28.9,,,
Depok,Cinere - Nafas,2026-05-20 03:27:36,152,152,57,100,,,,,0,0,,,
Bogor,Kabupaten Bogor Leuwiliang,2026-05-20 03:00:00,79,79,42,,4,10,0,72,,,,,
Tangerang,Tangerang Pasir Jaya,2026-05-14 14:00:00,-,95,49,,59,63,0,65,,,,,
Bekasi,Bekasi Kayuringin,2026-05-20 03:00:00,78,78,39,,48,13,0,2,,,,,
Jakarta,The Pakubuwono Menteng,2026-05-20 03:27:25,152,152,58,111,,,,,62,28.9,,,
Depok,Cinere - Nafas,2026-05-20 03:27:36,152,152,57,100,,,,,0,0,,,
Bogor,Kabupaten Bogor Leuwiliang,2026-05-20 03:00:00,79,79,42,,4,10,0,72,,,,,
Tangerang,Tangerang Pasir Jaya,2026-05-14 14:00:00,-,95,49,,59,63,0,65,,,,,
Bekasi,Bekasi Kayuringin,2026-05-20 03:00:00,78,78,39,,48,13,0,2,,,,,
Jakarta,The Pakubuwono Menteng,2026-05-20 03:29:25,152,152,59,110,,,,,61,28.9,,,
Depok,Cinere - Nafas,2026-05-20 03:29:37,151,151,57,105,,,,,0,0,,,
Bogor,Kabupaten Bogor Leuwiliang,2026-05-20 03:00:00,79,79,42,,4,10,0,72,,,,,
Tangerang,Tangerang Pasir Jaya,2026-05-14 14:00:00,-,95,49,,59,63,0,65,,,,,
Bekasi,Bekasi Kayuringin,2026-05-20 03:00:00,78,78,39,,48,13,0,2,,,,,
Jakarta,The Pakubuwono Menteng,2026-05-20 03:31:25,154,154,60,118,,,,,62,28.9,,,
Depok,Cinere - Nafas,2026-05-20 03:31:36,156,156,60,115,,,,,0,0,,,
Bogor,Kabupaten Bogor Leuwiliang,2026-05-20 03:00:00,79,79,42,,4,10,0,72,,,,,
Tangerang,Tangerang Pasir Jaya,2026-05-14 14:00:00,-,95,49,,59,63,0,65,,,,,
Bekasi,Bekasi Kayuringin,2026-05-20 03:00:00,78,78,39,,48,13,0,2,,,,,
Jakarta,The Pakubuwono Menteng,2026-05-20 03:31:25,154,154,60,118,,,,,62,28.9,,,
Depok,Cinere - Nafas,2026-05-20 03:31:36,156,156,60,115,,,,,0,0,,,
Bogor,Kabupaten Bogor Leuwiliang,2026-05-20 03:00:00,79,79,42,,4,10,0,72,,,,,
Tangerang,Tangerang Pasir Jaya,2026-05-14 14:00:00,-,95,49,,59,63,0,65,,,,,
Bekasi,Bekasi Kayuringin,2026-05-20 03:00:00,78,78,39,,48,13,0,2,,,,,
Jakarta,The Pakubuwono Menteng,2026-05-20 03:33:25,152,152,59,111,,,,,61,28.9,,,
Depok,Cinere - Nafas,2026-05-20 03:33:37,163,163,66,139,,,,,0,0,,,
Bogor,Kabupaten Bogor Leuwiliang,2026-05-20 03:00:00,79,79,42,,4,10,0,72,,,,,
Tangerang,Tangerang Pasir Jaya,2026-05-14 14:00:00,-,95,49,,59,63,0,65,,,,,
Bekasi,Bekasi Kayuringin,2026-05-20 03:00:00,78,78,39,,48,13,0,2,,,,,
Jakarta,The Pakubuwono Menteng,2026-05-20 03:33:25,152,152,59,111,,,,,61,28.9,,,
Depok,Cinere - Nafas,2026-05-20 03:33:37,163,163,66,139,,,,,0,0,,,
Bogor,Kabupaten Bogor Leuwiliang,2026-05-20 03:00:00,79,79,42,,4,10,0,72,,,,,
Tangerang,Tangerang Pasir Jaya,2026-05-14 14:00:00,-,95,49,,59,63,0,65,,,,,
Bekasi,Bekasi Kayuringin,2026-05-20 03:00:00,78,78,39,,48,13,0,2,,,,,
Jakarta,The Pakubuwono Menteng,2026-05-20 03:35:25,157,157,61,125,,,,,62,28.9,,,
Depok,Cinere - Nafas,2026-05-20 03:35:35,166,166,70,151,,,,,0,0,,,
Bogor,Kabupaten Bogor Leuwiliang,2026-05-20 03:00:00,79,79,42,,4,10,0,72,,,,,
Tangerang,Tangerang Pasir Jaya,2026-05-14 14:00:00,-,95,49,,59,63,0,65,,,,,
Bekasi,Bekasi Kayuringin,2026-05-20 03:00:00,78,78,39,,48,13,0,2,,,,,
Jakarta,The Pakubuwono Menteng,2026-05-20 03:37:25,160,160,63,134,,,,,62,28.9,,,
Depok,Cinere - Nafas,2026-05-20 03:37:37,167,167,71,151,,,,,0,0,,,
Bogor,Kabupaten Bogor Leuwiliang,2026-05-20 03:00:00,79,79,42,,4,10,0,72,,,,,
Tangerang,Tangerang Pasir Jaya,2026-05-14 14:00:00,-,95,49,,59,63,0,65,,,,,
Bekasi,Bekasi Kayuringin,2026-05-20 03:00:00,78,78,39,,48,13,0,2,,,,,
Jakarta,The Pakubuwono Menteng,2026-05-20 03:37:25,160,160,63,134,,,,,62,28.9,,,
Depok,Cinere - Nafas,2026-05-20 03:37:37,167,167,71,151,,,,,0,0,,,
Bogor,Kabupaten Bogor Leuwiliang,2026-05-20 03:00:00,79,79,42,,4,10,0,72,,,,,
Tangerang,Tangerang Pasir Jaya,2026-05-14 14:00:00,-,95,49,,59,63,0,65,,,,,
Bekasi,Bekasi Kayuringin,2026-05-20 03:00:00,78,78,39,,48,13,0,2,,,,,
Jakarta,The Pakubuwono Menteng,2026-05-20 03:39:25,158,158,62,130,,,,,63,29,,,
Depok,Cinere - Nafas,2026-05-20 03:39:35,169,169,72,152,,,,,0,0,,,
Bogor,Kabupaten Bogor Leuwiliang,2026-05-20 03:00:00,79,79,42,,4,10,0,72,,,,,
Tangerang,Tangerang Pasir Jaya,2026-05-14 14:00:00,-,95,49,,59,63,0,65,,,,,
Bekasi,Bekasi Kayuringin,2026-05-20 03:00:00,78,78,39,,48,13,0,2,,,,,
Jakarta,The Pakubuwono Menteng,2026-05-20 03:39:25,158,158,62,130,,,,,63,29,,,
Depok,Cinere - Nafas,2026-05-20 03:39:35,169,169,72,152,,,,,0,0,,,
Bogor,Kabupaten Bogor Leuwiliang,2026-05-20 03:00:00,79,79,42,,4,10,0,72,,,,,
Tangerang,Tangerang Pasir Jaya,2026-05-14 14:00:00,-,95,49,,59,63,0,65,,,,,
Bekasi,Bekasi Kayuringin,2026-05-20 03:00:00,78,78,39,,48,13,0,2,,,,,
Jakarta,The Pakubuwono Menteng,2026-05-20 03:42:25,156,156,61,125,,,,,62,28.9,,,
Depok,Cinere - Nafas,2026-05-20 03:42:35,173,173,76,155,,,,,0,0,,,
Bogor,Kabupaten Bogor Leuwiliang,2026-05-20 03:00:00,79,79,42,,4,10,0,72,,,,,
Tangerang,Tangerang Pasir Jaya,2026-05-14 14:00:00,-,95,49,,59,63,0,65,,,,,
Bekasi,Bekasi Kayuringin,2026-05-20 03:00:00,78,78,39,,48,13,0,2,,,,,
Jakarta,The Pakubuwono Menteng,2026-05-20 03:42:25,156,156,61,125,,,,,62,28.9,,,
Depok,Cinere - Nafas,2026-05-20 03:42:35,173,173,76,155,,,,,0,0,,,
Bogor,Kabupaten Bogor Leuwiliang,2026-05-20 03:00:00,79,79,42,,4,10,0,72,,,,,
Tangerang,Tangerang Pasir Jaya,2026-05-14 14:00:00,-,95,49,,59,63,0,65,,,,,
Bekasi,Bekasi Kayuringin,2026-05-20 03:00:00,78,78,39,,48,13,0,2,,,,,
Jakarta,The Pakubuwono Menteng,2026-05-20 03:44:25,157,157,60,129,,,,,62,28.9,,,
Depok,Cinere - Nafas,2026-05-20 03:44:39,177,177,81,158,,,,,0,0,,,
Bogor,Kabupaten Bogor Leuwiliang,2026-05-20 03:00:00,79,79,42,,4,10,0,72,,,,,
Tangerang,Tangerang Pasir Jaya,2026-05-14 14:00:00,-,95,49,,59,63,0,65,,,,,
Bekasi,Bekasi Kayuringin,2026-05-20 03:00:00,78,78,39,,48,13,0,2,,,,,
Jakarta,The Pakubuwono Menteng,2026-05-20 03:46:25,157,157,61,126,,,,,62,29,,,
Depok,Cinere - Nafas,2026-05-20 03:46:39,179,179,82,159,,,,,0,0,,,
Bogor,Kabupaten Bogor Leuwiliang,2026-05-20 03:00:00,79,79,42,,4,10,0,72,,,,,
Tangerang,Tangerang Pasir Jaya,2026-05-14 14:00:00,-,95,49,,59,63,0,65,,,,,
Bekasi,Bekasi Kayuringin,2026-05-20 03:00:00,78,78,39,,48,13,0,2,,,,,
Jakarta,The Pakubuwono Menteng,2026-05-20 03:46:25,157,157,61,126,,,,,62,29,,,
Depok,Cinere - Nafas,2026-05-20 03:46:39,179,179,82,159,,,,,0,0,,,
Bogor,Kabupaten Bogor Leuwiliang,2026-05-20 03:00:00,79,79,42,,4,10,0,72,,,,,
Tangerang,Tangerang Pasir Jaya,2026-05-14 14:00:00,-,95,49,,59,63,0,65,,,,,
Bekasi,Bekasi Kayuringin,2026-05-20 03:00:00,78,78,39,,48,13,0,2,,,,,
Jakarta,The Pakubuwono Menteng,2026-05-20 03:48:25,160,160,62,133,,,,,63,29,,,
Depok,Cinere - Nafas,2026-05-20 03:48:36,183,183,87,161,,,,,0,0,,,
Bogor,Kabupaten Bogor Leuwiliang,2026-05-20 03:00:00,79,79,42,,4,10,0,72,,,,,
Tangerang,Tangerang Pasir Jaya,2026-05-14 14:00:00,-,95,49,,59,63,0,65,,,,,
Bekasi,Bekasi Kayuringin,2026-05-20 03:00:00,78,78,39,,48,13,0,2,,,,,
Jakarta,The Pakubuwono Menteng,2026-05-20 03:48:25,160,160,62,133,,,,,63,29,,,
Depok,Cinere - Nafas,2026-05-20 03:48:36,183,183,87,161,,,,,0,0,,,
Bogor,Kabupaten Bogor Leuwiliang,2026-05-20 03:00:00,79,79,42,,4,10,0,72,,,,,
Tangerang,Tangerang Pasir Jaya,2026-05-14 14:00:00,-,95,49,,59,63,0,65,,,,,
Bekasi,Bekasi Kayuringin,2026-05-20 03:00:00,78,78,39,,48,13,0,2,,,,,
Jakarta,The Pakubuwono Menteng,2026-05-20 03:49:25,157,157,61,130,,,,,62,29,,,
Depok,Cinere - Nafas,2026-05-20 03:49:37,183,183,88,161,,,,,0,0,,,
Bogor,Kabupaten Bogor Leuwiliang,2026-05-20 03:00:00,79,79,42,,4,10,0,72,,,,,
Tangerang,Tangerang Pasir Jaya,2026-05-14 14:00:00,-,95,49,,59,63,0,65,,,,,
Bekasi,Bekasi Kayuringin,2026-05-20 03:00:00,78,78,39,,48,13,0,2,,,,,
Jakarta,The Pakubuwono Menteng,2026-05-20 03:51:25,156,156,60,121,,,,,62,29,,,
Depok,Cinere - Nafas,2026-05-20 03:51:37,185,185,90,163,,,,,0,0,,,
Bogor,Kabupaten Bogor Leuwiliang,2026-05-20 03:00:00,79,79,42,,4,10,0,72,,,,,
Tangerang,Tangerang Pasir Jaya,2026-05-14 14:00:00,-,95,49,,59,63,0,65,,,,,
Bekasi,Bekasi Kayuringin,2026-05-20 03:00:00,78,78,39,,48,13,0,2,,,,,
Jakarta,The Pakubuwono Menteng,2026-05-20 03:53:26,158,158,62,131,,,,,63,29,,,
Depok,Cinere - Nafas,2026-05-20 03:53:36,189,189,92,164,,,,,0,0,,,
Bogor,Kabupaten Bogor Leuwiliang,2026-05-20 03:00:00,79,79,42,,4,10,0,72,,,,,
Tangerang,Tangerang Pasir Jaya,2026-05-14 14:00:00,-,95,49,,59,63,0,65,,,,,
Bekasi,Bekasi Kayuringin,2026-05-20 03:00:00,78,78,39,,48,13,0,2,,,,,
Jakarta,The Pakubuwono Menteng,2026-05-20 03:53:26,158,158,62,131,,,,,63,29,,,
Depok,Cinere - Nafas,2026-05-20 03:53:36,189,189,92,164,,,,,0,0,,,
Bogor,Kabupaten Bogor Leuwiliang,2026-05-20 03:00:00,79,79,42,,4,10,0,72,,,,,
Tangerang,Tangerang Pasir Jaya,2026-05-14 14:00:00,-,95,49,,59,63,0,65,,,,,
Bekasi,Bekasi Kayuringin,2026-05-20 03:00:00,78,78,39,,48,13,0,2,,,,,
Jakarta,The Pakubuwono Menteng,2026-05-20 03:55:28,157,157,61,132,,,,,62,29,,,
Depok,Cinere - Nafas,2026-05-20 03:55:35,187,187,91,164,,,,,0,0,,,
Bogor,Kabupaten Bogor Leuwiliang,2026-05-20 03:00:00,79,79,42,,4,10,0,72,,,,,
Tangerang,Tangerang Pasir Jaya,2026-05-14 14:00:00,-,95,49,,59,63,0,65,,,,,
Bekasi,Bekasi Kayuringin,2026-05-20 03:00:00,78,78,39,,48,13,0,2,,,,,
Jakarta,The Pakubuwono Menteng,2026-05-20 03:57:25,157,157,61,130,,,,,63,29,,,
Depok,Cinere - Nafas,2026-05-20 03:57:37,191,191,95,166,,,,,0,0,,,
Bogor,Kabupaten Bogor Leuwiliang,2026-05-20 03:00:00,79,79,42,,4,10,0,72,,,,,
Tangerang,Tangerang Pasir Jaya,2026-05-14 14:00:00,-,95,49,,59,63,0,65,,,,,
Bekasi,Bekasi Kayuringin,2026-05-20 03:00:00,78,78,39,,48,13,0,2,,,,,
Jakarta,The Pakubuwono Menteng,2026-05-20 03:57:25,157,157,61,130,,,,,63,29,,,
Depok,Cinere - Nafas,2026-05-20 03:57:37,191,191,95,166,,,,,0,0,,,
Bogor,Kabupaten Bogor Leuwiliang,2026-05-20 03:00:00,79,79,42,,4,10,0,72,,,,,
Tangerang,Tangerang Pasir Jaya,2026-05-14 14:00:00,-,95,49,,59,63,0,65,,,,,
Bekasi,Bekasi Kayuringin,2026-05-20 03:00:00,78,78,39,,48,13,0,2,,,,,
Jakarta,The Pakubuwono Menteng,2026-05-20 03:58:25,154,154,59,119,,,,,62,29,,,
Depok,Cinere - Nafas,2026-05-20 03:58:36,189,189,93,164,,,,,0,0,,,
Bogor,Kabupaten Bogor Leuwiliang,2026-05-20 03:00:00,79,79,42,,4,10,0,72,,,,,
Tangerang,Tangerang Pasir Jaya,2026-05-14 14:00:00,-,95,49,,59,63,0,65,,,,,
Bekasi,Bekasi Kayuringin,2026-05-20 03:00:00,78,78,39,,48,13,0,2,,,,,
Jakarta,The Pakubuwono Menteng,2026-05-20 03:58:25,154,154,59,119,,,,,62,29,,,
Depok,Cinere - Nafas,2026-05-20 03:58:36,189,189,93,164,,,,,0,0,,,
Bogor,Kabupaten Bogor Leuwiliang,2026-05-20 03:00:00,79,79,42,,4,10,0,72,,,,,
Tangerang,Tangerang Pasir Jaya,2026-05-14 14:00:00,-,95,49,,59,63,0,65,,,,,
Bekasi,Bekasi Kayuringin,2026-05-20 03:00:00,78,78,39,,48,13,0,2,,,,,
Jakarta,The Pakubuwono Menteng,2026-05-20 04:00:25,163,163,66,148,,,,,63,29,,,
Depok,Cinere - Nafas,2026-05-20 04:00:37,189,189,93,165,,,,,0,0,,,
Bogor,Kabupaten Bogor Leuwiliang,2026-05-20 03:00:00,79,79,42,,4,10,0,72,,,,,
Tangerang,Tangerang Pasir Jaya,2026-05-14 14:00:00,-,95,49,,59,63,0,65,,,,,
Bekasi,Bekasi Kayuringin,2026-05-20 03:00:00,78,78,39,,48,13,0,2,,,,,
Jakarta,The Pakubuwono Menteng,2026-05-20 04:00:25,163,163,66,148,,,,,63,29,,,
Depok,Cinere - Nafas,2026-05-20 04:02:39,190,190,94,165,,,,,0,0,,,
Bogor,Kabupaten Bogor Leuwiliang,2026-05-20 03:00:00,79,79,42,,4,10,0,72,,,,,
Tangerang,Tangerang Pasir Jaya,2026-05-14 14:00:00,-,95,49,,59,63,0,65,,,,,
Bekasi,Bekasi Kayuringin,2026-05-20 03:00:00,78,78,39,,48,13,0,2,,,,,
Jakarta,The Pakubuwono Menteng,2026-05-20 04:04:26,167,167,70,152,,,,,63,29,,,
Depok,Cinere - Nafas,2026-05-20 04:04:37,189,189,93,165,,,,,0,0,,,
Bogor,Kabupaten Bogor Leuwiliang,2026-05-20 03:00:00,79,79,42,,4,10,0,72,,,,,
Tangerang,Tangerang Pasir Jaya,2026-05-14 14:00:00,-,95,49,,59,63,0,65,,,,,
Bekasi,Bekasi Kayuringin,2026-05-20 03:00:00,78,78,39,,48,13,0,2,,,,,
Jakarta,The Pakubuwono Menteng,2026-05-20 04:04:26,167,167,70,152,,,,,63,29,,,
Depok,Cinere - Nafas,2026-05-20 04:04:37,189,189,93,165,,,,,0,0,,,
Bogor,Kabupaten Bogor Leuwiliang,2026-05-20 03:00:00,79,79,42,,4,10,0,72,,,,,
Tangerang,Tangerang Pasir Jaya,2026-05-14 14:00:00,-,95,49,,59,63,0,65,,,,,
Bekasi,Bekasi Kayuringin,2026-05-20 03:00:00,78,78,39,,48,13,0,2,,,,,
Jakarta,The Pakubuwono Menteng,2026-05-20 04:06:26,172,172,76,155,,,,,64,29,,,
Depok,Cinere - Nafas,2026-05-20 04:06:38,190,190,94,165,,,,,0,0,,,
Bogor,Kabupaten Bogor Leuwiliang,2026-05-20 03:00:00,79,79,42,,4,10,0,72,,,,,
Tangerang,Tangerang Pasir Jaya,2026-05-14 14:00:00,-,95,49,,59,63,0,65,,,,,
Bekasi,Bekasi Kayuringin,2026-05-20 03:00:00,78,78,39,,48,13,0,2,,,,,
Jakarta,The Pakubuwono Menteng,2026-05-20 04:06:26,172,172,76,155,,,,,64,29,,,
Depok,Cinere - Nafas,2026-05-20 04:06:38,190,190,94,165,,,,,0,0,,,
Bogor,Kabupaten Bogor Leuwiliang,2026-05-20 03:00:00,79,79,42,,4,10,0,72,,,,,
Tangerang,Tangerang Pasir Jaya,2026-05-14 14:00:00,-,95,49,,59,63,0,65,,,,,
Bekasi,Bekasi Kayuringin,2026-05-20 03:00:00,78,78,39,,48,13,0,2,,,,,
Jakarta,The Pakubuwono Menteng,2026-05-20 04:08:26,173,173,75,157,,,,,64,29,,,
Depok,Cinere - Nafas,2026-05-20 04:08:37,190,190,92,164,,,,,0,0,,,
Bogor,Kabupaten Bogor Leuwiliang,2026-05-20 04:00:00,80,80,42,,4,10,0,72,,,,,
Tangerang,Tangerang Pasir Jaya,2026-05-14 14:00:00,-,95,49,,59,63,0,65,,,,,
Bekasi,Bekasi Kayuringin,2026-05-20 04:00:00,82,82,40,,50,13,0,2,,,,,
Jakarta,The Pakubuwono Menteng,2026-05-20 04:10:26,170,170,74,155,,,,,64,28.9,,,
Depok,Cinere - Nafas,2026-05-20 04:10:39,190,190,94,165,,,,,0,0,,,
Bogor,Kabupaten Bogor Leuwiliang,2026-05-20 04:00:00,80,80,42,,4,10,0,72,,,,,
Tangerang,Tangerang Pasir Jaya,2026-05-14 14:00:00,-,95,49,,59,63,0,65,,,,,
Bekasi,Bekasi Kayuringin,2026-05-20 04:00:00,82,82,40,,50,13,0,2,,,,,
Jakarta,The Pakubuwono Menteng,2026-05-20 04:10:26,170,170,74,155,,,,,64,28.9,,,
Depok,Cinere - Nafas,2026-05-20 04:10:39,190,190,94,165,,,,,0,0,,,
Bogor,Kabupaten Bogor Leuwiliang,2026-05-20 04:00:00,80,80,42,,4,10,0,72,,,,,
Tangerang,Tangerang Pasir Jaya,2026-05-14 14:00:00,-,95,49,,59,63,0,65,,,,,
Bekasi,Bekasi Kayuringin,2026-05-20 04:00:00,82,82,40,,50,13,0,2,,,,,
Jakarta,The Pakubuwono Menteng,2026-05-20 04:11:26,172,172,75,155,,,,,64,28.9,,,
Depok,Cinere - Nafas,2026-05-20 04:11:39,189,189,92,164,,,,,0,0,,,
Bogor,Kabupaten Bogor Leuwiliang,2026-05-20 04:00:00,80,80,42,,4,10,0,72,,,,,
Tangerang,Tangerang Pasir Jaya,2026-05-14 14:00:00,-,95,49,,59,63,0,65,,,,,
Bekasi,Bekasi Kayuringin,2026-05-20 04:00:00,82,82,40,,50,13,0,2,,,,,
Jakarta,The Pakubuwono Menteng,2026-05-20 04:11:26,172,172,75,155,,,,,64,28.9,,,
Depok,Cinere - Nafas,2026-05-20 04:13:39,188,188,94,163,,,,,0,0,,,
Bogor,Kabupaten Bogor Leuwiliang,2026-05-20 04:00:00,80,80,42,,4,10,0,72,,,,,
Tangerang,Tangerang Pasir Jaya,2026-05-14 14:00:00,-,95,49,,59,63,0,65,,,,,
Bekasi,Bekasi Kayuringin,2026-05-20 04:00:00,82,82,40,,50,13,0,2,,,,,
Jakarta,The Pakubuwono Menteng,2026-05-20 04:15:26,171,171,73,155,,,,,64,28.8,,,
Depok,Cinere - Nafas,2026-05-20 04:15:38,188,188,92,163,,,,,0,0,,,
Bogor,Kabupaten Bogor Leuwiliang,2026-05-20 04:00:00,80,80,42,,4,10,0,72,,,,,
Tangerang,Tangerang Pasir Jaya,2026-05-14 14:00:00,-,95,49,,59,63,0,65,,,,,
Bekasi,Bekasi Kayuringin,2026-05-20 04:00:00,82,82,40,,50,13,0,2,,,,,
Jakarta,The Pakubuwono Menteng,2026-05-20 04:15:26,171,171,73,155,,,,,64,28.8,,,
Depok,Cinere - Nafas,2026-05-20 04:15:38,188,188,92,163,,,,,0,0,,,
Bogor,Kabupaten Bogor Leuwiliang,2026-05-20 04:00:00,80,80,42,,4,10,0,72,,,,,
Tangerang,Tangerang Pasir Jaya,2026-05-14 14:00:00,-,95,49,,59,63,0,65,,,,,
Bekasi,Bekasi Kayuringin,2026-05-20 04:00:00,82,82,40,,50,13,0,2,,,,,
Jakarta,The Pakubuwono Menteng,2026-05-20 04:17:26,170,170,72,155,,,,,65,28.8,,,
Depok,Cinere - Nafas,2026-05-20 04:17:37,190,190,92,163,,,,,0,0,,,
Bogor,Kabupaten Bogor Leuwiliang,2026-05-20 04:00:00,80,80,42,,4,10,0,72,,,,,
Tangerang,Tangerang Pasir Jaya,2026-05-14 14:00:00,-,95,49,,59,63,0,65,,,,,
Bekasi,Bekasi Kayuringin,2026-05-20 04:00:00,82,82,40,,50,13,0,2,,,,,
Jakarta,The Pakubuwono Menteng,2026-05-20 04:17:26,170,170,72,155,,,,,65,28.8,,,
Depok,Cinere - Nafas,2026-05-20 04:17:37,190,190,92,163,,,,,0,0,,,
Bogor,Kabupaten Bogor Leuwiliang,2026-05-20 04:00:00,80,80,42,,4,10,0,72,,,,,
Tangerang,Tangerang Pasir Jaya,2026-05-14 14:00:00,-,95,49,,59,63,0,65,,,,,
Bekasi,Bekasi Kayuringin,2026-05-20 04:00:00,82,82,40,,50,13,0,2,,,,,
Jakarta,The Pakubuwono Menteng,2026-05-20 04:18:26,170,170,71,153,,,,,65,28.8,,,
Depok,Cinere - Nafas,2026-05-20 04:18:39,190,190,94,163,,,,,0,0,,,
Bogor,Kabupaten Bogor Leuwiliang,2026-05-20 04:00:00,80,80,42,,4,10,0,72,,,,,
Tangerang,Tangerang Pasir Jaya,2026-05-14 14:00:00,-,95,49,,59,63,0,65,,,,,
Bekasi,Bekasi Kayuringin,2026-05-20 04:00:00,82,82,40,,50,13,0,2,,,,,
Jakarta,The Pakubuwono Menteng,2026-05-20 04:20:26,170,170,72,154,,,,,65,28.8,,,
Depok,Cinere - Nafas,2026-05-20 04:20:37,189,189,93,164,,,,,0,0,,,
Bogor,Kabupaten Bogor Leuwiliang,2026-05-20 04:00:00,80,80,42,,4,10,0,72,,,,,
Tangerang,Tangerang Pasir Jaya,2026-05-14 14:00:00,-,95,49,,59,63,0,65,,,,,
Bekasi,Bekasi Kayuringin,2026-05-20 04:00:00,82,82,40,,50,13,0,2,,,,,
Jakarta,The Pakubuwono Menteng,2026-05-20 04:20:26,170,170,72,154,,,,,65,28.8,,,
Depok,Cinere - Nafas,2026-05-20 04:20:37,189,189,93,164,,,,,0,0,,,
Bogor,Kabupaten Bogor Leuwiliang,2026-05-20 04:00:00,80,80,42,,4,10,0,72,,,,,
Tangerang,Tangerang Pasir Jaya,2026-05-14 14:00:00,-,95,49,,59,63,0,65,,,,,
Bekasi,Bekasi Kayuringin,2026-05-20 04:00:00,82,82,40,,50,13,0,2,,,,,
Jakarta,The Pakubuwono Menteng,2026-05-20 04:22:26,168,168,70,152,,,,,65,28.8,,,
Depok,Cinere - Nafas,2026-05-20 04:22:37,187,187,91,163,,,,,0,0,,,
Bogor,Kabupaten Bogor Leuwiliang,2026-05-20 04:00:00,80,80,42,,4,10,0,72,,,,,
Tangerang,Tangerang Pasir Jaya,2026-05-14 14:00:00,-,95,49,,59,63,0,65,,,,,
Bekasi,Bekasi Kayuringin,2026-05-20 04:00:00,82,82,40,,50,13,0,2,,,,,
Jakarta,The Pakubuwono Menteng,2026-05-20 04:22:26,168,168,70,152,,,,,65,28.8,,,
Depok,Cinere - Nafas,2026-05-20 04:22:37,187,187,91,163,,,,,0,0,,,
Bogor,Kabupaten Bogor Leuwiliang,2026-05-20 04:00:00,80,80,42,,4,10,0,72,,,,,
Tangerang,Tangerang Pasir Jaya,2026-05-14 14:00:00,-,95,49,,59,63,0,65,,,,,
Bekasi,Bekasi Kayuringin,2026-05-20 04:00:00,82,82,40,,50,13,0,2,,,,,
Jakarta,The Pakubuwono Menteng,2026-05-20 04:26:26,166,166,69,152,,,,,65,28.8,,,
Depok,Cinere - Nafas,2026-05-20 04:26:40,189,189,94,165,,,,,0,0,,,
Bogor,Kabupaten Bogor Leuwiliang,2026-05-20 04:00:00,80,80,42,,4,10,0,72,,,,,
Tangerang,Tangerang Pasir Jaya,2026-05-14 14:00:00,-,95,49,,59,63,0,65,,,,,
Bekasi,Bekasi Kayuringin,2026-05-20 04:00:00,82,82,40,,50,13,0,2,,,,,
Jakarta,The Pakubuwono Menteng,2026-05-20 04:26:26,166,166,69,152,,,,,65,28.8,,,
Depok,Cinere - Nafas,2026-05-20 04:26:40,189,189,94,165,,,,,0,0,,,
Bogor,Kabupaten Bogor Leuwiliang,2026-05-20 04:00:00,80,80,42,,4,10,0,72,,,,,
Tangerang,Tangerang Pasir Jaya,2026-05-14 14:00:00,-,95,49,,59,63,0,65,,,,,
Bekasi,Bekasi Kayuringin,2026-05-20 04:00:00,82,82,40,,50,13,0,2,,,,,
Jakarta,The Pakubuwono Menteng,2026-05-20 04:28:26,167,167,69,152,,,,,64,28.8,,,
Depok,Cinere - Nafas,2026-05-20 04:28:37,189,189,93,165,,,,,0,0,,,
Bogor,Kabupaten Bogor Leuwiliang,2026-05-20 04:00:00,80,80,42,,4,10,0,72,,,,,
Tangerang,Tangerang Pasir Jaya,2026-05-14 14:00:00,-,95,49,,59,63,0,65,,,,,
Bekasi,Bekasi Kayuringin,2026-05-20 04:00:00,82,82,40,,50,13,0,2,,,,,
Jakarta,The Pakubuwono Menteng,2026-05-20 04:28:26,167,167,69,152,,,,,64,28.8,,,
Depok,Cinere - Nafas,2026-05-20 04:28:37,189,189,93,165,,,,,0,0,,,
Bogor,Kabupaten Bogor Leuwiliang,2026-05-20 04:00:00,80,80,42,,4,10,0,72,,,,,
Tangerang,Tangerang Pasir Jaya,2026-05-14 14:00:00,-,95,49,,59,63,0,65,,,,,
Bekasi,Bekasi Kayuringin,2026-05-20 04:00:00,82,82,40,,50,13,0,2,,,,,
Jakarta,The Pakubuwono Menteng,2026-05-20 04:30:26,166,166,69,152,,,,,65,28.8,,,
Depok,Cinere - Nafas,2026-05-20 04:30:37,187,187,93,165,,,,,0,0,,,
Bogor,Kabupaten Bogor Leuwiliang,2026-05-20 04:00:00,80,80,42,,4,10,0,72,,,,,
Tangerang,Tangerang Pasir Jaya,2026-05-14 14:00:00,-,95,49,,59,63,0,65,,,,,
Bekasi,Bekasi Kayuringin,2026-05-20 04:00:00,82,82,40,,50,13,0,2,,,,,
Jakarta,The Pakubuwono Menteng,2026-05-20 04:30:26,166,166,69,152,,,,,65,28.8,,,
Depok,Cinere - Nafas,2026-05-20 04:30:37,187,187,93,165,,,,,0,0,,,
Bogor,Kabupaten Bogor Leuwiliang,2026-05-20 04:00:00,80,80,42,,4,10,0,72,,,,,
Tangerang,Tangerang Pasir Jaya,2026-05-14 14:00:00,-,95,49,,59,63,0,65,,,,,
Bekasi,Bekasi Kayuringin,2026-05-20 04:00:00,82,82,40,,50,13,0,2,,,,,
Jakarta,The Pakubuwono Menteng,2026-05-20 04:32:26,167,167,68,152,,,,,65,28.8,,,
Depok,Cinere - Nafas,2026-05-20 04:32:38,189,189,92,163,,,,,0,0,,,
Bogor,Kabupaten Bogor Leuwiliang,2026-05-20 04:00:00,80,80,42,,4,10,0,72,,,,,
Tangerang,Tangerang Pasir Jaya,2026-05-14 14:00:00,-,95,49,,59,63,0,65,,,,,
Bekasi,Bekasi Kayuringin,2026-05-20 04:00:00,82,82,40,,50,13,0,2,,,,,
Jakarta,The Pakubuwono Menteng,2026-05-20 04:33:26,165,165,68,151,,,,,64,28.8,,,
Depok,Cinere - Nafas,2026-05-20 04:33:39,189,189,92,164,,,,,0,0,,,
Bogor,Kabupaten Bogor Leuwiliang,2026-05-20 04:00:00,80,80,42,,4,10,0,72,,,,,
Tangerang,Tangerang Pasir Jaya,2026-05-14 14:00:00,-,95,49,,59,63,0,65,,,,,
Bekasi,Bekasi Kayuringin,2026-05-20 04:00:00,82,82,40,,50,13,0,2,,,,,
Jakarta,The Pakubuwono Menteng,2026-05-20 04:33:26,165,165,68,151,,,,,64,28.8,,,
Depok,Cinere - Nafas,2026-05-20 04:33:39,189,189,92,164,,,,,0,0,,,
Bogor,Kabupaten Bogor Leuwiliang,2026-05-20 04:00:00,80,80,42,,4,10,0,72,,,,,
Tangerang,Tangerang Pasir Jaya,2026-05-14 14:00:00,-,95,49,,59,63,0,65,,,,,
Bekasi,Bekasi Kayuringin,2026-05-20 04:00:00,82,82,40,,50,13,0,2,,,,,
Jakarta,The Pakubuwono Menteng,2026-05-20 04:35:26,166,166,68,151,,,,,64,28.8,,,
Depok,Cinere - Nafas,2026-05-20 04:35:37,188,188,92,165,,,,,0,0,,,
Bogor,Kabupaten Bogor Leuwiliang,2026-05-20 04:00:00,80,80,42,,4,10,0,72,,,,,
Tangerang,Tangerang Pasir Jaya,2026-05-14 14:00:00,-,95,49,,59,63,0,65,,,,,
Bekasi,Bekasi Kayuringin,2026-05-20 04:00:00,82,82,40,,50,13,0,2,,,,,
Jakarta,The Pakubuwono Menteng,2026-05-20 04:38:26,162,162,64,144,,,,,63,28.8,,,
Depok,Cinere - Nafas,2026-05-20 04:37:38,189,189,92,165,,,,,0,0,,,
Bogor,Kabupaten Bogor Leuwiliang,2026-05-20 04:00:00,80,80,42,,4,10,0,72,,,,,
Tangerang,Tangerang Pasir Jaya,2026-05-14 14:00:00,-,95,49,,59,63,0,65,,,,,
Bekasi,Bekasi Kayuringin,2026-05-20 04:00:00,82,82,40,,50,13,0,2,,,,,
Jakarta,The Pakubuwono Menteng,2026-05-20 04:40:26,162,162,65,146,,,,,64,28.9,,,
Depok,Cinere - Nafas,2026-05-20 04:39:38,189,189,93,165,,,,,0,0,,,
Bogor,Kabupaten Bogor Leuwiliang,2026-05-20 04:00:00,80,80,42,,4,10,0,72,,,,,
Tangerang,Tangerang Pasir Jaya,2026-05-14 14:00:00,-,95,49,,59,63,0,65,,,,,
Bekasi,Bekasi Kayuringin,2026-05-20 04:00:00,82,82,40,,50,13,0,2,,,,,
Jakarta,The Pakubuwono Menteng,2026-05-20 04:40:26,162,162,65,146,,,,,64,28.9,,,
Depok,Cinere - Nafas,2026-05-20 04:39:38,189,189,93,165,,,,,0,0,,,
Bogor,Kabupaten Bogor Leuwiliang,2026-05-20 04:00:00,80,80,42,,4,10,0,72,,,,,
Tangerang,Tangerang Pasir Jaya,2026-05-14 14:00:00,-,95,49,,59,63,0,65,,,,,
Bekasi,Bekasi Kayuringin,2026-05-20 04:00:00,82,82,40,,50,13,0,2,,,,,
Jakarta,The Pakubuwono Menteng,2026-05-20 04:42:26,164,164,67,150,,,,,64,28.9,,,
Depok,Cinere - Nafas,2026-05-20 04:41:37,188,188,91,164,,,,,0,0,,,
Bogor,Kabupaten Bogor Leuwiliang,2026-05-20 04:00:00,80,80,42,,4,10,0,72,,,,,
Tangerang,Tangerang Pasir Jaya,2026-05-14 14:00:00,-,95,49,,59,63,0,65,,,,,
Bekasi,Bekasi Kayuringin,2026-05-20 04:00:00,82,82,40,,50,13,0,2,,,,,
Jakarta,The Pakubuwono Menteng,2026-05-20 04:42:26,164,164,67,150,,,,,64,28.9,,,
Depok,Cinere - Nafas,2026-05-20 04:41:37,188,188,91,164,,,,,0,0,,,
Bogor,Kabupaten Bogor Leuwiliang,2026-05-20 04:00:00,80,80,42,,4,10,0,72,,,,,
Tangerang,Tangerang Pasir Jaya,2026-05-14 14:00:00,-,95,49,,59,63,0,65,,,,,
Bekasi,Bekasi Kayuringin,2026-05-20 04:00:00,82,82,40,,50,13,0,2,,,,,
Jakarta,The Pakubuwono Menteng,2026-05-20 04:43:26,163,163,65,148,,,,,63,28.9,,,
Depok,Cinere - Nafas,2026-05-20 04:43:38,188,188,89,164,,,,,0,0,,,
Bogor,Kabupaten Bogor Leuwiliang,2026-05-20 04:00:00,80,80,42,,4,10,0,72,,,,,
Tangerang,Tangerang Pasir Jaya,2026-05-14 14:00:00,-,95,49,,59,63,0,65,,,,,
Bekasi,Bekasi Kayuringin,2026-05-20 04:00:00,82,82,40,,50,13,0,2,,,,,
Jakarta,The Pakubuwono Menteng,2026-05-20 04:45:27,162,162,65,140,,,,,63,28.9,,,
Depok,Cinere - Nafas,2026-05-20 04:44:37,188,188,91,163,,,,,0,0,,,
Bogor,Kabupaten Bogor Leuwiliang,2026-05-20 04:00:00,80,80,42,,4,10,0,72,,,,,
Tangerang,Tangerang Pasir Jaya,2026-05-14 14:00:00,-,95,49,,59,63,0,65,,,,,
Bekasi,Bekasi Kayuringin,2026-05-20 04:00:00,82,82,40,,50,13,0,2,,,,,
Jakarta,The Pakubuwono Menteng,2026-05-20 04:45:27,162,162,65,140,,,,,63,28.9,,,
Depok,Cinere - Nafas,2026-05-20 04:44:37,188,188,91,163,,,,,0,0,,,
Bogor,Kabupaten Bogor Leuwiliang,2026-05-20 04:00:00,80,80,42,,4,10,0,72,,,,,
Tangerang,Tangerang Pasir Jaya,2026-05-14 14:00:00,-,95,49,,59,63,0,65,,,,,
Bekasi,Bekasi Kayuringin,2026-05-20 04:00:00,82,82,40,,50,13,0,2,,,,,
Jakarta,The Pakubuwono Menteng,2026-05-20 04:47:26,161,161,64,141,,,,,63,28.9,,,
Depok,Cinere - Nafas,2026-05-20 04:46:38,189,189,94,164,,,,,0,0,,,
Bogor,Kabupaten Bogor Leuwiliang,2026-05-20 04:00:00,80,80,42,,4,10,0,72,,,,,
Tangerang,Tangerang Pasir Jaya,2026-05-14 14:00:00,-,95,49,,59,63,0,65,,,,,
Bekasi,Bekasi Kayuringin,2026-05-20 04:00:00,82,82,40,,50,13,0,2,,,,,
Jakarta,The Pakubuwono Menteng,2026-05-20 04:47:26,161,161,64,141,,,,,63,28.9,,,
Depok,Cinere - Nafas,2026-05-20 04:46:38,189,189,94,164,,,,,0,0,,,
Bogor,Kabupaten Bogor Leuwiliang,2026-05-20 04:00:00,80,80,42,,4,10,0,72,,,,,
Tangerang,Tangerang Pasir Jaya,2026-05-14 14:00:00,-,95,49,,59,63,0,65,,,,,
Bekasi,Bekasi Kayuringin,2026-05-20 04:00:00,82,82,40,,50,13,0,2,,,,,
Jakarta,The Pakubuwono Menteng,2026-05-20 04:51:27,162,162,65,142,,,,,63,28.9,,,
Depok,Cinere - Nafas,2026-05-20 04:50:40,190,190,94,165,,,,,0,0,,,
Bogor,Kabupaten Bogor Leuwiliang,2026-05-20 04:00:00,80,80,42,,4,10,0,72,,,,,
Tangerang,Tangerang Pasir Jaya,2026-05-14 14:00:00,-,95,49,,59,63,0,65,,,,,
Bekasi,Bekasi Kayuringin,2026-05-20 04:00:00,82,82,40,,50,13,0,2,,,,,
Jakarta,The Pakubuwono Menteng,2026-05-20 04:51:27,162,162,65,142,,,,,63,28.9,,,
Depok,Cinere - Nafas,2026-05-20 04:50:40,190,190,94,165,,,,,0,0,,,
Bogor,Kabupaten Bogor Leuwiliang,2026-05-20 04:00:00,80,80,42,,4,10,0,72,,,,,
Tangerang,Tangerang Pasir Jaya,2026-05-14 14:00:00,-,95,49,,59,63,0,65,,,,,
Bekasi,Bekasi Kayuringin,2026-05-20 04:00:00,82,82,40,,50,13,0,2,,,,,
Jakarta,The Pakubuwono Menteng,2026-05-20 04:52:27,158,158,62,137,,,,,63,28.9,,,
Depok,Cinere - Nafas,2026-05-20 04:51:40,188,188,91,164,,,,,0,0,,,
Bogor,Kabupaten Bogor Leuwiliang,2026-05-20 04:00:00,80,80,42,,4,10,0,72,,,,,
Tangerang,Tangerang Pasir Jaya,2026-05-14 14:00:00,-,95,49,,59,63,0,65,,,,,
Bekasi,Bekasi Kayuringin,2026-05-20 04:00:00,82,82,40,,50,13,0,2,,,,,
Jakarta,The Pakubuwono Menteng,2026-05-20 04:54:27,159,159,62,136,,,,,63,28.9,,,
Depok,Cinere - Nafas,2026-05-20 04:53:38,188,188,91,164,,,,,0,0,,,
Bogor,Kabupaten Bogor Leuwiliang,2026-05-20 04:00:00,80,80,42,,4,10,0,72,,,,,
Tangerang,Tangerang Pasir Jaya,2026-05-14 14:00:00,-,95,49,,59,63,0,65,,,,,
Bekasi,Bekasi Kayuringin,2026-05-20 04:00:00,82,82,40,,50,13,0,2,,,,,
Jakarta,The Pakubuwono Menteng,2026-05-20 04:54:27,159,159,62,136,,,,,63,28.9,,,
Depok,Cinere - Nafas,2026-05-20 04:53:38,188,188,91,164,,,,,0,0,,,
Bogor,Kabupaten Bogor Leuwiliang,2026-05-20 04:00:00,80,80,42,,4,10,0,72,,,,,
Tangerang,Tangerang Pasir Jaya,2026-05-14 14:00:00,-,95,49,,59,63,0,65,,,,,
Bekasi,Bekasi Kayuringin,2026-05-20 04:00:00,82,82,40,,50,13,0,2,,,,,
Jakarta,The Pakubuwono Menteng,2026-05-20 04:56:27,157,157,61,133,,,,,63,28.9,,,
Depok,Cinere - Nafas,2026-05-20 04:55:38,188,188,91,162,,,,,0,0,,,
Bogor,Kabupaten Bogor Leuwiliang,2026-05-20 04:00:00,80,80,42,,4,10,0,72,,,,,
Tangerang,Tangerang Pasir Jaya,2026-05-14 14:00:00,-,95,49,,59,63,0,65,,,,,
Bekasi,Bekasi Kayuringin,2026-05-20 04:00:00,82,82,40,,50,13,0,2,,,,,
Jakarta,The Pakubuwono Menteng,2026-05-20 04:56:27,157,157,61,133,,,,,63,28.9,,,
Depok,Cinere - Nafas,2026-05-20 04:55:38,188,188,91,162,,,,,0,0,,,
Bogor,Kabupaten Bogor Leuwiliang,2026-05-20 04:00:00,80,80,42,,4,10,0,72,,,,,
Tangerang,Tangerang Pasir Jaya,2026-05-14 14:00:00,-,95,49,,59,63,0,65,,,,,
Bekasi,Bekasi Kayuringin,2026-05-20 04:00:00,82,82,40,,50,13,0,2,,,,,
Jakarta,The Pakubuwono Menteng,2026-05-20 04:58:27,157,157,61,132,,,,,63,28.9,,,
Depok,Cinere - Nafas,2026-05-20 04:57:41,186,186,89,163,,,,,0,0,,,
Bogor,Kabupaten Bogor Leuwiliang,2026-05-20 04:00:00,80,80,42,,4,10,0,72,,,,,
Tangerang,Tangerang Pasir Jaya,2026-05-14 14:00:00,-,95,49,,59,63,0,65,,,,,
Bekasi,Bekasi Kayuringin,2026-05-20 04:00:00,82,82,40,,50,13,0,2,,,,,
Jakarta,The Pakubuwono Menteng,2026-05-20 04:58:27,157,157,61,132,,,,,63,28.9,,,
Depok,Cinere - Nafas,2026-05-20 04:57:41,186,186,89,163,,,,,0,0,,,
Bogor,Kabupaten Bogor Leuwiliang,2026-05-20 04:00:00,80,80,42,,4,10,0,72,,,,,
Tangerang,Tangerang Pasir Jaya,2026-05-14 14:00:00,-,95,49,,59,63,0,65,,,,,
Bekasi,Bekasi Kayuringin,2026-05-20 04:00:00,82,82,40,,50,13,0,2,,,,,
Jakarta,The Pakubuwono Menteng,2026-05-20 05:02:27,156,156,60,120,,,,,62,28.9,,,
Depok,Cinere - Nafas,2026-05-20 05:01:38,186,186,92,163,,,,,0,0,,,
Bogor,Kabupaten Bogor Leuwiliang,2026-05-20 04:00:00,80,80,42,,4,10,0,72,,,,,
Tangerang,Tangerang Pasir Jaya,2026-05-14 14:00:00,-,95,49,,59,63,0,65,,,,,
Bekasi,Bekasi Kayuringin,2026-05-20 04:00:00,82,82,40,,50,13,0,2,,,,,
Jakarta,The Pakubuwono Menteng,2026-05-20 05:02:27,156,156,60,120,,,,,62,28.9,,,
Depok,Cinere - Nafas,2026-05-20 05:01:38,186,186,92,163,,,,,0,0,,,
Bogor,Kabupaten Bogor Leuwiliang,2026-05-20 04:00:00,80,80,42,,4,10,0,72,,,,,
Tangerang,Tangerang Pasir Jaya,2026-05-14 14:00:00,-,95,49,,59,63,0,65,,,,,
Bekasi,Bekasi Kayuringin,2026-05-20 04:00:00,82,82,40,,50,13,0,2,,,,,
Jakarta,The Pakubuwono Menteng,2026-05-20 05:04:27,155,155,59,119,,,,,62,28.9,,,
Depok,Cinere - Nafas,2026-05-20 05:03:38,187,187,91,162,,,,,0,0,,,
Bogor,Kabupaten Bogor Leuwiliang,2026-05-20 04:00:00,80,80,42,,4,10,0,72,,,,,
Tangerang,Tangerang Pasir Jaya,2026-05-14 14:00:00,-,95,49,,59,63,0,65,,,,,
Bekasi,Bekasi Kayuringin,2026-05-20 04:00:00,82,82,40,,50,13,0,2,,,,,
Jakarta,The Pakubuwono Menteng,2026-05-20 05:04:27,155,155,59,119,,,,,62,28.9,,,
Depok,Cinere - Nafas,2026-05-20 05:03:38,187,187,91,162,,,,,0,0,,,
Bogor,Kabupaten Bogor Leuwiliang,2026-05-20 04:00:00,80,80,42,,4,10,0,72,,,,,
Tangerang,Tangerang Pasir Jaya,2026-05-14 14:00:00,-,95,49,,59,63,0,65,,,,,
Bekasi,Bekasi Kayuringin,2026-05-20 04:00:00,82,82,40,,50,13,0,2,,,,,
Jakarta,The Pakubuwono Menteng,2026-05-20 05:05:27,155,155,59,120,,,,,62,29,,,
Depok,Cinere - Nafas,2026-05-20 05:04:37,187,187,91,163,,,,,0,0,,,
Bogor,Kabupaten Bogor Leuwiliang,2026-05-20 04:00:00,80,80,42,,4,10,0,72,,,,,
Tangerang,Tangerang Pasir Jaya,2026-05-14 14:00:00,-,95,49,,59,63,0,65,,,,,
Bekasi,Bekasi Kayuringin,2026-05-20 04:00:00,82,82,40,,50,13,0,2,,,,,
Jakarta,The Pakubuwono Menteng,2026-05-20 05:07:27,155,155,60,119,,,,,62,29,,,
Depok,Cinere - Nafas,2026-05-20 05:06:40,188,188,91,165,,,,,0,0,,,
Bogor,Kabupaten Bogor Leuwiliang,2026-05-20 04:00:00,80,80,42,,4,10,0,72,,,,,
Tangerang,Tangerang Pasir Jaya,2026-05-14 14:00:00,-,95,49,,59,63,0,65,,,,,
Bekasi,Bekasi Kayuringin,2026-05-20 04:00:00,82,82,40,,50,13,0,2,,,,,
Jakarta,The Pakubuwono Menteng,2026-05-20 05:07:27,155,155,60,119,,,,,62,29,,,
Depok,Cinere - Nafas,2026-05-20 05:06:40,188,188,91,165,,,,,0,0,,,
Bogor,Kabupaten Bogor Leuwiliang,2026-05-20 04:00:00,80,80,42,,4,10,0,72,,,,,
Tangerang,Tangerang Pasir Jaya,2026-05-14 14:00:00,-,95,49,,59,63,0,65,,,,,
Bekasi,Bekasi Kayuringin,2026-05-20 04:00:00,82,82,40,,50,13,0,2,,,,,
Jakarta,The Pakubuwono Menteng,2026-05-20 05:09:27,159,159,62,131,,,,,63,29,,,
Depok,Cinere - Nafas,2026-05-20 05:08:34,189,189,92,165,,,,,0,0,,,
Bogor,Kabupaten Bogor Leuwiliang,2026-05-20 05:00:00,80,80,42,,4,10,0,72,,,,,
Tangerang,Tangerang Pasir Jaya,2026-05-20 05:00:00,108,108,51,,59,63,0,25,,,,,
Bekasi,Bekasi Kayuringin,2026-05-20 05:00:00,84,84,41,,50,13,0,2,,,,,
Jakarta,The Pakubuwono Menteng,2026-05-20 05:09:27,159,159,62,131,,,,,63,29,,,
Depok,Cinere - Nafas,2026-05-20 05:08:34,189,189,92,165,,,,,0,0,,,
Bogor,Kabupaten Bogor Leuwiliang,2026-05-20 05:00:00,80,80,42,,4,10,0,72,,,,,
Tangerang,Tangerang Pasir Jaya,2026-05-20 05:00:00,108,108,51,,59,63,0,25,,,,,
Bekasi,Bekasi Kayuringin,2026-05-20 05:00:00,84,84,41,,50,13,0,2,,,,,
Jakarta,The Pakubuwono Menteng,2026-05-20 05:11:27,154,154,59,114,,,,,62,29,,,
Depok,Cinere - Nafas,2026-05-20 05:10:35,187,187,91,164,,,,,0,0,,,
Bogor,Kabupaten Bogor Leuwiliang,2026-05-20 05:00:00,80,80,42,,4,10,0,72,,,,,
Tangerang,Tangerang Pasir Jaya,2026-05-20 05:00:00,108,108,51,,59,63,0,25,,,,,
Bekasi,Bekasi Kayuringin,2026-05-20 05:00:00,84,84,41,,50,13,0,2,,,,,
Jakarta,The Pakubuwono Menteng,2026-05-20 05:13:27,156,156,60,128,,,,,62,29,,,
Depok,Cinere - Nafas,2026-05-20 05:12:34,187,187,91,163,,,,,0,0,,,
Bogor,Kabupaten Bogor Leuwiliang,2026-05-20 05:00:00,80,80,42,,4,10,0,72,,,,,
Tangerang,Tangerang Pasir Jaya,2026-05-20 05:00:00,108,108,51,,59,63,0,25,,,,,
Bekasi,Bekasi Kayuringin,2026-05-20 05:00:00,84,84,41,,50,13,0,2,,,,,
Jakarta,The Pakubuwono Menteng,2026-05-20 05:15:27,157,157,61,131,,,,,62,29,,,
Depok,Cinere - Nafas,2026-05-20 05:15:34,189,189,93,163,,,,,0,0,,,
Bogor,Kabupaten Bogor Leuwiliang,2026-05-20 05:00:00,80,80,42,,4,10,0,72,,,,,
Tangerang,Tangerang Pasir Jaya,2026-05-20 05:00:00,108,108,51,,59,63,0,25,,,,,
Bekasi,Bekasi Kayuringin,2026-05-20 05:00:00,84,84,41,,50,13,0,2,,,,,
Jakarta,The Pakubuwono Menteng,2026-05-20 05:15:27,157,157,61,131,,,,,62,29,,,
Depok,Cinere - Nafas,2026-05-20 05:15:34,189,189,93,163,,,,,0,0,,,
Bogor,Kabupaten Bogor Leuwiliang,2026-05-20 05:00:00,80,80,42,,4,10,0,72,,,,,
Tangerang,Tangerang Pasir Jaya,2026-05-20 05:00:00,108,108,51,,59,63,0,25,,,,,
Bekasi,Bekasi Kayuringin,2026-05-20 05:00:00,84,84,41,,50,13,0,2,,,,,
Jakarta,The Pakubuwono Menteng,2026-05-20 05:17:27,156,156,60,125,,,,,62,29,,,
Depok,Cinere - Nafas,2026-05-20 05:16:34,194,194,98,168,,,,,0,0,,,
Bogor,Kabupaten Bogor Leuwiliang,2026-05-20 05:00:00,80,80,42,,4,10,0,72,,,,,
Tangerang,Tangerang Pasir Jaya,2026-05-20 05:00:00,108,108,51,,59,63,0,25,,,,,
Bekasi,Bekasi Kayuringin,2026-05-20 05:00:00,84,84,41,,50,13,0,2,,,,,
Jakarta,The Pakubuwono Menteng,2026-05-20 05:17:27,156,156,60,125,,,,,62,29,,,
Depok,Cinere - Nafas,2026-05-20 05:16:34,194,194,98,168,,,,,0,0,,,
Bogor,Kabupaten Bogor Leuwiliang,2026-05-20 05:00:00,80,80,42,,4,10,0,72,,,,,
Tangerang,Tangerang Pasir Jaya,2026-05-20 05:00:00,108,108,51,,59,63,0,25,,,,,
Bekasi,Bekasi Kayuringin,2026-05-20 05:00:00,84,84,41,,50,13,0,2,,,,,
Jakarta,The Pakubuwono Menteng,2026-05-20 05:19:30,154,154,59,121,,,,,61,29,,,
Depok,Cinere - Nafas,2026-05-20 05:17:36,193,193,97,167,,,,,0,0,,,
Bogor,Kabupaten Bogor Leuwiliang,2026-05-20 05:00:00,80,80,42,,4,10,0,72,,,,,
Tangerang,Tangerang Pasir Jaya,2026-05-20 05:00:00,108,108,51,,59,63,0,25,,,,,
Bekasi,Bekasi Kayuringin,2026-05-20 05:00:00,84,84,41,,50,13,0,2,,,,,
Jakarta,The Pakubuwono Menteng,2026-05-20 05:19:30,154,154,59,121,,,,,61,29,,,
Depok,Cinere - Nafas,2026-05-20 05:17:36,193,193,97,167,,,,,0,0,,,
Bogor,Kabupaten Bogor Leuwiliang,2026-05-20 05:00:00,80,80,42,,4,10,0,72,,,,,
Tangerang,Tangerang Pasir Jaya,2026-05-20 05:00:00,108,108,51,,59,63,0,25,,,,,
Bekasi,Bekasi Kayuringin,2026-05-20 05:00:00,84,84,41,,50,13,0,2,,,,,
Jakarta,The Pakubuwono Menteng,2026-05-20 05:20:29,155,155,59,121,,,,,61,29,,,
Depok,Cinere - Nafas,2026-05-20 05:17:36,193,193,97,167,,,,,0,0,,,
Bogor,Kabupaten Bogor Leuwiliang,2026-05-20 05:00:00,80,80,42,,4,10,0,72,,,,,
Tangerang,Tangerang Pasir Jaya,2026-05-20 05:00:00,108,108,51,,59,63,0,25,,,,,
Bekasi,Bekasi Kayuringin,2026-05-20 05:00:00,84,84,41,,50,13,0,2,,,,,
Jakarta,The Pakubuwono Menteng,2026-05-20 05:22:27,155,155,60,121,,,,,62,29.1,,,
Depok,Cinere - Nafas,2026-05-20 05:17:36,193,193,97,167,,,,,0,0,,,
Bogor,Kabupaten Bogor Leuwiliang,2026-05-20 05:00:00,80,80,42,,4,10,0,72,,,,,
Tangerang,Tangerang Pasir Jaya,2026-05-20 05:00:00,108,108,51,,59,63,0,25,,,,,
Bekasi,Bekasi Kayuringin,2026-05-20 05:00:00,84,84,41,,50,13,0,2,,,,,
Jakarta,The Pakubuwono Menteng,2026-05-20 05:24:27,156,156,60,123,,,,,62,29.1,,,
Depok,Cinere - Nafas,2026-05-20 05:23:38,192,192,98,166,,,,,0,0,,,
Bogor,Kabupaten Bogor Leuwiliang,2026-05-20 05:00:00,80,80,42,,4,10,0,72,,,,,
Tangerang,Tangerang Pasir Jaya,2026-05-20 05:00:00,108,108,51,,59,63,0,25,,,,,
Bekasi,Bekasi Kayuringin,2026-05-20 05:00:00,84,84,41,,50,13,0,2,,,,,
Jakarta,The Pakubuwono Menteng,2026-05-20 05:24:27,156,156,60,123,,,,,62,29.1,,,
Depok,Cinere - Nafas,2026-05-20 05:23:38,192,192,98,166,,,,,0,0,,,
Bogor,Kabupaten Bogor Leuwiliang,2026-05-20 05:00:00,80,80,42,,4,10,0,72,,,,,
Tangerang,Tangerang Pasir Jaya,2026-05-20 05:00:00,108,108,51,,59,63,0,25,,,,,
Bekasi,Bekasi Kayuringin,2026-05-20 05:00:00,84,84,41,,50,13,0,2,,,,,
Jakarta,The Pakubuwono Menteng,2026-05-20 05:26:27,154,154,59,120,,,,,62,29.1,,,
Depok,Cinere - Nafas,2026-05-20 05:25:38,194,194,98,167,,,,,0,0,,,
Bogor,Kabupaten Bogor Leuwiliang,2026-05-20 05:00:00,80,80,42,,4,10,0,72,,,,,
Tangerang,Tangerang Pasir Jaya,2026-05-20 05:00:00,108,108,51,,59,63,0,25,,,,,
Bekasi,Bekasi Kayuringin,2026-05-20 05:00:00,84,84,41,,50,13,0,2,,,,,
Jakarta,The Pakubuwono Menteng,2026-05-20 05:28:27,155,155,60,120,,,,,62,29.1,,,
Depok,Cinere - Nafas,2026-05-20 05:27:38,191,191,95,167,,,,,0,0,,,
Bogor,Kabupaten Bogor Leuwiliang,2026-05-20 05:00:00,80,80,42,,4,10,0,72,,,,,
Tangerang,Tangerang Pasir Jaya,2026-05-20 05:00:00,108,108,51,,59,63,0,25,,,,,
Bekasi,Bekasi Kayuringin,2026-05-20 05:00:00,84,84,41,,50,13,0,2,,,,,
Jakarta,The Pakubuwono Menteng,2026-05-20 05:28:27,155,155,60,120,,,,,62,29.1,,,
Depok,Cinere - Nafas,2026-05-20 05:27:38,191,191,95,167,,,,,0,0,,,
Bogor,Kabupaten Bogor Leuwiliang,2026-05-20 05:00:00,80,80,42,,4,10,0,72,,,,,
Tangerang,Tangerang Pasir Jaya,2026-05-20 05:00:00,108,108,51,,59,63,0,25,,,,,
Bekasi,Bekasi Kayuringin,2026-05-20 05:00:00,84,84,41,,50,13,0,2,,,,,
Jakarta,The Pakubuwono Menteng,2026-05-20 05:30:27,155,155,59,118,,,,,62,29.1,,,
Depok,Cinere - Nafas,2026-05-20 05:30:38,192,192,97,167,,,,,0,0,,,
Bogor,Kabupaten Bogor Leuwiliang,2026-05-20 05:00:00,80,80,42,,4,10,0,72,,,,,
Tangerang,Tangerang Pasir Jaya,2026-05-20 05:00:00,108,108,51,,59,63,0,25,,,,,
Bekasi,Bekasi Kayuringin,2026-05-20 05:00:00,84,84,41,,50,13,0,2,,,,,
Jakarta,The Pakubuwono Menteng,2026-05-20 05:31:27,154,154,60,120,,,,,62,29.1,,,
Depok,Cinere - Nafas,2026-05-20 05:31:39,192,192,96,166,,,,,0,0,,,
Bogor,Kabupaten Bogor Leuwiliang,2026-05-20 05:00:00,80,80,42,,4,10,0,72,,,,,
Tangerang,Tangerang Pasir Jaya,2026-05-20 05:00:00,108,108,51,,59,63,0,25,,,,,
Bekasi,Bekasi Kayuringin,2026-05-20 05:00:00,84,84,41,,50,13,0,2,,,,,
Jakarta,The Pakubuwono Menteng,2026-05-20 05:31:27,154,154,60,120,,,,,62,29.1,,,
Depok,Cinere - Nafas,2026-05-20 05:31:39,192,192,96,166,,,,,0,0,,,
Bogor,Kabupaten Bogor Leuwiliang,2026-05-20 05:00:00,80,80,42,,4,10,0,72,,,,,
Tangerang,Tangerang Pasir Jaya,2026-05-20 05:00:00,108,108,51,,59,63,0,25,,,,,
Bekasi,Bekasi Kayuringin,2026-05-20 05:00:00,84,84,41,,50,13,0,2,,,,,
Jakarta,The Pakubuwono Menteng,2026-05-20 05:33:27,153,153,59,120,,,,,62,29.1,,,
Depok,Cinere - Nafas,2026-05-20 05:33:38,192,192,94,166,,,,,0,0,,,
Bogor,Kabupaten Bogor Leuwiliang,2026-05-20 05:00:00,80,80,42,,4,10,0,72,,,,,
Tangerang,Tangerang Pasir Jaya,2026-05-20 05:00:00,108,108,51,,59,63,0,25,,,,,
Bekasi,Bekasi Kayuringin,2026-05-20 05:00:00,84,84,41,,50,13,0,2,,,,,
Jakarta,The Pakubuwono Menteng,2026-05-20 05:33:27,153,153,59,120,,,,,62,29.1,,,
Depok,Cinere - Nafas,2026-05-20 05:33:38,192,192,94,166,,,,,0,0,,,
Bogor,Kabupaten Bogor Leuwiliang,2026-05-20 05:00:00,80,80,42,,4,10,0,72,,,,,
Tangerang,Tangerang Pasir Jaya,2026-05-20 05:00:00,108,108,51,,59,63,0,25,,,,,
Bekasi,Bekasi Kayuringin,2026-05-20 05:00:00,84,84,41,,50,13,0,2,,,,,
Jakarta,The Pakubuwono Menteng,2026-05-20 05:35:28,155,155,59,120,,,,,62,29.1,,,
Depok,Cinere - Nafas,2026-05-20 05:33:38,192,192,94,166,,,,,0,0,,,
Bogor,Kabupaten Bogor Leuwiliang,2026-05-20 05:00:00,80,80,42,,4,10,0,72,,,,,
Tangerang,Tangerang Pasir Jaya,2026-05-20 05:00:00,108,108,51,,59,63,0,25,,,,,
Bekasi,Bekasi Kayuringin,2026-05-20 05:00:00,84,84,41,,50,13,0,2,,,,,
Jakarta,The Pakubuwono Menteng,2026-05-20 05:37:27,154,154,59,120,,,,,62,29.1,,,
Depok,Cinere - Nafas,2026-05-20 05:33:38,192,192,94,166,,,,,0,0,,,
Bogor,Kabupaten Bogor Leuwiliang,2026-05-20 05:00:00,80,80,42,,4,10,0,72,,,,,
Tangerang,Tangerang Pasir Jaya,2026-05-20 05:00:00,108,108,51,,59,63,0,25,,,,,
Bekasi,Bekasi Kayuringin,2026-05-20 05:00:00,84,84,41,,50,13,0,2,,,,,
Jakarta,The Pakubuwono Menteng,2026-05-20 05:39:28,154,154,59,118,,,,,62,29.1,,,
Depok,Cinere - Nafas,2026-05-20 05:33:38,192,192,94,166,,,,,0,0,,,
Bogor,Kabupaten Bogor Leuwiliang,2026-05-20 05:00:00,80,80,42,,4,10,0,72,,,,,
Tangerang,Tangerang Pasir Jaya,2026-05-20 05:00:00,108,108,51,,59,63,0,25,,,,,
Bekasi,Bekasi Kayuringin,2026-05-20 05:00:00,84,84,41,,50,13,0,2,,,,,
Jakarta,The Pakubuwono Menteng,2026-05-20 05:39:28,154,154,59,118,,,,,62,29.1,,,
Depok,Cinere - Nafas,2026-05-20 05:33:38,192,192,94,166,,,,,0,0,,,
Bogor,Kabupaten Bogor Leuwiliang,2026-05-20 05:00:00,80,80,42,,4,10,0,72,,,,,
Tangerang,Tangerang Pasir Jaya,2026-05-20 05:00:00,108,108,51,,59,63,0,25,,,,,
Bekasi,Bekasi Kayuringin,2026-05-20 05:00:00,84,84,41,,50,13,0,2,,,,,
Jakarta,The Pakubuwono Menteng,2026-05-20 05:40:28,154,154,59,120,,,,,62,29.1,,,
Depok,Cinere - Nafas,2026-05-20 05:33:38,192,192,94,166,,,,,0,0,,,
Bogor,Kabupaten Bogor Leuwiliang,2026-05-20 05:00:00,80,80,42,,4,10,0,72,,,,,
Tangerang,Tangerang Pasir Jaya,2026-05-20 05:00:00,108,108,51,,59,63,0,25,,,,,
Bekasi,Bekasi Kayuringin,2026-05-20 05:00:00,84,84,41,,50,13,0,2,,,,,
Jakarta,The Pakubuwono Menteng,2026-05-20 05:40:28,154,154,59,120,,,,,62,29.1,,,
Depok,Cinere - Nafas,2026-05-20 05:33:38,192,192,94,166,,,,,0,0,,,
Bogor,Kabupaten Bogor Leuwiliang,2026-05-20 05:00:00,80,80,42,,4,10,0,72,,,,,
Tangerang,Tangerang Pasir Jaya,2026-05-20 05:00:00,108,108,51,,59,63,0,25,,,,,
Bekasi,Bekasi Kayuringin,2026-05-20 05:00:00,84,84,41,,50,13,0,2,,,,,
Jakarta,The Pakubuwono Menteng,2026-05-20 05:42:28,152,152,59,116,,,,,62,29.1,,,
Depok,Cinere - Nafas,2026-05-20 05:33:38,192,192,94,166,,,,,0,0,,,
Bogor,Kabupaten Bogor Leuwiliang,2026-05-20 05:00:00,80,80,42,,4,10,0,72,,,,,
Tangerang,Tangerang Pasir Jaya,2026-05-20 05:00:00,108,108,51,,59,63,0,25,,,,,
Bekasi,Bekasi Kayuringin,2026-05-20 05:00:00,84,84,41,,50,13,0,2,,,,,
Jakarta,The Pakubuwono Menteng,2026-05-20 05:42:28,152,152,59,116,,,,,62,29.1,,,
Depok,Cinere - Nafas,2026-05-20 05:33:38,192,192,94,166,,,,,0,0,,,
Bogor,Kabupaten Bogor Leuwiliang,2026-05-20 05:00:00,80,80,42,,4,10,0,72,,,,,
Tangerang,Tangerang Pasir Jaya,2026-05-20 05:00:00,108,108,51,,59,63,0,25,,,,,
Bekasi,Bekasi Kayuringin,2026-05-20 05:00:00,84,84,41,,50,13,0,2,,,,,
Jakarta,The Pakubuwono Menteng,2026-05-20 05:44:28,154,154,59,120,,,,,62,29.1,,,
Depok,Cinere - Nafas,2026-05-20 05:33:38,192,192,94,166,,,,,0,0,,,
Bogor,Kabupaten Bogor Leuwiliang,2026-05-20 05:00:00,80,80,42,,4,10,0,72,,,,,
Tangerang,Tangerang Pasir Jaya,2026-05-20 05:00:00,108,108,51,,59,63,0,25,,,,,
Bekasi,Bekasi Kayuringin,2026-05-20 05:00:00,84,84,41,,50,13,0,2,,,,,
Jakarta,The Pakubuwono Menteng,2026-05-20 05:44:28,154,154,59,120,,,,,62,29.1,,,
Depok,Cinere - Nafas,2026-05-20 05:33:38,192,192,94,166,,,,,0,0,,,
Bogor,Kabupaten Bogor Leuwiliang,2026-05-20 05:00:00,80,80,42,,4,10,0,72,,,,,
Tangerang,Tangerang Pasir Jaya,2026-05-20 05:00:00,108,108,51,,59,63,0,25,,,,,
Bekasi,Bekasi Kayuringin,2026-05-20 05:00:00,84,84,41,,50,13,0,2,,,,,
Jakarta,The Pakubuwono Menteng,2026-05-20 05:49:28,153,153,58,115,,,,,62,29.1,,,
Depok,Cinere - Nafas,2026-05-20 05:33:38,192,192,94,166,,,,,0,0,,,
Bogor,Kabupaten Bogor Leuwiliang,2026-05-20 05:00:00,80,80,42,,4,10,0,72,,,,,
Tangerang,Tangerang Pasir Jaya,2026-05-20 05:00:00,108,108,51,,59,63,0,25,,,,,
Bekasi,Bekasi Kayuringin,2026-05-20 05:00:00,84,84,41,,50,13,0,2,,,,,
Jakarta,The Pakubuwono Menteng,2026-05-20 05:49:28,153,153,58,115,,,,,62,29.1,,,
Depok,Cinere - Nafas,2026-05-20 05:33:38,192,192,94,166,,,,,0,0,,,
Bogor,Kabupaten Bogor Leuwiliang,2026-05-20 05:00:00,80,80,42,,4,10,0,72,,,,,
Tangerang,Tangerang Pasir Jaya,2026-05-20 05:00:00,108,108,51,,59,63,0,25,,,,,
Bekasi,Bekasi Kayuringin,2026-05-20 05:00:00,84,84,41,,50,13,0,2,,,,,
Jakarta,The Pakubuwono Menteng,2026-05-20 05:50:28,152,152,58,111,,,,,62,29.1,,,
Depok,Cinere - Nafas,2026-05-20 05:50:39,192,192,97,166,,,,,0,0,,,
Bogor,Kabupaten Bogor Leuwiliang,2026-05-20 05:00:00,80,80,42,,4,10,0,72,,,,,
Tangerang,Tangerang Pasir Jaya,2026-05-20 05:00:00,108,108,51,,59,63,0,25,,,,,
Bekasi,Bekasi Kayuringin,2026-05-20 05:00:00,84,84,41,,50,13,0,2,,,,,
Jakarta,The Pakubuwono Menteng,2026-05-20 05:50:28,152,152,58,111,,,,,62,29.1,,,
Depok,Cinere - Nafas,2026-05-20 05:50:39,192,192,97,166,,,,,0,0,,,
Bogor,Kabupaten Bogor Leuwiliang,2026-05-20 05:00:00,80,80,42,,4,10,0,72,,,,,
Tangerang,Tangerang Pasir Jaya,2026-05-20 05:00:00,108,108,51,,59,63,0,25,,,,,
Bekasi,Bekasi Kayuringin,2026-05-20 05:00:00,84,84,41,,50,13,0,2,,,,,
Jakarta,The Pakubuwono Menteng,2026-05-20 05:52:28,151,151,58,115,,,,,62,29.1,,,
Depok,Cinere - Nafas,2026-05-20 05:52:39,190,190,94,165,,,,,0,0,,,
Bogor,Kabupaten Bogor Leuwiliang,2026-05-20 05:00:00,80,80,42,,4,10,0,72,,,,,
Tangerang,Tangerang Pasir Jaya,2026-05-20 05:00:00,108,108,51,,59,63,0,25,,,,,
Bekasi,Bekasi Kayuringin,2026-05-20 05:00:00,84,84,41,,50,13,0,2,,,,,
Jakarta,The Pakubuwono Menteng,2026-05-20 05:52:28,151,151,58,115,,,,,62,29.1,,,
Depok,Cinere - Nafas,2026-05-20 05:52:39,190,190,94,165,,,,,0,0,,,
Bogor,Kabupaten Bogor Leuwiliang,2026-05-20 05:00:00,80,80,42,,4,10,0,72,,,,,
Tangerang,Tangerang Pasir Jaya,2026-05-20 05:00:00,108,108,51,,59,63,0,25,,,,,
Bekasi,Bekasi Kayuringin,2026-05-20 05:00:00,84,84,41,,50,13,0,2,,,,,
Jakarta,The Pakubuwono Menteng,2026-05-20 05:54:28,152,152,57,113,,,,,62,29.1,,,
Depok,Cinere - Nafas,2026-05-20 05:54:39,188,188,92,165,,,,,0,0,,,
Bogor,Kabupaten Bogor Leuwiliang,2026-05-20 05:00:00,80,80,42,,4,10,0,72,,,,,
Tangerang,Tangerang Pasir Jaya,2026-05-20 05:00:00,108,108,51,,59,63,0,25,,,,,
Bekasi,Bekasi Kayuringin,2026-05-20 05:00:00,84,84,41,,50,13,0,2,,,,,
Jakarta,The Pakubuwono Menteng,2026-05-20 05:56:28,154,154,58,115,,,,,62,29.1,,,
Depok,Cinere - Nafas,2026-05-20 05:56:39,188,188,93,165,,,,,0,0,,,
Bogor,Kabupaten Bogor Leuwiliang,2026-05-20 05:00:00,80,80,42,,4,10,0,72,,,,,
Tangerang,Tangerang Pasir Jaya,2026-05-20 05:00:00,108,108,51,,59,63,0,25,,,,,
Bekasi,Bekasi Kayuringin,2026-05-20 05:00:00,84,84,41,,50,13,0,2,,,,,
Jakarta,The Pakubuwono Menteng,2026-05-20 05:56:28,154,154,58,115,,,,,62,29.1,,,
Depok,Cinere - Nafas,2026-05-20 05:58:39,189,189,92,165,,,,,0,0,,,
Bogor,Kabupaten Bogor Leuwiliang,2026-05-20 05:00:00,80,80,42,,4,10,0,72,,,,,
Tangerang,Tangerang Pasir Jaya,2026-05-20 05:00:00,108,108,51,,59,63,0,25,,,,,
Bekasi,Bekasi Kayuringin,2026-05-20 05:00:00,84,84,41,,50,13,0,2,,,,,
Jakarta,The Pakubuwono Menteng,2026-05-20 05:58:28,151,151,57,108,,,,,61,29.1,,,
Depok,Cinere - Nafas,2026-05-20 05:58:39,189,189,92,165,,,,,0,0,,,
Bogor,Kabupaten Bogor Leuwiliang,2026-05-20 05:00:00,80,80,42,,4,10,0,72,,,,,
Tangerang,Tangerang Pasir Jaya,2026-05-20 05:00:00,108,108,51,,59,63,0,25,,,,,
Bekasi,Bekasi Kayuringin,2026-05-20 05:00:00,84,84,41,,50,13,0,2,,,,,
Jakarta,The Pakubuwono Menteng,2026-05-20 05:59:28,151,151,57,113,,,,,62,29.1,,,
Depok,Cinere - Nafas,2026-05-20 05:59:39,189,189,92,165,,,,,0,0,,,
Bogor,Kabupaten Bogor Leuwiliang,2026-05-20 05:00:00,80,80,42,,4,10,0,72,,,,,
Tangerang,Tangerang Pasir Jaya,2026-05-20 05:00:00,108,108,51,,59,63,0,25,,,,,
Bekasi,Bekasi Kayuringin,2026-05-20 05:00:00,84,84,41,,50,13,0,2,,,,,
Jakarta,The Pakubuwono Menteng,2026-05-20 06:01:28,151,151,57,109,,,,,61,29.1,,,
Depok,Cinere - Nafas,2026-05-20 06:01:39,189,189,91,164,,,,,0,0,,,
Bogor,Kabupaten Bogor Leuwiliang,2026-05-20 05:00:00,80,80,42,,4,10,0,72,,,,,
Tangerang,Tangerang Pasir Jaya,2026-05-20 05:00:00,108,108,51,,59,63,0,25,,,,,
Bekasi,Bekasi Kayuringin,2026-05-20 05:00:00,84,84,41,,50,13,0,2,,,,,
Jakarta,The Pakubuwono Menteng,2026-05-20 06:01:28,151,151,57,109,,,,,61,29.1,,,
Depok,Cinere - Nafas,2026-05-20 06:01:39,189,189,91,164,,,,,0,0,,,
Bogor,Kabupaten Bogor Leuwiliang,2026-05-20 05:00:00,80,80,42,,4,10,0,72,,,,,
Tangerang,Tangerang Pasir Jaya,2026-05-20 05:00:00,108,108,51,,59,63,0,25,,,,,
Bekasi,Bekasi Kayuringin,2026-05-20 05:00:00,84,84,41,,50,13,0,2,,,,,
Jakarta,The Pakubuwono Menteng,2026-05-20 06:03:28,146,146,56,106,,,,,61,29.1,,,
Depok,Cinere - Nafas,2026-05-20 06:03:39,186,186,89,165,,,,,0,0,,,
Bogor,Kabupaten Bogor Leuwiliang,2026-05-20 05:00:00,80,80,42,,4,10,0,72,,,,,
Tangerang,Tangerang Pasir Jaya,2026-05-20 05:00:00,108,108,51,,59,63,0,25,,,,,
Bekasi,Bekasi Kayuringin,2026-05-20 05:00:00,84,84,41,,50,13,0,2,,,,,
Jakarta,The Pakubuwono Menteng,2026-05-20 06:03:28,146,146,56,106,,,,,61,29.1,,,
Depok,Cinere - Nafas,2026-05-20 06:03:39,186,186,89,165,,,,,0,0,,,
Bogor,Kabupaten Bogor Leuwiliang,2026-05-20 05:00:00,80,80,42,,4,10,0,72,,,,,
Tangerang,Tangerang Pasir Jaya,2026-05-20 05:00:00,108,108,51,,59,63,0,25,,,,,
Bekasi,Bekasi Kayuringin,2026-05-20 05:00:00,84,84,41,,50,13,0,2,,,,,
Jakarta,The Pakubuwono Menteng,2026-05-20 06:05:28,147,147,57,106,,,,,61,29.2,,,
Depok,Cinere - Nafas,2026-05-20 06:05:39,189,189,92,166,,,,,0,0,,,
Bogor,Kabupaten Bogor Leuwiliang,2026-05-20 05:00:00,80,80,42,,4,10,0,72,,,,,
Tangerang,Tangerang Pasir Jaya,2026-05-20 05:00:00,108,108,51,,59,63,0,25,,,,,
Bekasi,Bekasi Kayuringin,2026-05-20 05:00:00,84,84,41,,50,13,0,2,,,,,
Jakarta,The Pakubuwono Menteng,2026-05-20 06:07:28,150,150,56,105,,,,,61,29.2,,,
Depok,Cinere - Nafas,2026-05-20 06:07:39,189,189,94,165,,,,,0,0,,,
Bogor,Kabupaten Bogor Leuwiliang,2026-05-20 05:00:00,80,80,42,,4,10,0,72,,,,,
Tangerang,Tangerang Pasir Jaya,2026-05-20 05:00:00,108,108,51,,59,63,0,25,,,,,
Bekasi,Bekasi Kayuringin,2026-05-20 05:00:00,84,84,41,,50,13,0,2,,,,,
Jakarta,The Pakubuwono Menteng,2026-05-20 06:09:28,151,151,57,111,,,,,61,29.2,,,
Depok,Cinere - Nafas,2026-05-20 06:09:39,187,187,92,164,,,,,0,0,,,
Bogor,Kabupaten Bogor Leuwiliang,2026-05-20 06:00:00,80,80,43,,4,10,0,72,,,,,
Tangerang,Tangerang Pasir Jaya,2026-05-20 06:00:00,112,112,51,,59,63,0,25,,,,,
Bekasi,Bekasi Kayuringin,2026-05-20 06:00:00,87,87,42,,50,13,0,2,,,,,
Jakarta,The Pakubuwono Menteng,2026-05-20 06:09:28,151,151,57,111,,,,,61,29.2,,,
Depok,Cinere - Nafas,2026-05-20 06:09:39,187,187,92,164,,,,,0,0,,,
Bogor,Kabupaten Bogor Leuwiliang,2026-05-20 06:00:00,80,80,43,,4,10,0,72,,,,,
Tangerang,Tangerang Pasir Jaya,2026-05-20 06:00:00,112,112,51,,59,63,0,25,,,,,
Bekasi,Bekasi Kayuringin,2026-05-20 06:00:00,87,87,42,,50,13,0,2,,,,,
Jakarta,The Pakubuwono Menteng,2026-05-20 06:11:28,151,151,58,111,,,,,61,29.2,,,
Depok,Cinere - Nafas,2026-05-20 06:11:39,189,189,92,165,,,,,0,0,,,
Bogor,Kabupaten Bogor Leuwiliang,2026-05-20 06:00:00,80,80,43,,4,10,0,72,,,,,
Tangerang,Tangerang Pasir Jaya,2026-05-20 06:00:00,112,112,51,,59,63,0,25,,,,,
Bekasi,Bekasi Kayuringin,2026-05-20 06:00:00,87,87,42,,50,13,0,2,,,,,
Jakarta,The Pakubuwono Menteng,2026-05-20 06:12:28,151,151,57,110,,,,,61,29.2,,,
Depok,Cinere - Nafas,2026-05-20 06:12:39,190,190,95,165,,,,,0,0,,,
Bogor,Kabupaten Bogor Leuwiliang,2026-05-20 06:00:00,80,80,43,,4,10,0,72,,,,,
Tangerang,Tangerang Pasir Jaya,2026-05-20 06:00:00,112,112,51,,59,63,0,25,,,,,
Bekasi,Bekasi Kayuringin,2026-05-20 06:00:00,87,87,42,,50,13,0,2,,,,,
Jakarta,The Pakubuwono Menteng,2026-05-20 06:12:28,151,151,57,110,,,,,61,29.2,,,
Depok,Cinere - Nafas,2026-05-20 06:12:39,190,190,95,165,,,,,0,0,,,
Bogor,Kabupaten Bogor Leuwiliang,2026-05-20 06:00:00,80,80,43,,4,10,0,72,,,,,
Tangerang,Tangerang Pasir Jaya,2026-05-20 06:00:00,112,112,51,,59,63,0,25,,,,,
Bekasi,Bekasi Kayuringin,2026-05-20 06:00:00,87,87,42,,50,13,0,2,,,,,
Jakarta,The Pakubuwono Menteng,2026-05-20 06:14:30,144,144,56,110,,,,,61,29.2,,,
Depok,Cinere - Nafas,2026-05-20 06:14:39,186,186,90,163,,,,,0,0,,,
Bogor,Kabupaten Bogor Leuwiliang,2026-05-20 06:00:00,80,80,43,,4,10,0,72,,,,,
Tangerang,Tangerang Pasir Jaya,2026-05-20 06:00:00,112,112,51,,59,63,0,25,,,,,
Bekasi,Bekasi Kayuringin,2026-05-20 06:00:00,87,87,42,,50,13,0,2,,,,,
Jakarta,The Pakubuwono Menteng,2026-05-20 06:14:30,144,144,56,110,,,,,61,29.2,,,
Depok,Cinere - Nafas,2026-05-20 06:14:39,186,186,90,163,,,,,0,0,,,
Bogor,Kabupaten Bogor Leuwiliang,2026-05-20 06:00:00,80,80,43,,4,10,0,72,,,,,
Tangerang,Tangerang Pasir Jaya,2026-05-20 06:00:00,112,112,51,,59,63,0,25,,,,,
Bekasi,Bekasi Kayuringin,2026-05-20 06:00:00,87,87,42,,50,13,0,2,,,,,
Jakarta,The Pakubuwono Menteng,2026-05-20 06:16:28,143,143,56,105,,,,,61,29.2,,,
Depok,Cinere - Nafas,2026-05-20 06:16:39,185,185,88,162,,,,,0,0,,,
Bogor,Kabupaten Bogor Leuwiliang,2026-05-20 06:00:00,80,80,43,,4,10,0,72,,,,,
Tangerang,Tangerang Pasir Jaya,2026-05-20 06:00:00,112,112,51,,59,63,0,25,,,,,
Bekasi,Bekasi Kayuringin,2026-05-20 06:00:00,87,87,42,,50,13,0,2,,,,,
Jakarta,The Pakubuwono Menteng,2026-05-20 06:16:28,143,143,56,105,,,,,61,29.2,,,
Depok,Cinere - Nafas,2026-05-20 06:16:39,185,185,88,162,,,,,0,0,,,
Bogor,Kabupaten Bogor Leuwiliang,2026-05-20 06:00:00,80,80,43,,4,10,0,72,,,,,
Tangerang,Tangerang Pasir Jaya,2026-05-20 06:00:00,112,112,51,,59,63,0,25,,,,,
Bekasi,Bekasi Kayuringin,2026-05-20 06:00:00,87,87,42,,50,13,0,2,,,,,
Jakarta,The Pakubuwono Menteng,2026-05-20 06:18:29,140,140,56,105,,,,,61,29.2,,,
Depok,Cinere - Nafas,2026-05-20 06:20:39,185,185,89,162,,,,,0,0,,,
Bogor,Kabupaten Bogor Leuwiliang,2026-05-20 06:00:00,80,80,43,,4,10,0,72,,,,,
Tangerang,Tangerang Pasir Jaya,2026-05-20 06:00:00,112,112,51,,59,63,0,25,,,,,
Bekasi,Bekasi Kayuringin,2026-05-20 06:00:00,87,87,42,,50,13,0,2,,,,,
Jakarta,The Pakubuwono Menteng,2026-05-20 06:20:29,138,138,55,97,,,,,60,29.2,,,
Depok,Cinere - Nafas,2026-05-20 06:20:39,185,185,89,162,,,,,0,0,,,
Bogor,Kabupaten Bogor Leuwiliang,2026-05-20 06:00:00,80,80,43,,4,10,0,72,,,,,
Tangerang,Tangerang Pasir Jaya,2026-05-20 06:00:00,112,112,51,,59,63,0,25,,,,,
Bekasi,Bekasi Kayuringin,2026-05-20 06:00:00,87,87,42,,50,13,0,2,,,,,
Jakarta,The Pakubuwono Menteng,2026-05-20 06:22:29,149,149,57,101,,,,,61,29.2,,,
Depok,Cinere - Nafas,2026-05-20 06:22:39,187,187,89,163,,,,,0,0,,,
Bogor,Kabupaten Bogor Leuwiliang,2026-05-20 06:00:00,80,80,43,,4,10,0,72,,,,,
Tangerang,Tangerang Pasir Jaya,2026-05-20 06:00:00,112,112,51,,59,63,0,25,,,,,
Bekasi,Bekasi Kayuringin,2026-05-20 06:00:00,87,87,42,,50,13,0,2,,,,,
Jakarta,The Pakubuwono Menteng,2026-05-20 06:22:29,149,149,57,101,,,,,61,29.2,,,
Depok,Cinere - Nafas,2026-05-20 06:22:39,187,187,89,163,,,,,0,0,,,
Bogor,Kabupaten Bogor Leuwiliang,2026-05-20 06:00:00,80,80,43,,4,10,0,72,,,,,
Tangerang,Tangerang Pasir Jaya,2026-05-20 06:00:00,112,112,51,,59,63,0,25,,,,,
Bekasi,Bekasi Kayuringin,2026-05-20 06:00:00,87,87,42,,50,13,0,2,,,,,
Jakarta,The Pakubuwono Menteng,2026-05-20 06:24:29,141,141,56,103,,,,,61,29.2,,,
Depok,Cinere - Nafas,2026-05-20 06:24:39,184,184,87,162,,,,,0,0,,,
Bogor,Kabupaten Bogor Leuwiliang,2026-05-20 06:00:00,80,80,43,,4,10,0,72,,,,,
Tangerang,Tangerang Pasir Jaya,2026-05-20 06:00:00,112,112,51,,59,63,0,25,,,,,
Bekasi,Bekasi Kayuringin,2026-05-20 06:00:00,87,87,42,,50,13,0,2,,,,,
Jakarta,The Pakubuwono Menteng,2026-05-20 06:24:29,141,141,56,103,,,,,61,29.2,,,
Depok,Cinere - Nafas,2026-05-20 06:24:39,184,184,87,162,,,,,0,0,,,
Bogor,Kabupaten Bogor Leuwiliang,2026-05-20 06:00:00,80,80,43,,4,10,0,72,,,,,
Tangerang,Tangerang Pasir Jaya,2026-05-20 06:00:00,112,112,51,,59,63,0,25,,,,,
Bekasi,Bekasi Kayuringin,2026-05-20 06:00:00,87,87,42,,50,13,0,2,,,,,
Jakarta,The Pakubuwono Menteng,2026-05-20 06:26:29,141,141,56,101,,,,,61,29.3,,,
Depok,Cinere - Nafas,2026-05-20 06:25:39,183,183,87,161,,,,,0,0,,,
Bogor,Kabupaten Bogor Leuwiliang,2026-05-20 06:00:00,80,80,43,,4,10,0,72,,,,,
Tangerang,Tangerang Pasir Jaya,2026-05-20 06:00:00,112,112,51,,59,63,0,25,,,,,
Bekasi,Bekasi Kayuringin,2026-05-20 06:00:00,87,87,42,,50,13,0,2,,,,,
Jakarta,The Pakubuwono Menteng,2026-05-20 06:26:29,141,141,56,101,,,,,61,29.3,,,
Depok,Cinere - Nafas,2026-05-20 06:25:39,183,183,87,161,,,,,0,0,,,
Bogor,Kabupaten Bogor Leuwiliang,2026-05-20 06:00:00,80,80,43,,4,10,0,72,,,,,
Tangerang,Tangerang Pasir Jaya,2026-05-20 06:00:00,112,112,51,,59,63,0,25,,,,,
Bekasi,Bekasi Kayuringin,2026-05-20 06:00:00,87,87,42,,50,13,0,2,,,,,
Jakarta,The Pakubuwono Menteng,2026-05-20 06:28:29,141,141,56,98,,,,,61,29.3,,,
Depok,Cinere - Nafas,2026-05-20 06:28:39,182,182,85,160,,,,,0,0,,,
Bogor,Kabupaten Bogor Leuwiliang,2026-05-20 06:00:00,80,80,43,,4,10,0,72,,,,,
Tangerang,Tangerang Pasir Jaya,2026-05-20 06:00:00,112,112,51,,59,63,0,25,,,,,
Bekasi,Bekasi Kayuringin,2026-05-20 06:00:00,87,87,42,,50,13,0,2,,,,,
Jakarta,The Pakubuwono Menteng,2026-05-20 06:30:29,139,139,54,97,,,,,60,29.3,,,
Depok,Cinere - Nafas,2026-05-20 06:30:40,181,181,83,160,,,,,0,0,,,
Bogor,Kabupaten Bogor Leuwiliang,2026-05-20 06:00:00,80,80,43,,4,10,0,72,,,,,
Tangerang,Tangerang Pasir Jaya,2026-05-20 06:00:00,112,112,51,,59,63,0,25,,,,,
Bekasi,Bekasi Kayuringin,2026-05-20 06:00:00,87,87,42,,50,13,0,2,,,,,
Jakarta,The Pakubuwono Menteng,2026-05-20 06:32:29,141,141,56,99,,,,,61,29.3,,,
Depok,Cinere - Nafas,2026-05-20 06:32:39,179,179,82,159,,,,,0,0,,,
Bogor,Kabupaten Bogor Leuwiliang,2026-05-20 06:00:00,80,80,43,,4,10,0,72,,,,,
Tangerang,Tangerang Pasir Jaya,2026-05-20 06:00:00,112,112,51,,59,63,0,25,,,,,
Bekasi,Bekasi Kayuringin,2026-05-20 06:00:00,87,87,42,,50,13,0,2,,,,,
Jakarta,The Pakubuwono Menteng,2026-05-20 06:32:29,141,141,56,99,,,,,61,29.3,,,
Depok,Cinere - Nafas,2026-05-20 06:32:39,179,179,82,159,,,,,0,0,,,
Bogor,Kabupaten Bogor Leuwiliang,2026-05-20 06:00:00,80,80,43,,4,10,0,72,,,,,
Tangerang,Tangerang Pasir Jaya,2026-05-20 06:00:00,112,112,51,,59,63,0,25,,,,,
Bekasi,Bekasi Kayuringin,2026-05-20 06:00:00,87,87,42,,50,13,0,2,,,,,
Jakarta,The Pakubuwono Menteng,2026-05-20 06:34:29,140,140,55,100,,,,,60,29.3,,,
Depok,Cinere - Nafas,2026-05-20 06:34:39,181,181,85,159,,,,,0,0,,,
Bogor,Kabupaten Bogor Leuwiliang,2026-05-20 06:00:00,80,80,43,,4,10,0,72,,,,,
Tangerang,Tangerang Pasir Jaya,2026-05-20 06:00:00,112,112,51,,59,63,0,25,,,,,
Bekasi,Bekasi Kayuringin,2026-05-20 06:00:00,87,87,42,,50,13,0,2,,,,,
Jakarta,The Pakubuwono Menteng,2026-05-20 06:34:29,140,140,55,100,,,,,60,29.3,,,
Depok,Cinere - Nafas,2026-05-20 06:34:39,181,181,85,159,,,,,0,0,,,
Bogor,Kabupaten Bogor Leuwiliang,2026-05-20 06:00:00,80,80,43,,4,10,0,72,,,,,
Tangerang,Tangerang Pasir Jaya,2026-05-20 06:00:00,112,112,51,,59,63,0,25,,,,,
Bekasi,Bekasi Kayuringin,2026-05-20 06:00:00,87,87,42,,50,13,0,2,,,,,
Jakarta,The Pakubuwono Menteng,2026-05-20 06:35:29,140,140,56,96,,,,,60,29.3,,,
Depok,Cinere - Nafas,2026-05-20 06:35:39,180,180,84,158,,,,,0,0,,,
Bogor,Kabupaten Bogor Leuwiliang,2026-05-20 06:00:00,80,80,43,,4,10,0,72,,,,,
Tangerang,Tangerang Pasir Jaya,2026-05-20 06:00:00,112,112,51,,59,63,0,25,,,,,
Bekasi,Bekasi Kayuringin,2026-05-20 06:00:00,87,87,42,,50,13,0,2,,,,,
Jakarta,The Pakubuwono Menteng,2026-05-20 06:37:29,140,140,55,98,,,,,60,29.3,,,
Depok,Cinere - Nafas,2026-05-20 06:37:39,185,185,90,162,,,,,0,0,,,
Bogor,Kabupaten Bogor Leuwiliang,2026-05-20 06:00:00,80,80,43,,4,10,0,72,,,,,
Tangerang,Tangerang Pasir Jaya,2026-05-20 06:00:00,112,112,51,,59,63,0,25,,,,,
Bekasi,Bekasi Kayuringin,2026-05-20 06:00:00,87,87,42,,50,13,0,2,,,,,
Jakarta,The Pakubuwono Menteng,2026-05-20 06:37:29,140,140,55,98,,,,,60,29.3,,,
Depok,Cinere - Nafas,2026-05-20 06:37:39,185,185,90,162,,,,,0,0,,,
Bogor,Kabupaten Bogor Leuwiliang,2026-05-20 06:00:00,80,80,43,,4,10,0,72,,,,,
Tangerang,Tangerang Pasir Jaya,2026-05-20 06:00:00,112,112,51,,59,63,0,25,,,,,
Bekasi,Bekasi Kayuringin,2026-05-20 06:00:00,87,87,42,,50,13,0,2,,,,,
Jakarta,The Pakubuwono Menteng,2026-05-20 06:39:29,136,136,55,97,,,,,60,29.3,,,
Depok,Cinere - Nafas,2026-05-20 06:39:39,174,174,79,156,,,,,0,0,,,
Bogor,Kabupaten Bogor Leuwiliang,2026-05-20 06:00:00,80,80,43,,4,10,0,72,,,,,
Tangerang,Tangerang Pasir Jaya,2026-05-20 06:00:00,112,112,51,,59,63,0,25,,,,,
Bekasi,Bekasi Kayuringin,2026-05-20 06:00:00,87,87,42,,50,13,0,2,,,,,
Jakarta,The Pakubuwono Menteng,2026-05-20 06:39:29,136,136,55,97,,,,,60,29.3,,,
Depok,Cinere - Nafas,2026-05-20 06:41:39,170,170,75,152,,,,,0,0,,,
Bogor,Kabupaten Bogor Leuwiliang,2026-05-20 06:00:00,80,80,43,,4,10,0,72,,,,,
Tangerang,Tangerang Pasir Jaya,2026-05-20 06:00:00,112,112,51,,59,63,0,25,,,,,
Bekasi,Bekasi Kayuringin,2026-05-20 06:00:00,87,87,42,,50,13,0,2,,,,,
Jakarta,The Pakubuwono Menteng,2026-05-20 06:41:29,138,138,54,100,,,,,61,29.3,,,
Depok,Cinere - Nafas,2026-05-20 06:41:39,170,170,75,152,,,,,0,0,,,
Bogor,Kabupaten Bogor Leuwiliang,2026-05-20 06:00:00,80,80,43,,4,10,0,72,,,,,
Tangerang,Tangerang Pasir Jaya,2026-05-20 06:00:00,112,112,51,,59,63,0,25,,,,,
Bekasi,Bekasi Kayuringin,2026-05-20 06:00:00,87,87,42,,50,13,0,2,,,,,
Jakarta,The Pakubuwono Menteng,2026-05-20 06:43:29,141,141,55,99,,,,,60,29.3,,,
Depok,Cinere - Nafas,2026-05-20 06:43:39,170,170,75,152,,,,,0,0,,,
Bogor,Kabupaten Bogor Leuwiliang,2026-05-20 06:00:00,80,80,43,,4,10,0,72,,,,,
Tangerang,Tangerang Pasir Jaya,2026-05-20 06:00:00,112,112,51,,59,63,0,25,,,,,
Bekasi,Bekasi Kayuringin,2026-05-20 06:00:00,87,87,42,,50,13,0,2,,,,,
Jakarta,The Pakubuwono Menteng,2026-05-20 06:45:29,145,145,56,101,,,,,60,29.3,,,
Depok,Cinere - Nafas,2026-05-20 06:45:39,166,166,68,149,,,,,0,0,,,
Bogor,Kabupaten Bogor Leuwiliang,2026-05-20 06:00:00,80,80,43,,4,10,0,72,,,,,
Tangerang,Tangerang Pasir Jaya,2026-05-20 06:00:00,112,112,51,,59,63,0,25,,,,,
Bekasi,Bekasi Kayuringin,2026-05-20 06:00:00,87,87,42,,50,13,0,2,,,,,
Jakarta,The Pakubuwono Menteng,2026-05-20 06:45:29,145,145,56,101,,,,,60,29.3,,,
Depok,Cinere - Nafas,2026-05-20 06:45:39,166,166,68,149,,,,,0,0,,,
Bogor,Kabupaten Bogor Leuwiliang,2026-05-20 06:00:00,80,80,43,,4,10,0,72,,,,,
Tangerang,Tangerang Pasir Jaya,2026-05-20 06:00:00,112,112,51,,59,63,0,25,,,,,
Bekasi,Bekasi Kayuringin,2026-05-20 06:00:00,87,87,42,,50,13,0,2,,,,,
Jakarta,The Pakubuwono Menteng,2026-05-20 06:47:29,146,146,56,109,,,,,60,29.3,,,
Depok,Cinere - Nafas,2026-05-20 06:47:39,166,166,70,145,,,,,0,0,,,
Bogor,Kabupaten Bogor Leuwiliang,2026-05-20 06:00:00,80,80,43,,4,10,0,72,,,,,
Tangerang,Tangerang Pasir Jaya,2026-05-20 06:00:00,112,112,51,,59,63,0,25,,,,,
Bekasi,Bekasi Kayuringin,2026-05-20 06:00:00,87,87,42,,50,13,0,2,,,,,
Jakarta,The Pakubuwono Menteng,2026-05-20 06:47:29,146,146,56,109,,,,,60,29.3,,,
Depok,Cinere - Nafas,2026-05-20 06:47:39,166,166,70,145,,,,,0,0,,,
Bogor,Kabupaten Bogor Leuwiliang,2026-05-20 06:00:00,80,80,43,,4,10,0,72,,,,,
Tangerang,Tangerang Pasir Jaya,2026-05-20 06:00:00,112,112,51,,59,63,0,25,,,,,
Bekasi,Bekasi Kayuringin,2026-05-20 06:00:00,87,87,42,,50,13,0,2,,,,,
Jakarta,The Pakubuwono Menteng,2026-05-20 06:49:29,151,151,57,109,,,,,60,29.4,,,
Depok,Cinere - Nafas,2026-05-20 06:49:39,163,163,66,141,,,,,0,0,,,
Bogor,Kabupaten Bogor Leuwiliang,2026-05-20 06:00:00,80,80,43,,4,10,0,72,,,,,
Tangerang,Tangerang Pasir Jaya,2026-05-20 06:00:00,112,112,51,,59,63,0,25,,,,,
Bekasi,Bekasi Kayuringin,2026-05-20 06:00:00,87,87,42,,50,13,0,2,,,,,
Jakarta,The Pakubuwono Menteng,2026-05-20 06:50:29,152,152,59,116,,,,,60,29.4,,,
Depok,Cinere - Nafas,2026-05-20 06:50:39,162,162,66,136,,,,,0,0,,,
Bogor,Kabupaten Bogor Leuwiliang,2026-05-20 06:00:00,80,80,43,,4,10,0,72,,,,,
Tangerang,Tangerang Pasir Jaya,2026-05-20 06:00:00,112,112,51,,59,63,0,25,,,,,
Bekasi,Bekasi Kayuringin,2026-05-20 06:00:00,87,87,42,,50,13,0,2,,,,,
Jakarta,The Pakubuwono Menteng,2026-05-20 06:50:29,152,152,59,116,,,,,60,29.4,,,
Depok,Cinere - Nafas,2026-05-20 06:50:39,162,162,66,136,,,,,0,0,,,
Bogor,Kabupaten Bogor Leuwiliang,2026-05-20 06:00:00,80,80,43,,4,10,0,72,,,,,
Tangerang,Tangerang Pasir Jaya,2026-05-20 06:00:00,112,112,51,,59,63,0,25,,,,,
Bekasi,Bekasi Kayuringin,2026-05-20 06:00:00,87,87,42,,50,13,0,2,,,,,
Jakarta,The Pakubuwono Menteng,2026-05-20 06:52:29,152,152,59,112,,,,,60,29.3,,,
Depok,Cinere - Nafas,2026-05-20 06:52:39,160,160,64,130,,,,,0,0,,,
Bogor,Kabupaten Bogor Leuwiliang,2026-05-20 06:00:00,80,80,43,,4,10,0,72,,,,,
Tangerang,Tangerang Pasir Jaya,2026-05-20 06:00:00,112,112,51,,59,63,0,25,,,,,
Bekasi,Bekasi Kayuringin,2026-05-20 06:00:00,87,87,42,,50,13,0,2,,,,,
Jakarta,The Pakubuwono Menteng,2026-05-20 06:54:29,153,153,59,118,,,,,61,29.4,,,
Depok,Cinere - Nafas,2026-05-20 06:54:39,160,160,63,129,,,,,0,0,,,
Bogor,Kabupaten Bogor Leuwiliang,2026-05-20 06:00:00,80,80,43,,4,10,0,72,,,,,
Tangerang,Tangerang Pasir Jaya,2026-05-20 06:00:00,112,112,51,,59,63,0,25,,,,,
Bekasi,Bekasi Kayuringin,2026-05-20 06:00:00,87,87,42,,50,13,0,2,,,,,
Jakarta,The Pakubuwono Menteng,2026-05-20 06:56:30,151,151,57,111,,,,,61,29.3,,,
Depok,Cinere - Nafas,2026-05-20 06:56:39,158,158,62,126,,,,,0,0,,,
Bogor,Kabupaten Bogor Leuwiliang,2026-05-20 06:00:00,80,80,43,,4,10,0,72,,,,,
Tangerang,Tangerang Pasir Jaya,2026-05-20 06:00:00,112,112,51,,59,63,0,25,,,,,
Bekasi,Bekasi Kayuringin,2026-05-20 06:00:00,87,87,42,,50,13,0,2,,,,,
Jakarta,The Pakubuwono Menteng,2026-05-20 06:56:30,151,151,57,111,,,,,61,29.3,,,
Depok,Cinere - Nafas,2026-05-20 06:56:39,158,158,62,126,,,,,0,0,,,
Bogor,Kabupaten Bogor Leuwiliang,2026-05-20 06:00:00,80,80,43,,4,10,0,72,,,,,
Tangerang,Tangerang Pasir Jaya,2026-05-20 06:00:00,112,112,51,,59,63,0,25,,,,,
Bekasi,Bekasi Kayuringin,2026-05-20 06:00:00,87,87,42,,50,13,0,2,,,,,
Jakarta,The Pakubuwono Menteng,2026-05-20 06:57:30,151,151,58,115,,,,,61,29.4,,,
Depok,Cinere - Nafas,2026-05-20 06:57:39,160,160,64,126,,,,,0,0,,,
Bogor,Kabupaten Bogor Leuwiliang,2026-05-20 06:00:00,80,80,43,,4,10,0,72,,,,,
Tangerang,Tangerang Pasir Jaya,2026-05-20 06:00:00,112,112,51,,59,63,0,25,,,,,
Bekasi,Bekasi Kayuringin,2026-05-20 06:00:00,87,87,42,,50,13,0,2,,,,,
Jakarta,The Pakubuwono Menteng,2026-05-20 06:57:30,151,151,58,115,,,,,61,29.4,,,
Depok,Cinere - Nafas,2026-05-20 06:57:39,160,160,64,126,,,,,0,0,,,
Bogor,Kabupaten Bogor Leuwiliang,2026-05-20 06:00:00,80,80,43,,4,10,0,72,,,,,
Tangerang,Tangerang Pasir Jaya,2026-05-20 06:00:00,112,112,51,,59,63,0,25,,,,,
Bekasi,Bekasi Kayuringin,2026-05-20 06:00:00,87,87,42,,50,13,0,2,,,,,
Jakarta,The Pakubuwono Menteng,2026-05-20 06:59:30,147,147,56,107,,,,,60,29.4,,,
Depok,Cinere - Nafas,2026-05-20 06:59:39,158,158,62,122,,,,,0,0,,,
Bogor,Kabupaten Bogor Leuwiliang,2026-05-20 06:00:00,80,80,43,,4,10,0,72,,,,,
Tangerang,Tangerang Pasir Jaya,2026-05-20 06:00:00,112,112,51,,59,63,0,25,,,,,
Bekasi,Bekasi Kayuringin,2026-05-20 06:00:00,87,87,42,,50,13,0,2,,,,,
Jakarta,The Pakubuwono Menteng,2026-05-20 07:01:30,143,143,56,104,,,,,60,29.4,,,
Depok,Cinere - Nafas,2026-05-20 07:01:39,159,159,62,121,,,,,0,0,,,
Bogor,Kabupaten Bogor Leuwiliang,2026-05-20 06:00:00,80,80,43,,4,10,0,72,,,,,
Tangerang,Tangerang Pasir Jaya,2026-05-20 06:00:00,112,112,51,,59,63,0,25,,,,,
Bekasi,Bekasi Kayuringin,2026-05-20 06:00:00,87,87,42,,50,13,0,2,,,,,
Jakarta,The Pakubuwono Menteng,2026-05-20 07:01:30,143,143,56,104,,,,,60,29.4,,,
Depok,Cinere - Nafas,2026-05-20 07:01:39,159,159,62,121,,,,,0,0,,,
Bogor,Kabupaten Bogor Leuwiliang,2026-05-20 06:00:00,80,80,43,,4,10,0,72,,,,,
Tangerang,Tangerang Pasir Jaya,2026-05-20 06:00:00,112,112,51,,59,63,0,25,,,,,
Bekasi,Bekasi Kayuringin,2026-05-20 06:00:00,87,87,42,,50,13,0,2,,,,,
Jakarta,The Pakubuwono Menteng,2026-05-20 07:03:30,143,143,56,104,,,,,60,29.4,,,
Depok,Cinere - Nafas,2026-05-20 07:03:40,160,160,63,130,,,,,0,0,,,
Bogor,Kabupaten Bogor Leuwiliang,2026-05-20 06:00:00,80,80,43,,4,10,0,72,,,,,
Tangerang,Tangerang Pasir Jaya,2026-05-20 06:00:00,112,112,51,,59,63,0,25,,,,,
Bekasi,Bekasi Kayuringin,2026-05-20 06:00:00,87,87,42,,50,13,0,2,,,,,
Jakarta,The Pakubuwono Menteng,2026-05-20 07:05:30,150,150,56,99,,,,,60,29.4,,,
Depok,Cinere - Nafas,2026-05-20 07:05:40,159,159,64,128,,,,,0,0,,,
Bogor,Kabupaten Bogor Leuwiliang,2026-05-20 06:00:00,80,80,43,,4,10,0,72,,,,,
Tangerang,Tangerang Pasir Jaya,2026-05-20 06:00:00,112,112,51,,59,63,0,25,,,,,
Bekasi,Bekasi Kayuringin,2026-05-20 06:00:00,87,87,42,,50,13,0,2,,,,,
Jakarta,The Pakubuwono Menteng,2026-05-20 07:05:30,150,150,56,99,,,,,60,29.4,,,
Depok,Cinere - Nafas,2026-05-20 07:05:40,159,159,64,128,,,,,0,0,,,
Bogor,Kabupaten Bogor Leuwiliang,2026-05-20 06:00:00,80,80,43,,4,10,0,72,,,,,
Tangerang,Tangerang Pasir Jaya,2026-05-20 06:00:00,112,112,51,,59,63,0,25,,,,,
Bekasi,Bekasi Kayuringin,2026-05-20 06:00:00,87,87,42,,50,13,0,2,,,,,
Jakarta,The Pakubuwono Menteng,2026-05-20 07:07:30,150,150,56,106,,,,,60,29.5,,,
Depok,Cinere - Nafas,2026-05-20 07:07:40,159,159,61,129,,,,,0,0,,,
Bogor,Kabupaten Bogor Leuwiliang,2026-05-20 06:00:00,80,80,43,,4,10,0,72,,,,,
Tangerang,Tangerang Pasir Jaya,2026-05-20 06:00:00,112,112,51,,59,63,0,25,,,,,
Bekasi,Bekasi Kayuringin,2026-05-20 06:00:00,87,87,42,,50,13,0,2,,,,,
Jakarta,The Pakubuwono Menteng,2026-05-20 07:09:30,151,151,58,108,,,,,60,29.5,,,
Depok,Cinere - Nafas,2026-05-20 07:09:40,160,160,63,130,,,,,0,0,,,
Bogor,Kabupaten Bogor Leuwiliang,2026-05-20 07:00:00,81,81,43,,4,10,0,72,,,,,
Tangerang,Tangerang Pasir Jaya,2026-05-20 07:00:00,114,114,52,,59,63,0,25,,,,,
Bekasi,Bekasi Kayuringin,2026-05-20 07:00:00,93,93,43,,51,13,0,2,,,,,
Jakarta,The Pakubuwono Menteng,2026-05-20 07:09:30,151,151,58,108,,,,,60,29.5,,,
Depok,Cinere - Nafas,2026-05-20 07:09:40,160,160,63,130,,,,,0,0,,,
Bogor,Kabupaten Bogor Leuwiliang,2026-05-20 07:00:00,81,81,43,,4,10,0,72,,,,,
Tangerang,Tangerang Pasir Jaya,2026-05-20 07:00:00,114,114,52,,59,63,0,25,,,,,
Bekasi,Bekasi Kayuringin,2026-05-20 07:00:00,93,93,43,,51,13,0,2,,,,,
Jakarta,The Pakubuwono Menteng,2026-05-20 07:10:30,150,150,58,105,,,,,60,29.5,,,
Depok,Cinere - Nafas,2026-05-20 07:10:40,160,160,62,126,,,,,0,0,,,
Bogor,Kabupaten Bogor Leuwiliang,2026-05-20 07:00:00,81,81,43,,4,10,0,72,,,,,
Tangerang,Tangerang Pasir Jaya,2026-05-20 07:00:00,114,114,52,,59,63,0,25,,,,,
Bekasi,Bekasi Kayuringin,2026-05-20 07:00:00,93,93,43,,51,13,0,2,,,,,
Jakarta,The Pakubuwono Menteng,2026-05-20 07:12:30,146,146,56,106,,,,,60,29.5,,,
Depok,Cinere - Nafas,2026-05-20 07:12:40,160,160,62,130,,,,,0,0,,,
Bogor,Kabupaten Bogor Leuwiliang,2026-05-20 07:00:00,81,81,43,,4,10,0,72,,,,,
Tangerang,Tangerang Pasir Jaya,2026-05-20 07:00:00,114,114,52,,59,63,0,25,,,,,
Bekasi,Bekasi Kayuringin,2026-05-20 07:00:00,93,93,43,,51,13,0,2,,,,,
Jakarta,The Pakubuwono Menteng,2026-05-20 07:12:30,146,146,56,106,,,,,60,29.5,,,
Depok,Cinere - Nafas,2026-05-20 07:12:40,160,160,62,130,,,,,0,0,,,
Bogor,Kabupaten Bogor Leuwiliang,2026-05-20 07:00:00,81,81,43,,4,10,0,72,,,,,
Tangerang,Tangerang Pasir Jaya,2026-05-20 07:00:00,114,114,52,,59,63,0,25,,,,,
Bekasi,Bekasi Kayuringin,2026-05-20 07:00:00,93,93,43,,51,13,0,2,,,,,
Jakarta,The Pakubuwono Menteng,2026-05-20 07:14:30,142,142,56,101,,,,,60,29.5,,,
Depok,Cinere - Nafas,2026-05-20 07:14:40,160,160,62,130,,,,,0,0,,,
Bogor,Kabupaten Bogor Leuwiliang,2026-05-20 07:00:00,81,81,43,,4,10,0,72,,,,,
Tangerang,Tangerang Pasir Jaya,2026-05-20 07:00:00,114,114,52,,59,63,0,25,,,,,
Bekasi,Bekasi Kayuringin,2026-05-20 07:00:00,93,93,43,,51,13,0,2,,,,,
Jakarta,The Pakubuwono Menteng,2026-05-20 07:16:30,148,148,57,101,,,,,60,29.5,,,
Depok,Cinere - Nafas,2026-05-20 07:16:40,157,157,62,125,,,,,0,0,,,
Bogor,Kabupaten Bogor Leuwiliang,2026-05-20 07:00:00,81,81,43,,4,10,0,72,,,,,
Tangerang,Tangerang Pasir Jaya,2026-05-20 07:00:00,114,114,52,,59,63,0,25,,,,,
Bekasi,Bekasi Kayuringin,2026-05-20 07:00:00,93,93,43,,51,13,0,2,,,,,
Jakarta,The Pakubuwono Menteng,2026-05-20 07:17:30,147,147,56,104,,,,,60,29.5,,,
Depok,Cinere - Nafas,2026-05-20 07:17:40,157,157,61,118,,,,,0,0,,,
Bogor,Kabupaten Bogor Leuwiliang,2026-05-20 07:00:00,81,81,43,,4,10,0,72,,,,,
Tangerang,Tangerang Pasir Jaya,2026-05-20 07:00:00,114,114,52,,59,63,0,25,,,,,
Bekasi,Bekasi Kayuringin,2026-05-20 07:00:00,93,93,43,,51,13,0,2,,,,,
Jakarta,The Pakubuwono Menteng,2026-05-20 07:17:30,147,147,56,104,,,,,60,29.5,,,
Depok,Cinere - Nafas,2026-05-20 07:17:40,157,157,61,118,,,,,0,0,,,
Bogor,Kabupaten Bogor Leuwiliang,2026-05-20 07:00:00,81,81,43,,4,10,0,72,,,,,
Tangerang,Tangerang Pasir Jaya,2026-05-20 07:00:00,114,114,52,,59,63,0,25,,,,,
Bekasi,Bekasi Kayuringin,2026-05-20 07:00:00,93,93,43,,51,13,0,2,,,,,
Jakarta,The Pakubuwono Menteng,2026-05-20 07:19:30,147,147,56,108,,,,,60,29.5,,,
Depok,Cinere - Nafas,2026-05-20 07:19:40,157,157,61,117,,,,,0,0,,,
Bogor,Kabupaten Bogor Leuwiliang,2026-05-20 07:00:00,81,81,43,,4,10,0,72,,,,,
Tangerang,Tangerang Pasir Jaya,2026-05-20 07:00:00,114,114,52,,59,63,0,25,,,,,
Bekasi,Bekasi Kayuringin,2026-05-20 07:00:00,93,93,43,,51,13,0,2,,,,,
Jakarta,The Pakubuwono Menteng,2026-05-20 07:19:30,147,147,56,108,,,,,60,29.5,,,
Depok,Cinere - Nafas,2026-05-20 07:19:40,157,157,61,117,,,,,0,0,,,
Bogor,Kabupaten Bogor Leuwiliang,2026-05-20 07:00:00,81,81,43,,4,10,0,72,,,,,
Tangerang,Tangerang Pasir Jaya,2026-05-20 07:00:00,114,114,52,,59,63,0,25,,,,,
Bekasi,Bekasi Kayuringin,2026-05-20 07:00:00,93,93,43,,51,13,0,2,,,,,
Jakarta,The Pakubuwono Menteng,2026-05-20 07:21:30,143,143,57,101,,,,,60,29.6,,,
Depok,Cinere - Nafas,2026-05-20 07:21:40,159,159,62,118,,,,,0,0,,,
Bogor,Kabupaten Bogor Leuwiliang,2026-05-20 07:00:00,81,81,43,,4,10,0,72,,,,,
Tangerang,Tangerang Pasir Jaya,2026-05-20 07:00:00,114,114,52,,59,63,0,25,,,,,
Bekasi,Bekasi Kayuringin,2026-05-20 07:00:00,93,93,43,,51,13,0,2,,,,,
Jakarta,The Pakubuwono Menteng,2026-05-20 07:21:30,143,143,57,101,,,,,60,29.6,,,
Depok,Cinere - Nafas,2026-05-20 07:21:40,159,159,62,118,,,,,0,0,,,
Bogor,Kabupaten Bogor Leuwiliang,2026-05-20 07:00:00,81,81,43,,4,10,0,72,,,,,
Tangerang,Tangerang Pasir Jaya,2026-05-20 07:00:00,114,114,52,,59,63,0,25,,,,,
Bekasi,Bekasi Kayuringin,2026-05-20 07:00:00,93,93,43,,51,13,0,2,,,,,
Jakarta,The Pakubuwono Menteng,2026-05-20 07:23:30,144,144,56,104,,,,,60,29.6,,,
Depok,Cinere - Nafas,2026-05-20 07:23:40,158,158,62,121,,,,,0,0,,,
Bogor,Kabupaten Bogor Leuwiliang,2026-05-20 07:00:00,81,81,43,,4,10,0,72,,,,,
Tangerang,Tangerang Pasir Jaya,2026-05-20 07:00:00,114,114,52,,59,63,0,25,,,,,
Bekasi,Bekasi Kayuringin,2026-05-20 07:00:00,93,93,43,,51,13,0,2,,,,,
Jakarta,The Pakubuwono Menteng,2026-05-20 07:23:30,144,144,56,104,,,,,60,29.6,,,
Depok,Cinere - Nafas,2026-05-20 07:23:40,158,158,62,121,,,,,0,0,,,
Bogor,Kabupaten Bogor Leuwiliang,2026-05-20 07:00:00,81,81,43,,4,10,0,72,,,,,
Tangerang,Tangerang Pasir Jaya,2026-05-20 07:00:00,114,114,52,,59,63,0,25,,,,,
Bekasi,Bekasi Kayuringin,2026-05-20 07:00:00,93,93,43,,51,13,0,2,,,,,
Jakarta,The Pakubuwono Menteng,2026-05-20 07:25:30,144,144,56,99,,,,,60,29.6,,,
Depok,Cinere - Nafas,2026-05-20 07:25:40,158,158,61,121,,,,,0,0,,,
Bogor,Kabupaten Bogor Leuwiliang,2026-05-20 07:00:00,81,81,43,,4,10,0,72,,,,,
Tangerang,Tangerang Pasir Jaya,2026-05-20 07:00:00,114,114,52,,59,63,0,25,,,,,
Bekasi,Bekasi Kayuringin,2026-05-20 07:00:00,93,93,43,,51,13,0,2,,,,,
Jakarta,The Pakubuwono Menteng,2026-05-20 07:27:30,146,146,56,106,,,,,61,29.6,,,
Depok,Cinere - Nafas,2026-05-20 07:27:40,159,159,61,121,,,,,0,0,,,
Bogor,Kabupaten Bogor Leuwiliang,2026-05-20 07:00:00,81,81,43,,4,10,0,72,,,,,
Tangerang,Tangerang Pasir Jaya,2026-05-20 07:00:00,114,114,52,,59,63,0,25,,,,,
Bekasi,Bekasi Kayuringin,2026-05-20 07:00:00,93,93,43,,51,13,0,2,,,,,
Jakarta,The Pakubuwono Menteng,2026-05-20 07:30:30,148,148,57,106,,,,,61,29.7,,,
Depok,Cinere - Nafas,2026-05-20 07:30:40,156,156,61,116,,,,,0,0,,,
Bogor,Kabupaten Bogor Leuwiliang,2026-05-20 07:00:00,81,81,43,,4,10,0,72,,,,,
Tangerang,Tangerang Pasir Jaya,2026-05-20 07:00:00,114,114,52,,59,63,0,25,,,,,
Bekasi,Bekasi Kayuringin,2026-05-20 07:00:00,93,93,43,,51,13,0,2,,,,,
Jakarta,The Pakubuwono Menteng,2026-05-20 07:30:30,148,148,57,106,,,,,61,29.7,,,
Depok,Cinere - Nafas,2026-05-20 07:30:40,156,156,61,116,,,,,0,0,,,
Bogor,Kabupaten Bogor Leuwiliang,2026-05-20 07:00:00,81,81,43,,4,10,0,72,,,,,
Tangerang,Tangerang Pasir Jaya,2026-05-20 07:00:00,114,114,52,,59,63,0,25,,,,,
Bekasi,Bekasi Kayuringin,2026-05-20 07:00:00,93,93,43,,51,13,0,2,,,,,
Jakarta,The Pakubuwono Menteng,2026-05-20 07:32:30,150,150,57,110,,,,,61,29.7,,,
Depok,Cinere - Nafas,2026-05-20 07:32:40,157,157,61,125,,,,,0,0,,,
Bogor,Kabupaten Bogor Leuwiliang,2026-05-20 07:00:00,81,81,43,,4,10,0,72,,,,,
Tangerang,Tangerang Pasir Jaya,2026-05-20 07:00:00,114,114,52,,59,63,0,25,,,,,
Bekasi,Bekasi Kayuringin,2026-05-20 07:00:00,93,93,43,,51,13,0,2,,,,,
Jakarta,The Pakubuwono Menteng,2026-05-20 07:32:30,150,150,57,110,,,,,61,29.7,,,
Depok,Cinere - Nafas,2026-05-20 07:32:40,157,157,61,125,,,,,0,0,,,
Bogor,Kabupaten Bogor Leuwiliang,2026-05-20 07:00:00,81,81,43,,4,10,0,72,,,,,
Tangerang,Tangerang Pasir Jaya,2026-05-20 07:00:00,114,114,52,,59,63,0,25,,,,,
Bekasi,Bekasi Kayuringin,2026-05-20 07:00:00,93,93,43,,51,13,0,2,,,,,
Jakarta,The Pakubuwono Menteng,2026-05-20 07:34:30,151,151,58,111,,,,,61,29.7,,,
Depok,Cinere - Nafas,2026-05-20 07:34:40,159,159,62,124,,,,,0,0,,,
Bogor,Kabupaten Bogor Leuwiliang,2026-05-20 07:00:00,81,81,43,,4,10,0,72,,,,,
Tangerang,Tangerang Pasir Jaya,2026-05-20 07:00:00,114,114,52,,59,63,0,25,,,,,
Bekasi,Bekasi Kayuringin,2026-05-20 07:00:00,93,93,43,,51,13,0,2,,,,,
Jakarta,The Pakubuwono Menteng,2026-05-20 07:34:30,151,151,58,111,,,,,61,29.7,,,
Depok,Cinere - Nafas,2026-05-20 07:34:40,159,159,62,124,,,,,0,0,,,
Bogor,Kabupaten Bogor Leuwiliang,2026-05-20 07:00:00,81,81,43,,4,10,0,72,,,,,
Tangerang,Tangerang Pasir Jaya,2026-05-20 07:00:00,114,114,52,,59,63,0,25,,,,,
Bekasi,Bekasi Kayuringin,2026-05-20 07:00:00,93,93,43,,51,13,0,2,,,,,
Jakarta,The Pakubuwono Menteng,2026-05-20 07:35:30,152,152,59,111,,,,,61,29.7,,,
Depok,Cinere - Nafas,2026-05-20 07:35:40,156,156,62,118,,,,,0,0,,,
Bogor,Kabupaten Bogor Leuwiliang,2026-05-20 07:00:00,81,81,43,,4,10,0,72,,,,,
Tangerang,Tangerang Pasir Jaya,2026-05-20 07:00:00,114,114,52,,59,63,0,25,,,,,
Bekasi,Bekasi Kayuringin,2026-05-20 07:00:00,93,93,43,,51,13,0,2,,,,,
Jakarta,The Pakubuwono Menteng,2026-05-20 07:37:31,148,148,57,104,,,,,61,29.8,,,
Depok,Cinere - Nafas,2026-05-20 07:37:40,157,157,62,123,,,,,0,0,,,
Bogor,Kabupaten Bogor Leuwiliang,2026-05-20 07:00:00,81,81,43,,4,10,0,72,,,,,
Tangerang,Tangerang Pasir Jaya,2026-05-20 07:00:00,114,114,52,,59,63,0,25,,,,,
Bekasi,Bekasi Kayuringin,2026-05-20 07:00:00,93,93,43,,51,13,0,2,,,,,
Jakarta,The Pakubuwono Menteng,2026-05-20 07:39:30,150,150,57,108,,,,,61,29.7,,,
Depok,Cinere - Nafas,2026-05-20 07:39:40,155,155,60,116,,,,,0,0,,,
Bogor,Kabupaten Bogor Leuwiliang,2026-05-20 07:00:00,81,81,43,,4,10,0,72,,,,,
Tangerang,Tangerang Pasir Jaya,2026-05-20 07:00:00,114,114,52,,59,63,0,25,,,,,
Bekasi,Bekasi Kayuringin,2026-05-20 07:00:00,93,93,43,,51,13,0,2,,,,,
Jakarta,The Pakubuwono Menteng,2026-05-20 07:39:30,150,150,57,108,,,,,61,29.7,,,
Depok,Cinere - Nafas,2026-05-20 07:39:40,155,155,60,116,,,,,0,0,,,
Bogor,Kabupaten Bogor Leuwiliang,2026-05-20 07:00:00,81,81,43,,4,10,0,72,,,,,
Tangerang,Tangerang Pasir Jaya,2026-05-20 07:00:00,114,114,52,,59,63,0,25,,,,,
Bekasi,Bekasi Kayuringin,2026-05-20 07:00:00,93,93,43,,51,13,0,2,,,,,
Jakarta,The Pakubuwono Menteng,2026-05-20 07:41:30,151,151,57,111,,,,,60,29.7,,,
Depok,Cinere - Nafas,2026-05-20 07:41:40,154,154,60,114,,,,,0,0,,,
Bogor,Kabupaten Bogor Leuwiliang,2026-05-20 07:00:00,81,81,43,,4,10,0,72,,,,,
Tangerang,Tangerang Pasir Jaya,2026-05-20 07:00:00,114,114,52,,59,63,0,25,,,,,
Bekasi,Bekasi Kayuringin,2026-05-20 07:00:00,93,93,43,,51,13,0,2,,,,,
Jakarta,The Pakubuwono Menteng,2026-05-20 07:43:30,152,152,57,113,,,,,60,29.8,,,
Depok,Cinere - Nafas,2026-05-20 07:43:40,157,157,61,120,,,,,0,0,,,
Bogor,Kabupaten Bogor Leuwiliang,2026-05-20 07:00:00,81,81,43,,4,10,0,72,,,,,
Tangerang,Tangerang Pasir Jaya,2026-05-20 07:00:00,114,114,52,,59,63,0,25,,,,,
Bekasi,Bekasi Kayuringin,2026-05-20 07:00:00,93,93,43,,51,13,0,2,,,,,
Jakarta,The Pakubuwono Menteng,2026-05-20 07:43:30,152,152,57,113,,,,,60,29.8,,,
Depok,Cinere - Nafas,2026-05-20 07:43:40,157,157,61,120,,,,,0,0,,,
Bogor,Kabupaten Bogor Leuwiliang,2026-05-20 07:00:00,81,81,43,,4,10,0,72,,,,,
Tangerang,Tangerang Pasir Jaya,2026-05-20 07:00:00,114,114,52,,59,63,0,25,,,,,
Bekasi,Bekasi Kayuringin,2026-05-20 07:00:00,93,93,43,,51,13,0,2,,,,,
Jakarta,The Pakubuwono Menteng,2026-05-20 07:45:30,154,154,59,118,,,,,60,29.8,,,
Depok,Cinere - Nafas,2026-05-20 07:45:40,158,158,61,125,,,,,0,0,,,
Bogor,Kabupaten Bogor Leuwiliang,2026-05-20 07:00:00,81,81,43,,4,10,0,72,,,,,
Tangerang,Tangerang Pasir Jaya,2026-05-20 07:00:00,114,114,52,,59,63,0,25,,,,,
Bekasi,Bekasi Kayuringin,2026-05-20 07:00:00,93,93,43,,51,13,0,2,,,,,
Jakarta,The Pakubuwono Menteng,2026-05-20 07:45:30,154,154,59,118,,,,,60,29.8,,,
Depok,Cinere - Nafas,2026-05-20 07:45:40,158,158,61,125,,,,,0,0,,,
Bogor,Kabupaten Bogor Leuwiliang,2026-05-20 07:00:00,81,81,43,,4,10,0,72,,,,,
Tangerang,Tangerang Pasir Jaya,2026-05-20 07:00:00,114,114,52,,59,63,0,25,,,,,
Bekasi,Bekasi Kayuringin,2026-05-20 07:00:00,93,93,43,,51,13,0,2,,,,,
Jakarta,The Pakubuwono Menteng,2026-05-20 07:46:30,153,153,59,116,,,,,61,29.8,,,
Depok,Cinere - Nafas,2026-05-20 07:46:40,157,157,60,119,,,,,0,0,,,
Bogor,Kabupaten Bogor Leuwiliang,2026-05-20 07:00:00,81,81,43,,4,10,0,72,,,,,
Tangerang,Tangerang Pasir Jaya,2026-05-20 07:00:00,114,114,52,,59,63,0,25,,,,,
Bekasi,Bekasi Kayuringin,2026-05-20 07:00:00,93,93,43,,51,13,0,2,,,,,
Jakarta,The Pakubuwono Menteng,2026-05-20 07:46:30,153,153,59,116,,,,,61,29.8,,,
Depok,Cinere - Nafas,2026-05-20 07:46:40,157,157,60,119,,,,,0,0,,,
Bogor,Kabupaten Bogor Leuwiliang,2026-05-20 07:00:00,81,81,43,,4,10,0,72,,,,,
Tangerang,Tangerang Pasir Jaya,2026-05-20 07:00:00,114,114,52,,59,63,0,25,,,,,
Bekasi,Bekasi Kayuringin,2026-05-20 07:00:00,93,93,43,,51,13,0,2,,,,,
Jakarta,The Pakubuwono Menteng,2026-05-20 07:48:31,150,150,57,110,,,,,60,29.9,,,
Depok,Cinere - Nafas,2026-05-20 07:48:40,155,155,60,112,,,,,0,0,,,
Bogor,Kabupaten Bogor Leuwiliang,2026-05-20 07:00:00,81,81,43,,4,10,0,72,,,,,
Tangerang,Tangerang Pasir Jaya,2026-05-20 07:00:00,114,114,52,,59,63,0,25,,,,,
Bekasi,Bekasi Kayuringin,2026-05-20 07:00:00,93,93,43,,51,13,0,2,,,,,
Jakarta,The Pakubuwono Menteng,2026-05-20 07:48:31,150,150,57,110,,,,,60,29.9,,,
Depok,Cinere - Nafas,2026-05-20 07:48:40,155,155,60,112,,,,,0,0,,,
Bogor,Kabupaten Bogor Leuwiliang,2026-05-20 07:00:00,81,81,43,,4,10,0,72,,,,,
Tangerang,Tangerang Pasir Jaya,2026-05-20 07:00:00,114,114,52,,59,63,0,25,,,,,
Bekasi,Bekasi Kayuringin,2026-05-20 07:00:00,93,93,43,,51,13,0,2,,,,,
Jakarta,The Pakubuwono Menteng,2026-05-20 07:53:31,150,150,57,106,,,,,60,30,,,
Depok,Cinere - Nafas,2026-05-20 07:53:40,154,154,59,111,,,,,0,0,,,
Bogor,Kabupaten Bogor Leuwiliang,2026-05-20 07:00:00,81,81,43,,4,10,0,72,,,,,
Tangerang,Tangerang Pasir Jaya,2026-05-20 07:00:00,114,114,52,,59,63,0,25,,,,,
Bekasi,Bekasi Kayuringin,2026-05-20 07:00:00,93,93,43,,51,13,0,2,,,,,
Jakarta,The Pakubuwono Menteng,2026-05-20 07:53:31,150,150,57,106,,,,,60,30,,,
Depok,Cinere - Nafas,2026-05-20 07:53:40,154,154,59,111,,,,,0,0,,,
Bogor,Kabupaten Bogor Leuwiliang,2026-05-20 07:00:00,81,81,43,,4,10,0,72,,,,,
Tangerang,Tangerang Pasir Jaya,2026-05-20 07:00:00,114,114,52,,59,63,0,25,,,,,
Bekasi,Bekasi Kayuringin,2026-05-20 07:00:00,93,93,43,,51,13,0,2,,,,,
Jakarta,The Pakubuwono Menteng,2026-05-20 07:54:31,152,152,58,109,,,,,60,30,,,
Depok,Cinere - Nafas,2026-05-20 07:54:40,154,154,59,116,,,,,0,0,,,
Bogor,Kabupaten Bogor Leuwiliang,2026-05-20 07:00:00,81,81,43,,4,10,0,72,,,,,
Tangerang,Tangerang Pasir Jaya,2026-05-20 07:00:00,114,114,52,,59,63,0,25,,,,,
Bekasi,Bekasi Kayuringin,2026-05-20 07:00:00,93,93,43,,51,13,0,2,,,,,
Jakarta,The Pakubuwono Menteng,2026-05-20 07:54:31,152,152,58,109,,,,,60,30,,,
Depok,Cinere - Nafas,2026-05-20 07:54:40,154,154,59,116,,,,,0,0,,,
Bogor,Kabupaten Bogor Leuwiliang,2026-05-20 07:00:00,81,81,43,,4,10,0,72,,,,,
Tangerang,Tangerang Pasir Jaya,2026-05-20 07:00:00,114,114,52,,59,63,0,25,,,,,
Bekasi,Bekasi Kayuringin,2026-05-20 07:00:00,93,93,43,,51,13,0,2,,,,,
Jakarta,The Pakubuwono Menteng,2026-05-20 07:56:31,143,143,56,104,,,,,60,30,,,
Depok,Cinere - Nafas,2026-05-20 07:56:40,154,154,59,116,,,,,0,0,,,
Bogor,Kabupaten Bogor Leuwiliang,2026-05-20 07:00:00,81,81,43,,4,10,0,72,,,,,
Tangerang,Tangerang Pasir Jaya,2026-05-20 07:00:00,114,114,52,,59,63,0,25,,,,,
Bekasi,Bekasi Kayuringin,2026-05-20 07:00:00,93,93,43,,51,13,0,2,,,,,
Jakarta,The Pakubuwono Menteng,2026-05-20 07:56:31,143,143,56,104,,,,,60,30,,,
Depok,Cinere - Nafas,2026-05-20 07:56:40,154,154,59,116,,,,,0,0,,,
Bogor,Kabupaten Bogor Leuwiliang,2026-05-20 07:00:00,81,81,43,,4,10,0,72,,,,,
Tangerang,Tangerang Pasir Jaya,2026-05-20 07:00:00,114,114,52,,59,63,0,25,,,,,
Bekasi,Bekasi Kayuringin,2026-05-20 07:00:00,93,93,43,,51,13,0,2,,,,,
Jakarta,The Pakubuwono Menteng,2026-05-20 07:58:31,150,150,57,104,,,,,60,30.1,,,
Depok,Cinere - Nafas,2026-05-20 07:58:40,155,155,60,115,,,,,0,0,,,
Bogor,Kabupaten Bogor Leuwiliang,2026-05-20 07:00:00,81,81,43,,4,10,0,72,,,,,
Tangerang,Tangerang Pasir Jaya,2026-05-20 07:00:00,114,114,52,,59,63,0,25,,,,,
Bekasi,Bekasi Kayuringin,2026-05-20 07:00:00,93,93,43,,51,13,0,2,,,,,
Jakarta,The Pakubuwono Menteng,2026-05-20 08:00:31,150,150,56,109,,,,,60,30.2,,,
Depok,Cinere - Nafas,2026-05-20 08:00:40,155,155,59,118,,,,,0,0,,,
Bogor,Kabupaten Bogor Leuwiliang,2026-05-20 07:00:00,81,81,43,,4,10,0,72,,,,,
Tangerang,Tangerang Pasir Jaya,2026-05-20 07:00:00,114,114,52,,59,63,0,25,,,,,
Bekasi,Bekasi Kayuringin,2026-05-20 07:00:00,93,93,43,,51,13,0,2,,,,,
Jakarta,The Pakubuwono Menteng,2026-05-20 08:00:31,150,150,56,109,,,,,60,30.2,,,
Depok,Cinere - Nafas,2026-05-20 08:00:40,155,155,59,118,,,,,0,0,,,
Bogor,Kabupaten Bogor Leuwiliang,2026-05-20 07:00:00,81,81,43,,4,10,0,72,,,,,
Tangerang,Tangerang Pasir Jaya,2026-05-20 07:00:00,114,114,52,,59,63,0,25,,,,,
Bekasi,Bekasi Kayuringin,2026-05-20 07:00:00,93,93,43,,51,13,0,2,,,,,
Jakarta,The Pakubuwono Menteng,2026-05-20 08:02:31,151,151,58,108,,,,,60,30.2,,,
Depok,Cinere - Nafas,2026-05-20 08:02:40,159,159,62,128,,,,,0,0,,,
Bogor,Kabupaten Bogor Leuwiliang,2026-05-20 07:00:00,81,81,43,,4,10,0,72,,,,,
Tangerang,Tangerang Pasir Jaya,2026-05-20 07:00:00,114,114,52,,59,63,0,25,,,,,
Bekasi,Bekasi Kayuringin,2026-05-20 07:00:00,93,93,43,,51,13,0,2,,,,,
Jakarta,The Pakubuwono Menteng,2026-05-20 08:04:31,152,152,58,112,,,,,60,30.3,,,
Depok,Cinere - Nafas,2026-05-20 08:04:40,154,154,60,114,,,,,0,0,,,
Bogor,Kabupaten Bogor Leuwiliang,2026-05-20 07:00:00,81,81,43,,4,10,0,72,,,,,
Tangerang,Tangerang Pasir Jaya,2026-05-20 07:00:00,114,114,52,,59,63,0,25,,,,,
Bekasi,Bekasi Kayuringin,2026-05-20 07:00:00,93,93,43,,51,13,0,2,,,,,
Jakarta,The Pakubuwono Menteng,2026-05-20 08:04:31,152,152,58,112,,,,,60,30.3,,,
Depok,Cinere - Nafas,2026-05-20 08:04:40,154,154,60,114,,,,,0,0,,,
Bogor,Kabupaten Bogor Leuwiliang,2026-05-20 07:00:00,81,81,43,,4,10,0,72,,,,,
Tangerang,Tangerang Pasir Jaya,2026-05-20 07:00:00,114,114,52,,59,63,0,25,,,,,
Bekasi,Bekasi Kayuringin,2026-05-20 07:00:00,93,93,43,,51,13,0,2,,,,,
Jakarta,The Pakubuwono Menteng,2026-05-20 08:06:31,148,148,57,110,,,,,60,30.3,,,
Depok,Cinere - Nafas,2026-05-20 08:06:40,155,155,59,114,,,,,0,0,,,
Bogor,Kabupaten Bogor Leuwiliang,2026-05-20 07:00:00,81,81,43,,4,10,0,72,,,,,
Tangerang,Tangerang Pasir Jaya,2026-05-20 07:00:00,114,114,52,,59,63,0,25,,,,,
Bekasi,Bekasi Kayuringin,2026-05-20 07:00:00,93,93,43,,51,13,0,2,,,,,
Jakarta,The Pakubuwono Menteng,2026-05-20 08:06:31,148,148,57,110,,,,,60,30.3,,,
Depok,Cinere - Nafas,2026-05-20 08:06:40,155,155,59,114,,,,,0,0,,,
Bogor,Kabupaten Bogor Leuwiliang,2026-05-20 07:00:00,81,81,43,,4,10,0,72,,,,,
Tangerang,Tangerang Pasir Jaya,2026-05-20 07:00:00,114,114,52,,59,63,0,25,,,,,
Bekasi,Bekasi Kayuringin,2026-05-20 07:00:00,93,93,43,,51,13,0,2,,,,,
Jakarta,The Pakubuwono Menteng,2026-05-20 08:08:31,150,150,57,108,,,,,60,30.3,,,
Depok,Cinere - Nafas,2026-05-20 08:08:40,159,159,61,131,,,,,0,0,,,
Bogor,Kabupaten Bogor Leuwiliang,2026-05-20 08:00:00,82,82,44,,4,10,0,72,,,,,
Tangerang,Tangerang Pasir Jaya,2026-05-20 08:00:00,115,115,52,,59,63,0,25,,,,,
Bekasi,Bekasi Kayuringin,2026-05-20 08:00:00,99,99,44,,52,13,0,2,,,,,
Jakarta,The Pakubuwono Menteng,2026-05-20 08:10:31,145,145,56,101,,,,,60,30.4,,,
Depok,Cinere - Nafas,2026-05-20 08:10:40,156,156,61,123,,,,,0,0,,,
Bogor,Kabupaten Bogor Leuwiliang,2026-05-20 08:00:00,82,82,44,,4,10,0,72,,,,,
Tangerang,Tangerang Pasir Jaya,2026-05-20 08:00:00,115,115,52,,59,63,0,25,,,,,
Bekasi,Bekasi Kayuringin,2026-05-20 08:00:00,99,99,44,,52,13,0,2,,,,,
Jakarta,The Pakubuwono Menteng,2026-05-20 08:10:31,145,145,56,101,,,,,60,30.4,,,
Depok,Cinere - Nafas,2026-05-20 08:10:40,156,156,61,123,,,,,0,0,,,
Bogor,Kabupaten Bogor Leuwiliang,2026-05-20 08:00:00,82,82,44,,4,10,0,72,,,,,
Tangerang,Tangerang Pasir Jaya,2026-05-20 08:00:00,115,115,52,,59,63,0,25,,,,,
Bekasi,Bekasi Kayuringin,2026-05-20 08:00:00,99,99,44,,52,13,0,2,,,,,
Jakarta,The Pakubuwono Menteng,2026-05-20 08:12:31,138,138,54,97,,,,,59,30.4,,,
Depok,Cinere - Nafas,2026-05-20 08:12:40,158,158,61,124,,,,,0,0,,,
Bogor,Kabupaten Bogor Leuwiliang,2026-05-20 08:00:00,82,82,44,,4,10,0,72,,,,,
Tangerang,Tangerang Pasir Jaya,2026-05-20 08:00:00,115,115,52,,59,63,0,25,,,,,
Bekasi,Bekasi Kayuringin,2026-05-20 08:00:00,99,99,44,,52,13,0,2,,,,,
Jakarta,The Pakubuwono Menteng,2026-05-20 08:14:31,138,138,54,96,,,,,59,30.4,,,
Depok,Cinere - Nafas,2026-05-20 08:14:40,153,153,60,113,,,,,0,0,,,
Bogor,Kabupaten Bogor Leuwiliang,2026-05-20 08:00:00,82,82,44,,4,10,0,72,,,,,
Tangerang,Tangerang Pasir Jaya,2026-05-20 08:00:00,115,115,52,,59,63,0,25,,,,,
Bekasi,Bekasi Kayuringin,2026-05-20 08:00:00,99,99,44,,52,13,0,2,,,,,
Jakarta,The Pakubuwono Menteng,2026-05-20 08:14:31,138,138,54,96,,,,,59,30.4,,,
Depok,Cinere - Nafas,2026-05-20 08:14:40,153,153,60,113,,,,,0,0,,,
Bogor,Kabupaten Bogor Leuwiliang,2026-05-20 08:00:00,82,82,44,,4,10,0,72,,,,,
Tangerang,Tangerang Pasir Jaya,2026-05-20 08:00:00,115,115,52,,59,63,0,25,,,,,
Bekasi,Bekasi Kayuringin,2026-05-20 08:00:00,99,99,44,,52,13,0,2,,,,,
Jakarta,The Pakubuwono Menteng,2026-05-20 08:16:31,139,139,55,99,,,,,59,30.5,,,
Depok,Cinere - Nafas,2026-05-20 08:16:40,153,153,59,114,,,,,0,0,,,
Bogor,Kabupaten Bogor Leuwiliang,2026-05-20 08:00:00,82,82,44,,4,10,0,72,,,,,
Tangerang,Tangerang Pasir Jaya,2026-05-20 08:00:00,115,115,52,,59,63,0,25,,,,,
Bekasi,Bekasi Kayuringin,2026-05-20 08:00:00,99,99,44,,52,13,0,2,,,,,
Jakarta,The Pakubuwono Menteng,2026-05-20 08:16:31,139,139,55,99,,,,,59,30.5,,,
Depok,Cinere - Nafas,2026-05-20 08:16:40,153,153,59,114,,,,,0,0,,,
Bogor,Kabupaten Bogor Leuwiliang,2026-05-20 08:00:00,82,82,44,,4,10,0,72,,,,,
Tangerang,Tangerang Pasir Jaya,2026-05-20 08:00:00,115,115,52,,59,63,0,25,,,,,
Bekasi,Bekasi Kayuringin,2026-05-20 08:00:00,99,99,44,,52,13,0,2,,,,,
Jakarta,The Pakubuwono Menteng,2026-05-20 08:18:33,138,138,54,96,,,,,59,30.5,,,
Depok,Cinere - Nafas,2026-05-20 08:18:40,152,152,57,109,,,,,0,0,,,
Bogor,Kabupaten Bogor Leuwiliang,2026-05-20 08:00:00,82,82,44,,4,10,0,72,,,,,
Tangerang,Tangerang Pasir Jaya,2026-05-20 08:00:00,115,115,52,,59,63,0,25,,,,,
Bekasi,Bekasi Kayuringin,2026-05-20 08:00:00,99,99,44,,52,13,0,2,,,,,
Jakarta,The Pakubuwono Menteng,2026-05-20 08:20:31,136,136,53,96,,,,,59,30.6,,,
Depok,Cinere - Nafas,2026-05-20 08:20:40,151,151,58,108,,,,,0,0,,,
Bogor,Kabupaten Bogor Leuwiliang,2026-05-20 08:00:00,82,82,44,,4,10,0,72,,,,,
Tangerang,Tangerang Pasir Jaya,2026-05-20 08:00:00,115,115,52,,59,63,0,25,,,,,
Bekasi,Bekasi Kayuringin,2026-05-20 08:00:00,99,99,44,,52,13,0,2,,,,,
Jakarta,The Pakubuwono Menteng,2026-05-20 08:20:31,136,136,53,96,,,,,59,30.6,,,
Depok,Cinere - Nafas,2026-05-20 08:20:40,151,151,58,108,,,,,0,0,,,
Bogor,Kabupaten Bogor Leuwiliang,2026-05-20 08:00:00,82,82,44,,4,10,0,72,,,,,
Tangerang,Tangerang Pasir Jaya,2026-05-20 08:00:00,115,115,52,,59,63,0,25,,,,,
Bekasi,Bekasi Kayuringin,2026-05-20 08:00:00,99,99,44,,52,13,0,2,,,,,
Jakarta,The Pakubuwono Menteng,2026-05-20 08:21:31,135,135,53,95,,,,,59,30.6,,,
Depok,Cinere - Nafas,2026-05-20 08:21:40,152,152,59,111,,,,,0,0,,,
Bogor,Kabupaten Bogor Leuwiliang,2026-05-20 08:00:00,82,82,44,,4,10,0,72,,,,,
Tangerang,Tangerang Pasir Jaya,2026-05-20 08:00:00,115,115,52,,59,63,0,25,,,,,
Bekasi,Bekasi Kayuringin,2026-05-20 08:00:00,99,99,44,,52,13,0,2,,,,,
Jakarta,The Pakubuwono Menteng,2026-05-20 08:21:31,135,135,53,95,,,,,59,30.6,,,
Depok,Cinere - Nafas,2026-05-20 08:21:40,152,152,59,111,,,,,0,0,,,
Bogor,Kabupaten Bogor Leuwiliang,2026-05-20 08:00:00,82,82,44,,4,10,0,72,,,,,
Tangerang,Tangerang Pasir Jaya,2026-05-20 08:00:00,115,115,52,,59,63,0,25,,,,,
Bekasi,Bekasi Kayuringin,2026-05-20 08:00:00,99,99,44,,52,13,0,2,,,,,
Jakarta,The Pakubuwono Menteng,2026-05-20 08:23:31,136,136,53,97,,,,,59,30.6,,,
Depok,Cinere - Nafas,2026-05-20 08:23:40,153,153,59,109,,,,,0,0,,,
Bogor,Kabupaten Bogor Leuwiliang,2026-05-20 08:00:00,82,82,44,,4,10,0,72,,,,,
Tangerang,Tangerang Pasir Jaya,2026-05-20 08:00:00,115,115,52,,59,63,0,25,,,,,
Bekasi,Bekasi Kayuringin,2026-05-20 08:00:00,99,99,44,,52,13,0,2,,,,,
Jakarta,The Pakubuwono Menteng,2026-05-20 08:25:31,125,125,51,91,,,,,58,30.7,,,
Depok,Cinere - Nafas,2026-05-20 08:25:41,152,152,58,111,,,,,0,0,,,
Bogor,Kabupaten Bogor Leuwiliang,2026-05-20 08:00:00,82,82,44,,4,10,0,72,,,,,
Tangerang,Tangerang Pasir Jaya,2026-05-20 08:00:00,115,115,52,,59,63,0,25,,,,,
Bekasi,Bekasi Kayuringin,2026-05-20 08:00:00,99,99,44,,52,13,0,2,,,,,
Jakarta,The Pakubuwono Menteng,2026-05-20 08:27:32,128,128,51,93,,,,,59,30.7,,,
Depok,Cinere - Nafas,2026-05-20 08:27:41,156,156,60,115,,,,,0,0,,,
Bogor,Kabupaten Bogor Leuwiliang,2026-05-20 08:00:00,82,82,44,,4,10,0,72,,,,,
Tangerang,Tangerang Pasir Jaya,2026-05-20 08:00:00,115,115,52,,59,63,0,25,,,,,
Bekasi,Bekasi Kayuringin,2026-05-20 08:00:00,99,99,44,,52,13,0,2,,,,,
Jakarta,The Pakubuwono Menteng,2026-05-20 08:27:32,128,128,51,93,,,,,59,30.7,,,
Depok,Cinere - Nafas,2026-05-20 08:27:41,156,156,60,115,,,,,0,0,,,
Bogor,Kabupaten Bogor Leuwiliang,2026-05-20 08:00:00,82,82,44,,4,10,0,72,,,,,
Tangerang,Tangerang Pasir Jaya,2026-05-20 08:00:00,115,115,52,,59,63,0,25,,,,,
Bekasi,Bekasi Kayuringin,2026-05-20 08:00:00,99,99,44,,52,13,0,2,,,,,
Jakarta,The Pakubuwono Menteng,2026-05-20 08:29:32,131,131,52,94,,,,,58,30.7,,,
Depok,Cinere - Nafas,2026-05-20 08:29:41,156,156,61,119,,,,,0,0,,,
Bogor,Kabupaten Bogor Leuwiliang,2026-05-20 08:00:00,82,82,44,,4,10,0,72,,,,,
Tangerang,Tangerang Pasir Jaya,2026-05-20 08:00:00,115,115,52,,59,63,0,25,,,,,
Bekasi,Bekasi Kayuringin,2026-05-20 08:00:00,99,99,44,,52,13,0,2,,,,,
Jakarta,The Pakubuwono Menteng,2026-05-20 08:29:32,131,131,52,94,,,,,58,30.7,,,
Depok,Cinere - Nafas,2026-05-20 08:29:41,156,156,61,119,,,,,0,0,,,
Bogor,Kabupaten Bogor Leuwiliang,2026-05-20 08:00:00,82,82,44,,4,10,0,72,,,,,
Tangerang,Tangerang Pasir Jaya,2026-05-20 08:00:00,115,115,52,,59,63,0,25,,,,,
Bekasi,Bekasi Kayuringin,2026-05-20 08:00:00,99,99,44,,52,13,0,2,,,,,
Jakarta,The Pakubuwono Menteng,2026-05-20 08:31:33,131,131,53,93,,,,,58,30.7,,,
Depok,Cinere - Nafas,2026-05-20 08:31:41,156,156,61,120,,,,,0,0,,,
Bogor,Kabupaten Bogor Leuwiliang,2026-05-20 08:00:00,82,82,44,,4,10,0,72,,,,,
Tangerang,Tangerang Pasir Jaya,2026-05-20 08:00:00,115,115,52,,59,63,0,25,,,,,
Bekasi,Bekasi Kayuringin,2026-05-20 08:00:00,99,99,44,,52,13,0,2,,,,,
Jakarta,The Pakubuwono Menteng,2026-05-20 08:31:33,131,131,53,93,,,,,58,30.7,,,
Depok,Cinere - Nafas,2026-05-20 08:31:41,156,156,61,120,,,,,0,0,,,
Bogor,Kabupaten Bogor Leuwiliang,2026-05-20 08:00:00,82,82,44,,4,10,0,72,,,,,
Tangerang,Tangerang Pasir Jaya,2026-05-20 08:00:00,115,115,52,,59,63,0,25,,,,,
Bekasi,Bekasi Kayuringin,2026-05-20 08:00:00,99,99,44,,52,13,0,2,,,,,
Jakarta,The Pakubuwono Menteng,2026-05-20 08:33:32,126,126,51,92,,,,,58,30.7,,,
Depok,Cinere - Nafas,2026-05-20 08:33:41,161,161,64,131,,,,,0,0,,,
Bogor,Kabupaten Bogor Leuwiliang,2026-05-20 08:00:00,82,82,44,,4,10,0,72,,,,,
Tangerang,Tangerang Pasir Jaya,2026-05-20 08:00:00,115,115,52,,59,63,0,25,,,,,
Bekasi,Bekasi Kayuringin,2026-05-20 08:00:00,99,99,44,,52,13,0,2,,,,,
Jakarta,The Pakubuwono Menteng,2026-05-20 08:35:32,140,140,55,97,,,,,58,30.7,,,
Depok,Cinere - Nafas,2026-05-20 08:35:41,161,161,63,133,,,,,0,0,,,
Bogor,Kabupaten Bogor Leuwiliang,2026-05-20 08:00:00,82,82,44,,4,10,0,72,,,,,
Tangerang,Tangerang Pasir Jaya,2026-05-20 08:00:00,115,115,52,,59,63,0,25,,,,,
Bekasi,Bekasi Kayuringin,2026-05-20 08:00:00,99,99,44,,52,13,0,2,,,,,
Jakarta,The Pakubuwono Menteng,2026-05-20 08:35:32,140,140,55,97,,,,,58,30.7,,,
Depok,Cinere - Nafas,2026-05-20 08:35:41,161,161,63,133,,,,,0,0,,,
Bogor,Kabupaten Bogor Leuwiliang,2026-05-20 08:00:00,82,82,44,,4,10,0,72,,,,,
Tangerang,Tangerang Pasir Jaya,2026-05-20 08:00:00,115,115,52,,59,63,0,25,,,,,
Bekasi,Bekasi Kayuringin,2026-05-20 08:00:00,99,99,44,,52,13,0,2,,,,,
Jakarta,The Pakubuwono Menteng,2026-05-20 08:37:32,148,148,56,99,,,,,58,30.6,,,
Depok,Cinere - Nafas,2026-05-20 08:37:41,160,160,62,126,,,,,0,0,,,
Bogor,Kabupaten Bogor Leuwiliang,2026-05-20 08:00:00,82,82,44,,4,10,0,72,,,,,
Tangerang,Tangerang Pasir Jaya,2026-05-20 08:00:00,115,115,52,,59,63,0,25,,,,,
Bekasi,Bekasi Kayuringin,2026-05-20 08:00:00,99,99,44,,52,13,0,2,,,,,
Jakarta,The Pakubuwono Menteng,2026-05-20 08:39:32,138,138,54,97,,,,,58,30.4,,,
Depok,Cinere - Nafas,2026-05-20 08:39:41,158,158,61,129,,,,,0,0,,,
Bogor,Kabupaten Bogor Leuwiliang,2026-05-20 08:00:00,82,82,44,,4,10,0,72,,,,,
Tangerang,Tangerang Pasir Jaya,2026-05-20 08:00:00,115,115,52,,59,63,0,25,,,,,
Bekasi,Bekasi Kayuringin,2026-05-20 08:00:00,99,99,44,,52,13,0,2,,,,,
Jakarta,The Pakubuwono Menteng,2026-05-20 08:39:32,138,138,54,97,,,,,58,30.4,,,
Depok,Cinere - Nafas,2026-05-20 08:39:41,158,158,61,129,,,,,0,0,,,
Bogor,Kabupaten Bogor Leuwiliang,2026-05-20 08:00:00,82,82,44,,4,10,0,72,,,,,
Tangerang,Tangerang Pasir Jaya,2026-05-20 08:00:00,115,115,52,,59,63,0,25,,,,,
Bekasi,Bekasi Kayuringin,2026-05-20 08:00:00,99,99,44,,52,13,0,2,,,,,
Jakarta,The Pakubuwono Menteng,2026-05-20 08:41:33,125,125,50,89,,,,,58,30.3,,,
Depok,Cinere - Nafas,2026-05-20 08:41:41,157,157,60,120,,,,,0,0,,,
Bogor,Kabupaten Bogor Leuwiliang,2026-05-20 08:00:00,82,82,44,,4,10,0,72,,,,,
Tangerang,Tangerang Pasir Jaya,2026-05-20 08:00:00,115,115,52,,59,63,0,25,,,,,
Bekasi,Bekasi Kayuringin,2026-05-20 08:00:00,99,99,44,,52,13,0,2,,,,,
Jakarta,The Pakubuwono Menteng,2026-05-20 08:41:33,125,125,50,89,,,,,58,30.3,,,
Depok,Cinere - Nafas,2026-05-20 08:41:41,157,157,60,120,,,,,0,0,,,
Bogor,Kabupaten Bogor Leuwiliang,2026-05-20 08:00:00,82,82,44,,4,10,0,72,,,,,
Tangerang,Tangerang Pasir Jaya,2026-05-20 08:00:00,115,115,52,,59,63,0,25,,,,,
Bekasi,Bekasi Kayuringin,2026-05-20 08:00:00,99,99,44,,52,13,0,2,,,,,
Jakarta,The Pakubuwono Menteng,2026-05-20 08:43:32,120,120,48,87,,,,,58,30.2,,,
Depok,Cinere - Nafas,2026-05-20 08:43:41,159,159,64,128,,,,,0,0,,,
Bogor,Kabupaten Bogor Leuwiliang,2026-05-20 08:00:00,82,82,44,,4,10,0,72,,,,,
Tangerang,Tangerang Pasir Jaya,2026-05-20 08:00:00,115,115,52,,59,63,0,25,,,,,
Bekasi,Bekasi Kayuringin,2026-05-20 08:00:00,99,99,44,,52,13,0,2,,,,,
Jakarta,The Pakubuwono Menteng,2026-05-20 08:45:32,106,106,42,83,,,,,58,30,,,
Depok,Cinere - Nafas,2026-05-20 08:45:41,163,163,67,134,,,,,0,0,,,
Bogor,Kabupaten Bogor Leuwiliang,2026-05-20 08:00:00,82,82,44,,4,10,0,72,,,,,
Tangerang,Tangerang Pasir Jaya,2026-05-20 08:00:00,115,115,52,,59,63,0,25,,,,,
Bekasi,Bekasi Kayuringin,2026-05-20 08:00:00,99,99,44,,52,13,0,2,,,,,
Jakarta,The Pakubuwono Menteng,2026-05-20 08:45:32,106,106,42,83,,,,,58,30,,,
Depok,Cinere - Nafas,2026-05-20 08:45:41,163,163,67,134,,,,,0,0,,,
Bogor,Kabupaten Bogor Leuwiliang,2026-05-20 08:00:00,82,82,44,,4,10,0,72,,,,,
Tangerang,Tangerang Pasir Jaya,2026-05-20 08:00:00,115,115,52,,59,63,0,25,,,,,
Bekasi,Bekasi Kayuringin,2026-05-20 08:00:00,99,99,44,,52,13,0,2,,,,,
Jakarta,The Pakubuwono Menteng,2026-05-20 08:47:32,115,115,44,84,,,,,59,29.9,,,
Depok,Cinere - Nafas,2026-05-20 08:47:41,162,162,66,133,,,,,0,0,,,
Bogor,Kabupaten Bogor Leuwiliang,2026-05-20 08:00:00,82,82,44,,4,10,0,72,,,,,
Tangerang,Tangerang Pasir Jaya,2026-05-20 08:00:00,115,115,52,,59,63,0,25,,,,,
Bekasi,Bekasi Kayuringin,2026-05-20 08:00:00,99,99,44,,52,13,0,2,,,,,
Jakarta,The Pakubuwono Menteng,2026-05-20 08:47:32,115,115,44,84,,,,,59,29.9,,,
Depok,Cinere - Nafas,2026-05-20 08:47:41,162,162,66,133,,,,,0,0,,,
Bogor,Kabupaten Bogor Leuwiliang,2026-05-20 08:00:00,82,82,44,,4,10,0,72,,,,,
Tangerang,Tangerang Pasir Jaya,2026-05-20 08:00:00,115,115,52,,59,63,0,25,,,,,
Bekasi,Bekasi Kayuringin,2026-05-20 08:00:00,99,99,44,,52,13,0,2,,,,,
Jakarta,The Pakubuwono Menteng,2026-05-20 08:49:32,105,105,43,79,,,,,59,29.8,,,
Depok,Cinere - Nafas,2026-05-20 08:51:41,157,157,62,125,,,,,0,0,,,
Bogor,Kabupaten Bogor Leuwiliang,2026-05-20 08:00:00,82,82,44,,4,10,0,72,,,,,
Tangerang,Tangerang Pasir Jaya,2026-05-20 08:00:00,115,115,52,,59,63,0,25,,,,,
Bekasi,Bekasi Kayuringin,2026-05-20 08:00:00,99,99,44,,52,13,0,2,,,,,
Jakarta,The Pakubuwono Menteng,2026-05-20 08:51:32,107,107,43,80,,,,,60,29.7,,,
Depok,Cinere - Nafas,2026-05-20 08:51:41,157,157,62,125,,,,,0,0,,,
Bogor,Kabupaten Bogor Leuwiliang,2026-05-20 08:00:00,82,82,44,,4,10,0,72,,,,,
Tangerang,Tangerang Pasir Jaya,2026-05-20 08:00:00,115,115,52,,59,63,0,25,,,,,
Bekasi,Bekasi Kayuringin,2026-05-20 08:00:00,99,99,44,,52,13,0,2,,,,,
Jakarta,The Pakubuwono Menteng,2026-05-20 08:52:32,101,101,41,76,,,,,60,29.6,,,
Depok,Cinere - Nafas,2026-05-20 08:52:41,161,161,65,133,,,,,0,0,,,
Bogor,Kabupaten Bogor Leuwiliang,2026-05-20 08:00:00,82,82,44,,4,10,0,72,,,,,
Tangerang,Tangerang Pasir Jaya,2026-05-20 08:00:00,115,115,52,,59,63,0,25,,,,,
Bekasi,Bekasi Kayuringin,2026-05-20 08:00:00,99,99,44,,52,13,0,2,,,,,
Jakarta,The Pakubuwono Menteng,2026-05-20 08:52:32,101,101,41,76,,,,,60,29.6,,,
Depok,Cinere - Nafas,2026-05-20 08:52:41,161,161,65,133,,,,,0,0,,,
Bogor,Kabupaten Bogor Leuwiliang,2026-05-20 08:00:00,82,82,44,,4,10,0,72,,,,,
Tangerang,Tangerang Pasir Jaya,2026-05-20 08:00:00,115,115,52,,59,63,0,25,,,,,
Bekasi,Bekasi Kayuringin,2026-05-20 08:00:00,99,99,44,,52,13,0,2,,,,,
Jakarta,The Pakubuwono Menteng,2026-05-20 08:54:32,89,89,33,69,,,,,60,29.5,,,
Depok,Cinere - Nafas,2026-05-20 08:54:42,159,159,62,127,,,,,0,0,,,
Bogor,Kabupaten Bogor Leuwiliang,2026-05-20 08:00:00,82,82,44,,4,10,0,72,,,,,
Tangerang,Tangerang Pasir Jaya,2026-05-20 08:00:00,115,115,52,,59,63,0,25,,,,,
Bekasi,Bekasi Kayuringin,2026-05-20 08:00:00,99,99,44,,52,13,0,2,,,,,
Jakarta,The Pakubuwono Menteng,2026-05-20 08:56:32,87,87,28,67,,,,,60,29.4,,,
Depok,Cinere - Nafas,2026-05-20 08:56:41,157,157,61,121,,,,,0,0,,,
Bogor,Kabupaten Bogor Leuwiliang,2026-05-20 08:00:00,82,82,44,,4,10,0,72,,,,,
Tangerang,Tangerang Pasir Jaya,2026-05-20 08:00:00,115,115,52,,59,63,0,25,,,,,
Bekasi,Bekasi Kayuringin,2026-05-20 08:00:00,99,99,44,,52,13,0,2,,,,,
Jakarta,The Pakubuwono Menteng,2026-05-20 08:56:32,87,87,28,67,,,,,60,29.4,,,
Depok,Cinere - Nafas,2026-05-20 08:56:41,157,157,61,121,,,,,0,0,,,
Bogor,Kabupaten Bogor Leuwiliang,2026-05-20 08:00:00,82,82,44,,4,10,0,72,,,,,
Tangerang,Tangerang Pasir Jaya,2026-05-20 08:00:00,115,115,52,,59,63,0,25,,,,,
Bekasi,Bekasi Kayuringin,2026-05-20 08:00:00,99,99,44,,52,13,0,2,,,,,
Jakarta,The Pakubuwono Menteng,2026-05-20 08:56:32,87,87,28,67,,,,,60,29.4,,,
Depok,Cinere - Nafas,2026-05-20 08:56:41,157,157,61,121,,,,,0,0,,,
Bogor,Kabupaten Bogor Leuwiliang,2026-05-20 08:00:00,82,82,44,,4,10,0,72,,,,,
Tangerang,Tangerang Pasir Jaya,2026-05-20 08:00:00,115,115,52,,59,63,0,25,,,,,
Bekasi,Bekasi Kayuringin,2026-05-20 08:00:00,99,99,44,,52,13,0,2,,,,,
Jakarta,The Pakubuwono Menteng,2026-05-20 08:58:32,82,82,26,67,,,,,60,29.4,,,
Depok,Cinere - Nafas,2026-05-20 08:58:41,158,158,61,121,,,,,0,0,,,
Bogor,Kabupaten Bogor Leuwiliang,2026-05-20 08:00:00,82,82,44,,4,10,0,72,,,,,
Tangerang,Tangerang Pasir Jaya,2026-05-20 08:00:00,115,115,52,,59,63,0,25,,,,,
Bekasi,Bekasi Kayuringin,2026-05-20 08:00:00,99,99,44,,52,13,0,2,,,,,
Jakarta,The Pakubuwono Menteng,2026-05-20 09:01:32,78,78,23,64,,,,,61,29.2,,,
Depok,Cinere - Nafas,2026-05-20 09:01:41,155,155,61,116,,,,,0,0,,,
Bogor,Kabupaten Bogor Leuwiliang,2026-05-20 08:00:00,82,82,44,,4,10,0,72,,,,,
Tangerang,Tangerang Pasir Jaya,2026-05-20 08:00:00,115,115,52,,59,63,0,25,,,,,
Bekasi,Bekasi Kayuringin,2026-05-20 08:00:00,99,99,44,,52,13,0,2,,,,,
Jakarta,The Pakubuwono Menteng,2026-05-20 09:02:35,78,78,23,65,,,,,61,29.2,,,
Depok,Cinere - Nafas,2026-05-20 09:02:41,155,155,59,116,,,,,0,0,,,
Bogor,Kabupaten Bogor Leuwiliang,2026-05-20 08:00:00,82,82,44,,4,10,0,72,,,,,
Tangerang,Tangerang Pasir Jaya,2026-05-20 08:00:00,115,115,52,,59,63,0,25,,,,,
Bekasi,Bekasi Kayuringin,2026-05-20 08:00:00,99,99,44,,52,13,0,2,,,,,
Jakarta,The Pakubuwono Menteng,2026-05-20 09:02:35,78,78,23,65,,,,,61,29.2,,,
Depok,Cinere - Nafas,2026-05-20 09:02:41,155,155,59,116,,,,,0,0,,,
Bogor,Kabupaten Bogor Leuwiliang,2026-05-20 08:00:00,82,82,44,,4,10,0,72,,,,,
Tangerang,Tangerang Pasir Jaya,2026-05-20 08:00:00,115,115,52,,59,63,0,25,,,,,
Bekasi,Bekasi Kayuringin,2026-05-20 08:00:00,99,99,44,,52,13,0,2,,,,,
Jakarta,The Pakubuwono Menteng,2026-05-20 09:04:32,80,80,25,62,,,,,61,29.1,,,
Depok,Cinere - Nafas,2026-05-20 09:04:41,152,152,58,108,,,,,0,0,,,
Bogor,Kabupaten Bogor Leuwiliang,2026-05-20 08:00:00,82,82,44,,4,10,0,72,,,,,
Tangerang,Tangerang Pasir Jaya,2026-05-20 08:00:00,115,115,52,,59,63,0,25,,,,,
Bekasi,Bekasi Kayuringin,2026-05-20 08:00:00,99,99,44,,52,13,0,2,,,,,
Jakarta,The Pakubuwono Menteng,2026-05-20 09:04:32,80,80,25,62,,,,,61,29.1,,,
Depok,Cinere - Nafas,2026-05-20 09:04:41,152,152,58,108,,,,,0,0,,,
Bogor,Kabupaten Bogor Leuwiliang,2026-05-20 08:00:00,82,82,44,,4,10,0,72,,,,,
Tangerang,Tangerang Pasir Jaya,2026-05-20 08:00:00,115,115,52,,59,63,0,25,,,,,
Bekasi,Bekasi Kayuringin,2026-05-20 08:00:00,99,99,44,,52,13,0,2,,,,,
Jakarta,The Pakubuwono Menteng,2026-05-20 09:04:32,80,80,25,62,,,,,61,29.1,,,
Depok,Cinere - Nafas,2026-05-20 09:04:41,152,152,58,108,,,,,0,0,,,
Bogor,Kabupaten Bogor Leuwiliang,2026-05-20 08:00:00,82,82,44,,4,10,0,72,,,,,
Tangerang,Tangerang Pasir Jaya,2026-05-20 08:00:00,115,115,52,,59,63,0,25,,,,,
Bekasi,Bekasi Kayuringin,2026-05-20 08:00:00,99,99,44,,52,13,0,2,,,,,
Jakarta,The Pakubuwono Menteng,2026-05-20 09:04:32,80,80,25,62,,,,,61,29.1,,,
Depok,Cinere - Nafas,2026-05-20 09:04:41,152,152,58,108,,,,,0,0,,,
Bogor,Kabupaten Bogor Leuwiliang,2026-05-20 08:00:00,82,82,44,,4,10,0,72,,,,,
Tangerang,Tangerang Pasir Jaya,2026-05-20 08:00:00,115,115,52,,59,63,0,25,,,,,
Bekasi,Bekasi Kayuringin,2026-05-20 08:00:00,99,99,44,,52,13,0,2,,,,,
Jakarta,The Pakubuwono Menteng,2026-05-20 09:05:32,82,82,25,61,,,,,61,29.1,,,
Depok,Cinere - Nafas,2026-05-20 09:05:41,150,150,57,102,,,,,0,0,,,
Bogor,Kabupaten Bogor Leuwiliang,2026-05-20 09:00:00,84,84,46,,4,10,0,72,,,,,
Tangerang,Tangerang Pasir Jaya,2026-05-20 09:00:00,113,113,52,,59,63,0,25,,,,,
Bekasi,Bekasi Kayuringin,2026-05-20 09:00:00,103,103,45,,52,13,0,2,,,,,
Jakarta,The Pakubuwono Menteng,2026-05-20 09:05:32,82,82,25,61,,,,,61,29.1,,,
Depok,Cinere - Nafas,2026-05-20 09:05:41,150,150,57,102,,,,,0,0,,,
Bogor,Kabupaten Bogor Leuwiliang,2026-05-20 09:00:00,84,84,46,,4,10,0,72,,,,,
Tangerang,Tangerang Pasir Jaya,2026-05-20 09:00:00,113,113,52,,59,63,0,25,,,,,
Bekasi,Bekasi Kayuringin,2026-05-20 09:00:00,103,103,45,,52,13,0,2,,,,,
Jakarta,The Pakubuwono Menteng,2026-05-20 09:11:32,22,22,5,15,,,,,60,28.9,,,
Depok,Cinere - Nafas,2026-05-20 09:11:41,151,151,57,105,,,,,0,0,,,
Bogor,Kabupaten Bogor Leuwiliang,2026-05-20 09:00:00,84,84,46,,4,10,0,72,,,,,
Tangerang,Tangerang Pasir Jaya,2026-05-20 09:00:00,113,113,52,,59,63,0,25,,,,,
Bekasi,Bekasi Kayuringin,2026-05-20 09:00:00,103,103,45,,52,13,0,2,,,,,
Jakarta,The Pakubuwono Menteng,2026-05-20 09:13:32,29,29,6,10,,,,,60,28.8,,,
Depok,Cinere - Nafas,2026-05-20 09:13:41,147,147,57,100,,,,,0,0,,,
Bogor,Kabupaten Bogor Leuwiliang,2026-05-20 09:00:00,84,84,46,,4,10,0,72,,,,,
Tangerang,Tangerang Pasir Jaya,2026-05-20 09:00:00,113,113,52,,59,63,0,25,,,,,
Bekasi,Bekasi Kayuringin,2026-05-20 09:00:00,103,103,45,,52,13,0,2,,,,,
Jakarta,The Pakubuwono Menteng,2026-05-20 09:15:32,21,21,5,7,,,,,60,28.7,,,
Depok,Cinere - Nafas,2026-05-20 09:15:41,144,144,56,100,,,,,0,0,,,
Bogor,Kabupaten Bogor Leuwiliang,2026-05-20 09:00:00,84,84,46,,4,10,0,72,,,,,
Tangerang,Tangerang Pasir Jaya,2026-05-20 09:00:00,113,113,52,,59,63,0,25,,,,,
Bekasi,Bekasi Kayuringin,2026-05-20 09:00:00,103,103,45,,52,13,0,2,,,,,
Jakarta,The Pakubuwono Menteng,2026-05-20 09:15:32,21,21,5,7,,,,,60,28.7,,,
Depok,Cinere - Nafas,2026-05-20 09:15:41,144,144,56,100,,,,,0,0,,,
Bogor,Kabupaten Bogor Leuwiliang,2026-05-20 09:00:00,84,84,46,,4,10,0,72,,,,,
Tangerang,Tangerang Pasir Jaya,2026-05-20 09:00:00,113,113,52,,59,63,0,25,,,,,
Bekasi,Bekasi Kayuringin,2026-05-20 09:00:00,103,103,45,,52,13,0,2,,,,,
Jakarta,The Pakubuwono Menteng,2026-05-20 09:17:32,28,28,8,13,,,,,61,28.7,,,
Depok,Cinere - Nafas,2026-05-20 09:17:41,141,141,56,98,,,,,0,0,,,
Bogor,Kabupaten Bogor Leuwiliang,2026-05-20 09:00:00,84,84,46,,4,10,0,72,,,,,
Tangerang,Tangerang Pasir Jaya,2026-05-20 09:00:00,113,113,52,,59,63,0,25,,,,,
Bekasi,Bekasi Kayuringin,2026-05-20 09:00:00,103,103,45,,52,13,0,2,,,,,
Jakarta,The Pakubuwono Menteng,2026-05-20 09:17:32,28,28,8,13,,,,,61,28.7,,,
Depok,Cinere - Nafas,2026-05-20 09:17:41,141,141,56,98,,,,,0,0,,,
Bogor,Kabupaten Bogor Leuwiliang,2026-05-20 09:00:00,84,84,46,,4,10,0,72,,,,,
Tangerang,Tangerang Pasir Jaya,2026-05-20 09:00:00,113,113,52,,59,63,0,25,,,,,
Bekasi,Bekasi Kayuringin,2026-05-20 09:00:00,103,103,45,,52,13,0,2,,,,,
Jakarta,The Pakubuwono Menteng,2026-05-20 09:18:32,27,27,7,15,,,,,61,28.6,,,
Depok,Cinere - Nafas,2026-05-20 09:18:41,141,141,56,96,,,,,0,0,,,
Bogor,Kabupaten Bogor Leuwiliang,2026-05-20 09:00:00,84,84,46,,4,10,0,72,,,,,
Tangerang,Tangerang Pasir Jaya,2026-05-20 09:00:00,113,113,52,,59,63,0,25,,,,,
Bekasi,Bekasi Kayuringin,2026-05-20 09:00:00,103,103,45,,52,13,0,2,,,,,
Jakarta,The Pakubuwono Menteng,2026-05-20 09:20:33,26,26,7,15,,,,,62,28.6,,,
Depok,Cinere - Nafas,2026-05-20 09:20:41,139,139,55,96,,,,,0,0,,,
Bogor,Kabupaten Bogor Leuwiliang,2026-05-20 09:00:00,84,84,46,,4,10,0,72,,,,,
Tangerang,Tangerang Pasir Jaya,2026-05-20 09:00:00,113,113,52,,59,63,0,25,,,,,
Bekasi,Bekasi Kayuringin,2026-05-20 09:00:00,103,103,45,,52,13,0,2,,,,,
Jakarta,The Pakubuwono Menteng,2026-05-20 09:20:33,26,26,7,15,,,,,62,28.6,,,
Depok,Cinere - Nafas,2026-05-20 09:20:41,139,139,55,96,,,,,0,0,,,
Bogor,Kabupaten Bogor Leuwiliang,2026-05-20 09:00:00,84,84,46,,4,10,0,72,,,,,
Tangerang,Tangerang Pasir Jaya,2026-05-20 09:00:00,113,113,52,,59,63,0,25,,,,,
Bekasi,Bekasi Kayuringin,2026-05-20 09:00:00,103,103,45,,52,13,0,2,,,,,
Jakarta,The Pakubuwono Menteng,2026-05-20 09:22:33,24,24,7,14,,,,,62,28.5,,,
Depok,Cinere - Nafas,2026-05-20 09:22:41,139,139,55,95,,,,,0,0,,,
Bogor,Kabupaten Bogor Leuwiliang,2026-05-20 09:00:00,84,84,46,,4,10,0,72,,,,,
Tangerang,Tangerang Pasir Jaya,2026-05-20 09:00:00,113,113,52,,59,63,0,25,,,,,
Bekasi,Bekasi Kayuringin,2026-05-20 09:00:00,103,103,45,,52,13,0,2,,,,,
Jakarta,The Pakubuwono Menteng,2026-05-20 09:22:33,24,24,7,14,,,,,62,28.5,,,
Depok,Cinere - Nafas,2026-05-20 09:22:41,139,139,55,95,,,,,0,0,,,
Bogor,Kabupaten Bogor Leuwiliang,2026-05-20 09:00:00,84,84,46,,4,10,0,72,,,,,
Tangerang,Tangerang Pasir Jaya,2026-05-20 09:00:00,113,113,52,,59,63,0,25,,,,,
Bekasi,Bekasi Kayuringin,2026-05-20 09:00:00,103,103,45,,52,13,0,2,,,,,
Jakarta,The Pakubuwono Menteng,2026-05-20 09:24:33,20,20,5,10,,,,,62,28.4,,,
Depok,Cinere - Nafas,2026-05-20 09:24:41,141,141,55,96,,,,,0,0,,,
Bogor,Kabupaten Bogor Leuwiliang,2026-05-20 09:00:00,84,84,46,,4,10,0,72,,,,,
Tangerang,Tangerang Pasir Jaya,2026-05-20 09:00:00,113,113,52,,59,63,0,25,,,,,
Bekasi,Bekasi Kayuringin,2026-05-20 09:00:00,103,103,45,,52,13,0,2,,,,,
Jakarta,The Pakubuwono Menteng,2026-05-20 09:26:33,21,21,5,8,,,,,63,28.3,,,
Depok,Cinere - Nafas,2026-05-20 09:26:41,143,143,56,97,,,,,0,0,,,
Bogor,Kabupaten Bogor Leuwiliang,2026-05-20 09:00:00,84,84,46,,4,10,0,72,,,,,
Tangerang,Tangerang Pasir Jaya,2026-05-20 09:00:00,113,113,52,,59,63,0,25,,,,,
Bekasi,Bekasi Kayuringin,2026-05-20 09:00:00,103,103,45,,52,13,0,2,,,,,
Jakarta,The Pakubuwono Menteng,2026-05-20 09:26:33,21,21,5,8,,,,,63,28.3,,,
Depok,Cinere - Nafas,2026-05-20 09:26:41,143,143,56,97,,,,,0,0,,,
Bogor,Kabupaten Bogor Leuwiliang,2026-05-20 09:00:00,84,84,46,,4,10,0,72,,,,,
Tangerang,Tangerang Pasir Jaya,2026-05-20 09:00:00,113,113,52,,59,63,0,25,,,,,
Bekasi,Bekasi Kayuringin,2026-05-20 09:00:00,103,103,45,,52,13,0,2,,,,,
Jakarta,The Pakubuwono Menteng,2026-05-20 09:28:33,15,15,5,6,,,,,63,28.3,,,
Depok,Cinere - Nafas,2026-05-20 09:28:42,133,133,53,94,,,,,0,0,,,
Bogor,Kabupaten Bogor Leuwiliang,2026-05-20 09:00:00,84,84,46,,4,10,0,72,,,,,
Tangerang,Tangerang Pasir Jaya,2026-05-20 09:00:00,113,113,52,,59,63,0,25,,,,,
Bekasi,Bekasi Kayuringin,2026-05-20 09:00:00,103,103,45,,52,13,0,2,,,,,
Jakarta,The Pakubuwono Menteng,2026-05-20 09:30:45,14,14,3,3,,,,,63,28.3,,,
Depok,Cinere - Nafas,2026-05-20 09:30:41,136,136,54,94,,,,,0,0,,,
Bogor,Kabupaten Bogor Leuwiliang,2026-05-20 09:00:00,84,84,46,,4,10,0,72,,,,,
Tangerang,Tangerang Pasir Jaya,2026-05-20 09:00:00,113,113,52,,59,63,0,25,,,,,
Bekasi,Bekasi Kayuringin,2026-05-20 09:00:00,103,103,45,,52,13,0,2,,,,,
Jakarta,The Pakubuwono Menteng,2026-05-20 09:30:45,14,14,3,3,,,,,63,28.3,,,
Depok,Cinere - Nafas,2026-05-20 09:30:41,136,136,54,94,,,,,0,0,,,
Bogor,Kabupaten Bogor Leuwiliang,2026-05-20 09:00:00,84,84,46,,4,10,0,72,,,,,
Tangerang,Tangerang Pasir Jaya,2026-05-20 09:00:00,113,113,52,,59,63,0,25,,,,,
Bekasi,Bekasi Kayuringin,2026-05-20 09:00:00,103,103,45,,52,13,0,2,,,,,
Jakarta,The Pakubuwono Menteng,2026-05-20 09:32:33,14,14,3,1,,,,,63,28.2,,,
Depok,Cinere - Nafas,2026-05-20 09:32:42,138,138,54,94,,,,,0,0,,,
Bogor,Kabupaten Bogor Leuwiliang,2026-05-20 09:00:00,84,84,46,,4,10,0,72,,,,,
Tangerang,Tangerang Pasir Jaya,2026-05-20 09:00:00,113,113,52,,59,63,0,25,,,,,
Bekasi,Bekasi Kayuringin,2026-05-20 09:00:00,103,103,45,,52,13,0,2,,,,,
Jakarta,The Pakubuwono Menteng,2026-05-20 09:32:33,14,14,3,1,,,,,63,28.2,,,
Depok,Cinere - Nafas,2026-05-20 09:32:42,138,138,54,94,,,,,0,0,,,
Bogor,Kabupaten Bogor Leuwiliang,2026-05-20 09:00:00,84,84,46,,4,10,0,72,,,,,
Tangerang,Tangerang Pasir Jaya,2026-05-20 09:00:00,113,113,52,,59,63,0,25,,,,,
Bekasi,Bekasi Kayuringin,2026-05-20 09:00:00,103,103,45,,52,13,0,2,,,,,
Jakarta,The Pakubuwono Menteng,2026-05-20 09:34:33,11,11,3,3,,,,,63,28.2,,,
Depok,Cinere - Nafas,2026-05-20 09:36:42,154,154,60,115,,,,,0,0,,,
Bogor,Kabupaten Bogor Leuwiliang,2026-05-20 09:00:00,84,84,46,,4,10,0,72,,,,,
Tangerang,Tangerang Pasir Jaya,2026-05-20 09:00:00,113,113,52,,59,63,0,25,,,,,
Bekasi,Bekasi Kayuringin,2026-05-20 09:00:00,103,103,45,,52,13,0,2,,,,,
Jakarta,The Pakubuwono Menteng,2026-05-20 09:36:33,13,13,3,3,,,,,63,28.1,,,
Depok,Cinere - Nafas,2026-05-20 09:36:42,154,154,60,115,,,,,0,0,,,
Bogor,Kabupaten Bogor Leuwiliang,2026-05-20 09:00:00,84,84,46,,4,10,0,72,,,,,
Tangerang,Tangerang Pasir Jaya,2026-05-20 09:00:00,113,113,52,,59,63,0,25,,,,,
Bekasi,Bekasi Kayuringin,2026-05-20 09:00:00,103,103,45,,52,13,0,2,,,,,
Jakarta,The Pakubuwono Menteng,2026-05-20 09:37:33,6,6,2,1,,,,,63,28.1,,,
Depok,Cinere - Nafas,2026-05-20 09:37:44,153,153,59,111,,,,,0,0,,,
Bogor,Kabupaten Bogor Leuwiliang,2026-05-20 09:00:00,84,84,46,,4,10,0,72,,,,,
Tangerang,Tangerang Pasir Jaya,2026-05-20 09:00:00,113,113,52,,59,63,0,25,,,,,
Bekasi,Bekasi Kayuringin,2026-05-20 09:00:00,103,103,45,,52,13,0,2,,,,,
Jakarta,The Pakubuwono Menteng,2026-05-20 09:37:33,6,6,2,1,,,,,63,28.1,,,
Depok,Cinere - Nafas,2026-05-20 09:37:44,153,153,59,111,,,,,0,0,,,
Bogor,Kabupaten Bogor Leuwiliang,2026-05-20 09:00:00,84,84,46,,4,10,0,72,,,,,
Tangerang,Tangerang Pasir Jaya,2026-05-20 09:00:00,113,113,52,,59,63,0,25,,,,,
Bekasi,Bekasi Kayuringin,2026-05-20 09:00:00,103,103,45,,52,13,0,2,,,,,
Jakarta,The Pakubuwono Menteng,2026-05-20 09:39:33,24,24,5,13,,,,,63,28.1,,,
Depok,Cinere - Nafas,2026-05-20 09:39:42,151,151,57,106,,,,,0,0,,,
Bogor,Kabupaten Bogor Leuwiliang,2026-05-20 09:00:00,84,84,46,,4,10,0,72,,,,,
Tangerang,Tangerang Pasir Jaya,2026-05-20 09:00:00,113,113,52,,59,63,0,25,,,,,
Bekasi,Bekasi Kayuringin,2026-05-20 09:00:00,103,103,45,,52,13,0,2,,,,,
Jakarta,The Pakubuwono Menteng,2026-05-20 09:39:33,24,24,5,13,,,,,63,28.1,,,
Depok,Cinere - Nafas,2026-05-20 09:39:42,151,151,57,106,,,,,0,0,,,
Bogor,Kabupaten Bogor Leuwiliang,2026-05-20 09:00:00,84,84,46,,4,10,0,72,,,,,
Tangerang,Tangerang Pasir Jaya,2026-05-20 09:00:00,113,113,52,,59,63,0,25,,,,,
Bekasi,Bekasi Kayuringin,2026-05-20 09:00:00,103,103,45,,52,13,0,2,,,,,
Jakarta,The Pakubuwono Menteng,2026-05-20 09:41:33,10,10,4,2,,,,,63,28.1,,,
Depok,Cinere - Nafas,2026-05-20 09:41:42,119,119,48,86,,,,,0,0,,,
Bogor,Kabupaten Bogor Leuwiliang,2026-05-20 09:00:00,84,84,46,,4,10,0,72,,,,,
Tangerang,Tangerang Pasir Jaya,2026-05-20 09:00:00,113,113,52,,59,63,0,25,,,,,
Bekasi,Bekasi Kayuringin,2026-05-20 09:00:00,103,103,45,,52,13,0,2,,,,,
Jakarta,The Pakubuwono Menteng,2026-05-20 09:43:33,12,12,3,1,,,,,63,28.1,,,
Depok,Cinere - Nafas,2026-05-20 09:43:42,83,83,25,65,,,,,0,0,,,
Bogor,Kabupaten Bogor Leuwiliang,2026-05-20 09:00:00,84,84,46,,4,10,0,72,,,,,
Tangerang,Tangerang Pasir Jaya,2026-05-20 09:00:00,113,113,52,,59,63,0,25,,,,,
Bekasi,Bekasi Kayuringin,2026-05-20 09:00:00,103,103,45,,52,13,0,2,,,,,
Jakarta,The Pakubuwono Menteng,2026-05-20 09:43:33,12,12,3,1,,,,,63,28.1,,,
Depok,Cinere - Nafas,2026-05-20 09:43:42,83,83,25,65,,,,,0,0,,,
Bogor,Kabupaten Bogor Leuwiliang,2026-05-20 09:00:00,84,84,46,,4,10,0,72,,,,,
Tangerang,Tangerang Pasir Jaya,2026-05-20 09:00:00,113,113,52,,59,63,0,25,,,,,
Bekasi,Bekasi Kayuringin,2026-05-20 09:00:00,103,103,45,,52,13,0,2,,,,,
Jakarta,The Pakubuwono Menteng,2026-05-20 09:45:33,19,19,5,8,,,,,63,28.2,,,
Depok,Cinere - Nafas,2026-05-20 09:45:42,55,55,15,28,,,,,0,0,,,
Bogor,Kabupaten Bogor Leuwiliang,2026-05-20 09:00:00,84,84,46,,4,10,0,72,,,,,
Tangerang,Tangerang Pasir Jaya,2026-05-20 09:00:00,113,113,52,,59,63,0,25,,,,,
Bekasi,Bekasi Kayuringin,2026-05-20 09:00:00,103,103,45,,52,13,0,2,,,,,
Jakarta,The Pakubuwono Menteng,2026-05-20 09:47:33,11,11,4,1,,,,,63,28.2,,,
Depok,Cinere - Nafas,2026-05-20 09:47:42,56,56,17,18,,,,,0,0,,,
Bogor,Kabupaten Bogor Leuwiliang,2026-05-20 09:00:00,84,84,46,,4,10,0,72,,,,,
Tangerang,Tangerang Pasir Jaya,2026-05-20 09:00:00,113,113,52,,59,63,0,25,,,,,
Bekasi,Bekasi Kayuringin,2026-05-20 09:00:00,103,103,45,,52,13,0,2,,,,,
Jakarta,The Pakubuwono Menteng,2026-05-20 09:47:33,11,11,4,1,,,,,63,28.2,,,
Depok,Cinere - Nafas,2026-05-20 09:47:42,56,56,17,18,,,,,0,0,,,
Bogor,Kabupaten Bogor Leuwiliang,2026-05-20 09:00:00,84,84,46,,4,10,0,72,,,,,
Tangerang,Tangerang Pasir Jaya,2026-05-20 09:00:00,113,113,52,,59,63,0,25,,,,,
Bekasi,Bekasi Kayuringin,2026-05-20 09:00:00,103,103,45,,52,13,0,2,,,,,
Jakarta,The Pakubuwono Menteng,2026-05-20 09:48:33,20,20,4,6,,,,,63,28.2,,,
Depok,Cinere - Nafas,2026-05-20 09:48:42,50,50,17,19,,,,,0,0,,,
Bogor,Kabupaten Bogor Leuwiliang,2026-05-20 09:00:00,84,84,46,,4,10,0,72,,,,,
Tangerang,Tangerang Pasir Jaya,2026-05-20 09:00:00,113,113,52,,59,63,0,25,,,,,
Bekasi,Bekasi Kayuringin,2026-05-20 09:00:00,103,103,45,,52,13,0,2,,,,,
Jakarta,The Pakubuwono Menteng,2026-05-20 09:49:33,20,20,5,2,,,,,63,28.2,,,
Depok,Cinere - Nafas,2026-05-20 09:49:42,40,40,14,18,,,,,0,0,,,
Bogor,Kabupaten Bogor Leuwiliang,2026-05-20 09:00:00,84,84,46,,4,10,0,72,,,,,
Tangerang,Tangerang Pasir Jaya,2026-05-20 09:00:00,113,113,52,,59,63,0,25,,,,,
Bekasi,Bekasi Kayuringin,2026-05-20 09:00:00,103,103,45,,52,13,0,2,,,,,
Jakarta,The Pakubuwono Menteng,2026-05-20 09:49:33,20,20,5,2,,,,,63,28.2,,,
Depok,Cinere - Nafas,2026-05-20 09:49:42,40,40,14,18,,,,,0,0,,,
Bogor,Kabupaten Bogor Leuwiliang,2026-05-20 09:00:00,84,84,46,,4,10,0,72,,,,,
Tangerang,Tangerang Pasir Jaya,2026-05-20 09:00:00,113,113,52,,59,63,0,25,,,,,
Bekasi,Bekasi Kayuringin,2026-05-20 09:00:00,103,103,45,,52,13,0,2,,,,,
Jakarta,The Pakubuwono Menteng,2026-05-20 09:53:33,19,19,4,1,,,,,63,28.2,,,
Depok,Cinere - Nafas,2026-05-20 09:53:42,31,31,7,16,,,,,0,0,,,
Bogor,Kabupaten Bogor Leuwiliang,2026-05-20 09:00:00,84,84,46,,4,10,0,72,,,,,
Tangerang,Tangerang Pasir Jaya,2026-05-20 09:00:00,113,113,52,,59,63,0,25,,,,,
Bekasi,Bekasi Kayuringin,2026-05-20 09:00:00,103,103,45,,52,13,0,2,,,,,
Jakarta,The Pakubuwono Menteng,2026-05-20 09:53:33,19,19,4,1,,,,,63,28.2,,,
Depok,Cinere - Nafas,2026-05-20 09:53:42,31,31,7,16,,,,,0,0,,,
Bogor,Kabupaten Bogor Leuwiliang,2026-05-20 09:00:00,84,84,46,,4,10,0,72,,,,,
Tangerang,Tangerang Pasir Jaya,2026-05-20 09:00:00,113,113,52,,59,63,0,25,,,,,
Bekasi,Bekasi Kayuringin,2026-05-20 09:00:00,103,103,45,,52,13,0,2,,,,,
Jakarta,The Pakubuwono Menteng,2026-05-20 09:55:33,19,19,6,13,,,,,63,28.2,,,
Depok,Cinere - Nafas,2026-05-20 09:55:42,29,29,7,17,,,,,0,0,,,
Bogor,Kabupaten Bogor Leuwiliang,2026-05-20 09:00:00,84,84,46,,4,10,0,72,,,,,
Tangerang,Tangerang Pasir Jaya,2026-05-20 09:00:00,113,113,52,,59,63,0,25,,,,,
Bekasi,Bekasi Kayuringin,2026-05-20 09:00:00,103,103,45,,52,13,0,2,,,,,
Jakarta,The Pakubuwono Menteng,2026-05-20 09:57:33,12,12,3,1,,,,,62,28.1,,,
Depok,Cinere - Nafas,2026-05-20 09:57:42,36,36,8,15,,,,,0,0,,,
Bogor,Kabupaten Bogor Leuwiliang,2026-05-20 09:00:00,84,84,46,,4,10,0,72,,,,,
Tangerang,Tangerang Pasir Jaya,2026-05-20 09:00:00,113,113,52,,59,63,0,25,,,,,
Bekasi,Bekasi Kayuringin,2026-05-20 09:00:00,103,103,45,,52,13,0,2,,,,,
Jakarta,The Pakubuwono Menteng,2026-05-20 09:58:33,15,15,4,5,,,,,62,28.1,,,
Depok,Cinere - Nafas,2026-05-20 09:58:42,30,30,7,13,,,,,0,0,,,
Bogor,Kabupaten Bogor Leuwiliang,2026-05-20 09:00:00,84,84,46,,4,10,0,72,,,,,
Tangerang,Tangerang Pasir Jaya,2026-05-20 09:00:00,113,113,52,,59,63,0,25,,,,,
Bekasi,Bekasi Kayuringin,2026-05-20 09:00:00,103,103,45,,52,13,0,2,,,,,
Jakarta,The Pakubuwono Menteng,2026-05-20 09:58:33,15,15,4,5,,,,,62,28.1,,,
Depok,Cinere - Nafas,2026-05-20 09:58:42,30,30,7,13,,,,,0,0,,,
Bogor,Kabupaten Bogor Leuwiliang,2026-05-20 09:00:00,84,84,46,,4,10,0,72,,,,,
Tangerang,Tangerang Pasir Jaya,2026-05-20 09:00:00,113,113,52,,59,63,0,25,,,,,
Bekasi,Bekasi Kayuringin,2026-05-20 09:00:00,103,103,45,,52,13,0,2,,,,,
Jakarta,The Pakubuwono Menteng,2026-05-20 10:00:33,22,22,5,10,,,,,63,28,,,
Depok,Cinere - Nafas,2026-05-20 10:00:42,38,38,10,20,,,,,0,0,,,
Bogor,Kabupaten Bogor Leuwiliang,2026-05-20 09:00:00,84,84,46,,4,10,0,72,,,,,
Tangerang,Tangerang Pasir Jaya,2026-05-20 09:00:00,113,113,52,,59,63,0,25,,,,,
Bekasi,Bekasi Kayuringin,2026-05-20 09:00:00,103,103,45,,52,13,0,2,,,,,
Jakarta,The Pakubuwono Menteng,2026-05-20 10:02:33,24,24,7,7,,,,,63,28,,,
Depok,Cinere - Nafas,2026-05-20 10:02:42,32,32,7,20,,,,,0,0,,,
Bogor,Kabupaten Bogor Leuwiliang,2026-05-20 09:00:00,84,84,46,,4,10,0,72,,,,,
Tangerang,Tangerang Pasir Jaya,2026-05-20 09:00:00,113,113,52,,59,63,0,25,,,,,
Bekasi,Bekasi Kayuringin,2026-05-20 09:00:00,103,103,45,,52,13,0,2,,,,,
Jakarta,The Pakubuwono Menteng,2026-05-20 10:02:33,24,24,7,7,,,,,63,28,,,
Depok,Cinere - Nafas,2026-05-20 10:02:42,32,32,7,20,,,,,0,0,,,
Bogor,Kabupaten Bogor Leuwiliang,2026-05-20 09:00:00,84,84,46,,4,10,0,72,,,,,
Tangerang,Tangerang Pasir Jaya,2026-05-20 09:00:00,113,113,52,,59,63,0,25,,,,,
Bekasi,Bekasi Kayuringin,2026-05-20 09:00:00,103,103,45,,52,13,0,2,,,,,
Jakarta,The Pakubuwono Menteng,2026-05-20 10:04:33,17,17,4,10,,,,,63,28,,,
Depok,Cinere - Nafas,2026-05-20 10:04:42,34,34,12,15,,,,,0,0,,,
Bogor,Kabupaten Bogor Leuwiliang,2026-05-20 09:00:00,84,84,46,,4,10,0,72,,,,,
Tangerang,Tangerang Pasir Jaya,2026-05-20 09:00:00,113,113,52,,59,63,0,25,,,,,
Bekasi,Bekasi Kayuringin,2026-05-20 09:00:00,103,103,45,,52,13,0,2,,,,,
Jakarta,The Pakubuwono Menteng,2026-05-20 10:04:33,17,17,4,10,,,,,63,28,,,
Depok,Cinere - Nafas,2026-05-20 10:04:42,34,34,12,15,,,,,0,0,,,
Bogor,Kabupaten Bogor Leuwiliang,2026-05-20 09:00:00,84,84,46,,4,10,0,72,,,,,
Tangerang,Tangerang Pasir Jaya,2026-05-20 09:00:00,113,113,52,,59,63,0,25,,,,,
Bekasi,Bekasi Kayuringin,2026-05-20 09:00:00,103,103,45,,52,13,0,2,,,,,
Jakarta,The Pakubuwono Menteng,2026-05-20 10:06:33,25,25,7,12,,,,,63,27.9,,,
Depok,Cinere - Nafas,2026-05-20 10:06:42,49,49,15,21,,,,,0,0,,,
Bogor,Kabupaten Bogor Leuwiliang,2026-05-20 09:00:00,84,84,46,,4,10,0,72,,,,,
Tangerang,Tangerang Pasir Jaya,2026-05-20 09:00:00,113,113,52,,59,63,0,25,,,,,
Bekasi,Bekasi Kayuringin,2026-05-20 09:00:00,103,103,45,,52,13,0,2,,,,,
Jakarta,The Pakubuwono Menteng,2026-05-20 10:06:33,25,25,7,12,,,,,63,27.9,,,
Depok,Cinere - Nafas,2026-05-20 10:06:42,49,49,15,21,,,,,0,0,,,
Bogor,Kabupaten Bogor Leuwiliang,2026-05-20 09:00:00,84,84,46,,4,10,0,72,,,,,
Tangerang,Tangerang Pasir Jaya,2026-05-20 09:00:00,113,113,52,,59,63,0,25,,,,,
Bekasi,Bekasi Kayuringin,2026-05-20 09:00:00,103,103,45,,52,13,0,2,,,,,
Jakarta,The Pakubuwono Menteng,2026-05-20 10:08:33,36,36,9,12,,,,,63,27.9,,,
Depok,Cinere - Nafas,2026-05-20 10:08:42,54,54,16,26,,,,,0,0,,,
Bogor,Kabupaten Bogor Leuwiliang,2026-05-20 10:00:00,85,85,47,,4,10,0,72,,,,,
Tangerang,Tangerang Pasir Jaya,2026-05-20 10:00:00,109,109,51,,59,63,0,25,,,,,
Bekasi,Bekasi Kayuringin,2026-05-20 10:00:00,104,104,45,,53,13,0,2,,,,,
Jakarta,The Pakubuwono Menteng,2026-05-20 10:10:33,35,35,10,15,,,,,63,27.9,,,
Depok,Cinere - Nafas,2026-05-20 10:10:42,55,55,18,25,,,,,0,0,,,
Bogor,Kabupaten Bogor Leuwiliang,2026-05-20 10:00:00,85,85,47,,4,10,0,72,,,,,
Tangerang,Tangerang Pasir Jaya,2026-05-20 10:00:00,109,109,51,,59,63,0,25,,,,,
Bekasi,Bekasi Kayuringin,2026-05-20 10:00:00,104,104,45,,53,13,0,2,,,,,
Jakarta,The Pakubuwono Menteng,2026-05-20 10:10:33,35,35,10,15,,,,,63,27.9,,,
Depok,Cinere - Nafas,2026-05-20 10:10:42,55,55,18,25,,,,,0,0,,,
Bogor,Kabupaten Bogor Leuwiliang,2026-05-20 10:00:00,85,85,47,,4,10,0,72,,,,,
Tangerang,Tangerang Pasir Jaya,2026-05-20 10:00:00,109,109,51,,59,63,0,25,,,,,
Bekasi,Bekasi Kayuringin,2026-05-20 10:00:00,104,104,45,,53,13,0,2,,,,,
Jakarta,The Pakubuwono Menteng,2026-05-20 10:12:33,36,36,12,20,,,,,63,27.8,,,
Depok,Cinere - Nafas,2026-05-20 10:12:42,56,56,19,30,,,,,0,0,,,
Bogor,Kabupaten Bogor Leuwiliang,2026-05-20 10:00:00,85,85,47,,4,10,0,72,,,,,
Tangerang,Tangerang Pasir Jaya,2026-05-20 10:00:00,109,109,51,,59,63,0,25,,,,,
Bekasi,Bekasi Kayuringin,2026-05-20 10:00:00,104,104,45,,53,13,0,2,,,,,
Jakarta,The Pakubuwono Menteng,2026-05-20 10:14:34,56,56,17,20,,,,,64,27.8,,,
Depok,Cinere - Nafas,2026-05-20 10:14:42,62,62,21,27,,,,,0,0,,,
Bogor,Kabupaten Bogor Leuwiliang,2026-05-20 10:00:00,85,85,47,,4,10,0,72,,,,,
Tangerang,Tangerang Pasir Jaya,2026-05-20 10:00:00,109,109,51,,59,63,0,25,,,,,
Bekasi,Bekasi Kayuringin,2026-05-20 10:00:00,104,104,45,,53,13,0,2,,,,,
Jakarta,The Pakubuwono Menteng,2026-05-20 10:14:34,56,56,17,20,,,,,64,27.8,,,
Depok,Cinere - Nafas,2026-05-20 10:14:42,62,62,21,27,,,,,0,0,,,
Bogor,Kabupaten Bogor Leuwiliang,2026-05-20 10:00:00,85,85,47,,4,10,0,72,,,,,
Tangerang,Tangerang Pasir Jaya,2026-05-20 10:00:00,109,109,51,,59,63,0,25,,,,,
Bekasi,Bekasi Kayuringin,2026-05-20 10:00:00,104,104,45,,53,13,0,2,,,,,
Jakarta,The Pakubuwono Menteng,2026-05-20 10:16:34,57,57,17,23,,,,,64,27.8,,,
Depok,Cinere - Nafas,2026-05-20 10:16:43,56,56,15,28,,,,,0,0,,,
Bogor,Kabupaten Bogor Leuwiliang,2026-05-20 10:00:00,85,85,47,,4,10,0,72,,,,,
Tangerang,Tangerang Pasir Jaya,2026-05-20 10:00:00,109,109,51,,59,63,0,25,,,,,
Bekasi,Bekasi Kayuringin,2026-05-20 10:00:00,104,104,45,,53,13,0,2,,,,,
Jakarta,The Pakubuwono Menteng,2026-05-20 10:16:34,57,57,17,23,,,,,64,27.8,,,
Depok,Cinere - Nafas,2026-05-20 10:16:43,56,56,15,28,,,,,0,0,,,
Bogor,Kabupaten Bogor Leuwiliang,2026-05-20 10:00:00,85,85,47,,4,10,0,72,,,,,
Tangerang,Tangerang Pasir Jaya,2026-05-20 10:00:00,109,109,51,,59,63,0,25,,,,,
Bekasi,Bekasi Kayuringin,2026-05-20 10:00:00,104,104,45,,53,13,0,2,,,,,
Jakarta,The Pakubuwono Menteng,2026-05-20 10:18:33,53,53,16,24,,,,,64,27.8,,,
Depok,Cinere - Nafas,2026-05-20 10:18:43,60,60,17,28,,,,,0,0,,,
Bogor,Kabupaten Bogor Leuwiliang,2026-05-20 10:00:00,85,85,47,,4,10,0,72,,,,,
Tangerang,Tangerang Pasir Jaya,2026-05-20 10:00:00,109,109,51,,59,63,0,25,,,,,
Bekasi,Bekasi Kayuringin,2026-05-20 10:00:00,104,104,45,,53,13,0,2,,,,,
Jakarta,The Pakubuwono Menteng,2026-05-20 10:18:33,53,53,16,24,,,,,64,27.8,,,
Depok,Cinere - Nafas,2026-05-20 10:18:43,60,60,17,28,,,,,0,0,,,
Bogor,Kabupaten Bogor Leuwiliang,2026-05-20 10:00:00,85,85,47,,4,10,0,72,,,,,
Tangerang,Tangerang Pasir Jaya,2026-05-20 10:00:00,109,109,51,,59,63,0,25,,,,,
Bekasi,Bekasi Kayuringin,2026-05-20 10:00:00,104,104,45,,53,13,0,2,,,,,
Jakarta,The Pakubuwono Menteng,2026-05-20 10:20:33,60,60,17,24,,,,,64,27.8,,,
Depok,Cinere - Nafas,2026-05-20 10:20:42,63,63,21,29,,,,,0,0,,,
Bogor,Kabupaten Bogor Leuwiliang,2026-05-20 10:00:00,85,85,47,,4,10,0,72,,,,,
Tangerang,Tangerang Pasir Jaya,2026-05-20 10:00:00,109,109,51,,59,63,0,25,,,,,
Bekasi,Bekasi Kayuringin,2026-05-20 10:00:00,104,104,45,,53,13,0,2,,,,,
Jakarta,The Pakubuwono Menteng,2026-05-20 10:22:34,38,38,15,25,,,,,63,27.9,,,
Depok,Cinere - Nafas,2026-05-20 10:22:42,60,60,18,23,,,,,0,0,,,
Bogor,Kabupaten Bogor Leuwiliang,2026-05-20 10:00:00,85,85,47,,4,10,0,72,,,,,
Tangerang,Tangerang Pasir Jaya,2026-05-20 10:00:00,109,109,51,,59,63,0,25,,,,,
Bekasi,Bekasi Kayuringin,2026-05-20 10:00:00,104,104,45,,53,13,0,2,,,,,
Jakarta,The Pakubuwono Menteng,2026-05-20 10:24:34,38,38,12,22,,,,,63,27.9,,,
Depok,Cinere - Nafas,2026-05-20 10:24:42,62,62,20,30,,,,,0,0,,,
Bogor,Kabupaten Bogor Leuwiliang,2026-05-20 10:00:00,85,85,47,,4,10,0,72,,,,,
Tangerang,Tangerang Pasir Jaya,2026-05-20 10:00:00,109,109,51,,59,63,0,25,,,,,
Bekasi,Bekasi Kayuringin,2026-05-20 10:00:00,104,104,45,,53,13,0,2,,,,,
Jakarta,The Pakubuwono Menteng,2026-05-20 10:24:34,38,38,12,22,,,,,63,27.9,,,
Depok,Cinere - Nafas,2026-05-20 10:24:42,62,62,20,30,,,,,0,0,,,
Bogor,Kabupaten Bogor Leuwiliang,2026-05-20 10:00:00,85,85,47,,4,10,0,72,,,,,
Tangerang,Tangerang Pasir Jaya,2026-05-20 10:00:00,109,109,51,,59,63,0,25,,,,,
Bekasi,Bekasi Kayuringin,2026-05-20 10:00:00,104,104,45,,53,13,0,2,,,,,
Jakarta,The Pakubuwono Menteng,2026-05-20 10:25:34,50,50,14,23,,,,,63,27.9,,,
Depok,Cinere - Nafas,2026-05-20 10:25:42,61,61,20,29,,,,,0,0,,,
Bogor,Kabupaten Bogor Leuwiliang,2026-05-20 10:00:00,85,85,47,,4,10,0,72,,,,,
Tangerang,Tangerang Pasir Jaya,2026-05-20 10:00:00,109,109,51,,59,63,0,25,,,,,
Bekasi,Bekasi Kayuringin,2026-05-20 10:00:00,104,104,45,,53,13,0,2,,,,,
Jakarta,The Pakubuwono Menteng,2026-05-20 10:25:34,50,50,14,23,,,,,63,27.9,,,
Depok,Cinere - Nafas,2026-05-20 10:25:42,61,61,20,29,,,,,0,0,,,
Bogor,Kabupaten Bogor Leuwiliang,2026-05-20 10:00:00,85,85,47,,4,10,0,72,,,,,
Tangerang,Tangerang Pasir Jaya,2026-05-20 10:00:00,109,109,51,,59,63,0,25,,,,,
Bekasi,Bekasi Kayuringin,2026-05-20 10:00:00,104,104,45,,53,13,0,2,,,,,
Jakarta,The Pakubuwono Menteng,2026-05-20 10:27:34,46,46,13,20,,,,,63,28,,,
Depok,Cinere - Nafas,2026-05-20 10:27:42,65,65,19,33,,,,,0,0,,,
Bogor,Kabupaten Bogor Leuwiliang,2026-05-20 10:00:00,85,85,47,,4,10,0,72,,,,,
Tangerang,Tangerang Pasir Jaya,2026-05-20 10:00:00,109,109,51,,59,63,0,25,,,,,
Bekasi,Bekasi Kayuringin,2026-05-20 10:00:00,104,104,45,,53,13,0,2,,,,,
Jakarta,The Pakubuwono Menteng,2026-05-20 10:27:34,46,46,13,20,,,,,63,28,,,
Depok,Cinere - Nafas,2026-05-20 10:27:42,65,65,19,33,,,,,0,0,,,
Bogor,Kabupaten Bogor Leuwiliang,2026-05-20 10:00:00,85,85,47,,4,10,0,72,,,,,
Tangerang,Tangerang Pasir Jaya,2026-05-20 10:00:00,109,109,51,,59,63,0,25,,,,,
Bekasi,Bekasi Kayuringin,2026-05-20 10:00:00,104,104,45,,53,13,0,2,,,,,
Jakarta,The Pakubuwono Menteng,2026-05-20 10:30:34,64,64,19,23,,,,,64,28.1,,,
Depok,Cinere - Nafas,2026-05-20 10:30:42,66,66,20,32,,,,,0,0,,,
Bogor,Kabupaten Bogor Leuwiliang,2026-05-20 10:00:00,85,85,47,,4,10,0,72,,,,,
Tangerang,Tangerang Pasir Jaya,2026-05-20 10:00:00,109,109,51,,59,63,0,25,,,,,
Bekasi,Bekasi Kayuringin,2026-05-20 10:00:00,104,104,45,,53,13,0,2,,,,,
Jakarta,The Pakubuwono Menteng,2026-05-20 10:31:34,42,42,15,22,,,,,64,28.1,,,
Depok,Cinere - Nafas,2026-05-20 10:31:42,54,54,17,21,,,,,0,0,,,
Bogor,Kabupaten Bogor Leuwiliang,2026-05-20 10:00:00,85,85,47,,4,10,0,72,,,,,
Tangerang,Tangerang Pasir Jaya,2026-05-20 10:00:00,109,109,51,,59,63,0,25,,,,,
Bekasi,Bekasi Kayuringin,2026-05-20 10:00:00,104,104,45,,53,13,0,2,,,,,
Jakarta,The Pakubuwono Menteng,2026-05-20 10:31:34,42,42,15,22,,,,,64,28.1,,,
Depok,Cinere - Nafas,2026-05-20 10:31:42,54,54,17,21,,,,,0,0,,,
Bogor,Kabupaten Bogor Leuwiliang,2026-05-20 10:00:00,85,85,47,,4,10,0,72,,,,,
Tangerang,Tangerang Pasir Jaya,2026-05-20 10:00:00,109,109,51,,59,63,0,25,,,,,
Bekasi,Bekasi Kayuringin,2026-05-20 10:00:00,104,104,45,,53,13,0,2,,,,,
Jakarta,The Pakubuwono Menteng,2026-05-20 10:33:34,50,50,13,20,,,,,64,28.1,,,
Depok,Cinere - Nafas,2026-05-20 10:33:46,70,70,21,45,,,,,0,0,,,
Bogor,Kabupaten Bogor Leuwiliang,2026-05-20 10:00:00,85,85,47,,4,10,0,72,,,,,
Tangerang,Tangerang Pasir Jaya,2026-05-20 10:00:00,109,109,51,,59,63,0,25,,,,,
Bekasi,Bekasi Kayuringin,2026-05-20 10:00:00,104,104,45,,53,13,0,2,,,,,
Jakarta,The Pakubuwono Menteng,2026-05-20 10:35:34,47,47,15,22,,,,,64,28.2,,,
Depok,Cinere - Nafas,2026-05-20 10:35:43,66,66,21,30,,,,,0,0,,,
Bogor,Kabupaten Bogor Leuwiliang,2026-05-20 10:00:00,85,85,47,,4,10,0,72,,,,,
Tangerang,Tangerang Pasir Jaya,2026-05-20 10:00:00,109,109,51,,59,63,0,25,,,,,
Bekasi,Bekasi Kayuringin,2026-05-20 10:00:00,104,104,45,,53,13,0,2,,,,,
Jakarta,The Pakubuwono Menteng,2026-05-20 10:35:34,47,47,15,22,,,,,64,28.2,,,
Depok,Cinere - Nafas,2026-05-20 10:35:43,66,66,21,30,,,,,0,0,,,
Bogor,Kabupaten Bogor Leuwiliang,2026-05-20 10:00:00,85,85,47,,4,10,0,72,,,,,
Tangerang,Tangerang Pasir Jaya,2026-05-20 10:00:00,109,109,51,,59,63,0,25,,,,,
Bekasi,Bekasi Kayuringin,2026-05-20 10:00:00,104,104,45,,53,13,0,2,,,,,
Jakarta,The Pakubuwono Menteng,2026-05-20 10:37:34,47,47,13,17,,,,,64,28.2,,,
Depok,Cinere - Nafas,2026-05-20 10:37:42,60,60,19,28,,,,,0,0,,,
Bogor,Kabupaten Bogor Leuwiliang,2026-05-20 10:00:00,85,85,47,,4,10,0,72,,,,,
Tangerang,Tangerang Pasir Jaya,2026-05-20 10:00:00,109,109,51,,59,63,0,25,,,,,
Bekasi,Bekasi Kayuringin,2026-05-20 10:00:00,104,104,45,,53,13,0,2,,,,,
Jakarta,The Pakubuwono Menteng,2026-05-20 10:37:34,47,47,13,17,,,,,64,28.2,,,
Depok,Cinere - Nafas,2026-05-20 10:37:42,60,60,19,28,,,,,0,0,,,
Bogor,Kabupaten Bogor Leuwiliang,2026-05-20 10:00:00,85,85,47,,4,10,0,72,,,,,
Tangerang,Tangerang Pasir Jaya,2026-05-20 10:00:00,109,109,51,,59,63,0,25,,,,,
Bekasi,Bekasi Kayuringin,2026-05-20 10:00:00,104,104,45,,53,13,0,2,,,,,
Jakarta,The Pakubuwono Menteng,2026-05-20 10:39:34,59,59,16,22,,,,,64,28.2,,,
Depok,Cinere - Nafas,2026-05-20 10:38:42,56,56,18,25,,,,,0,0,,,
Bogor,Kabupaten Bogor Leuwiliang,2026-05-20 10:00:00,85,85,47,,4,10,0,72,,,,,
Tangerang,Tangerang Pasir Jaya,2026-05-20 10:00:00,109,109,51,,59,63,0,25,,,,,
Bekasi,Bekasi Kayuringin,2026-05-20 10:00:00,104,104,45,,53,13,0,2,,,,,
Jakarta,The Pakubuwono Menteng,2026-05-20 10:41:34,48,48,17,20,,,,,63,28.3,,,
Depok,Cinere - Nafas,2026-05-20 10:41:42,56,56,16,24,,,,,0,0,,,
Bogor,Kabupaten Bogor Leuwiliang,2026-05-20 10:00:00,85,85,47,,4,10,0,72,,,,,
Tangerang,Tangerang Pasir Jaya,2026-05-20 10:00:00,109,109,51,,59,63,0,25,,,,,
Bekasi,Bekasi Kayuringin,2026-05-20 10:00:00,104,104,45,,53,13,0,2,,,,,
Jakarta,The Pakubuwono Menteng,2026-05-20 10:41:34,48,48,17,20,,,,,63,28.3,,,
Depok,Cinere - Nafas,2026-05-20 10:41:42,56,56,16,24,,,,,0,0,,,
Bogor,Kabupaten Bogor Leuwiliang,2026-05-20 10:00:00,85,85,47,,4,10,0,72,,,,,
Tangerang,Tangerang Pasir Jaya,2026-05-20 10:00:00,109,109,51,,59,63,0,25,,,,,
Bekasi,Bekasi Kayuringin,2026-05-20 10:00:00,104,104,45,,53,13,0,2,,,,,
Jakarta,The Pakubuwono Menteng,2026-05-20 10:43:34,38,38,13,27,,,,,62,28.3,,,
Depok,Cinere - Nafas,2026-05-20 10:43:43,57,57,17,23,,,,,0,0,,,
Bogor,Kabupaten Bogor Leuwiliang,2026-05-20 10:00:00,85,85,47,,4,10,0,72,,,,,
Tangerang,Tangerang Pasir Jaya,2026-05-20 10:00:00,109,109,51,,59,63,0,25,,,,,
Bekasi,Bekasi Kayuringin,2026-05-20 10:00:00,104,104,45,,53,13,0,2,,,,,
Jakarta,The Pakubuwono Menteng,2026-05-20 10:43:34,38,38,13,27,,,,,62,28.3,,,
Depok,Cinere - Nafas,2026-05-20 10:43:43,57,57,17,23,,,,,0,0,,,
Bogor,Kabupaten Bogor Leuwiliang,2026-05-20 10:00:00,85,85,47,,4,10,0,72,,,,,
Tangerang,Tangerang Pasir Jaya,2026-05-20 10:00:00,109,109,51,,59,63,0,25,,,,,
Bekasi,Bekasi Kayuringin,2026-05-20 10:00:00,104,104,45,,53,13,0,2,,,,,
Jakarta,The Pakubuwono Menteng,2026-05-20 10:45:34,33,33,9,19,,,,,62,28.4,,,
Depok,Cinere - Nafas,2026-05-20 10:47:42,57,57,20,27,,,,,0,0,,,
Bogor,Kabupaten Bogor Leuwiliang,2026-05-20 10:00:00,85,85,47,,4,10,0,72,,,,,
Tangerang,Tangerang Pasir Jaya,2026-05-20 10:00:00,109,109,51,,59,63,0,25,,,,,
Bekasi,Bekasi Kayuringin,2026-05-20 10:00:00,104,104,45,,53,13,0,2,,,,,
Jakarta,The Pakubuwono Menteng,2026-05-20 10:47:34,57,57,16,24,,,,,62,28.4,,,
Depok,Cinere - Nafas,2026-05-20 10:47:42,57,57,20,27,,,,,0,0,,,
Bogor,Kabupaten Bogor Leuwiliang,2026-05-20 10:00:00,85,85,47,,4,10,0,72,,,,,
Tangerang,Tangerang Pasir Jaya,2026-05-20 10:00:00,109,109,51,,59,63,0,25,,,,,
Bekasi,Bekasi Kayuringin,2026-05-20 10:00:00,104,104,45,,53,13,0,2,,,,,
Jakarta,The Pakubuwono Menteng,2026-05-20 10:49:34,41,41,12,22,,,,,62,28.4,,,
Depok,Cinere - Nafas,2026-05-20 10:49:42,59,59,17,28,,,,,0,0,,,
Bogor,Kabupaten Bogor Leuwiliang,2026-05-20 10:00:00,85,85,47,,4,10,0,72,,,,,
Tangerang,Tangerang Pasir Jaya,2026-05-20 10:00:00,109,109,51,,59,63,0,25,,,,,
Bekasi,Bekasi Kayuringin,2026-05-20 10:00:00,104,104,45,,53,13,0,2,,,,,
Jakarta,The Pakubuwono Menteng,2026-05-20 10:50:35,47,47,12,19,,,,,62,28.4,,,
Depok,Cinere - Nafas,2026-05-20 10:50:43,64,64,18,26,,,,,0,0,,,
Bogor,Kabupaten Bogor Leuwiliang,2026-05-20 10:00:00,85,85,47,,4,10,0,72,,,,,
Tangerang,Tangerang Pasir Jaya,2026-05-20 10:00:00,109,109,51,,59,63,0,25,,,,,
Bekasi,Bekasi Kayuringin,2026-05-20 10:00:00,104,104,45,,53,13,0,2,,,,,
Jakarta,The Pakubuwono Menteng,2026-05-20 10:50:35,47,47,12,19,,,,,62,28.4,,,
Depok,Cinere - Nafas,2026-05-20 10:50:43,64,64,18,26,,,,,0,0,,,
Bogor,Kabupaten Bogor Leuwiliang,2026-05-20 10:00:00,85,85,47,,4,10,0,72,,,,,
Tangerang,Tangerang Pasir Jaya,2026-05-20 10:00:00,109,109,51,,59,63,0,25,,,,,
Bekasi,Bekasi Kayuringin,2026-05-20 10:00:00,104,104,45,,53,13,0,2,,,,,
Jakarta,The Pakubuwono Menteng,2026-05-20 10:52:34,60,60,19,31,,,,,62,28.4,,,
Depok,Cinere - Nafas,2026-05-20 10:52:43,62,62,19,32,,,,,0,0,,,
Bogor,Kabupaten Bogor Leuwiliang,2026-05-20 10:00:00,85,85,47,,4,10,0,72,,,,,
Tangerang,Tangerang Pasir Jaya,2026-05-20 10:00:00,109,109,51,,59,63,0,25,,,,,
Bekasi,Bekasi Kayuringin,2026-05-20 10:00:00,104,104,45,,53,13,0,2,,,,,
Jakarta,The Pakubuwono Menteng,2026-05-20 10:52:34,60,60,19,31,,,,,62,28.4,,,
Depok,Cinere - Nafas,2026-05-20 10:52:43,62,62,19,32,,,,,0,0,,,
Bogor,Kabupaten Bogor Leuwiliang,2026-05-20 10:00:00,85,85,47,,4,10,0,72,,,,,
Tangerang,Tangerang Pasir Jaya,2026-05-20 10:00:00,109,109,51,,59,63,0,25,,,,,
Bekasi,Bekasi Kayuringin,2026-05-20 10:00:00,104,104,45,,53,13,0,2,,,,,
Jakarta,The Pakubuwono Menteng,2026-05-20 10:53:34,60,60,18,26,,,,,62,28.4,,,
Depok,Cinere - Nafas,2026-05-20 10:53:43,64,64,18,33,,,,,0,0,,,
Bogor,Kabupaten Bogor Leuwiliang,2026-05-20 10:00:00,85,85,47,,4,10,0,72,,,,,
Tangerang,Tangerang Pasir Jaya,2026-05-20 10:00:00,109,109,51,,59,63,0,25,,,,,
Bekasi,Bekasi Kayuringin,2026-05-20 10:00:00,104,104,45,,53,13,0,2,,,,,
Jakarta,The Pakubuwono Menteng,2026-05-20 10:55:34,62,62,20,30,,,,,62,28.4,,,
Depok,Cinere - Nafas,2026-05-20 10:55:43,60,60,17,23,,,,,0,0,,,
Bogor,Kabupaten Bogor Leuwiliang,2026-05-20 10:00:00,85,85,47,,4,10,0,72,,,,,
Tangerang,Tangerang Pasir Jaya,2026-05-20 10:00:00,109,109,51,,59,63,0,25,,,,,
Bekasi,Bekasi Kayuringin,2026-05-20 10:00:00,104,104,45,,53,13,0,2,,,,,
Jakarta,The Pakubuwono Menteng,2026-05-20 10:55:34,62,62,20,30,,,,,62,28.4,,,
Depok,Cinere - Nafas,2026-05-20 10:55:43,60,60,17,23,,,,,0,0,,,
Bogor,Kabupaten Bogor Leuwiliang,2026-05-20 10:00:00,85,85,47,,4,10,0,72,,,,,
Tangerang,Tangerang Pasir Jaya,2026-05-20 10:00:00,109,109,51,,59,63,0,25,,,,,
Bekasi,Bekasi Kayuringin,2026-05-20 10:00:00,104,104,45,,53,13,0,2,,,,,
Jakarta,The Pakubuwono Menteng,2026-05-20 10:59:34,54,54,15,29,,,,,62,28.5,,,
Depok,Cinere - Nafas,2026-05-20 10:59:43,60,60,18,24,,,,,0,0,,,
Bogor,Kabupaten Bogor Leuwiliang,2026-05-20 10:00:00,85,85,47,,4,10,0,72,,,,,
Tangerang,Tangerang Pasir Jaya,2026-05-20 10:00:00,109,109,51,,59,63,0,25,,,,,
Bekasi,Bekasi Kayuringin,2026-05-20 10:00:00,104,104,45,,53,13,0,2,,,,,
Jakarta,The Pakubuwono Menteng,2026-05-20 10:59:34,54,54,15,29,,,,,62,28.5,,,
Depok,Cinere - Nafas,2026-05-20 10:59:43,60,60,18,24,,,,,0,0,,,
Bogor,Kabupaten Bogor Leuwiliang,2026-05-20 10:00:00,85,85,47,,4,10,0,72,,,,,
Tangerang,Tangerang Pasir Jaya,2026-05-20 10:00:00,109,109,51,,59,63,0,25,,,,,
Bekasi,Bekasi Kayuringin,2026-05-20 10:00:00,104,104,45,,53,13,0,2,,,,,
Jakarta,The Pakubuwono Menteng,2026-05-20 11:01:34,52,52,13,30,,,,,62,28.5,,,
Depok,Cinere - Nafas,2026-05-20 11:01:43,59,59,18,28,,,,,0,0,,,
Bogor,Kabupaten Bogor Leuwiliang,2026-05-20 10:00:00,85,85,47,,4,10,0,72,,,,,
Tangerang,Tangerang Pasir Jaya,2026-05-20 10:00:00,109,109,51,,59,63,0,25,,,,,
Bekasi,Bekasi Kayuringin,2026-05-20 10:00:00,104,104,45,,53,13,0,2,,,,,
Jakarta,The Pakubuwono Menteng,2026-05-20 11:01:34,52,52,13,30,,,,,62,28.5,,,
Depok,Cinere - Nafas,2026-05-20 11:01:43,59,59,18,28,,,,,0,0,,,
Bogor,Kabupaten Bogor Leuwiliang,2026-05-20 10:00:00,85,85,47,,4,10,0,72,,,,,
Tangerang,Tangerang Pasir Jaya,2026-05-20 10:00:00,109,109,51,,59,63,0,25,,,,,
Bekasi,Bekasi Kayuringin,2026-05-20 10:00:00,104,104,45,,53,13,0,2,,,,,
Jakarta,The Pakubuwono Menteng,2026-05-20 11:03:34,68,68,21,43,,,,,62,28.6,,,
Depok,Cinere - Nafas,2026-05-20 11:03:43,52,52,15,22,,,,,0,0,,,
Bogor,Kabupaten Bogor Leuwiliang,2026-05-20 10:00:00,85,85,47,,4,10,0,72,,,,,
Tangerang,Tangerang Pasir Jaya,2026-05-20 10:00:00,109,109,51,,59,63,0,25,,,,,
Bekasi,Bekasi Kayuringin,2026-05-20 10:00:00,104,104,45,,53,13,0,2,,,,,
Jakarta,The Pakubuwono Menteng,2026-05-20 11:03:34,68,68,21,43,,,,,62,28.6,,,
Depok,Cinere - Nafas,2026-05-20 11:03:43,52,52,15,22,,,,,0,0,,,
Bogor,Kabupaten Bogor Leuwiliang,2026-05-20 10:00:00,85,85,47,,4,10,0,72,,,,,
Tangerang,Tangerang Pasir Jaya,2026-05-20 10:00:00,109,109,51,,59,63,0,25,,,,,
Bekasi,Bekasi Kayuringin,2026-05-20 10:00:00,104,104,45,,53,13,0,2,,,,,
Jakarta,The Pakubuwono Menteng,2026-05-20 11:05:35,55,55,17,30,,,,,62,28.6,,,
Depok,Cinere - Nafas,2026-05-20 11:05:43,59,59,16,24,,,,,0,0,,,
Bogor,Kabupaten Bogor Leuwiliang,2026-05-20 10:00:00,85,85,47,,4,10,0,72,,,,,
Tangerang,Tangerang Pasir Jaya,2026-05-20 10:00:00,109,109,51,,59,63,0,25,,,,,
Bekasi,Bekasi Kayuringin,2026-05-20 10:00:00,104,104,45,,53,13,0,2,,,,,
Jakarta,The Pakubuwono Menteng,2026-05-20 11:05:35,55,55,17,30,,,,,62,28.6,,,
Depok,Cinere - Nafas,2026-05-20 11:05:43,59,59,16,24,,,,,0,0,,,
Bogor,Kabupaten Bogor Leuwiliang,2026-05-20 10:00:00,85,85,47,,4,10,0,72,,,,,
Tangerang,Tangerang Pasir Jaya,2026-05-20 10:00:00,109,109,51,,59,63,0,25,,,,,
Bekasi,Bekasi Kayuringin,2026-05-20 10:00:00,104,104,45,,53,13,0,2,,,,,
Jakarta,The Pakubuwono Menteng,2026-05-20 11:07:35,56,56,17,24,,,,,62,28.6,,,
Depok,Cinere - Nafas,2026-05-20 11:07:43,53,53,17,19,,,,,0,0,,,
Bogor,Kabupaten Bogor Leuwiliang,2026-05-20 11:00:00,86,86,48,,4,10,0,72,,,,,
Tangerang,Tangerang Pasir Jaya,2026-05-20 11:00:00,106,106,50,,59,63,0,25,,,,,
Bekasi,Bekasi Kayuringin,2026-05-20 11:00:00,105,105,45,,53,13,0,2,,,,,
Jakarta,The Pakubuwono Menteng,2026-05-20 11:09:35,50,50,14,25,,,,,62,28.6,,,
Depok,Cinere - Nafas,2026-05-20 11:09:44,62,62,19,28,,,,,0,0,,,
Bogor,Kabupaten Bogor Leuwiliang,2026-05-20 11:00:00,86,86,48,,4,10,0,72,,,,,
Tangerang,Tangerang Pasir Jaya,2026-05-20 11:00:00,106,106,50,,59,63,0,25,,,,,
Bekasi,Bekasi Kayuringin,2026-05-20 11:00:00,105,105,45,,53,13,0,2,,,,,
Jakarta,The Pakubuwono Menteng,2026-05-20 11:10:35,51,51,16,25,,,,,62,28.6,,,
Depok,Cinere - Nafas,2026-05-20 11:10:43,53,53,16,20,,,,,0,0,,,
Bogor,Kabupaten Bogor Leuwiliang,2026-05-20 11:00:00,86,86,48,,4,10,0,72,,,,,
Tangerang,Tangerang Pasir Jaya,2026-05-20 11:00:00,106,106,50,,59,63,0,25,,,,,
Bekasi,Bekasi Kayuringin,2026-05-20 11:00:00,105,105,45,,53,13,0,2,,,,,
Jakarta,The Pakubuwono Menteng,2026-05-20 11:10:35,51,51,16,25,,,,,62,28.6,,,
Depok,Cinere - Nafas,2026-05-20 11:10:43,53,53,16,20,,,,,0,0,,,
Bogor,Kabupaten Bogor Leuwiliang,2026-05-20 11:00:00,86,86,48,,4,10,0,72,,,,,
Tangerang,Tangerang Pasir Jaya,2026-05-20 11:00:00,106,106,50,,59,63,0,25,,,,,
Bekasi,Bekasi Kayuringin,2026-05-20 11:00:00,105,105,45,,53,13,0,2,,,,,
Jakarta,The Pakubuwono Menteng,2026-05-20 11:12:35,52,52,16,27,,,,,62,28.6,,,
Depok,Cinere - Nafas,2026-05-20 11:12:43,60,60,17,27,,,,,0,0,,,
Bogor,Kabupaten Bogor Leuwiliang,2026-05-20 11:00:00,86,86,48,,4,10,0,72,,,,,
Tangerang,Tangerang Pasir Jaya,2026-05-20 11:00:00,106,106,50,,59,63,0,25,,,,,
Bekasi,Bekasi Kayuringin,2026-05-20 11:00:00,105,105,45,,53,13,0,2,,,,,
Jakarta,The Pakubuwono Menteng,2026-05-20 11:14:35,56,56,17,24,,,,,62,28.6,,,
Depok,Cinere - Nafas,2026-05-20 11:14:43,65,65,19,30,,,,,0,0,,,
Bogor,Kabupaten Bogor Leuwiliang,2026-05-20 11:00:00,86,86,48,,4,10,0,72,,,,,
Tangerang,Tangerang Pasir Jaya,2026-05-20 11:00:00,106,106,50,,59,63,0,25,,,,,
Bekasi,Bekasi Kayuringin,2026-05-20 11:00:00,105,105,45,,53,13,0,2,,,,,
Jakarta,The Pakubuwono Menteng,2026-05-20 11:14:35,56,56,17,24,,,,,62,28.6,,,
Depok,Cinere - Nafas,2026-05-20 11:14:43,65,65,19,30,,,,,0,0,,,
Bogor,Kabupaten Bogor Leuwiliang,2026-05-20 11:00:00,86,86,48,,4,10,0,72,,,,,
Tangerang,Tangerang Pasir Jaya,2026-05-20 11:00:00,106,106,50,,59,63,0,25,,,,,
Bekasi,Bekasi Kayuringin,2026-05-20 11:00:00,105,105,45,,53,13,0,2,,,,,
Jakarta,The Pakubuwono Menteng,2026-05-20 11:16:35,64,64,18,33,,,,,62,28.6,,,
Depok,Cinere - Nafas,2026-05-20 11:16:43,61,61,20,30,,,,,0,0,,,
Bogor,Kabupaten Bogor Leuwiliang,2026-05-20 11:00:00,86,86,48,,4,10,0,72,,,,,
Tangerang,Tangerang Pasir Jaya,2026-05-20 11:00:00,106,106,50,,59,63,0,25,,,,,
Bekasi,Bekasi Kayuringin,2026-05-20 11:00:00,105,105,45,,53,13,0,2,,,,,
Jakarta,The Pakubuwono Menteng,2026-05-20 11:16:35,64,64,18,33,,,,,62,28.6,,,
Depok,Cinere - Nafas,2026-05-20 11:16:43,61,61,20,30,,,,,0,0,,,
Bogor,Kabupaten Bogor Leuwiliang,2026-05-20 11:00:00,86,86,48,,4,10,0,72,,,,,
Tangerang,Tangerang Pasir Jaya,2026-05-20 11:00:00,106,106,50,,59,63,0,25,,,,,
Bekasi,Bekasi Kayuringin,2026-05-20 11:00:00,105,105,45,,53,13,0,2,,,,,
Jakarta,The Pakubuwono Menteng,2026-05-20 11:18:35,43,43,17,26,,,,,62,28.6,,,
Depok,Cinere - Nafas,2026-05-20 11:18:43,62,62,17,30,,,,,0,0,,,
Bogor,Kabupaten Bogor Leuwiliang,2026-05-20 11:00:00,86,86,48,,4,10,0,72,,,,,
Tangerang,Tangerang Pasir Jaya,2026-05-20 11:00:00,106,106,50,,59,63,0,25,,,,,
Bekasi,Bekasi Kayuringin,2026-05-20 11:00:00,105,105,45,,53,13,0,2,,,,,
Jakarta,The Pakubuwono Menteng,2026-05-20 11:18:35,43,43,17,26,,,,,62,28.6,,,
Depok,Cinere - Nafas,2026-05-20 11:20:43,56,56,18,28,,,,,0,0,,,
Bogor,Kabupaten Bogor Leuwiliang,2026-05-20 11:00:00,86,86,48,,4,10,0,72,,,,,
Tangerang,Tangerang Pasir Jaya,2026-05-20 11:00:00,106,106,50,,59,63,0,25,,,,,
Bekasi,Bekasi Kayuringin,2026-05-20 11:00:00,105,105,45,,53,13,0,2,,,,,
Jakarta,The Pakubuwono Menteng,2026-05-20 11:20:35,62,62,17,27,,,,,62,28.6,,,
Depok,Cinere - Nafas,2026-05-20 11:20:43,56,56,18,28,,,,,0,0,,,
Bogor,Kabupaten Bogor Leuwiliang,2026-05-20 11:00:00,86,86,48,,4,10,0,72,,,,,
Tangerang,Tangerang Pasir Jaya,2026-05-20 11:00:00,106,106,50,,59,63,0,25,,,,,
Bekasi,Bekasi Kayuringin,2026-05-20 11:00:00,105,105,45,,53,13,0,2,,,,,
Jakarta,The Pakubuwono Menteng,2026-05-20 11:22:35,57,57,18,28,,,,,63,28.7,,,
Depok,Cinere - Nafas,2026-05-20 11:22:43,62,62,22,36,,,,,0,0,,,
Bogor,Kabupaten Bogor Leuwiliang,2026-05-20 11:00:00,86,86,48,,4,10,0,72,,,,,
Tangerang,Tangerang Pasir Jaya,2026-05-20 11:00:00,106,106,50,,59,63,0,25,,,,,
Bekasi,Bekasi Kayuringin,2026-05-20 11:00:00,105,105,45,,53,13,0,2,,,,,
Jakarta,The Pakubuwono Menteng,2026-05-20 11:22:35,57,57,18,28,,,,,63,28.7,,,
Depok,Cinere - Nafas,2026-05-20 11:22:43,62,62,22,36,,,,,0,0,,,
Bogor,Kabupaten Bogor Leuwiliang,2026-05-20 11:00:00,86,86,48,,4,10,0,72,,,,,
Tangerang,Tangerang Pasir Jaya,2026-05-20 11:00:00,106,106,50,,59,63,0,25,,,,,
Bekasi,Bekasi Kayuringin,2026-05-20 11:00:00,105,105,45,,53,13,0,2,,,,,
Jakarta,The Pakubuwono Menteng,2026-05-20 11:24:35,37,37,9,20,,,,,60,28.7,,,
Depok,Cinere - Nafas,2026-05-20 11:24:43,62,62,17,33,,,,,0,0,,,
Bogor,Kabupaten Bogor Leuwiliang,2026-05-20 11:00:00,86,86,48,,4,10,0,72,,,,,
Tangerang,Tangerang Pasir Jaya,2026-05-20 11:00:00,106,106,50,,59,63,0,25,,,,,
Bekasi,Bekasi Kayuringin,2026-05-20 11:00:00,105,105,45,,53,13,0,2,,,,,
Jakarta,The Pakubuwono Menteng,2026-05-20 11:24:35,37,37,9,20,,,,,60,28.7,,,
Depok,Cinere - Nafas,2026-05-20 11:24:43,62,62,17,33,,,,,0,0,,,
Bogor,Kabupaten Bogor Leuwiliang,2026-05-20 11:00:00,86,86,48,,4,10,0,72,,,,,
Tangerang,Tangerang Pasir Jaya,2026-05-20 11:00:00,106,106,50,,59,63,0,25,,,,,
Bekasi,Bekasi Kayuringin,2026-05-20 11:00:00,105,105,45,,53,13,0,2,,,,,
Jakarta,The Pakubuwono Menteng,2026-05-20 11:26:35,57,57,15,30,,,,,62,28.7,,,
Depok,Cinere - Nafas,2026-05-20 11:26:43,66,66,22,32,,,,,0,0,,,
Bogor,Kabupaten Bogor Leuwiliang,2026-05-20 11:00:00,86,86,48,,4,10,0,72,,,,,
Tangerang,Tangerang Pasir Jaya,2026-05-20 11:00:00,106,106,50,,59,63,0,25,,,,,
Bekasi,Bekasi Kayuringin,2026-05-20 11:00:00,105,105,45,,53,13,0,2,,,,,
Jakarta,The Pakubuwono Menteng,2026-05-20 11:28:35,64,64,20,30,,,,,63,28.8,,,
Depok,Cinere - Nafas,2026-05-20 11:28:43,68,68,19,40,,,,,0,0,,,
Bogor,Kabupaten Bogor Leuwiliang,2026-05-20 11:00:00,86,86,48,,4,10,0,72,,,,,
Tangerang,Tangerang Pasir Jaya,2026-05-20 11:00:00,106,106,50,,59,63,0,25,,,,,
Bekasi,Bekasi Kayuringin,2026-05-20 11:00:00,105,105,45,,53,13,0,2,,,,,
Jakarta,The Pakubuwono Menteng,2026-05-20 11:28:35,64,64,20,30,,,,,63,28.8,,,
Depok,Cinere - Nafas,2026-05-20 11:28:43,68,68,19,40,,,,,0,0,,,
Bogor,Kabupaten Bogor Leuwiliang,2026-05-20 11:00:00,86,86,48,,4,10,0,72,,,,,
Tangerang,Tangerang Pasir Jaya,2026-05-20 11:00:00,106,106,50,,59,63,0,25,,,,,
Bekasi,Bekasi Kayuringin,2026-05-20 11:00:00,105,105,45,,53,13,0,2,,,,,
Jakarta,The Pakubuwono Menteng,2026-05-20 11:30:35,59,59,18,28,,,,,62,28.9,,,
Depok,Cinere - Nafas,2026-05-20 11:30:43,77,77,25,51,,,,,0,0,,,
Bogor,Kabupaten Bogor Leuwiliang,2026-05-20 11:00:00,86,86,48,,4,10,0,72,,,,,
Tangerang,Tangerang Pasir Jaya,2026-05-20 11:00:00,106,106,50,,59,63,0,25,,,,,
Bekasi,Bekasi Kayuringin,2026-05-20 11:00:00,105,105,45,,53,13,0,2,,,,,
Jakarta,The Pakubuwono Menteng,2026-05-20 11:32:35,63,63,20,26,,,,,62,28.9,,,
Depok,Cinere - Nafas,2026-05-20 11:32:43,77,77,25,59,,,,,0,0,,,
Bogor,Kabupaten Bogor Leuwiliang,2026-05-20 11:00:00,86,86,48,,4,10,0,72,,,,,
Tangerang,Tangerang Pasir Jaya,2026-05-20 11:00:00,106,106,50,,59,63,0,25,,,,,
Bekasi,Bekasi Kayuringin,2026-05-20 11:00:00,105,105,45,,53,13,0,2,,,,,
Jakarta,The Pakubuwono Menteng,2026-05-20 11:32:35,63,63,20,26,,,,,62,28.9,,,
Depok,Cinere - Nafas,2026-05-20 11:32:43,77,77,25,59,,,,,0,0,,,
Bogor,Kabupaten Bogor Leuwiliang,2026-05-20 11:00:00,86,86,48,,4,10,0,72,,,,,
Tangerang,Tangerang Pasir Jaya,2026-05-20 11:00:00,106,106,50,,59,63,0,25,,,,,
Bekasi,Bekasi Kayuringin,2026-05-20 11:00:00,105,105,45,,53,13,0,2,,,,,
Jakarta,The Pakubuwono Menteng,2026-05-20 11:34:35,59,59,19,27,,,,,62,28.9,,,
Depok,Cinere - Nafas,2026-05-20 11:34:43,84,84,26,61,,,,,0,0,,,
Bogor,Kabupaten Bogor Leuwiliang,2026-05-20 11:00:00,86,86,48,,4,10,0,72,,,,,
Tangerang,Tangerang Pasir Jaya,2026-05-20 11:00:00,106,106,50,,59,63,0,25,,,,,
Bekasi,Bekasi Kayuringin,2026-05-20 11:00:00,105,105,45,,53,13,0,2,,,,,
Jakarta,The Pakubuwono Menteng,2026-05-20 11:36:35,60,60,17,31,,,,,62,29,,,
Depok,Cinere - Nafas,2026-05-20 11:36:43,80,80,25,63,,,,,0,0,,,
Bogor,Kabupaten Bogor Leuwiliang,2026-05-20 11:00:00,86,86,48,,4,10,0,72,,,,,
Tangerang,Tangerang Pasir Jaya,2026-05-20 11:00:00,106,106,50,,59,63,0,25,,,,,
Bekasi,Bekasi Kayuringin,2026-05-20 11:00:00,105,105,45,,53,13,0,2,,,,,
Jakarta,The Pakubuwono Menteng,2026-05-20 11:36:35,60,60,17,31,,,,,62,29,,,
Depok,Cinere - Nafas,2026-05-20 11:36:43,80,80,25,63,,,,,0,0,,,
Bogor,Kabupaten Bogor Leuwiliang,2026-05-20 11:00:00,86,86,48,,4,10,0,72,,,,,
Tangerang,Tangerang Pasir Jaya,2026-05-20 11:00:00,106,106,50,,59,63,0,25,,,,,
Bekasi,Bekasi Kayuringin,2026-05-20 11:00:00,105,105,45,,53,13,0,2,,,,,
Jakarta,The Pakubuwono Menteng,2026-05-20 11:37:35,60,60,18,29,,,,,62,29,,,
Depok,Cinere - Nafas,2026-05-20 11:37:43,81,81,26,62,,,,,0,0,,,
Bogor,Kabupaten Bogor Leuwiliang,2026-05-20 11:00:00,86,86,48,,4,10,0,72,,,,,
Tangerang,Tangerang Pasir Jaya,2026-05-20 11:00:00,106,106,50,,59,63,0,25,,,,,
Bekasi,Bekasi Kayuringin,2026-05-20 11:00:00,105,105,45,,53,13,0,2,,,,,
Jakarta,The Pakubuwono Menteng,2026-05-20 11:37:35,60,60,18,29,,,,,62,29,,,
Depok,Cinere - Nafas,2026-05-20 11:37:43,81,81,26,62,,,,,0,0,,,
Bogor,Kabupaten Bogor Leuwiliang,2026-05-20 11:00:00,86,86,48,,4,10,0,72,,,,,
Tangerang,Tangerang Pasir Jaya,2026-05-20 11:00:00,106,106,50,,59,63,0,25,,,,,
Bekasi,Bekasi Kayuringin,2026-05-20 11:00:00,105,105,45,,53,13,0,2,,,,,
Jakarta,The Pakubuwono Menteng,2026-05-20 11:41:35,71,71,21,38,,,,,61,29.1,,,
Depok,Cinere - Nafas,2026-05-20 11:40:43,77,77,25,60,,,,,0,0,,,
Bogor,Kabupaten Bogor Leuwiliang,2026-05-20 11:00:00,86,86,48,,4,10,0,72,,,,,
Tangerang,Tangerang Pasir Jaya,2026-05-20 11:00:00,106,106,50,,59,63,0,25,,,,,
Bekasi,Bekasi Kayuringin,2026-05-20 11:00:00,105,105,45,,53,13,0,2,,,,,
Jakarta,The Pakubuwono Menteng,2026-05-20 11:41:35,71,71,21,38,,,,,61,29.1,,,
Depok,Cinere - Nafas,2026-05-20 11:40:43,77,77,25,60,,,,,0,0,,,
Bogor,Kabupaten Bogor Leuwiliang,2026-05-20 11:00:00,86,86,48,,4,10,0,72,,,,,
Tangerang,Tangerang Pasir Jaya,2026-05-20 11:00:00,106,106,50,,59,63,0,25,,,,,
Bekasi,Bekasi Kayuringin,2026-05-20 11:00:00,105,105,45,,53,13,0,2,,,,,
Jakarta,The Pakubuwono Menteng,2026-05-20 11:43:35,75,75,23,54,,,,,61,29.1,,,
Depok,Cinere - Nafas,2026-05-20 11:42:44,72,72,21,45,,,,,0,0,,,
Bogor,Kabupaten Bogor Leuwiliang,2026-05-20 11:00:00,86,86,48,,4,10,0,72,,,,,
Tangerang,Tangerang Pasir Jaya,2026-05-20 11:00:00,106,106,50,,59,63,0,25,,,,,
Bekasi,Bekasi Kayuringin,2026-05-20 11:00:00,105,105,45,,53,13,0,2,,,,,
Jakarta,The Pakubuwono Menteng,2026-05-20 11:43:35,75,75,23,54,,,,,61,29.1,,,
Depok,Cinere - Nafas,2026-05-20 11:44:44,71,71,21,41,,,,,0,0,,,
Bogor,Kabupaten Bogor Leuwiliang,2026-05-20 11:00:00,86,86,48,,4,10,0,72,,,,,
Tangerang,Tangerang Pasir Jaya,2026-05-20 11:00:00,106,106,50,,59,63,0,25,,,,,
Bekasi,Bekasi Kayuringin,2026-05-20 11:00:00,105,105,45,,53,13,0,2,,,,,
Jakarta,The Pakubuwono Menteng,2026-05-20 11:47:36,86,86,27,69,,,,,61,29.2,,,
Depok,Cinere - Nafas,2026-05-20 11:46:44,72,72,22,35,,,,,0,0,,,
Bogor,Kabupaten Bogor Leuwiliang,2026-05-20 11:00:00,86,86,48,,4,10,0,72,,,,,
Tangerang,Tangerang Pasir Jaya,2026-05-20 11:00:00,106,106,50,,59,63,0,25,,,,,
Bekasi,Bekasi Kayuringin,2026-05-20 11:00:00,105,105,45,,53,13,0,2,,,,,
Jakarta,The Pakubuwono Menteng,2026-05-20 11:47:36,86,86,27,69,,,,,61,29.2,,,
Depok,Cinere - Nafas,2026-05-20 11:46:44,72,72,22,35,,,,,0,0,,,
Bogor,Kabupaten Bogor Leuwiliang,2026-05-20 11:00:00,86,86,48,,4,10,0,72,,,,,
Tangerang,Tangerang Pasir Jaya,2026-05-20 11:00:00,106,106,50,,59,63,0,25,,,,,
Bekasi,Bekasi Kayuringin,2026-05-20 11:00:00,105,105,45,,53,13,0,2,,,,,
Jakarta,The Pakubuwono Menteng,2026-05-20 11:49:36,86,86,28,67,,,,,61,29.2,,,
Depok,Cinere - Nafas,2026-05-20 11:48:44,71,71,21,35,,,,,0,0,,,
Bogor,Kabupaten Bogor Leuwiliang,2026-05-20 11:00:00,86,86,48,,4,10,0,72,,,,,
Tangerang,Tangerang Pasir Jaya,2026-05-20 11:00:00,106,106,50,,59,63,0,25,,,,,
Bekasi,Bekasi Kayuringin,2026-05-20 11:00:00,105,105,45,,53,13,0,2,,,,,
Jakarta,The Pakubuwono Menteng,2026-05-20 11:49:36,86,86,28,67,,,,,61,29.2,,,
Depok,Cinere - Nafas,2026-05-20 11:48:44,71,71,21,35,,,,,0,0,,,
Bogor,Kabupaten Bogor Leuwiliang,2026-05-20 11:00:00,86,86,48,,4,10,0,72,,,,,
Tangerang,Tangerang Pasir Jaya,2026-05-20 11:00:00,106,106,50,,59,63,0,25,,,,,
Bekasi,Bekasi Kayuringin,2026-05-20 11:00:00,105,105,45,,53,13,0,2,,,,,
Jakarta,The Pakubuwono Menteng,2026-05-20 11:51:36,81,81,26,63,,,,,60,29.2,,,
Depok,Cinere - Nafas,2026-05-20 11:50:44,73,73,22,49,,,,,0,0,,,
Bogor,Kabupaten Bogor Leuwiliang,2026-05-20 11:00:00,86,86,48,,4,10,0,72,,,,,
Tangerang,Tangerang Pasir Jaya,2026-05-20 11:00:00,106,106,50,,59,63,0,25,,,,,
Bekasi,Bekasi Kayuringin,2026-05-20 11:00:00,105,105,45,,53,13,0,2,,,,,
Jakarta,The Pakubuwono Menteng,2026-05-20 11:51:36,81,81,26,63,,,,,60,29.2,,,
Depok,Cinere - Nafas,2026-05-20 11:50:44,73,73,22,49,,,,,0,0,,,
Bogor,Kabupaten Bogor Leuwiliang,2026-05-20 11:00:00,86,86,48,,4,10,0,72,,,,,
Tangerang,Tangerang Pasir Jaya,2026-05-20 11:00:00,106,106,50,,59,63,0,25,,,,,
Bekasi,Bekasi Kayuringin,2026-05-20 11:00:00,105,105,45,,53,13,0,2,,,,,
Jakarta,The Pakubuwono Menteng,2026-05-20 11:53:36,87,87,27,66,,,,,60,29.2,,,
Depok,Cinere - Nafas,2026-05-20 11:52:44,71,71,21,51,,,,,0,0,,,
Bogor,Kabupaten Bogor Leuwiliang,2026-05-20 11:00:00,86,86,48,,4,10,0,72,,,,,
Tangerang,Tangerang Pasir Jaya,2026-05-20 11:00:00,106,106,50,,59,63,0,25,,,,,
Bekasi,Bekasi Kayuringin,2026-05-20 11:00:00,105,105,45,,53,13,0,2,,,,,
Jakarta,The Pakubuwono Menteng,2026-05-20 11:54:36,83,83,27,67,,,,,61,29.2,,,
Depok,Cinere - Nafas,2026-05-20 11:53:44,67,67,23,43,,,,,0,0,,,
Bogor,Kabupaten Bogor Leuwiliang,2026-05-20 11:00:00,86,86,48,,4,10,0,72,,,,,
Tangerang,Tangerang Pasir Jaya,2026-05-20 11:00:00,106,106,50,,59,63,0,25,,,,,
Bekasi,Bekasi Kayuringin,2026-05-20 11:00:00,105,105,45,,53,13,0,2,,,,,
Jakarta,The Pakubuwono Menteng,2026-05-20 11:54:36,83,83,27,67,,,,,61,29.2,,,
Depok,Cinere - Nafas,2026-05-20 11:55:44,81,81,26,61,,,,,0,0,,,
Bogor,Kabupaten Bogor Leuwiliang,2026-05-20 11:00:00,86,86,48,,4,10,0,72,,,,,
Tangerang,Tangerang Pasir Jaya,2026-05-20 11:00:00,106,106,50,,59,63,0,25,,,,,
Bekasi,Bekasi Kayuringin,2026-05-20 11:00:00,105,105,45,,53,13,0,2,,,,,
Jakarta,The Pakubuwono Menteng,2026-05-20 11:56:36,86,86,31,71,,,,,60,29.2,,,
Depok,Cinere - Nafas,2026-05-20 11:55:44,81,81,26,61,,,,,0,0,,,
Bogor,Kabupaten Bogor Leuwiliang,2026-05-20 11:00:00,86,86,48,,4,10,0,72,,,,,
Tangerang,Tangerang Pasir Jaya,2026-05-20 11:00:00,106,106,50,,59,63,0,25,,,,,
Bekasi,Bekasi Kayuringin,2026-05-20 11:00:00,105,105,45,,53,13,0,2,,,,,
Jakarta,The Pakubuwono Menteng,2026-05-20 11:58:36,81,81,26,67,,,,,60,29.2,,,
Depok,Cinere - Nafas,2026-05-20 11:57:44,77,77,27,55,,,,,0,0,,,
Bogor,Kabupaten Bogor Leuwiliang,2026-05-20 11:00:00,86,86,48,,4,10,0,72,,,,,
Tangerang,Tangerang Pasir Jaya,2026-05-20 11:00:00,106,106,50,,59,63,0,25,,,,,
Bekasi,Bekasi Kayuringin,2026-05-20 11:00:00,105,105,45,,53,13,0,2,,,,,
Jakarta,The Pakubuwono Menteng,2026-05-20 11:58:36,81,81,26,67,,,,,60,29.2,,,
Depok,Cinere - Nafas,2026-05-20 11:57:44,77,77,27,55,,,,,0,0,,,
Bogor,Kabupaten Bogor Leuwiliang,2026-05-20 11:00:00,86,86,48,,4,10,0,72,,,,,
Tangerang,Tangerang Pasir Jaya,2026-05-20 11:00:00,106,106,50,,59,63,0,25,,,,,
Bekasi,Bekasi Kayuringin,2026-05-20 11:00:00,105,105,45,,53,13,0,2,,,,,
Jakarta,The Pakubuwono Menteng,2026-05-20 12:00:36,89,89,29,67,,,,,60,29.2,,,
Depok,Cinere - Nafas,2026-05-20 11:59:44,79,79,25,58,,,,,0,0,,,
Bogor,Kabupaten Bogor Leuwiliang,2026-05-20 11:00:00,86,86,48,,4,10,0,72,,,,,
Tangerang,Tangerang Pasir Jaya,2026-05-20 11:00:00,106,106,50,,59,63,0,25,,,,,
Bekasi,Bekasi Kayuringin,2026-05-20 11:00:00,105,105,45,,53,13,0,2,,,,,
Jakarta,The Pakubuwono Menteng,2026-05-20 12:02:36,86,86,29,68,,,,,60,29.3,,,
Depok,Cinere - Nafas,2026-05-20 12:01:44,77,77,24,51,,,,,0,0,,,
Bogor,Kabupaten Bogor Leuwiliang,2026-05-20 11:00:00,86,86,48,,4,10,0,72,,,,,
Tangerang,Tangerang Pasir Jaya,2026-05-20 11:00:00,106,106,50,,59,63,0,25,,,,,
Bekasi,Bekasi Kayuringin,2026-05-20 11:00:00,105,105,45,,53,13,0,2,,,,,
Jakarta,The Pakubuwono Menteng,2026-05-20 12:02:36,86,86,29,68,,,,,60,29.3,,,
Depok,Cinere - Nafas,2026-05-20 12:01:44,77,77,24,51,,,,,0,0,,,
Bogor,Kabupaten Bogor Leuwiliang,2026-05-20 11:00:00,86,86,48,,4,10,0,72,,,,,
Tangerang,Tangerang Pasir Jaya,2026-05-20 11:00:00,106,106,50,,59,63,0,25,,,,,
Bekasi,Bekasi Kayuringin,2026-05-20 11:00:00,105,105,45,,53,13,0,2,,,,,
Jakarta,The Pakubuwono Menteng,2026-05-20 12:04:36,93,93,33,71,,,,,60,29.3,,,
Depok,Cinere - Nafas,2026-05-20 12:03:44,77,77,23,51,,,,,0,0,,,
Bogor,Kabupaten Bogor Leuwiliang,2026-05-20 11:00:00,86,86,48,,4,10,0,72,,,,,
Tangerang,Tangerang Pasir Jaya,2026-05-20 11:00:00,106,106,50,,59,63,0,25,,,,,
Bekasi,Bekasi Kayuringin,2026-05-20 11:00:00,105,105,45,,53,13,0,2,,,,,
Jakarta,The Pakubuwono Menteng,2026-05-20 12:04:36,93,93,33,71,,,,,60,29.3,,,
Depok,Cinere - Nafas,2026-05-20 12:03:44,77,77,23,51,,,,,0,0,,,
Bogor,Kabupaten Bogor Leuwiliang,2026-05-20 11:00:00,86,86,48,,4,10,0,72,,,,,
Tangerang,Tangerang Pasir Jaya,2026-05-20 11:00:00,106,106,50,,59,63,0,25,,,,,
Bekasi,Bekasi Kayuringin,2026-05-20 11:00:00,105,105,45,,53,13,0,2,,,,,
Jakarta,The Pakubuwono Menteng,2026-05-20 12:06:36,92,92,31,71,,,,,60,29.4,,,
Depok,Cinere - Nafas,2026-05-20 12:05:44,73,73,25,54,,,,,0,0,,,
Bogor,Kabupaten Bogor Leuwiliang,2026-05-20 11:00:00,86,86,48,,4,10,0,72,,,,,
Tangerang,Tangerang Pasir Jaya,2026-05-20 12:00:00,105,105,50,,59,63,0,25,,,,,
Bekasi,Bekasi Kayuringin,2026-05-20 12:00:00,106,106,44,,55,13,0,2,,,,,
Jakarta,The Pakubuwono Menteng,2026-05-20 12:08:36,85,85,27,67,,,,,60,29.5,,,
Depok,Cinere - Nafas,2026-05-20 12:07:44,82,82,25,62,,,,,0,0,,,
Bogor,Kabupaten Bogor Leuwiliang,2026-05-20 12:00:00,86,86,47,,4,10,0,72,,,,,
Tangerang,Tangerang Pasir Jaya,2026-05-20 12:00:00,105,105,50,,59,63,0,25,,,,,
Bekasi,Bekasi Kayuringin,2026-05-20 12:00:00,106,106,44,,55,13,0,2,,,,,
Jakarta,The Pakubuwono Menteng,2026-05-20 12:09:36,82,82,26,68,,,,,59,29.6,,,
Depok,Cinere - Nafas,2026-05-20 12:08:44,77,77,24,61,,,,,0,0,,,
Bogor,Kabupaten Bogor Leuwiliang,2026-05-20 12:00:00,86,86,47,,4,10,0,72,,,,,
Tangerang,Tangerang Pasir Jaya,2026-05-20 12:00:00,105,105,50,,59,63,0,25,,,,,
Bekasi,Bekasi Kayuringin,2026-05-20 12:00:00,106,106,44,,55,13,0,2,,,,,
Jakarta,The Pakubuwono Menteng,2026-05-20 12:09:36,82,82,26,68,,,,,59,29.6,,,
Depok,Cinere - Nafas,2026-05-20 12:08:44,77,77,24,61,,,,,0,0,,,
Bogor,Kabupaten Bogor Leuwiliang,2026-05-20 12:00:00,86,86,47,,4,10,0,72,,,,,
Tangerang,Tangerang Pasir Jaya,2026-05-20 12:00:00,105,105,50,,59,63,0,25,,,,,
Bekasi,Bekasi Kayuringin,2026-05-20 12:00:00,106,106,44,,55,13,0,2,,,,,
Jakarta,The Pakubuwono Menteng,2026-05-20 12:11:36,84,84,28,68,,,,,60,29.6,,,
Depok,Cinere - Nafas,2026-05-20 12:10:44,80,80,25,63,,,,,0,0,,,
Bogor,Kabupaten Bogor Leuwiliang,2026-05-20 12:00:00,86,86,47,,4,10,0,72,,,,,
Tangerang,Tangerang Pasir Jaya,2026-05-20 12:00:00,105,105,50,,59,63,0,25,,,,,
Bekasi,Bekasi Kayuringin,2026-05-20 12:00:00,106,106,44,,55,13,0,2,,,,,
Jakarta,The Pakubuwono Menteng,2026-05-20 12:11:36,84,84,28,68,,,,,60,29.6,,,
Depok,Cinere - Nafas,2026-05-20 12:10:44,80,80,25,63,,,,,0,0,,,
Bogor,Kabupaten Bogor Leuwiliang,2026-05-20 12:00:00,86,86,47,,4,10,0,72,,,,,
Tangerang,Tangerang Pasir Jaya,2026-05-20 12:00:00,105,105,50,,59,63,0,25,,,,,
Bekasi,Bekasi Kayuringin,2026-05-20 12:00:00,106,106,44,,55,13,0,2,,,,,
Jakarta,The Pakubuwono Menteng,2026-05-20 12:13:36,87,87,31,68,,,,,60,29.7,,,
Depok,Cinere - Nafas,2026-05-20 12:12:44,83,83,26,63,,,,,0,0,,,
Bogor,Kabupaten Bogor Leuwiliang,2026-05-20 12:00:00,86,86,47,,4,10,0,72,,,,,
Tangerang,Tangerang Pasir Jaya,2026-05-20 12:00:00,105,105,50,,59,63,0,25,,,,,
Bekasi,Bekasi Kayuringin,2026-05-20 12:00:00,106,106,44,,55,13,0,2,,,,,
Jakarta,The Pakubuwono Menteng,2026-05-20 12:15:36,84,84,31,66,,,,,59,29.8,,,
Depok,Cinere - Nafas,2026-05-20 12:14:45,80,80,27,61,,,,,0,0,,,
Bogor,Kabupaten Bogor Leuwiliang,2026-05-20 12:00:00,86,86,47,,4,10,0,72,,,,,
Tangerang,Tangerang Pasir Jaya,2026-05-20 12:00:00,105,105,50,,59,63,0,25,,,,,
Bekasi,Bekasi Kayuringin,2026-05-20 12:00:00,106,106,44,,55,13,0,2,,,,,
Jakarta,The Pakubuwono Menteng,2026-05-20 12:15:36,84,84,31,66,,,,,59,29.8,,,
Depok,Cinere - Nafas,2026-05-20 12:14:45,80,80,27,61,,,,,0,0,,,
Bogor,Kabupaten Bogor Leuwiliang,2026-05-20 12:00:00,86,86,47,,4,10,0,72,,,,,
Tangerang,Tangerang Pasir Jaya,2026-05-20 12:00:00,105,105,50,,59,63,0,25,,,,,
Bekasi,Bekasi Kayuringin,2026-05-20 12:00:00,106,106,44,,55,13,0,2,,,,,
Jakarta,The Pakubuwono Menteng,2026-05-20 12:17:36,79,79,25,61,,,,,59,29.9,,,
Depok,Cinere - Nafas,2026-05-20 12:16:45,78,78,24,54,,,,,0,0,,,
Bogor,Kabupaten Bogor Leuwiliang,2026-05-20 12:00:00,86,86,47,,4,10,0,72,,,,,
Tangerang,Tangerang Pasir Jaya,2026-05-20 12:00:00,105,105,50,,59,63,0,25,,,,,
Bekasi,Bekasi Kayuringin,2026-05-20 12:00:00,106,106,44,,55,13,0,2,,,,,
Jakarta,The Pakubuwono Menteng,2026-05-20 12:17:36,79,79,25,61,,,,,59,29.9,,,
Depok,Cinere - Nafas,2026-05-20 12:16:45,78,78,24,54,,,,,0,0,,,
Bogor,Kabupaten Bogor Leuwiliang,2026-05-20 12:00:00,86,86,47,,4,10,0,72,,,,,
Tangerang,Tangerang Pasir Jaya,2026-05-20 12:00:00,105,105,50,,59,63,0,25,,,,,
Bekasi,Bekasi Kayuringin,2026-05-20 12:00:00,106,106,44,,55,13,0,2,,,,,
Jakarta,The Pakubuwono Menteng,2026-05-20 12:19:36,76,76,25,63,,,,,59,30,,,
Depok,Cinere - Nafas,2026-05-20 12:18:44,92,92,33,70,,,,,0,0,,,
Bogor,Kabupaten Bogor Leuwiliang,2026-05-20 12:00:00,86,86,47,,4,10,0,72,,,,,
Tangerang,Tangerang Pasir Jaya,2026-05-20 12:00:00,105,105,50,,59,63,0,25,,,,,
Bekasi,Bekasi Kayuringin,2026-05-20 12:00:00,106,106,44,,55,13,0,2,,,,,
Jakarta,The Pakubuwono Menteng,2026-05-20 12:21:36,75,75,25,59,,,,,59,30.1,,,
Depok,Cinere - Nafas,2026-05-20 12:20:45,87,87,30,71,,,,,0,0,,,
Bogor,Kabupaten Bogor Leuwiliang,2026-05-20 12:00:00,86,86,47,,4,10,0,72,,,,,
Tangerang,Tangerang Pasir Jaya,2026-05-20 12:00:00,105,105,50,,59,63,0,25,,,,,
Bekasi,Bekasi Kayuringin,2026-05-20 12:00:00,106,106,44,,55,13,0,2,,,,,
Jakarta,The Pakubuwono Menteng,2026-05-20 12:21:36,75,75,25,59,,,,,59,30.1,,,
Depok,Cinere - Nafas,2026-05-20 12:20:45,87,87,30,71,,,,,0,0,,,
Bogor,Kabupaten Bogor Leuwiliang,2026-05-20 12:00:00,86,86,47,,4,10,0,72,,,,,
Tangerang,Tangerang Pasir Jaya,2026-05-20 12:00:00,105,105,50,,59,63,0,25,,,,,
Bekasi,Bekasi Kayuringin,2026-05-20 12:00:00,106,106,44,,55,13,0,2,,,,,
Jakarta,The Pakubuwono Menteng,2026-05-20 12:23:36,86,86,27,65,,,,,58,30.2,,,
Depok,Cinere - Nafas,2026-05-20 12:22:48,87,87,29,66,,,,,0,0,,,
Bogor,Kabupaten Bogor Leuwiliang,2026-05-20 12:00:00,86,86,47,,4,10,0,72,,,,,
Tangerang,Tangerang Pasir Jaya,2026-05-20 12:00:00,105,105,50,,59,63,0,25,,,,,
Bekasi,Bekasi Kayuringin,2026-05-20 12:00:00,106,106,44,,55,13,0,2,,,,,
Jakarta,The Pakubuwono Menteng,2026-05-20 12:25:37,92,92,33,71,,,,,58,30.3,,,
Depok,Cinere - Nafas,2026-05-20 12:24:45,79,79,27,64,,,,,0,0,,,
Bogor,Kabupaten Bogor Leuwiliang,2026-05-20 12:00:00,86,86,47,,4,10,0,72,,,,,
Tangerang,Tangerang Pasir Jaya,2026-05-20 12:00:00,105,105,50,,59,63,0,25,,,,,
Bekasi,Bekasi Kayuringin,2026-05-20 12:00:00,106,106,44,,55,13,0,2,,,,,
Jakarta,The Pakubuwono Menteng,2026-05-20 12:25:37,92,92,33,71,,,,,58,30.3,,,
Depok,Cinere - Nafas,2026-05-20 12:24:45,79,79,27,64,,,,,0,0,,,
Bogor,Kabupaten Bogor Leuwiliang,2026-05-20 12:00:00,86,86,47,,4,10,0,72,,,,,
Tangerang,Tangerang Pasir Jaya,2026-05-20 12:00:00,105,105,50,,59,63,0,25,,,,,
Bekasi,Bekasi Kayuringin,2026-05-20 12:00:00,106,106,44,,55,13,0,2,,,,,
Jakarta,The Pakubuwono Menteng,2026-05-20 12:27:37,87,87,30,69,,,,,58,30.4,,,
Depok,Cinere - Nafas,2026-05-20 12:27:45,80,80,25,66,,,,,0,0,,,
Bogor,Kabupaten Bogor Leuwiliang,2026-05-20 12:00:00,86,86,47,,4,10,0,72,,,,,
Tangerang,Tangerang Pasir Jaya,2026-05-20 12:00:00,105,105,50,,59,63,0,25,,,,,
Bekasi,Bekasi Kayuringin,2026-05-20 12:00:00,106,106,44,,55,13,0,2,,,,,
Jakarta,The Pakubuwono Menteng,2026-05-20 12:27:37,87,87,30,69,,,,,58,30.4,,,
Depok,Cinere - Nafas,2026-05-20 12:27:45,80,80,25,66,,,,,0,0,,,
Bogor,Kabupaten Bogor Leuwiliang,2026-05-20 12:00:00,86,86,47,,4,10,0,72,,,,,
Tangerang,Tangerang Pasir Jaya,2026-05-20 12:00:00,105,105,50,,59,63,0,25,,,,,
Bekasi,Bekasi Kayuringin,2026-05-20 12:00:00,106,106,44,,55,13,0,2,,,,,
Jakarta,The Pakubuwono Menteng,2026-05-20 12:29:37,91,91,31,70,,,,,58,30.4,,,
Depok,Cinere - Nafas,2026-05-20 12:29:44,76,76,23,53,,,,,0,0,,,
Bogor,Kabupaten Bogor Leuwiliang,2026-05-20 12:00:00,86,86,47,,4,10,0,72,,,,,
Tangerang,Tangerang Pasir Jaya,2026-05-20 12:00:00,105,105,50,,59,63,0,25,,,,,
Bekasi,Bekasi Kayuringin,2026-05-20 12:00:00,106,106,44,,55,13,0,2,,,,,
Jakarta,The Pakubuwono Menteng,2026-05-20 12:29:37,91,91,31,70,,,,,58,30.4,,,
Depok,Cinere - Nafas,2026-05-20 12:29:44,76,76,23,53,,,,,0,0,,,
Bogor,Kabupaten Bogor Leuwiliang,2026-05-20 12:00:00,86,86,47,,4,10,0,72,,,,,
Tangerang,Tangerang Pasir Jaya,2026-05-20 12:00:00,105,105,50,,59,63,0,25,,,,,
Bekasi,Bekasi Kayuringin,2026-05-20 12:00:00,106,106,44,,55,13,0,2,,,,,
Jakarta,The Pakubuwono Menteng,2026-05-20 12:31:37,95,95,37,72,,,,,59,30.5,,,
Depok,Cinere - Nafas,2026-05-20 12:31:45,71,71,22,53,,,,,0,0,,,
Bogor,Kabupaten Bogor Leuwiliang,2026-05-20 12:00:00,86,86,47,,4,10,0,72,,,,,
Tangerang,Tangerang Pasir Jaya,2026-05-20 12:00:00,105,105,50,,59,63,0,25,,,,,
Bekasi,Bekasi Kayuringin,2026-05-20 12:00:00,106,106,44,,55,13,0,2,,,,,
Jakarta,The Pakubuwono Menteng,2026-05-20 12:33:37,108,108,43,80,,,,,58,30.6,,,
Depok,Cinere - Nafas,2026-05-20 12:33:45,78,78,23,52,,,,,0,0,,,
Bogor,Kabupaten Bogor Leuwiliang,2026-05-20 12:00:00,86,86,47,,4,10,0,72,,,,,
Tangerang,Tangerang Pasir Jaya,2026-05-20 12:00:00,105,105,50,,59,63,0,25,,,,,
Bekasi,Bekasi Kayuringin,2026-05-20 12:00:00,106,106,44,,55,13,0,2,,,,,
Jakarta,The Pakubuwono Menteng,2026-05-20 12:35:37,98,98,38,73,,,,,58,30.7,,,
Depok,Cinere - Nafas,2026-05-20 12:34:45,78,78,25,52,,,,,0,0,,,
Bogor,Kabupaten Bogor Leuwiliang,2026-05-20 12:00:00,86,86,47,,4,10,0,72,,,,,
Tangerang,Tangerang Pasir Jaya,2026-05-20 12:00:00,105,105,50,,59,63,0,25,,,,,
Bekasi,Bekasi Kayuringin,2026-05-20 12:00:00,106,106,44,,55,13,0,2,,,,,
Jakarta,The Pakubuwono Menteng,2026-05-20 12:35:37,98,98,38,73,,,,,58,30.7,,,
Depok,Cinere - Nafas,2026-05-20 12:34:45,78,78,25,52,,,,,0,0,,,
Bogor,Kabupaten Bogor Leuwiliang,2026-05-20 12:00:00,86,86,47,,4,10,0,72,,,,,
Tangerang,Tangerang Pasir Jaya,2026-05-20 12:00:00,105,105,50,,59,63,0,25,,,,,
Bekasi,Bekasi Kayuringin,2026-05-20 12:00:00,106,106,44,,55,13,0,2,,,,,
Jakarta,The Pakubuwono Menteng,2026-05-20 12:36:37,93,93,33,72,,,,,59,30.8,,,
Depok,Cinere - Nafas,2026-05-20 12:36:45,76,76,24,53,,,,,0,0,,,
Bogor,Kabupaten Bogor Leuwiliang,2026-05-20 12:00:00,86,86,47,,4,10,0,72,,,,,
Tangerang,Tangerang Pasir Jaya,2026-05-20 12:00:00,105,105,50,,59,63,0,25,,,,,
Bekasi,Bekasi Kayuringin,2026-05-20 12:00:00,106,106,44,,55,13,0,2,,,,,
Jakarta,The Pakubuwono Menteng,2026-05-20 12:38:37,95,95,33,71,,,,,58,30.9,,,
Depok,Cinere - Nafas,2026-05-20 12:37:45,79,79,26,54,,,,,0,0,,,
Bogor,Kabupaten Bogor Leuwiliang,2026-05-20 12:00:00,86,86,47,,4,10,0,72,,,,,
Tangerang,Tangerang Pasir Jaya,2026-05-20 12:00:00,105,105,50,,59,63,0,25,,,,,
Bekasi,Bekasi Kayuringin,2026-05-20 12:00:00,106,106,44,,55,13,0,2,,,,,
Jakarta,The Pakubuwono Menteng,2026-05-20 12:38:37,95,95,33,71,,,,,58,30.9,,,
Depok,Cinere - Nafas,2026-05-20 12:37:45,79,79,26,54,,,,,0,0,,,
Bogor,Kabupaten Bogor Leuwiliang,2026-05-20 12:00:00,86,86,47,,4,10,0,72,,,,,
Tangerang,Tangerang Pasir Jaya,2026-05-20 12:00:00,105,105,50,,59,63,0,25,,,,,
Bekasi,Bekasi Kayuringin,2026-05-20 12:00:00,106,106,44,,55,13,0,2,,,,,
Jakarta,The Pakubuwono Menteng,2026-05-20 12:40:37,94,94,34,71,,,,,56,31.1,,,
Depok,Cinere - Nafas,2026-05-20 12:40:48,86,86,28,67,,,,,0,0,,,
Bogor,Kabupaten Bogor Leuwiliang,2026-05-20 12:00:00,86,86,47,,4,10,0,72,,,,,
Tangerang,Tangerang Pasir Jaya,2026-05-20 12:00:00,105,105,50,,59,63,0,25,,,,,
Bekasi,Bekasi Kayuringin,2026-05-20 12:00:00,106,106,44,,55,13,0,2,,,,,
Jakarta,The Pakubuwono Menteng,2026-05-20 12:40:37,94,94,34,71,,,,,56,31.1,,,
Depok,Cinere - Nafas,2026-05-20 12:40:48,86,86,28,67,,,,,0,0,,,
Bogor,Kabupaten Bogor Leuwiliang,2026-05-20 12:00:00,86,86,47,,4,10,0,72,,,,,
Tangerang,Tangerang Pasir Jaya,2026-05-20 12:00:00,105,105,50,,59,63,0,25,,,,,
Bekasi,Bekasi Kayuringin,2026-05-20 12:00:00,106,106,44,,55,13,0,2,,,,,
Jakarta,The Pakubuwono Menteng,2026-05-20 12:42:37,90,90,34,69,,,,,56,31.4,,,
Depok,Cinere - Nafas,2026-05-20 12:42:45,78,78,24,62,,,,,0,0,,,
Bogor,Kabupaten Bogor Leuwiliang,2026-05-20 12:00:00,86,86,47,,4,10,0,72,,,,,
Tangerang,Tangerang Pasir Jaya,2026-05-20 12:00:00,105,105,50,,59,63,0,25,,,,,
Bekasi,Bekasi Kayuringin,2026-05-20 12:00:00,106,106,44,,55,13,0,2,,,,,
Jakarta,The Pakubuwono Menteng,2026-05-20 12:44:37,88,88,30,69,,,,,55,31.6,,,
Depok,Cinere - Nafas,2026-05-20 12:44:45,85,85,27,64,,,,,0,0,,,
Bogor,Kabupaten Bogor Leuwiliang,2026-05-20 12:00:00,86,86,47,,4,10,0,72,,,,,
Tangerang,Tangerang Pasir Jaya,2026-05-20 12:00:00,105,105,50,,59,63,0,25,,,,,
Bekasi,Bekasi Kayuringin,2026-05-20 12:00:00,106,106,44,,55,13,0,2,,,,,
Jakarta,The Pakubuwono Menteng,2026-05-20 12:46:38,83,83,27,66,,,,,53,31.8,,,
Depok,Cinere - Nafas,2026-05-20 12:46:45,79,79,26,59,,,,,0,0,,,
Bogor,Kabupaten Bogor Leuwiliang,2026-05-20 12:00:00,86,86,47,,4,10,0,72,,,,,
Tangerang,Tangerang Pasir Jaya,2026-05-20 12:00:00,105,105,50,,59,63,0,25,,,,,
Bekasi,Bekasi Kayuringin,2026-05-20 12:00:00,106,106,44,,55,13,0,2,,,,,
Jakarta,The Pakubuwono Menteng,2026-05-20 12:46:38,83,83,27,66,,,,,53,31.8,,,
Depok,Cinere - Nafas,2026-05-20 12:46:45,79,79,26,59,,,,,0,0,,,
Bogor,Kabupaten Bogor Leuwiliang,2026-05-20 12:00:00,86,86,47,,4,10,0,72,,,,,
Tangerang,Tangerang Pasir Jaya,2026-05-20 12:00:00,105,105,50,,59,63,0,25,,,,,
Bekasi,Bekasi Kayuringin,2026-05-20 12:00:00,106,106,44,,55,13,0,2,,,,,
Jakarta,The Pakubuwono Menteng,2026-05-20 12:48:37,88,88,29,69,,,,,52,32,,,
Depok,Cinere - Nafas,2026-05-20 12:48:45,81,81,25,66,,,,,0,0,,,
Bogor,Kabupaten Bogor Leuwiliang,2026-05-20 12:00:00,86,86,47,,4,10,0,72,,,,,
Tangerang,Tangerang Pasir Jaya,2026-05-20 12:00:00,105,105,50,,59,63,0,25,,,,,
Bekasi,Bekasi Kayuringin,2026-05-20 12:00:00,106,106,44,,55,13,0,2,,,,,
Jakarta,The Pakubuwono Menteng,2026-05-20 12:48:37,88,88,29,69,,,,,52,32,,,
Depok,Cinere - Nafas,2026-05-20 12:48:45,81,81,25,66,,,,,0,0,,,
Bogor,Kabupaten Bogor Leuwiliang,2026-05-20 12:00:00,86,86,47,,4,10,0,72,,,,,
Tangerang,Tangerang Pasir Jaya,2026-05-20 12:00:00,105,105,50,,59,63,0,25,,,,,
Bekasi,Bekasi Kayuringin,2026-05-20 12:00:00,106,106,44,,55,13,0,2,,,,,
Jakarta,The Pakubuwono Menteng,2026-05-20 12:50:37,91,91,31,69,,,,,53,32.09,,,
Depok,Cinere - Nafas,2026-05-20 12:50:45,93,93,33,70,,,,,0,0,,,
Bogor,Kabupaten Bogor Leuwiliang,2026-05-20 12:00:00,86,86,47,,4,10,0,72,,,,,
Tangerang,Tangerang Pasir Jaya,2026-05-20 12:00:00,105,105,50,,59,63,0,25,,,,,
Bekasi,Bekasi Kayuringin,2026-05-20 12:00:00,106,106,44,,55,13,0,2,,,,,
Jakarta,The Pakubuwono Menteng,2026-05-20 12:50:37,91,91,31,69,,,,,53,32.09,,,
Depok,Cinere - Nafas,2026-05-20 12:50:45,93,93,33,70,,,,,0,0,,,
Bogor,Kabupaten Bogor Leuwiliang,2026-05-20 12:00:00,86,86,47,,4,10,0,72,,,,,
Tangerang,Tangerang Pasir Jaya,2026-05-20 12:00:00,105,105,50,,59,63,0,25,,,,,
Bekasi,Bekasi Kayuringin,2026-05-20 12:00:00,106,106,44,,55,13,0,2,,,,,
Jakarta,The Pakubuwono Menteng,2026-05-20 12:52:37,84,84,27,67,,,,,53,32.3,,,
Depok,Cinere - Nafas,2026-05-20 12:52:45,80,80,28,67,,,,,0,0,,,
Bogor,Kabupaten Bogor Leuwiliang,2026-05-20 12:00:00,86,86,47,,4,10,0,72,,,,,
Tangerang,Tangerang Pasir Jaya,2026-05-20 12:00:00,105,105,50,,59,63,0,25,,,,,
Bekasi,Bekasi Kayuringin,2026-05-20 12:00:00,106,106,44,,55,13,0,2,,,,,
Jakarta,The Pakubuwono Menteng,2026-05-20 12:53:37,83,83,28,69,,,,,52,32.3,,,
Depok,Cinere - Nafas,2026-05-20 12:53:45,86,86,30,66,,,,,0,0,,,
Bogor,Kabupaten Bogor Leuwiliang,2026-05-20 12:00:00,86,86,47,,4,10,0,72,,,,,
Tangerang,Tangerang Pasir Jaya,2026-05-20 12:00:00,105,105,50,,59,63,0,25,,,,,
Bekasi,Bekasi Kayuringin,2026-05-20 12:00:00,106,106,44,,55,13,0,2,,,,,
Jakarta,The Pakubuwono Menteng,2026-05-20 12:53:37,83,83,28,69,,,,,52,32.3,,,
Depok,Cinere - Nafas,2026-05-20 12:53:45,86,86,30,66,,,,,0,0,,,
Bogor,Kabupaten Bogor Leuwiliang,2026-05-20 12:00:00,86,86,47,,4,10,0,72,,,,,
Tangerang,Tangerang Pasir Jaya,2026-05-20 12:00:00,105,105,50,,59,63,0,25,,,,,
Bekasi,Bekasi Kayuringin,2026-05-20 12:00:00,106,106,44,,55,13,0,2,,,,,
Jakarta,The Pakubuwono Menteng,2026-05-20 12:55:37,95,95,35,73,,,,,51,32.5,,,
Depok,Cinere - Nafas,2026-05-20 12:55:45,83,83,30,68,,,,,0,0,,,
Bogor,Kabupaten Bogor Leuwiliang,2026-05-20 12:00:00,86,86,47,,4,10,0,72,,,,,
Tangerang,Tangerang Pasir Jaya,2026-05-20 12:00:00,105,105,50,,59,63,0,25,,,,,
Bekasi,Bekasi Kayuringin,2026-05-20 12:00:00,106,106,44,,55,13,0,2,,,,,
Jakarta,The Pakubuwono Menteng,2026-05-20 12:57:37,94,94,33,73,,,,,51,32.59,,,
Depok,Cinere - Nafas,2026-05-20 12:57:45,83,83,27,62,,,,,0,0,,,
Bogor,Kabupaten Bogor Leuwiliang,2026-05-20 12:00:00,86,86,47,,4,10,0,72,,,,,
Tangerang,Tangerang Pasir Jaya,2026-05-20 12:00:00,105,105,50,,59,63,0,25,,,,,
Bekasi,Bekasi Kayuringin,2026-05-20 12:00:00,106,106,44,,55,13,0,2,,,,,
Jakarta,The Pakubuwono Menteng,2026-05-20 12:59:37,94,94,33,73,,,,,50,32.7,,,
Depok,Cinere - Nafas,2026-05-20 12:59:45,94,94,33,72,,,,,0,0,,,
Bogor,Kabupaten Bogor Leuwiliang,2026-05-20 12:00:00,86,86,47,,4,10,0,72,,,,,
Tangerang,Tangerang Pasir Jaya,2026-05-20 12:00:00,105,105,50,,59,63,0,25,,,,,
Bekasi,Bekasi Kayuringin,2026-05-20 12:00:00,106,106,44,,55,13,0,2,,,,,
Jakarta,The Pakubuwono Menteng,2026-05-20 12:59:37,94,94,33,73,,,,,50,32.7,,,
Depok,Cinere - Nafas,2026-05-20 12:59:45,94,94,33,72,,,,,0,0,,,
Bogor,Kabupaten Bogor Leuwiliang,2026-05-20 12:00:00,86,86,47,,4,10,0,72,,,,,
Tangerang,Tangerang Pasir Jaya,2026-05-20 12:00:00,105,105,50,,59,63,0,25,,,,,
Bekasi,Bekasi Kayuringin,2026-05-20 12:00:00,106,106,44,,55,13,0,2,,,,,
Jakarta,The Pakubuwono Menteng,2026-05-20 13:01:38,94,94,33,73,,,,,50,32.7,,,
Depok,Cinere - Nafas,2026-05-20 13:01:45,98,98,37,74,,,,,0,0,,,
Bogor,Kabupaten Bogor Leuwiliang,2026-05-20 12:00:00,86,86,47,,4,10,0,72,,,,,
Tangerang,Tangerang Pasir Jaya,2026-05-20 12:00:00,105,105,50,,59,63,0,25,,,,,
Bekasi,Bekasi Kayuringin,2026-05-20 12:00:00,106,106,44,,55,13,0,2,,,,,
Jakarta,The Pakubuwono Menteng,2026-05-20 13:01:38,94,94,33,73,,,,,50,32.7,,,
Depok,Cinere - Nafas,2026-05-20 13:01:45,98,98,37,74,,,,,0,0,,,
Bogor,Kabupaten Bogor Leuwiliang,2026-05-20 12:00:00,86,86,47,,4,10,0,72,,,,,
Tangerang,Tangerang Pasir Jaya,2026-05-20 12:00:00,105,105,50,,59,63,0,25,,,,,
Bekasi,Bekasi Kayuringin,2026-05-20 12:00:00,106,106,44,,55,13,0,2,,,,,
Jakarta,The Pakubuwono Menteng,2026-05-20 13:03:37,87,87,31,68,,,,,50,32.7,,,
Depok,Cinere - Nafas,2026-05-20 13:03:45,94,94,34,73,,,,,0,0,,,
Bogor,Kabupaten Bogor Leuwiliang,2026-05-20 12:00:00,86,86,47,,4,10,0,72,,,,,
Tangerang,Tangerang Pasir Jaya,2026-05-20 12:00:00,105,105,50,,59,63,0,25,,,,,
Bekasi,Bekasi Kayuringin,2026-05-20 12:00:00,106,106,44,,55,13,0,2,,,,,
Jakarta,The Pakubuwono Menteng,2026-05-20 13:05:38,90,90,30,70,,,,,50,32.7,,,
Depok,Cinere - Nafas,2026-05-20 13:05:45,99,99,38,74,,,,,0,0,,,
Bogor,Kabupaten Bogor Leuwiliang,2026-05-20 12:00:00,86,86,47,,4,10,0,72,,,,,
Tangerang,Tangerang Pasir Jaya,2026-05-20 12:00:00,105,105,50,,59,63,0,25,,,,,
Bekasi,Bekasi Kayuringin,2026-05-20 12:00:00,106,106,44,,55,13,0,2,,,,,
Jakarta,The Pakubuwono Menteng,2026-05-20 13:05:38,90,90,30,70,,,,,50,32.7,,,
Depok,Cinere - Nafas,2026-05-20 13:05:45,99,99,38,74,,,,,0,0,,,
Bogor,Kabupaten Bogor Leuwiliang,2026-05-20 12:00:00,86,86,47,,4,10,0,72,,,,,
Tangerang,Tangerang Pasir Jaya,2026-05-20 12:00:00,105,105,50,,59,63,0,25,,,,,
Bekasi,Bekasi Kayuringin,2026-05-20 12:00:00,106,106,44,,55,13,0,2,,,,,
Jakarta,The Pakubuwono Menteng,2026-05-20 13:06:38,92,92,31,72,,,,,50,32.59,,,
Depok,Cinere - Nafas,2026-05-20 13:07:45,98,98,39,74,,,,,0,0,,,
Bogor,Kabupaten Bogor Leuwiliang,2026-05-20 12:00:00,86,86,47,,4,10,0,72,,,,,
Tangerang,Tangerang Pasir Jaya,2026-05-20 12:00:00,105,105,50,,59,63,0,25,,,,,
Bekasi,Bekasi Kayuringin,2026-05-20 12:00:00,106,106,44,,55,13,0,2,,,,,
Jakarta,The Pakubuwono Menteng,2026-05-20 13:09:38,93,93,31,71,,,,,50,32.5,,,
Depok,Cinere - Nafas,2026-05-20 13:09:45,89,89,31,70,,,,,0,0,,,
Bogor,Kabupaten Bogor Leuwiliang,2026-05-20 13:00:00,86,86,47,,4,10,0,72,,,,,
Tangerang,Tangerang Pasir Jaya,2026-05-20 13:00:00,106,106,50,,59,63,0,25,,,,,
Bekasi,Bekasi Kayuringin,2026-05-20 13:00:00,107,107,44,,55,13,0,2,,,,,
Jakarta,The Pakubuwono Menteng,2026-05-20 13:09:38,93,93,31,71,,,,,50,32.5,,,
Depok,Cinere - Nafas,2026-05-20 13:09:45,89,89,31,70,,,,,0,0,,,
Bogor,Kabupaten Bogor Leuwiliang,2026-05-20 13:00:00,86,86,47,,4,10,0,72,,,,,
Tangerang,Tangerang Pasir Jaya,2026-05-20 13:00:00,106,106,50,,59,63,0,25,,,,,
Bekasi,Bekasi Kayuringin,2026-05-20 13:00:00,107,107,44,,55,13,0,2,,,,,
Jakarta,The Pakubuwono Menteng,2026-05-20 13:10:38,95,95,33,75,,,,,51,32.5,,,
Depok,Cinere - Nafas,2026-05-20 13:10:45,92,92,30,71,,,,,0,0,,,
Bogor,Kabupaten Bogor Leuwiliang,2026-05-20 13:00:00,86,86,47,,4,10,0,72,,,,,
Tangerang,Tangerang Pasir Jaya,2026-05-20 13:00:00,106,106,50,,59,63,0,25,,,,,
Bekasi,Bekasi Kayuringin,2026-05-20 13:00:00,107,107,44,,55,13,0,2,,,,,
Jakarta,The Pakubuwono Menteng,2026-05-20 13:12:38,96,96,33,74,,,,,51,32.5,,,
Depok,Cinere - Nafas,2026-05-20 13:12:45,89,89,30,68,,,,,0,0,,,
Bogor,Kabupaten Bogor Leuwiliang,2026-05-20 13:00:00,86,86,47,,4,10,0,72,,,,,
Tangerang,Tangerang Pasir Jaya,2026-05-20 13:00:00,106,106,50,,59,63,0,25,,,,,
Bekasi,Bekasi Kayuringin,2026-05-20 13:00:00,107,107,44,,55,13,0,2,,,,,
Jakarta,The Pakubuwono Menteng,2026-05-20 13:12:38,96,96,33,74,,,,,51,32.5,,,
Depok,Cinere - Nafas,2026-05-20 13:12:45,89,89,30,68,,,,,0,0,,,
Bogor,Kabupaten Bogor Leuwiliang,2026-05-20 13:00:00,86,86,47,,4,10,0,72,,,,,
Tangerang,Tangerang Pasir Jaya,2026-05-20 13:00:00,106,106,50,,59,63,0,25,,,,,
Bekasi,Bekasi Kayuringin,2026-05-20 13:00:00,107,107,44,,55,13,0,2,,,,,
Jakarta,The Pakubuwono Menteng,2026-05-20 13:14:38,92,92,32,71,,,,,50,32.5,,,
Depok,Cinere - Nafas,2026-05-20 13:14:45,92,92,33,71,,,,,0,0,,,
Bogor,Kabupaten Bogor Leuwiliang,2026-05-20 13:00:00,86,86,47,,4,10,0,72,,,,,
Tangerang,Tangerang Pasir Jaya,2026-05-20 13:00:00,106,106,50,,59,63,0,25,,,,,
Bekasi,Bekasi Kayuringin,2026-05-20 13:00:00,107,107,44,,55,13,0,2,,,,,
Jakarta,The Pakubuwono Menteng,2026-05-20 13:14:38,92,92,32,71,,,,,50,32.5,,,
Depok,Cinere - Nafas,2026-05-20 13:14:45,92,92,33,71,,,,,0,0,,,
Bogor,Kabupaten Bogor Leuwiliang,2026-05-20 13:00:00,86,86,47,,4,10,0,72,,,,,
Tangerang,Tangerang Pasir Jaya,2026-05-20 13:00:00,106,106,50,,59,63,0,25,,,,,
Bekasi,Bekasi Kayuringin,2026-05-20 13:00:00,107,107,44,,55,13,0,2,,,,,
Jakarta,The Pakubuwono Menteng,2026-05-20 13:16:38,87,87,30,70,,,,,50,32.5,,,
Depok,Cinere - Nafas,2026-05-20 13:16:46,90,90,31,69,,,,,0,0,,,
Bogor,Kabupaten Bogor Leuwiliang,2026-05-20 13:00:00,86,86,47,,4,10,0,72,,,,,
Tangerang,Tangerang Pasir Jaya,2026-05-20 13:00:00,106,106,50,,59,63,0,25,,,,,
Bekasi,Bekasi Kayuringin,2026-05-20 13:00:00,107,107,44,,55,13,0,2,,,,,
Jakarta,The Pakubuwono Menteng,2026-05-20 13:16:38,87,87,30,70,,,,,50,32.5,,,
Depok,Cinere - Nafas,2026-05-20 13:16:46,90,90,31,69,,,,,0,0,,,
Bogor,Kabupaten Bogor Leuwiliang,2026-05-20 13:00:00,86,86,47,,4,10,0,72,,,,,
Tangerang,Tangerang Pasir Jaya,2026-05-20 13:00:00,106,106,50,,59,63,0,25,,,,,
Bekasi,Bekasi Kayuringin,2026-05-20 13:00:00,107,107,44,,55,13,0,2,,,,,
Jakarta,The Pakubuwono Menteng,2026-05-20 13:18:38,93,93,32,73,,,,,50,32.5,,,
Depok,Cinere - Nafas,2026-05-20 13:18:45,93,93,33,70,,,,,0,0,,,
Bogor,Kabupaten Bogor Leuwiliang,2026-05-20 13:00:00,86,86,47,,4,10,0,72,,,,,
Tangerang,Tangerang Pasir Jaya,2026-05-20 13:00:00,106,106,50,,59,63,0,25,,,,,
Bekasi,Bekasi Kayuringin,2026-05-20 13:00:00,107,107,44,,55,13,0,2,,,,,
Jakarta,The Pakubuwono Menteng,2026-05-20 13:18:38,93,93,32,73,,,,,50,32.5,,,
Depok,Cinere - Nafas,2026-05-20 13:18:45,93,93,33,70,,,,,0,0,,,
Bogor,Kabupaten Bogor Leuwiliang,2026-05-20 13:00:00,86,86,47,,4,10,0,72,,,,,
Tangerang,Tangerang Pasir Jaya,2026-05-20 13:00:00,106,106,50,,59,63,0,25,,,,,
Bekasi,Bekasi Kayuringin,2026-05-20 13:00:00,107,107,44,,55,13,0,2,,,,,
Jakarta,The Pakubuwono Menteng,2026-05-20 13:20:38,82,82,26,67,,,,,49,32.4,,,
Depok,Cinere - Nafas,2026-05-20 13:20:45,87,87,31,70,,,,,0,0,,,
Bogor,Kabupaten Bogor Leuwiliang,2026-05-20 13:00:00,86,86,47,,4,10,0,72,,,,,
Tangerang,Tangerang Pasir Jaya,2026-05-20 13:00:00,106,106,50,,59,63,0,25,,,,,
Bekasi,Bekasi Kayuringin,2026-05-20 13:00:00,107,107,44,,55,13,0,2,,,,,
Jakarta,The Pakubuwono Menteng,2026-05-20 13:22:38,79,79,27,68,,,,,49,32.4,,,
Depok,Cinere - Nafas,2026-05-20 13:22:45,92,92,30,71,,,,,0,0,,,
Bogor,Kabupaten Bogor Leuwiliang,2026-05-20 13:00:00,86,86,47,,4,10,0,72,,,,,
Tangerang,Tangerang Pasir Jaya,2026-05-20 13:00:00,106,106,50,,59,63,0,25,,,,,
Bekasi,Bekasi Kayuringin,2026-05-20 13:00:00,107,107,44,,55,13,0,2,,,,,
Jakarta,The Pakubuwono Menteng,2026-05-20 13:24:38,79,79,25,62,,,,,49,32.4,,,
Depok,Cinere - Nafas,2026-05-20 13:24:45,91,91,31,70,,,,,0,0,,,
Bogor,Kabupaten Bogor Leuwiliang,2026-05-20 13:00:00,86,86,47,,4,10,0,72,,,,,
Tangerang,Tangerang Pasir Jaya,2026-05-20 13:00:00,106,106,50,,59,63,0,25,,,,,
Bekasi,Bekasi Kayuringin,2026-05-20 13:00:00,107,107,44,,55,13,0,2,,,,,
Jakarta,The Pakubuwono Menteng,2026-05-20 13:24:38,79,79,25,62,,,,,49,32.4,,,
Depok,Cinere - Nafas,2026-05-20 13:24:45,91,91,31,70,,,,,0,0,,,
Bogor,Kabupaten Bogor Leuwiliang,2026-05-20 13:00:00,86,86,47,,4,10,0,72,,,,,
Tangerang,Tangerang Pasir Jaya,2026-05-20 13:00:00,106,106,50,,59,63,0,25,,,,,
Bekasi,Bekasi Kayuringin,2026-05-20 13:00:00,107,107,44,,55,13,0,2,,,,,
Jakarta,The Pakubuwono Menteng,2026-05-20 13:26:38,84,84,27,63,,,,,49,32.3,,,
Depok,Cinere - Nafas,2026-05-20 13:26:45,93,93,32,71,,,,,0,0,,,
Bogor,Kabupaten Bogor Leuwiliang,2026-05-20 13:00:00,86,86,47,,4,10,0,72,,,,,
Tangerang,Tangerang Pasir Jaya,2026-05-20 13:00:00,106,106,50,,59,63,0,25,,,,,
Bekasi,Bekasi Kayuringin,2026-05-20 13:00:00,107,107,44,,55,13,0,2,,,,,
Jakarta,The Pakubuwono Menteng,2026-05-20 13:26:38,84,84,27,63,,,,,49,32.3,,,
Depok,Cinere - Nafas,2026-05-20 13:26:45,93,93,32,71,,,,,0,0,,,
Bogor,Kabupaten Bogor Leuwiliang,2026-05-20 13:00:00,86,86,47,,4,10,0,72,,,,,
Tangerang,Tangerang Pasir Jaya,2026-05-20 13:00:00,106,106,50,,59,63,0,25,,,,,
Bekasi,Bekasi Kayuringin,2026-05-20 13:00:00,107,107,44,,55,13,0,2,,,,,
Jakarta,The Pakubuwono Menteng,2026-05-20 13:28:38,88,88,30,71,,,,,49,32.3,,,
Depok,Cinere - Nafas,2026-05-20 13:28:45,91,91,34,72,,,,,0,0,,,
Bogor,Kabupaten Bogor Leuwiliang,2026-05-20 13:00:00,86,86,47,,4,10,0,72,,,,,
Tangerang,Tangerang Pasir Jaya,2026-05-20 13:00:00,106,106,50,,59,63,0,25,,,,,
Bekasi,Bekasi Kayuringin,2026-05-20 13:00:00,107,107,44,,55,13,0,2,,,,,
Jakarta,The Pakubuwono Menteng,2026-05-20 13:28:38,88,88,30,71,,,,,49,32.3,,,
Depok,Cinere - Nafas,2026-05-20 13:28:45,91,91,34,72,,,,,0,0,,,
Bogor,Kabupaten Bogor Leuwiliang,2026-05-20 13:00:00,86,86,47,,4,10,0,72,,,,,
Tangerang,Tangerang Pasir Jaya,2026-05-20 13:00:00,106,106,50,,59,63,0,25,,,,,
Bekasi,Bekasi Kayuringin,2026-05-20 13:00:00,107,107,44,,55,13,0,2,,,,,
Jakarta,The Pakubuwono Menteng,2026-05-20 13:30:38,92,92,31,71,,,,,50,32.2,,,
Depok,Cinere - Nafas,2026-05-20 13:30:45,95,95,36,72,,,,,0,0,,,
Bogor,Kabupaten Bogor Leuwiliang,2026-05-20 13:00:00,86,86,47,,4,10,0,72,,,,,
Tangerang,Tangerang Pasir Jaya,2026-05-20 13:00:00,106,106,50,,59,63,0,25,,,,,
Bekasi,Bekasi Kayuringin,2026-05-20 13:00:00,107,107,44,,55,13,0,2,,,,,
Jakarta,The Pakubuwono Menteng,2026-05-20 13:32:38,92,92,32,73,,,,,50,32.2,,,
Depok,Cinere - Nafas,2026-05-20 13:32:45,96,96,37,72,,,,,0,0,,,
Bogor,Kabupaten Bogor Leuwiliang,2026-05-20 13:00:00,86,86,47,,4,10,0,72,,,,,
Tangerang,Tangerang Pasir Jaya,2026-05-20 13:00:00,106,106,50,,59,63,0,25,,,,,
Bekasi,Bekasi Kayuringin,2026-05-20 13:00:00,107,107,44,,55,13,0,2,,,,,
Jakarta,The Pakubuwono Menteng,2026-05-20 13:34:38,94,94,33,72,,,,,50,32.09,,,
Depok,Cinere - Nafas,2026-05-20 13:34:45,94,94,34,71,,,,,0,0,,,
Bogor,Kabupaten Bogor Leuwiliang,2026-05-20 13:00:00,86,86,47,,4,10,0,72,,,,,
Tangerang,Tangerang Pasir Jaya,2026-05-20 13:00:00,106,106,50,,59,63,0,25,,,,,
Bekasi,Bekasi Kayuringin,2026-05-20 13:00:00,107,107,44,,55,13,0,2,,,,,
Jakarta,The Pakubuwono Menteng,2026-05-20 13:34:38,94,94,33,72,,,,,50,32.09,,,
Depok,Cinere - Nafas,2026-05-20 13:34:45,94,94,34,71,,,,,0,0,,,
Bogor,Kabupaten Bogor Leuwiliang,2026-05-20 13:00:00,86,86,47,,4,10,0,72,,,,,
Tangerang,Tangerang Pasir Jaya,2026-05-20 13:00:00,106,106,50,,59,63,0,25,,,,,
Bekasi,Bekasi Kayuringin,2026-05-20 13:00:00,107,107,44,,55,13,0,2,,,,,
Jakarta,The Pakubuwono Menteng,2026-05-20 13:36:38,91,91,31,72,,,,,50,32.2,,,
Depok,Cinere - Nafas,2026-05-20 13:36:45,98,98,37,73,,,,,0,0,,,
Bogor,Kabupaten Bogor Leuwiliang,2026-05-20 13:00:00,86,86,47,,4,10,0,72,,,,,
Tangerang,Tangerang Pasir Jaya,2026-05-20 13:00:00,106,106,50,,59,63,0,25,,,,,
Bekasi,Bekasi Kayuringin,2026-05-20 13:00:00,107,107,44,,55,13,0,2,,,,,
Jakarta,The Pakubuwono Menteng,2026-05-20 13:36:38,91,91,31,72,,,,,50,32.2,,,
Depok,Cinere - Nafas,2026-05-20 13:36:45,98,98,37,73,,,,,0,0,,,
Bogor,Kabupaten Bogor Leuwiliang,2026-05-20 13:00:00,86,86,47,,4,10,0,72,,,,,
Tangerang,Tangerang Pasir Jaya,2026-05-20 13:00:00,106,106,50,,59,63,0,25,,,,,
Bekasi,Bekasi Kayuringin,2026-05-20 13:00:00,107,107,44,,55,13,0,2,,,,,
Jakarta,The Pakubuwono Menteng,2026-05-20 13:38:38,89,89,31,70,,,,,50,32.2,,,
Depok,Cinere - Nafas,2026-05-20 13:38:45,97,97,36,74,,,,,0,0,,,
Bogor,Kabupaten Bogor Leuwiliang,2026-05-20 13:00:00,86,86,47,,4,10,0,72,,,,,
Tangerang,Tangerang Pasir Jaya,2026-05-20 13:00:00,106,106,50,,59,63,0,25,,,,,
Bekasi,Bekasi Kayuringin,2026-05-20 13:00:00,107,107,44,,55,13,0,2,,,,,
Jakarta,The Pakubuwono Menteng,2026-05-20 13:38:38,89,89,31,70,,,,,50,32.2,,,
Depok,Cinere - Nafas,2026-05-20 13:38:45,97,97,36,74,,,,,0,0,,,
Bogor,Kabupaten Bogor Leuwiliang,2026-05-20 13:00:00,86,86,47,,4,10,0,72,,,,,
Tangerang,Tangerang Pasir Jaya,2026-05-20 13:00:00,106,106,50,,59,63,0,25,,,,,
Bekasi,Bekasi Kayuringin,2026-05-20 13:00:00,107,107,44,,55,13,0,2,,,,,
Jakarta,The Pakubuwono Menteng,2026-05-20 13:40:38,88,88,30,71,,,,,51,32.3,,,
Depok,Cinere - Nafas,2026-05-20 13:40:45,97,97,35,72,,,,,0,0,,,
Bogor,Kabupaten Bogor Leuwiliang,2026-05-20 13:00:00,86,86,47,,4,10,0,72,,,,,
Tangerang,Tangerang Pasir Jaya,2026-05-20 13:00:00,106,106,50,,59,63,0,25,,,,,
Bekasi,Bekasi Kayuringin,2026-05-20 13:00:00,107,107,44,,55,13,0,2,,,,,
Jakarta,The Pakubuwono Menteng,2026-05-20 13:40:38,88,88,30,71,,,,,51,32.3,,,
Depok,Cinere - Nafas,2026-05-20 13:40:45,97,97,35,72,,,,,0,0,,,
Bogor,Kabupaten Bogor Leuwiliang,2026-05-20 13:00:00,86,86,47,,4,10,0,72,,,,,
Tangerang,Tangerang Pasir Jaya,2026-05-20 13:00:00,106,106,50,,59,63,0,25,,,,,
Bekasi,Bekasi Kayuringin,2026-05-20 13:00:00,107,107,44,,55,13,0,2,,,,,
Jakarta,The Pakubuwono Menteng,2026-05-20 13:42:38,84,84,27,70,,,,,51,32.4,,,
Depok,Cinere - Nafas,2026-05-20 13:42:45,95,95,36,74,,,,,0,0,,,
Bogor,Kabupaten Bogor Leuwiliang,2026-05-20 13:00:00,86,86,47,,4,10,0,72,,,,,
Tangerang,Tangerang Pasir Jaya,2026-05-20 13:00:00,106,106,50,,59,63,0,25,,,,,
Bekasi,Bekasi Kayuringin,2026-05-20 13:00:00,107,107,44,,55,13,0,2,,,,,
Jakarta,The Pakubuwono Menteng,2026-05-20 13:42:38,84,84,27,70,,,,,51,32.4,,,
Depok,Cinere - Nafas,2026-05-20 13:42:45,95,95,36,74,,,,,0,0,,,
Bogor,Kabupaten Bogor Leuwiliang,2026-05-20 13:00:00,86,86,47,,4,10,0,72,,,,,
Tangerang,Tangerang Pasir Jaya,2026-05-20 13:00:00,106,106,50,,59,63,0,25,,,,,
Bekasi,Bekasi Kayuringin,2026-05-20 13:00:00,107,107,44,,55,13,0,2,,,,,
Jakarta,The Pakubuwono Menteng,2026-05-20 13:46:38,93,93,32,74,,,,,50,32.5,,,
Depok,Cinere - Nafas,2026-05-20 13:46:46,102,102,39,76,,,,,0,0,,,
Bogor,Kabupaten Bogor Leuwiliang,2026-05-20 13:00:00,86,86,47,,4,10,0,72,,,,,
Tangerang,Tangerang Pasir Jaya,2026-05-20 13:00:00,106,106,50,,59,63,0,25,,,,,
Bekasi,Bekasi Kayuringin,2026-05-20 13:00:00,107,107,44,,55,13,0,2,,,,,
Jakarta,The Pakubuwono Menteng,2026-05-20 13:46:38,93,93,32,74,,,,,50,32.5,,,
Depok,Cinere - Nafas,2026-05-20 13:46:46,102,102,39,76,,,,,0,0,,,
Bogor,Kabupaten Bogor Leuwiliang,2026-05-20 13:00:00,86,86,47,,4,10,0,72,,,,,
Tangerang,Tangerang Pasir Jaya,2026-05-20 13:00:00,106,106,50,,59,63,0,25,,,,,
Bekasi,Bekasi Kayuringin,2026-05-20 13:00:00,107,107,44,,55,13,0,2,,,,,
Jakarta,The Pakubuwono Menteng,2026-05-20 13:48:38,103,103,40,77,,,,,50,32.59,,,
Depok,Cinere - Nafas,2026-05-20 13:48:46,98,98,36,75,,,,,0,0,,,
Bogor,Kabupaten Bogor Leuwiliang,2026-05-20 13:00:00,86,86,47,,4,10,0,72,,,,,
Tangerang,Tangerang Pasir Jaya,2026-05-20 13:00:00,106,106,50,,59,63,0,25,,,,,
Bekasi,Bekasi Kayuringin,2026-05-20 13:00:00,107,107,44,,55,13,0,2,,,,,
Jakarta,The Pakubuwono Menteng,2026-05-20 13:48:38,103,103,40,77,,,,,50,32.59,,,
Depok,Cinere - Nafas,2026-05-20 13:48:46,98,98,36,75,,,,,0,0,,,
Bogor,Kabupaten Bogor Leuwiliang,2026-05-20 13:00:00,86,86,47,,4,10,0,72,,,,,
Tangerang,Tangerang Pasir Jaya,2026-05-20 13:00:00,106,106,50,,59,63,0,25,,,,,
Bekasi,Bekasi Kayuringin,2026-05-20 13:00:00,107,107,44,,55,13,0,2,,,,,
Jakarta,The Pakubuwono Menteng,2026-05-20 13:50:39,95,95,34,76,,,,,49,32.7,,,
Depok,Cinere - Nafas,2026-05-20 13:50:46,99,99,37,74,,,,,0,0,,,
Bogor,Kabupaten Bogor Leuwiliang,2026-05-20 13:00:00,86,86,47,,4,10,0,72,,,,,
Tangerang,Tangerang Pasir Jaya,2026-05-20 13:00:00,106,106,50,,59,63,0,25,,,,,
Bekasi,Bekasi Kayuringin,2026-05-20 13:00:00,107,107,44,,55,13,0,2,,,,,
Jakarta,The Pakubuwono Menteng,2026-05-20 13:50:39,95,95,34,76,,,,,49,32.7,,,
Depok,Cinere - Nafas,2026-05-20 13:50:46,99,99,37,74,,,,,0,0,,,
Bogor,Kabupaten Bogor Leuwiliang,2026-05-20 13:00:00,86,86,47,,4,10,0,72,,,,,
Tangerang,Tangerang Pasir Jaya,2026-05-20 13:00:00,106,106,50,,59,63,0,25,,,,,
Bekasi,Bekasi Kayuringin,2026-05-20 13:00:00,107,107,44,,55,13,0,2,,,,,
Jakarta,The Pakubuwono Menteng,2026-05-20 13:52:39,89,89,31,71,,,,,49,32.8,,,
Depok,Cinere - Nafas,2026-05-20 13:52:46,95,95,36,72,,,,,0,0,,,
Bogor,Kabupaten Bogor Leuwiliang,2026-05-20 13:00:00,86,86,47,,4,10,0,72,,,,,
Tangerang,Tangerang Pasir Jaya,2026-05-20 13:00:00,106,106,50,,59,63,0,25,,,,,
Bekasi,Bekasi Kayuringin,2026-05-20 13:00:00,107,107,44,,55,13,0,2,,,,,
Jakarta,The Pakubuwono Menteng,2026-05-20 13:54:39,90,90,30,72,,,,,49,32.8,,,
Depok,Cinere - Nafas,2026-05-20 13:54:46,97,97,36,75,,,,,0,0,,,
Bogor,Kabupaten Bogor Leuwiliang,2026-05-20 13:00:00,86,86,47,,4,10,0,72,,,,,
Tangerang,Tangerang Pasir Jaya,2026-05-20 13:00:00,106,106,50,,59,63,0,25,,,,,
Bekasi,Bekasi Kayuringin,2026-05-20 13:00:00,107,107,44,,55,13,0,2,,,,,
Jakarta,The Pakubuwono Menteng,2026-05-20 13:54:39,90,90,30,72,,,,,49,32.8,,,
Depok,Cinere - Nafas,2026-05-20 13:54:46,97,97,36,75,,,,,0,0,,,
Bogor,Kabupaten Bogor Leuwiliang,2026-05-20 13:00:00,86,86,47,,4,10,0,72,,,,,
Tangerang,Tangerang Pasir Jaya,2026-05-20 13:00:00,106,106,50,,59,63,0,25,,,,,
Bekasi,Bekasi Kayuringin,2026-05-20 13:00:00,107,107,44,,55,13,0,2,,,,,
Jakarta,The Pakubuwono Menteng,2026-05-20 13:56:39,89,89,29,70,,,,,49,32.9,,,
Depok,Cinere - Nafas,2026-05-20 13:56:46,101,101,41,78,,,,,0,0,,,
Bogor,Kabupaten Bogor Leuwiliang,2026-05-20 13:00:00,86,86,47,,4,10,0,72,,,,,
Tangerang,Tangerang Pasir Jaya,2026-05-20 13:00:00,106,106,50,,59,63,0,25,,,,,
Bekasi,Bekasi Kayuringin,2026-05-20 13:00:00,107,107,44,,55,13,0,2,,,,,
Jakarta,The Pakubuwono Menteng,2026-05-20 13:58:39,86,86,27,64,,,,,50,33,,,
Depok,Cinere - Nafas,2026-05-20 13:58:46,100,100,38,74,,,,,0,0,,,
Bogor,Kabupaten Bogor Leuwiliang,2026-05-20 13:00:00,86,86,47,,4,10,0,72,,,,,
Tangerang,Tangerang Pasir Jaya,2026-05-20 13:00:00,106,106,50,,59,63,0,25,,,,,
Bekasi,Bekasi Kayuringin,2026-05-20 13:00:00,107,107,44,,55,13,0,2,,,,,
Jakarta,The Pakubuwono Menteng,2026-05-20 13:58:39,86,86,27,64,,,,,50,33,,,
Depok,Cinere - Nafas,2026-05-20 13:58:46,100,100,38,74,,,,,0,0,,,
Bogor,Kabupaten Bogor Leuwiliang,2026-05-20 13:00:00,86,86,47,,4,10,0,72,,,,,
Tangerang,Tangerang Pasir Jaya,2026-05-20 13:00:00,106,106,50,,59,63,0,25,,,,,
Bekasi,Bekasi Kayuringin,2026-05-20 13:00:00,107,107,44,,55,13,0,2,,,,,
Jakarta,The Pakubuwono Menteng,2026-05-20 14:00:39,88,88,32,71,,,,,49,33.09,,,
Depok,Cinere - Nafas,2026-05-20 14:00:46,97,97,37,74,,,,,0,0,,,
Bogor,Kabupaten Bogor Leuwiliang,2026-05-20 13:00:00,86,86,47,,4,10,0,72,,,,,
Tangerang,Tangerang Pasir Jaya,2026-05-20 13:00:00,106,106,50,,59,63,0,25,,,,,
Bekasi,Bekasi Kayuringin,2026-05-20 13:00:00,107,107,44,,55,13,0,2,,,,,
Jakarta,The Pakubuwono Menteng,2026-05-20 14:00:39,88,88,32,71,,,,,49,33.09,,,
Depok,Cinere - Nafas,2026-05-20 14:00:46,97,97,37,74,,,,,0,0,,,
Bogor,Kabupaten Bogor Leuwiliang,2026-05-20 13:00:00,86,86,47,,4,10,0,72,,,,,
Tangerang,Tangerang Pasir Jaya,2026-05-20 13:00:00,106,106,50,,59,63,0,25,,,,,
Bekasi,Bekasi Kayuringin,2026-05-20 13:00:00,107,107,44,,55,13,0,2,,,,,
Jakarta,The Pakubuwono Menteng,2026-05-20 14:01:39,87,87,29,71,,,,,48,33.2,,,
Depok,Cinere - Nafas,2026-05-20 14:02:46,96,96,34,74,,,,,0,0,,,
Bogor,Kabupaten Bogor Leuwiliang,2026-05-20 13:00:00,86,86,47,,4,10,0,72,,,,,
Tangerang,Tangerang Pasir Jaya,2026-05-20 13:00:00,106,106,50,,59,63,0,25,,,,,
Bekasi,Bekasi Kayuringin,2026-05-20 13:00:00,107,107,44,,55,13,0,2,,,,,
Jakarta,The Pakubuwono Menteng,2026-05-20 14:01:39,87,87,29,71,,,,,48,33.2,,,
Depok,Cinere - Nafas,2026-05-20 14:02:46,96,96,34,74,,,,,0,0,,,
Bogor,Kabupaten Bogor Leuwiliang,2026-05-20 13:00:00,86,86,47,,4,10,0,72,,,,,
Tangerang,Tangerang Pasir Jaya,2026-05-20 13:00:00,106,106,50,,59,63,0,25,,,,,
Bekasi,Bekasi Kayuringin,2026-05-20 13:00:00,107,107,44,,55,13,0,2,,,,,
Jakarta,The Pakubuwono Menteng,2026-05-20 14:04:39,91,91,32,73,,,,,48,33.3,,,
Depok,Cinere - Nafas,2026-05-20 14:04:46,98,98,37,74,,,,,0,0,,,
Bogor,Kabupaten Bogor Leuwiliang,2026-05-20 13:00:00,86,86,47,,4,10,0,72,,,,,
Tangerang,Tangerang Pasir Jaya,2026-05-20 13:00:00,106,106,50,,59,63,0,25,,,,,
Bekasi,Bekasi Kayuringin,2026-05-20 13:00:00,107,107,44,,55,13,0,2,,,,,
Jakarta,The Pakubuwono Menteng,2026-05-20 14:04:39,91,91,32,73,,,,,48,33.3,,,
Depok,Cinere - Nafas,2026-05-20 14:04:46,98,98,37,74,,,,,0,0,,,
Bogor,Kabupaten Bogor Leuwiliang,2026-05-20 13:00:00,86,86,47,,4,10,0,72,,,,,
Tangerang,Tangerang Pasir Jaya,2026-05-20 13:00:00,106,106,50,,59,63,0,25,,,,,
Bekasi,Bekasi Kayuringin,2026-05-20 13:00:00,107,107,44,,55,13,0,2,,,,,
Jakarta,The Pakubuwono Menteng,2026-05-20 14:06:39,91,91,30,70,,,,,46,33.4,,,
Depok,Cinere - Nafas,2026-05-20 14:06:46,98,98,36,74,,,,,0,0,,,
Bogor,Kabupaten Bogor Leuwiliang,2026-05-20 13:00:00,86,86,47,,4,10,0,72,,,,,
Tangerang,Tangerang Pasir Jaya,2026-05-20 13:00:00,106,106,50,,59,63,0,25,,,,,
Bekasi,Bekasi Kayuringin,2026-05-20 13:00:00,107,107,44,,55,13,0,2,,,,,
Jakarta,The Pakubuwono Menteng,2026-05-20 14:06:39,91,91,30,70,,,,,46,33.4,,,
Depok,Cinere - Nafas,2026-05-20 14:06:46,98,98,36,74,,,,,0,0,,,
Bogor,Kabupaten Bogor Leuwiliang,2026-05-20 14:00:00,85,85,47,,4,10,0,72,,,,,
Tangerang,Tangerang Pasir Jaya,2026-05-20 14:00:00,106,106,50,,59,63,0,25,,,,,
Bekasi,Bekasi Kayuringin,2026-05-20 14:00:00,107,107,44,,57,13,0,2,,,,,
Jakarta,The Pakubuwono Menteng,2026-05-20 14:10:39,66,66,18,36,,,,,44,33.7,,,
Depok,Cinere - Nafas,2026-05-20 14:10:46,98,98,37,74,,,,,0,0,,,
Bogor,Kabupaten Bogor Leuwiliang,2026-05-20 14:00:00,85,85,47,,4,10,0,72,,,,,
Tangerang,Tangerang Pasir Jaya,2026-05-20 14:00:00,106,106,50,,59,63,0,25,,,,,
Bekasi,Bekasi Kayuringin,2026-05-20 14:00:00,107,107,44,,57,13,0,2,,,,,
Jakarta,The Pakubuwono Menteng,2026-05-20 14:10:39,66,66,18,36,,,,,44,33.7,,,
Depok,Cinere - Nafas,2026-05-20 14:10:46,98,98,37,74,,,,,0,0,,,
Bogor,Kabupaten Bogor Leuwiliang,2026-05-20 14:00:00,85,85,47,,4,10,0,72,,,,,
Tangerang,Tangerang Pasir Jaya,2026-05-20 14:00:00,106,106,50,,59,63,0,25,,,,,
Bekasi,Bekasi Kayuringin,2026-05-20 14:00:00,107,107,44,,57,13,0,2,,,,,
Jakarta,The Pakubuwono Menteng,2026-05-20 14:12:39,76,76,25,56,,,,,44,33.8,,,
Depok,Cinere - Nafas,2026-05-20 14:12:46,97,97,36,73,,,,,0,0,,,
Bogor,Kabupaten Bogor Leuwiliang,2026-05-20 14:00:00,85,85,47,,4,10,0,72,,,,,
Tangerang,Tangerang Pasir Jaya,2026-05-20 14:00:00,106,106,50,,59,63,0,25,,,,,
Bekasi,Bekasi Kayuringin,2026-05-20 14:00:00,107,107,44,,57,13,0,2,,,,,
Jakarta,The Pakubuwono Menteng,2026-05-20 14:12:39,76,76,25,56,,,,,44,33.8,,,
Depok,Cinere - Nafas,2026-05-20 14:12:46,97,97,36,73,,,,,0,0,,,
Bogor,Kabupaten Bogor Leuwiliang,2026-05-20 14:00:00,85,85,47,,4,10,0,72,,,,,
Tangerang,Tangerang Pasir Jaya,2026-05-20 14:00:00,106,106,50,,59,63,0,25,,,,,
Bekasi,Bekasi Kayuringin,2026-05-20 14:00:00,107,107,44,,57,13,0,2,,,,,
Jakarta,The Pakubuwono Menteng,2026-05-20 14:14:39,80,80,26,65,,,,,44,33.8,,,
Depok,Cinere - Nafas,2026-05-20 14:14:46,96,96,33,72,,,,,0,0,,,
Bogor,Kabupaten Bogor Leuwiliang,2026-05-20 14:00:00,85,85,47,,4,10,0,72,,,,,
Tangerang,Tangerang Pasir Jaya,2026-05-20 14:00:00,106,106,50,,59,63,0,25,,,,,
Bekasi,Bekasi Kayuringin,2026-05-20 14:00:00,107,107,44,,57,13,0,2,,,,,
Jakarta,The Pakubuwono Menteng,2026-05-20 14:14:39,80,80,26,65,,,,,44,33.8,,,
Depok,Cinere - Nafas,2026-05-20 14:14:46,96,96,33,72,,,,,0,0,,,
Bogor,Kabupaten Bogor Leuwiliang,2026-05-20 14:00:00,85,85,47,,4,10,0,72,,,,,
Tangerang,Tangerang Pasir Jaya,2026-05-20 14:00:00,106,106,50,,59,63,0,25,,,,,
Bekasi,Bekasi Kayuringin,2026-05-20 14:00:00,107,107,44,,57,13,0,2,,,,,
Jakarta,The Pakubuwono Menteng,2026-05-20 14:16:39,77,77,23,65,,,,,45,34,,,
Depok,Cinere - Nafas,2026-05-20 14:16:46,95,95,34,74,,,,,0,0,,,
Bogor,Kabupaten Bogor Leuwiliang,2026-05-20 14:00:00,85,85,47,,4,10,0,72,,,,,
Tangerang,Tangerang Pasir Jaya,2026-05-20 14:00:00,106,106,50,,59,63,0,25,,,,,
Bekasi,Bekasi Kayuringin,2026-05-20 14:00:00,107,107,44,,57,13,0,2,,,,,
Jakarta,The Pakubuwono Menteng,2026-05-20 14:18:39,71,71,20,57,,,,,44,34,,,
Depok,Cinere - Nafas,2026-05-20 14:18:46,95,95,33,74,,,,,0,0,,,
Bogor,Kabupaten Bogor Leuwiliang,2026-05-20 14:00:00,85,85,47,,4,10,0,72,,,,,
Tangerang,Tangerang Pasir Jaya,2026-05-20 14:00:00,106,106,50,,59,63,0,25,,,,,
Bekasi,Bekasi Kayuringin,2026-05-20 14:00:00,107,107,44,,57,13,0,2,,,,,
Jakarta,The Pakubuwono Menteng,2026-05-20 14:18:39,71,71,20,57,,,,,44,34,,,
Depok,Cinere - Nafas,2026-05-20 14:18:46,95,95,33,74,,,,,0,0,,,
Bogor,Kabupaten Bogor Leuwiliang,2026-05-20 14:00:00,85,85,47,,4,10,0,72,,,,,
Tangerang,Tangerang Pasir Jaya,2026-05-20 14:00:00,106,106,50,,59,63,0,25,,,,,
Bekasi,Bekasi Kayuringin,2026-05-20 14:00:00,107,107,44,,57,13,0,2,,,,,
Jakarta,The Pakubuwono Menteng,2026-05-20 14:20:39,61,61,17,25,,,,,43,34,,,
Depok,Cinere - Nafas,2026-05-20 14:20:46,101,101,38,74,,,,,0,0,,,
Bogor,Kabupaten Bogor Leuwiliang,2026-05-20 14:00:00,85,85,47,,4,10,0,72,,,,,
Tangerang,Tangerang Pasir Jaya,2026-05-20 14:00:00,106,106,50,,59,63,0,25,,,,,
Bekasi,Bekasi Kayuringin,2026-05-20 14:00:00,107,107,44,,57,13,0,2,,,,,
Jakarta,The Pakubuwono Menteng,2026-05-20 14:22:39,72,72,20,51,,,,,44,34.09,,,
Depok,Cinere - Nafas,2026-05-20 14:22:46,98,98,37,73,,,,,0,0,,,
Bogor,Kabupaten Bogor Leuwiliang,2026-05-20 14:00:00,85,85,47,,4,10,0,72,,,,,
Tangerang,Tangerang Pasir Jaya,2026-05-20 14:00:00,106,106,50,,59,63,0,25,,,,,
Bekasi,Bekasi Kayuringin,2026-05-20 14:00:00,107,107,44,,57,13,0,2,,,,,
Jakarta,The Pakubuwono Menteng,2026-05-20 14:22:39,72,72,20,51,,,,,44,34.09,,,
Depok,Cinere - Nafas,2026-05-20 14:22:46,98,98,37,73,,,,,0,0,,,
Bogor,Kabupaten Bogor Leuwiliang,2026-05-20 14:00:00,85,85,47,,4,10,0,72,,,,,
Tangerang,Tangerang Pasir Jaya,2026-05-20 14:00:00,106,106,50,,59,63,0,25,,,,,
Bekasi,Bekasi Kayuringin,2026-05-20 14:00:00,107,107,44,,57,13,0,2,,,,,
Jakarta,The Pakubuwono Menteng,2026-05-20 14:24:39,70,70,20,50,,,,,43,34.2,,,
Depok,Cinere - Nafas,2026-05-20 14:24:46,104,104,39,80,,,,,0,0,,,
Bogor,Kabupaten Bogor Leuwiliang,2026-05-20 14:00:00,85,85,47,,4,10,0,72,,,,,
Tangerang,Tangerang Pasir Jaya,2026-05-20 14:00:00,106,106,50,,59,63,0,25,,,,,
Bekasi,Bekasi Kayuringin,2026-05-20 14:00:00,107,107,44,,57,13,0,2,,,,,
Jakarta,The Pakubuwono Menteng,2026-05-20 14:26:39,71,71,22,59,,,,,43,34.3,,,
Depok,Cinere - Nafas,2026-05-20 14:26:46,99,99,38,75,,,,,0,0,,,
Bogor,Kabupaten Bogor Leuwiliang,2026-05-20 14:00:00,85,85,47,,4,10,0,72,,,,,
Tangerang,Tangerang Pasir Jaya,2026-05-20 14:00:00,106,106,50,,59,63,0,25,,,,,
Bekasi,Bekasi Kayuringin,2026-05-20 14:00:00,107,107,44,,57,13,0,2,,,,,
Jakarta,The Pakubuwono Menteng,2026-05-20 14:26:39,71,71,22,59,,,,,43,34.3,,,
Depok,Cinere - Nafas,2026-05-20 14:26:46,99,99,38,75,,,,,0,0,,,
Bogor,Kabupaten Bogor Leuwiliang,2026-05-20 14:00:00,85,85,47,,4,10,0,72,,,,,
Tangerang,Tangerang Pasir Jaya,2026-05-20 14:00:00,106,106,50,,59,63,0,25,,,,,
Bekasi,Bekasi Kayuringin,2026-05-20 14:00:00,107,107,44,,57,13,0,2,,,,,
Jakarta,The Pakubuwono Menteng,2026-05-20 14:27:39,72,72,22,55,,,,,43,34.3,,,
Depok,Cinere - Nafas,2026-05-20 14:27:46,100,100,37,75,,,,,0,0,,,
Bogor,Kabupaten Bogor Leuwiliang,2026-05-20 14:00:00,85,85,47,,4,10,0,72,,,,,
Tangerang,Tangerang Pasir Jaya,2026-05-20 14:00:00,106,106,50,,59,63,0,25,,,,,
Bekasi,Bekasi Kayuringin,2026-05-20 14:00:00,107,107,44,,57,13,0,2,,,,,
Jakarta,The Pakubuwono Menteng,2026-05-20 14:27:39,72,72,22,55,,,,,43,34.3,,,
Depok,Cinere - Nafas,2026-05-20 14:27:46,100,100,37,75,,,,,0,0,,,
Bogor,Kabupaten Bogor Leuwiliang,2026-05-20 14:00:00,85,85,47,,4,10,0,72,,,,,
Tangerang,Tangerang Pasir Jaya,2026-05-20 14:00:00,106,106,50,,59,63,0,25,,,,,
Bekasi,Bekasi Kayuringin,2026-05-20 14:00:00,107,107,44,,57,13,0,2,,,,,
Jakarta,The Pakubuwono Menteng,2026-05-20 14:29:40,69,69,21,51,,,,,43,34.4,,,
Depok,Cinere - Nafas,2026-05-20 14:29:46,96,96,34,72,,,,,0,0,,,
Bogor,Kabupaten Bogor Leuwiliang,2026-05-20 14:00:00,85,85,47,,4,10,0,72,,,,,
Tangerang,Tangerang Pasir Jaya,2026-05-20 14:00:00,106,106,50,,59,63,0,25,,,,,
Bekasi,Bekasi Kayuringin,2026-05-20 14:00:00,107,107,44,,57,13,0,2,,,,,
Jakarta,The Pakubuwono Menteng,2026-05-20 14:29:40,69,69,21,51,,,,,43,34.4,,,
Depok,Cinere - Nafas,2026-05-20 14:29:46,96,96,34,72,,,,,0,0,,,
Bogor,Kabupaten Bogor Leuwiliang,2026-05-20 14:00:00,85,85,47,,4,10,0,72,,,,,
Tangerang,Tangerang Pasir Jaya,2026-05-20 14:00:00,106,106,50,,59,63,0,25,,,,,
Bekasi,Bekasi Kayuringin,2026-05-20 14:00:00,107,107,44,,57,13,0,2,,,,,
Jakarta,The Pakubuwono Menteng,2026-05-20 14:31:40,59,59,15,28,,,,,42,34.5,,,
Depok,Cinere - Nafas,2026-05-20 14:31:46,108,108,42,79,,,,,0,0,,,
Bogor,Kabupaten Bogor Leuwiliang,2026-05-20 14:00:00,85,85,47,,4,10,0,72,,,,,
Tangerang,Tangerang Pasir Jaya,2026-05-20 14:00:00,106,106,50,,59,63,0,25,,,,,
Bekasi,Bekasi Kayuringin,2026-05-20 14:00:00,107,107,44,,57,13,0,2,,,,,
Jakarta,The Pakubuwono Menteng,2026-05-20 14:33:39,41,41,10,21,,,,,41,34.4,,,
Depok,Cinere - Nafas,2026-05-20 14:33:46,99,99,37,78,,,,,0,0,,,
Bogor,Kabupaten Bogor Leuwiliang,2026-05-20 14:00:00,85,85,47,,4,10,0,72,,,,,
Tangerang,Tangerang Pasir Jaya,2026-05-20 14:00:00,106,106,50,,59,63,0,25,,,,,
Bekasi,Bekasi Kayuringin,2026-05-20 14:00:00,107,107,44,,57,13,0,2,,,,,
Jakarta,The Pakubuwono Menteng,2026-05-20 14:35:40,49,49,11,18,,,,,41,34.4,,,
Depok,Cinere - Nafas,2026-05-20 14:35:47,97,97,34,75,,,,,0,0,,,
Bogor,Kabupaten Bogor Leuwiliang,2026-05-20 14:00:00,85,85,47,,4,10,0,72,,,,,
Tangerang,Tangerang Pasir Jaya,2026-05-20 14:00:00,106,106,50,,59,63,0,25,,,,,
Bekasi,Bekasi Kayuringin,2026-05-20 14:00:00,107,107,44,,57,13,0,2,,,,,
Jakarta,The Pakubuwono Menteng,2026-05-20 14:35:40,49,49,11,18,,,,,41,34.4,,,
Depok,Cinere - Nafas,2026-05-20 14:35:47,97,97,34,75,,,,,0,0,,,
Bogor,Kabupaten Bogor Leuwiliang,2026-05-20 14:00:00,85,85,47,,4,10,0,72,,,,,
Tangerang,Tangerang Pasir Jaya,2026-05-20 14:00:00,106,106,50,,59,63,0,25,,,,,
Bekasi,Bekasi Kayuringin,2026-05-20 14:00:00,107,107,44,,57,13,0,2,,,,,
Jakarta,The Pakubuwono Menteng,2026-05-20 14:37:40,43,43,11,31,,,,,42,34.5,,,
Depok,Cinere - Nafas,2026-05-20 14:37:47,100,100,37,74,,,,,0,0,,,
Bogor,Kabupaten Bogor Leuwiliang,2026-05-20 14:00:00,85,85,47,,4,10,0,72,,,,,
Tangerang,Tangerang Pasir Jaya,2026-05-20 14:00:00,106,106,50,,59,63,0,25,,,,,
Bekasi,Bekasi Kayuringin,2026-05-20 14:00:00,107,107,44,,57,13,0,2,,,,,
Jakarta,The Pakubuwono Menteng,2026-05-20 14:37:40,43,43,11,31,,,,,42,34.5,,,
Depok,Cinere - Nafas,2026-05-20 14:37:47,100,100,37,74,,,,,0,0,,,
Bogor,Kabupaten Bogor Leuwiliang,2026-05-20 14:00:00,85,85,47,,4,10,0,72,,,,,
Tangerang,Tangerang Pasir Jaya,2026-05-20 14:00:00,106,106,50,,59,63,0,25,,,,,
Bekasi,Bekasi Kayuringin,2026-05-20 14:00:00,107,107,44,,57,13,0,2,,,,,
Jakarta,The Pakubuwono Menteng,2026-05-20 14:39:40,35,35,11,23,,,,,44,34.5,,,
Depok,Cinere - Nafas,2026-05-20 14:39:47,101,101,40,74,,,,,0,0,,,
Bogor,Kabupaten Bogor Leuwiliang,2026-05-20 14:00:00,85,85,47,,4,10,0,72,,,,,
Tangerang,Tangerang Pasir Jaya,2026-05-20 14:00:00,106,106,50,,59,63,0,25,,,,,
Bekasi,Bekasi Kayuringin,2026-05-20 14:00:00,107,107,44,,57,13,0,2,,,,,
Jakarta,The Pakubuwono Menteng,2026-05-20 14:39:40,35,35,11,23,,,,,44,34.5,,,
Depok,Cinere - Nafas,2026-05-20 14:39:47,101,101,40,74,,,,,0,0,,,
Bogor,Kabupaten Bogor Leuwiliang,2026-05-20 14:00:00,85,85,47,,4,10,0,72,,,,,
Tangerang,Tangerang Pasir Jaya,2026-05-20 14:00:00,106,106,50,,59,63,0,25,,,,,
Bekasi,Bekasi Kayuringin,2026-05-20 14:00:00,107,107,44,,57,13,0,2,,,,,
Jakarta,The Pakubuwono Menteng,2026-05-20 14:41:40,55,55,14,28,,,,,42,34.59,,,
Depok,Cinere - Nafas,2026-05-20 14:41:47,101,101,40,75,,,,,0,0,,,
Bogor,Kabupaten Bogor Leuwiliang,2026-05-20 14:00:00,85,85,47,,4,10,0,72,,,,,
Tangerang,Tangerang Pasir Jaya,2026-05-20 14:00:00,106,106,50,,59,63,0,25,,,,,
Bekasi,Bekasi Kayuringin,2026-05-20 14:00:00,107,107,44,,57,13,0,2,,,,,
Jakarta,The Pakubuwono Menteng,2026-05-20 14:41:40,55,55,14,28,,,,,42,34.59,,,
Depok,Cinere - Nafas,2026-05-20 14:41:47,101,101,40,75,,,,,0,0,,,
Bogor,Kabupaten Bogor Leuwiliang,2026-05-20 14:00:00,85,85,47,,4,10,0,72,,,,,
Tangerang,Tangerang Pasir Jaya,2026-05-20 14:00:00,106,106,50,,59,63,0,25,,,,,
Bekasi,Bekasi Kayuringin,2026-05-20 14:00:00,107,107,44,,57,13,0,2,,,,,
Jakarta,The Pakubuwono Menteng,2026-05-20 14:43:40,64,64,17,35,,,,,42,34.7,,,
Depok,Cinere - Nafas,2026-05-20 14:45:47,101,101,42,75,,,,,0,0,,,
Bogor,Kabupaten Bogor Leuwiliang,2026-05-20 14:00:00,85,85,47,,4,10,0,72,,,,,
Tangerang,Tangerang Pasir Jaya,2026-05-20 14:00:00,106,106,50,,59,63,0,25,,,,,
Bekasi,Bekasi Kayuringin,2026-05-20 14:00:00,107,107,44,,57,13,0,2,,,,,
Jakarta,The Pakubuwono Menteng,2026-05-20 14:45:40,64,64,18,34,,,,,41,34.8,,,
Depok,Cinere - Nafas,2026-05-20 14:45:47,101,101,42,75,,,,,0,0,,,
Bogor,Kabupaten Bogor Leuwiliang,2026-05-20 14:00:00,85,85,47,,4,10,0,72,,,,,
Tangerang,Tangerang Pasir Jaya,2026-05-20 14:00:00,106,106,50,,59,63,0,25,,,,,
Bekasi,Bekasi Kayuringin,2026-05-20 14:00:00,107,107,44,,57,13,0,2,,,,,
Jakarta,The Pakubuwono Menteng,2026-05-20 14:47:40,29,29,7,22,,,,,41,34.9,,,
Depok,Cinere - Nafas,2026-05-20 14:47:47,101,101,39,78,,,,,0,0,,,
Bogor,Kabupaten Bogor Leuwiliang,2026-05-20 14:00:00,85,85,47,,4,10,0,72,,,,,
Tangerang,Tangerang Pasir Jaya,2026-05-20 14:00:00,106,106,50,,59,63,0,25,,,,,
Bekasi,Bekasi Kayuringin,2026-05-20 14:00:00,107,107,44,,57,13,0,2,,,,,
Jakarta,The Pakubuwono Menteng,2026-05-20 14:47:40,29,29,7,22,,,,,41,34.9,,,
Depok,Cinere - Nafas,2026-05-20 14:47:47,101,101,39,78,,,,,0,0,,,
Bogor,Kabupaten Bogor Leuwiliang,2026-05-20 14:00:00,85,85,47,,4,10,0,72,,,,,
Tangerang,Tangerang Pasir Jaya,2026-05-20 14:00:00,106,106,50,,59,63,0,25,,,,,
Bekasi,Bekasi Kayuringin,2026-05-20 14:00:00,107,107,44,,57,13,0,2,,,,,
Jakarta,The Pakubuwono Menteng,2026-05-20 14:49:40,35,35,9,22,,,,,41,35,,,
Depok,Cinere - Nafas,2026-05-20 14:49:47,98,98,38,72,,,,,0,0,,,
Bogor,Kabupaten Bogor Leuwiliang,2026-05-20 14:00:00,85,85,47,,4,10,0,72,,,,,
Tangerang,Tangerang Pasir Jaya,2026-05-20 14:00:00,106,106,50,,59,63,0,25,,,,,
Bekasi,Bekasi Kayuringin,2026-05-20 14:00:00,107,107,44,,57,13,0,2,,,,,
Jakarta,The Pakubuwono Menteng,2026-05-20 14:51:40,49,49,12,26,,,,,41,35,,,
Depok,Cinere - Nafas,2026-05-20 14:51:47,97,97,36,72,,,,,0,0,,,
Bogor,Kabupaten Bogor Leuwiliang,2026-05-20 14:00:00,85,85,47,,4,10,0,72,,,,,
Tangerang,Tangerang Pasir Jaya,2026-05-20 14:00:00,106,106,50,,59,63,0,25,,,,,
Bekasi,Bekasi Kayuringin,2026-05-20 14:00:00,107,107,44,,57,13,0,2,,,,,
Jakarta,The Pakubuwono Menteng,2026-05-20 14:51:40,49,49,12,26,,,,,41,35,,,
Depok,Cinere - Nafas,2026-05-20 14:51:47,97,97,36,72,,,,,0,0,,,
Bogor,Kabupaten Bogor Leuwiliang,2026-05-20 14:00:00,85,85,47,,4,10,0,72,,,,,
Tangerang,Tangerang Pasir Jaya,2026-05-20 14:00:00,106,106,50,,59,63,0,25,,,,,
Bekasi,Bekasi Kayuringin,2026-05-20 14:00:00,107,107,44,,57,13,0,2,,,,,
Jakarta,The Pakubuwono Menteng,2026-05-20 14:53:40,34,34,7,24,,,,,41,35.09,,,
Depok,Cinere - Nafas,2026-05-20 14:53:47,96,96,36,73,,,,,0,0,,,
Bogor,Kabupaten Bogor Leuwiliang,2026-05-20 14:00:00,85,85,47,,4,10,0,72,,,,,
Tangerang,Tangerang Pasir Jaya,2026-05-20 14:00:00,106,106,50,,59,63,0,25,,,,,
Bekasi,Bekasi Kayuringin,2026-05-20 14:00:00,107,107,44,,57,13,0,2,,,,,
Jakarta,The Pakubuwono Menteng,2026-05-20 14:53:40,34,34,7,24,,,,,41,35.09,,,
Depok,Cinere - Nafas,2026-05-20 14:53:47,96,96,36,73,,,,,0,0,,,
Bogor,Kabupaten Bogor Leuwiliang,2026-05-20 14:00:00,85,85,47,,4,10,0,72,,,,,
Tangerang,Tangerang Pasir Jaya,2026-05-20 14:00:00,106,106,50,,59,63,0,25,,,,,
Bekasi,Bekasi Kayuringin,2026-05-20 14:00:00,107,107,44,,57,13,0,2,,,,,
Jakarta,The Pakubuwono Menteng,2026-05-20 14:54:40,46,46,10,27,,,,,41,35.2,,,
Depok,Cinere - Nafas,2026-05-20 14:54:47,95,95,34,72,,,,,0,0,,,
Bogor,Kabupaten Bogor Leuwiliang,2026-05-20 14:00:00,85,85,47,,4,10,0,72,,,,,
Tangerang,Tangerang Pasir Jaya,2026-05-20 14:00:00,106,106,50,,59,63,0,25,,,,,
Bekasi,Bekasi Kayuringin,2026-05-20 14:00:00,107,107,44,,57,13,0,2,,,,,
Jakarta,The Pakubuwono Menteng,2026-05-20 14:54:40,46,46,10,27,,,,,41,35.2,,,
Depok,Cinere - Nafas,2026-05-20 14:56:47,97,97,37,73,,,,,0,0,,,
Bogor,Kabupaten Bogor Leuwiliang,2026-05-20 14:00:00,85,85,47,,4,10,0,72,,,,,
Tangerang,Tangerang Pasir Jaya,2026-05-20 14:00:00,106,106,50,,59,63,0,25,,,,,
Bekasi,Bekasi Kayuringin,2026-05-20 14:00:00,107,107,44,,57,13,0,2,,,,,
Jakarta,The Pakubuwono Menteng,2026-05-20 14:56:40,65,65,19,37,,,,,41,35.2,,,
Depok,Cinere - Nafas,2026-05-20 14:56:47,97,97,37,73,,,,,0,0,,,
Bogor,Kabupaten Bogor Leuwiliang,2026-05-20 14:00:00,85,85,47,,4,10,0,72,,,,,
Tangerang,Tangerang Pasir Jaya,2026-05-20 14:00:00,106,106,50,,59,63,0,25,,,,,
Bekasi,Bekasi Kayuringin,2026-05-20 14:00:00,107,107,44,,57,13,0,2,,,,,
Jakarta,The Pakubuwono Menteng,2026-05-20 14:58:40,63,63,18,33,,,,,41,35.2,,,
Depok,Cinere - Nafas,2026-05-20 14:58:47,101,101,40,76,,,,,0,0,,,
Bogor,Kabupaten Bogor Leuwiliang,2026-05-20 14:00:00,85,85,47,,4,10,0,72,,,,,
Tangerang,Tangerang Pasir Jaya,2026-05-20 14:00:00,106,106,50,,59,63,0,25,,,,,
Bekasi,Bekasi Kayuringin,2026-05-20 14:00:00,107,107,44,,57,13,0,2,,,,,
Jakarta,The Pakubuwono Menteng,2026-05-20 15:01:40,59,59,16,36,,,,,41,35.2,,,
Depok,Cinere - Nafas,2026-05-20 15:01:47,100,100,37,75,,,,,0,0,,,
Bogor,Kabupaten Bogor Leuwiliang,2026-05-20 14:00:00,85,85,47,,4,10,0,72,,,,,
Tangerang,Tangerang Pasir Jaya,2026-05-20 14:00:00,106,106,50,,59,63,0,25,,,,,
Bekasi,Bekasi Kayuringin,2026-05-20 14:00:00,107,107,44,,57,13,0,2,,,,,
Jakarta,The Pakubuwono Menteng,2026-05-20 15:01:40,59,59,16,36,,,,,41,35.2,,,
Depok,Cinere - Nafas,2026-05-20 15:01:47,100,100,37,75,,,,,0,0,,,
Bogor,Kabupaten Bogor Leuwiliang,2026-05-20 14:00:00,85,85,47,,4,10,0,72,,,,,
Tangerang,Tangerang Pasir Jaya,2026-05-20 14:00:00,106,106,50,,59,63,0,25,,,,,
Bekasi,Bekasi Kayuringin,2026-05-20 14:00:00,107,107,44,,57,13,0,2,,,,,
Jakarta,The Pakubuwono Menteng,2026-05-20 15:03:40,64,64,18,42,,,,,41,35.09,,,
Depok,Cinere - Nafas,2026-05-20 15:03:47,101,101,41,78,,,,,0,0,,,
Bogor,Kabupaten Bogor Leuwiliang,2026-05-20 14:00:00,85,85,47,,4,10,0,72,,,,,
Tangerang,Tangerang Pasir Jaya,2026-05-20 14:00:00,106,106,50,,59,63,0,25,,,,,
Bekasi,Bekasi Kayuringin,2026-05-20 14:00:00,107,107,44,,57,13,0,2,,,,,
Jakarta,The Pakubuwono Menteng,2026-05-20 15:03:40,64,64,18,42,,,,,41,35.09,,,
Depok,Cinere - Nafas,2026-05-20 15:03:47,101,101,41,78,,,,,0,0,,,
Bogor,Kabupaten Bogor Leuwiliang,2026-05-20 14:00:00,85,85,47,,4,10,0,72,,,,,
Tangerang,Tangerang Pasir Jaya,2026-05-20 14:00:00,106,106,50,,59,63,0,25,,,,,
Bekasi,Bekasi Kayuringin,2026-05-20 14:00:00,107,107,44,,57,13,0,2,,,,,
Jakarta,The Pakubuwono Menteng,2026-05-20 15:05:40,70,70,20,40,,,,,41,35.09,,,
Depok,Cinere - Nafas,2026-05-20 15:05:47,114,114,45,83,,,,,0,0,,,
Bogor,Kabupaten Bogor Leuwiliang,2026-05-20 14:00:00,85,85,47,,4,10,0,72,,,,,
Tangerang,Tangerang Pasir Jaya,2026-05-20 14:00:00,106,106,50,,59,63,0,25,,,,,
Bekasi,Bekasi Kayuringin,2026-05-20 14:00:00,107,107,44,,57,13,0,2,,,,,
Jakarta,The Pakubuwono Menteng,2026-05-20 15:05:40,70,70,20,40,,,,,41,35.09,,,
Depok,Cinere - Nafas,2026-05-20 15:05:47,114,114,45,83,,,,,0,0,,,
Bogor,Kabupaten Bogor Leuwiliang,2026-05-20 14:00:00,85,85,47,,4,10,0,72,,,,,
Tangerang,Tangerang Pasir Jaya,2026-05-20 14:00:00,106,106,50,,59,63,0,25,,,,,
Bekasi,Bekasi Kayuringin,2026-05-20 14:00:00,107,107,44,,57,13,0,2,,,,,
Jakarta,The Pakubuwono Menteng,2026-05-20 15:06:40,64,64,18,41,,,,,41,35.09,,,
Depok,Cinere - Nafas,2026-05-20 15:06:47,110,110,43,79,,,,,0,0,,,
Bogor,Kabupaten Bogor Leuwiliang,2026-05-20 14:00:00,85,85,47,,4,10,0,72,,,,,
Tangerang,Tangerang Pasir Jaya,2026-05-20 14:00:00,106,106,50,,59,63,0,25,,,,,
Bekasi,Bekasi Kayuringin,2026-05-20 14:00:00,107,107,44,,57,13,0,2,,,,,
Jakarta,The Pakubuwono Menteng,2026-05-20 15:09:40,66,66,21,49,,,,,41,35.2,,,
Depok,Cinere - Nafas,2026-05-20 15:09:47,111,111,43,83,,,,,0,0,,,
Bogor,Kabupaten Bogor Leuwiliang,2026-05-20 15:00:00,84,84,46,,4,10,0,72,,,,,
Tangerang,Tangerang Pasir Jaya,2026-05-20 15:00:00,106,106,50,,59,63,0,26,,,,,
Bekasi,Bekasi Kayuringin,2026-05-20 15:00:00,107,107,44,,58,13,0,2,,,,,
Jakarta,The Pakubuwono Menteng,2026-05-20 15:11:40,63,63,21,46,,,,,41,35.2,,,
Depok,Cinere - Nafas,2026-05-20 15:11:47,112,112,45,83,,,,,0,0,,,
Bogor,Kabupaten Bogor Leuwiliang,2026-05-20 15:00:00,84,84,46,,4,10,0,72,,,,,
Tangerang,Tangerang Pasir Jaya,2026-05-20 15:00:00,106,106,50,,59,63,0,26,,,,,
Bekasi,Bekasi Kayuringin,2026-05-20 15:00:00,107,107,44,,58,13,0,2,,,,,
Jakarta,The Pakubuwono Menteng,2026-05-20 15:11:40,63,63,21,46,,,,,41,35.2,,,
Depok,Cinere - Nafas,2026-05-20 15:11:47,112,112,45,83,,,,,0,0,,,
Bogor,Kabupaten Bogor Leuwiliang,2026-05-20 15:00:00,84,84,46,,4,10,0,72,,,,,
Tangerang,Tangerang Pasir Jaya,2026-05-20 15:00:00,106,106,50,,59,63,0,26,,,,,
Bekasi,Bekasi Kayuringin,2026-05-20 15:00:00,107,107,44,,58,13,0,2,,,,,
Jakarta,The Pakubuwono Menteng,2026-05-20 15:12:40,64,64,18,35,,,,,41,35.2,,,
Depok,Cinere - Nafas,2026-05-20 15:12:47,110,110,43,83,,,,,0,0,,,
Bogor,Kabupaten Bogor Leuwiliang,2026-05-20 15:00:00,84,84,46,,4,10,0,72,,,,,
Tangerang,Tangerang Pasir Jaya,2026-05-20 15:00:00,106,106,50,,59,63,0,26,,,,,
Bekasi,Bekasi Kayuringin,2026-05-20 15:00:00,107,107,44,,58,13,0,2,,,,,
Jakarta,The Pakubuwono Menteng,2026-05-20 15:12:40,64,64,18,35,,,,,41,35.2,,,
Depok,Cinere - Nafas,2026-05-20 15:12:47,110,110,43,83,,,,,0,0,,,
Bogor,Kabupaten Bogor Leuwiliang,2026-05-20 15:00:00,84,84,46,,4,10,0,72,,,,,
Tangerang,Tangerang Pasir Jaya,2026-05-20 15:00:00,106,106,50,,59,63,0,26,,,,,
Bekasi,Bekasi Kayuringin,2026-05-20 15:00:00,107,107,44,,58,13,0,2,,,,,
Jakarta,The Pakubuwono Menteng,2026-05-20 15:14:41,54,54,14,28,,,,,41,35.2,,,
Depok,Cinere - Nafas,2026-05-20 15:14:47,105,105,41,80,,,,,0,0,,,
Bogor,Kabupaten Bogor Leuwiliang,2026-05-20 15:00:00,84,84,46,,4,10,0,72,,,,,
Tangerang,Tangerang Pasir Jaya,2026-05-20 15:00:00,106,106,50,,59,63,0,26,,,,,
Bekasi,Bekasi Kayuringin,2026-05-20 15:00:00,107,107,44,,58,13,0,2,,,,,
Jakarta,The Pakubuwono Menteng,2026-05-20 15:14:41,54,54,14,28,,,,,41,35.2,,,
Depok,Cinere - Nafas,2026-05-20 15:14:47,105,105,41,80,,,,,0,0,,,
Bogor,Kabupaten Bogor Leuwiliang,2026-05-20 15:00:00,84,84,46,,4,10,0,72,,,,,
Tangerang,Tangerang Pasir Jaya,2026-05-20 15:00:00,106,106,50,,59,63,0,26,,,,,
Bekasi,Bekasi Kayuringin,2026-05-20 15:00:00,107,107,44,,58,13,0,2,,,,,
Jakarta,The Pakubuwono Menteng,2026-05-20 15:16:41,46,46,11,23,,,,,40,35.09,,,
Depok,Cinere - Nafas,2026-05-20 15:16:47,103,103,38,77,,,,,0,0,,,
Bogor,Kabupaten Bogor Leuwiliang,2026-05-20 15:00:00,84,84,46,,4,10,0,72,,,,,
Tangerang,Tangerang Pasir Jaya,2026-05-20 15:00:00,106,106,50,,59,63,0,26,,,,,
Bekasi,Bekasi Kayuringin,2026-05-20 15:00:00,107,107,44,,58,13,0,2,,,,,
Jakarta,The Pakubuwono Menteng,2026-05-20 15:16:41,46,46,11,23,,,,,40,35.09,,,
Depok,Cinere - Nafas,2026-05-20 15:16:47,103,103,38,77,,,,,0,0,,,
Bogor,Kabupaten Bogor Leuwiliang,2026-05-20 15:00:00,84,84,46,,4,10,0,72,,,,,
Tangerang,Tangerang Pasir Jaya,2026-05-20 15:00:00,106,106,50,,59,63,0,26,,,,,
Bekasi,Bekasi Kayuringin,2026-05-20 15:00:00,107,107,44,,58,13,0,2,,,,,
Jakarta,The Pakubuwono Menteng,2026-05-20 15:18:41,40,40,10,23,,,,,40,35,,,
Depok,Cinere - Nafas,2026-05-20 15:18:47,100,100,40,74,,,,,0,0,,,
Bogor,Kabupaten Bogor Leuwiliang,2026-05-20 15:00:00,84,84,46,,4,10,0,72,,,,,
Tangerang,Tangerang Pasir Jaya,2026-05-20 15:00:00,106,106,50,,59,63,0,26,,,,,
Bekasi,Bekasi Kayuringin,2026-05-20 15:00:00,107,107,44,,58,13,0,2,,,,,
Jakarta,The Pakubuwono Menteng,2026-05-20 15:20:41,40,40,11,26,,,,,40,34.8,,,
Depok,Cinere - Nafas,2026-05-20 15:20:47,101,101,38,76,,,,,0,0,,,
Bogor,Kabupaten Bogor Leuwiliang,2026-05-20 15:00:00,84,84,46,,4,10,0,72,,,,,
Tangerang,Tangerang Pasir Jaya,2026-05-20 15:00:00,106,106,50,,59,63,0,26,,,,,
Bekasi,Bekasi Kayuringin,2026-05-20 15:00:00,107,107,44,,58,13,0,2,,,,,
Jakarta,The Pakubuwono Menteng,2026-05-20 15:22:41,49,49,11,26,,,,,41,34.7,,,
Depok,Cinere - Nafas,2026-05-20 15:22:47,96,96,36,74,,,,,0,0,,,
Bogor,Kabupaten Bogor Leuwiliang,2026-05-20 15:00:00,84,84,46,,4,10,0,72,,,,,
Tangerang,Tangerang Pasir Jaya,2026-05-20 15:00:00,106,106,50,,59,63,0,26,,,,,
Bekasi,Bekasi Kayuringin,2026-05-20 15:00:00,107,107,44,,58,13,0,2,,,,,
Jakarta,The Pakubuwono Menteng,2026-05-20 15:22:41,49,49,11,26,,,,,41,34.7,,,
Depok,Cinere - Nafas,2026-05-20 15:22:47,96,96,36,74,,,,,0,0,,,
Bogor,Kabupaten Bogor Leuwiliang,2026-05-20 15:00:00,84,84,46,,4,10,0,72,,,,,
Tangerang,Tangerang Pasir Jaya,2026-05-20 15:00:00,106,106,50,,59,63,0,26,,,,,
Bekasi,Bekasi Kayuringin,2026-05-20 15:00:00,107,107,44,,58,13,0,2,,,,,
Jakarta,The Pakubuwono Menteng,2026-05-20 15:24:41,55,55,13,28,,,,,42,34.7,,,
Depok,Cinere - Nafas,2026-05-20 15:24:47,102,102,39,77,,,,,0,0,,,
Bogor,Kabupaten Bogor Leuwiliang,2026-05-20 15:00:00,84,84,46,,4,10,0,72,,,,,
Tangerang,Tangerang Pasir Jaya,2026-05-20 15:00:00,106,106,50,,59,63,0,26,,,,,
Bekasi,Bekasi Kayuringin,2026-05-20 15:00:00,107,107,44,,58,13,0,2,,,,,
Jakarta,The Pakubuwono Menteng,2026-05-20 15:24:41,55,55,13,28,,,,,42,34.7,,,
Depok,Cinere - Nafas,2026-05-20 15:24:47,102,102,39,77,,,,,0,0,,,
Bogor,Kabupaten Bogor Leuwiliang,2026-05-20 15:00:00,84,84,46,,4,10,0,72,,,,,
Tangerang,Tangerang Pasir Jaya,2026-05-20 15:00:00,106,106,50,,59,63,0,26,,,,,
Bekasi,Bekasi Kayuringin,2026-05-20 15:00:00,107,107,44,,58,13,0,2,,,,,
Jakarta,The Pakubuwono Menteng,2026-05-20 15:26:41,46,46,12,30,,,,,41,34.8,,,
Depok,Cinere - Nafas,2026-05-20 15:26:47,99,99,37,77,,,,,0,0,,,
Bogor,Kabupaten Bogor Leuwiliang,2026-05-20 15:00:00,84,84,46,,4,10,0,72,,,,,
Tangerang,Tangerang Pasir Jaya,2026-05-20 15:00:00,106,106,50,,59,63,0,26,,,,,
Bekasi,Bekasi Kayuringin,2026-05-20 15:00:00,107,107,44,,58,13,0,2,,,,,
Jakarta,The Pakubuwono Menteng,2026-05-20 15:26:41,46,46,12,30,,,,,41,34.8,,,
Depok,Cinere - Nafas,2026-05-20 15:26:47,99,99,37,77,,,,,0,0,,,
Bogor,Kabupaten Bogor Leuwiliang,2026-05-20 15:00:00,84,84,46,,4,10,0,72,,,,,
Tangerang,Tangerang Pasir Jaya,2026-05-20 15:00:00,106,106,50,,59,63,0,26,,,,,
Bekasi,Bekasi Kayuringin,2026-05-20 15:00:00,107,107,44,,58,13,0,2,,,,,
Jakarta,The Pakubuwono Menteng,2026-05-20 15:28:41,41,41,9,23,,,,,41,34.9,,,
Depok,Cinere - Nafas,2026-05-20 15:28:47,101,101,38,77,,,,,0,0,,,
Bogor,Kabupaten Bogor Leuwiliang,2026-05-20 15:00:00,84,84,46,,4,10,0,72,,,,,
Tangerang,Tangerang Pasir Jaya,2026-05-20 15:00:00,106,106,50,,59,63,0,26,,,,,
Bekasi,Bekasi Kayuringin,2026-05-20 15:00:00,107,107,44,,58,13,0,2,,,,,
Jakarta,The Pakubuwono Menteng,2026-05-20 15:30:41,47,47,12,31,,,,,40,35,,,
Depok,Cinere - Nafas,2026-05-20 15:30:48,102,102,42,77,,,,,0,0,,,
Bogor,Kabupaten Bogor Leuwiliang,2026-05-20 15:00:00,84,84,46,,4,10,0,72,,,,,
Tangerang,Tangerang Pasir Jaya,2026-05-20 15:00:00,106,106,50,,59,63,0,26,,,,,
Bekasi,Bekasi Kayuringin,2026-05-20 15:00:00,107,107,44,,58,13,0,2,,,,,
Jakarta,The Pakubuwono Menteng,2026-05-20 15:30:41,47,47,12,31,,,,,40,35,,,
Depok,Cinere - Nafas,2026-05-20 15:30:48,102,102,42,77,,,,,0,0,,,
Bogor,Kabupaten Bogor Leuwiliang,2026-05-20 15:00:00,84,84,46,,4,10,0,72,,,,,
Tangerang,Tangerang Pasir Jaya,2026-05-20 15:00:00,106,106,50,,59,63,0,26,,,,,
Bekasi,Bekasi Kayuringin,2026-05-20 15:00:00,107,107,44,,58,13,0,2,,,,,
Jakarta,The Pakubuwono Menteng,2026-05-20 15:32:41,56,56,17,25,,,,,40,35.09,,,
Depok,Cinere - Nafas,2026-05-20 15:32:48,102,102,37,77,,,,,0,0,,,
Bogor,Kabupaten Bogor Leuwiliang,2026-05-20 15:00:00,84,84,46,,4,10,0,72,,,,,
Tangerang,Tangerang Pasir Jaya,2026-05-20 15:00:00,106,106,50,,59,63,0,26,,,,,
Bekasi,Bekasi Kayuringin,2026-05-20 15:00:00,107,107,44,,58,13,0,2,,,,,
Jakarta,The Pakubuwono Menteng,2026-05-20 15:34:41,56,56,15,30,,,,,40,35.09,,,
Depok,Cinere - Nafas,2026-05-20 15:34:48,98,98,36,76,,,,,0,0,,,
Bogor,Kabupaten Bogor Leuwiliang,2026-05-20 15:00:00,84,84,46,,4,10,0,72,,,,,
Tangerang,Tangerang Pasir Jaya,2026-05-20 15:00:00,106,106,50,,59,63,0,26,,,,,
Bekasi,Bekasi Kayuringin,2026-05-20 15:00:00,107,107,44,,58,13,0,2,,,,,
Jakarta,The Pakubuwono Menteng,2026-05-20 15:36:41,51,51,13,33,,,,,40,35.2,,,
Depok,Cinere - Nafas,2026-05-20 15:36:48,105,105,41,79,,,,,0,0,,,
Bogor,Kabupaten Bogor Leuwiliang,2026-05-20 15:00:00,84,84,46,,4,10,0,72,,,,,
Tangerang,Tangerang Pasir Jaya,2026-05-20 15:00:00,106,106,50,,59,63,0,26,,,,,
Bekasi,Bekasi Kayuringin,2026-05-20 15:00:00,107,107,44,,58,13,0,2,,,,,
Jakarta,The Pakubuwono Menteng,2026-05-20 15:36:41,51,51,13,33,,,,,40,35.2,,,
Depok,Cinere - Nafas,2026-05-20 15:36:48,105,105,41,79,,,,,0,0,,,
Bogor,Kabupaten Bogor Leuwiliang,2026-05-20 15:00:00,84,84,46,,4,10,0,72,,,,,
Tangerang,Tangerang Pasir Jaya,2026-05-20 15:00:00,106,106,50,,59,63,0,26,,,,,
Bekasi,Bekasi Kayuringin,2026-05-20 15:00:00,107,107,44,,58,13,0,2,,,,,
Jakarta,The Pakubuwono Menteng,2026-05-20 15:38:41,56,56,16,32,,,,,40,35.2,,,
Depok,Cinere - Nafas,2026-05-20 15:38:48,105,105,42,79,,,,,0,0,,,
Bogor,Kabupaten Bogor Leuwiliang,2026-05-20 15:00:00,84,84,46,,4,10,0,72,,,,,
Tangerang,Tangerang Pasir Jaya,2026-05-20 15:00:00,106,106,50,,59,63,0,26,,,,,
Bekasi,Bekasi Kayuringin,2026-05-20 15:00:00,107,107,44,,58,13,0,2,,,,,
Jakarta,The Pakubuwono Menteng,2026-05-20 15:38:41,56,56,16,32,,,,,40,35.2,,,
Depok,Cinere - Nafas,2026-05-20 15:38:48,105,105,42,79,,,,,0,0,,,
Bogor,Kabupaten Bogor Leuwiliang,2026-05-20 15:00:00,84,84,46,,4,10,0,72,,,,,
Tangerang,Tangerang Pasir Jaya,2026-05-20 15:00:00,106,106,50,,59,63,0,26,,,,,
Bekasi,Bekasi Kayuringin,2026-05-20 15:00:00,107,107,44,,58,13,0,2,,,,,
Jakarta,The Pakubuwono Menteng,2026-05-20 15:39:41,55,55,16,29,,,,,41,35.2,,,
Depok,Cinere - Nafas,2026-05-20 15:39:48,102,102,42,83,,,,,0,0,,,
Bogor,Kabupaten Bogor Leuwiliang,2026-05-20 15:00:00,84,84,46,,4,10,0,72,,,,,
Tangerang,Tangerang Pasir Jaya,2026-05-20 15:00:00,106,106,50,,59,63,0,26,,,,,
Bekasi,Bekasi Kayuringin,2026-05-20 15:00:00,107,107,44,,58,13,0,2,,,,,
Jakarta,The Pakubuwono Menteng,2026-05-20 15:41:41,53,53,13,30,,,,,41,35.09,,,
Depok,Cinere - Nafas,2026-05-20 15:41:48,106,106,41,80,,,,,0,0,,,
Bogor,Kabupaten Bogor Leuwiliang,2026-05-20 15:00:00,84,84,46,,4,10,0,72,,,,,
Tangerang,Tangerang Pasir Jaya,2026-05-20 15:00:00,106,106,50,,59,63,0,26,,,,,
Bekasi,Bekasi Kayuringin,2026-05-20 15:00:00,107,107,44,,58,13,0,2,,,,,
Jakarta,The Pakubuwono Menteng,2026-05-20 15:41:41,53,53,13,30,,,,,41,35.09,,,
Depok,Cinere - Nafas,2026-05-20 15:41:48,106,106,41,80,,,,,0,0,,,
Bogor,Kabupaten Bogor Leuwiliang,2026-05-20 15:00:00,84,84,46,,4,10,0,72,,,,,
Tangerang,Tangerang Pasir Jaya,2026-05-20 15:00:00,106,106,50,,59,63,0,26,,,,,
Bekasi,Bekasi Kayuringin,2026-05-20 15:00:00,107,107,44,,58,13,0,2,,,,,
Jakarta,The Pakubuwono Menteng,2026-05-20 15:43:41,58,58,16,33,,,,,41,35.2,,,
Depok,Cinere - Nafas,2026-05-20 15:43:48,110,110,43,83,,,,,0,0,,,
Bogor,Kabupaten Bogor Leuwiliang,2026-05-20 15:00:00,84,84,46,,4,10,0,72,,,,,
Tangerang,Tangerang Pasir Jaya,2026-05-20 15:00:00,106,106,50,,59,63,0,26,,,,,
Bekasi,Bekasi Kayuringin,2026-05-20 15:00:00,107,107,44,,58,13,0,2,,,,,
Jakarta,The Pakubuwono Menteng,2026-05-20 15:45:41,59,59,16,33,,,,,41,35.2,,,
Depok,Cinere - Nafas,2026-05-20 15:45:48,110,110,41,81,,,,,0,0,,,
Bogor,Kabupaten Bogor Leuwiliang,2026-05-20 15:00:00,84,84,46,,4,10,0,72,,,,,
Tangerang,Tangerang Pasir Jaya,2026-05-20 15:00:00,106,106,50,,59,63,0,26,,,,,
Bekasi,Bekasi Kayuringin,2026-05-20 15:00:00,107,107,44,,58,13,0,2,,,,,
Jakarta,The Pakubuwono Menteng,2026-05-20 15:45:41,59,59,16,33,,,,,41,35.2,,,
Depok,Cinere - Nafas,2026-05-20 15:45:48,110,110,41,81,,,,,0,0,,,
Bogor,Kabupaten Bogor Leuwiliang,2026-05-20 15:00:00,84,84,46,,4,10,0,72,,,,,
Tangerang,Tangerang Pasir Jaya,2026-05-20 15:00:00,106,106,50,,59,63,0,26,,,,,
Bekasi,Bekasi Kayuringin,2026-05-20 15:00:00,107,107,44,,58,13,0,2,,,,,
Jakarta,The Pakubuwono Menteng,2026-05-20 15:47:43,60,60,15,35,,,,,41,35.2,,,
Depok,Cinere - Nafas,2026-05-20 15:47:48,106,106,42,79,,,,,0,0,,,
Bogor,Kabupaten Bogor Leuwiliang,2026-05-20 15:00:00,84,84,46,,4,10,0,72,,,,,
Tangerang,Tangerang Pasir Jaya,2026-05-20 15:00:00,106,106,50,,59,63,0,26,,,,,
Bekasi,Bekasi Kayuringin,2026-05-20 15:00:00,107,107,44,,58,13,0,2,,,,,
Jakarta,The Pakubuwono Menteng,2026-05-20 15:49:41,50,50,12,29,,,,,41,35.09,,,
Depok,Cinere - Nafas,2026-05-20 15:49:48,108,108,41,80,,,,,0,0,,,
Bogor,Kabupaten Bogor Leuwiliang,2026-05-20 15:00:00,84,84,46,,4,10,0,72,,,,,
Tangerang,Tangerang Pasir Jaya,2026-05-20 15:00:00,106,106,50,,59,63,0,26,,,,,
Bekasi,Bekasi Kayuringin,2026-05-20 15:00:00,107,107,44,,58,13,0,2,,,,,
Jakarta,The Pakubuwono Menteng,2026-05-20 15:49:41,50,50,12,29,,,,,41,35.09,,,
Depok,Cinere - Nafas,2026-05-20 15:49:48,108,108,41,80,,,,,0,0,,,
Bogor,Kabupaten Bogor Leuwiliang,2026-05-20 15:00:00,84,84,46,,4,10,0,72,,,,,
Tangerang,Tangerang Pasir Jaya,2026-05-20 15:00:00,106,106,50,,59,63,0,26,,,,,
Bekasi,Bekasi Kayuringin,2026-05-20 15:00:00,107,107,44,,58,13,0,2,,,,,
Jakarta,The Pakubuwono Menteng,2026-05-20 15:51:41,44,44,10,27,,,,,41,34.9,,,
Depok,Cinere - Nafas,2026-05-20 15:51:49,106,106,41,79,,,,,0,0,,,
Bogor,Kabupaten Bogor Leuwiliang,2026-05-20 15:00:00,84,84,46,,4,10,0,72,,,,,
Tangerang,Tangerang Pasir Jaya,2026-05-20 15:00:00,106,106,50,,59,63,0,26,,,,,
Bekasi,Bekasi Kayuringin,2026-05-20 15:00:00,107,107,44,,58,13,0,2,,,,,
Jakarta,The Pakubuwono Menteng,2026-05-20 15:51:41,44,44,10,27,,,,,41,34.9,,,
Depok,Cinere - Nafas,2026-05-20 15:51:49,106,106,41,79,,,,,0,0,,,
Bogor,Kabupaten Bogor Leuwiliang,2026-05-20 15:00:00,84,84,46,,4,10,0,72,,,,,
Tangerang,Tangerang Pasir Jaya,2026-05-20 15:00:00,106,106,50,,59,63,0,26,,,,,
Bekasi,Bekasi Kayuringin,2026-05-20 15:00:00,107,107,44,,58,13,0,2,,,,,
Jakarta,The Pakubuwono Menteng,2026-05-20 15:53:41,32,32,7,21,,,,,42,34.8,,,
Depok,Cinere - Nafas,2026-05-20 15:53:48,108,108,42,78,,,,,0,0,,,
Bogor,Kabupaten Bogor Leuwiliang,2026-05-20 15:00:00,84,84,46,,4,10,0,72,,,,,
Tangerang,Tangerang Pasir Jaya,2026-05-20 15:00:00,106,106,50,,59,63,0,26,,,,,
Bekasi,Bekasi Kayuringin,2026-05-20 15:00:00,107,107,44,,58,13,0,2,,,,,
Jakarta,The Pakubuwono Menteng,2026-05-20 15:53:41,32,32,7,21,,,,,42,34.8,,,
Depok,Cinere - Nafas,2026-05-20 15:53:48,108,108,42,78,,,,,0,0,,,
Bogor,Kabupaten Bogor Leuwiliang,2026-05-20 15:00:00,84,84,46,,4,10,0,72,,,,,
Tangerang,Tangerang Pasir Jaya,2026-05-20 15:00:00,106,106,50,,59,63,0,26,,,,,
Bekasi,Bekasi Kayuringin,2026-05-20 15:00:00,107,107,44,,58,13,0,2,,,,,
Jakarta,The Pakubuwono Menteng,2026-05-20 15:53:41,32,32,7,21,,,,,42,34.8,,,
Depok,Cinere - Nafas,2026-05-20 15:53:48,108,108,42,78,,,,,0,0,,,
Bogor,Kabupaten Bogor Leuwiliang,2026-05-20 15:00:00,84,84,46,,4,10,0,72,,,,,
Tangerang,Tangerang Pasir Jaya,2026-05-20 15:00:00,106,106,50,,59,63,0,26,,,,,
Bekasi,Bekasi Kayuringin,2026-05-20 15:00:00,107,107,44,,58,13,0,2,,,,,
Jakarta,The Pakubuwono Menteng,2026-05-20 15:54:41,24,24,5,17,,,,,42,34.7,,,
Depok,Cinere - Nafas,2026-05-20 15:54:48,107,107,42,78,,,,,0,0,,,
Bogor,Kabupaten Bogor Leuwiliang,2026-05-20 15:00:00,84,84,46,,4,10,0,72,,,,,
Tangerang,Tangerang Pasir Jaya,2026-05-20 15:00:00,106,106,50,,59,63,0,26,,,,,
Bekasi,Bekasi Kayuringin,2026-05-20 15:00:00,107,107,44,,58,13,0,2,,,,,
Jakarta,The Pakubuwono Menteng,2026-05-20 15:54:41,24,24,5,17,,,,,42,34.7,,,
Depok,Cinere - Nafas,2026-05-20 15:54:48,107,107,42,78,,,,,0,0,,,
Bogor,Kabupaten Bogor Leuwiliang,2026-05-20 15:00:00,84,84,46,,4,10,0,72,,,,,
Tangerang,Tangerang Pasir Jaya,2026-05-20 15:00:00,106,106,50,,59,63,0,26,,,,,
Bekasi,Bekasi Kayuringin,2026-05-20 15:00:00,107,107,44,,58,13,0,2,,,,,
Jakarta,The Pakubuwono Menteng,2026-05-20 15:59:42,17,17,4,8,,,,,43,34,,,
Depok,Cinere - Nafas,2026-05-20 15:58:48,109,109,44,79,,,,,0,0,,,
Bogor,Kabupaten Bogor Leuwiliang,2026-05-20 15:00:00,84,84,46,,4,10,0,72,,,,,
Tangerang,Tangerang Pasir Jaya,2026-05-20 15:00:00,106,106,50,,59,63,0,26,,,,,
Bekasi,Bekasi Kayuringin,2026-05-20 15:00:00,107,107,44,,58,13,0,2,,,,,
Jakarta,The Pakubuwono Menteng,2026-05-20 15:59:42,17,17,4,8,,,,,43,34,,,
Depok,Cinere - Nafas,2026-05-20 15:58:48,109,109,44,79,,,,,0,0,,,
Bogor,Kabupaten Bogor Leuwiliang,2026-05-20 15:00:00,84,84,46,,4,10,0,72,,,,,
Tangerang,Tangerang Pasir Jaya,2026-05-20 15:00:00,106,106,50,,59,63,0,26,,,,,
Bekasi,Bekasi Kayuringin,2026-05-20 15:00:00,107,107,44,,58,13,0,2,,,,,
Jakarta,The Pakubuwono Menteng,2026-05-20 16:01:42,17,17,5,8,,,,,43,33.8,,,
Depok,Cinere - Nafas,2026-05-20 16:00:48,110,110,44,79,,,,,0,0,,,
Bogor,Kabupaten Bogor Leuwiliang,2026-05-20 15:00:00,84,84,46,,4,10,0,72,,,,,
Tangerang,Tangerang Pasir Jaya,2026-05-20 15:00:00,106,106,50,,59,63,0,26,,,,,
Bekasi,Bekasi Kayuringin,2026-05-20 15:00:00,107,107,44,,58,13,0,2,,,,,
Jakarta,The Pakubuwono Menteng,2026-05-20 16:01:42,17,17,5,8,,,,,43,33.8,,,
Depok,Cinere - Nafas,2026-05-20 16:00:48,110,110,44,79,,,,,0,0,,,
Bogor,Kabupaten Bogor Leuwiliang,2026-05-20 15:00:00,84,84,46,,4,10,0,72,,,,,
Tangerang,Tangerang Pasir Jaya,2026-05-20 15:00:00,106,106,50,,59,63,0,26,,,,,
Bekasi,Bekasi Kayuringin,2026-05-20 15:00:00,107,107,44,,58,13,0,2,,,,,
Jakarta,The Pakubuwono Menteng,2026-05-20 16:04:42,19,19,5,8,,,,,44,33.3,,,
Depok,Cinere - Nafas,2026-05-20 16:03:48,111,111,43,83,,,,,0,0,,,
Bogor,Kabupaten Bogor Leuwiliang,2026-05-20 15:00:00,84,84,46,,4,10,0,72,,,,,
Tangerang,Tangerang Pasir Jaya,2026-05-20 15:00:00,106,106,50,,59,63,0,26,,,,,
Bekasi,Bekasi Kayuringin,2026-05-20 15:00:00,107,107,44,,58,13,0,2,,,,,
Jakarta,The Pakubuwono Menteng,2026-05-20 16:06:42,13,13,3,6,,,,,44,33.09,,,
Depok,Cinere - Nafas,2026-05-20 16:05:48,107,107,41,79,,,,,0,0,,,
Bogor,Kabupaten Bogor Leuwiliang,2026-05-20 15:00:00,84,84,46,,4,10,0,72,,,,,
Tangerang,Tangerang Pasir Jaya,2026-05-20 15:00:00,106,106,50,,59,63,0,26,,,,,
Bekasi,Bekasi Kayuringin,2026-05-20 15:00:00,107,107,44,,58,13,0,2,,,,,
Jakarta,The Pakubuwono Menteng,2026-05-20 16:06:42,13,13,3,6,,,,,44,33.09,,,
Depok,Cinere - Nafas,2026-05-20 16:05:48,107,107,41,79,,,,,0,0,,,
Bogor,Kabupaten Bogor Leuwiliang,2026-05-20 15:00:00,84,84,46,,4,10,0,72,,,,,
Tangerang,Tangerang Pasir Jaya,2026-05-20 16:00:00,106,106,50,,59,63,0,26,,,,,
Bekasi,Bekasi Kayuringin,2026-05-20 16:00:00,107,107,44,,59,13,0,2,,,,,
Jakarta,The Pakubuwono Menteng,2026-05-20 16:08:42,16,16,3,13,,,,,44,32.9,,,
Depok,Cinere - Nafas,2026-05-20 16:08:48,113,113,44,80,,,,,0,0,,,
Bogor,Kabupaten Bogor Leuwiliang,2026-05-20 16:00:00,83,83,45,,4,10,0,72,,,,,
Tangerang,Tangerang Pasir Jaya,2026-05-20 16:00:00,106,106,50,,59,63,0,26,,,,,
Bekasi,Bekasi Kayuringin,2026-05-20 16:00:00,107,107,44,,59,13,0,2,,,,,
Jakarta,The Pakubuwono Menteng,2026-05-20 16:10:42,10,10,2,5,,,,,45,32.8,,,
Depok,Cinere - Nafas,2026-05-20 16:10:48,112,112,45,83,,,,,0,0,,,
Bogor,Kabupaten Bogor Leuwiliang,2026-05-20 16:00:00,83,83,45,,4,10,0,72,,,,,
Tangerang,Tangerang Pasir Jaya,2026-05-20 16:00:00,106,106,50,,59,63,0,26,,,,,
Bekasi,Bekasi Kayuringin,2026-05-20 16:00:00,107,107,44,,59,13,0,2,,,,,
Jakarta,The Pakubuwono Menteng,2026-05-20 16:10:42,10,10,2,5,,,,,45,32.8,,,
Depok,Cinere - Nafas,2026-05-20 16:10:48,112,112,45,83,,,,,0,0,,,
Bogor,Kabupaten Bogor Leuwiliang,2026-05-20 16:00:00,83,83,45,,4,10,0,72,,,,,
Tangerang,Tangerang Pasir Jaya,2026-05-20 16:00:00,106,106,50,,59,63,0,26,,,,,
Bekasi,Bekasi Kayuringin,2026-05-20 16:00:00,107,107,44,,59,13,0,2,,,,,
Jakarta,The Pakubuwono Menteng,2026-05-20 16:12:42,13,13,3,1,,,,,45,32.59,,,
Depok,Cinere - Nafas,2026-05-20 16:11:48,111,111,44,83,,,,,0,0,,,
Bogor,Kabupaten Bogor Leuwiliang,2026-05-20 16:00:00,83,83,45,,4,10,0,72,,,,,
Tangerang,Tangerang Pasir Jaya,2026-05-20 16:00:00,106,106,50,,59,63,0,26,,,,,
Bekasi,Bekasi Kayuringin,2026-05-20 16:00:00,107,107,44,,59,13,0,2,,,,,
Jakarta,The Pakubuwono Menteng,2026-05-20 16:12:42,13,13,3,1,,,,,45,32.59,,,
Depok,Cinere - Nafas,2026-05-20 16:11:48,111,111,44,83,,,,,0,0,,,
Bogor,Kabupaten Bogor Leuwiliang,2026-05-20 16:00:00,83,83,45,,4,10,0,72,,,,,
Tangerang,Tangerang Pasir Jaya,2026-05-20 16:00:00,106,106,50,,59,63,0,26,,,,,
Bekasi,Bekasi Kayuringin,2026-05-20 16:00:00,107,107,44,,59,13,0,2,,,,,
Jakarta,The Pakubuwono Menteng,2026-05-20 16:14:42,3,3,1,1,,,,,45,32.4,,,
Depok,Cinere - Nafas,2026-05-20 16:13:48,113,113,44,83,,,,,0,0,,,
Bogor,Kabupaten Bogor Leuwiliang,2026-05-20 16:00:00,83,83,45,,4,10,0,72,,,,,
Tangerang,Tangerang Pasir Jaya,2026-05-20 16:00:00,106,106,50,,59,63,0,26,,,,,
Bekasi,Bekasi Kayuringin,2026-05-20 16:00:00,107,107,44,,59,13,0,2,,,,,
Jakarta,The Pakubuwono Menteng,2026-05-20 16:14:42,3,3,1,1,,,,,45,32.4,,,
Depok,Cinere - Nafas,2026-05-20 16:13:48,113,113,44,83,,,,,0,0,,,
Bogor,Kabupaten Bogor Leuwiliang,2026-05-20 16:00:00,83,83,45,,4,10,0,72,,,,,
Tangerang,Tangerang Pasir Jaya,2026-05-20 16:00:00,106,106,50,,59,63,0,26,,,,,
Bekasi,Bekasi Kayuringin,2026-05-20 16:00:00,107,107,44,,59,13,0,2,,,,,
Jakarta,The Pakubuwono Menteng,2026-05-20 16:16:42,4,4,1,0,,,,,46,32.2,,,
Depok,Cinere - Nafas,2026-05-20 16:15:48,115,115,45,85,,,,,0,0,,,
Bogor,Kabupaten Bogor Leuwiliang,2026-05-20 16:00:00,83,83,45,,4,10,0,72,,,,,
Tangerang,Tangerang Pasir Jaya,2026-05-20 16:00:00,106,106,50,,59,63,0,26,,,,,
Bekasi,Bekasi Kayuringin,2026-05-20 16:00:00,107,107,44,,59,13,0,2,,,,,
Jakarta,The Pakubuwono Menteng,2026-05-20 16:18:42,15,15,3,3,,,,,46,32.09,,,
Depok,Cinere - Nafas,2026-05-20 16:17:50,120,120,47,88,,,,,0,0,,,
Bogor,Kabupaten Bogor Leuwiliang,2026-05-20 16:00:00,83,83,45,,4,10,0,72,,,,,
Tangerang,Tangerang Pasir Jaya,2026-05-20 16:00:00,106,106,50,,59,63,0,26,,,,,
Bekasi,Bekasi Kayuringin,2026-05-20 16:00:00,107,107,44,,59,13,0,2,,,,,
Jakarta,The Pakubuwono Menteng,2026-05-20 16:18:42,15,15,3,3,,,,,46,32.09,,,
Depok,Cinere - Nafas,2026-05-20 16:17:50,120,120,47,88,,,,,0,0,,,
Bogor,Kabupaten Bogor Leuwiliang,2026-05-20 16:00:00,83,83,45,,4,10,0,72,,,,,
Tangerang,Tangerang Pasir Jaya,2026-05-20 16:00:00,106,106,50,,59,63,0,26,,,,,
Bekasi,Bekasi Kayuringin,2026-05-20 16:00:00,107,107,44,,59,13,0,2,,,,,
Jakarta,The Pakubuwono Menteng,2026-05-20 16:19:42,3,3,2,0,,,,,47,32,,,
Depok,Cinere - Nafas,2026-05-20 16:20:49,122,122,50,88,,,,,0,0,,,
Bogor,Kabupaten Bogor Leuwiliang,2026-05-20 16:00:00,83,83,45,,4,10,0,72,,,,,
Tangerang,Tangerang Pasir Jaya,2026-05-20 16:00:00,106,106,50,,59,63,0,26,,,,,
Bekasi,Bekasi Kayuringin,2026-05-20 16:00:00,107,107,44,,59,13,0,2,,,,,
Jakarta,The Pakubuwono Menteng,2026-05-20 16:22:42,6,6,1,0,,,,,47,31.8,,,
Depok,Cinere - Nafas,2026-05-20 16:22:48,111,111,44,83,,,,,0,0,,,
Bogor,Kabupaten Bogor Leuwiliang,2026-05-20 16:00:00,83,83,45,,4,10,0,72,,,,,
Tangerang,Tangerang Pasir Jaya,2026-05-20 16:00:00,106,106,50,,59,63,0,26,,,,,
Bekasi,Bekasi Kayuringin,2026-05-20 16:00:00,107,107,44,,59,13,0,2,,,,,
Jakarta,The Pakubuwono Menteng,2026-05-20 16:22:42,6,6,1,0,,,,,47,31.8,,,
Depok,Cinere - Nafas,2026-05-20 16:22:48,111,111,44,83,,,,,0,0,,,
Bogor,Kabupaten Bogor Leuwiliang,2026-05-20 16:00:00,83,83,45,,4,10,0,72,,,,,
Tangerang,Tangerang Pasir Jaya,2026-05-20 16:00:00,106,106,50,,59,63,0,26,,,,,
Bekasi,Bekasi Kayuringin,2026-05-20 16:00:00,107,107,44,,59,13,0,2,,,,,
Jakarta,The Pakubuwono Menteng,2026-05-20 16:24:42,8,8,2,0,,,,,48,31.7,,,
Depok,Cinere - Nafas,2026-05-20 16:24:48,119,119,48,87,,,,,0,0,,,
Bogor,Kabupaten Bogor Leuwiliang,2026-05-20 16:00:00,83,83,45,,4,10,0,72,,,,,
Tangerang,Tangerang Pasir Jaya,2026-05-20 16:00:00,106,106,50,,59,63,0,26,,,,,
Bekasi,Bekasi Kayuringin,2026-05-20 16:00:00,107,107,44,,59,13,0,2,,,,,
Jakarta,The Pakubuwono Menteng,2026-05-20 16:24:42,8,8,2,0,,,,,48,31.7,,,
Depok,Cinere - Nafas,2026-05-20 16:24:48,119,119,48,87,,,,,0,0,,,
Bogor,Kabupaten Bogor Leuwiliang,2026-05-20 16:00:00,83,83,45,,4,10,0,72,,,,,
Tangerang,Tangerang Pasir Jaya,2026-05-20 16:00:00,106,106,50,,59,63,0,26,,,,,
Bekasi,Bekasi Kayuringin,2026-05-20 16:00:00,107,107,44,,59,13,0,2,,,,,
Jakarta,The Pakubuwono Menteng,2026-05-20 16:26:42,1,1,0,0,,,,,48,31.7,,,
Depok,Cinere - Nafas,2026-05-20 16:26:48,116,116,45,84,,,,,0,0,,,
Bogor,Kabupaten Bogor Leuwiliang,2026-05-20 16:00:00,83,83,45,,4,10,0,72,,,,,
Tangerang,Tangerang Pasir Jaya,2026-05-20 16:00:00,106,106,50,,59,63,0,26,,,,,
Bekasi,Bekasi Kayuringin,2026-05-20 16:00:00,107,107,44,,59,13,0,2,,,,,
Jakarta,The Pakubuwono Menteng,2026-05-20 16:26:42,1,1,0,0,,,,,48,31.7,,,
Depok,Cinere - Nafas,2026-05-20 16:26:48,116,116,45,84,,,,,0,0,,,
Bogor,Kabupaten Bogor Leuwiliang,2026-05-20 16:00:00,83,83,45,,4,10,0,72,,,,,
Tangerang,Tangerang Pasir Jaya,2026-05-20 16:00:00,106,106,50,,59,63,0,26,,,,,
Bekasi,Bekasi Kayuringin,2026-05-20 16:00:00,107,107,44,,59,13,0,2,,,,,
Jakarta,The Pakubuwono Menteng,2026-05-20 16:28:42,10,10,2,0,,,,,49,31.6,,,
Depok,Cinere - Nafas,2026-05-20 16:28:49,108,108,42,81,,,,,0,0,,,
Bogor,Kabupaten Bogor Leuwiliang,2026-05-20 16:00:00,83,83,45,,4,10,0,72,,,,,
Tangerang,Tangerang Pasir Jaya,2026-05-20 16:00:00,106,106,50,,59,63,0,26,,,,,
Bekasi,Bekasi Kayuringin,2026-05-20 16:00:00,107,107,44,,59,13,0,2,,,,,
Jakarta,The Pakubuwono Menteng,2026-05-20 16:30:42,12,12,3,3,,,,,49,31.6,,,
Depok,Cinere - Nafas,2026-05-20 16:30:48,108,108,43,79,,,,,0,0,,,
Bogor,Kabupaten Bogor Leuwiliang,2026-05-20 16:00:00,83,83,45,,4,10,0,72,,,,,
Tangerang,Tangerang Pasir Jaya,2026-05-20 16:00:00,106,106,50,,59,63,0,26,,,,,
Bekasi,Bekasi Kayuringin,2026-05-20 16:00:00,107,107,44,,59,13,0,2,,,,,
Jakarta,The Pakubuwono Menteng,2026-05-20 16:30:42,12,12,3,3,,,,,49,31.6,,,
Depok,Cinere - Nafas,2026-05-20 16:30:48,108,108,43,79,,,,,0,0,,,
Bogor,Kabupaten Bogor Leuwiliang,2026-05-20 16:00:00,83,83,45,,4,10,0,72,,,,,
Tangerang,Tangerang Pasir Jaya,2026-05-20 16:00:00,106,106,50,,59,63,0,26,,,,,
Bekasi,Bekasi Kayuringin,2026-05-20 16:00:00,107,107,44,,59,13,0,2,,,,,
Jakarta,The Pakubuwono Menteng,2026-05-20 16:32:42,10,10,3,3,,,,,49,31.6,,,
Depok,Cinere - Nafas,2026-05-20 16:32:49,108,108,42,79,,,,,0,0,,,
Bogor,Kabupaten Bogor Leuwiliang,2026-05-20 16:00:00,83,83,45,,4,10,0,72,,,,,
Tangerang,Tangerang Pasir Jaya,2026-05-20 16:00:00,106,106,50,,59,63,0,26,,,,,
Bekasi,Bekasi Kayuringin,2026-05-20 16:00:00,107,107,44,,59,13,0,2,,,,,
Jakarta,The Pakubuwono Menteng,2026-05-20 16:34:43,4,4,1,0,,,,,49,31.6,,,
Depok,Cinere - Nafas,2026-05-20 16:34:49,111,111,42,81,,,,,0,0,,,
Bogor,Kabupaten Bogor Leuwiliang,2026-05-20 16:00:00,83,83,45,,4,10,0,72,,,,,
Tangerang,Tangerang Pasir Jaya,2026-05-20 16:00:00,106,106,50,,59,63,0,26,,,,,
Bekasi,Bekasi Kayuringin,2026-05-20 16:00:00,107,107,44,,59,13,0,2,,,,,
Jakarta,The Pakubuwono Menteng,2026-05-20 16:34:43,4,4,1,0,,,,,49,31.6,,,
Depok,Cinere - Nafas,2026-05-20 16:34:49,111,111,42,81,,,,,0,0,,,
Bogor,Kabupaten Bogor Leuwiliang,2026-05-20 16:00:00,83,83,45,,4,10,0,72,,,,,
Tangerang,Tangerang Pasir Jaya,2026-05-20 16:00:00,106,106,50,,59,63,0,26,,,,,
Bekasi,Bekasi Kayuringin,2026-05-20 16:00:00,107,107,44,,59,13,0,2,,,,,
Jakarta,The Pakubuwono Menteng,2026-05-20 16:36:43,9,9,2,1,,,,,49,31.5,,,
Depok,Cinere - Nafas,2026-05-20 16:36:49,110,110,43,83,,,,,0,0,,,
Bogor,Kabupaten Bogor Leuwiliang,2026-05-20 16:00:00,83,83,45,,4,10,0,72,,,,,
Tangerang,Tangerang Pasir Jaya,2026-05-20 16:00:00,106,106,50,,59,63,0,26,,,,,
Bekasi,Bekasi Kayuringin,2026-05-20 16:00:00,107,107,44,,59,13,0,2,,,,,
Jakarta,The Pakubuwono Menteng,2026-05-20 16:36:43,9,9,2,1,,,,,49,31.5,,,
Depok,Cinere - Nafas,2026-05-20 16:36:49,110,110,43,83,,,,,0,0,,,
Bogor,Kabupaten Bogor Leuwiliang,2026-05-20 16:00:00,83,83,45,,4,10,0,72,,,,,
Tangerang,Tangerang Pasir Jaya,2026-05-20 16:00:00,106,106,50,,59,63,0,26,,,,,
Bekasi,Bekasi Kayuringin,2026-05-20 16:00:00,107,107,44,,59,13,0,2,,,,,
Jakarta,The Pakubuwono Menteng,2026-05-20 16:38:43,1,1,0,0,,,,,49,31.4,,,
Depok,Cinere - Nafas,2026-05-20 16:38:49,117,117,46,83,,,,,0,0,,,
Bogor,Kabupaten Bogor Leuwiliang,2026-05-20 16:00:00,83,83,45,,4,10,0,72,,,,,
Tangerang,Tangerang Pasir Jaya,2026-05-20 16:00:00,106,106,50,,59,63,0,26,,,,,
Bekasi,Bekasi Kayuringin,2026-05-20 16:00:00,107,107,44,,59,13,0,2,,,,,
Jakarta,The Pakubuwono Menteng,2026-05-20 16:38:43,1,1,0,0,,,,,49,31.4,,,
Depok,Cinere - Nafas,2026-05-20 16:38:49,117,117,46,83,,,,,0,0,,,
Bogor,Kabupaten Bogor Leuwiliang,2026-05-20 16:00:00,83,83,45,,4,10,0,72,,,,,
Tangerang,Tangerang Pasir Jaya,2026-05-20 16:00:00,106,106,50,,59,63,0,26,,,,,
Bekasi,Bekasi Kayuringin,2026-05-20 16:00:00,107,107,44,,59,13,0,2,,,,,
Jakarta,The Pakubuwono Menteng,2026-05-20 16:40:43,1,1,0,0,,,,,48,31.4,,,
Depok,Cinere - Nafas,2026-05-20 16:40:49,126,126,51,89,,,,,0,0,,,
Bogor,Kabupaten Bogor Leuwiliang,2026-05-20 16:00:00,83,83,45,,4,10,0,72,,,,,
Tangerang,Tangerang Pasir Jaya,2026-05-20 16:00:00,106,106,50,,59,63,0,26,,,,,
Bekasi,Bekasi Kayuringin,2026-05-20 16:00:00,107,107,44,,59,13,0,2,,,,,
Jakarta,The Pakubuwono Menteng,2026-05-20 16:40:43,1,1,0,0,,,,,48,31.4,,,
Depok,Cinere - Nafas,2026-05-20 16:40:49,126,126,51,89,,,,,0,0,,,
Bogor,Kabupaten Bogor Leuwiliang,2026-05-20 16:00:00,83,83,45,,4,10,0,72,,,,,
Tangerang,Tangerang Pasir Jaya,2026-05-20 16:00:00,106,106,50,,59,63,0,26,,,,,
Bekasi,Bekasi Kayuringin,2026-05-20 16:00:00,107,107,44,,59,13,0,2,,,,,
Jakarta,The Pakubuwono Menteng,2026-05-20 16:42:43,0,0,0,0,,,,,49,31.3,,,
Depok,Cinere - Nafas,2026-05-20 16:42:49,115,115,44,85,,,,,0,0,,,
Bogor,Kabupaten Bogor Leuwiliang,2026-05-20 16:00:00,83,83,45,,4,10,0,72,,,,,
Tangerang,Tangerang Pasir Jaya,2026-05-20 16:00:00,106,106,50,,59,63,0,26,,,,,
Bekasi,Bekasi Kayuringin,2026-05-20 16:00:00,107,107,44,,59,13,0,2,,,,,
Jakarta,The Pakubuwono Menteng,2026-05-20 16:42:43,0,0,0,0,,,,,49,31.3,,,
Depok,Cinere - Nafas,2026-05-20 16:42:49,115,115,44,85,,,,,0,0,,,
Bogor,Kabupaten Bogor Leuwiliang,2026-05-20 16:00:00,83,83,45,,4,10,0,72,,,,,
Tangerang,Tangerang Pasir Jaya,2026-05-20 16:00:00,106,106,50,,59,63,0,26,,,,,
Bekasi,Bekasi Kayuringin,2026-05-20 16:00:00,107,107,44,,59,13,0,2,,,,,
Jakarta,The Pakubuwono Menteng,2026-05-20 16:44:43,6,6,1,0,,,,,49,31.3,,,
Depok,Cinere - Nafas,2026-05-20 16:46:49,123,123,49,88,,,,,0,0,,,
Bogor,Kabupaten Bogor Leuwiliang,2026-05-20 16:00:00,83,83,45,,4,10,0,72,,,,,
Tangerang,Tangerang Pasir Jaya,2026-05-20 16:00:00,106,106,50,,59,63,0,26,,,,,
Bekasi,Bekasi Kayuringin,2026-05-20 16:00:00,107,107,44,,59,13,0,2,,,,,
Jakarta,The Pakubuwono Menteng,2026-05-20 16:44:43,6,6,1,0,,,,,49,31.3,,,
Depok,Cinere - Nafas,2026-05-20 16:46:49,123,123,49,88,,,,,0,0,,,
Bogor,Kabupaten Bogor Leuwiliang,2026-05-20 16:00:00,83,83,45,,4,10,0,72,,,,,
Tangerang,Tangerang Pasir Jaya,2026-05-20 16:00:00,106,106,50,,59,63,0,26,,,,,
Bekasi,Bekasi Kayuringin,2026-05-20 16:00:00,107,107,44,,59,13,0,2,,,,,
Jakarta,The Pakubuwono Menteng,2026-05-20 16:48:43,0,0,0,0,,,,,49,31.2,,,
Depok,Cinere - Nafas,2026-05-20 16:48:49,117,117,47,85,,,,,0,0,,,
Bogor,Kabupaten Bogor Leuwiliang,2026-05-20 16:00:00,83,83,45,,4,10,0,72,,,,,
Tangerang,Tangerang Pasir Jaya,2026-05-20 16:00:00,106,106,50,,59,63,0,26,,,,,
Bekasi,Bekasi Kayuringin,2026-05-20 16:00:00,107,107,44,,59,13,0,2,,,,,
Jakarta,The Pakubuwono Menteng,2026-05-20 16:48:43,0,0,0,0,,,,,49,31.2,,,
Depok,Cinere - Nafas,2026-05-20 16:48:49,117,117,47,85,,,,,0,0,,,
Bogor,Kabupaten Bogor Leuwiliang,2026-05-20 16:00:00,83,83,45,,4,10,0,72,,,,,
Tangerang,Tangerang Pasir Jaya,2026-05-20 16:00:00,106,106,50,,59,63,0,26,,,,,
Bekasi,Bekasi Kayuringin,2026-05-20 16:00:00,107,107,44,,59,13,0,2,,,,,
Jakarta,The Pakubuwono Menteng,2026-05-20 16:50:43,2,2,0,0,,,,,48,31.3,,,
Depok,Cinere - Nafas,2026-05-20 16:50:49,122,122,50,86,,,,,0,0,,,
Bogor,Kabupaten Bogor Leuwiliang,2026-05-20 16:00:00,83,83,45,,4,10,0,72,,,,,
Tangerang,Tangerang Pasir Jaya,2026-05-20 16:00:00,106,106,50,,59,63,0,26,,,,,
Bekasi,Bekasi Kayuringin,2026-05-20 16:00:00,107,107,44,,59,13,0,2,,,,,
Jakarta,The Pakubuwono Menteng,2026-05-20 16:52:43,0,0,0,0,,,,,48,31.2,,,
Depok,Cinere - Nafas,2026-05-20 16:52:49,119,119,47,82,,,,,0,0,,,
Bogor,Kabupaten Bogor Leuwiliang,2026-05-20 16:00:00,83,83,45,,4,10,0,72,,,,,
Tangerang,Tangerang Pasir Jaya,2026-05-20 16:00:00,106,106,50,,59,63,0,26,,,,,
Bekasi,Bekasi Kayuringin,2026-05-20 16:00:00,107,107,44,,59,13,0,2,,,,,
Jakarta,The Pakubuwono Menteng,2026-05-20 16:52:43,0,0,0,0,,,,,48,31.2,,,
Depok,Cinere - Nafas,2026-05-20 16:52:49,119,119,47,82,,,,,0,0,,,
Bogor,Kabupaten Bogor Leuwiliang,2026-05-20 16:00:00,83,83,45,,4,10,0,72,,,,,
Tangerang,Tangerang Pasir Jaya,2026-05-20 16:00:00,106,106,50,,59,63,0,26,,,,,
Bekasi,Bekasi Kayuringin,2026-05-20 16:00:00,107,107,44,,59,13,0,2,,,,,
Jakarta,The Pakubuwono Menteng,2026-05-20 16:54:43,4,4,1,0,,,,,48,31.2,,,
Depok,Cinere - Nafas,2026-05-20 16:54:49,113,113,44,83,,,,,0,0,,,
Bogor,Kabupaten Bogor Leuwiliang,2026-05-20 16:00:00,83,83,45,,4,10,0,72,,,,,
Tangerang,Tangerang Pasir Jaya,2026-05-20 16:00:00,106,106,50,,59,63,0,26,,,,,
Bekasi,Bekasi Kayuringin,2026-05-20 16:00:00,107,107,44,,59,13,0,2,,,,,
Jakarta,The Pakubuwono Menteng,2026-05-20 16:54:43,4,4,1,0,,,,,48,31.2,,,
Depok,Cinere - Nafas,2026-05-20 16:54:49,113,113,44,83,,,,,0,0,,,
Bogor,Kabupaten Bogor Leuwiliang,2026-05-20 16:00:00,83,83,45,,4,10,0,72,,,,,
Tangerang,Tangerang Pasir Jaya,2026-05-20 16:00:00,106,106,50,,59,63,0,26,,,,,
Bekasi,Bekasi Kayuringin,2026-05-20 16:00:00,107,107,44,,59,13,0,2,,,,,
Jakarta,The Pakubuwono Menteng,2026-05-20 16:56:43,4,4,1,4,,,,,49,31.1,,,
Depok,Cinere - Nafas,2026-05-20 16:56:49,115,115,47,83,,,,,0,0,,,
Bogor,Kabupaten Bogor Leuwiliang,2026-05-20 16:00:00,83,83,45,,4,10,0,72,,,,,
Tangerang,Tangerang Pasir Jaya,2026-05-20 16:00:00,106,106,50,,59,63,0,26,,,,,
Bekasi,Bekasi Kayuringin,2026-05-20 16:00:00,107,107,44,,59,13,0,2,,,,,
Jakarta,The Pakubuwono Menteng,2026-05-20 16:57:43,5,5,2,1,,,,,49,31.1,,,
Depok,Cinere - Nafas,2026-05-20 16:57:50,113,113,44,83,,,,,0,0,,,
Bogor,Kabupaten Bogor Leuwiliang,2026-05-20 16:00:00,83,83,45,,4,10,0,72,,,,,
Tangerang,Tangerang Pasir Jaya,2026-05-20 16:00:00,106,106,50,,59,63,0,26,,,,,
Bekasi,Bekasi Kayuringin,2026-05-20 16:00:00,107,107,44,,59,13,0,2,,,,,
Jakarta,The Pakubuwono Menteng,2026-05-20 16:59:43,0,0,0,0,,,,,49,31.1,,,
Depok,Cinere - Nafas,2026-05-20 16:59:49,113,113,44,84,,,,,0,0,,,
Bogor,Kabupaten Bogor Leuwiliang,2026-05-20 16:00:00,83,83,45,,4,10,0,72,,,,,
Tangerang,Tangerang Pasir Jaya,2026-05-20 16:00:00,106,106,50,,59,63,0,26,,,,,
Bekasi,Bekasi Kayuringin,2026-05-20 16:00:00,107,107,44,,59,13,0,2,,,,,
Jakarta,The Pakubuwono Menteng,2026-05-20 16:59:43,0,0,0,0,,,,,49,31.1,,,
Depok,Cinere - Nafas,2026-05-20 16:59:49,113,113,44,84,,,,,0,0,,,
Bogor,Kabupaten Bogor Leuwiliang,2026-05-20 16:00:00,83,83,45,,4,10,0,72,,,,,
Tangerang,Tangerang Pasir Jaya,2026-05-20 16:00:00,106,106,50,,59,63,0,26,,,,,
Bekasi,Bekasi Kayuringin,2026-05-20 16:00:00,107,107,44,,59,13,0,2,,,,,
Jakarta,The Pakubuwono Menteng,2026-05-20 17:01:43,3,3,1,0,,,,,49,31.1,,,
Depok,Cinere - Nafas,2026-05-20 17:01:49,116,116,45,83,,,,,0,0,,,
Bogor,Kabupaten Bogor Leuwiliang,2026-05-20 16:00:00,83,83,45,,4,10,0,72,,,,,
Tangerang,Tangerang Pasir Jaya,2026-05-20 16:00:00,106,106,50,,59,63,0,26,,,,,
Bekasi,Bekasi Kayuringin,2026-05-20 16:00:00,107,107,44,,59,13,0,2,,,,,
Jakarta,The Pakubuwono Menteng,2026-05-20 17:01:43,3,3,1,0,,,,,49,31.1,,,
Depok,Cinere - Nafas,2026-05-20 17:01:49,116,116,45,83,,,,,0,0,,,
Bogor,Kabupaten Bogor Leuwiliang,2026-05-20 16:00:00,83,83,45,,4,10,0,72,,,,,
Tangerang,Tangerang Pasir Jaya,2026-05-20 16:00:00,106,106,50,,59,63,0,26,,,,,
Bekasi,Bekasi Kayuringin,2026-05-20 16:00:00,107,107,44,,59,13,0,2,,,,,
Jakarta,The Pakubuwono Menteng,2026-05-20 17:03:43,7,7,2,0,,,,,49,31,,,
Depok,Cinere - Nafas,2026-05-20 17:03:49,116,116,45,83,,,,,0,0,,,
Bogor,Kabupaten Bogor Leuwiliang,2026-05-20 16:00:00,83,83,45,,4,10,0,72,,,,,
Tangerang,Tangerang Pasir Jaya,2026-05-20 16:00:00,106,106,50,,59,63,0,26,,,,,
Bekasi,Bekasi Kayuringin,2026-05-20 16:00:00,107,107,44,,59,13,0,2,,,,,
Jakarta,The Pakubuwono Menteng,2026-05-20 17:03:43,7,7,2,0,,,,,49,31,,,
Depok,Cinere - Nafas,2026-05-20 17:03:49,116,116,45,83,,,,,0,0,,,
Bogor,Kabupaten Bogor Leuwiliang,2026-05-20 16:00:00,83,83,45,,4,10,0,72,,,,,
Tangerang,Tangerang Pasir Jaya,2026-05-20 16:00:00,106,106,50,,59,63,0,26,,,,,
Bekasi,Bekasi Kayuringin,2026-05-20 16:00:00,107,107,44,,59,13,0,2,,,,,
Jakarta,The Pakubuwono Menteng,2026-05-20 17:05:43,7,7,2,0,,,,,49,31,,,
Depok,Cinere - Nafas,2026-05-20 17:05:49,118,118,46,84,,,,,0,0,,,
Bogor,Kabupaten Bogor Leuwiliang,2026-05-20 16:00:00,83,83,45,,4,10,0,72,,,,,
Tangerang,Tangerang Pasir Jaya,2026-05-20 16:00:00,106,106,50,,59,63,0,26,,,,,
Bekasi,Bekasi Kayuringin,2026-05-20 16:00:00,107,107,44,,59,13,0,2,,,,,
Jakarta,The Pakubuwono Menteng,2026-05-20 17:07:43,5,5,1,0,,,,,48,30.9,,,
Depok,Cinere - Nafas,2026-05-20 17:07:49,113,113,45,84,,,,,0,0,,,
Bogor,Kabupaten Bogor Leuwiliang,2026-05-20 17:00:00,82,82,44,,4,10,0,72,,,,,
Tangerang,Tangerang Pasir Jaya,2026-05-20 17:00:00,106,106,50,,59,63,0,26,,,,,
Bekasi,Bekasi Kayuringin,2026-05-20 17:00:00,107,107,44,,59,13,0,2,,,,,
Jakarta,The Pakubuwono Menteng,2026-05-20 17:07:43,5,5,1,0,,,,,48,30.9,,,
Depok,Cinere - Nafas,2026-05-20 17:07:49,113,113,45,84,,,,,0,0,,,
Bogor,Kabupaten Bogor Leuwiliang,2026-05-20 17:00:00,82,82,44,,4,10,0,72,,,,,
Tangerang,Tangerang Pasir Jaya,2026-05-20 17:00:00,106,106,50,,59,63,0,26,,,,,
Bekasi,Bekasi Kayuringin,2026-05-20 17:00:00,107,107,44,,59,13,0,2,,,,,
Jakarta,The Pakubuwono Menteng,2026-05-20 17:09:44,5,5,1,0,,,,,49,30.9,,,
Depok,Cinere - Nafas,2026-05-20 17:09:52,116,116,46,83,,,,,0,0,,,
Bogor,Kabupaten Bogor Leuwiliang,2026-05-20 17:00:00,82,82,44,,4,10,0,72,,,,,
Tangerang,Tangerang Pasir Jaya,2026-05-20 17:00:00,106,106,50,,59,63,0,26,,,,,
Bekasi,Bekasi Kayuringin,2026-05-20 17:00:00,107,107,44,,59,13,0,2,,,,,
Jakarta,The Pakubuwono Menteng,2026-05-20 17:11:44,5,5,1,1,,,,,49,30.9,,,
Depok,Cinere - Nafas,2026-05-20 17:11:51,117,117,47,86,,,,,0,0,,,
Bogor,Kabupaten Bogor Leuwiliang,2026-05-20 17:00:00,82,82,44,,4,10,0,72,,,,,
Tangerang,Tangerang Pasir Jaya,2026-05-20 17:00:00,106,106,50,,59,63,0,26,,,,,
Bekasi,Bekasi Kayuringin,2026-05-20 17:00:00,107,107,44,,59,13,0,2,,,,,
Jakarta,The Pakubuwono Menteng,2026-05-20 17:11:44,5,5,1,1,,,,,49,30.9,,,
Depok,Cinere - Nafas,2026-05-20 17:11:51,117,117,47,86,,,,,0,0,,,
Bogor,Kabupaten Bogor Leuwiliang,2026-05-20 17:00:00,82,82,44,,4,10,0,72,,,,,
Tangerang,Tangerang Pasir Jaya,2026-05-20 17:00:00,106,106,50,,59,63,0,26,,,,,
Bekasi,Bekasi Kayuringin,2026-05-20 17:00:00,107,107,44,,59,13,0,2,,,,,
Jakarta,The Pakubuwono Menteng,2026-05-20 17:13:43,1,1,0,0,,,,,49,30.9,,,
Depok,Cinere - Nafas,2026-05-20 17:13:52,123,123,50,89,,,,,0,0,,,
Bogor,Kabupaten Bogor Leuwiliang,2026-05-20 17:00:00,82,82,44,,4,10,0,72,,,,,
Tangerang,Tangerang Pasir Jaya,2026-05-20 17:00:00,106,106,50,,59,63,0,26,,,,,
Bekasi,Bekasi Kayuringin,2026-05-20 17:00:00,107,107,44,,59,13,0,2,,,,,
Jakarta,The Pakubuwono Menteng,2026-05-20 17:13:43,1,1,0,0,,,,,49,30.9,,,
Depok,Cinere - Nafas,2026-05-20 17:13:52,123,123,50,89,,,,,0,0,,,
Bogor,Kabupaten Bogor Leuwiliang,2026-05-20 17:00:00,82,82,44,,4,10,0,72,,,,,
Tangerang,Tangerang Pasir Jaya,2026-05-20 17:00:00,106,106,50,,59,63,0,26,,,,,
Bekasi,Bekasi Kayuringin,2026-05-20 17:00:00,107,107,44,,59,13,0,2,,,,,
Jakarta,The Pakubuwono Menteng,2026-05-20 17:15:43,10,10,3,3,,,,,49,30.9,,,
Depok,Cinere - Nafas,2026-05-20 17:15:49,123,123,50,89,,,,,0,0,,,
Bogor,Kabupaten Bogor Leuwiliang,2026-05-20 17:00:00,82,82,44,,4,10,0,72,,,,,
Tangerang,Tangerang Pasir Jaya,2026-05-20 17:00:00,106,106,50,,59,63,0,26,,,,,
Bekasi,Bekasi Kayuringin,2026-05-20 17:00:00,107,107,44,,59,13,0,2,,,,,
Jakarta,The Pakubuwono Menteng,2026-05-20 17:17:45,5,5,1,1,,,,,49,30.9,,,
Depok,Cinere - Nafas,2026-05-20 17:17:49,126,126,51,90,,,,,0,0,,,
Bogor,Kabupaten Bogor Leuwiliang,2026-05-20 17:00:00,82,82,44,,4,10,0,72,,,,,
Tangerang,Tangerang Pasir Jaya,2026-05-20 17:00:00,106,106,50,,59,63,0,26,,,,,
Bekasi,Bekasi Kayuringin,2026-05-20 17:00:00,107,107,44,,59,13,0,2,,,,,
Jakarta,The Pakubuwono Menteng,2026-05-20 17:17:45,5,5,1,1,,,,,49,30.9,,,
Depok,Cinere - Nafas,2026-05-20 17:17:49,126,126,51,90,,,,,0,0,,,
Bogor,Kabupaten Bogor Leuwiliang,2026-05-20 17:00:00,82,82,44,,4,10,0,72,,,,,
Tangerang,Tangerang Pasir Jaya,2026-05-20 17:00:00,106,106,50,,59,63,0,26,,,,,
Bekasi,Bekasi Kayuringin,2026-05-20 17:00:00,107,107,44,,59,13,0,2,,,,,
Jakarta,The Pakubuwono Menteng,2026-05-20 17:19:44,7,7,3,3,,,,,50,30.8,,,
Depok,Cinere - Nafas,2026-05-20 17:19:49,139,139,55,97,,,,,0,0,,,
Bogor,Kabupaten Bogor Leuwiliang,2026-05-20 17:00:00,82,82,44,,4,10,0,72,,,,,
Tangerang,Tangerang Pasir Jaya,2026-05-20 17:00:00,106,106,50,,59,63,0,26,,,,,
Bekasi,Bekasi Kayuringin,2026-05-20 17:00:00,107,107,44,,59,13,0,2,,,,,
Jakarta,The Pakubuwono Menteng,2026-05-20 17:19:44,7,7,3,3,,,,,50,30.8,,,
Depok,Cinere - Nafas,2026-05-20 17:19:49,139,139,55,97,,,,,0,0,,,
Bogor,Kabupaten Bogor Leuwiliang,2026-05-20 17:00:00,82,82,44,,4,10,0,72,,,,,
Tangerang,Tangerang Pasir Jaya,2026-05-20 17:00:00,106,106,50,,59,63,0,26,,,,,
Bekasi,Bekasi Kayuringin,2026-05-20 17:00:00,107,107,44,,59,13,0,2,,,,,
Jakarta,The Pakubuwono Menteng,2026-05-20 17:21:44,13,13,3,4,,,,,49,30.8,,,
Depok,Cinere - Nafas,2026-05-20 17:21:49,124,124,50,87,,,,,0,0,,,
Bogor,Kabupaten Bogor Leuwiliang,2026-05-20 17:00:00,82,82,44,,4,10,0,72,,,,,
Tangerang,Tangerang Pasir Jaya,2026-05-20 17:00:00,106,106,50,,59,63,0,26,,,,,
Bekasi,Bekasi Kayuringin,2026-05-20 17:00:00,107,107,44,,59,13,0,2,,,,,
Jakarta,The Pakubuwono Menteng,2026-05-20 17:23:44,4,4,1,0,,,,,49,30.8,,,
Depok,Cinere - Nafas,2026-05-20 17:23:49,127,127,51,89,,,,,0,0,,,
Bogor,Kabupaten Bogor Leuwiliang,2026-05-20 17:00:00,82,82,44,,4,10,0,72,,,,,
Tangerang,Tangerang Pasir Jaya,2026-05-20 17:00:00,106,106,50,,59,63,0,26,,,,,
Bekasi,Bekasi Kayuringin,2026-05-20 17:00:00,107,107,44,,59,13,0,2,,,,,
Jakarta,The Pakubuwono Menteng,2026-05-20 17:23:44,4,4,1,0,,,,,49,30.8,,,
Depok,Cinere - Nafas,2026-05-20 17:23:49,127,127,51,89,,,,,0,0,,,
Bogor,Kabupaten Bogor Leuwiliang,2026-05-20 17:00:00,82,82,44,,4,10,0,72,,,,,
Tangerang,Tangerang Pasir Jaya,2026-05-20 17:00:00,106,106,50,,59,63,0,26,,,,,
Bekasi,Bekasi Kayuringin,2026-05-20 17:00:00,107,107,44,,59,13,0,2,,,,,
Jakarta,The Pakubuwono Menteng,2026-05-20 17:25:44,8,8,2,0,,,,,50,30.8,,,
Depok,Cinere - Nafas,2026-05-20 17:25:50,123,123,50,87,,,,,0,0,,,
Bogor,Kabupaten Bogor Leuwiliang,2026-05-20 17:00:00,82,82,44,,4,10,0,72,,,,,
Tangerang,Tangerang Pasir Jaya,2026-05-20 17:00:00,106,106,50,,59,63,0,26,,,,,
Bekasi,Bekasi Kayuringin,2026-05-20 17:00:00,107,107,44,,59,13,0,2,,,,,
Jakarta,The Pakubuwono Menteng,2026-05-20 17:25:44,8,8,2,0,,,,,50,30.8,,,
Depok,Cinere - Nafas,2026-05-20 17:25:50,123,123,50,87,,,,,0,0,,,
Bogor,Kabupaten Bogor Leuwiliang,2026-05-20 17:00:00,82,82,44,,4,10,0,72,,,,,
Tangerang,Tangerang Pasir Jaya,2026-05-20 17:00:00,106,106,50,,59,63,0,26,,,,,
Bekasi,Bekasi Kayuringin,2026-05-20 17:00:00,107,107,44,,59,13,0,2,,,,,
Jakarta,The Pakubuwono Menteng,2026-05-20 17:27:44,4,4,3,0,,,,,50,30.8,,,
Depok,Cinere - Nafas,2026-05-20 17:27:50,126,126,51,90,,,,,0,0,,,
Bogor,Kabupaten Bogor Leuwiliang,2026-05-20 17:00:00,82,82,44,,4,10,0,72,,,,,
Tangerang,Tangerang Pasir Jaya,2026-05-20 17:00:00,106,106,50,,59,63,0,26,,,,,
Bekasi,Bekasi Kayuringin,2026-05-20 17:00:00,107,107,44,,59,13,0,2,,,,,
Jakarta,The Pakubuwono Menteng,2026-05-20 17:29:44,1,1,0,0,,,,,50,30.7,,,
Depok,Cinere - Nafas,2026-05-20 17:29:50,128,128,51,89,,,,,0,0,,,
Bogor,Kabupaten Bogor Leuwiliang,2026-05-20 17:00:00,82,82,44,,4,10,0,72,,,,,
Tangerang,Tangerang Pasir Jaya,2026-05-20 17:00:00,106,106,50,,59,63,0,26,,,,,
Bekasi,Bekasi Kayuringin,2026-05-20 17:00:00,107,107,44,,59,13,0,2,,,,,
Jakarta,The Pakubuwono Menteng,2026-05-20 17:29:44,1,1,0,0,,,,,50,30.7,,,
Depok,Cinere - Nafas,2026-05-20 17:29:50,128,128,51,89,,,,,0,0,,,
Bogor,Kabupaten Bogor Leuwiliang,2026-05-20 17:00:00,82,82,44,,4,10,0,72,,,,,
Tangerang,Tangerang Pasir Jaya,2026-05-20 17:00:00,106,106,50,,59,63,0,26,,,,,
Bekasi,Bekasi Kayuringin,2026-05-20 17:00:00,107,107,44,,59,13,0,2,,,,,
Jakarta,The Pakubuwono Menteng,2026-05-20 17:31:44,11,11,2,0,,,,,50,30.7,,,
Depok,Cinere - Nafas,2026-05-20 17:31:50,124,124,50,90,,,,,0,0,,,
Bogor,Kabupaten Bogor Leuwiliang,2026-05-20 17:00:00,82,82,44,,4,10,0,72,,,,,
Tangerang,Tangerang Pasir Jaya,2026-05-20 17:00:00,106,106,50,,59,63,0,26,,,,,
Bekasi,Bekasi Kayuringin,2026-05-20 17:00:00,107,107,44,,59,13,0,2,,,,,
Jakarta,The Pakubuwono Menteng,2026-05-20 17:32:44,1,1,1,0,,,,,50,30.7,,,
Depok,Cinere - Nafas,2026-05-20 17:32:50,125,125,50,89,,,,,0,0,,,
Bogor,Kabupaten Bogor Leuwiliang,2026-05-20 17:00:00,82,82,44,,4,10,0,72,,,,,
Tangerang,Tangerang Pasir Jaya,2026-05-20 17:00:00,106,106,50,,59,63,0,26,,,,,
Bekasi,Bekasi Kayuringin,2026-05-20 17:00:00,107,107,44,,59,13,0,2,,,,,
Jakarta,The Pakubuwono Menteng,2026-05-20 17:33:44,5,5,1,0,,,,,50,30.7,,,
Depok,Cinere - Nafas,2026-05-20 17:34:50,125,125,50,87,,,,,0,0,,,
Bogor,Kabupaten Bogor Leuwiliang,2026-05-20 17:00:00,82,82,44,,4,10,0,72,,,,,
Tangerang,Tangerang Pasir Jaya,2026-05-20 17:00:00,106,106,50,,59,63,0,26,,,,,
Bekasi,Bekasi Kayuringin,2026-05-20 17:00:00,107,107,44,,59,13,0,2,,,,,
Jakarta,The Pakubuwono Menteng,2026-05-20 17:33:44,5,5,1,0,,,,,50,30.7,,,
Depok,Cinere - Nafas,2026-05-20 17:34:50,125,125,50,87,,,,,0,0,,,
Bogor,Kabupaten Bogor Leuwiliang,2026-05-20 17:00:00,82,82,44,,4,10,0,72,,,,,
Tangerang,Tangerang Pasir Jaya,2026-05-20 17:00:00,106,106,50,,59,63,0,26,,,,,
Bekasi,Bekasi Kayuringin,2026-05-20 17:00:00,107,107,44,,59,13,0,2,,,,,
Jakarta,The Pakubuwono Menteng,2026-05-20 17:36:44,3,3,1,0,,,,,50,30.7,,,
Depok,Cinere - Nafas,2026-05-20 17:36:50,125,125,50,88,,,,,0,0,,,
Bogor,Kabupaten Bogor Leuwiliang,2026-05-20 17:00:00,82,82,44,,4,10,0,72,,,,,
Tangerang,Tangerang Pasir Jaya,2026-05-20 17:00:00,106,106,50,,59,63,0,26,,,,,
Bekasi,Bekasi Kayuringin,2026-05-20 17:00:00,107,107,44,,59,13,0,2,,,,,
Jakarta,The Pakubuwono Menteng,2026-05-20 17:36:44,3,3,1,0,,,,,50,30.7,,,
Depok,Cinere - Nafas,2026-05-20 17:36:50,125,125,50,88,,,,,0,0,,,
Bogor,Kabupaten Bogor Leuwiliang,2026-05-20 17:00:00,82,82,44,,4,10,0,72,,,,,
Tangerang,Tangerang Pasir Jaya,2026-05-20 17:00:00,106,106,50,,59,63,0,26,,,,,
Bekasi,Bekasi Kayuringin,2026-05-20 17:00:00,107,107,44,,59,13,0,2,,,,,
Jakarta,The Pakubuwono Menteng,2026-05-20 17:38:44,1,1,0,0,,,,,49,30.6,,,
Depok,Cinere - Nafas,2026-05-20 17:38:50,124,124,50,88,,,,,0,0,,,
Bogor,Kabupaten Bogor Leuwiliang,2026-05-20 17:00:00,82,82,44,,4,10,0,72,,,,,
Tangerang,Tangerang Pasir Jaya,2026-05-20 17:00:00,106,106,50,,59,63,0,26,,,,,
Bekasi,Bekasi Kayuringin,2026-05-20 17:00:00,107,107,44,,59,13,0,2,,,,,
Jakarta,The Pakubuwono Menteng,2026-05-20 17:40:44,3,3,2,0,,,,,50,30.6,,,
Depok,Cinere - Nafas,2026-05-20 17:40:50,129,129,51,90,,,,,0,0,,,
Bogor,Kabupaten Bogor Leuwiliang,2026-05-20 17:00:00,82,82,44,,4,10,0,72,,,,,
Tangerang,Tangerang Pasir Jaya,2026-05-20 17:00:00,106,106,50,,59,63,0,26,,,,,
Bekasi,Bekasi Kayuringin,2026-05-20 17:00:00,107,107,44,,59,13,0,2,,,,,
Jakarta,The Pakubuwono Menteng,2026-05-20 17:40:44,3,3,2,0,,,,,50,30.6,,,
Depok,Cinere - Nafas,2026-05-20 17:40:50,129,129,51,90,,,,,0,0,,,
Bogor,Kabupaten Bogor Leuwiliang,2026-05-20 17:00:00,82,82,44,,4,10,0,72,,,,,
Tangerang,Tangerang Pasir Jaya,2026-05-20 17:00:00,106,106,50,,59,63,0,26,,,,,
Bekasi,Bekasi Kayuringin,2026-05-20 17:00:00,107,107,44,,59,13,0,2,,,,,
Jakarta,The Pakubuwono Menteng,2026-05-20 17:42:44,3,3,1,0,,,,,50,30.5,,,
Depok,Cinere - Nafas,2026-05-20 17:42:50,124,124,50,91,,,,,0,0,,,
Bogor,Kabupaten Bogor Leuwiliang,2026-05-20 17:00:00,82,82,44,,4,10,0,72,,,,,
Tangerang,Tangerang Pasir Jaya,2026-05-20 17:00:00,106,106,50,,59,63,0,26,,,,,
Bekasi,Bekasi Kayuringin,2026-05-20 17:00:00,107,107,44,,59,13,0,2,,,,,
Jakarta,The Pakubuwono Menteng,2026-05-20 17:44:44,1,0,1,0,,,,,50,30.5,,,
Depok,Cinere - Nafas,2026-05-20 17:44:50,127,127,51,89,,,,,0,0,,,
Bogor,Kabupaten Bogor Leuwiliang,2026-05-20 17:00:00,82,82,44,,4,10,0,72,,,,,
Tangerang,Tangerang Pasir Jaya,2026-05-20 17:00:00,106,106,50,,59,63,0,26,,,,,
Bekasi,Bekasi Kayuringin,2026-05-20 17:00:00,107,107,44,,59,13,0,2,,,,,
Jakarta,The Pakubuwono Menteng,2026-05-20 17:44:44,1,0,1,0,,,,,50,30.5,,,
Depok,Cinere - Nafas,2026-05-20 17:44:50,127,127,51,89,,,,,0,0,,,
Bogor,Kabupaten Bogor Leuwiliang,2026-05-20 17:00:00,82,82,44,,4,10,0,72,,,,,
Tangerang,Tangerang Pasir Jaya,2026-05-20 17:00:00,106,106,50,,59,63,0,26,,,,,
Bekasi,Bekasi Kayuringin,2026-05-20 17:00:00,107,107,44,,59,13,0,2,,,,,
Jakarta,The Pakubuwono Menteng,2026-05-20 17:46:44,3,3,1,0,,,,,50,30.5,,,
Depok,Cinere - Nafas,2026-05-20 17:46:50,124,124,50,89,,,,,0,0,,,
Bogor,Kabupaten Bogor Leuwiliang,2026-05-20 17:00:00,82,82,44,,4,10,0,72,,,,,
Tangerang,Tangerang Pasir Jaya,2026-05-20 17:00:00,106,106,50,,59,63,0,26,,,,,
Bekasi,Bekasi Kayuringin,2026-05-20 17:00:00,107,107,44,,59,13,0,2,,,,,
Jakarta,The Pakubuwono Menteng,2026-05-20 17:46:44,3,3,1,0,,,,,50,30.5,,,
Depok,Cinere - Nafas,2026-05-20 17:46:50,124,124,50,89,,,,,0,0,,,
Bogor,Kabupaten Bogor Leuwiliang,2026-05-20 17:00:00,82,82,44,,4,10,0,72,,,,,
Tangerang,Tangerang Pasir Jaya,2026-05-20 17:00:00,106,106,50,,59,63,0,26,,,,,
Bekasi,Bekasi Kayuringin,2026-05-20 17:00:00,107,107,44,,59,13,0,2,,,,,
Jakarta,The Pakubuwono Menteng,2026-05-20 17:48:44,10,10,2,2,,,,,50,30.5,,,
Depok,Cinere - Nafas,2026-05-20 17:48:50,131,131,53,90,,,,,0,0,,,
Bogor,Kabupaten Bogor Leuwiliang,2026-05-20 17:00:00,82,82,44,,4,10,0,72,,,,,
Tangerang,Tangerang Pasir Jaya,2026-05-20 17:00:00,106,106,50,,59,63,0,26,,,,,
Bekasi,Bekasi Kayuringin,2026-05-20 17:00:00,107,107,44,,59,13,0,2,,,,,
Jakarta,The Pakubuwono Menteng,2026-05-20 17:50:46,5,5,2,1,,,,,50,30.4,,,
Depok,Cinere - Nafas,2026-05-20 17:50:50,126,126,51,90,,,,,0,0,,,
Bogor,Kabupaten Bogor Leuwiliang,2026-05-20 17:00:00,82,82,44,,4,10,0,72,,,,,
Tangerang,Tangerang Pasir Jaya,2026-05-20 17:00:00,106,106,50,,59,63,0,26,,,,,
Bekasi,Bekasi Kayuringin,2026-05-20 17:00:00,107,107,44,,59,13,0,2,,,,,
Jakarta,The Pakubuwono Menteng,2026-05-20 17:50:46,5,5,2,1,,,,,50,30.4,,,
Depok,Cinere - Nafas,2026-05-20 17:50:50,126,126,51,90,,,,,0,0,,,
Bogor,Kabupaten Bogor Leuwiliang,2026-05-20 17:00:00,82,82,44,,4,10,0,72,,,,,
Tangerang,Tangerang Pasir Jaya,2026-05-20 17:00:00,106,106,50,,59,63,0,26,,,,,
Bekasi,Bekasi Kayuringin,2026-05-20 17:00:00,107,107,44,,59,13,0,2,,,,,
Jakarta,The Pakubuwono Menteng,2026-05-20 17:51:44,12,12,3,3,,,,,50,30.4,,,
Depok,Cinere - Nafas,2026-05-20 17:51:51,126,126,51,90,,,,,0,0,,,
Bogor,Kabupaten Bogor Leuwiliang,2026-05-20 17:00:00,82,82,44,,4,10,0,72,,,,,
Tangerang,Tangerang Pasir Jaya,2026-05-20 17:00:00,106,106,50,,59,63,0,26,,,,,
Bekasi,Bekasi Kayuringin,2026-05-20 17:00:00,107,107,44,,59,13,0,2,,,,,
Jakarta,The Pakubuwono Menteng,2026-05-20 17:51:44,12,12,3,3,,,,,50,30.4,,,
Depok,Cinere - Nafas,2026-05-20 17:51:51,126,126,51,90,,,,,0,0,,,
Bogor,Kabupaten Bogor Leuwiliang,2026-05-20 17:00:00,82,82,44,,4,10,0,72,,,,,
Tangerang,Tangerang Pasir Jaya,2026-05-20 17:00:00,106,106,50,,59,63,0,26,,,,,
Bekasi,Bekasi Kayuringin,2026-05-20 17:00:00,107,107,44,,59,13,0,2,,,,,
Jakarta,The Pakubuwono Menteng,2026-05-20 17:53:44,9,9,3,4,,,,,51,30.4,,,
Depok,Cinere - Nafas,2026-05-20 17:53:50,126,126,52,89,,,,,0,0,,,
Bogor,Kabupaten Bogor Leuwiliang,2026-05-20 17:00:00,82,82,44,,4,10,0,72,,,,,
Tangerang,Tangerang Pasir Jaya,2026-05-20 17:00:00,106,106,50,,59,63,0,26,,,,,
Bekasi,Bekasi Kayuringin,2026-05-20 17:00:00,107,107,44,,59,13,0,2,,,,,
Jakarta,The Pakubuwono Menteng,2026-05-20 17:55:44,2,2,0,2,,,,,51,30.4,,,
Depok,Cinere - Nafas,2026-05-20 17:55:50,125,125,51,89,,,,,0,0,,,
Bogor,Kabupaten Bogor Leuwiliang,2026-05-20 17:00:00,82,82,44,,4,10,0,72,,,,,
Tangerang,Tangerang Pasir Jaya,2026-05-20 17:00:00,106,106,50,,59,63,0,26,,,,,
Bekasi,Bekasi Kayuringin,2026-05-20 17:00:00,107,107,44,,59,13,0,2,,,,,
Jakarta,The Pakubuwono Menteng,2026-05-20 17:57:47,3,3,1,0,,,,,51,30.4,,,
Depok,Cinere - Nafas,2026-05-20 17:57:51,127,127,51,89,,,,,0,0,,,
Bogor,Kabupaten Bogor Leuwiliang,2026-05-20 17:00:00,82,82,44,,4,10,0,72,,,,,
Tangerang,Tangerang Pasir Jaya,2026-05-20 17:00:00,106,106,50,,59,63,0,26,,,,,
Bekasi,Bekasi Kayuringin,2026-05-20 17:00:00,107,107,44,,59,13,0,2,,,,,
Jakarta,The Pakubuwono Menteng,2026-05-20 17:57:47,3,3,1,0,,,,,51,30.4,,,
Depok,Cinere - Nafas,2026-05-20 17:57:51,127,127,51,89,,,,,0,0,,,
Bogor,Kabupaten Bogor Leuwiliang,2026-05-20 17:00:00,82,82,44,,4,10,0,72,,,,,
Tangerang,Tangerang Pasir Jaya,2026-05-20 17:00:00,106,106,50,,59,63,0,26,,,,,
Bekasi,Bekasi Kayuringin,2026-05-20 17:00:00,107,107,44,,59,13,0,2,,,,,
Jakarta,The Pakubuwono Menteng,2026-05-20 17:58:45,6,6,1,2,,,,,51,30.4,,,
Depok,Cinere - Nafas,2026-05-20 17:58:50,126,126,51,90,,,,,0,0,,,
Bogor,Kabupaten Bogor Leuwiliang,2026-05-20 17:00:00,82,82,44,,4,10,0,72,,,,,
Tangerang,Tangerang Pasir Jaya,2026-05-20 17:00:00,106,106,50,,59,63,0,26,,,,,
Bekasi,Bekasi Kayuringin,2026-05-20 17:00:00,107,107,44,,59,13,0,2,,,,,
Jakarta,The Pakubuwono Menteng,2026-05-20 18:00:44,7,7,2,3,,,,,51,30.4,,,
Depok,Cinere - Nafas,2026-05-20 18:00:50,128,128,51,90,,,,,0,0,,,
Bogor,Kabupaten Bogor Leuwiliang,2026-05-20 17:00:00,82,82,44,,4,10,0,72,,,,,
Tangerang,Tangerang Pasir Jaya,2026-05-20 17:00:00,106,106,50,,59,63,0,26,,,,,
Bekasi,Bekasi Kayuringin,2026-05-20 17:00:00,107,107,44,,59,13,0,2,,,,,
Jakarta,The Pakubuwono Menteng,2026-05-20 18:00:44,7,7,2,3,,,,,51,30.4,,,
Depok,Cinere - Nafas,2026-05-20 18:00:50,128,128,51,90,,,,,0,0,,,
Bogor,Kabupaten Bogor Leuwiliang,2026-05-20 17:00:00,82,82,44,,4,10,0,72,,,,,
Tangerang,Tangerang Pasir Jaya,2026-05-20 17:00:00,106,106,50,,59,63,0,26,,,,,
Bekasi,Bekasi Kayuringin,2026-05-20 17:00:00,107,107,44,,59,13,0,2,,,,,
Jakarta,The Pakubuwono Menteng,2026-05-20 18:02:51,6,6,2,2,,,,,51,30.4,,,
Depok,Cinere - Nafas,2026-05-20 18:02:50,126,126,50,88,,,,,0,0,,,
Bogor,Kabupaten Bogor Leuwiliang,2026-05-20 17:00:00,82,82,44,,4,10,0,72,,,,,
Tangerang,Tangerang Pasir Jaya,2026-05-20 17:00:00,106,106,50,,59,63,0,26,,,,,
Bekasi,Bekasi Kayuringin,2026-05-20 17:00:00,107,107,44,,59,13,0,2,,,,,
Jakarta,The Pakubuwono Menteng,2026-05-20 18:02:51,6,6,2,2,,,,,51,30.4,,,
Depok,Cinere - Nafas,2026-05-20 18:02:50,126,126,50,88,,,,,0,0,,,
Bogor,Kabupaten Bogor Leuwiliang,2026-05-20 17:00:00,82,82,44,,4,10,0,72,,,,,
Tangerang,Tangerang Pasir Jaya,2026-05-20 17:00:00,106,106,50,,59,63,0,26,,,,,
Bekasi,Bekasi Kayuringin,2026-05-20 17:00:00,107,107,44,,59,13,0,2,,,,,
Jakarta,The Pakubuwono Menteng,2026-05-20 18:04:45,3,3,2,3,,,,,51,30.4,,,
Depok,Cinere - Nafas,2026-05-20 18:04:50,126,126,50,90,,,,,0,0,,,
Bogor,Kabupaten Bogor Leuwiliang,2026-05-20 17:00:00,82,82,44,,4,10,0,72,,,,,
Tangerang,Tangerang Pasir Jaya,2026-05-20 17:00:00,106,106,50,,59,63,0,26,,,,,
Bekasi,Bekasi Kayuringin,2026-05-20 17:00:00,107,107,44,,59,13,0,2,,,,,
Jakarta,The Pakubuwono Menteng,2026-05-20 18:06:45,6,6,1,2,,,,,51,30.4,,,
Depok,Cinere - Nafas,2026-05-20 18:06:50,129,129,52,93,,,,,0,0,,,
Bogor,Kabupaten Bogor Leuwiliang,2026-05-20 17:00:00,82,82,44,,4,10,0,72,,,,,
Tangerang,Tangerang Pasir Jaya,2026-05-20 17:00:00,106,106,50,,59,63,0,26,,,,,
Bekasi,Bekasi Kayuringin,2026-05-20 17:00:00,107,107,44,,59,13,0,2,,,,,
Jakarta,The Pakubuwono Menteng,2026-05-20 18:08:45,5,5,2,1,,,,,51,30.4,,,
Depok,Cinere - Nafas,2026-05-20 18:08:50,136,136,54,95,,,,,0,0,,,
Bogor,Kabupaten Bogor Leuwiliang,2026-05-20 18:00:00,81,81,43,,4,10,0,72,,,,,
Tangerang,Tangerang Pasir Jaya,2026-05-20 18:00:00,107,107,50,,59,63,0,26,,,,,
Bekasi,Bekasi Kayuringin,2026-05-20 18:00:00,107,107,44,,59,13,0,2,,,,,
Jakarta,The Pakubuwono Menteng,2026-05-20 18:08:45,5,5,2,1,,,,,51,30.4,,,
Depok,Cinere - Nafas,2026-05-20 18:08:50,136,136,54,95,,,,,0,0,,,
Bogor,Kabupaten Bogor Leuwiliang,2026-05-20 18:00:00,81,81,43,,4,10,0,72,,,,,
Tangerang,Tangerang Pasir Jaya,2026-05-20 18:00:00,107,107,50,,59,63,0,26,,,,,
Bekasi,Bekasi Kayuringin,2026-05-20 18:00:00,107,107,44,,59,13,0,2,,,,,
Jakarta,The Pakubuwono Menteng,2026-05-20 18:10:45,21,21,5,2,,,,,51,30.4,,,
Depok,Cinere - Nafas,2026-05-20 18:09:50,137,137,54,95,,,,,0,0,,,
Bogor,Kabupaten Bogor Leuwiliang,2026-05-20 18:00:00,81,81,43,,4,10,0,72,,,,,
Tangerang,Tangerang Pasir Jaya,2026-05-20 18:00:00,107,107,50,,59,63,0,26,,,,,
Bekasi,Bekasi Kayuringin,2026-05-20 18:00:00,107,107,44,,59,13,0,2,,,,,
Jakarta,The Pakubuwono Menteng,2026-05-20 18:12:45,10,10,2,3,,,,,50,30.3,,,
Depok,Cinere - Nafas,2026-05-20 18:09:50,137,137,54,95,,,,,0,0,,,
Bogor,Kabupaten Bogor Leuwiliang,2026-05-20 18:00:00,81,81,43,,4,10,0,72,,,,,
Tangerang,Tangerang Pasir Jaya,2026-05-20 18:00:00,107,107,50,,59,63,0,26,,,,,
Bekasi,Bekasi Kayuringin,2026-05-20 18:00:00,107,107,44,,59,13,0,2,,,,,
Jakarta,The Pakubuwono Menteng,2026-05-20 18:12:45,10,10,2,3,,,,,50,30.3,,,
Depok,Cinere - Nafas,2026-05-20 18:09:50,137,137,54,95,,,,,0,0,,,
Bogor,Kabupaten Bogor Leuwiliang,2026-05-20 18:00:00,81,81,43,,4,10,0,72,,,,,
Tangerang,Tangerang Pasir Jaya,2026-05-20 18:00:00,107,107,50,,59,63,0,26,,,,,
Bekasi,Bekasi Kayuringin,2026-05-20 18:00:00,107,107,44,,59,13,0,2,,,,,
Jakarta,The Pakubuwono Menteng,2026-05-20 18:13:45,6,6,1,2,,,,,50,30.3,,,
Depok,Cinere - Nafas,2026-05-20 18:13:38,140,140,55,98,,,,,54,30,,,
Bogor,Kabupaten Bogor Leuwiliang,2026-05-20 18:00:00,81,81,43,,4,10,0,72,,,,,
Tangerang,Tangerang Pasir Jaya,2026-05-20 18:00:00,107,107,50,,59,63,0,26,,,,,
Bekasi,Bekasi Kayuringin,2026-05-20 18:00:00,107,107,44,,59,13,0,2,,,,,
Jakarta,The Pakubuwono Menteng,2026-05-20 18:13:45,6,6,1,2,,,,,50,30.3,,,
Depok,Cinere - Nafas,2026-05-20 18:13:38,140,140,55,98,,,,,54,30,,,
Bogor,Kabupaten Bogor Leuwiliang,2026-05-20 18:00:00,81,81,43,,4,10,0,72,,,,,
Tangerang,Tangerang Pasir Jaya,2026-05-20 18:00:00,107,107,50,,59,63,0,26,,,,,
Bekasi,Bekasi Kayuringin,2026-05-20 18:00:00,107,107,44,,59,13,0,2,,,,,
Jakarta,The Pakubuwono Menteng,2026-05-20 18:15:45,6,6,2,2,,,,,50,30.3,,,
Depok,Cinere - Nafas,2026-05-20 18:15:37,136,136,54,95,,,,,54,30,,,
Bogor,Kabupaten Bogor Leuwiliang,2026-05-20 18:00:00,81,81,43,,4,10,0,72,,,,,
Tangerang,Tangerang Pasir Jaya,2026-05-20 18:00:00,107,107,50,,59,63,0,26,,,,,
Bekasi,Bekasi Kayuringin,2026-05-20 18:00:00,107,107,44,,59,13,0,2,,,,,
Jakarta,The Pakubuwono Menteng,2026-05-20 18:15:45,6,6,2,2,,,,,50,30.3,,,
Depok,Cinere - Nafas,2026-05-20 18:15:37,136,136,54,95,,,,,54,30,,,
Bogor,Kabupaten Bogor Leuwiliang,2026-05-20 18:00:00,81,81,43,,4,10,0,72,,,,,
Tangerang,Tangerang Pasir Jaya,2026-05-20 18:00:00,107,107,50,,59,63,0,26,,,,,
Bekasi,Bekasi Kayuringin,2026-05-20 18:00:00,107,107,44,,59,13,0,2,,,,,
Jakarta,The Pakubuwono Menteng,2026-05-20 18:17:45,7,7,2,3,,,,,51,30.3,,,
Depok,Cinere - Nafas,2026-05-20 18:17:37,135,135,53,95,,,,,53,30,,,
Bogor,Kabupaten Bogor Leuwiliang,2026-05-20 18:00:00,81,81,43,,4,10,0,72,,,,,
Tangerang,Tangerang Pasir Jaya,2026-05-20 18:00:00,107,107,50,,59,63,0,26,,,,,
Bekasi,Bekasi Kayuringin,2026-05-20 18:00:00,107,107,44,,59,13,0,2,,,,,
Jakarta,The Pakubuwono Menteng,2026-05-20 18:17:45,7,7,2,3,,,,,51,30.3,,,
Depok,Cinere - Nafas,2026-05-20 18:19:37,130,130,51,90,,,,,53,30,,,
Bogor,Kabupaten Bogor Leuwiliang,2026-05-20 18:00:00,81,81,43,,4,10,0,72,,,,,
Tangerang,Tangerang Pasir Jaya,2026-05-20 18:00:00,107,107,50,,59,63,0,26,,,,,
Bekasi,Bekasi Kayuringin,2026-05-20 18:00:00,107,107,44,,59,13,0,2,,,,,
Jakarta,The Pakubuwono Menteng,2026-05-20 18:21:45,8,8,2,3,,,,,52,30.2,,,
Depok,Cinere - Nafas,2026-05-20 18:21:37,115,115,47,84,,,,,53,30,,,
Bogor,Kabupaten Bogor Leuwiliang,2026-05-20 18:00:00,81,81,43,,4,10,0,72,,,,,
Tangerang,Tangerang Pasir Jaya,2026-05-20 18:00:00,107,107,50,,59,63,0,26,,,,,
Bekasi,Bekasi Kayuringin,2026-05-20 18:00:00,107,107,44,,59,13,0,2,,,,,
Jakarta,The Pakubuwono Menteng,2026-05-20 18:21:45,8,8,2,3,,,,,52,30.2,,,
Depok,Cinere - Nafas,2026-05-20 18:21:37,115,115,47,84,,,,,53,30,,,
Bogor,Kabupaten Bogor Leuwiliang,2026-05-20 18:00:00,81,81,43,,4,10,0,72,,,,,
Tangerang,Tangerang Pasir Jaya,2026-05-20 18:00:00,107,107,50,,59,63,0,26,,,,,
Bekasi,Bekasi Kayuringin,2026-05-20 18:00:00,107,107,44,,59,13,0,2,,,,,
Jakarta,The Pakubuwono Menteng,2026-05-20 18:23:45,12,12,3,3,,,,,52,30.2,,,
Depok,Cinere - Nafas,2026-05-20 18:23:37,114,114,45,84,,,,,53,30,,,
Bogor,Kabupaten Bogor Leuwiliang,2026-05-20 18:00:00,81,81,43,,4,10,0,72,,,,,
Tangerang,Tangerang Pasir Jaya,2026-05-20 18:00:00,107,107,50,,59,63,0,26,,,,,
Bekasi,Bekasi Kayuringin,2026-05-20 18:00:00,107,107,44,,59,13,0,2,,,,,
Jakarta,The Pakubuwono Menteng,2026-05-20 18:23:45,12,12,3,3,,,,,52,30.2,,,
Depok,Cinere - Nafas,2026-05-20 18:23:37,114,114,45,84,,,,,53,30,,,
Bogor,Kabupaten Bogor Leuwiliang,2026-05-20 18:00:00,81,81,43,,4,10,0,72,,,,,
Tangerang,Tangerang Pasir Jaya,2026-05-20 18:00:00,107,107,50,,59,63,0,26,,,,,
Bekasi,Bekasi Kayuringin,2026-05-20 18:00:00,107,107,44,,59,13,0,2,,,,,
Jakarta,The Pakubuwono Menteng,2026-05-20 18:25:45,4,4,1,4,,,,,53,30.1,,,
Depok,Cinere - Nafas,2026-05-20 18:25:37,113,113,45,83,,,,,53,29.9,,,
Bogor,Kabupaten Bogor Leuwiliang,2026-05-20 18:00:00,81,81,43,,4,10,0,72,,,,,
Tangerang,Tangerang Pasir Jaya,2026-05-20 18:00:00,107,107,50,,59,63,0,26,,,,,
Bekasi,Bekasi Kayuringin,2026-05-20 18:00:00,107,107,44,,59,13,0,2,,,,,
Jakarta,The Pakubuwono Menteng,2026-05-20 18:27:45,10,10,2,5,,,,,53,30,,,
Depok,Cinere - Nafas,2026-05-20 18:27:37,112,112,46,82,,,,,53,29.9,,,
Bogor,Kabupaten Bogor Leuwiliang,2026-05-20 18:00:00,81,81,43,,4,10,0,72,,,,,
Tangerang,Tangerang Pasir Jaya,2026-05-20 18:00:00,107,107,50,,59,63,0,26,,,,,
Bekasi,Bekasi Kayuringin,2026-05-20 18:00:00,107,107,44,,59,13,0,2,,,,,
Jakarta,The Pakubuwono Menteng,2026-05-20 18:27:45,10,10,2,5,,,,,53,30,,,
Depok,Cinere - Nafas,2026-05-20 18:27:37,112,112,46,82,,,,,53,29.9,,,
Bogor,Kabupaten Bogor Leuwiliang,2026-05-20 18:00:00,81,81,43,,4,10,0,72,,,,,
Tangerang,Tangerang Pasir Jaya,2026-05-20 18:00:00,107,107,50,,59,63,0,26,,,,,
Bekasi,Bekasi Kayuringin,2026-05-20 18:00:00,107,107,44,,59,13,0,2,,,,,
Jakarta,The Pakubuwono Menteng,2026-05-20 18:28:45,5,5,1,1,,,,,53,30,,,
Depok,Cinere - Nafas,2026-05-20 18:28:37,110,110,44,83,,,,,53,29.9,,,
Bogor,Kabupaten Bogor Leuwiliang,2026-05-20 18:00:00,81,81,43,,4,10,0,72,,,,,
Tangerang,Tangerang Pasir Jaya,2026-05-20 18:00:00,107,107,50,,59,63,0,26,,,,,
Bekasi,Bekasi Kayuringin,2026-05-20 18:00:00,107,107,44,,59,13,0,2,,,,,
Jakarta,The Pakubuwono Menteng,2026-05-20 18:30:45,11,11,2,3,,,,,53,30,,,
Depok,Cinere - Nafas,2026-05-20 18:30:37,111,111,45,83,,,,,53,29.8,,,
Bogor,Kabupaten Bogor Leuwiliang,2026-05-20 18:00:00,81,81,43,,4,10,0,72,,,,,
Tangerang,Tangerang Pasir Jaya,2026-05-20 18:00:00,107,107,50,,59,63,0,26,,,,,
Bekasi,Bekasi Kayuringin,2026-05-20 18:00:00,107,107,44,,59,13,0,2,,,,,
Jakarta,The Pakubuwono Menteng,2026-05-20 18:32:45,1,1,0,0,,,,,54,30,,,
Depok,Cinere - Nafas,2026-05-20 18:32:38,108,108,44,82,,,,,53,29.8,,,
Bogor,Kabupaten Bogor Leuwiliang,2026-05-20 18:00:00,81,81,43,,4,10,0,72,,,,,
Tangerang,Tangerang Pasir Jaya,2026-05-20 18:00:00,107,107,50,,59,63,0,26,,,,,
Bekasi,Bekasi Kayuringin,2026-05-20 18:00:00,107,107,44,,59,13,0,2,,,,,
Jakarta,The Pakubuwono Menteng,2026-05-20 18:32:45,1,1,0,0,,,,,54,30,,,
Depok,Cinere - Nafas,2026-05-20 18:32:38,108,108,44,82,,,,,53,29.8,,,
Bogor,Kabupaten Bogor Leuwiliang,2026-05-20 18:00:00,81,81,43,,4,10,0,72,,,,,
Tangerang,Tangerang Pasir Jaya,2026-05-20 18:00:00,107,107,50,,59,63,0,26,,,,,
Bekasi,Bekasi Kayuringin,2026-05-20 18:00:00,107,107,44,,59,13,0,2,,,,,
Jakarta,The Pakubuwono Menteng,2026-05-20 18:34:45,11,11,2,0,,,,,53,30,,,
Depok,Cinere - Nafas,2026-05-20 18:34:38,108,108,43,79,,,,,53,29.8,,,
Bogor,Kabupaten Bogor Leuwiliang,2026-05-20 18:00:00,81,81,43,,4,10,0,72,,,,,
Tangerang,Tangerang Pasir Jaya,2026-05-20 18:00:00,107,107,50,,59,63,0,26,,,,,
Bekasi,Bekasi Kayuringin,2026-05-20 18:00:00,107,107,44,,59,13,0,2,,,,,
Jakarta,The Pakubuwono Menteng,2026-05-20 18:34:45,11,11,2,0,,,,,53,30,,,
Depok,Cinere - Nafas,2026-05-20 18:34:38,108,108,43,79,,,,,53,29.8,,,
Bogor,Kabupaten Bogor Leuwiliang,2026-05-20 18:00:00,81,81,43,,4,10,0,72,,,,,
Tangerang,Tangerang Pasir Jaya,2026-05-20 18:00:00,107,107,50,,59,63,0,26,,,,,
Bekasi,Bekasi Kayuringin,2026-05-20 18:00:00,107,107,44,,59,13,0,2,,,,,
Jakarta,The Pakubuwono Menteng,2026-05-20 18:36:46,6,6,3,0,,,,,53,29.9,,,
Depok,Cinere - Nafas,2026-05-20 18:36:38,103,103,42,79,,,,,53,29.8,,,
Bogor,Kabupaten Bogor Leuwiliang,2026-05-20 18:00:00,81,81,43,,4,10,0,72,,,,,
Tangerang,Tangerang Pasir Jaya,2026-05-20 18:00:00,107,107,50,,59,63,0,26,,,,,
Bekasi,Bekasi Kayuringin,2026-05-20 18:00:00,107,107,44,,59,13,0,2,,,,,
Jakarta,The Pakubuwono Menteng,2026-05-20 18:36:46,6,6,3,0,,,,,53,29.9,,,
Depok,Cinere - Nafas,2026-05-20 18:36:38,103,103,42,79,,,,,53,29.8,,,
Bogor,Kabupaten Bogor Leuwiliang,2026-05-20 18:00:00,81,81,43,,4,10,0,72,,,,,
Tangerang,Tangerang Pasir Jaya,2026-05-20 18:00:00,107,107,50,,59,63,0,26,,,,,
Bekasi,Bekasi Kayuringin,2026-05-20 18:00:00,107,107,44,,59,13,0,2,,,,,
Jakarta,The Pakubuwono Menteng,2026-05-20 18:38:45,0,0,0,0,,,,,53,29.8,,,
Depok,Cinere - Nafas,2026-05-20 18:38:38,101,101,41,76,,,,,53,29.7,,,
Bogor,Kabupaten Bogor Leuwiliang,2026-05-20 18:00:00,81,81,43,,4,10,0,72,,,,,
Tangerang,Tangerang Pasir Jaya,2026-05-20 18:00:00,107,107,50,,59,63,0,26,,,,,
Bekasi,Bekasi Kayuringin,2026-05-20 18:00:00,107,107,44,,59,13,0,2,,,,,
Jakarta,The Pakubuwono Menteng,2026-05-20 18:38:45,0,0,0,0,,,,,53,29.8,,,
Depok,Cinere - Nafas,2026-05-20 18:38:38,101,101,41,76,,,,,53,29.7,,,
Bogor,Kabupaten Bogor Leuwiliang,2026-05-20 18:00:00,81,81,43,,4,10,0,72,,,,,
Tangerang,Tangerang Pasir Jaya,2026-05-20 18:00:00,107,107,50,,59,63,0,26,,,,,
Bekasi,Bekasi Kayuringin,2026-05-20 18:00:00,107,107,44,,59,13,0,2,,,,,
Jakarta,The Pakubuwono Menteng,2026-05-20 18:40:45,1,1,1,0,,,,,53,29.8,,,
Depok,Cinere - Nafas,2026-05-20 18:40:38,100,100,40,76,,,,,53,29.7,,,
Bogor,Kabupaten Bogor Leuwiliang,2026-05-20 18:00:00,81,81,43,,4,10,0,72,,,,,
Tangerang,Tangerang Pasir Jaya,2026-05-20 18:00:00,107,107,50,,59,63,0,26,,,,,
Bekasi,Bekasi Kayuringin,2026-05-20 18:00:00,107,107,44,,59,13,0,2,,,,,
Jakarta,The Pakubuwono Menteng,2026-05-20 18:42:45,13,13,3,0,,,,,54,29.8,,,
Depok,Cinere - Nafas,2026-05-20 18:42:38,100,100,38,79,,,,,53,29.7,,,
Bogor,Kabupaten Bogor Leuwiliang,2026-05-20 18:00:00,81,81,43,,4,10,0,72,,,,,
Tangerang,Tangerang Pasir Jaya,2026-05-20 18:00:00,107,107,50,,59,63,0,26,,,,,
Bekasi,Bekasi Kayuringin,2026-05-20 18:00:00,107,107,44,,59,13,0,2,,,,,
Jakarta,The Pakubuwono Menteng,2026-05-20 18:44:45,10,10,3,0,,,,,54,29.8,,,
Depok,Cinere - Nafas,2026-05-20 18:44:38,100,100,40,77,,,,,53,29.8,,,
Bogor,Kabupaten Bogor Leuwiliang,2026-05-20 18:00:00,81,81,43,,4,10,0,72,,,,,
Tangerang,Tangerang Pasir Jaya,2026-05-20 18:00:00,107,107,50,,59,63,0,26,,,,,
Bekasi,Bekasi Kayuringin,2026-05-20 18:00:00,107,107,44,,59,13,0,2,,,,,
Jakarta,The Pakubuwono Menteng,2026-05-20 18:44:45,10,10,3,0,,,,,54,29.8,,,
Depok,Cinere - Nafas,2026-05-20 18:44:38,100,100,40,77,,,,,53,29.8,,,
Bogor,Kabupaten Bogor Leuwiliang,2026-05-20 18:00:00,81,81,43,,4,10,0,72,,,,,
Tangerang,Tangerang Pasir Jaya,2026-05-20 18:00:00,107,107,50,,59,63,0,26,,,,,
Bekasi,Bekasi Kayuringin,2026-05-20 18:00:00,107,107,44,,59,13,0,2,,,,,
Jakarta,The Pakubuwono Menteng,2026-05-20 18:45:45,10,10,2,5,,,,,54,29.7,,,
Depok,Cinere - Nafas,2026-05-20 18:46:38,98,98,38,73,,,,,53,29.7,,,
Bogor,Kabupaten Bogor Leuwiliang,2026-05-20 18:00:00,81,81,43,,4,10,0,72,,,,,
Tangerang,Tangerang Pasir Jaya,2026-05-20 18:00:00,107,107,50,,59,63,0,26,,,,,
Bekasi,Bekasi Kayuringin,2026-05-20 18:00:00,107,107,44,,59,13,0,2,,,,,
Jakarta,The Pakubuwono Menteng,2026-05-20 18:48:45,10,10,2,2,,,,,54,29.7,,,
Depok,Cinere - Nafas,2026-05-20 18:48:38,96,96,38,76,,,,,53,29.7,,,
Bogor,Kabupaten Bogor Leuwiliang,2026-05-20 18:00:00,81,81,43,,4,10,0,72,,,,,
Tangerang,Tangerang Pasir Jaya,2026-05-20 18:00:00,107,107,50,,59,63,0,26,,,,,
Bekasi,Bekasi Kayuringin,2026-05-20 18:00:00,107,107,44,,59,13,0,2,,,,,
Jakarta,The Pakubuwono Menteng,2026-05-20 18:48:45,10,10,2,2,,,,,54,29.7,,,
Depok,Cinere - Nafas,2026-05-20 18:48:38,96,96,38,76,,,,,53,29.7,,,
Bogor,Kabupaten Bogor Leuwiliang,2026-05-20 18:00:00,81,81,43,,4,10,0,72,,,,,
Tangerang,Tangerang Pasir Jaya,2026-05-20 18:00:00,107,107,50,,59,63,0,26,,,,,
Bekasi,Bekasi Kayuringin,2026-05-20 18:00:00,107,107,44,,59,13,0,2,,,,,
Jakarta,The Pakubuwono Menteng,2026-05-20 18:50:46,11,11,2,3,,,,,54,29.7,,,
Depok,Cinere - Nafas,2026-05-20 18:50:38,107,107,42,78,,,,,53,29.7,,,
Bogor,Kabupaten Bogor Leuwiliang,2026-05-20 18:00:00,81,81,43,,4,10,0,72,,,,,
Tangerang,Tangerang Pasir Jaya,2026-05-20 18:00:00,107,107,50,,59,63,0,26,,,,,
Bekasi,Bekasi Kayuringin,2026-05-20 18:00:00,107,107,44,,59,13,0,2,,,,,
Jakarta,The Pakubuwono Menteng,2026-05-20 18:50:46,11,11,2,3,,,,,54,29.7,,,
Depok,Cinere - Nafas,2026-05-20 18:50:38,107,107,42,78,,,,,53,29.7,,,
Bogor,Kabupaten Bogor Leuwiliang,2026-05-20 18:00:00,81,81,43,,4,10,0,72,,,,,
Tangerang,Tangerang Pasir Jaya,2026-05-20 18:00:00,107,107,50,,59,63,0,26,,,,,
Bekasi,Bekasi Kayuringin,2026-05-20 18:00:00,107,107,44,,59,13,0,2,,,,,
Jakarta,The Pakubuwono Menteng,2026-05-20 18:52:46,2,2,0,0,,,,,54,29.7,,,
Depok,Cinere - Nafas,2026-05-20 18:52:38,113,113,46,83,,,,,53,29.7,,,
Bogor,Kabupaten Bogor Leuwiliang,2026-05-20 18:00:00,81,81,43,,4,10,0,72,,,,,
Tangerang,Tangerang Pasir Jaya,2026-05-20 18:00:00,107,107,50,,59,63,0,26,,,,,
Bekasi,Bekasi Kayuringin,2026-05-20 18:00:00,107,107,44,,59,13,0,2,,,,,
Jakarta,The Pakubuwono Menteng,2026-05-20 18:52:46,2,2,0,0,,,,,54,29.7,,,
Depok,Cinere - Nafas,2026-05-20 18:52:38,113,113,46,83,,,,,53,29.7,,,
Bogor,Kabupaten Bogor Leuwiliang,2026-05-20 18:00:00,81,81,43,,4,10,0,72,,,,,
Tangerang,Tangerang Pasir Jaya,2026-05-20 18:00:00,107,107,50,,59,63,0,26,,,,,
Bekasi,Bekasi Kayuringin,2026-05-20 18:00:00,107,107,44,,59,13,0,2,,,,,
Jakarta,The Pakubuwono Menteng,2026-05-20 18:54:46,10,10,2,0,,,,,55,29.6,,,
Depok,Cinere - Nafas,2026-05-20 18:54:38,130,130,52,90,,,,,53,29.6,,,
Bogor,Kabupaten Bogor Leuwiliang,2026-05-20 18:00:00,81,81,43,,4,10,0,72,,,,,
Tangerang,Tangerang Pasir Jaya,2026-05-20 18:00:00,107,107,50,,59,63,0,26,,,,,
Bekasi,Bekasi Kayuringin,2026-05-20 18:00:00,107,107,44,,59,13,0,2,,,,,
Jakarta,The Pakubuwono Menteng,2026-05-20 18:56:46,5,5,2,0,,,,,55,29.6,,,
Depok,Cinere - Nafas,2026-05-20 18:56:38,148,148,57,97,,,,,54,29.6,,,
Bogor,Kabupaten Bogor Leuwiliang,2026-05-20 18:00:00,81,81,43,,4,10,0,72,,,,,
Tangerang,Tangerang Pasir Jaya,2026-05-20 18:00:00,107,107,50,,59,63,0,26,,,,,
Bekasi,Bekasi Kayuringin,2026-05-20 18:00:00,107,107,44,,59,13,0,2,,,,,
Jakarta,The Pakubuwono Menteng,2026-05-20 18:56:46,5,5,2,0,,,,,55,29.6,,,
Depok,Cinere - Nafas,2026-05-20 18:56:38,148,148,57,97,,,,,54,29.6,,,
Bogor,Kabupaten Bogor Leuwiliang,2026-05-20 18:00:00,81,81,43,,4,10,0,72,,,,,
Tangerang,Tangerang Pasir Jaya,2026-05-20 18:00:00,107,107,50,,59,63,0,26,,,,,
Bekasi,Bekasi Kayuringin,2026-05-20 18:00:00,107,107,44,,59,13,0,2,,,,,
Jakarta,The Pakubuwono Menteng,2026-05-20 18:57:46,14,14,4,0,,,,,55,29.6,,,
Depok,Cinere - Nafas,2026-05-20 18:57:38,140,140,56,96,,,,,54,29.6,,,
Bogor,Kabupaten Bogor Leuwiliang,2026-05-20 18:00:00,81,81,43,,4,10,0,72,,,,,
Tangerang,Tangerang Pasir Jaya,2026-05-20 18:00:00,107,107,50,,59,63,0,26,,,,,
Bekasi,Bekasi Kayuringin,2026-05-20 18:00:00,107,107,44,,59,13,0,2,,,,,
Jakarta,The Pakubuwono Menteng,2026-05-20 18:59:46,10,10,2,0,,,,,55,29.6,,,
Depok,Cinere - Nafas,2026-05-20 18:59:38,150,150,58,106,,,,,54,29.5,,,
Bogor,Kabupaten Bogor Leuwiliang,2026-05-20 18:00:00,81,81,43,,4,10,0,72,,,,,
Tangerang,Tangerang Pasir Jaya,2026-05-20 18:00:00,107,107,50,,59,63,0,26,,,,,
Bekasi,Bekasi Kayuringin,2026-05-20 18:00:00,107,107,44,,59,13,0,2,,,,,
Jakarta,The Pakubuwono Menteng,2026-05-20 18:59:46,10,10,2,0,,,,,55,29.6,,,
Depok,Cinere - Nafas,2026-05-20 18:59:38,150,150,58,106,,,,,54,29.5,,,
Bogor,Kabupaten Bogor Leuwiliang,2026-05-20 18:00:00,81,81,43,,4,10,0,72,,,,,
Tangerang,Tangerang Pasir Jaya,2026-05-20 18:00:00,107,107,50,,59,63,0,26,,,,,
Bekasi,Bekasi Kayuringin,2026-05-20 18:00:00,107,107,44,,59,13,0,2,,,,,
Jakarta,The Pakubuwono Menteng,2026-05-20 19:01:46,6,6,1,0,,,,,56,29.6,,,
Depok,Cinere - Nafas,2026-05-20 19:01:38,150,150,57,105,,,,,54,29.5,,,
Bogor,Kabupaten Bogor Leuwiliang,2026-05-20 18:00:00,81,81,43,,4,10,0,72,,,,,
Tangerang,Tangerang Pasir Jaya,2026-05-20 18:00:00,107,107,50,,59,63,0,26,,,,,
Bekasi,Bekasi Kayuringin,2026-05-20 18:00:00,107,107,44,,59,13,0,2,,,,,
Jakarta,The Pakubuwono Menteng,2026-05-20 19:01:46,6,6,1,0,,,,,56,29.6,,,
Depok,Cinere - Nafas,2026-05-20 19:01:38,150,150,57,105,,,,,54,29.5,,,
Bogor,Kabupaten Bogor Leuwiliang,2026-05-20 18:00:00,81,81,43,,4,10,0,72,,,,,
Tangerang,Tangerang Pasir Jaya,2026-05-20 18:00:00,107,107,50,,59,63,0,26,,,,,
Bekasi,Bekasi Kayuringin,2026-05-20 18:00:00,107,107,44,,59,13,0,2,,,,,
Jakarta,The Pakubuwono Menteng,2026-05-20 19:03:49,6,6,1,0,,,,,56,29.5,,,
Depok,Cinere - Nafas,2026-05-20 19:03:38,156,156,61,125,,,,,54,29.5,,,
Bogor,Kabupaten Bogor Leuwiliang,2026-05-20 18:00:00,81,81,43,,4,10,0,72,,,,,
Tangerang,Tangerang Pasir Jaya,2026-05-20 18:00:00,107,107,50,,59,63,0,26,,,,,
Bekasi,Bekasi Kayuringin,2026-05-20 18:00:00,107,107,44,,59,13,0,2,,,,,
Jakarta,The Pakubuwono Menteng,2026-05-20 19:03:49,6,6,1,0,,,,,56,29.5,,,
Depok,Cinere - Nafas,2026-05-20 19:03:38,156,156,61,125,,,,,54,29.5,,,
Bogor,Kabupaten Bogor Leuwiliang,2026-05-20 18:00:00,81,81,43,,4,10,0,72,,,,,
Tangerang,Tangerang Pasir Jaya,2026-05-20 18:00:00,107,107,50,,59,63,0,26,,,,,
Bekasi,Bekasi Kayuringin,2026-05-20 18:00:00,107,107,44,,59,13,0,2,,,,,
Jakarta,The Pakubuwono Menteng,2026-05-20 19:05:46,1,1,0,0,,,,,56,29.5,,,
Depok,Cinere - Nafas,2026-05-20 19:05:38,142,142,56,97,,,,,54,29.4,,,
Bogor,Kabupaten Bogor Leuwiliang,2026-05-20 18:00:00,81,81,43,,4,10,0,72,,,,,
Tangerang,Tangerang Pasir Jaya,2026-05-20 18:00:00,107,107,50,,59,63,0,26,,,,,
Bekasi,Bekasi Kayuringin,2026-05-20 18:00:00,107,107,44,,59,13,0,2,,,,,
Jakarta,The Pakubuwono Menteng,2026-05-20 19:07:46,5,5,1,0,,,,,56,29.5,,,
Depok,Cinere - Nafas,2026-05-20 19:07:38,131,131,53,94,,,,,54,29.4,,,
Bogor,Kabupaten Bogor Leuwiliang,2026-05-20 19:00:00,80,80,43,,4,10,0,72,,,,,
Tangerang,Tangerang Pasir Jaya,2026-05-20 19:00:00,105,105,49,,59,63,0,26,,,,,
Bekasi,Bekasi Kayuringin,2026-05-20 19:00:00,107,107,44,,59,13,0,2,,,,,
Jakarta,The Pakubuwono Menteng,2026-05-20 19:09:46,3,3,1,0,,,,,56,29.5,,,
Depok,Cinere - Nafas,2026-05-20 19:09:38,125,125,51,90,,,,,54,29.4,,,
Bogor,Kabupaten Bogor Leuwiliang,2026-05-20 19:00:00,80,80,43,,4,10,0,72,,,,,
Tangerang,Tangerang Pasir Jaya,2026-05-20 19:00:00,105,105,49,,59,63,0,26,,,,,
Bekasi,Bekasi Kayuringin,2026-05-20 19:00:00,107,107,44,,59,13,0,2,,,,,
Jakarta,The Pakubuwono Menteng,2026-05-20 19:09:46,3,3,1,0,,,,,56,29.5,,,
Depok,Cinere - Nafas,2026-05-20 19:09:38,125,125,51,90,,,,,54,29.4,,,
Bogor,Kabupaten Bogor Leuwiliang,2026-05-20 19:00:00,80,80,43,,4,10,0,72,,,,,
Tangerang,Tangerang Pasir Jaya,2026-05-20 19:00:00,105,105,49,,59,63,0,26,,,,,
Bekasi,Bekasi Kayuringin,2026-05-20 19:00:00,107,107,44,,59,13,0,2,,,,,
Jakarta,The Pakubuwono Menteng,2026-05-20 19:11:46,8,8,2,0,,,,,56,29.5,,,
Depok,Cinere - Nafas,2026-05-20 19:11:38,123,123,51,90,,,,,54,29.4,,,
Bogor,Kabupaten Bogor Leuwiliang,2026-05-20 19:00:00,80,80,43,,4,10,0,72,,,,,
Tangerang,Tangerang Pasir Jaya,2026-05-20 19:00:00,105,105,49,,59,63,0,26,,,,,
Bekasi,Bekasi Kayuringin,2026-05-20 19:00:00,107,107,44,,59,13,0,2,,,,,
Jakarta,The Pakubuwono Menteng,2026-05-20 19:11:46,8,8,2,0,,,,,56,29.5,,,
Depok,Cinere - Nafas,2026-05-20 19:11:38,123,123,51,90,,,,,54,29.4,,,
Bogor,Kabupaten Bogor Leuwiliang,2026-05-20 19:00:00,80,80,43,,4,10,0,72,,,,,
Tangerang,Tangerang Pasir Jaya,2026-05-20 19:00:00,105,105,49,,59,63,0,26,,,,,
Bekasi,Bekasi Kayuringin,2026-05-20 19:00:00,107,107,44,,59,13,0,2,,,,,
Jakarta,The Pakubuwono Menteng,2026-05-20 19:13:46,2,2,0,0,,,,,56,29.4,,,
Depok,Cinere - Nafas,2026-05-20 19:13:42,121,121,50,88,,,,,54,29.4,,,
Bogor,Kabupaten Bogor Leuwiliang,2026-05-20 19:00:00,80,80,43,,4,10,0,72,,,,,
Tangerang,Tangerang Pasir Jaya,2026-05-20 19:00:00,105,105,49,,59,63,0,26,,,,,
Bekasi,Bekasi Kayuringin,2026-05-20 19:00:00,107,107,44,,59,13,0,2,,,,,
Jakarta,The Pakubuwono Menteng,2026-05-20 19:13:46,2,2,0,0,,,,,56,29.4,,,
Depok,Cinere - Nafas,2026-05-20 19:13:42,121,121,50,88,,,,,54,29.4,,,
Bogor,Kabupaten Bogor Leuwiliang,2026-05-20 19:00:00,80,80,43,,4,10,0,72,,,,,
Tangerang,Tangerang Pasir Jaya,2026-05-20 19:00:00,105,105,49,,59,63,0,26,,,,,
Bekasi,Bekasi Kayuringin,2026-05-20 19:00:00,107,107,44,,59,13,0,2,,,,,
Jakarta,The Pakubuwono Menteng,2026-05-20 19:15:46,1,0,1,0,,,,,57,29.4,,,
Depok,Cinere - Nafas,2026-05-20 19:15:40,118,118,48,87,,,,,54,29.3,,,
Bogor,Kabupaten Bogor Leuwiliang,2026-05-20 19:00:00,80,80,43,,4,10,0,72,,,,,
Tangerang,Tangerang Pasir Jaya,2026-05-20 19:00:00,105,105,49,,59,63,0,26,,,,,
Bekasi,Bekasi Kayuringin,2026-05-20 19:00:00,107,107,44,,59,13,0,2,,,,,
Jakarta,The Pakubuwono Menteng,2026-05-20 19:17:47,2,2,0,0,,,,,57,29.4,,,
Depok,Cinere - Nafas,2026-05-20 19:17:40,116,116,48,83,,,,,54,29.3,,,
Bogor,Kabupaten Bogor Leuwiliang,2026-05-20 19:00:00,80,80,43,,4,10,0,72,,,,,
Tangerang,Tangerang Pasir Jaya,2026-05-20 19:00:00,105,105,49,,59,63,0,26,,,,,
Bekasi,Bekasi Kayuringin,2026-05-20 19:00:00,107,107,44,,59,13,0,2,,,,,
Jakarta,The Pakubuwono Menteng,2026-05-20 19:19:48,0,0,0,0,,,,,57,29.4,,,
Depok,Cinere - Nafas,2026-05-20 19:19:42,118,118,48,86,,,,,54,29.2,,,
Bogor,Kabupaten Bogor Leuwiliang,2026-05-20 19:00:00,80,80,43,,4,10,0,72,,,,,
Tangerang,Tangerang Pasir Jaya,2026-05-20 19:00:00,105,105,49,,59,63,0,26,,,,,
Bekasi,Bekasi Kayuringin,2026-05-20 19:00:00,107,107,44,,59,13,0,2,,,,,
Jakarta,The Pakubuwono Menteng,2026-05-20 19:19:48,0,0,0,0,,,,,57,29.4,,,
Depok,Cinere - Nafas,2026-05-20 19:19:42,118,118,48,86,,,,,54,29.2,,,
Bogor,Kabupaten Bogor Leuwiliang,2026-05-20 19:00:00,80,80,43,,4,10,0,72,,,,,
Tangerang,Tangerang Pasir Jaya,2026-05-20 19:00:00,105,105,49,,59,63,0,26,,,,,
Bekasi,Bekasi Kayuringin,2026-05-20 19:00:00,107,107,44,,59,13,0,2,,,,,
Jakarta,The Pakubuwono Menteng,2026-05-20 19:21:46,2,2,1,1,,,,,57,29.4,,,
Depok,Cinere - Nafas,2026-05-20 19:21:40,116,116,48,84,,,,,54,29.2,,,
Bogor,Kabupaten Bogor Leuwiliang,2026-05-20 19:00:00,80,80,43,,4,10,0,72,,,,,
Tangerang,Tangerang Pasir Jaya,2026-05-20 19:00:00,105,105,49,,59,63,0,26,,,,,
Bekasi,Bekasi Kayuringin,2026-05-20 19:00:00,107,107,44,,59,13,0,2,,,,,
Jakarta,The Pakubuwono Menteng,2026-05-20 19:21:46,2,2,1,1,,,,,57,29.4,,,
Depok,Cinere - Nafas,2026-05-20 19:21:40,116,116,48,84,,,,,54,29.2,,,
Bogor,Kabupaten Bogor Leuwiliang,2026-05-20 19:00:00,80,80,43,,4,10,0,72,,,,,
Tangerang,Tangerang Pasir Jaya,2026-05-20 19:00:00,105,105,49,,59,63,0,26,,,,,
Bekasi,Bekasi Kayuringin,2026-05-20 19:00:00,107,107,44,,59,13,0,2,,,,,
Jakarta,The Pakubuwono Menteng,2026-05-20 19:23:46,6,6,1,2,,,,,57,29.4,,,
Depok,Cinere - Nafas,2026-05-20 19:23:41,116,116,46,83,,,,,54,29.2,,,
Bogor,Kabupaten Bogor Leuwiliang,2026-05-20 19:00:00,80,80,43,,4,10,0,72,,,,,
Tangerang,Tangerang Pasir Jaya,2026-05-20 19:00:00,105,105,49,,59,63,0,26,,,,,
Bekasi,Bekasi Kayuringin,2026-05-20 19:00:00,107,107,44,,59,13,0,2,,,,,
Jakarta,The Pakubuwono Menteng,2026-05-20 19:23:46,6,6,1,2,,,,,57,29.4,,,
Depok,Cinere - Nafas,2026-05-20 19:23:41,116,116,46,83,,,,,54,29.2,,,
Bogor,Kabupaten Bogor Leuwiliang,2026-05-20 19:00:00,80,80,43,,4,10,0,72,,,,,
Tangerang,Tangerang Pasir Jaya,2026-05-20 19:00:00,105,105,49,,59,63,0,26,,,,,
Bekasi,Bekasi Kayuringin,2026-05-20 19:00:00,107,107,44,,59,13,0,2,,,,,
Jakarta,The Pakubuwono Menteng,2026-05-20 19:25:46,13,13,3,1,,,,,57,29.4,,,
Depok,Cinere - Nafas,2026-05-20 19:25:41,113,113,45,83,,,,,54,29.2,,,
Bogor,Kabupaten Bogor Leuwiliang,2026-05-20 19:00:00,80,80,43,,4,10,0,72,,,,,
Tangerang,Tangerang Pasir Jaya,2026-05-20 19:00:00,105,105,49,,59,63,0,26,,,,,
Bekasi,Bekasi Kayuringin,2026-05-20 19:00:00,107,107,44,,59,13,0,2,,,,,
Jakarta,The Pakubuwono Menteng,2026-05-20 19:27:47,17,17,4,1,,,,,57,29.5,,,
Depok,Cinere - Nafas,2026-05-20 19:27:41,113,113,46,84,,,,,54,29.2,,,
Bogor,Kabupaten Bogor Leuwiliang,2026-05-20 19:00:00,80,80,43,,4,10,0,72,,,,,
Tangerang,Tangerang Pasir Jaya,2026-05-20 19:00:00,105,105,49,,59,63,0,26,,,,,
Bekasi,Bekasi Kayuringin,2026-05-20 19:00:00,107,107,44,,59,13,0,2,,,,,
Jakarta,The Pakubuwono Menteng,2026-05-20 19:29:47,11,11,3,7,,,,,57,29.5,,,
Depok,Cinere - Nafas,2026-05-20 19:29:41,114,114,48,83,,,,,55,29.1,,,
Bogor,Kabupaten Bogor Leuwiliang,2026-05-20 19:00:00,80,80,43,,4,10,0,72,,,,,
Tangerang,Tangerang Pasir Jaya,2026-05-20 19:00:00,105,105,49,,59,63,0,26,,,,,
Bekasi,Bekasi Kayuringin,2026-05-20 19:00:00,107,107,44,,59,13,0,2,,,,,
Jakarta,The Pakubuwono Menteng,2026-05-20 19:29:47,11,11,3,7,,,,,57,29.5,,,
Depok,Cinere - Nafas,2026-05-20 19:29:41,114,114,48,83,,,,,55,29.1,,,
Bogor,Kabupaten Bogor Leuwiliang,2026-05-20 19:00:00,80,80,43,,4,10,0,72,,,,,
Tangerang,Tangerang Pasir Jaya,2026-05-20 19:00:00,105,105,49,,59,63,0,26,,,,,
Bekasi,Bekasi Kayuringin,2026-05-20 19:00:00,107,107,44,,59,13,0,2,,,,,
Jakarta,The Pakubuwono Menteng,2026-05-20 19:31:47,20,20,4,3,,,,,57,29.5,,,
Depok,Cinere - Nafas,2026-05-20 19:31:41,112,112,44,82,,,,,55,29.1,,,
Bogor,Kabupaten Bogor Leuwiliang,2026-05-20 19:00:00,80,80,43,,4,10,0,72,,,,,
Tangerang,Tangerang Pasir Jaya,2026-05-20 19:00:00,105,105,49,,59,63,0,26,,,,,
Bekasi,Bekasi Kayuringin,2026-05-20 19:00:00,107,107,44,,59,13,0,2,,,,,
Jakarta,The Pakubuwono Menteng,2026-05-20 19:31:47,20,20,4,3,,,,,57,29.5,,,
Depok,Cinere - Nafas,2026-05-20 19:31:41,112,112,44,82,,,,,55,29.1,,,
Bogor,Kabupaten Bogor Leuwiliang,2026-05-20 19:00:00,80,80,43,,4,10,0,72,,,,,
Tangerang,Tangerang Pasir Jaya,2026-05-20 19:00:00,105,105,49,,59,63,0,26,,,,,
Bekasi,Bekasi Kayuringin,2026-05-20 19:00:00,107,107,44,,59,13,0,2,,,,,
Jakarta,The Pakubuwono Menteng,2026-05-20 19:33:47,11,11,2,3,,,,,57,29.5,,,
Depok,Cinere - Nafas,2026-05-20 19:33:41,111,111,44,81,,,,,55,29.1,,,
Bogor,Kabupaten Bogor Leuwiliang,2026-05-20 19:00:00,80,80,43,,4,10,0,72,,,,,
Tangerang,Tangerang Pasir Jaya,2026-05-20 19:00:00,105,105,49,,59,63,0,26,,,,,
Bekasi,Bekasi Kayuringin,2026-05-20 19:00:00,107,107,44,,59,13,0,2,,,,,
Jakarta,The Pakubuwono Menteng,2026-05-20 19:35:47,16,16,5,1,,,,,57,29.5,,,
Depok,Cinere - Nafas,2026-05-20 19:35:41,108,108,44,79,,,,,55,29,,,
Bogor,Kabupaten Bogor Leuwiliang,2026-05-20 19:00:00,80,80,43,,4,10,0,72,,,,,
Tangerang,Tangerang Pasir Jaya,2026-05-20 19:00:00,105,105,49,,59,63,0,26,,,,,
Bekasi,Bekasi Kayuringin,2026-05-20 19:00:00,107,107,44,,59,13,0,2,,,,,
Jakarta,The Pakubuwono Menteng,2026-05-20 19:35:47,16,16,5,1,,,,,57,29.5,,,
Depok,Cinere - Nafas,2026-05-20 19:35:41,108,108,44,79,,,,,55,29,,,
Bogor,Kabupaten Bogor Leuwiliang,2026-05-20 19:00:00,80,80,43,,4,10,0,72,,,,,
Tangerang,Tangerang Pasir Jaya,2026-05-20 19:00:00,105,105,49,,59,63,0,26,,,,,
Bekasi,Bekasi Kayuringin,2026-05-20 19:00:00,107,107,44,,59,13,0,2,,,,,
Jakarta,The Pakubuwono Menteng,2026-05-20 19:37:47,13,13,3,1,,,,,56,29.5,,,
Depok,Cinere - Nafas,2026-05-20 19:38:41,100,100,42,77,,,,,55,29,,,
Bogor,Kabupaten Bogor Leuwiliang,2026-05-20 19:00:00,80,80,43,,4,10,0,72,,,,,
Tangerang,Tangerang Pasir Jaya,2026-05-20 19:00:00,105,105,49,,59,63,0,26,,,,,
Bekasi,Bekasi Kayuringin,2026-05-20 19:00:00,107,107,44,,59,13,0,2,,,,,
Jakarta,The Pakubuwono Menteng,2026-05-20 19:37:47,13,13,3,1,,,,,56,29.5,,,
Depok,Cinere - Nafas,2026-05-20 19:38:41,100,100,42,77,,,,,55,29,,,
Bogor,Kabupaten Bogor Leuwiliang,2026-05-20 19:00:00,80,80,43,,4,10,0,72,,,,,
Tangerang,Tangerang Pasir Jaya,2026-05-20 19:00:00,105,105,49,,59,63,0,26,,,,,
Bekasi,Bekasi Kayuringin,2026-05-20 19:00:00,107,107,44,,59,13,0,2,,,,,
Jakarta,The Pakubuwono Menteng,2026-05-20 19:38:47,15,15,3,7,,,,,56,29.6,,,
Depok,Cinere - Nafas,2026-05-20 19:39:41,100,100,40,74,,,,,55,29,,,
Bogor,Kabupaten Bogor Leuwiliang,2026-05-20 19:00:00,80,80,43,,4,10,0,72,,,,,
Tangerang,Tangerang Pasir Jaya,2026-05-20 19:00:00,105,105,49,,59,63,0,26,,,,,
Bekasi,Bekasi Kayuringin,2026-05-20 19:00:00,107,107,44,,59,13,0,2,,,,,
Jakarta,The Pakubuwono Menteng,2026-05-20 19:40:47,14,14,4,1,,,,,56,29.6,,,
Depok,Cinere - Nafas,2026-05-20 19:41:41,102,102,42,76,,,,,55,29,,,
Bogor,Kabupaten Bogor Leuwiliang,2026-05-20 19:00:00,80,80,43,,4,10,0,72,,,,,
Tangerang,Tangerang Pasir Jaya,2026-05-20 19:00:00,105,105,49,,59,63,0,26,,,,,
Bekasi,Bekasi Kayuringin,2026-05-20 19:00:00,107,107,44,,59,13,0,2,,,,,
Jakarta,The Pakubuwono Menteng,2026-05-20 19:42:47,15,15,4,1,,,,,55,29.6,,,
Depok,Cinere - Nafas,2026-05-20 19:43:41,99,99,38,74,,,,,55,29,,,
Bogor,Kabupaten Bogor Leuwiliang,2026-05-20 19:00:00,80,80,43,,4,10,0,72,,,,,
Tangerang,Tangerang Pasir Jaya,2026-05-20 19:00:00,105,105,49,,59,63,0,26,,,,,
Bekasi,Bekasi Kayuringin,2026-05-20 19:00:00,107,107,44,,59,13,0,2,,,,,
Jakarta,The Pakubuwono Menteng,2026-05-20 19:42:47,15,15,4,1,,,,,55,29.6,,,
Depok,Cinere - Nafas,2026-05-20 19:43:41,99,99,38,74,,,,,55,29,,,
Bogor,Kabupaten Bogor Leuwiliang,2026-05-20 19:00:00,80,80,43,,4,10,0,72,,,,,
Tangerang,Tangerang Pasir Jaya,2026-05-20 19:00:00,105,105,49,,59,63,0,26,,,,,
Bekasi,Bekasi Kayuringin,2026-05-20 19:00:00,107,107,44,,59,13,0,2,,,,,
Jakarta,The Pakubuwono Menteng,2026-05-20 19:44:47,19,19,4,4,,,,,55,29.6,,,
Depok,Cinere - Nafas,2026-05-20 19:44:42,101,101,41,75,,,,,55,29,,,
Bogor,Kabupaten Bogor Leuwiliang,2026-05-20 19:00:00,80,80,43,,4,10,0,72,,,,,
Tangerang,Tangerang Pasir Jaya,2026-05-20 19:00:00,105,105,49,,59,63,0,26,,,,,
Bekasi,Bekasi Kayuringin,2026-05-20 19:00:00,107,107,44,,59,13,0,2,,,,,
Jakarta,The Pakubuwono Menteng,2026-05-20 19:46:47,19,19,4,7,,,,,55,29.7,,,
Depok,Cinere - Nafas,2026-05-20 19:47:41,100,100,38,74,,,,,55,29,,,
Bogor,Kabupaten Bogor Leuwiliang,2026-05-20 19:00:00,80,80,43,,4,10,0,72,,,,,
Tangerang,Tangerang Pasir Jaya,2026-05-20 19:00:00,105,105,49,,59,63,0,26,,,,,
Bekasi,Bekasi Kayuringin,2026-05-20 19:00:00,107,107,44,,59,13,0,2,,,,,
Jakarta,The Pakubuwono Menteng,2026-05-20 19:46:47,19,19,4,7,,,,,55,29.7,,,
Depok,Cinere - Nafas,2026-05-20 19:47:41,100,100,38,74,,,,,55,29,,,
Bogor,Kabupaten Bogor Leuwiliang,2026-05-20 19:00:00,80,80,43,,4,10,0,72,,,,,
Tangerang,Tangerang Pasir Jaya,2026-05-20 19:00:00,105,105,49,,59,63,0,26,,,,,
Bekasi,Bekasi Kayuringin,2026-05-20 19:00:00,107,107,44,,59,13,0,2,,,,,
Jakarta,The Pakubuwono Menteng,2026-05-20 19:48:47,20,20,5,3,,,,,56,29.7,,,
Depok,Cinere - Nafas,2026-05-20 19:49:41,108,108,41,75,,,,,55,29,,,
Bogor,Kabupaten Bogor Leuwiliang,2026-05-20 19:00:00,80,80,43,,4,10,0,72,,,,,
Tangerang,Tangerang Pasir Jaya,2026-05-20 19:00:00,105,105,49,,59,63,0,26,,,,,
Bekasi,Bekasi Kayuringin,2026-05-20 19:00:00,107,107,44,,59,13,0,2,,,,,
Jakarta,The Pakubuwono Menteng,2026-05-20 19:48:47,20,20,5,3,,,,,56,29.7,,,
Depok,Cinere - Nafas,2026-05-20 19:49:41,108,108,41,75,,,,,55,29,,,
Bogor,Kabupaten Bogor Leuwiliang,2026-05-20 19:00:00,80,80,43,,4,10,0,72,,,,,
Tangerang,Tangerang Pasir Jaya,2026-05-20 19:00:00,105,105,49,,59,63,0,26,,,,,
Bekasi,Bekasi Kayuringin,2026-05-20 19:00:00,107,107,44,,59,13,0,2,,,,,
Jakarta,The Pakubuwono Menteng,2026-05-20 19:50:53,15,15,3,6,,,,,56,29.7,,,
Depok,Cinere - Nafas,2026-05-20 19:51:42,94,94,35,75,,,,,56,29,,,
Bogor,Kabupaten Bogor Leuwiliang,2026-05-20 19:00:00,80,80,43,,4,10,0,72,,,,,
Tangerang,Tangerang Pasir Jaya,2026-05-20 19:00:00,105,105,49,,59,63,0,26,,,,,
Bekasi,Bekasi Kayuringin,2026-05-20 19:00:00,107,107,44,,59,13,0,2,,,,,
Jakarta,The Pakubuwono Menteng,2026-05-20 19:50:53,15,15,3,6,,,,,56,29.7,,,
Depok,Cinere - Nafas,2026-05-20 19:51:42,94,94,35,75,,,,,56,29,,,
Bogor,Kabupaten Bogor Leuwiliang,2026-05-20 19:00:00,80,80,43,,4,10,0,72,,,,,
Tangerang,Tangerang Pasir Jaya,2026-05-20 19:00:00,105,105,49,,59,63,0,26,,,,,
Bekasi,Bekasi Kayuringin,2026-05-20 19:00:00,107,107,44,,59,13,0,2,,,,,
Jakarta,The Pakubuwono Menteng,2026-05-20 19:53:47,17,17,5,7,,,,,56,29.7,,,
Depok,Cinere - Nafas,2026-05-20 19:54:41,104,104,41,75,,,,,55,29,,,
Bogor,Kabupaten Bogor Leuwiliang,2026-05-20 19:00:00,80,80,43,,4,10,0,72,,,,,
Tangerang,Tangerang Pasir Jaya,2026-05-20 19:00:00,105,105,49,,59,63,0,26,,,,,
Bekasi,Bekasi Kayuringin,2026-05-20 19:00:00,107,107,44,,59,13,0,2,,,,,
Jakarta,The Pakubuwono Menteng,2026-05-20 19:53:47,17,17,5,7,,,,,56,29.7,,,
Depok,Cinere - Nafas,2026-05-20 19:54:41,104,104,41,75,,,,,55,29,,,
Bogor,Kabupaten Bogor Leuwiliang,2026-05-20 19:00:00,80,80,43,,4,10,0,72,,,,,
Tangerang,Tangerang Pasir Jaya,2026-05-20 19:00:00,105,105,49,,59,63,0,26,,,,,
Bekasi,Bekasi Kayuringin,2026-05-20 19:00:00,107,107,44,,59,13,0,2,,,,,
Jakarta,The Pakubuwono Menteng,2026-05-20 19:55:47,26,26,6,15,,,,,56,29.7,,,
Depok,Cinere - Nafas,2026-05-20 19:56:41,99,99,41,74,,,,,56,29,,,
Bogor,Kabupaten Bogor Leuwiliang,2026-05-20 19:00:00,80,80,43,,4,10,0,72,,,,,
Tangerang,Tangerang Pasir Jaya,2026-05-20 19:00:00,105,105,49,,59,63,0,26,,,,,
Bekasi,Bekasi Kayuringin,2026-05-20 19:00:00,107,107,44,,59,13,0,2,,,,,
Jakarta,The Pakubuwono Menteng,2026-05-20 19:55:47,26,26,6,15,,,,,56,29.7,,,
Depok,Cinere - Nafas,2026-05-20 19:56:41,99,99,41,74,,,,,56,29,,,
Bogor,Kabupaten Bogor Leuwiliang,2026-05-20 19:00:00,80,80,43,,4,10,0,72,,,,,
Tangerang,Tangerang Pasir Jaya,2026-05-20 19:00:00,105,105,49,,59,63,0,26,,,,,
Bekasi,Bekasi Kayuringin,2026-05-20 19:00:00,107,107,44,,59,13,0,2,,,,,
Jakarta,The Pakubuwono Menteng,2026-05-20 19:57:47,36,36,8,20,,,,,56,29.7,,,
Depok,Cinere - Nafas,2026-05-20 19:58:41,106,106,42,78,,,,,55,29,,,
Bogor,Kabupaten Bogor Leuwiliang,2026-05-20 19:00:00,80,80,43,,4,10,0,72,,,,,
Tangerang,Tangerang Pasir Jaya,2026-05-20 19:00:00,105,105,49,,59,63,0,26,,,,,
Bekasi,Bekasi Kayuringin,2026-05-20 19:00:00,107,107,44,,59,13,0,2,,,,,
Jakarta,The Pakubuwono Menteng,2026-05-20 19:57:47,36,36,8,20,,,,,56,29.7,,,
Depok,Cinere - Nafas,2026-05-20 19:58:41,106,106,42,78,,,,,55,29,,,
Bogor,Kabupaten Bogor Leuwiliang,2026-05-20 19:00:00,80,80,43,,4,10,0,72,,,,,
Tangerang,Tangerang Pasir Jaya,2026-05-20 19:00:00,105,105,49,,59,63,0,26,,,,,
Bekasi,Bekasi Kayuringin,2026-05-20 19:00:00,107,107,44,,59,13,0,2,,,,,
Jakarta,The Pakubuwono Menteng,2026-05-20 19:59:47,22,22,5,13,,,,,55,29.7,,,
Depok,Cinere - Nafas,2026-05-20 20:00:43,103,103,42,77,,,,,56,29,,,
Bogor,Kabupaten Bogor Leuwiliang,2026-05-20 19:00:00,80,80,43,,4,10,0,72,,,,,
Tangerang,Tangerang Pasir Jaya,2026-05-20 19:00:00,105,105,49,,59,63,0,26,,,,,
Bekasi,Bekasi Kayuringin,2026-05-20 19:00:00,107,107,44,,59,13,0,2,,,,,
Jakarta,The Pakubuwono Menteng,2026-05-20 19:59:47,22,22,5,13,,,,,55,29.7,,,
Depok,Cinere - Nafas,2026-05-20 20:00:43,103,103,42,77,,,,,56,29,,,
Bogor,Kabupaten Bogor Leuwiliang,2026-05-20 19:00:00,80,80,43,,4,10,0,72,,,,,
Tangerang,Tangerang Pasir Jaya,2026-05-20 19:00:00,105,105,49,,59,63,0,26,,,,,
Bekasi,Bekasi Kayuringin,2026-05-20 19:00:00,107,107,44,,59,13,0,2,,,,,
Jakarta,The Pakubuwono Menteng,2026-05-20 20:01:47,35,35,8,22,,,,,55,29.7,,,
Depok,Cinere - Nafas,2026-05-20 20:02:41,100,100,39,74,,,,,56,29,,,
Bogor,Kabupaten Bogor Leuwiliang,2026-05-20 19:00:00,80,80,43,,4,10,0,72,,,,,
Tangerang,Tangerang Pasir Jaya,2026-05-20 19:00:00,105,105,49,,59,63,0,26,,,,,
Bekasi,Bekasi Kayuringin,2026-05-20 19:00:00,107,107,44,,59,13,0,2,,,,,
Jakarta,The Pakubuwono Menteng,2026-05-20 20:01:47,35,35,8,22,,,,,55,29.7,,,
Depok,Cinere - Nafas,2026-05-20 20:02:41,100,100,39,74,,,,,56,29,,,
Bogor,Kabupaten Bogor Leuwiliang,2026-05-20 19:00:00,80,80,43,,4,10,0,72,,,,,
Tangerang,Tangerang Pasir Jaya,2026-05-20 19:00:00,105,105,49,,59,63,0,26,,,,,
Bekasi,Bekasi Kayuringin,2026-05-20 19:00:00,107,107,44,,59,13,0,2,,,,,
Jakarta,The Pakubuwono Menteng,2026-05-20 20:04:47,36,36,8,22,,,,,55,29.7,,,
Depok,Cinere - Nafas,2026-05-20 20:04:41,97,97,39,73,,,,,55,28.9,,,
Bogor,Kabupaten Bogor Leuwiliang,2026-05-20 19:00:00,80,80,43,,4,10,0,72,,,,,
Tangerang,Tangerang Pasir Jaya,2026-05-20 19:00:00,105,105,49,,59,63,0,26,,,,,
Bekasi,Bekasi Kayuringin,2026-05-20 19:00:00,107,107,44,,59,13,0,2,,,,,
Jakarta,The Pakubuwono Menteng,2026-05-20 20:06:47,33,33,8,22,,,,,55,29.7,,,
Depok,Cinere - Nafas,2026-05-20 20:06:41,101,101,41,76,,,,,56,28.9,,,
Bogor,Kabupaten Bogor Leuwiliang,2026-05-20 19:00:00,80,80,43,,4,10,0,72,,,,,
Tangerang,Tangerang Pasir Jaya,2026-05-20 19:00:00,105,105,49,,59,63,0,26,,,,,
Bekasi,Bekasi Kayuringin,2026-05-20 19:00:00,107,107,44,,59,13,0,2,,,,,
Jakarta,The Pakubuwono Menteng,2026-05-20 20:09:48,34,34,9,20,,,,,55,29.7,,,
Depok,Cinere - Nafas,2026-05-20 20:09:41,99,99,37,75,,,,,56,28.9,,,
Bogor,Kabupaten Bogor Leuwiliang,2026-05-20 20:00:00,80,80,42,,4,10,0,72,,,,,
Tangerang,Tangerang Pasir Jaya,2026-05-20 20:00:00,103,103,48,,59,63,0,26,,,,,
Bekasi,Bekasi Kayuringin,2026-05-20 20:00:00,107,107,44,,60,13,0,2,,,,,
Jakarta,The Pakubuwono Menteng,2026-05-20 20:09:48,34,34,9,20,,,,,55,29.7,,,
Depok,Cinere - Nafas,2026-05-20 20:09:41,99,99,37,75,,,,,56,28.9,,,
Bogor,Kabupaten Bogor Leuwiliang,2026-05-20 20:00:00,80,80,42,,4,10,0,72,,,,,
Tangerang,Tangerang Pasir Jaya,2026-05-20 20:00:00,103,103,48,,59,63,0,26,,,,,
Bekasi,Bekasi Kayuringin,2026-05-20 20:00:00,107,107,44,,60,13,0,2,,,,,
Jakarta,The Pakubuwono Menteng,2026-05-20 20:09:48,34,34,9,20,,,,,55,29.7,,,
Depok,Cinere - Nafas,2026-05-20 20:09:41,99,99,37,75,,,,,56,28.9,,,
Bogor,Kabupaten Bogor Leuwiliang,2026-05-20 20:00:00,80,80,42,,4,10,0,72,,,,,
Tangerang,Tangerang Pasir Jaya,2026-05-20 20:00:00,103,103,48,,59,63,0,26,,,,,
Bekasi,Bekasi Kayuringin,2026-05-20 20:00:00,107,107,44,,60,13,0,2,,,,,
Jakarta,The Pakubuwono Menteng,2026-05-20 20:11:48,26,26,6,15,,,,,54,29.7,,,
Depok,Cinere - Nafas,2026-05-20 20:11:42,117,117,47,84,,,,,56,28.8,,,
Bogor,Kabupaten Bogor Leuwiliang,2026-05-20 20:00:00,80,80,42,,4,10,0,72,,,,,
Tangerang,Tangerang Pasir Jaya,2026-05-20 20:00:00,103,103,48,,59,63,0,26,,,,,
Bekasi,Bekasi Kayuringin,2026-05-20 20:00:00,107,107,44,,60,13,0,2,,,,,
Jakarta,The Pakubuwono Menteng,2026-05-20 20:11:48,26,26,6,15,,,,,54,29.7,,,
Depok,Cinere - Nafas,2026-05-20 20:11:42,117,117,47,84,,,,,56,28.8,,,
Bogor,Kabupaten Bogor Leuwiliang,2026-05-20 20:00:00,80,80,42,,4,10,0,72,,,,,
Tangerang,Tangerang Pasir Jaya,2026-05-20 20:00:00,103,103,48,,59,63,0,26,,,,,
Bekasi,Bekasi Kayuringin,2026-05-20 20:00:00,107,107,44,,60,13,0,2,,,,,
Jakarta,The Pakubuwono Menteng,2026-05-20 20:13:48,26,26,7,20,,,,,54,29.7,,,
Depok,Cinere - Nafas,2026-05-20 20:13:42,161,161,64,141,,,,,56,28.8,,,
Bogor,Kabupaten Bogor Leuwiliang,2026-05-20 20:00:00,80,80,42,,4,10,0,72,,,,,
Tangerang,Tangerang Pasir Jaya,2026-05-20 20:00:00,103,103,48,,59,63,0,26,,,,,
Bekasi,Bekasi Kayuringin,2026-05-20 20:00:00,107,107,44,,60,13,0,2,,,,,
Jakarta,The Pakubuwono Menteng,2026-05-20 20:13:48,26,26,7,20,,,,,54,29.7,,,
Depok,Cinere - Nafas,2026-05-20 20:13:42,161,161,64,141,,,,,56,28.8,,,
Bogor,Kabupaten Bogor Leuwiliang,2026-05-20 20:00:00,80,80,42,,4,10,0,72,,,,,
Tangerang,Tangerang Pasir Jaya,2026-05-20 20:00:00,103,103,48,,59,63,0,26,,,,,
Bekasi,Bekasi Kayuringin,2026-05-20 20:00:00,107,107,44,,60,13,0,2,,,,,
Jakarta,The Pakubuwono Menteng,2026-05-20 20:15:48,24,24,6,19,,,,,54,29.7,,,
Depok,Cinere - Nafas,2026-05-20 20:15:42,157,157,62,131,,,,,56,28.8,,,
Bogor,Kabupaten Bogor Leuwiliang,2026-05-20 20:00:00,80,80,42,,4,10,0,72,,,,,
Tangerang,Tangerang Pasir Jaya,2026-05-20 20:00:00,103,103,48,,59,63,0,26,,,,,
Bekasi,Bekasi Kayuringin,2026-05-20 20:00:00,107,107,44,,60,13,0,2,,,,,
Jakarta,The Pakubuwono Menteng,2026-05-20 20:15:48,24,24,6,19,,,,,54,29.7,,,
Depok,Cinere - Nafas,2026-05-20 20:15:42,157,157,62,131,,,,,56,28.8,,,
Bogor,Kabupaten Bogor Leuwiliang,2026-05-20 20:00:00,80,80,42,,4,10,0,72,,,,,
Tangerang,Tangerang Pasir Jaya,2026-05-20 20:00:00,103,103,48,,59,63,0,26,,,,,
Bekasi,Bekasi Kayuringin,2026-05-20 20:00:00,107,107,44,,60,13,0,2,,,,,
Jakarta,The Pakubuwono Menteng,2026-05-20 20:17:48,33,33,7,20,,,,,55,29.6,,,
Depok,Cinere - Nafas,2026-05-20 20:17:42,152,152,59,115,,,,,56,28.8,,,
Bogor,Kabupaten Bogor Leuwiliang,2026-05-20 20:00:00,80,80,42,,4,10,0,72,,,,,
Tangerang,Tangerang Pasir Jaya,2026-05-20 20:00:00,103,103,48,,59,63,0,26,,,,,
Bekasi,Bekasi Kayuringin,2026-05-20 20:00:00,107,107,44,,60,13,0,2,,,,,
Jakarta,The Pakubuwono Menteng,2026-05-20 20:20:48,45,45,11,22,,,,,55,29.6,,,
Depok,Cinere - Nafas,2026-05-20 20:20:42,158,158,62,132,,,,,56,28.7,,,
Bogor,Kabupaten Bogor Leuwiliang,2026-05-20 20:00:00,80,80,42,,4,10,0,72,,,,,
Tangerang,Tangerang Pasir Jaya,2026-05-20 20:00:00,103,103,48,,59,63,0,26,,,,,
Bekasi,Bekasi Kayuringin,2026-05-20 20:00:00,107,107,44,,60,13,0,2,,,,,
Jakarta,The Pakubuwono Menteng,2026-05-20 20:20:48,45,45,11,22,,,,,55,29.6,,,
Depok,Cinere - Nafas,2026-05-20 20:20:42,158,158,62,132,,,,,56,28.7,,,
Bogor,Kabupaten Bogor Leuwiliang,2026-05-20 20:00:00,80,80,42,,4,10,0,72,,,,,
Tangerang,Tangerang Pasir Jaya,2026-05-20 20:00:00,103,103,48,,59,63,0,26,,,,,
Bekasi,Bekasi Kayuringin,2026-05-20 20:00:00,107,107,44,,60,13,0,2,,,,,
Jakarta,The Pakubuwono Menteng,2026-05-20 20:22:48,35,35,8,26,,,,,55,29.6,,,
Depok,Cinere - Nafas,2026-05-20 20:22:42,156,156,60,127,,,,,56,28.7,,,
Bogor,Kabupaten Bogor Leuwiliang,2026-05-20 20:00:00,80,80,42,,4,10,0,72,,,,,
Tangerang,Tangerang Pasir Jaya,2026-05-20 20:00:00,103,103,48,,59,63,0,26,,,,,
Bekasi,Bekasi Kayuringin,2026-05-20 20:00:00,107,107,44,,60,13,0,2,,,,,
Jakarta,The Pakubuwono Menteng,2026-05-20 20:24:48,45,45,12,30,,,,,55,29.6,,,
Depok,Cinere - Nafas,2026-05-20 20:24:42,153,153,59,111,,,,,56,28.7,,,
Bogor,Kabupaten Bogor Leuwiliang,2026-05-20 20:00:00,80,80,42,,4,10,0,72,,,,,
Tangerang,Tangerang Pasir Jaya,2026-05-20 20:00:00,103,103,48,,59,63,0,26,,,,,
Bekasi,Bekasi Kayuringin,2026-05-20 20:00:00,107,107,44,,60,13,0,2,,,,,
Jakarta,The Pakubuwono Menteng,2026-05-20 20:24:48,45,45,12,30,,,,,55,29.6,,,
Depok,Cinere - Nafas,2026-05-20 20:24:42,153,153,59,111,,,,,56,28.7,,,
Bogor,Kabupaten Bogor Leuwiliang,2026-05-20 20:00:00,80,80,42,,4,10,0,72,,,,,
Tangerang,Tangerang Pasir Jaya,2026-05-20 20:00:00,103,103,48,,59,63,0,26,,,,,
Bekasi,Bekasi Kayuringin,2026-05-20 20:00:00,107,107,44,,60,13,0,2,,,,,
Jakarta,The Pakubuwono Menteng,2026-05-20 20:26:48,39,39,10,24,,,,,55,29.6,,,
Depok,Cinere - Nafas,2026-05-20 20:26:42,152,152,59,108,,,,,56,28.7,,,
Bogor,Kabupaten Bogor Leuwiliang,2026-05-20 20:00:00,80,80,42,,4,10,0,72,,,,,
Tangerang,Tangerang Pasir Jaya,2026-05-20 20:00:00,103,103,48,,59,63,0,26,,,,,
Bekasi,Bekasi Kayuringin,2026-05-20 20:00:00,107,107,44,,60,13,0,2,,,,,
Jakarta,The Pakubuwono Menteng,2026-05-20 20:26:48,39,39,10,24,,,,,55,29.6,,,
Depok,Cinere - Nafas,2026-05-20 20:26:42,152,152,59,108,,,,,56,28.7,,,
Bogor,Kabupaten Bogor Leuwiliang,2026-05-20 20:00:00,80,80,42,,4,10,0,72,,,,,
Tangerang,Tangerang Pasir Jaya,2026-05-20 20:00:00,103,103,48,,59,63,0,26,,,,,
Bekasi,Bekasi Kayuringin,2026-05-20 20:00:00,107,107,44,,60,13,0,2,,,,,
Jakarta,The Pakubuwono Menteng,2026-05-20 20:28:48,40,40,9,24,,,,,55,29.6,,,
Depok,Cinere - Nafas,2026-05-20 20:28:42,154,154,59,116,,,,,57,28.7,,,
Bogor,Kabupaten Bogor Leuwiliang,2026-05-20 20:00:00,80,80,42,,4,10,0,72,,,,,
Tangerang,Tangerang Pasir Jaya,2026-05-20 20:00:00,103,103,48,,59,63,0,26,,,,,
Bekasi,Bekasi Kayuringin,2026-05-20 20:00:00,107,107,44,,60,13,0,2,,,,,
Jakarta,The Pakubuwono Menteng,2026-05-20 20:28:48,40,40,9,24,,,,,55,29.6,,,
Depok,Cinere - Nafas,2026-05-20 20:28:42,154,154,59,116,,,,,57,28.7,,,
Bogor,Kabupaten Bogor Leuwiliang,2026-05-20 20:00:00,80,80,42,,4,10,0,72,,,,,
Tangerang,Tangerang Pasir Jaya,2026-05-20 20:00:00,103,103,48,,59,63,0,26,,,,,
Bekasi,Bekasi Kayuringin,2026-05-20 20:00:00,107,107,44,,60,13,0,2,,,,,
Jakarta,The Pakubuwono Menteng,2026-05-20 20:30:48,53,53,15,29,,,,,55,29.6,,,
Depok,Cinere - Nafas,2026-05-20 20:30:42,154,154,60,115,,,,,57,28.7,,,
Bogor,Kabupaten Bogor Leuwiliang,2026-05-20 20:00:00,80,80,42,,4,10,0,72,,,,,
Tangerang,Tangerang Pasir Jaya,2026-05-20 20:00:00,103,103,48,,59,63,0,26,,,,,
Bekasi,Bekasi Kayuringin,2026-05-20 20:00:00,107,107,44,,60,13,0,2,,,,,
Jakarta,The Pakubuwono Menteng,2026-05-20 20:32:48,50,50,14,28,,,,,55,29.6,,,
Depok,Cinere - Nafas,2026-05-20 20:32:42,155,155,60,118,,,,,57,28.7,,,
Bogor,Kabupaten Bogor Leuwiliang,2026-05-20 20:00:00,80,80,42,,4,10,0,72,,,,,
Tangerang,Tangerang Pasir Jaya,2026-05-20 20:00:00,103,103,48,,59,63,0,26,,,,,
Bekasi,Bekasi Kayuringin,2026-05-20 20:00:00,107,107,44,,60,13,0,2,,,,,
Jakarta,The Pakubuwono Menteng,2026-05-20 20:34:48,47,47,13,26,,,,,56,29.5,,,
Depok,Cinere - Nafas,2026-05-20 20:34:42,151,151,58,109,,,,,57,28.6,,,
Bogor,Kabupaten Bogor Leuwiliang,2026-05-20 20:00:00,80,80,42,,4,10,0,72,,,,,
Tangerang,Tangerang Pasir Jaya,2026-05-20 20:00:00,103,103,48,,59,63,0,26,,,,,
Bekasi,Bekasi Kayuringin,2026-05-20 20:00:00,107,107,44,,60,13,0,2,,,,,
Jakarta,The Pakubuwono Menteng,2026-05-20 20:34:48,47,47,13,26,,,,,56,29.5,,,
Depok,Cinere - Nafas,2026-05-20 20:34:42,151,151,58,109,,,,,57,28.6,,,
Bogor,Kabupaten Bogor Leuwiliang,2026-05-20 20:00:00,80,80,42,,4,10,0,72,,,,,
Tangerang,Tangerang Pasir Jaya,2026-05-20 20:00:00,103,103,48,,59,63,0,26,,,,,
Bekasi,Bekasi Kayuringin,2026-05-20 20:00:00,107,107,44,,60,13,0,2,,,,,
Jakarta,The Pakubuwono Menteng,2026-05-20 20:36:48,45,45,13,28,,,,,56,29.6,,,
Depok,Cinere - Nafas,2026-05-20 20:36:44,151,151,58,107,,,,,57,28.6,,,
Bogor,Kabupaten Bogor Leuwiliang,2026-05-20 20:00:00,80,80,42,,4,10,0,72,,,,,
Tangerang,Tangerang Pasir Jaya,2026-05-20 20:00:00,103,103,48,,59,63,0,26,,,,,
Bekasi,Bekasi Kayuringin,2026-05-20 20:00:00,107,107,44,,60,13,0,2,,,,,
Jakarta,The Pakubuwono Menteng,2026-05-20 20:36:48,45,45,13,28,,,,,56,29.6,,,
Depok,Cinere - Nafas,2026-05-20 20:36:44,151,151,58,107,,,,,57,28.6,,,
Bogor,Kabupaten Bogor Leuwiliang,2026-05-20 20:00:00,80,80,42,,4,10,0,72,,,,,
Tangerang,Tangerang Pasir Jaya,2026-05-20 20:00:00,103,103,48,,59,63,0,26,,,,,
Bekasi,Bekasi Kayuringin,2026-05-20 20:00:00,107,107,44,,60,13,0,2,,,,,
Jakarta,The Pakubuwono Menteng,2026-05-20 20:38:48,33,33,8,24,,,,,55,29.5,,,
Depok,Cinere - Nafas,2026-05-20 20:38:42,141,141,56,97,,,,,57,28.6,,,
Bogor,Kabupaten Bogor Leuwiliang,2026-05-20 20:00:00,80,80,42,,4,10,0,72,,,,,
Tangerang,Tangerang Pasir Jaya,2026-05-20 20:00:00,103,103,48,,59,63,0,26,,,,,
Bekasi,Bekasi Kayuringin,2026-05-20 20:00:00,107,107,44,,60,13,0,2,,,,,
Jakarta,The Pakubuwono Menteng,2026-05-20 20:38:48,33,33,8,24,,,,,55,29.5,,,
Depok,Cinere - Nafas,2026-05-20 20:38:42,141,141,56,97,,,,,57,28.6,,,
Bogor,Kabupaten Bogor Leuwiliang,2026-05-20 20:00:00,80,80,42,,4,10,0,72,,,,,
Tangerang,Tangerang Pasir Jaya,2026-05-20 20:00:00,103,103,48,,59,63,0,26,,,,,
Bekasi,Bekasi Kayuringin,2026-05-20 20:00:00,107,107,44,,60,13,0,2,,,,,
Jakarta,The Pakubuwono Menteng,2026-05-20 20:40:48,33,33,10,24,,,,,55,29.5,,,
Depok,Cinere - Nafas,2026-05-20 20:40:42,137,137,55,95,,,,,57,28.6,,,
Bogor,Kabupaten Bogor Leuwiliang,2026-05-20 20:00:00,80,80,42,,4,10,0,72,,,,,
Tangerang,Tangerang Pasir Jaya,2026-05-20 20:00:00,103,103,48,,59,63,0,26,,,,,
Bekasi,Bekasi Kayuringin,2026-05-20 20:00:00,107,107,44,,60,13,0,2,,,,,
Jakarta,The Pakubuwono Menteng,2026-05-20 20:42:48,41,41,9,20,,,,,55,29.5,,,
Depok,Cinere - Nafas,2026-05-20 20:42:45,137,137,56,96,,,,,58,28.5,,,
Bogor,Kabupaten Bogor Leuwiliang,2026-05-20 20:00:00,80,80,42,,4,10,0,72,,,,,
Tangerang,Tangerang Pasir Jaya,2026-05-20 20:00:00,103,103,48,,59,63,0,26,,,,,
Bekasi,Bekasi Kayuringin,2026-05-20 20:00:00,107,107,44,,60,13,0,2,,,,,
Jakarta,The Pakubuwono Menteng,2026-05-20 20:42:48,41,41,9,20,,,,,55,29.5,,,
Depok,Cinere - Nafas,2026-05-20 20:42:45,137,137,56,96,,,,,58,28.5,,,
Bogor,Kabupaten Bogor Leuwiliang,2026-05-20 20:00:00,80,80,42,,4,10,0,72,,,,,
Tangerang,Tangerang Pasir Jaya,2026-05-20 20:00:00,103,103,48,,59,63,0,26,,,,,
Bekasi,Bekasi Kayuringin,2026-05-20 20:00:00,107,107,44,,60,13,0,2,,,,,
Jakarta,The Pakubuwono Menteng,2026-05-20 20:44:48,40,40,9,23,,,,,56,29.5,,,
Depok,Cinere - Nafas,2026-05-20 20:44:42,126,126,52,94,,,,,58,28.6,,,
Bogor,Kabupaten Bogor Leuwiliang,2026-05-20 20:00:00,80,80,42,,4,10,0,72,,,,,
Tangerang,Tangerang Pasir Jaya,2026-05-20 20:00:00,103,103,48,,59,63,0,26,,,,,
Bekasi,Bekasi Kayuringin,2026-05-20 20:00:00,107,107,44,,60,13,0,2,,,,,
Jakarta,The Pakubuwono Menteng,2026-05-20 20:46:48,35,35,11,23,,,,,56,29.6,,,
Depok,Cinere - Nafas,2026-05-20 20:46:42,130,130,53,93,,,,,58,28.5,,,
Bogor,Kabupaten Bogor Leuwiliang,2026-05-20 20:00:00,80,80,42,,4,10,0,72,,,,,
Tangerang,Tangerang Pasir Jaya,2026-05-20 20:00:00,103,103,48,,59,63,0,26,,,,,
Bekasi,Bekasi Kayuringin,2026-05-20 20:00:00,107,107,44,,60,13,0,2,,,,,
Jakarta,The Pakubuwono Menteng,2026-05-20 20:46:48,35,35,11,23,,,,,56,29.6,,,
Depok,Cinere - Nafas,2026-05-20 20:46:42,130,130,53,93,,,,,58,28.5,,,
Bogor,Kabupaten Bogor Leuwiliang,2026-05-20 20:00:00,80,80,42,,4,10,0,72,,,,,
Tangerang,Tangerang Pasir Jaya,2026-05-20 20:00:00,103,103,48,,59,63,0,26,,,,,
Bekasi,Bekasi Kayuringin,2026-05-20 20:00:00,107,107,44,,60,13,0,2,,,,,
Jakarta,The Pakubuwono Menteng,2026-05-20 20:47:48,29,29,8,18,,,,,56,29.6,,,
Depok,Cinere - Nafas,2026-05-20 20:47:44,135,135,53,95,,,,,58,28.5,,,
Bogor,Kabupaten Bogor Leuwiliang,2026-05-20 20:00:00,80,80,42,,4,10,0,72,,,,,
Tangerang,Tangerang Pasir Jaya,2026-05-20 20:00:00,103,103,48,,59,63,0,26,,,,,
Bekasi,Bekasi Kayuringin,2026-05-20 20:00:00,107,107,44,,60,13,0,2,,,,,
Jakarta,The Pakubuwono Menteng,2026-05-20 20:47:48,29,29,8,18,,,,,56,29.6,,,
Depok,Cinere - Nafas,2026-05-20 20:47:44,135,135,53,95,,,,,58,28.5,,,
Bogor,Kabupaten Bogor Leuwiliang,2026-05-20 20:00:00,80,80,42,,4,10,0,72,,,,,
Tangerang,Tangerang Pasir Jaya,2026-05-20 20:00:00,103,103,48,,59,63,0,26,,,,,
Bekasi,Bekasi Kayuringin,2026-05-20 20:00:00,107,107,44,,60,13,0,2,,,,,
Jakarta,The Pakubuwono Menteng,2026-05-20 20:49:48,40,40,10,17,,,,,56,29.5,,,
Depok,Cinere - Nafas,2026-05-20 20:49:42,135,135,54,96,,,,,58,28.5,,,
Bogor,Kabupaten Bogor Leuwiliang,2026-05-20 20:00:00,80,80,42,,4,10,0,72,,,,,
Tangerang,Tangerang Pasir Jaya,2026-05-20 20:00:00,103,103,48,,59,63,0,26,,,,,
Bekasi,Bekasi Kayuringin,2026-05-20 20:00:00,107,107,44,,60,13,0,2,,,,,
Jakarta,The Pakubuwono Menteng,2026-05-20 20:51:49,42,42,11,26,,,,,56,29.5,,,
Depok,Cinere - Nafas,2026-05-20 20:51:43,130,130,53,90,,,,,58,28.5,,,
Bogor,Kabupaten Bogor Leuwiliang,2026-05-20 20:00:00,80,80,42,,4,10,0,72,,,,,
Tangerang,Tangerang Pasir Jaya,2026-05-20 20:00:00,103,103,48,,59,63,0,26,,,,,
Bekasi,Bekasi Kayuringin,2026-05-20 20:00:00,107,107,44,,60,13,0,2,,,,,
Jakarta,The Pakubuwono Menteng,2026-05-20 20:51:49,42,42,11,26,,,,,56,29.5,,,
Depok,Cinere - Nafas,2026-05-20 20:51:43,130,130,53,90,,,,,58,28.5,,,
Bogor,Kabupaten Bogor Leuwiliang,2026-05-20 20:00:00,80,80,42,,4,10,0,72,,,,,
Tangerang,Tangerang Pasir Jaya,2026-05-20 20:00:00,103,103,48,,59,63,0,26,,,,,
Bekasi,Bekasi Kayuringin,2026-05-20 20:00:00,107,107,44,,60,13,0,2,,,,,
Jakarta,The Pakubuwono Menteng,2026-05-20 20:53:48,32,32,9,21,,,,,55,29.6,,,
Depok,Cinere - Nafas,2026-05-20 20:53:42,130,130,53,93,,,,,58,28.5,,,
Bogor,Kabupaten Bogor Leuwiliang,2026-05-20 20:00:00,80,80,42,,4,10,0,72,,,,,
Tangerang,Tangerang Pasir Jaya,2026-05-20 20:00:00,103,103,48,,59,63,0,26,,,,,
Bekasi,Bekasi Kayuringin,2026-05-20 20:00:00,107,107,44,,60,13,0,2,,,,,
Jakarta,The Pakubuwono Menteng,2026-05-20 20:53:48,32,32,9,21,,,,,55,29.6,,,
Depok,Cinere - Nafas,2026-05-20 20:53:42,130,130,53,93,,,,,58,28.5,,,
Bogor,Kabupaten Bogor Leuwiliang,2026-05-20 20:00:00,80,80,42,,4,10,0,72,,,,,
Tangerang,Tangerang Pasir Jaya,2026-05-20 20:00:00,103,103,48,,59,63,0,26,,,,,
Bekasi,Bekasi Kayuringin,2026-05-20 20:00:00,107,107,44,,60,13,0,2,,,,,
Jakarta,The Pakubuwono Menteng,2026-05-20 20:56:49,47,47,12,26,,,,,55,29.5,,,
Depok,Cinere - Nafas,2026-05-20 20:56:42,138,138,55,96,,,,,58,28.4,,,
Bogor,Kabupaten Bogor Leuwiliang,2026-05-20 20:00:00,80,80,42,,4,10,0,72,,,,,
Tangerang,Tangerang Pasir Jaya,2026-05-20 20:00:00,103,103,48,,59,63,0,26,,,,,
Bekasi,Bekasi Kayuringin,2026-05-20 20:00:00,107,107,44,,60,13,0,2,,,,,
Jakarta,The Pakubuwono Menteng,2026-05-20 20:56:49,47,47,12,26,,,,,55,29.5,,,
Depok,Cinere - Nafas,2026-05-20 20:58:43,136,136,55,98,,,,,58,28.4,,,
Bogor,Kabupaten Bogor Leuwiliang,2026-05-20 20:00:00,80,80,42,,4,10,0,72,,,,,
Tangerang,Tangerang Pasir Jaya,2026-05-20 20:00:00,103,103,48,,59,63,0,26,,,,,
Bekasi,Bekasi Kayuringin,2026-05-20 20:00:00,107,107,44,,60,13,0,2,,,,,
Jakarta,The Pakubuwono Menteng,2026-05-20 20:58:49,40,40,12,23,,,,,55,29.5,,,
Depok,Cinere - Nafas,2026-05-20 20:58:43,136,136,55,98,,,,,58,28.4,,,
Bogor,Kabupaten Bogor Leuwiliang,2026-05-20 20:00:00,80,80,42,,4,10,0,72,,,,,
Tangerang,Tangerang Pasir Jaya,2026-05-20 20:00:00,103,103,48,,59,63,0,26,,,,,
Bekasi,Bekasi Kayuringin,2026-05-20 20:00:00,107,107,44,,60,13,0,2,,,,,
Jakarta,The Pakubuwono Menteng,2026-05-20 21:00:49,45,45,10,26,,,,,55,29.5,,,
Depok,Cinere - Nafas,2026-05-20 21:00:43,138,138,54,96,,,,,59,28.4,,,
Bogor,Kabupaten Bogor Leuwiliang,2026-05-20 20:00:00,80,80,42,,4,10,0,72,,,,,
Tangerang,Tangerang Pasir Jaya,2026-05-20 20:00:00,103,103,48,,59,63,0,26,,,,,
Bekasi,Bekasi Kayuringin,2026-05-20 20:00:00,107,107,44,,60,13,0,2,,,,,
Jakarta,The Pakubuwono Menteng,2026-05-20 21:02:49,50,50,13,28,,,,,55,29.5,,,
Depok,Cinere - Nafas,2026-05-20 21:02:43,141,141,56,98,,,,,59,28.3,,,
Bogor,Kabupaten Bogor Leuwiliang,2026-05-20 20:00:00,80,80,42,,4,10,0,72,,,,,
Tangerang,Tangerang Pasir Jaya,2026-05-20 20:00:00,103,103,48,,59,63,0,26,,,,,
Bekasi,Bekasi Kayuringin,2026-05-20 20:00:00,107,107,44,,60,13,0,2,,,,,
Jakarta,The Pakubuwono Menteng,2026-05-20 21:02:49,50,50,13,28,,,,,55,29.5,,,
Depok,Cinere - Nafas,2026-05-20 21:02:43,141,141,56,98,,,,,59,28.3,,,
Bogor,Kabupaten Bogor Leuwiliang,2026-05-20 20:00:00,80,80,42,,4,10,0,72,,,,,
Tangerang,Tangerang Pasir Jaya,2026-05-20 20:00:00,103,103,48,,59,63,0,26,,,,,
Bekasi,Bekasi Kayuringin,2026-05-20 20:00:00,107,107,44,,60,13,0,2,,,,,
Jakarta,The Pakubuwono Menteng,2026-05-20 21:03:49,51,51,13,30,,,,,55,29.5,,,
Depok,Cinere - Nafas,2026-05-20 21:03:44,140,140,55,99,,,,,59,28.3,,,
Bogor,Kabupaten Bogor Leuwiliang,2026-05-20 20:00:00,80,80,42,,4,10,0,72,,,,,
Tangerang,Tangerang Pasir Jaya,2026-05-20 20:00:00,103,103,48,,59,63,0,26,,,,,
Bekasi,Bekasi Kayuringin,2026-05-20 20:00:00,107,107,44,,60,13,0,2,,,,,
Jakarta,The Pakubuwono Menteng,2026-05-20 21:03:49,51,51,13,30,,,,,55,29.5,,,
Depok,Cinere - Nafas,2026-05-20 21:03:44,140,140,55,99,,,,,59,28.3,,,
Bogor,Kabupaten Bogor Leuwiliang,2026-05-20 20:00:00,80,80,42,,4,10,0,72,,,,,
Tangerang,Tangerang Pasir Jaya,2026-05-20 20:00:00,103,103,48,,59,63,0,26,,,,,
Bekasi,Bekasi Kayuringin,2026-05-20 20:00:00,107,107,44,,60,13,0,2,,,,,
Jakarta,The Pakubuwono Menteng,2026-05-20 21:06:49,44,44,12,19,,,,,55,29.5,,,
Depok,Cinere - Nafas,2026-05-20 21:06:43,140,140,56,99,,,,,59,28.2,,,
Bogor,Kabupaten Bogor Leuwiliang,2026-05-20 20:00:00,80,80,42,,4,10,0,72,,,,,
Tangerang,Tangerang Pasir Jaya,2026-05-20 20:00:00,103,103,48,,59,63,0,26,,,,,
Bekasi,Bekasi Kayuringin,2026-05-20 20:00:00,107,107,44,,60,13,0,2,,,,,
Jakarta,The Pakubuwono Menteng,2026-05-20 21:06:49,44,44,12,19,,,,,55,29.5,,,
Depok,Cinere - Nafas,2026-05-20 21:06:43,140,140,56,99,,,,,59,28.2,,,
Bogor,Kabupaten Bogor Leuwiliang,2026-05-20 20:00:00,80,80,42,,4,10,0,72,,,,,
Tangerang,Tangerang Pasir Jaya,2026-05-20 20:00:00,103,103,48,,59,63,0,26,,,,,
Bekasi,Bekasi Kayuringin,2026-05-20 20:00:00,107,107,44,,60,13,0,2,,,,,
Jakarta,The Pakubuwono Menteng,2026-05-20 21:08:49,42,42,10,24,,,,,55,29.5,,,
Depok,Cinere - Nafas,2026-05-20 21:08:43,141,141,56,97,,,,,59,28.2,,,
Bogor,Kabupaten Bogor Leuwiliang,2026-05-20 21:00:00,79,79,42,,4,10,0,72,,,,,
Tangerang,Tangerang Pasir Jaya,2026-05-20 21:00:00,108,108,50,,59,63,0,26,,,,,
Bekasi,Bekasi Kayuringin,2026-05-20 21:00:00,107,107,44,,60,13,0,2,,,,,
Jakarta,The Pakubuwono Menteng,2026-05-20 21:10:50,24,24,5,13,,,,,55,29.5,,,
Depok,Cinere - Nafas,2026-05-20 21:10:43,152,152,59,110,,,,,59,28.2,,,
Bogor,Kabupaten Bogor Leuwiliang,2026-05-20 21:00:00,79,79,42,,4,10,0,72,,,,,
Tangerang,Tangerang Pasir Jaya,2026-05-20 21:00:00,108,108,50,,59,63,0,26,,,,,
Bekasi,Bekasi Kayuringin,2026-05-20 21:00:00,107,107,44,,60,13,0,2,,,,,
Jakarta,The Pakubuwono Menteng,2026-05-20 21:11:49,39,39,9,22,,,,,55,29.5,,,
Depok,Cinere - Nafas,2026-05-20 21:11:43,152,152,59,111,,,,,59,28.2,,,
Bogor,Kabupaten Bogor Leuwiliang,2026-05-20 21:00:00,79,79,42,,4,10,0,72,,,,,
Tangerang,Tangerang Pasir Jaya,2026-05-20 21:00:00,108,108,50,,59,63,0,26,,,,,
Bekasi,Bekasi Kayuringin,2026-05-20 21:00:00,107,107,44,,60,13,0,2,,,,,
Jakarta,The Pakubuwono Menteng,2026-05-20 21:11:49,39,39,9,22,,,,,55,29.5,,,
Depok,Cinere - Nafas,2026-05-20 21:11:43,152,152,59,111,,,,,59,28.2,,,
Bogor,Kabupaten Bogor Leuwiliang,2026-05-20 21:00:00,79,79,42,,4,10,0,72,,,,,
Tangerang,Tangerang Pasir Jaya,2026-05-20 21:00:00,108,108,50,,59,63,0,26,,,,,
Bekasi,Bekasi Kayuringin,2026-05-20 21:00:00,107,107,44,,60,13,0,2,,,,,
Jakarta,The Pakubuwono Menteng,2026-05-20 21:13:49,35,35,8,19,,,,,55,29.5,,,
Depok,Cinere - Nafas,2026-05-20 21:13:43,156,156,61,119,,,,,59,28.2,,,
Bogor,Kabupaten Bogor Leuwiliang,2026-05-20 21:00:00,79,79,42,,4,10,0,72,,,,,
Tangerang,Tangerang Pasir Jaya,2026-05-20 21:00:00,108,108,50,,59,63,0,26,,,,,
Bekasi,Bekasi Kayuringin,2026-05-20 21:00:00,107,107,44,,60,13,0,2,,,,,
Jakarta,The Pakubuwono Menteng,2026-05-20 21:13:49,35,35,8,19,,,,,55,29.5,,,
Depok,Cinere - Nafas,2026-05-20 21:13:43,156,156,61,119,,,,,59,28.2,,,
Bogor,Kabupaten Bogor Leuwiliang,2026-05-20 21:00:00,79,79,42,,4,10,0,72,,,,,
Tangerang,Tangerang Pasir Jaya,2026-05-20 21:00:00,108,108,50,,59,63,0,26,,,,,
Bekasi,Bekasi Kayuringin,2026-05-20 21:00:00,107,107,44,,60,13,0,2,,,,,
Jakarta,The Pakubuwono Menteng,2026-05-20 21:15:49,42,42,10,26,,,,,56,29.5,,,
Depok,Cinere - Nafas,2026-05-20 21:15:43,157,157,61,125,,,,,59,28.2,,,
Bogor,Kabupaten Bogor Leuwiliang,2026-05-20 21:00:00,79,79,42,,4,10,0,72,,,,,
Tangerang,Tangerang Pasir Jaya,2026-05-20 21:00:00,108,108,50,,59,63,0,26,,,,,
Bekasi,Bekasi Kayuringin,2026-05-20 21:00:00,107,107,44,,60,13,0,2,,,,,
Jakarta,The Pakubuwono Menteng,2026-05-20 21:15:49,42,42,10,26,,,,,56,29.5,,,
Depok,Cinere - Nafas,2026-05-20 21:15:43,157,157,61,125,,,,,59,28.2,,,
Bogor,Kabupaten Bogor Leuwiliang,2026-05-20 21:00:00,79,79,42,,4,10,0,72,,,,,
Tangerang,Tangerang Pasir Jaya,2026-05-20 21:00:00,108,108,50,,59,63,0,26,,,,,
Bekasi,Bekasi Kayuringin,2026-05-20 21:00:00,107,107,44,,60,13,0,2,,,,,
Jakarta,The Pakubuwono Menteng,2026-05-20 21:17:49,35,35,10,24,,,,,55,29.5,,,
Depok,Cinere - Nafas,2026-05-20 21:17:43,158,158,62,131,,,,,59,28.2,,,
Bogor,Kabupaten Bogor Leuwiliang,2026-05-20 21:00:00,79,79,42,,4,10,0,72,,,,,
Tangerang,Tangerang Pasir Jaya,2026-05-20 21:00:00,108,108,50,,59,63,0,26,,,,,
Bekasi,Bekasi Kayuringin,2026-05-20 21:00:00,107,107,44,,60,13,0,2,,,,,
Jakarta,The Pakubuwono Menteng,2026-05-20 21:17:49,35,35,10,24,,,,,55,29.5,,,
Depok,Cinere - Nafas,2026-05-20 21:17:43,158,158,62,131,,,,,59,28.2,,,
Bogor,Kabupaten Bogor Leuwiliang,2026-05-20 21:00:00,79,79,42,,4,10,0,72,,,,,
Tangerang,Tangerang Pasir Jaya,2026-05-20 21:00:00,108,108,50,,59,63,0,26,,,,,
Bekasi,Bekasi Kayuringin,2026-05-20 21:00:00,107,107,44,,60,13,0,2,,,,,
Jakarta,The Pakubuwono Menteng,2026-05-20 21:19:49,48,48,13,30,,,,,55,29.5,,,
Depok,Cinere - Nafas,2026-05-20 21:19:44,159,159,62,130,,,,,59,28.2,,,
Bogor,Kabupaten Bogor Leuwiliang,2026-05-20 21:00:00,79,79,42,,4,10,0,72,,,,,
Tangerang,Tangerang Pasir Jaya,2026-05-20 21:00:00,108,108,50,,59,63,0,26,,,,,
Bekasi,Bekasi Kayuringin,2026-05-20 21:00:00,107,107,44,,60,13,0,2,,,,,
Jakarta,The Pakubuwono Menteng,2026-05-20 21:21:49,45,45,10,26,,,,,55,29.5,,,
Depok,Cinere - Nafas,2026-05-20 21:21:43,158,158,62,135,,,,,59,28.1,,,
Bogor,Kabupaten Bogor Leuwiliang,2026-05-20 21:00:00,79,79,42,,4,10,0,72,,,,,
Tangerang,Tangerang Pasir Jaya,2026-05-20 21:00:00,108,108,50,,59,63,0,26,,,,,
Bekasi,Bekasi Kayuringin,2026-05-20 21:00:00,107,107,44,,60,13,0,2,,,,,
Jakarta,The Pakubuwono Menteng,2026-05-20 21:21:49,45,45,10,26,,,,,55,29.5,,,
Depok,Cinere - Nafas,2026-05-20 21:21:43,158,158,62,135,,,,,59,28.1,,,
Bogor,Kabupaten Bogor Leuwiliang,2026-05-20 21:00:00,79,79,42,,4,10,0,72,,,,,
Tangerang,Tangerang Pasir Jaya,2026-05-20 21:00:00,108,108,50,,59,63,0,26,,,,,
Bekasi,Bekasi Kayuringin,2026-05-20 21:00:00,107,107,44,,60,13,0,2,,,,,
Jakarta,The Pakubuwono Menteng,2026-05-20 21:23:49,43,43,10,26,,,,,55,29.5,,,
Depok,Cinere - Nafas,2026-05-20 21:23:43,158,158,62,131,,,,,59,28.1,,,
Bogor,Kabupaten Bogor Leuwiliang,2026-05-20 21:00:00,79,79,42,,4,10,0,72,,,,,
Tangerang,Tangerang Pasir Jaya,2026-05-20 21:00:00,108,108,50,,59,63,0,26,,,,,
Bekasi,Bekasi Kayuringin,2026-05-20 21:00:00,107,107,44,,60,13,0,2,,,,,
Jakarta,The Pakubuwono Menteng,2026-05-20 21:23:49,43,43,10,26,,,,,55,29.5,,,
Depok,Cinere - Nafas,2026-05-20 21:23:43,158,158,62,131,,,,,59,28.1,,,
Bogor,Kabupaten Bogor Leuwiliang,2026-05-20 21:00:00,79,79,42,,4,10,0,72,,,,,
Tangerang,Tangerang Pasir Jaya,2026-05-20 21:00:00,108,108,50,,59,63,0,26,,,,,
Bekasi,Bekasi Kayuringin,2026-05-20 21:00:00,107,107,44,,60,13,0,2,,,,,
Jakarta,The Pakubuwono Menteng,2026-05-20 21:25:49,42,42,11,26,,,,,56,29.5,,,
Depok,Cinere - Nafas,2026-05-20 21:25:43,157,157,62,126,,,,,59,28.1,,,
Bogor,Kabupaten Bogor Leuwiliang,2026-05-20 21:00:00,79,79,42,,4,10,0,72,,,,,
Tangerang,Tangerang Pasir Jaya,2026-05-20 21:00:00,108,108,50,,59,63,0,26,,,,,
Bekasi,Bekasi Kayuringin,2026-05-20 21:00:00,107,107,44,,60,13,0,2,,,,,
Jakarta,The Pakubuwono Menteng,2026-05-20 21:25:49,42,42,11,26,,,,,56,29.5,,,
Depok,Cinere - Nafas,2026-05-20 21:25:43,157,157,62,126,,,,,59,28.1,,,
Bogor,Kabupaten Bogor Leuwiliang,2026-05-20 21:00:00,79,79,42,,4,10,0,72,,,,,
Tangerang,Tangerang Pasir Jaya,2026-05-20 21:00:00,108,108,50,,59,63,0,26,,,,,
Bekasi,Bekasi Kayuringin,2026-05-20 21:00:00,107,107,44,,60,13,0,2,,,,,
Jakarta,The Pakubuwono Menteng,2026-05-20 21:28:49,51,51,13,25,,,,,55,29.5,,,
Depok,Cinere - Nafas,2026-05-20 21:28:43,155,155,61,123,,,,,59,28.1,,,
Bogor,Kabupaten Bogor Leuwiliang,2026-05-20 21:00:00,79,79,42,,4,10,0,72,,,,,
Tangerang,Tangerang Pasir Jaya,2026-05-20 21:00:00,108,108,50,,59,63,0,26,,,,,
Bekasi,Bekasi Kayuringin,2026-05-20 21:00:00,107,107,44,,60,13,0,2,,,,,
Jakarta,The Pakubuwono Menteng,2026-05-20 21:28:49,51,51,13,25,,,,,55,29.5,,,
Depok,Cinere - Nafas,2026-05-20 21:28:43,155,155,61,123,,,,,59,28.1,,,
Bogor,Kabupaten Bogor Leuwiliang,2026-05-20 21:00:00,79,79,42,,4,10,0,72,,,,,
Tangerang,Tangerang Pasir Jaya,2026-05-20 21:00:00,108,108,50,,59,63,0,26,,,,,
Bekasi,Bekasi Kayuringin,2026-05-20 21:00:00,107,107,44,,60,13,0,2,,,,,
Jakarta,The Pakubuwono Menteng,2026-05-20 21:30:49,33,33,7,24,,,,,55,29.5,,,
Depok,Cinere - Nafas,2026-05-20 21:30:43,156,156,61,123,,,,,59,28.1,,,
Bogor,Kabupaten Bogor Leuwiliang,2026-05-20 21:00:00,79,79,42,,4,10,0,72,,,,,
Tangerang,Tangerang Pasir Jaya,2026-05-20 21:00:00,108,108,50,,59,63,0,26,,,,,
Bekasi,Bekasi Kayuringin,2026-05-20 21:00:00,107,107,44,,60,13,0,2,,,,,
Jakarta,The Pakubuwono Menteng,2026-05-20 21:32:49,53,53,14,28,,,,,55,29.5,,,
Depok,Cinere - Nafas,2026-05-20 21:32:43,156,156,61,125,,,,,59,28.1,,,
Bogor,Kabupaten Bogor Leuwiliang,2026-05-20 21:00:00,79,79,42,,4,10,0,72,,,,,
Tangerang,Tangerang Pasir Jaya,2026-05-20 21:00:00,108,108,50,,59,63,0,26,,,,,
Bekasi,Bekasi Kayuringin,2026-05-20 21:00:00,107,107,44,,60,13,0,2,,,,,
Jakarta,The Pakubuwono Menteng,2026-05-20 21:34:49,40,40,9,26,,,,,55,29.5,,,
Depok,Cinere - Nafas,2026-05-20 21:34:43,160,160,63,135,,,,,59,28.1,,,
Bogor,Kabupaten Bogor Leuwiliang,2026-05-20 21:00:00,79,79,42,,4,10,0,72,,,,,
Tangerang,Tangerang Pasir Jaya,2026-05-20 21:00:00,108,108,50,,59,63,0,26,,,,,
Bekasi,Bekasi Kayuringin,2026-05-20 21:00:00,107,107,44,,60,13,0,2,,,,,
Jakarta,The Pakubuwono Menteng,2026-05-20 21:34:49,40,40,9,26,,,,,55,29.5,,,
Depok,Cinere - Nafas,2026-05-20 21:34:43,160,160,63,135,,,,,59,28.1,,,
Bogor,Kabupaten Bogor Leuwiliang,2026-05-20 21:00:00,79,79,42,,4,10,0,72,,,,,
Tangerang,Tangerang Pasir Jaya,2026-05-20 21:00:00,108,108,50,,59,63,0,26,,,,,
Bekasi,Bekasi Kayuringin,2026-05-20 21:00:00,107,107,44,,60,13,0,2,,,,,
Jakarta,The Pakubuwono Menteng,2026-05-20 21:36:49,46,46,12,29,,,,,55,29.5,,,
Depok,Cinere - Nafas,2026-05-20 21:36:43,193,193,95,170,,,,,59,28,,,
Bogor,Kabupaten Bogor Leuwiliang,2026-05-20 21:00:00,79,79,42,,4,10,0,72,,,,,
Tangerang,Tangerang Pasir Jaya,2026-05-20 21:00:00,108,108,50,,59,63,0,26,,,,,
Bekasi,Bekasi Kayuringin,2026-05-20 21:00:00,107,107,44,,60,13,0,2,,,,,
Jakarta,The Pakubuwono Menteng,2026-05-20 21:36:49,46,46,12,29,,,,,55,29.5,,,
Depok,Cinere - Nafas,2026-05-20 21:36:43,193,193,95,170,,,,,59,28,,,
Bogor,Kabupaten Bogor Leuwiliang,2026-05-20 21:00:00,79,79,42,,4,10,0,72,,,,,
Tangerang,Tangerang Pasir Jaya,2026-05-20 21:00:00,108,108,50,,59,63,0,26,,,,,
Bekasi,Bekasi Kayuringin,2026-05-20 21:00:00,107,107,44,,60,13,0,2,,,,,
Jakarta,The Pakubuwono Menteng,2026-05-20 21:38:49,48,48,11,27,,,,,55,29.5,,,
Depok,Cinere - Nafas,2026-05-20 21:38:45,275,275,143,200,,,,,59,28,,,
Bogor,Kabupaten Bogor Leuwiliang,2026-05-20 21:00:00,79,79,42,,4,10,0,72,,,,,
Tangerang,Tangerang Pasir Jaya,2026-05-20 21:00:00,108,108,50,,59,63,0,26,,,,,
Bekasi,Bekasi Kayuringin,2026-05-20 21:00:00,107,107,44,,60,13,0,2,,,,,
Jakarta,The Pakubuwono Menteng,2026-05-20 21:40:49,37,37,10,21,,,,,55,29.5,,,
Depok,Cinere - Nafas,2026-05-20 21:40:43,306,306,156,216,,,,,59,28,,,
Bogor,Kabupaten Bogor Leuwiliang,2026-05-20 21:00:00,79,79,42,,4,10,0,72,,,,,
Tangerang,Tangerang Pasir Jaya,2026-05-20 21:00:00,108,108,50,,59,63,0,26,,,,,
Bekasi,Bekasi Kayuringin,2026-05-20 21:00:00,107,107,44,,60,13,0,2,,,,,
Jakarta,The Pakubuwono Menteng,2026-05-20 21:40:49,37,37,10,21,,,,,55,29.5,,,
Depok,Cinere - Nafas,2026-05-20 21:40:43,306,306,156,216,,,,,59,28,,,
Bogor,Kabupaten Bogor Leuwiliang,2026-05-20 21:00:00,79,79,42,,4,10,0,72,,,,,
Tangerang,Tangerang Pasir Jaya,2026-05-20 21:00:00,108,108,50,,59,63,0,26,,,,,
Bekasi,Bekasi Kayuringin,2026-05-20 21:00:00,107,107,44,,60,13,0,2,,,,,
Jakarta,The Pakubuwono Menteng,2026-05-20 21:42:49,51,51,13,30,,,,,55,29.5,,,
Depok,Cinere - Nafas,2026-05-20 21:42:44,193,193,96,170,,,,,59,28,,,
Bogor,Kabupaten Bogor Leuwiliang,2026-05-20 21:00:00,79,79,42,,4,10,0,72,,,,,
Tangerang,Tangerang Pasir Jaya,2026-05-20 21:00:00,108,108,50,,59,63,0,26,,,,,
Bekasi,Bekasi Kayuringin,2026-05-20 21:00:00,107,107,44,,60,13,0,2,,,,,
Jakarta,The Pakubuwono Menteng,2026-05-20 21:42:49,51,51,13,30,,,,,55,29.5,,,
Depok,Cinere - Nafas,2026-05-20 21:42:44,193,193,96,170,,,,,59,28,,,
Bogor,Kabupaten Bogor Leuwiliang,2026-05-20 21:00:00,79,79,42,,4,10,0,72,,,,,
Tangerang,Tangerang Pasir Jaya,2026-05-20 21:00:00,108,108,50,,59,63,0,26,,,,,
Bekasi,Bekasi Kayuringin,2026-05-20 21:00:00,107,107,44,,60,13,0,2,,,,,
Jakarta,The Pakubuwono Menteng,2026-05-20 21:44:49,48,48,12,24,,,,,56,29.5,,,
Depok,Cinere - Nafas,2026-05-20 21:44:43,186,186,89,164,,,,,59,28,,,
Bogor,Kabupaten Bogor Leuwiliang,2026-05-20 21:00:00,79,79,42,,4,10,0,72,,,,,
Tangerang,Tangerang Pasir Jaya,2026-05-20 21:00:00,108,108,50,,59,63,0,26,,,,,
Bekasi,Bekasi Kayuringin,2026-05-20 21:00:00,107,107,44,,60,13,0,2,,,,,
Jakarta,The Pakubuwono Menteng,2026-05-20 21:46:50,54,54,14,30,,,,,56,29.5,,,
Depok,Cinere - Nafas,2026-05-20 21:46:44,180,180,83,162,,,,,59,28,,,
Bogor,Kabupaten Bogor Leuwiliang,2026-05-20 21:00:00,79,79,42,,4,10,0,72,,,,,
Tangerang,Tangerang Pasir Jaya,2026-05-20 21:00:00,108,108,50,,59,63,0,26,,,,,
Bekasi,Bekasi Kayuringin,2026-05-20 21:00:00,107,107,44,,60,13,0,2,,,,,
Jakarta,The Pakubuwono Menteng,2026-05-20 21:46:50,54,54,14,30,,,,,56,29.5,,,
Depok,Cinere - Nafas,2026-05-20 21:46:44,180,180,83,162,,,,,59,28,,,
Bogor,Kabupaten Bogor Leuwiliang,2026-05-20 21:00:00,79,79,42,,4,10,0,72,,,,,
Tangerang,Tangerang Pasir Jaya,2026-05-20 21:00:00,108,108,50,,59,63,0,26,,,,,
Bekasi,Bekasi Kayuringin,2026-05-20 21:00:00,107,107,44,,60,13,0,2,,,,,
Jakarta,The Pakubuwono Menteng,2026-05-20 21:48:50,38,38,11,27,,,,,56,29.4,,,
Depok,Cinere - Nafas,2026-05-20 21:48:44,166,166,69,152,,,,,59,28,,,
Bogor,Kabupaten Bogor Leuwiliang,2026-05-20 21:00:00,79,79,42,,4,10,0,72,,,,,
Tangerang,Tangerang Pasir Jaya,2026-05-20 21:00:00,108,108,50,,59,63,0,26,,,,,
Bekasi,Bekasi Kayuringin,2026-05-20 21:00:00,107,107,44,,60,13,0,2,,,,,
Jakarta,The Pakubuwono Menteng,2026-05-20 21:50:50,38,38,9,26,,,,,56,29.4,,,
Depok,Cinere - Nafas,2026-05-20 21:50:44,159,159,63,140,,,,,59,28,,,
Bogor,Kabupaten Bogor Leuwiliang,2026-05-20 21:00:00,79,79,42,,4,10,0,72,,,,,
Tangerang,Tangerang Pasir Jaya,2026-05-20 21:00:00,108,108,50,,59,63,0,26,,,,,
Bekasi,Bekasi Kayuringin,2026-05-20 21:00:00,107,107,44,,60,13,0,2,,,,,
Jakarta,The Pakubuwono Menteng,2026-05-20 21:50:50,38,38,9,26,,,,,56,29.4,,,
Depok,Cinere - Nafas,2026-05-20 21:50:44,159,159,63,140,,,,,59,28,,,
Bogor,Kabupaten Bogor Leuwiliang,2026-05-20 21:00:00,79,79,42,,4,10,0,72,,,,,
Tangerang,Tangerang Pasir Jaya,2026-05-20 21:00:00,108,108,50,,59,63,0,26,,,,,
Bekasi,Bekasi Kayuringin,2026-05-20 21:00:00,107,107,44,,60,13,0,2,,,,,
Jakarta,The Pakubuwono Menteng,2026-05-20 21:51:50,55,55,15,38,,,,,56,29.4,,,
Depok,Cinere - Nafas,2026-05-20 21:51:44,158,158,61,130,,,,,59,28,,,
Bogor,Kabupaten Bogor Leuwiliang,2026-05-20 21:00:00,79,79,42,,4,10,0,72,,,,,
Tangerang,Tangerang Pasir Jaya,2026-05-20 21:00:00,108,108,50,,59,63,0,26,,,,,
Bekasi,Bekasi Kayuringin,2026-05-20 21:00:00,107,107,44,,60,13,0,2,,,,,
Jakarta,The Pakubuwono Menteng,2026-05-20 21:53:50,59,59,17,33,,,,,57,29.4,,,
Depok,Cinere - Nafas,2026-05-20 21:53:44,153,153,59,114,,,,,59,28,,,
Bogor,Kabupaten Bogor Leuwiliang,2026-05-20 21:00:00,79,79,42,,4,10,0,72,,,,,
Tangerang,Tangerang Pasir Jaya,2026-05-20 21:00:00,108,108,50,,59,63,0,26,,,,,
Bekasi,Bekasi Kayuringin,2026-05-20 21:00:00,107,107,44,,60,13,0,2,,,,,
Jakarta,The Pakubuwono Menteng,2026-05-20 21:53:50,59,59,17,33,,,,,57,29.4,,,
Depok,Cinere - Nafas,2026-05-20 21:53:44,153,153,59,114,,,,,59,28,,,
Bogor,Kabupaten Bogor Leuwiliang,2026-05-20 21:00:00,79,79,42,,4,10,0,72,,,,,
Tangerang,Tangerang Pasir Jaya,2026-05-20 21:00:00,108,108,50,,59,63,0,26,,,,,
Bekasi,Bekasi Kayuringin,2026-05-20 21:00:00,107,107,44,,60,13,0,2,,,,,
Jakarta,The Pakubuwono Menteng,2026-05-20 21:55:50,64,64,18,35,,,,,56,29.4,,,
Depok,Cinere - Nafas,2026-05-20 21:55:46,153,153,60,118,,,,,59,28,,,
Bogor,Kabupaten Bogor Leuwiliang,2026-05-20 21:00:00,79,79,42,,4,10,0,72,,,,,
Tangerang,Tangerang Pasir Jaya,2026-05-20 21:00:00,108,108,50,,59,63,0,26,,,,,
Bekasi,Bekasi Kayuringin,2026-05-20 21:00:00,107,107,44,,60,13,0,2,,,,,
Jakarta,The Pakubuwono Menteng,2026-05-20 21:57:50,66,66,20,35,,,,,57,29.3,,,
Depok,Cinere - Nafas,2026-05-20 21:57:45,154,154,59,116,,,,,59,28,,,
Bogor,Kabupaten Bogor Leuwiliang,2026-05-20 21:00:00,79,79,42,,4,10,0,72,,,,,
Tangerang,Tangerang Pasir Jaya,2026-05-20 21:00:00,108,108,50,,59,63,0,26,,,,,
Bekasi,Bekasi Kayuringin,2026-05-20 21:00:00,107,107,44,,60,13,0,2,,,,,
Jakarta,The Pakubuwono Menteng,2026-05-20 21:57:50,66,66,20,35,,,,,57,29.3,,,
Depok,Cinere - Nafas,2026-05-20 21:57:45,154,154,59,116,,,,,59,28,,,
Bogor,Kabupaten Bogor Leuwiliang,2026-05-20 21:00:00,79,79,42,,4,10,0,72,,,,,
Tangerang,Tangerang Pasir Jaya,2026-05-20 21:00:00,108,108,50,,59,63,0,26,,,,,
Bekasi,Bekasi Kayuringin,2026-05-20 21:00:00,107,107,44,,60,13,0,2,,,,,
Jakarta,The Pakubuwono Menteng,2026-05-20 21:59:50,70,70,20,51,,,,,57,29.3,,,
Depok,Cinere - Nafas,2026-05-20 21:59:44,156,156,61,124,,,,,59,28,,,
Bogor,Kabupaten Bogor Leuwiliang,2026-05-20 21:00:00,79,79,42,,4,10,0,72,,,,,
Tangerang,Tangerang Pasir Jaya,2026-05-20 21:00:00,108,108,50,,59,63,0,26,,,,,
Bekasi,Bekasi Kayuringin,2026-05-20 21:00:00,107,107,44,,60,13,0,2,,,,,
Jakarta,The Pakubuwono Menteng,2026-05-20 21:59:50,70,70,20,51,,,,,57,29.3,,,
Depok,Cinere - Nafas,2026-05-20 21:59:44,156,156,61,124,,,,,59,28,,,
Bogor,Kabupaten Bogor Leuwiliang,2026-05-20 21:00:00,79,79,42,,4,10,0,72,,,,,
Tangerang,Tangerang Pasir Jaya,2026-05-20 21:00:00,108,108,50,,59,63,0,26,,,,,
Bekasi,Bekasi Kayuringin,2026-05-20 21:00:00,107,107,44,,60,13,0,2,,,,,
Jakarta,The Pakubuwono Menteng,2026-05-20 22:01:50,72,72,20,50,,,,,57,29.3,,,
Depok,Cinere - Nafas,2026-05-20 22:01:44,156,156,61,125,,,,,59,28,,,
Bogor,Kabupaten Bogor Leuwiliang,2026-05-20 21:00:00,79,79,42,,4,10,0,72,,,,,
Tangerang,Tangerang Pasir Jaya,2026-05-20 21:00:00,108,108,50,,59,63,0,26,,,,,
Bekasi,Bekasi Kayuringin,2026-05-20 21:00:00,107,107,44,,60,13,0,2,,,,,
Jakarta,The Pakubuwono Menteng,2026-05-20 22:03:50,72,72,21,50,,,,,57,29.3,,,
Depok,Cinere - Nafas,2026-05-20 22:03:44,156,156,61,130,,,,,59,28,,,
Bogor,Kabupaten Bogor Leuwiliang,2026-05-20 21:00:00,79,79,42,,4,10,0,72,,,,,
Tangerang,Tangerang Pasir Jaya,2026-05-20 21:00:00,108,108,50,,59,63,0,26,,,,,
Bekasi,Bekasi Kayuringin,2026-05-20 21:00:00,107,107,44,,60,13,0,2,,,,,
Jakarta,The Pakubuwono Menteng,2026-05-20 22:03:50,72,72,21,50,,,,,57,29.3,,,
Depok,Cinere - Nafas,2026-05-20 22:03:44,156,156,61,130,,,,,59,28,,,
Bogor,Kabupaten Bogor Leuwiliang,2026-05-20 21:00:00,79,79,42,,4,10,0,72,,,,,
Tangerang,Tangerang Pasir Jaya,2026-05-20 21:00:00,108,108,50,,59,63,0,26,,,,,
Bekasi,Bekasi Kayuringin,2026-05-20 21:00:00,107,107,44,,60,13,0,2,,,,,
Jakarta,The Pakubuwono Menteng,2026-05-20 22:05:50,72,72,21,53,,,,,57,29.3,,,
Depok,Cinere - Nafas,2026-05-20 22:05:45,158,158,61,133,,,,,59,28,,,
Bogor,Kabupaten Bogor Leuwiliang,2026-05-20 21:00:00,79,79,42,,4,10,0,72,,,,,
Tangerang,Tangerang Pasir Jaya,2026-05-20 21:00:00,108,108,50,,59,63,0,26,,,,,
Bekasi,Bekasi Kayuringin,2026-05-20 21:00:00,107,107,44,,60,13,0,2,,,,,
Jakarta,The Pakubuwono Menteng,2026-05-20 22:05:50,72,72,21,53,,,,,57,29.3,,,
Depok,Cinere - Nafas,2026-05-20 22:05:45,158,158,61,133,,,,,59,28,,,
Bogor,Kabupaten Bogor Leuwiliang,2026-05-20 21:00:00,79,79,42,,4,10,0,72,,,,,
Tangerang,Tangerang Pasir Jaya,2026-05-20 21:00:00,108,108,50,,59,63,0,26,,,,,
Bekasi,Bekasi Kayuringin,2026-05-20 21:00:00,107,107,44,,60,13,0,2,,,,,
Jakarta,The Pakubuwono Menteng,2026-05-20 22:07:51,80,80,24,60,,,,,57,29.3,,,
Depok,Cinere - Nafas,2026-05-20 22:07:44,160,160,64,136,,,,,60,28,,,
Bogor,Kabupaten Bogor Leuwiliang,2026-05-20 21:00:00,79,79,42,,4,10,0,72,,,,,
Tangerang,Tangerang Pasir Jaya,2026-05-20 21:00:00,108,108,50,,59,63,0,26,,,,,
Bekasi,Bekasi Kayuringin,2026-05-20 21:00:00,107,107,44,,60,13,0,2,,,,,
Jakarta,The Pakubuwono Menteng,2026-05-20 22:07:51,80,80,24,60,,,,,57,29.3,,,
Depok,Cinere - Nafas,2026-05-20 22:09:44,160,160,63,138,,,,,60,28,,,
Bogor,Kabupaten Bogor Leuwiliang,2026-05-20 22:00:00,78,78,41,,4,10,0,72,,,,,
Tangerang,Tangerang Pasir Jaya,2026-05-20 22:00:00,112,112,51,,59,63,0,26,,,,,
Bekasi,Bekasi Kayuringin,2026-05-20 22:00:00,108,108,45,,60,13,0,2,,,,,
Jakarta,The Pakubuwono Menteng,2026-05-20 22:11:50,76,76,23,62,,,,,57,29.3,,,
Depok,Cinere - Nafas,2026-05-20 22:11:44,160,160,62,135,,,,,60,28,,,
Bogor,Kabupaten Bogor Leuwiliang,2026-05-20 22:00:00,78,78,41,,4,10,0,72,,,,,
Tangerang,Tangerang Pasir Jaya,2026-05-20 22:00:00,112,112,51,,59,63,0,26,,,,,
Bekasi,Bekasi Kayuringin,2026-05-20 22:00:00,108,108,45,,60,13,0,2,,,,,
Jakarta,The Pakubuwono Menteng,2026-05-20 22:11:50,76,76,23,62,,,,,57,29.3,,,
Depok,Cinere - Nafas,2026-05-20 22:11:44,160,160,62,135,,,,,60,28,,,
Bogor,Kabupaten Bogor Leuwiliang,2026-05-20 22:00:00,78,78,41,,4,10,0,72,,,,,
Tangerang,Tangerang Pasir Jaya,2026-05-20 22:00:00,112,112,51,,59,63,0,26,,,,,
Bekasi,Bekasi Kayuringin,2026-05-20 22:00:00,108,108,45,,60,13,0,2,,,,,
Jakarta,The Pakubuwono Menteng,2026-05-20 22:12:50,74,74,21,61,,,,,57,29.2,,,
Depok,Cinere - Nafas,2026-05-20 22:12:44,159,159,61,134,,,,,60,28,,,
Bogor,Kabupaten Bogor Leuwiliang,2026-05-20 22:00:00,78,78,41,,4,10,0,72,,,,,
Tangerang,Tangerang Pasir Jaya,2026-05-20 22:00:00,112,112,51,,59,63,0,26,,,,,
Bekasi,Bekasi Kayuringin,2026-05-20 22:00:00,108,108,45,,60,13,0,2,,,,,
Jakarta,The Pakubuwono Menteng,2026-05-20 22:12:50,74,74,21,61,,,,,57,29.2,,,
Depok,Cinere - Nafas,2026-05-20 22:12:44,159,159,61,134,,,,,60,28,,,
Bogor,Kabupaten Bogor Leuwiliang,2026-05-20 22:00:00,78,78,41,,4,10,0,72,,,,,
Tangerang,Tangerang Pasir Jaya,2026-05-20 22:00:00,112,112,51,,59,63,0,26,,,,,
Bekasi,Bekasi Kayuringin,2026-05-20 22:00:00,108,108,45,,60,13,0,2,,,,,
Jakarta,The Pakubuwono Menteng,2026-05-20 22:14:51,71,71,21,54,,,,,57,29.2,,,
Depok,Cinere - Nafas,2026-05-20 22:14:44,162,162,68,142,,,,,60,27.9,,,
Bogor,Kabupaten Bogor Leuwiliang,2026-05-20 22:00:00,78,78,41,,4,10,0,72,,,,,
Tangerang,Tangerang Pasir Jaya,2026-05-20 22:00:00,112,112,51,,59,63,0,26,,,,,
Bekasi,Bekasi Kayuringin,2026-05-20 22:00:00,108,108,45,,60,13,0,2,,,,,
Jakarta,The Pakubuwono Menteng,2026-05-20 22:16:50,71,71,20,52,,,,,57,29.2,,,
Depok,Cinere - Nafas,2026-05-20 22:16:44,166,166,71,151,,,,,60,28,,,
Bogor,Kabupaten Bogor Leuwiliang,2026-05-20 22:00:00,78,78,41,,4,10,0,72,,,,,
Tangerang,Tangerang Pasir Jaya,2026-05-20 22:00:00,112,112,51,,59,63,0,26,,,,,
Bekasi,Bekasi Kayuringin,2026-05-20 22:00:00,108,108,45,,60,13,0,2,,,,,
Jakarta,The Pakubuwono Menteng,2026-05-20 22:16:50,71,71,20,52,,,,,57,29.2,,,
Depok,Cinere - Nafas,2026-05-20 22:16:44,166,166,71,151,,,,,60,28,,,
Bogor,Kabupaten Bogor Leuwiliang,2026-05-20 22:00:00,78,78,41,,4,10,0,72,,,,,
Tangerang,Tangerang Pasir Jaya,2026-05-20 22:00:00,112,112,51,,59,63,0,26,,,,,
Bekasi,Bekasi Kayuringin,2026-05-20 22:00:00,108,108,45,,60,13,0,2,,,,,
Jakarta,The Pakubuwono Menteng,2026-05-20 22:18:50,65,65,20,51,,,,,57,29.2,,,
Depok,Cinere - Nafas,2026-05-20 22:18:47,167,167,71,150,,,,,60,28,,,
Bogor,Kabupaten Bogor Leuwiliang,2026-05-20 22:00:00,78,78,41,,4,10,0,72,,,,,
Tangerang,Tangerang Pasir Jaya,2026-05-20 22:00:00,112,112,51,,59,63,0,26,,,,,
Bekasi,Bekasi Kayuringin,2026-05-20 22:00:00,108,108,45,,60,13,0,2,,,,,
Jakarta,The Pakubuwono Menteng,2026-05-20 22:18:50,65,65,20,51,,,,,57,29.2,,,
Depok,Cinere - Nafas,2026-05-20 22:20:46,162,162,65,140,,,,,60,28,,,
Bogor,Kabupaten Bogor Leuwiliang,2026-05-20 22:00:00,78,78,41,,4,10,0,72,,,,,
Tangerang,Tangerang Pasir Jaya,2026-05-20 22:00:00,112,112,51,,59,63,0,26,,,,,
Bekasi,Bekasi Kayuringin,2026-05-20 22:00:00,108,108,45,,60,13,0,2,,,,,
Jakarta,The Pakubuwono Menteng,2026-05-20 22:20:50,67,67,18,41,,,,,57,29.2,,,
Depok,Cinere - Nafas,2026-05-20 22:20:46,162,162,65,140,,,,,60,28,,,
Bogor,Kabupaten Bogor Leuwiliang,2026-05-20 22:00:00,78,78,41,,4,10,0,72,,,,,
Tangerang,Tangerang Pasir Jaya,2026-05-20 22:00:00,112,112,51,,59,63,0,26,,,,,
Bekasi,Bekasi Kayuringin,2026-05-20 22:00:00,108,108,45,,60,13,0,2,,,,,
Jakarta,The Pakubuwono Menteng,2026-05-20 22:22:50,68,68,21,54,,,,,57,29.2,,,
Depok,Cinere - Nafas,2026-05-20 22:22:44,164,164,69,143,,,,,60,28,,,
Bogor,Kabupaten Bogor Leuwiliang,2026-05-20 22:00:00,78,78,41,,4,10,0,72,,,,,
Tangerang,Tangerang Pasir Jaya,2026-05-20 22:00:00,112,112,51,,59,63,0,26,,,,,
Bekasi,Bekasi Kayuringin,2026-05-20 22:00:00,108,108,45,,60,13,0,2,,,,,
Jakarta,The Pakubuwono Menteng,2026-05-20 22:24:50,72,72,22,54,,,,,57,29.2,,,
Depok,Cinere - Nafas,2026-05-20 22:24:44,162,162,63,141,,,,,60,28,,,
Bogor,Kabupaten Bogor Leuwiliang,2026-05-20 22:00:00,78,78,41,,4,10,0,72,,,,,
Tangerang,Tangerang Pasir Jaya,2026-05-20 22:00:00,112,112,51,,59,63,0,26,,,,,
Bekasi,Bekasi Kayuringin,2026-05-20 22:00:00,108,108,45,,60,13,0,2,,,,,
Jakarta,The Pakubuwono Menteng,2026-05-20 22:24:50,72,72,22,54,,,,,57,29.2,,,
Depok,Cinere - Nafas,2026-05-20 22:24:44,162,162,63,141,,,,,60,28,,,
Bogor,Kabupaten Bogor Leuwiliang,2026-05-20 22:00:00,78,78,41,,4,10,0,72,,,,,
Tangerang,Tangerang Pasir Jaya,2026-05-20 22:00:00,112,112,51,,59,63,0,26,,,,,
Bekasi,Bekasi Kayuringin,2026-05-20 22:00:00,108,108,45,,60,13,0,2,,,,,
Jakarta,The Pakubuwono Menteng,2026-05-20 22:25:50,72,72,21,54,,,,,56,29.2,,,
Depok,Cinere - Nafas,2026-05-20 22:25:46,164,164,67,148,,,,,60,27.9,,,
Bogor,Kabupaten Bogor Leuwiliang,2026-05-20 22:00:00,78,78,41,,4,10,0,72,,,,,
Tangerang,Tangerang Pasir Jaya,2026-05-20 22:00:00,112,112,51,,59,63,0,26,,,,,
Bekasi,Bekasi Kayuringin,2026-05-20 22:00:00,108,108,45,,60,13,0,2,,,,,
Jakarta,The Pakubuwono Menteng,2026-05-20 22:27:51,72,72,21,59,,,,,56,29.2,,,
Depok,Cinere - Nafas,2026-05-20 22:27:45,163,163,67,148,,,,,60,27.9,,,
Bogor,Kabupaten Bogor Leuwiliang,2026-05-20 22:00:00,78,78,41,,4,10,0,72,,,,,
Tangerang,Tangerang Pasir Jaya,2026-05-20 22:00:00,112,112,51,,59,63,0,26,,,,,
Bekasi,Bekasi Kayuringin,2026-05-20 22:00:00,108,108,45,,60,13,0,2,,,,,
Jakarta,The Pakubuwono Menteng,2026-05-20 22:27:51,72,72,21,59,,,,,56,29.2,,,
Depok,Cinere - Nafas,2026-05-20 22:27:45,163,163,67,148,,,,,60,27.9,,,
Bogor,Kabupaten Bogor Leuwiliang,2026-05-20 22:00:00,78,78,41,,4,10,0,72,,,,,
Tangerang,Tangerang Pasir Jaya,2026-05-20 22:00:00,112,112,51,,59,63,0,26,,,,,
Bekasi,Bekasi Kayuringin,2026-05-20 22:00:00,108,108,45,,60,13,0,2,,,,,
Jakarta,The Pakubuwono Menteng,2026-05-20 22:29:51,70,70,20,52,,,,,56,29.2,,,
Depok,Cinere - Nafas,2026-05-20 22:29:45,166,166,69,152,,,,,61,27.9,,,
Bogor,Kabupaten Bogor Leuwiliang,2026-05-20 22:00:00,78,78,41,,4,10,0,72,,,,,
Tangerang,Tangerang Pasir Jaya,2026-05-20 22:00:00,112,112,51,,59,63,0,26,,,,,
Bekasi,Bekasi Kayuringin,2026-05-20 22:00:00,108,108,45,,60,13,0,2,,,,,
Jakarta,The Pakubuwono Menteng,2026-05-20 22:29:51,70,70,20,52,,,,,56,29.2,,,
Depok,Cinere - Nafas,2026-05-20 22:29:45,166,166,69,152,,,,,61,27.9,,,
Bogor,Kabupaten Bogor Leuwiliang,2026-05-20 22:00:00,78,78,41,,4,10,0,72,,,,,
Tangerang,Tangerang Pasir Jaya,2026-05-20 22:00:00,112,112,51,,59,63,0,26,,,,,
Bekasi,Bekasi Kayuringin,2026-05-20 22:00:00,108,108,45,,60,13,0,2,,,,,
Jakarta,The Pakubuwono Menteng,2026-05-20 22:31:51,74,74,21,52,,,,,57,29.2,,,
Depok,Cinere - Nafas,2026-05-20 22:31:45,166,166,70,152,,,,,61,27.9,,,
Bogor,Kabupaten Bogor Leuwiliang,2026-05-20 22:00:00,78,78,41,,4,10,0,72,,,,,
Tangerang,Tangerang Pasir Jaya,2026-05-20 22:00:00,112,112,51,,59,63,0,26,,,,,
Bekasi,Bekasi Kayuringin,2026-05-20 22:00:00,108,108,45,,60,13,0,2,,,,,
Jakarta,The Pakubuwono Menteng,2026-05-20 22:33:51,69,69,20,53,,,,,57,29.2,,,
Depok,Cinere - Nafas,2026-05-20 22:33:45,169,169,73,153,,,,,61,27.9,,,
Bogor,Kabupaten Bogor Leuwiliang,2026-05-20 22:00:00,78,78,41,,4,10,0,72,,,,,
Tangerang,Tangerang Pasir Jaya,2026-05-20 22:00:00,112,112,51,,59,63,0,26,,,,,
Bekasi,Bekasi Kayuringin,2026-05-20 22:00:00,108,108,45,,60,13,0,2,,,,,
Jakarta,The Pakubuwono Menteng,2026-05-20 22:33:51,69,69,20,53,,,,,57,29.2,,,
Depok,Cinere - Nafas,2026-05-20 22:33:45,169,169,73,153,,,,,61,27.9,,,
Bogor,Kabupaten Bogor Leuwiliang,2026-05-20 22:00:00,78,78,41,,4,10,0,72,,,,,
Tangerang,Tangerang Pasir Jaya,2026-05-20 22:00:00,112,112,51,,59,63,0,26,,,,,
Bekasi,Bekasi Kayuringin,2026-05-20 22:00:00,108,108,45,,60,13,0,2,,,,,
Jakarta,The Pakubuwono Menteng,2026-05-20 22:34:51,72,72,21,55,,,,,57,29.2,,,
Depok,Cinere - Nafas,2026-05-20 22:34:45,172,172,77,154,,,,,61,27.9,,,
Bogor,Kabupaten Bogor Leuwiliang,2026-05-20 22:00:00,78,78,41,,4,10,0,72,,,,,
Tangerang,Tangerang Pasir Jaya,2026-05-20 22:00:00,112,112,51,,59,63,0,26,,,,,
Bekasi,Bekasi Kayuringin,2026-05-20 22:00:00,108,108,45,,60,13,0,2,,,,,
Jakarta,The Pakubuwono Menteng,2026-05-20 22:34:51,72,72,21,55,,,,,57,29.2,,,
Depok,Cinere - Nafas,2026-05-20 22:34:45,172,172,77,154,,,,,61,27.9,,,
Bogor,Kabupaten Bogor Leuwiliang,2026-05-20 22:00:00,78,78,41,,4,10,0,72,,,,,
Tangerang,Tangerang Pasir Jaya,2026-05-20 22:00:00,112,112,51,,59,63,0,26,,,,,
Bekasi,Bekasi Kayuringin,2026-05-20 22:00:00,108,108,45,,60,13,0,2,,,,,
Jakarta,The Pakubuwono Menteng,2026-05-20 22:35:51,70,70,19,50,,,,,57,29.2,,,
Depok,Cinere - Nafas,2026-05-20 22:35:45,171,171,73,154,,,,,61,27.8,,,
Bogor,Kabupaten Bogor Leuwiliang,2026-05-20 22:00:00,78,78,41,,4,10,0,72,,,,,
Tangerang,Tangerang Pasir Jaya,2026-05-20 22:00:00,112,112,51,,59,63,0,26,,,,,
Bekasi,Bekasi Kayuringin,2026-05-20 22:00:00,108,108,45,,60,13,0,2,,,,,
Jakarta,The Pakubuwono Menteng,2026-05-20 22:35:51,70,70,19,50,,,,,57,29.2,,,
Depok,Cinere - Nafas,2026-05-20 22:35:45,171,171,73,154,,,,,61,27.8,,,
Bogor,Kabupaten Bogor Leuwiliang,2026-05-20 22:00:00,78,78,41,,4,10,0,72,,,,,
Tangerang,Tangerang Pasir Jaya,2026-05-20 22:00:00,112,112,51,,59,63,0,26,,,,,
Bekasi,Bekasi Kayuringin,2026-05-20 22:00:00,108,108,45,,60,13,0,2,,,,,
Jakarta,The Pakubuwono Menteng,2026-05-20 22:35:51,70,70,19,50,,,,,57,29.2,,,
Depok,Cinere - Nafas,2026-05-20 22:35:45,171,171,73,154,,,,,61,27.8,,,
Bogor,Kabupaten Bogor Leuwiliang,2026-05-20 22:00:00,78,78,41,,4,10,0,72,,,,,
Tangerang,Tangerang Pasir Jaya,2026-05-20 22:00:00,112,112,51,,59,63,0,26,,,,,
Bekasi,Bekasi Kayuringin,2026-05-20 22:00:00,108,108,45,,60,13,0,2,,,,,
Jakarta,The Pakubuwono Menteng,2026-05-20 22:41:51,81,81,25,66,,,,,57,29.2,,,
Depok,Cinere - Nafas,2026-05-20 22:42:45,167,167,71,152,,,,,62,27.7,,,
Bogor,Kabupaten Bogor Leuwiliang,2026-05-20 22:00:00,78,78,41,,4,10,0,72,,,,,
Tangerang,Tangerang Pasir Jaya,2026-05-20 22:00:00,112,112,51,,59,63,0,26,,,,,
Bekasi,Bekasi Kayuringin,2026-05-20 22:00:00,108,108,45,,60,13,0,2,,,,,
Jakarta,The Pakubuwono Menteng,2026-05-20 22:41:51,81,81,25,66,,,,,57,29.2,,,
Depok,Cinere - Nafas,2026-05-20 22:42:45,167,167,71,152,,,,,62,27.7,,,
Bogor,Kabupaten Bogor Leuwiliang,2026-05-20 22:00:00,78,78,41,,4,10,0,72,,,,,
Tangerang,Tangerang Pasir Jaya,2026-05-20 22:00:00,112,112,51,,59,63,0,26,,,,,
Bekasi,Bekasi Kayuringin,2026-05-20 22:00:00,108,108,45,,60,13,0,2,,,,,
Jakarta,The Pakubuwono Menteng,2026-05-20 22:42:51,84,84,27,63,,,,,57,29.2,,,
Depok,Cinere - Nafas,2026-05-20 22:43:45,169,169,73,153,,,,,62,27.7,,,
Bogor,Kabupaten Bogor Leuwiliang,2026-05-20 22:00:00,78,78,41,,4,10,0,72,,,,,
Tangerang,Tangerang Pasir Jaya,2026-05-20 22:00:00,112,112,51,,59,63,0,26,,,,,
Bekasi,Bekasi Kayuringin,2026-05-20 22:00:00,108,108,45,,60,13,0,2,,,,,
Jakarta,The Pakubuwono Menteng,2026-05-20 22:44:51,86,86,28,66,,,,,57,29.2,,,
Depok,Cinere - Nafas,2026-05-20 22:45:45,173,173,77,156,,,,,62,27.7,,,
Bogor,Kabupaten Bogor Leuwiliang,2026-05-20 22:00:00,78,78,41,,4,10,0,72,,,,,
Tangerang,Tangerang Pasir Jaya,2026-05-20 22:00:00,112,112,51,,59,63,0,26,,,,,
Bekasi,Bekasi Kayuringin,2026-05-20 22:00:00,108,108,45,,60,13,0,2,,,,,
Jakarta,The Pakubuwono Menteng,2026-05-20 22:46:51,80,80,24,65,,,,,57,29.2,,,
Depok,Cinere - Nafas,2026-05-20 22:47:45,171,171,75,155,,,,,62,27.7,,,
Bogor,Kabupaten Bogor Leuwiliang,2026-05-20 22:00:00,78,78,41,,4,10,0,72,,,,,
Tangerang,Tangerang Pasir Jaya,2026-05-20 22:00:00,112,112,51,,59,63,0,26,,,,,
Bekasi,Bekasi Kayuringin,2026-05-20 22:00:00,108,108,45,,60,13,0,2,,,,,
Jakarta,The Pakubuwono Menteng,2026-05-20 22:46:51,80,80,24,65,,,,,57,29.2,,,
Depok,Cinere - Nafas,2026-05-20 22:47:45,171,171,75,155,,,,,62,27.7,,,
Bogor,Kabupaten Bogor Leuwiliang,2026-05-20 22:00:00,78,78,41,,4,10,0,72,,,,,
Tangerang,Tangerang Pasir Jaya,2026-05-20 22:00:00,112,112,51,,59,63,0,26,,,,,
Bekasi,Bekasi Kayuringin,2026-05-20 22:00:00,108,108,45,,60,13,0,2,,,,,
Jakarta,The Pakubuwono Menteng,2026-05-20 22:48:51,75,75,23,64,,,,,57,29.2,,,
Depok,Cinere - Nafas,2026-05-20 22:49:45,171,171,75,154,,,,,62,27.7,,,
Bogor,Kabupaten Bogor Leuwiliang,2026-05-20 22:00:00,78,78,41,,4,10,0,72,,,,,
Tangerang,Tangerang Pasir Jaya,2026-05-20 22:00:00,112,112,51,,59,63,0,26,,,,,
Bekasi,Bekasi Kayuringin,2026-05-20 22:00:00,108,108,45,,60,13,0,2,,,,,
Jakarta,The Pakubuwono Menteng,2026-05-20 22:48:51,75,75,23,64,,,,,57,29.2,,,
Depok,Cinere - Nafas,2026-05-20 22:49:45,171,171,75,154,,,,,62,27.7,,,
Bogor,Kabupaten Bogor Leuwiliang,2026-05-20 22:00:00,78,78,41,,4,10,0,72,,,,,
Tangerang,Tangerang Pasir Jaya,2026-05-20 22:00:00,112,112,51,,59,63,0,26,,,,,
Bekasi,Bekasi Kayuringin,2026-05-20 22:00:00,108,108,45,,60,13,0,2,,,,,
Jakarta,The Pakubuwono Menteng,2026-05-20 22:50:51,83,83,27,66,,,,,57,29.2,,,
Depok,Cinere - Nafas,2026-05-20 22:51:45,171,171,76,155,,,,,62,27.7,,,
Bogor,Kabupaten Bogor Leuwiliang,2026-05-20 22:00:00,78,78,41,,4,10,0,72,,,,,
Tangerang,Tangerang Pasir Jaya,2026-05-20 22:00:00,112,112,51,,59,63,0,26,,,,,
Bekasi,Bekasi Kayuringin,2026-05-20 22:00:00,108,108,45,,60,13,0,2,,,,,
Jakarta,The Pakubuwono Menteng,2026-05-20 22:52:52,81,81,27,68,,,,,57,29.2,,,
Depok,Cinere - Nafas,2026-05-20 22:53:45,172,172,76,154,,,,,62,27.6,,,
Bogor,Kabupaten Bogor Leuwiliang,2026-05-20 22:00:00,78,78,41,,4,10,0,72,,,,,
Tangerang,Tangerang Pasir Jaya,2026-05-20 22:00:00,112,112,51,,59,63,0,26,,,,,
Bekasi,Bekasi Kayuringin,2026-05-20 22:00:00,108,108,45,,60,13,0,2,,,,,
Jakarta,The Pakubuwono Menteng,2026-05-20 22:52:52,81,81,27,68,,,,,57,29.2,,,
Depok,Cinere - Nafas,2026-05-20 22:53:45,172,172,76,154,,,,,62,27.6,,,
Bogor,Kabupaten Bogor Leuwiliang,2026-05-20 22:00:00,78,78,41,,4,10,0,72,,,,,
Tangerang,Tangerang Pasir Jaya,2026-05-20 22:00:00,112,112,51,,59,63,0,26,,,,,
Bekasi,Bekasi Kayuringin,2026-05-20 22:00:00,108,108,45,,60,13,0,2,,,,,
Jakarta,The Pakubuwono Menteng,2026-05-20 22:54:51,86,86,26,67,,,,,57,29.2,,,
Depok,Cinere - Nafas,2026-05-20 22:55:45,173,173,76,155,,,,,62,27.6,,,
Bogor,Kabupaten Bogor Leuwiliang,2026-05-20 22:00:00,78,78,41,,4,10,0,72,,,,,
Tangerang,Tangerang Pasir Jaya,2026-05-20 22:00:00,112,112,51,,59,63,0,26,,,,,
Bekasi,Bekasi Kayuringin,2026-05-20 22:00:00,108,108,45,,60,13,0,2,,,,,
Jakarta,The Pakubuwono Menteng,2026-05-20 22:55:53,83,83,25,65,,,,,57,29.2,,,
Depok,Cinere - Nafas,2026-05-20 22:56:45,172,172,76,155,,,,,63,27.6,,,
Bogor,Kabupaten Bogor Leuwiliang,2026-05-20 22:00:00,78,78,41,,4,10,0,72,,,,,
Tangerang,Tangerang Pasir Jaya,2026-05-20 22:00:00,112,112,51,,59,63,0,26,,,,,
Bekasi,Bekasi Kayuringin,2026-05-20 22:00:00,108,108,45,,60,13,0,2,,,,,
Jakarta,The Pakubuwono Menteng,2026-05-20 22:58:00,88,88,30,71,,,,,57,29.2,,,
Depok,Cinere - Nafas,2026-05-20 22:58:45,173,173,77,156,,,,,63,27.6,,,
Bogor,Kabupaten Bogor Leuwiliang,2026-05-20 22:00:00,78,78,41,,4,10,0,72,,,,,
Tangerang,Tangerang Pasir Jaya,2026-05-20 22:00:00,112,112,51,,59,63,0,26,,,,,
Bekasi,Bekasi Kayuringin,2026-05-20 22:00:00,108,108,45,,60,13,0,2,,,,,
Jakarta,The Pakubuwono Menteng,2026-05-20 22:58:00,88,88,30,71,,,,,57,29.2,,,
Depok,Cinere - Nafas,2026-05-20 22:58:45,173,173,77,156,,,,,63,27.6,,,
Bogor,Kabupaten Bogor Leuwiliang,2026-05-20 22:00:00,78,78,41,,4,10,0,72,,,,,
Tangerang,Tangerang Pasir Jaya,2026-05-20 22:00:00,112,112,51,,59,63,0,26,,,,,
Bekasi,Bekasi Kayuringin,2026-05-20 22:00:00,108,108,45,,60,13,0,2,,,,,
Jakarta,The Pakubuwono Menteng,2026-05-20 23:00:01,88,88,32,72,,,,,58,29.2,,,
Depok,Cinere - Nafas,2026-05-20 23:00:49,174,174,78,157,,,,,63,27.6,,,
Bogor,Kabupaten Bogor Leuwiliang,2026-05-20 22:00:00,78,78,41,,4,10,0,72,,,,,
Tangerang,Tangerang Pasir Jaya,2026-05-20 22:00:00,112,112,51,,59,63,0,26,,,,,
Bekasi,Bekasi Kayuringin,2026-05-20 22:00:00,108,108,45,,60,13,0,2,,,,,
Jakarta,The Pakubuwono Menteng,2026-05-20 23:00:01,88,88,32,72,,,,,58,29.2,,,
Depok,Cinere - Nafas,2026-05-20 23:00:49,174,174,78,157,,,,,63,27.6,,,
Bogor,Kabupaten Bogor Leuwiliang,2026-05-20 22:00:00,78,78,41,,4,10,0,72,,,,,
Tangerang,Tangerang Pasir Jaya,2026-05-20 22:00:00,112,112,51,,59,63,0,26,,,,,
Bekasi,Bekasi Kayuringin,2026-05-20 22:00:00,108,108,45,,60,13,0,2,,,,,
Jakarta,The Pakubuwono Menteng,2026-05-20 23:02:01,88,88,30,70,,,,,57,29.2,,,
Depok,Cinere - Nafas,2026-05-20 23:02:45,175,175,77,157,,,,,63,27.6,,,
Bogor,Kabupaten Bogor Leuwiliang,2026-05-20 22:00:00,78,78,41,,4,10,0,72,,,,,
Tangerang,Tangerang Pasir Jaya,2026-05-20 22:00:00,112,112,51,,59,63,0,26,,,,,
Bekasi,Bekasi Kayuringin,2026-05-20 22:00:00,108,108,45,,60,13,0,2,,,,,
Jakarta,The Pakubuwono Menteng,2026-05-20 23:02:01,88,88,30,70,,,,,57,29.2,,,
Depok,Cinere - Nafas,2026-05-20 23:02:45,175,175,77,157,,,,,63,27.6,,,
Bogor,Kabupaten Bogor Leuwiliang,2026-05-20 22:00:00,78,78,41,,4,10,0,72,,,,,
Tangerang,Tangerang Pasir Jaya,2026-05-20 22:00:00,112,112,51,,59,63,0,26,,,,,
Bekasi,Bekasi Kayuringin,2026-05-20 22:00:00,108,108,45,,60,13,0,2,,,,,
Jakarta,The Pakubuwono Menteng,2026-05-20 23:04:04,88,88,31,73,,,,,57,29.2,,,
Depok,Cinere - Nafas,2026-05-20 23:04:45,174,174,78,156,,,,,63,27.6,,,
Bogor,Kabupaten Bogor Leuwiliang,2026-05-20 22:00:00,78,78,41,,4,10,0,72,,,,,
Tangerang,Tangerang Pasir Jaya,2026-05-20 22:00:00,112,112,51,,59,63,0,26,,,,,
Bekasi,Bekasi Kayuringin,2026-05-20 22:00:00,108,108,45,,60,13,0,2,,,,,
Jakarta,The Pakubuwono Menteng,2026-05-20 23:06:01,88,88,31,71,,,,,57,29.2,,,
Depok,Cinere - Nafas,2026-05-20 23:06:45,176,176,78,156,,,,,63,27.6,,,
Bogor,Kabupaten Bogor Leuwiliang,2026-05-20 22:00:00,78,78,41,,4,10,0,72,,,,,
Tangerang,Tangerang Pasir Jaya,2026-05-20 22:00:00,112,112,51,,59,63,0,26,,,,,
Bekasi,Bekasi Kayuringin,2026-05-20 22:00:00,108,108,45,,60,13,0,2,,,,,
Jakarta,The Pakubuwono Menteng,2026-05-20 23:08:01,83,83,26,70,,,,,57,29.2,,,
Depok,Cinere - Nafas,2026-05-20 23:08:47,174,174,77,156,,,,,63,27.5,,,
Bogor,Kabupaten Bogor Leuwiliang,2026-05-20 23:00:00,79,79,42,,4,10,0,72,,,,,
Tangerang,Tangerang Pasir Jaya,2026-05-20 23:00:00,115,115,52,,59,63,0,27,,,,,
Bekasi,Bekasi Kayuringin,2026-05-20 23:00:00,109,109,45,,60,13,0,2,,,,,
Jakarta,The Pakubuwono Menteng,2026-05-20 23:08:01,83,83,26,70,,,,,57,29.2,,,
Depok,Cinere - Nafas,2026-05-20 23:08:47,174,174,77,156,,,,,63,27.5,,,
Bogor,Kabupaten Bogor Leuwiliang,2026-05-20 23:00:00,79,79,42,,4,10,0,72,,,,,
Tangerang,Tangerang Pasir Jaya,2026-05-20 23:00:00,115,115,52,,59,63,0,27,,,,,
Bekasi,Bekasi Kayuringin,2026-05-20 23:00:00,109,109,45,,60,13,0,2,,,,,
Jakarta,The Pakubuwono Menteng,2026-05-20 23:10:01,88,88,30,73,,,,,57,29.2,,,
Depok,Cinere - Nafas,2026-05-20 23:10:45,176,176,82,158,,,,,63,27.5,,,
Bogor,Kabupaten Bogor Leuwiliang,2026-05-20 23:00:00,79,79,42,,4,10,0,72,,,,,
Tangerang,Tangerang Pasir Jaya,2026-05-20 23:00:00,115,115,52,,59,63,0,27,,,,,
Bekasi,Bekasi Kayuringin,2026-05-20 23:00:00,109,109,45,,60,13,0,2,,,,,
Jakarta,The Pakubuwono Menteng,2026-05-20 23:10:01,88,88,30,73,,,,,57,29.2,,,
Depok,Cinere - Nafas,2026-05-20 23:10:45,176,176,82,158,,,,,63,27.5,,,
Bogor,Kabupaten Bogor Leuwiliang,2026-05-20 23:00:00,79,79,42,,4,10,0,72,,,,,
Tangerang,Tangerang Pasir Jaya,2026-05-20 23:00:00,115,115,52,,59,63,0,27,,,,,
Bekasi,Bekasi Kayuringin,2026-05-20 23:00:00,109,109,45,,60,13,0,2,,,,,
Jakarta,The Pakubuwono Menteng,2026-05-20 23:12:02,92,92,33,73,,,,,57,29.2,,,
Depok,Cinere - Nafas,2026-05-20 23:12:46,176,176,80,156,,,,,63,27.5,,,
Bogor,Kabupaten Bogor Leuwiliang,2026-05-20 23:00:00,79,79,42,,4,10,0,72,,,,,
Tangerang,Tangerang Pasir Jaya,2026-05-20 23:00:00,115,115,52,,59,63,0,27,,,,,
Bekasi,Bekasi Kayuringin,2026-05-20 23:00:00,109,109,45,,60,13,0,2,,,,,
Jakarta,The Pakubuwono Menteng,2026-05-20 23:12:02,92,92,33,73,,,,,57,29.2,,,
Depok,Cinere - Nafas,2026-05-20 23:12:46,176,176,80,156,,,,,63,27.5,,,
Bogor,Kabupaten Bogor Leuwiliang,2026-05-20 23:00:00,79,79,42,,4,10,0,72,,,,,
Tangerang,Tangerang Pasir Jaya,2026-05-20 23:00:00,115,115,52,,59,63,0,27,,,,,
Bekasi,Bekasi Kayuringin,2026-05-20 23:00:00,109,109,45,,60,13,0,2,,,,,
Jakarta,The Pakubuwono Menteng,2026-05-20 23:14:01,93,93,32,75,,,,,57,29.1,,,
Depok,Cinere - Nafas,2026-05-20 23:14:46,177,177,81,158,,,,,63,27.5,,,
Bogor,Kabupaten Bogor Leuwiliang,2026-05-20 23:00:00,79,79,42,,4,10,0,72,,,,,
Tangerang,Tangerang Pasir Jaya,2026-05-20 23:00:00,115,115,52,,59,63,0,27,,,,,
Bekasi,Bekasi Kayuringin,2026-05-20 23:00:00,109,109,45,,60,13,0,2,,,,,
Jakarta,The Pakubuwono Menteng,2026-05-20 23:16:02,98,98,36,75,,,,,57,29.1,,,
Depok,Cinere - Nafas,2026-05-20 23:16:47,176,176,80,157,,,,,63,27.5,,,
Bogor,Kabupaten Bogor Leuwiliang,2026-05-20 23:00:00,79,79,42,,4,10,0,72,,,,,
Tangerang,Tangerang Pasir Jaya,2026-05-20 23:00:00,115,115,52,,59,63,0,27,,,,,
Bekasi,Bekasi Kayuringin,2026-05-20 23:00:00,109,109,45,,60,13,0,2,,,,,
Jakarta,The Pakubuwono Menteng,2026-05-20 23:16:02,98,98,36,75,,,,,57,29.1,,,
Depok,Cinere - Nafas,2026-05-20 23:16:47,176,176,80,157,,,,,63,27.5,,,
Bogor,Kabupaten Bogor Leuwiliang,2026-05-20 23:00:00,79,79,42,,4,10,0,72,,,,,
Tangerang,Tangerang Pasir Jaya,2026-05-20 23:00:00,115,115,52,,59,63,0,27,,,,,
Bekasi,Bekasi Kayuringin,2026-05-20 23:00:00,109,109,45,,60,13,0,2,,,,,
Jakarta,The Pakubuwono Menteng,2026-05-20 23:17:01,100,100,37,74,,,,,57,29.1,,,
Depok,Cinere - Nafas,2026-05-20 23:17:46,178,178,82,159,,,,,63,27.5,,,
Bogor,Kabupaten Bogor Leuwiliang,2026-05-20 23:00:00,79,79,42,,4,10,0,72,,,,,
Tangerang,Tangerang Pasir Jaya,2026-05-20 23:00:00,115,115,52,,59,63,0,27,,,,,
Bekasi,Bekasi Kayuringin,2026-05-20 23:00:00,109,109,45,,60,13,0,2,,,,,
Jakarta,The Pakubuwono Menteng,2026-05-20 23:18:01,108,108,42,79,,,,,57,29.1,,,
Depok,Cinere - Nafas,2026-05-20 23:19:46,178,178,82,159,,,,,63,27.5,,,
Bogor,Kabupaten Bogor Leuwiliang,2026-05-20 23:00:00,79,79,42,,4,10,0,72,,,,,
Tangerang,Tangerang Pasir Jaya,2026-05-20 23:00:00,115,115,52,,59,63,0,27,,,,,
Bekasi,Bekasi Kayuringin,2026-05-20 23:00:00,109,109,45,,60,13,0,2,,,,,
Jakarta,The Pakubuwono Menteng,2026-05-20 23:18:01,108,108,42,79,,,,,57,29.1,,,
Depok,Cinere - Nafas,2026-05-20 23:19:46,178,178,82,159,,,,,63,27.5,,,
Bogor,Kabupaten Bogor Leuwiliang,2026-05-20 23:00:00,79,79,42,,4,10,0,72,,,,,
Tangerang,Tangerang Pasir Jaya,2026-05-20 23:00:00,115,115,52,,59,63,0,27,,,,,
Bekasi,Bekasi Kayuringin,2026-05-20 23:00:00,109,109,45,,60,13,0,2,,,,,
Jakarta,The Pakubuwono Menteng,2026-05-20 23:21:01,108,108,42,81,,,,,57,29.1,,,
Depok,Cinere - Nafas,2026-05-20 23:21:46,185,185,89,165,,,,,63,27.5,,,
Bogor,Kabupaten Bogor Leuwiliang,2026-05-20 23:00:00,79,79,42,,4,10,0,72,,,,,
Tangerang,Tangerang Pasir Jaya,2026-05-20 23:00:00,115,115,52,,59,63,0,27,,,,,
Bekasi,Bekasi Kayuringin,2026-05-20 23:00:00,109,109,45,,60,13,0,2,,,,,
Jakarta,The Pakubuwono Menteng,2026-05-20 23:23:01,111,111,43,83,,,,,57,29.1,,,
Depok,Cinere - Nafas,2026-05-20 23:23:47,196,196,99,171,,,,,63,27.5,,,
Bogor,Kabupaten Bogor Leuwiliang,2026-05-20 23:00:00,79,79,42,,4,10,0,72,,,,,
Tangerang,Tangerang Pasir Jaya,2026-05-20 23:00:00,115,115,52,,59,63,0,27,,,,,
Bekasi,Bekasi Kayuringin,2026-05-20 23:00:00,109,109,45,,60,13,0,2,,,,,
Jakarta,The Pakubuwono Menteng,2026-05-20 23:23:01,111,111,43,83,,,,,57,29.1,,,
Depok,Cinere - Nafas,2026-05-20 23:23:47,196,196,99,171,,,,,63,27.5,,,
Bogor,Kabupaten Bogor Leuwiliang,2026-05-20 23:00:00,79,79,42,,4,10,0,72,,,,,
Tangerang,Tangerang Pasir Jaya,2026-05-20 23:00:00,115,115,52,,59,63,0,27,,,,,
Bekasi,Bekasi Kayuringin,2026-05-20 23:00:00,109,109,45,,60,13,0,2,,,,,
Jakarta,The Pakubuwono Menteng,2026-05-20 23:25:02,111,111,43,86,,,,,57,29,,,
Depok,Cinere - Nafas,2026-05-20 23:25:46,195,195,99,171,,,,,63,27.5,,,
Bogor,Kabupaten Bogor Leuwiliang,2026-05-20 23:00:00,79,79,42,,4,10,0,72,,,,,
Tangerang,Tangerang Pasir Jaya,2026-05-20 23:00:00,115,115,52,,59,63,0,27,,,,,
Bekasi,Bekasi Kayuringin,2026-05-20 23:00:00,109,109,45,,60,13,0,2,,,,,
Jakarta,The Pakubuwono Menteng,2026-05-20 23:25:02,111,111,43,86,,,,,57,29,,,
Depok,Cinere - Nafas,2026-05-20 23:25:46,195,195,99,171,,,,,63,27.5,,,
Bogor,Kabupaten Bogor Leuwiliang,2026-05-20 23:00:00,79,79,42,,4,10,0,72,,,,,
Tangerang,Tangerang Pasir Jaya,2026-05-20 23:00:00,115,115,52,,59,63,0,27,,,,,
Bekasi,Bekasi Kayuringin,2026-05-20 23:00:00,109,109,45,,60,13,0,2,,,,,
Jakarta,The Pakubuwono Menteng,2026-05-20 23:28:01,108,108,42,83,,,,,56,29,,,
Depok,Cinere - Nafas,2026-05-20 23:27:46,190,190,94,168,,,,,63,27.5,,,
Bogor,Kabupaten Bogor Leuwiliang,2026-05-20 23:00:00,79,79,42,,4,10,0,72,,,,,
Tangerang,Tangerang Pasir Jaya,2026-05-20 23:00:00,115,115,52,,59,63,0,27,,,,,
Bekasi,Bekasi Kayuringin,2026-05-20 23:00:00,109,109,45,,60,13,0,2,,,,,
Jakarta,The Pakubuwono Menteng,2026-05-20 23:28:01,108,108,42,83,,,,,56,29,,,
Depok,Cinere - Nafas,2026-05-20 23:27:46,190,190,94,168,,,,,63,27.5,,,
Bogor,Kabupaten Bogor Leuwiliang,2026-05-20 23:00:00,79,79,42,,4,10,0,72,,,,,
Tangerang,Tangerang Pasir Jaya,2026-05-20 23:00:00,115,115,52,,59,63,0,27,,,,,
Bekasi,Bekasi Kayuringin,2026-05-20 23:00:00,109,109,45,,60,13,0,2,,,,,
Jakarta,The Pakubuwono Menteng,2026-05-20 23:32:01,109,109,42,83,,,,,57,29,,,
Depok,Cinere - Nafas,2026-05-20 23:31:47,207,207,107,178,,,,,63,27.5,,,
Bogor,Kabupaten Bogor Leuwiliang,2026-05-20 23:00:00,79,79,42,,4,10,0,72,,,,,
Tangerang,Tangerang Pasir Jaya,2026-05-20 23:00:00,115,115,52,,59,63,0,27,,,,,
Bekasi,Bekasi Kayuringin,2026-05-20 23:00:00,109,109,45,,60,13,0,2,,,,,
Jakarta,The Pakubuwono Menteng,2026-05-20 23:32:01,109,109,42,83,,,,,57,29,,,
Depok,Cinere - Nafas,2026-05-20 23:31:47,207,207,107,178,,,,,63,27.5,,,
Bogor,Kabupaten Bogor Leuwiliang,2026-05-20 23:00:00,79,79,42,,4,10,0,72,,,,,
Tangerang,Tangerang Pasir Jaya,2026-05-20 23:00:00,115,115,52,,59,63,0,27,,,,,
Bekasi,Bekasi Kayuringin,2026-05-20 23:00:00,109,109,45,,60,13,0,2,,,,,
Jakarta,The Pakubuwono Menteng,2026-05-20 23:34:01,107,107,42,80,,,,,57,29,,,
Depok,Cinere - Nafas,2026-05-20 23:33:46,198,198,101,172,,,,,63,27.5,,,
Bogor,Kabupaten Bogor Leuwiliang,2026-05-20 23:00:00,79,79,42,,4,10,0,72,,,,,
Tangerang,Tangerang Pasir Jaya,2026-05-20 23:00:00,115,115,52,,59,63,0,27,,,,,
Bekasi,Bekasi Kayuringin,2026-05-20 23:00:00,109,109,45,,60,13,0,2,,,,,
Jakarta,The Pakubuwono Menteng,2026-05-20 23:34:01,107,107,42,80,,,,,57,29,,,
Depok,Cinere - Nafas,2026-05-20 23:33:46,198,198,101,172,,,,,63,27.5,,,
Bogor,Kabupaten Bogor Leuwiliang,2026-05-20 23:00:00,79,79,42,,4,10,0,72,,,,,
Tangerang,Tangerang Pasir Jaya,2026-05-20 23:00:00,115,115,52,,59,63,0,27,,,,,
Bekasi,Bekasi Kayuringin,2026-05-20 23:00:00,109,109,45,,60,13,0,2,,,,,
Jakarta,The Pakubuwono Menteng,2026-05-20 23:36:02,108,108,42,83,,,,,57,29,,,
Depok,Cinere - Nafas,2026-05-20 23:35:46,196,196,101,171,,,,,63,27.4,,,
Bogor,Kabupaten Bogor Leuwiliang,2026-05-20 23:00:00,79,79,42,,4,10,0,72,,,,,
Tangerang,Tangerang Pasir Jaya,2026-05-20 23:00:00,115,115,52,,59,63,0,27,,,,,
Bekasi,Bekasi Kayuringin,2026-05-20 23:00:00,109,109,45,,60,13,0,2,,,,,
Jakarta,The Pakubuwono Menteng,2026-05-20 23:37:01,108,108,41,81,,,,,57,29,,,
Depok,Cinere - Nafas,2026-05-20 23:36:46,193,193,99,170,,,,,63,27.4,,,
Bogor,Kabupaten Bogor Leuwiliang,2026-05-20 23:00:00,79,79,42,,4,10,0,72,,,,,
Tangerang,Tangerang Pasir Jaya,2026-05-20 23:00:00,115,115,52,,59,63,0,27,,,,,
Bekasi,Bekasi Kayuringin,2026-05-20 23:00:00,109,109,45,,60,13,0,2,,,,,
Jakarta,The Pakubuwono Menteng,2026-05-20 23:37:01,108,108,41,81,,,,,57,29,,,
Depok,Cinere - Nafas,2026-05-20 23:36:46,193,193,99,170,,,,,63,27.4,,,
Bogor,Kabupaten Bogor Leuwiliang,2026-05-20 23:00:00,79,79,42,,4,10,0,72,,,,,
Tangerang,Tangerang Pasir Jaya,2026-05-20 23:00:00,115,115,52,,59,63,0,27,,,,,
Bekasi,Bekasi Kayuringin,2026-05-20 23:00:00,109,109,45,,60,13,0,2,,,,,
Jakarta,The Pakubuwono Menteng,2026-05-20 23:39:01,103,103,41,80,,,,,56,29,,,
Depok,Cinere - Nafas,2026-05-20 23:38:46,194,194,99,170,,,,,63,27.4,,,
Bogor,Kabupaten Bogor Leuwiliang,2026-05-20 23:00:00,79,79,42,,4,10,0,72,,,,,
Tangerang,Tangerang Pasir Jaya,2026-05-20 23:00:00,115,115,52,,59,63,0,27,,,,,
Bekasi,Bekasi Kayuringin,2026-05-20 23:00:00,109,109,45,,60,13,0,2,,,,,
Jakarta,The Pakubuwono Menteng,2026-05-20 23:39:01,103,103,41,80,,,,,56,29,,,
Depok,Cinere - Nafas,2026-05-20 23:38:46,194,194,99,170,,,,,63,27.4,,,
Bogor,Kabupaten Bogor Leuwiliang,2026-05-20 23:00:00,79,79,42,,4,10,0,72,,,,,
Tangerang,Tangerang Pasir Jaya,2026-05-20 23:00:00,115,115,52,,59,63,0,27,,,,,
Bekasi,Bekasi Kayuringin,2026-05-20 23:00:00,109,109,45,,60,13,0,2,,,,,
Jakarta,The Pakubuwono Menteng,2026-05-20 23:43:02,106,106,42,81,,,,,57,29,,,
Depok,Cinere - Nafas,2026-05-20 23:42:47,193,193,97,169,,,,,64,27.4,,,
Bogor,Kabupaten Bogor Leuwiliang,2026-05-20 23:00:00,79,79,42,,4,10,0,72,,,,,
Tangerang,Tangerang Pasir Jaya,2026-05-20 23:00:00,115,115,52,,59,63,0,27,,,,,
Bekasi,Bekasi Kayuringin,2026-05-20 23:00:00,109,109,45,,60,13,0,2,,,,,
Jakarta,The Pakubuwono Menteng,2026-05-20 23:43:02,106,106,42,81,,,,,57,29,,,
Depok,Cinere - Nafas,2026-05-20 23:42:47,193,193,97,169,,,,,64,27.4,,,
Bogor,Kabupaten Bogor Leuwiliang,2026-05-20 23:00:00,79,79,42,,4,10,0,72,,,,,
Tangerang,Tangerang Pasir Jaya,2026-05-20 23:00:00,115,115,52,,59,63,0,27,,,,,
Bekasi,Bekasi Kayuringin,2026-05-20 23:00:00,109,109,45,,60,13,0,2,,,,,
Jakarta,The Pakubuwono Menteng,2026-05-20 23:45:02,108,108,43,83,,,,,56,29,,,
Depok,Cinere - Nafas,2026-05-20 23:44:46,189,189,93,167,,,,,64,27.4,,,
Bogor,Kabupaten Bogor Leuwiliang,2026-05-20 23:00:00,79,79,42,,4,10,0,72,,,,,
Tangerang,Tangerang Pasir Jaya,2026-05-20 23:00:00,115,115,52,,59,63,0,27,,,,,
Bekasi,Bekasi Kayuringin,2026-05-20 23:00:00,109,109,45,,60,13,0,2,,,,,
Jakarta,The Pakubuwono Menteng,2026-05-20 23:45:02,108,108,43,83,,,,,56,29,,,
Depok,Cinere - Nafas,2026-05-20 23:44:46,189,189,93,167,,,,,64,27.4,,,
Bogor,Kabupaten Bogor Leuwiliang,2026-05-20 23:00:00,79,79,42,,4,10,0,72,,,,,
Tangerang,Tangerang Pasir Jaya,2026-05-20 23:00:00,115,115,52,,59,63,0,27,,,,,
Bekasi,Bekasi Kayuringin,2026-05-20 23:00:00,109,109,45,,60,13,0,2,,,,,
Jakarta,The Pakubuwono Menteng,2026-05-20 23:46:02,112,112,45,83,,,,,56,29,,,
Depok,Cinere - Nafas,2026-05-20 23:45:46,190,190,95,168,,,,,64,27.4,,,
Bogor,Kabupaten Bogor Leuwiliang,2026-05-20 23:00:00,79,79,42,,4,10,0,72,,,,,
Tangerang,Tangerang Pasir Jaya,2026-05-20 23:00:00,115,115,52,,59,63,0,27,,,,,
Bekasi,Bekasi Kayuringin,2026-05-20 23:00:00,109,109,45,,60,13,0,2,,,,,
Jakarta,The Pakubuwono Menteng,2026-05-20 23:47:02,113,113,45,83,,,,,56,29,,,
Depok,Cinere - Nafas,2026-05-20 23:47:46,191,191,94,168,,,,,64,27.4,,,
Bogor,Kabupaten Bogor Leuwiliang,2026-05-20 23:00:00,79,79,42,,4,10,0,72,,,,,
Tangerang,Tangerang Pasir Jaya,2026-05-20 23:00:00,115,115,52,,59,63,0,27,,,,,
Bekasi,Bekasi Kayuringin,2026-05-20 23:00:00,109,109,45,,60,13,0,2,,,,,
Jakarta,The Pakubuwono Menteng,2026-05-20 23:47:02,113,113,45,83,,,,,56,29,,,
Depok,Cinere - Nafas,2026-05-20 23:47:46,191,191,94,168,,,,,64,27.4,,,
Bogor,Kabupaten Bogor Leuwiliang,2026-05-20 23:00:00,79,79,42,,4,10,0,72,,,,,
Tangerang,Tangerang Pasir Jaya,2026-05-20 23:00:00,115,115,52,,59,63,0,27,,,,,
Bekasi,Bekasi Kayuringin,2026-05-20 23:00:00,109,109,45,,60,13,0,2,,,,,
Jakarta,The Pakubuwono Menteng,2026-05-20 23:49:02,113,113,44,86,,,,,56,29,,,
Depok,Cinere - Nafas,2026-05-20 23:49:46,190,190,94,168,,,,,64,27.4,,,
Bogor,Kabupaten Bogor Leuwiliang,2026-05-20 23:00:00,79,79,42,,4,10,0,72,,,,,
Tangerang,Tangerang Pasir Jaya,2026-05-20 23:00:00,115,115,52,,59,63,0,27,,,,,
Bekasi,Bekasi Kayuringin,2026-05-20 23:00:00,109,109,45,,60,13,0,2,,,,,
Jakarta,The Pakubuwono Menteng,2026-05-20 23:49:02,113,113,44,86,,,,,56,29,,,
Depok,Cinere - Nafas,2026-05-20 23:51:46,192,192,95,168,,,,,64,27.4,,,
Bogor,Kabupaten Bogor Leuwiliang,2026-05-20 23:00:00,79,79,42,,4,10,0,72,,,,,
Tangerang,Tangerang Pasir Jaya,2026-05-20 23:00:00,115,115,52,,59,63,0,27,,,,,
Bekasi,Bekasi Kayuringin,2026-05-20 23:00:00,109,109,45,,60,13,0,2,,,,,
Jakarta,The Pakubuwono Menteng,2026-05-20 23:53:02,124,124,51,93,,,,,56,29,,,
Depok,Cinere - Nafas,2026-05-20 23:53:46,192,192,98,169,,,,,64,27.3,,,
Bogor,Kabupaten Bogor Leuwiliang,2026-05-20 23:00:00,79,79,42,,4,10,0,72,,,,,
Tangerang,Tangerang Pasir Jaya,2026-05-20 23:00:00,115,115,52,,59,63,0,27,,,,,
Bekasi,Bekasi Kayuringin,2026-05-20 23:00:00,109,109,45,,60,13,0,2,,,,,
Jakarta,The Pakubuwono Menteng,2026-05-20 23:53:02,124,124,51,93,,,,,56,29,,,
Depok,Cinere - Nafas,2026-05-20 23:53:46,192,192,98,169,,,,,64,27.3,,,
Bogor,Kabupaten Bogor Leuwiliang,2026-05-20 23:00:00,79,79,42,,4,10,0,72,,,,,
Tangerang,Tangerang Pasir Jaya,2026-05-20 23:00:00,115,115,52,,59,63,0,27,,,,,
Bekasi,Bekasi Kayuringin,2026-05-20 23:00:00,109,109,45,,60,13,0,2,,,,,
Jakarta,The Pakubuwono Menteng,2026-05-20 23:55:02,128,128,51,94,,,,,56,29,,,
Depok,Cinere - Nafas,2026-05-20 23:55:46,193,193,96,170,,,,,64,27.3,,,
Bogor,Kabupaten Bogor Leuwiliang,2026-05-20 23:00:00,79,79,42,,4,10,0,72,,,,,
Tangerang,Tangerang Pasir Jaya,2026-05-20 23:00:00,115,115,52,,59,63,0,27,,,,,
Bekasi,Bekasi Kayuringin,2026-05-20 23:00:00,109,109,45,,60,13,0,2,,,,,
Jakarta,The Pakubuwono Menteng,2026-05-20 23:55:02,128,128,51,94,,,,,56,29,,,
Depok,Cinere - Nafas,2026-05-20 23:55:46,193,193,96,170,,,,,64,27.3,,,
Bogor,Kabupaten Bogor Leuwiliang,2026-05-20 23:00:00,79,79,42,,4,10,0,72,,,,,
Tangerang,Tangerang Pasir Jaya,2026-05-20 23:00:00,115,115,52,,59,63,0,27,,,,,
Bekasi,Bekasi Kayuringin,2026-05-20 23:00:00,109,109,45,,60,13,0,2,,,,,
