city,station_name,time,aqi,pm25,pm10,pm1,no2,so2,co,o3,humidity,temperature,pressure,wind,rain
Jakarta,The Pakubuwono Menteng,2026-05-12 23:57:04,127,127,52,93,,,,,51,31,,,
Depok,Cinere - Nafas,2026-05-12 23:57:11,163,163,67,148,,,,,0,0,,,
Bogor,Kabupaten Bogor Leuwiliang,2026-05-12 23:00:00,82,82,44,,4,9,0,80,,,,,
Tangerang,Tangerang Pasir Jaya,2026-05-12 23:00:00,80,80,42,,59,63,0,65,,,,,
Bekasi,Bekasi Kayuringin,2026-05-12 23:00:00,68,68,39,,50,13,0,2,,,,,
Jakarta,The Pakubuwono Menteng,2026-05-12 23:58:04,122,122,50,89,,,,,51,31,,,
Depok,Cinere - Nafas,2026-05-12 23:58:11,163,163,67,145,,,,,0,0,,,
Bogor,Kabupaten Bogor Leuwiliang,2026-05-12 23:00:00,82,82,44,,4,9,0,80,,,,,
Tangerang,Tangerang Pasir Jaya,2026-05-12 23:00:00,80,80,42,,59,63,0,65,,,,,
Bekasi,Bekasi Kayuringin,2026-05-12 23:00:00,68,68,39,,50,13,0,2,,,,,
Jakarta,The Pakubuwono Menteng,2026-05-13 00:00:04,124,124,51,90,,,,,51,31,,,
Depok,Cinere - Nafas,2026-05-13 00:00:11,164,164,67,148,,,,,0,0,,,
Bogor,Kabupaten Bogor Leuwiliang,2026-05-12 23:00:00,82,82,44,,4,9,0,80,,,,,
Tangerang,Tangerang Pasir Jaya,2026-05-12 23:00:00,80,80,42,,59,63,0,65,,,,,
Bekasi,Bekasi Kayuringin,2026-05-12 23:00:00,68,68,39,,50,13,0,2,,,,,
Jakarta,The Pakubuwono Menteng,2026-05-13 00:00:04,124,124,51,90,,,,,51,31,,,
Depok,Cinere - Nafas,2026-05-13 00:00:11,164,164,67,148,,,,,0,0,,,
Bogor,Kabupaten Bogor Leuwiliang,2026-05-12 23:00:00,82,82,44,,4,9,0,80,,,,,
Tangerang,Tangerang Pasir Jaya,2026-05-12 23:00:00,80,80,42,,59,63,0,65,,,,,
Bekasi,Bekasi Kayuringin,2026-05-12 23:00:00,68,68,39,,50,13,0,2,,,,,
Jakarta,The Pakubuwono Menteng,2026-05-13 00:01:04,122,122,49,89,,,,,51,31,,,
Depok,Cinere - Nafas,2026-05-13 00:01:11,163,163,66,150,,,,,0,0,,,
Bogor,Kabupaten Bogor Leuwiliang,2026-05-12 23:00:00,82,82,44,,4,9,0,80,,,,,
Tangerang,Tangerang Pasir Jaya,2026-05-12 23:00:00,80,80,42,,59,63,0,65,,,,,
Bekasi,Bekasi Kayuringin,2026-05-12 23:00:00,68,68,39,,50,13,0,2,,,,,
Jakarta,The Pakubuwono Menteng,2026-05-13 00:03:04,120,120,49,89,,,,,51,31,,,
Depok,Cinere - Nafas,2026-05-13 00:03:11,166,166,69,151,,,,,0,0,,,
Bogor,Kabupaten Bogor Leuwiliang,2026-05-12 23:00:00,82,82,44,,4,9,0,80,,,,,
Tangerang,Tangerang Pasir Jaya,2026-05-12 23:00:00,80,80,42,,59,63,0,65,,,,,
Bekasi,Bekasi Kayuringin,2026-05-12 23:00:00,68,68,39,,50,13,0,2,,,,,
Jakarta,The Pakubuwono Menteng,2026-05-13 00:03:04,120,120,49,89,,,,,51,31,,,
Depok,Cinere - Nafas,2026-05-13 00:04:11,165,165,67,151,,,,,0,0,,,
Bogor,Kabupaten Bogor Leuwiliang,2026-05-13 00:00:00,83,83,45,,4,9,0,80,,,,,
Tangerang,Tangerang Pasir Jaya,2026-05-13 00:00:00,86,86,44,,59,63,0,65,,,,,
Bekasi,Bekasi Kayuringin,2026-05-13 00:00:00,71,71,40,,50,13,0,2,,,,,
Jakarta,The Pakubuwono Menteng,2026-05-13 00:06:04,123,123,51,90,,,,,51,31,,,
Depok,Cinere - Nafas,2026-05-13 00:06:11,167,167,70,152,,,,,0,0,,,
Bogor,Kabupaten Bogor Leuwiliang,2026-05-13 00:00:00,83,83,45,,4,9,0,80,,,,,
Tangerang,Tangerang Pasir Jaya,2026-05-13 00:00:00,86,86,44,,59,63,0,65,,,,,
Bekasi,Bekasi Kayuringin,2026-05-13 00:00:00,71,71,40,,50,13,0,2,,,,,
Jakarta,The Pakubuwono Menteng,2026-05-13 00:08:04,125,125,51,90,,,,,51,31,,,
Depok,Cinere - Nafas,2026-05-13 00:08:11,185,185,88,162,,,,,0,0,,,
Bogor,Kabupaten Bogor Leuwiliang,2026-05-13 00:00:00,83,83,45,,4,9,0,80,,,,,
Tangerang,Tangerang Pasir Jaya,2026-05-13 00:00:00,86,86,44,,59,63,0,65,,,,,
Bekasi,Bekasi Kayuringin,2026-05-13 00:00:00,71,71,40,,50,13,0,2,,,,,
Jakarta,The Pakubuwono Menteng,2026-05-13 00:08:04,125,125,51,90,,,,,51,31,,,
Depok,Cinere - Nafas,2026-05-13 00:08:11,185,185,88,162,,,,,0,0,,,
Bogor,Kabupaten Bogor Leuwiliang,2026-05-13 00:00:00,83,83,45,,4,9,0,80,,,,,
Tangerang,Tangerang Pasir Jaya,2026-05-13 00:00:00,86,86,44,,59,63,0,65,,,,,
Bekasi,Bekasi Kayuringin,2026-05-13 00:00:00,71,71,40,,50,13,0,2,,,,,
Jakarta,The Pakubuwono Menteng,2026-05-13 00:09:04,128,128,53,94,,,,,51,31,,,
Depok,Cinere - Nafas,2026-05-13 00:09:13,199,199,102,173,,,,,0,0,,,
Bogor,Kabupaten Bogor Leuwiliang,2026-05-13 00:00:00,83,83,45,,4,9,0,80,,,,,
Tangerang,Tangerang Pasir Jaya,2026-05-13 00:00:00,86,86,44,,59,63,0,65,,,,,
Bekasi,Bekasi Kayuringin,2026-05-13 00:00:00,71,71,40,,50,13,0,2,,,,,
Jakarta,The Pakubuwono Menteng,2026-05-13 00:10:04,132,132,52,93,,,,,52,31,,,
Depok,Cinere - Nafas,2026-05-13 00:10:11,189,189,92,167,,,,,0,0,,,
Bogor,Kabupaten Bogor Leuwiliang,2026-05-13 00:00:00,83,83,45,,4,9,0,80,,,,,
Tangerang,Tangerang Pasir Jaya,2026-05-13 00:00:00,86,86,44,,59,63,0,65,,,,,
Bekasi,Bekasi Kayuringin,2026-05-13 00:00:00,71,71,40,,50,13,0,2,,,,,
Jakarta,The Pakubuwono Menteng,2026-05-13 00:12:04,131,131,52,95,,,,,52,31,,,
Depok,Cinere - Nafas,2026-05-13 00:12:11,186,186,89,165,,,,,0,0,,,
Bogor,Kabupaten Bogor Leuwiliang,2026-05-13 00:00:00,83,83,45,,4,9,0,80,,,,,
Tangerang,Tangerang Pasir Jaya,2026-05-13 00:00:00,86,86,44,,59,63,0,65,,,,,
Bekasi,Bekasi Kayuringin,2026-05-13 00:00:00,71,71,40,,50,13,0,2,,,,,
Jakarta,The Pakubuwono Menteng,2026-05-13 00:12:04,131,131,52,95,,,,,52,31,,,
Depok,Cinere - Nafas,2026-05-13 00:12:11,186,186,89,165,,,,,0,0,,,
Bogor,Kabupaten Bogor Leuwiliang,2026-05-13 00:00:00,83,83,45,,4,9,0,80,,,,,
Tangerang,Tangerang Pasir Jaya,2026-05-13 00:00:00,86,86,44,,59,63,0,65,,,,,
Bekasi,Bekasi Kayuringin,2026-05-13 00:00:00,71,71,40,,50,13,0,2,,,,,
Jakarta,The Pakubuwono Menteng,2026-05-13 00:15:04,137,137,54,97,,,,,51,31,,,
Depok,Cinere - Nafas,2026-05-13 00:15:11,173,173,78,156,,,,,0,0,,,
Bogor,Kabupaten Bogor Leuwiliang,2026-05-13 00:00:00,83,83,45,,4,9,0,80,,,,,
Tangerang,Tangerang Pasir Jaya,2026-05-13 00:00:00,86,86,44,,59,63,0,65,,,,,
Bekasi,Bekasi Kayuringin,2026-05-13 00:00:00,71,71,40,,50,13,0,2,,,,,
Jakarta,The Pakubuwono Menteng,2026-05-13 00:15:04,137,137,54,97,,,,,51,31,,,
Depok,Cinere - Nafas,2026-05-13 00:15:11,173,173,78,156,,,,,0,0,,,
Bogor,Kabupaten Bogor Leuwiliang,2026-05-13 00:00:00,83,83,45,,4,9,0,80,,,,,
Tangerang,Tangerang Pasir Jaya,2026-05-13 00:00:00,86,86,44,,59,63,0,65,,,,,
Bekasi,Bekasi Kayuringin,2026-05-13 00:00:00,71,71,40,,50,13,0,2,,,,,
Jakarta,The Pakubuwono Menteng,2026-05-13 00:16:04,146,146,55,107,,,,,51,30.9,,,
Depok,Cinere - Nafas,2026-05-13 00:16:11,171,171,77,154,,,,,0,0,,,
Bogor,Kabupaten Bogor Leuwiliang,2026-05-13 00:00:00,83,83,45,,4,9,0,80,,,,,
Tangerang,Tangerang Pasir Jaya,2026-05-13 00:00:00,86,86,44,,59,63,0,65,,,,,
Bekasi,Bekasi Kayuringin,2026-05-13 00:00:00,71,71,40,,50,13,0,2,,,,,
Jakarta,The Pakubuwono Menteng,2026-05-13 00:18:04,153,153,58,123,,,,,52,30.9,,,
Depok,Cinere - Nafas,2026-05-13 00:18:11,168,168,70,152,,,,,0,0,,,
Bogor,Kabupaten Bogor Leuwiliang,2026-05-13 00:00:00,83,83,45,,4,9,0,80,,,,,
Tangerang,Tangerang Pasir Jaya,2026-05-13 00:00:00,86,86,44,,59,63,0,65,,,,,
Bekasi,Bekasi Kayuringin,2026-05-13 00:00:00,71,71,40,,50,13,0,2,,,,,
Jakarta,The Pakubuwono Menteng,2026-05-13 00:18:04,153,153,58,123,,,,,52,30.9,,,
Depok,Cinere - Nafas,2026-05-13 00:18:11,168,168,70,152,,,,,0,0,,,
Bogor,Kabupaten Bogor Leuwiliang,2026-05-13 00:00:00,83,83,45,,4,9,0,80,,,,,
Tangerang,Tangerang Pasir Jaya,2026-05-13 00:00:00,86,86,44,,59,63,0,65,,,,,
Bekasi,Bekasi Kayuringin,2026-05-13 00:00:00,71,71,40,,50,13,0,2,,,,,
Jakarta,The Pakubuwono Menteng,2026-05-13 00:19:04,155,155,60,127,,,,,52,30.9,,,
Depok,Cinere - Nafas,2026-05-13 00:19:11,169,169,73,152,,,,,0,0,,,
Bogor,Kabupaten Bogor Leuwiliang,2026-05-13 00:00:00,83,83,45,,4,9,0,80,,,,,
Tangerang,Tangerang Pasir Jaya,2026-05-13 00:00:00,86,86,44,,59,63,0,65,,,,,
Bekasi,Bekasi Kayuringin,2026-05-13 00:00:00,71,71,40,,50,13,0,2,,,,,
Jakarta,The Pakubuwono Menteng,2026-05-13 00:21:04,157,157,61,133,,,,,52,30.8,,,
Depok,Cinere - Nafas,2026-05-13 00:21:11,168,168,72,153,,,,,0,0,,,
Bogor,Kabupaten Bogor Leuwiliang,2026-05-13 00:00:00,83,83,45,,4,9,0,80,,,,,
Tangerang,Tangerang Pasir Jaya,2026-05-13 00:00:00,86,86,44,,59,63,0,65,,,,,
Bekasi,Bekasi Kayuringin,2026-05-13 00:00:00,71,71,40,,50,13,0,2,,,,,
Jakarta,The Pakubuwono Menteng,2026-05-13 00:23:04,156,156,60,131,,,,,52,30.8,,,
Depok,Cinere - Nafas,2026-05-13 00:23:11,173,173,76,156,,,,,0,0,,,
Bogor,Kabupaten Bogor Leuwiliang,2026-05-13 00:00:00,83,83,45,,4,9,0,80,,,,,
Tangerang,Tangerang Pasir Jaya,2026-05-13 00:00:00,86,86,44,,59,63,0,65,,,,,
Bekasi,Bekasi Kayuringin,2026-05-13 00:00:00,71,71,40,,50,13,0,2,,,,,
Jakarta,The Pakubuwono Menteng,2026-05-13 00:24:04,156,156,61,133,,,,,52,30.7,,,
Depok,Cinere - Nafas,2026-05-13 00:24:11,173,173,75,156,,,,,0,0,,,
Bogor,Kabupaten Bogor Leuwiliang,2026-05-13 00:00:00,83,83,45,,4,9,0,80,,,,,
Tangerang,Tangerang Pasir Jaya,2026-05-13 00:00:00,86,86,44,,59,63,0,65,,,,,
Bekasi,Bekasi Kayuringin,2026-05-13 00:00:00,71,71,40,,50,13,0,2,,,,,
Jakarta,The Pakubuwono Menteng,2026-05-13 00:25:04,157,157,61,136,,,,,52,30.7,,,
Depok,Cinere - Nafas,2026-05-13 00:25:11,171,171,75,155,,,,,0,0,,,
Bogor,Kabupaten Bogor Leuwiliang,2026-05-13 00:00:00,83,83,45,,4,9,0,80,,,,,
Tangerang,Tangerang Pasir Jaya,2026-05-13 00:00:00,86,86,44,,59,63,0,65,,,,,
Bekasi,Bekasi Kayuringin,2026-05-13 00:00:00,71,71,40,,50,13,0,2,,,,,
Jakarta,The Pakubuwono Menteng,2026-05-13 00:27:04,157,157,61,131,,,,,52,30.6,,,
Depok,Cinere - Nafas,2026-05-13 00:27:11,170,170,73,154,,,,,0,0,,,
Bogor,Kabupaten Bogor Leuwiliang,2026-05-13 00:00:00,83,83,45,,4,9,0,80,,,,,
Tangerang,Tangerang Pasir Jaya,2026-05-13 00:00:00,86,86,44,,59,63,0,65,,,,,
Bekasi,Bekasi Kayuringin,2026-05-13 00:00:00,71,71,40,,50,13,0,2,,,,,
Jakarta,The Pakubuwono Menteng,2026-05-13 00:27:04,157,157,61,131,,,,,52,30.6,,,
Depok,Cinere - Nafas,2026-05-13 00:27:11,170,170,73,154,,,,,0,0,,,
Bogor,Kabupaten Bogor Leuwiliang,2026-05-13 00:00:00,83,83,45,,4,9,0,80,,,,,
Tangerang,Tangerang Pasir Jaya,2026-05-13 00:00:00,86,86,44,,59,63,0,65,,,,,
Bekasi,Bekasi Kayuringin,2026-05-13 00:00:00,71,71,40,,50,13,0,2,,,,,
Jakarta,The Pakubuwono Menteng,2026-05-13 00:28:04,157,157,61,136,,,,,53,30.6,,,
Depok,Cinere - Nafas,2026-05-13 00:28:11,171,171,73,155,,,,,0,0,,,
Bogor,Kabupaten Bogor Leuwiliang,2026-05-13 00:00:00,83,83,45,,4,9,0,80,,,,,
Tangerang,Tangerang Pasir Jaya,2026-05-13 00:00:00,86,86,44,,59,63,0,65,,,,,
Bekasi,Bekasi Kayuringin,2026-05-13 00:00:00,71,71,40,,50,13,0,2,,,,,
Jakarta,The Pakubuwono Menteng,2026-05-13 00:30:04,152,152,58,118,,,,,52,30.6,,,
Depok,Cinere - Nafas,2026-05-13 00:30:11,170,170,73,154,,,,,0,0,,,
Bogor,Kabupaten Bogor Leuwiliang,2026-05-13 00:00:00,83,83,45,,4,9,0,80,,,,,
Tangerang,Tangerang Pasir Jaya,2026-05-13 00:00:00,86,86,44,,59,63,0,65,,,,,
Bekasi,Bekasi Kayuringin,2026-05-13 00:00:00,71,71,40,,50,13,0,2,,,,,
Jakarta,The Pakubuwono Menteng,2026-05-13 00:30:04,152,152,58,118,,,,,52,30.6,,,
Depok,Cinere - Nafas,2026-05-13 00:30:11,170,170,73,154,,,,,0,0,,,
Bogor,Kabupaten Bogor Leuwiliang,2026-05-13 00:00:00,83,83,45,,4,9,0,80,,,,,
Tangerang,Tangerang Pasir Jaya,2026-05-13 00:00:00,86,86,44,,59,63,0,65,,,,,
Bekasi,Bekasi Kayuringin,2026-05-13 00:00:00,71,71,40,,50,13,0,2,,,,,
Jakarta,The Pakubuwono Menteng,2026-05-13 00:31:04,155,155,59,126,,,,,53,30.6,,,
Depok,Cinere - Nafas,2026-05-13 00:31:11,167,167,69,152,,,,,0,0,,,
Bogor,Kabupaten Bogor Leuwiliang,2026-05-13 00:00:00,83,83,45,,4,9,0,80,,,,,
Tangerang,Tangerang Pasir Jaya,2026-05-13 00:00:00,86,86,44,,59,63,0,65,,,,,
Bekasi,Bekasi Kayuringin,2026-05-13 00:00:00,71,71,40,,50,13,0,2,,,,,
Jakarta,The Pakubuwono Menteng,2026-05-13 00:33:04,151,151,57,118,,,,,53,30.5,,,
Depok,Cinere - Nafas,2026-05-13 00:34:12,169,169,73,153,,,,,0,0,,,
Bogor,Kabupaten Bogor Leuwiliang,2026-05-13 00:00:00,83,83,45,,4,9,0,80,,,,,
Tangerang,Tangerang Pasir Jaya,2026-05-13 00:00:00,86,86,44,,59,63,0,65,,,,,
Bekasi,Bekasi Kayuringin,2026-05-13 00:00:00,71,71,40,,50,13,0,2,,,,,
Jakarta,The Pakubuwono Menteng,2026-05-13 00:34:05,149,149,57,107,,,,,52,30.5,,,
Depok,Cinere - Nafas,2026-05-13 00:34:12,169,169,73,153,,,,,0,0,,,
Bogor,Kabupaten Bogor Leuwiliang,2026-05-13 00:00:00,83,83,45,,4,9,0,80,,,,,
Tangerang,Tangerang Pasir Jaya,2026-05-13 00:00:00,86,86,44,,59,63,0,65,,,,,
Bekasi,Bekasi Kayuringin,2026-05-13 00:00:00,71,71,40,,50,13,0,2,,,,,
Jakarta,The Pakubuwono Menteng,2026-05-13 00:36:15,138,138,54,105,,,,,52,30.5,,,
Depok,Cinere - Nafas,2026-05-13 00:36:12,174,174,77,157,,,,,0,0,,,
Bogor,Kabupaten Bogor Leuwiliang,2026-05-13 00:00:00,83,83,45,,4,9,0,80,,,,,
Tangerang,Tangerang Pasir Jaya,2026-05-13 00:00:00,86,86,44,,59,63,0,65,,,,,
Bekasi,Bekasi Kayuringin,2026-05-13 00:00:00,71,71,40,,50,13,0,2,,,,,
Jakarta,The Pakubuwono Menteng,2026-05-13 00:37:04,141,141,56,105,,,,,52,30.5,,,
Depok,Cinere - Nafas,2026-05-13 00:37:12,173,173,76,156,,,,,0,0,,,
Bogor,Kabupaten Bogor Leuwiliang,2026-05-13 00:00:00,83,83,45,,4,9,0,80,,,,,
Tangerang,Tangerang Pasir Jaya,2026-05-13 00:00:00,86,86,44,,59,63,0,65,,,,,
Bekasi,Bekasi Kayuringin,2026-05-13 00:00:00,71,71,40,,50,13,0,2,,,,,
Jakarta,The Pakubuwono Menteng,2026-05-13 00:39:05,151,151,57,113,,,,,53,30.6,,,
Depok,Cinere - Nafas,2026-05-13 00:39:12,177,177,80,158,,,,,0,0,,,
Bogor,Kabupaten Bogor Leuwiliang,2026-05-13 00:00:00,83,83,45,,4,9,0,80,,,,,
Tangerang,Tangerang Pasir Jaya,2026-05-13 00:00:00,86,86,44,,59,63,0,65,,,,,
Bekasi,Bekasi Kayuringin,2026-05-13 00:00:00,71,71,40,,50,13,0,2,,,,,
Jakarta,The Pakubuwono Menteng,2026-05-13 00:39:05,151,151,57,113,,,,,53,30.6,,,
Depok,Cinere - Nafas,2026-05-13 00:39:12,177,177,80,158,,,,,0,0,,,
Bogor,Kabupaten Bogor Leuwiliang,2026-05-13 00:00:00,83,83,45,,4,9,0,80,,,,,
Tangerang,Tangerang Pasir Jaya,2026-05-13 00:00:00,86,86,44,,59,63,0,65,,,,,
Bekasi,Bekasi Kayuringin,2026-05-13 00:00:00,71,71,40,,50,13,0,2,,,,,
Jakarta,The Pakubuwono Menteng,2026-05-13 00:40:05,150,150,57,112,,,,,53,30.6,,,
Depok,Cinere - Nafas,2026-05-13 00:40:12,177,177,80,158,,,,,0,0,,,
Bogor,Kabupaten Bogor Leuwiliang,2026-05-13 00:00:00,83,83,45,,4,9,0,80,,,,,
Tangerang,Tangerang Pasir Jaya,2026-05-13 00:00:00,86,86,44,,59,63,0,65,,,,,
Bekasi,Bekasi Kayuringin,2026-05-13 00:00:00,71,71,40,,50,13,0,2,,,,,
Jakarta,The Pakubuwono Menteng,2026-05-13 00:42:14,153,153,59,117,,,,,52,30.6,,,
Depok,Cinere - Nafas,2026-05-13 00:42:12,173,173,76,155,,,,,0,0,,,
Bogor,Kabupaten Bogor Leuwiliang,2026-05-13 00:00:00,83,83,45,,4,9,0,80,,,,,
Tangerang,Tangerang Pasir Jaya,2026-05-13 00:00:00,86,86,44,,59,63,0,65,,,,,
Bekasi,Bekasi Kayuringin,2026-05-13 00:00:00,71,71,40,,50,13,0,2,,,,,
Jakarta,The Pakubuwono Menteng,2026-05-13 00:42:14,153,153,59,117,,,,,52,30.6,,,
Depok,Cinere - Nafas,2026-05-13 00:43:12,170,170,75,154,,,,,0,0,,,
Bogor,Kabupaten Bogor Leuwiliang,2026-05-13 00:00:00,83,83,45,,4,9,0,80,,,,,
Tangerang,Tangerang Pasir Jaya,2026-05-13 00:00:00,86,86,44,,59,63,0,65,,,,,
Bekasi,Bekasi Kayuringin,2026-05-13 00:00:00,71,71,40,,50,13,0,2,,,,,
Jakarta,The Pakubuwono Menteng,2026-05-13 00:45:05,158,158,62,133,,,,,53,30.6,,,
Depok,Cinere - Nafas,2026-05-13 00:45:12,167,167,71,152,,,,,0,0,,,
Bogor,Kabupaten Bogor Leuwiliang,2026-05-13 00:00:00,83,83,45,,4,9,0,80,,,,,
Tangerang,Tangerang Pasir Jaya,2026-05-13 00:00:00,86,86,44,,59,63,0,65,,,,,
Bekasi,Bekasi Kayuringin,2026-05-13 00:00:00,71,71,40,,50,13,0,2,,,,,
Jakarta,The Pakubuwono Menteng,2026-05-13 00:46:05,158,158,61,135,,,,,53,30.6,,,
Depok,Cinere - Nafas,2026-05-13 00:46:12,167,167,70,152,,,,,0,0,,,
Bogor,Kabupaten Bogor Leuwiliang,2026-05-13 00:00:00,83,83,45,,4,9,0,80,,,,,
Tangerang,Tangerang Pasir Jaya,2026-05-13 00:00:00,86,86,44,,59,63,0,65,,,,,
Bekasi,Bekasi Kayuringin,2026-05-13 00:00:00,71,71,40,,50,13,0,2,,,,,
Jakarta,The Pakubuwono Menteng,2026-05-13 00:46:05,158,158,61,135,,,,,53,30.6,,,
Depok,Cinere - Nafas,2026-05-13 00:46:12,167,167,70,152,,,,,0,0,,,
Bogor,Kabupaten Bogor Leuwiliang,2026-05-13 00:00:00,83,83,45,,4,9,0,80,,,,,
Tangerang,Tangerang Pasir Jaya,2026-05-13 00:00:00,86,86,44,,59,63,0,65,,,,,
Bekasi,Bekasi Kayuringin,2026-05-13 00:00:00,71,71,40,,50,13,0,2,,,,,
Jakarta,The Pakubuwono Menteng,2026-05-13 00:48:05,157,157,61,130,,,,,52,30.6,,,
Depok,Cinere - Nafas,2026-05-13 00:48:12,172,172,77,156,,,,,0,0,,,
Bogor,Kabupaten Bogor Leuwiliang,2026-05-13 00:00:00,83,83,45,,4,9,0,80,,,,,
Tangerang,Tangerang Pasir Jaya,2026-05-13 00:00:00,86,86,44,,59,63,0,65,,,,,
Bekasi,Bekasi Kayuringin,2026-05-13 00:00:00,71,71,40,,50,13,0,2,,,,,
Jakarta,The Pakubuwono Menteng,2026-05-13 00:49:05,154,154,60,128,,,,,52,30.6,,,
Depok,Cinere - Nafas,2026-05-13 00:49:12,174,174,78,157,,,,,0,0,,,
Bogor,Kabupaten Bogor Leuwiliang,2026-05-13 00:00:00,83,83,45,,4,9,0,80,,,,,
Tangerang,Tangerang Pasir Jaya,2026-05-13 00:00:00,86,86,44,,59,63,0,65,,,,,
Bekasi,Bekasi Kayuringin,2026-05-13 00:00:00,71,71,40,,50,13,0,2,,,,,
Jakarta,The Pakubuwono Menteng,2026-05-13 00:50:05,159,159,62,135,,,,,53,30.6,,,
Depok,Cinere - Nafas,2026-05-13 00:50:12,174,174,78,156,,,,,0,0,,,
Bogor,Kabupaten Bogor Leuwiliang,2026-05-13 00:00:00,83,83,45,,4,9,0,80,,,,,
Tangerang,Tangerang Pasir Jaya,2026-05-13 00:00:00,86,86,44,,59,63,0,65,,,,,
Bekasi,Bekasi Kayuringin,2026-05-13 00:00:00,71,71,40,,50,13,0,2,,,,,
Jakarta,The Pakubuwono Menteng,2026-05-13 00:50:05,159,159,62,135,,,,,53,30.6,,,
Depok,Cinere - Nafas,2026-05-13 00:50:12,174,174,78,156,,,,,0,0,,,
Bogor,Kabupaten Bogor Leuwiliang,2026-05-13 00:00:00,83,83,45,,4,9,0,80,,,,,
Tangerang,Tangerang Pasir Jaya,2026-05-13 00:00:00,86,86,44,,59,63,0,65,,,,,
Bekasi,Bekasi Kayuringin,2026-05-13 00:00:00,71,71,40,,50,13,0,2,,,,,
Jakarta,The Pakubuwono Menteng,2026-05-13 00:52:14,163,163,66,150,,,,,53,30.6,,,
Depok,Cinere - Nafas,2026-05-13 00:53:12,174,174,77,157,,,,,0,0,,,
Bogor,Kabupaten Bogor Leuwiliang,2026-05-13 00:00:00,83,83,45,,4,9,0,80,,,,,
Tangerang,Tangerang Pasir Jaya,2026-05-13 00:00:00,86,86,44,,59,63,0,65,,,,,
Bekasi,Bekasi Kayuringin,2026-05-13 00:00:00,71,71,40,,50,13,0,2,,,,,
Jakarta,The Pakubuwono Menteng,2026-05-13 00:55:05,160,160,61,137,,,,,53,30.6,,,
Depok,Cinere - Nafas,2026-05-13 00:55:12,176,176,80,159,,,,,0,0,,,
Bogor,Kabupaten Bogor Leuwiliang,2026-05-13 00:00:00,83,83,45,,4,9,0,80,,,,,
Tangerang,Tangerang Pasir Jaya,2026-05-13 00:00:00,86,86,44,,59,63,0,65,,,,,
Bekasi,Bekasi Kayuringin,2026-05-13 00:00:00,71,71,40,,50,13,0,2,,,,,
Jakarta,The Pakubuwono Menteng,2026-05-13 00:55:05,160,160,61,137,,,,,53,30.6,,,
Depok,Cinere - Nafas,2026-05-13 00:55:12,176,176,80,159,,,,,0,0,,,
Bogor,Kabupaten Bogor Leuwiliang,2026-05-13 00:00:00,83,83,45,,4,9,0,80,,,,,
Tangerang,Tangerang Pasir Jaya,2026-05-13 00:00:00,86,86,44,,59,63,0,65,,,,,
Bekasi,Bekasi Kayuringin,2026-05-13 00:00:00,71,71,40,,50,13,0,2,,,,,
Jakarta,The Pakubuwono Menteng,2026-05-13 00:56:05,160,160,64,139,,,,,52,30.6,,,
Depok,Cinere - Nafas,2026-05-13 00:56:12,177,177,82,159,,,,,0,0,,,
Bogor,Kabupaten Bogor Leuwiliang,2026-05-13 00:00:00,83,83,45,,4,9,0,80,,,,,
Tangerang,Tangerang Pasir Jaya,2026-05-13 00:00:00,86,86,44,,59,63,0,65,,,,,
Bekasi,Bekasi Kayuringin,2026-05-13 00:00:00,71,71,40,,50,13,0,2,,,,,
Jakarta,The Pakubuwono Menteng,2026-05-13 00:58:08,160,160,62,143,,,,,52,30.5,,,
Depok,Cinere - Nafas,2026-05-13 00:58:12,179,179,81,160,,,,,0,0,,,
Bogor,Kabupaten Bogor Leuwiliang,2026-05-13 00:00:00,83,83,45,,4,9,0,80,,,,,
Tangerang,Tangerang Pasir Jaya,2026-05-13 00:00:00,86,86,44,,59,63,0,65,,,,,
Bekasi,Bekasi Kayuringin,2026-05-13 00:00:00,71,71,40,,50,13,0,2,,,,,
Jakarta,The Pakubuwono Menteng,2026-05-13 00:59:48,162,162,65,150,,,,,52,30.5,,,
Depok,Cinere - Nafas,2026-05-13 00:59:12,181,181,84,160,,,,,0,0,,,
Bogor,Kabupaten Bogor Leuwiliang,2026-05-13 00:00:00,83,83,45,,4,9,0,80,,,,,
Tangerang,Tangerang Pasir Jaya,2026-05-13 00:00:00,86,86,44,,59,63,0,65,,,,,
Bekasi,Bekasi Kayuringin,2026-05-13 00:00:00,71,71,40,,50,13,0,2,,,,,
Jakarta,The Pakubuwono Menteng,2026-05-13 00:59:48,162,162,65,150,,,,,52,30.5,,,
Depok,Cinere - Nafas,2026-05-13 00:59:12,181,181,84,160,,,,,0,0,,,
Bogor,Kabupaten Bogor Leuwiliang,2026-05-13 00:00:00,83,83,45,,4,9,0,80,,,,,
Tangerang,Tangerang Pasir Jaya,2026-05-13 00:00:00,86,86,44,,59,63,0,65,,,,,
Bekasi,Bekasi Kayuringin,2026-05-13 00:00:00,71,71,40,,50,13,0,2,,,,,
Jakarta,The Pakubuwono Menteng,2026-05-13 01:01:44,164,164,67,151,,,,,53,30.5,,,
Depok,Cinere - Nafas,2026-05-13 01:01:12,181,181,85,161,,,,,0,0,,,
Bogor,Kabupaten Bogor Leuwiliang,2026-05-13 00:00:00,83,83,45,,4,9,0,80,,,,,
Tangerang,Tangerang Pasir Jaya,2026-05-13 00:00:00,86,86,44,,59,63,0,65,,,,,
Bekasi,Bekasi Kayuringin,2026-05-13 00:00:00,71,71,40,,50,13,0,2,,,,,
Jakarta,The Pakubuwono Menteng,2026-05-13 01:02:44,167,167,69,154,,,,,53,30.5,,,
Depok,Cinere - Nafas,2026-05-13 01:02:12,181,181,85,161,,,,,0,0,,,
Bogor,Kabupaten Bogor Leuwiliang,2026-05-13 00:00:00,83,83,45,,4,9,0,80,,,,,
Tangerang,Tangerang Pasir Jaya,2026-05-13 00:00:00,86,86,44,,59,63,0,65,,,,,
Bekasi,Bekasi Kayuringin,2026-05-13 00:00:00,71,71,40,,50,13,0,2,,,,,
Jakarta,The Pakubuwono Menteng,2026-05-13 01:04:44,166,166,70,152,,,,,53,30.4,,,
Depok,Cinere - Nafas,2026-05-13 01:04:12,180,180,83,160,,,,,0,0,,,
Bogor,Kabupaten Bogor Leuwiliang,2026-05-13 00:00:00,83,83,45,,4,9,0,80,,,,,
Tangerang,Tangerang Pasir Jaya,2026-05-13 00:00:00,86,86,44,,59,63,0,65,,,,,
Bekasi,Bekasi Kayuringin,2026-05-13 00:00:00,71,71,40,,50,13,0,2,,,,,
Jakarta,The Pakubuwono Menteng,2026-05-13 01:05:44,166,166,68,152,,,,,53,30.4,,,
Depok,Cinere - Nafas,2026-05-13 01:05:12,181,181,83,161,,,,,0,0,,,
Bogor,Kabupaten Bogor Leuwiliang,2026-05-13 01:00:00,85,85,46,,4,9,0,80,,,,,
Tangerang,Tangerang Pasir Jaya,2026-05-13 01:00:00,93,93,47,,59,63,0,65,,,,,
Bekasi,Bekasi Kayuringin,2026-05-13 01:00:00,75,75,41,,50,13,0,2,,,,,
Jakarta,The Pakubuwono Menteng,2026-05-13 01:06:44,166,166,68,152,,,,,53,30.4,,,
Depok,Cinere - Nafas,2026-05-13 01:06:12,181,181,83,161,,,,,0,0,,,
Bogor,Kabupaten Bogor Leuwiliang,2026-05-13 01:00:00,85,85,46,,4,9,0,80,,,,,
Tangerang,Tangerang Pasir Jaya,2026-05-13 01:00:00,93,93,47,,59,63,0,65,,,,,
Bekasi,Bekasi Kayuringin,2026-05-13 01:00:00,75,75,41,,50,13,0,2,,,,,
Jakarta,The Pakubuwono Menteng,2026-05-13 01:06:44,166,166,68,152,,,,,53,30.4,,,
Depok,Cinere - Nafas,2026-05-13 01:06:12,181,181,83,161,,,,,0,0,,,
Bogor,Kabupaten Bogor Leuwiliang,2026-05-13 01:00:00,85,85,46,,4,9,0,80,,,,,
Tangerang,Tangerang Pasir Jaya,2026-05-13 01:00:00,93,93,47,,59,63,0,65,,,,,
Bekasi,Bekasi Kayuringin,2026-05-13 01:00:00,75,75,41,,50,13,0,2,,,,,
Jakarta,The Pakubuwono Menteng,2026-05-13 01:08:44,166,166,68,152,,,,,53,30.3,,,
Depok,Cinere - Nafas,2026-05-13 01:08:12,180,180,84,160,,,,,0,0,,,
Bogor,Kabupaten Bogor Leuwiliang,2026-05-13 01:00:00,85,85,46,,4,9,0,80,,,,,
Tangerang,Tangerang Pasir Jaya,2026-05-13 01:00:00,93,93,47,,59,63,0,65,,,,,
Bekasi,Bekasi Kayuringin,2026-05-13 01:00:00,75,75,41,,50,13,0,2,,,,,
Jakarta,The Pakubuwono Menteng,2026-05-13 01:09:44,167,167,69,153,,,,,53,30.3,,,
Depok,Cinere - Nafas,2026-05-13 01:09:12,181,181,84,160,,,,,0,0,,,
Bogor,Kabupaten Bogor Leuwiliang,2026-05-13 01:00:00,85,85,46,,4,9,0,80,,,,,
Tangerang,Tangerang Pasir Jaya,2026-05-13 01:00:00,93,93,47,,59,63,0,65,,,,,
Bekasi,Bekasi Kayuringin,2026-05-13 01:00:00,75,75,41,,50,13,0,2,,,,,
Jakarta,The Pakubuwono Menteng,2026-05-13 01:11:44,165,165,69,152,,,,,53,30.3,,,
Depok,Cinere - Nafas,2026-05-13 01:11:12,180,180,85,160,,,,,0,0,,,
Bogor,Kabupaten Bogor Leuwiliang,2026-05-13 01:00:00,85,85,46,,4,9,0,80,,,,,
Tangerang,Tangerang Pasir Jaya,2026-05-13 01:00:00,93,93,47,,59,63,0,65,,,,,
Bekasi,Bekasi Kayuringin,2026-05-13 01:00:00,75,75,41,,50,13,0,2,,,,,
Jakarta,The Pakubuwono Menteng,2026-05-13 01:11:44,165,165,69,152,,,,,53,30.3,,,
Depok,Cinere - Nafas,2026-05-13 01:11:12,180,180,85,160,,,,,0,0,,,
Bogor,Kabupaten Bogor Leuwiliang,2026-05-13 01:00:00,85,85,46,,4,9,0,80,,,,,
Tangerang,Tangerang Pasir Jaya,2026-05-13 01:00:00,93,93,47,,59,63,0,65,,,,,
Bekasi,Bekasi Kayuringin,2026-05-13 01:00:00,75,75,41,,50,13,0,2,,,,,
Jakarta,The Pakubuwono Menteng,2026-05-13 01:14:44,167,167,70,153,,,,,53,30.2,,,
Depok,Cinere - Nafas,2026-05-13 01:14:12,177,177,81,157,,,,,0,0,,,
Bogor,Kabupaten Bogor Leuwiliang,2026-05-13 01:00:00,85,85,46,,4,9,0,80,,,,,
Tangerang,Tangerang Pasir Jaya,2026-05-13 01:00:00,93,93,47,,59,63,0,65,,,,,
Bekasi,Bekasi Kayuringin,2026-05-13 01:00:00,75,75,41,,50,13,0,2,,,,,
Jakarta,The Pakubuwono Menteng,2026-05-13 01:15:44,167,167,70,153,,,,,53,30.2,,,
Depok,Cinere - Nafas,2026-05-13 01:15:12,177,177,81,159,,,,,0,0,,,
Bogor,Kabupaten Bogor Leuwiliang,2026-05-13 01:00:00,85,85,46,,4,9,0,80,,,,,
Tangerang,Tangerang Pasir Jaya,2026-05-13 01:00:00,93,93,47,,59,63,0,65,,,,,
Bekasi,Bekasi Kayuringin,2026-05-13 01:00:00,75,75,41,,50,13,0,2,,,,,
Jakarta,The Pakubuwono Menteng,2026-05-13 01:15:44,167,167,70,153,,,,,53,30.2,,,
Depok,Cinere - Nafas,2026-05-13 01:15:12,177,177,81,159,,,,,0,0,,,
Bogor,Kabupaten Bogor Leuwiliang,2026-05-13 01:00:00,85,85,46,,4,9,0,80,,,,,
Tangerang,Tangerang Pasir Jaya,2026-05-13 01:00:00,93,93,47,,59,63,0,65,,,,,
Bekasi,Bekasi Kayuringin,2026-05-13 01:00:00,75,75,41,,50,13,0,2,,,,,
Jakarta,The Pakubuwono Menteng,2026-05-13 01:16:44,169,169,73,154,,,,,53,30.2,,,
Depok,Cinere - Nafas,2026-05-13 01:16:12,180,180,83,160,,,,,0,0,,,
Bogor,Kabupaten Bogor Leuwiliang,2026-05-13 01:00:00,85,85,46,,4,9,0,80,,,,,
Tangerang,Tangerang Pasir Jaya,2026-05-13 01:00:00,93,93,47,,59,63,0,65,,,,,
Bekasi,Bekasi Kayuringin,2026-05-13 01:00:00,75,75,41,,50,13,0,2,,,,,
Jakarta,The Pakubuwono Menteng,2026-05-13 01:18:44,169,169,73,154,,,,,53,30.2,,,
Depok,Cinere - Nafas,2026-05-13 01:18:12,178,178,82,159,,,,,0,0,,,
Bogor,Kabupaten Bogor Leuwiliang,2026-05-13 01:00:00,85,85,46,,4,9,0,80,,,,,
Tangerang,Tangerang Pasir Jaya,2026-05-13 01:00:00,93,93,47,,59,63,0,65,,,,,
Bekasi,Bekasi Kayuringin,2026-05-13 01:00:00,75,75,41,,50,13,0,2,,,,,
Jakarta,The Pakubuwono Menteng,2026-05-13 01:19:44,169,169,71,153,,,,,53,30.1,,,
Depok,Cinere - Nafas,2026-05-13 01:19:12,179,179,82,159,,,,,0,0,,,
Bogor,Kabupaten Bogor Leuwiliang,2026-05-13 01:00:00,85,85,46,,4,9,0,80,,,,,
Tangerang,Tangerang Pasir Jaya,2026-05-13 01:00:00,93,93,47,,59,63,0,65,,,,,
Bekasi,Bekasi Kayuringin,2026-05-13 01:00:00,75,75,41,,50,13,0,2,,,,,
Jakarta,The Pakubuwono Menteng,2026-05-13 01:19:44,169,169,71,153,,,,,53,30.1,,,
Depok,Cinere - Nafas,2026-05-13 01:19:12,179,179,82,159,,,,,0,0,,,
Bogor,Kabupaten Bogor Leuwiliang,2026-05-13 01:00:00,85,85,46,,4,9,0,80,,,,,
Tangerang,Tangerang Pasir Jaya,2026-05-13 01:00:00,93,93,47,,59,63,0,65,,,,,
Bekasi,Bekasi Kayuringin,2026-05-13 01:00:00,75,75,41,,50,13,0,2,,,,,
Jakarta,The Pakubuwono Menteng,2026-05-13 01:21:44,168,168,72,154,,,,,53,30.1,,,
Depok,Cinere - Nafas,2026-05-13 01:21:12,180,180,84,160,,,,,0,0,,,
Bogor,Kabupaten Bogor Leuwiliang,2026-05-13 01:00:00,85,85,46,,4,9,0,80,,,,,
Tangerang,Tangerang Pasir Jaya,2026-05-13 01:00:00,93,93,47,,59,63,0,65,,,,,
Bekasi,Bekasi Kayuringin,2026-05-13 01:00:00,75,75,41,,50,13,0,2,,,,,
Jakarta,The Pakubuwono Menteng,2026-05-13 01:24:44,167,167,70,153,,,,,53,30,,,
Depok,Cinere - Nafas,2026-05-13 01:24:12,176,176,80,158,,,,,0,0,,,
Bogor,Kabupaten Bogor Leuwiliang,2026-05-13 01:00:00,85,85,46,,4,9,0,80,,,,,
Tangerang,Tangerang Pasir Jaya,2026-05-13 01:00:00,93,93,47,,59,63,0,65,,,,,
Bekasi,Bekasi Kayuringin,2026-05-13 01:00:00,75,75,41,,50,13,0,2,,,,,
Jakarta,The Pakubuwono Menteng,2026-05-13 01:24:44,167,167,70,153,,,,,53,30,,,
Depok,Cinere - Nafas,2026-05-13 01:24:12,176,176,80,158,,,,,0,0,,,
Bogor,Kabupaten Bogor Leuwiliang,2026-05-13 01:00:00,85,85,46,,4,9,0,80,,,,,
Tangerang,Tangerang Pasir Jaya,2026-05-13 01:00:00,93,93,47,,59,63,0,65,,,,,
Bekasi,Bekasi Kayuringin,2026-05-13 01:00:00,75,75,41,,50,13,0,2,,,,,
Jakarta,The Pakubuwono Menteng,2026-05-13 01:25:44,167,167,69,153,,,,,53,29.9,,,
Depok,Cinere - Nafas,2026-05-13 01:25:12,177,177,82,159,,,,,0,0,,,
Bogor,Kabupaten Bogor Leuwiliang,2026-05-13 01:00:00,85,85,46,,4,9,0,80,,,,,
Tangerang,Tangerang Pasir Jaya,2026-05-13 01:00:00,93,93,47,,59,63,0,65,,,,,
Bekasi,Bekasi Kayuringin,2026-05-13 01:00:00,75,75,41,,50,13,0,2,,,,,
Jakarta,The Pakubuwono Menteng,2026-05-13 01:27:44,170,170,72,156,,,,,53,30,,,
Depok,Cinere - Nafas,2026-05-13 01:27:12,179,179,82,160,,,,,0,0,,,
Bogor,Kabupaten Bogor Leuwiliang,2026-05-13 01:00:00,85,85,46,,4,9,0,80,,,,,
Tangerang,Tangerang Pasir Jaya,2026-05-13 01:00:00,93,93,47,,59,63,0,65,,,,,
Bekasi,Bekasi Kayuringin,2026-05-13 01:00:00,75,75,41,,50,13,0,2,,,,,
Jakarta,The Pakubuwono Menteng,2026-05-13 01:28:44,168,168,71,153,,,,,53,29.9,,,
Depok,Cinere - Nafas,2026-05-13 01:28:12,177,177,80,159,,,,,0,0,,,
Bogor,Kabupaten Bogor Leuwiliang,2026-05-13 01:00:00,85,85,46,,4,9,0,80,,,,,
Tangerang,Tangerang Pasir Jaya,2026-05-13 01:00:00,93,93,47,,59,63,0,65,,,,,
Bekasi,Bekasi Kayuringin,2026-05-13 01:00:00,75,75,41,,50,13,0,2,,,,,
Jakarta,The Pakubuwono Menteng,2026-05-13 01:28:44,168,168,71,153,,,,,53,29.9,,,
Depok,Cinere - Nafas,2026-05-13 01:28:12,177,177,80,159,,,,,0,0,,,
Bogor,Kabupaten Bogor Leuwiliang,2026-05-13 01:00:00,85,85,46,,4,9,0,80,,,,,
Tangerang,Tangerang Pasir Jaya,2026-05-13 01:00:00,93,93,47,,59,63,0,65,,,,,
Bekasi,Bekasi Kayuringin,2026-05-13 01:00:00,75,75,41,,50,13,0,2,,,,,
Jakarta,The Pakubuwono Menteng,2026-05-13 01:30:44,166,166,69,154,,,,,53,29.9,,,
Depok,Cinere - Nafas,2026-05-13 01:30:12,176,176,79,157,,,,,0,0,,,
Bogor,Kabupaten Bogor Leuwiliang,2026-05-13 01:00:00,85,85,46,,4,9,0,80,,,,,
Tangerang,Tangerang Pasir Jaya,2026-05-13 01:00:00,93,93,47,,59,63,0,65,,,,,
Bekasi,Bekasi Kayuringin,2026-05-13 01:00:00,75,75,41,,50,13,0,2,,,,,
Jakarta,The Pakubuwono Menteng,2026-05-13 01:31:45,166,166,69,153,,,,,53,29.9,,,
Depok,Cinere - Nafas,2026-05-13 01:31:12,176,176,79,157,,,,,0,0,,,
Bogor,Kabupaten Bogor Leuwiliang,2026-05-13 01:00:00,85,85,46,,4,9,0,80,,,,,
Tangerang,Tangerang Pasir Jaya,2026-05-13 01:00:00,93,93,47,,59,63,0,65,,,,,
Bekasi,Bekasi Kayuringin,2026-05-13 01:00:00,75,75,41,,50,13,0,2,,,,,
Jakarta,The Pakubuwono Menteng,2026-05-13 01:32:45,167,167,69,153,,,,,53,29.8,,,
Depok,Cinere - Nafas,2026-05-13 01:32:13,179,179,82,159,,,,,0,0,,,
Bogor,Kabupaten Bogor Leuwiliang,2026-05-13 01:00:00,85,85,46,,4,9,0,80,,,,,
Tangerang,Tangerang Pasir Jaya,2026-05-13 01:00:00,93,93,47,,59,63,0,65,,,,,
Bekasi,Bekasi Kayuringin,2026-05-13 01:00:00,75,75,41,,50,13,0,2,,,,,
Jakarta,The Pakubuwono Menteng,2026-05-13 01:34:45,166,166,69,153,,,,,53,29.8,,,
Depok,Cinere - Nafas,2026-05-13 01:34:13,176,176,79,159,,,,,0,0,,,
Bogor,Kabupaten Bogor Leuwiliang,2026-05-13 01:00:00,85,85,46,,4,9,0,80,,,,,
Tangerang,Tangerang Pasir Jaya,2026-05-13 01:00:00,93,93,47,,59,63,0,65,,,,,
Bekasi,Bekasi Kayuringin,2026-05-13 01:00:00,75,75,41,,50,13,0,2,,,,,
Jakarta,The Pakubuwono Menteng,2026-05-13 01:35:45,166,166,69,153,,,,,53,29.9,,,
Depok,Cinere - Nafas,2026-05-13 01:35:13,179,179,83,160,,,,,0,0,,,
Bogor,Kabupaten Bogor Leuwiliang,2026-05-13 01:00:00,85,85,46,,4,9,0,80,,,,,
Tangerang,Tangerang Pasir Jaya,2026-05-13 01:00:00,93,93,47,,59,63,0,65,,,,,
Bekasi,Bekasi Kayuringin,2026-05-13 01:00:00,75,75,41,,50,13,0,2,,,,,
Jakarta,The Pakubuwono Menteng,2026-05-13 01:35:45,166,166,69,153,,,,,53,29.9,,,
Depok,Cinere - Nafas,2026-05-13 01:35:13,179,179,83,160,,,,,0,0,,,
Bogor,Kabupaten Bogor Leuwiliang,2026-05-13 01:00:00,85,85,46,,4,9,0,80,,,,,
Tangerang,Tangerang Pasir Jaya,2026-05-13 01:00:00,93,93,47,,59,63,0,65,,,,,
Bekasi,Bekasi Kayuringin,2026-05-13 01:00:00,75,75,41,,50,13,0,2,,,,,
Jakarta,The Pakubuwono Menteng,2026-05-13 01:37:45,166,166,67,152,,,,,53,29.9,,,
Depok,Cinere - Nafas,2026-05-13 01:37:13,176,176,80,158,,,,,0,0,,,
Bogor,Kabupaten Bogor Leuwiliang,2026-05-13 01:00:00,85,85,46,,4,9,0,80,,,,,
Tangerang,Tangerang Pasir Jaya,2026-05-13 01:00:00,93,93,47,,59,63,0,65,,,,,
Bekasi,Bekasi Kayuringin,2026-05-13 01:00:00,75,75,41,,50,13,0,2,,,,,
Jakarta,The Pakubuwono Menteng,2026-05-13 01:38:45,164,164,67,151,,,,,53,29.9,,,
Depok,Cinere - Nafas,2026-05-13 01:38:13,177,177,80,158,,,,,0,0,,,
Bogor,Kabupaten Bogor Leuwiliang,2026-05-13 01:00:00,85,85,46,,4,9,0,80,,,,,
Tangerang,Tangerang Pasir Jaya,2026-05-13 01:00:00,93,93,47,,59,63,0,65,,,,,
Bekasi,Bekasi Kayuringin,2026-05-13 01:00:00,75,75,41,,50,13,0,2,,,,,
Jakarta,The Pakubuwono Menteng,2026-05-13 01:40:45,167,167,70,152,,,,,53,29.9,,,
Depok,Cinere - Nafas,2026-05-13 01:40:13,175,175,77,156,,,,,0,0,,,
Bogor,Kabupaten Bogor Leuwiliang,2026-05-13 01:00:00,85,85,46,,4,9,0,80,,,,,
Tangerang,Tangerang Pasir Jaya,2026-05-13 01:00:00,93,93,47,,59,63,0,65,,,,,
Bekasi,Bekasi Kayuringin,2026-05-13 01:00:00,75,75,41,,50,13,0,2,,,,,
Jakarta,The Pakubuwono Menteng,2026-05-13 01:40:45,167,167,70,152,,,,,53,29.9,,,
Depok,Cinere - Nafas,2026-05-13 01:40:13,175,175,77,156,,,,,0,0,,,
Bogor,Kabupaten Bogor Leuwiliang,2026-05-13 01:00:00,85,85,46,,4,9,0,80,,,,,
Tangerang,Tangerang Pasir Jaya,2026-05-13 01:00:00,93,93,47,,59,63,0,65,,,,,
Bekasi,Bekasi Kayuringin,2026-05-13 01:00:00,75,75,41,,50,13,0,2,,,,,
Jakarta,The Pakubuwono Menteng,2026-05-13 01:41:45,167,167,69,152,,,,,53,29.9,,,
Depok,Cinere - Nafas,2026-05-13 01:41:13,177,177,80,158,,,,,0,0,,,
Bogor,Kabupaten Bogor Leuwiliang,2026-05-13 01:00:00,85,85,46,,4,9,0,80,,,,,
Tangerang,Tangerang Pasir Jaya,2026-05-13 01:00:00,93,93,47,,59,63,0,65,,,,,
Bekasi,Bekasi Kayuringin,2026-05-13 01:00:00,75,75,41,,50,13,0,2,,,,,
Jakarta,The Pakubuwono Menteng,2026-05-13 01:44:45,167,167,70,153,,,,,53,29.9,,,
Depok,Cinere - Nafas,2026-05-13 01:44:13,180,180,83,161,,,,,0,0,,,
Bogor,Kabupaten Bogor Leuwiliang,2026-05-13 01:00:00,85,85,46,,4,9,0,80,,,,,
Tangerang,Tangerang Pasir Jaya,2026-05-13 01:00:00,93,93,47,,59,63,0,65,,,,,
Bekasi,Bekasi Kayuringin,2026-05-13 01:00:00,75,75,41,,50,13,0,2,,,,,
Jakarta,The Pakubuwono Menteng,2026-05-13 01:44:45,167,167,70,153,,,,,53,29.9,,,
Depok,Cinere - Nafas,2026-05-13 01:44:13,180,180,83,161,,,,,0,0,,,
Bogor,Kabupaten Bogor Leuwiliang,2026-05-13 01:00:00,85,85,46,,4,9,0,80,,,,,
Tangerang,Tangerang Pasir Jaya,2026-05-13 01:00:00,93,93,47,,59,63,0,65,,,,,
Bekasi,Bekasi Kayuringin,2026-05-13 01:00:00,75,75,41,,50,13,0,2,,,,,
Jakarta,The Pakubuwono Menteng,2026-05-13 01:46:45,165,165,67,152,,,,,53,29.8,,,
Depok,Cinere - Nafas,2026-05-13 01:46:13,182,182,85,161,,,,,0,0,,,
Bogor,Kabupaten Bogor Leuwiliang,2026-05-13 01:00:00,85,85,46,,4,9,0,80,,,,,
Tangerang,Tangerang Pasir Jaya,2026-05-13 01:00:00,93,93,47,,59,63,0,65,,,,,
Bekasi,Bekasi Kayuringin,2026-05-13 01:00:00,75,75,41,,50,13,0,2,,,,,
Jakarta,The Pakubuwono Menteng,2026-05-13 01:47:45,163,163,67,151,,,,,53,29.9,,,
Depok,Cinere - Nafas,2026-05-13 01:47:13,182,182,86,161,,,,,0,0,,,
Bogor,Kabupaten Bogor Leuwiliang,2026-05-13 01:00:00,85,85,46,,4,9,0,80,,,,,
Tangerang,Tangerang Pasir Jaya,2026-05-13 01:00:00,93,93,47,,59,63,0,65,,,,,
Bekasi,Bekasi Kayuringin,2026-05-13 01:00:00,75,75,41,,50,13,0,2,,,,,
Jakarta,The Pakubuwono Menteng,2026-05-13 01:49:45,161,161,63,142,,,,,53,29.8,,,
Depok,Cinere - Nafas,2026-05-13 01:49:13,183,183,87,161,,,,,0,0,,,
Bogor,Kabupaten Bogor Leuwiliang,2026-05-13 01:00:00,85,85,46,,4,9,0,80,,,,,
Tangerang,Tangerang Pasir Jaya,2026-05-13 01:00:00,93,93,47,,59,63,0,65,,,,,
Bekasi,Bekasi Kayuringin,2026-05-13 01:00:00,75,75,41,,50,13,0,2,,,,,
Jakarta,The Pakubuwono Menteng,2026-05-13 01:49:45,161,161,63,142,,,,,53,29.8,,,
Depok,Cinere - Nafas,2026-05-13 01:49:13,183,183,87,161,,,,,0,0,,,
Bogor,Kabupaten Bogor Leuwiliang,2026-05-13 01:00:00,85,85,46,,4,9,0,80,,,,,
Tangerang,Tangerang Pasir Jaya,2026-05-13 01:00:00,93,93,47,,59,63,0,65,,,,,
Bekasi,Bekasi Kayuringin,2026-05-13 01:00:00,75,75,41,,50,13,0,2,,,,,
Jakarta,The Pakubuwono Menteng,2026-05-13 01:50:45,161,161,64,147,,,,,53,29.8,,,
Depok,Cinere - Nafas,2026-05-13 01:50:13,180,180,84,161,,,,,0,0,,,
Bogor,Kabupaten Bogor Leuwiliang,2026-05-13 01:00:00,85,85,46,,4,9,0,80,,,,,
Tangerang,Tangerang Pasir Jaya,2026-05-13 01:00:00,93,93,47,,59,63,0,65,,,,,
Bekasi,Bekasi Kayuringin,2026-05-13 01:00:00,75,75,41,,50,13,0,2,,,,,
Jakarta,The Pakubuwono Menteng,2026-05-13 01:51:45,160,160,63,141,,,,,53,29.8,,,
Depok,Cinere - Nafas,2026-05-13 01:51:13,179,179,83,160,,,,,0,0,,,
Bogor,Kabupaten Bogor Leuwiliang,2026-05-13 01:00:00,85,85,46,,4,9,0,80,,,,,
Tangerang,Tangerang Pasir Jaya,2026-05-13 01:00:00,93,93,47,,59,63,0,65,,,,,
Bekasi,Bekasi Kayuringin,2026-05-13 01:00:00,75,75,41,,50,13,0,2,,,,,
Jakarta,The Pakubuwono Menteng,2026-05-13 01:53:45,161,161,63,147,,,,,53,29.8,,,
Depok,Cinere - Nafas,2026-05-13 01:53:13,181,181,86,159,,,,,0,0,,,
Bogor,Kabupaten Bogor Leuwiliang,2026-05-13 01:00:00,85,85,46,,4,9,0,80,,,,,
Tangerang,Tangerang Pasir Jaya,2026-05-13 01:00:00,93,93,47,,59,63,0,65,,,,,
Bekasi,Bekasi Kayuringin,2026-05-13 01:00:00,75,75,41,,50,13,0,2,,,,,
Jakarta,The Pakubuwono Menteng,2026-05-13 01:54:46,162,162,64,143,,,,,53,29.8,,,
Depok,Cinere - Nafas,2026-05-13 01:54:13,179,179,83,160,,,,,0,0,,,
Bogor,Kabupaten Bogor Leuwiliang,2026-05-13 01:00:00,85,85,46,,4,9,0,80,,,,,
Tangerang,Tangerang Pasir Jaya,2026-05-13 01:00:00,93,93,47,,59,63,0,65,,,,,
Bekasi,Bekasi Kayuringin,2026-05-13 01:00:00,75,75,41,,50,13,0,2,,,,,
Jakarta,The Pakubuwono Menteng,2026-05-13 01:56:45,161,161,64,142,,,,,53,29.8,,,
Depok,Cinere - Nafas,2026-05-13 01:56:13,179,179,84,160,,,,,0,0,,,
Bogor,Kabupaten Bogor Leuwiliang,2026-05-13 01:00:00,85,85,46,,4,9,0,80,,,,,
Tangerang,Tangerang Pasir Jaya,2026-05-13 01:00:00,93,93,47,,59,63,0,65,,,,,
Bekasi,Bekasi Kayuringin,2026-05-13 01:00:00,75,75,41,,50,13,0,2,,,,,
Jakarta,The Pakubuwono Menteng,2026-05-13 01:57:45,160,160,62,141,,,,,53,29.8,,,
Depok,Cinere - Nafas,2026-05-13 01:57:13,178,178,82,159,,,,,0,0,,,
Bogor,Kabupaten Bogor Leuwiliang,2026-05-13 01:00:00,85,85,46,,4,9,0,80,,,,,
Tangerang,Tangerang Pasir Jaya,2026-05-13 01:00:00,93,93,47,,59,63,0,65,,,,,
Bekasi,Bekasi Kayuringin,2026-05-13 01:00:00,75,75,41,,50,13,0,2,,,,,
Jakarta,The Pakubuwono Menteng,2026-05-13 01:57:45,160,160,62,141,,,,,53,29.8,,,
Depok,Cinere - Nafas,2026-05-13 01:57:13,178,178,82,159,,,,,0,0,,,
Bogor,Kabupaten Bogor Leuwiliang,2026-05-13 01:00:00,85,85,46,,4,9,0,80,,,,,
Tangerang,Tangerang Pasir Jaya,2026-05-13 01:00:00,93,93,47,,59,63,0,65,,,,,
Bekasi,Bekasi Kayuringin,2026-05-13 01:00:00,75,75,41,,50,13,0,2,,,,,
Jakarta,The Pakubuwono Menteng,2026-05-13 01:59:45,159,159,62,137,,,,,53,29.7,,,
Depok,Cinere - Nafas,2026-05-13 01:59:13,178,178,82,160,,,,,0,0,,,
Bogor,Kabupaten Bogor Leuwiliang,2026-05-13 01:00:00,85,85,46,,4,9,0,80,,,,,
Tangerang,Tangerang Pasir Jaya,2026-05-13 01:00:00,93,93,47,,59,63,0,65,,,,,
Bekasi,Bekasi Kayuringin,2026-05-13 01:00:00,75,75,41,,50,13,0,2,,,,,
Jakarta,The Pakubuwono Menteng,2026-05-13 02:00:45,159,159,62,139,,,,,53,29.7,,,
Depok,Cinere - Nafas,2026-05-13 02:00:13,179,179,83,161,,,,,0,0,,,
Bogor,Kabupaten Bogor Leuwiliang,2026-05-13 01:00:00,85,85,46,,4,9,0,80,,,,,
Tangerang,Tangerang Pasir Jaya,2026-05-13 01:00:00,93,93,47,,59,63,0,65,,,,,
Bekasi,Bekasi Kayuringin,2026-05-13 01:00:00,75,75,41,,50,13,0,2,,,,,
Jakarta,The Pakubuwono Menteng,2026-05-13 02:00:45,159,159,62,139,,,,,53,29.7,,,
Depok,Cinere - Nafas,2026-05-13 02:00:13,179,179,83,161,,,,,0,0,,,
Bogor,Kabupaten Bogor Leuwiliang,2026-05-13 01:00:00,85,85,46,,4,9,0,80,,,,,
Tangerang,Tangerang Pasir Jaya,2026-05-13 01:00:00,93,93,47,,59,63,0,65,,,,,
Bekasi,Bekasi Kayuringin,2026-05-13 01:00:00,75,75,41,,50,13,0,2,,,,,
Jakarta,The Pakubuwono Menteng,2026-05-13 02:02:45,159,159,62,135,,,,,54,29.7,,,
Depok,Cinere - Nafas,2026-05-13 02:03:13,182,182,85,161,,,,,0,0,,,
Bogor,Kabupaten Bogor Leuwiliang,2026-05-13 01:00:00,85,85,46,,4,9,0,80,,,,,
Tangerang,Tangerang Pasir Jaya,2026-05-13 01:00:00,93,93,47,,59,63,0,65,,,,,
Bekasi,Bekasi Kayuringin,2026-05-13 01:00:00,75,75,41,,50,13,0,2,,,,,
Jakarta,The Pakubuwono Menteng,2026-05-13 02:04:45,159,159,61,138,,,,,54,29.7,,,
Depok,Cinere - Nafas,2026-05-13 02:04:16,182,182,85,161,,,,,0,0,,,
Bogor,Kabupaten Bogor Leuwiliang,2026-05-13 01:00:00,85,85,46,,4,9,0,80,,,,,
Tangerang,Tangerang Pasir Jaya,2026-05-13 02:00:00,99,99,50,,59,63,0,65,,,,,
Bekasi,Bekasi Kayuringin,2026-05-13 02:00:00,75,75,41,,50,13,0,2,,,,,
Jakarta,The Pakubuwono Menteng,2026-05-13 02:04:45,159,159,61,138,,,,,54,29.7,,,
Depok,Cinere - Nafas,2026-05-13 02:04:16,182,182,85,161,,,,,0,0,,,
Bogor,Kabupaten Bogor Leuwiliang,2026-05-13 01:00:00,85,85,46,,4,9,0,80,,,,,
Tangerang,Tangerang Pasir Jaya,2026-05-13 02:00:00,99,99,50,,59,63,0,65,,,,,
Bekasi,Bekasi Kayuringin,2026-05-13 02:00:00,75,75,41,,50,13,0,2,,,,,
Jakarta,The Pakubuwono Menteng,2026-05-13 02:06:45,157,157,60,133,,,,,53,29.8,,,
Depok,Cinere - Nafas,2026-05-13 02:07:13,179,179,83,160,,,,,0,0,,,
Bogor,Kabupaten Bogor Leuwiliang,2026-05-13 01:00:00,85,85,46,,4,9,0,80,,,,,
Tangerang,Tangerang Pasir Jaya,2026-05-13 02:00:00,99,99,50,,59,63,0,65,,,,,
Bekasi,Bekasi Kayuringin,2026-05-13 02:00:00,75,75,41,,50,13,0,2,,,,,
Jakarta,The Pakubuwono Menteng,2026-05-13 02:07:45,157,157,61,130,,,,,53,29.7,,,
Depok,Cinere - Nafas,2026-05-13 02:08:13,180,180,84,161,,,,,0,0,,,
Bogor,Kabupaten Bogor Leuwiliang,2026-05-13 01:00:00,85,85,46,,4,9,0,80,,,,,
Tangerang,Tangerang Pasir Jaya,2026-05-13 02:00:00,99,99,50,,59,63,0,65,,,,,
Bekasi,Bekasi Kayuringin,2026-05-13 02:00:00,75,75,41,,50,13,0,2,,,,,
Jakarta,The Pakubuwono Menteng,2026-05-13 02:09:45,157,157,61,130,,,,,53,29.8,,,
Depok,Cinere - Nafas,2026-05-13 02:10:13,180,180,84,161,,,,,0,0,,,
Bogor,Kabupaten Bogor Leuwiliang,2026-05-13 01:00:00,85,85,46,,4,9,0,80,,,,,
Tangerang,Tangerang Pasir Jaya,2026-05-13 02:00:00,99,99,50,,59,63,0,65,,,,,
Bekasi,Bekasi Kayuringin,2026-05-13 02:00:00,75,75,41,,50,13,0,2,,,,,
Jakarta,The Pakubuwono Menteng,2026-05-13 02:10:45,155,155,60,128,,,,,53,29.8,,,
Depok,Cinere - Nafas,2026-05-13 02:11:13,180,180,84,161,,,,,0,0,,,
Bogor,Kabupaten Bogor Leuwiliang,2026-05-13 01:00:00,85,85,46,,4,9,0,80,,,,,
Tangerang,Tangerang Pasir Jaya,2026-05-13 02:00:00,99,99,50,,59,63,0,65,,,,,
Bekasi,Bekasi Kayuringin,2026-05-13 02:00:00,75,75,41,,50,13,0,2,,,,,
Jakarta,The Pakubuwono Menteng,2026-05-13 02:10:45,155,155,60,128,,,,,53,29.8,,,
Depok,Cinere - Nafas,2026-05-13 02:11:13,180,180,84,161,,,,,0,0,,,
Bogor,Kabupaten Bogor Leuwiliang,2026-05-13 01:00:00,85,85,46,,4,9,0,80,,,,,
Tangerang,Tangerang Pasir Jaya,2026-05-13 02:00:00,99,99,50,,59,63,0,65,,,,,
Bekasi,Bekasi Kayuringin,2026-05-13 02:00:00,75,75,41,,50,13,0,2,,,,,
Jakarta,The Pakubuwono Menteng,2026-05-13 02:11:45,155,155,60,128,,,,,53,29.8,,,
Depok,Cinere - Nafas,2026-05-13 02:12:13,180,180,82,160,,,,,0,0,,,
Bogor,Kabupaten Bogor Leuwiliang,2026-05-13 01:00:00,85,85,46,,4,9,0,80,,,,,
Tangerang,Tangerang Pasir Jaya,2026-05-13 02:00:00,99,99,50,,59,63,0,65,,,,,
Bekasi,Bekasi Kayuringin,2026-05-13 02:00:00,75,75,41,,50,13,0,2,,,,,
Jakarta,The Pakubuwono Menteng,2026-05-13 02:14:45,154,154,59,124,,,,,53,29.9,,,
Depok,Cinere - Nafas,2026-05-13 02:15:13,178,178,82,160,,,,,0,0,,,
Bogor,Kabupaten Bogor Leuwiliang,2026-05-13 01:00:00,85,85,46,,4,9,0,80,,,,,
Tangerang,Tangerang Pasir Jaya,2026-05-13 02:00:00,99,99,50,,59,63,0,65,,,,,
Bekasi,Bekasi Kayuringin,2026-05-13 02:00:00,75,75,41,,50,13,0,2,,,,,
Jakarta,The Pakubuwono Menteng,2026-05-13 02:14:45,154,154,59,124,,,,,53,29.9,,,
Depok,Cinere - Nafas,2026-05-13 02:15:13,178,178,82,160,,,,,0,0,,,
Bogor,Kabupaten Bogor Leuwiliang,2026-05-13 01:00:00,85,85,46,,4,9,0,80,,,,,
Tangerang,Tangerang Pasir Jaya,2026-05-13 02:00:00,99,99,50,,59,63,0,65,,,,,
Bekasi,Bekasi Kayuringin,2026-05-13 02:00:00,75,75,41,,50,13,0,2,,,,,
Jakarta,The Pakubuwono Menteng,2026-05-13 02:16:45,156,156,60,130,,,,,53,29.9,,,
Depok,Cinere - Nafas,2026-05-13 02:17:14,180,180,84,160,,,,,0,0,,,
Bogor,Kabupaten Bogor Leuwiliang,2026-05-13 01:00:00,85,85,46,,4,9,0,80,,,,,
Tangerang,Tangerang Pasir Jaya,2026-05-13 02:00:00,99,99,50,,59,63,0,65,,,,,
Bekasi,Bekasi Kayuringin,2026-05-13 02:00:00,75,75,41,,50,13,0,2,,,,,
Jakarta,The Pakubuwono Menteng,2026-05-13 02:17:46,155,155,60,126,,,,,53,29.9,,,
Depok,Cinere - Nafas,2026-05-13 02:18:13,178,178,82,160,,,,,0,0,,,
Bogor,Kabupaten Bogor Leuwiliang,2026-05-13 01:00:00,85,85,46,,4,9,0,80,,,,,
Tangerang,Tangerang Pasir Jaya,2026-05-13 02:00:00,99,99,50,,59,63,0,65,,,,,
Bekasi,Bekasi Kayuringin,2026-05-13 02:00:00,75,75,41,,50,13,0,2,,,,,
Jakarta,The Pakubuwono Menteng,2026-05-13 02:19:45,153,153,58,126,,,,,53,30,,,
Depok,Cinere - Nafas,2026-05-13 02:20:13,179,179,83,159,,,,,0,0,,,
Bogor,Kabupaten Bogor Leuwiliang,2026-05-13 01:00:00,85,85,46,,4,9,0,80,,,,,
Tangerang,Tangerang Pasir Jaya,2026-05-13 02:00:00,99,99,50,,59,63,0,65,,,,,
Bekasi,Bekasi Kayuringin,2026-05-13 02:00:00,75,75,41,,50,13,0,2,,,,,
Jakarta,The Pakubuwono Menteng,2026-05-13 02:19:45,153,153,58,126,,,,,53,30,,,
Depok,Cinere - Nafas,2026-05-13 02:20:13,179,179,83,159,,,,,0,0,,,
Bogor,Kabupaten Bogor Leuwiliang,2026-05-13 01:00:00,85,85,46,,4,9,0,80,,,,,
Tangerang,Tangerang Pasir Jaya,2026-05-13 02:00:00,99,99,50,,59,63,0,65,,,,,
Bekasi,Bekasi Kayuringin,2026-05-13 02:00:00,75,75,41,,50,13,0,2,,,,,
Jakarta,The Pakubuwono Menteng,2026-05-13 02:20:45,156,156,59,126,,,,,53,30,,,
Depok,Cinere - Nafas,2026-05-13 02:21:13,180,180,83,161,,,,,0,0,,,
Bogor,Kabupaten Bogor Leuwiliang,2026-05-13 01:00:00,85,85,46,,4,9,0,80,,,,,
Tangerang,Tangerang Pasir Jaya,2026-05-13 02:00:00,99,99,50,,59,63,0,65,,,,,
Bekasi,Bekasi Kayuringin,2026-05-13 02:00:00,75,75,41,,50,13,0,2,,,,,
Jakarta,The Pakubuwono Menteng,2026-05-13 02:22:46,153,153,59,116,,,,,53,30,,,
Depok,Cinere - Nafas,2026-05-13 02:23:14,182,182,84,160,,,,,0,0,,,
Bogor,Kabupaten Bogor Leuwiliang,2026-05-13 01:00:00,85,85,46,,4,9,0,80,,,,,
Tangerang,Tangerang Pasir Jaya,2026-05-13 02:00:00,99,99,50,,59,63,0,65,,,,,
Bekasi,Bekasi Kayuringin,2026-05-13 02:00:00,75,75,41,,50,13,0,2,,,,,
Jakarta,The Pakubuwono Menteng,2026-05-13 02:22:46,153,153,59,116,,,,,53,30,,,
Depok,Cinere - Nafas,2026-05-13 02:24:15,181,181,85,160,,,,,0,0,,,
Bogor,Kabupaten Bogor Leuwiliang,2026-05-13 01:00:00,85,85,46,,4,9,0,80,,,,,
Tangerang,Tangerang Pasir Jaya,2026-05-13 02:00:00,99,99,50,,59,63,0,65,,,,,
Bekasi,Bekasi Kayuringin,2026-05-13 02:00:00,75,75,41,,50,13,0,2,,,,,
Jakarta,The Pakubuwono Menteng,2026-05-13 02:25:49,156,156,60,131,,,,,53,30,,,
Depok,Cinere - Nafas,2026-05-13 02:26:14,180,180,84,161,,,,,0,0,,,
Bogor,Kabupaten Bogor Leuwiliang,2026-05-13 01:00:00,85,85,46,,4,9,0,80,,,,,
Tangerang,Tangerang Pasir Jaya,2026-05-13 02:00:00,99,99,50,,59,63,0,65,,,,,
Bekasi,Bekasi Kayuringin,2026-05-13 02:00:00,75,75,41,,50,13,0,2,,,,,
Jakarta,The Pakubuwono Menteng,2026-05-13 02:26:46,154,154,59,125,,,,,53,30,,,
Depok,Cinere - Nafas,2026-05-13 02:27:14,181,181,84,161,,,,,0,0,,,
Bogor,Kabupaten Bogor Leuwiliang,2026-05-13 01:00:00,85,85,46,,4,9,0,80,,,,,
Tangerang,Tangerang Pasir Jaya,2026-05-13 02:00:00,99,99,50,,59,63,0,65,,,,,
Bekasi,Bekasi Kayuringin,2026-05-13 02:00:00,75,75,41,,50,13,0,2,,,,,
Jakarta,The Pakubuwono Menteng,2026-05-13 02:26:46,154,154,59,125,,,,,53,30,,,
Depok,Cinere - Nafas,2026-05-13 02:27:14,181,181,84,161,,,,,0,0,,,
Bogor,Kabupaten Bogor Leuwiliang,2026-05-13 01:00:00,85,85,46,,4,9,0,80,,,,,
Tangerang,Tangerang Pasir Jaya,2026-05-13 02:00:00,99,99,50,,59,63,0,65,,,,,
Bekasi,Bekasi Kayuringin,2026-05-13 02:00:00,75,75,41,,50,13,0,2,,,,,
Jakarta,The Pakubuwono Menteng,2026-05-13 02:27:46,155,155,59,126,,,,,53,30,,,
Depok,Cinere - Nafas,2026-05-13 02:29:14,180,180,83,161,,,,,0,0,,,
Bogor,Kabupaten Bogor Leuwiliang,2026-05-13 01:00:00,85,85,46,,4,9,0,80,,,,,
Tangerang,Tangerang Pasir Jaya,2026-05-13 02:00:00,99,99,50,,59,63,0,65,,,,,
Bekasi,Bekasi Kayuringin,2026-05-13 02:00:00,75,75,41,,50,13,0,2,,,,,
Jakarta,The Pakubuwono Menteng,2026-05-13 02:29:46,154,154,58,117,,,,,53,30,,,
Depok,Cinere - Nafas,2026-05-13 02:30:14,179,179,83,160,,,,,0,0,,,
Bogor,Kabupaten Bogor Leuwiliang,2026-05-13 01:00:00,85,85,46,,4,9,0,80,,,,,
Tangerang,Tangerang Pasir Jaya,2026-05-13 02:00:00,99,99,50,,59,63,0,65,,,,,
Bekasi,Bekasi Kayuringin,2026-05-13 02:00:00,75,75,41,,50,13,0,2,,,,,
Jakarta,The Pakubuwono Menteng,2026-05-13 02:31:46,153,153,58,118,,,,,53,30,,,
Depok,Cinere - Nafas,2026-05-13 02:32:14,178,178,82,160,,,,,0,0,,,
Bogor,Kabupaten Bogor Leuwiliang,2026-05-13 01:00:00,85,85,46,,4,9,0,80,,,,,
Tangerang,Tangerang Pasir Jaya,2026-05-13 02:00:00,99,99,50,,59,63,0,65,,,,,
Bekasi,Bekasi Kayuringin,2026-05-13 02:00:00,75,75,41,,50,13,0,2,,,,,
Jakarta,The Pakubuwono Menteng,2026-05-13 02:31:46,153,153,58,118,,,,,53,30,,,
Depok,Cinere - Nafas,2026-05-13 02:32:14,178,178,82,160,,,,,0,0,,,
Bogor,Kabupaten Bogor Leuwiliang,2026-05-13 01:00:00,85,85,46,,4,9,0,80,,,,,
Tangerang,Tangerang Pasir Jaya,2026-05-13 02:00:00,99,99,50,,59,63,0,65,,,,,
Bekasi,Bekasi Kayuringin,2026-05-13 02:00:00,75,75,41,,50,13,0,2,,,,,
Jakarta,The Pakubuwono Menteng,2026-05-13 02:32:46,152,152,58,115,,,,,53,30,,,
Depok,Cinere - Nafas,2026-05-13 02:35:14,179,179,83,160,,,,,0,0,,,
Bogor,Kabupaten Bogor Leuwiliang,2026-05-13 01:00:00,85,85,46,,4,9,0,80,,,,,
Tangerang,Tangerang Pasir Jaya,2026-05-13 02:00:00,99,99,50,,59,63,0,65,,,,,
Bekasi,Bekasi Kayuringin,2026-05-13 02:00:00,75,75,41,,50,13,0,2,,,,,
Jakarta,The Pakubuwono Menteng,2026-05-13 02:34:46,146,146,56,108,,,,,53,30.1,,,
Depok,Cinere - Nafas,2026-05-13 02:35:14,179,179,83,160,,,,,0,0,,,
Bogor,Kabupaten Bogor Leuwiliang,2026-05-13 01:00:00,85,85,46,,4,9,0,80,,,,,
Tangerang,Tangerang Pasir Jaya,2026-05-13 02:00:00,99,99,50,,59,63,0,65,,,,,
Bekasi,Bekasi Kayuringin,2026-05-13 02:00:00,75,75,41,,50,13,0,2,,,,,
Jakarta,The Pakubuwono Menteng,2026-05-13 02:35:46,143,143,56,99,,,,,53,30,,,
Depok,Cinere - Nafas,2026-05-13 02:36:14,179,179,82,160,,,,,0,0,,,
Bogor,Kabupaten Bogor Leuwiliang,2026-05-13 01:00:00,85,85,46,,4,9,0,80,,,,,
Tangerang,Tangerang Pasir Jaya,2026-05-13 02:00:00,99,99,50,,59,63,0,65,,,,,
Bekasi,Bekasi Kayuringin,2026-05-13 02:00:00,75,75,41,,50,13,0,2,,,,,
Jakarta,The Pakubuwono Menteng,2026-05-13 02:36:46,153,153,59,120,,,,,53,30.1,,,
Depok,Cinere - Nafas,2026-05-13 02:37:14,179,179,84,159,,,,,0,0,,,
Bogor,Kabupaten Bogor Leuwiliang,2026-05-13 01:00:00,85,85,46,,4,9,0,80,,,,,
Tangerang,Tangerang Pasir Jaya,2026-05-13 02:00:00,99,99,50,,59,63,0,65,,,,,
Bekasi,Bekasi Kayuringin,2026-05-13 02:00:00,75,75,41,,50,13,0,2,,,,,
Jakarta,The Pakubuwono Menteng,2026-05-13 02:38:46,150,150,57,110,,,,,53,30.1,,,
Depok,Cinere - Nafas,2026-05-13 02:39:14,180,180,82,161,,,,,0,0,,,
Bogor,Kabupaten Bogor Leuwiliang,2026-05-13 01:00:00,85,85,46,,4,9,0,80,,,,,
Tangerang,Tangerang Pasir Jaya,2026-05-13 02:00:00,99,99,50,,59,63,0,65,,,,,
Bekasi,Bekasi Kayuringin,2026-05-13 02:00:00,75,75,41,,50,13,0,2,,,,,
Jakarta,The Pakubuwono Menteng,2026-05-13 02:38:46,150,150,57,110,,,,,53,30.1,,,
Depok,Cinere - Nafas,2026-05-13 02:39:14,180,180,82,161,,,,,0,0,,,
Bogor,Kabupaten Bogor Leuwiliang,2026-05-13 01:00:00,85,85,46,,4,9,0,80,,,,,
Tangerang,Tangerang Pasir Jaya,2026-05-13 02:00:00,99,99,50,,59,63,0,65,,,,,
Bekasi,Bekasi Kayuringin,2026-05-13 02:00:00,75,75,41,,50,13,0,2,,,,,
Jakarta,The Pakubuwono Menteng,2026-05-13 02:39:46,138,138,55,100,,,,,53,30.1,,,
Depok,Cinere - Nafas,2026-05-13 02:40:14,179,179,83,160,,,,,0,0,,,
Bogor,Kabupaten Bogor Leuwiliang,2026-05-13 01:00:00,85,85,46,,4,9,0,80,,,,,
Tangerang,Tangerang Pasir Jaya,2026-05-13 02:00:00,99,99,50,,59,63,0,65,,,,,
Bekasi,Bekasi Kayuringin,2026-05-13 02:00:00,75,75,41,,50,13,0,2,,,,,
Jakarta,The Pakubuwono Menteng,2026-05-13 02:41:46,150,150,56,108,,,,,53,30.1,,,
Depok,Cinere - Nafas,2026-05-13 02:42:14,179,179,82,159,,,,,0,0,,,
Bogor,Kabupaten Bogor Leuwiliang,2026-05-13 01:00:00,85,85,46,,4,9,0,80,,,,,
Tangerang,Tangerang Pasir Jaya,2026-05-13 02:00:00,99,99,50,,59,63,0,65,,,,,
Bekasi,Bekasi Kayuringin,2026-05-13 02:00:00,75,75,41,,50,13,0,2,,,,,
Jakarta,The Pakubuwono Menteng,2026-05-13 02:41:46,150,150,56,108,,,,,53,30.1,,,
Depok,Cinere - Nafas,2026-05-13 02:42:14,179,179,82,159,,,,,0,0,,,
Bogor,Kabupaten Bogor Leuwiliang,2026-05-13 01:00:00,85,85,46,,4,9,0,80,,,,,
Tangerang,Tangerang Pasir Jaya,2026-05-13 02:00:00,99,99,50,,59,63,0,65,,,,,
Bekasi,Bekasi Kayuringin,2026-05-13 02:00:00,75,75,41,,50,13,0,2,,,,,
Jakarta,The Pakubuwono Menteng,2026-05-13 02:44:46,141,141,55,103,,,,,53,30.2,,,
Depok,Cinere - Nafas,2026-05-13 02:45:14,179,179,82,160,,,,,0,0,,,
Bogor,Kabupaten Bogor Leuwiliang,2026-05-13 01:00:00,85,85,46,,4,9,0,80,,,,,
Tangerang,Tangerang Pasir Jaya,2026-05-13 02:00:00,99,99,50,,59,63,0,65,,,,,
Bekasi,Bekasi Kayuringin,2026-05-13 02:00:00,75,75,41,,50,13,0,2,,,,,
Jakarta,The Pakubuwono Menteng,2026-05-13 02:45:46,151,151,57,112,,,,,53,30.2,,,
Depok,Cinere - Nafas,2026-05-13 02:46:14,179,179,83,159,,,,,0,0,,,
Bogor,Kabupaten Bogor Leuwiliang,2026-05-13 01:00:00,85,85,46,,4,9,0,80,,,,,
Tangerang,Tangerang Pasir Jaya,2026-05-13 02:00:00,99,99,50,,59,63,0,65,,,,,
Bekasi,Bekasi Kayuringin,2026-05-13 02:00:00,75,75,41,,50,13,0,2,,,,,
Jakarta,The Pakubuwono Menteng,2026-05-13 02:45:46,151,151,57,112,,,,,53,30.2,,,
Depok,Cinere - Nafas,2026-05-13 02:46:14,179,179,83,159,,,,,0,0,,,
Bogor,Kabupaten Bogor Leuwiliang,2026-05-13 01:00:00,85,85,46,,4,9,0,80,,,,,
Tangerang,Tangerang Pasir Jaya,2026-05-13 02:00:00,99,99,50,,59,63,0,65,,,,,
Bekasi,Bekasi Kayuringin,2026-05-13 02:00:00,75,75,41,,50,13,0,2,,,,,
Jakarta,The Pakubuwono Menteng,2026-05-13 02:47:46,151,151,57,116,,,,,53,30.2,,,
Depok,Cinere - Nafas,2026-05-13 02:48:14,179,179,83,159,,,,,0,0,,,
Bogor,Kabupaten Bogor Leuwiliang,2026-05-13 01:00:00,85,85,46,,4,9,0,80,,,,,
Tangerang,Tangerang Pasir Jaya,2026-05-13 02:00:00,99,99,50,,59,63,0,65,,,,,
Bekasi,Bekasi Kayuringin,2026-05-13 02:00:00,75,75,41,,50,13,0,2,,,,,
Jakarta,The Pakubuwono Menteng,2026-05-13 02:48:46,152,152,57,116,,,,,53,30.2,,,
Depok,Cinere - Nafas,2026-05-13 02:49:14,180,180,84,160,,,,,0,0,,,
Bogor,Kabupaten Bogor Leuwiliang,2026-05-13 01:00:00,85,85,46,,4,9,0,80,,,,,
Tangerang,Tangerang Pasir Jaya,2026-05-13 02:00:00,99,99,50,,59,63,0,65,,,,,
Bekasi,Bekasi Kayuringin,2026-05-13 02:00:00,75,75,41,,50,13,0,2,,,,,
Jakarta,The Pakubuwono Menteng,2026-05-13 02:50:46,141,141,54,106,,,,,53,30.2,,,
Depok,Cinere - Nafas,2026-05-13 02:51:14,179,179,83,160,,,,,0,0,,,
Bogor,Kabupaten Bogor Leuwiliang,2026-05-13 01:00:00,85,85,46,,4,9,0,80,,,,,
Tangerang,Tangerang Pasir Jaya,2026-05-13 02:00:00,99,99,50,,59,63,0,65,,,,,
Bekasi,Bekasi Kayuringin,2026-05-13 02:00:00,75,75,41,,50,13,0,2,,,,,
Jakarta,The Pakubuwono Menteng,2026-05-13 02:50:46,141,141,54,106,,,,,53,30.2,,,
Depok,Cinere - Nafas,2026-05-13 02:51:14,179,179,83,160,,,,,0,0,,,
Bogor,Kabupaten Bogor Leuwiliang,2026-05-13 01:00:00,85,85,46,,4,9,0,80,,,,,
Tangerang,Tangerang Pasir Jaya,2026-05-13 02:00:00,99,99,50,,59,63,0,65,,,,,
Bekasi,Bekasi Kayuringin,2026-05-13 02:00:00,75,75,41,,50,13,0,2,,,,,
Jakarta,The Pakubuwono Menteng,2026-05-13 02:51:46,143,143,56,102,,,,,53,30.2,,,
Depok,Cinere - Nafas,2026-05-13 02:52:14,179,179,82,161,,,,,0,0,,,
Bogor,Kabupaten Bogor Leuwiliang,2026-05-13 01:00:00,85,85,46,,4,9,0,80,,,,,
Tangerang,Tangerang Pasir Jaya,2026-05-13 02:00:00,99,99,50,,59,63,0,65,,,,,
Bekasi,Bekasi Kayuringin,2026-05-13 02:00:00,75,75,41,,50,13,0,2,,,,,
Jakarta,The Pakubuwono Menteng,2026-05-13 02:54:46,145,145,57,106,,,,,53,30.2,,,
Depok,Cinere - Nafas,2026-05-13 02:55:14,181,181,84,161,,,,,0,0,,,
Bogor,Kabupaten Bogor Leuwiliang,2026-05-13 01:00:00,85,85,46,,4,9,0,80,,,,,
Tangerang,Tangerang Pasir Jaya,2026-05-13 02:00:00,99,99,50,,59,63,0,65,,,,,
Bekasi,Bekasi Kayuringin,2026-05-13 02:00:00,75,75,41,,50,13,0,2,,,,,
Jakarta,The Pakubuwono Menteng,2026-05-13 02:54:46,145,145,57,106,,,,,53,30.2,,,
Depok,Cinere - Nafas,2026-05-13 02:55:14,181,181,84,161,,,,,0,0,,,
Bogor,Kabupaten Bogor Leuwiliang,2026-05-13 01:00:00,85,85,46,,4,9,0,80,,,,,
Tangerang,Tangerang Pasir Jaya,2026-05-13 02:00:00,99,99,50,,59,63,0,65,,,,,
Bekasi,Bekasi Kayuringin,2026-05-13 02:00:00,75,75,41,,50,13,0,2,,,,,
Jakarta,The Pakubuwono Menteng,2026-05-13 02:55:46,141,141,55,101,,,,,53,30.2,,,
Depok,Cinere - Nafas,2026-05-13 02:56:14,181,181,85,161,,,,,0,0,,,
Bogor,Kabupaten Bogor Leuwiliang,2026-05-13 01:00:00,85,85,46,,4,9,0,80,,,,,
Tangerang,Tangerang Pasir Jaya,2026-05-13 02:00:00,99,99,50,,59,63,0,65,,,,,
Bekasi,Bekasi Kayuringin,2026-05-13 02:00:00,75,75,41,,50,13,0,2,,,,,
Jakarta,The Pakubuwono Menteng,2026-05-13 02:57:46,141,141,54,101,,,,,53,30.2,,,
Depok,Cinere - Nafas,2026-05-13 02:58:15,181,181,84,161,,,,,0,0,,,
Bogor,Kabupaten Bogor Leuwiliang,2026-05-13 01:00:00,85,85,46,,4,9,0,80,,,,,
Tangerang,Tangerang Pasir Jaya,2026-05-13 02:00:00,99,99,50,,59,63,0,65,,,,,
Bekasi,Bekasi Kayuringin,2026-05-13 02:00:00,75,75,41,,50,13,0,2,,,,,
Jakarta,The Pakubuwono Menteng,2026-05-13 02:58:47,138,138,54,95,,,,,53,30.2,,,
Depok,Cinere - Nafas,2026-05-13 02:59:14,182,182,84,161,,,,,0,0,,,
Bogor,Kabupaten Bogor Leuwiliang,2026-05-13 01:00:00,85,85,46,,4,9,0,80,,,,,
Tangerang,Tangerang Pasir Jaya,2026-05-13 02:00:00,99,99,50,,59,63,0,65,,,,,
Bekasi,Bekasi Kayuringin,2026-05-13 02:00:00,75,75,41,,50,13,0,2,,,,,
Jakarta,The Pakubuwono Menteng,2026-05-13 02:58:47,138,138,54,95,,,,,53,30.2,,,
Depok,Cinere - Nafas,2026-05-13 02:59:14,182,182,84,161,,,,,0,0,,,
Bogor,Kabupaten Bogor Leuwiliang,2026-05-13 01:00:00,85,85,46,,4,9,0,80,,,,,
Tangerang,Tangerang Pasir Jaya,2026-05-13 02:00:00,99,99,50,,59,63,0,65,,,,,
Bekasi,Bekasi Kayuringin,2026-05-13 02:00:00,75,75,41,,50,13,0,2,,,,,
Jakarta,The Pakubuwono Menteng,2026-05-13 03:00:46,142,142,55,100,,,,,53,30.2,,,
Depok,Cinere - Nafas,2026-05-13 03:01:14,184,184,88,162,,,,,0,0,,,
Bogor,Kabupaten Bogor Leuwiliang,2026-05-13 01:00:00,85,85,46,,4,9,0,80,,,,,
Tangerang,Tangerang Pasir Jaya,2026-05-13 02:00:00,99,99,50,,59,63,0,65,,,,,
Bekasi,Bekasi Kayuringin,2026-05-13 02:00:00,75,75,41,,50,13,0,2,,,,,
Jakarta,The Pakubuwono Menteng,2026-05-13 03:01:46,131,131,52,96,,,,,53,30.3,,,
Depok,Cinere - Nafas,2026-05-13 03:02:14,186,186,90,165,,,,,0,0,,,
Bogor,Kabupaten Bogor Leuwiliang,2026-05-13 01:00:00,85,85,46,,4,9,0,80,,,,,
Tangerang,Tangerang Pasir Jaya,2026-05-13 02:00:00,99,99,50,,59,63,0,65,,,,,
Bekasi,Bekasi Kayuringin,2026-05-13 02:00:00,75,75,41,,50,13,0,2,,,,,
Jakarta,The Pakubuwono Menteng,2026-05-13 03:01:46,131,131,52,96,,,,,53,30.3,,,
Depok,Cinere - Nafas,2026-05-13 03:04:14,191,191,96,168,,,,,0,0,,,
Bogor,Kabupaten Bogor Leuwiliang,2026-05-13 01:00:00,85,85,46,,4,9,0,80,,,,,
Tangerang,Tangerang Pasir Jaya,2026-05-13 02:00:00,99,99,50,,59,63,0,65,,,,,
Bekasi,Bekasi Kayuringin,2026-05-13 02:00:00,75,75,41,,50,13,0,2,,,,,
Jakarta,The Pakubuwono Menteng,2026-05-13 03:04:46,134,134,52,94,,,,,52,30.3,,,
Depok,Cinere - Nafas,2026-05-13 03:05:14,193,193,95,168,,,,,0,0,,,
Bogor,Kabupaten Bogor Leuwiliang,2026-05-13 01:00:00,85,85,46,,4,9,0,80,,,,,
Tangerang,Tangerang Pasir Jaya,2026-05-13 03:00:00,107,107,51,,59,63,0,65,,,,,
Bekasi,Bekasi Kayuringin,2026-05-13 03:00:00,76,76,42,,50,13,0,2,,,,,
Jakarta,The Pakubuwono Menteng,2026-05-13 03:06:46,138,138,54,99,,,,,53,30.3,,,
Depok,Cinere - Nafas,2026-05-13 03:07:14,194,194,96,169,,,,,0,0,,,
Bogor,Kabupaten Bogor Leuwiliang,2026-05-13 01:00:00,85,85,46,,4,9,0,80,,,,,
Tangerang,Tangerang Pasir Jaya,2026-05-13 03:00:00,107,107,51,,59,63,0,65,,,,,
Bekasi,Bekasi Kayuringin,2026-05-13 03:00:00,76,76,42,,50,13,0,2,,,,,
Jakarta,The Pakubuwono Menteng,2026-05-13 03:06:46,138,138,54,99,,,,,53,30.3,,,
Depok,Cinere - Nafas,2026-05-13 03:07:14,194,194,96,169,,,,,0,0,,,
Bogor,Kabupaten Bogor Leuwiliang,2026-05-13 01:00:00,85,85,46,,4,9,0,80,,,,,
Tangerang,Tangerang Pasir Jaya,2026-05-13 03:00:00,107,107,51,,59,63,0,65,,,,,
Bekasi,Bekasi Kayuringin,2026-05-13 03:00:00,76,76,42,,50,13,0,2,,,,,
Jakarta,The Pakubuwono Menteng,2026-05-13 03:07:46,133,133,53,96,,,,,53,30.3,,,
Depok,Cinere - Nafas,2026-05-13 03:08:14,193,193,98,171,,,,,0,0,,,
Bogor,Kabupaten Bogor Leuwiliang,2026-05-13 01:00:00,85,85,46,,4,9,0,80,,,,,
Tangerang,Tangerang Pasir Jaya,2026-05-13 03:00:00,107,107,51,,59,63,0,65,,,,,
Bekasi,Bekasi Kayuringin,2026-05-13 03:00:00,76,76,42,,50,13,0,2,,,,,
Jakarta,The Pakubuwono Menteng,2026-05-13 03:09:47,132,132,53,94,,,,,53,30.3,,,
Depok,Cinere - Nafas,2026-05-13 03:10:14,194,194,98,170,,,,,0,0,,,
Bogor,Kabupaten Bogor Leuwiliang,2026-05-13 01:00:00,85,85,46,,4,9,0,80,,,,,
Tangerang,Tangerang Pasir Jaya,2026-05-13 03:00:00,107,107,51,,59,63,0,65,,,,,
Bekasi,Bekasi Kayuringin,2026-05-13 03:00:00,76,76,42,,50,13,0,2,,,,,
Jakarta,The Pakubuwono Menteng,2026-05-13 03:10:46,136,136,53,96,,,,,52,30.3,,,
Depok,Cinere - Nafas,2026-05-13 03:11:14,193,193,97,169,,,,,0,0,,,
Bogor,Kabupaten Bogor Leuwiliang,2026-05-13 01:00:00,85,85,46,,4,9,0,80,,,,,
Tangerang,Tangerang Pasir Jaya,2026-05-13 03:00:00,107,107,51,,59,63,0,65,,,,,
Bekasi,Bekasi Kayuringin,2026-05-13 03:00:00,76,76,42,,50,13,0,2,,,,,
Jakarta,The Pakubuwono Menteng,2026-05-13 03:10:46,136,136,53,96,,,,,52,30.3,,,
Depok,Cinere - Nafas,2026-05-13 03:11:14,193,193,97,169,,,,,0,0,,,
Bogor,Kabupaten Bogor Leuwiliang,2026-05-13 01:00:00,85,85,46,,4,9,0,80,,,,,
Tangerang,Tangerang Pasir Jaya,2026-05-13 03:00:00,107,107,51,,59,63,0,65,,,,,
Bekasi,Bekasi Kayuringin,2026-05-13 03:00:00,76,76,42,,50,13,0,2,,,,,
Jakarta,The Pakubuwono Menteng,2026-05-13 03:12:47,142,142,55,101,,,,,53,30.3,,,
Depok,Cinere - Nafas,2026-05-13 03:13:14,194,194,98,169,,,,,0,0,,,
Bogor,Kabupaten Bogor Leuwiliang,2026-05-13 01:00:00,85,85,46,,4,9,0,80,,,,,
Tangerang,Tangerang Pasir Jaya,2026-05-13 03:00:00,107,107,51,,59,63,0,65,,,,,
Bekasi,Bekasi Kayuringin,2026-05-13 03:00:00,76,76,42,,50,13,0,2,,,,,
Jakarta,The Pakubuwono Menteng,2026-05-13 03:13:47,141,141,55,107,,,,,53,30.3,,,
Depok,Cinere - Nafas,2026-05-13 03:14:14,193,193,98,168,,,,,0,0,,,
Bogor,Kabupaten Bogor Leuwiliang,2026-05-13 01:00:00,85,85,46,,4,9,0,80,,,,,
Tangerang,Tangerang Pasir Jaya,2026-05-13 03:00:00,107,107,51,,59,63,0,65,,,,,
Bekasi,Bekasi Kayuringin,2026-05-13 03:00:00,76,76,42,,50,13,0,2,,,,,
Jakarta,The Pakubuwono Menteng,2026-05-13 03:15:47,138,138,55,99,,,,,52,30.3,,,
Depok,Cinere - Nafas,2026-05-13 03:16:14,196,196,102,171,,,,,0,0,,,
Bogor,Kabupaten Bogor Leuwiliang,2026-05-13 01:00:00,85,85,46,,4,9,0,80,,,,,
Tangerang,Tangerang Pasir Jaya,2026-05-13 03:00:00,107,107,51,,59,63,0,65,,,,,
Bekasi,Bekasi Kayuringin,2026-05-13 03:00:00,76,76,42,,50,13,0,2,,,,,
Jakarta,The Pakubuwono Menteng,2026-05-13 03:16:48,136,136,53,98,,,,,53,30.3,,,
Depok,Cinere - Nafas,2026-05-13 03:17:14,195,195,100,171,,,,,0,0,,,
Bogor,Kabupaten Bogor Leuwiliang,2026-05-13 01:00:00,85,85,46,,4,9,0,80,,,,,
Tangerang,Tangerang Pasir Jaya,2026-05-13 03:00:00,107,107,51,,59,63,0,65,,,,,
Bekasi,Bekasi Kayuringin,2026-05-13 03:00:00,76,76,42,,50,13,0,2,,,,,
Jakarta,The Pakubuwono Menteng,2026-05-13 03:18:47,133,133,53,96,,,,,53,30.3,,,
Depok,Cinere - Nafas,2026-05-13 03:19:15,194,194,98,170,,,,,0,0,,,
Bogor,Kabupaten Bogor Leuwiliang,2026-05-13 01:00:00,85,85,46,,4,9,0,80,,,,,
Tangerang,Tangerang Pasir Jaya,2026-05-13 03:00:00,107,107,51,,59,63,0,65,,,,,
Bekasi,Bekasi Kayuringin,2026-05-13 03:00:00,76,76,42,,50,13,0,2,,,,,
Jakarta,The Pakubuwono Menteng,2026-05-13 03:18:47,133,133,53,96,,,,,53,30.3,,,
Depok,Cinere - Nafas,2026-05-13 03:19:15,194,194,98,170,,,,,0,0,,,
Bogor,Kabupaten Bogor Leuwiliang,2026-05-13 01:00:00,85,85,46,,4,9,0,80,,,,,
Tangerang,Tangerang Pasir Jaya,2026-05-13 03:00:00,107,107,51,,59,63,0,65,,,,,
Bekasi,Bekasi Kayuringin,2026-05-13 03:00:00,76,76,42,,50,13,0,2,,,,,
Jakarta,The Pakubuwono Menteng,2026-05-13 03:19:47,134,134,53,95,,,,,52,30.3,,,
Depok,Cinere - Nafas,2026-05-13 03:20:14,196,196,102,169,,,,,0,0,,,
Bogor,Kabupaten Bogor Leuwiliang,2026-05-13 01:00:00,85,85,46,,4,9,0,80,,,,,
Tangerang,Tangerang Pasir Jaya,2026-05-13 03:00:00,107,107,51,,59,63,0,65,,,,,
Bekasi,Bekasi Kayuringin,2026-05-13 03:00:00,76,76,42,,50,13,0,2,,,,,
Jakarta,The Pakubuwono Menteng,2026-05-13 03:21:47,140,140,55,100,,,,,52,30.3,,,
Depok,Cinere - Nafas,2026-05-13 03:22:15,201,201,105,172,,,,,0,0,,,
Bogor,Kabupaten Bogor Leuwiliang,2026-05-13 01:00:00,85,85,46,,4,9,0,80,,,,,
Tangerang,Tangerang Pasir Jaya,2026-05-13 03:00:00,107,107,51,,59,63,0,65,,,,,
Bekasi,Bekasi Kayuringin,2026-05-13 03:00:00,76,76,42,,50,13,0,2,,,,,
Jakarta,The Pakubuwono Menteng,2026-05-13 03:21:47,140,140,55,100,,,,,52,30.3,,,
Depok,Cinere - Nafas,2026-05-13 03:22:15,201,201,105,172,,,,,0,0,,,
Bogor,Kabupaten Bogor Leuwiliang,2026-05-13 01:00:00,85,85,46,,4,9,0,80,,,,,
Tangerang,Tangerang Pasir Jaya,2026-05-13 03:00:00,107,107,51,,59,63,0,65,,,,,
Bekasi,Bekasi Kayuringin,2026-05-13 03:00:00,76,76,42,,50,13,0,2,,,,,
Jakarta,The Pakubuwono Menteng,2026-05-13 03:22:47,134,134,53,94,,,,,53,30.3,,,
Depok,Cinere - Nafas,2026-05-13 03:23:14,204,204,106,173,,,,,0,0,,,
Bogor,Kabupaten Bogor Leuwiliang,2026-05-13 01:00:00,85,85,46,,4,9,0,80,,,,,
Tangerang,Tangerang Pasir Jaya,2026-05-13 03:00:00,107,107,51,,59,63,0,65,,,,,
Bekasi,Bekasi Kayuringin,2026-05-13 03:00:00,76,76,42,,50,13,0,2,,,,,
Jakarta,The Pakubuwono Menteng,2026-05-13 03:25:47,146,146,56,105,,,,,53,30.3,,,
Depok,Cinere - Nafas,2026-05-13 03:26:14,201,201,104,172,,,,,0,0,,,
Bogor,Kabupaten Bogor Leuwiliang,2026-05-13 01:00:00,85,85,46,,4,9,0,80,,,,,
Tangerang,Tangerang Pasir Jaya,2026-05-13 03:00:00,107,107,51,,59,63,0,65,,,,,
Bekasi,Bekasi Kayuringin,2026-05-13 03:00:00,76,76,42,,50,13,0,2,,,,,
Jakarta,The Pakubuwono Menteng,2026-05-13 03:26:47,140,140,54,101,,,,,53,30.3,,,
Depok,Cinere - Nafas,2026-05-13 03:27:14,200,200,105,172,,,,,0,0,,,
Bogor,Kabupaten Bogor Leuwiliang,2026-05-13 01:00:00,85,85,46,,4,9,0,80,,,,,
Tangerang,Tangerang Pasir Jaya,2026-05-13 03:00:00,107,107,51,,59,63,0,65,,,,,
Bekasi,Bekasi Kayuringin,2026-05-13 03:00:00,76,76,42,,50,13,0,2,,,,,
Jakarta,The Pakubuwono Menteng,2026-05-13 03:26:47,140,140,54,101,,,,,53,30.3,,,
Depok,Cinere - Nafas,2026-05-13 03:27:14,200,200,105,172,,,,,0,0,,,
Bogor,Kabupaten Bogor Leuwiliang,2026-05-13 01:00:00,85,85,46,,4,9,0,80,,,,,
Tangerang,Tangerang Pasir Jaya,2026-05-13 03:00:00,107,107,51,,59,63,0,65,,,,,
Bekasi,Bekasi Kayuringin,2026-05-13 03:00:00,76,76,42,,50,13,0,2,,,,,
Jakarta,The Pakubuwono Menteng,2026-05-13 03:28:47,140,140,55,100,,,,,53,30.3,,,
Depok,Cinere - Nafas,2026-05-13 03:29:15,206,206,110,174,,,,,0,0,,,
Bogor,Kabupaten Bogor Leuwiliang,2026-05-13 01:00:00,85,85,46,,4,9,0,80,,,,,
Tangerang,Tangerang Pasir Jaya,2026-05-13 03:00:00,107,107,51,,59,63,0,65,,,,,
Bekasi,Bekasi Kayuringin,2026-05-13 03:00:00,76,76,42,,50,13,0,2,,,,,
Jakarta,The Pakubuwono Menteng,2026-05-13 03:29:47,141,141,55,101,,,,,53,30.3,,,
Depok,Cinere - Nafas,2026-05-13 03:30:15,205,205,108,173,,,,,0,0,,,
Bogor,Kabupaten Bogor Leuwiliang,2026-05-13 01:00:00,85,85,46,,4,9,0,80,,,,,
Tangerang,Tangerang Pasir Jaya,2026-05-13 03:00:00,107,107,51,,59,63,0,65,,,,,
Bekasi,Bekasi Kayuringin,2026-05-13 03:00:00,76,76,42,,50,13,0,2,,,,,
Jakarta,The Pakubuwono Menteng,2026-05-13 03:31:50,150,150,56,107,,,,,53,30.3,,,
Depok,Cinere - Nafas,2026-05-13 03:32:15,206,206,109,175,,,,,0,0,,,
Bogor,Kabupaten Bogor Leuwiliang,2026-05-13 01:00:00,85,85,46,,4,9,0,80,,,,,
Tangerang,Tangerang Pasir Jaya,2026-05-13 03:00:00,107,107,51,,59,63,0,65,,,,,
Bekasi,Bekasi Kayuringin,2026-05-13 03:00:00,76,76,42,,50,13,0,2,,,,,
Jakarta,The Pakubuwono Menteng,2026-05-13 03:31:50,150,150,56,107,,,,,53,30.3,,,
Depok,Cinere - Nafas,2026-05-13 03:32:15,206,206,109,175,,,,,0,0,,,
Bogor,Kabupaten Bogor Leuwiliang,2026-05-13 01:00:00,85,85,46,,4,9,0,80,,,,,
Tangerang,Tangerang Pasir Jaya,2026-05-13 03:00:00,107,107,51,,59,63,0,65,,,,,
Bekasi,Bekasi Kayuringin,2026-05-13 03:00:00,76,76,42,,50,13,0,2,,,,,
Jakarta,The Pakubuwono Menteng,2026-05-13 03:32:47,139,139,55,102,,,,,53,30.3,,,
Depok,Cinere - Nafas,2026-05-13 03:33:15,207,207,107,174,,,,,0,0,,,
Bogor,Kabupaten Bogor Leuwiliang,2026-05-13 01:00:00,85,85,46,,4,9,0,80,,,,,
Tangerang,Tangerang Pasir Jaya,2026-05-13 03:00:00,107,107,51,,59,63,0,65,,,,,
Bekasi,Bekasi Kayuringin,2026-05-13 03:00:00,76,76,42,,50,13,0,2,,,,,
Jakarta,The Pakubuwono Menteng,2026-05-13 03:35:47,130,130,52,94,,,,,53,30.2,,,
Depok,Cinere - Nafas,2026-05-13 03:36:15,204,204,108,174,,,,,0,0,,,
Bogor,Kabupaten Bogor Leuwiliang,2026-05-13 01:00:00,85,85,46,,4,9,0,80,,,,,
Tangerang,Tangerang Pasir Jaya,2026-05-13 03:00:00,107,107,51,,59,63,0,65,,,,,
Bekasi,Bekasi Kayuringin,2026-05-13 03:00:00,76,76,42,,50,13,0,2,,,,,
Jakarta,The Pakubuwono Menteng,2026-05-13 03:35:47,130,130,52,94,,,,,53,30.2,,,
Depok,Cinere - Nafas,2026-05-13 03:36:15,204,204,108,174,,,,,0,0,,,
Bogor,Kabupaten Bogor Leuwiliang,2026-05-13 01:00:00,85,85,46,,4,9,0,80,,,,,
Tangerang,Tangerang Pasir Jaya,2026-05-13 03:00:00,107,107,51,,59,63,0,65,,,,,
Bekasi,Bekasi Kayuringin,2026-05-13 03:00:00,76,76,42,,50,13,0,2,,,,,
Jakarta,The Pakubuwono Menteng,2026-05-13 03:36:47,130,130,52,96,,,,,53,30.2,,,
Depok,Cinere - Nafas,2026-05-13 03:37:15,207,207,110,174,,,,,0,0,,,
Bogor,Kabupaten Bogor Leuwiliang,2026-05-13 01:00:00,85,85,46,,4,9,0,80,,,,,
Tangerang,Tangerang Pasir Jaya,2026-05-13 03:00:00,107,107,51,,59,63,0,65,,,,,
Bekasi,Bekasi Kayuringin,2026-05-13 03:00:00,76,76,42,,50,13,0,2,,,,,
Jakarta,The Pakubuwono Menteng,2026-05-13 03:38:47,131,131,53,94,,,,,53,30.2,,,
Depok,Cinere - Nafas,2026-05-13 03:39:15,206,206,110,174,,,,,0,0,,,
Bogor,Kabupaten Bogor Leuwiliang,2026-05-13 01:00:00,85,85,46,,4,9,0,80,,,,,
Tangerang,Tangerang Pasir Jaya,2026-05-13 03:00:00,107,107,51,,59,63,0,65,,,,,
Bekasi,Bekasi Kayuringin,2026-05-13 03:00:00,76,76,42,,50,13,0,2,,,,,
Jakarta,The Pakubuwono Menteng,2026-05-13 03:39:47,129,129,51,93,,,,,53,30.2,,,
Depok,Cinere - Nafas,2026-05-13 03:40:15,210,210,109,174,,,,,0,0,,,
Bogor,Kabupaten Bogor Leuwiliang,2026-05-13 01:00:00,85,85,46,,4,9,0,80,,,,,
Tangerang,Tangerang Pasir Jaya,2026-05-13 03:00:00,107,107,51,,59,63,0,65,,,,,
Bekasi,Bekasi Kayuringin,2026-05-13 03:00:00,76,76,42,,50,13,0,2,,,,,
Jakarta,The Pakubuwono Menteng,2026-05-13 03:39:47,129,129,51,93,,,,,53,30.2,,,
Depok,Cinere - Nafas,2026-05-13 03:40:15,210,210,109,174,,,,,0,0,,,
Bogor,Kabupaten Bogor Leuwiliang,2026-05-13 01:00:00,85,85,46,,4,9,0,80,,,,,
Tangerang,Tangerang Pasir Jaya,2026-05-13 03:00:00,107,107,51,,59,63,0,65,,,,,
Bekasi,Bekasi Kayuringin,2026-05-13 03:00:00,76,76,42,,50,13,0,2,,,,,
Jakarta,The Pakubuwono Menteng,2026-05-13 03:40:47,126,126,51,95,,,,,53,30.2,,,
Depok,Cinere - Nafas,2026-05-13 03:41:15,201,201,104,173,,,,,0,0,,,
Bogor,Kabupaten Bogor Leuwiliang,2026-05-13 01:00:00,85,85,46,,4,9,0,80,,,,,
Tangerang,Tangerang Pasir Jaya,2026-05-13 03:00:00,107,107,51,,59,63,0,65,,,,,
Bekasi,Bekasi Kayuringin,2026-05-13 03:00:00,76,76,42,,50,13,0,2,,,,,
Jakarta,The Pakubuwono Menteng,2026-05-13 03:42:47,128,128,51,94,,,,,53,30.3,,,
Depok,Cinere - Nafas,2026-05-13 03:43:15,203,203,107,173,,,,,0,0,,,
Bogor,Kabupaten Bogor Leuwiliang,2026-05-13 01:00:00,85,85,46,,4,9,0,80,,,,,
Tangerang,Tangerang Pasir Jaya,2026-05-13 03:00:00,107,107,51,,59,63,0,65,,,,,
Bekasi,Bekasi Kayuringin,2026-05-13 03:00:00,76,76,42,,50,13,0,2,,,,,
Jakarta,The Pakubuwono Menteng,2026-05-13 03:43:47,128,128,52,93,,,,,53,30.3,,,
Depok,Cinere - Nafas,2026-05-13 03:44:15,210,210,110,175,,,,,0,0,,,
Bogor,Kabupaten Bogor Leuwiliang,2026-05-13 01:00:00,85,85,46,,4,9,0,80,,,,,
Tangerang,Tangerang Pasir Jaya,2026-05-13 03:00:00,107,107,51,,59,63,0,65,,,,,
Bekasi,Bekasi Kayuringin,2026-05-13 03:00:00,76,76,42,,50,13,0,2,,,,,
Jakarta,The Pakubuwono Menteng,2026-05-13 03:45:47,130,130,52,94,,,,,53,30.2,,,
Depok,Cinere - Nafas,2026-05-13 03:46:15,207,207,108,175,,,,,0,0,,,
Bogor,Kabupaten Bogor Leuwiliang,2026-05-13 01:00:00,85,85,46,,4,9,0,80,,,,,
Tangerang,Tangerang Pasir Jaya,2026-05-13 03:00:00,107,107,51,,59,63,0,65,,,,,
Bekasi,Bekasi Kayuringin,2026-05-13 03:00:00,76,76,42,,50,13,0,2,,,,,
Jakarta,The Pakubuwono Menteng,2026-05-13 03:46:47,134,134,53,95,,,,,53,30.3,,,
Depok,Cinere - Nafas,2026-05-13 03:47:15,208,208,110,175,,,,,0,0,,,
Bogor,Kabupaten Bogor Leuwiliang,2026-05-13 01:00:00,85,85,46,,4,9,0,80,,,,,
Tangerang,Tangerang Pasir Jaya,2026-05-13 03:00:00,107,107,51,,59,63,0,65,,,,,
Bekasi,Bekasi Kayuringin,2026-05-13 03:00:00,76,76,42,,50,13,0,2,,,,,
Jakarta,The Pakubuwono Menteng,2026-05-13 03:48:47,140,140,54,100,,,,,53,30.3,,,
Depok,Cinere - Nafas,2026-05-13 03:49:15,202,202,107,174,,,,,0,0,,,
Bogor,Kabupaten Bogor Leuwiliang,2026-05-13 01:00:00,85,85,46,,4,9,0,80,,,,,
Tangerang,Tangerang Pasir Jaya,2026-05-13 03:00:00,107,107,51,,59,63,0,65,,,,,
Bekasi,Bekasi Kayuringin,2026-05-13 03:00:00,76,76,42,,50,13,0,2,,,,,
Jakarta,The Pakubuwono Menteng,2026-05-13 03:48:47,140,140,54,100,,,,,53,30.3,,,
Depok,Cinere - Nafas,2026-05-13 03:49:15,202,202,107,174,,,,,0,0,,,
Bogor,Kabupaten Bogor Leuwiliang,2026-05-13 01:00:00,85,85,46,,4,9,0,80,,,,,
Tangerang,Tangerang Pasir Jaya,2026-05-13 03:00:00,107,107,51,,59,63,0,65,,,,,
Bekasi,Bekasi Kayuringin,2026-05-13 03:00:00,76,76,42,,50,13,0,2,,,,,
Jakarta,The Pakubuwono Menteng,2026-05-13 03:49:47,143,143,56,105,,,,,53,30.2,,,
Depok,Cinere - Nafas,2026-05-13 03:50:15,207,207,108,175,,,,,0,0,,,
Bogor,Kabupaten Bogor Leuwiliang,2026-05-13 01:00:00,85,85,46,,4,9,0,80,,,,,
Tangerang,Tangerang Pasir Jaya,2026-05-13 03:00:00,107,107,51,,59,63,0,65,,,,,
Bekasi,Bekasi Kayuringin,2026-05-13 03:00:00,76,76,42,,50,13,0,2,,,,,
Jakarta,The Pakubuwono Menteng,2026-05-13 03:51:47,139,139,55,99,,,,,53,30.2,,,
Depok,Cinere - Nafas,2026-05-13 03:52:41,209,209,107,175,,,,,0,0,,,
Bogor,Kabupaten Bogor Leuwiliang,2026-05-13 01:00:00,85,85,46,,4,9,0,80,,,,,
Tangerang,Tangerang Pasir Jaya,2026-05-13 03:00:00,107,107,51,,59,63,0,65,,,,,
Bekasi,Bekasi Kayuringin,2026-05-13 03:00:00,76,76,42,,50,13,0,2,,,,,
Jakarta,The Pakubuwono Menteng,2026-05-13 03:52:49,142,142,55,104,,,,,53,30.2,,,
Depok,Cinere - Nafas,2026-05-13 03:52:41,209,209,107,175,,,,,0,0,,,
Bogor,Kabupaten Bogor Leuwiliang,2026-05-13 01:00:00,85,85,46,,4,9,0,80,,,,,
Tangerang,Tangerang Pasir Jaya,2026-05-13 03:00:00,107,107,51,,59,63,0,65,,,,,
Bekasi,Bekasi Kayuringin,2026-05-13 03:00:00,76,76,42,,50,13,0,2,,,,,
Jakarta,The Pakubuwono Menteng,2026-05-13 03:52:49,142,142,55,104,,,,,53,30.2,,,
Depok,Cinere - Nafas,2026-05-13 03:53:52,206,206,109,174,,,,,0,0,,,
Bogor,Kabupaten Bogor Leuwiliang,2026-05-13 01:00:00,85,85,46,,4,9,0,80,,,,,
Tangerang,Tangerang Pasir Jaya,2026-05-13 03:00:00,107,107,51,,59,63,0,65,,,,,
Bekasi,Bekasi Kayuringin,2026-05-13 03:00:00,76,76,42,,50,13,0,2,,,,,
Jakarta,The Pakubuwono Menteng,2026-05-13 03:56:47,147,147,55,103,,,,,53,30.2,,,
Depok,Cinere - Nafas,2026-05-13 03:55:52,208,208,107,175,,,,,0,0,,,
Bogor,Kabupaten Bogor Leuwiliang,2026-05-13 01:00:00,85,85,46,,4,9,0,80,,,,,
Tangerang,Tangerang Pasir Jaya,2026-05-13 03:00:00,107,107,51,,59,63,0,65,,,,,
Bekasi,Bekasi Kayuringin,2026-05-13 03:00:00,76,76,42,,50,13,0,2,,,,,
Jakarta,The Pakubuwono Menteng,2026-05-13 03:57:47,146,146,56,109,,,,,53,30.2,,,
Depok,Cinere - Nafas,2026-05-13 03:56:52,207,207,108,174,,,,,0,0,,,
Bogor,Kabupaten Bogor Leuwiliang,2026-05-13 01:00:00,85,85,46,,4,9,0,80,,,,,
Tangerang,Tangerang Pasir Jaya,2026-05-13 03:00:00,107,107,51,,59,63,0,65,,,,,
Bekasi,Bekasi Kayuringin,2026-05-13 03:00:00,76,76,42,,50,13,0,2,,,,,
Jakarta,The Pakubuwono Menteng,2026-05-13 03:58:47,142,142,56,106,,,,,54,30.1,,,
Depok,Cinere - Nafas,2026-05-13 03:57:52,205,205,106,174,,,,,0,0,,,
Bogor,Kabupaten Bogor Leuwiliang,2026-05-13 01:00:00,85,85,46,,4,9,0,80,,,,,
Tangerang,Tangerang Pasir Jaya,2026-05-13 03:00:00,107,107,51,,59,63,0,65,,,,,
Bekasi,Bekasi Kayuringin,2026-05-13 03:00:00,76,76,42,,50,13,0,2,,,,,
Jakarta,The Pakubuwono Menteng,2026-05-13 03:58:47,142,142,56,106,,,,,54,30.1,,,
Depok,Cinere - Nafas,2026-05-13 03:57:52,205,205,106,174,,,,,0,0,,,
Bogor,Kabupaten Bogor Leuwiliang,2026-05-13 01:00:00,85,85,46,,4,9,0,80,,,,,
Tangerang,Tangerang Pasir Jaya,2026-05-13 03:00:00,107,107,51,,59,63,0,65,,,,,
Bekasi,Bekasi Kayuringin,2026-05-13 03:00:00,76,76,42,,50,13,0,2,,,,,
Jakarta,The Pakubuwono Menteng,2026-05-13 04:00:47,150,150,56,109,,,,,54,30.1,,,
Depok,Cinere - Nafas,2026-05-13 03:59:52,212,212,111,176,,,,,0,0,,,
Bogor,Kabupaten Bogor Leuwiliang,2026-05-13 01:00:00,85,85,46,,4,9,0,80,,,,,
Tangerang,Tangerang Pasir Jaya,2026-05-13 03:00:00,107,107,51,,59,63,0,65,,,,,
Bekasi,Bekasi Kayuringin,2026-05-13 03:00:00,76,76,42,,50,13,0,2,,,,,
Jakarta,The Pakubuwono Menteng,2026-05-13 04:01:47,148,148,56,110,,,,,54,30.1,,,
Depok,Cinere - Nafas,2026-05-13 04:00:52,211,211,111,175,,,,,0,0,,,
Bogor,Kabupaten Bogor Leuwiliang,2026-05-13 01:00:00,85,85,46,,4,9,0,80,,,,,
Tangerang,Tangerang Pasir Jaya,2026-05-13 03:00:00,107,107,51,,59,63,0,65,,,,,
Bekasi,Bekasi Kayuringin,2026-05-13 03:00:00,76,76,42,,50,13,0,2,,,,,
Jakarta,The Pakubuwono Menteng,2026-05-13 04:01:47,148,148,56,110,,,,,54,30.1,,,
Depok,Cinere - Nafas,2026-05-13 04:00:52,211,211,111,175,,,,,0,0,,,
Bogor,Kabupaten Bogor Leuwiliang,2026-05-13 01:00:00,85,85,46,,4,9,0,80,,,,,
Tangerang,Tangerang Pasir Jaya,2026-05-13 03:00:00,107,107,51,,59,63,0,65,,,,,
Bekasi,Bekasi Kayuringin,2026-05-13 03:00:00,76,76,42,,50,13,0,2,,,,,
Jakarta,The Pakubuwono Menteng,2026-05-13 04:03:47,151,151,57,111,,,,,54,30.1,,,
Depok,Cinere - Nafas,2026-05-13 04:02:52,216,216,112,178,,,,,0,0,,,
Bogor,Kabupaten Bogor Leuwiliang,2026-05-13 01:00:00,85,85,46,,4,9,0,80,,,,,
Tangerang,Tangerang Pasir Jaya,2026-05-13 03:00:00,107,107,51,,59,63,0,65,,,,,
Bekasi,Bekasi Kayuringin,2026-05-13 04:00:00,77,77,42,,50,13,0,2,,,,,
Jakarta,The Pakubuwono Menteng,2026-05-13 04:04:48,152,152,57,111,,,,,54,30.1,,,
Depok,Cinere - Nafas,2026-05-13 04:05:52,213,213,111,177,,,,,0,0,,,
Bogor,Kabupaten Bogor Leuwiliang,2026-05-13 01:00:00,85,85,46,,4,9,0,80,,,,,
Tangerang,Tangerang Pasir Jaya,2026-05-13 04:00:00,113,113,52,,59,63,0,65,,,,,
Bekasi,Bekasi Kayuringin,2026-05-13 04:00:00,77,77,42,,50,13,0,2,,,,,
Jakarta,The Pakubuwono Menteng,2026-05-13 04:06:48,152,152,58,119,,,,,54,30,,,
Depok,Cinere - Nafas,2026-05-13 04:05:52,213,213,111,177,,,,,0,0,,,
Bogor,Kabupaten Bogor Leuwiliang,2026-05-13 01:00:00,85,85,46,,4,9,0,80,,,,,
Tangerang,Tangerang Pasir Jaya,2026-05-13 04:00:00,113,113,52,,59,63,0,65,,,,,
Bekasi,Bekasi Kayuringin,2026-05-13 04:00:00,77,77,42,,50,13,0,2,,,,,
Jakarta,The Pakubuwono Menteng,2026-05-13 04:07:48,153,153,57,120,,,,,54,30,,,
Depok,Cinere - Nafas,2026-05-13 04:06:52,219,219,113,179,,,,,0,0,,,
Bogor,Kabupaten Bogor Leuwiliang,2026-05-13 01:00:00,85,85,46,,4,9,0,80,,,,,
Tangerang,Tangerang Pasir Jaya,2026-05-13 04:00:00,113,113,52,,59,63,0,65,,,,,
Bekasi,Bekasi Kayuringin,2026-05-13 04:00:00,77,77,42,,50,13,0,2,,,,,
Jakarta,The Pakubuwono Menteng,2026-05-13 04:09:48,150,150,57,113,,,,,54,30,,,
Depok,Cinere - Nafas,2026-05-13 04:08:52,219,219,115,178,,,,,0,0,,,
Bogor,Kabupaten Bogor Leuwiliang,2026-05-13 01:00:00,85,85,46,,4,9,0,80,,,,,
Tangerang,Tangerang Pasir Jaya,2026-05-13 04:00:00,113,113,52,,59,63,0,65,,,,,
Bekasi,Bekasi Kayuringin,2026-05-13 04:00:00,77,77,42,,50,13,0,2,,,,,
Jakarta,The Pakubuwono Menteng,2026-05-13 04:10:48,141,141,55,106,,,,,54,29.9,,,
Depok,Cinere - Nafas,2026-05-13 04:09:52,220,220,116,179,,,,,0,0,,,
Bogor,Kabupaten Bogor Leuwiliang,2026-05-13 01:00:00,85,85,46,,4,9,0,80,,,,,
Tangerang,Tangerang Pasir Jaya,2026-05-13 04:00:00,113,113,52,,59,63,0,65,,,,,
Bekasi,Bekasi Kayuringin,2026-05-13 04:00:00,77,77,42,,50,13,0,2,,,,,
Jakarta,The Pakubuwono Menteng,2026-05-13 04:10:48,141,141,55,106,,,,,54,29.9,,,
Depok,Cinere - Nafas,2026-05-13 04:09:52,220,220,116,179,,,,,0,0,,,
Bogor,Kabupaten Bogor Leuwiliang,2026-05-13 01:00:00,85,85,46,,4,9,0,80,,,,,
Tangerang,Tangerang Pasir Jaya,2026-05-13 04:00:00,113,113,52,,59,63,0,65,,,,,
Bekasi,Bekasi Kayuringin,2026-05-13 04:00:00,77,77,42,,50,13,0,2,,,,,
Jakarta,The Pakubuwono Menteng,2026-05-13 04:12:48,134,134,53,97,,,,,54,29.9,,,
Depok,Cinere - Nafas,2026-05-13 04:11:52,216,216,112,179,,,,,0,0,,,
Bogor,Kabupaten Bogor Leuwiliang,2026-05-13 01:00:00,85,85,46,,4,9,0,80,,,,,
Tangerang,Tangerang Pasir Jaya,2026-05-13 04:00:00,113,113,52,,59,63,0,65,,,,,
Bekasi,Bekasi Kayuringin,2026-05-13 04:00:00,77,77,42,,50,13,0,2,,,,,
Jakarta,The Pakubuwono Menteng,2026-05-13 04:13:48,137,137,53,95,,,,,54,29.9,,,
Depok,Cinere - Nafas,2026-05-13 04:12:52,218,218,116,179,,,,,0,0,,,
Bogor,Kabupaten Bogor Leuwiliang,2026-05-13 01:00:00,85,85,46,,4,9,0,80,,,,,
Tangerang,Tangerang Pasir Jaya,2026-05-13 04:00:00,113,113,52,,59,63,0,65,,,,,
Bekasi,Bekasi Kayuringin,2026-05-13 04:00:00,77,77,42,,50,13,0,2,,,,,
Jakarta,The Pakubuwono Menteng,2026-05-13 04:14:48,130,130,51,96,,,,,54,29.9,,,
Depok,Cinere - Nafas,2026-05-13 04:13:52,224,224,120,179,,,,,0,0,,,
Bogor,Kabupaten Bogor Leuwiliang,2026-05-13 01:00:00,85,85,46,,4,9,0,80,,,,,
Tangerang,Tangerang Pasir Jaya,2026-05-13 04:00:00,113,113,52,,59,63,0,65,,,,,
Bekasi,Bekasi Kayuringin,2026-05-13 04:00:00,77,77,42,,50,13,0,2,,,,,
Jakarta,The Pakubuwono Menteng,2026-05-13 04:14:48,130,130,51,96,,,,,54,29.9,,,
Depok,Cinere - Nafas,2026-05-13 04:15:46,219,219,117,179,,,,,0,0,,,
Bogor,Kabupaten Bogor Leuwiliang,2026-05-13 01:00:00,85,85,46,,4,9,0,80,,,,,
Tangerang,Tangerang Pasir Jaya,2026-05-13 04:00:00,113,113,52,,59,63,0,65,,,,,
Bekasi,Bekasi Kayuringin,2026-05-13 04:00:00,77,77,42,,50,13,0,2,,,,,
Jakarta,The Pakubuwono Menteng,2026-05-13 04:17:48,129,129,51,94,,,,,54,29.9,,,
Depok,Cinere - Nafas,2026-05-13 04:16:57,220,220,114,179,,,,,0,0,,,
Bogor,Kabupaten Bogor Leuwiliang,2026-05-13 01:00:00,85,85,46,,4,9,0,80,,,,,
Tangerang,Tangerang Pasir Jaya,2026-05-13 04:00:00,113,113,52,,59,63,0,65,,,,,
Bekasi,Bekasi Kayuringin,2026-05-13 04:00:00,77,77,42,,50,13,0,2,,,,,
Jakarta,The Pakubuwono Menteng,2026-05-13 04:19:48,126,126,50,91,,,,,54,29.9,,,
Depok,Cinere - Nafas,2026-05-13 04:18:57,222,222,117,179,,,,,0,0,,,
Bogor,Kabupaten Bogor Leuwiliang,2026-05-13 01:00:00,85,85,46,,4,9,0,80,,,,,
Tangerang,Tangerang Pasir Jaya,2026-05-13 04:00:00,113,113,52,,59,63,0,65,,,,,
Bekasi,Bekasi Kayuringin,2026-05-13 04:00:00,77,77,42,,50,13,0,2,,,,,
Jakarta,The Pakubuwono Menteng,2026-05-13 04:19:48,126,126,50,91,,,,,54,29.9,,,
Depok,Cinere - Nafas,2026-05-13 04:18:57,222,222,117,179,,,,,0,0,,,
Bogor,Kabupaten Bogor Leuwiliang,2026-05-13 01:00:00,85,85,46,,4,9,0,80,,,,,
Tangerang,Tangerang Pasir Jaya,2026-05-13 04:00:00,113,113,52,,59,63,0,65,,,,,
Bekasi,Bekasi Kayuringin,2026-05-13 04:00:00,77,77,42,,50,13,0,2,,,,,
Jakarta,The Pakubuwono Menteng,2026-05-13 04:20:48,125,125,50,93,,,,,54,30,,,
Depok,Cinere - Nafas,2026-05-13 04:19:57,222,222,117,180,,,,,0,0,,,
Bogor,Kabupaten Bogor Leuwiliang,2026-05-13 01:00:00,85,85,46,,4,9,0,80,,,,,
Tangerang,Tangerang Pasir Jaya,2026-05-13 04:00:00,113,113,52,,59,63,0,65,,,,,
Bekasi,Bekasi Kayuringin,2026-05-13 04:00:00,77,77,42,,50,13,0,2,,,,,
Jakarta,The Pakubuwono Menteng,2026-05-13 04:22:48,126,126,51,92,,,,,54,30,,,
Depok,Cinere - Nafas,2026-05-13 04:22:19,215,215,113,178,,,,,0,0,,,
Bogor,Kabupaten Bogor Leuwiliang,2026-05-13 01:00:00,85,85,46,,4,9,0,80,,,,,
Tangerang,Tangerang Pasir Jaya,2026-05-13 04:00:00,113,113,52,,59,63,0,65,,,,,
Bekasi,Bekasi Kayuringin,2026-05-13 04:00:00,77,77,42,,50,13,0,2,,,,,
Jakarta,The Pakubuwono Menteng,2026-05-13 04:22:48,126,126,51,92,,,,,54,30,,,
Depok,Cinere - Nafas,2026-05-13 04:22:19,215,215,113,178,,,,,0,0,,,
Bogor,Kabupaten Bogor Leuwiliang,2026-05-13 01:00:00,85,85,46,,4,9,0,80,,,,,
Tangerang,Tangerang Pasir Jaya,2026-05-13 04:00:00,113,113,52,,59,63,0,65,,,,,
Bekasi,Bekasi Kayuringin,2026-05-13 04:00:00,77,77,42,,50,13,0,2,,,,,
Jakarta,The Pakubuwono Menteng,2026-05-13 04:24:48,128,128,51,91,,,,,54,30,,,
Depok,Cinere - Nafas,2026-05-13 04:22:19,215,215,113,178,,,,,0,0,,,
Bogor,Kabupaten Bogor Leuwiliang,2026-05-13 01:00:00,85,85,46,,4,9,0,80,,,,,
Tangerang,Tangerang Pasir Jaya,2026-05-13 04:00:00,113,113,52,,59,63,0,65,,,,,
Bekasi,Bekasi Kayuringin,2026-05-13 04:00:00,77,77,42,,50,13,0,2,,,,,
Jakarta,The Pakubuwono Menteng,2026-05-13 04:25:48,121,121,49,90,,,,,53,30,,,
Depok,Cinere - Nafas,2026-05-13 04:25:11,218,218,114,179,,,,,0,0,,,
Bogor,Kabupaten Bogor Leuwiliang,2026-05-13 01:00:00,85,85,46,,4,9,0,80,,,,,
Tangerang,Tangerang Pasir Jaya,2026-05-13 04:00:00,113,113,52,,59,63,0,65,,,,,
Bekasi,Bekasi Kayuringin,2026-05-13 04:00:00,77,77,42,,50,13,0,2,,,,,
Jakarta,The Pakubuwono Menteng,2026-05-13 04:26:48,123,123,49,90,,,,,54,30,,,
Depok,Cinere - Nafas,2026-05-13 04:26:11,222,222,116,178,,,,,0,0,,,
Bogor,Kabupaten Bogor Leuwiliang,2026-05-13 01:00:00,85,85,46,,4,9,0,80,,,,,
Tangerang,Tangerang Pasir Jaya,2026-05-13 04:00:00,113,113,52,,59,63,0,65,,,,,
Bekasi,Bekasi Kayuringin,2026-05-13 04:00:00,77,77,42,,50,13,0,2,,,,,
Jakarta,The Pakubuwono Menteng,2026-05-13 04:28:48,126,126,50,91,,,,,54,30.1,,,
Depok,Cinere - Nafas,2026-05-13 04:28:11,217,217,114,177,,,,,0,0,,,
Bogor,Kabupaten Bogor Leuwiliang,2026-05-13 01:00:00,85,85,46,,4,9,0,80,,,,,
Tangerang,Tangerang Pasir Jaya,2026-05-13 04:00:00,113,113,52,,59,63,0,65,,,,,
Bekasi,Bekasi Kayuringin,2026-05-13 04:00:00,77,77,42,,50,13,0,2,,,,,
Jakarta,The Pakubuwono Menteng,2026-05-13 04:29:48,125,125,50,94,,,,,54,30,,,
Depok,Cinere - Nafas,2026-05-13 04:29:11,223,223,117,180,,,,,0,0,,,
Bogor,Kabupaten Bogor Leuwiliang,2026-05-13 01:00:00,85,85,46,,4,9,0,80,,,,,
Tangerang,Tangerang Pasir Jaya,2026-05-13 04:00:00,113,113,52,,59,63,0,65,,,,,
Bekasi,Bekasi Kayuringin,2026-05-13 04:00:00,77,77,42,,50,13,0,2,,,,,
Jakarta,The Pakubuwono Menteng,2026-05-13 04:29:48,125,125,50,94,,,,,54,30,,,
Depok,Cinere - Nafas,2026-05-13 04:29:11,223,223,117,180,,,,,0,0,,,
Bogor,Kabupaten Bogor Leuwiliang,2026-05-13 01:00:00,85,85,46,,4,9,0,80,,,,,
Tangerang,Tangerang Pasir Jaya,2026-05-13 04:00:00,113,113,52,,59,63,0,65,,,,,
Bekasi,Bekasi Kayuringin,2026-05-13 04:00:00,77,77,42,,50,13,0,2,,,,,
Jakarta,The Pakubuwono Menteng,2026-05-13 04:31:48,132,132,53,95,,,,,54,30.1,,,
Depok,Cinere - Nafas,2026-05-13 04:31:11,222,222,117,180,,,,,0,0,,,
Bogor,Kabupaten Bogor Leuwiliang,2026-05-13 01:00:00,85,85,46,,4,9,0,80,,,,,
Tangerang,Tangerang Pasir Jaya,2026-05-13 04:00:00,113,113,52,,59,63,0,65,,,,,
Bekasi,Bekasi Kayuringin,2026-05-13 04:00:00,77,77,42,,50,13,0,2,,,,,
Jakarta,The Pakubuwono Menteng,2026-05-13 04:32:49,130,130,52,95,,,,,54,30.1,,,
Depok,Cinere - Nafas,2026-05-13 04:32:34,220,220,117,181,,,,,0,0,,,
Bogor,Kabupaten Bogor Leuwiliang,2026-05-13 01:00:00,85,85,46,,4,9,0,80,,,,,
Tangerang,Tangerang Pasir Jaya,2026-05-13 04:00:00,113,113,52,,59,63,0,65,,,,,
Bekasi,Bekasi Kayuringin,2026-05-13 04:00:00,77,77,42,,50,13,0,2,,,,,
Jakarta,The Pakubuwono Menteng,2026-05-13 04:34:48,131,131,53,95,,,,,54,30.1,,,
Depok,Cinere - Nafas,2026-05-13 04:34:34,225,225,118,181,,,,,0,0,,,
Bogor,Kabupaten Bogor Leuwiliang,2026-05-13 01:00:00,85,85,46,,4,9,0,80,,,,,
Tangerang,Tangerang Pasir Jaya,2026-05-13 04:00:00,113,113,52,,59,63,0,65,,,,,
Bekasi,Bekasi Kayuringin,2026-05-13 04:00:00,77,77,42,,50,13,0,2,,,,,
Jakarta,The Pakubuwono Menteng,2026-05-13 04:34:48,131,131,53,95,,,,,54,30.1,,,
Depok,Cinere - Nafas,2026-05-13 04:34:34,225,225,118,181,,,,,0,0,,,
Bogor,Kabupaten Bogor Leuwiliang,2026-05-13 01:00:00,85,85,46,,4,9,0,80,,,,,
Tangerang,Tangerang Pasir Jaya,2026-05-13 04:00:00,113,113,52,,59,63,0,65,,,,,
Bekasi,Bekasi Kayuringin,2026-05-13 04:00:00,77,77,42,,50,13,0,2,,,,,
Jakarta,The Pakubuwono Menteng,2026-05-13 04:35:48,132,132,53,96,,,,,54,30.1,,,
Depok,Cinere - Nafas,2026-05-13 04:35:34,220,220,115,179,,,,,0,0,,,
Bogor,Kabupaten Bogor Leuwiliang,2026-05-13 01:00:00,85,85,46,,4,9,0,80,,,,,
Tangerang,Tangerang Pasir Jaya,2026-05-13 04:00:00,113,113,52,,59,63,0,65,,,,,
Bekasi,Bekasi Kayuringin,2026-05-13 04:00:00,77,77,42,,50,13,0,2,,,,,
Jakarta,The Pakubuwono Menteng,2026-05-13 04:38:50,135,135,53,96,,,,,54,30.1,,,
Depok,Cinere - Nafas,2026-05-13 04:38:34,214,214,113,178,,,,,0,0,,,
Bogor,Kabupaten Bogor Leuwiliang,2026-05-13 01:00:00,85,85,46,,4,9,0,80,,,,,
Tangerang,Tangerang Pasir Jaya,2026-05-13 04:00:00,113,113,52,,59,63,0,65,,,,,
Bekasi,Bekasi Kayuringin,2026-05-13 04:00:00,77,77,42,,50,13,0,2,,,,,
Jakarta,The Pakubuwono Menteng,2026-05-13 04:38:50,135,135,53,96,,,,,54,30.1,,,
Depok,Cinere - Nafas,2026-05-13 04:38:34,214,214,113,178,,,,,0,0,,,
Bogor,Kabupaten Bogor Leuwiliang,2026-05-13 01:00:00,85,85,46,,4,9,0,80,,,,,
Tangerang,Tangerang Pasir Jaya,2026-05-13 04:00:00,113,113,52,,59,63,0,65,,,,,
Bekasi,Bekasi Kayuringin,2026-05-13 04:00:00,77,77,42,,50,13,0,2,,,,,
Jakarta,The Pakubuwono Menteng,2026-05-13 04:40:49,128,128,51,94,,,,,54,30.1,,,
Depok,Cinere - Nafas,2026-05-13 04:40:57,215,215,112,177,,,,,0,0,,,
Bogor,Kabupaten Bogor Leuwiliang,2026-05-13 01:00:00,85,85,46,,4,9,0,80,,,,,
Tangerang,Tangerang Pasir Jaya,2026-05-13 04:00:00,113,113,52,,59,63,0,65,,,,,
Bekasi,Bekasi Kayuringin,2026-05-13 04:00:00,77,77,42,,50,13,0,2,,,,,
Jakarta,The Pakubuwono Menteng,2026-05-13 04:41:48,128,128,52,94,,,,,54,30.1,,,
Depok,Cinere - Nafas,2026-05-13 04:41:57,208,208,110,175,,,,,0,0,,,
Bogor,Kabupaten Bogor Leuwiliang,2026-05-13 01:00:00,85,85,46,,4,9,0,80,,,,,
Tangerang,Tangerang Pasir Jaya,2026-05-13 04:00:00,113,113,52,,59,63,0,65,,,,,
Bekasi,Bekasi Kayuringin,2026-05-13 04:00:00,77,77,42,,50,13,0,2,,,,,
Jakarta,The Pakubuwono Menteng,2026-05-13 04:41:48,128,128,52,94,,,,,54,30.1,,,
Depok,Cinere - Nafas,2026-05-13 04:41:57,208,208,110,175,,,,,0,0,,,
Bogor,Kabupaten Bogor Leuwiliang,2026-05-13 01:00:00,85,85,46,,4,9,0,80,,,,,
Tangerang,Tangerang Pasir Jaya,2026-05-13 04:00:00,113,113,52,,59,63,0,65,,,,,
Bekasi,Bekasi Kayuringin,2026-05-13 04:00:00,77,77,42,,50,13,0,2,,,,,
Jakarta,The Pakubuwono Menteng,2026-05-13 04:43:48,133,133,53,97,,,,,54,30.1,,,
Depok,Cinere - Nafas,2026-05-13 04:43:57,209,209,110,176,,,,,0,0,,,
Bogor,Kabupaten Bogor Leuwiliang,2026-05-13 01:00:00,85,85,46,,4,9,0,80,,,,,
Tangerang,Tangerang Pasir Jaya,2026-05-13 04:00:00,113,113,52,,59,63,0,65,,,,,
Bekasi,Bekasi Kayuringin,2026-05-13 04:00:00,77,77,42,,50,13,0,2,,,,,
Jakarta,The Pakubuwono Menteng,2026-05-13 04:44:49,132,132,53,94,,,,,54,30.1,,,
Depok,Cinere - Nafas,2026-05-13 04:44:57,211,211,111,175,,,,,0,0,,,
Bogor,Kabupaten Bogor Leuwiliang,2026-05-13 01:00:00,85,85,46,,4,9,0,80,,,,,
Tangerang,Tangerang Pasir Jaya,2026-05-13 04:00:00,113,113,52,,59,63,0,65,,,,,
Bekasi,Bekasi Kayuringin,2026-05-13 04:00:00,77,77,42,,50,13,0,2,,,,,
Jakarta,The Pakubuwono Menteng,2026-05-13 04:46:48,133,133,53,95,,,,,54,30.1,,,
Depok,Cinere - Nafas,2026-05-13 04:46:57,207,207,110,175,,,,,0,0,,,
Bogor,Kabupaten Bogor Leuwiliang,2026-05-13 01:00:00,85,85,46,,4,9,0,80,,,,,
Tangerang,Tangerang Pasir Jaya,2026-05-13 04:00:00,113,113,52,,59,63,0,65,,,,,
Bekasi,Bekasi Kayuringin,2026-05-13 04:00:00,77,77,42,,50,13,0,2,,,,,
Jakarta,The Pakubuwono Menteng,2026-05-13 04:46:48,133,133,53,95,,,,,54,30.1,,,
Depok,Cinere - Nafas,2026-05-13 04:46:57,207,207,110,175,,,,,0,0,,,
Bogor,Kabupaten Bogor Leuwiliang,2026-05-13 01:00:00,85,85,46,,4,9,0,80,,,,,
Tangerang,Tangerang Pasir Jaya,2026-05-13 04:00:00,113,113,52,,59,63,0,65,,,,,
Bekasi,Bekasi Kayuringin,2026-05-13 04:00:00,77,77,42,,50,13,0,2,,,,,
Jakarta,The Pakubuwono Menteng,2026-05-13 04:49:49,126,126,50,94,,,,,54,30.1,,,
Depok,Cinere - Nafas,2026-05-13 04:49:57,208,208,109,175,,,,,0,0,,,
Bogor,Kabupaten Bogor Leuwiliang,2026-05-13 01:00:00,85,85,46,,4,9,0,80,,,,,
Tangerang,Tangerang Pasir Jaya,2026-05-13 04:00:00,113,113,52,,59,63,0,65,,,,,
Bekasi,Bekasi Kayuringin,2026-05-13 04:00:00,77,77,42,,50,13,0,2,,,,,
Jakarta,The Pakubuwono Menteng,2026-05-13 04:50:49,128,128,51,91,,,,,54,30.1,,,
Depok,Cinere - Nafas,2026-05-13 04:49:57,208,208,109,174,,,,,0,0,,,
Bogor,Kabupaten Bogor Leuwiliang,2026-05-13 01:00:00,85,85,46,,4,9,0,80,,,,,
Tangerang,Tangerang Pasir Jaya,2026-05-13 04:00:00,113,113,52,,59,63,0,65,,,,,
Bekasi,Bekasi Kayuringin,2026-05-13 04:00:00,77,77,42,,50,13,0,2,,,,,
Jakarta,The Pakubuwono Menteng,2026-05-13 04:50:49,128,128,51,91,,,,,54,30.1,,,
Depok,Cinere - Nafas,2026-05-13 04:49:57,208,208,109,174,,,,,0,0,,,
Bogor,Kabupaten Bogor Leuwiliang,2026-05-13 01:00:00,85,85,46,,4,9,0,80,,,,,
Tangerang,Tangerang Pasir Jaya,2026-05-13 04:00:00,113,113,52,,59,63,0,65,,,,,
Bekasi,Bekasi Kayuringin,2026-05-13 04:00:00,77,77,42,,50,13,0,2,,,,,
Jakarta,The Pakubuwono Menteng,2026-05-13 04:51:49,138,138,53,96,,,,,54,30,,,
Depok,Cinere - Nafas,2026-05-13 04:51:57,205,205,106,173,,,,,0,0,,,
Bogor,Kabupaten Bogor Leuwiliang,2026-05-13 01:00:00,85,85,46,,4,9,0,80,,,,,
Tangerang,Tangerang Pasir Jaya,2026-05-13 04:00:00,113,113,52,,59,63,0,65,,,,,
Bekasi,Bekasi Kayuringin,2026-05-13 04:00:00,77,77,42,,50,13,0,2,,,,,
Jakarta,The Pakubuwono Menteng,2026-05-13 04:53:49,139,139,54,105,,,,,54,30.1,,,
Depok,Cinere - Nafas,2026-05-13 04:53:58,201,201,104,173,,,,,0,0,,,
Bogor,Kabupaten Bogor Leuwiliang,2026-05-13 01:00:00,85,85,46,,4,9,0,80,,,,,
Tangerang,Tangerang Pasir Jaya,2026-05-13 04:00:00,113,113,52,,59,63,0,65,,,,,
Bekasi,Bekasi Kayuringin,2026-05-13 04:00:00,77,77,42,,50,13,0,2,,,,,
Jakarta,The Pakubuwono Menteng,2026-05-13 04:54:49,151,151,57,112,,,,,54,30.1,,,
Depok,Cinere - Nafas,2026-05-13 04:54:57,200,200,103,172,,,,,0,0,,,
Bogor,Kabupaten Bogor Leuwiliang,2026-05-13 01:00:00,85,85,46,,4,9,0,80,,,,,
Tangerang,Tangerang Pasir Jaya,2026-05-13 04:00:00,113,113,52,,59,63,0,65,,,,,
Bekasi,Bekasi Kayuringin,2026-05-13 04:00:00,77,77,42,,50,13,0,2,,,,,
Jakarta,The Pakubuwono Menteng,2026-05-13 04:54:49,151,151,57,112,,,,,54,30.1,,,
Depok,Cinere - Nafas,2026-05-13 04:54:57,200,200,103,172,,,,,0,0,,,
Bogor,Kabupaten Bogor Leuwiliang,2026-05-13 01:00:00,85,85,46,,4,9,0,80,,,,,
Tangerang,Tangerang Pasir Jaya,2026-05-13 04:00:00,113,113,52,,59,63,0,65,,,,,
Bekasi,Bekasi Kayuringin,2026-05-13 04:00:00,77,77,42,,50,13,0,2,,,,,
Jakarta,The Pakubuwono Menteng,2026-05-13 04:56:49,143,143,55,104,,,,,54,30,,,
Depok,Cinere - Nafas,2026-05-13 04:56:57,201,201,105,173,,,,,0,0,,,
Bogor,Kabupaten Bogor Leuwiliang,2026-05-13 01:00:00,85,85,46,,4,9,0,80,,,,,
Tangerang,Tangerang Pasir Jaya,2026-05-13 04:00:00,113,113,52,,59,63,0,65,,,,,
Bekasi,Bekasi Kayuringin,2026-05-13 04:00:00,77,77,42,,50,13,0,2,,,,,
Jakarta,The Pakubuwono Menteng,2026-05-13 04:59:49,151,151,57,111,,,,,54,29.9,,,
Depok,Cinere - Nafas,2026-05-13 04:59:57,197,197,102,171,,,,,0,0,,,
Bogor,Kabupaten Bogor Leuwiliang,2026-05-13 01:00:00,-,85,46,,4,9,0,80,,,,,
Tangerang,Tangerang Pasir Jaya,2026-05-13 04:00:00,113,113,52,,59,63,0,65,,,,,
Bekasi,Bekasi Kayuringin,2026-05-13 04:00:00,77,77,42,,50,13,0,2,,,,,
Jakarta,The Pakubuwono Menteng,2026-05-13 04:59:49,151,151,57,111,,,,,54,29.9,,,
Depok,Cinere - Nafas,2026-05-13 04:59:57,197,197,102,171,,,,,0,0,,,
Bogor,Kabupaten Bogor Leuwiliang,2026-05-13 01:00:00,-,85,46,,4,9,0,80,,,,,
Tangerang,Tangerang Pasir Jaya,2026-05-13 04:00:00,113,113,52,,59,63,0,65,,,,,
Bekasi,Bekasi Kayuringin,2026-05-13 04:00:00,77,77,42,,50,13,0,2,,,,,
Jakarta,The Pakubuwono Menteng,2026-05-13 05:00:49,143,143,55,101,,,,,54,29.9,,,
Depok,Cinere - Nafas,2026-05-13 05:00:57,200,200,104,173,,,,,0,0,,,
Bogor,Kabupaten Bogor Leuwiliang,2026-05-13 01:00:00,-,85,46,,4,9,0,80,,,,,
Tangerang,Tangerang Pasir Jaya,2026-05-13 04:00:00,113,113,52,,59,63,0,65,,,,,
Bekasi,Bekasi Kayuringin,2026-05-13 04:00:00,77,77,42,,50,13,0,2,,,,,
Jakarta,The Pakubuwono Menteng,2026-05-13 05:02:49,146,146,56,113,,,,,54,29.9,,,
Depok,Cinere - Nafas,2026-05-13 05:02:57,200,200,104,173,,,,,0,0,,,
Bogor,Kabupaten Bogor Leuwiliang,2026-05-13 01:00:00,-,85,46,,4,9,0,80,,,,,
Tangerang,Tangerang Pasir Jaya,2026-05-13 04:00:00,113,113,52,,59,63,0,65,,,,,
Bekasi,Bekasi Kayuringin,2026-05-13 04:00:00,77,77,42,,50,13,0,2,,,,,
Jakarta,The Pakubuwono Menteng,2026-05-13 05:03:49,152,152,57,114,,,,,55,29.8,,,
Depok,Cinere - Nafas,2026-05-13 05:03:57,201,201,104,173,,,,,0,0,,,
Bogor,Kabupaten Bogor Leuwiliang,2026-05-13 01:00:00,-,85,46,,4,9,0,80,,,,,
Tangerang,Tangerang Pasir Jaya,2026-05-13 04:00:00,113,113,52,,59,63,0,65,,,,,
Bekasi,Bekasi Kayuringin,2026-05-13 04:00:00,77,77,42,,50,13,0,2,,,,,
Jakarta,The Pakubuwono Menteng,2026-05-13 05:03:49,152,152,57,114,,,,,55,29.8,,,
Depok,Cinere - Nafas,2026-05-13 05:03:57,201,201,104,173,,,,,0,0,,,
Bogor,Kabupaten Bogor Leuwiliang,2026-05-13 01:00:00,-,85,46,,4,9,0,80,,,,,
Tangerang,Tangerang Pasir Jaya,2026-05-13 04:00:00,113,113,52,,59,63,0,65,,,,,
Bekasi,Bekasi Kayuringin,2026-05-13 04:00:00,77,77,42,,50,13,0,2,,,,,
Jakarta,The Pakubuwono Menteng,2026-05-13 05:05:49,153,153,59,121,,,,,55,29.8,,,
Depok,Cinere - Nafas,2026-05-13 05:03:57,201,201,104,173,,,,,0,0,,,
Bogor,Kabupaten Bogor Leuwiliang,2026-05-13 01:00:00,-,85,46,,4,9,0,80,,,,,
Tangerang,Tangerang Pasir Jaya,2026-05-13 05:00:00,117,117,53,,59,63,0,65,,,,,
Bekasi,Bekasi Kayuringin,2026-05-13 05:00:00,78,78,42,,50,13,0,2,,,,,
Jakarta,The Pakubuwono Menteng,2026-05-13 05:06:49,151,151,57,113,,,,,55,29.7,,,
Depok,Cinere - Nafas,2026-05-13 05:06:18,201,201,106,173,,,,,0,0,,,
Bogor,Kabupaten Bogor Leuwiliang,2026-05-13 01:00:00,-,85,46,,4,9,0,80,,,,,
Tangerang,Tangerang Pasir Jaya,2026-05-13 05:00:00,117,117,53,,59,63,0,65,,,,,
Bekasi,Bekasi Kayuringin,2026-05-13 05:00:00,78,78,42,,50,13,0,2,,,,,
Jakarta,The Pakubuwono Menteng,2026-05-13 05:07:49,152,152,58,114,,,,,55,29.7,,,
Depok,Cinere - Nafas,2026-05-13 05:07:18,199,199,102,172,,,,,0,0,,,
Bogor,Kabupaten Bogor Leuwiliang,2026-05-13 01:00:00,-,85,46,,4,9,0,80,,,,,
Tangerang,Tangerang Pasir Jaya,2026-05-13 05:00:00,117,117,53,,59,63,0,65,,,,,
Bekasi,Bekasi Kayuringin,2026-05-13 05:00:00,78,78,42,,50,13,0,2,,,,,
Jakarta,The Pakubuwono Menteng,2026-05-13 05:07:49,152,152,58,114,,,,,55,29.7,,,
Depok,Cinere - Nafas,2026-05-13 05:07:18,199,199,102,172,,,,,0,0,,,
Bogor,Kabupaten Bogor Leuwiliang,2026-05-13 01:00:00,-,85,46,,4,9,0,80,,,,,
Tangerang,Tangerang Pasir Jaya,2026-05-13 05:00:00,117,117,53,,59,63,0,65,,,,,
Bekasi,Bekasi Kayuringin,2026-05-13 05:00:00,78,78,42,,50,13,0,2,,,,,
Jakarta,The Pakubuwono Menteng,2026-05-13 05:10:49,147,147,56,111,,,,,55,29.7,,,
Depok,Cinere - Nafas,2026-05-13 05:10:19,199,199,103,171,,,,,0,0,,,
Bogor,Kabupaten Bogor Leuwiliang,2026-05-13 01:00:00,-,85,46,,4,9,0,80,,,,,
Tangerang,Tangerang Pasir Jaya,2026-05-13 05:00:00,117,117,53,,59,63,0,65,,,,,
Bekasi,Bekasi Kayuringin,2026-05-13 05:00:00,78,78,42,,50,13,0,2,,,,,
Jakarta,The Pakubuwono Menteng,2026-05-13 05:12:49,150,150,57,110,,,,,55,29.6,,,
Depok,Cinere - Nafas,2026-05-13 05:12:19,197,197,102,172,,,,,0,0,,,
Bogor,Kabupaten Bogor Leuwiliang,2026-05-13 01:00:00,-,85,46,,4,9,0,80,,,,,
Tangerang,Tangerang Pasir Jaya,2026-05-13 05:00:00,117,117,53,,59,63,0,65,,,,,
Bekasi,Bekasi Kayuringin,2026-05-13 05:00:00,78,78,42,,50,13,0,2,,,,,
Jakarta,The Pakubuwono Menteng,2026-05-13 05:12:49,150,150,57,110,,,,,55,29.6,,,
Depok,Cinere - Nafas,2026-05-13 05:12:19,197,197,102,172,,,,,0,0,,,
Bogor,Kabupaten Bogor Leuwiliang,2026-05-13 01:00:00,-,85,46,,4,9,0,80,,,,,
Tangerang,Tangerang Pasir Jaya,2026-05-13 05:00:00,117,117,53,,59,63,0,65,,,,,
Bekasi,Bekasi Kayuringin,2026-05-13 05:00:00,78,78,42,,50,13,0,2,,,,,
Jakarta,The Pakubuwono Menteng,2026-05-13 05:13:49,151,151,57,110,,,,,55,29.6,,,
Depok,Cinere - Nafas,2026-05-13 05:13:41,197,197,104,171,,,,,0,0,,,
Bogor,Kabupaten Bogor Leuwiliang,2026-05-13 01:00:00,-,85,46,,4,9,0,80,,,,,
Tangerang,Tangerang Pasir Jaya,2026-05-13 05:00:00,117,117,53,,59,63,0,65,,,,,
Bekasi,Bekasi Kayuringin,2026-05-13 05:00:00,78,78,42,,50,13,0,2,,,,,
Jakarta,The Pakubuwono Menteng,2026-05-13 05:15:49,148,148,56,108,,,,,55,29.6,,,
Depok,Cinere - Nafas,2026-05-13 05:15:41,197,197,103,171,,,,,0,0,,,
Bogor,Kabupaten Bogor Leuwiliang,2026-05-13 01:00:00,-,85,46,,4,9,0,80,,,,,
Tangerang,Tangerang Pasir Jaya,2026-05-13 05:00:00,117,117,53,,59,63,0,65,,,,,
Bekasi,Bekasi Kayuringin,2026-05-13 05:00:00,78,78,42,,50,13,0,2,,,,,
Jakarta,The Pakubuwono Menteng,2026-05-13 05:15:49,148,148,56,108,,,,,55,29.6,,,
Depok,Cinere - Nafas,2026-05-13 05:15:41,197,197,103,171,,,,,0,0,,,
Bogor,Kabupaten Bogor Leuwiliang,2026-05-13 01:00:00,-,85,46,,4,9,0,80,,,,,
Tangerang,Tangerang Pasir Jaya,2026-05-13 05:00:00,117,117,53,,59,63,0,65,,,,,
Bekasi,Bekasi Kayuringin,2026-05-13 05:00:00,78,78,42,,50,13,0,2,,,,,
Jakarta,The Pakubuwono Menteng,2026-05-13 05:16:49,150,150,56,110,,,,,55,29.6,,,
Depok,Cinere - Nafas,2026-05-13 05:16:41,196,196,99,170,,,,,0,0,,,
Bogor,Kabupaten Bogor Leuwiliang,2026-05-13 01:00:00,-,85,46,,4,9,0,80,,,,,
Tangerang,Tangerang Pasir Jaya,2026-05-13 05:00:00,117,117,53,,59,63,0,65,,,,,
Bekasi,Bekasi Kayuringin,2026-05-13 05:00:00,78,78,42,,50,13,0,2,,,,,
Jakarta,The Pakubuwono Menteng,2026-05-13 05:18:49,150,150,56,110,,,,,55,29.6,,,
Depok,Cinere - Nafas,2026-05-13 05:18:41,196,196,99,170,,,,,0,0,,,
Bogor,Kabupaten Bogor Leuwiliang,2026-05-13 01:00:00,-,85,46,,4,9,0,80,,,,,
Tangerang,Tangerang Pasir Jaya,2026-05-13 05:00:00,117,117,53,,59,63,0,65,,,,,
Bekasi,Bekasi Kayuringin,2026-05-13 05:00:00,78,78,42,,50,13,0,2,,,,,
Jakarta,The Pakubuwono Menteng,2026-05-13 05:19:49,150,150,56,109,,,,,55,29.5,,,
Depok,Cinere - Nafas,2026-05-13 05:19:41,197,197,102,170,,,,,0,0,,,
Bogor,Kabupaten Bogor Leuwiliang,2026-05-13 01:00:00,-,85,46,,4,9,0,80,,,,,
Tangerang,Tangerang Pasir Jaya,2026-05-13 05:00:00,117,117,53,,59,63,0,65,,,,,
Bekasi,Bekasi Kayuringin,2026-05-13 05:00:00,78,78,42,,50,13,0,2,,,,,
Jakarta,The Pakubuwono Menteng,2026-05-13 05:21:49,151,151,58,111,,,,,55,29.5,,,
Depok,Cinere - Nafas,2026-05-13 05:21:41,195,195,100,170,,,,,0,0,,,
Bogor,Kabupaten Bogor Leuwiliang,2026-05-13 01:00:00,-,85,46,,4,9,0,80,,,,,
Tangerang,Tangerang Pasir Jaya,2026-05-13 05:00:00,117,117,53,,59,63,0,65,,,,,
Bekasi,Bekasi Kayuringin,2026-05-13 05:00:00,78,78,42,,50,13,0,2,,,,,
Jakarta,The Pakubuwono Menteng,2026-05-13 05:22:49,151,151,57,110,,,,,55,29.5,,,
Depok,Cinere - Nafas,2026-05-13 05:22:41,195,195,98,170,,,,,0,0,,,
Bogor,Kabupaten Bogor Leuwiliang,2026-05-13 01:00:00,-,85,46,,4,9,0,80,,,,,
Tangerang,Tangerang Pasir Jaya,2026-05-13 05:00:00,117,117,53,,59,63,0,65,,,,,
Bekasi,Bekasi Kayuringin,2026-05-13 05:00:00,78,78,42,,50,13,0,2,,,,,
Jakarta,The Pakubuwono Menteng,2026-05-13 05:22:49,151,151,57,110,,,,,55,29.5,,,
Depok,Cinere - Nafas,2026-05-13 05:22:41,195,195,98,170,,,,,0,0,,,
Bogor,Kabupaten Bogor Leuwiliang,2026-05-13 01:00:00,-,85,46,,4,9,0,80,,,,,
Tangerang,Tangerang Pasir Jaya,2026-05-13 05:00:00,117,117,53,,59,63,0,65,,,,,
Bekasi,Bekasi Kayuringin,2026-05-13 05:00:00,78,78,42,,50,13,0,2,,,,,
Jakarta,The Pakubuwono Menteng,2026-05-13 05:24:49,147,147,57,104,,,,,55,29.5,,,
Depok,Cinere - Nafas,2026-05-13 05:24:41,196,196,100,170,,,,,0,0,,,
Bogor,Kabupaten Bogor Leuwiliang,2026-05-13 01:00:00,-,85,46,,4,9,0,80,,,,,
Tangerang,Tangerang Pasir Jaya,2026-05-13 05:00:00,117,117,53,,59,63,0,65,,,,,
Bekasi,Bekasi Kayuringin,2026-05-13 05:00:00,78,78,42,,50,13,0,2,,,,,
Jakarta,The Pakubuwono Menteng,2026-05-13 05:25:49,138,138,54,100,,,,,55,29.6,,,
Depok,Cinere - Nafas,2026-05-13 05:25:41,194,194,98,169,,,,,0,0,,,
Bogor,Kabupaten Bogor Leuwiliang,2026-05-13 01:00:00,-,85,46,,4,9,0,80,,,,,
Tangerang,Tangerang Pasir Jaya,2026-05-13 05:00:00,117,117,53,,59,63,0,65,,,,,
Bekasi,Bekasi Kayuringin,2026-05-13 05:00:00,78,78,42,,50,13,0,2,,,,,
Jakarta,The Pakubuwono Menteng,2026-05-13 05:27:49,141,141,55,103,,,,,55,29.5,,,
Depok,Cinere - Nafas,2026-05-13 05:27:41,194,194,98,169,,,,,0,0,,,
Bogor,Kabupaten Bogor Leuwiliang,2026-05-13 01:00:00,-,85,46,,4,9,0,80,,,,,
Tangerang,Tangerang Pasir Jaya,2026-05-13 05:00:00,117,117,53,,59,63,0,65,,,,,
Bekasi,Bekasi Kayuringin,2026-05-13 05:00:00,78,78,42,,50,13,0,2,,,,,
Jakarta,The Pakubuwono Menteng,2026-05-13 05:27:49,141,141,55,103,,,,,55,29.5,,,
Depok,Cinere - Nafas,2026-05-13 05:27:41,194,194,98,169,,,,,0,0,,,
Bogor,Kabupaten Bogor Leuwiliang,2026-05-13 01:00:00,-,85,46,,4,9,0,80,,,,,
Tangerang,Tangerang Pasir Jaya,2026-05-13 05:00:00,117,117,53,,59,63,0,65,,,,,
Bekasi,Bekasi Kayuringin,2026-05-13 05:00:00,78,78,42,,50,13,0,2,,,,,
Jakarta,The Pakubuwono Menteng,2026-05-13 05:28:49,135,135,53,95,,,,,55,29.5,,,
Depok,Cinere - Nafas,2026-05-13 05:28:41,194,194,97,168,,,,,0,0,,,
Bogor,Kabupaten Bogor Leuwiliang,2026-05-13 01:00:00,-,85,46,,4,9,0,80,,,,,
Tangerang,Tangerang Pasir Jaya,2026-05-13 05:00:00,117,117,53,,59,63,0,65,,,,,
Bekasi,Bekasi Kayuringin,2026-05-13 05:00:00,78,78,42,,50,13,0,2,,,,,
Jakarta,The Pakubuwono Menteng,2026-05-13 05:30:50,136,136,53,96,,,,,55,29.6,,,
Depok,Cinere - Nafas,2026-05-13 05:31:41,193,193,97,168,,,,,0,0,,,
Bogor,Kabupaten Bogor Leuwiliang,2026-05-13 01:00:00,-,85,46,,4,9,0,80,,,,,
Tangerang,Tangerang Pasir Jaya,2026-05-13 05:00:00,117,117,53,,59,63,0,65,,,,,
Bekasi,Bekasi Kayuringin,2026-05-13 05:00:00,78,78,42,,50,13,0,2,,,,,
Jakarta,The Pakubuwono Menteng,2026-05-13 05:31:49,138,138,54,98,,,,,55,29.6,,,
Depok,Cinere - Nafas,2026-05-13 05:31:41,193,193,97,168,,,,,0,0,,,
Bogor,Kabupaten Bogor Leuwiliang,2026-05-13 01:00:00,-,85,46,,4,9,0,80,,,,,
Tangerang,Tangerang Pasir Jaya,2026-05-13 05:00:00,117,117,53,,59,63,0,65,,,,,
Bekasi,Bekasi Kayuringin,2026-05-13 05:00:00,78,78,42,,50,13,0,2,,,,,
Jakarta,The Pakubuwono Menteng,2026-05-13 05:33:50,150,150,57,109,,,,,55,29.6,,,
Depok,Cinere - Nafas,2026-05-13 05:33:41,192,192,96,168,,,,,0,0,,,
Bogor,Kabupaten Bogor Leuwiliang,2026-05-13 01:00:00,-,85,46,,4,9,0,80,,,,,
Tangerang,Tangerang Pasir Jaya,2026-05-13 05:00:00,117,117,53,,59,63,0,65,,,,,
Bekasi,Bekasi Kayuringin,2026-05-13 05:00:00,78,78,42,,50,13,0,2,,,,,
Jakarta,The Pakubuwono Menteng,2026-05-13 05:34:50,141,141,55,100,,,,,55,29.6,,,
Depok,Cinere - Nafas,2026-05-13 05:34:41,191,191,95,167,,,,,0,0,,,
Bogor,Kabupaten Bogor Leuwiliang,2026-05-13 01:00:00,-,85,46,,4,9,0,80,,,,,
Tangerang,Tangerang Pasir Jaya,2026-05-13 05:00:00,117,117,53,,59,63,0,65,,,,,
Bekasi,Bekasi Kayuringin,2026-05-13 05:00:00,78,78,42,,50,13,0,2,,,,,
Jakarta,The Pakubuwono Menteng,2026-05-13 05:35:50,136,136,53,96,,,,,55,29.6,,,
Depok,Cinere - Nafas,2026-05-13 05:35:41,192,192,95,167,,,,,0,0,,,
Bogor,Kabupaten Bogor Leuwiliang,2026-05-13 01:00:00,-,85,46,,4,9,0,80,,,,,
Tangerang,Tangerang Pasir Jaya,2026-05-13 05:00:00,117,117,53,,59,63,0,65,,,,,
Bekasi,Bekasi Kayuringin,2026-05-13 05:00:00,78,78,42,,50,13,0,2,,,,,
Jakarta,The Pakubuwono Menteng,2026-05-13 05:35:50,136,136,53,96,,,,,55,29.6,,,
Depok,Cinere - Nafas,2026-05-13 05:35:41,192,192,95,167,,,,,0,0,,,
Bogor,Kabupaten Bogor Leuwiliang,2026-05-13 01:00:00,-,85,46,,4,9,0,80,,,,,
Tangerang,Tangerang Pasir Jaya,2026-05-13 05:00:00,117,117,53,,59,63,0,65,,,,,
Bekasi,Bekasi Kayuringin,2026-05-13 05:00:00,78,78,42,,50,13,0,2,,,,,
Jakarta,The Pakubuwono Menteng,2026-05-13 05:37:50,150,150,56,108,,,,,55,29.7,,,
Depok,Cinere - Nafas,2026-05-13 05:37:42,192,192,96,167,,,,,0,0,,,
Bogor,Kabupaten Bogor Leuwiliang,2026-05-13 01:00:00,-,85,46,,4,9,0,80,,,,,
Tangerang,Tangerang Pasir Jaya,2026-05-13 05:00:00,117,117,53,,59,63,0,65,,,,,
Bekasi,Bekasi Kayuringin,2026-05-13 05:00:00,78,78,42,,50,13,0,2,,,,,
Jakarta,The Pakubuwono Menteng,2026-05-13 05:38:50,140,140,55,106,,,,,55,29.7,,,
Depok,Cinere - Nafas,2026-05-13 05:38:42,193,193,97,168,,,,,0,0,,,
Bogor,Kabupaten Bogor Leuwiliang,2026-05-13 01:00:00,-,85,46,,4,9,0,80,,,,,
Tangerang,Tangerang Pasir Jaya,2026-05-13 05:00:00,117,117,53,,59,63,0,65,,,,,
Bekasi,Bekasi Kayuringin,2026-05-13 05:00:00,78,78,42,,50,13,0,2,,,,,
Jakarta,The Pakubuwono Menteng,2026-05-13 05:39:50,138,138,55,99,,,,,55,29.7,,,
Depok,Cinere - Nafas,2026-05-13 05:40:43,191,191,94,167,,,,,0,0,,,
Bogor,Kabupaten Bogor Leuwiliang,2026-05-13 01:00:00,-,85,46,,4,9,0,80,,,,,
Tangerang,Tangerang Pasir Jaya,2026-05-13 05:00:00,117,117,53,,59,63,0,65,,,,,
Bekasi,Bekasi Kayuringin,2026-05-13 05:00:00,78,78,42,,50,13,0,2,,,,,
Jakarta,The Pakubuwono Menteng,2026-05-13 05:41:50,149,149,56,104,,,,,55,29.7,,,
Depok,Cinere - Nafas,2026-05-13 05:41:42,193,193,97,167,,,,,0,0,,,
Bogor,Kabupaten Bogor Leuwiliang,2026-05-13 01:00:00,-,85,46,,4,9,0,80,,,,,
Tangerang,Tangerang Pasir Jaya,2026-05-13 05:00:00,117,117,53,,59,63,0,65,,,,,
Bekasi,Bekasi Kayuringin,2026-05-13 05:00:00,78,78,42,,50,13,0,2,,,,,
Jakarta,The Pakubuwono Menteng,2026-05-13 05:43:50,135,135,53,95,,,,,55,29.8,,,
Depok,Cinere - Nafas,2026-05-13 05:43:42,191,191,95,166,,,,,0,0,,,
Bogor,Kabupaten Bogor Leuwiliang,2026-05-13 01:00:00,-,85,46,,4,9,0,80,,,,,
Tangerang,Tangerang Pasir Jaya,2026-05-13 05:00:00,117,117,53,,59,63,0,65,,,,,
Bekasi,Bekasi Kayuringin,2026-05-13 05:00:00,78,78,42,,50,13,0,2,,,,,
Jakarta,The Pakubuwono Menteng,2026-05-13 05:44:50,137,137,54,96,,,,,55,29.7,,,
Depok,Cinere - Nafas,2026-05-13 05:44:42,189,189,94,166,,,,,0,0,,,
Bogor,Kabupaten Bogor Leuwiliang,2026-05-13 01:00:00,-,85,46,,4,9,0,80,,,,,
Tangerang,Tangerang Pasir Jaya,2026-05-13 05:00:00,117,117,53,,59,63,0,65,,,,,
Bekasi,Bekasi Kayuringin,2026-05-13 05:00:00,78,78,42,,50,13,0,2,,,,,
Jakarta,The Pakubuwono Menteng,2026-05-13 05:44:50,137,137,54,96,,,,,55,29.7,,,
Depok,Cinere - Nafas,2026-05-13 05:44:42,189,189,94,166,,,,,0,0,,,
Bogor,Kabupaten Bogor Leuwiliang,2026-05-13 01:00:00,-,85,46,,4,9,0,80,,,,,
Tangerang,Tangerang Pasir Jaya,2026-05-13 05:00:00,117,117,53,,59,63,0,65,,,,,
Bekasi,Bekasi Kayuringin,2026-05-13 05:00:00,78,78,42,,50,13,0,2,,,,,
Jakarta,The Pakubuwono Menteng,2026-05-13 05:46:50,143,143,56,105,,,,,55,29.7,,,
Depok,Cinere - Nafas,2026-05-13 05:46:42,191,191,94,167,,,,,0,0,,,
Bogor,Kabupaten Bogor Leuwiliang,2026-05-13 01:00:00,-,85,46,,4,9,0,80,,,,,
Tangerang,Tangerang Pasir Jaya,2026-05-13 05:00:00,117,117,53,,59,63,0,65,,,,,
Bekasi,Bekasi Kayuringin,2026-05-13 05:00:00,78,78,42,,50,13,0,2,,,,,
Jakarta,The Pakubuwono Menteng,2026-05-13 05:47:50,143,143,56,103,,,,,55,29.7,,,
Depok,Cinere - Nafas,2026-05-13 05:47:42,192,192,95,168,,,,,0,0,,,
Bogor,Kabupaten Bogor Leuwiliang,2026-05-13 01:00:00,-,85,46,,4,9,0,80,,,,,
Tangerang,Tangerang Pasir Jaya,2026-05-13 05:00:00,117,117,53,,59,63,0,65,,,,,
Bekasi,Bekasi Kayuringin,2026-05-13 05:00:00,78,78,42,,50,13,0,2,,,,,
Jakarta,The Pakubuwono Menteng,2026-05-13 05:49:50,142,142,56,104,,,,,55,29.7,,,
Depok,Cinere - Nafas,2026-05-13 05:49:42,191,191,94,166,,,,,0,0,,,
Bogor,Kabupaten Bogor Leuwiliang,2026-05-13 01:00:00,-,85,46,,4,9,0,80,,,,,
Tangerang,Tangerang Pasir Jaya,2026-05-13 05:00:00,117,117,53,,59,63,0,65,,,,,
Bekasi,Bekasi Kayuringin,2026-05-13 05:00:00,78,78,42,,50,13,0,2,,,,,
Jakarta,The Pakubuwono Menteng,2026-05-13 05:49:50,142,142,56,104,,,,,55,29.7,,,
Depok,Cinere - Nafas,2026-05-13 05:49:42,191,191,94,166,,,,,0,0,,,
Bogor,Kabupaten Bogor Leuwiliang,2026-05-13 01:00:00,-,85,46,,4,9,0,80,,,,,
Tangerang,Tangerang Pasir Jaya,2026-05-13 05:00:00,117,117,53,,59,63,0,65,,,,,
Bekasi,Bekasi Kayuringin,2026-05-13 05:00:00,78,78,42,,50,13,0,2,,,,,
Jakarta,The Pakubuwono Menteng,2026-05-13 05:50:50,140,140,56,104,,,,,55,29.7,,,
Depok,Cinere - Nafas,2026-05-13 05:50:42,192,192,96,167,,,,,0,0,,,
Bogor,Kabupaten Bogor Leuwiliang,2026-05-13 01:00:00,-,85,46,,4,9,0,80,,,,,
Tangerang,Tangerang Pasir Jaya,2026-05-13 05:00:00,117,117,53,,59,63,0,65,,,,,
Bekasi,Bekasi Kayuringin,2026-05-13 05:00:00,78,78,42,,50,13,0,2,,,,,
Jakarta,The Pakubuwono Menteng,2026-05-13 05:50:50,140,140,56,104,,,,,55,29.7,,,
Depok,Cinere - Nafas,2026-05-13 05:50:42,192,192,96,167,,,,,0,0,,,
Bogor,Kabupaten Bogor Leuwiliang,2026-05-13 01:00:00,-,85,46,,4,9,0,80,,,,,
Tangerang,Tangerang Pasir Jaya,2026-05-13 05:00:00,117,117,53,,59,63,0,65,,,,,
Bekasi,Bekasi Kayuringin,2026-05-13 05:00:00,78,78,42,,50,13,0,2,,,,,
Jakarta,The Pakubuwono Menteng,2026-05-13 05:51:50,135,135,53,97,,,,,55,29.7,,,
Depok,Cinere - Nafas,2026-05-13 05:51:42,191,191,94,166,,,,,0,0,,,
Bogor,Kabupaten Bogor Leuwiliang,2026-05-13 01:00:00,-,85,46,,4,9,0,80,,,,,
Tangerang,Tangerang Pasir Jaya,2026-05-13 05:00:00,117,117,53,,59,63,0,65,,,,,
Bekasi,Bekasi Kayuringin,2026-05-13 05:00:00,78,78,42,,50,13,0,2,,,,,
Jakarta,The Pakubuwono Menteng,2026-05-13 05:55:50,133,133,53,92,,,,,55,29.7,,,
Depok,Cinere - Nafas,2026-05-13 05:55:42,192,192,95,166,,,,,0,0,,,
Bogor,Kabupaten Bogor Leuwiliang,2026-05-13 01:00:00,-,85,46,,4,9,0,80,,,,,
Tangerang,Tangerang Pasir Jaya,2026-05-13 05:00:00,117,117,53,,59,63,0,65,,,,,
Bekasi,Bekasi Kayuringin,2026-05-13 05:00:00,78,78,42,,50,13,0,2,,,,,
Jakarta,The Pakubuwono Menteng,2026-05-13 05:56:52,130,130,51,93,,,,,55,29.7,,,
Depok,Cinere - Nafas,2026-05-13 05:56:42,191,191,95,168,,,,,0,0,,,
Bogor,Kabupaten Bogor Leuwiliang,2026-05-13 01:00:00,-,85,46,,4,9,0,80,,,,,
Tangerang,Tangerang Pasir Jaya,2026-05-13 05:00:00,117,117,53,,59,63,0,65,,,,,
Bekasi,Bekasi Kayuringin,2026-05-13 05:00:00,78,78,42,,50,13,0,2,,,,,
Jakarta,The Pakubuwono Menteng,2026-05-13 05:56:52,130,130,51,93,,,,,55,29.7,,,
Depok,Cinere - Nafas,2026-05-13 05:56:42,191,191,95,168,,,,,0,0,,,
Bogor,Kabupaten Bogor Leuwiliang,2026-05-13 01:00:00,-,85,46,,4,9,0,80,,,,,
Tangerang,Tangerang Pasir Jaya,2026-05-13 05:00:00,117,117,53,,59,63,0,65,,,,,
Bekasi,Bekasi Kayuringin,2026-05-13 05:00:00,78,78,42,,50,13,0,2,,,,,
Jakarta,The Pakubuwono Menteng,2026-05-13 05:57:50,125,125,51,93,,,,,55,29.8,,,
Depok,Cinere - Nafas,2026-05-13 05:57:42,191,191,93,167,,,,,0,0,,,
Bogor,Kabupaten Bogor Leuwiliang,2026-05-13 01:00:00,-,85,46,,4,9,0,80,,,,,
Tangerang,Tangerang Pasir Jaya,2026-05-13 05:00:00,117,117,53,,59,63,0,65,,,,,
Bekasi,Bekasi Kayuringin,2026-05-13 05:00:00,78,78,42,,50,13,0,2,,,,,
Jakarta,The Pakubuwono Menteng,2026-05-13 05:59:51,130,130,52,95,,,,,54,29.8,,,
Depok,Cinere - Nafas,2026-05-13 05:59:42,192,192,98,168,,,,,0,0,,,
Bogor,Kabupaten Bogor Leuwiliang,2026-05-13 01:00:00,-,85,46,,4,9,0,80,,,,,
Tangerang,Tangerang Pasir Jaya,2026-05-13 05:00:00,117,117,53,,59,63,0,65,,,,,
Bekasi,Bekasi Kayuringin,2026-05-13 05:00:00,78,78,42,,50,13,0,2,,,,,
Jakarta,The Pakubuwono Menteng,2026-05-13 06:00:51,126,126,51,94,,,,,54,29.8,,,
Depok,Cinere - Nafas,2026-05-13 06:00:42,193,193,97,168,,,,,0,0,,,
Bogor,Kabupaten Bogor Leuwiliang,2026-05-13 01:00:00,-,85,46,,4,9,0,80,,,,,
Tangerang,Tangerang Pasir Jaya,2026-05-13 05:00:00,117,117,53,,59,63,0,65,,,,,
Bekasi,Bekasi Kayuringin,2026-05-13 05:00:00,78,78,42,,50,13,0,2,,,,,
Jakarta,The Pakubuwono Menteng,2026-05-13 06:02:50,128,128,51,94,,,,,54,29.9,,,
Depok,Cinere - Nafas,2026-05-13 06:02:42,193,193,96,168,,,,,0,0,,,
Bogor,Kabupaten Bogor Leuwiliang,2026-05-13 01:00:00,-,85,46,,4,9,0,80,,,,,
Tangerang,Tangerang Pasir Jaya,2026-05-13 05:00:00,117,117,53,,59,63,0,65,,,,,
Bekasi,Bekasi Kayuringin,2026-05-13 05:00:00,78,78,42,,50,13,0,2,,,,,
Jakarta,The Pakubuwono Menteng,2026-05-13 06:03:50,124,124,49,89,,,,,54,29.9,,,
Depok,Cinere - Nafas,2026-05-13 06:03:42,193,193,99,169,,,,,0,0,,,
Bogor,Kabupaten Bogor Leuwiliang,2026-05-13 01:00:00,-,85,46,,4,9,0,80,,,,,
Tangerang,Tangerang Pasir Jaya,2026-05-13 05:00:00,117,117,53,,59,63,0,65,,,,,
Bekasi,Bekasi Kayuringin,2026-05-13 05:00:00,78,78,42,,50,13,0,2,,,,,
Jakarta,The Pakubuwono Menteng,2026-05-13 06:03:50,124,124,49,89,,,,,54,29.9,,,
Depok,Cinere - Nafas,2026-05-13 06:03:42,193,193,99,169,,,,,0,0,,,
Bogor,Kabupaten Bogor Leuwiliang,2026-05-13 01:00:00,-,85,46,,4,9,0,80,,,,,
Tangerang,Tangerang Pasir Jaya,2026-05-13 05:00:00,117,117,53,,59,63,0,65,,,,,
Bekasi,Bekasi Kayuringin,2026-05-13 05:00:00,78,78,42,,50,13,0,2,,,,,
Jakarta,The Pakubuwono Menteng,2026-05-13 06:05:50,123,123,50,90,,,,,54,30,,,
Depok,Cinere - Nafas,2026-05-13 06:05:42,191,191,95,168,,,,,0,0,,,
Bogor,Kabupaten Bogor Leuwiliang,2026-05-13 01:00:00,-,85,46,,4,9,0,80,,,,,
Tangerang,Tangerang Pasir Jaya,2026-05-13 06:00:00,124,124,54,,59,63,0,65,,,,,
Bekasi,Bekasi Kayuringin,2026-05-13 06:00:00,80,80,43,,50,13,0,2,,,,,
Jakarta,The Pakubuwono Menteng,2026-05-13 06:07:50,126,126,51,93,,,,,54,30,,,
Depok,Cinere - Nafas,2026-05-13 06:07:42,193,193,97,168,,,,,0,0,,,
Bogor,Kabupaten Bogor Leuwiliang,2026-05-13 01:00:00,-,85,46,,4,9,0,80,,,,,
Tangerang,Tangerang Pasir Jaya,2026-05-13 06:00:00,124,124,54,,59,63,0,65,,,,,
Bekasi,Bekasi Kayuringin,2026-05-13 06:00:00,80,80,43,,50,13,0,2,,,,,
Jakarta,The Pakubuwono Menteng,2026-05-13 06:08:50,125,125,50,91,,,,,54,30,,,
Depok,Cinere - Nafas,2026-05-13 06:08:42,193,193,96,169,,,,,0,0,,,
Bogor,Kabupaten Bogor Leuwiliang,2026-05-13 01:00:00,-,85,46,,4,9,0,80,,,,,
Tangerang,Tangerang Pasir Jaya,2026-05-13 06:00:00,124,124,54,,59,63,0,65,,,,,
Bekasi,Bekasi Kayuringin,2026-05-13 06:00:00,80,80,43,,50,13,0,2,,,,,
Jakarta,The Pakubuwono Menteng,2026-05-13 06:08:50,125,125,50,91,,,,,54,30,,,
Depok,Cinere - Nafas,2026-05-13 06:08:42,193,193,96,169,,,,,0,0,,,
Bogor,Kabupaten Bogor Leuwiliang,2026-05-13 01:00:00,-,85,46,,4,9,0,80,,,,,
Tangerang,Tangerang Pasir Jaya,2026-05-13 06:00:00,124,124,54,,59,63,0,65,,,,,
Bekasi,Bekasi Kayuringin,2026-05-13 06:00:00,80,80,43,,50,13,0,2,,,,,
Jakarta,The Pakubuwono Menteng,2026-05-13 06:10:50,131,131,53,95,,,,,54,30,,,
Depok,Cinere - Nafas,2026-05-13 06:10:42,190,190,95,167,,,,,0,0,,,
Bogor,Kabupaten Bogor Leuwiliang,2026-05-13 01:00:00,-,85,46,,4,9,0,80,,,,,
Tangerang,Tangerang Pasir Jaya,2026-05-13 06:00:00,124,124,54,,59,63,0,65,,,,,
Bekasi,Bekasi Kayuringin,2026-05-13 06:00:00,80,80,43,,50,13,0,2,,,,,
Jakarta,The Pakubuwono Menteng,2026-05-13 06:11:50,131,131,53,96,,,,,54,30,,,
Depok,Cinere - Nafas,2026-05-13 06:11:42,191,191,95,167,,,,,0,0,,,
Bogor,Kabupaten Bogor Leuwiliang,2026-05-13 01:00:00,-,85,46,,4,9,0,80,,,,,
Tangerang,Tangerang Pasir Jaya,2026-05-13 06:00:00,124,124,54,,59,63,0,65,,,,,
Bekasi,Bekasi Kayuringin,2026-05-13 06:00:00,80,80,43,,50,13,0,2,,,,,
Jakarta,The Pakubuwono Menteng,2026-05-13 06:13:51,131,131,53,95,,,,,54,30,,,
Depok,Cinere - Nafas,2026-05-13 06:13:45,187,187,89,164,,,,,0,0,,,
Bogor,Kabupaten Bogor Leuwiliang,2026-05-13 01:00:00,-,85,46,,4,9,0,80,,,,,
Tangerang,Tangerang Pasir Jaya,2026-05-13 06:00:00,124,124,54,,59,63,0,65,,,,,
Bekasi,Bekasi Kayuringin,2026-05-13 06:00:00,80,80,43,,50,13,0,2,,,,,
Jakarta,The Pakubuwono Menteng,2026-05-13 06:14:51,130,130,52,94,,,,,54,30,,,
Depok,Cinere - Nafas,2026-05-13 06:14:46,189,189,92,165,,,,,0,0,,,
Bogor,Kabupaten Bogor Leuwiliang,2026-05-13 01:00:00,-,85,46,,4,9,0,80,,,,,
Tangerang,Tangerang Pasir Jaya,2026-05-13 06:00:00,124,124,54,,59,63,0,65,,,,,
Bekasi,Bekasi Kayuringin,2026-05-13 06:00:00,80,80,43,,50,13,0,2,,,,,
Jakarta,The Pakubuwono Menteng,2026-05-13 06:15:51,131,131,52,94,,,,,54,30,,,
Depok,Cinere - Nafas,2026-05-13 06:16:45,186,186,90,164,,,,,0,0,,,
Bogor,Kabupaten Bogor Leuwiliang,2026-05-13 01:00:00,-,85,46,,4,9,0,80,,,,,
Tangerang,Tangerang Pasir Jaya,2026-05-13 06:00:00,124,124,54,,59,63,0,65,,,,,
Bekasi,Bekasi Kayuringin,2026-05-13 06:00:00,80,80,43,,50,13,0,2,,,,,
Jakarta,The Pakubuwono Menteng,2026-05-13 06:15:51,131,131,52,94,,,,,54,30,,,
Depok,Cinere - Nafas,2026-05-13 06:16:45,186,186,90,164,,,,,0,0,,,
Bogor,Kabupaten Bogor Leuwiliang,2026-05-13 01:00:00,-,85,46,,4,9,0,80,,,,,
Tangerang,Tangerang Pasir Jaya,2026-05-13 06:00:00,124,124,54,,59,63,0,65,,,,,
Bekasi,Bekasi Kayuringin,2026-05-13 06:00:00,80,80,43,,50,13,0,2,,,,,
Jakarta,The Pakubuwono Menteng,2026-05-13 06:17:50,128,128,52,94,,,,,54,30,,,
Depok,Cinere - Nafas,2026-05-13 06:17:45,187,187,91,164,,,,,0,0,,,
Bogor,Kabupaten Bogor Leuwiliang,2026-05-13 01:00:00,-,85,46,,4,9,0,80,,,,,
Tangerang,Tangerang Pasir Jaya,2026-05-13 06:00:00,124,124,54,,59,63,0,65,,,,,
Bekasi,Bekasi Kayuringin,2026-05-13 06:00:00,80,80,43,,50,13,0,2,,,,,
Jakarta,The Pakubuwono Menteng,2026-05-13 06:18:50,136,136,53,96,,,,,54,30,,,
Depok,Cinere - Nafas,2026-05-13 06:18:45,188,188,91,166,,,,,0,0,,,
Bogor,Kabupaten Bogor Leuwiliang,2026-05-13 01:00:00,-,85,46,,4,9,0,80,,,,,
Tangerang,Tangerang Pasir Jaya,2026-05-13 06:00:00,124,124,54,,59,63,0,65,,,,,
Bekasi,Bekasi Kayuringin,2026-05-13 06:00:00,80,80,43,,50,13,0,2,,,,,
Jakarta,The Pakubuwono Menteng,2026-05-13 06:18:50,136,136,53,96,,,,,54,30,,,
Depok,Cinere - Nafas,2026-05-13 06:18:45,188,188,91,166,,,,,0,0,,,
Bogor,Kabupaten Bogor Leuwiliang,2026-05-13 01:00:00,-,85,46,,4,9,0,80,,,,,
Tangerang,Tangerang Pasir Jaya,2026-05-13 06:00:00,124,124,54,,59,63,0,65,,,,,
Bekasi,Bekasi Kayuringin,2026-05-13 06:00:00,80,80,43,,50,13,0,2,,,,,
Jakarta,The Pakubuwono Menteng,2026-05-13 06:20:51,133,133,53,93,,,,,54,30,,,
Depok,Cinere - Nafas,2026-05-13 06:20:45,188,188,90,164,,,,,0,0,,,
Bogor,Kabupaten Bogor Leuwiliang,2026-05-13 01:00:00,-,85,46,,4,9,0,80,,,,,
Tangerang,Tangerang Pasir Jaya,2026-05-13 06:00:00,124,124,54,,59,63,0,65,,,,,
Bekasi,Bekasi Kayuringin,2026-05-13 06:00:00,80,80,43,,50,13,0,2,,,,,
Jakarta,The Pakubuwono Menteng,2026-05-13 06:22:51,136,136,53,96,,,,,54,30,,,
Depok,Cinere - Nafas,2026-05-13 06:22:45,190,190,95,166,,,,,0,0,,,
Bogor,Kabupaten Bogor Leuwiliang,2026-05-13 01:00:00,-,85,46,,4,9,0,80,,,,,
Tangerang,Tangerang Pasir Jaya,2026-05-13 06:00:00,124,124,54,,59,63,0,65,,,,,
Bekasi,Bekasi Kayuringin,2026-05-13 06:00:00,80,80,43,,50,13,0,2,,,,,
Jakarta,The Pakubuwono Menteng,2026-05-13 06:23:51,136,136,53,96,,,,,54,30,,,
Depok,Cinere - Nafas,2026-05-13 06:23:45,190,190,94,166,,,,,0,0,,,
Bogor,Kabupaten Bogor Leuwiliang,2026-05-13 01:00:00,-,85,46,,4,9,0,80,,,,,
Tangerang,Tangerang Pasir Jaya,2026-05-13 06:00:00,124,124,54,,59,63,0,65,,,,,
Bekasi,Bekasi Kayuringin,2026-05-13 06:00:00,80,80,43,,50,13,0,2,,,,,
Jakarta,The Pakubuwono Menteng,2026-05-13 06:25:51,136,136,53,97,,,,,54,30,,,
Depok,Cinere - Nafas,2026-05-13 06:25:45,190,190,94,167,,,,,0,0,,,
Bogor,Kabupaten Bogor Leuwiliang,2026-05-13 01:00:00,-,85,46,,4,9,0,80,,,,,
Tangerang,Tangerang Pasir Jaya,2026-05-13 06:00:00,124,124,54,,59,63,0,65,,,,,
Bekasi,Bekasi Kayuringin,2026-05-13 06:00:00,80,80,43,,50,13,0,2,,,,,
Jakarta,The Pakubuwono Menteng,2026-05-13 06:27:51,139,139,54,99,,,,,54,30,,,
Depok,Cinere - Nafas,2026-05-13 06:27:46,189,189,92,166,,,,,0,0,,,
Bogor,Kabupaten Bogor Leuwiliang,2026-05-13 01:00:00,-,85,46,,4,9,0,80,,,,,
Tangerang,Tangerang Pasir Jaya,2026-05-13 06:00:00,124,124,54,,59,63,0,65,,,,,
Bekasi,Bekasi Kayuringin,2026-05-13 06:00:00,80,80,43,,50,13,0,2,,,,,
Jakarta,The Pakubuwono Menteng,2026-05-13 06:27:51,139,139,54,99,,,,,54,30,,,
Depok,Cinere - Nafas,2026-05-13 06:27:46,189,189,92,166,,,,,0,0,,,
Bogor,Kabupaten Bogor Leuwiliang,2026-05-13 01:00:00,-,85,46,,4,9,0,80,,,,,
Tangerang,Tangerang Pasir Jaya,2026-05-13 06:00:00,124,124,54,,59,63,0,65,,,,,
Bekasi,Bekasi Kayuringin,2026-05-13 06:00:00,80,80,43,,50,13,0,2,,,,,
Jakarta,The Pakubuwono Menteng,2026-05-13 06:28:51,134,134,53,95,,,,,54,30,,,
Depok,Cinere - Nafas,2026-05-13 06:28:46,189,189,92,166,,,,,0,0,,,
Bogor,Kabupaten Bogor Leuwiliang,2026-05-13 01:00:00,-,85,46,,4,9,0,80,,,,,
Tangerang,Tangerang Pasir Jaya,2026-05-13 06:00:00,124,124,54,,59,63,0,65,,,,,
Bekasi,Bekasi Kayuringin,2026-05-13 06:00:00,80,80,43,,50,13,0,2,,,,,
Jakarta,The Pakubuwono Menteng,2026-05-13 06:29:51,135,135,53,96,,,,,54,30,,,
Depok,Cinere - Nafas,2026-05-13 06:29:45,189,189,94,166,,,,,0,0,,,
Bogor,Kabupaten Bogor Leuwiliang,2026-05-13 01:00:00,-,85,46,,4,9,0,80,,,,,
Tangerang,Tangerang Pasir Jaya,2026-05-13 06:00:00,124,124,54,,59,63,0,65,,,,,
Bekasi,Bekasi Kayuringin,2026-05-13 06:00:00,80,80,43,,50,13,0,2,,,,,
Jakarta,The Pakubuwono Menteng,2026-05-13 06:29:51,135,135,53,96,,,,,54,30,,,
Depok,Cinere - Nafas,2026-05-13 06:29:45,189,189,94,166,,,,,0,0,,,
Bogor,Kabupaten Bogor Leuwiliang,2026-05-13 01:00:00,-,85,46,,4,9,0,80,,,,,
Tangerang,Tangerang Pasir Jaya,2026-05-13 06:00:00,124,124,54,,59,63,0,65,,,,,
Bekasi,Bekasi Kayuringin,2026-05-13 06:00:00,80,80,43,,50,13,0,2,,,,,
Jakarta,The Pakubuwono Menteng,2026-05-13 06:31:51,149,149,57,110,,,,,54,30,,,
Depok,Cinere - Nafas,2026-05-13 06:31:45,189,189,93,166,,,,,0,0,,,
Bogor,Kabupaten Bogor Leuwiliang,2026-05-13 01:00:00,-,85,46,,4,9,0,80,,,,,
Tangerang,Tangerang Pasir Jaya,2026-05-13 06:00:00,124,124,54,,59,63,0,65,,,,,
Bekasi,Bekasi Kayuringin,2026-05-13 06:00:00,80,80,43,,50,13,0,2,,,,,
Jakarta,The Pakubuwono Menteng,2026-05-13 06:34:51,148,148,56,108,,,,,55,30,,,
Depok,Cinere - Nafas,2026-05-13 06:34:45,189,189,91,165,,,,,0,0,,,
Bogor,Kabupaten Bogor Leuwiliang,2026-05-13 01:00:00,-,85,46,,4,9,0,80,,,,,
Tangerang,Tangerang Pasir Jaya,2026-05-13 06:00:00,124,124,54,,59,63,0,65,,,,,
Bekasi,Bekasi Kayuringin,2026-05-13 06:00:00,80,80,43,,50,13,0,2,,,,,
Jakarta,The Pakubuwono Menteng,2026-05-13 06:34:51,148,148,56,108,,,,,55,30,,,
Depok,Cinere - Nafas,2026-05-13 06:34:45,189,189,91,165,,,,,0,0,,,
Bogor,Kabupaten Bogor Leuwiliang,2026-05-13 01:00:00,-,85,46,,4,9,0,80,,,,,
Tangerang,Tangerang Pasir Jaya,2026-05-13 06:00:00,124,124,54,,59,63,0,65,,,,,
Bekasi,Bekasi Kayuringin,2026-05-13 06:00:00,80,80,43,,50,13,0,2,,,,,
Jakarta,The Pakubuwono Menteng,2026-05-13 06:35:51,142,142,55,104,,,,,55,30,,,
Depok,Cinere - Nafas,2026-05-13 06:35:45,187,187,90,165,,,,,0,0,,,
Bogor,Kabupaten Bogor Leuwiliang,2026-05-13 01:00:00,-,85,46,,4,9,0,80,,,,,
Tangerang,Tangerang Pasir Jaya,2026-05-13 06:00:00,124,124,54,,59,63,0,65,,,,,
Bekasi,Bekasi Kayuringin,2026-05-13 06:00:00,80,80,43,,50,13,0,2,,,,,
Jakarta,The Pakubuwono Menteng,2026-05-13 06:37:51,139,139,55,99,,,,,55,29.9,,,
Depok,Cinere - Nafas,2026-05-13 06:37:45,186,186,90,163,,,,,0,0,,,
Bogor,Kabupaten Bogor Leuwiliang,2026-05-13 01:00:00,-,85,46,,4,9,0,80,,,,,
Tangerang,Tangerang Pasir Jaya,2026-05-13 06:00:00,124,124,54,,59,63,0,65,,,,,
Bekasi,Bekasi Kayuringin,2026-05-13 06:00:00,80,80,43,,50,13,0,2,,,,,
Jakarta,The Pakubuwono Menteng,2026-05-13 06:37:51,139,139,55,99,,,,,55,29.9,,,
Depok,Cinere - Nafas,2026-05-13 06:37:45,186,186,90,163,,,,,0,0,,,
Bogor,Kabupaten Bogor Leuwiliang,2026-05-13 01:00:00,-,85,46,,4,9,0,80,,,,,
Tangerang,Tangerang Pasir Jaya,2026-05-13 06:00:00,124,124,54,,59,63,0,65,,,,,
Bekasi,Bekasi Kayuringin,2026-05-13 06:00:00,80,80,43,,50,13,0,2,,,,,
Jakarta,The Pakubuwono Menteng,2026-05-13 06:39:51,136,136,53,104,,,,,54,29.9,,,
Depok,Cinere - Nafas,2026-05-13 06:39:45,187,187,90,165,,,,,0,0,,,
Bogor,Kabupaten Bogor Leuwiliang,2026-05-13 01:00:00,-,85,46,,4,9,0,80,,,,,
Tangerang,Tangerang Pasir Jaya,2026-05-13 06:00:00,124,124,54,,59,63,0,65,,,,,
Bekasi,Bekasi Kayuringin,2026-05-13 06:00:00,80,80,43,,50,13,0,2,,,,,
Jakarta,The Pakubuwono Menteng,2026-05-13 06:40:51,140,140,55,99,,,,,54,29.9,,,
Depok,Cinere - Nafas,2026-05-13 06:40:45,184,184,86,163,,,,,0,0,,,
Bogor,Kabupaten Bogor Leuwiliang,2026-05-13 01:00:00,-,85,46,,4,9,0,80,,,,,
Tangerang,Tangerang Pasir Jaya,2026-05-13 06:00:00,124,124,54,,59,63,0,65,,,,,
Bekasi,Bekasi Kayuringin,2026-05-13 06:00:00,80,80,43,,50,13,0,2,,,,,
Jakarta,The Pakubuwono Menteng,2026-05-13 06:40:51,140,140,55,99,,,,,54,29.9,,,
Depok,Cinere - Nafas,2026-05-13 06:40:45,184,184,86,163,,,,,0,0,,,
Bogor,Kabupaten Bogor Leuwiliang,2026-05-13 01:00:00,-,85,46,,4,9,0,80,,,,,
Tangerang,Tangerang Pasir Jaya,2026-05-13 06:00:00,124,124,54,,59,63,0,65,,,,,
Bekasi,Bekasi Kayuringin,2026-05-13 06:00:00,80,80,43,,50,13,0,2,,,,,
Jakarta,The Pakubuwono Menteng,2026-05-13 06:43:51,135,135,53,97,,,,,54,29.9,,,
Depok,Cinere - Nafas,2026-05-13 06:43:45,185,185,88,163,,,,,0,0,,,
Bogor,Kabupaten Bogor Leuwiliang,2026-05-13 01:00:00,-,85,46,,4,9,0,80,,,,,
Tangerang,Tangerang Pasir Jaya,2026-05-13 06:00:00,124,124,54,,59,63,0,65,,,,,
Bekasi,Bekasi Kayuringin,2026-05-13 06:00:00,80,80,43,,50,13,0,2,,,,,
Jakarta,The Pakubuwono Menteng,2026-05-13 06:43:51,135,135,53,97,,,,,54,29.9,,,
Depok,Cinere - Nafas,2026-05-13 06:43:45,185,185,88,163,,,,,0,0,,,
Bogor,Kabupaten Bogor Leuwiliang,2026-05-13 01:00:00,-,85,46,,4,9,0,80,,,,,
Tangerang,Tangerang Pasir Jaya,2026-05-13 06:00:00,124,124,54,,59,63,0,65,,,,,
Bekasi,Bekasi Kayuringin,2026-05-13 06:00:00,80,80,43,,50,13,0,2,,,,,
Jakarta,The Pakubuwono Menteng,2026-05-13 06:45:51,137,137,54,101,,,,,55,29.8,,,
Depok,Cinere - Nafas,2026-05-13 06:45:45,184,184,87,163,,,,,0,0,,,
Bogor,Kabupaten Bogor Leuwiliang,2026-05-13 01:00:00,-,85,46,,4,9,0,80,,,,,
Tangerang,Tangerang Pasir Jaya,2026-05-13 06:00:00,124,124,54,,59,63,0,65,,,,,
Bekasi,Bekasi Kayuringin,2026-05-13 06:00:00,80,80,43,,50,13,0,2,,,,,
Jakarta,The Pakubuwono Menteng,2026-05-13 06:47:51,138,138,54,97,,,,,55,29.8,,,
Depok,Cinere - Nafas,2026-05-13 06:47:45,185,185,88,164,,,,,0,0,,,
Bogor,Kabupaten Bogor Leuwiliang,2026-05-13 01:00:00,-,85,46,,4,9,0,80,,,,,
Tangerang,Tangerang Pasir Jaya,2026-05-13 06:00:00,124,124,54,,59,63,0,65,,,,,
Bekasi,Bekasi Kayuringin,2026-05-13 06:00:00,80,80,43,,50,13,0,2,,,,,
Jakarta,The Pakubuwono Menteng,2026-05-13 06:47:51,138,138,54,97,,,,,55,29.8,,,
Depok,Cinere - Nafas,2026-05-13 06:47:45,185,185,88,164,,,,,0,0,,,
Bogor,Kabupaten Bogor Leuwiliang,2026-05-13 01:00:00,-,85,46,,4,9,0,80,,,,,
Tangerang,Tangerang Pasir Jaya,2026-05-13 06:00:00,124,124,54,,59,63,0,65,,,,,
Bekasi,Bekasi Kayuringin,2026-05-13 06:00:00,80,80,43,,50,13,0,2,,,,,
Jakarta,The Pakubuwono Menteng,2026-05-13 06:48:51,138,138,54,97,,,,,55,29.8,,,
Depok,Cinere - Nafas,2026-05-13 06:48:45,184,184,87,163,,,,,0,0,,,
Bogor,Kabupaten Bogor Leuwiliang,2026-05-13 01:00:00,-,85,46,,4,9,0,80,,,,,
Tangerang,Tangerang Pasir Jaya,2026-05-13 06:00:00,124,124,54,,59,63,0,65,,,,,
Bekasi,Bekasi Kayuringin,2026-05-13 06:00:00,80,80,43,,50,13,0,2,,,,,
Jakarta,The Pakubuwono Menteng,2026-05-13 06:50:51,136,136,53,98,,,,,55,29.8,,,
Depok,Cinere - Nafas,2026-05-13 06:50:45,186,186,90,163,,,,,0,0,,,
Bogor,Kabupaten Bogor Leuwiliang,2026-05-13 01:00:00,-,85,46,,4,9,0,80,,,,,
Tangerang,Tangerang Pasir Jaya,2026-05-13 06:00:00,124,124,54,,59,63,0,65,,,,,
Bekasi,Bekasi Kayuringin,2026-05-13 06:00:00,80,80,43,,50,13,0,2,,,,,
Jakarta,The Pakubuwono Menteng,2026-05-13 06:50:51,136,136,53,98,,,,,55,29.8,,,
Depok,Cinere - Nafas,2026-05-13 06:50:45,186,186,90,163,,,,,0,0,,,
Bogor,Kabupaten Bogor Leuwiliang,2026-05-13 01:00:00,-,85,46,,4,9,0,80,,,,,
Tangerang,Tangerang Pasir Jaya,2026-05-13 06:00:00,124,124,54,,59,63,0,65,,,,,
Bekasi,Bekasi Kayuringin,2026-05-13 06:00:00,80,80,43,,50,13,0,2,,,,,
Jakarta,The Pakubuwono Menteng,2026-05-13 06:51:52,141,141,55,106,,,,,55,29.8,,,
Depok,Cinere - Nafas,2026-05-13 06:51:45,186,186,90,164,,,,,0,0,,,
Bogor,Kabupaten Bogor Leuwiliang,2026-05-13 01:00:00,-,85,46,,4,9,0,80,,,,,
Tangerang,Tangerang Pasir Jaya,2026-05-13 06:00:00,124,124,54,,59,63,0,65,,,,,
Bekasi,Bekasi Kayuringin,2026-05-13 06:00:00,80,80,43,,50,13,0,2,,,,,
Jakarta,The Pakubuwono Menteng,2026-05-13 06:54:51,138,138,54,97,,,,,55,29.8,,,
Depok,Cinere - Nafas,2026-05-13 06:54:45,191,191,94,168,,,,,0,0,,,
Bogor,Kabupaten Bogor Leuwiliang,2026-05-13 01:00:00,-,85,46,,4,9,0,80,,,,,
Tangerang,Tangerang Pasir Jaya,2026-05-13 06:00:00,124,124,54,,59,63,0,65,,,,,
Bekasi,Bekasi Kayuringin,2026-05-13 06:00:00,80,80,43,,50,13,0,2,,,,,
Jakarta,The Pakubuwono Menteng,2026-05-13 06:54:51,138,138,54,97,,,,,55,29.8,,,
Depok,Cinere - Nafas,2026-05-13 06:54:45,191,191,94,168,,,,,0,0,,,
Bogor,Kabupaten Bogor Leuwiliang,2026-05-13 01:00:00,-,85,46,,4,9,0,80,,,,,
Tangerang,Tangerang Pasir Jaya,2026-05-13 06:00:00,124,124,54,,59,63,0,65,,,,,
Bekasi,Bekasi Kayuringin,2026-05-13 06:00:00,80,80,43,,50,13,0,2,,,,,
Jakarta,The Pakubuwono Menteng,2026-05-13 06:56:51,131,131,52,95,,,,,55,29.8,,,
Depok,Cinere - Nafas,2026-05-13 06:56:46,188,188,91,166,,,,,0,0,,,
Bogor,Kabupaten Bogor Leuwiliang,2026-05-13 01:00:00,-,85,46,,4,9,0,80,,,,,
Tangerang,Tangerang Pasir Jaya,2026-05-13 06:00:00,124,124,54,,59,63,0,65,,,,,
Bekasi,Bekasi Kayuringin,2026-05-13 06:00:00,80,80,43,,50,13,0,2,,,,,
Jakarta,The Pakubuwono Menteng,2026-05-13 06:57:52,128,128,52,94,,,,,55,29.8,,,
Depok,Cinere - Nafas,2026-05-13 06:57:46,186,186,89,165,,,,,0,0,,,
Bogor,Kabupaten Bogor Leuwiliang,2026-05-13 01:00:00,-,85,46,,4,9,0,80,,,,,
Tangerang,Tangerang Pasir Jaya,2026-05-13 06:00:00,124,124,54,,59,63,0,65,,,,,
Bekasi,Bekasi Kayuringin,2026-05-13 06:00:00,80,80,43,,50,13,0,2,,,,,
Jakarta,The Pakubuwono Menteng,2026-05-13 06:59:52,138,138,54,98,,,,,55,29.8,,,
Depok,Cinere - Nafas,2026-05-13 06:59:45,184,184,89,163,,,,,0,0,,,
Bogor,Kabupaten Bogor Leuwiliang,2026-05-13 01:00:00,-,85,46,,4,9,0,80,,,,,
Tangerang,Tangerang Pasir Jaya,2026-05-13 06:00:00,124,124,54,,59,63,0,65,,,,,
Bekasi,Bekasi Kayuringin,2026-05-13 06:00:00,80,80,43,,50,13,0,2,,,,,
Jakarta,The Pakubuwono Menteng,2026-05-13 06:59:52,138,138,54,98,,,,,55,29.8,,,
Depok,Cinere - Nafas,2026-05-13 06:59:45,184,184,89,163,,,,,0,0,,,
Bogor,Kabupaten Bogor Leuwiliang,2026-05-13 01:00:00,-,85,46,,4,9,0,80,,,,,
Tangerang,Tangerang Pasir Jaya,2026-05-13 06:00:00,124,124,54,,59,63,0,65,,,,,
Bekasi,Bekasi Kayuringin,2026-05-13 06:00:00,80,80,43,,50,13,0,2,,,,,
Jakarta,The Pakubuwono Menteng,2026-05-13 07:00:52,140,140,55,100,,,,,55,29.8,,,
Depok,Cinere - Nafas,2026-05-13 07:00:45,185,185,88,162,,,,,0,0,,,
Bogor,Kabupaten Bogor Leuwiliang,2026-05-13 01:00:00,-,85,46,,4,9,0,80,,,,,
Tangerang,Tangerang Pasir Jaya,2026-05-13 06:00:00,124,124,54,,59,63,0,65,,,,,
Bekasi,Bekasi Kayuringin,2026-05-13 06:00:00,80,80,43,,50,13,0,2,,,,,
Jakarta,The Pakubuwono Menteng,2026-05-13 07:02:52,134,134,54,95,,,,,55,29.9,,,
Depok,Cinere - Nafas,2026-05-13 07:02:46,183,183,88,160,,,,,0,0,,,
Bogor,Kabupaten Bogor Leuwiliang,2026-05-13 01:00:00,-,85,46,,4,9,0,80,,,,,
Tangerang,Tangerang Pasir Jaya,2026-05-13 06:00:00,124,124,54,,59,63,0,65,,,,,
Bekasi,Bekasi Kayuringin,2026-05-13 06:00:00,80,80,43,,50,13,0,2,,,,,
Jakarta,The Pakubuwono Menteng,2026-05-13 07:02:52,134,134,54,95,,,,,55,29.9,,,
Depok,Cinere - Nafas,2026-05-13 07:02:46,183,183,88,160,,,,,0,0,,,
Bogor,Kabupaten Bogor Leuwiliang,2026-05-13 01:00:00,-,85,46,,4,9,0,80,,,,,
Tangerang,Tangerang Pasir Jaya,2026-05-13 06:00:00,124,124,54,,59,63,0,65,,,,,
Bekasi,Bekasi Kayuringin,2026-05-13 06:00:00,80,80,43,,50,13,0,2,,,,,
Jakarta,The Pakubuwono Menteng,2026-05-13 07:05:52,136,136,54,96,,,,,55,29.9,,,
Depok,Cinere - Nafas,2026-05-13 07:05:46,176,176,79,157,,,,,0,0,,,
Bogor,Kabupaten Bogor Leuwiliang,2026-05-13 01:00:00,-,85,46,,4,9,0,80,,,,,
Tangerang,Tangerang Pasir Jaya,2026-05-13 07:00:00,139,139,57,,59,63,0,65,,,,,
Bekasi,Bekasi Kayuringin,2026-05-13 07:00:00,84,84,44,,49,13,0,2,,,,,
Jakarta,The Pakubuwono Menteng,2026-05-13 07:05:52,136,136,54,96,,,,,55,29.9,,,
Depok,Cinere - Nafas,2026-05-13 07:05:46,176,176,79,157,,,,,0,0,,,
Bogor,Kabupaten Bogor Leuwiliang,2026-05-13 01:00:00,-,85,46,,4,9,0,80,,,,,
Tangerang,Tangerang Pasir Jaya,2026-05-13 07:00:00,139,139,57,,59,63,0,65,,,,,
Bekasi,Bekasi Kayuringin,2026-05-13 07:00:00,84,84,44,,49,13,0,2,,,,,
Jakarta,The Pakubuwono Menteng,2026-05-13 07:06:52,138,138,53,96,,,,,55,29.9,,,
Depok,Cinere - Nafas,2026-05-13 07:06:46,178,178,81,157,,,,,0,0,,,
Bogor,Kabupaten Bogor Leuwiliang,2026-05-13 01:00:00,-,85,46,,4,9,0,80,,,,,
Tangerang,Tangerang Pasir Jaya,2026-05-13 07:00:00,139,139,57,,59,63,0,65,,,,,
Bekasi,Bekasi Kayuringin,2026-05-13 07:00:00,84,84,44,,49,13,0,2,,,,,
Jakarta,The Pakubuwono Menteng,2026-05-13 07:08:52,135,135,53,96,,,,,55,29.9,,,
Depok,Cinere - Nafas,2026-05-13 07:08:46,175,175,78,157,,,,,0,0,,,
Bogor,Kabupaten Bogor Leuwiliang,2026-05-13 01:00:00,-,85,46,,4,9,0,80,,,,,
Tangerang,Tangerang Pasir Jaya,2026-05-13 07:00:00,139,139,57,,59,63,0,65,,,,,
Bekasi,Bekasi Kayuringin,2026-05-13 07:00:00,84,84,44,,49,13,0,2,,,,,
Jakarta,The Pakubuwono Menteng,2026-05-13 07:08:52,135,135,53,96,,,,,55,29.9,,,
Depok,Cinere - Nafas,2026-05-13 07:08:46,175,175,78,157,,,,,0,0,,,
Bogor,Kabupaten Bogor Leuwiliang,2026-05-13 01:00:00,-,85,46,,4,9,0,80,,,,,
Tangerang,Tangerang Pasir Jaya,2026-05-13 07:00:00,139,139,57,,59,63,0,65,,,,,
Bekasi,Bekasi Kayuringin,2026-05-13 07:00:00,84,84,44,,49,13,0,2,,,,,
Jakarta,The Pakubuwono Menteng,2026-05-13 07:10:52,139,139,54,103,,,,,55,29.9,,,
Depok,Cinere - Nafas,2026-05-13 07:10:46,173,173,75,154,,,,,0,0,,,
Bogor,Kabupaten Bogor Leuwiliang,2026-05-13 01:00:00,-,85,46,,4,9,0,80,,,,,
Tangerang,Tangerang Pasir Jaya,2026-05-13 07:00:00,139,139,57,,59,63,0,65,,,,,
Bekasi,Bekasi Kayuringin,2026-05-13 07:00:00,84,84,44,,49,13,0,2,,,,,
Jakarta,The Pakubuwono Menteng,2026-05-13 07:11:52,137,137,54,98,,,,,55,29.9,,,
Depok,Cinere - Nafas,2026-05-13 07:11:46,173,173,76,155,,,,,0,0,,,
Bogor,Kabupaten Bogor Leuwiliang,2026-05-13 01:00:00,-,85,46,,4,9,0,80,,,,,
Tangerang,Tangerang Pasir Jaya,2026-05-13 07:00:00,139,139,57,,59,63,0,65,,,,,
Bekasi,Bekasi Kayuringin,2026-05-13 07:00:00,84,84,44,,49,13,0,2,,,,,
Jakarta,The Pakubuwono Menteng,2026-05-13 07:13:52,137,137,54,99,,,,,55,30,,,
Depok,Cinere - Nafas,2026-05-13 07:13:46,172,172,75,155,,,,,0,0,,,
Bogor,Kabupaten Bogor Leuwiliang,2026-05-13 01:00:00,-,85,46,,4,9,0,80,,,,,
Tangerang,Tangerang Pasir Jaya,2026-05-13 07:00:00,139,139,57,,59,63,0,65,,,,,
Bekasi,Bekasi Kayuringin,2026-05-13 07:00:00,84,84,44,,49,13,0,2,,,,,
Jakarta,The Pakubuwono Menteng,2026-05-13 07:13:52,137,137,54,99,,,,,55,30,,,
Depok,Cinere - Nafas,2026-05-13 07:14:46,173,173,75,154,,,,,0,0,,,
Bogor,Kabupaten Bogor Leuwiliang,2026-05-13 01:00:00,-,85,46,,4,9,0,80,,,,,
Tangerang,Tangerang Pasir Jaya,2026-05-13 07:00:00,139,139,57,,59,63,0,65,,,,,
Bekasi,Bekasi Kayuringin,2026-05-13 07:00:00,84,84,44,,49,13,0,2,,,,,
Jakarta,The Pakubuwono Menteng,2026-05-13 07:16:52,134,134,53,94,,,,,55,30,,,
Depok,Cinere - Nafas,2026-05-13 07:16:46,172,172,76,155,,,,,0,0,,,
Bogor,Kabupaten Bogor Leuwiliang,2026-05-13 01:00:00,-,85,46,,4,9,0,80,,,,,
Tangerang,Tangerang Pasir Jaya,2026-05-13 07:00:00,139,139,57,,59,63,0,65,,,,,
Bekasi,Bekasi Kayuringin,2026-05-13 07:00:00,84,84,44,,49,13,0,2,,,,,
Jakarta,The Pakubuwono Menteng,2026-05-13 07:16:52,134,134,53,94,,,,,55,30,,,
Depok,Cinere - Nafas,2026-05-13 07:16:46,172,172,76,155,,,,,0,0,,,
Bogor,Kabupaten Bogor Leuwiliang,2026-05-13 01:00:00,-,85,46,,4,9,0,80,,,,,
Tangerang,Tangerang Pasir Jaya,2026-05-13 07:00:00,139,139,57,,59,63,0,65,,,,,
Bekasi,Bekasi Kayuringin,2026-05-13 07:00:00,84,84,44,,49,13,0,2,,,,,
Jakarta,The Pakubuwono Menteng,2026-05-13 07:17:52,131,131,53,94,,,,,55,30,,,
Depok,Cinere - Nafas,2026-05-13 07:17:46,173,173,77,156,,,,,0,0,,,
Bogor,Kabupaten Bogor Leuwiliang,2026-05-13 01:00:00,-,85,46,,4,9,0,80,,,,,
Tangerang,Tangerang Pasir Jaya,2026-05-13 07:00:00,139,139,57,,59,63,0,65,,,,,
Bekasi,Bekasi Kayuringin,2026-05-13 07:00:00,84,84,44,,49,13,0,2,,,,,
Jakarta,The Pakubuwono Menteng,2026-05-13 07:19:52,136,136,53,98,,,,,55,30,,,
Depok,Cinere - Nafas,2026-05-13 07:19:46,172,172,76,155,,,,,0,0,,,
Bogor,Kabupaten Bogor Leuwiliang,2026-05-13 01:00:00,-,85,46,,4,9,0,80,,,,,
Tangerang,Tangerang Pasir Jaya,2026-05-13 07:00:00,139,139,57,,59,63,0,65,,,,,
Bekasi,Bekasi Kayuringin,2026-05-13 07:00:00,84,84,44,,49,13,0,2,,,,,
Jakarta,The Pakubuwono Menteng,2026-05-13 07:20:52,143,143,56,103,,,,,55,30,,,
Depok,Cinere - Nafas,2026-05-13 07:20:46,176,176,77,155,,,,,0,0,,,
Bogor,Kabupaten Bogor Leuwiliang,2026-05-13 01:00:00,-,85,46,,4,9,0,80,,,,,
Tangerang,Tangerang Pasir Jaya,2026-05-13 07:00:00,139,139,57,,59,63,0,65,,,,,
Bekasi,Bekasi Kayuringin,2026-05-13 07:00:00,84,84,44,,49,13,0,2,,,,,
Jakarta,The Pakubuwono Menteng,2026-05-13 07:20:52,143,143,56,103,,,,,55,30,,,
Depok,Cinere - Nafas,2026-05-13 07:20:46,176,176,77,155,,,,,0,0,,,
Bogor,Kabupaten Bogor Leuwiliang,2026-05-13 01:00:00,-,85,46,,4,9,0,80,,,,,
Tangerang,Tangerang Pasir Jaya,2026-05-13 07:00:00,139,139,57,,59,63,0,65,,,,,
Bekasi,Bekasi Kayuringin,2026-05-13 07:00:00,84,84,44,,49,13,0,2,,,,,
Jakarta,The Pakubuwono Menteng,2026-05-13 07:22:53,146,146,55,105,,,,,55,30,,,
Depok,Cinere - Nafas,2026-05-13 07:22:46,174,174,77,156,,,,,0,0,,,
Bogor,Kabupaten Bogor Leuwiliang,2026-05-13 01:00:00,-,85,46,,4,9,0,80,,,,,
Tangerang,Tangerang Pasir Jaya,2026-05-13 07:00:00,139,139,57,,59,63,0,65,,,,,
Bekasi,Bekasi Kayuringin,2026-05-13 07:00:00,84,84,44,,49,13,0,2,,,,,
Jakarta,The Pakubuwono Menteng,2026-05-13 07:23:52,148,148,56,106,,,,,55,30,,,
Depok,Cinere - Nafas,2026-05-13 07:23:46,174,174,77,157,,,,,0,0,,,
Bogor,Kabupaten Bogor Leuwiliang,2026-05-13 01:00:00,-,85,46,,4,9,0,80,,,,,
Tangerang,Tangerang Pasir Jaya,2026-05-13 07:00:00,139,139,57,,59,63,0,65,,,,,
Bekasi,Bekasi Kayuringin,2026-05-13 07:00:00,84,84,44,,49,13,0,2,,,,,
Jakarta,The Pakubuwono Menteng,2026-05-13 07:23:52,148,148,56,106,,,,,55,30,,,
Depok,Cinere - Nafas,2026-05-13 07:23:46,174,174,77,157,,,,,0,0,,,
Bogor,Kabupaten Bogor Leuwiliang,2026-05-13 01:00:00,-,85,46,,4,9,0,80,,,,,
Tangerang,Tangerang Pasir Jaya,2026-05-13 07:00:00,139,139,57,,59,63,0,65,,,,,
Bekasi,Bekasi Kayuringin,2026-05-13 07:00:00,84,84,44,,49,13,0,2,,,,,
Jakarta,The Pakubuwono Menteng,2026-05-13 07:27:52,136,136,54,97,,,,,55,30,,,
Depok,Cinere - Nafas,2026-05-13 07:27:46,178,178,82,158,,,,,0,0,,,
Bogor,Kabupaten Bogor Leuwiliang,2026-05-13 01:00:00,-,85,46,,4,9,0,80,,,,,
Tangerang,Tangerang Pasir Jaya,2026-05-13 07:00:00,139,139,57,,59,63,0,65,,,,,
Bekasi,Bekasi Kayuringin,2026-05-13 07:00:00,84,84,44,,49,13,0,2,,,,,
Jakarta,The Pakubuwono Menteng,2026-05-13 07:28:52,142,142,55,107,,,,,55,30,,,
Depok,Cinere - Nafas,2026-05-13 07:28:46,178,178,81,159,,,,,0,0,,,
Bogor,Kabupaten Bogor Leuwiliang,2026-05-13 01:00:00,-,85,46,,4,9,0,80,,,,,
Tangerang,Tangerang Pasir Jaya,2026-05-13 07:00:00,139,139,57,,59,63,0,65,,,,,
Bekasi,Bekasi Kayuringin,2026-05-13 07:00:00,84,84,44,,49,13,0,2,,,,,
Jakarta,The Pakubuwono Menteng,2026-05-13 07:28:52,142,142,55,107,,,,,55,30,,,
Depok,Cinere - Nafas,2026-05-13 07:28:46,178,178,81,159,,,,,0,0,,,
Bogor,Kabupaten Bogor Leuwiliang,2026-05-13 01:00:00,-,85,46,,4,9,0,80,,,,,
Tangerang,Tangerang Pasir Jaya,2026-05-13 07:00:00,139,139,57,,59,63,0,65,,,,,
Bekasi,Bekasi Kayuringin,2026-05-13 07:00:00,84,84,44,,49,13,0,2,,,,,
Jakarta,The Pakubuwono Menteng,2026-05-13 07:29:52,140,140,54,100,,,,,55,30,,,
Depok,Cinere - Nafas,2026-05-13 07:29:46,177,177,80,159,,,,,0,0,,,
Bogor,Kabupaten Bogor Leuwiliang,2026-05-13 01:00:00,-,85,46,,4,9,0,80,,,,,
Tangerang,Tangerang Pasir Jaya,2026-05-13 07:00:00,139,139,57,,59,63,0,65,,,,,
Bekasi,Bekasi Kayuringin,2026-05-13 07:00:00,84,84,44,,49,13,0,2,,,,,
Jakarta,The Pakubuwono Menteng,2026-05-13 07:31:52,141,141,55,99,,,,,55,30.1,,,
Depok,Cinere - Nafas,2026-05-13 07:31:46,176,176,79,157,,,,,0,0,,,
Bogor,Kabupaten Bogor Leuwiliang,2026-05-13 01:00:00,-,85,46,,4,9,0,80,,,,,
Tangerang,Tangerang Pasir Jaya,2026-05-13 07:00:00,139,139,57,,59,63,0,65,,,,,
Bekasi,Bekasi Kayuringin,2026-05-13 07:00:00,84,84,44,,49,13,0,2,,,,,
Jakarta,The Pakubuwono Menteng,2026-05-13 07:31:52,141,141,55,99,,,,,55,30.1,,,
Depok,Cinere - Nafas,2026-05-13 07:31:46,176,176,79,157,,,,,0,0,,,
Bogor,Kabupaten Bogor Leuwiliang,2026-05-13 01:00:00,-,85,46,,4,9,0,80,,,,,
Tangerang,Tangerang Pasir Jaya,2026-05-13 07:00:00,139,139,57,,59,63,0,65,,,,,
Bekasi,Bekasi Kayuringin,2026-05-13 07:00:00,84,84,44,,49,13,0,2,,,,,
Jakarta,The Pakubuwono Menteng,2026-05-13 07:32:52,130,130,52,94,,,,,55,30.1,,,
Depok,Cinere - Nafas,2026-05-13 07:32:46,175,175,77,156,,,,,0,0,,,
Bogor,Kabupaten Bogor Leuwiliang,2026-05-13 01:00:00,-,85,46,,4,9,0,80,,,,,
Tangerang,Tangerang Pasir Jaya,2026-05-13 07:00:00,139,139,57,,59,63,0,65,,,,,
Bekasi,Bekasi Kayuringin,2026-05-13 07:00:00,84,84,44,,49,13,0,2,,,,,
Jakarta,The Pakubuwono Menteng,2026-05-13 07:34:52,135,135,53,96,,,,,55,30.1,,,
Depok,Cinere - Nafas,2026-05-13 07:34:46,176,176,79,157,,,,,0,0,,,
Bogor,Kabupaten Bogor Leuwiliang,2026-05-13 01:00:00,-,85,46,,4,9,0,80,,,,,
Tangerang,Tangerang Pasir Jaya,2026-05-13 07:00:00,139,139,57,,59,63,0,65,,,,,
Bekasi,Bekasi Kayuringin,2026-05-13 07:00:00,84,84,44,,49,13,0,2,,,,,
Jakarta,The Pakubuwono Menteng,2026-05-13 07:34:52,135,135,53,96,,,,,55,30.1,,,
Depok,Cinere - Nafas,2026-05-13 07:36:46,176,176,79,157,,,,,0,0,,,
Bogor,Kabupaten Bogor Leuwiliang,2026-05-13 01:00:00,-,85,46,,4,9,0,80,,,,,
Tangerang,Tangerang Pasir Jaya,2026-05-13 07:00:00,139,139,57,,59,63,0,65,,,,,
Bekasi,Bekasi Kayuringin,2026-05-13 07:00:00,84,84,44,,49,13,0,2,,,,,
Jakarta,The Pakubuwono Menteng,2026-05-13 07:37:55,131,131,53,94,,,,,55,30.2,,,
Depok,Cinere - Nafas,2026-05-13 07:37:47,174,174,77,157,,,,,0,0,,,
Bogor,Kabupaten Bogor Leuwiliang,2026-05-13 01:00:00,-,85,46,,4,9,0,80,,,,,
Tangerang,Tangerang Pasir Jaya,2026-05-13 07:00:00,139,139,57,,59,63,0,65,,,,,
Bekasi,Bekasi Kayuringin,2026-05-13 07:00:00,84,84,44,,49,13,0,2,,,,,
Jakarta,The Pakubuwono Menteng,2026-05-13 07:37:55,131,131,53,94,,,,,55,30.2,,,
Depok,Cinere - Nafas,2026-05-13 07:37:47,174,174,77,157,,,,,0,0,,,
Bogor,Kabupaten Bogor Leuwiliang,2026-05-13 01:00:00,-,85,46,,4,9,0,80,,,,,
Tangerang,Tangerang Pasir Jaya,2026-05-13 07:00:00,139,139,57,,59,63,0,65,,,,,
Bekasi,Bekasi Kayuringin,2026-05-13 07:00:00,84,84,44,,49,13,0,2,,,,,
Jakarta,The Pakubuwono Menteng,2026-05-13 07:39:53,130,130,52,94,,,,,55,30.3,,,
Depok,Cinere - Nafas,2026-05-13 07:39:49,177,177,80,157,,,,,0,0,,,
Bogor,Kabupaten Bogor Leuwiliang,2026-05-13 01:00:00,-,85,46,,4,9,0,80,,,,,
Tangerang,Tangerang Pasir Jaya,2026-05-13 07:00:00,139,139,57,,59,63,0,65,,,,,
Bekasi,Bekasi Kayuringin,2026-05-13 07:00:00,84,84,44,,49,13,0,2,,,,,
Jakarta,The Pakubuwono Menteng,2026-05-13 07:40:52,126,126,50,93,,,,,55,30.3,,,
Depok,Cinere - Nafas,2026-05-13 07:40:46,174,174,78,156,,,,,0,0,,,
Bogor,Kabupaten Bogor Leuwiliang,2026-05-13 01:00:00,-,85,46,,4,9,0,80,,,,,
Tangerang,Tangerang Pasir Jaya,2026-05-13 07:00:00,139,139,57,,59,63,0,65,,,,,
Bekasi,Bekasi Kayuringin,2026-05-13 07:00:00,84,84,44,,49,13,0,2,,,,,
Jakarta,The Pakubuwono Menteng,2026-05-13 07:42:52,125,125,51,91,,,,,54,30.3,,,
Depok,Cinere - Nafas,2026-05-13 07:42:47,178,178,80,158,,,,,0,0,,,
Bogor,Kabupaten Bogor Leuwiliang,2026-05-13 01:00:00,-,85,46,,4,9,0,80,,,,,
Tangerang,Tangerang Pasir Jaya,2026-05-13 07:00:00,139,139,57,,59,63,0,65,,,,,
Bekasi,Bekasi Kayuringin,2026-05-13 07:00:00,84,84,44,,49,13,0,2,,,,,
Jakarta,The Pakubuwono Menteng,2026-05-13 07:42:52,125,125,51,91,,,,,54,30.3,,,
Depok,Cinere - Nafas,2026-05-13 07:42:47,178,178,80,158,,,,,0,0,,,
Bogor,Kabupaten Bogor Leuwiliang,2026-05-13 01:00:00,-,85,46,,4,9,0,80,,,,,
Tangerang,Tangerang Pasir Jaya,2026-05-13 07:00:00,139,139,57,,59,63,0,65,,,,,
Bekasi,Bekasi Kayuringin,2026-05-13 07:00:00,84,84,44,,49,13,0,2,,,,,
Jakarta,The Pakubuwono Menteng,2026-05-13 07:43:52,131,131,52,94,,,,,55,30.4,,,
Depok,Cinere - Nafas,2026-05-13 07:43:46,175,175,78,156,,,,,0,0,,,
Bogor,Kabupaten Bogor Leuwiliang,2026-05-13 01:00:00,-,85,46,,4,9,0,80,,,,,
Tangerang,Tangerang Pasir Jaya,2026-05-13 07:00:00,139,139,57,,59,63,0,65,,,,,
Bekasi,Bekasi Kayuringin,2026-05-13 07:00:00,84,84,44,,49,13,0,2,,,,,
Jakarta,The Pakubuwono Menteng,2026-05-13 07:45:53,125,125,51,89,,,,,54,30.4,,,
Depok,Cinere - Nafas,2026-05-13 07:45:47,176,176,79,156,,,,,0,0,,,
Bogor,Kabupaten Bogor Leuwiliang,2026-05-13 01:00:00,-,85,46,,4,9,0,80,,,,,
Tangerang,Tangerang Pasir Jaya,2026-05-13 07:00:00,139,139,57,,59,63,0,65,,,,,
Bekasi,Bekasi Kayuringin,2026-05-13 07:00:00,84,84,44,,49,13,0,2,,,,,
Jakarta,The Pakubuwono Menteng,2026-05-13 07:47:53,133,133,53,96,,,,,55,30.4,,,
Depok,Cinere - Nafas,2026-05-13 07:47:47,175,175,77,157,,,,,0,0,,,
Bogor,Kabupaten Bogor Leuwiliang,2026-05-13 01:00:00,-,85,46,,4,9,0,80,,,,,
Tangerang,Tangerang Pasir Jaya,2026-05-13 07:00:00,139,139,57,,59,63,0,65,,,,,
Bekasi,Bekasi Kayuringin,2026-05-13 07:00:00,84,84,44,,49,13,0,2,,,,,
Jakarta,The Pakubuwono Menteng,2026-05-13 07:48:53,135,135,53,97,,,,,55,30.4,,,
Depok,Cinere - Nafas,2026-05-13 07:48:47,175,175,77,156,,,,,0,0,,,
Bogor,Kabupaten Bogor Leuwiliang,2026-05-13 01:00:00,-,85,46,,4,9,0,80,,,,,
Tangerang,Tangerang Pasir Jaya,2026-05-13 07:00:00,139,139,57,,59,63,0,65,,,,,
Bekasi,Bekasi Kayuringin,2026-05-13 07:00:00,84,84,44,,49,13,0,2,,,,,
Jakarta,The Pakubuwono Menteng,2026-05-13 07:48:53,135,135,53,97,,,,,55,30.4,,,
Depok,Cinere - Nafas,2026-05-13 07:48:47,175,175,77,156,,,,,0,0,,,
Bogor,Kabupaten Bogor Leuwiliang,2026-05-13 01:00:00,-,85,46,,4,9,0,80,,,,,
Tangerang,Tangerang Pasir Jaya,2026-05-13 07:00:00,139,139,57,,59,63,0,65,,,,,
Bekasi,Bekasi Kayuringin,2026-05-13 07:00:00,84,84,44,,49,13,0,2,,,,,
Jakarta,The Pakubuwono Menteng,2026-05-13 07:50:53,121,121,49,90,,,,,54,30.4,,,
Depok,Cinere - Nafas,2026-05-13 07:50:47,178,178,79,157,,,,,0,0,,,
Bogor,Kabupaten Bogor Leuwiliang,2026-05-13 01:00:00,-,85,46,,4,9,0,80,,,,,
Tangerang,Tangerang Pasir Jaya,2026-05-13 07:00:00,139,139,57,,59,63,0,65,,,,,
Bekasi,Bekasi Kayuringin,2026-05-13 07:00:00,84,84,44,,49,13,0,2,,,,,
Jakarta,The Pakubuwono Menteng,2026-05-13 07:51:53,128,128,52,95,,,,,55,30.4,,,
Depok,Cinere - Nafas,2026-05-13 07:51:47,175,175,77,157,,,,,0,0,,,
Bogor,Kabupaten Bogor Leuwiliang,2026-05-13 01:00:00,-,85,46,,4,9,0,80,,,,,
Tangerang,Tangerang Pasir Jaya,2026-05-13 07:00:00,139,139,57,,59,63,0,65,,,,,
Bekasi,Bekasi Kayuringin,2026-05-13 07:00:00,84,84,44,,49,13,0,2,,,,,
Jakarta,The Pakubuwono Menteng,2026-05-13 07:51:53,128,128,52,95,,,,,55,30.4,,,
Depok,Cinere - Nafas,2026-05-13 07:51:47,175,175,77,157,,,,,0,0,,,
Bogor,Kabupaten Bogor Leuwiliang,2026-05-13 01:00:00,-,85,46,,4,9,0,80,,,,,
Tangerang,Tangerang Pasir Jaya,2026-05-13 07:00:00,139,139,57,,59,63,0,65,,,,,
Bekasi,Bekasi Kayuringin,2026-05-13 07:00:00,84,84,44,,49,13,0,2,,,,,
Jakarta,The Pakubuwono Menteng,2026-05-13 07:53:53,126,126,50,91,,,,,55,30.4,,,
Depok,Cinere - Nafas,2026-05-13 07:53:47,176,176,77,158,,,,,0,0,,,
Bogor,Kabupaten Bogor Leuwiliang,2026-05-13 01:00:00,-,85,46,,4,9,0,80,,,,,
Tangerang,Tangerang Pasir Jaya,2026-05-13 07:00:00,139,139,57,,59,63,0,65,,,,,
Bekasi,Bekasi Kayuringin,2026-05-13 07:00:00,84,84,44,,49,13,0,2,,,,,
Jakarta,The Pakubuwono Menteng,2026-05-13 07:54:53,119,119,46,90,,,,,55,30.4,,,
Depok,Cinere - Nafas,2026-05-13 07:54:47,175,175,76,156,,,,,0,0,,,
Bogor,Kabupaten Bogor Leuwiliang,2026-05-13 01:00:00,-,85,46,,4,9,0,80,,,,,
Tangerang,Tangerang Pasir Jaya,2026-05-13 07:00:00,139,139,57,,59,63,0,65,,,,,
Bekasi,Bekasi Kayuringin,2026-05-13 07:00:00,84,84,44,,49,13,0,2,,,,,
Jakarta,The Pakubuwono Menteng,2026-05-13 07:56:53,126,126,51,90,,,,,55,30.4,,,
Depok,Cinere - Nafas,2026-05-13 07:56:47,171,171,74,154,,,,,0,0,,,
Bogor,Kabupaten Bogor Leuwiliang,2026-05-13 01:00:00,-,85,46,,4,9,0,80,,,,,
Tangerang,Tangerang Pasir Jaya,2026-05-13 07:00:00,139,139,57,,59,63,0,65,,,,,
Bekasi,Bekasi Kayuringin,2026-05-13 07:00:00,84,84,44,,49,13,0,2,,,,,
Jakarta,The Pakubuwono Menteng,2026-05-13 07:58:53,127,127,51,93,,,,,55,30.5,,,
Depok,Cinere - Nafas,2026-05-13 07:58:47,167,167,70,151,,,,,0,0,,,
Bogor,Kabupaten Bogor Leuwiliang,2026-05-13 01:00:00,-,85,46,,4,9,0,80,,,,,
Tangerang,Tangerang Pasir Jaya,2026-05-13 07:00:00,139,139,57,,59,63,0,65,,,,,
Bekasi,Bekasi Kayuringin,2026-05-13 07:00:00,84,84,44,,49,13,0,2,,,,,
Jakarta,The Pakubuwono Menteng,2026-05-13 07:59:53,125,125,50,91,,,,,55,30.5,,,
Depok,Cinere - Nafas,2026-05-13 07:59:47,167,167,69,150,,,,,0,0,,,
Bogor,Kabupaten Bogor Leuwiliang,2026-05-13 01:00:00,-,85,46,,4,9,0,80,,,,,
Tangerang,Tangerang Pasir Jaya,2026-05-13 07:00:00,139,139,57,,59,63,0,65,,,,,
Bekasi,Bekasi Kayuringin,2026-05-13 07:00:00,84,84,44,,49,13,0,2,,,,,
Jakarta,The Pakubuwono Menteng,2026-05-13 07:59:53,125,125,50,91,,,,,55,30.5,,,
Depok,Cinere - Nafas,2026-05-13 07:59:47,167,167,69,150,,,,,0,0,,,
Bogor,Kabupaten Bogor Leuwiliang,2026-05-13 01:00:00,-,85,46,,4,9,0,80,,,,,
Tangerang,Tangerang Pasir Jaya,2026-05-13 07:00:00,139,139,57,,59,63,0,65,,,,,
Bekasi,Bekasi Kayuringin,2026-05-13 07:00:00,84,84,44,,49,13,0,2,,,,,
Jakarta,The Pakubuwono Menteng,2026-05-13 08:01:53,117,117,47,88,,,,,55,30.5,,,
Depok,Cinere - Nafas,2026-05-13 08:01:47,169,169,73,152,,,,,0,0,,,
Bogor,Kabupaten Bogor Leuwiliang,2026-05-13 01:00:00,-,85,46,,4,9,0,80,,,,,
Tangerang,Tangerang Pasir Jaya,2026-05-13 07:00:00,139,139,57,,59,63,0,65,,,,,
Bekasi,Bekasi Kayuringin,2026-05-13 07:00:00,84,84,44,,49,13,0,2,,,,,
Jakarta,The Pakubuwono Menteng,2026-05-13 08:01:53,117,117,47,88,,,,,55,30.5,,,
Depok,Cinere - Nafas,2026-05-13 08:01:47,169,169,73,152,,,,,0,0,,,
Bogor,Kabupaten Bogor Leuwiliang,2026-05-13 01:00:00,-,85,46,,4,9,0,80,,,,,
Tangerang,Tangerang Pasir Jaya,2026-05-13 07:00:00,139,139,57,,59,63,0,65,,,,,
Bekasi,Bekasi Kayuringin,2026-05-13 07:00:00,84,84,44,,49,13,0,2,,,,,
Jakarta,The Pakubuwono Menteng,2026-05-13 08:02:53,125,125,50,90,,,,,55,30.5,,,
Depok,Cinere - Nafas,2026-05-13 08:02:47,167,167,69,152,,,,,0,0,,,
Bogor,Kabupaten Bogor Leuwiliang,2026-05-13 01:00:00,-,85,46,,4,9,0,80,,,,,
Tangerang,Tangerang Pasir Jaya,2026-05-13 07:00:00,139,139,57,,59,63,0,65,,,,,
Bekasi,Bekasi Kayuringin,2026-05-13 08:00:00,83,83,44,,48,13,0,2,,,,,
Jakarta,The Pakubuwono Menteng,2026-05-13 08:04:53,113,113,45,84,,,,,55,30.5,,,
Depok,Cinere - Nafas,2026-05-13 08:04:48,162,162,65,143,,,,,0,0,,,
Bogor,Kabupaten Bogor Leuwiliang,2026-05-13 01:00:00,-,85,46,,4,9,0,80,,,,,
Tangerang,Tangerang Pasir Jaya,2026-05-13 08:00:00,145,145,58,,59,63,0,65,,,,,
Bekasi,Bekasi Kayuringin,2026-05-13 08:00:00,83,83,44,,48,13,0,2,,,,,
Jakarta,The Pakubuwono Menteng,2026-05-13 08:06:53,113,113,43,83,,,,,55,30.6,,,
Depok,Cinere - Nafas,2026-05-13 08:06:47,159,159,62,137,,,,,0,0,,,
Bogor,Kabupaten Bogor Leuwiliang,2026-05-13 01:00:00,-,85,46,,4,9,0,80,,,,,
Tangerang,Tangerang Pasir Jaya,2026-05-13 08:00:00,145,145,58,,59,63,0,65,,,,,
Bekasi,Bekasi Kayuringin,2026-05-13 08:00:00,83,83,44,,48,13,0,2,,,,,
Jakarta,The Pakubuwono Menteng,2026-05-13 08:07:53,111,111,42,82,,,,,55,30.6,,,
Depok,Cinere - Nafas,2026-05-13 08:07:47,162,162,65,141,,,,,0,0,,,
Bogor,Kabupaten Bogor Leuwiliang,2026-05-13 01:00:00,-,85,46,,4,9,0,80,,,,,
Tangerang,Tangerang Pasir Jaya,2026-05-13 08:00:00,145,145,58,,59,63,0,65,,,,,
Bekasi,Bekasi Kayuringin,2026-05-13 08:00:00,83,83,44,,48,13,0,2,,,,,
Jakarta,The Pakubuwono Menteng,2026-05-13 08:09:53,108,108,42,81,,,,,54,30.6,,,
Depok,Cinere - Nafas,2026-05-13 08:09:47,162,162,65,144,,,,,0,0,,,
Bogor,Kabupaten Bogor Leuwiliang,2026-05-13 01:00:00,-,85,46,,4,9,0,80,,,,,
Tangerang,Tangerang Pasir Jaya,2026-05-13 08:00:00,145,145,58,,59,63,0,65,,,,,
Bekasi,Bekasi Kayuringin,2026-05-13 08:00:00,83,83,44,,48,13,0,2,,,,,
Jakarta,The Pakubuwono Menteng,2026-05-13 08:09:53,108,108,42,81,,,,,54,30.6,,,
Depok,Cinere - Nafas,2026-05-13 08:09:47,162,162,65,144,,,,,0,0,,,
Bogor,Kabupaten Bogor Leuwiliang,2026-05-13 01:00:00,-,85,46,,4,9,0,80,,,,,
Tangerang,Tangerang Pasir Jaya,2026-05-13 08:00:00,145,145,58,,59,63,0,65,,,,,
Bekasi,Bekasi Kayuringin,2026-05-13 08:00:00,83,83,44,,48,13,0,2,,,,,
Jakarta,The Pakubuwono Menteng,2026-05-13 08:10:54,108,108,42,81,,,,,54,30.6,,,
Depok,Cinere - Nafas,2026-05-13 08:10:47,163,163,65,140,,,,,0,0,,,
Bogor,Kabupaten Bogor Leuwiliang,2026-05-13 01:00:00,-,85,46,,4,9,0,80,,,,,
Tangerang,Tangerang Pasir Jaya,2026-05-13 08:00:00,145,145,58,,59,63,0,65,,,,,
Bekasi,Bekasi Kayuringin,2026-05-13 08:00:00,83,83,44,,48,13,0,2,,,,,
Jakarta,The Pakubuwono Menteng,2026-05-13 08:12:53,112,112,44,85,,,,,54,30.7,,,
Depok,Cinere - Nafas,2026-05-13 08:12:47,163,163,65,141,,,,,0,0,,,
Bogor,Kabupaten Bogor Leuwiliang,2026-05-13 01:00:00,-,85,46,,4,9,0,80,,,,,
Tangerang,Tangerang Pasir Jaya,2026-05-13 08:00:00,145,145,58,,59,63,0,65,,,,,
Bekasi,Bekasi Kayuringin,2026-05-13 08:00:00,83,83,44,,48,13,0,2,,,,,
Jakarta,The Pakubuwono Menteng,2026-05-13 08:12:53,112,112,44,85,,,,,54,30.7,,,
Depok,Cinere - Nafas,2026-05-13 08:12:47,163,163,65,141,,,,,0,0,,,
Bogor,Kabupaten Bogor Leuwiliang,2026-05-13 01:00:00,-,85,46,,4,9,0,80,,,,,
Tangerang,Tangerang Pasir Jaya,2026-05-13 08:00:00,145,145,58,,59,63,0,65,,,,,
Bekasi,Bekasi Kayuringin,2026-05-13 08:00:00,83,83,44,,48,13,0,2,,,,,
Jakarta,The Pakubuwono Menteng,2026-05-13 08:13:54,101,101,39,79,,,,,54,30.7,,,
Depok,Cinere - Nafas,2026-05-13 08:13:47,161,161,64,141,,,,,0,0,,,
Bogor,Kabupaten Bogor Leuwiliang,2026-05-13 01:00:00,-,85,46,,4,9,0,80,,,,,
Tangerang,Tangerang Pasir Jaya,2026-05-13 08:00:00,145,145,58,,59,63,0,65,,,,,
Bekasi,Bekasi Kayuringin,2026-05-13 08:00:00,83,83,44,,48,13,0,2,,,,,
Jakarta,The Pakubuwono Menteng,2026-05-13 08:16:53,125,125,50,91,,,,,54,30.7,,,
Depok,Cinere - Nafas,2026-05-13 08:16:47,166,166,70,152,,,,,0,0,,,
Bogor,Kabupaten Bogor Leuwiliang,2026-05-13 01:00:00,-,85,46,,4,9,0,80,,,,,
Tangerang,Tangerang Pasir Jaya,2026-05-13 08:00:00,145,145,58,,59,63,0,65,,,,,
Bekasi,Bekasi Kayuringin,2026-05-13 08:00:00,83,83,44,,48,13,0,2,,,,,
Jakarta,The Pakubuwono Menteng,2026-05-13 08:16:53,125,125,50,91,,,,,54,30.7,,,
Depok,Cinere - Nafas,2026-05-13 08:16:47,166,166,70,152,,,,,0,0,,,
Bogor,Kabupaten Bogor Leuwiliang,2026-05-13 01:00:00,-,85,46,,4,9,0,80,,,,,
Tangerang,Tangerang Pasir Jaya,2026-05-13 08:00:00,145,145,58,,59,63,0,65,,,,,
Bekasi,Bekasi Kayuringin,2026-05-13 08:00:00,83,83,44,,48,13,0,2,,,,,
Jakarta,The Pakubuwono Menteng,2026-05-13 08:18:54,123,123,49,90,,,,,52,30.8,,,
Depok,Cinere - Nafas,2026-05-13 08:18:48,167,167,69,151,,,,,0,0,,,
Bogor,Kabupaten Bogor Leuwiliang,2026-05-13 01:00:00,-,85,46,,4,9,0,80,,,,,
Tangerang,Tangerang Pasir Jaya,2026-05-13 08:00:00,145,145,58,,59,63,0,65,,,,,
Bekasi,Bekasi Kayuringin,2026-05-13 08:00:00,83,83,44,,48,13,0,2,,,,,
Jakarta,The Pakubuwono Menteng,2026-05-13 08:20:53,116,116,47,86,,,,,53,30.8,,,
Depok,Cinere - Nafas,2026-05-13 08:20:47,161,161,64,141,,,,,0,0,,,
Bogor,Kabupaten Bogor Leuwiliang,2026-05-13 01:00:00,-,85,46,,4,9,0,80,,,,,
Tangerang,Tangerang Pasir Jaya,2026-05-13 08:00:00,145,145,58,,59,63,0,65,,,,,
Bekasi,Bekasi Kayuringin,2026-05-13 08:00:00,83,83,44,,48,13,0,2,,,,,
Jakarta,The Pakubuwono Menteng,2026-05-13 08:20:53,116,116,47,86,,,,,53,30.8,,,
Depok,Cinere - Nafas,2026-05-13 08:20:47,161,161,64,141,,,,,0,0,,,
Bogor,Kabupaten Bogor Leuwiliang,2026-05-13 01:00:00,-,85,46,,4,9,0,80,,,,,
Tangerang,Tangerang Pasir Jaya,2026-05-13 08:00:00,145,145,58,,59,63,0,65,,,,,
Bekasi,Bekasi Kayuringin,2026-05-13 08:00:00,83,83,44,,48,13,0,2,,,,,
Jakarta,The Pakubuwono Menteng,2026-05-13 08:21:53,119,119,48,87,,,,,53,30.8,,,
Depok,Cinere - Nafas,2026-05-13 08:21:47,159,159,62,134,,,,,0,0,,,
Bogor,Kabupaten Bogor Leuwiliang,2026-05-13 01:00:00,-,85,46,,4,9,0,80,,,,,
Tangerang,Tangerang Pasir Jaya,2026-05-13 08:00:00,145,145,58,,59,63,0,65,,,,,
Bekasi,Bekasi Kayuringin,2026-05-13 08:00:00,83,83,44,,48,13,0,2,,,,,
Jakarta,The Pakubuwono Menteng,2026-05-13 08:23:53,117,117,46,88,,,,,53,30.8,,,
Depok,Cinere - Nafas,2026-05-13 08:23:47,162,162,64,148,,,,,0,0,,,
Bogor,Kabupaten Bogor Leuwiliang,2026-05-13 01:00:00,-,85,46,,4,9,0,80,,,,,
Tangerang,Tangerang Pasir Jaya,2026-05-13 08:00:00,145,145,58,,59,63,0,65,,,,,
Bekasi,Bekasi Kayuringin,2026-05-13 08:00:00,83,83,44,,48,13,0,2,,,,,
Jakarta,The Pakubuwono Menteng,2026-05-13 08:23:53,117,117,46,88,,,,,53,30.8,,,
Depok,Cinere - Nafas,2026-05-13 08:23:47,162,162,64,148,,,,,0,0,,,
Bogor,Kabupaten Bogor Leuwiliang,2026-05-13 01:00:00,-,85,46,,4,9,0,80,,,,,
Tangerang,Tangerang Pasir Jaya,2026-05-13 08:00:00,145,145,58,,59,63,0,65,,,,,
Bekasi,Bekasi Kayuringin,2026-05-13 08:00:00,83,83,44,,48,13,0,2,,,,,
Jakarta,The Pakubuwono Menteng,2026-05-13 08:24:54,112,112,42,84,,,,,53,30.8,,,
Depok,Cinere - Nafas,2026-05-13 08:24:47,165,165,67,144,,,,,0,0,,,
Bogor,Kabupaten Bogor Leuwiliang,2026-05-13 01:00:00,-,85,46,,4,9,0,80,,,,,
Tangerang,Tangerang Pasir Jaya,2026-05-13 08:00:00,145,145,58,,59,63,0,65,,,,,
Bekasi,Bekasi Kayuringin,2026-05-13 08:00:00,83,83,44,,48,13,0,2,,,,,
Jakarta,The Pakubuwono Menteng,2026-05-13 08:26:54,118,118,48,87,,,,,52,30.9,,,
Depok,Cinere - Nafas,2026-05-13 08:26:47,173,173,75,155,,,,,0,0,,,
Bogor,Kabupaten Bogor Leuwiliang,2026-05-13 01:00:00,-,85,46,,4,9,0,80,,,,,
Tangerang,Tangerang Pasir Jaya,2026-05-13 08:00:00,145,145,58,,59,63,0,65,,,,,
Bekasi,Bekasi Kayuringin,2026-05-13 08:00:00,83,83,44,,48,13,0,2,,,,,
Jakarta,The Pakubuwono Menteng,2026-05-13 08:28:53,119,119,47,86,,,,,53,30.9,,,
Depok,Cinere - Nafas,2026-05-13 08:28:47,168,168,71,152,,,,,0,0,,,
Bogor,Kabupaten Bogor Leuwiliang,2026-05-13 01:00:00,-,85,46,,4,9,0,80,,,,,
Tangerang,Tangerang Pasir Jaya,2026-05-13 08:00:00,145,145,58,,59,63,0,65,,,,,
Bekasi,Bekasi Kayuringin,2026-05-13 08:00:00,83,83,44,,48,13,0,2,,,,,
Jakarta,The Pakubuwono Menteng,2026-05-13 08:29:54,115,115,47,84,,,,,53,30.9,,,
Depok,Cinere - Nafas,2026-05-13 08:29:47,167,167,69,151,,,,,0,0,,,
Bogor,Kabupaten Bogor Leuwiliang,2026-05-13 01:00:00,-,85,46,,4,9,0,80,,,,,
Tangerang,Tangerang Pasir Jaya,2026-05-13 08:00:00,145,145,58,,59,63,0,65,,,,,
Bekasi,Bekasi Kayuringin,2026-05-13 08:00:00,83,83,44,,48,13,0,2,,,,,
Jakarta,The Pakubuwono Menteng,2026-05-13 08:29:54,115,115,47,84,,,,,53,30.9,,,
Depok,Cinere - Nafas,2026-05-13 08:29:47,167,167,69,151,,,,,0,0,,,
Bogor,Kabupaten Bogor Leuwiliang,2026-05-13 01:00:00,-,85,46,,4,9,0,80,,,,,
Tangerang,Tangerang Pasir Jaya,2026-05-13 08:00:00,145,145,58,,59,63,0,65,,,,,
Bekasi,Bekasi Kayuringin,2026-05-13 08:00:00,83,83,44,,48,13,0,2,,,,,
Jakarta,The Pakubuwono Menteng,2026-05-13 08:31:54,113,113,44,86,,,,,53,30.9,,,
Depok,Cinere - Nafas,2026-05-13 08:31:47,171,171,74,154,,,,,0,0,,,
Bogor,Kabupaten Bogor Leuwiliang,2026-05-13 01:00:00,-,85,46,,4,9,0,80,,,,,
Tangerang,Tangerang Pasir Jaya,2026-05-13 08:00:00,145,145,58,,59,63,0,65,,,,,
Bekasi,Bekasi Kayuringin,2026-05-13 08:00:00,83,83,44,,48,13,0,2,,,,,
Jakarta,The Pakubuwono Menteng,2026-05-13 08:32:54,119,119,48,88,,,,,53,30.9,,,
Depok,Cinere - Nafas,2026-05-13 08:32:48,170,170,72,154,,,,,0,0,,,
Bogor,Kabupaten Bogor Leuwiliang,2026-05-13 01:00:00,-,85,46,,4,9,0,80,,,,,
Tangerang,Tangerang Pasir Jaya,2026-05-13 08:00:00,145,145,58,,59,63,0,65,,,,,
Bekasi,Bekasi Kayuringin,2026-05-13 08:00:00,83,83,44,,48,13,0,2,,,,,
Jakarta,The Pakubuwono Menteng,2026-05-13 08:32:54,119,119,48,88,,,,,53,30.9,,,
Depok,Cinere - Nafas,2026-05-13 08:32:48,170,170,72,154,,,,,0,0,,,
Bogor,Kabupaten Bogor Leuwiliang,2026-05-13 01:00:00,-,85,46,,4,9,0,80,,,,,
Tangerang,Tangerang Pasir Jaya,2026-05-13 08:00:00,145,145,58,,59,63,0,65,,,,,
Bekasi,Bekasi Kayuringin,2026-05-13 08:00:00,83,83,44,,48,13,0,2,,,,,
Jakarta,The Pakubuwono Menteng,2026-05-13 08:34:54,121,121,48,88,,,,,52,30.9,,,
Depok,Cinere - Nafas,2026-05-13 08:34:47,166,166,68,151,,,,,0,0,,,
Bogor,Kabupaten Bogor Leuwiliang,2026-05-13 01:00:00,-,85,46,,4,9,0,80,,,,,
Tangerang,Tangerang Pasir Jaya,2026-05-13 08:00:00,145,145,58,,59,63,0,65,,,,,
Bekasi,Bekasi Kayuringin,2026-05-13 08:00:00,83,83,44,,48,13,0,2,,,,,
Jakarta,The Pakubuwono Menteng,2026-05-13 08:36:54,123,123,50,90,,,,,53,31,,,
Depok,Cinere - Nafas,2026-05-13 08:36:48,165,165,67,150,,,,,0,0,,,
Bogor,Kabupaten Bogor Leuwiliang,2026-05-13 01:00:00,-,85,46,,4,9,0,80,,,,,
Tangerang,Tangerang Pasir Jaya,2026-05-13 08:00:00,145,145,58,,59,63,0,65,,,,,
Bekasi,Bekasi Kayuringin,2026-05-13 08:00:00,83,83,44,,48,13,0,2,,,,,
Jakarta,The Pakubuwono Menteng,2026-05-13 08:37:54,119,119,48,89,,,,,53,31,,,
Depok,Cinere - Nafas,2026-05-13 08:37:47,166,166,69,151,,,,,0,0,,,
Bogor,Kabupaten Bogor Leuwiliang,2026-05-13 01:00:00,-,85,46,,4,9,0,80,,,,,
Tangerang,Tangerang Pasir Jaya,2026-05-13 08:00:00,145,145,58,,59,63,0,65,,,,,
Bekasi,Bekasi Kayuringin,2026-05-13 08:00:00,83,83,44,,48,13,0,2,,,,,
Jakarta,The Pakubuwono Menteng,2026-05-13 08:39:54,113,113,44,84,,,,,53,31,,,
Depok,Cinere - Nafas,2026-05-13 08:39:47,173,173,74,155,,,,,0,0,,,
Bogor,Kabupaten Bogor Leuwiliang,2026-05-13 01:00:00,-,85,46,,4,9,0,80,,,,,
Tangerang,Tangerang Pasir Jaya,2026-05-13 08:00:00,145,145,58,,59,63,0,65,,,,,
Bekasi,Bekasi Kayuringin,2026-05-13 08:00:00,83,83,44,,48,13,0,2,,,,,
Jakarta,The Pakubuwono Menteng,2026-05-13 08:39:54,113,113,44,84,,,,,53,31,,,
Depok,Cinere - Nafas,2026-05-13 08:39:47,173,173,74,155,,,,,0,0,,,
Bogor,Kabupaten Bogor Leuwiliang,2026-05-13 01:00:00,-,85,46,,4,9,0,80,,,,,
Tangerang,Tangerang Pasir Jaya,2026-05-13 08:00:00,145,145,58,,59,63,0,65,,,,,
Bekasi,Bekasi Kayuringin,2026-05-13 08:00:00,83,83,44,,48,13,0,2,,,,,
Jakarta,The Pakubuwono Menteng,2026-05-13 08:40:54,125,125,51,91,,,,,53,31,,,
Depok,Cinere - Nafas,2026-05-13 08:40:48,170,170,71,153,,,,,0,0,,,
Bogor,Kabupaten Bogor Leuwiliang,2026-05-13 01:00:00,-,85,46,,4,9,0,80,,,,,
Tangerang,Tangerang Pasir Jaya,2026-05-13 08:00:00,145,145,58,,59,63,0,65,,,,,
Bekasi,Bekasi Kayuringin,2026-05-13 08:00:00,83,83,44,,48,13,0,2,,,,,
Jakarta,The Pakubuwono Menteng,2026-05-13 08:42:54,122,122,50,91,,,,,53,31,,,
Depok,Cinere - Nafas,2026-05-13 08:42:47,166,166,69,152,,,,,0,0,,,
Bogor,Kabupaten Bogor Leuwiliang,2026-05-13 01:00:00,-,85,46,,4,9,0,80,,,,,
Tangerang,Tangerang Pasir Jaya,2026-05-13 08:00:00,145,145,58,,59,63,0,65,,,,,
Bekasi,Bekasi Kayuringin,2026-05-13 08:00:00,83,83,44,,48,13,0,2,,,,,
Jakarta,The Pakubuwono Menteng,2026-05-13 08:42:54,122,122,50,91,,,,,53,31,,,
Depok,Cinere - Nafas,2026-05-13 08:42:47,166,166,69,152,,,,,0,0,,,
Bogor,Kabupaten Bogor Leuwiliang,2026-05-13 01:00:00,-,85,46,,4,9,0,80,,,,,
Tangerang,Tangerang Pasir Jaya,2026-05-13 08:00:00,145,145,58,,59,63,0,65,,,,,
Bekasi,Bekasi Kayuringin,2026-05-13 08:00:00,83,83,44,,48,13,0,2,,,,,
Jakarta,The Pakubuwono Menteng,2026-05-13 08:43:54,135,135,53,97,,,,,53,31,,,
Depok,Cinere - Nafas,2026-05-13 08:43:48,167,167,70,152,,,,,0,0,,,
Bogor,Kabupaten Bogor Leuwiliang,2026-05-13 01:00:00,-,85,46,,4,9,0,80,,,,,
Tangerang,Tangerang Pasir Jaya,2026-05-13 08:00:00,145,145,58,,59,63,0,65,,,,,
Bekasi,Bekasi Kayuringin,2026-05-13 08:00:00,83,83,44,,48,13,0,2,,,,,
Jakarta,The Pakubuwono Menteng,2026-05-13 08:45:54,125,125,50,92,,,,,52,31,,,
Depok,Cinere - Nafas,2026-05-13 08:45:48,166,166,70,151,,,,,0,0,,,
Bogor,Kabupaten Bogor Leuwiliang,2026-05-13 01:00:00,-,85,46,,4,9,0,80,,,,,
Tangerang,Tangerang Pasir Jaya,2026-05-13 08:00:00,145,145,58,,59,63,0,65,,,,,
Bekasi,Bekasi Kayuringin,2026-05-13 08:00:00,83,83,44,,48,13,0,2,,,,,
Jakarta,The Pakubuwono Menteng,2026-05-13 08:45:54,125,125,50,92,,,,,52,31,,,
Depok,Cinere - Nafas,2026-05-13 08:47:48,168,168,71,152,,,,,0,0,,,
Bogor,Kabupaten Bogor Leuwiliang,2026-05-13 01:00:00,-,85,46,,4,9,0,80,,,,,
Tangerang,Tangerang Pasir Jaya,2026-05-13 08:00:00,145,145,58,,59,63,0,65,,,,,
Bekasi,Bekasi Kayuringin,2026-05-13 08:00:00,83,83,44,,48,13,0,2,,,,,
Jakarta,The Pakubuwono Menteng,2026-05-13 08:48:54,135,135,53,96,,,,,52,31,,,
Depok,Cinere - Nafas,2026-05-13 08:48:49,170,170,72,152,,,,,0,0,,,
Bogor,Kabupaten Bogor Leuwiliang,2026-05-13 01:00:00,-,85,46,,4,9,0,80,,,,,
Tangerang,Tangerang Pasir Jaya,2026-05-13 08:00:00,145,145,58,,59,63,0,65,,,,,
Bekasi,Bekasi Kayuringin,2026-05-13 08:00:00,83,83,44,,48,13,0,2,,,,,
Jakarta,The Pakubuwono Menteng,2026-05-13 08:50:54,136,136,53,97,,,,,52,31,,,
Depok,Cinere - Nafas,2026-05-13 08:50:48,168,168,70,152,,,,,0,0,,,
Bogor,Kabupaten Bogor Leuwiliang,2026-05-13 01:00:00,-,85,46,,4,9,0,80,,,,,
Tangerang,Tangerang Pasir Jaya,2026-05-13 08:00:00,145,145,58,,59,63,0,65,,,,,
Bekasi,Bekasi Kayuringin,2026-05-13 08:00:00,83,83,44,,48,13,0,2,,,,,
Jakarta,The Pakubuwono Menteng,2026-05-13 08:50:54,136,136,53,97,,,,,52,31,,,
Depok,Cinere - Nafas,2026-05-13 08:50:48,168,168,70,152,,,,,0,0,,,
Bogor,Kabupaten Bogor Leuwiliang,2026-05-13 01:00:00,-,85,46,,4,9,0,80,,,,,
Tangerang,Tangerang Pasir Jaya,2026-05-13 08:00:00,145,145,58,,59,63,0,65,,,,,
Bekasi,Bekasi Kayuringin,2026-05-13 08:00:00,83,83,44,,48,13,0,2,,,,,
Jakarta,The Pakubuwono Menteng,2026-05-13 08:51:54,135,135,52,94,,,,,53,31.1,,,
Depok,Cinere - Nafas,2026-05-13 08:51:48,168,168,70,152,,,,,0,0,,,
Bogor,Kabupaten Bogor Leuwiliang,2026-05-13 01:00:00,-,85,46,,4,9,0,80,,,,,
Tangerang,Tangerang Pasir Jaya,2026-05-13 08:00:00,145,145,58,,59,63,0,65,,,,,
Bekasi,Bekasi Kayuringin,2026-05-13 08:00:00,83,83,44,,48,13,0,2,,,,,
Jakarta,The Pakubuwono Menteng,2026-05-13 08:53:54,131,131,52,96,,,,,52,31.1,,,
Depok,Cinere - Nafas,2026-05-13 08:53:48,169,169,71,153,,,,,0,0,,,
Bogor,Kabupaten Bogor Leuwiliang,2026-05-13 01:00:00,-,85,46,,4,9,0,80,,,,,
Tangerang,Tangerang Pasir Jaya,2026-05-13 08:00:00,145,145,58,,59,63,0,65,,,,,
Bekasi,Bekasi Kayuringin,2026-05-13 08:00:00,83,83,44,,48,13,0,2,,,,,
Jakarta,The Pakubuwono Menteng,2026-05-13 08:53:54,131,131,52,96,,,,,52,31.1,,,
Depok,Cinere - Nafas,2026-05-13 08:53:48,169,169,71,153,,,,,0,0,,,
Bogor,Kabupaten Bogor Leuwiliang,2026-05-13 01:00:00,-,85,46,,4,9,0,80,,,,,
Tangerang,Tangerang Pasir Jaya,2026-05-13 08:00:00,145,145,58,,59,63,0,65,,,,,
Bekasi,Bekasi Kayuringin,2026-05-13 08:00:00,83,83,44,,48,13,0,2,,,,,
Jakarta,The Pakubuwono Menteng,2026-05-13 08:54:54,136,136,53,96,,,,,52,31.1,,,
Depok,Cinere - Nafas,2026-05-13 08:54:48,165,165,67,151,,,,,0,0,,,
Bogor,Kabupaten Bogor Leuwiliang,2026-05-13 01:00:00,-,85,46,,4,9,0,80,,,,,
Tangerang,Tangerang Pasir Jaya,2026-05-13 08:00:00,145,145,58,,59,63,0,65,,,,,
Bekasi,Bekasi Kayuringin,2026-05-13 08:00:00,83,83,44,,48,13,0,2,,,,,
Jakarta,The Pakubuwono Menteng,2026-05-13 08:56:54,138,138,54,103,,,,,52,31.1,,,
Depok,Cinere - Nafas,2026-05-13 08:57:48,166,166,69,151,,,,,0,0,,,
Bogor,Kabupaten Bogor Leuwiliang,2026-05-13 01:00:00,-,85,46,,4,9,0,80,,,,,
Tangerang,Tangerang Pasir Jaya,2026-05-13 08:00:00,145,145,58,,59,63,0,65,,,,,
Bekasi,Bekasi Kayuringin,2026-05-13 08:00:00,83,83,44,,48,13,0,2,,,,,
Jakarta,The Pakubuwono Menteng,2026-05-13 08:57:54,140,140,55,100,,,,,52,31.1,,,
Depok,Cinere - Nafas,2026-05-13 08:57:48,166,166,69,151,,,,,0,0,,,
Bogor,Kabupaten Bogor Leuwiliang,2026-05-13 01:00:00,-,85,46,,4,9,0,80,,,,,
Tangerang,Tangerang Pasir Jaya,2026-05-13 08:00:00,145,145,58,,59,63,0,65,,,,,
Bekasi,Bekasi Kayuringin,2026-05-13 08:00:00,83,83,44,,48,13,0,2,,,,,
Jakarta,The Pakubuwono Menteng,2026-05-13 08:59:54,143,143,55,100,,,,,52,31.1,,,
Depok,Cinere - Nafas,2026-05-13 08:59:48,165,165,67,150,,,,,0,0,,,
Bogor,Kabupaten Bogor Leuwiliang,2026-05-13 01:00:00,-,85,46,,4,9,0,80,,,,,
Tangerang,Tangerang Pasir Jaya,2026-05-13 08:00:00,145,145,58,,59,63,0,65,,,,,
Bekasi,Bekasi Kayuringin,2026-05-13 08:00:00,83,83,44,,48,13,0,2,,,,,
Jakarta,The Pakubuwono Menteng,2026-05-13 09:00:54,140,140,54,103,,,,,52,31.1,,,
Depok,Cinere - Nafas,2026-05-13 09:00:48,163,163,66,151,,,,,0,0,,,
Bogor,Kabupaten Bogor Leuwiliang,2026-05-13 01:00:00,-,85,46,,4,9,0,80,,,,,
Tangerang,Tangerang Pasir Jaya,2026-05-13 08:00:00,145,145,58,,59,63,0,65,,,,,
Bekasi,Bekasi Kayuringin,2026-05-13 08:00:00,83,83,44,,48,13,0,2,,,,,
Jakarta,The Pakubuwono Menteng,2026-05-13 09:02:54,136,136,53,98,,,,,52,31.1,,,
Depok,Cinere - Nafas,2026-05-13 09:02:48,159,159,61,134,,,,,0,0,,,
Bogor,Kabupaten Bogor Leuwiliang,2026-05-13 01:00:00,-,85,46,,4,9,0,80,,,,,
Tangerang,Tangerang Pasir Jaya,2026-05-13 08:00:00,145,145,58,,59,63,0,65,,,,,
Bekasi,Bekasi Kayuringin,2026-05-13 08:00:00,83,83,44,,48,13,0,2,,,,,
Jakarta,The Pakubuwono Menteng,2026-05-13 09:02:54,136,136,53,98,,,,,52,31.1,,,
Depok,Cinere - Nafas,2026-05-13 09:02:48,159,159,61,134,,,,,0,0,,,
Bogor,Kabupaten Bogor Leuwiliang,2026-05-13 01:00:00,-,85,46,,4,9,0,80,,,,,
Tangerang,Tangerang Pasir Jaya,2026-05-13 08:00:00,145,145,58,,59,63,0,65,,,,,
Bekasi,Bekasi Kayuringin,2026-05-13 08:00:00,83,83,44,,48,13,0,2,,,,,
Jakarta,The Pakubuwono Menteng,2026-05-13 09:03:54,136,136,53,97,,,,,52,31.1,,,
Depok,Cinere - Nafas,2026-05-13 09:03:48,159,159,62,133,,,,,0,0,,,
Bogor,Kabupaten Bogor Leuwiliang,2026-05-13 01:00:00,-,85,46,,4,9,0,80,,,,,
Tangerang,Tangerang Pasir Jaya,2026-05-13 08:00:00,145,145,58,,59,63,0,65,,,,,
Bekasi,Bekasi Kayuringin,2026-05-13 08:00:00,83,83,44,,48,13,0,2,,,,,
Jakarta,The Pakubuwono Menteng,2026-05-13 09:05:54,142,142,55,104,,,,,52,31.1,,,
Depok,Cinere - Nafas,2026-05-13 09:05:48,160,160,62,134,,,,,0,0,,,
Bogor,Kabupaten Bogor Leuwiliang,2026-05-13 01:00:00,-,85,46,,4,9,0,80,,,,,
Tangerang,Tangerang Pasir Jaya,2026-05-13 09:00:00,147,147,58,,59,63,0,65,,,,,
Bekasi,Bekasi Kayuringin,2026-05-13 09:00:00,83,83,44,,48,13,0,2,,,,,
Jakarta,The Pakubuwono Menteng,2026-05-13 09:05:54,142,142,55,104,,,,,52,31.1,,,
Depok,Cinere - Nafas,2026-05-13 09:05:48,160,160,62,134,,,,,0,0,,,
Bogor,Kabupaten Bogor Leuwiliang,2026-05-13 01:00:00,-,85,46,,4,9,0,80,,,,,
Tangerang,Tangerang Pasir Jaya,2026-05-13 09:00:00,147,147,58,,59,63,0,65,,,,,
Bekasi,Bekasi Kayuringin,2026-05-13 09:00:00,83,83,44,,48,13,0,2,,,,,
Jakarta,The Pakubuwono Menteng,2026-05-13 09:06:54,138,138,55,101,,,,,52,31.1,,,
Depok,Cinere - Nafas,2026-05-13 09:09:19,158,158,62,128,,,,,0,0,,,
Bogor,Kabupaten Bogor Leuwiliang,2026-05-13 01:00:00,-,85,46,,4,9,0,80,,,,,
Tangerang,Tangerang Pasir Jaya,2026-05-13 09:00:00,147,147,58,,59,63,0,65,,,,,
Bekasi,Bekasi Kayuringin,2026-05-13 09:00:00,83,83,44,,48,13,0,2,,,,,
Jakarta,The Pakubuwono Menteng,2026-05-13 09:09:54,144,144,56,108,,,,,51,31.2,,,
Depok,Cinere - Nafas,2026-05-13 09:10:20,157,157,61,127,,,,,0,0,,,
Bogor,Kabupaten Bogor Leuwiliang,2026-05-13 01:00:00,-,85,46,,4,9,0,80,,,,,
Tangerang,Tangerang Pasir Jaya,2026-05-13 09:00:00,147,147,58,,59,63,0,65,,,,,
Bekasi,Bekasi Kayuringin,2026-05-13 09:00:00,83,83,44,,48,13,0,2,,,,,
Jakarta,The Pakubuwono Menteng,2026-05-13 09:09:54,144,144,56,108,,,,,51,31.2,,,
Depok,Cinere - Nafas,2026-05-13 09:10:20,157,157,61,127,,,,,0,0,,,
Bogor,Kabupaten Bogor Leuwiliang,2026-05-13 01:00:00,-,85,46,,4,9,0,80,,,,,
Tangerang,Tangerang Pasir Jaya,2026-05-13 09:00:00,147,147,58,,59,63,0,65,,,,,
Bekasi,Bekasi Kayuringin,2026-05-13 09:00:00,83,83,44,,48,13,0,2,,,,,
Jakarta,The Pakubuwono Menteng,2026-05-13 09:11:54,148,148,56,108,,,,,52,31.2,,,
Depok,Cinere - Nafas,2026-05-13 09:12:19,158,158,61,127,,,,,0,0,,,
Bogor,Kabupaten Bogor Leuwiliang,2026-05-13 01:00:00,-,85,46,,4,9,0,80,,,,,
Tangerang,Tangerang Pasir Jaya,2026-05-13 09:00:00,147,147,58,,59,63,0,65,,,,,
Bekasi,Bekasi Kayuringin,2026-05-13 09:00:00,83,83,44,,48,13,0,2,,,,,
Jakarta,The Pakubuwono Menteng,2026-05-13 09:12:54,143,143,55,100,,,,,51,31.2,,,
Depok,Cinere - Nafas,2026-05-13 09:13:19,159,159,62,133,,,,,0,0,,,
Bogor,Kabupaten Bogor Leuwiliang,2026-05-13 01:00:00,-,85,46,,4,9,0,80,,,,,
Tangerang,Tangerang Pasir Jaya,2026-05-13 09:00:00,147,147,58,,59,63,0,65,,,,,
Bekasi,Bekasi Kayuringin,2026-05-13 09:00:00,83,83,44,,48,13,0,2,,,,,
Jakarta,The Pakubuwono Menteng,2026-05-13 09:12:54,143,143,55,100,,,,,51,31.2,,,
Depok,Cinere - Nafas,2026-05-13 09:13:19,159,159,62,133,,,,,0,0,,,
Bogor,Kabupaten Bogor Leuwiliang,2026-05-13 01:00:00,-,85,46,,4,9,0,80,,,,,
Tangerang,Tangerang Pasir Jaya,2026-05-13 09:00:00,147,147,58,,59,63,0,65,,,,,
Bekasi,Bekasi Kayuringin,2026-05-13 09:00:00,83,83,44,,48,13,0,2,,,,,
Jakarta,The Pakubuwono Menteng,2026-05-13 09:14:57,146,146,56,106,,,,,52,31.2,,,
Depok,Cinere - Nafas,2026-05-13 09:15:19,156,156,60,116,,,,,0,0,,,
Bogor,Kabupaten Bogor Leuwiliang,2026-05-13 01:00:00,-,85,46,,4,9,0,80,,,,,
Tangerang,Tangerang Pasir Jaya,2026-05-13 09:00:00,147,147,58,,59,63,0,65,,,,,
Bekasi,Bekasi Kayuringin,2026-05-13 09:00:00,83,83,44,,48,13,0,2,,,,,
Jakarta,The Pakubuwono Menteng,2026-05-13 09:15:54,147,147,55,107,,,,,52,31.2,,,
Depok,Cinere - Nafas,2026-05-13 09:16:19,153,153,59,115,,,,,0,0,,,
Bogor,Kabupaten Bogor Leuwiliang,2026-05-13 01:00:00,-,85,46,,4,9,0,80,,,,,
Tangerang,Tangerang Pasir Jaya,2026-05-13 09:00:00,147,147,58,,59,63,0,65,,,,,
Bekasi,Bekasi Kayuringin,2026-05-13 09:00:00,83,83,44,,48,13,0,2,,,,,
Jakarta,The Pakubuwono Menteng,2026-05-13 09:15:54,147,147,55,107,,,,,52,31.2,,,
Depok,Cinere - Nafas,2026-05-13 09:18:19,155,155,60,119,,,,,0,0,,,
Bogor,Kabupaten Bogor Leuwiliang,2026-05-13 01:00:00,-,85,46,,4,9,0,80,,,,,
Tangerang,Tangerang Pasir Jaya,2026-05-13 09:00:00,147,147,58,,59,63,0,65,,,,,
Bekasi,Bekasi Kayuringin,2026-05-13 09:00:00,83,83,44,,48,13,0,2,,,,,
Jakarta,The Pakubuwono Menteng,2026-05-13 09:18:55,135,135,53,95,,,,,52,31.3,,,
Depok,Cinere - Nafas,2026-05-13 09:19:19,157,157,60,125,,,,,0,0,,,
Bogor,Kabupaten Bogor Leuwiliang,2026-05-13 01:00:00,-,85,46,,4,9,0,80,,,,,
Tangerang,Tangerang Pasir Jaya,2026-05-13 09:00:00,147,147,58,,59,63,0,65,,,,,
Bekasi,Bekasi Kayuringin,2026-05-13 09:00:00,83,83,44,,48,13,0,2,,,,,
Jakarta,The Pakubuwono Menteng,2026-05-13 09:20:55,133,133,52,95,,,,,52,31.4,,,
Depok,Cinere - Nafas,2026-05-13 09:21:19,160,160,62,139,,,,,0,0,,,
Bogor,Kabupaten Bogor Leuwiliang,2026-05-13 01:00:00,-,85,46,,4,9,0,80,,,,,
Tangerang,Tangerang Pasir Jaya,2026-05-13 09:00:00,147,147,58,,59,63,0,65,,,,,
Bekasi,Bekasi Kayuringin,2026-05-13 09:00:00,83,83,44,,48,13,0,2,,,,,
Jakarta,The Pakubuwono Menteng,2026-05-13 09:20:55,133,133,52,95,,,,,52,31.4,,,
Depok,Cinere - Nafas,2026-05-13 09:21:19,160,160,62,139,,,,,0,0,,,
Bogor,Kabupaten Bogor Leuwiliang,2026-05-13 01:00:00,-,85,46,,4,9,0,80,,,,,
Tangerang,Tangerang Pasir Jaya,2026-05-13 09:00:00,147,147,58,,59,63,0,65,,,,,
Bekasi,Bekasi Kayuringin,2026-05-13 09:00:00,83,83,44,,48,13,0,2,,,,,
Jakarta,The Pakubuwono Menteng,2026-05-13 09:21:55,135,135,53,96,,,,,52,31.4,,,
Depok,Cinere - Nafas,2026-05-13 09:22:19,160,160,63,136,,,,,0,0,,,
Bogor,Kabupaten Bogor Leuwiliang,2026-05-13 01:00:00,-,85,46,,4,9,0,80,,,,,
Tangerang,Tangerang Pasir Jaya,2026-05-13 09:00:00,147,147,58,,59,63,0,65,,,,,
Bekasi,Bekasi Kayuringin,2026-05-13 09:00:00,83,83,44,,48,13,0,2,,,,,
Jakarta,The Pakubuwono Menteng,2026-05-13 09:23:55,136,136,53,99,,,,,52,31.5,,,
Depok,Cinere - Nafas,2026-05-13 09:24:19,166,166,69,151,,,,,0,0,,,
Bogor,Kabupaten Bogor Leuwiliang,2026-05-13 01:00:00,-,85,46,,4,9,0,80,,,,,
Tangerang,Tangerang Pasir Jaya,2026-05-13 09:00:00,147,147,58,,59,63,0,65,,,,,
Bekasi,Bekasi Kayuringin,2026-05-13 09:00:00,83,83,44,,48,13,0,2,,,,,
Jakarta,The Pakubuwono Menteng,2026-05-13 09:23:55,136,136,53,99,,,,,52,31.5,,,
Depok,Cinere - Nafas,2026-05-13 09:24:19,166,166,69,151,,,,,0,0,,,
Bogor,Kabupaten Bogor Leuwiliang,2026-05-13 01:00:00,-,85,46,,4,9,0,80,,,,,
Tangerang,Tangerang Pasir Jaya,2026-05-13 09:00:00,147,147,58,,59,63,0,65,,,,,
Bekasi,Bekasi Kayuringin,2026-05-13 09:00:00,83,83,44,,48,13,0,2,,,,,
Jakarta,The Pakubuwono Menteng,2026-05-13 09:24:55,139,139,54,97,,,,,51,31.5,,,
Depok,Cinere - Nafas,2026-05-13 09:25:19,163,163,66,149,,,,,0,0,,,
Bogor,Kabupaten Bogor Leuwiliang,2026-05-13 01:00:00,-,85,46,,4,9,0,80,,,,,
Tangerang,Tangerang Pasir Jaya,2026-05-13 09:00:00,147,147,58,,59,63,0,65,,,,,
Bekasi,Bekasi Kayuringin,2026-05-13 09:00:00,83,83,44,,48,13,0,2,,,,,
Jakarta,The Pakubuwono Menteng,2026-05-13 09:26:55,148,148,56,111,,,,,51,31.6,,,
Depok,Cinere - Nafas,2026-05-13 09:27:19,166,166,67,151,,,,,0,0,,,
Bogor,Kabupaten Bogor Leuwiliang,2026-05-13 01:00:00,-,85,46,,4,9,0,80,,,,,
Tangerang,Tangerang Pasir Jaya,2026-05-13 09:00:00,147,147,58,,59,63,0,65,,,,,
Bekasi,Bekasi Kayuringin,2026-05-13 09:00:00,83,83,44,,48,13,0,2,,,,,
Jakarta,The Pakubuwono Menteng,2026-05-13 09:26:55,148,148,56,111,,,,,51,31.6,,,
Depok,Cinere - Nafas,2026-05-13 09:27:19,166,166,67,151,,,,,0,0,,,
Bogor,Kabupaten Bogor Leuwiliang,2026-05-13 01:00:00,-,85,46,,4,9,0,80,,,,,
Tangerang,Tangerang Pasir Jaya,2026-05-13 09:00:00,147,147,58,,59,63,0,65,,,,,
Bekasi,Bekasi Kayuringin,2026-05-13 09:00:00,83,83,44,,48,13,0,2,,,,,
Jakarta,The Pakubuwono Menteng,2026-05-13 09:29:55,143,143,55,109,,,,,50,31.6,,,
Depok,Cinere - Nafas,2026-05-13 09:30:19,179,179,82,162,,,,,0,0,,,
Bogor,Kabupaten Bogor Leuwiliang,2026-05-13 01:00:00,-,85,46,,4,9,0,80,,,,,
Tangerang,Tangerang Pasir Jaya,2026-05-13 09:00:00,147,147,58,,59,63,0,65,,,,,
Bekasi,Bekasi Kayuringin,2026-05-13 09:00:00,83,83,44,,48,13,0,2,,,,,
Jakarta,The Pakubuwono Menteng,2026-05-13 09:31:55,148,148,56,107,,,,,50,31.7,,,
Depok,Cinere - Nafas,2026-05-13 09:32:19,178,178,83,160,,,,,0,0,,,
Bogor,Kabupaten Bogor Leuwiliang,2026-05-13 01:00:00,-,85,46,,4,9,0,80,,,,,
Tangerang,Tangerang Pasir Jaya,2026-05-13 09:00:00,147,147,58,,59,63,0,65,,,,,
Bekasi,Bekasi Kayuringin,2026-05-13 09:00:00,83,83,44,,48,13,0,2,,,,,
Jakarta,The Pakubuwono Menteng,2026-05-13 09:31:55,148,148,56,107,,,,,50,31.7,,,
Depok,Cinere - Nafas,2026-05-13 09:32:19,178,178,83,160,,,,,0,0,,,
Bogor,Kabupaten Bogor Leuwiliang,2026-05-13 01:00:00,-,85,46,,4,9,0,80,,,,,
Tangerang,Tangerang Pasir Jaya,2026-05-13 09:00:00,147,147,58,,59,63,0,65,,,,,
Bekasi,Bekasi Kayuringin,2026-05-13 09:00:00,83,83,44,,48,13,0,2,,,,,
Jakarta,The Pakubuwono Menteng,2026-05-13 09:32:55,140,140,55,104,,,,,50,31.7,,,
Depok,Cinere - Nafas,2026-05-13 09:33:19,171,171,74,155,,,,,0,0,,,
Bogor,Kabupaten Bogor Leuwiliang,2026-05-13 01:00:00,-,85,46,,4,9,0,80,,,,,
Tangerang,Tangerang Pasir Jaya,2026-05-13 09:00:00,147,147,58,,59,63,0,65,,,,,
Bekasi,Bekasi Kayuringin,2026-05-13 09:00:00,83,83,44,,48,13,0,2,,,,,
Jakarta,The Pakubuwono Menteng,2026-05-13 09:34:55,139,139,54,101,,,,,50,31.7,,,
Depok,Cinere - Nafas,2026-05-13 09:35:19,166,166,68,151,,,,,0,0,,,
Bogor,Kabupaten Bogor Leuwiliang,2026-05-13 01:00:00,-,85,46,,4,9,0,80,,,,,
Tangerang,Tangerang Pasir Jaya,2026-05-13 09:00:00,147,147,58,,59,63,0,65,,,,,
Bekasi,Bekasi Kayuringin,2026-05-13 09:00:00,83,83,44,,48,13,0,2,,,,,
Jakarta,The Pakubuwono Menteng,2026-05-13 09:34:55,139,139,54,101,,,,,50,31.7,,,
Depok,Cinere - Nafas,2026-05-13 09:35:19,166,166,68,151,,,,,0,0,,,
Bogor,Kabupaten Bogor Leuwiliang,2026-05-13 01:00:00,-,85,46,,4,9,0,80,,,,,
Tangerang,Tangerang Pasir Jaya,2026-05-13 09:00:00,147,147,58,,59,63,0,65,,,,,
Bekasi,Bekasi Kayuringin,2026-05-13 09:00:00,83,83,44,,48,13,0,2,,,,,
Jakarta,The Pakubuwono Menteng,2026-05-13 09:35:55,144,144,55,105,,,,,50,31.8,,,
Depok,Cinere - Nafas,2026-05-13 09:36:19,162,162,64,140,,,,,0,0,,,
Bogor,Kabupaten Bogor Leuwiliang,2026-05-13 01:00:00,-,85,46,,4,9,0,80,,,,,
Tangerang,Tangerang Pasir Jaya,2026-05-13 09:00:00,147,147,58,,59,63,0,65,,,,,
Bekasi,Bekasi Kayuringin,2026-05-13 09:00:00,83,83,44,,48,13,0,2,,,,,
Jakarta,The Pakubuwono Menteng,2026-05-13 09:37:55,151,151,57,113,,,,,50,31.8,,,
Depok,Cinere - Nafas,2026-05-13 09:38:19,162,162,64,139,,,,,0,0,,,
Bogor,Kabupaten Bogor Leuwiliang,2026-05-13 01:00:00,-,85,46,,4,9,0,80,,,,,
Tangerang,Tangerang Pasir Jaya,2026-05-13 09:00:00,147,147,58,,59,63,0,65,,,,,
Bekasi,Bekasi Kayuringin,2026-05-13 09:00:00,83,83,44,,48,13,0,2,,,,,
Jakarta,The Pakubuwono Menteng,2026-05-13 09:37:55,151,151,57,113,,,,,50,31.8,,,
Depok,Cinere - Nafas,2026-05-13 09:39:19,162,162,64,148,,,,,0,0,,,
Bogor,Kabupaten Bogor Leuwiliang,2026-05-13 01:00:00,-,85,46,,4,9,0,80,,,,,
Tangerang,Tangerang Pasir Jaya,2026-05-13 09:00:00,147,147,58,,59,63,0,65,,,,,
Bekasi,Bekasi Kayuringin,2026-05-13 09:00:00,83,83,44,,48,13,0,2,,,,,
Jakarta,The Pakubuwono Menteng,2026-05-13 09:40:55,142,142,55,101,,,,,51,31.9,,,
Depok,Cinere - Nafas,2026-05-13 09:41:19,163,163,66,146,,,,,0,0,,,
Bogor,Kabupaten Bogor Leuwiliang,2026-05-13 01:00:00,-,85,46,,4,9,0,80,,,,,
Tangerang,Tangerang Pasir Jaya,2026-05-13 09:00:00,147,147,58,,59,63,0,65,,,,,
Bekasi,Bekasi Kayuringin,2026-05-13 09:00:00,83,83,44,,48,13,0,2,,,,,
Jakarta,The Pakubuwono Menteng,2026-05-13 09:40:55,142,142,55,101,,,,,51,31.9,,,
Depok,Cinere - Nafas,2026-05-13 09:41:19,163,163,66,146,,,,,0,0,,,
Bogor,Kabupaten Bogor Leuwiliang,2026-05-13 01:00:00,-,85,46,,4,9,0,80,,,,,
Tangerang,Tangerang Pasir Jaya,2026-05-13 09:00:00,147,147,58,,59,63,0,65,,,,,
Bekasi,Bekasi Kayuringin,2026-05-13 09:00:00,83,83,44,,48,13,0,2,,,,,
Jakarta,The Pakubuwono Menteng,2026-05-13 09:42:55,144,144,56,110,,,,,50,31.9,,,
Depok,Cinere - Nafas,2026-05-13 09:43:19,181,181,92,156,,,,,0,0,,,
Bogor,Kabupaten Bogor Leuwiliang,2026-05-13 01:00:00,-,85,46,,4,9,0,80,,,,,
Tangerang,Tangerang Pasir Jaya,2026-05-13 09:00:00,147,147,58,,59,63,0,65,,,,,
Bekasi,Bekasi Kayuringin,2026-05-13 09:00:00,83,83,44,,48,13,0,2,,,,,
Jakarta,The Pakubuwono Menteng,2026-05-13 09:43:55,152,152,58,117,,,,,50,31.9,,,
Depok,Cinere - Nafas,2026-05-13 09:44:19,167,167,73,151,,,,,0,0,,,
Bogor,Kabupaten Bogor Leuwiliang,2026-05-13 01:00:00,-,85,46,,4,9,0,80,,,,,
Tangerang,Tangerang Pasir Jaya,2026-05-13 09:00:00,147,147,58,,59,63,0,65,,,,,
Bekasi,Bekasi Kayuringin,2026-05-13 09:00:00,83,83,44,,48,13,0,2,,,,,
Jakarta,The Pakubuwono Menteng,2026-05-13 09:43:55,152,152,58,117,,,,,50,31.9,,,
Depok,Cinere - Nafas,2026-05-13 09:44:19,167,167,73,151,,,,,0,0,,,
Bogor,Kabupaten Bogor Leuwiliang,2026-05-13 01:00:00,-,85,46,,4,9,0,80,,,,,
Tangerang,Tangerang Pasir Jaya,2026-05-13 09:00:00,147,147,58,,59,63,0,65,,,,,
Bekasi,Bekasi Kayuringin,2026-05-13 09:00:00,83,83,44,,48,13,0,2,,,,,
Jakarta,The Pakubuwono Menteng,2026-05-13 09:45:55,154,154,59,125,,,,,50,31.9,,,
Depok,Cinere - Nafas,2026-05-13 09:46:19,162,162,65,140,,,,,0,0,,,
Bogor,Kabupaten Bogor Leuwiliang,2026-05-13 01:00:00,-,85,46,,4,9,0,80,,,,,
Tangerang,Tangerang Pasir Jaya,2026-05-13 09:00:00,147,147,58,,59,63,0,65,,,,,
Bekasi,Bekasi Kayuringin,2026-05-13 09:00:00,83,83,44,,48,13,0,2,,,,,
Jakarta,The Pakubuwono Menteng,2026-05-13 09:46:55,154,154,59,121,,,,,50,32,,,
Depok,Cinere - Nafas,2026-05-13 09:47:19,163,163,66,143,,,,,0,0,,,
Bogor,Kabupaten Bogor Leuwiliang,2026-05-13 01:00:00,-,85,46,,4,9,0,80,,,,,
Tangerang,Tangerang Pasir Jaya,2026-05-13 09:00:00,147,147,58,,59,63,0,65,,,,,
Bekasi,Bekasi Kayuringin,2026-05-13 09:00:00,83,83,44,,48,13,0,2,,,,,
Jakarta,The Pakubuwono Menteng,2026-05-13 09:48:55,154,154,59,129,,,,,50,32,,,
Depok,Cinere - Nafas,2026-05-13 09:49:19,163,163,65,149,,,,,0,0,,,
Bogor,Kabupaten Bogor Leuwiliang,2026-05-13 01:00:00,-,85,46,,4,9,0,80,,,,,
Tangerang,Tangerang Pasir Jaya,2026-05-13 09:00:00,147,147,58,,59,63,0,65,,,,,
Bekasi,Bekasi Kayuringin,2026-05-13 09:00:00,83,83,44,,48,13,0,2,,,,,
Jakarta,The Pakubuwono Menteng,2026-05-13 09:49:55,155,155,60,126,,,,,49,32.09,,,
Depok,Cinere - Nafas,2026-05-13 09:50:19,161,161,63,142,,,,,0,0,,,
Bogor,Kabupaten Bogor Leuwiliang,2026-05-13 01:00:00,-,85,46,,4,9,0,80,,,,,
Tangerang,Tangerang Pasir Jaya,2026-05-13 09:00:00,147,147,58,,59,63,0,65,,,,,
Bekasi,Bekasi Kayuringin,2026-05-13 09:00:00,83,83,44,,48,13,0,2,,,,,
Jakarta,The Pakubuwono Menteng,2026-05-13 09:51:56,152,152,57,115,,,,,49,32.09,,,
Depok,Cinere - Nafas,2026-05-13 09:52:19,157,157,61,126,,,,,0,0,,,
Bogor,Kabupaten Bogor Leuwiliang,2026-05-13 01:00:00,-,85,46,,4,9,0,80,,,,,
Tangerang,Tangerang Pasir Jaya,2026-05-13 09:00:00,147,147,58,,59,63,0,65,,,,,
Bekasi,Bekasi Kayuringin,2026-05-13 09:00:00,83,83,44,,48,13,0,2,,,,,
Jakarta,The Pakubuwono Menteng,2026-05-13 09:52:55,155,155,59,125,,,,,49,32.2,,,
Depok,Cinere - Nafas,2026-05-13 09:53:20,159,159,62,133,,,,,0,0,,,
Bogor,Kabupaten Bogor Leuwiliang,2026-05-13 01:00:00,-,85,46,,4,9,0,80,,,,,
Tangerang,Tangerang Pasir Jaya,2026-05-13 09:00:00,147,147,58,,59,63,0,65,,,,,
Bekasi,Bekasi Kayuringin,2026-05-13 09:00:00,83,83,44,,48,13,0,2,,,,,
Jakarta,The Pakubuwono Menteng,2026-05-13 09:52:55,155,155,59,125,,,,,49,32.2,,,
Depok,Cinere - Nafas,2026-05-13 09:53:20,159,159,62,133,,,,,0,0,,,
Bogor,Kabupaten Bogor Leuwiliang,2026-05-13 01:00:00,-,85,46,,4,9,0,80,,,,,
Tangerang,Tangerang Pasir Jaya,2026-05-13 09:00:00,147,147,58,,59,63,0,65,,,,,
Bekasi,Bekasi Kayuringin,2026-05-13 09:00:00,83,83,44,,48,13,0,2,,,,,
Jakarta,The Pakubuwono Menteng,2026-05-13 09:54:55,153,153,58,118,,,,,48,32.09,,,
Depok,Cinere - Nafas,2026-05-13 09:55:19,159,159,61,129,,,,,0,0,,,
Bogor,Kabupaten Bogor Leuwiliang,2026-05-13 01:00:00,-,85,46,,4,9,0,80,,,,,
Tangerang,Tangerang Pasir Jaya,2026-05-13 09:00:00,147,147,58,,59,63,0,65,,,,,
Bekasi,Bekasi Kayuringin,2026-05-13 09:00:00,83,83,44,,48,13,0,2,,,,,
Jakarta,The Pakubuwono Menteng,2026-05-13 09:56:56,149,149,56,107,,,,,48,32.2,,,
Depok,Cinere - Nafas,2026-05-13 09:57:19,159,159,62,138,,,,,0,0,,,
Bogor,Kabupaten Bogor Leuwiliang,2026-05-13 01:00:00,-,85,46,,4,9,0,80,,,,,
Tangerang,Tangerang Pasir Jaya,2026-05-13 09:00:00,147,147,58,,59,63,0,65,,,,,
Bekasi,Bekasi Kayuringin,2026-05-13 09:00:00,83,83,44,,48,13,0,2,,,,,
Jakarta,The Pakubuwono Menteng,2026-05-13 09:56:56,149,149,56,107,,,,,48,32.2,,,
Depok,Cinere - Nafas,2026-05-13 09:57:19,159,159,62,138,,,,,0,0,,,
Bogor,Kabupaten Bogor Leuwiliang,2026-05-13 01:00:00,-,85,46,,4,9,0,80,,,,,
Tangerang,Tangerang Pasir Jaya,2026-05-13 09:00:00,147,147,58,,59,63,0,65,,,,,
Bekasi,Bekasi Kayuringin,2026-05-13 09:00:00,83,83,44,,48,13,0,2,,,,,
Jakarta,The Pakubuwono Menteng,2026-05-13 09:57:55,151,151,57,113,,,,,49,32.2,,,
Depok,Cinere - Nafas,2026-05-13 09:58:20,158,158,61,133,,,,,0,0,,,
Bogor,Kabupaten Bogor Leuwiliang,2026-05-13 01:00:00,-,85,46,,4,9,0,80,,,,,
Tangerang,Tangerang Pasir Jaya,2026-05-13 09:00:00,147,147,58,,59,63,0,65,,,,,
Bekasi,Bekasi Kayuringin,2026-05-13 09:00:00,83,83,44,,48,13,0,2,,,,,
Jakarta,The Pakubuwono Menteng,2026-05-13 09:59:55,151,151,57,111,,,,,49,32.2,,,
Depok,Cinere - Nafas,2026-05-13 10:00:20,157,157,61,126,,,,,0,0,,,
Bogor,Kabupaten Bogor Leuwiliang,2026-05-13 01:00:00,-,85,46,,4,9,0,80,,,,,
Tangerang,Tangerang Pasir Jaya,2026-05-13 09:00:00,147,147,58,,59,63,0,65,,,,,
Bekasi,Bekasi Kayuringin,2026-05-13 09:00:00,83,83,44,,48,13,0,2,,,,,
Jakarta,The Pakubuwono Menteng,2026-05-13 10:00:56,153,153,58,116,,,,,49,32.3,,,
Depok,Cinere - Nafas,2026-05-13 10:01:20,160,160,62,140,,,,,0,0,,,
Bogor,Kabupaten Bogor Leuwiliang,2026-05-13 01:00:00,-,85,46,,4,9,0,80,,,,,
Tangerang,Tangerang Pasir Jaya,2026-05-13 09:00:00,147,147,58,,59,63,0,65,,,,,
Bekasi,Bekasi Kayuringin,2026-05-13 09:00:00,83,83,44,,48,13,0,2,,,,,
Jakarta,The Pakubuwono Menteng,2026-05-13 10:00:56,153,153,58,116,,,,,49,32.3,,,
Depok,Cinere - Nafas,2026-05-13 10:01:20,160,160,62,140,,,,,0,0,,,
Bogor,Kabupaten Bogor Leuwiliang,2026-05-13 01:00:00,-,85,46,,4,9,0,80,,,,,
Tangerang,Tangerang Pasir Jaya,2026-05-13 09:00:00,147,147,58,,59,63,0,65,,,,,
Bekasi,Bekasi Kayuringin,2026-05-13 09:00:00,83,83,44,,48,13,0,2,,,,,
Jakarta,The Pakubuwono Menteng,2026-05-13 10:02:56,152,152,58,116,,,,,48,32.3,,,
Depok,Cinere - Nafas,2026-05-13 10:03:20,155,155,59,120,,,,,0,0,,,
Bogor,Kabupaten Bogor Leuwiliang,2026-05-13 01:00:00,-,85,46,,4,9,0,80,,,,,
Tangerang,Tangerang Pasir Jaya,2026-05-13 09:00:00,147,147,58,,59,63,0,65,,,,,
Bekasi,Bekasi Kayuringin,2026-05-13 09:00:00,83,83,44,,48,13,0,2,,,,,
Jakarta,The Pakubuwono Menteng,2026-05-13 10:04:56,154,154,59,120,,,,,48,32.3,,,
Depok,Cinere - Nafas,2026-05-13 10:05:20,154,154,58,115,,,,,0,0,,,
Bogor,Kabupaten Bogor Leuwiliang,2026-05-13 01:00:00,-,85,46,,4,9,0,80,,,,,
Tangerang,Tangerang Pasir Jaya,2026-05-13 10:00:00,148,148,59,,59,63,0,65,,,,,
Bekasi,Bekasi Kayuringin,2026-05-13 10:00:00,85,85,46,,48,13,0,2,,,,,
Jakarta,The Pakubuwono Menteng,2026-05-13 10:05:56,152,152,58,119,,,,,48,32.3,,,
Depok,Cinere - Nafas,2026-05-13 10:06:20,156,156,60,125,,,,,0,0,,,
Bogor,Kabupaten Bogor Leuwiliang,2026-05-13 01:00:00,-,85,46,,4,9,0,80,,,,,
Tangerang,Tangerang Pasir Jaya,2026-05-13 10:00:00,148,148,59,,59,63,0,65,,,,,
Bekasi,Bekasi Kayuringin,2026-05-13 10:00:00,85,85,46,,48,13,0,2,,,,,
Jakarta,The Pakubuwono Menteng,2026-05-13 10:05:56,152,152,58,119,,,,,48,32.3,,,
Depok,Cinere - Nafas,2026-05-13 10:06:20,156,156,60,125,,,,,0,0,,,
Bogor,Kabupaten Bogor Leuwiliang,2026-05-13 01:00:00,-,85,46,,4,9,0,80,,,,,
Tangerang,Tangerang Pasir Jaya,2026-05-13 10:00:00,148,148,59,,59,63,0,65,,,,,
Bekasi,Bekasi Kayuringin,2026-05-13 10:00:00,85,85,46,,48,13,0,2,,,,,
Jakarta,The Pakubuwono Menteng,2026-05-13 10:07:56,153,153,59,118,,,,,48,32.4,,,
Depok,Cinere - Nafas,2026-05-13 10:08:22,154,154,60,121,,,,,0,0,,,
Bogor,Kabupaten Bogor Leuwiliang,2026-05-13 01:00:00,-,85,46,,4,9,0,80,,,,,
Tangerang,Tangerang Pasir Jaya,2026-05-13 10:00:00,148,148,59,,59,63,0,65,,,,,
Bekasi,Bekasi Kayuringin,2026-05-13 10:00:00,85,85,46,,48,13,0,2,,,,,
Jakarta,The Pakubuwono Menteng,2026-05-13 10:08:56,155,155,60,131,,,,,48,32.4,,,
Depok,Cinere - Nafas,2026-05-13 10:09:22,152,152,58,115,,,,,0,0,,,
Bogor,Kabupaten Bogor Leuwiliang,2026-05-13 01:00:00,-,85,46,,4,9,0,80,,,,,
Tangerang,Tangerang Pasir Jaya,2026-05-13 10:00:00,148,148,59,,59,63,0,65,,,,,
Bekasi,Bekasi Kayuringin,2026-05-13 10:00:00,85,85,46,,48,13,0,2,,,,,
Jakarta,The Pakubuwono Menteng,2026-05-13 10:08:56,155,155,60,131,,,,,48,32.4,,,
Depok,Cinere - Nafas,2026-05-13 10:09:22,152,152,58,115,,,,,0,0,,,
Bogor,Kabupaten Bogor Leuwiliang,2026-05-13 01:00:00,-,85,46,,4,9,0,80,,,,,
Tangerang,Tangerang Pasir Jaya,2026-05-13 10:00:00,148,148,59,,59,63,0,65,,,,,
Bekasi,Bekasi Kayuringin,2026-05-13 10:00:00,85,85,46,,48,13,0,2,,,,,
Jakarta,The Pakubuwono Menteng,2026-05-13 10:11:56,156,156,60,127,,,,,48,32.4,,,
Depok,Cinere - Nafas,2026-05-13 10:12:22,154,154,59,121,,,,,0,0,,,
Bogor,Kabupaten Bogor Leuwiliang,2026-05-13 01:00:00,-,85,46,,4,9,0,80,,,,,
Tangerang,Tangerang Pasir Jaya,2026-05-13 10:00:00,148,148,59,,59,63,0,65,,,,,
Bekasi,Bekasi Kayuringin,2026-05-13 10:00:00,85,85,46,,48,13,0,2,,,,,
Jakarta,The Pakubuwono Menteng,2026-05-13 10:11:56,156,156,60,127,,,,,48,32.4,,,
Depok,Cinere - Nafas,2026-05-13 10:12:22,154,154,59,121,,,,,0,0,,,
Bogor,Kabupaten Bogor Leuwiliang,2026-05-13 01:00:00,-,85,46,,4,9,0,80,,,,,
Tangerang,Tangerang Pasir Jaya,2026-05-13 10:00:00,148,148,59,,59,63,0,65,,,,,
Bekasi,Bekasi Kayuringin,2026-05-13 10:00:00,85,85,46,,48,13,0,2,,,,,
Jakarta,The Pakubuwono Menteng,2026-05-13 10:13:56,155,155,59,126,,,,,48,32.4,,,
Depok,Cinere - Nafas,2026-05-13 10:14:22,155,155,60,128,,,,,0,0,,,
Bogor,Kabupaten Bogor Leuwiliang,2026-05-13 01:00:00,-,85,46,,4,9,0,80,,,,,
Tangerang,Tangerang Pasir Jaya,2026-05-13 10:00:00,148,148,59,,59,63,0,65,,,,,
Bekasi,Bekasi Kayuringin,2026-05-13 10:00:00,85,85,46,,48,13,0,2,,,,,
Jakarta,The Pakubuwono Menteng,2026-05-13 10:13:56,155,155,59,126,,,,,48,32.4,,,
Depok,Cinere - Nafas,2026-05-13 10:14:22,155,155,60,128,,,,,0,0,,,
Bogor,Kabupaten Bogor Leuwiliang,2026-05-13 01:00:00,-,85,46,,4,9,0,80,,,,,
Tangerang,Tangerang Pasir Jaya,2026-05-13 10:00:00,148,148,59,,59,63,0,65,,,,,
Bekasi,Bekasi Kayuringin,2026-05-13 10:00:00,85,85,46,,48,13,0,2,,,,,
Jakarta,The Pakubuwono Menteng,2026-05-13 10:15:56,151,151,57,116,,,,,48,32.4,,,
Depok,Cinere - Nafas,2026-05-13 10:16:22,156,156,60,131,,,,,0,0,,,
Bogor,Kabupaten Bogor Leuwiliang,2026-05-13 01:00:00,-,85,46,,4,9,0,80,,,,,
Tangerang,Tangerang Pasir Jaya,2026-05-13 10:00:00,148,148,59,,59,63,0,65,,,,,
Bekasi,Bekasi Kayuringin,2026-05-13 10:00:00,85,85,46,,48,13,0,2,,,,,
Jakarta,The Pakubuwono Menteng,2026-05-13 10:18:56,154,154,58,123,,,,,48,32.5,,,
Depok,Cinere - Nafas,2026-05-13 10:18:22,157,157,60,127,,,,,0,0,,,
Bogor,Kabupaten Bogor Leuwiliang,2026-05-13 01:00:00,-,85,46,,4,9,0,80,,,,,
Tangerang,Tangerang Pasir Jaya,2026-05-13 10:00:00,148,148,59,,59,63,0,65,,,,,
Bekasi,Bekasi Kayuringin,2026-05-13 10:00:00,85,85,46,,48,13,0,2,,,,,
Jakarta,The Pakubuwono Menteng,2026-05-13 10:18:56,154,154,58,123,,,,,48,32.5,,,
Depok,Cinere - Nafas,2026-05-13 10:18:22,157,157,60,127,,,,,0,0,,,
Bogor,Kabupaten Bogor Leuwiliang,2026-05-13 01:00:00,-,85,46,,4,9,0,80,,,,,
Tangerang,Tangerang Pasir Jaya,2026-05-13 10:00:00,148,148,59,,59,63,0,65,,,,,
Bekasi,Bekasi Kayuringin,2026-05-13 10:00:00,85,85,46,,48,13,0,2,,,,,
Jakarta,The Pakubuwono Menteng,2026-05-13 10:19:56,152,152,57,119,,,,,48,32.5,,,
Depok,Cinere - Nafas,2026-05-13 10:19:22,156,156,60,126,,,,,0,0,,,
Bogor,Kabupaten Bogor Leuwiliang,2026-05-13 01:00:00,-,85,46,,4,9,0,80,,,,,
Tangerang,Tangerang Pasir Jaya,2026-05-13 10:00:00,148,148,59,,59,63,0,65,,,,,
Bekasi,Bekasi Kayuringin,2026-05-13 10:00:00,85,85,46,,48,13,0,2,,,,,
Jakarta,The Pakubuwono Menteng,2026-05-13 10:22:56,151,151,56,112,,,,,49,32.59,,,
Depok,Cinere - Nafas,2026-05-13 10:22:22,157,157,61,131,,,,,0,0,,,
Bogor,Kabupaten Bogor Leuwiliang,2026-05-13 01:00:00,-,85,46,,4,9,0,80,,,,,
Tangerang,Tangerang Pasir Jaya,2026-05-13 10:00:00,148,148,59,,59,63,0,65,,,,,
Bekasi,Bekasi Kayuringin,2026-05-13 10:00:00,85,85,46,,48,13,0,2,,,,,
Jakarta,The Pakubuwono Menteng,2026-05-13 10:22:56,151,151,56,112,,,,,49,32.59,,,
Depok,Cinere - Nafas,2026-05-13 10:22:22,157,157,61,131,,,,,0,0,,,
Bogor,Kabupaten Bogor Leuwiliang,2026-05-13 01:00:00,-,85,46,,4,9,0,80,,,,,
Tangerang,Tangerang Pasir Jaya,2026-05-13 10:00:00,148,148,59,,59,63,0,65,,,,,
Bekasi,Bekasi Kayuringin,2026-05-13 10:00:00,85,85,46,,48,13,0,2,,,,,
Jakarta,The Pakubuwono Menteng,2026-05-13 10:24:56,154,154,58,120,,,,,48,32.59,,,
Depok,Cinere - Nafas,2026-05-13 10:24:22,157,157,61,125,,,,,0,0,,,
Bogor,Kabupaten Bogor Leuwiliang,2026-05-13 01:00:00,-,85,46,,4,9,0,80,,,,,
Tangerang,Tangerang Pasir Jaya,2026-05-13 10:00:00,148,148,59,,59,63,0,65,,,,,
Bekasi,Bekasi Kayuringin,2026-05-13 10:00:00,85,85,46,,48,13,0,2,,,,,
Jakarta,The Pakubuwono Menteng,2026-05-13 10:25:56,155,155,59,126,,,,,47,32.59,,,
Depok,Cinere - Nafas,2026-05-13 10:25:22,157,157,61,130,,,,,0,0,,,
Bogor,Kabupaten Bogor Leuwiliang,2026-05-13 01:00:00,-,85,46,,4,9,0,80,,,,,
Tangerang,Tangerang Pasir Jaya,2026-05-13 10:00:00,148,148,59,,59,63,0,65,,,,,
Bekasi,Bekasi Kayuringin,2026-05-13 10:00:00,85,85,46,,48,13,0,2,,,,,
Jakarta,The Pakubuwono Menteng,2026-05-13 10:25:56,155,155,59,126,,,,,47,32.59,,,
Depok,Cinere - Nafas,2026-05-13 10:25:22,157,157,61,130,,,,,0,0,,,
Bogor,Kabupaten Bogor Leuwiliang,2026-05-13 01:00:00,-,85,46,,4,9,0,80,,,,,
Tangerang,Tangerang Pasir Jaya,2026-05-13 10:00:00,148,148,59,,59,63,0,65,,,,,
Bekasi,Bekasi Kayuringin,2026-05-13 10:00:00,85,85,46,,48,13,0,2,,,,,
Jakarta,The Pakubuwono Menteng,2026-05-13 10:27:56,155,155,59,130,,,,,47,32.59,,,
Depok,Cinere - Nafas,2026-05-13 10:27:22,158,158,61,131,,,,,0,0,,,
Bogor,Kabupaten Bogor Leuwiliang,2026-05-13 01:00:00,-,85,46,,4,9,0,80,,,,,
Tangerang,Tangerang Pasir Jaya,2026-05-13 10:00:00,148,148,59,,59,63,0,65,,,,,
Bekasi,Bekasi Kayuringin,2026-05-13 10:00:00,85,85,46,,48,13,0,2,,,,,
Jakarta,The Pakubuwono Menteng,2026-05-13 10:28:56,155,155,59,122,,,,,47,32.7,,,
Depok,Cinere - Nafas,2026-05-13 10:28:22,157,157,61,127,,,,,0,0,,,
Bogor,Kabupaten Bogor Leuwiliang,2026-05-13 01:00:00,-,85,46,,4,9,0,80,,,,,
Tangerang,Tangerang Pasir Jaya,2026-05-13 10:00:00,148,148,59,,59,63,0,65,,,,,
Bekasi,Bekasi Kayuringin,2026-05-13 10:00:00,85,85,46,,48,13,0,2,,,,,
Jakarta,The Pakubuwono Menteng,2026-05-13 10:30:56,155,155,59,126,,,,,47,32.7,,,
Depok,Cinere - Nafas,2026-05-13 10:30:22,156,156,61,127,,,,,0,0,,,
Bogor,Kabupaten Bogor Leuwiliang,2026-05-13 01:00:00,-,85,46,,4,9,0,80,,,,,
Tangerang,Tangerang Pasir Jaya,2026-05-13 10:00:00,148,148,59,,59,63,0,65,,,,,
Bekasi,Bekasi Kayuringin,2026-05-13 10:00:00,85,85,46,,48,13,0,2,,,,,
Jakarta,The Pakubuwono Menteng,2026-05-13 10:30:56,155,155,59,126,,,,,47,32.7,,,
Depok,Cinere - Nafas,2026-05-13 10:30:22,156,156,61,127,,,,,0,0,,,
Bogor,Kabupaten Bogor Leuwiliang,2026-05-13 01:00:00,-,85,46,,4,9,0,80,,,,,
Tangerang,Tangerang Pasir Jaya,2026-05-13 10:00:00,148,148,59,,59,63,0,65,,,,,
Bekasi,Bekasi Kayuringin,2026-05-13 10:00:00,85,85,46,,48,13,0,2,,,,,
Jakarta,The Pakubuwono Menteng,2026-05-13 10:33:56,153,153,58,116,,,,,47,32.8,,,
Depok,Cinere - Nafas,2026-05-13 10:33:23,159,159,62,136,,,,,0,0,,,
Bogor,Kabupaten Bogor Leuwiliang,2026-05-13 01:00:00,-,85,46,,4,9,0,80,,,,,
Tangerang,Tangerang Pasir Jaya,2026-05-13 10:00:00,148,148,59,,59,63,0,65,,,,,
Bekasi,Bekasi Kayuringin,2026-05-13 10:00:00,85,85,46,,48,13,0,2,,,,,
Jakarta,The Pakubuwono Menteng,2026-05-13 10:34:56,150,150,56,112,,,,,48,32.8,,,
Depok,Cinere - Nafas,2026-05-13 10:34:23,159,159,61,136,,,,,0,0,,,
Bogor,Kabupaten Bogor Leuwiliang,2026-05-13 01:00:00,-,85,46,,4,9,0,80,,,,,
Tangerang,Tangerang Pasir Jaya,2026-05-13 10:00:00,148,148,59,,59,63,0,65,,,,,
Bekasi,Bekasi Kayuringin,2026-05-13 10:00:00,85,85,46,,48,13,0,2,,,,,
Jakarta,The Pakubuwono Menteng,2026-05-13 10:34:56,150,150,56,112,,,,,48,32.8,,,
Depok,Cinere - Nafas,2026-05-13 10:34:23,159,159,61,136,,,,,0,0,,,
Bogor,Kabupaten Bogor Leuwiliang,2026-05-13 01:00:00,-,85,46,,4,9,0,80,,,,,
Tangerang,Tangerang Pasir Jaya,2026-05-13 10:00:00,148,148,59,,59,63,0,65,,,,,
Bekasi,Bekasi Kayuringin,2026-05-13 10:00:00,85,85,46,,48,13,0,2,,,,,
Jakarta,The Pakubuwono Menteng,2026-05-13 10:36:57,137,137,53,100,,,,,48,32.8,,,
Depok,Cinere - Nafas,2026-05-13 10:36:23,158,158,61,134,,,,,0,0,,,
Bogor,Kabupaten Bogor Leuwiliang,2026-05-13 01:00:00,-,85,46,,4,9,0,80,,,,,
Tangerang,Tangerang Pasir Jaya,2026-05-13 10:00:00,148,148,59,,59,63,0,65,,,,,
Bekasi,Bekasi Kayuringin,2026-05-13 10:00:00,85,85,46,,48,13,0,2,,,,,
Jakarta,The Pakubuwono Menteng,2026-05-13 10:37:57,152,152,57,116,,,,,47,32.8,,,
Depok,Cinere - Nafas,2026-05-13 10:37:23,156,156,60,130,,,,,0,0,,,
Bogor,Kabupaten Bogor Leuwiliang,2026-05-13 01:00:00,-,85,46,,4,9,0,80,,,,,
Tangerang,Tangerang Pasir Jaya,2026-05-13 10:00:00,148,148,59,,59,63,0,65,,,,,
Bekasi,Bekasi Kayuringin,2026-05-13 10:00:00,85,85,46,,48,13,0,2,,,,,
Jakarta,The Pakubuwono Menteng,2026-05-13 10:37:57,152,152,57,116,,,,,47,32.8,,,
Depok,Cinere - Nafas,2026-05-13 10:37:23,156,156,60,130,,,,,0,0,,,
Bogor,Kabupaten Bogor Leuwiliang,2026-05-13 01:00:00,-,85,46,,4,9,0,80,,,,,
Tangerang,Tangerang Pasir Jaya,2026-05-13 10:00:00,148,148,59,,59,63,0,65,,,,,
Bekasi,Bekasi Kayuringin,2026-05-13 10:00:00,85,85,46,,48,13,0,2,,,,,
Jakarta,The Pakubuwono Menteng,2026-05-13 10:39:56,154,154,59,120,,,,,48,32.9,,,
Depok,Cinere - Nafas,2026-05-13 10:39:23,158,158,61,135,,,,,0,0,,,
Bogor,Kabupaten Bogor Leuwiliang,2026-05-13 01:00:00,-,85,46,,4,9,0,80,,,,,
Tangerang,Tangerang Pasir Jaya,2026-05-13 10:00:00,148,148,59,,59,63,0,65,,,,,
Bekasi,Bekasi Kayuringin,2026-05-13 10:00:00,85,85,46,,48,13,0,2,,,,,
Jakarta,The Pakubuwono Menteng,2026-05-13 10:40:57,154,154,59,126,,,,,47,32.9,,,
Depok,Cinere - Nafas,2026-05-13 10:40:23,159,159,61,136,,,,,0,0,,,
Bogor,Kabupaten Bogor Leuwiliang,2026-05-13 01:00:00,-,85,46,,4,9,0,80,,,,,
Tangerang,Tangerang Pasir Jaya,2026-05-13 10:00:00,148,148,59,,59,63,0,65,,,,,
Bekasi,Bekasi Kayuringin,2026-05-13 10:00:00,85,85,46,,48,13,0,2,,,,,
Jakarta,The Pakubuwono Menteng,2026-05-13 10:40:57,154,154,59,126,,,,,47,32.9,,,
Depok,Cinere - Nafas,2026-05-13 10:40:23,159,159,61,136,,,,,0,0,,,
Bogor,Kabupaten Bogor Leuwiliang,2026-05-13 01:00:00,-,85,46,,4,9,0,80,,,,,
Tangerang,Tangerang Pasir Jaya,2026-05-13 10:00:00,148,148,59,,59,63,0,65,,,,,
Bekasi,Bekasi Kayuringin,2026-05-13 10:00:00,85,85,46,,48,13,0,2,,,,,
Jakarta,The Pakubuwono Menteng,2026-05-13 10:44:57,153,153,58,118,,,,,47,33,,,
Depok,Cinere - Nafas,2026-05-13 10:44:23,157,157,61,125,,,,,0,0,,,
Bogor,Kabupaten Bogor Leuwiliang,2026-05-13 01:00:00,-,85,46,,4,9,0,80,,,,,
Tangerang,Tangerang Pasir Jaya,2026-05-13 10:00:00,148,148,59,,59,63,0,65,,,,,
Bekasi,Bekasi Kayuringin,2026-05-13 10:00:00,85,85,46,,48,13,0,2,,,,,
Jakarta,The Pakubuwono Menteng,2026-05-13 10:45:57,151,151,57,117,,,,,47,33,,,
Depok,Cinere - Nafas,2026-05-13 10:45:23,160,160,62,139,,,,,0,0,,,
Bogor,Kabupaten Bogor Leuwiliang,2026-05-13 01:00:00,-,85,46,,4,9,0,80,,,,,
Tangerang,Tangerang Pasir Jaya,2026-05-13 10:00:00,148,148,59,,59,63,0,65,,,,,
Bekasi,Bekasi Kayuringin,2026-05-13 10:00:00,85,85,46,,48,13,0,2,,,,,
Jakarta,The Pakubuwono Menteng,2026-05-13 10:45:57,151,151,57,117,,,,,47,33,,,
Depok,Cinere - Nafas,2026-05-13 10:45:23,160,160,62,139,,,,,0,0,,,
Bogor,Kabupaten Bogor Leuwiliang,2026-05-13 01:00:00,-,85,46,,4,9,0,80,,,,,
Tangerang,Tangerang Pasir Jaya,2026-05-13 10:00:00,148,148,59,,59,63,0,65,,,,,
Bekasi,Bekasi Kayuringin,2026-05-13 10:00:00,85,85,46,,48,13,0,2,,,,,
Jakarta,The Pakubuwono Menteng,2026-05-13 10:47:57,155,155,59,130,,,,,46,33.09,,,
Depok,Cinere - Nafas,2026-05-13 10:47:23,154,154,59,126,,,,,0,0,,,
Bogor,Kabupaten Bogor Leuwiliang,2026-05-13 01:00:00,-,85,46,,4,9,0,80,,,,,
Tangerang,Tangerang Pasir Jaya,2026-05-13 10:00:00,148,148,59,,59,63,0,65,,,,,
Bekasi,Bekasi Kayuringin,2026-05-13 10:00:00,85,85,46,,48,13,0,2,,,,,
Jakarta,The Pakubuwono Menteng,2026-05-13 10:48:57,155,155,59,125,,,,,47,33.09,,,
Depok,Cinere - Nafas,2026-05-13 10:48:23,155,155,59,121,,,,,0,0,,,
Bogor,Kabupaten Bogor Leuwiliang,2026-05-13 01:00:00,-,85,46,,4,9,0,80,,,,,
Tangerang,Tangerang Pasir Jaya,2026-05-13 10:00:00,148,148,59,,59,63,0,65,,,,,
Bekasi,Bekasi Kayuringin,2026-05-13 10:00:00,85,85,46,,48,13,0,2,,,,,
Jakarta,The Pakubuwono Menteng,2026-05-13 10:48:57,155,155,59,125,,,,,47,33.09,,,
Depok,Cinere - Nafas,2026-05-13 10:48:23,155,155,59,121,,,,,0,0,,,
Bogor,Kabupaten Bogor Leuwiliang,2026-05-13 01:00:00,-,85,46,,4,9,0,80,,,,,
Tangerang,Tangerang Pasir Jaya,2026-05-13 10:00:00,148,148,59,,59,63,0,65,,,,,
Bekasi,Bekasi Kayuringin,2026-05-13 10:00:00,85,85,46,,48,13,0,2,,,,,
Jakarta,The Pakubuwono Menteng,2026-05-13 10:50:57,153,153,58,123,,,,,47,33.2,,,
Depok,Cinere - Nafas,2026-05-13 10:50:23,160,160,62,136,,,,,0,0,,,
Bogor,Kabupaten Bogor Leuwiliang,2026-05-13 01:00:00,-,85,46,,4,9,0,80,,,,,
Tangerang,Tangerang Pasir Jaya,2026-05-13 10:00:00,148,148,59,,59,63,0,65,,,,,
Bekasi,Bekasi Kayuringin,2026-05-13 10:00:00,85,85,46,,48,13,0,2,,,,,
Jakarta,The Pakubuwono Menteng,2026-05-13 10:51:58,151,151,57,117,,,,,47,33.2,,,
Depok,Cinere - Nafas,2026-05-13 10:51:23,156,156,61,129,,,,,0,0,,,
Bogor,Kabupaten Bogor Leuwiliang,2026-05-13 01:00:00,-,85,46,,4,9,0,80,,,,,
Tangerang,Tangerang Pasir Jaya,2026-05-13 10:00:00,148,148,59,,59,63,0,65,,,,,
Bekasi,Bekasi Kayuringin,2026-05-13 10:00:00,85,85,46,,48,13,0,2,,,,,
Jakarta,The Pakubuwono Menteng,2026-05-13 10:51:58,151,151,57,117,,,,,47,33.2,,,
Depok,Cinere - Nafas,2026-05-13 10:53:23,157,157,61,128,,,,,0,0,,,
Bogor,Kabupaten Bogor Leuwiliang,2026-05-13 01:00:00,-,85,46,,4,9,0,80,,,,,
Tangerang,Tangerang Pasir Jaya,2026-05-13 10:00:00,148,148,59,,59,63,0,65,,,,,
Bekasi,Bekasi Kayuringin,2026-05-13 10:00:00,85,85,46,,48,13,0,2,,,,,
Jakarta,The Pakubuwono Menteng,2026-05-13 10:54:57,155,155,59,124,,,,,47,33.3,,,
Depok,Cinere - Nafas,2026-05-13 10:54:23,156,156,60,128,,,,,0,0,,,
Bogor,Kabupaten Bogor Leuwiliang,2026-05-13 01:00:00,-,85,46,,4,9,0,80,,,,,
Tangerang,Tangerang Pasir Jaya,2026-05-13 10:00:00,148,148,59,,59,63,0,65,,,,,
Bekasi,Bekasi Kayuringin,2026-05-13 10:00:00,85,85,46,,48,13,0,2,,,,,
Jakarta,The Pakubuwono Menteng,2026-05-13 10:56:57,153,153,59,121,,,,,46,33.3,,,
Depok,Cinere - Nafas,2026-05-13 10:56:23,159,159,61,136,,,,,0,0,,,
Bogor,Kabupaten Bogor Leuwiliang,2026-05-13 01:00:00,-,85,46,,4,9,0,80,,,,,
Tangerang,Tangerang Pasir Jaya,2026-05-13 10:00:00,148,148,59,,59,63,0,65,,,,,
Bekasi,Bekasi Kayuringin,2026-05-13 10:00:00,85,85,46,,48,13,0,2,,,,,
Jakarta,The Pakubuwono Menteng,2026-05-13 10:56:57,153,153,59,121,,,,,46,33.3,,,
Depok,Cinere - Nafas,2026-05-13 10:56:23,159,159,61,136,,,,,0,0,,,
Bogor,Kabupaten Bogor Leuwiliang,2026-05-13 01:00:00,-,85,46,,4,9,0,80,,,,,
Tangerang,Tangerang Pasir Jaya,2026-05-13 10:00:00,148,148,59,,59,63,0,65,,,,,
Bekasi,Bekasi Kayuringin,2026-05-13 10:00:00,85,85,46,,48,13,0,2,,,,,
Jakarta,The Pakubuwono Menteng,2026-05-13 10:57:59,153,153,58,125,,,,,46,33.3,,,
Depok,Cinere - Nafas,2026-05-13 10:57:23,157,157,61,131,,,,,0,0,,,
Bogor,Kabupaten Bogor Leuwiliang,2026-05-13 01:00:00,-,85,46,,4,9,0,80,,,,,
Tangerang,Tangerang Pasir Jaya,2026-05-13 10:00:00,148,148,59,,59,63,0,65,,,,,
Bekasi,Bekasi Kayuringin,2026-05-13 10:00:00,85,85,46,,48,13,0,2,,,,,
Jakarta,The Pakubuwono Menteng,2026-05-13 10:59:57,155,155,60,129,,,,,46,33.4,,,
Depok,Cinere - Nafas,2026-05-13 10:59:23,156,156,60,129,,,,,0,0,,,
Bogor,Kabupaten Bogor Leuwiliang,2026-05-13 01:00:00,-,85,46,,4,9,0,80,,,,,
Tangerang,Tangerang Pasir Jaya,2026-05-13 10:00:00,148,148,59,,59,63,0,65,,,,,
Bekasi,Bekasi Kayuringin,2026-05-13 10:00:00,85,85,46,,48,13,0,2,,,,,
Jakarta,The Pakubuwono Menteng,2026-05-13 11:00:57,151,151,56,113,,,,,46,33.4,,,
Depok,Cinere - Nafas,2026-05-13 11:00:27,156,156,60,125,,,,,0,0,,,
Bogor,Kabupaten Bogor Leuwiliang,2026-05-13 01:00:00,-,85,46,,4,9,0,80,,,,,
Tangerang,Tangerang Pasir Jaya,2026-05-13 10:00:00,148,148,59,,59,63,0,65,,,,,
Bekasi,Bekasi Kayuringin,2026-05-13 10:00:00,85,85,46,,48,13,0,2,,,,,
Jakarta,The Pakubuwono Menteng,2026-05-13 11:00:57,151,151,56,113,,,,,46,33.4,,,
Depok,Cinere - Nafas,2026-05-13 11:00:27,156,156,60,125,,,,,0,0,,,
Bogor,Kabupaten Bogor Leuwiliang,2026-05-13 01:00:00,-,85,46,,4,9,0,80,,,,,
Tangerang,Tangerang Pasir Jaya,2026-05-13 10:00:00,148,148,59,,59,63,0,65,,,,,
Bekasi,Bekasi Kayuringin,2026-05-13 10:00:00,85,85,46,,48,13,0,2,,,,,
Jakarta,The Pakubuwono Menteng,2026-05-13 11:02:57,155,155,59,124,,,,,46,33.4,,,
Depok,Cinere - Nafas,2026-05-13 11:02:23,156,156,59,127,,,,,0,0,,,
Bogor,Kabupaten Bogor Leuwiliang,2026-05-13 01:00:00,-,85,46,,4,9,0,80,,,,,
Tangerang,Tangerang Pasir Jaya,2026-05-13 10:00:00,148,148,59,,59,63,0,65,,,,,
Bekasi,Bekasi Kayuringin,2026-05-13 10:00:00,85,85,46,,48,13,0,2,,,,,
Jakarta,The Pakubuwono Menteng,2026-05-13 11:05:57,153,153,58,121,,,,,46,33.5,,,
Depok,Cinere - Nafas,2026-05-13 11:05:23,156,156,60,132,,,,,0,0,,,
Bogor,Kabupaten Bogor Leuwiliang,2026-05-13 01:00:00,-,85,46,,4,9,0,80,,,,,
Tangerang,Tangerang Pasir Jaya,2026-05-13 11:00:00,150,150,59,,59,63,0,65,,,,,
Bekasi,Bekasi Kayuringin,2026-05-13 11:00:00,87,87,47,,47,13,0,2,,,,,
Jakarta,The Pakubuwono Menteng,2026-05-13 11:05:57,153,153,58,121,,,,,46,33.5,,,
Depok,Cinere - Nafas,2026-05-13 11:05:23,156,156,60,132,,,,,0,0,,,
Bogor,Kabupaten Bogor Leuwiliang,2026-05-13 01:00:00,-,85,46,,4,9,0,80,,,,,
Tangerang,Tangerang Pasir Jaya,2026-05-13 11:00:00,150,150,59,,59,63,0,65,,,,,
Bekasi,Bekasi Kayuringin,2026-05-13 11:00:00,87,87,47,,47,13,0,2,,,,,
Jakarta,The Pakubuwono Menteng,2026-05-13 11:06:57,151,151,57,113,,,,,46,33.4,,,
Depok,Cinere - Nafas,2026-05-13 11:06:23,155,155,60,126,,,,,0,0,,,
Bogor,Kabupaten Bogor Leuwiliang,2026-05-13 01:00:00,-,85,46,,4,9,0,80,,,,,
Tangerang,Tangerang Pasir Jaya,2026-05-13 11:00:00,150,150,59,,59,63,0,65,,,,,
Bekasi,Bekasi Kayuringin,2026-05-13 11:00:00,87,87,47,,47,13,0,2,,,,,
Jakarta,The Pakubuwono Menteng,2026-05-13 11:08:57,151,151,57,116,,,,,46,33.5,,,
Depok,Cinere - Nafas,2026-05-13 11:08:23,154,154,59,118,,,,,0,0,,,
Bogor,Kabupaten Bogor Leuwiliang,2026-05-13 01:00:00,-,85,46,,4,9,0,80,,,,,
Tangerang,Tangerang Pasir Jaya,2026-05-13 11:00:00,150,150,59,,59,63,0,65,,,,,
Bekasi,Bekasi Kayuringin,2026-05-13 11:00:00,87,87,47,,47,13,0,2,,,,,
Jakarta,The Pakubuwono Menteng,2026-05-13 11:08:57,151,151,57,116,,,,,46,33.5,,,
Depok,Cinere - Nafas,2026-05-13 11:08:23,154,154,59,118,,,,,0,0,,,
Bogor,Kabupaten Bogor Leuwiliang,2026-05-13 01:00:00,-,85,46,,4,9,0,80,,,,,
Tangerang,Tangerang Pasir Jaya,2026-05-13 11:00:00,150,150,59,,59,63,0,65,,,,,
Bekasi,Bekasi Kayuringin,2026-05-13 11:00:00,87,87,47,,47,13,0,2,,,,,
Jakarta,The Pakubuwono Menteng,2026-05-13 11:09:57,153,153,58,123,,,,,46,33.5,,,
Depok,Cinere - Nafas,2026-05-13 11:09:23,154,154,59,121,,,,,0,0,,,
Bogor,Kabupaten Bogor Leuwiliang,2026-05-13 01:00:00,-,85,46,,4,9,0,80,,,,,
Tangerang,Tangerang Pasir Jaya,2026-05-13 11:00:00,150,150,59,,59,63,0,65,,,,,
Bekasi,Bekasi Kayuringin,2026-05-13 11:00:00,87,87,47,,47,13,0,2,,,,,
Jakarta,The Pakubuwono Menteng,2026-05-13 11:11:57,152,152,57,116,,,,,46,33.5,,,
Depok,Cinere - Nafas,2026-05-13 11:11:23,157,157,61,132,,,,,0,0,,,
Bogor,Kabupaten Bogor Leuwiliang,2026-05-13 01:00:00,-,85,46,,4,9,0,80,,,,,
Tangerang,Tangerang Pasir Jaya,2026-05-13 11:00:00,150,150,59,,59,63,0,65,,,,,
Bekasi,Bekasi Kayuringin,2026-05-13 11:00:00,87,87,47,,47,13,0,2,,,,,
Jakarta,The Pakubuwono Menteng,2026-05-13 11:12:57,152,152,58,119,,,,,46,33.59,,,
Depok,Cinere - Nafas,2026-05-13 11:12:23,159,159,62,138,,,,,0,0,,,
Bogor,Kabupaten Bogor Leuwiliang,2026-05-13 01:00:00,-,85,46,,4,9,0,80,,,,,
Tangerang,Tangerang Pasir Jaya,2026-05-13 11:00:00,150,150,59,,59,63,0,65,,,,,
Bekasi,Bekasi Kayuringin,2026-05-13 11:00:00,87,87,47,,47,13,0,2,,,,,
Jakarta,The Pakubuwono Menteng,2026-05-13 11:12:57,152,152,58,119,,,,,46,33.59,,,
Depok,Cinere - Nafas,2026-05-13 11:14:23,155,155,59,126,,,,,0,0,,,
Bogor,Kabupaten Bogor Leuwiliang,2026-05-13 01:00:00,-,85,46,,4,9,0,80,,,,,
Tangerang,Tangerang Pasir Jaya,2026-05-13 11:00:00,150,150,59,,59,63,0,65,,,,,
Bekasi,Bekasi Kayuringin,2026-05-13 11:00:00,87,87,47,,47,13,0,2,,,,,
Jakarta,The Pakubuwono Menteng,2026-05-13 11:15:57,155,155,59,129,,,,,45,33.59,,,
Depok,Cinere - Nafas,2026-05-13 11:15:23,156,156,60,120,,,,,0,0,,,
Bogor,Kabupaten Bogor Leuwiliang,2026-05-13 01:00:00,-,85,46,,4,9,0,80,,,,,
Tangerang,Tangerang Pasir Jaya,2026-05-13 11:00:00,150,150,59,,59,63,0,65,,,,,
Bekasi,Bekasi Kayuringin,2026-05-13 11:00:00,87,87,47,,47,13,0,2,,,,,
Jakarta,The Pakubuwono Menteng,2026-05-13 11:15:57,155,155,59,129,,,,,45,33.59,,,
Depok,Cinere - Nafas,2026-05-13 11:15:23,156,156,60,120,,,,,0,0,,,
Bogor,Kabupaten Bogor Leuwiliang,2026-05-13 01:00:00,-,85,46,,4,9,0,80,,,,,
Tangerang,Tangerang Pasir Jaya,2026-05-13 11:00:00,150,150,59,,59,63,0,65,,,,,
Bekasi,Bekasi Kayuringin,2026-05-13 11:00:00,87,87,47,,47,13,0,2,,,,,
Jakarta,The Pakubuwono Menteng,2026-05-13 11:17:58,153,153,58,121,,,,,45,33.59,,,
Depok,Cinere - Nafas,2026-05-13 11:17:23,155,155,59,128,,,,,0,0,,,
Bogor,Kabupaten Bogor Leuwiliang,2026-05-13 01:00:00,-,85,46,,4,9,0,80,,,,,
Tangerang,Tangerang Pasir Jaya,2026-05-13 11:00:00,150,150,59,,59,63,0,65,,,,,
Bekasi,Bekasi Kayuringin,2026-05-13 11:00:00,87,87,47,,47,13,0,2,,,,,
Jakarta,The Pakubuwono Menteng,2026-05-13 11:18:58,155,155,59,129,,,,,46,33.59,,,
Depok,Cinere - Nafas,2026-05-13 11:18:23,157,157,60,125,,,,,0,0,,,
Bogor,Kabupaten Bogor Leuwiliang,2026-05-13 01:00:00,-,85,46,,4,9,0,80,,,,,
Tangerang,Tangerang Pasir Jaya,2026-05-13 11:00:00,150,150,59,,59,63,0,65,,,,,
Bekasi,Bekasi Kayuringin,2026-05-13 11:00:00,87,87,47,,47,13,0,2,,,,,
Jakarta,The Pakubuwono Menteng,2026-05-13 11:18:58,155,155,59,129,,,,,46,33.59,,,
Depok,Cinere - Nafas,2026-05-13 11:18:23,157,157,60,125,,,,,0,0,,,
Bogor,Kabupaten Bogor Leuwiliang,2026-05-13 01:00:00,-,85,46,,4,9,0,80,,,,,
Tangerang,Tangerang Pasir Jaya,2026-05-13 11:00:00,150,150,59,,59,63,0,65,,,,,
Bekasi,Bekasi Kayuringin,2026-05-13 11:00:00,87,87,47,,47,13,0,2,,,,,
Jakarta,The Pakubuwono Menteng,2026-05-13 11:20:58,155,155,58,125,,,,,45,33.7,,,
Depok,Cinere - Nafas,2026-05-13 11:20:23,161,161,62,139,,,,,0,0,,,
Bogor,Kabupaten Bogor Leuwiliang,2026-05-13 01:00:00,-,85,46,,4,9,0,80,,,,,
Tangerang,Tangerang Pasir Jaya,2026-05-13 11:00:00,150,150,59,,59,63,0,65,,,,,
Bekasi,Bekasi Kayuringin,2026-05-13 11:00:00,87,87,47,,47,13,0,2,,,,,
Jakarta,The Pakubuwono Menteng,2026-05-13 11:21:58,156,156,60,129,,,,,45,33.7,,,
Depok,Cinere - Nafas,2026-05-13 11:21:23,156,156,60,124,,,,,0,0,,,
Bogor,Kabupaten Bogor Leuwiliang,2026-05-13 01:00:00,-,85,46,,4,9,0,80,,,,,
Tangerang,Tangerang Pasir Jaya,2026-05-13 11:00:00,150,150,59,,59,63,0,65,,,,,
Bekasi,Bekasi Kayuringin,2026-05-13 11:00:00,87,87,47,,47,13,0,2,,,,,
Jakarta,The Pakubuwono Menteng,2026-05-13 11:21:58,156,156,60,129,,,,,45,33.7,,,
Depok,Cinere - Nafas,2026-05-13 11:21:23,156,156,60,124,,,,,0,0,,,
Bogor,Kabupaten Bogor Leuwiliang,2026-05-13 01:00:00,-,85,46,,4,9,0,80,,,,,
Tangerang,Tangerang Pasir Jaya,2026-05-13 11:00:00,150,150,59,,59,63,0,65,,,,,
Bekasi,Bekasi Kayuringin,2026-05-13 11:00:00,87,87,47,,47,13,0,2,,,,,
Jakarta,The Pakubuwono Menteng,2026-05-13 11:25:58,151,151,57,114,,,,,45,33.8,,,
Depok,Cinere - Nafas,2026-05-13 11:25:23,156,156,59,128,,,,,0,0,,,
Bogor,Kabupaten Bogor Leuwiliang,2026-05-13 01:00:00,-,85,46,,4,9,0,80,,,,,
Tangerang,Tangerang Pasir Jaya,2026-05-13 11:00:00,150,150,59,,59,63,0,65,,,,,
Bekasi,Bekasi Kayuringin,2026-05-13 11:00:00,87,87,47,,47,13,0,2,,,,,
Jakarta,The Pakubuwono Menteng,2026-05-13 11:25:58,151,151,57,114,,,,,45,33.8,,,
Depok,Cinere - Nafas,2026-05-13 11:25:23,156,156,59,128,,,,,0,0,,,
Bogor,Kabupaten Bogor Leuwiliang,2026-05-13 01:00:00,-,85,46,,4,9,0,80,,,,,
Tangerang,Tangerang Pasir Jaya,2026-05-13 11:00:00,150,150,59,,59,63,0,65,,,,,
Bekasi,Bekasi Kayuringin,2026-05-13 11:00:00,87,87,47,,47,13,0,2,,,,,
Jakarta,The Pakubuwono Menteng,2026-05-13 11:27:58,155,155,59,126,,,,,46,33.9,,,
Depok,Cinere - Nafas,2026-05-13 11:27:23,156,156,60,127,,,,,0,0,,,
Bogor,Kabupaten Bogor Leuwiliang,2026-05-13 01:00:00,-,85,46,,4,9,0,80,,,,,
Tangerang,Tangerang Pasir Jaya,2026-05-13 11:00:00,150,150,59,,59,63,0,65,,,,,
Bekasi,Bekasi Kayuringin,2026-05-13 11:00:00,87,87,47,,47,13,0,2,,,,,
Jakarta,The Pakubuwono Menteng,2026-05-13 11:28:58,152,152,58,124,,,,,45,33.9,,,
Depok,Cinere - Nafas,2026-05-13 11:28:23,155,155,59,125,,,,,0,0,,,
Bogor,Kabupaten Bogor Leuwiliang,2026-05-13 01:00:00,-,85,46,,4,9,0,80,,,,,
Tangerang,Tangerang Pasir Jaya,2026-05-13 11:00:00,150,150,59,,59,63,0,65,,,,,
Bekasi,Bekasi Kayuringin,2026-05-13 11:00:00,87,87,47,,47,13,0,2,,,,,
Jakarta,The Pakubuwono Menteng,2026-05-13 11:28:58,152,152,58,124,,,,,45,33.9,,,
Depok,Cinere - Nafas,2026-05-13 11:28:23,155,155,59,125,,,,,0,0,,,
Bogor,Kabupaten Bogor Leuwiliang,2026-05-13 01:00:00,-,85,46,,4,9,0,80,,,,,
Tangerang,Tangerang Pasir Jaya,2026-05-13 11:00:00,150,150,59,,59,63,0,65,,,,,
Bekasi,Bekasi Kayuringin,2026-05-13 11:00:00,87,87,47,,47,13,0,2,,,,,
Jakarta,The Pakubuwono Menteng,2026-05-13 11:30:58,155,155,60,129,,,,,45,34,,,
Depok,Cinere - Nafas,2026-05-13 11:30:23,156,156,60,127,,,,,0,0,,,
Bogor,Kabupaten Bogor Leuwiliang,2026-05-13 01:00:00,-,85,46,,4,9,0,80,,,,,
Tangerang,Tangerang Pasir Jaya,2026-05-13 11:00:00,150,150,59,,59,63,0,65,,,,,
Bekasi,Bekasi Kayuringin,2026-05-13 11:00:00,87,87,47,,47,13,0,2,,,,,
Jakarta,The Pakubuwono Menteng,2026-05-13 11:31:58,153,153,58,124,,,,,45,34,,,
Depok,Cinere - Nafas,2026-05-13 11:31:23,154,154,59,122,,,,,0,0,,,
Bogor,Kabupaten Bogor Leuwiliang,2026-05-13 01:00:00,-,85,46,,4,9,0,80,,,,,
Tangerang,Tangerang Pasir Jaya,2026-05-13 11:00:00,150,150,59,,59,63,0,65,,,,,
Bekasi,Bekasi Kayuringin,2026-05-13 11:00:00,87,87,47,,47,13,0,2,,,,,
Jakarta,The Pakubuwono Menteng,2026-05-13 11:33:58,128,128,51,95,,,,,46,34,,,
Depok,Cinere - Nafas,2026-05-13 11:33:23,154,154,59,121,,,,,0,0,,,
Bogor,Kabupaten Bogor Leuwiliang,2026-05-13 01:00:00,-,85,46,,4,9,0,80,,,,,
Tangerang,Tangerang Pasir Jaya,2026-05-13 11:00:00,150,150,59,,59,63,0,65,,,,,
Bekasi,Bekasi Kayuringin,2026-05-13 11:00:00,87,87,47,,47,13,0,2,,,,,
Jakarta,The Pakubuwono Menteng,2026-05-13 11:33:58,128,128,51,95,,,,,46,34,,,
Depok,Cinere - Nafas,2026-05-13 11:33:23,154,154,59,121,,,,,0,0,,,
Bogor,Kabupaten Bogor Leuwiliang,2026-05-13 01:00:00,-,85,46,,4,9,0,80,,,,,
Tangerang,Tangerang Pasir Jaya,2026-05-13 11:00:00,150,150,59,,59,63,0,65,,,,,
Bekasi,Bekasi Kayuringin,2026-05-13 11:00:00,87,87,47,,47,13,0,2,,,,,
Jakarta,The Pakubuwono Menteng,2026-05-13 11:34:58,128,128,51,94,,,,,46,34,,,
Depok,Cinere - Nafas,2026-05-13 11:36:23,155,155,59,121,,,,,0,0,,,
Bogor,Kabupaten Bogor Leuwiliang,2026-05-13 01:00:00,-,85,46,,4,9,0,80,,,,,
Tangerang,Tangerang Pasir Jaya,2026-05-13 11:00:00,150,150,59,,59,63,0,65,,,,,
Bekasi,Bekasi Kayuringin,2026-05-13 11:00:00,87,87,47,,47,13,0,2,,,,,
Jakarta,The Pakubuwono Menteng,2026-05-13 11:36:58,131,131,51,94,,,,,47,33.9,,,
Depok,Cinere - Nafas,2026-05-13 11:36:23,155,155,59,121,,,,,0,0,,,
Bogor,Kabupaten Bogor Leuwiliang,2026-05-13 01:00:00,-,85,46,,4,9,0,80,,,,,
Tangerang,Tangerang Pasir Jaya,2026-05-13 11:00:00,150,150,59,,59,63,0,65,,,,,
Bekasi,Bekasi Kayuringin,2026-05-13 11:00:00,87,87,47,,47,13,0,2,,,,,
Jakarta,The Pakubuwono Menteng,2026-05-13 11:37:58,133,133,52,94,,,,,47,33.8,,,
Depok,Cinere - Nafas,2026-05-13 11:37:24,156,156,60,129,,,,,0,0,,,
Bogor,Kabupaten Bogor Leuwiliang,2026-05-13 01:00:00,-,85,46,,4,9,0,80,,,,,
Tangerang,Tangerang Pasir Jaya,2026-05-13 11:00:00,150,150,59,,59,63,0,65,,,,,
Bekasi,Bekasi Kayuringin,2026-05-13 11:00:00,87,87,47,,47,13,0,2,,,,,
Jakarta,The Pakubuwono Menteng,2026-05-13 11:39:58,128,128,51,95,,,,,47,33.7,,,
Depok,Cinere - Nafas,2026-05-13 11:39:24,156,156,60,127,,,,,0,0,,,
Bogor,Kabupaten Bogor Leuwiliang,2026-05-13 01:00:00,-,85,46,,4,9,0,80,,,,,
Tangerang,Tangerang Pasir Jaya,2026-05-13 11:00:00,150,150,59,,59,63,0,65,,,,,
Bekasi,Bekasi Kayuringin,2026-05-13 11:00:00,87,87,47,,47,13,0,2,,,,,
Jakarta,The Pakubuwono Menteng,2026-05-13 11:39:58,128,128,51,95,,,,,47,33.7,,,
Depok,Cinere - Nafas,2026-05-13 11:39:24,156,156,60,127,,,,,0,0,,,
Bogor,Kabupaten Bogor Leuwiliang,2026-05-13 01:00:00,-,85,46,,4,9,0,80,,,,,
Tangerang,Tangerang Pasir Jaya,2026-05-13 11:00:00,150,150,59,,59,63,0,65,,,,,
Bekasi,Bekasi Kayuringin,2026-05-13 11:00:00,87,87,47,,47,13,0,2,,,,,
Jakarta,The Pakubuwono Menteng,2026-05-13 11:39:58,128,128,51,94,,,,,47,33.7,,,
Depok,Cinere - Nafas,2026-05-13 11:40:24,156,156,60,133,,,,,0,0,,,
Bogor,Kabupaten Bogor Leuwiliang,2026-05-13 01:00:00,-,85,46,,4,9,0,80,,,,,
Tangerang,Tangerang Pasir Jaya,2026-05-13 11:00:00,150,150,59,,59,63,0,65,,,,,
Bekasi,Bekasi Kayuringin,2026-05-13 11:00:00,87,87,47,,47,13,0,2,,,,,
Jakarta,The Pakubuwono Menteng,2026-05-13 11:42:58,128,128,51,93,,,,,48,33.59,,,
Depok,Cinere - Nafas,2026-05-13 11:42:24,155,155,60,130,,,,,0,0,,,
Bogor,Kabupaten Bogor Leuwiliang,2026-05-13 01:00:00,-,85,46,,4,9,0,80,,,,,
Tangerang,Tangerang Pasir Jaya,2026-05-13 11:00:00,150,150,59,,59,63,0,65,,,,,
Bekasi,Bekasi Kayuringin,2026-05-13 11:00:00,87,87,47,,47,13,0,2,,,,,
Jakarta,The Pakubuwono Menteng,2026-05-13 11:44:58,127,127,51,94,,,,,48,33.5,,,
Depok,Cinere - Nafas,2026-05-13 11:44:24,153,153,58,118,,,,,0,0,,,
Bogor,Kabupaten Bogor Leuwiliang,2026-05-13 01:00:00,-,85,46,,4,9,0,80,,,,,
Tangerang,Tangerang Pasir Jaya,2026-05-13 11:00:00,150,150,59,,59,63,0,65,,,,,
Bekasi,Bekasi Kayuringin,2026-05-13 11:00:00,87,87,47,,47,13,0,2,,,,,
Jakarta,The Pakubuwono Menteng,2026-05-13 11:44:58,127,127,51,94,,,,,48,33.5,,,
Depok,Cinere - Nafas,2026-05-13 11:44:24,153,153,58,118,,,,,0,0,,,
Bogor,Kabupaten Bogor Leuwiliang,2026-05-13 01:00:00,-,85,46,,4,9,0,80,,,,,
Tangerang,Tangerang Pasir Jaya,2026-05-13 11:00:00,150,150,59,,59,63,0,65,,,,,
Bekasi,Bekasi Kayuringin,2026-05-13 11:00:00,87,87,47,,47,13,0,2,,,,,
Jakarta,The Pakubuwono Menteng,2026-05-13 11:47:58,136,136,53,96,,,,,48,33.4,,,
Depok,Cinere - Nafas,2026-05-13 11:47:24,154,154,59,125,,,,,0,0,,,
Bogor,Kabupaten Bogor Leuwiliang,2026-05-13 01:00:00,-,85,46,,4,9,0,80,,,,,
Tangerang,Tangerang Pasir Jaya,2026-05-13 11:00:00,150,150,59,,59,63,0,65,,,,,
Bekasi,Bekasi Kayuringin,2026-05-13 11:00:00,87,87,47,,47,13,0,2,,,,,
Jakarta,The Pakubuwono Menteng,2026-05-13 11:47:58,136,136,53,96,,,,,48,33.4,,,
Depok,Cinere - Nafas,2026-05-13 11:47:24,154,154,59,125,,,,,0,0,,,
Bogor,Kabupaten Bogor Leuwiliang,2026-05-13 01:00:00,-,85,46,,4,9,0,80,,,,,
Tangerang,Tangerang Pasir Jaya,2026-05-13 11:00:00,150,150,59,,59,63,0,65,,,,,
Bekasi,Bekasi Kayuringin,2026-05-13 11:00:00,87,87,47,,47,13,0,2,,,,,
Jakarta,The Pakubuwono Menteng,2026-05-13 11:48:58,133,133,53,95,,,,,49,33.3,,,
Depok,Cinere - Nafas,2026-05-13 11:48:24,156,156,59,122,,,,,0,0,,,
Bogor,Kabupaten Bogor Leuwiliang,2026-05-13 01:00:00,-,85,46,,4,9,0,80,,,,,
Tangerang,Tangerang Pasir Jaya,2026-05-13 11:00:00,150,150,59,,59,63,0,65,,,,,
Bekasi,Bekasi Kayuringin,2026-05-13 11:00:00,87,87,47,,47,13,0,2,,,,,
Jakarta,The Pakubuwono Menteng,2026-05-13 11:50:58,138,138,53,97,,,,,49,33.3,,,
Depok,Cinere - Nafas,2026-05-13 11:50:24,155,155,59,126,,,,,0,0,,,
Bogor,Kabupaten Bogor Leuwiliang,2026-05-13 01:00:00,-,85,46,,4,9,0,80,,,,,
Tangerang,Tangerang Pasir Jaya,2026-05-13 11:00:00,150,150,59,,59,63,0,65,,,,,
Bekasi,Bekasi Kayuringin,2026-05-13 11:00:00,87,87,47,,47,13,0,2,,,,,
Jakarta,The Pakubuwono Menteng,2026-05-13 11:50:58,138,138,53,97,,,,,49,33.3,,,
Depok,Cinere - Nafas,2026-05-13 11:50:24,155,155,59,126,,,,,0,0,,,
Bogor,Kabupaten Bogor Leuwiliang,2026-05-13 01:00:00,-,85,46,,4,9,0,80,,,,,
Tangerang,Tangerang Pasir Jaya,2026-05-13 11:00:00,150,150,59,,59,63,0,65,,,,,
Bekasi,Bekasi Kayuringin,2026-05-13 11:00:00,87,87,47,,47,13,0,2,,,,,
Jakarta,The Pakubuwono Menteng,2026-05-13 11:51:58,134,134,52,95,,,,,49,33.3,,,
Depok,Cinere - Nafas,2026-05-13 11:51:24,155,155,60,129,,,,,0,0,,,
Bogor,Kabupaten Bogor Leuwiliang,2026-05-13 01:00:00,-,85,46,,4,9,0,80,,,,,
Tangerang,Tangerang Pasir Jaya,2026-05-13 11:00:00,150,150,59,,59,63,0,65,,,,,
Bekasi,Bekasi Kayuringin,2026-05-13 11:00:00,87,87,47,,47,13,0,2,,,,,
Jakarta,The Pakubuwono Menteng,2026-05-13 11:53:58,134,134,53,99,,,,,49,33.2,,,
Depok,Cinere - Nafas,2026-05-13 11:53:24,157,157,60,129,,,,,0,0,,,
Bogor,Kabupaten Bogor Leuwiliang,2026-05-13 01:00:00,-,85,46,,4,9,0,80,,,,,
Tangerang,Tangerang Pasir Jaya,2026-05-13 11:00:00,150,150,59,,59,63,0,65,,,,,
Bekasi,Bekasi Kayuringin,2026-05-13 11:00:00,87,87,47,,47,13,0,2,,,,,
Jakarta,The Pakubuwono Menteng,2026-05-13 11:53:58,134,134,53,99,,,,,49,33.2,,,
Depok,Cinere - Nafas,2026-05-13 11:53:24,157,157,60,129,,,,,0,0,,,
Bogor,Kabupaten Bogor Leuwiliang,2026-05-13 01:00:00,-,85,46,,4,9,0,80,,,,,
Tangerang,Tangerang Pasir Jaya,2026-05-13 11:00:00,150,150,59,,59,63,0,65,,,,,
Bekasi,Bekasi Kayuringin,2026-05-13 11:00:00,87,87,47,,47,13,0,2,,,,,
Jakarta,The Pakubuwono Menteng,2026-05-13 11:55:58,135,135,53,97,,,,,48,33.2,,,
Depok,Cinere - Nafas,2026-05-13 11:55:24,157,157,61,128,,,,,0,0,,,
Bogor,Kabupaten Bogor Leuwiliang,2026-05-13 01:00:00,-,85,46,,4,9,0,80,,,,,
Tangerang,Tangerang Pasir Jaya,2026-05-13 11:00:00,150,150,59,,59,63,0,65,,,,,
Bekasi,Bekasi Kayuringin,2026-05-13 11:00:00,87,87,47,,47,13,0,2,,,,,
Jakarta,The Pakubuwono Menteng,2026-05-13 11:56:58,135,135,53,97,,,,,49,33.09,,,
Depok,Cinere - Nafas,2026-05-13 11:56:24,160,160,62,143,,,,,0,0,,,
Bogor,Kabupaten Bogor Leuwiliang,2026-05-13 01:00:00,-,85,46,,4,9,0,80,,,,,
Tangerang,Tangerang Pasir Jaya,2026-05-13 11:00:00,150,150,59,,59,63,0,65,,,,,
Bekasi,Bekasi Kayuringin,2026-05-13 11:00:00,87,87,47,,47,13,0,2,,,,,
Jakarta,The Pakubuwono Menteng,2026-05-13 11:58:58,136,136,54,98,,,,,49,33.09,,,
Depok,Cinere - Nafas,2026-05-13 11:58:24,161,161,63,144,,,,,0,0,,,
Bogor,Kabupaten Bogor Leuwiliang,2026-05-13 01:00:00,-,85,46,,4,9,0,80,,,,,
Tangerang,Tangerang Pasir Jaya,2026-05-13 11:00:00,150,150,59,,59,63,0,65,,,,,
Bekasi,Bekasi Kayuringin,2026-05-13 11:00:00,87,87,47,,47,13,0,2,,,,,
Jakarta,The Pakubuwono Menteng,2026-05-13 11:59:58,137,137,54,100,,,,,49,33.2,,,
Depok,Cinere - Nafas,2026-05-13 11:59:24,165,165,67,152,,,,,0,0,,,
Bogor,Kabupaten Bogor Leuwiliang,2026-05-13 01:00:00,-,85,46,,4,9,0,80,,,,,
Tangerang,Tangerang Pasir Jaya,2026-05-13 11:00:00,150,150,59,,59,63,0,65,,,,,
Bekasi,Bekasi Kayuringin,2026-05-13 11:00:00,87,87,47,,47,13,0,2,,,,,
Jakarta,The Pakubuwono Menteng,2026-05-13 11:59:58,137,137,54,100,,,,,49,33.2,,,
Depok,Cinere - Nafas,2026-05-13 11:59:24,165,165,67,152,,,,,0,0,,,
Bogor,Kabupaten Bogor Leuwiliang,2026-05-13 01:00:00,-,85,46,,4,9,0,80,,,,,
Tangerang,Tangerang Pasir Jaya,2026-05-13 11:00:00,150,150,59,,59,63,0,65,,,,,
Bekasi,Bekasi Kayuringin,2026-05-13 11:00:00,87,87,47,,47,13,0,2,,,,,
Jakarta,The Pakubuwono Menteng,2026-05-13 12:01:58,136,136,54,99,,,,,49,33.2,,,
Depok,Cinere - Nafas,2026-05-13 12:01:24,160,160,62,141,,,,,0,0,,,
Bogor,Kabupaten Bogor Leuwiliang,2026-05-13 01:00:00,-,85,46,,4,9,0,80,,,,,
Tangerang,Tangerang Pasir Jaya,2026-05-13 11:00:00,150,150,59,,59,63,0,65,,,,,
Bekasi,Bekasi Kayuringin,2026-05-13 11:00:00,87,87,47,,47,13,0,2,,,,,
Jakarta,The Pakubuwono Menteng,2026-05-13 12:03:58,138,138,54,101,,,,,49,33.09,,,
Depok,Cinere - Nafas,2026-05-13 12:03:24,158,158,61,136,,,,,0,0,,,
Bogor,Kabupaten Bogor Leuwiliang,2026-05-13 01:00:00,-,85,46,,4,9,0,80,,,,,
Tangerang,Tangerang Pasir Jaya,2026-05-13 11:00:00,150,150,59,,59,63,0,65,,,,,
Bekasi,Bekasi Kayuringin,2026-05-13 11:00:00,87,87,47,,47,13,0,2,,,,,
Jakarta,The Pakubuwono Menteng,2026-05-13 12:03:58,138,138,54,101,,,,,49,33.09,,,
Depok,Cinere - Nafas,2026-05-13 12:03:24,158,158,61,136,,,,,0,0,,,
Bogor,Kabupaten Bogor Leuwiliang,2026-05-13 01:00:00,-,85,46,,4,9,0,80,,,,,
Tangerang,Tangerang Pasir Jaya,2026-05-13 11:00:00,150,150,59,,59,63,0,65,,,,,
Bekasi,Bekasi Kayuringin,2026-05-13 11:00:00,87,87,47,,47,13,0,2,,,,,
Jakarta,The Pakubuwono Menteng,2026-05-13 12:04:58,138,138,54,97,,,,,49,33.09,,,
Depok,Cinere - Nafas,2026-05-13 12:04:24,153,153,59,126,,,,,0,0,,,
Bogor,Kabupaten Bogor Leuwiliang,2026-05-13 01:00:00,-,85,46,,4,9,0,80,,,,,
Tangerang,Tangerang Pasir Jaya,2026-05-13 12:00:00,151,151,60,,59,63,0,65,,,,,
Bekasi,Bekasi Kayuringin,2026-05-13 12:00:00,88,88,47,,47,13,0,2,,,,,
Jakarta,The Pakubuwono Menteng,2026-05-13 12:06:58,141,141,55,106,,,,,49,33.2,,,
Depok,Cinere - Nafas,2026-05-13 12:06:24,156,156,60,130,,,,,0,0,,,
Bogor,Kabupaten Bogor Leuwiliang,2026-05-13 01:00:00,-,85,46,,4,9,0,80,,,,,
Tangerang,Tangerang Pasir Jaya,2026-05-13 12:00:00,151,151,60,,59,63,0,65,,,,,
Bekasi,Bekasi Kayuringin,2026-05-13 12:00:00,88,88,47,,47,13,0,2,,,,,
Jakarta,The Pakubuwono Menteng,2026-05-13 12:06:58,141,141,55,106,,,,,49,33.2,,,
Depok,Cinere - Nafas,2026-05-13 12:06:24,156,156,60,130,,,,,0,0,,,
Bogor,Kabupaten Bogor Leuwiliang,2026-05-13 01:00:00,-,85,46,,4,9,0,80,,,,,
Tangerang,Tangerang Pasir Jaya,2026-05-13 12:00:00,151,151,60,,59,63,0,65,,,,,
Bekasi,Bekasi Kayuringin,2026-05-13 12:00:00,88,88,47,,47,13,0,2,,,,,
Jakarta,The Pakubuwono Menteng,2026-05-13 12:09:58,138,138,53,99,,,,,49,33.4,,,
Depok,Cinere - Nafas,2026-05-13 12:09:24,161,161,62,148,,,,,0,0,,,
Bogor,Kabupaten Bogor Leuwiliang,2026-05-13 01:00:00,-,85,46,,4,9,0,80,,,,,
Tangerang,Tangerang Pasir Jaya,2026-05-13 12:00:00,151,151,60,,59,63,0,65,,,,,
Bekasi,Bekasi Kayuringin,2026-05-13 12:00:00,88,88,47,,47,13,0,2,,,,,
Jakarta,The Pakubuwono Menteng,2026-05-13 12:09:58,138,138,53,99,,,,,49,33.4,,,
Depok,Cinere - Nafas,2026-05-13 12:09:24,161,161,62,148,,,,,0,0,,,
Bogor,Kabupaten Bogor Leuwiliang,2026-05-13 01:00:00,-,85,46,,4,9,0,80,,,,,
Tangerang,Tangerang Pasir Jaya,2026-05-13 12:00:00,151,151,60,,59,63,0,65,,,,,
Bekasi,Bekasi Kayuringin,2026-05-13 12:00:00,88,88,47,,47,13,0,2,,,,,
Jakarta,The Pakubuwono Menteng,2026-05-13 12:11:59,138,138,54,99,,,,,49,33.5,,,
Depok,Cinere - Nafas,2026-05-13 12:11:24,156,156,60,129,,,,,0,0,,,
Bogor,Kabupaten Bogor Leuwiliang,2026-05-13 01:00:00,-,85,46,,4,9,0,80,,,,,
Tangerang,Tangerang Pasir Jaya,2026-05-13 12:00:00,151,151,60,,59,63,0,65,,,,,
Bekasi,Bekasi Kayuringin,2026-05-13 12:00:00,88,88,47,,47,13,0,2,,,,,
Jakarta,The Pakubuwono Menteng,2026-05-13 12:12:59,140,140,54,101,,,,,48,33.5,,,
Depok,Cinere - Nafas,2026-05-13 12:12:24,156,156,59,127,,,,,0,0,,,
Bogor,Kabupaten Bogor Leuwiliang,2026-05-13 01:00:00,-,85,46,,4,9,0,80,,,,,
Tangerang,Tangerang Pasir Jaya,2026-05-13 12:00:00,151,151,60,,59,63,0,65,,,,,
Bekasi,Bekasi Kayuringin,2026-05-13 12:00:00,88,88,47,,47,13,0,2,,,,,
Jakarta,The Pakubuwono Menteng,2026-05-13 12:12:59,140,140,54,101,,,,,48,33.5,,,
Depok,Cinere - Nafas,2026-05-13 12:12:24,156,156,59,127,,,,,0,0,,,
Bogor,Kabupaten Bogor Leuwiliang,2026-05-13 01:00:00,-,85,46,,4,9,0,80,,,,,
Tangerang,Tangerang Pasir Jaya,2026-05-13 12:00:00,151,151,60,,59,63,0,65,,,,,
Bekasi,Bekasi Kayuringin,2026-05-13 12:00:00,88,88,47,,47,13,0,2,,,,,
Jakarta,The Pakubuwono Menteng,2026-05-13 12:14:59,140,140,54,99,,,,,48,33.5,,,
Depok,Cinere - Nafas,2026-05-13 12:14:24,154,154,59,124,,,,,0,0,,,
Bogor,Kabupaten Bogor Leuwiliang,2026-05-13 01:00:00,-,85,46,,4,9,0,80,,,,,
Tangerang,Tangerang Pasir Jaya,2026-05-13 12:00:00,151,151,60,,59,63,0,65,,,,,
Bekasi,Bekasi Kayuringin,2026-05-13 12:00:00,88,88,47,,47,13,0,2,,,,,
Jakarta,The Pakubuwono Menteng,2026-05-13 12:15:59,137,137,54,103,,,,,49,33.4,,,
Depok,Cinere - Nafas,2026-05-13 12:15:24,153,153,57,118,,,,,0,0,,,
Bogor,Kabupaten Bogor Leuwiliang,2026-05-13 01:00:00,-,85,46,,4,9,0,80,,,,,
Tangerang,Tangerang Pasir Jaya,2026-05-13 12:00:00,151,151,60,,59,63,0,65,,,,,
Bekasi,Bekasi Kayuringin,2026-05-13 12:00:00,88,88,47,,47,13,0,2,,,,,
Jakarta,The Pakubuwono Menteng,2026-05-13 12:15:59,137,137,54,103,,,,,49,33.4,,,
Depok,Cinere - Nafas,2026-05-13 12:15:24,153,153,57,118,,,,,0,0,,,
Bogor,Kabupaten Bogor Leuwiliang,2026-05-13 01:00:00,-,85,46,,4,9,0,80,,,,,
Tangerang,Tangerang Pasir Jaya,2026-05-13 12:00:00,151,151,60,,59,63,0,65,,,,,
Bekasi,Bekasi Kayuringin,2026-05-13 12:00:00,88,88,47,,47,13,0,2,,,,,
Jakarta,The Pakubuwono Menteng,2026-05-13 12:19:59,137,137,54,99,,,,,49,33.4,,,
Depok,Cinere - Nafas,2026-05-13 12:19:24,155,155,59,127,,,,,0,0,,,
Bogor,Kabupaten Bogor Leuwiliang,2026-05-13 01:00:00,-,85,46,,4,9,0,80,,,,,
Tangerang,Tangerang Pasir Jaya,2026-05-13 12:00:00,151,151,60,,59,63,0,65,,,,,
Bekasi,Bekasi Kayuringin,2026-05-13 12:00:00,88,88,47,,47,13,0,2,,,,,
Jakarta,The Pakubuwono Menteng,2026-05-13 12:19:59,137,137,54,99,,,,,49,33.4,,,
Depok,Cinere - Nafas,2026-05-13 12:19:24,155,155,59,127,,,,,0,0,,,
Bogor,Kabupaten Bogor Leuwiliang,2026-05-13 01:00:00,-,85,46,,4,9,0,80,,,,,
Tangerang,Tangerang Pasir Jaya,2026-05-13 12:00:00,151,151,60,,59,63,0,65,,,,,
Bekasi,Bekasi Kayuringin,2026-05-13 12:00:00,88,88,47,,47,13,0,2,,,,,
Jakarta,The Pakubuwono Menteng,2026-05-13 12:20:59,133,133,53,96,,,,,49,33.5,,,
Depok,Cinere - Nafas,2026-05-13 12:20:24,155,155,59,126,,,,,0,0,,,
Bogor,Kabupaten Bogor Leuwiliang,2026-05-13 01:00:00,-,85,46,,4,9,0,80,,,,,
Tangerang,Tangerang Pasir Jaya,2026-05-13 12:00:00,151,151,60,,59,63,0,65,,,,,
Bekasi,Bekasi Kayuringin,2026-05-13 12:00:00,88,88,47,,47,13,0,2,,,,,
Jakarta,The Pakubuwono Menteng,2026-05-13 12:22:59,137,137,54,99,,,,,49,33.59,,,
Depok,Cinere - Nafas,2026-05-13 12:22:24,153,153,58,122,,,,,0,0,,,
Bogor,Kabupaten Bogor Leuwiliang,2026-05-13 01:00:00,-,85,46,,4,9,0,80,,,,,
Tangerang,Tangerang Pasir Jaya,2026-05-13 12:00:00,151,151,60,,59,63,0,65,,,,,
Bekasi,Bekasi Kayuringin,2026-05-13 12:00:00,88,88,47,,47,13,0,2,,,,,
Jakarta,The Pakubuwono Menteng,2026-05-13 12:22:59,137,137,54,99,,,,,49,33.59,,,
Depok,Cinere - Nafas,2026-05-13 12:22:24,153,153,58,122,,,,,0,0,,,
Bogor,Kabupaten Bogor Leuwiliang,2026-05-13 01:00:00,-,85,46,,4,9,0,80,,,,,
Tangerang,Tangerang Pasir Jaya,2026-05-13 12:00:00,151,151,60,,59,63,0,65,,,,,
Bekasi,Bekasi Kayuringin,2026-05-13 12:00:00,88,88,47,,47,13,0,2,,,,,
Jakarta,The Pakubuwono Menteng,2026-05-13 12:24:59,138,138,53,99,,,,,48,33.7,,,
Depok,Cinere - Nafas,2026-05-13 12:24:24,152,152,58,116,,,,,0,0,,,
Bogor,Kabupaten Bogor Leuwiliang,2026-05-13 01:00:00,-,85,46,,4,9,0,80,,,,,
Tangerang,Tangerang Pasir Jaya,2026-05-13 12:00:00,151,151,60,,59,63,0,65,,,,,
Bekasi,Bekasi Kayuringin,2026-05-13 12:00:00,88,88,47,,47,13,0,2,,,,,
Jakarta,The Pakubuwono Menteng,2026-05-13 12:25:59,139,139,54,102,,,,,48,33.7,,,
Depok,Cinere - Nafas,2026-05-13 12:25:24,154,154,58,118,,,,,0,0,,,
Bogor,Kabupaten Bogor Leuwiliang,2026-05-13 01:00:00,-,85,46,,4,9,0,80,,,,,
Tangerang,Tangerang Pasir Jaya,2026-05-13 12:00:00,151,151,60,,59,63,0,65,,,,,
Bekasi,Bekasi Kayuringin,2026-05-13 12:00:00,88,88,47,,47,13,0,2,,,,,
Jakarta,The Pakubuwono Menteng,2026-05-13 12:25:59,139,139,54,102,,,,,48,33.7,,,
Depok,Cinere - Nafas,2026-05-13 12:25:24,154,154,58,118,,,,,0,0,,,
Bogor,Kabupaten Bogor Leuwiliang,2026-05-13 01:00:00,-,85,46,,4,9,0,80,,,,,
Tangerang,Tangerang Pasir Jaya,2026-05-13 12:00:00,151,151,60,,59,63,0,65,,,,,
Bekasi,Bekasi Kayuringin,2026-05-13 12:00:00,88,88,47,,47,13,0,2,,,,,
Jakarta,The Pakubuwono Menteng,2026-05-13 12:27:59,139,139,54,98,,,,,48,33.8,,,
Depok,Cinere - Nafas,2026-05-13 12:27:24,152,152,58,115,,,,,0,0,,,
Bogor,Kabupaten Bogor Leuwiliang,2026-05-13 01:00:00,-,85,46,,4,9,0,80,,,,,
Tangerang,Tangerang Pasir Jaya,2026-05-13 12:00:00,151,151,60,,59,63,0,65,,,,,
Bekasi,Bekasi Kayuringin,2026-05-13 12:00:00,88,88,47,,47,13,0,2,,,,,
Jakarta,The Pakubuwono Menteng,2026-05-13 12:29:59,138,138,54,101,,,,,48,33.8,,,
Depok,Cinere - Nafas,2026-05-13 12:29:24,157,157,60,135,,,,,0,0,,,
Bogor,Kabupaten Bogor Leuwiliang,2026-05-13 01:00:00,-,85,46,,4,9,0,80,,,,,
Tangerang,Tangerang Pasir Jaya,2026-05-13 12:00:00,151,151,60,,59,63,0,65,,,,,
Bekasi,Bekasi Kayuringin,2026-05-13 12:00:00,88,88,47,,47,13,0,2,,,,,
Jakarta,The Pakubuwono Menteng,2026-05-13 12:31:59,134,134,52,96,,,,,48,33.8,,,
Depok,Cinere - Nafas,2026-05-13 12:31:24,156,156,60,129,,,,,0,0,,,
Bogor,Kabupaten Bogor Leuwiliang,2026-05-13 01:00:00,-,85,46,,4,9,0,80,,,,,
Tangerang,Tangerang Pasir Jaya,2026-05-13 12:00:00,151,151,60,,59,63,0,65,,,,,
Bekasi,Bekasi Kayuringin,2026-05-13 12:00:00,88,88,47,,47,13,0,2,,,,,
Jakarta,The Pakubuwono Menteng,2026-05-13 12:31:59,134,134,52,96,,,,,48,33.8,,,
Depok,Cinere - Nafas,2026-05-13 12:31:24,156,156,60,129,,,,,0,0,,,
Bogor,Kabupaten Bogor Leuwiliang,2026-05-13 01:00:00,-,85,46,,4,9,0,80,,,,,
Tangerang,Tangerang Pasir Jaya,2026-05-13 12:00:00,151,151,60,,59,63,0,65,,,,,
Bekasi,Bekasi Kayuringin,2026-05-13 12:00:00,88,88,47,,47,13,0,2,,,,,
Jakarta,The Pakubuwono Menteng,2026-05-13 12:32:59,134,134,53,95,,,,,48,33.9,,,
Depok,Cinere - Nafas,2026-05-13 12:32:24,156,156,60,131,,,,,0,0,,,
Bogor,Kabupaten Bogor Leuwiliang,2026-05-13 01:00:00,-,85,46,,4,9,0,80,,,,,
Tangerang,Tangerang Pasir Jaya,2026-05-13 12:00:00,151,151,60,,59,63,0,65,,,,,
Bekasi,Bekasi Kayuringin,2026-05-13 12:00:00,88,88,47,,47,13,0,2,,,,,
Jakarta,The Pakubuwono Menteng,2026-05-13 12:34:59,136,136,53,96,,,,,48,34,,,
Depok,Cinere - Nafas,2026-05-13 12:34:24,162,162,64,150,,,,,0,0,,,
Bogor,Kabupaten Bogor Leuwiliang,2026-05-13 01:00:00,-,85,46,,4,9,0,80,,,,,
Tangerang,Tangerang Pasir Jaya,2026-05-13 12:00:00,151,151,60,,59,63,0,65,,,,,
Bekasi,Bekasi Kayuringin,2026-05-13 12:00:00,88,88,47,,47,13,0,2,,,,,
Jakarta,The Pakubuwono Menteng,2026-05-13 12:34:59,136,136,53,96,,,,,48,34,,,
Depok,Cinere - Nafas,2026-05-13 12:34:24,162,162,64,150,,,,,0,0,,,
Bogor,Kabupaten Bogor Leuwiliang,2026-05-13 01:00:00,-,85,46,,4,9,0,80,,,,,
Tangerang,Tangerang Pasir Jaya,2026-05-13 12:00:00,151,151,60,,59,63,0,65,,,,,
Bekasi,Bekasi Kayuringin,2026-05-13 12:00:00,88,88,47,,47,13,0,2,,,,,
Jakarta,The Pakubuwono Menteng,2026-05-13 12:36:59,130,130,52,96,,,,,48,34.09,,,
Depok,Cinere - Nafas,2026-05-13 12:36:24,148,148,57,104,,,,,0,0,,,
Bogor,Kabupaten Bogor Leuwiliang,2026-05-13 01:00:00,-,85,46,,4,9,0,80,,,,,
Tangerang,Tangerang Pasir Jaya,2026-05-13 12:00:00,151,151,60,,59,63,0,65,,,,,
Bekasi,Bekasi Kayuringin,2026-05-13 12:00:00,88,88,47,,47,13,0,2,,,,,
Jakarta,The Pakubuwono Menteng,2026-05-13 12:37:59,132,132,52,96,,,,,48,34.09,,,
Depok,Cinere - Nafas,2026-05-13 12:37:24,150,150,56,106,,,,,0,0,,,
Bogor,Kabupaten Bogor Leuwiliang,2026-05-13 01:00:00,-,85,46,,4,9,0,80,,,,,
Tangerang,Tangerang Pasir Jaya,2026-05-13 12:00:00,151,151,60,,59,63,0,65,,,,,
Bekasi,Bekasi Kayuringin,2026-05-13 12:00:00,88,88,47,,47,13,0,2,,,,,
Jakarta,The Pakubuwono Menteng,2026-05-13 12:37:59,132,132,52,96,,,,,48,34.09,,,
Depok,Cinere - Nafas,2026-05-13 12:37:24,150,150,56,106,,,,,0,0,,,
Bogor,Kabupaten Bogor Leuwiliang,2026-05-13 01:00:00,-,85,46,,4,9,0,80,,,,,
Tangerang,Tangerang Pasir Jaya,2026-05-13 12:00:00,151,151,60,,59,63,0,65,,,,,
Bekasi,Bekasi Kayuringin,2026-05-13 12:00:00,88,88,47,,47,13,0,2,,,,,
Jakarta,The Pakubuwono Menteng,2026-05-13 12:41:59,129,129,51,95,,,,,48,34.2,,,
Depok,Cinere - Nafas,2026-05-13 12:41:24,138,138,54,97,,,,,0,0,,,
Bogor,Kabupaten Bogor Leuwiliang,2026-05-13 01:00:00,-,85,46,,4,9,0,80,,,,,
Tangerang,Tangerang Pasir Jaya,2026-05-13 12:00:00,151,151,60,,59,63,0,65,,,,,
Bekasi,Bekasi Kayuringin,2026-05-13 12:00:00,88,88,47,,47,13,0,2,,,,,
Jakarta,The Pakubuwono Menteng,2026-05-13 12:41:59,129,129,51,95,,,,,48,34.2,,,
Depok,Cinere - Nafas,2026-05-13 12:41:24,138,138,54,97,,,,,0,0,,,
Bogor,Kabupaten Bogor Leuwiliang,2026-05-13 01:00:00,-,85,46,,4,9,0,80,,,,,
Tangerang,Tangerang Pasir Jaya,2026-05-13 12:00:00,151,151,60,,59,63,0,65,,,,,
Bekasi,Bekasi Kayuringin,2026-05-13 12:00:00,88,88,47,,47,13,0,2,,,,,
Jakarta,The Pakubuwono Menteng,2026-05-13 12:42:59,125,125,50,95,,,,,47,34.3,,,
Depok,Cinere - Nafas,2026-05-13 12:42:25,150,150,56,108,,,,,0,0,,,
Bogor,Kabupaten Bogor Leuwiliang,2026-05-13 01:00:00,-,85,46,,4,9,0,80,,,,,
Tangerang,Tangerang Pasir Jaya,2026-05-13 12:00:00,151,151,60,,59,63,0,65,,,,,
Bekasi,Bekasi Kayuringin,2026-05-13 12:00:00,88,88,47,,47,13,0,2,,,,,
Jakarta,The Pakubuwono Menteng,2026-05-13 12:44:59,131,131,52,94,,,,,47,34.4,,,
Depok,Cinere - Nafas,2026-05-13 12:44:25,143,143,56,106,,,,,0,0,,,
Bogor,Kabupaten Bogor Leuwiliang,2026-05-13 01:00:00,-,85,46,,4,9,0,80,,,,,
Tangerang,Tangerang Pasir Jaya,2026-05-13 12:00:00,151,151,60,,59,63,0,65,,,,,
Bekasi,Bekasi Kayuringin,2026-05-13 12:00:00,88,88,47,,47,13,0,2,,,,,
Jakarta,The Pakubuwono Menteng,2026-05-13 12:44:59,131,131,52,94,,,,,47,34.4,,,
Depok,Cinere - Nafas,2026-05-13 12:44:25,143,143,56,106,,,,,0,0,,,
Bogor,Kabupaten Bogor Leuwiliang,2026-05-13 01:00:00,-,85,46,,4,9,0,80,,,,,
Tangerang,Tangerang Pasir Jaya,2026-05-13 12:00:00,151,151,60,,59,63,0,65,,,,,
Bekasi,Bekasi Kayuringin,2026-05-13 12:00:00,88,88,47,,47,13,0,2,,,,,
Jakarta,The Pakubuwono Menteng,2026-05-13 12:45:59,128,128,51,95,,,,,47,34.5,,,
Depok,Cinere - Nafas,2026-05-13 12:46:25,138,138,54,98,,,,,0,0,,,
Bogor,Kabupaten Bogor Leuwiliang,2026-05-13 01:00:00,-,85,46,,4,9,0,80,,,,,
Tangerang,Tangerang Pasir Jaya,2026-05-13 12:00:00,151,151,60,,59,63,0,65,,,,,
Bekasi,Bekasi Kayuringin,2026-05-13 12:00:00,88,88,47,,47,13,0,2,,,,,
Jakarta,The Pakubuwono Menteng,2026-05-13 12:47:59,126,126,50,94,,,,,47,34.7,,,
Depok,Cinere - Nafas,2026-05-13 12:48:25,142,142,57,106,,,,,0,0,,,
Bogor,Kabupaten Bogor Leuwiliang,2026-05-13 01:00:00,-,85,46,,4,9,0,80,,,,,
Tangerang,Tangerang Pasir Jaya,2026-05-13 12:00:00,151,151,60,,59,63,0,65,,,,,
Bekasi,Bekasi Kayuringin,2026-05-13 12:00:00,88,88,47,,47,13,0,2,,,,,
Jakarta,The Pakubuwono Menteng,2026-05-13 12:47:59,126,126,50,94,,,,,47,34.7,,,
Depok,Cinere - Nafas,2026-05-13 12:48:25,142,142,57,106,,,,,0,0,,,
Bogor,Kabupaten Bogor Leuwiliang,2026-05-13 01:00:00,-,85,46,,4,9,0,80,,,,,
Tangerang,Tangerang Pasir Jaya,2026-05-13 12:00:00,151,151,60,,59,63,0,65,,,,,
Bekasi,Bekasi Kayuringin,2026-05-13 12:00:00,88,88,47,,47,13,0,2,,,,,
Jakarta,The Pakubuwono Menteng,2026-05-13 12:49:59,126,126,50,93,,,,,46,34.8,,,
Depok,Cinere - Nafas,2026-05-13 12:50:25,140,140,55,99,,,,,0,0,,,
Bogor,Kabupaten Bogor Leuwiliang,2026-05-13 01:00:00,-,85,46,,4,9,0,80,,,,,
Tangerang,Tangerang Pasir Jaya,2026-05-13 12:00:00,151,151,60,,59,63,0,65,,,,,
Bekasi,Bekasi Kayuringin,2026-05-13 12:00:00,88,88,47,,47,13,0,2,,,,,
Jakarta,The Pakubuwono Menteng,2026-05-13 12:49:59,126,126,50,93,,,,,46,34.8,,,
Depok,Cinere - Nafas,2026-05-13 12:50:25,140,140,55,99,,,,,0,0,,,
Bogor,Kabupaten Bogor Leuwiliang,2026-05-13 01:00:00,-,85,46,,4,9,0,80,,,,,
Tangerang,Tangerang Pasir Jaya,2026-05-13 12:00:00,151,151,60,,59,63,0,65,,,,,
Bekasi,Bekasi Kayuringin,2026-05-13 12:00:00,88,88,47,,47,13,0,2,,,,,
Jakarta,The Pakubuwono Menteng,2026-05-13 12:50:59,129,129,50,96,,,,,46,34.8,,,
Depok,Cinere - Nafas,2026-05-13 12:51:25,143,143,56,101,,,,,0,0,,,
Bogor,Kabupaten Bogor Leuwiliang,2026-05-13 01:00:00,-,85,46,,4,9,0,80,,,,,
Tangerang,Tangerang Pasir Jaya,2026-05-13 12:00:00,151,151,60,,59,63,0,65,,,,,
Bekasi,Bekasi Kayuringin,2026-05-13 12:00:00,88,88,47,,47,13,0,2,,,,,
Jakarta,The Pakubuwono Menteng,2026-05-13 12:50:59,129,129,50,96,,,,,46,34.8,,,
Depok,Cinere - Nafas,2026-05-13 12:51:25,143,143,56,101,,,,,0,0,,,
Bogor,Kabupaten Bogor Leuwiliang,2026-05-13 01:00:00,-,85,46,,4,9,0,80,,,,,
Tangerang,Tangerang Pasir Jaya,2026-05-13 12:00:00,151,151,60,,59,63,0,65,,,,,
Bekasi,Bekasi Kayuringin,2026-05-13 12:00:00,88,88,47,,47,13,0,2,,,,,
Jakarta,The Pakubuwono Menteng,2026-05-13 12:50:59,129,129,50,96,,,,,46,34.8,,,
Depok,Cinere - Nafas,2026-05-13 12:51:25,143,143,56,101,,,,,0,0,,,
Bogor,Kabupaten Bogor Leuwiliang,2026-05-13 01:00:00,-,85,46,,4,9,0,80,,,,,
Tangerang,Tangerang Pasir Jaya,2026-05-13 12:00:00,151,151,60,,59,63,0,65,,,,,
Bekasi,Bekasi Kayuringin,2026-05-13 12:00:00,88,88,47,,47,13,0,2,,,,,
Jakarta,The Pakubuwono Menteng,2026-05-13 12:57:00,125,125,50,94,,,,,47,34.7,,,
Depok,Cinere - Nafas,2026-05-13 12:56:25,131,131,53,95,,,,,0,0,,,
Bogor,Kabupaten Bogor Leuwiliang,2026-05-13 01:00:00,-,85,46,,4,9,0,80,,,,,
Tangerang,Tangerang Pasir Jaya,2026-05-13 12:00:00,151,151,60,,59,63,0,65,,,,,
Bekasi,Bekasi Kayuringin,2026-05-13 12:00:00,88,88,47,,47,13,0,2,,,,,
Jakarta,The Pakubuwono Menteng,2026-05-13 12:57:00,125,125,50,94,,,,,47,34.7,,,
Depok,Cinere - Nafas,2026-05-13 12:56:25,131,131,53,95,,,,,0,0,,,
Bogor,Kabupaten Bogor Leuwiliang,2026-05-13 01:00:00,-,85,46,,4,9,0,80,,,,,
Tangerang,Tangerang Pasir Jaya,2026-05-13 12:00:00,151,151,60,,59,63,0,65,,,,,
Bekasi,Bekasi Kayuringin,2026-05-13 12:00:00,88,88,47,,47,13,0,2,,,,,
Jakarta,The Pakubuwono Menteng,2026-05-13 12:58:00,125,125,49,93,,,,,46,34.7,,,
Depok,Cinere - Nafas,2026-05-13 12:57:25,127,127,51,93,,,,,0,0,,,
Bogor,Kabupaten Bogor Leuwiliang,2026-05-13 01:00:00,-,85,46,,4,9,0,80,,,,,
Tangerang,Tangerang Pasir Jaya,2026-05-13 12:00:00,151,151,60,,59,63,0,65,,,,,
Bekasi,Bekasi Kayuringin,2026-05-13 12:00:00,88,88,47,,47,13,0,2,,,,,
Jakarta,The Pakubuwono Menteng,2026-05-13 13:00:00,125,125,50,94,,,,,46,34.7,,,
Depok,Cinere - Nafas,2026-05-13 12:59:25,126,126,50,92,,,,,0,0,,,
Bogor,Kabupaten Bogor Leuwiliang,2026-05-13 01:00:00,-,85,46,,4,9,0,80,,,,,
Tangerang,Tangerang Pasir Jaya,2026-05-13 12:00:00,151,151,60,,59,63,0,65,,,,,
Bekasi,Bekasi Kayuringin,2026-05-13 12:00:00,88,88,47,,47,13,0,2,,,,,
Jakarta,The Pakubuwono Menteng,2026-05-13 13:00:00,125,125,50,94,,,,,46,34.7,,,
Depok,Cinere - Nafas,2026-05-13 12:59:25,126,126,50,92,,,,,0,0,,,
Bogor,Kabupaten Bogor Leuwiliang,2026-05-13 01:00:00,-,85,46,,4,9,0,80,,,,,
Tangerang,Tangerang Pasir Jaya,2026-05-13 12:00:00,151,151,60,,59,63,0,65,,,,,
Bekasi,Bekasi Kayuringin,2026-05-13 12:00:00,88,88,47,,47,13,0,2,,,,,
Jakarta,The Pakubuwono Menteng,2026-05-13 13:01:59,122,122,48,90,,,,,47,34.7,,,
Depok,Cinere - Nafas,2026-05-13 13:01:25,129,129,52,94,,,,,0,0,,,
Bogor,Kabupaten Bogor Leuwiliang,2026-05-13 01:00:00,-,85,46,,4,9,0,80,,,,,
Tangerang,Tangerang Pasir Jaya,2026-05-13 12:00:00,151,151,60,,59,63,0,65,,,,,
Bekasi,Bekasi Kayuringin,2026-05-13 12:00:00,88,88,47,,47,13,0,2,,,,,
Jakarta,The Pakubuwono Menteng,2026-05-13 13:03:00,122,122,49,89,,,,,46,34.8,,,
Depok,Cinere - Nafas,2026-05-13 13:02:25,138,138,54,99,,,,,0,0,,,
Bogor,Kabupaten Bogor Leuwiliang,2026-05-13 01:00:00,-,85,46,,4,9,0,80,,,,,
Tangerang,Tangerang Pasir Jaya,2026-05-13 12:00:00,151,151,60,,59,63,0,65,,,,,
Bekasi,Bekasi Kayuringin,2026-05-13 12:00:00,88,88,47,,47,13,0,2,,,,,
Jakarta,The Pakubuwono Menteng,2026-05-13 13:05:00,123,123,49,90,,,,,46,34.8,,,
Depok,Cinere - Nafas,2026-05-13 13:04:25,128,128,52,93,,,,,0,0,,,
Bogor,Kabupaten Bogor Leuwiliang,2026-05-13 01:00:00,-,85,46,,4,9,0,80,,,,,
Tangerang,Tangerang Pasir Jaya,2026-05-13 13:00:00,151,151,60,,59,63,0,65,,,,,
Bekasi,Bekasi Kayuringin,2026-05-13 13:00:00,88,88,47,,47,13,0,2,,,,,
Jakarta,The Pakubuwono Menteng,2026-05-13 13:05:00,123,123,49,90,,,,,46,34.8,,,
Depok,Cinere - Nafas,2026-05-13 13:04:25,128,128,52,93,,,,,0,0,,,
Bogor,Kabupaten Bogor Leuwiliang,2026-05-13 01:00:00,-,85,46,,4,9,0,80,,,,,
Tangerang,Tangerang Pasir Jaya,2026-05-13 13:00:00,151,151,60,,59,63,0,65,,,,,
Bekasi,Bekasi Kayuringin,2026-05-13 13:00:00,88,88,47,,47,13,0,2,,,,,
Jakarta,The Pakubuwono Menteng,2026-05-13 13:07:00,119,119,46,91,,,,,47,34.7,,,
Depok,Cinere - Nafas,2026-05-13 13:06:25,133,133,53,94,,,,,0,0,,,
Bogor,Kabupaten Bogor Leuwiliang,2026-05-13 01:00:00,-,85,46,,4,9,0,80,,,,,
Tangerang,Tangerang Pasir Jaya,2026-05-13 13:00:00,151,151,60,,59,63,0,65,,,,,
Bekasi,Bekasi Kayuringin,2026-05-13 13:00:00,88,88,47,,47,13,0,2,,,,,
Jakarta,The Pakubuwono Menteng,2026-05-13 13:09:00,115,115,45,87,,,,,47,34.8,,,
Depok,Cinere - Nafas,2026-05-13 13:08:25,146,146,56,104,,,,,0,0,,,
Bogor,Kabupaten Bogor Leuwiliang,2026-05-13 01:00:00,-,85,46,,4,9,0,80,,,,,
Tangerang,Tangerang Pasir Jaya,2026-05-13 13:00:00,151,151,60,,59,63,0,65,,,,,
Bekasi,Bekasi Kayuringin,2026-05-13 13:00:00,88,88,47,,47,13,0,2,,,,,
Jakarta,The Pakubuwono Menteng,2026-05-13 13:09:00,115,115,45,87,,,,,47,34.8,,,
Depok,Cinere - Nafas,2026-05-13 13:08:25,146,146,56,104,,,,,0,0,,,
Bogor,Kabupaten Bogor Leuwiliang,2026-05-13 01:00:00,-,85,46,,4,9,0,80,,,,,
Tangerang,Tangerang Pasir Jaya,2026-05-13 13:00:00,151,151,60,,59,63,0,65,,,,,
Bekasi,Bekasi Kayuringin,2026-05-13 13:00:00,88,88,47,,47,13,0,2,,,,,
Jakarta,The Pakubuwono Menteng,2026-05-13 13:10:00,110,110,42,84,,,,,47,34.8,,,
Depok,Cinere - Nafas,2026-05-13 13:09:25,135,135,53,95,,,,,0,0,,,
Bogor,Kabupaten Bogor Leuwiliang,2026-05-13 01:00:00,-,85,46,,4,9,0,80,,,,,
Tangerang,Tangerang Pasir Jaya,2026-05-13 13:00:00,151,151,60,,59,63,0,65,,,,,
Bekasi,Bekasi Kayuringin,2026-05-13 13:00:00,88,88,47,,47,13,0,2,,,,,
Jakarta,The Pakubuwono Menteng,2026-05-13 13:10:00,110,110,42,84,,,,,47,34.8,,,
Depok,Cinere - Nafas,2026-05-13 13:09:25,135,135,53,95,,,,,0,0,,,
Bogor,Kabupaten Bogor Leuwiliang,2026-05-13 01:00:00,-,85,46,,4,9,0,80,,,,,
Tangerang,Tangerang Pasir Jaya,2026-05-13 13:00:00,151,151,60,,59,63,0,65,,,,,
Bekasi,Bekasi Kayuringin,2026-05-13 13:00:00,88,88,47,,47,13,0,2,,,,,
Jakarta,The Pakubuwono Menteng,2026-05-13 13:14:00,113,113,44,85,,,,,47,34.9,,,
Depok,Cinere - Nafas,2026-05-13 13:14:25,151,151,57,110,,,,,0,0,,,
Bogor,Kabupaten Bogor Leuwiliang,2026-05-13 01:00:00,-,85,46,,4,9,0,80,,,,,
Tangerang,Tangerang Pasir Jaya,2026-05-13 13:00:00,151,151,60,,59,63,0,65,,,,,
Bekasi,Bekasi Kayuringin,2026-05-13 13:00:00,88,88,47,,47,13,0,2,,,,,
Jakarta,The Pakubuwono Menteng,2026-05-13 13:14:00,113,113,44,85,,,,,47,34.9,,,
Depok,Cinere - Nafas,2026-05-13 13:14:25,151,151,57,110,,,,,0,0,,,
Bogor,Kabupaten Bogor Leuwiliang,2026-05-13 01:00:00,-,85,46,,4,9,0,80,,,,,
Tangerang,Tangerang Pasir Jaya,2026-05-13 13:00:00,151,151,60,,59,63,0,65,,,,,
Bekasi,Bekasi Kayuringin,2026-05-13 13:00:00,88,88,47,,47,13,0,2,,,,,
Jakarta,The Pakubuwono Menteng,2026-05-13 13:16:00,107,107,43,83,,,,,47,35,,,
Depok,Cinere - Nafas,2026-05-13 13:16:25,147,147,56,110,,,,,0,0,,,
Bogor,Kabupaten Bogor Leuwiliang,2026-05-13 01:00:00,-,85,46,,4,9,0,80,,,,,
Tangerang,Tangerang Pasir Jaya,2026-05-13 13:00:00,151,151,60,,59,63,0,65,,,,,
Bekasi,Bekasi Kayuringin,2026-05-13 13:00:00,88,88,47,,47,13,0,2,,,,,
Jakarta,The Pakubuwono Menteng,2026-05-13 13:17:00,111,111,42,83,,,,,46,35,,,
Depok,Cinere - Nafas,2026-05-13 13:17:25,149,149,56,106,,,,,0,0,,,
Bogor,Kabupaten Bogor Leuwiliang,2026-05-13 01:00:00,-,85,46,,4,9,0,80,,,,,
Tangerang,Tangerang Pasir Jaya,2026-05-13 13:00:00,151,151,60,,59,63,0,65,,,,,
Bekasi,Bekasi Kayuringin,2026-05-13 13:00:00,88,88,47,,47,13,0,2,,,,,
Jakarta,The Pakubuwono Menteng,2026-05-13 13:17:00,111,111,42,83,,,,,46,35,,,
Depok,Cinere - Nafas,2026-05-13 13:17:25,149,149,56,106,,,,,0,0,,,
Bogor,Kabupaten Bogor Leuwiliang,2026-05-13 01:00:00,-,85,46,,4,9,0,80,,,,,
Tangerang,Tangerang Pasir Jaya,2026-05-13 13:00:00,151,151,60,,59,63,0,65,,,,,
Bekasi,Bekasi Kayuringin,2026-05-13 13:00:00,88,88,47,,47,13,0,2,,,,,
Jakarta,The Pakubuwono Menteng,2026-05-13 13:19:00,113,113,45,86,,,,,46,35.09,,,
Depok,Cinere - Nafas,2026-05-13 13:19:25,149,149,56,108,,,,,0,0,,,
Bogor,Kabupaten Bogor Leuwiliang,2026-05-13 01:00:00,-,85,46,,4,9,0,80,,,,,
Tangerang,Tangerang Pasir Jaya,2026-05-13 13:00:00,151,151,60,,59,63,0,65,,,,,
Bekasi,Bekasi Kayuringin,2026-05-13 13:00:00,88,88,47,,47,13,0,2,,,,,
Jakarta,The Pakubuwono Menteng,2026-05-13 13:21:00,99,99,37,79,,,,,46,35.09,,,
Depok,Cinere - Nafas,2026-05-13 13:21:25,142,142,55,108,,,,,0,0,,,
Bogor,Kabupaten Bogor Leuwiliang,2026-05-13 01:00:00,-,85,46,,4,9,0,80,,,,,
Tangerang,Tangerang Pasir Jaya,2026-05-13 13:00:00,151,151,60,,59,63,0,65,,,,,
Bekasi,Bekasi Kayuringin,2026-05-13 13:00:00,88,88,47,,47,13,0,2,,,,,
Jakarta,The Pakubuwono Menteng,2026-05-13 13:21:00,99,99,37,79,,,,,46,35.09,,,
Depok,Cinere - Nafas,2026-05-13 13:21:25,142,142,55,108,,,,,0,0,,,
Bogor,Kabupaten Bogor Leuwiliang,2026-05-13 01:00:00,-,85,46,,4,9,0,80,,,,,
Tangerang,Tangerang Pasir Jaya,2026-05-13 13:00:00,151,151,60,,59,63,0,65,,,,,
Bekasi,Bekasi Kayuringin,2026-05-13 13:00:00,88,88,47,,47,13,0,2,,,,,
Jakarta,The Pakubuwono Menteng,2026-05-13 13:22:00,104,104,41,80,,,,,46,35.2,,,
Depok,Cinere - Nafas,2026-05-13 13:22:25,150,150,57,111,,,,,0,0,,,
Bogor,Kabupaten Bogor Leuwiliang,2026-05-13 01:00:00,-,85,46,,4,9,0,80,,,,,
Tangerang,Tangerang Pasir Jaya,2026-05-13 13:00:00,151,151,60,,59,63,0,65,,,,,
Bekasi,Bekasi Kayuringin,2026-05-13 13:00:00,88,88,47,,47,13,0,2,,,,,
Jakarta,The Pakubuwono Menteng,2026-05-13 13:24:00,105,105,40,80,,,,,46,35.2,,,
Depok,Cinere - Nafas,2026-05-13 13:24:26,163,163,74,140,,,,,0,0,,,
Bogor,Kabupaten Bogor Leuwiliang,2026-05-13 01:00:00,-,85,46,,4,9,0,80,,,,,
Tangerang,Tangerang Pasir Jaya,2026-05-13 13:00:00,151,151,60,,59,63,0,65,,,,,
Bekasi,Bekasi Kayuringin,2026-05-13 13:00:00,88,88,47,,47,13,0,2,,,,,
Jakarta,The Pakubuwono Menteng,2026-05-13 13:26:00,99,99,37,82,,,,,45,35.3,,,
Depok,Cinere - Nafas,2026-05-13 13:26:25,152,152,58,113,,,,,0,0,,,
Bogor,Kabupaten Bogor Leuwiliang,2026-05-13 01:00:00,-,85,46,,4,9,0,80,,,,,
Tangerang,Tangerang Pasir Jaya,2026-05-13 13:00:00,151,151,60,,59,63,0,65,,,,,
Bekasi,Bekasi Kayuringin,2026-05-13 13:00:00,88,88,47,,47,13,0,2,,,,,
Jakarta,The Pakubuwono Menteng,2026-05-13 13:27:00,107,107,41,80,,,,,45,35.3,,,
Depok,Cinere - Nafas,2026-05-13 13:27:25,154,154,59,118,,,,,0,0,,,
Bogor,Kabupaten Bogor Leuwiliang,2026-05-13 01:00:00,-,85,46,,4,9,0,80,,,,,
Tangerang,Tangerang Pasir Jaya,2026-05-13 13:00:00,151,151,60,,59,63,0,65,,,,,
Bekasi,Bekasi Kayuringin,2026-05-13 13:00:00,88,88,47,,47,13,0,2,,,,,
Jakarta,The Pakubuwono Menteng,2026-05-13 13:27:00,107,107,41,80,,,,,45,35.3,,,
Depok,Cinere - Nafas,2026-05-13 13:27:25,154,154,59,118,,,,,0,0,,,
Bogor,Kabupaten Bogor Leuwiliang,2026-05-13 01:00:00,-,85,46,,4,9,0,80,,,,,
Tangerang,Tangerang Pasir Jaya,2026-05-13 13:00:00,151,151,60,,59,63,0,65,,,,,
Bekasi,Bekasi Kayuringin,2026-05-13 13:00:00,88,88,47,,47,13,0,2,,,,,
Jakarta,The Pakubuwono Menteng,2026-05-13 13:29:00,108,108,40,83,,,,,45,35.5,,,
Depok,Cinere - Nafas,2026-05-13 13:29:25,151,151,57,111,,,,,0,0,,,
Bogor,Kabupaten Bogor Leuwiliang,2026-05-13 01:00:00,-,85,46,,4,9,0,80,,,,,
Tangerang,Tangerang Pasir Jaya,2026-05-13 13:00:00,151,151,60,,59,63,0,65,,,,,
Bekasi,Bekasi Kayuringin,2026-05-13 13:00:00,88,88,47,,47,13,0,2,,,,,
Jakarta,The Pakubuwono Menteng,2026-05-13 13:30:00,104,104,40,80,,,,,45,35.5,,,
Depok,Cinere - Nafas,2026-05-13 13:30:25,151,151,57,114,,,,,0,0,,,
Bogor,Kabupaten Bogor Leuwiliang,2026-05-13 01:00:00,-,85,46,,4,9,0,80,,,,,
Tangerang,Tangerang Pasir Jaya,2026-05-13 13:00:00,151,151,60,,59,63,0,65,,,,,
Bekasi,Bekasi Kayuringin,2026-05-13 13:00:00,88,88,47,,47,13,0,2,,,,,
Jakarta,The Pakubuwono Menteng,2026-05-13 13:30:00,104,104,40,80,,,,,45,35.5,,,
Depok,Cinere - Nafas,2026-05-13 13:30:25,151,151,57,114,,,,,0,0,,,
Bogor,Kabupaten Bogor Leuwiliang,2026-05-13 01:00:00,-,85,46,,4,9,0,80,,,,,
Tangerang,Tangerang Pasir Jaya,2026-05-13 13:00:00,151,151,60,,59,63,0,65,,,,,
Bekasi,Bekasi Kayuringin,2026-05-13 13:00:00,88,88,47,,47,13,0,2,,,,,
Jakarta,The Pakubuwono Menteng,2026-05-13 13:32:00,111,111,42,83,,,,,44,35.7,,,
Depok,Cinere - Nafas,2026-05-13 13:32:25,155,155,60,117,,,,,0,0,,,
Bogor,Kabupaten Bogor Leuwiliang,2026-05-13 01:00:00,-,85,46,,4,9,0,80,,,,,
Tangerang,Tangerang Pasir Jaya,2026-05-13 13:00:00,151,151,60,,59,63,0,65,,,,,
Bekasi,Bekasi Kayuringin,2026-05-13 13:00:00,88,88,47,,47,13,0,2,,,,,
Jakarta,The Pakubuwono Menteng,2026-05-13 13:34:00,108,108,41,83,,,,,44,35.8,,,
Depok,Cinere - Nafas,2026-05-13 13:34:25,172,172,86,149,,,,,0,0,,,
Bogor,Kabupaten Bogor Leuwiliang,2026-05-13 01:00:00,-,85,46,,4,9,0,80,,,,,
Tangerang,Tangerang Pasir Jaya,2026-05-13 13:00:00,151,151,60,,59,63,0,65,,,,,
Bekasi,Bekasi Kayuringin,2026-05-13 13:00:00,88,88,47,,47,13,0,2,,,,,
Jakarta,The Pakubuwono Menteng,2026-05-13 13:35:00,111,111,42,85,,,,,44,35.8,,,
Depok,Cinere - Nafas,2026-05-13 13:35:25,159,159,66,127,,,,,0,0,,,
Bogor,Kabupaten Bogor Leuwiliang,2026-05-13 01:00:00,-,85,46,,4,9,0,80,,,,,
Tangerang,Tangerang Pasir Jaya,2026-05-13 13:00:00,151,151,60,,59,63,0,65,,,,,
Bekasi,Bekasi Kayuringin,2026-05-13 13:00:00,88,88,47,,47,13,0,2,,,,,
Jakarta,The Pakubuwono Menteng,2026-05-13 13:37:00,104,104,40,79,,,,,44,35.9,,,
Depok,Cinere - Nafas,2026-05-13 13:37:25,151,151,56,112,,,,,0,0,,,
Bogor,Kabupaten Bogor Leuwiliang,2026-05-13 01:00:00,-,85,46,,4,9,0,80,,,,,
Tangerang,Tangerang Pasir Jaya,2026-05-13 13:00:00,151,151,60,,59,63,0,65,,,,,
Bekasi,Bekasi Kayuringin,2026-05-13 13:00:00,88,88,47,,47,13,0,2,,,,,
Jakarta,The Pakubuwono Menteng,2026-05-13 13:37:00,104,104,40,79,,,,,44,35.9,,,
Depok,Cinere - Nafas,2026-05-13 13:37:25,151,151,56,112,,,,,0,0,,,
Bogor,Kabupaten Bogor Leuwiliang,2026-05-13 01:00:00,-,85,46,,4,9,0,80,,,,,
Tangerang,Tangerang Pasir Jaya,2026-05-13 13:00:00,151,151,60,,59,63,0,65,,,,,
Bekasi,Bekasi Kayuringin,2026-05-13 13:00:00,88,88,47,,47,13,0,2,,,,,
Jakarta,The Pakubuwono Menteng,2026-05-13 13:38:00,104,104,39,80,,,,,44,36,,,
Depok,Cinere - Nafas,2026-05-13 13:38:25,152,152,58,115,,,,,0,0,,,
Bogor,Kabupaten Bogor Leuwiliang,2026-05-13 01:00:00,-,85,46,,4,9,0,80,,,,,
Tangerang,Tangerang Pasir Jaya,2026-05-13 13:00:00,151,151,60,,59,63,0,65,,,,,
Bekasi,Bekasi Kayuringin,2026-05-13 13:00:00,88,88,47,,47,13,0,2,,,,,
Jakarta,The Pakubuwono Menteng,2026-05-13 13:40:00,101,101,37,79,,,,,44,36,,,
Depok,Cinere - Nafas,2026-05-13 13:40:25,153,153,58,119,,,,,0,0,,,
Bogor,Kabupaten Bogor Leuwiliang,2026-05-13 01:00:00,-,85,46,,4,9,0,80,,,,,
Tangerang,Tangerang Pasir Jaya,2026-05-13 13:00:00,151,151,60,,59,63,0,65,,,,,
Bekasi,Bekasi Kayuringin,2026-05-13 13:00:00,88,88,47,,47,13,0,2,,,,,
Jakarta,The Pakubuwono Menteng,2026-05-13 13:40:00,101,101,37,79,,,,,44,36,,,
Depok,Cinere - Nafas,2026-05-13 13:40:25,153,153,58,119,,,,,0,0,,,
Bogor,Kabupaten Bogor Leuwiliang,2026-05-13 01:00:00,-,85,46,,4,9,0,80,,,,,
Tangerang,Tangerang Pasir Jaya,2026-05-13 13:00:00,151,151,60,,59,63,0,65,,,,,
Bekasi,Bekasi Kayuringin,2026-05-13 13:00:00,88,88,47,,47,13,0,2,,,,,
Jakarta,The Pakubuwono Menteng,2026-05-13 13:42:00,100,100,37,80,,,,,44,36,,,
Depok,Cinere - Nafas,2026-05-13 13:42:25,154,154,60,122,,,,,0,0,,,
Bogor,Kabupaten Bogor Leuwiliang,2026-05-13 01:00:00,-,85,46,,4,9,0,80,,,,,
Tangerang,Tangerang Pasir Jaya,2026-05-13 13:00:00,151,151,60,,59,63,0,65,,,,,
Bekasi,Bekasi Kayuringin,2026-05-13 13:00:00,88,88,47,,47,13,0,2,,,,,
Jakarta,The Pakubuwono Menteng,2026-05-13 13:43:00,99,99,36,79,,,,,44,36.09,,,
Depok,Cinere - Nafas,2026-05-13 13:43:25,154,154,60,120,,,,,0,0,,,
Bogor,Kabupaten Bogor Leuwiliang,2026-05-13 01:00:00,-,85,46,,4,9,0,80,,,,,
Tangerang,Tangerang Pasir Jaya,2026-05-13 13:00:00,151,151,60,,59,63,0,65,,,,,
Bekasi,Bekasi Kayuringin,2026-05-13 13:00:00,88,88,47,,47,13,0,2,,,,,
Jakarta,The Pakubuwono Menteng,2026-05-13 13:45:01,104,104,38,80,,,,,44,36.09,,,
Depok,Cinere - Nafas,2026-05-13 13:45:25,153,153,58,115,,,,,0,0,,,
Bogor,Kabupaten Bogor Leuwiliang,2026-05-13 01:00:00,-,85,46,,4,9,0,80,,,,,
Tangerang,Tangerang Pasir Jaya,2026-05-13 13:00:00,151,151,60,,59,63,0,65,,,,,
Bekasi,Bekasi Kayuringin,2026-05-13 13:00:00,88,88,47,,47,13,0,2,,,,,
Jakarta,The Pakubuwono Menteng,2026-05-13 13:46:01,104,104,40,79,,,,,44,36.09,,,
Depok,Cinere - Nafas,2026-05-13 13:46:25,147,147,56,110,,,,,0,0,,,
Bogor,Kabupaten Bogor Leuwiliang,2026-05-13 01:00:00,-,85,46,,4,9,0,80,,,,,
Tangerang,Tangerang Pasir Jaya,2026-05-13 13:00:00,151,151,60,,59,63,0,65,,,,,
Bekasi,Bekasi Kayuringin,2026-05-13 13:00:00,88,88,47,,47,13,0,2,,,,,
Jakarta,The Pakubuwono Menteng,2026-05-13 13:46:01,104,104,40,79,,,,,44,36.09,,,
Depok,Cinere - Nafas,2026-05-13 13:46:25,147,147,56,110,,,,,0,0,,,
Bogor,Kabupaten Bogor Leuwiliang,2026-05-13 01:00:00,-,85,46,,4,9,0,80,,,,,
Tangerang,Tangerang Pasir Jaya,2026-05-13 13:00:00,151,151,60,,59,63,0,65,,,,,
Bekasi,Bekasi Kayuringin,2026-05-13 13:00:00,88,88,47,,47,13,0,2,,,,,
Jakarta,The Pakubuwono Menteng,2026-05-13 13:48:01,108,108,42,83,,,,,43,36.09,,,
Depok,Cinere - Nafas,2026-05-13 13:48:25,143,143,56,111,,,,,0,0,,,
Bogor,Kabupaten Bogor Leuwiliang,2026-05-13 01:00:00,-,85,46,,4,9,0,80,,,,,
Tangerang,Tangerang Pasir Jaya,2026-05-13 13:00:00,151,151,60,,59,63,0,65,,,,,
Bekasi,Bekasi Kayuringin,2026-05-13 13:00:00,88,88,47,,47,13,0,2,,,,,
Jakarta,The Pakubuwono Menteng,2026-05-13 13:49:01,108,108,40,84,,,,,44,36,,,
Depok,Cinere - Nafas,2026-05-13 13:49:25,151,151,56,110,,,,,0,0,,,
Bogor,Kabupaten Bogor Leuwiliang,2026-05-13 01:00:00,-,85,46,,4,9,0,80,,,,,
Tangerang,Tangerang Pasir Jaya,2026-05-13 13:00:00,151,151,60,,59,63,0,65,,,,,
Bekasi,Bekasi Kayuringin,2026-05-13 13:00:00,88,88,47,,47,13,0,2,,,,,
Jakarta,The Pakubuwono Menteng,2026-05-13 13:49:01,108,108,40,84,,,,,44,36,,,
Depok,Cinere - Nafas,2026-05-13 13:49:25,151,151,56,110,,,,,0,0,,,
Bogor,Kabupaten Bogor Leuwiliang,2026-05-13 01:00:00,-,85,46,,4,9,0,80,,,,,
Tangerang,Tangerang Pasir Jaya,2026-05-13 13:00:00,151,151,60,,59,63,0,65,,,,,
Bekasi,Bekasi Kayuringin,2026-05-13 13:00:00,88,88,47,,47,13,0,2,,,,,
Jakarta,The Pakubuwono Menteng,2026-05-13 13:50:01,100,100,38,79,,,,,44,36,,,
Depok,Cinere - Nafas,2026-05-13 13:50:26,146,146,56,109,,,,,0,0,,,
Bogor,Kabupaten Bogor Leuwiliang,2026-05-13 01:00:00,-,85,46,,4,9,0,80,,,,,
Tangerang,Tangerang Pasir Jaya,2026-05-13 13:00:00,151,151,60,,59,63,0,65,,,,,
Bekasi,Bekasi Kayuringin,2026-05-13 13:00:00,88,88,47,,47,13,0,2,,,,,
Jakarta,The Pakubuwono Menteng,2026-05-13 13:50:01,100,100,38,79,,,,,44,36,,,
Depok,Cinere - Nafas,2026-05-13 13:50:26,146,146,56,109,,,,,0,0,,,
Bogor,Kabupaten Bogor Leuwiliang,2026-05-13 01:00:00,-,85,46,,4,9,0,80,,,,,
Tangerang,Tangerang Pasir Jaya,2026-05-13 13:00:00,151,151,60,,59,63,0,65,,,,,
Bekasi,Bekasi Kayuringin,2026-05-13 13:00:00,88,88,47,,47,13,0,2,,,,,
Jakarta,The Pakubuwono Menteng,2026-05-13 13:53:01,99,99,37,80,,,,,44,35.9,,,
Depok,Cinere - Nafas,2026-05-13 13:53:26,145,145,55,107,,,,,0,0,,,
Bogor,Kabupaten Bogor Leuwiliang,2026-05-13 01:00:00,-,85,46,,4,9,0,80,,,,,
Tangerang,Tangerang Pasir Jaya,2026-05-13 13:00:00,151,151,60,,59,63,0,65,,,,,
Bekasi,Bekasi Kayuringin,2026-05-13 13:00:00,88,88,47,,47,13,0,2,,,,,
Jakarta,The Pakubuwono Menteng,2026-05-13 13:55:01,107,107,42,84,,,,,44,35.8,,,
Depok,Cinere - Nafas,2026-05-13 13:55:34,144,144,55,104,,,,,0,0,,,
Bogor,Kabupaten Bogor Leuwiliang,2026-05-13 01:00:00,-,85,46,,4,9,0,80,,,,,
Tangerang,Tangerang Pasir Jaya,2026-05-13 13:00:00,151,151,60,,59,63,0,65,,,,,
Bekasi,Bekasi Kayuringin,2026-05-13 13:00:00,88,88,47,,47,13,0,2,,,,,
Jakarta,The Pakubuwono Menteng,2026-05-13 13:55:01,107,107,42,84,,,,,44,35.8,,,
Depok,Cinere - Nafas,2026-05-13 13:55:34,144,144,55,104,,,,,0,0,,,
Bogor,Kabupaten Bogor Leuwiliang,2026-05-13 01:00:00,-,85,46,,4,9,0,80,,,,,
Tangerang,Tangerang Pasir Jaya,2026-05-13 13:00:00,151,151,60,,59,63,0,65,,,,,
Bekasi,Bekasi Kayuringin,2026-05-13 13:00:00,88,88,47,,47,13,0,2,,,,,
Jakarta,The Pakubuwono Menteng,2026-05-13 13:58:01,107,107,41,83,,,,,44,35.9,,,
Depok,Cinere - Nafas,2026-05-13 13:56:46,139,139,55,106,,,,,0,0,,,
Bogor,Kabupaten Bogor Leuwiliang,2026-05-13 01:00:00,-,85,46,,4,9,0,80,,,,,
Tangerang,Tangerang Pasir Jaya,2026-05-13 13:00:00,151,151,60,,59,63,0,65,,,,,
Bekasi,Bekasi Kayuringin,2026-05-13 13:00:00,88,88,47,,47,13,0,2,,,,,
Jakarta,The Pakubuwono Menteng,2026-05-13 14:00:01,105,105,41,82,,,,,44,36,,,
Depok,Cinere - Nafas,2026-05-13 13:59:19,141,141,55,106,,,,,0,0,,,
Bogor,Kabupaten Bogor Leuwiliang,2026-05-13 01:00:00,-,85,46,,4,9,0,80,,,,,
Tangerang,Tangerang Pasir Jaya,2026-05-13 13:00:00,151,151,60,,59,63,0,65,,,,,
Bekasi,Bekasi Kayuringin,2026-05-13 13:00:00,88,88,47,,47,13,0,2,,,,,
Jakarta,The Pakubuwono Menteng,2026-05-13 14:00:01,105,105,41,82,,,,,44,36,,,
Depok,Cinere - Nafas,2026-05-13 13:59:19,141,141,55,106,,,,,0,0,,,
Bogor,Kabupaten Bogor Leuwiliang,2026-05-13 01:00:00,-,85,46,,4,9,0,80,,,,,
Tangerang,Tangerang Pasir Jaya,2026-05-13 13:00:00,151,151,60,,59,63,0,65,,,,,
Bekasi,Bekasi Kayuringin,2026-05-13 13:00:00,88,88,47,,47,13,0,2,,,,,
Jakarta,The Pakubuwono Menteng,2026-05-13 14:01:01,106,106,40,83,,,,,44,35.9,,,
Depok,Cinere - Nafas,2026-05-13 14:00:19,138,138,54,102,,,,,0,0,,,
Bogor,Kabupaten Bogor Leuwiliang,2026-05-13 01:00:00,-,85,46,,4,9,0,80,,,,,
Tangerang,Tangerang Pasir Jaya,2026-05-13 13:00:00,151,151,60,,59,63,0,65,,,,,
Bekasi,Bekasi Kayuringin,2026-05-13 13:00:00,88,88,47,,47,13,0,2,,,,,
Jakarta,The Pakubuwono Menteng,2026-05-13 14:03:01,103,103,39,83,,,,,44,35.9,,,
Depok,Cinere - Nafas,2026-05-13 14:02:19,148,148,56,109,,,,,0,0,,,
Bogor,Kabupaten Bogor Leuwiliang,2026-05-13 01:00:00,-,85,46,,4,9,0,80,,,,,
Tangerang,Tangerang Pasir Jaya,2026-05-13 13:00:00,151,151,60,,59,63,0,65,,,,,
Bekasi,Bekasi Kayuringin,2026-05-13 13:00:00,88,88,47,,47,13,0,2,,,,,
Jakarta,The Pakubuwono Menteng,2026-05-13 14:03:01,103,103,39,83,,,,,44,35.9,,,
Depok,Cinere - Nafas,2026-05-13 14:02:19,148,148,56,109,,,,,0,0,,,
Bogor,Kabupaten Bogor Leuwiliang,2026-05-13 01:00:00,-,85,46,,4,9,0,80,,,,,
Tangerang,Tangerang Pasir Jaya,2026-05-13 13:00:00,151,151,60,,59,63,0,65,,,,,
Bekasi,Bekasi Kayuringin,2026-05-13 13:00:00,88,88,47,,47,13,0,2,,,,,
Jakarta,The Pakubuwono Menteng,2026-05-13 14:05:01,100,100,40,82,,,,,44,35.9,,,
Depok,Cinere - Nafas,2026-05-13 14:04:19,144,144,55,109,,,,,0,0,,,
Bogor,Kabupaten Bogor Leuwiliang,2026-05-13 01:00:00,-,85,46,,4,9,0,80,,,,,
Tangerang,Tangerang Pasir Jaya,2026-05-13 13:00:00,151,151,60,,59,63,0,65,,,,,
Bekasi,Bekasi Kayuringin,2026-05-13 13:00:00,88,88,47,,47,13,0,2,,,,,
Jakarta,The Pakubuwono Menteng,2026-05-13 14:07:01,111,111,43,83,,,,,45,35.8,,,
Depok,Cinere - Nafas,2026-05-13 14:06:19,151,151,57,118,,,,,0,0,,,
Bogor,Kabupaten Bogor Leuwiliang,2026-05-13 01:00:00,-,85,46,,4,9,0,80,,,,,
Tangerang,Tangerang Pasir Jaya,2026-05-13 14:00:00,152,152,61,,59,63,0,65,,,,,
Bekasi,Bekasi Kayuringin,2026-05-13 14:00:00,88,88,48,,47,13,0,2,,,,,
Jakarta,The Pakubuwono Menteng,2026-05-13 14:09:01,112,112,42,84,,,,,45,35.7,,,
Depok,Cinere - Nafas,2026-05-13 14:08:19,146,146,55,104,,,,,0,0,,,
Bogor,Kabupaten Bogor Leuwiliang,2026-05-13 01:00:00,-,85,46,,4,9,0,80,,,,,
Tangerang,Tangerang Pasir Jaya,2026-05-13 14:00:00,152,152,61,,59,63,0,65,,,,,
Bekasi,Bekasi Kayuringin,2026-05-13 14:00:00,88,88,48,,47,13,0,2,,,,,
Jakarta,The Pakubuwono Menteng,2026-05-13 14:09:01,112,112,42,84,,,,,45,35.7,,,
Depok,Cinere - Nafas,2026-05-13 14:08:19,146,146,55,104,,,,,0,0,,,
Bogor,Kabupaten Bogor Leuwiliang,2026-05-13 01:00:00,-,85,46,,4,9,0,80,,,,,
Tangerang,Tangerang Pasir Jaya,2026-05-13 14:00:00,152,152,61,,59,63,0,65,,,,,
Bekasi,Bekasi Kayuringin,2026-05-13 14:00:00,88,88,48,,47,13,0,2,,,,,
Jakarta,The Pakubuwono Menteng,2026-05-13 14:10:01,111,111,43,84,,,,,45,35.7,,,
Depok,Cinere - Nafas,2026-05-13 14:09:19,141,141,55,107,,,,,0,0,,,
Bogor,Kabupaten Bogor Leuwiliang,2026-05-13 01:00:00,-,85,46,,4,9,0,80,,,,,
Tangerang,Tangerang Pasir Jaya,2026-05-13 14:00:00,152,152,61,,59,63,0,65,,,,,
Bekasi,Bekasi Kayuringin,2026-05-13 14:00:00,88,88,48,,47,13,0,2,,,,,
Jakarta,The Pakubuwono Menteng,2026-05-13 14:12:01,111,111,42,86,,,,,45,35.7,,,
Depok,Cinere - Nafas,2026-05-13 14:11:19,150,150,56,107,,,,,0,0,,,
Bogor,Kabupaten Bogor Leuwiliang,2026-05-13 01:00:00,-,85,46,,4,9,0,80,,,,,
Tangerang,Tangerang Pasir Jaya,2026-05-13 14:00:00,152,152,61,,59,63,0,65,,,,,
Bekasi,Bekasi Kayuringin,2026-05-13 14:00:00,88,88,48,,47,13,0,2,,,,,
Jakarta,The Pakubuwono Menteng,2026-05-13 14:12:01,111,111,42,86,,,,,45,35.7,,,
Depok,Cinere - Nafas,2026-05-13 14:11:19,150,150,56,107,,,,,0,0,,,
Bogor,Kabupaten Bogor Leuwiliang,2026-05-13 01:00:00,-,85,46,,4,9,0,80,,,,,
Tangerang,Tangerang Pasir Jaya,2026-05-13 14:00:00,152,152,61,,59,63,0,65,,,,,
Bekasi,Bekasi Kayuringin,2026-05-13 14:00:00,88,88,48,,47,13,0,2,,,,,
Jakarta,The Pakubuwono Menteng,2026-05-13 14:14:01,108,108,42,81,,,,,45,35.7,,,
Depok,Cinere - Nafas,2026-05-13 14:13:19,141,141,55,104,,,,,0,0,,,
Bogor,Kabupaten Bogor Leuwiliang,2026-05-13 01:00:00,-,85,46,,4,9,0,80,,,,,
Tangerang,Tangerang Pasir Jaya,2026-05-13 14:00:00,152,152,61,,59,63,0,65,,,,,
Bekasi,Bekasi Kayuringin,2026-05-13 14:00:00,88,88,48,,47,13,0,2,,,,,
Jakarta,The Pakubuwono Menteng,2026-05-13 14:15:01,101,101,40,79,,,,,45,35.8,,,
Depok,Cinere - Nafas,2026-05-13 14:14:20,141,141,54,103,,,,,0,0,,,
Bogor,Kabupaten Bogor Leuwiliang,2026-05-13 01:00:00,-,85,46,,4,9,0,80,,,,,
Tangerang,Tangerang Pasir Jaya,2026-05-13 14:00:00,152,152,61,,59,63,0,65,,,,,
Bekasi,Bekasi Kayuringin,2026-05-13 14:00:00,88,88,48,,47,13,0,2,,,,,
Jakarta,The Pakubuwono Menteng,2026-05-13 14:17:01,103,103,40,83,,,,,45,36,,,
Depok,Cinere - Nafas,2026-05-13 14:16:19,139,139,55,103,,,,,0,0,,,
Bogor,Kabupaten Bogor Leuwiliang,2026-05-13 01:00:00,-,85,46,,4,9,0,80,,,,,
Tangerang,Tangerang Pasir Jaya,2026-05-13 14:00:00,152,152,61,,59,63,0,65,,,,,
Bekasi,Bekasi Kayuringin,2026-05-13 14:00:00,88,88,48,,47,13,0,2,,,,,
Jakarta,The Pakubuwono Menteng,2026-05-13 14:17:01,103,103,40,83,,,,,45,36,,,
Depok,Cinere - Nafas,2026-05-13 14:16:19,139,139,55,103,,,,,0,0,,,
Bogor,Kabupaten Bogor Leuwiliang,2026-05-13 01:00:00,-,85,46,,4,9,0,80,,,,,
Tangerang,Tangerang Pasir Jaya,2026-05-13 14:00:00,152,152,61,,59,63,0,65,,,,,
Bekasi,Bekasi Kayuringin,2026-05-13 14:00:00,88,88,48,,47,13,0,2,,,,,
Jakarta,The Pakubuwono Menteng,2026-05-13 14:19:02,108,108,42,83,,,,,44,36.2,,,
Depok,Cinere - Nafas,2026-05-13 14:18:19,139,139,54,98,,,,,0,0,,,
Bogor,Kabupaten Bogor Leuwiliang,2026-05-13 01:00:00,-,85,46,,4,9,0,80,,,,,
Tangerang,Tangerang Pasir Jaya,2026-05-13 14:00:00,152,152,61,,59,63,0,65,,,,,
Bekasi,Bekasi Kayuringin,2026-05-13 14:00:00,88,88,48,,47,13,0,2,,,,,
Jakarta,The Pakubuwono Menteng,2026-05-13 14:19:02,108,108,42,83,,,,,44,36.2,,,
Depok,Cinere - Nafas,2026-05-13 14:18:19,139,139,54,98,,,,,0,0,,,
Bogor,Kabupaten Bogor Leuwiliang,2026-05-13 01:00:00,-,85,46,,4,9,0,80,,,,,
Tangerang,Tangerang Pasir Jaya,2026-05-13 14:00:00,152,152,61,,59,63,0,65,,,,,
Bekasi,Bekasi Kayuringin,2026-05-13 14:00:00,88,88,48,,47,13,0,2,,,,,
Jakarta,The Pakubuwono Menteng,2026-05-13 14:21:02,111,111,42,84,,,,,44,36.4,,,
Depok,Cinere - Nafas,2026-05-13 14:20:20,137,137,53,98,,,,,0,0,,,
Bogor,Kabupaten Bogor Leuwiliang,2026-05-13 01:00:00,-,85,46,,4,9,0,80,,,,,
Tangerang,Tangerang Pasir Jaya,2026-05-13 14:00:00,152,152,61,,59,63,0,65,,,,,
Bekasi,Bekasi Kayuringin,2026-05-13 14:00:00,88,88,48,,47,13,0,2,,,,,
Jakarta,The Pakubuwono Menteng,2026-05-13 14:22:02,110,110,42,83,,,,,43,36.4,,,
Depok,Cinere - Nafas,2026-05-13 14:21:20,133,133,52,95,,,,,0,0,,,
Bogor,Kabupaten Bogor Leuwiliang,2026-05-13 01:00:00,-,85,46,,4,9,0,80,,,,,
Tangerang,Tangerang Pasir Jaya,2026-05-13 14:00:00,152,152,61,,59,63,0,65,,,,,
Bekasi,Bekasi Kayuringin,2026-05-13 14:00:00,88,88,48,,47,13,0,2,,,,,
Jakarta,The Pakubuwono Menteng,2026-05-13 14:22:02,110,110,42,83,,,,,43,36.4,,,
Depok,Cinere - Nafas,2026-05-13 14:21:20,133,133,52,95,,,,,0,0,,,
Bogor,Kabupaten Bogor Leuwiliang,2026-05-13 01:00:00,-,85,46,,4,9,0,80,,,,,
Tangerang,Tangerang Pasir Jaya,2026-05-13 14:00:00,152,152,61,,59,63,0,65,,,,,
Bekasi,Bekasi Kayuringin,2026-05-13 14:00:00,88,88,48,,47,13,0,2,,,,,
Jakarta,The Pakubuwono Menteng,2026-05-13 14:25:02,109,109,44,84,,,,,44,36.4,,,
Depok,Cinere - Nafas,2026-05-13 14:24:20,138,138,54,101,,,,,0,0,,,
Bogor,Kabupaten Bogor Leuwiliang,2026-05-13 01:00:00,-,85,46,,4,9,0,80,,,,,
Tangerang,Tangerang Pasir Jaya,2026-05-13 14:00:00,152,152,61,,59,63,0,65,,,,,
Bekasi,Bekasi Kayuringin,2026-05-13 14:00:00,88,88,48,,47,13,0,2,,,,,
Jakarta,The Pakubuwono Menteng,2026-05-13 14:26:02,109,109,42,83,,,,,44,36.4,,,
Depok,Cinere - Nafas,2026-05-13 14:25:20,140,140,55,99,,,,,0,0,,,
Bogor,Kabupaten Bogor Leuwiliang,2026-05-13 01:00:00,-,85,46,,4,9,0,80,,,,,
Tangerang,Tangerang Pasir Jaya,2026-05-13 14:00:00,152,152,61,,59,63,0,65,,,,,
Bekasi,Bekasi Kayuringin,2026-05-13 14:00:00,88,88,48,,47,13,0,2,,,,,
Jakarta,The Pakubuwono Menteng,2026-05-13 14:26:02,109,109,42,83,,,,,44,36.4,,,
Depok,Cinere - Nafas,2026-05-13 14:27:20,138,138,54,99,,,,,0,0,,,
Bogor,Kabupaten Bogor Leuwiliang,2026-05-13 01:00:00,-,85,46,,4,9,0,80,,,,,
Tangerang,Tangerang Pasir Jaya,2026-05-13 14:00:00,152,152,61,,59,63,0,65,,,,,
Bekasi,Bekasi Kayuringin,2026-05-13 14:00:00,88,88,48,,47,13,0,2,,,,,
Jakarta,The Pakubuwono Menteng,2026-05-13 14:28:02,108,108,43,84,,,,,44,36.2,,,
Depok,Cinere - Nafas,2026-05-13 14:27:20,138,138,54,99,,,,,0,0,,,
Bogor,Kabupaten Bogor Leuwiliang,2026-05-13 01:00:00,-,85,46,,4,9,0,80,,,,,
Tangerang,Tangerang Pasir Jaya,2026-05-13 14:00:00,152,152,61,,59,63,0,65,,,,,
Bekasi,Bekasi Kayuringin,2026-05-13 14:00:00,88,88,48,,47,13,0,2,,,,,
Jakarta,The Pakubuwono Menteng,2026-05-13 14:29:02,109,109,42,84,,,,,44,36.09,,,
Depok,Cinere - Nafas,2026-05-13 14:28:20,151,151,57,111,,,,,0,0,,,
Bogor,Kabupaten Bogor Leuwiliang,2026-05-13 01:00:00,-,85,46,,4,9,0,80,,,,,
Tangerang,Tangerang Pasir Jaya,2026-05-13 14:00:00,152,152,61,,59,63,0,65,,,,,
Bekasi,Bekasi Kayuringin,2026-05-13 14:00:00,88,88,48,,47,13,0,2,,,,,
Jakarta,The Pakubuwono Menteng,2026-05-13 14:31:02,115,115,45,84,,,,,45,36.09,,,
Depok,Cinere - Nafas,2026-05-13 14:30:48,147,147,56,108,,,,,0,0,,,
Bogor,Kabupaten Bogor Leuwiliang,2026-05-13 01:00:00,-,85,46,,4,9,0,80,,,,,
Tangerang,Tangerang Pasir Jaya,2026-05-13 14:00:00,152,152,61,,59,63,0,65,,,,,
Bekasi,Bekasi Kayuringin,2026-05-13 14:00:00,88,88,48,,47,13,0,2,,,,,
Jakarta,The Pakubuwono Menteng,2026-05-13 14:31:02,115,115,45,84,,,,,45,36.09,,,
Depok,Cinere - Nafas,2026-05-13 14:30:48,147,147,56,108,,,,,0,0,,,
Bogor,Kabupaten Bogor Leuwiliang,2026-05-13 01:00:00,-,85,46,,4,9,0,80,,,,,
Tangerang,Tangerang Pasir Jaya,2026-05-13 14:00:00,152,152,61,,59,63,0,65,,,,,
Bekasi,Bekasi Kayuringin,2026-05-13 14:00:00,88,88,48,,47,13,0,2,,,,,
Jakarta,The Pakubuwono Menteng,2026-05-13 14:33:02,115,115,44,86,,,,,45,36.2,,,
Depok,Cinere - Nafas,2026-05-13 14:32:48,131,131,52,95,,,,,0,0,,,
Bogor,Kabupaten Bogor Leuwiliang,2026-05-13 01:00:00,-,85,46,,4,9,0,80,,,,,
Tangerang,Tangerang Pasir Jaya,2026-05-13 14:00:00,152,152,61,,59,63,0,65,,,,,
Bekasi,Bekasi Kayuringin,2026-05-13 14:00:00,88,88,48,,47,13,0,2,,,,,
Jakarta,The Pakubuwono Menteng,2026-05-13 14:35:11,110,110,43,84,,,,,44,36.09,,,
Depok,Cinere - Nafas,2026-05-13 14:34:48,123,123,50,89,,,,,0,0,,,
Bogor,Kabupaten Bogor Leuwiliang,2026-05-13 01:00:00,-,85,46,,4,9,0,80,,,,,
Tangerang,Tangerang Pasir Jaya,2026-05-13 14:00:00,152,152,61,,59,63,0,65,,,,,
Bekasi,Bekasi Kayuringin,2026-05-13 14:00:00,88,88,48,,47,13,0,2,,,,,
Jakarta,The Pakubuwono Menteng,2026-05-13 14:35:11,110,110,43,84,,,,,44,36.09,,,
Depok,Cinere - Nafas,2026-05-13 14:34:48,123,123,50,89,,,,,0,0,,,
Bogor,Kabupaten Bogor Leuwiliang,2026-05-13 01:00:00,-,85,46,,4,9,0,80,,,,,
Tangerang,Tangerang Pasir Jaya,2026-05-13 14:00:00,152,152,61,,59,63,0,65,,,,,
Bekasi,Bekasi Kayuringin,2026-05-13 14:00:00,88,88,48,,47,13,0,2,,,,,
Jakarta,The Pakubuwono Menteng,2026-05-13 14:36:02,111,111,42,84,,,,,44,36.09,,,
Depok,Cinere - Nafas,2026-05-13 14:35:48,139,139,54,103,,,,,0,0,,,
Bogor,Kabupaten Bogor Leuwiliang,2026-05-13 01:00:00,-,85,46,,4,9,0,80,,,,,
Tangerang,Tangerang Pasir Jaya,2026-05-13 14:00:00,152,152,61,,59,63,0,65,,,,,
Bekasi,Bekasi Kayuringin,2026-05-13 14:00:00,88,88,48,,47,13,0,2,,,,,
Jakarta,The Pakubuwono Menteng,2026-05-13 14:36:02,111,111,42,84,,,,,44,36.09,,,
Depok,Cinere - Nafas,2026-05-13 14:35:48,139,139,54,103,,,,,0,0,,,
Bogor,Kabupaten Bogor Leuwiliang,2026-05-13 01:00:00,-,85,46,,4,9,0,80,,,,,
Tangerang,Tangerang Pasir Jaya,2026-05-13 14:00:00,152,152,61,,59,63,0,65,,,,,
Bekasi,Bekasi Kayuringin,2026-05-13 14:00:00,88,88,48,,47,13,0,2,,,,,
Jakarta,The Pakubuwono Menteng,2026-05-13 14:40:02,112,112,43,82,,,,,45,35.8,,,
Depok,Cinere - Nafas,2026-05-13 14:39:48,121,121,48,88,,,,,0,0,,,
Bogor,Kabupaten Bogor Leuwiliang,2026-05-13 01:00:00,-,85,46,,4,9,0,80,,,,,
Tangerang,Tangerang Pasir Jaya,2026-05-13 14:00:00,152,152,61,,59,63,0,65,,,,,
Bekasi,Bekasi Kayuringin,2026-05-13 14:00:00,88,88,48,,47,13,0,2,,,,,
Jakarta,The Pakubuwono Menteng,2026-05-13 14:40:02,112,112,43,82,,,,,45,35.8,,,
Depok,Cinere - Nafas,2026-05-13 14:39:48,121,121,48,88,,,,,0,0,,,
Bogor,Kabupaten Bogor Leuwiliang,2026-05-13 01:00:00,-,85,46,,4,9,0,80,,,,,
Tangerang,Tangerang Pasir Jaya,2026-05-13 14:00:00,152,152,61,,59,63,0,65,,,,,
Bekasi,Bekasi Kayuringin,2026-05-13 14:00:00,88,88,48,,47,13,0,2,,,,,
Jakarta,The Pakubuwono Menteng,2026-05-13 14:42:02,112,112,44,86,,,,,45,35.59,,,
Depok,Cinere - Nafas,2026-05-13 14:41:48,118,118,48,87,,,,,0,0,,,
Bogor,Kabupaten Bogor Leuwiliang,2026-05-13 01:00:00,-,85,46,,4,9,0,80,,,,,
Tangerang,Tangerang Pasir Jaya,2026-05-13 14:00:00,152,152,61,,59,63,0,65,,,,,
Bekasi,Bekasi Kayuringin,2026-05-13 14:00:00,88,88,48,,47,13,0,2,,,,,
Jakarta,The Pakubuwono Menteng,2026-05-13 14:43:02,116,116,45,88,,,,,46,35.5,,,
Depok,Cinere - Nafas,2026-05-13 14:42:48,119,119,48,88,,,,,0,0,,,
Bogor,Kabupaten Bogor Leuwiliang,2026-05-13 01:00:00,-,85,46,,4,9,0,80,,,,,
Tangerang,Tangerang Pasir Jaya,2026-05-13 14:00:00,152,152,61,,59,63,0,65,,,,,
Bekasi,Bekasi Kayuringin,2026-05-13 14:00:00,88,88,48,,47,13,0,2,,,,,
Jakarta,The Pakubuwono Menteng,2026-05-13 14:43:02,116,116,45,88,,,,,46,35.5,,,
Depok,Cinere - Nafas,2026-05-13 14:42:48,119,119,48,88,,,,,0,0,,,
Bogor,Kabupaten Bogor Leuwiliang,2026-05-13 01:00:00,-,85,46,,4,9,0,80,,,,,
Tangerang,Tangerang Pasir Jaya,2026-05-13 14:00:00,152,152,61,,59,63,0,65,,,,,
Bekasi,Bekasi Kayuringin,2026-05-13 14:00:00,88,88,48,,47,13,0,2,,,,,
Jakarta,The Pakubuwono Menteng,2026-05-13 14:45:02,113,113,43,86,,,,,46,35.3,,,
Depok,Cinere - Nafas,2026-05-13 14:44:48,120,120,48,87,,,,,0,0,,,
Bogor,Kabupaten Bogor Leuwiliang,2026-05-13 01:00:00,-,85,46,,4,9,0,80,,,,,
Tangerang,Tangerang Pasir Jaya,2026-05-13 14:00:00,152,152,61,,59,63,0,65,,,,,
Bekasi,Bekasi Kayuringin,2026-05-13 14:00:00,88,88,48,,47,13,0,2,,,,,
Jakarta,The Pakubuwono Menteng,2026-05-13 14:46:02,115,115,44,85,,,,,46,35.2,,,
Depok,Cinere - Nafas,2026-05-13 14:45:48,127,127,51,91,,,,,0,0,,,
Bogor,Kabupaten Bogor Leuwiliang,2026-05-13 01:00:00,-,85,46,,4,9,0,80,,,,,
Tangerang,Tangerang Pasir Jaya,2026-05-13 14:00:00,152,152,61,,59,63,0,65,,,,,
Bekasi,Bekasi Kayuringin,2026-05-13 14:00:00,88,88,48,,47,13,0,2,,,,,
Jakarta,The Pakubuwono Menteng,2026-05-13 14:46:02,115,115,44,85,,,,,46,35.2,,,
Depok,Cinere - Nafas,2026-05-13 14:45:48,127,127,51,91,,,,,0,0,,,
Bogor,Kabupaten Bogor Leuwiliang,2026-05-13 01:00:00,-,85,46,,4,9,0,80,,,,,
Tangerang,Tangerang Pasir Jaya,2026-05-13 14:00:00,152,152,61,,59,63,0,65,,,,,
Bekasi,Bekasi Kayuringin,2026-05-13 14:00:00,88,88,48,,47,13,0,2,,,,,
Jakarta,The Pakubuwono Menteng,2026-05-13 14:48:02,111,111,43,84,,,,,47,35,,,
Depok,Cinere - Nafas,2026-05-13 14:47:48,120,120,46,88,,,,,0,0,,,
Bogor,Kabupaten Bogor Leuwiliang,2026-05-13 01:00:00,-,85,46,,4,9,0,80,,,,,
Tangerang,Tangerang Pasir Jaya,2026-05-13 14:00:00,152,152,61,,59,63,0,65,,,,,
Bekasi,Bekasi Kayuringin,2026-05-13 14:00:00,88,88,48,,47,13,0,2,,,,,
Jakarta,The Pakubuwono Menteng,2026-05-13 14:50:02,117,117,45,85,,,,,47,34.9,,,
Depok,Cinere - Nafas,2026-05-13 14:49:48,126,126,50,91,,,,,0,0,,,
Bogor,Kabupaten Bogor Leuwiliang,2026-05-13 01:00:00,-,85,46,,4,9,0,80,,,,,
Tangerang,Tangerang Pasir Jaya,2026-05-13 14:00:00,152,152,61,,59,63,0,65,,,,,
Bekasi,Bekasi Kayuringin,2026-05-13 14:00:00,88,88,48,,47,13,0,2,,,,,
Jakarta,The Pakubuwono Menteng,2026-05-13 14:51:02,116,116,45,88,,,,,47,34.9,,,
Depok,Cinere - Nafas,2026-05-13 14:50:48,126,126,51,92,,,,,0,0,,,
Bogor,Kabupaten Bogor Leuwiliang,2026-05-13 01:00:00,-,85,46,,4,9,0,80,,,,,
Tangerang,Tangerang Pasir Jaya,2026-05-13 14:00:00,152,152,61,,59,63,0,65,,,,,
Bekasi,Bekasi Kayuringin,2026-05-13 14:00:00,88,88,48,,47,13,0,2,,,,,
Jakarta,The Pakubuwono Menteng,2026-05-13 14:53:02,114,114,45,86,,,,,48,34.8,,,
Depok,Cinere - Nafas,2026-05-13 14:52:48,126,126,50,90,,,,,0,0,,,
Bogor,Kabupaten Bogor Leuwiliang,2026-05-13 01:00:00,-,85,46,,4,9,0,80,,,,,
Tangerang,Tangerang Pasir Jaya,2026-05-13 14:00:00,152,152,61,,59,63,0,65,,,,,
Bekasi,Bekasi Kayuringin,2026-05-13 14:00:00,88,88,48,,47,13,0,2,,,,,
Jakarta,The Pakubuwono Menteng,2026-05-13 14:54:02,109,109,43,84,,,,,47,34.9,,,
Depok,Cinere - Nafas,2026-05-13 14:53:49,120,120,48,89,,,,,0,0,,,
Bogor,Kabupaten Bogor Leuwiliang,2026-05-13 01:00:00,-,85,46,,4,9,0,80,,,,,
Tangerang,Tangerang Pasir Jaya,2026-05-13 14:00:00,152,152,61,,59,63,0,65,,,,,
Bekasi,Bekasi Kayuringin,2026-05-13 14:00:00,88,88,48,,47,13,0,2,,,,,
Jakarta,The Pakubuwono Menteng,2026-05-13 14:54:02,109,109,43,84,,,,,47,34.9,,,
Depok,Cinere - Nafas,2026-05-13 14:53:49,120,120,48,89,,,,,0,0,,,
Bogor,Kabupaten Bogor Leuwiliang,2026-05-13 01:00:00,-,85,46,,4,9,0,80,,,,,
Tangerang,Tangerang Pasir Jaya,2026-05-13 14:00:00,152,152,61,,59,63,0,65,,,,,
Bekasi,Bekasi Kayuringin,2026-05-13 14:00:00,88,88,48,,47,13,0,2,,,,,
Jakarta,The Pakubuwono Menteng,2026-05-13 14:55:02,118,118,48,89,,,,,47,34.9,,,
Depok,Cinere - Nafas,2026-05-13 14:54:48,121,121,49,90,,,,,0,0,,,
Bogor,Kabupaten Bogor Leuwiliang,2026-05-13 01:00:00,-,85,46,,4,9,0,80,,,,,
Tangerang,Tangerang Pasir Jaya,2026-05-13 14:00:00,152,152,61,,59,63,0,65,,,,,
Bekasi,Bekasi Kayuringin,2026-05-13 14:00:00,88,88,48,,47,13,0,2,,,,,
Jakarta,The Pakubuwono Menteng,2026-05-13 14:55:02,118,118,48,89,,,,,47,34.9,,,
Depok,Cinere - Nafas,2026-05-13 14:54:48,121,121,49,90,,,,,0,0,,,
Bogor,Kabupaten Bogor Leuwiliang,2026-05-13 01:00:00,-,85,46,,4,9,0,80,,,,,
Tangerang,Tangerang Pasir Jaya,2026-05-13 14:00:00,152,152,61,,59,63,0,65,,,,,
Bekasi,Bekasi Kayuringin,2026-05-13 14:00:00,88,88,48,,47,13,0,2,,,,,
Jakarta,The Pakubuwono Menteng,2026-05-13 14:57:02,114,114,45,87,,,,,47,34.9,,,
Depok,Cinere - Nafas,2026-05-13 14:57:48,127,127,50,92,,,,,0,0,,,
Bogor,Kabupaten Bogor Leuwiliang,2026-05-13 01:00:00,-,85,46,,4,9,0,80,,,,,
Tangerang,Tangerang Pasir Jaya,2026-05-13 14:00:00,152,152,61,,59,63,0,65,,,,,
Bekasi,Bekasi Kayuringin,2026-05-13 14:00:00,88,88,48,,47,13,0,2,,,,,
Jakarta,The Pakubuwono Menteng,2026-05-13 14:59:02,121,121,49,90,,,,,47,34.9,,,
Depok,Cinere - Nafas,2026-05-13 14:59:48,131,131,53,94,,,,,0,0,,,
Bogor,Kabupaten Bogor Leuwiliang,2026-05-13 01:00:00,-,85,46,,4,9,0,80,,,,,
Tangerang,Tangerang Pasir Jaya,2026-05-13 14:00:00,152,152,61,,59,63,0,65,,,,,
Bekasi,Bekasi Kayuringin,2026-05-13 14:00:00,88,88,48,,47,13,0,2,,,,,
Jakarta,The Pakubuwono Menteng,2026-05-13 15:00:02,116,116,46,87,,,,,47,34.9,,,
Depok,Cinere - Nafas,2026-05-13 15:00:48,131,131,52,94,,,,,0,0,,,
Bogor,Kabupaten Bogor Leuwiliang,2026-05-13 01:00:00,-,85,46,,4,9,0,80,,,,,
Tangerang,Tangerang Pasir Jaya,2026-05-13 14:00:00,152,152,61,,59,63,0,65,,,,,
Bekasi,Bekasi Kayuringin,2026-05-13 14:00:00,88,88,48,,47,13,0,2,,,,,
Jakarta,The Pakubuwono Menteng,2026-05-13 15:03:03,118,118,47,89,,,,,48,34.7,,,
Depok,Cinere - Nafas,2026-05-13 15:02:48,135,135,53,96,,,,,0,0,,,
Bogor,Kabupaten Bogor Leuwiliang,2026-05-13 01:00:00,-,85,46,,4,9,0,80,,,,,
Tangerang,Tangerang Pasir Jaya,2026-05-13 14:00:00,152,152,61,,59,63,0,65,,,,,
Bekasi,Bekasi Kayuringin,2026-05-13 14:00:00,88,88,48,,47,13,0,2,,,,,
Jakarta,The Pakubuwono Menteng,2026-05-13 15:03:03,118,118,47,89,,,,,48,34.7,,,
Depok,Cinere - Nafas,2026-05-13 15:02:48,135,135,53,96,,,,,0,0,,,
Bogor,Kabupaten Bogor Leuwiliang,2026-05-13 01:00:00,-,85,46,,4,9,0,80,,,,,
Tangerang,Tangerang Pasir Jaya,2026-05-13 14:00:00,152,152,61,,59,63,0,65,,,,,
Bekasi,Bekasi Kayuringin,2026-05-13 14:00:00,88,88,48,,47,13,0,2,,,,,
Jakarta,The Pakubuwono Menteng,2026-05-13 15:04:03,115,115,45,87,,,,,47,34.8,,,
Depok,Cinere - Nafas,2026-05-13 15:03:48,128,128,51,94,,,,,0,0,,,
Bogor,Kabupaten Bogor Leuwiliang,2026-05-13 01:00:00,-,85,46,,4,9,0,80,,,,,
Tangerang,Tangerang Pasir Jaya,2026-05-13 15:00:00,128,128,59,,59,63,0,65,,,,,
Bekasi,Bekasi Kayuringin,2026-05-13 15:00:00,88,88,48,,47,13,0,2,,,,,
Jakarta,The Pakubuwono Menteng,2026-05-13 15:04:03,115,115,45,87,,,,,47,34.8,,,
Depok,Cinere - Nafas,2026-05-13 15:03:48,128,128,51,94,,,,,0,0,,,
Bogor,Kabupaten Bogor Leuwiliang,2026-05-13 01:00:00,-,85,46,,4,9,0,80,,,,,
Tangerang,Tangerang Pasir Jaya,2026-05-13 15:00:00,128,128,59,,59,63,0,65,,,,,
Bekasi,Bekasi Kayuringin,2026-05-13 15:00:00,88,88,48,,47,13,0,2,,,,,
Jakarta,The Pakubuwono Menteng,2026-05-13 15:07:02,120,120,47,88,,,,,47,34.8,,,
Depok,Cinere - Nafas,2026-05-13 15:06:48,132,132,53,96,,,,,0,0,,,
Bogor,Kabupaten Bogor Leuwiliang,2026-05-13 01:00:00,-,85,46,,4,9,0,80,,,,,
Tangerang,Tangerang Pasir Jaya,2026-05-13 15:00:00,128,128,59,,59,63,0,65,,,,,
Bekasi,Bekasi Kayuringin,2026-05-13 15:00:00,88,88,48,,47,13,0,2,,,,,
Jakarta,The Pakubuwono Menteng,2026-05-13 15:08:03,117,117,46,88,,,,,47,34.8,,,
Depok,Cinere - Nafas,2026-05-13 15:07:48,126,126,50,93,,,,,0,0,,,
Bogor,Kabupaten Bogor Leuwiliang,2026-05-13 01:00:00,-,85,46,,4,9,0,80,,,,,
Tangerang,Tangerang Pasir Jaya,2026-05-13 15:00:00,128,128,59,,59,63,0,65,,,,,
Bekasi,Bekasi Kayuringin,2026-05-13 15:00:00,88,88,48,,47,13,0,2,,,,,
Jakarta,The Pakubuwono Menteng,2026-05-13 15:08:03,117,117,46,88,,,,,47,34.8,,,
Depok,Cinere - Nafas,2026-05-13 15:07:48,126,126,50,93,,,,,0,0,,,
Bogor,Kabupaten Bogor Leuwiliang,2026-05-13 01:00:00,-,85,46,,4,9,0,80,,,,,
Tangerang,Tangerang Pasir Jaya,2026-05-13 15:00:00,128,128,59,,59,63,0,65,,,,,
Bekasi,Bekasi Kayuringin,2026-05-13 15:00:00,88,88,48,,47,13,0,2,,,,,
Jakarta,The Pakubuwono Menteng,2026-05-13 15:11:03,121,121,48,89,,,,,47,34.9,,,
Depok,Cinere - Nafas,2026-05-13 15:10:48,128,128,50,94,,,,,0,0,,,
Bogor,Kabupaten Bogor Leuwiliang,2026-05-13 01:00:00,-,85,46,,4,9,0,80,,,,,
Tangerang,Tangerang Pasir Jaya,2026-05-13 15:00:00,128,128,59,,59,63,0,65,,,,,
Bekasi,Bekasi Kayuringin,2026-05-13 15:00:00,88,88,48,,47,13,0,2,,,,,
Jakarta,The Pakubuwono Menteng,2026-05-13 15:11:03,121,121,48,89,,,,,47,34.9,,,
Depok,Cinere - Nafas,2026-05-13 15:10:48,128,128,50,94,,,,,0,0,,,
Bogor,Kabupaten Bogor Leuwiliang,2026-05-13 01:00:00,-,85,46,,4,9,0,80,,,,,
Tangerang,Tangerang Pasir Jaya,2026-05-13 15:00:00,128,128,59,,59,63,0,65,,,,,
Bekasi,Bekasi Kayuringin,2026-05-13 15:00:00,88,88,48,,47,13,0,2,,,,,
Jakarta,The Pakubuwono Menteng,2026-05-13 15:13:03,122,122,49,90,,,,,46,34.9,,,
Depok,Cinere - Nafas,2026-05-13 15:12:48,130,130,52,94,,,,,0,0,,,
Bogor,Kabupaten Bogor Leuwiliang,2026-05-13 01:00:00,-,85,46,,4,9,0,80,,,,,
Tangerang,Tangerang Pasir Jaya,2026-05-13 15:00:00,128,128,59,,59,63,0,65,,,,,
Bekasi,Bekasi Kayuringin,2026-05-13 15:00:00,88,88,48,,47,13,0,2,,,,,
Jakarta,The Pakubuwono Menteng,2026-05-13 15:14:03,125,125,50,94,,,,,46,34.9,,,
Depok,Cinere - Nafas,2026-05-13 15:13:48,131,131,51,94,,,,,0,0,,,
Bogor,Kabupaten Bogor Leuwiliang,2026-05-13 01:00:00,-,85,46,,4,9,0,80,,,,,
Tangerang,Tangerang Pasir Jaya,2026-05-13 15:00:00,128,128,59,,59,63,0,65,,,,,
Bekasi,Bekasi Kayuringin,2026-05-13 15:00:00,88,88,48,,47,13,0,2,,,,,
Jakarta,The Pakubuwono Menteng,2026-05-13 15:14:03,125,125,50,94,,,,,46,34.9,,,
Depok,Cinere - Nafas,2026-05-13 15:13:48,131,131,51,94,,,,,0,0,,,
Bogor,Kabupaten Bogor Leuwiliang,2026-05-13 01:00:00,-,85,46,,4,9,0,80,,,,,
Tangerang,Tangerang Pasir Jaya,2026-05-13 15:00:00,128,128,59,,59,63,0,65,,,,,
Bekasi,Bekasi Kayuringin,2026-05-13 15:00:00,88,88,48,,47,13,0,2,,,,,
Jakarta,The Pakubuwono Menteng,2026-05-13 15:15:03,120,120,47,89,,,,,46,34.9,,,
Depok,Cinere - Nafas,2026-05-13 15:14:49,127,127,52,93,,,,,0,0,,,
Bogor,Kabupaten Bogor Leuwiliang,2026-05-13 01:00:00,-,85,46,,4,9,0,80,,,,,
Tangerang,Tangerang Pasir Jaya,2026-05-13 15:00:00,128,128,59,,59,63,0,65,,,,,
Bekasi,Bekasi Kayuringin,2026-05-13 15:00:00,88,88,48,,47,13,0,2,,,,,
Jakarta,The Pakubuwono Menteng,2026-05-13 15:15:03,120,120,47,89,,,,,46,34.9,,,
Depok,Cinere - Nafas,2026-05-13 15:14:49,127,127,52,93,,,,,0,0,,,
Bogor,Kabupaten Bogor Leuwiliang,2026-05-13 01:00:00,-,85,46,,4,9,0,80,,,,,
Tangerang,Tangerang Pasir Jaya,2026-05-13 15:00:00,128,128,59,,59,63,0,65,,,,,
Bekasi,Bekasi Kayuringin,2026-05-13 15:00:00,88,88,48,,47,13,0,2,,,,,
Jakarta,The Pakubuwono Menteng,2026-05-13 15:18:03,126,126,50,91,,,,,46,35,,,
Depok,Cinere - Nafas,2026-05-13 15:18:48,127,127,51,94,,,,,0,0,,,
Bogor,Kabupaten Bogor Leuwiliang,2026-05-13 01:00:00,-,85,46,,4,9,0,80,,,,,
Tangerang,Tangerang Pasir Jaya,2026-05-13 15:00:00,128,128,59,,59,63,0,65,,,,,
Bekasi,Bekasi Kayuringin,2026-05-13 15:00:00,88,88,48,,47,13,0,2,,,,,
Jakarta,The Pakubuwono Menteng,2026-05-13 15:20:03,127,127,51,94,,,,,46,35.09,,,
Depok,Cinere - Nafas,2026-05-13 15:20:48,135,135,52,96,,,,,0,0,,,
Bogor,Kabupaten Bogor Leuwiliang,2026-05-13 01:00:00,-,85,46,,4,9,0,80,,,,,
Tangerang,Tangerang Pasir Jaya,2026-05-13 15:00:00,128,128,59,,59,63,0,65,,,,,
Bekasi,Bekasi Kayuringin,2026-05-13 15:00:00,88,88,48,,47,13,0,2,,,,,
Jakarta,The Pakubuwono Menteng,2026-05-13 15:22:03,130,130,51,95,,,,,46,35,,,
Depok,Cinere - Nafas,2026-05-13 15:22:48,140,140,55,98,,,,,0,0,,,
Bogor,Kabupaten Bogor Leuwiliang,2026-05-13 01:00:00,-,85,46,,4,9,0,80,,,,,
Tangerang,Tangerang Pasir Jaya,2026-05-13 15:00:00,128,128,59,,59,63,0,65,,,,,
Bekasi,Bekasi Kayuringin,2026-05-13 15:00:00,88,88,48,,47,13,0,2,,,,,
Jakarta,The Pakubuwono Menteng,2026-05-13 15:22:03,130,130,51,95,,,,,46,35,,,
Depok,Cinere - Nafas,2026-05-13 15:22:48,140,140,55,98,,,,,0,0,,,
Bogor,Kabupaten Bogor Leuwiliang,2026-05-13 01:00:00,-,85,46,,4,9,0,80,,,,,
Tangerang,Tangerang Pasir Jaya,2026-05-13 15:00:00,128,128,59,,59,63,0,65,,,,,
Bekasi,Bekasi Kayuringin,2026-05-13 15:00:00,88,88,48,,47,13,0,2,,,,,
Jakarta,The Pakubuwono Menteng,2026-05-13 15:23:03,131,131,52,97,,,,,46,35,,,
Depok,Cinere - Nafas,2026-05-13 15:23:49,140,140,55,99,,,,,0,0,,,
Bogor,Kabupaten Bogor Leuwiliang,2026-05-13 01:00:00,-,85,46,,4,9,0,80,,,,,
Tangerang,Tangerang Pasir Jaya,2026-05-13 15:00:00,128,128,59,,59,63,0,65,,,,,
Bekasi,Bekasi Kayuringin,2026-05-13 15:00:00,88,88,48,,47,13,0,2,,,,,
Jakarta,The Pakubuwono Menteng,2026-05-13 15:25:03,126,126,50,93,,,,,46,35,,,
Depok,Cinere - Nafas,2026-05-13 15:25:49,137,137,53,98,,,,,0,0,,,
Bogor,Kabupaten Bogor Leuwiliang,2026-05-13 01:00:00,-,85,46,,4,9,0,80,,,,,
Tangerang,Tangerang Pasir Jaya,2026-05-13 15:00:00,128,128,59,,59,63,0,65,,,,,
Bekasi,Bekasi Kayuringin,2026-05-13 15:00:00,88,88,48,,47,13,0,2,,,,,
Jakarta,The Pakubuwono Menteng,2026-05-13 15:25:03,126,126,50,93,,,,,46,35,,,
Depok,Cinere - Nafas,2026-05-13 15:25:49,137,137,53,98,,,,,0,0,,,
Bogor,Kabupaten Bogor Leuwiliang,2026-05-13 01:00:00,-,85,46,,4,9,0,80,,,,,
Tangerang,Tangerang Pasir Jaya,2026-05-13 15:00:00,128,128,59,,59,63,0,65,,,,,
Bekasi,Bekasi Kayuringin,2026-05-13 15:00:00,88,88,48,,47,13,0,2,,,,,
Jakarta,The Pakubuwono Menteng,2026-05-13 15:27:03,129,129,52,95,,,,,46,34.8,,,
Depok,Cinere - Nafas,2026-05-13 15:27:49,141,141,56,105,,,,,0,0,,,
Bogor,Kabupaten Bogor Leuwiliang,2026-05-13 01:00:00,-,85,46,,4,9,0,80,,,,,
Tangerang,Tangerang Pasir Jaya,2026-05-13 15:00:00,128,128,59,,59,63,0,65,,,,,
Bekasi,Bekasi Kayuringin,2026-05-13 15:00:00,88,88,48,,47,13,0,2,,,,,
Jakarta,The Pakubuwono Menteng,2026-05-13 15:28:03,130,130,52,95,,,,,46,34.8,,,
Depok,Cinere - Nafas,2026-05-13 15:28:51,141,141,54,99,,,,,0,0,,,
Bogor,Kabupaten Bogor Leuwiliang,2026-05-13 01:00:00,-,85,46,,4,9,0,80,,,,,
Tangerang,Tangerang Pasir Jaya,2026-05-13 15:00:00,128,128,59,,59,63,0,65,,,,,
Bekasi,Bekasi Kayuringin,2026-05-13 15:00:00,88,88,48,,47,13,0,2,,,,,
Jakarta,The Pakubuwono Menteng,2026-05-13 15:28:03,130,130,52,95,,,,,46,34.8,,,
Depok,Cinere - Nafas,2026-05-13 15:28:51,141,141,54,99,,,,,0,0,,,
Bogor,Kabupaten Bogor Leuwiliang,2026-05-13 01:00:00,-,85,46,,4,9,0,80,,,,,
Tangerang,Tangerang Pasir Jaya,2026-05-13 15:00:00,128,128,59,,59,63,0,65,,,,,
Bekasi,Bekasi Kayuringin,2026-05-13 15:00:00,88,88,48,,47,13,0,2,,,,,
Jakarta,The Pakubuwono Menteng,2026-05-13 15:32:03,128,128,51,93,,,,,47,34.5,,,
Depok,Cinere - Nafas,2026-05-13 15:32:51,136,136,53,97,,,,,0,0,,,
Bogor,Kabupaten Bogor Leuwiliang,2026-05-13 01:00:00,-,85,46,,4,9,0,80,,,,,
Tangerang,Tangerang Pasir Jaya,2026-05-13 15:00:00,128,128,59,,59,63,0,65,,,,,
Bekasi,Bekasi Kayuringin,2026-05-13 15:00:00,88,88,48,,47,13,0,2,,,,,
Jakarta,The Pakubuwono Menteng,2026-05-13 15:32:03,128,128,51,93,,,,,47,34.5,,,
Depok,Cinere - Nafas,2026-05-13 15:32:51,136,136,53,97,,,,,0,0,,,
Bogor,Kabupaten Bogor Leuwiliang,2026-05-13 01:00:00,-,85,46,,4,9,0,80,,,,,
Tangerang,Tangerang Pasir Jaya,2026-05-13 15:00:00,128,128,59,,59,63,0,65,,,,,
Bekasi,Bekasi Kayuringin,2026-05-13 15:00:00,88,88,48,,47,13,0,2,,,,,
Jakarta,The Pakubuwono Menteng,2026-05-13 15:33:03,131,131,52,95,,,,,47,34.4,,,
Depok,Cinere - Nafas,2026-05-13 15:33:51,136,136,53,95,,,,,0,0,,,
Bogor,Kabupaten Bogor Leuwiliang,2026-05-13 01:00:00,-,85,46,,4,9,0,80,,,,,
Tangerang,Tangerang Pasir Jaya,2026-05-13 15:00:00,128,128,59,,59,63,0,65,,,,,
Bekasi,Bekasi Kayuringin,2026-05-13 15:00:00,88,88,48,,47,13,0,2,,,,,
Jakarta,The Pakubuwono Menteng,2026-05-13 15:35:03,123,123,50,89,,,,,48,34.2,,,
Depok,Cinere - Nafas,2026-05-13 15:35:51,134,134,53,96,,,,,0,0,,,
Bogor,Kabupaten Bogor Leuwiliang,2026-05-13 01:00:00,-,85,46,,4,9,0,80,,,,,
Tangerang,Tangerang Pasir Jaya,2026-05-13 15:00:00,128,128,59,,59,63,0,65,,,,,
Bekasi,Bekasi Kayuringin,2026-05-13 15:00:00,88,88,48,,47,13,0,2,,,,,
Jakarta,The Pakubuwono Menteng,2026-05-13 15:35:03,123,123,50,89,,,,,48,34.2,,,
Depok,Cinere - Nafas,2026-05-13 15:35:51,134,134,53,96,,,,,0,0,,,
Bogor,Kabupaten Bogor Leuwiliang,2026-05-13 01:00:00,-,85,46,,4,9,0,80,,,,,
Tangerang,Tangerang Pasir Jaya,2026-05-13 15:00:00,128,128,59,,59,63,0,65,,,,,
Bekasi,Bekasi Kayuringin,2026-05-13 15:00:00,88,88,48,,47,13,0,2,,,,,
Jakarta,The Pakubuwono Menteng,2026-05-13 15:37:03,124,124,50,93,,,,,49,34.2,,,
Depok,Cinere - Nafas,2026-05-13 15:37:51,131,131,53,95,,,,,0,0,,,
Bogor,Kabupaten Bogor Leuwiliang,2026-05-13 01:00:00,-,85,46,,4,9,0,80,,,,,
Tangerang,Tangerang Pasir Jaya,2026-05-13 15:00:00,128,128,59,,59,63,0,65,,,,,
Bekasi,Bekasi Kayuringin,2026-05-13 15:00:00,88,88,48,,47,13,0,2,,,,,
Jakarta,The Pakubuwono Menteng,2026-05-13 15:38:03,130,130,52,96,,,,,49,34.09,,,
Depok,Cinere - Nafas,2026-05-13 15:38:51,136,136,53,96,,,,,0,0,,,
Bogor,Kabupaten Bogor Leuwiliang,2026-05-13 01:00:00,-,85,46,,4,9,0,80,,,,,
Tangerang,Tangerang Pasir Jaya,2026-05-13 15:00:00,128,128,59,,59,63,0,65,,,,,
Bekasi,Bekasi Kayuringin,2026-05-13 15:00:00,88,88,48,,47,13,0,2,,,,,
Jakarta,The Pakubuwono Menteng,2026-05-13 15:38:03,130,130,52,96,,,,,49,34.09,,,
Depok,Cinere - Nafas,2026-05-13 15:38:51,136,136,53,96,,,,,0,0,,,
Bogor,Kabupaten Bogor Leuwiliang,2026-05-13 01:00:00,-,85,46,,4,9,0,80,,,,,
Tangerang,Tangerang Pasir Jaya,2026-05-13 15:00:00,128,128,59,,59,63,0,65,,,,,
Bekasi,Bekasi Kayuringin,2026-05-13 15:00:00,88,88,48,,47,13,0,2,,,,,
Jakarta,The Pakubuwono Menteng,2026-05-13 15:40:03,126,126,51,93,,,,,49,34,,,
Depok,Cinere - Nafas,2026-05-13 15:41:51,132,132,52,95,,,,,0,0,,,
Bogor,Kabupaten Bogor Leuwiliang,2026-05-13 01:00:00,-,85,46,,4,9,0,80,,,,,
Tangerang,Tangerang Pasir Jaya,2026-05-13 15:00:00,128,128,59,,59,63,0,65,,,,,
Bekasi,Bekasi Kayuringin,2026-05-13 15:00:00,88,88,48,,47,13,0,2,,,,,
Jakarta,The Pakubuwono Menteng,2026-05-13 15:41:03,126,126,51,92,,,,,49,34,,,
Depok,Cinere - Nafas,2026-05-13 15:41:51,132,132,52,95,,,,,0,0,,,
Bogor,Kabupaten Bogor Leuwiliang,2026-05-13 01:00:00,-,85,46,,4,9,0,80,,,,,
Tangerang,Tangerang Pasir Jaya,2026-05-13 15:00:00,128,128,59,,59,63,0,65,,,,,
Bekasi,Bekasi Kayuringin,2026-05-13 15:00:00,88,88,48,,47,13,0,2,,,,,
Jakarta,The Pakubuwono Menteng,2026-05-13 15:43:04,127,127,50,93,,,,,49,34,,,
Depok,Cinere - Nafas,2026-05-13 15:43:51,127,127,52,93,,,,,0,0,,,
Bogor,Kabupaten Bogor Leuwiliang,2026-05-13 01:00:00,-,85,46,,4,9,0,80,,,,,
Tangerang,Tangerang Pasir Jaya,2026-05-13 15:00:00,128,128,59,,59,63,0,65,,,,,
Bekasi,Bekasi Kayuringin,2026-05-13 15:00:00,88,88,48,,47,13,0,2,,,,,
Jakarta,The Pakubuwono Menteng,2026-05-13 15:45:03,124,124,50,90,,,,,50,34,,,
Depok,Cinere - Nafas,2026-05-13 15:45:51,133,133,53,96,,,,,0,0,,,
Bogor,Kabupaten Bogor Leuwiliang,2026-05-13 01:00:00,-,85,46,,4,9,0,80,,,,,
Tangerang,Tangerang Pasir Jaya,2026-05-13 15:00:00,128,128,59,,59,63,0,65,,,,,
Bekasi,Bekasi Kayuringin,2026-05-13 15:00:00,88,88,48,,47,13,0,2,,,,,
Jakarta,The Pakubuwono Menteng,2026-05-13 15:45:03,124,124,50,90,,,,,50,34,,,
Depok,Cinere - Nafas,2026-05-13 15:45:51,133,133,53,96,,,,,0,0,,,
Bogor,Kabupaten Bogor Leuwiliang,2026-05-13 01:00:00,-,85,46,,4,9,0,80,,,,,
Tangerang,Tangerang Pasir Jaya,2026-05-13 15:00:00,128,128,59,,59,63,0,65,,,,,
Bekasi,Bekasi Kayuringin,2026-05-13 15:00:00,88,88,48,,47,13,0,2,,,,,
Jakarta,The Pakubuwono Menteng,2026-05-13 15:46:04,123,123,48,89,,,,,49,34.09,,,
Depok,Cinere - Nafas,2026-05-13 15:46:51,130,130,52,94,,,,,0,0,,,
Bogor,Kabupaten Bogor Leuwiliang,2026-05-13 01:00:00,-,85,46,,4,9,0,80,,,,,
Tangerang,Tangerang Pasir Jaya,2026-05-13 15:00:00,128,128,59,,59,63,0,65,,,,,
Bekasi,Bekasi Kayuringin,2026-05-13 15:00:00,88,88,48,,47,13,0,2,,,,,
Jakarta,The Pakubuwono Menteng,2026-05-13 15:46:04,123,123,48,89,,,,,49,34.09,,,
Depok,Cinere - Nafas,2026-05-13 15:46:51,130,130,52,94,,,,,0,0,,,
Bogor,Kabupaten Bogor Leuwiliang,2026-05-13 01:00:00,-,85,46,,4,9,0,80,,,,,
Tangerang,Tangerang Pasir Jaya,2026-05-13 15:00:00,128,128,59,,59,63,0,65,,,,,
Bekasi,Bekasi Kayuringin,2026-05-13 15:00:00,88,88,48,,47,13,0,2,,,,,
Jakarta,The Pakubuwono Menteng,2026-05-13 15:48:04,123,123,49,91,,,,,49,34.2,,,
Depok,Cinere - Nafas,2026-05-13 15:48:51,134,134,53,94,,,,,0,0,,,
Bogor,Kabupaten Bogor Leuwiliang,2026-05-13 01:00:00,-,85,46,,4,9,0,80,,,,,
Tangerang,Tangerang Pasir Jaya,2026-05-13 15:00:00,128,128,59,,59,63,0,65,,,,,
Bekasi,Bekasi Kayuringin,2026-05-13 15:00:00,88,88,48,,47,13,0,2,,,,,
Jakarta,The Pakubuwono Menteng,2026-05-13 15:50:03,124,124,50,90,,,,,49,34.3,,,
Depok,Cinere - Nafas,2026-05-13 15:50:51,128,128,51,94,,,,,0,0,,,
Bogor,Kabupaten Bogor Leuwiliang,2026-05-13 01:00:00,-,85,46,,4,9,0,80,,,,,
Tangerang,Tangerang Pasir Jaya,2026-05-13 15:00:00,128,128,59,,59,63,0,65,,,,,
Bekasi,Bekasi Kayuringin,2026-05-13 15:00:00,88,88,48,,47,13,0,2,,,,,
Jakarta,The Pakubuwono Menteng,2026-05-13 15:51:03,126,126,50,93,,,,,49,34.2,,,
Depok,Cinere - Nafas,2026-05-13 15:51:51,136,136,53,96,,,,,0,0,,,
Bogor,Kabupaten Bogor Leuwiliang,2026-05-13 01:00:00,-,85,46,,4,9,0,80,,,,,
Tangerang,Tangerang Pasir Jaya,2026-05-13 15:00:00,128,128,59,,59,63,0,65,,,,,
Bekasi,Bekasi Kayuringin,2026-05-13 15:00:00,88,88,48,,47,13,0,2,,,,,
Jakarta,The Pakubuwono Menteng,2026-05-13 15:53:04,125,125,49,91,,,,,49,34.2,,,
Depok,Cinere - Nafas,2026-05-13 15:53:51,133,133,52,95,,,,,0,0,,,
Bogor,Kabupaten Bogor Leuwiliang,2026-05-13 01:00:00,-,85,46,,4,9,0,80,,,,,
Tangerang,Tangerang Pasir Jaya,2026-05-13 15:00:00,128,128,59,,59,63,0,65,,,,,
Bekasi,Bekasi Kayuringin,2026-05-13 15:00:00,88,88,48,,47,13,0,2,,,,,
Jakarta,The Pakubuwono Menteng,2026-05-13 15:53:04,125,125,49,91,,,,,49,34.2,,,
Depok,Cinere - Nafas,2026-05-13 15:53:51,133,133,52,95,,,,,0,0,,,
Bogor,Kabupaten Bogor Leuwiliang,2026-05-13 01:00:00,-,85,46,,4,9,0,80,,,,,
Tangerang,Tangerang Pasir Jaya,2026-05-13 15:00:00,128,128,59,,59,63,0,65,,,,,
Bekasi,Bekasi Kayuringin,2026-05-13 15:00:00,88,88,48,,47,13,0,2,,,,,
Jakarta,The Pakubuwono Menteng,2026-05-13 15:55:04,128,128,50,90,,,,,49,34.09,,,
Depok,Cinere - Nafas,2026-05-13 15:55:51,128,128,51,94,,,,,0,0,,,
Bogor,Kabupaten Bogor Leuwiliang,2026-05-13 01:00:00,-,85,46,,4,9,0,80,,,,,
Tangerang,Tangerang Pasir Jaya,2026-05-13 15:00:00,128,128,59,,59,63,0,65,,,,,
Bekasi,Bekasi Kayuringin,2026-05-13 15:00:00,88,88,48,,47,13,0,2,,,,,
Jakarta,The Pakubuwono Menteng,2026-05-13 15:56:04,121,121,48,89,,,,,49,34,,,
Depok,Cinere - Nafas,2026-05-13 15:56:51,132,132,52,96,,,,,0,0,,,
Bogor,Kabupaten Bogor Leuwiliang,2026-05-13 01:00:00,-,85,46,,4,9,0,80,,,,,
Tangerang,Tangerang Pasir Jaya,2026-05-13 15:00:00,128,128,59,,59,63,0,65,,,,,
Bekasi,Bekasi Kayuringin,2026-05-13 15:00:00,88,88,48,,47,13,0,2,,,,,
Jakarta,The Pakubuwono Menteng,2026-05-13 15:56:04,121,121,48,89,,,,,49,34,,,
Depok,Cinere - Nafas,2026-05-13 15:56:51,132,132,52,96,,,,,0,0,,,
Bogor,Kabupaten Bogor Leuwiliang,2026-05-13 01:00:00,-,85,46,,4,9,0,80,,,,,
Tangerang,Tangerang Pasir Jaya,2026-05-13 15:00:00,128,128,59,,59,63,0,65,,,,,
Bekasi,Bekasi Kayuringin,2026-05-13 15:00:00,88,88,48,,47,13,0,2,,,,,
Jakarta,The Pakubuwono Menteng,2026-05-13 15:58:04,123,123,49,93,,,,,49,33.9,,,
Depok,Cinere - Nafas,2026-05-13 15:58:51,130,130,52,93,,,,,0,0,,,
Bogor,Kabupaten Bogor Leuwiliang,2026-05-13 01:00:00,-,85,46,,4,9,0,80,,,,,
Tangerang,Tangerang Pasir Jaya,2026-05-13 15:00:00,128,128,59,,59,63,0,65,,,,,
Bekasi,Bekasi Kayuringin,2026-05-13 15:00:00,88,88,48,,47,13,0,2,,,,,
Jakarta,The Pakubuwono Menteng,2026-05-13 16:00:04,122,122,49,89,,,,,49,33.8,,,
Depok,Cinere - Nafas,2026-05-13 16:00:51,130,130,52,95,,,,,0,0,,,
Bogor,Kabupaten Bogor Leuwiliang,2026-05-13 01:00:00,-,85,46,,4,9,0,80,,,,,
Tangerang,Tangerang Pasir Jaya,2026-05-13 15:00:00,128,128,59,,59,63,0,65,,,,,
Bekasi,Bekasi Kayuringin,2026-05-13 15:00:00,88,88,48,,47,13,0,2,,,,,
Jakarta,The Pakubuwono Menteng,2026-05-13 16:00:04,122,122,49,89,,,,,49,33.8,,,
Depok,Cinere - Nafas,2026-05-13 16:00:51,130,130,52,95,,,,,0,0,,,
Bogor,Kabupaten Bogor Leuwiliang,2026-05-13 01:00:00,-,85,46,,4,9,0,80,,,,,
Tangerang,Tangerang Pasir Jaya,2026-05-13 15:00:00,128,128,59,,59,63,0,65,,,,,
Bekasi,Bekasi Kayuringin,2026-05-13 15:00:00,88,88,48,,47,13,0,2,,,,,
Jakarta,The Pakubuwono Menteng,2026-05-13 16:03:04,122,122,48,89,,,,,49,33.59,,,
Depok,Cinere - Nafas,2026-05-13 16:03:51,130,130,53,94,,,,,0,0,,,
Bogor,Kabupaten Bogor Leuwiliang,2026-05-13 01:00:00,-,85,46,,4,9,0,80,,,,,
Tangerang,Tangerang Pasir Jaya,2026-05-13 15:00:00,128,128,59,,59,63,0,65,,,,,
Bekasi,Bekasi Kayuringin,2026-05-13 15:00:00,88,88,48,,47,13,0,2,,,,,
Jakarta,The Pakubuwono Menteng,2026-05-13 16:03:04,122,122,48,89,,,,,49,33.59,,,
Depok,Cinere - Nafas,2026-05-13 16:03:51,130,130,53,94,,,,,0,0,,,
Bogor,Kabupaten Bogor Leuwiliang,2026-05-13 01:00:00,-,85,46,,4,9,0,80,,,,,
Tangerang,Tangerang Pasir Jaya,2026-05-13 15:00:00,128,128,59,,59,63,0,65,,,,,
Bekasi,Bekasi Kayuringin,2026-05-13 15:00:00,88,88,48,,47,13,0,2,,,,,
Jakarta,The Pakubuwono Menteng,2026-05-13 16:04:04,121,121,47,89,,,,,50,33.59,,,
Depok,Cinere - Nafas,2026-05-13 16:04:51,129,129,52,95,,,,,0,0,,,
Bogor,Kabupaten Bogor Leuwiliang,2026-05-13 01:00:00,-,85,46,,4,9,0,80,,,,,
Tangerang,Tangerang Pasir Jaya,2026-05-13 16:00:00,129,129,59,,59,63,0,65,,,,,
Bekasi,Bekasi Kayuringin,2026-05-13 16:00:00,88,88,48,,47,13,0,2,,,,,
Jakarta,The Pakubuwono Menteng,2026-05-13 16:04:04,121,121,47,89,,,,,50,33.59,,,
Depok,Cinere - Nafas,2026-05-13 16:04:51,129,129,52,95,,,,,0,0,,,
Bogor,Kabupaten Bogor Leuwiliang,2026-05-13 01:00:00,-,85,46,,4,9,0,80,,,,,
Tangerang,Tangerang Pasir Jaya,2026-05-13 16:00:00,129,129,59,,59,63,0,65,,,,,
Bekasi,Bekasi Kayuringin,2026-05-13 16:00:00,88,88,48,,47,13,0,2,,,,,
Jakarta,The Pakubuwono Menteng,2026-05-13 16:07:04,118,118,46,88,,,,,50,33.3,,,
Depok,Cinere - Nafas,2026-05-13 16:06:51,130,130,52,93,,,,,0,0,,,
Bogor,Kabupaten Bogor Leuwiliang,2026-05-13 01:00:00,-,85,46,,4,9,0,80,,,,,
Tangerang,Tangerang Pasir Jaya,2026-05-13 16:00:00,129,129,59,,59,63,0,65,,,,,
Bekasi,Bekasi Kayuringin,2026-05-13 16:00:00,88,88,48,,47,13,0,2,,,,,
Jakarta,The Pakubuwono Menteng,2026-05-13 16:09:04,119,119,47,90,,,,,50,33.09,,,
Depok,Cinere - Nafas,2026-05-13 16:08:51,133,133,53,96,,,,,0,0,,,
Bogor,Kabupaten Bogor Leuwiliang,2026-05-13 01:00:00,-,85,46,,4,9,0,80,,,,,
Tangerang,Tangerang Pasir Jaya,2026-05-13 16:00:00,129,129,59,,59,63,0,65,,,,,
Bekasi,Bekasi Kayuringin,2026-05-13 16:00:00,88,88,48,,47,13,0,2,,,,,
Jakarta,The Pakubuwono Menteng,2026-05-13 16:09:04,119,119,47,90,,,,,50,33.09,,,
Depok,Cinere - Nafas,2026-05-13 16:08:51,133,133,53,96,,,,,0,0,,,
Bogor,Kabupaten Bogor Leuwiliang,2026-05-13 01:00:00,-,85,46,,4,9,0,80,,,,,
Tangerang,Tangerang Pasir Jaya,2026-05-13 16:00:00,129,129,59,,59,63,0,65,,,,,
Bekasi,Bekasi Kayuringin,2026-05-13 16:00:00,88,88,48,,47,13,0,2,,,,,
Jakarta,The Pakubuwono Menteng,2026-05-13 16:11:04,121,121,47,89,,,,,51,33,,,
Depok,Cinere - Nafas,2026-05-13 16:10:51,137,137,53,96,,,,,0,0,,,
Bogor,Kabupaten Bogor Leuwiliang,2026-05-13 01:00:00,-,85,46,,4,9,0,80,,,,,
Tangerang,Tangerang Pasir Jaya,2026-05-13 16:00:00,129,129,59,,59,63,0,65,,,,,
Bekasi,Bekasi Kayuringin,2026-05-13 16:00:00,88,88,48,,47,13,0,2,,,,,
Jakarta,The Pakubuwono Menteng,2026-05-13 16:11:04,121,121,47,89,,,,,51,33,,,
Depok,Cinere - Nafas,2026-05-13 16:10:51,137,137,53,96,,,,,0,0,,,
Bogor,Kabupaten Bogor Leuwiliang,2026-05-13 01:00:00,-,85,46,,4,9,0,80,,,,,
Tangerang,Tangerang Pasir Jaya,2026-05-13 16:00:00,129,129,59,,59,63,0,65,,,,,
Bekasi,Bekasi Kayuringin,2026-05-13 16:00:00,88,88,48,,47,13,0,2,,,,,
Jakarta,The Pakubuwono Menteng,2026-05-13 16:13:04,122,122,48,86,,,,,51,32.9,,,
Depok,Cinere - Nafas,2026-05-13 16:13:51,138,138,54,98,,,,,0,0,,,
Bogor,Kabupaten Bogor Leuwiliang,2026-05-13 01:00:00,-,85,46,,4,9,0,80,,,,,
Tangerang,Tangerang Pasir Jaya,2026-05-13 16:00:00,129,129,59,,59,63,0,65,,,,,
Bekasi,Bekasi Kayuringin,2026-05-13 16:00:00,88,88,48,,47,13,0,2,,,,,
Jakarta,The Pakubuwono Menteng,2026-05-13 16:14:04,117,117,47,87,,,,,51,32.9,,,
Depok,Cinere - Nafas,2026-05-13 16:13:51,138,138,54,98,,,,,0,0,,,
Bogor,Kabupaten Bogor Leuwiliang,2026-05-13 01:00:00,-,85,46,,4,9,0,80,,,,,
Tangerang,Tangerang Pasir Jaya,2026-05-13 16:00:00,129,129,59,,59,63,0,65,,,,,
Bekasi,Bekasi Kayuringin,2026-05-13 16:00:00,88,88,48,,47,13,0,2,,,,,
Jakarta,The Pakubuwono Menteng,2026-05-13 16:16:07,117,117,46,87,,,,,51,32.8,,,
Depok,Cinere - Nafas,2026-05-13 16:15:51,131,131,52,96,,,,,0,0,,,
Bogor,Kabupaten Bogor Leuwiliang,2026-05-13 01:00:00,-,85,46,,4,9,0,80,,,,,
Tangerang,Tangerang Pasir Jaya,2026-05-13 16:00:00,129,129,59,,59,63,0,65,,,,,
Bekasi,Bekasi Kayuringin,2026-05-13 16:00:00,88,88,48,,47,13,0,2,,,,,
Jakarta,The Pakubuwono Menteng,2026-05-13 16:17:04,122,122,48,88,,,,,52,32.8,,,
Depok,Cinere - Nafas,2026-05-13 16:16:51,145,145,56,106,,,,,0,0,,,
Bogor,Kabupaten Bogor Leuwiliang,2026-05-13 01:00:00,-,85,46,,4,9,0,80,,,,,
Tangerang,Tangerang Pasir Jaya,2026-05-13 16:00:00,129,129,59,,59,63,0,65,,,,,
Bekasi,Bekasi Kayuringin,2026-05-13 16:00:00,88,88,48,,47,13,0,2,,,,,
Jakarta,The Pakubuwono Menteng,2026-05-13 16:17:04,122,122,48,88,,,,,52,32.8,,,
Depok,Cinere - Nafas,2026-05-13 16:16:51,145,145,56,106,,,,,0,0,,,
Bogor,Kabupaten Bogor Leuwiliang,2026-05-13 01:00:00,-,85,46,,4,9,0,80,,,,,
Tangerang,Tangerang Pasir Jaya,2026-05-13 16:00:00,129,129,59,,59,63,0,65,,,,,
Bekasi,Bekasi Kayuringin,2026-05-13 16:00:00,88,88,48,,47,13,0,2,,,,,
Jakarta,The Pakubuwono Menteng,2026-05-13 16:19:04,121,121,47,90,,,,,51,32.7,,,
Depok,Cinere - Nafas,2026-05-13 16:18:51,147,147,56,109,,,,,0,0,,,
Bogor,Kabupaten Bogor Leuwiliang,2026-05-13 01:00:00,-,85,46,,4,9,0,80,,,,,
Tangerang,Tangerang Pasir Jaya,2026-05-13 16:00:00,129,129,59,,59,63,0,65,,,,,
Bekasi,Bekasi Kayuringin,2026-05-13 16:00:00,88,88,48,,47,13,0,2,,,,,
Jakarta,The Pakubuwono Menteng,2026-05-13 16:19:04,121,121,47,90,,,,,51,32.7,,,
Depok,Cinere - Nafas,2026-05-13 16:18:51,147,147,56,109,,,,,0,0,,,
Bogor,Kabupaten Bogor Leuwiliang,2026-05-13 01:00:00,-,85,46,,4,9,0,80,,,,,
Tangerang,Tangerang Pasir Jaya,2026-05-13 16:00:00,129,129,59,,59,63,0,65,,,,,
Bekasi,Bekasi Kayuringin,2026-05-13 16:00:00,88,88,48,,47,13,0,2,,,,,
Jakarta,The Pakubuwono Menteng,2026-05-13 16:21:04,121,121,48,89,,,,,52,32.7,,,
Depok,Cinere - Nafas,2026-05-13 16:20:51,138,138,54,97,,,,,0,0,,,
Bogor,Kabupaten Bogor Leuwiliang,2026-05-13 01:00:00,-,85,46,,4,9,0,80,,,,,
Tangerang,Tangerang Pasir Jaya,2026-05-13 16:00:00,129,129,59,,59,63,0,65,,,,,
Bekasi,Bekasi Kayuringin,2026-05-13 16:00:00,88,88,48,,47,13,0,2,,,,,
Jakarta,The Pakubuwono Menteng,2026-05-13 16:23:04,118,118,45,89,,,,,52,32.5,,,
Depok,Cinere - Nafas,2026-05-13 16:22:52,138,138,54,99,,,,,0,0,,,
Bogor,Kabupaten Bogor Leuwiliang,2026-05-13 01:00:00,-,85,46,,4,9,0,80,,,,,
Tangerang,Tangerang Pasir Jaya,2026-05-13 16:00:00,129,129,59,,59,63,0,65,,,,,
Bekasi,Bekasi Kayuringin,2026-05-13 16:00:00,88,88,48,,47,13,0,2,,,,,
Jakarta,The Pakubuwono Menteng,2026-05-13 16:23:04,118,118,45,89,,,,,52,32.5,,,
Depok,Cinere - Nafas,2026-05-13 16:22:52,138,138,54,99,,,,,0,0,,,
Bogor,Kabupaten Bogor Leuwiliang,2026-05-13 01:00:00,-,85,46,,4,9,0,80,,,,,
Tangerang,Tangerang Pasir Jaya,2026-05-13 16:00:00,129,129,59,,59,63,0,65,,,,,
Bekasi,Bekasi Kayuringin,2026-05-13 16:00:00,88,88,48,,47,13,0,2,,,,,
Jakarta,The Pakubuwono Menteng,2026-05-13 16:25:04,114,114,45,88,,,,,52,32.4,,,
Depok,Cinere - Nafas,2026-05-13 16:24:51,143,143,55,100,,,,,0,0,,,
Bogor,Kabupaten Bogor Leuwiliang,2026-05-13 01:00:00,-,85,46,,4,9,0,80,,,,,
Tangerang,Tangerang Pasir Jaya,2026-05-13 16:00:00,129,129,59,,59,63,0,65,,,,,
Bekasi,Bekasi Kayuringin,2026-05-13 16:00:00,88,88,48,,47,13,0,2,,,,,
Jakarta,The Pakubuwono Menteng,2026-05-13 16:27:04,118,118,47,87,,,,,52,32.4,,,
Depok,Cinere - Nafas,2026-05-13 16:26:52,140,140,56,100,,,,,0,0,,,
Bogor,Kabupaten Bogor Leuwiliang,2026-05-13 01:00:00,-,85,46,,4,9,0,80,,,,,
Tangerang,Tangerang Pasir Jaya,2026-05-13 16:00:00,129,129,59,,59,63,0,65,,,,,
Bekasi,Bekasi Kayuringin,2026-05-13 16:00:00,88,88,48,,47,13,0,2,,,,,
Jakarta,The Pakubuwono Menteng,2026-05-13 16:28:04,113,113,43,86,,,,,52,32.3,,,
Depok,Cinere - Nafas,2026-05-13 16:27:52,150,150,56,107,,,,,0,0,,,
Bogor,Kabupaten Bogor Leuwiliang,2026-05-13 01:00:00,-,85,46,,4,9,0,80,,,,,
Tangerang,Tangerang Pasir Jaya,2026-05-13 16:00:00,129,129,59,,59,63,0,65,,,,,
Bekasi,Bekasi Kayuringin,2026-05-13 16:00:00,88,88,48,,47,13,0,2,,,,,
Jakarta,The Pakubuwono Menteng,2026-05-13 16:28:04,113,113,43,86,,,,,52,32.3,,,
Depok,Cinere - Nafas,2026-05-13 16:27:52,150,150,56,107,,,,,0,0,,,
Bogor,Kabupaten Bogor Leuwiliang,2026-05-13 01:00:00,-,85,46,,4,9,0,80,,,,,
Tangerang,Tangerang Pasir Jaya,2026-05-13 16:00:00,129,129,59,,59,63,0,65,,,,,
Bekasi,Bekasi Kayuringin,2026-05-13 16:00:00,88,88,48,,47,13,0,2,,,,,
Jakarta,The Pakubuwono Menteng,2026-05-13 16:30:04,116,116,45,87,,,,,53,32.3,,,
Depok,Cinere - Nafas,2026-05-13 16:29:52,149,149,57,103,,,,,0,0,,,
Bogor,Kabupaten Bogor Leuwiliang,2026-05-13 01:00:00,-,85,46,,4,9,0,80,,,,,
Tangerang,Tangerang Pasir Jaya,2026-05-13 16:00:00,129,129,59,,59,63,0,65,,,,,
Bekasi,Bekasi Kayuringin,2026-05-13 16:00:00,88,88,48,,47,13,0,2,,,,,
Jakarta,The Pakubuwono Menteng,2026-05-13 16:32:05,113,113,44,84,,,,,53,32.3,,,
Depok,Cinere - Nafas,2026-05-13 16:31:52,145,145,56,105,,,,,0,0,,,
Bogor,Kabupaten Bogor Leuwiliang,2026-05-13 01:00:00,-,85,46,,4,9,0,80,,,,,
Tangerang,Tangerang Pasir Jaya,2026-05-13 16:00:00,129,129,59,,59,63,0,65,,,,,
Bekasi,Bekasi Kayuringin,2026-05-13 16:00:00,88,88,48,,47,13,0,2,,,,,
Jakarta,The Pakubuwono Menteng,2026-05-13 16:32:05,113,113,44,84,,,,,53,32.3,,,
Depok,Cinere - Nafas,2026-05-13 16:31:52,145,145,56,105,,,,,0,0,,,
Bogor,Kabupaten Bogor Leuwiliang,2026-05-13 01:00:00,-,85,46,,4,9,0,80,,,,,
Tangerang,Tangerang Pasir Jaya,2026-05-13 16:00:00,129,129,59,,59,63,0,65,,,,,
Bekasi,Bekasi Kayuringin,2026-05-13 16:00:00,88,88,48,,47,13,0,2,,,,,
Jakarta,The Pakubuwono Menteng,2026-05-13 16:33:05,113,113,44,83,,,,,53,32.2,,,
Depok,Cinere - Nafas,2026-05-13 16:32:52,140,140,55,98,,,,,0,0,,,
Bogor,Kabupaten Bogor Leuwiliang,2026-05-13 01:00:00,-,85,46,,4,9,0,80,,,,,
Tangerang,Tangerang Pasir Jaya,2026-05-13 16:00:00,129,129,59,,59,63,0,65,,,,,
Bekasi,Bekasi Kayuringin,2026-05-13 16:00:00,88,88,48,,47,13,0,2,,,,,
Jakarta,The Pakubuwono Menteng,2026-05-13 16:35:05,112,112,44,85,,,,,53,32.2,,,
Depok,Cinere - Nafas,2026-05-13 16:34:52,141,141,55,104,,,,,0,0,,,
Bogor,Kabupaten Bogor Leuwiliang,2026-05-13 01:00:00,-,85,46,,4,9,0,80,,,,,
Tangerang,Tangerang Pasir Jaya,2026-05-13 16:00:00,129,129,59,,59,63,0,65,,,,,
Bekasi,Bekasi Kayuringin,2026-05-13 16:00:00,88,88,48,,47,13,0,2,,,,,
Jakarta,The Pakubuwono Menteng,2026-05-13 16:37:05,114,114,44,87,,,,,53,32.2,,,
Depok,Cinere - Nafas,2026-05-13 16:36:52,147,147,57,106,,,,,0,0,,,
Bogor,Kabupaten Bogor Leuwiliang,2026-05-13 01:00:00,-,85,46,,4,9,0,80,,,,,
Tangerang,Tangerang Pasir Jaya,2026-05-13 16:00:00,129,129,59,,59,63,0,65,,,,,
Bekasi,Bekasi Kayuringin,2026-05-13 16:00:00,88,88,48,,47,13,0,2,,,,,
Jakarta,The Pakubuwono Menteng,2026-05-13 16:38:05,114,114,44,85,,,,,53,32.2,,,
Depok,Cinere - Nafas,2026-05-13 16:37:52,150,150,57,109,,,,,0,0,,,
Bogor,Kabupaten Bogor Leuwiliang,2026-05-13 01:00:00,-,85,46,,4,9,0,80,,,,,
Tangerang,Tangerang Pasir Jaya,2026-05-13 16:00:00,129,129,59,,59,63,0,65,,,,,
Bekasi,Bekasi Kayuringin,2026-05-13 16:00:00,88,88,48,,47,13,0,2,,,,,
Jakarta,The Pakubuwono Menteng,2026-05-13 16:38:05,114,114,44,85,,,,,53,32.2,,,
Depok,Cinere - Nafas,2026-05-13 16:37:52,150,150,57,109,,,,,0,0,,,
Bogor,Kabupaten Bogor Leuwiliang,2026-05-13 01:00:00,-,85,46,,4,9,0,80,,,,,
Tangerang,Tangerang Pasir Jaya,2026-05-13 16:00:00,129,129,59,,59,63,0,65,,,,,
Bekasi,Bekasi Kayuringin,2026-05-13 16:00:00,88,88,48,,47,13,0,2,,,,,
Jakarta,The Pakubuwono Menteng,2026-05-13 16:40:05,112,112,44,84,,,,,53,32.2,,,
Depok,Cinere - Nafas,2026-05-13 16:39:52,143,143,55,106,,,,,0,0,,,
Bogor,Kabupaten Bogor Leuwiliang,2026-05-13 01:00:00,-,85,46,,4,9,0,80,,,,,
Tangerang,Tangerang Pasir Jaya,2026-05-13 16:00:00,129,129,59,,59,63,0,65,,,,,
Bekasi,Bekasi Kayuringin,2026-05-13 16:00:00,88,88,48,,47,13,0,2,,,,,
Jakarta,The Pakubuwono Menteng,2026-05-13 16:42:05,114,114,45,87,,,,,53,32.2,,,
Depok,Cinere - Nafas,2026-05-13 16:41:52,150,150,56,101,,,,,0,0,,,
Bogor,Kabupaten Bogor Leuwiliang,2026-05-13 01:00:00,-,85,46,,4,9,0,80,,,,,
Tangerang,Tangerang Pasir Jaya,2026-05-13 16:00:00,129,129,59,,59,63,0,65,,,,,
Bekasi,Bekasi Kayuringin,2026-05-13 16:00:00,88,88,48,,47,13,0,2,,,,,
Jakarta,The Pakubuwono Menteng,2026-05-13 16:42:05,114,114,45,87,,,,,53,32.2,,,
Depok,Cinere - Nafas,2026-05-13 16:41:52,150,150,56,101,,,,,0,0,,,
Bogor,Kabupaten Bogor Leuwiliang,2026-05-13 01:00:00,-,85,46,,4,9,0,80,,,,,
Tangerang,Tangerang Pasir Jaya,2026-05-13 16:00:00,129,129,59,,59,63,0,65,,,,,
Bekasi,Bekasi Kayuringin,2026-05-13 16:00:00,88,88,48,,47,13,0,2,,,,,
Jakarta,The Pakubuwono Menteng,2026-05-13 16:43:05,110,110,42,83,,,,,54,32.2,,,
Depok,Cinere - Nafas,2026-05-13 16:42:52,147,147,56,105,,,,,0,0,,,
Bogor,Kabupaten Bogor Leuwiliang,2026-05-13 01:00:00,-,85,46,,4,9,0,80,,,,,
Tangerang,Tangerang Pasir Jaya,2026-05-13 16:00:00,129,129,59,,59,63,0,65,,,,,
Bekasi,Bekasi Kayuringin,2026-05-13 16:00:00,88,88,48,,47,13,0,2,,,,,
Jakarta,The Pakubuwono Menteng,2026-05-13 16:45:05,113,113,45,84,,,,,53,32.09,,,
Depok,Cinere - Nafas,2026-05-13 16:44:52,142,142,56,101,,,,,0,0,,,
Bogor,Kabupaten Bogor Leuwiliang,2026-05-13 01:00:00,-,85,46,,4,9,0,80,,,,,
Tangerang,Tangerang Pasir Jaya,2026-05-13 16:00:00,129,129,59,,59,63,0,65,,,,,
Bekasi,Bekasi Kayuringin,2026-05-13 16:00:00,88,88,48,,47,13,0,2,,,,,
Jakarta,The Pakubuwono Menteng,2026-05-13 16:45:05,113,113,45,84,,,,,53,32.09,,,
Depok,Cinere - Nafas,2026-05-13 16:44:52,142,142,56,101,,,,,0,0,,,
Bogor,Kabupaten Bogor Leuwiliang,2026-05-13 01:00:00,-,85,46,,4,9,0,80,,,,,
Tangerang,Tangerang Pasir Jaya,2026-05-13 16:00:00,129,129,59,,59,63,0,65,,,,,
Bekasi,Bekasi Kayuringin,2026-05-13 16:00:00,88,88,48,,47,13,0,2,,,,,
Jakarta,The Pakubuwono Menteng,2026-05-13 16:48:05,113,113,43,86,,,,,53,32.09,,,
Depok,Cinere - Nafas,2026-05-13 16:47:52,152,152,57,110,,,,,0,0,,,
Bogor,Kabupaten Bogor Leuwiliang,2026-05-13 01:00:00,-,85,46,,4,9,0,80,,,,,
Tangerang,Tangerang Pasir Jaya,2026-05-13 16:00:00,129,129,59,,59,63,0,65,,,,,
Bekasi,Bekasi Kayuringin,2026-05-13 16:00:00,88,88,48,,47,13,0,2,,,,,
Jakarta,The Pakubuwono Menteng,2026-05-13 16:48:05,113,113,43,86,,,,,53,32.09,,,
Depok,Cinere - Nafas,2026-05-13 16:47:52,152,152,57,110,,,,,0,0,,,
Bogor,Kabupaten Bogor Leuwiliang,2026-05-13 01:00:00,-,85,46,,4,9,0,80,,,,,
Tangerang,Tangerang Pasir Jaya,2026-05-13 16:00:00,129,129,59,,59,63,0,65,,,,,
Bekasi,Bekasi Kayuringin,2026-05-13 16:00:00,88,88,48,,47,13,0,2,,,,,
Jakarta,The Pakubuwono Menteng,2026-05-13 16:50:05,116,116,44,86,,,,,53,32.09,,,
Depok,Cinere - Nafas,2026-05-13 16:49:52,146,146,56,106,,,,,0,0,,,
Bogor,Kabupaten Bogor Leuwiliang,2026-05-13 01:00:00,-,85,46,,4,9,0,80,,,,,
Tangerang,Tangerang Pasir Jaya,2026-05-13 16:00:00,129,129,59,,59,63,0,65,,,,,
Bekasi,Bekasi Kayuringin,2026-05-13 16:00:00,88,88,48,,47,13,0,2,,,,,
Jakarta,The Pakubuwono Menteng,2026-05-13 16:50:05,116,116,44,86,,,,,53,32.09,,,
Depok,Cinere - Nafas,2026-05-13 16:49:52,146,146,56,106,,,,,0,0,,,
Bogor,Kabupaten Bogor Leuwiliang,2026-05-13 01:00:00,-,85,46,,4,9,0,80,,,,,
Tangerang,Tangerang Pasir Jaya,2026-05-13 16:00:00,129,129,59,,59,63,0,65,,,,,
Bekasi,Bekasi Kayuringin,2026-05-13 16:00:00,88,88,48,,47,13,0,2,,,,,
Jakarta,The Pakubuwono Menteng,2026-05-13 16:51:05,113,113,44,83,,,,,53,32,,,
Depok,Cinere - Nafas,2026-05-13 16:50:52,148,148,56,103,,,,,0,0,,,
Bogor,Kabupaten Bogor Leuwiliang,2026-05-13 01:00:00,-,85,46,,4,9,0,80,,,,,
Tangerang,Tangerang Pasir Jaya,2026-05-13 16:00:00,129,129,59,,59,63,0,65,,,,,
Bekasi,Bekasi Kayuringin,2026-05-13 16:00:00,88,88,48,,47,13,0,2,,,,,
Jakarta,The Pakubuwono Menteng,2026-05-13 16:53:05,116,116,46,86,,,,,54,32,,,
Depok,Cinere - Nafas,2026-05-13 16:53:52,140,140,54,96,,,,,0,0,,,
Bogor,Kabupaten Bogor Leuwiliang,2026-05-13 01:00:00,-,85,46,,4,9,0,80,,,,,
Tangerang,Tangerang Pasir Jaya,2026-05-13 16:00:00,129,129,59,,59,63,0,65,,,,,
Bekasi,Bekasi Kayuringin,2026-05-13 16:00:00,88,88,48,,47,13,0,2,,,,,
Jakarta,The Pakubuwono Menteng,2026-05-13 16:53:05,116,116,46,86,,,,,54,32,,,
Depok,Cinere - Nafas,2026-05-13 16:53:52,140,140,54,96,,,,,0,0,,,
Bogor,Kabupaten Bogor Leuwiliang,2026-05-13 01:00:00,-,85,46,,4,9,0,80,,,,,
Tangerang,Tangerang Pasir Jaya,2026-05-13 16:00:00,129,129,59,,59,63,0,65,,,,,
Bekasi,Bekasi Kayuringin,2026-05-13 16:00:00,88,88,48,,47,13,0,2,,,,,
Jakarta,The Pakubuwono Menteng,2026-05-13 16:55:05,114,114,44,86,,,,,54,32,,,
Depok,Cinere - Nafas,2026-05-13 16:55:52,150,150,57,109,,,,,0,0,,,
Bogor,Kabupaten Bogor Leuwiliang,2026-05-13 01:00:00,-,85,46,,4,9,0,80,,,,,
Tangerang,Tangerang Pasir Jaya,2026-05-13 16:00:00,129,129,59,,59,63,0,65,,,,,
Bekasi,Bekasi Kayuringin,2026-05-13 16:00:00,88,88,48,,47,13,0,2,,,,,
Jakarta,The Pakubuwono Menteng,2026-05-13 16:57:05,113,113,44,85,,,,,54,32,,,
Depok,Cinere - Nafas,2026-05-13 16:56:52,149,149,56,104,,,,,0,0,,,
Bogor,Kabupaten Bogor Leuwiliang,2026-05-13 01:00:00,-,85,46,,4,9,0,80,,,,,
Tangerang,Tangerang Pasir Jaya,2026-05-13 16:00:00,129,129,59,,59,63,0,65,,,,,
Bekasi,Bekasi Kayuringin,2026-05-13 16:00:00,88,88,48,,47,13,0,2,,,,,
Jakarta,The Pakubuwono Menteng,2026-05-13 16:59:05,118,118,46,86,,,,,54,32,,,
Depok,Cinere - Nafas,2026-05-13 16:58:52,147,147,56,104,,,,,0,0,,,
Bogor,Kabupaten Bogor Leuwiliang,2026-05-13 01:00:00,-,85,46,,4,9,0,80,,,,,
Tangerang,Tangerang Pasir Jaya,2026-05-13 16:00:00,129,129,59,,59,63,0,65,,,,,
Bekasi,Bekasi Kayuringin,2026-05-13 16:00:00,88,88,48,,47,13,0,2,,,,,
Jakarta,The Pakubuwono Menteng,2026-05-13 16:59:05,118,118,46,86,,,,,54,32,,,
Depok,Cinere - Nafas,2026-05-13 16:58:52,147,147,56,104,,,,,0,0,,,
Bogor,Kabupaten Bogor Leuwiliang,2026-05-13 01:00:00,-,85,46,,4,9,0,80,,,,,
Tangerang,Tangerang Pasir Jaya,2026-05-13 16:00:00,129,129,59,,59,63,0,65,,,,,
Bekasi,Bekasi Kayuringin,2026-05-13 16:00:00,88,88,48,,47,13,0,2,,,,,
Jakarta,The Pakubuwono Menteng,2026-05-13 17:01:05,120,120,47,87,,,,,53,32,,,
Depok,Cinere - Nafas,2026-05-13 17:00:52,152,152,57,113,,,,,0,0,,,
Bogor,Kabupaten Bogor Leuwiliang,2026-05-13 01:00:00,-,85,46,,4,9,0,80,,,,,
Tangerang,Tangerang Pasir Jaya,2026-05-13 16:00:00,129,129,59,,59,63,0,65,,,,,
Bekasi,Bekasi Kayuringin,2026-05-13 16:00:00,88,88,48,,47,13,0,2,,,,,
Jakarta,The Pakubuwono Menteng,2026-05-13 17:02:05,118,118,46,87,,,,,53,32,,,
Depok,Cinere - Nafas,2026-05-13 17:01:52,145,145,56,105,,,,,0,0,,,
Bogor,Kabupaten Bogor Leuwiliang,2026-05-13 01:00:00,-,85,46,,4,9,0,80,,,,,
Tangerang,Tangerang Pasir Jaya,2026-05-13 16:00:00,129,129,59,,59,63,0,65,,,,,
Bekasi,Bekasi Kayuringin,2026-05-13 16:00:00,88,88,48,,47,13,0,2,,,,,
Jakarta,The Pakubuwono Menteng,2026-05-13 17:02:05,118,118,46,87,,,,,53,32,,,
Depok,Cinere - Nafas,2026-05-13 17:01:52,145,145,56,105,,,,,0,0,,,
Bogor,Kabupaten Bogor Leuwiliang,2026-05-13 01:00:00,-,85,46,,4,9,0,80,,,,,
Tangerang,Tangerang Pasir Jaya,2026-05-13 16:00:00,129,129,59,,59,63,0,65,,,,,
Bekasi,Bekasi Kayuringin,2026-05-13 16:00:00,88,88,48,,47,13,0,2,,,,,
Jakarta,The Pakubuwono Menteng,2026-05-13 17:04:05,123,123,49,92,,,,,53,31.9,,,
Depok,Cinere - Nafas,2026-05-13 17:03:52,141,141,56,101,,,,,0,0,,,
Bogor,Kabupaten Bogor Leuwiliang,2026-05-13 01:00:00,-,85,46,,4,9,0,80,,,,,
Tangerang,Tangerang Pasir Jaya,2026-05-13 16:00:00,129,129,59,,59,63,0,65,,,,,
Bekasi,Bekasi Kayuringin,2026-05-13 16:00:00,88,88,48,,47,13,0,2,,,,,
Jakarta,The Pakubuwono Menteng,2026-05-13 17:04:05,123,123,49,92,,,,,53,31.9,,,
Depok,Cinere - Nafas,2026-05-13 17:03:52,141,141,56,101,,,,,0,0,,,
Bogor,Kabupaten Bogor Leuwiliang,2026-05-13 01:00:00,-,85,46,,4,9,0,80,,,,,
Tangerang,Tangerang Pasir Jaya,2026-05-13 16:00:00,129,129,59,,59,63,0,65,,,,,
Bekasi,Bekasi Kayuringin,2026-05-13 16:00:00,88,88,48,,47,13,0,2,,,,,
Jakarta,The Pakubuwono Menteng,2026-05-13 17:06:05,120,120,47,89,,,,,53,31.9,,,
Depok,Cinere - Nafas,2026-05-13 17:05:52,138,138,54,96,,,,,0,0,,,
Bogor,Kabupaten Bogor Leuwiliang,2026-05-13 01:00:00,-,85,46,,4,9,0,80,,,,,
Tangerang,Tangerang Pasir Jaya,2026-05-13 17:00:00,130,130,59,,59,63,0,65,,,,,
Bekasi,Bekasi Kayuringin,2026-05-13 17:00:00,88,88,48,,47,13,0,2,,,,,
Jakarta,The Pakubuwono Menteng,2026-05-13 17:07:05,125,125,50,89,,,,,53,31.9,,,
Depok,Cinere - Nafas,2026-05-13 17:06:52,137,137,54,95,,,,,0,0,,,
Bogor,Kabupaten Bogor Leuwiliang,2026-05-13 01:00:00,-,85,46,,4,9,0,80,,,,,
Tangerang,Tangerang Pasir Jaya,2026-05-13 17:00:00,130,130,59,,59,63,0,65,,,,,
Bekasi,Bekasi Kayuringin,2026-05-13 17:00:00,88,88,48,,47,13,0,2,,,,,
Jakarta,The Pakubuwono Menteng,2026-05-13 17:07:05,125,125,50,89,,,,,53,31.9,,,
Depok,Cinere - Nafas,2026-05-13 17:08:52,138,138,53,98,,,,,0,0,,,
Bogor,Kabupaten Bogor Leuwiliang,2026-05-13 01:00:00,-,85,46,,4,9,0,80,,,,,
Tangerang,Tangerang Pasir Jaya,2026-05-13 17:00:00,130,130,59,,59,63,0,65,,,,,
Bekasi,Bekasi Kayuringin,2026-05-13 17:00:00,88,88,48,,47,13,0,2,,,,,
Jakarta,The Pakubuwono Menteng,2026-05-13 17:11:05,123,123,49,90,,,,,53,31.8,,,
Depok,Cinere - Nafas,2026-05-13 17:10:52,139,139,54,97,,,,,0,0,,,
Bogor,Kabupaten Bogor Leuwiliang,2026-05-13 01:00:00,-,85,46,,4,9,0,80,,,,,
Tangerang,Tangerang Pasir Jaya,2026-05-13 17:00:00,130,130,59,,59,63,0,65,,,,,
Bekasi,Bekasi Kayuringin,2026-05-13 17:00:00,88,88,48,,47,13,0,2,,,,,
Jakarta,The Pakubuwono Menteng,2026-05-13 17:11:05,123,123,49,90,,,,,53,31.8,,,
Depok,Cinere - Nafas,2026-05-13 17:10:52,139,139,54,97,,,,,0,0,,,
Bogor,Kabupaten Bogor Leuwiliang,2026-05-13 01:00:00,-,85,46,,4,9,0,80,,,,,
Tangerang,Tangerang Pasir Jaya,2026-05-13 17:00:00,130,130,59,,59,63,0,65,,,,,
Bekasi,Bekasi Kayuringin,2026-05-13 17:00:00,88,88,48,,47,13,0,2,,,,,
Jakarta,The Pakubuwono Menteng,2026-05-13 17:13:05,120,120,48,88,,,,,53,31.7,,,
Depok,Cinere - Nafas,2026-05-13 17:12:52,134,134,53,95,,,,,0,0,,,
Bogor,Kabupaten Bogor Leuwiliang,2026-05-13 01:00:00,-,85,46,,4,9,0,80,,,,,
Tangerang,Tangerang Pasir Jaya,2026-05-13 17:00:00,130,130,59,,59,63,0,65,,,,,
Bekasi,Bekasi Kayuringin,2026-05-13 17:00:00,88,88,48,,47,13,0,2,,,,,
Jakarta,The Pakubuwono Menteng,2026-05-13 17:14:05,120,120,47,88,,,,,54,31.7,,,
Depok,Cinere - Nafas,2026-05-13 17:13:52,135,135,53,96,,,,,0,0,,,
Bogor,Kabupaten Bogor Leuwiliang,2026-05-13 01:00:00,-,85,46,,4,9,0,80,,,,,
Tangerang,Tangerang Pasir Jaya,2026-05-13 17:00:00,130,130,59,,59,63,0,65,,,,,
Bekasi,Bekasi Kayuringin,2026-05-13 17:00:00,88,88,48,,47,13,0,2,,,,,
Jakarta,The Pakubuwono Menteng,2026-05-13 17:14:05,120,120,47,88,,,,,54,31.7,,,
Depok,Cinere - Nafas,2026-05-13 17:13:52,135,135,53,96,,,,,0,0,,,
Bogor,Kabupaten Bogor Leuwiliang,2026-05-13 01:00:00,-,85,46,,4,9,0,80,,,,,
Tangerang,Tangerang Pasir Jaya,2026-05-13 17:00:00,130,130,59,,59,63,0,65,,,,,
Bekasi,Bekasi Kayuringin,2026-05-13 17:00:00,88,88,48,,47,13,0,2,,,,,
Jakarta,The Pakubuwono Menteng,2026-05-13 17:15:05,121,121,49,87,,,,,54,31.6,,,
Depok,Cinere - Nafas,2026-05-13 17:15:52,133,133,53,95,,,,,0,0,,,
Bogor,Kabupaten Bogor Leuwiliang,2026-05-13 01:00:00,-,85,46,,4,9,0,80,,,,,
Tangerang,Tangerang Pasir Jaya,2026-05-13 17:00:00,130,130,59,,59,63,0,65,,,,,
Bekasi,Bekasi Kayuringin,2026-05-13 17:00:00,88,88,48,,47,13,0,2,,,,,
Jakarta,The Pakubuwono Menteng,2026-05-13 17:15:05,121,121,49,87,,,,,54,31.6,,,
Depok,Cinere - Nafas,2026-05-13 17:15:52,133,133,53,95,,,,,0,0,,,
Bogor,Kabupaten Bogor Leuwiliang,2026-05-13 01:00:00,-,85,46,,4,9,0,80,,,,,
Tangerang,Tangerang Pasir Jaya,2026-05-13 17:00:00,130,130,59,,59,63,0,65,,,,,
Bekasi,Bekasi Kayuringin,2026-05-13 17:00:00,88,88,48,,47,13,0,2,,,,,
Jakarta,The Pakubuwono Menteng,2026-05-13 17:18:05,127,127,50,91,,,,,54,31.6,,,
Depok,Cinere - Nafas,2026-05-13 17:17:52,138,138,54,96,,,,,0,0,,,
Bogor,Kabupaten Bogor Leuwiliang,2026-05-13 01:00:00,-,85,46,,4,9,0,80,,,,,
Tangerang,Tangerang Pasir Jaya,2026-05-13 17:00:00,130,130,59,,59,63,0,65,,,,,
Bekasi,Bekasi Kayuringin,2026-05-13 17:00:00,88,88,48,,47,13,0,2,,,,,
Jakarta,The Pakubuwono Menteng,2026-05-13 17:20:05,123,123,48,88,,,,,54,31.6,,,
Depok,Cinere - Nafas,2026-05-13 17:19:52,140,140,54,99,,,,,0,0,,,
Bogor,Kabupaten Bogor Leuwiliang,2026-05-13 01:00:00,-,85,46,,4,9,0,80,,,,,
Tangerang,Tangerang Pasir Jaya,2026-05-13 17:00:00,130,130,59,,59,63,0,65,,,,,
Bekasi,Bekasi Kayuringin,2026-05-13 17:00:00,88,88,48,,47,13,0,2,,,,,
Jakarta,The Pakubuwono Menteng,2026-05-13 17:21:05,121,121,48,88,,,,,54,31.5,,,
Depok,Cinere - Nafas,2026-05-13 17:20:52,139,139,54,97,,,,,0,0,,,
Bogor,Kabupaten Bogor Leuwiliang,2026-05-13 01:00:00,-,85,46,,4,9,0,80,,,,,
Tangerang,Tangerang Pasir Jaya,2026-05-13 17:00:00,130,130,59,,59,63,0,65,,,,,
Bekasi,Bekasi Kayuringin,2026-05-13 17:00:00,88,88,48,,47,13,0,2,,,,,
Jakarta,The Pakubuwono Menteng,2026-05-13 17:21:05,121,121,48,88,,,,,54,31.5,,,
Depok,Cinere - Nafas,2026-05-13 17:20:52,139,139,54,97,,,,,0,0,,,
Bogor,Kabupaten Bogor Leuwiliang,2026-05-13 01:00:00,-,85,46,,4,9,0,80,,,,,
Tangerang,Tangerang Pasir Jaya,2026-05-13 17:00:00,130,130,59,,59,63,0,65,,,,,
Bekasi,Bekasi Kayuringin,2026-05-13 17:00:00,88,88,48,,47,13,0,2,,,,,
Jakarta,The Pakubuwono Menteng,2026-05-13 17:23:06,123,123,49,87,,,,,54,31.6,,,
Depok,Cinere - Nafas,2026-05-13 17:22:52,140,140,55,100,,,,,0,0,,,
Bogor,Kabupaten Bogor Leuwiliang,2026-05-13 01:00:00,-,85,46,,4,9,0,80,,,,,
Tangerang,Tangerang Pasir Jaya,2026-05-13 17:00:00,130,130,59,,59,63,0,65,,,,,
Bekasi,Bekasi Kayuringin,2026-05-13 17:00:00,88,88,48,,47,13,0,2,,,,,
Jakarta,The Pakubuwono Menteng,2026-05-13 17:25:06,121,121,48,88,,,,,54,31.6,,,
Depok,Cinere - Nafas,2026-05-13 17:24:52,138,138,55,98,,,,,0,0,,,
Bogor,Kabupaten Bogor Leuwiliang,2026-05-13 01:00:00,-,85,46,,4,9,0,80,,,,,
Tangerang,Tangerang Pasir Jaya,2026-05-13 17:00:00,130,130,59,,59,63,0,65,,,,,
Bekasi,Bekasi Kayuringin,2026-05-13 17:00:00,88,88,48,,47,13,0,2,,,,,
Jakarta,The Pakubuwono Menteng,2026-05-13 17:25:06,121,121,48,88,,,,,54,31.6,,,
Depok,Cinere - Nafas,2026-05-13 17:24:52,138,138,55,98,,,,,0,0,,,
Bogor,Kabupaten Bogor Leuwiliang,2026-05-13 01:00:00,-,85,46,,4,9,0,80,,,,,
Tangerang,Tangerang Pasir Jaya,2026-05-13 17:00:00,130,130,59,,59,63,0,65,,,,,
Bekasi,Bekasi Kayuringin,2026-05-13 17:00:00,88,88,48,,47,13,0,2,,,,,
Jakarta,The Pakubuwono Menteng,2026-05-13 17:26:06,125,125,49,89,,,,,54,31.6,,,
Depok,Cinere - Nafas,2026-05-13 17:25:52,140,140,55,96,,,,,0,0,,,
Bogor,Kabupaten Bogor Leuwiliang,2026-05-13 01:00:00,-,85,46,,4,9,0,80,,,,,
Tangerang,Tangerang Pasir Jaya,2026-05-13 17:00:00,130,130,59,,59,63,0,65,,,,,
Bekasi,Bekasi Kayuringin,2026-05-13 17:00:00,88,88,48,,47,13,0,2,,,,,
Jakarta,The Pakubuwono Menteng,2026-05-13 17:28:06,118,118,47,87,,,,,54,31.6,,,
Depok,Cinere - Nafas,2026-05-13 17:27:52,140,140,54,98,,,,,0,0,,,
Bogor,Kabupaten Bogor Leuwiliang,2026-05-13 01:00:00,-,85,46,,4,9,0,80,,,,,
Tangerang,Tangerang Pasir Jaya,2026-05-13 17:00:00,130,130,59,,59,63,0,65,,,,,
Bekasi,Bekasi Kayuringin,2026-05-13 17:00:00,88,88,48,,47,13,0,2,,,,,
Jakarta,The Pakubuwono Menteng,2026-05-13 17:28:06,118,118,47,87,,,,,54,31.6,,,
Depok,Cinere - Nafas,2026-05-13 17:27:52,140,140,54,98,,,,,0,0,,,
Bogor,Kabupaten Bogor Leuwiliang,2026-05-13 01:00:00,-,85,46,,4,9,0,80,,,,,
Tangerang,Tangerang Pasir Jaya,2026-05-13 17:00:00,130,130,59,,59,63,0,65,,,,,
Bekasi,Bekasi Kayuringin,2026-05-13 17:00:00,88,88,48,,47,13,0,2,,,,,
Jakarta,The Pakubuwono Menteng,2026-05-13 17:30:06,122,122,48,88,,,,,54,31.5,,,
Depok,Cinere - Nafas,2026-05-13 17:29:52,141,141,54,100,,,,,0,0,,,
Bogor,Kabupaten Bogor Leuwiliang,2026-05-13 01:00:00,-,85,46,,4,9,0,80,,,,,
Tangerang,Tangerang Pasir Jaya,2026-05-13 17:00:00,130,130,59,,59,63,0,65,,,,,
Bekasi,Bekasi Kayuringin,2026-05-13 17:00:00,88,88,48,,47,13,0,2,,,,,
Jakarta,The Pakubuwono Menteng,2026-05-13 17:32:06,116,116,47,87,,,,,54,31.5,,,
Depok,Cinere - Nafas,2026-05-13 17:31:53,139,139,54,96,,,,,0,0,,,
Bogor,Kabupaten Bogor Leuwiliang,2026-05-13 01:00:00,-,85,46,,4,9,0,80,,,,,
Tangerang,Tangerang Pasir Jaya,2026-05-13 17:00:00,130,130,59,,59,63,0,65,,,,,
Bekasi,Bekasi Kayuringin,2026-05-13 17:00:00,88,88,48,,47,13,0,2,,,,,
Jakarta,The Pakubuwono Menteng,2026-05-13 17:33:06,120,120,47,89,,,,,54,31.6,,,
Depok,Cinere - Nafas,2026-05-13 17:32:52,140,140,55,96,,,,,0,0,,,
Bogor,Kabupaten Bogor Leuwiliang,2026-05-13 01:00:00,-,85,46,,4,9,0,80,,,,,
Tangerang,Tangerang Pasir Jaya,2026-05-13 17:00:00,130,130,59,,59,63,0,65,,,,,
Bekasi,Bekasi Kayuringin,2026-05-13 17:00:00,88,88,48,,47,13,0,2,,,,,
Jakarta,The Pakubuwono Menteng,2026-05-13 17:35:07,117,117,46,87,,,,,54,31.6,,,
Depok,Cinere - Nafas,2026-05-13 17:34:52,139,139,54,99,,,,,0,0,,,
Bogor,Kabupaten Bogor Leuwiliang,2026-05-13 01:00:00,-,85,46,,4,9,0,80,,,,,
Tangerang,Tangerang Pasir Jaya,2026-05-13 17:00:00,130,130,59,,59,63,0,65,,,,,
Bekasi,Bekasi Kayuringin,2026-05-13 17:00:00,88,88,48,,47,13,0,2,,,,,
Jakarta,The Pakubuwono Menteng,2026-05-13 17:35:07,117,117,46,87,,,,,54,31.6,,,
Depok,Cinere - Nafas,2026-05-13 17:34:52,139,139,54,99,,,,,0,0,,,
Bogor,Kabupaten Bogor Leuwiliang,2026-05-13 01:00:00,-,85,46,,4,9,0,80,,,,,
Tangerang,Tangerang Pasir Jaya,2026-05-13 17:00:00,130,130,59,,59,63,0,65,,,,,
Bekasi,Bekasi Kayuringin,2026-05-13 17:00:00,88,88,48,,47,13,0,2,,,,,
Jakarta,The Pakubuwono Menteng,2026-05-13 17:36:06,118,118,46,86,,,,,54,31.6,,,
Depok,Cinere - Nafas,2026-05-13 17:35:52,138,138,54,97,,,,,0,0,,,
Bogor,Kabupaten Bogor Leuwiliang,2026-05-13 01:00:00,-,85,46,,4,9,0,80,,,,,
Tangerang,Tangerang Pasir Jaya,2026-05-13 17:00:00,130,130,59,,59,63,0,65,,,,,
Bekasi,Bekasi Kayuringin,2026-05-13 17:00:00,88,88,48,,47,13,0,2,,,,,
Jakarta,The Pakubuwono Menteng,2026-05-13 17:38:06,115,115,46,85,,,,,54,31.6,,,
Depok,Cinere - Nafas,2026-05-13 17:37:52,137,137,54,97,,,,,0,0,,,
Bogor,Kabupaten Bogor Leuwiliang,2026-05-13 01:00:00,-,85,46,,4,9,0,80,,,,,
Tangerang,Tangerang Pasir Jaya,2026-05-13 17:00:00,130,130,59,,59,63,0,65,,,,,
Bekasi,Bekasi Kayuringin,2026-05-13 17:00:00,88,88,48,,47,13,0,2,,,,,
Jakarta,The Pakubuwono Menteng,2026-05-13 17:38:06,115,115,46,85,,,,,54,31.6,,,
Depok,Cinere - Nafas,2026-05-13 17:37:52,137,137,54,97,,,,,0,0,,,
Bogor,Kabupaten Bogor Leuwiliang,2026-05-13 01:00:00,-,85,46,,4,9,0,80,,,,,
Tangerang,Tangerang Pasir Jaya,2026-05-13 17:00:00,130,130,59,,59,63,0,65,,,,,
Bekasi,Bekasi Kayuringin,2026-05-13 17:00:00,88,88,48,,47,13,0,2,,,,,
Jakarta,The Pakubuwono Menteng,2026-05-13 17:40:06,116,116,45,84,,,,,54,31.6,,,
Depok,Cinere - Nafas,2026-05-13 17:39:52,141,141,55,98,,,,,0,0,,,
Bogor,Kabupaten Bogor Leuwiliang,2026-05-13 01:00:00,-,85,46,,4,9,0,80,,,,,
Tangerang,Tangerang Pasir Jaya,2026-05-13 17:00:00,130,130,59,,59,63,0,65,,,,,
Bekasi,Bekasi Kayuringin,2026-05-13 17:00:00,88,88,48,,47,13,0,2,,,,,
Jakarta,The Pakubuwono Menteng,2026-05-13 17:41:06,113,113,45,85,,,,,54,31.6,,,
Depok,Cinere - Nafas,2026-05-13 17:40:52,137,137,54,95,,,,,0,0,,,
Bogor,Kabupaten Bogor Leuwiliang,2026-05-13 01:00:00,-,85,46,,4,9,0,80,,,,,
Tangerang,Tangerang Pasir Jaya,2026-05-13 17:00:00,130,130,59,,59,63,0,65,,,,,
Bekasi,Bekasi Kayuringin,2026-05-13 17:00:00,88,88,48,,47,13,0,2,,,,,
Jakarta,The Pakubuwono Menteng,2026-05-13 17:41:06,113,113,45,85,,,,,54,31.6,,,
Depok,Cinere - Nafas,2026-05-13 17:42:52,138,138,55,97,,,,,0,0,,,
Bogor,Kabupaten Bogor Leuwiliang,2026-05-13 01:00:00,-,85,46,,4,9,0,80,,,,,
Tangerang,Tangerang Pasir Jaya,2026-05-13 17:00:00,130,130,59,,59,63,0,65,,,,,
Bekasi,Bekasi Kayuringin,2026-05-13 17:00:00,88,88,48,,47,13,0,2,,,,,
Jakarta,The Pakubuwono Menteng,2026-05-13 17:43:07,113,113,45,85,,,,,54,31.6,,,
Depok,Cinere - Nafas,2026-05-13 17:42:52,138,138,55,97,,,,,0,0,,,
Bogor,Kabupaten Bogor Leuwiliang,2026-05-13 01:00:00,-,85,46,,4,9,0,80,,,,,
Tangerang,Tangerang Pasir Jaya,2026-05-13 17:00:00,130,130,59,,59,63,0,65,,,,,
Bekasi,Bekasi Kayuringin,2026-05-13 17:00:00,88,88,48,,47,13,0,2,,,,,
Jakarta,The Pakubuwono Menteng,2026-05-13 17:45:06,117,117,45,85,,,,,54,31.6,,,
Depok,Cinere - Nafas,2026-05-13 17:44:53,141,141,54,96,,,,,0,0,,,
Bogor,Kabupaten Bogor Leuwiliang,2026-05-13 01:00:00,-,85,46,,4,9,0,80,,,,,
Tangerang,Tangerang Pasir Jaya,2026-05-13 17:00:00,130,130,59,,59,63,0,65,,,,,
Bekasi,Bekasi Kayuringin,2026-05-13 17:00:00,88,88,48,,47,13,0,2,,,,,
Jakarta,The Pakubuwono Menteng,2026-05-13 17:47:07,111,111,43,82,,,,,54,31.6,,,
Depok,Cinere - Nafas,2026-05-13 17:46:53,138,138,54,97,,,,,0,0,,,
Bogor,Kabupaten Bogor Leuwiliang,2026-05-13 01:00:00,-,85,46,,4,9,0,80,,,,,
Tangerang,Tangerang Pasir Jaya,2026-05-13 17:00:00,130,130,59,,59,63,0,65,,,,,
Bekasi,Bekasi Kayuringin,2026-05-13 17:00:00,88,88,48,,47,13,0,2,,,,,
Jakarta,The Pakubuwono Menteng,2026-05-13 17:47:07,111,111,43,82,,,,,54,31.6,,,
Depok,Cinere - Nafas,2026-05-13 17:46:53,138,138,54,97,,,,,0,0,,,
Bogor,Kabupaten Bogor Leuwiliang,2026-05-13 01:00:00,-,85,46,,4,9,0,80,,,,,
Tangerang,Tangerang Pasir Jaya,2026-05-13 17:00:00,130,130,59,,59,63,0,65,,,,,
Bekasi,Bekasi Kayuringin,2026-05-13 17:00:00,88,88,48,,47,13,0,2,,,,,
Jakarta,The Pakubuwono Menteng,2026-05-13 17:47:07,111,111,43,82,,,,,54,31.6,,,
Depok,Cinere - Nafas,2026-05-13 17:47:53,138,138,54,97,,,,,0,0,,,
Bogor,Kabupaten Bogor Leuwiliang,2026-05-13 01:00:00,-,85,46,,4,9,0,80,,,,,
Tangerang,Tangerang Pasir Jaya,2026-05-13 17:00:00,130,130,59,,59,63,0,65,,,,,
Bekasi,Bekasi Kayuringin,2026-05-13 17:00:00,88,88,48,,47,13,0,2,,,,,
Jakarta,The Pakubuwono Menteng,2026-05-13 17:50:06,112,112,44,84,,,,,55,31.6,,,
Depok,Cinere - Nafas,2026-05-13 17:49:53,136,136,54,96,,,,,0,0,,,
Bogor,Kabupaten Bogor Leuwiliang,2026-05-13 01:00:00,-,85,46,,4,9,0,80,,,,,
Tangerang,Tangerang Pasir Jaya,2026-05-13 17:00:00,130,130,59,,59,63,0,65,,,,,
Bekasi,Bekasi Kayuringin,2026-05-13 17:00:00,88,88,48,,47,13,0,2,,,,,
Jakarta,The Pakubuwono Menteng,2026-05-13 17:50:06,112,112,44,84,,,,,55,31.6,,,
Depok,Cinere - Nafas,2026-05-13 17:49:53,136,136,54,96,,,,,0,0,,,
Bogor,Kabupaten Bogor Leuwiliang,2026-05-13 01:00:00,-,85,46,,4,9,0,80,,,,,
Tangerang,Tangerang Pasir Jaya,2026-05-13 17:00:00,130,130,59,,59,63,0,65,,,,,
Bekasi,Bekasi Kayuringin,2026-05-13 17:00:00,88,88,48,,47,13,0,2,,,,,
Jakarta,The Pakubuwono Menteng,2026-05-13 17:51:06,115,115,44,84,,,,,55,31.6,,,
Depok,Cinere - Nafas,2026-05-13 17:50:53,140,140,54,96,,,,,0,0,,,
Bogor,Kabupaten Bogor Leuwiliang,2026-05-13 01:00:00,-,85,46,,4,9,0,80,,,,,
Tangerang,Tangerang Pasir Jaya,2026-05-13 17:00:00,130,130,59,,59,63,0,65,,,,,
Bekasi,Bekasi Kayuringin,2026-05-13 17:00:00,88,88,48,,47,13,0,2,,,,,
Jakarta,The Pakubuwono Menteng,2026-05-13 17:53:07,112,112,44,85,,,,,55,31.5,,,
Depok,Cinere - Nafas,2026-05-13 17:53:53,143,143,55,99,,,,,0,0,,,
Bogor,Kabupaten Bogor Leuwiliang,2026-05-13 01:00:00,-,85,46,,4,9,0,80,,,,,
Tangerang,Tangerang Pasir Jaya,2026-05-13 17:00:00,130,130,59,,59,63,0,65,,,,,
Bekasi,Bekasi Kayuringin,2026-05-13 17:00:00,88,88,48,,47,13,0,2,,,,,
Jakarta,The Pakubuwono Menteng,2026-05-13 17:53:07,112,112,44,85,,,,,55,31.5,,,
Depok,Cinere - Nafas,2026-05-13 17:55:53,135,135,53,96,,,,,0,0,,,
Bogor,Kabupaten Bogor Leuwiliang,2026-05-13 01:00:00,-,85,46,,4,9,0,80,,,,,
Tangerang,Tangerang Pasir Jaya,2026-05-13 17:00:00,130,130,59,,59,63,0,65,,,,,
Bekasi,Bekasi Kayuringin,2026-05-13 17:00:00,88,88,48,,47,13,0,2,,,,,
Jakarta,The Pakubuwono Menteng,2026-05-13 17:56:06,115,115,45,84,,,,,55,31.5,,,
Depok,Cinere - Nafas,2026-05-13 17:56:53,138,138,54,95,,,,,0,0,,,
Bogor,Kabupaten Bogor Leuwiliang,2026-05-13 01:00:00,-,85,46,,4,9,0,80,,,,,
Tangerang,Tangerang Pasir Jaya,2026-05-13 17:00:00,130,130,59,,59,63,0,65,,,,,
Bekasi,Bekasi Kayuringin,2026-05-13 17:00:00,88,88,48,,47,13,0,2,,,,,
Jakarta,The Pakubuwono Menteng,2026-05-13 17:56:06,115,115,45,84,,,,,55,31.5,,,
Depok,Cinere - Nafas,2026-05-13 17:56:53,138,138,54,95,,,,,0,0,,,
Bogor,Kabupaten Bogor Leuwiliang,2026-05-13 01:00:00,-,85,46,,4,9,0,80,,,,,
Tangerang,Tangerang Pasir Jaya,2026-05-13 17:00:00,130,130,59,,59,63,0,65,,,,,
Bekasi,Bekasi Kayuringin,2026-05-13 17:00:00,88,88,48,,47,13,0,2,,,,,
Jakarta,The Pakubuwono Menteng,2026-05-13 17:58:07,115,115,45,84,,,,,55,31.5,,,
Depok,Cinere - Nafas,2026-05-13 17:58:53,136,136,53,96,,,,,0,0,,,
Bogor,Kabupaten Bogor Leuwiliang,2026-05-13 01:00:00,-,85,46,,4,9,0,80,,,,,
Tangerang,Tangerang Pasir Jaya,2026-05-13 17:00:00,130,130,59,,59,63,0,65,,,,,
Bekasi,Bekasi Kayuringin,2026-05-13 17:00:00,88,88,48,,47,13,0,2,,,,,
Jakarta,The Pakubuwono Menteng,2026-05-13 17:58:07,115,115,45,84,,,,,55,31.5,,,
Depok,Cinere - Nafas,2026-05-13 17:58:53,136,136,53,96,,,,,0,0,,,
Bogor,Kabupaten Bogor Leuwiliang,2026-05-13 01:00:00,-,85,46,,4,9,0,80,,,,,
Tangerang,Tangerang Pasir Jaya,2026-05-13 17:00:00,130,130,59,,59,63,0,65,,,,,
Bekasi,Bekasi Kayuringin,2026-05-13 17:00:00,88,88,48,,47,13,0,2,,,,,
Jakarta,The Pakubuwono Menteng,2026-05-13 18:00:07,116,116,45,86,,,,,55,31.4,,,
Depok,Cinere - Nafas,2026-05-13 18:00:53,136,136,54,97,,,,,0,0,,,
Bogor,Kabupaten Bogor Leuwiliang,2026-05-13 01:00:00,-,85,46,,4,9,0,80,,,,,
Tangerang,Tangerang Pasir Jaya,2026-05-13 17:00:00,130,130,59,,59,63,0,65,,,,,
Bekasi,Bekasi Kayuringin,2026-05-13 17:00:00,88,88,48,,47,13,0,2,,,,,
Jakarta,The Pakubuwono Menteng,2026-05-13 18:01:07,114,114,45,84,,,,,56,31.4,,,
Depok,Cinere - Nafas,2026-05-13 18:01:53,136,136,54,96,,,,,0,0,,,
Bogor,Kabupaten Bogor Leuwiliang,2026-05-13 01:00:00,-,85,46,,4,9,0,80,,,,,
Tangerang,Tangerang Pasir Jaya,2026-05-13 17:00:00,130,130,59,,59,63,0,65,,,,,
Bekasi,Bekasi Kayuringin,2026-05-13 17:00:00,88,88,48,,47,13,0,2,,,,,
Jakarta,The Pakubuwono Menteng,2026-05-13 18:01:07,114,114,45,84,,,,,56,31.4,,,
Depok,Cinere - Nafas,2026-05-13 18:01:53,136,136,54,96,,,,,0,0,,,
Bogor,Kabupaten Bogor Leuwiliang,2026-05-13 01:00:00,-,85,46,,4,9,0,80,,,,,
Tangerang,Tangerang Pasir Jaya,2026-05-13 17:00:00,130,130,59,,59,63,0,65,,,,,
Bekasi,Bekasi Kayuringin,2026-05-13 17:00:00,88,88,48,,47,13,0,2,,,,,
Jakarta,The Pakubuwono Menteng,2026-05-13 18:04:10,113,113,44,83,,,,,56,31.4,,,
Depok,Cinere - Nafas,2026-05-13 18:03:53,136,136,53,94,,,,,0,0,,,
Bogor,Kabupaten Bogor Leuwiliang,2026-05-13 01:00:00,-,85,46,,4,9,0,80,,,,,
Tangerang,Tangerang Pasir Jaya,2026-05-13 18:00:00,130,130,59,,59,63,0,65,,,,,
Bekasi,Bekasi Kayuringin,2026-05-13 18:00:00,88,88,48,,47,13,0,2,,,,,
Jakarta,The Pakubuwono Menteng,2026-05-13 18:04:10,113,113,44,83,,,,,56,31.4,,,
Depok,Cinere - Nafas,2026-05-13 18:04:53,135,135,53,96,,,,,0,0,,,
Bogor,Kabupaten Bogor Leuwiliang,2026-05-13 01:00:00,-,85,46,,4,9,0,80,,,,,
Tangerang,Tangerang Pasir Jaya,2026-05-13 18:00:00,130,130,59,,59,63,0,65,,,,,
Bekasi,Bekasi Kayuringin,2026-05-13 18:00:00,88,88,48,,47,13,0,2,,,,,
Jakarta,The Pakubuwono Menteng,2026-05-13 18:04:10,113,113,44,83,,,,,56,31.4,,,
Depok,Cinere - Nafas,2026-05-13 18:04:53,135,135,53,96,,,,,0,0,,,
Bogor,Kabupaten Bogor Leuwiliang,2026-05-13 01:00:00,-,85,46,,4,9,0,80,,,,,
Tangerang,Tangerang Pasir Jaya,2026-05-13 18:00:00,130,130,59,,59,63,0,65,,,,,
Bekasi,Bekasi Kayuringin,2026-05-13 18:00:00,88,88,48,,47,13,0,2,,,,,
Jakarta,The Pakubuwono Menteng,2026-05-13 18:06:07,117,117,45,84,,,,,56,31.4,,,
Depok,Cinere - Nafas,2026-05-13 18:05:53,135,135,53,96,,,,,0,0,,,
Bogor,Kabupaten Bogor Leuwiliang,2026-05-13 01:00:00,-,85,46,,4,9,0,80,,,,,
Tangerang,Tangerang Pasir Jaya,2026-05-13 18:00:00,130,130,59,,59,63,0,65,,,,,
Bekasi,Bekasi Kayuringin,2026-05-13 18:00:00,88,88,48,,47,13,0,2,,,,,
Jakarta,The Pakubuwono Menteng,2026-05-13 18:06:07,117,117,45,84,,,,,56,31.4,,,
Depok,Cinere - Nafas,2026-05-13 18:05:53,135,135,53,96,,,,,0,0,,,
Bogor,Kabupaten Bogor Leuwiliang,2026-05-13 01:00:00,-,85,46,,4,9,0,80,,,,,
Tangerang,Tangerang Pasir Jaya,2026-05-13 18:00:00,130,130,59,,59,63,0,65,,,,,
Bekasi,Bekasi Kayuringin,2026-05-13 18:00:00,88,88,48,,47,13,0,2,,,,,
Jakarta,The Pakubuwono Menteng,2026-05-13 18:06:07,117,117,45,84,,,,,56,31.4,,,
Depok,Cinere - Nafas,2026-05-13 18:05:53,135,135,53,96,,,,,0,0,,,
Bogor,Kabupaten Bogor Leuwiliang,2026-05-13 01:00:00,-,85,46,,4,9,0,80,,,,,
Tangerang,Tangerang Pasir Jaya,2026-05-13 18:00:00,130,130,59,,59,63,0,65,,,,,
Bekasi,Bekasi Kayuringin,2026-05-13 18:00:00,88,88,48,,47,13,0,2,,,,,
Jakarta,The Pakubuwono Menteng,2026-05-13 18:06:07,117,117,45,84,,,,,56,31.4,,,
Depok,Cinere - Nafas,2026-05-13 18:10:53,143,143,55,101,,,,,0,0,,,
Bogor,Kabupaten Bogor Leuwiliang,2026-05-13 01:00:00,-,85,46,,4,9,0,80,,,,,
Tangerang,Tangerang Pasir Jaya,2026-05-13 18:00:00,130,130,59,,59,63,0,65,,,,,
Bekasi,Bekasi Kayuringin,2026-05-13 18:00:00,88,88,48,,47,13,0,2,,,,,
Jakarta,The Pakubuwono Menteng,2026-05-13 18:06:07,117,117,45,84,,,,,56,31.4,,,
Depok,Cinere - Nafas,2026-05-13 18:10:53,143,143,55,101,,,,,0,0,,,
Bogor,Kabupaten Bogor Leuwiliang,2026-05-13 01:00:00,-,85,46,,4,9,0,80,,,,,
Tangerang,Tangerang Pasir Jaya,2026-05-13 18:00:00,130,130,59,,59,63,0,65,,,,,
Bekasi,Bekasi Kayuringin,2026-05-13 18:00:00,88,88,48,,47,13,0,2,,,,,
Jakarta,The Pakubuwono Menteng,2026-05-13 18:11:07,119,119,47,85,,,,,55,31.4,,,
Depok,Cinere - Nafas,2026-05-13 18:10:53,143,143,55,101,,,,,0,0,,,
Bogor,Kabupaten Bogor Leuwiliang,2026-05-13 01:00:00,-,85,46,,4,9,0,80,,,,,
Tangerang,Tangerang Pasir Jaya,2026-05-13 18:00:00,130,130,59,,59,63,0,65,,,,,
Bekasi,Bekasi Kayuringin,2026-05-13 18:00:00,88,88,48,,47,13,0,2,,,,,
Jakarta,The Pakubuwono Menteng,2026-05-13 18:11:07,119,119,47,85,,,,,55,31.4,,,
Depok,Cinere - Nafas,2026-05-13 18:10:53,143,143,55,101,,,,,0,0,,,
Bogor,Kabupaten Bogor Leuwiliang,2026-05-13 01:00:00,-,85,46,,4,9,0,80,,,,,
Tangerang,Tangerang Pasir Jaya,2026-05-13 18:00:00,130,130,59,,59,63,0,65,,,,,
Bekasi,Bekasi Kayuringin,2026-05-13 18:00:00,88,88,48,,47,13,0,2,,,,,
Jakarta,The Pakubuwono Menteng,2026-05-13 18:11:07,119,119,47,85,,,,,55,31.4,,,
Depok,Cinere - Nafas,2026-05-13 18:10:53,143,143,55,101,,,,,0,0,,,
Bogor,Kabupaten Bogor Leuwiliang,2026-05-13 01:00:00,-,85,46,,4,9,0,80,,,,,
Tangerang,Tangerang Pasir Jaya,2026-05-13 18:00:00,130,130,59,,59,63,0,65,,,,,
Bekasi,Bekasi Kayuringin,2026-05-13 18:00:00,88,88,48,,47,13,0,2,,,,,
Jakarta,The Pakubuwono Menteng,2026-05-13 18:17:07,120,120,48,87,,,,,55,31.4,,,
Depok,Cinere - Nafas,2026-05-13 18:17:53,144,144,56,99,,,,,0,0,,,
Bogor,Kabupaten Bogor Leuwiliang,2026-05-13 01:00:00,-,85,46,,4,9,0,80,,,,,
Tangerang,Tangerang Pasir Jaya,2026-05-13 18:00:00,130,130,59,,59,63,0,65,,,,,
Bekasi,Bekasi Kayuringin,2026-05-13 18:00:00,88,88,48,,47,13,0,2,,,,,
Jakarta,The Pakubuwono Menteng,2026-05-13 18:19:07,119,119,47,86,,,,,55,31.4,,,
Depok,Cinere - Nafas,2026-05-13 18:19:53,144,144,56,100,,,,,0,0,,,
Bogor,Kabupaten Bogor Leuwiliang,2026-05-13 01:00:00,-,85,46,,4,9,0,80,,,,,
Tangerang,Tangerang Pasir Jaya,2026-05-13 18:00:00,130,130,59,,59,63,0,65,,,,,
Bekasi,Bekasi Kayuringin,2026-05-13 18:00:00,88,88,48,,47,13,0,2,,,,,
Jakarta,The Pakubuwono Menteng,2026-05-13 18:21:07,115,115,45,85,,,,,55,31.4,,,
Depok,Cinere - Nafas,2026-05-13 18:21:53,153,153,58,114,,,,,0,0,,,
Bogor,Kabupaten Bogor Leuwiliang,2026-05-13 01:00:00,-,85,46,,4,9,0,80,,,,,
Tangerang,Tangerang Pasir Jaya,2026-05-13 18:00:00,130,130,59,,59,63,0,65,,,,,
Bekasi,Bekasi Kayuringin,2026-05-13 18:00:00,88,88,48,,47,13,0,2,,,,,
Jakarta,The Pakubuwono Menteng,2026-05-13 18:21:07,115,115,45,85,,,,,55,31.4,,,
Depok,Cinere - Nafas,2026-05-13 18:21:53,153,153,58,114,,,,,0,0,,,
Bogor,Kabupaten Bogor Leuwiliang,2026-05-13 01:00:00,-,85,46,,4,9,0,80,,,,,
Tangerang,Tangerang Pasir Jaya,2026-05-13 18:00:00,130,130,59,,59,63,0,65,,,,,
Bekasi,Bekasi Kayuringin,2026-05-13 18:00:00,88,88,48,,47,13,0,2,,,,,
Jakarta,The Pakubuwono Menteng,2026-05-13 18:22:07,119,119,47,86,,,,,55,31.4,,,
Depok,Cinere - Nafas,2026-05-13 18:22:54,151,151,58,111,,,,,0,0,,,
Bogor,Kabupaten Bogor Leuwiliang,2026-05-13 01:00:00,-,85,46,,4,9,0,80,,,,,
Tangerang,Tangerang Pasir Jaya,2026-05-13 18:00:00,130,130,59,,59,63,0,65,,,,,
Bekasi,Bekasi Kayuringin,2026-05-13 18:00:00,88,88,48,,47,13,0,2,,,,,
Jakarta,The Pakubuwono Menteng,2026-05-13 18:22:07,119,119,47,86,,,,,55,31.4,,,
Depok,Cinere - Nafas,2026-05-13 18:22:54,151,151,58,111,,,,,0,0,,,
Bogor,Kabupaten Bogor Leuwiliang,2026-05-13 01:00:00,-,85,46,,4,9,0,80,,,,,
Tangerang,Tangerang Pasir Jaya,2026-05-13 18:00:00,130,130,59,,59,63,0,65,,,,,
Bekasi,Bekasi Kayuringin,2026-05-13 18:00:00,88,88,48,,47,13,0,2,,,,,
Jakarta,The Pakubuwono Menteng,2026-05-13 18:24:07,116,116,46,86,,,,,55,31.4,,,
Depok,Cinere - Nafas,2026-05-13 18:24:53,150,150,57,105,,,,,0,0,,,
Bogor,Kabupaten Bogor Leuwiliang,2026-05-13 01:00:00,-,85,46,,4,9,0,80,,,,,
Tangerang,Tangerang Pasir Jaya,2026-05-13 18:00:00,130,130,59,,59,63,0,65,,,,,
Bekasi,Bekasi Kayuringin,2026-05-13 18:00:00,88,88,48,,47,13,0,2,,,,,
Jakarta,The Pakubuwono Menteng,2026-05-13 18:26:07,118,118,48,86,,,,,55,31.4,,,
Depok,Cinere - Nafas,2026-05-13 18:26:53,141,141,56,101,,,,,0,0,,,
Bogor,Kabupaten Bogor Leuwiliang,2026-05-13 01:00:00,-,85,46,,4,9,0,80,,,,,
Tangerang,Tangerang Pasir Jaya,2026-05-13 18:00:00,130,130,59,,59,63,0,65,,,,,
Bekasi,Bekasi Kayuringin,2026-05-13 18:00:00,88,88,48,,47,13,0,2,,,,,
Jakarta,The Pakubuwono Menteng,2026-05-13 18:26:07,118,118,48,86,,,,,55,31.4,,,
Depok,Cinere - Nafas,2026-05-13 18:26:53,141,141,56,101,,,,,0,0,,,
Bogor,Kabupaten Bogor Leuwiliang,2026-05-13 01:00:00,-,85,46,,4,9,0,80,,,,,
Tangerang,Tangerang Pasir Jaya,2026-05-13 18:00:00,130,130,59,,59,63,0,65,,,,,
Bekasi,Bekasi Kayuringin,2026-05-13 18:00:00,88,88,48,,47,13,0,2,,,,,
Jakarta,The Pakubuwono Menteng,2026-05-13 18:27:07,118,118,46,86,,,,,55,31.4,,,
Depok,Cinere - Nafas,2026-05-13 18:29:53,150,150,56,104,,,,,0,0,,,
Bogor,Kabupaten Bogor Leuwiliang,2026-05-13 01:00:00,-,85,46,,4,9,0,80,,,,,
Tangerang,Tangerang Pasir Jaya,2026-05-13 18:00:00,130,130,59,,59,63,0,65,,,,,
Bekasi,Bekasi Kayuringin,2026-05-13 18:00:00,88,88,48,,47,13,0,2,,,,,
Jakarta,The Pakubuwono Menteng,2026-05-13 18:29:07,118,118,45,86,,,,,55,31.4,,,
Depok,Cinere - Nafas,2026-05-13 18:29:53,150,150,56,104,,,,,0,0,,,
Bogor,Kabupaten Bogor Leuwiliang,2026-05-13 01:00:00,-,85,46,,4,9,0,80,,,,,
Tangerang,Tangerang Pasir Jaya,2026-05-13 18:00:00,130,130,59,,59,63,0,65,,,,,
Bekasi,Bekasi Kayuringin,2026-05-13 18:00:00,88,88,48,,47,13,0,2,,,,,
Jakarta,The Pakubuwono Menteng,2026-05-13 18:31:07,116,116,45,85,,,,,55,31.4,,,
Depok,Cinere - Nafas,2026-05-13 18:31:53,150,150,56,103,,,,,0,0,,,
Bogor,Kabupaten Bogor Leuwiliang,2026-05-13 01:00:00,-,85,46,,4,9,0,80,,,,,
Tangerang,Tangerang Pasir Jaya,2026-05-13 18:00:00,130,130,59,,59,63,0,65,,,,,
Bekasi,Bekasi Kayuringin,2026-05-13 18:00:00,88,88,48,,47,13,0,2,,,,,
Jakarta,The Pakubuwono Menteng,2026-05-13 18:32:07,118,118,45,86,,,,,55,31.4,,,
Depok,Cinere - Nafas,2026-05-13 18:32:53,151,151,57,106,,,,,0,0,,,
Bogor,Kabupaten Bogor Leuwiliang,2026-05-13 01:00:00,-,85,46,,4,9,0,80,,,,,
Tangerang,Tangerang Pasir Jaya,2026-05-13 18:00:00,130,130,59,,59,63,0,65,,,,,
Bekasi,Bekasi Kayuringin,2026-05-13 18:00:00,88,88,48,,47,13,0,2,,,,,
Jakarta,The Pakubuwono Menteng,2026-05-13 18:34:07,118,118,47,87,,,,,55,31.4,,,
Depok,Cinere - Nafas,2026-05-13 18:34:53,152,152,58,111,,,,,0,0,,,
Bogor,Kabupaten Bogor Leuwiliang,2026-05-13 01:00:00,-,85,46,,4,9,0,80,,,,,
Tangerang,Tangerang Pasir Jaya,2026-05-13 18:00:00,130,130,59,,59,63,0,65,,,,,
Bekasi,Bekasi Kayuringin,2026-05-13 18:00:00,88,88,48,,47,13,0,2,,,,,
Jakarta,The Pakubuwono Menteng,2026-05-13 18:34:07,118,118,47,87,,,,,55,31.4,,,
Depok,Cinere - Nafas,2026-05-13 18:34:53,152,152,58,111,,,,,0,0,,,
Bogor,Kabupaten Bogor Leuwiliang,2026-05-13 01:00:00,-,85,46,,4,9,0,80,,,,,
Tangerang,Tangerang Pasir Jaya,2026-05-13 18:00:00,130,130,59,,59,63,0,65,,,,,
Bekasi,Bekasi Kayuringin,2026-05-13 18:00:00,88,88,48,,47,13,0,2,,,,,
Jakarta,The Pakubuwono Menteng,2026-05-13 18:35:07,118,118,47,85,,,,,55,31.4,,,
Depok,Cinere - Nafas,2026-05-13 18:35:53,151,151,57,107,,,,,0,0,,,
Bogor,Kabupaten Bogor Leuwiliang,2026-05-13 01:00:00,-,85,46,,4,9,0,80,,,,,
Tangerang,Tangerang Pasir Jaya,2026-05-13 18:00:00,130,130,59,,59,63,0,65,,,,,
Bekasi,Bekasi Kayuringin,2026-05-13 18:00:00,88,88,48,,47,13,0,2,,,,,
Jakarta,The Pakubuwono Menteng,2026-05-13 18:37:07,116,116,45,87,,,,,55,31.4,,,
Depok,Cinere - Nafas,2026-05-13 18:37:53,145,145,56,100,,,,,0,0,,,
Bogor,Kabupaten Bogor Leuwiliang,2026-05-13 01:00:00,-,85,46,,4,9,0,80,,,,,
Tangerang,Tangerang Pasir Jaya,2026-05-13 18:00:00,130,130,59,,59,63,0,65,,,,,
Bekasi,Bekasi Kayuringin,2026-05-13 18:00:00,88,88,48,,47,13,0,2,,,,,
Jakarta,The Pakubuwono Menteng,2026-05-13 18:37:07,116,116,45,87,,,,,55,31.4,,,
Depok,Cinere - Nafas,2026-05-13 18:37:53,145,145,56,100,,,,,0,0,,,
Bogor,Kabupaten Bogor Leuwiliang,2026-05-13 01:00:00,-,85,46,,4,9,0,80,,,,,
Tangerang,Tangerang Pasir Jaya,2026-05-13 18:00:00,130,130,59,,59,63,0,65,,,,,
Bekasi,Bekasi Kayuringin,2026-05-13 18:00:00,88,88,48,,47,13,0,2,,,,,
Jakarta,The Pakubuwono Menteng,2026-05-13 18:39:07,118,118,47,87,,,,,55,31.4,,,
Depok,Cinere - Nafas,2026-05-13 18:39:53,142,142,56,99,,,,,0,0,,,
Bogor,Kabupaten Bogor Leuwiliang,2026-05-13 01:00:00,-,85,46,,4,9,0,80,,,,,
Tangerang,Tangerang Pasir Jaya,2026-05-13 18:00:00,130,130,59,,59,63,0,65,,,,,
Bekasi,Bekasi Kayuringin,2026-05-13 18:00:00,88,88,48,,47,13,0,2,,,,,
Jakarta,The Pakubuwono Menteng,2026-05-13 18:41:07,116,116,47,86,,,,,55,31.4,,,
Depok,Cinere - Nafas,2026-05-13 18:41:53,143,143,56,97,,,,,0,0,,,
Bogor,Kabupaten Bogor Leuwiliang,2026-05-13 01:00:00,-,85,46,,4,9,0,80,,,,,
Tangerang,Tangerang Pasir Jaya,2026-05-13 18:00:00,130,130,59,,59,63,0,65,,,,,
Bekasi,Bekasi Kayuringin,2026-05-13 18:00:00,88,88,48,,47,13,0,2,,,,,
Jakarta,The Pakubuwono Menteng,2026-05-13 18:42:07,114,114,45,85,,,,,55,31.4,,,
Depok,Cinere - Nafas,2026-05-13 18:42:54,139,139,54,95,,,,,0,0,,,
Bogor,Kabupaten Bogor Leuwiliang,2026-05-13 01:00:00,-,85,46,,4,9,0,80,,,,,
Tangerang,Tangerang Pasir Jaya,2026-05-13 18:00:00,130,130,59,,59,63,0,65,,,,,
Bekasi,Bekasi Kayuringin,2026-05-13 18:00:00,88,88,48,,47,13,0,2,,,,,
Jakarta,The Pakubuwono Menteng,2026-05-13 18:42:07,114,114,45,85,,,,,55,31.4,,,
Depok,Cinere - Nafas,2026-05-13 18:42:54,139,139,54,95,,,,,0,0,,,
Bogor,Kabupaten Bogor Leuwiliang,2026-05-13 01:00:00,-,85,46,,4,9,0,80,,,,,
Tangerang,Tangerang Pasir Jaya,2026-05-13 18:00:00,130,130,59,,59,63,0,65,,,,,
Bekasi,Bekasi Kayuringin,2026-05-13 18:00:00,88,88,48,,47,13,0,2,,,,,
Jakarta,The Pakubuwono Menteng,2026-05-13 18:44:09,113,113,45,83,,,,,55,31.4,,,
Depok,Cinere - Nafas,2026-05-13 18:44:54,141,141,55,97,,,,,0,0,,,
Bogor,Kabupaten Bogor Leuwiliang,2026-05-13 01:00:00,-,85,46,,4,9,0,80,,,,,
Tangerang,Tangerang Pasir Jaya,2026-05-13 18:00:00,130,130,59,,59,63,0,65,,,,,
Bekasi,Bekasi Kayuringin,2026-05-13 18:00:00,88,88,48,,47,13,0,2,,,,,
Jakarta,The Pakubuwono Menteng,2026-05-13 18:45:07,123,123,48,87,,,,,55,31.4,,,
Depok,Cinere - Nafas,2026-05-13 18:45:54,140,140,56,97,,,,,0,0,,,
Bogor,Kabupaten Bogor Leuwiliang,2026-05-13 01:00:00,-,85,46,,4,9,0,80,,,,,
Tangerang,Tangerang Pasir Jaya,2026-05-13 18:00:00,130,130,59,,59,63,0,65,,,,,
Bekasi,Bekasi Kayuringin,2026-05-13 18:00:00,88,88,48,,47,13,0,2,,,,,
Jakarta,The Pakubuwono Menteng,2026-05-13 18:45:07,123,123,48,87,,,,,55,31.4,,,
Depok,Cinere - Nafas,2026-05-13 18:45:54,140,140,56,97,,,,,0,0,,,
Bogor,Kabupaten Bogor Leuwiliang,2026-05-13 01:00:00,-,85,46,,4,9,0,80,,,,,
Tangerang,Tangerang Pasir Jaya,2026-05-13 18:00:00,130,130,59,,59,63,0,65,,,,,
Bekasi,Bekasi Kayuringin,2026-05-13 18:00:00,88,88,48,,47,13,0,2,,,,,
Jakarta,The Pakubuwono Menteng,2026-05-13 18:47:07,117,117,47,89,,,,,55,31.4,,,
Depok,Cinere - Nafas,2026-05-13 18:47:53,143,143,56,97,,,,,0,0,,,
Bogor,Kabupaten Bogor Leuwiliang,2026-05-13 01:00:00,-,85,46,,4,9,0,80,,,,,
Tangerang,Tangerang Pasir Jaya,2026-05-13 18:00:00,130,130,59,,59,63,0,65,,,,,
Bekasi,Bekasi Kayuringin,2026-05-13 18:00:00,88,88,48,,47,13,0,2,,,,,
Jakarta,The Pakubuwono Menteng,2026-05-13 18:49:07,120,120,48,88,,,,,55,31.4,,,
Depok,Cinere - Nafas,2026-05-13 18:49:53,151,151,57,102,,,,,0,0,,,
Bogor,Kabupaten Bogor Leuwiliang,2026-05-13 01:00:00,-,85,46,,4,9,0,80,,,,,
Tangerang,Tangerang Pasir Jaya,2026-05-13 18:00:00,130,130,59,,59,63,0,65,,,,,
Bekasi,Bekasi Kayuringin,2026-05-13 18:00:00,88,88,48,,47,13,0,2,,,,,
Jakarta,The Pakubuwono Menteng,2026-05-13 18:49:07,120,120,48,88,,,,,55,31.4,,,
Depok,Cinere - Nafas,2026-05-13 18:49:53,151,151,57,102,,,,,0,0,,,
Bogor,Kabupaten Bogor Leuwiliang,2026-05-13 01:00:00,-,85,46,,4,9,0,80,,,,,
Tangerang,Tangerang Pasir Jaya,2026-05-13 18:00:00,130,130,59,,59,63,0,65,,,,,
Bekasi,Bekasi Kayuringin,2026-05-13 18:00:00,88,88,48,,47,13,0,2,,,,,
Jakarta,The Pakubuwono Menteng,2026-05-13 18:50:07,119,119,47,87,,,,,55,31.3,,,
Depok,Cinere - Nafas,2026-05-13 18:52:54,150,150,57,101,,,,,0,0,,,
Bogor,Kabupaten Bogor Leuwiliang,2026-05-13 01:00:00,-,85,46,,4,9,0,80,,,,,
Tangerang,Tangerang Pasir Jaya,2026-05-13 18:00:00,130,130,59,,59,63,0,65,,,,,
Bekasi,Bekasi Kayuringin,2026-05-13 18:00:00,88,88,48,,47,13,0,2,,,,,
Jakarta,The Pakubuwono Menteng,2026-05-13 18:50:07,119,119,47,87,,,,,55,31.3,,,
Depok,Cinere - Nafas,2026-05-13 18:52:54,150,150,57,101,,,,,0,0,,,
Bogor,Kabupaten Bogor Leuwiliang,2026-05-13 01:00:00,-,85,46,,4,9,0,80,,,,,
Tangerang,Tangerang Pasir Jaya,2026-05-13 18:00:00,130,130,59,,59,63,0,65,,,,,
Bekasi,Bekasi Kayuringin,2026-05-13 18:00:00,88,88,48,,47,13,0,2,,,,,
Jakarta,The Pakubuwono Menteng,2026-05-13 18:54:08,118,118,47,88,,,,,55,31.3,,,
Depok,Cinere - Nafas,2026-05-13 18:53:53,147,147,56,103,,,,,0,0,,,
Bogor,Kabupaten Bogor Leuwiliang,2026-05-13 01:00:00,-,85,46,,4,9,0,80,,,,,
Tangerang,Tangerang Pasir Jaya,2026-05-13 18:00:00,130,130,59,,59,63,0,65,,,,,
Bekasi,Bekasi Kayuringin,2026-05-13 18:00:00,88,88,48,,47,13,0,2,,,,,
Jakarta,The Pakubuwono Menteng,2026-05-13 18:56:08,120,120,47,87,,,,,56,31.3,,,
Depok,Cinere - Nafas,2026-05-13 18:55:54,152,152,58,110,,,,,0,0,,,
Bogor,Kabupaten Bogor Leuwiliang,2026-05-13 01:00:00,-,85,46,,4,9,0,80,,,,,
Tangerang,Tangerang Pasir Jaya,2026-05-13 18:00:00,130,130,59,,59,63,0,65,,,,,
Bekasi,Bekasi Kayuringin,2026-05-13 18:00:00,88,88,48,,47,13,0,2,,,,,
Jakarta,The Pakubuwono Menteng,2026-05-13 18:56:08,120,120,47,87,,,,,56,31.3,,,
Depok,Cinere - Nafas,2026-05-13 18:55:54,152,152,58,110,,,,,0,0,,,
Bogor,Kabupaten Bogor Leuwiliang,2026-05-13 01:00:00,-,85,46,,4,9,0,80,,,,,
Tangerang,Tangerang Pasir Jaya,2026-05-13 18:00:00,130,130,59,,59,63,0,65,,,,,
Bekasi,Bekasi Kayuringin,2026-05-13 18:00:00,88,88,48,,47,13,0,2,,,,,
Jakarta,The Pakubuwono Menteng,2026-05-13 18:57:08,120,120,49,87,,,,,56,31.4,,,
Depok,Cinere - Nafas,2026-05-13 18:56:54,150,150,57,107,,,,,0,0,,,
Bogor,Kabupaten Bogor Leuwiliang,2026-05-13 01:00:00,-,85,46,,4,9,0,80,,,,,
Tangerang,Tangerang Pasir Jaya,2026-05-13 18:00:00,130,130,59,,59,63,0,65,,,,,
Bekasi,Bekasi Kayuringin,2026-05-13 18:00:00,88,88,48,,47,13,0,2,,,,,
Jakarta,The Pakubuwono Menteng,2026-05-13 18:57:08,120,120,49,87,,,,,56,31.4,,,
Depok,Cinere - Nafas,2026-05-13 18:56:54,150,150,57,107,,,,,0,0,,,
Bogor,Kabupaten Bogor Leuwiliang,2026-05-13 01:00:00,-,85,46,,4,9,0,80,,,,,
Tangerang,Tangerang Pasir Jaya,2026-05-13 18:00:00,130,130,59,,59,63,0,65,,,,,
Bekasi,Bekasi Kayuringin,2026-05-13 18:00:00,88,88,48,,47,13,0,2,,,,,
Jakarta,The Pakubuwono Menteng,2026-05-13 18:58:08,118,118,45,85,,,,,56,31.4,,,
Depok,Cinere - Nafas,2026-05-13 18:57:54,150,150,57,106,,,,,0,0,,,
Bogor,Kabupaten Bogor Leuwiliang,2026-05-13 01:00:00,-,85,46,,4,9,0,80,,,,,
Tangerang,Tangerang Pasir Jaya,2026-05-13 18:00:00,130,130,59,,59,63,0,65,,,,,
Bekasi,Bekasi Kayuringin,2026-05-13 18:00:00,88,88,48,,47,13,0,2,,,,,
Jakarta,The Pakubuwono Menteng,2026-05-13 19:01:08,120,120,49,86,,,,,56,31.4,,,
Depok,Cinere - Nafas,2026-05-13 19:00:54,156,156,60,120,,,,,0,0,,,
Bogor,Kabupaten Bogor Leuwiliang,2026-05-13 01:00:00,-,85,46,,4,9,0,80,,,,,
Tangerang,Tangerang Pasir Jaya,2026-05-13 18:00:00,130,130,59,,59,63,0,65,,,,,
Bekasi,Bekasi Kayuringin,2026-05-13 18:00:00,88,88,48,,47,13,0,2,,,,,
Jakarta,The Pakubuwono Menteng,2026-05-13 19:01:08,120,120,49,86,,,,,56,31.4,,,
Depok,Cinere - Nafas,2026-05-13 19:02:54,152,152,58,114,,,,,0,0,,,
Bogor,Kabupaten Bogor Leuwiliang,2026-05-13 01:00:00,-,85,46,,4,9,0,80,,,,,
Tangerang,Tangerang Pasir Jaya,2026-05-13 18:00:00,130,130,59,,59,63,0,65,,,,,
Bekasi,Bekasi Kayuringin,2026-05-13 18:00:00,88,88,48,,47,13,0,2,,,,,
Jakarta,The Pakubuwono Menteng,2026-05-13 19:03:08,119,119,48,88,,,,,56,31.4,,,
Depok,Cinere - Nafas,2026-05-13 19:02:54,152,152,58,114,,,,,0,0,,,
Bogor,Kabupaten Bogor Leuwiliang,2026-05-13 01:00:00,-,85,46,,4,9,0,80,,,,,
Tangerang,Tangerang Pasir Jaya,2026-05-13 18:00:00,130,130,59,,59,63,0,65,,,,,
Bekasi,Bekasi Kayuringin,2026-05-13 18:00:00,88,88,48,,47,13,0,2,,,,,
Jakarta,The Pakubuwono Menteng,2026-05-13 19:05:08,119,119,47,89,,,,,56,31.4,,,
Depok,Cinere - Nafas,2026-05-13 19:04:54,141,141,54,98,,,,,0,0,,,
Bogor,Kabupaten Bogor Leuwiliang,2026-05-13 01:00:00,-,85,46,,4,9,0,80,,,,,
Tangerang,Tangerang Pasir Jaya,2026-05-13 19:00:00,133,133,60,,59,63,0,65,,,,,
Bekasi,Bekasi Kayuringin,2026-05-13 19:00:00,91,91,49,,45,13,0,2,,,,,
Jakarta,The Pakubuwono Menteng,2026-05-13 19:07:08,118,118,46,87,,,,,56,31.4,,,
Depok,Cinere - Nafas,2026-05-13 19:06:56,142,142,56,100,,,,,0,0,,,
Bogor,Kabupaten Bogor Leuwiliang,2026-05-13 01:00:00,-,85,46,,4,9,0,80,,,,,
Tangerang,Tangerang Pasir Jaya,2026-05-13 19:00:00,133,133,60,,59,63,0,65,,,,,
Bekasi,Bekasi Kayuringin,2026-05-13 19:00:00,91,91,49,,45,13,0,2,,,,,
Jakarta,The Pakubuwono Menteng,2026-05-13 19:07:08,118,118,46,87,,,,,56,31.4,,,
Depok,Cinere - Nafas,2026-05-13 19:06:56,142,142,56,100,,,,,0,0,,,
Bogor,Kabupaten Bogor Leuwiliang,2026-05-13 01:00:00,-,85,46,,4,9,0,80,,,,,
Tangerang,Tangerang Pasir Jaya,2026-05-13 19:00:00,133,133,60,,59,63,0,65,,,,,
Bekasi,Bekasi Kayuringin,2026-05-13 19:00:00,91,91,49,,45,13,0,2,,,,,
Jakarta,The Pakubuwono Menteng,2026-05-13 19:09:08,116,116,45,86,,,,,56,31.4,,,
Depok,Cinere - Nafas,2026-05-13 19:08:54,141,141,56,99,,,,,0,0,,,
Bogor,Kabupaten Bogor Leuwiliang,2026-05-13 01:00:00,-,85,46,,4,9,0,80,,,,,
Tangerang,Tangerang Pasir Jaya,2026-05-13 19:00:00,133,133,60,,59,63,0,65,,,,,
Bekasi,Bekasi Kayuringin,2026-05-13 19:00:00,91,91,49,,45,13,0,2,,,,,
Jakarta,The Pakubuwono Menteng,2026-05-13 19:10:08,116,116,45,86,,,,,56,31.4,,,
Depok,Cinere - Nafas,2026-05-13 19:09:54,143,143,55,100,,,,,0,0,,,
Bogor,Kabupaten Bogor Leuwiliang,2026-05-13 01:00:00,-,85,46,,4,9,0,80,,,,,
Tangerang,Tangerang Pasir Jaya,2026-05-13 19:00:00,133,133,60,,59,63,0,65,,,,,
Bekasi,Bekasi Kayuringin,2026-05-13 19:00:00,91,91,49,,45,13,0,2,,,,,
Jakarta,The Pakubuwono Menteng,2026-05-13 19:10:08,116,116,45,86,,,,,56,31.4,,,
Depok,Cinere - Nafas,2026-05-13 19:09:54,143,143,55,100,,,,,0,0,,,
Bogor,Kabupaten Bogor Leuwiliang,2026-05-13 01:00:00,-,85,46,,4,9,0,80,,,,,
Tangerang,Tangerang Pasir Jaya,2026-05-13 19:00:00,133,133,60,,59,63,0,65,,,,,
Bekasi,Bekasi Kayuringin,2026-05-13 19:00:00,91,91,49,,45,13,0,2,,,,,
Jakarta,The Pakubuwono Menteng,2026-05-13 19:12:08,117,117,45,85,,,,,56,31.4,,,
Depok,Cinere - Nafas,2026-05-13 19:11:54,143,143,55,99,,,,,0,0,,,
Bogor,Kabupaten Bogor Leuwiliang,2026-05-13 01:00:00,-,85,46,,4,9,0,80,,,,,
Tangerang,Tangerang Pasir Jaya,2026-05-13 19:00:00,133,133,60,,59,63,0,65,,,,,
Bekasi,Bekasi Kayuringin,2026-05-13 19:00:00,91,91,49,,45,13,0,2,,,,,
Jakarta,The Pakubuwono Menteng,2026-05-13 19:14:08,113,113,43,83,,,,,56,31.4,,,
Depok,Cinere - Nafas,2026-05-13 19:13:54,141,141,55,98,,,,,0,0,,,
Bogor,Kabupaten Bogor Leuwiliang,2026-05-13 01:00:00,-,85,46,,4,9,0,80,,,,,
Tangerang,Tangerang Pasir Jaya,2026-05-13 19:00:00,133,133,60,,59,63,0,65,,,,,
Bekasi,Bekasi Kayuringin,2026-05-13 19:00:00,91,91,49,,45,13,0,2,,,,,
Jakarta,The Pakubuwono Menteng,2026-05-13 19:15:08,107,107,40,83,,,,,56,31.4,,,
Depok,Cinere - Nafas,2026-05-13 19:14:55,140,140,55,98,,,,,0,0,,,
Bogor,Kabupaten Bogor Leuwiliang,2026-05-13 01:00:00,-,85,46,,4,9,0,80,,,,,
Tangerang,Tangerang Pasir Jaya,2026-05-13 19:00:00,133,133,60,,59,63,0,65,,,,,
Bekasi,Bekasi Kayuringin,2026-05-13 19:00:00,91,91,49,,45,13,0,2,,,,,
Jakarta,The Pakubuwono Menteng,2026-05-13 19:17:08,112,112,44,85,,,,,56,31.4,,,
Depok,Cinere - Nafas,2026-05-13 19:16:55,166,166,68,151,,,,,0,0,,,
Bogor,Kabupaten Bogor Leuwiliang,2026-05-13 01:00:00,-,85,46,,4,9,0,80,,,,,
Tangerang,Tangerang Pasir Jaya,2026-05-13 19:00:00,133,133,60,,59,63,0,65,,,,,
Bekasi,Bekasi Kayuringin,2026-05-13 19:00:00,91,91,49,,45,13,0,2,,,,,
Jakarta,The Pakubuwono Menteng,2026-05-13 19:17:08,112,112,44,85,,,,,56,31.4,,,
Depok,Cinere - Nafas,2026-05-13 19:16:55,166,166,68,151,,,,,0,0,,,
Bogor,Kabupaten Bogor Leuwiliang,2026-05-13 01:00:00,-,85,46,,4,9,0,80,,,,,
Tangerang,Tangerang Pasir Jaya,2026-05-13 19:00:00,133,133,60,,59,63,0,65,,,,,
Bekasi,Bekasi Kayuringin,2026-05-13 19:00:00,91,91,49,,45,13,0,2,,,,,
Jakarta,The Pakubuwono Menteng,2026-05-13 19:19:08,112,112,43,82,,,,,56,31.4,,,
Depok,Cinere - Nafas,2026-05-13 19:18:54,167,167,69,152,,,,,0,0,,,
Bogor,Kabupaten Bogor Leuwiliang,2026-05-13 01:00:00,-,85,46,,4,9,0,80,,,,,
Tangerang,Tangerang Pasir Jaya,2026-05-13 19:00:00,133,133,60,,59,63,0,65,,,,,
Bekasi,Bekasi Kayuringin,2026-05-13 19:00:00,91,91,49,,45,13,0,2,,,,,
Jakarta,The Pakubuwono Menteng,2026-05-13 19:19:08,112,112,43,82,,,,,56,31.4,,,
Depok,Cinere - Nafas,2026-05-13 19:18:54,167,167,69,152,,,,,0,0,,,
Bogor,Kabupaten Bogor Leuwiliang,2026-05-13 01:00:00,-,85,46,,4,9,0,80,,,,,
Tangerang,Tangerang Pasir Jaya,2026-05-13 19:00:00,133,133,60,,59,63,0,65,,,,,
Bekasi,Bekasi Kayuringin,2026-05-13 19:00:00,91,91,49,,45,13,0,2,,,,,
Jakarta,The Pakubuwono Menteng,2026-05-13 19:21:08,112,112,44,84,,,,,56,31.4,,,
Depok,Cinere - Nafas,2026-05-13 19:20:55,171,171,73,154,,,,,0,0,,,
Bogor,Kabupaten Bogor Leuwiliang,2026-05-13 01:00:00,-,85,46,,4,9,0,80,,,,,
Tangerang,Tangerang Pasir Jaya,2026-05-13 19:00:00,133,133,60,,59,63,0,65,,,,,
Bekasi,Bekasi Kayuringin,2026-05-13 19:00:00,91,91,49,,45,13,0,2,,,,,
Jakarta,The Pakubuwono Menteng,2026-05-13 19:22:08,113,113,44,83,,,,,56,31.4,,,
Depok,Cinere - Nafas,2026-05-13 19:21:54,170,170,72,154,,,,,0,0,,,
Bogor,Kabupaten Bogor Leuwiliang,2026-05-13 01:00:00,-,85,46,,4,9,0,80,,,,,
Tangerang,Tangerang Pasir Jaya,2026-05-13 19:00:00,133,133,60,,59,63,0,65,,,,,
Bekasi,Bekasi Kayuringin,2026-05-13 19:00:00,91,91,49,,45,13,0,2,,,,,
Jakarta,The Pakubuwono Menteng,2026-05-13 19:22:08,113,113,44,83,,,,,56,31.4,,,
Depok,Cinere - Nafas,2026-05-13 19:21:54,170,170,72,154,,,,,0,0,,,
Bogor,Kabupaten Bogor Leuwiliang,2026-05-13 01:00:00,-,85,46,,4,9,0,80,,,,,
Tangerang,Tangerang Pasir Jaya,2026-05-13 19:00:00,133,133,60,,59,63,0,65,,,,,
Bekasi,Bekasi Kayuringin,2026-05-13 19:00:00,91,91,49,,45,13,0,2,,,,,
Jakarta,The Pakubuwono Menteng,2026-05-13 19:25:08,114,114,45,83,,,,,56,31.4,,,
Depok,Cinere - Nafas,2026-05-13 19:24:55,169,169,72,153,,,,,0,0,,,
Bogor,Kabupaten Bogor Leuwiliang,2026-05-13 01:00:00,-,85,46,,4,9,0,80,,,,,
Tangerang,Tangerang Pasir Jaya,2026-05-13 19:00:00,133,133,60,,59,63,0,65,,,,,
Bekasi,Bekasi Kayuringin,2026-05-13 19:00:00,91,91,49,,45,13,0,2,,,,,
Jakarta,The Pakubuwono Menteng,2026-05-13 19:25:08,114,114,45,83,,,,,56,31.4,,,
Depok,Cinere - Nafas,2026-05-13 19:24:55,169,169,72,153,,,,,0,0,,,
Bogor,Kabupaten Bogor Leuwiliang,2026-05-13 01:00:00,-,85,46,,4,9,0,80,,,,,
Tangerang,Tangerang Pasir Jaya,2026-05-13 19:00:00,133,133,60,,59,63,0,65,,,,,
Bekasi,Bekasi Kayuringin,2026-05-13 19:00:00,91,91,49,,45,13,0,2,,,,,
Jakarta,The Pakubuwono Menteng,2026-05-13 19:27:08,114,114,44,86,,,,,56,31.4,,,
Depok,Cinere - Nafas,2026-05-13 19:26:57,171,171,72,153,,,,,0,0,,,
Bogor,Kabupaten Bogor Leuwiliang,2026-05-13 01:00:00,-,85,46,,4,9,0,80,,,,,
Tangerang,Tangerang Pasir Jaya,2026-05-13 19:00:00,133,133,60,,59,63,0,65,,,,,
Bekasi,Bekasi Kayuringin,2026-05-13 19:00:00,91,91,49,,45,13,0,2,,,,,
Jakarta,The Pakubuwono Menteng,2026-05-13 19:28:08,116,116,44,86,,,,,56,31.4,,,
Depok,Cinere - Nafas,2026-05-13 19:27:54,169,169,72,152,,,,,0,0,,,
Bogor,Kabupaten Bogor Leuwiliang,2026-05-13 01:00:00,-,85,46,,4,9,0,80,,,,,
Tangerang,Tangerang Pasir Jaya,2026-05-13 19:00:00,133,133,60,,59,63,0,65,,,,,
Bekasi,Bekasi Kayuringin,2026-05-13 19:00:00,91,91,49,,45,13,0,2,,,,,
Jakarta,The Pakubuwono Menteng,2026-05-13 19:28:08,116,116,44,86,,,,,56,31.4,,,
Depok,Cinere - Nafas,2026-05-13 19:27:54,169,169,72,152,,,,,0,0,,,
Bogor,Kabupaten Bogor Leuwiliang,2026-05-13 01:00:00,-,85,46,,4,9,0,80,,,,,
Tangerang,Tangerang Pasir Jaya,2026-05-13 19:00:00,133,133,60,,59,63,0,65,,,,,
Bekasi,Bekasi Kayuringin,2026-05-13 19:00:00,91,91,49,,45,13,0,2,,,,,
Jakarta,The Pakubuwono Menteng,2026-05-13 19:30:08,114,114,45,84,,,,,56,31.3,,,
Depok,Cinere - Nafas,2026-05-13 19:29:54,170,170,72,153,,,,,0,0,,,
Bogor,Kabupaten Bogor Leuwiliang,2026-05-13 01:00:00,-,85,46,,4,9,0,80,,,,,
Tangerang,Tangerang Pasir Jaya,2026-05-13 19:00:00,133,133,60,,59,63,0,65,,,,,
Bekasi,Bekasi Kayuringin,2026-05-13 19:00:00,91,91,49,,45,13,0,2,,,,,
Jakarta,The Pakubuwono Menteng,2026-05-13 19:32:08,119,119,47,87,,,,,56,31.3,,,
Depok,Cinere - Nafas,2026-05-13 19:31:54,168,168,70,153,,,,,0,0,,,
Bogor,Kabupaten Bogor Leuwiliang,2026-05-13 01:00:00,-,85,46,,4,9,0,80,,,,,
Tangerang,Tangerang Pasir Jaya,2026-05-13 19:00:00,133,133,60,,59,63,0,65,,,,,
Bekasi,Bekasi Kayuringin,2026-05-13 19:00:00,91,91,49,,45,13,0,2,,,,,
Jakarta,The Pakubuwono Menteng,2026-05-13 19:32:08,119,119,47,87,,,,,56,31.3,,,
Depok,Cinere - Nafas,2026-05-13 19:31:54,168,168,70,153,,,,,0,0,,,
Bogor,Kabupaten Bogor Leuwiliang,2026-05-13 01:00:00,-,85,46,,4,9,0,80,,,,,
Tangerang,Tangerang Pasir Jaya,2026-05-13 19:00:00,133,133,60,,59,63,0,65,,,,,
Bekasi,Bekasi Kayuringin,2026-05-13 19:00:00,91,91,49,,45,13,0,2,,,,,
Jakarta,The Pakubuwono Menteng,2026-05-13 19:34:08,115,115,45,85,,,,,56,31.3,,,
Depok,Cinere - Nafas,2026-05-13 19:33:56,172,172,72,154,,,,,0,0,,,
Bogor,Kabupaten Bogor Leuwiliang,2026-05-13 01:00:00,-,85,46,,4,9,0,80,,,,,
Tangerang,Tangerang Pasir Jaya,2026-05-13 19:00:00,133,133,60,,59,63,0,65,,,,,
Bekasi,Bekasi Kayuringin,2026-05-13 19:00:00,91,91,49,,45,13,0,2,,,,,
Jakarta,The Pakubuwono Menteng,2026-05-13 19:35:08,114,114,45,84,,,,,56,31.3,,,
Depok,Cinere - Nafas,2026-05-13 19:34:54,168,168,70,152,,,,,0,0,,,
Bogor,Kabupaten Bogor Leuwiliang,2026-05-13 01:00:00,-,85,46,,4,9,0,80,,,,,
Tangerang,Tangerang Pasir Jaya,2026-05-13 19:00:00,133,133,60,,59,63,0,65,,,,,
Bekasi,Bekasi Kayuringin,2026-05-13 19:00:00,91,91,49,,45,13,0,2,,,,,
Jakarta,The Pakubuwono Menteng,2026-05-13 19:37:08,114,114,44,83,,,,,56,31.3,,,
Depok,Cinere - Nafas,2026-05-13 19:36:54,168,168,70,152,,,,,0,0,,,
Bogor,Kabupaten Bogor Leuwiliang,2026-05-13 01:00:00,-,85,46,,4,9,0,80,,,,,
Tangerang,Tangerang Pasir Jaya,2026-05-13 19:00:00,133,133,60,,59,63,0,65,,,,,
Bekasi,Bekasi Kayuringin,2026-05-13 19:00:00,91,91,49,,45,13,0,2,,,,,
Jakarta,The Pakubuwono Menteng,2026-05-13 19:39:08,113,113,43,83,,,,,56,31.2,,,
Depok,Cinere - Nafas,2026-05-13 19:38:54,169,169,71,152,,,,,0,0,,,
Bogor,Kabupaten Bogor Leuwiliang,2026-05-13 01:00:00,-,85,46,,4,9,0,80,,,,,
Tangerang,Tangerang Pasir Jaya,2026-05-13 19:00:00,133,133,60,,59,63,0,65,,,,,
Bekasi,Bekasi Kayuringin,2026-05-13 19:00:00,91,91,49,,45,13,0,2,,,,,
Jakarta,The Pakubuwono Menteng,2026-05-13 19:39:08,113,113,43,83,,,,,56,31.2,,,
Depok,Cinere - Nafas,2026-05-13 19:38:54,169,169,71,152,,,,,0,0,,,
Bogor,Kabupaten Bogor Leuwiliang,2026-05-13 01:00:00,-,85,46,,4,9,0,80,,,,,
Tangerang,Tangerang Pasir Jaya,2026-05-13 19:00:00,133,133,60,,59,63,0,65,,,,,
Bekasi,Bekasi Kayuringin,2026-05-13 19:00:00,91,91,49,,45,13,0,2,,,,,
Jakarta,The Pakubuwono Menteng,2026-05-13 19:40:09,112,112,43,82,,,,,56,31.2,,,
Depok,Cinere - Nafas,2026-05-13 19:39:56,168,168,71,152,,,,,0,0,,,
Bogor,Kabupaten Bogor Leuwiliang,2026-05-13 01:00:00,-,85,46,,4,9,0,80,,,,,
Tangerang,Tangerang Pasir Jaya,2026-05-13 19:00:00,133,133,60,,59,63,0,65,,,,,
Bekasi,Bekasi Kayuringin,2026-05-13 19:00:00,91,91,49,,45,13,0,2,,,,,
Jakarta,The Pakubuwono Menteng,2026-05-13 19:42:08,115,115,45,84,,,,,56,31.2,,,
Depok,Cinere - Nafas,2026-05-13 19:41:55,166,166,70,150,,,,,0,0,,,
Bogor,Kabupaten Bogor Leuwiliang,2026-05-13 01:00:00,-,85,46,,4,9,0,80,,,,,
Tangerang,Tangerang Pasir Jaya,2026-05-13 19:00:00,133,133,60,,59,63,0,65,,,,,
Bekasi,Bekasi Kayuringin,2026-05-13 19:00:00,91,91,49,,45,13,0,2,,,,,
Jakarta,The Pakubuwono Menteng,2026-05-13 19:42:08,115,115,45,84,,,,,56,31.2,,,
Depok,Cinere - Nafas,2026-05-13 19:41:55,166,166,70,150,,,,,0,0,,,
Bogor,Kabupaten Bogor Leuwiliang,2026-05-13 01:00:00,-,85,46,,4,9,0,80,,,,,
Tangerang,Tangerang Pasir Jaya,2026-05-13 19:00:00,133,133,60,,59,63,0,65,,,,,
Bekasi,Bekasi Kayuringin,2026-05-13 19:00:00,91,91,49,,45,13,0,2,,,,,
Jakarta,The Pakubuwono Menteng,2026-05-13 19:43:09,119,119,47,86,,,,,56,31.2,,,
Depok,Cinere - Nafas,2026-05-13 19:43:55,167,167,70,152,,,,,0,0,,,
Bogor,Kabupaten Bogor Leuwiliang,2026-05-13 01:00:00,-,85,46,,4,9,0,80,,,,,
Tangerang,Tangerang Pasir Jaya,2026-05-13 19:00:00,133,133,60,,59,63,0,65,,,,,
Bekasi,Bekasi Kayuringin,2026-05-13 19:00:00,91,91,49,,45,13,0,2,,,,,
Jakarta,The Pakubuwono Menteng,2026-05-13 19:45:11,114,114,45,84,,,,,56,31.2,,,
Depok,Cinere - Nafas,2026-05-13 19:44:55,168,168,72,152,,,,,0,0,,,
Bogor,Kabupaten Bogor Leuwiliang,2026-05-13 01:00:00,-,85,46,,4,9,0,80,,,,,
Tangerang,Tangerang Pasir Jaya,2026-05-13 19:00:00,133,133,60,,59,63,0,65,,,,,
Bekasi,Bekasi Kayuringin,2026-05-13 19:00:00,91,91,49,,45,13,0,2,,,,,
Jakarta,The Pakubuwono Menteng,2026-05-13 19:45:11,114,114,45,84,,,,,56,31.2,,,
Depok,Cinere - Nafas,2026-05-13 19:44:55,168,168,72,152,,,,,0,0,,,
Bogor,Kabupaten Bogor Leuwiliang,2026-05-13 01:00:00,-,85,46,,4,9,0,80,,,,,
Tangerang,Tangerang Pasir Jaya,2026-05-13 19:00:00,133,133,60,,59,63,0,65,,,,,
Bekasi,Bekasi Kayuringin,2026-05-13 19:00:00,91,91,49,,45,13,0,2,,,,,
Jakarta,The Pakubuwono Menteng,2026-05-13 19:48:09,112,112,45,83,,,,,56,31.2,,,
Depok,Cinere - Nafas,2026-05-13 19:47:55,169,169,70,154,,,,,0,0,,,
Bogor,Kabupaten Bogor Leuwiliang,2026-05-13 01:00:00,-,85,46,,4,9,0,80,,,,,
Tangerang,Tangerang Pasir Jaya,2026-05-13 19:00:00,133,133,60,,59,63,0,65,,,,,
Bekasi,Bekasi Kayuringin,2026-05-13 19:00:00,91,91,49,,45,13,0,2,,,,,
Jakarta,The Pakubuwono Menteng,2026-05-13 19:48:09,112,112,45,83,,,,,56,31.2,,,
Depok,Cinere - Nafas,2026-05-13 19:47:55,169,169,70,154,,,,,0,0,,,
Bogor,Kabupaten Bogor Leuwiliang,2026-05-13 01:00:00,-,85,46,,4,9,0,80,,,,,
Tangerang,Tangerang Pasir Jaya,2026-05-13 19:00:00,133,133,60,,59,63,0,65,,,,,
Bekasi,Bekasi Kayuringin,2026-05-13 19:00:00,91,91,49,,45,13,0,2,,,,,
Jakarta,The Pakubuwono Menteng,2026-05-13 19:50:09,112,112,44,83,,,,,56,31.2,,,
Depok,Cinere - Nafas,2026-05-13 19:49:55,171,171,73,154,,,,,0,0,,,
Bogor,Kabupaten Bogor Leuwiliang,2026-05-13 01:00:00,-,85,46,,4,9,0,80,,,,,
Tangerang,Tangerang Pasir Jaya,2026-05-13 19:00:00,133,133,60,,59,63,0,65,,,,,
Bekasi,Bekasi Kayuringin,2026-05-13 19:00:00,91,91,49,,45,13,0,2,,,,,
Jakarta,The Pakubuwono Menteng,2026-05-13 19:51:12,114,114,44,83,,,,,56,31.2,,,
Depok,Cinere - Nafas,2026-05-13 19:50:55,177,177,81,156,,,,,0,0,,,
Bogor,Kabupaten Bogor Leuwiliang,2026-05-13 01:00:00,-,85,46,,4,9,0,80,,,,,
Tangerang,Tangerang Pasir Jaya,2026-05-13 19:00:00,133,133,60,,59,63,0,65,,,,,
Bekasi,Bekasi Kayuringin,2026-05-13 19:00:00,91,91,49,,45,13,0,2,,,,,
Jakarta,The Pakubuwono Menteng,2026-05-13 19:51:12,114,114,44,83,,,,,56,31.2,,,
Depok,Cinere - Nafas,2026-05-13 19:50:55,177,177,81,156,,,,,0,0,,,
Bogor,Kabupaten Bogor Leuwiliang,2026-05-13 01:00:00,-,85,46,,4,9,0,80,,,,,
Tangerang,Tangerang Pasir Jaya,2026-05-13 19:00:00,133,133,60,,59,63,0,65,,,,,
Bekasi,Bekasi Kayuringin,2026-05-13 19:00:00,91,91,49,,45,13,0,2,,,,,
Jakarta,The Pakubuwono Menteng,2026-05-13 19:53:09,116,116,45,85,,,,,56,31.2,,,
Depok,Cinere - Nafas,2026-05-13 19:52:55,175,175,78,156,,,,,0,0,,,
Bogor,Kabupaten Bogor Leuwiliang,2026-05-13 01:00:00,-,85,46,,4,9,0,80,,,,,
Tangerang,Tangerang Pasir Jaya,2026-05-13 19:00:00,133,133,60,,59,63,0,65,,,,,
Bekasi,Bekasi Kayuringin,2026-05-13 19:00:00,91,91,49,,45,13,0,2,,,,,
Jakarta,The Pakubuwono Menteng,2026-05-13 19:55:09,113,113,44,84,,,,,56,31.2,,,
Depok,Cinere - Nafas,2026-05-13 19:54:55,174,174,79,156,,,,,0,0,,,
Bogor,Kabupaten Bogor Leuwiliang,2026-05-13 01:00:00,-,85,46,,4,9,0,80,,,,,
Tangerang,Tangerang Pasir Jaya,2026-05-13 19:00:00,133,133,60,,59,63,0,65,,,,,
Bekasi,Bekasi Kayuringin,2026-05-13 19:00:00,91,91,49,,45,13,0,2,,,,,
Jakarta,The Pakubuwono Menteng,2026-05-13 19:55:09,113,113,44,84,,,,,56,31.2,,,
Depok,Cinere - Nafas,2026-05-13 19:54:55,174,174,79,156,,,,,0,0,,,
Bogor,Kabupaten Bogor Leuwiliang,2026-05-13 01:00:00,-,85,46,,4,9,0,80,,,,,
Tangerang,Tangerang Pasir Jaya,2026-05-13 19:00:00,133,133,60,,59,63,0,65,,,,,
Bekasi,Bekasi Kayuringin,2026-05-13 19:00:00,91,91,49,,45,13,0,2,,,,,
Jakarta,The Pakubuwono Menteng,2026-05-13 19:56:09,116,116,45,84,,,,,56,31.2,,,
Depok,Cinere - Nafas,2026-05-13 19:55:56,173,173,77,155,,,,,0,0,,,
Bogor,Kabupaten Bogor Leuwiliang,2026-05-13 01:00:00,-,85,46,,4,9,0,80,,,,,
Tangerang,Tangerang Pasir Jaya,2026-05-13 19:00:00,133,133,60,,59,63,0,65,,,,,
Bekasi,Bekasi Kayuringin,2026-05-13 19:00:00,91,91,49,,45,13,0,2,,,,,
Jakarta,The Pakubuwono Menteng,2026-05-13 19:56:09,116,116,45,84,,,,,56,31.2,,,
Depok,Cinere - Nafas,2026-05-13 19:55:56,173,173,77,155,,,,,0,0,,,
Bogor,Kabupaten Bogor Leuwiliang,2026-05-13 01:00:00,-,85,46,,4,9,0,80,,,,,
Tangerang,Tangerang Pasir Jaya,2026-05-13 19:00:00,133,133,60,,59,63,0,65,,,,,
Bekasi,Bekasi Kayuringin,2026-05-13 19:00:00,91,91,49,,45,13,0,2,,,,,
Jakarta,The Pakubuwono Menteng,2026-05-13 19:56:09,116,116,45,84,,,,,56,31.2,,,
Depok,Cinere - Nafas,2026-05-13 19:55:56,173,173,77,155,,,,,0,0,,,
Bogor,Kabupaten Bogor Leuwiliang,2026-05-13 01:00:00,-,85,46,,4,9,0,80,,,,,
Tangerang,Tangerang Pasir Jaya,2026-05-13 19:00:00,133,133,60,,59,63,0,65,,,,,
Bekasi,Bekasi Kayuringin,2026-05-13 19:00:00,91,91,49,,45,13,0,2,,,,,
Jakarta,The Pakubuwono Menteng,2026-05-13 20:01:09,116,116,45,83,,,,,56,31.1,,,
Depok,Cinere - Nafas,2026-05-13 20:00:55,171,171,73,153,,,,,0,0,,,
Bogor,Kabupaten Bogor Leuwiliang,2026-05-13 01:00:00,-,85,46,,4,9,0,80,,,,,
Tangerang,Tangerang Pasir Jaya,2026-05-13 19:00:00,133,133,60,,59,63,0,65,,,,,
Bekasi,Bekasi Kayuringin,2026-05-13 19:00:00,91,91,49,,45,13,0,2,,,,,
Jakarta,The Pakubuwono Menteng,2026-05-13 20:01:09,116,116,45,83,,,,,56,31.1,,,
Depok,Cinere - Nafas,2026-05-13 20:00:55,171,171,73,153,,,,,0,0,,,
Bogor,Kabupaten Bogor Leuwiliang,2026-05-13 01:00:00,-,85,46,,4,9,0,80,,,,,
Tangerang,Tangerang Pasir Jaya,2026-05-13 19:00:00,133,133,60,,59,63,0,65,,,,,
Bekasi,Bekasi Kayuringin,2026-05-13 19:00:00,91,91,49,,45,13,0,2,,,,,
Jakarta,The Pakubuwono Menteng,2026-05-13 20:03:09,116,116,45,86,,,,,56,31.1,,,
Depok,Cinere - Nafas,2026-05-13 20:02:55,170,170,73,152,,,,,0,0,,,
Bogor,Kabupaten Bogor Leuwiliang,2026-05-13 01:00:00,-,85,46,,4,9,0,80,,,,,
Tangerang,Tangerang Pasir Jaya,2026-05-13 19:00:00,133,133,60,,59,63,0,65,,,,,
Bekasi,Bekasi Kayuringin,2026-05-13 19:00:00,91,91,49,,45,13,0,2,,,,,
Jakarta,The Pakubuwono Menteng,2026-05-13 20:03:09,116,116,45,86,,,,,56,31.1,,,
Depok,Cinere - Nafas,2026-05-13 20:02:55,170,170,73,152,,,,,0,0,,,
Bogor,Kabupaten Bogor Leuwiliang,2026-05-13 01:00:00,-,85,46,,4,9,0,80,,,,,
Tangerang,Tangerang Pasir Jaya,2026-05-13 19:00:00,133,133,60,,59,63,0,65,,,,,
Bekasi,Bekasi Kayuringin,2026-05-13 19:00:00,91,91,49,,45,13,0,2,,,,,
Jakarta,The Pakubuwono Menteng,2026-05-13 20:05:11,116,116,45,86,,,,,56,31.1,,,
Depok,Cinere - Nafas,2026-05-13 20:04:55,169,169,72,153,,,,,0,0,,,
Bogor,Kabupaten Bogor Leuwiliang,2026-05-13 01:00:00,-,85,46,,4,9,0,80,,,,,
Tangerang,Tangerang Pasir Jaya,2026-05-13 20:00:00,136,136,60,,59,63,0,65,,,,,
Bekasi,Bekasi Kayuringin,2026-05-13 20:00:00,92,92,49,,45,13,0,2,,,,,
Jakarta,The Pakubuwono Menteng,2026-05-13 20:06:09,116,116,45,87,,,,,56,31.1,,,
Depok,Cinere - Nafas,2026-05-13 20:05:55,170,170,73,154,,,,,0,0,,,
Bogor,Kabupaten Bogor Leuwiliang,2026-05-13 01:00:00,-,85,46,,4,9,0,80,,,,,
Tangerang,Tangerang Pasir Jaya,2026-05-13 20:00:00,136,136,60,,59,63,0,65,,,,,
Bekasi,Bekasi Kayuringin,2026-05-13 20:00:00,92,92,49,,45,13,0,2,,,,,
Jakarta,The Pakubuwono Menteng,2026-05-13 20:06:09,116,116,45,87,,,,,56,31.1,,,
Depok,Cinere - Nafas,2026-05-13 20:05:55,170,170,73,154,,,,,0,0,,,
Bogor,Kabupaten Bogor Leuwiliang,2026-05-13 01:00:00,-,85,46,,4,9,0,80,,,,,
Tangerang,Tangerang Pasir Jaya,2026-05-13 20:00:00,136,136,60,,59,63,0,65,,,,,
Bekasi,Bekasi Kayuringin,2026-05-13 20:00:00,92,92,49,,45,13,0,2,,,,,
Jakarta,The Pakubuwono Menteng,2026-05-13 20:10:09,118,118,47,86,,,,,56,31.1,,,
Depok,Cinere - Nafas,2026-05-13 20:09:55,170,170,73,152,,,,,0,0,,,
Bogor,Kabupaten Bogor Leuwiliang,2026-05-13 01:00:00,-,85,46,,4,9,0,80,,,,,
Tangerang,Tangerang Pasir Jaya,2026-05-13 20:00:00,136,136,60,,59,63,0,65,,,,,
Bekasi,Bekasi Kayuringin,2026-05-13 20:00:00,92,92,49,,45,13,0,2,,,,,
Jakarta,The Pakubuwono Menteng,2026-05-13 20:10:09,118,118,47,86,,,,,56,31.1,,,
Depok,Cinere - Nafas,2026-05-13 20:09:55,170,170,73,152,,,,,0,0,,,
Bogor,Kabupaten Bogor Leuwiliang,2026-05-13 01:00:00,-,85,46,,4,9,0,80,,,,,
Tangerang,Tangerang Pasir Jaya,2026-05-13 20:00:00,136,136,60,,59,63,0,65,,,,,
Bekasi,Bekasi Kayuringin,2026-05-13 20:00:00,92,92,49,,45,13,0,2,,,,,
Jakarta,The Pakubuwono Menteng,2026-05-13 20:11:09,113,113,45,84,,,,,56,31.1,,,
Depok,Cinere - Nafas,2026-05-13 20:10:55,170,170,72,153,,,,,0,0,,,
Bogor,Kabupaten Bogor Leuwiliang,2026-05-13 01:00:00,-,85,46,,4,9,0,80,,,,,
Tangerang,Tangerang Pasir Jaya,2026-05-13 20:00:00,136,136,60,,59,63,0,65,,,,,
Bekasi,Bekasi Kayuringin,2026-05-13 20:00:00,92,92,49,,45,13,0,2,,,,,
Jakarta,The Pakubuwono Menteng,2026-05-13 20:13:09,117,117,45,84,,,,,56,31.1,,,
Depok,Cinere - Nafas,2026-05-13 20:12:55,169,169,73,153,,,,,0,0,,,
Bogor,Kabupaten Bogor Leuwiliang,2026-05-13 01:00:00,-,85,46,,4,9,0,80,,,,,
Tangerang,Tangerang Pasir Jaya,2026-05-13 20:00:00,136,136,60,,59,63,0,65,,,,,
Bekasi,Bekasi Kayuringin,2026-05-13 20:00:00,92,92,49,,45,13,0,2,,,,,
Jakarta,The Pakubuwono Menteng,2026-05-13 20:13:09,117,117,45,84,,,,,56,31.1,,,
Depok,Cinere - Nafas,2026-05-13 20:12:55,169,169,73,153,,,,,0,0,,,
Bogor,Kabupaten Bogor Leuwiliang,2026-05-13 01:00:00,-,85,46,,4,9,0,80,,,,,
Tangerang,Tangerang Pasir Jaya,2026-05-13 20:00:00,136,136,60,,59,63,0,65,,,,,
Bekasi,Bekasi Kayuringin,2026-05-13 20:00:00,92,92,49,,45,13,0,2,,,,,
Jakarta,The Pakubuwono Menteng,2026-05-13 20:15:09,111,111,44,83,,,,,56,31.1,,,
Depok,Cinere - Nafas,2026-05-13 20:14:56,168,168,71,151,,,,,0,0,,,
Bogor,Kabupaten Bogor Leuwiliang,2026-05-13 01:00:00,-,85,46,,4,9,0,80,,,,,
Tangerang,Tangerang Pasir Jaya,2026-05-13 20:00:00,136,136,60,,59,63,0,65,,,,,
Bekasi,Bekasi Kayuringin,2026-05-13 20:00:00,92,92,49,,45,13,0,2,,,,,
Jakarta,The Pakubuwono Menteng,2026-05-13 20:16:09,115,115,44,84,,,,,56,31.1,,,
Depok,Cinere - Nafas,2026-05-13 20:15:55,168,168,71,151,,,,,0,0,,,
Bogor,Kabupaten Bogor Leuwiliang,2026-05-13 01:00:00,-,85,46,,4,9,0,80,,,,,
Tangerang,Tangerang Pasir Jaya,2026-05-13 20:00:00,136,136,60,,59,63,0,65,,,,,
Bekasi,Bekasi Kayuringin,2026-05-13 20:00:00,92,92,49,,45,13,0,2,,,,,
Jakarta,The Pakubuwono Menteng,2026-05-13 20:16:09,115,115,44,84,,,,,56,31.1,,,
Depok,Cinere - Nafas,2026-05-13 20:15:55,168,168,71,151,,,,,0,0,,,
Bogor,Kabupaten Bogor Leuwiliang,2026-05-13 01:00:00,-,85,46,,4,9,0,80,,,,,
Tangerang,Tangerang Pasir Jaya,2026-05-13 20:00:00,136,136,60,,59,63,0,65,,,,,
Bekasi,Bekasi Kayuringin,2026-05-13 20:00:00,92,92,49,,45,13,0,2,,,,,
Jakarta,The Pakubuwono Menteng,2026-05-13 20:18:10,114,114,45,83,,,,,56,31.1,,,
Depok,Cinere - Nafas,2026-05-13 20:17:55,167,167,69,150,,,,,0,0,,,
Bogor,Kabupaten Bogor Leuwiliang,2026-05-13 01:00:00,-,85,46,,4,9,0,80,,,,,
Tangerang,Tangerang Pasir Jaya,2026-05-13 20:00:00,136,136,60,,59,63,0,65,,,,,
Bekasi,Bekasi Kayuringin,2026-05-13 20:00:00,92,92,49,,45,13,0,2,,,,,
Jakarta,The Pakubuwono Menteng,2026-05-13 20:18:10,114,114,45,83,,,,,56,31.1,,,
Depok,Cinere - Nafas,2026-05-13 20:19:55,163,163,66,141,,,,,0,0,,,
Bogor,Kabupaten Bogor Leuwiliang,2026-05-13 01:00:00,-,85,46,,4,9,0,80,,,,,
Tangerang,Tangerang Pasir Jaya,2026-05-13 20:00:00,136,136,60,,59,63,0,65,,,,,
Bekasi,Bekasi Kayuringin,2026-05-13 20:00:00,92,92,49,,45,13,0,2,,,,,
Jakarta,The Pakubuwono Menteng,2026-05-13 20:21:09,114,114,43,84,,,,,56,31,,,
Depok,Cinere - Nafas,2026-05-13 20:20:56,166,166,69,150,,,,,0,0,,,
Bogor,Kabupaten Bogor Leuwiliang,2026-05-13 01:00:00,-,85,46,,4,9,0,80,,,,,
Tangerang,Tangerang Pasir Jaya,2026-05-13 20:00:00,136,136,60,,59,63,0,65,,,,,
Bekasi,Bekasi Kayuringin,2026-05-13 20:00:00,92,92,49,,45,13,0,2,,,,,
Jakarta,The Pakubuwono Menteng,2026-05-13 20:21:09,114,114,43,84,,,,,56,31,,,
Depok,Cinere - Nafas,2026-05-13 20:20:56,166,166,69,150,,,,,0,0,,,
Bogor,Kabupaten Bogor Leuwiliang,2026-05-13 01:00:00,-,85,46,,4,9,0,80,,,,,
Tangerang,Tangerang Pasir Jaya,2026-05-13 20:00:00,136,136,60,,59,63,0,65,,,,,
Bekasi,Bekasi Kayuringin,2026-05-13 20:00:00,92,92,49,,45,13,0,2,,,,,
Jakarta,The Pakubuwono Menteng,2026-05-13 20:23:10,112,112,43,83,,,,,56,31,,,
Depok,Cinere - Nafas,2026-05-13 20:22:55,166,166,68,149,,,,,0,0,,,
Bogor,Kabupaten Bogor Leuwiliang,2026-05-13 01:00:00,-,85,46,,4,9,0,80,,,,,
Tangerang,Tangerang Pasir Jaya,2026-05-13 20:00:00,136,136,60,,59,63,0,65,,,,,
Bekasi,Bekasi Kayuringin,2026-05-13 20:00:00,92,92,49,,45,13,0,2,,,,,
Jakarta,The Pakubuwono Menteng,2026-05-13 20:24:10,108,108,42,83,,,,,56,31,,,
Depok,Cinere - Nafas,2026-05-13 20:24:55,163,163,66,148,,,,,0,0,,,
Bogor,Kabupaten Bogor Leuwiliang,2026-05-13 01:00:00,-,85,46,,4,9,0,80,,,,,
Tangerang,Tangerang Pasir Jaya,2026-05-13 20:00:00,136,136,60,,59,63,0,65,,,,,
Bekasi,Bekasi Kayuringin,2026-05-13 20:00:00,92,92,49,,45,13,0,2,,,,,
Jakarta,The Pakubuwono Menteng,2026-05-13 20:24:10,108,108,42,83,,,,,56,31,,,
Depok,Cinere - Nafas,2026-05-13 20:24:55,163,163,66,148,,,,,0,0,,,
Bogor,Kabupaten Bogor Leuwiliang,2026-05-13 01:00:00,-,85,46,,4,9,0,80,,,,,
Tangerang,Tangerang Pasir Jaya,2026-05-13 20:00:00,136,136,60,,59,63,0,65,,,,,
Bekasi,Bekasi Kayuringin,2026-05-13 20:00:00,92,92,49,,45,13,0,2,,,,,
Jakarta,The Pakubuwono Menteng,2026-05-13 20:26:10,110,110,42,80,,,,,56,31,,,
Depok,Cinere - Nafas,2026-05-13 20:25:55,162,162,66,140,,,,,0,0,,,
Bogor,Kabupaten Bogor Leuwiliang,2026-05-13 01:00:00,-,85,46,,4,9,0,80,,,,,
Tangerang,Tangerang Pasir Jaya,2026-05-13 20:00:00,136,136,60,,59,63,0,65,,,,,
Bekasi,Bekasi Kayuringin,2026-05-13 20:00:00,92,92,49,,45,13,0,2,,,,,
Jakarta,The Pakubuwono Menteng,2026-05-13 20:28:10,107,107,41,83,,,,,57,31,,,
Depok,Cinere - Nafas,2026-05-13 20:27:56,160,160,62,130,,,,,0,0,,,
Bogor,Kabupaten Bogor Leuwiliang,2026-05-13 01:00:00,-,85,46,,4,9,0,80,,,,,
Tangerang,Tangerang Pasir Jaya,2026-05-13 20:00:00,136,136,60,,59,63,0,65,,,,,
Bekasi,Bekasi Kayuringin,2026-05-13 20:00:00,92,92,49,,45,13,0,2,,,,,
Jakarta,The Pakubuwono Menteng,2026-05-13 20:28:10,107,107,41,83,,,,,57,31,,,
Depok,Cinere - Nafas,2026-05-13 20:27:56,160,160,62,130,,,,,0,0,,,
Bogor,Kabupaten Bogor Leuwiliang,2026-05-13 01:00:00,-,85,46,,4,9,0,80,,,,,
Tangerang,Tangerang Pasir Jaya,2026-05-13 20:00:00,136,136,60,,59,63,0,65,,,,,
Bekasi,Bekasi Kayuringin,2026-05-13 20:00:00,92,92,49,,45,13,0,2,,,,,
Jakarta,The Pakubuwono Menteng,2026-05-13 20:30:10,109,109,41,80,,,,,56,31,,,
Depok,Cinere - Nafas,2026-05-13 20:30:56,159,159,63,130,,,,,0,0,,,
Bogor,Kabupaten Bogor Leuwiliang,2026-05-13 01:00:00,-,85,46,,4,9,0,80,,,,,
Tangerang,Tangerang Pasir Jaya,2026-05-13 20:00:00,136,136,60,,59,63,0,65,,,,,
Bekasi,Bekasi Kayuringin,2026-05-13 20:00:00,92,92,49,,45,13,0,2,,,,,
Jakarta,The Pakubuwono Menteng,2026-05-13 20:32:10,107,107,42,79,,,,,56,31,,,
Depok,Cinere - Nafas,2026-05-13 20:32:56,158,158,62,126,,,,,0,0,,,
Bogor,Kabupaten Bogor Leuwiliang,2026-05-13 01:00:00,-,85,46,,4,9,0,80,,,,,
Tangerang,Tangerang Pasir Jaya,2026-05-13 20:00:00,136,136,60,,59,63,0,65,,,,,
Bekasi,Bekasi Kayuringin,2026-05-13 20:00:00,92,92,49,,45,13,0,2,,,,,
Jakarta,The Pakubuwono Menteng,2026-05-13 20:32:10,107,107,42,79,,,,,56,31,,,
Depok,Cinere - Nafas,2026-05-13 20:32:56,158,158,62,126,,,,,0,0,,,
Bogor,Kabupaten Bogor Leuwiliang,2026-05-13 01:00:00,-,85,46,,4,9,0,80,,,,,
Tangerang,Tangerang Pasir Jaya,2026-05-13 20:00:00,136,136,60,,59,63,0,65,,,,,
Bekasi,Bekasi Kayuringin,2026-05-13 20:00:00,92,92,49,,45,13,0,2,,,,,
Jakarta,The Pakubuwono Menteng,2026-05-13 20:34:10,110,110,42,82,,,,,56,31.1,,,
Depok,Cinere - Nafas,2026-05-13 20:34:56,159,159,62,130,,,,,0,0,,,
Bogor,Kabupaten Bogor Leuwiliang,2026-05-13 01:00:00,-,85,46,,4,9,0,80,,,,,
Tangerang,Tangerang Pasir Jaya,2026-05-13 20:00:00,136,136,60,,59,63,0,65,,,,,
Bekasi,Bekasi Kayuringin,2026-05-13 20:00:00,92,92,49,,45,13,0,2,,,,,
Jakarta,The Pakubuwono Menteng,2026-05-13 20:36:10,104,104,41,82,,,,,56,31,,,
Depok,Cinere - Nafas,2026-05-13 20:36:56,161,161,63,138,,,,,0,0,,,
Bogor,Kabupaten Bogor Leuwiliang,2026-05-13 01:00:00,-,85,46,,4,9,0,80,,,,,
Tangerang,Tangerang Pasir Jaya,2026-05-13 20:00:00,136,136,60,,59,63,0,65,,,,,
Bekasi,Bekasi Kayuringin,2026-05-13 20:00:00,92,92,49,,45,13,0,2,,,,,
Jakarta,The Pakubuwono Menteng,2026-05-13 20:36:10,104,104,41,82,,,,,56,31,,,
Depok,Cinere - Nafas,2026-05-13 20:36:56,161,161,63,138,,,,,0,0,,,
Bogor,Kabupaten Bogor Leuwiliang,2026-05-13 01:00:00,-,85,46,,4,9,0,80,,,,,
Tangerang,Tangerang Pasir Jaya,2026-05-13 20:00:00,136,136,60,,59,63,0,65,,,,,
Bekasi,Bekasi Kayuringin,2026-05-13 20:00:00,92,92,49,,45,13,0,2,,,,,
Jakarta,The Pakubuwono Menteng,2026-05-13 20:37:10,105,105,41,79,,,,,56,31,,,
Depok,Cinere - Nafas,2026-05-13 20:37:56,160,160,62,130,,,,,0,0,,,
Bogor,Kabupaten Bogor Leuwiliang,2026-05-13 01:00:00,-,85,46,,4,9,0,80,,,,,
Tangerang,Tangerang Pasir Jaya,2026-05-13 20:00:00,136,136,60,,59,63,0,65,,,,,
Bekasi,Bekasi Kayuringin,2026-05-13 20:00:00,92,92,49,,45,13,0,2,,,,,
Jakarta,The Pakubuwono Menteng,2026-05-13 20:40:10,101,101,37,75,,,,,55,31,,,
Depok,Cinere - Nafas,2026-05-13 20:39:56,156,156,60,119,,,,,0,0,,,
Bogor,Kabupaten Bogor Leuwiliang,2026-05-13 01:00:00,-,85,46,,4,9,0,80,,,,,
Tangerang,Tangerang Pasir Jaya,2026-05-13 20:00:00,136,136,60,,59,63,0,65,,,,,
Bekasi,Bekasi Kayuringin,2026-05-13 20:00:00,92,92,49,,45,13,0,2,,,,,
Jakarta,The Pakubuwono Menteng,2026-05-13 20:40:10,101,101,37,75,,,,,55,31,,,
Depok,Cinere - Nafas,2026-05-13 20:39:56,156,156,60,119,,,,,0,0,,,
Bogor,Kabupaten Bogor Leuwiliang,2026-05-13 01:00:00,-,85,46,,4,9,0,80,,,,,
Tangerang,Tangerang Pasir Jaya,2026-05-13 20:00:00,136,136,60,,59,63,0,65,,,,,
Bekasi,Bekasi Kayuringin,2026-05-13 20:00:00,92,92,49,,45,13,0,2,,,,,
Jakarta,The Pakubuwono Menteng,2026-05-13 20:41:10,102,102,40,78,,,,,56,31.1,,,
Depok,Cinere - Nafas,2026-05-13 20:40:56,157,157,60,123,,,,,0,0,,,
Bogor,Kabupaten Bogor Leuwiliang,2026-05-13 01:00:00,-,85,46,,4,9,0,80,,,,,
Tangerang,Tangerang Pasir Jaya,2026-05-13 20:00:00,136,136,60,,59,63,0,65,,,,,
Bekasi,Bekasi Kayuringin,2026-05-13 20:00:00,92,92,49,,45,13,0,2,,,,,
Jakarta,The Pakubuwono Menteng,2026-05-13 20:43:10,100,100,36,78,,,,,55,31.1,,,
Depok,Cinere - Nafas,2026-05-13 20:42:56,154,154,59,117,,,,,0,0,,,
Bogor,Kabupaten Bogor Leuwiliang,2026-05-13 01:00:00,-,85,46,,4,9,0,80,,,,,
Tangerang,Tangerang Pasir Jaya,2026-05-13 20:00:00,136,136,60,,59,63,0,65,,,,,
Bekasi,Bekasi Kayuringin,2026-05-13 20:00:00,92,92,49,,45,13,0,2,,,,,
Jakarta,The Pakubuwono Menteng,2026-05-13 20:45:10,103,103,42,82,,,,,56,31.1,,,
Depok,Cinere - Nafas,2026-05-13 20:44:56,158,158,61,125,,,,,0,0,,,
Bogor,Kabupaten Bogor Leuwiliang,2026-05-13 01:00:00,-,85,46,,4,9,0,80,,,,,
Tangerang,Tangerang Pasir Jaya,2026-05-13 20:00:00,136,136,60,,59,63,0,65,,,,,
Bekasi,Bekasi Kayuringin,2026-05-13 20:00:00,92,92,49,,45,13,0,2,,,,,
Jakarta,The Pakubuwono Menteng,2026-05-13 20:45:10,103,103,42,82,,,,,56,31.1,,,
Depok,Cinere - Nafas,2026-05-13 20:44:56,158,158,61,125,,,,,0,0,,,
Bogor,Kabupaten Bogor Leuwiliang,2026-05-13 01:00:00,-,85,46,,4,9,0,80,,,,,
Tangerang,Tangerang Pasir Jaya,2026-05-13 20:00:00,136,136,60,,59,63,0,65,,,,,
Bekasi,Bekasi Kayuringin,2026-05-13 20:00:00,92,92,49,,45,13,0,2,,,,,
Jakarta,The Pakubuwono Menteng,2026-05-13 20:46:10,108,108,42,83,,,,,56,31.1,,,
Depok,Cinere - Nafas,2026-05-13 20:45:56,156,156,60,119,,,,,0,0,,,
Bogor,Kabupaten Bogor Leuwiliang,2026-05-13 01:00:00,-,85,46,,4,9,0,80,,,,,
Tangerang,Tangerang Pasir Jaya,2026-05-13 20:00:00,136,136,60,,59,63,0,65,,,,,
Bekasi,Bekasi Kayuringin,2026-05-13 20:00:00,92,92,49,,45,13,0,2,,,,,
Jakarta,The Pakubuwono Menteng,2026-05-13 20:48:10,98,98,36,79,,,,,56,31.1,,,
Depok,Cinere - Nafas,2026-05-13 20:47:56,160,160,62,130,,,,,0,0,,,
Bogor,Kabupaten Bogor Leuwiliang,2026-05-13 01:00:00,-,85,46,,4,9,0,80,,,,,
Tangerang,Tangerang Pasir Jaya,2026-05-13 20:00:00,136,136,60,,59,63,0,65,,,,,
Bekasi,Bekasi Kayuringin,2026-05-13 20:00:00,92,92,49,,45,13,0,2,,,,,
Jakarta,The Pakubuwono Menteng,2026-05-13 20:48:10,98,98,36,79,,,,,56,31.1,,,
Depok,Cinere - Nafas,2026-05-13 20:47:56,160,160,62,130,,,,,0,0,,,
Bogor,Kabupaten Bogor Leuwiliang,2026-05-13 01:00:00,-,85,46,,4,9,0,80,,,,,
Tangerang,Tangerang Pasir Jaya,2026-05-13 20:00:00,136,136,60,,59,63,0,65,,,,,
Bekasi,Bekasi Kayuringin,2026-05-13 20:00:00,92,92,49,,45,13,0,2,,,,,
Jakarta,The Pakubuwono Menteng,2026-05-13 20:50:10,107,107,41,78,,,,,56,31.2,,,
Depok,Cinere - Nafas,2026-05-13 20:49:56,157,157,62,126,,,,,0,0,,,
Bogor,Kabupaten Bogor Leuwiliang,2026-05-13 01:00:00,-,85,46,,4,9,0,80,,,,,
Tangerang,Tangerang Pasir Jaya,2026-05-13 20:00:00,136,136,60,,59,63,0,65,,,,,
Bekasi,Bekasi Kayuringin,2026-05-13 20:00:00,92,92,49,,45,13,0,2,,,,,
Jakarta,The Pakubuwono Menteng,2026-05-13 20:51:10,111,111,44,84,,,,,56,31.2,,,
Depok,Cinere - Nafas,2026-05-13 20:50:56,156,156,61,126,,,,,0,0,,,
Bogor,Kabupaten Bogor Leuwiliang,2026-05-13 01:00:00,-,85,46,,4,9,0,80,,,,,
Tangerang,Tangerang Pasir Jaya,2026-05-13 20:00:00,136,136,60,,59,63,0,65,,,,,
Bekasi,Bekasi Kayuringin,2026-05-13 20:00:00,92,92,49,,45,13,0,2,,,,,
Jakarta,The Pakubuwono Menteng,2026-05-13 20:53:10,137,137,54,96,,,,,57,31.2,,,
Depok,Cinere - Nafas,2026-05-13 20:52:56,156,156,60,120,,,,,0,0,,,
Bogor,Kabupaten Bogor Leuwiliang,2026-05-13 01:00:00,-,85,46,,4,9,0,80,,,,,
Tangerang,Tangerang Pasir Jaya,2026-05-13 20:00:00,136,136,60,,59,63,0,65,,,,,
Bekasi,Bekasi Kayuringin,2026-05-13 20:00:00,92,92,49,,45,13,0,2,,,,,
Jakarta,The Pakubuwono Menteng,2026-05-13 20:55:10,144,144,56,108,,,,,57,31.1,,,
Depok,Cinere - Nafas,2026-05-13 20:54:56,154,154,59,120,,,,,0,0,,,
Bogor,Kabupaten Bogor Leuwiliang,2026-05-13 01:00:00,-,85,46,,4,9,0,80,,,,,
Tangerang,Tangerang Pasir Jaya,2026-05-13 20:00:00,136,136,60,,59,63,0,65,,,,,
Bekasi,Bekasi Kayuringin,2026-05-13 20:00:00,92,92,49,,45,13,0,2,,,,,
Jakarta,The Pakubuwono Menteng,2026-05-13 20:55:10,144,144,56,108,,,,,57,31.1,,,
Depok,Cinere - Nafas,2026-05-13 20:54:56,154,154,59,120,,,,,0,0,,,
Bogor,Kabupaten Bogor Leuwiliang,2026-05-13 01:00:00,-,85,46,,4,9,0,80,,,,,
Tangerang,Tangerang Pasir Jaya,2026-05-13 20:00:00,136,136,60,,59,63,0,65,,,,,
Bekasi,Bekasi Kayuringin,2026-05-13 20:00:00,92,92,49,,45,13,0,2,,,,,
Jakarta,The Pakubuwono Menteng,2026-05-13 20:56:10,143,143,55,102,,,,,57,31.1,,,
Depok,Cinere - Nafas,2026-05-13 20:55:56,156,156,59,120,,,,,0,0,,,
Bogor,Kabupaten Bogor Leuwiliang,2026-05-13 01:00:00,-,85,46,,4,9,0,80,,,,,
Tangerang,Tangerang Pasir Jaya,2026-05-13 20:00:00,136,136,60,,59,63,0,65,,,,,
Bekasi,Bekasi Kayuringin,2026-05-13 20:00:00,92,92,49,,45,13,0,2,,,,,
Jakarta,The Pakubuwono Menteng,2026-05-13 20:58:10,140,140,55,100,,,,,58,31,,,
Depok,Cinere - Nafas,2026-05-13 20:57:58,156,156,61,118,,,,,0,0,,,
Bogor,Kabupaten Bogor Leuwiliang,2026-05-13 01:00:00,-,85,46,,4,9,0,80,,,,,
Tangerang,Tangerang Pasir Jaya,2026-05-13 20:00:00,136,136,60,,59,63,0,65,,,,,
Bekasi,Bekasi Kayuringin,2026-05-13 20:00:00,92,92,49,,45,13,0,2,,,,,
Jakarta,The Pakubuwono Menteng,2026-05-13 20:58:10,140,140,55,100,,,,,58,31,,,
Depok,Cinere - Nafas,2026-05-13 20:57:58,156,156,61,118,,,,,0,0,,,
Bogor,Kabupaten Bogor Leuwiliang,2026-05-13 01:00:00,-,85,46,,4,9,0,80,,,,,
Tangerang,Tangerang Pasir Jaya,2026-05-13 20:00:00,136,136,60,,59,63,0,65,,,,,
Bekasi,Bekasi Kayuringin,2026-05-13 20:00:00,92,92,49,,45,13,0,2,,,,,
Jakarta,The Pakubuwono Menteng,2026-05-13 20:59:10,145,145,55,105,,,,,58,31,,,
Depok,Cinere - Nafas,2026-05-13 20:58:56,156,156,61,118,,,,,0,0,,,
Bogor,Kabupaten Bogor Leuwiliang,2026-05-13 01:00:00,-,85,46,,4,9,0,80,,,,,
Tangerang,Tangerang Pasir Jaya,2026-05-13 20:00:00,136,136,60,,59,63,0,65,,,,,
Bekasi,Bekasi Kayuringin,2026-05-13 20:00:00,92,92,49,,45,13,0,2,,,,,
Jakarta,The Pakubuwono Menteng,2026-05-13 20:59:10,145,145,55,105,,,,,58,31,,,
Depok,Cinere - Nafas,2026-05-13 20:58:56,156,156,61,118,,,,,0,0,,,
Bogor,Kabupaten Bogor Leuwiliang,2026-05-13 01:00:00,-,85,46,,4,9,0,80,,,,,
Tangerang,Tangerang Pasir Jaya,2026-05-13 20:00:00,136,136,60,,59,63,0,65,,,,,
Bekasi,Bekasi Kayuringin,2026-05-13 20:00:00,92,92,49,,45,13,0,2,,,,,
Jakarta,The Pakubuwono Menteng,2026-05-13 21:01:10,135,135,54,97,,,,,58,31,,,
Depok,Cinere - Nafas,2026-05-13 21:00:56,157,157,61,126,,,,,0,0,,,
Bogor,Kabupaten Bogor Leuwiliang,2026-05-13 01:00:00,-,85,46,,4,9,0,80,,,,,
Tangerang,Tangerang Pasir Jaya,2026-05-13 20:00:00,136,136,60,,59,63,0,65,,,,,
Bekasi,Bekasi Kayuringin,2026-05-13 20:00:00,92,92,49,,45,13,0,2,,,,,
Jakarta,The Pakubuwono Menteng,2026-05-13 21:03:11,137,137,53,96,,,,,58,31,,,
Depok,Cinere - Nafas,2026-05-13 21:02:56,157,157,61,128,,,,,0,0,,,
Bogor,Kabupaten Bogor Leuwiliang,2026-05-13 01:00:00,-,85,46,,4,9,0,80,,,,,
Tangerang,Tangerang Pasir Jaya,2026-05-13 20:00:00,136,136,60,,59,63,0,65,,,,,
Bekasi,Bekasi Kayuringin,2026-05-13 20:00:00,92,92,49,,45,13,0,2,,,,,
Jakarta,The Pakubuwono Menteng,2026-05-13 21:04:11,136,136,53,99,,,,,58,31,,,
Depok,Cinere - Nafas,2026-05-13 21:03:56,161,161,62,132,,,,,0,0,,,
Bogor,Kabupaten Bogor Leuwiliang,2026-05-13 01:00:00,-,85,46,,4,9,0,80,,,,,
Tangerang,Tangerang Pasir Jaya,2026-05-13 21:00:00,140,140,61,,59,63,0,65,,,,,
Bekasi,Bekasi Kayuringin,2026-05-13 20:00:00,92,92,49,,45,13,0,2,,,,,
Jakarta,The Pakubuwono Menteng,2026-05-13 21:06:11,131,131,52,96,,,,,57,31,,,
Depok,Cinere - Nafas,2026-05-13 21:05:56,160,160,62,133,,,,,0,0,,,
Bogor,Kabupaten Bogor Leuwiliang,2026-05-13 01:00:00,-,85,46,,4,9,0,80,,,,,
Tangerang,Tangerang Pasir Jaya,2026-05-13 21:00:00,140,140,61,,59,63,0,65,,,,,
Bekasi,Bekasi Kayuringin,2026-05-13 21:00:00,91,91,49,,47,13,0,2,,,,,
Jakarta,The Pakubuwono Menteng,2026-05-13 21:06:11,131,131,52,96,,,,,57,31,,,
Depok,Cinere - Nafas,2026-05-13 21:05:56,160,160,62,133,,,,,0,0,,,
Bogor,Kabupaten Bogor Leuwiliang,2026-05-13 01:00:00,-,85,46,,4,9,0,80,,,,,
Tangerang,Tangerang Pasir Jaya,2026-05-13 21:00:00,140,140,61,,59,63,0,65,,,,,
Bekasi,Bekasi Kayuringin,2026-05-13 21:00:00,91,91,49,,47,13,0,2,,,,,
Jakarta,The Pakubuwono Menteng,2026-05-13 21:08:11,123,123,50,90,,,,,58,31,,,
Depok,Cinere - Nafas,2026-05-13 21:07:56,157,157,61,128,,,,,0,0,,,
Bogor,Kabupaten Bogor Leuwiliang,2026-05-13 01:00:00,-,85,46,,4,9,0,80,,,,,
Tangerang,Tangerang Pasir Jaya,2026-05-13 21:00:00,140,140,61,,59,63,0,65,,,,,
Bekasi,Bekasi Kayuringin,2026-05-13 21:00:00,91,91,49,,47,13,0,2,,,,,
Jakarta,The Pakubuwono Menteng,2026-05-13 21:09:11,130,130,52,96,,,,,57,31,,,
Depok,Cinere - Nafas,2026-05-13 21:08:56,155,155,59,116,,,,,0,0,,,
Bogor,Kabupaten Bogor Leuwiliang,2026-05-13 01:00:00,-,85,46,,4,9,0,80,,,,,
Tangerang,Tangerang Pasir Jaya,2026-05-13 21:00:00,140,140,61,,59,63,0,65,,,,,
Bekasi,Bekasi Kayuringin,2026-05-13 21:00:00,91,91,49,,47,13,0,2,,,,,
Jakarta,The Pakubuwono Menteng,2026-05-13 21:09:11,130,130,52,96,,,,,57,31,,,
Depok,Cinere - Nafas,2026-05-13 21:08:56,155,155,59,116,,,,,0,0,,,
Bogor,Kabupaten Bogor Leuwiliang,2026-05-13 01:00:00,-,85,46,,4,9,0,80,,,,,
Tangerang,Tangerang Pasir Jaya,2026-05-13 21:00:00,140,140,61,,59,63,0,65,,,,,
Bekasi,Bekasi Kayuringin,2026-05-13 21:00:00,91,91,49,,47,13,0,2,,,,,
Jakarta,The Pakubuwono Menteng,2026-05-13 21:11:11,120,120,47,88,,,,,57,31,,,
Depok,Cinere - Nafas,2026-05-13 21:10:56,152,152,59,107,,,,,0,0,,,
Bogor,Kabupaten Bogor Leuwiliang,2026-05-13 01:00:00,-,85,46,,4,9,0,80,,,,,
Tangerang,Tangerang Pasir Jaya,2026-05-13 21:00:00,140,140,61,,59,63,0,65,,,,,
Bekasi,Bekasi Kayuringin,2026-05-13 21:00:00,91,91,49,,47,13,0,2,,,,,
Jakarta,The Pakubuwono Menteng,2026-05-13 21:12:11,114,114,45,86,,,,,57,31,,,
Depok,Cinere - Nafas,2026-05-13 21:11:56,152,152,58,110,,,,,0,0,,,
Bogor,Kabupaten Bogor Leuwiliang,2026-05-13 01:00:00,-,85,46,,4,9,0,80,,,,,
Tangerang,Tangerang Pasir Jaya,2026-05-13 21:00:00,140,140,61,,59,63,0,65,,,,,
Bekasi,Bekasi Kayuringin,2026-05-13 21:00:00,91,91,49,,47,13,0,2,,,,,
Jakarta,The Pakubuwono Menteng,2026-05-13 21:14:11,123,123,49,89,,,,,57,31,,,
Depok,Cinere - Nafas,2026-05-13 21:13:56,151,151,58,105,,,,,0,0,,,
Bogor,Kabupaten Bogor Leuwiliang,2026-05-13 01:00:00,-,85,46,,4,9,0,80,,,,,
Tangerang,Tangerang Pasir Jaya,2026-05-13 21:00:00,140,140,61,,59,63,0,65,,,,,
Bekasi,Bekasi Kayuringin,2026-05-13 21:00:00,91,91,49,,47,13,0,2,,,,,
Jakarta,The Pakubuwono Menteng,2026-05-13 21:16:11,125,125,49,90,,,,,57,31,,,
Depok,Cinere - Nafas,2026-05-13 21:15:56,155,155,59,120,,,,,0,0,,,
Bogor,Kabupaten Bogor Leuwiliang,2026-05-13 01:00:00,-,85,46,,4,9,0,80,,,,,
Tangerang,Tangerang Pasir Jaya,2026-05-13 21:00:00,140,140,61,,59,63,0,65,,,,,
Bekasi,Bekasi Kayuringin,2026-05-13 21:00:00,91,91,49,,47,13,0,2,,,,,
Jakarta,The Pakubuwono Menteng,2026-05-13 21:17:11,125,125,50,90,,,,,57,31.1,,,
Depok,Cinere - Nafas,2026-05-13 21:16:56,157,157,61,128,,,,,0,0,,,
Bogor,Kabupaten Bogor Leuwiliang,2026-05-13 01:00:00,-,85,46,,4,9,0,80,,,,,
Tangerang,Tangerang Pasir Jaya,2026-05-13 21:00:00,140,140,61,,59,63,0,65,,,,,
Bekasi,Bekasi Kayuringin,2026-05-13 21:00:00,91,91,49,,47,13,0,2,,,,,
Jakarta,The Pakubuwono Menteng,2026-05-13 21:17:11,125,125,50,90,,,,,57,31.1,,,
Depok,Cinere - Nafas,2026-05-13 21:16:56,157,157,61,128,,,,,0,0,,,
Bogor,Kabupaten Bogor Leuwiliang,2026-05-13 01:00:00,-,85,46,,4,9,0,80,,,,,
Tangerang,Tangerang Pasir Jaya,2026-05-13 21:00:00,140,140,61,,59,63,0,65,,,,,
Bekasi,Bekasi Kayuringin,2026-05-13 21:00:00,91,91,49,,47,13,0,2,,,,,
Jakarta,The Pakubuwono Menteng,2026-05-13 21:19:11,116,116,47,87,,,,,57,31.1,,,
Depok,Cinere - Nafas,2026-05-13 21:18:56,158,158,61,129,,,,,0,0,,,
Bogor,Kabupaten Bogor Leuwiliang,2026-05-13 01:00:00,-,85,46,,4,9,0,80,,,,,
Tangerang,Tangerang Pasir Jaya,2026-05-13 21:00:00,140,140,61,,59,63,0,65,,,,,
Bekasi,Bekasi Kayuringin,2026-05-13 21:00:00,91,91,49,,47,13,0,2,,,,,
Jakarta,The Pakubuwono Menteng,2026-05-13 21:19:11,116,116,47,87,,,,,57,31.1,,,
Depok,Cinere - Nafas,2026-05-13 21:18:56,158,158,61,129,,,,,0,0,,,
Bogor,Kabupaten Bogor Leuwiliang,2026-05-13 01:00:00,-,85,46,,4,9,0,80,,,,,
Tangerang,Tangerang Pasir Jaya,2026-05-13 21:00:00,140,140,61,,59,63,0,65,,,,,
Bekasi,Bekasi Kayuringin,2026-05-13 21:00:00,91,91,49,,47,13,0,2,,,,,
Jakarta,The Pakubuwono Menteng,2026-05-13 21:21:11,111,111,43,84,,,,,57,31.1,,,
Depok,Cinere - Nafas,2026-05-13 21:20:56,284,284,155,199,,,,,0,0,,,
Bogor,Kabupaten Bogor Leuwiliang,2026-05-13 01:00:00,-,85,46,,4,9,0,80,,,,,
Tangerang,Tangerang Pasir Jaya,2026-05-13 21:00:00,140,140,61,,59,63,0,65,,,,,
Bekasi,Bekasi Kayuringin,2026-05-13 21:00:00,91,91,49,,47,13,0,2,,,,,
Jakarta,The Pakubuwono Menteng,2026-05-13 21:22:11,112,112,44,82,,,,,58,31.1,,,
Depok,Cinere - Nafas,2026-05-13 21:21:56,177,177,82,158,,,,,0,0,,,
Bogor,Kabupaten Bogor Leuwiliang,2026-05-13 01:00:00,-,85,46,,4,9,0,80,,,,,
Tangerang,Tangerang Pasir Jaya,2026-05-13 21:00:00,140,140,61,,59,63,0,65,,,,,
Bekasi,Bekasi Kayuringin,2026-05-13 21:00:00,91,91,49,,47,13,0,2,,,,,
Jakarta,The Pakubuwono Menteng,2026-05-13 21:23:11,110,110,42,82,,,,,58,31,,,
Depok,Cinere - Nafas,2026-05-13 21:22:56,182,182,87,163,,,,,0,0,,,
Bogor,Kabupaten Bogor Leuwiliang,2026-05-13 01:00:00,-,85,46,,4,9,0,80,,,,,
Tangerang,Tangerang Pasir Jaya,2026-05-13 21:00:00,140,140,61,,59,63,0,65,,,,,
Bekasi,Bekasi Kayuringin,2026-05-13 21:00:00,91,91,49,,47,13,0,2,,,,,
Jakarta,The Pakubuwono Menteng,2026-05-13 21:26:11,118,118,47,89,,,,,57,31.1,,,
Depok,Cinere - Nafas,2026-05-13 21:25:57,185,185,87,164,,,,,0,0,,,
Bogor,Kabupaten Bogor Leuwiliang,2026-05-13 01:00:00,-,85,46,,4,9,0,80,,,,,
Tangerang,Tangerang Pasir Jaya,2026-05-13 21:00:00,140,140,61,,59,63,0,65,,,,,
Bekasi,Bekasi Kayuringin,2026-05-13 21:00:00,91,91,49,,47,13,0,2,,,,,
Jakarta,The Pakubuwono Menteng,2026-05-13 21:26:11,118,118,47,89,,,,,57,31.1,,,
Depok,Cinere - Nafas,2026-05-13 21:25:57,185,185,87,164,,,,,0,0,,,
Bogor,Kabupaten Bogor Leuwiliang,2026-05-13 01:00:00,-,85,46,,4,9,0,80,,,,,
Tangerang,Tangerang Pasir Jaya,2026-05-13 21:00:00,140,140,61,,59,63,0,65,,,,,
Bekasi,Bekasi Kayuringin,2026-05-13 21:00:00,91,91,49,,47,13,0,2,,,,,
Jakarta,The Pakubuwono Menteng,2026-05-13 21:27:11,117,117,46,87,,,,,57,31.1,,,
Depok,Cinere - Nafas,2026-05-13 21:26:57,169,169,71,152,,,,,0,0,,,
Bogor,Kabupaten Bogor Leuwiliang,2026-05-13 01:00:00,-,85,46,,4,9,0,80,,,,,
Tangerang,Tangerang Pasir Jaya,2026-05-13 21:00:00,140,140,61,,59,63,0,65,,,,,
Bekasi,Bekasi Kayuringin,2026-05-13 21:00:00,91,91,49,,47,13,0,2,,,,,
Jakarta,The Pakubuwono Menteng,2026-05-13 21:28:11,113,113,44,84,,,,,57,31.1,,,
Depok,Cinere - Nafas,2026-05-13 21:27:57,170,170,73,152,,,,,0,0,,,
Bogor,Kabupaten Bogor Leuwiliang,2026-05-13 01:00:00,-,85,46,,4,9,0,80,,,,,
Tangerang,Tangerang Pasir Jaya,2026-05-13 21:00:00,140,140,61,,59,63,0,65,,,,,
Bekasi,Bekasi Kayuringin,2026-05-13 21:00:00,91,91,49,,47,13,0,2,,,,,
Jakarta,The Pakubuwono Menteng,2026-05-13 21:28:11,113,113,44,84,,,,,57,31.1,,,
Depok,Cinere - Nafas,2026-05-13 21:27:57,170,170,73,152,,,,,0,0,,,
Bogor,Kabupaten Bogor Leuwiliang,2026-05-13 01:00:00,-,85,46,,4,9,0,80,,,,,
Tangerang,Tangerang Pasir Jaya,2026-05-13 21:00:00,140,140,61,,59,63,0,65,,,,,
Bekasi,Bekasi Kayuringin,2026-05-13 21:00:00,91,91,49,,47,13,0,2,,,,,
Jakarta,The Pakubuwono Menteng,2026-05-13 21:30:12,118,118,46,87,,,,,57,31,,,
Depok,Cinere - Nafas,2026-05-13 21:30:57,172,172,75,156,,,,,0,0,,,
Bogor,Kabupaten Bogor Leuwiliang,2026-05-13 01:00:00,-,85,46,,4,9,0,80,,,,,
Tangerang,Tangerang Pasir Jaya,2026-05-13 21:00:00,140,140,61,,59,63,0,65,,,,,
Bekasi,Bekasi Kayuringin,2026-05-13 21:00:00,91,91,49,,47,13,0,2,,,,,
Jakarta,The Pakubuwono Menteng,2026-05-13 21:30:12,118,118,46,87,,,,,57,31,,,
Depok,Cinere - Nafas,2026-05-13 21:30:57,172,172,75,156,,,,,0,0,,,
Bogor,Kabupaten Bogor Leuwiliang,2026-05-13 01:00:00,-,85,46,,4,9,0,80,,,,,
Tangerang,Tangerang Pasir Jaya,2026-05-13 21:00:00,140,140,61,,59,63,0,65,,,,,
Bekasi,Bekasi Kayuringin,2026-05-13 21:00:00,91,91,49,,47,13,0,2,,,,,
Jakarta,The Pakubuwono Menteng,2026-05-13 21:31:17,108,108,42,82,,,,,57,31.1,,,
Depok,Cinere - Nafas,2026-05-13 21:31:57,167,167,69,151,,,,,0,0,,,
Bogor,Kabupaten Bogor Leuwiliang,2026-05-13 01:00:00,-,85,46,,4,9,0,80,,,,,
Tangerang,Tangerang Pasir Jaya,2026-05-13 21:00:00,140,140,61,,59,63,0,65,,,,,
Bekasi,Bekasi Kayuringin,2026-05-13 21:00:00,91,91,49,,47,13,0,2,,,,,
Jakarta,The Pakubuwono Menteng,2026-05-13 21:31:17,108,108,42,82,,,,,57,31.1,,,
Depok,Cinere - Nafas,2026-05-13 21:31:57,167,167,69,151,,,,,0,0,,,
Bogor,Kabupaten Bogor Leuwiliang,2026-05-13 01:00:00,-,85,46,,4,9,0,80,,,,,
Tangerang,Tangerang Pasir Jaya,2026-05-13 21:00:00,140,140,61,,59,63,0,65,,,,,
Bekasi,Bekasi Kayuringin,2026-05-13 21:00:00,91,91,49,,47,13,0,2,,,,,
Jakarta,The Pakubuwono Menteng,2026-05-13 21:36:11,116,116,46,89,,,,,57,31.1,,,
Depok,Cinere - Nafas,2026-05-13 21:36:57,158,158,61,127,,,,,0,0,,,
Bogor,Kabupaten Bogor Leuwiliang,2026-05-13 01:00:00,-,85,46,,4,9,0,80,,,,,
Tangerang,Tangerang Pasir Jaya,2026-05-13 21:00:00,140,140,61,,59,63,0,65,,,,,
Bekasi,Bekasi Kayuringin,2026-05-13 21:00:00,91,91,49,,47,13,0,2,,,,,
Jakarta,The Pakubuwono Menteng,2026-05-13 21:37:13,123,123,48,90,,,,,57,31.1,,,
Depok,Cinere - Nafas,2026-05-13 21:37:57,157,157,61,118,,,,,0,0,,,
Bogor,Kabupaten Bogor Leuwiliang,2026-05-13 01:00:00,-,85,46,,4,9,0,80,,,,,
Tangerang,Tangerang Pasir Jaya,2026-05-13 21:00:00,140,140,61,,59,63,0,65,,,,,
Bekasi,Bekasi Kayuringin,2026-05-13 21:00:00,91,91,49,,47,13,0,2,,,,,
Jakarta,The Pakubuwono Menteng,2026-05-13 21:37:13,123,123,48,90,,,,,57,31.1,,,
Depok,Cinere - Nafas,2026-05-13 21:37:57,157,157,61,118,,,,,0,0,,,
Bogor,Kabupaten Bogor Leuwiliang,2026-05-13 01:00:00,-,85,46,,4,9,0,80,,,,,
Tangerang,Tangerang Pasir Jaya,2026-05-13 21:00:00,140,140,61,,59,63,0,65,,,,,
Bekasi,Bekasi Kayuringin,2026-05-13 21:00:00,91,91,49,,47,13,0,2,,,,,
Jakarta,The Pakubuwono Menteng,2026-05-13 21:39:13,155,155,60,126,,,,,57,31.1,,,
Depok,Cinere - Nafas,2026-05-13 21:39:57,157,157,61,125,,,,,0,0,,,
Bogor,Kabupaten Bogor Leuwiliang,2026-05-13 01:00:00,-,85,46,,4,9,0,80,,,,,
Tangerang,Tangerang Pasir Jaya,2026-05-13 21:00:00,140,140,61,,59,63,0,65,,,,,
Bekasi,Bekasi Kayuringin,2026-05-13 21:00:00,91,91,49,,47,13,0,2,,,,,
Jakarta,The Pakubuwono Menteng,2026-05-13 21:40:11,158,158,61,133,,,,,57,31.1,,,
Depok,Cinere - Nafas,2026-05-13 21:40:57,155,155,60,115,,,,,0,0,,,
Bogor,Kabupaten Bogor Leuwiliang,2026-05-13 01:00:00,-,85,46,,4,9,0,80,,,,,
Tangerang,Tangerang Pasir Jaya,2026-05-13 21:00:00,140,140,61,,59,63,0,65,,,,,
Bekasi,Bekasi Kayuringin,2026-05-13 21:00:00,91,91,49,,47,13,0,2,,,,,
Jakarta,The Pakubuwono Menteng,2026-05-13 21:40:11,158,158,61,133,,,,,57,31.1,,,
Depok,Cinere - Nafas,2026-05-13 21:40:57,155,155,60,115,,,,,0,0,,,
Bogor,Kabupaten Bogor Leuwiliang,2026-05-13 01:00:00,-,85,46,,4,9,0,80,,,,,
Tangerang,Tangerang Pasir Jaya,2026-05-13 21:00:00,140,140,61,,59,63,0,65,,,,,
Bekasi,Bekasi Kayuringin,2026-05-13 21:00:00,91,91,49,,47,13,0,2,,,,,
Jakarta,The Pakubuwono Menteng,2026-05-13 21:43:14,160,160,61,142,,,,,57,31.1,,,
Depok,Cinere - Nafas,2026-05-13 21:42:57,155,155,59,116,,,,,0,0,,,
Bogor,Kabupaten Bogor Leuwiliang,2026-05-13 01:00:00,-,85,46,,4,9,0,80,,,,,
Tangerang,Tangerang Pasir Jaya,2026-05-13 21:00:00,140,140,61,,59,63,0,65,,,,,
Bekasi,Bekasi Kayuringin,2026-05-13 21:00:00,91,91,49,,47,13,0,2,,,,,
Jakarta,The Pakubuwono Menteng,2026-05-13 21:44:12,157,157,60,134,,,,,57,31.1,,,
Depok,Cinere - Nafas,2026-05-13 21:43:58,154,154,59,118,,,,,0,0,,,
Bogor,Kabupaten Bogor Leuwiliang,2026-05-13 01:00:00,-,85,46,,4,9,0,80,,,,,
Tangerang,Tangerang Pasir Jaya,2026-05-13 21:00:00,140,140,61,,59,63,0,65,,,,,
Bekasi,Bekasi Kayuringin,2026-05-13 21:00:00,91,91,49,,47,13,0,2,,,,,
Jakarta,The Pakubuwono Menteng,2026-05-13 21:46:12,161,161,62,145,,,,,57,31.1,,,
Depok,Cinere - Nafas,2026-05-13 21:45:57,155,155,60,115,,,,,0,0,,,
Bogor,Kabupaten Bogor Leuwiliang,2026-05-13 01:00:00,-,85,46,,4,9,0,80,,,,,
Tangerang,Tangerang Pasir Jaya,2026-05-13 21:00:00,140,140,61,,59,63,0,65,,,,,
Bekasi,Bekasi Kayuringin,2026-05-13 21:00:00,91,91,49,,47,13,0,2,,,,,
Jakarta,The Pakubuwono Menteng,2026-05-13 21:46:12,161,161,62,145,,,,,57,31.1,,,
Depok,Cinere - Nafas,2026-05-13 21:45:57,155,155,60,115,,,,,0,0,,,
Bogor,Kabupaten Bogor Leuwiliang,2026-05-13 01:00:00,-,85,46,,4,9,0,80,,,,,
Tangerang,Tangerang Pasir Jaya,2026-05-13 21:00:00,140,140,61,,59,63,0,65,,,,,
Bekasi,Bekasi Kayuringin,2026-05-13 21:00:00,91,91,49,,47,13,0,2,,,,,
Jakarta,The Pakubuwono Menteng,2026-05-13 21:48:12,164,164,65,151,,,,,56,31.1,,,
Depok,Cinere - Nafas,2026-05-13 21:48:03,154,154,59,111,,,,,0,0,,,
Bogor,Kabupaten Bogor Leuwiliang,2026-05-13 01:00:00,-,85,46,,4,9,0,80,,,,,
Tangerang,Tangerang Pasir Jaya,2026-05-13 21:00:00,140,140,61,,59,63,0,65,,,,,
Bekasi,Bekasi Kayuringin,2026-05-13 21:00:00,91,91,49,,47,13,0,2,,,,,
Jakarta,The Pakubuwono Menteng,2026-05-13 21:50:12,160,160,62,140,,,,,56,31.1,,,
Depok,Cinere - Nafas,2026-05-13 21:49:57,155,155,59,113,,,,,0,0,,,
Bogor,Kabupaten Bogor Leuwiliang,2026-05-13 01:00:00,-,85,46,,4,9,0,80,,,,,
Tangerang,Tangerang Pasir Jaya,2026-05-13 21:00:00,140,140,61,,59,63,0,65,,,,,
Bekasi,Bekasi Kayuringin,2026-05-13 21:00:00,91,91,49,,47,13,0,2,,,,,
Jakarta,The Pakubuwono Menteng,2026-05-13 21:50:12,160,160,62,140,,,,,56,31.1,,,
Depok,Cinere - Nafas,2026-05-13 21:49:57,155,155,59,113,,,,,0,0,,,
Bogor,Kabupaten Bogor Leuwiliang,2026-05-13 01:00:00,-,85,46,,4,9,0,80,,,,,
Tangerang,Tangerang Pasir Jaya,2026-05-13 21:00:00,140,140,61,,59,63,0,65,,,,,
Bekasi,Bekasi Kayuringin,2026-05-13 21:00:00,91,91,49,,47,13,0,2,,,,,
Jakarta,The Pakubuwono Menteng,2026-05-13 21:51:12,162,162,63,146,,,,,56,31.1,,,
Depok,Cinere - Nafas,2026-05-13 21:50:57,154,154,60,113,,,,,0,0,,,
Bogor,Kabupaten Bogor Leuwiliang,2026-05-13 01:00:00,-,85,46,,4,9,0,80,,,,,
Tangerang,Tangerang Pasir Jaya,2026-05-13 21:00:00,140,140,61,,59,63,0,65,,,,,
Bekasi,Bekasi Kayuringin,2026-05-13 21:00:00,91,91,49,,47,13,0,2,,,,,
Jakarta,The Pakubuwono Menteng,2026-05-13 21:53:12,161,161,62,144,,,,,55,31,,,
Depok,Cinere - Nafas,2026-05-13 21:52:57,156,156,60,118,,,,,0,0,,,
Bogor,Kabupaten Bogor Leuwiliang,2026-05-13 01:00:00,-,85,46,,4,9,0,80,,,,,
Tangerang,Tangerang Pasir Jaya,2026-05-13 21:00:00,140,140,61,,59,63,0,65,,,,,
Bekasi,Bekasi Kayuringin,2026-05-13 21:00:00,91,91,49,,47,13,0,2,,,,,
Jakarta,The Pakubuwono Menteng,2026-05-13 21:53:12,161,161,62,144,,,,,55,31,,,
Depok,Cinere - Nafas,2026-05-13 21:52:57,156,156,60,118,,,,,0,0,,,
Bogor,Kabupaten Bogor Leuwiliang,2026-05-13 01:00:00,-,85,46,,4,9,0,80,,,,,
Tangerang,Tangerang Pasir Jaya,2026-05-13 21:00:00,140,140,61,,59,63,0,65,,,,,
Bekasi,Bekasi Kayuringin,2026-05-13 21:00:00,91,91,49,,47,13,0,2,,,,,
Jakarta,The Pakubuwono Menteng,2026-05-13 21:55:13,160,160,62,138,,,,,55,31,,,
Depok,Cinere - Nafas,2026-05-13 21:54:57,157,157,61,121,,,,,0,0,,,
Bogor,Kabupaten Bogor Leuwiliang,2026-05-13 01:00:00,-,85,46,,4,9,0,80,,,,,
Tangerang,Tangerang Pasir Jaya,2026-05-13 21:00:00,140,140,61,,59,63,0,65,,,,,
Bekasi,Bekasi Kayuringin,2026-05-13 21:00:00,91,91,49,,47,13,0,2,,,,,
Jakarta,The Pakubuwono Menteng,2026-05-13 21:56:12,160,160,62,140,,,,,55,31,,,
Depok,Cinere - Nafas,2026-05-13 21:55:57,159,159,62,127,,,,,0,0,,,
Bogor,Kabupaten Bogor Leuwiliang,2026-05-13 01:00:00,-,85,46,,4,9,0,80,,,,,
Tangerang,Tangerang Pasir Jaya,2026-05-13 21:00:00,140,140,61,,59,63,0,65,,,,,
Bekasi,Bekasi Kayuringin,2026-05-13 21:00:00,91,91,49,,47,13,0,2,,,,,
Jakarta,The Pakubuwono Menteng,2026-05-13 21:58:12,160,160,62,137,,,,,55,31,,,
Depok,Cinere - Nafas,2026-05-13 21:57:57,159,159,61,129,,,,,0,0,,,
Bogor,Kabupaten Bogor Leuwiliang,2026-05-13 01:00:00,-,85,46,,4,9,0,80,,,,,
Tangerang,Tangerang Pasir Jaya,2026-05-13 21:00:00,140,140,61,,59,63,0,65,,,,,
Bekasi,Bekasi Kayuringin,2026-05-13 21:00:00,91,91,49,,47,13,0,2,,,,,
Jakarta,The Pakubuwono Menteng,2026-05-13 22:00:12,161,161,61,140,,,,,56,31,,,
Depok,Cinere - Nafas,2026-05-13 21:59:57,157,157,61,120,,,,,0,0,,,
Bogor,Kabupaten Bogor Leuwiliang,2026-05-13 01:00:00,-,85,46,,4,9,0,80,,,,,
Tangerang,Tangerang Pasir Jaya,2026-05-13 21:00:00,140,140,61,,59,63,0,65,,,,,
Bekasi,Bekasi Kayuringin,2026-05-13 21:00:00,91,91,49,,47,13,0,2,,,,,
Jakarta,The Pakubuwono Menteng,2026-05-13 22:00:12,161,161,61,140,,,,,56,31,,,
Depok,Cinere - Nafas,2026-05-13 21:59:57,157,157,61,120,,,,,0,0,,,
Bogor,Kabupaten Bogor Leuwiliang,2026-05-13 01:00:00,-,85,46,,4,9,0,80,,,,,
Tangerang,Tangerang Pasir Jaya,2026-05-13 21:00:00,140,140,61,,59,63,0,65,,,,,
Bekasi,Bekasi Kayuringin,2026-05-13 21:00:00,91,91,49,,47,13,0,2,,,,,
Jakarta,The Pakubuwono Menteng,2026-05-13 22:01:12,160,160,62,142,,,,,55,31,,,
Depok,Cinere - Nafas,2026-05-13 22:01:01,158,158,62,124,,,,,0,0,,,
Bogor,Kabupaten Bogor Leuwiliang,2026-05-13 01:00:00,-,85,46,,4,9,0,80,,,,,
Tangerang,Tangerang Pasir Jaya,2026-05-13 21:00:00,140,140,61,,59,63,0,65,,,,,
Bekasi,Bekasi Kayuringin,2026-05-13 21:00:00,91,91,49,,47,13,0,2,,,,,
Jakarta,The Pakubuwono Menteng,2026-05-13 22:01:12,160,160,62,142,,,,,55,31,,,
Depok,Cinere - Nafas,2026-05-13 22:01:01,158,158,62,124,,,,,0,0,,,
Bogor,Kabupaten Bogor Leuwiliang,2026-05-13 01:00:00,-,85,46,,4,9,0,80,,,,,
Tangerang,Tangerang Pasir Jaya,2026-05-13 21:00:00,140,140,61,,59,63,0,65,,,,,
Bekasi,Bekasi Kayuringin,2026-05-13 21:00:00,91,91,49,,47,13,0,2,,,,,
Jakarta,The Pakubuwono Menteng,2026-05-13 22:03:12,160,160,62,142,,,,,55,30.9,,,
Depok,Cinere - Nafas,2026-05-13 22:02:57,160,160,63,141,,,,,0,0,,,
Bogor,Kabupaten Bogor Leuwiliang,2026-05-13 01:00:00,-,85,46,,4,9,0,80,,,,,
Tangerang,Tangerang Pasir Jaya,2026-05-13 21:00:00,140,140,61,,59,63,0,65,,,,,
Bekasi,Bekasi Kayuringin,2026-05-13 21:00:00,91,91,49,,47,13,0,2,,,,,
Jakarta,The Pakubuwono Menteng,2026-05-13 22:05:12,160,160,62,141,,,,,55,30.9,,,
Depok,Cinere - Nafas,2026-05-13 22:04:57,167,167,70,151,,,,,0,0,,,
Bogor,Kabupaten Bogor Leuwiliang,2026-05-13 01:00:00,-,85,46,,4,9,0,80,,,,,
Tangerang,Tangerang Pasir Jaya,2026-05-13 22:00:00,139,139,61,,59,63,0,65,,,,,
Bekasi,Bekasi Kayuringin,2026-05-13 22:00:00,89,89,48,,48,13,0,2,,,,,
Jakarta,The Pakubuwono Menteng,2026-05-13 22:05:12,160,160,62,141,,,,,55,30.9,,,
Depok,Cinere - Nafas,2026-05-13 22:04:57,167,167,70,151,,,,,0,0,,,
Bogor,Kabupaten Bogor Leuwiliang,2026-05-13 01:00:00,-,85,46,,4,9,0,80,,,,,
Tangerang,Tangerang Pasir Jaya,2026-05-13 22:00:00,139,139,61,,59,63,0,65,,,,,
Bekasi,Bekasi Kayuringin,2026-05-13 22:00:00,89,89,48,,48,13,0,2,,,,,
Jakarta,The Pakubuwono Menteng,2026-05-13 22:08:12,159,159,61,137,,,,,55,30.9,,,
Depok,Cinere - Nafas,2026-05-13 22:07:58,178,178,82,157,,,,,0,0,,,
Bogor,Kabupaten Bogor Leuwiliang,2026-05-13 01:00:00,-,85,46,,4,9,0,80,,,,,
Tangerang,Tangerang Pasir Jaya,2026-05-13 22:00:00,139,139,61,,59,63,0,65,,,,,
Bekasi,Bekasi Kayuringin,2026-05-13 22:00:00,89,89,48,,48,13,0,2,,,,,
Jakarta,The Pakubuwono Menteng,2026-05-13 22:08:12,159,159,61,137,,,,,55,30.9,,,
Depok,Cinere - Nafas,2026-05-13 22:07:58,178,178,82,157,,,,,0,0,,,
Bogor,Kabupaten Bogor Leuwiliang,2026-05-13 01:00:00,-,85,46,,4,9,0,80,,,,,
Tangerang,Tangerang Pasir Jaya,2026-05-13 22:00:00,139,139,61,,59,63,0,65,,,,,
Bekasi,Bekasi Kayuringin,2026-05-13 22:00:00,89,89,48,,48,13,0,2,,,,,
Jakarta,The Pakubuwono Menteng,2026-05-13 22:10:12,158,158,61,132,,,,,55,30.9,,,
Depok,Cinere - Nafas,2026-05-13 22:09:57,175,175,77,154,,,,,0,0,,,
Bogor,Kabupaten Bogor Leuwiliang,2026-05-13 01:00:00,-,85,46,,4,9,0,80,,,,,
Tangerang,Tangerang Pasir Jaya,2026-05-13 22:00:00,139,139,61,,59,63,0,65,,,,,
Bekasi,Bekasi Kayuringin,2026-05-13 22:00:00,89,89,48,,48,13,0,2,,,,,
Jakarta,The Pakubuwono Menteng,2026-05-13 22:12:12,158,158,61,140,,,,,55,30.9,,,
Depok,Cinere - Nafas,2026-05-13 22:12:05,177,177,81,157,,,,,0,0,,,
Bogor,Kabupaten Bogor Leuwiliang,2026-05-13 01:00:00,-,85,46,,4,9,0,80,,,,,
Tangerang,Tangerang Pasir Jaya,2026-05-13 22:00:00,139,139,61,,59,63,0,65,,,,,
Bekasi,Bekasi Kayuringin,2026-05-13 22:00:00,89,89,48,,48,13,0,2,,,,,
Jakarta,The Pakubuwono Menteng,2026-05-13 22:12:12,158,158,61,140,,,,,55,30.9,,,
Depok,Cinere - Nafas,2026-05-13 22:12:05,177,177,81,157,,,,,0,0,,,
Bogor,Kabupaten Bogor Leuwiliang,2026-05-13 01:00:00,-,85,46,,4,9,0,80,,,,,
Tangerang,Tangerang Pasir Jaya,2026-05-13 22:00:00,139,139,61,,59,63,0,65,,,,,
Bekasi,Bekasi Kayuringin,2026-05-13 22:00:00,89,89,48,,48,13,0,2,,,,,
Jakarta,The Pakubuwono Menteng,2026-05-13 22:13:12,159,159,61,130,,,,,55,30.9,,,
Depok,Cinere - Nafas,2026-05-13 22:13:02,171,171,73,152,,,,,0,0,,,
Bogor,Kabupaten Bogor Leuwiliang,2026-05-13 01:00:00,-,85,46,,4,9,0,80,,,,,
Tangerang,Tangerang Pasir Jaya,2026-05-13 22:00:00,139,139,61,,59,63,0,65,,,,,
Bekasi,Bekasi Kayuringin,2026-05-13 22:00:00,89,89,48,,48,13,0,2,,,,,
Jakarta,The Pakubuwono Menteng,2026-05-13 22:15:12,156,156,59,129,,,,,55,30.8,,,
Depok,Cinere - Nafas,2026-05-13 22:14:58,171,171,73,153,,,,,0,0,,,
Bogor,Kabupaten Bogor Leuwiliang,2026-05-13 01:00:00,-,85,46,,4,9,0,80,,,,,
Tangerang,Tangerang Pasir Jaya,2026-05-13 22:00:00,139,139,61,,59,63,0,65,,,,,
Bekasi,Bekasi Kayuringin,2026-05-13 22:00:00,89,89,48,,48,13,0,2,,,,,
Jakarta,The Pakubuwono Menteng,2026-05-13 22:15:12,156,156,59,129,,,,,55,30.8,,,
Depok,Cinere - Nafas,2026-05-13 22:14:58,171,171,73,153,,,,,0,0,,,
Bogor,Kabupaten Bogor Leuwiliang,2026-05-13 01:00:00,-,85,46,,4,9,0,80,,,,,
Tangerang,Tangerang Pasir Jaya,2026-05-13 22:00:00,139,139,61,,59,63,0,65,,,,,
Bekasi,Bekasi Kayuringin,2026-05-13 22:00:00,89,89,48,,48,13,0,2,,,,,
Jakarta,The Pakubuwono Menteng,2026-05-13 22:16:12,154,154,59,120,,,,,55,30.8,,,
Depok,Cinere - Nafas,2026-05-13 22:16:01,173,173,74,154,,,,,0,0,,,
Bogor,Kabupaten Bogor Leuwiliang,2026-05-13 01:00:00,-,85,46,,4,9,0,80,,,,,
Tangerang,Tangerang Pasir Jaya,2026-05-13 22:00:00,139,139,61,,59,63,0,65,,,,,
Bekasi,Bekasi Kayuringin,2026-05-13 22:00:00,89,89,48,,48,13,0,2,,,,,
Jakarta,The Pakubuwono Menteng,2026-05-13 22:18:12,156,156,60,126,,,,,55,30.8,,,
Depok,Cinere - Nafas,2026-05-13 22:17:57,168,168,72,151,,,,,0,0,,,
Bogor,Kabupaten Bogor Leuwiliang,2026-05-13 01:00:00,-,85,46,,4,9,0,80,,,,,
Tangerang,Tangerang Pasir Jaya,2026-05-13 22:00:00,139,139,61,,59,63,0,65,,,,,
Bekasi,Bekasi Kayuringin,2026-05-13 22:00:00,89,89,48,,48,13,0,2,,,,,
Jakarta,The Pakubuwono Menteng,2026-05-13 22:20:13,155,155,59,124,,,,,55,30.8,,,
Depok,Cinere - Nafas,2026-05-13 22:19:57,166,166,70,149,,,,,0,0,,,
Bogor,Kabupaten Bogor Leuwiliang,2026-05-13 01:00:00,-,85,46,,4,9,0,80,,,,,
Tangerang,Tangerang Pasir Jaya,2026-05-13 22:00:00,139,139,61,,59,63,0,65,,,,,
Bekasi,Bekasi Kayuringin,2026-05-13 22:00:00,89,89,48,,48,13,0,2,,,,,
Jakarta,The Pakubuwono Menteng,2026-05-13 22:20:13,155,155,59,124,,,,,55,30.8,,,
Depok,Cinere - Nafas,2026-05-13 22:19:57,166,166,70,149,,,,,0,0,,,
Bogor,Kabupaten Bogor Leuwiliang,2026-05-13 01:00:00,-,85,46,,4,9,0,80,,,,,
Tangerang,Tangerang Pasir Jaya,2026-05-13 22:00:00,139,139,61,,59,63,0,65,,,,,
Bekasi,Bekasi Kayuringin,2026-05-13 22:00:00,89,89,48,,48,13,0,2,,,,,
Jakarta,The Pakubuwono Menteng,2026-05-13 22:22:13,158,158,61,130,,,,,55,30.8,,,
Depok,Cinere - Nafas,2026-05-13 22:21:57,165,165,69,144,,,,,0,0,,,
Bogor,Kabupaten Bogor Leuwiliang,2026-05-13 01:00:00,-,85,46,,4,9,0,80,,,,,
Tangerang,Tangerang Pasir Jaya,2026-05-13 22:00:00,139,139,61,,59,63,0,65,,,,,
Bekasi,Bekasi Kayuringin,2026-05-13 22:00:00,89,89,48,,48,13,0,2,,,,,
Jakarta,The Pakubuwono Menteng,2026-05-13 22:24:13,154,154,59,128,,,,,55,30.8,,,
Depok,Cinere - Nafas,2026-05-13 22:23:57,163,163,66,142,,,,,0,0,,,
Bogor,Kabupaten Bogor Leuwiliang,2026-05-13 01:00:00,-,85,46,,4,9,0,80,,,,,
Tangerang,Tangerang Pasir Jaya,2026-05-13 22:00:00,139,139,61,,59,63,0,65,,,,,
Bekasi,Bekasi Kayuringin,2026-05-13 22:00:00,89,89,48,,48,13,0,2,,,,,
Jakarta,The Pakubuwono Menteng,2026-05-13 22:24:13,154,154,59,128,,,,,55,30.8,,,
Depok,Cinere - Nafas,2026-05-13 22:23:57,163,163,66,142,,,,,0,0,,,
Bogor,Kabupaten Bogor Leuwiliang,2026-05-13 01:00:00,-,85,46,,4,9,0,80,,,,,
Tangerang,Tangerang Pasir Jaya,2026-05-13 22:00:00,139,139,61,,59,63,0,65,,,,,
Bekasi,Bekasi Kayuringin,2026-05-13 22:00:00,89,89,48,,48,13,0,2,,,,,
Jakarta,The Pakubuwono Menteng,2026-05-13 22:25:13,153,153,58,115,,,,,55,30.7,,,
Depok,Cinere - Nafas,2026-05-13 22:24:58,164,164,67,141,,,,,0,0,,,
Bogor,Kabupaten Bogor Leuwiliang,2026-05-13 01:00:00,-,85,46,,4,9,0,80,,,,,
Tangerang,Tangerang Pasir Jaya,2026-05-13 22:00:00,139,139,61,,59,63,0,65,,,,,
Bekasi,Bekasi Kayuringin,2026-05-13 22:00:00,89,89,48,,48,13,0,2,,,,,
Jakarta,The Pakubuwono Menteng,2026-05-13 22:25:13,153,153,58,115,,,,,55,30.7,,,
Depok,Cinere - Nafas,2026-05-13 22:24:58,164,164,67,141,,,,,0,0,,,
Bogor,Kabupaten Bogor Leuwiliang,2026-05-13 01:00:00,-,85,46,,4,9,0,80,,,,,
Tangerang,Tangerang Pasir Jaya,2026-05-13 22:00:00,139,139,61,,59,63,0,65,,,,,
Bekasi,Bekasi Kayuringin,2026-05-13 22:00:00,89,89,48,,48,13,0,2,,,,,
Jakarta,The Pakubuwono Menteng,2026-05-13 22:29:13,154,154,59,122,,,,,55,30.8,,,
Depok,Cinere - Nafas,2026-05-13 22:28:58,152,152,58,106,,,,,0,0,,,
Bogor,Kabupaten Bogor Leuwiliang,2026-05-13 01:00:00,-,85,46,,4,9,0,80,,,,,
Tangerang,Tangerang Pasir Jaya,2026-05-13 22:00:00,139,139,61,,59,63,0,65,,,,,
Bekasi,Bekasi Kayuringin,2026-05-13 22:00:00,89,89,48,,48,13,0,2,,,,,
Jakarta,The Pakubuwono Menteng,2026-05-13 22:29:13,154,154,59,122,,,,,55,30.8,,,
Depok,Cinere - Nafas,2026-05-13 22:28:58,152,152,58,106,,,,,0,0,,,
Bogor,Kabupaten Bogor Leuwiliang,2026-05-13 01:00:00,-,85,46,,4,9,0,80,,,,,
Tangerang,Tangerang Pasir Jaya,2026-05-13 22:00:00,139,139,61,,59,63,0,65,,,,,
Bekasi,Bekasi Kayuringin,2026-05-13 22:00:00,89,89,48,,48,13,0,2,,,,,
Jakarta,The Pakubuwono Menteng,2026-05-13 22:31:13,157,157,61,131,,,,,55,30.7,,,
Depok,Cinere - Nafas,2026-05-13 22:30:58,154,154,60,116,,,,,0,0,,,
Bogor,Kabupaten Bogor Leuwiliang,2026-05-13 01:00:00,-,85,46,,4,9,0,80,,,,,
Tangerang,Tangerang Pasir Jaya,2026-05-13 22:00:00,139,139,61,,59,63,0,65,,,,,
Bekasi,Bekasi Kayuringin,2026-05-13 22:00:00,89,89,48,,48,13,0,2,,,,,
Jakarta,The Pakubuwono Menteng,2026-05-13 22:32:13,155,155,59,127,,,,,55,30.7,,,
Depok,Cinere - Nafas,2026-05-13 22:31:58,151,151,58,103,,,,,0,0,,,
Bogor,Kabupaten Bogor Leuwiliang,2026-05-13 01:00:00,-,85,46,,4,9,0,80,,,,,
Tangerang,Tangerang Pasir Jaya,2026-05-13 22:00:00,139,139,61,,59,63,0,65,,,,,
Bekasi,Bekasi Kayuringin,2026-05-13 22:00:00,89,89,48,,48,13,0,2,,,,,
Jakarta,The Pakubuwono Menteng,2026-05-13 22:32:13,155,155,59,127,,,,,55,30.7,,,
Depok,Cinere - Nafas,2026-05-13 22:31:58,151,151,58,103,,,,,0,0,,,
Bogor,Kabupaten Bogor Leuwiliang,2026-05-13 01:00:00,-,85,46,,4,9,0,80,,,,,
Tangerang,Tangerang Pasir Jaya,2026-05-13 22:00:00,139,139,61,,59,63,0,65,,,,,
Bekasi,Bekasi Kayuringin,2026-05-13 22:00:00,89,89,48,,48,13,0,2,,,,,
Jakarta,The Pakubuwono Menteng,2026-05-13 22:33:13,155,155,60,123,,,,,55,30.7,,,
Depok,Cinere - Nafas,2026-05-13 22:32:58,151,151,58,99,,,,,0,0,,,
Bogor,Kabupaten Bogor Leuwiliang,2026-05-13 01:00:00,-,85,46,,4,9,0,80,,,,,
Tangerang,Tangerang Pasir Jaya,2026-05-13 22:00:00,139,139,61,,59,63,0,65,,,,,
Bekasi,Bekasi Kayuringin,2026-05-13 22:00:00,89,89,48,,48,13,0,2,,,,,
Jakarta,The Pakubuwono Menteng,2026-05-13 22:33:13,155,155,60,123,,,,,55,30.7,,,
Depok,Cinere - Nafas,2026-05-13 22:32:58,151,151,58,99,,,,,0,0,,,
Bogor,Kabupaten Bogor Leuwiliang,2026-05-13 01:00:00,-,85,46,,4,9,0,80,,,,,
Tangerang,Tangerang Pasir Jaya,2026-05-13 22:00:00,139,139,61,,59,63,0,65,,,,,
Bekasi,Bekasi Kayuringin,2026-05-13 22:00:00,89,89,48,,48,13,0,2,,,,,
Jakarta,The Pakubuwono Menteng,2026-05-13 22:35:13,153,153,58,117,,,,,55,30.7,,,
Depok,Cinere - Nafas,2026-05-13 22:34:58,149,149,57,99,,,,,0,0,,,
Bogor,Kabupaten Bogor Leuwiliang,2026-05-13 01:00:00,-,85,46,,4,9,0,80,,,,,
Tangerang,Tangerang Pasir Jaya,2026-05-13 22:00:00,139,139,61,,59,63,0,65,,,,,
Bekasi,Bekasi Kayuringin,2026-05-13 22:00:00,89,89,48,,48,13,0,2,,,,,
Jakarta,The Pakubuwono Menteng,2026-05-13 22:36:13,156,156,60,128,,,,,55,30.7,,,
Depok,Cinere - Nafas,2026-05-13 22:36:58,143,143,56,97,,,,,0,0,,,
Bogor,Kabupaten Bogor Leuwiliang,2026-05-13 01:00:00,-,85,46,,4,9,0,80,,,,,
Tangerang,Tangerang Pasir Jaya,2026-05-13 22:00:00,139,139,61,,59,63,0,65,,,,,
Bekasi,Bekasi Kayuringin,2026-05-13 22:00:00,89,89,48,,48,13,0,2,,,,,
Jakarta,The Pakubuwono Menteng,2026-05-13 22:39:13,155,155,59,122,,,,,55,30.7,,,
Depok,Cinere - Nafas,2026-05-13 22:38:58,138,138,54,95,,,,,0,0,,,
Bogor,Kabupaten Bogor Leuwiliang,2026-05-13 01:00:00,-,85,46,,4,9,0,80,,,,,
Tangerang,Tangerang Pasir Jaya,2026-05-13 22:00:00,139,139,61,,59,63,0,65,,,,,
Bekasi,Bekasi Kayuringin,2026-05-13 22:00:00,89,89,48,,48,13,0,2,,,,,
Jakarta,The Pakubuwono Menteng,2026-05-13 22:41:13,153,153,58,120,,,,,55,30.7,,,
Depok,Cinere - Nafas,2026-05-13 22:40:58,130,130,53,89,,,,,0,0,,,
Bogor,Kabupaten Bogor Leuwiliang,2026-05-13 01:00:00,-,85,46,,4,9,0,80,,,,,
Tangerang,Tangerang Pasir Jaya,2026-05-13 22:00:00,139,139,61,,59,63,0,65,,,,,
Bekasi,Bekasi Kayuringin,2026-05-13 22:00:00,89,89,48,,48,13,0,2,,,,,
Jakarta,The Pakubuwono Menteng,2026-05-13 22:41:13,153,153,58,120,,,,,55,30.7,,,
Depok,Cinere - Nafas,2026-05-13 22:40:58,130,130,53,89,,,,,0,0,,,
Bogor,Kabupaten Bogor Leuwiliang,2026-05-13 01:00:00,-,85,46,,4,9,0,80,,,,,
Tangerang,Tangerang Pasir Jaya,2026-05-13 22:00:00,139,139,61,,59,63,0,65,,,,,
Bekasi,Bekasi Kayuringin,2026-05-13 22:00:00,89,89,48,,48,13,0,2,,,,,
Jakarta,The Pakubuwono Menteng,2026-05-13 22:42:13,155,155,58,119,,,,,54,30.7,,,
Depok,Cinere - Nafas,2026-05-13 22:41:58,128,128,52,89,,,,,0,0,,,
Bogor,Kabupaten Bogor Leuwiliang,2026-05-13 01:00:00,-,85,46,,4,9,0,80,,,,,
Tangerang,Tangerang Pasir Jaya,2026-05-13 22:00:00,139,139,61,,59,63,0,65,,,,,
Bekasi,Bekasi Kayuringin,2026-05-13 22:00:00,89,89,48,,48,13,0,2,,,,,
Jakarta,The Pakubuwono Menteng,2026-05-13 22:43:13,153,153,58,113,,,,,54,30.7,,,
Depok,Cinere - Nafas,2026-05-13 22:42:58,122,122,49,86,,,,,0,0,,,
Bogor,Kabupaten Bogor Leuwiliang,2026-05-13 01:00:00,-,85,46,,4,9,0,80,,,,,
Tangerang,Tangerang Pasir Jaya,2026-05-13 22:00:00,139,139,61,,59,63,0,65,,,,,
Bekasi,Bekasi Kayuringin,2026-05-13 22:00:00,89,89,48,,48,13,0,2,,,,,
Jakarta,The Pakubuwono Menteng,2026-05-13 22:43:13,153,153,58,113,,,,,54,30.7,,,
Depok,Cinere - Nafas,2026-05-13 22:42:58,122,122,49,86,,,,,0,0,,,
Bogor,Kabupaten Bogor Leuwiliang,2026-05-13 01:00:00,-,85,46,,4,9,0,80,,,,,
Tangerang,Tangerang Pasir Jaya,2026-05-13 22:00:00,139,139,61,,59,63,0,65,,,,,
Bekasi,Bekasi Kayuringin,2026-05-13 22:00:00,89,89,48,,48,13,0,2,,,,,
Jakarta,The Pakubuwono Menteng,2026-05-13 22:46:13,153,153,59,117,,,,,55,30.7,,,
Depok,Cinere - Nafas,2026-05-13 22:46:58,126,126,51,89,,,,,0,0,,,
Bogor,Kabupaten Bogor Leuwiliang,2026-05-13 01:00:00,-,85,46,,4,9,0,80,,,,,
Tangerang,Tangerang Pasir Jaya,2026-05-13 22:00:00,139,139,61,,59,63,0,65,,,,,
Bekasi,Bekasi Kayuringin,2026-05-13 22:00:00,89,89,48,,48,13,0,2,,,,,
Jakarta,The Pakubuwono Menteng,2026-05-13 22:47:13,153,153,58,118,,,,,55,30.6,,,
Depok,Cinere - Nafas,2026-05-13 22:47:58,154,154,59,109,,,,,0,0,,,
Bogor,Kabupaten Bogor Leuwiliang,2026-05-13 01:00:00,-,85,46,,4,9,0,80,,,,,
Tangerang,Tangerang Pasir Jaya,2026-05-13 22:00:00,139,139,61,,59,63,0,65,,,,,
Bekasi,Bekasi Kayuringin,2026-05-13 22:00:00,89,89,48,,48,13,0,2,,,,,
Jakarta,The Pakubuwono Menteng,2026-05-13 22:47:13,153,153,58,118,,,,,55,30.6,,,
Depok,Cinere - Nafas,2026-05-13 22:49:58,130,130,52,90,,,,,0,0,,,
Bogor,Kabupaten Bogor Leuwiliang,2026-05-13 01:00:00,-,85,46,,4,9,0,80,,,,,
Tangerang,Tangerang Pasir Jaya,2026-05-13 22:00:00,139,139,61,,59,63,0,65,,,,,
Bekasi,Bekasi Kayuringin,2026-05-13 22:00:00,89,89,48,,48,13,0,2,,,,,
Jakarta,The Pakubuwono Menteng,2026-05-13 22:51:13,154,154,58,117,,,,,55,30.6,,,
Depok,Cinere - Nafas,2026-05-13 22:51:58,126,126,50,88,,,,,0,0,,,
Bogor,Kabupaten Bogor Leuwiliang,2026-05-13 01:00:00,-,85,46,,4,9,0,80,,,,,
Tangerang,Tangerang Pasir Jaya,2026-05-13 22:00:00,139,139,61,,59,63,0,65,,,,,
Bekasi,Bekasi Kayuringin,2026-05-13 22:00:00,89,89,48,,48,13,0,2,,,,,
Jakarta,The Pakubuwono Menteng,2026-05-13 22:51:13,154,154,58,117,,,,,55,30.6,,,
Depok,Cinere - Nafas,2026-05-13 22:51:58,126,126,50,88,,,,,0,0,,,
Bogor,Kabupaten Bogor Leuwiliang,2026-05-13 01:00:00,-,85,46,,4,9,0,80,,,,,
Tangerang,Tangerang Pasir Jaya,2026-05-13 22:00:00,139,139,61,,59,63,0,65,,,,,
Bekasi,Bekasi Kayuringin,2026-05-13 22:00:00,89,89,48,,48,13,0,2,,,,,
Jakarta,The Pakubuwono Menteng,2026-05-13 22:52:13,154,154,58,114,,,,,55,30.6,,,
Depok,Cinere - Nafas,2026-05-13 22:52:58,126,126,51,87,,,,,0,0,,,
Bogor,Kabupaten Bogor Leuwiliang,2026-05-13 01:00:00,-,85,46,,4,9,0,80,,,,,
Tangerang,Tangerang Pasir Jaya,2026-05-13 22:00:00,139,139,61,,59,63,0,65,,,,,
Bekasi,Bekasi Kayuringin,2026-05-13 22:00:00,89,89,48,,48,13,0,2,,,,,
Jakarta,The Pakubuwono Menteng,2026-05-13 22:53:13,152,152,58,118,,,,,55,30.6,,,
Depok,Cinere - Nafas,2026-05-13 22:53:58,123,123,50,88,,,,,0,0,,,
Bogor,Kabupaten Bogor Leuwiliang,2026-05-13 01:00:00,-,85,46,,4,9,0,80,,,,,
Tangerang,Tangerang Pasir Jaya,2026-05-13 22:00:00,139,139,61,,59,63,0,65,,,,,
Bekasi,Bekasi Kayuringin,2026-05-13 22:00:00,89,89,48,,48,13,0,2,,,,,
Jakarta,The Pakubuwono Menteng,2026-05-13 22:55:13,154,154,58,119,,,,,55,30.6,,,
Depok,Cinere - Nafas,2026-05-13 22:55:58,122,122,50,87,,,,,0,0,,,
Bogor,Kabupaten Bogor Leuwiliang,2026-05-13 01:00:00,-,85,46,,4,9,0,80,,,,,
Tangerang,Tangerang Pasir Jaya,2026-05-13 22:00:00,139,139,61,,59,63,0,65,,,,,
Bekasi,Bekasi Kayuringin,2026-05-13 22:00:00,89,89,48,,48,13,0,2,,,,,
Jakarta,The Pakubuwono Menteng,2026-05-13 22:55:13,154,154,58,119,,,,,55,30.6,,,
Depok,Cinere - Nafas,2026-05-13 22:55:58,122,122,50,87,,,,,0,0,,,
Bogor,Kabupaten Bogor Leuwiliang,2026-05-13 01:00:00,-,85,46,,4,9,0,80,,,,,
Tangerang,Tangerang Pasir Jaya,2026-05-13 22:00:00,139,139,61,,59,63,0,65,,,,,
Bekasi,Bekasi Kayuringin,2026-05-13 22:00:00,89,89,48,,48,13,0,2,,,,,
Jakarta,The Pakubuwono Menteng,2026-05-13 22:57:13,153,153,57,113,,,,,55,30.6,,,
Depok,Cinere - Nafas,2026-05-13 22:57:58,125,125,51,87,,,,,0,0,,,
Bogor,Kabupaten Bogor Leuwiliang,2026-05-13 01:00:00,-,85,46,,4,9,0,80,,,,,
Tangerang,Tangerang Pasir Jaya,2026-05-13 22:00:00,139,139,61,,59,63,0,65,,,,,
Bekasi,Bekasi Kayuringin,2026-05-13 22:00:00,89,89,48,,48,13,0,2,,,,,
Jakarta,The Pakubuwono Menteng,2026-05-13 22:57:13,153,153,57,113,,,,,55,30.6,,,
Depok,Cinere - Nafas,2026-05-13 22:58:58,125,125,51,88,,,,,0,0,,,
Bogor,Kabupaten Bogor Leuwiliang,2026-05-13 01:00:00,-,85,46,,4,9,0,80,,,,,
Tangerang,Tangerang Pasir Jaya,2026-05-13 22:00:00,139,139,61,,59,63,0,65,,,,,
Bekasi,Bekasi Kayuringin,2026-05-13 22:00:00,89,89,48,,48,13,0,2,,,,,
Jakarta,The Pakubuwono Menteng,2026-05-13 23:00:13,152,152,57,112,,,,,55,30.5,,,
Depok,Cinere - Nafas,2026-05-13 23:00:58,122,122,49,85,,,,,0,0,,,
Bogor,Kabupaten Bogor Leuwiliang,2026-05-13 01:00:00,-,85,46,,4,9,0,80,,,,,
Tangerang,Tangerang Pasir Jaya,2026-05-13 22:00:00,139,139,61,,59,63,0,65,,,,,
Bekasi,Bekasi Kayuringin,2026-05-13 22:00:00,89,89,48,,48,13,0,2,,,,,
Jakarta,The Pakubuwono Menteng,2026-05-13 23:00:13,152,152,57,112,,,,,55,30.5,,,
Depok,Cinere - Nafas,2026-05-13 23:00:58,122,122,49,85,,,,,0,0,,,
Bogor,Kabupaten Bogor Leuwiliang,2026-05-13 01:00:00,-,85,46,,4,9,0,80,,,,,
Tangerang,Tangerang Pasir Jaya,2026-05-13 22:00:00,139,139,61,,59,63,0,65,,,,,
Bekasi,Bekasi Kayuringin,2026-05-13 22:00:00,89,89,48,,48,13,0,2,,,,,
Jakarta,The Pakubuwono Menteng,2026-05-13 23:02:13,152,152,58,115,,,,,55,30.5,,,
Depok,Cinere - Nafas,2026-05-13 23:02:58,121,121,48,86,,,,,0,0,,,
Bogor,Kabupaten Bogor Leuwiliang,2026-05-13 01:00:00,-,85,46,,4,9,0,80,,,,,
Tangerang,Tangerang Pasir Jaya,2026-05-13 22:00:00,139,139,61,,59,63,0,65,,,,,
Bekasi,Bekasi Kayuringin,2026-05-13 22:00:00,89,89,48,,48,13,0,2,,,,,
Jakarta,The Pakubuwono Menteng,2026-05-13 23:03:17,154,154,58,125,,,,,55,30.5,,,
Depok,Cinere - Nafas,2026-05-13 23:03:58,122,122,50,85,,,,,0,0,,,
Bogor,Kabupaten Bogor Leuwiliang,2026-05-13 01:00:00,-,85,46,,4,9,0,80,,,,,
Tangerang,Tangerang Pasir Jaya,2026-05-13 22:00:00,139,139,61,,59,63,0,65,,,,,
Bekasi,Bekasi Kayuringin,2026-05-13 22:00:00,89,89,48,,48,13,0,2,,,,,
Depok,Cinere - Nafas,2026-05-13 23:05:58,121,121,50,87,,,,,0,0,,,
Bogor,Kabupaten Bogor Leuwiliang,2026-05-13 01:00:00,-,85,46,,4,9,0,80,,,,,
Tangerang,Tangerang Pasir Jaya,2026-05-13 23:00:00,134,134,60,,59,63,0,65,,,,,
Bekasi,Bekasi Kayuringin,2026-05-13 23:00:00,87,87,47,,49,13,0,2,,,,,
Jakarta,The Pakubuwono Menteng,2026-05-13 23:05:13,152,152,57,112,,,,,55,30.5,,,
Depok,Cinere - Nafas,2026-05-13 23:06:58,116,116,49,85,,,,,0,0,,,
Bogor,Kabupaten Bogor Leuwiliang,2026-05-13 01:00:00,-,85,46,,4,9,0,80,,,,,
Tangerang,Tangerang Pasir Jaya,2026-05-13 23:00:00,134,134,60,,59,63,0,65,,,,,
Bekasi,Bekasi Kayuringin,2026-05-13 23:00:00,87,87,47,,49,13,0,2,,,,,
Jakarta,The Pakubuwono Menteng,2026-05-13 23:06:13,153,153,59,115,,,,,55,30.5,,,
Depok,Cinere - Nafas,2026-05-13 23:06:58,116,116,49,85,,,,,0,0,,,
Bogor,Kabupaten Bogor Leuwiliang,2026-05-13 01:00:00,-,85,46,,4,9,0,80,,,,,
Tangerang,Tangerang Pasir Jaya,2026-05-13 23:00:00,134,134,60,,59,63,0,65,,,,,
Bekasi,Bekasi Kayuringin,2026-05-13 23:00:00,87,87,47,,49,13,0,2,,,,,
Jakarta,The Pakubuwono Menteng,2026-05-13 23:08:13,154,154,59,117,,,,,55,30.5,,,
Depok,Cinere - Nafas,2026-05-13 23:08:58,117,117,47,83,,,,,0,0,,,
Bogor,Kabupaten Bogor Leuwiliang,2026-05-13 01:00:00,-,85,46,,4,9,0,80,,,,,
Tangerang,Tangerang Pasir Jaya,2026-05-13 23:00:00,134,134,60,,59,63,0,65,,,,,
Bekasi,Bekasi Kayuringin,2026-05-13 23:00:00,87,87,47,,49,13,0,2,,,,,
Jakarta,The Pakubuwono Menteng,2026-05-13 23:10:14,153,153,58,112,,,,,55,30.5,,,
Depok,Cinere - Nafas,2026-05-13 23:10:58,121,121,50,86,,,,,0,0,,,
Bogor,Kabupaten Bogor Leuwiliang,2026-05-13 01:00:00,-,85,46,,4,9,0,80,,,,,
Tangerang,Tangerang Pasir Jaya,2026-05-13 23:00:00,134,134,60,,59,63,0,65,,,,,
Bekasi,Bekasi Kayuringin,2026-05-13 23:00:00,87,87,47,,49,13,0,2,,,,,
Jakarta,The Pakubuwono Menteng,2026-05-13 23:10:14,153,153,58,112,,,,,55,30.5,,,
Depok,Cinere - Nafas,2026-05-13 23:10:58,121,121,50,86,,,,,0,0,,,
Bogor,Kabupaten Bogor Leuwiliang,2026-05-13 01:00:00,-,85,46,,4,9,0,80,,,,,
Tangerang,Tangerang Pasir Jaya,2026-05-13 23:00:00,134,134,60,,59,63,0,65,,,,,
Bekasi,Bekasi Kayuringin,2026-05-13 23:00:00,87,87,47,,49,13,0,2,,,,,
Jakarta,The Pakubuwono Menteng,2026-05-13 23:12:14,153,153,59,120,,,,,55,30.5,,,
Depok,Cinere - Nafas,2026-05-13 23:12:58,118,118,48,84,,,,,0,0,,,
Bogor,Kabupaten Bogor Leuwiliang,2026-05-13 01:00:00,-,85,46,,4,9,0,80,,,,,
Tangerang,Tangerang Pasir Jaya,2026-05-13 23:00:00,134,134,60,,59,63,0,65,,,,,
Bekasi,Bekasi Kayuringin,2026-05-13 23:00:00,87,87,47,,49,13,0,2,,,,,
Jakarta,The Pakubuwono Menteng,2026-05-13 23:12:14,153,153,59,120,,,,,55,30.5,,,
Depok,Cinere - Nafas,2026-05-13 23:12:58,118,118,48,84,,,,,0,0,,,
Bogor,Kabupaten Bogor Leuwiliang,2026-05-13 01:00:00,-,85,46,,4,9,0,80,,,,,
Tangerang,Tangerang Pasir Jaya,2026-05-13 23:00:00,134,134,60,,59,63,0,65,,,,,
Bekasi,Bekasi Kayuringin,2026-05-13 23:00:00,87,87,47,,49,13,0,2,,,,,
Jakarta,The Pakubuwono Menteng,2026-05-13 23:13:14,151,151,58,115,,,,,56,30.4,,,
Depok,Cinere - Nafas,2026-05-13 23:13:58,118,118,48,85,,,,,0,0,,,
Bogor,Kabupaten Bogor Leuwiliang,2026-05-13 01:00:00,-,85,46,,4,9,0,80,,,,,
Tangerang,Tangerang Pasir Jaya,2026-05-13 23:00:00,134,134,60,,59,63,0,65,,,,,
Bekasi,Bekasi Kayuringin,2026-05-13 23:00:00,87,87,47,,49,13,0,2,,,,,
Jakarta,The Pakubuwono Menteng,2026-05-13 23:15:14,151,151,57,114,,,,,56,30.4,,,
Depok,Cinere - Nafas,2026-05-13 23:17:58,118,118,48,84,,,,,0,0,,,
Bogor,Kabupaten Bogor Leuwiliang,2026-05-13 01:00:00,-,85,46,,4,9,0,80,,,,,
Tangerang,Tangerang Pasir Jaya,2026-05-13 23:00:00,134,134,60,,59,63,0,65,,,,,
Bekasi,Bekasi Kayuringin,2026-05-13 23:00:00,87,87,47,,49,13,0,2,,,,,
Jakarta,The Pakubuwono Menteng,2026-05-13 23:17:18,150,150,56,110,,,,,56,30.4,,,
Depok,Cinere - Nafas,2026-05-13 23:17:58,118,118,48,84,,,,,0,0,,,
Bogor,Kabupaten Bogor Leuwiliang,2026-05-13 01:00:00,-,85,46,,4,9,0,80,,,,,
Tangerang,Tangerang Pasir Jaya,2026-05-13 23:00:00,134,134,60,,59,63,0,65,,,,,
Bekasi,Bekasi Kayuringin,2026-05-13 23:00:00,87,87,47,,49,13,0,2,,,,,
Jakarta,The Pakubuwono Menteng,2026-05-13 23:18:14,151,151,56,108,,,,,55,30.4,,,
Depok,Cinere - Nafas,2026-05-13 23:18:58,117,117,47,83,,,,,0,0,,,
Bogor,Kabupaten Bogor Leuwiliang,2026-05-13 01:00:00,-,85,46,,4,9,0,80,,,,,
Tangerang,Tangerang Pasir Jaya,2026-05-13 23:00:00,134,134,60,,59,63,0,65,,,,,
Bekasi,Bekasi Kayuringin,2026-05-13 23:00:00,87,87,47,,49,13,0,2,,,,,
Jakarta,The Pakubuwono Menteng,2026-05-13 23:18:14,151,151,56,108,,,,,55,30.4,,,
Depok,Cinere - Nafas,2026-05-13 23:18:58,117,117,47,83,,,,,0,0,,,
Bogor,Kabupaten Bogor Leuwiliang,2026-05-13 01:00:00,-,85,46,,4,9,0,80,,,,,
Tangerang,Tangerang Pasir Jaya,2026-05-13 23:00:00,134,134,60,,59,63,0,65,,,,,
Bekasi,Bekasi Kayuringin,2026-05-13 23:00:00,87,87,47,,49,13,0,2,,,,,
Jakarta,The Pakubuwono Menteng,2026-05-13 23:20:14,146,146,56,100,,,,,55,30.5,,,
Depok,Cinere - Nafas,2026-05-13 23:20:59,117,117,49,85,,,,,0,0,,,
Bogor,Kabupaten Bogor Leuwiliang,2026-05-13 01:00:00,-,85,46,,4,9,0,80,,,,,
Tangerang,Tangerang Pasir Jaya,2026-05-13 23:00:00,134,134,60,,59,63,0,65,,,,,
Bekasi,Bekasi Kayuringin,2026-05-13 23:00:00,87,87,47,,49,13,0,2,,,,,
Jakarta,The Pakubuwono Menteng,2026-05-13 23:22:14,151,151,57,111,,,,,55,30.5,,,
Depok,Cinere - Nafas,2026-05-13 23:22:59,119,119,48,86,,,,,0,0,,,
Bogor,Kabupaten Bogor Leuwiliang,2026-05-13 01:00:00,-,85,46,,4,9,0,80,,,,,
Tangerang,Tangerang Pasir Jaya,2026-05-13 23:00:00,134,134,60,,59,63,0,65,,,,,
Bekasi,Bekasi Kayuringin,2026-05-13 23:00:00,87,87,47,,49,13,0,2,,,,,
Jakarta,The Pakubuwono Menteng,2026-05-13 23:22:14,151,151,57,111,,,,,55,30.5,,,
Depok,Cinere - Nafas,2026-05-13 23:22:59,119,119,48,86,,,,,0,0,,,
Bogor,Kabupaten Bogor Leuwiliang,2026-05-13 01:00:00,-,85,46,,4,9,0,80,,,,,
Tangerang,Tangerang Pasir Jaya,2026-05-13 23:00:00,134,134,60,,59,63,0,65,,,,,
Bekasi,Bekasi Kayuringin,2026-05-13 23:00:00,87,87,47,,49,13,0,2,,,,,
Jakarta,The Pakubuwono Menteng,2026-05-13 23:23:14,151,151,56,108,,,,,55,30.5,,,
Depok,Cinere - Nafas,2026-05-13 23:23:59,118,118,48,83,,,,,0,0,,,
Bogor,Kabupaten Bogor Leuwiliang,2026-05-13 01:00:00,-,85,46,,4,9,0,80,,,,,
Tangerang,Tangerang Pasir Jaya,2026-05-13 23:00:00,134,134,60,,59,63,0,65,,,,,
Bekasi,Bekasi Kayuringin,2026-05-13 23:00:00,87,87,47,,49,13,0,2,,,,,
Jakarta,The Pakubuwono Menteng,2026-05-13 23:25:14,148,148,56,106,,,,,55,30.4,,,
Depok,Cinere - Nafas,2026-05-13 23:25:59,123,123,50,84,,,,,0,0,,,
Bogor,Kabupaten Bogor Leuwiliang,2026-05-13 01:00:00,-,85,46,,4,9,0,80,,,,,
Tangerang,Tangerang Pasir Jaya,2026-05-13 23:00:00,134,134,60,,59,63,0,65,,,,,
Bekasi,Bekasi Kayuringin,2026-05-13 23:00:00,87,87,47,,49,13,0,2,,,,,
Jakarta,The Pakubuwono Menteng,2026-05-13 23:25:14,148,148,56,106,,,,,55,30.4,,,
Depok,Cinere - Nafas,2026-05-13 23:26:59,122,122,49,85,,,,,0,0,,,
Bogor,Kabupaten Bogor Leuwiliang,2026-05-13 01:00:00,-,85,46,,4,9,0,80,,,,,
Tangerang,Tangerang Pasir Jaya,2026-05-13 23:00:00,134,134,60,,59,63,0,65,,,,,
Bekasi,Bekasi Kayuringin,2026-05-13 23:00:00,87,87,47,,49,13,0,2,,,,,
Jakarta,The Pakubuwono Menteng,2026-05-13 23:29:14,146,146,56,105,,,,,56,30.5,,,
Depok,Cinere - Nafas,2026-05-13 23:28:59,123,123,50,90,,,,,0,0,,,
Bogor,Kabupaten Bogor Leuwiliang,2026-05-13 01:00:00,-,85,46,,4,9,0,80,,,,,
Tangerang,Tangerang Pasir Jaya,2026-05-13 23:00:00,134,134,60,,59,63,0,65,,,,,
Bekasi,Bekasi Kayuringin,2026-05-13 23:00:00,87,87,47,,49,13,0,2,,,,,
Jakarta,The Pakubuwono Menteng,2026-05-13 23:29:14,146,146,56,105,,,,,56,30.5,,,
Depok,Cinere - Nafas,2026-05-13 23:28:59,123,123,50,90,,,,,0,0,,,
Bogor,Kabupaten Bogor Leuwiliang,2026-05-13 01:00:00,-,85,46,,4,9,0,80,,,,,
Tangerang,Tangerang Pasir Jaya,2026-05-13 23:00:00,134,134,60,,59,63,0,65,,,,,
Bekasi,Bekasi Kayuringin,2026-05-13 23:00:00,87,87,47,,49,13,0,2,,,,,
Jakarta,The Pakubuwono Menteng,2026-05-13 23:30:14,149,149,56,108,,,,,56,30.4,,,
Depok,Cinere - Nafas,2026-05-13 23:30:59,132,132,53,89,,,,,0,0,,,
Bogor,Kabupaten Bogor Leuwiliang,2026-05-13 01:00:00,-,85,46,,4,9,0,80,,,,,
Tangerang,Tangerang Pasir Jaya,2026-05-13 23:00:00,134,134,60,,59,63,0,65,,,,,
Bekasi,Bekasi Kayuringin,2026-05-13 23:00:00,87,87,47,,49,13,0,2,,,,,
Jakarta,The Pakubuwono Menteng,2026-05-13 23:32:14,150,150,56,106,,,,,56,30.4,,,
Depok,Cinere - Nafas,2026-05-13 23:31:59,131,131,53,90,,,,,0,0,,,
Bogor,Kabupaten Bogor Leuwiliang,2026-05-13 01:00:00,-,85,46,,4,9,0,80,,,,,
Tangerang,Tangerang Pasir Jaya,2026-05-13 23:00:00,134,134,60,,59,63,0,65,,,,,
Bekasi,Bekasi Kayuringin,2026-05-13 23:00:00,87,87,47,,49,13,0,2,,,,,
Jakarta,The Pakubuwono Menteng,2026-05-13 23:32:14,150,150,56,106,,,,,56,30.4,,,
Depok,Cinere - Nafas,2026-05-13 23:31:59,131,131,53,90,,,,,0,0,,,
Bogor,Kabupaten Bogor Leuwiliang,2026-05-13 01:00:00,-,85,46,,4,9,0,80,,,,,
Tangerang,Tangerang Pasir Jaya,2026-05-13 23:00:00,134,134,60,,59,63,0,65,,,,,
Bekasi,Bekasi Kayuringin,2026-05-13 23:00:00,87,87,47,,49,13,0,2,,,,,
Jakarta,The Pakubuwono Menteng,2026-05-13 23:34:15,147,147,56,106,,,,,55,30.5,,,
Depok,Cinere - Nafas,2026-05-13 23:33:59,135,135,53,94,,,,,0,0,,,
Bogor,Kabupaten Bogor Leuwiliang,2026-05-13 01:00:00,-,85,46,,4,9,0,80,,,,,
Tangerang,Tangerang Pasir Jaya,2026-05-13 23:00:00,134,134,60,,59,63,0,65,,,,,
Bekasi,Bekasi Kayuringin,2026-05-13 23:00:00,87,87,47,,49,13,0,2,,,,,
Jakarta,The Pakubuwono Menteng,2026-05-13 23:35:14,142,142,55,101,,,,,55,30.5,,,
Depok,Cinere - Nafas,2026-05-13 23:34:59,151,151,57,107,,,,,0,0,,,
Bogor,Kabupaten Bogor Leuwiliang,2026-05-13 01:00:00,-,85,46,,4,9,0,80,,,,,
Tangerang,Tangerang Pasir Jaya,2026-05-13 23:00:00,134,134,60,,59,63,0,65,,,,,
Bekasi,Bekasi Kayuringin,2026-05-13 23:00:00,87,87,47,,49,13,0,2,,,,,
Jakarta,The Pakubuwono Menteng,2026-05-13 23:35:14,142,142,55,101,,,,,55,30.5,,,
Depok,Cinere - Nafas,2026-05-13 23:34:59,151,151,57,107,,,,,0,0,,,
Bogor,Kabupaten Bogor Leuwiliang,2026-05-13 01:00:00,-,85,46,,4,9,0,80,,,,,
Tangerang,Tangerang Pasir Jaya,2026-05-13 23:00:00,134,134,60,,59,63,0,65,,,,,
Bekasi,Bekasi Kayuringin,2026-05-13 23:00:00,87,87,47,,49,13,0,2,,,,,
Jakarta,The Pakubuwono Menteng,2026-05-13 23:37:14,135,135,53,96,,,,,55,30.5,,,
Depok,Cinere - Nafas,2026-05-13 23:38:59,163,163,66,145,,,,,0,0,,,
Bogor,Kabupaten Bogor Leuwiliang,2026-05-13 01:00:00,-,85,46,,4,9,0,80,,,,,
Tangerang,Tangerang Pasir Jaya,2026-05-13 23:00:00,134,134,60,,59,63,0,65,,,,,
Bekasi,Bekasi Kayuringin,2026-05-13 23:00:00,87,87,47,,49,13,0,2,,,,,
Jakarta,The Pakubuwono Menteng,2026-05-13 23:39:14,137,137,54,97,,,,,55,30.6,,,
Depok,Cinere - Nafas,2026-05-13 23:38:59,163,163,66,145,,,,,0,0,,,
Bogor,Kabupaten Bogor Leuwiliang,2026-05-13 01:00:00,-,85,46,,4,9,0,80,,,,,
Tangerang,Tangerang Pasir Jaya,2026-05-13 23:00:00,134,134,60,,59,63,0,65,,,,,
Bekasi,Bekasi Kayuringin,2026-05-13 23:00:00,87,87,47,,49,13,0,2,,,,,
Jakarta,The Pakubuwono Menteng,2026-05-13 23:40:14,133,133,52,95,,,,,55,30.6,,,
Depok,Cinere - Nafas,2026-05-13 23:39:59,161,161,63,140,,,,,0,0,,,
Bogor,Kabupaten Bogor Leuwiliang,2026-05-13 01:00:00,-,85,46,,4,9,0,80,,,,,
Tangerang,Tangerang Pasir Jaya,2026-05-13 23:00:00,134,134,60,,59,63,0,65,,,,,
Bekasi,Bekasi Kayuringin,2026-05-13 23:00:00,87,87,47,,49,13,0,2,,,,,
Jakarta,The Pakubuwono Menteng,2026-05-13 23:40:14,133,133,52,95,,,,,55,30.6,,,
Depok,Cinere - Nafas,2026-05-13 23:39:59,161,161,63,140,,,,,0,0,,,
Bogor,Kabupaten Bogor Leuwiliang,2026-05-13 01:00:00,-,85,46,,4,9,0,80,,,,,
Tangerang,Tangerang Pasir Jaya,2026-05-13 23:00:00,134,134,60,,59,63,0,65,,,,,
Bekasi,Bekasi Kayuringin,2026-05-13 23:00:00,87,87,47,,49,13,0,2,,,,,
Jakarta,The Pakubuwono Menteng,2026-05-13 23:42:15,128,128,51,94,,,,,55,30.6,,,
Depok,Cinere - Nafas,2026-05-13 23:41:59,159,159,62,133,,,,,0,0,,,
Bogor,Kabupaten Bogor Leuwiliang,2026-05-13 01:00:00,-,85,46,,4,9,0,80,,,,,
Tangerang,Tangerang Pasir Jaya,2026-05-13 23:00:00,134,134,60,,59,63,0,65,,,,,
Bekasi,Bekasi Kayuringin,2026-05-13 23:00:00,87,87,47,,49,13,0,2,,,,,
Jakarta,The Pakubuwono Menteng,2026-05-13 23:44:15,129,129,51,92,,,,,55,30.6,,,
Depok,Cinere - Nafas,2026-05-13 23:43:59,163,163,64,140,,,,,0,0,,,
Bogor,Kabupaten Bogor Leuwiliang,2026-05-13 01:00:00,-,85,46,,4,9,0,80,,,,,
Tangerang,Tangerang Pasir Jaya,2026-05-13 23:00:00,134,134,60,,59,63,0,65,,,,,
Bekasi,Bekasi Kayuringin,2026-05-13 23:00:00,87,87,47,,49,13,0,2,,,,,
Jakarta,The Pakubuwono Menteng,2026-05-13 23:46:15,141,141,54,102,,,,,55,30.7,,,
Depok,Cinere - Nafas,2026-05-13 23:45:59,171,171,73,153,,,,,0,0,,,
Bogor,Kabupaten Bogor Leuwiliang,2026-05-13 01:00:00,-,85,46,,4,9,0,80,,,,,
Tangerang,Tangerang Pasir Jaya,2026-05-13 23:00:00,134,134,60,,59,63,0,65,,,,,
Bekasi,Bekasi Kayuringin,2026-05-13 23:00:00,87,87,47,,49,13,0,2,,,,,
Jakarta,The Pakubuwono Menteng,2026-05-13 23:46:15,141,141,54,102,,,,,55,30.7,,,
Depok,Cinere - Nafas,2026-05-13 23:45:59,171,171,73,153,,,,,0,0,,,
Bogor,Kabupaten Bogor Leuwiliang,2026-05-13 01:00:00,-,85,46,,4,9,0,80,,,,,
Tangerang,Tangerang Pasir Jaya,2026-05-13 23:00:00,134,134,60,,59,63,0,65,,,,,
Bekasi,Bekasi Kayuringin,2026-05-13 23:00:00,87,87,47,,49,13,0,2,,,,,
Jakarta,The Pakubuwono Menteng,2026-05-13 23:47:15,151,151,57,111,,,,,55,30.7,,,
Depok,Cinere - Nafas,2026-05-13 23:46:59,170,170,73,154,,,,,0,0,,,
Bogor,Kabupaten Bogor Leuwiliang,2026-05-13 01:00:00,-,85,46,,4,9,0,80,,,,,
Tangerang,Tangerang Pasir Jaya,2026-05-13 23:00:00,134,134,60,,59,63,0,65,,,,,
Bekasi,Bekasi Kayuringin,2026-05-13 23:00:00,87,87,47,,49,13,0,2,,,,,
Jakarta,The Pakubuwono Menteng,2026-05-13 23:49:15,152,152,57,113,,,,,55,30.7,,,
Depok,Cinere - Nafas,2026-05-13 23:48:59,174,174,79,155,,,,,0,0,,,
Bogor,Kabupaten Bogor Leuwiliang,2026-05-13 01:00:00,-,85,46,,4,9,0,80,,,,,
Tangerang,Tangerang Pasir Jaya,2026-05-13 23:00:00,134,134,60,,59,63,0,65,,,,,
Bekasi,Bekasi Kayuringin,2026-05-13 23:00:00,87,87,47,,49,13,0,2,,,,,
Jakarta,The Pakubuwono Menteng,2026-05-13 23:50:15,148,148,56,106,,,,,54,30.7,,,
Depok,Cinere - Nafas,2026-05-13 23:49:59,172,172,76,154,,,,,0,0,,,
Bogor,Kabupaten Bogor Leuwiliang,2026-05-13 01:00:00,-,85,46,,4,9,0,80,,,,,
Tangerang,Tangerang Pasir Jaya,2026-05-13 23:00:00,134,134,60,,59,63,0,65,,,,,
Bekasi,Bekasi Kayuringin,2026-05-13 23:00:00,87,87,47,,49,13,0,2,,,,,
Jakarta,The Pakubuwono Menteng,2026-05-13 23:52:15,138,138,54,97,,,,,55,30.7,,,
Depok,Cinere - Nafas,2026-05-13 23:51:59,171,171,75,153,,,,,0,0,,,
Bogor,Kabupaten Bogor Leuwiliang,2026-05-13 01:00:00,-,85,46,,4,9,0,80,,,,,
Tangerang,Tangerang Pasir Jaya,2026-05-13 23:00:00,134,134,60,,59,63,0,65,,,,,
Bekasi,Bekasi Kayuringin,2026-05-13 23:00:00,87,87,47,,49,13,0,2,,,,,
Jakarta,The Pakubuwono Menteng,2026-05-13 23:53:15,138,138,54,96,,,,,54,30.7,,,
Depok,Cinere - Nafas,2026-05-13 23:52:59,168,168,72,152,,,,,0,0,,,
Bogor,Kabupaten Bogor Leuwiliang,2026-05-13 01:00:00,-,85,46,,4,9,0,80,,,,,
Tangerang,Tangerang Pasir Jaya,2026-05-13 23:00:00,134,134,60,,59,63,0,65,,,,,
Bekasi,Bekasi Kayuringin,2026-05-13 23:00:00,87,87,47,,49,13,0,2,,,,,
Jakarta,The Pakubuwono Menteng,2026-05-13 23:53:15,138,138,54,96,,,,,54,30.7,,,
Depok,Cinere - Nafas,2026-05-13 23:52:59,168,168,72,152,,,,,0,0,,,
Bogor,Kabupaten Bogor Leuwiliang,2026-05-13 01:00:00,-,85,46,,4,9,0,80,,,,,
Tangerang,Tangerang Pasir Jaya,2026-05-13 23:00:00,134,134,60,,59,63,0,65,,,,,
Bekasi,Bekasi Kayuringin,2026-05-13 23:00:00,87,87,47,,49,13,0,2,,,,,
Jakarta,The Pakubuwono Menteng,2026-05-13 23:55:15,140,140,54,98,,,,,55,30.7,,,
Depok,Cinere - Nafas,2026-05-13 23:54:59,176,176,80,157,,,,,0,0,,,
Bogor,Kabupaten Bogor Leuwiliang,2026-05-13 01:00:00,-,85,46,,4,9,0,80,,,,,
Tangerang,Tangerang Pasir Jaya,2026-05-13 23:00:00,134,134,60,,59,63,0,65,,,,,
Bekasi,Bekasi Kayuringin,2026-05-13 23:00:00,87,87,47,,49,13,0,2,,,,,
Jakarta,The Pakubuwono Menteng,2026-05-13 23:56:15,151,151,57,113,,,,,54,30.7,,,
Depok,Cinere - Nafas,2026-05-13 23:55:59,174,174,77,155,,,,,0,0,,,
Bogor,Kabupaten Bogor Leuwiliang,2026-05-13 01:00:00,-,85,46,,4,9,0,80,,,,,
Tangerang,Tangerang Pasir Jaya,2026-05-13 23:00:00,134,134,60,,59,63,0,65,,,,,
Bekasi,Bekasi Kayuringin,2026-05-13 23:00:00,87,87,47,,49,13,0,2,,,,,
